match_key,count
+REL_POINTER(DOMAIN:OPEN_SANCTIONS|MIN:OCCUPANCY|MAX:),298965
+REL_POINTER(DOMAIN:OPEN_SANCTIONS|MIN:|MAX:OCCUPANCY),272854
+NAME+NATIONALITY,48047
+REL_POINTER(DOMAIN:OPEN_SANCTIONS|MIN:|MAX:FAMILY),18100
+NAME,17315
+REL_POINTER(DOMAIN:OPEN_SANCTIONS|MIN:FAMILY|MAX:),16395
+REL_POINTER(DOMAIN:OPEN_SANCTIONS|MIN:OWNERSHIP|MAX:),13295
+REL_POINTER(DOMAIN:OPEN_SANCTIONS|MIN:|MAX:OWNERSHIP),12269
+ADDRESS,11691
+TAX_ID+NATIONALITY,6342
+ADDRESS+REGISTRATION_COUNTRY-TAX_ID-NATIONAL_ID-REGISTRATION_DATE,3654
+REL_POINTER(DOMAIN:OPEN_SANCTIONS|MIN:FAMILY|MAX:FAMILY),3627
+ADDRESS+REL_POINTER(DOMAIN:OPEN_SANCTIONS|MIN:|MAX:DIRECTORSHIP)-RECORD_TYPE,2998
+ADDRESS+REL_POINTER(DOMAIN:OPEN_SANCTIONS|MIN:DIRECTORSHIP|MAX:)-RECORD_TYPE,2584
+REL_POINTER(DOMAIN:OPEN_SANCTIONS|MIN:OTHER LINK|MAX:),2415
+REL_POINTER(DOMAIN:OPEN_SANCTIONS|MIN:|MAX:OTHER LINK),1694
+NATIONAL_ID+NATIONALITY,1678
+ADDRESS+CITIZENSHIP+NATIONALITY-DOB-TRUSTED_ID,1619
+REL_POINTER(DOMAIN:OPEN_SANCTIONS|MIN:ASSOCIATE|MAX:),1387
+REL_POINTER(DOMAIN:OPEN_SANCTIONS|MIN:|MAX:OWNED OR CONTROLLED BY),1227
+NAME+REGISTRATION_DATE+REGISTRATION_COUNTRY-ADDRESS-TAX_ID-NATIONAL_ID,1073
+ADDRESS+NATIONALITY,994
+REL_POINTER(DOMAIN:OPEN_SANCTIONS|MIN:|MAX:MEMBERSHIP),951
+ADDRESS+REGISTRATION_COUNTRY,916
+REL_POINTER(DOMAIN:OPEN_SANCTIONS|MIN:SHAREHOLDER OF|MAX:),895
+ADDRESS-REGISTRATION_DATE,861
+REL_POINTER(DOMAIN:OPEN_SANCTIONS|MIN:OWNED OR CONTROLLED BY|MAX:),838
"+REL_POINTER(DOMAIN:OPEN_SANCTIONS|MIN:CLASSIFICATION SOCIETY,RELATED RECOGNISED ORGANIZATION|MAX:)",814
+REL_POINTER(DOMAIN:OPEN_SANCTIONS|MIN:|MAX:ASSOCIATE),777
+REL_POINTER(DOMAIN:OPEN_SANCTIONS|MIN:SECRETARY OF|MAX:),724
+OTHER_ID-RECORD_TYPE,708
+ADDRESS-NATIONAL_ID,659
+REL_POINTER(DOMAIN:OPEN_SANCTIONS|MIN:DIRECTOR OF|MAX:),635
+REL_POINTER(DOMAIN:OPEN_SANCTIONS|MIN:|MAX:SHAREHOLDER OF),632
+REL_POINTER(DOMAIN:OPEN_SANCTIONS|MIN:|MAX:SECRETARY OF),619
+ADDRESS+REGISTRATION_COUNTRY-NATIONAL_ID-REGISTRATION_DATE,610
+REL_POINTER(DOMAIN:OPEN_SANCTIONS|MIN:|MAX:DIRECTOR OF),606
+ADDRESS+NATIONALITY-DOB,561
+REL_POINTER(DOMAIN:OPEN_SANCTIONS|MIN:DIRECTORSHIP|MAX:),538
+NAME+REGISTRATION_COUNTRY,530
+REL_POINTER(DOMAIN:OPEN_SANCTIONS|MIN:|MAX:DIRECTORSHIP),527
+REL_POINTER(DOMAIN:OPEN_SANCTIONS|MIN:INTERMEDIARY OF|MAX:),482
+ADDRESS-RECORD_TYPE,482
+REL_POINTER(DOMAIN:OPEN_SANCTIONS|MIN:RELATED RECOGNISED ORGANIZATION|MAX:),473
"+REL_POINTER(DOMAIN:OPEN_SANCTIONS|MIN:|MAX:JUDICIAL REPRESENTATIVE OF,LEGAL REPRESENTATIVE OF)",465
+REL_POINTER(DOMAIN:OPEN_SANCTIONS|MIN:MEMBERSHIP|MAX:),434
"+REL_POINTER(DOMAIN:OPEN_SANCTIONS|MIN:|MAX:CLASSIFICATION SOCIETY,RELATED RECOGNISED ORGANIZATION)",430
+REL_POINTER(DOMAIN:OPEN_SANCTIONS|MIN:PROVIDING SUPPORT TO|MAX:),407
+REL_POINTER(DOMAIN:OPEN_SANCTIONS|MIN:|MAX:PROVIDING SUPPORT TO),407
+NAME+ADDRESS+REGISTRATION_COUNTRY-TAX_ID-NATIONAL_ID-REGISTRATION_DATE,395
+REL_POINTER(DOMAIN:OPEN_SANCTIONS|MIN:|MAX:ГЕНЕРАЛЬНЫЙ ДИРЕКТОР),379
+LIKELY_NAME+ADDRESS+REGISTRATION_COUNTRY-TAX_ID-NATIONAL_ID-REGISTRATION_DATE,374
+REL_POINTER(DOMAIN:OPEN_SANCTIONS|MIN:|MAX:ΔΙΕΥΘΥΝΤΉΣ),368
+REL_POINTER(DOMAIN:OPEN_SANCTIONS|MIN:|MAX:ACTING FOR OR ON BEHALF OF),359
+REL_POINTER(DOMAIN:OPEN_SANCTIONS|MIN:ACTING FOR OR ON BEHALF OF|MAX:),353
+ADDRESS+CITIZENSHIP+NATIONALITY-DOB-GENDER-TRUSTED_ID,333
+LIKELY_NAME+ADDRESS,304
"+REL_POINTER(DOMAIN:OPEN_SANCTIONS|MIN:JUDICIAL REPRESENTATIVE OF,LEGAL REPRESENTATIVE OF|MAX:)",296
+NAME+CITIZENSHIP,296
+REL_POINTER(DOMAIN:OPEN_SANCTIONS|MIN:ГЕНЕРАЛЬНЫЙ ДИРЕКТОР|MAX:),285
+NAME+REL_POINTER(DOMAIN:OPEN_SANCTIONS|MIN:OWNERSHIP|MAX:),281
+NATIONAL_ID-RECORD_TYPE,247
+NAME+REL_POINTER(DOMAIN:OPEN_SANCTIONS|MIN:|MAX:OWNERSHIP),245
+REL_POINTER(DOMAIN:OPEN_SANCTIONS|MIN:|MAX:RELATED RECOGNISED ORGANIZATION),243
+NAME+REL_POINTER(DOMAIN:OPEN_SANCTIONS|MIN:FAMILY|MAX:),243
+NAME+REL_POINTER(DOMAIN:OPEN_SANCTIONS|MIN:|MAX:FAMILY),239
+REL_POINTER(DOMAIN:OPEN_SANCTIONS|MIN:|MAX:ΓΡΑΜΜΑΤΈΑΣ),210
+NAME+REGISTRATION_DATE-ADDRESS,210
+ADDRESS+REGISTRATION_COUNTRY-NATIONAL_ID-REGISTRATION_DATE-LEI_NUMBER,209
+REL_POINTER(DOMAIN:OPEN_SANCTIONS|MIN:IS ULTIMATELY CONSOLIDATED BY|MAX:),201
+REL_POINTER(DOMAIN:OPEN_SANCTIONS|MIN:|MAX:JEDNATEL),196
+NAME+DOB+NATIONALITY,196
+REL_POINTER(DOMAIN:OPEN_SANCTIONS|MIN:|MAX:COMPANY),195
+ADDRESS+REGISTRATION_COUNTRY-TAX_ID-NATIONAL_ID,189
+REL_POINTER(DOMAIN:OPEN_SANCTIONS|MIN:|MAX:IS ULTIMATELY CONSOLIDATED BY),188
+ADDRESS-NATIONAL_ID-REGISTRATION_DATE,184
+REL_POINTER(DOMAIN:OPEN_SANCTIONS|MIN:|MAX:ČLEN PŘEDSTAVENSTVA),184
+REL_POINTER(DOMAIN:OPEN_SANCTIONS|MIN:COMPANY|MAX:),182
"+REL_POINTER(DOMAIN:OPEN_SANCTIONS|MIN:OWNED OR CONTROLLED BY,OWNERSHIP|MAX:)",174
+ADDRESS+REGISTRATION_COUNTRY-NATIONAL_ID,172
+NAME+DOB+CITIZENSHIP+NATIONALITY-TRUSTED_ID,172
+NAME+REGISTRATION_COUNTRY-TAX_ID-NATIONAL_ID-REGISTRATION_DATE,171
+ADDRESS+REGISTRATION_DATE+REGISTRATION_COUNTRY-TAX_ID-NATIONAL_ID,165
+REL_POINTER(DOMAIN:OPEN_SANCTIONS|MIN:PROPERTY IN THE INTEREST OF|MAX:),162
+REL_POINTER(DOMAIN:OPEN_SANCTIONS|MIN:|MAX:SUCCESSION),160
+OTHER_ID-ADDRESS-NATIONAL_ID,158
+REL_POINTER(DOMAIN:OPEN_SANCTIONS|MIN:|MAX:PROPERTY IN THE INTEREST OF),157
+REL_POINTER(DOMAIN:OPEN_SANCTIONS|MIN:SUCCESSION|MAX:),156
+OTHER_ID-ADDRESS-NATIONAL_ID-REGISTRATION_DATE,154
+NAME+DOB+NATIONALITY+PLACE_OF_BIRTH,149
"+REL_POINTER(DOMAIN:OPEN_SANCTIONS|MIN:DIRECTOR OF,SHAREHOLDER OF|MAX:)",147
+OTHER_ID-DOB,147
+NAME+ADDRESS (Ambiguous),146
+REL_POINTER(DOMAIN:OPEN_SANCTIONS|MIN:IS SIGNATORY FOR|MAX:),138
+TAX_ID+REGISTRATION_COUNTRY,137
+REL_POINTER(DOMAIN:OPEN_SANCTIONS|MIN:VICE\-PRESIDENT OF|MAX:),134
+NAME+DOB+NATIONALITY-TRUSTED_ID,133
"+REL_POINTER(DOMAIN:OPEN_SANCTIONS|MIN:|MAX:OWNED OR CONTROLLED BY,OWNERSHIP)",131
+ADDRESS+REGISTRATION_COUNTRY-TAX_ID-NATIONAL_ID-REGISTRATION_DATE-LEI_NUMBER,130
+ADDRESS+REGISTRATION_COUNTRY+REL_POINTER(DOMAIN:OPEN_SANCTIONS|MIN:|MAX:OWNERSHIP)-TAX_ID-NATIONAL_ID-REGISTRATION_DATE,128
+REL_POINTER(DOMAIN:OPEN_SANCTIONS|MIN:|MAX:IS SIGNATORY FOR),125
+REL_POINTER(DOMAIN:OPEN_SANCTIONS|MIN:|MAX:РЕКТОР),121
+REL_POINTER(DOMAIN:OPEN_SANCTIONS|MIN:AUDITOR|MAX:),120
+REL_POINTER(DOMAIN:OPEN_SANCTIONS|MIN:|MAX:LEADER OR OFFICIAL OF),117
+REL_POINTER(DOMAIN:OPEN_SANCTIONS|MIN:CLASSIFICATION SOCIETY|MAX:),117
+REL_POINTER(DOMAIN:OPEN_SANCTIONS|MIN:|MAX:VICE\-PRESIDENT OF),115
+REL_POINTER(DOMAIN:OPEN_SANCTIONS|MIN:|MAX:AUDITOR OF),115
+REL_POINTER(DOMAIN:OPEN_SANCTIONS|MIN:|MAX:CONNECTED TO),114
"+REL_POINTER(DOMAIN:OPEN_SANCTIONS|MIN:COMMERCIAL SHIP MANAGER,SHIP SAFETY MANAGEMENT MANAGER|MAX:)",113
"+REL_POINTER(DOMAIN:OPEN_SANCTIONS|MIN:|MAX:COMMERCIAL SHIP MANAGER,SHIP SAFETY MANAGEMENT MANAGER)",112
"+REL_POINTER(DOMAIN:OPEN_SANCTIONS|MIN:|MAX:DIRECTOR OF,SHAREHOLDER OF)",111
+REL_POINTER(DOMAIN:OPEN_SANCTIONS|MIN:|MAX:INTERMEDIARY OF),110
"+REL_POINTER(DOMAIN:OPEN_SANCTIONS|MIN:|MAX:JUDICIAL REPRESENTATIVE OF,LEGAL REPRESENTATIVE OF,SHAREHOLDER OF)",109
+REL_POINTER(DOMAIN:OPEN_SANCTIONS|MIN:CONNECTED TO|MAX:),105
+ADDRESS+REGISTRATION_COUNTRY+REL_POINTER(DOMAIN:OPEN_SANCTIONS|MIN:OWNERSHIP|MAX:)-TAX_ID-NATIONAL_ID-REGISTRATION_DATE,105
+WEBSITE+CITIZENSHIP+NATIONALITY-DOB-TRUSTED_ID,104
+OTHER_ID+REGISTRATION_COUNTRY-ADDRESS-TAX_ID-NATIONAL_ID-REGISTRATION_DATE,104
+OTHER_ID-ADDRESS,103
+REL_POINTER(DOMAIN:OPEN_SANCTIONS|MIN:|MAX:AUDITOR),100
"+REL_POINTER(DOMAIN:OPEN_SANCTIONS|MIN:|MAX:DIRECTOR OF,IS SIGNATORY FOR)",98
+NAME+DOB,97
+ADDRESS-TAX_ID-NATIONAL_ID,97
+PHONE+CITIZENSHIP+NATIONALITY-DOB-TRUSTED_ID,97
+ADDRESS+CITIZENSHIP+NATIONALITY-DOB-PASSPORT-TRUSTED_ID,96
+NAME+REGISTRATION_DATE+REGISTRATION_COUNTRY-NATIONAL_ID,94
+REL_POINTER(DOMAIN:OPEN_SANCTIONS|MIN:BENEFICIAL OWNER OF|MAX:),93
+REL_POINTER(DOMAIN:OPEN_SANCTIONS|MIN:LEADER OR OFFICIAL OF|MAX:),91
+ADDRESS+CITIZENSHIP+NATIONALITY+PLACE_OF_BIRTH-DOB-TRUSTED_ID,90
"+REL_POINTER(DOMAIN:OPEN_SANCTIONS|MIN:|MAX:OWNERSHIP,ГЕНЕРАЛЬНЫЙ ДИРЕКТОР)",89
+ADDRESS+NATIONALITY-DOB-NPI_NUMBER,87
+NAME+OTHER_ID-ADDRESS,87
+REL_POINTER(DOMAIN:OPEN_SANCTIONS|MIN:|MAX:BENEFICIAL OWNER OF),86
+PHONE+NATIONALITY,84
"+REL_POINTER(DOMAIN:OPEN_SANCTIONS|MIN:OWNERSHIP,ГЕНЕРАЛЬНЫЙ ДИРЕКТОР|MAX:)",82
"+REL_POINTER(DOMAIN:OPEN_SANCTIONS|MIN:DIRECTOR OF,IS SIGNATORY FOR|MAX:)",81
+ADDRESS+NATIONALITY-DOB-NATIONAL_ID,79
"+REL_POINTER(DOMAIN:OPEN_SANCTIONS|MIN:JUDICIAL REPRESENTATIVE OF,LEGAL REPRESENTATIVE OF,SHAREHOLDER OF|MAX:)",78
+REL_POINTER(DOMAIN:OPEN_SANCTIONS|MIN:|MAX:IS DIRECTLY CONSOLIDATED BY),71
+PHONE+CITIZENSHIP+NATIONALITY-DOB-GENDER-TRUSTED_ID,71
"+REL_POINTER(DOMAIN:OPEN_SANCTIONS|MIN:SECRETARY OF,SHAREHOLDER OF|MAX:)",71
+OTHER_ID,71
+ADDRESS+REL_POINTER(DOMAIN:OPEN_SANCTIONS|MIN:OWNERSHIP|MAX:)-REGISTRATION_DATE,70
+REL_POINTER(DOMAIN:OPEN_SANCTIONS|MIN:COMMERCIAL SHIP MANAGER|MAX:SHIPOWNER),67
+ADDRESS-DOB,67
+REL_POINTER(DOMAIN:OPEN_SANCTIONS|MIN:SHIPOWNER|MAX:COMMERCIAL SHIP MANAGER),61
+REL_POINTER(DOMAIN:OPEN_SANCTIONS|MIN:|MAX:KEY OPERATIVE),60
+ADDRESS+REGISTRATION_COUNTRY-REGISTRATION_DATE,60
"+REL_POINTER(DOMAIN:OPEN_SANCTIONS|MIN:DIRECTOR OF,VICE\-PRESIDENT OF|MAX:)",57
+REL_POINTER(DOMAIN:OPEN_SANCTIONS|MIN:РЕКТОР|MAX:),57
+NAME+ADDRESS+REGISTRATION_COUNTRY-NATIONAL_ID,56
+REL_POINTER(DOMAIN:OPEN_SANCTIONS|MIN:IS DIRECTLY CONSOLIDATED BY|MAX:),56
+ADDRESS-LEI_NUMBER,55
+ADDRESS+REGISTRATION_DATE+REGISTRATION_COUNTRY-NATIONAL_ID,53
+ADDRESS+CITIZENSHIP+NATIONALITY-DOB,53
+NAME+REGISTRATION_DATE+REGISTRATION_COUNTRY,53
"+REL_POINTER(DOMAIN:OPEN_SANCTIONS|MIN:|MAX:DIRECTOR OF,VICE\-PRESIDENT OF)",51
+NAME+DOB-TRUSTED_ID,50
+NAME+DOB+CITIZENSHIP+NATIONALITY+PLACE_OF_BIRTH-TRUSTED_ID,50
+NATIONAL_ID,48
+REL_POINTER(DOMAIN:OPEN_SANCTIONS|MIN:CAPTAIN|MAX:),48
+REL_POINTER(DOMAIN:OPEN_SANCTIONS|MIN:|MAX:CLASSIFICATION SOCIETY),48
+NAME+ADDRESS+REGISTRATION_COUNTRY+REL_POINTER(DOMAIN:OPEN_SANCTIONS|MIN:OWNERSHIP|MAX:)-TAX_ID-NATIONAL_ID-REGISTRATION_DATE,47
"+REL_POINTER(DOMAIN:OPEN_SANCTIONS|MIN:OWNED OR CONTROLLED BY,SHIPOWNER|MAX:COMMERCIAL SHIP MANAGER,SHIP SAFETY MANAGEMENT MANAGER)",46
+NAME+DOB+CITIZENSHIP-TRUSTED_ID,44
+OTHER_ID-ADDRESS-REGISTRATION_DATE,44
+REL_POINTER(DOMAIN:OPEN_SANCTIONS|MIN:AUDITOR OF|MAX:),44
+REL_POINTER(DOMAIN:OPEN_SANCTIONS|MIN:|MAX:НАЧАЛЬНИК),44
+ADDRESS+REGISTRATION_DATE,44
+NAME+ADDRESS+REL_POINTER(DOMAIN:OPEN_SANCTIONS|MIN:DIRECTORSHIP|MAX:)-RECORD_TYPE,44
+NAME+ADDRESS-REGISTRATION_DATE,43
+REL_POINTER(DOMAIN:OPEN_SANCTIONS|MIN:|MAX:ДИРЕКТОР),43
+LIKELY_NAME+ADDRESS+CITIZENSHIP+NATIONALITY-DOB-TRUSTED_ID,43
+LIKELY_NAME+ADDRESS+REGISTRATION_COUNTRY-NATIONAL_ID,42
+REL_POINTER(DOMAIN:OPEN_SANCTIONS|MIN:ДИРЕКТОР|MAX:),42
+REL_POINTER(DOMAIN:OPEN_SANCTIONS|MIN:|MAX:MÍSTOPŘEDSEDA PŘEDSTAVENSTVA),41
+OTHER_ID-DOB-GENDER,41
+REL_POINTER(DOMAIN:OPEN_SANCTIONS|MIN:ΔΙΕΥΘΥΝΤΉΣ|MAX:),41
+ADDRESS-TAX_ID,40
+REL_POINTER(DOMAIN:OPEN_SANCTIONS|MIN:|MAX:PŘEDSEDA PŘEDSTAVENSTVA),40
+NAME+ADDRESS+REGISTRATION_COUNTRY-TAX_ID-NATIONAL_ID,40
+OTHER_ID-NATIONAL_ID-RECORD_TYPE,40
+WEBSITE,40
+NAME-NATIONAL_ID,40
+OTHER_ID-TAX_ID-RECORD_TYPE,39
+ADDRESS+REL_POINTER(DOMAIN:OPEN_SANCTIONS|MIN:|MAX:OWNERSHIP)-REGISTRATION_DATE,39
+REL_POINTER(DOMAIN:OPEN_SANCTIONS|MIN:НАЧАЛЬНИК|MAX:),37
"+REL_POINTER(DOMAIN:OPEN_SANCTIONS|MIN:DIRECTOR OF,PRESIDENT OF|MAX:)",37
+OTHER_ID-ADDRESS-TAX_ID-NATIONAL_ID,37
"+REL_POINTER(DOMAIN:OPEN_SANCTIONS|MIN:PROPERTY IN THE INTEREST OF,SHIPOWNER|MAX:COMMERCIAL SHIP MANAGER)",37
+NAME+ADDRESS+REGISTRATION_DATE+REGISTRATION_COUNTRY-TAX_ID-NATIONAL_ID,37
+ADDRESS+REL_POINTER(DOMAIN:OPEN_SANCTIONS|MIN:OWNERSHIP|MAX:),36
+REL_POINTER(DOMAIN:OPEN_SANCTIONS|MIN:SHIP SAFETY MANAGEMENT MANAGER|MAX:),35
"+REL_POINTER(DOMAIN:OPEN_SANCTIONS|MIN:DIRECTORSHIP,OWNERSHIP|MAX:)",35
+NAME-REGISTRATION_DATE,35
"+REL_POINTER(DOMAIN:OPEN_SANCTIONS|MIN:|MAX:DIRECTOR OF,PRESIDENT OF)",35
+ADDRESS+REGISTRATION_COUNTRY-NATIONAL_ID-LEI_NUMBER,34
+REL_POINTER(DOMAIN:OPEN_SANCTIONS|MIN:|MAX:APPLEBY ASSIGNED ATTORNEY),34
+REL_POINTER(DOMAIN:OPEN_SANCTIONS|MIN:|MAX:SHIP SAFETY MANAGEMENT MANAGER),34
+LIKELY_NAME+ADDRESS-REGISTRATION_DATE,34
+REL_POINTER(DOMAIN:OPEN_SANCTIONS|MIN:|MAX:CAPTAIN),33
+WEBSITE+CITIZENSHIP+NATIONALITY-DOB-GENDER-TRUSTED_ID,33
+NAME+REGISTRATION_COUNTRY-TAX_ID-NATIONAL_ID,33
+REL_POINTER(DOMAIN:OPEN_SANCTIONS|MIN:ČLEN PŘEDSTAVENSTVA|MAX:),32
+NAME+ADDRESS+REL_POINTER(DOMAIN:OPEN_SANCTIONS|MIN:|MAX:DIRECTORSHIP)-RECORD_TYPE,32
+OTHER_ID-ADDRESS-TAX_ID-NATIONAL_ID-REGISTRATION_DATE,32
"+REL_POINTER(DOMAIN:OPEN_SANCTIONS|MIN:|MAX:IS ULTIMATELY CONSOLIDATED BY,OWNERSHIP)",31
"+REL_POINTER(DOMAIN:OPEN_SANCTIONS|MIN:PROPERTY IN THE INTEREST OF|MAX:COMMERCIAL SHIP MANAGER,SHIP SAFETY MANAGEMENT MANAGER)",30
+NAME+ADDRESS+REGISTRATION_COUNTRY+REL_POINTER(DOMAIN:OPEN_SANCTIONS|MIN:|MAX:OWNERSHIP)-TAX_ID-NATIONAL_ID-REGISTRATION_DATE,30
+NAME+REGISTRATION_DATE+REGISTRATION_COUNTRY-TAX_ID-NATIONAL_ID,29
+LIKELY_NAME+TAX_ID+NATIONALITY,29
+NAME+REGISTRATION_DATE,28
+WEBSITE+NATIONALITY,28
+REL_POINTER(DOMAIN:OPEN_SANCTIONS|MIN:|MAX:RIGHT TO APPOINT AND REMOVE DIRECTORS),27
+REL_POINTER(DOMAIN:OPEN_SANCTIONS|MIN:|MAX:FOUNDER),27
+REL_POINTER(DOMAIN:OPEN_SANCTIONS|MIN:|MAX:РУКОВОДИТЕЛЬ),26
+REL_POINTER(DOMAIN:OPEN_SANCTIONS|MIN:ΓΡΑΜΜΑΤΈΑΣ|MAX:),26
+NAME-LEI_NUMBER,25
+LIKELY_NAME+ADDRESS+REGISTRATION_COUNTRY-NATIONAL_ID-LEI_NUMBER,25
+REL_POINTER(DOMAIN:OPEN_SANCTIONS|MIN:OWNERSHIP|MAX:OWNERSHIP),25
+REL_POINTER(DOMAIN:OPEN_SANCTIONS|MIN:|MAX:OWNERSHIP OF SHARES 75 TO 100 PERCENT),25
+ADDRESS+REGISTRATION_DATE-NATIONAL_ID,25
+REL_POINTER(DOMAIN:OPEN_SANCTIONS|MIN:|MAX:COMMERCIAL SHIP MANAGER),25
+ADDRESS+REGISTRATION_COUNTRY-TAX_ID,25
+REL_POINTER(DOMAIN:OPEN_SANCTIONS|MIN:РУКОВОДИТЕЛЬ|MAX:),24
"+REL_POINTER(DOMAIN:OPEN_SANCTIONS|MIN:IS ULTIMATELY CONSOLIDATED BY,OWNERSHIP|MAX:)",24
+REL_POINTER(DOMAIN:OPEN_SANCTIONS|MIN:COMMERCIAL SHIP MANAGER|MAX:),24
+LIKELY_NAME+ADDRESS+REGISTRATION_DATE+REGISTRATION_COUNTRY-TAX_ID-NATIONAL_ID,23
+LIKELY_NAME+TAX_ID+REGISTRATION_COUNTRY,23
+ADDRESS+PHONE+REGISTRATION_COUNTRY-NATIONAL_ID-REGISTRATION_DATE-LEI_NUMBER,23
"+REL_POINTER(DOMAIN:OPEN_SANCTIONS|MIN:SHIPOWNER|MAX:COMMERCIAL SHIP MANAGER,SHIP SAFETY MANAGEMENT MANAGER)",23
+REL_POINTER(DOMAIN:OPEN_SANCTIONS|MIN:|MAX:ČLEN DOZORČÍ RADY),23
"+REL_POINTER(DOMAIN:OPEN_SANCTIONS|MIN:|MAX:OWNS\, CONTROLS\, OR OPERATES)",22
+LIKELY_NAME+ADDRESS+REGISTRATION_COUNTRY-TAX_ID,22
+REL_POINTER(DOMAIN:OPEN_SANCTIONS|MIN:APPLEBY ASSIGNED ATTORNEY|MAX:),22
+EMAIL+NATIONALITY,22
"+REL_POINTER(DOMAIN:OPEN_SANCTIONS|MIN:|MAX:COMPANY,OTHER LINK)",21
+NAME+DOB+PLACE_OF_BIRTH,21
+REL_POINTER(DOMAIN:OPEN_SANCTIONS|MIN:|MAX:PLAYING A SIGNIFICANT ROLE IN),21
+ADDRESS-NATIONAL_ID-REGISTRATION_DATE-LEI_NUMBER,21
+WEBSITE+REL_POINTER(DOMAIN:OPEN_SANCTIONS|MIN:|MAX:OWNERSHIP),21
+LIKELY_NAME+ADDRESS+REGISTRATION_COUNTRY-TAX_ID-NATIONAL_ID,21
"+REL_POINTER(DOMAIN:OPEN_SANCTIONS|MIN:IS DIRECTLY CONSOLIDATED BY,IS ULTIMATELY CONSOLIDATED BY|MAX:)",21
+ADDRESS+CITIZENSHIP+NATIONALITY+PLACE_OF_BIRTH-DOB-GENDER-TRUSTED_ID,20
+ADDRESS-TAX_ID-RECORD_TYPE,20
+NAME+ADDRESS-RECORD_TYPE,20
"+ADDRESS+REGISTRATION_COUNTRY+REL_POINTER(DOMAIN:OPEN_SANCTIONS|MIN:|MAX:OWNED OR CONTROLLED BY,OWNERSHIP)-TAX_ID-NATIONAL_ID-REGISTRATION_DATE",20
"+REL_POINTER(DOMAIN:OPEN_SANCTIONS|MIN:COMMERCIAL SHIP MANAGER,SHIP SAFETY MANAGEMENT MANAGER|MAX:OWNED OR CONTROLLED BY,SHIPOWNER)",20
+WEBSITE+REL_POINTER(DOMAIN:OPEN_SANCTIONS|MIN:OWNERSHIP|MAX:),20
"+REL_POINTER(DOMAIN:OPEN_SANCTIONS|MIN:|MAX:IS SIGNATORY FOR,VICE\-PRESIDENT OF)",20
"+REL_POINTER(DOMAIN:OPEN_SANCTIONS|MIN:IS SIGNATORY FOR,VICE\-PRESIDENT OF|MAX:)",19
+ADDRESS+CITIZENSHIP+NATIONALITY-DOB-TAX_ID,19
"+REL_POINTER(DOMAIN:OPEN_SANCTIONS|MIN:|MAX:APPLEBY ASSIGNED ATTORNEY,DIRECTOR OF)",18
+ADDRESS+REGISTRATION_COUNTRY+REL_POINTER(DOMAIN:OPEN_SANCTIONS|MIN:SUCCESSION|MAX:)-TAX_ID-NATIONAL_ID-REGISTRATION_DATE,18
+PNAME+ADDRESS+CITIZENSHIP+NATIONALITY-DOB-TRUSTED_ID,18
+NAME+CITIZENSHIP+NATIONALITY,18
+REL_POINTER(DOMAIN:OPEN_SANCTIONS|MIN:ULTIMATE BENEFICIAL OWNER OF|MAX:),18
+REL_POINTER(DOMAIN:OPEN_SANCTIONS|MIN:PLAYING A SIGNIFICANT ROLE IN|MAX:),18
"+REL_POINTER(DOMAIN:OPEN_SANCTIONS|MIN:OWNS\, CONTROLS\, OR OPERATES|MAX:)",18
+NAME+ADDRESS-NATIONAL_ID,17
+ADDRESS+PHONE+WEBSITE+CITIZENSHIP+NATIONALITY-DOB,17
+ADDRESS+REL_POINTER(DOMAIN:OPEN_SANCTIONS|MIN:|MAX:OWNERSHIP),17
+PHONE+CITIZENSHIP+NATIONALITY+PLACE_OF_BIRTH-DOB-TRUSTED_ID,17
"+REL_POINTER(DOMAIN:OPEN_SANCTIONS|MIN:COMMERCIAL SHIP MANAGER|MAX:PROPERTY IN THE INTEREST OF,SHIPOWNER)",17
"+REL_POINTER(DOMAIN:OPEN_SANCTIONS|MIN:COMMERCIAL SHIP MANAGER,SHIP SAFETY MANAGEMENT MANAGER|MAX:SHIPOWNER)",17
+REL_POINTER(DOMAIN:OPEN_SANCTIONS|MIN:|MAX:ΒΟΗΘΌΣ ΓΡΑΜΜΑΤΈΑΣ),17
+REL_POINTER(DOMAIN:OPEN_SANCTIONS|MIN:|MAX:CHAIRMAN OF),17
"+REL_POINTER(DOMAIN:OPEN_SANCTIONS|MIN:COMMERCIAL SHIP MANAGER,SHIP SAFETY MANAGEMENT MANAGER|MAX:PROPERTY IN THE INTEREST OF,SHIPOWNER)",17
+ADDRESS+CITIZENSHIP+NATIONALITY-DOB-NATIONAL_ID,17
+OTHER_ID-TAX_ID-NATIONAL_ID-RECORD_TYPE,17
+NAME+ADDRESS+REGISTRATION_COUNTRY-TAX_ID,16
+REL_POINTER(DOMAIN:OPEN_SANCTIONS|MIN:|MAX:ČLEN),16
+REL_POINTER(DOMAIN:OPEN_SANCTIONS|MIN:PRINCIPAL EXECUTIVE OFFICER|MAX:),16
+OTHER_ID-ADDRESS-TAX_ID-REGISTRATION_DATE,16
+NAME+WEBSITE+CITIZENSHIP+NATIONALITY-DOB-TRUSTED_ID,16
+REL_POINTER(DOMAIN:OPEN_SANCTIONS|MIN:|MAX:OWNERSHIP OF SHARES 25 TO 50 PERCENT),16
"+REL_POINTER(DOMAIN:OPEN_SANCTIONS|MIN:DIRECTOR OF,PRESIDENT OF,VICE\-PRESIDENT OF|MAX:)",16
+REL_POINTER(DOMAIN:OPEN_SANCTIONS|MIN:C/O|MAX:),16
+ADDRESS+CITIZENSHIP+NATIONALITY-TRUSTED_ID,16
+NAME+ADDRESS+REGISTRATION_COUNTRY+REL_POINTER(DOMAIN:OPEN_SANCTIONS|MIN:|MAX:SUCCESSION)-TAX_ID-NATIONAL_ID-REGISTRATION_DATE,16
+LIKELY_NAME+ADDRESS+REGISTRATION_COUNTRY,16
+NAME+NATIONALITY+PLACE_OF_BIRTH,16
"+REL_POINTER(DOMAIN:OPEN_SANCTIONS|MIN:IS DIRECTLY CONSOLIDATED BY,OWNERSHIP|MAX:)",16
+ADDRESS-TAX_ID-NATIONAL_ID-REGISTRATION_DATE,15
+LIKELY_NAME+WEBSITE,15
+ADDRESS+NATIONALITY-DOB-NATIONAL_ID-NPI_NUMBER,15
+NAME+REGISTRATION_DATE+REGISTRATION_COUNTRY-ADDRESS-NATIONAL_ID,15
+REL_POINTER(DOMAIN:OPEN_SANCTIONS|MIN:RIGHT TO APPOINT AND REMOVE DIRECTORS|MAX:),15
"+REL_POINTER(DOMAIN:OPEN_SANCTIONS|MIN:|MAX:IS DIRECTLY CONSOLIDATED BY,IS ULTIMATELY CONSOLIDATED BY)",15
+NAME+REL_POINTER(DOMAIN:OPEN_SANCTIONS|MIN:|MAX:OWNERSHIP)-LEI_NUMBER,15
+REL_POINTER(DOMAIN:OPEN_SANCTIONS|MIN:|MAX:SIGNIFICANT INFLUENCE OR CONTROL),15
+NAME+DOB+CITIZENSHIP+PLACE_OF_BIRTH-TRUSTED_ID,15
"+REL_POINTER(DOMAIN:OPEN_SANCTIONS|MIN:COMPANY,OTHER LINK|MAX:)",15
+ADDRESS-TAX_ID-REGISTRATION_DATE,15
"+REL_POINTER(DOMAIN:OPEN_SANCTIONS|MIN:COMMERCIAL SHIP MANAGER,SHIP SAFETY MANAGEMENT MANAGER|MAX:PROPERTY IN THE INTEREST OF)",15
+REL_POINTER(DOMAIN:OPEN_SANCTIONS|MIN:BENEFICIARY OF|MAX:),14
+REL_POINTER(DOMAIN:OPEN_SANCTIONS|MIN:ПРЕДСЕДАТЕЛЬ ПРАВЛЕНИЯ|MAX:),14
"+REL_POINTER(DOMAIN:OPEN_SANCTIONS|MIN:|MAX:OWNERSHIP,ДИРЕКТОР)",14
+NAME+ADDRESS+REL_POINTER(DOMAIN:OPEN_SANCTIONS|MIN:OWNERSHIP|MAX:)-REGISTRATION_DATE,14
"+REL_POINTER(DOMAIN:OPEN_SANCTIONS|MIN:AFFILIATE,OWNERSHIP|MAX:)",14
+ADDRESS+PHONE+NATIONALITY+PLACE_OF_BIRTH,14
+REL_POINTER(DOMAIN:OPEN_SANCTIONS|MIN:РУКОВОДИТЕЛЬ УПРАВЛЕНИЯ|MAX:),14
+REL_POINTER(DOMAIN:OPEN_SANCTIONS|MIN:|MAX:ПРЕЗИДЕНТ),14
+REL_POINTER(DOMAIN:OPEN_SANCTIONS|MIN:|MAX:НАЧАЛЬНИК УПРАВЛЕНИЯ),14
+WEBSITE-DOB-TRUSTED_ID,14
+LIKELY_NAME+ADDRESS+REGISTRATION_COUNTRY+REL_POINTER(DOMAIN:OPEN_SANCTIONS|MIN:OWNERSHIP|MAX:)-TAX_ID-NATIONAL_ID-REGISTRATION_DATE,14
"+ADDRESS+REGISTRATION_COUNTRY+REL_POINTER(DOMAIN:OPEN_SANCTIONS|MIN:OWNED OR CONTROLLED BY,OWNERSHIP|MAX:)-TAX_ID-NATIONAL_ID-REGISTRATION_DATE",13
+ADDRESS+REL_POINTER(DOMAIN:OPEN_SANCTIONS|MIN:|MAX:OWNED OR CONTROLLED BY)-RECORD_TYPE,13
+LIKELY_NAME+ADDRESS+NATIONALITY,13
"+REL_POINTER(DOMAIN:OPEN_SANCTIONS|MIN:DIRECTOR OF,IS SIGNATORY FOR,VICE\-PRESIDENT OF|MAX:)",13
+LIKELY_NAME+ADDRESS-NATIONAL_ID,13
+REL_POINTER(DOMAIN:OPEN_SANCTIONS|MIN:CHAIRMAN OF|MAX:),13
"+REL_POINTER(DOMAIN:OPEN_SANCTIONS|MIN:PROPERTY IN THE INTEREST OF,SHIPOWNER|MAX:COMMERCIAL SHIP MANAGER,SHIP SAFETY MANAGEMENT MANAGER)",13
"+REL_POINTER(DOMAIN:OPEN_SANCTIONS|MIN:|MAX:AFFILIATE,OWNERSHIP)",12
+REL_POINTER(DOMAIN:OPEN_SANCTIONS|MIN:|MAX:C/O),12
+LIKELY_NAME+ADDRESS+REGISTRATION_COUNTRY+REL_POINTER(DOMAIN:OPEN_SANCTIONS|MIN:|MAX:OWNERSHIP)-TAX_ID-NATIONAL_ID-REGISTRATION_DATE,12
"+REL_POINTER(DOMAIN:OPEN_SANCTIONS|MIN:|MAX:DIRECTOR OF,IS SIGNATORY FOR,VICE\-PRESIDENT OF)",12
"+REL_POINTER(DOMAIN:OPEN_SANCTIONS|MIN:|MAX:DIRECTOR OF,PRESIDENT OF,VICE\-PRESIDENT OF)",12
+REL_POINTER(DOMAIN:OPEN_SANCTIONS|MIN:SUCCESSION|MAX:OWNERSHIP),12
+TAX_ID,12
"+NAME+ADDRESS+REGISTRATION_COUNTRY+REL_POINTER(DOMAIN:OPEN_SANCTIONS|MIN:|MAX:OWNED OR CONTROLLED BY,OWNERSHIP)-TAX_ID-NATIONAL_ID-REGISTRATION_DATE",12
+PHONE+CITIZENSHIP+NATIONALITY+PLACE_OF_BIRTH-DOB-GENDER-TRUSTED_ID,12
+REL_POINTER(DOMAIN:OPEN_SANCTIONS|MIN:COMMERCIAL SHIP MANAGER|MAX:PROPERTY IN THE INTEREST OF),12
+ADDRESS-ADDRESS,12
+NAME+REL_POINTER(DOMAIN:OPEN_SANCTIONS|MIN:|MAX:OWNERSHIP)-REGISTRATION_DATE,12
+REL_POINTER(DOMAIN:OPEN_SANCTIONS|MIN:BENEFICIAL OWNER|MAX:),12
+REL_POINTER(DOMAIN:OPEN_SANCTIONS|MIN:|MAX:ИСПОЛНЯЮЩИЙ ОБЯЗАННОСТИ РЕКТОРА),12
+NATIONAL_ID-ADDRESS,12
+LIKELY_NAME+OTHER_ID-ADDRESS,12
"+REL_POINTER(DOMAIN:OPEN_SANCTIONS|MIN:|MAX:CHAIRMAN OF,DIRECTOR OF)",12
+REL_POINTER(DOMAIN:OPEN_SANCTIONS|MIN:|MAX:ПРЕДСЕДАТЕЛЬ ПРАВЛЕНИЯ),11
+NAME+ADDRESS+REGISTRATION_DATE-NATIONAL_ID,11
+LIKELY_NAME+ADDRESS+REGISTRATION_COUNTRY-NATIONAL_ID-REGISTRATION_DATE,11
+REL_POINTER(DOMAIN:OPEN_SANCTIONS|MIN:|MAX:REGISTERED AGENT OF),11
+REL_POINTER(DOMAIN:OPEN_SANCTIONS|MIN:НАЧАЛЬНИК УПРАВЛЕНИЯ|MAX:),11
+REL_POINTER(DOMAIN:OPEN_SANCTIONS|MIN:|MAX:PRINCIPAL EXECUTIVE OFFICER),11
"+REL_POINTER(DOMAIN:OPEN_SANCTIONS|MIN:|MAX:PROPERTY IN THE INTEREST OF,SHIPOWNER)",11
+ADDRESS+NATIONALITY-NATIONAL_ID,11
+ADDRESS+REL_POINTER(DOMAIN:OPEN_SANCTIONS|MIN:OWNED OR CONTROLLED BY|MAX:)-RECORD_TYPE,11
+ADDRESS+CITIZENSHIP+NATIONALITY-DOB-TAX_ID-NATIONAL_ID,11
+ADDRESS+REGISTRATION_DATE+REGISTRATION_COUNTRY,11
+REL_POINTER(DOMAIN:OPEN_SANCTIONS|MIN:FOUNDER|MAX:),11
+ADDRESS+REGISTRATION_DATE+REGISTRATION_COUNTRY-NATIONAL_ID-LEI_NUMBER,11
+OTHER_ID-ADDRESS-TAX_ID,11
+REL_POINTER(DOMAIN:OPEN_SANCTIONS|MIN:OWNERSHIP|MAX:SUCCESSION),11
+ADDRESS+REGISTRATION_COUNTRY+REL_POINTER(DOMAIN:OPEN_SANCTIONS|MIN:|MAX:IS DIRECTLY CONSOLIDATED BY)-NATIONAL_ID-REGISTRATION_DATE-LEI_NUMBER,11
+REL_POINTER(DOMAIN:OPEN_SANCTIONS|MIN:ISM MANAGER AND OPERATOR|MAX:),11
+REL_POINTER(DOMAIN:OPEN_SANCTIONS|MIN:|MAX:BENEFICIARY OF),11
+NAME+ADDRESS+REGISTRATION_COUNTRY-NATIONAL_ID-REGISTRATION_DATE,11
+NAME+ADDRESS+REGISTRATION_COUNTRY+REL_POINTER(DOMAIN:OPEN_SANCTIONS|MIN:SUCCESSION|MAX:)-TAX_ID-NATIONAL_ID-REGISTRATION_DATE,11
+NAME+ADDRESS+REGISTRATION_COUNTRY-NATIONAL_ID-REGISTRATION_DATE-LEI_NUMBER,11
+ADDRESS+REGISTRATION_COUNTRY-TAX_ID-NATIONAL_ID-LEI_NUMBER,11
+LIKELY_NAME+ADDRESS+REGISTRATION_DATE,11
+ADDRESS+CITIZENSHIP+NATIONALITY-GENDER-TRUSTED_ID,11
"+REL_POINTER(DOMAIN:OPEN_SANCTIONS|MIN:|MAX:OWNED OR CONTROLLED BY,OWNERSHIP,ГЕНЕРАЛЬНЫЙ ДИРЕКТОР)",11
+REL_POINTER(DOMAIN:OPEN_SANCTIONS|MIN:JEDNATEL|MAX:),11
+REL_POINTER(DOMAIN:OPEN_SANCTIONS|MIN:|MAX:RELATED\-TO),11
+NATIONAL_ID+NATIONALITY-DOB,10
+NAME+PLACE_OF_BIRTH,10
+WEBSITE+CITIZENSHIP+NATIONALITY-TRUSTED_ID,10
+ADDRESS+REGISTRATION_COUNTRY-TAX_ID-REGISTRATION_DATE,10
"+REL_POINTER(DOMAIN:OPEN_SANCTIONS|MIN:OWNED OR CONTROLLED BY,OWNERSHIP,ГЕНЕРАЛЬНЫЙ ДИРЕКТОР|MAX:)",10
+ADDRESS+REL_POINTER(DOMAIN:OPEN_SANCTIONS|MIN:|MAX:INTERMEDIARY OF),10
+REL_POINTER(DOMAIN:OPEN_SANCTIONS|MIN:KEY OPERATIVE|MAX:),10
+REL_POINTER(DOMAIN:OPEN_SANCTIONS|MIN:ПРЕЗИДЕНТ|MAX:),10
+ADDRESS+REL_POINTER(DOMAIN:OPEN_SANCTIONS|MIN:|MAX:RIGHT TO APPOINT AND REMOVE DIRECTORS)-RECORD_TYPE,10
+PHONE+NATIONALITY-DOB,10
+ADDRESS+NATIONALITY+PLACE_OF_BIRTH-DOB-NATIONAL_ID,10
+REL_POINTER(DOMAIN:OPEN_SANCTIONS|MIN:PROPERTY IN THE INTEREST OF|MAX:COMMERCIAL SHIP MANAGER),10
+NAME+ADDRESS+NATIONALITY-DOB,10
+ADDRESS+CITIZENSHIP+NATIONALITY+PLACE_OF_BIRTH-DOB-TAX_ID-NATIONAL_ID,10
"+REL_POINTER(DOMAIN:OPEN_SANCTIONS|MIN:CHAIRMAN OF,DIRECTOR OF|MAX:)",10
+OTHER_ID+NATIONALITY-DOB,10
+LIKELY_NAME+ADDRESS+REL_POINTER(DOMAIN:OPEN_SANCTIONS|MIN:DIRECTORSHIP|MAX:)-RECORD_TYPE,9
+REL_POINTER(DOMAIN:OPEN_SANCTIONS|MIN:MÍSTOPŘEDSEDA PŘEDSTAVENSTVA|MAX:),9
"+REL_POINTER(DOMAIN:OPEN_SANCTIONS|MIN:|MAX:IS SIGNATORY FOR,SECRETARY OF)",9
+REL_POINTER(DOMAIN:OPEN_SANCTIONS|MIN:AFFILIATE|MAX:OWNERSHIP),9
+NAME+ADDRESS+CITIZENSHIP+NATIONALITY-DOB-TRUSTED_ID,9
+NAME+REGISTRATION_COUNTRY-NATIONAL_ID,9
+NAME+DOB+NATIONALITY+PLACE_OF_BIRTH-TRUSTED_ID,9
+REL_POINTER(DOMAIN:OPEN_SANCTIONS|MIN:|MAX:CHAIRMAN OF THE BOARD OF),9
+REL_POINTER(DOMAIN:OPEN_SANCTIONS|MIN:|MAX:ASSOCIATE OF),9
"+REL_POINTER(DOMAIN:OPEN_SANCTIONS|MIN:APPLEBY ASSIGNED ATTORNEY,DIRECTOR OF|MAX:)",9
+NAME+ADDRESS+REGISTRATION_DATE+REGISTRATION_COUNTRY-NATIONAL_ID,9
+ADDRESS+REGISTRATION_COUNTRY+REL_POINTER(DOMAIN:OPEN_SANCTIONS|MIN:|MAX:SUCCESSION)-TAX_ID-NATIONAL_ID-REGISTRATION_DATE,9
+ADDRESS+CITIZENSHIP+NATIONALITY-DOB-PASSPORT-NATIONAL_ID,9
+REL_POINTER(DOMAIN:OPEN_SANCTIONS|MIN:OTHER LINK|MAX:OTHER LINK),9
+EMAIL+REGISTRATION_COUNTRY-ADDRESS-TAX_ID-NATIONAL_ID-REGISTRATION_DATE,9
+PNAME+WEBSITE+CITIZENSHIP+NATIONALITY-DOB-TRUSTED_ID,9
"+REL_POINTER(DOMAIN:OPEN_SANCTIONS|MIN:|MAX:DIRECTORSHIP,OWNERSHIP)",8
+NAME+ADDRESS+REGISTRATION_COUNTRY-TAX_ID-NATIONAL_ID-REGISTRATION_DATE-LEI_NUMBER,8
+LIKELY_NAME+ADDRESS+REGISTRATION_COUNTRY-REGISTRATION_DATE,8
+REL_POINTER(DOMAIN:OPEN_SANCTIONS|MIN:РУКОВОДИТЕЛЬ СЛЕДСТВЕННОГО УПРАВЛЕНИЯ|MAX:),8
+ADDRESS+NATIONALITY-DOB-GENDER,8
+LIKELY_NAME+ADDRESS+REGISTRATION_COUNTRY-NATIONAL_ID-REGISTRATION_DATE-LEI_NUMBER,8
+ADDRESS-RECORD_TYPE-NPI_NUMBER,8
"+REL_POINTER(DOMAIN:OPEN_SANCTIONS|MIN:|MAX:ISM COMPANY,OTHER LINK)",8
+LIKELY_NAME+ADDRESS+REL_POINTER(DOMAIN:OPEN_SANCTIONS|MIN:OWNERSHIP|MAX:)-REGISTRATION_DATE,8
"+REL_POINTER(DOMAIN:OPEN_SANCTIONS|MIN:ISM COMPANY,OTHER LINK|MAX:)",8
"+NAME+ADDRESS+REGISTRATION_COUNTRY+REL_POINTER(DOMAIN:OPEN_SANCTIONS|MIN:OWNED OR CONTROLLED BY,OWNERSHIP|MAX:)-TAX_ID-NATIONAL_ID-REGISTRATION_DATE",8
"+REL_POINTER(DOMAIN:OPEN_SANCTIONS|MIN:|MAX:JUDICIAL REPRESENTATIVE OF,LEGAL REPRESENTATIVE OF,OWNED OR CONTROLLED BY)",8
+ADDRESS+REL_POINTER(DOMAIN:OPEN_SANCTIONS|MIN:|MAX:OWNED OR CONTROLLED BY)-NATIONAL_ID,8
+REL_POINTER(DOMAIN:OPEN_SANCTIONS|MIN:|MAX:LIQUIDATOR OF),8
+NAME+ADDRESS+REGISTRATION_COUNTRY-REGISTRATION_DATE,8
"+REL_POINTER(DOMAIN:OPEN_SANCTIONS|MIN:|MAX:OWNED OR CONTROLLED BY,OWNER)",8
+NAME+REGISTRATION_COUNTRY-NATIONAL_ID-REGISTRATION_DATE,8
+ADDRESS+REGISTRATION_COUNTRY-REGISTRATION_DATE-LEI_NUMBER,8
"+REL_POINTER(DOMAIN:OPEN_SANCTIONS|MIN:DIRECTOR OF,IS SIGNATORY FOR,PRESIDENT OF|MAX:)",8
"+REL_POINTER(DOMAIN:OPEN_SANCTIONS|MIN:PROPERTY IN THE INTEREST OF,SHIPOWNER|MAX:)",8
+REL_POINTER(DOMAIN:OPEN_SANCTIONS|MIN:|MAX:ИСПОЛНИТЕЛЬНЫЙ ДИРЕКТОР),8
+REL_POINTER(DOMAIN:OPEN_SANCTIONS|MIN:|MAX:ПРЕДСЕДАТЕЛЬ),8
+PHONE+REGISTRATION_COUNTRY-ADDRESS-TAX_ID-NATIONAL_ID-REGISTRATION_DATE,8
+ADDRESS+WEBSITE+NATIONALITY,8
"+REL_POINTER(DOMAIN:OPEN_SANCTIONS|MIN:|MAX:SECRETARY OF,SHAREHOLDER OF)",8
+OTHER_ID-DOB-TRUSTED_ID,8
+ADDRESS+NATIONALITY-DOB-TAX_ID,8
+NAME+ADDRESS+REL_POINTER(DOMAIN:OPEN_SANCTIONS|MIN:|MAX:OWNERSHIP)-REGISTRATION_DATE,8
+NAME+REL_POINTER(DOMAIN:OPEN_SANCTIONS|MIN:OWNERSHIP|MAX:)-LEI_NUMBER,8
+NAME+REL_POINTER(DOMAIN:OPEN_SANCTIONS|MIN:OWNERSHIP|MAX:)-NATIONAL_ID,8
+ADDRESS+REGISTRATION_COUNTRY+REL_POINTER(DOMAIN:OPEN_SANCTIONS|MIN:OWNERSHIP|MAX:OWNERSHIP)-TAX_ID-NATIONAL_ID-REGISTRATION_DATE,8
+REL_POINTER(DOMAIN:OPEN_SANCTIONS|MIN:|MAX:ULTIMATE BENEFICIAL OWNER),8
+EMAIL+CITIZENSHIP+NATIONALITY-DOB-TRUSTED_ID,8
+REL_POINTER(DOMAIN:OPEN_SANCTIONS|MIN:ИСПОЛНЯЮЩИЙ ОБЯЗАННОСТИ РЕКТОРА|MAX:),8
+EMAIL+CITIZENSHIP+NATIONALITY-DOB-GENDER-TRUSTED_ID,8
+LIKELY_NAME+WEBSITE+CITIZENSHIP+NATIONALITY-DOB-TRUSTED_ID,7
"+REL_POINTER(DOMAIN:OPEN_SANCTIONS|MIN:|MAX:OWNED OR CONTROLLED BY,REGISTERED VESSEL \(OPERATED OR MANAGED\))",7
+NAME+ADDRESS+PHONE+REGISTRATION_COUNTRY-TAX_ID-NATIONAL_ID-REGISTRATION_DATE,7
+REL_POINTER(DOMAIN:OPEN_SANCTIONS|MIN:|MAX:OWNERSHIP OF SHARES 75 TO 100 PERCENT AS FIRM),7
+REL_POINTER(DOMAIN:OPEN_SANCTIONS|MIN:ASSOCIATE|MAX:ASSOCIATE),7
+LIKELY_NAME+WEBSITE+REL_POINTER(DOMAIN:OPEN_SANCTIONS|MIN:|MAX:OWNERSHIP),7
+PASSPORT+CITIZENSHIP+NATIONALITY-DOB-TRUSTED_ID,7
+REL_POINTER(DOMAIN:OPEN_SANCTIONS|MIN:|MAX:РУКОВОДИТЕЛЬ УПРАВЛЕНИЯ),7
+REL_POINTER(DOMAIN:OPEN_SANCTIONS|MIN:|MAX:PŘEDSEDA DOZORČÍ RADY),7
+ADDRESS+REGISTRATION_COUNTRY+REL_POINTER(DOMAIN:OPEN_SANCTIONS|MIN:IS DIRECTLY CONSOLIDATED BY|MAX:)-NATIONAL_ID-REGISTRATION_DATE-LEI_NUMBER,7
+PHONE+NATIONALITY-GENDER,7
+REL_POINTER(DOMAIN:OPEN_SANCTIONS|MIN:PŘEDSEDA PŘEDSTAVENSTVA|MAX:),7
+EMAIL,7
"+REL_POINTER(DOMAIN:OPEN_SANCTIONS|MIN:|MAX:DIRECTOR OF,PRESIDENT OF,SHAREHOLDER OF)",7
+ADDRESS+NATIONALITY-DOB-PASSPORT,7
"+REL_POINTER(DOMAIN:OPEN_SANCTIONS|MIN:|MAX:SHAREHOLDER OF,VICE\-PRESIDENT OF)",7
+REL_POINTER(DOMAIN:OPEN_SANCTIONS|MIN:|MAX:SHIPOWNER),7
"+REL_POINTER(DOMAIN:OPEN_SANCTIONS|MIN:|MAX:DIRECTOR OF,IS SIGNATORY FOR,SHAREHOLDER OF)",7
+REL_POINTER(DOMAIN:OPEN_SANCTIONS|MIN:LIQUIDATOR OF|MAX:),7
+NAME+REL_POINTER(DOMAIN:OPEN_SANCTIONS|MIN:OWNERSHIP|MAX:)-REGISTRATION_DATE,7
"+REL_POINTER(DOMAIN:OPEN_SANCTIONS|MIN:|MAX:DIRECTOR OF,IS SIGNATORY FOR,PRESIDENT OF,VICE\-PRESIDENT OF)",7
+REL_POINTER(DOMAIN:OPEN_SANCTIONS|MIN:ЛИКВИДАТОР|MAX:),7
"+REL_POINTER(DOMAIN:OPEN_SANCTIONS|MIN:SHAREHOLDER OF,VICE\-PRESIDENT OF|MAX:)",7
+WEBSITE-DOB-GENDER-TRUSTED_ID,7
+NAME+PHONE+REGISTRATION_COUNTRY-TAX_ID-NATIONAL_ID-REGISTRATION_DATE,7
+ADDRESS+NATIONALITY-DOB-PASSPORT-NATIONAL_ID,6
"+REL_POINTER(DOMAIN:OPEN_SANCTIONS|MIN:CHAIRMAN OF THE BOARD OF,DIRECTOR OF|MAX:)",6
+TAX_ID+NATIONAL_ID,6
+PHONE+CITIZENSHIP+NATIONALITY-TRUSTED_ID,6
+NAME+TAX_ID+REGISTRATION_COUNTRY (Ambiguous),6
+ADDRESS+CITIZENSHIP+NATIONALITY-DOB-TAX_ID-TRUSTED_ID,6
"+REL_POINTER(DOMAIN:OPEN_SANCTIONS|MIN:DIRECTOR OF,SECRETARY OF|MAX:)",6
+ADDRESS+CITIZENSHIP+NATIONALITY+PLACE_OF_BIRTH-DOB-TAX_ID,6
+OTHER_ID-NATIONAL_ID,6
+REL_POINTER(DOMAIN:OPEN_SANCTIONS|MIN:|MAX:OWNER),6
"+REL_POINTER(DOMAIN:OPEN_SANCTIONS|MIN:|MAX:IS DIRECTLY CONSOLIDATED BY,OWNERSHIP)",6
+REL_POINTER(DOMAIN:OPEN_SANCTIONS|MIN:|MAX:FORMER ISM MANAGER AND OPERATOR),6
+NAME+DOB+PLACE_OF_BIRTH-TRUSTED_ID,6
+PHONE-RECORD_TYPE,6
+NAME+ADDRESS+PHONE+REGISTRATION_DATE+REGISTRATION_COUNTRY-TAX_ID-NATIONAL_ID,6
+ADDRESS+CITIZENSHIP+NATIONALITY-DOB-GENDER-PASSPORT-TRUSTED_ID,6
+REL_POINTER(DOMAIN:OPEN_SANCTIONS|MIN:RELATED\-TO|MAX:),6
+ADDRESS+REGISTRATION_DATE+REGISTRATION_COUNTRY-NATIONAL_ID-DUNS_NUMBER,6
+REL_POINTER(DOMAIN:OPEN_SANCTIONS|MIN:|MAX:РУКОВОДИТЕЛЬ СЛЕДСТВЕННОГО УПРАВЛЕНИЯ),6
"+REL_POINTER(DOMAIN:OPEN_SANCTIONS|MIN:|MAX:COMPANY,PROPERTY IN THE INTEREST OF)",6
"+REL_POINTER(DOMAIN:OPEN_SANCTIONS|MIN:|MAX:CHAIRMAN OF THE BOARD OF,DIRECTOR OF)",6
+REL_POINTER(DOMAIN:OPEN_SANCTIONS|MIN:|MAX:ASUTAJA),6
+OTHER_ID+REGISTRATION_COUNTRY-ADDRESS-NATIONAL_ID-REGISTRATION_DATE-LEI_NUMBER,6
+REL_POINTER(DOMAIN:OPEN_SANCTIONS|MIN:POWER OF ATTORNEY|MAX:),6
"+REL_POINTER(DOMAIN:OPEN_SANCTIONS|MIN:OWNERSHIP,ДИРЕКТОР|MAX:)",6
+NAME+LEI_NUMBER-ADDRESS,6
+NAME-TAX_ID,6
+ADDRESS+REGISTRATION_COUNTRY-ADDRESS,6
"+REL_POINTER(DOMAIN:OPEN_SANCTIONS|MIN:IS SIGNATORY FOR,SECRETARY OF|MAX:)",6
+ADDRESS+NATIONALITY+PLACE_OF_BIRTH-DOB-TAX_ID-NATIONAL_ID,6
+PNAME+EMAIL,6
+ADDRESS+REGISTRATION_COUNTRY+REL_POINTER(DOMAIN:OPEN_SANCTIONS|MIN:OWNERSHIP|MAX:SUCCESSION)-TAX_ID-NATIONAL_ID-REGISTRATION_DATE,6
+LIKELY_NAME+ADDRESS+REL_POINTER(DOMAIN:OPEN_SANCTIONS|MIN:|MAX:DIRECTORSHIP)-RECORD_TYPE,6
+NAME+ADDRESS-TAX_ID-NATIONAL_ID,6
+ADDRESS+REGISTRATION_COUNTRY+REL_POINTER(DOMAIN:OPEN_SANCTIONS|MIN:SUCCESSION|MAX:OWNERSHIP)-TAX_ID-NATIONAL_ID-REGISTRATION_DATE,6
+EMAIL+REGISTRATION_COUNTRY-ADDRESS-REGISTRATION_DATE,6
"+REL_POINTER(DOMAIN:OPEN_SANCTIONS|MIN:OWNED OR CONTROLLED BY,REGISTERED VESSEL \(OPERATED OR MANAGED\)|MAX:)",6
+REL_POINTER(DOMAIN:OPEN_SANCTIONS|MIN:|MAX:REPRESENTATIVE),5
+ADDRESS+NATIONALITY-NPI_NUMBER,5
+REL_POINTER(DOMAIN:OPEN_SANCTIONS|MIN:|MAX:ASSOCIATE OF 'IRKUT CORPORATION'),5
"+REL_POINTER(DOMAIN:OPEN_SANCTIONS|MIN:OWNED OR CONTROLLED BY,SHIPOWNER|MAX:COMMERCIAL SHIP MANAGER)",5
+ADDRESS+CITIZENSHIP+NATIONALITY+PLACE_OF_BIRTH-DOB-PASSPORT-TRUSTED_ID,5
+NATIONAL_ID-REGISTRATION_DATE,5
+REL_POINTER(DOMAIN:OPEN_SANCTIONS|MIN:|MAX:MÍSTOPŘEDSEDA DOZORČÍ RADY),5
+EMAIL-RECORD_TYPE,5
+REL_POINTER(DOMAIN:OPEN_SANCTIONS|MIN:|MAX:OWNERSHIP OF SHARES 50 TO 75 PERCENT),5
+REL_POINTER(DOMAIN:OPEN_SANCTIONS|MIN:|MAX:BENEFICIAL OWNER),5
+NATIONAL_ID+REGISTRATION_COUNTRY-ADDRESS-TAX_ID-REGISTRATION_DATE,5
+ADDRESS+NATIONAL_ID-RECORD_TYPE,5
+NAME+REL_POINTER(DOMAIN:OPEN_SANCTIONS|MIN:|MAX:OWNERSHIP)-NATIONAL_ID,5
"+REL_POINTER(DOMAIN:OPEN_SANCTIONS|MIN:OWNERSHIP,ЛИКВИДАТОР|MAX:)",5
"+REL_POINTER(DOMAIN:OPEN_SANCTIONS|MIN:|MAX:DIRECTOR OF,JUDICIAL REPRESENTATIVE OF)",5
+NAME+ADDRESS+REL_POINTER(DOMAIN:OPEN_SANCTIONS|MIN:OWNERSHIP|MAX:)-LEI_NUMBER,5
"+REL_POINTER(DOMAIN:OPEN_SANCTIONS|MIN:|MAX:OWNED OR CONTROLLED BY,SHIPOWNER)",5
+NAME+ADDRESS+REGISTRATION_COUNTRY+REL_POINTER(DOMAIN:OPEN_SANCTIONS|MIN:IS ULTIMATELY CONSOLIDATED BY|MAX:)-NATIONAL_ID-REGISTRATION_DATE-LEI_NUMBER,5
+ADDRESS+REL_POINTER(DOMAIN:OPEN_SANCTIONS|MIN:|MAX:OWNERSHIP OF SHARES 75 TO 100 PERCENT)-RECORD_TYPE,5
+NAME+DOB+TAX_ID+CITIZENSHIP+NATIONALITY+PLACE_OF_BIRTH-TRUSTED_ID,5
+REL_POINTER(DOMAIN:OPEN_SANCTIONS|MIN:|MAX:TRUSTEE OF),5
+NPI_NUMBER-RECORD_TYPE,5
+OTHER_ID+REGISTRATION_COUNTRY-TAX_ID-NATIONAL_ID-REGISTRATION_DATE,5
+REL_POINTER(DOMAIN:OPEN_SANCTIONS|MIN:ČLEN DOZORČÍ RADY|MAX:),5
+NAME+ADDRESS-LEI_NUMBER,5
+NAME+ADDRESS+NATIONALITY-NATIONAL_ID,5
+ADDRESS+REGISTRATION_COUNTRY-TAX_ID-NATIONAL_ID-REGISTRATION_DATE-DUNS_NUMBER,5
+ADDRESS+REGISTRATION_COUNTRY+REL_POINTER(DOMAIN:OPEN_SANCTIONS|MIN:SHAREHOLDER OF|MAX:)-NATIONAL_ID-REGISTRATION_DATE,5
+ADDRESS+REL_POINTER(DOMAIN:OPEN_SANCTIONS|MIN:OWNERSHIP|MAX:)-LEI_NUMBER,5
+NAME+REGISTRATION_DATE+REGISTRATION_COUNTRY-ADDRESS-TAX_ID-NATIONAL_ID-LEI_NUMBER,5
+REL_POINTER(DOMAIN:OPEN_SANCTIONS|MIN:SHIPOWNER|MAX:),5
+REL_POINTER(DOMAIN:OPEN_SANCTIONS|MIN:ASSOCIATE OF|MAX:),5
+PHONE,5
+NAME+DOB+CITIZENSHIP+NATIONALITY-GENDER-TRUSTED_ID,5
"+REL_POINTER(DOMAIN:OPEN_SANCTIONS|MIN:APPLEBY ASSIGNED ATTORNEY,IS SIGNATORY FOR|MAX:)",5
"+REL_POINTER(DOMAIN:OPEN_SANCTIONS|MIN:|MAX:DIRECTOR OF,IS SIGNATORY FOR,SHAREHOLDER OF,VICE\-PRESIDENT OF)",5
"+REL_POINTER(DOMAIN:OPEN_SANCTIONS|MIN:|MAX:DIRECTOR OF,IS SIGNATORY FOR,PRESIDENT OF)",5
+LIKELY_NAME+ADDRESS+PHONE+REGISTRATION_COUNTRY-TAX_ID-NATIONAL_ID-REGISTRATION_DATE,5
+REL_POINTER(DOMAIN:OPEN_SANCTIONS|MIN:КОНКУРСНЫЙ УПРАВЛЯЮЩИЙ|MAX:),5
+REL_POINTER(DOMAIN:OPEN_SANCTIONS|MIN:ASSOCIATE OF ‘RUSSIAN HELICOPTERS JSC’|MAX:OWNED OR CONTROLLED BY),5
+ADDRESS+REL_POINTER(DOMAIN:OPEN_SANCTIONS|MIN:|MAX:SIGNIFICANT INFLUENCE OR CONTROL)-RECORD_TYPE,5
+ADDRESS+REL_POINTER(DOMAIN:OPEN_SANCTIONS|MIN:OWNED OR CONTROLLED BY|MAX:)-NATIONAL_ID,5
"+REL_POINTER(DOMAIN:OPEN_SANCTIONS|MIN:CHAIRMAN OF,DIRECTOR OF,IS SIGNATORY FOR|MAX:)",4
+REL_POINTER(DOMAIN:OPEN_SANCTIONS|MIN:|MAX:МИНИСТР),4
"+REL_POINTER(DOMAIN:OPEN_SANCTIONS|MIN:REPRESENTATIVE BASED IN BEIJING\, CHINA|MAX:)",4
+NAME+REGISTRATION_COUNTRY+REL_POINTER(DOMAIN:OPEN_SANCTIONS|MIN:|MAX:SUCCESSION)-TAX_ID-NATIONAL_ID-REGISTRATION_DATE,4
+REL_POINTER(DOMAIN:OPEN_SANCTIONS|MIN:|MAX:ΕΞΟΥΣΙΟΔΟΤΗΜΈΝΟ ΠΡΌΣΩΠΟ),4
+NAME+REGISTRATION_COUNTRY+REL_POINTER(DOMAIN:OPEN_SANCTIONS|MIN:SUCCESSION|MAX:)-TAX_ID-NATIONAL_ID-REGISTRATION_DATE,4
+REL_POINTER(DOMAIN:OPEN_SANCTIONS|MIN:RELATED\-TO|MAX:RELATED\-TO),4
+TAX_ID+REGISTRATION_COUNTRY-ADDRESS-NATIONAL_ID-REGISTRATION_DATE,4
+WEBSITE+CITIZENSHIP+NATIONALITY+PLACE_OF_BIRTH-DOB-TRUSTED_ID,4
+ADDRESS+CITIZENSHIP+NATIONALITY-PASSPORT-TRUSTED_ID,4
+REL_POINTER(DOMAIN:OPEN_SANCTIONS|MIN:CO\-TRUSTEE OF|MAX:),4
+REL_POINTER(DOMAIN:OPEN_SANCTIONS|MIN:REGISTERED VESSEL \(OPERATED OR MANAGED\)|MAX:),4
"+REL_POINTER(DOMAIN:OPEN_SANCTIONS|MIN:|MAX:IS ULTIMATELY CONSOLIDATED BY,RIGHT TO APPOINT AND REMOVE DIRECTORS)",4
+LIKELY_NAME+ADDRESS+REGISTRATION_DATE+REGISTRATION_COUNTRY-NATIONAL_ID,4
+REL_POINTER(DOMAIN:OPEN_SANCTIONS|MIN:|MAX:DIRECTOR),4
"+REL_POINTER(DOMAIN:OPEN_SANCTIONS|MIN:COMPANY,PROPERTY IN THE INTEREST OF|MAX:)",4
+LIKELY_NAME+ADDRESS+REGISTRATION_DATE-NATIONAL_ID,4
"+ADDRESS+REGISTRATION_COUNTRY+REL_POINTER(DOMAIN:OPEN_SANCTIONS|MIN:|MAX:IS ULTIMATELY CONSOLIDATED BY,OWNERSHIP)-TAX_ID-NATIONAL_ID-REGISTRATION_DATE-LEI_NUMBER",4
+ADDRESS+CITIZENSHIP+NATIONALITY+PLACE_OF_BIRTH-DOB-NATIONAL_ID,4
+LIKELY_NAME+ADDRESS+REGISTRATION_COUNTRY+REL_POINTER(DOMAIN:OPEN_SANCTIONS|MIN:|MAX:SUCCESSION)-TAX_ID-NATIONAL_ID-REGISTRATION_DATE,4
+ADDRESS+REGISTRATION_COUNTRY+REL_POINTER(DOMAIN:OPEN_SANCTIONS|MIN:IS ULTIMATELY CONSOLIDATED BY|MAX:)-NATIONAL_ID-REGISTRATION_DATE-LEI_NUMBER,4
+REL_POINTER(DOMAIN:OPEN_SANCTIONS|MIN:|MAX:ADMINISTRATOR OF),4
+ADDRESS-NATIONAL_ID-LEI_NUMBER,4
+NATIONALITY+NPI_NUMBER-DOB,4
+ADDRESS+REGISTRATION_COUNTRY+REL_POINTER(DOMAIN:OPEN_SANCTIONS|MIN:|MAX:IS ULTIMATELY CONSOLIDATED BY)-NATIONAL_ID-REGISTRATION_DATE-LEI_NUMBER,4
"+REL_POINTER(DOMAIN:OPEN_SANCTIONS|MIN:|MAX:CHAIRMAN OF,IS SIGNATORY FOR)",4
+NAME+REGISTRATION_DATE+REGISTRATION_COUNTRY+REL_POINTER(DOMAIN:OPEN_SANCTIONS|MIN:OWNERSHIP|MAX:)-ADDRESS-TAX_ID-NATIONAL_ID,4
+PNAME+ADDRESS+NATIONALITY-DOB,4
"+REL_POINTER(DOMAIN:OPEN_SANCTIONS|MIN:IS ULTIMATELY CONSOLIDATED BY,RIGHT TO APPOINT AND REMOVE DIRECTORS|MAX:)",4
"+ADDRESS+REGISTRATION_COUNTRY+REL_POINTER(DOMAIN:OPEN_SANCTIONS|MIN:|MAX:IS DIRECTLY CONSOLIDATED BY,OWNERSHIP)-TAX_ID-NATIONAL_ID-REGISTRATION_DATE-LEI_NUMBER",4
+LIKELY_NAME+WEBSITE+REL_POINTER(DOMAIN:OPEN_SANCTIONS|MIN:OWNERSHIP|MAX:),4
+ADDRESS+REL_POINTER(DOMAIN:OPEN_SANCTIONS|MIN:INTERMEDIARY OF|MAX:),4
+REL_POINTER(DOMAIN:OPEN_SANCTIONS|MIN:COMPANY|MAX:SHIP SAFETY MANAGEMENT MANAGER),4
+ADDRESS+CITIZENSHIP+NATIONALITY-DOB-GENDER,4
+OTHER_ID-DOB-NATIONAL_ID,4
+NAME+DOB-GENDER-TRUSTED_ID,4
+ADDRESS+CITIZENSHIP+NATIONALITY+PLACE_OF_BIRTH-DOB-PASSPORT-TAX_ID-NATIONAL_ID,4
+REL_POINTER(DOMAIN:OPEN_SANCTIONS|MIN:SUCCESSION|MAX:IS DIRECTLY CONSOLIDATED BY),4
+NAME+ADDRESS+REGISTRATION_COUNTRY+REL_POINTER(DOMAIN:OPEN_SANCTIONS|MIN:|MAX:IS ULTIMATELY CONSOLIDATED BY)-NATIONAL_ID-REGISTRATION_DATE-LEI_NUMBER,4
+NATIONAL_ID+REGISTRATION_COUNTRY-ADDRESS,4
+PHONE+NATIONALITY-DOB-GENDER-TRUSTED_ID,4
+LIKELY_NAME+ADDRESS-LEI_NUMBER,4
"+REL_POINTER(DOMAIN:OPEN_SANCTIONS|MIN:|MAX:DIRECTOR OF,SHAREHOLDER OF,VICE\-PRESIDENT OF)",4
+REL_POINTER(DOMAIN:OPEN_SANCTIONS|MIN:ASSOCIATED|MAX:),4
"+REL_POINTER(DOMAIN:OPEN_SANCTIONS|MIN:OWNERSHIP,SUCCESSION|MAX:)",4
+NAME+ADDRESS-TAX_ID,4
+REL_POINTER(DOMAIN:OPEN_SANCTIONS|MIN:TREASURER OF|MAX:),4
+OTHER_ID-NATIONAL_ID-REGISTRATION_DATE,4
+LIKELY_NAME+PHONE+REGISTRATION_COUNTRY-ADDRESS-TAX_ID-NATIONAL_ID-REGISTRATION_DATE,4
+REL_POINTER(DOMAIN:OPEN_SANCTIONS|MIN:OWNERSHIP OF SHARES 75 TO 100 PERCENT AS FIRM|MAX:),4
"+REL_POINTER(DOMAIN:OPEN_SANCTIONS|MIN:|MAX:APPLEBY ASSIGNED ATTORNEY,DIRECTOR OF,IS SIGNATORY FOR)",4
"+REL_POINTER(DOMAIN:OPEN_SANCTIONS|MIN:DIRECTOR OF,SHAREHOLDER OF,VICE\-PRESIDENT OF|MAX:)",4
+TAX_ID+CITIZENSHIP-DOB,4
+ADDRESS+REGISTRATION_COUNTRY-NATIONAL_ID-REGISTRATION_DATE-DUNS_NUMBER,4
+WEBSITE-ADDRESS,4
+ADDRESS+NATIONALITY+PLACE_OF_BIRTH-DOB-PASSPORT-NATIONAL_ID,4
+ADDRESS+REGISTRATION_COUNTRY+REL_POINTER(DOMAIN:OPEN_SANCTIONS|MIN:|MAX:OWNERSHIP)-TAX_ID-NATIONAL_ID,4
+NAME+DOB+CITIZENSHIP+NATIONALITY,4
+NAME+ADDRESS+REGISTRATION_COUNTRY-NATIONAL_ID-LEI_NUMBER,4
"+REL_POINTER(DOMAIN:OPEN_SANCTIONS|MIN:DIRECTOR OF,IS SIGNATORY FOR,PRESIDENT OF,VICE\-PRESIDENT OF|MAX:)",4
"+REL_POINTER(DOMAIN:OPEN_SANCTIONS|MIN:DIRECTOR OF,IS SIGNATORY FOR,PRESIDENT OF,SHAREHOLDER OF,VICE\-PRESIDENT OF|MAX:)",4
+NAME+ADDRESS+REGISTRATION_COUNTRY+REL_POINTER(DOMAIN:OPEN_SANCTIONS|MIN:IS DIRECTLY CONSOLIDATED BY|MAX:)-NATIONAL_ID-REGISTRATION_DATE-LEI_NUMBER,3
+ADDRESS+REGISTRATION_COUNTRY+REL_POINTER(DOMAIN:OPEN_SANCTIONS|MIN:OWNERSHIP|MAX:)-TAX_ID-NATIONAL_ID,3
+ADDRESS+REGISTRATION_COUNTRY+REL_POINTER(DOMAIN:OPEN_SANCTIONS|MIN:SHAREHOLDER OF|MAX:)-REGISTRATION_DATE,3
+REL_POINTER(DOMAIN:OPEN_SANCTIONS|MIN:COMMERCIAL SHIP MANAGER|MAX:OWNED OR CONTROLLED BY),3
"+REL_POINTER(DOMAIN:OPEN_SANCTIONS|MIN:COMMERCIAL SHIP MANAGER|MAX:OWNED OR CONTROLLED BY,SHIPOWNER)",3
"+REL_POINTER(DOMAIN:OPEN_SANCTIONS|MIN:COMMERCIAL SHIP MANAGER,SHIP SAFETY MANAGEMENT MANAGER|MAX:COMPANY,PROPERTY IN THE INTEREST OF)",3
"+REL_POINTER(DOMAIN:OPEN_SANCTIONS|MIN:COMMERCIAL SHIP MANAGER,SHIP SAFETY MANAGEMENT MANAGER|MAX:OTHER LINK)",3
+NAME+ADDRESS-NATIONAL_ID-REGISTRATION_DATE,3
"+REL_POINTER(DOMAIN:OPEN_SANCTIONS|MIN:DIRECTOR OF,JUDICIAL REPRESENTATIVE OF,SHAREHOLDER OF|MAX:)",3
"+REL_POINTER(DOMAIN:OPEN_SANCTIONS|MIN:DIRECTOR OF,TREASURER OF|MAX:)",3
+REL_POINTER(DOMAIN:OPEN_SANCTIONS|MIN:EXTENSIVELY INVOLVED IN THE OPERATION OF THE VESSEL|MAX:),3
+REL_POINTER(DOMAIN:OPEN_SANCTIONS|MIN:FORMER ISM MANAGER AND OPERATOR|MAX:),3
"+NAME+ADDRESS+REGISTRATION_COUNTRY+REL_POINTER(DOMAIN:OPEN_SANCTIONS|MIN:|MAX:IS DIRECTLY CONSOLIDATED BY,OWNERSHIP)-TAX_ID-NATIONAL_ID-REGISTRATION_DATE-LEI_NUMBER",3
+ADDRESS+NATIONAL_ID,3
+NAME+ADDRESS+REGISTRATION_COUNTRY+REL_POINTER(DOMAIN:OPEN_SANCTIONS|MIN:|MAX:OWNERSHIP)-TAX_ID-NATIONAL_ID,3
+ADDRESS+PHONE,3
+NAME+ADDRESS+REGISTRATION_COUNTRY+REL_POINTER(DOMAIN:OPEN_SANCTIONS|MIN:|MAX:RIGHT TO APPOINT AND REMOVE DIRECTORS)-NATIONAL_ID,3
+ADDRESS+REGISTRATION_DATE+REGISTRATION_COUNTRY+REL_POINTER(DOMAIN:OPEN_SANCTIONS|MIN:|MAX:OWNERSHIP)-TAX_ID-NATIONAL_ID,3
+ADDRESS+REGISTRATION_DATE+REGISTRATION_COUNTRY+REL_POINTER(DOMAIN:OPEN_SANCTIONS|MIN:OWNERSHIP|MAX:)-TAX_ID-NATIONAL_ID,3
"+REL_POINTER(DOMAIN:OPEN_SANCTIONS|MIN:IS DIRECTLY CONSOLIDATED BY,RIGHT TO APPOINT AND REMOVE DIRECTORS|MAX:)",3
+ADDRESS+PHONE+REGISTRATION_COUNTRY-NATIONAL_ID-REGISTRATION_DATE,3
+REL_POINTER(DOMAIN:OPEN_SANCTIONS|MIN:JUHATUSE LIIGE|MAX:),3
+NAME+ADDRESS+REGISTRATION_DATE+REGISTRATION_COUNTRY+REL_POINTER(DOMAIN:OPEN_SANCTIONS|MIN:|MAX:OWNERSHIP)-TAX_ID-NATIONAL_ID,3
+NAME+ADDRESS+REGISTRATION_DATE+REGISTRATION_COUNTRY+REL_POINTER(DOMAIN:OPEN_SANCTIONS|MIN:SUCCESSION|MAX:SUCCESSION)-TAX_ID-NATIONAL_ID,3
+NAME+ADDRESS+REL_POINTER(DOMAIN:OPEN_SANCTIONS|MIN:IS ULTIMATELY CONSOLIDATED BY|MAX:)-NATIONAL_ID-REGISTRATION_DATE-LEI_NUMBER,3
+REL_POINTER(DOMAIN:OPEN_SANCTIONS|MIN:|MAX:ASSOCIATED),3
+ADDRESS+REL_POINTER(DOMAIN:OPEN_SANCTIONS|MIN:IS ULTIMATELY CONSOLIDATED BY|MAX:)-NATIONAL_ID-REGISTRATION_DATE-LEI_NUMBER,3
+NAME+ADDRESS+WEBSITE+REGISTRATION_COUNTRY+REL_POINTER(DOMAIN:OPEN_SANCTIONS|MIN:OWNERSHIP|MAX:)-TAX_ID-NATIONAL_ID-REGISTRATION_DATE,3
+REL_POINTER(DOMAIN:OPEN_SANCTIONS|MIN:|MAX:CONTROLLED BY OMM),3
+ADDRESS+CITIZENSHIP+NATIONALITY-DOB-GENDER-TAX_ID-NATIONAL_ID,3
"+REL_POINTER(DOMAIN:OPEN_SANCTIONS|MIN:|MAX:DIRECTOR OF,SECRETARY OF)",3
+ADDRESS+PHONE+WEBSITE+CITIZENSHIP+NATIONALITY-DOB-TAX_ID,3
+ADDRESS+PHONE+WEBSITE+CITIZENSHIP+NATIONALITY-DOB-TAX_ID-TRUSTED_ID,3
+ADDRESS+PHONE+WEBSITE+CITIZENSHIP+NATIONALITY-DOB-TRUSTED_ID,3
+NAME+NATIONAL_ID+REGISTRATION_COUNTRY-ADDRESS,3
+NAME+NATIONAL_ID+REGISTRATION_COUNTRY-TAX_ID,3
+NAME-NATIONAL_ID-REGISTRATION_DATE,3
+NAME+NATIONALITY+NPI_NUMBER-NATIONAL_ID,3
"+REL_POINTER(DOMAIN:OPEN_SANCTIONS|MIN:|MAX:LEADER OR OFFICIAL OF,OWNERSHIP)",3
+NAME+NPI_NUMBER-ADDRESS,3
+ADDRESS+REGISTRATION_COUNTRY-LEI_NUMBER,3
+REL_POINTER(DOMAIN:OPEN_SANCTIONS|MIN:|MAX:LINKED),3
+ADDRESS+REL_POINTER(DOMAIN:OPEN_SANCTIONS|MIN:OWNED OR CONTROLLED BY|MAX:)-REGISTRATION_DATE,3
+NAME+PHONE+REGISTRATION_COUNTRY-ADDRESS-TAX_ID-NATIONAL_ID-REGISTRATION_DATE,3
+NAME+PHONE+REGISTRATION_DATE+REGISTRATION_COUNTRY-TAX_ID-NATIONAL_ID,3
+REL_POINTER(DOMAIN:OPEN_SANCTIONS|MIN:|MAX:NÕUKOGU LIIGE),3
+REL_POINTER(DOMAIN:OPEN_SANCTIONS|MIN:|MAX:OTSENE OSALUS),3
+REL_POINTER(DOMAIN:OPEN_SANCTIONS|MIN:|MAX:OWNED OR CONTROLLED BY OMM),3
"+ADDRESS+REL_POINTER(DOMAIN:OPEN_SANCTIONS|MIN:OWNS\, CONTROLS\, OR OPERATES|MAX:)-NATIONAL_ID-REGISTRATION_DATE",3
+ADDRESS+REGISTRATION_COUNTRY+REL_POINTER(DOMAIN:OPEN_SANCTIONS|MIN:FOUNDER|MAX:)-NATIONAL_ID,3
+NAME+REGISTRATION_COUNTRY+REL_POINTER(DOMAIN:OPEN_SANCTIONS|MIN:|MAX:OWNERSHIP)-TAX_ID-NATIONAL_ID-REGISTRATION_DATE,3
"+REL_POINTER(DOMAIN:OPEN_SANCTIONS|MIN:|MAX:OWNERSHIP,РЕКТОР)",3
+NAME+REGISTRATION_DATE-ADDRESS-TAX_ID-NATIONAL_ID,3
+NAME+REGISTRATION_DATE+REGISTRATION_COUNTRY+REL_POINTER(DOMAIN:OPEN_SANCTIONS|MIN:|MAX:SUCCESSION)-ADDRESS-TAX_ID-NATIONAL_ID,3
+ADDRESS-TRUSTED_ID-REGISTRATION_DATE,3
+NAME+REL_POINTER(DOMAIN:OPEN_SANCTIONS|MIN:|MAX:SHAREHOLDER OF),3
+REL_POINTER(DOMAIN:OPEN_SANCTIONS|MIN:|MAX:TREASURER OF),3
+REL_POINTER(DOMAIN:OPEN_SANCTIONS|MIN:|MAX:VENANT AUX DROITS),3
+NAME+REL_POINTER(DOMAIN:OPEN_SANCTIONS|MIN:SHAREHOLDER OF|MAX:),3
+REL_POINTER(DOMAIN:OPEN_SANCTIONS|MIN:|MAX:VICE DIRECTOR),3
+REL_POINTER(DOMAIN:OPEN_SANCTIONS|MIN:|MAX:VOTING RIGHTS 25 TO 50 PERCENT),3
+REL_POINTER(DOMAIN:OPEN_SANCTIONS|MIN:|MAX:VOTING RIGHTS MORE THAN 25 PERCENT REGISTERED OVERSEAS ENTITY),3
+NAME-TAX_ID-NATIONAL_ID,3
+NAME+WEBSITE-ADDRESS,3
"+ADDRESS+REGISTRATION_COUNTRY+REL_POINTER(DOMAIN:OPEN_SANCTIONS|MIN:IS ULTIMATELY CONSOLIDATED BY,OWNERSHIP|MAX:)-TAX_ID-NATIONAL_ID-REGISTRATION_DATE-LEI_NUMBER",3
+NATIONAL_ID-ADDRESS-REGISTRATION_DATE,3
+REL_POINTER(DOMAIN:OPEN_SANCTIONS|MIN:|MAX:ЛИКВИДАТОР),3
+NATIONAL_ID+REL_POINTER(DOMAIN:OPEN_SANCTIONS|MIN:|MAX:OWNED OR CONTROLLED BY)-RECORD_TYPE,3
+NATIONAL_ID+REL_POINTER(DOMAIN:OPEN_SANCTIONS|MIN:OWNED OR CONTROLLED BY|MAX:)-RECORD_TYPE,3
+REL_POINTER(DOMAIN:OPEN_SANCTIONS|MIN:|MAX:ПРЕДСЕДАТЕЛЬ ЛИКВИДАЦИОННОЙ КОМИССИИ),3
+REL_POINTER(DOMAIN:OPEN_SANCTIONS|MIN:|MAX:СОПРЕДСЕДАТЕЛЬ РЕГИОНАЛЬНОГО ШТАБА),3
+REL_POINTER(DOMAIN:OPEN_SANCTIONS|MIN:MÍSTOPŘEDSEDA DOZORČÍ RADY|MAX:),3
"+REL_POINTER(DOMAIN:OPEN_SANCTIONS|MIN:OTHER LINK,SHIPOWNER|MAX:COMMERCIAL SHIP MANAGER,SHIP SAFETY MANAGEMENT MANAGER)",3
+REL_POINTER(DOMAIN:OPEN_SANCTIONS|MIN:OWNED OR CONTROLLED BY|MAX:COMMERCIAL SHIP MANAGER),3
+OTHER_ID+NATIONALITY,3
"+REL_POINTER(DOMAIN:OPEN_SANCTIONS|MIN:OWNED OR CONTROLLED BY,OWNERSHIP,ДИРЕКТОР|MAX:)",3
+LIKELY_NAME+ADDRESS+CITIZENSHIP+NATIONALITY+PLACE_OF_BIRTH-DOB-TRUSTED_ID,3
+REL_POINTER(DOMAIN:OPEN_SANCTIONS|MIN:OWNER|MAX:),3
+REL_POINTER(DOMAIN:OPEN_SANCTIONS|MIN:OWNERSHIP|MAX:AFFILIATE),3
+REL_POINTER(DOMAIN:OPEN_SANCTIONS|MIN:OWNERSHIP OF SHARES 75 TO 100 PERCENT|MAX:),3
+LIKELY_NAME+ADDRESS-NATIONAL_ID-REGISTRATION_DATE,3
+REL_POINTER(DOMAIN:OPEN_SANCTIONS|MIN:PROPERTY IN THE INTEREST OF|MAX:SHIP SAFETY MANAGEMENT MANAGER),3
+REL_POINTER(DOMAIN:OPEN_SANCTIONS|MIN:PROVIDED SHIPPING RELATED SERVICES|MAX:),3
+ADDRESS+NATIONALITY-PASSPORT-NATIONAL_ID,3
+REL_POINTER(DOMAIN:OPEN_SANCTIONS|MIN:RECORDS & REGISTERS OF|MAX:),3
+REL_POINTER(DOMAIN:OPEN_SANCTIONS|MIN:REGISTRAR AND TRANSFER AGENT OF|MAX:),3
+PASSPORT+NATIONALITY-DOB-NATIONAL_ID,3
+LIKELY_NAME+ADDRESS+PHONE+REGISTRATION_COUNTRY-TAX_ID-NATIONAL_ID,3
+PHONE-ADDRESS-TAX_ID-NATIONAL_ID-REGISTRATION_DATE,3
+ADDRESS+REGISTRATION_COUNTRY+REL_POINTER(DOMAIN:OPEN_SANCTIONS|MIN:|MAX:OWNED OR CONTROLLED BY)-TAX_ID-NATIONAL_ID-REGISTRATION_DATE,3
+LIKELY_NAME+ADDRESS-RECORD_TYPE,3
+PHONE-NATIONAL_ID-RECORD_TYPE,3
+REL_POINTER(DOMAIN:OPEN_SANCTIONS|MIN:SHIP SAFETY MANAGEMENT MANAGER|MAX:OTHER LINK),3
+REL_POINTER(DOMAIN:OPEN_SANCTIONS|MIN:SHIP SAFETY MANAGEMENT MANAGER|MAX:OWNED OR CONTROLLED BY),3
"+REL_POINTER(DOMAIN:OPEN_SANCTIONS|MIN:SUCCESSION|MAX:OWNED OR CONTROLLED BY,OWNERSHIP)",3
+REL_POINTER(DOMAIN:OPEN_SANCTIONS|MIN:SUCCESSION|MAX:SUCCESSION),3
+PHONE+REGISTRATION_COUNTRY-NATIONAL_ID,3
+REL_POINTER(DOMAIN:OPEN_SANCTIONS|MIN:ИСПОЛНЯЮЩИЙ ОБЯЗАННОСТИ ГЕНЕРАЛЬНОГО ДИРЕКТОРА|MAX:),3
+REL_POINTER(DOMAIN:OPEN_SANCTIONS|MIN:МИНИСТР|MAX:),3
+LIKELY_NAME+ADDRESS+REGISTRATION_DATE+REGISTRATION_COUNTRY-NATIONAL_ID-LEI_NUMBER,3
+PNAME+ADDRESS+CITIZENSHIP+NATIONALITY+PLACE_OF_BIRTH-DOB-TRUSTED_ID,3
+LIKELY_NAME+ADDRESS-TAX_ID-NATIONAL_ID,3
+TAX_ID+CITIZENSHIP+NATIONALITY-DOB-TRUSTED_ID,3
+TAX_ID+NATIONAL_ID-DOB,3
+TAX_ID+NATIONAL_ID-RECORD_TYPE,3
+TAX_ID+NATIONAL_ID+REGISTRATION_COUNTRY,3
+REL_POINTER(DOMAIN:OPEN_SANCTIONS|MIN:ADMINISTRATOR OF|MAX:),3
+LIKELY_NAME+OTHER_ID+REGISTRATION_COUNTRY-ADDRESS-TAX_ID-NATIONAL_ID-REGISTRATION_DATE,3
+WEBSITE-LEI_NUMBER,3
+WEBSITE+NATIONALITY-DOB-TRUSTED_ID,3
"+REL_POINTER(DOMAIN:OPEN_SANCTIONS|MIN:ASSOCIATE,FAMILY|MAX:)",3
+LIKELY_NAME+PHONE+REGISTRATION_COUNTRY-TAX_ID-NATIONAL_ID-REGISTRATION_DATE,3
"+REL_POINTER(DOMAIN:OPEN_SANCTIONS|MIN:DIRECTOR OF,IS SIGNATORY FOR,MANAGING DIRECTOR OF|MAX:)",2
+REL_POINTER(DOMAIN:OPEN_SANCTIONS|MIN:DIRECTOR|MAX:),2
+REL_POINTER(DOMAIN:OPEN_SANCTIONS|MIN:|MAX:ГУБЕРНАТОР РЯЗАНСКОЙ ОБЛАСТИ),2
+REL_POINTER(DOMAIN:OPEN_SANCTIONS|MIN:|MAX:ВРЕМЕННЫЙ ГЕНЕРАЛЬНЫЙ ДИРЕКТОР),2
+NAME+ADDRESS+PHONE+REGISTRATION_COUNTRY+REL_POINTER(DOMAIN:OPEN_SANCTIONS|MIN:|MAX:OWNERSHIP)-TAX_ID-NATIONAL_ID-REGISTRATION_DATE,2
+OTHER_ID+REGISTRATION_COUNTRY-ADDRESS-NATIONAL_ID-REGISTRATION_DATE,2
+REL_POINTER(DOMAIN:OPEN_SANCTIONS|MIN:|MAX:ВРЕМЕННО ИСПОЛНЯЮЩИЙ ОБЯЗАННОСТИ ГЕНЕРАЛЬНОГО ДИРЕКТОРА),2
"+REL_POINTER(DOMAIN:OPEN_SANCTIONS|MIN:OWNERSHIP|MAX:OWNS\, CONTROLS\, OR OPERATES)",2
+DOB+ADDRESS+CITIZENSHIP+NATIONALITY-TRUSTED_ID,2
+REL_POINTER(DOMAIN:OPEN_SANCTIONS|MIN:|MAX:ΑΝΤΙΚΑΤΑΣΤΆΤΗΣ ΔΙΕΥΘΥΝΤΉΣ),2
+LIKELY_NAME+ADDRESS+EMAIL+REGISTRATION_COUNTRY-TAX_ID-NATIONAL_ID-REGISTRATION_DATE,2
+REL_POINTER(DOMAIN:OPEN_SANCTIONS|MIN:OWNERSHIP OF SHARES 50 TO 75 PERCENT|MAX:),2
+NAME+TAX_ID-DOB,2
+ADDRESS+REGISTRATION_COUNTRY+REL_POINTER(DOMAIN:OPEN_SANCTIONS|MIN:SUCCESSION|MAX:)-TAX_ID-NATIONAL_ID-REGISTRATION_DATE-LEI_NUMBER,2
+OTHER_ID+REGISTRATION_COUNTRY-ADDRESS-TAX_ID-NATIONAL_ID,2
+NAME+REL_POINTER(DOMAIN:OPEN_SANCTIONS|MIN:VENANT AUX DROITS|MAX:),2
+OTHER_ID+REGISTRATION_COUNTRY-ADDRESS-TAX_ID-NATIONAL_ID-REGISTRATION_DATE-LEI_NUMBER,2
+REL_POINTER(DOMAIN:OPEN_SANCTIONS|MIN:|MAX:UNDERLYING COMPANY OF),2
"+REL_POINTER(DOMAIN:OPEN_SANCTIONS|MIN:OWNERSHIP,RIGHT TO APPOINT AND REMOVE DIRECTORS|MAX:)",2
+NAME+REL_POINTER(DOMAIN:OPEN_SANCTIONS|MIN:RELATED\-TO|MAX:),2
+ADDRESS+CITIZENSHIP+NATIONALITY+PLACE_OF_BIRTH-DOB-PASSPORT-NATIONAL_ID,2
+NAME+REL_POINTER(DOMAIN:OPEN_SANCTIONS|MIN:|MAX:VENANT AUX DROITS),2
+OTHER_ID-REGISTRATION_DATE,2
+NAME+REL_POINTER(DOMAIN:OPEN_SANCTIONS|MIN:|MAX:RELATED\-TO),2
"+REL_POINTER(DOMAIN:OPEN_SANCTIONS|MIN:OWNERSHIP,ИСПОЛНИТЕЛЬНЫЙ ДИРЕКТОР|MAX:)",2
"+ADDRESS+REGISTRATION_COUNTRY+REL_POINTER(DOMAIN:OPEN_SANCTIONS|MIN:IS DIRECTLY CONSOLIDATED BY,OWNERSHIP|MAX:)-TAX_ID-NATIONAL_ID-REGISTRATION_DATE-LEI_NUMBER",2
+ADDRESS+WEBSITE+REGISTRATION_COUNTRY-TAX_ID-NATIONAL_ID-REGISTRATION_DATE,2
+NAME+REL_POINTER(DOMAIN:OPEN_SANCTIONS|MIN:|MAX:CONNECTED TO),2
+NAME+REGISTRATION_DATE+REL_POINTER(DOMAIN:OPEN_SANCTIONS|MIN:OWNERSHIP|MAX:)-ADDRESS,2
+NAME+REGISTRATION_DATE+REL_POINTER(DOMAIN:OPEN_SANCTIONS|MIN:OWNERSHIP|MAX:),2
"+REL_POINTER(DOMAIN:OPEN_SANCTIONS|MIN:|MAX:REPRESENTATIVE BASED IN BEIJING\, CHINA)",2
"+REL_POINTER(DOMAIN:OPEN_SANCTIONS|MIN:COMPANY,PROPERTY IN THE INTEREST OF|MAX:COMMERCIAL SHIP MANAGER,SHIP SAFETY MANAGEMENT MANAGER)",2
+ADDRESS+REGISTRATION_COUNTRY+REL_POINTER(DOMAIN:OPEN_SANCTIONS|MIN:IS DIRECTLY CONSOLIDATED BY|MAX:)-TAX_ID-NATIONAL_ID-REGISTRATION_DATE-LEI_NUMBER,2
+REL_POINTER(DOMAIN:OPEN_SANCTIONS|MIN:|MAX:REGISTRAR AND TRANSFER AGENT OF),2
+LIKELY_NAME+ADDRESS-NATIONAL_ID-REGISTRATION_DATE-LEI_NUMBER,2
"+REL_POINTER(DOMAIN:OPEN_SANCTIONS|MIN:|MAX:REGISTERED AGENT OF,SHAREHOLDER OF)",2
+PASSPORT+CITIZENSHIP+NATIONALITY-DOB-GENDER-TAX_ID-NATIONAL_ID,2
+REL_POINTER(DOMAIN:OPEN_SANCTIONS|MIN:PRESIDENT OF|MAX:),2
"+REL_POINTER(DOMAIN:OPEN_SANCTIONS|MIN:|MAX:REGISTERED AGENT OF,SECRETARY OF,SHAREHOLDER OF)",2
+NAME+REGISTRATION_DATE+REGISTRATION_COUNTRY+REL_POINTER(DOMAIN:OPEN_SANCTIONS|MIN:SUCCESSION|MAX:)-ADDRESS-TAX_ID-NATIONAL_ID,2
+LIKELY_NAME+ADDRESS+NATIONALITY-DOB,2
"+REL_POINTER(DOMAIN:OPEN_SANCTIONS|MIN:|MAX:PROVIDING SUPPORT TO,ГЕНЕРАЛЬНЫЙ ДИРЕКТОР)",2
+REL_POINTER(DOMAIN:OPEN_SANCTIONS|MIN:|MAX:PART RIGHT TO SHARE SURPLUS ASSETS 75 TO 100 PERCENT),2
+NAME+REGISTRATION_DATE-ADDRESS-NATIONAL_ID,2
+ADDRESS+REGISTRATION_COUNTRY+REL_POINTER(DOMAIN:OPEN_SANCTIONS|MIN:SUCCESSION|MAX:)-TAX_ID-NATIONAL_ID,2
+REL_POINTER(DOMAIN:OPEN_SANCTIONS|MIN:|MAX:PARENT),2
"+REL_POINTER(DOMAIN:OPEN_SANCTIONS|MIN:|MAX:OWNERSHIP,ПРЕЗИДЕНТ)",2
+NAME+REGISTRATION_COUNTRY-TAX_ID-NATIONAL_ID-REGISTRATION_DATE-LEI_NUMBER,2
"+REL_POINTER(DOMAIN:OPEN_SANCTIONS|MIN:|MAX:OWNERSHIP,ЛИКВИДАТОР)",2
+WEBSITE+CITIZENSHIP+NATIONALITY+REL_POINTER(DOMAIN:OPEN_SANCTIONS|MIN:FAMILY|MAX:FAMILY)-DOB-TRUSTED_ID,2
"+REL_POINTER(DOMAIN:OPEN_SANCTIONS|MIN:|MAX:OWNERSHIP,ИСПОЛНИТЕЛЬНЫЙ ДИРЕКТОР)",2
"+REL_POINTER(DOMAIN:OPEN_SANCTIONS|MIN:|MAX:OWNERSHIP,RIGHT TO APPOINT AND REMOVE DIRECTORS)",2
+NAME+ADDRESS+NATIONALITY (Ambiguous),2
"+REL_POINTER(DOMAIN:OPEN_SANCTIONS|MIN:COMMERCIAL SHIP MANAGER,SHIP SAFETY MANAGEMENT MANAGER|MAX:OWNED OR CONTROLLED BY)",2
+LIKELY_NAME+ADDRESS+OTHER_ID,2
"+REL_POINTER(DOMAIN:OPEN_SANCTIONS|MIN:|MAX:OWNERSHIP,OWNS\, CONTROLS\, OR OPERATES,ГЕНЕРАЛЬНЫЙ ДИРЕКТОР)",2
+NAME+ADDRESS-NATIONAL_ID-RECORD_TYPE,2
+REL_POINTER(DOMAIN:OPEN_SANCTIONS|MIN:|MAX:OWNERSHIP OF SHARES MORE THAN 25 PERCENT REGISTERED OVERSEAS ENTITY),2
+REL_POINTER(DOMAIN:OPEN_SANCTIONS|MIN:|MAX:OWNERSHIP OF SHARES MORE THAN 25 PERCENT AS TRUST REGISTERED OVERSEAS ENTITY),2
+PASSPORT+NATIONALITY-DOB,2
+ADDRESS+EMAIL+REGISTRATION_COUNTRY-TAX_ID-NATIONAL_ID-REGISTRATION_DATE,2
+REL_POINTER(DOMAIN:OPEN_SANCTIONS|MIN:COLEGĂ ÎN GUVERN|MAX:),2
"+REL_POINTER(DOMAIN:OPEN_SANCTIONS|MIN:|MAX:OWNED OR CONTROLLED BY,ПРЕЗИДЕНТ)",2
"+REL_POINTER(DOMAIN:OPEN_SANCTIONS|MIN:RELATED\-TO,REPRESENTATIVE|MAX:)",2
"+REL_POINTER(DOMAIN:OPEN_SANCTIONS|MIN:|MAX:OWNED OR CONTROLLED BY,SHIP AND COMMERCIAL MANAGER)",2
+ADDRESS+REL_POINTER(DOMAIN:OPEN_SANCTIONS|MIN:RELATED\-TO|MAX:)-RECORD_TYPE,2
"+ADDRESS+REL_POINTER(DOMAIN:OPEN_SANCTIONS|MIN:OWNS\, CONTROLS\, OR OPERATES|MAX:)-RECORD_TYPE",2
+ADDRESS+NATIONALITY-DOB-GENDER-PASSPORT-NATIONAL_ID,2
+ADDRESS+REGISTRATION_COUNTRY+REL_POINTER(DOMAIN:OPEN_SANCTIONS|MIN:OWNERSHIP|MAX:)-TAX_ID-NATIONAL_ID-REGISTRATION_DATE-LEI_NUMBER,2
+REL_POINTER(DOMAIN:OPEN_SANCTIONS|MIN:|MAX:OFFICER),2
"+ADDRESS+REL_POINTER(DOMAIN:OPEN_SANCTIONS|MIN:OWNED OR CONTROLLED BY,OWNERSHIP OF SHARES 75 TO 100 PERCENT|MAX:)-RECORD_TYPE",2
+PHONE+CITIZENSHIP+NATIONALITY-GENDER-TRUSTED_ID,2
+REL_POINTER(DOMAIN:OPEN_SANCTIONS|MIN:|MAX:MEMBER),2
+REL_POINTER(DOMAIN:OPEN_SANCTIONS|MIN:|MAX:MANAGER AND COMMERCIAL OPERATOR),2
+ADDRESS+REL_POINTER(DOMAIN:OPEN_SANCTIONS|MIN:OWNED OR CONTROLLED BY|MAX:),2
+ADDRESS+NATIONALITY-DOB-GENDER-NATIONAL_ID,2
+ADDRESS+REGISTRATION_COUNTRY-ADDRESS-NATIONAL_ID,2
+REL_POINTER(DOMAIN:OPEN_SANCTIONS|MIN:|MAX:LĪDZEKĻI),2
+LIKELY_NAME+WEBSITE+CITIZENSHIP+NATIONALITY-TRUSTED_ID,2
+ADDRESS+REGISTRATION_COUNTRY+REL_POINTER(DOMAIN:OPEN_SANCTIONS|MIN:SHAREHOLDER OF|MAX:)-NATIONAL_ID-REGISTRATION_DATE-LEI_NUMBER,2
+REL_POINTER(DOMAIN:OPEN_SANCTIONS|MIN:SETTLOR OF|MAX:),2
+REL_POINTER(DOMAIN:OPEN_SANCTIONS|MIN:|MAX:LEGAL REPRESENTATIVE OF),2
+ADDRESS+REL_POINTER(DOMAIN:OPEN_SANCTIONS|MIN:|MAX:ГЕНЕРАЛЬНЫЙ ДИРЕКТОР)-TAX_ID-RECORD_TYPE,2
"+REL_POINTER(DOMAIN:OPEN_SANCTIONS|MIN:|MAX:LEADER OR OFFICIAL OF,ГЕНЕРАЛЬНЫЙ ДИРЕКТОР)",2
+NAME+NATIONALITY+REL_POINTER(DOMAIN:OPEN_SANCTIONS|MIN:FAMILY|MAX:),2
+REL_POINTER(DOMAIN:OPEN_SANCTIONS|MIN:|MAX:KAPITĀLDAĻAS),2
"+REL_POINTER(DOMAIN:OPEN_SANCTIONS|MIN:CO\-CHAIRMAN OF,DIRECTOR OF|MAX:)",2
"+REL_POINTER(DOMAIN:OPEN_SANCTIONS|MIN:|MAX:JUHATUSE LIIGE,OTSENE OSALUS)",2
"+REL_POINTER(DOMAIN:OPEN_SANCTIONS|MIN:|MAX:IS ULTIMATELY CONSOLIDATED BY,SHAREHOLDER OF)",2
+NAME+NATIONAL_ID+REGISTRATION_COUNTRY (Ambiguous),2
+NAME+NATIONAL_ID+REGISTRATION_COUNTRY-ADDRESS-TAX_ID-REGISTRATION_DATE,2
+REL_POINTER(DOMAIN:OPEN_SANCTIONS|MIN:|MAX:IS INTERNATIONAL BRANCH OF),2
+ADDRESS+NATIONALITY-TAX_ID,2
+LIKELY_NAME+PHONE+REGISTRATION_DATE+REGISTRATION_COUNTRY-TAX_ID-NATIONAL_ID,2
+NAME-NATIONAL_ID-LEI_NUMBER,2
+NAME+LEI_NUMBER-NATIONAL_ID,2
+REL_POINTER(DOMAIN:OPEN_SANCTIONS|MIN:|MAX:INVESTMENT MANAGER OF),2
+REL_POINTER(DOMAIN:OPEN_SANCTIONS|MIN:SIGNIFICANT INFLUENCE OR CONTROL|MAX:),2
+NAME+EMAIL+REGISTRATION_DATE+REGISTRATION_COUNTRY-ADDRESS-TAX_ID-NATIONAL_ID,2
+NAME+EMAIL+REGISTRATION_COUNTRY-ADDRESS-TAX_ID-NATIONAL_ID-REGISTRATION_DATE,2
+NAME+DOD-DOB-TRUSTED_ID,2
+WEBSITE+NATIONALITY-GENDER,2
+ADDRESS+REL_POINTER(DOMAIN:OPEN_SANCTIONS|MIN:|MAX:OWNED OR CONTROLLED BY)-TAX_ID-REGISTRATION_DATE,2
+WEBSITE-RECORD_TYPE,2
"+ADDRESS+REL_POINTER(DOMAIN:OPEN_SANCTIONS|MIN:|MAX:OWNED OR CONTROLLED BY,RIGHT TO APPOINT AND REMOVE DIRECTORS)-RECORD_TYPE",2
+ADDRESS+NATIONALITY+PLACE_OF_BIRTH-DOB,2
+ADDRESS+REL_POINTER(DOMAIN:OPEN_SANCTIONS|MIN:|MAX:OWNED OR CONTROLLED BY)-REGISTRATION_DATE,2
"+REL_POINTER(DOMAIN:OPEN_SANCTIONS|MIN:TREASURER OF,VICE\-PRESIDENT OF|MAX:)",2
+REL_POINTER(DOMAIN:OPEN_SANCTIONS|MIN:ULTIMATE BENEFICIAL OWNER|MAX:),2
+NAME+DOB+NATIONALITY-NATIONAL_ID,2
+PHONE+NATIONALITY-DOB-TRUSTED_ID,2
+NAME+DOB-GENDER,2
+ADDRESS+NATIONAL_ID+REL_POINTER(DOMAIN:OPEN_SANCTIONS|MIN:OWNED OR CONTROLLED BY|MAX:)-RECORD_TYPE,2
+REL_POINTER(DOMAIN:OPEN_SANCTIONS|MIN:VOTING RIGHTS 25 TO 50 PERCENT|MAX:),2
+ADDRESS+NATIONALITY+PLACE_OF_BIRTH-DOB-GENDER,2
+ADDRESS+NATIONALITY+PLACE_OF_BIRTH-DOB-GENDER-NATIONAL_ID,2
+REL_POINTER(DOMAIN:OPEN_SANCTIONS|MIN:ΒΟΗΘΌΣ ΓΡΑΜΜΑΤΈΑΣ|MAX:),2
+REL_POINTER(DOMAIN:OPEN_SANCTIONS|MIN:|MAX:CO\-TRUSTEE OF),2
"+REL_POINTER(DOMAIN:OPEN_SANCTIONS|MIN:|MAX:CONTROLLED BY OMM,OWNED OR CONTROLLED BY)",2
+NAME+DOB+CITIZENSHIP,2
"+ADDRESS+REL_POINTER(DOMAIN:OPEN_SANCTIONS|MIN:|MAX:JUDICIAL REPRESENTATIVE OF,LEGAL REPRESENTATIVE OF,OWNED OR CONTROLLED BY)-RECORD_TYPE",2
+REL_POINTER(DOMAIN:OPEN_SANCTIONS|MIN:|MAX:COLEG ÎN GUVERN),2
+ADDRESS+REL_POINTER(DOMAIN:OPEN_SANCTIONS|MIN:|MAX:JEDNATEL)-RECORD_TYPE,2
+REL_POINTER(DOMAIN:OPEN_SANCTIONS|MIN:|MAX:ČLEN PŘEDTAVENSTVA),2
+WEBSITE+REGISTRATION_COUNTRY,2
+ADDRESS+PHONE+REGISTRATION_DATE+REGISTRATION_COUNTRY-NATIONAL_ID,2
+PHONE+REGISTRATION_COUNTRY-REGISTRATION_DATE,2
+LIKELY_NAME+ADDRESS+REGISTRATION_COUNTRY+REL_POINTER(DOMAIN:OPEN_SANCTIONS|MIN:OWNERSHIP|MAX:OWNERSHIP)-TAX_ID-NATIONAL_ID-REGISTRATION_DATE,2
+NAME+ADDRESS-TAX_ID-REGISTRATION_DATE,2
+NAME+ADDRESS-TAX_ID-NATIONAL_ID-REGISTRATION_DATE,2
"+REL_POINTER(DOMAIN:OPEN_SANCTIONS|MIN:|MAX:CHAIRMAN OF,DIRECTOR OF,SHAREHOLDER OF)",2
+NAME+ADDRESS+REL_POINTER(DOMAIN:OPEN_SANCTIONS|MIN:OWNERSHIP|MAX:) (Ambiguous),2
+ADDRESS+REGISTRATION_COUNTRY+REL_POINTER(DOMAIN:OPEN_SANCTIONS|MIN:RIGHT TO APPOINT AND REMOVE DIRECTORS|MAX:)-NATIONAL_ID-REGISTRATION_DATE-LEI_NUMBER,2
"+REL_POINTER(DOMAIN:OPEN_SANCTIONS|MIN:|MAX:CHAIRMAN OF,DIRECTOR OF,IS SIGNATORY FOR)",2
+PHONE+REGISTRATION_COUNTRY-TAX_ID-NATIONAL_ID-REGISTRATION_DATE,2
+ADDRESS+REL_POINTER(DOMAIN:OPEN_SANCTIONS|MIN:|MAX:ACTING FOR OR ON BEHALF OF)-TAX_ID-RECORD_TYPE,2
+ADDRESS+REL_POINTER(DOMAIN:OPEN_SANCTIONS|MIN:|MAX:ACTING FOR OR ON BEHALF OF)-RECORD_TYPE,2
"+REL_POINTER(DOMAIN:OPEN_SANCTIONS|MIN:BENEFICIARY OF,SHAREHOLDER OF|MAX:)",2
+ADDRESS+REGISTRATION_COUNTRY+REL_POINTER(DOMAIN:OPEN_SANCTIONS|MIN:|MAX:OWNERSHIP)-TAX_ID-NATIONAL_ID-REGISTRATION_DATE-LEI_NUMBER,2
+LIKELY_NAME+ADDRESS+REGISTRATION_COUNTRY+REL_POINTER(DOMAIN:OPEN_SANCTIONS|MIN:SUCCESSION|MAX:)-TAX_ID-NATIONAL_ID-REGISTRATION_DATE,2
+NAME+ADDRESS+REL_POINTER(DOMAIN:OPEN_SANCTIONS|MIN:OWNED OR CONTROLLED BY|MAX:)-NATIONAL_ID,2
+NAME+ADDRESS+REL_POINTER(DOMAIN:OPEN_SANCTIONS|MIN:|MAX:OWNERSHIP)-LEI_NUMBER,2
+ADDRESS+CITIZENSHIP+NATIONALITY+PLACE_OF_BIRTH-DOB-GENDER-PASSPORT-TRUSTED_ID,2
+ADDRESS+REL_POINTER(DOMAIN:OPEN_SANCTIONS|MIN:IS ULTIMATELY CONSOLIDATED BY|MAX:)-NATIONAL_ID-LEI_NUMBER,2
+ADDRESS+REGISTRATION_COUNTRY+REL_POINTER(DOMAIN:OPEN_SANCTIONS|MIN:|MAX:PROVIDING SUPPORT TO)-NATIONAL_ID-REGISTRATION_DATE,2
+ADDRESS+REGISTRATION_COUNTRY+REL_POINTER(DOMAIN:OPEN_SANCTIONS|MIN:|MAX:RIGHT TO APPOINT AND REMOVE DIRECTORS)-NATIONAL_ID,2
+ADDRESS+CITIZENSHIP+NATIONALITY+PLACE_OF_BIRTH-DOB-GENDER-PASSPORT,2
+REL_POINTER(DOMAIN:OPEN_SANCTIONS|MIN:|MAX:AUDIITORETTEVÕTJA),2
+REL_POINTER(DOMAIN:OPEN_SANCTIONS|MIN:|MAX:ASSOCIATE OF 'TACTICAL MISSILES CORPORATION JOINT STOCK COMPANY'),2
"+REL_POINTER(DOMAIN:OPEN_SANCTIONS|MIN:|MAX:ASSOCIATE OF,OWNED OR CONTROLLED BY)",2
"+NAME+ADDRESS+REL_POINTER(DOMAIN:OPEN_SANCTIONS|MIN:IS ULTIMATELY CONSOLIDATED BY,RIGHT TO APPOINT AND REMOVE DIRECTORS|MAX:)-NATIONAL_ID-REGISTRATION_DATE-LEI_NUMBER",2
+PNAME+ADDRESS+CITIZENSHIP+NATIONALITY-DOB-PASSPORT-TRUSTED_ID,2
+ADDRESS-NPI_NUMBER,2
"+REL_POINTER(DOMAIN:OPEN_SANCTIONS|MIN:|MAX:APPLEBY ASSIGNED ATTORNEY,IS SIGNATORY FOR)",2
+WEBSITE+REGISTRATION_COUNTRY-ADDRESS-REGISTRATION_DATE,2
+ADDRESS+CITIZENSHIP+NATIONALITY-DOB-PASSPORT,2
+LIKELY_NAME+ADDRESS+REGISTRATION_DATE+REGISTRATION_COUNTRY+REL_POINTER(DOMAIN:OPEN_SANCTIONS|MIN:SUCCESSION|MAX:)-TAX_ID-NATIONAL_ID,2
+ADDRESS-NATIONAL_ID-RECORD_TYPE,2
"+REL_POINTER(DOMAIN:OPEN_SANCTIONS|MIN:|MAX:ACTING FOR OR ON BEHALF OF,REPRESENTATIVE)",2
"+ADDRESS+REL_POINTER(DOMAIN:OPEN_SANCTIONS|MIN:ACTING FOR OR ON BEHALF OF,OWNERSHIP,ГЕНЕРАЛЬНЫЙ ДИРЕКТОР|MAX:)-TAX_ID-NATIONAL_ID-RECORD_TYPE",2
+REL_POINTER(DOMAIN:OPEN_SANCTIONS|MIN:ПРЕДСЕДАТЕЛЬ ЛИКВИДАЦИОННОЙ КОМИССИИ|MAX:),2
"+REL_POINTER(DOMAIN:OPEN_SANCTIONS|MIN:|MAX:ACTING FOR OR ON BEHALF OF,OWNERSHIP,ГЕНЕРАЛЬНЫЙ ДИРЕКТОР)",2
"+NAME+ADDRESS+REGISTRATION_DATE+REGISTRATION_COUNTRY+REL_POINTER(DOMAIN:OPEN_SANCTIONS|MIN:IS ULTIMATELY CONSOLIDATED BY,OWNERSHIP|MAX:)-TAX_ID-NATIONAL_ID-LEI_NUMBER",2
+REL_POINTER(DOMAIN:OPEN_SANCTIONS|MIN:MANAGING DIRECTOR OF|MAX:),2
+REL_POINTER(DOMAIN:OPEN_SANCTIONS|MIN:LOCAL REPRESENTATIVE OF|MAX:),2
+REL_POINTER(DOMAIN:OPEN_SANCTIONS|MIN:LINKED|MAX:),2
"+REL_POINTER(DOMAIN:OPEN_SANCTIONS|MIN:LEADER OR OFFICIAL OF,OWNERSHIP|MAX:)",2
+NAME+ADDRESS+REGISTRATION_COUNTRY+REL_POINTER(DOMAIN:OPEN_SANCTIONS|MIN:SUCCESSION|MAX:)-TAX_ID-NATIONAL_ID,2
+REL_POINTER(DOMAIN:OPEN_SANCTIONS|MIN:РУКОВОДИТЕЛЬ ЛИКВИДАЦИОННОЙ КОМИССИИ|MAX:),2
+NAME+ADDRESS+REGISTRATION_COUNTRY+REL_POINTER(DOMAIN:OPEN_SANCTIONS|MIN:RIGHT TO APPOINT AND REMOVE DIRECTORS|MAX:)-NATIONAL_ID,2
+ADDRESS+REGISTRATION_DATE+REGISTRATION_COUNTRY-TAX_ID-NATIONAL_ID-LEI_NUMBER,2
+ADDRESS+NATIONALITY+PLACE_OF_BIRTH-DOB-PASSPORT,2
+NAME+ADDRESS+REGISTRATION_COUNTRY+REL_POINTER(DOMAIN:OPEN_SANCTIONS|MIN:OWNERSHIP|MAX:OWNERSHIP)-TAX_ID-NATIONAL_ID-REGISTRATION_DATE,2
+LIKELY_NAME+ADDRESS+REL_POINTER(DOMAIN:OPEN_SANCTIONS|MIN:|MAX:OWNERSHIP)-REGISTRATION_DATE,2
+REL_POINTER(DOMAIN:OPEN_SANCTIONS|MIN:СОПРЕДСЕДАТЕЛЬ РЕГИОНАЛЬНОГО ШТАБА|MAX:),2
+ADDRESS+REGISTRATION_DATE+REGISTRATION_COUNTRY+REL_POINTER(DOMAIN:OPEN_SANCTIONS|MIN:SUCCESSION|MAX:)-TAX_ID-NATIONAL_ID,2
+LIKELY_NAME+ADDRESS+REL_POINTER(DOMAIN:OPEN_SANCTIONS|MIN:OWNERSHIP|MAX:),2
"+REL_POINTER(DOMAIN:OPEN_SANCTIONS|MIN:IS SIGNATORY FOR,TREASURER OF|MAX:)",2
"+REL_POINTER(DOMAIN:OPEN_SANCTIONS|MIN:IS SIGNATORY FOR,PRESIDENT OF|MAX:)",2
+REL_POINTER(DOMAIN:OPEN_SANCTIONS|MIN:IS FUND\-MANAGED BY|MAX:),2
+NAME+ADDRESS+REGISTRATION_COUNTRY+REL_POINTER(DOMAIN:OPEN_SANCTIONS|MIN:OWNED OR CONTROLLED BY|MAX:)-TAX_ID-NATIONAL_ID-REGISTRATION_DATE,2
"+REL_POINTER(DOMAIN:OPEN_SANCTIONS|MIN:IS DIRECTLY CONSOLIDATED BY,IS ULTIMATELY CONSOLIDATED BY,OWNERSHIP|MAX:)",2
"+REL_POINTER(DOMAIN:OPEN_SANCTIONS|MIN:IS DIRECTLY CONSOLIDATED BY,IS ULTIMATELY CONSOLIDATED BY,OWNED OR CONTROLLED BY,OWNERSHIP|MAX:)",2
+ADDRESS+REGISTRATION_COUNTRY+REL_POINTER(DOMAIN:OPEN_SANCTIONS|MIN:PROVIDING SUPPORT TO|MAX:)-NATIONAL_ID-REGISTRATION_DATE,2
+REL_POINTER(DOMAIN:OPEN_SANCTIONS|MIN:CHAIRMAN OF THE BOARD OF|MAX:),2
+TAX_ID-DOB,2
+ADDRESS+REGISTRATION_DATE+REGISTRATION_COUNTRY+REL_POINTER(DOMAIN:OPEN_SANCTIONS|MIN:|MAX:IS ULTIMATELY CONSOLIDATED BY)-TAX_ID-NATIONAL_ID-LEI_NUMBER,2
+TAX_ID+NATIONAL_ID-ADDRESS,2
+ADDRESS+REGISTRATION_COUNTRY+REL_POINTER(DOMAIN:OPEN_SANCTIONS|MIN:OWNED OR CONTROLLED BY|MAX:)-NATIONAL_ID-REGISTRATION_DATE,2
+ADDRESS+OTHER_ID,2
+REL_POINTER(DOMAIN:OPEN_SANCTIONS|MIN:ASSOCIATE OF 'IRKUT CORPORATION'|MAX:),2
"+REL_POINTER(DOMAIN:OPEN_SANCTIONS|MIN:CHAIRMAN OF THE BOARD OF,DIRECTOR OF,PRESIDENT OF|MAX:)",2
+TAX_ID+NATIONAL_ID+REGISTRATION_COUNTRY-ADDRESS,2
+ADDRESS+REGISTRATION_COUNTRY+REL_POINTER(DOMAIN:OPEN_SANCTIONS|MIN:OWNED OR CONTROLLED BY|MAX:)-REGISTRATION_DATE,2
+ADDRESS+REGISTRATION_COUNTRY+REL_POINTER(DOMAIN:OPEN_SANCTIONS|MIN:OWNED OR CONTROLLED BY|MAX:)-TAX_ID-NATIONAL_ID-REGISTRATION_DATE,2
"+REL_POINTER(DOMAIN:OPEN_SANCTIONS|MIN:ACTING FOR OR ON BEHALF OF,REPRESENTATIVE BASED IN SYRIA AND LEBANON|MAX:)",2
+NAME+ADDRESS+REGISTRATION_COUNTRY+REL_POINTER(DOMAIN:OPEN_SANCTIONS|MIN:OWNED OR CONTROLLED BY|MAX:)-NATIONAL_ID-REGISTRATION_DATE-LEI_NUMBER,2
+ADDRESS+CITIZENSHIP+NATIONALITY-DOB-GENDER-PASSPORT-TAX_ID-NATIONAL_ID,2
"+NAME+ADDRESS+REGISTRATION_COUNTRY+REL_POINTER(DOMAIN:OPEN_SANCTIONS|MIN:|MAX:OWNED OR CONTROLLED BY,OWNERSHIP)-TAX_ID-NATIONAL_ID",2
"+REL_POINTER(DOMAIN:OPEN_SANCTIONS|MIN:ACTING FOR OR ON BEHALF OF,ГЕНЕРАЛЬНЫЙ ДИРЕКТОР|MAX:)",2
"+REL_POINTER(DOMAIN:OPEN_SANCTIONS|MIN:ASSOCIATE OF,OWNED OR CONTROLLED BY|MAX:)",2
+NAME+ADDRESS+REGISTRATION_COUNTRY+REL_POINTER(DOMAIN:OPEN_SANCTIONS|MIN:IS ULTIMATELY CONSOLIDATED BY|MAX:)-TAX_ID-NATIONAL_ID-REGISTRATION_DATE-LEI_NUMBER,2
"+NAME+ADDRESS+REGISTRATION_COUNTRY+REL_POINTER(DOMAIN:OPEN_SANCTIONS|MIN:IS DIRECTLY CONSOLIDATED BY,RIGHT TO APPOINT AND REMOVE DIRECTORS|MAX:)-NATIONAL_ID-REGISTRATION_DATE-LEI_NUMBER",2
+TAX_ID+REGISTRATION_COUNTRY-NATIONAL_ID-REGISTRATION_DATE,2
+LIKELY_NAME+NATIONAL_ID,2
"+ADDRESS+REGISTRATION_COUNTRY+REL_POINTER(DOMAIN:OPEN_SANCTIONS|MIN:OWNED OR CONTROLLED BY,OWNERSHIP|MAX:)-TAX_ID-NATIONAL_ID",2
+LIKELY_NAME+TAX_ID,2
+REL_POINTER(DOMAIN:OPEN_SANCTIONS|MIN:EMPLOYEE|MAX:),2
+NAME+ADDRESS+REGISTRATION_COUNTRY+REL_POINTER(DOMAIN:OPEN_SANCTIONS|MIN:FOUNDER|MAX:)-NATIONAL_ID,2
+REL_POINTER(DOMAIN:OPEN_SANCTIONS|MIN:|MAX:РУКОВОДИТЕЛЬ ЮРИДИЧЕСКОГО ЛИЦА),2
+REL_POINTER(DOMAIN:OPEN_SANCTIONS|MIN:|MAX:РУКОВОДИТЕЛЬ ЛИКВИДАЦИОННОЙ КОМИССИИ),2
+ADDRESS+REGISTRATION_COUNTRY+REL_POINTER(DOMAIN:OPEN_SANCTIONS|MIN:|MAX:IS ULTIMATELY CONSOLIDATED BY)-TAX_ID-NATIONAL_ID-REGISTRATION_DATE-LEI_NUMBER,2
+EMAIL+WEBSITE+REGISTRATION_COUNTRY-ADDRESS-TAX_ID-NATIONAL_ID-REGISTRATION_DATE,2
"+REL_POINTER(DOMAIN:OPEN_SANCTIONS|MIN:DIRECTOR OF,PRESIDENT OF,SHAREHOLDER OF,VICE\-PRESIDENT OF|MAX:)",2
+REL_POINTER(DOMAIN:OPEN_SANCTIONS|MIN:|MAX:ПРЕЗИДЕНТ ФОНДА),2
"+ADDRESS+REGISTRATION_COUNTRY+REL_POINTER(DOMAIN:OPEN_SANCTIONS|MIN:|MAX:IS ULTIMATELY CONSOLIDATED BY,OWNERSHIP)-NATIONAL_ID-REGISTRATION_DATE-LEI_NUMBER",2
+NPI_NUMBER-NATIONAL_ID-RECORD_TYPE,2
+EMAIL+REGISTRATION_COUNTRY-TAX_ID-NATIONAL_ID-REGISTRATION_DATE,2
+ADDRESS+NATIONALITY-GENDER-TRUSTED_ID,2
+REL_POINTER(DOMAIN:OPEN_SANCTIONS|MIN:|MAX:НАЧАЛЬНИК УЧРЕЖДЕНИЯ),2
+REL_POINTER(DOMAIN:OPEN_SANCTIONS|MIN:|MAX:НАЧАЛЬНИК УПРАВЛЕНИЯ ФЕДЕРАЛЬНОЙ СЛУЖБЫ ВОЙСК НАЦИОНАЛЬНОЙ ГВАРДИИ РОССИЙСКОЙ ФЕДЕРАЦИИ ПО ЧЕЛЯБИНСКОЙ ОБЛАСТИ),2
+OTHER_ID-DOB-GENDER-TRUSTED_ID,2
+NATIONAL_ID+REGISTRATION_COUNTRY-TAX_ID,2
+LIKELY_NAME+ADDRESS+CITIZENSHIP+NATIONALITY-DOB,2
+EMAIL+NATIONALITY-TRUSTED_ID,2
+EMAIL+NATIONALITY-GENDER,2
+NATIONAL_ID+REGISTRATION_COUNTRY,2
"+REL_POINTER(DOMAIN:OPEN_SANCTIONS|MIN:DIRECTOR OF,PRESIDENT OF,SHAREHOLDER OF|MAX:)",2
+EMAIL+NATIONALITY-DOB-GENDER-TRUSTED_ID,2
"+REL_POINTER(DOMAIN:OPEN_SANCTIONS|MIN:DIRECTOR OF,OWNED OR CONTROLLED BY|MAX:)",2
+REL_POINTER(DOMAIN:OPEN_SANCTIONS|MIN:OWNED OR CONTROLLED BY|MAX:SHIP SAFETY MANAGEMENT MANAGER),2
+EMAIL+CITIZENSHIP+NATIONALITY-TRUSTED_ID,2
"+REL_POINTER(DOMAIN:OPEN_SANCTIONS|MIN:DIRECTOR OF,IS SIGNATORY FOR,SHAREHOLDER OF|MAX:)",2
"+REL_POINTER(DOMAIN:OPEN_SANCTIONS|MIN:OWNED OR CONTROLLED BY,OWNER|MAX:)",2
+ADDRESS+NATIONALITY-DOB-TRUSTED_ID,2
+ADDRESS+NATIONALITY-DOB-TAX_ID-NATIONAL_ID,2
+OTHER_ID+NATIONALITY-DOB-GENDER,2
+LIKELY_NAME+ADDRESS+CITIZENSHIP+NATIONALITY-DOB-PASSPORT-TRUSTED_ID,2
+OTHER_ID+NATIONALITY-DOB-NATIONAL_ID,2
+REL_POINTER(DOMAIN:OPEN_SANCTIONS|MIN:|MAX:КОНКУРСНЫЙ УПРАВЛЯЮЩИЙ),2
+REL_POINTER(DOMAIN:OPEN_SANCTIONS|MIN:|MAX:ИСПОЛНЯЮЩАЯ ОБЯЗАННОСТИ РЕКТОРА),2
"+REL_POINTER(DOMAIN:OPEN_SANCTIONS|MIN:DIRECTOR OF,IS SIGNATORY FOR,PRESIDENT OF,SHAREHOLDER OF|MAX:)",2
+ADDRESS+REGISTRATION_COUNTRY+REL_POINTER(DOMAIN:OPEN_SANCTIONS|MIN:|MAX:OWNED OR CONTROLLED BY)-NATIONAL_ID-REGISTRATION_DATE,2
"+REL_POINTER(DOMAIN:OPEN_SANCTIONS|MIN:OWNED OR CONTROLLED BY,PART RIGHT TO SHARE SURPLUS ASSETS 75 TO 100 PERCENT|MAX:)",2
+NAME+WEBSITE+REL_POINTER(DOMAIN:OPEN_SANCTIONS|MIN:OWNERSHIP|MAX:)-LEI_NUMBER,2
+OTHER_ID+NATIONALITY-DOB-TAX_ID,2
"+REL_POINTER(DOMAIN:OPEN_SANCTIONS|MIN:OWNED OR CONTROLLED BY,SHIPOWNER|MAX:)",2
"+ADDRESS+REGISTRATION_COUNTRY+REL_POINTER(DOMAIN:OPEN_SANCTIONS|MIN:|MAX:IS DIRECTLY CONSOLIDATED BY,IS ULTIMATELY CONSOLIDATED BY)-NATIONAL_ID-LEI_NUMBER",2
+ADDRESS+REGISTRATION_COUNTRY+REL_POINTER(DOMAIN:OPEN_SANCTIONS|MIN:|MAX:FOUNDER)-NATIONAL_ID,2
+ADDRESS+NATIONALITY+NPI_NUMBER-DOB,2
+REL_POINTER(DOMAIN:OPEN_SANCTIONS|MIN:НАЧАЛЬНИК УЧРЕЖДЕНИЯ|MAX:),1
+REL_POINTER(DOMAIN:OPEN_SANCTIONS|MIN:НАЧАЛЬНИК ФКУ ИК\-37|MAX:),1
+REL_POINTER(DOMAIN:OPEN_SANCTIONS|MIN:ПРЕДСЕДАТЕЛЬ|MAX:),1
+REL_POINTER(DOMAIN:OPEN_SANCTIONS|MIN:ПРЕДСЕДАТЕЛЬ КОМИТЕТА|MAX:),1
+REL_POINTER(DOMAIN:OPEN_SANCTIONS|MIN:ПРЕДСЕДАТЕЛЬ РЕГИОНАЛЬНОГО СОВЕТА|MAX:),1
+REL_POINTER(DOMAIN:OPEN_SANCTIONS|MIN:ПРЕЗИДЕНТ\-ПРЕДСЕДАТЕЛЬ ПРАВЛЕНИЯ|MAX:),1
"+REL_POINTER(DOMAIN:OPEN_SANCTIONS|MIN:РЕКТОР ФЕДЕРАЛЬНОГО ГОСУДАРСТВЕННОГО БЮДЖЕТНОГО ОБРАЗОВАТЕЛЬНОГО УЧРЕЖДЕНИЯ ВЫСШЕГО ОБРАЗОВАНИЯ ""БУРЯТСКИЙ ГОСУДАРСТВЕННЫЙ УНИВЕРСИТЕТ ИМЕНИ ДОРЖИ БАНЗАРОВА""|MAX:)",1
+REL_POINTER(DOMAIN:OPEN_SANCTIONS|MIN:РУКОВОДИТЕЛЬ ПОГРАНИЧНОЙ СЛУЖБЫ ФСБ РОССИИ|MAX:),1
+REL_POINTER(DOMAIN:OPEN_SANCTIONS|MIN:РУКОВОДИТЕЛЬ СЛЕДСТВЕННОГО УПРАВЛЕНИЯ СЛЕДСТВЕННОГО КОМИТЕТА РОССИЙСКОЙ ФЕДЕРАЦИИ ПО АЛТАЙСКОМУ КРАЮ|MAX:),1
+REL_POINTER(DOMAIN:OPEN_SANCTIONS|MIN:РУКОВОДИТЕЛЬ УЧРЕЖДЕНИЯ|MAX:),1
+REL_POINTER(DOMAIN:OPEN_SANCTIONS|MIN:УПРАВЛЯЮЩИЙ|MAX:),1
+REL_POINTER(DOMAIN:OPEN_SANCTIONS|MIN:УПРАВЛЯЮЩИЙ ДЕЛАМИ ПРЕЗИДЕНТА РОССИЙСКОЙ ФЕДЕРАЦИИ|MAX:),1
"+REL_POINTER(DOMAIN:OPEN_SANCTIONS|MIN:УПРАВЛЯЮЩИЙ ДИРЕКТОР ООО ""БЕЛЭНЕРГОМАШ\-БЗЭМ""|MAX:)",1
+REL_POINTER(DOMAIN:OPEN_SANCTIONS|MIN:ФИНАНСОВЫЙ ДИРЕКТОР|MAX:),1
+TAX_ID-ADDRESS-NATIONAL_ID,1
+TAX_ID+CITIZENSHIP+NATIONALITY-DOB,1
+TAX_ID+CITIZENSHIP+NATIONALITY-DOB-GENDER-TRUSTED_ID,1
+TAX_ID+NATIONAL_ID+CITIZENSHIP+NATIONALITY+PLACE_OF_BIRTH-DOB,1
+TAX_ID+NATIONAL_ID+REGISTRATION_COUNTRY-ADDRESS-REGISTRATION_DATE,1
+TAX_ID+NATIONAL_ID+REGISTRATION_COUNTRY-REGISTRATION_DATE,1
"+TAX_ID+NATIONAL_ID+REL_POINTER(DOMAIN:OPEN_SANCTIONS|MIN:|MAX:OWNERSHIP,ГЕНЕРАЛЬНЫЙ ДИРЕКТОР)-RECORD_TYPE",1
+TAX_ID+NATIONAL_ID+REL_POINTER(DOMAIN:OPEN_SANCTIONS|MIN:|MAX:ГЕНЕРАЛЬНЫЙ ДИРЕКТОР)-RECORD_TYPE,1
"+TAX_ID+NATIONAL_ID+REL_POINTER(DOMAIN:OPEN_SANCTIONS|MIN:OWNERSHIP,ГЕНЕРАЛЬНЫЙ ДИРЕКТОР|MAX:)-RECORD_TYPE",1
+TAX_ID+NATIONALITY-TRUSTED_ID,1
+TAX_ID-RECORD_TYPE,1
+TAX_ID+REGISTRATION_COUNTRY+REL_POINTER(DOMAIN:OPEN_SANCTIONS|MIN:|MAX:SUCCESSION)-ADDRESS-NATIONAL_ID-REGISTRATION_DATE,1
+TAX_ID+REL_POINTER(DOMAIN:OPEN_SANCTIONS|MIN:|MAX:LEADER OR OFFICIAL OF)-RECORD_TYPE,1
+TAX_ID+REL_POINTER(DOMAIN:OPEN_SANCTIONS|MIN:|MAX:ДИРЕКТОР)-RECORD_TYPE,1
+TAX_ID+REL_POINTER(DOMAIN:OPEN_SANCTIONS|MIN:OWNERSHIP|MAX:),1
+TAX_ID+REL_POINTER(DOMAIN:OPEN_SANCTIONS|MIN:ГЕНЕРАЛЬНЫЙ ДИРЕКТОР|MAX:)-RECORD_TYPE,1
+WEBSITE+CITIZENSHIP-DOB-GENDER-TRUSTED_ID,1
+WEBSITE+CITIZENSHIP-DOB-TRUSTED_ID,1
+WEBSITE+CITIZENSHIP+NATIONALITY-GENDER-TRUSTED_ID,1
+WEBSITE+CITIZENSHIP+NATIONALITY+PLACE_OF_BIRTH-GENDER-TRUSTED_ID,1
+WEBSITE+CITIZENSHIP+NATIONALITY+PLACE_OF_BIRTH+REL_POINTER(DOMAIN:OPEN_SANCTIONS|MIN:FAMILY|MAX:FAMILY)-DOB-TRUSTED_ID,1
+WEBSITE+CITIZENSHIP+NATIONALITY+PLACE_OF_BIRTH-TRUSTED_ID,1
+WEBSITE+CITIZENSHIP+NATIONALITY+REL_POINTER(DOMAIN:OPEN_SANCTIONS|MIN:|MAX:FAMILY)-DOB-TRUSTED_ID,1
+WEBSITE+CITIZENSHIP+REL_POINTER(DOMAIN:OPEN_SANCTIONS|MIN:FAMILY|MAX:)-DOB-TRUSTED_ID,1
+WEBSITE-GENDER-TRUSTED_ID,1
+WEBSITE-NATIONAL_ID,1
+WEBSITE+NATIONALITY-DOB-GENDER,1
+WEBSITE+REGISTRATION_COUNTRY-ADDRESS,1
+WEBSITE+REGISTRATION_COUNTRY-ADDRESS-NATIONAL_ID,1
+WEBSITE+REGISTRATION_COUNTRY-ADDRESS-NATIONAL_ID-REGISTRATION_DATE-LEI_NUMBER,1
+WEBSITE+REGISTRATION_COUNTRY-ADDRESS-TAX_ID-NATIONAL_ID-REGISTRATION_DATE,1
+WEBSITE+REGISTRATION_COUNTRY-NATIONAL_ID,1
+WEBSITE+REGISTRATION_COUNTRY-NATIONAL_ID-REGISTRATION_DATE,1
+WEBSITE+REGISTRATION_COUNTRY+REL_POINTER(DOMAIN:OPEN_SANCTIONS|MIN:OWNERSHIP|MAX:)-ADDRESS-REGISTRATION_DATE,1
+WEBSITE+REGISTRATION_DATE-ADDRESS-NATIONAL_ID-LEI_NUMBER,1
+WEBSITE+REL_POINTER(DOMAIN:OPEN_SANCTIONS|MIN:|MAX:FAMILY)-DOB-TRUSTED_ID,1
+WEBSITE+REL_POINTER(DOMAIN:OPEN_SANCTIONS|MIN:|MAX:OWNED OR CONTROLLED BY),1
+WEBSITE+REL_POINTER(DOMAIN:OPEN_SANCTIONS|MIN:|MAX:OWNERSHIP)-LEI_NUMBER,1
+WEBSITE+REL_POINTER(DOMAIN:OPEN_SANCTIONS|MIN:OWNERSHIP|MAX:)-ADDRESS,1
+ADDRESS+CITIZENSHIP-DOB,1
+ADDRESS+CITIZENSHIP-DOB-TAX_ID,1
+ADDRESS+CITIZENSHIP+NATIONALITY-DOB-GENDER-PASSPORT-TAX_ID-NATIONAL_ID-TRUSTED_ID,1
+ADDRESS+CITIZENSHIP+NATIONALITY-DOB-GENDER-PASSPORT-TAX_ID-TRUSTED_ID,1
+ADDRESS+CITIZENSHIP+NATIONALITY-DOB-GENDER-TAX_ID,1
+ADDRESS+CITIZENSHIP+NATIONALITY-DOB-PASSPORT-TAX_ID-NATIONAL_ID,1
+ADDRESS+CITIZENSHIP+NATIONALITY-DOB-PASSPORT-TAX_ID-TRUSTED_ID,1
+ADDRESS+CITIZENSHIP+NATIONALITY+PLACE_OF_BIRTH-DOB,1
+ADDRESS+CITIZENSHIP+NATIONALITY+PLACE_OF_BIRTH-DOB-GENDER,1
+ADDRESS+CITIZENSHIP+NATIONALITY+PLACE_OF_BIRTH-DOB-GENDER-TAX_ID,1
+ADDRESS+CITIZENSHIP+NATIONALITY+PLACE_OF_BIRTH-DOB-GENDER-TAX_ID-NATIONAL_ID,1
+ADDRESS+CITIZENSHIP+NATIONALITY+PLACE_OF_BIRTH-DOB-PASSPORT,1
+ADDRESS+CITIZENSHIP+NATIONALITY+PLACE_OF_BIRTH+REL_POINTER(DOMAIN:OPEN_SANCTIONS|MIN:FAMILY|MAX:)-DOB-GENDER-TAX_ID,1
+ADDRESS+CITIZENSHIP+NATIONALITY+PLACE_OF_BIRTH+REL_POINTER(DOMAIN:OPEN_SANCTIONS|MIN:FAMILY|MAX:FAMILY)-DOB-TRUSTED_ID,1
+ADDRESS+CITIZENSHIP+NATIONALITY+PLACE_OF_BIRTH-TRUSTED_ID,1
+ADDRESS+CITIZENSHIP+NATIONALITY+REL_POINTER(DOMAIN:OPEN_SANCTIONS|MIN:|MAX:FAMILY)-DOB-GENDER-PASSPORT-TAX_ID,1
+ADDRESS+EMAIL,1
+ADDRESS+EMAIL-NATIONAL_ID,1
+ADDRESS+EMAIL+REGISTRATION_COUNTRY-TAX_ID-NATIONAL_ID,1
+ADDRESS+NATIONAL_ID+CITIZENSHIP-DOB,1
+ADDRESS+NATIONAL_ID+EMAIL+REGISTRATION_DATE+REGISTRATION_COUNTRY-TAX_ID,1
+ADDRESS-NATIONAL_ID-NPI_NUMBER,1
+ADDRESS+NATIONAL_ID+NPI_NUMBER-RECORD_TYPE,1
+ADDRESS+NATIONAL_ID-RECORD_TYPE-NPI_NUMBER,1
+ADDRESS+NATIONAL_ID+REGISTRATION_COUNTRY,1
+ADDRESS+NATIONAL_ID+REGISTRATION_COUNTRY+REL_POINTER(DOMAIN:OPEN_SANCTIONS|MIN:IS DIRECTLY CONSOLIDATED BY|MAX:)-REGISTRATION_DATE-LEI_NUMBER,1
+ADDRESS+NATIONAL_ID+REGISTRATION_COUNTRY+REL_POINTER(DOMAIN:OPEN_SANCTIONS|MIN:SUCCESSION|MAX:)-TAX_ID-REGISTRATION_DATE,1
+ADDRESS+NATIONAL_ID+REGISTRATION_COUNTRY-TAX_ID-NATIONAL_ID-REGISTRATION_DATE,1
+ADDRESS+NATIONAL_ID+REGISTRATION_COUNTRY-TAX_ID-REGISTRATION_DATE,1
+ADDRESS+NATIONAL_ID+REL_POINTER(DOMAIN:OPEN_SANCTIONS|MIN:|MAX:OWNED OR CONTROLLED BY)-RECORD_TYPE,1
+ADDRESS+NATIONAL_ID-TAX_ID-RECORD_TYPE,1
+ADDRESS+NATIONALITY-DOB-GENDER-PASSPORT,1
+ADDRESS+NATIONALITY-DOB-NATIONAL_ID-TRUSTED_ID,1
+ADDRESS+NATIONALITY-DOB-PASSPORT-TAX_ID,1
+ADDRESS+NATIONALITY-DOB-PASSPORT-TAX_ID-NATIONAL_ID,1
+ADDRESS+NATIONALITY-GENDER-PASSPORT,1
+ADDRESS+NATIONALITY-NATIONAL_ID-NPI_NUMBER,1
+ADDRESS+NATIONALITY-PASSPORT,1
+ADDRESS+NATIONALITY+PLACE_OF_BIRTH,1
+ADDRESS+NATIONALITY+PLACE_OF_BIRTH-DOB-GENDER-PASSPORT,1
+ADDRESS+NATIONALITY+PLACE_OF_BIRTH-DOB-GENDER-TAX_ID-NATIONAL_ID,1
+ADDRESS+NATIONALITY+PLACE_OF_BIRTH-DOB-PASSPORT-TAX_ID-NATIONAL_ID,1
+ADDRESS+NATIONALITY+PLACE_OF_BIRTH+REL_POINTER(DOMAIN:OPEN_SANCTIONS|MIN:FAMILY|MAX:)-DOB,1
+ADDRESS+NATIONALITY+REL_POINTER(DOMAIN:OPEN_SANCTIONS|MIN:ACTING FOR OR ON BEHALF OF|MAX:)-DOB-GENDER-PASSPORT,1
+ADDRESS+NATIONALITY+REL_POINTER(DOMAIN:OPEN_SANCTIONS|MIN:FAMILY|MAX:)-GENDER-PASSPORT-NATIONAL_ID,1
+ADDRESS+NATIONALITY+REL_POINTER(DOMAIN:OPEN_SANCTIONS|MIN:|MAX:ACTING FOR OR ON BEHALF OF)-DOB-PASSPORT,1
+ADDRESS+NPI_NUMBER-RECORD_TYPE,1
+ADDRESS+OTHER_ID+REGISTRATION_COUNTRY-NATIONAL_ID,1
+ADDRESS+OTHER_ID+REGISTRATION_COUNTRY-NATIONAL_ID-REGISTRATION_DATE-LEI_NUMBER,1
+ADDRESS+PASSPORT+CITIZENSHIP+NATIONALITY-DOB-GENDER-NATIONAL_ID,1
+ADDRESS+PASSPORT+CITIZENSHIP+NATIONALITY+PLACE_OF_BIRTH-DOB-GENDER,1
+ADDRESS+PASSPORT+CITIZENSHIP+NATIONALITY+PLACE_OF_BIRTH-DOB-TAX_ID-NATIONAL_ID,1
+ADDRESS+PHONE+EMAIL+NATIONALITY-DOB-GENDER-NATIONAL_ID,1
+ADDRESS+PHONE+EMAIL+REGISTRATION_COUNTRY-NATIONAL_ID,1
+ADDRESS+PHONE+NATIONALITY+PLACE_OF_BIRTH-DOB,1
+ADDRESS+PHONE+NATIONALITY+PLACE_OF_BIRTH-DOB-GENDER,1
+ADDRESS+PHONE+REGISTRATION_COUNTRY-REGISTRATION_DATE,1
+ADDRESS+PHONE+REGISTRATION_COUNTRY+REL_POINTER(DOMAIN:OPEN_SANCTIONS|MIN:IS DIRECTLY CONSOLIDATED BY|MAX:)-NATIONAL_ID-REGISTRATION_DATE-LEI_NUMBER,1
"+ADDRESS+PHONE+REGISTRATION_COUNTRY+REL_POINTER(DOMAIN:OPEN_SANCTIONS|MIN:|MAX:IS ULTIMATELY CONSOLIDATED BY,OWNERSHIP)-TAX_ID-NATIONAL_ID-REGISTRATION_DATE-LEI_NUMBER",1
+ADDRESS+PHONE+REGISTRATION_COUNTRY+REL_POINTER(DOMAIN:OPEN_SANCTIONS|MIN:|MAX:IS ULTIMATELY CONSOLIDATED BY)-TAX_ID-NATIONAL_ID-LEI_NUMBER,1
+ADDRESS+PHONE+REGISTRATION_COUNTRY+REL_POINTER(DOMAIN:OPEN_SANCTIONS|MIN:|MAX:OWNERSHIP)-TAX_ID-NATIONAL_ID-REGISTRATION_DATE,1
+ADDRESS+PHONE+REGISTRATION_COUNTRY+REL_POINTER(DOMAIN:OPEN_SANCTIONS|MIN:OWNERSHIP|MAX:)-NATIONAL_ID-REGISTRATION_DATE-LEI_NUMBER,1
+ADDRESS+PHONE+REGISTRATION_COUNTRY+REL_POINTER(DOMAIN:OPEN_SANCTIONS|MIN:OWNERSHIP|MAX:)-TAX_ID-NATIONAL_ID-REGISTRATION_DATE,1
+ADDRESS+PHONE+REGISTRATION_COUNTRY-TAX_ID-NATIONAL_ID,1
+ADDRESS+PHONE+REGISTRATION_COUNTRY-TAX_ID-NATIONAL_ID-REGISTRATION_DATE-LEI_NUMBER,1
+ADDRESS+PHONE+REGISTRATION_COUNTRY-TAX_ID-REGISTRATION_DATE,1
+ADDRESS+PHONE+REGISTRATION_DATE+REGISTRATION_COUNTRY-NATIONAL_ID-LEI_NUMBER,1
"+ADDRESS+PHONE+REL_POINTER(DOMAIN:OPEN_SANCTIONS|MIN:KOREA PUGANG TRADING CORPORATION IS A SUBSIDIARY OF KOREA RYONBONG GENERAL CORPORATION,OWNERSHIP|MAX:RELATED\-TO)",1
+ADDRESS+PHONE+REL_POINTER(DOMAIN:OPEN_SANCTIONS|MIN:|MAX:SHARED PO BOX),1
"+ADDRESS+PHONE+REL_POINTER(DOMAIN:OPEN_SANCTIONS|MIN:OWNERSHIP|MAX:OWNERSHIP,RELATED\-TO)",1
+ADDRESS+PHONE+WEBSITE+CITIZENSHIP+NATIONALITY,1
+ADDRESS+PHONE+WEBSITE+CITIZENSHIP+NATIONALITY-DOB-PASSPORT,1
+ADDRESS+PHONE+WEBSITE+REGISTRATION_COUNTRY+REL_POINTER(DOMAIN:OPEN_SANCTIONS|MIN:OWNERSHIP OF SHARES 75 TO 100 PERCENT|MAX:)-NATIONAL_ID-REGISTRATION_DATE,1
+ADDRESS+REGISTRATION_COUNTRY-ADDRESS-NATIONAL_ID-LEI_NUMBER,1
+ADDRESS+REGISTRATION_COUNTRY-ADDRESS-NATIONAL_ID-REGISTRATION_DATE-LEI_NUMBER,1
+ADDRESS+REGISTRATION_COUNTRY+REL_POINTER(DOMAIN:OPEN_SANCTIONS|MIN:ASSOCIATE OF|MAX:)-NATIONAL_ID-REGISTRATION_DATE-LEI_NUMBER,1
"+ADDRESS+REGISTRATION_COUNTRY+REL_POINTER(DOMAIN:OPEN_SANCTIONS|MIN:IS DIRECTLY CONSOLIDATED BY,IS ULTIMATELY CONSOLIDATED BY|MAX:)-TAX_ID-NATIONAL_ID-REGISTRATION_DATE-LEI_NUMBER",1
"+ADDRESS+REGISTRATION_COUNTRY+REL_POINTER(DOMAIN:OPEN_SANCTIONS|MIN:IS DIRECTLY CONSOLIDATED BY,IS ULTIMATELY CONSOLIDATED BY,OWNERSHIP|MAX:)-NATIONAL_ID-REGISTRATION_DATE-LEI_NUMBER",1
+ADDRESS+REGISTRATION_COUNTRY+REL_POINTER(DOMAIN:OPEN_SANCTIONS|MIN:IS DIRECTLY CONSOLIDATED BY|MAX:OWNERSHIP)-TAX_ID-NATIONAL_ID-REGISTRATION_DATE-LEI_NUMBER,1
"+ADDRESS+REGISTRATION_COUNTRY+REL_POINTER(DOMAIN:OPEN_SANCTIONS|MIN:IS DIRECTLY CONSOLIDATED BY,OWNED OR CONTROLLED BY,OWNERSHIP|MAX:SUCCESSION)-TAX_ID-NATIONAL_ID-REGISTRATION_DATE-LEI_NUMBER",1
"+ADDRESS+REGISTRATION_COUNTRY+REL_POINTER(DOMAIN:OPEN_SANCTIONS|MIN:IS DIRECTLY CONSOLIDATED BY,OWNERSHIP|MAX:)-TAX_ID-NATIONAL_ID-LEI_NUMBER",1
"+ADDRESS+REGISTRATION_COUNTRY+REL_POINTER(DOMAIN:OPEN_SANCTIONS|MIN:IS DIRECTLY CONSOLIDATED BY,RIGHT TO APPOINT AND REMOVE DIRECTORS|MAX:)-NATIONAL_ID-REGISTRATION_DATE-LEI_NUMBER",1
+ADDRESS+REGISTRATION_COUNTRY+REL_POINTER(DOMAIN:OPEN_SANCTIONS|MIN:IS FUND\-MANAGED BY|MAX:)-REGISTRATION_DATE-LEI_NUMBER,1
+ADDRESS+REGISTRATION_COUNTRY+REL_POINTER(DOMAIN:OPEN_SANCTIONS|MIN:IS ULTIMATELY CONSOLIDATED BY|MAX:)-TAX_ID-NATIONAL_ID-REGISTRATION_DATE-LEI_NUMBER,1
"+ADDRESS+REGISTRATION_COUNTRY+REL_POINTER(DOMAIN:OPEN_SANCTIONS|MIN:IS ULTIMATELY CONSOLIDATED BY,SUCCESSION|MAX:)-TAX_ID-NATIONAL_ID-REGISTRATION_DATE-LEI_NUMBER",1
"+ADDRESS+REGISTRATION_COUNTRY+REL_POINTER(DOMAIN:OPEN_SANCTIONS|MIN:|MAX:IS DIRECTLY CONSOLIDATED BY,IS ULTIMATELY CONSOLIDATED BY,OWNED OR CONTROLLED BY,OWNERSHIP)-TAX_ID-NATIONAL_ID-REGISTRATION_DATE-LEI_NUMBER",1
+ADDRESS+REGISTRATION_COUNTRY+REL_POINTER(DOMAIN:OPEN_SANCTIONS|MIN:|MAX:IS DIRECTLY CONSOLIDATED BY)-NATIONAL_ID-LEI_NUMBER,1
"+ADDRESS+REGISTRATION_COUNTRY+REL_POINTER(DOMAIN:OPEN_SANCTIONS|MIN:|MAX:IS DIRECTLY CONSOLIDATED BY,OWNERSHIP)-NATIONAL_ID-REGISTRATION_DATE-LEI_NUMBER",1
+ADDRESS+REGISTRATION_COUNTRY+REL_POINTER(DOMAIN:OPEN_SANCTIONS|MIN:|MAX:IS DIRECTLY CONSOLIDATED BY)-TAX_ID-NATIONAL_ID-REGISTRATION_DATE-LEI_NUMBER,1
+ADDRESS+REGISTRATION_COUNTRY+REL_POINTER(DOMAIN:OPEN_SANCTIONS|MIN:|MAX:IS ULTIMATELY CONSOLIDATED BY)-NATIONAL_ID-LEI_NUMBER,1
"+ADDRESS+REGISTRATION_COUNTRY+REL_POINTER(DOMAIN:OPEN_SANCTIONS|MIN:|MAX:IS ULTIMATELY CONSOLIDATED BY,OWNED OR CONTROLLED BY,OWNERSHIP)-TAX_ID-NATIONAL_ID-REGISTRATION_DATE-LEI_NUMBER",1
+ADDRESS+REGISTRATION_COUNTRY+REL_POINTER(DOMAIN:OPEN_SANCTIONS|MIN:|MAX:OWNED OR CONTROLLED BY),1
"+ADDRESS+REGISTRATION_COUNTRY+REL_POINTER(DOMAIN:OPEN_SANCTIONS|MIN:|MAX:OWNED OR CONTROLLED BY,OWNERSHIP)-TAX_ID-NATIONAL_ID",1
+ADDRESS+REGISTRATION_COUNTRY+REL_POINTER(DOMAIN:OPEN_SANCTIONS|MIN:|MAX:OWNED OR CONTROLLED BY)-REGISTRATION_DATE,1
+ADDRESS+REGISTRATION_COUNTRY+REL_POINTER(DOMAIN:OPEN_SANCTIONS|MIN:|MAX:OWNED OR CONTROLLED BY)-TAX_ID,1
+ADDRESS+REGISTRATION_COUNTRY+REL_POINTER(DOMAIN:OPEN_SANCTIONS|MIN:|MAX:OWNED OR CONTROLLED BY)-TAX_ID-NATIONAL_ID,1
+ADDRESS+REGISTRATION_COUNTRY+REL_POINTER(DOMAIN:OPEN_SANCTIONS|MIN:|MAX:OWNERSHIP)-NATIONAL_ID-REGISTRATION_DATE-LEI_NUMBER,1
+ADDRESS+REGISTRATION_COUNTRY+REL_POINTER(DOMAIN:OPEN_SANCTIONS|MIN:|MAX:OWNERSHIP OF SHARES 75 TO 100 PERCENT AS FIRM)-NATIONAL_ID,1
+ADDRESS+REGISTRATION_COUNTRY+REL_POINTER(DOMAIN:OPEN_SANCTIONS|MIN:|MAX:OWNERSHIP OF SHARES 75 TO 100 PERCENT)-NATIONAL_ID,1
"+ADDRESS+REGISTRATION_COUNTRY+REL_POINTER(DOMAIN:OPEN_SANCTIONS|MIN:|MAX:OWNERSHIP,SUCCESSION)-TAX_ID-NATIONAL_ID-REGISTRATION_DATE",1
+ADDRESS+REGISTRATION_COUNTRY+REL_POINTER(DOMAIN:OPEN_SANCTIONS|MIN:|MAX:RIGHT TO APPOINT AND REMOVE DIRECTORS)-NATIONAL_ID-REGISTRATION_DATE-LEI_NUMBER,1
+ADDRESS+REGISTRATION_COUNTRY+REL_POINTER(DOMAIN:OPEN_SANCTIONS|MIN:|MAX:SHAREHOLDER OF)-NATIONAL_ID-REGISTRATION_DATE-LEI_NUMBER,1
+ADDRESS+REGISTRATION_COUNTRY+REL_POINTER(DOMAIN:OPEN_SANCTIONS|MIN:|MAX:SUCCESSION)-TAX_ID-NATIONAL_ID,1
+ADDRESS+REGISTRATION_COUNTRY+REL_POINTER(DOMAIN:OPEN_SANCTIONS|MIN:OWNED OR CONTROLLED BY|MAX:),1
+ADDRESS+REGISTRATION_COUNTRY+REL_POINTER(DOMAIN:OPEN_SANCTIONS|MIN:OWNED OR CONTROLLED BY|MAX:)-NATIONAL_ID,1
+ADDRESS+REGISTRATION_COUNTRY+REL_POINTER(DOMAIN:OPEN_SANCTIONS|MIN:OWNED OR CONTROLLED BY|MAX:)-TAX_ID-REGISTRATION_DATE,1
"+ADDRESS+REGISTRATION_COUNTRY+REL_POINTER(DOMAIN:OPEN_SANCTIONS|MIN:OWNED OR CONTROLLED BY,OWNERSHIP|MAX:ASSOCIATE OF 'TACTICAL MISSILES CORPORATION JOINT STOCK COMPANY')-TAX_ID-NATIONAL_ID-REGISTRATION_DATE",1
"+ADDRESS+REGISTRATION_COUNTRY+REL_POINTER(DOMAIN:OPEN_SANCTIONS|MIN:OWNED OR CONTROLLED BY,OWNERSHIP|MAX:)-TAX_ID-NATIONAL_ID-LEI_NUMBER",1
+ADDRESS+REGISTRATION_COUNTRY+REL_POINTER(DOMAIN:OPEN_SANCTIONS|MIN:OWNERSHIP|MAX:)-NATIONAL_ID-LEI_NUMBER,1
+ADDRESS+REGISTRATION_COUNTRY+REL_POINTER(DOMAIN:OPEN_SANCTIONS|MIN:OWNERSHIP|MAX:)-NATIONAL_ID-REGISTRATION_DATE-LEI_NUMBER,1
+ADDRESS+REGISTRATION_COUNTRY+REL_POINTER(DOMAIN:OPEN_SANCTIONS|MIN:OWNERSHIP|MAX:RELATED\-TO),1
+ADDRESS+REGISTRATION_COUNTRY+REL_POINTER(DOMAIN:OPEN_SANCTIONS|MIN:OWNERSHIP|MAX:SUCCESSION)-TAX_ID-NATIONAL_ID-REGISTRATION_DATE-LEI_NUMBER,1
+ADDRESS+REGISTRATION_COUNTRY+REL_POINTER(DOMAIN:OPEN_SANCTIONS|MIN:OWNERSHIP|MAX:)-TAX_ID-NATIONAL_ID-LEI_NUMBER,1
"+ADDRESS+REGISTRATION_COUNTRY+REL_POINTER(DOMAIN:OPEN_SANCTIONS|MIN:OWNERSHIP,SUCCESSION|MAX:)-TAX_ID-NATIONAL_ID",1
+ADDRESS+REGISTRATION_COUNTRY+REL_POINTER(DOMAIN:OPEN_SANCTIONS|MIN:SHAREHOLDER OF|MAX:)-TAX_ID-NATIONAL_ID-REGISTRATION_DATE-DUNS_NUMBER,1
"+ADDRESS+REGISTRATION_COUNTRY+REL_POINTER(DOMAIN:OPEN_SANCTIONS|MIN:SUCCESSION|MAX:IS DIRECTLY CONSOLIDATED BY,OWNERSHIP)-TAX_ID-NATIONAL_ID-REGISTRATION_DATE-LEI_NUMBER",1
"+ADDRESS+REGISTRATION_COUNTRY+REL_POINTER(DOMAIN:OPEN_SANCTIONS|MIN:SUCCESSION|MAX:OWNED OR CONTROLLED BY,OWNERSHIP)-TAX_ID-NATIONAL_ID-REGISTRATION_DATE",1
+ADDRESS+REGISTRATION_COUNTRY+REL_POINTER(DOMAIN:OPEN_SANCTIONS|MIN:SUCCESSION|MAX:OWNERSHIP)-TAX_ID-NATIONAL_ID,1
+ADDRESS+REGISTRATION_DATE-ADDRESS-NATIONAL_ID,1
"+ADDRESS+REGISTRATION_DATE+REGISTRATION_COUNTRY+REL_POINTER(DOMAIN:OPEN_SANCTIONS|MIN:|MAX:IS DIRECTLY CONSOLIDATED BY,IS FUND\-MANAGED BY)-NATIONAL_ID-LEI_NUMBER",1
+ADDRESS+REGISTRATION_DATE+REGISTRATION_COUNTRY+REL_POINTER(DOMAIN:OPEN_SANCTIONS|MIN:|MAX:IS ULTIMATELY CONSOLIDATED BY)-NATIONAL_ID-LEI_NUMBER,1
+ADDRESS+REGISTRATION_DATE+REGISTRATION_COUNTRY+REL_POINTER(DOMAIN:OPEN_SANCTIONS|MIN:|MAX:OWNERSHIP)-TAX_ID-NATIONAL_ID-LEI_NUMBER,1
+ADDRESS+REGISTRATION_DATE+REGISTRATION_COUNTRY+REL_POINTER(DOMAIN:OPEN_SANCTIONS|MIN:SHAREHOLDER OF|MAX:)-NATIONAL_ID-LEI_NUMBER,1
+ADDRESS+REGISTRATION_DATE+REGISTRATION_COUNTRY+REL_POINTER(DOMAIN:OPEN_SANCTIONS|MIN:SHAREHOLDER OF|MAX:)-TAX_ID-NATIONAL_ID-DUNS_NUMBER,1
+ADDRESS+REGISTRATION_DATE+REGISTRATION_COUNTRY-TAX_ID,1
+ADDRESS+REGISTRATION_DATE+REGISTRATION_COUNTRY-TAX_ID-NATIONAL_ID-DUNS_NUMBER,1
+ADDRESS+REGISTRATION_DATE+REL_POINTER(DOMAIN:OPEN_SANCTIONS|MIN:|MAX:OWNERSHIP),1
+ADDRESS+REL_POINTER(DOMAIN:OPEN_SANCTIONS|MIN:ACTING FOR OR ON BEHALF OF|MAX:)-RECORD_TYPE,1
"+ADDRESS+REL_POINTER(DOMAIN:OPEN_SANCTIONS|MIN:ACTING FOR OR ON BEHALF OF,RELATED\-TO|MAX:)-RECORD_TYPE",1
"+ADDRESS+REL_POINTER(DOMAIN:OPEN_SANCTIONS|MIN:ACTING FOR OR ON BEHALF OF,ГЕНЕРАЛЬНЫЙ ДИРЕКТОР|MAX:)-TAX_ID-NATIONAL_ID-RECORD_TYPE",1
+ADDRESS+REL_POINTER(DOMAIN:OPEN_SANCTIONS|MIN:C/O|MAX:),1
+ADDRESS+REL_POINTER(DOMAIN:OPEN_SANCTIONS|MIN:C/O|MAX:)-NATIONAL_ID,1
+ADDRESS+REL_POINTER(DOMAIN:OPEN_SANCTIONS|MIN:CONTROLLED BY RYONBONG|MAX:RELATED\-TO),1
+ADDRESS+REL_POINTER(DOMAIN:OPEN_SANCTIONS|MIN:INTERMEDIARY OF|MAX:)-NATIONAL_ID-REGISTRATION_DATE,1
"+ADDRESS+REL_POINTER(DOMAIN:OPEN_SANCTIONS|MIN:IS ULTIMATELY CONSOLIDATED BY,OWNERSHIP|MAX:)-NATIONAL_ID-REGISTRATION_DATE-LEI_NUMBER",1
"+ADDRESS+REL_POINTER(DOMAIN:OPEN_SANCTIONS|MIN:IS ULTIMATELY CONSOLIDATED BY,RIGHT TO APPOINT AND REMOVE DIRECTORS|MAX:)-NATIONAL_ID-REGISTRATION_DATE-LEI_NUMBER",1
"+ADDRESS+REL_POINTER(DOMAIN:OPEN_SANCTIONS|MIN:|MAX:ACTING FOR OR ON BEHALF OF,ГЕНЕРАЛЬНЫЙ ДИРЕКТОР)-TAX_ID-RECORD_TYPE",1
+ADDRESS+REL_POINTER(DOMAIN:OPEN_SANCTIONS|MIN:|MAX:C/O)-NATIONAL_ID,1
+ADDRESS+REL_POINTER(DOMAIN:OPEN_SANCTIONS|MIN:|MAX:IS ULTIMATELY CONSOLIDATED BY)-NATIONAL_ID-REGISTRATION_DATE-LEI_NUMBER,1
"+ADDRESS+REL_POINTER(DOMAIN:OPEN_SANCTIONS|MIN:|MAX:JUDICIAL REPRESENTATIVE OF,LEGAL REPRESENTATIVE OF,OWNED OR CONTROLLED BY,SHAREHOLDER OF)-RECORD_TYPE",1
+ADDRESS+REL_POINTER(DOMAIN:OPEN_SANCTIONS|MIN:|MAX:OTHER LINK)-RECORD_TYPE,1
+ADDRESS+REL_POINTER(DOMAIN:OPEN_SANCTIONS|MIN:|MAX:OWNED OR CONTROLLED BY),1
+ADDRESS+REL_POINTER(DOMAIN:OPEN_SANCTIONS|MIN:|MAX:OWNED OR CONTROLLED BY)-NATIONAL_ID-REGISTRATION_DATE,1
"+ADDRESS+REL_POINTER(DOMAIN:OPEN_SANCTIONS|MIN:|MAX:OWNED OR CONTROLLED BY,OWNERSHIP OF SHARES 25 TO 50 PERCENT)-RECORD_TYPE",1
"+ADDRESS+REL_POINTER(DOMAIN:OPEN_SANCTIONS|MIN:|MAX:OWNED OR CONTROLLED BY,OWNERSHIP OF SHARES 25 TO 50 PERCENT)-TAX_ID-RECORD_TYPE",1
"+ADDRESS+REL_POINTER(DOMAIN:OPEN_SANCTIONS|MIN:|MAX:OWNED OR CONTROLLED BY,OWNERSHIP OF SHARES 50 TO 75 PERCENT)-RECORD_TYPE",1
"+ADDRESS+REL_POINTER(DOMAIN:OPEN_SANCTIONS|MIN:|MAX:OWNS\, CONTROLS\, OR OPERATES,SIGNIFICANT INFLUENCE OR CONTROL)-RECORD_TYPE",1
+ADDRESS+REL_POINTER(DOMAIN:OPEN_SANCTIONS|MIN:|MAX:PLAYING A SIGNIFICANT ROLE IN)-RECORD_TYPE,1
+ADDRESS+REL_POINTER(DOMAIN:OPEN_SANCTIONS|MIN:|MAX:PROVIDING SUPPORT TO)-NATIONAL_ID,1
+ADDRESS+REL_POINTER(DOMAIN:OPEN_SANCTIONS|MIN:|MAX:RIGHT TO APPOINT AND REMOVE DIRECTORS AS TRUST)-RECORD_TYPE,1
+ADDRESS+REL_POINTER(DOMAIN:OPEN_SANCTIONS|MIN:|MAX:RIGHT TO APPOINT AND REMOVE PERSON)-RECORD_TYPE,1
+ADDRESS+REL_POINTER(DOMAIN:OPEN_SANCTIONS|MIN:|MAX:SHAREHOLDER OF)-REGISTRATION_DATE,1
+ADDRESS+REL_POINTER(DOMAIN:OPEN_SANCTIONS|MIN:|MAX:SIGNIFICANT INFLUENCE OR CONTROL AS TRUST)-RECORD_TYPE,1
"+ADDRESS+REL_POINTER(DOMAIN:OPEN_SANCTIONS|MIN:OMM HAS OWNED AND/OR OPERATED AT LEAST 35 VESSELS\, MOST OF WHICH WERE ORIGINALLY OWNED AND/OR CONTROLLED BY KOREA TONGHAE SHIPPING COMPANY|MAX:)-ADDRESS",1
+ADDRESS+REL_POINTER(DOMAIN:OPEN_SANCTIONS|MIN:OTHER LINK|MAX:),1
"+ADDRESS+REL_POINTER(DOMAIN:OPEN_SANCTIONS|MIN:OTHER LINK|MAX:OTHER LINK,OWNERSHIP)-ADDRESS",1
+ADDRESS+REL_POINTER(DOMAIN:OPEN_SANCTIONS|MIN:OTHER LINK|MAX:OTHER LINK)-RECORD_TYPE,1
+ADDRESS+REL_POINTER(DOMAIN:OPEN_SANCTIONS|MIN:OWNED OR CONTROLLED BY|MAX:)-TAX_ID-NATIONAL_ID,1
+ADDRESS+REL_POINTER(DOMAIN:OPEN_SANCTIONS|MIN:OWNED OR CONTROLLED BY|MAX:)-TAX_ID-RECORD_TYPE,1
"+ADDRESS+REL_POINTER(DOMAIN:OPEN_SANCTIONS|MIN:OWNED OR CONTROLLED BY,REGISTERED THE COMPANY CONGO ACONDE SARL|MAX:)-RECORD_TYPE",1
+ADDRESS+REL_POINTER(DOMAIN:OPEN_SANCTIONS|MIN:OWNERSHIP OF SHARES 25 TO 50 PERCENT|MAX:)-RECORD_TYPE,1
+ADDRESS+REL_POINTER(DOMAIN:OPEN_SANCTIONS|MIN:OWNERSHIP OF SHARES 75 TO 100 PERCENT|MAX:)-RECORD_TYPE,1
"+ADDRESS+REL_POINTER(DOMAIN:OPEN_SANCTIONS|MIN:OWNERSHIP,RELATED\-TO|MAX:OWNED OR CONTROLLED BY)",1
"+ADDRESS+REL_POINTER(DOMAIN:OPEN_SANCTIONS|MIN:OWNERSHIP,RELATED\-TO|MAX:RELATED\-TO)",1
"+ADDRESS+REL_POINTER(DOMAIN:OPEN_SANCTIONS|MIN:OWNERSHIP,SUBSIDIARY OF KOREA RYONBONG GENERAL|MAX:)",1
"+ADDRESS+REL_POINTER(DOMAIN:OPEN_SANCTIONS|MIN:OWNS\, CONTROLS\, OR OPERATES,RIGHT TO APPOINT AND REMOVE DIRECTORS|MAX:)-RECORD_TYPE",1
+ADDRESS-TAX_ID-NATIONAL_ID-RECORD_TYPE,1
+ADDRESS+TAX_ID+NATIONAL_ID-RECORD_TYPE,1
+ADDRESS+TAX_ID+REGISTRATION_COUNTRY+REL_POINTER(DOMAIN:OPEN_SANCTIONS|MIN:|MAX:SUCCESSION)-NATIONAL_ID,1
+ADDRESS+TAX_ID+REGISTRATION_COUNTRY+REL_POINTER(DOMAIN:OPEN_SANCTIONS|MIN:|MAX:SUCCESSION)-NATIONAL_ID-REGISTRATION_DATE-LEI_NUMBER,1
"+ADDRESS+TAX_ID+REL_POINTER(DOMAIN:OPEN_SANCTIONS|MIN:|MAX:OWNS\, CONTROLS\, OR OPERATES)-RECORD_TYPE",1
+ADDRESS+WEBSITE,1
+ADDRESS+WEBSITE+REGISTRATION_COUNTRY-NATIONAL_ID-REGISTRATION_DATE,1
+ADDRESS+WEBSITE+REGISTRATION_DATE+REGISTRATION_COUNTRY-NATIONAL_ID,1
+DOB+ADDRESS,1
+DOB+ADDRESS+CITIZENSHIP+NATIONALITY-NATIONAL_ID,1
+DOB+ADDRESS+NATIONAL_ID+NATIONALITY,1
+DOB+ADDRESS+NATIONALITY,1
+DOB+ADDRESS+NATIONALITY+PLACE_OF_BIRTH-NATIONAL_ID,1
+DOB+NATIONALITY+NPI_NUMBER,1
+DOB+PHONE+CITIZENSHIP+NATIONALITY-GENDER-TRUSTED_ID,1
+DOB+PHONE+CITIZENSHIP+NATIONALITY-TRUSTED_ID,1
+EMAIL+CITIZENSHIP+NATIONALITY+PLACE_OF_BIRTH-DOB-TRUSTED_ID,1
+EMAIL+CITIZENSHIP+NATIONALITY+REL_POINTER(DOMAIN:OPEN_SANCTIONS|MIN:FAMILY|MAX:FAMILY)-DOB-GENDER-TRUSTED_ID,1
+EMAIL+NATIONALITY-DOB,1
+EMAIL+REGISTRATION_COUNTRY-ADDRESS-TAX_ID-NATIONAL_ID,1
+EMAIL+REGISTRATION_COUNTRY-NATIONAL_ID,1
+EMAIL+REGISTRATION_COUNTRY-REGISTRATION_DATE,1
"+EMAIL+REGISTRATION_COUNTRY+REL_POINTER(DOMAIN:OPEN_SANCTIONS|MIN:OWNED OR CONTROLLED BY,OWNERSHIP|MAX:)-ADDRESS-TAX_ID-NATIONAL_ID-REGISTRATION_DATE",1
+EMAIL+REGISTRATION_COUNTRY+REL_POINTER(DOMAIN:OPEN_SANCTIONS|MIN:OWNERSHIP|MAX:)-ADDRESS-TAX_ID-NATIONAL_ID-REGISTRATION_DATE,1
+EMAIL+REGISTRATION_DATE+REGISTRATION_COUNTRY-ADDRESS-TAX_ID-NATIONAL_ID,1
+EMAIL+WEBSITE+REGISTRATION_COUNTRY-ADDRESS-TAX_ID-NATIONAL_ID,1
+LEI_NUMBER-ADDRESS,1
+LEI_NUMBER-NATIONAL_ID,1
+LIKELY_NAME+ADDRESS+CITIZENSHIP-DOB,1
+LIKELY_NAME+ADDRESS+CITIZENSHIP+NATIONALITY+PLACE_OF_BIRTH-DOB-NATIONAL_ID,1
+LIKELY_NAME+ADDRESS+CITIZENSHIP+NATIONALITY+PLACE_OF_BIRTH-DOB-PASSPORT-TAX_ID-NATIONAL_ID,1
+LIKELY_NAME+ADDRESS+NATIONAL_ID+REGISTRATION_COUNTRY,1
+LIKELY_NAME+ADDRESS+NATIONALITY-DOB-NATIONAL_ID,1
+LIKELY_NAME+ADDRESS-NPI_NUMBER,1
+LIKELY_NAME+ADDRESS+PHONE+REGISTRATION_DATE+REGISTRATION_COUNTRY-NATIONAL_ID,1
+LIKELY_NAME+ADDRESS+PHONE+REGISTRATION_DATE+REGISTRATION_COUNTRY-TAX_ID-NATIONAL_ID,1
+LIKELY_NAME+ADDRESS+REGISTRATION_COUNTRY+REL_POINTER(DOMAIN:OPEN_SANCTIONS|MIN:|MAX:IS DIRECTLY CONSOLIDATED BY)-NATIONAL_ID-REGISTRATION_DATE-LEI_NUMBER,1
+LIKELY_NAME+ADDRESS+REGISTRATION_COUNTRY+REL_POINTER(DOMAIN:OPEN_SANCTIONS|MIN:|MAX:OWNED OR CONTROLLED BY)-NATIONAL_ID,1
"+LIKELY_NAME+ADDRESS+REGISTRATION_COUNTRY+REL_POINTER(DOMAIN:OPEN_SANCTIONS|MIN:|MAX:OWNED OR CONTROLLED BY,OWNERSHIP)-TAX_ID-NATIONAL_ID",1
"+LIKELY_NAME+ADDRESS+REGISTRATION_COUNTRY+REL_POINTER(DOMAIN:OPEN_SANCTIONS|MIN:OWNERSHIP|MAX:OWNERSHIP,SUCCESSION)-TAX_ID-NATIONAL_ID-REGISTRATION_DATE",1
+LIKELY_NAME+ADDRESS+REGISTRATION_COUNTRY+REL_POINTER(DOMAIN:OPEN_SANCTIONS|MIN:OWNERSHIP|MAX:SUCCESSION)-TAX_ID-NATIONAL_ID-REGISTRATION_DATE,1
"+LIKELY_NAME+ADDRESS+REGISTRATION_COUNTRY+REL_POINTER(DOMAIN:OPEN_SANCTIONS|MIN:SUCCESSION|MAX:OWNED OR CONTROLLED BY,OWNERSHIP)-TAX_ID-NATIONAL_ID-REGISTRATION_DATE",1
+LIKELY_NAME+ADDRESS+REGISTRATION_COUNTRY+REL_POINTER(DOMAIN:OPEN_SANCTIONS|MIN:SUCCESSION|MAX:)-TAX_ID-NATIONAL_ID-LEI_NUMBER,1
+LIKELY_NAME+ADDRESS+REGISTRATION_COUNTRY-TAX_ID-NATIONAL_ID-REGISTRATION_DATE-LEI_NUMBER,1
+LIKELY_NAME+ADDRESS+REGISTRATION_COUNTRY-TAX_ID-REGISTRATION_DATE,1
+LIKELY_NAME+ADDRESS+REGISTRATION_DATE+REGISTRATION_COUNTRY+REL_POINTER(DOMAIN:OPEN_SANCTIONS|MIN:OWNERSHIP|MAX:)-TAX_ID-NATIONAL_ID,1
"+LIKELY_NAME+ADDRESS+REL_POINTER(DOMAIN:OPEN_SANCTIONS|MIN:KOREA RYONGBONG IS THE PARENT COMPANY OF KOREA RYONGWANG,OWNERSHIP|MAX:)",1
+LIKELY_NAME+ADDRESS+REL_POINTER(DOMAIN:OPEN_SANCTIONS|MIN:|MAX:OTHER LINK),1
+LIKELY_NAME+ADDRESS+REL_POINTER(DOMAIN:OPEN_SANCTIONS|MIN:OWNED OR CONTROLLED BY|MAX:RELATED\-TO)-ADDRESS-NATIONAL_ID,1
+LIKELY_NAME+ADDRESS+REL_POINTER(DOMAIN:OPEN_SANCTIONS|MIN:OWNERSHIP|MAX:RELATED\-TO),1
+LIKELY_NAME+ADDRESS-TAX_ID,1
+LIKELY_NAME+EMAIL-ADDRESS-NATIONAL_ID-REGISTRATION_DATE,1
+LIKELY_NAME+EMAIL-NATIONAL_ID-RECORD_TYPE,1
+LIKELY_NAME+EMAIL+REGISTRATION_COUNTRY-ADDRESS-TAX_ID-NATIONAL_ID,1
+LIKELY_NAME+EMAIL+REGISTRATION_COUNTRY+REL_POINTER(DOMAIN:OPEN_SANCTIONS|MIN:|MAX:SUCCESSION)-TAX_ID-NATIONAL_ID-REGISTRATION_DATE,1
+LIKELY_NAME+EMAIL+REGISTRATION_DATE+REGISTRATION_COUNTRY-TAX_ID-NATIONAL_ID,1
+LIKELY_NAME+NATIONAL_ID-ADDRESS,1
+LIKELY_NAME+NATIONAL_ID+NATIONALITY,1
+LIKELY_NAME+NATIONAL_ID+REGISTRATION_COUNTRY,1
+LIKELY_NAME+NATIONAL_ID+REGISTRATION_COUNTRY-ADDRESS,1
+LIKELY_NAME+OTHER_ID,1
+LIKELY_NAME+OTHER_ID-ADDRESS-TAX_ID-NATIONAL_ID,1
+LIKELY_NAME+PHONE+REGISTRATION_COUNTRY-TAX_ID-NATIONAL_ID,1
+LIKELY_NAME+PHONE+REGISTRATION_DATE+REGISTRATION_COUNTRY-ADDRESS-TAX_ID-NATIONAL_ID,1
+LIKELY_NAME+TAX_ID+REGISTRATION_COUNTRY-ADDRESS-NATIONAL_ID-REGISTRATION_DATE,1
+LIKELY_NAME+WEBSITE-ADDRESS-NATIONAL_ID,1
+LIKELY_NAME+WEBSITE+CITIZENSHIP+NATIONALITY+PLACE_OF_BIRTH-DOB-TRUSTED_ID,1
+LIKELY_NAME+WEBSITE+NATIONALITY,1
+LIKELY_NAME+WEBSITE+REL_POINTER(DOMAIN:OPEN_SANCTIONS|MIN:OWNED OR CONTROLLED BY|MAX:)-ADDRESS-NATIONAL_ID,1
+LIKELY_NAME+WEBSITE+REL_POINTER(DOMAIN:OPEN_SANCTIONS|MIN:OWNERSHIP|MAX:)-LEI_NUMBER,1
+NAME+ADDRESS,1
+NAME+ADDRESS-ADDRESS,1
+NAME+ADDRESS+CITIZENSHIP+NATIONALITY-DOB-TAX_ID,1
+NAME+ADDRESS+CITIZENSHIP+NATIONALITY+PLACE_OF_BIRTH-DOB,1
+NAME+ADDRESS+EMAIL+REGISTRATION_COUNTRY+REL_POINTER(DOMAIN:OPEN_SANCTIONS|MIN:|MAX:SUCCESSION)-TAX_ID-NATIONAL_ID-REGISTRATION_DATE,1
+NAME+ADDRESS+EMAIL+REGISTRATION_COUNTRY-TAX_ID-NATIONAL_ID-REGISTRATION_DATE,1
+NAME+ADDRESS+EMAIL+REGISTRATION_DATE+REGISTRATION_COUNTRY+REL_POINTER(DOMAIN:OPEN_SANCTIONS|MIN:OWNERSHIP|MAX:)-TAX_ID-NATIONAL_ID,1
+NAME+ADDRESS+EMAIL+REGISTRATION_DATE+REGISTRATION_COUNTRY-TAX_ID-NATIONAL_ID,1
+NAME+ADDRESS+EMAIL+WEBSITE+REGISTRATION_COUNTRY+REL_POINTER(DOMAIN:OPEN_SANCTIONS|MIN:OWNERSHIP|MAX:)-TAX_ID-NATIONAL_ID-REGISTRATION_DATE,1
+NAME+ADDRESS+NATIONALITY+PLACE_OF_BIRTH-DOB,1
+NAME+ADDRESS+NATIONALITY+PLACE_OF_BIRTH-DOB-PASSPORT-NATIONAL_ID,1
+NAME+ADDRESS+OTHER_ID+REGISTRATION_COUNTRY+REL_POINTER(DOMAIN:OPEN_SANCTIONS|MIN:IS INTERNATIONAL BRANCH OF|MAX:)-NATIONAL_ID-REGISTRATION_DATE-LEI_NUMBER,1
+NAME+ADDRESS+OTHER_ID+REGISTRATION_COUNTRY-TAX_ID-NATIONAL_ID-REGISTRATION_DATE-LEI_NUMBER,1
+NAME+ADDRESS+PHONE+EMAIL-RECORD_TYPE,1
+NAME+ADDRESS+PHONE+EMAIL+WEBSITE-NATIONAL_ID,1
+NAME+ADDRESS+PHONE+NATIONAL_ID+EMAIL-RECORD_TYPE,1
+NAME+ADDRESS+PHONE+REGISTRATION_COUNTRY+REL_POINTER(DOMAIN:OPEN_SANCTIONS|MIN:OWNERSHIP|MAX:)-NATIONAL_ID-REGISTRATION_DATE,1
"+NAME+ADDRESS+REGISTRATION_COUNTRY+REL_POINTER(DOMAIN:OPEN_SANCTIONS|MIN:IS DIRECTLY CONSOLIDATED BY,IS ULTIMATELY CONSOLIDATED BY,OWNERSHIP|MAX:)-TAX_ID-NATIONAL_ID-REGISTRATION_DATE-LEI_NUMBER",1
"+NAME+ADDRESS+REGISTRATION_COUNTRY+REL_POINTER(DOMAIN:OPEN_SANCTIONS|MIN:IS DIRECTLY CONSOLIDATED BY,OWNERSHIP|MAX:)-TAX_ID-NATIONAL_ID-REGISTRATION_DATE-LEI_NUMBER",1
+NAME+ADDRESS+REGISTRATION_COUNTRY+REL_POINTER(DOMAIN:OPEN_SANCTIONS|MIN:IS INTERNATIONAL BRANCH OF|MAX:)-NATIONAL_ID-REGISTRATION_DATE-LEI_NUMBER,1
"+NAME+ADDRESS+REGISTRATION_COUNTRY+REL_POINTER(DOMAIN:OPEN_SANCTIONS|MIN:|MAX:IS DIRECTLY CONSOLIDATED BY,IS ULTIMATELY CONSOLIDATED BY)-TAX_ID-NATIONAL_ID-REGISTRATION_DATE-LEI_NUMBER",1
+NAME+ADDRESS+REGISTRATION_COUNTRY+REL_POINTER(DOMAIN:OPEN_SANCTIONS|MIN:|MAX:IS DIRECTLY CONSOLIDATED BY)-NATIONAL_ID-REGISTRATION_DATE-LEI_NUMBER,1
+NAME+ADDRESS+REGISTRATION_COUNTRY+REL_POINTER(DOMAIN:OPEN_SANCTIONS|MIN:|MAX:IS DIRECTLY CONSOLIDATED BY)-TAX_ID-NATIONAL_ID-REGISTRATION_DATE-LEI_NUMBER,1
+NAME+ADDRESS+REGISTRATION_COUNTRY+REL_POINTER(DOMAIN:OPEN_SANCTIONS|MIN:|MAX:IS INTERNATIONAL BRANCH OF)-NATIONAL_ID-REGISTRATION_DATE-LEI_NUMBER,1
"+NAME+ADDRESS+REGISTRATION_COUNTRY+REL_POINTER(DOMAIN:OPEN_SANCTIONS|MIN:|MAX:IS ULTIMATELY CONSOLIDATED BY,OWNERSHIP)-TAX_ID-NATIONAL_ID-REGISTRATION_DATE-LEI_NUMBER",1
+NAME+ADDRESS+REGISTRATION_COUNTRY+REL_POINTER(DOMAIN:OPEN_SANCTIONS|MIN:|MAX:OWNED OR CONTROLLED BY)-NATIONAL_ID-REGISTRATION_DATE,1
+NAME+ADDRESS+REGISTRATION_COUNTRY+REL_POINTER(DOMAIN:OPEN_SANCTIONS|MIN:|MAX:OWNERSHIP OF SHARES 75 TO 100 PERCENT AS FIRM)-NATIONAL_ID,1
+NAME+ADDRESS+REGISTRATION_COUNTRY+REL_POINTER(DOMAIN:OPEN_SANCTIONS|MIN:|MAX:OWNERSHIP)-TAX_ID-NATIONAL_ID-LEI_NUMBER,1
+NAME+ADDRESS+REGISTRATION_COUNTRY+REL_POINTER(DOMAIN:OPEN_SANCTIONS|MIN:|MAX:OWNERSHIP)-TAX_ID-NATIONAL_ID-REGISTRATION_DATE-LEI_NUMBER,1
+NAME+ADDRESS+REGISTRATION_COUNTRY+REL_POINTER(DOMAIN:OPEN_SANCTIONS|MIN:OTHER LINK|MAX:OWNERSHIP)-TAX_ID-NATIONAL_ID-REGISTRATION_DATE,1
+NAME+ADDRESS+REGISTRATION_COUNTRY+REL_POINTER(DOMAIN:OPEN_SANCTIONS|MIN:OWNED OR CONTROLLED BY|MAX:)-TAX_ID-NATIONAL_ID,1
+NAME+ADDRESS+REGISTRATION_COUNTRY+REL_POINTER(DOMAIN:OPEN_SANCTIONS|MIN:OWNED OR CONTROLLED BY|MAX:)-TAX_ID-REGISTRATION_DATE,1
"+NAME+ADDRESS+REGISTRATION_COUNTRY+REL_POINTER(DOMAIN:OPEN_SANCTIONS|MIN:OWNED OR CONTROLLED BY,OWNERSHIP|MAX:SUCCESSION)-TAX_ID-NATIONAL_ID-REGISTRATION_DATE",1
"+NAME+ADDRESS+REGISTRATION_COUNTRY+REL_POINTER(DOMAIN:OPEN_SANCTIONS|MIN:OWNED OR CONTROLLED BY,OWNERSHIP|MAX:)-TAX_ID-NATIONAL_ID",1
+NAME+ADDRESS+REGISTRATION_COUNTRY+REL_POINTER(DOMAIN:OPEN_SANCTIONS|MIN:OWNERSHIP|MAX:)-NATIONAL_ID-LEI_NUMBER,1
+NAME+ADDRESS+REGISTRATION_COUNTRY+REL_POINTER(DOMAIN:OPEN_SANCTIONS|MIN:OWNERSHIP|MAX:)-NATIONAL_ID-REGISTRATION_DATE-LEI_NUMBER,1
+NAME+ADDRESS+REGISTRATION_COUNTRY+REL_POINTER(DOMAIN:OPEN_SANCTIONS|MIN:OWNERSHIP|MAX:OWNERSHIP)-TAX_ID-NATIONAL_ID,1
+NAME+ADDRESS+REGISTRATION_COUNTRY+REL_POINTER(DOMAIN:OPEN_SANCTIONS|MIN:OWNERSHIP|MAX:SUCCESSION)-TAX_ID-NATIONAL_ID-REGISTRATION_DATE,1
+NAME+ADDRESS+REGISTRATION_COUNTRY+REL_POINTER(DOMAIN:OPEN_SANCTIONS|MIN:OWNERSHIP|MAX:SUCCESSION)-TAX_ID-NATIONAL_ID-REGISTRATION_DATE-LEI_NUMBER,1
+NAME+ADDRESS+REGISTRATION_COUNTRY+REL_POINTER(DOMAIN:OPEN_SANCTIONS|MIN:OWNERSHIP|MAX:)-TAX_ID-NATIONAL_ID,1
+NAME+ADDRESS+REGISTRATION_COUNTRY+REL_POINTER(DOMAIN:OPEN_SANCTIONS|MIN:OWNERSHIP OF SHARES 75 TO 100 PERCENT AS FIRM|MAX:)-NATIONAL_ID-REGISTRATION_DATE-LEI_NUMBER,1
"+NAME+ADDRESS+REGISTRATION_COUNTRY+REL_POINTER(DOMAIN:OPEN_SANCTIONS|MIN:OWNS\, CONTROLS\, OR OPERATES|MAX:OWNERSHIP)-TAX_ID-NATIONAL_ID-REGISTRATION_DATE",1
+NAME+ADDRESS+REGISTRATION_COUNTRY-TAX_ID-REGISTRATION_DATE,1
+NAME+ADDRESS+REGISTRATION_DATE+REGISTRATION_COUNTRY+REL_POINTER(DOMAIN:OPEN_SANCTIONS|MIN:OWNERSHIP|MAX:OWNERSHIP)-TAX_ID-NATIONAL_ID,1
+NAME+ADDRESS+REGISTRATION_DATE+REGISTRATION_COUNTRY+REL_POINTER(DOMAIN:OPEN_SANCTIONS|MIN:OWNERSHIP|MAX:)-TAX_ID-NATIONAL_ID,1
+NAME+ADDRESS+REGISTRATION_DATE+REGISTRATION_COUNTRY+REL_POINTER(DOMAIN:OPEN_SANCTIONS|MIN:SUCCESSION|MAX:)-TAX_ID-NATIONAL_ID,1
+NAME+ADDRESS+REGISTRATION_DATE+REL_POINTER(DOMAIN:OPEN_SANCTIONS|MIN:OWNED OR CONTROLLED BY|MAX:)-ADDRESS-NATIONAL_ID,1
+NAME+ADDRESS+REGISTRATION_DATE+REL_POINTER(DOMAIN:OPEN_SANCTIONS|MIN:OWNERSHIP|MAX:) (Ambiguous),1
+NAME+ADDRESS+REL_POINTER(DOMAIN:|MIN:|MAX:OWNERSHIP) (Ambiguous),1
"+NAME+ADDRESS+REL_POINTER(DOMAIN:OPEN_SANCTIONS|MIN:IS DIRECTLY CONSOLIDATED BY,IS ULTIMATELY CONSOLIDATED BY|MAX:)-NATIONAL_ID-REGISTRATION_DATE-LEI_NUMBER",1
+NAME+ADDRESS+REL_POINTER(DOMAIN:OPEN_SANCTIONS|MIN:|MAX:IS ULTIMATELY CONSOLIDATED BY)-NATIONAL_ID-REGISTRATION_DATE-LEI_NUMBER,1
"+NAME+ADDRESS+REL_POINTER(DOMAIN:OPEN_SANCTIONS|MIN:|MAX:IS ULTIMATELY CONSOLIDATED BY,RIGHT TO APPOINT AND REMOVE DIRECTORS)-NATIONAL_ID-REGISTRATION_DATE-LEI_NUMBER",1
+NAME+ADDRESS+REL_POINTER(DOMAIN:OPEN_SANCTIONS|MIN:|MAX:OWNED OR CONTROLLED BY)-NATIONAL_ID,1
+NAME+ADDRESS+REL_POINTER(DOMAIN:OPEN_SANCTIONS|MIN:|MAX:OWNED OR CONTROLLED BY)-NATIONAL_ID-REGISTRATION_DATE,1
+NAME+ADDRESS+REL_POINTER(DOMAIN:OPEN_SANCTIONS|MIN:|MAX:OWNED OR CONTROLLED BY)-NATIONAL_ID-REGISTRATION_DATE-LEI_NUMBER,1
+NAME+ADDRESS+REL_POINTER(DOMAIN:OPEN_SANCTIONS|MIN:|MAX:OWNERSHIP) (Ambiguous),1
+NAME+ADDRESS+REL_POINTER(DOMAIN:OPEN_SANCTIONS|MIN:OWNED OR CONTROLLED BY|MAX:)-RECORD_TYPE,1
"+NAME+ADDRESS+REL_POINTER(DOMAIN:OPEN_SANCTIONS|MIN:OWNED OR CONTROLLED BY,RIGHT TO APPOINT AND REMOVE DIRECTORS|MAX:)-RECORD_TYPE",1
+NAME+ADDRESS+TAX_ID-RECORD_TYPE,1
+NAME+ADDRESS+WEBSITE-NATIONAL_ID-REGISTRATION_DATE,1
+NAME+ADDRESS+WEBSITE+REGISTRATION_COUNTRY-NATIONAL_ID-REGISTRATION_DATE-LEI_NUMBER,1
"+NAME+ADDRESS+WEBSITE+REGISTRATION_COUNTRY+REL_POINTER(DOMAIN:OPEN_SANCTIONS|MIN:OWNS\, CONTROLS\, OR OPERATES|MAX:)-REGISTRATION_DATE",1
+NAME+ADDRESS+WEBSITE+REGISTRATION_COUNTRY-TAX_ID-NATIONAL_ID-REGISTRATION_DATE,1
+NAME+CITIZENSHIP+PLACE_OF_BIRTH,1
+NAME+DOB+ADDRESS+CITIZENSHIP+NATIONALITY+PLACE_OF_BIRTH-TRUSTED_ID,1
+NAME+DOB+CITIZENSHIP+NATIONALITY-NATIONAL_ID,1
+NAME+DOB+CITIZENSHIP+NATIONALITY+PLACE_OF_BIRTH-GENDER-TRUSTED_ID,1
+NAME+DOB+CITIZENSHIP+PLACE_OF_BIRTH,1
+NAME+DOB+CITIZENSHIP+PLACE_OF_BIRTH+REL_POINTER(DOMAIN:OPEN_SANCTIONS|MIN:FAMILY|MAX:)-TRUSTED_ID,1
+NAME+DOB+DOD+NATIONALITY-TRUSTED_ID,1
+NAME+DOB+NATIONALITY+PLACE_OF_BIRTH-GENDER-TRUSTED_ID,1
+NAME+DOB+TAX_ID+CITIZENSHIP+NATIONALITY-TRUSTED_ID,1
"+NAME+DOB+WEBSITE+CITIZENSHIP+PLACE_OF_BIRTH+REL_POINTER(DOMAIN:OPEN_SANCTIONS|MIN:ASSOCIATE,FAMILY|MAX:ASSOCIATE,FAMILY)-TRUSTED_ID",1
+NAME+DOD+CITIZENSHIP+NATIONALITY-TRUSTED_ID,1
+NAME+DOD+CITIZENSHIP+REL_POINTER(DOMAIN:OPEN_SANCTIONS|MIN:FAMILY|MAX:)-DOB-GENDER-TRUSTED_ID,1
+NAME+DOD+CITIZENSHIP+REL_POINTER(DOMAIN:OPEN_SANCTIONS|MIN:FAMILY|MAX:)-DOB-TRUSTED_ID,1
+NAME+DOD-DOB-GENDER-TRUSTED_ID,1
+NAME+DOD+NATIONALITY-TRUSTED_ID,1
+NAME+EMAIL+REGISTRATION_COUNTRY-ADDRESS-TAX_ID-NATIONAL_ID,1
+NAME+EMAIL+REGISTRATION_COUNTRY+REL_POINTER(DOMAIN:OPEN_SANCTIONS|MIN:|MAX:SUCCESSION)-TAX_ID-NATIONAL_ID-REGISTRATION_DATE,1
+NAME+EMAIL+WEBSITE+REGISTRATION_COUNTRY-ADDRESS-TAX_ID-NATIONAL_ID-REGISTRATION_DATE,1
+NAME+EMAIL+WEBSITE+REGISTRATION_COUNTRY+REL_POINTER(DOMAIN:OPEN_SANCTIONS|MIN:OWNERSHIP|MAX:)-ADDRESS-TAX_ID-NATIONAL_ID-REGISTRATION_DATE,1
+NAME+EMAIL+WEBSITE+REGISTRATION_COUNTRY-TAX_ID-NATIONAL_ID-REGISTRATION_DATE,1
+NAME+NATIONAL_ID-ADDRESS,1
+NAME+NATIONAL_ID-ADDRESS-REGISTRATION_DATE,1
+NAME+NATIONAL_ID+NATIONALITY-DOB-PASSPORT,1
+NAME+NATIONAL_ID+NATIONALITY-NATIONAL_ID,1
+NAME+NATIONAL_ID+REGISTRATION_COUNTRY+REL_POINTER(DOMAIN:OPEN_SANCTIONS|MIN:OWNERSHIP|MAX:)-ADDRESS-TAX_ID-REGISTRATION_DATE,1
+NAME+NATIONAL_ID+REGISTRATION_COUNTRY-TAX_ID-REGISTRATION_DATE,1
+NAME+NATIONALITY+REL_POINTER(DOMAIN:OPEN_SANCTIONS|MIN:|MAX:FAMILY),1
+NAME+OTHER_ID-ADDRESS-NATIONAL_ID-REGISTRATION_DATE,1
+NAME+OTHER_ID-ADDRESS-NATIONAL_ID-REGISTRATION_DATE-LEI_NUMBER,1
+NAME+OTHER_ID-ADDRESS-TRUSTED_ID-REGISTRATION_DATE,1
+NAME+OTHER_ID+REGISTRATION_COUNTRY-ADDRESS,1
+NAME+OTHER_ID+REGISTRATION_COUNTRY-ADDRESS-TAX_ID-NATIONAL_ID-REGISTRATION_DATE,1
+NAME+PASSPORT+NATIONALITY-DOB,1
+NAME+PASSPORT+NATIONALITY-DOB-PASSPORT-NATIONAL_ID,1
+NAME+PHONE+CITIZENSHIP+NATIONALITY-DOB-TRUSTED_ID,1
+NAME+PHONE+EMAIL+WEBSITE+REGISTRATION_COUNTRY-TAX_ID-NATIONAL_ID-REGISTRATION_DATE,1
+NAME+PHONE+REGISTRATION_COUNTRY-ADDRESS-NATIONAL_ID-REGISTRATION_DATE,1
+NAME+PHONE+REGISTRATION_COUNTRY-TAX_ID-NATIONAL_ID,1
+NAME+PHONE+REGISTRATION_DATE+REGISTRATION_COUNTRY-ADDRESS-TAX_ID-NATIONAL_ID,1
+NAME+PHONE+REL_POINTER(DOMAIN:OPEN_SANCTIONS|MIN:|MAX:OWNED OR CONTROLLED BY)-RECORD_TYPE,1
"+NAME+PHONE+WEBSITE+REGISTRATION_COUNTRY+REL_POINTER(DOMAIN:OPEN_SANCTIONS|MIN:|MAX:OWNS\, CONTROLS\, OR OPERATES)-NATIONAL_ID-REGISTRATION_DATE-LEI_NUMBER",1
+NAME+PHONE+WEBSITE+REGISTRATION_DATE+REGISTRATION_COUNTRY+REL_POINTER(DOMAIN:OPEN_SANCTIONS|MIN:|MAX:SUCCESSION)-TAX_ID-NATIONAL_ID,1
+NAME+REGISTRATION_COUNTRY-LEI_NUMBER,1
+NAME+REGISTRATION_COUNTRY-REGISTRATION_DATE,1
+NAME+REGISTRATION_COUNTRY-REGISTRATION_DATE-LEI_NUMBER,1
+NAME+REGISTRATION_COUNTRY+REL_POINTER(DOMAIN:OPEN_SANCTIONS|MIN:ACTING FOR OR ON BEHALF OF|MAX:)-TAX_ID-NATIONAL_ID-REGISTRATION_DATE,1
+NAME+REGISTRATION_COUNTRY+REL_POINTER(DOMAIN:OPEN_SANCTIONS|MIN:|MAX:IS INTERNATIONAL BRANCH OF)-NATIONAL_ID-REGISTRATION_DATE-LEI_NUMBER,1
+NAME+REGISTRATION_COUNTRY+REL_POINTER(DOMAIN:OPEN_SANCTIONS|MIN:|MAX:OWNED OR CONTROLLED BY)-NATIONAL_ID-REGISTRATION_DATE,1
"+NAME+REGISTRATION_COUNTRY+REL_POINTER(DOMAIN:OPEN_SANCTIONS|MIN:|MAX:OWNED OR CONTROLLED BY,OWNERSHIP)-TAX_ID-NATIONAL_ID-REGISTRATION_DATE",1
+NAME+REGISTRATION_COUNTRY+REL_POINTER(DOMAIN:OPEN_SANCTIONS|MIN:|MAX:OWNERSHIP)-NATIONAL_ID,1
+NAME+REGISTRATION_COUNTRY+REL_POINTER(DOMAIN:OPEN_SANCTIONS|MIN:|MAX:OWNERSHIP)-REGISTRATION_DATE,1
+NAME+REGISTRATION_COUNTRY+REL_POINTER(DOMAIN:OPEN_SANCTIONS|MIN:OWNED OR CONTROLLED BY|MAX:)-TAX_ID-REGISTRATION_DATE,1
"+NAME+REGISTRATION_COUNTRY+REL_POINTER(DOMAIN:OPEN_SANCTIONS|MIN:OWNED OR CONTROLLED BY,OWNERSHIP|MAX:)-TAX_ID-NATIONAL_ID-REGISTRATION_DATE",1
+NAME+REGISTRATION_COUNTRY+REL_POINTER(DOMAIN:OPEN_SANCTIONS|MIN:SUCCESSION|MAX:)-TAX_ID-NATIONAL_ID-REGISTRATION_DATE-LEI_NUMBER,1
+NAME+REGISTRATION_COUNTRY-TAX_ID,1
+NAME+REGISTRATION_COUNTRY-TAX_ID-NATIONAL_ID-LEI_NUMBER,1
+NAME+REGISTRATION_DATE-NATIONAL_ID,1
+NAME+REGISTRATION_DATE+REGISTRATION_COUNTRY-ADDRESS-NATIONAL_ID-LEI_NUMBER,1
+NAME+REGISTRATION_DATE+REGISTRATION_COUNTRY+REL_POINTER(DOMAIN:OPEN_SANCTIONS|MIN:OWNERSHIP|MAX:)-TAX_ID-NATIONAL_ID,1
+NAME+REGISTRATION_DATE+REGISTRATION_COUNTRY-TAX_ID-NATIONAL_ID-LEI_NUMBER,1
+NAME+REGISTRATION_DATE+REL_POINTER(DOMAIN:OPEN_SANCTIONS|MIN:|MAX:OWNERSHIP)-ADDRESS,1
+NAME+REL_POINTER(DOMAIN:OPEN_SANCTIONS|MIN:CONNECTED TO|MAX:),1
+NAME+REL_POINTER(DOMAIN:OPEN_SANCTIONS|MIN:|MAX:BENEFICIAL OWNER OF),1
+NAME+REL_POINTER(DOMAIN:OPEN_SANCTIONS|MIN:|MAX:KOREA DAESONG BANK IS A JOINT VENTURE PARTNER AND 30% OWNER OF DAEDONG CREDIT BANK),1
+NAME+REL_POINTER(DOMAIN:OPEN_SANCTIONS|MIN:|MAX:OTHER LINK),1
+NAME+REL_POINTER(DOMAIN:OPEN_SANCTIONS|MIN:|MAX:OWNED OR CONTROLLED BY)-NATIONAL_ID-REGISTRATION_DATE-LEI_NUMBER,1
+NAME+REL_POINTER(DOMAIN:OPEN_SANCTIONS|MIN:|MAX:OWNERSHIP)-NATIONAL_ID-LEI_NUMBER,1
+NAME+REL_POINTER(DOMAIN:OPEN_SANCTIONS|MIN:OWNERSHIP|MAX:)-NATIONAL_ID-LEI_NUMBER,1
+NAME+REL_POINTER(DOMAIN:OPEN_SANCTIONS|MIN:OWNERSHIP|MAX:OWNERSHIP),1
+NAME-TAX_ID-NATIONAL_ID-REGISTRATION_DATE,1
+NAME+WEBSITE-ADDRESS-NATIONAL_ID,1
+NAME+WEBSITE-ADDRESS-REGISTRATION_DATE,1
+NAME+WEBSITE-LEI_NUMBER,1
+NAME+WEBSITE+NATIONALITY-TRUSTED_ID,1
+NAME+WEBSITE+REGISTRATION_COUNTRY+REL_POINTER(DOMAIN:OPEN_SANCTIONS|MIN:OTHER LINK|MAX:OTHER LINK)-TAX_ID-NATIONAL_ID-REGISTRATION_DATE,1
+NAME+WEBSITE+REL_POINTER(DOMAIN:OPEN_SANCTIONS|MIN:|MAX:OWNERSHIP)-ADDRESS-LEI_NUMBER,1
+NAME+WEBSITE+REL_POINTER(DOMAIN:OPEN_SANCTIONS|MIN:OWNERSHIP|MAX:)-NATIONAL_ID,1
+NAME+WEBSITE+REL_POINTER(DOMAIN:OPEN_SANCTIONS|MIN:OWNERSHIP|MAX:)-NATIONAL_ID-LEI_NUMBER,1
+NATIONAL_ID-ADDRESS-REGISTRATION_DATE-LEI_NUMBER,1
+NATIONAL_ID-ADDRESS-TAX_ID,1
+NATIONAL_ID+CITIZENSHIP-DOB,1
+NATIONAL_ID+CITIZENSHIP-DOB-TAX_ID,1
+NATIONAL_ID-NATIONAL_ID,1
+NATIONAL_ID+NATIONALITY-DOB-NPI_NUMBER,1
+NATIONAL_ID+NATIONALITY+PLACE_OF_BIRTH-DOB-GENDER-PASSPORT,1
+NATIONAL_ID+REGISTRATION_COUNTRY-ADDRESS-TAX_ID,1
+NATIONAL_ID+REGISTRATION_COUNTRY-ADDRESS-TAX_ID-NATIONAL_ID-REGISTRATION_DATE,1
+NATIONAL_ID+REGISTRATION_COUNTRY-TAX_ID-REGISTRATION_DATE-LEI_NUMBER,1
+NATIONAL_ID+REGISTRATION_DATE-ADDRESS,1
+NATIONAL_ID+REL_POINTER(DOMAIN:OPEN_SANCTIONS|MIN:|MAX:OWNERSHIP)-TAX_ID-RECORD_TYPE,1
+NATIONAL_ID+REL_POINTER(DOMAIN:OPEN_SANCTIONS|MIN:|MAX:PROVIDING SUPPORT TO)-RECORD_TYPE,1
+NATIONAL_ID+REL_POINTER(DOMAIN:OPEN_SANCTIONS|MIN:|MAX:ДИРЕКТОР ФСВТС РОССИИ)-TAX_ID-RECORD_TYPE,1
+NATIONAL_ID-TAX_ID-RECORD_TYPE,1
+NATIONAL_ID-TAX_ID-REGISTRATION_DATE,1
+NATIONALITY+NPI_NUMBER,1
+NPI_NUMBER-ADDRESS,1
+NPI_NUMBER+REL_POINTER(DOMAIN:OPEN_SANCTIONS|MIN:|MAX:OTHER LINK)-RECORD_TYPE,1
+NPI_NUMBER+REL_POINTER(DOMAIN:OPEN_SANCTIONS|MIN:OTHER LINK|MAX:)-RECORD_TYPE,1
+OTHER_ID-ADDRESS-NATIONAL_ID-REGISTRATION_DATE-LEI_NUMBER,1
+OTHER_ID-ADDRESS-TAX_ID-NATIONAL_ID-REGISTRATION_DATE-LEI_NUMBER,1
+OTHER_ID+CITIZENSHIP+NATIONALITY-DOB-TAX_ID,1
+OTHER_ID+CITIZENSHIP+NATIONALITY-DOB-TAX_ID-TRUSTED_ID,1
+OTHER_ID-DOB-GENDER-PASSPORT,1
+OTHER_ID-DOB-NATIONAL_ID-TRUSTED_ID,1
+OTHER_ID+NATIONALITY-DOB-GENDER-TAX_ID,1
+OTHER_ID+NATIONALITY-DOB-NPI_NUMBER,1
+OTHER_ID+NATIONALITY-DOB-PASSPORT-NATIONAL_ID,1
+OTHER_ID+NATIONALITY+PLACE_OF_BIRTH-DOB-NATIONAL_ID,1
+OTHER_ID+NATIONALITY-TAX_ID,1
+OTHER_ID+REGISTRATION_COUNTRY-ADDRESS-REGISTRATION_DATE,1
+OTHER_ID+REGISTRATION_COUNTRY-TAX_ID-NATIONAL_ID-REGISTRATION_DATE-LEI_NUMBER,1
+OTHER_ID+REL_POINTER(DOMAIN:OPEN_SANCTIONS|MIN:AFFILIATE|MAX:OWNERSHIP),1
+OTHER_ID+REL_POINTER(DOMAIN:OPEN_SANCTIONS|MIN:OWNERSHIP|MAX:),1
+OTHER_ID-TRUSTED_ID,1
+PASSPORT+CITIZENSHIP-DOB-TAX_ID,1
+PASSPORT+CITIZENSHIP+NATIONALITY-DOB-GENDER-TRUSTED_ID,1
+PASSPORT+CITIZENSHIP+NATIONALITY-DOB-NATIONAL_ID,1
+PASSPORT+CITIZENSHIP+NATIONALITY-DOB-TAX_ID-NATIONAL_ID,1
+PASSPORT+NATIONAL_ID+NATIONALITY-DOB,1
+PASSPORT+NATIONALITY,1
+PASSPORT+NATIONALITY+PLACE_OF_BIRTH-DOB,1
+PHONE-ADDRESS,1
+PHONE-ADDRESS-TAX_ID-NATIONAL_ID,1
+PHONE+EMAIL+CITIZENSHIP+NATIONALITY-DOB-TRUSTED_ID,1
+PHONE+EMAIL+NATIONALITY-DOB-GENDER,1
+PHONE+EMAIL+NATIONALITY-GENDER,1
+PHONE+EMAIL-RECORD_TYPE,1
+PHONE+EMAIL+REGISTRATION_COUNTRY-ADDRESS-REGISTRATION_DATE,1
+PHONE+NATIONALITY-DOB-GENDER,1
+PHONE+NATIONALITY-DOB-GENDER-NATIONAL_ID,1
+PHONE+NATIONALITY-DOB-NATIONAL_ID,1
+PHONE+NATIONALITY-DOB-TAX_ID-NATIONAL_ID,1
+PHONE+NATIONALITY-GENDER-NATIONAL_ID,1
+PHONE+NATIONALITY+PLACE_OF_BIRTH-DOB-TRUSTED_ID,1
+PHONE+NATIONALITY-TRUSTED_ID,1
+PHONE+REGISTRATION_COUNTRY,1
+PHONE+REGISTRATION_COUNTRY-ADDRESS-NATIONAL_ID-REGISTRATION_DATE,1
+PHONE+REGISTRATION_COUNTRY+REL_POINTER(DOMAIN:OPEN_SANCTIONS|MIN:|MAX:OWNERSHIP)-ADDRESS-TAX_ID-NATIONAL_ID-REGISTRATION_DATE,1
+PHONE+REGISTRATION_COUNTRY+REL_POINTER(DOMAIN:OPEN_SANCTIONS|MIN:OWNED OR CONTROLLED BY|MAX:)-NATIONAL_ID,1
+PHONE+REGISTRATION_COUNTRY+REL_POINTER(DOMAIN:OPEN_SANCTIONS|MIN:OWNERSHIP|MAX:)-ADDRESS,1
+PHONE+REGISTRATION_COUNTRY+REL_POINTER(DOMAIN:OPEN_SANCTIONS|MIN:OWNERSHIP|MAX:)-ADDRESS-TAX_ID-NATIONAL_ID-REGISTRATION_DATE,1
+PHONE+REGISTRATION_DATE+REGISTRATION_COUNTRY+REL_POINTER(DOMAIN:OPEN_SANCTIONS|MIN:|MAX:OWNERSHIP)-ADDRESS-TAX_ID-NATIONAL_ID-LEI_NUMBER,1
+PHONE+REL_POINTER(DOMAIN:OPEN_SANCTIONS|MIN:IS ULTIMATELY CONSOLIDATED BY|MAX:)-ADDRESS-NATIONAL_ID-REGISTRATION_DATE-LEI_NUMBER,1
"+PHONE+REL_POINTER(DOMAIN:OPEN_SANCTIONS|MIN:|MAX:ACTING FOR OR ON BEHALF OF,OWNERSHIP)-TAX_ID-NATIONAL_ID-RECORD_TYPE",1
+PHONE+REL_POINTER(DOMAIN:OPEN_SANCTIONS|MIN:|MAX:CONTROLLED BY OMM),1
+PHONE-TAX_ID-NATIONAL_ID-RECORD_TYPE,1
+PHONE+WEBSITE+CITIZENSHIP+NATIONALITY-DOB-TRUSTED_ID,1
+PHONE+WEBSITE+NATIONALITY-DOB-GENDER-TRUSTED_ID,1
+PHONE+WEBSITE-RECORD_TYPE,1
+PHONE+WEBSITE+REL_POINTER(DOMAIN:OPEN_SANCTIONS|MIN:|MAX:OWNED OR CONTROLLED BY)-ADDRESS,1
+PNAME+ADDRESS,1
+PNAME+ADDRESS+CITIZENSHIP+NATIONALITY-DOB,1
+PNAME+ADDRESS+CITIZENSHIP+NATIONALITY-DOB-TAX_ID,1
+PNAME+ADDRESS+CITIZENSHIP+NATIONALITY+REL_POINTER(DOMAIN:OPEN_SANCTIONS|MIN:|MAX:ACTING FOR OR ON BEHALF OF)-DOB-TAX_ID-NATIONAL_ID,1
+PNAME+ADDRESS-DOB,1
+PNAME+ADDRESS+NATIONALITY,1
+PNAME+ADDRESS+NATIONALITY+REL_POINTER(DOMAIN:OPEN_SANCTIONS|MIN:|MAX:PROVIDING SUPPORT TO)-DOB,1
+PNAME+ADDRESS+REGISTRATION_COUNTRY,1
+PNAME+WEBSITE+CITIZENSHIP+NATIONALITY+PLACE_OF_BIRTH+REL_POINTER(DOMAIN:OPEN_SANCTIONS|MIN:FAMILY|MAX:FAMILY)-DOB-TRUSTED_ID,1
+PNAME+WEBSITE+NATIONALITY,1
+PNAME+WEBSITE+NATIONALITY-DOB-TRUSTED_ID,1
"+REL_POINTER(DOMAIN:OPEN_SANCTIONS|MIN:ACTING FOR OR ON BEHALF OF,FAMILY|MAX:FAMILY)",1
"+REL_POINTER(DOMAIN:OPEN_SANCTIONS|MIN:ACTING FOR OR ON BEHALF OF,LEADER OR OFFICIAL OF|MAX:)",1
+REL_POINTER(DOMAIN:OPEN_SANCTIONS|MIN:ACTING FOR OR ON BEHALF OF|MAX:OTHER LINK),1
+REL_POINTER(DOMAIN:OPEN_SANCTIONS|MIN:ACTING FOR OR ON BEHALF OF|MAX:OWNERSHIP),1
"+REL_POINTER(DOMAIN:OPEN_SANCTIONS|MIN:ACTING FOR OR ON BEHALF OF,OFFICIAL,RELATED\-TO|MAX:)",1
"+REL_POINTER(DOMAIN:OPEN_SANCTIONS|MIN:ACTING FOR OR ON BEHALF OF,OTHER LINK|MAX:OTHER LINK)",1
"+REL_POINTER(DOMAIN:OPEN_SANCTIONS|MIN:ACTING FOR OR ON BEHALF OF,OWNERSHIP|MAX:)",1
"+REL_POINTER(DOMAIN:OPEN_SANCTIONS|MIN:ACTING FOR OR ON BEHALF OF,PRESIDENT|MAX:)",1
"+REL_POINTER(DOMAIN:OPEN_SANCTIONS|MIN:ACTING FOR OR ON BEHALF OF,RELATED\-TO,WORKS ON BEHALF OF THE MINISTRY|MAX:)",1
"+REL_POINTER(DOMAIN:OPEN_SANCTIONS|MIN:ACTING FOR OR ON BEHALF OF,REPRESENTATIVE IN VIETNAM|MAX:)",1
"+REL_POINTER(DOMAIN:OPEN_SANCTIONS|MIN:ACTING FOR OR ON BEHALF OF,REPRESENTATIVE|MAX:)",1
"+REL_POINTER(DOMAIN:OPEN_SANCTIONS|MIN:ADMINISTRATOR OF,SECRETARY OF|MAX:)",1
+REL_POINTER(DOMAIN:OPEN_SANCTIONS|MIN:AFFILIATED|MAX:),1
+REL_POINTER(DOMAIN:OPEN_SANCTIONS|MIN:AFFILIATE|MAX:),1
+REL_POINTER(DOMAIN:OPEN_SANCTIONS|MIN:AGENT|MAX:),1
"+REL_POINTER(DOMAIN:OPEN_SANCTIONS|MIN:APPLEBY ASSIGNED ATTORNEY,DIRECTOR OF,IS SIGNATORY FOR|MAX:)",1
"+REL_POINTER(DOMAIN:OPEN_SANCTIONS|MIN:APPLEBY ASSIGNED ATTORNEY,DIRECTOR OF,IS SIGNATORY FOR,PRESIDENT OF,VICE\-PRESIDENT OF|MAX:)",1
"+REL_POINTER(DOMAIN:OPEN_SANCTIONS|MIN:APPLEBY ASSIGNED ATTORNEY,VICE\-PRESIDENT OF|MAX:)",1
+REL_POINTER(DOMAIN:OPEN_SANCTIONS|MIN:ARMED WING|MAX:),1
+REL_POINTER(DOMAIN:OPEN_SANCTIONS|MIN:ASOCIAT|MAX:),1
+REL_POINTER(DOMAIN:OPEN_SANCTIONS|MIN:ASOCIAT|MAX:ASOCIAT CU 30%),1
+REL_POINTER(DOMAIN:OPEN_SANCTIONS|MIN:ASSISTANT SECRETARY OF|MAX:),1
"+REL_POINTER(DOMAIN:OPEN_SANCTIONS|MIN:ASSOCIATE,FAMILY|MAX:ASSOCIATE,FAMILY)",1
"+REL_POINTER(DOMAIN:OPEN_SANCTIONS|MIN:ASSOCIATE,FAMILY|MAX:FAMILY)",1
+REL_POINTER(DOMAIN:OPEN_SANCTIONS|MIN:ASUTAJA|MAX:),1
+REL_POINTER(DOMAIN:OPEN_SANCTIONS|MIN:ATTORNEY|MAX:),1
+REL_POINTER(DOMAIN:OPEN_SANCTIONS|MIN:BANK OF CHINA IS A FORMER BANK ACCOUNT PROVIDER FOR NORTH EAST ASIA BANK|MAX:),1
+REL_POINTER(DOMAIN:OPEN_SANCTIONS|MIN:BENEFICIAL OWNER AND ATTORNEY IN FACT|MAX:),1
"+REL_POINTER(DOMAIN:OPEN_SANCTIONS|MIN:BENEFICIAL OWNER OF,DIRECTOR OF,IS SIGNATORY FOR|MAX:)",1
"+REL_POINTER(DOMAIN:OPEN_SANCTIONS|MIN:BENEFICIAL OWNER OF,DIRECTOR OF,VICE\-PRESIDENT OF|MAX:)",1
"+REL_POINTER(DOMAIN:OPEN_SANCTIONS|MIN:BENEFICIARY OF,CO\-TRUSTEE OF|MAX:)",1
"+REL_POINTER(DOMAIN:OPEN_SANCTIONS|MIN:BENEFICIARY OF,DIRECTOR OF,SHAREHOLDER OF|MAX:)",1
"+REL_POINTER(DOMAIN:OPEN_SANCTIONS|MIN:BOTH ENTITIES HAVE ""A CLOSE RELATIONSHIP""|MAX:RELATED\-TO)",1
+REL_POINTER(DOMAIN:OPEN_SANCTIONS|MIN:BUSINESS PARTNER|MAX:),1
+REL_POINTER(DOMAIN:OPEN_SANCTIONS|MIN:CANDIDAT PE LISTA NAȚIONALĂ LA ALEGERILE PARLAMENTARE DIN 2019|MAX:),1
"+REL_POINTER(DOMAIN:OPEN_SANCTIONS|MIN:CHAIRMAN OF,DIRECTOR OF,VICE CHAIRMAN OF|MAX:)",1
"+REL_POINTER(DOMAIN:OPEN_SANCTIONS|MIN:CHAIRMAN OF,DIRECTOR OF,VICE\-PRESIDENT OF|MAX:)",1
"+REL_POINTER(DOMAIN:OPEN_SANCTIONS|MIN:CHAIRMAN OF,IS SIGNATORY FOR,VICE\-PRESIDENT OF|MAX:)",1
"+REL_POINTER(DOMAIN:OPEN_SANCTIONS|MIN:CHAIRMAN OF THE BOARD OF,DIRECTOR OF,PRESIDENT OF,SHAREHOLDER OF,VICE\-PRESIDENT OF|MAX:)",1
"+REL_POINTER(DOMAIN:OPEN_SANCTIONS|MIN:CHAIRMAN OF THE BOARD OF,IS SIGNATORY FOR|MAX:)",1
"+REL_POINTER(DOMAIN:OPEN_SANCTIONS|MIN:CHAIRMAN OF,ULTIMATE BENEFICIAL OWNER OF|MAX:)",1
"+REL_POINTER(DOMAIN:OPEN_SANCTIONS|MIN:CHIEF EXECUTIVE OFFICER OF,DIRECTOR OF,IS SIGNATORY FOR|MAX:)",1
+REL_POINTER(DOMAIN:OPEN_SANCTIONS|MIN:CHINA CONSTRUCTION BANK CORPORATION IS A FORMER BANK ACCOUNT PROVIDER FOR KOREA KWANGSON BANKING CORPORATION|MAX:),1
"+REL_POINTER(DOMAIN:OPEN_SANCTIONS|MIN:CHOLSAN GENERAL TRADING IS THE SOLE SHAREHOLDER OF LLC CHOLSAN.,OWNERSHIP|MAX:)",1
+REL_POINTER(DOMAIN:OPEN_SANCTIONS|MIN:CLIENT OF DAEDONG CREDIT BANK|MAX:),1
+REL_POINTER(DOMAIN:OPEN_SANCTIONS|MIN:CO\-CHAIRMAN OF|MAX:),1
+REL_POINTER(DOMAIN:OPEN_SANCTIONS|MIN:COLEG DE PARTID|MAX:),1
+REL_POINTER(DOMAIN:OPEN_SANCTIONS|MIN:COLEG ÎN CADRUL BLOCULUI ELECTORAL ACUM|MAX:),1
+REL_POINTER(DOMAIN:OPEN_SANCTIONS|MIN:COLEG ÎN CADRUL BLOCULUI ELECTORAL ALTERNATIVA|MAX:COLEG ÎN CADRUL BLOCULUI ELECTORAL ALTERNATIVA),1
+REL_POINTER(DOMAIN:OPEN_SANCTIONS|MIN:COLEG ÎN GUVERN|MAX:),1
+REL_POINTER(DOMAIN:OPEN_SANCTIONS|MIN:COMMERCIAL SHIP MANAGER|MAX:COMPANY),1
"+REL_POINTER(DOMAIN:OPEN_SANCTIONS|MIN:COMMERCIAL SHIP MANAGER|MAX:OWNS\, CONTROLS\, OR OPERATES,SHIPOWNER)",1
"+REL_POINTER(DOMAIN:OPEN_SANCTIONS|MIN:COMMERCIAL SHIP MANAGER,SHIP SAFETY MANAGEMENT MANAGER|MAX:COMPANY)",1
"+REL_POINTER(DOMAIN:OPEN_SANCTIONS|MIN:COMMERCIAL SHIP MANAGER,SHIP SAFETY MANAGEMENT MANAGER|MAX:COMPANY,SHIPOWNER)",1
"+REL_POINTER(DOMAIN:OPEN_SANCTIONS|MIN:COMPANY,FORMER OWNER AND OPERATOR|MAX:)",1
"+REL_POINTER(DOMAIN:OPEN_SANCTIONS|MIN:COMPANY,FORMER SHIP MANAGER|MAX:)",1
"+REL_POINTER(DOMAIN:OPEN_SANCTIONS|MIN:COMPANY|MAX:COMMERCIAL SHIP MANAGER,SHIP SAFETY MANAGEMENT MANAGER)",1
"+REL_POINTER(DOMAIN:OPEN_SANCTIONS|MIN:COMPANY,OTHER LINK|MAX:COMMERCIAL SHIP MANAGER,SHIP SAFETY MANAGEMENT MANAGER)",1
"+REL_POINTER(DOMAIN:OPEN_SANCTIONS|MIN:COMPANY,OWNED OR CONTROLLED BY|MAX:)",1
"+REL_POINTER(DOMAIN:OPEN_SANCTIONS|MIN:COMPANY,OWNED OR CONTROLLED BY,SHIPOWNER|MAX:COMMERCIAL SHIP MANAGER)",1
"+REL_POINTER(DOMAIN:OPEN_SANCTIONS|MIN:COMPANY,PROPERTY IN THE INTEREST OF|MAX:SHIP SAFETY MANAGEMENT MANAGER)",1
"+REL_POINTER(DOMAIN:OPEN_SANCTIONS|MIN:COMPANY,SHIPOWNER|MAX:COMMERCIAL SHIP MANAGER)",1
"+REL_POINTER(DOMAIN:OPEN_SANCTIONS|MIN:CONNECTED TO,SHAREHOLDER OF|MAX:)",1
+REL_POINTER(DOMAIN:OPEN_SANCTIONS|MIN:CO\-OWNER \(49% OF SHARES\)|MAX:),1
+REL_POINTER(DOMAIN:OPEN_SANCTIONS|MIN:CO\-OWNER OF SP FITON \(40% OF SHARES\)|MAX:),1
"+REL_POINTER(DOMAIN:OPEN_SANCTIONS|MIN:CO\-TRUSTEE OF,SETTLOR OF|MAX:)",1
"+REL_POINTER(DOMAIN:OPEN_SANCTIONS|MIN:CURRENT REGISTERED OWNER,OWNED OR CONTROLLED BY,SHIPOWNER|MAX:)",1
"+REL_POINTER(DOMAIN:OPEN_SANCTIONS|MIN:DESIGNATED AS ECONOMIC RESOURCES OF,OWNED OR CONTROLLED BY,OWNER|MAX:)",1
+REL_POINTER(DOMAIN:OPEN_SANCTIONS|MIN:DIRECTOR / BENEFICIAL OWNER|MAX:),1
+REL_POINTER(DOMAIN:OPEN_SANCTIONS|MIN:DIRECTOR OF DEVELOPMENT|MAX:),1
"+REL_POINTER(DOMAIN:OPEN_SANCTIONS|MIN:DIRECTOR OF,IS SIGNATORY FOR,TREASURER OF|MAX:)",1
"+REL_POINTER(DOMAIN:OPEN_SANCTIONS|MIN:DIRECTOR OF,IS SIGNATORY FOR,TREASURER OF,VICE\-PRESIDENT OF|MAX:)",1
"+REL_POINTER(DOMAIN:OPEN_SANCTIONS|MIN:DIRECTOR OF,SECRETARY OF,VICE\-PRESIDENT OF|MAX:)",1
"+REL_POINTER(DOMAIN:OPEN_SANCTIONS|MIN:DIRECTOR OF,SHAREHOLDER OF,TREASURER OF,VICE\-PRESIDENT OF|MAX:)",1
"+REL_POINTER(DOMAIN:OPEN_SANCTIONS|MIN:DIRECTOR OF,ULTIMATE BENEFICIAL OWNER OF|MAX:)",1
"+REL_POINTER(DOMAIN:OPEN_SANCTIONS|MIN:DIRECTOR OF,VICE CHAIRMAN OF|MAX:)",1
+REL_POINTER(DOMAIN:OPEN_SANCTIONS|MIN:DOC HOLDER|MAX:),1
"+REL_POINTER(DOMAIN:OPEN_SANCTIONS|MIN:FACILITATED WEAPONS\-RELATED TRANSACTIONS FOR THE RGB ""IN A MANNER THAT CIRCUMVENTS SANCTIONS""|MAX:)",1
+REL_POINTER(DOMAIN:OPEN_SANCTIONS|MIN:FACILITATOR|MAX:),1
"+REL_POINTER(DOMAIN:OPEN_SANCTIONS|MIN:FAMILY|MAX:FAMILY,RELATED\-TO)",1
+REL_POINTER(DOMAIN:OPEN_SANCTIONS|MIN:FORMER CHAIRMAN|MAX:),1
"+REL_POINTER(DOMAIN:OPEN_SANCTIONS|MIN:FORMER MEMBER,LEADER OR OFFICIAL OF|MAX:)",1
"+REL_POINTER(DOMAIN:OPEN_SANCTIONS|MIN:FORMER OVERSEAS REPRESENTATIVE BASED IN YANJI\, CHINA|MAX:)",1
+REL_POINTER(DOMAIN:OPEN_SANCTIONS|MIN:FORMER OWNER|MAX:),1
"+REL_POINTER(DOMAIN:OPEN_SANCTIONS|MIN:FORMER OWNER,OWNED OR CONTROLLED BY|MAX:)",1
"+REL_POINTER(DOMAIN:OPEN_SANCTIONS|MIN:FORMER OWNER\, SHIP MANAGER\, AND ISM MANAGER,OWNED OR CONTROLLED BY|MAX:)",1
+REL_POINTER(DOMAIN:OPEN_SANCTIONS|MIN:FORMER SHIP MANAGER|MAX:),1
+REL_POINTER(DOMAIN:OPEN_SANCTIONS|MIN:FORMER TECHNICAL MANAGER|MAX:),1
+REL_POINTER(DOMAIN:OPEN_SANCTIONS|MIN:FORMER VICE DIRECTOR|MAX:),1
+REL_POINTER(DOMAIN:OPEN_SANCTIONS|MIN:FOST COLEG DE PARTID|MAX:),1
+REL_POINTER(DOMAIN:OPEN_SANCTIONS|MIN:FOST COLEG ÎN CADRUL BA „LEBEDINSKY & PARTNERS”|MAX:),1
+REL_POINTER(DOMAIN:OPEN_SANCTIONS|MIN:FOST JURIST|MAX:),1
+REL_POINTER(DOMAIN:OPEN_SANCTIONS|MIN:FOST ȘEF LA MAI|MAX:),1
"+REL_POINTER(DOMAIN:OPEN_SANCTIONS|MIN:FOUNDER,OWNED OR CONTROLLED BY|MAX:)",1
+REL_POINTER(DOMAIN:OPEN_SANCTIONS|MIN:HAS CONDUCTED ACTIVITIES ON BEHALF OF THE RECONNAISSANCE GENERAL BUREAU|MAX:),1
"+REL_POINTER(DOMAIN:OPEN_SANCTIONS|MIN:HAS CONDUCTED ""LEGITIMATE IT WORK"" FOR THE COMPANY|MAX:)",1
"+REL_POINTER(DOMAIN:OPEN_SANCTIONS|MIN:HISTORICALLY AND OPERATIONALLY\, THE RGB HAS BEEN LINKED TO THE STATE AFFAIRS COMMISSION|MAX:)",1
"+REL_POINTER(DOMAIN:OPEN_SANCTIONS|MIN:HONG KONG ELECTRONICS IS OWNED OR CONTROLLED BY\, OR ACTS ON BEHALF OF THE TANCHON COMMERCIAL BANK|MAX:)",1
+REL_POINTER(DOMAIN:OPEN_SANCTIONS|MIN:IN CONTROL OF THE COMPANY|MAX:),1
+REL_POINTER(DOMAIN:OPEN_SANCTIONS|MIN:INTELLIGENCE OFFICER|MAX:),1
"+REL_POINTER(DOMAIN:OPEN_SANCTIONS|MIN:INTERMEDIARY OF,SHAREHOLDER OF|MAX:)",1
+REL_POINTER(DOMAIN:OPEN_SANCTIONS|MIN:INVESTMENT MANAGER OF|MAX:),1
"+REL_POINTER(DOMAIN:OPEN_SANCTIONS|MIN:IS DIRECTLY CONSOLIDATED BY,IS ULTIMATELY CONSOLIDATED BY,OWNED OR CONTROLLED BY|MAX:)",1
"+REL_POINTER(DOMAIN:OPEN_SANCTIONS|MIN:IS DIRECTLY CONSOLIDATED BY,IS ULTIMATELY CONSOLIDATED BY,OWNERSHIP,OWNERSHIP OF SHARES MORE THAN 25 PERCENT REGISTERED OVERSEAS ENTITY|MAX:)",1
"+REL_POINTER(DOMAIN:OPEN_SANCTIONS|MIN:IS DIRECTLY CONSOLIDATED BY,OWNED OR CONTROLLED BY|MAX:)",1
"+REL_POINTER(DOMAIN:OPEN_SANCTIONS|MIN:IS DIRECTLY CONSOLIDATED BY,OWNERSHIP OF SHARES 75 TO 100 PERCENT AS FIRM|MAX:)",1
"+REL_POINTER(DOMAIN:OPEN_SANCTIONS|MIN:IS DIRECTLY CONSOLIDATED BY,OWNERSHIP OF SHARES 75 TO 100 PERCENT|MAX:)",1
+REL_POINTER(DOMAIN:OPEN_SANCTIONS|MIN:ISM COMPANY|MAX:),1
+REL_POINTER(DOMAIN:OPEN_SANCTIONS|MIN:ISM MANAGER AND COMMERCIAL OPERATOR|MAX:),1
"+REL_POINTER(DOMAIN:OPEN_SANCTIONS|MIN:IS SIGNATORY FOR,TREASURER OF,VICE\-PRESIDENT OF|MAX:)",1
"+REL_POINTER(DOMAIN:OPEN_SANCTIONS|MIN:IS ULTIMATELY CONSOLIDATED BY,OWNED OR CONTROLLED BY|MAX:)",1
"+REL_POINTER(DOMAIN:OPEN_SANCTIONS|MIN:IS ULTIMATELY CONSOLIDATED BY,OWNERSHIP|MAX:SUCCESSION)",1
"+REL_POINTER(DOMAIN:OPEN_SANCTIONS|MIN:IS ULTIMATELY CONSOLIDATED BY,OWNERSHIP OF SHARES 75 TO 100 PERCENT AS FIRM|MAX:)",1
"+REL_POINTER(DOMAIN:OPEN_SANCTIONS|MIN:IS ULTIMATELY CONSOLIDATED BY,OWNERSHIP OF SHARES 75 TO 100 PERCENT|MAX:)",1
"+REL_POINTER(DOMAIN:OPEN_SANCTIONS|MIN:IS ULTIMATELY CONSOLIDATED BY,VOTING RIGHTS MORE THAN 25 PERCENT REGISTERED OVERSEAS ENTITY|MAX:)",1
+REL_POINTER(DOMAIN:OPEN_SANCTIONS|MIN:JOINT VENTURE PARTNER|MAX:),1
"+REL_POINTER(DOMAIN:OPEN_SANCTIONS|MIN:JUDICIAL REPRESENTATIVE OF,LEGAL REPRESENTATIVE OF,OWNED OR CONTROLLED BY|MAX:)",1
"+REL_POINTER(DOMAIN:OPEN_SANCTIONS|MIN:JUHATUSE LIIGE,KÕRGEMA JUHTORGANI LIIGE. S.O JUHATUSE LIIGE VÕI NÕUKOGU LIIGE|MAX:)",1
"+REL_POINTER(DOMAIN:OPEN_SANCTIONS|MIN:KOREA PUGANG MINING AND MACHINERY IS A SUBSIDIARY OF KOREA RYONBONG GENERAL CORPORATION,OWNERSHIP|MAX:)",1
+REL_POINTER(DOMAIN:OPEN_SANCTIONS|MIN:KORYO CREDIT DEVELOPMENT BANK IS A JOINT VENTURE WITH KORYO BANK.|MAX:),1
"+REL_POINTER(DOMAIN:OPEN_SANCTIONS|MIN:LEADER OR OFFICIAL OF,OWNERSHIP,ГЕНЕРАЛЬНЫЙ ДИРЕКТОР|MAX:)",1
"+REL_POINTER(DOMAIN:OPEN_SANCTIONS|MIN:LISTED AS ""INTERNATIONAL FRIENDSHIP"" UNIVERSITY ON THE WEBSITE OF KIM CHAEK UNIVERSITY OF TECHNOLOGY.|MAX:)",1
"+REL_POINTER(DOMAIN:OPEN_SANCTIONS|MIN:MANAGER AND OPERATOR|MAX:COMMERCIAL SHIP MANAGER,SHIP SAFETY MANAGEMENT MANAGER)",1
"+REL_POINTER(DOMAIN:OPEN_SANCTIONS|MIN:MANAGER\, ISM MANAGER AND OPERATOR|MAX:)",1
+REL_POINTER(DOMAIN:OPEN_SANCTIONS|MIN:MANAGER|MAX:),1
"+REL_POINTER(DOMAIN:OPEN_SANCTIONS|MIN:MANAGER,OWNED OR CONTROLLED BY|MAX:)",1
"+REL_POINTER(DOMAIN:OPEN_SANCTIONS|MIN:|MAX:ACTING FOR OR ON BEHALF OF,FORMER DEPUTY REPRESENTATIVE)",1
"+REL_POINTER(DOMAIN:OPEN_SANCTIONS|MIN:|MAX:ACTING FOR OR ON BEHALF OF,OFFICIAL)",1
"+REL_POINTER(DOMAIN:OPEN_SANCTIONS|MIN:|MAX:ACTING FOR OR ON BEHALF OF,OWNED OR CONTROLLED BY)",1
"+REL_POINTER(DOMAIN:OPEN_SANCTIONS|MIN:|MAX:ACTING FOR OR ON BEHALF OF,OWNERSHIP)",1
"+REL_POINTER(DOMAIN:OPEN_SANCTIONS|MIN:|MAX:ACTING FOR OR ON BEHALF OF,OWNERSHIP,ДИРЕКТОР)",1
"+REL_POINTER(DOMAIN:OPEN_SANCTIONS|MIN:|MAX:ACTING FOR OR ON BEHALF OF,PRESIDENT)",1
"+REL_POINTER(DOMAIN:OPEN_SANCTIONS|MIN:|MAX:ACTING FOR OR ON BEHALF OF,REPRESENTATIVE IN CUBA)",1
"+REL_POINTER(DOMAIN:OPEN_SANCTIONS|MIN:|MAX:ACTING FOR OR ON BEHALF OF,REPRESENTATIVE IN VLADIVOSTOK)",1
"+REL_POINTER(DOMAIN:OPEN_SANCTIONS|MIN:|MAX:ACTING FOR OR ON BEHALF OF,РЕКТОР)",1
"+REL_POINTER(DOMAIN:OPEN_SANCTIONS|MIN:|MAX:ADMINISTRATOR OF,REGISTRAR AND TRANSFER AGENT OF)",1
+REL_POINTER(DOMAIN:OPEN_SANCTIONS|MIN:|MAX:AFFILIATE),1
+REL_POINTER(DOMAIN:OPEN_SANCTIONS|MIN:|MAX:AGENT OF THE FIFTH DEPARTMENT),1
+REL_POINTER(DOMAIN:OPEN_SANCTIONS|MIN:|MAX:AKTSIARAAMATU PIDAJA),1
+REL_POINTER(DOMAIN:OPEN_SANCTIONS|MIN:|MAX:AKTSIONÄR),1
"+REL_POINTER(DOMAIN:OPEN_SANCTIONS|MIN:|MAX:ALTERNATE DIRECTOR OF,DIRECTOR OF)",1
+REL_POINTER(DOMAIN:OPEN_SANCTIONS|MIN:|MAX:ARMED WING),1
"+REL_POINTER(DOMAIN:OPEN_SANCTIONS|MIN:|MAX:ASSOCIATE,FAMILY)",1
"+REL_POINTER(DOMAIN:OPEN_SANCTIONS|MIN:|MAX:ASUTAJA,LIKVIDEERIJA)",1
+REL_POINTER(DOMAIN:OPEN_SANCTIONS|MIN:|MAX:BANCA NAZIONALE DEL LAVORO SPA IS A FORMER BANK ACCOUNT PROVIDER FOR KOREA UNITED DEVELOPMENT BANK),1
+REL_POINTER(DOMAIN:OPEN_SANCTIONS|MIN:|MAX:BANCA NAZIONALE DEL LAVORO SPA IS A FORMER BANK ACCOUNT PROVIDER FOR KORYO COMMERCIAL BANK LTD.),1
+REL_POINTER(DOMAIN:OPEN_SANCTIONS|MIN:|MAX:BANK OF CHINA LTD. IS A FORMER BANK ACCOUNT PROVIDER FOR KOREA KWANGSON BANKING CORPORATION),1
+REL_POINTER(DOMAIN:OPEN_SANCTIONS|MIN:|MAX:BANK OF CHINA LTD. IS A FORMER BANK ACCOUNT PROVIDER FOR KORYO COMMERCIAL BANK LTD.),1
+REL_POINTER(DOMAIN:OPEN_SANCTIONS|MIN:|MAX:BANQUE DE COMMERCE ET DE PLACEMENTS SA IS A FORMER BANK ACCOUNT PROVIDER FOR KOREA UNITED DEVELOPMENT BANK),1
+REL_POINTER(DOMAIN:OPEN_SANCTIONS|MIN:|MAX:BELARUSIAN BANK FOR DEVELOPMENT AND RECONSTRUCTION IS A FORMER BANK ACCOUNT PROVIDER FOR KOREA UNITED DEVELOPMENT BANK),1
"+REL_POINTER(DOMAIN:OPEN_SANCTIONS|MIN:|MAX:BENEFICIAL OWNER OF,BENEFICIARY OF,DIRECTOR OF)",1
"+REL_POINTER(DOMAIN:OPEN_SANCTIONS|MIN:|MAX:BENEFICIAL OWNER OF,DIRECTOR OF)",1
+REL_POINTER(DOMAIN:OPEN_SANCTIONS|MIN:|MAX:CANDIDATĂ PE CIRCUMSCRIPȚIA UNINOMINALĂ NR. 28 ȘI LISTA NAȚIONALĂ LA ALEGERILE PARLAMENTARE DIN 24 FEBRUARIE 2019),1
+REL_POINTER(DOMAIN:OPEN_SANCTIONS|MIN:|MAX:CENTRAL BANK OF THE DPRK HAS A STAKE IN HANA BANKING CORPORATION.),1
"+REL_POINTER(DOMAIN:OPEN_SANCTIONS|MIN:|MAX:CHAIRMAN,LEADER OR OFFICIAL OF,RELATED\-TO)",1
"+REL_POINTER(DOMAIN:OPEN_SANCTIONS|MIN:|MAX:CHAIRMAN OF,DIRECTOR OF,PRESIDENT OF)",1
"+REL_POINTER(DOMAIN:OPEN_SANCTIONS|MIN:|MAX:CHAIRMAN OF,DIRECTOR OF,VICE\-PRESIDENT OF)",1
"+REL_POINTER(DOMAIN:OPEN_SANCTIONS|MIN:|MAX:CHAIRMAN OF THE BOARD OF,DIRECTOR OF,PRESIDENT OF)",1
"+REL_POINTER(DOMAIN:OPEN_SANCTIONS|MIN:|MAX:CHAIRMAN OF THE BOARD OF,IS SIGNATORY FOR)",1
+REL_POINTER(DOMAIN:OPEN_SANCTIONS|MIN:|MAX:CHIEF EXECUTIVE OFFICER),1
+REL_POINTER(DOMAIN:OPEN_SANCTIONS|MIN:|MAX:CHIEF EXECUTIVE OFFICER OF),1
"+REL_POINTER(DOMAIN:OPEN_SANCTIONS|MIN:|MAX:CHIEF EXECUTIVE OFFICER OF,DIRECTOR OF)",1
"+REL_POINTER(DOMAIN:OPEN_SANCTIONS|MIN:|MAX:CHIEF,LEADER OR OFFICIAL OF,RELATED\-TO)",1
+REL_POINTER(DOMAIN:OPEN_SANCTIONS|MIN:|MAX:CHINA CONSTRUCTION BANK CORPORATION IS A FORMER BANK ACCOUNT PROVIDER FOR KOREA UNITED DEVELOPMENT BANK),1
"+REL_POINTER(DOMAIN:OPEN_SANCTIONS|MIN:|MAX:CHOLSAN GENERAL TRADING IS THE SOLE SHAREHOLDER OF LLC CHOLSAN.,OWNERSHIP)",1
"+REL_POINTER(DOMAIN:OPEN_SANCTIONS|MIN:|MAX:CLASSIFICATION SOCIETY,PROVIDED SERVICES AND/OR ISSUED CERTIFICATIONS,RELATED RECOGNISED ORGANIZATION)",1
+REL_POINTER(DOMAIN:OPEN_SANCTIONS|MIN:|MAX:ČLEM),1
+REL_POINTER(DOMAIN:OPEN_SANCTIONS|MIN:|MAX:ČLEN\:),1
+REL_POINTER(DOMAIN:OPEN_SANCTIONS|MIN:|MAX:ČLENKA PŘEDSTAVENSTVA),1
+REL_POINTER(DOMAIN:OPEN_SANCTIONS|MIN:|MAX:COLEG DE PARTID),1
+REL_POINTER(DOMAIN:OPEN_SANCTIONS|MIN:|MAX:COLEG ÎN CADRUL BLOCULUI ELECTORAL ALTERNATIVA),1
+REL_POINTER(DOMAIN:OPEN_SANCTIONS|MIN:|MAX:COLIN DUDLEY SMITH),1
+REL_POINTER(DOMAIN:OPEN_SANCTIONS|MIN:|MAX:COMMERCIAL OPERATOR),1
"+REL_POINTER(DOMAIN:OPEN_SANCTIONS|MIN:|MAX:COMPANY,OWNED OR CONTROLLED BY,OWNER/OPERATOR)",1
"+REL_POINTER(DOMAIN:OPEN_SANCTIONS|MIN:|MAX:COMPANY,REGISTERED VESSEL \(OPERATED OR MANAGED\))",1
+REL_POINTER(DOMAIN:OPEN_SANCTIONS|MIN:|MAX:CONGO ACONDE SARL IS CONSIDERED BE A FRONT COMPANY FOR THE STATE\-RUN KOREA PAEKHO TRADING CORPORATION),1
+REL_POINTER(DOMAIN:OPEN_SANCTIONS|MIN:|MAX:DANDONG HONGXIANG INDUSTRIAL DEVELOPMENTIS IS A FRONT COMPANY OF KOREA KWANGSON BANKING),1
"+REL_POINTER(DOMAIN:OPEN_SANCTIONS|MIN:|MAX:DEPUTY REPRESENTATIVE BASED IN DUBAI\, UAE)",1
"+REL_POINTER(DOMAIN:OPEN_SANCTIONS|MIN:|MAX:DEPUTY REPRESENTATIVE BASED IN ZHUHAI\, CHINA)",1
"+REL_POINTER(DOMAIN:OPEN_SANCTIONS|MIN:|MAX:DESIGNATED AS ECONOMIC RESOURCES OF,OWNED OR CONTROLLED BY,OWNER)",1
"+REL_POINTER(DOMAIN:OPEN_SANCTIONS|MIN:|MAX:DIRECTOR AND SHAREHOLDER,REPRESENTATIVE IN MALAYSIA)",1
"+REL_POINTER(DOMAIN:OPEN_SANCTIONS|MIN:|MAX:DIRECTOR GENERAL OF THE EXTERNAL AFFAIRS BUREAU,RELATED\-TO)",1
"+REL_POINTER(DOMAIN:OPEN_SANCTIONS|MIN:|MAX:DIRECTOR,LEADER OR OFFICIAL OF)",1
"+REL_POINTER(DOMAIN:OPEN_SANCTIONS|MIN:|MAX:DIRECTOR OF,IS SIGNATORY FOR,PRESIDENT OF,SHAREHOLDER OF)",1
"+REL_POINTER(DOMAIN:OPEN_SANCTIONS|MIN:|MAX:DIRECTOR OF,IS SIGNATORY FOR,PRESIDENT OF,SHAREHOLDER OF,VICE\-PRESIDENT OF)",1
"+REL_POINTER(DOMAIN:OPEN_SANCTIONS|MIN:|MAX:DIRECTOR OF,PRESIDENT OF,SECRETARY OF,VICE\-PRESIDENT OF)",1
"+REL_POINTER(DOMAIN:OPEN_SANCTIONS|MIN:|MAX:DIRECTOR OF,PRESIDENT OF,SHAREHOLDER OF,TREASURER OF)",1
"+REL_POINTER(DOMAIN:OPEN_SANCTIONS|MIN:|MAX:DIRECTOR OF,PRESIDENT OF,TREASURER OF)",1
"+REL_POINTER(DOMAIN:OPEN_SANCTIONS|MIN:|MAX:DIRECTOR OF,SECRETARY OF,VICE\-PRESIDENT OF)",1
+REL_POINTER(DOMAIN:OPEN_SANCTIONS|MIN:|MAX:DIRECTOR OF THE FIFTH BUREAU),1
"+REL_POINTER(DOMAIN:OPEN_SANCTIONS|MIN:|MAX:DIRECTOR OF,TREASURER OF)",1
+REL_POINTER(DOMAIN:OPEN_SANCTIONS|MIN:|MAX:DOCUMENT OF COMPLIANCE \(DOC\) HOLDER),1
+REL_POINTER(DOMAIN:OPEN_SANCTIONS|MIN:|MAX:EMPLOYEE),1
+REL_POINTER(DOMAIN:OPEN_SANCTIONS|MIN:|MAX:EMPLOYEE \(RESPONSIBLE FOR ACQUISITION MATTERS\)),1
+REL_POINTER(DOMAIN:OPEN_SANCTIONS|MIN:|MAX:FIN DE CUNUNIE),1
+REL_POINTER(DOMAIN:OPEN_SANCTIONS|MIN:|MAX:FIRST VICE DIRECTOR),1
"+REL_POINTER(DOMAIN:OPEN_SANCTIONS|MIN:|MAX:FORMER DIRECTOR,FORMER MINISTER)",1
+REL_POINTER(DOMAIN:OPEN_SANCTIONS|MIN:|MAX:FORMER ISM MANAGER AND COMMERCIAL OPERATOR),1
+REL_POINTER(DOMAIN:OPEN_SANCTIONS|MIN:|MAX:FORMER MANAGER),1
+REL_POINTER(DOMAIN:OPEN_SANCTIONS|MIN:|MAX:FORMER OVERSEAS REPRESENTATIVE IN RUSSIA),1
"+REL_POINTER(DOMAIN:OPEN_SANCTIONS|MIN:|MAX:FORMER REGISTERED OWNER\, ISM MANAGER AND OPERATOR)",1
+REL_POINTER(DOMAIN:OPEN_SANCTIONS|MIN:|MAX:FORMER SCIENTIFIC COUNCIL MEMBER),1
"+REL_POINTER(DOMAIN:OPEN_SANCTIONS|MIN:|MAX:FOSTĂ CONSILIERĂ ÎN DOMENIUL JUSTIȚIEI,ȘEFĂ)",1
+REL_POINTER(DOMAIN:OPEN_SANCTIONS|MIN:|MAX:FOST COLEG LA PRICEWATERHOUSECOOPERS MOLDOVA),1
"+REL_POINTER(DOMAIN:OPEN_SANCTIONS|MIN:|MAX:FOST CONSILIER ÎN DOMENIUL ECONOMIC,ȘEFĂ)",1
+REL_POINTER(DOMAIN:OPEN_SANCTIONS|MIN:|MAX:FOST DEPUTAT),1
"+REL_POINTER(DOMAIN:OPEN_SANCTIONS|MIN:|MAX:FOST DEPUTAT\, MEMBRU)",1
"+REL_POINTER(DOMAIN:OPEN_SANCTIONS|MIN:|MAX:FOST SECRETAR GENERAL\, APARATUL PREȘEDINTELUI,ȘEFĂ)",1
"+REL_POINTER(DOMAIN:OPEN_SANCTIONS|MIN:|MAX:FOUNDER,OWNED OR CONTROLLED BY)",1
"+REL_POINTER(DOMAIN:OPEN_SANCTIONS|MIN:|MAX:FOUNDER,OWNERSHIP)",1
+REL_POINTER(DOMAIN:OPEN_SANCTIONS|MIN:|MAX:FRATE),1
+REL_POINTER(DOMAIN:OPEN_SANCTIONS|MIN:|MAX:GENERAL MANAGER),1
+REL_POINTER(DOMAIN:OPEN_SANCTIONS|MIN:|MAX:HEAD),1
+REL_POINTER(DOMAIN:OPEN_SANCTIONS|MIN:|MAX:INSURER),1
"+REL_POINTER(DOMAIN:OPEN_SANCTIONS|MIN:|MAX:INVESTMENT MANAGER OF,SHAREHOLDER OF)",1
"+REL_POINTER(DOMAIN:OPEN_SANCTIONS|MIN:|MAX:IS DIRECTLY CONSOLIDATED BY,IS ULTIMATELY CONSOLIDATED BY,OWNERSHIP)",1
"+REL_POINTER(DOMAIN:OPEN_SANCTIONS|MIN:|MAX:IS DIRECTLY CONSOLIDATED BY,OWNED OR CONTROLLED BY,OWNERSHIP)",1
"+REL_POINTER(DOMAIN:OPEN_SANCTIONS|MIN:|MAX:IS DIRECTLY CONSOLIDATED BY,OWNERSHIP OF SHARES 75 TO 100 PERCENT AS FIRM)",1
"+REL_POINTER(DOMAIN:OPEN_SANCTIONS|MIN:|MAX:IS DIRECTLY CONSOLIDATED BY,SHAREHOLDER OF)",1
+REL_POINTER(DOMAIN:OPEN_SANCTIONS|MIN:|MAX:IS FUND\-MANAGED BY),1
+REL_POINTER(DOMAIN:OPEN_SANCTIONS|MIN:|MAX:ISM MANAGER),1
+REL_POINTER(DOMAIN:OPEN_SANCTIONS|MIN:|MAX:ISM MANAGER AND COMMERCIAL OPERATOR),1
"+REL_POINTER(DOMAIN:OPEN_SANCTIONS|MIN:|MAX:IS SIGNATORY FOR,PRESIDENT OF)",1
"+REL_POINTER(DOMAIN:OPEN_SANCTIONS|MIN:|MAX:IS SIGNATORY FOR,REGISTERED AGENT OF)",1
"+REL_POINTER(DOMAIN:OPEN_SANCTIONS|MIN:|MAX:IS SIGNATORY FOR,SECRETARY OF,VICE\-PRESIDENT OF)",1
"+REL_POINTER(DOMAIN:OPEN_SANCTIONS|MIN:|MAX:IS SIGNATORY FOR,SHAREHOLDER OF,VICE\-PRESIDENT OF)",1
"+REL_POINTER(DOMAIN:OPEN_SANCTIONS|MIN:|MAX:IS ULTIMATELY CONSOLIDATED BY,OWNED OR CONTROLLED BY,OWNERSHIP OF SHARES 75 TO 100 PERCENT)",1
"+REL_POINTER(DOMAIN:OPEN_SANCTIONS|MIN:|MAX:JEDNATEL,OWNED OR CONTROLLED BY)",1
+REL_POINTER(DOMAIN:OPEN_SANCTIONS|MIN:|MAX:JOINT VENTURE PARTNER),1
+REL_POINTER(DOMAIN:OPEN_SANCTIONS|MIN:|MAX:JUHATUSE LIIGE),1
+REL_POINTER(DOMAIN:OPEN_SANCTIONS|MIN:|MAX:LANDESBANK HESSEN\-THÜRINGEN GIROZENTRALE IS A FORMER BANK ACCOUNT PROVIDER FOR KORYO COMMERCIAL BANK LTD.),1
"+REL_POINTER(DOMAIN:OPEN_SANCTIONS|MIN:|MAX:LEADER OR OFFICIAL OF,OWNERSHIP,ГЕНЕРАЛЬНЫЙ ДИРЕКТОР)",1
"+REL_POINTER(DOMAIN:OPEN_SANCTIONS|MIN:|MAX:LEADER OR OFFICIAL OF,ПРЕЗИДЕНТ)",1
+REL_POINTER(DOMAIN:OPEN_SANCTIONS|MIN:|MAX:LEADING OFFICIAL),1
"+REL_POINTER(DOMAIN:OPEN_SANCTIONS|MIN:|MAX:LEGAL REPRESENTATIVE OF,SHAREHOLDER OF)",1
+REL_POINTER(DOMAIN:OPEN_SANCTIONS|MIN:|MAX:LĪDZEKĻI; KAPITĀLDAĻAS),1
"+REL_POINTER(DOMAIN:OPEN_SANCTIONS|MIN:|MAX:LĪDZEKĻI,ГЕНЕРАЛЬНЫЙ ДИРЕКТОР)",1
"+REL_POINTER(DOMAIN:OPEN_SANCTIONS|MIN:|MAX:LĪDZEKĻI,ПРЕЗИДЕНТ)",1
"+REL_POINTER(DOMAIN:OPEN_SANCTIONS|MIN:|MAX:LIKVIDEERIJA,OTSENE OSALUS)",1
+REL_POINTER(DOMAIN:OPEN_SANCTIONS|MIN:|MAX:LINKED TO),1
+REL_POINTER(DOMAIN:OPEN_SANCTIONS|MIN:|MAX:LOCAL REPRESENTATIVE OF),1
+REL_POINTER(DOMAIN:OPEN_SANCTIONS|MIN:|MAX:MALAYAN BANKING BERHAD IS A FORMER BANK ACCOUNT PROVIDER FOR KOREA UNITED DEVELOPMENT BANK),1
+REL_POINTER(DOMAIN:OPEN_SANCTIONS|MIN:|MAX:MANAGER),1
+REL_POINTER(DOMAIN:OPEN_SANCTIONS|MIN:|MAX:MANAGING DIRECTOR OF),1
"+REL_POINTER(DOMAIN:OPEN_SANCTIONS|MIN:|MAX:MANAGING DIRECTOR OF,VICE\-PRESIDENT OF)",1
+REL_POINTER(DOMAIN:OPEN_SANCTIONS|MIN:|MAX:MEMBER OF),1
+REL_POINTER(DOMAIN:OPEN_SANCTIONS|MIN:|MAX:MEMBER OF THE COMMITTEE OF PLENIPOTENTIARIES OF THE GOVERNMENTS OF THE 18 MEMBER STATES),1
+REL_POINTER(DOMAIN:OPEN_SANCTIONS|MIN:|MAX:MÍSTOPŘEDSEDA),1
"+REL_POINTER(DOMAIN:OPEN_SANCTIONS|MIN:|MAX:MÍSTOPŘEDSEDA PŘEDSTAVENSTVA,ČLEN PŘEDSTAVENSTVA)",1
+REL_POINTER(DOMAIN:OPEN_SANCTIONS|MIN:|MAX:MÍSTOPŘEDSEDKYNĚ DOZORČÍ RADY),1
"+REL_POINTER(DOMAIN:OPEN_SANCTIONS|MIN:|MAX:MUUL VIISIL KONTROLL VÕI MÕJU \(LEPINGULISED\, PEREKONDLIKUD VM SUHTED\))",1
"+REL_POINTER(DOMAIN:OPEN_SANCTIONS|MIN:|MAX:OMM CONTROLLED THE VESSEL \(PALAU REGISTRY\),OWNED OR CONTROLLED BY)",1
+REL_POINTER(DOMAIN:OPEN_SANCTIONS|MIN:|MAX:OPERATOR/MANAGER),1
"+REL_POINTER(DOMAIN:OPEN_SANCTIONS|MIN:|MAX:OPERATOR,OWNED OR CONTROLLED BY)",1
"+REL_POINTER(DOMAIN:OPEN_SANCTIONS|MIN:|MAX:OTHER LINK,OWNERSHIP)",1
"+REL_POINTER(DOMAIN:OPEN_SANCTIONS|MIN:|MAX:OTHER LINK,RELATED\-TO)",1
"+REL_POINTER(DOMAIN:OPEN_SANCTIONS|MIN:|MAX:OWNED OR CONTROLLED BY,OWNED OR CONTROLLED BY OMM)",1
"+REL_POINTER(DOMAIN:OPEN_SANCTIONS|MIN:|MAX:OWNED OR CONTROLLED BY,OWNER AND OPERATOR)",1
"+REL_POINTER(DOMAIN:OPEN_SANCTIONS|MIN:|MAX:OWNED OR CONTROLLED BY,OWNER\, SHIP MANAGER AND COMMERCIAL MANAGER)",1
"+REL_POINTER(DOMAIN:OPEN_SANCTIONS|MIN:|MAX:OWNED OR CONTROLLED BY,OWNER,SHIP MANAGER AND OPERATOR)",1
"+REL_POINTER(DOMAIN:OPEN_SANCTIONS|MIN:|MAX:OWNED OR CONTROLLED BY,OWNER\, SHIP MANAGER AND OPERATOR)",1
"+REL_POINTER(DOMAIN:OPEN_SANCTIONS|MIN:|MAX:OWNED OR CONTROLLED BY,OWNERSHIP OF SHARES 50 TO 75 PERCENT)",1
"+REL_POINTER(DOMAIN:OPEN_SANCTIONS|MIN:|MAX:OWNED OR CONTROLLED BY,OWNERSHIP OF SHARES MORE THAN 25 PERCENT AS TRUST REGISTERED OVERSEAS ENTITY)",1
"+REL_POINTER(DOMAIN:OPEN_SANCTIONS|MIN:|MAX:OWNED OR CONTROLLED BY,OWNERSHIP,ДИРЕКТОР)",1
"+REL_POINTER(DOMAIN:OPEN_SANCTIONS|MIN:|MAX:OWNED OR CONTROLLED BY,OWNERSHIP,ЛИКВИДАТОР)",1
"+REL_POINTER(DOMAIN:OPEN_SANCTIONS|MIN:|MAX:OWNED OR CONTROLLED BY,RIGHT TO APPOINT AND REMOVE DIRECTORS)",1
"+REL_POINTER(DOMAIN:OPEN_SANCTIONS|MIN:|MAX:OWNED OR CONTROLLED BY,RIGHT TO APPOINT AND REMOVE MEMBERS LIMITED LIABILITY PARTNERSHIP)",1
"+REL_POINTER(DOMAIN:OPEN_SANCTIONS|MIN:|MAX:OWNED OR CONTROLLED BY,SHIP AGENT)",1
"+REL_POINTER(DOMAIN:OPEN_SANCTIONS|MIN:|MAX:OWNED OR CONTROLLED BY,SHIP MANAGER)",1
"+REL_POINTER(DOMAIN:OPEN_SANCTIONS|MIN:|MAX:OWNED OR CONTROLLED BY,SHIP MANAGER AND COMMERCIAL MANAGER)",1
"+REL_POINTER(DOMAIN:OPEN_SANCTIONS|MIN:|MAX:OWNED OR CONTROLLED BY,ГЕНЕРАЛЬНЫЙ ДИРЕКТОР)",1
+REL_POINTER(DOMAIN:OPEN_SANCTIONS|MIN:|MAX:OWNERSHIP OF SHARES 25 TO 50 PERCENT AS FIRM),1
+REL_POINTER(DOMAIN:OPEN_SANCTIONS|MIN:|MAX:OWNERSHIP OF SHARES 75 TO 100 PERCENT AS TRUST),1
"+REL_POINTER(DOMAIN:OPEN_SANCTIONS|MIN:|MAX:OWNERSHIP,OWNS\, CONTROLS\, OR OPERATES)",1
"+REL_POINTER(DOMAIN:OPEN_SANCTIONS|MIN:|MAX:OWNERSHIP,ИНОЕ ДОЛЖНОСТНОЕ ЛИЦО)",1
"+REL_POINTER(DOMAIN:OPEN_SANCTIONS|MIN:|MAX:OWNERSHIP,КОММЕРЧЕСКИЙ ДИРЕКТОР)",1
"+REL_POINTER(DOMAIN:OPEN_SANCTIONS|MIN:|MAX:OWNERSHIP,ПРЕДСЕДАТЕЛЬ СОВЕТА ДИРЕКТОРОВ)",1
"+REL_POINTER(DOMAIN:OPEN_SANCTIONS|MIN:|MAX:OWNERSHIP,УПРАВЛЯЮЩИЙ \- ИНДИВИДУАЛЬНЫЙ  ПРЕДПРИНИМАТЕЛЬ)",1
+REL_POINTER(DOMAIN:OPEN_SANCTIONS|MIN:|MAX:PAN SYSTEMS PYONGYANG IS OPERATED BY THE RECONNAISSANCE GENERAL BUREAU),1
+REL_POINTER(DOMAIN:OPEN_SANCTIONS|MIN:|MAX:PAN SYSTEMS PYONGYANG REGULARLY RECEIVED FUNDS FROM KOREA HYOKSIN TRADING),1
+REL_POINTER(DOMAIN:OPEN_SANCTIONS|MIN:|MAX:PART RIGHT TO SHARE SURPLUS ASSETS 25 TO 50 PERCENT),1
+REL_POINTER(DOMAIN:OPEN_SANCTIONS|MIN:|MAX:POWER OF ATTORNEY),1
+REL_POINTER(DOMAIN:OPEN_SANCTIONS|MIN:|MAX:POWER OF ATTORNEY OF),1
+REL_POINTER(DOMAIN:OPEN_SANCTIONS|MIN:|MAX:PŘEDSEDA),1
"+REL_POINTER(DOMAIN:OPEN_SANCTIONS|MIN:|MAX:PŘEDSEDA PŘEDSTAVENSTVA,ČLEN PŘEDSTAVENSTVA)",1
+REL_POINTER(DOMAIN:OPEN_SANCTIONS|MIN:|MAX:PŘEDSEDKYNĚ DOZORČÍ RADY),1
+REL_POINTER(DOMAIN:OPEN_SANCTIONS|MIN:|MAX:PRESIDENT OF THE NATIONAL CONSTITUENT ASSEMBLY OF THE BOLIVARIAN REPUBLIC OF VENEZUELA),1
+REL_POINTER(DOMAIN:OPEN_SANCTIONS|MIN:|MAX:PROKURIST),1
+REL_POINTER(DOMAIN:OPEN_SANCTIONS|MIN:|MAX:PROVIDER OF FINANCIAL SERVICES),1
"+REL_POINTER(DOMAIN:OPEN_SANCTIONS|MIN:|MAX:PROVIDING SUPPORT TO,REPRESENTATIVE BASED IN DANDONG\, CHINA)",1
"+REL_POINTER(DOMAIN:OPEN_SANCTIONS|MIN:|MAX:PROVIDING SUPPORT TO,ПРЕЗИДЕНТ)",1
+REL_POINTER(DOMAIN:OPEN_SANCTIONS|MIN:|MAX:PRVNÍ MÍSTOPŘEDSEDA PŘEDSTAVENSTVA),1
+REL_POINTER(DOMAIN:OPEN_SANCTIONS|MIN:|MAX:ŘEDITEL SPOLEČNOSTI),1
"+REL_POINTER(DOMAIN:OPEN_SANCTIONS|MIN:|MAX:REGISTERED AGENT OF,SECRETARY OF)",1
"+REL_POINTER(DOMAIN:OPEN_SANCTIONS|MIN:|MAX:RELATED\-TO,REPRESENTATIVE)",1
"+REL_POINTER(DOMAIN:OPEN_SANCTIONS|MIN:|MAX:RELATED\-TO,TREASURER)",1
"+REL_POINTER(DOMAIN:OPEN_SANCTIONS|MIN:|MAX:REPRESENTATIVE BASED IN DANDONG\, CHINA)",1
+REL_POINTER(DOMAIN:OPEN_SANCTIONS|MIN:|MAX:REPRESENTATIVE BASED IN MOSCOW),1
"+REL_POINTER(DOMAIN:OPEN_SANCTIONS|MIN:|MAX:REPRESENTATIVE BASED IN YANJI\, CHINA)",1
"+REL_POINTER(DOMAIN:OPEN_SANCTIONS|MIN:|MAX:REPRESENTATIVE BASED IN ZHUHAI\, CHINA)",1
"+REL_POINTER(DOMAIN:OPEN_SANCTIONS|MIN:|MAX:REPRESENTATIVE IN BEIJING\, CHINA)",1
"+REL_POINTER(DOMAIN:OPEN_SANCTIONS|MIN:|MAX:REPRESENTATIVE IN SHENYANG\, CHINA)",1
"+REL_POINTER(DOMAIN:OPEN_SANCTIONS|MIN:|MAX:REPRESENTATIVE IN ZHUHAI\, CHINA)",1
+REL_POINTER(DOMAIN:OPEN_SANCTIONS|MIN:|MAX:REPREZENTANT),1
+REL_POINTER(DOMAIN:OPEN_SANCTIONS|MIN:|MAX:REPREZENTATĂ PRIN PROCURĂ),1
+REL_POINTER(DOMAIN:OPEN_SANCTIONS|MIN:|MAX:RIGHT TO APPOINT AND REMOVE DIRECTORS AS FIRM),1
+REL_POINTER(DOMAIN:OPEN_SANCTIONS|MIN:|MAX:RIGHT TO APPOINT AND REMOVE PERSON),1
+REL_POINTER(DOMAIN:OPEN_SANCTIONS|MIN:|MAX:RIGHT TO SHARE SURPLUS ASSETS 75 TO 100 PERCENT LIMITED LIABILITY PARTNERSHIP),1
+REL_POINTER(DOMAIN:OPEN_SANCTIONS|MIN:|MAX:SETTLOR OF),1
+REL_POINTER(DOMAIN:OPEN_SANCTIONS|MIN:|MAX:SHARED CONTACT DETAILS AND ADDRESS),1
+REL_POINTER(DOMAIN:OPEN_SANCTIONS|MIN:|MAX:SHIP MANAGER AND COMMERCIAL MANAGER),1
+REL_POINTER(DOMAIN:OPEN_SANCTIONS|MIN:|MAX:SHIP OPERATOR),1
+REL_POINTER(DOMAIN:OPEN_SANCTIONS|MIN:|MAX:SHIP SERVICE PROVIDER),1
+REL_POINTER(DOMAIN:OPEN_SANCTIONS|MIN:|MAX:SIGNIFICANT INFLUENCE OR CONTROL AS FIRM),1
+REL_POINTER(DOMAIN:OPEN_SANCTIONS|MIN:|MAX:SUBSIDIARY OF GLOBAL INTERFACE),1
+REL_POINTER(DOMAIN:OPEN_SANCTIONS|MIN:|MAX:SUDAN MASTER TECHNOLOGY ENGINEERING COMPANY IS ASSOCIATED WITH MILITARY INDUSTRY CORPORATION),1
"+REL_POINTER(DOMAIN:OPEN_SANCTIONS|MIN:|MAX:""SUPPORTS"" THE ACADEMY IN ""PROCURING ITEMS CONNECTED TO THE BALLISTIC MISSILE PROGRAMME"" OF THE DPRK)",1
+REL_POINTER(DOMAIN:OPEN_SANCTIONS|MIN:|MAX:THE HONGKONG AND SHANGHAI BANKING CORPORATION LIMITED IS A FORMER BANK ACCOUNT PROVIDER FOR KORYO COMMERCIAL BANK LTD.),1
"+REL_POINTER(DOMAIN:OPEN_SANCTIONS|MIN:|MAX:THE RECONNAISSANCE GENERAL BUREAU OVERSEES ALL NORTH KOREAN CYBERCRIME ACTIVITIES\, LAZARUS GROUP INCLUDED)",1
"+REL_POINTER(DOMAIN:OPEN_SANCTIONS|MIN:|MAX:TREASURER OF,VICE\-PRESIDENT OF)",1
+REL_POINTER(DOMAIN:OPEN_SANCTIONS|MIN:|MAX:ULTIMATE BENEFICIAL OWNER OF),1
+REL_POINTER(DOMAIN:OPEN_SANCTIONS|MIN:|MAX:VICE\-CHAIRMAN),1
+REL_POINTER(DOMAIN:OPEN_SANCTIONS|MIN:|MAX:VICEPREȘEDINTĂ),1
+REL_POINTER(DOMAIN:OPEN_SANCTIONS|MIN:|MAX:VICEPREȘEDINTA FRACȚIUNII PARLAMENTARE),1
+REL_POINTER(DOMAIN:OPEN_SANCTIONS|MIN:|MAX:VICEPREȘEDINTE),1
+REL_POINTER(DOMAIN:OPEN_SANCTIONS|MIN:|MAX:ВОЕННЫЙ КОМИССАР ВЛАДИМИРСКОЙ ОБЛАСТИ),1
+REL_POINTER(DOMAIN:OPEN_SANCTIONS|MIN:|MAX:ВОЕННЫЙ КОМИССАР ЛИПЕЦКОЙ ОБЛАСТИ),1
+REL_POINTER(DOMAIN:OPEN_SANCTIONS|MIN:|MAX:ВОЕННЫЙ КОМИССАР НОВГОРОДСКОЙ ОБЛАСТИ),1
+REL_POINTER(DOMAIN:OPEN_SANCTIONS|MIN:|MAX:ВРЕМЕННО ИСПОЛНЯЮЩИЙ ОБЯЗАННОСТИ ГУБЕРНАТОРА РОСТОВСКОЙ ОБЛАСТИ),1
+REL_POINTER(DOMAIN:OPEN_SANCTIONS|MIN:|MAX:ВРИО ГЕНЕРАЛЬНОГО ДИРЕКТОРА),1
+REL_POINTER(DOMAIN:OPEN_SANCTIONS|MIN:|MAX:ВРИО ДИРЕКТОРА),1
+REL_POINTER(DOMAIN:OPEN_SANCTIONS|MIN:|MAX:ВРИО НАЧАЛЬНИКА),1
+REL_POINTER(DOMAIN:OPEN_SANCTIONS|MIN:|MAX:ВРИО РЕКТОРА),1
+REL_POINTER(DOMAIN:OPEN_SANCTIONS|MIN:|MAX:ГУБЕРНАТОР НЕНЕЦКОГО АВТОНОМНОГО ОКРУГА),1
+REL_POINTER(DOMAIN:OPEN_SANCTIONS|MIN:|MAX:ДИРЕКТОР УЧРЕЖДЕНИЯ),1
+REL_POINTER(DOMAIN:OPEN_SANCTIONS|MIN:|MAX:ДИРЕКТОР ФСТЭК РОССИИ),1
+REL_POINTER(DOMAIN:OPEN_SANCTIONS|MIN:|MAX:ЗАМЕСТИТЕЛЬ ПРЕДСЕДАТЕЛЯ ПРАВИТЕЛЬСТВА ПРИМОРСКОГО КРАЯ\-МИНИСТР КУЛЬТУРЫ И АРХИВНОГО ДЕЛА ПРИМОРСКОГО КРАЯ),1
+REL_POINTER(DOMAIN:OPEN_SANCTIONS|MIN:|MAX:ИНОЕ ДОЛЖНОСТНОЕ ЛИЦО),1
+REL_POINTER(DOMAIN:OPEN_SANCTIONS|MIN:|MAX:И.О. РЕКТОРА),1
+REL_POINTER(DOMAIN:OPEN_SANCTIONS|MIN:|MAX:И.О. РУКОВОДИТЕЛЯ СЛЕДСТВЕННОГО УПРАВЛЕНИЯ СЛЕДСТВЕННОГО КОМИТЕТА ПРИ ПРОКУРАТУРЕ РОССИЙСКОЙ ФЕДЕРАЦИИ ПО КРАСНОДАРСКОМУ КРАЮ),1
+REL_POINTER(DOMAIN:OPEN_SANCTIONS|MIN:|MAX:ИСПОЛНЯЮЩИЙ ОБЯЗАННОСТИ ГЕНЕРАЛЬНОГО ДИРЕКТОРА),1
+REL_POINTER(DOMAIN:OPEN_SANCTIONS|MIN:|MAX:КОМАНДУЮЩИЙ БАЛТИЙСКИМ ФЛОТОМ),1
+REL_POINTER(DOMAIN:OPEN_SANCTIONS|MIN:|MAX:КОМАНДУЮЩИЙ ВОЗДУШНО\-ДЕСАНТНЫМИ ВОЙСКАМИ),1
"+REL_POINTER(DOMAIN:OPEN_SANCTIONS|MIN:|MAX:МИНИСТР ВНУТРЕННЕЙ\, ИНФОРМАЦИОННОЙ И МОЛОДЕЖНОЙ ПОЛИТИКИ)",1
+REL_POINTER(DOMAIN:OPEN_SANCTIONS|MIN:|MAX:МИНИСТР ВНУТРЕННИХ ДЕЛ),1
+REL_POINTER(DOMAIN:OPEN_SANCTIONS|MIN:|MAX:МИНИСТР ВНУТРЕННИХ ДЕЛ ПО РЕСПУБЛИКЕ КОМИ),1
+REL_POINTER(DOMAIN:OPEN_SANCTIONS|MIN:|MAX:НАЧАЛЬНИК АКАДЕМИИ),1
+REL_POINTER(DOMAIN:OPEN_SANCTIONS|MIN:|MAX:НАЧАЛЬНИК ГУ МВД РОССИИ ПО РОСТОВСКОЙ ОБЛАСТИ),1
+REL_POINTER(DOMAIN:OPEN_SANCTIONS|MIN:|MAX:НАЧАЛЬНИК ГУФСИН РОССИИ ПО НИЖЕГОРОДСКОЙ ОБЛАСТИ),1
+REL_POINTER(DOMAIN:OPEN_SANCTIONS|MIN:|MAX:НАЧАЛЬНИК ИНСТИТУТА),1
+REL_POINTER(DOMAIN:OPEN_SANCTIONS|MIN:|MAX:НАЧАЛЬНИК ОТДЕЛА ФЕДЕРАЛЬНОЙ СЛУЖБЫ ВОЙСК НАЦИОНАЛЬНОЙ ГВАРДИИ РОССИЙСКОЙ ФЕДЕРАЦИИ ПО РЕСПУБЛИКЕ КАЛМЫКИЯ),1
+REL_POINTER(DOMAIN:OPEN_SANCTIONS|MIN:|MAX:НАЧАЛЬНИК УПРАВЛЕНИЯ РОСГВАРДИИ ПО КИРОВСКОЙ ОБЛАСТИ),1
+REL_POINTER(DOMAIN:OPEN_SANCTIONS|MIN:|MAX:НАЧАЛЬНИК УПРАВЛЕНИЯ ФЕДЕРАЛЬНОЙ СЛУЖБЫ ВОЙСК НАЦИОНАЛЬНОЙ ГВАРДИИ РОССИЙСКОЙ ФЕДЕРАЦИИ ПО ЛИПЕЦКОЙ ОБЛАСТИ),1
+REL_POINTER(DOMAIN:OPEN_SANCTIONS|MIN:|MAX:НАЧАЛЬНИК УПРАВЛЕНИЯ ФЕДЕРАЛЬНОЙ СЛУЖБЫ ВОЙСК НАЦИОНАЛЬНОЙ ГВАРДИИ РОССИЙСКОЙ ФЕДЕРАЦИИ ПО МАГАДАНСКОЙ ОБЛАСТИ),1
+REL_POINTER(DOMAIN:OPEN_SANCTIONS|MIN:|MAX:НАЧАЛЬНИК УПРАВЛЕНИЯ ФЕДЕРАЛЬНОЙ СЛУЖБЫ ВОЙСК НАЦИОНАЛЬНОЙ ГВАРДИИ РОССИЙСКОЙ ФЕДЕРАЦИИ ПО ОМСКОЙ ОБЛАСТИ),1
+REL_POINTER(DOMAIN:OPEN_SANCTIONS|MIN:|MAX:НАЧАЛЬНИК УПРАВЛЕНИЯ ФЕДЕРАЛЬНОЙ СЛУЖБЫ ВОЙСК НАЦИОНАЛЬНОЙ ГВАРДИИ РОССИЙСКОЙ ФЕДЕРАЦИИ ПО ПРИМОРСКОМУ КРАЮ),1
+REL_POINTER(DOMAIN:OPEN_SANCTIONS|MIN:|MAX:НАЧАЛЬНИК УПРАВЛЕНИЯ ФЕДЕРАЛЬНОЙ СЛУЖБЫ ВОЙСК НАЦИОНАЛЬНОЙ ГВАРДИИ РОССИЙСКОЙ ФЕДЕРАЦИИ ПО РЕСПУБЛИК),1
+REL_POINTER(DOMAIN:OPEN_SANCTIONS|MIN:|MAX:НАЧАЛЬНИК УПРАВЛЕНИЯ ФЕДЕРАЛЬНОЙ СЛУЖБЫ ВОЙСК НАЦИОНАЛЬНОЙ ГВАРДИИ РОССИЙСКОЙ ФЕДЕРАЦИИ ПО РЕСПУБЛИКЕ АДЫГЕЯ),1
+REL_POINTER(DOMAIN:OPEN_SANCTIONS|MIN:|MAX:НАЧАЛЬНИК УПРАВЛЕНИЯ ФЕДЕРАЛЬНОЙ СЛУЖБЫ ВОЙСК НАЦИОНАЛЬНОЙ ГВАРДИИ РОССИЙСКОЙ ФЕДЕРАЦИИ ПО РЕСПУБЛИКЕ БУРЯТИЯ),1
+REL_POINTER(DOMAIN:OPEN_SANCTIONS|MIN:|MAX:НАЧАЛЬНИК УПРАВЛЕНИЯ ФЕДЕРАЛЬНОЙ СЛУЖБЫ ВОЙСК НАЦИОНАЛЬНОЙ ГВАРДИИ РОССИЙСКОЙ ФЕДЕРАЦИИ ПО РЕСПУБЛИКЕ САХА \(ЯКУТИЯ\)),1
+REL_POINTER(DOMAIN:OPEN_SANCTIONS|MIN:|MAX:НАЧАЛЬНИК УПРАВЛЕНИЯ ФЕДЕРАЛЬНОЙ СЛУЖБЫ ВОЙСК НАЦИОНАЛЬНОЙ ГВАРДИИ РОССИЙСКОЙ ФЕДЕРАЦИИ ПО РОСТОВСКОЙ ОБЛАСТИ),1
+REL_POINTER(DOMAIN:OPEN_SANCTIONS|MIN:|MAX:НАЧАЛЬНИК УПРАВЛЕНИЯ ФЕДЕРАЛЬНОЙ СЛУЖБЫ ВОЙСК НАЦИОНАЛЬНОЙ ГВАРДИИ РОССИЙСКОЙ ФЕДЕРАЦИИ ПО СВЕРДЛОВСКОЙ ОБЛАСТИ),1
+REL_POINTER(DOMAIN:OPEN_SANCTIONS|MIN:|MAX:НАЧАЛЬНИК УПРАВЛЕНИЯ ФЕДЕРАЛЬНОЙ СЛУЖБЫ ВОЙСК НАЦИОНАЛЬНОЙ ГВАРДИИ РОССИЙСКОЙ ФЕДЕРАЦИИ ПО ТОМСКОЙ ОБЛАСТИ),1
+REL_POINTER(DOMAIN:OPEN_SANCTIONS|MIN:|MAX:НАЧАЛЬНИК УПРАВЛЕНИЯ ФЕДЕРАЛЬНОЙ СЛУЖБЫ ВОЙСК НАЦИОНАЛЬНОЙ ГВАРДИИ РОССИЙСКОЙ ФЕДЕРАЦИИ ПО ЧЕЧЕНСКОЙ РЕСПУБЛИКЕ),1
+REL_POINTER(DOMAIN:OPEN_SANCTIONS|MIN:|MAX:НАЧАЛЬНИК УФСБ РОССИИ ПО ЮЖНОМУ ВОЕННОМУ ОКРУГУ),1
"+REL_POINTER(DOMAIN:OPEN_SANCTIONS|MIN:|MAX:НАЧАЛЬНИК ФЕДЕРАЛЬНОГО КАЗЕННОГО УЧРЕЖДЕНИЯ ""СЛЕДСТВЕННЫЙ ИЗОЛЯТОР № 1 ГЛАВНОГО УПРАВЛЕНИЯ ФЕДЕРАЛЬНОЙ СЛУЖБЫ ИСПОЛНЕНИЯ НАКАЗАНИЙ ПО Г. МОСКВЕ"")",1
+REL_POINTER(DOMAIN:OPEN_SANCTIONS|MIN:|MAX:НАЧАЛЬНИК ЦЕНТРА),1
+REL_POINTER(DOMAIN:OPEN_SANCTIONS|MIN:|MAX:ПЕРВЫЙ ВИЦЕ\-ГУБЕРНАТОР ПРИМОРСКОГО КРАЯ \- ПРЕДСЕДАТЕЛЬ ПРАВИТЕЛЬСТВА ПРИМОРСКОГО КРАЯ),1
+REL_POINTER(DOMAIN:OPEN_SANCTIONS|MIN:|MAX:ПЕРВЫЙ ЗАМЕСТИТЕЛЬ ГУБЕРНАТОРА БЕЛГОРОДСКОЙ ОБЛАСТИ\-МИНИСТР ЦИФРОВОГО РАЗВИТИЯ БЕЛГОРОДСКОЙ ОБЛАСТИ),1
"+REL_POINTER(DOMAIN:OPEN_SANCTIONS|MIN:|MAX:ПЕРВЫЙ ЗАМЕСТИТЕЛЬ ПРЕДСЕДАТЕЛЯ ОРГАНИЗАЦИИ\, ПРЕДСЕДАТЕЛЬ ЦЕНТРАЛЬНОГО СОВЕТА\, ПРЕДСЕДАТЕЛЬ ПРЕЗИДИУМА ЦЕНТРАЛЬНОГО СОВЕТА)",1
+REL_POINTER(DOMAIN:OPEN_SANCTIONS|MIN:|MAX:ПРЕДСЕДАТЕЛЬ ВНЕШЭКОНОМБАНКА),1
+REL_POINTER(DOMAIN:OPEN_SANCTIONS|MIN:|MAX:ПРЕДСЕДАТЕЛЬ ИЗБИРАТЕЛЬНОЙ КОМИССИИ РЕСПУБЛИКИ КРЫМ),1
+REL_POINTER(DOMAIN:OPEN_SANCTIONS|MIN:|MAX:ПРЕДСЕДАТЕЛЬ СОВЕТА),1
"+REL_POINTER(DOMAIN:OPEN_SANCTIONS|MIN:|MAX:ПРЕДСЕДАТЕЛЬ СОВЕТА РЕГИОНАЛЬНОГО ОТДЕЛЕНИЯ ОБЩЕРОССИЙСКОГО ОБЩЕСТВЕННО\-ГОСУДАРСТВЕННОГО ДВИЖЕНИЯ ДЕТЕЙ И МОЛОДЕЖИ ""ДВИЖЕНИЕ ПЕРВЫХ"" ХЕРСОНСКОЙ ОБЛАСТИ)",1
+REL_POINTER(DOMAIN:OPEN_SANCTIONS|MIN:|MAX:ПРЕДСЕДАТЕЛЬ СОВЕТА ФЕДЕРАЛЬНЫХ КООРДИНАТОРОВ ДВИЖЕНИЯ),1
+REL_POINTER(DOMAIN:OPEN_SANCTIONS|MIN:|MAX:ПРЕДСТАВИТЕЛЬ УПРАВЛЯЮЩЕЙ КОМПАНИИ),1
+REL_POINTER(DOMAIN:OPEN_SANCTIONS|MIN:|MAX:ПРЕЗИДЕНТ \- ПРЕДСЕДАТЕЛЬ ПРАВЛЕНИЯ),1
+REL_POINTER(DOMAIN:OPEN_SANCTIONS|MIN:|MAX:ПРЕЗИДЕНТ \(ПРЕДСЕДАТЕЛЬ ПРАВЛЕНИЯ\)),1
+REL_POINTER(DOMAIN:OPEN_SANCTIONS|MIN:|MAX:РУКОВОДИТЕЛЬ АППАРАТА ГОСУДАРСТВЕННОЙ ДУМЫ),1
+REL_POINTER(DOMAIN:OPEN_SANCTIONS|MIN:|MAX:РУКОВОДИТЕЛЬ ГЛАВНОГО СЛЕДСТВЕННОГО УПРАВЛЕНИЯ),1
+REL_POINTER(DOMAIN:OPEN_SANCTIONS|MIN:|MAX:РУКОВОДИТЕЛЬ СЛЕДСТВЕННОГО УПРАВЛЕНИЯ СЛЕДСТВЕННОГО КОМИТЕТА РОССИЙСКОЙ ФЕДЕРАЦИИ ПО НОВОСИБИРСКОЙ ОБЛАСТИ),1
+REL_POINTER(DOMAIN:OPEN_SANCTIONS|MIN:|MAX:РУКОВОДИТЕЛЬ УЧРЕЖДЕНИЯ),1
+REL_POINTER(DOMAIN:OPEN_SANCTIONS|MIN:|MAX:РУКОВОДИТЕЛЬ ФЕДЕРАЛЬНОГО АГЕНТСТВА ВОЗДУШНОГО ТРАНСПОРТА),1
+REL_POINTER(DOMAIN:OPEN_SANCTIONS|MIN:|MAX:РУКОВОДИТЕЛЬ ФЕДЕРАЛЬНОГО АГЕНТСТВА МОРСКОГО И РЕЧНОГО ТРАНСПОРТА),1
+REL_POINTER(DOMAIN:OPEN_SANCTIONS|MIN:|MAX:РУКОВОДИТЕЛЬ ФОНДА),1
+REL_POINTER(DOMAIN:OPEN_SANCTIONS|MIN:|MAX:УПРАВЛЯЮЩИЙ ДИРЕКТОР),1
+REL_POINTER(DOMAIN:OPEN_SANCTIONS|MIN:MEMBRU AL BIROULUI PERMANENT CENTRAL|MAX:),1
+REL_POINTER(DOMAIN:OPEN_SANCTIONS|MIN:MEMBRU|MAX:),1
+REL_POINTER(DOMAIN:OPEN_SANCTIONS|MIN:OFFICIAL|MAX:),1
+REL_POINTER(DOMAIN:OPEN_SANCTIONS|MIN:OPERATOR AND TECHNICAL MANAGER/FORMER SHIP MANAGER AND DOC HOLDER|MAX:),1
"+REL_POINTER(DOMAIN:OPEN_SANCTIONS|MIN:OTHER LINK|MAX:OTHER LINK,OWNERSHIP)",1
+REL_POINTER(DOMAIN:OPEN_SANCTIONS|MIN:OTHER LINK|MAX:OWNED OR CONTROLLED BY),1
+REL_POINTER(DOMAIN:OPEN_SANCTIONS|MIN:OTHER LINK|MAX:ГЕНЕРАЛЬНЫЙ ДИРЕКТОР),1
"+REL_POINTER(DOMAIN:OPEN_SANCTIONS|MIN:OTHER LINK,OWNERSHIP|MAX:OTHER LINK)",1
"+REL_POINTER(DOMAIN:OPEN_SANCTIONS|MIN:OTHER LINK,PROPERTY IN THE INTEREST OF|MAX:)",1
"+REL_POINTER(DOMAIN:OPEN_SANCTIONS|MIN:OTHER LINK,PROPERTY IN THE INTEREST OF|MAX:COMMERCIAL SHIP MANAGER,SHIP SAFETY MANAGEMENT MANAGER)",1
"+REL_POINTER(DOMAIN:OPEN_SANCTIONS|MIN:OTHER LINK,RELATED\-TO|MAX:RELATED\-TO)",1
+REL_POINTER(DOMAIN:OPEN_SANCTIONS|MIN:OWNED OR CONTROLLED BY OMM|MAX:),1
"+REL_POINTER(DOMAIN:OPEN_SANCTIONS|MIN:OWNED OR CONTROLLED BY,OWNER AND OPERATOR|MAX:)",1
"+REL_POINTER(DOMAIN:OPEN_SANCTIONS|MIN:OWNED OR CONTROLLED BY,OWNER\, SHIP MANAGER AND COMMERCIAL MANAGER|MAX:)",1
"+REL_POINTER(DOMAIN:OPEN_SANCTIONS|MIN:OWNED OR CONTROLLED BY,OWNERSHIP|MAX:ASSOCIATE OF 'TACTICAL MISSILES CORPORATION JOINT STOCK COMPANY')",1
"+REL_POINTER(DOMAIN:OPEN_SANCTIONS|MIN:OWNED OR CONTROLLED BY,OWNERSHIP|MAX:OWNERSHIP)",1
"+REL_POINTER(DOMAIN:OPEN_SANCTIONS|MIN:OWNED OR CONTROLLED BY,OWNERSHIP OF SHARES 25 TO 50 PERCENT|MAX:)",1
"+REL_POINTER(DOMAIN:OPEN_SANCTIONS|MIN:OWNED OR CONTROLLED BY,OWNERSHIP OF SHARES 75 TO 100 PERCENT|MAX:)",1
"+REL_POINTER(DOMAIN:OPEN_SANCTIONS|MIN:OWNED OR CONTROLLED BY,OWNERSHIP,ПРЕЗИДЕНТ|MAX:)",1
"+REL_POINTER(DOMAIN:OPEN_SANCTIONS|MIN:OWNED OR CONTROLLED BY,SHIP MANAGER AND COMMERCIAL MANAGER|MAX:)",1
"+REL_POINTER(DOMAIN:OPEN_SANCTIONS|MIN:OWNED OR CONTROLLED BY,SIGNIFICANT INFLUENCE OR CONTROL REGISTERED OVERSEAS ENTITY|MAX:)",1
+REL_POINTER(DOMAIN:OPEN_SANCTIONS|MIN:OWNER AND REGISTERED VESSEL \(OPERATED OR MANAGED\)|MAX:),1
+REL_POINTER(DOMAIN:OPEN_SANCTIONS|MIN:OWNER/OPERATOR|MAX:),1
"+REL_POINTER(DOMAIN:OPEN_SANCTIONS|MIN:OWNERSHIP|MAX:DCB FINANCE IS PARTIALLY OWNED BY DAEDONG CREDIT BANK \(30%\) AND PARTIALLY CONTROLLED SINCE THEY SHARE MANY OFFICERS,RELATED\-TO)",1
+REL_POINTER(DOMAIN:OPEN_SANCTIONS|MIN:OWNERSHIP|MAX:RELATED\-TO),1
+REL_POINTER(DOMAIN:OPEN_SANCTIONS|MIN:OWNERSHIP OF SHARES 25 TO 50 PERCENT|MAX:),1
+REL_POINTER(DOMAIN:OPEN_SANCTIONS|MIN:OWNERSHIP OF SHARES MORE THAN 25 PERCENT AS TRUST REGISTERED OVERSEAS ENTITY|MAX:),1
"+REL_POINTER(DOMAIN:OPEN_SANCTIONS|MIN:OWNERSHIP,OWNS\, CONTROLS\, OR OPERATES,ГЕНЕРАЛЬНЫЙ ДИРЕКТОР|MAX:)",1
"+REL_POINTER(DOMAIN:OPEN_SANCTIONS|MIN:OWNERSHIP,PRINCIPAL EXECUTIVE OFFICER|MAX:)",1
"+REL_POINTER(DOMAIN:OPEN_SANCTIONS|MIN:OWNERSHIP,PROVIDING SUPPORT TO,ГЕНЕРАЛЬНЫЙ ДИРЕКТОР|MAX:)",1
"+REL_POINTER(DOMAIN:OPEN_SANCTIONS|MIN:OWNERSHIP,THE KOREA INTERNATIONAL CHEMICAL JOINT VENTURE COMPANY IS A SUBSIDIARY OF KOREA RYONBONG GENERAL CORPORATION|MAX:RELATED\-TO)",1
"+REL_POINTER(DOMAIN:OPEN_SANCTIONS|MIN:OWNERSHIP,ГЕНЕРАЛЬНЫЙ ДИРЕКТОР|MAX:OTHER LINK)",1
"+REL_POINTER(DOMAIN:OPEN_SANCTIONS|MIN:OWNERSHIP,ПРЕЗИДЕНТ|MAX:)",1
"+REL_POINTER(DOMAIN:OPEN_SANCTIONS|MIN:OWNERSHIP,РЕКТОР|MAX:)",1
"+REL_POINTER(DOMAIN:OPEN_SANCTIONS|MIN:OWNS\, CONTROLS\, OR OPERATES|MAX:OWNERSHIP)",1
"+REL_POINTER(DOMAIN:OPEN_SANCTIONS|MIN:OWNS\, CONTROLS\, OR OPERATES,SHIPOWNER|MAX:COMMERCIAL SHIP MANAGER)",1
+REL_POINTER(DOMAIN:OPEN_SANCTIONS|MIN:PART RIGHT TO SHARE SURPLUS ASSETS 75 TO 100 PERCENT|MAX:),1
+REL_POINTER(DOMAIN:OPEN_SANCTIONS|MIN:PŘEDSEDA DOZORČÍ RADY|MAX:),1
+REL_POINTER(DOMAIN:OPEN_SANCTIONS|MIN:PRESIDENT|MAX:),1
"+REL_POINTER(DOMAIN:OPEN_SANCTIONS|MIN:PRINCIPAL EXECUTIVE OFFICER,ГЕНЕРАЛЬНЫЙ ДИРЕКТОР|MAX:)",1
+REL_POINTER(DOMAIN:OPEN_SANCTIONS|MIN:PROCESSED PAYMENTS ON BEHALF OF DAEDONG CREDIT BANK|MAX:),1
+REL_POINTER(DOMAIN:OPEN_SANCTIONS|MIN:PROTECTOR OF|MAX:),1
"+REL_POINTER(DOMAIN:OPEN_SANCTIONS|MIN:PROVIDER OF FINANCIAL SERVICES\, INCLUDING THE FACILITATED TRANSFER OF KOMID\-RELATED FUNDS|MAX:)",1
"+REL_POINTER(DOMAIN:OPEN_SANCTIONS|MIN:PROVIDING SUPPORT TO,ГЕНЕРАЛЬНЫЙ ДИРЕКТОР|MAX:)",1
+REL_POINTER(DOMAIN:OPEN_SANCTIONS|MIN:REGISTERED AGENT OF|MAX:),1
+REL_POINTER(DOMAIN:OPEN_SANCTIONS|MIN:RELATED\-TO|MAX:OWNED OR CONTROLLED BY),1
"+REL_POINTER(DOMAIN:OPEN_SANCTIONS|MIN:RELATED\-TO|MAX:OWNED OR CONTROLLED BY,PRO\-GAIN GROUP IS ""OWNED OR CONTROLLED"" BY TSANG YUNG YUAN)",1
+REL_POINTER(DOMAIN:OPEN_SANCTIONS|MIN:RELATED\-TO|MAX:OWNERSHIP),1
"+REL_POINTER(DOMAIN:OPEN_SANCTIONS|MIN:RELATED\-TO,SENIOR OFFICIAL AND HEAD OF THE SATELLITE CONTROL CENTER|MAX:)",1
"+REL_POINTER(DOMAIN:OPEN_SANCTIONS|MIN:REPRESENTATIVE BASED IN DUBAI\, UAE|MAX:)",1
"+REL_POINTER(DOMAIN:OPEN_SANCTIONS|MIN:REPRESENTATIVE BASED IN SHANGHAI\, CHINA|MAX:)",1
"+REL_POINTER(DOMAIN:OPEN_SANCTIONS|MIN:REPRESENTATIVE BASED IN SHENYANG\, CHINA|MAX:)",1
"+REL_POINTER(DOMAIN:OPEN_SANCTIONS|MIN:REPRESENTATIVE IN DANDONG\, CHINA|MAX:)",1
+REL_POINTER(DOMAIN:OPEN_SANCTIONS|MIN:REPRESENTATIVE IN VIETNAM|MAX:),1
+REL_POINTER(DOMAIN:OPEN_SANCTIONS|MIN:REPRESENTATIVE|MAX:),1
+REL_POINTER(DOMAIN:OPEN_SANCTIONS|MIN:SEAJET IS AN AGENT OF AIR KORYO|MAX:),1
+REL_POINTER(DOMAIN:OPEN_SANCTIONS|MIN:SECRETAR GENERAL|MAX:),1
"+REL_POINTER(DOMAIN:OPEN_SANCTIONS|MIN:SECRETARY OF,VICE\-PRESIDENT OF|MAX:)",1
+REL_POINTER(DOMAIN:OPEN_SANCTIONS|MIN:ȘEFĂ|MAX:),1
"+REL_POINTER(DOMAIN:OPEN_SANCTIONS|MIN:SENAT SHIPPING & TRADING PRIVATE LIMITED WAS INVOLVED IN THE OPERATION OF OMM VESSELS ASSOCIATED WITH OMM AND IN FINANCIAL TRANSACTIONS FOR THE COMPANY,SENAT SHIPPING AGENCY PTE. LTD. WAS INVOLVED IN THE OPERATION OF OMM VESSELS ASSOCIATED WITH OMM AND IN FINANCIAL TRANSACTIONS FOR THE COMPANY,SENAT SHIPPING LIMITED WAS INVOLVED IN THE OPERATION OF OMM VESSELS ASSOCIATED WITH OMM AND IN FINANCIAL TRANSACTIONS FOR THE COMPANY|MAX:)",1
+REL_POINTER(DOMAIN:OPEN_SANCTIONS|MIN:SHAREHOLDER OF|MAX:SHAREHOLDER OF),1
"+REL_POINTER(DOMAIN:OPEN_SANCTIONS|MIN:SHAREHOLDER OF,TREASURER OF|MAX:)",1
+REL_POINTER(DOMAIN:OPEN_SANCTIONS|MIN:SHIP MANAGER AND OPERATOR|MAX:),1
+REL_POINTER(DOMAIN:OPEN_SANCTIONS|MIN:SHIP MANAGER|MAX:),1
+REL_POINTER(DOMAIN:OPEN_SANCTIONS|MIN:SHIP SAFETY MANAGEMENT MANAGER|MAX:COMPANY),1
"+REL_POINTER(DOMAIN:OPEN_SANCTIONS|MIN:SHIP SAFETY MANAGEMENT MANAGER|MAX:PROPERTY IN THE INTEREST OF,SHIPOWNER)",1
+REL_POINTER(DOMAIN:OPEN_SANCTIONS|MIN:SHIP SAFETY MANAGEMENT MANAGER|MAX:SHIPOWNER),1
+REL_POINTER(DOMAIN:OPEN_SANCTIONS|MIN:SIGNIFICANT INFLUENCE OR CONTROL AS FIRM|MAX:),1
"+REL_POINTER(DOMAIN:OPEN_SANCTIONS|MIN:SUCCESSION|MAX:IS DIRECTLY CONSOLIDATED BY,IS ULTIMATELY CONSOLIDATED BY)",1
+REL_POINTER(DOMAIN:OPEN_SANCTIONS|MIN:SUSȚINĂTOR LA ALEGERILE PARLAMENTARE DIN 2019|MAX:),1
+REL_POINTER(DOMAIN:OPEN_SANCTIONS|MIN:TANCHON COMMERCIAL BANK IS SUBORDINATE TO THE SECOND ECONOMIC COMMITTEE|MAX:),1
+REL_POINTER(DOMAIN:OPEN_SANCTIONS|MIN:UNDERLYING COMPANY OF|MAX:),1
+REL_POINTER(DOMAIN:OPEN_SANCTIONS|MIN:VENANT AUX DROITS|MAX:),1
+REL_POINTER(DOMAIN:OPEN_SANCTIONS|MIN:VOTING RIGHTS 50 TO 75 PERCENT AS FIRM|MAX:),1
+REL_POINTER(DOMAIN:OPEN_SANCTIONS|MIN:VOTING RIGHTS 75 TO 100 PERCENT|MAX:),1
+REL_POINTER(DOMAIN:OPEN_SANCTIONS|MIN:ВОЕННЫЙ КОМИССАР ЗАБАЙКАЛЬСКОГО КРАЯ|MAX:),1
+REL_POINTER(DOMAIN:OPEN_SANCTIONS|MIN:ВОЕННЫЙ КОМИССАР ИРКУТСКОЙ ОБЛАСТИ|MAX:),1
+REL_POINTER(DOMAIN:OPEN_SANCTIONS|MIN:ВОЕННЫЙ КОМИССАР РЕСПУБЛИКИ МОРДОВИЯ|MAX:),1
+REL_POINTER(DOMAIN:OPEN_SANCTIONS|MIN:ВРЕМЕННО ИСПОЛНЯЮЩИЙ ОБЯЗАННОСТИ ГЕНЕРАЛЬНОГО ДИРЕКТОРА|MAX:),1
+REL_POINTER(DOMAIN:OPEN_SANCTIONS|MIN:ВРЕМЕННО ИСПОЛНЯЮЩИЙ ОБЯЗАННОСТИ ЗАМЕСТИТЕЛЯ ПРЕДСЕДАТЕЛЯ ПРАВИТЕЛЬСТВА КУРСКОЙ ОБЛАСТИ \- ПРЕДСЕДАТЕЛЯ КОМИТЕТА РЕГИОНАЛЬНОЙ БЕЗОПАСНОСТИ КУРСКОЙ ОБЛАСТИ|MAX:),1
+REL_POINTER(DOMAIN:OPEN_SANCTIONS|MIN:ВРЕМЕННЫЙ ГЕНЕРАЛЬНЫЙ ДИРЕКТОР|MAX:),1
+REL_POINTER(DOMAIN:OPEN_SANCTIONS|MIN:ГЕНЕРАЛЬНЫЙ ДИРЕКТОР|MAX:OTHER LINK),1
+REL_POINTER(DOMAIN:OPEN_SANCTIONS|MIN:ГЕНЕРАЛЬНЫЙ ДИРЕКТОР \- ДИРЕКТОР РУДНИКА|MAX:),1
+REL_POINTER(DOMAIN:OPEN_SANCTIONS|MIN:ЗАМЕСТИТЕЛЬ ПРЕДСЕДАТЕЛЯ СОВЕТА МИНИСТРОВ РЕСПУБЛИКИ КРЫМ \- МИНИСТР ТРУДА И СОЦИАЛЬНОЙ ЗАЩИТЫ РЕСПУБЛИКИ КРЫМ|MAX:),1
+REL_POINTER(DOMAIN:OPEN_SANCTIONS|MIN:И.О.РУКОВОДИТЕЛЯ УПРАВЛЕНИЯ|MAX:),1
+REL_POINTER(DOMAIN:OPEN_SANCTIONS|MIN:ИСПОЛНИТЕЛЬНЫЙ ДИРЕКТОР|MAX:),1
+REL_POINTER(DOMAIN:OPEN_SANCTIONS|MIN:КОМАНДИР ВОЙСКОВОЙ ЧАСТИ 09436|MAX:),1
+REL_POINTER(DOMAIN:OPEN_SANCTIONS|MIN:МИНИСТР ВНУТРЕННИХ ДЕЛ|MAX:),1
+REL_POINTER(DOMAIN:OPEN_SANCTIONS|MIN:МИНИСТР ВНУТРЕННИХ ДЕЛ ПО РЕСПУБЛИКЕ БУРЯТИЯ|MAX:),1
+REL_POINTER(DOMAIN:OPEN_SANCTIONS|MIN:МИНИСТР ВНУТРЕННИХ ДЕЛ ПО РЕСПУБЛИКЕ КРЫМ|MAX:),1
+REL_POINTER(DOMAIN:OPEN_SANCTIONS|MIN:МИНИСТР ВНУТРЕННИХ ДЕЛ ПО РЕСПУБЛИКЕ МОРДОВИЯ|MAX:),1
+REL_POINTER(DOMAIN:OPEN_SANCTIONS|MIN:МИНИСТР СОЦИАЛЬНОЙ ЗАЩИТЫ НАСЕЛЕНИЯ И ТРУДА БЕЛГОРОДСКОЙ ОБЛАСТИ|MAX:),1
+REL_POINTER(DOMAIN:OPEN_SANCTIONS|MIN:НАЧАЛЬНИК АКАДЕМИИ|MAX:),1
+REL_POINTER(DOMAIN:OPEN_SANCTIONS|MIN:НАЧАЛЬНИК ВОЕННОГО УЧИЛИЩА|MAX:),1
+REL_POINTER(DOMAIN:OPEN_SANCTIONS|MIN:НАЧАЛЬНИК РЕГИОНАЛЬНОГО УПРАВЛЕНИЯ|MAX:),1
+REL_POINTER(DOMAIN:OPEN_SANCTIONS|MIN:НАЧАЛЬНИК УМВД РОССИИ ПО ЗАБАЙКАЛЬСКОМУ КРАЮ|MAX:),1
+REL_POINTER(DOMAIN:OPEN_SANCTIONS|MIN:НАЧАЛЬНИК УПРАВЛЕНИЯ РОСГВАРДИИ ПО КУРГАНСКОЙ ОБЛАСТИ|MAX:),1
+REL_POINTER(DOMAIN:OPEN_SANCTIONS|MIN:НАЧАЛЬНИК УПРАВЛЕНИЯ ФЕДЕРАЛЬНОЙ СЛУЖБЫ ВОЙСК НАЦИОНАЛЬНОЙ ГВАРДИИ РОССИЙСКОЙ ФЕДЕРАЦИИ ПО ВОЛГОГРАДСКОЙ ОБЛАСТИ|MAX:),1
+REL_POINTER(DOMAIN:OPEN_SANCTIONS|MIN:НАЧАЛЬНИК УПРАВЛЕНИЯ ФЕДЕРАЛЬНОЙ СЛУЖБЫ ВОЙСК НАЦИОНАЛЬНОЙ ГВАРДИИ РОССИЙСКОЙ ФЕДЕРАЦИИ ПО КРАСНОЯРСКОМУ КРАЮ|MAX:),1
+REL_POINTER(DOMAIN:OPEN_SANCTIONS|MIN:НАЧАЛЬНИК УПРАВЛЕНИЯ ФЕДЕРАЛЬНОЙ СЛУЖБЫ ВОЙСК НАЦИОНАЛЬНОЙ ГВАРДИИ РОССИЙСКОЙ ФЕДЕРАЦИИ ПО НОВОСИБИРСКОЙ ОБЛАСТИ|MAX:),1
+REL_POINTER(DOMAIN:OPEN_SANCTIONS|MIN:НАЧАЛЬНИК УПРАВЛЕНИЯ ФЕДЕРАЛЬНОЙ СЛУЖБЫ ВОЙСК НАЦИОНАЛЬНОЙ ГВАРДИИ РОССИЙСКОЙ ФЕДЕРАЦИИ ПО ОРЕНБУРГСКОЙ ОБЛАСТИ|MAX:),1
+REL_POINTER(DOMAIN:OPEN_SANCTIONS|MIN:НАЧАЛЬНИК УПРАВЛЕНИЯ ФЕДЕРАЛЬНОЙ СЛУЖБЫ ВОЙСК НАЦИОНАЛЬНОЙ ГВАРДИИ РОССИЙСКОЙ ФЕДЕРАЦИИ ПО ПЕРМСКОМУ КРАЮ|MAX:),1
+REL_POINTER(DOMAIN:OPEN_SANCTIONS|MIN:НАЧАЛЬНИК УЧИЛИЩА|MAX:),1
