match_key,count
+ADDRESS-SSN,2767148
+NAME,2619679
+ADDRESS,2410835
+ADDRESS-DOB-SSN,1734687
+ADDRESS-GENDER-SSN,1612443
+ADDRESS-DOB-SSN-PASSPORT,1347739
+ADDRESS-GENDER,1247465
+ADDRESS-DOB-GENDER-SSN,1167781
+ADDRESS-DOB-GENDER-SSN-PASSPORT,1126677
+ADDRESS-DOB,1056598
+ADDRESS-SSN-PASSPORT,1051506
+ADDRESS-GENDER-SSN-PASSPORT,700344
+ADDRESS-PASSPORT,619924
+ADDRESS-DOB-GENDER,611972
+SSN,436336
+ADDRESS-DOB-PASSPORT,374765
+ADDRESS-GENDER-PASSPORT,360677
+ADDRESS-SSN-DRLIC,339648
+NAME+DOB-SSN,328937
+PNAME+ADDRESS+PHONE,322482
+ADDRESS-DOB-SSN-DRLIC-PASSPORT,266434
+ADDRESS-DOB-SSN-DRLIC,262219
+DRLIC-SSN,259832
+ADDRESS-DOB-GENDER-PASSPORT,240775
+ADDRESS-DRLIC,240352
+NAME+DOB,239234
+ADDRESS-DOB-GENDER-SSN-DRLIC-PASSPORT,233776
+DRLIC,232242
+SSN-GENDER,216548
+SSN-DOB,212012
+ADDRESS-GENDER-SSN-DRLIC,210105
+ADDRESS+PHONE+SSN,198554
+ADDRESS-DOB-GENDER-SSN-DRLIC,191505
+NAME+DOB-SSN-PASSPORT,186149
+DRLIC-DOB-SSN,171775
+ADDRESS+PHONE,168388
+ADDRESS-SSN-DRLIC-PASSPORT,157705
+DRLIC-GENDER-SSN,153327
+PNAME+PHONE,136068
+DRLIC-DOB-SSN-PASSPORT,135920
+SSN-DOB-GENDER,135202
+ADDRESS-GENDER-DRLIC,133799
+SSN-PASSPORT,129270
+PNAME+ADDRESS,127515
+SSN-DOB-PASSPORT,127082
+PHONE,126062
+ADDRESS-DOB-DRLIC,123367
+ADDRESS+PHONE+SSN+ACCT_NUM,118605
+DRLIC-DOB-GENDER-SSN,117435
+DRLIC-DOB-GENDER-SSN-PASSPORT,114214
+DRLIC-GENDER,113237
+ADDRESS-GENDER-SSN-DRLIC-PASSPORT,112705
+PHONE+SSN,104440
+DRLIC-SSN-PASSPORT,102905
+SSN-DOB-GENDER-PASSPORT,100383
+DRLIC-DOB,97033
+ADDRESS+PHONE+ACCT_NUM,93439
+ADDRESS+SSN,90540
+ADDRESS+PHONE+SSN+DRLIC,83686
+SSN-GENDER-PASSPORT,81897
+SURNAME+ADDRESS+PHONE+SSN,80204
+LOGIN_ID-SSN,76407
+ADDRESS-DOB-GENDER-DRLIC,75532
+ADDRESS-DRLIC-PASSPORT,74605
+NAME+DOB-PASSPORT,72709
+DOB+ADDRESS+PHONE,70299
+DRLIC-GENDER-SSN-PASSPORT,69713
+LOGIN_ID,65392
+ADDRESS+PHONE+DRLIC,65334
+ADDRESS+PHONE+SSN+PASSPORT,62481
+PNAME+DOB+PHONE,61192
+NAME+DOB-GENDER-SSN,58794
+SURNAME+ADDRESS+PHONE,58692
+ADDRESS+PHONE+SSN+DRLIC+ACCT_NUM,58283
+DRLIC-PASSPORT,58019
+DRLIC-DOB-GENDER,57370
+PHONE+SSN+ACCT_NUM,56561
+PHONE+ACCT_NUM,56211
+PNAME+ACCT_NUM,55994
+PNAME+ADDRESS+PHONE+DRLIC,55301
+PNAME+DOB+ADDRESS,54710
+PHONE-SSN,53505
+ADDRESS-DOB-DRLIC-PASSPORT,51878
+PNAME+DOB+ADDRESS+PHONE,51330
+SURNAME+ADDRESS+PHONE+SSN+ACCT_NUM,51099
+ADDRESS+SSN+ACCT_NUM,49361
+NAME+DOB-GENDER,47856
+ADDRESS+ACCT_NUM,47706
+DOB+ADDRESS+PHONE+ACCT_NUM,47699
+ADDRESS+PHONE+PASSPORT,46391
+DOB+ADDRESS+PHONE+SSN,46042
+ADDRESS-GENDER-DRLIC-PASSPORT,45228
+NAME+DOB-SSN-DRLIC,44816
+SSN-DRLIC,44521
+ADDRESS+PHONE+SSN+PASSPORT+ACCT_NUM,44459
+LOGIN_ID-DOB-SSN,43253
+LOGIN_ID-GENDER-SSN,43024
+SURNAME+PHONE+SSN,38520
+PHONE+SSN+DRLIC,38359
+NAME+DRLIC,38051
+PHONE+DRLIC,37690
+DRLIC-DOB-PASSPORT,36869
+SURNAME+ADDRESS+PHONE+SSN+DRLIC,36800
+ACCT_NUM,36598
+ADDRESS+PHONE+DRLIC+ACCT_NUM,36217
+SURNAME+ADDRESS+PHONE+ACCT_NUM,36036
+ADDRESS-DOB-GENDER-DRLIC-PASSPORT,35447
+PNAME+DRLIC,35352
+ADDRESS+SSN+DRLIC,33980
+LOGIN_ID-GENDER,33779
+DRLIC-GENDER-PASSPORT,33768
+DOB+ADDRESS+PHONE+DRLIC,33491
+SURNAME+ADDRESS+SSN,33152
+NAME+DOB-SSN-DRLIC-PASSPORT,33119
+PHONE-DOB-SSN,32769
+ADDRESS+DRLIC,32446
+ADDRESS+PHONE+SSN+DRLIC+PASSPORT,32076
+PHONE-GENDER-SSN,30950
+PNAME+PHONE+DRLIC,30450
+SSN+ACCT_NUM,30116
+SURNAME+DOB+ADDRESS+PHONE,30064
+NAME+DOB-GENDER-SSN-PASSPORT,29969
+SSN-DOB-DRLIC,29665
+DOB+ADDRESS+PHONE+SSN+ACCT_NUM,29553
+DOB+ADDRESS+SSN,28524
+DOB+PHONE,28439
+SURNAME+ADDRESS+PHONE+SSN+DRLIC+ACCT_NUM,28325
+LOGIN_ID-DOB-GENDER-SSN,28279
+PHONE+SSN+PASSPORT,28279
+DOB+PHONE+SSN,28018
+SURNAME+ADDRESS+PHONE+SSN+PASSPORT,28009
+SURNAME+PHONE,27985
+ADDRESS+PHONE+PASSPORT+ACCT_NUM,27712
+LOGIN_ID-DOB-SSN-PASSPORT,27642
+LOGIN_ID-DOB,27096
+PNAME+ADDRESS+DRLIC,26882
+ADDRESS+PHONE+SSN+DRLIC+PASSPORT+ACCT_NUM,26660
+SSN-GENDER-DRLIC,26551
+LOGIN_ID-SSN-PASSPORT,26261
+SURNAME+ADDRESS,26108
+DOB+ADDRESS,26031
+SURNAME+ADDRESS+PHONE+DRLIC,25359
+PHONE+PASSPORT,25290
+NAME+DOB-DRLIC,25289
+ADDRESS+SSN+PASSPORT,24913
+DOB+ADDRESS+PHONE+PASSPORT,24784
+DOB+SSN,24310
+PHONE-GENDER,23983
+DRLIC-DOB-GENDER-PASSPORT,23782
+DOB+ADDRESS+PHONE+DRLIC+ACCT_NUM,23468
+PHONE-DOB-SSN-PASSPORT,23152
+SSN-DOB-DRLIC-PASSPORT,23052
+DOB+PHONE+ACCT_NUM,22815
+LOGIN_ID-DOB-GENDER-SSN-PASSPORT,21903
+SURNAME+PHONE+SSN+ACCT_NUM,21663
+ADDRESS+PASSPORT,21637
+PHONE-DOB-GENDER-SSN,21612
+SURNAME+ADDRESS+PHONE+SSN+PASSPORT+ACCT_NUM,21271
+PHONE+SSN+DRLIC+ACCT_NUM,21271
+SURNAME+DOB+ADDRESS+PHONE+ACCT_NUM,20844
+SURNAME+DOB+ADDRESS+PHONE+SSN,20602
+PNAME+PASSPORT,20562
+SSN-DOB-GENDER-DRLIC,20335
+PHONE-DOB,20243
+DOB+ADDRESS+ACCT_NUM,20037
+PHONE-SSN-PASSPORT,19841
+SSN+DRLIC,19826
+ADDRESS+SSN+DRLIC+ACCT_NUM,19588
+SSN-DOB-GENDER-DRLIC-PASSPORT,19508
+ADDRESS+PHONE+DRLIC+PASSPORT,19485
+PHONE-DOB-GENDER-SSN-PASSPORT,19132
+PNAME+ADDRESS+PHONE+SSN (Ambiguous),18899
+SURNAME+ADDRESS+SSN+ACCT_NUM,18818
+SURNAME+PHONE+ACCT_NUM,18603
+SURNAME+SSN,18442
+SURNAME+ADDRESS+PHONE+PASSPORT,18308
+SSN-DRLIC-PASSPORT,18077
+DOB+ADDRESS+PHONE+PASSPORT+ACCT_NUM,17716
+PNAME+DRLIC+ACCT_NUM,17032
+PHONE+DRLIC+ACCT_NUM,16852
+LOGIN_ID-GENDER-SSN-PASSPORT,16793
+DOB+ADDRESS+SSN+ACCT_NUM,16546
+LOGIN_ID-PASSPORT,16533
+PHONE+SSN+PASSPORT+ACCT_NUM,16497
+SURNAME+ADDRESS+ACCT_NUM,16226
+SURNAME+ADDRESS+PHONE+DRLIC+ACCT_NUM,15974
+DOB+PHONE+SSN+ACCT_NUM,15807
+SURNAME+ADDRESS+PHONE+SSN+DRLIC+PASSPORT,15788
+LOGIN_ID-DOB-GENDER,15314
+SURNAME+DOB+ADDRESS+PHONE+DRLIC,15296
+DOB+PHONE+DRLIC,15025
+SURNAME+ADDRESS+PHONE+SSN+DRLIC+PASSPORT+ACCT_NUM,14897
+SURNAME+PHONE+SSN+DRLIC,14890
+PNAME+ADDRESS-SSN,14761
+ADDRESS+DRLIC+ACCT_NUM,14750
+ADDRESS+SSN+PASSPORT+ACCT_NUM,14745
+DOB+ADDRESS+PHONE+SSN+DRLIC,14462
+PASSPORT,14226
+SSN+PASSPORT,13856
+SURNAME+DOB+ADDRESS+PHONE+SSN+ACCT_NUM,13854
+ADDRESS+PHONE+DRLIC+PASSPORT+ACCT_NUM,13654
+SURNAME+ADDRESS+SSN+DRLIC,13208
+DOB+ADDRESS+DRLIC,13109
+NAME+DOB-GENDER-PASSPORT,13106
+PNAME+PASSPORT+ACCT_NUM,13024
+PHONE-GENDER-SSN-PASSPORT,12950
+DOB+ADDRESS+PHONE+DRLIC+PASSPORT,12929
+PHONE+PASSPORT+ACCT_NUM,12896
+NAME+PASSPORT,12881
+DOB+ACCT_NUM,12795
+PNAME+PHONE+SSN (Ambiguous),12768
+SURNAME+PHONE+DRLIC,12539
+NAME+ADDRESS+PHONE+SSN (Ambiguous),12322
+DOB+SSN+ACCT_NUM,12314
+SURNAME+ADDRESS+PHONE+PASSPORT+ACCT_NUM,12260
+SSN-GENDER-DRLIC-PASSPORT,12229
+PNAME+ADDRESS-DOB-SSN-PASSPORT,11851
+PNAME+PHONE+PASSPORT,11843
+PHONE-PASSPORT,11831
+PHONE-DOB-GENDER,11579
+SURNAME+DOB+ADDRESS+PHONE+DRLIC+ACCT_NUM,11533
+PHONE+SSN+DRLIC+PASSPORT,11469
+ADDRESS+PASSPORT+ACCT_NUM,11443
+SURNAME+DOB+PHONE,11441
+PNAME+ADDRESS+PHONE+SSN+ACCT_NUM (Ambiguous),11277
+SURNAME+DOB+ADDRESS+PHONE+PASSPORT,11249
+PNAME+ADDRESS-DOB-SSN,11176
+SURNAME+DOB+ADDRESS+SSN,11151
+SURNAME+PHONE+SSN+PASSPORT,11020
+SURNAME+ACCT_NUM,11015
+PNAME+ADDRESS+SSN (Ambiguous),10967
+SURNAME+ADDRESS+DRLIC,10864
+SURNAME+DOB+PHONE+SSN,10761
+ADDRESS+SSN+DRLIC+PASSPORT,10557
+DOB+ADDRESS+PHONE+DRLIC+PASSPORT+ACCT_NUM,10525
+SURNAME+DOB+ADDRESS,10508
+DOB+ADDRESS+PHONE+SSN+DRLIC+ACCT_NUM,10500
+DOB+PHONE+PASSPORT,10443
+ADDRESS-GENERATION-DOB-SSN-PASSPORT,10440
+DOB+ADDRESS+SSN+DRLIC,10237
+SURNAME+SSN+ACCT_NUM,10129
+PNAME+ADDRESS+PASSPORT,10128
+NAME+ADDRESS+PHONE (Ambiguous),9943
+SURNAME+ADDRESS+SSN+PASSPORT,9924
+ADDRESS-GENERATION-DOB-GENDER-SSN-PASSPORT,9775
+PNAME+ADDRESS+PHONE+PASSPORT,9657
+DRLIC+ACCT_NUM,9321
+LOGIN_ID-GENDER-PASSPORT,9294
+LOGIN_ID-DOB-PASSPORT,9172
+NAME+DOB-DRLIC-PASSPORT,9170
+DOB+ADDRESS+PASSPORT,9139
+SSN+DRLIC+ACCT_NUM,9095
+LOGIN_ID-SSN-DRLIC,9052
+PHONE+DRLIC+PASSPORT,8989
+SURNAME+ADDRESS+PHONE+DRLIC+PASSPORT,8974
+SURNAME+PHONE+SSN+DRLIC+ACCT_NUM,8967
+DOB+ADDRESS+PHONE+SSN+PASSPORT,8887
+SURNAME+DOB+PHONE+ACCT_NUM,8824
+PNAME+DRLIC+PASSPORT,8819
+PNAME+SSN,8703
+SURNAME+PHONE+PASSPORT,8681
+DOB+PHONE+DRLIC+ACCT_NUM,8636
+SURNAME+DOB+ADDRESS+PHONE+PASSPORT+ACCT_NUM,8599
+DOB+PHONE+SSN+DRLIC,8595
+PNAME+SSN (Ambiguous),8372
+DOB+SSN+DRLIC,8312
+SURNAME+DOB+SSN,8291
+SURNAME+ADDRESS+SSN+DRLIC+ACCT_NUM,8264
+PNAME+ADDRESS+PHONE+ACCT_NUM (Ambiguous),8236
+NAME+ADDRESS+PHONE+SSN+ACCT_NUM (Ambiguous),8131
+ADDRESS+DRLIC+PASSPORT,7908
+DOB+DRLIC,7826
+PHONE+SSN+DRLIC+PASSPORT+ACCT_NUM,7793
+DOB+ADDRESS+DRLIC+ACCT_NUM,7707
+SURNAME+DOB+ADDRESS+ACCT_NUM,7686
+SURNAME+ADDRESS+PASSPORT,7556
+NAME+DOB-GENDER-SSN-DRLIC,7440
+ADDRESS+SSN+DRLIC+PASSPORT+ACCT_NUM,7436
+SURNAME+DRLIC,7320
+DOB+ADDRESS+SSN+PASSPORT,7222
+SURNAME+DOB+ADDRESS+PHONE+SSN+DRLIC,7136
+SURNAME+ADDRESS+PHONE+DRLIC+PASSPORT+ACCT_NUM,7106
+PASSPORT+ACCT_NUM,7099
+SSN+PASSPORT+ACCT_NUM,7013
+SURNAME+DOB+ADDRESS+SSN+ACCT_NUM,7013
+PHONE-DOB-PASSPORT,7009
+PNAME+PHONE+SSN+ACCT_NUM (Ambiguous),6996
+NAME+PHONE+SSN (Ambiguous),6956
+SURNAME+SSN+DRLIC,6890
+PHONE-GENDER-PASSPORT,6873
+LOGIN_ID-DRLIC,6793
+SURNAME+PHONE+SSN+PASSPORT+ACCT_NUM,6785
+PNAME+ADDRESS-SSN-PASSPORT,6752
+NAME+ADDRESS+PHONE+ACCT_NUM (Ambiguous),6751
+DOB+ADDRESS+SSN+DRLIC+ACCT_NUM,6737
+PHONE-SSN-DRLIC,6578
+DOB+PHONE+PASSPORT+ACCT_NUM,6541
+SURNAME+PHONE+DRLIC+ACCT_NUM,6516
+DOB+ADDRESS+PHONE+SSN+PASSPORT+ACCT_NUM,6494
+LOGIN_ID-DOB-SSN-DRLIC,6476
+SURNAME+DOB+PHONE+SSN+ACCT_NUM,6432
+SURNAME+ADDRESS+SSN+PASSPORT+ACCT_NUM,6287
+SURNAME+DOB+ADDRESS+PHONE+DRLIC+PASSPORT,6237
+PNAME+ADDRESS+PHONE+SSN+DRLIC (Ambiguous),6180
+PNAME+ADDRESS+SSN+ACCT_NUM (Ambiguous),6118
+DOB+SSN+PASSPORT,6088
+DOB+PHONE+SSN+PASSPORT,5978
+PNAME+DOB+DRLIC,5955
+NAME+ADDRESS+SSN (Ambiguous),5951
+DOB+ADDRESS+PASSPORT+ACCT_NUM,5922
+SURNAME+DOB+ADDRESS+PHONE+DRLIC+PASSPORT+ACCT_NUM,5812
+SURNAME+ADDRESS+DRLIC+ACCT_NUM,5802
+SURNAME+DOB+PHONE+DRLIC,5762
+LOGIN_ID-DOB-GENDER-PASSPORT,5756
+PNAME+ADDRESS-DOB,5602
+SURNAME+DOB+ADDRESS+PHONE+SSN+DRLIC+ACCT_NUM,5471
+SURNAME+DOB+ADDRESS+DRLIC,5443
+LOGIN_ID-GENDER-SSN-DRLIC,5424
+DOB+PHONE+SSN+DRLIC+ACCT_NUM,5292
+PNAME+PHONE+ACCT_NUM (Ambiguous),5253
+LOGIN_ID-DOB-SSN-DRLIC-PASSPORT,5238
+NAME+DOB-GENDER-SSN-DRLIC-PASSPORT,5163
+PNAME+SSN+DRLIC,5126
+PHONE+DRLIC+PASSPORT+ACCT_NUM,5079
+PNAME+DRLIC+PASSPORT+ACCT_NUM,5075
+SURNAME+PHONE+SSN+DRLIC+PASSPORT,5006
+SURNAME+PHONE+PASSPORT+ACCT_NUM,5001
+ADDRESS-GENERATION-DOB-SSN,4970
+DRLIC+PASSPORT,4938
+SURNAME+SSN+PASSPORT,4915
+PHONE-DOB-SSN-DRLIC,4902
+PNAME+SSN+ACCT_NUM (Ambiguous),4890
+PNAME+ADDRESS+PHONE+SSN+PASSPORT (Ambiguous),4865
+NAME+DOB-GENDER-DRLIC,4850
+DOB+ADDRESS+SSN+PASSPORT+ACCT_NUM,4841
+SSN+DRLIC+PASSPORT,4810
+PNAME+DOB+ADDRESS+PHONE+SSN+ACCT_NUM (Ambiguous),4800
+NAME+ADDRESS+PHONE+SSN+DRLIC (Ambiguous),4787
+NAME+DOB+ADDRESS+PHONE+SSN (Ambiguous),4773
+NAME+DOB+ADDRESS+PHONE+SSN+ACCT_NUM (Ambiguous),4715
+SURNAME+DOB+SSN+ACCT_NUM,4688
+PHONE-DRLIC,4659
+PNAME+DOB+ADDRESS+PHONE+SSN (Ambiguous),4632
+SURNAME+ADDRESS+SSN+DRLIC+PASSPORT,4624
+DOB+PHONE+DRLIC+PASSPORT,4605
+ADDRESS+DRLIC+PASSPORT+ACCT_NUM,4601
+SURNAME+ADDRESS+PASSPORT+ACCT_NUM,4548
+DOB+SSN+DRLIC+ACCT_NUM,4541
+LOGIN_ID-DOB-GENDER-SSN-DRLIC-PASSPORT,4538
+SURNAME+DOB+ADDRESS+SSN+DRLIC,4530
+PHONE-DOB-GENDER-PASSPORT,4525
+DOB+PASSPORT,4511
+LOGIN_ID-DOB-GENDER-SSN-DRLIC,4408
+PHONE-DOB-SSN-DRLIC-PASSPORT,4406
+ADDRESS-GENERATION-SSN,4391
+SURNAME+DOB+ADDRESS+PHONE+SSN+PASSPORT,4384
+NAME+SSN (Ambiguous),4272
+PNAME+ADDRESS+ACCT_NUM (Ambiguous),4270
+DOB+ADDRESS+DRLIC+PASSPORT,4247
+SURNAME+DOB+ACCT_NUM,4222
+SURNAME+DOB+PHONE+PASSPORT,4147
+NAME+PHONE+SSN+ACCT_NUM (Ambiguous),4135
+SURNAME+PASSPORT,4068
+ADDRESS-GENERATION-DOB-GENDER-SSN,4065
+PHONE-GENDER-SSN-DRLIC,4007
+PNAME+ADDRESS+PHONE+SSN+DRLIC+ACCT_NUM (Ambiguous),3897
+NAME+ADDRESS+PHONE+SSN+PASSPORT (Ambiguous),3864
+PHONE-DOB-GENDER-SSN-DRLIC-PASSPORT,3852
+SURNAME+DOB+ADDRESS+PASSPORT,3828
+PNAME+PHONE+SSN+DRLIC (Ambiguous),3805
+NAME+PHONE (Ambiguous),3752
+LOGIN_ID-GENDER-DRLIC,3730
+LOGIN_ID-SSN-DRLIC-PASSPORT,3700
+NAME+ADDRESS+PHONE+DRLIC+ACCT_NUM (Ambiguous),3698
+SURNAME+DOB+PHONE+DRLIC+ACCT_NUM,3669
+NAME+ADDRESS+SSN+ACCT_NUM (Ambiguous),3658
+PNAME+DOB+ADDRESS+PHONE+ACCT_NUM (Ambiguous),3656
+DOB+DRLIC+ACCT_NUM,3647
+DOB+SSN+PASSPORT+ACCT_NUM,3641
+DOB+ADDRESS+PHONE+SSN+DRLIC+PASSPORT,3626
+DOB+PHONE+SSN+PASSPORT+ACCT_NUM,3623
+SURNAME+PHONE+SSN+DRLIC+PASSPORT+ACCT_NUM,3605
+NAME+DRLIC+PASSPORT,3585
+SURNAME+DOB+PHONE+SSN+DRLIC,3581
+NAME+DOB+ADDRESS+PHONE (Ambiguous),3569
+NAME+ADDRESS+PHONE+SSN+DRLIC+ACCT_NUM (Ambiguous),3564
+SURNAME+SSN+DRLIC+ACCT_NUM,3509
+SURNAME+DOB+ADDRESS+DRLIC+ACCT_NUM,3466
+PHONE-DOB-GENDER-SSN-DRLIC,3459
+NAME+PHONE+ACCT_NUM (Ambiguous),3440
+SURNAME+PHONE+DRLIC+PASSPORT,3398
+SURNAME+ADDRESS+SSN+DRLIC+PASSPORT+ACCT_NUM,3382
+PNAME+ADDRESS+PHONE+DRLIC (Ambiguous),3336
+LOGIN_ID-DOB-DRLIC,3309
+PNAME+ADDRESS-PASSPORT,3294
+DOB+ADDRESS+SSN+DRLIC+PASSPORT,3289
+PNAME+ADDRESS+SSN+DRLIC (Ambiguous),3287
+NAME+ADDRESS (Ambiguous),3266
+SURNAME+DOB+SSN+DRLIC,3225
+SURNAME+DOB+ADDRESS+PHONE+SSN+PASSPORT+ACCT_NUM,3188
+SURNAME+ADDRESS+DRLIC+PASSPORT,3159
+DOB+ADDRESS+PHONE+SSN+DRLIC+PASSPORT+ACCT_NUM,3151
+DOB+PHONE+DRLIC+PASSPORT+ACCT_NUM,3127
+SURNAME+DRLIC+ACCT_NUM,3088
+SURNAME+DOB+ADDRESS+SSN+PASSPORT,3073
+PNAME+PHONE+SSN+PASSPORT (Ambiguous),3065
+DOB+ADDRESS+DRLIC+PASSPORT+ACCT_NUM,3062
+NAME+ADDRESS+PHONE+DRLIC (Ambiguous),3031
-SSN,3024
+NAME+DOB+ADDRESS+PHONE+SSN+DRLIC+ACCT_NUM (Ambiguous),3004
+PNAME+PHONE+DRLIC+PASSPORT,2970
+SURNAME+DOB+ADDRESS+SSN+DRLIC+ACCT_NUM,2970
+PNAME+ADDRESS+PHONE+DRLIC+ACCT_NUM (Ambiguous),2968
+ADDRESS-GENERATION-GENDER-SSN,2940
+PHONE-SSN-DRLIC-PASSPORT,2938
+PNAME+ADDRESS+PHONE+SSN+PASSPORT+ACCT_NUM (Ambiguous),2932
+SURNAME+ADDRESS-SSN,2914
+ADDRESS-GENERATION-SSN-PASSPORT,2906
+NAME+ADDRESS+ACCT_NUM (Ambiguous),2896
+DOB+PASSPORT+ACCT_NUM,2894
+SSN+DRLIC+PASSPORT+ACCT_NUM,2839
+SURNAME+DOB+PHONE+PASSPORT+ACCT_NUM,2785
+SURNAME+SSN+PASSPORT+ACCT_NUM,2780
+SURNAME+DOB+DRLIC,2742
+PNAME+DOB+ADDRESS+PHONE+SSN+DRLIC+ACCT_NUM (Ambiguous),2733
+PNAME+ADDRESS+PHONE+PASSPORT (Ambiguous),2725
+NAME+ADDRESS+PHONE+SSN+PASSPORT+ACCT_NUM (Ambiguous),2725
+PNAME+ADDRESS+DRLIC+PASSPORT,2696
+PNAME+ADDRESS+SSN+PASSPORT (Ambiguous),2693
+NAME+SSN+ACCT_NUM (Ambiguous),2693
+NAME+DOB+ADDRESS+PHONE+SSN+DRLIC (Ambiguous),2677
+SURNAME+DOB+ADDRESS+PASSPORT+ACCT_NUM,2612
+ADDRESS-GENERATION,2598
+LOGIN_ID-GENDER-SSN-DRLIC-PASSPORT,2594
+PNAME+DOB+ADDRESS+PHONE+SSN+DRLIC (Ambiguous),2557
+PHONE-GENDER-DRLIC,2556
+SURNAME+DOB+PHONE+SSN+PASSPORT,2544
+DOB+ADDRESS+SSN+DRLIC+PASSPORT+ACCT_NUM,2543
+NAME+ADDRESS+PHONE+PASSPORT (Ambiguous),2542
+PNAME+DOB+ADDRESS+SSN (Ambiguous),2530
+DOB+SSN+DRLIC+PASSPORT,2523
+PNAME+DOB+PHONE+ACCT_NUM (Ambiguous),2520
+PNAME+SSN+DRLIC (Ambiguous),2504
+NAME+PHONE+SSN+DRLIC (Ambiguous),2471
+SURNAME+DOB+SSN+PASSPORT,2468
+PNAME+ADDRESS-DOB-SSN-DRLIC-PASSPORT,2463
+NAME+ADDRESS+PHONE+PASSPORT+ACCT_NUM (Ambiguous),2454
+DOB+PHONE+SSN+DRLIC+PASSPORT,2454
+NAME+DOB+ADDRESS+PHONE+ACCT_NUM (Ambiguous),2441
+PNAME+DOB+ADDRESS+PHONE (Ambiguous),2389
+SURNAME+PASSPORT+ACCT_NUM,2379
+PNAME+DOB+PHONE+SSN (Ambiguous),2361
+SURNAME+DOB+PHONE+SSN+DRLIC+ACCT_NUM,2308
+NAME+DOB+ADDRESS+PHONE+SSN+PASSPORT+ACCT_NUM (Ambiguous),2304
+PNAME+ADDRESS+PHONE+PASSPORT+ACCT_NUM (Ambiguous),2283
+PNAME+ADDRESS+PHONE+DRLIC+PASSPORT,2279
+ADDRESS-GENERATION-GENDER-SSN-PASSPORT,2266
+ADDRESS-GENERATION-DOB-SSN-DRLIC-PASSPORT,2239
+PNAME+DOB+SSN (Ambiguous),2235
+PHONE-DOB-DRLIC,2221
+PNAME+ADDRESS-DOB-PASSPORT,2218
+PNAME+DOB+ADDRESS+ACCT_NUM (Ambiguous),2217
+SURNAME+PHONE+DRLIC+PASSPORT+ACCT_NUM,2198
+DRLIC+PASSPORT+ACCT_NUM,2198
+SURNAME+DOB+ADDRESS+SSN+PASSPORT+ACCT_NUM,2194
+SURNAME+ADDRESS+DRLIC+PASSPORT+ACCT_NUM,2138
-DOB-SSN,2116
+PNAME+PHONE+DRLIC (Ambiguous),2113
+PHONE-GENDER-SSN-DRLIC-PASSPORT,2068
+ADDRESS-GENERATION-DOB-GENDER-SSN-DRLIC-PASSPORT,2067
+NAME+DOB+PHONE+SSN (Ambiguous),2060
+SURNAME+DOB+PHONE+DRLIC+PASSPORT,2055
+NAME+ADDRESS+SSN+DRLIC (Ambiguous),2047
+NAME+DOB+ADDRESS+PHONE+SSN+PASSPORT (Ambiguous),2047
+PNAME+DOB+ADDRESS+PHONE+SSN+PASSPORT+ACCT_NUM (Ambiguous),2037
+PNAME+DOB+ADDRESS+PHONE+SSN+PASSPORT (Ambiguous),2029
+PNAME+ADDRESS-SSN-DRLIC,2026
+NAME+DOB+ADDRESS+PHONE+SSN+DRLIC+PASSPORT+ACCT_NUM (Ambiguous),2025
+PNAME+DOB+PHONE+SSN+ACCT_NUM (Ambiguous),2010
+PNAME+SSN+PASSPORT (Ambiguous),2009
+SURNAME+ADDRESS-DOB-SSN,2002
+SURNAME+DOB+ADDRESS+PHONE+SSN+DRLIC+PASSPORT,2001
+LOGIN_ID-DOB-GENDER-DRLIC,1997
-GENDER-SSN,1984
+NAME+DOB+ADDRESS+SSN (Ambiguous),1975
+PNAME+DOB+ADDRESS+SSN+ACCT_NUM (Ambiguous),1974
+PNAME+ADDRESS+PHONE+SSN+DRLIC+PASSPORT (Ambiguous),1963
+SURNAME+DOB+SSN+DRLIC+ACCT_NUM,1952
+NAME+PHONE+SSN+PASSPORT (Ambiguous),1914
+LOGIN_ID-DRLIC-PASSPORT,1904
+SURNAME+ADDRESS-DOB-SSN-PASSPORT,1883
+PNAME+PHONE+SSN+DRLIC+ACCT_NUM (Ambiguous),1879
+PNAME+DOB+ACCT_NUM (Ambiguous),1878
+SURNAME+SSN+DRLIC+PASSPORT,1876
+SURNAME+DOB+ADDRESS+DRLIC+PASSPORT,1871
+PNAME+ADDRESS-GENDER-SSN,1864
+DOB+DRLIC+PASSPORT,1853
+PNAME+ADDRESS-DOB-SSN-DRLIC,1846
+SURNAME+DOB+ADDRESS+PHONE+SSN+DRLIC+PASSPORT+ACCT_NUM,1819
+NAME+ADDRESS+PHONE,1812
+NAME+ADDRESS+PHONE+DRLIC+PASSPORT+ACCT_NUM (Ambiguous),1789
+SURNAME+ADDRESS-GENDER-SSN,1788
+LIKELY_NAME+ADDRESS+PHONE,1769
+DOB+SSN+DRLIC+PASSPORT+ACCT_NUM,1746
+NAME+ADDRESS+PHONE+SSN+DRLIC+PASSPORT (Ambiguous),1745
+DOB+PHONE+SSN+DRLIC+PASSPORT+ACCT_NUM,1702
+NAME+DOB+PHONE+SSN+ACCT_NUM (Ambiguous),1696
,1690
+ADDRESS-GENERATION-DOB,1689
+SURNAME+ADDRESS-DOB-GENDER-SSN-PASSPORT,1689
+PNAME+ADDRESS+DRLIC (Ambiguous),1684
+SURNAME+DOB+PASSPORT,1682
+NAME+DOB+ADDRESS+SSN+ACCT_NUM (Ambiguous),1652
+NAME+ADDRESS+SSN+PASSPORT (Ambiguous),1651
+PNAME+ADDRESS+SSN+DRLIC+ACCT_NUM (Ambiguous),1638
+SURNAME+DOB+PHONE+SSN+PASSPORT+ACCT_NUM,1624
+SURNAME+DRLIC+PASSPORT,1606
+NAME+ADDRESS+PHONE+SSN+DRLIC+PASSPORT+ACCT_NUM (Ambiguous),1600
+NAME+DOB-GENDER-DRLIC-PASSPORT,1582
+NAME+PHONE+DRLIC (Ambiguous),1542
+PNAME+DOB+ADDRESS+PHONE+SSN+DRLIC+PASSPORT+ACCT_NUM (Ambiguous),1535
+SURNAME+DOB+ADDRESS+SSN+DRLIC+PASSPORT,1533
+ADDRESS-GENERATION-GENDER,1526
+PASSPORT-SSN,1523
+NAME+DOB+SSN (Ambiguous),1519
+NAME+SSN+DRLIC (Ambiguous),1511
+SURNAME+DOB+SSN+PASSPORT+ACCT_NUM,1510
+PNAME+ADDRESS-DOB-GENDER-SSN-PASSPORT,1509
+PNAME+ADDRESS+PHONE+SSN+DRLIC+PASSPORT+ACCT_NUM (Ambiguous),1492
+PNAME+PHONE-SSN,1486
+PNAME+PHONE+PASSPORT (Ambiguous),1479
+PNAME+ADDRESS-GENDER,1473
+NAME+DOB-GENERATION-SSN-PASSPORT,1465
+NAME+DOB+PHONE (Ambiguous),1458
+PHONE-DOB-GENDER-DRLIC,1442
+PHONE-DRLIC-PASSPORT,1436
+PNAME+DOB+ADDRESS+PHONE+DRLIC (Ambiguous),1435
+NAME+DOB+ADDRESS+PHONE+SSN+DRLIC+PASSPORT (Ambiguous),1427
+PNAME+PHONE+SSN+PASSPORT+ACCT_NUM (Ambiguous),1426
+SURNAME+DOB+PHONE+DRLIC+PASSPORT+ACCT_NUM,1423
+NAME+DOB+PHONE+ACCT_NUM (Ambiguous),1422
+PNAME+DRLIC-SSN,1418
+NAME+ADDRESS+PHONE+DRLIC+PASSPORT (Ambiguous),1409
+SURNAME+DOB+ADDRESS+DRLIC+PASSPORT+ACCT_NUM,1402
+SURNAME+DOB+DRLIC+ACCT_NUM,1392
+PNAME+ADDRESS-DOB-GENDER-SSN,1390
+NAME+PHONE+DRLIC+ACCT_NUM (Ambiguous),1370
+NAME+DOB+ADDRESS (Ambiguous),1357
-SSN-PASSPORT,1354
+NAME+PHONE+SSN+DRLIC+ACCT_NUM (Ambiguous),1351
+SURNAME+ADDRESS-DOB-GENDER-SSN,1347
+PNAME+PHONE+DRLIC+ACCT_NUM (Ambiguous),1342
+NAME+ADDRESS+DRLIC (Ambiguous),1341
+PNAME+DOB+SSN+ACCT_NUM (Ambiguous),1339
+PNAME+DOB+ADDRESS+PHONE+SSN+DRLIC+PASSPORT (Ambiguous),1314
+NAME+DOB (Ambiguous),1310
+PNAME+ADDRESS+SSN+PASSPORT+ACCT_NUM (Ambiguous),1303
+PASSPORT-DOB-SSN,1301
+PNAME+ADDRESS-DRLIC,1300
+SURNAME+ADDRESS-GENDER,1290
+NAME+PHONE+PASSPORT (Ambiguous),1281
+PNAME+ADDRESS+PASSPORT (Ambiguous),1271
-DOB-GENDER-SSN,1263
+PNAME+SSN-DOB,1258
+SURNAME+DOB+ADDRESS+SSN+DRLIC+PASSPORT+ACCT_NUM,1222
+LOGIN_ID-DOB-DRLIC-PASSPORT,1218
+PNAME+ADDRESS+PHONE+DRLIC+PASSPORT (Ambiguous),1211
+NAME+DOB+ADDRESS+ACCT_NUM (Ambiguous),1203
+NAME+ADDRESS+SSN+DRLIC+ACCT_NUM (Ambiguous),1201
+NAME+PHONE,1192
+LIKELY_NAME+PHONE+SSN,1178
+SURNAME+SSN+DRLIC+PASSPORT+ACCT_NUM,1175
+NAME+SSN+PASSPORT (Ambiguous),1162
+PNAME+DRLIC-DOB-SSN-PASSPORT,1153
+PNAME+PHONE+PASSPORT+ACCT_NUM (Ambiguous),1150
+PNAME+DOB+ADDRESS+PHONE+PASSPORT (Ambiguous),1149
+SURNAME+DOB+PASSPORT+ACCT_NUM,1144
+PNAME+DOB+ADDRESS+PHONE+DRLIC+ACCT_NUM (Ambiguous),1142
-DOB,1136
+DOB+DRLIC+PASSPORT+ACCT_NUM,1134
+SURNAME+ADDRESS-SSN-PASSPORT,1134
+LIKELY_NAME+ADDRESS+SSN,1110
+NAME+ADDRESS+DRLIC+ACCT_NUM (Ambiguous),1093
+NAME+DOB+ADDRESS+PHONE+DRLIC (Ambiguous),1092
+SURNAME+DOB+SSN+DRLIC+PASSPORT,1090
+NAME+ADDRESS+PASSPORT (Ambiguous),1088
+PNAME+DRLIC-DOB-SSN,1078
+PNAME+DOB+PASSPORT,1076
+PNAME+ADDRESS-SSN-DRLIC-PASSPORT,1073
+PNAME+ADDRESS+PHONE+DRLIC+PASSPORT+ACCT_NUM (Ambiguous),1069
+LOGIN_ID-GENDER-DRLIC-PASSPORT,1063
+ADDRESS-GENERATION-DOB-GENDER,1057
+SURNAME+DOB+PHONE+SSN+DRLIC+PASSPORT,1051
+SURNAME+ADDRESS-DOB,1049
+PNAME+ADDRESS+DRLIC+ACCT_NUM (Ambiguous),1041
+NAME+PHONE+SSN+PASSPORT+ACCT_NUM (Ambiguous),1039
+NAME+ACCT_NUM (Ambiguous),1038
+PNAME+SSN+DRLIC+ACCT_NUM (Ambiguous),1038
+NAME+DOB+SSN+ACCT_NUM (Ambiguous),1038
+NAME+DOB+ADDRESS+PHONE,1021
-GENDER,1014
+PNAME+DOB+ADDRESS+SSN+DRLIC (Ambiguous),1010
+PNAME+DOB+PHONE+SSN+DRLIC (Ambiguous),1006
+ADDRESS-GENERATION-PASSPORT,1000
+NAME+ADDRESS-SSN,991
+DOB+ADDRESS-SSN,983
+PHONE-DOB-DRLIC-PASSPORT,974
+PASSPORT-DOB-GENDER-SSN,973
+DRLIC-GENERATION-DOB-GENDER-SSN-PASSPORT,973
+NAME+DOB+ACCT_NUM (Ambiguous),967
-DOB-SSN-PASSPORT,965
+PNAME+PHONE-DOB-SSN-PASSPORT,961
+NAME+ADDRESS+SSN+PASSPORT+ACCT_NUM (Ambiguous),943
+DRLIC-GENERATION-DOB-SSN-PASSPORT,939
+NAME+PHONE+PASSPORT+ACCT_NUM (Ambiguous),937
+NAME+DOB+ADDRESS+PHONE+DRLIC+ACCT_NUM (Ambiguous),926
+PNAME+SSN-DOB-PASSPORT,921
+NAME+ADDRESS,921
+NAME+DOB+ADDRESS+SSN+DRLIC (Ambiguous),920
+PNAME+SSN+PASSPORT+ACCT_NUM (Ambiguous),919
+PNAME+DOB+PHONE+DRLIC (Ambiguous),917
+PHONE-GENDER-DRLIC-PASSPORT,914
-GENDER-SSN-PASSPORT,912
+NAME+DOB+PHONE+SSN+DRLIC (Ambiguous),904
+PNAME+ADDRESS-GENDER-SSN-PASSPORT,904
+NAME+DOB-GENERATION-SSN,902
+NAME+ADDRESS+PHONE+SSN,901
+ADDRESS-GENERATION-DOB-SSN-DRLIC,893
+PNAME+ADDRESS+PASSPORT+ACCT_NUM (Ambiguous),890
+NAME+DOB+ADDRESS+PHONE+PASSPORT (Ambiguous),889
+PNAME+PHONE+SSN+DRLIC+PASSPORT (Ambiguous),888
+ADDRESS-GENERATION-DOB-PASSPORT,875
+PNAME+DOB+PHONE+SSN+DRLIC+ACCT_NUM (Ambiguous),871
+PASSPORT-GENDER-SSN,865
+PNAME+PHONE-DOB-SSN,863
+PNAME+DOB+ADDRESS+PHONE+PASSPORT+ACCT_NUM (Ambiguous),857
+SURNAME+ADDRESS-GENDER-SSN-PASSPORT,827
+PNAME+DOB+ADDRESS+SSN+DRLIC+ACCT_NUM (Ambiguous),826
+PNAME+DOB+ADDRESS+SSN+PASSPORT (Ambiguous),822
+PNAME+ADDRESS-DOB-GENDER,821
+NAME+DOB+PHONE+SSN+DRLIC+ACCT_NUM (Ambiguous),814
+LOGIN_ID-DOB-GENDER-DRLIC-PASSPORT,812
+SURNAME+DRLIC+PASSPORT+ACCT_NUM,811
+SURNAME+DOB+PHONE+SSN+DRLIC+PASSPORT+ACCT_NUM,807
+LIKELY_NAME+PHONE,807
+ADDRESS-GENERATION-DOB-GENDER-SSN-DRLIC,803
+PNAME+DOB+ADDRESS+DRLIC (Ambiguous),802
+SURNAME+DOB+SSN+DRLIC+PASSPORT+ACCT_NUM,800
+PNAME+ADDRESS+SSN+DRLIC+PASSPORT (Ambiguous),787
+SURNAME+DOB+DRLIC+PASSPORT,767
+NAME+SSN+DRLIC+ACCT_NUM (Ambiguous),766
+PNAME+DOB+PHONE+SSN+PASSPORT (Ambiguous),761
+PNAME+SSN+PASSPORT,756
+DOB+SSN-GENDER,755
+NAME+ADDRESS+PHONE+DRLIC,752
+NAME+DOB+PHONE+SSN+PASSPORT (Ambiguous),748
-DOB-GENDER,747
+NAME+ADDRESS+PASSPORT+ACCT_NUM (Ambiguous),747
+PNAME+DOB+PHONE+PASSPORT (Ambiguous),747
+DOB+ADDRESS-SSN-PASSPORT,745
+SSN-GENERATION-DOB-PASSPORT,733
+NAME+DOB+ADDRESS+PHONE+PASSPORT+ACCT_NUM (Ambiguous),728
+SURNAME+PHONE-DOB-SSN-PASSPORT,722
+NAME+DOB+ADDRESS+SSN+DRLIC+ACCT_NUM (Ambiguous),712
+PNAME+DOB+ADDRESS+PASSPORT (Ambiguous),711
-PASSPORT,707
+NAME+DOB+ADDRESS+SSN+PASSPORT (Ambiguous),705
+LIKELY_NAME+ADDRESS,705
+ADDRESS-GENERATION-DOB-GENDER-PASSPORT,702
+PNAME+ADDRESS-DOB-DRLIC,690
+NAME+ADDRESS-DOB-SSN,688
+LIKELY_NAME+PHONE+SSN+ACCT_NUM,678
+SSN-GENERATION-DOB-GENDER-PASSPORT,675
+PHONE-DOB-GENDER-DRLIC-PASSPORT,668
+SURNAME+PHONE-DOB-GENDER-SSN-PASSPORT,667
+NAME+SSN+PASSPORT+ACCT_NUM (Ambiguous),661
+NAME+PHONE+SSN+DRLIC+PASSPORT (Ambiguous),660
+SURNAME+ADDRESS-DOB-GENDER,651
+NAME+PHONE-SSN,645
+PNAME+DOB+SSN+DRLIC (Ambiguous),642
+ADDRESS-GENERATION-GENDER-PASSPORT,640
+PNAME+DOB+PHONE+DRLIC+ACCT_NUM (Ambiguous),638
+PNAME+DRLIC-SSN-PASSPORT,637
+PNAME+DOB+ADDRESS+SSN+PASSPORT+ACCT_NUM (Ambiguous),636
+ADDRESS-GENERATION-SSN-DRLIC,635
+PNAME+DOB+DRLIC (Ambiguous),632
+DOB+ADDRESS-GENDER-SSN,631
+DOB+SSN-PASSPORT,631
+NAME+DOB+PHONE+SSN+PASSPORT+ACCT_NUM (Ambiguous),629
+PNAME+PHONE-GENDER-SSN,629
+PNAME+ADDRESS+PHONE+SSN,626
+NAME+DOB+ADDRESS+SSN+PASSPORT+ACCT_NUM (Ambiguous),625
+PNAME+PHONE-SSN-PASSPORT,624
+LIKELY_NAME+PHONE+ACCT_NUM,621
+PNAME+SSN-PASSPORT,618
+SURNAME+ADDRESS-PASSPORT,617
+NAME+ADDRESS-DOB-SSN-PASSPORT,616
+PNAME+DOB+PHONE+SSN+PASSPORT+ACCT_NUM (Ambiguous),616
+DOB+ADDRESS-GENDER-SSN-PASSPORT,616
+LIKELY_NAME+ADDRESS+SSN+ACCT_NUM,612
-DOB-GENDER-SSN-PASSPORT,609
+NAME+DOB+SSN+DRLIC (Ambiguous),604
+PNAME+DOB+DRLIC+PASSPORT,598
+NAME+DOB+PHONE+DRLIC (Ambiguous),575
+NAME+ADDRESS+SSN+DRLIC+PASSPORT (Ambiguous),570
+PNAME+PHONE-DOB,561
+NAME+DOB+ADDRESS+DRLIC (Ambiguous),552
+PNAME+DOB+SSN+PASSPORT (Ambiguous),550
+PNAME+DOB+ADDRESS+DRLIC+ACCT_NUM (Ambiguous),547
+PNAME+PHONE+DRLIC+PASSPORT (Ambiguous),546
+PNAME+DOB+PASSPORT (Ambiguous),544
+PASSPORT-DOB,542
+PNAME+SSN+DRLIC+PASSPORT (Ambiguous),542
+LIKELY_NAME+ADDRESS+ACCT_NUM,542
+ADDRESS-GENERATION-SSN-DRLIC-PASSPORT,537
+LIKELY_NAME+SSN,536
-DOB-PASSPORT,534
+NAME+PHONE+DRLIC+PASSPORT (Ambiguous),530
+PASSPORT-GENDER,527
+PNAME+SSN+DRLIC+PASSPORT,521
+DRLIC-GENERATION-DOB-SSN,517
+NAME+DOB+PHONE,516
+NAME+DOB+PHONE+PASSPORT (Ambiguous),512
+SSN-GENERATION,511
+PNAME+ADDRESS+DRLIC+PASSPORT (Ambiguous),503
+PNAME+PHONE-GENDER,496
+NAME+PHONE+DRLIC+PASSPORT+ACCT_NUM (Ambiguous),495
+DOB+SSN-GENDER-PASSPORT,490
+PNAME+DOB+PHONE+PASSPORT+ACCT_NUM (Ambiguous),489
+PNAME+DRLIC-DOB,487
-SSN-DRLIC,484
+SURNAME+DOB+DRLIC+PASSPORT+ACCT_NUM,481
+PNAME+ADDRESS+SSN+DRLIC+PASSPORT+ACCT_NUM (Ambiguous),480
+NAME+DOB+ADDRESS+PHONE+SSN,479
-GENDER-PASSPORT,477
+NAME+ADDRESS+PHONE+ACCT_NUM,474
+PNAME+PHONE+SSN+DRLIC+PASSPORT+ACCT_NUM (Ambiguous),474
+NAME+PHONE-DOB-SSN-PASSPORT,471
+SSN-GENERATION-DOB,469
+LIKELY_NAME+PHONE+SSN+DRLIC,464
+NAME+DOB+ADDRESS,463
+ADDRESS-GENERATION-GENDER-SSN-DRLIC-PASSPORT,458
+NAME+PHONE+SSN,456
+NAME+ADDRESS+DRLIC+PASSPORT (Ambiguous),447
+NAME+PHONE+SSN+DRLIC+PASSPORT+ACCT_NUM (Ambiguous),446
+LIKELY_NAME+ADDRESS+SSN+DRLIC,445
+PNAME+ADDRESS-GENDER-PASSPORT,443
+NAME+PHONE-DOB-SSN,437
+NAME+DRLIC (Ambiguous),435
+NAME+ADDRESS+SSN+DRLIC+PASSPORT+ACCT_NUM (Ambiguous),426
+NAME+ADDRESS+PHONE+PASSPORT,421
+NAME+DOB+SSN+PASSPORT (Ambiguous),421
+DRLIC-GENERATION-DOB-GENDER-SSN,418
+ADDRESS-GENERATION-GENDER-SSN-DRLIC,416
+PNAME+ADDRESS-DRLIC-PASSPORT,416
+NAME+DOB+PHONE+DRLIC+ACCT_NUM (Ambiguous),415
+LIKELY_NAME+ACCT_NUM,415
+PNAME+DOB+ADDRESS+PASSPORT+ACCT_NUM (Ambiguous),413
+PNAME+DOB+DRLIC+ACCT_NUM (Ambiguous),411
+LIKELY_NAME+PHONE+DRLIC,410
+PNAME+LOGIN_ID-SSN,405
+NAME+DOB+SSN+DRLIC+ACCT_NUM (Ambiguous),405
+SURNAME+ADDRESS-DOB-PASSPORT,401
+DRLIC-GENERATION-SSN,399
+PNAME+DOB+PHONE+SSN+DRLIC+PASSPORT (Ambiguous),397
+NAME+ADDRESS-SSN-PASSPORT,396
+NAME+SSN+DRLIC+PASSPORT (Ambiguous),391
+PNAME+DOB+SSN+DRLIC+ACCT_NUM (Ambiguous),390
+NAME+ACCT_NUM,390
+NAME+ADDRESS+DRLIC+PASSPORT+ACCT_NUM (Ambiguous),389
+PNAME+LOGIN_ID,389
+NAME+DOB+ADDRESS+PASSPORT (Ambiguous),389
+PNAME+DOB+ADDRESS+SSN+DRLIC+PASSPORT (Ambiguous),389
+NAME+DOB+PHONE+SSN+DRLIC+PASSPORT (Ambiguous),387
+SSN-GENERATION-DOB-GENDER,386
+PNAME+DOB+ADDRESS+PHONE+DRLIC+PASSPORT (Ambiguous),386
+NAME+DOB+ADDRESS+PHONE+DRLIC+PASSPORT (Ambiguous),385
+SURNAME+ADDRESS-DOB-SSN-DRLIC-PASSPORT,383
+NAME+DOB+ADDRESS+DRLIC+ACCT_NUM (Ambiguous),381
+NAME+ADDRESS-DOB,381
+NAME+PHONE+DRLIC,381
+PNAME+PHONE-DOB-GENDER-SSN-PASSPORT,378
+PNAME+PHONE+DRLIC+PASSPORT+ACCT_NUM (Ambiguous),376
+PNAME+PHONE-DOB-GENDER-SSN,372
+NAME+SSN,370
+SURNAME+ADDRESS-GENDER-PASSPORT,365
+NAME+DOB+ADDRESS+PHONE+DRLIC+PASSPORT+ACCT_NUM (Ambiguous),364
+NAME+DOB+ADDRESS+PHONE+DRLIC,364
+NAME+DOB+ADDRESS+SSN+DRLIC+PASSPORT (Ambiguous),364
+NAME+DOB+DRLIC (Ambiguous),363
+NAME+DOB-GENERATION,362
+PNAME+DOB+PHONE+SSN+DRLIC+PASSPORT+ACCT_NUM (Ambiguous),361
+PNAME+PHONE-PASSPORT,356
+SURNAME+ADDRESS-SSN-DRLIC,353
+PNAME+DOB+ADDRESS+SSN+DRLIC+PASSPORT+ACCT_NUM (Ambiguous),352
+SURNAME+ADDRESS-DOB-GENDER-SSN-DRLIC-PASSPORT,351
+PNAME+DOB+ADDRESS+PHONE+DRLIC+PASSPORT+ACCT_NUM (Ambiguous),351
+PNAME+SSN-GENDER,351
+NAME+DOB+PHONE+SSN+DRLIC+PASSPORT+ACCT_NUM (Ambiguous),351
+NAME+ADDRESS+SSN,347
+SSN-GENERATION-GENDER,342
+LIKELY_NAME+DOB+PHONE,341
+NAME+DOB+SSN+PASSPORT+ACCT_NUM (Ambiguous),341
+LIKELY_NAME+ADDRESS+DRLIC,340
+PASSPORT-DOB-GENDER,333
+NAME+DOB+PHONE+PASSPORT+ACCT_NUM (Ambiguous),332
+LIKELY_NAME+DOB+ADDRESS,327
+PNAME+DRLIC-PASSPORT,326
-DOB-SSN-DRLIC,326
+LIKELY_NAME+SSN+ACCT_NUM,324
+SSN-GENERATION-PASSPORT,323
+PNAME+ADDRESS-DOB-GENDER-SSN-DRLIC-PASSPORT,322
+NAME+PASSPORT (Ambiguous),322
+NAME+DOB-GENERATION-GENDER-SSN-PASSPORT,320
+SURNAME+ADDRESS-DOB-SSN-DRLIC,320
+LIKELY_NAME+PHONE+SSN+PASSPORT,319
+PNAME+DOB+SSN+PASSPORT+ACCT_NUM (Ambiguous),318
+PNAME+ADDRESS-DOB-DRLIC-PASSPORT,318
+NAME+DRLIC+ACCT_NUM (Ambiguous),317
+LIKELY_NAME+ADDRESS+SSN+PASSPORT,316
+DOB+ADDRESS-GENDER,313
-GENDER-SSN-DRLIC,307
+DRLIC-GENERATION-SSN-PASSPORT,306
+DRLIC-GENERATION-GENDER-SSN,303
+LIKELY_NAME+ADDRESS+PHONE+DRLIC,301
+SURNAME+PHONE-DOB-SSN,300
+NAME+DOB+ADDRESS+SSN+DRLIC+PASSPORT+ACCT_NUM (Ambiguous),297
+NAME+DOB+ADDRESS+PASSPORT+ACCT_NUM (Ambiguous),296
+LIKELY_NAME+DOB+PHONE+ACCT_NUM,296
+NAME+DOB+PASSPORT (Ambiguous),295
+PNAME+ADDRESS+DRLIC+PASSPORT+ACCT_NUM (Ambiguous),294
+NAME+ADDRESS+DRLIC,292
-DOB-GENDER-PASSPORT,288
+NAME+DOB+DRLIC+ACCT_NUM (Ambiguous),287
+PNAME+DOB+PASSPORT+ACCT_NUM (Ambiguous),285
-DRLIC,282
+PNAME+ADDRESS-DOB-GENDER-PASSPORT,281
+NAME+DOB-GENERATION-SSN-DRLIC-PASSPORT,280
+ADDRESS-GENERATION-DRLIC,274
+LIKELY_NAME+PHONE+PASSPORT,273
+LIKELY_NAME+ADDRESS+SSN+DRLIC+ACCT_NUM,272
+PNAME+LOGIN_ID-DOB-SSN,270
+NAME+ADDRESS+PHONE+SSN+DRLIC,266
+SURNAME+SSN-DOB,264
+NAME+ADDRESS-GENDER-SSN,263
+SURNAME+ADDRESS-DOB-GENDER-PASSPORT,262
+PNAME+PHONE-GENDER-SSN-PASSPORT,260
+DRLIC-GENERATION-GENDER-SSN-PASSPORT,259
+NAME+ADDRESS-GENDER,256
+LIKELY_NAME+PHONE+SSN+DRLIC+ACCT_NUM,256
+SURNAME+SSN-GENDER,255
+SURNAME+ADDRESS-DRLIC,255
+NAME+PHONE-SSN-PASSPORT,248
+NAME+PHONE-DOB,245
+NAME+PHONE+ACCT_NUM,245
+PNAME+SSN-DRLIC,244
+PNAME+DOB+ADDRESS+DRLIC+PASSPORT (Ambiguous),240
+PNAME+SSN+DRLIC+PASSPORT+ACCT_NUM (Ambiguous),240
+PNAME+DOB+PHONE+DRLIC+PASSPORT (Ambiguous),239
+PNAME+PHONE+SSN,239
+SURNAME+PHONE-SSN,238
+PNAME+ADDRESS-GENDER-SSN-DRLIC,237
+NAME+ADDRESS-PASSPORT,236
+SURNAME+DRLIC-SSN,235
+LIKELY_NAME+SSN+DRLIC,232
+SURNAME+ADDRESS-GENDER-SSN-DRLIC,231
+PASSPORT-DOB-SSN-DRLIC,230
+PNAME+ADDRESS-DOB-GENDER-SSN-DRLIC,229
+NAME+ADDRESS+PHONE-DRLIC,228
+SURNAME+PHONE-DOB-GENDER-SSN,225
+LIKELY_NAME+DRLIC,224
+LIKELY_NAME+PHONE+SSN+PASSPORT+ACCT_NUM,224
+SSN-GENERATION-GENDER-PASSPORT,223
+LIKELY_NAME+PHONE+DRLIC+ACCT_NUM,222
-SSN-DRLIC-PASSPORT,222
+LIKELY_NAME+ADDRESS+PASSPORT,221
+LIKELY_NAME+DOB+ADDRESS+ACCT_NUM,221
+ADDRESS-GENERATION-DOB-DRLIC,220
+DRLIC-GENERATION,220
+NAME+DOB+PHONE+DRLIC+PASSPORT (Ambiguous),220
+PNAME+PHONE-DOB-GENDER,216
+SURNAME+ADDRESS-DOB-GENDER-SSN-DRLIC,215
+NAME+PASSPORT+ACCT_NUM (Ambiguous),214
+PNAME+PHONE-DOB-PASSPORT,214
+PNAME+DRLIC-DOB-PASSPORT,213
+NAME+DOB+PASSPORT+ACCT_NUM (Ambiguous),211
+PNAME+SSN-DOB-DRLIC-PASSPORT,210
+PNAME+ADDRESS+SSN,209
+NAME+SSN+DRLIC+PASSPORT+ACCT_NUM (Ambiguous),208
+NAME+ADDRESS+PHONE+DRLIC+ACCT_NUM,205
+ADDRESS-GENERATION-GENDER-DRLIC,203
+LIKELY_NAME+ADDRESS+SSN+PASSPORT+ACCT_NUM,202
+DOB+ADDRESS-PASSPORT,202
+PASSPORT-SSN-DRLIC,201
+ADDRESS+PHONE+SSN+LOGIN_ID,199
+LIKELY_NAME+ADDRESS+DRLIC+ACCT_NUM,197
-DOB-GENDER-SSN-DRLIC,197
+PNAME+LOGIN_ID-DOB-SSN-PASSPORT,196
+NAME+ADDRESS+ACCT_NUM,195
+PNAME+SSN-DOB-GENDER,195
+NAME+PHONE+PASSPORT,195
+NAME+DOB-GENERATION-PASSPORT,194
+PNAME+PHONE-SSN-DRLIC,191
+PNAME+DOB+SSN+DRLIC+PASSPORT (Ambiguous),188
+NAME+DOB+SSN+DRLIC+PASSPORT (Ambiguous),187
+LIKELY_NAME+DOB+PHONE+DRLIC,187
+LIKELY_NAME+DOB+ADDRESS+DRLIC,184
+SURNAME+SSN-DOB-PASSPORT,183
+NAME+DOB-GENERATION-GENDER-SSN,182
+PNAME+PHONE-DOB-SSN-DRLIC-PASSPORT,182
+NAME+DOB+ADDRESS+PHONE-DRLIC,182
+NAME+ADDRESS+PASSPORT,179
+PNAME+DOB+ADDRESS+PHONE+SSN,178
+NAME+ADDRESS+PHONE+SSN-DRLIC,178
+SURNAME+SSN-DOB-GENDER,177
+LIKELY_NAME+DOB+PHONE+SSN,177
+LIKELY_NAME+SSN+PASSPORT,176
+DRLIC-GENERATION-DOB,175
+ADDRESS+PHONE+LOGIN_ID,173
+SSN-GENERATION-DOB-DRLIC-PASSPORT,173
+PNAME+PHONE-DRLIC,173
+SURNAME+SSN-DOB-GENDER-PASSPORT,173
+PNAME+ADDRESS-GENDER-DRLIC,170
+SURNAME+DRLIC-DOB-SSN-PASSPORT,168
-DOB-DRLIC,168
+NAME+ADDRESS-DOB-GENDER-SSN,167
+NAME+DOB+ADDRESS+PHONE+SSN+DRLIC,167
+DRLIC-GENERATION-GENDER,166
+PASSPORT-DOB-GENDER-SSN-DRLIC,166
+SURNAME+DRLIC-DOB-SSN,165
+PHONE-GENERATION-DOB-SSN-PASSPORT,165
+NAME+ADDRESS+PHONE+SSN+PASSPORT,164
-GENDER-DRLIC,163
+LIKELY_NAME+PHONE+PASSPORT+ACCT_NUM,162
+NAME+ADDRESS-DRLIC,160
+SURNAME+ADDRESS-SSN-DRLIC-PASSPORT,160
+SURNAME+PHONE-SSN-PASSPORT,159
+PNAME+SSN-DOB-DRLIC,159
+PNAME+DOB+DRLIC+PASSPORT (Ambiguous),158
+NAME+DOB+ADDRESS+SSN,157
+SURNAME+PHONE-GENDER-SSN,156
+PNAME+PHONE-DOB-SSN-DRLIC,155
+DOB+SSN-DRLIC,155
+NAME+DOB-GENERATION-SSN-DRLIC,155
+NAME+DOB+SSN+DRLIC+PASSPORT+ACCT_NUM (Ambiguous),155
+NAME+PHONE-GENDER,154
+SURNAME+PHONE-DOB-SSN-DRLIC-PASSPORT,153
+PNAME+LOGIN_ID-SSN-PASSPORT,153
+NAME+ADDRESS+PHONE+ACCT_NUM-DRLIC,153
+SURNAME+SSN-PASSPORT,152
+LOGIN_ID-GENERATION-DOB-SSN-PASSPORT,152
+DOB+ADDRESS-SSN-DRLIC,151
+SURNAME+ADDRESS-GENDER-SSN-DRLIC-PASSPORT,150
+NAME+PHONE-GENDER-SSN,150
+PNAME+PHONE-GENDER-PASSPORT,149
+SSN-GENERATION-DOB-GENDER-DRLIC-PASSPORT,148
+SURNAME+DRLIC-GENDER-SSN,147
+NAME+DOB+PHONE+SSN,147
+NAME+DOB+ADDRESS+DRLIC+PASSPORT (Ambiguous),147
+PNAME+DOB+ADDRESS+DRLIC+PASSPORT+ACCT_NUM (Ambiguous),146
+NAME+ADDRESS+PHONE+PASSPORT+ACCT_NUM,146
+DOB+ADDRESS-SSN-DRLIC-PASSPORT,146
+PHONE-GENERATION-DOB-GENDER-SSN-PASSPORT,145
+PNAME+DOB+PHONE+DRLIC+PASSPORT+ACCT_NUM (Ambiguous),145
+SURNAME+PHONE-DOB-GENDER-SSN-DRLIC-PASSPORT,144
+ADDRESS-GENERATION-DOB-GENDER-DRLIC,144
+NAME+ADDRESS+PHONE+DRLIC+PASSPORT,144
+NAME+PHONE-PASSPORT,144
+SURNAME+ADDRESS-DOB-DRLIC,143
+LIKELY_NAME+DOB+ADDRESS+SSN,142
+LIKELY_NAME+DOB+PHONE+PASSPORT,142
+NAME+ADDRESS-DOB-GENDER-SSN-PASSPORT,142
+NAME+DOB+ADDRESS+PHONE+PASSPORT,141
+LIKELY_NAME+PHONE+SSN+DRLIC+PASSPORT,141
-DOB-SSN-DRLIC-PASSPORT,140
+NAME+DOB+PHONE+DRLIC+PASSPORT+ACCT_NUM (Ambiguous),139
+NAME+PHONE-DRLIC,138
+LIKELY_NAME+ADDRESS+SSN+DRLIC+PASSPORT,136
+PNAME+DOB+PHONE+SSN,136
+LOGIN_ID-GENERATION-DOB-GENDER-SSN-PASSPORT,135
+PNAME+SSN-GENDER-PASSPORT,135
+PNAME+ADDRESS+PHONE+SSN+DRLIC,135
+LIKELY_NAME+PASSPORT,134
+SURNAME+ADDRESS-GENDER-DRLIC,133
+DOB+ADDRESS-GENDER-PASSPORT,133
+PNAME+DRLIC-GENDER-SSN,133
+PNAME+DOB+ADDRESS+SSN,132
+PNAME+DOB+SSN+DRLIC+PASSPORT+ACCT_NUM (Ambiguous),132
-GENDER-SSN-DRLIC-PASSPORT,130
+ADDRESS-GENERATION-DOB-DRLIC-PASSPORT,129
+SURNAME+PHONE-GENDER-SSN-PASSPORT,127
+DOB+SSN-DRLIC-PASSPORT,127
+NAME+DOB+SSN,126
+PNAME+ADDRESS-GENDER-SSN-DRLIC-PASSPORT,125
+NAME+DOB+ADDRESS+PHONE-SSN,125
+NAME+SSN-DOB,124
+SURNAME+DRLIC-DOB-GENDER-SSN,123
+ADDRESS-GENERATION-DRLIC-PASSPORT,123
+PNAME+LOGIN_ID-DOB,123
+PNAME+ADDRESS+PHONE+ACCT_NUM,123
+LIKELY_NAME+ADDRESS+PASSPORT+ACCT_NUM,122
+SURNAME+DRLIC-DOB-GENDER-SSN-PASSPORT,122
+PASSPORT-GENDER-SSN-DRLIC,122
+PNAME+DRLIC-DOB-GENDER-SSN-PASSPORT,122
+NAME+DRLIC+PASSPORT (Ambiguous),121
+LIKELY_NAME+DOB+ACCT_NUM,121
+DOB+ADDRESS+PHONE+SSN (Ambiguous),120
+NAME+DOB+ADDRESS+DRLIC+PASSPORT+ACCT_NUM (Ambiguous),119
+PNAME+SSN-DOB-GENDER-PASSPORT,118
+LIKELY_NAME+SSN+DRLIC+ACCT_NUM,118
+DOB+ADDRESS-GENDER-SSN-DRLIC-PASSPORT,117
+DOB+SSN-GENDER-DRLIC,117
+NAME+ADDRESS-DOB-SSN-DRLIC-PASSPORT,116
+NAME+DRLIC+PASSPORT+ACCT_NUM (Ambiguous),114
+NAME+DOB+DRLIC+PASSPORT (Ambiguous),114
+NAME+ADDRESS-DOB-GENDER,114
+PNAME+ADDRESS-GENERATION-DOB-SSN-PASSPORT,114
+PASSPORT-DRLIC,113
+NAME+ADDRESS-DOB-PASSPORT,113
+LIKELY_NAME+PHONE+DRLIC+PASSPORT,113
+SURNAME+DRLIC-GENDER,112
+PHONE+LOGIN_ID,112
+NAME+DRLIC+ACCT_NUM,110
+NAME+PHONE-DOB-GENDER-SSN-PASSPORT,110
+NAME+ADDRESS-GENDER-SSN-PASSPORT,110
+NAME+PHONE-DOB-GENDER-SSN,110
+LIKELY_NAME+DOB+ADDRESS+PASSPORT,109
+LIKELY_NAME+DOB+PHONE+DRLIC+ACCT_NUM,109
+PNAME+SSN-DRLIC-PASSPORT,109
+PNAME+ADDRESS-DOB-GENDER-DRLIC,108
+NAME+ADDRESS-DOB-SSN-DRLIC,108
+PNAME+ADDRESS+PHONE+SSN-DRLIC,108
+DOB+ADDRESS+PHONE+SSN+DRLIC (Ambiguous),108
+DOB+ADDRESS-GENDER-SSN-DRLIC,107
+PNAME+DRLIC-GENDER,107
+NAME+DOB+ADDRESS+PHONE-SSN-PASSPORT,107
+LIKELY_NAME+PHONE+SSN+DRLIC+PASSPORT+ACCT_NUM,106
+SURNAME+DRLIC-SSN-PASSPORT,106
+PNAME+DRLIC-DOB-GENDER-SSN,105
-DOB-GENDER-DRLIC,104
+DRLIC-GENERATION-DOB-GENDER,104
+PNAME+LOGIN_ID-PASSPORT,103
+NAME+DOB+PHONE+DRLIC,103
+LIKELY_NAME+DOB+ADDRESS+DRLIC+ACCT_NUM,102
+SURNAME+DRLIC-DOB,102
+PHONE+SSN+LOGIN_ID,102
+NAME+ADDRESS-SSN-DRLIC,101
+NAME+DOB+ADDRESS+PHONE+SSN+PASSPORT,100
+LOGIN_ID-GENERATION-SSN,99
+LIKELY_NAME+ADDRESS+SSN+DRLIC+PASSPORT+ACCT_NUM,99
+LIKELY_NAME+DRLIC+ACCT_NUM,99
+NAME+ADDRESS+PHONE+PASSPORT-DRLIC,98
+LOGIN_ID-GENERATION-DOB-SSN,97
+LIKELY_NAME+ADDRESS+DRLIC+PASSPORT,97
+LIKELY_NAME+DOB+DRLIC,97
+DOB+ADDRESS+PHONE+SSN+ACCT_NUM (Ambiguous),96
+LIKELY_NAME+DOB+PHONE+PASSPORT+ACCT_NUM,96
+NAME+ADDRESS+SSN+DRLIC,96
+ADDRESS+PHONE+SSN+LOGIN_ID+ACCT_NUM,95
+NAME+PHONE+SSN+DRLIC,94
+SURNAME+SSN-GENDER-PASSPORT,94
+PNAME+PHONE-SSN-DRLIC-PASSPORT,93
+DRLIC-GENERATION-DOB-PASSPORT,93
+ADDRESS-GENERATION-GENDER-DRLIC-PASSPORT,93
+DOB+SSN-GENDER-DRLIC-PASSPORT,92
+DOB+DRLIC-SSN,92
+NAME+SSN+DRLIC,92
+ADDRESS-GENERATION-DOB-GENDER-DRLIC-PASSPORT,92
+NAME+SSN-DOB-PASSPORT,90
+NAME+PHONE-DOB-PASSPORT,89
+ADDRESS+SSN+LOGIN_ID,88
+NAME+ADDRESS+PHONE+DRLIC+PASSPORT+ACCT_NUM,88
+PNAME+ADDRESS+PHONE-DRLIC,88
+ADDRESS+LOGIN_ID,87
+SURNAME+LOGIN_ID-SSN,87
+PNAME+PHONE-DOB-GENDER-PASSPORT,85
+ADDRESS+PHONE+LOGIN_ID+ACCT_NUM,85
-DOB-GENDER-SSN-DRLIC-PASSPORT,84
+NAME+DOB-GENERATION-GENDER,84
+PHONE-GENERATION-DOB-GENDER-SSN,84
+SURNAME+PHONE-DOB,84
+NAME+PHONE-DOB-SSN-DRLIC-PASSPORT,83
+NAME+PHONE-SSN-DRLIC,83
+LIKELY_NAME+PASSPORT+ACCT_NUM,82
+SSN-GENERATION-DOB-DRLIC,82
+DRLIC-GENERATION-PASSPORT,81
-DRLIC-PASSPORT,81
+LIKELY_NAME+SSN+PASSPORT+ACCT_NUM,81
+NAME+DOB+DRLIC+PASSPORT+ACCT_NUM (Ambiguous),80
+NAME+DOB+ADDRESS+PHONE+SSN-DRLIC,80
+NAME+DOB+ADDRESS+DRLIC,80
+LIKELY_NAME+DOB+SSN,79
+PNAME+ADDRESS+ACCT_NUM,78
+LOGIN_ID-GENERATION-DOB-GENDER-SSN,78
+SSN-GENERATION-DRLIC,77
+SURNAME+ADDRESS+PHONE+SSN+LOGIN_ID,77
+NAME+ADDRESS+PHONE-SSN,77
+NAME+PASSPORT+ACCT_NUM,76
+PNAME+PHONE-DOB-GENDER-SSN-DRLIC-PASSPORT,75
+NAME+DOB-GENERATION-GENDER-SSN-DRLIC-PASSPORT,75
+SURNAME+ADDRESS-DOB-GENDER-DRLIC,75
+SSN-GENERATION-DOB-GENDER-DRLIC,75
+PNAME+PHONE-GENDER-SSN-DRLIC,75
+NAME+PHONE+DRLIC+ACCT_NUM,75
+LIKELY_NAME+DRLIC+PASSPORT,74
+NAME+PHONE+SSN-DRLIC,74
+SURNAME+ADDRESS-DRLIC-PASSPORT,74
+DOB+ADDRESS-DRLIC,73
+PNAME+PHONE-DOB-DRLIC,73
+PNAME+DRLIC-DOB-GENDER,72
+PNAME+DOB+DRLIC+PASSPORT+ACCT_NUM (Ambiguous),72
+PASSPORT-DOB-DRLIC,71
+DOB+PHONE+SSN (Ambiguous),71
+PHONE-GENERATION-DOB-SSN,71
+PHONE-GENERATION,71
+PNAME+PHONE+ACCT_NUM,70
+PHONE-GENERATION-SSN,70
+SURNAME+PHONE-GENDER,70
+LIKELY_NAME+DOB+ADDRESS+PASSPORT+ACCT_NUM,70
+NAME+ADDRESS+PASSPORT+ACCT_NUM,69
+NAME+ADDRESS+PHONE+PASSPORT+ACCT_NUM-DRLIC,69
+NAME+SSN-DRLIC,69
+PNAME+PHONE+SSN+DRLIC,69
+DOB+ADDRESS+PHONE+LOGIN_ID,69
+DOB+DRLIC-SSN-PASSPORT,68
+ADDRESS+PHONE+SSN+DRLIC+LOGIN_ID+ACCT_NUM,67
+DOB+DRLIC-GENDER-SSN,67
+NAME+SSN-GENDER,67
+NAME+ADDRESS+DRLIC+ACCT_NUM,67
+PNAME+ADDRESS+PHONE+SSN+ACCT_NUM-DRLIC,66
+NAME+DOB+PHONE-DRLIC,66
+SURNAME+ADDRESS-DOB-DRLIC-PASSPORT,66
+PNAME+DRLIC-GENDER-SSN-PASSPORT,66
+SURNAME+DRLIC-GENDER-SSN-PASSPORT,66
+DOB+ADDRESS+PHONE+SSN+PASSPORT (Ambiguous),66
+NAME+DOB+ADDRESS-DRLIC,65
-GENDER-DRLIC-PASSPORT,65
+LOGIN_ID-GENERATION-GENDER-SSN,65
+LIKELY_NAME+DOB+ADDRESS+DRLIC+PASSPORT,65
+ADDRESS+PHONE+SSN+DRLIC+LOGIN_ID,65
+LIKELY_NAME+PHONE+DRLIC+PASSPORT+ACCT_NUM,65
+SURNAME+SSN-DRLIC,64
+NAME+PHONE+DRLIC+PASSPORT,64
+DOB+DRLIC-GENDER-SSN-PASSPORT,64
+LIKELY_NAME+SSN+DRLIC+PASSPORT,64
+SURNAME+LOGIN_ID,64
+NAME+ADDRESS+DRLIC+PASSPORT,63
+NAME+PHONE-DOB-GENDER,63
+NAME+ADDRESS+ACCT_NUM-DRLIC,63
+NAME+PHONE-GENDER-SSN-PASSPORT,62
-DOB-DRLIC-PASSPORT,62
+NAME+PHONE+ACCT_NUM-DRLIC,62
+NAME+ADDRESS-SSN-DRLIC-PASSPORT,61
+NAME+SSN-PASSPORT,61
+NAME+ADDRESS-GENDER-PASSPORT,61
+PASSPORT-GENDER-DRLIC,61
+NAME+ADDRESS+PHONE+SSN+ACCT_NUM-DRLIC,60
+NAME+PHONE+PASSPORT+ACCT_NUM,60
+SURNAME+PHONE-DOB-SSN-DRLIC,60
+LOGIN_ID-GENERATION,60
+NAME+ADDRESS+PHONE+SSN-GENERATION,60
+PNAME+DOB+ADDRESS+PHONE+DRLIC,59
+NAME+DRLIC-SSN,59
+PHONE-GENERATION-GENDER-SSN,58
+NAME+DOB-GENERATION-DRLIC,58
+PNAME+PHONE-DOB-GENDER-SSN-DRLIC,58
+LIKELY_NAME+ADDRESS+DRLIC+PASSPORT+ACCT_NUM,58
+NAME+DOB+PHONE+PASSPORT,57
+SURNAME+PHONE-DOB-GENDER,56
+PNAME+LOGIN_ID-SSN-DRLIC,56
+SURNAME+DRLIC-DOB-GENDER,56
+PNAME+ADDRESS+PHONE+ACCT_NUM-DRLIC,56
+SURNAME+ADDRESS+PHONE+LOGIN_ID,56
+ADDRESS+PHONE+SSN+PASSPORT+LOGIN_ID,56
+ADDRESS+PHONE+SSN-GENERATION,56
+SURNAME+DOB+ADDRESS+PHONE+SSN (Ambiguous),54
+PHONE-GENERATION-SSN-PASSPORT,54
+PNAME+ADDRESS+PHONE-SSN,54
+PNAME+SSN+ACCT_NUM,54
+DRLIC-GENERATION-DOB-GENDER-PASSPORT,54
+SSN+LOGIN_ID,54
+ADDRESS+PHONE+DRLIC+LOGIN_ID,53
+LOGIN_ID-GENERATION-SSN-PASSPORT,53
+PNAME+PHONE-GENDER-DRLIC,53
+DOB+ADDRESS+PHONE+SSN+DRLIC+ACCT_NUM (Ambiguous),52
+NAME+PHONE-DOB-SSN-DRLIC,52
+PNAME+ADDRESS-GENDER-DRLIC-PASSPORT,52
+LIKELY_NAME+DOB+PHONE+DRLIC+PASSPORT,51
+DRLIC-GENERATION-GENDER-PASSPORT,51
+NAME+DOB+ADDRESS+PHONE+DRLIC+PASSPORT,51
+ADDRESS+SSN+LOGIN_ID+ACCT_NUM,51
+SURNAME+DRLIC-PASSPORT,50
+NAME+DOB+PHONE+SSN+DRLIC,50
+PNAME+ADDRESS+SSN+DRLIC,50
+SURNAME+PHONE-DOB-PASSPORT,50
+PNAME+PHONE-DRLIC-PASSPORT,50
+NAME+PHONE-SSN-DRLIC-PASSPORT,49
+SSN-GENERATION-DRLIC-PASSPORT,49
+ADDRESS+PHONE+SSN-DRLIC,48
+PNAME+ADDRESS+PHONE+SSN+PASSPORT,48
+LIKELY_NAME+DOB+ADDRESS+DRLIC+PASSPORT+ACCT_NUM,48
+NAME+DOB+ADDRESS+SSN+DRLIC,48
+PNAME+LOGIN_ID+ACCT_NUM,47
+ADDRESS+PHONE+SSN+PASSPORT+LOGIN_ID+ACCT_NUM,47
+NAME+PHONE+SSN+PASSPORT,47
+NAME+ADDRESS+PHONE+SSN+PASSPORT-DRLIC,47
+NAME+DOB+PHONE-SSN,47
+NAME+ADDRESS+SSN-DRLIC,47
+LOGIN_ID-GENERATION-GENDER-SSN-PASSPORT,47
+PNAME+ADDRESS+PHONE+SSN-GENERATION,46
+NAME+PHONE-GENDER-PASSPORT,46
+SSN-GENERATION-GENDER-DRLIC,46
+DOB+PHONE+SSN+DRLIC (Ambiguous),45
+PNAME+ADDRESS-DOB-GENDER-DRLIC-PASSPORT,45
+NAME+DOB+ADDRESS+PASSPORT,45
+PASSPORT-DOB-GENDER-DRLIC,45
+LIKELY_NAME+DOB+DRLIC+ACCT_NUM,45
+LIKELY_NAME+DOB+PASSPORT,45
+SURNAME+ADDRESS-GENDER-DRLIC-PASSPORT,44
+LIKELY_NAME+DOB+ADDRESS+SSN+DRLIC,44
+PNAME+LOGIN_ID-DOB-PASSPORT,44
+PNAME+LOGIN_ID-DOB-SSN-DRLIC-PASSPORT,44
+DOB+ADDRESS+PHONE+LOGIN_ID+ACCT_NUM,44
+NAME+ADDRESS+PHONE+SSN+ACCT_NUM-GENERATION,43
+SURNAME+PHONE+LOGIN_ID,43
+DOB+ADDRESS+SSN (Ambiguous),43
+NAME+ADDRESS+PHONE-GENERATION,43
+PNAME+PHONE+SSN-DRLIC,43
+NAME+DOB+ADDRESS+PHONE+SSN-GENERATION,43
+SURNAME+LOGIN_ID-GENDER-SSN,42
+SURNAME+PHONE-PASSPORT,42
+NAME+DOB-GENERATION-GENDER-PASSPORT,42
+SURNAME+LOGIN_ID-DOB-SSN,42
+NAME+DOB+DRLIC,42
+NAME+ADDRESS+PHONE+SSN+DRLIC+PASSPORT,41
+DOB+PHONE+LOGIN_ID,41
+PNAME+ADDRESS-GENERATION-DOB-SSN,41
+NAME+ADDRESS-GENDER-SSN-DRLIC,40
+LOGIN_ID-GENERATION-DOB-SSN-DRLIC-PASSPORT,40
+DOB+ADDRESS+PHONE+SSN+LOGIN_ID,40
+PHONE-GENERATION-DOB-SSN-DRLIC-PASSPORT,40
+SURNAME+LOGIN_ID-GENDER,40
+PNAME+DOB+ADDRESS+PHONE+SSN-GENERATION,40
+NAME+ADDRESS+SSN+PASSPORT,39
+LOGIN_ID-GENERATION-DOB,39
+PHONE+SSN+LOGIN_ID+ACCT_NUM,39
+PNAME+LOGIN_ID-DOB-SSN-DRLIC,39
+PNAME+ADDRESS+PHONE+PASSPORT+ACCT_NUM,39
+NAME+DOB+ADDRESS+PHONE+PASSPORT-DRLIC,38
+NAME+ADDRESS+PHONE+ACCT_NUM-SSN,38
+NAME+DOB+ADDRESS+PHONE+SSN+DRLIC+PASSPORT,38
+PNAME+DOB+ADDRESS+PHONE+SSN-DRLIC,38
+ADDRESS+PHONE-DRLIC,38
+ADDRESS+PHONE+SSN+ACCT_NUM-GENERATION,38
+ADDRESS+PHONE+SSN+DRLIC+PASSPORT+LOGIN_ID+ACCT_NUM,38
+SURNAME+PHONE-DOB-GENDER-SSN-DRLIC,38
-DOB-GENDER-DRLIC-PASSPORT,37
+SURNAME+ADDRESS+PHONE+SSN+LOGIN_ID+ACCT_NUM,37
+SURNAME+PHONE-SSN-DRLIC,37
+NAME+DOB-GENERATION-GENDER-SSN-DRLIC,37
+DRLIC-DOB-GENDER-SSN-DRLIC-PASSPORT,37
+NAME+ADDRESS+PASSPORT-DRLIC,37
+PNAME+LOGIN_ID-GENDER-SSN,37
+PNAME+LOGIN_ID-DRLIC,37
+DOB+ADDRESS+PHONE+SSN+PASSPORT+ACCT_NUM (Ambiguous),37
+SURNAME+DOB+ADDRESS+PHONE+SSN+DRLIC (Ambiguous),36
+DOB+PHONE+SSN+ACCT_NUM (Ambiguous),36
+SURNAME+ADDRESS-DOB-GENDER-DRLIC-PASSPORT,36
+PNAME+PHONE-GENDER-SSN-DRLIC-PASSPORT,36
+NAME+ADDRESS+PHONE-SSN-PASSPORT,36
+SURNAME+ADDRESS+PHONE+SSN+DRLIC+LOGIN_ID,36
+SURNAME+DRLIC-DOB-PASSPORT,36
+NAME+DOB+ADDRESS+PHONE-GENERATION,36
+PNAME+DOB+ADDRESS+PHONE-DRLIC,35
+PHONE-GENERATION-DOB,35
+PNAME+ADDRESS+PHONE+SSN+ACCT_NUM-GENERATION,35
+LOGIN_ID-GENERATION-GENDER,35
+PNAME+ADDRESS+PHONE+DRLIC+ACCT_NUM,35
+NAME+DOB+ADDRESS+SSN-DRLIC,35
+SURNAME+DRLIC-GENDER-PASSPORT,35
+SURNAME+DOB+ADDRESS+PHONE+SSN+ACCT_NUM (Ambiguous),35
+LIKELY_NAME+SSN+DRLIC+PASSPORT+ACCT_NUM,35
+PNAME+ADDRESS+SSN-DRLIC,35
+DRLIC-DOB-SSN-DRLIC-PASSPORT,35
+ADDRESS+LOGIN_ID+ACCT_NUM,34
+PNAME+SSN-GENDER-DRLIC,34
+DOB+DRLIC-GENDER,34
+PHONE-GENERATION-GENDER-SSN-PASSPORT,34
+SURNAME+SSN-DOB-DRLIC-PASSPORT,34
+PNAME+SSN-DOB-GENDER-DRLIC-PASSPORT,34
+PNAME+ADDRESS+PHONE-GENERATION,34
+ADDRESS+PHONE+DRLIC+LOGIN_ID+ACCT_NUM,34
+NAME+ADDRESS-DOB-GENDER-PASSPORT,34
+ADDRESS+PHONE+SSN+ACCT_NUM-DRLIC,34
+DOB+ADDRESS+PHONE+SSN+DRLIC+PASSPORT (Ambiguous),33
+DOB+ADDRESS+LOGIN_ID,33
+PHONE-GENERATION-GENDER,33
+PNAME+ADDRESS+PHONE+SSN+PASSPORT-DRLIC,33
+ADDRESS+PHONE-SSN,33
+NAME+SSN+ACCT_NUM-DRLIC,33
+NAME+DOB+ADDRESS-SSN,33
+SURNAME+PHONE+SSN+LOGIN_ID,33
+NAME+SSN+PASSPORT,33
+LIKELY_NAME+DOB+PHONE+DRLIC+PASSPORT+ACCT_NUM,32
+PNAME+DOB+ADDRESS+PHONE+ACCT_NUM-DRLIC,32
+SURNAME+SSN-GENDER-DRLIC,32
+PNAME+PHONE-DOB-GENDER-DRLIC,32
+NAME+ADDRESS+PHONE+ACCT_NUM-GENERATION,32
+SURNAME+ADDRESS+PHONE+LOGIN_ID+ACCT_NUM,32
+NAME+ADDRESS-DOB-DRLIC,32
+SSN-GENERATION-GENDER-DRLIC-PASSPORT,32
+DOB+LOGIN_ID,32
+PHONE+LOGIN_ID+ACCT_NUM,32
+NAME+ACCT_NUM-DRLIC,31
+NAME+DOB-GENERATION-DRLIC-PASSPORT,31
+DOB+ADDRESS+PHONE+SSN-DRLIC,31
+SURNAME+SSN-DOB-DRLIC,31
+DOB+ADDRESS+SSN+LOGIN_ID,31
+NAME+PHONE+ACCT_NUM-SSN,31
+PNAME+SSN-DOB-GENDER-DRLIC,31
+PNAME+PHONE+SSN+PASSPORT,31
+SURNAME+LOGIN_ID-DOB-GENDER-SSN-PASSPORT,31
+LOGIN_ID-GENERATION-DOB-GENDER-SSN-DRLIC-PASSPORT,30
+NAME+PHONE+PASSPORT-DRLIC,30
+ADDRESS+PHONE+SSN+DRLIC+ACCT_NUM-GENERATION,30
+DOB+ADDRESS+PHONE+SSN-GENERATION,30
+NAME+ADDRESS+PHONE+DRLIC-GENERATION,30
+ADDRESS+PHONE-GENERATION,30
+PNAME+ADDRESS+PHONE+SSN+DRLIC-GENERATION,30
+NAME+DRLIC-DOB-SSN,30
+ADDRESS+PHONE+ACCT_NUM-GENERATION,29
+PNAME+LOGIN_ID-GENDER,29
+SURNAME+ADDRESS+LOGIN_ID,29
+NAME+DOB+ADDRESS+PHONE-PASSPORT,29
+PNAME+DRLIC-GENDER-PASSPORT,29
+LOGIN_ID-GENERATION-DOB-GENDER,29
+SURNAME+DOB+PHONE+SSN (Ambiguous),29
+PHONE+SSN+DRLIC+LOGIN_ID,29
+NAME+DOB+ADDRESS+PHONE+ACCT_NUM-DRLIC,29
+PNAME+DOB+ADDRESS+DRLIC,29
+SURNAME+SSN-DOB-GENDER-DRLIC-PASSPORT,29
+NAME+ADDRESS-DOB-GENDER-SSN-DRLIC,28
+SURNAME+ADDRESS+PHONE+SSN+DRLIC+LOGIN_ID+ACCT_NUM,28
+DOB+ADDRESS-DRLIC-PASSPORT,28
+LIKELY_NAME+DOB+PHONE+SSN+DRLIC,28
+LIKELY_NAME+DOB+PASSPORT+ACCT_NUM,28
+NAME+PHONE+PASSPORT+ACCT_NUM-DRLIC,28
+PHONE+DRLIC+LOGIN_ID,28
+NAME+PHONE-DOB-DRLIC,28
+ADDRESS+PHONE+PASSPORT+LOGIN_ID+ACCT_NUM,28
+DOB+ADDRESS+PHONE+SSN+LOGIN_ID+ACCT_NUM,28
+SURNAME+PHONE-DOB-GENDER-PASSPORT,28
+DOB+ADDRESS+SSN+DRLIC (Ambiguous),28
+DRLIC-DOB-SSN-DRLIC,28
+PNAME+PASSPORT+LOGIN_ID,28
+SURNAME+LOGIN_ID-SSN-PASSPORT,27
+SURNAME+LOGIN_ID-DOB-GENDER-SSN,27
+NAME+DOB+ADDRESS+PHONE+SSN+DRLIC+ACCT_NUM-GENERATION,27
+PNAME+DOB+PHONE-SSN,27
+PHONE+SSN-GENERATION,27
+NAME+PHONE+SSN+ACCT_NUM-DRLIC,27
+SURNAME+DOB+ADDRESS+PHONE+SSN+DRLIC+ACCT_NUM (Ambiguous),27
+PHONE-GENERATION-DOB-GENDER-SSN-DRLIC-PASSPORT,27
+DOB+ADDRESS-GENDER-DRLIC,27
+SURNAME+ADDRESS+PHONE+SSN+PASSPORT+LOGIN_ID,27
+ADDRESS+PHONE+SSN+DRLIC+PASSPORT+LOGIN_ID,27
+SURNAME+DOB+ADDRESS+PHONE+LOGIN_ID,27
+NAME+DOB+PHONE-SSN-PASSPORT,27
+PNAME+DRLIC-DOB-GENDER-PASSPORT,26
+SURNAME+LOGIN_ID-DOB-SSN-PASSPORT,26
+NAME+DOB+ADDRESS+PHONE+SSN+DRLIC-GENERATION,26
+PNAME+PHONE+SSN+ACCT_NUM-DRLIC,26
+NAME+ADDRESS+SSN+ACCT_NUM-DRLIC,26
+SURNAME+SSN-DRLIC-PASSPORT,26
+NAME+PHONE-DOB-GENDER-SSN-DRLIC-PASSPORT,26
+ADDRESS+PHONE+PASSPORT+LOGIN_ID,26
+NAME+SSN-DOB-GENDER,26
+PNAME+ADDRESS+PHONE-PASSPORT,26
+NAME+ADDRESS+PHONE-PASSPORT,26
+ADDRESS+SSN+DRLIC+LOGIN_ID,26
+PNAME+DOB+ADDRESS+PHONE+SSN+DRLIC+ACCT_NUM-GENERATION,26
+LOGIN_ID-GENERATION-PASSPORT,26
+PNAME+PHONE+SSN-GENERATION,26
+NAME+ADDRESS+PHONE+SSN+PASSPORT+ACCT_NUM-DRLIC,26
+PNAME+ADDRESS-GENERATION-SSN,26
+PNAME+ADDRESS+SSN+PASSPORT,26
+PNAME+ADDRESS+PHONE+SSN+PASSPORT+ACCT_NUM-DRLIC,26
+LIKELY_NAME+DOB+DRLIC+PASSPORT,25
+DRLIC-DOB-GENDER-SSN-DRLIC,25
+DOB+ADDRESS+PHONE-SSN,25
+SURNAME+PHONE-GENDER-SSN-DRLIC-PASSPORT,25
+PNAME+DOB+ADDRESS-SSN,25
+PNAME+DOB+ADDRESS+PHONE+PASSPORT,25
+ADDRESS+PHONE+ACCT_NUM-DRLIC,25
+PNAME+PHONE+ACCT_NUM-DRLIC,25
+NAME+ADDRESS-DRLIC-PASSPORT,25
+NAME+ADDRESS+PHONE+SSN+DRLIC+ACCT_NUM-GENERATION,25
+SURNAME+SSN+LOGIN_ID,25
+PHONE+SSN-DRLIC,25
+NAME+ADDRESS-GENDER-DRLIC,25
+SURNAME+PHONE-SSN-DRLIC-PASSPORT,24
+SURNAME+ADDRESS+PHONE+DRLIC+LOGIN_ID,24
+PNAME+ADDRESS+PHONE+ACCT_NUM-GENERATION,24
+SURNAME+ADDRESS-GENERATION-DOB-GENDER-SSN-PASSPORT,24
+SURNAME+DOB+ADDRESS+PHONE+SSN+DRLIC+PASSPORT (Ambiguous),24
+PNAME+DOB+ADDRESS+PHONE+SSN+ACCT_NUM-DRLIC,24
+DRLIC-SSN-DRLIC,24
+SURNAME+DOB+ADDRESS+PHONE+SSN+DRLIC+PASSPORT+ACCT_NUM (Ambiguous),24
+PNAME+DRLIC+LOGIN_ID,24
+PNAME+PHONE-DOB-DRLIC-PASSPORT,24
+ADDRESS+SSN-GENERATION,24
+SURNAME+SSN-DOB-GENDER-DRLIC,24
+NAME+ADDRESS+PHONE+SSN-DOB-PASSPORT,24
+SURNAME+PHONE+SSN+LOGIN_ID+ACCT_NUM,24
+NAME+PHONE+DRLIC+PASSPORT+ACCT_NUM,23
+PHONE-GENERATION-DOB-PASSPORT,23
+PNAME+DOB+PHONE+DRLIC,23
+NAME+ADDRESS+PHONE+SSN+DRLIC-GENERATION,23
+DOB+ADDRESS+PHONE+SSN+DRLIC+PASSPORT+ACCT_NUM (Ambiguous),23
+DOB+PHONE+LOGIN_ID+ACCT_NUM,23
+PNAME+ADDRESS+PHONE+SSN+PASSPORT-GENERATION,23
+NAME+DOB+ADDRESS+PHONE-SSN-DRLIC-PASSPORT,23
+SURNAME+ADDRESS+PHONE+DRLIC+LOGIN_ID+ACCT_NUM,23
+SURNAME+ADDRESS+SSN+LOGIN_ID+ACCT_NUM,23
+ADDRESS+DRLIC+LOGIN_ID,23
+SURNAME+ADDRESS+SSN+LOGIN_ID,23
+DOB+ADDRESS-GENDER-DRLIC-PASSPORT,23
+NAME+DOB+ADDRESS-SSN-PASSPORT,23
+NAME+DOB+ADDRESS+PHONE+DRLIC-SSN-PASSPORT,23
+ADDRESS+SSN+PASSPORT+LOGIN_ID,23
+PNAME+ADDRESS-GENERATION-DOB-SSN-DRLIC-PASSPORT,22
+SURNAME+DRLIC-DOB-GENDER-PASSPORT,22
+PNAME+LOGIN_ID-DOB-GENDER-SSN-PASSPORT,22
+PHONE+SSN+PASSPORT+LOGIN_ID,22
+LIKELY_NAME+DRLIC+PASSPORT+ACCT_NUM,22
+ADDRESS+PHONE+SSN+PASSPORT+ACCT_NUM-DRLIC,22
+NAME+DOB+ADDRESS+PHONE+SSN+ACCT_NUM-GENERATION,22
+NAME+DRLIC-SSN-PASSPORT,22
+DOB+LOGIN_ID-SSN,22
+NAME+DRLIC+PASSPORT+ACCT_NUM,22
+NAME+PASSPORT-DRLIC,22
+DOB+DRLIC-PASSPORT,22
+NAME+SSN-DOB-GENDER-PASSPORT,22
+DOB+PHONE-SSN,22
+PNAME+DOB+PHONE-DRLIC,21
+NAME+ADDRESS-DOB-DRLIC-PASSPORT,21
+DOB+ADDRESS+SSN+DRLIC+ACCT_NUM (Ambiguous),21
+SURNAME+ADDRESS-GENERATION-DOB-SSN-PASSPORT,21
+SSN+PASSPORT+LOGIN_ID,21
+NAME+DOB+PASSPORT,21
+SURNAME+DOB+ADDRESS+PHONE+SSN+ACCT_NUM-DRLIC,21
+NAME+DOB+ADDRESS+PHONE+ACCT_NUM-GENERATION,21
+NAME+ADDRESS+PHONE+PASSPORT-GENERATION,21
+DOB+ADDRESS+PHONE+PASSPORT+LOGIN_ID,21
+NAME+SSN-GENDER-PASSPORT,21
+ADDRESS+PHONE+SSN+DRLIC-GENERATION,21
+SURNAME+ADDRESS+PHONE+SSN+PASSPORT+LOGIN_ID+ACCT_NUM,21
+NAME+PHONE+SSN-GENERATION,21
+NAME+DRLIC-DOB-SSN-PASSPORT,21
+PNAME+DOB+ADDRESS+PHONE+SSN+ACCT_NUM-GENERATION,21
+PHONE-GENERATION-PASSPORT,21
+PNAME+PHONE+DRLIC+ACCT_NUM,21
+NAME+DOB+ADDRESS+PHONE+PASSPORT+ACCT_NUM-DRLIC,21
+PNAME+LOGIN_ID-DOB-GENDER-SSN,21
+DOB+ADDRESS+PHONE+DRLIC+LOGIN_ID+ACCT_NUM,21
+NAME+ADDRESS-DOB-GENDER-SSN-DRLIC-PASSPORT,21
+SURNAME+LOGIN_ID-PASSPORT,21
+PNAME+DOB+ADDRESS+PHONE-GENERATION,21
+LIKELY_NAME+DOB+ADDRESS+SSN+PASSPORT,21
+DOB+ADDRESS+PHONE+DRLIC+LOGIN_ID,21
+NAME+ADDRESS+SSN-GENERATION,20
+PNAME+ADDRESS+SSN+ACCT_NUM-DRLIC,20
+LOGIN_ID+ACCT_NUM,20
+ADDRESS+PHONE+SSN+PASSPORT-GENERATION,20
+SURNAME+PHONE-GENDER-PASSPORT,20
+PNAME+ADDRESS+SSN+ACCT_NUM-GENERATION,20
+DOB+PHONE+SSN+LOGIN_ID,20
+PNAME+ADDRESS+DRLIC+ACCT_NUM,20
+NAME+ADDRESS+PHONE+SSN-DOB,20
+DOB+ADDRESS+PHONE-DRLIC,20
+NAME+DOB+ADDRESS+PHONE+SSN+PASSPORT+ACCT_NUM-GENERATION,20
+NAME+ADDRESS+PHONE+SSN+PASSPORT+ACCT_NUM-GENERATION,20
+NAME+DOB+PHONE+SSN-DRLIC,20
+ADDRESS+PHONE+DRLIC+PASSPORT+LOGIN_ID,20
+DOB+PHONE+SSN+PASSPORT (Ambiguous),20
+NAME+DOB+ADDRESS+PHONE+SSN+PASSPORT-GENERATION,20
+PNAME+DOB+ADDRESS+PHONE+SSN+DRLIC,20
+ADDRESS+PHONE+DRLIC+PASSPORT+LOGIN_ID+ACCT_NUM,20
+SURNAME+PHONE-DRLIC,20
+DOB+ADDRESS+PHONE+SSN+ACCT_NUM-DRLIC,20
+PNAME+DOB+ADDRESS+PHONE-SSN,20
+NAME+ADDRESS+PHONE+SSN-PASSPORT,19
+NAME+ADDRESS+PHONE+DRLIC+PASSPORT-GENERATION,19
+DOB+PHONE-SSN-PASSPORT,19
+NAME+ADDRESS+SSN+PASSPORT-DRLIC,19
+PNAME+DOB+ADDRESS+PHONE+PASSPORT-DRLIC,19
+DOB+ADDRESS+SSN+ACCT_NUM (Ambiguous),19
+SURNAME+PHONE-GENDER-SSN-DRLIC,19
+ADDRESS+PHONE+SSN+PASSPORT-DRLIC,19
+PHONE-GENERATION-DOB-SSN-DRLIC,19
+SURNAME+DOB+ADDRESS+SSN (Ambiguous),19
+NAME+DRLIC-DOB,19
+NAME+ADDRESS+PHONE+DRLIC+ACCT_NUM-GENERATION,19
+PNAME+ADDRESS-GENERATION-SSN-PASSPORT,19
+DOB+ADDRESS+SSN+PASSPORT (Ambiguous),19
+SURNAME+DOB+ADDRESS+PHONE+SSN+PASSPORT (Ambiguous),19
+PHONE+PASSPORT+LOGIN_ID,18
+DOB+ADDRESS+DRLIC+LOGIN_ID,18
+PNAME+ADDRESS+PASSPORT+ACCT_NUM,18
+PNAME+DOB+ADDRESS+PHONE+SSN+PASSPORT-GENERATION,18
+SURNAME+DOB+ADDRESS+PHONE+SSN+PASSPORT+ACCT_NUM (Ambiguous),18
+SURNAME+DOB+ADDRESS+SSN+DRLIC (Ambiguous),18
+NAME+ADDRESS+PHONE-DOB,18
+LOGIN_ID-GENERATION-DOB-SSN-DRLIC,18
+DOB+ADDRESS+PHONE+SSN+ACCT_NUM-GENERATION,18
+PNAME+ADDRESS+PHONE+DRLIC-GENERATION,18
+PNAME+LOGIN_ID-DOB-DRLIC,18
+PNAME+ADDRESS+PHONE+PASSPORT-DRLIC,18
+PNAME+ADDRESS+PHONE+SSN+PASSPORT+ACCT_NUM-GENERATION,18
+NAME+ADDRESS-GENDER-SSN-DRLIC-PASSPORT,18
+DOB+ADDRESS+PHONE+SSN+DRLIC+ACCT_NUM-GENERATION,18
+NAME+DOB+ADDRESS+PHONE-SSN-DRLIC,18
+SSN+LOGIN_ID+ACCT_NUM,18
+NAME+PHONE-GENDER-DRLIC,18
+PNAME+SSN+PASSPORT+ACCT_NUM,18
+ADDRESS+PHONE+SSN+PASSPORT+ACCT_NUM-GENERATION,18
+PHONE+SSN+DRLIC+LOGIN_ID+ACCT_NUM,18
+DOB+PHONE+SSN-DRLIC,18
+PHONE+SSN+PASSPORT+LOGIN_ID+ACCT_NUM,18
+SURNAME+LOGIN_ID-DOB,18
+PNAME+ADDRESS+PHONE-SSN-PASSPORT,18
+DOB+ADDRESS+PHONE+SSN+PASSPORT+ACCT_NUM-DRLIC,17
+ADDRESS+SSN+PASSPORT+LOGIN_ID+ACCT_NUM,17
+LIKELY_NAME+DOB+PHONE+SSN+PASSPORT,17
+LOGIN_ID-GENERATION-DOB-PASSPORT,17
+NAME+ACCT_NUM-SSN,17
+NAME+ADDRESS+PASSPORT+ACCT_NUM-DRLIC,17
+NAME+DOB+ADDRESS+PHONE+DRLIC-GENERATION,17
+NAME+DOB+ADDRESS+PHONE+SSN+DRLIC+PASSPORT+ACCT_NUM-GENERATION,17
+NAME+DOB-GENERATION-GENDER-DRLIC,17
+NAME+PHONE-DOB-GENDER-PASSPORT,17
+NAME+SSN-DOB-DRLIC,17
+PHONE+SSN+ACCT_NUM-DRLIC,17
+PNAME+ADDRESS+ACCT_NUM-DRLIC,17
+PNAME+DOB+ADDRESS+PHONE+ACCT_NUM-GENERATION,17
+PNAME+DOB+ADDRESS+PHONE+SSN+DRLIC-GENERATION,17
+PNAME-SSN,17
+SURNAME+ADDRESS+PHONE+SSN-DRLIC,17
+PNAME+DOB+ADDRESS+PHONE+PASSPORT+ACCT_NUM-DRLIC,16
+PNAME+LOGIN_ID-SSN-DRLIC-PASSPORT,16
+SSN+DRLIC+LOGIN_ID,16
+SURNAME+DOB+ADDRESS+PHONE+SSN+LOGIN_ID+ACCT_NUM,16
+SURNAME+ADDRESS+PHONE+SSN+DRLIC+PASSPORT+LOGIN_ID,16
+DOB+ADDRESS+LOGIN_ID+ACCT_NUM,16
+NAME+DOB+ADDRESS+PHONE+ACCT_NUM-SSN,16
+NAME+DOB+ADDRESS+PHONE+DRLIC-SSN,16
+NAME+DOB+PHONE+SSN+PASSPORT,16
+SURNAME+ADDRESS+PHONE+SSN+ACCT_NUM-DRLIC,16
+SURNAME+PHONE-DOB-DRLIC,16
+PNAME+ADDRESS+PHONE+DRLIC+ACCT_NUM-GENERATION,16
+NAME+DOB+ADDRESS+SSN+PASSPORT,16
+SURNAME+PHONE+SSN+PASSPORT+LOGIN_ID,16
+ADDRESS+PASSPORT+LOGIN_ID,16
+SURNAME+DOB+ADDRESS+PHONE+LOGIN_ID+ACCT_NUM,16
+PNAME+PHONE+SSN+PASSPORT-DRLIC,16
+DOB+PHONE-GENDER-SSN-PASSPORT,16
+SURNAME+DOB+PHONE+SSN+DRLIC (Ambiguous),16
+DOB+ADDRESS+PHONE+SSN+PASSPORT-GENERATION,15
+PNAME+DRLIC+LOGIN_ID+ACCT_NUM,15
+DOB+ADDRESS+PHONE+SSN+PASSPORT-DRLIC,15
+DRLIC-GENDER-SSN-DRLIC,15
+SURNAME+DOB+ADDRESS+SSN+LOGIN_ID,15
+PHONE+DRLIC+LOGIN_ID+ACCT_NUM,15
+PNAME+ADDRESS-GENERATION-DOB-GENDER-SSN-PASSPORT,15
+NAME+DOB+PHONE-PASSPORT,15
+SURNAME+ADDRESS+PHONE+PASSPORT+LOGIN_ID+ACCT_NUM,15
+DOB+PHONE+SSN+DRLIC+ACCT_NUM (Ambiguous),15
+NAME+ADDRESS+PHONE+SSN+PASSPORT-GENERATION,15
+LOGIN_ID-GENERATION-GENDER-PASSPORT,15
+DRLIC+LOGIN_ID,15
+ADDRESS+SSN+ACCT_NUM-DRLIC,15
+PNAME+DOB+SSN,15
+PNAME+ADDRESS+SSN-GENERATION,15
+NAME+PHONE-DRLIC-PASSPORT,15
+SURNAME+PHONE+SSN+DRLIC+LOGIN_ID,15
+NAME+ADDRESS-GENERATION-DOB-SSN-PASSPORT,15
+NAME+SSN+DRLIC+PASSPORT,15
+PNAME+ACCT_NUM-DRLIC,15
+NAME+DOB+SSN+DRLIC,15
+PNAME+PHONE+PASSPORT+ACCT_NUM,15
+NAME+DOB+ADDRESS+PHONE+PASSPORT-GENERATION,15
+NAME+ADDRESS+ACCT_NUM-SSN,15
+ADDRESS+SSN+DRLIC+LOGIN_ID+ACCT_NUM,15
+SURNAME+PHONE+LOGIN_ID+ACCT_NUM,15
+ADDRESS+PHONE+DRLIC-GENERATION,15
+ADDRESS+SSN-DRLIC,15
+NAME+ADDRESS+DRLIC+PASSPORT+ACCT_NUM,15
+PNAME+DOB+PHONE+ACCT_NUM-DRLIC,14
+PNAME+ADDRESS+PHONE+SSN+DRLIC+ACCT_NUM-GENERATION,14
+SURNAME+ADDRESS+PHONE-DRLIC,14
+DOB+ADDRESS+PHONE+PASSPORT+LOGIN_ID+ACCT_NUM,14
+NAME+DOB+ADDRESS+ACCT_NUM-DRLIC,14
+SURNAME+PHONE-DOB-GENDER-DRLIC,14
+SURNAME+LOGIN_ID-GENDER-SSN-PASSPORT,14
+PNAME+DOB+ADDRESS+PHONE+SSN+DRLIC+PASSPORT-GENERATION,14
+NAME+ADDRESS+ACCT_NUM-GENERATION,14
+PNAME+PASSPORT+LOGIN_ID+ACCT_NUM,14
+PNAME+ACCT_NUM-SSN,14
+PNAME+LOGIN_ID-DRLIC-PASSPORT,14
+NAME+ADDRESS+PHONE+ACCT_NUM-SSN-PASSPORT,14
+SURNAME+DOB+SSN+LOGIN_ID,14
+DOB+SSN-GENERATION,14
+PHONE+SSN+ACCT_NUM-GENERATION,14
+DOB+ADDRESS+PHONE+ACCT_NUM-DRLIC,14
+NAME+PHONE-DOB-GENDER-SSN-DRLIC,14
+PNAME+PHONE-GENERATION-DOB-SSN-PASSPORT,14
+PHONE-GENERATION-DOB-GENDER,14
+DRLIC-SSN-DRLIC-PASSPORT,14
+NAME+ADDRESS+PHONE+SSN+DRLIC+PASSPORT-GENERATION,14
+DOB+ADDRESS+PHONE+SSN+DRLIC-GENERATION,14
+NAME+PHONE-GENDER-SSN-DRLIC,14
+PNAME+SSN-GENDER-DRLIC-PASSPORT,14
+NAME+ADDRESS+PHONE+DRLIC+ACCT_NUM-SSN-PASSPORT,14
+PNAME+DOB+SSN+DRLIC,14
+PNAME+DOB+ADDRESS+PHONE+SSN+DRLIC+PASSPORT+ACCT_NUM-GENERATION,14
+PNAME+SSN+ACCT_NUM-DRLIC,14
+PNAME+ADDRESS+PHONE+SSN+DRLIC+PASSPORT,13
+SURNAME+ADDRESS+PHONE-SSN,13
+DOB+LOGIN_ID-GENDER-SSN,13
+SURNAME+DOB+PHONE+SSN+ACCT_NUM (Ambiguous),13
+NAME+ADDRESS+PHONE+ACCT_NUM-DOB,13
+ADDRESS+PHONE+PASSPORT-DRLIC,13
+ADDRESS+ACCT_NUM-GENERATION,13
+PNAME+SSN+DRLIC+ACCT_NUM,13
+PNAME+DOB+ADDRESS+ACCT_NUM-DRLIC,13
+NAME+ADDRESS+PHONE+DRLIC+ACCT_NUM-SSN,13
+ADDRESS+PHONE+SSN+DRLIC+PASSPORT+ACCT_NUM-GENERATION,13
+ADDRESS+PHONE+SSN-DOB,13
+ADDRESS+PHONE+SSN+DRLIC+PASSPORT-GENERATION,13
+PNAME+DOB+ADDRESS-SSN-PASSPORT,13
+NAME+ADDRESS+PHONE+PASSPORT+ACCT_NUM-GENERATION,13
+SURNAME+DOB+ADDRESS+PHONE+DRLIC+LOGIN_ID,13
+DRLIC-DRLIC,13
+PNAME+ADDRESS+PHONE+PASSPORT-GENERATION,13
+DOB+ADDRESS+PHONE+DRLIC+PASSPORT+LOGIN_ID+ACCT_NUM,13
+NAME+SSN-DOB-DRLIC-PASSPORT,13
+SURNAME+DOB+ADDRESS+PHONE+SSN+PASSPORT+ACCT_NUM-DRLIC,13
+NAME+ADDRESS+PHONE+ACCT_NUM-PASSPORT,13
+SURNAME+DOB+ADDRESS+LOGIN_ID,13
+NAME+ADDRESS+PHONE+SSN+DRLIC+PASSPORT+ACCT_NUM-GENERATION,13
+SURNAME+ADDRESS+PHONE+SSN+DRLIC+PASSPORT+LOGIN_ID+ACCT_NUM,13
+DOB+SSN+LOGIN_ID,13
+NAME+DOB+ADDRESS+PHONE+DRLIC+ACCT_NUM-GENERATION,13
+DOB+DRLIC-GENDER-PASSPORT,13
+NAME+DOB+ADDRESS+DRLIC-SSN,13
+NAME+DRLIC-GENDER,13
+ADDRESS+PHONE-PASSPORT,12
+SURNAME+DOB+ADDRESS+PHONE-SSN,12
+DOB+PHONE+SSN+PASSPORT+ACCT_NUM (Ambiguous),12
+SURNAME+LOGIN_ID-DOB-PASSPORT,12
+SURNAME+PHONE-GENERATION-DOB-GENDER-SSN-PASSPORT,12
+PNAME+PHONE-GENDER-DRLIC-PASSPORT,12
+LIKELY_NAME+DOB+SSN+DRLIC,12
+SURNAME+ADDRESS+SSN+DRLIC+LOGIN_ID+ACCT_NUM,12
+NAME+DOB+ADDRESS+PHONE+SSN+DRLIC+PASSPORT-GENERATION,12
+PHONE-GENERATION-DOB-GENDER-PASSPORT,12
+PNAME+ADDRESS+PHONE+SSN-PASSPORT,12
+DRLIC-GENDER-DRLIC,12
+DOB+ADDRESS+PHONE+ACCT_NUM-SSN,12
+DOB+SSN+LOGIN_ID+ACCT_NUM,12
+PNAME+ADDRESS+PHONE+SSN-DOB,12
+NAME+PHONE+SSN-DOB,12
+NAME+ADDRESS+DRLIC-SSN,12
+LOGIN_ID-GENERATION-DOB-GENDER-SSN-DRLIC,12
+NAME+DRLIC-PASSPORT,12
+SURNAME+ADDRESS+PHONE+PASSPORT+LOGIN_ID,12
+NAME+ADDRESS+SSN-DOB,12
+SURNAME+DOB+ADDRESS+PHONE+SSN+LOGIN_ID,12
+PNAME+PHONE-DOB-GENDER-DRLIC-PASSPORT,12
+PHONE-GENERATION-DOB-GENDER-SSN-DRLIC,12
+DOB+ADDRESS-GENERATION,12
+NAME+ADDRESS+PHONE-SSN-DRLIC,12
+PNAME+DRLIC-GENERATION-DOB-SSN-PASSPORT,12
+NAME+DOB+PHONE+SSN+DRLIC-GENERATION,12
+PNAME+DOB+PHONE+SSN-DRLIC,12
+LOGIN_ID-GENERATION-DOB-GENDER-PASSPORT,12
+DOB+ADDRESS+SSN+LOGIN_ID+ACCT_NUM,12
+DOB+ADDRESS+PHONE-GENERATION,12
+NAME+SSN+PASSPORT-DRLIC,12
+PNAME+ADDRESS+PHONE+ACCT_NUM-SSN,12
+LOGIN_ID-GENERATION-DRLIC,11
+SURNAME+DOB+ADDRESS+SSN+LOGIN_ID+ACCT_NUM,11
+SURNAME+DOB+ADDRESS+PHONE+ACCT_NUM-DRLIC,11
+PNAME+ADDRESS-GENERATION,11
+PNAME+ADDRESS+PHONE+DRLIC+PASSPORT+ACCT_NUM,11
+NAME+PHONE+SSN+PASSPORT-DRLIC,11
+PNAME+SSN-GENERATION,11
+ADDRESS+PHONE+ACCT_NUM-SSN,11
+ADDRESS+PHONE+PASSPORT+ACCT_NUM-DRLIC,11
+NAME+DOB+DRLIC-SSN,11
+PHONE-GENERATION-SSN-DRLIC,11
+SURNAME+LOGIN_ID-GENDER-PASSPORT,11
+LIKELY_NAME+DOB+DRLIC+PASSPORT+ACCT_NUM,11
+DOB+PHONE+PASSPORT+LOGIN_ID,11
+SURNAME+PHONE-DOB-GENDER-DRLIC-PASSPORT,11
+SURNAME+ADDRESS+SSN+DRLIC+LOGIN_ID,11
+NAME+DOB+ADDRESS+PHONE+SSN-PASSPORT,11
+PNAME+ACCT_NUM-GENERATION,11
+PNAME+ADDRESS+SSN+PASSPORT+ACCT_NUM-DRLIC,11
+NAME+PHONE+SSN+DRLIC+PASSPORT,11
+NAME+PHONE+SSN+PASSPORT-GENERATION,11
+DOB+ADDRESS+SSN+DRLIC+LOGIN_ID,11
+NAME+ADDRESS+PHONE+DRLIC+PASSPORT+ACCT_NUM-GENERATION,11
+LIKELY_NAME+ADDRESS+PHONE+ACCT_NUM (Ambiguous),11
+LIKELY_NAME+DOB+ADDRESS+PHONE (Ambiguous),11
+PHONE+PASSPORT+LOGIN_ID+ACCT_NUM,11
+NAME+ADDRESS+PHONE+PASSPORT-SSN,11
+NAME+DOB+PHONE+DRLIC+PASSPORT,11
+ADDRESS+SSN+DRLIC+PASSPORT+LOGIN_ID,11
+DOB+LOGIN_ID-SSN-PASSPORT,11
+PNAME+DOB+PHONE+PASSPORT,11
+NAME+DOB+ACCT_NUM-DRLIC,11
+SURNAME+DOB+ADDRESS+PHONE+SSN-DRLIC,11
+DOB+LOGIN_ID-GENDER-SSN-PASSPORT,11
+PNAME+PHONE-GENERATION,11
+PASSPORT+LOGIN_ID,11
+NAME+SSN-DRLIC-PASSPORT,11
+NAME+DRLIC-GENDER-SSN,11
+DOB+PHONE+DRLIC+LOGIN_ID,11
+PNAME+ADDRESS+PHONE-DOB,11
+PNAME+LOGIN_ID-GENDER-SSN-PASSPORT,11
+NAME+DOB+SSN+PASSPORT,11
+DOB+ADDRESS+SSN-DRLIC,11
+NAME+ADDRESS+PHONE+DRLIC-PASSPORT,11
+PNAME+DOB+ADDRESS+PHONE-SSN-PASSPORT,11
+NAME+DOB+ADDRESS+PHONE+PASSPORT+ACCT_NUM-GENERATION,11
+SURNAME+ADDRESS+PHONE+SSN+PASSPORT-DRLIC,11
+PNAME+ADDRESS+DRLIC-GENERATION,11
+SURNAME+DOB+ADDRESS+PHONE+DRLIC+ACCT_NUM-SSN,11
+DOB+PHONE+SSN+DRLIC+PASSPORT (Ambiguous),11
+DOB+ADDRESS+PHONE+SSN+PASSPORT+LOGIN_ID,11
+DOB+ADDRESS+PHONE+DRLIC-GENERATION,11
+NAME+ADDRESS+SSN+DRLIC-GENERATION,10
+PNAME+ADDRESS-GENERATION-DOB-GENDER-SSN-DRLIC-PASSPORT,10
+NAME+PHONE-DOB-GENDER-DRLIC,10
+DOB+ADDRESS+PHONE+SSN+PASSPORT+LOGIN_ID+ACCT_NUM,10
+PNAME+DOB+PHONE+SSN+ACCT_NUM-GENERATION,10
+DOB+PHONE-GENDER,10
+NAME+DRLIC-DOB-GENDER,10
+ADDRESS+PHONE+SSN-PASSPORT,10
+DOB+PHONE+SSN+DRLIC+LOGIN_ID,10
+LIKELY_NAME+ADDRESS+PHONE+SSN (Ambiguous),10
+DOB+ADDRESS+PHONE+SSN+PASSPORT+ACCT_NUM-GENERATION,10
+PNAME+DOB+ADDRESS+PHONE+SSN+PASSPORT,10
+NAME+ADDRESS-DOB-GENDER-DRLIC-PASSPORT,10
+DOB+ADDRESS+PHONE+DRLIC+PASSPORT+LOGIN_ID,10
+NAME+DOB+PHONE+PASSPORT-DRLIC,10
+PNAME+ADDRESS+PHONE+SSN+DRLIC+PASSPORT-GENERATION,10
+DOB+PHONE+SSN+ACCT_NUM-DRLIC,10
+NAME+PASSPORT+ACCT_NUM-DRLIC,10
+ADDRESS+PHONE+PASSPORT+ACCT_NUM-GENERATION,10
+ADDRESS+PHONE+DRLIC-SSN,10
+SURNAME+DOB+ADDRESS+PHONE+SSN+DRLIC+LOGIN_ID,10
+NAME+DOB+ADDRESS+SSN-GENERATION,10
+NAME+DOB+PHONE+SSN-GENERATION,10
+PNAME+ADDRESS-GENERATION-DOB-SSN-DRLIC,10
+SURNAME+DOB+ADDRESS+PHONE-DRLIC,10
+NAME+ADDRESS+PHONE+DRLIC-SSN,10
+ADDRESS+PHONE-SSN-PASSPORT,10
+DOB+LOGIN_ID-GENDER,10
+PNAME+ADDRESS+PHONE-DOB-SSN-PASSPORT,10
+SURNAME+DOB+ADDRESS+PHONE+PASSPORT+LOGIN_ID,10
+NAME+DOB-GENERATION-GENDER-DRLIC-PASSPORT,10
+ADDRESS+PHONE-DOB,10
+NAME+DOB+ADDRESS+PHONE+DRLIC+PASSPORT-GENERATION,10
+SURNAME+PHONE-DRLIC-PASSPORT,10
+DOB+ADDRESS+SSN+ACCT_NUM-DRLIC,10
+PNAME+ADDRESS+PASSPORT-DRLIC,10
+DOB+ADDRESS+PHONE+SSN-PASSPORT,10
+NAME+DOB+PHONE+SSN+DRLIC+PASSPORT,10
+DRLIC-DOB-DRLIC,10
+PNAME+DOB+PHONE-GENERATION,10
+PNAME+ADDRESS+PHONE+SSN+DRLIC+PASSPORT+ACCT_NUM-GENERATION,10
+SURNAME+DOB+PHONE+SSN+PASSPORT (Ambiguous),10
+PHONE-GENERATION-GENDER-SSN-DRLIC-PASSPORT,10
+SURNAME+DOB+ADDRESS+PHONE+DRLIC+LOGIN_ID+ACCT_NUM,10
+DRLIC-GENDER-SSN-DRLIC-PASSPORT,10
+DOB+ADDRESS+PHONE+ACCT_NUM-GENERATION,10
+DOB+PHONE+SSN+LOGIN_ID+ACCT_NUM,10
+SURNAME+ADDRESS+PHONE+DRLIC+PASSPORT+LOGIN_ID,10
+SURNAME+DOB+ADDRESS+PHONE+ACCT_NUM-SSN,10
+PNAME+DOB+ADDRESS+PHONE+DRLIC+PASSPORT,10
+SURNAME+DOB+LOGIN_ID,10
+DOB+ADDRESS+PHONE+SSN+DRLIC+PASSPORT-GENERATION,10
+NAME+DOB+PHONE+ACCT_NUM-DRLIC,9
+PHONE+ACCT_NUM-SSN,9
+PNAME+DOB+ADDRESS+PHONE+ACCT_NUM-SSN,9
+SURNAME+DOB+ADDRESS+SSN+ACCT_NUM (Ambiguous),9
+SURNAME+PHONE+SSN+DRLIC+PASSPORT+LOGIN_ID,9
+NAME+DOB+ADDRESS+PHONE+ACCT_NUM-SSN-PASSPORT,9
+ACCT_NUM-SSN,9
+PHONE+ACCT_NUM-GENERATION,9
+NAME+PHONE+SSN+ACCT_NUM-GENERATION,9
+NAME+DOB+PHONE+ACCT_NUM-SSN,9
+SURNAME+LOGIN_ID-GENDER-SSN-DRLIC,9
+SURNAME+ADDRESS+DRLIC+LOGIN_ID,9
+PHONE-GENERATION-GENDER-SSN-DRLIC,9
+DOB+ADDRESS+PHONE+DRLIC+ACCT_NUM-GENERATION,9
+DOB+PHONE-GENDER-SSN,9
+PNAME+DOB+ADDRESS+PHONE+DRLIC+ACCT_NUM-GENERATION,9
+PNAME+ADDRESS-GENERATION-DOB,9
+NAME+DOB+ADDRESS+PHONE+SSN+PASSPORT-DRLIC,9
+NAME+DOB+ADDRESS+DRLIC+PASSPORT,9
+NAME+DOB+ACCT_NUM-SSN-PASSPORT,9
+LIKELY_NAME+DOB+SSN+PASSPORT,9
+PHONE+ACCT_NUM-DRLIC,9
+NAME+ADDRESS+ACCT_NUM-SSN-PASSPORT,9
+PNAME+DOB+ADDRESS+PHONE+DRLIC-GENERATION,9
+PNAME-DOB-SSN,9
+PNAME+DOB+PHONE-PASSPORT,9
+PNAME+ADDRESS+SSN+DRLIC+ACCT_NUM-GENERATION,9
+NAME+ADDRESS+SSN+DRLIC+PASSPORT,9
+PHONE+SSN+DRLIC-GENERATION,9
+PNAME+DOB+ADDRESS+SSN+DRLIC-GENERATION,9
+DOB+ADDRESS+PHONE+SSN+DRLIC+PASSPORT+ACCT_NUM-GENERATION,9
+SURNAME+ADDRESS+LOGIN_ID+ACCT_NUM,9
+SURNAME+ADDRESS+PHONE+SSN-PASSPORT,9
+NAME+ADDRESS+PHONE+DRLIC-SSN-PASSPORT,9
+ACCT_NUM-DOB-SSN-PASSPORT,9
+DOB+ADDRESS+PHONE+SSN+DRLIC+LOGIN_ID,9
+LOGIN_ID-GENERATION-SSN-DRLIC,9
+PNAME+DOB+ADDRESS+PHONE+SSN+PASSPORT+ACCT_NUM-GENERATION,9
+NAME+PHONE+ACCT_NUM-GENERATION,9
+NAME+PHONE+ACCT_NUM-SSN-PASSPORT,9
+SURNAME+DOB+ADDRESS+SSN+PASSPORT (Ambiguous),9
+DOB+PHONE+SSN-GENERATION,9
+PNAME+DOB+ADDRESS+SSN-DRLIC,9
+DOB+ADDRESS+ACCT_NUM-SSN,9
+SURNAME+LOGIN_ID-DOB-GENDER,9
+DOB+ADDRESS+SSN+PASSPORT+LOGIN_ID,9
+SURNAME+PHONE-DOB-DRLIC-PASSPORT,8
+ACCT_NUM-GENERATION,8
+SURNAME+DOB+ADDRESS+DRLIC+LOGIN_ID,8
+PNAME+PASSPORT-DOB-SSN,8
+ADDRESS+SSN+PASSPORT-GENERATION,8
+NAME+ADDRESS-GENERATION-DOB-SSN,8
+PNAME+ADDRESS+PHONE+DRLIC-SSN,8
+PNAME-SSN-PASSPORT,8
+NAME+DOB+SSN+DRLIC+PASSPORT,8
+NAME+ADDRESS-GENDER-DRLIC-PASSPORT,8
+PASSPORT-GENERATION-SSN,8
+DOB+ADDRESS+PHONE+SSN+DRLIC+LOGIN_ID+ACCT_NUM,8
+NAME+DOB+ADDRESS+PASSPORT+ACCT_NUM-DRLIC,8
+NAME+DOB+ADDRESS+SSN+DRLIC+PASSPORT,8
+PHONE-GENERATION-DOB-DRLIC,8
+PNAME+DOB+PHONE+SSN+PASSPORT,8
+DOB+SSN+DRLIC+LOGIN_ID,8
+SURNAME+PHONE-GENDER-DRLIC,8
+LIKELY_NAME+ADDRESS+PHONE+SSN,8
+NAME+PHONE+DRLIC-SSN,8
+PNAME+PHONE+DRLIC+PASSPORT+ACCT_NUM,8
+DOB+ADDRESS+SSN+DRLIC+PASSPORT (Ambiguous),8
+PNAME+LOGIN_ID-DOB-DRLIC-PASSPORT,8
+DOB+ADDRESS+SSN+ACCT_NUM-GENERATION,8
+SURNAME+DOB+ADDRESS+LOGIN_ID+ACCT_NUM,8
+PNAME+ADDRESS+SSN+PASSPORT-DRLIC,8
+NAME+ADDRESS+PHONE-DOB-PASSPORT,8
+PHONE+SSN+DRLIC+PASSPORT+LOGIN_ID,8
+NAME+SSN-DOB-GENDER-DRLIC,8
+DOB+ADDRESS+PHONE+PASSPORT+ACCT_NUM-DRLIC,8
+SURNAME+ADDRESS+PHONE+ACCT_NUM-DRLIC,8
+SSN+ACCT_NUM-GENERATION,8
+SURNAME+LOGIN_ID-GENDER-DRLIC,8
+NAME+DOB+ACCT_NUM-SSN,8
+PNAME+DOB+ADDRESS+SSN+ACCT_NUM-DRLIC,8
+ADDRESS+PASSPORT+LOGIN_ID+ACCT_NUM,8
+PNAME+PHONE+DRLIC+ACCT_NUM-GENERATION,8
+NAME+DOB+PHONE+DRLIC-SSN-PASSPORT,8
+PNAME+LOGIN_ID-DOB-GENDER,8
+ADDRESS+SSN-PASSPORT,8
+SURNAME+ADDRESS+SSN+ACCT_NUM-DRLIC,8
+NAME+PHONE-GENERATION,8
+SURNAME+ADDRESS-GENERATION-SSN,8
+SURNAME+DOB+ADDRESS+PHONE+PASSPORT+LOGIN_ID+ACCT_NUM,8
+PNAME+DOB+ADDRESS+SSN-GENERATION,8
+PNAME+DOB+ADDRESS+PHONE-PASSPORT,8
+NAME+DOB+ADDRESS+SSN+ACCT_NUM-GENERATION,8
+NAME+DOB+ADDRESS+SSN+DRLIC-GENERATION,8
+PNAME+ADDRESS+PHONE+PASSPORT+ACCT_NUM-DRLIC,8
+DOB+PHONE+DRLIC+LOGIN_ID+ACCT_NUM,8
+PNAME+SSN+DRLIC+PASSPORT+ACCT_NUM,8
+PNAME+DOB+ADDRESS+SSN+DRLIC+ACCT_NUM-GENERATION,8
+ADDRESS+DRLIC+LOGIN_ID+ACCT_NUM,8
+NAME+LOGIN_ID-SSN,7
+SURNAME+DOB+ADDRESS+PHONE+ACCT_NUM-SSN-PASSPORT,7
+DOB+ADDRESS+SSN-GENERATION,7
+SURNAME+DOB+ADDRESS+PASSPORT+LOGIN_ID,7
+PNAME+DOB+ADDRESS-DRLIC,7
-GENERATION-DOB-GENDER-SSN,7
+PNAME+ADDRESS+PHONE+DRLIC+PASSPORT+ACCT_NUM-GENERATION,7
+ADDRESS+SSN+ACCT_NUM-GENERATION,7
+SURNAME+PHONE+PASSPORT+LOGIN_ID,7
+PASSPORT+LOGIN_ID+ACCT_NUM,7
+PNAME+DOB+ADDRESS+PHONE+ACCT_NUM-SSN-PASSPORT,7
+DOB+ADDRESS+SSN+DRLIC+LOGIN_ID+ACCT_NUM,7
+NAME+DOB+DRLIC-SSN-PASSPORT,7
+PNAME+DOB+ADDRESS+PHONE+SSN+PASSPORT-DRLIC,7
+PASSPORT-GENERATION-DOB-GENDER-SSN,7
+SURNAME+ADDRESS+ACCT_NUM-DRLIC,7
+PNAME+ADDRESS+SSN+PASSPORT-GENERATION,7
+SURNAME+DRLIC+LOGIN_ID,7
+NAME+DOB+PHONE+ACCT_NUM-SSN-PASSPORT,7
+PNAME+ADDRESS-GENERATION-DOB-GENDER-SSN,7
+SURNAME+PHONE+DRLIC+LOGIN_ID,7
+SSN+DRLIC+PASSPORT+LOGIN_ID,7
+DOB+ADDRESS+PHONE+PASSPORT-GENERATION,7
+PNAME+PHONE+DRLIC-GENERATION,7
+SURNAME+ADDRESS-GENERATION-DOB-SSN,7
+PNAME-DOB-SSN-PASSPORT,7
+PNAME+DOB+SSN-GENERATION,7
+NAME+ACCT_NUM-SSN-PASSPORT,7
+NAME+ADDRESS+SSN+PASSPORT+ACCT_NUM-GENERATION,7
+NAME+DOB+SSN-DRLIC,7
+NAME+ACCT_NUM-PASSPORT,7
+NAME+ADDRESS+DRLIC-SSN-PASSPORT,7
+ACCT_NUM-DRLIC,7
+DOB+PHONE+DRLIC+PASSPORT+LOGIN_ID,7
+PNAME+DOB+PHONE-SSN-PASSPORT,7
+PNAME+DOB+PHONE+SSN+DRLIC-GENERATION,7
+NAME+ADDRESS-GENERATION,7
+PNAME+DOB+ADDRESS+PASSPORT,7
+PNAME+DOB+ADDRESS+SSN+PASSPORT-DRLIC,7
+PNAME+DOB+ADDRESS+PHONE+DRLIC-SSN,7
+SURNAME+DOB+PHONE+SSN+PASSPORT+ACCT_NUM (Ambiguous),7
+PHONE+DRLIC-SSN,7
+SURNAME+ADDRESS+PHONE+PASSPORT-DRLIC,7
+SURNAME+DOB+PHONE+SSN+LOGIN_ID,7
+NAME+DRLIC-DOB-GENDER-SSN-PASSPORT,7
+LIKELY_NAME+ADDRESS+PHONE+SSN+PASSPORT,7
+PNAME+LOGIN_ID-GENDER-DRLIC,7
+LIKELY_NAME+ADDRESS-SSN,7
+PNAME+DRLIC+PASSPORT+LOGIN_ID+ACCT_NUM,7
+PNAME+PHONE+PASSPORT-GENERATION,7
+DOB+LOGIN_ID+ACCT_NUM,7
+SURNAME+PHONE+DRLIC+LOGIN_ID+ACCT_NUM,7
+PNAME+PHONE+SSN+ACCT_NUM-GENERATION,7
+NAME+ADDRESS+SSN+ACCT_NUM-GENERATION,7
+SURNAME+LOGIN_ID-DRLIC,7
+SURNAME+DOB+PHONE+LOGIN_ID+ACCT_NUM,7
+NAME+PASSPORT-SSN,7
+LOGIN_ID-GENERATION-GENDER-SSN-DRLIC-PASSPORT,7
+PNAME+DOB+ADDRESS+PHONE+PASSPORT+ACCT_NUM-GENERATION,7
+NAME+PHONE+ACCT_NUM-PASSPORT,7
+NAME+PHONE-DOB-DRLIC-PASSPORT,7
+DOB+ADDRESS+ACCT_NUM-DRLIC,7
+NAME+DOB+PHONE+SSN+ACCT_NUM-GENERATION,7
+DOB+ADDRESS+DRLIC+LOGIN_ID+ACCT_NUM,7
+NAME+ADDRESS+PHONE-SSN-DRLIC-PASSPORT,7
+PNAME+ADDRESS+ACCT_NUM-GENERATION,7
+DOB+PHONE+SSN+DRLIC+PASSPORT+ACCT_NUM (Ambiguous),7
+SURNAME+ADDRESS+PASSPORT+LOGIN_ID,7
+DOB+PHONE+DRLIC-SSN,7
+ACCT_NUM-DOB,7
+DOB+PHONE+PASSPORT+LOGIN_ID+ACCT_NUM,7
+ADDRESS+PHONE+SSN-DOB-PASSPORT,7
+PNAME+PHONE+SSN+PASSPORT+ACCT_NUM-DRLIC,7
+DRLIC+LOGIN_ID+ACCT_NUM,7
+DOB+PHONE+SSN+ACCT_NUM-GENERATION,7
+SURNAME+DOB+ADDRESS-SSN,7
+SURNAME+DOB+ADDRESS+PHONE+SSN+PASSPORT-DRLIC,7
+SURNAME+DOB+ADDRESS+PHONE-SSN-PASSPORT,7
+NAME+ADDRESS+PASSPORT-GENERATION,7
+SURNAME+SSN+PASSPORT+LOGIN_ID+ACCT_NUM,7
+SURNAME+SSN+PASSPORT+LOGIN_ID,7
+DOB+ADDRESS+SSN+DRLIC+ACCT_NUM-GENERATION,7
+NAME+ADDRESS+PHONE+ACCT_NUM-DOB-SSN-PASSPORT,7
+ADDRESS+PHONE-DOB-SSN,7
+SURNAME+DOB+ADDRESS+PHONE+PASSPORT+ACCT_NUM-DRLIC,7
+NAME+PHONE+SSN+DRLIC-GENERATION,7
+SURNAME+DOB+ADDRESS+PHONE+DRLIC+PASSPORT+LOGIN_ID,7
+DOB+PHONE+ACCT_NUM-SSN,7
+SURNAME+PHONE+SSN-DRLIC,7
+DOB+ADDRESS-GENERATION-GENDER-SSN-PASSPORT,7
+NAME+PHONE+SSN-PASSPORT,7
+PNAME+SSN+ACCT_NUM-GENERATION,7
+NAME+ADDRESS+PHONE+PASSPORT-DOB,6
+NAME+ADDRESS-DOB-GENDER-DRLIC,6
+PNAME+ADDRESS+PHONE-DOB-SSN,6
+NAME+ADDRESS+ACCT_NUM-DOB,6
+DOB+ADDRESS+PHONE+SSN+DRLIC+PASSPORT+LOGIN_ID+ACCT_NUM,6
+PNAME+DOB+ADDRESS+SSN+PASSPORT+ACCT_NUM-GENERATION,6
+PHONE+SSN+PASSPORT-DRLIC,6
+SURNAME+ADDRESS-GENERATION-DOB-GENDER-SSN,6
+DOB+ADDRESS+PHONE+SSN+DRLIC-PASSPORT,6
+LOGIN_ID-GENERATION-GENDER-SSN-DRLIC,6
+LOGIN_ID-GENERATION-DOB-DRLIC,6
+DOB+ADDRESS-GENERATION-SSN-PASSPORT,6
+DOB+ADDRESS+PASSPORT+LOGIN_ID+ACCT_NUM,6
+DOB+PHONE+ACCT_NUM-DRLIC,6
+PNAME+ADDRESS+PASSPORT-GENERATION,6
+SSN+PASSPORT+LOGIN_ID+ACCT_NUM,6
+ADDRESS+PHONE-DOB-SSN-PASSPORT,6
+DOB+ADDRESS+PHONE+DRLIC-SSN,6
+PNAME+ADDRESS-GENERATION-DOB-PASSPORT,6
+SURNAME+SSN+LOGIN_ID+ACCT_NUM,6
+SSN+DRLIC+LOGIN_ID+ACCT_NUM,6
+PNAME+ADDRESS-GENERATION-GENDER-SSN-PASSPORT,6
+ADDRESS+PHONE+DRLIC+ACCT_NUM-GENERATION,6
+DOB+PHONE+SSN+PASSPORT-GENERATION,6
+DOB+PHONE+SSN+PASSPORT+LOGIN_ID,6
+ADDRESS+PHONE+DRLIC+ACCT_NUM-SSN,6
+DOB+SSN+PASSPORT+LOGIN_ID+ACCT_NUM,6
+PNAME+DOB+PHONE+ACCT_NUM-SSN,6
+DOB+SSN+PASSPORT+LOGIN_ID,6
+DOB+PHONE-GENERATION,6
+PNAME+PHONE+DRLIC-SSN,6
+NAME+ADDRESS+SSN+PASSPORT+ACCT_NUM-DRLIC,6
+PNAME+DOB+PHONE+SSN+PASSPORT-GENERATION,6
+LIKELY_NAME+ADDRESS+PHONE+SSN+ACCT_NUM (Ambiguous),6
+PNAME+DOB+PHONE+SSN-GENERATION,6
+PNAME+ADDRESS+SSN+DRLIC-GENERATION,6
+PNAME+DOB+PHONE+SSN+DRLIC,6
+PNAME+DOB+ADDRESS+PHONE+DRLIC+PASSPORT+ACCT_NUM-GENERATION,6
+ADDRESS+PHONE-GENDER,6
+NAME+DRLIC-DOB-GENDER-SSN,6
+PNAME+LOGIN_ID-GENDER-PASSPORT,6
+DOB+LOGIN_ID-GENDER-SSN-DRLIC-PASSPORT,6
+SURNAME+DOB+PHONE+SSN+DRLIC+ACCT_NUM (Ambiguous),6
+NAME+DOB+ADDRESS+PHONE+PASSPORT-SSN,6
+SURNAME+PHONE+SSN+PASSPORT+LOGIN_ID+ACCT_NUM,6
+SURNAME+DOB+PHONE+SSN-DRLIC,6
+PNAME+PHONE+PASSPORT-DRLIC,6
+SURNAME+DOB+PHONE-SSN,6
+LIKELY_NAME+ADDRESS-DOB-SSN,6
+DOB+DRLIC+LOGIN_ID,6
+LIKELY_NAME+ADDRESS-DOB-GENDER-SSN-PASSPORT,6
+PNAME+ADDRESS+PHONE+SSN+LOGIN_ID (Ambiguous),6
+ADDRESS+PHONE+PASSPORT-GENERATION,6
+SURNAME+PHONE+SSN+PASSPORT+ACCT_NUM-DRLIC,6
+PNAME+DOB+ADDRESS+PHONE+PASSPORT-GENERATION,6
+SURNAME+DOB+ADDRESS+SSN+PASSPORT+ACCT_NUM (Ambiguous),6
+PNAME+PHONE+ACCT_NUM-GENERATION,6
+SURNAME+DOB+ADDRESS-SSN-PASSPORT,6
+NAME+DOB+PHONE-GENERATION,6
+ADDRESS+ACCT_NUM-SSN-PASSPORT,6
+PNAME+ADDRESS+PHONE+SSN+DRLIC+LOGIN_ID (Ambiguous),6
-GENERATION-SSN,6
+SURNAME+DOB+ADDRESS+SSN+DRLIC+ACCT_NUM (Ambiguous),6
+NAME+PHONE-GENERATION-DOB-SSN-PASSPORT,6
+ADDRESS+ACCT_NUM-DRLIC,6
+DOB+ADDRESS+SSN+PASSPORT+ACCT_NUM-GENERATION,6
+NAME+PHONE+PASSPORT-SSN,6
+PNAME+LOGIN_ID-DOB-GENDER-PASSPORT,6
+DOB+ADDRESS+SSN+PASSPORT+ACCT_NUM (Ambiguous),6
+DOB+PHONE+ACCT_NUM-SSN-PASSPORT,6
+NAME+DOB+ADDRESS+PHONE+DRLIC+PASSPORT+ACCT_NUM-GENERATION,6
+NAME+PHONE+SSN+DRLIC+PASSPORT+ACCT_NUM-GENERATION,6
+NAME+ADDRESS+PHONE+LOGIN_ID (Ambiguous),6
+NAME+ADDRESS+PHONE+LOGIN_ID+ACCT_NUM (Ambiguous),6
+NAME+PHONE+SSN+PASSPORT+ACCT_NUM-DRLIC,6
+NAME+SSN+ACCT_NUM,6
+SURNAME+PHONE+SSN+ACCT_NUM-DRLIC,6
+SURNAME+LOGIN_ID-SSN-DRLIC,6
+PNAME+ADDRESS+PHONE+PASSPORT+ACCT_NUM-GENERATION,6
+PNAME+PASSPORT-SSN,6
+SURNAME+ADDRESS+SSN+PASSPORT+LOGIN_ID,6
+ADDRESS+SSN+DRLIC+ACCT_NUM-GENERATION,6
+SURNAME+ADDRESS+SSN+DRLIC+PASSPORT+LOGIN_ID+ACCT_NUM,6
+PNAME+ADDRESS+PHONE+LOGIN_ID (Ambiguous),6
+SURNAME+ADDRESS+SSN-DRLIC,6
+SURNAME+ADDRESS+PHONE+SSN+PASSPORT+ACCT_NUM-DRLIC,6
+ADDRESS+SSN+DRLIC+PASSPORT+LOGIN_ID+ACCT_NUM,6
+DOB+ADDRESS+SSN+DRLIC-GENERATION,6
+DOB+PHONE+SSN+DRLIC-GENERATION,6
+PNAME+PHONE+ACCT_NUM-SSN,6
+SURNAME+ADDRESS+PHONE+SSN+ACCT_NUM-GENERATION,6
+NAME+DOB+PHONE+SSN+PASSPORT-GENERATION,6
+LIKELY_NAME+ADDRESS-PASSPORT,6
+DOB+ACCT_NUM-GENERATION,6
+PHONE-GENERATION-GENDER-PASSPORT,6
+NAME+ADDRESS+DRLIC-GENERATION,6
+PHONE-GENERATION-SSN-DRLIC-PASSPORT,6
+NAME+ADDRESS+DRLIC+ACCT_NUM-SSN-PASSPORT,6
+NAME+DOB+ADDRESS-PASSPORT,6
+PHONE+SSN-DOB,6
+DOB+ADDRESS+PHONE-SSN-PASSPORT,6
+LIKELY_NAME+DOB+ADDRESS+PHONE+SSN+DRLIC (Ambiguous),5
+SURNAME+DOB+ADDRESS+DRLIC+PASSPORT+LOGIN_ID+ACCT_NUM,5
+NAME+SSN-DOB-GENDER-DRLIC-PASSPORT,5
+NAME+ACCT_NUM-GENERATION,5
+SURNAME+SSN-GENDER-DRLIC-PASSPORT,5
+PHONE+ACCT_NUM-PASSPORT,5
+ADDRESS+SSN+ACCT_NUM-DOB,5
+PNAME+DOB+ADDRESS+SSN+PASSPORT+ACCT_NUM-DRLIC,5
+NAME+PHONE+SSN+PASSPORT+ACCT_NUM-GENERATION,5
+NAME+PHONE+SSN+DRLIC+PASSPORT-GENERATION,5
+SURNAME+DOB+ADDRESS+PHONE+PASSPORT-DRLIC,5
+NAME+ADDRESS+PHONE+SSN+ACCT_NUM,5
+SURNAME+PHONE+SSN+DRLIC+LOGIN_ID+ACCT_NUM,5
+NAME+PHONE+PASSPORT-GENERATION,5
+ACCT_NUM-DOB-SSN,5
+NAME+PHONE+PASSPORT+ACCT_NUM-GENERATION,5
+NAME+ADDRESS+PHONE+ACCT_NUM-DOB-PASSPORT,5
+SURNAME+DOB+ADDRESS+PHONE+SSN+DRLIC+LOGIN_ID+ACCT_NUM,5
+PNAME+PHONE+SSN+PASSPORT-GENERATION,5
+NAME+ADDRESS+PASSPORT-SSN,5
+ADDRESS+PHONE+SSN+DRLIC-DOB,5
+DOB+ADDRESS+SSN+PASSPORT-DRLIC,5
+NAME+DOB+ADDRESS+SSN-PASSPORT,5
+PNAME+LOGIN_ID-DOB-GENDER-SSN-DRLIC-PASSPORT,5
+PNAME+PHONE+SSN+PASSPORT+ACCT_NUM-GENERATION,5
+PNAME+DOB+ADDRESS+DRLIC-SSN,5
+ADDRESS+PHONE-SSN-DRLIC,5
+SURNAME+ADDRESS+PHONE+SSN+DRLIC+ACCT_NUM-DOB-PASSPORT,5
+NAME+PHONE+DRLIC-PASSPORT,5
+NAME+PHONE+DRLIC-GENERATION,5
+NAME+DOB+ACCT_NUM-PASSPORT,5
+ADDRESS+PHONE+SSN+ACCT_NUM-DOB-PASSPORT,5
+PNAME+ADDRESS+PHONE+DRLIC-PASSPORT,5
+NAME+ADDRESS+PHONE+SSN+DRLIC-PASSPORT,5
+DOB+ADDRESS+ACCT_NUM-GENERATION,5
+ADDRESS+PHONE+SSN+ACCT_NUM-DOB,5
+PNAME+DOB+ADDRESS+SSN+DRLIC,5
+DOB+PHONE+DRLIC-GENERATION,5
+PNAME+PHONE+SSN+DRLIC+PASSPORT,5
+SURNAME+DOB+PHONE+DRLIC+LOGIN_ID,5
+SURNAME+DOB+PHONE+DRLIC-SSN,5
+NAME+LOGIN_ID-DOB-SSN,5
+DOB+PHONE+PASSPORT-DRLIC,5
+ADDRESS+PHONE+ACCT_NUM-SSN-PASSPORT,5
+NAME+DOB+ADDRESS+PHONE-GENDER-SSN,5
+NAME+DRLIC-DOB-PASSPORT,5
+PNAME+PHONE-GENERATION-SSN,5
+SURNAME-SSN,5
+SURNAME+DOB+PHONE+SSN+LOGIN_ID+ACCT_NUM,5
+PNAME+PHONE-GENERATION-DOB-GENDER-SSN-PASSPORT,5
+SURNAME+LOGIN_ID-DOB-SSN-DRLIC-PASSPORT,5
+SURNAME+DOB+SSN-DRLIC,5
+NAME+DOB+PHONE+SSN+DRLIC+ACCT_NUM-GENERATION,5
+NAME+DOB+SSN-GENERATION,5
+PNAME+ADDRESS+PHONE+DRLIC-DRLIC,5
+SURNAME+DOB+SSN+DRLIC+LOGIN_ID,5
+PNAME+DRLIC+PASSPORT+LOGIN_ID,5
+NAME+ADDRESS+SSN-PASSPORT,5
+PNAME+PHONE-GENERATION-DOB-GENDER-SSN,5
+DOB+PHONE-PASSPORT,5
+PHONE+SSN+DRLIC+PASSPORT+LOGIN_ID+ACCT_NUM,5
+LIKELY_NAME+ADDRESS+PHONE+SSN+ACCT_NUM,5
+PNAME+DOB+PHONE+PASSPORT+ACCT_NUM-DRLIC,5
+PHONE-GENERATION-DOB-GENDER-DRLIC-PASSPORT,5
+PNAME+DOB+ADDRESS+PASSPORT+ACCT_NUM-DRLIC,5
+ADDRESS+PHONE+DRLIC+PASSPORT+ACCT_NUM-GENERATION,5
+SURNAME+LOGIN_ID-DOB-SSN-DRLIC,5
+DOB+PHONE+DRLIC+PASSPORT+LOGIN_ID+ACCT_NUM,5
+PNAME+DOB+SSN+DRLIC-GENERATION,5
+DOB+PASSPORT+LOGIN_ID,5
+PNAME+DOB+SSN-PASSPORT,5
+NAME+DOB+PHONE+PASSPORT-SSN,5
+DOB+ADDRESS+PHONE+SSN+ACCT_NUM-PASSPORT,5
+PNAME+DOB+ACCT_NUM-DRLIC,5
+PNAME+ADDRESS-GENERATION-SSN-DRLIC,5
+ACCT_NUM-GENDER-SSN,5
+NAME+DOB+ADDRESS-GENERATION,5
+DOB+ADDRESS+PHONE+ACCT_NUM-SSN-PASSPORT,5
+PNAME+ADDRESS+DRLIC-SSN,5
+NAME+DOB+ADDRESS+DRLIC-SSN-PASSPORT,5
+PNAME+ADDRESS+DRLIC+PASSPORT+ACCT_NUM-GENERATION,5
+PNAME-DOB,5
+LIKELY_NAME+DOB+PHONE+SSN+DRLIC+PASSPORT,5
+NAME+DOB+PHONE+ACCT_NUM-GENERATION,5
+SURNAME+ADDRESS-GENERATION-SSN-PASSPORT,5
+DOB+ACCT_NUM-SSN,5
+DOB+ADDRESS-GENERATION-SSN,5
+PHONE+SSN+DRLIC+ACCT_NUM-GENERATION,5
+SURNAME+ADDRESS+DRLIC+LOGIN_ID+ACCT_NUM,5
+LOGIN_ID-GENERATION-GENDER-DRLIC,5
+NAME+ADDRESS+SSN+PASSPORT-GENERATION,5
+SURNAME+ADDRESS-GENERATION,5
+LOGIN_ID-GENERATION-SSN-DRLIC-PASSPORT,5
+SSN+ACCT_NUM-DRLIC,5
+PNAME+ADDRESS+PHONE+ACCT_NUM-SSN-PASSPORT,5
+NAME+DOB+ADDRESS+PASSPORT-DRLIC,5
+SURNAME+ADDRESS-GENERATION-DOB,5
+PNAME,5
+NAME+DOB+ADDRESS+PHONE+DRLIC+ACCT_NUM-SSN,5
+PASSPORT-GENERATION-DOB-SSN,5
+LIKELY_NAME+ADDRESS+PHONE+DRLIC (Ambiguous),5
+SURNAME+PHONE+ACCT_NUM-SSN,5
+ADDRESS+SSN+DRLIC-GENERATION,5
+SURNAME+ADDRESS+SSN+DRLIC+PASSPORT+LOGIN_ID,5
+PNAME+SSN+PASSPORT-DRLIC,5
+DOB+ADDRESS+SSN+DRLIC+PASSPORT+ACCT_NUM (Ambiguous),5
+SURNAME+ADDRESS-GENERATION-DOB-GENDER-SSN-DRLIC-PASSPORT,5
+PNAME+DOB+ADDRESS+PHONE+SSN+PASSPORT+ACCT_NUM-DRLIC,5
+NAME+ADDRESS+PHONE+DRLIC-DRLIC,5
+NAME+SSN-GENERATION,5
+NAME+DOB+DRLIC+PASSPORT,5
+SURNAME+DOB+ADDRESS-DRLIC,5
+PNAME+DOB+ADDRESS+ACCT_NUM-SSN,5
+NAME+DOB+PASSPORT-DRLIC,5
+DOB+ADDRESS+PHONE+PASSPORT-DRLIC,4
+LIKELY_NAME+ADDRESS-GENDER-SSN,4
+PNAME-PASSPORT,4
+PNAME+DOB+ADDRESS+PHONE+DRLIC+PASSPORT-GENERATION,4
+PNAME+DOB+ADDRESS+PHONE+DRLIC-SSN-PASSPORT,4
+PNAME+DOB+ADDRESS+PHONE+PASSPORT-SSN,4
+NAME+DOB+PHONE+SSN+DRLIC+PASSPORT+ACCT_NUM-GENERATION,4
-GENERATION-PASSPORT,4
-GENERATION-GENDER-SSN,4
+PNAME+LOGIN_ID-DOB-GENDER-SSN-DRLIC,4
+DOB+PHONE-SSN-DRLIC,4
+DOB+PHONE+SSN+DRLIC+ACCT_NUM-GENERATION,4
+NAME+DOB+PHONE+SSN+PASSPORT-DRLIC,4
+PNAME+DOB+ADDRESS+SSN+ACCT_NUM-GENERATION,4
+DOB+PHONE-SSN-DRLIC-PASSPORT,4
+DRLIC-GENDER-DRLIC-PASSPORT,4
+DRLIC-DOB-GENDER-DRLIC-PASSPORT,4
+PNAME+DRLIC+ACCT_NUM-GENERATION,4
+DRLIC-DOB-GENDER-DRLIC,4
+PNAME+DOB+DRLIC-SSN,4
+DRLIC-DOB-DRLIC-PASSPORT,4
+PNAME+DOB+PHONE+ACCT_NUM-GENERATION,4
+PNAME+DOB+SSN+DRLIC+ACCT_NUM-GENERATION,4
+PNAME+DOB+SSN+ACCT_NUM-GENERATION,4
+DOB+SSN+PASSPORT+ACCT_NUM-DRLIC,4
+PNAME+DOB+PHONE+DRLIC+PASSPORT-GENERATION,4
+DOB+SSN-GENERATION-PASSPORT,4
+PNAME+DOB+PHONE+PASSPORT-DRLIC,4
+PNAME+DOB+PHONE+SSN+LOGIN_ID (Ambiguous),4
+ADDRESS+PHONE+DRLIC+PASSPORT-GENERATION,4
+ADDRESS+PHONE+DRLIC-SSN-DRLIC,4
+ADDRESS+PHONE+DRLIC-SSN-PASSPORT,4
+ADDRESS+PHONE-GENDER-SSN,4
+NAME+ADDRESS+SSN+DRLIC+PASSPORT+ACCT_NUM-GENERATION,4
+SURNAME+DOB+PHONE+SSN+DRLIC+PASSPORT (Ambiguous),4
+SURNAME+DOB+PHONE+SSN+DRLIC+PASSPORT+ACCT_NUM (Ambiguous),4
+NAME+DOB+ADDRESS+SSN+DRLIC+ACCT_NUM-GENERATION,4
+NAME+DRLIC-GENDER-PASSPORT,4
+SURNAME+DOB+PHONE+SSN+DRLIC+LOGIN_ID+ACCT_NUM,4
+SURNAME+DOB+PHONE+SSN+DRLIC+LOGIN_ID,4
+SURNAME+DOB+PHONE+PASSPORT-SSN,4
+NAME+LOGIN_ID-GENDER-SSN,4
+SURNAME+DOB+PHONE+PASSPORT+LOGIN_ID,4
+SURNAME+DOB+PHONE+LOGIN_ID,4
+SURNAME+DOB+PHONE+DRLIC+PASSPORT+LOGIN_ID,4
+NAME+DOB+ADDRESS-SSN-DRLIC-PASSPORT,4
+SURNAME+DOB+PHONE+ACCT_NUM-SSN,4
+NAME+ADDRESS+PHONE+SSN+LOGIN_ID+ACCT_NUM (Ambiguous),4
+NAME+DOB+ADDRESS+PHONE+SSN-DRLIC (Ambiguous),4
+SURNAME+DOB+DRLIC+PASSPORT+LOGIN_ID,4
+NAME+PHONE+DRLIC+ACCT_NUM-GENERATION,4
+ADDRESS+PHONE+SSN+ACCT_NUM-PASSPORT,4
+NAME+PHONE+DRLIC+ACCT_NUM-SSN-PASSPORT,4
+NAME+PHONE+DRLIC-DOB,4
+SURNAME+DOB+ADDRESS+SSN+DRLIC+PASSPORT+ACCT_NUM (Ambiguous),4
+ADDRESS+PHONE+SSN (Ambiguous),4
+SURNAME+DOB+ADDRESS+SSN+DRLIC+LOGIN_ID+ACCT_NUM,4
+SURNAME+DOB+ADDRESS+SSN+DRLIC+LOGIN_ID,4
+NAME+PHONE+DRLIC+PASSPORT-GENERATION,4
+ADDRESS+PHONE+SSN+DRLIC+ACCT_NUM-DOB,4
+NAME+PHONE+DRLIC-SSN-PASSPORT,4
+NAME+ADDRESS+PHONE+SSN+DRLIC+ACCT_NUM,4
+SURNAME+DOB+ADDRESS+SSN+ACCT_NUM-DRLIC,4
+NAME+PHONE-GENDER-SSN-DRLIC-PASSPORT,4
+ADDRESS+PHONE+SSN+DRLIC+ACCT_NUM-DRLIC,4
+SURNAME+DOB+ADDRESS+PHONE+SSN+PASSPORT+LOGIN_ID,4
+NAME+ADDRESS+PHONE+SSN-DOB-DRLIC,4
+SURNAME+DOB+ADDRESS+PHONE+SSN+DRLIC-GENERATION,4
+ADDRESS+PHONE+SSN+DRLIC-DRLIC,4
+SURNAME+DOB+ADDRESS+PHONE+SSN+DRLIC+ACCT_NUM-GENERATION,4
+NAME+ADDRESS+PHONE+SSN+ACCT_NUM-DOB-PASSPORT,4
+NAME+PHONE+SSN+ACCT_NUM,4
+NAME+ADDRESS+PHONE+SSN+ACCT_NUM-DOB,4
+NAME+DOB+ADDRESS+SSN+PASSPORT-DRLIC,4
+NAME+PHONE+SSN+DRLIC+ACCT_NUM-GENERATION,4
+SURNAME+DOB+ADDRESS+PHONE+DRLIC-SSN,4
+SURNAME+DOB+ADDRESS+PHONE+DRLIC+PASSPORT+LOGIN_ID+ACCT_NUM,4
+SURNAME+SSN-GENERATION,4
+NAME+SSN+ACCT_NUM-PASSPORT,4
+ADDRESS+DRLIC-DOB-GENDER-SSN,4
+NAME+ADDRESS+PHONE+DRLIC+PASSPORT-DRLIC,4
+NAME+ADDRESS+PHONE+DRLIC+PASSPORT+ACCT_NUM-SSN,4
+NAME+SSN+DRLIC-GENERATION,4
+ADDRESS+SSN+ACCT_NUM-PASSPORT,4
+NAME+ADDRESS+PHONE-DRLIC-PASSPORT,4
+NAME+SSN-GENDER-DRLIC,4
+SURNAME+ADDRESS+SSN+PASSPORT+LOGIN_ID+ACCT_NUM,4
+NAME+DOB+ADDRESS+PHONE+DRLIC-DRLIC,4
+NAME+ADDRESS+PHONE+DRLIC-DOB-SSN-PASSPORT,4
+NAME+ADDRESS+PHONE+DRLIC+ACCT_NUM-PASSPORT,4
+NAME+ADDRESS+PHONE-DOB-SSN-PASSPORT,4
+NAME+ADDRESS+PHONE-DOB-SSN,4
+PASSPORT-GENERATION,4
+PASSPORT-GENERATION-DOB-SSN-DRLIC,4
+NAME+ADDRESS+PHONE+ACCT_NUM-SSN-DRLIC,4
+SURNAME+PHONE-GENERATION-DOB-SSN-PASSPORT,4
+PHONE+ACCT_NUM-SSN-PASSPORT,4
+ADDRESS+SSN+PASSPORT+ACCT_NUM-DRLIC,4
+NAME+ADDRESS+PHONE+ACCT_NUM-DOB-SSN,4
+ADDRESS+SSN+PASSPORT+ACCT_NUM-GENERATION,4
+SURNAME+ADDRESS+PHONE+SSN+DRLIC-DOB,4
+SURNAME+ADDRESS+PHONE+SSN+DRLIC+ACCT_NUM-GENERATION,4
+PHONE+DRLIC+ACCT_NUM-GENERATION,4
+ADDRESS+DRLIC-GENERATION,4
+PHONE+DRLIC-GENERATION,4
+NAME+ADDRESS-GENERATION-SSN,4
+ADDRESS+SSN+PASSPORT-DRLIC,4
+PHONE+DRLIC+PASSPORT+ACCT_NUM-GENERATION,4
+DOB+ACCT_NUM-DRLIC,4
+SURNAME+ADDRESS+PHONE-GENERATION,4
+SURNAME+ADDRESS+PHONE+DRLIC+PASSPORT+LOGIN_ID+ACCT_NUM,4
+NAME+ADDRESS+DRLIC+PASSPORT+ACCT_NUM-GENERATION,4
+SURNAME+PHONE+DRLIC+PASSPORT+LOGIN_ID,4
+SURNAME+ADDRESS+PHONE+DRLIC-PASSPORT,4
+NAME+DOB+ADDRESS+PASSPORT-GENERATION,4
+NAME+ADDRESS+DRLIC+ACCT_NUM-SSN,4
+SURNAME+ADDRESS+PHONE+ACCT_NUM-SSN-PASSPORT,4
+DOB+ADDRESS+ACCT_NUM-SSN-PASSPORT,4
+NAME+ADDRESS+ACCT_NUM-PASSPORT,4
+NAME+DOB+PASSPORT+ACCT_NUM-DRLIC,4
+SURNAME+ADDRESS-GENERATION-DOB-SSN-DRLIC-PASSPORT,4
+PHONE+SSN-PASSPORT,4
+PHONE+SSN+PASSPORT+ACCT_NUM-DRLIC,4
+PHONE+SSN+PASSPORT-GENERATION,4
+NAME+DOB+ADDRESS+PHONE+PASSPORT+ACCT_NUM-SSN,4
+PNAME+ADDRESS+ACCT_NUM-SSN,4
+DOB+ADDRESS+DRLIC+PASSPORT+LOGIN_ID,4
+LOGIN_ID-GENERATION-DOB-GENDER-DRLIC,4
+SURNAME+ADDRESS+DRLIC+PASSPORT+LOGIN_ID,4
+DOB+ADDRESS+PASSPORT-DRLIC,4
+PNAME+ADDRESS+DRLIC+ACCT_NUM-GENERATION,4
+ADDRESS+PASSPORT-DRLIC,4
+ADDRESS+PASSPORT-GENERATION,4
+LIKELY_NAME+PHONE+LOGIN_ID,4
+SSN+PASSPORT-DRLIC,4
+LIKELY_NAME+PHONE-GENDER-SSN,4
+DOB+ADDRESS+PHONE+DRLIC-PASSPORT,4
+DOB+ADDRESS+PHONE+DRLIC+PASSPORT+ACCT_NUM-GENERATION,4
+DOB+ADDRESS+PHONE+DRLIC+PASSPORT-GENERATION,4
+SURNAME+SSN+DRLIC+LOGIN_ID,4
+PNAME+ADDRESS-GENERATION-PASSPORT,4
+DOB+ADDRESS+PHONE+PASSPORT-SSN,4
+PNAME+ADDRESS+LOGIN_ID (Ambiguous),4
+PNAME+ADDRESS+PASSPORT+ACCT_NUM-DRLIC,4
+PNAME+ADDRESS+PASSPORT-SSN,4
+SSN+DRLIC-GENERATION,4
+NAME+DOB+PHONE+DRLIC-DRLIC,4
+PNAME+ADDRESS+PHONE+ACCT_NUM-PASSPORT,4
+NAME+DOB+PHONE+DRLIC-GENERATION,4
+PNAME+ADDRESS+PHONE-DOB-PASSPORT,4
+PNAME+ADDRESS+PHONE+DRLIC-DOB,4
+PNAME+SSN+LOGIN_ID (Ambiguous),4
+ADDRESS+PHONE+ACCT_NUM-DOB,4
+PNAME+SSN-GENERATION-DOB-PASSPORT,4
+PNAME+ADDRESS+PHONE+DRLIC+PASSPORT+LOGIN_ID (Ambiguous),4
+PNAME+ADDRESS+PHONE+DRLIC-SSN-PASSPORT,4
+PNAME+ADDRESS+PHONE+LOGIN_ID+ACCT_NUM (Ambiguous),4
+LIKELY_NAME+DOB+ADDRESS+PHONE+SSN+DRLIC+ACCT_NUM,4
+ADDRESS+PHONE+ACCT_NUM-PASSPORT,4
+NAME+DOB+PHONE+DRLIC-SSN,4
+LIKELY_NAME+DOB+ADDRESS+PHONE+SSN,4
+PNAME+ADDRESS+PHONE-SSN-DRLIC,4
+PNAME+ADDRESS+PHONE-SSN-DRLIC-PASSPORT,4
+PNAME+PHONE+SSN+DRLIC+PASSPORT-GENERATION,4
+PNAME+PHONE+SSN+DRLIC+PASSPORT+ACCT_NUM-GENERATION,4
+PNAME+ADDRESS+PHONE+SSN+LOGIN_ID+ACCT_NUM (Ambiguous),4
+PNAME+PHONE+SSN+DRLIC-GENERATION,4
+PNAME+PHONE+SSN-DOB,4
+PNAME+PHONE+LOGIN_ID (Ambiguous),4
+PNAME+ADDRESS+SSN-DOB,4
+DOB+LOGIN_ID-PASSPORT,4
+PNAME+PHONE+DRLIC+PASSPORT-GENERATION,4
+PNAME+ADDRESS+SSN-PASSPORT,4
+PNAME+PHONE+DRLIC-PASSPORT,4
+PNAME+ADDRESS+SSN+PASSPORT+ACCT_NUM-GENERATION,4
+ACCT_NUM-SSN-PASSPORT,4
+SURNAME+LOGIN_ID-DOB-GENDER-SSN-DRLIC-PASSPORT,4
+PNAME+DOB+ADDRESS+ACCT_NUM-GENERATION,4
+NAME+DOB+ADDRESS+ACCT_NUM-GENERATION,4
+ADDRESS+ACCT_NUM-DOB,4
+PNAME+DOB+ADDRESS+PASSPORT-GENERATION,4
+SURNAME+ADDRESS+PHONE+DRLIC+ACCT_NUM-GENERATION,3
+PHONE+PASSPORT+ACCT_NUM-GENERATION,3
+PNAME+SSN+PASSPORT+ACCT_NUM-DRLIC,3
+SURNAME+ADDRESS+PHONE+DRLIC (Ambiguous),3
+NAME+ADDRESS+DRLIC-PASSPORT,3
+ADDRESS+DRLIC+PASSPORT-GENERATION,3
+PHONE-GENERATION-DRLIC-PASSPORT,3
+DOB+PHONE+ACCT_NUM-GENERATION,3
+PHONE-GENERATION-DRLIC,3
+SURNAME+ADDRESS+PHONE+DRLIC-SSN-PASSPORT,3
+NAME+ADDRESS+DRLIC+PASSPORT-SSN,3
+SURNAME+ADDRESS+PHONE-PASSPORT,3
+PNAME+DOB+ADDRESS+PHONE+SSN+LOGIN_ID (Ambiguous),3
+SURNAME+PHONE-GENDER-DRLIC-PASSPORT,3
+PNAME+DOB+ADDRESS+ACCT_NUM-SSN-DRLIC,3
+NAME+ADDRESS-GENERATION-DOB-SSN-DRLIC-PASSPORT,3
+PNAME+DOB+ADDRESS+PHONE+SSN+DRLIC+PASSPORT+LOGIN_ID+ACCT_NUM (Ambiguous),3
+PNAME+SSN-GENERATION-DOB-DRLIC-PASSPORT,3
+PHONE+DRLIC+PASSPORT+LOGIN_ID,3
+SURNAME+ADDRESS+PHONE+SSN+ACCT_NUM-PASSPORT,3
+SURNAME+ADDRESS+PHONE+SSN (Ambiguous),3
+SURNAME+ADDRESS+PHONE+SSN-DOB,3
+SURNAME+ADDRESS+PHONE+SSN+DRLIC (Ambiguous),3
+SURNAME+ADDRESS+PHONE+SSN+DRLIC-GENERATION,3
+SURNAME+PHONE-GENERATION-DOB-SSN-DRLIC-PASSPORT,3
+NAME+ADDRESS+PHONE+ACCT_NUM-DRLIC-PASSPORT,3
+SURNAME+ADDRESS+PHONE+SSN-GENERATION,3
+SURNAME+ADDRESS+PHONE-SSN-PASSPORT,3
+NAME+ADDRESS+PHONE+ACCT_NUM-SSN-DRLIC-PASSPORT,3
+SURNAME+PHONE+ACCT_NUM-SSN-DRLIC,3
+PNAME+ADDRESS+PHONE+DRLIC+PASSPORT-GENERATION,3
+PASSPORT-GENERATION-GENDER,3
+DOB+PHONE+ACCT_NUM-PASSPORT,3
+ADDRESS+SSN+DRLIC+PASSPORT-GENERATION,3
+ADDRESS+SSN+DRLIC-PASSPORT,3
+NAME+ADDRESS+PHONE+DRLIC+ACCT_NUM-DOB-SSN,3
+NAME+DOB+PHONE+SSN+PASSPORT+ACCT_NUM-GENERATION,3
+PNAME+ADDRESS+PHONE-GENDER,3
+SURNAME+PHONE+PASSPORT+ACCT_NUM-DRLIC,3
+PNAME+SSN+DRLIC-GENERATION,3
+PNAME+SSN+DRLIC+ACCT_NUM-GENERATION,3
+SURNAME+LOGIN_ID-DOB-GENDER-SSN-DRLIC,3
+ADDRESS+SSN+DRLIC-DOB,3
+SURNAME+PHONE+PASSPORT-DRLIC,3
+SURNAME+PASSPORT+LOGIN_ID+ACCT_NUM,3
+NAME+SSN+PASSPORT+ACCT_NUM-DRLIC,3
+LIKELY_NAME+DOB+ADDRESS+PHONE+SSN+DRLIC+PASSPORT,3
+NAME+ADDRESS+PHONE+DRLIC+LOGIN_ID (Ambiguous),3
+NAME+DOB+ADDRESS+PHONE+SSN+DRLIC-DRLIC,3
+DOB+ADDRESS+SSN+DRLIC+PASSPORT+ACCT_NUM-GENERATION,3
+SURNAME+PHONE+PASSPORT+LOGIN_ID+ACCT_NUM,3
+NAME+SSN+DRLIC+ACCT_NUM-GENERATION,3
+SURNAME+DOB+ADDRESS+DRLIC-SSN,3
+SURNAME+DOB+ADDRESS+PASSPORT+LOGIN_ID+ACCT_NUM,3
+DOB+ADDRESS+SSN+DRLIC+PASSPORT+LOGIN_ID,3
+PNAME+ADDRESS+PHONE+PASSPORT-SSN,3
-GENERATION-DOB-SSN,3
+PNAME+DOB+ADDRESS+PHONE+SSN+DRLIC+LOGIN_ID (Ambiguous),3
+PNAME+ADDRESS+PHONE+SSN+ACCT_NUM,3
+ADDRESS+PHONE-DOB-PASSPORT,3
+NAME+ADDRESS+PHONE+DRLIC+PASSPORT-SSN,3
+NAME+DOB+ADDRESS+PHONE+SSN+LOGIN_ID+ACCT_NUM (Ambiguous),3
+SURNAME+DOB+ADDRESS+PHONE+ACCT_NUM-PASSPORT,3
+DOB+PHONE-DRLIC,3
+SURNAME+DOB+ADDRESS+PHONE (Ambiguous),3
+SURNAME+DOB+ADDRESS+PHONE+DRLIC+ACCT_NUM-GENERATION,3
+SURNAME+PHONE+SSN-DOB,3
+ADDRESS+PHONE+SSN+PASSPORT+ACCT_NUM-DOB,3
+ADDRESS+DRLIC+ACCT_NUM-SSN,3
+SURNAME+DOB+ADDRESS+PHONE+DRLIC-SSN-PASSPORT,3
+NAME+DOB+ADDRESS+SSN+PASSPORT-GENERATION,3
+PNAME+ADDRESS+PHONE+SSN-DOB-PASSPORT,3
+PNAME+DOB+ADDRESS+DRLIC-GENERATION,3
+DOB+ADDRESS+SSN+PASSPORT+ACCT_NUM-DRLIC,3
+SURNAME+DOB+ADDRESS+PHONE+SSN+DRLIC+ACCT_NUM-PASSPORT,3
+SURNAME+PHONE+SSN+DRLIC-PASSPORT,3
+ADDRESS+PHONE+SSN+DRLIC-DOB-PASSPORT,3
+SURNAME+DOB+ADDRESS+PHONE+SSN-GENERATION,3
+NAME+PHONE-GENERATION-SSN-PASSPORT,3
+SURNAME+DOB+ADDRESS+PHONE+SSN-PASSPORT,3
+NAME+DOB+ADDRESS+PHONE+PASSPORT-SSN-DRLIC,3
+PNAME+ADDRESS+PHONE+SSN+DRLIC-DOB,3
+NAME+PHONE-GENDER-DRLIC-PASSPORT,3
+SURNAME+DOB+ADDRESS+SSN+ACCT_NUM-PASSPORT,3
+SURNAME+DOB+ADDRESS+SSN-DRLIC,3
+NAME+ADDRESS+PHONE+SSN+DRLIC-DOB,3
+LIKELY_NAME+ADDRESS+PHONE+ACCT_NUM,3
+SURNAME+DOB+ADDRESS+SSN+DRLIC+PASSPORT (Ambiguous),3
+NAME+ADDRESS+PHONE+SSN+DRLIC-DOB-PASSPORT,3
+NAME+ADDRESS+PHONE+SSN+DRLIC+PASSPORT+ACCT_NUM,3
+DOB+PHONE+DRLIC-DRLIC,3
+ADDRESS+ACCT_NUM-SSN,3
+NAME+DOB+ADDRESS+SSN+DRLIC+PASSPORT+ACCT_NUM-GENERATION,3
-GENERATION-GENDER-SSN-PASSPORT,3
+SURNAME+LOGIN_ID-DRLIC-PASSPORT,3
+SURNAME+DOB+PASSPORT+LOGIN_ID,3
+NAME+ADDRESS+PHONE+SSN+LOGIN_ID (Ambiguous),3
+SURNAME+DOB+PHONE+ACCT_NUM-SSN-PASSPORT,3
+PNAME+ADDRESS+PHONE+SSN-GENDER,3
+NAME+PHONE+ACCT_NUM-DOB,3
+LIKELY_NAME+ADDRESS-DOB-GENDER-SSN,3
+NAME+ADDRESS+PHONE+SSN+PASSPORT+LOGIN_ID+ACCT_NUM (Ambiguous),3
+ADDRESS+PHONE-DOB-GENDER-SSN-PASSPORT,3
+SURNAME+DOB+PHONE+DRLIC+ACCT_NUM-SSN,3
+PNAME+PHONE+SSN+DRLIC+ACCT_NUM-GENERATION,3
+SURNAME+PHONE+SSN+PASSPORT-DRLIC,3
+PNAME+DOB+ADDRESS+PASSPORT-DRLIC,3
+ADDRESS+PHONE+PASSPORT-DOB,3
+NAME+LOGIN_ID-SSN-PASSPORT,3
+NAME+DOB+ADDRESS+PHONE+LOGIN_ID+ACCT_NUM (Ambiguous),3
+NAME+LOGIN_ID-PASSPORT,3
+NAME+DOB+ADDRESS+PHONE-GENDER-SSN-PASSPORT,3
+NAME+LOGIN_ID-DOB-SSN-PASSPORT,3
+NAME+LOGIN_ID-DOB-GENDER-SSN-PASSPORT,3
+NAME+LOGIN_ID-DOB-GENDER-SSN,3
+PNAME+ADDRESS+PHONE+SSN+PASSPORT+LOGIN_ID (Ambiguous),3
+PNAME+PHONE+PASSPORT+ACCT_NUM-GENERATION,3
+SURNAME+DOB+PHONE+SSN+ACCT_NUM-DRLIC,3
+DOB+LOGIN_ID-GENDER-PASSPORT,3
+LIKELY_NAME+ADDRESS+PHONE+SSN+PASSPORT (Ambiguous),3
+PNAME+ADDRESS+SSN+ACCT_NUM-DOB,3
+NAME+LOGIN_ID-DOB,3
+NAME+ADDRESS+SSN-DOB-PASSPORT,3
+NAME+DRLIC-GENERATION,3
+NAME+DRLIC-GENDER-SSN-PASSPORT,3
+NAME+DRLIC-DRLIC-PASSPORT,3
+PNAME+DOB+ADDRESS+PHONE+LOGIN_ID (Ambiguous),3
+NAME+DRLIC-DOB-GENDER-PASSPORT,3
+DOB+PHONE+PASSPORT+ACCT_NUM-SSN,3
+SURNAME+DOB+PHONE+SSN-GENERATION,3
+SURNAME+DOB+PHONE-SSN-PASSPORT,3
+ADDRESS+PHONE-GENDER-SSN-PASSPORT,3
+PNAME+PHONE-GENERATION-DOB-GENDER-SSN-DRLIC-PASSPORT,3
+SURNAME+DOB+SSN+LOGIN_ID+ACCT_NUM,3
+PNAME+DOB+PHONE-SSN-DRLIC-PASSPORT,3
+PNAME+ADDRESS+SSN+DRLIC+ACCT_NUM-DOB,3
+PNAME+DOB+PHONE+SSN+DRLIC+PASSPORT+ACCT_NUM-GENERATION,3
+DOB+SSN+DRLIC+LOGIN_ID+ACCT_NUM,3
+DOB+SSN+DRLIC+PASSPORT+LOGIN_ID+ACCT_NUM,3
+NAME+DOB+SSN+DRLIC+ACCT_NUM-GENERATION,3
+PNAME+PHONE+ACCT_NUM-SSN-PASSPORT,3
+PNAME+DOB+PHONE+SSN+ACCT_NUM-DRLIC,3
+DOB+SSN-GENERATION-GENDER-PASSPORT,3
+DOB+LOGIN_ID-SSN-DRLIC,3
+PNAME+ADDRESS+SSN+DRLIC-PASSPORT,3
+PNAME+ADDRESS+SSN+DRLIC+PASSPORT,3
+PNAME+DOB+PHONE+SSN+PASSPORT+ACCT_NUM-GENERATION,3
+DOB+SSN+DRLIC-GENERATION,3
+PNAME+DOB+PHONE+LOGIN_ID (Ambiguous),3
+PNAME+DOB+PHONE+SSN+PASSPORT-DRLIC,3
+PNAME+DOB+PHONE+DRLIC+PASSPORT,3
+PNAME+DOB+PHONE+DRLIC-GENERATION,3
+PNAME+LOGIN_ID-GENDER-SSN-DRLIC,3
+PNAME+DOB+SSN-DRLIC,3
+PNAME+DOB+PHONE+DRLIC+ACCT_NUM-GENERATION,3
+NAME+DOB+ADDRESS-SSN-DRLIC,3
+PNAME+LOGIN_ID-GENERATION-DOB-SSN-PASSPORT,3
+DOB+SSN+ACCT_NUM-GENERATION,3
+DOB-SSN,3
+PNAME+DOB+SSN+PASSPORT,3
+PNAME+DOB+ADDRESS+PHONE+DRLIC-PASSPORT,3
+PNAME+PHONE+DRLIC+LOGIN_ID (Ambiguous),3
+PNAME-DOB-PASSPORT,3
+DOB+PHONE+SSN+PASSPORT-DRLIC,3
+PNAME+DRLIC+ACCT_NUM-SSN,3
+PNAME+DOB+DRLIC-DRLIC,3
+DRLIC-DRLIC-PASSPORT,3
+DOB+PHONE+SSN+PASSPORT+ACCT_NUM-GENERATION,3
+PNAME+DOB+ADDRESS+SSN+PASSPORT,3
+PNAME+DOB+ACCT_NUM-GENERATION,3
+PNAME+DRLIC+PASSPORT-GENERATION,3
+PNAME+ADDRESS-GENERATION-GENDER,3
+DOB+ADDRESS+PHONE+DRLIC+PASSPORT-SSN,3
+NAME+DOB+PHONE-SSN-DRLIC-PASSPORT,3
+DOB+ADDRESS+PHONE+DRLIC+ACCT_NUM-SSN,3
+SSN+PASSPORT+ACCT_NUM-DRLIC,3
+PNAME+ADDRESS+DRLIC+PASSPORT+ACCT_NUM,3
+SURNAME,3
+PNAME+DOB+ADDRESS-SSN-DRLIC,3
+NAME+DOB+ADDRESS+DRLIC-GENERATION,3
+LIKELY_NAME+ADDRESS+PHONE+DRLIC+PASSPORT (Ambiguous),3
+SURNAME+ACCT_NUM-DRLIC,3
+DOB+ADDRESS+PHONE+SSN+DRLIC+ACCT_NUM-DRLIC,3
+DOB+ADDRESS+PHONE+SSN+DRLIC+ACCT_NUM-PASSPORT,3
+SURNAME+LOGIN_ID+ACCT_NUM,3
+SURNAME+ADDRESS+ACCT_NUM-SSN,3
+DOB+ADDRESS+PASSPORT-SSN,3
+DOB+ADDRESS+PASSPORT-GENERATION,3
+PNAME+DOB+ADDRESS+PHONE+SSN+PASSPORT+LOGIN_ID+ACCT_NUM (Ambiguous),3
+LOGIN_ID-GENERATION-GENDER-DRLIC-PASSPORT,3
+PNAME+ADDRESS+ACCT_NUM-SSN-PASSPORT,3
+PNAME+ACCT_NUM-SSN-PASSPORT,3
+ADDRESS+PASSPORT+ACCT_NUM-GENERATION,3
+NAME+ACCT_NUM-DOB,3
+ADDRESS+PASSPORT+ACCT_NUM-DRLIC,3
+DOB+ADDRESS+PHONE+SSN+DRLIC+PASSPORT+LOGIN_ID,3
+NAME+DOB+PASSPORT+ACCT_NUM-GENERATION,3
+PNAME-GENDER-SSN-PASSPORT,3
+SSN (Ambiguous),3
+DOB+PHONE-GENDER-PASSPORT,3
+PHONE+SSN+DRLIC+PASSPORT+ACCT_NUM-GENERATION,3
+SURNAME+ADDRESS-GENERATION-GENDER-SSN,3
+SURNAME+ADDRESS-GENERATION-GENDER-SSN-PASSPORT,3
+DOB+ADDRESS+DRLIC+ACCT_NUM-GENERATION,3
+SURNAME+ADDRESS+PASSPORT+ACCT_NUM-DRLIC,3
+NAME+ADDRESS+DRLIC+ACCT_NUM-GENERATION,3
+PHONE+PASSPORT-DRLIC,3
+PNAME+SSN+PASSPORT-GENERATION,3
+DOB+ADDRESS+ACCT_NUM-GENDER,3
+NAME+DOB+ADDRESS+PHONE+SSN+ACCT_NUM,2
+NAME+DOB+ADDRESS+PHONE+SSN+DRLIC+PASSPORT+LOGIN_ID (Ambiguous),2
+NAME+DOB+ADDRESS+PHONE+SSN+LOGIN_ID (Ambiguous),2
+NAME+DOB+ADDRESS+PHONE+LOGIN_ID (Ambiguous),2
+NAME+DOB+ADDRESS+PHONE+DRLIC-SSN-DRLIC-PASSPORT,2
+NAME+DOB+ADDRESS+PHONE+DRLIC-SSN-DRLIC,2
+NAME+DOB+ADDRESS+SSN+DRLIC+PASSPORT-GENERATION,2
+NAME+DOB+ADDRESS+SSN+LOGIN_ID+ACCT_NUM (Ambiguous),2
+NAME+DOB+ADDRESS+SSN+PASSPORT+ACCT_NUM-GENERATION,2
+NAME+DOB+ADDRESS+PHONE+DRLIC-PASSPORT,2
+NAME+DOB+DRLIC+ACCT_NUM-SSN-DRLIC-PASSPORT,2
+NAME+DOB+DRLIC+ACCT_NUM-SSN-PASSPORT,2
+NAME+DOB+DRLIC-PASSPORT,2
+NAME+DOB+ADDRESS+PHONE+DRLIC-DRLIC-PASSPORT,2
+NAME+DOB+ADDRESS+PHONE+ACCT_NUM-SSN-DRLIC,2
+NAME+DOB+ADDRESS+PASSPORT-SSN,2
+NAME+DOB+ADDRESS-GENDER-SSN-PASSPORT,2
+NAME+DOB+PASSPORT-SSN,2
+NAME+DOB+ADDRESS+DRLIC-SSN-DRLIC,2
+NAME+DOB+ADDRESS+DRLIC+PASSPORT+ACCT_NUM-GENERATION,2
+NAME+DOB+ADDRESS+DRLIC-PASSPORT,2
+NAME+DOB+ADDRESS+DRLIC+LOGIN_ID (Ambiguous),2
+NAME+DOB+PHONE+DRLIC+ACCT_NUM-GENERATION,2
+NAME+DOB+PHONE+DRLIC-PASSPORT,2
+NAME+DOB+PHONE+DRLIC+PASSPORT+ACCT_NUM-GENERATION,2
+NAME+DOB+ADDRESS+DRLIC+ACCT_NUM-SSN-PASSPORT,2
+NAME+DOB+PHONE+PASSPORT+ACCT_NUM-DRLIC,2
+NAME+DOB+PHONE+PASSPORT-SSN-DRLIC,2
+NAME+DOB+PHONE+SSN+ACCT_NUM-DRLIC,2
+NAME+DOB+PHONE-SSN-DRLIC,2
+NAME+DOB+ADDRESS+ACCT_NUM-DRLIC-PASSPORT,2
+NAME+DOB+ACCT_NUM-SSN-DRLIC,2
+NAME+DOB+ACCT_NUM-GENERATION,2
+NAME+DOB+PHONE+SSN-PASSPORT,2
+NAME+DRLIC+ACCT_NUM-SSN,2
+NAME+DRLIC-DRLIC,2
+NAME+ADDRESS+SSN-DOB-DRLIC-PASSPORT,2
+NAME+DRLIC+PASSPORT-SSN,2
+NAME+LOGIN_ID-DOB-GENDER,2
+NAME+ADDRESS+SSN+ACCT_NUM-PASSPORT,2
+NAME+ADDRESS+SSN+ACCT_NUM-DOB,2
+NAME+ADDRESS+PHONE+SSN+PASSPORT-DOB,2
+NAME+ADDRESS+PHONE+SSN+DRLIC+PASSPORT+LOGIN_ID (Ambiguous),2
+NAME+PHONE-DOB-GENDER-DRLIC-PASSPORT,2
+ACCT_NUM-DOB-GENDER-SSN,2
+NAME+ADDRESS+PHONE+SSN+DRLIC+PASSPORT-DRLIC,2
+NAME+ADDRESS+PHONE+SSN+DRLIC+PASSPORT+ACCT_NUM-DOB,2
+NAME+PHONE+DRLIC+ACCT_NUM-SSN,2
+NAME+PHONE+DRLIC+LOGIN_ID+ACCT_NUM (Ambiguous),2
+NAME+PHONE-GENERATION-DOB-GENDER-PASSPORT,2
+NAME+PHONE-GENERATION-DOB-GENDER-SSN-PASSPORT,2
+NAME+PHONE-GENERATION-DOB-SSN-DRLIC-PASSPORT,2
+NAME+PHONE-GENERATION-PASSPORT,2
+NAME+PHONE-GENERATION-SSN,2
+NAME+PHONE+LOGIN_ID (Ambiguous),2
+NAME+PHONE+PASSPORT+ACCT_NUM-SSN,2
+NAME+PHONE+PASSPORT+ACCT_NUM-SSN-DRLIC,2
+NAME+ADDRESS+PHONE+SSN+ACCT_NUM-DOB-DRLIC-PASSPORT,2
+NAME+PHONE+SSN+ACCT_NUM-PASSPORT,2
+NAME+PHONE+SSN-DOB-PASSPORT,2
+NAME+ADDRESS+PHONE+PASSPORT+LOGIN_ID (Ambiguous),2
+NAME+ADDRESS+PHONE+PASSPORT+ACCT_NUM-SSN-DRLIC,2
+NAME+PHONE+SSN+DRLIC-DOB-PASSPORT,2
+NAME+ADDRESS+PHONE+PASSPORT+ACCT_NUM-SSN,2
+NAME+PHONE+SSN-DRLIC-PASSPORT,2
+NAME+PHONE+SSN+DRLIC+PASSPORT+ACCT_NUM,2
+NAME+PHONE+SSN+PASSPORT+ACCT_NUM,2
+NAME+SSN+ACCT_NUM-DOB,2
+NAME+SSN+ACCT_NUM-DOB-PASSPORT,2
+NAME+SSN+ACCT_NUM-GENERATION,2
+NAME+ADDRESS+PHONE+DRLIC+PASSPORT+LOGIN_ID+ACCT_NUM (Ambiguous),2
+NAME+SSN+DRLIC-DRLIC,2
+NAME+SSN+DRLIC+LOGIN_ID (Ambiguous),2
+NAME+SSN-GENDER-DRLIC-PASSPORT,2
+NAME+SSN+LOGIN_ID (Ambiguous),2
+NAME+ADDRESS+PHONE+DRLIC+LOGIN_ID+ACCT_NUM (Ambiguous),2
+NAME+SSN+PASSPORT+ACCT_NUM-GENERATION,2
+NAME+SSN+PASSPORT-GENERATION,2
+PASSPORT+ACCT_NUM-DRLIC,2
+NAME+ADDRESS+PHONE+DRLIC+ACCT_NUM-DRLIC,2
+NAME+ADDRESS+PHONE+DRLIC+ACCT_NUM-DOB-SSN-PASSPORT,2
+NAME+ADDRESS+PHONE-DOB-SSN-DRLIC,2
+PASSPORT-GENERATION-DOB-GENDER,2
+PASSPORT-GENERATION-GENDER-SSN,2
+PHONE+ACCT_NUM-GENDER,2
+NAME+ADDRESS+PHONE+ACCT_NUM-DOB-SSN-DRLIC-PASSPORT,2
+NAME+ADDRESS+PASSPORT+ACCT_NUM-SSN,2
+NAME+ADDRESS+PASSPORT+ACCT_NUM-GENERATION,2
+PHONE+DRLIC+ACCT_NUM-SSN,2
+PHONE+DRLIC-GENDER-SSN,2
+NAME+ADDRESS-GENERATION-PASSPORT,2
+NAME+ADDRESS-GENERATION-GENDER-SSN,2
+NAME+ADDRESS-GENERATION-DOB-GENDER-SSN-PASSPORT,2
+PHONE-GENERATION-DOB-GENDER-DRLIC,2
+NAME+ADDRESS+DRLIC-SSN-DRLIC,2
+PHONE-GENERATION-GENDER-DRLIC,2
+PHONE-GENERATION-GENDER-DRLIC-PASSPORT,2
+NAME+ADDRESS+DRLIC-DRLIC-PASSPORT,2
+NAME+ADDRESS+DRLIC-DOB-SSN,2
+PHONE+PASSPORT+ACCT_NUM-DRLIC,2
+PHONE+PASSPORT-GENERATION,2
+PHONE+SSN+ACCT_NUM-DOB,2
+PHONE+SSN+ACCT_NUM-PASSPORT,2
+PHONE+SSN-DOB-PASSPORT,2
+NAME+ADDRESS+ACCT_NUM-SSN-DRLIC,2
+PHONE+SSN+DRLIC-GENDER,2
+PHONE+SSN+DRLIC-PASSPORT,2
+NAME+ADDRESS+ACCT_NUM-DOB-SSN,2
+PHONE+SSN+DRLIC+PASSPORT-GENERATION,2
+NAME+ACCT_NUM-SSN-DRLIC,2
+PHONE+SSN+PASSPORT+ACCT_NUM-GENERATION,2
+PHONE+SSN+PASSPORT-DOB,2
+NAME+ACCT_NUM-DOB-SSN,2
+PNAME+ACCT_NUM-PASSPORT,2
+PNAME+ACCT_NUM-SSN-DRLIC,2
+PNAME+ADDRESS+ACCT_NUM-DOB,2
+LIKELY_NAME+PHONE-SSN,2
+PNAME+ADDRESS+DRLIC+ACCT_NUM-SSN,2
+LIKELY_NAME+PHONE+LOGIN_ID+ACCT_NUM,2
+PNAME+ADDRESS+DRLIC-DOB,2
+PNAME+ADDRESS+DRLIC+LOGIN_ID+ACCT_NUM (Ambiguous),2
+PNAME+ADDRESS+DRLIC+PASSPORT-SSN,2
+LIKELY_NAME+PHONE-DOB-GENDER-SSN-PASSPORT,2
+LIKELY_NAME+PHONE-DOB-GENDER-SSN,2
+PNAME+ADDRESS-GENERATION-DOB-DRLIC,2
+LIKELY_NAME+DRLIC-SSN,2
+LIKELY_NAME+DRLIC-GENDER,2
+PNAME+ADDRESS-GENERATION-GENDER-PASSPORT,2
+PNAME+ADDRESS-GENERATION-GENDER-SSN,2
+PNAME+ADDRESS-GENERATION-SSN-DRLIC-PASSPORT,2
+LIKELY_NAME+DOB+SSN+ACCT_NUM (Ambiguous),2
+LIKELY_NAME+DOB+SSN+ACCT_NUM,2
+PNAME+ADDRESS+PHONE+ACCT_NUM-DOB-PASSPORT,2
+PNAME+ADDRESS+PHONE-DOB-GENDER-SSN,2
+PNAME+ADDRESS+PHONE+DRLIC+ACCT_NUM-SSN-DRLIC,2
+PNAME+ADDRESS+PHONE+DRLIC-DOB-SSN,2
+PNAME+ADDRESS+PHONE+DRLIC-DRLIC-PASSPORT,2
+PNAME+ADDRESS+PHONE+DRLIC-GENDER,2
+PNAME+ADDRESS+PHONE+DRLIC+PASSPORT+ACCT_NUM-DOB-SSN,2
+PNAME+ADDRESS+PHONE+DRLIC+PASSPORT-DRLIC,2
+PNAME+ADDRESS+PHONE+DRLIC+PASSPORT+LOGIN_ID+ACCT_NUM (Ambiguous),2
+PNAME+ADDRESS+PHONE+DRLIC-SSN-DRLIC,2
+LIKELY_NAME+DOB+ADDRESS+PHONE+SSN+PASSPORT+ACCT_NUM,2
+PNAME+ADDRESS+PHONE+PASSPORT-DOB,2
+LIKELY_NAME+DOB+ADDRESS+PHONE+SSN (Ambiguous),2
+LIKELY_NAME+DOB+ADDRESS+PHONE+SSN+ACCT_NUM (Ambiguous),2
+PNAME+ADDRESS+PHONE+SSN+ACCT_NUM-DOB,2
+PNAME+ADDRESS+PHONE+SSN+ACCT_NUM-DOB-DRLIC,2
+LIKELY_NAME+DOB+ADDRESS+PHONE+PASSPORT (Ambiguous),2
+PNAME+ADDRESS+PHONE+SSN+ACCT_NUM-PASSPORT,2
+LIKELY_NAME+DOB+ADDRESS+PHONE+DRLIC,2
+PNAME+ADDRESS+PHONE+SSN-DRLIC-PASSPORT,2
+PNAME+ADDRESS+PHONE+SSN+DRLIC-PASSPORT,2
+PNAME+ADDRESS+PHONE+SSN+DRLIC+PASSPORT-DOB,2
+PNAME+ADDRESS+PHONE+SSN+DRLIC+PASSPORT+LOGIN_ID (Ambiguous),2
+PNAME+ADDRESS+PHONE+SSN+PASSPORT+ACCT_NUM-DOB-DRLIC,2
+LIKELY_NAME+ADDRESS-SSN-PASSPORT,2
+PNAME+ADDRESS+PHONE+SSN+PASSPORT-DOB,2
+LIKELY_NAME+ADDRESS+PHONE+SSN+PASSPORT+ACCT_NUM,2
+LIKELY_NAME+ADDRESS+PHONE+SSN+DRLIC (Ambiguous),2
+LIKELY_NAME+ADDRESS+PHONE+SSN+DRLIC,2
+PNAME+ADDRESS+SSN+LOGIN_ID (Ambiguous),2
+PNAME+ADDRESS+SSN+PASSPORT+ACCT_NUM,2
+PNAME+DOB+ACCT_NUM-PASSPORT,2
+PNAME+DOB+ACCT_NUM-SSN,2
+PNAME+DOB+ACCT_NUM-SSN-PASSPORT,2
+PNAME+DOB+ADDRESS+ACCT_NUM,2
+PNAME+DOB+ADDRESS+DRLIC+ACCT_NUM-GENERATION,2
+PNAME+DOB+ADDRESS+DRLIC+ACCT_NUM-SSN,2
+PNAME+DOB+ADDRESS+DRLIC-SSN-DRLIC,2
+PNAME+DOB+ADDRESS-GENDER,2
+PNAME+DOB+ADDRESS-GENERATION,2
+PNAME+DOB+ADDRESS-PASSPORT,2
+PNAME+DOB+ADDRESS+PASSPORT-SSN,2
+PNAME+DOB+ADDRESS+PHONE+ACCT_NUM,2
+LIKELY_NAME+ADDRESS+LOGIN_ID,2
+LIKELY_NAME+ADDRESS-GENDER-SSN-PASSPORT,2
+PNAME+DOB+ADDRESS+PHONE+ACCT_NUM-PASSPORT,2
+PNAME+DOB+ADDRESS+PHONE+DRLIC+ACCT_NUM-SSN,2
+PNAME+DOB+ADDRESS+PHONE+DRLIC-DRLIC,2
+PNAME+DOB+ADDRESS+PHONE-DRLIC-PASSPORT,2
+PNAME+DOB+ADDRESS+PHONE+PASSPORT+ACCT_NUM-SSN,2
+LIKELY_NAME+ADDRESS-DOB-GENDER-PASSPORT,2
-GENERATION-SSN-PASSPORT,2
+PNAME+DOB+ADDRESS+PHONE+SSN+ACCT_NUM,2
-GENERATION-SSN-DRLIC,2
+PNAME+DOB+ADDRESS+PHONE-SSN-DRLIC,2
-GENERATION-GENDER-PASSPORT,2
+PNAME+DOB+ADDRESS+PHONE+SSN-DRLIC (Ambiguous),2
-GENERATION-DOB-SSN-PASSPORT,2
+PNAME+DOB+ADDRESS+PHONE-SSN-DRLIC-PASSPORT,2
+PNAME+DOB+ADDRESS+PHONE+SSN+DRLIC+PASSPORT,2
+PNAME+DOB+ADDRESS+PHONE+SSN+DRLIC+PASSPORT-DRLIC,2
+PNAME+DOB+ADDRESS+PHONE+SSN+PASSPORT+LOGIN_ID (Ambiguous),2
+DRLIC+PASSPORT+LOGIN_ID,2
+PNAME+DOB+ADDRESS-SSN-DRLIC-PASSPORT,2
+PNAME+DOB+ADDRESS+SSN+DRLIC+PASSPORT+ACCT_NUM-GENERATION,2
+PNAME+DOB+ADDRESS+SSN+PASSPORT-GENERATION,2
+PNAME+DOB+DRLIC-PASSPORT,2
+PNAME+DOB+DRLIC-SSN-PASSPORT,2
+PNAME+DOB+PASSPORT+ACCT_NUM-GENERATION,2
+DRLIC+ACCT_NUM-GENERATION,2
+PNAME+DOB+PHONE+ACCT_NUM-SSN-PASSPORT,2
+DOB+SSN+PASSPORT-DRLIC,2
+DOB+SSN+PASSPORT+ACCT_NUM-GENERATION,2
+DOB-SSN-PASSPORT,2
+PNAME+DOB+PHONE+DRLIC-SSN-PASSPORT,2
+PNAME+DOB+PHONE-SSN-DRLIC,2
+PNAME+DOB+PHONE+SSN+DRLIC+ACCT_NUM-GENERATION,2
+PNAME+DOB+PHONE+SSN+DRLIC+PASSPORT-GENERATION,2
+PNAME+DOB+PHONE+SSN+LOGIN_ID+ACCT_NUM (Ambiguous),2
+PNAME+DOB+PHONE+SSN-PASSPORT,2
+DOB+SSN+DRLIC (Ambiguous),2
+PNAME+DOB+SSN+ACCT_NUM-DRLIC,2
+DOB+SSN+DRLIC+ACCT_NUM-GENERATION,2
+PNAME-DOB-SSN-DRLIC,2
+PNAME+DOB+SSN+DRLIC+PASSPORT,2
+DOB+SSN+ACCT_NUM-DRLIC,2
+PNAME+DRLIC+ACCT_NUM-DRLIC,2
+DOB+PHONE+SSN+PASSPORT+ACCT_NUM-DRLIC,2
+DOB+PHONE+SSN-PASSPORT,2
+DOB+PHONE+SSN+DRLIC+PASSPORT+LOGIN_ID+ACCT_NUM,2
+DOB+PHONE+SSN+DRLIC+PASSPORT-GENERATION,2
+PNAME+DRLIC-GENERATION,2
+PNAME+DRLIC-GENERATION-DOB-GENDER-SSN-PASSPORT,2
+PNAME+DRLIC-GENERATION-DOB-PASSPORT,2
+PNAME+DRLIC-GENERATION-DOB-SSN,2
+PNAME+DRLIC-GENERATION-SSN-PASSPORT,2
+DOB+PHONE+SSN+DRLIC-PASSPORT,2
+PNAME+DRLIC-SSN-DRLIC,2
+PNAME-GENDER-SSN,2
+DOB+PHONE+PASSPORT-SSN,2
+DOB+PHONE-GENDER-SSN-DRLIC-PASSPORT,2
+PNAME+PASSPORT-DRLIC,2
+DOB+PHONE-GENDER-DRLIC,2
+DOB+PHONE+DRLIC+PASSPORT-SSN,2
+PNAME+PHONE+ACCT_NUM-PASSPORT,2
+PNAME+PHONE+ACCT_NUM-SSN-DRLIC,2
+DOB+PHONE+DRLIC+PASSPORT-GENERATION,2
+DOB+PHONE+DRLIC+ACCT_NUM-GENERATION,2
+PNAME+PHONE+DRLIC+PASSPORT+ACCT_NUM-GENERATION,2
+DOB+PASSPORT+ACCT_NUM-GENERATION,2
+DOB+LOGIN_ID-SSN-DRLIC-PASSPORT,2
+PNAME+PHONE-GENERATION-DOB-SSN,2
+PNAME+PHONE-GENERATION-GENDER,2
+PNAME+PHONE-GENERATION-GENDER-SSN,2
+PNAME+PHONE-GENERATION-SSN-DRLIC,2
+PNAME+PHONE+PASSPORT+ACCT_NUM-DRLIC,2
+PNAME+PHONE+PASSPORT-SSN,2
+PNAME+PHONE+SSN+ACCT_NUM-DOB-PASSPORT,2
+DOB-GENDER,2
+PNAME+PHONE+SSN-DOB-DRLIC-PASSPORT,2
+PNAME+PHONE+SSN-DOB-PASSPORT,2
+DOB+DRLIC+PASSPORT+LOGIN_ID,2
+DOB+DRLIC-GENERATION-SSN-PASSPORT,2
+DOB+ADDRESS+SSN+PASSPORT+LOGIN_ID+ACCT_NUM,2
+PNAME+PHONE+SSN+PASSPORT+ACCT_NUM,2
+DOB+ADDRESS+SSN+PASSPORT-GENERATION,2
+PNAME+PHONE+SSN+PASSPORT+ACCT_NUM-DOB,2
+DOB+ADDRESS+SSN+DRLIC+PASSPORT+LOGIN_ID+ACCT_NUM,2
+DOB+ADDRESS+SSN-DRLIC-PASSPORT,2
+DOB+ADDRESS+SSN+ACCT_NUM-PASSPORT,2
+PNAME+SSN-GENERATION-GENDER,2
+SSN+ACCT_NUM-DOB,2
+DOB+ADDRESS+PHONE-SSN-DRLIC,2
+SSN+DRLIC-PASSPORT,2
+SSN+DRLIC+PASSPORT-GENERATION,2
+DOB+ADDRESS+PHONE+PASSPORT+ACCT_NUM-SSN,2
+DOB+ADDRESS+PHONE+PASSPORT+ACCT_NUM-GENERATION,2
+DOB+ADDRESS+PHONE-PASSPORT,2
+DOB+ADDRESS+PHONE-GENDER-SSN-PASSPORT,2
+DOB+ADDRESS+PHONE+DRLIC-SSN-PASSPORT,2
+DOB+ADDRESS+PHONE+DRLIC+ACCT_NUM-SSN-PASSPORT,2
+DOB+ADDRESS+PHONE+DRLIC+ACCT_NUM-PASSPORT,2
+DOB+ADDRESS+PHONE+ACCT_NUM-PASSPORT,2
+SURNAME+ACCT_NUM-SSN,2
+DOB+ADDRESS+PASSPORT+LOGIN_ID,2
+DOB+ADDRESS+PASSPORT+ACCT_NUM-SSN,2
+DOB+ADDRESS+PASSPORT+ACCT_NUM-GENERATION,2
+DOB+ADDRESS+PASSPORT+ACCT_NUM-DRLIC,2
+DOB+ADDRESS-GENERATION-GENDER-SSN-DRLIC-PASSPORT,2
+DOB+ADDRESS-GENERATION-GENDER-PASSPORT,2
+SURNAME+ADDRESS+DRLIC+ACCT_NUM-SSN-PASSPORT,2
+SURNAME+ADDRESS+DRLIC+PASSPORT+LOGIN_ID+ACCT_NUM,2
+SURNAME+ADDRESS+DRLIC-SSN,2
+DOB+ADDRESS+DRLIC+PASSPORT+LOGIN_ID+ACCT_NUM,2
+DOB+ADDRESS+DRLIC-PASSPORT,2
+SURNAME+ADDRESS-GENERATION-DOB-GENDER,2
+SURNAME+ADDRESS-GENERATION-DOB-GENDER-SSN-DRLIC,2
+DOB+ADDRESS+DRLIC-GENERATION,2
+SURNAME+ADDRESS-GENERATION-GENDER-PASSPORT,2
+SURNAME+ADDRESS-GENERATION-PASSPORT,2
+DOB+ADDRESS+DRLIC+ACCT_NUM-PASSPORT,2
+SURNAME+ADDRESS+PASSPORT+LOGIN_ID+ACCT_NUM,2
+SURNAME+ADDRESS+PHONE+ACCT_NUM-DOB-SSN-PASSPORT,2
+SURNAME+ADDRESS+PHONE+ACCT_NUM-GENERATION,2
+SURNAME+ADDRESS+PHONE+ACCT_NUM-PASSPORT,2
+SURNAME+ADDRESS+PHONE+ACCT_NUM-SSN,2
+SURNAME+ADDRESS+PHONE-DOB-SSN,2
+SURNAME+ADDRESS+PHONE-DOB-SSN-PASSPORT,2
+SURNAME+ADDRESS+PHONE+DRLIC+ACCT_NUM (Ambiguous),2
+SURNAME+ADDRESS+PHONE+DRLIC+ACCT_NUM-PASSPORT,2
+SURNAME+ADDRESS+PHONE+DRLIC+ACCT_NUM-SSN-PASSPORT,2
+SURNAME+ADDRESS+PHONE+DRLIC+PASSPORT (Ambiguous),2
+SURNAME+ADDRESS+PHONE+DRLIC-SSN,2
+SURNAME+ADDRESS+PHONE+PASSPORT+ACCT_NUM-DRLIC,2
+SURNAME+ADDRESS+PHONE+PASSPORT+ACCT_NUM-SSN,2
+SURNAME+ADDRESS+PHONE+PASSPORT (Ambiguous),2
+SURNAME+ADDRESS+PHONE+SSN+ACCT_NUM-DOB,2
+SURNAME+ADDRESS+PHONE+SSN+ACCT_NUM-DOB-DRLIC,2
+ADDRESS+SSN+PASSPORT-DOB,2
+SURNAME+ADDRESS+PHONE+SSN+DRLIC+ACCT_NUM-PASSPORT,2
+SURNAME+ADDRESS+PHONE+SSN+DRLIC-PASSPORT,2
+SURNAME+ADDRESS+PHONE+SSN+DRLIC+PASSPORT+ACCT_NUM-GENERATION,2
+SURNAME+ADDRESS+PHONE+SSN+DRLIC+PASSPORT-GENERATION,2
+ADDRESS+SSN+DRLIC+PASSPORT+ACCT_NUM-GENERATION,2
+ADDRESS+SSN-DRLIC-PASSPORT,2
+SURNAME+ADDRESS+SSN+DRLIC-DRLIC,2
+SURNAME+ADDRESS+SSN-GENERATION,2
+SURNAME+ADDRESS+SSN-PASSPORT,2
+SURNAME+ADDRESS+SSN+PASSPORT-DOB,2
+SURNAME+DOB,2
+ADDRESS+SSN-DOB-DRLIC,2
+SURNAME+DOB+ACCT_NUM-SSN,2
+ADDRESS+SSN-DOB,2
+SURNAME+DOB+ADDRESS+ACCT_NUM-SSN-DRLIC,2
+SURNAME+DOB+ADDRESS+DRLIC+ACCT_NUM-SSN,2
+SURNAME+DOB+ADDRESS+DRLIC+LOGIN_ID+ACCT_NUM,2
+SURNAME+DOB+ADDRESS+DRLIC+PASSPORT+LOGIN_ID,2
+SURNAME+DOB+ADDRESS-GENDER-DRLIC,2
+SURNAME+DOB+ADDRESS-GENDER-SSN-PASSPORT,2
+ADDRESS+SSN+ACCT_NUM (Ambiguous),2
+SURNAME+DOB+ADDRESS+PHONE+ACCT_NUM-SSN-DRLIC-PASSPORT,2
+SURNAME+DOB+ADDRESS+PHONE+DRLIC-DRLIC,2
+SURNAME+DOB+ADDRESS+PHONE+DRLIC+PASSPORT+ACCT_NUM-GENERATION,2
+SURNAME+DOB+ADDRESS+PHONE+DRLIC+PASSPORT+ACCT_NUM-SSN,2
+SURNAME+DOB+ADDRESS+PHONE-GENERATION,2
+ADDRESS+PHONE+SSN-GENDER-PASSPORT,2
+ADDRESS+PHONE+SSN-GENDER,2
+SURNAME+DOB+ADDRESS+PHONE+PASSPORT+ACCT_NUM-SSN,2
+SURNAME+DOB+ADDRESS+PHONE+PASSPORT (Ambiguous),2
+SURNAME+DOB+ADDRESS+PHONE+SSN+ACCT_NUM-PASSPORT,2
+ADDRESS+PHONE+SSN+DRLIC+PASSPORT+ACCT_NUM-DRLIC,2
+ADDRESS+PHONE+SSN+DRLIC-PASSPORT,2
+SURNAME+DOB+ADDRESS+PHONE+SSN+DRLIC+PASSPORT+ACCT_NUM-DRLIC,2
+SURNAME+DOB+ADDRESS+PHONE+SSN+DRLIC+PASSPORT+ACCT_NUM-GENERATION,2
+SURNAME+DOB+ADDRESS+SSN+PASSPORT-DRLIC,2
+SURNAME+DOB+ADDRESS+SSN+PASSPORT+LOGIN_ID,2
+SURNAME+DOB+ADDRESS+SSN+PASSPORT+LOGIN_ID+ACCT_NUM,2
+SURNAME+DOB+DRLIC+LOGIN_ID+ACCT_NUM,2
+SURNAME-DOB-GENDER,2
+SURNAME+DOB+LOGIN_ID+ACCT_NUM,2
+ADDRESS+PHONE+PASSPORT-SSN,2
+SURNAME+DOB+PHONE-DRLIC,2
+SURNAME+DOB+PHONE+DRLIC+ACCT_NUM-SSN-PASSPORT,2
+SURNAME+DOB+PHONE+DRLIC-SSN-PASSPORT,2
+SURNAME+DOB+PHONE-GENDER-SSN-PASSPORT,2
+SURNAME+DOB+PHONE+PASSPORT+LOGIN_ID+ACCT_NUM,2
+SURNAME+DOB+PHONE+SSN+ACCT_NUM-GENERATION,2
+ADDRESS+PHONE+PASSPORT+ACCT_NUM-DOB-SSN-DRLIC,2
+SURNAME+DOB+PHONE+SSN+DRLIC+ACCT_NUM-GENERATION,2
+SURNAME+DOB+PHONE+SSN+PASSPORT-DRLIC,2
+SURNAME-DOB-SSN,2
+ADDRESS+PHONE-GENDER-PASSPORT,2
+SURNAME+DOB+SSN+PASSPORT+LOGIN_ID,2
+SURNAME+DOB+SSN+PASSPORT+LOGIN_ID+ACCT_NUM,2
+ADDRESS+PHONE+DRLIC-DRLIC,2
+ADDRESS+PHONE+DRLIC-DOB-SSN,2
+ADDRESS+PHONE+DRLIC+ACCT_NUM-PASSPORT,2
+SURNAME+DRLIC-GENERATION-DOB-GENDER-SSN,2
+SURNAME+DRLIC-GENERATION-DOB-GENDER-SSN-PASSPORT,2
+SURNAME+DRLIC-GENERATION-DOB-SSN,2
+SURNAME+DRLIC-GENERATION-DOB-SSN-PASSPORT,2
+SURNAME+DRLIC+LOGIN_ID+ACCT_NUM,2
+ADDRESS+PHONE-DOB-SSN-DRLIC-PASSPORT,2
+SURNAME+DRLIC+PASSPORT+LOGIN_ID,2
+SURNAME-GENDER,2
+SURNAME+LOGIN_ID-DOB-DRLIC,2
+SURNAME+LOGIN_ID-DOB-GENDER-DRLIC,2
+SURNAME+LOGIN_ID-DOB-GENDER-PASSPORT,2
+SURNAME+LOGIN_ID-GENDER-DRLIC-PASSPORT,2
+SURNAME+LOGIN_ID-GENDER-SSN-DRLIC-PASSPORT,2
+SURNAME+LOGIN_ID-SSN-DRLIC-PASSPORT,2
+ADDRESS+PHONE+ACCT_NUM-DOB-SSN,2
+ADDRESS+PHONE+ACCT_NUM-DOB-PASSPORT,2
+SURNAME+PASSPORT+ACCT_NUM-DRLIC,2
+SURNAME+PASSPORT-DOB-SSN,2
+SURNAME+PASSPORT-DRLIC,2
+ADDRESS+PHONE+ACCT_NUM-DOB-GENDER,2
+SURNAME+PHONE+ACCT_NUM-DRLIC,2
+ADDRESS+PASSPORT+ACCT_NUM-SSN,2
+ADDRESS+DRLIC-SSN,2
+SURNAME+PHONE+DRLIC+ACCT_NUM-SSN,2
+ADDRESS+DRLIC+PASSPORT+LOGIN_ID+ACCT_NUM,2
+ADDRESS+DRLIC+PASSPORT+LOGIN_ID,2
+SURNAME+PHONE+DRLIC+PASSPORT+LOGIN_ID+ACCT_NUM,2
+ADDRESS+DRLIC-PASSPORT,2
+SURNAME+PHONE-GENERATION-DOB-GENDER-SSN,2
+ADDRESS+DRLIC-GENDER-SSN,2
+SURNAME+PHONE+SSN+ACCT_NUM-DOB,2
+SURNAME+PHONE+SSN+ACCT_NUM-DOB-PASSPORT,2
+ADDRESS+DRLIC-DOB,2
+ADDRESS+DRLIC+ACCT_NUM-PASSPORT,2
+SURNAME+PHONE+SSN+DRLIC+PASSPORT+LOGIN_ID+ACCT_NUM,2
+ADDRESS+DRLIC+ACCT_NUM-DOB,2
+SURNAME+PHONE+SSN-PASSPORT,2
+ADDRESS+ACCT_NUM-PASSPORT,2
+SURNAME+SSN+ACCT_NUM-DRLIC,2
+ACCT_NUM-PASSPORT,2
+SURNAME-SSN-DRLIC-PASSPORT,2
+ACCT_NUM-GENDER-DRLIC,2
+ACCT_NUM-DOB-SSN-DRLIC,2
+SURNAME+SSN-GENERATION-DOB-GENDER-DRLIC-PASSPORT,2
+PNAME+ADDRESS+SSN+DRLIC+PASSPORT-GENERATION,1
+PNAME+ADDRESS+SSN+DRLIC+PASSPORT+ACCT_NUM-GENERATION,1
+ADDRESS+PHONE+ACCT_NUM-DOB-SSN-PASSPORT,1
+PNAME+ADDRESS+SSN-DRLIC-PASSPORT,1
+PNAME+ADDRESS+SSN+DRLIC-DRLIC,1
+PNAME+ADDRESS+SSN+DRLIC-DOB,1
+PNAME+ADDRESS+SSN+DRLIC+ACCT_NUM-DRLIC,1
+PNAME+PHONE-GENERATION-DOB,1
+LIKELY_NAME+ADDRESS+PHONE+SSN+DRLIC+ACCT_NUM,1
+PNAME+PHONE-GENERATION-DOB-GENDER-SSN-DRLIC,1
+LIKELY_NAME+ADDRESS+PHONE+SSN+DRLIC+ACCT_NUM (Ambiguous),1
+PNAME+ADDRESS+SSN-DOB-PASSPORT,1
+PNAME+PHONE-GENERATION-DOB-PASSPORT,1
+NAME+DOB+PHONE+DRLIC+PASSPORT-GENERATION,1
+PNAME+PHONE-GENERATION-DOB-SSN-DRLIC,1
+PNAME+PHONE-GENERATION-DOB-SSN-DRLIC-PASSPORT,1
+PNAME+ADDRESS+SSN-DOB-DRLIC,1
+SURNAME+SSN+DRLIC-DOB-PASSPORT,1
+PNAME+PHONE-GENERATION-GENDER-PASSPORT,1
+ADDRESS+PHONE+ACCT_NUM-DOB-SSN-DRLIC-PASSPORT,1
+PNAME+PHONE-GENERATION-GENDER-SSN-DRLIC,1
+PNAME+PHONE-GENERATION-GENDER-SSN-PASSPORT,1
+LIKELY_NAME+ADDRESS+PHONE+SSN+DRLIC+PASSPORT,1
+NAME+DOB+ADDRESS+PHONE+SSN+PASSPORT+LOGIN_ID+ACCT_NUM (Ambiguous),1
+PNAME+PHONE-GENERATION-SSN-DRLIC-PASSPORT,1
+PNAME+PHONE-GENERATION-SSN-PASSPORT,1
+PNAME+ADDRESS+SSN+ACCT_NUM-PASSPORT,1
+PNAME+ADDRESS+SSN+ACCT_NUM-DRLIC-PASSPORT,1
+PNAME+ADDRESS+SSN+ACCT_NUM-DOB-PASSPORT,1
+PNAME+ADDRESS+SSN+ACCT_NUM-DOB-DRLIC,1
+PNAME+ADDRESS+SSN+ACCT_NUM,1
+SURNAME+SSN+DRLIC+LOGIN_ID+ACCT_NUM,1
+LIKELY_NAME+ADDRESS-SSN-DRLIC,1
+PNAME+ADDRESS+PHONE+SSN+PASSPORT+LOGIN_ID+ACCT_NUM (Ambiguous),1
+LIKELY_NAME+ADDRESS-SSN-DRLIC-PASSPORT,1
+LIKELY_NAME+ADDRESS+SSN+DRLIC+PASSPORT+LOGIN_ID+ACCT_NUM,1
+NAME+DOB+ADDRESS+PHONE+SSN+ACCT_NUM-DRLIC,1
+DOB+LOGIN_ID-DRLIC,1
+LIKELY_NAME+ADDRESS+SSN+LOGIN_ID,1
+DOB-GENDER-SSN,1
+SURNAME+PASSPORT-DOB-GENDER-SSN,1
+SURNAME+PASSPORT-DOB-GENDER-SSN-DRLIC,1
+LIKELY_NAME+DOB+ACCT_NUM-DRLIC,1
+PNAME+PHONE+SSN+ACCT_NUM-PASSPORT,1
+DOB+DRLIC+PASSPORT+LOGIN_ID+ACCT_NUM,1
+LIKELY_NAME+DOB+ADDRESS+DRLIC+LOGIN_ID,1
+PNAME+PHONE+SSN-DOB-DRLIC,1
+ACCT_NUM-GENDER-PASSPORT,1
+NAME+DOB+ADDRESS+PHONE+SSN+DRLIC-GENERATION-PASSPORT,1
+SURNAME+PASSPORT-GENDER-SSN,1
+DOB+DRLIC+PASSPORT+ACCT_NUM-GENERATION,1
+DOB+DRLIC+LOGIN_ID+ACCT_NUM,1
+PNAME+ADDRESS+PHONE+SSN+PASSPORT+ACCT_NUM,1
+PNAME+PHONE+SSN+DRLIC+ACCT_NUM-DOB-DRLIC,1
+LIKELY_NAME+DOB+ADDRESS+DRLIC+PASSPORT+LOGIN_ID+ACCT_NUM,1
+PNAME+PHONE+SSN+DRLIC+ACCT_NUM-GENERATION-DOB-PASSPORT,1
+NAME+DOB+ADDRESS+DRLIC-GENDER-SSN,1
+PNAME+PHONE+SSN+DRLIC-DOB-DRLIC-PASSPORT,1
+LIKELY_NAME+DOB+ADDRESS+LOGIN_ID,1
+PNAME+PHONE+SSN+DRLIC+LOGIN_ID+ACCT_NUM (Ambiguous),1
+DOB+DRLIC-GENERATION,1
+PNAME+PHONE+SSN+DRLIC-PASSPORT,1
+LIKELY_NAME+DOB+ADDRESS+PHONE,1
+PNAME+ADDRESS+PHONE+SSN+DRLIC+PASSPORT+LOGIN_ID+ACCT_NUM (Ambiguous),1
+PNAME+PHONE+SSN+DRLIC+PASSPORT+ACCT_NUM-DRLIC,1
+LIKELY_NAME+DOB+ADDRESS+PHONE+ACCT_NUM (Ambiguous),1
+DOB+DRLIC-DRLIC-PASSPORT,1
+PNAME+ADDRESS+PHONE+SSN+DRLIC+PASSPORT+ACCT_NUM,1
+DOB+DRLIC+ACCT_NUM-DRLIC,1
+PNAME+PHONE+SSN+LOGIN_ID+ACCT_NUM (Ambiguous),1
+PNAME+PHONE+SSN+LOGIN_ID (Ambiguous),1
+ADDRESS+PHONE+ACCT_NUM-DOB-GENDER-PASSPORT,1
+PNAME+PHONE+SSN-PASSPORT,1
+LIKELY_NAME+DOB+ADDRESS+PHONE-DRLIC,1
+ACCT_NUM-GENDER,1
+SURNAME+SSN+DRLIC+PASSPORT+ACCT_NUM-DRLIC,1
+SURNAME+PHONE+ACCT_NUM-GENDER-SSN,1
+PNAME+ADDRESS+PHONE+SSN+DRLIC-DRLIC,1
+PNAME+ADDRESS+PHONE+SSN+DRLIC-DOB-PASSPORT,1
+PNAME+ADDRESS+PHONE+SSN+DRLIC+ACCT_NUM-DRLIC,1
+PNAME+ADDRESS+PHONE+SSN+DRLIC+ACCT_NUM-DOB-PASSPORT,1
+LIKELY_NAME+DOB+ADDRESS+PHONE+DRLIC+ACCT_NUM,1
+PNAME+PHONE+SSN+PASSPORT+LOGIN_ID+ACCT_NUM (Ambiguous),1
+PNAME+ADDRESS+PHONE+SSN+DRLIC+ACCT_NUM,1
+LIKELY_NAME+DOB+ADDRESS+PHONE+DRLIC+ACCT_NUM (Ambiguous),1
+LIKELY_NAME+DOB+ADDRESS+PHONE+PASSPORT,1
+PNAME+ADDRESS+PHONE+SSN-DOB-GENDER,1
+PNAME+SSN+ACCT_NUM-DOB,1
+LIKELY_NAME+DOB+ADDRESS+PHONE+PASSPORT+ACCT_NUM (Ambiguous),1
+PNAME+ADDRESS+PHONE+SSN+ACCT_NUM-GENERATION-DOB-PASSPORT,1
+DOB+ADDRESS+SSN-PASSPORT,1
+PNAME+ADDRESS+PHONE+SSN+ACCT_NUM-GENDER-PASSPORT,1
+PNAME+ADDRESS+PHONE+SSN+ACCT_NUM-DOB-PASSPORT,1
+DOB+ADDRESS+SSN-GENDER-PASSPORT,1
+DOB+ADDRESS+SSN-GENDER,1
+SURNAME+PHONE+ACCT_NUM-GENERATION,1
+PNAME+ADDRESS+PHONE+PASSPORT+LOGIN_ID (Ambiguous),1
+DOB+ADDRESS+SSN+DRLIC+PASSPORT-GENERATION,1
+DOB+ADDRESS+SSN+DRLIC+PASSPORT-DRLIC,1
+LIKELY_NAME+DOB+ADDRESS+PHONE+SSN+DRLIC+ACCT_NUM (Ambiguous),1
+PNAME+ADDRESS+PHONE+PASSPORT+ACCT_NUM-SSN,1
+LIKELY_NAME+DOB+ADDRESS+PHONE+SSN+DRLIC+PASSPORT (Ambiguous),1
+LIKELY_NAME+DOB+ADDRESS+PHONE+SSN+PASSPORT (Ambiguous),1
+PNAME+SSN+DRLIC+ACCT_NUM-DRLIC,1
+LIKELY_NAME+DOB+ADDRESS-SSN,1
+PNAME+SSN+DRLIC+ACCT_NUM-PASSPORT,1
+SURNAME+PHONE+ACCT_NUM-PASSPORT,1
+PNAME+ADDRESS+PHONE-GENDER-SSN-PASSPORT,1
+PNAME+SSN+DRLIC+LOGIN_ID+ACCT_NUM (Ambiguous),1
+PNAME+ADDRESS+PHONE-GENDER-SSN,1
+PNAME+SSN+DRLIC-PASSPORT,1
+PNAME+ADDRESS+PHONE+DRLIC-SSN-DRLIC-PASSPORT,1
+PNAME+ADDRESS+PHONE+DRLIC+PASSPORT-DOB,1
+LIKELY_NAME+DOB+ADDRESS+SSN (Ambiguous),1
+PNAME+ADDRESS+PHONE+DRLIC+PASSPORT+ACCT_NUM-DOB,1
+PNAME+SSN+DRLIC+PASSPORT-GENERATION,1
+LIKELY_NAME+DOB+ADDRESS+SSN+DRLIC+ACCT_NUM,1
+NAME+DOB+PHONE+DRLIC+PASSPORT+ACCT_NUM-SSN,1
+LIKELY_NAME+DOB+ADDRESS+SSN+DRLIC+ACCT_NUM (Ambiguous),1
+PNAME+ADDRESS+PHONE-DRLIC-PASSPORT,1
+PNAME+ADDRESS+PHONE+DRLIC+LOGIN_ID+ACCT_NUM (Ambiguous),1
+PNAME+SSN-GENERATION-DOB,1
+PNAME+SSN-GENERATION-DOB-DRLIC,1
+LIKELY_NAME+DOB+ADDRESS+SSN+DRLIC+PASSPORT,1
+PNAME+SSN-GENERATION-DOB-GENDER,1
+PNAME+SSN-GENERATION-DOB-GENDER-PASSPORT,1
+PNAME+ADDRESS+PHONE+DRLIC-GENDER-SSN,1
+NAME+DOB+ADDRESS+DRLIC-GENDER-SSN-PASSPORT,1
+PNAME+SSN+LOGIN_ID+ACCT_NUM (Ambiguous),1
+PNAME+ADDRESS+PHONE+DRLIC-DOB-SSN-PASSPORT,1
+PNAME+ADDRESS+PHONE+DRLIC-DOB-SSN-DRLIC,1
+PNAME+ADDRESS+PHONE+DRLIC-DOB-PASSPORT,1
+PNAME+ADDRESS+PHONE+DRLIC-DOB-GENDER-SSN,1
+PNAME+ADDRESS+PHONE+DRLIC+ACCT_NUM-SSN-PASSPORT,1
+PNAME+ADDRESS+PHONE+DRLIC+ACCT_NUM-SSN,1
+PNAME+ADDRESS+PHONE+DRLIC+ACCT_NUM-PASSPORT,1
+PNAME+ADDRESS+PHONE+DRLIC+ACCT_NUM-DRLIC,1
+PNAME+ADDRESS+PHONE+DRLIC+ACCT_NUM-DOB-SSN-PASSPORT,1
+PNAME+ADDRESS+PHONE+DRLIC+ACCT_NUM-DOB-SSN,1
+PNAME+SSN+PASSPORT+LOGIN_ID (Ambiguous),1
+LIKELY_NAME+DOB+PHONE+LOGIN_ID+ACCT_NUM,1
+LIKELY_NAME+DOB+PHONE+PASSPORT+ACCT_NUM-DRLIC,1
+LIKELY_NAME+DOB+PHONE+SSN+ACCT_NUM,1
+SSN+ACCT_NUM (Ambiguous),1
+NAME+DOB+PHONE-DRLIC-PASSPORT,1
+LIKELY_NAME+DOB+PHONE+SSN (Ambiguous),1
+PNAME+ADDRESS+PHONE-DOB-SSN-DRLIC,1
+SSN+ACCT_NUM-PASSPORT,1
+PNAME+ADDRESS+PHONE-DOB-GENDER-SSN-PASSPORT,1
+PNAME+ADDRESS+PHONE-DOB-GENDER-PASSPORT,1
+PNAME+ADDRESS+PHONE-DOB-GENDER,1
+PNAME+ADDRESS+PHONE-DOB-DRLIC-PASSPORT,1
+PNAME+ADDRESS+PHONE-DOB-DRLIC,1
+PNAME+ADDRESS+PHONE+ACCT_NUM-SSN-DRLIC-PASSPORT,1
+DOB+ADDRESS+PHONE-SSN-DRLIC-PASSPORT,1
+LIKELY_NAME+DOB+PHONE+SSN+DRLIC+ACCT_NUM,1
+LIKELY_NAME+DOB+PHONE+SSN+DRLIC+ACCT_NUM (Ambiguous),1
+PNAME+ADDRESS+PHONE+ACCT_NUM-DOB-SSN-PASSPORT,1
+PNAME+ADDRESS+PHONE+ACCT_NUM-DOB-DRLIC-PASSPORT,1
+PNAME+ADDRESS+PHONE+ACCT_NUM-DOB,1
+NAME+DOB+PHONE+DRLIC+LOGIN_ID (Ambiguous),1
+SSN+DRLIC+ACCT_NUM-GENERATION,1
+SSN+DRLIC (Ambiguous),1
+SSN+DRLIC-DOB,1
+SSN+DRLIC-DOB-DRLIC,1
+SSN+DRLIC-DOB-PASSPORT,1
+LIKELY_NAME+DOB+PHONE+SSN+DRLIC+PASSPORT (Ambiguous),1
+SSN+DRLIC-GENERATION-DOB-PASSPORT,1
+PNAME+ADDRESS+PASSPORT-DOB,1
+LIKELY_NAME+DOB+SSN+DRLIC+PASSPORT,1
+LIKELY_NAME+DOB+SSN+PASSPORT+ACCT_NUM (Ambiguous),1
+LIKELY_NAME+DRLIC-DOB-GENDER-PASSPORT,1
+NAME+DOB+PHONE+DRLIC-GENERATION-SSN-PASSPORT,1
+LIKELY_NAME+DRLIC-DOB-SSN-PASSPORT,1
+PNAME+ADDRESS-GENERATION-GENDER-SSN-DRLIC-PASSPORT,1
+SSN+DRLIC+PASSPORT+ACCT_NUM-DRLIC,1
+ADDRESS+PASSPORT-SSN-DRLIC,1
+PNAME+ADDRESS-GENERATION-GENDER-SSN-DRLIC,1
+SSN+DRLIC+PASSPORT+LOGIN_ID+ACCT_NUM,1
+PNAME+ADDRESS-GENERATION-GENDER-DRLIC,1
+NAME+DOB+PHONE+DRLIC+ACCT_NUM-SSN-PASSPORT,1
+NAME+DOB+PHONE+DRLIC+ACCT_NUM-SSN,1
+PNAME+ADDRESS-GENERATION-DRLIC-PASSPORT,1
+ADDRESS+PASSPORT-SSN,1
+LIKELY_NAME+LOGIN_ID,1
+NAME+DOB+PHONE+ACCT_NUM-SSN-PASSPORT (Ambiguous),1
+NAME+DOB+PHONE+ACCT_NUM-SSN-DRLIC-PASSPORT,1
+PNAME+ADDRESS-GENERATION-DOB-GENDER-SSN-DRLIC,1
+PNAME+ADDRESS-GENERATION-DOB-GENDER-PASSPORT,1
+PNAME+ADDRESS-GENERATION-DOB-GENDER,1
+LIKELY_NAME+LOGIN_ID+ACCT_NUM,1
+LIKELY_NAME+PHONE+ACCT_NUM-DOB-PASSPORT,1
+LIKELY_NAME+PHONE-DOB,1
+LIKELY_NAME+PHONE-DOB-SSN,1
+LIKELY_NAME+PHONE-DOB-SSN-DRLIC,1
+DOB+ADDRESS+PHONE+DRLIC-DRLIC,1
+NAME+DOB+PHONE+ACCT_NUM-SSN-DRLIC,1
+DOB+ADDRESS+PHONE+DRLIC+ACCT_NUM-SSN-DRLIC-PASSPORT,1
+LIKELY_NAME+PHONE+DRLIC+LOGIN_ID,1
+NAME+DOB+PHONE+ACCT_NUM-PASSPORT,1
+PNAME+ADDRESS+DRLIC-SSN-PASSPORT,1
+DOB+ADDRESS+PHONE+DRLIC+ACCT_NUM-DRLIC,1
+PNAME+ADDRESS+DRLIC-SSN-DRLIC-PASSPORT,1
+DOB+ADDRESS+PHONE+ACCT_NUM-SSN-DRLIC,1
+LIKELY_NAME+PHONE-GENDER-DRLIC,1
+SSN+PASSPORT+ACCT_NUM-DOB,1
+LIKELY_NAME+PHONE-GENDER-PASSPORT,1
+SSN+PASSPORT+ACCT_NUM-GENERATION,1
+PNAME+ADDRESS+DRLIC-PASSPORT,1
+SSN+PASSPORT-GENERATION,1
+ADDRESS+PASSPORT-DOB-GENDER-SSN,1
+PNAME+ADDRESS+DRLIC+LOGIN_ID (Ambiguous),1
+PNAME+ADDRESS+DRLIC-DRLIC-PASSPORT,1
+PNAME+ADDRESS+DRLIC-DOB-SSN-PASSPORT,1
+SURNAME+ACCT_NUM-DOB-SSN,1
+PNAME+ADDRESS+DRLIC-DOB-SSN,1
+ADDRESS+PASSPORT-DOB-DRLIC,1
+SURNAME+ACCT_NUM-SSN-PASSPORT,1
+DOB+ADDRESS+PHONE+ACCT_NUM-GENDER-DRLIC,1
+DOB+ADDRESS+PHONE+ACCT_NUM-GENDER,1
+PNAME+ADDRESS+DRLIC-DOB-DRLIC,1
+SURNAME+ADDRESS+ACCT_NUM-PASSPORT,1
+PNAME+ADDRESS+DRLIC+ACCT_NUM-SSN-PASSPORT,1
+SURNAME+ADDRESS+ACCT_NUM-SSN-DRLIC,1
+SURNAME+ADDRESS+ACCT_NUM-SSN-PASSPORT,1
+PNAME+ADDRESS+DRLIC+ACCT_NUM-SSN-DRLIC,1
+PNAME+ADDRESS+DRLIC+ACCT_NUM-DOB-SSN-PASSPORT,1
+PNAME+ADDRESS+DRLIC+ACCT_NUM-DOB,1
+SURNAME+SSN+DRLIC+PASSPORT+LOGIN_ID,1
+LIKELY_NAME+PHONE+PASSPORT+LOGIN_ID+ACCT_NUM,1
+LIKELY_NAME+PHONE+SSN-DRLIC,1
+DOB+ADDRESS+PASSPORT+ACCT_NUM-SSN-DRLIC,1
+NAME+DOB+PHONE+ACCT_NUM,1
+NAME+DOB+ADDRESS+DRLIC-SSN-DRLIC-PASSPORT,1
+DOB+ADDRESS+PASSPORT+ACCT_NUM-GENDER,1
+ADDRESS+LOGIN_ID-DOB-GENDER-SSN,1
+LIKELY_NAME+PHONE+SSN+DRLIC+LOGIN_ID,1
+LIKELY_NAME+PHONE+SSN+PASSPORT+LOGIN_ID,1
+DOB+ADDRESS-GENERATION-SSN-DRLIC-PASSPORT,1
+DOB+ADDRESS-GENERATION-SSN-DRLIC,1
+LIKELY_NAME+SSN-DOB-GENDER,1
+LIKELY_NAME+SSN-DRLIC,1
+NAME+DOB+ADDRESS+PHONE+PASSPORT-GENDER,1
+ADDRESS+DRLIC+PASSPORT-SSN,1
+SURNAME+ADDRESS+DRLIC+ACCT_NUM-DOB,1
+SURNAME+PHONE+DRLIC+ACCT_NUM-GENERATION,1
+SURNAME+ADDRESS+DRLIC-DOB-DRLIC,1
+LIKELY_NAME+SSN+LOGIN_ID,1
+LIKELY_NAME+SSN+LOGIN_ID+ACCT_NUM,1
+LIKELY_NAME+SSN-PASSPORT,1
+SURNAME+ADDRESS+DRLIC-PASSPORT,1
+DOB+ADDRESS+DRLIC-SSN-PASSPORT,1
+DOB+ADDRESS+DRLIC-SSN,1
+LOGIN_ID-GENERATION-DOB-DRLIC-PASSPORT,1
+NAME+DOB+ADDRESS+PHONE+PASSPORT+LOGIN_ID+ACCT_NUM (Ambiguous),1
+SURNAME+PHONE+DRLIC+ACCT_NUM-SSN-DRLIC,1
+SURNAME+ADDRESS+DRLIC-SSN-PASSPORT,1
+DOB+ADDRESS+DRLIC+PASSPORT-SSN,1
+NAME+DOB+ADDRESS-GENDER-DRLIC,1
+PNAME+ADDRESS+ACCT_NUM-SSN-DRLIC,1
+DOB+ADDRESS+DRLIC+PASSPORT-GENERATION,1
+DOB+ADDRESS+DRLIC+PASSPORT+ACCT_NUM-GENERATION,1
+DOB+ADDRESS+DRLIC+PASSPORT+ACCT_NUM-DRLIC,1
+NAME+DOB+ADDRESS-GENDER-PASSPORT,1
+SURNAME+SSN+PASSPORT-DRLIC,1
+PNAME+ADDRESS+ACCT_NUM-DOB-GENDER-SSN-PASSPORT,1
+PNAME+ACCT_NUM-GENDER,1
+NAME+DOB+ADDRESS+LOGIN_ID (Ambiguous),1
+SURNAME+ADDRESS-GENERATION-DOB-GENDER-PASSPORT,1
+PNAME+ACCT_NUM-DOB,1
+SURNAME+PHONE+DRLIC-PASSPORT,1
+NAME+ACCT_NUM-GENDER-PASSPORT,1
+NAME+DOB+ADDRESS+PHONE+PASSPORT+LOGIN_ID (Ambiguous),1
+SURNAME+ADDRESS-GENERATION-DOB-PASSPORT,1
+NAME+ADDRESS+ACCT_NUM-DOB-DRLIC,1
+PHONE+SSN-GENDER-DRLIC,1
+DOB+ADDRESS+DRLIC+ACCT_NUM-SSN,1
+SURNAME+ADDRESS-GENERATION-DRLIC-PASSPORT,1
+SURNAME+ADDRESS-GENERATION-GENDER-DRLIC,1
+NAME+DOB+ADDRESS+PHONE+SSN+DRLIC+LOGIN_ID+ACCT_NUM (Ambiguous),1
+NAME+ADDRESS+ACCT_NUM-GENDER-SSN,1
+PHONE+SSN-DRLIC-PASSPORT,1
+NAME+DOB+ADDRESS+PASSPORT-SSN-DRLIC,1
+PHONE+SSN+DRLIC-DRLIC,1
+SURNAME+ADDRESS-GENERATION-SSN-DRLIC,1
+PHONE+SSN+DRLIC-DOB,1
+NAME+DOB+ADDRESS+PHONE+SSN-GENDER-DRLIC,1
+PHONE+SSN+DRLIC+ACCT_NUM-DOB-PASSPORT,1
+SURNAME+ADDRESS+LOGIN_ID-DOB-SSN,1
+PHONE+SSN+DRLIC+ACCT_NUM-DOB,1
+DOB+ADDRESS+DRLIC+ACCT_NUM-DRLIC,1
+PHONE+SSN-DOB-GENDER-PASSPORT,1
+SURNAME+ADDRESS+PASSPORT+ACCT_NUM-DOB,1
+PHONE+SSN-DOB-GENDER,1
+SURNAME+ADDRESS+PASSPORT+ACCT_NUM-GENERATION,1
+SURNAME+ADDRESS+PASSPORT+ACCT_NUM-SSN,1
+SURNAME+ADDRESS+PASSPORT-DRLIC,1
+SURNAME+ADDRESS+PASSPORT-GENERATION,1
+SURNAME+SSN+PASSPORT+ACCT_NUM-DRLIC,1
+SURNAME+PHONE+DRLIC-SSN,1
+SURNAME+ADDRESS+PASSPORT-SSN,1
+PHONE+SSN+ACCT_NUM-DOB-PASSPORT,1
+DOB+ADDRESS+ACCT_NUM-PASSPORT,1
+SURNAME+ADDRESS+PHONE+ACCT_NUM (Ambiguous),1
+SURNAME+ADDRESS+PHONE+ACCT_NUM-DOB-PASSPORT,1
+SURNAME+ADDRESS+PHONE+ACCT_NUM-DOB-SSN-DRLIC,1
+SURNAME+PHONE+DRLIC-SSN-DRLIC-PASSPORT,1
+PHONE+SSN+ACCT_NUM-DOB-GENDER-PASSPORT,1
+SURNAME+ADDRESS+PHONE+ACCT_NUM-GENDER,1
+NAME+DOB+ADDRESS+PHONE+ACCT_NUM-GENERATION-SSN,1
+ACCT_NUM-DOB-GENDER-SSN-PASSPORT,1
+NAME+DOB+ADDRESS+PHONE+ACCT_NUM-PASSPORT,1
+NAME+ADDRESS+DRLIC+ACCT_NUM-DOB,1
+SURNAME+ADDRESS+PHONE-DOB,1
+SURNAME+ADDRESS+PHONE-DOB-DRLIC,1
+ADDRESS+DRLIC+PASSPORT-DRLIC,1
+SURNAME+SSN-GENERATION-DOB-DRLIC,1
+NAME+ADDRESS+DRLIC+ACCT_NUM-DOB-SSN-PASSPORT,1
+NAME+ADDRESS+DRLIC+ACCT_NUM-DRLIC,1
+PHONE+PASSPORT (Ambiguous),1
+NAME+DOB+ADDRESS+PHONE+ACCT_NUM-PASSPORT (Ambiguous),1
+PHONE+PASSPORT+ACCT_NUM-SSN,1
+ADDRESS+DRLIC-GENERATION-DOB-SSN,1
+SURNAME+ADDRESS+PHONE+DRLIC+ACCT_NUM-SSN,1
+NAME+DOB+ADDRESS+PHONE+ACCT_NUM-SSN (Ambiguous),1
+NAME+ADDRESS+DRLIC-DOB,1
+SURNAME+ADDRESS+PHONE+DRLIC-DOB-SSN,1
+SURNAME+ADDRESS+PHONE+DRLIC-DRLIC-PASSPORT,1
+PHONE+LOGIN_ID-SSN,1
+DOB+ACCT_NUM-SSN-PASSPORT,1
+NAME+ADDRESS+DRLIC-DRLIC,1
+NAME+ADDRESS+DRLIC-GENDER-SSN,1
+NAME+ADDRESS+DRLIC+PASSPORT+ACCT_NUM-DRLIC,1
+SURNAME+ADDRESS+PHONE+DRLIC+PASSPORT+ACCT_NUM (Ambiguous),1
+SURNAME+PHONE-GENERATION,1
+NAME+ADDRESS+DRLIC+PASSPORT-DOB,1
+NAME+ADDRESS+DRLIC+PASSPORT-DRLIC,1
+SURNAME+PHONE-GENERATION-DOB-GENDER-PASSPORT,1
+SURNAME+ADDRESS+PHONE+DRLIC-SSN-DRLIC,1
+NAME+ADDRESS+DRLIC+PASSPORT-GENERATION,1
+PHONE-GENERATION-DOB-DRLIC-PASSPORT,1
+NAME+ADDRESS-GENERATION-DOB-GENDER,1
+DOB+ACCT_NUM (Ambiguous),1
+NAME+ADDRESS-GENERATION-DOB-GENDER-SSN-DRLIC-PASSPORT,1
+DOB,1
+NAME+ADDRESS-GENERATION-DOB-SSN-DRLIC,1
+SURNAME+ADDRESS+PHONE+PASSPORT+ACCT_NUM (Ambiguous),1
+SURNAME+ADDRESS+PHONE+PASSPORT+ACCT_NUM-DOB,1
+SURNAME+SSN-GENERATION-DOB-GENDER,1
+SURNAME+PHONE-GENERATION-DOB-GENDER-SSN-DRLIC,1
+SURNAME+PHONE-GENERATION-DOB-GENDER-SSN-DRLIC-PASSPORT,1
+PHONE+DRLIC+PASSPORT+LOGIN_ID+ACCT_NUM,1
+PHONE+DRLIC+PASSPORT-DOB-SSN,1
+NAME+ADDRESS-GENERATION-GENDER-SSN-DRLIC-PASSPORT,1
+NAME+ADDRESS-GENERATION-GENDER-SSN-PASSPORT,1
+ADDRESS+SSN+PASSPORT-GENDER,1
+PHONE+DRLIC-PASSPORT,1
+NAME+DOB+ADDRESS+PHONE+ACCT_NUM-SSN-PASSPORT (Ambiguous),1
+SURNAME+PHONE-GENERATION-DOB-SSN,1
+SURNAME+ADDRESS+PHONE+SSN+ACCT_NUM-DOB-PASSPORT,1
+PHONE+DRLIC-DRLIC,1
+PHONE+DRLIC-DOB-GENDER-SSN,1
+PHONE+DRLIC-DOB,1
+PHONE+DRLIC+ACCT_NUM-SSN-PASSPORT,1
+PHONE+DRLIC+ACCT_NUM-PASSPORT,1
+SURNAME+ADDRESS+PHONE+SSN-DOB-DRLIC,1
+SURNAME+ADDRESS+PHONE+SSN-DOB-GENDER,1
+SURNAME+ADDRESS+PHONE-SSN-DRLIC,1
+PHONE+DRLIC+ACCT_NUM-DRLIC,1
+NAME+DOB+ADDRESS+PHONE+DRLIC+ACCT_NUM-DRLIC (Ambiguous),1
+ADDRESS+SSN+PASSPORT (Ambiguous),1
+PHONE+DRLIC+ACCT_NUM-DOB,1
+SURNAME+ADDRESS+PHONE+SSN+DRLIC+ACCT_NUM-DRLIC,1
+NAME+ADDRESS-GENERATION-SSN-PASSPORT,1
+NAME+DOB+ADDRESS+PHONE+DRLIC+ACCT_NUM-DRLIC-PASSPORT,1
+NAME+ADDRESS+LOGIN_ID+ACCT_NUM (Ambiguous),1
+NAME+ADDRESS+LOGIN_ID (Ambiguous),1
+SURNAME+ADDRESS+PHONE+SSN+DRLIC-DOB-DRLIC,1
+SURNAME+ADDRESS+PHONE+SSN+DRLIC-DRLIC,1
+SURNAME+ADDRESS+PHONE+SSN+DRLIC-DRLIC-PASSPORT,1
+NAME+ADDRESS+PASSPORT-DOB,1
+NAME+ADDRESS+PASSPORT-SSN-DRLIC,1
+NAME+ADDRESS+PHONE+ACCT_NUM-DOB-SSN-DRLIC,1
+SURNAME+PHONE-GENERATION-GENDER-SSN-DRLIC,1
+ADDRESS+SSN+PASSPORT+ACCT_NUM-DOB,1
+NAME+ADDRESS+PHONE+ACCT_NUM-GENDER,1
+SURNAME+ADDRESS+PHONE+SSN+DRLIC+PASSPORT+ACCT_NUM-DRLIC,1
+SURNAME+PHONE-GENERATION-SSN-PASSPORT,1
+SURNAME+ADDRESS+PHONE+SSN+DRLIC+PASSPORT-DRLIC,1
+ADDRESS+DRLIC-GENDER-SSN-PASSPORT,1
+NAME+ADDRESS+PHONE+ACCT_NUM-GENDER-PASSPORT,1
+PHONE+ACCT_NUM-DOB-SSN-PASSPORT,1
+SURNAME+ADDRESS+PHONE+SSN-GENDER,1
+SURNAME+ADDRESS+PHONE+SSN-GENDER-DRLIC,1
+PHONE+ACCT_NUM-DOB-PASSPORT,1
+ADDRESS+SSN-GENDER-PASSPORT,1
+ADDRESS+SSN-GENDER-DRLIC,1
+PHONE+ACCT_NUM-DOB-GENDER-SSN-DRLIC,1
+NAME+ADDRESS+PHONE-DOB-DRLIC,1
+ADDRESS+SSN-GENDER,1
+PASSPORT-GENERATION-SSN-DRLIC,1
+SURNAME+ADDRESS+PHONE+SSN+PASSPORT+ACCT_NUM (Ambiguous),1
+SURNAME+ADDRESS+PHONE+SSN+PASSPORT+ACCT_NUM-DOB,1
+PASSPORT-GENERATION-GENDER-SSN-DRLIC,1
+PASSPORT-GENERATION-GENDER-DRLIC,1
+PASSPORT-GENERATION-DOB-GENDER-SSN-DRLIC,1
+NAME+ADDRESS+PHONE-DOB-GENDER,1
+SURNAME+ADDRESS+PHONE+SSN+PASSPORT+LOGIN_ID+ACCT_NUM-DRLIC,1
+ADDRESS+SSN+DRLIC+PASSPORT-DRLIC,1
+NAME+DOB+ADDRESS+PHONE+DRLIC+ACCT_NUM-SSN-PASSPORT,1
+NAME+ADDRESS+PHONE+DRLIC+ACCT_NUM-DOB,1
+SURNAME+ADDRESS+SSN+ACCT_NUM-DOB,1
+SURNAME+ADDRESS+SSN+ACCT_NUM-DOB-PASSPORT,1
+NAME+ADDRESS+PHONE+DRLIC+ACCT_NUM-DOB-PASSPORT,1
+SURNAME+ADDRESS+SSN-DOB,1
+NAME+DOB+ADDRESS+PHONE+PASSPORT-SSN (Ambiguous),1
+NAME+ADDRESS+PHONE+DRLIC+ACCT_NUM-SSN-DRLIC,1
+PASSPORT (Ambiguous),1
+PASSPORT+ACCT_NUM-SSN-DRLIC,1
+SURNAME+ADDRESS+SSN+DRLIC-DOB,1
+ADDRESS+DRLIC-DRLIC,1
+PASSPORT+ACCT_NUM-DOB,1
+NAME+ADDRESS+PHONE+DRLIC+ACCT_NUM-SSN-DRLIC-PASSPORT,1
+ADDRESS+SSN+DRLIC-DOB-DRLIC,1
+NAME+ADDRESS+PHONE+DRLIC-DOB-DRLIC-PASSPORT,1
+ADDRESS+SSN+DRLIC (Ambiguous),1
+SURNAME+ADDRESS+SSN+DRLIC+PASSPORT+ACCT_NUM-DRLIC,1
+SURNAME+ADDRESS+SSN+DRLIC+PASSPORT+ACCT_NUM-GENERATION,1
+NAME+SSN+PASSPORT+LOGIN_ID (Ambiguous),1
+NAME+SSN+PASSPORT-DOB-GENDER-DRLIC,1
+ADDRESS+DRLIC-DOB-SSN-PASSPORT,1
+NAME+SSN+PASSPORT-DOB,1
+ADDRESS+SSN+DRLIC+ACCT_NUM-DRLIC,1
+NAME+SSN+PASSPORT+ACCT_NUM-DOB,1
+NAME+DOB+DRLIC-SSN-DRLIC-PASSPORT,1
+ADDRESS+SSN-DOB-PASSPORT,1
+ADDRESS+SSN-DOB-GENDER-DRLIC,1
+SURNAME+ADDRESS+SSN+PASSPORT+ACCT_NUM-DOB,1
+SURNAME+ADDRESS+SSN+PASSPORT+ACCT_NUM-DRLIC,1
+NAME+DOB+DRLIC+PASSPORT-GENERATION,1
+SURNAME+ADDRESS+SSN+PASSPORT-GENERATION,1
+NAME+ADDRESS+PHONE+DRLIC-DRLIC-PASSPORT,1
+NAME+SSN-GENERATION-PASSPORT,1
+NAME+DOB+DRLIC+PASSPORT+ACCT_NUM,1
+NAME+DOB+ADDRESS+PHONE+DRLIC-GENERATION-SSN-PASSPORT,1
+SURNAME+DOB+ACCT_NUM-DRLIC,1
+SURNAME+DOB+ACCT_NUM-PASSPORT,1
+SURNAME+PHONE+PASSPORT-SSN,1
+SURNAME+DOB+ACCT_NUM-SSN-PASSPORT,1
+ADDRESS+DRLIC-DOB-SSN,1
+ADDRESS+SSN (Ambiguous),1
+SURNAME+DOB+ADDRESS+ACCT_NUM-DRLIC,1
+ADDRESS+DRLIC-DOB-GENDER-SSN-PASSPORT,1
+NAME+SSN+DRLIC+PASSPORT+LOGIN_ID (Ambiguous),1
+NAME+SSN+DRLIC+PASSPORT-GENERATION,1
+NAME+ADDRESS+PHONE+DRLIC+PASSPORT+ACCT_NUM-DOB,1
+NAME+DOB+ADDRESS+PHONE+DRLIC+LOGIN_ID (Ambiguous),1
+SURNAME+DOB+ADDRESS+DRLIC+ACCT_NUM-SSN-DRLIC,1
+NAME+SSN+DRLIC+PASSPORT+ACCT_NUM,1
+SURNAME+SSN-GENERATION-DOB-GENDER-PASSPORT,1
+ADDRESS+SSN+ACCT_NUM-GENDER,1
+NAME+ADDRESS+PHONE+DRLIC+PASSPORT+ACCT_NUM-DOB-SSN,1
+SURNAME+PHONE+SSN+ACCT_NUM-DOB-DRLIC,1
+NAME+SSN+DRLIC+ACCT_NUM-PASSPORT,1
+NAME+SSN+DRLIC+ACCT_NUM-DOB,1
+SURNAME+SSN-GENERATION-DOB-PASSPORT,1
+NAME+DOB+DRLIC+ACCT_NUM-SSN,1
+SURNAME+DOB+ADDRESS-GENERATION,1
+NAME+ADDRESS+PHONE+DRLIC+PASSPORT+ACCT_NUM-DRLIC,1
+NAME+ADDRESS+PHONE+DRLIC+PASSPORT+LOGIN_ID+ACCT_NUM,1
+SURNAME+DOB+ADDRESS-PASSPORT,1
+ADDRESS+SSN+ACCT_NUM-DOB-GENDER-PASSPORT,1
+ADDRESS+SSN+ACCT_NUM-DOB-DRLIC-PASSPORT,1
+SURNAME+DOB+ADDRESS+PASSPORT+ACCT_NUM-DRLIC,1
+SURNAME+DOB+ADDRESS+PASSPORT-DRLIC,1
+SURNAME+DOB+ADDRESS+PASSPORT-GENDER-SSN,1
+SURNAME+DOB+ADDRESS+PASSPORT-GENERATION,1
+ACCT_NUM-DOB-GENDER-PASSPORT,1
+NAME+ADDRESS+PHONE+DRLIC+PASSPORT+LOGIN_ID (Ambiguous),1
+NAME+SSN+ACCT_NUM-DOB-DRLIC-PASSPORT,1
+SURNAME+PHONE+SSN+ACCT_NUM-GENDER-PASSPORT,1
+SURNAME+DOB+ADDRESS+PHONE+ACCT_NUM (Ambiguous),1
+NAME+ADDRESS+PHONE+DRLIC-SSN-DRLIC,1
+SURNAME+DOB+ADDRESS+PHONE+ACCT_NUM-DRLIC-PASSPORT,1
+SURNAME+DOB+ADDRESS+PHONE+ACCT_NUM-GENERATION,1
+NAME-SSN,1
+NAME+PHONE+SSN+PASSPORT+LOGIN_ID (Ambiguous),1
+SURNAME+DOB+ADDRESS+PHONE+ACCT_NUM-SSN-DRLIC,1
+SURNAME+PHONE+SSN+ACCT_NUM-GENERATION,1
+NAME+PHONE+SSN+PASSPORT-DRLIC (Ambiguous),1
+NAME+ADDRESS+PHONE-GENDER,1
+NAME+PHONE+SSN+PASSPORT+ACCT_NUM-DOB,1
+ADDRESS+PHONE+SSN+PASSPORT-DOB,1
+ADDRESS+PHONE+SSN+PASSPORT+ACCT_NUM-GENDER,1
+NAME+ADDRESS+PHONE-GENDER-SSN-PASSPORT,1
+NAME+ADDRESS+PHONE+LOGIN_ID,1
+SURNAME+DOB+ADDRESS+PHONE+DRLIC+ACCT_NUM-SSN-PASSPORT,1
+SURNAME+DOB+ADDRESS+PHONE+DRLIC (Ambiguous),1
+NAME+DOB+DRLIC+ACCT_NUM-PASSPORT,1
+SURNAME+DOB+ADDRESS+PHONE+DRLIC-GENERATION,1
+NAME+ADDRESS+PHONE+LOGIN_ID+ACCT_NUM,1
+NAME+PHONE+SSN+LOGIN_ID (Ambiguous),1
+SURNAME+DOB+ADDRESS+PHONE-DRLIC-PASSPORT,1
+SURNAME+DOB+ADDRESS+PHONE+DRLIC-PASSPORT,1
+NAME+PHONE+SSN+LOGIN_ID+ACCT_NUM (Ambiguous),1
+NAME+PHONE+SSN+DRLIC+PASSPORT+LOGIN_ID (Ambiguous),1
+SURNAME+SSN-GENERATION-PASSPORT,1
+SURNAME+DOB+ADDRESS+PHONE+DRLIC+PASSPORT+ACCT_NUM-GENERATION-SSN,1
+NAME+DOB+DRLIC+ACCT_NUM-GENERATION,1
+NAME+PHONE+SSN+DRLIC+LOGIN_ID (Ambiguous),1
+NAME+PHONE+SSN+DRLIC+LOGIN_ID+ACCT_NUM (Ambiguous),1
+SURNAME+DOB+ADDRESS+PHONE+DRLIC+PASSPORT-SSN,1
+NAME+PHONE+SSN+DRLIC-DOB-DRLIC-PASSPORT,1
+SURNAME+DOB+ADDRESS+PHONE+DRLIC-SSN-DRLIC-PASSPORT,1
+NAME+PHONE+SSN+DRLIC-DOB-DRLIC,1
+ADDRESS+DRLIC+ACCT_NUM-SSN-DRLIC,1
+SURNAME+DOB+ADDRESS+PHONE-GENERATION-SSN,1
+NAME+PHONE+SSN-DRLIC (Ambiguous),1
+NAME+PHONE+SSN+DRLIC+ACCT_NUM-SSN-PASSPORT,1
+SURNAME+DOB+ADDRESS+PHONE-PASSPORT,1
+NAME+DOB+ADDRESS+PHONE-DRLIC-PASSPORT,1
+SURNAME+PHONE+SSN+DRLIC-DOB,1
+NAME+PHONE+SSN+DRLIC+ACCT_NUM-PASSPORT,1
+SURNAME+DOB+ADDRESS+PHONE+PASSPORT+ACCT_NUM-GENERATION,1
+SURNAME+PHONE+SSN+DRLIC-DRLIC,1
+NAME+DOB+ADDRESS+SSN+PASSPORT+LOGIN_ID (Ambiguous),1
+NAME+ADDRESS+PHONE+PASSPORT-SSN-DRLIC,1
+SURNAME+DOB+ADDRESS+PHONE+PASSPORT-GENERATION,1
+SURNAME+DOB+ADDRESS+PHONE+PASSPORT-GENERATION-SSN,1
+NAME+PHONE+SSN-DOB-GENDER-PASSPORT,1
+NAME+PHONE+SSN+ACCT_NUM-DOB-DRLIC-PASSPORT,1
+SURNAME+DOB+ADDRESS+PHONE+PASSPORT-SSN,1
+SURNAME+DOB+ADDRESS+PHONE+PASSPORT-SSN-DRLIC,1
+NAME+PHONE+SSN+ACCT_NUM-DOB-DRLIC,1
+NAME+ADDRESS+PHONE+SSN+ACCT_NUM-DOB (Ambiguous),1
+ADDRESS+PHONE+SSN+DRLIC+PASSPORT-DRLIC,1
+NAME+PHONE+PASSPORT+LOGIN_ID+ACCT_NUM (Ambiguous),1
+ADDRESS+PHONE+SSN+DRLIC+PASSPORT+ACCT_NUM-GENDER,1
+NAME+DOB+ADDRESS+PHONE+DRLIC+PASSPORT+LOGIN_ID (Ambiguous),1
+NAME+DOB+ADDRESS+PHONE+SSN-GENDER,1
+SURNAME+DOB+ADDRESS+PHONE-SSN-DRLIC,1
+NAME+ADDRESS+PHONE+SSN+ACCT_NUM-DRLIC-PASSPORT,1
+ADDRESS+PHONE+SSN+DRLIC+PASSPORT+ACCT_NUM-DOB,1
+NAME+DOB+ADDRESS+PHONE+DRLIC+PASSPORT-SSN,1
+ADDRESS+PHONE-SSN-DRLIC-PASSPORT,1
+SURNAME+DOB+ADDRESS+PHONE+SSN+DRLIC+ACCT_NUM-DRLIC,1
+NAME+PHONE+PASSPORT-DOB-SSN,1
+NAME+PHONE+PASSPORT-DOB,1
+NAME+ADDRESS+PHONE+SSN+ACCT_NUM-GENDER (Ambiguous),1
+SURNAME+DOB+ADDRESS+PHONE+SSN+DRLIC-DRLIC,1
+NAME+ADDRESS+PHONE+SSN+ACCT_NUM-GENERATION-DOB-PASSPORT,1
+NAME+PHONE+PASSPORT+ACCT_NUM-DOB,1
+NAME+ADDRESS+PHONE+SSN+ACCT_NUM-PASSPORT,1
+SURNAME+DOB+ADDRESS+PHONE-SSN-DRLIC-PASSPORT,1
+SURNAME+DOB+ADDRESS+PHONE+SSN+DRLIC-PASSPORT,1
+NAME+ADDRESS+PHONE+SSN+ACCT_NUM-SSN,1
+ADDRESS+PHONE+SSN+DRLIC-DOB-GENDER-PASSPORT,1
+ADDRESS+PHONE+SSN+DRLIC-DOB-DRLIC-PASSPORT,1
+ADDRESS+DRLIC+ACCT_NUM-GENERATION,1
+ADDRESS+DRLIC+ACCT_NUM-DRLIC,1
+NAME+ADDRESS+PHONE+SSN-DOB (Ambiguous),1
+SURNAME+DOB+ADDRESS+PHONE+SSN+DRLIC+PASSPORT-GENERATION,1
+SURNAME+DOB+ADDRESS+PHONE+SSN+DRLIC+PASSPORT+LOGIN_ID+ACCT_NUM,1
+NAME+PHONE+LOGIN_ID+ACCT_NUM (Ambiguous),1
+NAME+PHONE-GENERATION-SSN-DRLIC-PASSPORT,1
+NAME+PHONE-GENERATION-GENDER-SSN,1
+NAME+PHONE-GENERATION-GENDER,1
+NAME+PHONE-GENERATION-DRLIC,1
+ADDRESS+PHONE+SSN+DRLIC+ACCT_NUM-PASSPORT,1
+ADDRESS+PHONE+SSN+DRLIC+ACCT_NUM-GENDER-PASSPORT,1
+ADDRESS+PHONE+SSN+DRLIC+ACCT_NUM-GENDER,1
+NAME+PHONE-GENERATION-DOB-SSN-DRLIC,1
+ADDRESS+PHONE+SSN+DRLIC+ACCT_NUM-DRLIC-PASSPORT,1
+NAME+PHONE-GENERATION-DOB-SSN,1
+SURNAME+DOB+ADDRESS+PHONE+SSN+PASSPORT-GENERATION,1
+NAME+PHONE-GENERATION-DOB-PASSPORT,1
+NAME+PHONE-GENERATION-DOB-GENDER-SSN,1
+NAME+PHONE-GENERATION-DOB,1
+ADDRESS+PHONE+SSN+DRLIC+ACCT_NUM-DOB-PASSPORT,1
+NAME+ADDRESS+PHONE+SSN-DOB-DRLIC-PASSPORT,1
+NAME+ADDRESS+PHONE+SSN-DOB-GENDER,1
+SURNAME+DOB+ADDRESS+SSN+ACCT_NUM-GENERATION,1
+NAME+ADDRESS+PHONE+SSN+DRLIC+ACCT_NUM-DOB,1
+NAME+PHONE+DRLIC-SSN-DRLIC-PASSPORT,1
+NAME+PHONE+DRLIC+PASSPORT+LOGIN_ID (Ambiguous),1
+NAME+PHONE+DRLIC+PASSPORT-DOB-SSN,1
+NAME+ADDRESS+PHONE+SSN+DRLIC+ACCT_NUM-DOB-DRLIC-PASSPORT,1
+NAME+PHONE+DRLIC+PASSPORT+ACCT_NUM-SSN-DRLIC,1
+SURNAME+DOB+ADDRESS+SSN+DRLIC+ACCT_NUM-GENDER-PASSPORT,1
+ADDRESS+PHONE+SSN-DOB-GENDER,1
+SURNAME+DOB+ADDRESS+SSN+DRLIC-DRLIC,1
+SURNAME+DOB+ADDRESS+SSN+DRLIC-GENERATION,1
+NAME+PHONE+DRLIC+PASSPORT+ACCT_NUM-GENERATION,1
+NAME+ADDRESS+PHONE+SSN+DRLIC+ACCT_NUM-DOB-PASSPORT,1
+SURNAME+DOB+ADDRESS-SSN-DRLIC-PASSPORT,1
+NAME+ADDRESS+PHONE+SSN+DRLIC+ACCT_NUM-PASSPORT,1
+NAME+PHONE+DRLIC-GENDER-SSN-PASSPORT,1
+NAME+PHONE+DRLIC-GENDER-PASSPORT,1
+NAME+PHONE+DRLIC-DRLIC,1
+SURNAME+DOB+ADDRESS+SSN+DRLIC+PASSPORT+LOGIN_ID+ACCT_NUM,1
+SURNAME+DOB+ADDRESS+SSN-GENDER,1
+SURNAME+DOB+ADDRESS+SSN-GENERATION,1
+NAME+PHONE+DRLIC-DOB-SSN-PASSPORT,1
+NAME+PHONE+DRLIC-DOB-DRLIC-PASSPORT,1
+NAME+PHONE+DRLIC-DOB-DRLIC,1
+ADDRESS+PHONE+SSN+ACCT_NUM-SSN,1
+NAME+PHONE+DRLIC+ACCT_NUM-SSN-DRLIC,1
+NAME+ADDRESS+PHONE+SSN+DRLIC-DRLIC,1
+SURNAME+DOB+ADDRESS+SSN+PASSPORT+ACCT_NUM-DRLIC,1
+SURNAME+DOB+ADDRESS+SSN+PASSPORT+ACCT_NUM-GENERATION,1
+NAME+ADDRESS+PHONE+SSN+DRLIC-DRLIC-PASSPORT,1
+SURNAME+PHONE+SSN+DRLIC+PASSPORT-DRLIC,1
+SURNAME+DOB+ADDRESS+SSN+PASSPORT-GENERATION,1
+NAME+DOB+ADDRESS+SSN-GENERATION-PASSPORT,1
+NAME+DOB+ADDRESS+PHONE+SSN+DRLIC+ACCT_NUM-DRLIC-PASSPORT (Ambiguous),1
+ADDRESS+PHONE+SSN+ACCT_NUM-GENDER,1
+ADDRESS+PHONE+SSN+ACCT_NUM-DRLIC-PASSPORT,1
+SURNAME+DOB+DRLIC-GENERATION,1
+SURNAME+DOB+DRLIC+LOGIN_ID,1
+SURNAME+PHONE+SSN-GENDER,1
+NAME+ADDRESS+PHONE+SSN+DRLIC+LOGIN_ID+ACCT_NUM-GENERATION,1
+ADDRESS+PHONE+SSN+ACCT_NUM-DOB-GENDER-PASSPORT,1
+NAME+ADDRESS+PHONE+SSN+DRLIC+PASSPORT+ACCT_NUM-DRLIC,1
+SURNAME+DOB+DRLIC+PASSPORT+LOGIN_ID+ACCT_NUM,1
+SURNAME+DOB+DRLIC-SSN-PASSPORT,1
+SURNAME+PHONE+SSN-GENERATION,1
+SURNAME-DOB-GENDER-SSN,1
+SURNAME-DOB-GENDER-SSN-DRLIC-PASSPORT,1
+NAME+ADDRESS+PHONE+SSN+DRLIC+PASSPORT+LOGIN_ID+ACCT_NUM (Ambiguous),1
+NAME+DOB+ADDRESS+PHONE+SSN+DRLIC+ACCT_NUM,1
+ADDRESS+PHONE+SSN+ACCT_NUM-DOB-GENDER,1
+ADDRESS+PHONE+SSN+ACCT_NUM-DOB-DRLIC,1
+SURNAME+DOB+PASSPORT+ACCT_NUM-DRLIC,1
+SURNAME+DOB+PASSPORT+ACCT_NUM-SSN,1
+NAME+ADDRESS+PHONE+SSN-GENDER,1
+SURNAME+DOB+PASSPORT+LOGIN_ID+ACCT_NUM,1
+SURNAME+DOB+PASSPORT-SSN,1
+NAME+ADDRESS+PHONE+SSN+PASSPORT+ACCT_NUM,1
+NAME+DOB+ADDRESS+SSN+DRLIC+PASSPORT+LOGIN_ID (Ambiguous),1
+SURNAME+DOB+PHONE+ACCT_NUM-DRLIC,1
+SURNAME+DOB+PHONE+ACCT_NUM-PASSPORT,1
+NAME+PHONE+ACCT_NUM-GENDER,1
+NAME+PHONE+ACCT_NUM-DRLIC-PASSPORT,1
+ADDRESS+ACCT_NUM-SSN-DRLIC,1
+ADDRESS+PHONE+PASSPORT+LOGIN_ID-DRLIC,1
+NAME+PHONE+ACCT_NUM-DOB-PASSPORT,1
+NAME+ADDRESS+PHONE+SSN+PASSPORT+LOGIN_ID (Ambiguous),1
+SURNAME+DOB+PHONE+DRLIC+ACCT_NUM-SSN-DRLIC,1
+NAME+DOB+ADDRESS+PHONE+SSN+DRLIC+PASSPORT-DRLIC (Ambiguous),1
+SURNAME+DOB+PHONE+DRLIC-DRLIC,1
+NAME+PASSPORT-SSN-DRLIC,1
+NAME+PASSPORT+LOGIN_ID-SSN,1
+ADDRESS+PHONE+PASSPORT-DOB-SSN,1
+SURNAME+DOB+PHONE+DRLIC+PASSPORT+ACCT_NUM-SSN,1
+NAME+PASSPORT+LOGIN_ID+ACCT_NUM (Ambiguous),1
+NAME+PASSPORT-GENERATION,1
+NAME+DOB+ADDRESS+PHONE+DRLIC-SSN (Ambiguous),1
+SURNAME+DOB+PHONE-GENDER,1
+SURNAME+DOB+PHONE-GENDER-SSN,1
+NAME+DOB+ADDRESS+PHONE+SSN+ACCT_NUM-DRLIC (Ambiguous),1
+NAME+ADDRESS+PHONE+SSN-SSN,1
+NAME+PASSPORT-DOB,1
+SURNAME+DOB+PHONE-PASSPORT,1
+NAME+PASSPORT+ACCT_NUM-GENERATION,1
+ADDRESS+PHONE+PASSPORT (Ambiguous),1
+SURNAME+DOB+PHONE+PASSPORT+ACCT_NUM-SSN,1
+NAME+ADDRESS+SSN+ACCT_NUM-DRLIC (Ambiguous),1
+NAME+DOB+ADDRESS+SSN-DRLIC-PASSPORT,1
+NAME+LOGIN_ID-GENDER-PASSPORT,1
+NAME+LOGIN_ID-GENDER-DRLIC,1
+ADDRESS+PHONE+PASSPORT+ACCT_NUM-SSN-DRLIC,1
+ADDRESS+PHONE+PASSPORT+ACCT_NUM-SSN,1
+NAME+LOGIN_ID-DOB-PASSPORT,1
+NAME+LOGIN_ID-DOB-GENDER-DRLIC,1
+SURNAME+PHONE+SSN+PASSPORT+ACCT_NUM-GENERATION,1
+SURNAME+DOB+PHONE+SSN+ACCT_NUM-PASSPORT,1
+NAME+DRLIC-SSN-DRLIC,1
+NAME+ADDRESS+SSN-DOB-DRLIC,1
+NAME+DRLIC+PASSPORT+ACCT_NUM-GENERATION,1
+NAME+DOB+ADDRESS+SSN+DRLIC+LOGIN_ID (Ambiguous),1
+NAME+ADDRESS+SSN+DRLIC+ACCT_NUM-DOB-DRLIC,1
+SURNAME+PHONE+SSN+PASSPORT-GENERATION,1
+NAME+ADDRESS+SSN+DRLIC+ACCT_NUM-GENERATION,1
+NAME+DRLIC-GENERATION-DOB-GENDER-SSN-PASSPORT,1
+NAME+DRLIC-GENERATION-DOB,1
+SURNAME+DOB+PHONE+SSN+DRLIC-PASSPORT,1
+ADDRESS+PHONE+PASSPORT+ACCT_NUM-DOB-SSN,1
+ADDRESS+PHONE+PASSPORT+ACCT_NUM-DOB,1
+NAME+ADDRESS+SSN+DRLIC+ACCT_NUM-PASSPORT,1
+SURNAME+DOB+PHONE+SSN+DRLIC+PASSPORT+ACCT_NUM-DRLIC,1
+NAME+ADDRESS+SSN+DRLIC+ACCT_NUM-PASSPORT (Ambiguous),1
+SURNAME+DOB+PHONE+SSN+DRLIC+PASSPORT+LOGIN_ID,1
+NAME+ADDRESS+SSN+DRLIC-DOB,1
+NAME+DRLIC+ACCT_NUM-SSN-PASSPORT,1
+NAME+DRLIC+ACCT_NUM-PASSPORT,1
+NAME+DRLIC+ACCT_NUM-GENERATION,1
+SURNAME+DOB+PHONE+SSN-PASSPORT,1
+NAME+DRLIC+ACCT_NUM-DOB,1
+NAME+ADDRESS+SSN+DRLIC+LOGIN_ID (Ambiguous),1
+NAME+ADDRESS+SSN+DRLIC-PASSPORT,1
+NAME+ADDRESS+SSN+DRLIC+PASSPORT+ACCT_NUM-DOB,1
+NAME+DOB+ADDRESS+SSN+DRLIC+LOGIN_ID+ACCT_NUM (Ambiguous),1
+SURNAME+DOB+PHONE+SSN+PASSPORT+LOGIN_ID,1
+SURNAME+DOB+PHONE+SSN+PASSPORT+LOGIN_ID+ACCT_NUM,1
+NAME+DOB+ADDRESS+SSN+DRLIC-DRLIC,1
+NAME+DOB+SSN-PASSPORT,1
+NAME+DOB+ADDRESS+PHONE-GENDER,1
+SURNAME+DOB+SSN+ACCT_NUM-DRLIC,1
+SURNAME+DOB+SSN+ACCT_NUM-PASSPORT,1
+SURNAME+DOB+SSN (Ambiguous),1
+NAME+ADDRESS+SSN+DRLIC+PASSPORT-GENERATION,1
+NAME+DOB+SSN+LOGIN_ID (Ambiguous),1
+NAME+DOB+SSN+LOGIN_ID+ACCT_NUM (Ambiguous),1
+SURNAME+DOB+SSN+DRLIC+ACCT_NUM (Ambiguous),1
+SURNAME+DOB+SSN+DRLIC+ACCT_NUM-DRLIC,1
+NAME+DOB+SSN+DRLIC+PASSPORT+LOGIN_ID (Ambiguous),1
+SURNAME+DOB+SSN+DRLIC+LOGIN_ID+ACCT_NUM,1
+NAME+DOB+SSN+DRLIC+PASSPORT-GENERATION,1
+NAME+ADDRESS+SSN+LOGIN_ID (Ambiguous),1
+SURNAME+DOB+SSN+DRLIC+PASSPORT+LOGIN_ID,1
+SURNAME+DOB+SSN-GENDER,1
+SURNAME+DOB+SSN-GENERATION,1
+NAME+ADDRESS+SSN+PASSPORT+ACCT_NUM,1
+NAME+DOB+SSN+DRLIC-GENERATION,1
+NAME+ADDRESS+SSN+PASSPORT+ACCT_NUM-DOB-DRLIC,1
+NAME+DOB+SSN+DRLIC+ACCT_NUM,1
+SURNAME+DOB+SSN+PASSPORT (Ambiguous),1
+SURNAME+DOB+SSN+PASSPORT-DRLIC,1
+NAME+DOB+ADDRESS+SSN+DRLIC+ACCT_NUM,1
+ADDRESS+ACCT_NUM-GENDER,1
+ADDRESS+PHONE+DRLIC+PASSPORT+ACCT_NUM-DOB-GENDER-SSN,1
+ADDRESS+PHONE+DRLIC-PASSPORT,1
+SURNAME+DRLIC+ACCT_NUM-SSN,1
+NAME-DOB-SSN-DRLIC,1
+SURNAME+SSN+ACCT_NUM-DOB,1
+ADDRESS+PHONE+DRLIC-DOB-SSN-PASSPORT,1
+NAME+DOB+ADDRESS+PHONE+SSN+DRLIC+PASSPORT+ACCT_NUM-DRLIC,1
+ADDRESS+PHONE+DRLIC-DOB-DRLIC-PASSPORT,1
+ADDRESS+PHONE+DRLIC-DOB,1
+NAME+ADDRESS+SSN+PASSPORT-DOB,1
+SURNAME+SSN+ACCT_NUM-GENERATION,1
+NAME+DOB+SSN+ACCT_NUM-GENERATION,1
+ADDRESS+PHONE+DRLIC+ACCT_NUM-GENDER,1
+ADDRESS+PHONE+DRLIC+ACCT_NUM-DRLIC,1
+NAME+ADDRESS+SSN+PASSPORT-DOB-DRLIC,1
+SURNAME+DRLIC-GENERATION,1
+NAME+DOB+ADDRESS+PHONE-GENDER-PASSPORT,1
+ADDRESS+ACCT_NUM-DOB-SSN-PASSPORT,1
+ADDRESS+ACCT_NUM-DOB-PASSPORT,1
+NAME+DOB+ADDRESS+PHONE-GENDER-SSN-DRLIC,1
+SURNAME+DRLIC-GENERATION-SSN,1
+NAME+DOB+ACCT_NUM,1
+NAME+DOB+ADDRESS+PHONE-GENDER-SSN-DRLIC-PASSPORT,1
+SURNAME-DRLIC-PASSPORT,1
+ACCT_NUM-SSN-DRLIC,1
+ADDRESS+PHONE-DOB-SSN-DRLIC,1
+NAME+DOB+ACCT_NUM-GENDER-SSN-PASSPORT,1
+NAME+DOB+ADDRESS+PHONE+SSN-SSN,1
+NAME+DOB+PHONE+SSN+DRLIC+PASSPORT-GENERATION,1
+PNAME+DOB+PHONE+SSN-DRLIC-PASSPORT,1
+DOB+SSN+DRLIC+PASSPORT+ACCT_NUM-GENERATION,1
+PNAME+DOB+PHONE+SSN+DRLIC+LOGIN_ID (Ambiguous),1
+DOB+SSN+DRLIC+PASSPORT+LOGIN_ID,1
+NAME+DOB+PHONE+SSN+DRLIC-PASSPORT,1
+DOB+SSN-GENERATION-DRLIC,1
+NAME+DOB+ADDRESS+PHONE+SSN+DRLIC-DRLIC-PASSPORT,1
+PNAME+DOB+PHONE+SSN+ACCT_NUM,1
+DOB+SSN-GENERATION-GENDER,1
+SURNAME-GENDER-SSN,1
+PNAME+DOB+PHONE+PASSPORT-GENERATION,1
+PNAME+DOB+PHONE+PASSPORT+ACCT_NUM-SSN-DRLIC,1
+PNAME+DOB+PHONE+PASSPORT+ACCT_NUM-GENERATION,1
+PNAME+DOB+PHONE+LOGIN_ID-DRLIC,1
+PNAME+DOB+PHONE-GENDER-SSN-PASSPORT,1
+PNAME+DOB+PHONE-GENDER-SSN-DRLIC,1
+PNAME+DOB+PHONE+SSN+PASSPORT+LOGIN_ID+ACCT_NUM (Ambiguous),1
+PNAME+DOB+PHONE+DRLIC-SSN,1
+PNAME+DOB+PHONE+DRLIC+PASSPORT+ACCT_NUM-GENERATION,1
+SURNAME-GENDER-SSN-DRLIC-PASSPORT,1
+ADDRESS+PHONE-DOB-GENDER-SSN-DRLIC-PASSPORT,1
+PNAME+DOB+PHONE+DRLIC+ACCT_NUM-SSN-PASSPORT,1
+NAME+DOB+PHONE+SSN+DRLIC+LOGIN_ID (Ambiguous),1
+ADDRESS+PHONE-DOB-GENDER-SSN,1
+PNAME+DOB+PHONE+DRLIC+ACCT_NUM-SSN,1
+PNAME+DOB+PHONE+DRLIC+ACCT_NUM-GENDER-SSN,1
+DOB+SSN (Ambiguous),1
+PNAME+DOB+PHONE+DRLIC+ACCT_NUM,1
+PNAME+DOB+PHONE+ACCT_NUM-SSN-DRLIC-PASSPORT,1
+PNAME+DOB+SSN+DRLIC-DRLIC,1
+PNAME+DOB+PHONE+ACCT_NUM-PASSPORT,1
+SURNAME-SSN-DRLIC,1
+NAME+DOB+PHONE+SSN+DRLIC-DRLIC,1
+PNAME+DOB+PHONE+ACCT_NUM,1
+PNAME+DOB+SSN-GENDER,1
+PNAME+DOB+SSN-GENDER-DRLIC,1
+PNAME+DOB+SSN-GENDER-DRLIC-PASSPORT,1
+DRLIC+ACCT_NUM-DOB,1
+PNAME+DOB+PASSPORT+LOGIN_ID (Ambiguous),1
+PNAME+DOB+PASSPORT-DRLIC,1
+PNAME+DOB+PASSPORT+ACCT_NUM-DRLIC,1
+DOB+PHONE+SSN+PASSPORT+LOGIN_ID+ACCT_NUM,1
+PNAME+DOB+LOGIN_ID+ACCT_NUM (Ambiguous),1
+PNAME+DOB+SSN+PASSPORT-GENERATION,1
+PNAME-DRLIC,1
+PNAME-DOB-GENDER-SSN-PASSPORT,1
+PNAME-DOB-GENDER,1
+PNAME+DRLIC+ACCT_NUM-DOB-PASSPORT,1
+NAME+DOB+ADDRESS+PHONE+SSN+PASSPORT+LOGIN_ID-GENERATION,1
+PNAME+DOB+DRLIC+PASSPORT+ACCT_NUM-GENERATION,1
+PNAME+DRLIC+ACCT_NUM-GENERATION-PASSPORT,1
+PNAME+DRLIC+ACCT_NUM-PASSPORT,1
+PNAME+DOB+DRLIC-GENERATION,1
+PNAME+DOB+DRLIC+ACCT_NUM-PASSPORT,1
+SURNAME+LOGIN_ID-DOB-GENDER-DRLIC-PASSPORT,1
+PNAME+DOB+DRLIC+ACCT_NUM-GENERATION,1
+ACCT_NUM-GENDER-SSN-PASSPORT,1
+DOB+PHONE+SSN+LOGIN_ID (Ambiguous),1
+PNAME+DOB+ADDRESS+SSN+PASSPORT+LOGIN_ID (Ambiguous),1
+PNAME+DOB+ADDRESS+SSN+PASSPORT+LOGIN_ID+ACCT_NUM (Ambiguous),1
+PNAME+DRLIC-DOB-SSN-DRLIC,1
+ADDRESS+PHONE-DOB-GENDER-PASSPORT,1
+PNAME+DRLIC-DRLIC,1
+DOB+PHONE+SSN+DRLIC+PASSPORT+LOGIN_ID,1
+NAME+DOB+ADDRESS+ACCT_NUM-PASSPORT,1
+PNAME+DOB+ADDRESS+SSN-PASSPORT,1
+DOB+PHONE+SSN+DRLIC+PASSPORT+ACCT_NUM-GENERATION,1
+NAME+DOB+ADDRESS+ACCT_NUM-SSN,1
+ADDRESS+PHONE-DOB-GENDER,1
+NAME+DOB+ADDRESS+ACCT_NUM-SSN-PASSPORT,1
+NAME+DOB+PHONE+PASSPORT+LOGIN_ID+ACCT_NUM (Ambiguous),1
+PNAME+DOB+ADDRESS+SSN+LOGIN_ID+ACCT_NUM (Ambiguous),1
+PNAME+DRLIC-GENERATION-GENDER-SSN,1
+PNAME+DRLIC-GENERATION-GENDER-SSN-PASSPORT,1
+PNAME+DRLIC-GENERATION-PASSPORT,1
+PNAME+DRLIC-GENERATION-SSN,1
+NAME+DOB+PHONE+PASSPORT-GENERATION,1
+PNAME+DOB+ADDRESS+SSN+DRLIC+PASSPORT+LOGIN_ID+ACCT_NUM (Ambiguous),1
+DRLIC-GENERATION-DOB-GENDER-SSN-DRLIC-PASSPORT,1
+NAME+DOB+ADDRESS+DRLIC+ACCT_NUM-SSN,1
+DRLIC-GENERATION-DOB-SSN-DRLIC-PASSPORT,1
+DOB+PHONE+SSN+DRLIC+LOGIN_ID+ACCT_NUM,1
+PNAME+DRLIC+PASSPORT+ACCT_NUM-DOB,1
+PNAME+DOB+ADDRESS+SSN+DRLIC-PASSPORT,1
+PNAME+DOB+ADDRESS+SSN+DRLIC+LOGIN_ID (Ambiguous),1
+DRLIC-GENERATION-SSN-DRLIC-PASSPORT,1
+DRLIC+PASSPORT-GENERATION,1
+NAME+DOB+PHONE+PASSPORT+ACCT_NUM-GENERATION,1
+PNAME+DRLIC-SSN-DRLIC-PASSPORT,1
+DRLIC+PASSPORT+LOGIN_ID+ACCT_NUM,1
+PNAME-GENDER,1
+PNAME-GENDER-PASSPORT,1
+NAME+DOB+ADDRESS+DRLIC-DRLIC,1
+PNAME+DOB+ADDRESS+PHONE+SSN+PASSPORT-DRLIC (Ambiguous),1
+DOB+PHONE+SSN+DRLIC+ACCT_NUM-PASSPORT,1
-GENERATION-DOB-GENDER,1
-GENERATION-DOB-GENDER-PASSPORT,1
+PNAME+DOB+ADDRESS+PHONE+SSN-PASSPORT,1
+PNAME+DOB+ADDRESS+PHONE+SSN+LOGIN_ID+ACCT_NUM (Ambiguous),1
-GENERATION-DOB-GENDER-SSN-DRLIC-PASSPORT,1
+PNAME+LOGIN_ID-DOB-GENDER-DRLIC,1
+PNAME+LOGIN_ID-DOB-GENDER-DRLIC-PASSPORT,1
+PNAME+DOB+ADDRESS+PHONE+SSN+DRLIC+LOGIN_ID+ACCT_NUM (Ambiguous),1
+DOB+PHONE+SSN+ACCT_NUM-PASSPORT,1
+PNAME+DOB+ADDRESS+PHONE+SSN+DRLIC-DRLIC,1
-GENERATION-GENDER,1
+PNAME+DOB+ADDRESS+PHONE+SSN+DRLIC+ACCT_NUM,1
-GENERATION-GENDER-SSN-DRLIC,1
+NAME+DOB+PHONE+LOGIN_ID+ACCT_NUM (Ambiguous),1
+PNAME+DOB+ADDRESS+PHONE+SSN+ACCT_NUM-DRLIC (Ambiguous),1
+PNAME+DOB+ADDRESS+PHONE+PASSPORT+LOGIN_ID (Ambiguous),1
+DOB+PHONE+PASSPORT-GENERATION,1
+DOB+PHONE+PASSPORT-GENDER,1
+LIKELY_NAME+ADDRESS-DOB-GENDER-SSN-DRLIC,1
+PNAME+DOB+ADDRESS+PHONE+LOGIN_ID+ACCT_NUM (Ambiguous),1
+LIKELY_NAME+ADDRESS-DOB-SSN-DRLIC,1
+PNAME+LOGIN_ID-GENDER-DRLIC-PASSPORT,1
+PNAME+DOB+ADDRESS+PHONE-GENDER-SSN-PASSPORT,1
+PNAME+DOB+ADDRESS+PHONE-GENDER-SSN,1
+PNAME+DOB+ADDRESS+PHONE+DRLIC-SSN-DRLIC,1
+PNAME+LOGIN_ID-GENDER-SSN-DRLIC-PASSPORT,1
+PNAME+DOB+ADDRESS+PHONE+DRLIC+PASSPORT+LOGIN_ID+ACCT_NUM (Ambiguous),1
+PNAME+LOGIN_ID-GENERATION-DOB-GENDER-SSN-PASSPORT,1
+PNAME+LOGIN_ID-GENERATION-DOB-SSN-DRLIC,1
+LIKELY_NAME+ADDRESS-DOB-SSN-PASSPORT,1
+PNAME+LOGIN_ID-GENERATION-SSN,1
+LIKELY_NAME+ADDRESS+DRLIC+LOGIN_ID,1
+DOB+PHONE-GENERATION-GENDER-SSN-PASSPORT,1
+PNAME+DOB+ADDRESS+PHONE+DRLIC-GENDER-SSN-PASSPORT,1
+LIKELY_NAME+ADDRESS+DRLIC+PASSPORT+LOGIN_ID+ACCT_NUM,1
+PNAME+DOB+ADDRESS+PHONE+DRLIC+ACCT_NUM-SSN-PASSPORT,1
+PNAME+DOB+ADDRESS+PHONE+DRLIC+ACCT_NUM-PASSPORT,1
+ADDRESS+PHONE+ACCT_NUM-SSN-DRLIC,1
+LIKELY_NAME+ADDRESS-GENDER,1
+PNAME+PASSPORT+ACCT_NUM-DRLIC,1
+PNAME+PASSPORT-DOB,1
+PNAME+PASSPORT-DOB-GENDER,1
+PNAME+PASSPORT-DOB-GENDER-SSN,1
+PNAME+DOB+ADDRESS+PHONE+DRLIC+ACCT_NUM,1
+PNAME+PASSPORT-DOB-SSN-DRLIC,1
+NAME+DOB+PHONE-GENERATION-SSN-PASSPORT,1
+PNAME+PASSPORT-GENDER,1
+PNAME+PASSPORT-GENDER-SSN,1
+LIKELY_NAME+ADDRESS-GENDER-DRLIC,1
+LIKELY_NAME+ADDRESS-GENDER-PASSPORT,1
+PNAME+DOB+ADDRESS+PHONE+ACCT_NUM-SSN-DRLIC-PASSPORT,1
+PNAME+PASSPORT-SSN-DRLIC,1
+NAME+DOB+ADDRESS+PHONE+SSN+PASSPORT+LOGIN_ID (Ambiguous),1
+PNAME+DOB+ADDRESS+PHONE+ACCT_NUM-SSN-DRLIC,1
+SURNAME+SSN+PASSPORT-GENERATION,1
+PNAME+PHONE+ACCT_NUM-DOB-GENDER-SSN,1
+PNAME+PHONE+ACCT_NUM-DOB-PASSPORT,1
+NAME+DOB+PHONE-GENDER-SSN-PASSPORT,1
+PNAME+PHONE+ACCT_NUM-GENDER-SSN,1
+PNAME+PHONE+ACCT_NUM-GENDER-SSN-PASSPORT,1
+PNAME+DOB+ADDRESS+PHONE+ACCT_NUM-DRLIC-PASSPORT,1
+NAME+DOB+PHONE-GENDER-SSN,1
+LIKELY_NAME+ADDRESS+LOGIN_ID+ACCT_NUM,1
+NAME+DOB+PHONE+DRLIC-SSN-DRLIC-PASSPORT,1
+PNAME+DOB+ADDRESS+PASSPORT+LOGIN_ID+ACCT_NUM-DRLIC,1
+PNAME+DOB+ADDRESS+PASSPORT+ACCT_NUM-GENERATION,1
+LIKELY_NAME+ADDRESS+PASSPORT+LOGIN_ID,1
+SURNAME+SSN+DRLIC+ACCT_NUM-PASSPORT,1
+DOB+PHONE+DRLIC-PASSPORT,1
+DOB+PHONE-DRLIC-PASSPORT,1
+PNAME+DOB+ADDRESS+LOGIN_ID (Ambiguous),1
+PNAME+DOB+ADDRESS-GENDER-SSN-PASSPORT,1
+PNAME+DOB+ADDRESS-GENDER-SSN-DRLIC-PASSPORT,1
+PNAME+DOB+ADDRESS+DRLIC-SSN-PASSPORT,1
+LIKELY_NAME+ADDRESS+PASSPORT+LOGIN_ID+ACCT_NUM,1
+DOB+PHONE+DRLIC+ACCT_NUM-PASSPORT,1
+NAME+DOB+PHONE+DRLIC-SSN-DRLIC,1
+PNAME+DOB+ADDRESS+DRLIC-DRLIC,1
+PNAME+DOB+ADDRESS+DRLIC+ACCT_NUM-PASSPORT,1
+LIKELY_NAME+ADDRESS+PHONE+ACCT_NUM-SSN,1
+LIKELY_NAME+ADDRESS+PHONE+DRLIC+ACCT_NUM (Ambiguous),1
+PNAME+DOB+ADDRESS+ACCT_NUM-PASSPORT,1
+DOB+PHONE+ACCT_NUM-GENDER-SSN,1
+DOB+PHONE+ACCT_NUM-DRLIC-PASSPORT,1
+LIKELY_NAME+ADDRESS+PHONE-PASSPORT,1
+PNAME+ADDRESS+SSN+PASSPORT+LOGIN_ID (Ambiguous),1
+PNAME+PHONE+DRLIC+ACCT_NUM-PASSPORT,1
+DOB+PASSPORT-SSN,1
+PNAME+PHONE+DRLIC-DOB-PASSPORT,1
+PNAME+PHONE+DRLIC-DOB-SSN,1
+PNAME+PHONE+DRLIC-DRLIC,1
+PNAME+PHONE+DRLIC-DRLIC-PASSPORT,1
+PNAME+ADDRESS+SSN+PASSPORT-DOB,1
+LIKELY_NAME+ADDRESS+PHONE+PASSPORT,1
+LIKELY_NAME+ADDRESS+PHONE+PASSPORT+ACCT_NUM (Ambiguous),1
+LIKELY_NAME+ADDRESS+PHONE+PASSPORT (Ambiguous),1
+DOB+PASSPORT-GENERATION,1
+LIKELY_NAME+ADDRESS+PHONE-SSN,1
+DOB+PASSPORT-GENDER-SSN-DRLIC,1
+PNAME+PHONE+DRLIC+PASSPORT+ACCT_NUM-DRLIC,1
+SURNAME+LOGIN_ID-GENERATION-DOB-GENDER-SSN,1
+DOB+PASSPORT-DRLIC,1
+PNAME+ADDRESS+SSN+LOGIN_ID+ACCT_NUM (Ambiguous),1
+PNAME+PHONE+DRLIC+PASSPORT-SSN,1
+PNAME+PHONE+DRLIC+PASSPORT-SSN-DRLIC,1
+PNAME+ADDRESS+SSN+DRLIC+PASSPORT+LOGIN_ID (Ambiguous),1
+PNAME+PHONE+DRLIC-SSN-DRLIC,1
+DOB+PASSPORT+ACCT_NUM-SSN,1
+NAME+DOB+PHONE+DRLIC+PASSPORT-SSN,1
