userid,dbid,toplevel,queryid,query,plans,total_plan_time,min_plan_time,max_plan_time,mean_plan_time,stddev_plan_time,calls,total_exec_time,min_exec_time,max_exec_time,mean_exec_time,stddev_exec_time,rows,shared_blks_hit,shared_blks_read,shared_blks_dirtied,shared_blks_written,local_blks_hit,local_blks_read,local_blks_dirtied,local_blks_written,temp_blks_read,temp_blks_written,shared_blk_read_time,shared_blk_write_time,local_blk_read_time,local_blk_write_time,temp_blk_read_time,temp_blk_write_time,wal_records,wal_fpi,wal_bytes,jit_functions,jit_generation_time,jit_inlining_count,jit_inlining_time,jit_optimization_count,jit_optimization_time,jit_emission_count,jit_emission_time,jit_deform_count,jit_deform_time,stats_since,minmax_stats_since
16410,16412,t,479873241561106774,"INSERT INTO RES_FEAT_STAT(LIB_FEAT_ID,FTYPE_ID,NUM_RES_ENT,NUM_RES_ENT_OOM) VALUES ($1,$2,$3,$4),($5,$6,$7,$8),($9,$10,$11,$12),($13,$14,$15,$16),($17,$18,$19,$20),($21,$22,$23,$24),($25,$26,$27,$28),($29,$30,$31,$32),($33,$34,$35,$36),($37,$38,$39,$40),($41,$42,$43,$44),($45,$46,$47,$48),($49,$50,$51,$52),($53,$54,$55,$56),($57,$58,$59,$60),($61,$62,$63,$64),($65,$66,$67,$68),($69,$70,$71,$72),($73,$74,$75,$76),($77,$78,$79,$80) ON CONFLICT DO NOTHING",0,0,0,0,0,0,1307724,26725863.74258239,0.174674,3053.22979,20.436929919908472,80.72561621618878,26154457,259052923,10794,0,249854,0,0,0,0,0,0,114829.20586099965,24002.493003000218,0,0,0,0,0,0,0,0,0,0,0,0,0,0,0,0,0,2026-06-19 14:52:39.569238+00,2026-06-19 14:52:39.569238+00
10,16384,t,-2882762892305641315,"MOVE ALL IN ""query-cursor_79""",0,0,0,0,0,0,1,1.294718,1.294718,1.294718,1.294718,0,0,0,0,0,0,0,0,0,0,0,0,0,0,0,0,0,0,0,0,0,0,0,0,0,0,0,0,0,0,0,2026-06-19 14:07:27.669742+00,2026-06-19 14:07:27.669742+00
10,16384,t,3169281360711872602,"FETCH 13 IN ""query-cursor_151""",0,0,0,0,0,0,1,0.006585,0.006585,0.006585,0.006585,0,13,0,0,0,0,0,0,0,0,0,0,0,0,0,0,0,0,0,0,0,0,0,0,0,0,0,0,0,0,0,2026-06-19 15:38:28.531483+00,2026-06-19 15:38:28.531483+00
10,16384,t,5606802887923544155,"FETCH 50 IN ""query-cursor_65""",0,0,0,0,0,0,10,0.034913,0.002761,0.005798,0.0034913,0.0008519197203962356,500,0,0,0,0,0,0,0,0,0,0,0,0,0,0,0,0,0,0,0,0,0,0,0,0,0,0,0,0,0,2026-06-19 13:53:27.668676+00,2026-06-19 13:53:27.668676+00
10,16384,t,3935153918268753832,"DECLARE ""query-cursor_34"" SCROLL CURSOR FOR select queryid, left(query, $1), calls, (total_plan_time + total_exec_time) as total_time from aurora_stat_statements($2) order by calls desc limit $3 FOR READ ONLY",0,0,0,0,0,0,1,0.065919,0.065919,0.065919,0.065919,0,0,0,0,0,0,0,0,0,0,0,0,0,0,0,0,0,0,0,0,0,0,0,0,0,0,0,0,0,0,0,2026-06-19 13:22:27.665155+00,2026-06-19 13:22:27.665155+00
10,16384,t,210819468606069943,"select queryid, calls, (total_plan_time + total_exec_time) as total_time, rows, shared_blks_hit, shared_blks_dirtied, shared_blks_read, shared_blks_written, local_blks_hit, local_blks_dirtied, local_blks_read, local_blks_written, temp_blks_read, temp_blks_written, storage_blks_read, orcache_blks_hit, shared_blk_read_time as blk_read_time, shared_blk_write_time as blk_write_time, storage_blk_read_time, local_blk_read_time, orcache_blk_read_time, total_plan_time, total_exec_time from aurora_stat_statements($1) where queryid in ($2, $3, $4, $5, $6, $7, $8, $9, $10, $11, $12, $13, $14, $15, $16, $17, $18, $19, $20, $21, $22, $23, $24, $25, $26, $27, $28, $29, $30, $31, $32, $33, $34, $35, $36, $37, $38, $39, $40, $41, $42, $43, $44, $45, $46, $47, $48, $49, $50, $51, $52, $53, $54, $55, $56, $57, $58, $59, $60, $61, $62)",0,0,0,0,0,0,1,1.9337309999999999,1.9337309999999999,1.9337309999999999,1.9337309999999999,0,62,0,0,0,0,0,0,0,0,0,0,0,0,0,0,0,0,0,0,0,0,0,0,0,0,0,0,0,0,0,2026-06-19 14:57:37.705094+00,2026-06-19 14:57:37.705094+00
10,16384,t,-4122398703828883751,"FETCH 10 IN ""query-cursor_1""",0,0,0,0,0,0,1,0.002265,0.002265,0.002265,0.002265,0,10,0,0,0,0,0,0,0,0,0,0,0,0,0,0,0,0,0,0,0,0,0,0,0,0,0,0,0,0,0,2026-06-19 12:49:27.661182+00,2026-06-19 12:49:27.661182+00
10,16384,t,3594991941018395982,"DECLARE ""query-cursor_8"" SCROLL CURSOR FOR select queryid, left(query, $1), calls, (total_plan_time + total_exec_time) as total_time from aurora_stat_statements($2) order by calls desc limit $3 FOR READ ONLY",0,0,0,0,0,0,1,0.067471,0.067471,0.067471,0.067471,0,0,0,0,0,0,0,0,0,0,0,0,0,0,0,0,0,0,0,0,0,0,0,0,0,0,0,0,0,0,0,2026-06-19 12:56:27.66327+00,2026-06-19 12:56:27.66327+00
10,16384,t,9087986566003564516,SELECT count(*) FROM pg_roles WHERE rolsuper = $1 AND rolname != $2,0,0,0,0,0,0,37,0.630177,0.009663999999999999,0.036478,0.01703181081081081,0.005423314753004235,37,37,0,0,0,0,0,0,0,0,0,0,0,0,0,0,0,0,0,0,0,0,0,0,0,0,0,0,0,0,2026-06-19 12:55:53.654854+00,2026-06-19 12:55:53.654854+00
10,16384,t,-8672561780472567711,"FETCH 0 IN ""query-cursor_189""",0,0,0,0,0,0,1,0.006414,0.006414,0.006414,0.006414,0,0,0,0,0,0,0,0,0,0,0,0,0,0,0,0,0,0,0,0,0,0,0,0,0,0,0,0,0,0,0,2026-06-19 16:58:28.127093+00,2026-06-19 16:58:28.127093+00
10,16384,t,4495804682372098468,"FETCH 9 IN ""query-cursor_48""",0,0,0,0,0,0,1,0.00186,0.00186,0.00186,0.00186,0,9,0,0,0,0,0,0,0,0,0,0,0,0,0,0,0,0,0,0,0,0,0,0,0,0,0,0,0,0,0,2026-06-19 13:36:27.668498+00,2026-06-19 13:36:27.668498+00
10,16384,t,-852248391679385182,"select queryid, calls, (total_plan_time + total_exec_time) as total_time, rows, shared_blks_hit, shared_blks_dirtied, shared_blks_read, shared_blks_written, local_blks_hit, local_blks_dirtied, local_blks_read, local_blks_written, temp_blks_read, temp_blks_written, storage_blks_read, orcache_blks_hit, shared_blk_read_time as blk_read_time, shared_blk_write_time as blk_write_time, storage_blk_read_time, local_blk_read_time, orcache_blk_read_time, total_plan_time, total_exec_time from aurora_stat_statements($1) where queryid in ($2, $3, $4, $5, $6, $7, $8, $9, $10, $11, $12, $13, $14, $15, $16, $17, $18, $19, $20, $21, $22, $23, $24, $25, $26, $27, $28, $29, $30, $31, $32, $33, $34, $35, $36, $37, $38, $39, $40, $41, $42, $43, $44, $45, $46, $47, $48, $49, $50, $51, $52, $53, $54, $55, $56, $57, $58, $59, $60, $61, $62, $63)",0,0,0,0,0,0,5,16.823945000000002,2.1138049999999997,3.9180780000000004,3.3647890000000005,0.6536545285347607,315,0,0,0,0,0,0,0,0,0,0,0,0,0,0,0,0,0,0,0,0,0,0,0,0,0,0,0,0,0,2026-06-19 14:58:37.705395+00,2026-06-19 14:58:37.705395+00
10,16384,t,-6930211739579768060,ROLLBACK,0,0,0,0,0,0,763,0.8576799999999999,0.000329,0.006442,0.001124089121887287,0.00044015990174981113,0,0,0,0,0,0,0,0,0,0,0,0,0,0,0,0,0,0,0,0,0,0,0,0,0,0,0,0,0,0,2026-06-19 12:49:27.107871+00,2026-06-19 12:49:27.107871+00
10,16384,t,5071511842494172465,"FETCH 23 IN ""query-cursor_42""",0,0,0,0,0,0,1,0.00274,0.00274,0.00274,0.00274,0,23,0,0,0,0,0,0,0,0,0,0,0,0,0,0,0,0,0,0,0,0,0,0,0,0,0,0,0,0,0,2026-06-19 13:30:27.667906+00,2026-06-19 13:30:27.667906+00
10,16384,t,-5734018203559650506,"MOVE -1484 IN ""query-cursor_147""",0,0,0,0,0,0,1,0.190191,0.190191,0.190191,0.190191,0,0,0,0,0,0,0,0,0,0,0,0,0,0,0,0,0,0,0,0,0,0,0,0,0,0,0,0,0,0,0,2026-06-19 15:30:27.964717+00,2026-06-19 15:30:27.964717+00
10,16384,t,-2367312486385979461,"FETCH 19 IN ""query-cursor_113""",0,0,0,0,0,0,1,0.002107,0.002107,0.002107,0.002107,0,19,0,0,0,0,0,0,0,0,0,0,0,0,0,0,0,0,0,0,0,0,0,0,0,0,0,0,0,0,0,2026-06-19 14:41:27.675353+00,2026-06-19 14:41:27.675353+00
16410,16412,t,2335547159944955556,"INSERT INTO RES_FEAT_STAT(LIB_FEAT_ID,FTYPE_ID,NUM_RES_ENT,NUM_RES_ENT_OOM) VALUES ($1,$2,$3,$4),($5,$6,$7,$8),($9,$10,$11,$12),($13,$14,$15,$16),($17,$18,$19,$20),($21,$22,$23,$24),($25,$26,$27,$28),($29,$30,$31,$32),($33,$34,$35,$36),($37,$38,$39,$40),($41,$42,$43,$44),($45,$46,$47,$48),($49,$50,$51,$52),($53,$54,$55,$56),($57,$58,$59,$60),($61,$62,$63,$64),($65,$66,$67,$68),($69,$70,$71,$72),($73,$74,$75,$76) ON CONFLICT DO NOTHING",0,0,0,0,0,0,1635539,32208297.58711678,0.168401,3983.00817,19.69277258880209,77.76407808287418,31075207,308104574,13161,0,299452,0,0,0,0,0,0,136864.4542979998,29347.63890800062,0,0,0,0,0,0,0,0,0,0,0,0,0,0,0,0,0,2026-06-19 14:52:39.559241+00,2026-06-19 14:52:39.559241+00
10,16384,t,-3577201948790415644,"FETCH 0 IN ""query-cursor_60""",0,0,0,0,0,0,1,0.003789,0.003789,0.003789,0.003789,0,0,0,0,0,0,0,0,0,0,0,0,0,0,0,0,0,0,0,0,0,0,0,0,0,0,0,0,0,0,0,2026-06-19 13:48:27.667074+00,2026-06-19 13:48:27.667074+00
10,16384,t,8104844015402446740,SELECT pg_reload_conf(),0,0,0,0,0,0,1,0.015727,0.015727,0.015727,0.015727,0,1,0,0,0,0,0,0,0,0,0,0,0,0,0,0,0,0,0,0,0,0,0,0,0,0,0,0,0,0,0,2026-06-19 12:48:32.859399+00,2026-06-19 12:48:32.859399+00
10,16384,t,2083721258350265062,"FETCH 40 IN ""query-cursor_191""",0,0,0,0,0,0,1,0.010606,0.010606,0.010606,0.010606,0,40,0,0,0,0,0,0,0,0,0,0,0,0,0,0,0,0,0,0,0,0,0,0,0,0,0,0,0,0,0,2026-06-19 17:02:28.532145+00,2026-06-19 17:02:28.532145+00
10,16384,t,-1564986821697819574,"MOVE ALL IN ""query-cursor_170""",0,0,0,0,0,0,1,33.572398,33.572398,33.572398,33.572398,0,0,0,0,0,0,0,0,0,0,0,0,0,0,0,0,0,0,0,0,0,0,0,0,0,0,0,0,0,0,0,2026-06-19 16:16:27.855771+00,2026-06-19 16:16:27.855771+00
10,16384,t,-8918178132651376365,"FETCH 33 IN ""query-cursor_82""",0,0,0,0,0,0,1,0.002539,0.002539,0.002539,0.002539,0,33,0,0,0,0,0,0,0,0,0,0,0,0,0,0,0,0,0,0,0,0,0,0,0,0,0,0,0,0,0,2026-06-19 14:10:27.672216+00,2026-06-19 14:10:27.672216+00
10,16384,t,2277857055439425835,"FETCH 28 IN ""query-cursor_26""",0,0,0,0,0,0,1,0.002326,0.002326,0.002326,0.002326,0,28,0,0,0,0,0,0,0,0,0,0,0,0,0,0,0,0,0,0,0,0,0,0,0,0,0,0,0,0,0,2026-06-19 13:14:27.666279+00,2026-06-19 13:14:27.666279+00
10,16384,t,3494921585603463877,"MOVE -1894 IN ""query-cursor_207""",0,0,0,0,0,0,1,0.085539,0.085539,0.085539,0.085539,0,0,0,0,0,0,0,0,0,0,0,0,0,0,0,0,0,0,0,0,0,0,0,0,0,0,0,0,0,0,0,2026-06-19 17:34:27.71915+00,2026-06-19 17:34:27.71915+00
10,16384,t,8290254922520988000,select * from rds_get_query_stats(),0,0,0,0,0,0,256,1.5793439999999994,0.003234,0.02408,0.006169312499999998,0.002946279306838756,256,0,0,0,0,0,0,0,0,0,0,0,0,0,0,0,0,0,0,0,0,0,0,0,0,0,0,0,0,0,2026-06-19 12:49:27.214192+00,2026-06-19 12:49:27.214192+00
10,16384,t,3303936431703219537,"FETCH 31 IN ""query-cursor_127""",0,0,0,0,0,0,1,0.006398,0.006398,0.006398,0.006398,0,31,0,0,0,0,0,0,0,0,0,0,0,0,0,0,0,0,0,0,0,0,0,0,0,0,0,0,0,0,0,2026-06-19 14:55:27.686152+00,2026-06-19 14:55:27.686152+00
10,16384,t,-7635793080401679586,"FETCH 0 IN ""query-cursor_209""",0,0,0,0,0,0,1,0.005262,0.005262,0.005262,0.005262,0,0,0,0,0,0,0,0,0,0,0,0,0,0,0,0,0,0,0,0,0,0,0,0,0,0,0,0,0,0,0,2026-06-19 17:38:27.854221+00,2026-06-19 17:38:27.854221+00
16410,16412,t,2985694627305390699,DELETE FROM RES_FEAT_EKEY WHERE RES_ENT_ID=$1 AND ((LIB_FEAT_ID=$2 AND UTYPE_CODE=$3)OR(LIB_FEAT_ID=$4 AND UTYPE_CODE=$5)OR(LIB_FEAT_ID=$6 AND UTYPE_CODE=$7)OR(LIB_FEAT_ID=$8 AND UTYPE_CODE=$9)OR(LIB_FEAT_ID=$10 AND UTYPE_CODE=$11)OR(LIB_FEAT_ID=$12 AND UTYPE_CODE=$13)OR(LIB_FEAT_ID=$14 AND UTYPE_CODE=$15)OR(LIB_FEAT_ID=$16 AND UTYPE_CODE=$17)OR(LIB_FEAT_ID=$18 AND UTYPE_CODE=$19)OR(LIB_FEAT_ID=$20 AND UTYPE_CODE=$21)OR(LIB_FEAT_ID=$22 AND UTYPE_CODE=$23)OR(LIB_FEAT_ID=$24 AND UTYPE_CODE=$25)OR(LIB_FEAT_ID=$26 AND UTYPE_CODE=$27)OR(LIB_FEAT_ID=$28 AND UTYPE_CODE=$29)OR(LIB_FEAT_ID=$30 AND UTYPE_CODE=$31)OR(LIB_FEAT_ID=$32 AND UTYPE_CODE=$33)OR(LIB_FEAT_ID=$34 AND UTYPE_CODE=$35)OR(LIB_FEAT_ID=$36 AND UTYPE_CODE=$37)OR(LIB_FEAT_ID=$38 AND UTYPE_CODE=$39)OR(LIB_FEAT_ID=$40 AND UTYPE_CODE=$41)OR(LIB_FEAT_ID=$42 AND UTYPE_CODE=$43)OR(LIB_FEAT_ID=$44 AND UTYPE_CODE=$45)OR(LIB_FEAT_ID=$46 AND UTYPE_CODE=$47)OR(LIB_FEAT_ID=$48 AND UTYPE_CODE=$49)OR(LIB_FEAT_ID=$50 AND UTYPE_CODE=$51)OR(LIB_FEAT_ID=$52 AND UTYPE_CODE=$53)OR(LIB_FEAT_ID=$54 AND UTYPE_CODE=$55)OR(LIB_FEAT_ID=$56 AND UTYPE_CODE=$57)OR(LIB_FEAT_ID=$58 AND UTYPE_CODE=$59)OR(LIB_FEAT_ID=$60 AND UTYPE_CODE=$61)OR(LIB_FEAT_ID=$62 AND UTYPE_CODE=$63)OR(LIB_FEAT_ID=$64 AND UTYPE_CODE=$65)OR(LIB_FEAT_ID=$66 AND UTYPE_CODE=$67)OR(LIB_FEAT_ID=$68 AND UTYPE_CODE=$69)OR(LIB_FEAT_ID=$70 AND UTYPE_CODE=$71)OR(LIB_FEAT_ID=$72 AND UTYPE_CODE=$73)),0,0,0,0,0,0,5880,185731.01171999972,0.009994,450.078808,31.586906755101992,57.23894614269287,136792,944341,2263,0,0,0,0,0,0,0,0,114194.54662499989,0,0,0,0,0,0,0,0,0,0,0,0,0,0,0,0,0,0,2026-06-19 14:54:38.19823+00,2026-06-19 14:54:38.19823+00
10,16384,t,-6606435520236439547,"FETCH 50 IN ""query-cursor_242""",0,0,0,0,0,0,42,0.6312609999999999,0.00917,0.026139,0.015030023809523806,0.005185678311180918,2100,0,0,0,0,0,0,0,0,0,0,0,0,0,0,0,0,0,0,0,0,0,0,0,0,0,0,0,0,0,2026-06-19 18:41:27.714523+00,2026-06-19 18:41:27.714523+00
10,16384,t,5580091197685914157,"FETCH 50 IN ""query-cursor_185""",0,0,0,0,0,0,35,0.501943,0.007494,0.029481,0.014341228571428572,0.005416996732959873,1750,0,0,0,0,0,0,0,0,0,0,0,0,0,0,0,0,0,0,0,0,0,0,0,0,0,0,0,0,0,2026-06-19 16:50:27.875714+00,2026-06-19 16:50:27.875714+00
16410,16412,t,1623369012368112450,SET application_name TO $1,0,0,0,0,0,0,3078,35.26557099999997,0.00231,5.560712,0.011457300519818055,0.10015583230376089,0,0,0,0,0,0,0,0,0,0,0,0,0,0,0,0,0,0,0,0,0,0,0,0,0,0,0,0,0,0,2026-06-19 12:51:29.508222+00,2026-06-19 12:51:29.508222+00
10,16384,t,-2861825465755920514,"FETCH 50 IN ""query-cursor_236""",0,0,0,0,0,0,41,0.65596,0.010849,0.037039,0.015999024390243904,0.006197193890895806,2050,0,0,0,0,0,0,0,0,0,0,0,0,0,0,0,0,0,0,0,0,0,0,0,0,0,0,0,0,0,2026-06-19 18:29:27.689935+00,2026-06-19 18:29:27.689935+00
16410,16412,t,8763371268600877103,"UPDATE RES_RELATE AS T SET IS_DISCLOSED=C.IS_DISCLOSED,IS_AMBIGUOUS=C.IS_AMBIGUOUS,LAST_ERRULE_ID=C.LAST_ERRULE_ID,MATCH_KEY=C.MATCH_KEY,MATCH_KEY_DETAILS=C.MATCH_KEY_DETAILS,MATCH_LEVELS=C.MATCH_LEVELS FROM (VALUES (CAST ($1 AS BIGINT),CAST ($2 AS BIGINT),CAST ($3 AS BIGINT),CAST ($4 AS BIGINT),$5,$6,$7),(CAST ($8 AS BIGINT),CAST ($9 AS BIGINT),CAST ($10 AS BIGINT),CAST ($11 AS BIGINT),$12,$13,$14),(CAST ($15 AS BIGINT),CAST ($16 AS BIGINT),CAST ($17 AS BIGINT),CAST ($18 AS BIGINT),$19,$20,$21),(CAST ($22 AS BIGINT),CAST ($23 AS BIGINT),CAST ($24 AS BIGINT),CAST ($25 AS BIGINT),$26,$27,$28),(CAST ($29 AS BIGINT),CAST ($30 AS BIGINT),CAST ($31 AS BIGINT),CAST ($32 AS BIGINT),$33,$34,$35),(CAST ($36 AS BIGINT),CAST ($37 AS BIGINT),CAST ($38 AS BIGINT),CAST ($39 AS BIGINT),$40,$41,$42),(CAST ($43 AS BIGINT),CAST ($44 AS BIGINT),CAST ($45 AS BIGINT),CAST ($46 AS BIGINT),$47,$48,$49),(CAST ($50 AS BIGINT),CAST ($51 AS BIGINT),CAST ($52 AS BIGINT),CAST ($53 AS BIGINT),$54,$55,$56),(CAST ($57 AS BIGINT),CAST ($58 AS BIGINT),CAST ($59 AS BIGINT),CAST ($60 AS BIGINT),$61,$62,$63),(CAST ($64 AS BIGINT),CAST ($65 AS BIGINT),CAST ($66 AS BIGINT),CAST ($67 AS BIGINT),$68,$69,$70),(CAST ($71 AS BIGINT),CAST ($72 AS BIGINT),CAST ($73 AS BIGINT),CAST ($74 AS BIGINT),$75,$76,$77)) AS C(RES_REL_ID,IS_DISCLOSED,IS_AMBIGUOUS,LAST_ERRULE_ID,MATCH_KEY,MATCH_KEY_DETAILS,MATCH_LEVELS) WHERE C.RES_REL_ID=T.RES_REL_ID",0,0,0,0,0,0,1068,7927.263407999997,0.18053899999999998,383.448021,7.422531280898873,28.470496451184122,11748,116288,361,0,9,0,0,0,0,0,0,3458.8973490000008,0.07026299999999999,0,0,0,0,0,0,0,0,0,0,0,0,0,0,0,0,0,2026-06-19 15:01:03.826653+00,2026-06-19 15:01:03.826653+00
16410,16412,t,-2778453929107523783,"INSERT INTO RES_REL_EKEY(RES_REL_ID,RES_ENT_ID,REL_ENT_ID) VALUES ($1,$2,$3),($4,$5,$6),($7,$8,$9),($10,$11,$12),($13,$14,$15) ON CONFLICT DO NOTHING",0,0,0,0,0,0,3,0.663576,0.192819,0.26315000000000005,0.22119200000000003,0.030276795944529346,15,146,0,0,0,0,0,0,0,0,0,0,0,0,0,0,0,0,0,0,0,0,0,0,0,0,0,0,0,0,2026-06-19 16:41:46.006356+00,2026-06-19 16:41:46.006356+00
10,16384,t,-3565475070617249351,"MOVE -1696 IN ""query-cursor_176""",0,0,0,0,0,0,1,0.233495,0.233495,0.233495,0.233495,0,0,0,0,0,0,0,0,0,0,0,0,0,0,0,0,0,0,0,0,0,0,0,0,0,0,0,0,0,0,0,2026-06-19 16:30:27.721316+00,2026-06-19 16:30:27.721316+00
16410,16412,t,7198600958774450011,DELETE FROM RES_FEAT_EKEY WHERE RES_ENT_ID=$1 AND ((LIB_FEAT_ID=$2 AND UTYPE_CODE=$3)OR(LIB_FEAT_ID=$4 AND UTYPE_CODE=$5)OR(LIB_FEAT_ID=$6 AND UTYPE_CODE=$7)OR(LIB_FEAT_ID=$8 AND UTYPE_CODE=$9)OR(LIB_FEAT_ID=$10 AND UTYPE_CODE=$11)OR(LIB_FEAT_ID=$12 AND UTYPE_CODE=$13)),0,0,0,0,0,0,705,1457.6250579999992,0.014914,112.505701,2.067553273758864,8.572673628803493,2003,19299,26,0,0,0,0,0,0,0,0,447.77946399999996,0,0,0,0,0,0,0,0,0,0,0,0,0,0,0,0,0,0,2026-06-19 15:04:21.663315+00,2026-06-19 15:04:21.663315+00
10,16384,t,3643937922883522298,RESET password_encryption,0,0,0,0,0,0,1,0.022917,0.022917,0.022917,0.022917,0,0,2,0,0,0,0,0,0,0,0,0,0,0,0,0,0,0,0,0,0,0,0,0,0,0,0,0,0,0,0,2026-06-19 12:49:16.233116+00,2026-06-19 12:49:16.233116+00
10,16384,t,-5281552895721550014,"FETCH 0 IN ""query-cursor_158""",0,0,0,0,0,0,1,0.010237,0.010237,0.010237,0.010237,0,0,0,0,0,0,0,0,0,0,0,0,0,0,0,0,0,0,0,0,0,0,0,0,0,0,0,0,0,0,0,2026-06-19 15:52:28.104194+00,2026-06-19 15:52:28.104194+00
10,16384,t,4741742688108169213,"FETCH 0 IN ""query-cursor_51""",0,0,0,0,0,0,1,0.003845,0.003845,0.003845,0.003845,0,0,0,0,0,0,0,0,0,0,0,0,0,0,0,0,0,0,0,0,0,0,0,0,0,0,0,0,0,0,0,2026-06-19 13:39:27.666418+00,2026-06-19 13:39:27.666418+00
10,16384,t,2027089942204218636,"MOVE ALL IN ""query-cursor_226""",0,0,0,0,0,0,1,10.329002,10.329002,10.329002,10.329002,0,0,0,0,0,0,0,0,0,0,0,0,0,0,0,0,0,0,0,0,0,0,0,0,0,0,0,0,0,0,0,2026-06-19 18:12:28.090924+00,2026-06-19 18:12:28.090924+00
10,16384,t,-3369874323075408889,"FETCH 50 IN ""query-cursor_22""",0,0,0,0,0,0,5,0.019136,0.00309,0.00547,0.0038272000000000002,0.0008594145449083347,250,0,0,0,0,0,0,0,0,0,0,0,0,0,0,0,0,0,0,0,0,0,0,0,0,0,0,0,0,0,2026-06-19 13:10:27.664992+00,2026-06-19 13:10:27.664992+00
10,16384,t,-2194656291692130190,"MOVE ALL IN ""query-cursor_163""",0,0,0,0,0,0,1,7.616048,7.616048,7.616048,7.616048,0,0,0,0,0,0,0,0,0,0,0,0,0,0,0,0,0,0,0,0,0,0,0,0,0,0,0,0,0,0,0,2026-06-19 16:02:28.295887+00,2026-06-19 16:02:28.295887+00
10,16384,t,3623028413928263540,"MOVE ALL IN ""query-cursor_161""",0,0,0,0,0,0,1,36.400197,36.400197,36.400197,36.400197,0,0,0,0,0,0,0,0,0,0,0,0,0,0,0,0,0,0,0,0,0,0,0,0,0,0,0,0,0,0,0,2026-06-19 15:58:27.744055+00,2026-06-19 15:58:27.744055+00
16410,16412,t,-8419196526411615639,"SELECT RES_ENT_ID,LIB_FEAT_ID,FTYPE_ID,UTYPE_CODE,SUPPRESSED,OBS_ENT_CNT FROM RES_FEAT_EKEY WHERE RES_ENT_ID IN ($1,$2,$3,$4) AND FTYPE_ID IN ($5,$6,$7,$8,$9,$10,$11,$12,$13,$14)",0,0,0,0,0,0,31832,79682.33381900034,0.034741,455.623143,2.50321480959413,14.58317822602315,1561438,583707,3166,0,0,0,0,0,0,0,0,65147.008739000055,0,0,0,0,0,0,0,0,0,0,0,0,0,0,0,0,0,0,2026-06-19 14:52:42.920895+00,2026-06-19 14:52:42.920895+00
10,16384,t,3085595373514498186,"MOVE ALL IN ""query-cursor_126""",0,0,0,0,0,0,1,3.372427,3.372427,3.372427,3.372427,0,0,0,0,0,0,0,0,0,0,0,0,0,0,0,0,0,0,0,0,0,0,0,0,0,0,0,0,0,0,0,2026-06-19 14:54:27.675087+00,2026-06-19 14:54:27.675087+00
10,16384,t,-5044022941077999660,"FETCH 0 IN ""query-cursor_226""",0,0,0,0,0,0,1,0.006238,0.006238,0.006238,0.006238,0,0,0,0,0,0,0,0,0,0,0,0,0,0,0,0,0,0,0,0,0,0,0,0,0,0,0,0,0,0,0,2026-06-19 18:12:28.080518+00,2026-06-19 18:12:28.080518+00
10,16384,t,-6669521802958317332,"MOVE -182 IN ""query-cursor_10""",0,0,0,0,0,0,1,0.01233,0.01233,0.01233,0.01233,0,0,0,0,0,0,0,0,0,0,0,0,0,0,0,0,0,0,0,0,0,0,0,0,0,0,0,0,0,0,0,2026-06-19 12:58:27.663922+00,2026-06-19 12:58:27.663922+00
10,16384,t,3387897371303186809,"MOVE -2067 IN ""query-cursor_235""",0,0,0,0,0,0,1,0.197994,0.197994,0.197994,0.197994,0,0,0,0,0,0,0,0,0,0,0,0,0,0,0,0,0,0,0,0,0,0,0,0,0,0,0,0,0,0,0,2026-06-19 18:28:27.701022+00,2026-06-19 18:28:27.701022+00
10,16384,t,-3157229710565521781,"FETCH 50 IN ""query-cursor_229""",0,0,0,0,0,0,40,0.30672099999999997,0.003669,0.013007,0.007668024999999999,0.002724427458086377,2000,0,0,0,0,0,0,0,0,0,0,0,0,0,0,0,0,0,0,0,0,0,0,0,0,0,0,0,0,0,2026-06-19 18:18:27.686575+00,2026-06-19 18:18:27.686575+00
10,16384,t,1410282443418497983,select $1 from rds_get_stat_connections_counters_details() limit $2,0,0,0,0,0,0,255,1.988619999999999,0.005015,0.087832,0.007798509803921564,0.00597303021652753,255,0,0,0,0,0,0,0,0,0,0,0,0,0,0,0,0,0,0,0,0,0,0,0,0,0,0,0,0,0,2026-06-19 12:49:27.227178+00,2026-06-19 12:49:27.227178+00
10,16384,t,-4078841435559278514,"FETCH 1 IN ""query-cursor_85""",0,0,0,0,0,0,1,0.001438,0.001438,0.001438,0.001438,0,1,0,0,0,0,0,0,0,0,0,0,0,0,0,0,0,0,0,0,0,0,0,0,0,0,0,0,0,0,0,2026-06-19 14:13:27.672657+00,2026-06-19 14:13:27.672657+00
10,16384,t,-6457378100781050987,"FETCH 46 IN ""query-cursor_240""",0,0,0,0,0,0,1,0.01324,0.01324,0.01324,0.01324,0,46,0,0,0,0,0,0,0,0,0,0,0,0,0,0,0,0,0,0,0,0,0,0,0,0,0,0,0,0,0,2026-06-19 18:37:27.750832+00,2026-06-19 18:37:27.750832+00
10,16384,t,-8740967823791091127,"FETCH 11 IN ""query-cursor_70""",0,0,0,0,0,0,1,0.001767,0.001767,0.001767,0.001767,0,11,0,0,0,0,0,0,0,0,0,0,0,0,0,0,0,0,0,0,0,0,0,0,0,0,0,0,0,0,0,2026-06-19 13:58:27.671011+00,2026-06-19 13:58:27.671011+00
10,16384,t,1442586610125942001,"FETCH 50 IN ""query-cursor_69""",0,0,0,0,0,0,11,0.03806199999999999,0.002882,0.005135,0.0034601818181818175,0.0006669085828291906,550,0,0,0,0,0,0,0,0,0,0,0,0,0,0,0,0,0,0,0,0,0,0,0,0,0,0,0,0,0,2026-06-19 13:57:27.669004+00,2026-06-19 13:57:27.669004+00
10,16384,t,9150521228745775825,"MOVE ALL IN ""query-cursor_140""",0,0,0,0,0,0,1,11.578951,11.578951,11.578951,11.578951,0,0,0,0,0,0,0,0,0,0,0,0,0,0,0,0,0,0,0,0,0,0,0,0,0,0,0,0,0,0,0,2026-06-19 15:16:28.416618+00,2026-06-19 15:16:28.416618+00
10,16384,t,-6851034886688021964,"MOVE -1363 IN ""query-cursor_133""",0,0,0,0,0,0,1,0.100234,0.100234,0.100234,0.100234,0,0,0,0,0,0,0,0,0,0,0,0,0,0,0,0,0,0,0,0,0,0,0,0,0,0,0,0,0,0,0,2026-06-19 15:02:28.110825+00,2026-06-19 15:02:28.110825+00
10,16384,t,3156793800279767505,"MOVE -874 IN ""query-cursor_122""",0,0,0,0,0,0,1,0.017853,0.017853,0.017853,0.017853,0,0,0,0,0,0,0,0,0,0,0,0,0,0,0,0,0,0,0,0,0,0,0,0,0,0,0,0,0,0,0,2026-06-19 14:50:27.673331+00,2026-06-19 14:50:27.673331+00
10,1,t,4743708967602125791,"SELECT COUNT(*)
RELS
,(MAX(RELPAGES::bigint) FILTER (WHERE RELKIND IN ($1,$2,$3,$4) AND RELNAMESPACE<>$5::REGNAMESPACE))*$6
LARGEST_TABLE_BYTES
,(MAX(RELTUPLES::bigint) FILTER (WHERE RELKIND IN ($7,$8,$9,$10) AND RELNAMESPACE<>$11::REGNAMESPACE))
LARGEST_TABLE_TUPLES
,(MAX(RELPAGES::bigint) FILTER (WHERE RELKIND IN ($12,$13) AND RELNAMESPACE<>$14::REGNAMESPACE))*$15
LARGEST_INDEX_BYTES
,(MAX(RELTUPLES::bigint) FILTER (WHERE RELKIND IN ($16,$17) AND RELNAMESPACE<>$18::REGNAMESPACE))
LARGEST_INDEX_TUPLES
,(MAX(RELPAGES::bigint) FILTER (WHERE RELKIND IN ($19,$20,$21,$22) AND RELNAMESPACE=$23::REGNAMESPACE))*$24
LARGEST_CATALOG_TABLE_BYTES
,(MAX(RELTUPLES::bigint) FILTER (WHERE RELKIND IN ($25,$26,$27,$28) AND RELNAMESPACE=$29::REGNAMESPACE))
LARGEST_CATALOG_TABLE_TUPLES
,(MAX(RELPAGES::bigint) FILTER (WHERE RELKIND IN ($30,$31) AND RELNAMESPACE=$32::REGNAMESPACE))*$33
LARGEST_CATALOG_INDEX_BYTES
,(MAX(RELTUPLES::bigint) FILTER (WHERE RELKIND IN ($34,$35) AND RELNAMESPACE=$36::REGNAMESPACE))
LARGEST_CATALOG_INDEX_TUPLES
FROM PG_CATALOG.PG_CLASS",0,0,0,0,0,0,1,0.147138,0.147138,0.147138,0.147138,0,1,14,0,0,0,0,0,0,0,0,0,0,0,0,0,0,0,0,0,0,0,0,0,0,0,0,0,0,0,0,2026-06-19 13:45:00.138672+00,2026-06-19 13:45:00.138672+00
10,16384,t,2447666364080423637,"FETCH 50 IN ""query-cursor_125""",0,0,0,0,0,0,24,0.28596499999999997,0.006943,0.045613,0.011915208333333331,0.007471009720798381,1200,0,0,0,0,0,0,0,0,0,0,0,0,0,0,0,0,0,0,0,0,0,0,0,0,0,0,0,0,0,2026-06-19 14:53:27.676674+00,2026-06-19 14:53:27.676674+00
10,16384,t,-4000048151503133813,"FETCH 0 IN ""query-cursor_157""",0,0,0,0,0,0,1,0.007706,0.007706,0.007706,0.007706,0,0,0,0,0,0,0,0,0,0,0,0,0,0,0,0,0,0,0,0,0,0,0,0,0,0,0,0,0,0,0,2026-06-19 15:50:27.783459+00,2026-06-19 15:50:27.783459+00
10,16384,t,5561181531719192011,"FETCH 50 IN ""query-cursor_21""",0,0,0,0,0,0,4,0.015569,0.003264,0.005114,0.00389225,0.0007374545324967497,200,0,0,0,0,0,0,0,0,0,0,0,0,0,0,0,0,0,0,0,0,0,0,0,0,0,0,0,0,0,2026-06-19 13:09:27.664897+00,2026-06-19 13:09:27.664897+00
10,16384,t,-4115900047898677409,"MOVE -718 IN ""query-cursor_96""",0,0,0,0,0,0,1,0.015659,0.015659,0.015659,0.015659,0,0,0,0,0,0,0,0,0,0,0,0,0,0,0,0,0,0,0,0,0,0,0,0,0,0,0,0,0,0,0,2026-06-19 14:24:27.671274+00,2026-06-19 14:24:27.671274+00
10,16384,t,1588543583284508676,"DECLARE ""query-cursor_62"" SCROLL CURSOR FOR select queryid, left(query, $1), calls, (total_plan_time + total_exec_time) as total_time from aurora_stat_statements($2) order by calls desc limit $3 FOR READ ONLY",0,0,0,0,0,0,1,0.062227,0.062227,0.062227,0.062227,0,0,0,0,0,0,0,0,0,0,0,0,0,0,0,0,0,0,0,0,0,0,0,0,0,0,0,0,0,0,0,2026-06-19 13:50:27.667114+00,2026-06-19 13:50:27.667114+00
10,16384,t,891653491495657055,"MOVE -446 IN ""query-cursor_54""",0,0,0,0,0,0,1,0.01795,0.01795,0.01795,0.01795,0,0,0,0,0,0,0,0,0,0,0,0,0,0,0,0,0,0,0,0,0,0,0,0,0,0,0,0,0,0,0,2026-06-19 13:42:27.667626+00,2026-06-19 13:42:27.667626+00
10,16384,t,8983490732493941091,"FETCH 50 IN ""query-cursor_107""",0,0,0,0,0,0,15,0.045884,0.002656,0.005754,0.0030589333333333334,0.0007388914639888293,750,0,0,0,0,0,0,0,0,0,0,0,0,0,0,0,0,0,0,0,0,0,0,0,0,0,0,0,0,0,2026-06-19 14:35:27.67215+00,2026-06-19 14:35:27.67215+00
16410,16412,t,4854535455940812919,"SELECT RES_ENT_ID,REL_ENT_ID,RES_REL_ID FROM RES_REL_EKEY WHERE RES_ENT_ID IN ($1,$2)",0,0,0,0,0,0,2195086,525341.6745240163,0.005355,465.546001,0.2393262380262169,4.1328100493103666,6643576,23738145,9555,0,0,0,0,0,0,0,0,251332.45037899993,0,0,0,0,0,0,0,0,0,0,0,0,0,0,0,0,0,0,2026-06-19 14:52:42.128878+00,2026-06-19 14:52:42.128878+00
10,16384,t,8593608866768640613,"FETCH 50 IN ""query-cursor_18""",0,0,0,0,0,0,4,0.017502,0.003019,0.005444,0.0043755,0.0010432325963082253,200,0,0,0,0,0,0,0,0,0,0,0,0,0,0,0,0,0,0,0,0,0,0,0,0,0,0,0,0,0,2026-06-19 13:06:27.66465+00,2026-06-19 13:06:27.66465+00
10,16384,t,5853544804209105791,"FETCH 50 IN ""query-cursor_71""",0,0,0,0,0,0,11,0.037529999999999994,0.002826,0.006539,0.0034118181818181812,0.00101730917962149,550,0,0,0,0,0,0,0,0,0,0,0,0,0,0,0,0,0,0,0,0,0,0,0,0,0,0,0,0,0,2026-06-19 13:59:27.669226+00,2026-06-19 13:59:27.669226+00
16410,16412,t,-1002264275151279778,"INSERT INTO RES_FEAT_STAT(LIB_FEAT_ID,FTYPE_ID,NUM_RES_ENT,NUM_RES_ENT_OOM) VALUES ($1,$2,$3,$4),($5,$6,$7,$8) ON CONFLICT DO NOTHING",0,0,0,0,0,0,245512,990547.8452889879,0.025813,1172.505903,4.034620895471455,19.0628080671934,491024,4884642,411,0,7915,0,0,0,0,0,0,2528.475209999999,720.9554470000007,0,0,0,0,0,0,0,0,0,0,0,0,0,0,0,0,0,2026-06-19 14:52:39.605125+00,2026-06-19 14:52:39.605125+00
10,16384,t,6313504488901431825,"DECLARE ""query-cursor_60"" SCROLL CURSOR FOR select queryid, left(query, $1), calls, (total_plan_time + total_exec_time) as total_time from aurora_stat_statements($2) order by calls desc limit $3 FOR READ ONLY",0,0,0,0,0,0,1,0.065883,0.065883,0.065883,0.065883,0,0,0,0,0,0,0,0,0,0,0,0,0,0,0,0,0,0,0,0,0,0,0,0,0,0,0,0,0,0,0,2026-06-19 13:48:27.667031+00,2026-06-19 13:48:27.667031+00
10,16384,t,2187547290480146772,"FETCH 0 IN ""query-cursor_77""",0,0,0,0,0,0,1,0.003605,0.003605,0.003605,0.003605,0,0,0,0,0,0,0,0,0,0,0,0,0,0,0,0,0,0,0,0,0,0,0,0,0,0,0,0,0,0,0,2026-06-19 14:05:27.668217+00,2026-06-19 14:05:27.668217+00
10,16384,t,289912002779787825,"FETCH 50 IN ""query-cursor_8""",0,0,0,0,0,0,3,0.013900000000000001,0.00382,0.0053,0.004633333333333334,0.0006130434097372078,150,0,0,0,0,0,0,0,0,0,0,0,0,0,0,0,0,0,0,0,0,0,0,0,0,0,0,0,0,0,2026-06-19 12:56:27.66388+00,2026-06-19 12:56:27.66388+00
10,16384,t,-4815805865806046020,"FETCH 0 IN ""query-cursor_178""",0,0,0,0,0,0,1,0.008297,0.008297,0.008297,0.008297,0,0,0,0,0,0,0,0,0,0,0,0,0,0,0,0,0,0,0,0,0,0,0,0,0,0,0,0,0,0,0,2026-06-19 16:34:27.713939+00,2026-06-19 16:34:27.713939+00
10,16384,t,1614636232220943118,"DECLARE ""query-cursor_86"" SCROLL CURSOR FOR select queryid, left(query, $1), calls, (total_plan_time + total_exec_time) as total_time from aurora_stat_statements($2) order by calls desc limit $3 FOR READ ONLY",0,0,0,0,0,0,1,0.066331,0.066331,0.066331,0.066331,0,0,0,0,0,0,0,0,0,0,0,0,0,0,0,0,0,0,0,0,0,0,0,0,0,0,0,0,0,0,0,2026-06-19 14:14:27.668839+00,2026-06-19 14:14:27.668839+00
10,16384,t,-4089553352988327459,"FETCH 23 IN ""query-cursor_97""",0,0,0,0,0,0,1,0.002504,0.002504,0.002504,0.002504,0,23,0,0,0,0,0,0,0,0,0,0,0,0,0,0,0,0,0,0,0,0,0,0,0,0,0,0,0,0,0,2026-06-19 14:25:27.673804+00,2026-06-19 14:25:27.673804+00
10,16384,t,-4452885245980773888,"FETCH 9 IN ""query-cursor_78""",0,0,0,0,0,0,1,0.001759,0.001759,0.001759,0.001759,0,9,0,0,0,0,0,0,0,0,0,0,0,0,0,0,0,0,0,0,0,0,0,0,0,0,0,0,0,0,0,2026-06-19 14:06:27.671876+00,2026-06-19 14:06:27.671876+00
10,16384,t,4041898749719137594,"MOVE -434 IN ""query-cursor_52""",0,0,0,0,0,0,1,0.01059,0.01059,0.01059,0.01059,0,0,0,0,0,0,0,0,0,0,0,0,0,0,0,0,0,0,0,0,0,0,0,0,0,0,0,0,0,0,0,2026-06-19 13:40:27.667441+00,2026-06-19 13:40:27.667441+00
16410,16412,t,-4550385992683085027,"INSERT INTO RES_REL_EKEY(RES_REL_ID,RES_ENT_ID,REL_ENT_ID) VALUES ($1,$2,$3),($4,$5,$6),($7,$8,$9),($10,$11,$12),($13,$14,$15),($16,$17,$18),($19,$20,$21),($22,$23,$24),($25,$26,$27),($28,$29,$30),($31,$32,$33),($34,$35,$36),($37,$38,$39),($40,$41,$42),($43,$44,$45),($46,$47,$48),($49,$50,$51),($52,$53,$54),($55,$56,$57),($58,$59,$60),($61,$62,$63),($64,$65,$66),($67,$68,$69),($70,$71,$72),($73,$74,$75),($76,$77,$78),($79,$80,$81),($82,$83,$84),($85,$86,$87),($88,$89,$90),($91,$92,$93),($94,$95,$96) ON CONFLICT DO NOTHING",0,0,0,0,0,0,27,355.92825500000004,0.543664,207.986095,13.182527962962965,40.153402602968626,864,8263,4,0,6,0,0,0,0,0,0,234.88564,0.048035999999999995,0,0,0,0,0,0,0,0,0,0,0,0,0,0,0,0,0,2026-06-19 15:44:47.403542+00,2026-06-19 15:44:47.403542+00
10,16384,t,-2732452707535345426,"DECLARE ""query-cursor_18"" SCROLL CURSOR FOR select queryid, left(query, $1), calls, (total_plan_time + total_exec_time) as total_time from aurora_stat_statements($2) order by calls desc limit $3 FOR READ ONLY",0,0,0,0,0,0,1,0.061534,0.061534,0.061534,0.061534,0,0,0,0,0,0,0,0,0,0,0,0,0,0,0,0,0,0,0,0,0,0,0,0,0,0,0,0,0,0,0,2026-06-19 13:06:27.663973+00,2026-06-19 13:06:27.663973+00
10,16384,t,-663328634070792469,"DECLARE ""query-cursor_196"" SCROLL CURSOR FOR select queryid, left(query, $1), calls, (total_plan_time + total_exec_time) as total_time from aurora_stat_statements($2) order by calls desc limit $3 FOR READ ONLY",0,0,0,0,0,0,1,0.075869,0.075869,0.075869,0.075869,0,0,0,0,0,0,0,0,0,0,0,0,0,0,0,0,0,0,0,0,0,0,0,0,0,0,0,0,0,0,0,2026-06-19 17:12:28.184294+00,2026-06-19 17:12:28.184294+00
10,16384,t,3536403491556231928,"DECLARE ""query-cursor_182"" SCROLL CURSOR FOR select queryid, left(query, $1), calls, (total_plan_time + total_exec_time) as total_time from aurora_stat_statements($2) order by calls desc limit $3 FOR READ ONLY",0,0,0,0,0,0,1,0.090881,0.090881,0.090881,0.090881,0,0,0,0,0,0,0,0,0,0,0,0,0,0,0,0,0,0,0,0,0,0,0,0,0,0,0,0,0,0,0,2026-06-19 16:44:27.721034+00,2026-06-19 16:44:27.721034+00
16410,16412,t,2667162035402270221,"INSERT INTO OBS_ENT(OBS_ENT_ID,DSRC_ID,ENT_SRC_KEY,LAST_TOUCH_DT,LOCKING_ID,LOCK_DSRC_ACTION,FEATURES) VALUES ($1,$2,$3,$4,$5,$6,$7) ON CONFLICT DO NOTHING",0,0,0,0,0,0,25000023,72373139.24043298,0.026956,1022.041351,2.894922906288245,14.513860941977583,24999937,415368002,35530,0,698645,0,0,0,0,0,0,958566.9516029931,147948.87348099583,0,0,0,0,0,0,0,0,0,0,0,0,0,0,0,0,0,2026-06-19 14:52:39.500405+00,2026-06-19 14:52:39.500405+00
10,16384,t,3851973222005496293,"FETCH 0 IN ""query-cursor_224""",0,0,0,0,0,0,1,0.004133,0.004133,0.004133,0.004133,0,0,0,0,0,0,0,0,0,0,0,0,0,0,0,0,0,0,0,0,0,0,0,0,0,0,0,0,0,0,0,2026-06-19 18:08:27.75356+00,2026-06-19 18:08:27.75356+00
10,16384,t,-6696959189948193354,"FETCH 50 IN ""query-cursor_117""",0,0,0,0,0,0,16,0.05158100000000001,0.002789,0.006087,0.0032238125000000005,0.0007875541424840261,800,0,0,0,0,0,0,0,0,0,0,0,0,0,0,0,0,0,0,0,0,0,0,0,0,0,0,0,0,0,2026-06-19 14:45:27.672994+00,2026-06-19 14:45:27.672994+00
10,16384,t,4063269271800857273,"MOVE -224 IN ""query-cursor_17""",0,0,0,0,0,0,1,0.006731,0.006731,0.006731,0.006731,0,0,0,0,0,0,0,0,0,0,0,0,0,0,0,0,0,0,0,0,0,0,0,0,0,0,0,0,0,0,0,2026-06-19 13:05:27.664578+00,2026-06-19 13:05:27.664578+00
16410,16412,t,-1129766813256599945,"INSERT INTO RES_FEAT_STAT(LIB_FEAT_ID,FTYPE_ID,NUM_RES_ENT,NUM_RES_ENT_OOM) VALUES ($1,$2,$3,$4),($5,$6,$7,$8),($9,$10,$11,$12),($13,$14,$15,$16),($17,$18,$19,$20),($21,$22,$23,$24) ON CONFLICT DO NOTHING",0,0,0,0,0,0,355708,3093064.17008999,0.059807,1721.2174069999999,8.695514776417708,37.047537405841375,2134243,21363711,2213,0,29403,0,0,0,0,0,0,17638.652901000027,2642.443345999997,0,0,0,0,0,0,0,0,0,0,0,0,0,0,0,0,0,2026-06-19 14:52:39.621855+00,2026-06-19 14:52:39.621855+00
10,16384,t,9147053801346091222,"DECLARE ""query-cursor_20"" SCROLL CURSOR FOR select queryid, left(query, $1), calls, (total_plan_time + total_exec_time) as total_time from aurora_stat_statements($2) order by calls desc limit $3 FOR READ ONLY",0,0,0,0,0,0,1,0.063571,0.063571,0.063571,0.063571,0,0,0,0,0,0,0,0,0,0,0,0,0,0,0,0,0,0,0,0,0,0,0,0,0,0,0,0,0,0,0,2026-06-19 13:08:27.664127+00,2026-06-19 13:08:27.664127+00
10,16384,t,6062641078355914408,"FETCH 0 IN ""query-cursor_35""",0,0,0,0,0,0,1,0.004277,0.004277,0.004277,0.004277,0,0,0,0,0,0,0,0,0,0,0,0,0,0,0,0,0,0,0,0,0,0,0,0,0,0,0,0,0,0,0,2026-06-19 13:23:27.665279+00,2026-06-19 13:23:27.665279+00
10,16384,t,8402589709528427133,"MOVE -1492 IN ""query-cursor_148""",0,0,0,0,0,0,1,0.175877,0.175877,0.175877,0.175877,0,0,0,0,0,0,0,0,0,0,0,0,0,0,0,0,0,0,0,0,0,0,0,0,0,0,0,0,0,0,0,2026-06-19 15:32:28.129462+00,2026-06-19 15:32:28.129462+00
10,16384,t,-7032626330395637981,show shared_volume_mode,0,0,0,0,0,0,1,0.007482,0.007482,0.007482,0.007482,0,0,0,0,0,0,0,0,0,0,0,0,0,0,0,0,0,0,0,0,0,0,0,0,0,0,0,0,0,0,0,2026-06-19 12:48:00.745267+00,2026-06-19 12:48:00.745267+00
16410,16412,t,-3385278705071234502,DELETE FROM RES_FEAT_EKEY WHERE RES_ENT_ID=$1 AND ((LIB_FEAT_ID=$2 AND UTYPE_CODE=$3)OR(LIB_FEAT_ID=$4 AND UTYPE_CODE=$5)OR(LIB_FEAT_ID=$6 AND UTYPE_CODE=$7)OR(LIB_FEAT_ID=$8 AND UTYPE_CODE=$9)OR(LIB_FEAT_ID=$10 AND UTYPE_CODE=$11)OR(LIB_FEAT_ID=$12 AND UTYPE_CODE=$13)OR(LIB_FEAT_ID=$14 AND UTYPE_CODE=$15)OR(LIB_FEAT_ID=$16 AND UTYPE_CODE=$17)OR(LIB_FEAT_ID=$18 AND UTYPE_CODE=$19)OR(LIB_FEAT_ID=$20 AND UTYPE_CODE=$21)OR(LIB_FEAT_ID=$22 AND UTYPE_CODE=$23)OR(LIB_FEAT_ID=$24 AND UTYPE_CODE=$25)OR(LIB_FEAT_ID=$26 AND UTYPE_CODE=$27)OR(LIB_FEAT_ID=$28 AND UTYPE_CODE=$29)OR(LIB_FEAT_ID=$30 AND UTYPE_CODE=$31)OR(LIB_FEAT_ID=$32 AND UTYPE_CODE=$33)OR(LIB_FEAT_ID=$34 AND UTYPE_CODE=$35)OR(LIB_FEAT_ID=$36 AND UTYPE_CODE=$37)OR(LIB_FEAT_ID=$38 AND UTYPE_CODE=$39)OR(LIB_FEAT_ID=$40 AND UTYPE_CODE=$41)OR(LIB_FEAT_ID=$42 AND UTYPE_CODE=$43)),0,0,0,0,0,0,24120,412679.940077002,0.052252,455.895269,17.109450251948672,35.7788879881488,498460,2550459,3598,0,0,0,0,0,0,0,0,159665.6678110001,0,0,0,0,0,0,0,0,0,0,0,0,0,0,0,0,0,0,2026-06-19 14:53:22.744538+00,2026-06-19 14:53:22.744538+00
16410,16412,t,-2074279084015747805,DELETE FROM RES_FEAT_EKEY WHERE RES_ENT_ID=$1 AND ((LIB_FEAT_ID=$2 AND UTYPE_CODE=$3)OR(LIB_FEAT_ID=$4 AND UTYPE_CODE=$5)OR(LIB_FEAT_ID=$6 AND UTYPE_CODE=$7)OR(LIB_FEAT_ID=$8 AND UTYPE_CODE=$9)OR(LIB_FEAT_ID=$10 AND UTYPE_CODE=$11)OR(LIB_FEAT_ID=$12 AND UTYPE_CODE=$13)OR(LIB_FEAT_ID=$14 AND UTYPE_CODE=$15)OR(LIB_FEAT_ID=$16 AND UTYPE_CODE=$17)OR(LIB_FEAT_ID=$18 AND UTYPE_CODE=$19)OR(LIB_FEAT_ID=$20 AND UTYPE_CODE=$21)OR(LIB_FEAT_ID=$22 AND UTYPE_CODE=$23)OR(LIB_FEAT_ID=$24 AND UTYPE_CODE=$25)OR(LIB_FEAT_ID=$26 AND UTYPE_CODE=$27)OR(LIB_FEAT_ID=$28 AND UTYPE_CODE=$29)OR(LIB_FEAT_ID=$30 AND UTYPE_CODE=$31)OR(LIB_FEAT_ID=$32 AND UTYPE_CODE=$33)OR(LIB_FEAT_ID=$34 AND UTYPE_CODE=$35)OR(LIB_FEAT_ID=$36 AND UTYPE_CODE=$37)OR(LIB_FEAT_ID=$38 AND UTYPE_CODE=$39)OR(LIB_FEAT_ID=$40 AND UTYPE_CODE=$41)OR(LIB_FEAT_ID=$42 AND UTYPE_CODE=$43)OR(LIB_FEAT_ID=$44 AND UTYPE_CODE=$45)OR(LIB_FEAT_ID=$46 AND UTYPE_CODE=$47)OR(LIB_FEAT_ID=$48 AND UTYPE_CODE=$49)OR(LIB_FEAT_ID=$50 AND UTYPE_CODE=$51)OR(LIB_FEAT_ID=$52 AND UTYPE_CODE=$53)OR(LIB_FEAT_ID=$54 AND UTYPE_CODE=$55)OR(LIB_FEAT_ID=$56 AND UTYPE_CODE=$57)OR(LIB_FEAT_ID=$58 AND UTYPE_CODE=$59)OR(LIB_FEAT_ID=$60 AND UTYPE_CODE=$61)OR(LIB_FEAT_ID=$62 AND UTYPE_CODE=$63)OR(LIB_FEAT_ID=$64 AND UTYPE_CODE=$65)OR(LIB_FEAT_ID=$66 AND UTYPE_CODE=$67)OR(LIB_FEAT_ID=$68 AND UTYPE_CODE=$69)OR(LIB_FEAT_ID=$70 AND UTYPE_CODE=$71)OR(LIB_FEAT_ID=$72 AND UTYPE_CODE=$73)OR(LIB_FEAT_ID=$74 AND UTYPE_CODE=$75)OR(LIB_FEAT_ID=$76 AND UTYPE_CODE=$77)OR(LIB_FEAT_ID=$78 AND UTYPE_CODE=$79)),0,0,0,0,0,0,4616,166227.79799399982,0.013888,435.68372300000004,36.01122140251296,62.631966183852086,110516,796603,1916,0,0,0,0,0,0,0,0,100568.23865099996,0,0,0,0,0,0,0,0,0,0,0,0,0,0,0,0,0,0,2026-06-19 14:55:18.98286+00,2026-06-19 14:55:18.98286+00
10,16384,t,821095623912519675,"FETCH 0 IN ""query-cursor_188""",0,0,0,0,0,0,1,0.00609,0.00609,0.00609,0.00609,0,0,0,0,0,0,0,0,0,0,0,0,0,0,0,0,0,0,0,0,0,0,0,0,0,0,0,0,0,0,0,2026-06-19 16:56:28.124887+00,2026-06-19 16:56:28.124887+00
16410,16412,t,-6584799622022706607,"SELECT RES_ENT_ID,OBS_ENT_ID,ERRULE_ID,MATCH_KEY FROM RES_ENT_OKEY WHERE RES_ENT_ID IN ($1,$2,$3,$4,$5,$6,$7,$8,$9,$10,$11,$12,$13,$14,$15,$16)",0,0,0,0,0,0,103,10.413659000000003,0.064181,0.145315,0.10110348543689322,0.018602949454980127,1351,4945,0,0,0,0,0,0,0,0,0,0,0,0,0,0,0,0,0,0,0,0,0,0,0,0,0,0,0,0,2026-06-19 15:34:49.07053+00,2026-06-19 15:34:49.07053+00
16410,16412,t,-6933763300691386664,"SELECT RES_ENT_ID,LIB_FEAT_ID,FTYPE_ID,UTYPE_CODE,SUPPRESSED,OBS_ENT_CNT FROM RES_FEAT_EKEY WHERE RES_ENT_ID IN ($1,$2) AND FTYPE_ID IN ($3,$4,$5,$6,$7,$8,$9,$10,$11,$12,$13,$14,$15,$16,$17,$18,$19,$20,$21,$22,$23,$24,$25,$26,$27,$28,$29,$30,$31,$32,$33,$34,$35,$36,$37,$38,$39,$40,$41,$42,$43,$44,$45,$46,$47,$48,$49,$50,$51)",0,0,0,0,0,0,1838,416.3661720000002,0.032815,37.489284,0.22653219368879227,2.0111395648830825,1736,19724,0,0,0,0,0,0,0,0,0,0,0,0,0,0,0,0,0,0,0,0,0,0,0,0,0,0,0,0,2026-06-19 15:02:47.099007+00,2026-06-19 15:02:47.099007+00
10,16384,t,4309745114309774805,"SELECT PLUGIN, COUNT(*), GREATEST(MAX(AGE(XMIN)),MAX(AGE(CATALOG_XMIN)))
FROM PG_CATALOG.PG_GET_REPLICATION_SLOTS() GROUP BY PLUGIN",0,0,0,0,0,0,1,0.00524,0.00524,0.00524,0.00524,0,0,0,0,0,0,0,0,0,0,0,0,0,0,0,0,0,0,0,0,0,0,0,0,0,0,0,0,0,0,0,2026-06-19 13:45:00.256711+00,2026-06-19 13:45:00.256711+00
10,16384,t,1307412141239284927,"MOVE ALL IN ""query-cursor_118""",0,0,0,0,0,0,1,1.807216,1.807216,1.807216,1.807216,0,0,0,0,0,0,0,0,0,0,0,0,0,0,0,0,0,0,0,0,0,0,0,0,0,0,0,0,0,0,0,2026-06-19 14:46:27.67297+00,2026-06-19 14:46:27.67297+00
10,16384,t,-5082585595031555243,"FETCH 29 IN ""query-cursor_73""",0,0,0,0,0,0,1,0.002534,0.002534,0.002534,0.002534,0,29,0,0,0,0,0,0,0,0,0,0,0,0,0,0,0,0,0,0,0,0,0,0,0,0,0,0,0,0,0,2026-06-19 14:01:27.671291+00,2026-06-19 14:01:27.671291+00
16410,16412,t,373796634726008082,"UPDATE RES_RELATE AS T SET IS_DISCLOSED=C.IS_DISCLOSED,IS_AMBIGUOUS=C.IS_AMBIGUOUS,LAST_ERRULE_ID=C.LAST_ERRULE_ID,MATCH_KEY=C.MATCH_KEY,MATCH_KEY_DETAILS=C.MATCH_KEY_DETAILS,MATCH_LEVELS=C.MATCH_LEVELS FROM (VALUES (CAST ($1 AS BIGINT),CAST ($2 AS BIGINT),CAST ($3 AS BIGINT),CAST ($4 AS BIGINT),$5,$6,$7)) AS C(RES_REL_ID,IS_DISCLOSED,IS_AMBIGUOUS,LAST_ERRULE_ID,MATCH_KEY,MATCH_KEY_DETAILS,MATCH_LEVELS) WHERE C.RES_REL_ID=T.RES_REL_ID",0,0,0,0,0,0,1991140,3352223.3257329487,0.009068,784.8753029999999,1.6835698774234602,10.01102708131798,1990941,19554610,47765,0,96760,0,0,0,0,0,0,597596.4920440116,5169.386737999998,0,0,0,0,0,0,0,0,0,0,0,0,0,0,0,0,0,2026-06-19 14:52:52.29058+00,2026-06-19 14:52:52.29058+00
16410,16412,t,-8573621401839085803,"INSERT INTO RES_REL_EKEY(RES_REL_ID,RES_ENT_ID,REL_ENT_ID) VALUES ($1,$2,$3),($4,$5,$6),($7,$8,$9),($10,$11,$12) ON CONFLICT DO NOTHING",0,0,0,0,0,0,2326745,7631090.057530066,0.036258,894.144854,3.2797277129767406,10.798116633763941,9306864,83990614,12154,0,103714,0,0,0,0,0,0,343393.7145930008,18297.906149000173,0,0,0,0,0,0,0,0,0,0,0,0,0,0,0,0,0,2026-06-19 14:52:41.046549+00,2026-06-19 14:52:41.046549+00
16410,16412,t,-2439952444218196728,"SELECT RES_ENT_ID,LIB_FEAT_ID,FTYPE_ID,UTYPE_CODE,SUPPRESSED,OBS_ENT_CNT FROM RES_FEAT_EKEY WHERE RES_ENT_ID IN ($1,$2,$3,$4) AND FTYPE_ID IN ($5,$6,$7,$8,$9,$10,$11,$12,$13,$14,$15,$16,$17,$18,$19,$20,$21,$22,$23,$24,$25,$26,$27,$28,$29,$30,$31,$32,$33,$34,$35,$36,$37,$38,$39,$40,$41,$42,$43,$44,$45,$46,$47,$48,$49,$50,$51,$52,$53,$54,$55,$56,$57,$58,$59)",0,0,0,0,0,0,26,2.6117739999999996,0.075187,0.16779,0.10045284615384614,0.01985052137794701,406,413,0,0,0,0,0,0,0,0,0,0,0,0,0,0,0,0,0,0,0,0,0,0,0,0,0,0,0,0,2026-06-19 15:54:24.367256+00,2026-06-19 15:54:24.367256+00
10,16384,t,1329412739268078592,"DECLARE ""query-cursor_111"" SCROLL CURSOR FOR select queryid, left(query, $1), calls, (total_plan_time + total_exec_time) as total_time from aurora_stat_statements($2) order by calls desc limit $3 FOR READ ONLY",0,0,0,0,0,0,1,0.059247,0.059247,0.059247,0.059247,0,0,0,0,0,0,0,0,0,0,0,0,0,0,0,0,0,0,0,0,0,0,0,0,0,0,0,0,0,0,0,2026-06-19 14:39:27.670571+00,2026-06-19 14:39:27.670571+00
10,16384,t,7960764577333841111,"MOVE ALL IN ""query-cursor_58""",0,0,0,0,0,0,1,1.084251,1.084251,1.084251,1.084251,0,0,0,0,0,0,0,0,0,0,0,0,0,0,0,0,0,0,0,0,0,0,0,0,0,0,0,0,0,0,0,2026-06-19 13:46:27.667983+00,2026-06-19 13:46:27.667983+00
10,16384,t,-5790616026393392281,"MOVE -368 IN ""query-cursor_41""",0,0,0,0,0,0,1,0.009155,0.009155,0.009155,0.009155,0,0,0,0,0,0,0,0,0,0,0,0,0,0,0,0,0,0,0,0,0,0,0,0,0,0,0,0,0,0,0,2026-06-19 13:29:27.666508+00,2026-06-19 13:29:27.666508+00
10,16384,t,-8890955396177880870,"FETCH 0 IN ""query-cursor_187""",0,0,0,0,0,0,1,0.007781,0.007781,0.007781,0.007781,0,0,0,0,0,0,0,0,0,0,0,0,0,0,0,0,0,0,0,0,0,0,0,0,0,0,0,0,0,0,0,2026-06-19 16:54:28.051416+00,2026-06-19 16:54:28.051416+00
16410,16412,t,882733795946251554,"SELECT RES_ENT_ID,LIB_FEAT_ID,FTYPE_ID,UTYPE_CODE,SUPPRESSED,OBS_ENT_CNT FROM RES_FEAT_EKEY WHERE RES_ENT_ID IN ($1,$2) AND FTYPE_ID IN ($3,$4,$5,$6,$7,$8,$9,$10,$11,$12,$13,$14,$15,$16,$17,$18,$19,$20,$21,$22)",0,0,0,0,0,0,152530,161104.97416000016,0.029165,372.91904999999997,1.0562182794204429,8.440725437484977,7520049,1634770,5746,0,0,0,0,0,0,0,0,115560.70782200014,0,0,0,0,0,0,0,0,0,0,0,0,0,0,0,0,0,0,2026-06-19 14:52:40.179285+00,2026-06-19 14:52:40.179285+00
10,16384,t,1496347182310024241,"MOVE -212 IN ""query-cursor_15""",0,0,0,0,0,0,1,0.006865,0.006865,0.006865,0.006865,0,0,0,0,0,0,0,0,0,0,0,0,0,0,0,0,0,0,0,0,0,0,0,0,0,0,0,0,0,0,0,2026-06-19 13:03:27.664407+00,2026-06-19 13:03:27.664407+00
16410,16412,t,1314641422694202747,"SELECT RES_ENT_ID,LIB_FEAT_ID,FTYPE_ID,UTYPE_CODE,SUPPRESSED,OBS_ENT_CNT FROM RES_FEAT_EKEY WHERE RES_ENT_ID IN ($1,$2) AND FTYPE_ID IN ($3,$4,$5,$6,$7,$8,$9,$10,$11,$12,$13,$14,$15,$16,$17,$18,$19,$20,$21,$22,$23,$24,$25,$26,$27,$28,$29,$30,$31,$32,$33,$34,$35,$36,$37,$38,$39,$40,$41,$42,$43,$44,$45,$46,$47,$48,$49,$50,$51,$52,$53,$54,$55,$56,$57,$58,$59,$60,$61,$62,$63)",0,0,0,0,0,0,9,0.766789,0.055767000000000004,0.10128000000000001,0.08519877777777779,0.013462931839996632,191,97,0,0,0,0,0,0,0,0,0,0,0,0,0,0,0,0,0,0,0,0,0,0,0,0,0,0,0,0,2026-06-19 15:47:28.601306+00,2026-06-19 15:47:28.601306+00
10,16384,t,-720270957870455807,"FETCH 25 IN ""query-cursor_64""",0,0,0,0,0,0,1,0.00226,0.00226,0.00226,0.00226,0,25,0,0,0,0,0,0,0,0,0,0,0,0,0,0,0,0,0,0,0,0,0,0,0,0,0,0,0,0,0,2026-06-19 13:52:27.670317+00,2026-06-19 13:52:27.670317+00
10,16384,t,-9007681797583259218,"MOVE ALL IN ""query-cursor_235""",0,0,0,0,0,0,1,11.404871,11.404871,11.404871,11.404871,0,0,0,0,0,0,0,0,0,0,0,0,0,0,0,0,0,0,0,0,0,0,0,0,0,0,0,0,0,0,0,2026-06-19 18:28:27.699062+00,2026-06-19 18:28:27.699062+00
16410,16412,t,1477793076030045276,UPDATE RES_ENT SET ENT_STATE=ENT_STATE|$1 WHERE RES_ENT_ID=$2,0,0,0,0,0,0,2,0.09004799999999999,0.04345,0.046597999999999994,0.045023999999999995,0.0015739999999999973,1,11,0,0,0,0,0,0,0,0,0,0,0,0,0,0,0,0,0,0,0,0,0,0,0,0,0,0,0,0,2026-06-19 18:40:30.547941+00,2026-06-19 18:40:30.547941+00
10,16384,t,4211136455412856863,"DECLARE ""query-cursor_252"" SCROLL CURSOR FOR select queryid, left(query, $1), calls, (total_plan_time + total_exec_time) as total_time from aurora_stat_statements($2) order by calls desc limit $3 FOR READ ONLY",0,0,0,0,0,0,1,0.071933,0.071933,0.071933,0.071933,0,0,0,0,0,0,0,0,0,0,0,0,0,0,0,0,0,0,0,0,0,0,0,0,0,0,0,0,0,0,0,2026-06-19 19:03:27.682097+00,2026-06-19 19:03:27.682097+00
16410,16412,t,7450357110923556908,"UPDATE RES_FEAT_STAT AS T SET FTYPE_ID=C.FTYPE_ID,NUM_RES_ENT=C.NUM_RES_ENT_NEW,NUM_RES_ENT_OOM=C.NUM_RES_ENT_OOM_NEW FROM (VALUES (CAST ($1 AS BIGINT),CAST ($2 AS INT),CAST ($3 AS BIGINT),CAST ($4 AS BIGINT),CAST ($5 AS BIGINT),CAST ($6 AS BIGINT)),(CAST ($7 AS BIGINT),CAST ($8 AS INT),CAST ($9 AS BIGINT),CAST ($10 AS BIGINT),CAST ($11 AS BIGINT),CAST ($12 AS BIGINT)),(CAST ($13 AS BIGINT),CAST ($14 AS INT),CAST ($15 AS BIGINT),CAST ($16 AS BIGINT),CAST ($17 AS BIGINT),CAST ($18 AS BIGINT)),(CAST ($19 AS BIGINT),CAST ($20 AS INT),CAST ($21 AS BIGINT),CAST ($22 AS BIGINT),CAST ($23 AS BIGINT),CAST ($24 AS BIGINT)),(CAST ($25 AS BIGINT),CAST ($26 AS INT),CAST ($27 AS BIGINT),CAST ($28 AS BIGINT),CAST ($29 AS BIGINT),CAST ($30 AS BIGINT)),(CAST ($31 AS BIGINT),CAST ($32 AS INT),CAST ($33 AS BIGINT),CAST ($34 AS BIGINT),CAST ($35 AS BIGINT),CAST ($36 AS BIGINT)),(CAST ($37 AS BIGINT),CAST ($38 AS INT),CAST ($39 AS BIGINT),CAST ($40 AS BIGINT),CAST ($41 AS BIGINT),CAST ($42 AS BIGINT)),(CAST ($43 AS BIGINT),CAST ($44 AS INT),CAST ($45 AS BIGINT),CAST ($46 AS BIGINT),CAST ($47 AS BIGINT),CAST ($48 AS BIGINT)),(CAST ($49 AS BIGINT),CAST ($50 AS INT),CAST ($51 AS BIGINT),CAST ($52 AS BIGINT),CAST ($53 AS BIGINT),CAST ($54 AS BIGINT)),(CAST ($55 AS BIGINT),CAST ($56 AS INT),CAST ($57 AS BIGINT),CAST ($58 AS BIGINT),CAST ($59 AS BIGINT),CAST ($60 AS BIGINT)),(CAST ($61 AS BIGINT),CAST ($62 AS INT),CAST ($63 AS BIGINT),CAST ($64 AS BIGINT),CAST ($65 AS BIGINT),CAST ($66 AS BIGINT)),(CAST ($67 AS BIGINT),CAST ($68 AS INT),CAST ($69 AS BIGINT),CAST ($70 AS BIGINT),CAST ($71 AS BIGINT),CAST ($72 AS BIGINT)),(CAST ($73 AS BIGINT),CAST ($74 AS INT),CAST ($75 AS BIGINT),CAST ($76 AS BIGINT),CAST ($77 AS BIGINT),CAST ($78 AS BIGINT)),(CAST ($79 AS BIGINT),CAST ($80 AS INT),CAST ($81 AS BIGINT),CAST ($82 AS BIGINT),CAST ($83 AS BIGINT),CAST ($84 AS BIGINT)),(CAST ($85 AS BIGINT),CAST ($86 AS INT),CAST ($87 AS BIGINT),CAST ($88 AS BIGINT),CAST ($89 AS BIGINT),CAST ($90 AS BIGINT))) AS C(LIB_FEAT_ID,FTYPE_ID,NUM_RES_ENT_OLD,NUM_RES_ENT_OOM_OLD,NUM_RES_ENT_NEW,NUM_RES_ENT_OOM_NEW) WHERE C.LIB_FEAT_ID=T.LIB_FEAT_ID AND C.NUM_RES_ENT_OLD=T.NUM_RES_ENT AND C.NUM_RES_ENT_OOM_OLD=T.NUM_RES_ENT_OOM",0,0,0,0,0,0,5377,64178.355006999875,0.14718199999999998,1634.675883,11.935717873721382,59.43464627544626,80625,873133,81,0,516,0,0,0,0,0,0,540.752566,33.622342,0,0,0,0,0,0,0,0,0,0,0,0,0,0,0,0,0,2026-06-19 14:57:53.970673+00,2026-06-19 14:57:53.970673+00
16410,16412,t,-8577454267970785103,"SELECT RES_ENT_ID,LIB_FEAT_ID,FTYPE_ID,UTYPE_CODE,SUPPRESSED,OBS_ENT_CNT FROM RES_FEAT_EKEY WHERE RES_ENT_ID IN ($1) AND FTYPE_ID IN ($2,$3,$4,$5,$6,$7,$8,$9,$10,$11,$12,$13,$14,$15,$16,$17,$18,$19,$20,$21,$22,$23,$24,$25,$26,$27,$28,$29,$30,$31,$32,$33,$34,$35,$36,$37,$38,$39,$40,$41,$42,$43,$44,$45,$46,$47,$48,$49,$50,$51,$52,$53,$54,$55,$56,$57,$58,$59,$60,$61,$62,$63,$64,$65,$66,$67)",0,0,0,0,0,0,49,2.03786,0.00863,0.119789,0.04158897959183673,0.027664595819507764,636,256,0,0,0,0,0,0,0,0,0,0,0,0,0,0,0,0,0,0,0,0,0,0,0,0,0,0,0,0,2026-06-19 15:33:52.139022+00,2026-06-19 15:33:52.139022+00
10,16384,t,-673327545079488232,"MOVE -1603 IN ""query-cursor_162""",0,0,0,0,0,0,1,0.105664,0.105664,0.105664,0.105664,0,0,0,0,0,0,0,0,0,0,0,0,0,0,0,0,0,0,0,0,0,0,0,0,0,0,0,0,0,0,0,2026-06-19 16:00:27.846743+00,2026-06-19 16:00:27.846743+00
10,16384,t,4728342748308217327,"FETCH 50 IN ""query-cursor_158""",0,0,0,0,0,0,31,0.573994,0.012277,0.037484,0.01851593548387097,0.007019189898738127,1550,0,0,0,0,0,0,0,0,0,0,0,0,0,0,0,0,0,0,0,0,0,0,0,0,0,0,0,0,0,2026-06-19 15:52:28.411817+00,2026-06-19 15:52:28.411817+00
16410,16412,t,3124610481908705070,"SELECT RES_ENT_ID,LIB_FEAT_ID,FTYPE_ID,UTYPE_CODE,SUPPRESSED,OBS_ENT_CNT FROM RES_FEAT_EKEY WHERE RES_ENT_ID IN ($1,$2,$3,$4) AND FTYPE_ID IN ($5,$6,$7,$8,$9,$10,$11,$12,$13,$14,$15,$16)",0,0,0,0,0,0,150994,393756.52682199614,0.038822,463.314901,2.607762737737898,14.423856000329915,8718277,2792272,16663,0,0,0,0,0,0,0,0,323735.4330390002,0,0,0,0,0,0,0,0,0,0,0,0,0,0,0,0,0,0,2026-06-19 14:52:42.092218+00,2026-06-19 14:52:42.092218+00
16410,16412,t,-582322352848865411,"UPDATE RES_FEAT_STAT AS T SET FTYPE_ID=C.FTYPE_ID,NUM_RES_ENT=C.NUM_RES_ENT_NEW,NUM_RES_ENT_OOM=C.NUM_RES_ENT_OOM_NEW FROM (VALUES (CAST ($1 AS BIGINT),CAST ($2 AS INT),CAST ($3 AS BIGINT),CAST ($4 AS BIGINT),CAST ($5 AS BIGINT),CAST ($6 AS BIGINT)),(CAST ($7 AS BIGINT),CAST ($8 AS INT),CAST ($9 AS BIGINT),CAST ($10 AS BIGINT),CAST ($11 AS BIGINT),CAST ($12 AS BIGINT)),(CAST ($13 AS BIGINT),CAST ($14 AS INT),CAST ($15 AS BIGINT),CAST ($16 AS BIGINT),CAST ($17 AS BIGINT),CAST ($18 AS BIGINT))) AS C(LIB_FEAT_ID,FTYPE_ID,NUM_RES_ENT_OLD,NUM_RES_ENT_OOM_OLD,NUM_RES_ENT_NEW,NUM_RES_ENT_OOM_NEW) WHERE C.LIB_FEAT_ID=T.LIB_FEAT_ID AND C.NUM_RES_ENT_OLD=T.NUM_RES_ENT AND C.NUM_RES_ENT_OOM_OLD=T.NUM_RES_ENT_OOM",0,0,0,0,0,0,4494435,13419684.006009702,0.028498,1903.0673570000001,2.9858444956951655,19.254951693696505,13468574,114821403,8730,0,109513,0,0,0,0,0,0,54021.95267599997,3184.8577530000016,0,0,0,0,0,0,0,0,0,0,0,0,0,0,0,0,0,2026-06-19 14:52:40.294075+00,2026-06-19 14:52:40.294075+00
10,16384,t,-3124905620203391985,"MOVE ALL IN ""query-cursor_219""",0,0,0,0,0,0,1,13.559485,13.559485,13.559485,13.559485,0,0,0,0,0,0,0,0,0,0,0,0,0,0,0,0,0,0,0,0,0,0,0,0,0,0,0,0,0,0,0,2026-06-19 17:58:27.945628+00,2026-06-19 17:58:27.945628+00
10,16384,t,2491253168980130121,"FETCH 0 IN ""query-cursor_190""",0,0,0,0,0,0,1,0.008862,0.008862,0.008862,0.008862,0,0,0,0,0,0,0,0,0,0,0,0,0,0,0,0,0,0,0,0,0,0,0,0,0,0,0,0,0,0,0,2026-06-19 17:00:27.827266+00,2026-06-19 17:00:27.827266+00
10,16384,t,-3742680588860772768,"FETCH 50 IN ""query-cursor_169""",0,0,0,0,0,0,32,0.611479,0.011835,0.035997,0.01910871875,0.006630784890542629,1600,0,0,0,0,0,0,0,0,0,0,0,0,0,0,0,0,0,0,0,0,0,0,0,0,0,0,0,0,0,2026-06-19 16:14:28.047961+00,2026-06-19 16:14:28.047961+00
10,16384,t,-3239427237115423197,"MOVE ALL IN ""query-cursor_127""",0,0,0,0,0,0,1,3.909052,3.909052,3.909052,3.909052,0,0,0,0,0,0,0,0,0,0,0,0,0,0,0,0,0,0,0,0,0,0,0,0,0,0,0,0,0,0,0,2026-06-19 14:55:27.675741+00,2026-06-19 14:55:27.675741+00
16410,16412,t,-4218463173960529840,"INSERT INTO RES_FEAT_EKEY(RES_ENT_ID,LIB_FEAT_ID,FTYPE_ID,UTYPE_CODE,SUPPRESSED,OBS_ENT_CNT) VALUES ($1,$2,$3,$4,$5,$6),($7,$8,$9,$10,$11,$12),($13,$14,$15,$16,$17,$18),($19,$20,$21,$22,$23,$24),($25,$26,$27,$28,$29,$30),($31,$32,$33,$34,$35,$36),($37,$38,$39,$40,$41,$42),($43,$44,$45,$46,$47,$48) ON CONFLICT DO NOTHING",0,0,0,0,0,0,2310970,21602180.57569118,0.050837999999999994,1526.921098,9.347668111525108,25.73668886212814,18484393,255427149,21036,0,237054,0,0,0,0,0,0,479897.17200400116,29397.857625999564,0,0,0,0,0,0,0,0,0,0,0,0,0,0,0,0,0,2026-06-19 14:52:39.570997+00,2026-06-19 14:52:39.570997+00
16410,16412,t,-6064415992686042733,"UPDATE RES_RELATE AS T SET IS_DISCLOSED=C.IS_DISCLOSED,IS_AMBIGUOUS=C.IS_AMBIGUOUS,LAST_ERRULE_ID=C.LAST_ERRULE_ID,MATCH_KEY=C.MATCH_KEY,MATCH_KEY_DETAILS=C.MATCH_KEY_DETAILS,MATCH_LEVELS=C.MATCH_LEVELS FROM (VALUES (CAST ($1 AS BIGINT),CAST ($2 AS BIGINT),CAST ($3 AS BIGINT),CAST ($4 AS BIGINT),$5,$6,$7),(CAST ($8 AS BIGINT),CAST ($9 AS BIGINT),CAST ($10 AS BIGINT),CAST ($11 AS BIGINT),$12,$13,$14),(CAST ($15 AS BIGINT),CAST ($16 AS BIGINT),CAST ($17 AS BIGINT),CAST ($18 AS BIGINT),$19,$20,$21),(CAST ($22 AS BIGINT),CAST ($23 AS BIGINT),CAST ($24 AS BIGINT),CAST ($25 AS BIGINT),$26,$27,$28),(CAST ($29 AS BIGINT),CAST ($30 AS BIGINT),CAST ($31 AS BIGINT),CAST ($32 AS BIGINT),$33,$34,$35),(CAST ($36 AS BIGINT),CAST ($37 AS BIGINT),CAST ($38 AS BIGINT),CAST ($39 AS BIGINT),$40,$41,$42),(CAST ($43 AS BIGINT),CAST ($44 AS BIGINT),CAST ($45 AS BIGINT),CAST ($46 AS BIGINT),$47,$48,$49),(CAST ($50 AS BIGINT),CAST ($51 AS BIGINT),CAST ($52 AS BIGINT),CAST ($53 AS BIGINT),$54,$55,$56),(CAST ($57 AS BIGINT),CAST ($58 AS BIGINT),CAST ($59 AS BIGINT),CAST ($60 AS BIGINT),$61,$62,$63)) AS C(RES_REL_ID,IS_DISCLOSED,IS_AMBIGUOUS,LAST_ERRULE_ID,MATCH_KEY,MATCH_KEY_DETAILS,MATCH_LEVELS) WHERE C.RES_REL_ID=T.RES_REL_ID",0,0,0,0,0,0,3824,29128.616914000126,0.150765,570.533629,7.617316138598359,29.912838757283915,34409,338710,967,0,1056,0,0,0,0,0,0,9188.770051999993,8.907419999999998,0,0,0,0,0,0,0,0,0,0,0,0,0,0,0,0,0,2026-06-19 14:59:44.462613+00,2026-06-19 14:59:44.462613+00
10,16384,t,8655444699764127306,"DECLARE ""query-cursor_77"" SCROLL CURSOR FOR select queryid, left(query, $1), calls, (total_plan_time + total_exec_time) as total_time from aurora_stat_statements($2) order by calls desc limit $3 FOR READ ONLY",0,0,0,0,0,0,1,0.063121,0.063121,0.063121,0.063121,0,0,0,0,0,0,0,0,0,0,0,0,0,0,0,0,0,0,0,0,0,0,0,0,0,0,0,0,0,0,0,2026-06-19 14:05:27.668176+00,2026-06-19 14:05:27.668176+00
16410,16412,t,-6357919085686932950,"CREATE TABLE RES_REL_EKEY (RES_ENT_ID BIGINT NOT NULL, REL_ENT_ID BIGINT NOT NULL, RES_REL_ID BIGINT NOT NULL, PRIMARY KEY(RES_ENT_ID, REL_ENT_ID) INCLUDE (RES_REL_ID))",0,0,0,0,0,0,1,2.52696,2.52696,2.52696,2.52696,0,0,237,0,0,1,0,0,0,0,0,0,0,0.002559,0,0,0,0,0,0,0,0,0,0,0,0,0,0,0,0,0,2026-06-19 12:52:04.17987+00,2026-06-19 12:52:04.17987+00
10,16384,t,6952650008970075250,"MOVE -664 IN ""query-cursor_87""",0,0,0,0,0,0,1,0.014825,0.014825,0.014825,0.014825,0,0,0,0,0,0,0,0,0,0,0,0,0,0,0,0,0,0,0,0,0,0,0,0,0,0,0,0,0,0,0,2026-06-19 14:15:27.67055+00,2026-06-19 14:15:27.67055+00
16410,16412,t,1020363919922307691,"INSERT INTO RES_REL_EKEY(RES_REL_ID,RES_ENT_ID,REL_ENT_ID) VALUES ($1,$2,$3),($4,$5,$6),($7,$8,$9),($10,$11,$12),($13,$14,$15),($16,$17,$18),($19,$20,$21),($22,$23,$24),($25,$26,$27),($28,$29,$30),($31,$32,$33),($34,$35,$36),($37,$38,$39),($40,$41,$42),($43,$44,$45),($46,$47,$48),($49,$50,$51),($52,$53,$54),($55,$56,$57),($58,$59,$60) ON CONFLICT DO NOTHING",0,0,0,0,0,0,4888,56695.546489999986,0.224317,615.443583,11.598925222995087,31.81991642324135,97760,893308,150,0,783,0,0,0,0,0,0,6349.890255000001,175.97324199999977,0,0,0,0,0,0,0,0,0,0,0,0,0,0,0,0,0,2026-06-19 14:54:39.882703+00,2026-06-19 14:54:39.882703+00
10,16384,t,5856062419212785122,"FETCH 50 IN ""query-cursor_92""",0,0,0,0,0,0,13,0.041997,0.00271,0.005242,0.0032305384615384613,0.0006264370083606069,650,0,0,0,0,0,0,0,0,0,0,0,0,0,0,0,0,0,0,0,0,0,0,0,0,0,0,0,0,0,2026-06-19 14:20:27.670926+00,2026-06-19 14:20:27.670926+00
10,16384,t,-3222831512519055795,"MOVE ALL IN ""query-cursor_77""",0,0,0,0,0,0,1,1.270361,1.270361,1.270361,1.270361,0,0,0,0,0,0,0,0,0,0,0,0,0,0,0,0,0,0,0,0,0,0,0,0,0,0,0,0,0,0,0,2026-06-19 14:05:27.669532+00,2026-06-19 14:05:27.669532+00
10,16384,t,18195321338328301,"MOVE ALL IN ""query-cursor_15""",0,0,0,0,0,0,1,0.479913,0.479913,0.479913,0.479913,0,0,0,0,0,0,0,0,0,0,0,0,0,0,0,0,0,0,0,0,0,0,0,0,0,0,0,0,0,0,0,2026-06-19 13:03:27.664355+00,2026-06-19 13:03:27.664355+00
10,16384,t,7387492842331195966,"DECLARE ""query-cursor_75"" SCROLL CURSOR FOR select queryid, left(query, $1), calls, (total_plan_time + total_exec_time) as total_time from aurora_stat_statements($2) order by calls desc limit $3 FOR READ ONLY",0,0,0,0,0,0,1,0.065861,0.065861,0.065861,0.065861,0,0,0,0,0,0,0,0,0,0,0,0,0,0,0,0,0,0,0,0,0,0,0,0,0,0,0,0,0,0,0,2026-06-19 14:03:27.668017+00,2026-06-19 14:03:27.668017+00
16410,16412,t,-6070784172706055097,"INSERT INTO LIB_FEAT(LIB_FEAT_ID,FTYPE_ID,FEAT_HASH,FEAT_DESC,FELEM_VALUES,ANONYMIZED,VERSION) VALUES ($1,$2,$3,$4,$5,$6,$7),($8,$9,$10,$11,$12,$13,$14),($15,$16,$17,$18,$19,$20,$21),($22,$23,$24,$25,$26,$27,$28),($29,$30,$31,$32,$33,$34,$35) ON CONFLICT(FTYPE_ID,FEAT_HASH,ANONYMIZED) DO UPDATE SET FTYPE_ID=LIB_FEAT.FTYPE_ID,FEAT_HASH=LIB_FEAT.FEAT_HASH,ANONYMIZED=LIB_FEAT.ANONYMIZED RETURNING LIB_FEAT_ID,FTYPE_ID,FEAT_HASH,ANONYMIZED,FEAT_DESC",0,0,0,0,0,0,1844071,16305457.471989911,0.10024,1402.1329520000002,8.842098526569698,26.8035972350017,9220355,142464756,359,0,260648,0,0,0,0,0,0,6696.715866,35065.16341000062,0,0,0,0,0,0,0,0,0,0,0,0,0,0,0,0,0,2026-06-19 14:52:39.558492+00,2026-06-19 14:52:39.558492+00
10,16384,t,1284235755995090845,"DECLARE ""query-cursor_97"" SCROLL CURSOR FOR select queryid, left(query, $1), calls, (total_plan_time + total_exec_time) as total_time from aurora_stat_statements($2) order by calls desc limit $3 FOR READ ONLY",0,0,0,0,0,0,1,0.062721,0.062721,0.062721,0.062721,0,0,0,0,0,0,0,0,0,0,0,0,0,0,0,0,0,0,0,0,0,0,0,0,0,0,0,0,0,0,0,2026-06-19 14:25:27.669617+00,2026-06-19 14:25:27.669617+00
10,16384,t,-85111350452899034,"FETCH 19 IN ""query-cursor_63""",0,0,0,0,0,0,1,0.002093,0.002093,0.002093,0.002093,0,19,0,0,0,0,0,0,0,0,0,0,0,0,0,0,0,0,0,0,0,0,0,0,0,0,0,0,0,0,0,2026-06-19 13:51:27.670274+00,2026-06-19 13:51:27.670274+00
10,16384,t,-529974014269446854,"DECLARE ""query-cursor_201"" SCROLL CURSOR FOR select queryid, left(query, $1), calls, (total_plan_time + total_exec_time) as total_time from aurora_stat_statements($2) order by calls desc limit $3 FOR READ ONLY",0,0,0,0,0,0,1,0.113091,0.113091,0.113091,0.113091,0,0,0,0,0,0,0,0,0,0,0,0,0,0,0,0,0,0,0,0,0,0,0,0,0,0,0,0,0,0,0,2026-06-19 17:22:28.345299+00,2026-06-19 17:22:28.345299+00
10,16384,t,4418547340378024283,"MOVE ALL IN ""query-cursor_5""",0,0,0,0,0,0,1,0.30725,0.30725,0.30725,0.30725,0,0,0,0,0,0,0,0,0,0,0,0,0,0,0,0,0,0,0,0,0,0,0,0,0,0,0,0,0,0,0,2026-06-19 12:53:27.663421+00,2026-06-19 12:53:27.663421+00
10,16384,t,-3024985444774041817,"FETCH 50 IN ""query-cursor_6""",0,0,0,0,0,0,2,0.011125,0.00535,0.005775,0.0055625,0.00021250000000000002,100,0,0,0,0,0,0,0,0,0,0,0,0,0,0,0,0,0,0,0,0,0,0,0,0,0,0,0,0,0,2026-06-19 12:54:27.663668+00,2026-06-19 12:54:27.663668+00
10,16384,t,5702225253869155962,"DECLARE ""query-cursor_238"" SCROLL CURSOR FOR select queryid, left(query, $1), calls, (total_plan_time + total_exec_time) as total_time from aurora_stat_statements($2) order by calls desc limit $3 FOR READ ONLY",0,0,0,0,0,0,1,0.088145,0.088145,0.088145,0.088145,0,0,0,0,0,0,0,0,0,0,0,0,0,0,0,0,0,0,0,0,0,0,0,0,0,0,0,0,0,0,0,2026-06-19 18:33:27.681602+00,2026-06-19 18:33:27.681602+00
16410,16412,t,5781086490749458633,"SELECT RES_ENT_ID,OBS_ENT_ID,ERRULE_ID,MATCH_KEY FROM RES_ENT_OKEY WHERE RES_ENT_ID IN ($1,$2,$3,$4)",0,0,0,0,0,0,1501479,229008.64863700297,0.011851,270.414518,0.15252204568762065,1.7164397379270624,6913710,25329726,1901,0,0,0,0,0,0,0,0,31417.07964499996,0,0,0,0,0,0,0,0,0,0,0,0,0,0,0,0,0,0,2026-06-19 14:53:15.277465+00,2026-06-19 14:53:15.277465+00
10,16384,t,7569156694612356934,"FETCH 0 IN ""query-cursor_86""",0,0,0,0,0,0,1,0.003866,0.003866,0.003866,0.003866,0,0,0,0,0,0,0,0,0,0,0,0,0,0,0,0,0,0,0,0,0,0,0,0,0,0,0,0,0,0,0,2026-06-19 14:14:27.668882+00,2026-06-19 14:14:27.668882+00
10,16384,t,-6563496469582218242,"DECLARE ""query-cursor_180"" SCROLL CURSOR FOR select queryid, left(query, $1), calls, (total_plan_time + total_exec_time) as total_time from aurora_stat_statements($2) order by calls desc limit $3 FOR READ ONLY",0,0,0,0,0,0,1,0.073308,0.073308,0.073308,0.073308,0,0,0,0,0,0,0,0,0,0,0,0,0,0,0,0,0,0,0,0,0,0,0,0,0,0,0,0,0,0,0,2026-06-19 16:40:27.902209+00,2026-06-19 16:40:27.902209+00
16410,16412,t,-4973004090217930982,DELETE FROM RES_FEAT_EKEY WHERE RES_ENT_ID=$1 AND ((LIB_FEAT_ID=$2 AND UTYPE_CODE=$3)OR(LIB_FEAT_ID=$4 AND UTYPE_CODE=$5)OR(LIB_FEAT_ID=$6 AND UTYPE_CODE=$7)OR(LIB_FEAT_ID=$8 AND UTYPE_CODE=$9)OR(LIB_FEAT_ID=$10 AND UTYPE_CODE=$11)OR(LIB_FEAT_ID=$12 AND UTYPE_CODE=$13)OR(LIB_FEAT_ID=$14 AND UTYPE_CODE=$15)OR(LIB_FEAT_ID=$16 AND UTYPE_CODE=$17)OR(LIB_FEAT_ID=$18 AND UTYPE_CODE=$19)OR(LIB_FEAT_ID=$20 AND UTYPE_CODE=$21)OR(LIB_FEAT_ID=$22 AND UTYPE_CODE=$23)OR(LIB_FEAT_ID=$24 AND UTYPE_CODE=$25)OR(LIB_FEAT_ID=$26 AND UTYPE_CODE=$27)OR(LIB_FEAT_ID=$28 AND UTYPE_CODE=$29)OR(LIB_FEAT_ID=$30 AND UTYPE_CODE=$31)OR(LIB_FEAT_ID=$32 AND UTYPE_CODE=$33)OR(LIB_FEAT_ID=$34 AND UTYPE_CODE=$35)OR(LIB_FEAT_ID=$36 AND UTYPE_CODE=$37)OR(LIB_FEAT_ID=$38 AND UTYPE_CODE=$39)OR(LIB_FEAT_ID=$40 AND UTYPE_CODE=$41)OR(LIB_FEAT_ID=$42 AND UTYPE_CODE=$43)OR(LIB_FEAT_ID=$44 AND UTYPE_CODE=$45)OR(LIB_FEAT_ID=$46 AND UTYPE_CODE=$47)OR(LIB_FEAT_ID=$48 AND UTYPE_CODE=$49)OR(LIB_FEAT_ID=$50 AND UTYPE_CODE=$51)OR(LIB_FEAT_ID=$52 AND UTYPE_CODE=$53)OR(LIB_FEAT_ID=$54 AND UTYPE_CODE=$55)OR(LIB_FEAT_ID=$56 AND UTYPE_CODE=$57)OR(LIB_FEAT_ID=$58 AND UTYPE_CODE=$59)OR(LIB_FEAT_ID=$60 AND UTYPE_CODE=$61)OR(LIB_FEAT_ID=$62 AND UTYPE_CODE=$63)OR(LIB_FEAT_ID=$64 AND UTYPE_CODE=$65)OR(LIB_FEAT_ID=$66 AND UTYPE_CODE=$67)OR(LIB_FEAT_ID=$68 AND UTYPE_CODE=$69)OR(LIB_FEAT_ID=$70 AND UTYPE_CODE=$71)OR(LIB_FEAT_ID=$72 AND UTYPE_CODE=$73)OR(LIB_FEAT_ID=$74 AND UTYPE_CODE=$75)),0,0,0,0,0,0,6600,198346.02175399967,0.011732000000000001,439.485973,30.0524275384848,55.545311112870195,168542,1103951,2194,0,0,0,0,0,0,0,0,112072.5915609999,0,0,0,0,0,0,0,0,0,0,0,0,0,0,0,0,0,0,2026-06-19 14:53:34.917136+00,2026-06-19 14:53:34.917136+00
10,16384,t,-7800334372140907795,"DECLARE ""query-cursor_188"" SCROLL CURSOR FOR select queryid, left(query, $1), calls, (total_plan_time + total_exec_time) as total_time from aurora_stat_statements($2) order by calls desc limit $3 FOR READ ONLY",0,0,0,0,0,0,1,0.073159,0.073159,0.073159,0.073159,0,0,0,0,0,0,0,0,0,0,0,0,0,0,0,0,0,0,0,0,0,0,0,0,0,0,0,0,0,0,0,2026-06-19 16:56:28.124829+00,2026-06-19 16:56:28.124829+00
10,16384,t,-5279142315997517930,"FETCH 0 IN ""query-cursor_252""",0,0,0,0,0,0,1,0.004557,0.004557,0.004557,0.004557,0,0,0,0,0,0,0,0,0,0,0,0,0,0,0,0,0,0,0,0,0,0,0,0,0,0,0,0,0,0,0,2026-06-19 19:03:27.682149+00,2026-06-19 19:03:27.682149+00
10,16384,t,-6367197089482508519,"FETCH 0 IN ""query-cursor_204""",0,0,0,0,0,0,1,0.005789,0.005789,0.005789,0.005789,0,0,0,0,0,0,0,0,0,0,0,0,0,0,0,0,0,0,0,0,0,0,0,0,0,0,0,0,0,0,0,2026-06-19 17:28:27.694113+00,2026-06-19 17:28:27.694113+00
10,16384,t,-8700846764871339888,"select buffers_clean, maxwritten_clean, buffers_alloc from pg_stat_bgwriter",0,0,0,0,0,0,255,21.897086999999985,0.026213,9.042176000000001,0.08587092941176465,0.5628593287655338,255,0,0,0,0,0,0,0,0,0,0,0,0,0,0,0,0,0,0,0,0,0,0,0,0,0,0,0,0,0,2026-06-19 12:49:27.220665+00,2026-06-19 12:49:27.220665+00
16410,16412,t,-3111972945363663546,"SELECT RES_ENT_ID,LIB_FEAT_ID,FTYPE_ID,UTYPE_CODE,SUPPRESSED,OBS_ENT_CNT FROM RES_FEAT_EKEY WHERE RES_ENT_ID IN ($1,$2,$3,$4,$5,$6,$7,$8,$9,$10,$11,$12,$13,$14,$15,$16,$17,$18,$19,$20,$21,$22,$23,$24,$25,$26,$27,$28,$29,$30,$31,$32) AND FTYPE_ID IN ($33,$34,$35,$36,$37,$38,$39,$40,$41)",0,0,0,0,0,0,89,1404.9965430000002,0.373354,313.506851,15.786478011235957,40.262810732271504,23018,9097,67,0,0,0,0,0,0,0,0,1087.293332,0,0,0,0,0,0,0,0,0,0,0,0,0,0,0,0,0,0,2026-06-19 15:18:36.19128+00,2026-06-19 15:18:36.19128+00
16410,16412,t,-5399220790812574959,"SELECT RES_ENT_ID,LIB_FEAT_ID,FTYPE_ID,UTYPE_CODE,SUPPRESSED,OBS_ENT_CNT FROM RES_FEAT_EKEY WHERE RES_ENT_ID IN ($1,$2,$3,$4) AND FTYPE_ID IN ($5,$6,$7,$8,$9,$10,$11,$12,$13,$14,$15,$16,$17,$18,$19,$20,$21,$22,$23,$24,$25,$26,$27,$28,$29,$30,$31,$32,$33,$34,$35,$36,$37,$38,$39,$40,$41,$42,$43,$44,$45,$46,$47,$48,$49,$50,$51,$52,$53)",0,0,0,0,0,0,15,1.3888699999999998,0.064205,0.229888,0.09259133333333332,0.04000027800514503,18,234,0,0,0,0,0,0,0,0,0,0,0,0,0,0,0,0,0,0,0,0,0,0,0,0,0,0,0,0,2026-06-19 16:05:47.084443+00,2026-06-19 16:05:47.084443+00
16410,16412,t,8489328819479589459,"SELECT RES_ENT_ID,LIB_FEAT_ID,FTYPE_ID,UTYPE_CODE,SUPPRESSED,OBS_ENT_CNT FROM RES_FEAT_EKEY WHERE RES_ENT_ID IN ($1,$2,$3,$4) AND FTYPE_ID IN ($5,$6,$7,$8,$9,$10,$11,$12,$13,$14,$15,$16,$17,$18,$19,$20,$21,$22,$23,$24,$25,$26,$27,$28,$29,$30,$31,$32,$33,$34,$35,$36,$37,$38,$39,$40,$41,$42,$43,$44,$45,$46,$47,$48,$49,$50,$51,$52,$53,$54)",0,0,0,0,0,0,58,4.950919999999999,0.064847,0.12081,0.08536068965517239,0.014829283071710763,197,948,0,0,0,0,0,0,0,0,0,0,0,0,0,0,0,0,0,0,0,0,0,0,0,0,0,0,0,0,2026-06-19 16:08:33.270757+00,2026-06-19 16:08:33.270757+00
10,16384,t,2692316774926510301,"DECLARE ""query-cursor_101"" SCROLL CURSOR FOR select queryid, left(query, $1), calls, (total_plan_time + total_exec_time) as total_time from aurora_stat_statements($2) order by calls desc limit $3 FOR READ ONLY",0,0,0,0,0,0,1,0.071169,0.071169,0.071169,0.071169,0,0,0,0,0,0,0,0,0,0,0,0,0,0,0,0,0,0,0,0,0,0,0,0,0,0,0,0,0,0,0,2026-06-19 14:29:27.669957+00,2026-06-19 14:29:27.669957+00
10,16384,t,-544217504368148286,"MOVE -1412 IN ""query-cursor_138""",0,0,0,0,0,0,1,0.087151,0.087151,0.087151,0.087151,0,0,0,0,0,0,0,0,0,0,0,0,0,0,0,0,0,0,0,0,0,0,0,0,0,0,0,0,0,0,0,2026-06-19 15:12:27.752052+00,2026-06-19 15:12:27.752052+00
16410,16412,t,4531855162862574741,"SELECT RES_ENT_ID,LIB_FEAT_ID,FTYPE_ID,UTYPE_CODE,SUPPRESSED,OBS_ENT_CNT FROM RES_FEAT_EKEY WHERE RES_ENT_ID IN ($1,$2,$3,$4) AND FTYPE_ID IN ($5,$6,$7,$8,$9,$10,$11,$12,$13,$14,$15,$16,$17)",0,0,0,0,0,0,248092,621629.4871830001,0.035348000000000004,604.4440129999999,2.5056410008504915,13.72545600376481,15148991,4583198,26561,0,0,0,0,0,0,0,0,504241.1255780002,0,0,0,0,0,0,0,0,0,0,0,0,0,0,0,0,0,0,2026-06-19 14:52:40.767407+00,2026-06-19 14:52:40.767407+00
10,16384,t,3316416775732205727,"FETCH 50 IN ""query-cursor_239""",0,0,0,0,0,0,41,0.6939569999999999,0.009531,0.041235,0.016925780487804878,0.008070375224788963,2050,0,0,0,0,0,0,0,0,0,0,0,0,0,0,0,0,0,0,0,0,0,0,0,0,0,0,0,0,0,2026-06-19 18:35:27.722869+00,2026-06-19 18:35:27.722869+00
16410,16412,t,-744384456506402766,"INSERT INTO RES_FEAT_STAT(LIB_FEAT_ID,FTYPE_ID,NUM_RES_ENT,NUM_RES_ENT_OOM) VALUES ($1,$2,$3,$4),($5,$6,$7,$8),($9,$10,$11,$12),($13,$14,$15,$16),($17,$18,$19,$20),($21,$22,$23,$24),($25,$26,$27,$28),($29,$30,$31,$32),($33,$34,$35,$36),($37,$38,$39,$40),($41,$42,$43,$44),($45,$46,$47,$48),($49,$50,$51,$52),($53,$54,$55,$56),($57,$58,$59,$60),($61,$62,$63,$64),($65,$66,$67,$68),($69,$70,$71,$72),($73,$74,$75,$76),($77,$78,$79,$80),($81,$82,$83,$84) ON CONFLICT DO NOTHING",0,0,0,0,0,0,1119474,23334048.790170304,0.184377,2981.47489,20.843761257671286,81.7884296002323,23508926,232376496,8948,0,214834,0,0,0,0,0,0,89895.06687400017,20427.0764520004,0,0,0,0,0,0,0,0,0,0,0,0,0,0,0,0,0,2026-06-19 14:52:39.611144+00,2026-06-19 14:52:39.611144+00
10,16384,t,4387983533182301284,"FETCH 5 IN ""query-cursor_129""",0,0,0,0,0,0,1,0.00504,0.00504,0.00504,0.00504,0,5,0,0,0,0,0,0,0,0,0,0,0,0,0,0,0,0,0,0,0,0,0,0,0,0,0,0,0,0,0,2026-06-19 14:57:27.688375+00,2026-06-19 14:57:27.688375+00
10,16384,t,7878941172604384605,"MOVE -1805 IN ""query-cursor_193""",0,0,0,0,0,0,1,0.208757,0.208757,0.208757,0.208757,0,0,0,0,0,0,0,0,0,0,0,0,0,0,0,0,0,0,0,0,0,0,0,0,0,0,0,0,0,0,0,2026-06-19 17:06:27.896979+00,2026-06-19 17:06:27.896979+00
10,16384,t,-2581177059823103207,"DECLARE ""query-cursor_23"" SCROLL CURSOR FOR select queryid, left(query, $1), calls, (total_plan_time + total_exec_time) as total_time from aurora_stat_statements($2) order by calls desc limit $3 FOR READ ONLY",0,0,0,0,0,0,1,0.065412,0.065412,0.065412,0.065412,0,0,0,0,0,0,0,0,0,0,0,0,0,0,0,0,0,0,0,0,0,0,0,0,0,0,0,0,0,0,0,2026-06-19 13:11:27.664347+00,2026-06-19 13:11:27.664347+00
10,16384,t,8849915604310037179,"FETCH 50 IN ""query-cursor_154""",0,0,0,0,0,0,30,0.477764,0.011726,0.023441,0.01592546666666667,0.0031093832907650473,1500,0,0,0,0,0,0,0,0,0,0,0,0,0,0,0,0,0,0,0,0,0,0,0,0,0,0,0,0,0,2026-06-19 15:44:27.689926+00,2026-06-19 15:44:27.689926+00
16410,16412,t,-8367452243158660618,"INSERT INTO SYS_CODES_USED(CODE_TYPE,CODE,CODE_ID) VALUES ($1,$2,$3) ON CONFLICT DO NOTHING",0,0,0,0,0,0,34,1.198231,0.007634,0.19678600000000002,0.03524208823529412,0.03459258135732,22,202,0,0,3,0,0,0,0,0,0,0,0.060254,0,0,0,0,0,0,0,0,0,0,0,0,0,0,0,0,0,2026-06-19 14:52:39.495628+00,2026-06-19 14:52:39.495628+00
16410,16412,t,-2450466822198623333,"INSERT INTO RES_FEAT_STAT(LIB_FEAT_ID,FTYPE_ID,NUM_RES_ENT,NUM_RES_ENT_OOM) VALUES ($1,$2,$3,$4),($5,$6,$7,$8),($9,$10,$11,$12),($13,$14,$15,$16),($17,$18,$19,$20),($21,$22,$23,$24),($25,$26,$27,$28),($29,$30,$31,$32),($33,$34,$35,$36),($37,$38,$39,$40),($41,$42,$43,$44) ON CONFLICT DO NOTHING",0,0,0,0,0,0,1152708,15788413.036170026,0.09891,2600.298033,13.696801823332558,55.61296796962727,12679771,127061956,10739,0,143297,0,0,0,0,0,0,96277.29539300015,13681.748028000095,0,0,0,0,0,0,0,0,0,0,0,0,0,0,0,0,0,2026-06-19 14:52:39.540508+00,2026-06-19 14:52:39.540508+00
10,16384,t,-8800286897835722974,"FETCH 50 IN ""query-cursor_146""",0,0,0,0,0,0,29,0.47794799999999993,0.010217,0.028662,0.01648096551724138,0.0052732975254497425,1450,0,0,0,0,0,0,0,0,0,0,0,0,0,0,0,0,0,0,0,0,0,0,0,0,0,0,0,0,0,2026-06-19 15:28:28.030976+00,2026-06-19 15:28:28.030976+00
10,16384,t,3659799273890236687,"MOVE ALL IN ""query-cursor_217""",0,0,0,0,0,0,1,9.675731,9.675731,9.675731,9.675731,0,0,0,0,0,0,0,0,0,0,0,0,0,0,0,0,0,0,0,0,0,0,0,0,0,0,0,0,0,0,0,2026-06-19 17:54:27.904319+00,2026-06-19 17:54:27.904319+00
10,16384,t,-8291828915182004494,"MOVE -374 IN ""query-cursor_42""",0,0,0,0,0,0,1,0.009097,0.009097,0.009097,0.009097,0,0,0,0,0,0,0,0,0,0,0,0,0,0,0,0,0,0,0,0,0,0,0,0,0,0,0,0,0,0,0,2026-06-19 13:30:27.666621+00,2026-06-19 13:30:27.666621+00
10,16384,t,-6563594351007590059,"DECLARE ""query-cursor_88"" SCROLL CURSOR FOR select queryid, left(query, $1), calls, (total_plan_time + total_exec_time) as total_time from aurora_stat_statements($2) order by calls desc limit $3 FOR READ ONLY",0,0,0,0,0,0,1,0.062483,0.062483,0.062483,0.062483,0,0,0,0,0,0,0,0,0,0,0,0,0,0,0,0,0,0,0,0,0,0,0,0,0,0,0,0,0,0,0,2026-06-19 14:16:27.668981+00,2026-06-19 14:16:27.668981+00
16410,16412,t,-141796898557675906,"UPDATE RES_FEAT_EKEY AS T SET SUPPRESSED=C.SUPPRESSED,OBS_ENT_CNT=C.OBS_ENT_CNT FROM (VALUES (CAST ($1 AS BIGINT),CAST ($2 AS BIGINT),$3,$4,CAST ($5 AS BIGINT)),(CAST ($6 AS BIGINT),CAST ($7 AS BIGINT),$8,$9,CAST ($10 AS BIGINT)),(CAST ($11 AS BIGINT),CAST ($12 AS BIGINT),$13,$14,CAST ($15 AS BIGINT)),(CAST ($16 AS BIGINT),CAST ($17 AS BIGINT),$18,$19,CAST ($20 AS BIGINT)),(CAST ($21 AS BIGINT),CAST ($22 AS BIGINT),$23,$24,CAST ($25 AS BIGINT)),(CAST ($26 AS BIGINT),CAST ($27 AS BIGINT),$28,$29,CAST ($30 AS BIGINT)),(CAST ($31 AS BIGINT),CAST ($32 AS BIGINT),$33,$34,CAST ($35 AS BIGINT)),(CAST ($36 AS BIGINT),CAST ($37 AS BIGINT),$38,$39,CAST ($40 AS BIGINT)),(CAST ($41 AS BIGINT),CAST ($42 AS BIGINT),$43,$44,CAST ($45 AS BIGINT))) AS C(RES_ENT_ID,LIB_FEAT_ID,UTYPE_CODE,SUPPRESSED,OBS_ENT_CNT) WHERE C.RES_ENT_ID=T.RES_ENT_ID AND C.LIB_FEAT_ID=T.LIB_FEAT_ID AND C.UTYPE_CODE=T.UTYPE_CODE",0,0,0,0,0,0,249509,3160732.947253061,0.081306,1113.4855770000001,12.667811370543992,30.498661960437843,2245579,32331525,49770,0,9127,0,0,0,0,0,0,1171034.775591997,734.0955530000007,0,0,0,0,0,0,0,0,0,0,0,0,0,0,0,0,0,2026-06-19 14:53:01.44354+00,2026-06-19 14:53:01.44354+00
10,16384,t,-8129385114780339102,"MOVE -1937 IN ""query-cursor_214""",0,0,0,0,0,0,1,0.231769,0.231769,0.231769,0.231769,0,0,0,0,0,0,0,0,0,0,0,0,0,0,0,0,0,0,0,0,0,0,0,0,0,0,0,0,0,0,0,2026-06-19 17:48:27.899671+00,2026-06-19 17:48:27.899671+00
10,16384,t,-9182421049693904156,"MOVE ALL IN ""query-cursor_74""",0,0,0,0,0,0,1,1.228586,1.228586,1.228586,1.228586,0,0,0,0,0,0,0,0,0,0,0,0,0,0,0,0,0,0,0,0,0,0,0,0,0,0,0,0,0,0,0,2026-06-19 14:02:27.669328+00,2026-06-19 14:02:27.669328+00
10,16384,t,556993030267408720,"MOVE -1876 IN ""query-cursor_204""",0,0,0,0,0,0,1,0.114835,0.114835,0.114835,0.114835,0,0,0,0,0,0,0,0,0,0,0,0,0,0,0,0,0,0,0,0,0,0,0,0,0,0,0,0,0,0,0,2026-06-19 17:28:27.704502+00,2026-06-19 17:28:27.704502+00
10,16384,t,-8645231575170714248,"FETCH 0 IN ""query-cursor_166""",0,0,0,0,0,0,1,0.010037,0.010037,0.010037,0.010037,0,0,0,0,0,0,0,0,0,0,0,0,0,0,0,0,0,0,0,0,0,0,0,0,0,0,0,0,0,0,0,2026-06-19 16:08:27.878397+00,2026-06-19 16:08:27.878397+00
16410,16412,t,-5038367627767346870,"SELECT RES_ENT_ID,REL_ENT_ID,RES_REL_ID FROM RES_REL_EKEY WHERE RES_ENT_ID IN ($1,$2,$3,$4,$5,$6,$7,$8,$9,$10,$11,$12,$13,$14,$15,$16,$17,$18,$19,$20,$21,$22,$23,$24,$25,$26,$27,$28,$29,$30,$31,$32)",0,0,0,0,0,0,44,118.86262700000002,0.252974,40.145975,2.7014233409090913,8.235167197550592,6723,10813,6,0,0,0,0,0,0,0,0,5.118525,0,0,0,0,0,0,0,0,0,0,0,0,0,0,0,0,0,0,2026-06-19 15:54:28.054696+00,2026-06-19 15:54:28.054696+00
16410,16412,t,4421785834427340622,"INSERT INTO RES_FEAT_STAT(LIB_FEAT_ID,FTYPE_ID,NUM_RES_ENT,NUM_RES_ENT_OOM) VALUES ($1,$2,$3,$4) ON CONFLICT DO NOTHING",0,0,0,0,0,0,312079,855881.7943540151,0.015224,1879.4437699999999,2.7425164601079057,14.359319375936602,312079,3105378,299,0,5256,0,0,0,0,0,0,1716.0990430000002,432.1652709999999,0,0,0,0,0,0,0,0,0,0,0,0,0,0,0,0,0,2026-06-19 14:52:39.532859+00,2026-06-19 14:52:39.532859+00
16410,16412,t,-6461176314487246647,"SELECT RES_ENT_ID,LIB_FEAT_ID,FTYPE_ID,UTYPE_CODE,SUPPRESSED,OBS_ENT_CNT FROM RES_FEAT_EKEY WHERE RES_ENT_ID IN ($1,$2,$3,$4,$5,$6,$7,$8,$9,$10,$11,$12,$13,$14,$15,$16,$17,$18,$19,$20,$21,$22,$23,$24,$25,$26,$27,$28,$29,$30,$31,$32) AND FTYPE_ID IN ($33,$34,$35,$36,$37,$38,$39,$40,$41,$42,$43,$44,$45,$46,$47,$48,$49)",0,0,0,0,0,0,11972,210685.01920600078,0.338339,468.61543300000005,17.598147277480855,37.1881263455076,5245823,1261670,10220,0,0,0,0,0,0,0,0,171293.614918,0,0,0,0,0,0,0,0,0,0,0,0,0,0,0,0,0,0,2026-06-19 14:53:38.225695+00,2026-06-19 14:53:38.225695+00
10,16384,t,-6819389027649045694,"FETCH 50 IN ""query-cursor_132""",0,0,0,0,0,0,26,0.435475,0.010129,0.023369,0.01674903846153846,0.003814465276375519,1300,0,0,0,0,0,0,0,0,0,0,0,0,0,0,0,0,0,0,0,0,0,0,0,0,0,0,0,0,0,2026-06-19 15:00:27.679357+00,2026-06-19 15:00:27.679357+00
16410,16412,t,-289413638405859069,"SELECT RES_ENT_ID,LIB_FEAT_ID,FTYPE_ID,UTYPE_CODE,SUPPRESSED,OBS_ENT_CNT FROM RES_FEAT_EKEY WHERE RES_ENT_ID IN ($1,$2,$3,$4,$5,$6,$7,$8,$9,$10,$11,$12,$13,$14,$15,$16,$17,$18,$19,$20,$21,$22,$23,$24,$25,$26,$27,$28,$29,$30,$31,$32) AND FTYPE_ID IN ($33,$34,$35,$36,$37,$38,$39,$40,$41,$42,$43,$44)",0,0,0,0,0,0,960,14180.417293000017,0.21914,369.448925,14.771268013541684,35.05668173182485,313044,98291,637,0,0,0,0,0,0,0,0,10803.484808999992,0,0,0,0,0,0,0,0,0,0,0,0,0,0,0,0,0,0,2026-06-19 14:54:27.500451+00,2026-06-19 14:54:27.500451+00
16410,16412,t,2363604094271394806,"SELECT RES_ENT_ID,LIB_FEAT_ID,FTYPE_ID,UTYPE_CODE,SUPPRESSED,OBS_ENT_CNT FROM RES_FEAT_EKEY WHERE RES_ENT_ID IN ($1,$2,$3,$4) AND FTYPE_ID IN ($5,$6,$7,$8,$9,$10,$11,$12,$13,$14,$15,$16,$17,$18,$19,$20,$21,$22,$23,$24,$25)",0,0,0,0,0,0,50326,108829.59354400006,0.039791,554.402301,2.1624924202996474,12.40248045211524,4396259,936097,4418,0,0,0,0,0,0,0,0,82869.99505999991,0,0,0,0,0,0,0,0,0,0,0,0,0,0,0,0,0,0,2026-06-19 14:52:41.833276+00,2026-06-19 14:52:41.833276+00
10,16384,t,-271111192241377533,"FETCH 42 IN ""query-cursor_215""",0,0,0,0,0,0,1,0.012261,0.012261,0.012261,0.012261,0,42,0,0,0,0,0,0,0,0,0,0,0,0,0,0,0,0,0,0,0,0,0,0,0,0,0,0,0,0,0,2026-06-19 17:50:28.673327+00,2026-06-19 17:50:28.673327+00
10,16384,t,-8029346732668241983,"FETCH 0 IN ""query-cursor_46""",0,0,0,0,0,0,1,0.003903,0.003903,0.003903,0.003903,0,0,0,0,0,0,0,0,0,0,0,0,0,0,0,0,0,0,0,0,0,0,0,0,0,0,0,0,0,0,0,2026-06-19 13:34:27.665957+00,2026-06-19 13:34:27.665957+00
10,16384,t,7211193248900673230,"FETCH 0 IN ""query-cursor_237""",0,0,0,0,0,0,1,0.005947,0.005947,0.005947,0.005947,0,0,0,0,0,0,0,0,0,0,0,0,0,0,0,0,0,0,0,0,0,0,0,0,0,0,0,0,0,0,0,2026-06-19 18:31:27.682189+00,2026-06-19 18:31:27.682189+00
16410,16412,t,-5411797953560669204,"SELECT RES_ENT_ID,LIB_FEAT_ID,FTYPE_ID,UTYPE_CODE,SUPPRESSED,OBS_ENT_CNT FROM RES_FEAT_EKEY WHERE RES_ENT_ID IN ($1) AND FTYPE_ID IN ($2,$3,$4,$5,$6,$7,$8,$9,$10,$11,$12,$13,$14,$15)",0,0,0,0,0,0,581190,397635.62657899375,0.014902,428.452555,0.684174928300545,6.953469427858719,11064334,3155265,15105,0,0,0,0,0,0,0,0,303330.9363490007,0,0,0,0,0,0,0,0,0,0,0,0,0,0,0,0,0,0,2026-06-19 14:52:40.088709+00,2026-06-19 14:52:40.088709+00
16410,16412,t,3476429785629243894,"INSERT INTO LIB_FEAT(LIB_FEAT_ID,FTYPE_ID,FEAT_HASH,FEAT_DESC,FELEM_VALUES,ANONYMIZED,VERSION) VALUES ($1,$2,$3,$4,$5,$6,$7),($8,$9,$10,$11,$12,$13,$14),($15,$16,$17,$18,$19,$20,$21),($22,$23,$24,$25,$26,$27,$28),($29,$30,$31,$32,$33,$34,$35),($36,$37,$38,$39,$40,$41,$42) ON CONFLICT(FTYPE_ID,FEAT_HASH,ANONYMIZED) DO UPDATE SET FTYPE_ID=LIB_FEAT.FTYPE_ID,FEAT_HASH=LIB_FEAT.FEAT_HASH,ANONYMIZED=LIB_FEAT.ANONYMIZED RETURNING LIB_FEAT_ID,FTYPE_ID,FEAT_HASH,ANONYMIZED,FEAT_DESC",0,0,0,0,0,0,1562659,16057345.446360838,0.11027100000000001,2109.5591520000003,10.275655434973872,30.16025325966713,9375954,145012209,370,0,274995,0,0,0,0,0,0,6853.0097,34720.36489900058,0,0,0,0,0,0,0,0,0,0,0,0,0,0,0,0,0,2026-06-19 14:52:39.567972+00,2026-06-19 14:52:39.567972+00
10,16384,t,3147500635858047544,"FETCH 4 IN ""query-cursor_126""",0,0,0,0,0,0,1,0.00355,0.00355,0.00355,0.00355,0,4,0,0,0,0,0,0,0,0,0,0,0,0,0,0,0,0,0,0,0,0,0,0,0,0,0,0,0,0,0,2026-06-19 14:54:27.684981+00,2026-06-19 14:54:27.684981+00
10,16384,t,-2184424622296429656,ALTER ROLE RDSADMIN SET search_path = $1,0,0,0,0,0,0,1,0.221754,0.221754,0.221754,0.221754,0,0,17,0,0,0,0,0,0,0,0,0,0,0,0,0,0,0,0,0,0,0,0,0,0,0,0,0,0,0,0,2026-06-19 12:50:18.018961+00,2026-06-19 12:50:18.018961+00
10,16384,t,819186510791693388,"FETCH 19 IN ""query-cursor_88""",0,0,0,0,0,0,1,0.002155,0.002155,0.002155,0.002155,0,19,0,0,0,0,0,0,0,0,0,0,0,0,0,0,0,0,0,0,0,0,0,0,0,0,0,0,0,0,0,2026-06-19 14:16:27.67285+00,2026-06-19 14:16:27.67285+00
10,16384,t,1503345969678795795,"MOVE -2117 IN ""query-cursor_243""",0,0,0,0,0,0,1,0.257015,0.257015,0.257015,0.257015,0,0,0,0,0,0,0,0,0,0,0,0,0,0,0,0,0,0,0,0,0,0,0,0,0,0,0,0,0,0,0,2026-06-19 18:43:27.933173+00,2026-06-19 18:43:27.933173+00
10,16384,t,6994433132912040594,"FETCH 33 IN ""query-cursor_147""",0,0,0,0,0,0,1,0.008993,0.008993,0.008993,0.008993,0,33,0,0,0,0,0,0,0,0,0,0,0,0,0,0,0,0,0,0,0,0,0,0,0,0,0,0,0,0,0,2026-06-19 15:30:27.98478+00,2026-06-19 15:30:27.98478+00
10,16384,t,-4215179526125384027,"FETCH 2 IN ""query-cursor_233""",0,0,0,0,0,0,1,0.004317,0.004317,0.004317,0.004317,0,2,0,0,0,0,0,0,0,0,0,0,0,0,0,0,0,0,0,0,0,0,0,0,0,0,0,0,0,0,0,2026-06-19 18:26:27.710151+00,2026-06-19 18:26:27.710151+00
16410,16412,t,6291382799046114632,"SELECT RES_ENT_ID,LIB_FEAT_ID,FTYPE_ID,UTYPE_CODE,SUPPRESSED,OBS_ENT_CNT FROM RES_FEAT_EKEY WHERE RES_ENT_ID IN ($1,$2,$3,$4,$5,$6,$7,$8) AND FTYPE_ID IN ($9,$10,$11,$12,$13,$14,$15,$16,$17,$18,$19,$20,$21)",0,0,0,0,0,0,231372,933987.7076109903,0.057573,480.882829,4.036736111590816,17.159552764039784,25964724,7760367,41949,0,0,0,0,0,0,0,0,745964.661097994,0,0,0,0,0,0,0,0,0,0,0,0,0,0,0,0,0,0,2026-06-19 14:52:42.00264+00,2026-06-19 14:52:42.00264+00
10,16384,t,5006564901404626072,"FETCH 32 IN ""query-cursor_131""",0,0,0,0,0,0,1,0.011873,0.011873,0.011873,0.011873,0,32,0,0,0,0,0,0,0,0,0,0,0,0,0,0,0,0,0,0,0,0,0,0,0,0,0,0,0,0,0,2026-06-19 14:59:27.730001+00,2026-06-19 14:59:27.730001+00
10,16384,t,-677922492973750577,set session default_transaction_read_only = $1,0,0,0,0,0,0,1,0.006334,0.006334,0.006334,0.006334,0,0,0,0,0,0,0,0,0,0,0,0,0,0,0,0,0,0,0,0,0,0,0,0,0,0,0,0,0,0,0,2026-06-19 12:50:18.018423+00,2026-06-19 12:50:18.018423+00
10,16384,t,-1261407115371841788,"MOVE ALL IN ""query-cursor_133""",0,0,0,0,0,0,1,7.8601,7.8601,7.8601,7.8601,0,0,0,0,0,0,0,0,0,0,0,0,0,0,0,0,0,0,0,0,0,0,0,0,0,0,0,0,0,0,0,2026-06-19 15:02:28.108716+00,2026-06-19 15:02:28.108716+00
10,16384,t,-7291347038062226896,"FETCH 50 IN ""query-cursor_73""",0,0,0,0,0,0,11,0.037487,0.002864,0.006595,0.003407909090909091,0.0010305979248206492,550,0,0,0,0,0,0,0,0,0,0,0,0,0,0,0,0,0,0,0,0,0,0,0,0,0,0,0,0,0,2026-06-19 14:01:27.669294+00,2026-06-19 14:01:27.669294+00
10,16384,t,3499235241898368002,"FETCH 4 IN ""query-cursor_217""",0,0,0,0,0,0,1,0.005258,0.005258,0.005258,0.005258,0,4,0,0,0,0,0,0,0,0,0,0,0,0,0,0,0,0,0,0,0,0,0,0,0,0,0,0,0,0,0,2026-06-19 17:54:27.945753+00,2026-06-19 17:54:27.945753+00
16410,16412,t,653076584682170140,SELECT RES_ENT_ID FROM RES_ENT WHERE RES_ENT_ID IN ($1),0,0,0,0,0,0,17296802,705249.1925919843,0.003326,1129.600517,0.04077338646716221,0.6393018419556278,14373929,80609519,1,0,0,0,0,0,0,0,0,1.361178,0,0,0,0,0,0,0,0,0,0,0,0,0,0,0,0,0,0,2026-06-19 14:52:51.917329+00,2026-06-19 14:52:51.917329+00
10,16384,t,-825388556802497422,"MOVE -1766 IN ""query-cursor_187""",0,0,0,0,0,0,1,0.156058,0.156058,0.156058,0.156058,0,0,0,0,0,0,0,0,0,0,0,0,0,0,0,0,0,0,0,0,0,0,0,0,0,0,0,0,0,0,0,2026-06-19 16:54:28.068815+00,2026-06-19 16:54:28.068815+00
10,16384,t,-8982511916462836618,"DECLARE ""query-cursor_96"" SCROLL CURSOR FOR select queryid, left(query, $1), calls, (total_plan_time + total_exec_time) as total_time from aurora_stat_statements($2) order by calls desc limit $3 FOR READ ONLY",0,0,0,0,0,0,1,0.065897,0.065897,0.065897,0.065897,0,0,0,0,0,0,0,0,0,0,0,0,0,0,0,0,0,0,0,0,0,0,0,0,0,0,0,0,0,0,0,2026-06-19 14:24:27.669621+00,2026-06-19 14:24:27.669621+00
10,16384,t,-8125301602328294980,"FETCH 11 IN ""query-cursor_202""",0,0,0,0,0,0,1,0.004852,0.004852,0.004852,0.004852,0,11,0,0,0,0,0,0,0,0,0,0,0,0,0,0,0,0,0,0,0,0,0,0,0,0,0,0,0,0,0,2026-06-19 17:24:27.845529+00,2026-06-19 17:24:27.845529+00
16410,16412,t,108456945316397155,"CREATE TABLE IF NOT EXISTS perf.snap_scalar (
  label       text        NOT NULL,
  captured_at timestamptz NOT NULL DEFAULT now(),
  metric      text        NOT NULL,
  value       numeric
)",0,0,0,0,0,0,2,52.926586,0.162412,52.764174,26.463293,26.300880999999997,0,366,0,0,0,0,0,0,0,0,0,0,0,0,0,0,0,0,0,0,0,0,0,0,0,0,0,0,0,0,2026-06-19 15:39:54.07095+00,2026-06-19 15:39:54.07095+00
10,16384,t,-3848870502213180064,"FETCH 43 IN ""query-cursor_67""",0,0,0,0,0,0,1,0.003054,0.003054,0.003054,0.003054,0,43,0,0,0,0,0,0,0,0,0,0,0,0,0,0,0,0,0,0,0,0,0,0,0,0,0,0,0,0,0,2026-06-19 13:55:27.670661+00,2026-06-19 13:55:27.670661+00
10,16384,t,-981991650668593176,"FETCH 40 IN ""query-cursor_154""",0,0,0,0,0,0,1,0.015377,0.015377,0.015377,0.015377,0,40,0,0,0,0,0,0,0,0,0,0,0,0,0,0,0,0,0,0,0,0,0,0,0,0,0,0,0,0,0,2026-06-19 15:44:27.708723+00,2026-06-19 15:44:27.708723+00
10,16384,t,-2441052622722955631,"DECLARE ""query-cursor_2"" SCROLL CURSOR FOR select queryid, left(query, $1), calls, (total_plan_time + total_exec_time) as total_time from aurora_stat_statements($2) order by calls desc limit $3 FOR READ ONLY",0,0,0,0,0,0,1,0.063428,0.063428,0.063428,0.063428,0,0,0,0,0,0,0,0,0,0,0,0,0,0,0,0,0,0,0,0,0,0,0,0,0,0,0,0,0,0,0,2026-06-19 12:50:27.662819+00,2026-06-19 12:50:27.662819+00
10,16384,t,746690034774677235,"MOVE ALL IN ""query-cursor_110""",0,0,0,0,0,0,1,1.710015,1.710015,1.710015,1.710015,0,0,0,0,0,0,0,0,0,0,0,0,0,0,0,0,0,0,0,0,0,0,0,0,0,0,0,0,0,0,0,2026-06-19 14:38:27.672364+00,2026-06-19 14:38:27.672364+00
10,16384,t,8344989290903620683,"MOVE -1569 IN ""query-cursor_157""",0,0,0,0,0,0,1,0.220597,0.220597,0.220597,0.220597,0,0,0,0,0,0,0,0,0,0,0,0,0,0,0,0,0,0,0,0,0,0,0,0,0,0,0,0,0,0,0,2026-06-19 15:50:28.127115+00,2026-06-19 15:50:28.127115+00
10,16384,t,1159280338360324852,"MOVE -1616 IN ""query-cursor_164""",0,0,0,0,0,0,1,0.191221,0.191221,0.191221,0.191221,0,0,0,0,0,0,0,0,0,0,0,0,0,0,0,0,0,0,0,0,0,0,0,0,0,0,0,0,0,0,0,2026-06-19 16:04:27.738477+00,2026-06-19 16:04:27.738477+00
10,16384,t,-8189493087599100821,"FETCH 0 IN ""query-cursor_232""",0,0,0,0,0,0,1,0.004824,0.004824,0.004824,0.004824,0,0,0,0,0,0,0,0,0,0,0,0,0,0,0,0,0,0,0,0,0,0,0,0,0,0,0,0,0,0,0,2026-06-19 18:24:27.680563+00,2026-06-19 18:24:27.680563+00
10,16384,t,1153535079805698179,"DECLARE ""query-cursor_25"" SCROLL CURSOR FOR select queryid, left(query, $1), calls, (total_plan_time + total_exec_time) as total_time from aurora_stat_statements($2) order by calls desc limit $3 FOR READ ONLY",0,0,0,0,0,0,1,0.064106,0.064106,0.064106,0.064106,0,0,0,0,0,0,0,0,0,0,0,0,0,0,0,0,0,0,0,0,0,0,0,0,0,0,0,0,0,0,0,2026-06-19 13:13:27.664482+00,2026-06-19 13:13:27.664482+00
16410,16412,t,8006608939813367640,CREATE INDEX RES_FEAT_EKEY_SK ON RES_FEAT_EKEY(RES_ENT_ID),0,0,0,0,0,0,1,2.070546,2.070546,2.070546,2.070546,0,0,87,0,0,0,0,0,0,0,0,0,0,0,0,0,0,0,0,0,0,0,0,0,0,0,0,0,0,0,0,2026-06-19 12:52:04.16343+00,2026-06-19 12:52:04.16343+00
10,16384,t,8124883400511105486,"FETCH 0 IN ""query-cursor_171""",0,0,0,0,0,0,1,0.008909,0.008909,0.008909,0.008909,0,0,0,0,0,0,0,0,0,0,0,0,0,0,0,0,0,0,0,0,0,0,0,0,0,0,0,0,0,0,0,2026-06-19 16:18:28.222052+00,2026-06-19 16:18:28.222052+00
10,16384,t,-3477453566426568053,"MOVE -410 IN ""query-cursor_48""",0,0,0,0,0,0,1,0.009643,0.009643,0.009643,0.009643,0,0,0,0,0,0,0,0,0,0,0,0,0,0,0,0,0,0,0,0,0,0,0,0,0,0,0,0,0,0,0,2026-06-19 13:36:27.667076+00,2026-06-19 13:36:27.667076+00
16410,16412,t,-493001679317631125,UPDATE SYS_SEQUENCE SET NEXT_SEQUENCE = $1 WHERE SEQUENCE_NAME = $2 AND NEXT_SEQUENCE = $3,0,0,0,0,0,0,5159,7400.426520999995,0.020818999999999997,155.90773099999998,1.434469184144213,7.024099168607083,5132,20662,0,0,0,0,0,0,0,0,0,0,0,0,0,0,0,0,0,0,0,0,0,0,0,0,0,0,0,0,2026-06-19 14:52:39.498409+00,2026-06-19 14:52:39.498409+00
10,16384,t,7125732605909534218,"FETCH 50 IN ""query-cursor_64""",0,0,0,0,0,0,10,0.033635,0.002899,0.005441,0.0033634999999999997,0.0007149257653770773,500,0,0,0,0,0,0,0,0,0,0,0,0,0,0,0,0,0,0,0,0,0,0,0,0,0,0,0,0,0,2026-06-19 13:52:27.66844+00,2026-06-19 13:52:27.66844+00
10,16384,t,3680755690148070897,"ALTER USER ""rdsadmin"" VALID UNTIL 'infinity'",0,0,0,0,0,0,1,0.052002,0.052002,0.052002,0.052002,0,0,3,0,0,0,0,0,0,0,0,0,0,0,0,0,0,0,0,0,0,0,0,0,0,0,0,0,0,0,0,2026-06-19 12:49:16.234089+00,2026-06-19 12:49:16.234089+00
10,16384,t,-5518813177502617288,"FETCH 0 IN ""query-cursor_28""",0,0,0,0,0,0,1,0.00402,0.00402,0.00402,0.00402,0,0,0,0,0,0,0,0,0,0,0,0,0,0,0,0,0,0,0,0,0,0,0,0,0,0,0,0,0,0,0,2026-06-19 13:16:27.664744+00,2026-06-19 13:16:27.664744+00
10,16384,t,367369799785015241,"FETCH 0 IN ""query-cursor_249""",0,0,0,0,0,0,1,0.005111,0.005111,0.005111,0.005111,0,0,0,0,0,0,0,0,0,0,0,0,0,0,0,0,0,0,0,0,0,0,0,0,0,0,0,0,0,0,0,2026-06-19 18:57:27.73649+00,2026-06-19 18:57:27.73649+00
16410,16412,t,7370940592176868990,"SELECT RES_ENT_ID,LIB_FEAT_ID,FTYPE_ID,UTYPE_CODE,SUPPRESSED,OBS_ENT_CNT FROM RES_FEAT_EKEY WHERE RES_ENT_ID IN ($1,$2,$3,$4,$5,$6,$7,$8,$9,$10,$11,$12,$13,$14,$15,$16,$17,$18,$19,$20,$21,$22,$23,$24,$25,$26,$27,$28,$29,$30,$31,$32) AND FTYPE_ID IN ($33,$34,$35,$36,$37,$38,$39,$40,$41,$42,$43,$44,$45,$46,$47,$48,$49,$50,$51)",0,0,0,0,0,0,9406,172612.27500300042,0.253059,525.0068239999999,18.35129438688076,39.412033858557955,4446565,999454,8230,0,0,0,0,0,0,0,0,141238.30296200016,0,0,0,0,0,0,0,0,0,0,0,0,0,0,0,0,0,0,2026-06-19 14:53:59.635081+00,2026-06-19 14:53:59.635081+00
10,16384,t,-3868487740020039047,"FETCH 50 IN ""query-cursor_20""",0,0,0,0,0,0,4,0.015902,0.003221,0.005859,0.0039755,0.0010950793350255493,200,0,0,0,0,0,0,0,0,0,0,0,0,0,0,0,0,0,0,0,0,0,0,0,0,0,0,0,0,0,2026-06-19 13:08:27.664827+00,2026-06-19 13:08:27.664827+00
10,16384,t,-8627916694092585240,"MOVE ALL IN ""query-cursor_123""",0,0,0,0,0,0,1,1.882239,1.882239,1.882239,1.882239,0,0,0,0,0,0,0,0,0,0,0,0,0,0,0,0,0,0,0,0,0,0,0,0,0,0,0,0,0,0,0,2026-06-19 14:51:27.673471+00,2026-06-19 14:51:27.673471+00
10,16384,t,-2445523087560754896,"DECLARE ""query-cursor_32"" SCROLL CURSOR FOR select queryid, left(query, $1), calls, (total_plan_time + total_exec_time) as total_time from aurora_stat_statements($2) order by calls desc limit $3 FOR READ ONLY",0,0,0,0,0,0,1,0.063378,0.063378,0.063378,0.063378,0,0,0,0,0,0,0,0,0,0,0,0,0,0,0,0,0,0,0,0,0,0,0,0,0,0,0,0,0,0,0,2026-06-19 13:20:27.664971+00,2026-06-19 13:20:27.664971+00
10,16384,t,5465211844607475761,"MOVE -622 IN ""query-cursor_80""",0,0,0,0,0,0,1,0.013141,0.013141,0.013141,0.013141,0,0,0,0,0,0,0,0,0,0,0,0,0,0,0,0,0,0,0,0,0,0,0,0,0,0,0,0,0,0,0,2026-06-19 14:08:27.669634+00,2026-06-19 14:08:27.669634+00
10,16384,t,-7710066163773253756,"FETCH 28 IN ""query-cursor_245""",0,0,0,0,0,0,1,0.009011,0.009011,0.009011,0.009011,0,28,0,0,0,0,0,0,0,0,0,0,0,0,0,0,0,0,0,0,0,0,0,0,0,0,0,0,0,0,0,2026-06-19 18:47:29.068437+00,2026-06-19 18:47:29.068437+00
10,16384,t,-3403726907523313356,"FETCH 5 IN ""query-cursor_201""",0,0,0,0,0,0,1,0.005857,0.005857,0.005857,0.005857,0,5,0,0,0,0,0,0,0,0,0,0,0,0,0,0,0,0,0,0,0,0,0,0,0,0,0,0,0,0,0,2026-06-19 17:22:28.41502+00,2026-06-19 17:22:28.41502+00
10,16384,t,7562162002645807505,"FETCH 50 IN ""query-cursor_48""",0,0,0,0,0,0,8,0.027271,0.002865,0.005569,0.003408875,0.0008318749060856448,400,0,0,0,0,0,0,0,0,0,0,0,0,0,0,0,0,0,0,0,0,0,0,0,0,0,0,0,0,0,2026-06-19 13:36:27.667113+00,2026-06-19 13:36:27.667113+00
10,16384,t,-7823155890234414381,"MOVE -2169 IN ""query-cursor_251""",0,0,0,0,0,0,1,0.098339,0.098339,0.098339,0.098339,0,0,0,0,0,0,0,0,0,0,0,0,0,0,0,0,0,0,0,0,0,0,0,0,0,0,0,0,0,0,0,2026-06-19 19:01:27.691597+00,2026-06-19 19:01:27.691597+00
10,16384,t,-8538731078167172231,"DECLARE ""query-cursor_100"" SCROLL CURSOR FOR select queryid, left(query, $1), calls, (total_plan_time + total_exec_time) as total_time from aurora_stat_statements($2) order by calls desc limit $3 FOR READ ONLY",0,0,0,0,0,0,1,0.062885,0.062885,0.062885,0.062885,0,0,0,0,0,0,0,0,0,0,0,0,0,0,0,0,0,0,0,0,0,0,0,0,0,0,0,0,0,0,0,2026-06-19 14:28:27.669868+00,2026-06-19 14:28:27.669868+00
10,16384,t,1367424276915005081,select $1 from pg_stat_statements($2) limit $3,0,0,0,0,0,0,1,0.118018,0.118018,0.118018,0.118018,0,1,0,0,0,0,0,0,0,0,0,0,0,0,0,0,0,0,0,0,0,0,0,0,0,0,0,0,0,0,0,2026-06-19 12:49:27.176873+00,2026-06-19 12:49:27.176873+00
10,16384,t,6925877210758612429,"select s.*, extract($1 from s.lastattempt) as lastattempt_ts from rds_get_stat_dxl_counters() as s where s.lastattempt > (now() - interval $2 second) limit $3",0,0,0,0,0,0,253,65.648311,0.021639000000000002,10.427785,0.2594794901185771,0.8717510749569682,7461,0,0,0,0,0,0,0,0,0,0,0,0,0,0,0,0,0,0,0,0,0,0,0,0,0,0,0,0,0,2026-06-19 12:51:37.724027+00,2026-06-19 12:51:37.724027+00
10,16384,t,8919800113060031318,"MOVE ALL IN ""query-cursor_60""",0,0,0,0,0,0,1,1.103265,1.103265,1.103265,1.103265,0,0,0,0,0,0,0,0,0,0,0,0,0,0,0,0,0,0,0,0,0,0,0,0,0,0,0,0,0,0,0,2026-06-19 13:48:27.668221+00,2026-06-19 13:48:27.668221+00
10,16384,t,5206668728933866932,"FETCH 50 IN ""query-cursor_82""",0,0,0,0,0,0,12,0.037427,0.002763,0.005142,0.003118916666666667,0.000620395768620501,600,0,0,0,0,0,0,0,0,0,0,0,0,0,0,0,0,0,0,0,0,0,0,0,0,0,0,0,0,0,2026-06-19 14:10:27.670077+00,2026-06-19 14:10:27.670077+00
10,16384,t,6415313514237097313,"DECLARE ""query-cursor_35"" SCROLL CURSOR FOR select queryid, left(query, $1), calls, (total_plan_time + total_exec_time) as total_time from aurora_stat_statements($2) order by calls desc limit $3 FOR READ ONLY",0,0,0,0,0,0,1,0.066643,0.066643,0.066643,0.066643,0,0,0,0,0,0,0,0,0,0,0,0,0,0,0,0,0,0,0,0,0,0,0,0,0,0,0,0,0,0,0,2026-06-19 13:23:27.665231+00,2026-06-19 13:23:27.665231+00
10,16384,t,9055484034246049769,"FETCH 43 IN ""query-cursor_12""",0,0,0,0,0,0,1,0.003228,0.003228,0.003228,0.003228,0,43,0,0,0,0,0,0,0,0,0,0,0,0,0,0,0,0,0,0,0,0,0,0,0,0,0,0,0,0,0,2026-06-19 13:00:27.664921+00,2026-06-19 13:00:27.664921+00
10,16384,t,5728208846679850632,"FETCH 50 IN ""query-cursor_230""",0,0,0,0,0,0,40,0.294281,0.00344,0.020542,0.0073570250000000005,0.0033697360392729585,2000,0,0,0,0,0,0,0,0,0,0,0,0,0,0,0,0,0,0,0,0,0,0,0,0,0,0,0,0,0,2026-06-19 18:20:27.687314+00,2026-06-19 18:20:27.687314+00
10,16384,t,-7946771393950324536,"FETCH 50 IN ""query-cursor_246""",0,0,0,0,0,0,42,0.6700629999999999,0.01032,0.037835,0.01595388095238095,0.006939862854423609,2100,0,0,0,0,0,0,0,0,0,0,0,0,0,0,0,0,0,0,0,0,0,0,0,0,0,0,0,0,0,2026-06-19 18:51:27.697168+00,2026-06-19 18:51:27.697168+00
16410,16412,t,-3846009429024692697,"SELECT RES_ENT_ID,LIB_FEAT_ID,FTYPE_ID,UTYPE_CODE,SUPPRESSED,OBS_ENT_CNT FROM RES_FEAT_EKEY WHERE RES_ENT_ID IN ($1,$2,$3,$4) AND FTYPE_ID IN ($5,$6,$7,$8,$9,$10,$11,$12,$13,$14,$15,$16,$17,$18,$19,$20,$21,$22,$23,$24,$25,$26,$27,$28,$29,$30,$31,$32,$33,$34,$35,$36,$37,$38,$39,$40,$41,$42,$43,$44,$45,$46,$47,$48,$49,$50,$51,$52)",0,0,0,0,0,0,5,0.38277599999999995,0.061216000000000007,0.093931,0.07655519999999999,0.012894519477669572,0,76,0,0,0,0,0,0,0,0,0,0,0,0,0,0,0,0,0,0,0,0,0,0,0,0,0,0,0,0,2026-06-19 15:26:35.554834+00,2026-06-19 15:26:35.554834+00
10,16384,t,-3344574871748276511,"FETCH 0 IN ""query-cursor_202""",0,0,0,0,0,0,1,0.008101,0.008101,0.008101,0.008101,0,0,0,0,0,0,0,0,0,0,0,0,0,0,0,0,0,0,0,0,0,0,0,0,0,0,0,0,0,0,0,2026-06-19 17:24:27.798013+00,2026-06-19 17:24:27.798013+00
16410,16412,t,-7783725729003736794,"INSERT INTO SYS_VARS (VAR_GROUP,VAR_CODE,VAR_VALUE) VALUES ($1,$2,$3)",0,0,0,0,0,0,1,1.258861,1.258861,1.258861,1.258861,0,1,17,1,0,2,0,0,0,0,0,0,1.180307,0.011727,0,0,0,0,0,0,0,0,0,0,0,0,0,0,0,0,0,2026-06-19 12:52:04.215618+00,2026-06-19 12:52:04.215618+00
10,16384,t,3736020657103379338,"FETCH 13 IN ""query-cursor_112""",0,0,0,0,0,0,1,0.001814,0.001814,0.001814,0.001814,0,13,0,0,0,0,0,0,0,0,0,0,0,0,0,0,0,0,0,0,0,0,0,0,0,0,0,0,0,0,0,2026-06-19 14:40:27.675382+00,2026-06-19 14:40:27.675382+00
10,16384,t,6854607901369999766,"FETCH 50 IN ""query-cursor_243""",0,0,0,0,0,0,42,0.6414860000000001,0.008405,0.038437,0.015273476190476193,0.005896052073969234,2100,0,0,0,0,0,0,0,0,0,0,0,0,0,0,0,0,0,0,0,0,0,0,0,0,0,0,0,0,0,2026-06-19 18:43:27.933775+00,2026-06-19 18:43:27.933775+00
16410,16412,t,6856885952325158488,"SELECT RES_ENT_ID,LIB_FEAT_ID,FTYPE_ID,UTYPE_CODE,SUPPRESSED,OBS_ENT_CNT FROM RES_FEAT_EKEY WHERE RES_ENT_ID IN ($1,$2,$3,$4,$5,$6,$7,$8,$9,$10,$11,$12,$13,$14,$15,$16) AND FTYPE_ID IN ($17,$18,$19,$20,$21,$22,$23,$24,$25,$26,$27,$28,$29,$30,$31,$32)",0,0,0,0,0,0,214748,1654099.6394620002,0.098131,723.707366,7.702514758982622,24.300924823313565,48295881,12243221,77185,0,0,0,0,0,0,0,0,1313452.8825339945,0,0,0,0,0,0,0,0,0,0,0,0,0,0,0,0,0,0,2026-06-19 14:52:43.623604+00,2026-06-19 14:52:43.623604+00
10,16384,t,1595088558752671585,"DECLARE ""query-cursor_221"" SCROLL CURSOR FOR select queryid, left(query, $1), calls, (total_plan_time + total_exec_time) as total_time from aurora_stat_statements($2) order by calls desc limit $3 FOR READ ONLY",0,0,0,0,0,0,1,0.143997,0.143997,0.143997,0.143997,0,0,0,0,0,0,0,0,0,0,0,0,0,0,0,0,0,0,0,0,0,0,0,0,0,0,0,0,0,0,0,2026-06-19 18:02:27.71589+00,2026-06-19 18:02:27.71589+00
10,16384,t,-6726205321302825870,"MOVE ALL IN ""query-cursor_225""",0,0,0,0,0,0,1,18.581085,18.581085,18.581085,18.581085,0,0,0,0,0,0,0,0,0,0,0,0,0,0,0,0,0,0,0,0,0,0,0,0,0,0,0,0,0,0,0,2026-06-19 18:10:28.211693+00,2026-06-19 18:10:28.211693+00
10,16384,t,7275814398050199315,"FETCH 50 IN ""query-cursor_74""",0,0,0,0,0,0,11,0.035488,0.002781,0.005753,0.003226181818181818,0.0008166182838313157,550,0,0,0,0,0,0,0,0,0,0,0,0,0,0,0,0,0,0,0,0,0,0,0,0,0,0,0,0,0,2026-06-19 14:02:27.669425+00,2026-06-19 14:02:27.669425+00
10,16384,t,-3415027330202508201,"MOVE ALL IN ""query-cursor_16""",0,0,0,0,0,0,1,0.47719,0.47719,0.47719,0.47719,0,0,0,0,0,0,0,0,0,0,0,0,0,0,0,0,0,0,0,0,0,0,0,0,0,0,0,0,0,0,0,2026-06-19 13:04:27.664391+00,2026-06-19 13:04:27.664391+00
10,16384,t,-2892364195522709521,"select max(age(coalesce(backend_xmin, backend_xid))) as oldest_running_transaction_xid_age from pg_stat_activity where state != $1",0,0,0,0,0,0,255,4679.624423,0.061646,586.147604,18.351468325490195,52.287535507615516,255,0,0,0,0,0,0,0,0,0,0,0,0,0,0,0,0,0,0,0,0,0,0,0,0,0,0,0,0,0,2026-06-19 12:49:27.238991+00,2026-06-19 12:49:27.238991+00
10,16384,t,830237317411613827,"MOVE ALL IN ""query-cursor_136""",0,0,0,0,0,0,1,7.355431,7.355431,7.355431,7.355431,0,0,0,0,0,0,0,0,0,0,0,0,0,0,0,0,0,0,0,0,0,0,0,0,0,0,0,0,0,0,0,2026-06-19 15:08:27.74125+00,2026-06-19 15:08:27.74125+00
10,16384,t,4416042672193853427,"MOVE -398 IN ""query-cursor_46""",0,0,0,0,0,0,1,0.0095,0.0095,0.0095,0.0095,0,0,0,0,0,0,0,0,0,0,0,0,0,0,0,0,0,0,0,0,0,0,0,0,0,0,0,0,0,0,0,2026-06-19 13:34:27.666898+00,2026-06-19 13:34:27.666898+00
16410,16412,t,-4655919888997959365,"SELECT RES_ENT_ID,LIB_FEAT_ID,FTYPE_ID,UTYPE_CODE,SUPPRESSED,OBS_ENT_CNT FROM RES_FEAT_EKEY WHERE RES_ENT_ID IN ($1,$2,$3,$4) AND FTYPE_ID IN ($5,$6,$7,$8,$9,$10,$11,$12,$13,$14,$15,$16,$17,$18,$19,$20,$21,$22,$23,$24,$25,$26,$27,$28,$29,$30,$31,$32,$33,$34,$35,$36,$37,$38,$39,$40,$41,$42,$43,$44,$45,$46,$47,$48,$49,$50,$51,$52,$53,$54,$55)",0,0,0,0,0,0,53,4.433061999999999,0.054404999999999995,0.129934,0.083642679245283,0.014774617021852017,280,845,0,0,0,0,0,0,0,0,0,0,0,0,0,0,0,0,0,0,0,0,0,0,0,0,0,0,0,0,2026-06-19 15:46:55.64544+00,2026-06-19 15:46:55.64544+00
10,16384,t,-3698668723898658641,"FETCH 36 IN ""query-cursor_5""",0,0,0,0,0,0,1,0.003812,0.003812,0.003812,0.003812,0,36,0,0,0,0,0,0,0,0,0,0,0,0,0,0,0,0,0,0,0,0,0,0,0,0,0,0,0,0,0,2026-06-19 12:53:27.663972+00,2026-06-19 12:53:27.663972+00
10,16384,t,-8410453600507549668,"MOVE -640 IN ""query-cursor_83""",0,0,0,0,0,0,1,0.014144,0.014144,0.014144,0.014144,0,0,0,0,0,0,0,0,0,0,0,0,0,0,0,0,0,0,0,0,0,0,0,0,0,0,0,0,0,0,0,2026-06-19 14:11:27.670132+00,2026-06-19 14:11:27.670132+00
16410,16412,t,6866519821752473557,"SELECT RES_ENT_ID,LIB_FEAT_ID,FTYPE_ID,UTYPE_CODE,SUPPRESSED,OBS_ENT_CNT FROM RES_FEAT_EKEY WHERE RES_ENT_ID IN ($1) AND FTYPE_ID IN ($2,$3,$4,$5,$6,$7,$8,$9,$10,$11,$12)",0,0,0,0,0,0,130976,103485.35282099943,0.01565,419.25381600000003,0.790109278196001,7.695282650746476,2088584,716390,4109,0,0,0,0,0,0,0,0,81851.94701699978,0,0,0,0,0,0,0,0,0,0,0,0,0,0,0,0,0,0,2026-06-19 14:52:41.965579+00,2026-06-19 14:52:41.965579+00
10,16384,t,-7713237334860130126,"select num_timed as checkpoints_timed, num_requested as checkpoints_req, write_time as checkpoint_write_time, sync_time as checkpoint_sync_time, buffers_written as buffers_checkpoint from pg_stat_checkpointer",0,0,0,0,0,0,255,14.815792999999998,0.017703,4.780917,0.058101149019607834,0.29755572316760676,255,0,0,0,0,0,0,0,0,0,0,0,0,0,0,0,0,0,0,0,0,0,0,0,0,0,0,0,0,0,2026-06-19 12:49:27.22101+00,2026-06-19 12:49:27.22101+00
10,16384,t,-6440580916567391413,"FETCH 34 IN ""query-cursor_27""",0,0,0,0,0,0,1,0.002593,0.002593,0.002593,0.002593,0,34,0,0,0,0,0,0,0,0,0,0,0,0,0,0,0,0,0,0,0,0,0,0,0,0,0,0,0,0,0,2026-06-19 13:15:27.666381+00,2026-06-19 13:15:27.666381+00
10,16384,t,2388562692241566499,"MOVE -2079 IN ""query-cursor_237""",0,0,0,0,0,0,1,0.138517,0.138517,0.138517,0.138517,0,0,0,0,0,0,0,0,0,0,0,0,0,0,0,0,0,0,0,0,0,0,0,0,0,0,0,0,0,0,0,2026-06-19 18:31:27.693119+00,2026-06-19 18:31:27.693119+00
10,16384,t,-7511999440433142854,"MOVE -490 IN ""query-cursor_58""",0,0,0,0,0,0,1,0.011668,0.011668,0.011668,0.011668,0,0,0,0,0,0,0,0,0,0,0,0,0,0,0,0,0,0,0,0,0,0,0,0,0,0,0,0,0,0,0,2026-06-19 13:46:27.668043+00,2026-06-19 13:46:27.668043+00
16410,16412,t,-8328794838425392660,"SELECT RES_ENT_ID,LIB_FEAT_ID,FTYPE_ID,UTYPE_CODE,SUPPRESSED,OBS_ENT_CNT FROM RES_FEAT_EKEY WHERE RES_ENT_ID IN ($1,$2,$3,$4) AND FTYPE_ID IN ($5,$6,$7,$8,$9)",0,0,0,0,0,0,31,2.9824979999999996,0.066732,0.143087,0.0962096129032258,0.01877047084613596,507,527,0,0,0,0,0,0,0,0,0,0,0,0,0,0,0,0,0,0,0,0,0,0,0,0,0,0,0,0,2026-06-19 15:03:34.730177+00,2026-06-19 15:03:34.730177+00
10,16384,t,-2908437175352832595,"MOVE -724 IN ""query-cursor_97""",0,0,0,0,0,0,1,0.01547,0.01547,0.01547,0.01547,0,0,0,0,0,0,0,0,0,0,0,0,0,0,0,0,0,0,0,0,0,0,0,0,0,0,0,0,0,0,0,2026-06-19 14:25:27.671291+00,2026-06-19 14:25:27.671291+00
10,16384,t,5632358283284368315,"MOVE -1213 IN ""query-cursor_125""",0,0,0,0,0,0,1,0.041534,0.041534,0.041534,0.041534,0,0,0,0,0,0,0,0,0,0,0,0,0,0,0,0,0,0,0,0,0,0,0,0,0,0,0,0,0,0,0,2026-06-19 14:53:27.67662+00,2026-06-19 14:53:27.67662+00
10,16384,t,-4453599245938001091,"FETCH 17 IN ""query-cursor_121""",0,0,0,0,0,0,1,0.002318,0.002318,0.002318,0.002318,0,17,0,0,0,0,0,0,0,0,0,0,0,0,0,0,0,0,0,0,0,0,0,0,0,0,0,0,0,0,0,2026-06-19 14:49:27.676286+00,2026-06-19 14:49:27.676286+00
10,16384,t,-1552583588570831850,"MOVE -760 IN ""query-cursor_103""",0,0,0,0,0,0,1,0.015915,0.015915,0.015915,0.015915,0,0,0,0,0,0,0,0,0,0,0,0,0,0,0,0,0,0,0,0,0,0,0,0,0,0,0,0,0,0,0,2026-06-19 14:31:27.671846+00,2026-06-19 14:31:27.671846+00
10,16384,t,-999261268607815173,select sum(deadlocks) as num_deadlocks from pg_stat_database,0,0,0,0,0,0,376,52.651329999999994,0.018688,27.651652,0.14003013297872338,1.4257506120854742,376,376,0,0,0,0,0,0,0,0,0,0,0,0,0,0,0,0,0,0,0,0,0,0,0,0,0,0,0,0,2026-06-19 12:48:52.348+00,2026-06-19 12:48:52.348+00
10,16384,t,-1916615471916784838,"DECLARE ""query-cursor_114"" SCROLL CURSOR FOR select queryid, left(query, $1), calls, (total_plan_time + total_exec_time) as total_time from aurora_stat_statements($2) order by calls desc limit $3 FOR READ ONLY",0,0,0,0,0,0,1,0.060006,0.060006,0.060006,0.060006,0,0,0,0,0,0,0,0,0,0,0,0,0,0,0,0,0,0,0,0,0,0,0,0,0,0,0,0,0,0,0,2026-06-19 14:42:27.670739+00,2026-06-19 14:42:27.670739+00
16410,16412,t,-6063819837724179642,"DELETE FROM RES_ENT WHERE RES_ENT_ID IN ($1,$2)",0,0,0,0,0,0,12762,11869.688395000008,0.026015,180.233853,0.9300805825889366,3.9967578888379487,25523,127877,0,0,0,0,0,0,0,0,0,0,0,0,0,0,0,0,0,0,0,0,0,0,0,0,0,0,0,0,2026-06-19 14:58:29.284264+00,2026-06-19 14:58:29.284264+00
16410,16412,t,-7886857115876373105,DELETE FROM RES_FEAT_EKEY WHERE RES_ENT_ID=$1 AND ((LIB_FEAT_ID=$2 AND UTYPE_CODE=$3)OR(LIB_FEAT_ID=$4 AND UTYPE_CODE=$5)OR(LIB_FEAT_ID=$6 AND UTYPE_CODE=$7)OR(LIB_FEAT_ID=$8 AND UTYPE_CODE=$9)OR(LIB_FEAT_ID=$10 AND UTYPE_CODE=$11)OR(LIB_FEAT_ID=$12 AND UTYPE_CODE=$13)OR(LIB_FEAT_ID=$14 AND UTYPE_CODE=$15)),0,0,0,0,0,0,856,3460.1075879999985,0.017717,182.096003,4.042181761682241,14.773828712354554,3698,28257,62,0,0,0,0,0,0,0,0,1277.8825079999997,0,0,0,0,0,0,0,0,0,0,0,0,0,0,0,0,0,0,2026-06-19 14:55:00.135667+00,2026-06-19 14:55:00.135667+00
10,16384,t,2212632237223636649,"DECLARE ""query-cursor_112"" SCROLL CURSOR FOR select queryid, left(query, $1), calls, (total_plan_time + total_exec_time) as total_time from aurora_stat_statements($2) order by calls desc limit $3 FOR READ ONLY",0,0,0,0,0,0,1,0.064076,0.064076,0.064076,0.064076,0,0,0,0,0,0,0,0,0,0,0,0,0,0,0,0,0,0,0,0,0,0,0,0,0,0,0,0,0,0,0,2026-06-19 14:40:27.670723+00,2026-06-19 14:40:27.670723+00
10,16384,t,-5185301110642222350,"DECLARE ""query-cursor_118"" SCROLL CURSOR FOR select queryid, left(query, $1), calls, (total_plan_time + total_exec_time) as total_time from aurora_stat_statements($2) order by calls desc limit $3 FOR READ ONLY",0,0,0,0,0,0,1,0.064552,0.064552,0.064552,0.064552,0,0,0,0,0,0,0,0,0,0,0,0,0,0,0,0,0,0,0,0,0,0,0,0,0,0,0,0,0,0,0,2026-06-19 14:46:27.671077+00,2026-06-19 14:46:27.671077+00
16410,16412,t,-7573538202181424717,DELETE FROM RES_FEAT_EKEY WHERE RES_ENT_ID=$1 AND ((LIB_FEAT_ID=$2 AND UTYPE_CODE=$3)OR(LIB_FEAT_ID=$4 AND UTYPE_CODE=$5)OR(LIB_FEAT_ID=$6 AND UTYPE_CODE=$7)OR(LIB_FEAT_ID=$8 AND UTYPE_CODE=$9)OR(LIB_FEAT_ID=$10 AND UTYPE_CODE=$11)OR(LIB_FEAT_ID=$12 AND UTYPE_CODE=$13)OR(LIB_FEAT_ID=$14 AND UTYPE_CODE=$15)OR(LIB_FEAT_ID=$16 AND UTYPE_CODE=$17)OR(LIB_FEAT_ID=$18 AND UTYPE_CODE=$19)OR(LIB_FEAT_ID=$20 AND UTYPE_CODE=$21)OR(LIB_FEAT_ID=$22 AND UTYPE_CODE=$23)OR(LIB_FEAT_ID=$24 AND UTYPE_CODE=$25)OR(LIB_FEAT_ID=$26 AND UTYPE_CODE=$27)OR(LIB_FEAT_ID=$28 AND UTYPE_CODE=$29)OR(LIB_FEAT_ID=$30 AND UTYPE_CODE=$31)OR(LIB_FEAT_ID=$32 AND UTYPE_CODE=$33)OR(LIB_FEAT_ID=$34 AND UTYPE_CODE=$35)OR(LIB_FEAT_ID=$36 AND UTYPE_CODE=$37)OR(LIB_FEAT_ID=$38 AND UTYPE_CODE=$39)OR(LIB_FEAT_ID=$40 AND UTYPE_CODE=$41)OR(LIB_FEAT_ID=$42 AND UTYPE_CODE=$43)OR(LIB_FEAT_ID=$44 AND UTYPE_CODE=$45)OR(LIB_FEAT_ID=$46 AND UTYPE_CODE=$47)OR(LIB_FEAT_ID=$48 AND UTYPE_CODE=$49)OR(LIB_FEAT_ID=$50 AND UTYPE_CODE=$51)OR(LIB_FEAT_ID=$52 AND UTYPE_CODE=$53)OR(LIB_FEAT_ID=$54 AND UTYPE_CODE=$55)OR(LIB_FEAT_ID=$56 AND UTYPE_CODE=$57)OR(LIB_FEAT_ID=$58 AND UTYPE_CODE=$59)OR(LIB_FEAT_ID=$60 AND UTYPE_CODE=$61)OR(LIB_FEAT_ID=$62 AND UTYPE_CODE=$63)OR(LIB_FEAT_ID=$64 AND UTYPE_CODE=$65)OR(LIB_FEAT_ID=$66 AND UTYPE_CODE=$67)),0,0,0,0,0,0,7563,202161.01598999935,0.107975,446.402957,26.73026788179285,49.667755491877514,190710,1196458,2152,0,0,0,0,0,0,0,0,107341.24930199991,0,0,0,0,0,0,0,0,0,0,0,0,0,0,0,0,0,0,2026-06-19 14:54:22.502217+00,2026-06-19 14:54:22.502217+00
16410,16412,t,-5718885773490364501,"UPDATE RES_FEAT_EKEY AS T SET SUPPRESSED=C.SUPPRESSED,OBS_ENT_CNT=C.OBS_ENT_CNT FROM (VALUES (CAST ($1 AS BIGINT),CAST ($2 AS BIGINT),$3,$4,CAST ($5 AS BIGINT)),(CAST ($6 AS BIGINT),CAST ($7 AS BIGINT),$8,$9,CAST ($10 AS BIGINT)),(CAST ($11 AS BIGINT),CAST ($12 AS BIGINT),$13,$14,CAST ($15 AS BIGINT)),(CAST ($16 AS BIGINT),CAST ($17 AS BIGINT),$18,$19,CAST ($20 AS BIGINT)),(CAST ($21 AS BIGINT),CAST ($22 AS BIGINT),$23,$24,CAST ($25 AS BIGINT)),(CAST ($26 AS BIGINT),CAST ($27 AS BIGINT),$28,$29,CAST ($30 AS BIGINT)),(CAST ($31 AS BIGINT),CAST ($32 AS BIGINT),$33,$34,CAST ($35 AS BIGINT)),(CAST ($36 AS BIGINT),CAST ($37 AS BIGINT),$38,$39,CAST ($40 AS BIGINT)),(CAST ($41 AS BIGINT),CAST ($42 AS BIGINT),$43,$44,CAST ($45 AS BIGINT)),(CAST ($46 AS BIGINT),CAST ($47 AS BIGINT),$48,$49,CAST ($50 AS BIGINT)),(CAST ($51 AS BIGINT),CAST ($52 AS BIGINT),$53,$54,CAST ($55 AS BIGINT)),(CAST ($56 AS BIGINT),CAST ($57 AS BIGINT),$58,$59,CAST ($60 AS BIGINT)),(CAST ($61 AS BIGINT),CAST ($62 AS BIGINT),$63,$64,CAST ($65 AS BIGINT)),(CAST ($66 AS BIGINT),CAST ($67 AS BIGINT),$68,$69,CAST ($70 AS BIGINT)),(CAST ($71 AS BIGINT),CAST ($72 AS BIGINT),$73,$74,CAST ($75 AS BIGINT))) AS C(RES_ENT_ID,LIB_FEAT_ID,UTYPE_CODE,SUPPRESSED,OBS_ENT_CNT) WHERE C.RES_ENT_ID=T.RES_ENT_ID AND C.LIB_FEAT_ID=T.LIB_FEAT_ID AND C.UTYPE_CODE=T.UTYPE_CODE",0,0,0,0,0,0,74706,1300848.9861899938,0.12159099999999999,1293.507341,17.4129117633121,38.15657319385516,1120584,16496451,18968,0,5207,0,0,0,0,0,0,437738.0407149996,314.89384699999994,0,0,0,0,0,0,0,0,0,0,0,0,0,0,0,0,0,2026-06-19 14:52:50.078379+00,2026-06-19 14:52:50.078379+00
10,16384,t,-1404631429936573118,"MOVE -688 IN ""query-cursor_91""",0,0,0,0,0,0,1,0.015543,0.015543,0.015543,0.015543,0,0,0,0,0,0,0,0,0,0,0,0,0,0,0,0,0,0,0,0,0,0,0,0,0,0,0,0,0,0,0,2026-06-19 14:19:27.670766+00,2026-06-19 14:19:27.670766+00
10,16384,t,4374309224247351077,"FETCH 50 IN ""query-cursor_181""",0,0,0,0,0,0,34,0.671488,0.010247,0.050434,0.019749647058823528,0.009616106148731296,1700,0,0,0,0,0,0,0,0,0,0,0,0,0,0,0,0,0,0,0,0,0,0,0,0,0,0,0,0,0,2026-06-19 16:42:28.182085+00,2026-06-19 16:42:28.182085+00
16410,16412,t,5330184193063718577,"SELECT RES_ENT_ID,LIB_FEAT_ID,FTYPE_ID,UTYPE_CODE,SUPPRESSED,OBS_ENT_CNT FROM RES_FEAT_EKEY WHERE RES_ENT_ID IN ($1,$2,$3,$4,$5,$6,$7,$8,$9,$10,$11,$12,$13,$14,$15,$16,$17,$18,$19,$20,$21,$22,$23,$24,$25,$26,$27,$28,$29,$30,$31,$32)",0,0,0,0,0,0,142825,1572363.1036360243,0.26488100000000003,544.748637,11.00901875467197,25.202937101272294,75217382,15872929,134370,0,0,0,0,0,0,0,0,1241436.3794250293,0,0,0,0,0,0,0,0,0,0,0,0,0,0,0,0,0,0,2026-06-19 14:53:08.606547+00,2026-06-19 14:53:08.606547+00
16410,16412,t,7084009050720757063,DELETE FROM RES_FEAT_EKEY WHERE RES_ENT_ID=$1 AND ((LIB_FEAT_ID=$2 AND UTYPE_CODE=$3)OR(LIB_FEAT_ID=$4 AND UTYPE_CODE=$5)OR(LIB_FEAT_ID=$6 AND UTYPE_CODE=$7)OR(LIB_FEAT_ID=$8 AND UTYPE_CODE=$9)OR(LIB_FEAT_ID=$10 AND UTYPE_CODE=$11)),0,0,0,0,0,0,778,1463.9821180000006,0.016949,172.27716700000002,1.8817250874035998,10.780465279094036,1782,17740,9,0,0,0,0,0,0,0,0,174.61676500000002,0,0,0,0,0,0,0,0,0,0,0,0,0,0,0,0,0,0,2026-06-19 15:03:21.121165+00,2026-06-19 15:03:21.121165+00
10,16384,t,5524682671014975944,"FETCH 12 IN ""query-cursor_125""",0,0,0,0,0,0,1,0.004589,0.004589,0.004589,0.004589,0,12,0,0,0,0,0,0,0,0,0,0,0,0,0,0,0,0,0,0,0,0,0,0,0,0,0,0,0,0,0,2026-06-19 14:53:27.688166+00,2026-06-19 14:53:27.688166+00
16410,16412,t,4958528027454943008,"SELECT RES_ENT_ID,LIB_FEAT_ID,FTYPE_ID,UTYPE_CODE,SUPPRESSED,OBS_ENT_CNT FROM RES_FEAT_EKEY WHERE RES_ENT_ID IN ($1) AND FTYPE_ID IN ($2,$3,$4,$5,$6,$7,$8,$9,$10,$11)",0,0,0,0,0,0,71840,61431.35386200032,0.016354,357.275401,0.8551135003062404,8.00208478917806,1057548,392545,2478,0,0,0,0,0,0,0,0,49555.52648300005,0,0,0,0,0,0,0,0,0,0,0,0,0,0,0,0,0,0,2026-06-19 14:52:41.164434+00,2026-06-19 14:52:41.164434+00
10,16384,t,-3329401030792653440,"MOVE -1720 IN ""query-cursor_180""",0,0,0,0,0,0,1,0.109622,0.109622,0.109622,0.109622,0,0,0,0,0,0,0,0,0,0,0,0,0,0,0,0,0,0,0,0,0,0,0,0,0,0,0,0,0,0,0,2026-06-19 16:40:27.910467+00,2026-06-19 16:40:27.910467+00
10,16384,t,6821271399689077564,"FETCH 0 IN ""query-cursor_165""",0,0,0,0,0,0,1,0.009984,0.009984,0.009984,0.009984,0,0,0,0,0,0,0,0,0,0,0,0,0,0,0,0,0,0,0,0,0,0,0,0,0,0,0,0,0,0,0,2026-06-19 16:06:27.75045+00,2026-06-19 16:06:27.75045+00
10,16384,t,4872841233031067991,"MOVE ALL IN ""query-cursor_128""",0,0,0,0,0,0,1,4.2607,4.2607,4.2607,4.2607,0,0,0,0,0,0,0,0,0,0,0,0,0,0,0,0,0,0,0,0,0,0,0,0,0,0,0,0,0,0,0,2026-06-19 14:56:27.676169+00,2026-06-19 14:56:27.676169+00
10,16384,t,-4656591375625839286,"FETCH 50 IN ""query-cursor_3""",0,0,0,0,0,0,1,0.004928,0.004928,0.004928,0.004928,0,50,0,0,0,0,0,0,0,0,0,0,0,0,0,0,0,0,0,0,0,0,0,0,0,0,0,0,0,0,0,2026-06-19 12:51:27.663301+00,2026-06-19 12:51:27.663301+00
16410,16412,t,3322431600635597596,"SELECT LIB_FEAT_ID,UTYPE_CODE,RES_ENT_ID,OBS_ENT_CNT FROM RES_FEAT_EKEY WHERE LIB_FEAT_ID IN ($1,$2,$3,$4,$5,$6,$7,$8,$9,$10,$11,$12,$13,$14,$15,$16) AND RES_ENT_ID!=$17",0,0,0,0,0,0,15732533,107010541.93440782,0.004182999999999999,1205.613155,6.801863497404252,26.637914133681488,55802559,177007667,7237626,0,0,0,0,0,0,0,0,87297132.29916635,0,0,0,0,0,0,0,0,0,0,0,0,0,0,0,0,0,0,2026-06-19 14:52:39.534706+00,2026-06-19 14:52:39.534706+00
10,16384,t,3480297924698934474,"FETCH 50 IN ""query-cursor_95""",0,0,0,0,0,0,14,0.04484500000000001,0.002713,0.005744,0.0032032142857142862,0.0007358644264276082,700,0,0,0,0,0,0,0,0,0,0,0,0,0,0,0,0,0,0,0,0,0,0,0,0,0,0,0,0,0,2026-06-19 14:23:27.67126+00,2026-06-19 14:23:27.67126+00
10,16384,t,-4420415455163579311,"DECLARE ""query-cursor_10"" SCROLL CURSOR FOR select queryid, left(query, $1), calls, (total_plan_time + total_exec_time) as total_time from aurora_stat_statements($2) order by calls desc limit $3 FOR READ ONLY",0,0,0,0,0,0,1,0.063446,0.063446,0.063446,0.063446,0,0,0,0,0,0,0,0,0,0,0,0,0,0,0,0,0,0,0,0,0,0,0,0,0,0,0,0,0,0,0,2026-06-19 12:58:27.6634+00,2026-06-19 12:58:27.6634+00
10,16384,t,-6825181654090352792,"MOVE ALL IN ""query-cursor_246""",0,0,0,0,0,0,1,11.665582,11.665582,11.665582,11.665582,0,0,0,0,0,0,0,0,0,0,0,0,0,0,0,0,0,0,0,0,0,0,0,0,0,0,0,0,0,0,0,2026-06-19 18:51:27.696119+00,2026-06-19 18:51:27.696119+00
10,16384,t,4015349742497289673,"MOVE ALL IN ""query-cursor_35""",0,0,0,0,0,0,1,0.700655,0.700655,0.700655,0.700655,0,0,0,0,0,0,0,0,0,0,0,0,0,0,0,0,0,0,0,0,0,0,0,0,0,0,0,0,0,0,0,2026-06-19 13:23:27.666027+00,2026-06-19 13:23:27.666027+00
10,16384,t,2287538348469970840,"FETCH 50 IN ""query-cursor_209""",0,0,0,0,0,0,38,0.6005199999999999,0.00921,0.046398,0.015803157894736842,0.006706218027936993,1900,0,0,0,0,0,0,0,0,0,0,0,0,0,0,0,0,0,0,0,0,0,0,0,0,0,0,0,0,0,2026-06-19 17:38:27.864217+00,2026-06-19 17:38:27.864217+00
10,16384,t,-2197554860903180471,"select queryid, calls, (total_plan_time + total_exec_time) as total_time, rows, shared_blks_hit, shared_blks_dirtied, shared_blks_read, shared_blks_written, local_blks_hit, local_blks_dirtied, local_blks_read, local_blks_written, temp_blks_read, temp_blks_written, storage_blks_read, orcache_blks_hit, shared_blk_read_time as blk_read_time, shared_blk_write_time as blk_write_time, storage_blk_read_time, local_blk_read_time, orcache_blk_read_time, total_plan_time, total_exec_time from aurora_stat_statements($1) where queryid in ($2, $3, $4, $5, $6, $7, $8, $9, $10, $11, $12, $13, $14, $15, $16, $17, $18, $19, $20, $21, $22, $23, $24, $25, $26, $27, $28, $29, $30, $31, $32, $33, $34, $35, $36, $37, $38, $39, $40, $41, $42, $43, $44, $45, $46, $47, $48, $49, $50, $51, $52, $53, $54, $55, $56, $57, $58, $59, $60, $61, $62, $63, $64, $65, $66, $67)",0,0,0,0,0,0,18,116.551939,2.413189,57.433842999999996,6.475107722222223,12.379398778784426,1206,0,0,0,0,0,0,0,0,0,0,0,0,0,0,0,0,0,0,0,0,0,0,0,0,0,0,0,0,0,2026-06-19 15:02:37.711835+00,2026-06-19 15:02:37.711835+00
10,16384,t,3199548745913316219,"DECLARE ""query-cursor_242"" SCROLL CURSOR FOR select queryid, left(query, $1), calls, (total_plan_time + total_exec_time) as total_time from aurora_stat_statements($2) order by calls desc limit $3 FOR READ ONLY",0,0,0,0,0,0,1,0.084757,0.084757,0.084757,0.084757,0,0,0,0,0,0,0,0,0,0,0,0,0,0,0,0,0,0,0,0,0,0,0,0,0,0,0,0,0,0,0,2026-06-19 18:41:27.694298+00,2026-06-19 18:41:27.694298+00
10,16384,t,6298999686210121249,"FETCH 50 IN ""query-cursor_106""",0,0,0,0,0,0,15,0.047254000000000004,0.002735,0.005817,0.003150266666666667,0.0007398997649832187,750,0,0,0,0,0,0,0,0,0,0,0,0,0,0,0,0,0,0,0,0,0,0,0,0,0,0,0,0,0,2026-06-19 14:34:27.672122+00,2026-06-19 14:34:27.672122+00
10,16384,t,-6179045641491788901,"FETCH 0 IN ""query-cursor_130""",0,0,0,0,0,0,1,0.00396,0.00396,0.00396,0.00396,0,0,0,0,0,0,0,0,0,0,0,0,0,0,0,0,0,0,0,0,0,0,0,0,0,0,0,0,0,0,0,2026-06-19 14:58:27.672199+00,2026-06-19 14:58:27.672199+00
10,16384,t,-5383992748375602090,"FETCH 3 IN ""query-cursor_47""",0,0,0,0,0,0,1,0.001408,0.001408,0.001408,0.001408,0,3,0,0,0,0,0,0,0,0,0,0,0,0,0,0,0,0,0,0,0,0,0,0,0,0,0,0,0,0,0,2026-06-19 13:35:27.668638+00,2026-06-19 13:35:27.668638+00
10,16384,t,8377945773580646703,"MOVE -1459 IN ""query-cursor_144""",0,0,0,0,0,0,1,0.204155,0.204155,0.204155,0.204155,0,0,0,0,0,0,0,0,0,0,0,0,0,0,0,0,0,0,0,0,0,0,0,0,0,0,0,0,0,0,0,2026-06-19 15:24:27.844663+00,2026-06-19 15:24:27.844663+00
10,16384,t,5282260729506550911,"FETCH 45 IN ""query-cursor_161""",0,0,0,0,0,0,1,0.011938,0.011938,0.011938,0.011938,0,45,0,0,0,0,0,0,0,0,0,0,0,0,0,0,0,0,0,0,0,0,0,0,0,0,0,0,0,0,0,2026-06-19 15:58:27.89462+00,2026-06-19 15:58:27.89462+00
16410,16412,t,613990687792054191,"INSERT INTO LIB_FEAT(LIB_FEAT_ID,FTYPE_ID,FEAT_HASH,FEAT_DESC,FELEM_VALUES,ANONYMIZED,VERSION) VALUES ($1,$2,$3,$4,$5,$6,$7),($8,$9,$10,$11,$12,$13,$14),($15,$16,$17,$18,$19,$20,$21),($22,$23,$24,$25,$26,$27,$28),($29,$30,$31,$32,$33,$34,$35),($36,$37,$38,$39,$40,$41,$42),($43,$44,$45,$46,$47,$48,$49),($50,$51,$52,$53,$54,$55,$56) ON CONFLICT(FTYPE_ID,FEAT_HASH,ANONYMIZED) DO UPDATE SET FTYPE_ID=LIB_FEAT.FTYPE_ID,FEAT_HASH=LIB_FEAT.FEAT_HASH,ANONYMIZED=LIB_FEAT.ANONYMIZED RETURNING LIB_FEAT_ID,FTYPE_ID,FEAT_HASH,ANONYMIZED,FEAT_DESC",0,0,0,0,0,0,1318776,17651538.747437697,0.149358,2306.6114789999997,13.384789188943154,37.24979428994871,10550208,164025568,500,0,352927,0,0,0,0,0,0,9828.487067,38470.908961999645,0,0,0,0,0,0,0,0,0,0,0,0,0,0,0,0,0,2026-06-19 14:52:39.538321+00,2026-06-19 14:52:39.538321+00
10,16384,t,-75845539371399966,"MOVE -1668 IN ""query-cursor_172""",0,0,0,0,0,0,1,0.160826,0.160826,0.160826,0.160826,0,0,0,0,0,0,0,0,0,0,0,0,0,0,0,0,0,0,0,0,0,0,0,0,0,0,0,0,0,0,0,2026-06-19 16:20:28.955013+00,2026-06-19 16:20:28.955013+00
10,16384,t,-436945329158786457,"MOVE ALL IN ""query-cursor_61""",0,0,0,0,0,0,1,1.065938,1.065938,1.065938,1.065938,0,0,0,0,0,0,0,0,0,0,0,0,0,0,0,0,0,0,0,0,0,0,0,0,0,0,0,0,0,0,0,2026-06-19 13:49:27.668195+00,2026-06-19 13:49:27.668195+00
16410,16412,t,-7511585686043549873,"SELECT RES_ENT_ID,LIB_FEAT_ID,FTYPE_ID,UTYPE_CODE,SUPPRESSED,OBS_ENT_CNT FROM RES_FEAT_EKEY WHERE RES_ENT_ID IN ($1,$2) AND FTYPE_ID IN ($3,$4,$5,$6,$7,$8,$9,$10,$11,$12,$13,$14,$15,$16,$17)",0,0,0,0,0,0,480150,636958.5431550001,0.026704000000000002,475.560651,1.3265824079037802,9.812775756072815,19167586,5190893,25590,0,0,0,0,0,0,0,0,497620.09947600256,0,0,0,0,0,0,0,0,0,0,0,0,0,0,0,0,0,0,2026-06-19 14:52:40.309296+00,2026-06-19 14:52:40.309296+00
10,16384,t,-3408060145005648333,"MOVE ALL IN ""query-cursor_186""",0,0,0,0,0,0,1,27.474981,27.474981,27.474981,27.474981,0,0,0,0,0,0,0,0,0,0,0,0,0,0,0,0,0,0,0,0,0,0,0,0,0,0,0,0,0,0,0,2026-06-19 16:52:27.714446+00,2026-06-19 16:52:27.714446+00
10,16384,t,-7294766893386632410,"DECLARE ""query-cursor_155"" SCROLL CURSOR FOR select queryid, left(query, $1), calls, (total_plan_time + total_exec_time) as total_time from aurora_stat_statements($2) order by calls desc limit $3 FOR READ ONLY",0,0,0,0,0,0,1,0.101639,0.101639,0.101639,0.101639,0,0,0,0,0,0,0,0,0,0,0,0,0,0,0,0,0,0,0,0,0,0,0,0,0,0,0,0,0,0,0,2026-06-19 15:46:27.73418+00,2026-06-19 15:46:27.73418+00
10,16384,t,4583534835356614174,"MOVE ALL IN ""query-cursor_151""",0,0,0,0,0,0,1,113.990492,113.990492,113.990492,113.990492,0,0,0,0,0,0,0,0,0,0,0,0,0,0,0,0,0,0,0,0,0,0,0,0,0,0,0,0,0,0,0,2026-06-19 15:38:28.505389+00,2026-06-19 15:38:28.505389+00
10,16384,t,-2967196718461964519,"MOVE ALL IN ""query-cursor_122""",0,0,0,0,0,0,1,1.856968,1.856968,1.856968,1.856968,0,0,0,0,0,0,0,0,0,0,0,0,0,0,0,0,0,0,0,0,0,0,0,0,0,0,0,0,0,0,0,2026-06-19 14:50:27.673265+00,2026-06-19 14:50:27.673265+00
10,16384,t,-8201963740658050190,"MOVE -440 IN ""query-cursor_53""",0,0,0,0,0,0,1,0.013434,0.013434,0.013434,0.013434,0,0,0,0,0,0,0,0,0,0,0,0,0,0,0,0,0,0,0,0,0,0,0,0,0,0,0,0,0,0,0,2026-06-19 13:41:27.667529+00,2026-06-19 13:41:27.667529+00
10,16384,t,6439680862366455846,"MOVE -616 IN ""query-cursor_79""",0,0,0,0,0,0,1,0.013511,0.013511,0.013511,0.013511,0,0,0,0,0,0,0,0,0,0,0,0,0,0,0,0,0,0,0,0,0,0,0,0,0,0,0,0,0,0,0,2026-06-19 14:07:27.669805+00,2026-06-19 14:07:27.669805+00
10,16384,t,1361531627324811336,"MOVE ALL IN ""query-cursor_155""",0,0,0,0,0,0,1,122.796356,122.796356,122.796356,122.796356,0,0,0,0,0,0,0,0,0,0,0,0,0,0,0,0,0,0,0,0,0,0,0,0,0,0,0,0,0,0,0,2026-06-19 15:46:27.874485+00,2026-06-19 15:46:27.874485+00
16410,16412,t,-4767114727998009367,"SELECT RES_ENT_ID,LIB_FEAT_ID,FTYPE_ID,UTYPE_CODE,SUPPRESSED,OBS_ENT_CNT FROM RES_FEAT_EKEY WHERE RES_ENT_ID IN ($1,$2,$3,$4) AND FTYPE_ID IN ($5,$6,$7,$8,$9,$10,$11,$12,$13,$14,$15,$16,$17,$18,$19,$20,$21,$22,$23,$24,$25,$26,$27,$28,$29,$30,$31,$32,$33,$34,$35,$36,$37,$38,$39,$40,$41,$42,$43,$44,$45,$46,$47,$48,$49,$50,$51,$52,$53,$54,$55,$56,$57,$58,$59,$60,$61,$62)",0,0,0,0,0,0,5,0.48048700000000005,0.081135,0.10880200000000001,0.09609740000000001,0.011169021024243801,113,79,0,0,0,0,0,0,0,0,0,0,0,0,0,0,0,0,0,0,0,0,0,0,0,0,0,0,0,0,2026-06-19 16:43:50.342679+00,2026-06-19 16:43:50.342679+00
10,16384,t,-5896772600687295397,"FETCH 0 IN ""query-cursor_104""",0,0,0,0,0,0,1,0.003549,0.003549,0.003549,0.003549,0,0,0,0,0,0,0,0,0,0,0,0,0,0,0,0,0,0,0,0,0,0,0,0,0,0,0,0,0,0,0,2026-06-19 14:32:27.670189+00,2026-06-19 14:32:27.670189+00
10,16384,t,-2535007552552831682,"MOVE -1702 IN ""query-cursor_177""",0,0,0,0,0,0,1,0.276851,0.276851,0.276851,0.276851,0,0,0,0,0,0,0,0,0,0,0,0,0,0,0,0,0,0,0,0,0,0,0,0,0,0,0,0,0,0,0,2026-06-19 16:32:27.873004+00,2026-06-19 16:32:27.873004+00
10,16384,t,6637515434462814118,"MOVE -1943 IN ""query-cursor_215""",0,0,0,0,0,0,1,0.240612,0.240612,0.240612,0.240612,0,0,0,0,0,0,0,0,0,0,0,0,0,0,0,0,0,0,0,0,0,0,0,0,0,0,0,0,0,0,0,2026-06-19 17:50:28.650778+00,2026-06-19 17:50:28.650778+00
10,16384,t,-8411792471799419467,"FETCH 28 IN ""query-cursor_166""",0,0,0,0,0,0,1,0.009523,0.009523,0.009523,0.009523,0,28,0,0,0,0,0,0,0,0,0,0,0,0,0,0,0,0,0,0,0,0,0,0,0,0,0,0,0,0,0,2026-06-19 16:08:28.033285+00,2026-06-19 16:08:28.033285+00
10,16384,t,5049341552653515233,"FETCH 0 IN ""query-cursor_238""",0,0,0,0,0,0,1,0.006746,0.006746,0.006746,0.006746,0,0,0,0,0,0,0,0,0,0,0,0,0,0,0,0,0,0,0,0,0,0,0,0,0,0,0,0,0,0,0,2026-06-19 18:33:27.681722+00,2026-06-19 18:33:27.681722+00
10,16384,t,-6662173152785897682,"FETCH 50 IN ""query-cursor_79""",0,0,0,0,0,0,12,0.037816,0.002691,0.005434,0.0031513333333333337,0.000721632100788822,600,0,0,0,0,0,0,0,0,0,0,0,0,0,0,0,0,0,0,0,0,0,0,0,0,0,0,0,0,0,2026-06-19 14:07:27.669841+00,2026-06-19 14:07:27.669841+00
10,16384,t,4446024370956673656,"FETCH 50 IN ""query-cursor_2""",0,0,0,0,0,0,1,0.005214,0.005214,0.005214,0.005214,0,50,0,0,0,0,0,0,0,0,0,0,0,0,0,0,0,0,0,0,0,0,0,0,0,0,0,0,0,0,0,2026-06-19 12:50:27.663159+00,2026-06-19 12:50:27.663159+00
10,16384,t,-6414213960783439278,select row_to_json(aurora_startup_time_stats) from aurora_startup_time_stats(),0,0,0,0,0,0,1,0.054718,0.054718,0.054718,0.054718,0,1,0,0,0,0,0,0,0,0,0,0,0,0,0,0,0,0,0,0,0,0,0,0,0,0,0,0,0,0,0,2026-06-19 12:48:00.355774+00,2026-06-19 12:48:00.355774+00
16410,16412,t,4171423560650417100,"SELECT RES_REL_ID,MIN_RES_ENT_ID,MAX_RES_ENT_ID,IS_DISCLOSED,IS_AMBIGUOUS,LAST_ERRULE_ID,MATCH_LEVELS,MATCH_KEY,MATCH_KEY_DETAILS FROM RES_RELATE WHERE RES_REL_ID IN ($1,$2,$3,$4,$5,$6,$7,$8,$9,$10,$11,$12,$13,$14,$15,$16,$17,$18,$19,$20,$21,$22,$23,$24,$25,$26,$27,$28,$29,$30,$31,$32)",0,0,0,0,0,0,56432,493307.6986260068,0.041511000000000006,551.1538830000001,8.741630610752885,30.22747723942398,1197159,2623990,80976,0,0,0,0,0,0,0,0,441071.86303200107,0,0,0,0,0,0,0,0,0,0,0,0,0,0,0,0,0,0,2026-06-19 14:53:14.173104+00,2026-06-19 14:53:14.173104+00
10,16384,t,4998276464794900197,"MOVE ALL IN ""query-cursor_47""",0,0,0,0,0,0,1,0.849295,0.849295,0.849295,0.849295,0,0,0,0,0,0,0,0,0,0,0,0,0,0,0,0,0,0,0,0,0,0,0,0,0,0,0,0,0,0,0,2026-06-19 13:35:27.666994+00,2026-06-19 13:35:27.666994+00
10,16384,t,5720702375350158147,"FETCH 50 IN ""query-cursor_173""",0,0,0,0,0,0,33,0.5272140000000001,0.010477,0.028927,0.01597618181818182,0.0052991182540091004,1650,0,0,0,0,0,0,0,0,0,0,0,0,0,0,0,0,0,0,0,0,0,0,0,0,0,0,0,0,0,2026-06-19 16:24:28.01357+00,2026-06-19 16:24:28.01357+00
10,16384,t,5019432923145941471,"FETCH 0 IN ""query-cursor_39""",0,0,0,0,0,0,1,0.00362,0.00362,0.00362,0.00362,0,0,0,0,0,0,0,0,0,0,0,0,0,0,0,0,0,0,0,0,0,0,0,0,0,0,0,0,0,0,0,2026-06-19 13:27:27.665507+00,2026-06-19 13:27:27.665507+00
10,16384,t,1247452590906207207,"MOVE ALL IN ""query-cursor_240""",0,0,0,0,0,0,1,17.924975,17.924975,17.924975,17.924975,0,0,0,0,0,0,0,0,0,0,0,0,0,0,0,0,0,0,0,0,0,0,0,0,0,0,0,0,0,0,0,2026-06-19 18:37:27.724428+00,2026-06-19 18:37:27.724428+00
16410,16412,t,-8735306314388125537,"SELECT RES_ENT_ID,ENT_STATE,LOCKING_ID FROM RES_ENT WHERE RES_ENT_ID IN ($1,$2,$3,$4,$5,$6,$7,$8,$9,$10,$11,$12,$13,$14,$15,$16)",0,0,0,0,0,0,2408989,1582462.9046400012,0.032264,235.98982900000001,0.6568991824537187,3.153001859673926,25941809,104124328,28,0,0,0,0,0,0,0,0,123.68380899999998,0,0,0,0,0,0,0,0,0,0,0,0,0,0,0,0,0,0,2026-06-19 14:52:42.894214+00,2026-06-19 14:52:42.894214+00
16410,16412,t,1494777381154811551,"SELECT RES_ENT_ID,ENT_STATE,LOCKING_ID FROM RES_ENT WHERE RES_ENT_ID IN ($1,$2,$3,$4)",0,0,0,0,0,0,7153845,1659516.5165629499,0.010799,385.247599,0.23197546446183134,1.614721202563907,24626497,98725214,9,0,0,0,0,0,0,0,0,182.08996199999999,0,0,0,0,0,0,0,0,0,0,0,0,0,0,0,0,0,0,2026-06-19 14:52:40.475785+00,2026-06-19 14:52:40.475785+00
10,16384,t,4434812661420731019,"DECLARE ""query-cursor_239"" SCROLL CURSOR FOR select queryid, left(query, $1), calls, (total_plan_time + total_exec_time) as total_time from aurora_stat_statements($2) order by calls desc limit $3 FOR READ ONLY",0,0,0,0,0,0,1,0.101552,0.101552,0.101552,0.101552,0,0,0,0,0,0,0,0,0,0,0,0,0,0,0,0,0,0,0,0,0,0,0,0,0,0,0,0,0,0,0,2026-06-19 18:35:27.687135+00,2026-06-19 18:35:27.687135+00
10,16384,t,7523181125270757729,"FETCH 47 IN ""query-cursor_224""",0,0,0,0,0,0,1,0.012861,0.012861,0.012861,0.012861,0,47,0,0,0,0,0,0,0,0,0,0,0,0,0,0,0,0,0,0,0,0,0,0,0,0,0,0,0,0,0,2026-06-19 18:08:27.78438+00,2026-06-19 18:08:27.78438+00
16410,16412,t,-9220974224130986890,"INSERT INTO RES_REL_EKEY(RES_REL_ID,RES_ENT_ID,REL_ENT_ID) VALUES ($1,$2,$3),($4,$5,$6),($7,$8,$9),($10,$11,$12),($13,$14,$15),($16,$17,$18) ON CONFLICT DO NOTHING",0,0,0,0,0,0,1431646,6162279.2630438,0.068016,709.951192,4.304331701442815,13.738316928848944,8589844,79285924,13969,0,83176,0,0,0,0,0,0,419734.54635399906,13896.297959000078,0,0,0,0,0,0,0,0,0,0,0,0,0,0,0,0,0,2026-06-19 14:52:41.207421+00,2026-06-19 14:52:41.207421+00
10,16384,t,-2996319875308670898,"MOVE ALL IN ""query-cursor_64""",0,0,0,0,0,0,1,1.008353,1.008353,1.008353,1.008353,0,0,0,0,0,0,0,0,0,0,0,0,0,0,0,0,0,0,0,0,0,0,0,0,0,0,0,0,0,0,0,2026-06-19 13:52:27.668336+00,2026-06-19 13:52:27.668336+00
10,16384,t,-7594140995140378278,"FETCH 38 IN ""query-cursor_36""",0,0,0,0,0,0,1,0.002628,0.002628,0.002628,0.002628,0,38,0,0,0,0,0,0,0,0,0,0,0,0,0,0,0,0,0,0,0,0,0,0,0,0,0,0,0,0,0,2026-06-19 13:24:27.667297+00,2026-06-19 13:24:27.667297+00
10,16384,t,3945591324351174384,SET pg_stat_statements.track=$1,0,0,0,0,0,0,4,0.023935,0.004635,0.006609,0.00598375,0.0007955034176545065,0,0,0,0,0,0,0,0,0,0,0,0,0,0,0,0,0,0,0,0,0,0,0,0,0,0,0,0,0,0,2026-06-19 12:48:00.336798+00,2026-06-19 12:48:00.336798+00
10,16384,t,155806566926691450,"MOVE ALL IN ""query-cursor_62""",0,0,0,0,0,0,1,1.044996,1.044996,1.044996,1.044996,0,0,0,0,0,0,0,0,0,0,0,0,0,0,0,0,0,0,0,0,0,0,0,0,0,0,0,0,0,0,0,2026-06-19 13:50:27.668245+00,2026-06-19 13:50:27.668245+00
10,16384,t,6392042259353340535,"MOVE ALL IN ""query-cursor_10""",0,0,0,0,0,0,1,0.387006,0.387006,0.387006,0.387006,0,0,0,0,0,0,0,0,0,0,0,0,0,0,0,0,0,0,0,0,0,0,0,0,0,0,0,0,0,0,0,2026-06-19 12:58:27.663869+00,2026-06-19 12:58:27.663869+00
10,16384,t,8294518625341205277,"FETCH 0 IN ""query-cursor_211""",0,0,0,0,0,0,1,0.008522,0.008522,0.008522,0.008522,0,0,0,0,0,0,0,0,0,0,0,0,0,0,0,0,0,0,0,0,0,0,0,0,0,0,0,0,0,0,0,2026-06-19 17:42:27.730211+00,2026-06-19 17:42:27.730211+00
10,16384,t,-5304425592078712455,"MOVE ALL IN ""query-cursor_68""",0,0,0,0,0,0,1,1.155444,1.155444,1.155444,1.155444,0,0,0,0,0,0,0,0,0,0,0,0,0,0,0,0,0,0,0,0,0,0,0,0,0,0,0,0,0,0,0,2026-06-19 13:56:27.668752+00,2026-06-19 13:56:27.668752+00
16410,16412,t,-8294753791798228815,"UPDATE RES_FEAT_STAT AS T SET FTYPE_ID=C.FTYPE_ID,NUM_RES_ENT=C.NUM_RES_ENT_NEW,NUM_RES_ENT_OOM=C.NUM_RES_ENT_OOM_NEW FROM (VALUES (CAST ($1 AS BIGINT),CAST ($2 AS INT),CAST ($3 AS BIGINT),CAST ($4 AS BIGINT),CAST ($5 AS BIGINT),CAST ($6 AS BIGINT)),(CAST ($7 AS BIGINT),CAST ($8 AS INT),CAST ($9 AS BIGINT),CAST ($10 AS BIGINT),CAST ($11 AS BIGINT),CAST ($12 AS BIGINT))) AS C(LIB_FEAT_ID,FTYPE_ID,NUM_RES_ENT_OLD,NUM_RES_ENT_OOM_OLD,NUM_RES_ENT_NEW,NUM_RES_ENT_OOM_NEW) WHERE C.LIB_FEAT_ID=T.LIB_FEAT_ID AND C.NUM_RES_ENT_OLD=T.NUM_RES_ENT AND C.NUM_RES_ENT_OOM_OLD=T.NUM_RES_ENT_OOM",0,0,0,0,0,0,6062616,12231071.616915168,0.016343,1886.7709340000001,2.0174577471037534,15.061833017955527,12110680,101426476,7992,0,101791,0,0,0,0,0,0,45913.05212800003,3056.661438999999,0,0,0,0,0,0,0,0,0,0,0,0,0,0,0,0,0,2026-06-19 14:52:39.954395+00,2026-06-19 14:52:39.954395+00
16410,16412,t,-45630913880517210,CREATE UNIQUE INDEX OBS_ENT_SK ON OBS_ENT(OBS_ENT_ID),0,0,0,0,0,0,1,1.993466,1.993466,1.993466,1.993466,0,0,87,0,0,0,0,0,0,0,0,0,0,0,0,0,0,0,0,0,0,0,0,0,0,0,0,0,0,0,0,2026-06-19 12:52:04.139461+00,2026-06-19 12:52:04.139461+00
16410,16412,t,8237086915824623385,"SELECT RES_ENT_ID,LIB_FEAT_ID,FTYPE_ID,UTYPE_CODE,SUPPRESSED,OBS_ENT_CNT FROM RES_FEAT_EKEY WHERE RES_ENT_ID IN ($1,$2,$3,$4,$5,$6,$7,$8,$9,$10,$11,$12,$13,$14,$15,$16) AND FTYPE_ID IN ($17,$18,$19,$20,$21,$22,$23,$24,$25)",0,0,0,0,0,0,1955,17193.126051000007,0.131604,397.085247,8.794437877749363,26.84391212676928,281789,114407,754,0,0,0,0,0,0,0,0,13777.22256099999,0,0,0,0,0,0,0,0,0,0,0,0,0,0,0,0,0,0,2026-06-19 14:53:55.694055+00,2026-06-19 14:53:55.694055+00
16410,16412,t,-452153637549376839,"SELECT LIB_FEAT_ID,UTYPE_CODE,RES_ENT_ID,OBS_ENT_CNT FROM RES_FEAT_EKEY WHERE LIB_FEAT_ID IN ($1,$2,$3,$4,$5,$6,$7,$8,$9,$10,$11,$12,$13,$14,$15,$16,$17,$18,$19,$20,$21,$22,$23,$24,$25,$26,$27,$28,$29,$30,$31,$32,$33,$34,$35,$36,$37,$38,$39,$40,$41,$42,$43,$44,$45,$46,$47,$48,$49,$50,$51,$52,$53,$54,$55,$56,$57,$58,$59,$60,$61,$62,$63,$64) AND RES_ENT_ID!=$65",0,0,0,0,0,0,2239761,23481427.905707162,0.00556,1041.734577,10.483898909619,30.0791213248256,21472513,74386046,2491337,0,0,0,0,0,0,0,0,19872134.694188863,0,0,0,0,0,0,0,0,0,0,0,0,0,0,0,0,0,0,2026-06-19 14:52:39.543083+00,2026-06-19 14:52:39.543083+00
10,16384,t,-7892333409120082149,"FETCH 50 IN ""query-cursor_186""",0,0,0,0,0,0,35,0.7376999999999999,0.009139,0.058938,0.021077142857142853,0.012079523363687722,1750,0,0,0,0,0,0,0,0,0,0,0,0,0,0,0,0,0,0,0,0,0,0,0,0,0,0,0,0,0,2026-06-19 16:52:27.719414+00,2026-06-19 16:52:27.719414+00
10,16384,t,2170053540447140598,"DECLARE ""query-cursor_3"" SCROLL CURSOR FOR select queryid, left(query, $1), calls, (total_plan_time + total_exec_time) as total_time from aurora_stat_statements($2) order by calls desc limit $3 FOR READ ONLY",0,0,0,0,0,0,1,0.062516,0.062516,0.062516,0.062516,0,0,0,0,0,0,0,0,0,0,0,0,0,0,0,0,0,0,0,0,0,0,0,0,0,0,0,0,0,0,0,2026-06-19 12:51:27.662897+00,2026-06-19 12:51:27.662897+00
10,16384,t,8987278829033277057,"MOVE ALL IN ""query-cursor_38""",0,0,0,0,0,0,1,0.7587,0.7587,0.7587,0.7587,0,0,0,0,0,0,0,0,0,0,0,0,0,0,0,0,0,0,0,0,0,0,0,0,0,0,0,0,0,0,0,2026-06-19 13:26:27.666252+00,2026-06-19 13:26:27.666252+00
10,16384,t,-8171729876202912823,"DECLARE ""query-cursor_82"" SCROLL CURSOR FOR select queryid, left(query, $1), calls, (total_plan_time + total_exec_time) as total_time from aurora_stat_statements($2) order by calls desc limit $3 FOR READ ONLY",0,0,0,0,0,0,1,0.064127,0.064127,0.064127,0.064127,0,0,0,0,0,0,0,0,0,0,0,0,0,0,0,0,0,0,0,0,0,0,0,0,0,0,0,0,0,0,0,2026-06-19 14:10:27.668522+00,2026-06-19 14:10:27.668522+00
10,16384,t,539120823991002422,"FETCH 0 IN ""query-cursor_13""",0,0,0,0,0,0,1,0.004221,0.004221,0.004221,0.004221,0,0,0,0,0,0,0,0,0,0,0,0,0,0,0,0,0,0,0,0,0,0,0,0,0,0,0,0,0,0,0,2026-06-19 13:01:27.663686+00,2026-06-19 13:01:27.663686+00
10,16384,t,7888720419418794018,"FETCH 25 IN ""query-cursor_204""",0,0,0,0,0,0,1,0.008487,0.008487,0.008487,0.008487,0,25,0,0,0,0,0,0,0,0,0,0,0,0,0,0,0,0,0,0,0,0,0,0,0,0,0,0,0,0,0,2026-06-19 17:28:27.728133+00,2026-06-19 17:28:27.728133+00
10,16384,t,-4712021654589719638,"FETCH 3 IN ""query-cursor_185""",0,0,0,0,0,0,1,0.00351,0.00351,0.00351,0.00351,0,3,0,0,0,0,0,0,0,0,0,0,0,0,0,0,0,0,0,0,0,0,0,0,0,0,0,0,0,0,0,2026-06-19 16:50:27.895098+00,2026-06-19 16:50:27.895098+00
10,16384,t,7702915762711056245,"FETCH 48 IN ""query-cursor_149""",0,0,0,0,0,0,1,0.013733,0.013733,0.013733,0.013733,0,48,0,0,0,0,0,0,0,0,0,0,0,0,0,0,0,0,0,0,0,0,0,0,0,0,0,0,0,0,0,2026-06-19 15:34:27.800353+00,2026-06-19 15:34:27.800353+00
10,16384,t,-3551067098116850025,"MOVE ALL IN ""query-cursor_24""",0,0,0,0,0,0,1,0.546755,0.546755,0.546755,0.546755,0,0,0,0,0,0,0,0,0,0,0,0,0,0,0,0,0,0,0,0,0,0,0,0,0,0,0,0,0,0,0,2026-06-19 13:12:27.665063+00,2026-06-19 13:12:27.665063+00
10,16384,t,4188846255336720841,"FETCH 50 IN ""query-cursor_193""",0,0,0,0,0,0,36,0.5809839999999998,0.008834,0.02883,0.01613844444444444,0.005014161719262112,1800,0,0,0,0,0,0,0,0,0,0,0,0,0,0,0,0,0,0,0,0,0,0,0,0,0,0,0,0,0,2026-06-19 17:06:27.897349+00,2026-06-19 17:06:27.897349+00
10,16384,t,-1546639698008256299,"FETCH 50 IN ""query-cursor_161""",0,0,0,0,0,0,31,0.530204,0.009264,0.030772,0.01710335483870968,0.006505534733164683,1550,0,0,0,0,0,0,0,0,0,0,0,0,0,0,0,0,0,0,0,0,0,0,0,0,0,0,0,0,0,2026-06-19 15:58:27.866529+00,2026-06-19 15:58:27.866529+00
10,16384,t,-1982078181218991043,"FETCH 50 IN ""query-cursor_162""",0,0,0,0,0,0,32,0.480106,0.008173,0.027882,0.0150033125,0.005101443591263533,1600,0,0,0,0,0,0,0,0,0,0,0,0,0,0,0,0,0,0,0,0,0,0,0,0,0,0,0,0,0,2026-06-19 16:00:27.846818+00,2026-06-19 16:00:27.846818+00
16410,16412,t,-3502453116086143639,"INSERT INTO RES_FEAT_EKEY(RES_ENT_ID,LIB_FEAT_ID,FTYPE_ID,UTYPE_CODE,SUPPRESSED,OBS_ENT_CNT) VALUES ($1,$2,$3,$4,$5,$6),($7,$8,$9,$10,$11,$12),($13,$14,$15,$16,$17,$18),($19,$20,$21,$22,$23,$24),($25,$26,$27,$28,$29,$30),($31,$32,$33,$34,$35,$36) ON CONFLICT DO NOTHING",0,0,0,0,0,0,2074947,15527824.087205596,0.040015999999999996,1517.964264,7.483479861030473,21.23891187008859,12446810,172287573,12300,0,164628,0,0,0,0,0,0,269678.88872999995,21161.751819000085,0,0,0,0,0,0,0,0,0,0,0,0,0,0,0,0,0,2026-06-19 14:52:39.542632+00,2026-06-19 14:52:39.542632+00
10,16384,t,-3002656306685956495,"FETCH 19 IN ""query-cursor_180""",0,0,0,0,0,0,1,0.00826,0.00826,0.00826,0.00826,0,19,0,0,0,0,0,0,0,0,0,0,0,0,0,0,0,0,0,0,0,0,0,0,0,0,0,0,0,0,0,2026-06-19 16:40:27.935757+00,2026-06-19 16:40:27.935757+00
10,16384,t,6868174677150212288,"FETCH 17 IN ""query-cursor_172""",0,0,0,0,0,0,1,0.007535,0.007535,0.007535,0.007535,0,17,0,0,0,0,0,0,0,0,0,0,0,0,0,0,0,0,0,0,0,0,0,0,0,0,0,0,0,0,0,2026-06-19 16:20:28.989103+00,2026-06-19 16:20:28.989103+00
16410,16412,t,1609344817803484276,"UPDATE RES_FEAT_EKEY AS T SET SUPPRESSED=C.SUPPRESSED,OBS_ENT_CNT=C.OBS_ENT_CNT FROM (VALUES (CAST ($1 AS BIGINT),CAST ($2 AS BIGINT),$3,$4,CAST ($5 AS BIGINT)),(CAST ($6 AS BIGINT),CAST ($7 AS BIGINT),$8,$9,CAST ($10 AS BIGINT))) AS C(RES_ENT_ID,LIB_FEAT_ID,UTYPE_CODE,SUPPRESSED,OBS_ENT_CNT) WHERE C.RES_ENT_ID=T.RES_ENT_ID AND C.LIB_FEAT_ID=T.LIB_FEAT_ID AND C.UTYPE_CODE=T.UTYPE_CODE",0,0,0,0,0,0,200152,828714.4139159927,0.034567,1212.6460530000002,4.140425346316762,15.197285989674931,400304,5542650,7709,0,2315,0,0,0,0,0,0,190121.8072519998,82.55866099999997,0,0,0,0,0,0,0,0,0,0,0,0,0,0,0,0,0,2026-06-19 14:52:57.844363+00,2026-06-19 14:52:57.844363+00
10,16384,t,8883414122875994972,"FETCH 0 IN ""query-cursor_117""",0,0,0,0,0,0,1,0.003824,0.003824,0.003824,0.003824,0,0,0,0,0,0,0,0,0,0,0,0,0,0,0,0,0,0,0,0,0,0,0,0,0,0,0,0,0,0,0,2026-06-19 14:45:27.671054+00,2026-06-19 14:45:27.671054+00
16410,16412,t,-6332578300876008408,"SELECT RES_ENT_ID,LIB_FEAT_ID,FTYPE_ID,UTYPE_CODE,SUPPRESSED,OBS_ENT_CNT FROM RES_FEAT_EKEY WHERE RES_ENT_ID IN ($1,$2) AND FTYPE_ID IN ($3,$4,$5,$6,$7,$8,$9,$10,$11,$12,$13,$14,$15,$16,$17,$18,$19,$20,$21,$22,$23,$24,$25,$26,$27,$28,$29,$30,$31,$32,$33,$34,$35,$36,$37,$38,$39,$40,$41,$42,$43,$44,$45,$46,$47,$48,$49,$50,$51,$52,$53,$54,$55,$56,$57,$58)",0,0,0,0,0,0,1782,422.03950700000075,0.035356,39.381834999999995,0.23683474017957393,2.1539048864834474,21557,19266,0,0,0,0,0,0,0,0,0,0,0,0,0,0,0,0,0,0,0,0,0,0,0,0,0,0,0,0,2026-06-19 15:01:44.890588+00,2026-06-19 15:01:44.890588+00
10,16384,t,-5538074784282496908,"DECLARE ""query-cursor_30"" SCROLL CURSOR FOR select queryid, left(query, $1), calls, (total_plan_time + total_exec_time) as total_time from aurora_stat_statements($2) order by calls desc limit $3 FOR READ ONLY",0,0,0,0,0,0,1,0.06968,0.06968,0.06968,0.06968,0,0,0,0,0,0,0,0,0,0,0,0,0,0,0,0,0,0,0,0,0,0,0,0,0,0,0,0,0,0,0,2026-06-19 13:18:27.664854+00,2026-06-19 13:18:27.664854+00
10,16384,t,-1633225472164160872,"FETCH 0 IN ""query-cursor_193""",0,0,0,0,0,0,1,0.00562,0.00562,0.00562,0.00562,0,0,0,0,0,0,0,0,0,0,0,0,0,0,0,0,0,0,0,0,0,0,0,0,0,0,0,0,0,0,0,2026-06-19 17:06:27.874533+00,2026-06-19 17:06:27.874533+00
10,16384,t,8362495037089553871,"MOVE -404 IN ""query-cursor_47""",0,0,0,0,0,0,1,0.009641,0.009641,0.009641,0.009641,0,0,0,0,0,0,0,0,0,0,0,0,0,0,0,0,0,0,0,0,0,0,0,0,0,0,0,0,0,0,0,2026-06-19 13:35:27.667052+00,2026-06-19 13:35:27.667052+00
10,16384,t,-5792513239814841351,"MOVE ALL IN ""query-cursor_80""",0,0,0,0,0,0,1,1.123534,1.123534,1.123534,1.123534,0,0,0,0,0,0,0,0,0,0,0,0,0,0,0,0,0,0,0,0,0,0,0,0,0,0,0,0,0,0,0,2026-06-19 14:08:27.669572+00,2026-06-19 14:08:27.669572+00
10,16384,t,5017909994791795549,"FETCH 50 IN ""query-cursor_75""",0,0,0,0,0,0,11,0.036902000000000004,0.002847,0.005793,0.003354727272727273,0.000801451194102876,550,0,0,0,0,0,0,0,0,0,0,0,0,0,0,0,0,0,0,0,0,0,0,0,0,0,0,0,0,0,2026-06-19 14:03:27.669608+00,2026-06-19 14:03:27.669608+00
16410,16412,t,-9109224801956861979,"UPDATE RES_RELATE AS T SET IS_DISCLOSED=C.IS_DISCLOSED,IS_AMBIGUOUS=C.IS_AMBIGUOUS,LAST_ERRULE_ID=C.LAST_ERRULE_ID,MATCH_KEY=C.MATCH_KEY,MATCH_KEY_DETAILS=C.MATCH_KEY_DETAILS,MATCH_LEVELS=C.MATCH_LEVELS FROM (VALUES (CAST ($1 AS BIGINT),CAST ($2 AS BIGINT),CAST ($3 AS BIGINT),CAST ($4 AS BIGINT),$5,$6,$7),(CAST ($8 AS BIGINT),CAST ($9 AS BIGINT),CAST ($10 AS BIGINT),CAST ($11 AS BIGINT),$12,$13,$14),(CAST ($15 AS BIGINT),CAST ($16 AS BIGINT),CAST ($17 AS BIGINT),CAST ($18 AS BIGINT),$19,$20,$21),(CAST ($22 AS BIGINT),CAST ($23 AS BIGINT),CAST ($24 AS BIGINT),CAST ($25 AS BIGINT),$26,$27,$28),(CAST ($29 AS BIGINT),CAST ($30 AS BIGINT),CAST ($31 AS BIGINT),CAST ($32 AS BIGINT),$33,$34,$35)) AS C(RES_REL_ID,IS_DISCLOSED,IS_AMBIGUOUS,LAST_ERRULE_ID,MATCH_KEY,MATCH_KEY_DETAILS,MATCH_LEVELS) WHERE C.RES_REL_ID=T.RES_REL_ID",0,0,0,0,0,0,67763,331925.08335700404,0.044997999999999996,617.607948,4.898323323303337,21.126187306432833,338795,3259915,11047,0,5510,0,0,0,0,0,0,118816.31014700033,281.24007,0,0,0,0,0,0,0,0,0,0,0,0,0,0,0,0,0,2026-06-19 14:53:04.698223+00,2026-06-19 14:53:04.698223+00
16410,16412,t,290935339640536745,"SELECT RES_ENT_ID,LIB_FEAT_ID,FTYPE_ID,UTYPE_CODE,SUPPRESSED,OBS_ENT_CNT FROM RES_FEAT_EKEY WHERE RES_ENT_ID IN ($1,$2,$3,$4,$5,$6,$7,$8,$9,$10,$11,$12,$13,$14,$15,$16,$17,$18,$19,$20,$21,$22,$23,$24,$25,$26,$27,$28,$29,$30,$31,$32) AND FTYPE_ID IN ($33,$34,$35,$36,$37,$38,$39,$40,$41,$42,$43,$44,$45,$46,$47,$48,$49,$50,$51,$52)",0,0,0,0,0,0,3156,59375.69040199997,0.300458,467.37872699999997,18.813590114702144,38.53894299061093,1538658,333064,2911,0,0,0,0,0,0,0,0,49016.00406700004,0,0,0,0,0,0,0,0,0,0,0,0,0,0,0,0,0,0,2026-06-19 14:53:28.992297+00,2026-06-19 14:53:28.992297+00
10,16384,t,8632073413179755587,"FETCH 50 IN ""query-cursor_25""",0,0,0,0,0,0,5,0.019136,0.003102,0.005861,0.0038272000000000002,0.0010602247686222013,250,0,0,0,0,0,0,0,0,0,0,0,0,0,0,0,0,0,0,0,0,0,0,0,0,0,0,0,0,0,2026-06-19 13:13:27.66524+00,2026-06-19 13:13:27.66524+00
16410,16412,t,-5352882777084235529,"SELECT RES_ENT_ID,LIB_FEAT_ID,FTYPE_ID,UTYPE_CODE,SUPPRESSED,OBS_ENT_CNT FROM RES_FEAT_EKEY WHERE RES_ENT_ID IN ($1,$2,$3,$4,$5,$6,$7,$8,$9,$10,$11,$12,$13,$14,$15,$16) AND FTYPE_ID IN ($17,$18,$19,$20,$21,$22,$23)",0,0,0,0,0,0,156,688.6179170000001,0.133827,209.176802,4.414217416666667,18.71289091971874,14274,8342,33,0,0,0,0,0,0,0,0,544.4894439999999,0,0,0,0,0,0,0,0,0,0,0,0,0,0,0,0,0,0,2026-06-19 14:53:48.676664+00,2026-06-19 14:53:48.676664+00
16410,16412,t,1011738664838557783,"CREATE TABLE SYS_CFG (CONFIG_DATA_ID BIGINT NOT NULL, CONFIG_DATA TEXT NOT NULL, CONFIG_COMMENTS VARCHAR(200) NOT NULL, SYS_CREATE_DT TIMESTAMP NOT NULL, PRIMARY KEY(CONFIG_DATA_ID))",0,0,0,0,0,0,1,4.710723,4.710723,4.710723,4.710723,0,0,362,0,0,1,0,0,0,0,0,0,0,0.002459,0,0,0,0,0,0,0,0,0,0,0,0,0,0,0,0,0,2026-06-19 12:52:04.200287+00,2026-06-19 12:52:04.200287+00
16410,16412,t,-8120064245532469006,"INSERT INTO RES_FEAT_STAT(LIB_FEAT_ID,FTYPE_ID,NUM_RES_ENT,NUM_RES_ENT_OOM) VALUES ($1,$2,$3,$4),($5,$6,$7,$8),($9,$10,$11,$12),($13,$14,$15,$16),($17,$18,$19,$20),($21,$22,$23,$24),($25,$26,$27,$28) ON CONFLICT DO NOTHING",0,0,0,0,0,0,414047,4067017.389147908,0.067408,2832.739743,9.822598374454852,41.161750229751306,2898315,29074018,3262,0,38582,0,0,0,0,0,0,26694.899358000028,3736.520049000021,0,0,0,0,0,0,0,0,0,0,0,0,0,0,0,0,0,2026-06-19 14:52:39.540505+00,2026-06-19 14:52:39.540505+00
10,16384,t,-8471224402027035548,"FETCH 10 IN ""query-cursor_23""",0,0,0,0,0,0,1,0.001643,0.001643,0.001643,0.001643,0,10,0,0,0,0,0,0,0,0,0,0,0,0,0,0,0,0,0,0,0,0,0,0,0,0,0,0,0,0,0,2026-06-19 13:11:27.666+00,2026-06-19 13:11:27.666+00
10,16384,t,5032465824973175111,"FETCH 0 IN ""query-cursor_48""",0,0,0,0,0,0,1,0.003969,0.003969,0.003969,0.003969,0,0,0,0,0,0,0,0,0,0,0,0,0,0,0,0,0,0,0,0,0,0,0,0,0,0,0,0,0,0,0,2026-06-19 13:36:27.666134+00,2026-06-19 13:36:27.666134+00
16410,16412,t,-9201048509704356765,"SELECT RES_ENT_ID,LIB_FEAT_ID,FTYPE_ID,UTYPE_CODE,SUPPRESSED,OBS_ENT_CNT FROM RES_FEAT_EKEY WHERE RES_ENT_ID IN ($1) AND FTYPE_ID IN ($2,$3,$4,$5,$6,$7,$8,$9,$10,$11,$12,$13,$14,$15,$16,$17,$18,$19,$20,$21,$22,$23,$24,$25,$26,$27,$28,$29,$30,$31,$32,$33,$34,$35,$36,$37,$38,$39,$40,$41,$42,$43,$44,$45,$46,$47,$48,$49,$50,$51,$52)",0,0,0,0,0,0,60535,5186.431977000019,0.00558,61.965137000000006,0.08567658341455388,1.2282608567669364,0,298789,0,0,0,0,0,0,0,0,0,0,0,0,0,0,0,0,0,0,0,0,0,0,0,0,0,0,0,0,2026-06-19 14:53:41.049085+00,2026-06-19 14:53:41.049085+00
16410,16412,t,1644403870509320867,DELETE FROM RES_FEAT_EKEY WHERE RES_ENT_ID=$1 AND ((LIB_FEAT_ID=$2 AND UTYPE_CODE=$3)OR(LIB_FEAT_ID=$4 AND UTYPE_CODE=$5)OR(LIB_FEAT_ID=$6 AND UTYPE_CODE=$7)OR(LIB_FEAT_ID=$8 AND UTYPE_CODE=$9)OR(LIB_FEAT_ID=$10 AND UTYPE_CODE=$11)OR(LIB_FEAT_ID=$12 AND UTYPE_CODE=$13)OR(LIB_FEAT_ID=$14 AND UTYPE_CODE=$15)OR(LIB_FEAT_ID=$16 AND UTYPE_CODE=$17)OR(LIB_FEAT_ID=$18 AND UTYPE_CODE=$19)OR(LIB_FEAT_ID=$20 AND UTYPE_CODE=$21)),0,0,0,0,0,0,2297,22843.807453000034,0.024868,379.54465799999997,9.945062016978683,28.464904419653323,20489,114575,371,0,0,0,0,0,0,0,0,12378.688890000012,0,0,0,0,0,0,0,0,0,0,0,0,0,0,0,0,0,0,2026-06-19 14:53:39.420968+00,2026-06-19 14:53:39.420968+00
10,16384,t,5294817866662472904,"SELECT min(replica_lag_in_msec), max(replica_lag_in_msec) FROM aurora_replica_status() WHERE replica_lag_in_msec IS NOT NULL",0,0,0,0,0,0,376,5.689826999999998,0.009014000000000001,0.041659999999999996,0.015132518617021272,0.0046339730041126586,376,0,0,0,0,0,0,0,0,0,0,0,0,0,0,0,0,0,0,0,0,0,0,0,0,0,0,0,0,0,2026-06-19 12:48:52.366304+00,2026-06-19 12:48:52.366304+00
10,16384,t,-8883054155788225059,"DECLARE ""query-cursor_233"" SCROLL CURSOR FOR select queryid, left(query, $1), calls, (total_plan_time + total_exec_time) as total_time from aurora_stat_statements($2) order by calls desc limit $3 FOR READ ONLY",0,0,0,0,0,0,1,0.115648,0.115648,0.115648,0.115648,0,0,0,0,0,0,0,0,0,0,0,0,0,0,0,0,0,0,0,0,0,0,0,0,0,0,0,0,0,0,0,2026-06-19 18:26:27.680632+00,2026-06-19 18:26:27.680632+00
10,16384,t,-627100248950146057,"FETCH 9 IN ""query-cursor_103""",0,0,0,0,0,0,1,0.002062,0.002062,0.002062,0.002062,0,9,0,0,0,0,0,0,0,0,0,0,0,0,0,0,0,0,0,0,0,0,0,0,0,0,0,0,0,0,0,2026-06-19 14:31:27.674384+00,2026-06-19 14:31:27.674384+00
16410,16412,t,6485286189613751740,"UPDATE RES_FEAT_EKEY AS T SET SUPPRESSED = C.SUPPRESSED FROM (VALUES (CAST ($1 AS BIGINT),CAST ($2 AS BIGINT),$3,$4),(CAST ($5 AS BIGINT),CAST ($6 AS BIGINT),$7,$8)) AS C(RES_ENT_ID,LIB_FEAT_ID,UTYPE_CODE,SUPPRESSED) WHERE C.RES_ENT_ID=T.RES_ENT_ID AND C.LIB_FEAT_ID=T.LIB_FEAT_ID AND C.UTYPE_CODE=T.UTYPE_CODE",0,0,0,0,0,0,180151,625173.0152390096,0.032996,1234.933028,3.4702722451666084,12.899293393235803,360302,4239396,3803,0,3581,0,0,0,0,0,0,81472.21872300013,96.54718600000004,0,0,0,0,0,0,0,0,0,0,0,0,0,0,0,0,0,2026-06-19 14:52:54.504383+00,2026-06-19 14:52:54.504383+00
10,16384,t,2558071299812514917,"MOVE -1785 IN ""query-cursor_190""",0,0,0,0,0,0,1,0.188066,0.188066,0.188066,0.188066,0,0,0,0,0,0,0,0,0,0,0,0,0,0,0,0,0,0,0,0,0,0,0,0,0,0,0,0,0,0,0,2026-06-19 17:00:27.850288+00,2026-06-19 17:00:27.850288+00
16410,16412,t,-5832709012171957677,"SELECT RES_ENT_ID,LIB_FEAT_ID,FTYPE_ID,UTYPE_CODE,SUPPRESSED,OBS_ENT_CNT FROM RES_FEAT_EKEY WHERE RES_ENT_ID IN ($1,$2) AND FTYPE_ID IN ($3,$4,$5,$6,$7,$8,$9,$10,$11,$12,$13,$14,$15,$16,$17,$18,$19,$20,$21,$22,$23,$24,$25,$26,$27,$28,$29,$30,$31,$32,$33,$34,$35,$36,$37,$38,$39,$40,$41,$42,$43,$44,$45,$46,$47,$48,$49,$50,$51,$52,$53,$54,$55,$56,$57,$58,$59,$60,$61)",0,0,0,0,0,0,173,32.16052100000002,0.045166,19.188202,0.18589896531791916,1.4490627821266404,3073,1868,0,0,0,0,0,0,0,0,0,0,0,0,0,0,0,0,0,0,0,0,0,0,0,0,0,0,0,0,2026-06-19 15:34:31.929323+00,2026-06-19 15:34:31.929323+00
10,16384,t,8999939249487966055,"FETCH 50 IN ""query-cursor_197""",0,0,0,0,0,0,36,0.5868700000000001,0.008877,0.035821,0.01630194444444445,0.006344405080876138,1800,0,0,0,0,0,0,0,0,0,0,0,0,0,0,0,0,0,0,0,0,0,0,0,0,0,0,0,0,0,2026-06-19 17:14:28.132644+00,2026-06-19 17:14:28.132644+00
10,16384,t,-8547696230112815836,"MOVE ALL IN ""query-cursor_178""",0,0,0,0,0,0,1,28.643335,28.643335,28.643335,28.643335,0,0,0,0,0,0,0,0,0,0,0,0,0,0,0,0,0,0,0,0,0,0,0,0,0,0,0,0,0,0,0,2026-06-19 16:34:27.743216+00,2026-06-19 16:34:27.743216+00
10,16384,t,5569119957494154038,"FETCH 15 IN ""query-cursor_49""",0,0,0,0,0,0,1,0.002133,0.002133,0.002133,0.002133,0,15,0,0,0,0,0,0,0,0,0,0,0,0,0,0,0,0,0,0,0,0,0,0,0,0,0,0,0,0,0,2026-06-19 13:37:27.66872+00,2026-06-19 13:37:27.66872+00
16410,16412,t,3882418298296894432,"SELECT RES_ENT_ID,LIB_FEAT_ID,FTYPE_ID,UTYPE_CODE,SUPPRESSED,OBS_ENT_CNT FROM RES_FEAT_EKEY WHERE RES_ENT_ID IN ($1,$2,$3,$4,$5,$6,$7,$8,$9,$10,$11,$12,$13,$14,$15,$16) AND FTYPE_ID IN ($17,$18,$19,$20,$21,$22,$23,$24,$25,$26,$27,$28,$29)",0,0,0,0,0,0,73312,493212.2645039985,0.094887,511.95116500000006,6.72757890255345,22.536540045180026,13626135,4040596,22301,0,0,0,0,0,0,0,0,388503.19672399986,0,0,0,0,0,0,0,0,0,0,0,0,0,0,0,0,0,0,2026-06-19 14:52:43.617106+00,2026-06-19 14:52:43.617106+00
10,16384,t,1591276535817499894,"FETCH 31 IN ""query-cursor_159""",0,0,0,0,0,0,1,0.011709,0.011709,0.011709,0.011709,0,31,0,0,0,0,0,0,0,0,0,0,0,0,0,0,0,0,0,0,0,0,0,0,0,0,0,0,0,0,0,2026-06-19 15:54:27.981334+00,2026-06-19 15:54:27.981334+00
10,16384,t,-6280849976048779910,"FETCH 4 IN ""query-cursor_170""",0,0,0,0,0,0,1,0.006239,0.006239,0.006239,0.006239,0,4,0,0,0,0,0,0,0,0,0,0,0,0,0,0,0,0,0,0,0,0,0,0,0,0,0,0,0,0,0,2026-06-19 16:16:27.884805+00,2026-06-19 16:16:27.884805+00
10,16384,t,3703336216749217835,"FETCH 0 IN ""query-cursor_134""",0,0,0,0,0,0,1,0.004915,0.004915,0.004915,0.004915,0,0,0,0,0,0,0,0,0,0,0,0,0,0,0,0,0,0,0,0,0,0,0,0,0,0,0,0,0,0,0,2026-06-19 15:04:27.880179+00,2026-06-19 15:04:27.880179+00
16410,16412,t,501342044926388483,"SELECT LIB_FEAT_ID,UTYPE_CODE,RES_ENT_ID,OBS_ENT_CNT FROM RES_FEAT_EKEY WHERE LIB_FEAT_ID IN ($1,$2,$3,$4,$5,$6,$7,$8) AND RES_ENT_ID!=$9",0,0,0,0,0,0,832487,4308554.461937956,0.005169999999999999,726.034803,5.1755216140768034,22.262457660043285,1721640,7043039,278687,0,0,0,0,0,0,0,0,3361889.8792639556,0,0,0,0,0,0,0,0,0,0,0,0,0,0,0,0,0,0,2026-06-19 14:52:39.87109+00,2026-06-19 14:52:39.87109+00
10,16384,t,-2365067061292931968,"MOVE ALL IN ""query-cursor_66""",0,0,0,0,0,0,1,1.174153,1.174153,1.174153,1.174153,0,0,0,0,0,0,0,0,0,0,0,0,0,0,0,0,0,0,0,0,0,0,0,0,0,0,0,0,0,0,0,2026-06-19 13:54:27.668774+00,2026-06-19 13:54:27.668774+00
10,16384,t,4276964618400203281,"DECLARE ""query-cursor_39"" SCROLL CURSOR FOR select queryid, left(query, $1), calls, (total_plan_time + total_exec_time) as total_time from aurora_stat_statements($2) order by calls desc limit $3 FOR READ ONLY",0,0,0,0,0,0,1,0.064347,0.064347,0.064347,0.064347,0,0,0,0,0,0,0,0,0,0,0,0,0,0,0,0,0,0,0,0,0,0,0,0,0,0,0,0,0,0,0,2026-06-19 13:27:27.665464+00,2026-06-19 13:27:27.665464+00
10,16384,t,1891111916268849677,"FETCH 0 IN ""query-cursor_250""",0,0,0,0,0,0,1,0.003853,0.003853,0.003853,0.003853,0,0,0,0,0,0,0,0,0,0,0,0,0,0,0,0,0,0,0,0,0,0,0,0,0,0,0,0,0,0,0,2026-06-19 18:59:27.681841+00,2026-06-19 18:59:27.681841+00
10,16384,t,1438681947042868608,"FETCH 9 IN ""query-cursor_226""",0,0,0,0,0,0,1,0.006241,0.006241,0.006241,0.006241,0,9,0,0,0,0,0,0,0,0,0,0,0,0,0,0,0,0,0,0,0,0,0,0,0,0,0,0,0,0,0,2026-06-19 18:12:28.117164+00,2026-06-19 18:12:28.117164+00
10,16384,t,2381552299617647436,"select queryid, calls, (total_plan_time + total_exec_time) as total_time, rows, shared_blks_hit, shared_blks_dirtied, shared_blks_read, shared_blks_written, local_blks_hit, local_blks_dirtied, local_blks_read, local_blks_written, temp_blks_read, temp_blks_written, storage_blks_read, orcache_blks_hit, shared_blk_read_time as blk_read_time, shared_blk_write_time as blk_write_time, storage_blk_read_time, local_blk_read_time, orcache_blk_read_time, total_plan_time, total_exec_time from aurora_stat_statements($1) where queryid in ($2, $3, $4, $5, $6, $7, $8, $9, $10, $11, $12, $13, $14, $15, $16, $17, $18, $19, $20, $21, $22, $23, $24, $25, $26, $27, $28, $29, $30, $31, $32, $33, $34, $35, $36, $37, $38, $39, $40, $41, $42, $43, $44, $45, $46, $47, $48, $49, $50, $51, $52, $53, $54, $55, $56, $57, $58, $59, $60, $61, $62, $63, $64, $65, $66, $67, $68, $69, $70)",0,0,0,0,0,0,4,8.22137,1.6698819999999999,2.901844,2.0553425,0.4968181295129537,286,0,0,0,0,0,0,0,0,0,0,0,0,0,0,0,0,0,0,0,0,0,0,0,0,0,0,0,0,0,2026-06-19 14:53:37.705105+00,2026-06-19 14:53:37.705105+00
10,16384,t,-5232509561126404853,"FETCH 50 IN ""query-cursor_72""",0,0,0,0,0,0,11,0.03674299999999999,0.002843,0.005802,0.0033402727272727264,0.0008022012999365153,550,0,0,0,0,0,0,0,0,0,0,0,0,0,0,0,0,0,0,0,0,0,0,0,0,0,0,0,0,0,2026-06-19 14:00:27.669227+00,2026-06-19 14:00:27.669227+00
10,16384,t,-706723120449088892,"MOVE ALL IN ""query-cursor_228""",0,0,0,0,0,0,1,6.774796,6.774796,6.774796,6.774796,0,0,0,0,0,0,0,0,0,0,0,0,0,0,0,0,0,0,0,0,0,0,0,0,0,0,0,0,0,0,0,2026-06-19 18:16:27.68711+00,2026-06-19 18:16:27.68711+00
10,16384,t,1655018250277861490,"DECLARE ""query-cursor_24"" SCROLL CURSOR FOR select queryid, left(query, $1), calls, (total_plan_time + total_exec_time) as total_time from aurora_stat_statements($2) order by calls desc limit $3 FOR READ ONLY",0,0,0,0,0,0,1,0.063965,0.063965,0.063965,0.063965,0,0,0,0,0,0,0,0,0,0,0,0,0,0,0,0,0,0,0,0,0,0,0,0,0,0,0,0,0,0,0,2026-06-19 13:12:27.664433+00,2026-06-19 13:12:27.664433+00
10,16384,t,-4121333032114548074,"DECLARE ""query-cursor_120"" SCROLL CURSOR FOR select queryid, left(query, $1), calls, (total_plan_time + total_exec_time) as total_time from aurora_stat_statements($2) order by calls desc limit $3 FOR READ ONLY",0,0,0,0,0,0,1,0.062093,0.062093,0.062093,0.062093,0,0,0,0,0,0,0,0,0,0,0,0,0,0,0,0,0,0,0,0,0,0,0,0,0,0,0,0,0,0,0,2026-06-19 14:48:27.671193+00,2026-06-19 14:48:27.671193+00
10,16384,t,-786406970955634702,"DECLARE ""query-cursor_68"" SCROLL CURSOR FOR select queryid, left(query, $1), calls, (total_plan_time + total_exec_time) as total_time from aurora_stat_statements($2) order by calls desc limit $3 FOR READ ONLY",0,0,0,0,0,0,1,0.066017,0.066017,0.066017,0.066017,0,0,0,0,0,0,0,0,0,0,0,0,0,0,0,0,0,0,0,0,0,0,0,0,0,0,0,0,0,0,0,2026-06-19 13:56:27.667509+00,2026-06-19 13:56:27.667509+00
10,16384,t,1505742728159891032,"select queryid, calls, (total_plan_time + total_exec_time) as total_time, rows, shared_blks_hit, shared_blks_dirtied, shared_blks_read, shared_blks_written, local_blks_hit, local_blks_dirtied, local_blks_read, local_blks_written, temp_blks_read, temp_blks_written, storage_blks_read, orcache_blks_hit, shared_blk_read_time as blk_read_time, shared_blk_write_time as blk_write_time, storage_blk_read_time, local_blk_read_time, orcache_blk_read_time, total_plan_time, total_exec_time from aurora_stat_statements($1) where queryid in ($2, $3, $4, $5, $6, $7, $8, $9, $10, $11, $12, $13, $14, $15, $16, $17, $18, $19, $20)",0,0,0,0,0,0,23,13.480395,0.310247,0.997218,0.5861041304347826,0.1780582651907013,502,0,0,0,0,0,0,0,0,0,0,0,0,0,0,0,0,0,0,0,0,0,0,0,0,0,0,0,0,0,2026-06-19 13:00:37.694898+00,2026-06-19 13:00:37.694898+00
10,16384,t,-7199210358505131731,"SELECT count(*) FROM pg_auth_members m, pg_roles r WHERE m.roleid = r.oid AND r.rolname = $1",0,0,0,0,0,0,37,257.15029300000003,0.014167,121.19272000000001,6.95000791891892,22.30123427483312,37,100,11,0,0,0,0,0,0,0,0,228.70955499999997,0,0,0,0,0,0,0,0,0,0,0,0,0,0,0,0,0,0,2026-06-19 12:55:53.657127+00,2026-06-19 12:55:53.657127+00
16410,16412,t,-2938695407279192572,"SELECT LIB_FEAT_ID,FEAT_DESC,FTYPE_ID,ANONYMIZED,FEAT_HASH,VERSION,FELEM_VALUES FROM LIB_FEAT WHERE LIB_FEAT_ID IN ($1,$2,$3,$4)",0,0,0,0,0,0,3276142,4239275.351661745,0.008393000000000001,748.575948,1.2939840066949924,9.973854406577832,11516320,32082519,252202,0,0,0,0,0,0,0,0,3795103.003429994,0,0,0,0,0,0,0,0,0,0,0,0,0,0,0,0,0,0,2026-06-19 14:52:39.929081+00,2026-06-19 14:52:39.929081+00
16410,16412,t,3620118175299940109,"SELECT RES_ENT_ID,LIB_FEAT_ID,FTYPE_ID,UTYPE_CODE,SUPPRESSED,OBS_ENT_CNT FROM RES_FEAT_EKEY WHERE RES_ENT_ID IN ($1,$2,$3,$4,$5,$6,$7,$8,$9,$10,$11,$12,$13,$14,$15,$16,$17,$18,$19,$20,$21,$22,$23,$24,$25,$26,$27,$28,$29,$30,$31,$32) AND FTYPE_ID IN ($33,$34,$35,$36,$37,$38,$39,$40,$41,$42,$43,$44,$45,$46)",0,0,0,0,0,0,4486,71713.8063180002,0.23414000000000001,527.999315,15.98613604948734,36.07007617685776,1699772,467548,3398,0,0,0,0,0,0,0,0,58116.027740000056,0,0,0,0,0,0,0,0,0,0,0,0,0,0,0,0,0,0,2026-06-19 14:54:31.476078+00,2026-06-19 14:54:31.476078+00
10,16384,t,-9127663668860582996,"FETCH 50 IN ""query-cursor_15""",0,0,0,0,0,0,4,0.015432,0.002989,0.005291,0.003858,0.0008615944521641255,200,0,0,0,0,0,0,0,0,0,0,0,0,0,0,0,0,0,0,0,0,0,0,0,0,0,0,0,0,0,2026-06-19 13:03:27.664443+00,2026-06-19 13:03:27.664443+00
10,16384,t,-7404373669032459528,"FETCH 50 IN ""query-cursor_56""",0,0,0,0,0,0,9,0.029754,0.002823,0.005825,0.003306,0.0009034252105797751,450,0,0,0,0,0,0,0,0,0,0,0,0,0,0,0,0,0,0,0,0,0,0,0,0,0,0,0,0,0,2026-06-19 13:44:27.667881+00,2026-06-19 13:44:27.667881+00
10,16384,t,8234634555272129651,"FETCH 50 IN ""query-cursor_85""",0,0,0,0,0,0,13,0.040188999999999996,0.002731,0.005149,0.003091461538461538,0.0006157302875303833,650,0,0,0,0,0,0,0,0,0,0,0,0,0,0,0,0,0,0,0,0,0,0,0,0,0,0,0,0,0,2026-06-19 14:13:27.670344+00,2026-06-19 14:13:27.670344+00
10,16384,t,3453750545949216098,"MOVE -526 IN ""query-cursor_64""",0,0,0,0,0,0,1,0.011649,0.011649,0.011649,0.011649,0,0,0,0,0,0,0,0,0,0,0,0,0,0,0,0,0,0,0,0,0,0,0,0,0,0,0,0,0,0,0,2026-06-19 13:52:27.668397+00,2026-06-19 13:52:27.668397+00
10,16384,t,6011075888152338429,"FETCH 11 IN ""query-cursor_194""",0,0,0,0,0,0,1,0.006238,0.006238,0.006238,0.006238,0,11,0,0,0,0,0,0,0,0,0,0,0,0,0,0,0,0,0,0,0,0,0,0,0,0,0,0,0,0,0,2026-06-19 17:08:27.72093+00,2026-06-19 17:08:27.72093+00
10,16384,t,4753545376043275111,"FETCH 50 IN ""query-cursor_189""",0,0,0,0,0,0,35,0.7657200000000002,0.013846,0.040603,0.021877714285714292,0.0072247533801564215,1750,0,0,0,0,0,0,0,0,0,0,0,0,0,0,0,0,0,0,0,0,0,0,0,0,0,0,0,0,0,2026-06-19 16:58:28.138083+00,2026-06-19 16:58:28.138083+00
10,16384,t,2819390221599555460,"FETCH 50 IN ""query-cursor_220""",0,0,0,0,0,0,39,0.6152510000000002,0.007963,0.030142,0.01577566666666667,0.006001291499179127,1950,0,0,0,0,0,0,0,0,0,0,0,0,0,0,0,0,0,0,0,0,0,0,0,0,0,0,0,0,0,2026-06-19 18:00:27.722296+00,2026-06-19 18:00:27.722296+00
10,16384,t,-1347147569905852722,"FETCH 21 IN ""query-cursor_228""",0,0,0,0,0,0,1,0.003911,0.003911,0.003911,0.003911,0,21,0,0,0,0,0,0,0,0,0,0,0,0,0,0,0,0,0,0,0,0,0,0,0,0,0,0,0,0,0,2026-06-19 18:16:27.700732+00,2026-06-19 18:16:27.700732+00
10,16384,t,-1792737309801232141,"DECLARE ""query-cursor_186"" SCROLL CURSOR FOR select queryid, left(query, $1), calls, (total_plan_time + total_exec_time) as total_time from aurora_stat_statements($2) order by calls desc limit $3 FOR READ ONLY",0,0,0,0,0,0,1,0.082515,0.082515,0.082515,0.082515,0,0,0,0,0,0,0,0,0,0,0,0,0,0,0,0,0,0,0,0,0,0,0,0,0,0,0,0,0,0,0,2026-06-19 16:52:27.68256+00,2026-06-19 16:52:27.68256+00
10,16384,t,-8819237340448120154,"DECLARE ""query-cursor_194"" SCROLL CURSOR FOR select queryid, left(query, $1), calls, (total_plan_time + total_exec_time) as total_time from aurora_stat_statements($2) order by calls desc limit $3 FOR READ ONLY",0,0,0,0,0,0,1,0.082926,0.082926,0.082926,0.082926,0,0,0,0,0,0,0,0,0,0,0,0,0,0,0,0,0,0,0,0,0,0,0,0,0,0,0,0,0,0,0,2026-06-19 17:08:27.677491+00,2026-06-19 17:08:27.677491+00
16410,16412,t,3943515874539223592,CREATE EXTENSION IF NOT EXISTS pg_stat_statements,0,0,0,0,0,0,2,343.967154,0.160816,343.806338,171.983577,171.82276099999999,0,3519,23,0,11,0,0,0,0,0,0,45.867577,0.093071,0,0,0,0,0,0,0,0,0,0,0,0,0,0,0,0,0,2026-06-19 15:39:53.256895+00,2026-06-19 15:39:53.256895+00
10,16384,t,295705631616282544,"FETCH 50 IN ""query-cursor_120""",0,0,0,0,0,0,17,0.0551,0.002765,0.006954,0.0032411764705882356,0.0009616207051758177,850,0,0,0,0,0,0,0,0,0,0,0,0,0,0,0,0,0,0,0,0,0,0,0,0,0,0,0,0,0,2026-06-19 14:48:27.673268+00,2026-06-19 14:48:27.673268+00
10,16384,t,-5776036107617902638,"FETCH 11 IN ""query-cursor_210""",0,0,0,0,0,0,1,0.005607,0.005607,0.005607,0.005607,0,11,0,0,0,0,0,0,0,0,0,0,0,0,0,0,0,0,0,0,0,0,0,0,0,0,0,0,0,0,0,2026-06-19 17:40:27.785991+00,2026-06-19 17:40:27.785991+00
10,16384,t,2032245790780400417,"FETCH 50 IN ""query-cursor_151""",0,0,0,0,0,0,30,0.540457,0.010501,0.037293,0.01801523333333333,0.006186598875436772,1500,0,0,0,0,0,0,0,0,0,0,0,0,0,0,0,0,0,0,0,0,0,0,0,0,0,0,0,0,0,2026-06-19 15:38:28.505683+00,2026-06-19 15:38:28.505683+00
16410,16412,t,6768385697522271879,"SELECT RES_ENT_ID,LIB_FEAT_ID,FTYPE_ID,UTYPE_CODE,SUPPRESSED,OBS_ENT_CNT FROM RES_FEAT_EKEY WHERE RES_ENT_ID IN ($1) AND FTYPE_ID IN ($2,$3,$4,$5,$6,$7,$8,$9,$10,$11,$12,$13)",0,0,0,0,0,0,267860,205164.90082299794,0.014818,409.57606000000004,0.7659407930373999,7.507834217675061,4558399,1458839,7880,0,0,0,0,0,0,0,0,161560.8503979996,0,0,0,0,0,0,0,0,0,0,0,0,0,0,0,0,0,0,2026-06-19 14:52:40.006348+00,2026-06-19 14:52:40.006348+00
10,16384,t,-5819826948341780224,"MOVE ALL IN ""query-cursor_22""",0,0,0,0,0,0,1,0.536117,0.536117,0.536117,0.536117,0,0,0,0,0,0,0,0,0,0,0,0,0,0,0,0,0,0,0,0,0,0,0,0,0,0,0,0,0,0,0,2026-06-19 13:10:27.664909+00,2026-06-19 13:10:27.664909+00
10,16384,t,-2457235639853408886,"MOVE ALL IN ""query-cursor_189""",0,0,0,0,0,0,1,10.542599,10.542599,10.542599,10.542599,0,0,0,0,0,0,0,0,0,0,0,0,0,0,0,0,0,0,0,0,0,0,0,0,0,0,0,0,0,0,0,2026-06-19 16:58:28.13774+00,2026-06-19 16:58:28.13774+00
10,16384,t,6232892896255731488,"FETCH 47 IN ""query-cursor_184""",0,0,0,0,0,0,1,0.01578,0.01578,0.01578,0.01578,0,47,0,0,0,0,0,0,0,0,0,0,0,0,0,0,0,0,0,0,0,0,0,0,0,0,0,0,0,0,0,2026-06-19 16:48:27.752132+00,2026-06-19 16:48:27.752132+00
10,16384,t,8673511738168569176,"MOVE -538 IN ""query-cursor_66""",0,0,0,0,0,0,1,0.012216,0.012216,0.012216,0.012216,0,0,0,0,0,0,0,0,0,0,0,0,0,0,0,0,0,0,0,0,0,0,0,0,0,0,0,0,0,0,0,2026-06-19 13:54:27.668836+00,2026-06-19 13:54:27.668836+00
10,16384,t,-3064587961437120174,"FETCH 50 IN ""query-cursor_215""",0,0,0,0,0,0,38,0.610386,0.007921,0.033206,0.01606278947368421,0.006234664284879528,1900,0,0,0,0,0,0,0,0,0,0,0,0,0,0,0,0,0,0,0,0,0,0,0,0,0,0,0,0,0,2026-06-19 17:50:28.650891+00,2026-06-19 17:50:28.650891+00
16410,16412,t,-6647440949557343150,"INSERT INTO LIB_FEAT(LIB_FEAT_ID,FTYPE_ID,FEAT_HASH,FEAT_DESC,FELEM_VALUES,ANONYMIZED,VERSION) VALUES ($1,$2,$3,$4,$5,$6,$7),($8,$9,$10,$11,$12,$13,$14),($15,$16,$17,$18,$19,$20,$21),($22,$23,$24,$25,$26,$27,$28),($29,$30,$31,$32,$33,$34,$35),($36,$37,$38,$39,$40,$41,$42),($43,$44,$45,$46,$47,$48,$49),($50,$51,$52,$53,$54,$55,$56),($57,$58,$59,$60,$61,$62,$63),($64,$65,$66,$67,$68,$69,$70),($71,$72,$73,$74,$75,$76,$77) ON CONFLICT(FTYPE_ID,FEAT_HASH,ANONYMIZED) DO UPDATE SET FTYPE_ID=LIB_FEAT.FTYPE_ID,FEAT_HASH=LIB_FEAT.FEAT_HASH,ANONYMIZED=LIB_FEAT.ANONYMIZED RETURNING LIB_FEAT_ID,FTYPE_ID,FEAT_HASH,ANONYMIZED,FEAT_DESC",0,0,0,0,0,0,1499107,28059751.176236834,0.184184,1503.123032,18.717644021565395,48.227426043259314,16490177,258740701,874,0,616896,0,0,0,0,0,0,18493.136314000003,63011.41692200092,0,0,0,0,0,0,0,0,0,0,0,0,0,0,0,0,0,2026-06-19 14:52:39.527405+00,2026-06-19 14:52:39.527405+00
16410,16412,t,-2364870330916650875,"UPDATE RES_FEAT_STAT SET CANDIDATE_CAP_REACHED=$1,SCORING_CAP_REACHED=$2 WHERE LIB_FEAT_ID=$3",0,0,0,0,0,0,1050302,1568339.8933810503,0.010954,1888.736701,1.49322756062642,12.607632551016835,1050302,10580186,1886,0,23223,0,0,0,0,0,0,16167.048061999996,913.9626390000002,0,0,0,0,0,0,0,0,0,0,0,0,0,0,0,0,0,2026-06-19 14:52:41.855177+00,2026-06-19 14:52:41.855177+00
10,16384,t,6158676953707982432,"MOVE ALL IN ""query-cursor_113""",0,0,0,0,0,0,1,1.739615,1.739615,1.739615,1.739615,0,0,0,0,0,0,0,0,0,0,0,0,0,0,0,0,0,0,0,0,0,0,0,0,0,0,0,0,0,0,0,2026-06-19 14:41:27.672587+00,2026-06-19 14:41:27.672587+00
10,16384,t,-3403191211435804299,"MOVE -2010 IN ""query-cursor_226""",0,0,0,0,0,0,1,0.135076,0.135076,0.135076,0.135076,0,0,0,0,0,0,0,0,0,0,0,0,0,0,0,0,0,0,0,0,0,0,0,0,0,0,0,0,0,0,0,2026-06-19 18:12:28.091201+00,2026-06-19 18:12:28.091201+00
10,16384,t,-1809599985601987750,"DECLARE ""query-cursor_127"" SCROLL CURSOR FOR select queryid, left(query, $1), calls, (total_plan_time + total_exec_time) as total_time from aurora_stat_statements($2) order by calls desc limit $3 FOR READ ONLY",0,0,0,0,0,0,1,0.050352,0.050352,0.050352,0.050352,0,0,0,0,0,0,0,0,0,0,0,0,0,0,0,0,0,0,0,0,0,0,0,0,0,0,0,0,0,0,0,2026-06-19 14:55:27.671738+00,2026-06-19 14:55:27.671738+00
16410,16412,t,-8291736161797498644,"SELECT RES_ENT_ID,LIB_FEAT_ID,FTYPE_ID,UTYPE_CODE,SUPPRESSED,OBS_ENT_CNT FROM RES_FEAT_EKEY WHERE RES_ENT_ID IN ($1) AND FTYPE_ID IN ($2,$3,$4,$5,$6,$7,$8,$9,$10,$11,$12,$13,$14,$15,$16,$17,$18,$19,$20,$21,$22,$23,$24,$25,$26,$27,$28,$29,$30,$31,$32,$33,$34,$35,$36,$37,$38,$39,$40,$41,$42,$43,$44,$45,$46,$47,$48,$49,$50,$51,$52,$53,$54,$55,$56)",0,0,0,0,0,0,811176,85417.61831099827,0.005718,171.54071000000002,0.10530096836074818,1.3837250063818716,1854862,4138587,0,0,0,0,0,0,0,0,0,0,0,0,0,0,0,0,0,0,0,0,0,0,0,0,0,0,0,0,2026-06-19 14:52:46.174407+00,2026-06-19 14:52:46.174407+00
10,16384,t,1348575984036013302,"MOVE ALL IN ""query-cursor_157""",0,0,0,0,0,0,1,288.859421,288.859421,288.859421,288.859421,0,0,0,0,0,0,0,0,0,0,0,0,0,0,0,0,0,0,0,0,0,0,0,0,0,0,0,0,0,0,0,2026-06-19 15:50:28.072433+00,2026-06-19 15:50:28.072433+00
10,16384,t,8181263261797170804,"FETCH 39 IN ""query-cursor_83""",0,0,0,0,0,0,1,0.003043,0.003043,0.003043,0.003043,0,39,0,0,0,0,0,0,0,0,0,0,0,0,0,0,0,0,0,0,0,0,0,0,0,0,0,0,0,0,0,2026-06-19 14:11:27.672312+00,2026-06-19 14:11:27.672312+00
10,16384,t,7621085247011363065,"MOVE -236 IN ""query-cursor_19""",0,0,0,0,0,0,1,0.00717,0.00717,0.00717,0.00717,0,0,0,0,0,0,0,0,0,0,0,0,0,0,0,0,0,0,0,0,0,0,0,0,0,0,0,0,0,0,0,2026-06-19 13:07:27.66469+00,2026-06-19 13:07:27.66469+00
10,16384,t,-3002397006376615084,"DECLARE ""query-cursor_217"" SCROLL CURSOR FOR select queryid, left(query, $1), calls, (total_plan_time + total_exec_time) as total_time from aurora_stat_statements($2) order by calls desc limit $3 FOR READ ONLY",0,0,0,0,0,0,1,0.075931,0.075931,0.075931,0.075931,0,0,0,0,0,0,0,0,0,0,0,0,0,0,0,0,0,0,0,0,0,0,0,0,0,0,0,0,0,0,0,2026-06-19 17:54:27.893773+00,2026-06-19 17:54:27.893773+00
10,16384,t,1037440458504821834,"MOVE ALL IN ""query-cursor_30""",0,0,0,0,0,0,1,0.639855,0.639855,0.639855,0.639855,0,0,0,0,0,0,0,0,0,0,0,0,0,0,0,0,0,0,0,0,0,0,0,0,0,0,0,0,0,0,0,2026-06-19 13:18:27.66558+00,2026-06-19 13:18:27.66558+00
16410,16412,t,4525835807519216905,"SELECT RES_ENT_ID,LIB_FEAT_ID,FTYPE_ID,UTYPE_CODE,SUPPRESSED,OBS_ENT_CNT FROM RES_FEAT_EKEY WHERE RES_ENT_ID IN ($1,$2,$3,$4,$5,$6,$7,$8) AND FTYPE_ID IN ($9,$10,$11,$12,$13,$14,$15,$16,$17,$18,$19,$20,$21,$22,$23,$24,$25)",0,0,0,0,0,0,608275,2878523.9743949887,0.053795,615.8888569999999,4.732274011581914,18.59904148491634,83672366,20403548,132049,0,0,0,0,0,0,0,0,2325809.686374022,0,0,0,0,0,0,0,0,0,0,0,0,0,0,0,0,0,0,2026-06-19 14:52:42.034295+00,2026-06-19 14:52:42.034295+00
10,16384,t,-8904499157929076481,"DECLARE ""query-cursor_241"" SCROLL CURSOR FOR select queryid, left(query, $1), calls, (total_plan_time + total_exec_time) as total_time from aurora_stat_statements($2) order by calls desc limit $3 FOR READ ONLY",0,0,0,0,0,0,1,0.084044,0.084044,0.084044,0.084044,0,0,0,0,0,0,0,0,0,0,0,0,0,0,0,0,0,0,0,0,0,0,0,0,0,0,0,0,0,0,0,2026-06-19 18:39:27.681745+00,2026-06-19 18:39:27.681745+00
16410,16412,t,6072016675911376610,"SELECT RES_REL_ID,MIN_RES_ENT_ID,MAX_RES_ENT_ID,IS_DISCLOSED,IS_AMBIGUOUS,LAST_ERRULE_ID,MATCH_LEVELS,MATCH_KEY,MATCH_KEY_DETAILS FROM RES_RELATE WHERE RES_REL_ID IN ($1,$2)",0,0,0,0,0,0,4490239,7651919.275368047,0.0076879999999999995,593.401438,1.7041229376360694,13.452709970385607,8980431,30719768,502997,0,0,0,0,0,0,0,0,6761781.058413013,0,0,0,0,0,0,0,0,0,0,0,0,0,0,0,0,0,0,2026-06-19 14:52:52.102769+00,2026-06-19 14:52:52.102769+00
10,16384,t,5088639928044245851,"FETCH 50 IN ""query-cursor_101""",0,0,0,0,0,0,14,0.044492000000000004,0.002783,0.005264,0.0031780000000000003,0.0005966683692447107,700,0,0,0,0,0,0,0,0,0,0,0,0,0,0,0,0,0,0,0,0,0,0,0,0,0,0,0,0,0,2026-06-19 14:29:27.671763+00,2026-06-19 14:29:27.671763+00
10,16384,t,-6788495792278834216,"FETCH 0 IN ""query-cursor_95""",0,0,0,0,0,0,1,0.036229,0.036229,0.036229,0.036229,0,0,0,0,0,0,0,0,0,0,0,0,0,0,0,0,0,0,0,0,0,0,0,0,0,0,0,0,0,0,0,2026-06-19 14:23:27.6696+00,2026-06-19 14:23:27.6696+00
10,16384,t,-4460403863602469090,"FETCH 7 IN ""query-cursor_61""",0,0,0,0,0,0,1,0.001587,0.001587,0.001587,0.001587,0,7,0,0,0,0,0,0,0,0,0,0,0,0,0,0,0,0,0,0,0,0,0,0,0,0,0,0,0,0,0,2026-06-19 13:49:27.670045+00,2026-06-19 13:49:27.670045+00
10,16384,t,-658443747292511736,"SELECT $1 FROM pg_catalog.pg_roles WHERE rolcanlogin = $2 AND rolname in ($3,$4,$5,$6,$7,$8) LIMIT $9",0,0,0,0,0,0,37,0.6249779999999999,0.008110000000000001,0.028045999999999998,0.016891297297297294,0.00581525825163732,0,74,0,0,0,0,0,0,0,0,0,0,0,0,0,0,0,0,0,0,0,0,0,0,0,0,0,0,0,0,2026-06-19 12:57:23.786805+00,2026-06-19 12:57:23.786805+00
10,16384,t,-2732574284245168786,"FETCH 0 IN ""query-cursor_231""",0,0,0,0,0,0,1,0.004987,0.004987,0.004987,0.004987,0,0,0,0,0,0,0,0,0,0,0,0,0,0,0,0,0,0,0,0,0,0,0,0,0,0,0,0,0,0,0,2026-06-19 18:22:27.680435+00,2026-06-19 18:22:27.680435+00
10,16384,t,-4442955528627619855,"FETCH 50 IN ""query-cursor_153""",0,0,0,0,0,0,30,0.575658,0.011185,0.036789,0.0191886,0.007552303712996012,1500,0,0,0,0,0,0,0,0,0,0,0,0,0,0,0,0,0,0,0,0,0,0,0,0,0,0,0,0,0,2026-06-19 15:42:28.161055+00,2026-06-19 15:42:28.161055+00
16410,16412,t,-7216438724184009132,"UPDATE RES_RELATE AS T SET IS_DISCLOSED=C.IS_DISCLOSED,IS_AMBIGUOUS=C.IS_AMBIGUOUS,LAST_ERRULE_ID=C.LAST_ERRULE_ID,MATCH_KEY=C.MATCH_KEY,MATCH_KEY_DETAILS=C.MATCH_KEY_DETAILS,MATCH_LEVELS=C.MATCH_LEVELS FROM (VALUES (CAST ($1 AS BIGINT),CAST ($2 AS BIGINT),CAST ($3 AS BIGINT),CAST ($4 AS BIGINT),$5,$6,$7),(CAST ($8 AS BIGINT),CAST ($9 AS BIGINT),CAST ($10 AS BIGINT),CAST ($11 AS BIGINT),$12,$13,$14),(CAST ($15 AS BIGINT),CAST ($16 AS BIGINT),CAST ($17 AS BIGINT),CAST ($18 AS BIGINT),$19,$20,$21),(CAST ($22 AS BIGINT),CAST ($23 AS BIGINT),CAST ($24 AS BIGINT),CAST ($25 AS BIGINT),$26,$27,$28),(CAST ($29 AS BIGINT),CAST ($30 AS BIGINT),CAST ($31 AS BIGINT),CAST ($32 AS BIGINT),$33,$34,$35),(CAST ($36 AS BIGINT),CAST ($37 AS BIGINT),CAST ($38 AS BIGINT),CAST ($39 AS BIGINT),$40,$41,$42),(CAST ($43 AS BIGINT),CAST ($44 AS BIGINT),CAST ($45 AS BIGINT),CAST ($46 AS BIGINT),$47,$48,$49),(CAST ($50 AS BIGINT),CAST ($51 AS BIGINT),CAST ($52 AS BIGINT),CAST ($53 AS BIGINT),$54,$55,$56)) AS C(RES_REL_ID,IS_DISCLOSED,IS_AMBIGUOUS,LAST_ERRULE_ID,MATCH_KEY,MATCH_KEY_DETAILS,MATCH_LEVELS) WHERE C.RES_REL_ID=T.RES_REL_ID",0,0,0,0,0,0,8722,51229.839696000294,0.08927500000000001,485.42846499999996,5.873634452648509,21.822093381588594,69776,677132,1979,0,841,0,0,0,0,0,0,14360.366446000007,44.531939999999985,0,0,0,0,0,0,0,0,0,0,0,0,0,0,0,0,0,2026-06-19 14:54:10.794862+00,2026-06-19 14:54:10.794862+00
10,16384,t,-7084435702122960719,"FETCH 0 IN ""query-cursor_215""",0,0,0,0,0,0,1,0.024595,0.024595,0.024595,0.024595,0,0,0,0,0,0,0,0,0,0,0,0,0,0,0,0,0,0,0,0,0,0,0,0,0,0,0,0,0,0,0,2026-06-19 17:50:28.271816+00,2026-06-19 17:50:28.271816+00
10,16384,t,6574420096249042292,"MOVE ALL IN ""query-cursor_73""",0,0,0,0,0,0,1,1.20338,1.20338,1.20338,1.20338,0,0,0,0,0,0,0,0,0,0,0,0,0,0,0,0,0,0,0,0,0,0,0,0,0,0,0,0,0,0,0,2026-06-19 14:01:27.669175+00,2026-06-19 14:01:27.669175+00
10,16384,t,-2258005032466051606,"FETCH 0 IN ""query-cursor_173""",0,0,0,0,0,0,1,0.008062,0.008062,0.008062,0.008062,0,0,0,0,0,0,0,0,0,0,0,0,0,0,0,0,0,0,0,0,0,0,0,0,0,0,0,0,0,0,0,2026-06-19 16:24:28.002899+00,2026-06-19 16:24:28.002899+00
10,16384,t,-875842682279399933,"FETCH 0 IN ""query-cursor_26""",0,0,0,0,0,0,1,0.004275,0.004275,0.004275,0.004275,0,0,0,0,0,0,0,0,0,0,0,0,0,0,0,0,0,0,0,0,0,0,0,0,0,0,0,0,0,0,0,2026-06-19 13:14:27.664613+00,2026-06-19 13:14:27.664613+00
16410,16412,t,2252244364211873314,"SELECT RES_ENT_ID,LIB_FEAT_ID,FTYPE_ID,UTYPE_CODE,SUPPRESSED,OBS_ENT_CNT FROM RES_FEAT_EKEY WHERE RES_ENT_ID IN ($1,$2,$3,$4) AND FTYPE_ID IN ($5,$6,$7,$8,$9,$10,$11,$12,$13)",0,0,0,0,0,0,9600,29169.772810000013,0.040532,418.572795,3.038518001041668,15.998411929405743,432504,178409,1310,0,0,0,0,0,0,0,0,24652.29149200002,0,0,0,0,0,0,0,0,0,0,0,0,0,0,0,0,0,0,2026-06-19 14:52:48.337662+00,2026-06-19 14:52:48.337662+00
10,16384,t,-9096936848873687411,"MOVE -628 IN ""query-cursor_81""",0,0,0,0,0,0,1,0.013135,0.013135,0.013135,0.013135,0,0,0,0,0,0,0,0,0,0,0,0,0,0,0,0,0,0,0,0,0,0,0,0,0,0,0,0,0,0,0,2026-06-19 14:09:27.669849+00,2026-06-19 14:09:27.669849+00
16410,16412,t,8740354119876614804,"DELETE FROM RES_RELATE WHERE RES_REL_ID IN ($1,$2,$3,$4,$5,$6,$7,$8)",0,0,0,0,0,0,119225,171755.438940999,0.020693999999999997,362.98159200000003,1.4405991943048775,5.690895056881486,689407,2739678,0,0,0,0,0,0,0,0,0,0,0,0,0,0,0,0,0,0,0,0,0,0,0,0,0,0,0,0,2026-06-19 14:52:51.994942+00,2026-06-19 14:52:51.994942+00
16410,16412,t,7113043948140036100,"UPDATE RES_FEAT_STAT AS T SET FTYPE_ID=C.FTYPE_ID,NUM_RES_ENT=C.NUM_RES_ENT_NEW,NUM_RES_ENT_OOM=C.NUM_RES_ENT_OOM_NEW FROM (VALUES (CAST ($1 AS BIGINT),CAST ($2 AS INT),CAST ($3 AS BIGINT),CAST ($4 AS BIGINT),CAST ($5 AS BIGINT),CAST ($6 AS BIGINT)),(CAST ($7 AS BIGINT),CAST ($8 AS INT),CAST ($9 AS BIGINT),CAST ($10 AS BIGINT),CAST ($11 AS BIGINT),CAST ($12 AS BIGINT)),(CAST ($13 AS BIGINT),CAST ($14 AS INT),CAST ($15 AS BIGINT),CAST ($16 AS BIGINT),CAST ($17 AS BIGINT),CAST ($18 AS BIGINT)),(CAST ($19 AS BIGINT),CAST ($20 AS INT),CAST ($21 AS BIGINT),CAST ($22 AS BIGINT),CAST ($23 AS BIGINT),CAST ($24 AS BIGINT)),(CAST ($25 AS BIGINT),CAST ($26 AS INT),CAST ($27 AS BIGINT),CAST ($28 AS BIGINT),CAST ($29 AS BIGINT),CAST ($30 AS BIGINT)),(CAST ($31 AS BIGINT),CAST ($32 AS INT),CAST ($33 AS BIGINT),CAST ($34 AS BIGINT),CAST ($35 AS BIGINT),CAST ($36 AS BIGINT)),(CAST ($37 AS BIGINT),CAST ($38 AS INT),CAST ($39 AS BIGINT),CAST ($40 AS BIGINT),CAST ($41 AS BIGINT),CAST ($42 AS BIGINT)),(CAST ($43 AS BIGINT),CAST ($44 AS INT),CAST ($45 AS BIGINT),CAST ($46 AS BIGINT),CAST ($47 AS BIGINT),CAST ($48 AS BIGINT)),(CAST ($49 AS BIGINT),CAST ($50 AS INT),CAST ($51 AS BIGINT),CAST ($52 AS BIGINT),CAST ($53 AS BIGINT),CAST ($54 AS BIGINT)),(CAST ($55 AS BIGINT),CAST ($56 AS INT),CAST ($57 AS BIGINT),CAST ($58 AS BIGINT),CAST ($59 AS BIGINT),CAST ($60 AS BIGINT)),(CAST ($61 AS BIGINT),CAST ($62 AS INT),CAST ($63 AS BIGINT),CAST ($64 AS BIGINT),CAST ($65 AS BIGINT),CAST ($66 AS BIGINT)),(CAST ($67 AS BIGINT),CAST ($68 AS INT),CAST ($69 AS BIGINT),CAST ($70 AS BIGINT),CAST ($71 AS BIGINT),CAST ($72 AS BIGINT)),(CAST ($73 AS BIGINT),CAST ($74 AS INT),CAST ($75 AS BIGINT),CAST ($76 AS BIGINT),CAST ($77 AS BIGINT),CAST ($78 AS BIGINT)),(CAST ($79 AS BIGINT),CAST ($80 AS INT),CAST ($81 AS BIGINT),CAST ($82 AS BIGINT),CAST ($83 AS BIGINT),CAST ($84 AS BIGINT)),(CAST ($85 AS BIGINT),CAST ($86 AS INT),CAST ($87 AS BIGINT),CAST ($88 AS BIGINT),CAST ($89 AS BIGINT),CAST ($90 AS BIGINT)),(CAST ($91 AS BIGINT),CAST ($92 AS INT),CAST ($93 AS BIGINT),CAST ($94 AS BIGINT),CAST ($95 AS BIGINT),CAST ($96 AS BIGINT)),(CAST ($97 AS BIGINT),CAST ($98 AS INT),CAST ($99 AS BIGINT),CAST ($100 AS BIGINT),CAST ($101 AS BIGINT),CAST ($102 AS BIGINT))) AS C(LIB_FEAT_ID,FTYPE_ID,NUM_RES_ENT_OLD,NUM_RES_ENT_OOM_OLD,NUM_RES_ENT_NEW,NUM_RES_ENT_OOM_NEW) WHERE C.LIB_FEAT_ID=T.LIB_FEAT_ID AND C.NUM_RES_ENT_OLD=T.NUM_RES_ENT AND C.NUM_RES_ENT_OOM_OLD=T.NUM_RES_ENT_OOM",0,0,0,0,0,0,3570,38912.68587900005,0.190266,885.2071129999999,10.899912010924384,44.5560013176249,60656,670071,65,0,773,0,0,0,0,0,0,465.957061,2.989753,0,0,0,0,0,0,0,0,0,0,0,0,0,0,0,0,0,2026-06-19 14:57:43.818528+00,2026-06-19 14:57:43.818528+00
10,16384,t,-131587690586192804,"DECLARE ""query-cursor_85"" SCROLL CURSOR FOR select queryid, left(query, $1), calls, (total_plan_time + total_exec_time) as total_time from aurora_stat_statements($2) order by calls desc limit $3 FOR READ ONLY",0,0,0,0,0,0,1,0.061057,0.061057,0.061057,0.061057,0,0,0,0,0,0,0,0,0,0,0,0,0,0,0,0,0,0,0,0,0,0,0,0,0,0,0,0,0,0,0,2026-06-19 14:13:27.668741+00,2026-06-19 14:13:27.668741+00
10,16384,t,-9083367784208220492,"FETCH 50 IN ""query-cursor_59""",0,0,0,0,0,0,9,0.030313999999999997,0.002885,0.005803,0.003368222222222222,0.000879906027530185,450,0,0,0,0,0,0,0,0,0,0,0,0,0,0,0,0,0,0,0,0,0,0,0,0,0,0,0,0,0,2026-06-19 13:47:27.668026+00,2026-06-19 13:47:27.668026+00
10,16384,t,3920666717222027338,"MOVE ALL IN ""query-cursor_154""",0,0,0,0,0,0,1,6.371205,6.371205,6.371205,6.371205,0,0,0,0,0,0,0,0,0,0,0,0,0,0,0,0,0,0,0,0,0,0,0,0,0,0,0,0,0,0,0,2026-06-19 15:44:27.688739+00,2026-06-19 15:44:27.688739+00
10,16384,t,-3659155198652114713,"DECLARE ""query-cursor_21"" SCROLL CURSOR FOR select queryid, left(query, $1), calls, (total_plan_time + total_exec_time) as total_time from aurora_stat_statements($2) order by calls desc limit $3 FOR READ ONLY",0,0,0,0,0,0,1,0.064112,0.064112,0.064112,0.064112,0,0,0,0,0,0,0,0,0,0,0,0,0,0,0,0,0,0,0,0,0,0,0,0,0,0,0,0,0,0,0,2026-06-19 13:09:27.664215+00,2026-06-19 13:09:27.664215+00
10,16384,t,-5611796700468120438,"MOVE ALL IN ""query-cursor_11""",0,0,0,0,0,0,1,0.394452,0.394452,0.394452,0.394452,0,0,0,0,0,0,0,0,0,0,0,0,0,0,0,0,0,0,0,0,0,0,0,0,0,0,0,0,0,0,0,2026-06-19 12:59:27.663966+00,2026-06-19 12:59:27.663966+00
16410,16412,t,4072948050797399557,"SELECT RES_ENT_ID,LIB_FEAT_ID,FTYPE_ID,UTYPE_CODE,SUPPRESSED,OBS_ENT_CNT FROM RES_FEAT_EKEY WHERE RES_ENT_ID IN ($1,$2) AND FTYPE_ID IN ($3,$4,$5,$6,$7,$8,$9,$10,$11,$12,$13,$14,$15,$16,$17,$18,$19,$20,$21,$22,$23,$24,$25,$26,$27,$28,$29,$30,$31,$32,$33,$34,$35,$36,$37,$38,$39,$40,$41,$42,$43,$44,$45,$46,$47,$48,$49,$50,$51,$52,$53,$54,$55,$56,$57)",0,0,0,0,0,0,2824,577.7490750000002,0.038966,71.583847,0.20458536650141648,2.302916317424444,29063,30350,0,0,0,0,0,0,0,0,0,0,0,0,0,0,0,0,0,0,0,0,0,0,0,0,0,0,0,0,2026-06-19 15:02:51.932776+00,2026-06-19 15:02:51.932776+00
10,16384,t,7372537859135498087,"FETCH 50 IN ""query-cursor_222""",0,0,0,0,0,0,39,0.7152199999999997,0.011212,0.039761,0.01833897435897435,0.00798929275290687,1950,0,0,0,0,0,0,0,0,0,0,0,0,0,0,0,0,0,0,0,0,0,0,0,0,0,0,0,0,0,2026-06-19 18:04:27.824287+00,2026-06-19 18:04:27.824287+00
16410,16412,t,-5990742406046593525,"SELECT RES_ENT_ID,LIB_FEAT_ID,FTYPE_ID,UTYPE_CODE,SUPPRESSED,OBS_ENT_CNT FROM RES_FEAT_EKEY WHERE RES_ENT_ID IN ($1) AND FTYPE_ID IN ($2,$3,$4,$5,$6,$7,$8,$9,$10,$11,$12,$13,$14,$15,$16,$17,$18,$19,$20,$21,$22,$23,$24,$25,$26,$27,$28,$29,$30,$31,$32,$33,$34,$35,$36,$37,$38,$39,$40,$41,$42,$43,$44,$45,$46,$47,$48,$49,$50,$51,$52,$53,$54,$55,$56,$57)",0,0,0,0,0,0,810199,87222.35574700487,0.005263,80.229081,0.1076554719852837,1.3719040082029763,2628159,4204412,0,0,0,0,0,0,0,0,0,0,0,0,0,0,0,0,0,0,0,0,0,0,0,0,0,0,0,0,2026-06-19 14:52:44.084168+00,2026-06-19 14:52:44.084168+00
16410,16412,t,-8616807564044195877,DELETE FROM RES_REL_EKEY WHERE ((RES_ENT_ID=$1 AND REL_ENT_ID=$2 AND RES_REL_ID=$3) OR (RES_ENT_ID=$4 AND REL_ENT_ID=$5 AND RES_REL_ID=$6)),0,0,0,0,0,0,1159866,764888.1408100071,0.008906,371.56224599999996,0.6594625075741569,3.731900412406476,2317425,12307971,4927,0,0,0,0,0,0,0,0,52058.68808100001,0,0,0,0,0,0,0,0,0,0,0,0,0,0,0,0,0,0,2026-06-19 14:52:52.0757+00,2026-06-19 14:52:52.0757+00
10,16384,t,-457569447027851694,"FETCH 0 IN ""query-cursor_180""",0,0,0,0,0,0,1,0.004873,0.004873,0.004873,0.004873,0,0,0,0,0,0,0,0,0,0,0,0,0,0,0,0,0,0,0,0,0,0,0,0,0,0,0,0,0,0,0,2026-06-19 16:40:27.902269+00,2026-06-19 16:40:27.902269+00
16410,16412,t,4454700012316907169,"SELECT RES_ENT_ID,LIB_FEAT_ID,FTYPE_ID,UTYPE_CODE,SUPPRESSED,OBS_ENT_CNT FROM RES_FEAT_EKEY WHERE RES_ENT_ID IN ($1,$2,$3,$4) AND FTYPE_ID IN ($5,$6,$7,$8,$9,$10,$11,$12,$13,$14,$15,$16,$17,$18,$19,$20,$21,$22,$23,$24,$25,$26,$27,$28,$29,$30,$31,$32,$33,$34,$35,$36,$37,$38,$39,$40,$41,$42,$43,$44,$45,$46,$47,$48,$49,$50,$51,$52,$53,$54,$55,$56,$57)",0,0,0,0,0,0,34,28.826386999999993,0.061474,14.119719,0.8478349117647057,3.0233688561894616,378,553,0,0,0,0,0,0,0,0,0,0,0,0,0,0,0,0,0,0,0,0,0,0,0,0,0,0,0,0,2026-06-19 15:56:24.207376+00,2026-06-19 15:56:24.207376+00
16410,16412,t,-6012158331967776182,"SELECT RES_ENT_ID,LIB_FEAT_ID,FTYPE_ID,UTYPE_CODE,SUPPRESSED,OBS_ENT_CNT FROM RES_FEAT_EKEY WHERE RES_ENT_ID IN ($1,$2,$3,$4,$5,$6,$7,$8)",0,0,0,0,0,0,3074703,7333462.14439134,0.053278,1004.557047,2.3850961033931863,10.179441145183675,507251801,107561851,890801,0,0,0,0,0,0,0,0,5375436.141293214,0,0,0,0,0,0,0,0,0,0,0,0,0,0,0,0,0,0,2026-06-19 14:52:52.233982+00,2026-06-19 14:52:52.233982+00
10,16384,t,-3609704862907785947,"FETCH 0 IN ""query-cursor_80""",0,0,0,0,0,0,1,0.00432,0.00432,0.00432,0.00432,0,0,0,0,0,0,0,0,0,0,0,0,0,0,0,0,0,0,0,0,0,0,0,0,0,0,0,0,0,0,0,2026-06-19 14:08:27.668406+00,2026-06-19 14:08:27.668406+00
10,16384,t,8091953588045074149,"FETCH 0 IN ""query-cursor_142""",0,0,0,0,0,0,1,0.007518,0.007518,0.007518,0.007518,0,0,0,0,0,0,0,0,0,0,0,0,0,0,0,0,0,0,0,0,0,0,0,0,0,0,0,0,0,0,0,2026-06-19 15:20:27.731845+00,2026-06-19 15:20:27.731845+00
10,16384,t,3026425700447616423,"MOVE ALL IN ""query-cursor_196""",0,0,0,0,0,0,1,7.898859,7.898859,7.898859,7.898859,0,0,0,0,0,0,0,0,0,0,0,0,0,0,0,0,0,0,0,0,0,0,0,0,0,0,0,0,0,0,0,2026-06-19 17:12:28.192333+00,2026-06-19 17:12:28.192333+00
10,16384,t,2542006324122610119,"FETCH 0 IN ""query-cursor_103""",0,0,0,0,0,0,1,0.003176,0.003176,0.003176,0.003176,0,0,0,0,0,0,0,0,0,0,0,0,0,0,0,0,0,0,0,0,0,0,0,0,0,0,0,0,0,0,0,2026-06-19 14:31:27.670099+00,2026-06-19 14:31:27.670099+00
10,16384,t,9105277691521015903,"FETCH 50 IN ""query-cursor_168""",0,0,0,0,0,0,32,0.4720760000000001,0.006734,0.032006,0.014752375000000003,0.0068407053627074915,1600,0,0,0,0,0,0,0,0,0,0,0,0,0,0,0,0,0,0,0,0,0,0,0,0,0,0,0,0,0,2026-06-19 16:12:27.772787+00,2026-06-19 16:12:27.772787+00
10,16384,t,-8710607445485137661,"FETCH 0 IN ""query-cursor_4""",0,0,0,0,0,0,1,0.003851,0.003851,0.003851,0.003851,0,0,0,0,0,0,0,0,0,0,0,0,0,0,0,0,0,0,0,0,0,0,0,0,0,0,0,0,0,0,0,2026-06-19 12:52:27.662995+00,2026-06-19 12:52:27.662995+00
10,16384,t,2409714455514442706,"FETCH 50 IN ""query-cursor_46""",0,0,0,0,0,0,7,0.02478,0.002845,0.005962,0.00354,0.0010136687258243129,350,0,0,0,0,0,0,0,0,0,0,0,0,0,0,0,0,0,0,0,0,0,0,0,0,0,0,0,0,0,2026-06-19 13:34:27.666936+00,2026-06-19 13:34:27.666936+00
10,16384,t,7344325594132172927,"FETCH 39 IN ""query-cursor_58""",0,0,0,0,0,0,1,0.003004,0.003004,0.003004,0.003004,0,39,0,0,0,0,0,0,0,0,0,0,0,0,0,0,0,0,0,0,0,0,0,0,0,0,0,0,0,0,0,2026-06-19 13:46:27.669757+00,2026-06-19 13:46:27.669757+00
10,16384,t,-1143758240554994682,"MOVE -1998 IN ""query-cursor_224""",0,0,0,0,0,0,1,0.144794,0.144794,0.144794,0.144794,0,0,0,0,0,0,0,0,0,0,0,0,0,0,0,0,0,0,0,0,0,0,0,0,0,0,0,0,0,0,0,2026-06-19 18:08:27.762988+00,2026-06-19 18:08:27.762988+00
10,16384,t,4636828439897736182,"MOVE -1333 IN ""query-cursor_131""",0,0,0,0,0,0,1,0.141229,0.141229,0.141229,0.141229,0,0,0,0,0,0,0,0,0,0,0,0,0,0,0,0,0,0,0,0,0,0,0,0,0,0,0,0,0,0,0,2026-06-19 14:59:27.706159+00,2026-06-19 14:59:27.706159+00
10,16384,t,-7011084734170376001,"FETCH 50 IN ""query-cursor_36""",0,0,0,0,0,0,6,0.020981,0.00285,0.005055,0.003496833333333333,0.0007447553103014591,300,0,0,0,0,0,0,0,0,0,0,0,0,0,0,0,0,0,0,0,0,0,0,0,0,0,0,0,0,0,2026-06-19 13:24:27.666194+00,2026-06-19 13:24:27.666194+00
16410,16412,t,-1123139156033614029,SELECT LOCK_DSRC_ACTION FROM RES_ENT WHERE RES_ENT_ID=$1,0,0,0,0,0,0,5909694,250672.26639900054,0.00407,798.7970829999999,0.042417131309844563,0.7003825887987895,5909694,23639299,0,0,0,0,0,0,0,0,0,0,0,0,0,0,0,0,0,0,0,0,0,0,0,0,0,0,0,0,2026-06-19 14:52:51.908686+00,2026-06-19 14:52:51.908686+00
16410,16412,t,483461964739243505,"SELECT RES_ENT_ID,LIB_FEAT_ID,FTYPE_ID,UTYPE_CODE,SUPPRESSED,OBS_ENT_CNT FROM RES_FEAT_EKEY WHERE RES_ENT_ID IN ($1,$2,$3,$4,$5,$6,$7,$8,$9,$10,$11,$12,$13,$14,$15,$16,$17,$18,$19,$20,$21,$22,$23,$24,$25,$26,$27,$28,$29,$30,$31,$32) AND FTYPE_ID IN ($33,$34,$35,$36,$37,$38,$39)",0,0,0,0,0,0,2,20.567897,0.435629,20.132268,10.2839485,9.8483195,380,187,1,0,0,0,0,0,0,0,0,19.502136,0,0,0,0,0,0,0,0,0,0,0,0,0,0,0,0,0,0,2026-06-19 16:28:50.938983+00,2026-06-19 16:28:50.938983+00
10,16384,t,6518889512858556854,"MOVE ALL IN ""query-cursor_209""",0,0,0,0,0,0,1,9.60655,9.60655,9.60655,9.60655,0,0,0,0,0,0,0,0,0,0,0,0,0,0,0,0,0,0,0,0,0,0,0,0,0,0,0,0,0,0,0,2026-06-19 17:38:27.86391+00,2026-06-19 17:38:27.86391+00
10,16384,t,8337071845861807803,"FETCH 50 IN ""query-cursor_175""",0,0,0,0,0,0,33,0.582152,0.009731,0.031918,0.017640969696969697,0.007138076714416841,1650,0,0,0,0,0,0,0,0,0,0,0,0,0,0,0,0,0,0,0,0,0,0,0,0,0,0,0,0,0,2026-06-19 16:28:27.897174+00,2026-06-19 16:28:27.897174+00
10,16384,t,3163150418627232748,"FETCH 18 IN ""query-cursor_195""",0,0,0,0,0,0,1,0.008226,0.008226,0.008226,0.008226,0,18,0,0,0,0,0,0,0,0,0,0,0,0,0,0,0,0,0,0,0,0,0,0,0,0,0,0,0,0,0,2026-06-19 17:10:28.189665+00,2026-06-19 17:10:28.189665+00
10,16384,t,-5298727576639142011,"WITH RECURSIVE cte AS (    SELECT oid FROM pg_catalog.pg_roles WHERE rolname = $1    UNION ALL    SELECT m.member    FROM   cte    JOIN   pg_catalog.pg_auth_members m ON m.roleid = cte.oid) SELECT COUNT(DISTINCT oid) FROM cte WHERE cte.oid IN (SELECT oid FROM pg_catalog.pg_roles WHERE rolcanlogin = $2 AND rolname NOT IN ($3,$4,$5,$6,$7,$8,$9,$10,$11,$12,$13,$14,$15,$16,$17,$18) AND (rolvaliduntil IS NULL OR rolvaliduntil >= CURRENT_TIMESTAMP))",0,0,0,0,0,0,3,0.150459,0.037382000000000006,0.072049,0.050153,0.01555419431107464,3,24,0,0,0,0,0,0,0,0,0,0,0,0,0,0,0,0,0,0,0,0,0,0,0,0,0,0,0,0,2026-06-19 13:45:53.582123+00,2026-06-19 13:45:53.582123+00
16410,16412,t,2854036196645122364,"SELECT LIB_FEAT_ID,FEAT_DESC,FTYPE_ID,ANONYMIZED,FEAT_HASH,VERSION,FELEM_VALUES FROM LIB_FEAT WHERE LIB_FEAT_ID IN ($1)",0,0,0,0,0,0,1700707,757249.3714690092,0.006462,393.731104,0.4452556327862525,5.229021446251464,1700707,8457669,40291,0,0,0,0,0,0,0,0,628580.031000001,0,0,0,0,0,0,0,0,0,0,0,0,0,0,0,0,0,0,2026-06-19 14:52:40.247582+00,2026-06-19 14:52:40.247582+00
16410,16412,t,-8159121024095295420,"SELECT RES_ENT_ID,REL_ENT_ID,RES_REL_ID FROM RES_REL_EKEY WHERE RES_ENT_ID = $1 AND REL_ENT_ID = $2",0,0,0,0,0,0,4731457,170875.46239600648,0.004039,206.44615199999998,0.03611476600041097,0.5048151755130801,4731457,27245493,0,0,0,0,0,0,0,0,0,0,0,0,0,0,0,0,0,0,0,0,0,0,0,0,0,0,0,0,2026-06-19 14:52:52.295661+00,2026-06-19 14:52:52.295661+00
10,16384,t,-9144321853804330121,"MOVE -604 IN ""query-cursor_77""",0,0,0,0,0,0,1,0.012643,0.012643,0.012643,0.012643,0,0,0,0,0,0,0,0,0,0,0,0,0,0,0,0,0,0,0,0,0,0,0,0,0,0,0,0,0,0,0,2026-06-19 14:05:27.669591+00,2026-06-19 14:05:27.669591+00
10,16384,t,7587550126874807202,"MOVE -1477 IN ""query-cursor_146""",0,0,0,0,0,0,1,0.133876,0.133876,0.133876,0.133876,0,0,0,0,0,0,0,0,0,0,0,0,0,0,0,0,0,0,0,0,0,0,0,0,0,0,0,0,0,0,0,2026-06-19 15:28:28.030898+00,2026-06-19 15:28:28.030898+00
16410,16412,t,-498471380049374155,"INSERT INTO RES_REL_EKEY(RES_REL_ID,RES_ENT_ID,REL_ENT_ID) VALUES ($1,$2,$3),($4,$5,$6),($7,$8,$9) ON CONFLICT DO NOTHING",0,0,0,0,0,0,5,11.648087,0.08708,11.194168,2.3296174,4.43231657802254,15,138,0,0,0,0,0,0,0,0,0,0,0,0,0,0,0,0,0,0,0,0,0,0,0,0,0,0,0,0,2026-06-19 16:14:10.487292+00,2026-06-19 16:14:10.487292+00
16410,16412,t,8036242416518920051,DELETE FROM RES_REL_EKEY WHERE ((RES_ENT_ID=$1 AND REL_ENT_ID=$2 AND RES_REL_ID=$3) OR (RES_ENT_ID=$4 AND REL_ENT_ID=$5 AND RES_REL_ID=$6) OR (RES_ENT_ID=$7 AND REL_ENT_ID=$8 AND RES_REL_ID=$9) OR (RES_ENT_ID=$10 AND REL_ENT_ID=$11 AND RES_REL_ID=$12) OR (RES_ENT_ID=$13 AND REL_ENT_ID=$14 AND RES_REL_ID=$15) OR (RES_ENT_ID=$16 AND REL_ENT_ID=$17 AND RES_REL_ID=$18) OR (RES_ENT_ID=$19 AND REL_ENT_ID=$20 AND RES_REL_ID=$21) OR (RES_ENT_ID=$22 AND REL_ENT_ID=$23 AND RES_REL_ID=$24)),0,0,0,0,0,0,1108038,1896475.4084450444,0.036917,730.183583,1.7115617049641298,8.28046563964483,7563927,44845139,35848,0,0,0,0,0,0,0,0,374934.9458769977,0,0,0,0,0,0,0,0,0,0,0,0,0,0,0,0,0,0,2026-06-19 14:52:51.96345+00,2026-06-19 14:52:51.96345+00
10,16384,t,-8475323806546790750,"select queryid, calls, (total_plan_time + total_exec_time) as total_time, rows, shared_blks_hit, shared_blks_dirtied, shared_blks_read, shared_blks_written, local_blks_hit, local_blks_dirtied, local_blks_read, local_blks_written, temp_blks_read, temp_blks_written, storage_blks_read, orcache_blks_hit, shared_blk_read_time as blk_read_time, shared_blk_write_time as blk_write_time, storage_blk_read_time, local_blk_read_time, orcache_blk_read_time, total_plan_time, total_exec_time from aurora_stat_statements($1) where queryid in ($2, $3, $4, $5, $6, $7, $8, $9, $10, $11, $12, $13, $14, $15, $16, $17, $18, $19, $20, $21, $22, $23, $24, $25, $26, $27, $28, $29, $30, $31, $32, $33, $34, $35, $36, $37, $38, $39, $40, $41, $42, $43, $44, $45, $46, $47, $48, $49, $50, $51, $52, $53, $54, $55, $56, $57, $58, $59, $60, $61, $62, $63, $64, $65, $66)",0,0,0,0,0,0,24,171.73347300000003,2.854927,86.37582,7.155561375000001,16.5579678575158,1584,0,0,0,0,0,0,0,0,0,0,0,0,0,0,0,0,0,0,0,0,0,0,0,0,0,0,0,0,0,2026-06-19 15:18:37.730349+00,2026-06-19 15:18:37.730349+00
10,16384,t,-2990383854108231946,"MOVE ALL IN ""query-cursor_14""",0,0,0,0,0,0,1,0.430328,0.430328,0.430328,0.430328,0,0,0,0,0,0,0,0,0,0,0,0,0,0,0,0,0,0,0,0,0,0,0,0,0,0,0,0,0,0,0,2026-06-19 13:02:27.664211+00,2026-06-19 13:02:27.664211+00
10,16384,t,-2305038764434628613,"DECLARE ""query-cursor_231"" SCROLL CURSOR FOR select queryid, left(query, $1), calls, (total_plan_time + total_exec_time) as total_time from aurora_stat_statements($2) order by calls desc limit $3 FOR READ ONLY",0,0,0,0,0,0,1,0.066358,0.066358,0.066358,0.066358,0,0,0,0,0,0,0,0,0,0,0,0,0,0,0,0,0,0,0,0,0,0,0,0,0,0,0,0,0,0,0,2026-06-19 18:22:27.680337+00,2026-06-19 18:22:27.680337+00
10,16384,t,-2320636187808650634,"FETCH 43 IN ""query-cursor_207""",0,0,0,0,0,0,1,0.009331,0.009331,0.009331,0.009331,0,43,0,0,0,0,0,0,0,0,0,0,0,0,0,0,0,0,0,0,0,0,0,0,0,0,0,0,0,0,0,2026-06-19 17:34:27.749515+00,2026-06-19 17:34:27.749515+00
10,16384,t,3424414348398721157,"MOVE ALL IN ""query-cursor_7""",0,0,0,0,0,0,1,0.357937,0.357937,0.357937,0.357937,0,0,0,0,0,0,0,0,0,0,0,0,0,0,0,0,0,0,0,0,0,0,0,0,0,0,0,0,0,0,0,2026-06-19 12:55:27.663635+00,2026-06-19 12:55:27.663635+00
10,16384,t,-4945081298283291087,"DECLARE ""query-cursor_251"" SCROLL CURSOR FOR select queryid, left(query, $1), calls, (total_plan_time + total_exec_time) as total_time from aurora_stat_statements($2) order by calls desc limit $3 FOR READ ONLY",0,0,0,0,0,0,1,0.097677,0.097677,0.097677,0.097677,0,0,0,0,0,0,0,0,0,0,0,0,0,0,0,0,0,0,0,0,0,0,0,0,0,0,0,0,0,0,0,2026-06-19 19:01:27.682168+00,2026-06-19 19:01:27.682168+00
16410,16412,t,144010698176004504,"SELECT OBS_ENT_ID,DSRC_ID,ENT_SRC_KEY,FEATURES FROM OBS_ENT WHERE OBS_ENT_ID IN ($1,$2,$3,$4,$5,$6,$7,$8)",0,0,0,0,0,0,667916,145148.4976700041,0.015441,353.86567,0.217315497263135,2.1620884666237172,3751240,17506144,3466,0,0,0,0,0,0,0,0,16509.055856000003,0,0,0,0,0,0,0,0,0,0,0,0,0,0,0,0,0,0,2026-06-19 14:57:32.655683+00,2026-06-19 14:57:32.655683+00
10,16384,t,3134999784458862983,"select s.*, extract($1 from s.lastattempt) as lastattempt_ts from rds_get_stat_connections_counters() as s limit $2",0,0,0,0,0,0,1,0.643487,0.643487,0.643487,0.643487,0,1,0,0,0,0,0,0,0,0,0,0,0,0,0,0,0,0,0,0,0,0,0,0,0,0,0,0,0,0,0,2026-06-19 12:50:37.695959+00,2026-06-19 12:50:37.695959+00
10,16384,t,4660256403183711969,"FETCH 17 IN ""query-cursor_96""",0,0,0,0,0,0,1,0.002301,0.002301,0.002301,0.002301,0,17,0,0,0,0,0,0,0,0,0,0,0,0,0,0,0,0,0,0,0,0,0,0,0,0,0,0,0,0,0,2026-06-19 14:24:27.673788+00,2026-06-19 14:24:27.673788+00
10,16384,t,5534330854717999978,"DECLARE ""query-cursor_246"" SCROLL CURSOR FOR select queryid, left(query, $1), calls, (total_plan_time + total_exec_time) as total_time from aurora_stat_statements($2) order by calls desc limit $3 FOR READ ONLY",0,0,0,0,0,0,1,0.081012,0.081012,0.081012,0.081012,0,0,0,0,0,0,0,0,0,0,0,0,0,0,0,0,0,0,0,0,0,0,0,0,0,0,0,0,0,0,0,2026-06-19 18:51:27.682011+00,2026-06-19 18:51:27.682011+00
10,16384,t,-8271710602517182856,"DECLARE ""query-cursor_248"" SCROLL CURSOR FOR select queryid, left(query, $1), calls, (total_plan_time + total_exec_time) as total_time from aurora_stat_statements($2) order by calls desc limit $3 FOR READ ONLY",0,0,0,0,0,0,1,0.086143,0.086143,0.086143,0.086143,0,0,0,0,0,0,0,0,0,0,0,0,0,0,0,0,0,0,0,0,0,0,0,0,0,0,0,0,0,0,0,2026-06-19 18:55:27.685568+00,2026-06-19 18:55:27.685568+00
10,16384,t,-751252995371364494,"FETCH 22 IN ""query-cursor_165""",0,0,0,0,0,0,1,0.009089,0.009089,0.009089,0.009089,0,22,0,0,0,0,0,0,0,0,0,0,0,0,0,0,0,0,0,0,0,0,0,0,0,0,0,0,0,0,0,2026-06-19 16:06:27.805333+00,2026-06-19 16:06:27.805333+00
16410,16412,t,1416552375642892527,"UPDATE RES_RELATE AS T SET IS_DISCLOSED=C.IS_DISCLOSED,IS_AMBIGUOUS=C.IS_AMBIGUOUS,LAST_ERRULE_ID=C.LAST_ERRULE_ID,MATCH_KEY=C.MATCH_KEY,MATCH_KEY_DETAILS=C.MATCH_KEY_DETAILS,MATCH_LEVELS=C.MATCH_LEVELS FROM (VALUES (CAST ($1 AS BIGINT),CAST ($2 AS BIGINT),CAST ($3 AS BIGINT),CAST ($4 AS BIGINT),$5,$6,$7),(CAST ($8 AS BIGINT),CAST ($9 AS BIGINT),CAST ($10 AS BIGINT),CAST ($11 AS BIGINT),$12,$13,$14),(CAST ($15 AS BIGINT),CAST ($16 AS BIGINT),CAST ($17 AS BIGINT),CAST ($18 AS BIGINT),$19,$20,$21),(CAST ($22 AS BIGINT),CAST ($23 AS BIGINT),CAST ($24 AS BIGINT),CAST ($25 AS BIGINT),$26,$27,$28),(CAST ($29 AS BIGINT),CAST ($30 AS BIGINT),CAST ($31 AS BIGINT),CAST ($32 AS BIGINT),$33,$34,$35),(CAST ($36 AS BIGINT),CAST ($37 AS BIGINT),CAST ($38 AS BIGINT),CAST ($39 AS BIGINT),$40,$41,$42),(CAST ($43 AS BIGINT),CAST ($44 AS BIGINT),CAST ($45 AS BIGINT),CAST ($46 AS BIGINT),$47,$48,$49),(CAST ($50 AS BIGINT),CAST ($51 AS BIGINT),CAST ($52 AS BIGINT),CAST ($53 AS BIGINT),$54,$55,$56),(CAST ($57 AS BIGINT),CAST ($58 AS BIGINT),CAST ($59 AS BIGINT),CAST ($60 AS BIGINT),$61,$62,$63),(CAST ($64 AS BIGINT),CAST ($65 AS BIGINT),CAST ($66 AS BIGINT),CAST ($67 AS BIGINT),$68,$69,$70)) AS C(RES_REL_ID,IS_DISCLOSED,IS_AMBIGUOUS,LAST_ERRULE_ID,MATCH_KEY,MATCH_KEY_DETAILS,MATCH_LEVELS) WHERE C.RES_REL_ID=T.RES_REL_ID",0,0,0,0,0,0,2171,19152.922720999923,0.164725,432.786067,8.822166154306736,32.66443300297077,21709,214913,618,0,519,0,0,0,0,0,0,5682.634383,3.499261,0,0,0,0,0,0,0,0,0,0,0,0,0,0,0,0,0,2026-06-19 14:54:39.366992+00,2026-06-19 14:54:39.366992+00
16410,16412,t,-3634601909939739195,"SELECT OBS_ENT_ID,DSRC_ID,ENT_SRC_KEY,FEATURES FROM OBS_ENT WHERE OBS_ENT_ID IN ($1,$2,$3,$4)",0,0,0,0,0,0,2416227,476278.0310350186,0.009928000000000001,510.604889,0.1971164261615397,2.7522129305641454,8095209,38119342,34433,0,0,0,0,0,0,0,0,168777.41203600017,0,0,0,0,0,0,0,0,0,0,0,0,0,0,0,0,0,0,2026-06-19 14:53:15.279434+00,2026-06-19 14:53:15.279434+00
10,16384,t,-2165383900156341500,"FETCH 50 IN ""query-cursor_221""",0,0,0,0,0,0,39,0.612731,0.007953,0.030935,0.015711051282051282,0.0061316426583484,1950,0,0,0,0,0,0,0,0,0,0,0,0,0,0,0,0,0,0,0,0,0,0,0,0,0,0,0,0,0,2026-06-19 18:02:27.748007+00,2026-06-19 18:02:27.748007+00
10,16384,t,-6807347537087844173,"FETCH 0 IN ""query-cursor_150""",0,0,0,0,0,0,1,0.005682,0.005682,0.005682,0.005682,0,0,0,0,0,0,0,0,0,0,0,0,0,0,0,0,0,0,0,0,0,0,0,0,0,0,0,0,0,0,0,2026-06-19 15:36:27.854607+00,2026-06-19 15:36:27.854607+00
10,16384,t,-4156863016809029360,"DECLARE ""query-cursor_37"" SCROLL CURSOR FOR select queryid, left(query, $1), calls, (total_plan_time + total_exec_time) as total_time from aurora_stat_statements($2) order by calls desc limit $3 FOR READ ONLY",0,0,0,0,0,0,1,0.066142,0.066142,0.066142,0.066142,0,0,0,0,0,0,0,0,0,0,0,0,0,0,0,0,0,0,0,0,0,0,0,0,0,0,0,0,0,0,0,2026-06-19 13:25:27.665362+00,2026-06-19 13:25:27.665362+00
10,16384,t,5485649874869768260,"MOVE -1298 IN ""query-cursor_128""",0,0,0,0,0,0,1,0.047647,0.047647,0.047647,0.047647,0,0,0,0,0,0,0,0,0,0,0,0,0,0,0,0,0,0,0,0,0,0,0,0,0,0,0,0,0,0,0,2026-06-19 14:56:27.676326+00,2026-06-19 14:56:27.676326+00
16410,16412,t,5260920821640913199,"COPY  ( SELECT match_key, count ( * ) FROM res_relate GROUP BY match_key ORDER BY 2 DESC ) TO STDOUT WITH CSV HEADER",0,0,0,0,0,0,1,12455.205442,12455.205442,12455.205442,12455.205442,0,2524,1703230,1600,0,0,0,0,0,0,58087,58151,1515.154771,0,0,0,88.479143,176.53522,0,0,0,0,0,0,0,0,0,0,0,0,0,2026-06-19 19:04:13.47478+00,2026-06-19 19:04:13.47478+00
10,16384,t,-4513416586340033438,"MOVE -814 IN ""query-cursor_112""",0,0,0,0,0,0,1,0.017647,0.017647,0.017647,0.017647,0,0,0,0,0,0,0,0,0,0,0,0,0,0,0,0,0,0,0,0,0,0,0,0,0,0,0,0,0,0,0,2026-06-19 14:40:27.672603+00,2026-06-19 14:40:27.672603+00
10,16384,t,-442562607440623008,"MOVE -248 IN ""query-cursor_21""",0,0,0,0,0,0,1,0.007448,0.007448,0.007448,0.007448,0,0,0,0,0,0,0,0,0,0,0,0,0,0,0,0,0,0,0,0,0,0,0,0,0,0,0,0,0,0,0,2026-06-19 13:09:27.664862+00,2026-06-19 13:09:27.664862+00
10,16384,t,3384422225460684626,"FETCH 0 IN ""query-cursor_73""",0,0,0,0,0,0,1,0.003505,0.003505,0.003505,0.003505,0,0,0,0,0,0,0,0,0,0,0,0,0,0,0,0,0,0,0,0,0,0,0,0,0,0,0,0,0,0,0,2026-06-19 14:01:27.66793+00,2026-06-19 14:01:27.66793+00
10,16384,t,-2929486617036671254,"MOVE -321 IN ""query-cursor_33""",0,0,0,0,0,0,1,0.00826,0.00826,0.00826,0.00826,0,0,0,0,0,0,0,0,0,0,0,0,0,0,0,0,0,0,0,0,0,0,0,0,0,0,0,0,0,0,0,2026-06-19 13:21:27.665914+00,2026-06-19 13:21:27.665914+00
16410,16412,t,2075108485745073951,"CREATE TABLE OBS_ENT (OBS_ENT_ID BIGINT NOT NULL, LOCKING_ID BIGINT NOT NULL, LAST_TOUCH_DT BIGINT, DSRC_ID SMALLINT NOT NULL, LOCK_DSRC_ACTION CHAR(1), ENT_SRC_KEY VARCHAR(40) NOT NULL, FEATURES TEXT, PRIMARY KEY(ENT_SRC_KEY, DSRC_ID))",0,0,0,0,0,0,1,4.955478,4.955478,4.955478,4.955478,0,0,391,0,0,0,0,0,0,0,0,0,0,0,0,0,0,0,0,0,0,0,0,0,0,0,0,0,0,0,0,2026-06-19 12:52:04.135907+00,2026-06-19 12:52:04.135907+00
10,16384,t,-6507285794628175001,"MOVE ALL IN ""query-cursor_156""",0,0,0,0,0,0,1,7.496816,7.496816,7.496816,7.496816,0,0,0,0,0,0,0,0,0,0,0,0,0,0,0,0,0,0,0,0,0,0,0,0,0,0,0,0,0,0,0,2026-06-19 15:48:27.779556+00,2026-06-19 15:48:27.779556+00
16410,16412,t,8975955868153931290,"SELECT LIB_FEAT_ID,FEAT_DESC,FTYPE_ID,ANONYMIZED,FEAT_HASH,VERSION,FELEM_VALUES FROM LIB_FEAT WHERE (FEAT_HASH=$1 AND FTYPE_ID=$2) UNION ALL SELECT LIB_FEAT_ID,FEAT_DESC,FTYPE_ID,ANONYMIZED,FEAT_HASH,VERSION,FELEM_VALUES FROM LIB_FEAT WHERE (FEAT_HASH=$3 AND FTYPE_ID=$4) UNION ALL SELECT LIB_FEAT_ID,FEAT_DESC,FTYPE_ID,ANONYMIZED,FEAT_HASH,VERSION,FELEM_VALUES FROM LIB_FEAT WHERE (FEAT_HASH=$5 AND FTYPE_ID=$6) UNION ALL SELECT LIB_FEAT_ID,FEAT_DESC,FTYPE_ID,ANONYMIZED,FEAT_HASH,VERSION,FELEM_VALUES FROM LIB_FEAT WHERE (FEAT_HASH=$7 AND FTYPE_ID=$8)",0,0,0,0,0,0,33396,46302.20090900002,0.028422,300.6499,1.3864594834411312,8.264028250919166,78834,726141,3767,0,0,0,0,0,0,0,0,35610.455678000086,0,0,0,0,0,0,0,0,0,0,0,0,0,0,0,0,0,0,2026-06-19 14:52:39.707244+00,2026-06-19 14:52:39.707244+00
10,16384,t,-5886777658074463554,"MOVE -309 IN ""query-cursor_31""",0,0,0,0,0,0,1,0.008102,0.008102,0.008102,0.008102,0,0,0,0,0,0,0,0,0,0,0,0,0,0,0,0,0,0,0,0,0,0,0,0,0,0,0,0,0,0,0,2026-06-19 13:19:27.665711+00,2026-06-19 13:19:27.665711+00
16410,16412,t,458928974733134856,DELETE FROM RES_ENT_OKEY WHERE RES_ENT_ID=$1 AND OBS_ENT_ID=$2,0,0,0,0,0,0,508318,351317.32979400293,0.005104,405.29491299999995,0.691136906019466,4.290087287220323,426800,2517797,2143,0,0,0,0,0,0,0,0,49747.564800000095,0,0,0,0,0,0,0,0,0,0,0,0,0,0,0,0,0,0,2026-06-19 14:52:42.137039+00,2026-06-19 14:52:42.137039+00
10,16384,t,5240516512281358196,"MOVE -2028 IN ""query-cursor_229""",0,0,0,0,0,0,1,0.03833,0.03833,0.03833,0.03833,0,0,0,0,0,0,0,0,0,0,0,0,0,0,0,0,0,0,0,0,0,0,0,0,0,0,0,0,0,0,0,2026-06-19 18:18:27.686531+00,2026-06-19 18:18:27.686531+00
10,16384,t,-6998834174628833962,"FETCH 3 IN ""query-cursor_102""",0,0,0,0,0,0,1,0.00146,0.00146,0.00146,0.00146,0,3,0,0,0,0,0,0,0,0,0,0,0,0,0,0,0,0,0,0,0,0,0,0,0,0,0,0,0,0,0,2026-06-19 14:30:27.674329+00,2026-06-19 14:30:27.674329+00
10,16384,t,8610813265028517438,"MOVE -820 IN ""query-cursor_113""",0,0,0,0,0,0,1,0.017186,0.017186,0.017186,0.017186,0,0,0,0,0,0,0,0,0,0,0,0,0,0,0,0,0,0,0,0,0,0,0,0,0,0,0,0,0,0,0,2026-06-19 14:41:27.672653+00,2026-06-19 14:41:27.672653+00
10,16384,t,-3516550289369952489,"FETCH 30 IN ""query-cursor_213""",0,0,0,0,0,0,1,0.008419,0.008419,0.008419,0.008419,0,30,0,0,0,0,0,0,0,0,0,0,0,0,0,0,0,0,0,0,0,0,0,0,0,0,0,0,0,0,0,2026-06-19 17:46:27.96088+00,2026-06-19 17:46:27.96088+00
10,16384,t,-4812002952626931059,"FETCH 50 IN ""query-cursor_102""",0,0,0,0,0,0,15,0.047029,0.002695,0.005816,0.0031352666666666666,0.0007507093948763102,750,0,0,0,0,0,0,0,0,0,0,0,0,0,0,0,0,0,0,0,0,0,0,0,0,0,0,0,0,0,2026-06-19 14:30:27.671815+00,2026-06-19 14:30:27.671815+00
16410,16412,t,1117521642449440830,"UPDATE RES_FEAT_STAT AS T SET FTYPE_ID=C.FTYPE_ID,NUM_RES_ENT=C.NUM_RES_ENT_NEW,NUM_RES_ENT_OOM=C.NUM_RES_ENT_OOM_NEW FROM (VALUES (CAST ($1 AS BIGINT),CAST ($2 AS INT),CAST ($3 AS BIGINT),CAST ($4 AS BIGINT),CAST ($5 AS BIGINT),CAST ($6 AS BIGINT)),(CAST ($7 AS BIGINT),CAST ($8 AS INT),CAST ($9 AS BIGINT),CAST ($10 AS BIGINT),CAST ($11 AS BIGINT),CAST ($12 AS BIGINT)),(CAST ($13 AS BIGINT),CAST ($14 AS INT),CAST ($15 AS BIGINT),CAST ($16 AS BIGINT),CAST ($17 AS BIGINT),CAST ($18 AS BIGINT)),(CAST ($19 AS BIGINT),CAST ($20 AS INT),CAST ($21 AS BIGINT),CAST ($22 AS BIGINT),CAST ($23 AS BIGINT),CAST ($24 AS BIGINT)),(CAST ($25 AS BIGINT),CAST ($26 AS INT),CAST ($27 AS BIGINT),CAST ($28 AS BIGINT),CAST ($29 AS BIGINT),CAST ($30 AS BIGINT)),(CAST ($31 AS BIGINT),CAST ($32 AS INT),CAST ($33 AS BIGINT),CAST ($34 AS BIGINT),CAST ($35 AS BIGINT),CAST ($36 AS BIGINT)),(CAST ($37 AS BIGINT),CAST ($38 AS INT),CAST ($39 AS BIGINT),CAST ($40 AS BIGINT),CAST ($41 AS BIGINT),CAST ($42 AS BIGINT)),(CAST ($43 AS BIGINT),CAST ($44 AS INT),CAST ($45 AS BIGINT),CAST ($46 AS BIGINT),CAST ($47 AS BIGINT),CAST ($48 AS BIGINT)),(CAST ($49 AS BIGINT),CAST ($50 AS INT),CAST ($51 AS BIGINT),CAST ($52 AS BIGINT),CAST ($53 AS BIGINT),CAST ($54 AS BIGINT)),(CAST ($55 AS BIGINT),CAST ($56 AS INT),CAST ($57 AS BIGINT),CAST ($58 AS BIGINT),CAST ($59 AS BIGINT),CAST ($60 AS BIGINT)),(CAST ($61 AS BIGINT),CAST ($62 AS INT),CAST ($63 AS BIGINT),CAST ($64 AS BIGINT),CAST ($65 AS BIGINT),CAST ($66 AS BIGINT))) AS C(LIB_FEAT_ID,FTYPE_ID,NUM_RES_ENT_OLD,NUM_RES_ENT_OOM_OLD,NUM_RES_ENT_NEW,NUM_RES_ENT_OOM_NEW) WHERE C.LIB_FEAT_ID=T.LIB_FEAT_ID AND C.NUM_RES_ENT_OLD=T.NUM_RES_ENT AND C.NUM_RES_ENT_OOM_OLD=T.NUM_RES_ENT_OOM",0,0,0,0,0,0,30216,290513.25850900065,0.130691,1799.671628,9.614550519890146,44.833471303005645,332232,3348524,324,0,2058,0,0,0,0,0,0,2442.6284930000006,16.826025,0,0,0,0,0,0,0,0,0,0,0,0,0,0,0,0,0,2026-06-19 14:52:57.62914+00,2026-06-19 14:52:57.62914+00
10,16384,t,2610253728206879217,"DECLARE ""query-cursor_130"" SCROLL CURSOR FOR select queryid, left(query, $1), calls, (total_plan_time + total_exec_time) as total_time from aurora_stat_statements($2) order by calls desc limit $3 FOR READ ONLY",0,0,0,0,0,0,1,0.075245,0.075245,0.075245,0.075245,0,0,0,0,0,0,0,0,0,0,0,0,0,0,0,0,0,0,0,0,0,0,0,0,0,0,0,0,0,0,0,2026-06-19 14:58:27.672137+00,2026-06-19 14:58:27.672137+00
10,16384,t,-4567269174263603604,"MOVE -694 IN ""query-cursor_92""",0,0,0,0,0,0,1,0.014944,0.014944,0.014944,0.014944,0,0,0,0,0,0,0,0,0,0,0,0,0,0,0,0,0,0,0,0,0,0,0,0,0,0,0,0,0,0,0,2026-06-19 14:20:27.67089+00,2026-06-19 14:20:27.67089+00
16410,16412,t,-7657784240000831708,"UPDATE RES_FEAT_STAT AS T SET FTYPE_ID=C.FTYPE_ID,NUM_RES_ENT=C.NUM_RES_ENT_NEW,NUM_RES_ENT_OOM=C.NUM_RES_ENT_OOM_NEW FROM (VALUES (CAST ($1 AS BIGINT),CAST ($2 AS INT),CAST ($3 AS BIGINT),CAST ($4 AS BIGINT),CAST ($5 AS BIGINT),CAST ($6 AS BIGINT)),(CAST ($7 AS BIGINT),CAST ($8 AS INT),CAST ($9 AS BIGINT),CAST ($10 AS BIGINT),CAST ($11 AS BIGINT),CAST ($12 AS BIGINT)),(CAST ($13 AS BIGINT),CAST ($14 AS INT),CAST ($15 AS BIGINT),CAST ($16 AS BIGINT),CAST ($17 AS BIGINT),CAST ($18 AS BIGINT)),(CAST ($19 AS BIGINT),CAST ($20 AS INT),CAST ($21 AS BIGINT),CAST ($22 AS BIGINT),CAST ($23 AS BIGINT),CAST ($24 AS BIGINT))) AS C(LIB_FEAT_ID,FTYPE_ID,NUM_RES_ENT_OLD,NUM_RES_ENT_OOM_OLD,NUM_RES_ENT_NEW,NUM_RES_ENT_OOM_NEW) WHERE C.LIB_FEAT_ID=T.LIB_FEAT_ID AND C.NUM_RES_ENT_OLD=T.NUM_RES_ENT AND C.NUM_RES_ENT_OOM_OLD=T.NUM_RES_ENT_OOM",0,0,0,0,0,0,2927442,11753406.861499175,0.042858999999999994,1875.081897,4.014906823602031,22.794387673745184,11699119,100840470,7900,0,93221,0,0,0,0,0,0,56032.742261999956,3004.452699000001,0,0,0,0,0,0,0,0,0,0,0,0,0,0,0,0,0,2026-06-19 14:52:42.293828+00,2026-06-19 14:52:42.293828+00
10,16384,t,3260331107216934674,"FETCH 0 IN ""query-cursor_43""",0,0,0,0,0,0,1,0.00388,0.00388,0.00388,0.00388,0,0,0,0,0,0,0,0,0,0,0,0,0,0,0,0,0,0,0,0,0,0,0,0,0,0,0,0,0,0,0,2026-06-19 13:31:27.665767+00,2026-06-19 13:31:27.665767+00
10,16384,t,-348823821208653415,"DECLARE ""query-cursor_228"" SCROLL CURSOR FOR select queryid, left(query, $1), calls, (total_plan_time + total_exec_time) as total_time from aurora_stat_statements($2) order by calls desc limit $3 FOR READ ONLY",0,0,0,0,0,0,1,0.069256,0.069256,0.069256,0.069256,0,0,0,0,0,0,0,0,0,0,0,0,0,0,0,0,0,0,0,0,0,0,0,0,0,0,0,0,0,0,0,2026-06-19 18:16:27.680205+00,2026-06-19 18:16:27.680205+00
10,16384,t,-8255297649271394667,"FETCH 7 IN ""query-cursor_111""",0,0,0,0,0,0,1,0.001692,0.001692,0.001692,0.001692,0,7,0,0,0,0,0,0,0,0,0,0,0,0,0,0,0,0,0,0,0,0,0,0,0,0,0,0,0,0,0,2026-06-19 14:39:27.675121+00,2026-06-19 14:39:27.675121+00
10,16384,t,7486481472709924374,"MOVE ALL IN ""query-cursor_244""",0,0,0,0,0,0,1,9.229035,9.229035,9.229035,9.229035,0,0,0,0,0,0,0,0,0,0,0,0,0,0,0,0,0,0,0,0,0,0,0,0,0,0,0,0,0,0,0,2026-06-19 18:45:27.862325+00,2026-06-19 18:45:27.862325+00
16410,16412,t,-2602461761388804052,DELETE FROM RES_FEAT_EKEY WHERE RES_ENT_ID=$1 AND ((LIB_FEAT_ID=$2 AND UTYPE_CODE=$3)OR(LIB_FEAT_ID=$4 AND UTYPE_CODE=$5)OR(LIB_FEAT_ID=$6 AND UTYPE_CODE=$7)OR(LIB_FEAT_ID=$8 AND UTYPE_CODE=$9)OR(LIB_FEAT_ID=$10 AND UTYPE_CODE=$11)OR(LIB_FEAT_ID=$12 AND UTYPE_CODE=$13)OR(LIB_FEAT_ID=$14 AND UTYPE_CODE=$15)OR(LIB_FEAT_ID=$16 AND UTYPE_CODE=$17)OR(LIB_FEAT_ID=$18 AND UTYPE_CODE=$19)OR(LIB_FEAT_ID=$20 AND UTYPE_CODE=$21)OR(LIB_FEAT_ID=$22 AND UTYPE_CODE=$23)OR(LIB_FEAT_ID=$24 AND UTYPE_CODE=$25)OR(LIB_FEAT_ID=$26 AND UTYPE_CODE=$27)OR(LIB_FEAT_ID=$28 AND UTYPE_CODE=$29)OR(LIB_FEAT_ID=$30 AND UTYPE_CODE=$31)OR(LIB_FEAT_ID=$32 AND UTYPE_CODE=$33)OR(LIB_FEAT_ID=$34 AND UTYPE_CODE=$35)OR(LIB_FEAT_ID=$36 AND UTYPE_CODE=$37)OR(LIB_FEAT_ID=$38 AND UTYPE_CODE=$39)OR(LIB_FEAT_ID=$40 AND UTYPE_CODE=$41)OR(LIB_FEAT_ID=$42 AND UTYPE_CODE=$43)OR(LIB_FEAT_ID=$44 AND UTYPE_CODE=$45)OR(LIB_FEAT_ID=$46 AND UTYPE_CODE=$47)OR(LIB_FEAT_ID=$48 AND UTYPE_CODE=$49)OR(LIB_FEAT_ID=$50 AND UTYPE_CODE=$51)OR(LIB_FEAT_ID=$52 AND UTYPE_CODE=$53)OR(LIB_FEAT_ID=$54 AND UTYPE_CODE=$55)OR(LIB_FEAT_ID=$56 AND UTYPE_CODE=$57)OR(LIB_FEAT_ID=$58 AND UTYPE_CODE=$59)OR(LIB_FEAT_ID=$60 AND UTYPE_CODE=$61)OR(LIB_FEAT_ID=$62 AND UTYPE_CODE=$63)OR(LIB_FEAT_ID=$64 AND UTYPE_CODE=$65)OR(LIB_FEAT_ID=$66 AND UTYPE_CODE=$67)OR(LIB_FEAT_ID=$68 AND UTYPE_CODE=$69)OR(LIB_FEAT_ID=$70 AND UTYPE_CODE=$71)OR(LIB_FEAT_ID=$72 AND UTYPE_CODE=$73)OR(LIB_FEAT_ID=$74 AND UTYPE_CODE=$75)OR(LIB_FEAT_ID=$76 AND UTYPE_CODE=$77)OR(LIB_FEAT_ID=$78 AND UTYPE_CODE=$79)OR(LIB_FEAT_ID=$80 AND UTYPE_CODE=$81)OR(LIB_FEAT_ID=$82 AND UTYPE_CODE=$83)OR(LIB_FEAT_ID=$84 AND UTYPE_CODE=$85)OR(LIB_FEAT_ID=$86 AND UTYPE_CODE=$87)),0,0,0,0,0,0,2562,103669.09067900019,0.014896,499.486901,40.464125948087506,69.67788726753673,63998,476502,1185,0,0,0,0,0,0,0,0,67850.92391399998,0,0,0,0,0,0,0,0,0,0,0,0,0,0,0,0,0,0,2026-06-19 14:54:18.847546+00,2026-06-19 14:54:18.847546+00
10,16384,t,1279118621032791308,"MOVE ALL IN ""query-cursor_2""",0,0,0,0,0,0,1,0.188157,0.188157,0.188157,0.188157,0,0,0,0,0,0,0,0,0,0,0,0,0,0,0,0,0,0,0,0,0,0,0,0,0,0,0,0,0,0,0,2026-06-19 12:50:27.663087+00,2026-06-19 12:50:27.663087+00
10,16384,t,-6157140201399727420,"FETCH 0 IN ""query-cursor_214""",0,0,0,0,0,0,1,0.010553,0.010553,0.010553,0.010553,0,0,0,0,0,0,0,0,0,0,0,0,0,0,0,0,0,0,0,0,0,0,0,0,0,0,0,0,0,0,0,2026-06-19 17:48:27.871787+00,2026-06-19 17:48:27.871787+00
16410,16412,t,-6640033646631039800,"SELECT DSRC_ID,RECORD_ID,ENT_SRC_KEY FROM DSRC_RECORD WHERE (DSRC_ID=$1 AND ENT_SRC_KEY=$2) OR (DSRC_ID=$3 AND ENT_SRC_KEY=$4)",0,0,0,0,0,0,2009772,703235.1977109929,0.020183999999999997,400.95996699999995,0.34990794861854624,4.098608696065685,4019563,20851886,68368,0,0,0,0,0,0,0,0,395921.7965170065,0,0,0,0,0,0,0,0,0,0,0,0,0,0,0,0,0,0,2026-06-19 14:53:04.480211+00,2026-06-19 14:53:04.480211+00
16410,16412,t,-7399150816265474788,"SELECT RES_ENT_ID,LIB_FEAT_ID,FTYPE_ID,UTYPE_CODE,SUPPRESSED,OBS_ENT_CNT FROM RES_FEAT_EKEY WHERE RES_ENT_ID IN ($1,$2) AND FTYPE_ID IN ($3,$4,$5,$6,$7,$8,$9,$10,$11,$12,$13,$14,$15,$16,$17,$18,$19,$20,$21,$22,$23,$24,$25,$26,$27,$28,$29,$30,$31,$32,$33,$34,$35,$36,$37,$38,$39,$40,$41,$42,$43,$44,$45,$46,$47,$48,$49,$50,$51,$52,$53,$54)",0,0,0,0,0,0,4246,998.8203519999979,0.035277,51.897197999999996,0.23523795383890672,2.0907331264358033,23500,45516,0,0,0,0,0,0,0,0,0,0,0,0,0,0,0,0,0,0,0,0,0,0,0,0,0,0,0,0,2026-06-19 15:01:45.592674+00,2026-06-19 15:01:45.592674+00
10,16384,t,8595890007916640855,"MOVE ALL IN ""query-cursor_199""",0,0,0,0,0,0,1,10.65212,10.65212,10.65212,10.65212,0,0,0,0,0,0,0,0,0,0,0,0,0,0,0,0,0,0,0,0,0,0,0,0,0,0,0,0,0,0,0,2026-06-19 17:18:28.310559+00,2026-06-19 17:18:28.310559+00
10,16384,t,543169652414253300,"DECLARE ""query-cursor_49"" SCROLL CURSOR FOR select queryid, left(query, $1), calls, (total_plan_time + total_exec_time) as total_time from aurora_stat_statements($2) order by calls desc limit $3 FOR READ ONLY",0,0,0,0,0,0,1,0.064762,0.064762,0.064762,0.064762,0,0,0,0,0,0,0,0,0,0,0,0,0,0,0,0,0,0,0,0,0,0,0,0,0,0,0,0,0,0,0,2026-06-19 13:37:27.666189+00,2026-06-19 13:37:27.666189+00
10,16384,t,-2226941535742652769,"FETCH 0 IN ""query-cursor_64""",0,0,0,0,0,0,1,0.003683,0.003683,0.003683,0.003683,0,0,0,0,0,0,0,0,0,0,0,0,0,0,0,0,0,0,0,0,0,0,0,0,0,0,0,0,0,0,0,2026-06-19 13:52:27.667283+00,2026-06-19 13:52:27.667283+00
10,16384,t,-132421109384213628,"DECLARE ""query-cursor_121"" SCROLL CURSOR FOR select queryid, left(query, $1), calls, (total_plan_time + total_exec_time) as total_time from aurora_stat_statements($2) order by calls desc limit $3 FOR READ ONLY",0,0,0,0,0,0,1,0.063981,0.063981,0.063981,0.063981,0,0,0,0,0,0,0,0,0,0,0,0,0,0,0,0,0,0,0,0,0,0,0,0,0,0,0,0,0,0,0,2026-06-19 14:49:27.67129+00,2026-06-19 14:49:27.67129+00
10,16384,t,9086821083568467413,"FETCH 0 IN ""query-cursor_149""",0,0,0,0,0,0,1,0.008946,0.008946,0.008946,0.008946,0,0,0,0,0,0,0,0,0,0,0,0,0,0,0,0,0,0,0,0,0,0,0,0,0,0,0,0,0,0,0,2026-06-19 15:34:27.719833+00,2026-06-19 15:34:27.719833+00
10,16384,t,-3662846218344143063,"MOVE -1812 IN ""query-cursor_194""",0,0,0,0,0,0,1,0.146964,0.146964,0.146964,0.146964,0,0,0,0,0,0,0,0,0,0,0,0,0,0,0,0,0,0,0,0,0,0,0,0,0,0,0,0,0,0,0,2026-06-19 17:08:27.69087+00,2026-06-19 17:08:27.69087+00
10,16384,t,5649760721820237031,"FETCH 0 IN ""query-cursor_192""",0,0,0,0,0,0,1,0.008824,0.008824,0.008824,0.008824,0,0,0,0,0,0,0,0,0,0,0,0,0,0,0,0,0,0,0,0,0,0,0,0,0,0,0,0,0,0,0,2026-06-19 17:04:27.954667+00,2026-06-19 17:04:27.954667+00
10,16384,t,1239570747102543877,"DECLARE ""query-cursor_17"" SCROLL CURSOR FOR select queryid, left(query, $1), calls, (total_plan_time + total_exec_time) as total_time from aurora_stat_statements($2) order by calls desc limit $3 FOR READ ONLY",0,0,0,0,0,0,1,0.063591,0.063591,0.063591,0.063591,0,0,0,0,0,0,0,0,0,0,0,0,0,0,0,0,0,0,0,0,0,0,0,0,0,0,0,0,0,0,0,2026-06-19 13:05:27.66392+00,2026-06-19 13:05:27.66392+00
10,16384,t,5702438677136522567,"FETCH 50 IN ""query-cursor_116""",0,0,0,0,0,0,16,0.05245999999999999,0.002764,0.006679,0.0032787499999999995,0.0009091525930777517,800,0,0,0,0,0,0,0,0,0,0,0,0,0,0,0,0,0,0,0,0,0,0,0,0,0,0,0,0,0,2026-06-19 14:44:27.672894+00,2026-06-19 14:44:27.672894+00
10,16384,t,4922048638912832000,"FETCH 50 IN ""query-cursor_88""",0,0,0,0,0,0,13,0.040319999999999995,0.002667,0.005656,0.003101538461538461,0.0007528696501116054,650,0,0,0,0,0,0,0,0,0,0,0,0,0,0,0,0,0,0,0,0,0,0,0,0,0,0,0,0,0,2026-06-19 14:16:27.670652+00,2026-06-19 14:16:27.670652+00
10,16384,t,556235289938522297,"FETCH 41 IN ""query-cursor_148""",0,0,0,0,0,0,1,0.011447,0.011447,0.011447,0.011447,0,41,0,0,0,0,0,0,0,0,0,0,0,0,0,0,0,0,0,0,0,0,0,0,0,0,0,0,0,0,0,2026-06-19 15:32:28.153168+00,2026-06-19 15:32:28.153168+00
16410,16412,t,7489588082314522700,"SELECT RES_ENT_ID,LIB_FEAT_ID,FTYPE_ID,UTYPE_CODE,SUPPRESSED,OBS_ENT_CNT FROM RES_FEAT_EKEY WHERE RES_ENT_ID IN ($1) AND FTYPE_ID IN ($2,$3,$4,$5,$6,$7,$8,$9,$10,$11,$12,$13,$14,$15,$16,$17,$18,$19,$20,$21,$22,$23,$24,$25,$26,$27,$28,$29,$30,$31,$32,$33,$34,$35,$36,$37,$38,$39,$40,$41,$42,$43,$44,$45,$46,$47,$48,$49,$50,$51,$52,$53,$54,$55,$56,$57,$58,$59,$60,$61,$62,$63,$64,$65)",0,0,0,0,0,0,2555,475.9731229999998,0.00665,47.914049,0.18629085048923671,1.9297431223506059,36626,14552,0,0,0,0,0,0,0,0,0,0,0,0,0,0,0,0,0,0,0,0,0,0,0,0,0,0,0,0,2026-06-19 14:54:50.370278+00,2026-06-19 14:54:50.370278+00
16410,16412,t,5695398124724744310,"SELECT RES_ENT_ID,LIB_FEAT_ID,FTYPE_ID,UTYPE_CODE,SUPPRESSED,OBS_ENT_CNT FROM RES_FEAT_EKEY WHERE RES_ENT_ID IN ($1,$2,$3,$4,$5,$6,$7,$8) AND FTYPE_ID IN ($9,$10,$11,$12,$13,$14,$15,$16,$17,$18,$19,$20,$21,$22,$23)",0,0,0,0,0,0,534320,2323515.6257899883,0.056369,889.938674,4.34854698643133,18.074292982802177,67109797,17925822,104290,0,0,0,0,0,0,0,0,1868253.186275992,0,0,0,0,0,0,0,0,0,0,0,0,0,0,0,0,0,0,2026-06-19 14:52:41.714688+00,2026-06-19 14:52:41.714688+00
16410,16412,t,-176205665561406141,"SELECT LIB_FEAT_ID,FEAT_DESC,FTYPE_ID,ANONYMIZED,FEAT_HASH,VERSION,FELEM_VALUES FROM LIB_FEAT WHERE (FEAT_HASH=$1 AND FTYPE_ID=$2) UNION ALL SELECT LIB_FEAT_ID,FEAT_DESC,FTYPE_ID,ANONYMIZED,FEAT_HASH,VERSION,FELEM_VALUES FROM LIB_FEAT WHERE (FEAT_HASH=$3 AND FTYPE_ID=$4) UNION ALL SELECT LIB_FEAT_ID,FEAT_DESC,FTYPE_ID,ANONYMIZED,FEAT_HASH,VERSION,FELEM_VALUES FROM LIB_FEAT WHERE (FEAT_HASH=$5 AND FTYPE_ID=$6) UNION ALL SELECT LIB_FEAT_ID,FEAT_DESC,FTYPE_ID,ANONYMIZED,FEAT_HASH,VERSION,FELEM_VALUES FROM LIB_FEAT WHERE (FEAT_HASH=$7 AND FTYPE_ID=$8) UNION ALL SELECT LIB_FEAT_ID,FEAT_DESC,FTYPE_ID,ANONYMIZED,FEAT_HASH,VERSION,FELEM_VALUES FROM LIB_FEAT WHERE (FEAT_HASH=$9 AND FTYPE_ID=$10) UNION ALL SELECT LIB_FEAT_ID,FEAT_DESC,FTYPE_ID,ANONYMIZED,FEAT_HASH,VERSION,FELEM_VALUES FROM LIB_FEAT WHERE (FEAT_HASH=$11 AND FTYPE_ID=$12) UNION ALL SELECT LIB_FEAT_ID,FEAT_DESC,FTYPE_ID,ANONYMIZED,FEAT_HASH,VERSION,FELEM_VALUES FROM LIB_FEAT WHERE (FEAT_HASH=$13 AND FTYPE_ID=$14) UNION ALL SELECT LIB_FEAT_ID,FEAT_DESC,FTYPE_ID,ANONYMIZED,FEAT_HASH,VERSION,FELEM_VALUES FROM LIB_FEAT WHERE (FEAT_HASH=$15 AND FTYPE_ID=$16) UNION ALL SELECT LIB_FEAT_ID,FEAT_DESC,FTYPE_ID,ANONYMIZED,FEAT_HASH,VERSION,FELEM_VALUES FROM LIB_FEAT WHERE (FEAT_HASH=$17 AND FTYPE_ID=$18) UNION ALL SELECT LIB_FEAT_ID,FEAT_DESC,FTYPE_ID,ANONYMIZED,FEAT_HASH,VERSION,FELEM_VALUES FROM LIB_FEAT WHERE (FEAT_HASH=$19 AND FTYPE_ID=$20) UNION ALL SELECT LIB_FEAT_ID,FEAT_DESC,FTYPE_ID,ANONYMIZED,FEAT_HASH,VERSION,FELEM_VALUES FROM LIB_FEAT WHERE (FEAT_HASH=$21 AND FTYPE_ID=$22) UNION ALL SELECT LIB_FEAT_ID,FEAT_DESC,FTYPE_ID,ANONYMIZED,FEAT_HASH,VERSION,FELEM_VALUES FROM LIB_FEAT WHERE (FEAT_HASH=$23 AND FTYPE_ID=$24) UNION ALL SELECT LIB_FEAT_ID,FEAT_DESC,FTYPE_ID,ANONYMIZED,FEAT_HASH,VERSION,FELEM_VALUES FROM LIB_FEAT WHERE (FEAT_HASH=$25 AND FTYPE_ID=$26) UNION ALL SELECT LIB_FEAT_ID,FEAT_DESC,FTYPE_ID,ANONYMIZED,FEAT_HASH,VERSION,FELEM_VALUES FROM LIB_FEAT WHERE (FEAT_HASH=$27 AND FTYPE_ID=$28) UNION ALL SELECT LIB_FEAT_ID,FEAT_DESC,FTYPE_ID,ANONYMIZED,FEAT_HASH,VERSION,FELEM_VALUES FROM LIB_FEAT WHERE (FEAT_HASH=$29 AND FTYPE_ID=$30) UNION ALL SELECT LIB_FEAT_ID,FEAT_DESC,FTYPE_ID,ANONYMIZED,FEAT_HASH,VERSION,FELEM_VALUES FROM LIB_FEAT WHERE (FEAT_HASH=$31 AND FTYPE_ID=$32) UNION ALL SELECT LIB_FEAT_ID,FEAT_DESC,FTYPE_ID,ANONYMIZED,FEAT_HASH,VERSION,FELEM_VALUES FROM LIB_FEAT WHERE (FEAT_HASH=$33 AND FTYPE_ID=$34) UNION ALL SELECT LIB_FEAT_ID,FEAT_DESC,FTYPE_ID,ANONYMIZED,FEAT_HASH,VERSION,FELEM_VALUES FROM LIB_FEAT WHERE (FEAT_HASH=$35 AND FTYPE_ID=$36) UNION ALL SELECT LIB_FEAT_ID,FEAT_DESC,FTYPE_ID,ANONYMIZED,FEAT_HASH,VERSION,FELEM_VALUES FROM LIB_FEAT WHERE (FEAT_HASH=$37 AND FTYPE_ID=$38) UNION ALL SELECT LIB_FEAT_ID,FEAT_DESC,FTYPE_ID,ANONYMIZED,FEAT_HASH,VERSION,FELEM_VALUES FROM LIB_FEAT WHERE (FEAT_HASH=$39 AND FTYPE_ID=$40) UNION ALL SELECT LIB_FEAT_ID,FEAT_DESC,FTYPE_ID,ANONYMIZED,FEAT_HASH,VERSION,FELEM_VALUES FROM LIB_FEAT WHERE (FEAT_HASH=$41 AND FTYPE_ID=$42) UNION ALL SELECT LIB_FEAT_ID,FEAT_DESC,FTYPE_ID,ANONYMIZED,FEAT_HASH,VERSION,FELEM_VALUES FROM LIB_FEAT WHERE (FEAT_HASH=$43 AND FTYPE_ID=$44) UNION ALL SELECT LIB_FEAT_ID,FEAT_DESC,FTYPE_ID,ANONYMIZED,FEAT_HASH,VERSION,FELEM_VALUES FROM LIB_FEAT WHERE (FEAT_HASH=$45 AND FTYPE_ID=$46) UNION ALL SELECT LIB_FEAT_ID,FEAT_DESC,FTYPE_ID,ANONYMIZED,FEAT_HASH,VERSION,FELEM_VALUES FROM LIB_FEAT WHERE (FEAT_HASH=$47 AND FTYPE_ID=$48) UNION ALL SELECT LIB_FEAT_ID,FEAT_DESC,FTYPE_ID,ANONYMIZED,FEAT_HASH,VERSION,FELEM_VALUES FROM LIB_FEAT WHERE (FEAT_HASH=$49 AND FTYPE_ID=$50) UNION ALL SELECT LIB_FEAT_ID,FEAT_DESC,FTYPE_ID,ANONYMIZED,FEAT_HASH,VERSION,FELEM_VALUES FROM LIB_FEAT WHERE (FEAT_HASH=$51 AND FTYPE_ID=$52) UNION ALL SELECT LIB_FEAT_ID,FEAT_DESC,FTYPE_ID,ANONYMIZED,FEAT_HASH,VERSION,FELEM_VALUES FROM LIB_FEAT WHERE (FEAT_HASH=$53 AND FTYPE_ID=$54) UNION ALL SELECT LIB_FEAT_ID,FEAT_DESC,FTYPE_ID,ANONYMIZED,FEAT_HASH,VERSION,FELEM_VALUES FROM LIB_FEAT WHERE (FEAT_HASH=$55 AND FTYPE_ID=$56) UNION ALL SELECT LIB_FEAT_ID,FEAT_DESC,FTYPE_ID,ANONYMIZED,FEAT_HASH,VERSION,FELEM_VALUES FROM LIB_FEAT WHERE (FEAT_HASH=$57 AND FTYPE_ID=$58) UNION ALL SELECT LIB_FEAT_ID,FEAT_DESC,FTYPE_ID,ANONYMIZED,FEAT_HASH,VERSION,FELEM_VALUES FROM LIB_FEAT WHERE (FEAT_HASH=$59 AND FTYPE_ID=$60) UNION ALL SELECT LIB_FEAT_ID,FEAT_DESC,FTYPE_ID,ANONYMIZED,FEAT_HASH,VERSION,FELEM_VALUES FROM LIB_FEAT WHERE (FEAT_HASH=$61 AND FTYPE_ID=$62) UNION ALL SELECT LIB_FEAT_ID,FEAT_DESC,FTYPE_ID,ANONYMIZED,FEAT_HASH,VERSION,FELEM_VALUES FROM LIB_FEAT WHERE (FEAT_HASH=$63 AND FTYPE_ID=$64) UNION ALL SELECT LIB_FEAT_ID,FEAT_DESC,FTYPE_ID,ANONYMIZED,FEAT_HASH,VERSION,FELEM_VALUES FROM LIB_FEAT WHERE (FEAT_HASH=$65 AND FTYPE_ID=$66) UNION ALL SELECT LIB_FEAT_ID,FEAT_DESC,FTYPE_ID,ANONYMIZED,FEAT_HASH,VERSION,FELEM_VALUES FROM LIB_FEAT WHERE (FEAT_HASH=$67 AND FTYPE_ID=$68) UNION ALL SELECT LIB_FEAT_ID,FEAT_DESC,FTYPE_ID,ANONYMIZED,FEAT_HASH,VERSION,FELEM_VALUES FROM LIB_FEAT WHERE (FEAT_HASH=$69 AND FTYPE_ID=$70) UNION ALL SELECT LIB_FEAT_ID,FEAT_DESC,FTYPE_ID,ANONYMIZED,FEAT_HASH,VERSION,FELEM_VALUES FROM LIB_FEAT WHERE (FEAT_HASH=$71 AND FTYPE_ID=$72) UNION ALL SELECT LIB_FEAT_ID,FEAT_DESC,FTYPE_ID,ANONYMIZED,FEAT_HASH,VERSION,FELEM_VALUES FROM LIB_FEAT WHERE (FEAT_HASH=$73 AND FTYPE_ID=$74) UNION ALL SELECT LIB_FEAT_ID,FEAT_DESC,FTYPE_ID,ANONYMIZED,FEAT_HASH,VERSION,FELEM_VALUES FROM LIB_FEAT WHERE (FEAT_HASH=$75 AND FTYPE_ID=$76) UNION ALL SELECT LIB_FEAT_ID,FEAT_DESC,FTYPE_ID,ANONYMIZED,FEAT_HASH,VERSION,FELEM_VALUES FROM LIB_FEAT WHERE (FEAT_HASH=$77 AND FTYPE_ID=$78) UNION ALL SELECT LIB_FEAT_ID,FEAT_DESC,FTYPE_ID,ANONYMIZED,FEAT_HASH,VERSION,FELEM_VALUES FROM LIB_FEAT WHERE (FEAT_HASH=$79 AND FTYPE_ID=$80) UNION ALL SELECT LIB_FEAT_ID,FEAT_DESC,FTYPE_ID,ANONYMIZED,FEAT_HASH,VERSION,FELEM_VALUES FROM LIB_FEAT WHERE (FEAT_HASH=$81 AND FTYPE_ID=$82) UNION ALL SELECT LIB_FEAT_ID,FEAT_DESC,FTYPE_ID,ANONYMIZED,FEAT_HASH,VERSION,FELEM_VALUES FROM LIB_FEAT WHERE (FEAT_HASH=$83 AND FTYPE_ID=$84) UNION ALL SELECT LIB_FEAT_ID,FEAT_DESC,FTYPE_ID,ANONYMIZED,FEAT_HASH,VERSION,FELEM_VALUES FROM LIB_FEAT WHERE (FEAT_HASH=$85 AND FTYPE_ID=$86) UNION ALL SELECT LIB_FEAT_ID,FEAT_DESC,FTYPE_ID,ANONYMIZED,FEAT_HASH,VERSION,FELEM_VALUES FROM LIB_FEAT WHERE (FEAT_HASH=$87 AND FTYPE_ID=$88) UNION ALL SELECT LIB_FEAT_ID,FEAT_DESC,FTYPE_ID,ANONYMIZED,FEAT_HASH,VERSION,FELEM_VALUES FROM LIB_FEAT WHERE (FEAT_HASH=$89 AND FTYPE_ID=$90) UNION ALL SELECT LIB_FEAT_ID,FEAT_DESC,FTYPE_ID,ANONYMIZED,FEAT_HASH,VERSION,FELEM_VALUES FROM LIB_FEAT WHERE (FEAT_HASH=$91 AND FTYPE_ID=$92) UNION ALL SELECT LIB_FEAT_ID,FEAT_DESC,FTYPE_ID,ANONYMIZED,FEAT_HASH,VERSION,FELEM_VALUES FROM LIB_FEAT WHERE (FEAT_HASH=$93 AND FTYPE_ID=$94) UNION ALL SELECT LIB_FEAT_ID,FEAT_DESC,FTYPE_ID,ANONYMIZED,FEAT_HASH,VERSION,FELEM_VALUES FROM LIB_FEAT WHERE (FEAT_HASH=$95 AND FTYPE_ID=$96) UNION ALL SELECT LIB_FEAT_ID,FEAT_DESC,FTYPE_ID,ANONYMIZED,FEAT_HASH,VERSION,FELEM_VALUES FROM LIB_FEAT WHERE (FEAT_HASH=$97 AND FTYPE_ID=$98) UNION ALL SELECT LIB_FEAT_ID,FEAT_DESC,FTYPE_ID,ANONYMIZED,FEAT_HASH,VERSION,FELEM_VALUES FROM LIB_FEAT WHERE (FEAT_HASH=$99 AND FTYPE_ID=$100)",0,0,0,0,0,0,1309391,52454260.53388123,0.26625299999999996,1023.911163,40.060043588111746,74.71508568028013,14032903,325190818,723480,0,0,0,0,0,0,0,0,30163956.871600457,0,0,0,0,0,0,0,0,0,0,0,0,0,0,0,0,0,0,2026-06-19 14:52:39.535515+00,2026-06-19 14:52:39.535515+00
10,16384,t,6828771384820069108,"MOVE -850 IN ""query-cursor_118""",0,0,0,0,0,0,1,0.017387,0.017387,0.017387,0.017387,0,0,0,0,0,0,0,0,0,0,0,0,0,0,0,0,0,0,0,0,0,0,0,0,0,0,0,0,0,0,0,2026-06-19 14:46:27.673036+00,2026-06-19 14:46:27.673036+00
16410,16412,t,-2485685696967802874,"INSERT INTO LIB_FEAT(LIB_FEAT_ID,FTYPE_ID,FEAT_HASH,FEAT_DESC,FELEM_VALUES,ANONYMIZED,VERSION) VALUES ($1,$2,$3,$4,$5,$6,$7),($8,$9,$10,$11,$12,$13,$14),($15,$16,$17,$18,$19,$20,$21),($22,$23,$24,$25,$26,$27,$28),($29,$30,$31,$32,$33,$34,$35),($36,$37,$38,$39,$40,$41,$42),($43,$44,$45,$46,$47,$48,$49) ON CONFLICT(FTYPE_ID,FEAT_HASH,ANONYMIZED) DO UPDATE SET FTYPE_ID=LIB_FEAT.FTYPE_ID,FEAT_HASH=LIB_FEAT.FEAT_HASH,ANONYMIZED=LIB_FEAT.ANONYMIZED RETURNING LIB_FEAT_ID,FTYPE_ID,FEAT_HASH,ANONYMIZED,FEAT_DESC",0,0,0,0,0,0,1479148,17391111.250997614,0.123106,1452.974761,11.757519363172323,33.70680755751551,10354036,160266289,458,0,327490,0,0,0,0,0,0,9459.002404999988,36438.74524200027,0,0,0,0,0,0,0,0,0,0,0,0,0,0,0,0,0,2026-06-19 14:52:39.610085+00,2026-06-19 14:52:39.610085+00
16410,16412,t,-9087557789738934427,"SELECT LIB_FEAT_ID,FEAT_DESC,FTYPE_ID,ANONYMIZED,FEAT_HASH,VERSION,FELEM_VALUES FROM LIB_FEAT WHERE LIB_FEAT_ID IN ($1,$2)",0,0,0,0,0,0,1692782,1580034.994763025,0.009221,595.9520339999999,0.9333954370751963,8.001698573395263,3385564,12973189,85740,0,0,0,0,0,0,0,0,1381248.4856249932,0,0,0,0,0,0,0,0,0,0,0,0,0,0,0,0,0,0,2026-06-19 14:52:39.800269+00,2026-06-19 14:52:39.800269+00
10,16384,t,-3261561993475847116,"select s.*, extract($1 from s.lastattempt) as lastattempt_ts from rds_get_stat_dxl_counters() as s limit $2",0,0,0,0,0,0,1,0.020145,0.020145,0.020145,0.020145,0,1,0,0,0,0,0,0,0,0,0,0,0,0,0,0,0,0,0,0,0,0,0,0,0,0,0,0,0,0,0,2026-06-19 12:50:37.726498+00,2026-06-19 12:50:37.726498+00
10,16384,t,5055770987712178971,"FETCH 0 IN ""query-cursor_175""",0,0,0,0,0,0,1,0.012266,0.012266,0.012266,0.012266,0,0,0,0,0,0,0,0,0,0,0,0,0,0,0,0,0,0,0,0,0,0,0,0,0,0,0,0,0,0,0,2026-06-19 16:28:27.763731+00,2026-06-19 16:28:27.763731+00
10,16384,t,-5121409025242424722,"FETCH 50 IN ""query-cursor_141""",0,0,0,0,0,0,28,0.4346919999999999,0.00754,0.024526,0.015524714285714282,0.004248620657318785,1400,0,0,0,0,0,0,0,0,0,0,0,0,0,0,0,0,0,0,0,0,0,0,0,0,0,0,0,0,0,2026-06-19 15:18:27.701086+00,2026-06-19 15:18:27.701086+00
16410,16412,t,7826466606882716716,"SELECT RES_REL_ID,MIN_RES_ENT_ID,MAX_RES_ENT_ID,IS_DISCLOSED,IS_AMBIGUOUS,LAST_ERRULE_ID,MATCH_LEVELS,MATCH_KEY,MATCH_KEY_DETAILS FROM RES_RELATE WHERE RES_REL_ID IN ($1,$2,$3,$4,$5,$6,$7,$8,$9,$10,$11,$12,$13,$14,$15,$16,$17,$18,$19,$20,$21,$22,$23,$24,$25,$26,$27,$28,$29,$30,$31,$32,$33,$34,$35,$36,$37,$38,$39,$40,$41,$42,$43,$44,$45,$46,$47,$48,$49,$50,$51,$52,$53,$54,$55,$56,$57,$58,$59,$60,$61,$62,$63,$64,$65,$66,$67,$68,$69,$70,$71,$72,$73,$74,$75,$76,$77,$78,$79,$80,$81,$82,$83,$84,$85,$86,$87,$88,$89,$90,$91,$92,$93,$94,$95,$96,$97,$98,$99,$100)",0,0,0,0,0,0,684,16326.305995000024,0.240889,586.653046,23.868868413742724,58.176562983240366,49128,79560,3476,0,0,0,0,0,0,0,0,14515.852766,0,0,0,0,0,0,0,0,0,0,0,0,0,0,0,0,0,0,2026-06-19 15:09:33.753849+00,2026-06-19 15:09:33.753849+00
16410,16412,t,4063262631460120975,"SELECT RES_ENT_ID,LIB_FEAT_ID,FTYPE_ID,UTYPE_CODE,SUPPRESSED,OBS_ENT_CNT FROM RES_FEAT_EKEY WHERE RES_ENT_ID IN ($1,$2,$3,$4) AND FTYPE_ID IN ($5,$6,$7,$8,$9,$10,$11,$12,$13,$14,$15)",0,0,0,0,0,0,67871,176548.9854610004,0.035751,455.302955,2.601243321315443,13.834299951727015,3670786,1254957,7701,0,0,0,0,0,0,0,0,145837.97790600001,0,0,0,0,0,0,0,0,0,0,0,0,0,0,0,0,0,0,2026-06-19 14:52:44.96385+00,2026-06-19 14:52:44.96385+00
10,16384,t,2060520953131032942,"DECLARE ""query-cursor_13"" SCROLL CURSOR FOR select queryid, left(query, $1), calls, (total_plan_time + total_exec_time) as total_time from aurora_stat_statements($2) order by calls desc limit $3 FOR READ ONLY",0,0,0,0,0,0,1,0.069238,0.069238,0.069238,0.069238,0,0,0,0,0,0,0,0,0,0,0,0,0,0,0,0,0,0,0,0,0,0,0,0,0,0,0,0,0,0,0,2026-06-19 13:01:27.663643+00,2026-06-19 13:01:27.663643+00
16410,16412,t,-5438095189772993696,"SELECT OBS_ENT_ID,RES_ENT_ID FROM RES_ENT_OKEY WHERE RES_ENT_ID IN ($1)",0,0,0,0,0,0,79110468,4533032.653675639,0.003251,971.239117,0.05730003586473081,0.7304973841918739,106897054,483635472,74,0,0,0,0,0,0,0,0,1942.675855,0,0,0,0,0,0,0,0,0,0,0,0,0,0,0,0,0,0,2026-06-19 14:52:40.352697+00,2026-06-19 14:52:40.352697+00
10,16384,t,-4781042665376811071,"FETCH 0 IN ""query-cursor_41""",0,0,0,0,0,0,1,0.003594,0.003594,0.003594,0.003594,0,0,0,0,0,0,0,0,0,0,0,0,0,0,0,0,0,0,0,0,0,0,0,0,0,0,0,0,0,0,0,2026-06-19 13:29:27.665621+00,2026-06-19 13:29:27.665621+00
10,16384,t,-1864472072696977346,"MOVE -2046 IN ""query-cursor_232""",0,0,0,0,0,0,1,0.067489,0.067489,0.067489,0.067489,0,0,0,0,0,0,0,0,0,0,0,0,0,0,0,0,0,0,0,0,0,0,0,0,0,0,0,0,0,0,0,2026-06-19 18:24:27.687763+00,2026-06-19 18:24:27.687763+00
10,16384,t,6908733834100912842,"FETCH 9 IN ""query-cursor_186""",0,0,0,0,0,0,1,0.005673,0.005673,0.005673,0.005673,0,9,0,0,0,0,0,0,0,0,0,0,0,0,0,0,0,0,0,0,0,0,0,0,0,0,0,0,0,0,0,2026-06-19 16:52:27.77041+00,2026-06-19 16:52:27.77041+00
10,16384,t,1751396424949144722,"select queryid, calls, (total_plan_time + total_exec_time) as total_time, rows, shared_blks_hit, shared_blks_dirtied, shared_blks_read, shared_blks_written, local_blks_hit, local_blks_dirtied, local_blks_read, local_blks_written, temp_blks_read, temp_blks_written, storage_blks_read, orcache_blks_hit, shared_blk_read_time as blk_read_time, shared_blk_write_time as blk_write_time, storage_blk_read_time, local_blk_read_time, orcache_blk_read_time, total_plan_time, total_exec_time from aurora_stat_statements($1) where queryid in ($2, $3, $4, $5, $6, $7, $8, $9, $10, $11, $12, $13, $14, $15, $16, $17, $18, $19, $20, $21, $22, $23, $24, $25, $26, $27, $28, $29, $30, $31, $32, $33, $34, $35, $36, $37, $38, $39, $40, $41, $42, $43, $44, $45, $46, $47, $48, $49, $50, $51, $52, $53, $54, $55, $56, $57, $58, $59, $60, $61, $62, $63, $64, $65, $66, $67, $68)",0,0,0,0,0,0,14,155.552527,2.627903,93.71742800000001,11.110894785714285,23.694611155410975,952,0,0,0,0,0,0,0,0,0,0,0,0,0,0,0,0,0,0,0,0,0,0,0,0,0,0,0,0,0,2026-06-19 15:00:37.737749+00,2026-06-19 15:00:37.737749+00
10,16384,t,-522971452095069331,"DECLARE ""query-cursor_43"" SCROLL CURSOR FOR select queryid, left(query, $1), calls, (total_plan_time + total_exec_time) as total_time from aurora_stat_statements($2) order by calls desc limit $3 FOR READ ONLY",0,0,0,0,0,0,1,0.060544,0.060544,0.060544,0.060544,0,0,0,0,0,0,0,0,0,0,0,0,0,0,0,0,0,0,0,0,0,0,0,0,0,0,0,0,0,0,0,2026-06-19 13:31:27.665723+00,2026-06-19 13:31:27.665723+00
16410,16412,t,-5814242557630054154,DELETE FROM RES_FEAT_EKEY WHERE RES_ENT_ID=$1 AND ((LIB_FEAT_ID=$2 AND UTYPE_CODE=$3)OR(LIB_FEAT_ID=$4 AND UTYPE_CODE=$5)OR(LIB_FEAT_ID=$6 AND UTYPE_CODE=$7)OR(LIB_FEAT_ID=$8 AND UTYPE_CODE=$9)OR(LIB_FEAT_ID=$10 AND UTYPE_CODE=$11)OR(LIB_FEAT_ID=$12 AND UTYPE_CODE=$13)OR(LIB_FEAT_ID=$14 AND UTYPE_CODE=$15)OR(LIB_FEAT_ID=$16 AND UTYPE_CODE=$17)OR(LIB_FEAT_ID=$18 AND UTYPE_CODE=$19)OR(LIB_FEAT_ID=$20 AND UTYPE_CODE=$21)OR(LIB_FEAT_ID=$22 AND UTYPE_CODE=$23)OR(LIB_FEAT_ID=$24 AND UTYPE_CODE=$25)OR(LIB_FEAT_ID=$26 AND UTYPE_CODE=$27)OR(LIB_FEAT_ID=$28 AND UTYPE_CODE=$29)OR(LIB_FEAT_ID=$30 AND UTYPE_CODE=$31)OR(LIB_FEAT_ID=$32 AND UTYPE_CODE=$33)OR(LIB_FEAT_ID=$34 AND UTYPE_CODE=$35)OR(LIB_FEAT_ID=$36 AND UTYPE_CODE=$37)OR(LIB_FEAT_ID=$38 AND UTYPE_CODE=$39)OR(LIB_FEAT_ID=$40 AND UTYPE_CODE=$41)),0,0,0,0,0,0,27988,466314.1966769987,0.047674,439.579245,16.661218975167884,34.245890765594986,551341,2819804,4124,0,0,0,0,0,0,0,0,176172.94990999988,0,0,0,0,0,0,0,0,0,0,0,0,0,0,0,0,0,0,2026-06-19 14:53:02.90736+00,2026-06-19 14:53:02.90736+00
10,16384,t,6746762493258705426,"DECLARE ""query-cursor_149"" SCROLL CURSOR FOR select queryid, left(query, $1), calls, (total_plan_time + total_exec_time) as total_time from aurora_stat_statements($2) order by calls desc limit $3 FOR READ ONLY",0,0,0,0,0,0,1,0.10169,0.10169,0.10169,0.10169,0,0,0,0,0,0,0,0,0,0,0,0,0,0,0,0,0,0,0,0,0,0,0,0,0,0,0,0,0,0,0,2026-06-19 15:34:27.709281+00,2026-06-19 15:34:27.709281+00
10,16384,t,8458014248518068976,"MOVE ALL IN ""query-cursor_76""",0,0,0,0,0,0,1,1.273579,1.273579,1.273579,1.273579,0,0,0,0,0,0,0,0,0,0,0,0,0,0,0,0,0,0,0,0,0,0,0,0,0,0,0,0,0,0,0,2026-06-19 14:04:27.669441+00,2026-06-19 14:04:27.669441+00
16410,16412,t,5060525275425730052,"SELECT RES_ENT_ID,LIB_FEAT_ID,FTYPE_ID,UTYPE_CODE,SUPPRESSED,OBS_ENT_CNT FROM RES_FEAT_EKEY WHERE RES_ENT_ID IN ($1,$2) AND FTYPE_ID IN ($3,$4,$5,$6,$7,$8,$9,$10,$11,$12,$13,$14,$15,$16,$17,$18,$19,$20,$21,$22,$23,$24,$25,$26,$27,$28,$29,$30,$31,$32,$33,$34,$35,$36,$37,$38,$39,$40,$41,$42,$43,$44,$45,$46,$47,$48,$49,$50,$51,$52,$53,$54,$55,$56,$57,$58,$59,$60,$61,$62)",0,0,0,0,0,0,32,7.331031999999999,0.050599,4.892228,0.22909474999999996,0.8378419736626577,655,353,0,0,0,0,0,0,0,0,0,0,0,0,0,0,0,0,0,0,0,0,0,0,0,0,0,0,0,0,2026-06-19 15:21:41.786797+00,2026-06-19 15:21:41.786797+00
16410,16412,t,4284151609746319977,"SELECT LIB_FEAT_ID,FEAT_DESC,FTYPE_ID,ANONYMIZED,FEAT_HASH,VERSION,FELEM_VALUES FROM LIB_FEAT WHERE LIB_FEAT_ID IN ($1,$2,$3,$4,$5,$6,$7,$8,$9,$10,$11,$12,$13,$14,$15,$16,$17,$18,$19,$20,$21,$22,$23,$24,$25,$26,$27,$28,$29,$30,$31,$32)",0,0,0,0,0,0,14252737,125864782.3899031,0.019476,949.597436,8.830920151680559,32.49254294406339,323705560,483347340,14409729,0,0,0,0,0,0,0,0,116939238.4974134,0,0,0,0,0,0,0,0,0,0,0,0,0,0,0,0,0,0,2026-06-19 14:52:41.03568+00,2026-06-19 14:52:41.03568+00
10,16384,t,-7406519756650213245,"FETCH 33 IN ""query-cursor_230""",0,0,0,0,0,0,1,0.005895,0.005895,0.005895,0.005895,0,33,0,0,0,0,0,0,0,0,0,0,0,0,0,0,0,0,0,0,0,0,0,0,0,0,0,0,0,0,0,2026-06-19 18:20:27.701173+00,2026-06-19 18:20:27.701173+00
10,16384,t,5348042257253583160,"MOVE -646 IN ""query-cursor_84""",0,0,0,0,0,0,1,0.013996,0.013996,0.013996,0.013996,0,0,0,0,0,0,0,0,0,0,0,0,0,0,0,0,0,0,0,0,0,0,0,0,0,0,0,0,0,0,0,2026-06-19 14:12:27.670323+00,2026-06-19 14:12:27.670323+00
10,16384,t,4183805717234738095,"MOVE ALL IN ""query-cursor_171""",0,0,0,0,0,0,1,20.066138,20.066138,20.066138,20.066138,0,0,0,0,0,0,0,0,0,0,0,0,0,0,0,0,0,0,0,0,0,0,0,0,0,0,0,0,0,0,0,2026-06-19 16:18:28.242218+00,2026-06-19 16:18:28.242218+00
10,16384,t,3671299135174236490,"FETCH 50 IN ""query-cursor_157""",0,0,0,0,0,0,31,0.581089,0.010894,0.04096,0.018744806451612903,0.008305563881031429,1550,0,0,0,0,0,0,0,0,0,0,0,0,0,0,0,0,0,0,0,0,0,0,0,0,0,0,0,0,0,2026-06-19 15:50:28.137838+00,2026-06-19 15:50:28.137838+00
10,16384,t,5051189361253136087,"FETCH 50 IN ""query-cursor_122""",0,0,0,0,0,0,17,0.05306100000000001,0.002768,0.005155,0.0031212352941176478,0.0005386090505576012,850,0,0,0,0,0,0,0,0,0,0,0,0,0,0,0,0,0,0,0,0,0,0,0,0,0,0,0,0,0,2026-06-19 14:50:27.673366+00,2026-06-19 14:50:27.673366+00
10,16384,t,3368439877148107517,"MOVE ALL IN ""query-cursor_96""",0,0,0,0,0,0,1,1.50149,1.50149,1.50149,1.50149,0,0,0,0,0,0,0,0,0,0,0,0,0,0,0,0,0,0,0,0,0,0,0,0,0,0,0,0,0,0,0,2026-06-19 14:24:27.671209+00,2026-06-19 14:24:27.671209+00
10,16384,t,-6850611014674352812,"FETCH 0 IN ""query-cursor_203""",0,0,0,0,0,0,1,0.005828,0.005828,0.005828,0.005828,0,0,0,0,0,0,0,0,0,0,0,0,0,0,0,0,0,0,0,0,0,0,0,0,0,0,0,0,0,0,0,2026-06-19 17:26:27.689684+00,2026-06-19 17:26:27.689684+00
10,16384,t,-7402823810602341959,"FETCH 0 IN ""query-cursor_197""",0,0,0,0,0,0,1,0.005942,0.005942,0.005942,0.005942,0,0,0,0,0,0,0,0,0,0,0,0,0,0,0,0,0,0,0,0,0,0,0,0,0,0,0,0,0,0,0,2026-06-19 17:14:28.12335+00,2026-06-19 17:14:28.12335+00
16410,16412,t,1317960406128006045,"INSERT INTO RES_RELATE(RES_REL_ID,MIN_RES_ENT_ID,MAX_RES_ENT_ID,IS_DISCLOSED,IS_AMBIGUOUS,LAST_ERRULE_ID,MATCH_KEY,MATCH_KEY_DETAILS,MATCH_LEVELS) VALUES ($1,$2,$3,$4,$5,$6,$7,$8,$9),($10,$11,$12,$13,$14,$15,$16,$17,$18),($19,$20,$21,$22,$23,$24,$25,$26,$27),($28,$29,$30,$31,$32,$33,$34,$35,$36),($37,$38,$39,$40,$41,$42,$43,$44,$45),($46,$47,$48,$49,$50,$51,$52,$53,$54),($55,$56,$57,$58,$59,$60,$61,$62,$63),($64,$65,$66,$67,$68,$69,$70,$71,$72),($73,$74,$75,$76,$77,$78,$79,$80,$81),($82,$83,$84,$85,$86,$87,$88,$89,$90) ON CONFLICT DO NOTHING",0,0,0,0,0,0,4888,64533.29491699992,0.17471,496.18162,13.202392577127643,35.828706466733536,48880,431997,1640,0,1659,0,0,0,0,0,0,19548.022247999997,93.95462499999987,0,0,0,0,0,0,0,0,0,0,0,0,0,0,0,0,0,2026-06-19 14:54:39.883816+00,2026-06-19 14:54:39.883816+00
10,16384,t,5851742452113051159,"FETCH 0 IN ""query-cursor_50""",0,0,0,0,0,0,1,0.004059,0.004059,0.004059,0.004059,0,0,0,0,0,0,0,0,0,0,0,0,0,0,0,0,0,0,0,0,0,0,0,0,0,0,0,0,0,0,0,2026-06-19 13:38:27.666307+00,2026-06-19 13:38:27.666307+00
10,16384,t,-6270298760223445647,"FETCH 50 IN ""query-cursor_219""",0,0,0,0,0,0,39,0.6643910000000002,0.011173,0.042608,0.01703566666666667,0.007559161761062831,1950,0,0,0,0,0,0,0,0,0,0,0,0,0,0,0,0,0,0,0,0,0,0,0,0,0,0,0,0,0,2026-06-19 17:58:27.946105+00,2026-06-19 17:58:27.946105+00
10,16384,t,-687066980111242938,"DECLARE ""query-cursor_98"" SCROLL CURSOR FOR select queryid, left(query, $1), calls, (total_plan_time + total_exec_time) as total_time from aurora_stat_statements($2) order by calls desc limit $3 FOR READ ONLY",0,0,0,0,0,0,1,0.061628,0.061628,0.061628,0.061628,0,0,0,0,0,0,0,0,0,0,0,0,0,0,0,0,0,0,0,0,0,0,0,0,0,0,0,0,0,0,0,2026-06-19 14:26:27.669708+00,2026-06-19 14:26:27.669708+00
16410,16412,t,-6470194704296245281,"SELECT RES_ENT_ID,LIB_FEAT_ID,FTYPE_ID,UTYPE_CODE,SUPPRESSED,OBS_ENT_CNT FROM RES_FEAT_EKEY WHERE RES_ENT_ID IN ($1,$2,$3,$4) AND FTYPE_ID IN ($5,$6,$7,$8,$9,$10,$11,$12,$13,$14,$15,$16,$17,$18,$19,$20,$21,$22,$23,$24,$25,$26,$27,$28,$29,$30,$31,$32,$33,$34,$35,$36,$37,$38,$39,$40,$41,$42,$43,$44,$45,$46,$47,$48,$49,$50,$51,$52,$53,$54,$55,$56)",0,0,0,0,0,0,54,28.938931,0.06071,24.065088,0.5359061296296296,3.2320476801735323,433,859,0,0,0,0,0,0,0,0,0,0,0,0,0,0,0,0,0,0,0,0,0,0,0,0,0,0,0,0,2026-06-19 15:47:41.350456+00,2026-06-19 15:47:41.350456+00
10,16384,t,145860724506787366,"MOVE ALL IN ""query-cursor_70""",0,0,0,0,0,0,1,1.182321,1.182321,1.182321,1.182321,0,0,0,0,0,0,0,0,0,0,0,0,0,0,0,0,0,0,0,0,0,0,0,0,0,0,0,0,0,0,0,2026-06-19 13:58:27.669+00,2026-06-19 13:58:27.669+00
16410,16412,t,-5441831985320398934,"INSERT INTO RES_FEAT_STAT(LIB_FEAT_ID,FTYPE_ID,NUM_RES_ENT,NUM_RES_ENT_OOM) VALUES ($1,$2,$3,$4),($5,$6,$7,$8),($9,$10,$11,$12),($13,$14,$15,$16),($17,$18,$19,$20),($21,$22,$23,$24),($25,$26,$27,$28),($29,$30,$31,$32),($33,$34,$35,$36),($37,$38,$39,$40),($41,$42,$43,$44),($45,$46,$47,$48),($49,$50,$51,$52) ON CONFLICT DO NOTHING",0,0,0,0,0,0,1677440,25688462.18675448,0.11665199999999999,2883.6804319999997,15.314087053339899,61.90448039231021,21806700,217987160,15083,0,222108,0,0,0,0,0,0,139887.43995000023,23390.93895700011,0,0,0,0,0,0,0,0,0,0,0,0,0,0,0,0,0,2026-06-19 14:52:39.588692+00,2026-06-19 14:52:39.588692+00
16410,16412,t,-6807146695614492837,CREATE UNIQUE INDEX LIB_FEAT_SK ON LIB_FEAT(LIB_FEAT_ID),0,0,0,0,0,0,1,2.100025,2.100025,2.100025,2.100025,0,0,121,0,0,0,0,0,0,0,0,0,0,0,0,0,0,0,0,0,0,0,0,0,0,0,0,0,0,0,0,2026-06-19 12:52:04.106018+00,2026-06-19 12:52:04.106018+00
10,16384,t,6162753225317340911,"FETCH 45 IN ""query-cursor_109""",0,0,0,0,0,0,1,0.003624,0.003624,0.003624,0.003624,0,45,0,0,0,0,0,0,0,0,0,0,0,0,0,0,0,0,0,0,0,0,0,0,0,0,0,0,0,0,0,2026-06-19 14:37:27.67488+00,2026-06-19 14:37:27.67488+00
16410,16412,t,-5295897286979062332,"CREATE TABLE RES_ENT_OKEY (OBS_ENT_ID BIGINT NOT NULL, RES_ENT_ID BIGINT NOT NULL, ERRULE_ID SMALLINT NOT NULL, MATCH_KEY TEXT, PRIMARY KEY(OBS_ENT_ID))",0,0,0,0,0,0,1,4.921453,4.921453,4.921453,4.921453,0,0,343,0,0,0,0,0,0,0,0,0,0,0,0,0,0,0,0,0,0,0,0,0,0,0,0,0,0,0,0,2026-06-19 12:52:04.151088+00,2026-06-19 12:52:04.151088+00
10,16384,t,3879983578533480918,"FETCH 1 IN ""query-cursor_55""",0,0,0,0,0,0,1,0.001443,0.001443,0.001443,0.001443,0,1,0,0,0,0,0,0,0,0,0,0,0,0,0,0,0,0,0,0,0,0,0,0,0,0,0,0,0,0,0,2026-06-19 13:43:27.669345+00,2026-06-19 13:43:27.669345+00
10,16384,t,8037804146816908738,"MOVE -1255 IN ""query-cursor_126""",0,0,0,0,0,0,1,0.024098,0.024098,0.024098,0.024098,0,0,0,0,0,0,0,0,0,0,0,0,0,0,0,0,0,0,0,0,0,0,0,0,0,0,0,0,0,0,0,2026-06-19 14:54:27.675174+00,2026-06-19 14:54:27.675174+00
10,16384,t,7793315683870882026,"DECLARE ""query-cursor_165"" SCROLL CURSOR FOR select queryid, left(query, $1), calls, (total_plan_time + total_exec_time) as total_time from aurora_stat_statements($2) order by calls desc limit $3 FOR READ ONLY",0,0,0,0,0,0,1,0.083126,0.083126,0.083126,0.083126,0,0,0,0,0,0,0,0,0,0,0,0,0,0,0,0,0,0,0,0,0,0,0,0,0,0,0,0,0,0,0,2026-06-19 16:06:27.746715+00,2026-06-19 16:06:27.746715+00
16410,16412,t,-8895857438747939378,"SELECT name, setting FROM pg_settings
WHERE name IN ($1,$2,$3,
               $4,$5)
ORDER BY name",0,0,0,0,0,0,2,4.869712,2.355266,2.514446,2.434856,0.07959000000000005,10,8,0,0,0,0,0,0,0,0,0,0,0,0,0,0,0,0,0,0,0,0,0,0,0,0,0,0,0,0,2026-06-19 15:39:54.271367+00,2026-06-19 15:39:54.271367+00
10,16384,t,-8545054011261411965,"FETCH 0 IN ""query-cursor_205""",0,0,0,0,0,0,1,0.006001,0.006001,0.006001,0.006001,0,0,0,0,0,0,0,0,0,0,0,0,0,0,0,0,0,0,0,0,0,0,0,0,0,0,0,0,0,0,0,2026-06-19 17:30:28.04675+00,2026-06-19 17:30:28.04675+00
16410,16412,t,8047262180899210602,"COPY  ( SELECT date_trunc ( 'minute' , first_seen_dt ) AS time, count ( * ) AS inserts_per_minute FROM dsrc_record GROUP BY time ORDER BY time DESC ) TO STDOUT WITH CSV HEADER",0,0,0,0,0,0,1,9160.106427,9160.106427,9160.106427,9160.106427,0,204,1567038,2,0,0,0,0,0,0,73402,73545,1.756032,0,0,0,109.920339,203.042673,0,0,0,0,0,0,0,0,0,0,0,0,0,2026-06-19 19:03:52.248287+00,2026-06-19 19:03:52.248287+00
10,16384,t,-6183895616932652621,"MOVE -868 IN ""query-cursor_121""",0,0,0,0,0,0,1,0.018323,0.018323,0.018323,0.018323,0,0,0,0,0,0,0,0,0,0,0,0,0,0,0,0,0,0,0,0,0,0,0,0,0,0,0,0,0,0,0,2026-06-19 14:49:27.673329+00,2026-06-19 14:49:27.673329+00
16410,16412,t,492506165253133166,"INSERT INTO SYS_CFG(CONFIG_DATA_ID,CONFIG_DATA,CONFIG_COMMENTS,SYS_CREATE_DT) VALUES ($1,$2,$3,$4) ON CONFLICT DO NOTHING",0,0,0,0,0,0,2,4.9959039999999995,1.552447,3.443457,2.4979519999999997,0.9455049999999999,2,111,2,0,12,0,0,0,0,0,0,1.707401,0.051186999999999996,0,0,0,0,0,0,0,0,0,0,0,0,0,0,0,0,0,2026-06-19 12:53:04.441068+00,2026-06-19 12:53:04.441068+00
16410,16412,t,3159237791676647485,"SELECT RES_ENT_ID,LIB_FEAT_ID,FTYPE_ID,UTYPE_CODE,SUPPRESSED,OBS_ENT_CNT FROM RES_FEAT_EKEY WHERE RES_ENT_ID IN ($1,$2,$3,$4,$5,$6,$7,$8,$9,$10,$11,$12,$13,$14,$15,$16) AND FTYPE_ID IN ($17,$18,$19,$20,$21,$22,$23,$24,$25,$26,$27,$28,$29,$30)",0,0,0,0,0,0,121067,906275.6320359982,0.097996,809.367519,7.485736262036708,24.17039432044468,24575149,6844587,41617,0,0,0,0,0,0,0,0,725494.577529003,0,0,0,0,0,0,0,0,0,0,0,0,0,0,0,0,0,0,2026-06-19 14:52:42.903101+00,2026-06-19 14:52:42.903101+00
10,16384,t,-8855582331454932932,"FETCH 44 IN ""query-cursor_37""",0,0,0,0,0,0,1,0.003249,0.003249,0.003249,0.003249,0,44,0,0,0,0,0,0,0,0,0,0,0,0,0,0,0,0,0,0,0,0,0,0,0,0,0,0,0,0,0,2026-06-19 13:25:27.667387+00,2026-06-19 13:25:27.667387+00
10,16384,t,-1894987914530490132,"MOVE ALL IN ""query-cursor_75""",0,0,0,0,0,0,1,1.409232,1.409232,1.409232,1.409232,0,0,0,0,0,0,0,0,0,0,0,0,0,0,0,0,0,0,0,0,0,0,0,0,0,0,0,0,0,0,0,2026-06-19 14:03:27.669511+00,2026-06-19 14:03:27.669511+00
10,16384,t,4093268099615516045,"MOVE -1906 IN ""query-cursor_209""",0,0,0,0,0,0,1,0.116104,0.116104,0.116104,0.116104,0,0,0,0,0,0,0,0,0,0,0,0,0,0,0,0,0,0,0,0,0,0,0,0,0,0,0,0,0,0,0,2026-06-19 17:38:27.86415+00,2026-06-19 17:38:27.86415+00
10,16384,t,-1870337508018421299,"DECLARE ""query-cursor_65"" SCROLL CURSOR FOR select queryid, left(query, $1), calls, (total_plan_time + total_exec_time) as total_time from aurora_stat_statements($2) order by calls desc limit $3 FOR READ ONLY",0,0,0,0,0,0,1,0.061852,0.061852,0.061852,0.061852,0,0,0,0,0,0,0,0,0,0,0,0,0,0,0,0,0,0,0,0,0,0,0,0,0,0,0,0,0,0,0,2026-06-19 13:53:27.66733+00,2026-06-19 13:53:27.66733+00
10,16384,t,5316497556878252868,"MOVE -1345 IN ""query-cursor_132""",0,0,0,0,0,0,1,0.088515,0.088515,0.088515,0.088515,0,0,0,0,0,0,0,0,0,0,0,0,0,0,0,0,0,0,0,0,0,0,0,0,0,0,0,0,0,0,0,2026-06-19 15:00:27.679291+00,2026-06-19 15:00:27.679291+00
10,16384,t,78075558747855787,"FETCH 21 IN ""query-cursor_105""",0,0,0,0,0,0,1,0.00233,0.00233,0.00233,0.00233,0,21,0,0,0,0,0,0,0,0,0,0,0,0,0,0,0,0,0,0,0,0,0,0,0,0,0,0,0,0,0,2026-06-19 14:33:27.674642+00,2026-06-19 14:33:27.674642+00
10,16384,t,928850034226173622,"FETCH 50 IN ""query-cursor_190""",0,0,0,0,0,0,35,0.6423090000000001,0.009435,0.039256,0.018351685714285717,0.0075157214187383,1750,0,0,0,0,0,0,0,0,0,0,0,0,0,0,0,0,0,0,0,0,0,0,0,0,0,0,0,0,0,2026-06-19 17:00:27.850493+00,2026-06-19 17:00:27.850493+00
10,16384,t,-6128040967862333723,"FETCH 50 IN ""query-cursor_152""",0,0,0,0,0,0,30,0.4273690000000001,0.008531,0.022355,0.014245633333333337,0.003940040909122081,1500,0,0,0,0,0,0,0,0,0,0,0,0,0,0,0,0,0,0,0,0,0,0,0,0,0,0,0,0,0,2026-06-19 15:40:27.70705+00,2026-06-19 15:40:27.70705+00
10,16384,t,7791619057803664042,"FETCH 0 IN ""query-cursor_11""",0,0,0,0,0,0,1,0.004304,0.004304,0.004304,0.004304,0,0,0,0,0,0,0,0,0,0,0,0,0,0,0,0,0,0,0,0,0,0,0,0,0,0,0,0,0,0,0,2026-06-19 12:59:27.663533+00,2026-06-19 12:59:27.663533+00
10,16384,t,-6118631516431956135,"MOVE -844 IN ""query-cursor_117""",0,0,0,0,0,0,1,0.017508,0.017508,0.017508,0.017508,0,0,0,0,0,0,0,0,0,0,0,0,0,0,0,0,0,0,0,0,0,0,0,0,0,0,0,0,0,0,0,2026-06-19 14:45:27.672958+00,2026-06-19 14:45:27.672958+00
10,16384,t,1602307647574139426,"FETCH 49 IN ""query-cursor_118""",0,0,0,0,0,0,1,0.003355,0.003355,0.003355,0.003355,0,49,0,0,0,0,0,0,0,0,0,0,0,0,0,0,0,0,0,0,0,0,0,0,0,0,0,0,0,0,0,2026-06-19 14:46:27.675857+00,2026-06-19 14:46:27.675857+00
10,16384,t,-6119747177467428766,"FETCH 50 IN ""query-cursor_176""",0,0,0,0,0,0,33,0.556495,0.010167,0.027377,0.016863484848484846,0.005523503736080721,1650,0,0,0,0,0,0,0,0,0,0,0,0,0,0,0,0,0,0,0,0,0,0,0,0,0,0,0,0,0,2026-06-19 16:30:27.721522+00,2026-06-19 16:30:27.721522+00
16410,16412,t,-832097683607288088,"INSERT INTO RES_FEAT_STAT(LIB_FEAT_ID,FTYPE_ID,NUM_RES_ENT,NUM_RES_ENT_OOM) VALUES ($1,$2,$3,$4),($5,$6,$7,$8),($9,$10,$11,$12) ON CONFLICT DO NOTHING",0,0,0,0,0,0,266846,1403847.7632189996,0.034543,1314.0296199999998,5.260891162764289,24.513880448640638,800538,7973117,675,0,9993,0,0,0,0,0,0,5387.9849330000025,838.4132390000016,0,0,0,0,0,0,0,0,0,0,0,0,0,0,0,0,0,2026-06-19 14:52:39.628403+00,2026-06-19 14:52:39.628403+00
10,16384,t,-3528112311301981991,"FETCH 41 IN ""query-cursor_223""",0,0,0,0,0,0,1,0.012908,0.012908,0.012908,0.012908,0,41,0,0,0,0,0,0,0,0,0,0,0,0,0,0,0,0,0,0,0,0,0,0,0,0,0,0,0,0,0,2026-06-19 18:06:27.848208+00,2026-06-19 18:06:27.848208+00
10,16384,t,-7623155192416836575,"FETCH 17 IN ""query-cursor_41""",0,0,0,0,0,0,1,0.002187,0.002187,0.002187,0.002187,0,17,0,0,0,0,0,0,0,0,0,0,0,0,0,0,0,0,0,0,0,0,0,0,0,0,0,0,0,0,0,2026-06-19 13:29:27.667908+00,2026-06-19 13:29:27.667908+00
10,16384,t,6878187225334630527,"DECLARE ""query-cursor_236"" SCROLL CURSOR FOR select queryid, left(query, $1), calls, (total_plan_time + total_exec_time) as total_time from aurora_stat_statements($2) order by calls desc limit $3 FOR READ ONLY",0,0,0,0,0,0,1,0.079416,0.079416,0.079416,0.079416,0,0,0,0,0,0,0,0,0,0,0,0,0,0,0,0,0,0,0,0,0,0,0,0,0,0,0,0,0,0,0,2026-06-19 18:29:27.68085+00,2026-06-19 18:29:27.68085+00
10,16384,t,-2012401940165738353,"FETCH 0 IN ""query-cursor_108""",0,0,0,0,0,0,1,0.004086,0.004086,0.004086,0.004086,0,0,0,0,0,0,0,0,0,0,0,0,0,0,0,0,0,0,0,0,0,0,0,0,0,0,0,0,0,0,0,2026-06-19 14:36:27.670458+00,2026-06-19 14:36:27.670458+00
10,16384,t,-5150185012049596578,"MOVE ALL IN ""query-cursor_49""",0,0,0,0,0,0,1,0.895149,0.895149,0.895149,0.895149,0,0,0,0,0,0,0,0,0,0,0,0,0,0,0,0,0,0,0,0,0,0,0,0,0,0,0,0,0,0,0,2026-06-19 13:37:27.667172+00,2026-06-19 13:37:27.667172+00
16410,16412,t,1200331047913500997,DELETE FROM RES_FEAT_EKEY WHERE RES_ENT_ID=$1 AND ((LIB_FEAT_ID=$2 AND UTYPE_CODE=$3)OR(LIB_FEAT_ID=$4 AND UTYPE_CODE=$5)OR(LIB_FEAT_ID=$6 AND UTYPE_CODE=$7)OR(LIB_FEAT_ID=$8 AND UTYPE_CODE=$9)OR(LIB_FEAT_ID=$10 AND UTYPE_CODE=$11)OR(LIB_FEAT_ID=$12 AND UTYPE_CODE=$13)OR(LIB_FEAT_ID=$14 AND UTYPE_CODE=$15)OR(LIB_FEAT_ID=$16 AND UTYPE_CODE=$17)OR(LIB_FEAT_ID=$18 AND UTYPE_CODE=$19)OR(LIB_FEAT_ID=$20 AND UTYPE_CODE=$21)OR(LIB_FEAT_ID=$22 AND UTYPE_CODE=$23)OR(LIB_FEAT_ID=$24 AND UTYPE_CODE=$25)OR(LIB_FEAT_ID=$26 AND UTYPE_CODE=$27)OR(LIB_FEAT_ID=$28 AND UTYPE_CODE=$29)OR(LIB_FEAT_ID=$30 AND UTYPE_CODE=$31)OR(LIB_FEAT_ID=$32 AND UTYPE_CODE=$33)OR(LIB_FEAT_ID=$34 AND UTYPE_CODE=$35)OR(LIB_FEAT_ID=$36 AND UTYPE_CODE=$37)OR(LIB_FEAT_ID=$38 AND UTYPE_CODE=$39)OR(LIB_FEAT_ID=$40 AND UTYPE_CODE=$41)OR(LIB_FEAT_ID=$42 AND UTYPE_CODE=$43)OR(LIB_FEAT_ID=$44 AND UTYPE_CODE=$45)OR(LIB_FEAT_ID=$46 AND UTYPE_CODE=$47)OR(LIB_FEAT_ID=$48 AND UTYPE_CODE=$49)OR(LIB_FEAT_ID=$50 AND UTYPE_CODE=$51)OR(LIB_FEAT_ID=$52 AND UTYPE_CODE=$53)OR(LIB_FEAT_ID=$54 AND UTYPE_CODE=$55)OR(LIB_FEAT_ID=$56 AND UTYPE_CODE=$57)OR(LIB_FEAT_ID=$58 AND UTYPE_CODE=$59)OR(LIB_FEAT_ID=$60 AND UTYPE_CODE=$61)OR(LIB_FEAT_ID=$62 AND UTYPE_CODE=$63)OR(LIB_FEAT_ID=$64 AND UTYPE_CODE=$65)OR(LIB_FEAT_ID=$66 AND UTYPE_CODE=$67)OR(LIB_FEAT_ID=$68 AND UTYPE_CODE=$69)OR(LIB_FEAT_ID=$70 AND UTYPE_CODE=$71)OR(LIB_FEAT_ID=$72 AND UTYPE_CODE=$73)OR(LIB_FEAT_ID=$74 AND UTYPE_CODE=$75)OR(LIB_FEAT_ID=$76 AND UTYPE_CODE=$77)OR(LIB_FEAT_ID=$78 AND UTYPE_CODE=$79)OR(LIB_FEAT_ID=$80 AND UTYPE_CODE=$81)OR(LIB_FEAT_ID=$82 AND UTYPE_CODE=$83)OR(LIB_FEAT_ID=$84 AND UTYPE_CODE=$85)OR(LIB_FEAT_ID=$86 AND UTYPE_CODE=$87)OR(LIB_FEAT_ID=$88 AND UTYPE_CODE=$89)OR(LIB_FEAT_ID=$90 AND UTYPE_CODE=$91)OR(LIB_FEAT_ID=$92 AND UTYPE_CODE=$93)OR(LIB_FEAT_ID=$94 AND UTYPE_CODE=$95)OR(LIB_FEAT_ID=$96 AND UTYPE_CODE=$97)OR(LIB_FEAT_ID=$98 AND UTYPE_CODE=$99)OR(LIB_FEAT_ID=$100 AND UTYPE_CODE=$101)),0,0,0,0,0,0,8806,416809.2685420005,0.012609,765.2756029999999,47.332417504201736,77.03381964620371,292891,1994105,4995,0,0,0,0,0,0,0,0,259411.07741699973,0,0,0,0,0,0,0,0,0,0,0,0,0,0,0,0,0,0,2026-06-19 14:55:34.272893+00,2026-06-19 14:55:34.272893+00
16410,16412,t,3715268245331517259,"SELECT LIB_FEAT_ID,NUM_RES_ENT,NUM_RES_ENT_OOM,CANDIDATE_CAP_REACHED,SCORING_CAP_REACHED FROM RES_FEAT_STAT WHERE LIB_FEAT_ID IN ($1,$2)",0,0,0,0,0,0,26877075,7661461.355741554,0.0055650000000000005,629.820218,0.2850556228957784,4.090981641613325,53754120,254762815,138553,0,0,0,0,0,0,0,0,3214521.3882100326,0,0,0,0,0,0,0,0,0,0,0,0,0,0,0,0,0,0,2026-06-19 14:52:39.800933+00,2026-06-19 14:52:39.800933+00
10,16384,t,3506895797553403245,"SELECT cipher, count(*) FROM pg_stat_ssl JOIN pg_stat_activity USING(pid) WHERE usename <> $1 AND ssl = $2 GROUP BY cipher",0,0,0,0,0,0,6,612.5244630000001,0.200729,552.017278,102.08741050000002,201.6809685542076,5,13,0,0,0,0,0,0,0,0,0,0,0,0,0,0,0,0,0,0,0,0,0,0,0,0,0,0,0,0,2026-06-19 12:50:53.651159+00,2026-06-19 12:50:53.651159+00
10,16384,t,-6584220850937834285,"FETCH 0 IN ""query-cursor_247""",0,0,0,0,0,0,1,0.008925,0.008925,0.008925,0.008925,0,0,0,0,0,0,0,0,0,0,0,0,0,0,0,0,0,0,0,0,0,0,0,0,0,0,0,0,0,0,0,2026-06-19 18:53:27.757437+00,2026-06-19 18:53:27.757437+00
10,16384,t,-7302286213523087381,"FETCH 50 IN ""query-cursor_187""",0,0,0,0,0,0,35,0.555684,0.007912,0.031881,0.015876685714285712,0.005892048597275235,1750,0,0,0,0,0,0,0,0,0,0,0,0,0,0,0,0,0,0,0,0,0,0,0,0,0,0,0,0,0,2026-06-19 16:54:28.069009+00,2026-06-19 16:54:28.069009+00
10,16384,t,5123234696058904789,"FETCH 34 IN ""query-cursor_3""",0,0,0,0,0,0,1,0.003912,0.003912,0.003912,0.003912,0,34,0,0,0,0,0,0,0,0,0,0,0,0,0,0,0,0,0,0,0,0,0,0,0,0,0,0,0,0,0,2026-06-19 12:51:27.663558+00,2026-06-19 12:51:27.663558+00
16410,16412,t,1012973085746232439,"SELECT RES_ENT_ID,OBS_ENT_ID,ERRULE_ID,MATCH_KEY FROM RES_ENT_OKEY WHERE OBS_ENT_ID IN ($1)",0,0,0,0,0,0,351661,393240.77433300007,0.006382,475.841482,1.11823823037812,10.605897438770633,351661,1467630,14830,0,0,0,0,0,0,0,0,359733.47882999945,0,0,0,0,0,0,0,0,0,0,0,0,0,0,0,0,0,0,2026-06-19 14:52:42.126237+00,2026-06-19 14:52:42.126237+00
10,16384,t,-4604512965701493850,"FETCH 47 IN ""query-cursor_101""",0,0,0,0,0,0,1,0.003281,0.003281,0.003281,0.003281,0,47,0,0,0,0,0,0,0,0,0,0,0,0,0,0,0,0,0,0,0,0,0,0,0,0,0,0,0,0,0,2026-06-19 14:29:27.674095+00,2026-06-19 14:29:27.674095+00
10,16384,t,4898663211112854691,"DECLARE ""query-cursor_240"" SCROLL CURSOR FOR select queryid, left(query, $1), calls, (total_plan_time + total_exec_time) as total_time from aurora_stat_statements($2) order by calls desc limit $3 FOR READ ONLY",0,0,0,0,0,0,1,0.078553,0.078553,0.078553,0.078553,0,0,0,0,0,0,0,0,0,0,0,0,0,0,0,0,0,0,0,0,0,0,0,0,0,0,0,0,0,0,0,2026-06-19 18:37:27.705632+00,2026-06-19 18:37:27.705632+00
10,16384,t,3467710589410271349,"FETCH 50 IN ""query-cursor_87""",0,0,0,0,0,0,13,0.04388999999999999,0.002769,0.006829,0.0033761538461538456,0.001061620810629732,650,0,0,0,0,0,0,0,0,0,0,0,0,0,0,0,0,0,0,0,0,0,0,0,0,0,0,0,0,0,2026-06-19 14:15:27.670588+00,2026-06-19 14:15:27.670588+00
16410,16412,t,3364666014867901199,"INSERT INTO LIB_FEAT(LIB_FEAT_ID,FTYPE_ID,FEAT_HASH,FEAT_DESC,FELEM_VALUES,ANONYMIZED,VERSION) VALUES ($1,$2,$3,$4,$5,$6,$7) ON CONFLICT(FTYPE_ID,FEAT_HASH,ANONYMIZED) DO UPDATE SET FTYPE_ID=LIB_FEAT.FTYPE_ID,FEAT_HASH=LIB_FEAT.FEAT_HASH,ANONYMIZED=LIB_FEAT.ANONYMIZED RETURNING LIB_FEAT_ID,FTYPE_ID,FEAT_HASH,ANONYMIZED,FEAT_DESC",0,0,0,0,0,0,2283735,7541130.35639908,0.026682,1338.20622,3.3021039465608224,13.969620161513854,2283735,35714752,88,0,75117,0,0,0,0,0,0,1244.4112759999998,9746.106234999988,0,0,0,0,0,0,0,0,0,0,0,0,0,0,0,0,0,2026-06-19 14:52:39.638193+00,2026-06-19 14:52:39.638193+00
16410,16412,t,-1782346235376703490,"SELECT VAR_VALUE,SYS_LSTUPD_DT FROM SYS_VARS WHERE VAR_GROUP=$1 AND VAR_CODE=$2",0,0,0,0,0,0,6035,153.0468290000005,0.00359,16.345572999999998,0.02535987224523621,0.2198492387786795,3448,9481,2,0,0,0,0,0,0,0,0,1.16352,0,0,0,0,0,0,0,0,0,0,0,0,0,0,0,0,0,0,2026-06-19 12:52:31.100379+00,2026-06-19 12:52:31.100379+00
10,16384,t,-5929136792114950263,"FETCH 16 IN ""query-cursor_243""",0,0,0,0,0,0,1,0.006784,0.006784,0.006784,0.006784,0,16,0,0,0,0,0,0,0,0,0,0,0,0,0,0,0,0,0,0,0,0,0,0,0,0,0,0,0,0,0,2026-06-19 18:43:27.966536+00,2026-06-19 18:43:27.966536+00
10,16384,t,5914751262772626060,"MOVE -1397 IN ""query-cursor_136""",0,0,0,0,0,0,1,0.224061,0.224061,0.224061,0.224061,0,0,0,0,0,0,0,0,0,0,0,0,0,0,0,0,0,0,0,0,0,0,0,0,0,0,0,0,0,0,0,2026-06-19 15:08:27.749425+00,2026-06-19 15:08:27.749425+00
10,16384,t,3573490617904996008,"MOVE -1986 IN ""query-cursor_222""",0,0,0,0,0,0,1,0.235308,0.235308,0.235308,0.235308,0,0,0,0,0,0,0,0,0,0,0,0,0,0,0,0,0,0,0,0,0,0,0,0,0,0,0,0,0,0,0,2026-06-19 18:04:27.823717+00,2026-06-19 18:04:27.823717+00
10,16384,t,2671304535297845145,"FETCH 50 IN ""query-cursor_57""",0,0,0,0,0,0,9,0.030108,0.002864,0.005815,0.0033453333333333334,0.0008873521160045645,450,0,0,0,0,0,0,0,0,0,0,0,0,0,0,0,0,0,0,0,0,0,0,0,0,0,0,0,0,0,2026-06-19 13:45:27.668007+00,2026-06-19 13:45:27.668007+00
10,16412,t,-1342905154215104636,"SELECT E.NAME, X.EXTVERSION, X.EXTVERSION=E.DEFAULT_VERSION IS_DEFAULT_VERSION
FROM PG_CATALOG.PG_AVAILABLE_EXTENSIONS() E INNER JOIN PG_EXTENSION X ON (E.NAME=X.EXTNAME)",0,0,0,0,0,0,1,55.83946,55.83946,55.83946,55.83946,0,1,2,0,0,0,0,0,0,0,0,0,0,0,0,0,0,0,0,0,0,0,0,0,0,0,0,0,0,0,0,2026-06-19 13:45:00.217967+00,2026-06-19 13:45:00.217967+00
10,16384,t,1844942870784685723,"DECLARE ""query-cursor_6"" SCROLL CURSOR FOR select queryid, left(query, $1), calls, (total_plan_time + total_exec_time) as total_time from aurora_stat_statements($2) order by calls desc limit $3 FOR READ ONLY",0,0,0,0,0,0,1,0.067068,0.067068,0.067068,0.067068,0,0,0,0,0,0,0,0,0,0,0,0,0,0,0,0,0,0,0,0,0,0,0,0,0,0,0,0,0,0,0,2026-06-19 12:54:27.663141+00,2026-06-19 12:54:27.663141+00
16410,16412,t,4230767813197154375,"INSERT INTO RES_FEAT_EKEY(RES_ENT_ID,LIB_FEAT_ID,FTYPE_ID,UTYPE_CODE,SUPPRESSED,OBS_ENT_CNT) VALUES ($1,$2,$3,$4,$5,$6),($7,$8,$9,$10,$11,$12),($13,$14,$15,$16,$17,$18),($19,$20,$21,$22,$23,$24),($25,$26,$27,$28,$29,$30),($31,$32,$33,$34,$35,$36),($37,$38,$39,$40,$41,$42),($43,$44,$45,$46,$47,$48),($49,$50,$51,$52,$53,$54),($55,$56,$57,$58,$59,$60),($61,$62,$63,$64,$65,$66) ON CONFLICT DO NOTHING",0,0,0,0,0,0,2054784,25751010.68529104,0.073038,1577.3020390000001,12.532222698488523,32.92329483181049,22598048,312699997,40763,0,293393,0,0,0,0,0,0,966744.020715994,35014.20111699975,0,0,0,0,0,0,0,0,0,0,0,0,0,0,0,0,0,2026-06-19 14:52:39.66173+00,2026-06-19 14:52:39.66173+00
10,16384,t,-6583527529522888569,"FETCH 18 IN ""query-cursor_145""",0,0,0,0,0,0,1,0.007191,0.007191,0.007191,0.007191,0,18,0,0,0,0,0,0,0,0,0,0,0,0,0,0,0,0,0,0,0,0,0,0,0,0,0,0,0,0,0,2026-06-19 15:26:27.861776+00,2026-06-19 15:26:27.861776+00
10,16384,t,-540517796963662917,"DECLARE ""query-cursor_55"" SCROLL CURSOR FOR select queryid, left(query, $1), calls, (total_plan_time + total_exec_time) as total_time from aurora_stat_statements($2) order by calls desc limit $3 FOR READ ONLY",0,0,0,0,0,0,1,0.062458,0.062458,0.062458,0.062458,0,0,0,0,0,0,0,0,0,0,0,0,0,0,0,0,0,0,0,0,0,0,0,0,0,0,0,0,0,0,0,2026-06-19 13:43:27.666595+00,2026-06-19 13:43:27.666595+00
10,16384,t,2337945717474908937,"DECLARE ""query-cursor_4"" SCROLL CURSOR FOR select queryid, left(query, $1), calls, (total_plan_time + total_exec_time) as total_time from aurora_stat_statements($2) order by calls desc limit $3 FOR READ ONLY",0,0,0,0,0,0,1,0.059863,0.059863,0.059863,0.059863,0,0,0,0,0,0,0,0,0,0,0,0,0,0,0,0,0,0,0,0,0,0,0,0,0,0,0,0,0,0,0,2026-06-19 12:52:27.662944+00,2026-06-19 12:52:27.662944+00
16410,16412,t,-7691896416754340519,"INSERT INTO RES_FEAT_STAT(LIB_FEAT_ID,FTYPE_ID,NUM_RES_ENT,NUM_RES_ENT_OOM) VALUES ($1,$2,$3,$4),($5,$6,$7,$8),($9,$10,$11,$12),($13,$14,$15,$16),($17,$18,$19,$20),($21,$22,$23,$24),($25,$26,$27,$28),($29,$30,$31,$32),($33,$34,$35,$36),($37,$38,$39,$40),($41,$42,$43,$44),($45,$46,$47,$48),($49,$50,$51,$52),($53,$54,$55,$56),($57,$58,$59,$60),($61,$62,$63,$64),($65,$66,$67,$68),($69,$70,$71,$72),($73,$74,$75,$76),($77,$78,$79,$80),($81,$82,$83,$84),($85,$86,$87,$88) ON CONFLICT DO NOTHING",0,0,0,0,0,0,842696,18237209.41154619,0.194868,2500.802163,21.641504660691623,84.77748496761873,18539275,183227995,6914,0,175518,0,0,0,0,0,0,69646.81863900005,17657.614163000035,0,0,0,0,0,0,0,0,0,0,0,0,0,0,0,0,0,2026-06-19 14:52:39.649435+00,2026-06-19 14:52:39.649435+00
10,16384,t,8713665527740100834,"FETCH 0 IN ""query-cursor_111""",0,0,0,0,0,0,1,0.003947,0.003947,0.003947,0.003947,0,0,0,0,0,0,0,0,0,0,0,0,0,0,0,0,0,0,0,0,0,0,0,0,0,0,0,0,0,0,0,2026-06-19 14:39:27.670614+00,2026-06-19 14:39:27.670614+00
16410,16412,t,-3790189356219649695,"SELECT RES_ENT_ID,LIB_FEAT_ID,FTYPE_ID,UTYPE_CODE,SUPPRESSED,OBS_ENT_CNT FROM RES_FEAT_EKEY WHERE RES_ENT_ID IN ($1,$2,$3,$4)",0,0,0,0,0,0,3296399,2979420.750465254,0.020157,992.754152,0.9038410551833239,6.077802415934392,307202359,64928689,266942,0,0,0,0,0,0,0,0,1687671.3478369878,0,0,0,0,0,0,0,0,0,0,0,0,0,0,0,0,0,0,2026-06-19 14:52:51.993381+00,2026-06-19 14:52:51.993381+00
10,16384,t,-4997643580078583648,"FETCH 50 IN ""query-cursor_205""",0,0,0,0,0,0,37,0.634524,0.010765,0.046525,0.017149297297297295,0.0070937973586555425,1850,0,0,0,0,0,0,0,0,0,0,0,0,0,0,0,0,0,0,0,0,0,0,0,0,0,0,0,0,0,2026-06-19 17:30:28.057492+00,2026-06-19 17:30:28.057492+00
10,16384,t,5857005489087596978,"DECLARE ""query-cursor_140"" SCROLL CURSOR FOR select queryid, left(query, $1), calls, (total_plan_time + total_exec_time) as total_time from aurora_stat_statements($2) order by calls desc limit $3 FOR READ ONLY",0,0,0,0,0,0,1,0.073365,0.073365,0.073365,0.073365,0,0,0,0,0,0,0,0,0,0,0,0,0,0,0,0,0,0,0,0,0,0,0,0,0,0,0,0,0,0,0,2026-06-19 15:16:28.404894+00,2026-06-19 15:16:28.404894+00
10,16384,t,286245715197062131,"FETCH 0 IN ""query-cursor_240""",0,0,0,0,0,0,1,0.006029,0.006029,0.006029,0.006029,0,0,0,0,0,0,0,0,0,0,0,0,0,0,0,0,0,0,0,0,0,0,0,0,0,0,0,0,0,0,0,2026-06-19 18:37:27.706164+00,2026-06-19 18:37:27.706164+00
16410,16412,t,-5787218782907765817,"SELECT RES_ENT_ID,REL_ENT_ID,RES_REL_ID FROM RES_REL_EKEY WHERE RES_ENT_ID IN ($1,$2,$3,$4)",0,0,0,0,0,0,1078991,409028.82179001585,0.01223,476.679035,0.37908455380074146,5.278777801664304,10455528,26207338,9296,0,0,0,0,0,0,0,0,197676.04799400046,0,0,0,0,0,0,0,0,0,0,0,0,0,0,0,0,0,0,2026-06-19 14:52:52.289377+00,2026-06-19 14:52:52.289377+00
10,16384,t,-6531023590697524762,"DECLARE ""query-cursor_148"" SCROLL CURSOR FOR select queryid, left(query, $1), calls, (total_plan_time + total_exec_time) as total_time from aurora_stat_statements($2) order by calls desc limit $3 FOR READ ONLY",0,0,0,0,0,0,1,0.071785,0.071785,0.071785,0.071785,0,0,0,0,0,0,0,0,0,0,0,0,0,0,0,0,0,0,0,0,0,0,0,0,0,0,0,0,0,0,0,2026-06-19 15:32:28.065904+00,2026-06-19 15:32:28.065904+00
10,16384,t,-3706891456295853398,"MOVE -1888 IN ""query-cursor_206""",0,0,0,0,0,0,1,0.136923,0.136923,0.136923,0.136923,0,0,0,0,0,0,0,0,0,0,0,0,0,0,0,0,0,0,0,0,0,0,0,0,0,0,0,0,0,0,0,2026-06-19 17:32:27.754548+00,2026-06-19 17:32:27.754548+00
10,16384,t,4133146271492023938,"DECLARE ""query-cursor_107"" SCROLL CURSOR FOR select queryid, left(query, $1), calls, (total_plan_time + total_exec_time) as total_time from aurora_stat_statements($2) order by calls desc limit $3 FOR READ ONLY",0,0,0,0,0,0,1,0.063612,0.063612,0.063612,0.063612,0,0,0,0,0,0,0,0,0,0,0,0,0,0,0,0,0,0,0,0,0,0,0,0,0,0,0,0,0,0,0,2026-06-19 14:35:27.670292+00,2026-06-19 14:35:27.670292+00
16410,16412,t,-6564977880311829157,"SELECT OBS_ENT_ID,DSRC_ID,ENT_SRC_KEY,FEATURES FROM OBS_ENT WHERE OBS_ENT_ID IN ($1)",0,0,0,0,0,0,38459909,19013883.56490084,0.004199,915.402714,0.49438191767174594,6.626632415650989,38459909,188786851,771753,0,0,0,0,0,0,0,0,15816422.834387386,0,0,0,0,0,0,0,0,0,0,0,0,0,0,0,0,0,0,2026-06-19 14:52:51.907099+00,2026-06-19 14:52:51.907099+00
10,16384,t,7305537172930860959,"FETCH 27 IN ""query-cursor_81""",0,0,0,0,0,0,1,0.002761,0.002761,0.002761,0.002761,0,27,0,0,0,0,0,0,0,0,0,0,0,0,0,0,0,0,0,0,0,0,0,0,0,0,0,0,0,0,0,2026-06-19 14:09:27.672046+00,2026-06-19 14:09:27.672046+00
10,16384,t,-8905163247598600016,"DECLARE ""query-cursor_199"" SCROLL CURSOR FOR select queryid, left(query, $1), calls, (total_plan_time + total_exec_time) as total_time from aurora_stat_statements($2) order by calls desc limit $3 FOR READ ONLY",0,0,0,0,0,0,1,0.073554,0.073554,0.073554,0.073554,0,0,0,0,0,0,0,0,0,0,0,0,0,0,0,0,0,0,0,0,0,0,0,0,0,0,0,0,0,0,0,2026-06-19 17:18:28.299749+00,2026-06-19 17:18:28.299749+00
10,16384,t,-2557714047408610021,"FETCH 23 IN ""query-cursor_212""",0,0,0,0,0,0,1,0.008724,0.008724,0.008724,0.008724,0,23,0,0,0,0,0,0,0,0,0,0,0,0,0,0,0,0,0,0,0,0,0,0,0,0,0,0,0,0,0,2026-06-19 17:44:28.130187+00,2026-06-19 17:44:28.130187+00
10,16384,t,-3751655967175886150,"FETCH 0 IN ""query-cursor_196""",0,0,0,0,0,0,1,0.005088,0.005088,0.005088,0.005088,0,0,0,0,0,0,0,0,0,0,0,0,0,0,0,0,0,0,0,0,0,0,0,0,0,0,0,0,0,0,0,2026-06-19 17:12:28.184349+00,2026-06-19 17:12:28.184349+00
10,16384,t,-4813361940416895133,"DECLARE ""query-cursor_144"" SCROLL CURSOR FOR select queryid, left(query, $1), calls, (total_plan_time + total_exec_time) as total_time from aurora_stat_statements($2) order by calls desc limit $3 FOR READ ONLY",0,0,0,0,0,0,1,0.099217,0.099217,0.099217,0.099217,0,0,0,0,0,0,0,0,0,0,0,0,0,0,0,0,0,0,0,0,0,0,0,0,0,0,0,0,0,0,0,2026-06-19 15:24:27.751688+00,2026-06-19 15:24:27.751688+00
10,16384,t,-128902900655158849,"MOVE -706 IN ""query-cursor_94""",0,0,0,0,0,0,1,0.014363,0.014363,0.014363,0.014363,0,0,0,0,0,0,0,0,0,0,0,0,0,0,0,0,0,0,0,0,0,0,0,0,0,0,0,0,0,0,0,2026-06-19 14:22:27.671126+00,2026-06-19 14:22:27.671126+00
16410,16412,t,-3322058918894707092,"SELECT LIB_FEAT_ID,UTYPE_CODE,RES_ENT_ID,OBS_ENT_CNT FROM RES_FEAT_EKEY WHERE LIB_FEAT_ID IN ($1) AND RES_ENT_ID!=$2",0,0,0,0,0,0,1049850,7979763.240452007,0.006351,695.0366220000001,7.600860351909327,30.807122519762345,7394123,11017194,566813,0,0,0,0,0,0,0,0,7451303.24397118,0,0,0,0,0,0,0,0,0,0,0,0,0,0,0,0,0,0,2026-06-19 14:52:41.825724+00,2026-06-19 14:52:41.825724+00
10,16384,t,6055806012909596199,"FETCH 0 IN ""query-cursor_115""",0,0,0,0,0,0,1,0.00429,0.00429,0.00429,0.00429,0,0,0,0,0,0,0,0,0,0,0,0,0,0,0,0,0,0,0,0,0,0,0,0,0,0,0,0,0,0,0,2026-06-19 14:43:27.670976+00,2026-06-19 14:43:27.670976+00
10,16384,t,-8242579202649377843,"FETCH 15 IN ""query-cursor_164""",0,0,0,0,0,0,1,0.007573,0.007573,0.007573,0.007573,0,15,0,0,0,0,0,0,0,0,0,0,0,0,0,0,0,0,0,0,0,0,0,0,0,0,0,0,0,0,0,2026-06-19 16:04:27.852362+00,2026-06-19 16:04:27.852362+00
10,16384,t,3341756448819790726,"MOVE -345 IN ""query-cursor_37""",0,0,0,0,0,0,1,0.009143,0.009143,0.009143,0.009143,0,0,0,0,0,0,0,0,0,0,0,0,0,0,0,0,0,0,0,0,0,0,0,0,0,0,0,0,0,0,0,2026-06-19 13:25:27.666253+00,2026-06-19 13:25:27.666253+00
10,16384,t,8289564135582190389,"MOVE ALL IN ""query-cursor_111""",0,0,0,0,0,0,1,1.730014,1.730014,1.730014,1.730014,0,0,0,0,0,0,0,0,0,0,0,0,0,0,0,0,0,0,0,0,0,0,0,0,0,0,0,0,0,0,0,2026-06-19 14:39:27.672387+00,2026-06-19 14:39:27.672387+00
16410,16412,t,3370682044401724355,"INSERT INTO RES_RELATE(RES_REL_ID,MIN_RES_ENT_ID,MAX_RES_ENT_ID,IS_DISCLOSED,IS_AMBIGUOUS,LAST_ERRULE_ID,MATCH_KEY,MATCH_KEY_DETAILS,MATCH_LEVELS) VALUES ($1,$2,$3,$4,$5,$6,$7,$8,$9),($10,$11,$12,$13,$14,$15,$16,$17,$18),($19,$20,$21,$22,$23,$24,$25,$26,$27),($28,$29,$30,$31,$32,$33,$34,$35,$36),($37,$38,$39,$40,$41,$42,$43,$44,$45),($46,$47,$48,$49,$50,$51,$52,$53,$54),($55,$56,$57,$58,$59,$60,$61,$62,$63) ON CONFLICT DO NOTHING",0,0,0,0,0,0,32984,349223.65586299985,0.082691,601.819361,10.587668441153282,33.148178587236785,230888,2042500,8233,0,12232,0,0,0,0,0,0,120585.95429199956,507.28372599999966,0,0,0,0,0,0,0,0,0,0,0,0,0,0,0,0,0,2026-06-19 14:52:49.94324+00,2026-06-19 14:52:49.94324+00
16410,16412,t,-8936390312445118152,"INSERT INTO LIB_FEAT(LIB_FEAT_ID,FTYPE_ID,FEAT_HASH,FEAT_DESC,FELEM_VALUES,ANONYMIZED,VERSION) VALUES ($1,$2,$3,$4,$5,$6,$7),($8,$9,$10,$11,$12,$13,$14),($15,$16,$17,$18,$19,$20,$21),($22,$23,$24,$25,$26,$27,$28),($29,$30,$31,$32,$33,$34,$35),($36,$37,$38,$39,$40,$41,$42),($43,$44,$45,$46,$47,$48,$49),($50,$51,$52,$53,$54,$55,$56),($57,$58,$59,$60,$61,$62,$63),($64,$65,$66,$67,$68,$69,$70),($71,$72,$73,$74,$75,$76,$77),($78,$79,$80,$81,$82,$83,$84) ON CONFLICT(FTYPE_ID,FEAT_HASH,ANONYMIZED) DO UPDATE SET FTYPE_ID=LIB_FEAT.FTYPE_ID,FEAT_HASH=LIB_FEAT.FEAT_HASH,ANONYMIZED=LIB_FEAT.ANONYMIZED RETURNING LIB_FEAT_ID,FTYPE_ID,FEAT_HASH,ANONYMIZED,FEAT_DESC",0,0,0,0,0,0,1767170,36127142.00766272,0.195612,1760.523668,20.443501195506215,51.554023060080866,21206040,332931001,1075,0,827088,0,0,0,0,0,0,22698.086004999946,78630.84875499968,0,0,0,0,0,0,0,0,0,0,0,0,0,0,0,0,0,2026-06-19 14:52:39.531277+00,2026-06-19 14:52:39.531277+00
10,16384,t,5261688288896710461,"FETCH 50 IN ""query-cursor_234""",0,0,0,0,0,0,41,0.566508,0.007429,0.046782,0.013817268292682927,0.006525560411498509,2050,0,0,0,0,0,0,0,0,0,0,0,0,0,0,0,0,0,0,0,0,0,0,0,0,0,0,0,0,0,2026-06-19 18:27:27.688184+00,2026-06-19 18:27:27.688184+00
10,16384,t,-279786971874455649,"DECLARE ""query-cursor_136"" SCROLL CURSOR FOR select queryid, left(query, $1), calls, (total_plan_time + total_exec_time) as total_time from aurora_stat_statements($2) order by calls desc limit $3 FOR READ ONLY",0,0,0,0,0,0,1,0.087355,0.087355,0.087355,0.087355,0,0,0,0,0,0,0,0,0,0,0,0,0,0,0,0,0,0,0,0,0,0,0,0,0,0,0,0,0,0,0,2026-06-19 15:08:27.72219+00,2026-06-19 15:08:27.72219+00
16410,16412,t,-1245128576629425324,"CREATE TABLE RES_ENT (RES_ENT_ID BIGINT NOT NULL, LOCKING_ID BIGINT NOT NULL, LAST_TOUCH_DT BIGINT, ENT_STATE BIGINT, LOCK_DSRC_ACTION CHAR(1), PRIMARY KEY(RES_ENT_ID))",0,0,0,0,0,0,1,2.521064,2.521064,2.521064,2.521064,0,0,207,0,0,1,0,0,0,0,0,0,0,0.002322,0,0,0,0,0,0,0,0,0,0,0,0,0,0,0,0,0,2026-06-19 12:52:04.144209+00,2026-06-19 12:52:04.144209+00
10,16384,t,-3477460375337538439,"FETCH 0 IN ""query-cursor_7""",0,0,0,0,0,0,1,0.003936,0.003936,0.003936,0.003936,0,0,0,0,0,0,0,0,0,0,0,0,0,0,0,0,0,0,0,0,0,0,0,0,0,0,0,0,0,0,0,2026-06-19 12:55:27.663234+00,2026-06-19 12:55:27.663234+00
16410,16412,t,-3364415385094815576,"SELECT LIB_FEAT_ID,FEAT_DESC,FTYPE_ID,ANONYMIZED,FEAT_HASH,VERSION,FELEM_VALUES FROM LIB_FEAT WHERE LIB_FEAT_ID IN ($1,$2,$3,$4,$5,$6,$7,$8)",0,0,0,0,0,0,6878721,14832528.897861345,0.008891,832.0611749999999,2.156291685309136,14.151496085222957,44364004,88850587,1068747,0,0,0,0,0,0,0,0,13567516.576448664,0,0,0,0,0,0,0,0,0,0,0,0,0,0,0,0,0,0,2026-06-19 14:52:39.863937+00,2026-06-19 14:52:39.863937+00
10,16384,t,1670430526086391044,"FETCH 5 IN ""query-cursor_119""",0,0,0,0,0,0,1,0.001494,0.001494,0.001494,0.001494,0,5,0,0,0,0,0,0,0,0,0,0,0,0,0,0,0,0,0,0,0,0,0,0,0,0,0,0,0,0,0,2026-06-19 14:47:27.676103+00,2026-06-19 14:47:27.676103+00
16410,16412,t,5347257757004569668,DEALLOCATE $1,0,0,0,0,0,0,90380559,915822.2044505836,0.000675,92.82293,0.010132955743840703,0.15220717717179955,0,0,0,0,0,0,0,0,0,0,0,0,0,0,0,0,0,0,0,0,0,0,0,0,0,0,0,0,0,0,2026-06-19 12:51:29.511209+00,2026-06-19 12:51:29.511209+00
10,16384,t,2315056850273519502,"MOVE ALL IN ""query-cursor_117""",0,0,0,0,0,0,1,1.791518,1.791518,1.791518,1.791518,0,0,0,0,0,0,0,0,0,0,0,0,0,0,0,0,0,0,0,0,0,0,0,0,0,0,0,0,0,0,0,2026-06-19 14:45:27.672889+00,2026-06-19 14:45:27.672889+00
10,16384,t,-1032162331123266237,"FETCH 38 IN ""query-cursor_175""",0,0,0,0,0,0,1,0.010953,0.010953,0.010953,0.010953,0,38,0,0,0,0,0,0,0,0,0,0,0,0,0,0,0,0,0,0,0,0,0,0,0,0,0,0,0,0,0,2026-06-19 16:28:27.921367+00,2026-06-19 16:28:27.921367+00
10,16384,t,9028465920508529324,"MOVE ALL IN ""query-cursor_23""",0,0,0,0,0,0,1,0.525482,0.525482,0.525482,0.525482,0,0,0,0,0,0,0,0,0,0,0,0,0,0,0,0,0,0,0,0,0,0,0,0,0,0,0,0,0,0,0,2026-06-19 13:11:27.664955+00,2026-06-19 13:11:27.664955+00
10,16384,t,-2122355566583984355,"FETCH 21 IN ""query-cursor_2""",0,0,0,0,0,0,1,0.002311,0.002311,0.002311,0.002311,0,21,0,0,0,0,0,0,0,0,0,0,0,0,0,0,0,0,0,0,0,0,0,0,0,0,0,0,0,0,0,2026-06-19 12:50:27.663398+00,2026-06-19 12:50:27.663398+00
16410,16412,t,-5587554776601588073,"SELECT RES_ENT_ID,LIB_FEAT_ID,FTYPE_ID,UTYPE_CODE,SUPPRESSED,OBS_ENT_CNT FROM RES_FEAT_EKEY WHERE RES_ENT_ID IN ($1,$2,$3,$4) AND FTYPE_ID IN ($5,$6,$7,$8,$9,$10,$11,$12,$13,$14,$15,$16,$17,$18,$19)",0,0,0,0,0,0,584912,1437277.8366869965,0.037953,682.002345,2.457254829251232,13.470989528447102,40146012,10837346,61778,0,0,0,0,0,0,0,0,1158690.5375759944,0,0,0,0,0,0,0,0,0,0,0,0,0,0,0,0,0,0,2026-06-19 14:52:41.001389+00,2026-06-19 14:52:41.001389+00
16410,16412,t,-1819450863720510829,"SELECT RES_ENT_ID,REL_ENT_ID,RES_REL_ID FROM RES_REL_EKEY WHERE RES_ENT_ID IN ($1,$2,$3,$4,$5,$6,$7,$8)",0,0,0,0,0,0,200839,125654.90789799913,0.021435,467.257997,0.6256499380000853,6.738823870193124,4422799,9534492,3567,0,0,0,0,0,0,0,0,57033.628361999865,0,0,0,0,0,0,0,0,0,0,0,0,0,0,0,0,0,0,2026-06-19 14:52:52.611507+00,2026-06-19 14:52:52.611507+00
10,16384,t,1207725869686970017,"select sum(blks_read), sum(blks_hit) from pg_stat_database",0,0,0,0,0,0,376,34.329551999999985,0.048205,2.1846740000000002,0.09130199999999997,0.120772181622669,376,376,0,0,0,0,0,0,0,0,0,0,0,0,0,0,0,0,0,0,0,0,0,0,0,0,0,0,0,0,2026-06-19 12:48:52.268777+00,2026-06-19 12:48:52.268777+00
10,16384,t,-4726147469853074723,"DECLARE ""query-cursor_19"" SCROLL CURSOR FOR select queryid, left(query, $1), calls, (total_plan_time + total_exec_time) as total_time from aurora_stat_statements($2) order by calls desc limit $3 FOR READ ONLY",0,0,0,0,0,0,1,0.062885,0.062885,0.062885,0.062885,0,0,0,0,0,0,0,0,0,0,0,0,0,0,0,0,0,0,0,0,0,0,0,0,0,0,0,0,0,0,0,2026-06-19 13:07:27.664066+00,2026-06-19 13:07:27.664066+00
16410,16412,t,2037256745584830415,"SELECT RES_ENT_ID,LIB_FEAT_ID,FTYPE_ID,UTYPE_CODE,SUPPRESSED,OBS_ENT_CNT FROM RES_FEAT_EKEY WHERE RES_ENT_ID IN ($1) AND FTYPE_ID IN ($2,$3,$4,$5,$6,$7)",0,0,0,0,0,0,106,208.72922400000007,0.024245,91.004979,1.9691436226415102,10.045857148508933,754,581,6,0,0,0,0,0,0,0,0,190.9212,0,0,0,0,0,0,0,0,0,0,0,0,0,0,0,0,0,0,2026-06-19 14:55:09.39809+00,2026-06-19 14:55:09.39809+00
16410,16412,t,72437734615173454,"CREATE INDEX RES_ENT_OKEY_SK ON RES_ENT_OKEY(RES_ENT_ID, OBS_ENT_ID)",0,0,0,0,0,0,1,2.079382,2.079382,2.079382,2.079382,0,0,114,0,0,0,0,0,0,0,0,0,0,0,0,0,0,0,0,0,0,0,0,0,0,0,0,0,0,0,0,2026-06-19 12:52:04.154718+00,2026-06-19 12:52:04.154718+00
10,16384,t,-5852257542849163230,"FETCH 50 IN ""query-cursor_237""",0,0,0,0,0,0,41,0.6813350000000001,0.00846,0.034386,0.016617926829268295,0.006180393113987697,2050,0,0,0,0,0,0,0,0,0,0,0,0,0,0,0,0,0,0,0,0,0,0,0,0,0,0,0,0,0,2026-06-19 18:31:27.693195+00,2026-06-19 18:31:27.693195+00
10,16384,t,-2620757867349574209,"MOVE -658 IN ""query-cursor_86""",0,0,0,0,0,0,1,0.015059,0.015059,0.015059,0.015059,0,0,0,0,0,0,0,0,0,0,0,0,0,0,0,0,0,0,0,0,0,0,0,0,0,0,0,0,0,0,0,2026-06-19 14:14:27.670423+00,2026-06-19 14:14:27.670423+00
10,16384,t,-2978001162064759383,"FETCH 50 IN ""query-cursor_248""",0,0,0,0,0,0,42,0.697645,0.00932,0.066992,0.016610595238095237,0.009286470737838956,2100,0,0,0,0,0,0,0,0,0,0,0,0,0,0,0,0,0,0,0,0,0,0,0,0,0,0,0,0,0,2026-06-19 18:55:27.69512+00,2026-06-19 18:55:27.69512+00
10,16384,t,8075369696814485879,"MOVE ALL IN ""query-cursor_39""",0,0,0,0,0,0,1,0.72844,0.72844,0.72844,0.72844,0,0,0,0,0,0,0,0,0,0,0,0,0,0,0,0,0,0,0,0,0,0,0,0,0,0,0,0,0,0,0,2026-06-19 13:27:27.666277+00,2026-06-19 13:27:27.666277+00
10,16384,t,-5491815674451836886,"DECLARE ""query-cursor_41"" SCROLL CURSOR FOR select queryid, left(query, $1), calls, (total_plan_time + total_exec_time) as total_time from aurora_stat_statements($2) order by calls desc limit $3 FOR READ ONLY",0,0,0,0,0,0,1,0.060879,0.060879,0.060879,0.060879,0,0,0,0,0,0,0,0,0,0,0,0,0,0,0,0,0,0,0,0,0,0,0,0,0,0,0,0,0,0,0,2026-06-19 13:29:27.665578+00,2026-06-19 13:29:27.665578+00
16410,16412,t,-5723145000911626027,"SELECT RES_ENT_ID,LIB_FEAT_ID,FTYPE_ID,UTYPE_CODE,SUPPRESSED,OBS_ENT_CNT FROM RES_FEAT_EKEY WHERE RES_ENT_ID IN ($1)",0,0,0,0,0,0,44290550,10166664.163986607,0.003914,922.217096,0.229544771152912,2.3368057555115986,1139941727,246334905,1023237,0,0,0,0,0,0,0,0,4572902.710890776,0,0,0,0,0,0,0,0,0,0,0,0,0,0,0,0,0,0,2026-06-19 14:52:42.129328+00,2026-06-19 14:52:42.129328+00
10,16384,t,2354699531886200381,"DECLARE ""query-cursor_181"" SCROLL CURSOR FOR select queryid, left(query, $1), calls, (total_plan_time + total_exec_time) as total_time from aurora_stat_statements($2) order by calls desc limit $3 FOR READ ONLY",0,0,0,0,0,0,1,0.08303,0.08303,0.08303,0.08303,0,0,0,0,0,0,0,0,0,0,0,0,0,0,0,0,0,0,0,0,0,0,0,0,0,0,0,0,0,0,0,2026-06-19 16:42:27.718129+00,2026-06-19 16:42:27.718129+00
10,16384,t,3463303800969046609,"FETCH 50 IN ""query-cursor_134""",0,0,0,0,0,0,27,0.39657099999999995,0.008391,0.023606,0.014687814814814813,0.0041102667304368555,1350,0,0,0,0,0,0,0,0,0,0,0,0,0,0,0,0,0,0,0,0,0,0,0,0,0,0,0,0,0,2026-06-19 15:04:27.88745+00,2026-06-19 15:04:27.88745+00
10,16384,t,1319150857934238459,"MOVE ALL IN ""query-cursor_143""",0,0,0,0,0,0,1,9.300041,9.300041,9.300041,9.300041,0,0,0,0,0,0,0,0,0,0,0,0,0,0,0,0,0,0,0,0,0,0,0,0,0,0,0,0,0,0,0,2026-06-19 15:22:27.893388+00,2026-06-19 15:22:27.893388+00
10,16384,t,-1746888683383857052,"MOVE -2091 IN ""query-cursor_239""",0,0,0,0,0,0,1,0.276751,0.276751,0.276751,0.276751,0,0,0,0,0,0,0,0,0,0,0,0,0,0,0,0,0,0,0,0,0,0,0,0,0,0,0,0,0,0,0,2026-06-19 18:35:27.722439+00,2026-06-19 18:35:27.722439+00
10,16384,t,-8736345980406425357,"MOVE -1582 IN ""query-cursor_159""",0,0,0,0,0,0,1,0.127088,0.127088,0.127088,0.127088,0,0,0,0,0,0,0,0,0,0,0,0,0,0,0,0,0,0,0,0,0,0,0,0,0,0,0,0,0,0,0,2026-06-19 15:54:27.95634+00,2026-06-19 15:54:27.95634+00
16410,16412,t,-7896190497222449456,UPDATE OBS_ENT SET LOCK_DSRC_ACTION=$1 WHERE OBS_ENT_ID=$2,0,0,0,0,0,0,6660779,11751802.175322093,0.014178999999999999,993.092187,1.764328493006913,14.94117700346598,6660779,82487455,11882,0,121727,0,0,0,0,0,0,116755.24916100035,2754.342102999997,0,0,0,0,0,0,0,0,0,0,0,0,0,0,0,0,0,2026-06-19 14:52:51.915044+00,2026-06-19 14:52:51.915044+00
10,16384,t,9194314667673065609,"FETCH 0 IN ""query-cursor_228""",0,0,0,0,0,0,1,0.005298,0.005298,0.005298,0.005298,0,0,0,0,0,0,0,0,0,0,0,0,0,0,0,0,0,0,0,0,0,0,0,0,0,0,0,0,0,0,0,2026-06-19 18:16:27.680264+00,2026-06-19 18:16:27.680264+00
10,16384,t,1663689035991916697,"MOVE ALL IN ""query-cursor_134""",0,0,0,0,0,0,1,6.966959,6.966959,6.966959,6.966959,0,0,0,0,0,0,0,0,0,0,0,0,0,0,0,0,0,0,0,0,0,0,0,0,0,0,0,0,0,0,0,2026-06-19 15:04:27.887225+00,2026-06-19 15:04:27.887225+00
10,16384,t,3088789363496126839,"SELECT public.rds_set_password($1,$2)",0,0,0,0,0,0,1,6.812076,6.812076,6.812076,6.812076,0,1,30,0,0,0,0,0,0,0,0,0,0,0,0,0,0,0,0,0,0,0,0,0,0,0,0,0,0,0,0,2026-06-19 12:49:16.231135+00,2026-06-19 12:49:16.231135+00
10,16384,t,-5935799378569354668,"MOVE ALL IN ""query-cursor_3""",0,0,0,0,0,0,1,0.223615,0.223615,0.223615,0.223615,0,0,0,0,0,0,0,0,0,0,0,0,0,0,0,0,0,0,0,0,0,0,0,0,0,0,0,0,0,0,0,2026-06-19 12:51:27.663213+00,2026-06-19 12:51:27.663213+00
10,16384,t,5490768581554738575,"FETCH 50 IN ""query-cursor_60""",0,0,0,0,0,0,10,0.034108,0.002856,0.006118,0.0034108,0.0009223216141888903,500,0,0,0,0,0,0,0,0,0,0,0,0,0,0,0,0,0,0,0,0,0,0,0,0,0,0,0,0,0,2026-06-19 13:48:27.66832+00,2026-06-19 13:48:27.66832+00
10,16384,t,6489775021009309554,"FETCH 50 IN ""query-cursor_67""",0,0,0,0,0,0,10,0.033790999999999995,0.002764,0.005853,0.0033790999999999995,0.0008733365273478488,500,0,0,0,0,0,0,0,0,0,0,0,0,0,0,0,0,0,0,0,0,0,0,0,0,0,0,0,0,0,2026-06-19 13:55:27.668875+00,2026-06-19 13:55:27.668875+00
16410,16412,t,-4339308163497601975,"SELECT DSRC_ID,RECORD_ID,ENT_SRC_KEY FROM DSRC_RECORD WHERE (DSRC_ID=$1 AND ENT_SRC_KEY=$2)",0,0,0,0,0,0,11352743,919983.6047439344,0.008695000000000001,398.587197,0.0810362398535697,1.0817393683376215,11352757,61967235,20208,0,0,0,0,0,0,0,0,121341.79951099989,0,0,0,0,0,0,0,0,0,0,0,0,0,0,0,0,0,0,2026-06-19 14:52:51.920728+00,2026-06-19 14:52:51.920728+00
10,16384,t,693773394787455813,"MOVE -1980 IN ""query-cursor_221""",0,0,0,0,0,0,1,0.22368,0.22368,0.22368,0.22368,0,0,0,0,0,0,0,0,0,0,0,0,0,0,0,0,0,0,0,0,0,0,0,0,0,0,0,0,0,0,0,2026-06-19 18:02:27.74788+00,2026-06-19 18:02:27.74788+00
16410,16412,t,-391009001208025468,"WITH d AS (
  SELECT metric, f.value - b.value AS delta
  FROM perf.snap_scalar f JOIN perf.snap_scalar b USING (metric)
  WHERE f.label=$1 AND b.label=$2
)
SELECT
  (SELECT delta FROM d WHERE metric=$3)
    + (SELECT delta FROM d WHERE metric=$4) AS logical_block_reads,
  (SELECT delta FROM d WHERE metric=$5)     AS physical_block_reads,
  (SELECT delta FROM d WHERE metric=$6)    AS wal_bytes,
  (SELECT delta FROM d WHERE metric=$7)   AS xact_commit,
  (SELECT delta FROM d WHERE metric=$8)  AS tup_inserted,
  (SELECT delta FROM d WHERE metric=$9)   AS tup_updated,
  (SELECT delta FROM d WHERE metric=$10)   AS tup_deleted",0,0,0,0,0,0,1,0.047678,0.047678,0.047678,0.047678,0,1,2,0,0,0,0,0,0,0,0,0,0,0,0,0,0,0,0,0,0,0,0,0,0,0,0,0,0,0,0,2026-06-19 19:00:29.415714+00,2026-06-19 19:00:29.415714+00
10,16384,t,-1535111596344000706,"MOVE -1931 IN ""query-cursor_213""",0,0,0,0,0,0,1,0.215636,0.215636,0.215636,0.215636,0,0,0,0,0,0,0,0,0,0,0,0,0,0,0,0,0,0,0,0,0,0,0,0,0,0,0,0,0,0,0,2026-06-19 17:46:27.93631+00,2026-06-19 17:46:27.93631+00
10,16384,t,2086863176385545101,"DECLARE ""query-cursor_210"" SCROLL CURSOR FOR select queryid, left(query, $1), calls, (total_plan_time + total_exec_time) as total_time from aurora_stat_statements($2) order by calls desc limit $3 FOR READ ONLY",0,0,0,0,0,0,1,0.082542,0.082542,0.082542,0.082542,0,0,0,0,0,0,0,0,0,0,0,0,0,0,0,0,0,0,0,0,0,0,0,0,0,0,0,0,0,0,0,2026-06-19 17:40:27.740283+00,2026-06-19 17:40:27.740283+00
10,16384,t,7106246006048838986,"FETCH 0 IN ""query-cursor_21""",0,0,0,0,0,0,1,0.00391,0.00391,0.00391,0.00391,0,0,0,0,0,0,0,0,0,0,0,0,0,0,0,0,0,0,0,0,0,0,0,0,0,0,0,0,0,0,0,2026-06-19 13:09:27.664257+00,2026-06-19 13:09:27.664257+00
10,16384,t,-8024326517523489561,"FETCH 48 IN ""query-cursor_169""",0,0,0,0,0,0,1,0.011942,0.011942,0.011942,0.011942,0,48,0,0,0,0,0,0,0,0,0,0,0,0,0,0,0,0,0,0,0,0,0,0,0,0,0,0,0,0,0,2026-06-19 16:14:28.075688+00,2026-06-19 16:14:28.075688+00
10,16384,t,803134316696101506,"FETCH 0 IN ""query-cursor_126""",0,0,0,0,0,0,1,0.004034,0.004034,0.004034,0.004034,0,0,0,0,0,0,0,0,0,0,0,0,0,0,0,0,0,0,0,0,0,0,0,0,0,0,0,0,0,0,0,2026-06-19 14:54:27.671668+00,2026-06-19 14:54:27.671668+00
10,16384,t,7681957432080108940,"FETCH 18 IN ""query-cursor_251""",0,0,0,0,0,0,1,0.00523,0.00523,0.00523,0.00523,0,18,0,0,0,0,0,0,0,0,0,0,0,0,0,0,0,0,0,0,0,0,0,0,0,0,0,0,0,0,0,2026-06-19 19:01:27.705268+00,2026-06-19 19:01:27.705268+00
10,16384,t,8727147593087818496,"MOVE -1837 IN ""query-cursor_198""",0,0,0,0,0,0,1,0.264424,0.264424,0.264424,0.264424,0,0,0,0,0,0,0,0,0,0,0,0,0,0,0,0,0,0,0,0,0,0,0,0,0,0,0,0,0,0,0,2026-06-19 17:16:28.162406+00,2026-06-19 17:16:28.162406+00
16410,16412,t,-6405866526468625918,"SELECT RES_ENT_ID,LIB_FEAT_ID,FTYPE_ID,UTYPE_CODE,SUPPRESSED,OBS_ENT_CNT FROM RES_FEAT_EKEY WHERE RES_ENT_ID IN ($1,$2) AND FTYPE_ID IN ($3,$4,$5,$6,$7,$8,$9,$10,$11,$12)",0,0,0,0,0,0,31606,49399.82206599989,0.025774000000000002,419.724192,1.562988738404097,11.208516049992278,913937,341759,1988,0,0,0,0,0,0,0,0,40329.72927600007,0,0,0,0,0,0,0,0,0,0,0,0,0,0,0,0,0,0,2026-06-19 14:52:42.872456+00,2026-06-19 14:52:42.872456+00
10,16384,t,4178785393058036846,"FETCH 0 IN ""query-cursor_38""",0,0,0,0,0,0,1,0.003609,0.003609,0.003609,0.003609,0,0,0,0,0,0,0,0,0,0,0,0,0,0,0,0,0,0,0,0,0,0,0,0,0,0,0,0,0,0,0,2026-06-19 13:26:27.66545+00,2026-06-19 13:26:27.66545+00
10,16384,t,-8191676631303631183,"MOVE ALL IN ""query-cursor_20""",0,0,0,0,0,0,1,0.528811,0.528811,0.528811,0.528811,0,0,0,0,0,0,0,0,0,0,0,0,0,0,0,0,0,0,0,0,0,0,0,0,0,0,0,0,0,0,0,2026-06-19 13:08:27.66474+00,2026-06-19 13:08:27.66474+00
10,16384,t,-7032599597860184240,"FETCH 50 IN ""query-cursor_139""",0,0,0,0,0,0,28,0.4875090000000001,0.010572,0.027502,0.017411035714285716,0.005074277897129397,1400,0,0,0,0,0,0,0,0,0,0,0,0,0,0,0,0,0,0,0,0,0,0,0,0,0,0,0,0,0,2026-06-19 15:14:27.711471+00,2026-06-19 15:14:27.711471+00
10,16384,t,-6075232531059183919,"MOVE -362 IN ""query-cursor_40""",0,0,0,0,0,0,1,0.009572,0.009572,0.009572,0.009572,0,0,0,0,0,0,0,0,0,0,0,0,0,0,0,0,0,0,0,0,0,0,0,0,0,0,0,0,0,0,0,2026-06-19 13:28:27.666482+00,2026-06-19 13:28:27.666482+00
16410,16412,t,459200535358153291,"SELECT RES_ENT_ID,LIB_FEAT_ID,FTYPE_ID,UTYPE_CODE,SUPPRESSED,OBS_ENT_CNT FROM RES_FEAT_EKEY WHERE RES_ENT_ID IN ($1) AND FTYPE_ID IN ($2,$3,$4,$5,$6,$7,$8)",0,0,0,0,0,0,3332,3588.2324959999983,0.020756,284.797508,1.076900509003601,8.954302582905864,36196,18588,148,0,0,0,0,0,0,0,0,3029.1596839999984,0,0,0,0,0,0,0,0,0,0,0,0,0,0,0,0,0,0,2026-06-19 14:52:42.528718+00,2026-06-19 14:52:42.528718+00
10,16384,t,-1284673159225902932,"DECLARE ""query-cursor_225"" SCROLL CURSOR FOR select queryid, left(query, $1), calls, (total_plan_time + total_exec_time) as total_time from aurora_stat_statements($2) order by calls desc limit $3 FOR READ ONLY",0,0,0,0,0,0,1,0.080734,0.080734,0.080734,0.080734,0,0,0,0,0,0,0,0,0,0,0,0,0,0,0,0,0,0,0,0,0,0,0,0,0,0,0,0,0,0,0,2026-06-19 18:10:28.186767+00,2026-06-19 18:10:28.186767+00
16410,16412,t,-6055356073271835131,"SELECT RES_ENT_ID,LIB_FEAT_ID,FTYPE_ID,UTYPE_CODE,SUPPRESSED,OBS_ENT_CNT FROM RES_FEAT_EKEY WHERE RES_ENT_ID IN ($1,$2) AND FTYPE_ID IN ($3,$4,$5,$6,$7,$8,$9)",0,0,0,0,0,0,1194,1962.2815239999993,0.03637,163.22873399999997,1.6434518626465655,9.26510520332827,25346,13096,102,0,0,0,0,0,0,0,0,1592.7504099999999,0,0,0,0,0,0,0,0,0,0,0,0,0,0,0,0,0,0,2026-06-19 14:54:48.673568+00,2026-06-19 14:54:48.673568+00
10,16384,t,-1732499865533439381,"FETCH 0 IN ""query-cursor_57""",0,0,0,0,0,0,1,0.003763,0.003763,0.003763,0.003763,0,0,0,0,0,0,0,0,0,0,0,0,0,0,0,0,0,0,0,0,0,0,0,0,0,0,0,0,0,0,0,2026-06-19 13:45:27.66683+00,2026-06-19 13:45:27.66683+00
10,16384,t,4470778601750250350,"FETCH 50 IN ""query-cursor_1""",0,0,0,0,0,0,1,0.005031,0.005031,0.005031,0.005031,0,50,0,0,0,0,0,0,0,0,0,0,0,0,0,0,0,0,0,0,0,0,0,0,0,0,0,0,0,0,0,2026-06-19 12:49:27.660963+00,2026-06-19 12:49:27.660963+00
10,16384,t,4321666014417572653,select * from rds_get_client_authorization_counters(),0,0,0,0,0,0,256,2.0241879999999983,0.0047480000000000005,0.031931999999999995,0.007906984374999993,0.003728671966339808,256,0,0,0,0,0,0,0,0,0,0,0,0,0,0,0,0,0,0,0,0,0,0,0,0,0,0,0,0,0,2026-06-19 12:49:27.21359+00,2026-06-19 12:49:27.21359+00
10,16384,t,-2206830161419907928,"FETCH 50 IN ""query-cursor_103""",0,0,0,0,0,0,15,0.047789,0.002691,0.006005,0.0031859333333333333,0.0007790285802773147,750,0,0,0,0,0,0,0,0,0,0,0,0,0,0,0,0,0,0,0,0,0,0,0,0,0,0,0,0,0,2026-06-19 14:31:27.671883+00,2026-06-19 14:31:27.671883+00
10,16384,t,-4741691260100780803,"FETCH 27 IN ""query-cursor_189""",0,0,0,0,0,0,1,0.012362,0.012362,0.012362,0.012362,0,27,0,0,0,0,0,0,0,0,0,0,0,0,0,0,0,0,0,0,0,0,0,0,0,0,0,0,0,0,0,2026-06-19 16:58:28.161044+00,2026-06-19 16:58:28.161044+00
10,16384,t,-3365856735765817401,"MOVE ALL IN ""query-cursor_252""",0,0,0,0,0,0,1,5.986795,5.986795,5.986795,5.986795,0,0,0,0,0,0,0,0,0,0,0,0,0,0,0,0,0,0,0,0,0,0,0,0,0,0,0,0,0,0,0,2026-06-19 19:03:27.688191+00,2026-06-19 19:03:27.688191+00
10,16384,t,4406861447753962943,"MOVE -201 IN ""query-cursor_13""",0,0,0,0,0,0,1,0.006704,0.006704,0.006704,0.006704,0,0,0,0,0,0,0,0,0,0,0,0,0,0,0,0,0,0,0,0,0,0,0,0,0,0,0,0,0,0,0,2026-06-19 13:01:27.664186+00,2026-06-19 13:01:27.664186+00
10,16384,t,-5297195302503310928,"DECLARE ""query-cursor_54"" SCROLL CURSOR FOR select queryid, left(query, $1), calls, (total_plan_time + total_exec_time) as total_time from aurora_stat_statements($2) order by calls desc limit $3 FOR READ ONLY",0,0,0,0,0,0,1,0.062102,0.062102,0.062102,0.062102,0,0,0,0,0,0,0,0,0,0,0,0,0,0,0,0,0,0,0,0,0,0,0,0,0,0,0,0,0,0,0,2026-06-19 13:42:27.666524+00,2026-06-19 13:42:27.666524+00
10,16384,t,4011371882830182119,"FETCH 50 IN ""query-cursor_238""",0,0,0,0,0,0,41,0.6458300000000002,0.009136,0.029691,0.0157519512195122,0.006222361095868395,2050,0,0,0,0,0,0,0,0,0,0,0,0,0,0,0,0,0,0,0,0,0,0,0,0,0,0,0,0,0,2026-06-19 18:33:27.699292+00,2026-06-19 18:33:27.699292+00
10,16384,t,-8788547687501249573,"MOVE -218 IN ""query-cursor_16""",0,0,0,0,0,0,1,0.006946,0.006946,0.006946,0.006946,0,0,0,0,0,0,0,0,0,0,0,0,0,0,0,0,0,0,0,0,0,0,0,0,0,0,0,0,0,0,0,2026-06-19 13:04:27.664442+00,2026-06-19 13:04:27.664442+00
10,16384,t,4332118929185851433,"DECLARE ""query-cursor_189"" SCROLL CURSOR FOR select queryid, left(query, $1), calls, (total_plan_time + total_exec_time) as total_time from aurora_stat_statements($2) order by calls desc limit $3 FOR READ ONLY",0,0,0,0,0,0,1,0.105641,0.105641,0.105641,0.105641,0,0,0,0,0,0,0,0,0,0,0,0,0,0,0,0,0,0,0,0,0,0,0,0,0,0,0,0,0,0,0,2026-06-19 16:58:28.127019+00,2026-06-19 16:58:28.127019+00
16410,16412,t,-6851622849550622369,"SELECT RES_ENT_ID,LIB_FEAT_ID,FTYPE_ID,UTYPE_CODE,SUPPRESSED,OBS_ENT_CNT FROM RES_FEAT_EKEY WHERE RES_ENT_ID IN ($1,$2) AND FTYPE_ID IN ($3,$4,$5,$6,$7,$8,$9,$10,$11,$12,$13,$14,$15,$16,$17,$18,$19,$20,$21,$22,$23,$24,$25,$26,$27,$28,$29,$30,$31,$32,$33,$34,$35,$36,$37,$38,$39,$40,$41,$42,$43,$44,$45,$46,$47,$48,$49,$50,$51,$52,$53,$54,$55,$56,$57,$58,$59)",0,0,0,0,0,0,892,242.1123960000003,0.042452,81.652959,0.27142645291479855,3.214969911499563,12336,9654,0,0,0,0,0,0,0,0,0,0,0,0,0,0,0,0,0,0,0,0,0,0,0,0,0,0,0,0,2026-06-19 15:12:50.929629+00,2026-06-19 15:12:50.929629+00
16410,16412,t,-4760202412615863311,SELECT ENT_STATE FROM RES_ENT WHERE RES_ENT_ID=$1,0,0,0,0,0,0,6322204,365983.4574080006,0.006146,560.579383,0.05788858717750971,0.7019378016309494,6285718,25514631,2,0,0,0,0,0,0,0,0,1.4122379999999999,0,0,0,0,0,0,0,0,0,0,0,0,0,0,0,0,0,0,2026-06-19 14:52:51.891168+00,2026-06-19 14:52:51.891168+00
16410,16412,t,-94065314048100977,DELETE FROM RES_FEAT_EKEY WHERE RES_ENT_ID=$1 AND ((LIB_FEAT_ID=$2 AND UTYPE_CODE=$3)OR(LIB_FEAT_ID=$4 AND UTYPE_CODE=$5)),0,0,0,0,0,0,54208,39141.86337399967,0.009566,215.416049,0.7220680226903717,4.488844198368654,106915,605241,9,0,0,0,0,0,0,0,0,91.19783799999999,0,0,0,0,0,0,0,0,0,0,0,0,0,0,0,0,0,0,2026-06-19 14:53:39.01784+00,2026-06-19 14:53:39.01784+00
10,16384,t,98684193529871888,"FETCH 25 IN ""query-cursor_114""",0,0,0,0,0,0,1,0.002423,0.002423,0.002423,0.002423,0,25,0,0,0,0,0,0,0,0,0,0,0,0,0,0,0,0,0,0,0,0,0,0,0,0,0,0,0,0,0,2026-06-19 14:42:27.675418+00,2026-06-19 14:42:27.675418+00
10,16384,t,7837183086409891670,"FETCH 3 IN ""query-cursor_225""",0,0,0,0,0,0,1,0.005221,0.005221,0.005221,0.005221,0,3,0,0,0,0,0,0,0,0,0,0,0,0,0,0,0,0,0,0,0,0,0,0,0,0,0,0,0,0,0,2026-06-19 18:10:28.256422+00,2026-06-19 18:10:28.256422+00
10,16384,t,1500162687599954768,"DECLARE ""query-cursor_64"" SCROLL CURSOR FOR select queryid, left(query, $1), calls, (total_plan_time + total_exec_time) as total_time from aurora_stat_statements($2) order by calls desc limit $3 FOR READ ONLY",0,0,0,0,0,0,1,0.063168,0.063168,0.063168,0.063168,0,0,0,0,0,0,0,0,0,0,0,0,0,0,0,0,0,0,0,0,0,0,0,0,0,0,0,0,0,0,0,2026-06-19 13:52:27.66724+00,2026-06-19 13:52:27.66724+00
10,16384,t,-7238479943845949426,"MOVE ALL IN ""query-cursor_138""",0,0,0,0,0,0,1,6.180972,6.180972,6.180972,6.180972,0,0,0,0,0,0,0,0,0,0,0,0,0,0,0,0,0,0,0,0,0,0,0,0,0,0,0,0,0,0,0,2026-06-19 15:12:27.751845+00,2026-06-19 15:12:27.751845+00
10,16384,t,-9099247610155177115,"MOVE ALL IN ""query-cursor_215""",0,0,0,0,0,0,1,366.539004,366.539004,366.539004,366.539004,0,0,0,0,0,0,0,0,0,0,0,0,0,0,0,0,0,0,0,0,0,0,0,0,0,0,0,0,0,0,0,2026-06-19 17:50:28.650403+00,2026-06-19 17:50:28.650403+00
10,16384,t,-2803744130189847016,"MOVE ALL IN ""query-cursor_89""",0,0,0,0,0,0,1,1.451761,1.451761,1.451761,1.451761,0,0,0,0,0,0,0,0,0,0,0,0,0,0,0,0,0,0,0,0,0,0,0,0,0,0,0,0,0,0,0,2026-06-19 14:17:27.670621+00,2026-06-19 14:17:27.670621+00
16410,16412,t,4888537386925509039,"INSERT INTO RES_FEAT_EKEY(RES_ENT_ID,LIB_FEAT_ID,FTYPE_ID,UTYPE_CODE,SUPPRESSED,OBS_ENT_CNT) VALUES ($1,$2,$3,$4,$5,$6),($7,$8,$9,$10,$11,$12),($13,$14,$15,$16,$17,$18),($19,$20,$21,$22,$23,$24),($25,$26,$27,$28,$29,$30),($31,$32,$33,$34,$35,$36),($37,$38,$39,$40,$41,$42),($43,$44,$45,$46,$47,$48),($49,$50,$51,$52,$53,$54) ON CONFLICT DO NOTHING",0,0,0,0,0,0,2134413,22191171.338667348,0.053075000000000004,1698.0522330000001,10.396849784304793,28.228446021731116,19206050,265945863,26886,0,245771,0,0,0,0,0,0,620844.406710003,30478.245801999594,0,0,0,0,0,0,0,0,0,0,0,0,0,0,0,0,0,2026-06-19 14:52:39.554516+00,2026-06-19 14:52:39.554516+00
10,16384,t,2261025485567430642,"FETCH 50 IN ""query-cursor_216""",0,0,0,0,0,0,38,0.5949559999999999,0.010081,0.027593,0.01565673684210526,0.00518878963010496,1900,0,0,0,0,0,0,0,0,0,0,0,0,0,0,0,0,0,0,0,0,0,0,0,0,0,0,0,0,0,2026-06-19 17:52:27.727847+00,2026-06-19 17:52:27.727847+00
10,16384,t,-4924178588047206423,"DECLARE ""query-cursor_67"" SCROLL CURSOR FOR select queryid, left(query, $1), calls, (total_plan_time + total_exec_time) as total_time from aurora_stat_statements($2) order by calls desc limit $3 FOR READ ONLY",0,0,0,0,0,0,1,0.061687,0.061687,0.061687,0.061687,0,0,0,0,0,0,0,0,0,0,0,0,0,0,0,0,0,0,0,0,0,0,0,0,0,0,0,0,0,0,0,2026-06-19 13:55:27.667517+00,2026-06-19 13:55:27.667517+00
10,16384,t,2294335425133773279,"MOVE ALL IN ""query-cursor_152""",0,0,0,0,0,0,1,7.503768,7.503768,7.503768,7.503768,0,0,0,0,0,0,0,0,0,0,0,0,0,0,0,0,0,0,0,0,0,0,0,0,0,0,0,0,0,0,0,2026-06-19 15:40:27.706817+00,2026-06-19 15:40:27.706817+00
10,16384,t,-4074749513864340407,select count(*) as active_count from pg_stat_activity where state = $1,0,0,0,0,0,0,765,13771.403078,0.047915,494.53688,18.001834088888888,49.03934525812579,765,0,0,0,0,0,0,0,0,0,0,0,0,0,0,0,0,0,0,0,0,0,0,0,0,0,0,0,0,0,2026-06-19 12:49:27.228795+00,2026-06-19 12:49:27.228795+00
10,16384,t,6172157517045027938,"FETCH 48 IN ""query-cursor_155""",0,0,0,0,0,0,1,0.012608,0.012608,0.012608,0.012608,0,48,0,0,0,0,0,0,0,0,0,0,0,0,0,0,0,0,0,0,0,0,0,0,0,0,0,0,0,0,0,2026-06-19 15:46:27.958259+00,2026-06-19 15:46:27.958259+00
10,16384,t,-2558576731990847445,"MOVE -380 IN ""query-cursor_43""",0,0,0,0,0,0,1,0.009665,0.009665,0.009665,0.009665,0,0,0,0,0,0,0,0,0,0,0,0,0,0,0,0,0,0,0,0,0,0,0,0,0,0,0,0,0,0,0,2026-06-19 13:31:27.666706+00,2026-06-19 13:31:27.666706+00
10,16384,t,1375936080202888242,"MOVE ALL IN ""query-cursor_9""",0,0,0,0,0,0,1,0.419424,0.419424,0.419424,0.419424,0,0,0,0,0,0,0,0,0,0,0,0,0,0,0,0,0,0,0,0,0,0,0,0,0,0,0,0,0,0,0,2026-06-19 12:57:27.663868+00,2026-06-19 12:57:27.663868+00
10,16384,t,-1527085456412666520,"FETCH 2 IN ""query-cursor_249""",0,0,0,0,0,0,1,0.005612,0.005612,0.005612,0.005612,0,2,0,0,0,0,0,0,0,0,0,0,0,0,0,0,0,0,0,0,0,0,0,0,0,0,0,0,0,0,0,2026-06-19 18:57:27.773414+00,2026-06-19 18:57:27.773414+00
10,16384,t,-2751140413449496591,"FETCH 43 IN ""query-cursor_92""",0,0,0,0,0,0,1,0.016847,0.016847,0.016847,0.016847,0,43,0,0,0,0,0,0,0,0,0,0,0,0,0,0,0,0,0,0,0,0,0,0,0,0,0,0,0,0,0,2026-06-19 14:20:27.673218+00,2026-06-19 14:20:27.673218+00
10,16384,t,-7037142067864508538,"MOVE ALL IN ""query-cursor_162""",0,0,0,0,0,0,1,7.288323,7.288323,7.288323,7.288323,0,0,0,0,0,0,0,0,0,0,0,0,0,0,0,0,0,0,0,0,0,0,0,0,0,0,0,0,0,0,0,2026-06-19 16:00:27.846519+00,2026-06-19 16:00:27.846519+00
16410,16412,t,1059862200653711151,"SELECT RES_ENT_ID,LIB_FEAT_ID,FTYPE_ID,UTYPE_CODE,SUPPRESSED,OBS_ENT_CNT FROM RES_FEAT_EKEY WHERE RES_ENT_ID IN ($1,$2,$3,$4,$5,$6,$7,$8,$9,$10,$11,$12,$13,$14,$15,$16) AND FTYPE_ID IN ($17,$18,$19,$20,$21,$22,$23,$24,$25,$26,$27,$28,$29,$30,$31,$32,$33,$34,$35,$36)",0,0,0,0,0,0,86953,721454.5018630044,0.107126,534.494002,8.297062802468052,25.204893992203658,23329835,5012776,33211,0,0,0,0,0,0,0,0,572173.042288003,0,0,0,0,0,0,0,0,0,0,0,0,0,0,0,0,0,0,2026-06-19 14:52:43.186845+00,2026-06-19 14:52:43.186845+00
10,16384,t,-4060597636685174458,"MOVE ALL IN ""query-cursor_116""",0,0,0,0,0,0,1,1.787159,1.787159,1.787159,1.787159,0,0,0,0,0,0,0,0,0,0,0,0,0,0,0,0,0,0,0,0,0,0,0,0,0,0,0,0,0,0,0,2026-06-19 14:44:27.672792+00,2026-06-19 14:44:27.672792+00
10,16384,t,7562571903978017490,"FETCH 50 IN ""query-cursor_252""",0,0,0,0,0,0,43,0.17493699999999998,0.002706,0.01319,0.0040683023255813945,0.0018981234494967589,2150,0,0,0,0,0,0,0,0,0,0,0,0,0,0,0,0,0,0,0,0,0,0,0,0,0,0,0,0,0,2026-06-19 19:03:27.688351+00,2026-06-19 19:03:27.688351+00
16410,16412,t,8195126707357194334,"SELECT FTYPE_ID,SUPPRESSED,OBS_ENT_CNT FROM RES_FEAT_EKEY WHERE RES_ENT_ID=$1 AND LIB_FEAT_ID=$2 AND UTYPE_CODE=$3",0,0,0,0,0,0,106888,7632.092691999985,0.0048,118.60857800000001,0.07140270836763701,1.0912265912045886,106888,534943,0,0,0,0,0,0,0,0,0,0,0,0,0,0,0,0,0,0,0,0,0,0,0,0,0,0,0,0,2026-06-19 14:57:31.695094+00,2026-06-19 14:57:31.695094+00
16410,16412,t,-4069783991132073342,"SELECT RES_ENT_ID,LIB_FEAT_ID,FTYPE_ID,UTYPE_CODE,SUPPRESSED,OBS_ENT_CNT FROM RES_FEAT_EKEY WHERE RES_ENT_ID IN ($1,$2) AND FTYPE_ID IN ($3,$4,$5,$6,$7,$8,$9,$10,$11,$12,$13,$14,$15,$16,$17,$18,$19,$20,$21,$22,$23,$24,$25,$26,$27,$28,$29,$30,$31,$32,$33,$34,$35,$36,$37,$38,$39,$40,$41,$42,$43,$44,$45,$46,$47,$48,$49,$50)",0,0,0,0,0,0,371,32.17217599999999,0.034754,6.68474,0.08671745552560645,0.3886788702023896,0,3973,0,0,0,0,0,0,0,0,0,0,0,0,0,0,0,0,0,0,0,0,0,0,0,0,0,0,0,0,2026-06-19 15:11:52.546011+00,2026-06-19 15:11:52.546011+00
10,16384,t,2402491195708639092,"DECLARE ""query-cursor_183"" SCROLL CURSOR FOR select queryid, left(query, $1), calls, (total_plan_time + total_exec_time) as total_time from aurora_stat_statements($2) order by calls desc limit $3 FOR READ ONLY",0,0,0,0,0,0,1,0.085758,0.085758,0.085758,0.085758,0,0,0,0,0,0,0,0,0,0,0,0,0,0,0,0,0,0,0,0,0,0,0,0,0,0,0,0,0,0,0,2026-06-19 16:46:27.768209+00,2026-06-19 16:46:27.768209+00
10,16384,t,-7423427527688348134,"FETCH 50 IN ""query-cursor_226""",0,0,0,0,0,0,40,0.663719,0.010239,0.027619,0.016592975,0.00436802235277877,2000,0,0,0,0,0,0,0,0,0,0,0,0,0,0,0,0,0,0,0,0,0,0,0,0,0,0,0,0,0,2026-06-19 18:12:28.091271+00,2026-06-19 18:12:28.091271+00
10,16384,t,-1868240073246234234,"MOVE -862 IN ""query-cursor_120""",0,0,0,0,0,0,1,0.033874,0.033874,0.033874,0.033874,0,0,0,0,0,0,0,0,0,0,0,0,0,0,0,0,0,0,0,0,0,0,0,0,0,0,0,0,0,0,0,2026-06-19 14:48:27.673218+00,2026-06-19 14:48:27.673218+00
16410,16412,t,6208157416651455230,"SELECT RES_ENT_ID,LIB_FEAT_ID,FTYPE_ID,UTYPE_CODE,SUPPRESSED,OBS_ENT_CNT FROM RES_FEAT_EKEY WHERE RES_ENT_ID IN ($1,$2) AND FTYPE_ID IN ($3,$4,$5,$6,$7,$8)",0,0,0,0,0,0,57,7.790634000000001,0.0334,3.698583,0.13667778947368422,0.476302199099488,783,625,1,0,0,0,0,0,0,0,0,3.595258,0,0,0,0,0,0,0,0,0,0,0,0,0,0,0,0,0,0,2026-06-19 14:54:27.706007+00,2026-06-19 14:54:27.706007+00
10,16384,t,4782402734598225178,"FETCH 50 IN ""query-cursor_66""",0,0,0,0,0,0,10,0.034338,0.002954,0.005883,0.0034338,0.0008368624498685555,500,0,0,0,0,0,0,0,0,0,0,0,0,0,0,0,0,0,0,0,0,0,0,0,0,0,0,0,0,0,2026-06-19 13:54:27.668872+00,2026-06-19 13:54:27.668872+00
10,16384,t,6291199654885937522,"FETCH 0 IN ""query-cursor_144""",0,0,0,0,0,0,1,0.019314,0.019314,0.019314,0.019314,0,0,0,0,0,0,0,0,0,0,0,0,0,0,0,0,0,0,0,0,0,0,0,0,0,0,0,0,0,0,0,2026-06-19 15:24:27.752188+00,2026-06-19 15:24:27.752188+00
10,16384,t,-5488421489677550958,"MOVE -148 IN ""query-cursor_6""",0,0,0,0,0,0,1,0.005552,0.005552,0.005552,0.005552,0,0,0,0,0,0,0,0,0,0,0,0,0,0,0,0,0,0,0,0,0,0,0,0,0,0,0,0,0,0,0,2026-06-19 12:54:27.663629+00,2026-06-19 12:54:27.663629+00
10,16384,t,4975605354126941205,"FETCH 0 IN ""query-cursor_29""",0,0,0,0,0,0,1,0.004014,0.004014,0.004014,0.004014,0,0,0,0,0,0,0,0,0,0,0,0,0,0,0,0,0,0,0,0,0,0,0,0,0,0,0,0,0,0,0,2026-06-19 13:17:27.664811+00,2026-06-19 13:17:27.664811+00
10,16384,t,404442251031497824,"MOVE -2153 IN ""query-cursor_249""",0,0,0,0,0,0,1,0.173466,0.173466,0.173466,0.173466,0,0,0,0,0,0,0,0,0,0,0,0,0,0,0,0,0,0,0,0,0,0,0,0,0,0,0,0,0,0,0,2026-06-19 18:57:27.748436+00,2026-06-19 18:57:27.748436+00
16410,16412,t,-8146812299997567330,"UPDATE RES_FEAT_EKEY AS T SET SUPPRESSED=C.SUPPRESSED,OBS_ENT_CNT=C.OBS_ENT_CNT FROM (VALUES (CAST ($1 AS BIGINT),CAST ($2 AS BIGINT),$3,$4,CAST ($5 AS BIGINT)),(CAST ($6 AS BIGINT),CAST ($7 AS BIGINT),$8,$9,CAST ($10 AS BIGINT)),(CAST ($11 AS BIGINT),CAST ($12 AS BIGINT),$13,$14,CAST ($15 AS BIGINT)),(CAST ($16 AS BIGINT),CAST ($17 AS BIGINT),$18,$19,CAST ($20 AS BIGINT)),(CAST ($21 AS BIGINT),CAST ($22 AS BIGINT),$23,$24,CAST ($25 AS BIGINT)),(CAST ($26 AS BIGINT),CAST ($27 AS BIGINT),$28,$29,CAST ($30 AS BIGINT)),(CAST ($31 AS BIGINT),CAST ($32 AS BIGINT),$33,$34,CAST ($35 AS BIGINT)),(CAST ($36 AS BIGINT),CAST ($37 AS BIGINT),$38,$39,CAST ($40 AS BIGINT)),(CAST ($41 AS BIGINT),CAST ($42 AS BIGINT),$43,$44,CAST ($45 AS BIGINT)),(CAST ($46 AS BIGINT),CAST ($47 AS BIGINT),$48,$49,CAST ($50 AS BIGINT)),(CAST ($51 AS BIGINT),CAST ($52 AS BIGINT),$53,$54,CAST ($55 AS BIGINT)),(CAST ($56 AS BIGINT),CAST ($57 AS BIGINT),$58,$59,CAST ($60 AS BIGINT))) AS C(RES_ENT_ID,LIB_FEAT_ID,UTYPE_CODE,SUPPRESSED,OBS_ENT_CNT) WHERE C.RES_ENT_ID=T.RES_ENT_ID AND C.LIB_FEAT_ID=T.LIB_FEAT_ID AND C.UTYPE_CODE=T.UTYPE_CODE",0,0,0,0,0,0,139271,2107969.7269280152,0.099409,736.578396,15.135740584385948,34.2692630746868,1671244,24307517,31644,0,4806,0,0,0,0,0,0,746549.6377610047,393.46034099999997,0,0,0,0,0,0,0,0,0,0,0,0,0,0,0,0,0,2026-06-19 14:53:26.012542+00,2026-06-19 14:53:26.012542+00
10,16384,t,7907160407996923235,"FETCH 50 IN ""query-cursor_32""",0,0,0,0,0,0,6,0.022563,0.002807,0.005553,0.0037605,0.0008937818059608659,300,0,0,0,0,0,0,0,0,0,0,0,0,0,0,0,0,0,0,0,0,0,0,0,0,0,0,0,0,0,2026-06-19 13:20:27.665852+00,2026-06-19 13:20:27.665852+00
10,16384,t,-8230815631041188573,"DECLARE ""query-cursor_113"" SCROLL CURSOR FOR select queryid, left(query, $1), calls, (total_plan_time + total_exec_time) as total_time from aurora_stat_statements($2) order by calls desc limit $3 FOR READ ONLY",0,0,0,0,0,0,1,0.063968,0.063968,0.063968,0.063968,0,0,0,0,0,0,0,0,0,0,0,0,0,0,0,0,0,0,0,0,0,0,0,0,0,0,0,0,0,0,0,2026-06-19 14:41:27.670762+00,2026-06-19 14:41:27.670762+00
10,16384,t,940409008185180665,"MOVE ALL IN ""query-cursor_208""",0,0,0,0,0,0,1,9.094919,9.094919,9.094919,9.094919,0,0,0,0,0,0,0,0,0,0,0,0,0,0,0,0,0,0,0,0,0,0,0,0,0,0,0,0,0,0,0,2026-06-19 17:36:27.705609+00,2026-06-19 17:36:27.705609+00
10,16384,t,8672638757591887213,"FETCH 13 IN ""query-cursor_179""",0,0,0,0,0,0,1,0.006106,0.006106,0.006106,0.006106,0,13,0,0,0,0,0,0,0,0,0,0,0,0,0,0,0,0,0,0,0,0,0,0,0,0,0,0,0,0,0,2026-06-19 16:36:28.825741+00,2026-06-19 16:36:28.825741+00
10,16384,t,4817946111864220083,"FETCH 0 IN ""query-cursor_148""",0,0,0,0,0,0,1,0.008153,0.008153,0.008153,0.008153,0,0,0,0,0,0,0,0,0,0,0,0,0,0,0,0,0,0,0,0,0,0,0,0,0,0,0,0,0,0,0,2026-06-19 15:32:28.07298+00,2026-06-19 15:32:28.07298+00
10,16384,t,1885879110559259649,"MOVE -520 IN ""query-cursor_63""",0,0,0,0,0,0,1,0.012134,0.012134,0.012134,0.012134,0,0,0,0,0,0,0,0,0,0,0,0,0,0,0,0,0,0,0,0,0,0,0,0,0,0,0,0,0,0,0,2026-06-19 13:51:27.668387+00,2026-06-19 13:51:27.668387+00
10,16384,t,5341824147089177421,"MOVE -532 IN ""query-cursor_65""",0,0,0,0,0,0,1,0.012275,0.012275,0.012275,0.012275,0,0,0,0,0,0,0,0,0,0,0,0,0,0,0,0,0,0,0,0,0,0,0,0,0,0,0,0,0,0,0,2026-06-19 13:53:27.668639+00,2026-06-19 13:53:27.668639+00
10,16384,t,7186972592742150173,"FETCH 5 IN ""query-cursor_209""",0,0,0,0,0,0,1,0.005325,0.005325,0.005325,0.005325,0,5,0,0,0,0,0,0,0,0,0,0,0,0,0,0,0,0,0,0,0,0,0,0,0,0,0,0,0,0,0,2026-06-19 17:38:27.903894+00,2026-06-19 17:38:27.903894+00
10,16384,t,-4189154716755926676,"MOVE -886 IN ""query-cursor_124""",0,0,0,0,0,0,1,0.01858,0.01858,0.01858,0.01858,0,0,0,0,0,0,0,0,0,0,0,0,0,0,0,0,0,0,0,0,0,0,0,0,0,0,0,0,0,0,0,2026-06-19 14:52:27.67355+00,2026-06-19 14:52:27.67355+00
10,16384,t,3689248610238959079,"FETCH 13 IN ""query-cursor_87""",0,0,0,0,0,0,1,0.001767,0.001767,0.001767,0.001767,0,13,0,0,0,0,0,0,0,0,0,0,0,0,0,0,0,0,0,0,0,0,0,0,0,0,0,0,0,0,0,2026-06-19 14:15:27.672809+00,2026-06-19 14:15:27.672809+00
10,16384,t,41230763006070,"MOVE ALL IN ""query-cursor_173""",0,0,0,0,0,0,1,8.388137,8.388137,8.388137,8.388137,0,0,0,0,0,0,0,0,0,0,0,0,0,0,0,0,0,0,0,0,0,0,0,0,0,0,0,0,0,0,0,2026-06-19 16:24:28.011391+00,2026-06-19 16:24:28.011391+00
10,16384,t,-8073683008056133751,"DECLARE ""query-cursor_135"" SCROLL CURSOR FOR select queryid, left(query, $1), calls, (total_plan_time + total_exec_time) as total_time from aurora_stat_statements($2) order by calls desc limit $3 FOR READ ONLY",0,0,0,0,0,0,1,0.077952,0.077952,0.077952,0.077952,0,0,0,0,0,0,0,0,0,0,0,0,0,0,0,0,0,0,0,0,0,0,0,0,0,0,0,0,0,0,0,2026-06-19 15:06:27.672726+00,2026-06-19 15:06:27.672726+00
10,16384,t,-5575549214117457175,"select queryid, calls, (total_plan_time + total_exec_time) as total_time, rows, shared_blks_hit, shared_blks_dirtied, shared_blks_read, shared_blks_written, local_blks_hit, local_blks_dirtied, local_blks_read, local_blks_written, temp_blks_read, temp_blks_written, storage_blks_read, orcache_blks_hit, shared_blk_read_time as blk_read_time, shared_blk_write_time as blk_write_time, storage_blk_read_time, local_blk_read_time, orcache_blk_read_time, total_plan_time, total_exec_time from aurora_stat_statements($1) where queryid in ($2, $3, $4, $5, $6, $7, $8, $9, $10, $11, $12, $13, $14, $15, $16, $17, $18, $19, $20, $21, $22, $23, $24, $25, $26, $27, $28, $29, $30, $31, $32, $33, $34, $35, $36, $37, $38, $39, $40, $41, $42, $43, $44, $45, $46, $47, $48, $49, $50, $51, $52, $53, $54, $55, $56, $57, $58, $59, $60, $61, $62, $63, $64, $65, $66, $67, $68, $69, $70, $71)",0,0,0,0,0,0,1,2.098763,2.098763,2.098763,2.098763,0,73,0,0,0,0,0,0,0,0,0,0,0,0,0,0,0,0,0,0,0,0,0,0,0,0,0,0,0,0,0,2026-06-19 14:55:37.705167+00,2026-06-19 14:55:37.705167+00
10,16384,t,5899940203518339337,"FETCH 0 IN ""query-cursor_55""",0,0,0,0,0,0,1,0.003839,0.003839,0.003839,0.003839,0,0,0,0,0,0,0,0,0,0,0,0,0,0,0,0,0,0,0,0,0,0,0,0,0,0,0,0,0,0,0,2026-06-19 13:43:27.666637+00,2026-06-19 13:43:27.666637+00
10,16384,t,4373175582561231359,"MOVE ALL IN ""query-cursor_233""",0,0,0,0,0,0,1,8.651116,8.651116,8.651116,8.651116,0,0,0,0,0,0,0,0,0,0,0,0,0,0,0,0,0,0,0,0,0,0,0,0,0,0,0,0,0,0,0,2026-06-19 18:26:27.689457+00,2026-06-19 18:26:27.689457+00
10,16384,t,-2245910335789212096,"FETCH 29 IN ""query-cursor_123""",0,0,0,0,0,0,1,0.002916,0.002916,0.002916,0.002916,0,29,0,0,0,0,0,0,0,0,0,0,0,0,0,0,0,0,0,0,0,0,0,0,0,0,0,0,0,0,0,2026-06-19 14:51:27.676363+00,2026-06-19 14:51:27.676363+00
10,16384,t,2686958190643597861,"MOVE ALL IN ""query-cursor_72""",0,0,0,0,0,0,1,1.190956,1.190956,1.190956,1.190956,0,0,0,0,0,0,0,0,0,0,0,0,0,0,0,0,0,0,0,0,0,0,0,0,0,0,0,0,0,0,0,2026-06-19 14:00:27.669113+00,2026-06-19 14:00:27.669113+00
16410,16412,t,2212729192904635009,COMMIT,0,0,0,0,0,0,2460,5.966803999999999,0.000855,0.03015,0.0024255300813008124,0.001666999175624914,0,0,0,0,0,0,0,0,0,0,0,0,0,0,0,0,0,0,0,0,0,0,0,0,0,0,0,0,0,0,2026-06-19 14:52:39.543071+00,2026-06-19 14:52:39.543071+00
10,16384,t,9220740123807020061,"MOVE ALL IN ""query-cursor_132""",0,0,0,0,0,0,1,6.499731,6.499731,6.499731,6.499731,0,0,0,0,0,0,0,0,0,0,0,0,0,0,0,0,0,0,0,0,0,0,0,0,0,0,0,0,0,0,0,2026-06-19 15:00:27.679102+00,2026-06-19 15:00:27.679102+00
10,16384,t,-5258564818230754320,"FETCH 50 IN ""query-cursor_31""",0,0,0,0,0,0,6,0.022762,0.002839,0.005797,0.003793666666666667,0.001131097795162833,300,0,0,0,0,0,0,0,0,0,0,0,0,0,0,0,0,0,0,0,0,0,0,0,0,0,0,0,0,0,2026-06-19 13:19:27.665747+00,2026-06-19 13:19:27.665747+00
10,16384,t,-2815567529062248161,"DECLARE ""query-cursor_244"" SCROLL CURSOR FOR select queryid, left(query, $1), calls, (total_plan_time + total_exec_time) as total_time from aurora_stat_statements($2) order by calls desc limit $3 FOR READ ONLY",0,0,0,0,0,0,1,0.080393,0.080393,0.080393,0.080393,0,0,0,0,0,0,0,0,0,0,0,0,0,0,0,0,0,0,0,0,0,0,0,0,0,0,0,0,0,0,0,2026-06-19 18:45:27.852358+00,2026-06-19 18:45:27.852358+00
16410,16412,t,-2884953225901982212,"INSERT INTO RES_FEAT_STAT(LIB_FEAT_ID,FTYPE_ID,NUM_RES_ENT,NUM_RES_ENT_OOM) VALUES ($1,$2,$3,$4),($5,$6,$7,$8),($9,$10,$11,$12),($13,$14,$15,$16),($17,$18,$19,$20),($21,$22,$23,$24),($25,$26,$27,$28),($29,$30,$31,$32),($33,$34,$35,$36),($37,$38,$39,$40) ON CONFLICT DO NOTHING",0,0,0,0,0,0,917294,11729694.529511303,0.091615,2667.393492,12.787279246905902,52.37418096456467,9172928,92007953,8291,0,103010,0,0,0,0,0,0,73957.11482000002,10098.94349799995,0,0,0,0,0,0,0,0,0,0,0,0,0,0,0,0,0,2026-06-19 14:52:39.766267+00,2026-06-19 14:52:39.766267+00
10,16384,t,-6353859883253937838,"FETCH 0 IN ""query-cursor_219""",0,0,0,0,0,0,1,0.008927,0.008927,0.008927,0.008927,0,0,0,0,0,0,0,0,0,0,0,0,0,0,0,0,0,0,0,0,0,0,0,0,0,0,0,0,0,0,0,2026-06-19 17:58:27.931963+00,2026-06-19 17:58:27.931963+00
10,16384,t,6295773584465139302,"DECLARE ""query-cursor_91"" SCROLL CURSOR FOR select queryid, left(query, $1), calls, (total_plan_time + total_exec_time) as total_time from aurora_stat_statements($2) order by calls desc limit $3 FOR READ ONLY",0,0,0,0,0,0,1,0.064112,0.064112,0.064112,0.064112,0,0,0,0,0,0,0,0,0,0,0,0,0,0,0,0,0,0,0,0,0,0,0,0,0,0,0,0,0,0,0,2026-06-19 14:19:27.669159+00,2026-06-19 14:19:27.669159+00
10,16384,t,-6378066226753830661,"MOVE ALL IN ""query-cursor_218""",0,0,0,0,0,0,1,30.183055,30.183055,30.183055,30.183055,0,0,0,0,0,0,0,0,0,0,0,0,0,0,0,0,0,0,0,0,0,0,0,0,0,0,0,0,0,0,0,2026-06-19 17:56:27.739636+00,2026-06-19 17:56:27.739636+00
10,16384,t,7981114304069059130,"FETCH 50 IN ""query-cursor_35""",0,0,0,0,0,0,6,0.023714,0.002885,0.006584,0.003952333333333333,0.0012342943553121984,300,0,0,0,0,0,0,0,0,0,0,0,0,0,0,0,0,0,0,0,0,0,0,0,0,0,0,0,0,0,2026-06-19 13:23:27.666119+00,2026-06-19 13:23:27.666119+00
16410,16412,t,7258873038228990360,"SELECT C.DSRC_ID,D.RECORD_ID FROM RES_ENT_OKEY B JOIN OBS_ENT C ON C.OBS_ENT_ID=B.OBS_ENT_ID JOIN DSRC_RECORD D ON D.ENT_SRC_KEY=C.ENT_SRC_KEY AND D.DSRC_ID=C.DSRC_ID WHERE B.RES_ENT_ID=$1",0,0,0,0,0,0,6321745,7357760.307327574,0.006718,855.566052,1.1638812238278473,7.654864193096109,7745727,112893676,1287175,0,0,0,0,0,0,0,0,5583661.645325924,0,0,0,0,0,0,0,0,0,0,0,0,0,0,0,0,0,0,2026-06-19 14:52:51.89364+00,2026-06-19 14:52:51.89364+00
10,16384,t,8080717978054477003,"MOVE -422 IN ""query-cursor_50""",0,0,0,0,0,0,1,0.010544,0.010544,0.010544,0.010544,0,0,0,0,0,0,0,0,0,0,0,0,0,0,0,0,0,0,0,0,0,0,0,0,0,0,0,0,0,0,0,2026-06-19 13:38:27.667386+00,2026-06-19 13:38:27.667386+00
10,16384,t,8830326764505514866,"MOVE -1282 IN ""query-cursor_127""",0,0,0,0,0,0,1,0.024708,0.024708,0.024708,0.024708,0,0,0,0,0,0,0,0,0,0,0,0,0,0,0,0,0,0,0,0,0,0,0,0,0,0,0,0,0,0,0,2026-06-19 14:55:27.675829+00,2026-06-19 14:55:27.675829+00
16410,16412,t,-5178136239730036606,"SELECT RES_ENT_ID,LIB_FEAT_ID,FTYPE_ID,UTYPE_CODE,SUPPRESSED,OBS_ENT_CNT FROM RES_FEAT_EKEY WHERE RES_ENT_ID IN ($1,$2,$3,$4,$5,$6,$7,$8) AND FTYPE_ID IN ($9,$10,$11,$12,$13,$14,$15)",0,0,0,0,0,0,671,2866.4402280000018,0.09471600000000001,331.38382,4.2718930372578265,20.32059783076562,40781,22733,131,0,0,0,0,0,0,0,0,2367.1319699999995,0,0,0,0,0,0,0,0,0,0,0,0,0,0,0,0,0,0,2026-06-19 14:54:59.090129+00,2026-06-19 14:54:59.090129+00
16410,16412,t,8394794296652833771,"SELECT RES_ENT_ID,LIB_FEAT_ID,FTYPE_ID,UTYPE_CODE,SUPPRESSED,OBS_ENT_CNT FROM RES_FEAT_EKEY WHERE RES_ENT_ID IN ($1) AND FTYPE_ID IN ($2,$3,$4,$5,$6,$7,$8,$9,$10,$11,$12,$13,$14,$15,$16,$17,$18,$19,$20,$21,$22,$23,$24,$25,$26,$27,$28,$29,$30,$31,$32,$33,$34,$35,$36,$37,$38,$39,$40,$41,$42,$43,$44,$45,$46,$47,$48,$49,$50,$51,$52,$53,$54)",0,0,0,0,0,0,573693,58484.25698800015,0.005876999999999999,86.072517,0.10194347323045627,1.342166666786711,538571,2946780,0,0,0,0,0,0,0,0,0,0,0,0,0,0,0,0,0,0,0,0,0,0,0,0,0,0,0,0,2026-06-19 14:52:44.911865+00,2026-06-19 14:52:44.911865+00
10,16384,t,3648539402245051460,"FETCH 29 IN ""query-cursor_221""",0,0,0,0,0,0,1,0.009442,0.009442,0.009442,0.009442,0,29,0,0,0,0,0,0,0,0,0,0,0,0,0,0,0,0,0,0,0,0,0,0,0,0,0,0,0,0,0,2026-06-19 18:02:27.771001+00,2026-06-19 18:02:27.771001+00
10,16384,t,-3845441904912391542,"MOVE ALL IN ""query-cursor_87""",0,0,0,0,0,0,1,1.452622,1.452622,1.452622,1.452622,0,0,0,0,0,0,0,0,0,0,0,0,0,0,0,0,0,0,0,0,0,0,0,0,0,0,0,0,0,0,0,2026-06-19 14:15:27.670482+00,2026-06-19 14:15:27.670482+00
10,16384,t,-1191766631187999641,"MOVE ALL IN ""query-cursor_194""",0,0,0,0,0,0,1,10.529724,10.529724,10.529724,10.529724,0,0,0,0,0,0,0,0,0,0,0,0,0,0,0,0,0,0,0,0,0,0,0,0,0,0,0,0,0,0,0,2026-06-19 17:08:27.690271+00,2026-06-19 17:08:27.690271+00
10,16384,t,1423712592550963629,"DECLARE ""query-cursor_44"" SCROLL CURSOR FOR select queryid, left(query, $1), calls, (total_plan_time + total_exec_time) as total_time from aurora_stat_statements($2) order by calls desc limit $3 FOR READ ONLY",0,0,0,0,0,0,1,0.062125,0.062125,0.062125,0.062125,0,0,0,0,0,0,0,0,0,0,0,0,0,0,0,0,0,0,0,0,0,0,0,0,0,0,0,0,0,0,0,2026-06-19 13:32:27.665784+00,2026-06-19 13:32:27.665784+00
10,16384,t,-1651082928662471321,"FETCH 0 IN ""query-cursor_125""",0,0,0,0,0,0,1,0.005555,0.005555,0.005555,0.005555,0,0,0,0,0,0,0,0,0,0,0,0,0,0,0,0,0,0,0,0,0,0,0,0,0,0,0,0,0,0,0,2026-06-19 14:53:27.671658+00,2026-06-19 14:53:27.671658+00
10,16384,t,5383767572014801432,"DECLARE ""query-cursor_95"" SCROLL CURSOR FOR select queryid, left(query, $1), calls, (total_plan_time + total_exec_time) as total_time from aurora_stat_statements($2) order by calls desc limit $3 FOR READ ONLY",0,0,0,0,0,0,1,0.069844,0.069844,0.069844,0.069844,0,0,0,0,0,0,0,0,0,0,0,0,0,0,0,0,0,0,0,0,0,0,0,0,0,0,0,0,0,0,0,2026-06-19 14:23:27.669519+00,2026-06-19 14:23:27.669519+00
10,16384,t,-1877087638786899937,"FETCH 50 IN ""query-cursor_194""",0,0,0,0,0,0,36,0.5933599999999998,0.011005,0.03284,0.016482222222222218,0.004980669695661815,1800,0,0,0,0,0,0,0,0,0,0,0,0,0,0,0,0,0,0,0,0,0,0,0,0,0,0,0,0,0,2026-06-19 17:08:27.691011+00,2026-06-19 17:08:27.691011+00
10,16384,t,2705439451685909827,"FETCH 0 IN ""query-cursor_121""",0,0,0,0,0,0,1,0.004653,0.004653,0.004653,0.004653,0,0,0,0,0,0,0,0,0,0,0,0,0,0,0,0,0,0,0,0,0,0,0,0,0,0,0,0,0,0,0,2026-06-19 14:49:27.671342+00,2026-06-19 14:49:27.671342+00
10,16384,t,-1518429740358151875,"FETCH 50 IN ""query-cursor_211""",0,0,0,0,0,0,38,0.6995109999999999,0.01024,0.030268,0.018408184210526313,0.006306669209550956,1900,0,0,0,0,0,0,0,0,0,0,0,0,0,0,0,0,0,0,0,0,0,0,0,0,0,0,0,0,0,2026-06-19 17:42:27.742012+00,2026-06-19 17:42:27.742012+00
10,16384,t,9167519623337689516,"MOVE ALL IN ""query-cursor_101""",0,0,0,0,0,0,1,1.61768,1.61768,1.61768,1.61768,0,0,0,0,0,0,0,0,0,0,0,0,0,0,0,0,0,0,0,0,0,0,0,0,0,0,0,0,0,0,0,2026-06-19 14:29:27.671663+00,2026-06-19 14:29:27.671663+00
10,16384,t,-5881926681674103806,"MOVE -2004 IN ""query-cursor_225""",0,0,0,0,0,0,1,0.245771,0.245771,0.245771,0.245771,0,0,0,0,0,0,0,0,0,0,0,0,0,0,0,0,0,0,0,0,0,0,0,0,0,0,0,0,0,0,0,2026-06-19 18:10:28.221098+00,2026-06-19 18:10:28.221098+00
10,16384,t,2144449064059729936,"FETCH 47 IN ""query-cursor_128""",0,0,0,0,0,0,1,0.007082,0.007082,0.007082,0.007082,0,47,0,0,0,0,0,0,0,0,0,0,0,0,0,0,0,0,0,0,0,0,0,0,0,0,0,0,0,0,0,2026-06-19 14:56:27.688165+00,2026-06-19 14:56:27.688165+00
10,16384,t,-158215696050698766,"FETCH 50 IN ""query-cursor_184""",0,0,0,0,0,0,34,0.7011430000000001,0.010943,0.03817,0.020621852941176473,0.008304606015134549,1700,0,0,0,0,0,0,0,0,0,0,0,0,0,0,0,0,0,0,0,0,0,0,0,0,0,0,0,0,0,2026-06-19 16:48:27.706335+00,2026-06-19 16:48:27.706335+00
10,16384,t,-7132531143737418404,"DECLARE ""query-cursor_184"" SCROLL CURSOR FOR select queryid, left(query, $1), calls, (total_plan_time + total_exec_time) as total_time from aurora_stat_statements($2) order by calls desc limit $3 FOR READ ONLY",0,0,0,0,0,0,1,0.087041,0.087041,0.087041,0.087041,0,0,0,0,0,0,0,0,0,0,0,0,0,0,0,0,0,0,0,0,0,0,0,0,0,0,0,0,0,0,0,2026-06-19 16:48:27.692969+00,2026-06-19 16:48:27.692969+00
10,16384,t,-7989736483443078646,"MOVE ALL IN ""query-cursor_198""",0,0,0,0,0,0,1,110.395743,110.395743,110.395743,110.395743,0,0,0,0,0,0,0,0,0,0,0,0,0,0,0,0,0,0,0,0,0,0,0,0,0,0,0,0,0,0,0,2026-06-19 17:16:28.024536+00,2026-06-19 17:16:28.024536+00
10,16384,t,-3742803685282235759,"FETCH 0 IN ""query-cursor_16""",0,0,0,0,0,0,1,0.004154,0.004154,0.004154,0.004154,0,0,0,0,0,0,0,0,0,0,0,0,0,0,0,0,0,0,0,0,0,0,0,0,0,0,0,0,0,0,0,2026-06-19 13:04:27.663876+00,2026-06-19 13:04:27.663876+00
16410,16412,t,-861713474425781509,DELETE FROM RES_FEAT_EKEY WHERE RES_ENT_ID=$1 AND ((LIB_FEAT_ID=$2 AND UTYPE_CODE=$3)OR(LIB_FEAT_ID=$4 AND UTYPE_CODE=$5)OR(LIB_FEAT_ID=$6 AND UTYPE_CODE=$7)OR(LIB_FEAT_ID=$8 AND UTYPE_CODE=$9)OR(LIB_FEAT_ID=$10 AND UTYPE_CODE=$11)OR(LIB_FEAT_ID=$12 AND UTYPE_CODE=$13)OR(LIB_FEAT_ID=$14 AND UTYPE_CODE=$15)OR(LIB_FEAT_ID=$16 AND UTYPE_CODE=$17)OR(LIB_FEAT_ID=$18 AND UTYPE_CODE=$19)OR(LIB_FEAT_ID=$20 AND UTYPE_CODE=$21)OR(LIB_FEAT_ID=$22 AND UTYPE_CODE=$23)OR(LIB_FEAT_ID=$24 AND UTYPE_CODE=$25)OR(LIB_FEAT_ID=$26 AND UTYPE_CODE=$27)OR(LIB_FEAT_ID=$28 AND UTYPE_CODE=$29)OR(LIB_FEAT_ID=$30 AND UTYPE_CODE=$31)),0,0,0,0,0,0,15734,227429.8663700006,0.032425999999999996,383.38235,14.454675630481798,32.67252460218243,232797,1193152,2722,0,0,0,0,0,0,0,0,107156.99645900005,0,0,0,0,0,0,0,0,0,0,0,0,0,0,0,0,0,0,2026-06-19 14:52:55.712938+00,2026-06-19 14:52:55.712938+00
10,16384,t,1314701358040975503,"FETCH 50 IN ""query-cursor_45""",0,0,0,0,0,0,7,0.025304,0.002895,0.006056,0.0036148571428571427,0.001010879027462369,350,0,0,0,0,0,0,0,0,0,0,0,0,0,0,0,0,0,0,0,0,0,0,0,0,0,0,0,0,0,2026-06-19 13:33:27.666902+00,2026-06-19 13:33:27.666902+00
16410,16412,t,202719377798159027,"DELETE FROM RES_RELATE WHERE RES_REL_ID IN ($1,$2)",0,0,0,0,0,0,768851,347865.57944099954,0.011023,580.778689,0.4524486271605286,3.513646741575224,1536827,7112796,0,0,0,0,0,0,0,0,0,0,0,0,0,0,0,0,0,0,0,0,0,0,0,0,0,0,0,0,2026-06-19 14:52:52.112324+00,2026-06-19 14:52:52.112324+00
10,16384,t,-1874930726820787522,"FETCH 50 IN ""query-cursor_70""",0,0,0,0,0,0,11,0.039952,0.002835,0.00633,0.0036320000000000002,0.0009358988873124743,550,0,0,0,0,0,0,0,0,0,0,0,0,0,0,0,0,0,0,0,0,0,0,0,0,0,0,0,0,0,2026-06-19 13:58:27.669098+00,2026-06-19 13:58:27.669098+00
10,16384,t,-7013092724090832540,"FETCH 11 IN ""query-cursor_138""",0,0,0,0,0,0,1,0.008943,0.008943,0.008943,0.008943,0,11,0,0,0,0,0,0,0,0,0,0,0,0,0,0,0,0,0,0,0,0,0,0,0,0,0,0,0,0,0,2026-06-19 15:12:27.772122+00,2026-06-19 15:12:27.772122+00
10,16384,t,-7471900958727192033,"MOVE -386 IN ""query-cursor_44""",0,0,0,0,0,0,1,0.009471,0.009471,0.009471,0.009471,0,0,0,0,0,0,0,0,0,0,0,0,0,0,0,0,0,0,0,0,0,0,0,0,0,0,0,0,0,0,0,2026-06-19 13:32:27.666689+00,2026-06-19 13:32:27.666689+00
10,16384,t,5623102610853463449,"FETCH 0 IN ""query-cursor_89""",0,0,0,0,0,0,1,0.003347,0.003347,0.003347,0.003347,0,0,0,0,0,0,0,0,0,0,0,0,0,0,0,0,0,0,0,0,0,0,0,0,0,0,0,0,0,0,0,2026-06-19 14:17:27.669123+00,2026-06-19 14:17:27.669123+00
10,16384,t,8073051347754995869,"FETCH 50 IN ""query-cursor_130""",0,0,0,0,0,0,26,0.31849500000000003,0.007061,0.036111,0.012249807692307694,0.005384198812045589,1300,0,0,0,0,0,0,0,0,0,0,0,0,0,0,0,0,0,0,0,0,0,0,0,0,0,0,0,0,0,2026-06-19 14:58:27.67676+00,2026-06-19 14:58:27.67676+00
10,16384,t,30548015492915242,"MOVE -1514 IN ""query-cursor_151""",0,0,0,0,0,0,1,0.121829,0.121829,0.121829,0.121829,0,0,0,0,0,0,0,0,0,0,0,0,0,0,0,0,0,0,0,0,0,0,0,0,0,0,0,0,0,0,0,2026-06-19 15:38:28.505615+00,2026-06-19 15:38:28.505615+00
10,16384,t,4393243536876992056,"DECLARE ""query-cursor_106"" SCROLL CURSOR FOR select queryid, left(query, $1), calls, (total_plan_time + total_exec_time) as total_time from aurora_stat_statements($2) order by calls desc limit $3 FOR READ ONLY",0,0,0,0,0,0,1,0.061722,0.061722,0.061722,0.061722,0,0,0,0,0,0,0,0,0,0,0,0,0,0,0,0,0,0,0,0,0,0,0,0,0,0,0,0,0,0,0,2026-06-19 14:34:27.670274+00,2026-06-19 14:34:27.670274+00
10,16384,t,-6485337810111214644,"DECLARE ""query-cursor_73"" SCROLL CURSOR FOR select queryid, left(query, $1), calls, (total_plan_time + total_exec_time) as total_time from aurora_stat_statements($2) order by calls desc limit $3 FOR READ ONLY",0,0,0,0,0,0,1,0.058603,0.058603,0.058603,0.058603,0,0,0,0,0,0,0,0,0,0,0,0,0,0,0,0,0,0,0,0,0,0,0,0,0,0,0,0,0,0,0,2026-06-19 14:01:27.667887+00,2026-06-19 14:01:27.667887+00
10,16384,t,-281549136891217117,"FETCH 50 IN ""query-cursor_232""",0,0,0,0,0,0,40,0.509158,0.006956,0.023665,0.01272895,0.004375783061064614,2000,0,0,0,0,0,0,0,0,0,0,0,0,0,0,0,0,0,0,0,0,0,0,0,0,0,0,0,0,0,2026-06-19 18:24:27.687886+00,2026-06-19 18:24:27.687886+00
10,5,t,-1342905154215104636,"SELECT E.NAME, X.EXTVERSION, X.EXTVERSION=E.DEFAULT_VERSION IS_DEFAULT_VERSION
FROM PG_CATALOG.PG_AVAILABLE_EXTENSIONS() E INNER JOIN PG_EXTENSION X ON (E.NAME=X.EXTNAME)",0,0,0,0,0,0,1,2.5072330000000003,2.5072330000000003,2.5072330000000003,2.5072330000000003,0,1,1,1,0,0,0,0,0,0,0,0,1.191431,0,0,0,0,0,0,0,0,0,0,0,0,0,0,0,0,0,0,2026-06-19 13:45:00.237217+00,2026-06-19 13:45:00.237217+00
16410,16412,t,9066311381532448598,"SELECT LIB_FEAT_ID,NUM_RES_ENT,NUM_RES_ENT_OOM,CANDIDATE_CAP_REACHED,SCORING_CAP_REACHED FROM RES_FEAT_STAT WHERE LIB_FEAT_ID IN ($1)",0,0,0,0,0,0,34678357,3425936.345872432,0.004767,615.098453,0.09879177222474617,2.130401535215283,34678340,174325759,29752,0,0,0,0,0,0,0,0,673721.3709389995,0,0,0,0,0,0,0,0,0,0,0,0,0,0,0,0,0,0,2026-06-19 14:52:39.532911+00,2026-06-19 14:52:39.532911+00
10,16384,t,-5741477998232639295,"FETCH 19 IN ""query-cursor_203""",0,0,0,0,0,0,1,0.0089,0.0089,0.0089,0.0089,0,19,0,0,0,0,0,0,0,0,0,0,0,0,0,0,0,0,0,0,0,0,0,0,0,0,0,0,0,0,0,2026-06-19 17:26:27.732806+00,2026-06-19 17:26:27.732806+00
16410,16412,t,-495937983287690095,"SELECT RES_ENT_ID,LIB_FEAT_ID,FTYPE_ID,UTYPE_CODE,SUPPRESSED,OBS_ENT_CNT FROM RES_FEAT_EKEY WHERE RES_ENT_ID IN ($1) AND FTYPE_ID IN ($2,$3,$4,$5,$6,$7,$8,$9,$10,$11,$12,$13,$14,$15,$16,$17,$18,$19,$20,$21,$22,$23,$24,$25,$26,$27,$28,$29,$30,$31,$32,$33,$34,$35,$36,$37,$38,$39,$40,$41,$42,$43,$44,$45,$46,$47,$48,$49,$50,$51,$52,$53,$54,$55,$56,$57,$58)",0,0,0,0,0,0,752789,88928.73198699817,0.005366999999999999,163.923869,0.11813234782521818,1.483701139731386,3136642,3969741,0,0,0,0,0,0,0,0,0,0,0,0,0,0,0,0,0,0,0,0,0,0,0,0,0,0,0,0,2026-06-19 14:52:42.127121+00,2026-06-19 14:52:42.127121+00
10,16384,t,-880809835956821003,"FETCH 9 IN ""query-cursor_242""",0,0,0,0,0,0,1,0.006152,0.006152,0.006152,0.006152,0,9,0,0,0,0,0,0,0,0,0,0,0,0,0,0,0,0,0,0,0,0,0,0,0,0,0,0,0,0,0,2026-06-19 18:41:27.737123+00,2026-06-19 18:41:27.737123+00
10,16384,t,-77597846346830131,"DECLARE ""query-cursor_212"" SCROLL CURSOR FOR select queryid, left(query, $1), calls, (total_plan_time + total_exec_time) as total_time from aurora_stat_statements($2) order by calls desc limit $3 FOR READ ONLY",0,0,0,0,0,0,1,0.08008,0.08008,0.08008,0.08008,0,0,0,0,0,0,0,0,0,0,0,0,0,0,0,0,0,0,0,0,0,0,0,0,0,0,0,0,0,0,0,2026-06-19 17:44:27.791095+00,2026-06-19 17:44:27.791095+00
16410,16412,t,-597852566178768527,"INSERT INTO RES_REL_EKEY(RES_REL_ID,RES_ENT_ID,REL_ENT_ID) VALUES ($1,$2,$3) ON CONFLICT DO NOTHING",0,0,0,0,0,0,315,25.347451000000007,0.012498,7.728922,0.08046809841269843,0.5981769521799454,7,1551,0,0,0,0,0,0,0,0,0,0,0,0,0,0,0,0,0,0,0,0,0,0,0,0,0,0,0,0,2026-06-19 15:24:57.43415+00,2026-06-19 15:24:57.43415+00
10,16384,t,2921089076899505381,"FETCH 27 IN ""query-cursor_140""",0,0,0,0,0,0,1,0.008693,0.008693,0.008693,0.008693,0,27,0,0,0,0,0,0,0,0,0,0,0,0,0,0,0,0,0,0,0,0,0,0,0,0,0,0,0,0,0,2026-06-19 15:16:28.437721+00,2026-06-19 15:16:28.437721+00
10,16384,t,-6908601559339966820,"FETCH 50 IN ""query-cursor_11""",0,0,0,0,0,0,3,0.011372,0.003185,0.004567,0.0037906666666666666,0.0005769611964614451,150,0,0,0,0,0,0,0,0,0,0,0,0,0,0,0,0,0,0,0,0,0,0,0,0,0,0,0,0,0,2026-06-19 12:59:27.664047+00,2026-06-19 12:59:27.664047+00
10,16384,t,6914285196861330175,"MOVE -1754 IN ""query-cursor_185""",0,0,0,0,0,0,1,0.176769,0.176769,0.176769,0.176769,0,0,0,0,0,0,0,0,0,0,0,0,0,0,0,0,0,0,0,0,0,0,0,0,0,0,0,0,0,0,0,2026-06-19 16:50:27.875638+00,2026-06-19 16:50:27.875638+00
10,16384,t,4462433520083820676,"MOVE ALL IN ""query-cursor_247""",0,0,0,0,0,0,1,26.438156,26.438156,26.438156,26.438156,0,0,0,0,0,0,0,0,0,0,0,0,0,0,0,0,0,0,0,0,0,0,0,0,0,0,0,0,0,0,0,2026-06-19 18:53:27.783971+00,2026-06-19 18:53:27.783971+00
10,16384,t,2746482423493722230,"FETCH 50 IN ""query-cursor_28""",0,0,0,0,0,0,5,0.018963,0.002957,0.006107,0.0037926,0.0011769871027330757,250,0,0,0,0,0,0,0,0,0,0,0,0,0,0,0,0,0,0,0,0,0,0,0,0,0,0,0,0,0,2026-06-19 13:16:27.665515+00,2026-06-19 13:16:27.665515+00
10,16384,t,-1740635734899005350,"MOVE -428 IN ""query-cursor_51""",0,0,0,0,0,0,1,0.01086,0.01086,0.01086,0.01086,0,0,0,0,0,0,0,0,0,0,0,0,0,0,0,0,0,0,0,0,0,0,0,0,0,0,0,0,0,0,0,2026-06-19 13:39:27.66744+00,2026-06-19 13:39:27.66744+00
10,16384,t,1873821229809098263,"FETCH 50 IN ""query-cursor_30""",0,0,0,0,0,0,6,0.022962,0.002929,0.005656,0.003827,0.0010795009649524788,300,0,0,0,0,0,0,0,0,0,0,0,0,0,0,0,0,0,0,0,0,0,0,0,0,0,0,0,0,0,2026-06-19 13:18:27.665671+00,2026-06-19 13:18:27.665671+00
10,16384,t,1330458792108672134,"FETCH 41 IN ""query-cursor_45""",0,0,0,0,0,0,1,0.00294,0.00294,0.00294,0.00294,0,41,0,0,0,0,0,0,0,0,0,0,0,0,0,0,0,0,0,0,0,0,0,0,0,0,0,0,0,0,0,2026-06-19 13:33:27.668203+00,2026-06-19 13:33:27.668203+00
16410,16412,t,5598641032021687584,"SELECT RES_ENT_ID,ENT_STATE,LOCKING_ID FROM RES_ENT WHERE RES_ENT_ID IN ($1,$2)",0,0,0,0,0,0,6498732,1013378.0788510969,0.008907,561.082444,0.15593473909234862,1.2739254307899308,12997463,52054478,5,0,0,0,0,0,0,0,0,6.77594,0,0,0,0,0,0,0,0,0,0,0,0,0,0,0,0,0,0,2026-06-19 14:52:40.178186+00,2026-06-19 14:52:40.178186+00
10,16384,t,-1576128664093747685,"MOVE -1541 IN ""query-cursor_154""",0,0,0,0,0,0,1,0.118937,0.118937,0.118937,0.118937,0,0,0,0,0,0,0,0,0,0,0,0,0,0,0,0,0,0,0,0,0,0,0,0,0,0,0,0,0,0,0,2026-06-19 15:44:27.68986+00,2026-06-19 15:44:27.68986+00
10,16384,t,6430392951074807664,"MOVE ALL IN ""query-cursor_238""",0,0,0,0,0,0,1,10.323692,10.323692,10.323692,10.323692,0,0,0,0,0,0,0,0,0,0,0,0,0,0,0,0,0,0,0,0,0,0,0,0,0,0,0,0,0,0,0,2026-06-19 18:33:27.692381+00,2026-06-19 18:33:27.692381+00
10,16384,t,-2916518846240547969,SELECT pg_catalog.count(*) FROM pg_catalog.pg_roles WHERE rolname = $1,0,0,0,0,0,0,37,0.46117700000000006,0.0047859999999999995,0.023268,0.012464243243243245,0.005114847293196995,37,37,0,0,0,0,0,0,0,0,0,0,0,0,0,0,0,0,0,0,0,0,0,0,0,0,0,0,0,0,2026-06-19 12:57:23.780396+00,2026-06-19 12:57:23.780396+00
16410,16412,t,2219417973857381876,"INSERT INTO RES_REL_EKEY(RES_REL_ID,RES_ENT_ID,REL_ENT_ID) VALUES ($1,$2,$3),($4,$5,$6),($7,$8,$9),($10,$11,$12),($13,$14,$15),($16,$17,$18),($19,$20,$21),($22,$23,$24),($25,$26,$27),($28,$29,$30),($31,$32,$33),($34,$35,$36),($37,$38,$39),($40,$41,$42) ON CONFLICT DO NOTHING",0,0,0,0,0,0,32979,271479.23708400084,0.149071,474.561726,8.231882018375355,22.592995727427322,461706,4257941,803,0,3864,0,0,0,0,0,0,25160.924400000018,580.9547429999998,0,0,0,0,0,0,0,0,0,0,0,0,0,0,0,0,0,2026-06-19 14:52:49.942096+00,2026-06-19 14:52:49.942096+00
10,16384,t,4285757916601300173,"FETCH 0 IN ""query-cursor_136""",0,0,0,0,0,0,1,0.009688,0.009688,0.009688,0.009688,0,0,0,0,0,0,0,0,0,0,0,0,0,0,0,0,0,0,0,0,0,0,0,0,0,0,0,0,0,0,0,2026-06-19 15:08:27.730463+00,2026-06-19 15:08:27.730463+00
10,16384,t,-1756810220528805570,"MOVE ALL IN ""query-cursor_48""",0,0,0,0,0,0,1,0.845153,0.845153,0.845153,0.845153,0,0,0,0,0,0,0,0,0,0,0,0,0,0,0,0,0,0,0,0,0,0,0,0,0,0,0,0,0,0,0,2026-06-19 13:36:27.667022+00,2026-06-19 13:36:27.667022+00
16410,16412,t,6322271594241550803,"SELECT RES_ENT_ID,LIB_FEAT_ID,FTYPE_ID,UTYPE_CODE,SUPPRESSED,OBS_ENT_CNT FROM RES_FEAT_EKEY WHERE RES_ENT_ID IN ($1,$2,$3,$4,$5,$6,$7,$8,$9,$10,$11,$12,$13,$14,$15,$16)",0,0,0,0,0,0,1408733,7151227.037899029,0.109565,983.530561,5.076353743327536,15.697394441524024,419385058,88628528,763033,0,0,0,0,0,0,0,0,5433166.651644011,0,0,0,0,0,0,0,0,0,0,0,0,0,0,0,0,0,0,2026-06-19 14:53:03.682313+00,2026-06-19 14:53:03.682313+00
10,16384,t,-8833403857018317491,"MOVE ALL IN ""query-cursor_227""",0,0,0,0,0,0,1,10.355377,10.355377,10.355377,10.355377,0,0,0,0,0,0,0,0,0,0,0,0,0,0,0,0,0,0,0,0,0,0,0,0,0,0,0,0,0,0,0,2026-06-19 18:14:28.003636+00,2026-06-19 18:14:28.003636+00
10,16384,t,8124550878189347883,"DECLARE ""query-cursor_133"" SCROLL CURSOR FOR select queryid, left(query, $1), calls, (total_plan_time + total_exec_time) as total_time from aurora_stat_statements($2) order by calls desc limit $3 FOR READ ONLY",0,0,0,0,0,0,1,0.079188,0.079188,0.079188,0.079188,0,0,0,0,0,0,0,0,0,0,0,0,0,0,0,0,0,0,0,0,0,0,0,0,0,0,0,0,0,0,0,2026-06-19 15:02:28.1002+00,2026-06-19 15:02:28.1002+00
10,16384,t,1186482914378514803,"FETCH 50 IN ""query-cursor_247""",0,0,0,0,0,0,42,0.6453830000000002,0.00837,0.028929,0.015366261904761909,0.0054634016268409,2100,0,0,0,0,0,0,0,0,0,0,0,0,0,0,0,0,0,0,0,0,0,0,0,0,0,0,0,0,0,2026-06-19 18:53:27.785283+00,2026-06-19 18:53:27.785283+00
16410,16412,t,1530387077681338150,"SELECT RES_ENT_ID,LIB_FEAT_ID,FTYPE_ID,UTYPE_CODE,SUPPRESSED,OBS_ENT_CNT FROM RES_FEAT_EKEY WHERE RES_ENT_ID IN ($1,$2,$3,$4,$5,$6,$7,$8,$9,$10,$11,$12,$13,$14,$15,$16) AND FTYPE_ID IN ($17,$18,$19,$20,$21,$22,$23,$24)",0,0,0,0,0,0,1112,5016.995775,0.088058,180.53497,4.511686848021583,15.173427816280977,130808,57398,256,0,0,0,0,0,0,0,0,3756.362076,0,0,0,0,0,0,0,0,0,0,0,0,0,0,0,0,0,0,2026-06-19 14:53:38.554046+00,2026-06-19 14:53:38.554046+00
16410,16412,t,2331882008516076227,"SELECT LIB_FEAT_ID,UTYPE_CODE,RES_ENT_ID,OBS_ENT_CNT FROM RES_FEAT_EKEY WHERE LIB_FEAT_ID IN ($1,$2,$3,$4,$5,$6,$7,$8,$9,$10,$11,$12,$13,$14,$15,$16,$17,$18,$19,$20,$21,$22,$23,$24,$25,$26,$27,$28,$29,$30,$31,$32,$33,$34,$35,$36,$37,$38,$39,$40,$41,$42,$43,$44,$45,$46,$47,$48,$49,$50,$51,$52,$53,$54,$55,$56,$57,$58,$59,$60,$61,$62,$63,$64,$65,$66,$67,$68,$69,$70,$71,$72,$73,$74,$75,$76,$77,$78,$79,$80,$81,$82,$83,$84,$85,$86,$87,$88,$89,$90,$91,$92,$93,$94,$95,$96,$97,$98,$99,$100) AND RES_ENT_ID!=$101",0,0,0,0,0,0,52200,1011350.0872299995,0.014875000000000001,601.837589,19.374522743869722,42.892433314654866,768662,2996912,118238,0,0,0,0,0,0,0,0,906865.1977299992,0,0,0,0,0,0,0,0,0,0,0,0,0,0,0,0,0,0,2026-06-19 14:53:09.602025+00,2026-06-19 14:53:09.602025+00
10,16384,t,-1206501897971190434,"DECLARE ""query-cursor_46"" SCROLL CURSOR FOR select queryid, left(query, $1), calls, (total_plan_time + total_exec_time) as total_time from aurora_stat_statements($2) order by calls desc limit $3 FOR READ ONLY",0,0,0,0,0,0,1,0.060522,0.060522,0.060522,0.060522,0,0,0,0,0,0,0,0,0,0,0,0,0,0,0,0,0,0,0,0,0,0,0,0,0,0,0,0,0,0,0,2026-06-19 13:34:27.665915+00,2026-06-19 13:34:27.665915+00
16410,16412,t,-9182670115368969298,"SELECT RES_ENT_ID,OBS_ENT_ID,ERRULE_ID,MATCH_KEY FROM RES_ENT_OKEY WHERE RES_ENT_ID IN ($1,$2)",0,0,0,0,0,0,2371455,239872.19902000003,0.008425,281.791868,0.10114980002572262,1.2516874412617944,5988838,22590435,1271,0,0,0,0,0,0,0,0,19721.49908600003,0,0,0,0,0,0,0,0,0,0,0,0,0,0,0,0,0,0,2026-06-19 14:53:03.704721+00,2026-06-19 14:53:03.704721+00
16410,16412,t,1334271151655447226,DELETE FROM RES_REL_EKEY WHERE ((RES_ENT_ID=$1 AND REL_ENT_ID=$2 AND RES_REL_ID=$3) OR (RES_ENT_ID=$4 AND REL_ENT_ID=$5 AND RES_REL_ID=$6) OR (RES_ENT_ID=$7 AND REL_ENT_ID=$8 AND RES_REL_ID=$9) OR (RES_ENT_ID=$10 AND REL_ENT_ID=$11 AND RES_REL_ID=$12) OR (RES_ENT_ID=$13 AND REL_ENT_ID=$14 AND RES_REL_ID=$15) OR (RES_ENT_ID=$16 AND REL_ENT_ID=$17 AND RES_REL_ID=$18) OR (RES_ENT_ID=$19 AND REL_ENT_ID=$20 AND RES_REL_ID=$21) OR (RES_ENT_ID=$22 AND REL_ENT_ID=$23 AND RES_REL_ID=$24) OR (RES_ENT_ID=$25 AND REL_ENT_ID=$26 AND RES_REL_ID=$27) OR (RES_ENT_ID=$28 AND REL_ENT_ID=$29 AND RES_REL_ID=$30) OR (RES_ENT_ID=$31 AND REL_ENT_ID=$32 AND RES_REL_ID=$33) OR (RES_ENT_ID=$34 AND REL_ENT_ID=$35 AND RES_REL_ID=$36) OR (RES_ENT_ID=$37 AND REL_ENT_ID=$38 AND RES_REL_ID=$39) OR (RES_ENT_ID=$40 AND REL_ENT_ID=$41 AND RES_REL_ID=$42) OR (RES_ENT_ID=$43 AND REL_ENT_ID=$44 AND RES_REL_ID=$45) OR (RES_ENT_ID=$46 AND REL_ENT_ID=$47 AND RES_REL_ID=$48) OR (RES_ENT_ID=$49 AND REL_ENT_ID=$50 AND RES_REL_ID=$51) OR (RES_ENT_ID=$52 AND REL_ENT_ID=$53 AND RES_REL_ID=$54) OR (RES_ENT_ID=$55 AND REL_ENT_ID=$56 AND RES_REL_ID=$57) OR (RES_ENT_ID=$58 AND REL_ENT_ID=$59 AND RES_REL_ID=$60) OR (RES_ENT_ID=$61 AND REL_ENT_ID=$62 AND RES_REL_ID=$63) OR (RES_ENT_ID=$64 AND REL_ENT_ID=$65 AND RES_REL_ID=$66) OR (RES_ENT_ID=$67 AND REL_ENT_ID=$68 AND RES_REL_ID=$69) OR (RES_ENT_ID=$70 AND REL_ENT_ID=$71 AND RES_REL_ID=$72) OR (RES_ENT_ID=$73 AND REL_ENT_ID=$74 AND RES_REL_ID=$75) OR (RES_ENT_ID=$76 AND REL_ENT_ID=$77 AND RES_REL_ID=$78) OR (RES_ENT_ID=$79 AND REL_ENT_ID=$80 AND RES_REL_ID=$81) OR (RES_ENT_ID=$82 AND REL_ENT_ID=$83 AND RES_REL_ID=$84) OR (RES_ENT_ID=$85 AND REL_ENT_ID=$86 AND RES_REL_ID=$87) OR (RES_ENT_ID=$88 AND REL_ENT_ID=$89 AND RES_REL_ID=$90) OR (RES_ENT_ID=$91 AND REL_ENT_ID=$92 AND RES_REL_ID=$93) OR (RES_ENT_ID=$94 AND REL_ENT_ID=$95 AND RES_REL_ID=$96)),0,0,0,0,0,0,12781,95150.43764000016,0.120813,682.4202750000001,7.444678635474546,23.27044853743712,256468,1841070,797,0,0,0,0,0,0,0,0,13122.412128000007,0,0,0,0,0,0,0,0,0,0,0,0,0,0,0,0,0,0,2026-06-19 14:53:04.039118+00,2026-06-19 14:53:04.039118+00
10,16384,t,-467069387314603473,"FETCH 49 IN ""query-cursor_68""",0,0,0,0,0,0,1,0.003857,0.003857,0.003857,0.003857,0,49,0,0,0,0,0,0,0,0,0,0,0,0,0,0,0,0,0,0,0,0,0,0,0,0,0,0,0,0,0,2026-06-19 13:56:27.6708+00,2026-06-19 13:56:27.6708+00
10,16384,t,-8374200968082786887,"MOVE -1862 IN ""query-cursor_202""",0,0,0,0,0,0,1,0.170123,0.170123,0.170123,0.170123,0,0,0,0,0,0,0,0,0,0,0,0,0,0,0,0,0,0,0,0,0,0,0,0,0,0,0,0,0,0,0,2026-06-19 17:24:27.820371+00,2026-06-19 17:24:27.820371+00
10,16384,t,-1910582204860499546,"FETCH 0 IN ""query-cursor_199""",0,0,0,0,0,0,1,0.005338,0.005338,0.005338,0.005338,0,0,0,0,0,0,0,0,0,0,0,0,0,0,0,0,0,0,0,0,0,0,0,0,0,0,0,0,0,0,0,2026-06-19 17:18:28.299825+00,2026-06-19 17:18:28.299825+00
16410,16412,t,-1557422786776360676,"INSERT INTO LIB_FEAT(LIB_FEAT_ID,FTYPE_ID,FEAT_HASH,FEAT_DESC,FELEM_VALUES,ANONYMIZED,VERSION) VALUES ($1,$2,$3,$4,$5,$6,$7),($8,$9,$10,$11,$12,$13,$14),($15,$16,$17,$18,$19,$20,$21),($22,$23,$24,$25,$26,$27,$28),($29,$30,$31,$32,$33,$34,$35),($36,$37,$38,$39,$40,$41,$42),($43,$44,$45,$46,$47,$48,$49),($50,$51,$52,$53,$54,$55,$56),($57,$58,$59,$60,$61,$62,$63),($64,$65,$66,$67,$68,$69,$70) ON CONFLICT(FTYPE_ID,FEAT_HASH,ANONYMIZED) DO UPDATE SET FTYPE_ID=LIB_FEAT.FTYPE_ID,FEAT_HASH=LIB_FEAT.FEAT_HASH,ANONYMIZED=LIB_FEAT.ANONYMIZED RETURNING LIB_FEAT_ID,FTYPE_ID,FEAT_HASH,ANONYMIZED,FEAT_DESC",0,0,0,0,0,0,1385913,23524582.13988476,0.190326,1333.554758,16.974068458759504,44.86738809145973,13859130,217137191,752,0,506889,0,0,0,0,0,0,14267.834171999993,50386.00674600017,0,0,0,0,0,0,0,0,0,0,0,0,0,0,0,0,0,2026-06-19 14:52:39.555592+00,2026-06-19 14:52:39.555592+00
16410,16412,t,-740985576836762847,"INSERT INTO RES_FEAT_STAT(LIB_FEAT_ID,FTYPE_ID,NUM_RES_ENT,NUM_RES_ENT_OOM) VALUES ($1,$2,$3,$4),($5,$6,$7,$8),($9,$10,$11,$12),($13,$14,$15,$16),($17,$18,$19,$20),($21,$22,$23,$24),($25,$26,$27,$28),($29,$30,$31,$32),($33,$34,$35,$36),($37,$38,$39,$40),($41,$42,$43,$44),($45,$46,$47,$48),($49,$50,$51,$52),($53,$54,$55,$56),($57,$58,$59,$60) ON CONFLICT DO NOTHING",0,0,0,0,0,0,2088761,35682310.76523518,0.135279,3793.6647620000003,17.083003160838018,67.90591173303068,31331378,312544909,18321,0,323719,0,0,0,0,0,0,177340.96490299946,31394.55700200014,0,0,0,0,0,0,0,0,0,0,0,0,0,0,0,0,0,2026-06-19 14:52:39.639298+00,2026-06-19 14:52:39.639298+00
16410,16412,t,-8344818468155698179,"SELECT RES_ENT_ID,LIB_FEAT_ID,FTYPE_ID,UTYPE_CODE,SUPPRESSED,OBS_ENT_CNT FROM RES_FEAT_EKEY WHERE RES_ENT_ID IN ($1,$2,$3,$4,$5,$6,$7,$8,$9,$10,$11,$12,$13,$14,$15,$16,$17,$18,$19,$20,$21,$22,$23,$24,$25,$26,$27,$28,$29,$30,$31,$32) AND FTYPE_ID IN ($33,$34,$35,$36,$37,$38,$39,$40,$41,$42,$43,$44,$45,$46,$47,$48,$49,$50)",0,0,0,0,0,0,13387,239269.29478200033,0.249501,504.53003500000005,17.873257248225915,38.30888428886782,6092974,1416481,11363,0,0,0,0,0,0,0,0,195790.04903099974,0,0,0,0,0,0,0,0,0,0,0,0,0,0,0,0,0,0,2026-06-19 14:54:12.765445+00,2026-06-19 14:54:12.765445+00
10,16384,t,8778878011109556862,"FETCH 22 IN ""query-cursor_236""",0,0,0,0,0,0,1,0.009629,0.009629,0.009629,0.009629,0,22,0,0,0,0,0,0,0,0,0,0,0,0,0,0,0,0,0,0,0,0,0,0,0,0,0,0,0,0,0,2026-06-19 18:29:27.713076+00,2026-06-19 18:29:27.713076+00
10,16384,t,3298969741106801714,"DECLARE ""query-cursor_237"" SCROLL CURSOR FOR select queryid, left(query, $1), calls, (total_plan_time + total_exec_time) as total_time from aurora_stat_statements($2) order by calls desc limit $3 FOR READ ONLY",0,0,0,0,0,0,1,0.084439,0.084439,0.084439,0.084439,0,0,0,0,0,0,0,0,0,0,0,0,0,0,0,0,0,0,0,0,0,0,0,0,0,0,0,0,0,0,0,2026-06-19 18:31:27.682001+00,2026-06-19 18:31:27.682001+00
10,16384,t,-5689704297971623080,"FETCH 50 IN ""query-cursor_78""",0,0,0,0,0,0,12,0.038729999999999994,0.002737,0.005941,0.0032274999999999995,0.0008549076460842616,600,0,0,0,0,0,0,0,0,0,0,0,0,0,0,0,0,0,0,0,0,0,0,0,0,0,0,0,0,0,2026-06-19 14:06:27.669813+00,2026-06-19 14:06:27.669813+00
16410,16412,t,5028734112847102443,DELETE FROM RES_FEAT_EKEY WHERE RES_ENT_ID=$1 AND ((LIB_FEAT_ID=$2 AND UTYPE_CODE=$3)OR(LIB_FEAT_ID=$4 AND UTYPE_CODE=$5)OR(LIB_FEAT_ID=$6 AND UTYPE_CODE=$7)OR(LIB_FEAT_ID=$8 AND UTYPE_CODE=$9)OR(LIB_FEAT_ID=$10 AND UTYPE_CODE=$11)OR(LIB_FEAT_ID=$12 AND UTYPE_CODE=$13)OR(LIB_FEAT_ID=$14 AND UTYPE_CODE=$15)OR(LIB_FEAT_ID=$16 AND UTYPE_CODE=$17)OR(LIB_FEAT_ID=$18 AND UTYPE_CODE=$19)OR(LIB_FEAT_ID=$20 AND UTYPE_CODE=$21)OR(LIB_FEAT_ID=$22 AND UTYPE_CODE=$23)OR(LIB_FEAT_ID=$24 AND UTYPE_CODE=$25)OR(LIB_FEAT_ID=$26 AND UTYPE_CODE=$27)OR(LIB_FEAT_ID=$28 AND UTYPE_CODE=$29)OR(LIB_FEAT_ID=$30 AND UTYPE_CODE=$31)OR(LIB_FEAT_ID=$32 AND UTYPE_CODE=$33)OR(LIB_FEAT_ID=$34 AND UTYPE_CODE=$35)OR(LIB_FEAT_ID=$36 AND UTYPE_CODE=$37)OR(LIB_FEAT_ID=$38 AND UTYPE_CODE=$39)OR(LIB_FEAT_ID=$40 AND UTYPE_CODE=$41)OR(LIB_FEAT_ID=$42 AND UTYPE_CODE=$43)OR(LIB_FEAT_ID=$44 AND UTYPE_CODE=$45)OR(LIB_FEAT_ID=$46 AND UTYPE_CODE=$47)OR(LIB_FEAT_ID=$48 AND UTYPE_CODE=$49)OR(LIB_FEAT_ID=$50 AND UTYPE_CODE=$51)OR(LIB_FEAT_ID=$52 AND UTYPE_CODE=$53)OR(LIB_FEAT_ID=$54 AND UTYPE_CODE=$55)OR(LIB_FEAT_ID=$56 AND UTYPE_CODE=$57)OR(LIB_FEAT_ID=$58 AND UTYPE_CODE=$59)OR(LIB_FEAT_ID=$60 AND UTYPE_CODE=$61)OR(LIB_FEAT_ID=$62 AND UTYPE_CODE=$63)OR(LIB_FEAT_ID=$64 AND UTYPE_CODE=$65)OR(LIB_FEAT_ID=$66 AND UTYPE_CODE=$67)OR(LIB_FEAT_ID=$68 AND UTYPE_CODE=$69)OR(LIB_FEAT_ID=$70 AND UTYPE_CODE=$71)OR(LIB_FEAT_ID=$72 AND UTYPE_CODE=$73)OR(LIB_FEAT_ID=$74 AND UTYPE_CODE=$75)OR(LIB_FEAT_ID=$76 AND UTYPE_CODE=$77)OR(LIB_FEAT_ID=$78 AND UTYPE_CODE=$79)OR(LIB_FEAT_ID=$80 AND UTYPE_CODE=$81)OR(LIB_FEAT_ID=$82 AND UTYPE_CODE=$83)OR(LIB_FEAT_ID=$84 AND UTYPE_CODE=$85)OR(LIB_FEAT_ID=$86 AND UTYPE_CODE=$87)OR(LIB_FEAT_ID=$88 AND UTYPE_CODE=$89)),0,0,0,0,0,0,2243,88583.53558899986,0.014671,427.12632299999996,39.49332839456079,65.98093975954212,58710,435276,1126,0,0,0,0,0,0,0,0,57007.24325000001,0,0,0,0,0,0,0,0,0,0,0,0,0,0,0,0,0,0,2026-06-19 15:02:52.374433+00,2026-06-19 15:02:52.374433+00
10,16384,t,8123889106398221542,"MOVE -1882 IN ""query-cursor_205""",0,0,0,0,0,0,1,0.132717,0.132717,0.132717,0.132717,0,0,0,0,0,0,0,0,0,0,0,0,0,0,0,0,0,0,0,0,0,0,0,0,0,0,0,0,0,0,0,2026-06-19 17:30:28.05741+00,2026-06-19 17:30:28.05741+00
10,16384,t,3585150945132757300,"DECLARE ""query-cursor_102"" SCROLL CURSOR FOR select queryid, left(query, $1), calls, (total_plan_time + total_exec_time) as total_time from aurora_stat_statements($2) order by calls desc limit $3 FOR READ ONLY",0,0,0,0,0,0,1,0.064699,0.064699,0.064699,0.064699,0,0,0,0,0,0,0,0,0,0,0,0,0,0,0,0,0,0,0,0,0,0,0,0,0,0,0,0,0,0,0,2026-06-19 14:30:27.67+00,2026-06-19 14:30:27.67+00
10,16384,t,-6348341991694067627,"DECLARE ""query-cursor_129"" SCROLL CURSOR FOR select queryid, left(query, $1), calls, (total_plan_time + total_exec_time) as total_time from aurora_stat_statements($2) order by calls desc limit $3 FOR READ ONLY",0,0,0,0,0,0,1,0.054957,0.054957,0.054957,0.054957,0,0,0,0,0,0,0,0,0,0,0,0,0,0,0,0,0,0,0,0,0,0,0,0,0,0,0,0,0,0,0,2026-06-19 14:57:27.672025+00,2026-06-19 14:57:27.672025+00
10,16384,t,-6029746642343462224,"MOVE ALL IN ""query-cursor_166""",0,0,0,0,0,0,1,73.813029,73.813029,73.813029,73.813029,0,0,0,0,0,0,0,0,0,0,0,0,0,0,0,0,0,0,0,0,0,0,0,0,0,0,0,0,0,0,0,2026-06-19 16:08:27.955641+00,2026-06-19 16:08:27.955641+00
10,16384,t,2420935430959660546,"MOVE ALL IN ""query-cursor_251""",0,0,0,0,0,0,1,9.146997,9.146997,9.146997,9.146997,0,0,0,0,0,0,0,0,0,0,0,0,0,0,0,0,0,0,0,0,0,0,0,0,0,0,0,0,0,0,0,2026-06-19 19:01:27.691432+00,2026-06-19 19:01:27.691432+00
10,16384,t,6795511765294252995,"FETCH 0 IN ""query-cursor_122""",0,0,0,0,0,0,1,0.003789,0.003789,0.003789,0.003789,0,0,0,0,0,0,0,0,0,0,0,0,0,0,0,0,0,0,0,0,0,0,0,0,0,0,0,0,0,0,0,2026-06-19 14:50:27.671364+00,2026-06-19 14:50:27.671364+00
10,16384,t,-6036586736525086416,"MOVE ALL IN ""query-cursor_237""",0,0,0,0,0,0,1,10.579986,10.579986,10.579986,10.579986,0,0,0,0,0,0,0,0,0,0,0,0,0,0,0,0,0,0,0,0,0,0,0,0,0,0,0,0,0,0,0,2026-06-19 18:31:27.69286+00,2026-06-19 18:31:27.69286+00
10,16384,t,8904038573667808338,"FETCH 0 IN ""query-cursor_67""",0,0,0,0,0,0,1,0.003667,0.003667,0.003667,0.003667,0,0,0,0,0,0,0,0,0,0,0,0,0,0,0,0,0,0,0,0,0,0,0,0,0,0,0,0,0,0,0,2026-06-19 13:55:27.667563+00,2026-06-19 13:55:27.667563+00
10,16384,t,-754371567585342327,"MOVE ALL IN ""query-cursor_84""",0,0,0,0,0,0,1,1.467057,1.467057,1.467057,1.467057,0,0,0,0,0,0,0,0,0,0,0,0,0,0,0,0,0,0,0,0,0,0,0,0,0,0,0,0,0,0,0,2026-06-19 14:12:27.670256+00,2026-06-19 14:12:27.670256+00
10,16384,t,2187695592222816434,"FETCH 0 IN ""query-cursor_216""",0,0,0,0,0,0,1,0.009927,0.009927,0.009927,0.009927,0,0,0,0,0,0,0,0,0,0,0,0,0,0,0,0,0,0,0,0,0,0,0,0,0,0,0,0,0,0,0,2026-06-19 17:52:27.7089+00,2026-06-19 17:52:27.7089+00
16410,16412,t,1732348092621839843,"UPDATE RES_FEAT_STAT AS T SET FTYPE_ID=C.FTYPE_ID,NUM_RES_ENT=C.NUM_RES_ENT_NEW,NUM_RES_ENT_OOM=C.NUM_RES_ENT_OOM_NEW FROM (VALUES (CAST ($1 AS BIGINT),CAST ($2 AS INT),CAST ($3 AS BIGINT),CAST ($4 AS BIGINT),CAST ($5 AS BIGINT),CAST ($6 AS BIGINT)),(CAST ($7 AS BIGINT),CAST ($8 AS INT),CAST ($9 AS BIGINT),CAST ($10 AS BIGINT),CAST ($11 AS BIGINT),CAST ($12 AS BIGINT)),(CAST ($13 AS BIGINT),CAST ($14 AS INT),CAST ($15 AS BIGINT),CAST ($16 AS BIGINT),CAST ($17 AS BIGINT),CAST ($18 AS BIGINT)),(CAST ($19 AS BIGINT),CAST ($20 AS INT),CAST ($21 AS BIGINT),CAST ($22 AS BIGINT),CAST ($23 AS BIGINT),CAST ($24 AS BIGINT)),(CAST ($25 AS BIGINT),CAST ($26 AS INT),CAST ($27 AS BIGINT),CAST ($28 AS BIGINT),CAST ($29 AS BIGINT),CAST ($30 AS BIGINT)),(CAST ($31 AS BIGINT),CAST ($32 AS INT),CAST ($33 AS BIGINT),CAST ($34 AS BIGINT),CAST ($35 AS BIGINT),CAST ($36 AS BIGINT)),(CAST ($37 AS BIGINT),CAST ($38 AS INT),CAST ($39 AS BIGINT),CAST ($40 AS BIGINT),CAST ($41 AS BIGINT),CAST ($42 AS BIGINT))) AS C(LIB_FEAT_ID,FTYPE_ID,NUM_RES_ENT_OLD,NUM_RES_ENT_OOM_OLD,NUM_RES_ENT_NEW,NUM_RES_ENT_OOM_NEW) WHERE C.LIB_FEAT_ID=T.LIB_FEAT_ID AND C.NUM_RES_ENT_OLD=T.NUM_RES_ENT AND C.NUM_RES_ENT_OOM_OLD=T.NUM_RES_ENT_OOM",0,0,0,0,0,0,353196,2260715.148543962,0.06841799999999999,1440.914905,6.40073825452146,31.498786033215563,2470650,22397131,2108,0,15921,0,0,0,0,0,0,17115.663228,225.589736,0,0,0,0,0,0,0,0,0,0,0,0,0,0,0,0,0,2026-06-19 14:53:17.744308+00,2026-06-19 14:53:17.744308+00
10,16384,t,-1041116581600476558,"FETCH 0 IN ""query-cursor_118""",0,0,0,0,0,0,1,0.003969,0.003969,0.003969,0.003969,0,0,0,0,0,0,0,0,0,0,0,0,0,0,0,0,0,0,0,0,0,0,0,0,0,0,0,0,0,0,0,2026-06-19 14:46:27.671118+00,2026-06-19 14:46:27.671118+00
10,16384,t,5268031612936987516,"select valid_pages, unused_pages, reuse_pages from aurora_storage_metadata_metrics()",0,0,0,0,0,0,376,3.726635000000002,0.0050490000000000005,0.048071,0.009911263297872347,0.004143537166779458,376,0,0,0,0,0,0,0,0,0,0,0,0,0,0,0,0,0,0,0,0,0,0,0,0,0,0,0,0,0,2026-06-19 12:48:52.265587+00,2026-06-19 12:48:52.265587+00
10,16384,t,-8340081814566666622,"FETCH 50 IN ""query-cursor_47""",0,0,0,0,0,0,8,0.02917,0.002998,0.005723,0.00364625,0.0008408672234663446,400,0,0,0,0,0,0,0,0,0,0,0,0,0,0,0,0,0,0,0,0,0,0,0,0,0,0,0,0,0,2026-06-19 13:35:27.667089+00,2026-06-19 13:35:27.667089+00
10,16384,t,-3922227817728307729,"FETCH 35 IN ""query-cursor_124""",0,0,0,0,0,0,1,0.002742,0.002742,0.002742,0.002742,0,35,0,0,0,0,0,0,0,0,0,0,0,0,0,0,0,0,0,0,0,0,0,0,0,0,0,0,0,0,0,2026-06-19 14:52:27.676364+00,2026-06-19 14:52:27.676364+00
10,16384,t,-7556579876091590985,"FETCH 0 IN ""query-cursor_156""",0,0,0,0,0,0,1,0.005239,0.005239,0.005239,0.005239,0,0,0,0,0,0,0,0,0,0,0,0,0,0,0,0,0,0,0,0,0,0,0,0,0,0,0,0,0,0,0,2026-06-19 15:48:27.77198+00,2026-06-19 15:48:27.77198+00
16410,16412,t,8014149419330350915,DELETE FROM RES_FEAT_EKEY WHERE RES_ENT_ID=$1 AND ((LIB_FEAT_ID=$2 AND UTYPE_CODE=$3)OR(LIB_FEAT_ID=$4 AND UTYPE_CODE=$5)OR(LIB_FEAT_ID=$6 AND UTYPE_CODE=$7)OR(LIB_FEAT_ID=$8 AND UTYPE_CODE=$9)OR(LIB_FEAT_ID=$10 AND UTYPE_CODE=$11)OR(LIB_FEAT_ID=$12 AND UTYPE_CODE=$13)OR(LIB_FEAT_ID=$14 AND UTYPE_CODE=$15)OR(LIB_FEAT_ID=$16 AND UTYPE_CODE=$17)OR(LIB_FEAT_ID=$18 AND UTYPE_CODE=$19)OR(LIB_FEAT_ID=$20 AND UTYPE_CODE=$21)OR(LIB_FEAT_ID=$22 AND UTYPE_CODE=$23)OR(LIB_FEAT_ID=$24 AND UTYPE_CODE=$25)OR(LIB_FEAT_ID=$26 AND UTYPE_CODE=$27)OR(LIB_FEAT_ID=$28 AND UTYPE_CODE=$29)OR(LIB_FEAT_ID=$30 AND UTYPE_CODE=$31)OR(LIB_FEAT_ID=$32 AND UTYPE_CODE=$33)OR(LIB_FEAT_ID=$34 AND UTYPE_CODE=$35)OR(LIB_FEAT_ID=$36 AND UTYPE_CODE=$37)OR(LIB_FEAT_ID=$38 AND UTYPE_CODE=$39)OR(LIB_FEAT_ID=$40 AND UTYPE_CODE=$41)OR(LIB_FEAT_ID=$42 AND UTYPE_CODE=$43)OR(LIB_FEAT_ID=$44 AND UTYPE_CODE=$45)OR(LIB_FEAT_ID=$46 AND UTYPE_CODE=$47)OR(LIB_FEAT_ID=$48 AND UTYPE_CODE=$49)),0,0,0,0,0,0,19256,363123.54987899854,0.059437000000000004,420.125429,18.857683313201004,38.364169634884966,451012,2319066,2958,0,0,0,0,0,0,0,0,137001.30450200007,0,0,0,0,0,0,0,0,0,0,0,0,0,0,0,0,0,0,2026-06-19 14:52:42.379143+00,2026-06-19 14:52:42.379143+00
16410,16412,t,813168665447920835,"INSERT INTO RES_FEAT_STAT(LIB_FEAT_ID,FTYPE_ID,NUM_RES_ENT,NUM_RES_ENT_OOM) VALUES ($1,$2,$3,$4),($5,$6,$7,$8),($9,$10,$11,$12),($13,$14,$15,$16),($17,$18,$19,$20),($21,$22,$23,$24),($25,$26,$27,$28),($29,$30,$31,$32),($33,$34,$35,$36),($37,$38,$39,$40),($41,$42,$43,$44),($45,$46,$47,$48),($49,$50,$51,$52),($53,$54,$55,$56),($57,$58,$59,$60),($61,$62,$63,$64),($65,$66,$67,$68),($69,$70,$71,$72),($73,$74,$75,$76),($77,$78,$79,$80),($81,$82,$83,$84),($85,$86,$87,$88),($89,$90,$91,$92),($93,$94,$95,$96) ON CONFLICT DO NOTHING",0,0,0,0,0,0,492039,11205211.849761697,0.207244,3272.894834,22.77301565477878,89.01715453623292,11808922,116532104,4233,0,104686,0,0,0,0,0,0,44099.144320999985,11527.029005999962,0,0,0,0,0,0,0,0,0,0,0,0,0,0,0,0,0,2026-06-19 14:52:39.557435+00,2026-06-19 14:52:39.557435+00
10,16384,t,-7279999791433004205,"DECLARE ""query-cursor_22"" SCROLL CURSOR FOR select queryid, left(query, $1), calls, (total_plan_time + total_exec_time) as total_time from aurora_stat_statements($2) order by calls desc limit $3 FOR READ ONLY",0,0,0,0,0,0,1,0.064115,0.064115,0.064115,0.064115,0,0,0,0,0,0,0,0,0,0,0,0,0,0,0,0,0,0,0,0,0,0,0,0,0,0,0,0,0,0,0,2026-06-19 13:10:27.66429+00,2026-06-19 13:10:27.66429+00
10,16384,t,3410160921995123678,"FETCH 21 IN ""query-cursor_188""",0,0,0,0,0,0,1,0.006206,0.006206,0.006206,0.006206,0,21,0,0,0,0,0,0,0,0,0,0,0,0,0,0,0,0,0,0,0,0,0,0,0,0,0,0,0,0,0,2026-06-19 16:56:28.155981+00,2026-06-19 16:56:28.155981+00
10,16384,t,372461125686850405,"DECLARE ""query-cursor_61"" SCROLL CURSOR FOR select queryid, left(query, $1), calls, (total_plan_time + total_exec_time) as total_time from aurora_stat_statements($2) order by calls desc limit $3 FOR READ ONLY",0,0,0,0,0,0,1,0.061577,0.061577,0.061577,0.061577,0,0,0,0,0,0,0,0,0,0,0,0,0,0,0,0,0,0,0,0,0,0,0,0,0,0,0,0,0,0,0,2026-06-19 13:49:27.667044+00,2026-06-19 13:49:27.667044+00
10,16384,t,6760720841208876617,"FETCH 17 IN ""query-cursor_211""",0,0,0,0,0,0,1,0.006523,0.006523,0.006523,0.006523,0,17,0,0,0,0,0,0,0,0,0,0,0,0,0,0,0,0,0,0,0,0,0,0,0,0,0,0,0,0,0,2026-06-19 17:42:27.770017+00,2026-06-19 17:42:27.770017+00
10,16384,t,-4485439686971416795,"SELECT COUNT(*) FILTER (WHERE DATALLOWCONN) DB_COUNT
, COUNT(*) FILTER (WHERE NOT DATALLOWCONN AND DATNAME<>$1) DB_COUNT_NOCONN
FROM PG_CATALOG.PG_DATABASE WHERE DATNAME<>$2",0,0,0,0,0,0,1,0.013635000000000001,0.013635000000000001,0.013635000000000001,0.013635000000000001,0,1,1,0,0,0,0,0,0,0,0,0,0,0,0,0,0,0,0,0,0,0,0,0,0,0,0,0,0,0,0,2026-06-19 13:45:00.056012+00,2026-06-19 13:45:00.056012+00
16410,16412,t,6379515399987094086,DELETE FROM RES_FEAT_EKEY WHERE RES_ENT_ID=$1 AND ((LIB_FEAT_ID=$2 AND UTYPE_CODE=$3)OR(LIB_FEAT_ID=$4 AND UTYPE_CODE=$5)OR(LIB_FEAT_ID=$6 AND UTYPE_CODE=$7)OR(LIB_FEAT_ID=$8 AND UTYPE_CODE=$9)OR(LIB_FEAT_ID=$10 AND UTYPE_CODE=$11)OR(LIB_FEAT_ID=$12 AND UTYPE_CODE=$13)OR(LIB_FEAT_ID=$14 AND UTYPE_CODE=$15)OR(LIB_FEAT_ID=$16 AND UTYPE_CODE=$17)OR(LIB_FEAT_ID=$18 AND UTYPE_CODE=$19)OR(LIB_FEAT_ID=$20 AND UTYPE_CODE=$21)OR(LIB_FEAT_ID=$22 AND UTYPE_CODE=$23)OR(LIB_FEAT_ID=$24 AND UTYPE_CODE=$25)OR(LIB_FEAT_ID=$26 AND UTYPE_CODE=$27)OR(LIB_FEAT_ID=$28 AND UTYPE_CODE=$29)),0,0,0,0,0,0,12303,168145.14447200022,0.037879,344.088257,13.667003533447144,31.249187479504368,169287,870823,2238,0,0,0,0,0,0,0,0,83703.88787300012,0,0,0,0,0,0,0,0,0,0,0,0,0,0,0,0,0,0,2026-06-19 14:53:28.48109+00,2026-06-19 14:53:28.48109+00
16410,16412,t,4649610827673170999,"SELECT LIB_FEAT_ID,FTYPE_ID,UTYPE_CODE,SUPPRESSED,OBS_ENT_CNT FROM RES_FEAT_EKEY WHERE RES_ENT_ID=$1 AND FTYPE_ID IN ($2)",0,0,0,0,0,0,20453584,2051509.876486938,0.003743,575.7042650000001,0.1003007529871996,1.0966205584190307,0,111863367,0,0,0,0,0,0,0,0,0,0,0,0,0,0,0,0,0,0,0,0,0,0,0,0,0,0,0,0,2026-06-19 14:52:42.132397+00,2026-06-19 14:52:42.132397+00
10,16384,t,-4815117158183864022,"MOVE -1575 IN ""query-cursor_158""",0,0,0,0,0,0,1,0.218434,0.218434,0.218434,0.218434,0,0,0,0,0,0,0,0,0,0,0,0,0,0,0,0,0,0,0,0,0,0,0,0,0,0,0,0,0,0,0,2026-06-19 15:52:28.407375+00,2026-06-19 15:52:28.407375+00
10,16384,t,-1767769003792057046,"DECLARE ""query-cursor_74"" SCROLL CURSOR FOR select queryid, left(query, $1), calls, (total_plan_time + total_exec_time) as total_time from aurora_stat_statements($2) order by calls desc limit $3 FOR READ ONLY",0,0,0,0,0,0,1,0.065383,0.065383,0.065383,0.065383,0,0,0,0,0,0,0,0,0,0,0,0,0,0,0,0,0,0,0,0,0,0,0,0,0,0,0,0,0,0,0,2026-06-19 14:02:27.668014+00,2026-06-19 14:02:27.668014+00
10,16384,t,3947053013087864119,"MOVE -351 IN ""query-cursor_38""",0,0,0,0,0,0,1,0.009019,0.009019,0.009019,0.009019,0,0,0,0,0,0,0,0,0,0,0,0,0,0,0,0,0,0,0,0,0,0,0,0,0,0,0,0,0,0,0,2026-06-19 13:26:27.666305+00,2026-06-19 13:26:27.666305+00
16410,16412,t,5971316311177016722,"SELECT RES_ENT_ID,LIB_FEAT_ID,FTYPE_ID,UTYPE_CODE,SUPPRESSED,OBS_ENT_CNT FROM RES_FEAT_EKEY WHERE RES_ENT_ID IN ($1,$2,$3,$4,$5,$6,$7,$8,$9,$10,$11,$12,$13,$14,$15,$16,$17,$18,$19,$20,$21,$22,$23,$24,$25,$26,$27,$28,$29,$30,$31,$32,$33,$34,$35,$36,$37,$38,$39,$40,$41,$42,$43,$44,$45,$46,$47,$48,$49,$50,$51,$52,$53,$54,$55,$56,$57,$58,$59,$60,$61,$62,$63,$64) AND FTYPE_ID IN ($65,$66,$67,$68,$69,$70,$71,$72,$73,$74,$75,$76,$77,$78)",0,0,0,0,0,0,1,49.72785,49.72785,49.72785,49.72785,0,626,181,4,0,0,0,0,0,0,0,0,33.680396,0,0,0,0,0,0,0,0,0,0,0,0,0,0,0,0,0,0,2026-06-19 17:56:29.972942+00,2026-06-19 17:56:29.972942+00
10,16384,t,1072856771855177721,"MOVE ALL IN ""query-cursor_130""",0,0,0,0,0,0,1,4.35714,4.35714,4.35714,4.35714,0,0,0,0,0,0,0,0,0,0,0,0,0,0,0,0,0,0,0,0,0,0,0,0,0,0,0,0,0,0,0,2026-06-19 14:58:27.676617+00,2026-06-19 14:58:27.676617+00
10,16384,t,-2004254804621051644,"DECLARE ""query-cursor_50"" SCROLL CURSOR FOR select queryid, left(query, $1), calls, (total_plan_time + total_exec_time) as total_time from aurora_stat_statements($2) order by calls desc limit $3 FOR READ ONLY",0,0,0,0,0,0,1,0.060796,0.060796,0.060796,0.060796,0,0,0,0,0,0,0,0,0,0,0,0,0,0,0,0,0,0,0,0,0,0,0,0,0,0,0,0,0,0,0,2026-06-19 13:38:27.666263+00,2026-06-19 13:38:27.666263+00
16410,16412,t,2788628345494468800,"SELECT CODE_TYPE,CODE,CODE_ID FROM SYS_CODES_USED WHERE CODE_TYPE=$1",0,0,0,0,0,0,250,9.401772000000001,0.002215,0.11314600000000001,0.037607088000000004,0.023125907024812157,2499,502,0,0,0,0,0,0,0,0,0,0,0,0,0,0,0,0,0,0,0,0,0,0,0,0,0,0,0,0,2026-06-19 12:53:04.448677+00,2026-06-19 12:53:04.448677+00
10,16384,t,-5227578968984725450,"FETCH 0 IN ""query-cursor_131""",0,0,0,0,0,0,1,0.009513,0.009513,0.009513,0.009513,0,0,0,0,0,0,0,0,0,0,0,0,0,0,0,0,0,0,0,0,0,0,0,0,0,0,0,0,0,0,0,2026-06-19 14:59:27.682613+00,2026-06-19 14:59:27.682613+00
16410,16412,t,645191576170137278,DELETE FROM RES_FEAT_EKEY WHERE RES_ENT_ID=$1 AND ((LIB_FEAT_ID=$2 AND UTYPE_CODE=$3)OR(LIB_FEAT_ID=$4 AND UTYPE_CODE=$5)OR(LIB_FEAT_ID=$6 AND UTYPE_CODE=$7)OR(LIB_FEAT_ID=$8 AND UTYPE_CODE=$9)OR(LIB_FEAT_ID=$10 AND UTYPE_CODE=$11)OR(LIB_FEAT_ID=$12 AND UTYPE_CODE=$13)OR(LIB_FEAT_ID=$14 AND UTYPE_CODE=$15)OR(LIB_FEAT_ID=$16 AND UTYPE_CODE=$17)OR(LIB_FEAT_ID=$18 AND UTYPE_CODE=$19)OR(LIB_FEAT_ID=$20 AND UTYPE_CODE=$21)OR(LIB_FEAT_ID=$22 AND UTYPE_CODE=$23)OR(LIB_FEAT_ID=$24 AND UTYPE_CODE=$25)OR(LIB_FEAT_ID=$26 AND UTYPE_CODE=$27)OR(LIB_FEAT_ID=$28 AND UTYPE_CODE=$29)OR(LIB_FEAT_ID=$30 AND UTYPE_CODE=$31)OR(LIB_FEAT_ID=$32 AND UTYPE_CODE=$33)OR(LIB_FEAT_ID=$34 AND UTYPE_CODE=$35)OR(LIB_FEAT_ID=$36 AND UTYPE_CODE=$37)OR(LIB_FEAT_ID=$38 AND UTYPE_CODE=$39)OR(LIB_FEAT_ID=$40 AND UTYPE_CODE=$41)OR(LIB_FEAT_ID=$42 AND UTYPE_CODE=$43)OR(LIB_FEAT_ID=$44 AND UTYPE_CODE=$45)OR(LIB_FEAT_ID=$46 AND UTYPE_CODE=$47)),0,0,0,0,0,0,21645,398975.83521700226,0.071068,492.730821,18.432702019727525,37.36559440164146,488946,2503279,3237,0,0,0,0,0,0,0,0,145307.2915699998,0,0,0,0,0,0,0,0,0,0,0,0,0,0,0,0,0,0,2026-06-19 14:52:45.150777+00,2026-06-19 14:52:45.150777+00
10,16384,t,8827346668941629515,"FETCH 22 IN ""query-cursor_244""",0,0,0,0,0,0,1,0.008397,0.008397,0.008397,0.008397,0,22,0,0,0,0,0,0,0,0,0,0,0,0,0,0,0,0,0,0,0,0,0,0,0,0,0,0,0,0,0,2026-06-19 18:45:27.885809+00,2026-06-19 18:45:27.885809+00
10,16384,t,8571521834025027921,"MOVE ALL IN ""query-cursor_197""",0,0,0,0,0,0,1,8.797601,8.797601,8.797601,8.797601,0,0,0,0,0,0,0,0,0,0,0,0,0,0,0,0,0,0,0,0,0,0,0,0,0,0,0,0,0,0,0,2026-06-19 17:14:28.132233+00,2026-06-19 17:14:28.132233+00
16410,16412,t,2758416697784876263,"SELECT OBS_ENT_ID,RES_ENT_ID FROM RES_ENT_OKEY WHERE OBS_ENT_ID IN ($1)",0,0,0,0,0,0,45757088,6467408.9614665555,0.002599,653.735817,0.14134223229997844,3.0618296664794125,20757065,176625237,287181,0,0,0,0,0,0,0,0,4292717.490171025,0,0,0,0,0,0,0,0,0,0,0,0,0,0,0,0,0,0,2026-06-19 14:52:39.50301+00,2026-06-19 14:52:39.50301+00
10,16384,t,2200660861531960782,"FETCH 50 IN ""query-cursor_180""",0,0,0,0,0,0,34,0.5501699999999999,0.008831,0.040068,0.016181470588235294,0.006339977673162089,1700,0,0,0,0,0,0,0,0,0,0,0,0,0,0,0,0,0,0,0,0,0,0,0,0,0,0,0,0,0,2026-06-19 16:40:27.910548+00,2026-06-19 16:40:27.910548+00
10,16384,t,3580296706002701053,"MOVE -242 IN ""query-cursor_20""",0,0,0,0,0,0,1,0.006809,0.006809,0.006809,0.006809,0,0,0,0,0,0,0,0,0,0,0,0,0,0,0,0,0,0,0,0,0,0,0,0,0,0,0,0,0,0,0,2026-06-19 13:08:27.664791+00,2026-06-19 13:08:27.664791+00
10,16384,t,-4642637571412840034,"FETCH 50 IN ""query-cursor_113""",0,0,0,0,0,0,16,0.049812,0.002673,0.005327,0.00311325,0.0006075111624488886,800,0,0,0,0,0,0,0,0,0,0,0,0,0,0,0,0,0,0,0,0,0,0,0,0,0,0,0,0,0,2026-06-19 14:41:27.67269+00,2026-06-19 14:41:27.67269+00
10,16384,t,-5850875200163805650,"MOVE ALL IN ""query-cursor_19""",0,0,0,0,0,0,1,0.495712,0.495712,0.495712,0.495712,0,0,0,0,0,0,0,0,0,0,0,0,0,0,0,0,0,0,0,0,0,0,0,0,0,0,0,0,0,0,0,2026-06-19 13:07:27.664642+00,2026-06-19 13:07:27.664642+00
10,16384,t,4284499621287142479,"MOVE ALL IN ""query-cursor_243""",0,0,0,0,0,0,1,30.273112,30.273112,30.273112,30.273112,0,0,0,0,0,0,0,0,0,0,0,0,0,0,0,0,0,0,0,0,0,0,0,0,0,0,0,0,0,0,0,2026-06-19 18:43:27.93117+00,2026-06-19 18:43:27.93117+00
16410,16412,t,-7163447121512111627,"SELECT RES_ENT_ID,LIB_FEAT_ID,FTYPE_ID,UTYPE_CODE,SUPPRESSED,OBS_ENT_CNT FROM RES_FEAT_EKEY WHERE RES_ENT_ID IN ($1,$2) AND FTYPE_ID IN ($3,$4,$5,$6,$7,$8,$9,$10,$11)",0,0,0,0,0,0,10041,18504.286226000004,0.025882000000000002,318.20034499999997,1.842872843939847,12.106291819214869,271477,110157,796,0,0,0,0,0,0,0,0,15483.463735999994,0,0,0,0,0,0,0,0,0,0,0,0,0,0,0,0,0,0,2026-06-19 14:53:00.211758+00,2026-06-19 14:53:00.211758+00
16410,16412,t,-1483320226612388117,"SELECT LIB_FEAT_ID,NUM_RES_ENT,NUM_RES_ENT_OOM,CANDIDATE_CAP_REACHED,SCORING_CAP_REACHED FROM RES_FEAT_STAT WHERE LIB_FEAT_ID IN ($1,$2,$3,$4,$5,$6,$7,$8,$9,$10,$11,$12,$13,$14,$15,$16,$17,$18,$19,$20,$21,$22,$23,$24,$25,$26,$27,$28,$29,$30,$31,$32,$33,$34,$35,$36,$37,$38,$39,$40,$41,$42,$43,$44,$45,$46,$47,$48,$49,$50,$51,$52,$53,$54,$55,$56,$57,$58,$59,$60,$61,$62,$63,$64)",0,0,0,0,0,0,7988906,10790905.208034977,0.02152,667.0545639999999,1.3507362845469677,8.222406348146597,326882026,373711541,551433,0,0,0,0,0,0,0,0,5805562.132300917,0,0,0,0,0,0,0,0,0,0,0,0,0,0,0,0,0,0,2026-06-19 14:52:40.379455+00,2026-06-19 14:52:40.379455+00
16410,16412,t,-2272338111442569863,DELETE FROM RES_FEAT_EKEY WHERE RES_ENT_ID=$1 AND ((LIB_FEAT_ID=$2 AND UTYPE_CODE=$3)OR(LIB_FEAT_ID=$4 AND UTYPE_CODE=$5)OR(LIB_FEAT_ID=$6 AND UTYPE_CODE=$7)OR(LIB_FEAT_ID=$8 AND UTYPE_CODE=$9)OR(LIB_FEAT_ID=$10 AND UTYPE_CODE=$11)OR(LIB_FEAT_ID=$12 AND UTYPE_CODE=$13)OR(LIB_FEAT_ID=$14 AND UTYPE_CODE=$15)OR(LIB_FEAT_ID=$16 AND UTYPE_CODE=$17)OR(LIB_FEAT_ID=$18 AND UTYPE_CODE=$19)OR(LIB_FEAT_ID=$20 AND UTYPE_CODE=$21)OR(LIB_FEAT_ID=$22 AND UTYPE_CODE=$23)OR(LIB_FEAT_ID=$24 AND UTYPE_CODE=$25)OR(LIB_FEAT_ID=$26 AND UTYPE_CODE=$27)OR(LIB_FEAT_ID=$28 AND UTYPE_CODE=$29)OR(LIB_FEAT_ID=$30 AND UTYPE_CODE=$31)OR(LIB_FEAT_ID=$32 AND UTYPE_CODE=$33)OR(LIB_FEAT_ID=$34 AND UTYPE_CODE=$35)OR(LIB_FEAT_ID=$36 AND UTYPE_CODE=$37)),0,0,0,0,0,0,24374,383195.59991899924,0.03768,870.717821,15.721490109091624,33.85113064897648,433244,2214132,3853,0,0,0,0,0,0,0,0,158452.56407699987,0,0,0,0,0,0,0,0,0,0,0,0,0,0,0,0,0,0,2026-06-19 14:53:14.056879+00,2026-06-19 14:53:14.056879+00
10,16384,t,4474156388312836154,"FETCH 0 IN ""query-cursor_127""",0,0,0,0,0,0,1,0.003507,0.003507,0.003507,0.003507,0,0,0,0,0,0,0,0,0,0,0,0,0,0,0,0,0,0,0,0,0,0,0,0,0,0,0,0,0,0,0,2026-06-19 14:55:27.671781+00,2026-06-19 14:55:27.671781+00
10,16384,t,-6644335007155970359,"FETCH 50 IN ""query-cursor_160""",0,0,0,0,0,0,31,0.4842469999999999,0.008136,0.032477,0.015620870967741934,0.005627434760470413,1550,0,0,0,0,0,0,0,0,0,0,0,0,0,0,0,0,0,0,0,0,0,0,0,0,0,0,0,0,0,2026-06-19 15:56:27.930243+00,2026-06-19 15:56:27.930243+00
10,16384,t,3743062679117740455,"MOVE ALL IN ""query-cursor_50""",0,0,0,0,0,0,1,0.970481,0.970481,0.970481,0.970481,0,0,0,0,0,0,0,0,0,0,0,0,0,0,0,0,0,0,0,0,0,0,0,0,0,0,0,0,0,0,0,2026-06-19 13:38:27.667324+00,2026-06-19 13:38:27.667324+00
16410,16412,t,-9004821260994734050,"SELECT RES_ENT_ID,LIB_FEAT_ID,FTYPE_ID,UTYPE_CODE,SUPPRESSED,OBS_ENT_CNT FROM RES_FEAT_EKEY WHERE RES_ENT_ID IN ($1,$2,$3,$4,$5,$6,$7,$8,$9,$10,$11,$12,$13,$14,$15,$16,$17,$18,$19,$20,$21,$22,$23,$24,$25,$26,$27,$28,$29,$30,$31,$32,$33,$34,$35,$36,$37,$38,$39,$40,$41,$42,$43,$44,$45,$46,$47,$48,$49,$50,$51,$52,$53,$54,$55,$56,$57,$58,$59,$60,$61,$62,$63,$64) AND FTYPE_ID IN ($65,$66,$67,$68,$69,$70,$71,$72,$73,$74,$75,$76,$77)",0,0,0,0,0,0,4,175.18629299999998,1.4199169999999999,71.75553599999999,43.796573249999994,29.0668291891403,3335,817,8,0,0,0,0,0,0,0,0,169.318139,0,0,0,0,0,0,0,0,0,0,0,0,0,0,0,0,0,0,2026-06-19 17:06:45.589621+00,2026-06-19 17:06:45.589621+00
10,16384,t,-6870420558225156094,"FETCH 22 IN ""query-cursor_4""",0,0,0,0,0,0,1,0.002989,0.002989,0.002989,0.002989,0,22,0,0,0,0,0,0,0,0,0,0,0,0,0,0,0,0,0,0,0,0,0,0,0,0,0,0,0,0,0,2026-06-19 12:52:27.663869+00,2026-06-19 12:52:27.663869+00
16410,16412,t,-8406495899927503950,"SELECT RES_ENT_ID,LIB_FEAT_ID,FTYPE_ID,UTYPE_CODE,SUPPRESSED,OBS_ENT_CNT FROM RES_FEAT_EKEY WHERE RES_ENT_ID IN ($1,$2) AND FTYPE_ID IN ($3,$4,$5,$6,$7,$8,$9,$10,$11,$12,$13,$14)",0,0,0,0,0,0,137697,205960.6739670001,0.027025999999999998,398.290412,1.49575280483235,10.410465546271224,4641066,1493161,8599,0,0,0,0,0,0,0,0,166796.71233400056,0,0,0,0,0,0,0,0,0,0,0,0,0,0,0,0,0,0,2026-06-19 14:52:40.951939+00,2026-06-19 14:52:40.951939+00
10,16384,t,703387106632554877,"FETCH 39 IN ""query-cursor_231""",0,0,0,0,0,0,1,0.007978,0.007978,0.007978,0.007978,0,39,0,0,0,0,0,0,0,0,0,0,0,0,0,0,0,0,0,0,0,0,0,0,0,0,0,0,0,0,0,2026-06-19 18:22:27.710784+00,2026-06-19 18:22:27.710784+00
10,16384,t,1737913350312042741,"FETCH 50 IN ""query-cursor_240""",0,0,0,0,0,0,41,0.637501,0.009567,0.044693,0.01554880487804878,0.006814728093351757,2050,0,0,0,0,0,0,0,0,0,0,0,0,0,0,0,0,0,0,0,0,0,0,0,0,0,0,0,0,0,2026-06-19 18:37:27.72608+00,2026-06-19 18:37:27.72608+00
16410,16412,t,-6020702859049655256,"SELECT LIB_FEAT_ID,UTYPE_CODE,RES_ENT_ID,OBS_ENT_CNT FROM RES_FEAT_EKEY WHERE LIB_FEAT_ID IN ($1,$2) AND RES_ENT_ID!=$3",0,0,0,0,0,0,2873,7679.017151000012,0.007003,310.465849,2.6728218416289633,13.840912892860686,2346,15462,484,0,0,0,0,0,0,0,0,5029.619830000005,0,0,0,0,0,0,0,0,0,0,0,0,0,0,0,0,0,0,2026-06-19 14:52:42.524359+00,2026-06-19 14:52:42.524359+00
10,16384,t,-1826937227802406439,"MOVE -712 IN ""query-cursor_95""",0,0,0,0,0,0,1,0.015018,0.015018,0.015018,0.015018,0,0,0,0,0,0,0,0,0,0,0,0,0,0,0,0,0,0,0,0,0,0,0,0,0,0,0,0,0,0,0,2026-06-19 14:23:27.671223+00,2026-06-19 14:23:27.671223+00
10,16384,t,6324614696772710390,"DECLARE ""query-cursor_141"" SCROLL CURSOR FOR select queryid, left(query, $1), calls, (total_plan_time + total_exec_time) as total_time from aurora_stat_statements($2) order by calls desc limit $3 FOR READ ONLY",0,0,0,0,0,0,1,0.078646,0.078646,0.078646,0.078646,0,0,0,0,0,0,0,0,0,0,0,0,0,0,0,0,0,0,0,0,0,0,0,0,0,0,0,0,0,0,0,2026-06-19 15:18:27.692682+00,2026-06-19 15:18:27.692682+00
10,16384,t,3483630397390563004,"MOVE ALL IN ""query-cursor_55""",0,0,0,0,0,0,1,0.972802,0.972802,0.972802,0.972802,0,0,0,0,0,0,0,0,0,0,0,0,0,0,0,0,0,0,0,0,0,0,0,0,0,0,0,0,0,0,0,2026-06-19 13:43:27.667654+00,2026-06-19 13:43:27.667654+00
16410,16412,t,-6392102736463943507,"COPY  ( SELECT match_key, count ( * ) FROM res_ent_okey GROUP BY match_key ORDER BY 2 DESC ) TO STDOUT WITH CSV HEADER",0,0,0,0,0,0,1,8769.138049,8769.138049,8769.138049,8769.138049,0,930,174797,201,0,0,0,0,0,0,49077,49220,197.293339,0,0,0,74.665855,142.084443,0,0,0,0,0,0,0,0,0,0,0,0,0,2026-06-19 19:04:01.018558+00,2026-06-19 19:04:01.018558+00
10,16384,t,-4414373148428996984,"MOVE -1629 IN ""query-cursor_166""",0,0,0,0,0,0,1,0.222433,0.222433,0.222433,0.222433,0,0,0,0,0,0,0,0,0,0,0,0,0,0,0,0,0,0,0,0,0,0,0,0,0,0,0,0,0,0,0,2026-06-19 16:08:27.999309+00,2026-06-19 16:08:27.999309+00
10,16384,t,7892838506986507863,"SELECT COALESCE((pg_current_wal_lsn() - restart_lsn), $1) AS lsn_distance FROM pg_catalog.pg_replication_slots ORDER BY lsn_distance DESC LIMIT $2",0,0,0,0,0,0,376,5.039249999999999,0.00756,0.096166,0.01340226063829787,0.006032928797321997,0,6,0,0,0,0,0,0,0,0,0,0,0,0,0,0,0,0,0,0,0,0,0,0,0,0,0,0,0,0,2026-06-19 12:48:52.362613+00,2026-06-19 12:48:52.362613+00
10,16384,t,-3922721255809696906,"FETCH 11 IN ""query-cursor_120""",0,0,0,0,0,0,1,0.002009,0.002009,0.002009,0.002009,0,11,0,0,0,0,0,0,0,0,0,0,0,0,0,0,0,0,0,0,0,0,0,0,0,0,0,0,0,0,0,2026-06-19 14:48:27.676186+00,2026-06-19 14:48:27.676186+00
16410,16412,t,-3646117030169076453,"SELECT RES_ENT_ID,LIB_FEAT_ID,FTYPE_ID,UTYPE_CODE,SUPPRESSED,OBS_ENT_CNT FROM RES_FEAT_EKEY WHERE RES_ENT_ID IN ($1,$2) AND FTYPE_ID IN ($3,$4,$5,$6,$7,$8,$9,$10,$11,$12,$13,$14,$15,$16)",0,0,0,0,0,0,335945,476811.9981289997,0.025866,485.663346,1.4193156562205114,10.283144131185944,12765761,3640932,19326,0,0,0,0,0,0,0,0,379405.0476680001,0,0,0,0,0,0,0,0,0,0,0,0,0,0,0,0,0,0,2026-06-19 14:52:40.7704+00,2026-06-19 14:52:40.7704+00
10,16384,t,8805089825907234480,"ALTER ROLE rdsadmin IN DATABASE rdsadmin SET search_path = $1,$2",0,0,0,0,0,0,1,0.056695,0.056695,0.056695,0.056695,0,0,5,0,0,0,0,0,0,0,0,0,0,0,0,0,0,0,0,0,0,0,0,0,0,0,0,0,0,0,0,2026-06-19 12:50:18.020941+00,2026-06-19 12:50:18.020941+00
16410,16412,t,1066745420934436780,"SELECT RES_ENT_ID,LIB_FEAT_ID,FTYPE_ID,UTYPE_CODE,SUPPRESSED,OBS_ENT_CNT FROM RES_FEAT_EKEY WHERE RES_ENT_ID IN ($1,$2,$3,$4,$5,$6,$7,$8,$9,$10,$11,$12,$13,$14,$15,$16,$17,$18,$19,$20,$21,$22,$23,$24,$25,$26,$27,$28,$29,$30,$31,$32,$33,$34,$35,$36,$37,$38,$39,$40,$41,$42,$43,$44,$45,$46,$47,$48,$49,$50,$51,$52,$53,$54,$55,$56,$57,$58,$59,$60,$61,$62,$63,$64) AND FTYPE_ID IN ($65,$66,$67,$68,$69,$70,$71,$72,$73,$74,$75,$76,$77,$78,$79,$80)",0,0,0,0,0,0,8,206.967169,1.33416,86.064216,25.870896125,26.47319025869227,7892,1639,26,0,0,0,0,0,0,0,0,164.39247799999998,0,0,0,0,0,0,0,0,0,0,0,0,0,0,0,0,0,0,2026-06-19 17:19:53.037755+00,2026-06-19 17:19:53.037755+00
10,16384,t,-7791054973719832893,"FETCH 0 IN ""query-cursor_128""",0,0,0,0,0,0,1,0.002863,0.002863,0.002863,0.002863,0,0,0,0,0,0,0,0,0,0,0,0,0,0,0,0,0,0,0,0,0,0,0,0,0,0,0,0,0,0,0,2026-06-19 14:56:27.671843+00,2026-06-19 14:56:27.671843+00
10,16384,t,8886569308969711255,"select coalesce(greatest((select max(nullif(age(feedback_xmin::text::xid),$1)) as oldest_reader_feedback_xid_age from aurora_replica_status() ), (select max(nullif(age(feedback_xmin::text::xid),$2)) as oldest_globaldb_reader_feedback_xid_age from aurora_global_db_status()) ),$3) as oldest_reader_feedback_xid_age",0,0,0,0,0,0,255,146.87085999999988,0.018987999999999998,112.54368,0.5759641568627446,7.18333456734622,255,0,0,0,0,0,0,0,0,0,0,0,0,0,0,0,0,0,0,0,0,0,0,0,0,0,0,0,0,0,2026-06-19 12:49:27.236802+00,2026-06-19 12:49:27.236802+00
10,16384,t,2212093126975707074,"MOVE ALL IN ""query-cursor_131""",0,0,0,0,0,0,1,6.036689,6.036689,6.036689,6.036689,0,0,0,0,0,0,0,0,0,0,0,0,0,0,0,0,0,0,0,0,0,0,0,0,0,0,0,0,0,0,0,2026-06-19 14:59:27.688942+00,2026-06-19 14:59:27.688942+00
10,16384,t,-3555620310662297861,"DECLARE ""query-cursor_167"" SCROLL CURSOR FOR select queryid, left(query, $1), calls, (total_plan_time + total_exec_time) as total_time from aurora_stat_statements($2) order by calls desc limit $3 FOR READ ONLY",0,0,0,0,0,0,1,0.075428,0.075428,0.075428,0.075428,0,0,0,0,0,0,0,0,0,0,0,0,0,0,0,0,0,0,0,0,0,0,0,0,0,0,0,0,0,0,0,2026-06-19 16:10:27.911391+00,2026-06-19 16:10:27.911391+00
10,16384,t,521363409658793437,"DECLARE ""query-cursor_154"" SCROLL CURSOR FOR select queryid, left(query, $1), calls, (total_plan_time + total_exec_time) as total_time from aurora_stat_statements($2) order by calls desc limit $3 FOR READ ONLY",0,0,0,0,0,0,1,0.072592,0.072592,0.072592,0.072592,0,0,0,0,0,0,0,0,0,0,0,0,0,0,0,0,0,0,0,0,0,0,0,0,0,0,0,0,0,0,0,2026-06-19 15:44:27.68215+00,2026-06-19 15:44:27.68215+00
10,16384,t,2295827983442299676,"DECLARE ""query-cursor_27"" SCROLL CURSOR FOR select queryid, left(query, $1), calls, (total_plan_time + total_exec_time) as total_time from aurora_stat_statements($2) order by calls desc limit $3 FOR READ ONLY",0,0,0,0,0,0,1,0.062801,0.062801,0.062801,0.062801,0,0,0,0,0,0,0,0,0,0,0,0,0,0,0,0,0,0,0,0,0,0,0,0,0,0,0,0,0,0,0,2026-06-19 13:15:27.664636+00,2026-06-19 13:15:27.664636+00
16410,16412,t,-17477228168809606,DELETE FROM RES_FEAT_EKEY WHERE RES_ENT_ID=$1 AND ((LIB_FEAT_ID=$2 AND UTYPE_CODE=$3)OR(LIB_FEAT_ID=$4 AND UTYPE_CODE=$5)OR(LIB_FEAT_ID=$6 AND UTYPE_CODE=$7)OR(LIB_FEAT_ID=$8 AND UTYPE_CODE=$9)OR(LIB_FEAT_ID=$10 AND UTYPE_CODE=$11)OR(LIB_FEAT_ID=$12 AND UTYPE_CODE=$13)OR(LIB_FEAT_ID=$14 AND UTYPE_CODE=$15)OR(LIB_FEAT_ID=$16 AND UTYPE_CODE=$17)OR(LIB_FEAT_ID=$18 AND UTYPE_CODE=$19)OR(LIB_FEAT_ID=$20 AND UTYPE_CODE=$21)OR(LIB_FEAT_ID=$22 AND UTYPE_CODE=$23)OR(LIB_FEAT_ID=$24 AND UTYPE_CODE=$25)OR(LIB_FEAT_ID=$26 AND UTYPE_CODE=$27)OR(LIB_FEAT_ID=$28 AND UTYPE_CODE=$29)OR(LIB_FEAT_ID=$30 AND UTYPE_CODE=$31)OR(LIB_FEAT_ID=$32 AND UTYPE_CODE=$33)OR(LIB_FEAT_ID=$34 AND UTYPE_CODE=$35)OR(LIB_FEAT_ID=$36 AND UTYPE_CODE=$37)OR(LIB_FEAT_ID=$38 AND UTYPE_CODE=$39)OR(LIB_FEAT_ID=$40 AND UTYPE_CODE=$41)OR(LIB_FEAT_ID=$42 AND UTYPE_CODE=$43)OR(LIB_FEAT_ID=$44 AND UTYPE_CODE=$45)OR(LIB_FEAT_ID=$46 AND UTYPE_CODE=$47)OR(LIB_FEAT_ID=$48 AND UTYPE_CODE=$49)OR(LIB_FEAT_ID=$50 AND UTYPE_CODE=$51)OR(LIB_FEAT_ID=$52 AND UTYPE_CODE=$53)OR(LIB_FEAT_ID=$54 AND UTYPE_CODE=$55)OR(LIB_FEAT_ID=$56 AND UTYPE_CODE=$57)OR(LIB_FEAT_ID=$58 AND UTYPE_CODE=$59)OR(LIB_FEAT_ID=$60 AND UTYPE_CODE=$61)OR(LIB_FEAT_ID=$62 AND UTYPE_CODE=$63)OR(LIB_FEAT_ID=$64 AND UTYPE_CODE=$65)OR(LIB_FEAT_ID=$66 AND UTYPE_CODE=$67)OR(LIB_FEAT_ID=$68 AND UTYPE_CODE=$69)),0,0,0,0,0,0,6655,200040.4704489992,0.009941,810.103565,30.058673245529558,54.90533527612106,159167,1036599,2340,0,0,0,0,0,0,0,0,114746.86512600002,0,0,0,0,0,0,0,0,0,0,0,0,0,0,0,0,0,0,2026-06-19 14:53:46.115451+00,2026-06-19 14:53:46.115451+00
10,16384,t,-7137695162446687058,"MOVE -1596 IN ""query-cursor_161""",0,0,0,0,0,0,1,0.29461,0.29461,0.29461,0.29461,0,0,0,0,0,0,0,0,0,0,0,0,0,0,0,0,0,0,0,0,0,0,0,0,0,0,0,0,0,0,0,2026-06-19 15:58:27.866353+00,2026-06-19 15:58:27.866353+00
10,16384,t,418031036167189022,"MOVE -2060 IN ""query-cursor_234""",0,0,0,0,0,0,1,0.059289,0.059289,0.059289,0.059289,0,0,0,0,0,0,0,0,0,0,0,0,0,0,0,0,0,0,0,0,0,0,0,0,0,0,0,0,0,0,0,2026-06-19 18:27:27.688131+00,2026-06-19 18:27:27.688131+00
10,16384,t,2222250046813421568,"FETCH 0 IN ""query-cursor_76""",0,0,0,0,0,0,1,0.003281,0.003281,0.003281,0.003281,0,0,0,0,0,0,0,0,0,0,0,0,0,0,0,0,0,0,0,0,0,0,0,0,0,0,0,0,0,0,0,2026-06-19 14:04:27.668124+00,2026-06-19 14:04:27.668124+00
10,16384,t,-1017377441618079716,"FETCH 0 IN ""query-cursor_32""",0,0,0,0,0,0,1,0.00376,0.00376,0.00376,0.00376,0,0,0,0,0,0,0,0,0,0,0,0,0,0,0,0,0,0,0,0,0,0,0,0,0,0,0,0,0,0,0,2026-06-19 13:20:27.665014+00,2026-06-19 13:20:27.665014+00
10,16384,t,-7397092157520077373,"FETCH 45 IN ""query-cursor_142""",0,0,0,0,0,0,1,0.022419,0.022419,0.022419,0.022419,0,45,0,0,0,0,0,0,0,0,0,0,0,0,0,0,0,0,0,0,0,0,0,0,0,0,0,0,0,0,0,2026-06-19 15:20:27.773972+00,2026-06-19 15:20:27.773972+00
10,16384,t,-4485723807181395287,"MOVE -1961 IN ""query-cursor_218""",0,0,0,0,0,0,1,0.155117,0.155117,0.155117,0.155117,0,0,0,0,0,0,0,0,0,0,0,0,0,0,0,0,0,0,0,0,0,0,0,0,0,0,0,0,0,0,0,2026-06-19 17:56:27.739893+00,2026-06-19 17:56:27.739893+00
10,16384,t,5362201760862170913,"FETCH 50 IN ""query-cursor_129""",0,0,0,0,0,0,26,0.24490900000000004,0.00648,0.014576,0.009419576923076925,0.00224633217581079,1300,0,0,0,0,0,0,0,0,0,0,0,0,0,0,0,0,0,0,0,0,0,0,0,0,0,0,0,0,0,2026-06-19 14:57:27.677254+00,2026-06-19 14:57:27.677254+00
10,16384,t,-6879799411644435739,"FETCH 29 IN ""query-cursor_98""",0,0,0,0,0,0,1,0.002408,0.002408,0.002408,0.002408,0,29,0,0,0,0,0,0,0,0,0,0,0,0,0,0,0,0,0,0,0,0,0,0,0,0,0,0,0,0,0,2026-06-19 14:26:27.673813+00,2026-06-19 14:26:27.673813+00
16410,16412,t,3504793455589934617,"INSERT INTO RES_FEAT_STAT(LIB_FEAT_ID,FTYPE_ID,NUM_RES_ENT,NUM_RES_ENT_OOM) VALUES ($1,$2,$3,$4),($5,$6,$7,$8),($9,$10,$11,$12),($13,$14,$15,$16),($17,$18,$19,$20),($21,$22,$23,$24),($25,$26,$27,$28),($29,$30,$31,$32),($33,$34,$35,$36),($37,$38,$39,$40),($41,$42,$43,$44),($45,$46,$47,$48),($49,$50,$51,$52),($53,$54,$55,$56),($57,$58,$59,$60),($61,$62,$63,$64),($65,$66,$67,$68),($69,$70,$71,$72),($73,$74,$75,$76),($77,$78,$79,$80),($81,$82,$83,$84),($85,$86,$87,$88),($89,$90,$91,$92) ON CONFLICT DO NOTHING",0,0,0,0,0,0,664448,14722521.329082495,0.205671,3238.984854,22.157522227597184,86.95616373317725,15282277,150699195,5403,0,145944,0,0,0,0,0,0,60506.45185100005,13597.836638999983,0,0,0,0,0,0,0,0,0,0,0,0,0,0,0,0,0,2026-06-19 14:52:39.534677+00,2026-06-19 14:52:39.534677+00
10,16384,t,2787260124305215276,"FETCH 50 IN ""query-cursor_12""",0,0,0,0,0,0,3,0.011756999999999998,0.003385,0.004964,0.003919,0.0007389862425422182,150,0,0,0,0,0,0,0,0,0,0,0,0,0,0,0,0,0,0,0,0,0,0,0,0,0,0,0,0,0,2026-06-19 13:00:27.664325+00,2026-06-19 13:00:27.664325+00
10,16384,t,-5846308806197707044,"FETCH 50 IN ""query-cursor_195""",0,0,0,0,0,0,36,0.6467989999999999,0.009694,0.038913,0.017966638888888886,0.008395026309113622,1800,0,0,0,0,0,0,0,0,0,0,0,0,0,0,0,0,0,0,0,0,0,0,0,0,0,0,0,0,0,2026-06-19 17:10:28.15271+00,2026-06-19 17:10:28.15271+00
10,16384,t,7232291882837367564,"MOVE ALL IN ""query-cursor_158""",0,0,0,0,0,0,1,146.685563,146.685563,146.685563,146.685563,0,0,0,0,0,0,0,0,0,0,0,0,0,0,0,0,0,0,0,0,0,0,0,0,0,0,0,0,0,0,0,2026-06-19 15:52:28.254622+00,2026-06-19 15:52:28.254622+00
10,16384,t,7124227752837129578,"DECLARE ""query-cursor_142"" SCROLL CURSOR FOR select queryid, left(query, $1), calls, (total_plan_time + total_exec_time) as total_time from aurora_stat_statements($2) order by calls desc limit $3 FOR READ ONLY",0,0,0,0,0,0,1,0.086621,0.086621,0.086621,0.086621,0,0,0,0,0,0,0,0,0,0,0,0,0,0,0,0,0,0,0,0,0,0,0,0,0,0,0,0,0,0,0,2026-06-19 15:20:27.731726+00,2026-06-19 15:20:27.731726+00
16410,16412,t,-5603791379536428095,"SELECT RES_ENT_ID,LIB_FEAT_ID,FTYPE_ID,UTYPE_CODE,SUPPRESSED,OBS_ENT_CNT FROM RES_FEAT_EKEY WHERE RES_ENT_ID IN ($1) AND FTYPE_ID IN ($2,$3,$4,$5,$6,$7,$8,$9,$10,$11,$12,$13,$14,$15,$16,$17,$18,$19,$20,$21,$22,$23,$24,$25,$26,$27,$28,$29,$30,$31,$32,$33,$34,$35,$36,$37,$38,$39,$40,$41,$42,$43,$44,$45,$46,$47,$48,$49,$50,$51,$52,$53,$54,$55,$56,$57,$58,$59,$60)",0,0,0,0,0,0,327133,41019.96800300088,0.006071,74.146235,0.12539232667753142,1.4956419088643402,2027409,1757373,0,0,0,0,0,0,0,0,0,0,0,0,0,0,0,0,0,0,0,0,0,0,0,0,0,0,0,0,2026-06-19 14:53:14.046437+00,2026-06-19 14:53:14.046437+00
10,16384,t,7305591029231858815,"FETCH 50 IN ""query-cursor_110""",0,0,0,0,0,0,16,0.048143000000000005,0.002718,0.004734,0.0030089375000000003,0.0004667612436714837,800,0,0,0,0,0,0,0,0,0,0,0,0,0,0,0,0,0,0,0,0,0,0,0,0,0,0,0,0,0,2026-06-19 14:38:27.672464+00,2026-06-19 14:38:27.672464+00
10,16384,t,6484570595614508189,"FETCH 0 IN ""query-cursor_17""",0,0,0,0,0,0,1,0.004444,0.004444,0.004444,0.004444,0,0,0,0,0,0,0,0,0,0,0,0,0,0,0,0,0,0,0,0,0,0,0,0,0,0,0,0,0,0,0,2026-06-19 13:05:27.663963+00,2026-06-19 13:05:27.663963+00
10,16384,t,-4864179748423860453,"FETCH 50 IN ""query-cursor_55""",0,0,0,0,0,0,9,0.031035,0.00284,0.005969,0.003448333333333333,0.0009327915093953202,450,0,0,0,0,0,0,0,0,0,0,0,0,0,0,0,0,0,0,0,0,0,0,0,0,0,0,0,0,0,2026-06-19 13:43:27.667746+00,2026-06-19 13:43:27.667746+00
16410,16412,t,2365696719625049773,"INSERT INTO RES_RELATE(RES_REL_ID,MIN_RES_ENT_ID,MAX_RES_ENT_ID,IS_DISCLOSED,IS_AMBIGUOUS,LAST_ERRULE_ID,MATCH_KEY,MATCH_KEY_DETAILS,MATCH_LEVELS) VALUES ($1,$2,$3,$4,$5,$6,$7,$8,$9),($10,$11,$12,$13,$14,$15,$16,$17,$18),($19,$20,$21,$22,$23,$24,$25,$26,$27),($28,$29,$30,$31,$32,$33,$34,$35,$36),($37,$38,$39,$40,$41,$42,$43,$44,$45) ON CONFLICT DO NOTHING",0,0,0,0,0,0,202046,1776550.3362589928,0.062749,654.89156,8.792801323752972,29.598137998925775,1010230,8996611,43096,0,56648,0,0,0,0,0,0,687499.4065009961,2535.624901000006,0,0,0,0,0,0,0,0,0,0,0,0,0,0,0,0,0,2026-06-19 14:52:43.406795+00,2026-06-19 14:52:43.406795+00
10,16384,t,-1544343296051492107,"FETCH 50 IN ""query-cursor_26""",0,0,0,0,0,0,5,0.018328,0.002872,0.005942,0.0036656,0.0011638739794324812,250,0,0,0,0,0,0,0,0,0,0,0,0,0,0,0,0,0,0,0,0,0,0,0,0,0,0,0,0,0,2026-06-19 13:14:27.665359+00,2026-06-19 13:14:27.665359+00
10,16384,t,4695730280871910099,"MOVE ALL IN ""query-cursor_144""",0,0,0,0,0,0,1,9.349887,9.349887,9.349887,9.349887,0,0,0,0,0,0,0,0,0,0,0,0,0,0,0,0,0,0,0,0,0,0,0,0,0,0,0,0,0,0,0,2026-06-19 15:24:27.844301+00,2026-06-19 15:24:27.844301+00
10,16384,t,1580248464039961139,"DECLARE ""query-cursor_126"" SCROLL CURSOR FOR select queryid, left(query, $1), calls, (total_plan_time + total_exec_time) as total_time from aurora_stat_statements($2) order by calls desc limit $3 FOR READ ONLY",0,0,0,0,0,0,1,0.049931,0.049931,0.049931,0.049931,0,0,0,0,0,0,0,0,0,0,0,0,0,0,0,0,0,0,0,0,0,0,0,0,0,0,0,0,0,0,0,2026-06-19 14:54:27.671626+00,2026-06-19 14:54:27.671626+00
10,16384,t,-178476739943003529,"FETCH 8 IN ""query-cursor_163""",0,0,0,0,0,0,1,0.005048,0.005048,0.005048,0.005048,0,8,0,0,0,0,0,0,0,0,0,0,0,0,0,0,0,0,0,0,0,0,0,0,0,0,0,0,0,0,0,2026-06-19 16:02:28.317139+00,2026-06-19 16:02:28.317139+00
10,16384,t,-2600476208007046013,"DECLARE ""query-cursor_191"" SCROLL CURSOR FOR select queryid, left(query, $1), calls, (total_plan_time + total_exec_time) as total_time from aurora_stat_statements($2) order by calls desc limit $3 FOR READ ONLY",0,0,0,0,0,0,1,0.079482,0.079482,0.079482,0.079482,0,0,0,0,0,0,0,0,0,0,0,0,0,0,0,0,0,0,0,0,0,0,0,0,0,0,0,0,0,0,0,2026-06-19 17:02:28.486963+00,2026-06-19 17:02:28.486963+00
10,16384,t,3410415228064057084,"FETCH 37 IN ""query-cursor_11""",0,0,0,0,0,0,1,0.003261,0.003261,0.003261,0.003261,0,37,0,0,0,0,0,0,0,0,0,0,0,0,0,0,0,0,0,0,0,0,0,0,0,0,0,0,0,0,0,2026-06-19 12:59:27.664645+00,2026-06-19 12:59:27.664645+00
10,16384,t,-7627603449350138864,"FETCH 50 IN ""query-cursor_13""",0,0,0,0,0,0,4,0.014693000000000001,0.002925,0.005098,0.0036732500000000003,0.0008402110969869419,200,0,0,0,0,0,0,0,0,0,0,0,0,0,0,0,0,0,0,0,0,0,0,0,0,0,0,0,0,0,2026-06-19 13:01:27.664222+00,2026-06-19 13:01:27.664222+00
10,16384,t,8340338602815682188,"FETCH 50 IN ""query-cursor_133""",0,0,0,0,0,0,27,0.40237599999999996,0.008341,0.023752,0.014902814814814813,0.003767057964306784,1350,0,0,0,0,0,0,0,0,0,0,0,0,0,0,0,0,0,0,0,0,0,0,0,0,0,0,0,0,0,2026-06-19 15:02:28.111034+00,2026-06-19 15:02:28.111034+00
10,16384,t,-9145934811970939449,"DECLARE ""query-cursor_216"" SCROLL CURSOR FOR select queryid, left(query, $1), calls, (total_plan_time + total_exec_time) as total_time from aurora_stat_statements($2) order by calls desc limit $3 FOR READ ONLY",0,0,0,0,0,0,1,0.082476,0.082476,0.082476,0.082476,0,0,0,0,0,0,0,0,0,0,0,0,0,0,0,0,0,0,0,0,0,0,0,0,0,0,0,0,0,0,0,2026-06-19 17:52:27.704165+00,2026-06-19 17:52:27.704165+00
10,16384,t,-630967519830199869,"MOVE ALL IN ""query-cursor_125""",0,0,0,0,0,0,1,4.78873,4.78873,4.78873,4.78873,0,0,0,0,0,0,0,0,0,0,0,0,0,0,0,0,0,0,0,0,0,0,0,0,0,0,0,0,0,0,0,2026-06-19 14:53:27.676506+00,2026-06-19 14:53:27.676506+00
16410,16412,t,452237794815121819,DELETE FROM RES_FEAT_EKEY WHERE RES_ENT_ID=$1 AND ((LIB_FEAT_ID=$2 AND UTYPE_CODE=$3)OR(LIB_FEAT_ID=$4 AND UTYPE_CODE=$5)OR(LIB_FEAT_ID=$6 AND UTYPE_CODE=$7)OR(LIB_FEAT_ID=$8 AND UTYPE_CODE=$9)OR(LIB_FEAT_ID=$10 AND UTYPE_CODE=$11)OR(LIB_FEAT_ID=$12 AND UTYPE_CODE=$13)OR(LIB_FEAT_ID=$14 AND UTYPE_CODE=$15)OR(LIB_FEAT_ID=$16 AND UTYPE_CODE=$17)OR(LIB_FEAT_ID=$18 AND UTYPE_CODE=$19)OR(LIB_FEAT_ID=$20 AND UTYPE_CODE=$21)OR(LIB_FEAT_ID=$22 AND UTYPE_CODE=$23)),0,0,0,0,0,0,3652,40664.39281799995,0.027929,441.447889,11.134828263417292,30.833799846123686,37871,202206,608,0,0,0,0,0,0,0,0,21676.51604100001,0,0,0,0,0,0,0,0,0,0,0,0,0,0,0,0,0,0,2026-06-19 14:55:46.60874+00,2026-06-19 14:55:46.60874+00
10,16384,t,7882088908799173892,"MOVE -458 IN ""query-cursor_56""",0,0,0,0,0,0,1,0.010621,0.010621,0.010621,0.010621,0,0,0,0,0,0,0,0,0,0,0,0,0,0,0,0,0,0,0,0,0,0,0,0,0,0,0,0,0,0,0,2026-06-19 13:44:27.667844+00,2026-06-19 13:44:27.667844+00
10,16384,t,-2067097572753037899,"FETCH 0 IN ""query-cursor_114""",0,0,0,0,0,0,1,0.004375,0.004375,0.004375,0.004375,0,0,0,0,0,0,0,0,0,0,0,0,0,0,0,0,0,0,0,0,0,0,0,0,0,0,0,0,0,0,0,2026-06-19 14:42:27.670782+00,2026-06-19 14:42:27.670782+00
10,16384,t,-5547182866504744805,"FETCH 0 IN ""query-cursor_83""",0,0,0,0,0,0,1,0.003564,0.003564,0.003564,0.003564,0,0,0,0,0,0,0,0,0,0,0,0,0,0,0,0,0,0,0,0,0,0,0,0,0,0,0,0,0,0,0,2026-06-19 14:11:27.668641+00,2026-06-19 14:11:27.668641+00
16410,16412,t,602789226349111836,"SELECT RES_ENT_ID,LIB_FEAT_ID,FTYPE_ID,UTYPE_CODE,SUPPRESSED,OBS_ENT_CNT FROM RES_FEAT_EKEY WHERE RES_ENT_ID IN ($1) AND FTYPE_ID IN ($2,$3,$4,$5,$6,$7,$8,$9,$10)",0,0,0,0,0,0,21594,21012.788685999956,0.016397,317.577486,0.9730845922941538,8.953516788451854,295922,119323,822,0,0,0,0,0,0,0,0,17595.531727,0,0,0,0,0,0,0,0,0,0,0,0,0,0,0,0,0,0,2026-06-19 14:53:05.387398+00,2026-06-19 14:53:05.387398+00
16410,16412,t,5128248682580109886,"CREATE OR REPLACE FUNCTION perf.snapshot(p_label text) RETURNS void
LANGUAGE plpgsql AS $$
DECLARE
  v_ver int := current_setting('server_version_num')::int;
BEGIN
  -- pg_stat_database — whole-DB, eviction-immune.
  INSERT INTO perf.snap_scalar(label, metric, value)
  SELECT p_label, 'db.'||k, v
  FROM (
    SELECT xact_commit, xact_rollback, blks_read, blks_hit,
           tup_returned, tup_fetched, tup_inserted, tup_updated, tup_deleted,
           temp_files, temp_bytes, deadlocks, blk_read_time, blk_write_time
    FROM pg_stat_database WHERE datname = current_database()
  ) d, LATERAL (VALUES
    ('xact_commit',      d.xact_commit::numeric),
    ('xact_rollback',    d.xact_rollback::numeric),
    ('blks_read',        d.blks_read::numeric),
    ('blks_hit',         d.blks_hit::numeric),
    ('tup_returned',     d.tup_returned::numeric),
    ('tup_fetched',      d.tup_fetched::numeric),
    ('tup_inserted',     d.tup_inserted::numeric),
    ('tup_updated',      d.tup_updated::numeric),
    ('tup_deleted',      d.tup_deleted::numeric),
    ('temp_files',       d.temp_files::numeric),
    ('temp_bytes',       d.temp_bytes::numeric),
    ('deadlocks',        d.deadlocks::numeric),
    ('blk_read_time_ms', d.blk_read_time::numeric),
    ('blk_write_time_ms',d.blk_write_time::numeric)
  ) AS kv(k, v);

  -- pg_stat_wal — the WAL-volume headline (PG14+).
  IF v_ver >= 140000 THEN
    INSERT INTO perf.snap_scalar(label, metric, value)
    SELECT p_label, 'wal.'||k, v
    FROM (SELECT wal_records, wal_fpi, wal_bytes FROM pg_stat_wal) w,
    LATERAL (VALUES
      ('wal_records', w.wal_records::numeric),
      ('wal_fpi',     w.wal_fpi::numeric),
      ('wal_bytes',   w.wal_bytes::numeric)
    ) AS kv(k, v);
  END IF;

  -- Per-statement, aggregated to one row per queryid for this database.
  -- wal_* per statement is PG13+ — the most telling columns for write-heavy runs.
  INSERT INTO perf.snap_statement(label, queryid, query, calls, rows, total_exec_time,
    shared_blks_hit, shared_blks_read, shared_blks_written, shared_blks_dirtied,
    temp_blks_read, temp_blks_written, wal_records, wal_fpi, wal_bytes)
  SELECT p_label, queryid, left(max(query), 200),
         sum(calls), sum(rows), sum(total_exec_time),
         sum(shared_blks_hit), sum(shared_blks_read),
         sum(shared_blks_written), sum(shared_blks_dirtied),
         sum(temp_blks_read), sum(temp_blks_written),
         sum(wal_records), sum(wal_fpi), sum(wal_bytes)
  FROM pg_stat_statements
  WHERE dbid = (SELECT oid FROM pg_database WHERE datname = current_database())
  GROUP BY queryid;

  -- Per-table tuple + block IO.
  INSERT INTO perf.snap_table(label, relid, relname, n_tup_ins, n_tup_upd, n_tup_del,
    n_tup_hot_upd, seq_scan, idx_scan, heap_blks_read, heap_blks_hit,
    idx_blks_read, idx_blks_hit)
  SELECT p_label, t.relid, t.relname, t.n_tup_ins, t.n_tup_upd, t.n_tup_del,
         t.n_tup_hot_upd, t.seq_scan, coalesce(t.idx_scan, 0),
         io.heap_blks_read, io.heap_blks_hit,
         coalesce(io.idx_blks_read, 0), coalesce(io.idx_blks_hit, 0)
  FROM pg_stat_user_tables t
  JOIN pg_statio_user_tables io ON io.relid = t.relid;
END;
$$",0,0,0,0,0,0,1,1.520834,1.520834,1.520834,1.520834,0,0,42,0,0,0,0,0,0,0,0,0,0,0,0,0,0,0,0,0,0,0,0,0,0,0,0,0,0,0,0,2026-06-19 15:39:54.225722+00,2026-06-19 15:39:54.225722+00
16410,16412,t,-3783792205668402840,"SELECT NUM_RES_ENT,NUM_RES_ENT_OOM,CANDIDATE_CAP_REACHED,SCORING_CAP_REACHED FROM RES_FEAT_STAT WHERE LIB_FEAT_ID=$1",0,0,0,0,0,0,13443,644.7414259999977,0.005752999999999999,23.758902,0.04796112668303189,0.591198821782847,13441,67227,0,0,0,0,0,0,0,0,0,0,0,0,0,0,0,0,0,0,0,0,0,0,0,0,0,0,0,0,2026-06-19 15:04:48.167105+00,2026-06-19 15:04:48.167105+00
10,16384,t,4915807312718000431,"FETCH 0 IN ""query-cursor_212""",0,0,0,0,0,0,1,0.008453,0.008453,0.008453,0.008453,0,0,0,0,0,0,0,0,0,0,0,0,0,0,0,0,0,0,0,0,0,0,0,0,0,0,0,0,0,0,0,2026-06-19 17:44:27.791233+00,2026-06-19 17:44:27.791233+00
10,16384,t,-3072910044278568019,"select queryid, calls, (total_plan_time + total_exec_time) as total_time, rows, shared_blks_hit, shared_blks_dirtied, shared_blks_read, shared_blks_written, local_blks_hit, local_blks_dirtied, local_blks_read, local_blks_written, temp_blks_read, temp_blks_written, storage_blks_read, orcache_blks_hit, shared_blk_read_time as blk_read_time, shared_blk_write_time as blk_write_time, storage_blk_read_time, local_blk_read_time, orcache_blk_read_time, total_plan_time, total_exec_time from aurora_stat_statements($1) where queryid in ($2, $3, $4, $5, $6, $7, $8, $9, $10, $11, $12, $13, $14, $15, $16, $17, $18, $19, $20, $21, $22, $23, $24, $25, $26, $27, $28, $29, $30, $31, $32, $33, $34, $35, $36, $37, $38, $39, $40, $41, $42, $43, $44, $45, $46, $47, $48, $49, $50, $51, $52, $53, $54, $55, $56, $57, $58, $59, $60, $61, $62, $63, $64, $65, $66, $67, $68, $69)",0,0,0,0,0,0,12,142.26147999999998,2.5573639999999997,97.837228,11.855123333333331,26.016037513561823,828,0,0,0,0,0,0,0,0,0,0,0,0,0,0,0,0,0,0,0,0,0,0,0,0,0,0,0,0,0,2026-06-19 15:06:37.750011+00,2026-06-19 15:06:37.750011+00
16410,16412,t,-1885023123825823682,"SELECT RES_REL_ID,MIN_RES_ENT_ID,MAX_RES_ENT_ID,IS_DISCLOSED,IS_AMBIGUOUS,LAST_ERRULE_ID,MATCH_LEVELS,MATCH_KEY,MATCH_KEY_DETAILS FROM RES_RELATE WHERE RES_REL_ID IN ($1,$2,$3,$4,$5,$6,$7,$8,$9,$10,$11,$12,$13,$14,$15,$16)",0,0,0,0,0,0,422215,2029528.464654933,0.019152,877.73307,4.806860165211877,23.17565711094843,4598216,11457528,284761,0,0,0,0,0,0,0,0,1794716.8497859815,0,0,0,0,0,0,0,0,0,0,0,0,0,0,0,0,0,0,2026-06-19 14:52:52.290197+00,2026-06-19 14:52:52.290197+00
10,16384,t,-7394930567131828572,"FETCH 0 IN ""query-cursor_49""",0,0,0,0,0,0,1,0.004041,0.004041,0.004041,0.004041,0,0,0,0,0,0,0,0,0,0,0,0,0,0,0,0,0,0,0,0,0,0,0,0,0,0,0,0,0,0,0,2026-06-19 13:37:27.666232+00,2026-06-19 13:37:27.666232+00
10,16384,t,8387279066885404908,"FETCH 0 IN ""query-cursor_15""",0,0,0,0,0,0,1,0.003818,0.003818,0.003818,0.003818,0,0,0,0,0,0,0,0,0,0,0,0,0,0,0,0,0,0,0,0,0,0,0,0,0,0,0,0,0,0,0,2026-06-19 13:03:27.663834+00,2026-06-19 13:03:27.663834+00
16410,16412,t,2486205349507429114,"SELECT RES_ENT_ID FROM RES_ENT WHERE RES_ENT_ID IN ($1,$2,$3,$4)",0,0,0,0,0,0,664520,69571.96573300379,0.013438,548.571076,0.10469506671432581,1.3930749718232942,40267,6635946,0,0,0,0,0,0,0,0,0,0,0,0,0,0,0,0,0,0,0,0,0,0,0,0,0,0,0,0,2026-06-19 15:01:51.596908+00,2026-06-19 15:01:51.596908+00
10,16384,t,7840752183051818549,"select coalesce(extract($1 from max(now() - state_change)), $2) as idle_in_transaction_max_time, count(*) as idle_in_transaction_count from pg_stat_activity where state = $3",0,0,0,0,0,0,255,5557.254430999997,0.073764,406.55601,21.793154631372534,54.26595315381723,255,0,0,0,0,0,0,0,0,0,0,0,0,0,0,0,0,0,0,0,0,0,0,0,0,0,0,0,0,0,2026-06-19 12:49:27.228238+00,2026-06-19 12:49:27.228238+00
10,16384,t,7419166907318541018,"FETCH 0 IN ""query-cursor_138""",0,0,0,0,0,0,1,0.005699,0.005699,0.005699,0.005699,0,0,0,0,0,0,0,0,0,0,0,0,0,0,0,0,0,0,0,0,0,0,0,0,0,0,0,0,0,0,0,2026-06-19 15:12:27.745565+00,2026-06-19 15:12:27.745565+00
10,16384,t,6980723107304580704,"DECLARE ""query-cursor_234"" SCROLL CURSOR FOR select queryid, left(query, $1), calls, (total_plan_time + total_exec_time) as total_time from aurora_stat_statements($2) order by calls desc limit $3 FOR READ ONLY",0,0,0,0,0,0,1,0.06718,0.06718,0.06718,0.06718,0,0,0,0,0,0,0,0,0,0,0,0,0,0,0,0,0,0,0,0,0,0,0,0,0,0,0,0,0,0,0,2026-06-19 18:27:27.680575+00,2026-06-19 18:27:27.680575+00
10,16384,t,534799694257649285,"FETCH 0 IN ""query-cursor_184""",0,0,0,0,0,0,1,0.007305,0.007305,0.007305,0.007305,0,0,0,0,0,0,0,0,0,0,0,0,0,0,0,0,0,0,0,0,0,0,0,0,0,0,0,0,0,0,0,2026-06-19 16:48:27.693087+00,2026-06-19 16:48:27.693087+00
10,16384,t,-2165012533930163072,"MOVE ALL IN ""query-cursor_32""",0,0,0,0,0,0,1,0.699672,0.699672,0.699672,0.699672,0,0,0,0,0,0,0,0,0,0,0,0,0,0,0,0,0,0,0,0,0,0,0,0,0,0,0,0,0,0,0,2026-06-19 13:20:27.665758+00,2026-06-19 13:20:27.665758+00
10,16384,t,4318471553345765097,"FETCH 50 IN ""query-cursor_156""",0,0,0,0,0,0,31,0.506244,0.010367,0.035298,0.016330451612903227,0.005687085833704004,1550,0,0,0,0,0,0,0,0,0,0,0,0,0,0,0,0,0,0,0,0,0,0,0,0,0,0,0,0,0,2026-06-19 15:48:27.779808+00,2026-06-19 15:48:27.779808+00
10,16384,t,1160922463381201285,"FETCH 50 IN ""query-cursor_19""",0,0,0,0,0,0,4,0.01501,0.002949,0.004975,0.0037525,0.0007463409073607048,200,0,0,0,0,0,0,0,0,0,0,0,0,0,0,0,0,0,0,0,0,0,0,0,0,0,0,0,0,0,2026-06-19 13:07:27.664725+00,2026-06-19 13:07:27.664725+00
10,16384,t,-4370941775062078205,"FETCH 50 IN ""query-cursor_170""",0,0,0,0,0,0,33,0.5396599999999999,0.011266,0.026291,0.01635333333333333,0.004929460838835844,1650,0,0,0,0,0,0,0,0,0,0,0,0,0,0,0,0,0,0,0,0,0,0,0,0,0,0,0,0,0,2026-06-19 16:16:27.862966+00,2026-06-19 16:16:27.862966+00
16410,16412,t,-108852197278167468,"UPDATE RES_FEAT_EKEY AS T SET SUPPRESSED=C.SUPPRESSED,OBS_ENT_CNT=C.OBS_ENT_CNT FROM (VALUES (CAST ($1 AS BIGINT),CAST ($2 AS BIGINT),$3,$4,CAST ($5 AS BIGINT)),(CAST ($6 AS BIGINT),CAST ($7 AS BIGINT),$8,$9,CAST ($10 AS BIGINT)),(CAST ($11 AS BIGINT),CAST ($12 AS BIGINT),$13,$14,CAST ($15 AS BIGINT)),(CAST ($16 AS BIGINT),CAST ($17 AS BIGINT),$18,$19,CAST ($20 AS BIGINT)),(CAST ($21 AS BIGINT),CAST ($22 AS BIGINT),$23,$24,CAST ($25 AS BIGINT)),(CAST ($26 AS BIGINT),CAST ($27 AS BIGINT),$28,$29,CAST ($30 AS BIGINT)),(CAST ($31 AS BIGINT),CAST ($32 AS BIGINT),$33,$34,CAST ($35 AS BIGINT))) AS C(RES_ENT_ID,LIB_FEAT_ID,UTYPE_CODE,SUPPRESSED,OBS_ENT_CNT) WHERE C.RES_ENT_ID=T.RES_ENT_ID AND C.LIB_FEAT_ID=T.LIB_FEAT_ID AND C.UTYPE_CODE=T.UTYPE_CODE",0,0,0,0,0,0,367104,4071710.3948099767,0.066007,1472.666919,11.091435655318321,28.058375400384882,2569724,36768700,64964,0,11374,0,0,0,0,0,0,1580802.962461999,678.6911529999994,0,0,0,0,0,0,0,0,0,0,0,0,0,0,0,0,0,2026-06-19 14:52:46.185062+00,2026-06-19 14:52:46.185062+00
10,16384,t,8732134321759456723,"FETCH 36 IN ""query-cursor_214""",0,0,0,0,0,0,1,0.009685,0.009685,0.009685,0.009685,0,36,0,0,0,0,0,0,0,0,0,0,0,0,0,0,0,0,0,0,0,0,0,0,0,0,0,0,0,0,0,2026-06-19 17:48:27.932499+00,2026-06-19 17:48:27.932499+00
10,16384,t,-7123424394751807050,"FETCH 0 IN ""query-cursor_176""",0,0,0,0,0,0,1,0.006723,0.006723,0.006723,0.006723,0,0,0,0,0,0,0,0,0,0,0,0,0,0,0,0,0,0,0,0,0,0,0,0,0,0,0,0,0,0,0,2026-06-19 16:30:27.696174+00,2026-06-19 16:30:27.696174+00
10,16384,t,5051957054509286765,"FETCH 0 IN ""query-cursor_145""",0,0,0,0,0,0,1,0.007244,0.007244,0.007244,0.007244,0,0,0,0,0,0,0,0,0,0,0,0,0,0,0,0,0,0,0,0,0,0,0,0,0,0,0,0,0,0,0,2026-06-19 15:26:27.762044+00,2026-06-19 15:26:27.762044+00
10,16384,t,-7977660314120157568,"FETCH 7 IN ""query-cursor_178""",0,0,0,0,0,0,1,0.0056,0.0056,0.0056,0.0056,0,7,0,0,0,0,0,0,0,0,0,0,0,0,0,0,0,0,0,0,0,0,0,0,0,0,0,0,0,0,0,2026-06-19 16:34:27.771867+00,2026-06-19 16:34:27.771867+00
10,16384,t,-280954364484253771,"MOVE -586 IN ""query-cursor_74""",0,0,0,0,0,0,1,0.012587,0.012587,0.012587,0.012587,0,0,0,0,0,0,0,0,0,0,0,0,0,0,0,0,0,0,0,0,0,0,0,0,0,0,0,0,0,0,0,2026-06-19 14:02:27.66939+00,2026-06-19 14:02:27.66939+00
10,16384,t,5957285102955470694,"MOVE -1708 IN ""query-cursor_178""",0,0,0,0,0,0,1,0.198737,0.198737,0.198737,0.198737,0,0,0,0,0,0,0,0,0,0,0,0,0,0,0,0,0,0,0,0,0,0,0,0,0,0,0,0,0,0,0,2026-06-19 16:34:27.750808+00,2026-06-19 16:34:27.750808+00
10,16384,t,6506892937101262641,"FETCH 0 IN ""query-cursor_56""",0,0,0,0,0,0,1,0.003735,0.003735,0.003735,0.003735,0,0,0,0,0,0,0,0,0,0,0,0,0,0,0,0,0,0,0,0,0,0,0,0,0,0,0,0,0,0,0,2026-06-19 13:44:27.666772+00,2026-06-19 13:44:27.666772+00
10,16384,t,593441182626138064,"MOVE -1760 IN ""query-cursor_186""",0,0,0,0,0,0,1,0.285364,0.285364,0.285364,0.285364,0,0,0,0,0,0,0,0,0,0,0,0,0,0,0,0,0,0,0,0,0,0,0,0,0,0,0,0,0,0,0,2026-06-19 16:52:27.718477+00,2026-06-19 16:52:27.718477+00
10,16384,t,-1898628818260301364,"DECLARE ""query-cursor_163"" SCROLL CURSOR FOR select queryid, left(query, $1), calls, (total_plan_time + total_exec_time) as total_time from aurora_stat_statements($2) order by calls desc limit $3 FOR READ ONLY",0,0,0,0,0,0,1,0.073843,0.073843,0.073843,0.073843,0,0,0,0,0,0,0,0,0,0,0,0,0,0,0,0,0,0,0,0,0,0,0,0,0,0,0,0,0,0,0,2026-06-19 16:02:28.28695+00,2026-06-19 16:02:28.28695+00
10,16384,t,-936285489870920736,"FETCH 18 IN ""query-cursor_139""",0,0,0,0,0,0,1,0.007343,0.007343,0.007343,0.007343,0,18,0,0,0,0,0,0,0,0,0,0,0,0,0,0,0,0,0,0,0,0,0,0,0,0,0,0,0,0,0,2026-06-19 15:14:27.732717+00,2026-06-19 15:14:27.732717+00
10,16384,t,-3580330797102290595,"MOVE -574 IN ""query-cursor_72""",0,0,0,0,0,0,1,0.012545,0.012545,0.012545,0.012545,0,0,0,0,0,0,0,0,0,0,0,0,0,0,0,0,0,0,0,0,0,0,0,0,0,0,0,0,0,0,0,2026-06-19 14:00:27.669174+00,2026-06-19 14:00:27.669174+00
10,16384,t,5940034514392747208,"FETCH 0 IN ""query-cursor_137""",0,0,0,0,0,0,1,0.011232,0.011232,0.011232,0.011232,0,0,0,0,0,0,0,0,0,0,0,0,0,0,0,0,0,0,0,0,0,0,0,0,0,0,0,0,0,0,0,2026-06-19 15:10:27.697875+00,2026-06-19 15:10:27.697875+00
16410,16412,t,-6763369678729749683,"CREATE UNIQUE INDEX SYS_CODES_USED_SK ON SYS_CODES_USED(CODE_TYPE, CODE_ID)",0,0,0,0,0,0,1,2.041584,2.041584,2.041584,2.041584,0,0,115,0,0,1,0,0,0,0,0,0,0,0.002269,0,0,0,0,0,0,0,0,0,0,0,0,0,0,0,0,0,2026-06-19 12:52:04.208225+00,2026-06-19 12:52:04.208225+00
10,16384,t,-5033145811408472593,"FETCH 50 IN ""query-cursor_127""",0,0,0,0,0,0,25,0.18300800000000003,0.004607,0.011445,0.007320320000000002,0.0018162061935804539,1250,0,0,0,0,0,0,0,0,0,0,0,0,0,0,0,0,0,0,0,0,0,0,0,0,0,0,0,0,0,2026-06-19 14:55:27.675868+00,2026-06-19 14:55:27.675868+00
10,16384,t,6925998823549459727,"MOVE ALL IN ""query-cursor_174""",0,0,0,0,0,0,1,9.002491,9.002491,9.002491,9.002491,0,0,0,0,0,0,0,0,0,0,0,0,0,0,0,0,0,0,0,0,0,0,0,0,0,0,0,0,0,0,0,2026-06-19 16:26:27.760037+00,2026-06-19 16:26:27.760037+00
10,16384,t,1553349057170439547,"MOVE ALL IN ""query-cursor_8""",0,0,0,0,0,0,1,0.410473,0.410473,0.410473,0.410473,0,0,0,0,0,0,0,0,0,0,0,0,0,0,0,0,0,0,0,0,0,0,0,0,0,0,0,0,0,0,0,2026-06-19 12:56:27.663781+00,2026-06-19 12:56:27.663781+00
10,16384,t,6165354926865771770,"FETCH 47 IN ""query-cursor_21""",0,0,0,0,0,0,1,0.004028,0.004028,0.004028,0.004028,0,47,0,0,0,0,0,0,0,0,0,0,0,0,0,0,0,0,0,0,0,0,0,0,0,0,0,0,0,0,0,2026-06-19 13:09:27.665673+00,2026-06-19 13:09:27.665673+00
10,16384,t,6601035806602796541,"FETCH 4 IN ""query-cursor_7""",0,0,0,0,0,0,1,0.002151,0.002151,0.002151,0.002151,0,4,0,0,0,0,0,0,0,0,0,0,0,0,0,0,0,0,0,0,0,0,0,0,0,0,0,0,0,0,0,2026-06-19 12:55:27.664377+00,2026-06-19 12:55:27.664377+00
10,16384,t,4233168181507588247,"MOVE -303 IN ""query-cursor_30""",0,0,0,0,0,0,1,0.008388,0.008388,0.008388,0.008388,0,0,0,0,0,0,0,0,0,0,0,0,0,0,0,0,0,0,0,0,0,0,0,0,0,0,0,0,0,0,0,2026-06-19 13:18:27.665635+00,2026-06-19 13:18:27.665635+00
10,16384,t,7626415932167250024,"MOVE -838 IN ""query-cursor_116""",0,0,0,0,0,0,1,0.017511,0.017511,0.017511,0.017511,0,0,0,0,0,0,0,0,0,0,0,0,0,0,0,0,0,0,0,0,0,0,0,0,0,0,0,0,0,0,0,2026-06-19 14:44:27.672857+00,2026-06-19 14:44:27.672857+00
10,16384,t,4334442912772911530,"FETCH 50 IN ""query-cursor_14""",0,0,0,0,0,0,4,0.014393,0.003016,0.004528,0.00359825,0.0005627256769510346,200,0,0,0,0,0,0,0,0,0,0,0,0,0,0,0,0,0,0,0,0,0,0,0,0,0,0,0,0,0,2026-06-19 13:02:27.664293+00,2026-06-19 13:02:27.664293+00
10,16384,t,-5118147517829946507,"MOVE ALL IN ""query-cursor_195""",0,0,0,0,0,0,1,238.813725,238.813725,238.813725,238.813725,0,0,0,0,0,0,0,0,0,0,0,0,0,0,0,0,0,0,0,0,0,0,0,0,0,0,0,0,0,0,0,2026-06-19 17:10:28.065424+00,2026-06-19 17:10:28.065424+00
10,16384,t,-1874916054488201077,"MOVE -1386 IN ""query-cursor_135""",0,0,0,0,0,0,1,0.056665,0.056665,0.056665,0.056665,0,0,0,0,0,0,0,0,0,0,0,0,0,0,0,0,0,0,0,0,0,0,0,0,0,0,0,0,0,0,0,2026-06-19 15:06:27.680487+00,2026-06-19 15:06:27.680487+00
10,16384,t,600808159303964673,"FETCH 50 IN ""query-cursor_119""",0,0,0,0,0,0,17,0.05784599999999999,0.002743,0.007418,0.0034027058823529405,0.0010476831450005955,850,0,0,0,0,0,0,0,0,0,0,0,0,0,0,0,0,0,0,0,0,0,0,0,0,0,0,0,0,0,2026-06-19 14:47:27.673161+00,2026-06-19 14:47:27.673161+00
10,16384,t,3956729987471992071,"DECLARE ""query-cursor_12"" SCROLL CURSOR FOR select queryid, left(query, $1), calls, (total_plan_time + total_exec_time) as total_time from aurora_stat_statements($2) order by calls desc limit $3 FOR READ ONLY",0,0,0,0,0,0,1,0.075136,0.075136,0.075136,0.075136,0,0,0,0,0,0,0,0,0,0,0,0,0,0,0,0,0,0,0,0,0,0,0,0,0,0,0,0,0,0,0,2026-06-19 13:00:27.663606+00,2026-06-19 13:00:27.663606+00
10,16384,t,6085583513226254083,"DECLARE ""query-cursor_160"" SCROLL CURSOR FOR select queryid, left(query, $1), calls, (total_plan_time + total_exec_time) as total_time from aurora_stat_statements($2) order by calls desc limit $3 FOR READ ONLY",0,0,0,0,0,0,1,0.083235,0.083235,0.083235,0.083235,0,0,0,0,0,0,0,0,0,0,0,0,0,0,0,0,0,0,0,0,0,0,0,0,0,0,0,0,0,0,0,2026-06-19 15:56:27.873971+00,2026-06-19 15:56:27.873971+00
10,16384,t,3289899233418732763,"DECLARE ""query-cursor_187"" SCROLL CURSOR FOR select queryid, left(query, $1), calls, (total_plan_time + total_exec_time) as total_time from aurora_stat_statements($2) order by calls desc limit $3 FOR READ ONLY",0,0,0,0,0,0,1,0.078118,0.078118,0.078118,0.078118,0,0,0,0,0,0,0,0,0,0,0,0,0,0,0,0,0,0,0,0,0,0,0,0,0,0,0,0,0,0,0,2026-06-19 16:54:28.051039+00,2026-06-19 16:54:28.051039+00
10,16384,t,-165746631567851030,"MOVE ALL IN ""query-cursor_203""",0,0,0,0,0,0,1,13.380748,13.380748,13.380748,13.380748,0,0,0,0,0,0,0,0,0,0,0,0,0,0,0,0,0,0,0,0,0,0,0,0,0,0,0,0,0,0,0,2026-06-19 17:26:27.703172+00,2026-06-19 17:26:27.703172+00
10,16384,t,-6084185900546482648,"FETCH 0 IN ""query-cursor_97""",0,0,0,0,0,0,1,0.003559,0.003559,0.003559,0.003559,0,0,0,0,0,0,0,0,0,0,0,0,0,0,0,0,0,0,0,0,0,0,0,0,0,0,0,0,0,0,0,2026-06-19 14:25:27.66966+00,2026-06-19 14:25:27.66966+00
10,16384,t,-5669478925102868239,"DECLARE ""query-cursor_63"" SCROLL CURSOR FOR select queryid, left(query, $1), calls, (total_plan_time + total_exec_time) as total_time from aurora_stat_statements($2) order by calls desc limit $3 FOR READ ONLY",0,0,0,0,0,0,1,0.063651,0.063651,0.063651,0.063651,0,0,0,0,0,0,0,0,0,0,0,0,0,0,0,0,0,0,0,0,0,0,0,0,0,0,0,0,0,0,0,2026-06-19 13:51:27.667181+00,2026-06-19 13:51:27.667181+00
10,16384,t,-3499457135495967299,"FETCH 0 IN ""query-cursor_206""",0,0,0,0,0,0,1,0.017825,0.017825,0.017825,0.017825,0,0,0,0,0,0,0,0,0,0,0,0,0,0,0,0,0,0,0,0,0,0,0,0,0,0,0,0,0,0,0,2026-06-19 17:32:27.74352+00,2026-06-19 17:32:27.74352+00
16410,16412,t,-7877992818113880049,"DELETE FROM RES_RELATE WHERE RES_REL_ID IN ($1,$2,$3,$4,$5,$6,$7,$8,$9,$10,$11,$12,$13,$14,$15,$16,$17,$18,$19,$20,$21,$22,$23,$24,$25,$26,$27,$28,$29,$30,$31,$32)",0,0,0,0,0,0,93,255.5251939999999,0.108598,42.930085999999996,2.7475827311827947,8.416858222382826,1739,6203,0,0,0,0,0,0,0,0,0,0,0,0,0,0,0,0,0,0,0,0,0,0,0,0,0,0,0,0,2026-06-19 15:07:57.451505+00,2026-06-19 15:07:57.451505+00
10,16384,t,-4395482768090880934,SET statement_timeout=$1,0,0,0,0,0,0,16063,71.37646600000022,0.000979,1.320924,0.004443532714934958,0.011106377619299806,0,0,0,0,0,0,0,0,0,0,0,0,0,0,0,0,0,0,0,0,0,0,0,0,0,0,0,0,0,0,2026-06-19 12:49:27.104586+00,2026-06-19 12:49:27.104586+00
10,16384,t,844989471858464387,"DECLARE ""query-cursor_139"" SCROLL CURSOR FOR select queryid, left(query, $1), calls, (total_plan_time + total_exec_time) as total_time from aurora_stat_statements($2) order by calls desc limit $3 FOR READ ONLY",0,0,0,0,0,0,1,0.082053,0.082053,0.082053,0.082053,0,0,0,0,0,0,0,0,0,0,0,0,0,0,0,0,0,0,0,0,0,0,0,0,0,0,0,0,0,0,0,2026-06-19 15:14:27.695912+00,2026-06-19 15:14:27.695912+00
10,16384,t,1315626798450023038,"FETCH 50 IN ""query-cursor_68""",0,0,0,0,0,0,10,0.046880000000000005,0.003248,0.012714,0.004688,0.002766986808786771,500,0,0,0,0,0,0,0,0,0,0,0,0,0,0,0,0,0,0,0,0,0,0,0,0,0,0,0,0,0,2026-06-19 13:56:27.668852+00,2026-06-19 13:56:27.668852+00
16410,16412,t,6933909089572979323,"SELECT DSRC_ID,RECORD_ID,ENT_SRC_KEY FROM DSRC_RECORD WHERE (DSRC_ID=$1 AND ENT_SRC_KEY=$2) OR (DSRC_ID=$3 AND ENT_SRC_KEY=$4) OR (DSRC_ID=$5 AND ENT_SRC_KEY=$6) OR (DSRC_ID=$7 AND ENT_SRC_KEY=$8) OR (DSRC_ID=$9 AND ENT_SRC_KEY=$10) OR (DSRC_ID=$11 AND ENT_SRC_KEY=$12) OR (DSRC_ID=$13 AND ENT_SRC_KEY=$14) OR (DSRC_ID=$15 AND ENT_SRC_KEY=$16)",0,0,0,0,0,0,50141,45119.80106100027,0.06271,334.674942,0.8998584204742679,6.2278510359434875,259216,1878420,5377,0,0,0,0,0,0,0,0,24604.399242,0,0,0,0,0,0,0,0,0,0,0,0,0,0,0,0,0,0,2026-06-19 15:28:55.803789+00,2026-06-19 15:28:55.803789+00
16410,16412,t,-1048620646479387670,SELECT COUNT(DISTINCT(RES_ENT_ID)) FROM RES_FEAT_EKEY WHERE LIB_FEAT_ID=$1,0,0,0,0,0,0,1213331,636384.9247189806,0.005563,747.447815,0.5244940784657942,7.238403178514654,1213331,7948438,25819,0,0,0,0,0,0,0,0,522331.5546769993,0,0,0,0,0,0,0,0,0,0,0,0,0,0,0,0,0,0,2026-06-19 14:54:08.127033+00,2026-06-19 14:54:08.127033+00
16410,16412,t,1924667693352981719,"SELECT OBS_ENT_ID,DSRC_ID,ENT_SRC_KEY,FEATURES FROM OBS_ENT WHERE OBS_ENT_ID IN ($1,$2,$3,$4,$5,$6,$7,$8,$9,$10,$11,$12,$13,$14,$15,$16)",0,0,0,0,0,0,18124,6465.797998000006,0.035433,100.771024,0.35675336559258475,2.526854806548473,173752,836709,0,0,0,0,0,0,0,0,0,0,0,0,0,0,0,0,0,0,0,0,0,0,0,0,0,0,0,0,2026-06-19 15:31:19.467287+00,2026-06-19 15:31:19.467287+00
10,16384,t,4653349370782469714,"FETCH 1 IN ""query-cursor_110""",0,0,0,0,0,0,1,0.001278,0.001278,0.001278,0.001278,0,1,0,0,0,0,0,0,0,0,0,0,0,0,0,0,0,0,0,0,0,0,0,0,0,0,0,0,0,0,0,2026-06-19 14:38:27.675122+00,2026-06-19 14:38:27.675122+00
10,16384,t,3826647708333449123,"FETCH 0 IN ""query-cursor_135""",0,0,0,0,0,0,1,0.006279,0.006279,0.006279,0.006279,0,0,0,0,0,0,0,0,0,0,0,0,0,0,0,0,0,0,0,0,0,0,0,0,0,0,0,0,0,0,0,2026-06-19 15:06:27.67297+00,2026-06-19 15:06:27.67297+00
10,16384,t,8184685900184494795,"FETCH 0 IN ""query-cursor_20""",0,0,0,0,0,0,1,0.003881,0.003881,0.003881,0.003881,0,0,0,0,0,0,0,0,0,0,0,0,0,0,0,0,0,0,0,0,0,0,0,0,0,0,0,0,0,0,0,2026-06-19 13:08:27.66417+00,2026-06-19 13:08:27.66417+00
10,16384,t,-3281347312847494887,"MOVE ALL IN ""query-cursor_221""",0,0,0,0,0,0,1,11.267523,11.267523,11.267523,11.267523,0,0,0,0,0,0,0,0,0,0,0,0,0,0,0,0,0,0,0,0,0,0,0,0,0,0,0,0,0,0,0,2026-06-19 18:02:27.746501+00,2026-06-19 18:02:27.746501+00
16410,16412,t,6400354713590502587,"INSERT INTO LIB_FEAT(LIB_FEAT_ID,FTYPE_ID,FEAT_HASH,FEAT_DESC,FELEM_VALUES,ANONYMIZED,VERSION) VALUES ($1,$2,$3,$4,$5,$6,$7),($8,$9,$10,$11,$12,$13,$14),($15,$16,$17,$18,$19,$20,$21) ON CONFLICT(FTYPE_ID,FEAT_HASH,ANONYMIZED) DO UPDATE SET FTYPE_ID=LIB_FEAT.FTYPE_ID,FEAT_HASH=LIB_FEAT.FEAT_HASH,ANONYMIZED=LIB_FEAT.ANONYMIZED RETURNING LIB_FEAT_ID,FTYPE_ID,FEAT_HASH,ANONYMIZED,FEAT_DESC",0,0,0,0,0,0,2253716,13896458.895049281,0.06826299999999999,1426.170575,6.166020428061602,20.70799660617246,6761148,104904492,266,0,185797,0,0,0,0,0,0,4953.343820999997,25253.913914000168,0,0,0,0,0,0,0,0,0,0,0,0,0,0,0,0,0,2026-06-19 14:52:39.528205+00,2026-06-19 14:52:39.528205+00
10,16384,t,-8253635017014460128,"MOVE -327 IN ""query-cursor_34""",0,0,0,0,0,0,1,0.008954,0.008954,0.008954,0.008954,0,0,0,0,0,0,0,0,0,0,0,0,0,0,0,0,0,0,0,0,0,0,0,0,0,0,0,0,0,0,0,2026-06-19 13:22:27.666037+00,2026-06-19 13:22:27.666037+00
10,16384,t,8625744050603666254,"DECLARE ""query-cursor_28"" SCROLL CURSOR FOR select queryid, left(query, $1), calls, (total_plan_time + total_exec_time) as total_time from aurora_stat_statements($2) order by calls desc limit $3 FOR READ ONLY",0,0,0,0,0,0,1,0.064839,0.064839,0.064839,0.064839,0,0,0,0,0,0,0,0,0,0,0,0,0,0,0,0,0,0,0,0,0,0,0,0,0,0,0,0,0,0,0,2026-06-19 13:16:27.664701+00,2026-06-19 13:16:27.664701+00
10,16384,t,-3331294500931355602,"FETCH 21 IN ""query-cursor_50""",0,0,0,0,0,0,1,0.002753,0.002753,0.002753,0.002753,0,21,0,0,0,0,0,0,0,0,0,0,0,0,0,0,0,0,0,0,0,0,0,0,0,0,0,0,0,0,0,2026-06-19 13:38:27.668891+00,2026-06-19 13:38:27.668891+00
10,16384,t,3437578983596744093,"MOVE -1675 IN ""query-cursor_173""",0,0,0,0,0,0,1,0.132334,0.132334,0.132334,0.132334,0,0,0,0,0,0,0,0,0,0,0,0,0,0,0,0,0,0,0,0,0,0,0,0,0,0,0,0,0,0,0,2026-06-19 16:24:28.013138+00,2026-06-19 16:24:28.013138+00
10,16384,t,3876520732468570071,"MOVE -2016 IN ""query-cursor_227""",0,0,0,0,0,0,1,0.161526,0.161526,0.161526,0.161526,0,0,0,0,0,0,0,0,0,0,0,0,0,0,0,0,0,0,0,0,0,0,0,0,0,0,0,0,0,0,0,2026-06-19 18:14:28.004146+00,2026-06-19 18:14:28.004146+00
16410,16412,t,7755207888322899810,"SELECT RES_REL_ID,MIN_RES_ENT_ID,MAX_RES_ENT_ID,IS_DISCLOSED,IS_AMBIGUOUS,LAST_ERRULE_ID,MATCH_LEVELS,MATCH_KEY,MATCH_KEY_DETAILS FROM RES_RELATE WHERE RES_REL_ID IN ($1)",0,0,0,0,0,0,5975357,5900829.771056747,0.004928999999999999,708.774908,0.9875275688225401,9.317587394803237,5975264,23626415,336548,0,0,0,0,0,0,0,0,5127762.23931793,0,0,0,0,0,0,0,0,0,0,0,0,0,0,0,0,0,0,2026-06-19 14:52:51.958904+00,2026-06-19 14:52:51.958904+00
16410,16412,t,1582143699291069098,"UPDATE RES_FEAT_STAT AS T SET FTYPE_ID=C.FTYPE_ID,NUM_RES_ENT=C.NUM_RES_ENT_NEW,NUM_RES_ENT_OOM=C.NUM_RES_ENT_OOM_NEW FROM (VALUES (CAST ($1 AS BIGINT),CAST ($2 AS INT),CAST ($3 AS BIGINT),CAST ($4 AS BIGINT),CAST ($5 AS BIGINT),CAST ($6 AS BIGINT)),(CAST ($7 AS BIGINT),CAST ($8 AS INT),CAST ($9 AS BIGINT),CAST ($10 AS BIGINT),CAST ($11 AS BIGINT),CAST ($12 AS BIGINT)),(CAST ($13 AS BIGINT),CAST ($14 AS INT),CAST ($15 AS BIGINT),CAST ($16 AS BIGINT),CAST ($17 AS BIGINT),CAST ($18 AS BIGINT)),(CAST ($19 AS BIGINT),CAST ($20 AS INT),CAST ($21 AS BIGINT),CAST ($22 AS BIGINT),CAST ($23 AS BIGINT),CAST ($24 AS BIGINT)),(CAST ($25 AS BIGINT),CAST ($26 AS INT),CAST ($27 AS BIGINT),CAST ($28 AS BIGINT),CAST ($29 AS BIGINT),CAST ($30 AS BIGINT)),(CAST ($31 AS BIGINT),CAST ($32 AS INT),CAST ($33 AS BIGINT),CAST ($34 AS BIGINT),CAST ($35 AS BIGINT),CAST ($36 AS BIGINT)),(CAST ($37 AS BIGINT),CAST ($38 AS INT),CAST ($39 AS BIGINT),CAST ($40 AS BIGINT),CAST ($41 AS BIGINT),CAST ($42 AS BIGINT)),(CAST ($43 AS BIGINT),CAST ($44 AS INT),CAST ($45 AS BIGINT),CAST ($46 AS BIGINT),CAST ($47 AS BIGINT),CAST ($48 AS BIGINT)),(CAST ($49 AS BIGINT),CAST ($50 AS INT),CAST ($51 AS BIGINT),CAST ($52 AS BIGINT),CAST ($53 AS BIGINT),CAST ($54 AS BIGINT)),(CAST ($55 AS BIGINT),CAST ($56 AS INT),CAST ($57 AS BIGINT),CAST ($58 AS BIGINT),CAST ($59 AS BIGINT),CAST ($60 AS BIGINT)),(CAST ($61 AS BIGINT),CAST ($62 AS INT),CAST ($63 AS BIGINT),CAST ($64 AS BIGINT),CAST ($65 AS BIGINT),CAST ($66 AS BIGINT)),(CAST ($67 AS BIGINT),CAST ($68 AS INT),CAST ($69 AS BIGINT),CAST ($70 AS BIGINT),CAST ($71 AS BIGINT),CAST ($72 AS BIGINT)),(CAST ($73 AS BIGINT),CAST ($74 AS INT),CAST ($75 AS BIGINT),CAST ($76 AS BIGINT),CAST ($77 AS BIGINT),CAST ($78 AS BIGINT))) AS C(LIB_FEAT_ID,FTYPE_ID,NUM_RES_ENT_OLD,NUM_RES_ENT_OOM_OLD,NUM_RES_ENT_NEW,NUM_RES_ENT_OOM_NEW) WHERE C.LIB_FEAT_ID=T.LIB_FEAT_ID AND C.NUM_RES_ENT_OLD=T.NUM_RES_ENT AND C.NUM_RES_ENT_OOM_OLD=T.NUM_RES_ENT_OOM",0,0,0,0,0,0,11574,122976.50772299987,0.122017,1391.21151,10.62523826879211,50.799608762447946,150399,1577902,165,0,517,0,0,0,0,0,0,1725.8018239999997,2.746871,0,0,0,0,0,0,0,0,0,0,0,0,0,0,0,0,0,2026-06-19 14:54:59.381815+00,2026-06-19 14:54:59.381815+00
10,16384,t,3941602882670396634,"DECLARE ""query-cursor_192"" SCROLL CURSOR FOR select queryid, left(query, $1), calls, (total_plan_time + total_exec_time) as total_time from aurora_stat_statements($2) order by calls desc limit $3 FOR READ ONLY",0,0,0,0,0,0,1,0.079346,0.079346,0.079346,0.079346,0,0,0,0,0,0,0,0,0,0,0,0,0,0,0,0,0,0,0,0,0,0,0,0,0,0,0,0,0,0,0,2026-06-19 17:04:27.945997+00,2026-06-19 17:04:27.945997+00
16410,16412,t,5144827462131354222,"INSERT INTO RES_ENT(RES_ENT_ID,LAST_TOUCH_DT,LOCKING_ID,ENT_STATE) VALUES ($1,$2,$3,$4) ON CONFLICT DO NOTHING",0,0,0,0,0,0,21540615,49835275.66401218,0.011967,1008.7000109999999,2.3135493422082973,12.25844588228137,21540365,175409097,9475,0,263917,0,0,0,0,0,0,287027.9661889997,46777.02032300154,0,0,0,0,0,0,0,0,0,0,0,0,0,0,0,0,0,2026-06-19 14:52:39.537169+00,2026-06-19 14:52:39.537169+00
10,16384,t,-4660581513113176118,SELECT $1 FROM pg_catalog.pg_roles WHERE rolname = $2 AND rolsuper = $3 AND rolcreaterole = $4 AND rolcreatedb = $5 AND rolreplication = $6 AND rolbypassrls = $7 AND rolcanlogin = $8 LIMIT $9,0,0,0,0,0,0,37,0.6799299999999999,0.009451,0.032062,0.018376486486486484,0.005262988009710636,37,74,0,0,0,0,0,0,0,0,0,0,0,0,0,0,0,0,0,0,0,0,0,0,0,0,0,0,0,0,2026-06-19 12:57:23.774083+00,2026-06-19 12:57:23.774083+00
10,16384,t,-1886478258928659952,"MOVE ALL IN ""query-cursor_188""",0,0,0,0,0,0,1,9.024937,9.024937,9.024937,9.024937,0,0,0,0,0,0,0,0,0,0,0,0,0,0,0,0,0,0,0,0,0,0,0,0,0,0,0,0,0,0,0,2026-06-19 16:56:28.133993+00,2026-06-19 16:56:28.133993+00
16410,16412,t,1440651055128080051,"INSERT INTO SYS_SEQUENCE (SEQUENCE_NAME,NEXT_SEQUENCE,CACHE_SIZE) VALUES ($1,$2,$3)",0,0,0,0,0,0,5,1.320371,0.01947,1.199873,0.2640742,0.46809744126683706,5,23,1,0,2,0,0,0,0,0,0,1.12353,0.009824,0,0,0,0,0,0,0,0,0,0,0,0,0,0,0,0,0,2026-06-19 12:52:04.186832+00,2026-06-19 12:52:04.186832+00
16410,16412,t,2933749994313928233,"INSERT INTO RES_RELATE(RES_REL_ID,MIN_RES_ENT_ID,MAX_RES_ENT_ID,IS_DISCLOSED,IS_AMBIGUOUS,LAST_ERRULE_ID,MATCH_KEY,MATCH_KEY_DETAILS,MATCH_LEVELS) VALUES ($1,$2,$3,$4,$5,$6,$7,$8,$9),($10,$11,$12,$13,$14,$15,$16,$17,$18),($19,$20,$21,$22,$23,$24,$25,$26,$27),($28,$29,$30,$31,$32,$33,$34,$35,$36),($37,$38,$39,$40,$41,$42,$43,$44,$45),($46,$47,$48,$49,$50,$51,$52,$53,$54) ON CONFLICT DO NOTHING",0,0,0,0,0,0,71144,685742.111700003,0.076611,701.2277879999999,9.63879050517265,31.475765063258564,426864,3781189,16600,0,21276,0,0,0,0,0,0,253802.76387699944,863.483975,0,0,0,0,0,0,0,0,0,0,0,0,0,0,0,0,0,2026-06-19 14:52:54.70264+00,2026-06-19 14:52:54.70264+00
10,16384,t,992944234367090328,"MOVE ALL IN ""query-cursor_184""",0,0,0,0,0,0,1,10.478669,10.478669,10.478669,10.478669,0,0,0,0,0,0,0,0,0,0,0,0,0,0,0,0,0,0,0,0,0,0,0,0,0,0,0,0,0,0,0,2026-06-19 16:48:27.703691+00,2026-06-19 16:48:27.703691+00
10,16384,t,6885543868548155089,"FETCH 50 IN ""query-cursor_41""",0,0,0,0,0,0,7,0.025320000000000002,0.002951,0.005537,0.0036171428571428574,0.0008532468121528377,350,0,0,0,0,0,0,0,0,0,0,0,0,0,0,0,0,0,0,0,0,0,0,0,0,0,0,0,0,0,2026-06-19 13:29:27.666544+00,2026-06-19 13:29:27.666544+00
10,16384,t,-3942414875380243501,"FETCH 0 IN ""query-cursor_244""",0,0,0,0,0,0,1,0.006713,0.006713,0.006713,0.006713,0,0,0,0,0,0,0,0,0,0,0,0,0,0,0,0,0,0,0,0,0,0,0,0,0,0,0,0,0,0,0,2026-06-19 18:45:27.85272+00,2026-06-19 18:45:27.85272+00
16410,16412,t,4173565237583768448,DELETE FROM RES_REL_EKEY WHERE ((RES_ENT_ID=$1 AND REL_ENT_ID=$2 AND RES_REL_ID=$3) OR (RES_ENT_ID=$4 AND REL_ENT_ID=$5 AND RES_REL_ID=$6) OR (RES_ENT_ID=$7 AND REL_ENT_ID=$8 AND RES_REL_ID=$9) OR (RES_ENT_ID=$10 AND REL_ENT_ID=$11 AND RES_REL_ID=$12) OR (RES_ENT_ID=$13 AND REL_ENT_ID=$14 AND RES_REL_ID=$15) OR (RES_ENT_ID=$16 AND REL_ENT_ID=$17 AND RES_REL_ID=$18) OR (RES_ENT_ID=$19 AND REL_ENT_ID=$20 AND RES_REL_ID=$21) OR (RES_ENT_ID=$22 AND REL_ENT_ID=$23 AND RES_REL_ID=$24) OR (RES_ENT_ID=$25 AND REL_ENT_ID=$26 AND RES_REL_ID=$27) OR (RES_ENT_ID=$28 AND REL_ENT_ID=$29 AND RES_REL_ID=$30) OR (RES_ENT_ID=$31 AND REL_ENT_ID=$32 AND RES_REL_ID=$33) OR (RES_ENT_ID=$34 AND REL_ENT_ID=$35 AND RES_REL_ID=$36) OR (RES_ENT_ID=$37 AND REL_ENT_ID=$38 AND RES_REL_ID=$39) OR (RES_ENT_ID=$40 AND REL_ENT_ID=$41 AND RES_REL_ID=$42) OR (RES_ENT_ID=$43 AND REL_ENT_ID=$44 AND RES_REL_ID=$45) OR (RES_ENT_ID=$46 AND REL_ENT_ID=$47 AND RES_REL_ID=$48) OR (RES_ENT_ID=$49 AND REL_ENT_ID=$50 AND RES_REL_ID=$51) OR (RES_ENT_ID=$52 AND REL_ENT_ID=$53 AND RES_REL_ID=$54) OR (RES_ENT_ID=$55 AND REL_ENT_ID=$56 AND RES_REL_ID=$57) OR (RES_ENT_ID=$58 AND REL_ENT_ID=$59 AND RES_REL_ID=$60) OR (RES_ENT_ID=$61 AND REL_ENT_ID=$62 AND RES_REL_ID=$63) OR (RES_ENT_ID=$64 AND REL_ENT_ID=$65 AND RES_REL_ID=$66) OR (RES_ENT_ID=$67 AND REL_ENT_ID=$68 AND RES_REL_ID=$69) OR (RES_ENT_ID=$70 AND REL_ENT_ID=$71 AND RES_REL_ID=$72) OR (RES_ENT_ID=$73 AND REL_ENT_ID=$74 AND RES_REL_ID=$75) OR (RES_ENT_ID=$76 AND REL_ENT_ID=$77 AND RES_REL_ID=$78) OR (RES_ENT_ID=$79 AND REL_ENT_ID=$80 AND RES_REL_ID=$81) OR (RES_ENT_ID=$82 AND REL_ENT_ID=$83 AND RES_REL_ID=$84) OR (RES_ENT_ID=$85 AND REL_ENT_ID=$86 AND RES_REL_ID=$87) OR (RES_ENT_ID=$88 AND REL_ENT_ID=$89 AND RES_REL_ID=$90) OR (RES_ENT_ID=$91 AND REL_ENT_ID=$92 AND RES_REL_ID=$93) OR (RES_ENT_ID=$94 AND REL_ENT_ID=$95 AND RES_REL_ID=$96) OR (RES_ENT_ID=$97 AND REL_ENT_ID=$98 AND RES_REL_ID=$99)),0,0,0,0,0,0,101,1272.0048170000002,0.218466,120.544281,12.594107099009904,28.87082652114771,3271,16982,15,0,0,0,0,0,0,0,0,508.079001,0,0,0,0,0,0,0,0,0,0,0,0,0,0,0,0,0,0,2026-06-19 15:07:57.499251+00,2026-06-19 15:07:57.499251+00
16410,16412,t,6879607809688759379,"SELECT RES_ENT_ID,LIB_FEAT_ID,FTYPE_ID,UTYPE_CODE,SUPPRESSED,OBS_ENT_CNT FROM RES_FEAT_EKEY WHERE RES_ENT_ID IN ($1) AND FTYPE_ID IN ($2,$3,$4,$5,$6,$7,$8,$9)",0,0,0,0,0,0,6796,5660.825596000006,0.013134,380.57735199999996,0.8329643313713958,8.521874575403716,78804,36914,235,0,0,0,0,0,0,0,0,4425.548436,0,0,0,0,0,0,0,0,0,0,0,0,0,0,0,0,0,0,2026-06-19 14:52:40.17581+00,2026-06-19 14:52:40.17581+00
16410,16412,t,-4200456601790434286,"SELECT min(captured_at) FILTER (WHERE label=$1) AS baseline_at,
       max(captured_at) FILTER (WHERE label=$2)    AS final_at,
       max(captured_at) FILTER (WHERE label=$3)
         - min(captured_at) FILTER (WHERE label=$4) AS elapsed
FROM perf.snap_scalar",0,0,0,0,0,0,1,0.036204,0.036204,0.036204,0.036204,0,1,1,0,0,0,0,0,0,0,0,0,0,0,0,0,0,0,0,0,0,0,0,0,0,0,0,0,0,0,0,2026-06-19 19:00:29.414395+00,2026-06-19 19:00:29.414395+00
16410,16412,t,-8297252771886267624,SELECT CONFIG_DATA FROM SYS_CFG WHERE CONFIG_DATA_ID=$1,0,0,0,0,0,0,126,167.98108600000012,0.226304,42.377974,1.333183222222223,4.189454277943806,126,4313,11,0,0,0,0,0,0,0,0,3.299466,0,0,0,0,0,0,0,0,0,0,0,0,0,0,0,0,0,0,2026-06-19 12:53:04.441814+00,2026-06-19 12:53:04.441814+00
10,16384,t,-108679433695357514,"MOVE ALL IN ""query-cursor_86""",0,0,0,0,0,0,1,1.4215,1.4215,1.4215,1.4215,0,0,0,0,0,0,0,0,0,0,0,0,0,0,0,0,0,0,0,0,0,0,0,0,0,0,0,0,0,0,0,2026-06-19 14:14:27.670358+00,2026-06-19 14:14:27.670358+00
16410,16412,t,-3670728237978889489,"SELECT RES_ENT_ID,LIB_FEAT_ID,FTYPE_ID,UTYPE_CODE,SUPPRESSED,OBS_ENT_CNT FROM RES_FEAT_EKEY WHERE RES_ENT_ID IN ($1,$2) AND FTYPE_ID IN ($3,$4,$5,$6,$7,$8,$9,$10,$11,$12,$13,$14,$15,$16,$17,$18,$19,$20,$21)",0,0,0,0,0,0,340464,397290.24156300165,0.02892,503.501938,1.1669082239620097,8.926109324030797,16379599,3663824,15185,0,0,0,0,0,0,0,0,297626.8979340015,0,0,0,0,0,0,0,0,0,0,0,0,0,0,0,0,0,0,2026-06-19 14:52:40.796704+00,2026-06-19 14:52:40.796704+00
16410,16412,t,3416425948587793870,DELETE FROM RES_REL_EKEY WHERE ((RES_ENT_ID=$1 AND REL_ENT_ID=$2 AND RES_REL_ID=$3)),0,0,0,0,0,0,69,4.651916,0.010097,1.5966310000000001,0.06741907246376812,0.23027282800099205,37,341,0,0,0,0,0,0,0,0,0,0,0,0,0,0,0,0,0,0,0,0,0,0,0,0,0,0,0,0,2026-06-19 15:10:24.137547+00,2026-06-19 15:10:24.137547+00
16410,16412,t,2744164938674469662,"SELECT RES_ENT_ID,LIB_FEAT_ID,FTYPE_ID,UTYPE_CODE,SUPPRESSED,OBS_ENT_CNT FROM RES_FEAT_EKEY WHERE RES_ENT_ID IN ($1,$2,$3,$4,$5,$6,$7,$8,$9,$10,$11,$12,$13,$14,$15,$16,$17,$18,$19,$20,$21,$22,$23,$24,$25,$26,$27,$28,$29,$30,$31,$32) AND FTYPE_ID IN ($33,$34,$35,$36,$37,$38,$39,$40,$41,$42)",0,0,0,0,0,0,74,1084.051334,0.37870200000000004,111.456497,14.64934235135135,22.898910894454872,20153,7359,61,0,0,0,0,0,0,0,0,891.601985,0,0,0,0,0,0,0,0,0,0,0,0,0,0,0,0,0,0,2026-06-19 15:00:41.845741+00,2026-06-19 15:00:41.845741+00
10,16384,t,5465080005830006314,"MOVE -1689 IN ""query-cursor_175""",0,0,0,0,0,0,1,0.241034,0.241034,0.241034,0.241034,0,0,0,0,0,0,0,0,0,0,0,0,0,0,0,0,0,0,0,0,0,0,0,0,0,0,0,0,0,0,0,2026-06-19 16:28:27.896999+00,2026-06-19 16:28:27.896999+00
16410,16412,t,-3412172687818944753,"SELECT RES_ENT_ID,LIB_FEAT_ID,FTYPE_ID,UTYPE_CODE,SUPPRESSED,OBS_ENT_CNT FROM RES_FEAT_EKEY WHERE RES_ENT_ID IN ($1) AND FTYPE_ID IN ($2,$3,$4,$5,$6,$7,$8,$9,$10,$11,$12,$13,$14)",0,0,0,0,0,0,415422,291878.4277649998,0.015045000000000001,400.934622,0.7026070544289897,7.285183413920586,7438112,2257430,11046,0,0,0,0,0,0,0,0,228042.45484599937,0,0,0,0,0,0,0,0,0,0,0,0,0,0,0,0,0,0,2026-06-19 14:52:40.309355+00,2026-06-19 14:52:40.309355+00
10,16384,t,1415078381127277322,"DECLARE ""query-cursor_124"" SCROLL CURSOR FOR select queryid, left(query, $1), calls, (total_plan_time + total_exec_time) as total_time from aurora_stat_statements($2) order by calls desc limit $3 FOR READ ONLY",0,0,0,0,0,0,1,0.061,0.061,0.061,0.061,0,0,0,0,0,0,0,0,0,0,0,0,0,0,0,0,0,0,0,0,0,0,0,0,0,0,0,0,0,0,0,2026-06-19 14:52:27.671531+00,2026-06-19 14:52:27.671531+00
10,16384,t,-8849656241980110478,"DECLARE ""query-cursor_87"" SCROLL CURSOR FOR select queryid, left(query, $1), calls, (total_plan_time + total_exec_time) as total_time from aurora_stat_statements($2) order by calls desc limit $3 FOR READ ONLY",0,0,0,0,0,0,1,0.065568,0.065568,0.065568,0.065568,0,0,0,0,0,0,0,0,0,0,0,0,0,0,0,0,0,0,0,0,0,0,0,0,0,0,0,0,0,0,0,2026-06-19 14:15:27.668937+00,2026-06-19 14:15:27.668937+00
16410,16412,t,7987166870876121091,"INSERT INTO RES_FEAT_EKEY(RES_ENT_ID,LIB_FEAT_ID,FTYPE_ID,UTYPE_CODE,SUPPRESSED,OBS_ENT_CNT) VALUES ($1,$2,$3,$4,$5,$6),($7,$8,$9,$10,$11,$12),($13,$14,$15,$16,$17,$18),($19,$20,$21,$22,$23,$24),($25,$26,$27,$28,$29,$30),($31,$32,$33,$34,$35,$36),($37,$38,$39,$40,$41,$42),($43,$44,$45,$46,$47,$48),($49,$50,$51,$52,$53,$54),($55,$56,$57,$58,$59,$60) ON CONFLICT DO NOTHING",0,0,0,0,0,0,2205632,25082831.05691556,0.060756,1659.898378,11.372174078411792,30.430351573181717,22052857,304926260,32841,0,294124,0,0,0,0,0,0,759837.6063030032,35073.136545000554,0,0,0,0,0,0,0,0,0,0,0,0,0,0,0,0,0,2026-06-19 14:52:39.628529+00,2026-06-19 14:52:39.628529+00
10,16384,t,-3925330941504478429,"MOVE ALL IN ""query-cursor_202""",0,0,0,0,0,0,1,20.96803,20.96803,20.96803,20.96803,0,0,0,0,0,0,0,0,0,0,0,0,0,0,0,0,0,0,0,0,0,0,0,0,0,0,0,0,0,0,0,2026-06-19 17:24:27.819415+00,2026-06-19 17:24:27.819415+00
10,16384,t,5339689794879929419,"MOVE -754 IN ""query-cursor_102""",0,0,0,0,0,0,1,0.016289,0.016289,0.016289,0.016289,0,0,0,0,0,0,0,0,0,0,0,0,0,0,0,0,0,0,0,0,0,0,0,0,0,0,0,0,0,0,0,2026-06-19 14:30:27.671778+00,2026-06-19 14:30:27.671778+00
10,16384,t,7089437723339043190,select sum(aurora_stat_get_db_commit_latency(oid)) from pg_database,0,0,0,0,0,0,631,56.27977399999999,0.041319999999999996,0.975507,0.08919140095087162,0.07916748073716073,631,1841,1,0,0,0,0,0,0,0,0,0.815202,0,0,0,0,0,0,0,0,0,0,0,0,0,0,0,0,0,0,2026-06-19 12:48:52.344885+00,2026-06-19 12:48:52.344885+00
10,16384,t,-5610004483964998683,"DECLARE ""query-cursor_168"" SCROLL CURSOR FOR select queryid, left(query, $1), calls, (total_plan_time + total_exec_time) as total_time from aurora_stat_statements($2) order by calls desc limit $3 FOR READ ONLY",0,0,0,0,0,0,1,0.09209,0.09209,0.09209,0.09209,0,0,0,0,0,0,0,0,0,0,0,0,0,0,0,0,0,0,0,0,0,0,0,0,0,0,0,0,0,0,0,2026-06-19 16:12:27.764698+00,2026-06-19 16:12:27.764698+00
10,16384,t,-3965417197671905037,"FETCH 45 IN ""query-cursor_84""",0,0,0,0,0,0,1,0.002822,0.002822,0.002822,0.002822,0,45,0,0,0,0,0,0,0,0,0,0,0,0,0,0,0,0,0,0,0,0,0,0,0,0,0,0,0,0,0,2026-06-19 14:12:27.672527+00,2026-06-19 14:12:27.672527+00
10,16384,t,-6255421047348294227,"FETCH 50 IN ""query-cursor_231""",0,0,0,0,0,0,40,0.5408530000000001,0.00794,0.030438,0.013521325000000004,0.004662043309470109,2000,0,0,0,0,0,0,0,0,0,0,0,0,0,0,0,0,0,0,0,0,0,0,0,0,0,0,0,0,0,2026-06-19 18:22:27.688996+00,2026-06-19 18:22:27.688996+00
10,16384,t,-4695601670832277803,"MOVE -2123 IN ""query-cursor_244""",0,0,0,0,0,0,1,0.110419,0.110419,0.110419,0.110419,0,0,0,0,0,0,0,0,0,0,0,0,0,0,0,0,0,0,0,0,0,0,0,0,0,0,0,0,0,0,0,2026-06-19 18:45:27.862573+00,2026-06-19 18:45:27.862573+00
10,16384,t,-4361794038406521092,"MOVE -392 IN ""query-cursor_45""",0,0,0,0,0,0,1,0.009514,0.009514,0.009514,0.009514,0,0,0,0,0,0,0,0,0,0,0,0,0,0,0,0,0,0,0,0,0,0,0,0,0,0,0,0,0,0,0,2026-06-19 13:33:27.666865+00,2026-06-19 13:33:27.666865+00
16410,16412,t,-7207532726117570600,"SELECT RES_ENT_ID FROM RES_ENT WHERE RES_ENT_ID IN ($1,$2,$3,$4,$5,$6,$7,$8,$9,$10,$11,$12,$13,$14,$15,$16)",0,0,0,0,0,0,718,141.828164,0.036828,39.330168,0.19753226183844008,1.8059911413411245,39,20254,0,0,0,0,0,0,0,0,0,0,0,0,0,0,0,0,0,0,0,0,0,0,0,0,0,0,0,0,2026-06-19 16:19:38.113582+00,2026-06-19 16:19:38.113582+00
10,16384,t,8716144978546904528,"FETCH 50 IN ""query-cursor_96""",0,0,0,0,0,0,14,0.057572999999999985,0.002911,0.013026,0.0041123571428571416,0.0025413705134699847,700,0,0,0,0,0,0,0,0,0,0,0,0,0,0,0,0,0,0,0,0,0,0,0,0,0,0,0,0,0,2026-06-19 14:24:27.671311+00,2026-06-19 14:24:27.671311+00
10,16384,t,364654733852058143,"MOVE -1590 IN ""query-cursor_160""",0,0,0,0,0,0,1,0.163038,0.163038,0.163038,0.163038,0,0,0,0,0,0,0,0,0,0,0,0,0,0,0,0,0,0,0,0,0,0,0,0,0,0,0,0,0,0,0,2026-06-19 15:56:27.930165+00,2026-06-19 15:56:27.930165+00
16410,16412,t,3782382922886753706,"INSERT INTO RES_REL_EKEY(RES_REL_ID,RES_ENT_ID,REL_ENT_ID) VALUES ($1,$2,$3),($4,$5,$6),($7,$8,$9),($10,$11,$12),($13,$14,$15),($16,$17,$18),($19,$20,$21),($22,$23,$24),($25,$26,$27),($28,$29,$30),($31,$32,$33),($34,$35,$36),($37,$38,$39),($40,$41,$42),($43,$44,$45),($46,$47,$48),($49,$50,$51),($52,$53,$54),($55,$56,$57),($58,$59,$60),($61,$62,$63),($64,$65,$66),($67,$68,$69),($70,$71,$72),($73,$74,$75),($76,$77,$78) ON CONFLICT DO NOTHING",0,0,0,0,0,0,540,6797.601619000004,0.436152,309.603093,12.588151146296303,30.85877324752373,14040,130575,21,0,105,0,0,0,0,0,0,257.54679300000004,9.007114,0,0,0,0,0,0,0,0,0,0,0,0,0,0,0,0,0,2026-06-19 14:59:50.645297+00,2026-06-19 14:59:50.645297+00
10,16384,t,5594144960996503509,"FETCH 50 IN ""query-cursor_16""",0,0,0,0,0,0,4,0.014551999999999999,0.003067,0.004893,0.0036379999999999997,0.0007389675229670109,200,0,0,0,0,0,0,0,0,0,0,0,0,0,0,0,0,0,0,0,0,0,0,0,0,0,0,0,0,0,2026-06-19 13:04:27.664477+00,2026-06-19 13:04:27.664477+00
16410,16412,t,1118102651437641568,"SELECT RES_ENT_ID,OBS_ENT_ID,ERRULE_ID FROM RES_ENT_OKEY WHERE RES_ENT_ID IN ($1)",0,0,0,0,0,0,14298289,576459.7079570827,0.003954,175.308414,0.04031669159555263,0.567771319264063,18371609,72139670,198,0,0,0,0,0,0,0,0,2023.6170769999999,0,0,0,0,0,0,0,0,0,0,0,0,0,0,0,0,0,0,2026-06-19 14:52:51.919052+00,2026-06-19 14:52:51.919052+00
16410,16412,t,-3167805080225609584,"SELECT RES_ENT_ID,LIB_FEAT_ID,FTYPE_ID,UTYPE_CODE,SUPPRESSED,OBS_ENT_CNT FROM RES_FEAT_EKEY WHERE RES_ENT_ID IN ($1,$2) AND FTYPE_ID IN ($3,$4,$5,$6,$7,$8,$9,$10)",0,0,0,0,0,0,2985,3650.2563229999973,0.029020999999999998,195.22484,1.2228664398659959,7.584096740242272,68476,32012,159,0,0,0,0,0,0,0,0,2988.7833139999993,0,0,0,0,0,0,0,0,0,0,0,0,0,0,0,0,0,0,2026-06-19 14:52:50.184603+00,2026-06-19 14:52:50.184603+00
10,16384,t,167855761191220948,"MOVE -772 IN ""query-cursor_105""",0,0,0,0,0,0,1,0.016025,0.016025,0.016025,0.016025,0,0,0,0,0,0,0,0,0,0,0,0,0,0,0,0,0,0,0,0,0,0,0,0,0,0,0,0,0,0,0,2026-06-19 14:33:27.671974+00,2026-06-19 14:33:27.671974+00
16410,16412,t,-952876597501699504,"SELECT LIB_FEAT_ID,NUM_RES_ENT,NUM_RES_ENT_OOM,CANDIDATE_CAP_REACHED,SCORING_CAP_REACHED FROM RES_FEAT_STAT WHERE LIB_FEAT_ID IN ($1,$2,$3,$4,$5,$6,$7,$8,$9,$10,$11,$12,$13,$14,$15,$16)",0,0,0,0,0,0,64728397,32140620.63415227,0.010001,869.5554960000001,0.4965459075736461,4.929491038150801,812158246,916113085,1294885,0,0,0,0,0,0,0,0,15107323.61961112,0,0,0,0,0,0,0,0,0,0,0,0,0,0,0,0,0,0,2026-06-19 14:52:39.863239+00,2026-06-19 14:52:39.863239+00
10,16384,t,7264249228596904214,"MOVE ALL IN ""query-cursor_98""",0,0,0,0,0,0,1,1.547025,1.547025,1.547025,1.547025,0,0,0,0,0,0,0,0,0,0,0,0,0,0,0,0,0,0,0,0,0,0,0,0,0,0,0,0,0,0,0,2026-06-19 14:26:27.671341+00,2026-06-19 14:26:27.671341+00
10,16384,t,-7381180330205274209,"MOVE -2053 IN ""query-cursor_233""",0,0,0,0,0,0,1,0.096155,0.096155,0.096155,0.096155,0,0,0,0,0,0,0,0,0,0,0,0,0,0,0,0,0,0,0,0,0,0,0,0,0,0,0,0,0,0,0,2026-06-19 18:26:27.68968+00,2026-06-19 18:26:27.68968+00
10,16384,t,4897257018718542170,"DECLARE ""query-cursor_175"" SCROLL CURSOR FOR select queryid, left(query, $1), calls, (total_plan_time + total_exec_time) as total_time from aurora_stat_statements($2) order by calls desc limit $3 FOR READ ONLY",0,0,0,0,0,0,1,0.079747,0.079747,0.079747,0.079747,0,0,0,0,0,0,0,0,0,0,0,0,0,0,0,0,0,0,0,0,0,0,0,0,0,0,0,0,0,0,0,2026-06-19 16:28:27.754234+00,2026-06-19 16:28:27.754234+00
10,16384,t,945075963998596013,"MOVE -556 IN ""query-cursor_69""",0,0,0,0,0,0,1,0.012887,0.012887,0.012887,0.012887,0,0,0,0,0,0,0,0,0,0,0,0,0,0,0,0,0,0,0,0,0,0,0,0,0,0,0,0,0,0,0,2026-06-19 13:57:27.668967+00,2026-06-19 13:57:27.668967+00
10,16384,t,-6935175335310173767,"FETCH 21 IN ""query-cursor_80""",0,0,0,0,0,0,1,0.002222,0.002222,0.002222,0.002222,0,21,0,0,0,0,0,0,0,0,0,0,0,0,0,0,0,0,0,0,0,0,0,0,0,0,0,0,0,0,0,2026-06-19 14:08:27.67181+00,2026-06-19 14:08:27.67181+00
16410,16412,t,1956934422706040466,"INSERT INTO RES_REL_EKEY(RES_REL_ID,RES_ENT_ID,REL_ENT_ID) VALUES ($1,$2,$3),($4,$5,$6),($7,$8,$9),($10,$11,$12),($13,$14,$15),($16,$17,$18),($19,$20,$21),($22,$23,$24),($25,$26,$27),($28,$29,$30),($31,$32,$33),($34,$35,$36),($37,$38,$39),($40,$41,$42),($43,$44,$45),($46,$47,$48),($49,$50,$51),($52,$53,$54),($55,$56,$57),($58,$59,$60),($61,$62,$63),($64,$65,$66) ON CONFLICT DO NOTHING",0,0,0,0,0,0,2585,28863.983410000015,0.30054000000000003,248.893657,11.165951029013545,27.617274876069846,56870,519801,80,0,355,0,0,0,0,0,0,2169.5325759999996,69.94803499999998,0,0,0,0,0,0,0,0,0,0,0,0,0,0,0,0,0,2026-06-19 14:54:22.982488+00,2026-06-19 14:54:22.982488+00
10,16384,t,-136148264956630609,"DECLARE ""query-cursor_93"" SCROLL CURSOR FOR select queryid, left(query, $1), calls, (total_plan_time + total_exec_time) as total_time from aurora_stat_statements($2) order by calls desc limit $3 FOR READ ONLY",0,0,0,0,0,0,1,0.065384,0.065384,0.065384,0.065384,0,0,0,0,0,0,0,0,0,0,0,0,0,0,0,0,0,0,0,0,0,0,0,0,0,0,0,0,0,0,0,2026-06-19 14:21:27.669313+00,2026-06-19 14:21:27.669313+00
10,16384,t,-1948232142962337024,"FETCH 35 IN ""query-cursor_44""",0,0,0,0,0,0,1,0.002692,0.002692,0.002692,0.002692,0,35,0,0,0,0,0,0,0,0,0,0,0,0,0,0,0,0,0,0,0,0,0,0,0,0,0,0,0,0,0,2026-06-19 13:32:27.668034+00,2026-06-19 13:32:27.668034+00
10,16384,t,-1048953096702947213,"FETCH 50 IN ""query-cursor_140""",0,0,0,0,0,0,28,0.466404,0.010139,0.043384,0.016657285714285715,0.006676944740015786,1400,0,0,0,0,0,0,0,0,0,0,0,0,0,0,0,0,0,0,0,0,0,0,0,0,0,0,0,0,0,2026-06-19 15:16:28.419062+00,2026-06-19 15:16:28.419062+00
16410,16412,t,-1102580095597343801,"UPDATE RES_RELATE AS T SET IS_DISCLOSED=C.IS_DISCLOSED,IS_AMBIGUOUS=C.IS_AMBIGUOUS,LAST_ERRULE_ID=C.LAST_ERRULE_ID,MATCH_KEY=C.MATCH_KEY,MATCH_KEY_DETAILS=C.MATCH_KEY_DETAILS,MATCH_LEVELS=C.MATCH_LEVELS FROM (VALUES (CAST ($1 AS BIGINT),CAST ($2 AS BIGINT),CAST ($3 AS BIGINT),CAST ($4 AS BIGINT),$5,$6,$7),(CAST ($8 AS BIGINT),CAST ($9 AS BIGINT),CAST ($10 AS BIGINT),CAST ($11 AS BIGINT),$12,$13,$14),(CAST ($15 AS BIGINT),CAST ($16 AS BIGINT),CAST ($17 AS BIGINT),CAST ($18 AS BIGINT),$19,$20,$21),(CAST ($22 AS BIGINT),CAST ($23 AS BIGINT),CAST ($24 AS BIGINT),CAST ($25 AS BIGINT),$26,$27,$28)) AS C(RES_REL_ID,IS_DISCLOSED,IS_AMBIGUOUS,LAST_ERRULE_ID,MATCH_KEY,MATCH_KEY_DETAILS,MATCH_LEVELS) WHERE C.RES_REL_ID=T.RES_REL_ID",0,0,0,0,0,0,203332,957233.4868269986,0.043265,764.778961,4.707736543323228,20.603426722685576,813276,7910961,27046,0,20486,0,0,0,0,0,0,337264.76165200083,672.1161739999999,0,0,0,0,0,0,0,0,0,0,0,0,0,0,0,0,0,2026-06-19 14:52:52.61576+00,2026-06-19 14:52:52.61576+00
10,16384,t,-5387784415775038322,"DECLARE ""query-cursor_119"" SCROLL CURSOR FOR select queryid, left(query, $1), calls, (total_plan_time + total_exec_time) as total_time from aurora_stat_statements($2) order by calls desc limit $3 FOR READ ONLY",0,0,0,0,0,0,1,0.0627,0.0627,0.0627,0.0627,0,0,0,0,0,0,0,0,0,0,0,0,0,0,0,0,0,0,0,0,0,0,0,0,0,0,0,0,0,0,0,2026-06-19 14:47:27.671133+00,2026-06-19 14:47:27.671133+00
10,16384,t,2594001319117772623,"FETCH 50 IN ""query-cursor_100""",0,0,0,0,0,0,14,0.044223,0.002674,0.006038,0.0031587857142857142,0.000806377010245866,700,0,0,0,0,0,0,0,0,0,0,0,0,0,0,0,0,0,0,0,0,0,0,0,0,0,0,0,0,0,2026-06-19 14:28:27.671645+00,2026-06-19 14:28:27.671645+00
10,16384,t,6230823562146543377,"DECLARE ""query-cursor_79"" SCROLL CURSOR FOR select queryid, left(query, $1), calls, (total_plan_time + total_exec_time) as total_time from aurora_stat_statements($2) order by calls desc limit $3 FOR READ ONLY",0,0,0,0,0,0,1,0.064798,0.064798,0.064798,0.064798,0,0,0,0,0,0,0,0,0,0,0,0,0,0,0,0,0,0,0,0,0,0,0,0,0,0,0,0,0,0,0,2026-06-19 14:07:27.66836+00,2026-06-19 14:07:27.66836+00
10,16384,t,1444229378710159251,SELECT count(*) from pg_catalog.pg_proc where proname=$1 and pronamespace=$2::regnamespace::oid,0,0,0,0,0,0,376,18.896721999999993,0.008246,10.567434,0.05025723936170211,0.5484682579771798,376,1125,3,0,0,0,0,0,0,0,0,11.978584,0,0,0,0,0,0,0,0,0,0,0,0,0,0,0,0,0,0,2026-06-19 12:48:52.361627+00,2026-06-19 12:48:52.361627+00
10,16384,t,2682070339332516230,"select queryid, calls, (total_plan_time + total_exec_time) as total_time, rows, shared_blks_hit, shared_blks_dirtied, shared_blks_read, shared_blks_written, local_blks_hit, local_blks_dirtied, local_blks_read, local_blks_written, temp_blks_read, temp_blks_written, storage_blks_read, orcache_blks_hit, shared_blk_read_time as blk_read_time, shared_blk_write_time as blk_write_time, storage_blk_read_time, local_blk_read_time, orcache_blk_read_time, total_plan_time, total_exec_time from aurora_stat_statements($1) where queryid in ($2, $3, $4, $5, $6, $7, $8, $9, $10, $11, $12, $13, $14, $15, $16, $17, $18, $19, $20, $21, $22, $23, $24, $25, $26, $27, $28, $29, $30, $31, $32, $33, $34, $35, $36, $37, $38, $39, $40, $41, $42, $43, $44, $45, $46, $47, $48, $49, $50, $51, $52, $53, $54, $55, $56, $57, $58, $59)",0,0,0,0,0,0,4,10.733879,2.4876020000000003,2.998924,2.68346975,0.2048638299241412,235,0,0,0,0,0,0,0,0,0,0,0,0,0,0,0,0,0,0,0,0,0,0,0,0,0,0,0,0,0,2026-06-19 18:26:37.691235+00,2026-06-19 18:26:37.691235+00
16410,16412,t,7665846493434763599,"SELECT RES_ENT_ID,LIB_FEAT_ID,FTYPE_ID,UTYPE_CODE,SUPPRESSED,OBS_ENT_CNT FROM RES_FEAT_EKEY WHERE RES_ENT_ID IN ($1,$2,$3,$4,$5,$6,$7,$8) AND FTYPE_ID IN ($9,$10,$11,$12,$13,$14,$15,$16,$17,$18,$19)",0,0,0,0,0,0,61782,265659.52007699927,0.056222,446.311098,4.2999501485383975,18.20715921254428,6131935,2077923,11523,0,0,0,0,0,0,0,0,215911.98409000004,0,0,0,0,0,0,0,0,0,0,0,0,0,0,0,0,0,0,2026-06-19 14:52:45.398262+00,2026-06-19 14:52:45.398262+00
10,16384,t,2877403704639359405,SELECT pg_backend_pid(),0,0,0,0,0,0,378,2.7139070000000003,0.0046700000000000005,0.034688,0.0071796481481481485,0.0023395359159726964,378,0,0,0,0,0,0,0,0,0,0,0,0,0,0,0,0,0,0,0,0,0,0,0,0,0,0,0,0,0,2026-06-19 12:48:00.354717+00,2026-06-19 12:48:00.354717+00
10,16384,t,-4349732718416800468,"FETCH 0 IN ""query-cursor_194""",0,0,0,0,0,0,1,0.009226,0.009226,0.009226,0.009226,0,0,0,0,0,0,0,0,0,0,0,0,0,0,0,0,0,0,0,0,0,0,0,0,0,0,0,0,0,0,0,2026-06-19 17:08:27.679658+00,2026-06-19 17:08:27.679658+00
16410,16412,t,4975769408314547698,"INSERT INTO RES_FEAT_STAT(LIB_FEAT_ID,FTYPE_ID,NUM_RES_ENT,NUM_RES_ENT_OOM) VALUES ($1,$2,$3,$4),($5,$6,$7,$8),($9,$10,$11,$12),($13,$14,$15,$16),($17,$18,$19,$20),($21,$22,$23,$24),($25,$26,$27,$28),($29,$30,$31,$32),($33,$34,$35,$36),($37,$38,$39,$40),($41,$42,$43,$44),($45,$46,$47,$48),($49,$50,$51,$52),($53,$54,$55,$56) ON CONFLICT DO NOTHING",0,0,0,0,0,0,1943584,30824399.678944275,0.12893,3070.607966,15.859566491051725,64.11929089007356,27210168,271567048,16675,0,283263,0,0,0,0,0,0,160556.87860300022,26713.449320999644,0,0,0,0,0,0,0,0,0,0,0,0,0,0,0,0,0,2026-06-19 14:52:39.56355+00,2026-06-19 14:52:39.56355+00
10,16384,t,6521605875987173684,"FETCH 50 IN ""query-cursor_167""",0,0,0,0,0,0,32,0.5588209999999999,0.012121,0.040514,0.017463156249999997,0.005815899318406051,1600,0,0,0,0,0,0,0,0,0,0,0,0,0,0,0,0,0,0,0,0,0,0,0,0,0,0,0,0,0,2026-06-19 16:10:27.919507+00,2026-06-19 16:10:27.919507+00
16410,16412,t,-155267325393836631,DELETE FROM RES_FEAT_EKEY WHERE RES_ENT_ID=$1 AND ((LIB_FEAT_ID=$2 AND UTYPE_CODE=$3)OR(LIB_FEAT_ID=$4 AND UTYPE_CODE=$5)OR(LIB_FEAT_ID=$6 AND UTYPE_CODE=$7)OR(LIB_FEAT_ID=$8 AND UTYPE_CODE=$9)OR(LIB_FEAT_ID=$10 AND UTYPE_CODE=$11)OR(LIB_FEAT_ID=$12 AND UTYPE_CODE=$13)OR(LIB_FEAT_ID=$14 AND UTYPE_CODE=$15)OR(LIB_FEAT_ID=$16 AND UTYPE_CODE=$17)OR(LIB_FEAT_ID=$18 AND UTYPE_CODE=$19)OR(LIB_FEAT_ID=$20 AND UTYPE_CODE=$21)OR(LIB_FEAT_ID=$22 AND UTYPE_CODE=$23)OR(LIB_FEAT_ID=$24 AND UTYPE_CODE=$25)OR(LIB_FEAT_ID=$26 AND UTYPE_CODE=$27)OR(LIB_FEAT_ID=$28 AND UTYPE_CODE=$29)OR(LIB_FEAT_ID=$30 AND UTYPE_CODE=$31)OR(LIB_FEAT_ID=$32 AND UTYPE_CODE=$33)OR(LIB_FEAT_ID=$34 AND UTYPE_CODE=$35)OR(LIB_FEAT_ID=$36 AND UTYPE_CODE=$37)OR(LIB_FEAT_ID=$38 AND UTYPE_CODE=$39)OR(LIB_FEAT_ID=$40 AND UTYPE_CODE=$41)OR(LIB_FEAT_ID=$42 AND UTYPE_CODE=$43)OR(LIB_FEAT_ID=$44 AND UTYPE_CODE=$45)OR(LIB_FEAT_ID=$46 AND UTYPE_CODE=$47)OR(LIB_FEAT_ID=$48 AND UTYPE_CODE=$49)OR(LIB_FEAT_ID=$50 AND UTYPE_CODE=$51)OR(LIB_FEAT_ID=$52 AND UTYPE_CODE=$53)OR(LIB_FEAT_ID=$54 AND UTYPE_CODE=$55)OR(LIB_FEAT_ID=$56 AND UTYPE_CODE=$57)OR(LIB_FEAT_ID=$58 AND UTYPE_CODE=$59)OR(LIB_FEAT_ID=$60 AND UTYPE_CODE=$61)OR(LIB_FEAT_ID=$62 AND UTYPE_CODE=$63)OR(LIB_FEAT_ID=$64 AND UTYPE_CODE=$65)OR(LIB_FEAT_ID=$66 AND UTYPE_CODE=$67)OR(LIB_FEAT_ID=$68 AND UTYPE_CODE=$69)OR(LIB_FEAT_ID=$70 AND UTYPE_CODE=$71)OR(LIB_FEAT_ID=$72 AND UTYPE_CODE=$73)OR(LIB_FEAT_ID=$74 AND UTYPE_CODE=$75)OR(LIB_FEAT_ID=$76 AND UTYPE_CODE=$77)OR(LIB_FEAT_ID=$78 AND UTYPE_CODE=$79)OR(LIB_FEAT_ID=$80 AND UTYPE_CODE=$81)OR(LIB_FEAT_ID=$82 AND UTYPE_CODE=$83)OR(LIB_FEAT_ID=$84 AND UTYPE_CODE=$85)OR(LIB_FEAT_ID=$86 AND UTYPE_CODE=$87)OR(LIB_FEAT_ID=$88 AND UTYPE_CODE=$89)OR(LIB_FEAT_ID=$90 AND UTYPE_CODE=$91)),0,0,0,0,0,0,1986,85905.121355,0.013609,392.001766,43.2553481143001,70.59251059052745,53405,394249,1053,0,0,0,0,0,0,0,0,55906.86573999997,0,0,0,0,0,0,0,0,0,0,0,0,0,0,0,0,0,0,2026-06-19 14:56:37.991135+00,2026-06-19 14:56:37.991135+00
10,16384,t,-3542163574160076941,"FETCH 0 IN ""query-cursor_195""",0,0,0,0,0,0,1,0.009191,0.009191,0.009191,0.009191,0,0,0,0,0,0,0,0,0,0,0,0,0,0,0,0,0,0,0,0,0,0,0,0,0,0,0,0,0,0,0,2026-06-19 17:10:27.826499+00,2026-06-19 17:10:27.826499+00
16410,16412,t,-2490555578411168934,"SELECT LIB_FEAT_ID,FEAT_DESC,FTYPE_ID,ANONYMIZED,FEAT_HASH,VERSION,FELEM_VALUES FROM LIB_FEAT WHERE LIB_FEAT_ID IN ($1,$2,$3,$4,$5,$6,$7,$8,$9,$10,$11,$12,$13,$14,$15,$16)",0,0,0,0,0,0,14572157,61387560.80058645,0.013258,891.120967,4.2126612278872955,21.001856939743412,180326191,258203740,5165416,0,0,0,0,0,0,0,0,56771674.37366308,0,0,0,0,0,0,0,0,0,0,0,0,0,0,0,0,0,0,2026-06-19 14:52:39.996419+00,2026-06-19 14:52:39.996419+00
10,16384,t,1795062516392539995,"FETCH 50 IN ""query-cursor_166""",0,0,0,0,0,0,32,0.5761050000000001,0.01047,0.036406,0.018003281250000003,0.0073567509822372295,1600,0,0,0,0,0,0,0,0,0,0,0,0,0,0,0,0,0,0,0,0,0,0,0,0,0,0,0,0,0,2026-06-19 16:08:27.999549+00,2026-06-19 16:08:27.999549+00
10,16384,t,-7859427105001692455,"FETCH 0 IN ""query-cursor_47""",0,0,0,0,0,0,1,0.003906,0.003906,0.003906,0.003906,0,0,0,0,0,0,0,0,0,0,0,0,0,0,0,0,0,0,0,0,0,0,0,0,0,0,0,0,0,0,0,2026-06-19 13:35:27.666102+00,2026-06-19 13:35:27.666102+00
10,16384,t,-8089588622244042518,"FETCH 50 IN ""query-cursor_112""",0,0,0,0,0,0,16,0.05151,0.002848,0.005492,0.003219375,0.0006167804385476248,800,0,0,0,0,0,0,0,0,0,0,0,0,0,0,0,0,0,0,0,0,0,0,0,0,0,0,0,0,0,2026-06-19 14:40:27.672639+00,2026-06-19 14:40:27.672639+00
10,16384,t,-7301074090774576575,"FETCH 30 IN ""query-cursor_197""",0,0,0,0,0,0,1,0.008018,0.008018,0.008018,0.008018,0,30,0,0,0,0,0,0,0,0,0,0,0,0,0,0,0,0,0,0,0,0,0,0,0,0,0,0,0,0,0,2026-06-19 17:14:28.155525+00,2026-06-19 17:14:28.155525+00
10,16384,t,-6958506420027017541,"MOVE -736 IN ""query-cursor_99""",0,0,0,0,0,0,1,0.015821,0.015821,0.015821,0.015821,0,0,0,0,0,0,0,0,0,0,0,0,0,0,0,0,0,0,0,0,0,0,0,0,0,0,0,0,0,0,0,2026-06-19 14:27:27.671545+00,2026-06-19 14:27:27.671545+00
10,16384,t,5159362588268813367,"FETCH 0 IN ""query-cursor_119""",0,0,0,0,0,0,1,0.004033,0.004033,0.004033,0.004033,0,0,0,0,0,0,0,0,0,0,0,0,0,0,0,0,0,0,0,0,0,0,0,0,0,0,0,0,0,0,0,2026-06-19 14:47:27.671177+00,2026-06-19 14:47:27.671177+00
10,16384,t,7542918060122424729,"MOVE ALL IN ""query-cursor_179""",0,0,0,0,0,0,1,485.167482,485.167482,485.167482,485.167482,0,0,0,0,0,0,0,0,0,0,0,0,0,0,0,0,0,0,0,0,0,0,0,0,0,0,0,0,0,0,0,2026-06-19 16:36:28.575165+00,2026-06-19 16:36:28.575165+00
10,16384,t,568825620565498524,"MOVE ALL IN ""query-cursor_100""",0,0,0,0,0,0,1,1.5916,1.5916,1.5916,1.5916,0,0,0,0,0,0,0,0,0,0,0,0,0,0,0,0,0,0,0,0,0,0,0,0,0,0,0,0,0,0,0,2026-06-19 14:28:27.671546+00,2026-06-19 14:28:27.671546+00
10,5,t,4743708967602125791,"SELECT COUNT(*)
RELS
,(MAX(RELPAGES::bigint) FILTER (WHERE RELKIND IN ($1,$2,$3,$4) AND RELNAMESPACE<>$5::REGNAMESPACE))*$6
LARGEST_TABLE_BYTES
,(MAX(RELTUPLES::bigint) FILTER (WHERE RELKIND IN ($7,$8,$9,$10) AND RELNAMESPACE<>$11::REGNAMESPACE))
LARGEST_TABLE_TUPLES
,(MAX(RELPAGES::bigint) FILTER (WHERE RELKIND IN ($12,$13) AND RELNAMESPACE<>$14::REGNAMESPACE))*$15
LARGEST_INDEX_BYTES
,(MAX(RELTUPLES::bigint) FILTER (WHERE RELKIND IN ($16,$17) AND RELNAMESPACE<>$18::REGNAMESPACE))
LARGEST_INDEX_TUPLES
,(MAX(RELPAGES::bigint) FILTER (WHERE RELKIND IN ($19,$20,$21,$22) AND RELNAMESPACE=$23::REGNAMESPACE))*$24
LARGEST_CATALOG_TABLE_BYTES
,(MAX(RELTUPLES::bigint) FILTER (WHERE RELKIND IN ($25,$26,$27,$28) AND RELNAMESPACE=$29::REGNAMESPACE))
LARGEST_CATALOG_TABLE_TUPLES
,(MAX(RELPAGES::bigint) FILTER (WHERE RELKIND IN ($30,$31) AND RELNAMESPACE=$32::REGNAMESPACE))*$33
LARGEST_CATALOG_INDEX_BYTES
,(MAX(RELTUPLES::bigint) FILTER (WHERE RELKIND IN ($34,$35) AND RELNAMESPACE=$36::REGNAMESPACE))
LARGEST_CATALOG_INDEX_TUPLES
FROM PG_CATALOG.PG_CLASS",0,0,0,0,0,0,1,0.151759,0.151759,0.151759,0.151759,0,1,14,0,0,0,0,0,0,0,0,0,0,0,0,0,0,0,0,0,0,0,0,0,0,0,0,0,0,0,0,2026-06-19 13:45:00.131966+00,2026-06-19 13:45:00.131966+00
10,16384,t,-3499858337830708346,"FETCH 0 IN ""query-cursor_124""",0,0,0,0,0,0,1,0.003795,0.003795,0.003795,0.003795,0,0,0,0,0,0,0,0,0,0,0,0,0,0,0,0,0,0,0,0,0,0,0,0,0,0,0,0,0,0,0,2026-06-19 14:52:27.671574+00,2026-06-19 14:52:27.671574+00
16410,16412,t,3519821244857895553,"SELECT RES_ENT_ID,LIB_FEAT_ID,FTYPE_ID,UTYPE_CODE,SUPPRESSED,OBS_ENT_CNT FROM RES_FEAT_EKEY WHERE RES_ENT_ID IN ($1,$2,$3,$4,$5,$6,$7,$8,$9,$10,$11,$12,$13,$14,$15,$16,$17,$18,$19,$20,$21,$22,$23,$24,$25,$26,$27,$28,$29,$30,$31,$32,$33,$34,$35,$36,$37,$38,$39,$40,$41,$42,$43,$44,$45,$46,$47,$48,$49,$50,$51,$52,$53,$54,$55,$56,$57,$58,$59,$60,$61,$62,$63,$64) AND FTYPE_ID IN ($65,$66,$67,$68,$69,$70,$71,$72,$73,$74,$75,$76,$77,$78,$79,$80,$81,$82,$83,$84)",0,0,0,0,0,0,4,78.50749,1.0395809999999999,66.1953,19.6268725,27.132393633242266,3626,747,12,0,0,0,0,0,0,0,0,73.10501599999999,0,0,0,0,0,0,0,0,0,0,0,0,0,0,0,0,0,0,2026-06-19 17:03:06.947893+00,2026-06-19 17:03:06.947893+00
16410,16412,t,-4243829062671257241,"INSERT INTO LIB_FEAT(LIB_FEAT_ID,FTYPE_ID,FEAT_HASH,FEAT_DESC,FELEM_VALUES,ANONYMIZED,VERSION) VALUES ($1,$2,$3,$4,$5,$6,$7),($8,$9,$10,$11,$12,$13,$14),($15,$16,$17,$18,$19,$20,$21),($22,$23,$24,$25,$26,$27,$28),($29,$30,$31,$32,$33,$34,$35),($36,$37,$38,$39,$40,$41,$42),($43,$44,$45,$46,$47,$48,$49),($50,$51,$52,$53,$54,$55,$56),($57,$58,$59,$60,$61,$62,$63) ON CONFLICT(FTYPE_ID,FEAT_HASH,ANONYMIZED) DO UPDATE SET FTYPE_ID=LIB_FEAT.FTYPE_ID,FEAT_HASH=LIB_FEAT.FEAT_HASH,ANONYMIZED=LIB_FEAT.ANONYMIZED RETURNING LIB_FEAT_ID,FTYPE_ID,FEAT_HASH,ANONYMIZED,FEAT_DESC",0,0,0,0,0,0,1352139,20519095.469116233,0.175196,1701.2482810000001,15.17528558019274,41.126417732799176,12169251,189826351,595,0,436737,0,0,0,0,0,0,11566.40149300001,43655.64976500026,0,0,0,0,0,0,0,0,0,0,0,0,0,0,0,0,0,2026-06-19 14:52:39.533845+00,2026-06-19 14:52:39.533845+00
10,16384,t,-678213739664278122,"MOVE ALL IN ""query-cursor_43""",0,0,0,0,0,0,1,0.84214,0.84214,0.84214,0.84214,0,0,0,0,0,0,0,0,0,0,0,0,0,0,0,0,0,0,0,0,0,0,0,0,0,0,0,0,0,0,0,2026-06-19 13:31:27.666651+00,2026-06-19 13:31:27.666651+00
16410,16412,t,3524975744929793700,"UPDATE RES_FEAT_STAT AS T SET FTYPE_ID=C.FTYPE_ID,NUM_RES_ENT=C.NUM_RES_ENT_NEW,NUM_RES_ENT_OOM=C.NUM_RES_ENT_OOM_NEW FROM (VALUES (CAST ($1 AS BIGINT),CAST ($2 AS INT),CAST ($3 AS BIGINT),CAST ($4 AS BIGINT),CAST ($5 AS BIGINT),CAST ($6 AS BIGINT)),(CAST ($7 AS BIGINT),CAST ($8 AS INT),CAST ($9 AS BIGINT),CAST ($10 AS BIGINT),CAST ($11 AS BIGINT),CAST ($12 AS BIGINT)),(CAST ($13 AS BIGINT),CAST ($14 AS INT),CAST ($15 AS BIGINT),CAST ($16 AS BIGINT),CAST ($17 AS BIGINT),CAST ($18 AS BIGINT)),(CAST ($19 AS BIGINT),CAST ($20 AS INT),CAST ($21 AS BIGINT),CAST ($22 AS BIGINT),CAST ($23 AS BIGINT),CAST ($24 AS BIGINT)),(CAST ($25 AS BIGINT),CAST ($26 AS INT),CAST ($27 AS BIGINT),CAST ($28 AS BIGINT),CAST ($29 AS BIGINT),CAST ($30 AS BIGINT)),(CAST ($31 AS BIGINT),CAST ($32 AS INT),CAST ($33 AS BIGINT),CAST ($34 AS BIGINT),CAST ($35 AS BIGINT),CAST ($36 AS BIGINT)),(CAST ($37 AS BIGINT),CAST ($38 AS INT),CAST ($39 AS BIGINT),CAST ($40 AS BIGINT),CAST ($41 AS BIGINT),CAST ($42 AS BIGINT)),(CAST ($43 AS BIGINT),CAST ($44 AS INT),CAST ($45 AS BIGINT),CAST ($46 AS BIGINT),CAST ($47 AS BIGINT),CAST ($48 AS BIGINT)),(CAST ($49 AS BIGINT),CAST ($50 AS INT),CAST ($51 AS BIGINT),CAST ($52 AS BIGINT),CAST ($53 AS BIGINT),CAST ($54 AS BIGINT))) AS C(LIB_FEAT_ID,FTYPE_ID,NUM_RES_ENT_OLD,NUM_RES_ENT_OOM_OLD,NUM_RES_ENT_NEW,NUM_RES_ENT_OOM_NEW) WHERE C.LIB_FEAT_ID=T.LIB_FEAT_ID AND C.NUM_RES_ENT_OLD=T.NUM_RES_ENT AND C.NUM_RES_ENT_OOM_OLD=T.NUM_RES_ENT_OOM",0,0,0,0,0,0,94046,729742.9270140135,0.105184,1315.836877,7.759425462156961,35.860682340821256,845932,8114797,888,0,4881,0,0,0,0,0,0,6103.783152999998,74.12467700000002,0,0,0,0,0,0,0,0,0,0,0,0,0,0,0,0,0,2026-06-19 14:53:16.121618+00,2026-06-19 14:53:16.121618+00
10,16384,t,4149639330670546499,"FETCH 4 IN ""query-cursor_193""",0,0,0,0,0,0,1,0.00562,0.00562,0.00562,0.00562,0,4,0,0,0,0,0,0,0,0,0,0,0,0,0,0,0,0,0,0,0,0,0,0,0,0,0,0,0,0,0,2026-06-19 17:06:27.9194+00,2026-06-19 17:06:27.9194+00
10,16384,t,7350890478655205948,"MOVE -1851 IN ""query-cursor_200""",0,0,0,0,0,0,1,0.161239,0.161239,0.161239,0.161239,0,0,0,0,0,0,0,0,0,0,0,0,0,0,0,0,0,0,0,0,0,0,0,0,0,0,0,0,0,0,0,2026-06-19 17:20:27.739154+00,2026-06-19 17:20:27.739154+00
10,16384,t,-418694401700558880,"FETCH 0 IN ""query-cursor_91""",0,0,0,0,0,0,1,0.02552,0.02552,0.02552,0.02552,0,0,0,0,0,0,0,0,0,0,0,0,0,0,0,0,0,0,0,0,0,0,0,0,0,0,0,0,0,0,0,2026-06-19 14:19:27.669226+00,2026-06-19 14:19:27.669226+00
10,16384,t,1719774922926882336,"FETCH 0 IN ""query-cursor_62""",0,0,0,0,0,0,1,0.003539,0.003539,0.003539,0.003539,0,0,0,0,0,0,0,0,0,0,0,0,0,0,0,0,0,0,0,0,0,0,0,0,0,0,0,0,0,0,0,2026-06-19 13:50:27.667156+00,2026-06-19 13:50:27.667156+00
10,16384,t,-4185362959831077128,"FETCH 29 IN ""query-cursor_43""",0,0,0,0,0,0,1,0.002934,0.002934,0.002934,0.002934,0,29,0,0,0,0,0,0,0,0,0,0,0,0,0,0,0,0,0,0,0,0,0,0,0,0,0,0,0,0,0,2026-06-19 13:31:27.668044+00,2026-06-19 13:31:27.668044+00
10,16384,t,1410643043170535912,"FETCH 50 IN ""query-cursor_98""",0,0,0,0,0,0,14,0.044511,0.002763,0.00554,0.003179357142857143,0.0006753507667599595,700,0,0,0,0,0,0,0,0,0,0,0,0,0,0,0,0,0,0,0,0,0,0,0,0,0,0,0,0,0,2026-06-19 14:26:27.671442+00,2026-06-19 14:26:27.671442+00
10,16384,t,860547518515751454,"MOVE ALL IN ""query-cursor_26""",0,0,0,0,0,0,1,0.612135,0.612135,0.612135,0.612135,0,0,0,0,0,0,0,0,0,0,0,0,0,0,0,0,0,0,0,0,0,0,0,0,0,0,0,0,0,0,0,2026-06-19 13:14:27.665268+00,2026-06-19 13:14:27.665268+00
16410,16412,t,-7254578461802534793,SELECT CODE FROM SYS_CODES_USED WHERE CODE_TYPE=$1,0,0,0,0,0,0,3079,3894.523050999999,0.002385,166.022222,1.2648662068853522,9.282225547040653,3049,6155,3,0,0,0,0,0,0,0,0,2.94849,0,0,0,0,0,0,0,0,0,0,0,0,0,0,0,0,0,0,2026-06-19 12:52:31.102739+00,2026-06-19 12:52:31.102739+00
16410,16412,t,-9097675152044087285,"INSERT INTO RES_FEAT_EKEY(RES_ENT_ID,LIB_FEAT_ID,FTYPE_ID,UTYPE_CODE,SUPPRESSED,OBS_ENT_CNT) VALUES ($1,$2,$3,$4,$5,$6) ON CONFLICT DO NOTHING",0,0,0,0,0,0,2120344,4682733.059464431,0.014734,1518.2836280000001,2.208477991997728,9.191364167625895,2120018,29515455,3288,0,35412,0,0,0,0,0,0,45126.87428899996,4367.2218090000115,0,0,0,0,0,0,0,0,0,0,0,0,0,0,0,0,0,2026-06-19 14:52:39.542834+00,2026-06-19 14:52:39.542834+00
10,16384,t,2314866464472691215,"MOVE -1609 IN ""query-cursor_163""",0,0,0,0,0,0,1,0.102669,0.102669,0.102669,0.102669,0,0,0,0,0,0,0,0,0,0,0,0,0,0,0,0,0,0,0,0,0,0,0,0,0,0,0,0,0,0,0,2026-06-19 16:02:28.296085+00,2026-06-19 16:02:28.296085+00
16410,16412,t,-4432324288808203633,"SELECT RES_ENT_ID,LIB_FEAT_ID,FTYPE_ID,UTYPE_CODE,SUPPRESSED,OBS_ENT_CNT FROM RES_FEAT_EKEY WHERE RES_ENT_ID IN ($1,$2) AND FTYPE_ID IN ($3,$4,$5,$6,$7,$8,$9,$10,$11,$12,$13,$14,$15,$16,$17,$18,$19,$20,$21,$22,$23)",0,0,0,0,0,0,32059,27141.34333800007,0.030064,330.973042,0.8466060494089046,7.231217835450336,1597096,342162,910,0,0,0,0,0,0,0,0,17861.872595,0,0,0,0,0,0,0,0,0,0,0,0,0,0,0,0,0,0,2026-06-19 14:52:42.430256+00,2026-06-19 14:52:42.430256+00
16410,16412,t,-5750341632080856890,"INSERT INTO RES_RELATE(RES_REL_ID,MIN_RES_ENT_ID,MAX_RES_ENT_ID,IS_DISCLOSED,IS_AMBIGUOUS,LAST_ERRULE_ID,MATCH_KEY,MATCH_KEY_DETAILS,MATCH_LEVELS) VALUES ($1,$2,$3,$4,$5,$6,$7,$8,$9),($10,$11,$12,$13,$14,$15,$16,$17,$18),($19,$20,$21,$22,$23,$24,$25,$26,$27),($28,$29,$30,$31,$32,$33,$34,$35,$36) ON CONFLICT DO NOTHING",0,0,0,0,0,0,770872,5839465.299491044,0.048006,771.3042810000001,7.575142565161329,27.18100196246966,3083488,27651642,130022,0,188972,0,0,0,0,0,0,2228044.126659994,8671.346422999995,0,0,0,0,0,0,0,0,0,0,0,0,0,0,0,0,0,2026-06-19 14:52:42.061522+00,2026-06-19 14:52:42.061522+00
10,16384,t,8751717309514896276,"FETCH 0 IN ""query-cursor_200""",0,0,0,0,0,0,1,0.005251,0.005251,0.005251,0.005251,0,0,0,0,0,0,0,0,0,0,0,0,0,0,0,0,0,0,0,0,0,0,0,0,0,0,0,0,0,0,0,2026-06-19 17:20:27.729004+00,2026-06-19 17:20:27.729004+00
10,16384,t,6080353409884060764,"FETCH 50 IN ""query-cursor_196""",0,0,0,0,0,0,36,0.5739759999999999,0.01134,0.032827,0.015943777777777775,0.004916639638971539,1800,0,0,0,0,0,0,0,0,0,0,0,0,0,0,0,0,0,0,0,0,0,0,0,0,0,0,0,0,0,2026-06-19 17:12:28.192854+00,2026-06-19 17:12:28.192854+00
10,16384,t,-8443586103554024663,"FETCH 50 IN ""query-cursor_135""",0,0,0,0,0,0,27,0.39629800000000004,0.007911,0.0368,0.014677703703703705,0.005885457739300949,1350,0,0,0,0,0,0,0,0,0,0,0,0,0,0,0,0,0,0,0,0,0,0,0,0,0,0,0,0,0,2026-06-19 15:06:27.680591+00,2026-06-19 15:06:27.680591+00
16410,16412,t,-7580646271983254599,DELETE FROM RES_FEAT_EKEY WHERE RES_ENT_ID=$1 AND ((LIB_FEAT_ID=$2 AND UTYPE_CODE=$3)OR(LIB_FEAT_ID=$4 AND UTYPE_CODE=$5)OR(LIB_FEAT_ID=$6 AND UTYPE_CODE=$7)OR(LIB_FEAT_ID=$8 AND UTYPE_CODE=$9)OR(LIB_FEAT_ID=$10 AND UTYPE_CODE=$11)OR(LIB_FEAT_ID=$12 AND UTYPE_CODE=$13)OR(LIB_FEAT_ID=$14 AND UTYPE_CODE=$15)OR(LIB_FEAT_ID=$16 AND UTYPE_CODE=$17)OR(LIB_FEAT_ID=$18 AND UTYPE_CODE=$19)OR(LIB_FEAT_ID=$20 AND UTYPE_CODE=$21)OR(LIB_FEAT_ID=$22 AND UTYPE_CODE=$23)OR(LIB_FEAT_ID=$24 AND UTYPE_CODE=$25)OR(LIB_FEAT_ID=$26 AND UTYPE_CODE=$27)OR(LIB_FEAT_ID=$28 AND UTYPE_CODE=$29)OR(LIB_FEAT_ID=$30 AND UTYPE_CODE=$31)OR(LIB_FEAT_ID=$32 AND UTYPE_CODE=$33)OR(LIB_FEAT_ID=$34 AND UTYPE_CODE=$35)OR(LIB_FEAT_ID=$36 AND UTYPE_CODE=$37)OR(LIB_FEAT_ID=$38 AND UTYPE_CODE=$39)OR(LIB_FEAT_ID=$40 AND UTYPE_CODE=$41)OR(LIB_FEAT_ID=$42 AND UTYPE_CODE=$43)OR(LIB_FEAT_ID=$44 AND UTYPE_CODE=$45)OR(LIB_FEAT_ID=$46 AND UTYPE_CODE=$47)OR(LIB_FEAT_ID=$48 AND UTYPE_CODE=$49)OR(LIB_FEAT_ID=$50 AND UTYPE_CODE=$51)OR(LIB_FEAT_ID=$52 AND UTYPE_CODE=$53)OR(LIB_FEAT_ID=$54 AND UTYPE_CODE=$55)OR(LIB_FEAT_ID=$56 AND UTYPE_CODE=$57)OR(LIB_FEAT_ID=$58 AND UTYPE_CODE=$59)OR(LIB_FEAT_ID=$60 AND UTYPE_CODE=$61)OR(LIB_FEAT_ID=$62 AND UTYPE_CODE=$63)OR(LIB_FEAT_ID=$64 AND UTYPE_CODE=$65)OR(LIB_FEAT_ID=$66 AND UTYPE_CODE=$67)OR(LIB_FEAT_ID=$68 AND UTYPE_CODE=$69)OR(LIB_FEAT_ID=$70 AND UTYPE_CODE=$71)OR(LIB_FEAT_ID=$72 AND UTYPE_CODE=$73)OR(LIB_FEAT_ID=$74 AND UTYPE_CODE=$75)OR(LIB_FEAT_ID=$76 AND UTYPE_CODE=$77)OR(LIB_FEAT_ID=$78 AND UTYPE_CODE=$79)OR(LIB_FEAT_ID=$80 AND UTYPE_CODE=$81)),0,0,0,0,0,0,3835,136758.4765259996,0.013016999999999999,506.522083,35.66061969387213,61.9415806268621,87794,663121,1641,0,0,0,0,0,0,0,0,86302.34850000008,0,0,0,0,0,0,0,0,0,0,0,0,0,0,0,0,0,0,2026-06-19 14:58:56.603118+00,2026-06-19 14:58:56.603118+00
10,16384,t,-8529646101658082956,"MOVE ALL IN ""query-cursor_148""",0,0,0,0,0,0,1,54.00836,54.00836,54.00836,54.00836,0,0,0,0,0,0,0,0,0,0,0,0,0,0,0,0,0,0,0,0,0,0,0,0,0,0,0,0,0,0,0,2026-06-19 15:32:28.128047+00,2026-06-19 15:32:28.128047+00
10,16384,t,-7297930678497092768,"MOVE ALL IN ""query-cursor_191""",0,0,0,0,0,0,1,14.683508,14.683508,14.683508,14.683508,0,0,0,0,0,0,0,0,0,0,0,0,0,0,0,0,0,0,0,0,0,0,0,0,0,0,0,0,0,0,0,2026-06-19 17:02:28.501792+00,2026-06-19 17:02:28.501792+00
10,16384,t,-7672117833694704649,"SELECT DATNAME, LARGEST_DB_BYTES, ALL_DB_BYTES, OLDEST_XACT_SEC, OLDEST_XACT_XID
FROM (
SELECT DATNAME, DATALLOWCONN, CONNECTIONS, BYTES
,MAX(BYTES) OVER () LARGEST_DB_BYTES
,SUM(BYTES) OVER () ALL_DB_BYTES
,MAX(SEC) OVER () OLDEST_XACT_SEC
,MAX(XID) OVER () OLDEST_XACT_XID
FROM (
SELECT D.DATNAME
,D.DATALLOWCONN
,PG_CATALOG.PG_DATABASE_SIZE(D.OID) BYTES
,SUBQ_DB_BY_ACTIVITY.CONNECTIONS
,SUBQ_DB_BY_ACTIVITY.SEC
,SUBQ_DB_BY_ACTIVITY.XID
FROM (
SELECT A.DATID
,COUNT(*) CONNECTIONS
,MAX(EXTRACT($1 FROM NOW()-XACT_START)) SEC
,MAX(AGE(BACKEND_XMIN)) XID
FROM PG_CATALOG.PG_STAT_GET_ACTIVITY($2) A
WHERE A.DATID IS NOT NULL AND A.USESYSID<>$3::REGROLE
GROUP BY A.DATID
ORDER BY COUNT(*) DESC NULLS LAST
LIMIT $4
) SUBQ_DB_BY_ACTIVITY RIGHT JOIN PG_DATABASE D ON (SUBQ_DB_BY_ACTIVITY.DATID = D.OID)
) SUBQ_GET_BYTES_ONLY_ONCE
) SUBQ_AGGREGATES_BEFORE_FILTER
WHERE DATNAME<>$5 AND DATALLOWCONN
ORDER BY CONNECTIONS DESC NULLS LAST, BYTES DESC NULLS LAST
LIMIT $6",0,0,0,0,0,0,1,1.039407,1.039407,1.039407,1.039407,0,3,5,0,0,0,0,0,0,0,0,0,0,0,0,0,0,0,0,0,0,0,0,0,0,0,0,0,0,0,0,2026-06-19 13:45:00.083754+00,2026-06-19 13:45:00.083754+00
10,16384,t,5557684501670008027,BEGIN,0,0,0,0,0,0,16315,6.6104700000000065,0.000127,0.021649,0.00040517744406987473,0.0004919136576689575,0,0,0,0,0,0,0,0,0,0,0,0,0,0,0,0,0,0,0,0,0,0,0,0,0,0,0,0,0,0,2026-06-19 12:49:27.104641+00,2026-06-19 12:49:27.104641+00
10,16384,t,3991406467260395335,"FETCH 34 IN ""query-cursor_238""",0,0,0,0,0,0,1,0.010041,0.010041,0.010041,0.010041,0,34,0,0,0,0,0,0,0,0,0,0,0,0,0,0,0,0,0,0,0,0,0,0,0,0,0,0,0,0,0,2026-06-19 18:33:27.727426+00,2026-06-19 18:33:27.727426+00
16410,16412,t,-2570864583573319622,"SELECT RES_ENT_ID,LIB_FEAT_ID,FTYPE_ID,UTYPE_CODE,SUPPRESSED,OBS_ENT_CNT FROM RES_FEAT_EKEY WHERE RES_ENT_ID IN ($1,$2)",0,0,0,0,0,0,3297078,1858211.5025480676,0.01168,650.359054,0.563593431076871,4.102729363696955,162300010,37005651,68706,0,0,0,0,0,0,0,0,450251.9954589968,0,0,0,0,0,0,0,0,0,0,0,0,0,0,0,0,0,0,2026-06-19 14:52:45.147249+00,2026-06-19 14:52:45.147249+00
10,16384,t,663204733614471208,"DECLARE ""query-cursor_203"" SCROLL CURSOR FOR select queryid, left(query, $1), calls, (total_plan_time + total_exec_time) as total_time from aurora_stat_statements($2) order by calls desc limit $3 FOR READ ONLY",0,0,0,0,0,0,1,0.075798,0.075798,0.075798,0.075798,0,0,0,0,0,0,0,0,0,0,0,0,0,0,0,0,0,0,0,0,0,0,0,0,0,0,0,0,0,0,0,2026-06-19 17:26:27.689628+00,2026-06-19 17:26:27.689628+00
16410,16412,t,-1491818571435089637,"INSERT INTO RES_FEAT_STAT(LIB_FEAT_ID,FTYPE_ID,NUM_RES_ENT,NUM_RES_ENT_OOM) VALUES ($1,$2,$3,$4),($5,$6,$7,$8),($9,$10,$11,$12),($13,$14,$15,$16),($17,$18,$19,$20),($21,$22,$23,$24),($25,$26,$27,$28),($29,$30,$31,$32),($33,$34,$35,$36),($37,$38,$39,$40),($41,$42,$43,$44),($45,$46,$47,$48),($49,$50,$51,$52),($53,$54,$55,$56),($57,$58,$59,$60),($61,$62,$63,$64),($65,$66,$67,$68),($69,$70,$71,$72),($73,$74,$75,$76),($77,$78,$79,$80),($81,$82,$83,$84),($85,$86,$87,$88),($89,$90,$91,$92),($93,$94,$95,$96),($97,$98,$99,$100) ON CONFLICT DO NOTHING",0,0,0,0,0,0,1853686,44072016.684404664,0.218157,4012.729578,23.775340960877227,92.84710857891156,46342038,457381839,16896,0,440483,0,0,0,0,0,0,187720.97170700002,42842.125680000034,0,0,0,0,0,0,0,0,0,0,0,0,0,0,0,0,0,2026-06-19 14:52:39.529411+00,2026-06-19 14:52:39.529411+00
10,16384,t,-2177150430542118156,"FETCH 0 IN ""query-cursor_88""",0,0,0,0,0,0,1,0.004389,0.004389,0.004389,0.004389,0,0,0,0,0,0,0,0,0,0,0,0,0,0,0,0,0,0,0,0,0,0,0,0,0,0,0,0,0,0,0,2026-06-19 14:16:27.669024+00,2026-06-19 14:16:27.669024+00
10,16384,t,4770861510307370641,"FETCH 50 IN ""query-cursor_37""",0,0,0,0,0,0,6,0.021804999999999998,0.002954,0.005831,0.003634166666666666,0.0010210691156277763,300,0,0,0,0,0,0,0,0,0,0,0,0,0,0,0,0,0,0,0,0,0,0,0,0,0,0,0,0,0,2026-06-19 13:25:27.666289+00,2026-06-19 13:25:27.666289+00
10,16384,t,-5270866751412127937,"MOVE -123 IN ""query-cursor_4""",0,0,0,0,0,0,1,0.004585,0.004585,0.004585,0.004585,0,0,0,0,0,0,0,0,0,0,0,0,0,0,0,0,0,0,0,0,0,0,0,0,0,0,0,0,0,0,0,2026-06-19 12:52:27.663368+00,2026-06-19 12:52:27.663368+00
16410,16412,t,-2216562219487376382,DELETE FROM RES_FEAT_EKEY WHERE RES_ENT_ID=$1 AND ((LIB_FEAT_ID=$2 AND UTYPE_CODE=$3)OR(LIB_FEAT_ID=$4 AND UTYPE_CODE=$5)OR(LIB_FEAT_ID=$6 AND UTYPE_CODE=$7)OR(LIB_FEAT_ID=$8 AND UTYPE_CODE=$9)OR(LIB_FEAT_ID=$10 AND UTYPE_CODE=$11)OR(LIB_FEAT_ID=$12 AND UTYPE_CODE=$13)OR(LIB_FEAT_ID=$14 AND UTYPE_CODE=$15)OR(LIB_FEAT_ID=$16 AND UTYPE_CODE=$17)OR(LIB_FEAT_ID=$18 AND UTYPE_CODE=$19)OR(LIB_FEAT_ID=$20 AND UTYPE_CODE=$21)OR(LIB_FEAT_ID=$22 AND UTYPE_CODE=$23)OR(LIB_FEAT_ID=$24 AND UTYPE_CODE=$25)OR(LIB_FEAT_ID=$26 AND UTYPE_CODE=$27)OR(LIB_FEAT_ID=$28 AND UTYPE_CODE=$29)OR(LIB_FEAT_ID=$30 AND UTYPE_CODE=$31)OR(LIB_FEAT_ID=$32 AND UTYPE_CODE=$33)OR(LIB_FEAT_ID=$34 AND UTYPE_CODE=$35)OR(LIB_FEAT_ID=$36 AND UTYPE_CODE=$37)OR(LIB_FEAT_ID=$38 AND UTYPE_CODE=$39)OR(LIB_FEAT_ID=$40 AND UTYPE_CODE=$41)OR(LIB_FEAT_ID=$42 AND UTYPE_CODE=$43)OR(LIB_FEAT_ID=$44 AND UTYPE_CODE=$45)),0,0,0,0,0,0,25781,454691.2257280003,0.062628,398.842267,17.63667917179319,35.703593468436736,558569,2854678,3602,0,0,0,0,0,0,0,0,165006.23871499978,0,0,0,0,0,0,0,0,0,0,0,0,0,0,0,0,0,0,2026-06-19 14:52:42.133827+00,2026-06-19 14:52:42.133827+00
16410,16412,t,2807266443010763555,"SELECT RES_ENT_ID,LIB_FEAT_ID,FTYPE_ID,UTYPE_CODE,SUPPRESSED,OBS_ENT_CNT FROM RES_FEAT_EKEY WHERE RES_ENT_ID IN ($1,$2,$3,$4,$5,$6,$7,$8,$9,$10,$11,$12,$13,$14,$15,$16) AND FTYPE_ID IN ($17,$18,$19,$20,$21,$22,$23,$24,$25,$26,$27,$28,$29,$30,$31)",0,0,0,0,0,0,187172,1365014.0923650046,0.099252,500.35781499999996,7.2928327547122676,23.775769494256995,39728467,10544777,63417,0,0,0,0,0,0,0,0,1082570.1089020104,0,0,0,0,0,0,0,0,0,0,0,0,0,0,0,0,0,0,2026-06-19 14:52:45.207781+00,2026-06-19 14:52:45.207781+00
10,16384,t,5100882589346608901,"FETCH 0 IN ""query-cursor_133""",0,0,0,0,0,0,1,0.008263,0.008263,0.008263,0.008263,0,0,0,0,0,0,0,0,0,0,0,0,0,0,0,0,0,0,0,0,0,0,0,0,0,0,0,0,0,0,0,2026-06-19 15:02:28.100474+00,2026-06-19 15:02:28.100474+00
10,16384,t,5815931661191265531,"MOVE -1549 IN ""query-cursor_155""",0,0,0,0,0,0,1,0.297693,0.297693,0.297693,0.297693,0,0,0,0,0,0,0,0,0,0,0,0,0,0,0,0,0,0,0,0,0,0,0,0,0,0,0,0,0,0,0,2026-06-19 15:46:27.899279+00,2026-06-19 15:46:27.899279+00
10,16384,t,-6750572639405774862,"FETCH 0 IN ""query-cursor_107""",0,0,0,0,0,0,1,0.00312,0.00312,0.00312,0.00312,0,0,0,0,0,0,0,0,0,0,0,0,0,0,0,0,0,0,0,0,0,0,0,0,0,0,0,0,0,0,0,2026-06-19 14:35:27.670334+00,2026-06-19 14:35:27.670334+00
10,16384,t,6629285247147138410,"MOVE -562 IN ""query-cursor_70""",0,0,0,0,0,0,1,0.012794,0.012794,0.012794,0.012794,0,0,0,0,0,0,0,0,0,0,0,0,0,0,0,0,0,0,0,0,0,0,0,0,0,0,0,0,0,0,0,2026-06-19 13:58:27.669061+00,2026-06-19 13:58:27.669061+00
16410,16412,t,-5344306950430727433,DELETE FROM RES_FEAT_EKEY WHERE RES_ENT_ID=$1 AND ((LIB_FEAT_ID=$2 AND UTYPE_CODE=$3)),0,0,0,0,0,0,639999,362949.3601550032,0.008562,270.81901899999997,0.5671092613504134,4.351981381585201,638622,3933245,6,0,0,0,0,0,0,0,0,41.018755999999996,0,0,0,0,0,0,0,0,0,0,0,0,0,0,0,0,0,0,2026-06-19 14:52:52.102354+00,2026-06-19 14:52:52.102354+00
10,16384,t,8094406903882714854,"DECLARE ""query-cursor_215"" SCROLL CURSOR FOR select queryid, left(query, $1), calls, (total_plan_time + total_exec_time) as total_time from aurora_stat_statements($2) order by calls desc limit $3 FOR READ ONLY",0,0,0,0,0,0,1,0.082623,0.082623,0.082623,0.082623,0,0,0,0,0,0,0,0,0,0,0,0,0,0,0,0,0,0,0,0,0,0,0,0,0,0,0,0,0,0,0,2026-06-19 17:50:28.254455+00,2026-06-19 17:50:28.254455+00
10,16384,t,1699139041077712982,"MOVE ALL IN ""query-cursor_205""",0,0,0,0,0,0,1,9.994089,9.994089,9.994089,9.994089,0,0,0,0,0,0,0,0,0,0,0,0,0,0,0,0,0,0,0,0,0,0,0,0,0,0,0,0,0,0,0,2026-06-19 17:30:28.056925+00,2026-06-19 17:30:28.056925+00
10,16384,t,1887493671708188359,"MOVE -1955 IN ""query-cursor_217""",0,0,0,0,0,0,1,0.325819,0.325819,0.325819,0.325819,0,0,0,0,0,0,0,0,0,0,0,0,0,0,0,0,0,0,0,0,0,0,0,0,0,0,0,0,0,0,0,2026-06-19 17:54:27.90491+00,2026-06-19 17:54:27.90491+00
10,16384,t,-7066107670388453486,"DECLARE ""query-cursor_218"" SCROLL CURSOR FOR select queryid, left(query, $1), calls, (total_plan_time + total_exec_time) as total_time from aurora_stat_statements($2) order by calls desc limit $3 FOR READ ONLY",0,0,0,0,0,0,1,0.078167,0.078167,0.078167,0.078167,0,0,0,0,0,0,0,0,0,0,0,0,0,0,0,0,0,0,0,0,0,0,0,0,0,0,0,0,0,0,0,2026-06-19 17:56:27.697683+00,2026-06-19 17:56:27.697683+00
10,16384,t,-2498243988052788927,"DECLARE ""query-cursor_146"" SCROLL CURSOR FOR select queryid, left(query, $1), calls, (total_plan_time + total_exec_time) as total_time from aurora_stat_statements($2) order by calls desc limit $3 FOR READ ONLY",0,0,0,0,0,0,1,0.085431,0.085431,0.085431,0.085431,0,0,0,0,0,0,0,0,0,0,0,0,0,0,0,0,0,0,0,0,0,0,0,0,0,0,0,0,0,0,0,2026-06-19 15:28:27.944227+00,2026-06-19 15:28:27.944227+00
16410,16412,t,-2653931184144399911,COPY  ( SELECT * FROM pg_stat_io WHERE reads <> 0 OR writes <> 0 OR extends <> 0 ) TO STDOUT WITH CSV HEADER,0,0,0,0,0,0,1,0.602216,0.602216,0.602216,0.602216,0,6,37,0,0,0,0,0,0,0,0,0,0,0,0,0,0,0,0,0,0,0,0,0,0,0,0,0,0,0,0,2026-06-19 19:04:13.476357+00,2026-06-19 19:04:13.476357+00
10,16384,t,8373358163669016043,"FETCH 50 IN ""query-cursor_38""",0,0,0,0,0,0,7,0.024953000000000003,0.002968,0.005913,0.003564714285714286,0.0009821167684846723,350,0,0,0,0,0,0,0,0,0,0,0,0,0,0,0,0,0,0,0,0,0,0,0,0,0,0,0,0,0,2026-06-19 13:26:27.666341+00,2026-06-19 13:26:27.666341+00
16410,16412,t,3587431536970337259,DELETE FROM RES_REL_EKEY WHERE ((RES_ENT_ID=$1 AND REL_ENT_ID=$2 AND RES_REL_ID=$3) OR (RES_ENT_ID=$4 AND REL_ENT_ID=$5 AND RES_REL_ID=$6) OR (RES_ENT_ID=$7 AND REL_ENT_ID=$8 AND RES_REL_ID=$9) OR (RES_ENT_ID=$10 AND REL_ENT_ID=$11 AND RES_REL_ID=$12) OR (RES_ENT_ID=$13 AND REL_ENT_ID=$14 AND RES_REL_ID=$15) OR (RES_ENT_ID=$16 AND REL_ENT_ID=$17 AND RES_REL_ID=$18) OR (RES_ENT_ID=$19 AND REL_ENT_ID=$20 AND RES_REL_ID=$21) OR (RES_ENT_ID=$22 AND REL_ENT_ID=$23 AND RES_REL_ID=$24) OR (RES_ENT_ID=$25 AND REL_ENT_ID=$26 AND RES_REL_ID=$27) OR (RES_ENT_ID=$28 AND REL_ENT_ID=$29 AND RES_REL_ID=$30) OR (RES_ENT_ID=$31 AND REL_ENT_ID=$32 AND RES_REL_ID=$33) OR (RES_ENT_ID=$34 AND REL_ENT_ID=$35 AND RES_REL_ID=$36) OR (RES_ENT_ID=$37 AND REL_ENT_ID=$38 AND RES_REL_ID=$39) OR (RES_ENT_ID=$40 AND REL_ENT_ID=$41 AND RES_REL_ID=$42) OR (RES_ENT_ID=$43 AND REL_ENT_ID=$44 AND RES_REL_ID=$45) OR (RES_ENT_ID=$46 AND REL_ENT_ID=$47 AND RES_REL_ID=$48)),0,0,0,0,0,0,119692,475265.6303099959,0.062481,369.254167,3.970738481352103,14.080986828755261,1379706,9024907,4577,0,0,0,0,0,0,0,0,75843.14858600002,0,0,0,0,0,0,0,0,0,0,0,0,0,0,0,0,0,0,2026-06-19 14:52:51.996208+00,2026-06-19 14:52:51.996208+00
10,16384,t,-1627118002704575252,"MOVE ALL IN ""query-cursor_21""",0,0,0,0,0,0,1,0.514542,0.514542,0.514542,0.514542,0,0,0,0,0,0,0,0,0,0,0,0,0,0,0,0,0,0,0,0,0,0,0,0,0,0,0,0,0,0,0,2026-06-19 13:09:27.664812+00,2026-06-19 13:09:27.664812+00
10,16384,t,8372949397308020820,"MOVE ALL IN ""query-cursor_250""",0,0,0,0,0,0,1,5.539057,5.539057,5.539057,5.539057,0,0,0,0,0,0,0,0,0,0,0,0,0,0,0,0,0,0,0,0,0,0,0,0,0,0,0,0,0,0,0,2026-06-19 18:59:27.687434+00,2026-06-19 18:59:27.687434+00
10,16384,t,4410024986587567167,"DECLARE ""query-cursor_206"" SCROLL CURSOR FOR select queryid, left(query, $1), calls, (total_plan_time + total_exec_time) as total_time from aurora_stat_statements($2) order by calls desc limit $3 FOR READ ONLY",0,0,0,0,0,0,1,0.10479,0.10479,0.10479,0.10479,0,0,0,0,0,0,0,0,0,0,0,0,0,0,0,0,0,0,0,0,0,0,0,0,0,0,0,0,0,0,0,2026-06-19 17:32:27.743331+00,2026-06-19 17:32:27.743331+00
16410,16412,t,-5664762943701195095,"SELECT f.metric, f.value - b.value AS delta
FROM perf.snap_scalar f JOIN perf.snap_scalar b USING (metric)
WHERE f.label=$1 AND b.label=$2
ORDER BY f.metric",0,0,0,0,0,0,1,0.056151,0.056151,0.056151,0.056151,0,14,2,0,0,0,0,0,0,0,0,0,0,0,0,0,0,0,0,0,0,0,0,0,0,0,0,0,0,0,0,2026-06-19 19:00:29.416662+00,2026-06-19 19:00:29.416662+00
10,16384,t,3172199252466932041,"MOVE -856 IN ""query-cursor_119""",0,0,0,0,0,0,1,0.018002,0.018002,0.018002,0.018002,0,0,0,0,0,0,0,0,0,0,0,0,0,0,0,0,0,0,0,0,0,0,0,0,0,0,0,0,0,0,0,2026-06-19 14:47:27.673121+00,2026-06-19 14:47:27.673121+00
16410,16412,t,6433019860181037100,"INSERT INTO SYS_EVAL_QUEUE(MSG_ID,DSRC_CODE,ENT_SRC_KEY,MSG) VALUES ($1,$2,$3,$4) ON CONFLICT DO NOTHING",0,0,0,0,0,0,7793176,15789065.852013707,0.005370000000000001,666.237151,2.0260117122998,10.54580095246076,6322206,101505641,254283,0,230365,0,0,0,0,0,0,6362947.49801787,71634.84087300097,0,0,0,0,0,0,0,0,0,0,0,0,0,0,0,0,0,2026-06-19 14:52:41.850878+00,2026-06-19 14:52:41.850878+00
10,16384,t,4024355512813002028,"FETCH 43 IN ""query-cursor_117""",0,0,0,0,0,0,1,0.002985,0.002985,0.002985,0.002985,0,43,0,0,0,0,0,0,0,0,0,0,0,0,0,0,0,0,0,0,0,0,0,0,0,0,0,0,0,0,0,2026-06-19 14:45:27.675804+00,2026-06-19 14:45:27.675804+00
10,16384,t,-5957733108442488296,"DECLARE ""query-cursor_230"" SCROLL CURSOR FOR select queryid, left(query, $1), calls, (total_plan_time + total_exec_time) as total_time from aurora_stat_statements($2) order by calls desc limit $3 FOR READ ONLY",0,0,0,0,0,0,1,0.07186,0.07186,0.07186,0.07186,0,0,0,0,0,0,0,0,0,0,0,0,0,0,0,0,0,0,0,0,0,0,0,0,0,0,0,0,0,0,0,2026-06-19 18:20:27.680199+00,2026-06-19 18:20:27.680199+00
10,16384,t,-5745195942018076735,"FETCH 0 IN ""query-cursor_25""",0,0,0,0,0,0,1,0.00379,0.00379,0.00379,0.00379,0,0,0,0,0,0,0,0,0,0,0,0,0,0,0,0,0,0,0,0,0,0,0,0,0,0,0,0,0,0,0,2026-06-19 13:13:27.664525+00,2026-06-19 13:13:27.664525+00
10,16384,t,4828781500208650717,"MOVE -1870 IN ""query-cursor_203""",0,0,0,0,0,0,1,0.176929,0.176929,0.176929,0.176929,0,0,0,0,0,0,0,0,0,0,0,0,0,0,0,0,0,0,0,0,0,0,0,0,0,0,0,0,0,0,0,2026-06-19 17:26:27.703451+00,2026-06-19 17:26:27.703451+00
16410,16412,t,-539922686104966485,"UPDATE RES_FEAT_STAT AS T SET FTYPE_ID=C.FTYPE_ID,NUM_RES_ENT=C.NUM_RES_ENT_NEW,NUM_RES_ENT_OOM=C.NUM_RES_ENT_OOM_NEW FROM (VALUES (CAST ($1 AS BIGINT),CAST ($2 AS INT),CAST ($3 AS BIGINT),CAST ($4 AS BIGINT),CAST ($5 AS BIGINT),CAST ($6 AS BIGINT)),(CAST ($7 AS BIGINT),CAST ($8 AS INT),CAST ($9 AS BIGINT),CAST ($10 AS BIGINT),CAST ($11 AS BIGINT),CAST ($12 AS BIGINT)),(CAST ($13 AS BIGINT),CAST ($14 AS INT),CAST ($15 AS BIGINT),CAST ($16 AS BIGINT),CAST ($17 AS BIGINT),CAST ($18 AS BIGINT)),(CAST ($19 AS BIGINT),CAST ($20 AS INT),CAST ($21 AS BIGINT),CAST ($22 AS BIGINT),CAST ($23 AS BIGINT),CAST ($24 AS BIGINT)),(CAST ($25 AS BIGINT),CAST ($26 AS INT),CAST ($27 AS BIGINT),CAST ($28 AS BIGINT),CAST ($29 AS BIGINT),CAST ($30 AS BIGINT)),(CAST ($31 AS BIGINT),CAST ($32 AS INT),CAST ($33 AS BIGINT),CAST ($34 AS BIGINT),CAST ($35 AS BIGINT),CAST ($36 AS BIGINT)),(CAST ($37 AS BIGINT),CAST ($38 AS INT),CAST ($39 AS BIGINT),CAST ($40 AS BIGINT),CAST ($41 AS BIGINT),CAST ($42 AS BIGINT)),(CAST ($43 AS BIGINT),CAST ($44 AS INT),CAST ($45 AS BIGINT),CAST ($46 AS BIGINT),CAST ($47 AS BIGINT),CAST ($48 AS BIGINT))) AS C(LIB_FEAT_ID,FTYPE_ID,NUM_RES_ENT_OLD,NUM_RES_ENT_OOM_OLD,NUM_RES_ENT_NEW,NUM_RES_ENT_OOM_NEW) WHERE C.LIB_FEAT_ID=T.LIB_FEAT_ID AND C.NUM_RES_ENT_OLD=T.NUM_RES_ENT AND C.NUM_RES_ENT_OOM_OLD=T.NUM_RES_ENT_OOM",0,0,0,0,0,0,178619,1235338.0701859691,0.083917,1484.139876,6.916050757119731,33.1358676866795,1428024,13304517,1323,0,10326,0,0,0,0,0,0,10903.254459000002,94.14864800000004,0,0,0,0,0,0,0,0,0,0,0,0,0,0,0,0,0,2026-06-19 14:53:07.311882+00,2026-06-19 14:53:07.311882+00
10,16384,t,-4771033196732223844,"MOVE -1378 IN ""query-cursor_134""",0,0,0,0,0,0,1,0.073925,0.073925,0.073925,0.073925,0,0,0,0,0,0,0,0,0,0,0,0,0,0,0,0,0,0,0,0,0,0,0,0,0,0,0,0,0,0,0,2026-06-19 15:04:27.887395+00,2026-06-19 15:04:27.887395+00
10,16384,t,-7614622911250211377,"MOVE ALL IN ""query-cursor_29""",0,0,0,0,0,0,1,0.644168,0.644168,0.644168,0.644168,0,0,0,0,0,0,0,0,0,0,0,0,0,0,0,0,0,0,0,0,0,0,0,0,0,0,0,0,0,0,0,2026-06-19 13:17:27.665499+00,2026-06-19 13:17:27.665499+00
16410,16412,t,3226810079339194653,"SELECT LIB_FEAT_ID,NUM_RES_ENT,NUM_RES_ENT_OOM,CANDIDATE_CAP_REACHED,SCORING_CAP_REACHED FROM RES_FEAT_STAT WHERE LIB_FEAT_ID IN ($1,$2,$3,$4)",0,0,0,0,0,0,17185933,8121410.138705523,0.006280999999999999,742.124009,0.4725614919309602,5.8396210631699805,57817629,208530469,213463,0,0,0,0,0,0,0,0,4721125.060265968,0,0,0,0,0,0,0,0,0,0,0,0,0,0,0,0,0,0,2026-06-19 14:52:39.86462+00,2026-06-19 14:52:39.86462+00
10,16384,t,609547817523408622,"MOVE -194 IN ""query-cursor_12""",0,0,0,0,0,0,1,0.006287,0.006287,0.006287,0.006287,0,0,0,0,0,0,0,0,0,0,0,0,0,0,0,0,0,0,0,0,0,0,0,0,0,0,0,0,0,0,0,2026-06-19 13:00:27.66429+00,2026-06-19 13:00:27.66429+00
10,16384,t,1280134939615700701,"MOVE ALL IN ""query-cursor_150""",0,0,0,0,0,0,1,12.376367,12.376367,12.376367,12.376367,0,0,0,0,0,0,0,0,0,0,0,0,0,0,0,0,0,0,0,0,0,0,0,0,0,0,0,0,0,0,0,2026-06-19 15:36:27.867095+00,2026-06-19 15:36:27.867095+00
16410,16412,t,7446892054906605337,SELECT LOCK_DSRC_ACTION FROM OBS_ENT WHERE OBS_ENT_ID=$1,0,0,0,0,0,0,6285254,227193.1974139714,0.003919,192.32405,0.03614701926349697,0.4993436692731067,6285254,29975332,0,0,0,0,0,0,0,0,0,0,0,0,0,0,0,0,0,0,0,0,0,0,0,0,0,0,0,0,2026-06-19 14:52:51.907603+00,2026-06-19 14:52:51.907603+00
16410,16412,t,1086176995925120995,"UPDATE RES_FEAT_STAT AS T SET FTYPE_ID=C.FTYPE_ID,NUM_RES_ENT=C.NUM_RES_ENT_NEW,NUM_RES_ENT_OOM=C.NUM_RES_ENT_OOM_NEW FROM (VALUES (CAST ($1 AS BIGINT),CAST ($2 AS INT),CAST ($3 AS BIGINT),CAST ($4 AS BIGINT),CAST ($5 AS BIGINT),CAST ($6 AS BIGINT)),(CAST ($7 AS BIGINT),CAST ($8 AS INT),CAST ($9 AS BIGINT),CAST ($10 AS BIGINT),CAST ($11 AS BIGINT),CAST ($12 AS BIGINT)),(CAST ($13 AS BIGINT),CAST ($14 AS INT),CAST ($15 AS BIGINT),CAST ($16 AS BIGINT),CAST ($17 AS BIGINT),CAST ($18 AS BIGINT)),(CAST ($19 AS BIGINT),CAST ($20 AS INT),CAST ($21 AS BIGINT),CAST ($22 AS BIGINT),CAST ($23 AS BIGINT),CAST ($24 AS BIGINT)),(CAST ($25 AS BIGINT),CAST ($26 AS INT),CAST ($27 AS BIGINT),CAST ($28 AS BIGINT),CAST ($29 AS BIGINT),CAST ($30 AS BIGINT)),(CAST ($31 AS BIGINT),CAST ($32 AS INT),CAST ($33 AS BIGINT),CAST ($34 AS BIGINT),CAST ($35 AS BIGINT),CAST ($36 AS BIGINT)),(CAST ($37 AS BIGINT),CAST ($38 AS INT),CAST ($39 AS BIGINT),CAST ($40 AS BIGINT),CAST ($41 AS BIGINT),CAST ($42 AS BIGINT)),(CAST ($43 AS BIGINT),CAST ($44 AS INT),CAST ($45 AS BIGINT),CAST ($46 AS BIGINT),CAST ($47 AS BIGINT),CAST ($48 AS BIGINT)),(CAST ($49 AS BIGINT),CAST ($50 AS INT),CAST ($51 AS BIGINT),CAST ($52 AS BIGINT),CAST ($53 AS BIGINT),CAST ($54 AS BIGINT)),(CAST ($55 AS BIGINT),CAST ($56 AS INT),CAST ($57 AS BIGINT),CAST ($58 AS BIGINT),CAST ($59 AS BIGINT),CAST ($60 AS BIGINT)),(CAST ($61 AS BIGINT),CAST ($62 AS INT),CAST ($63 AS BIGINT),CAST ($64 AS BIGINT),CAST ($65 AS BIGINT),CAST ($66 AS BIGINT)),(CAST ($67 AS BIGINT),CAST ($68 AS INT),CAST ($69 AS BIGINT),CAST ($70 AS BIGINT),CAST ($71 AS BIGINT),CAST ($72 AS BIGINT)),(CAST ($73 AS BIGINT),CAST ($74 AS INT),CAST ($75 AS BIGINT),CAST ($76 AS BIGINT),CAST ($77 AS BIGINT),CAST ($78 AS BIGINT)),(CAST ($79 AS BIGINT),CAST ($80 AS INT),CAST ($81 AS BIGINT),CAST ($82 AS BIGINT),CAST ($83 AS BIGINT),CAST ($84 AS BIGINT)),(CAST ($85 AS BIGINT),CAST ($86 AS INT),CAST ($87 AS BIGINT),CAST ($88 AS BIGINT),CAST ($89 AS BIGINT),CAST ($90 AS BIGINT)),(CAST ($91 AS BIGINT),CAST ($92 AS INT),CAST ($93 AS BIGINT),CAST ($94 AS BIGINT),CAST ($95 AS BIGINT),CAST ($96 AS BIGINT)),(CAST ($97 AS BIGINT),CAST ($98 AS INT),CAST ($99 AS BIGINT),CAST ($100 AS BIGINT),CAST ($101 AS BIGINT),CAST ($102 AS BIGINT)),(CAST ($103 AS BIGINT),CAST ($104 AS INT),CAST ($105 AS BIGINT),CAST ($106 AS BIGINT),CAST ($107 AS BIGINT),CAST ($108 AS BIGINT)),(CAST ($109 AS BIGINT),CAST ($110 AS INT),CAST ($111 AS BIGINT),CAST ($112 AS BIGINT),CAST ($113 AS BIGINT),CAST ($114 AS BIGINT))) AS C(LIB_FEAT_ID,FTYPE_ID,NUM_RES_ENT_OLD,NUM_RES_ENT_OOM_OLD,NUM_RES_ENT_NEW,NUM_RES_ENT_OOM_NEW) WHERE C.LIB_FEAT_ID=T.LIB_FEAT_ID AND C.NUM_RES_ENT_OLD=T.NUM_RES_ENT AND C.NUM_RES_ENT_OOM_OLD=T.NUM_RES_ENT_OOM",0,0,0,0,0,0,2919,42767.20488699981,0.200739,1639.944684,14.651320619047555,73.26512582761987,55435,617228,50,0,773,0,0,0,0,0,0,747.916494,3.59368,0,0,0,0,0,0,0,0,0,0,0,0,0,0,0,0,0,2026-06-19 14:56:24.321471+00,2026-06-19 14:56:24.321471+00
16410,16412,t,3931695639387509169,"SELECT RES_ENT_ID,LIB_FEAT_ID,FTYPE_ID,UTYPE_CODE,SUPPRESSED,OBS_ENT_CNT FROM RES_FEAT_EKEY WHERE RES_ENT_ID IN ($1,$2,$3,$4,$5,$6,$7,$8,$9,$10,$11,$12,$13,$14,$15,$16,$17,$18,$19,$20,$21,$22,$23,$24,$25,$26,$27,$28,$29,$30,$31,$32) AND FTYPE_ID IN ($33,$34,$35,$36,$37,$38,$39,$40,$41,$42,$43,$44,$45)",0,0,0,0,0,0,1929,28315.192009999973,0.228581,406.065135,14.678689481596669,32.93387713995266,687302,199037,1387,0,0,0,0,0,0,0,0,22789.44967799999,0,0,0,0,0,0,0,0,0,0,0,0,0,0,0,0,0,0,2026-06-19 14:55:36.078782+00,2026-06-19 14:55:36.078782+00
10,16384,t,6616640858885200783,"MOVE -1734 IN ""query-cursor_182""",0,0,0,0,0,0,1,0.162608,0.162608,0.162608,0.162608,0,0,0,0,0,0,0,0,0,0,0,0,0,0,0,0,0,0,0,0,0,0,0,0,0,0,0,0,0,0,0,2026-06-19 16:44:27.776134+00,2026-06-19 16:44:27.776134+00
10,16384,t,6610011770448579822,select * from rds_get_stat_dxl_counters() limit $1,0,0,0,0,0,0,1,0.022526,0.022526,0.022526,0.022526,0,1,0,0,0,0,0,0,0,0,0,0,0,0,0,0,0,0,0,0,0,0,0,0,0,0,0,0,0,0,0,2026-06-19 12:50:37.664789+00,2026-06-19 12:50:37.664789+00
10,16384,t,150800671882269673,"FETCH 0 IN ""query-cursor_169""",0,0,0,0,0,0,1,0.0087,0.0087,0.0087,0.0087,0,0,0,0,0,0,0,0,0,0,0,0,0,0,0,0,0,0,0,0,0,0,0,0,0,0,0,0,0,0,0,2026-06-19 16:14:28.011851+00,2026-06-19 16:14:28.011851+00
10,16384,t,5389648844634387477,"FETCH 50 IN ""query-cursor_109""",0,0,0,0,0,0,15,0.04790100000000001,0.002783,0.005629,0.0031934000000000008,0.0006821221591474652,750,0,0,0,0,0,0,0,0,0,0,0,0,0,0,0,0,0,0,0,0,0,0,0,0,0,0,0,0,0,2026-06-19 14:37:27.672258+00,2026-06-19 14:37:27.672258+00
10,16384,t,8387033158120687519,"select queryid, calls, (total_plan_time + total_exec_time) as total_time, rows, shared_blks_hit, shared_blks_dirtied, shared_blks_read, shared_blks_written, local_blks_hit, local_blks_dirtied, local_blks_read, local_blks_written, temp_blks_read, temp_blks_written, storage_blks_read, orcache_blks_hit, shared_blk_read_time as blk_read_time, shared_blk_write_time as blk_write_time, storage_blk_read_time, local_blk_read_time, orcache_blk_read_time, total_plan_time, total_exec_time from aurora_stat_statements($1) where queryid in ($2, $3, $4, $5, $6, $7, $8, $9, $10, $11, $12, $13, $14, $15, $16, $17, $18, $19, $20, $21, $22, $23, $24, $25, $26, $27, $28, $29, $30, $31, $32, $33, $34, $35, $36, $37, $38, $39, $40, $41, $42, $43, $44, $45, $46, $47, $48, $49, $50, $51, $52, $53, $54, $55, $56, $57, $58, $59, $60, $61, $62, $63, $64)",0,0,0,0,0,0,13,450.776054,2.654315,213.832187,34.67508107692308,73.23914958274453,832,0,0,0,0,0,0,0,0,0,0,0,0,0,0,0,0,0,0,0,0,0,0,0,0,0,0,0,0,0,2026-06-19 16:02:37.763959+00,2026-06-19 16:02:37.763959+00
10,16384,t,7399806141608867259,"DECLARE ""query-cursor_151"" SCROLL CURSOR FOR select queryid, left(query, $1), calls, (total_plan_time + total_exec_time) as total_time from aurora_stat_statements($2) order by calls desc limit $3 FOR READ ONLY",0,0,0,0,0,0,1,0.078948,0.078948,0.078948,0.078948,0,0,0,0,0,0,0,0,0,0,0,0,0,0,0,0,0,0,0,0,0,0,0,0,0,0,0,0,0,0,0,2026-06-19 15:38:28.374135+00,2026-06-19 15:38:28.374135+00
16410,16412,t,3007082447153907084,"SELECT now() AS at,
       (SELECT count(*) FROM dsrc_record)                  AS dsrc_record,
       (SELECT count(*) FROM obs_ent)                      AS obs_ent,
       (SELECT count(*) FROM res_ent)                      AS res_ent,
       (SELECT count(*) FROM res_ent_okey)                 AS res_ent_okey,
       (SELECT count(*) FROM sys_eval_queue)               AS sys_eval_queue,
       (SELECT count(*) FROM res_ent WHERE ent_state != $1) AS res_ent_active,
       (SELECT count(*) FROM res_relate)                   AS res_relate",0,0,0,0,0,0,6,788541.041613,11850.575128999999,251983.818995,131423.5069355,95037.68438320929,6,38182524,2101833,0,0,0,0,0,0,0,0,324260.380532,0,0,0,0,0,0,0,0,0,0,0,0,0,0,0,0,0,0,2026-06-19 15:49:31.165257+00,2026-06-19 15:49:31.165257+00
10,16384,t,-8996622484039211534,"FETCH 50 IN ""query-cursor_111""",0,0,0,0,0,0,16,0.049002,0.002718,0.005709,0.003062625,0.0006929539915282976,800,0,0,0,0,0,0,0,0,0,0,0,0,0,0,0,0,0,0,0,0,0,0,0,0,0,0,0,0,0,2026-06-19 14:39:27.672485+00,2026-06-19 14:39:27.672485+00
16410,16412,t,-2462546356405815846,SET lock_timeout = $1,0,0,0,0,0,0,1608,27.860799,0.005795,0.086763,0.017326367537313432,0.007241355694010622,0,0,0,0,0,0,0,0,0,0,0,0,0,0,0,0,0,0,0,0,0,0,0,0,0,0,0,0,0,0,2026-06-19 14:59:26.512663+00,2026-06-19 14:59:26.512663+00
16410,16412,t,-6036129607891050393,"UPDATE RES_FEAT_EKEY AS T SET SUPPRESSED=C.SUPPRESSED,OBS_ENT_CNT=C.OBS_ENT_CNT FROM (VALUES (CAST ($1 AS BIGINT),CAST ($2 AS BIGINT),$3,$4,CAST ($5 AS BIGINT)),(CAST ($6 AS BIGINT),CAST ($7 AS BIGINT),$8,$9,CAST ($10 AS BIGINT)),(CAST ($11 AS BIGINT),CAST ($12 AS BIGINT),$13,$14,CAST ($15 AS BIGINT)),(CAST ($16 AS BIGINT),CAST ($17 AS BIGINT),$18,$19,CAST ($20 AS BIGINT))) AS C(RES_ENT_ID,LIB_FEAT_ID,UTYPE_CODE,SUPPRESSED,OBS_ENT_CNT) WHERE C.RES_ENT_ID=T.RES_ENT_ID AND C.LIB_FEAT_ID=T.LIB_FEAT_ID AND C.UTYPE_CODE=T.UTYPE_CODE",0,0,0,0,0,0,394344,3045737.0227160533,0.047939,1214.263047,7.72355360476146,22.073246288798426,1577376,22252987,49177,0,7314,0,0,0,0,0,0,1170373.8833570012,695.1692679999998,0,0,0,0,0,0,0,0,0,0,0,0,0,0,0,0,0,2026-06-19 14:52:53.806701+00,2026-06-19 14:52:53.806701+00
10,16384,t,-2649698771933279704,"DECLARE ""query-cursor_202"" SCROLL CURSOR FOR select queryid, left(query, $1), calls, (total_plan_time + total_exec_time) as total_time from aurora_stat_statements($2) order by calls desc limit $3 FOR READ ONLY",0,0,0,0,0,0,1,0.088441,0.088441,0.088441,0.088441,0,0,0,0,0,0,0,0,0,0,0,0,0,0,0,0,0,0,0,0,0,0,0,0,0,0,0,0,0,0,0,2026-06-19 17:24:27.797878+00,2026-06-19 17:24:27.797878+00
16410,16412,t,-8673607796849856739,"UPDATE RES_ENT_OKEY SET ERRULE_ID=$1,MATCH_KEY=$2 WHERE OBS_ENT_ID=$3",0,0,0,0,0,0,2743870,2040617.8401408866,0.010955,825.326197,0.74370062726765,3.782239421660199,2743870,25007920,2398,0,4618,0,0,0,0,0,0,27911.253874999984,237.28546300000002,0,0,0,0,0,0,0,0,0,0,0,0,0,0,0,0,0,2026-06-19 14:53:03.779708+00,2026-06-19 14:53:03.779708+00
10,16412,t,2103733769408878190,SELECT $1,0,0,0,0,0,0,3,0.011824,0.003522,0.004582,0.003941333333333333,0.00046017484599757184,3,0,0,0,0,0,0,0,0,0,0,0,0,0,0,0,0,0,0,0,0,0,0,0,0,0,0,0,0,0,2026-06-19 13:45:00.101038+00,2026-06-19 13:45:00.101038+00
10,16384,t,4891569288998957706,"DECLARE ""query-cursor_109"" SCROLL CURSOR FOR select queryid, left(query, $1), calls, (total_plan_time + total_exec_time) as total_time from aurora_stat_statements($2) order by calls desc limit $3 FOR READ ONLY",0,0,0,0,0,0,1,0.062833,0.062833,0.062833,0.062833,0,0,0,0,0,0,0,0,0,0,0,0,0,0,0,0,0,0,0,0,0,0,0,0,0,0,0,0,0,0,0,2026-06-19 14:37:27.670425+00,2026-06-19 14:37:27.670425+00
10,16384,t,132216594578261755,"FETCH 29 IN ""query-cursor_18""",0,0,0,0,0,0,1,0.002638,0.002638,0.002638,0.002638,0,29,0,0,0,0,0,0,0,0,0,0,0,0,0,0,0,0,0,0,0,0,0,0,0,0,0,0,0,0,0,2026-06-19 13:06:27.66543+00,2026-06-19 13:06:27.66543+00
10,16384,t,-6355717069492701771,"MOVE -1469 IN ""query-cursor_145""",0,0,0,0,0,0,1,0.125513,0.125513,0.125513,0.125513,0,0,0,0,0,0,0,0,0,0,0,0,0,0,0,0,0,0,0,0,0,0,0,0,0,0,0,0,0,0,0,2026-06-19 15:26:27.841161+00,2026-06-19 15:26:27.841161+00
10,16384,t,-8303355109357480984,"MOVE -267 IN ""query-cursor_24""",0,0,0,0,0,0,1,0.007582,0.007582,0.007582,0.007582,0,0,0,0,0,0,0,0,0,0,0,0,0,0,0,0,0,0,0,0,0,0,0,0,0,0,0,0,0,0,0,2026-06-19 13:12:27.665114+00,2026-06-19 13:12:27.665114+00
10,16384,t,163517582903885794,"SELECT viewname, md5(pg_get_viewdef($1 || viewname)::text) FROM pg_views WHERE schemaname = $2 ORDER BY viewname",0,0,0,0,0,0,37,4146.070993999999,9.820488000000001,1035.067491,112.05597281081077,207.87016585863,2405,11111,452,0,0,0,0,0,0,0,0,2661.9926029999997,0,0,0,0,0,0,0,0,0,0,0,0,0,0,0,0,0,0,2026-06-19 12:57:23.761358+00,2026-06-19 12:57:23.761358+00
10,16384,t,4953930488774181956,"MOVE ALL IN ""query-cursor_52""",0,0,0,0,0,0,1,0.901357,0.901357,0.901357,0.901357,0,0,0,0,0,0,0,0,0,0,0,0,0,0,0,0,0,0,0,0,0,0,0,0,0,0,0,0,0,0,0,2026-06-19 13:40:27.667385+00,2026-06-19 13:40:27.667385+00
10,16384,t,-5759671193695031846,"DECLARE ""query-cursor_169"" SCROLL CURSOR FOR select queryid, left(query, $1), calls, (total_plan_time + total_exec_time) as total_time from aurora_stat_statements($2) order by calls desc limit $3 FOR READ ONLY",0,0,0,0,0,0,1,0.080922,0.080922,0.080922,0.080922,0,0,0,0,0,0,0,0,0,0,0,0,0,0,0,0,0,0,0,0,0,0,0,0,0,0,0,0,0,0,0,2026-06-19 16:14:28.001768+00,2026-06-19 16:14:28.001768+00
16410,16412,t,-712398698749710935,"SELECT RES_ENT_ID,LIB_FEAT_ID,FTYPE_ID,UTYPE_CODE,SUPPRESSED,OBS_ENT_CNT FROM RES_FEAT_EKEY WHERE RES_ENT_ID IN ($1,$2,$3,$4) AND FTYPE_ID IN ($5,$6,$7,$8,$9,$10,$11,$12,$13,$14,$15,$16,$17,$18,$19,$20,$21,$22,$23,$24,$25,$26,$27,$28,$29,$30,$31,$32,$33,$34,$35,$36,$37,$38,$39,$40,$41,$42,$43,$44,$45,$46,$47,$48,$49,$50,$51,$52,$53,$54,$55,$56,$57,$58,$59,$60,$61,$62,$63)",0,0,0,0,0,0,2,0.24500899999999998,0.092655,0.152354,0.12250449999999999,0.02984949999999999,52,31,0,0,0,0,0,0,0,0,0,0,0,0,0,0,0,0,0,0,0,0,0,0,0,0,0,0,0,0,2026-06-19 17:25:52.971074+00,2026-06-19 17:25:52.971074+00
10,16384,t,2123666327846760631,"MOVE -580 IN ""query-cursor_73""",0,0,0,0,0,0,1,0.013187,0.013187,0.013187,0.013187,0,0,0,0,0,0,0,0,0,0,0,0,0,0,0,0,0,0,0,0,0,0,0,0,0,0,0,0,0,0,0,2026-06-19 14:01:27.669256+00,2026-06-19 14:01:27.669256+00
10,16384,t,5537493970613045040,"FETCH 50 IN ""query-cursor_90""",0,0,0,0,0,0,13,0.042603999999999996,0.00267,0.006036,0.003277230769230769,0.0008145421700228674,650,0,0,0,0,0,0,0,0,0,0,0,0,0,0,0,0,0,0,0,0,0,0,0,0,0,0,0,0,0,2026-06-19 14:18:27.670562+00,2026-06-19 14:18:27.670562+00
10,16384,t,-8218870299426712902,"FETCH 0 IN ""query-cursor_112""",0,0,0,0,0,0,1,0.004489,0.004489,0.004489,0.004489,0,0,0,0,0,0,0,0,0,0,0,0,0,0,0,0,0,0,0,0,0,0,0,0,0,0,0,0,0,0,0,2026-06-19 14:40:27.67077+00,2026-06-19 14:40:27.67077+00
10,16384,t,-6016770095446301649,"select event_id, t.type_name, event_name from aurora_stat_wait_type() t join aurora_stat_wait_event() e on t.type_id = e.type_id",0,0,0,0,0,0,1,0.255532,0.255532,0.255532,0.255532,0,337,0,0,0,0,0,0,0,0,0,0,0,0,0,0,0,0,0,0,0,0,0,0,0,0,0,0,0,0,0,2026-06-19 12:49:27.211709+00,2026-06-19 12:49:27.211709+00
10,16384,t,7004076517161492689,"select coalesce(max(nullif(age(catalog_xmin),$1)),$2) as oldest_inactive_logical_replication_slot_xid_age from pg_replication_slots where active = $3 and slot_type = $4",0,0,0,0,0,0,510,3.9143819999999945,0.004314,0.029796,0.007675258823529401,0.0030563385520545805,510,0,0,0,0,0,0,0,0,0,0,0,0,0,0,0,0,0,0,0,0,0,0,0,0,0,0,0,0,0,2026-06-19 12:49:27.235478+00,2026-06-19 12:49:27.235478+00
10,16384,t,2212729192904635009,COMMIT,0,0,0,0,0,0,15552,10.76483999999999,0.000184,1.049579,0.0006921836419753081,0.008440158349795309,0,0,0,0,0,0,0,0,0,0,0,0,0,0,0,0,0,0,0,0,0,0,0,0,0,0,0,0,0,0,2026-06-19 12:49:27.109937+00,2026-06-19 12:49:27.109937+00
16410,16412,t,-4702392349078106453,DELETE FROM RES_FEAT_EKEY WHERE RES_ENT_ID=$1 AND ((LIB_FEAT_ID=$2 AND UTYPE_CODE=$3)OR(LIB_FEAT_ID=$4 AND UTYPE_CODE=$5)OR(LIB_FEAT_ID=$6 AND UTYPE_CODE=$7)OR(LIB_FEAT_ID=$8 AND UTYPE_CODE=$9)OR(LIB_FEAT_ID=$10 AND UTYPE_CODE=$11)OR(LIB_FEAT_ID=$12 AND UTYPE_CODE=$13)OR(LIB_FEAT_ID=$14 AND UTYPE_CODE=$15)OR(LIB_FEAT_ID=$16 AND UTYPE_CODE=$17)OR(LIB_FEAT_ID=$18 AND UTYPE_CODE=$19)OR(LIB_FEAT_ID=$20 AND UTYPE_CODE=$21)OR(LIB_FEAT_ID=$22 AND UTYPE_CODE=$23)OR(LIB_FEAT_ID=$24 AND UTYPE_CODE=$25)OR(LIB_FEAT_ID=$26 AND UTYPE_CODE=$27)OR(LIB_FEAT_ID=$28 AND UTYPE_CODE=$29)OR(LIB_FEAT_ID=$30 AND UTYPE_CODE=$31)OR(LIB_FEAT_ID=$32 AND UTYPE_CODE=$33)OR(LIB_FEAT_ID=$34 AND UTYPE_CODE=$35)OR(LIB_FEAT_ID=$36 AND UTYPE_CODE=$37)OR(LIB_FEAT_ID=$38 AND UTYPE_CODE=$39)OR(LIB_FEAT_ID=$40 AND UTYPE_CODE=$41)OR(LIB_FEAT_ID=$42 AND UTYPE_CODE=$43)OR(LIB_FEAT_ID=$44 AND UTYPE_CODE=$45)OR(LIB_FEAT_ID=$46 AND UTYPE_CODE=$47)OR(LIB_FEAT_ID=$48 AND UTYPE_CODE=$49)OR(LIB_FEAT_ID=$50 AND UTYPE_CODE=$51)OR(LIB_FEAT_ID=$52 AND UTYPE_CODE=$53)OR(LIB_FEAT_ID=$54 AND UTYPE_CODE=$55)OR(LIB_FEAT_ID=$56 AND UTYPE_CODE=$57)OR(LIB_FEAT_ID=$58 AND UTYPE_CODE=$59)OR(LIB_FEAT_ID=$60 AND UTYPE_CODE=$61)OR(LIB_FEAT_ID=$62 AND UTYPE_CODE=$63)OR(LIB_FEAT_ID=$64 AND UTYPE_CODE=$65)OR(LIB_FEAT_ID=$66 AND UTYPE_CODE=$67)OR(LIB_FEAT_ID=$68 AND UTYPE_CODE=$69)OR(LIB_FEAT_ID=$70 AND UTYPE_CODE=$71)OR(LIB_FEAT_ID=$72 AND UTYPE_CODE=$73)OR(LIB_FEAT_ID=$74 AND UTYPE_CODE=$75)OR(LIB_FEAT_ID=$76 AND UTYPE_CODE=$77)OR(LIB_FEAT_ID=$78 AND UTYPE_CODE=$79)OR(LIB_FEAT_ID=$80 AND UTYPE_CODE=$81)OR(LIB_FEAT_ID=$82 AND UTYPE_CODE=$83)OR(LIB_FEAT_ID=$84 AND UTYPE_CODE=$85)OR(LIB_FEAT_ID=$86 AND UTYPE_CODE=$87)OR(LIB_FEAT_ID=$88 AND UTYPE_CODE=$89)OR(LIB_FEAT_ID=$90 AND UTYPE_CODE=$91)OR(LIB_FEAT_ID=$92 AND UTYPE_CODE=$93)),0,0,0,0,0,0,1868,83663.95120299998,0.012284,565.094985,44.787982442719475,74.37640793663326,51069,377201,927,0,0,0,0,0,0,0,0,52546.649220000014,0,0,0,0,0,0,0,0,0,0,0,0,0,0,0,0,0,0,2026-06-19 15:01:43.399849+00,2026-06-19 15:01:43.399849+00
16410,16412,t,2086630523403264662,DELETE FROM RES_FEAT_EKEY WHERE RES_ENT_ID=$1 AND ((LIB_FEAT_ID=$2 AND UTYPE_CODE=$3)OR(LIB_FEAT_ID=$4 AND UTYPE_CODE=$5)OR(LIB_FEAT_ID=$6 AND UTYPE_CODE=$7)OR(LIB_FEAT_ID=$8 AND UTYPE_CODE=$9)OR(LIB_FEAT_ID=$10 AND UTYPE_CODE=$11)OR(LIB_FEAT_ID=$12 AND UTYPE_CODE=$13)OR(LIB_FEAT_ID=$14 AND UTYPE_CODE=$15)OR(LIB_FEAT_ID=$16 AND UTYPE_CODE=$17)OR(LIB_FEAT_ID=$18 AND UTYPE_CODE=$19)OR(LIB_FEAT_ID=$20 AND UTYPE_CODE=$21)OR(LIB_FEAT_ID=$22 AND UTYPE_CODE=$23)OR(LIB_FEAT_ID=$24 AND UTYPE_CODE=$25)OR(LIB_FEAT_ID=$26 AND UTYPE_CODE=$27)OR(LIB_FEAT_ID=$28 AND UTYPE_CODE=$29)OR(LIB_FEAT_ID=$30 AND UTYPE_CODE=$31)OR(LIB_FEAT_ID=$32 AND UTYPE_CODE=$33)OR(LIB_FEAT_ID=$34 AND UTYPE_CODE=$35)OR(LIB_FEAT_ID=$36 AND UTYPE_CODE=$37)OR(LIB_FEAT_ID=$38 AND UTYPE_CODE=$39)OR(LIB_FEAT_ID=$40 AND UTYPE_CODE=$41)OR(LIB_FEAT_ID=$42 AND UTYPE_CODE=$43)OR(LIB_FEAT_ID=$44 AND UTYPE_CODE=$45)OR(LIB_FEAT_ID=$46 AND UTYPE_CODE=$47)OR(LIB_FEAT_ID=$48 AND UTYPE_CODE=$49)OR(LIB_FEAT_ID=$50 AND UTYPE_CODE=$51)OR(LIB_FEAT_ID=$52 AND UTYPE_CODE=$53)OR(LIB_FEAT_ID=$54 AND UTYPE_CODE=$55)OR(LIB_FEAT_ID=$56 AND UTYPE_CODE=$57)OR(LIB_FEAT_ID=$58 AND UTYPE_CODE=$59)OR(LIB_FEAT_ID=$60 AND UTYPE_CODE=$61)OR(LIB_FEAT_ID=$62 AND UTYPE_CODE=$63)OR(LIB_FEAT_ID=$64 AND UTYPE_CODE=$65)OR(LIB_FEAT_ID=$66 AND UTYPE_CODE=$67)OR(LIB_FEAT_ID=$68 AND UTYPE_CODE=$69)OR(LIB_FEAT_ID=$70 AND UTYPE_CODE=$71)OR(LIB_FEAT_ID=$72 AND UTYPE_CODE=$73)OR(LIB_FEAT_ID=$74 AND UTYPE_CODE=$75)OR(LIB_FEAT_ID=$76 AND UTYPE_CODE=$77)OR(LIB_FEAT_ID=$78 AND UTYPE_CODE=$79)OR(LIB_FEAT_ID=$80 AND UTYPE_CODE=$81)OR(LIB_FEAT_ID=$82 AND UTYPE_CODE=$83)OR(LIB_FEAT_ID=$84 AND UTYPE_CODE=$85)OR(LIB_FEAT_ID=$86 AND UTYPE_CODE=$87)OR(LIB_FEAT_ID=$88 AND UTYPE_CODE=$89)OR(LIB_FEAT_ID=$90 AND UTYPE_CODE=$91)OR(LIB_FEAT_ID=$92 AND UTYPE_CODE=$93)OR(LIB_FEAT_ID=$94 AND UTYPE_CODE=$95)),0,0,0,0,0,0,1573,68121.48473100014,0.016195,484.906127,43.30672900890028,73.98287537193717,43492,326276,799,0,0,0,0,0,0,0,0,44453.04104799999,0,0,0,0,0,0,0,0,0,0,0,0,0,0,0,0,0,0,2026-06-19 14:59:31.466789+00,2026-06-19 14:59:31.466789+00
16410,16412,t,-5880781344988813156,"UPDATE RES_FEAT_STAT AS T SET FTYPE_ID=C.FTYPE_ID,NUM_RES_ENT=C.NUM_RES_ENT_NEW,NUM_RES_ENT_OOM=C.NUM_RES_ENT_OOM_NEW FROM (VALUES (CAST ($1 AS BIGINT),CAST ($2 AS INT),CAST ($3 AS BIGINT),CAST ($4 AS BIGINT),CAST ($5 AS BIGINT),CAST ($6 AS BIGINT)),(CAST ($7 AS BIGINT),CAST ($8 AS INT),CAST ($9 AS BIGINT),CAST ($10 AS BIGINT),CAST ($11 AS BIGINT),CAST ($12 AS BIGINT)),(CAST ($13 AS BIGINT),CAST ($14 AS INT),CAST ($15 AS BIGINT),CAST ($16 AS BIGINT),CAST ($17 AS BIGINT),CAST ($18 AS BIGINT)),(CAST ($19 AS BIGINT),CAST ($20 AS INT),CAST ($21 AS BIGINT),CAST ($22 AS BIGINT),CAST ($23 AS BIGINT),CAST ($24 AS BIGINT)),(CAST ($25 AS BIGINT),CAST ($26 AS INT),CAST ($27 AS BIGINT),CAST ($28 AS BIGINT),CAST ($29 AS BIGINT),CAST ($30 AS BIGINT)),(CAST ($31 AS BIGINT),CAST ($32 AS INT),CAST ($33 AS BIGINT),CAST ($34 AS BIGINT),CAST ($35 AS BIGINT),CAST ($36 AS BIGINT)),(CAST ($37 AS BIGINT),CAST ($38 AS INT),CAST ($39 AS BIGINT),CAST ($40 AS BIGINT),CAST ($41 AS BIGINT),CAST ($42 AS BIGINT)),(CAST ($43 AS BIGINT),CAST ($44 AS INT),CAST ($45 AS BIGINT),CAST ($46 AS BIGINT),CAST ($47 AS BIGINT),CAST ($48 AS BIGINT)),(CAST ($49 AS BIGINT),CAST ($50 AS INT),CAST ($51 AS BIGINT),CAST ($52 AS BIGINT),CAST ($53 AS BIGINT),CAST ($54 AS BIGINT)),(CAST ($55 AS BIGINT),CAST ($56 AS INT),CAST ($57 AS BIGINT),CAST ($58 AS BIGINT),CAST ($59 AS BIGINT),CAST ($60 AS BIGINT)),(CAST ($61 AS BIGINT),CAST ($62 AS INT),CAST ($63 AS BIGINT),CAST ($64 AS BIGINT),CAST ($65 AS BIGINT),CAST ($66 AS BIGINT)),(CAST ($67 AS BIGINT),CAST ($68 AS INT),CAST ($69 AS BIGINT),CAST ($70 AS BIGINT),CAST ($71 AS BIGINT),CAST ($72 AS BIGINT)),(CAST ($73 AS BIGINT),CAST ($74 AS INT),CAST ($75 AS BIGINT),CAST ($76 AS BIGINT),CAST ($77 AS BIGINT),CAST ($78 AS BIGINT)),(CAST ($79 AS BIGINT),CAST ($80 AS INT),CAST ($81 AS BIGINT),CAST ($82 AS BIGINT),CAST ($83 AS BIGINT),CAST ($84 AS BIGINT))) AS C(LIB_FEAT_ID,FTYPE_ID,NUM_RES_ENT_OLD,NUM_RES_ENT_OOM_OLD,NUM_RES_ENT_NEW,NUM_RES_ENT_OOM_NEW) WHERE C.LIB_FEAT_ID=T.LIB_FEAT_ID AND C.NUM_RES_ENT_OLD=T.NUM_RES_ENT AND C.NUM_RES_ENT_OOM_OLD=T.NUM_RES_ENT_OOM",0,0,0,0,0,0,7674,86823.59658700014,0.141455,1200.721658,11.313994864086544,53.19479081719262,107398,1146842,135,0,771,0,0,0,0,0,0,862.9082739999997,8.062749,0,0,0,0,0,0,0,0,0,0,0,0,0,0,0,0,0,2026-06-19 14:55:16.886055+00,2026-06-19 14:55:16.886055+00
10,16384,t,-6458185387550018843,"FETCH 0 IN ""query-cursor_141""",0,0,0,0,0,0,1,0.005646,0.005646,0.005646,0.005646,0,0,0,0,0,0,0,0,0,0,0,0,0,0,0,0,0,0,0,0,0,0,0,0,0,0,0,0,0,0,0,2026-06-19 15:18:27.692797+00,2026-06-19 15:18:27.692797+00
16410,16412,t,-6396601540895590264,DELETE FROM RES_FEAT_EKEY WHERE RES_ENT_ID=$1 AND ((LIB_FEAT_ID=$2 AND UTYPE_CODE=$3)OR(LIB_FEAT_ID=$4 AND UTYPE_CODE=$5)OR(LIB_FEAT_ID=$6 AND UTYPE_CODE=$7)OR(LIB_FEAT_ID=$8 AND UTYPE_CODE=$9)OR(LIB_FEAT_ID=$10 AND UTYPE_CODE=$11)OR(LIB_FEAT_ID=$12 AND UTYPE_CODE=$13)OR(LIB_FEAT_ID=$14 AND UTYPE_CODE=$15)OR(LIB_FEAT_ID=$16 AND UTYPE_CODE=$17)OR(LIB_FEAT_ID=$18 AND UTYPE_CODE=$19)OR(LIB_FEAT_ID=$20 AND UTYPE_CODE=$21)OR(LIB_FEAT_ID=$22 AND UTYPE_CODE=$23)OR(LIB_FEAT_ID=$24 AND UTYPE_CODE=$25)OR(LIB_FEAT_ID=$26 AND UTYPE_CODE=$27)OR(LIB_FEAT_ID=$28 AND UTYPE_CODE=$29)OR(LIB_FEAT_ID=$30 AND UTYPE_CODE=$31)OR(LIB_FEAT_ID=$32 AND UTYPE_CODE=$33)OR(LIB_FEAT_ID=$34 AND UTYPE_CODE=$35)OR(LIB_FEAT_ID=$36 AND UTYPE_CODE=$37)OR(LIB_FEAT_ID=$38 AND UTYPE_CODE=$39)OR(LIB_FEAT_ID=$40 AND UTYPE_CODE=$41)OR(LIB_FEAT_ID=$42 AND UTYPE_CODE=$43)OR(LIB_FEAT_ID=$44 AND UTYPE_CODE=$45)OR(LIB_FEAT_ID=$46 AND UTYPE_CODE=$47)OR(LIB_FEAT_ID=$48 AND UTYPE_CODE=$49)OR(LIB_FEAT_ID=$50 AND UTYPE_CODE=$51)OR(LIB_FEAT_ID=$52 AND UTYPE_CODE=$53)OR(LIB_FEAT_ID=$54 AND UTYPE_CODE=$55)OR(LIB_FEAT_ID=$56 AND UTYPE_CODE=$57)OR(LIB_FEAT_ID=$58 AND UTYPE_CODE=$59)OR(LIB_FEAT_ID=$60 AND UTYPE_CODE=$61)OR(LIB_FEAT_ID=$62 AND UTYPE_CODE=$63)OR(LIB_FEAT_ID=$64 AND UTYPE_CODE=$65)),0,0,0,0,0,0,6681,177887.62318999963,0.09375299999999999,432.57176200000004,26.625897798233744,50.34502401138062,160101,1021774,2090,0,0,0,0,0,0,0,0,101366.44426600006,0,0,0,0,0,0,0,0,0,0,0,0,0,0,0,0,0,0,2026-06-19 14:53:40.203857+00,2026-06-19 14:53:40.203857+00
16410,16412,t,-4918810650318101671,DELETE FROM RES_FEAT_EKEY WHERE RES_ENT_ID=$1 AND ((LIB_FEAT_ID=$2 AND UTYPE_CODE=$3)OR(LIB_FEAT_ID=$4 AND UTYPE_CODE=$5)OR(LIB_FEAT_ID=$6 AND UTYPE_CODE=$7)OR(LIB_FEAT_ID=$8 AND UTYPE_CODE=$9)OR(LIB_FEAT_ID=$10 AND UTYPE_CODE=$11)OR(LIB_FEAT_ID=$12 AND UTYPE_CODE=$13)OR(LIB_FEAT_ID=$14 AND UTYPE_CODE=$15)OR(LIB_FEAT_ID=$16 AND UTYPE_CODE=$17)OR(LIB_FEAT_ID=$18 AND UTYPE_CODE=$19)OR(LIB_FEAT_ID=$20 AND UTYPE_CODE=$21)OR(LIB_FEAT_ID=$22 AND UTYPE_CODE=$23)OR(LIB_FEAT_ID=$24 AND UTYPE_CODE=$25)OR(LIB_FEAT_ID=$26 AND UTYPE_CODE=$27)OR(LIB_FEAT_ID=$28 AND UTYPE_CODE=$29)OR(LIB_FEAT_ID=$30 AND UTYPE_CODE=$31)OR(LIB_FEAT_ID=$32 AND UTYPE_CODE=$33)OR(LIB_FEAT_ID=$34 AND UTYPE_CODE=$35)OR(LIB_FEAT_ID=$36 AND UTYPE_CODE=$37)OR(LIB_FEAT_ID=$38 AND UTYPE_CODE=$39)OR(LIB_FEAT_ID=$40 AND UTYPE_CODE=$41)OR(LIB_FEAT_ID=$42 AND UTYPE_CODE=$43)OR(LIB_FEAT_ID=$44 AND UTYPE_CODE=$45)OR(LIB_FEAT_ID=$46 AND UTYPE_CODE=$47)OR(LIB_FEAT_ID=$48 AND UTYPE_CODE=$49)OR(LIB_FEAT_ID=$50 AND UTYPE_CODE=$51)OR(LIB_FEAT_ID=$52 AND UTYPE_CODE=$53)OR(LIB_FEAT_ID=$54 AND UTYPE_CODE=$55)OR(LIB_FEAT_ID=$56 AND UTYPE_CODE=$57)OR(LIB_FEAT_ID=$58 AND UTYPE_CODE=$59)OR(LIB_FEAT_ID=$60 AND UTYPE_CODE=$61)OR(LIB_FEAT_ID=$62 AND UTYPE_CODE=$63)OR(LIB_FEAT_ID=$64 AND UTYPE_CODE=$65)OR(LIB_FEAT_ID=$66 AND UTYPE_CODE=$67)OR(LIB_FEAT_ID=$68 AND UTYPE_CODE=$69)OR(LIB_FEAT_ID=$70 AND UTYPE_CODE=$71)OR(LIB_FEAT_ID=$72 AND UTYPE_CODE=$73)OR(LIB_FEAT_ID=$74 AND UTYPE_CODE=$75)OR(LIB_FEAT_ID=$76 AND UTYPE_CODE=$77)OR(LIB_FEAT_ID=$78 AND UTYPE_CODE=$79)OR(LIB_FEAT_ID=$80 AND UTYPE_CODE=$81)OR(LIB_FEAT_ID=$82 AND UTYPE_CODE=$83)OR(LIB_FEAT_ID=$84 AND UTYPE_CODE=$85)OR(LIB_FEAT_ID=$86 AND UTYPE_CODE=$87)OR(LIB_FEAT_ID=$88 AND UTYPE_CODE=$89)OR(LIB_FEAT_ID=$90 AND UTYPE_CODE=$91)OR(LIB_FEAT_ID=$92 AND UTYPE_CODE=$93)OR(LIB_FEAT_ID=$94 AND UTYPE_CODE=$95)OR(LIB_FEAT_ID=$96 AND UTYPE_CODE=$97)OR(LIB_FEAT_ID=$98 AND UTYPE_CODE=$99)),0,0,0,0,0,0,1428,61739.06646100001,0.013747,551.713871,43.234640378851545,72.55455626622432,41674,308453,700,0,0,0,0,0,0,0,0,36528.630932999964,0,0,0,0,0,0,0,0,0,0,0,0,0,0,0,0,0,0,2026-06-19 14:53:38.994761+00,2026-06-19 14:53:38.994761+00
10,16384,t,4067719903477811128,"FETCH 0 IN ""query-cursor_24""",0,0,0,0,0,0,1,0.004138,0.004138,0.004138,0.004138,0,0,0,0,0,0,0,0,0,0,0,0,0,0,0,0,0,0,0,0,0,0,0,0,0,0,0,0,0,0,0,2026-06-19 13:12:27.664477+00,2026-06-19 13:12:27.664477+00
10,16384,t,1795437053645089376,"FETCH 0 IN ""query-cursor_93""",0,0,0,0,0,0,1,0.004262,0.004262,0.004262,0.004262,0,0,0,0,0,0,0,0,0,0,0,0,0,0,0,0,0,0,0,0,0,0,0,0,0,0,0,0,0,0,0,2026-06-19 14:21:27.669361+00,2026-06-19 14:21:27.669361+00
10,16384,t,-6730936886341506715,"DECLARE ""query-cursor_132"" SCROLL CURSOR FOR select queryid, left(query, $1), calls, (total_plan_time + total_exec_time) as total_time from aurora_stat_statements($2) order by calls desc limit $3 FOR READ ONLY",0,0,0,0,0,0,1,0.08591,0.08591,0.08591,0.08591,0,0,0,0,0,0,0,0,0,0,0,0,0,0,0,0,0,0,0,0,0,0,0,0,0,0,0,0,0,0,0,2026-06-19 15:00:27.672418+00,2026-06-19 15:00:27.672418+00
10,16384,t,5633115586526714338,"FETCH 10 IN ""query-cursor_218""",0,0,0,0,0,0,1,0.007175,0.007175,0.007175,0.007175,0,10,0,0,0,0,0,0,0,0,0,0,0,0,0,0,0,0,0,0,0,0,0,0,0,0,0,0,0,0,0,2026-06-19 17:56:27.790588+00,2026-06-19 17:56:27.790588+00
16410,16412,t,3594285033942293324,"SELECT DSRC_ID,RECORD_ID,ENT_SRC_KEY FROM DSRC_RECORD WHERE (DSRC_ID=$1 AND ENT_SRC_KEY=$2) OR (DSRC_ID=$3 AND ENT_SRC_KEY=$4) OR (DSRC_ID=$5 AND ENT_SRC_KEY=$6) OR (DSRC_ID=$7 AND ENT_SRC_KEY=$8)",0,0,0,0,0,0,849124,472602.18603902374,0.035500000000000004,448.509535,0.556576172666211,5.015800511347379,2740039,16611052,55471,0,0,0,0,0,0,0,0,253695.7413870007,0,0,0,0,0,0,0,0,0,0,0,0,0,0,0,0,0,0,2026-06-19 14:55:48.421592+00,2026-06-19 14:55:48.421592+00
10,16384,t,6715512767304570223,select count(distinct pid) as blocked_transactions from pg_locks where not granted,0,0,0,0,0,0,255,3472.975874,1.7316600000000002,326.563856,13.619513231372549,31.498643737651186,255,3,0,0,0,0,0,0,0,0,0,0,0,0,0,0,0,0,0,0,0,0,0,0,0,0,0,0,0,0,2026-06-19 12:49:27.226023+00,2026-06-19 12:49:27.226023+00
16410,16412,t,8828043952832419958,SET synchronous_commit TO $1,0,0,0,0,0,0,3080,42.73806199999995,0.003776,1.473275,0.013875994155844139,0.02803232092684121,0,0,0,0,0,0,0,0,0,0,0,0,0,0,0,0,0,0,0,0,0,0,0,0,0,0,0,0,0,0,2026-06-19 12:51:29.507943+00,2026-06-19 12:51:29.507943+00
10,16384,t,-4095398164941357951,"DECLARE ""query-cursor_173"" SCROLL CURSOR FOR select queryid, left(query, $1), calls, (total_plan_time + total_exec_time) as total_time from aurora_stat_statements($2) order by calls desc limit $3 FOR READ ONLY",0,0,0,0,0,0,1,0.084631,0.084631,0.084631,0.084631,0,0,0,0,0,0,0,0,0,0,0,0,0,0,0,0,0,0,0,0,0,0,0,0,0,0,0,0,0,0,0,2026-06-19 16:24:28.002271+00,2026-06-19 16:24:28.002271+00
10,16384,t,1193909140622587467,"FETCH 50 IN ""query-cursor_23""",0,0,0,0,0,0,5,0.017865000000000002,0.002892,0.0052,0.0035730000000000007,0.0008552845140653488,250,0,0,0,0,0,0,0,0,0,0,0,0,0,0,0,0,0,0,0,0,0,0,0,0,0,0,0,0,0,2026-06-19 13:11:27.66504+00,2026-06-19 13:11:27.66504+00
10,16384,t,2390472400014841298,"MOVE ALL IN ""query-cursor_1""",0,0,0,0,0,0,1,0.183675,0.183675,0.183675,0.183675,0,0,3,0,0,0,0,0,0,0,0,0,0,0,0,0,0,0,0,0,0,0,0,0,0,0,0,0,0,0,0,2026-06-19 12:49:27.660888+00,2026-06-19 12:49:27.660888+00
10,16384,t,-6715291035488355226,"FETCH 50 IN ""query-cursor_97""",0,0,0,0,0,0,14,0.046016999999999995,0.002858,0.006,0.0032869285714285713,0.0007710092147203386,700,0,0,0,0,0,0,0,0,0,0,0,0,0,0,0,0,0,0,0,0,0,0,0,0,0,0,0,0,0,2026-06-19 14:25:27.671328+00,2026-06-19 14:25:27.671328+00
10,16384,t,-776493917693894801,"FETCH 50 IN ""query-cursor_50""",0,0,0,0,0,0,8,0.030887,0.002974,0.005785,0.003860875,0.0007940562696528504,400,0,0,0,0,0,0,0,0,0,0,0,0,0,0,0,0,0,0,0,0,0,0,0,0,0,0,0,0,0,2026-06-19 13:38:27.667424+00,2026-06-19 13:38:27.667424+00
16410,16412,t,1663653084084213606,"UPDATE RES_FEAT_STAT AS T SET FTYPE_ID=C.FTYPE_ID,NUM_RES_ENT=C.NUM_RES_ENT_NEW,NUM_RES_ENT_OOM=C.NUM_RES_ENT_OOM_NEW FROM (VALUES (CAST ($1 AS BIGINT),CAST ($2 AS INT),CAST ($3 AS BIGINT),CAST ($4 AS BIGINT),CAST ($5 AS BIGINT),CAST ($6 AS BIGINT)),(CAST ($7 AS BIGINT),CAST ($8 AS INT),CAST ($9 AS BIGINT),CAST ($10 AS BIGINT),CAST ($11 AS BIGINT),CAST ($12 AS BIGINT)),(CAST ($13 AS BIGINT),CAST ($14 AS INT),CAST ($15 AS BIGINT),CAST ($16 AS BIGINT),CAST ($17 AS BIGINT),CAST ($18 AS BIGINT)),(CAST ($19 AS BIGINT),CAST ($20 AS INT),CAST ($21 AS BIGINT),CAST ($22 AS BIGINT),CAST ($23 AS BIGINT),CAST ($24 AS BIGINT)),(CAST ($25 AS BIGINT),CAST ($26 AS INT),CAST ($27 AS BIGINT),CAST ($28 AS BIGINT),CAST ($29 AS BIGINT),CAST ($30 AS BIGINT))) AS C(LIB_FEAT_ID,FTYPE_ID,NUM_RES_ENT_OLD,NUM_RES_ENT_OOM_OLD,NUM_RES_ENT_NEW,NUM_RES_ENT_OOM_NEW) WHERE C.LIB_FEAT_ID=T.LIB_FEAT_ID AND C.NUM_RES_ENT_OLD=T.NUM_RES_ENT AND C.NUM_RES_ENT_OOM_OLD=T.NUM_RES_ENT_OOM",0,0,0,0,0,0,1497477,7343598.482430641,0.05361,1653.907557,4.903980817355219,25.89688553486669,7480829,65096086,5516,0,57908,0,0,0,0,0,0,40743.05040400003,1632.420782,0,0,0,0,0,0,0,0,0,0,0,0,0,0,0,0,0,2026-06-19 14:52:41.757754+00,2026-06-19 14:52:41.757754+00
10,16384,t,3158961811245206956,"FETCH 50 IN ""query-cursor_39""",0,0,0,0,0,0,7,0.024221,0.002769,0.005948,0.003460142857142857,0.0010339891445370248,350,0,0,0,0,0,0,0,0,0,0,0,0,0,0,0,0,0,0,0,0,0,0,0,0,0,0,0,0,0,2026-06-19 13:27:27.666365+00,2026-06-19 13:27:27.666365+00
10,16384,t,-6913952412451803830,select $1 from rds_get_stat_connections_counters() limit $2,0,0,0,0,0,0,762,44.068774000000005,0.011782,1.375894,0.05783303674540683,0.06459232496293006,762,0,0,0,0,0,0,0,0,0,0,0,0,0,0,0,0,0,0,0,0,0,0,0,0,0,0,0,0,0,2026-06-19 12:50:37.66557+00,2026-06-19 12:50:37.66557+00
16410,16412,t,2098497899145152856,"SELECT RES_ENT_ID,LIB_FEAT_ID,FTYPE_ID,UTYPE_CODE,SUPPRESSED,OBS_ENT_CNT FROM RES_FEAT_EKEY WHERE RES_ENT_ID IN ($1,$2,$3,$4,$5,$6,$7,$8) AND FTYPE_ID IN ($9,$10,$11,$12,$13,$14,$15,$16,$17,$18,$19,$20,$21,$22)",0,0,0,0,0,0,354035,1585753.4024510188,0.054921,488.344287,4.479086537915796,18.489873568352447,42278252,11883515,70939,0,0,0,0,0,0,0,0,1283592.8009070035,0,0,0,0,0,0,0,0,0,0,0,0,0,0,0,0,0,0,2026-06-19 14:52:42.309831+00,2026-06-19 14:52:42.309831+00
10,16384,t,4468184415232900376,"FETCH 0 IN ""query-cursor_23""",0,0,0,0,0,0,1,0.00405,0.00405,0.00405,0.00405,0,0,0,0,0,0,0,0,0,0,0,0,0,0,0,0,0,0,0,0,0,0,0,0,0,0,0,0,0,0,0,2026-06-19 13:11:27.664389+00,2026-06-19 13:11:27.664389+00
10,16384,t,-5292374506006861460,"MOVE -1419 IN ""query-cursor_139""",0,0,0,0,0,0,1,0.165202,0.165202,0.165202,0.165202,0,0,0,0,0,0,0,0,0,0,0,0,0,0,0,0,0,0,0,0,0,0,0,0,0,0,0,0,0,0,0,2026-06-19 15:14:27.711368+00,2026-06-19 15:14:27.711368+00
10,16384,t,5503068758878623602,"FETCH 0 IN ""query-cursor_140""",0,0,0,0,0,0,1,0.0051,0.0051,0.0051,0.0051,0,0,0,0,0,0,0,0,0,0,0,0,0,0,0,0,0,0,0,0,0,0,0,0,0,0,0,0,0,0,0,2026-06-19 15:16:28.404954+00,2026-06-19 15:16:28.404954+00
10,16384,t,-7015623509292661704,"MOVE ALL IN ""query-cursor_94""",0,0,0,0,0,0,1,1.538959,1.538959,1.538959,1.538959,0,0,0,0,0,0,0,0,0,0,0,0,0,0,0,0,0,0,0,0,0,0,0,0,0,0,0,0,0,0,0,2026-06-19 14:22:27.671063+00,2026-06-19 14:22:27.671063+00
16410,16412,t,-3768326963953724278,"INSERT INTO RES_FEAT_STAT(LIB_FEAT_ID,FTYPE_ID,NUM_RES_ENT,NUM_RES_ENT_OOM) VALUES ($1,$2,$3,$4),($5,$6,$7,$8),($9,$10,$11,$12),($13,$14,$15,$16),($17,$18,$19,$20),($21,$22,$23,$24),($25,$26,$27,$28),($29,$30,$31,$32) ON CONFLICT DO NOTHING",0,0,0,0,0,0,535403,5768076.250792912,0.07976599999999999,2259.908214,10.7733356944076,44.439899678352575,4283213,42948909,4641,0,54879,0,0,0,0,0,0,38282.61903699991,5216.194088000014,0,0,0,0,0,0,0,0,0,0,0,0,0,0,0,0,0,2026-06-19 14:52:39.893885+00,2026-06-19 14:52:39.893885+00
10,16384,t,-4899063793107538667,"DECLARE ""query-cursor_15"" SCROLL CURSOR FOR select queryid, left(query, $1), calls, (total_plan_time + total_exec_time) as total_time from aurora_stat_statements($2) order by calls desc limit $3 FOR READ ONLY",0,0,0,0,0,0,1,0.06821,0.06821,0.06821,0.06821,0,0,0,0,0,0,0,0,0,0,0,0,0,0,0,0,0,0,0,0,0,0,0,0,0,0,0,0,0,0,0,2026-06-19 13:03:27.663792+00,2026-06-19 13:03:27.663792+00
10,16384,t,2282963147688629688,"DECLARE ""query-cursor_137"" SCROLL CURSOR FOR select queryid, left(query, $1), calls, (total_plan_time + total_exec_time) as total_time from aurora_stat_statements($2) order by calls desc limit $3 FOR READ ONLY",0,0,0,0,0,0,1,0.082947,0.082947,0.082947,0.082947,0,0,0,0,0,0,0,0,0,0,0,0,0,0,0,0,0,0,0,0,0,0,0,0,0,0,0,0,0,0,0,2026-06-19 15:10:27.685032+00,2026-06-19 15:10:27.685032+00
10,16384,t,-5290591255308086784,"FETCH 0 IN ""query-cursor_251""",0,0,0,0,0,0,1,0.005727,0.005727,0.005727,0.005727,0,0,0,0,0,0,0,0,0,0,0,0,0,0,0,0,0,0,0,0,0,0,0,0,0,0,0,0,0,0,0,2026-06-19 19:01:27.682227+00,2026-06-19 19:01:27.682227+00
10,16384,t,-459252007218816479,"DECLARE ""query-cursor_125"" SCROLL CURSOR FOR select queryid, left(query, $1), calls, (total_plan_time + total_exec_time) as total_time from aurora_stat_statements($2) order by calls desc limit $3 FOR READ ONLY",0,0,0,0,0,0,1,0.067436,0.067436,0.067436,0.067436,0,0,0,0,0,0,0,0,0,0,0,0,0,0,0,0,0,0,0,0,0,0,0,0,0,0,0,0,0,0,0,2026-06-19 14:53:27.671582+00,2026-06-19 14:53:27.671582+00
10,16384,t,752890318856375432,"MOVE -2175 IN ""query-cursor_252""",0,0,0,0,0,0,1,0.040578,0.040578,0.040578,0.040578,0,0,0,0,0,0,0,0,0,0,0,0,0,0,0,0,0,0,0,0,0,0,0,0,0,0,0,0,0,0,0,2026-06-19 19:03:27.68831+00,2026-06-19 19:03:27.68831+00
10,16384,t,-6703239658353361596,"MOVE -72 IN ""query-cursor_2""",0,0,0,0,0,0,1,0.003547,0.003547,0.003547,0.003547,0,0,0,0,0,0,0,0,0,0,0,0,0,0,0,0,0,0,0,0,0,0,0,0,0,0,0,0,0,0,0,2026-06-19 12:50:27.663125+00,2026-06-19 12:50:27.663125+00
16410,16412,t,4378565804226904539,"SELECT LIB_FEAT_ID,FEAT_DESC,FTYPE_ID,ANONYMIZED,FEAT_HASH,VERSION,FELEM_VALUES FROM LIB_FEAT WHERE LIB_FEAT_ID IN ($1,$2,$3,$4,$5,$6,$7,$8,$9,$10,$11,$12,$13,$14,$15,$16,$17,$18,$19,$20,$21,$22,$23,$24,$25,$26,$27,$28,$29,$30,$31,$32,$33,$34,$35,$36,$37,$38,$39,$40,$41,$42,$43,$44,$45,$46,$47,$48,$49,$50,$51,$52,$53,$54,$55,$56,$57,$58,$59,$60,$61,$62,$63,$64)",0,0,0,0,0,0,5679634,125970862.24062164,0.033491999999999994,1152.5294749999998,22.179397869760912,55.725224383172154,248243285,469769162,17241859,0,0,0,0,0,0,0,0,117138866.1174382,0,0,0,0,0,0,0,0,0,0,0,0,0,0,0,0,0,0,2026-06-19 14:52:42.107249+00,2026-06-19 14:52:42.107249+00
10,16384,t,-162594102934861286,"DECLARE ""query-cursor_38"" SCROLL CURSOR FOR select queryid, left(query, $1), calls, (total_plan_time + total_exec_time) as total_time from aurora_stat_statements($2) order by calls desc limit $3 FOR READ ONLY",0,0,0,0,0,0,1,0.061934,0.061934,0.061934,0.061934,0,0,0,0,0,0,0,0,0,0,0,0,0,0,0,0,0,0,0,0,0,0,0,0,0,0,0,0,0,0,0,2026-06-19 13:26:27.665406+00,2026-06-19 13:26:27.665406+00
16410,16412,t,4667892380139152944,"SELECT RES_ENT_ID,LIB_FEAT_ID,FTYPE_ID,UTYPE_CODE,SUPPRESSED,OBS_ENT_CNT FROM RES_FEAT_EKEY WHERE RES_ENT_ID IN ($1,$2,$3,$4,$5,$6,$7,$8) AND FTYPE_ID IN ($9,$10,$11,$12,$13,$14,$15,$16,$17,$18,$19,$20,$21,$22,$23,$24,$25,$26,$27,$28,$29)",0,0,0,0,0,0,48159,223043.295879999,0.057117,441.807209,4.631393838742478,18.107141421367597,7583271,1607001,9923,0,0,0,0,0,0,0,0,175439.40644999972,0,0,0,0,0,0,0,0,0,0,0,0,0,0,0,0,0,0,2026-06-19 14:52:41.777141+00,2026-06-19 14:52:41.777141+00
10,16384,t,4400416356212604400,"FETCH 0 IN ""query-cursor_177""",0,0,0,0,0,0,1,0.009157,0.009157,0.009157,0.009157,0,0,0,0,0,0,0,0,0,0,0,0,0,0,0,0,0,0,0,0,0,0,0,0,0,0,0,0,0,0,0,2026-06-19 16:32:27.755507+00,2026-06-19 16:32:27.755507+00
16410,16412,t,-7409171893791521874,"INSERT INTO RES_REL_EKEY(RES_REL_ID,RES_ENT_ID,REL_ENT_ID) VALUES ($1,$2,$3),($4,$5,$6),($7,$8,$9),($10,$11,$12),($13,$14,$15),($16,$17,$18),($19,$20,$21),($22,$23,$24),($25,$26,$27),($28,$29,$30),($31,$32,$33),($34,$35,$36),($37,$38,$39),($40,$41,$42),($43,$44,$45),($46,$47,$48),($49,$50,$51),($52,$53,$54),($55,$56,$57),($58,$59,$60),($61,$62,$63),($64,$65,$66),($67,$68,$69),($70,$71,$72) ON CONFLICT DO NOTHING",0,0,0,0,0,0,1257,16750.543920000004,0.37807,270.057909,13.325810596658714,33.11095454893633,30168,279052,57,0,187,0,0,0,0,0,0,1566.8013150000002,32.72492700000001,0,0,0,0,0,0,0,0,0,0,0,0,0,0,0,0,0,2026-06-19 14:59:46.497614+00,2026-06-19 14:59:46.497614+00
10,16384,t,9032876954625188706,"MOVE ALL IN ""query-cursor_120""",0,0,0,0,0,0,1,1.813139,1.813139,1.813139,1.813139,0,0,0,0,0,0,0,0,0,0,0,0,0,0,0,0,0,0,0,0,0,0,0,0,0,0,0,0,0,0,0,2026-06-19 14:48:27.673093+00,2026-06-19 14:48:27.673093+00
16410,16412,t,-6061483510791473762,"INSERT INTO RES_FEAT_STAT(LIB_FEAT_ID,FTYPE_ID,NUM_RES_ENT,NUM_RES_ENT_OOM,CANDIDATE_CAP_REACHED,SCORING_CAP_REACHED) VALUES ($1,$2,$3,$4,$5,$6) ON CONFLICT DO NOTHING",0,0,0,0,0,0,2,662.4028069999999,190.930993,471.471814,331.20140349999997,140.2704105,0,20,0,0,0,0,0,0,0,0,0,0,0,0,0,0,0,0,0,0,0,0,0,0,0,0,0,0,0,0,2026-06-19 15:28:24.106462+00,2026-06-19 15:28:24.106462+00
10,16384,t,6380728026335310008,"DECLARE ""query-cursor_123"" SCROLL CURSOR FOR select queryid, left(query, $1), calls, (total_plan_time + total_exec_time) as total_time from aurora_stat_statements($2) order by calls desc limit $3 FOR READ ONLY",0,0,0,0,0,0,1,0.062136,0.062136,0.062136,0.062136,0,0,0,0,0,0,0,0,0,0,0,0,0,0,0,0,0,0,0,0,0,0,0,0,0,0,0,0,0,0,0,2026-06-19 14:51:27.671502+00,2026-06-19 14:51:27.671502+00
10,16384,t,4189056645894174666,"FETCH 0 IN ""query-cursor_217""",0,0,0,0,0,0,1,0.007752,0.007752,0.007752,0.007752,0,0,0,0,0,0,0,0,0,0,0,0,0,0,0,0,0,0,0,0,0,0,0,0,0,0,0,0,0,0,0,2026-06-19 17:54:27.894045+00,2026-06-19 17:54:27.894045+00
16410,16412,t,-9003389988047647378,"INSERT INTO RES_FEAT_STAT(LIB_FEAT_ID,FTYPE_ID,NUM_RES_ENT,NUM_RES_ENT_OOM) VALUES ($1,$2,$3,$4),($5,$6,$7,$8),($9,$10,$11,$12),($13,$14,$15,$16),($17,$18,$19,$20),($21,$22,$23,$24),($25,$26,$27,$28),($29,$30,$31,$32),($33,$34,$35,$36) ON CONFLICT DO NOTHING",0,0,0,0,0,0,709739,8481680.607645327,0.09232499999999999,1916.030711,11.950422067330846,49.188661665880645,6387646,64113026,6382,0,77146,0,0,0,0,0,0,50597.38147899994,6863.290574999976,0,0,0,0,0,0,0,0,0,0,0,0,0,0,0,0,0,2026-06-19 14:52:39.824459+00,2026-06-19 14:52:39.824459+00
10,16384,t,-7783760917529136642,"MOVE ALL IN ""query-cursor_45""",0,0,0,0,0,0,1,0.833986,0.833986,0.833986,0.833986,0,0,0,0,0,0,0,0,0,0,0,0,0,0,0,0,0,0,0,0,0,0,0,0,0,0,0,0,0,0,0,2026-06-19 13:33:27.666807+00,2026-06-19 13:33:27.666807+00
10,16384,t,-5887796406569121305,"MOVE -1727 IN ""query-cursor_181""",0,0,0,0,0,0,1,0.266467,0.266467,0.266467,0.266467,0,0,0,0,0,0,0,0,0,0,0,0,0,0,0,0,0,0,0,0,0,0,0,0,0,0,0,0,0,0,0,2026-06-19 16:42:28.158889+00,2026-06-19 16:42:28.158889+00
10,16384,t,-86617466454470891,"DECLARE ""query-cursor_47"" SCROLL CURSOR FOR select queryid, left(query, $1), calls, (total_plan_time + total_exec_time) as total_time from aurora_stat_statements($2) order by calls desc limit $3 FOR READ ONLY",0,0,0,0,0,0,1,0.062085,0.062085,0.062085,0.062085,0,0,0,0,0,0,0,0,0,0,0,0,0,0,0,0,0,0,0,0,0,0,0,0,0,0,0,0,0,0,0,2026-06-19 13:35:27.666056+00,2026-06-19 13:35:27.666056+00
10,16384,t,4761169836442445673,"DECLARE ""query-cursor_94"" SCROLL CURSOR FOR select queryid, left(query, $1), calls, (total_plan_time + total_exec_time) as total_time from aurora_stat_statements($2) order by calls desc limit $3 FOR READ ONLY",0,0,0,0,0,0,1,0.108805,0.108805,0.108805,0.108805,0,0,0,0,0,0,0,0,0,0,0,0,0,0,0,0,0,0,0,0,0,0,0,0,0,0,0,0,0,0,0,2026-06-19 14:22:27.669435+00,2026-06-19 14:22:27.669435+00
10,16384,t,1585023777650499988,"FETCH 37 IN ""query-cursor_116""",0,0,0,0,0,0,1,0.002751,0.002751,0.002751,0.002751,0,37,0,0,0,0,0,0,0,0,0,0,0,0,0,0,0,0,0,0,0,0,0,0,0,0,0,0,0,0,0,2026-06-19 14:44:27.675676+00,2026-06-19 14:44:27.675676+00
10,16384,t,649369393931485256,"FETCH 8 IN ""query-cursor_144""",0,0,0,0,0,0,1,0.00624,0.00624,0.00624,0.00624,0,8,0,0,0,0,0,0,0,0,0,0,0,0,0,0,0,0,0,0,0,0,0,0,0,0,0,0,0,0,0,2026-06-19 15:24:27.86334+00,2026-06-19 15:24:27.86334+00
10,16384,t,6431684993456941768,"FETCH 0 IN ""query-cursor_220""",0,0,0,0,0,0,1,0.007937,0.007937,0.007937,0.007937,0,0,0,0,0,0,0,0,0,0,0,0,0,0,0,0,0,0,0,0,0,0,0,0,0,0,0,0,0,0,0,2026-06-19 18:00:27.691542+00,2026-06-19 18:00:27.691542+00
16410,16412,t,8748208467842609239,"INSERT INTO RES_FEAT_EKEY(RES_ENT_ID,LIB_FEAT_ID,FTYPE_ID,UTYPE_CODE,SUPPRESSED,OBS_ENT_CNT) VALUES ($1,$2,$3,$4,$5,$6),($7,$8,$9,$10,$11,$12),($13,$14,$15,$16,$17,$18),($19,$20,$21,$22,$23,$24) ON CONFLICT DO NOTHING",0,0,0,0,0,0,1792213,9974012.965814156,0.033769,1635.513035,5.56519396177472,16.81498978914037,7167040,99443349,6964,0,94722,0,0,0,0,0,0,149507.168502,13501.862136999851,0,0,0,0,0,0,0,0,0,0,0,0,0,0,0,0,0,2026-06-19 14:52:39.54246+00,2026-06-19 14:52:39.54246+00
10,16384,t,6715806362482302540,"MOVE ALL IN ""query-cursor_103""",0,0,0,0,0,0,1,1.635283,1.635283,1.635283,1.635283,0,0,0,0,0,0,0,0,0,0,0,0,0,0,0,0,0,0,0,0,0,0,0,0,0,0,0,0,0,0,0,2026-06-19 14:31:27.671781+00,2026-06-19 14:31:27.671781+00
16410,16412,t,5737913687351361441,"SELECT RES_ENT_ID,LIB_FEAT_ID,FTYPE_ID,UTYPE_CODE,SUPPRESSED,OBS_ENT_CNT FROM RES_FEAT_EKEY WHERE RES_ENT_ID IN ($1,$2,$3,$4,$5,$6,$7,$8,$9,$10,$11,$12,$13,$14,$15,$16,$17,$18,$19,$20,$21,$22,$23,$24,$25,$26,$27,$28,$29,$30,$31,$32,$33,$34,$35,$36,$37,$38,$39,$40,$41,$42,$43,$44,$45,$46,$47,$48,$49,$50,$51,$52,$53,$54,$55,$56,$57,$58,$59,$60,$61,$62,$63,$64) AND FTYPE_ID IN ($65,$66,$67,$68,$69,$70,$71,$72,$73,$74,$75,$76,$77,$78,$79,$80,$81,$82)",0,0,0,0,0,0,18,803.719564,1.009962,308.664577,44.65108688888889,70.0698037049449,16362,3432,28,0,0,0,0,0,0,0,0,644.3363059999999,0,0,0,0,0,0,0,0,0,0,0,0,0,0,0,0,0,0,2026-06-19 16:44:35.157039+00,2026-06-19 16:44:35.157039+00
10,16384,t,1479038769709986022,"FETCH 43 IN ""query-cursor_199""",0,0,0,0,0,0,1,0.012649,0.012649,0.012649,0.012649,0,43,0,0,0,0,0,0,0,0,0,0,0,0,0,0,0,0,0,0,0,0,0,0,0,0,0,0,0,0,0,2026-06-19 17:18:28.334118+00,2026-06-19 17:18:28.334118+00
16410,16412,t,-1603703363487953998,"UPDATE RES_FEAT_STAT SET FTYPE_ID=$1,NUM_RES_ENT=$2,NUM_RES_ENT_OOM=$3,CANDIDATE_CAP_REACHED=$4,SCORING_CAP_REACHED=$5 WHERE LIB_FEAT_ID=$6",0,0,0,0,0,0,3,0.16104,0.038069,0.077126,0.05368,0.01688002233410845,3,21,0,0,0,0,0,0,0,0,0,0,0,0,0,0,0,0,0,0,0,0,0,0,0,0,0,0,0,0,2026-06-19 15:46:09.903914+00,2026-06-19 15:46:09.903914+00
10,16384,t,656218203824834372,"DECLARE ""query-cursor_84"" SCROLL CURSOR FOR select queryid, left(query, $1), calls, (total_plan_time + total_exec_time) as total_time from aurora_stat_statements($2) order by calls desc limit $3 FOR READ ONLY",0,0,0,0,0,0,1,0.061258,0.061258,0.061258,0.061258,0,0,0,0,0,0,0,0,0,0,0,0,0,0,0,0,0,0,0,0,0,0,0,0,0,0,0,0,0,0,0,2026-06-19 14:12:27.668632+00,2026-06-19 14:12:27.668632+00
16410,16412,t,1705775283623456936,"SELECT RES_ENT_ID,LIB_FEAT_ID,FTYPE_ID,UTYPE_CODE,SUPPRESSED,OBS_ENT_CNT FROM RES_FEAT_EKEY WHERE RES_ENT_ID IN ($1,$2) AND FTYPE_ID IN ($3,$4,$5,$6,$7,$8,$9,$10,$11,$12,$13)",0,0,0,0,0,0,63726,101529.15583600017,0.02779,472.957699,1.5932140074067125,11.144020380879372,2018137,691626,4135,0,0,0,0,0,0,0,0,83017.37506700002,0,0,0,0,0,0,0,0,0,0,0,0,0,0,0,0,0,0,2026-06-19 14:52:40.995737+00,2026-06-19 14:52:40.995737+00
10,16384,t,-3962174738190597963,"FETCH 50 IN ""query-cursor_40""",0,0,0,0,0,0,7,0.026984,0.002855,0.00625,0.003854857142857143,0.0012118607214376023,350,0,0,0,0,0,0,0,0,0,0,0,0,0,0,0,0,0,0,0,0,0,0,0,0,0,0,0,0,0,2026-06-19 13:28:27.666519+00,2026-06-19 13:28:27.666519+00
10,16384,t,-7154972803351067278,"FETCH 0 IN ""query-cursor_109""",0,0,0,0,0,0,1,0.00386,0.00386,0.00386,0.00386,0,0,0,0,0,0,0,0,0,0,0,0,0,0,0,0,0,0,0,0,0,0,0,0,0,0,0,0,0,0,0,2026-06-19 14:37:27.670468+00,2026-06-19 14:37:27.670468+00
10,16384,t,5572566228115620751,"MOVE ALL IN ""query-cursor_153""",0,0,0,0,0,0,1,65.874048,65.874048,65.874048,65.874048,0,0,0,0,0,0,0,0,0,0,0,0,0,0,0,0,0,0,0,0,0,0,0,0,0,0,0,0,0,0,0,2026-06-19 15:42:28.047433+00,2026-06-19 15:42:28.047433+00
10,16384,t,-7094772629701405771,"FETCH 0 IN ""query-cursor_79""",0,0,0,0,0,0,1,0.003971,0.003971,0.003971,0.003971,0,0,0,0,0,0,0,0,0,0,0,0,0,0,0,0,0,0,0,0,0,0,0,0,0,0,0,0,0,0,0,2026-06-19 14:07:27.668404+00,2026-06-19 14:07:27.668404+00
16410,16412,t,8316487887949943754,"INSERT INTO RES_REL_EKEY(RES_REL_ID,RES_ENT_ID,REL_ENT_ID) VALUES ($1,$2,$3),($4,$5,$6),($7,$8,$9),($10,$11,$12),($13,$14,$15),($16,$17,$18),($19,$20,$21),($22,$23,$24),($25,$26,$27),($28,$29,$30),($31,$32,$33),($34,$35,$36),($37,$38,$39),($40,$41,$42),($43,$44,$45),($46,$47,$48) ON CONFLICT DO NOTHING",0,0,0,0,0,0,18048,167261.94144899998,0.171161,546.7558879999999,9.267616436668881,25.456427476988065,288768,2640596,450,0,2351,0,0,0,0,0,0,15576.215673000006,456.53886500000016,0,0,0,0,0,0,0,0,0,0,0,0,0,0,0,0,0,2026-06-19 14:53:09.911726+00,2026-06-19 14:53:09.911726+00
16410,16412,t,-6553797966663625127,"CREATE UNIQUE INDEX IX_EVAL_QUEUE ON SYS_EVAL_QUEUE(ENT_SRC_KEY, DSRC_CODE)",0,0,0,0,0,0,1,1.877158,1.877158,1.877158,1.877158,0,0,114,0,0,0,0,0,0,0,0,0,0,0,0,0,0,0,0,0,0,0,0,0,0,0,0,0,0,0,0,2026-06-19 12:52:04.230518+00,2026-06-19 12:52:04.230518+00
10,16384,t,8776209080611896967,"FETCH 50 IN ""query-cursor_137""",0,0,0,0,0,0,28,0.5758030000000001,0.013477,0.044759,0.02056439285714286,0.006959220735004774,1400,0,0,0,0,0,0,0,0,0,0,0,0,0,0,0,0,0,0,0,0,0,0,0,0,0,0,0,0,0,2026-06-19 15:10:27.889973+00,2026-06-19 15:10:27.889973+00
10,16384,t,3623531184245707137,"MOVE -1819 IN ""query-cursor_195""",0,0,0,0,0,0,1,0.249264,0.249264,0.249264,0.249264,0,0,0,0,0,0,0,0,0,0,0,0,0,0,0,0,0,0,0,0,0,0,0,0,0,0,0,0,0,0,0,2026-06-19 17:10:28.142153+00,2026-06-19 17:10:28.142153+00
10,16384,t,8565671136691447260,"FETCH 50 IN ""query-cursor_43""",0,0,0,0,0,0,7,0.024573,0.002871,0.005509,0.0035104285714285715,0.000850893623894123,350,0,0,0,0,0,0,0,0,0,0,0,0,0,0,0,0,0,0,0,0,0,0,0,0,0,0,0,0,0,2026-06-19 13:31:27.666743+00,2026-06-19 13:31:27.666743+00
10,16384,t,7901536040265397020,"FETCH 50 IN ""query-cursor_58""",0,0,0,0,0,0,9,0.031053,0.002918,0.00542,0.0034503333333333335,0.0007202277417595079,450,0,0,0,0,0,0,0,0,0,0,0,0,0,0,0,0,0,0,0,0,0,0,0,0,0,0,0,0,0,2026-06-19 13:46:27.66808+00,2026-06-19 13:46:27.66808+00
10,16412,t,4743708967602125791,"SELECT COUNT(*)
RELS
,(MAX(RELPAGES::bigint) FILTER (WHERE RELKIND IN ($1,$2,$3,$4) AND RELNAMESPACE<>$5::REGNAMESPACE))*$6
LARGEST_TABLE_BYTES
,(MAX(RELTUPLES::bigint) FILTER (WHERE RELKIND IN ($7,$8,$9,$10) AND RELNAMESPACE<>$11::REGNAMESPACE))
LARGEST_TABLE_TUPLES
,(MAX(RELPAGES::bigint) FILTER (WHERE RELKIND IN ($12,$13) AND RELNAMESPACE<>$14::REGNAMESPACE))*$15
LARGEST_INDEX_BYTES
,(MAX(RELTUPLES::bigint) FILTER (WHERE RELKIND IN ($16,$17) AND RELNAMESPACE<>$18::REGNAMESPACE))
LARGEST_INDEX_TUPLES
,(MAX(RELPAGES::bigint) FILTER (WHERE RELKIND IN ($19,$20,$21,$22) AND RELNAMESPACE=$23::REGNAMESPACE))*$24
LARGEST_CATALOG_TABLE_BYTES
,(MAX(RELTUPLES::bigint) FILTER (WHERE RELKIND IN ($25,$26,$27,$28) AND RELNAMESPACE=$29::REGNAMESPACE))
LARGEST_CATALOG_TABLE_TUPLES
,(MAX(RELPAGES::bigint) FILTER (WHERE RELKIND IN ($30,$31) AND RELNAMESPACE=$32::REGNAMESPACE))*$33
LARGEST_CATALOG_INDEX_BYTES
,(MAX(RELTUPLES::bigint) FILTER (WHERE RELKIND IN ($34,$35) AND RELNAMESPACE=$36::REGNAMESPACE))
LARGEST_CATALOG_INDEX_TUPLES
FROM PG_CATALOG.PG_CLASS",0,0,0,0,0,0,1,0.171607,0.171607,0.171607,0.171607,0,1,14,0,0,0,0,0,0,0,0,0,0,0,0,0,0,0,0,0,0,0,0,0,0,0,0,0,0,0,0,2026-06-19 13:45:00.104049+00,2026-06-19 13:45:00.104049+00
10,16384,t,-3056960409126620608,"FETCH 0 IN ""query-cursor_185""",0,0,0,0,0,0,1,0.006472,0.006472,0.006472,0.006472,0,0,0,0,0,0,0,0,0,0,0,0,0,0,0,0,0,0,0,0,0,0,0,0,0,0,0,0,0,0,0,2026-06-19 16:50:27.845593+00,2026-06-19 16:50:27.845593+00
10,16412,t,588360189971772035,"SELECT current_catalog, COUNT(*) FROM pg_catalog.pg_extension WHERE extname = $1",0,0,0,0,0,0,1,0.011055,0.011055,0.011055,0.011055,0,1,1,0,0,0,0,0,0,0,0,0,0,0,0,0,0,0,0,0,0,0,0,0,0,0,0,0,0,0,0,2026-06-19 13:45:00.283253+00,2026-06-19 13:45:00.283253+00
16410,16412,t,4735422481682552379,"SELECT RES_ENT_ID,LIB_FEAT_ID,FTYPE_ID,UTYPE_CODE,SUPPRESSED,OBS_ENT_CNT FROM RES_FEAT_EKEY WHERE RES_ENT_ID IN ($1,$2) AND FTYPE_ID IN ($3,$4,$5,$6,$7)",0,0,0,0,0,0,17,57.243995,0.049345,34.088274,3.367293823529412,8.463239314398102,203,183,4,0,0,0,0,0,0,0,0,55.86607600000001,0,0,0,0,0,0,0,0,0,0,0,0,0,0,0,0,0,0,2026-06-19 15:00:24.438186+00,2026-06-19 15:00:24.438186+00
10,16384,t,-482410834621602298,"FETCH 50 IN ""query-cursor_104""",0,0,0,0,0,0,15,0.04665699999999999,0.002657,0.005595,0.003110466666666666,0.0006946715162978509,750,0,0,0,0,0,0,0,0,0,0,0,0,0,0,0,0,0,0,0,0,0,0,0,0,0,0,0,0,0,2026-06-19 14:32:27.671984+00,2026-06-19 14:32:27.671984+00
10,16384,t,2425407167096562606,"FETCH 0 IN ""query-cursor_147""",0,0,0,0,0,0,1,0.007312,0.007312,0.007312,0.007312,0,0,0,0,0,0,0,0,0,0,0,0,0,0,0,0,0,0,0,0,0,0,0,0,0,0,0,0,0,0,0,2026-06-19 15:30:27.939936+00,2026-06-19 15:30:27.939936+00
16410,16412,t,-5701365681937567689,"SELECT RES_ENT_ID,LIB_FEAT_ID,FTYPE_ID,UTYPE_CODE,SUPPRESSED,OBS_ENT_CNT FROM RES_FEAT_EKEY WHERE RES_ENT_ID IN ($1,$2,$3,$4,$5,$6,$7,$8) AND FTYPE_ID IN ($9,$10,$11,$12,$13,$14,$15,$16,$17,$18,$19,$20)",0,0,0,0,0,0,134374,566036.2196299986,0.057361,475.70804100000004,4.212393912736084,18.21301140839126,14272965,4507907,24866,0,0,0,0,0,0,0,0,458827.8015020003,0,0,0,0,0,0,0,0,0,0,0,0,0,0,0,0,0,0,2026-06-19 14:52:42.562169+00,2026-06-19 14:52:42.562169+00
10,16384,t,-1306608132381636626,select count(*) from pg_roles where rolname = $1 and (         $2 = ANY(rolconfig)              OR NOT EXISTS (              SELECT $3 FROM unnest(rolconfig) AS cfg                WHERE cfg LIKE $4        )),0,0,0,0,0,0,1,0.029777,0.029777,0.029777,0.029777,0,1,4,0,0,0,0,0,0,0,0,0,0,0,0,0,0,0,0,0,0,0,0,0,0,0,0,0,0,0,0,2026-06-19 12:48:00.349304+00,2026-06-19 12:48:00.349304+00
10,16384,t,2103733769408878190,SELECT $1,0,0,0,0,0,0,8023,15.903808000000028,0.000799,0.13750700000000002,0.0019822769537579496,0.0019529921963065949,8023,0,0,0,0,0,0,0,0,0,0,0,0,0,0,0,0,0,0,0,0,0,0,0,0,0,0,0,0,0,2026-06-19 12:48:53.773356+00,2026-06-19 12:48:53.773356+00
10,16384,t,2933798123131305935,"FETCH 50 IN ""query-cursor_84""",0,0,0,0,0,0,12,0.039729,0.002779,0.006096,0.00331075,0.0008723645190897362,600,0,0,0,0,0,0,0,0,0,0,0,0,0,0,0,0,0,0,0,0,0,0,0,0,0,0,0,0,0,2026-06-19 14:12:27.670361+00,2026-06-19 14:12:27.670361+00
10,16384,t,3662733858418040837,"MOVE -254 IN ""query-cursor_22""",0,0,0,0,0,0,1,0.007265,0.007265,0.007265,0.007265,0,0,0,0,0,0,0,0,0,0,0,0,0,0,0,0,0,0,0,0,0,0,0,0,0,0,0,0,0,0,0,2026-06-19 13:10:27.664957+00,2026-06-19 13:10:27.664957+00
10,16384,t,-5133981630749770811,"select archived_count, failed_count as archive_failed_count from pg_stat_archiver",0,0,0,0,0,0,255,9.997359000000001,0.017922,0.32531200000000005,0.03920532941176471,0.032181616004362985,255,0,0,0,0,0,0,0,0,0,0,0,0,0,0,0,0,0,0,0,0,0,0,0,0,0,0,0,0,0,2026-06-19 12:49:27.221359+00,2026-06-19 12:49:27.221359+00
10,16384,t,1801841252513485452,"MOVE ALL IN ""query-cursor_44""",0,0,0,0,0,0,1,0.765901,0.765901,0.765901,0.765901,0,0,0,0,0,0,0,0,0,0,0,0,0,0,0,0,0,0,0,0,0,0,0,0,0,0,0,0,0,0,0,2026-06-19 13:32:27.666637+00,2026-06-19 13:32:27.666637+00
16410,16412,t,-356578740916217526,"SELECT LIB_FEAT_ID,FEAT_DESC,FTYPE_ID,ANONYMIZED,FEAT_HASH,VERSION,FELEM_VALUES FROM LIB_FEAT WHERE (FEAT_HASH=$1 AND FTYPE_ID=$2)",0,0,0,0,0,0,1334007,311758.6590560066,0.011735,244.005956,0.23370091690373931,1.8974547387777847,1329011,7907959,66221,0,0,0,0,0,0,0,0,208509.08261599828,0,0,0,0,0,0,0,0,0,0,0,0,0,0,0,0,0,0,2026-06-19 14:52:42.820918+00,2026-06-19 14:52:42.820918+00
10,16384,t,4875021817091216714,"select auto_removed, auto_authorized_evicted, auto_not_authorized_evicted, auto_total_auth_failed_evicted, auto_bad_db_name_evicted, auto_bad_db_oid_evicted, auto_bad_db_perm_evicted, auto_removed_sl, auto_bad_conn_packet_evicted, auto_startup_packet_timeout_evicted from rds_get_stat_connections_counters_details()",0,0,0,0,0,0,255,2.1392439999999997,0.005012,0.076428,0.008389192156862743,0.0055838348195919535,255,0,0,0,0,0,0,0,0,0,0,0,0,0,0,0,0,0,0,0,0,0,0,0,0,0,0,0,0,0,2026-06-19 12:49:27.227469+00,2026-06-19 12:49:27.227469+00
10,16384,t,-3801834199059577613,"FETCH 50 IN ""query-cursor_128""",0,0,0,0,0,0,25,0.29827299999999995,0.006514,0.020856,0.011930919999999998,0.0034605427888699768,1250,0,0,0,0,0,0,0,0,0,0,0,0,0,0,0,0,0,0,0,0,0,0,0,0,0,0,0,0,0,2026-06-19 14:56:27.676399+00,2026-06-19 14:56:27.676399+00
10,16384,t,3778302076347927987,select extract($1 from current_timestamp - pg_postmaster_start_time())/$2::integer engine_uptime,0,0,0,0,0,0,255,1.5614219999999996,0.004009,0.031138,0.006123223529411763,0.0026341819225359103,255,0,0,0,0,0,0,0,0,0,0,0,0,0,0,0,0,0,0,0,0,0,0,0,0,0,0,0,0,0,2026-06-19 12:49:27.226726+00,2026-06-19 12:49:27.226726+00
10,16384,t,5158008173617707473,"MOVE ALL IN ""query-cursor_36""",0,0,0,0,0,0,1,0.715202,0.715202,0.715202,0.715202,0,0,0,0,0,0,0,0,0,0,0,0,0,0,0,0,0,0,0,0,0,0,0,0,0,0,0,0,0,0,0,2026-06-19 13:24:27.666101+00,2026-06-19 13:24:27.666101+00
10,16384,t,3094189251851710281,"FETCH 0 IN ""query-cursor_30""",0,0,0,0,0,0,1,0.00386,0.00386,0.00386,0.00386,0,0,0,0,0,0,0,0,0,0,0,0,0,0,0,0,0,0,0,0,0,0,0,0,0,0,0,0,0,0,0,2026-06-19 13:18:27.664897+00,2026-06-19 13:18:27.664897+00
16410,16412,t,-8221734289247732969,DELETE FROM RES_FEAT_EKEY WHERE RES_ENT_ID=$1 AND ((LIB_FEAT_ID=$2 AND UTYPE_CODE=$3)OR(LIB_FEAT_ID=$4 AND UTYPE_CODE=$5)OR(LIB_FEAT_ID=$6 AND UTYPE_CODE=$7)OR(LIB_FEAT_ID=$8 AND UTYPE_CODE=$9)OR(LIB_FEAT_ID=$10 AND UTYPE_CODE=$11)OR(LIB_FEAT_ID=$12 AND UTYPE_CODE=$13)OR(LIB_FEAT_ID=$14 AND UTYPE_CODE=$15)OR(LIB_FEAT_ID=$16 AND UTYPE_CODE=$17)OR(LIB_FEAT_ID=$18 AND UTYPE_CODE=$19)OR(LIB_FEAT_ID=$20 AND UTYPE_CODE=$21)OR(LIB_FEAT_ID=$22 AND UTYPE_CODE=$23)OR(LIB_FEAT_ID=$24 AND UTYPE_CODE=$25)OR(LIB_FEAT_ID=$26 AND UTYPE_CODE=$27)OR(LIB_FEAT_ID=$28 AND UTYPE_CODE=$29)OR(LIB_FEAT_ID=$30 AND UTYPE_CODE=$31)OR(LIB_FEAT_ID=$32 AND UTYPE_CODE=$33)OR(LIB_FEAT_ID=$34 AND UTYPE_CODE=$35)OR(LIB_FEAT_ID=$36 AND UTYPE_CODE=$37)OR(LIB_FEAT_ID=$38 AND UTYPE_CODE=$39)OR(LIB_FEAT_ID=$40 AND UTYPE_CODE=$41)OR(LIB_FEAT_ID=$42 AND UTYPE_CODE=$43)OR(LIB_FEAT_ID=$44 AND UTYPE_CODE=$45)OR(LIB_FEAT_ID=$46 AND UTYPE_CODE=$47)OR(LIB_FEAT_ID=$48 AND UTYPE_CODE=$49)OR(LIB_FEAT_ID=$50 AND UTYPE_CODE=$51)OR(LIB_FEAT_ID=$52 AND UTYPE_CODE=$53)OR(LIB_FEAT_ID=$54 AND UTYPE_CODE=$55)OR(LIB_FEAT_ID=$56 AND UTYPE_CODE=$57)OR(LIB_FEAT_ID=$58 AND UTYPE_CODE=$59)OR(LIB_FEAT_ID=$60 AND UTYPE_CODE=$61)OR(LIB_FEAT_ID=$62 AND UTYPE_CODE=$63)),0,0,0,0,0,0,6617,170715.7510400001,0.08587700000000001,575.8337100000001,25.799569448390525,48.56451668402066,159524,986611,1861,0,0,0,0,0,0,0,0,87532.65290899992,0,0,0,0,0,0,0,0,0,0,0,0,0,0,0,0,0,0,2026-06-19 14:53:48.137759+00,2026-06-19 14:53:48.137759+00
16410,16412,t,2625727878398150951,SELECT CODE FROM SYS_CODES_USED WHERE CODE_TYPE=$1 AND CODE=$2,0,0,0,0,0,0,6,0.05444399999999999,0.00608,0.013746,0.009073999999999999,0.002623167995636828,6,12,0,0,0,0,0,0,0,0,0,0,0,0,0,0,0,0,0,0,0,0,0,0,0,0,0,0,0,0,2026-06-19 14:52:39.496031+00,2026-06-19 14:52:39.496031+00
10,16384,t,6851356488163875722,"FETCH 9 IN ""query-cursor_234""",0,0,0,0,0,0,1,0.00693,0.00693,0.00693,0.00693,0,9,0,0,0,0,0,0,0,0,0,0,0,0,0,0,0,0,0,0,0,0,0,0,0,0,0,0,0,0,0,2026-06-19 18:27:27.70958+00,2026-06-19 18:27:27.70958+00
10,16384,t,7441730592606288748,"FETCH 0 IN ""query-cursor_12""",0,0,0,0,0,0,1,0.004475,0.004475,0.004475,0.004475,0,0,0,0,0,0,0,0,0,0,0,0,0,0,0,0,0,0,0,0,0,0,0,0,0,0,0,0,0,0,0,2026-06-19 13:00:27.663653+00,2026-06-19 13:00:27.663653+00
10,16384,t,-3135350275662231318,"FETCH 50 IN ""query-cursor_235""",0,0,0,0,0,0,41,0.6185369999999999,0.008451,0.024546,0.015086268292682925,0.005185101537328778,2050,0,0,0,0,0,0,0,0,0,0,0,0,0,0,0,0,0,0,0,0,0,0,0,0,0,0,0,0,0,2026-06-19 18:28:27.702549+00,2026-06-19 18:28:27.702549+00
10,16384,t,9150732344055095157,"FETCH 50 IN ""query-cursor_144""",0,0,0,0,0,0,29,0.48986199999999996,0.009555,0.031518,0.016891793103448273,0.005982509111362776,1450,0,0,0,0,0,0,0,0,0,0,0,0,0,0,0,0,0,0,0,0,0,0,0,0,0,0,0,0,0,2026-06-19 15:24:27.844759+00,2026-06-19 15:24:27.844759+00
10,16384,t,-8118914260799447591,"FETCH 47 IN ""query-cursor_76""",0,0,0,0,0,0,1,0.003529,0.003529,0.003529,0.003529,0,47,0,0,0,0,0,0,0,0,0,0,0,0,0,0,0,0,0,0,0,0,0,0,0,0,0,0,0,0,0,2026-06-19 14:04:27.671517+00,2026-06-19 14:04:27.671517+00
10,16384,t,-7085763595441209823,"FETCH 50 IN ""query-cursor_225""",0,0,0,0,0,0,40,0.677034,0.010046,0.032431,0.01692585,0.00697161226528699,2000,0,0,0,0,0,0,0,0,0,0,0,0,0,0,0,0,0,0,0,0,0,0,0,0,0,0,0,0,0,2026-06-19 18:10:28.225701+00,2026-06-19 18:10:28.225701+00
10,16384,t,-4531513123229111755,"FETCH 23 IN ""query-cursor_17""",0,0,0,0,0,0,1,0.002763,0.002763,0.002763,0.002763,0,23,0,0,0,0,0,0,0,0,0,0,0,0,0,0,0,0,0,0,0,0,0,0,0,0,0,0,0,0,0,2026-06-19 13:05:27.665415+00,2026-06-19 13:05:27.665415+00
10,16384,t,45038724719541551,"FETCH 50 IN ""query-cursor_241""",0,0,0,0,0,0,42,0.6712180000000001,0.007931,0.068765,0.015981380952380955,0.009878088871823194,2100,0,0,0,0,0,0,0,0,0,0,0,0,0,0,0,0,0,0,0,0,0,0,0,0,0,0,0,0,0,2026-06-19 18:39:27.691693+00,2026-06-19 18:39:27.691693+00
10,16384,t,8005730387992086667,"DECLARE ""query-cursor_152"" SCROLL CURSOR FOR select queryid, left(query, $1), calls, (total_plan_time + total_exec_time) as total_time from aurora_stat_statements($2) order by calls desc limit $3 FOR READ ONLY",0,0,0,0,0,0,1,0.07201,0.07201,0.07201,0.07201,0,0,0,0,0,0,0,0,0,0,0,0,0,0,0,0,0,0,0,0,0,0,0,0,0,0,0,0,0,0,0,2026-06-19 15:40:27.69917+00,2026-06-19 15:40:27.69917+00
16410,16412,t,7988663947429586578,"INSERT INTO LIB_FEAT(LIB_FEAT_ID,FTYPE_ID,FEAT_HASH,FEAT_DESC,FELEM_VALUES,ANONYMIZED,VERSION) VALUES ($1,$2,$3,$4,$5,$6,$7),($8,$9,$10,$11,$12,$13,$14),($15,$16,$17,$18,$19,$20,$21),($22,$23,$24,$25,$26,$27,$28),($29,$30,$31,$32,$33,$34,$35),($36,$37,$38,$39,$40,$41,$42),($43,$44,$45,$46,$47,$48,$49),($50,$51,$52,$53,$54,$55,$56),($57,$58,$59,$60,$61,$62,$63),($64,$65,$66,$67,$68,$69,$70),($71,$72,$73,$74,$75,$76,$77),($78,$79,$80,$81,$82,$83,$84),($85,$86,$87,$88,$89,$90,$91) ON CONFLICT(FTYPE_ID,FEAT_HASH,ANONYMIZED) DO UPDATE SET FTYPE_ID=LIB_FEAT.FTYPE_ID,FEAT_HASH=LIB_FEAT.FEAT_HASH,ANONYMIZED=LIB_FEAT.ANONYMIZED RETURNING LIB_FEAT_ID,FTYPE_ID,FEAT_HASH,ANONYMIZED,FEAT_DESC",0,0,0,0,0,0,1892938,41439373.90069556,0.25211199999999995,2314.781971,21.89156427769719,53.736032122912874,24608194,385971382,1196,0,904568,0,0,0,0,0,0,24744.193132000008,87586.06201100002,0,0,0,0,0,0,0,0,0,0,0,0,0,0,0,0,0,2026-06-19 14:52:39.58792+00,2026-06-19 14:52:39.58792+00
10,16384,t,-4673608005675079796,"FETCH 50 IN ""query-cursor_199""",0,0,0,0,0,0,36,0.5559799999999998,0.008758,0.033273,0.015443888888888884,0.005019212315237531,1800,0,0,0,0,0,0,0,0,0,0,0,0,0,0,0,0,0,0,0,0,0,0,0,0,0,0,0,0,0,2026-06-19 17:18:28.310851+00,2026-06-19 17:18:28.310851+00
10,16384,t,-3163774198022444192,"FETCH 24 IN ""query-cursor_196""",0,0,0,0,0,0,1,0.009579,0.009579,0.009579,0.009579,0,24,0,0,0,0,0,0,0,0,0,0,0,0,0,0,0,0,0,0,0,0,0,0,0,0,0,0,0,0,0,2026-06-19 17:12:28.242345+00,2026-06-19 17:12:28.242345+00
10,16384,t,-1732525691442296854,"FETCH 50 IN ""query-cursor_183""",0,0,0,0,0,0,34,0.7810250000000001,0.01113,0.047044,0.022971323529411766,0.011404219796199766,1700,0,0,0,0,0,0,0,0,0,0,0,0,0,0,0,0,0,0,0,0,0,0,0,0,0,0,0,0,0,2026-06-19 16:46:27.861037+00,2026-06-19 16:46:27.861037+00
10,16384,t,5087306596602540752,"FETCH 0 IN ""query-cursor_18""",0,0,0,0,0,0,1,0.00391,0.00391,0.00391,0.00391,0,0,0,0,0,0,0,0,0,0,0,0,0,0,0,0,0,0,0,0,0,0,0,0,0,0,0,0,0,0,0,2026-06-19 13:06:27.664017+00,2026-06-19 13:06:27.664017+00
10,16384,t,7811337948684498324,"MOVE ALL IN ""query-cursor_119""",0,0,0,0,0,0,1,1.833911,1.833911,1.833911,1.833911,0,0,0,0,0,0,0,0,0,0,0,0,0,0,0,0,0,0,0,0,0,0,0,0,0,0,0,0,0,0,0,2026-06-19 14:47:27.673054+00,2026-06-19 14:47:27.673054+00
10,16384,t,-6174219162236618158,"FETCH 0 IN ""query-cursor_223""",0,0,0,0,0,0,1,0.007204,0.007204,0.007204,0.007204,0,0,0,0,0,0,0,0,0,0,0,0,0,0,0,0,0,0,0,0,0,0,0,0,0,0,0,0,0,0,0,2026-06-19 18:06:27.80832+00,2026-06-19 18:06:27.80832+00
10,16384,t,396359058459983977,"MOVE ALL IN ""query-cursor_69""",0,0,0,0,0,0,1,1.197427,1.197427,1.197427,1.197427,0,0,0,0,0,0,0,0,0,0,0,0,0,0,0,0,0,0,0,0,0,0,0,0,0,0,0,0,0,0,0,2026-06-19 13:57:27.668909+00,2026-06-19 13:57:27.668909+00
10,16384,t,-6016550841523158000,"MOVE -1453 IN ""query-cursor_143""",0,0,0,0,0,0,1,0.117491,0.117491,0.117491,0.117491,0,0,0,0,0,0,0,0,0,0,0,0,0,0,0,0,0,0,0,0,0,0,0,0,0,0,0,0,0,0,0,2026-06-19 15:22:27.893637+00,2026-06-19 15:22:27.893637+00
10,16384,t,-7672663732827116741,"DECLARE ""query-cursor_185"" SCROLL CURSOR FOR select queryid, left(query, $1), calls, (total_plan_time + total_exec_time) as total_time from aurora_stat_statements($2) order by calls desc limit $3 FOR READ ONLY",0,0,0,0,0,0,1,0.074828,0.074828,0.074828,0.074828,0,0,0,0,0,0,0,0,0,0,0,0,0,0,0,0,0,0,0,0,0,0,0,0,0,0,0,0,0,0,0,2026-06-19 16:50:27.845521+00,2026-06-19 16:50:27.845521+00
10,16384,t,-4417959869470855083,"DECLARE ""query-cursor_220"" SCROLL CURSOR FOR select queryid, left(query, $1), calls, (total_plan_time + total_exec_time) as total_time from aurora_stat_statements($2) order by calls desc limit $3 FOR READ ONLY",0,0,0,0,0,0,1,0.0768,0.0768,0.0768,0.0768,0,0,0,0,0,0,0,0,0,0,0,0,0,0,0,0,0,0,0,0,0,0,0,0,0,0,0,0,0,0,0,2026-06-19 18:00:27.690414+00,2026-06-19 18:00:27.690414+00
10,16384,t,-8885052600338954385,"FETCH 8 IN ""query-cursor_31""",0,0,0,0,0,0,1,0.001709,0.001709,0.001709,0.001709,0,8,0,0,0,0,0,0,0,0,0,0,0,0,0,0,0,0,0,0,0,0,0,0,0,0,0,0,0,0,0,2026-06-19 13:19:27.666845+00,2026-06-19 13:19:27.666845+00
16410,16412,t,4746330622832019151,"SELECT RES_ENT_ID,LIB_FEAT_ID,FTYPE_ID,UTYPE_CODE,SUPPRESSED,OBS_ENT_CNT FROM RES_FEAT_EKEY WHERE RES_ENT_ID IN ($1,$2,$3,$4,$5,$6,$7,$8,$9,$10,$11,$12,$13,$14,$15,$16,$17,$18,$19,$20,$21,$22,$23,$24,$25,$26,$27,$28,$29,$30,$31,$32,$33,$34,$35,$36,$37,$38,$39,$40,$41,$42,$43,$44,$45,$46,$47,$48,$49,$50,$51,$52,$53,$54,$55,$56,$57,$58,$59,$60,$61,$62,$63,$64) AND FTYPE_ID IN ($65,$66,$67,$68,$69,$70,$71,$72,$73,$74,$75,$76,$77,$78,$79,$80,$81)",0,0,0,0,0,0,9,1085.114414,0.954018,413.486234,120.56826822222222,157.88853076613532,7527,1704,31,0,0,0,0,0,0,0,0,1014.5180519999999,0,0,0,0,0,0,0,0,0,0,0,0,0,0,0,0,0,0,2026-06-19 16:26:09.804641+00,2026-06-19 16:26:09.804641+00
16410,16412,t,3017489788328223669,"INSERT INTO RES_REL_EKEY(RES_REL_ID,RES_ENT_ID,REL_ENT_ID) VALUES ($1,$2,$3),($4,$5,$6),($7,$8,$9),($10,$11,$12),($13,$14,$15),($16,$17,$18),($19,$20,$21),($22,$23,$24),($25,$26,$27),($28,$29,$30),($31,$32,$33),($34,$35,$36) ON CONFLICT DO NOTHING",0,0,0,0,0,0,71138,502053.41533799586,0.129818,481.262724,7.057457552053696,20.254996595796353,853654,7942021,1587,0,7542,0,0,0,0,0,0,49151.08952700002,964.871432999997,0,0,0,0,0,0,0,0,0,0,0,0,0,0,0,0,0,2026-06-19 14:52:54.701472+00,2026-06-19 14:52:54.701472+00
10,16384,t,-4285538506575282711,"MOVE ALL IN ""query-cursor_82""",0,0,0,0,0,0,1,1.370281,1.370281,1.370281,1.370281,0,0,0,0,0,0,0,0,0,0,0,0,0,0,0,0,0,0,0,0,0,0,0,0,0,0,0,0,0,0,0,2026-06-19 14:10:27.669977+00,2026-06-19 14:10:27.669977+00
10,16384,t,-2171176920805363598,"MOVE -291 IN ""query-cursor_28""",0,0,0,0,0,0,1,0.008141,0.008141,0.008141,0.008141,0,0,0,0,0,0,0,0,0,0,0,0,0,0,0,0,0,0,0,0,0,0,0,0,0,0,0,0,0,0,0,2026-06-19 13:16:27.665477+00,2026-06-19 13:16:27.665477+00
10,16384,t,5297519336695013447,"FETCH 40 IN ""query-cursor_247""",0,0,0,0,0,0,1,0.009943,0.009943,0.009943,0.009943,0,40,0,0,0,0,0,0,0,0,0,0,0,0,0,0,0,0,0,0,0,0,0,0,0,0,0,0,0,0,0,2026-06-19 18:53:27.810261+00,2026-06-19 18:53:27.810261+00
16410,16412,t,-7289802979987362739,UPDATE OBS_ENT SET FEATURES=$1 WHERE OBS_ENT_ID=$2,0,0,0,0,0,0,25722631,83363316.5345192,0.015563999999999998,1109.772894,3.2408549706489667,22.0698069407107,25722631,220689511,77228,0,997656,0,0,0,0,0,0,1813461.774864,28353.62641199995,0,0,0,0,0,0,0,0,0,0,0,0,0,0,0,0,0,2026-06-19 14:52:39.530022+00,2026-06-19 14:52:39.530022+00
10,16384,t,-4841953464533187476,"MOVE -700 IN ""query-cursor_93""",0,0,0,0,0,0,1,0.015019,0.015019,0.015019,0.015019,0,0,0,0,0,0,0,0,0,0,0,0,0,0,0,0,0,0,0,0,0,0,0,0,0,0,0,0,0,0,0,2026-06-19 14:21:27.670933+00,2026-06-19 14:21:27.670933+00
10,16384,t,3771269362132575902,"FETCH 50 IN ""query-cursor_10""",0,0,0,0,0,0,3,0.011961000000000001,0.003246,0.005111,0.003987,0.0008081142658477616,150,0,0,0,0,0,0,0,0,0,0,0,0,0,0,0,0,0,0,0,0,0,0,0,0,0,0,0,0,0,2026-06-19 12:58:27.663957+00,2026-06-19 12:58:27.663957+00
10,16384,t,-2757737072969205970,"FETCH 23 IN ""query-cursor_220""",0,0,0,0,0,0,1,0.009844,0.009844,0.009844,0.009844,0,23,0,0,0,0,0,0,0,0,0,0,0,0,0,0,0,0,0,0,0,0,0,0,0,0,0,0,0,0,0,2026-06-19 18:00:27.745671+00,2026-06-19 18:00:27.745671+00
10,16384,t,2206978679640227533,select * from rds_get_stat_dxl_counters_details(),0,0,0,0,0,0,255,2.7089520000000027,0.006386,0.037926,0.010623341176470598,0.004417635615201491,255,0,0,0,0,0,0,0,0,0,0,0,0,0,0,0,0,0,0,0,0,0,0,0,0,0,0,0,0,0,2026-06-19 12:50:37.665385+00,2026-06-19 12:50:37.665385+00
10,16384,t,7092296012782336938,ALTER ROLE rdsadmin SET idle_in_transaction_session_timeout = $1,0,0,0,0,0,0,1,0.047638,0.047638,0.047638,0.047638,0,0,3,0,0,0,0,0,0,0,0,0,0,0,0,0,0,0,0,0,0,0,0,0,0,0,0,0,0,0,0,2026-06-19 12:50:19.011418+00,2026-06-19 12:50:19.011418+00
16410,16412,t,787808774750716102,DELETE FROM RES_FEAT_EKEY WHERE RES_ENT_ID=$1 AND ((LIB_FEAT_ID=$2 AND UTYPE_CODE=$3)OR(LIB_FEAT_ID=$4 AND UTYPE_CODE=$5)OR(LIB_FEAT_ID=$6 AND UTYPE_CODE=$7)OR(LIB_FEAT_ID=$8 AND UTYPE_CODE=$9)OR(LIB_FEAT_ID=$10 AND UTYPE_CODE=$11)OR(LIB_FEAT_ID=$12 AND UTYPE_CODE=$13)OR(LIB_FEAT_ID=$14 AND UTYPE_CODE=$15)OR(LIB_FEAT_ID=$16 AND UTYPE_CODE=$17)OR(LIB_FEAT_ID=$18 AND UTYPE_CODE=$19)OR(LIB_FEAT_ID=$20 AND UTYPE_CODE=$21)OR(LIB_FEAT_ID=$22 AND UTYPE_CODE=$23)OR(LIB_FEAT_ID=$24 AND UTYPE_CODE=$25)OR(LIB_FEAT_ID=$26 AND UTYPE_CODE=$27)OR(LIB_FEAT_ID=$28 AND UTYPE_CODE=$29)OR(LIB_FEAT_ID=$30 AND UTYPE_CODE=$31)OR(LIB_FEAT_ID=$32 AND UTYPE_CODE=$33)OR(LIB_FEAT_ID=$34 AND UTYPE_CODE=$35)OR(LIB_FEAT_ID=$36 AND UTYPE_CODE=$37)OR(LIB_FEAT_ID=$38 AND UTYPE_CODE=$39)OR(LIB_FEAT_ID=$40 AND UTYPE_CODE=$41)OR(LIB_FEAT_ID=$42 AND UTYPE_CODE=$43)OR(LIB_FEAT_ID=$44 AND UTYPE_CODE=$45)OR(LIB_FEAT_ID=$46 AND UTYPE_CODE=$47)OR(LIB_FEAT_ID=$48 AND UTYPE_CODE=$49)OR(LIB_FEAT_ID=$50 AND UTYPE_CODE=$51)OR(LIB_FEAT_ID=$52 AND UTYPE_CODE=$53)OR(LIB_FEAT_ID=$54 AND UTYPE_CODE=$55)OR(LIB_FEAT_ID=$56 AND UTYPE_CODE=$57)OR(LIB_FEAT_ID=$58 AND UTYPE_CODE=$59)OR(LIB_FEAT_ID=$60 AND UTYPE_CODE=$61)OR(LIB_FEAT_ID=$62 AND UTYPE_CODE=$63)OR(LIB_FEAT_ID=$64 AND UTYPE_CODE=$65)OR(LIB_FEAT_ID=$66 AND UTYPE_CODE=$67)OR(LIB_FEAT_ID=$68 AND UTYPE_CODE=$69)OR(LIB_FEAT_ID=$70 AND UTYPE_CODE=$71)),0,0,0,0,0,0,8103,235646.80825100004,0.011543,403.85824599999995,29.08142765037641,53.43603430380656,211815,1318386,2349,0,0,0,0,0,0,0,0,123695.32368699984,0,0,0,0,0,0,0,0,0,0,0,0,0,0,0,0,0,0,2026-06-19 14:53:10.717064+00,2026-06-19 14:53:10.717064+00
10,16384,t,7189362540342505844,"FETCH 50 IN ""query-cursor_7""",0,0,0,0,0,0,3,0.013686,0.004124,0.005211,0.004562,0.0004681758928721843,150,0,0,0,0,0,0,0,0,0,0,0,0,0,0,0,0,0,0,0,0,0,0,0,0,0,0,0,0,0,2026-06-19 12:55:27.663727+00,2026-06-19 12:55:27.663727+00
16410,16412,t,-5393638002273043592,"INSERT INTO RES_RELATE(RES_REL_ID,MIN_RES_ENT_ID,MAX_RES_ENT_ID,IS_DISCLOSED,IS_AMBIGUOUS,LAST_ERRULE_ID,MATCH_KEY,MATCH_KEY_DETAILS,MATCH_LEVELS) VALUES ($1,$2,$3,$4,$5,$6,$7,$8,$9),($10,$11,$12,$13,$14,$15,$16,$17,$18),($19,$20,$21,$22,$23,$24,$25,$26,$27),($28,$29,$30,$31,$32,$33,$34,$35,$36),($37,$38,$39,$40,$41,$42,$43,$44,$45),($46,$47,$48,$49,$50,$51,$52,$53,$54),($55,$56,$57,$58,$59,$60,$61,$62,$63),($64,$65,$66,$67,$68,$69,$70,$71,$72) ON CONFLICT DO NOTHING",0,0,0,0,0,0,18052,201612.03906400022,0.092145,968.562449,11.168404557057402,34.46757105714075,144416,1274466,4570,0,5786,0,0,0,0,0,0,64432.25662299995,664.0596689999987,0,0,0,0,0,0,0,0,0,0,0,0,0,0,0,0,0,2026-06-19 14:53:09.912649+00,2026-06-19 14:53:09.912649+00
16410,16412,t,6860448417931102691,"SELECT RES_ENT_ID,LIB_FEAT_ID,FTYPE_ID,UTYPE_CODE,SUPPRESSED,OBS_ENT_CNT FROM RES_FEAT_EKEY WHERE RES_ENT_ID IN ($1,$2,$3,$4,$5,$6,$7,$8) AND FTYPE_ID IN ($9,$10,$11,$12,$13,$14,$15,$16,$17,$18,$19,$20,$21,$22,$23,$24)",0,0,0,0,0,0,594208,2629704.8207259784,0.056005000000000006,579.86801,4.4255628007801615,17.98820793853704,77951878,19929173,119815,0,0,0,0,0,0,0,0,2120895.8873560084,0,0,0,0,0,0,0,0,0,0,0,0,0,0,0,0,0,0,2026-06-19 14:52:41.133352+00,2026-06-19 14:52:41.133352+00
16410,16412,t,-6182297806029823169,"SELECT RES_ENT_ID,LIB_FEAT_ID,FTYPE_ID,UTYPE_CODE,SUPPRESSED,OBS_ENT_CNT FROM RES_FEAT_EKEY WHERE RES_ENT_ID IN ($1) AND FTYPE_ID IN ($2,$3,$4,$5,$6,$7,$8,$9,$10,$11,$12,$13,$14,$15,$16,$17,$18,$19,$20,$21,$22,$23,$24,$25,$26,$27,$28,$29,$30,$31,$32,$33,$34,$35,$36,$37,$38,$39,$40,$41,$42,$43,$44,$45,$46,$47,$48,$49,$50,$51,$52,$53,$54,$55,$56,$57,$58,$59,$60,$61,$62,$63,$64)",0,0,0,0,0,0,10851,1328.3921720000003,0.006809,43.06401,0.12242117519122664,1.3847731519178028,109925,58978,0,0,0,0,0,0,0,0,0,0,0,0,0,0,0,0,0,0,0,0,0,0,0,0,0,0,0,0,2026-06-19 14:55:13.224213+00,2026-06-19 14:55:13.224213+00
10,16384,t,5247229244647682820,"DECLARE ""query-cursor_117"" SCROLL CURSOR FOR select queryid, left(query, $1), calls, (total_plan_time + total_exec_time) as total_time from aurora_stat_statements($2) order by calls desc limit $3 FOR READ ONLY",0,0,0,0,0,0,1,0.066009,0.066009,0.066009,0.066009,0,0,0,0,0,0,0,0,0,0,0,0,0,0,0,0,0,0,0,0,0,0,0,0,0,0,0,0,0,0,0,2026-06-19 14:45:27.671011+00,2026-06-19 14:45:27.671011+00
10,16384,t,-3228738196331559616,"FETCH 0 IN ""query-cursor_132""",0,0,0,0,0,0,1,0.005639,0.005639,0.005639,0.005639,0,0,0,0,0,0,0,0,0,0,0,0,0,0,0,0,0,0,0,0,0,0,0,0,0,0,0,0,0,0,0,2026-06-19 15:00:27.672485+00,2026-06-19 15:00:27.672485+00
16410,16412,t,-3834686691997993645,"INSERT INTO RES_REL_EKEY(RES_REL_ID,RES_ENT_ID,REL_ENT_ID) VALUES ($1,$2,$3),($4,$5,$6),($7,$8,$9),($10,$11,$12),($13,$14,$15),($16,$17,$18),($19,$20,$21),($22,$23,$24),($25,$26,$27),($28,$29,$30),($31,$32,$33),($34,$35,$36),($37,$38,$39),($40,$41,$42),($43,$44,$45),($46,$47,$48),($49,$50,$51),($52,$53,$54),($55,$56,$57),($58,$59,$60),($61,$62,$63),($64,$65,$66),($67,$68,$69),($70,$71,$72),($73,$74,$75),($76,$77,$78),($79,$80,$81),($82,$83,$84),($85,$86,$87),($88,$89,$90),($91,$92,$93),($94,$95,$96),($97,$98,$99) ON CONFLICT DO NOTHING",0,0,0,0,0,0,16,186.48601800000003,0.617916,75.768889,11.655376125000002,22.125769553126812,528,4886,0,0,0,0,0,0,0,0,0,0,0,0,0,0,0,0,0,0,0,0,0,0,0,0,0,0,0,0,2026-06-19 15:24:57.426057+00,2026-06-19 15:24:57.426057+00
10,16384,t,1703623848283785223,show rds.apg_compute_optimizer_reporting_enabled,0,0,0,0,0,0,6,0.036890000000000006,0.004486,0.008166,0.006148333333333335,0.0013542399672469016,0,0,0,0,0,0,0,0,0,0,0,0,0,0,0,0,0,0,0,0,0,0,0,0,0,0,0,0,0,0,2026-06-19 12:48:52.35488+00,2026-06-19 12:48:52.35488+00
16410,16412,t,3180470852371155106,SELECT CACHE_SIZE FROM SYS_SEQUENCE WHERE SEQUENCE_NAME = $1,0,0,0,0,0,0,368,19.00964500000001,0.00932,5.926248,0.051656644021739154,0.3072757480485917,368,736,0,0,0,0,0,0,0,0,0,0,0,0,0,0,0,0,0,0,0,0,0,0,0,0,0,0,0,0,2026-06-19 14:52:39.497568+00,2026-06-19 14:52:39.497568+00
10,16384,t,4127587188257157019,"MOVE -826 IN ""query-cursor_114""",0,0,0,0,0,0,1,0.016909,0.016909,0.016909,0.016909,0,0,0,0,0,0,0,0,0,0,0,0,0,0,0,0,0,0,0,0,0,0,0,0,0,0,0,0,0,0,0,2026-06-19 14:42:27.672623+00,2026-06-19 14:42:27.672623+00
10,16384,t,2038025353638126058,"FETCH 0 IN ""query-cursor_174""",0,0,0,0,0,0,1,0.005942,0.005942,0.005942,0.005942,0,0,0,0,0,0,0,0,0,0,0,0,0,0,0,0,0,0,0,0,0,0,0,0,0,0,0,0,0,0,0,2026-06-19 16:26:27.750379+00,2026-06-19 16:26:27.750379+00
10,16384,t,-1333690504420679227,"DECLARE ""query-cursor_150"" SCROLL CURSOR FOR select queryid, left(query, $1), calls, (total_plan_time + total_exec_time) as total_time from aurora_stat_statements($2) order by calls desc limit $3 FOR READ ONLY",0,0,0,0,0,0,1,0.080243,0.080243,0.080243,0.080243,0,0,0,0,0,0,0,0,0,0,0,0,0,0,0,0,0,0,0,0,0,0,0,0,0,0,0,0,0,0,0,2026-06-19 15:36:27.854528+00,2026-06-19 15:36:27.854528+00
10,16384,t,-169837471702362973,"MOVE -652 IN ""query-cursor_85""",0,0,0,0,0,0,1,0.014268,0.014268,0.014268,0.014268,0,0,0,0,0,0,0,0,0,0,0,0,0,0,0,0,0,0,0,0,0,0,0,0,0,0,0,0,0,0,0,2026-06-19 14:13:27.670307+00,2026-06-19 14:13:27.670307+00
10,16384,t,-3454884625547215102,"FETCH 0 IN ""query-cursor_153""",0,0,0,0,0,0,1,0.006842,0.006842,0.006842,0.006842,0,0,0,0,0,0,0,0,0,0,0,0,0,0,0,0,0,0,0,0,0,0,0,0,0,0,0,0,0,0,0,2026-06-19 15:42:27.981379+00,2026-06-19 15:42:27.981379+00
16410,16412,t,2217019257567348291,"UPDATE RES_RELATE AS T SET IS_DISCLOSED=C.IS_DISCLOSED,IS_AMBIGUOUS=C.IS_AMBIGUOUS,LAST_ERRULE_ID=C.LAST_ERRULE_ID,MATCH_KEY=C.MATCH_KEY,MATCH_KEY_DETAILS=C.MATCH_KEY_DETAILS,MATCH_LEVELS=C.MATCH_LEVELS FROM (VALUES (CAST ($1 AS BIGINT),CAST ($2 AS BIGINT),CAST ($3 AS BIGINT),CAST ($4 AS BIGINT),$5,$6,$7),(CAST ($8 AS BIGINT),CAST ($9 AS BIGINT),CAST ($10 AS BIGINT),CAST ($11 AS BIGINT),$12,$13,$14)) AS C(RES_REL_ID,IS_DISCLOSED,IS_AMBIGUOUS,LAST_ERRULE_ID,MATCH_KEY,MATCH_KEY_DETAILS,MATCH_LEVELS) WHERE C.RES_REL_ID=T.RES_REL_ID",0,0,0,0,0,0,1062364,3511335.036832108,0.026861,985.0038559999999,3.305208983768377,15.453296521223676,2124476,21069044,56310,0,98757,0,0,0,0,0,0,806617.3115260015,3979.033882,0,0,0,0,0,0,0,0,0,0,0,0,0,0,0,0,0,2026-06-19 14:52:52.601327+00,2026-06-19 14:52:52.601327+00
10,16384,t,-2044121315814145767,"MOVE ALL IN ""query-cursor_104""",0,0,0,0,0,0,1,1.648531,1.648531,1.648531,1.648531,0,0,0,0,0,0,0,0,0,0,0,0,0,0,0,0,0,0,0,0,0,0,0,0,0,0,0,0,0,0,0,2026-06-19 14:32:27.671882+00,2026-06-19 14:32:27.671882+00
10,16384,t,4914131400798318259,"FETCH 50 IN ""query-cursor_178""",0,0,0,0,0,0,34,0.55388,0.010662,0.025357,0.01629058823529412,0.004489186092336372,1700,0,0,0,0,0,0,0,0,0,0,0,0,0,0,0,0,0,0,0,0,0,0,0,0,0,0,0,0,0,2026-06-19 16:34:27.751285+00,2026-06-19 16:34:27.751285+00
10,16384,t,-5739749622629000218,"MOVE -610 IN ""query-cursor_78""",0,0,0,0,0,0,1,0.013257,0.013257,0.013257,0.013257,0,0,0,0,0,0,0,0,0,0,0,0,0,0,0,0,0,0,0,0,0,0,0,0,0,0,0,0,0,0,0,2026-06-19 14:06:27.669775+00,2026-06-19 14:06:27.669775+00
10,16384,t,1988112510758495052,"FETCH 33 IN ""query-cursor_107""",0,0,0,0,0,0,1,0.002457,0.002457,0.002457,0.002457,0,33,0,0,0,0,0,0,0,0,0,0,0,0,0,0,0,0,0,0,0,0,0,0,0,0,0,0,0,0,0,2026-06-19 14:35:27.674755+00,2026-06-19 14:35:27.674755+00
10,16384,t,6828449434042981340,"DECLARE ""query-cursor_204"" SCROLL CURSOR FOR select queryid, left(query, $1), calls, (total_plan_time + total_exec_time) as total_time from aurora_stat_statements($2) order by calls desc limit $3 FOR READ ONLY",0,0,0,0,0,0,1,0.091852,0.091852,0.091852,0.091852,0,0,0,0,0,0,0,0,0,0,0,0,0,0,0,0,0,0,0,0,0,0,0,0,0,0,0,0,0,0,0,2026-06-19 17:28:27.69403+00,2026-06-19 17:28:27.69403+00
10,16384,t,-5763285850276455323,"DECLARE ""query-cursor_209"" SCROLL CURSOR FOR select queryid, left(query, $1), calls, (total_plan_time + total_exec_time) as total_time from aurora_stat_statements($2) order by calls desc limit $3 FOR READ ONLY",0,0,0,0,0,0,1,0.071331,0.071331,0.071331,0.071331,0,0,0,0,0,0,0,0,0,0,0,0,0,0,0,0,0,0,0,0,0,0,0,0,0,0,0,0,0,0,0,2026-06-19 17:38:27.854162+00,2026-06-19 17:38:27.854162+00
10,16384,t,4008148651305307009,"FETCH 50 IN ""query-cursor_171""",0,0,0,0,0,0,33,0.568488,0.00962,0.037309,0.01722690909090909,0.007405124504768941,1650,0,0,0,0,0,0,0,0,0,0,0,0,0,0,0,0,0,0,0,0,0,0,0,0,0,0,0,0,0,2026-06-19 16:18:28.250972+00,2026-06-19 16:18:28.250972+00
16410,16412,t,-1895927820416413560,"CREATE OR REPLACE FUNCTION perf.snapshot(p_label text) RETURNS void
LANGUAGE plpgsql AS $$
DECLARE
  v_ver int := current_setting('server_version_num')::int;
BEGIN
  -- pg_stat_database — whole-DB, eviction-immune.
  INSERT INTO perf.snap_scalar(label, metric, value)
  SELECT p_label, 'db.'||k, v
  FROM (
    SELECT xact_commit, xact_rollback, blks_read, blks_hit,
           tup_returned, tup_fetched, tup_inserted, tup_updated, tup_deleted,
           temp_files, temp_bytes, deadlocks, blk_read_time, blk_write_time
    FROM pg_stat_database WHERE datname = current_database()
  ) d, LATERAL (VALUES
    ('xact_commit',      d.xact_commit::numeric),
    ('xact_rollback',    d.xact_rollback::numeric),
    ('blks_read',        d.blks_read::numeric),
    ('blks_hit',         d.blks_hit::numeric),
    ('tup_returned',     d.tup_returned::numeric),
    ('tup_fetched',      d.tup_fetched::numeric),
    ('tup_inserted',     d.tup_inserted::numeric),
    ('tup_updated',      d.tup_updated::numeric),
    ('tup_deleted',      d.tup_deleted::numeric),
    ('temp_files',       d.temp_files::numeric),
    ('temp_bytes',       d.temp_bytes::numeric),
    ('deadlocks',        d.deadlocks::numeric),
    ('blk_read_time_ms', d.blk_read_time::numeric),
    ('blk_write_time_ms',d.blk_write_time::numeric)
  ) AS kv(k, v);

  -- pg_stat_wal — WAL-volume headline (PG14+). NOT supported on Aurora
  -- (pg_stat_get_wal() is blocked: Aurora doesn't use stock PostgreSQL WAL), so
  -- wrap in its own subtransaction and skip gracefully if it errors. Use the
  -- CloudWatch VolumeWriteIOPs metric as the write-volume proxy on Aurora.
  IF v_ver >= 140000 THEN
    BEGIN
      INSERT INTO perf.snap_scalar(label, metric, value)
      SELECT p_label, 'wal.'||k, v
      FROM (SELECT wal_records, wal_fpi, wal_bytes FROM pg_stat_wal) w,
      LATERAL (VALUES
        ('wal_records', w.wal_records::numeric),
        ('wal_fpi',     w.wal_fpi::numeric),
        ('wal_bytes',   w.wal_bytes::numeric)
      ) AS kv(k, v);
    EXCEPTION WHEN OTHERS THEN
      RAISE NOTICE 'pg_stat_wal unavailable (e.g. Aurora) — skipping WAL metrics: %', SQLERRM;
    END;
  END IF;

  -- Per-statement, aggregated to one row per queryid for this database.
  -- wal_* per statement is PG13+ — the most telling columns for write-heavy runs.
  INSERT INTO perf.snap_statement(label, queryid, query, calls, rows, total_exec_time,
    shared_blks_hit, shared_blks_read, shared_blks_written, shared_blks_dirtied,
    temp_blks_read, temp_blks_written, wal_records, wal_fpi, wal_bytes)
  SELECT p_label, queryid, left(max(query), 200),
         sum(calls), sum(rows), sum(total_exec_time),
         sum(shared_blks_hit), sum(shared_blks_read),
         sum(shared_blks_written), sum(shared_blks_dirtied),
         sum(temp_blks_read), sum(temp_blks_written),
         sum(wal_records), sum(wal_fpi), sum(wal_bytes)
  FROM pg_stat_statements
  WHERE dbid = (SELECT oid FROM pg_database WHERE datname = current_database())
  GROUP BY queryid;

  -- Per-table tuple + block IO.
  INSERT INTO perf.snap_table(label, relid, relname, n_tup_ins, n_tup_upd, n_tup_del,
    n_tup_hot_upd, seq_scan, idx_scan, heap_blks_read, heap_blks_hit,
    idx_blks_read, idx_blks_hit)
  SELECT p_label, t.relid, t.relname, t.n_tup_ins, t.n_tup_upd, t.n_tup_del,
         t.n_tup_hot_upd, t.seq_scan, coalesce(t.idx_scan, 0),
         io.heap_blks_read, io.heap_blks_hit,
         coalesce(io.idx_blks_read, 0), coalesce(io.idx_blks_hit, 0)
  FROM pg_stat_user_tables t
  JOIN pg_statio_user_tables io ON io.relid = t.relid;
END;
$$",0,0,0,0,0,0,1,107.362446,107.362446,107.362446,107.362446,0,0,135,0,0,0,0,0,0,0,0,0,0,0,0,0,0,0,0,0,0,0,0,0,0,0,0,0,0,0,0,2026-06-19 15:46:52.494468+00,2026-06-19 15:46:52.494468+00
10,16384,t,-3518445603844314726,"FETCH 0 IN ""query-cursor_233""",0,0,0,0,0,0,1,0.006458,0.006458,0.006458,0.006458,0,0,0,0,0,0,0,0,0,0,0,0,0,0,0,0,0,0,0,0,0,0,0,0,0,0,0,0,0,0,0,2026-06-19 18:26:27.680726+00,2026-06-19 18:26:27.680726+00
10,16384,t,-661088431209006249,SELECT count(*) FROM pg_replication_slots where slot_type = $1,0,0,0,0,0,0,752,8.215605000000007,0.003332,0.738941,0.01092500664893618,0.02694988890487915,752,0,0,0,0,0,0,0,0,0,0,0,0,0,0,0,0,0,0,0,0,0,0,0,0,0,0,0,0,0,2026-06-19 12:48:52.266497+00,2026-06-19 12:48:52.266497+00
10,16384,t,4697262710986183434,"MOVE ALL IN ""query-cursor_212""",0,0,0,0,0,0,1,285.80345,285.80345,285.80345,285.80345,0,0,0,0,0,0,0,0,0,0,0,0,0,0,0,0,0,0,0,0,0,0,0,0,0,0,0,0,0,0,0,2026-06-19 17:44:28.077139+00,2026-06-19 17:44:28.077139+00
10,16384,t,-1738020715333993650,"FETCH 50 IN ""query-cursor_44""",0,0,0,0,0,0,7,0.025453,0.002943,0.005958,0.0036361428571428573,0.0009709064142882783,350,0,0,0,0,0,0,0,0,0,0,0,0,0,0,0,0,0,0,0,0,0,0,0,0,0,0,0,0,0,2026-06-19 13:32:27.666726+00,2026-06-19 13:32:27.666726+00
10,16384,t,595610403874609719,"DECLARE ""query-cursor_227"" SCROLL CURSOR FOR select queryid, left(query, $1), calls, (total_plan_time + total_exec_time) as total_time from aurora_stat_statements($2) order by calls desc limit $3 FOR READ ONLY",0,0,0,0,0,0,1,0.079867,0.079867,0.079867,0.079867,0,0,0,0,0,0,0,0,0,0,0,0,0,0,0,0,0,0,0,0,0,0,0,0,0,0,0,0,0,0,0,2026-06-19 18:14:27.992313+00,2026-06-19 18:14:27.992313+00
16410,16412,t,3526274298518949634,"SELECT RES_ENT_ID,LIB_FEAT_ID,FTYPE_ID,UTYPE_CODE,SUPPRESSED,OBS_ENT_CNT FROM RES_FEAT_EKEY WHERE RES_ENT_ID IN ($1,$2,$3,$4,$5,$6,$7,$8,$9,$10,$11,$12,$13,$14,$15,$16) AND FTYPE_ID IN ($17,$18,$19,$20,$21,$22,$23,$24,$25,$26,$27)",0,0,0,0,0,0,19057,128888.08433999986,0.094919,432.964544,6.763293505798386,23.262443079018936,3150237,1053281,5715,0,0,0,0,0,0,0,0,102471.0920230002,0,0,0,0,0,0,0,0,0,0,0,0,0,0,0,0,0,0,2026-06-19 14:52:49.570345+00,2026-06-19 14:52:49.570345+00
10,16384,t,-7270218892405340357,"FETCH 3 IN ""query-cursor_22""",0,0,0,0,0,0,1,0.001466,0.001466,0.001466,0.001466,0,3,0,0,0,0,0,0,0,0,0,0,0,0,0,0,0,0,0,0,0,0,0,0,0,0,0,0,0,0,0,2026-06-19 13:10:27.665939+00,2026-06-19 13:10:27.665939+00
10,16384,t,-157008752064791930,"FETCH 7 IN ""query-cursor_150""",0,0,0,0,0,0,1,0.005511,0.005511,0.005511,0.005511,0,7,0,0,0,0,0,0,0,0,0,0,0,0,0,0,0,0,0,0,0,0,0,0,0,0,0,0,0,0,0,2026-06-19 15:36:27.890613+00,2026-06-19 15:36:27.890613+00
16410,16412,t,2168675765292875470,"SELECT RES_ENT_ID,LIB_FEAT_ID,FTYPE_ID,UTYPE_CODE,SUPPRESSED,OBS_ENT_CNT FROM RES_FEAT_EKEY WHERE RES_ENT_ID IN ($1) AND FTYPE_ID IN ($2,$3,$4,$5,$6,$7,$8,$9,$10,$11,$12,$13,$14,$15,$16,$17,$18,$19,$20,$21,$22,$23,$24,$25,$26,$27,$28,$29,$30,$31,$32,$33,$34,$35,$36,$37,$38,$39,$40,$41,$42,$43,$44,$45,$46,$47,$48,$49,$50,$51,$52,$53,$54,$55)",0,0,0,0,0,0,771264,79681.79366900078,0.005645,116.399637,0.10331325417626232,1.3486416774160843,1213001,3953874,0,0,0,0,0,0,0,0,0,0,0,0,0,0,0,0,0,0,0,0,0,0,0,0,0,0,0,0,2026-06-19 14:52:44.839797+00,2026-06-19 14:52:44.839797+00
10,16384,t,6564633028365855675,"MOVE ALL IN ""query-cursor_81""",0,0,0,0,0,0,1,1.23864,1.23864,1.23864,1.23864,0,0,0,0,0,0,0,0,0,0,0,0,0,0,0,0,0,0,0,0,0,0,0,0,0,0,0,0,0,0,0,2026-06-19 14:09:27.669787+00,2026-06-19 14:09:27.669787+00
16410,16412,t,9087645753989554783,"DELETE FROM RES_RELATE WHERE RES_REL_ID IN ($1,$2,$3,$4)",0,0,0,0,0,0,1108105,729283.437129034,0.011788,686.8148590000001,0.6581356794970097,3.9253769114291694,3783573,16135255,1,0,0,0,0,0,0,0,0,0.977273,0,0,0,0,0,0,0,0,0,0,0,0,0,0,0,0,0,0,2026-06-19 14:52:51.962336+00,2026-06-19 14:52:51.962336+00
10,16384,t,-171025288181611056,"FETCH 0 IN ""query-cursor_96""",0,0,0,0,0,0,1,0.003607,0.003607,0.003607,0.003607,0,0,0,0,0,0,0,0,0,0,0,0,0,0,0,0,0,0,0,0,0,0,0,0,0,0,0,0,0,0,0,2026-06-19 14:24:27.669665+00,2026-06-19 14:24:27.669665+00
10,16384,t,-1939861772634473665,"DECLARE ""query-cursor_157"" SCROLL CURSOR FOR select queryid, left(query, $1), calls, (total_plan_time + total_exec_time) as total_time from aurora_stat_statements($2) order by calls desc limit $3 FOR READ ONLY",0,0,0,0,0,0,1,0.077904,0.077904,0.077904,0.077904,0,0,0,0,0,0,0,0,0,0,0,0,0,0,0,0,0,0,0,0,0,0,0,0,0,0,0,0,0,0,0,2026-06-19 15:50:27.783314+00,2026-06-19 15:50:27.783314+00
10,16384,t,-2558063580859576249,"DECLARE ""query-cursor_229"" SCROLL CURSOR FOR select queryid, left(query, $1), calls, (total_plan_time + total_exec_time) as total_time from aurora_stat_statements($2) order by calls desc limit $3 FOR READ ONLY",0,0,0,0,0,0,1,0.064789,0.064789,0.064789,0.064789,0,0,0,0,0,0,0,0,0,0,0,0,0,0,0,0,0,0,0,0,0,0,0,0,0,0,0,0,0,0,0,2026-06-19 18:18:27.680322+00,2026-06-19 18:18:27.680322+00
10,16384,t,-2342979301989642328,"FETCH 50 IN ""query-cursor_4""",0,0,0,0,0,0,2,0.010066,0.004648,0.005418,0.005033,0.0003849999999999999,100,0,0,0,0,0,0,0,0,0,0,0,0,0,0,0,0,0,0,0,0,0,0,0,0,0,0,0,0,0,2026-06-19 12:52:27.663409+00,2026-06-19 12:52:27.663409+00
16410,16412,t,6060914657815662378,"SELECT RES_ENT_ID,LIB_FEAT_ID,FTYPE_ID,UTYPE_CODE,SUPPRESSED,OBS_ENT_CNT FROM RES_FEAT_EKEY WHERE RES_ENT_ID IN ($1,$2,$3,$4,$5,$6,$7,$8,$9,$10,$11,$12,$13,$14,$15,$16) AND FTYPE_ID IN ($17,$18,$19,$20,$21,$22,$23,$24,$25,$26,$27,$28,$29,$30,$31,$32,$33,$34,$35,$36,$37)",0,0,0,0,0,0,19176,160373.13892400032,0.116488,487.984802,8.363221679390922,25.73641005206765,5267921,1107254,7168,0,0,0,0,0,0,0,0,126223.37642499988,0,0,0,0,0,0,0,0,0,0,0,0,0,0,0,0,0,0,2026-06-19 14:52:54.712669+00,2026-06-19 14:52:54.712669+00
10,16384,t,-5262770432843725500,"FETCH 0 IN ""query-cursor_210""",0,0,0,0,0,0,1,0.009291,0.009291,0.009291,0.009291,0,0,0,0,0,0,0,0,0,0,0,0,0,0,0,0,0,0,0,0,0,0,0,0,0,0,0,0,0,0,0,2026-06-19 17:40:27.742557+00,2026-06-19 17:40:27.742557+00
10,16384,t,-5975452127065020710,"FETCH 0 IN ""query-cursor_33""",0,0,0,0,0,0,1,0.003086,0.003086,0.003086,0.003086,0,0,0,0,0,0,0,0,0,0,0,0,0,0,0,0,0,0,0,0,0,0,0,0,0,0,0,0,0,0,0,2026-06-19 13:21:27.665091+00,2026-06-19 13:21:27.665091+00
10,16384,t,2366331402341159428,"FETCH 50 IN ""query-cursor_149""",0,0,0,0,0,0,29,0.5039089999999999,0.011588,0.025864,0.017376172413793103,0.004842414082117231,1450,0,0,0,0,0,0,0,0,0,0,0,0,0,0,0,0,0,0,0,0,0,0,0,0,0,0,0,0,0,2026-06-19 15:34:27.779899+00,2026-06-19 15:34:27.779899+00
10,16384,t,-4705501296790144833,"FETCH 50 IN ""query-cursor_138""",0,0,0,0,0,0,28,0.47151699999999996,0.01006,0.031061,0.016839892857142855,0.005018551408376764,1400,0,0,0,0,0,0,0,0,0,0,0,0,0,0,0,0,0,0,0,0,0,0,0,0,0,0,0,0,0,2026-06-19 15:12:27.752131+00,2026-06-19 15:12:27.752131+00
16410,16412,t,-6584207587990091580,"SELECT RES_ENT_ID,LIB_FEAT_ID,FTYPE_ID,UTYPE_CODE,SUPPRESSED,OBS_ENT_CNT FROM RES_FEAT_EKEY WHERE RES_ENT_ID IN ($1,$2,$3,$4,$5,$6,$7,$8,$9,$10,$11,$12,$13,$14,$15,$16,$17,$18,$19,$20,$21,$22,$23,$24,$25,$26,$27,$28,$29,$30,$31,$32) AND FTYPE_ID IN ($33,$34,$35,$36,$37,$38,$39,$40)",0,0,0,0,0,0,4,2.039738,0.42076,0.566537,0.5099345,0.054319341097347616,762,391,0,0,0,0,0,0,0,0,0,0,0,0,0,0,0,0,0,0,0,0,0,0,0,0,0,0,0,0,2026-06-19 15:24:37.728848+00,2026-06-19 15:24:37.728848+00
10,16384,t,-9076829213479046180,"FETCH 50 IN ""query-cursor_148""",0,0,0,0,0,0,29,0.492503,0.012378,0.028951,0.01698286206896552,0.004447796903110558,1450,0,0,0,0,0,0,0,0,0,0,0,0,0,0,0,0,0,0,0,0,0,0,0,0,0,0,0,0,0,2026-06-19 15:32:28.129563+00,2026-06-19 15:32:28.129563+00
16410,16412,t,59087559202373301,"UPDATE RES_FEAT_STAT AS T SET FTYPE_ID=C.FTYPE_ID,NUM_RES_ENT=C.NUM_RES_ENT_NEW,NUM_RES_ENT_OOM=C.NUM_RES_ENT_OOM_NEW FROM (VALUES (CAST ($1 AS BIGINT),CAST ($2 AS INT),CAST ($3 AS BIGINT),CAST ($4 AS BIGINT),CAST ($5 AS BIGINT),CAST ($6 AS BIGINT)),(CAST ($7 AS BIGINT),CAST ($8 AS INT),CAST ($9 AS BIGINT),CAST ($10 AS BIGINT),CAST ($11 AS BIGINT),CAST ($12 AS BIGINT)),(CAST ($13 AS BIGINT),CAST ($14 AS INT),CAST ($15 AS BIGINT),CAST ($16 AS BIGINT),CAST ($17 AS BIGINT),CAST ($18 AS BIGINT)),(CAST ($19 AS BIGINT),CAST ($20 AS INT),CAST ($21 AS BIGINT),CAST ($22 AS BIGINT),CAST ($23 AS BIGINT),CAST ($24 AS BIGINT)),(CAST ($25 AS BIGINT),CAST ($26 AS INT),CAST ($27 AS BIGINT),CAST ($28 AS BIGINT),CAST ($29 AS BIGINT),CAST ($30 AS BIGINT)),(CAST ($31 AS BIGINT),CAST ($32 AS INT),CAST ($33 AS BIGINT),CAST ($34 AS BIGINT),CAST ($35 AS BIGINT),CAST ($36 AS BIGINT)),(CAST ($37 AS BIGINT),CAST ($38 AS INT),CAST ($39 AS BIGINT),CAST ($40 AS BIGINT),CAST ($41 AS BIGINT),CAST ($42 AS BIGINT)),(CAST ($43 AS BIGINT),CAST ($44 AS INT),CAST ($45 AS BIGINT),CAST ($46 AS BIGINT),CAST ($47 AS BIGINT),CAST ($48 AS BIGINT)),(CAST ($49 AS BIGINT),CAST ($50 AS INT),CAST ($51 AS BIGINT),CAST ($52 AS BIGINT),CAST ($53 AS BIGINT),CAST ($54 AS BIGINT)),(CAST ($55 AS BIGINT),CAST ($56 AS INT),CAST ($57 AS BIGINT),CAST ($58 AS BIGINT),CAST ($59 AS BIGINT),CAST ($60 AS BIGINT)),(CAST ($61 AS BIGINT),CAST ($62 AS INT),CAST ($63 AS BIGINT),CAST ($64 AS BIGINT),CAST ($65 AS BIGINT),CAST ($66 AS BIGINT)),(CAST ($67 AS BIGINT),CAST ($68 AS INT),CAST ($69 AS BIGINT),CAST ($70 AS BIGINT),CAST ($71 AS BIGINT),CAST ($72 AS BIGINT)),(CAST ($73 AS BIGINT),CAST ($74 AS INT),CAST ($75 AS BIGINT),CAST ($76 AS BIGINT),CAST ($77 AS BIGINT),CAST ($78 AS BIGINT)),(CAST ($79 AS BIGINT),CAST ($80 AS INT),CAST ($81 AS BIGINT),CAST ($82 AS BIGINT),CAST ($83 AS BIGINT),CAST ($84 AS BIGINT)),(CAST ($85 AS BIGINT),CAST ($86 AS INT),CAST ($87 AS BIGINT),CAST ($88 AS BIGINT),CAST ($89 AS BIGINT),CAST ($90 AS BIGINT)),(CAST ($91 AS BIGINT),CAST ($92 AS INT),CAST ($93 AS BIGINT),CAST ($94 AS BIGINT),CAST ($95 AS BIGINT),CAST ($96 AS BIGINT)),(CAST ($97 AS BIGINT),CAST ($98 AS INT),CAST ($99 AS BIGINT),CAST ($100 AS BIGINT),CAST ($101 AS BIGINT),CAST ($102 AS BIGINT)),(CAST ($103 AS BIGINT),CAST ($104 AS INT),CAST ($105 AS BIGINT),CAST ($106 AS BIGINT),CAST ($107 AS BIGINT),CAST ($108 AS BIGINT))) AS C(LIB_FEAT_ID,FTYPE_ID,NUM_RES_ENT_OLD,NUM_RES_ENT_OOM_OLD,NUM_RES_ENT_NEW,NUM_RES_ENT_OOM_NEW) WHERE C.LIB_FEAT_ID=T.LIB_FEAT_ID AND C.NUM_RES_ENT_OLD=T.NUM_RES_ENT AND C.NUM_RES_ENT_OOM_OLD=T.NUM_RES_ENT_OOM",0,0,0,0,0,0,3188,41637.215003000056,0.205334,929.456866,13.060606964554598,51.76003428571461,57360,638430,58,0,260,0,0,0,0,0,0,511.91495299999997,0.474086,0,0,0,0,0,0,0,0,0,0,0,0,0,0,0,0,0,2026-06-19 15:00:33.722448+00,2026-06-19 15:00:33.722448+00
16410,16412,t,3051355377504672174,"UPDATE RES_RELATE AS T SET IS_DISCLOSED=C.IS_DISCLOSED,IS_AMBIGUOUS=C.IS_AMBIGUOUS,LAST_ERRULE_ID=C.LAST_ERRULE_ID,MATCH_KEY=C.MATCH_KEY,MATCH_KEY_DETAILS=C.MATCH_KEY_DETAILS,MATCH_LEVELS=C.MATCH_LEVELS FROM (VALUES (CAST ($1 AS BIGINT),CAST ($2 AS BIGINT),CAST ($3 AS BIGINT),CAST ($4 AS BIGINT),$5,$6,$7),(CAST ($8 AS BIGINT),CAST ($9 AS BIGINT),CAST ($10 AS BIGINT),CAST ($11 AS BIGINT),$12,$13,$14),(CAST ($15 AS BIGINT),CAST ($16 AS BIGINT),CAST ($17 AS BIGINT),CAST ($18 AS BIGINT),$19,$20,$21),(CAST ($22 AS BIGINT),CAST ($23 AS BIGINT),CAST ($24 AS BIGINT),CAST ($25 AS BIGINT),$26,$27,$28),(CAST ($29 AS BIGINT),CAST ($30 AS BIGINT),CAST ($31 AS BIGINT),CAST ($32 AS BIGINT),$33,$34,$35),(CAST ($36 AS BIGINT),CAST ($37 AS BIGINT),CAST ($38 AS BIGINT),CAST ($39 AS BIGINT),$40,$41,$42),(CAST ($43 AS BIGINT),CAST ($44 AS BIGINT),CAST ($45 AS BIGINT),CAST ($46 AS BIGINT),$47,$48,$49),(CAST ($50 AS BIGINT),CAST ($51 AS BIGINT),CAST ($52 AS BIGINT),CAST ($53 AS BIGINT),$54,$55,$56),(CAST ($57 AS BIGINT),CAST ($58 AS BIGINT),CAST ($59 AS BIGINT),CAST ($60 AS BIGINT),$61,$62,$63),(CAST ($64 AS BIGINT),CAST ($65 AS BIGINT),CAST ($66 AS BIGINT),CAST ($67 AS BIGINT),$68,$69,$70),(CAST ($71 AS BIGINT),CAST ($72 AS BIGINT),CAST ($73 AS BIGINT),CAST ($74 AS BIGINT),$75,$76,$77),(CAST ($78 AS BIGINT),CAST ($79 AS BIGINT),CAST ($80 AS BIGINT),CAST ($81 AS BIGINT),$82,$83,$84)) AS C(RES_REL_ID,IS_DISCLOSED,IS_AMBIGUOUS,LAST_ERRULE_ID,MATCH_KEY,MATCH_KEY_DETAILS,MATCH_LEVELS) WHERE C.RES_REL_ID=T.RES_REL_ID",0,0,0,0,0,0,423,4333.534046000001,0.21118499999999998,648.327348,10.244761338061467,42.92694329438611,5076,51258,266,0,0,0,0,0,0,0,0,2152.1785869999994,0,0,0,0,0,0,0,0,0,0,0,0,0,0,0,0,0,0,2026-06-19 15:32:19.422694+00,2026-06-19 15:32:19.422694+00
10,16384,t,1706807943301527093,"DECLARE ""query-cursor_213"" SCROLL CURSOR FOR select queryid, left(query, $1), calls, (total_plan_time + total_exec_time) as total_time from aurora_stat_statements($2) order by calls desc limit $3 FOR READ ONLY",0,0,0,0,0,0,1,0.081339,0.081339,0.081339,0.081339,0,0,0,0,0,0,0,0,0,0,0,0,0,0,0,0,0,0,0,0,0,0,0,0,0,0,0,0,0,0,0,2026-06-19 17:46:27.927368+00,2026-06-19 17:46:27.927368+00
16410,16412,t,8977741703827604644,"CREATE TABLE IF NOT EXISTS perf.snap_statement (
  label             text        NOT NULL,
  captured_at       timestamptz NOT NULL DEFAULT now(),
  queryid           bigint,
  query             text,
  calls             numeric,
  rows              numeric,
  total_exec_time   numeric,
  shared_blks_hit   numeric,
  shared_blks_read  numeric,
  shared_blks_written  numeric,
  shared_blks_dirtied  numeric,
  temp_blks_read    numeric,
  temp_blks_written numeric,
  wal_records       numeric,
  wal_fpi           numeric,
  wal_bytes         numeric
)",0,0,0,0,0,0,2,34.72409,0.182069,34.542021,17.362045,17.179976,0,330,0,0,1,0,0,0,0,0,0,0,0.006982,0,0,0,0,0,0,0,0,0,0,0,0,0,0,0,0,0,2026-06-19 15:39:54.134668+00,2026-06-19 15:39:54.134668+00
10,16384,t,3384301585456168331,"MOVE ALL IN ""query-cursor_28""",0,0,0,0,0,0,1,0.633568,0.633568,0.633568,0.633568,0,0,0,0,0,0,0,0,0,0,0,0,0,0,0,0,0,0,0,0,0,0,0,0,0,0,0,0,0,0,0,2026-06-19 13:16:27.665421+00,2026-06-19 13:16:27.665421+00
10,16384,t,-4099100977711347080,"FETCH 0 IN ""query-cursor_3""",0,0,0,0,0,0,1,0.003264,0.003264,0.003264,0.003264,0,0,0,0,0,0,0,0,0,0,0,0,0,0,0,0,0,0,0,0,0,0,0,0,0,0,0,0,0,0,0,2026-06-19 12:51:27.662949+00,2026-06-19 12:51:27.662949+00
10,16384,t,5289804472296864724,"MOVE -61 IN ""query-cursor_1""",0,0,0,0,0,0,1,0.003053,0.003053,0.003053,0.003053,0,0,0,0,0,0,0,0,0,0,0,0,0,0,0,0,0,0,0,0,0,0,0,0,0,0,0,0,0,0,0,2026-06-19 12:49:27.660928+00,2026-06-19 12:49:27.660928+00
10,16384,t,-6346280946335487606,"DECLARE ""query-cursor_59"" SCROLL CURSOR FOR select queryid, left(query, $1), calls, (total_plan_time + total_exec_time) as total_time from aurora_stat_statements($2) order by calls desc limit $3 FOR READ ONLY",0,0,0,0,0,0,1,0.064109,0.064109,0.064109,0.064109,0,0,0,0,0,0,0,0,0,0,0,0,0,0,0,0,0,0,0,0,0,0,0,0,0,0,0,0,0,0,0,2026-06-19 13:47:27.666897+00,2026-06-19 13:47:27.666897+00
10,16384,t,-5182811042227697578,"FETCH 0 IN ""query-cursor_69""",0,0,0,0,0,0,1,0.003934,0.003934,0.003934,0.003934,0,0,0,0,0,0,0,0,0,0,0,0,0,0,0,0,0,0,0,0,0,0,0,0,0,0,0,0,0,0,0,2026-06-19 13:57:27.667671+00,2026-06-19 13:57:27.667671+00
10,16384,t,4767269227911119473,"FETCH 50 IN ""query-cursor_29""",0,0,0,0,0,0,5,0.020699000000000002,0.003102,0.005656,0.004139800000000001,0.0012238680321015004,250,0,0,0,0,0,0,0,0,0,0,0,0,0,0,0,0,0,0,0,0,0,0,0,0,0,0,0,0,0,2026-06-19 13:17:27.66559+00,2026-06-19 13:17:27.66559+00
16410,16412,t,-3844544056154883233,"UPDATE RES_FEAT_EKEY AS T SET SUPPRESSED=C.SUPPRESSED,OBS_ENT_CNT=C.OBS_ENT_CNT FROM (VALUES (CAST ($1 AS BIGINT),CAST ($2 AS BIGINT),$3,$4,CAST ($5 AS BIGINT)),(CAST ($6 AS BIGINT),CAST ($7 AS BIGINT),$8,$9,CAST ($10 AS BIGINT)),(CAST ($11 AS BIGINT),CAST ($12 AS BIGINT),$13,$14,CAST ($15 AS BIGINT)),(CAST ($16 AS BIGINT),CAST ($17 AS BIGINT),$18,$19,CAST ($20 AS BIGINT)),(CAST ($21 AS BIGINT),CAST ($22 AS BIGINT),$23,$24,CAST ($25 AS BIGINT)),(CAST ($26 AS BIGINT),CAST ($27 AS BIGINT),$28,$29,CAST ($30 AS BIGINT)),(CAST ($31 AS BIGINT),CAST ($32 AS BIGINT),$33,$34,CAST ($35 AS BIGINT)),(CAST ($36 AS BIGINT),CAST ($37 AS BIGINT),$38,$39,CAST ($40 AS BIGINT)),(CAST ($41 AS BIGINT),CAST ($42 AS BIGINT),$43,$44,CAST ($45 AS BIGINT)),(CAST ($46 AS BIGINT),CAST ($47 AS BIGINT),$48,$49,CAST ($50 AS BIGINT)),(CAST ($51 AS BIGINT),CAST ($52 AS BIGINT),$53,$54,CAST ($55 AS BIGINT)),(CAST ($56 AS BIGINT),CAST ($57 AS BIGINT),$58,$59,CAST ($60 AS BIGINT)),(CAST ($61 AS BIGINT),CAST ($62 AS BIGINT),$63,$64,CAST ($65 AS BIGINT)),(CAST ($66 AS BIGINT),CAST ($67 AS BIGINT),$68,$69,CAST ($70 AS BIGINT)),(CAST ($71 AS BIGINT),CAST ($72 AS BIGINT),$73,$74,CAST ($75 AS BIGINT)),(CAST ($76 AS BIGINT),CAST ($77 AS BIGINT),$78,$79,CAST ($80 AS BIGINT)),(CAST ($81 AS BIGINT),CAST ($82 AS BIGINT),$83,$84,CAST ($85 AS BIGINT)),(CAST ($86 AS BIGINT),CAST ($87 AS BIGINT),$88,$89,CAST ($90 AS BIGINT))) AS C(RES_ENT_ID,LIB_FEAT_ID,UTYPE_CODE,SUPPRESSED,OBS_ENT_CNT) WHERE C.RES_ENT_ID=T.RES_ENT_ID AND C.LIB_FEAT_ID=T.LIB_FEAT_ID AND C.UTYPE_CODE=T.UTYPE_CODE",0,0,0,0,0,0,37319,724419.6942950059,0.145424,839.0240839999999,19.4115516036069,40.7672048691713,671742,9950410,10402,0,1833,0,0,0,0,0,0,245342.68214500026,201.30556700000025,0,0,0,0,0,0,0,0,0,0,0,0,0,0,0,0,0,2026-06-19 14:54:56.997233+00,2026-06-19 14:54:56.997233+00
16410,16412,t,6794715488074120713,"SELECT RES_ENT_ID,LIB_FEAT_ID,FTYPE_ID,UTYPE_CODE,SUPPRESSED,OBS_ENT_CNT FROM RES_FEAT_EKEY WHERE RES_ENT_ID IN ($1) AND FTYPE_ID IN ($2,$3,$4,$5,$6,$7,$8,$9,$10,$11,$12,$13,$14,$15,$16,$17,$18,$19,$20,$21,$22,$23,$24,$25,$26,$27,$28,$29,$30,$31,$32,$33,$34,$35,$36,$37,$38,$39,$40,$41,$42,$43,$44,$45,$46,$47,$48,$49,$50,$51,$52,$53,$54,$55,$56,$57,$58,$59)",0,0,0,0,0,0,515593,62495.68967399942,0.005612,97.234695,0.12121128423776005,1.4752352979079664,2594669,2738519,0,0,0,0,0,0,0,0,0,0,0,0,0,0,0,0,0,0,0,0,0,0,0,0,0,0,0,0,2026-06-19 14:52:42.356243+00,2026-06-19 14:52:42.356243+00
10,16384,t,-3303038665045707933,"MOVE ALL IN ""query-cursor_129""",0,0,0,0,0,0,1,4.889014,4.889014,4.889014,4.889014,0,0,0,0,0,0,0,0,0,0,0,0,0,0,0,0,0,0,0,0,0,0,0,0,0,0,0,0,0,0,0,2026-06-19 14:57:27.677036+00,2026-06-19 14:57:27.677036+00
10,16384,t,-8068339863505022159,select pg_postmaster_start_time(),0,0,0,0,0,0,376,0.8211219999999997,0.001007,0.023421,0.002183835106382978,0.0014500693029812037,376,0,0,0,0,0,0,0,0,0,0,0,0,0,0,0,0,0,0,0,0,0,0,0,0,0,0,0,0,0,2026-06-19 12:48:52.351697+00,2026-06-19 12:48:52.351697+00
10,16384,t,-5459982774710103699,"MOVE ALL IN ""query-cursor_142""",0,0,0,0,0,0,1,8.568343,8.568343,8.568343,8.568343,0,0,0,0,0,0,0,0,0,0,0,0,0,0,0,0,0,0,0,0,0,0,0,0,0,0,0,0,0,0,0,2026-06-19 15:20:27.740511+00,2026-06-19 15:20:27.740511+00
10,16384,t,6535364525916862781,"FETCH 0 IN ""query-cursor_236""",0,0,0,0,0,0,1,0.005314,0.005314,0.005314,0.005314,0,0,0,0,0,0,0,0,0,0,0,0,0,0,0,0,0,0,0,0,0,0,0,0,0,0,0,0,0,0,0,2026-06-19 18:29:27.680912+00,2026-06-19 18:29:27.680912+00
10,16384,t,908746400591185889,"FETCH 0 IN ""query-cursor_105""",0,0,0,0,0,0,1,0.003499,0.003499,0.003499,0.003499,0,0,0,0,0,0,0,0,0,0,0,0,0,0,0,0,0,0,0,0,0,0,0,0,0,0,0,0,0,0,0,2026-06-19 14:33:27.670205+00,2026-06-19 14:33:27.670205+00
10,16384,t,3610924346418269754,"DECLARE ""query-cursor_177"" SCROLL CURSOR FOR select queryid, left(query, $1), calls, (total_plan_time + total_exec_time) as total_time from aurora_stat_statements($2) order by calls desc limit $3 FOR READ ONLY",0,0,0,0,0,0,1,0.084225,0.084225,0.084225,0.084225,0,0,0,0,0,0,0,0,0,0,0,0,0,0,0,0,0,0,0,0,0,0,0,0,0,0,0,0,0,0,0,2026-06-19 16:32:27.740412+00,2026-06-19 16:32:27.740412+00
10,16384,t,-8948125106588980930,"FETCH 0 IN ""query-cursor_161""",0,0,0,0,0,0,1,0.010011,0.010011,0.010011,0.010011,0,0,0,0,0,0,0,0,0,0,0,0,0,0,0,0,0,0,0,0,0,0,0,0,0,0,0,0,0,0,0,2026-06-19 15:58:27.707512+00,2026-06-19 15:58:27.707512+00
16410,16412,t,-8417591579450839057,"SELECT RES_ENT_ID,ENT_STATE,LOCKING_ID FROM RES_ENT WHERE RES_ENT_ID IN ($1,$2,$3,$4,$5,$6,$7,$8,$9,$10,$11,$12,$13,$14,$15,$16,$17,$18,$19,$20,$21,$22,$23,$24,$25,$26,$27,$28,$29,$30,$31,$32)",0,0,0,0,0,0,148281,145023.94849600122,0.08482,227.496934,0.9780345998206191,4.38231834070671,2870074,11532975,7,0,0,0,0,0,0,0,0,52.121092000000004,0,0,0,0,0,0,0,0,0,0,0,0,0,0,0,0,0,0,2026-06-19 14:53:08.59102+00,2026-06-19 14:53:08.59102+00
10,16384,t,9161096870954934929,"DECLARE ""query-cursor_223"" SCROLL CURSOR FOR select queryid, left(query, $1), calls, (total_plan_time + total_exec_time) as total_time from aurora_stat_statements($2) order by calls desc limit $3 FOR READ ONLY",0,0,0,0,0,0,1,0.086543,0.086543,0.086543,0.086543,0,0,0,0,0,0,0,0,0,0,0,0,0,0,0,0,0,0,0,0,0,0,0,0,0,0,0,0,0,0,0,2026-06-19 18:06:27.807691+00,2026-06-19 18:06:27.807691+00
10,16384,t,186804114609292073,"MOVE -1825 IN ""query-cursor_196""",0,0,0,0,0,0,1,0.137533,0.137533,0.137533,0.137533,0,0,0,0,0,0,0,0,0,0,0,0,0,0,0,0,0,0,0,0,0,0,0,0,0,0,0,0,0,0,0,2026-06-19 17:12:28.192678+00,2026-06-19 17:12:28.192678+00
10,16384,t,3123964089683960115,"MOVE ALL IN ""query-cursor_236""",0,0,0,0,0,0,1,8.64604,8.64604,8.64604,8.64604,0,0,0,0,0,0,0,0,0,0,0,0,0,0,0,0,0,0,0,0,0,0,0,0,0,0,0,0,0,0,0,2026-06-19 18:29:27.689628+00,2026-06-19 18:29:27.689628+00
10,16384,t,4429332816275135575,"MOVE ALL IN ""query-cursor_4""",0,0,0,0,0,0,1,0.282698,0.282698,0.282698,0.282698,0,0,0,0,0,0,0,0,0,0,0,0,0,0,0,0,0,0,0,0,0,0,0,0,0,0,0,0,0,0,0,2026-06-19 12:52:27.663317+00,2026-06-19 12:52:27.663317+00
16410,16412,t,4066922531952549414,"SELECT RES_ENT_ID,LIB_FEAT_ID,FTYPE_ID,UTYPE_CODE,SUPPRESSED,OBS_ENT_CNT FROM RES_FEAT_EKEY WHERE RES_ENT_ID IN ($1,$2,$3,$4) AND FTYPE_ID IN ($5,$6,$7,$8,$9,$10)",0,0,0,0,0,0,72,543.6371830000002,0.06022,321.247835,7.550516430555557,39.015047169382385,1775,1360,12,0,0,0,0,0,0,0,0,504.36864999999995,0,0,0,0,0,0,0,0,0,0,0,0,0,0,0,0,0,0,2026-06-19 14:54:51.179533+00,2026-06-19 14:54:51.179533+00
10,16384,t,-3602178541233059655,"FETCH 0 IN ""query-cursor_54""",0,0,0,0,0,0,1,0.003611,0.003611,0.003611,0.003611,0,0,0,0,0,0,0,0,0,0,0,0,0,0,0,0,0,0,0,0,0,0,0,0,0,0,0,0,0,0,0,2026-06-19 13:42:27.666576+00,2026-06-19 13:42:27.666576+00
16410,16412,t,-2457273054275168457,"SELECT RES_ENT_ID,LIB_FEAT_ID,FTYPE_ID,UTYPE_CODE,SUPPRESSED,OBS_ENT_CNT FROM RES_FEAT_EKEY WHERE RES_ENT_ID IN ($1,$2,$3,$4,$5,$6,$7,$8,$9,$10,$11,$12,$13,$14,$15,$16,$17,$18,$19,$20,$21,$22,$23,$24,$25,$26,$27,$28,$29,$30,$31,$32,$33,$34,$35,$36,$37,$38,$39,$40,$41,$42,$43,$44,$45,$46,$47,$48,$49,$50,$51,$52,$53,$54,$55,$56,$57,$58,$59,$60,$61,$62,$63,$64) AND FTYPE_ID IN ($65,$66,$67,$68,$69,$70,$71,$72,$73,$74,$75,$76,$77,$78,$79,$80,$81,$82,$83)",0,0,0,0,0,0,12,534.119661,1.138598,278.79915700000004,44.50997175,76.45740797836467,12412,2416,24,0,0,0,0,0,0,0,0,480.291036,0,0,0,0,0,0,0,0,0,0,0,0,0,0,0,0,0,0,2026-06-19 17:10:05.039933+00,2026-06-19 17:10:05.039933+00
10,16384,t,2372077153720478712,"MOVE -1742 IN ""query-cursor_183""",0,0,0,0,0,0,1,0.266975,0.266975,0.266975,0.266975,0,0,0,0,0,0,0,0,0,0,0,0,0,0,0,0,0,0,0,0,0,0,0,0,0,0,0,0,0,0,0,2026-06-19 16:46:27.855246+00,2026-06-19 16:46:27.855246+00
16410,16412,t,8894192622490228590,"CREATE TABLE RES_FEAT_STAT (LIB_FEAT_ID BIGINT NOT NULL, NUM_RES_ENT INT NOT NULL, NUM_RES_ENT_OOM INT NOT NULL, FTYPE_ID SMALLINT, CANDIDATE_CAP_REACHED CHAR(1) DEFAULT 'N' NOT NULL, SCORING_CAP_REACHED CHAR(1) DEFAULT 'N' NOT NULL, PRIMARY KEY(LIB_FEAT_ID))",0,0,0,0,0,0,1,2.895066,2.895066,2.895066,2.895066,0,0,321,0,0,4,0,0,0,0,0,0,0,0.009742,0,0,0,0,0,0,0,0,0,0,0,0,0,0,0,0,0,2026-06-19 12:52:04.168157+00,2026-06-19 12:52:04.168157+00
10,16384,t,-7233062012449396736,select pg_current_xact_id() as xid_generation_rate,0,0,0,0,0,0,255,51.353732000000015,0.00333,48.368079,0.20138718431372554,3.022258340983566,255,0,0,0,0,0,0,0,0,0,0,0,0,0,0,0,0,0,0,0,0,0,0,0,0,0,0,0,0,0,2026-06-19 12:49:27.231852+00,2026-06-19 12:49:27.231852+00
10,16384,t,-7844948622299513833,"MOVE ALL IN ""query-cursor_46""",0,0,0,0,0,0,1,0.843909,0.843909,0.843909,0.843909,0,0,0,0,0,0,0,0,0,0,0,0,0,0,0,0,0,0,0,0,0,0,0,0,0,0,0,0,0,0,0,2026-06-19 13:34:27.666843+00,2026-06-19 13:34:27.666843+00
10,16384,t,5581820924128711248,"MOVE ALL IN ""query-cursor_206""",0,0,0,0,0,0,1,8.95868,8.95868,8.95868,8.95868,0,0,0,0,0,0,0,0,0,0,0,0,0,0,0,0,0,0,0,0,0,0,0,0,0,0,0,0,0,0,0,2026-06-19 17:32:27.754309+00,2026-06-19 17:32:27.754309+00
16410,16412,t,8090965357660247760,"SELECT RES_ENT_ID FROM RES_ENT WHERE RES_ENT_ID IN ($1,$2,$3,$4,$5,$6,$7,$8)",0,0,0,0,0,0,83976,11786.979715999947,0.020781,118.665359,0.14036129032104347,1.5001058200921527,4570,1382153,0,0,0,0,0,0,0,0,0,0,0,0,0,0,0,0,0,0,0,0,0,0,0,0,0,0,0,0,2026-06-19 15:17:32.089618+00,2026-06-19 15:17:32.089618+00
16410,16412,t,7569516770439383501,"SELECT RES_ENT_ID,LIB_FEAT_ID,FTYPE_ID,UTYPE_CODE,SUPPRESSED,OBS_ENT_CNT FROM RES_FEAT_EKEY WHERE RES_ENT_ID IN ($1,$2,$3,$4) AND FTYPE_ID IN ($5,$6,$7,$8,$9,$10,$11)",0,0,0,0,0,0,934,2298.4799910000006,0.050205,206.809144,2.4608993479657393,14.475120305287506,32438,17301,101,0,0,0,0,0,0,0,0,1873.0823140000002,0,0,0,0,0,0,0,0,0,0,0,0,0,0,0,0,0,0,2026-06-19 14:53:23.070086+00,2026-06-19 14:53:23.070086+00
16410,16412,t,-4996190704934010847,"UPDATE RES_RELATE AS T SET IS_DISCLOSED=C.IS_DISCLOSED,IS_AMBIGUOUS=C.IS_AMBIGUOUS,LAST_ERRULE_ID=C.LAST_ERRULE_ID,MATCH_KEY=C.MATCH_KEY,MATCH_KEY_DETAILS=C.MATCH_KEY_DETAILS,MATCH_LEVELS=C.MATCH_LEVELS FROM (VALUES (CAST ($1 AS BIGINT),CAST ($2 AS BIGINT),CAST ($3 AS BIGINT),CAST ($4 AS BIGINT),$5,$6,$7),(CAST ($8 AS BIGINT),CAST ($9 AS BIGINT),CAST ($10 AS BIGINT),CAST ($11 AS BIGINT),$12,$13,$14),(CAST ($15 AS BIGINT),CAST ($16 AS BIGINT),CAST ($17 AS BIGINT),CAST ($18 AS BIGINT),$19,$20,$21),(CAST ($22 AS BIGINT),CAST ($23 AS BIGINT),CAST ($24 AS BIGINT),CAST ($25 AS BIGINT),$26,$27,$28),(CAST ($29 AS BIGINT),CAST ($30 AS BIGINT),CAST ($31 AS BIGINT),CAST ($32 AS BIGINT),$33,$34,$35),(CAST ($36 AS BIGINT),CAST ($37 AS BIGINT),CAST ($38 AS BIGINT),CAST ($39 AS BIGINT),$40,$41,$42)) AS C(RES_REL_ID,IS_DISCLOSED,IS_AMBIGUOUS,LAST_ERRULE_ID,MATCH_KEY,MATCH_KEY_DETAILS,MATCH_LEVELS) WHERE C.RES_REL_ID=T.RES_REL_ID",0,0,0,0,0,0,28317,151843.14063199912,0.057629,549.590551,5.362260855034047,22.816078733307357,169871,1629032,5304,0,3691,0,0,0,0,0,0,52582.78969200007,223.538991,0,0,0,0,0,0,0,0,0,0,0,0,0,0,0,0,0,2026-06-19 14:54:24.108787+00,2026-06-19 14:54:24.108787+00
10,16384,t,5105389876518784929,"FETCH 31 IN ""query-cursor_10""",0,0,0,0,0,0,1,0.002679,0.002679,0.002679,0.002679,0,31,0,0,0,0,0,0,0,0,0,0,0,0,0,0,0,0,0,0,0,0,0,0,0,0,0,0,0,0,0,2026-06-19 12:58:27.664561+00,2026-06-19 12:58:27.664561+00
10,16384,t,-614991006262165748,"FETCH 0 IN ""query-cursor_52""",0,0,0,0,0,0,1,0.004133,0.004133,0.004133,0.004133,0,0,0,0,0,0,0,0,0,0,0,0,0,0,0,0,0,0,0,0,0,0,0,0,0,0,0,0,0,0,0,2026-06-19 13:40:27.666441+00,2026-06-19 13:40:27.666441+00
10,16384,t,3096992638480473784,"MOVE -230 IN ""query-cursor_18""",0,0,0,0,0,0,1,0.007363,0.007363,0.007363,0.007363,0,0,0,0,0,0,0,0,0,0,0,0,0,0,0,0,0,0,0,0,0,0,0,0,0,0,0,0,0,0,0,2026-06-19 13:06:27.664614+00,2026-06-19 13:06:27.664614+00
10,16384,t,-1865305802792693234,"SELECT name, setting FROM pg_settings WHERE name in ($1,$2,$3,$4,$5,$6,$7,$8,$9,$10,$11)",0,0,0,0,0,0,5,8.244336,1.248691,2.410778,1.6488672000000002,0.4683159282716744,50,0,0,0,0,0,0,0,0,0,0,0,0,0,0,0,0,0,0,0,0,0,0,0,0,0,0,0,0,0,2026-06-19 12:48:54.672541+00,2026-06-19 12:48:54.672541+00
16410,16412,t,-1893089200047388656,"SELECT RES_ENT_ID,LIB_FEAT_ID,FTYPE_ID,UTYPE_CODE,SUPPRESSED,OBS_ENT_CNT FROM RES_FEAT_EKEY WHERE RES_ENT_ID IN ($1) AND FTYPE_ID IN ($2,$3,$4,$5,$6,$7,$8,$9,$10,$11,$12,$13,$14,$15,$16,$17,$18,$19,$20,$21)",0,0,0,0,0,0,186212,79085.79039399988,0.015245,363.11702299999996,0.4247083452946098,5.103463736533962,4558386,983897,2493,0,0,0,0,0,0,0,0,50650.99098900003,0,0,0,0,0,0,0,0,0,0,0,0,0,0,0,0,0,0,2026-06-19 14:52:40.043999+00,2026-06-19 14:52:40.043999+00
10,16384,t,5710808941202523497,"FETCH 0 IN ""query-cursor_72""",0,0,0,0,0,0,1,0.004173,0.004173,0.004173,0.004173,0,0,0,0,0,0,0,0,0,0,0,0,0,0,0,0,0,0,0,0,0,0,0,0,0,0,0,0,0,0,0,2026-06-19 14:00:27.667879+00,2026-06-19 14:00:27.667879+00
16410,16412,t,-6728845278679177467,"SELECT RES_ENT_ID,OBS_ENT_ID,ERRULE_ID FROM RES_ENT_OKEY WHERE OBS_ENT_ID IN ($1)",0,0,0,0,0,0,31346591,1439614.7313010434,0.002902,601.410973,0.04592571904552694,0.8503159132170015,6345678,108692473,4053,0,0,0,0,0,0,0,0,75855.48045000015,0,0,0,0,0,0,0,0,0,0,0,0,0,0,0,0,0,0,2026-06-19 14:52:39.531323+00,2026-06-19 14:52:39.531323+00
10,16384,t,44221038605335510,"FETCH 0 IN ""query-cursor_31""",0,0,0,0,0,0,1,0.003889,0.003889,0.003889,0.003889,0,0,0,0,0,0,0,0,0,0,0,0,0,0,0,0,0,0,0,0,0,0,0,0,0,0,0,0,0,0,0,2026-06-19 13:19:27.664974+00,2026-06-19 13:19:27.664974+00
10,16384,t,1146933820088494078,"FETCH 47 IN ""query-cursor_6""",0,0,0,0,0,0,1,0.003763,0.003763,0.003763,0.003763,0,47,0,0,0,0,0,0,0,0,0,0,0,0,0,0,0,0,0,0,0,0,0,0,0,0,0,0,0,0,0,2026-06-19 12:54:27.664141+00,2026-06-19 12:54:27.664141+00
10,16384,t,6318324320221578445,"DECLARE ""query-cursor_143"" SCROLL CURSOR FOR select queryid, left(query, $1), calls, (total_plan_time + total_exec_time) as total_time from aurora_stat_statements($2) order by calls desc limit $3 FOR READ ONLY",0,0,0,0,0,0,1,0.084146,0.084146,0.084146,0.084146,0,0,0,0,0,0,0,0,0,0,0,0,0,0,0,0,0,0,0,0,0,0,0,0,0,0,0,0,0,0,0,2026-06-19 15:22:27.882894+00,2026-06-19 15:22:27.882894+00
10,16384,t,2598160947181064491,"FETCH 0 IN ""query-cursor_102""",0,0,0,0,0,0,1,0.00381,0.00381,0.00381,0.00381,0,0,0,0,0,0,0,0,0,0,0,0,0,0,0,0,0,0,0,0,0,0,0,0,0,0,0,0,0,0,0,2026-06-19 14:30:27.670042+00,2026-06-19 14:30:27.670042+00
10,16384,t,929361167229164170,"FETCH 50 IN ""query-cursor_212""",0,0,0,0,0,0,38,0.6240020000000001,0.008385,0.035372,0.016421105263157897,0.005993512627875128,1900,0,0,0,0,0,0,0,0,0,0,0,0,0,0,0,0,0,0,0,0,0,0,0,0,0,0,0,0,0,2026-06-19 17:44:28.10466+00,2026-06-19 17:44:28.10466+00
10,16384,t,-807440472102645581,"DECLARE ""query-cursor_156"" SCROLL CURSOR FOR select queryid, left(query, $1), calls, (total_plan_time + total_exec_time) as total_time from aurora_stat_statements($2) order by calls desc limit $3 FOR READ ONLY",0,0,0,0,0,0,1,0.071916,0.071916,0.071916,0.071916,0,0,0,0,0,0,0,0,0,0,0,0,0,0,0,0,0,0,0,0,0,0,0,0,0,0,0,0,0,0,0,2026-06-19 15:48:27.771934+00,2026-06-19 15:48:27.771934+00
10,16384,t,-2060377451644550000,"DECLARE ""query-cursor_131"" SCROLL CURSOR FOR select queryid, left(query, $1), calls, (total_plan_time + total_exec_time) as total_time from aurora_stat_statements($2) order by calls desc limit $3 FOR READ ONLY",0,0,0,0,0,0,1,0.087834,0.087834,0.087834,0.087834,0,0,0,0,0,0,0,0,0,0,0,0,0,0,0,0,0,0,0,0,0,0,0,0,0,0,0,0,0,0,0,2026-06-19 14:59:27.678115+00,2026-06-19 14:59:27.678115+00
10,16384,t,-101621870294244743,"MOVE ALL IN ""query-cursor_249""",0,0,0,0,0,0,1,10.986441,10.986441,10.986441,10.986441,0,0,0,0,0,0,0,0,0,0,0,0,0,0,0,0,0,0,0,0,0,0,0,0,0,0,0,0,0,0,0,2026-06-19 18:57:27.747553+00,2026-06-19 18:57:27.747553+00
10,16384,t,2147709073968660679,"DECLARE ""query-cursor_193"" SCROLL CURSOR FOR select queryid, left(query, $1), calls, (total_plan_time + total_exec_time) as total_time from aurora_stat_statements($2) order by calls desc limit $3 FOR READ ONLY",0,0,0,0,0,0,1,0.075578,0.075578,0.075578,0.075578,0,0,0,0,0,0,0,0,0,0,0,0,0,0,0,0,0,0,0,0,0,0,0,0,0,0,0,0,0,0,0,2026-06-19 17:06:27.872801+00,2026-06-19 17:06:27.872801+00
10,16384,t,-6186880578410660922,"FETCH 0 IN ""query-cursor_106""",0,0,0,0,0,0,1,0.0044,0.0044,0.0044,0.0044,0,0,0,0,0,0,0,0,0,0,0,0,0,0,0,0,0,0,0,0,0,0,0,0,0,0,0,0,0,0,0,2026-06-19 14:34:27.670318+00,2026-06-19 14:34:27.670318+00
10,16384,t,-1125058877033521186,"FETCH 50 IN ""query-cursor_182""",0,0,0,0,0,0,34,0.5346410000000001,0.009711,0.0285,0.01572473529411765,0.005100391970570518,1700,0,0,0,0,0,0,0,0,0,0,0,0,0,0,0,0,0,0,0,0,0,0,0,0,0,0,0,0,0,2026-06-19 16:44:27.776216+00,2026-06-19 16:44:27.776216+00
10,16384,t,-7552081561708447878,"FETCH 26 IN ""query-cursor_181""",0,0,0,0,0,0,1,0.010093,0.010093,0.010093,0.010093,0,26,0,0,0,0,0,0,0,0,0,0,0,0,0,0,0,0,0,0,0,0,0,0,0,0,0,0,0,0,0,2026-06-19 16:42:28.233784+00,2026-06-19 16:42:28.233784+00
16410,16412,t,-8587095126081039630,"UPDATE RES_FEAT_STAT AS T SET FTYPE_ID=C.FTYPE_ID,NUM_RES_ENT=C.NUM_RES_ENT_NEW,NUM_RES_ENT_OOM=C.NUM_RES_ENT_OOM_NEW FROM (VALUES (CAST ($1 AS BIGINT),CAST ($2 AS INT),CAST ($3 AS BIGINT),CAST ($4 AS BIGINT),CAST ($5 AS BIGINT),CAST ($6 AS BIGINT)),(CAST ($7 AS BIGINT),CAST ($8 AS INT),CAST ($9 AS BIGINT),CAST ($10 AS BIGINT),CAST ($11 AS BIGINT),CAST ($12 AS BIGINT)),(CAST ($13 AS BIGINT),CAST ($14 AS INT),CAST ($15 AS BIGINT),CAST ($16 AS BIGINT),CAST ($17 AS BIGINT),CAST ($18 AS BIGINT)),(CAST ($19 AS BIGINT),CAST ($20 AS INT),CAST ($21 AS BIGINT),CAST ($22 AS BIGINT),CAST ($23 AS BIGINT),CAST ($24 AS BIGINT)),(CAST ($25 AS BIGINT),CAST ($26 AS INT),CAST ($27 AS BIGINT),CAST ($28 AS BIGINT),CAST ($29 AS BIGINT),CAST ($30 AS BIGINT)),(CAST ($31 AS BIGINT),CAST ($32 AS INT),CAST ($33 AS BIGINT),CAST ($34 AS BIGINT),CAST ($35 AS BIGINT),CAST ($36 AS BIGINT)),(CAST ($37 AS BIGINT),CAST ($38 AS INT),CAST ($39 AS BIGINT),CAST ($40 AS BIGINT),CAST ($41 AS BIGINT),CAST ($42 AS BIGINT)),(CAST ($43 AS BIGINT),CAST ($44 AS INT),CAST ($45 AS BIGINT),CAST ($46 AS BIGINT),CAST ($47 AS BIGINT),CAST ($48 AS BIGINT)),(CAST ($49 AS BIGINT),CAST ($50 AS INT),CAST ($51 AS BIGINT),CAST ($52 AS BIGINT),CAST ($53 AS BIGINT),CAST ($54 AS BIGINT)),(CAST ($55 AS BIGINT),CAST ($56 AS INT),CAST ($57 AS BIGINT),CAST ($58 AS BIGINT),CAST ($59 AS BIGINT),CAST ($60 AS BIGINT)),(CAST ($61 AS BIGINT),CAST ($62 AS INT),CAST ($63 AS BIGINT),CAST ($64 AS BIGINT),CAST ($65 AS BIGINT),CAST ($66 AS BIGINT)),(CAST ($67 AS BIGINT),CAST ($68 AS INT),CAST ($69 AS BIGINT),CAST ($70 AS BIGINT),CAST ($71 AS BIGINT),CAST ($72 AS BIGINT)),(CAST ($73 AS BIGINT),CAST ($74 AS INT),CAST ($75 AS BIGINT),CAST ($76 AS BIGINT),CAST ($77 AS BIGINT),CAST ($78 AS BIGINT)),(CAST ($79 AS BIGINT),CAST ($80 AS INT),CAST ($81 AS BIGINT),CAST ($82 AS BIGINT),CAST ($83 AS BIGINT),CAST ($84 AS BIGINT)),(CAST ($85 AS BIGINT),CAST ($86 AS INT),CAST ($87 AS BIGINT),CAST ($88 AS BIGINT),CAST ($89 AS BIGINT),CAST ($90 AS BIGINT)),(CAST ($91 AS BIGINT),CAST ($92 AS INT),CAST ($93 AS BIGINT),CAST ($94 AS BIGINT),CAST ($95 AS BIGINT),CAST ($96 AS BIGINT))) AS C(LIB_FEAT_ID,FTYPE_ID,NUM_RES_ENT_OLD,NUM_RES_ENT_OOM_OLD,NUM_RES_ENT_NEW,NUM_RES_ENT_OOM_NEW) WHERE C.LIB_FEAT_ID=T.LIB_FEAT_ID AND C.NUM_RES_ENT_OLD=T.NUM_RES_ENT AND C.NUM_RES_ENT_OOM_OLD=T.NUM_RES_ENT_OOM",0,0,0,0,0,0,4186,55290.36585799972,0.181165,1194.3341380000002,13.20840082608689,60.938563086948,66952,736222,70,0,773,0,0,0,0,0,0,371.630224,1.461302,0,0,0,0,0,0,0,0,0,0,0,0,0,0,0,0,0,2026-06-19 14:56:26.383848+00,2026-06-19 14:56:26.383848+00
16410,16412,t,-1012050311857198210,"SELECT LIB_FEAT_ID,FEAT_DESC,FTYPE_ID,ANONYMIZED,FEAT_HASH,VERSION,FELEM_VALUES FROM LIB_FEAT WHERE (FEAT_HASH=$1 AND FTYPE_ID=$2) UNION ALL SELECT LIB_FEAT_ID,FEAT_DESC,FTYPE_ID,ANONYMIZED,FEAT_HASH,VERSION,FELEM_VALUES FROM LIB_FEAT WHERE (FEAT_HASH=$3 AND FTYPE_ID=$4) UNION ALL SELECT LIB_FEAT_ID,FEAT_DESC,FTYPE_ID,ANONYMIZED,FEAT_HASH,VERSION,FELEM_VALUES FROM LIB_FEAT WHERE (FEAT_HASH=$5 AND FTYPE_ID=$6) UNION ALL SELECT LIB_FEAT_ID,FEAT_DESC,FTYPE_ID,ANONYMIZED,FEAT_HASH,VERSION,FELEM_VALUES FROM LIB_FEAT WHERE (FEAT_HASH=$7 AND FTYPE_ID=$8) UNION ALL SELECT LIB_FEAT_ID,FEAT_DESC,FTYPE_ID,ANONYMIZED,FEAT_HASH,VERSION,FELEM_VALUES FROM LIB_FEAT WHERE (FEAT_HASH=$9 AND FTYPE_ID=$10) UNION ALL SELECT LIB_FEAT_ID,FEAT_DESC,FTYPE_ID,ANONYMIZED,FEAT_HASH,VERSION,FELEM_VALUES FROM LIB_FEAT WHERE (FEAT_HASH=$11 AND FTYPE_ID=$12) UNION ALL SELECT LIB_FEAT_ID,FEAT_DESC,FTYPE_ID,ANONYMIZED,FEAT_HASH,VERSION,FELEM_VALUES FROM LIB_FEAT WHERE (FEAT_HASH=$13 AND FTYPE_ID=$14) UNION ALL SELECT LIB_FEAT_ID,FEAT_DESC,FTYPE_ID,ANONYMIZED,FEAT_HASH,VERSION,FELEM_VALUES FROM LIB_FEAT WHERE (FEAT_HASH=$15 AND FTYPE_ID=$16)",0,0,0,0,0,0,49133,152950.9401439996,0.045975,448.00898099999995,3.112998191520966,16.08096178716586,115156,1984504,4222,0,0,0,0,0,0,0,0,121894.46255599995,0,0,0,0,0,0,0,0,0,0,0,0,0,0,0,0,0,0,2026-06-19 14:52:40.124314+00,2026-06-19 14:52:40.124314+00
10,16384,t,1422233039317972702,"FETCH 46 IN ""query-cursor_136""",0,0,0,0,0,0,1,0.013483,0.013483,0.013483,0.013483,0,46,0,0,0,0,0,0,0,0,0,0,0,0,0,0,0,0,0,0,0,0,0,0,0,0,0,0,0,0,0,2026-06-19 15:08:27.797035+00,2026-06-19 15:08:27.797035+00
10,16384,t,3091773651056805693,"FETCH 50 IN ""query-cursor_150""",0,0,0,0,0,0,30,0.5320490000000002,0.007749,0.033141,0.017734966666666675,0.006214389374579687,1500,0,0,0,0,0,0,0,0,0,0,0,0,0,0,0,0,0,0,0,0,0,0,0,0,0,0,0,0,0,2026-06-19 15:36:27.867815+00,2026-06-19 15:36:27.867815+00
16410,16412,t,3669007116668307495,"UPDATE RES_RELATE AS T SET IS_DISCLOSED=C.IS_DISCLOSED,IS_AMBIGUOUS=C.IS_AMBIGUOUS,LAST_ERRULE_ID=C.LAST_ERRULE_ID,MATCH_KEY=C.MATCH_KEY,MATCH_KEY_DETAILS=C.MATCH_KEY_DETAILS,MATCH_LEVELS=C.MATCH_LEVELS FROM (VALUES (CAST ($1 AS BIGINT),CAST ($2 AS BIGINT),CAST ($3 AS BIGINT),CAST ($4 AS BIGINT),$5,$6,$7),(CAST ($8 AS BIGINT),CAST ($9 AS BIGINT),CAST ($10 AS BIGINT),CAST ($11 AS BIGINT),$12,$13,$14),(CAST ($15 AS BIGINT),CAST ($16 AS BIGINT),CAST ($17 AS BIGINT),CAST ($18 AS BIGINT),$19,$20,$21)) AS C(RES_REL_ID,IS_DISCLOSED,IS_AMBIGUOUS,LAST_ERRULE_ID,MATCH_KEY,MATCH_KEY_DETAILS,MATCH_LEVELS) WHERE C.RES_REL_ID=T.RES_REL_ID",0,0,0,0,0,0,747056,3214487.082252996,0.032748,736.6969829999999,4.302872987102702,18.99985291123143,2240978,22127806,70424,0,83069,0,0,0,0,0,0,1011042.5689990016,2910.9010289999974,0,0,0,0,0,0,0,0,0,0,0,0,0,0,0,0,0,2026-06-19 14:52:52.292352+00,2026-06-19 14:52:52.292352+00
10,16384,t,-4272071447348925157,"MOVE -748 IN ""query-cursor_101""",0,0,0,0,0,0,1,0.015274,0.015274,0.015274,0.015274,0,0,0,0,0,0,0,0,0,0,0,0,0,0,0,0,0,0,0,0,0,0,0,0,0,0,0,0,0,0,0,2026-06-19 14:29:27.671727+00,2026-06-19 14:29:27.671727+00
10,16384,t,5557962527816982939,"FETCH 25 IN ""query-cursor_89""",0,0,0,0,0,0,1,0.002283,0.002283,0.002283,0.002283,0,25,0,0,0,0,0,0,0,0,0,0,0,0,0,0,0,0,0,0,0,0,0,0,0,0,0,0,0,0,0,2026-06-19 14:17:27.672929+00,2026-06-19 14:17:27.672929+00
10,16384,t,-4207338791945810919,"DECLARE ""query-cursor_48"" SCROLL CURSOR FOR select queryid, left(query, $1), calls, (total_plan_time + total_exec_time) as total_time from aurora_stat_statements($2) order by calls desc limit $3 FOR READ ONLY",0,0,0,0,0,0,1,0.061897,0.061897,0.061897,0.061897,0,0,0,0,0,0,0,0,0,0,0,0,0,0,0,0,0,0,0,0,0,0,0,0,0,0,0,0,0,0,0,2026-06-19 13:36:27.666091+00,2026-06-19 13:36:27.666091+00
10,5,t,1623369012368112450,SET application_name = $1,0,0,0,0,0,0,3,0.033846,0.010724,0.011695,0.011282,0.0004094541081326053,0,0,0,0,0,0,0,0,0,0,0,0,0,0,0,0,0,0,0,0,0,0,0,0,0,0,0,0,0,0,2026-06-19 13:45:00.107408+00,2026-06-19 13:45:00.107408+00
10,16384,t,-1083745230945246552,"MOVE -592 IN ""query-cursor_75""",0,0,0,0,0,0,1,0.012881,0.012881,0.012881,0.012881,0,0,0,0,0,0,0,0,0,0,0,0,0,0,0,0,0,0,0,0,0,0,0,0,0,0,0,0,0,0,0,2026-06-19 14:03:27.669572+00,2026-06-19 14:03:27.669572+00
10,16384,t,-3751910791636930081,"MOVE ALL IN ""query-cursor_145""",0,0,0,0,0,0,1,74.157769,74.157769,74.157769,74.157769,0,0,0,0,0,0,0,0,0,0,0,0,0,0,0,0,0,0,0,0,0,0,0,0,0,0,0,0,0,0,0,2026-06-19 15:26:27.840657+00,2026-06-19 15:26:27.840657+00
10,16384,t,3045304824306625237,"FETCH 50 IN ""query-cursor_172""",0,0,0,0,0,0,33,0.6346669999999999,0.010949,0.042667,0.01923233333333333,0.007713934588022042,1650,0,0,0,0,0,0,0,0,0,0,0,0,0,0,0,0,0,0,0,0,0,0,0,0,0,0,0,0,0,2026-06-19 16:20:28.955104+00,2026-06-19 16:20:28.955104+00
10,16384,t,-8097390064448415730,"FETCH 41 IN ""query-cursor_75""",0,0,0,0,0,0,1,0.002932,0.002932,0.002932,0.002932,0,41,0,0,0,0,0,0,0,0,0,0,0,0,0,0,0,0,0,0,0,0,0,0,0,0,0,0,0,0,0,2026-06-19 14:03:27.671653+00,2026-06-19 14:03:27.671653+00
10,16384,t,3374080478668578402,"FETCH 0 IN ""query-cursor_229""",0,0,0,0,0,0,1,0.004138,0.004138,0.004138,0.004138,0,0,0,0,0,0,0,0,0,0,0,0,0,0,0,0,0,0,0,0,0,0,0,0,0,0,0,0,0,0,0,2026-06-19 18:18:27.680387+00,2026-06-19 18:18:27.680387+00
10,16384,t,2945163522937215369,"FETCH 0 IN ""query-cursor_186""",0,0,0,0,0,0,1,0.009402,0.009402,0.009402,0.009402,0,0,0,0,0,0,0,0,0,0,0,0,0,0,0,0,0,0,0,0,0,0,0,0,0,0,0,0,0,0,0,2026-06-19 16:52:27.684847+00,2026-06-19 16:52:27.684847+00
10,16384,t,-5869123670575690498,"FETCH 0 IN ""query-cursor_248""",0,0,0,0,0,0,1,0.005724,0.005724,0.005724,0.005724,0,0,0,0,0,0,0,0,0,0,0,0,0,0,0,0,0,0,0,0,0,0,0,0,0,0,0,0,0,0,0,2026-06-19 18:55:27.685627+00,2026-06-19 18:55:27.685627+00
10,16384,t,6958308882266732345,"FETCH 50 IN ""query-cursor_33""",0,0,0,0,0,0,6,0.022638,0.002888,0.005946,0.003773,0.0010329924168808468,300,0,0,0,0,0,0,0,0,0,0,0,0,0,0,0,0,0,0,0,0,0,0,0,0,0,0,0,0,0,2026-06-19 13:21:27.665951+00,2026-06-19 13:21:27.665951+00
10,16384,t,-5736088767010373090,"MOVE -273 IN ""query-cursor_25""",0,0,0,0,0,0,1,0.008636,0.008636,0.008636,0.008636,0,0,0,0,0,0,0,0,0,0,0,0,0,0,0,0,0,0,0,0,0,0,0,0,0,0,0,0,0,0,0,2026-06-19 13:13:27.665191+00,2026-06-19 13:13:27.665191+00
10,16384,t,8328790107965277994,"MOVE -508 IN ""query-cursor_61""",0,0,0,0,0,0,1,0.01233,0.01233,0.01233,0.01233,0,0,0,0,0,0,0,0,0,0,0,0,0,0,0,0,0,0,0,0,0,0,0,0,0,0,0,0,0,0,0,2026-06-19 13:49:27.668253+00,2026-06-19 13:49:27.668253+00
10,16384,t,-1182527631000836978,"FETCH 2 IN ""query-cursor_162""",0,0,0,0,0,0,1,0.005213,0.005213,0.005213,0.005213,0,2,0,0,0,0,0,0,0,0,0,0,0,0,0,0,0,0,0,0,0,0,0,0,0,0,0,0,0,0,0,2026-06-19 16:00:27.867228+00,2026-06-19 16:00:27.867228+00
16410,16412,t,-5775398827288335259,"SELECT LIB_FEAT_ID,FEAT_DESC,FTYPE_ID,ANONYMIZED,FEAT_HASH,VERSION,FELEM_VALUES FROM LIB_FEAT WHERE (FEAT_HASH=$1 AND FTYPE_ID=$2) UNION ALL SELECT LIB_FEAT_ID,FEAT_DESC,FTYPE_ID,ANONYMIZED,FEAT_HASH,VERSION,FELEM_VALUES FROM LIB_FEAT WHERE (FEAT_HASH=$3 AND FTYPE_ID=$4) UNION ALL SELECT LIB_FEAT_ID,FEAT_DESC,FTYPE_ID,ANONYMIZED,FEAT_HASH,VERSION,FELEM_VALUES FROM LIB_FEAT WHERE (FEAT_HASH=$5 AND FTYPE_ID=$6) UNION ALL SELECT LIB_FEAT_ID,FEAT_DESC,FTYPE_ID,ANONYMIZED,FEAT_HASH,VERSION,FELEM_VALUES FROM LIB_FEAT WHERE (FEAT_HASH=$7 AND FTYPE_ID=$8) UNION ALL SELECT LIB_FEAT_ID,FEAT_DESC,FTYPE_ID,ANONYMIZED,FEAT_HASH,VERSION,FELEM_VALUES FROM LIB_FEAT WHERE (FEAT_HASH=$9 AND FTYPE_ID=$10) UNION ALL SELECT LIB_FEAT_ID,FEAT_DESC,FTYPE_ID,ANONYMIZED,FEAT_HASH,VERSION,FELEM_VALUES FROM LIB_FEAT WHERE (FEAT_HASH=$11 AND FTYPE_ID=$12) UNION ALL SELECT LIB_FEAT_ID,FEAT_DESC,FTYPE_ID,ANONYMIZED,FEAT_HASH,VERSION,FELEM_VALUES FROM LIB_FEAT WHERE (FEAT_HASH=$13 AND FTYPE_ID=$14) UNION ALL SELECT LIB_FEAT_ID,FEAT_DESC,FTYPE_ID,ANONYMIZED,FEAT_HASH,VERSION,FELEM_VALUES FROM LIB_FEAT WHERE (FEAT_HASH=$15 AND FTYPE_ID=$16) UNION ALL SELECT LIB_FEAT_ID,FEAT_DESC,FTYPE_ID,ANONYMIZED,FEAT_HASH,VERSION,FELEM_VALUES FROM LIB_FEAT WHERE (FEAT_HASH=$17 AND FTYPE_ID=$18) UNION ALL SELECT LIB_FEAT_ID,FEAT_DESC,FTYPE_ID,ANONYMIZED,FEAT_HASH,VERSION,FELEM_VALUES FROM LIB_FEAT WHERE (FEAT_HASH=$19 AND FTYPE_ID=$20) UNION ALL SELECT LIB_FEAT_ID,FEAT_DESC,FTYPE_ID,ANONYMIZED,FEAT_HASH,VERSION,FELEM_VALUES FROM LIB_FEAT WHERE (FEAT_HASH=$21 AND FTYPE_ID=$22) UNION ALL SELECT LIB_FEAT_ID,FEAT_DESC,FTYPE_ID,ANONYMIZED,FEAT_HASH,VERSION,FELEM_VALUES FROM LIB_FEAT WHERE (FEAT_HASH=$23 AND FTYPE_ID=$24) UNION ALL SELECT LIB_FEAT_ID,FEAT_DESC,FTYPE_ID,ANONYMIZED,FEAT_HASH,VERSION,FELEM_VALUES FROM LIB_FEAT WHERE (FEAT_HASH=$25 AND FTYPE_ID=$26) UNION ALL SELECT LIB_FEAT_ID,FEAT_DESC,FTYPE_ID,ANONYMIZED,FEAT_HASH,VERSION,FELEM_VALUES FROM LIB_FEAT WHERE (FEAT_HASH=$27 AND FTYPE_ID=$28) UNION ALL SELECT LIB_FEAT_ID,FEAT_DESC,FTYPE_ID,ANONYMIZED,FEAT_HASH,VERSION,FELEM_VALUES FROM LIB_FEAT WHERE (FEAT_HASH=$29 AND FTYPE_ID=$30) UNION ALL SELECT LIB_FEAT_ID,FEAT_DESC,FTYPE_ID,ANONYMIZED,FEAT_HASH,VERSION,FELEM_VALUES FROM LIB_FEAT WHERE (FEAT_HASH=$31 AND FTYPE_ID=$32)",0,0,0,0,0,0,3649307,35292876.35502982,0.079581,904.428679,9.671117380650578,31.301212080830307,15549991,292793894,896877,0,0,0,0,0,0,0,0,29788004.870387815,0,0,0,0,0,0,0,0,0,0,0,0,0,0,0,0,0,0,2026-06-19 14:52:39.526162+00,2026-06-19 14:52:39.526162+00
10,16384,t,1355268209314791544,"MOVE -682 IN ""query-cursor_90""",0,0,0,0,0,0,1,0.015455,0.015455,0.015455,0.015455,0,0,0,0,0,0,0,0,0,0,0,0,0,0,0,0,0,0,0,0,0,0,0,0,0,0,0,0,0,0,0,2026-06-19 14:18:27.670525+00,2026-06-19 14:18:27.670525+00
10,16384,t,-5841283477077281765,"FETCH 41 IN ""query-cursor_183""",0,0,0,0,0,0,1,0.011806,0.011806,0.011806,0.011806,0,41,0,0,0,0,0,0,0,0,0,0,0,0,0,0,0,0,0,0,0,0,0,0,0,0,0,0,0,0,0,2026-06-19 16:46:27.898578+00,2026-06-19 16:46:27.898578+00
10,16384,t,-2074524276397679813,"MOVE ALL IN ""query-cursor_67""",0,0,0,0,0,0,1,1.17032,1.17032,1.17032,1.17032,0,0,0,0,0,0,0,0,0,0,0,0,0,0,0,0,0,0,0,0,0,0,0,0,0,0,0,0,0,0,0,2026-06-19 13:55:27.668778+00,2026-06-19 13:55:27.668778+00
10,16384,t,1319907063743762170,"MOVE -1968 IN ""query-cursor_219""",0,0,0,0,0,0,1,0.169921,0.169921,0.169921,0.169921,0,0,0,0,0,0,0,0,0,0,0,0,0,0,0,0,0,0,0,0,0,0,0,0,0,0,0,0,0,0,0,2026-06-19 17:58:27.946017+00,2026-06-19 17:58:27.946017+00
10,16384,t,7348972131376695928,"DECLARE ""query-cursor_53"" SCROLL CURSOR FOR select queryid, left(query, $1), calls, (total_plan_time + total_exec_time) as total_time from aurora_stat_statements($2) order by calls desc limit $3 FOR READ ONLY",0,0,0,0,0,0,1,0.061985,0.061985,0.061985,0.061985,0,0,0,0,0,0,0,0,0,0,0,0,0,0,0,0,0,0,0,0,0,0,0,0,0,0,0,0,0,0,0,2026-06-19 13:41:27.666468+00,2026-06-19 13:41:27.666468+00
16410,16412,t,-6655075994656063015,"UPDATE RES_FEAT_EKEY AS T SET SUPPRESSED=C.SUPPRESSED,OBS_ENT_CNT=C.OBS_ENT_CNT FROM (VALUES (CAST ($1 AS BIGINT),CAST ($2 AS BIGINT),$3,$4,CAST ($5 AS BIGINT)),(CAST ($6 AS BIGINT),CAST ($7 AS BIGINT),$8,$9,CAST ($10 AS BIGINT)),(CAST ($11 AS BIGINT),CAST ($12 AS BIGINT),$13,$14,CAST ($15 AS BIGINT)),(CAST ($16 AS BIGINT),CAST ($17 AS BIGINT),$18,$19,CAST ($20 AS BIGINT)),(CAST ($21 AS BIGINT),CAST ($22 AS BIGINT),$23,$24,CAST ($25 AS BIGINT)),(CAST ($26 AS BIGINT),CAST ($27 AS BIGINT),$28,$29,CAST ($30 AS BIGINT))) AS C(RES_ENT_ID,LIB_FEAT_ID,UTYPE_CODE,SUPPRESSED,OBS_ENT_CNT) WHERE C.RES_ENT_ID=T.RES_ENT_ID AND C.LIB_FEAT_ID=T.LIB_FEAT_ID AND C.UTYPE_CODE=T.UTYPE_CODE",0,0,0,0,0,0,373479,3728790.2090360182,0.063196,1368.131443,9.983935399409386,26.103068083195875,2240870,31955585,59229,0,7742,0,0,0,0,0,0,1415398.8680979863,704.9111569999999,0,0,0,0,0,0,0,0,0,0,0,0,0,0,0,0,0,2026-06-19 14:52:44.917702+00,2026-06-19 14:52:44.917702+00
10,16384,t,-6938479678289950407,"DECLARE ""query-cursor_138"" SCROLL CURSOR FOR select queryid, left(query, $1), calls, (total_plan_time + total_exec_time) as total_time from aurora_stat_statements($2) order by calls desc limit $3 FOR READ ONLY",0,0,0,0,0,0,1,0.082977,0.082977,0.082977,0.082977,0,0,0,0,0,0,0,0,0,0,0,0,0,0,0,0,0,0,0,0,0,0,0,0,0,0,0,0,0,0,0,2026-06-19 15:12:27.745488+00,2026-06-19 15:12:27.745488+00
10,16384,t,1248727386581089813,"select queryid, calls, (total_plan_time + total_exec_time) as total_time, rows, shared_blks_hit, shared_blks_dirtied, shared_blks_read, shared_blks_written, local_blks_hit, local_blks_dirtied, local_blks_read, local_blks_written, temp_blks_read, temp_blks_written, storage_blks_read, orcache_blks_hit, shared_blk_read_time as blk_read_time, shared_blk_write_time as blk_write_time, storage_blk_read_time, local_blk_read_time, orcache_blk_read_time, total_plan_time, total_exec_time from aurora_stat_statements($1) where queryid in ($2, $3, $4, $5, $6, $7, $8, $9, $10, $11, $12, $13, $14, $15, $16, $17, $18, $19, $20, $21)",0,0,0,0,0,0,95,57.830212000000024,0.21932000000000001,1.132592,0.6087390736842108,0.21958981891667403,2157,0,0,0,0,0,0,0,0,0,0,0,0,0,0,0,0,0,0,0,0,0,0,0,0,0,0,0,0,0,2026-06-19 12:53:37.694225+00,2026-06-19 12:53:37.694225+00
16410,16412,t,2904533732093561663,"SELECT RES_ENT_ID,LIB_FEAT_ID,FTYPE_ID,UTYPE_CODE,SUPPRESSED,OBS_ENT_CNT FROM RES_FEAT_EKEY WHERE RES_ENT_ID IN ($1) AND FTYPE_ID IN ($2,$3,$4,$5,$6)",0,0,0,0,0,0,38,7.209156999999999,0.020261,5.63659,0.18971465789473682,0.8955866408497803,196,200,1,0,0,0,0,0,0,0,0,5.554549,0,0,0,0,0,0,0,0,0,0,0,0,0,0,0,0,0,0,2026-06-19 14:53:02.79928+00,2026-06-19 14:53:02.79928+00
10,16384,t,4319642935074527666,"DECLARE ""query-cursor_164"" SCROLL CURSOR FOR select queryid, left(query, $1), calls, (total_plan_time + total_exec_time) as total_time from aurora_stat_statements($2) order by calls desc limit $3 FOR READ ONLY",0,0,0,0,0,0,1,0.078638,0.078638,0.078638,0.078638,0,0,0,0,0,0,0,0,0,0,0,0,0,0,0,0,0,0,0,0,0,0,0,0,0,0,0,0,0,0,0,2026-06-19 16:04:27.727726+00,2026-06-19 16:04:27.727726+00
10,16384,t,-8217765012736422902,"FETCH 34 IN ""query-cursor_141""",0,0,0,0,0,0,1,0.010851,0.010851,0.010851,0.010851,0,34,0,0,0,0,0,0,0,0,0,0,0,0,0,0,0,0,0,0,0,0,0,0,0,0,0,0,0,0,0,2026-06-19 15:18:27.719476+00,2026-06-19 15:18:27.719476+00
10,16384,t,3630086929993753865,"MOVE -2141 IN ""query-cursor_247""",0,0,0,0,0,0,1,0.175973,0.175973,0.175973,0.175973,0,0,0,0,0,0,0,0,0,0,0,0,0,0,0,0,0,0,0,0,0,0,0,0,0,0,0,0,0,0,0,2026-06-19 18:53:27.785074+00,2026-06-19 18:53:27.785074+00
10,16384,t,2089084528300560011,"MOVE ALL IN ""query-cursor_83""",0,0,0,0,0,0,1,1.38229,1.38229,1.38229,1.38229,0,0,0,0,0,0,0,0,0,0,0,0,0,0,0,0,0,0,0,0,0,0,0,0,0,0,0,0,0,0,0,2026-06-19 14:11:27.670068+00,2026-06-19 14:11:27.670068+00
10,16384,t,-8207474089600983197,"MOVE -1642 IN ""query-cursor_168""",0,0,0,0,0,0,1,0.112345,0.112345,0.112345,0.112345,0,0,0,0,0,0,0,0,0,0,0,0,0,0,0,0,0,0,0,0,0,0,0,0,0,0,0,0,0,0,0,2026-06-19 16:12:27.772679+00,2026-06-19 16:12:27.772679+00
10,16384,t,-7689370446174092442,"MOVE ALL IN ""query-cursor_93""",0,0,0,0,0,0,1,1.467069,1.467069,1.467069,1.467069,0,0,0,0,0,0,0,0,0,0,0,0,0,0,0,0,0,0,0,0,0,0,0,0,0,0,0,0,0,0,0,2026-06-19 14:21:27.670871+00,2026-06-19 14:21:27.670871+00
10,16384,t,4609782284439836412,"FETCH 35 IN ""query-cursor_74""",0,0,0,0,0,0,1,0.003076,0.003076,0.003076,0.003076,0,35,0,0,0,0,0,0,0,0,0,0,0,0,0,0,0,0,0,0,0,0,0,0,0,0,0,0,0,0,0,2026-06-19 14:02:27.671327+00,2026-06-19 14:02:27.671327+00
10,16384,t,7668798278744187058,"DECLARE ""query-cursor_235"" SCROLL CURSOR FOR select queryid, left(query, $1), calls, (total_plan_time + total_exec_time) as total_time from aurora_stat_statements($2) order by calls desc limit $3 FOR READ ONLY",0,0,0,0,0,0,1,0.078602,0.078602,0.078602,0.078602,0,0,0,0,0,0,0,0,0,0,0,0,0,0,0,0,0,0,0,0,0,0,0,0,0,0,0,0,0,0,0,2026-06-19 18:28:27.681444+00,2026-06-19 18:28:27.681444+00
16410,16412,t,-6974979740237010680,"UPDATE RES_FEAT_EKEY AS T SET SUPPRESSED=C.SUPPRESSED,OBS_ENT_CNT=C.OBS_ENT_CNT FROM (VALUES (CAST ($1 AS BIGINT),CAST ($2 AS BIGINT),$3,$4,CAST ($5 AS BIGINT)),(CAST ($6 AS BIGINT),CAST ($7 AS BIGINT),$8,$9,CAST ($10 AS BIGINT)),(CAST ($11 AS BIGINT),CAST ($12 AS BIGINT),$13,$14,CAST ($15 AS BIGINT)),(CAST ($16 AS BIGINT),CAST ($17 AS BIGINT),$18,$19,CAST ($20 AS BIGINT)),(CAST ($21 AS BIGINT),CAST ($22 AS BIGINT),$23,$24,CAST ($25 AS BIGINT)),(CAST ($26 AS BIGINT),CAST ($27 AS BIGINT),$28,$29,CAST ($30 AS BIGINT)),(CAST ($31 AS BIGINT),CAST ($32 AS BIGINT),$33,$34,CAST ($35 AS BIGINT)),(CAST ($36 AS BIGINT),CAST ($37 AS BIGINT),$38,$39,CAST ($40 AS BIGINT)),(CAST ($41 AS BIGINT),CAST ($42 AS BIGINT),$43,$44,CAST ($45 AS BIGINT)),(CAST ($46 AS BIGINT),CAST ($47 AS BIGINT),$48,$49,CAST ($50 AS BIGINT)),(CAST ($51 AS BIGINT),CAST ($52 AS BIGINT),$53,$54,CAST ($55 AS BIGINT)),(CAST ($56 AS BIGINT),CAST ($57 AS BIGINT),$58,$59,CAST ($60 AS BIGINT)),(CAST ($61 AS BIGINT),CAST ($62 AS BIGINT),$63,$64,CAST ($65 AS BIGINT)),(CAST ($66 AS BIGINT),CAST ($67 AS BIGINT),$68,$69,CAST ($70 AS BIGINT))) AS C(RES_ENT_ID,LIB_FEAT_ID,UTYPE_CODE,SUPPRESSED,OBS_ENT_CNT) WHERE C.RES_ENT_ID=T.RES_ENT_ID AND C.LIB_FEAT_ID=T.LIB_FEAT_ID AND C.UTYPE_CODE=T.UTYPE_CODE",0,0,0,0,0,0,93406,1561749.8792099955,0.108323,1173.858626,16.720016692824824,37.00333263800532,1307684,19177201,23246,0,3532,0,0,0,0,0,0,544919.7659399982,322.74473699999953,0,0,0,0,0,0,0,0,0,0,0,0,0,0,0,0,0,2026-06-19 14:53:05.279048+00,2026-06-19 14:53:05.279048+00
10,16384,t,-5197930347180561262,"FETCH 10 IN ""query-cursor_156""",0,0,0,0,0,0,1,0.00616,0.00616,0.00616,0.00616,0,10,0,0,0,0,0,0,0,0,0,0,0,0,0,0,0,0,0,0,0,0,0,0,0,0,0,0,0,0,0,2026-06-19 15:48:27.79877+00,2026-06-19 15:48:27.79877+00
10,16384,t,-1127451941069226121,"FETCH 0 IN ""query-cursor_191""",0,0,0,0,0,0,1,0.006891,0.006891,0.006891,0.006891,0,0,0,0,0,0,0,0,0,0,0,0,0,0,0,0,0,0,0,0,0,0,0,0,0,0,0,0,0,0,0,2026-06-19 17:02:28.487033+00,2026-06-19 17:02:28.487033+00
10,16384,t,-4221145904532887447,"DECLARE ""query-cursor_134"" SCROLL CURSOR FOR select queryid, left(query, $1), calls, (total_plan_time + total_exec_time) as total_time from aurora_stat_statements($2) order by calls desc limit $3 FOR READ ONLY",0,0,0,0,0,0,1,0.080571,0.080571,0.080571,0.080571,0,0,0,0,0,0,0,0,0,0,0,0,0,0,0,0,0,0,0,0,0,0,0,0,0,0,0,0,0,0,0,2026-06-19 15:04:27.880128+00,2026-06-19 15:04:27.880128+00
10,16384,t,-6332852594660692777,"FETCH 50 IN ""query-cursor_91""",0,0,0,0,0,0,13,0.041081999999999994,0.002757,0.005494,0.0031601538461538455,0.0006977083197212744,650,0,0,0,0,0,0,0,0,0,0,0,0,0,0,0,0,0,0,0,0,0,0,0,0,0,0,0,0,0,2026-06-19 14:19:27.670802+00,2026-06-19 14:19:27.670802+00
16410,16412,t,2831336429763433927,"SELECT RES_ENT_ID,LIB_FEAT_ID,FTYPE_ID,UTYPE_CODE,SUPPRESSED,OBS_ENT_CNT FROM RES_FEAT_EKEY WHERE RES_ENT_ID IN ($1,$2) AND FTYPE_ID IN ($3,$4,$5,$6,$7,$8,$9,$10,$11,$12,$13,$14,$15,$16,$17,$18,$19,$20)",0,0,0,0,0,0,475176,589948.8044949933,0.027041000000000003,528.634736,1.2415374608460723,9.35504251822418,22007810,5131366,22745,0,0,0,0,0,0,0,0,447934.9042809995,0,0,0,0,0,0,0,0,0,0,0,0,0,0,0,0,0,0,2026-06-19 14:52:41.260387+00,2026-06-19 14:52:41.260387+00
10,16384,t,5572223966095120996,"MOVE ALL IN ""query-cursor_114""",0,0,0,0,0,0,1,1.728582,1.728582,1.728582,1.728582,0,0,0,0,0,0,0,0,0,0,0,0,0,0,0,0,0,0,0,0,0,0,0,0,0,0,0,0,0,0,0,2026-06-19 14:42:27.672558+00,2026-06-19 14:42:27.672558+00
16410,16412,t,7512553123526369955,"INSERT INTO LIB_FEAT(LIB_FEAT_ID,FTYPE_ID,FEAT_HASH,FEAT_DESC,FELEM_VALUES,ANONYMIZED,VERSION) VALUES ($1,$2,$3,$4,$5,$6,$7),($8,$9,$10,$11,$12,$13,$14),($15,$16,$17,$18,$19,$20,$21),($22,$23,$24,$25,$26,$27,$28),($29,$30,$31,$32,$33,$34,$35),($36,$37,$38,$39,$40,$41,$42),($43,$44,$45,$46,$47,$48,$49),($50,$51,$52,$53,$54,$55,$56),($57,$58,$59,$60,$61,$62,$63),($64,$65,$66,$67,$68,$69,$70),($71,$72,$73,$74,$75,$76,$77),($78,$79,$80,$81,$82,$83,$84),($85,$86,$87,$88,$89,$90,$91),($92,$93,$94,$95,$96,$97,$98) ON CONFLICT(FTYPE_ID,FEAT_HASH,ANONYMIZED) DO UPDATE SET FTYPE_ID=LIB_FEAT.FTYPE_ID,FEAT_HASH=LIB_FEAT.FEAT_HASH,ANONYMIZED=LIB_FEAT.ANONYMIZED RETURNING LIB_FEAT_ID,FTYPE_ID,FEAT_HASH,ANONYMIZED,FEAT_DESC",0,0,0,0,0,0,18836115,447630637.16506785,0.206934,2462.66571,23.764488439631414,58.12581977354778,263705610,4084504636,9966,0,9857588,0,0,0,0,0,0,188727.69449299973,987198.0949300682,0,0,0,0,0,0,0,0,0,0,0,0,0,0,0,0,0,2026-06-19 14:52:39.522838+00,2026-06-19 14:52:39.522838+00
16410,16412,t,2103733769408878190,select $1,0,0,0,0,0,0,2583,6.736880999999994,0.0006799999999999999,0.038559,0.0026081614401858282,0.0020569531092286507,2583,0,0,0,0,0,0,0,0,0,0,0,0,0,0,0,0,0,0,0,0,0,0,0,0,0,0,0,0,0,2026-06-19 12:53:30.848012+00,2026-06-19 12:53:30.848012+00
16410,16412,t,4243341905726445606,"SELECT RES_ENT_ID,LIB_FEAT_ID,FTYPE_ID,UTYPE_CODE,SUPPRESSED,OBS_ENT_CNT FROM RES_FEAT_EKEY WHERE RES_ENT_ID IN ($1) AND FTYPE_ID IN ($2,$3,$4,$5,$6,$7,$8,$9,$10,$11,$12,$13,$14,$15,$16,$17,$18,$19,$20,$21,$22,$23,$24,$25,$26,$27,$28,$29,$30,$31,$32,$33,$34,$35,$36,$37,$38,$39,$40,$41,$42,$43,$44,$45,$46,$47,$48,$49,$50,$51,$52,$53,$54,$55,$56,$57,$58,$59,$60,$61)",0,0,0,0,0,0,193171,25249.575426999625,0.005394,91.944885,0.13071100437953742,1.5528860656480168,1368505,1043295,0,0,0,0,0,0,0,0,0,0,0,0,0,0,0,0,0,0,0,0,0,0,0,0,0,0,0,0,2026-06-19 14:53:16.282473+00,2026-06-19 14:53:16.282473+00
10,16384,t,-2504756327964368697,"FETCH 0 IN ""query-cursor_70""",0,0,0,0,0,0,1,0.003812,0.003812,0.003812,0.003812,0,0,0,0,0,0,0,0,0,0,0,0,0,0,0,0,0,0,0,0,0,0,0,0,0,0,0,0,0,0,0,2026-06-19 13:58:27.667776+00,2026-06-19 13:58:27.667776+00
16410,16412,t,-7101873581825020462,CREATE UNIQUE INDEX SYS_HW_CHECK_SK ON SYS_HW_CHECK(LIB_FEAT_ID),0,0,0,0,0,0,1,1.936244,1.936244,1.936244,1.936244,0,0,87,0,0,0,0,0,0,0,0,0,0,0,0,0,0,0,0,0,0,0,0,0,0,0,0,0,0,0,0,2026-06-19 12:52:04.117286+00,2026-06-19 12:52:04.117286+00
16410,16412,t,8711930844656255875,SELECT $2 FROM OBS_ENT C JOIN DSRC_RECORD D ON D.ENT_SRC_KEY=C.ENT_SRC_KEY AND D.DSRC_ID=C.DSRC_ID AND C.OBS_ENT_ID IN ($1) LIMIT $3,0,0,0,0,0,0,1180077,1080384.4254589397,0.013706999999999999,896.172273,0.9155202799977796,8.605941001214154,1180077,12166262,28983,0,0,0,0,0,0,0,0,820699.5579849969,0,0,0,0,0,0,0,0,0,0,0,0,0,0,0,0,0,0,2026-06-19 14:52:42.39241+00,2026-06-19 14:52:42.39241+00
10,16384,t,-8388233685317398999,"DECLARE ""query-cursor_66"" SCROLL CURSOR FOR select queryid, left(query, $1), calls, (total_plan_time + total_exec_time) as total_time from aurora_stat_statements($2) order by calls desc limit $3 FOR READ ONLY",0,0,0,0,0,0,1,0.10632,0.10632,0.10632,0.10632,0,0,0,0,0,0,0,0,0,0,0,0,0,0,0,0,0,0,0,0,0,0,0,0,0,0,0,0,0,0,0,2026-06-19 13:54:27.66748+00,2026-06-19 13:54:27.66748+00
10,16384,t,2335741404922363446,"FETCH 41 IN ""query-cursor_168""",0,0,0,0,0,0,1,0.010211,0.010211,0.010211,0.010211,0,41,0,0,0,0,0,0,0,0,0,0,0,0,0,0,0,0,0,0,0,0,0,0,0,0,0,0,0,0,0,2026-06-19 16:12:27.796867+00,2026-06-19 16:12:27.796867+00
10,16384,t,7000505204756289239,"DECLARE ""query-cursor_195"" SCROLL CURSOR FOR select queryid, left(query, $1), calls, (total_plan_time + total_exec_time) as total_time from aurora_stat_statements($2) order by calls desc limit $3 FOR READ ONLY",0,0,0,0,0,0,1,0.083276,0.083276,0.083276,0.083276,0,0,0,0,0,0,0,0,0,0,0,0,0,0,0,0,0,0,0,0,0,0,0,0,0,0,0,0,0,0,0,2026-06-19 17:10:27.826182+00,2026-06-19 17:10:27.826182+00
10,16384,t,-5410764377331630463,"FETCH 0 IN ""query-cursor_68""",0,0,0,0,0,0,1,0.003797,0.003797,0.003797,0.003797,0,0,0,0,0,0,0,0,0,0,0,0,0,0,0,0,0,0,0,0,0,0,0,0,0,0,0,0,0,0,0,2026-06-19 13:56:27.667554+00,2026-06-19 13:56:27.667554+00
10,16384,t,-5814502622026523475,"MOVE -766 IN ""query-cursor_104""",0,0,0,0,0,0,1,0.015955,0.015955,0.015955,0.015955,0,0,0,0,0,0,0,0,0,0,0,0,0,0,0,0,0,0,0,0,0,0,0,0,0,0,0,0,0,0,0,2026-06-19 14:32:27.671948+00,2026-06-19 14:32:27.671948+00
10,16384,t,7506382194685679301,"DECLARE ""query-cursor_176"" SCROLL CURSOR FOR select queryid, left(query, $1), calls, (total_plan_time + total_exec_time) as total_time from aurora_stat_statements($2) order by calls desc limit $3 FOR READ ONLY",0,0,0,0,0,0,1,0.081702,0.081702,0.081702,0.081702,0,0,0,0,0,0,0,0,0,0,0,0,0,0,0,0,0,0,0,0,0,0,0,0,0,0,0,0,0,0,0,2026-06-19 16:30:27.695924+00,2026-06-19 16:30:27.695924+00
10,16384,t,2049034804598609322,"FETCH 50 IN ""query-cursor_93""",0,0,0,0,0,0,13,0.041106000000000004,0.002633,0.00566,0.0031620000000000003,0.0007578311157507325,650,0,0,0,0,0,0,0,0,0,0,0,0,0,0,0,0,0,0,0,0,0,0,0,0,0,0,0,0,0,2026-06-19 14:21:27.67097+00,2026-06-19 14:21:27.67097+00
10,16384,t,-398280048117994638,"FETCH 5 IN ""query-cursor_14""",0,0,0,0,0,0,1,0.001438,0.001438,0.001438,0.001438,0,5,0,0,0,0,0,0,0,0,0,0,0,0,0,0,0,0,0,0,0,0,0,0,0,0,0,0,0,0,0,2026-06-19 13:02:27.665059+00,2026-06-19 13:02:27.665059+00
10,16384,t,1132427947808597190,"FETCH 15 IN ""query-cursor_8""",0,0,0,0,0,0,1,0.002304,0.002304,0.002304,0.002304,0,15,0,0,0,0,0,0,0,0,0,0,0,0,0,0,0,0,0,0,0,0,0,0,0,0,0,0,0,0,0,2026-06-19 12:56:27.664523+00,2026-06-19 12:56:27.664523+00
16410,16412,t,-6472986998365023088,"CREATE TABLE IF NOT EXISTS perf.snap_table (
  label         text        NOT NULL,
  captured_at   timestamptz NOT NULL DEFAULT now(),
  relid         oid,
  relname       text,
  n_tup_ins     numeric,
  n_tup_upd     numeric,
  n_tup_del     numeric,
  n_tup_hot_upd numeric,
  seq_scan      numeric,
  idx_scan      numeric,
  heap_blks_read numeric,
  heap_blks_hit  numeric,
  idx_blks_read  numeric,
  idx_blks_hit   numeric
)",0,0,0,0,0,0,2,30.430979,0.106302,30.324677,15.2154895,15.1091875,0,310,0,0,2,0,0,0,0,0,0,0,0.012525,0,0,0,0,0,0,0,0,0,0,0,0,0,0,0,0,0,2026-06-19 15:39:54.197742+00,2026-06-19 15:39:54.197742+00
10,16384,t,5800023625326375822,"DECLARE ""query-cursor_33"" SCROLL CURSOR FOR select queryid, left(query, $1), calls, (total_plan_time + total_exec_time) as total_time from aurora_stat_statements($2) order by calls desc limit $3 FOR READ ONLY",0,0,0,0,0,0,1,0.064398,0.064398,0.064398,0.064398,0,0,0,0,0,0,0,0,0,0,0,0,0,0,0,0,0,0,0,0,0,0,0,0,0,0,0,0,0,0,0,2026-06-19 13:21:27.665049+00,2026-06-19 13:21:27.665049+00
10,16384,t,-8568540082221229557,"FETCH 0 IN ""query-cursor_87""",0,0,0,0,0,0,1,0.003655,0.003655,0.003655,0.003655,0,0,0,0,0,0,0,0,0,0,0,0,0,0,0,0,0,0,0,0,0,0,0,0,0,0,0,0,0,0,0,2026-06-19 14:15:27.668979+00,2026-06-19 14:15:27.668979+00
10,16384,t,1249687841172762388,"MOVE ALL IN ""query-cursor_192""",0,0,0,0,0,0,1,12.603642,12.603642,12.603642,12.603642,0,0,0,0,0,0,0,0,0,0,0,0,0,0,0,0,0,0,0,0,0,0,0,0,0,0,0,0,0,0,0,2026-06-19 17:04:27.96816+00,2026-06-19 17:04:27.96816+00
10,16384,t,3527278937924463010,"MOVE ALL IN ""query-cursor_13""",0,0,0,0,0,0,1,0.416402,0.416402,0.416402,0.416402,0,0,0,0,0,0,0,0,0,0,0,0,0,0,0,0,0,0,0,0,0,0,0,0,0,0,0,0,0,0,0,2026-06-19 13:01:27.664141+00,2026-06-19 13:01:27.664141+00
16410,16412,t,-3601870820483953091,"SELECT RES_ENT_ID,LIB_FEAT_ID,FTYPE_ID,UTYPE_CODE,SUPPRESSED,OBS_ENT_CNT FROM RES_FEAT_EKEY WHERE RES_ENT_ID IN ($1,$2,$3,$4) AND FTYPE_ID IN ($5,$6,$7,$8,$9,$10,$11,$12,$13,$14,$15,$16,$17,$18,$19,$20,$21,$22,$23,$24,$25,$26,$27,$28,$29,$30,$31,$32,$33,$34,$35,$36,$37,$38,$39,$40,$41,$42,$43,$44,$45,$46,$47,$48,$49,$50,$51,$52,$53,$54,$55,$56,$57,$58,$59,$60,$61,$62,$63,$64)",0,0,0,0,0,0,1,0.12124,0.12124,0.12124,0.12124,0,48,18,0,0,0,0,0,0,0,0,0,0,0,0,0,0,0,0,0,0,0,0,0,0,0,0,0,0,0,0,2026-06-19 17:26:04.774545+00,2026-06-19 17:26:04.774545+00
16410,16412,t,901437096081388414,"SELECT RES_ENT_ID,LIB_FEAT_ID,FTYPE_ID,UTYPE_CODE,SUPPRESSED,OBS_ENT_CNT FROM RES_FEAT_EKEY WHERE RES_ENT_ID IN ($1,$2,$3,$4) AND FTYPE_ID IN ($5,$6,$7,$8,$9,$10,$11,$12,$13,$14,$15,$16,$17,$18,$19,$20,$21,$22,$23,$24)",0,0,0,0,0,0,222455,502644.2828779971,0.038786,464.217706,2.2595324127486327,12.792709881459684,19048309,4133337,20414,0,0,0,0,0,0,0,0,391864.26435500075,0,0,0,0,0,0,0,0,0,0,0,0,0,0,0,0,0,0,2026-06-19 14:52:41.037401+00,2026-06-19 14:52:41.037401+00
10,16384,t,-3646787907205111607,"MOVE ALL IN ""query-cursor_242""",0,0,0,0,0,0,1,9.495659,9.495659,9.495659,9.495659,0,0,0,0,0,0,0,0,0,0,0,0,0,0,0,0,0,0,0,0,0,0,0,0,0,0,0,0,0,0,0,2026-06-19 18:41:27.704216+00,2026-06-19 18:41:27.704216+00
10,16384,t,91164580322030872,"FETCH 0 IN ""query-cursor_182""",0,0,0,0,0,0,1,0.00881,0.00881,0.00881,0.00881,0,0,0,0,0,0,0,0,0,0,0,0,0,0,0,0,0,0,0,0,0,0,0,0,0,0,0,0,0,0,0,2026-06-19 16:44:27.725361+00,2026-06-19 16:44:27.725361+00
10,16384,t,6665473011890182049,"FETCH 50 IN ""query-cursor_201""",0,0,0,0,0,0,37,0.6334179999999999,0.01022,0.029028,0.017119405405405404,0.005816121585309742,1850,0,0,0,0,0,0,0,0,0,0,0,0,0,0,0,0,0,0,0,0,0,0,0,0,0,0,0,0,0,2026-06-19 17:22:28.384928+00,2026-06-19 17:22:28.384928+00
10,16384,t,-6954984175538148764,"FETCH 0 IN ""query-cursor_120""",0,0,0,0,0,0,1,0.004045,0.004045,0.004045,0.004045,0,0,0,0,0,0,0,0,0,0,0,0,0,0,0,0,0,0,0,0,0,0,0,0,0,0,0,0,0,0,0,2026-06-19 14:48:27.671235+00,2026-06-19 14:48:27.671235+00
10,16384,t,885388251435064594,"FETCH 12 IN ""query-cursor_133""",0,0,0,0,0,0,1,0.00488,0.00488,0.00488,0.00488,0,12,0,0,0,0,0,0,0,0,0,0,0,0,0,0,0,0,0,0,0,0,0,0,0,0,0,0,0,0,0,2026-06-19 15:02:28.127767+00,2026-06-19 15:02:28.127767+00
16410,16412,t,1209441295001003248,"SELECT RES_ENT_ID,LIB_FEAT_ID,FTYPE_ID,UTYPE_CODE,SUPPRESSED,OBS_ENT_CNT FROM RES_FEAT_EKEY WHERE RES_ENT_ID IN ($1,$2,$3,$4) AND FTYPE_ID IN ($5,$6,$7,$8,$9,$10,$11,$12,$13,$14,$15,$16,$17,$18,$19,$20)",0,0,0,0,0,0,642232,1582241.3575029906,0.03762,518.1596969999999,2.463660106477084,13.413165871084027,46252134,11927372,67644,0,0,0,0,0,0,0,0,1272095.9981909988,0,0,0,0,0,0,0,0,0,0,0,0,0,0,0,0,0,0,2026-06-19 14:52:40.493011+00,2026-06-19 14:52:40.493011+00
10,16384,t,-7486591099907902972,"MOVE ALL IN ""query-cursor_18""",0,0,0,0,0,0,1,0.506944,0.506944,0.506944,0.506944,0,0,0,0,0,0,0,0,0,0,0,0,0,0,0,0,0,0,0,0,0,0,0,0,0,0,0,0,0,0,0,2026-06-19 13:06:27.664564+00,2026-06-19 13:06:27.664564+00
16410,16412,t,5496540963407468555,"INSERT INTO RES_FEAT_STAT(LIB_FEAT_ID,FTYPE_ID,NUM_RES_ENT,NUM_RES_ENT_OOM) VALUES ($1,$2,$3,$4),($5,$6,$7,$8),($9,$10,$11,$12),($13,$14,$15,$16),($17,$18,$19,$20) ON CONFLICT DO NOTHING",0,0,0,0,0,0,290982,2192903.4168699747,0.052698,1924.038121,7.536216731172288,32.52679518413208,1454910,14548798,1339,0,19741,0,0,0,0,0,0,12315.900411999997,1723.8770920000006,0,0,0,0,0,0,0,0,0,0,0,0,0,0,0,0,0,2026-06-19 14:52:39.569567+00,2026-06-19 14:52:39.569567+00
10,16384,t,-596707371274833611,"FETCH 50 IN ""query-cursor_51""",0,0,0,0,0,0,8,0.027473,0.00295,0.005554,0.003434125,0.0008332200245883438,400,0,0,0,0,0,0,0,0,0,0,0,0,0,0,0,0,0,0,0,0,0,0,0,0,0,0,0,0,0,2026-06-19 13:39:27.667475+00,2026-06-19 13:39:27.667475+00
10,16384,t,-7188395069592747992,"MOVE -1912 IN ""query-cursor_210""",0,0,0,0,0,0,1,0.16593,0.16593,0.16593,0.16593,0,0,0,0,0,0,0,0,0,0,0,0,0,0,0,0,0,0,0,0,0,0,0,0,0,0,0,0,0,0,0,2026-06-19 17:40:27.753457+00,2026-06-19 17:40:27.753457+00
10,16384,t,-305376527816006381,"MOVE ALL IN ""query-cursor_51""",0,0,0,0,0,0,1,0.922237,0.922237,0.922237,0.922237,0,0,0,0,0,0,0,0,0,0,0,0,0,0,0,0,0,0,0,0,0,0,0,0,0,0,0,0,0,0,0,2026-06-19 13:39:27.667382+00,2026-06-19 13:39:27.667382+00
10,16384,t,2585663112592229523,"FETCH 18 IN ""query-cursor_157""",0,0,0,0,0,0,1,0.008068,0.008068,0.008068,0.008068,0,18,0,0,0,0,0,0,0,0,0,0,0,0,0,0,0,0,0,0,0,0,0,0,0,0,0,0,0,0,0,2026-06-19 15:50:28.174453+00,2026-06-19 15:50:28.174453+00
10,16384,t,5276178003536705631,"FETCH 0 IN ""query-cursor_201""",0,0,0,0,0,0,1,0.009263,0.009263,0.009263,0.009263,0,0,0,0,0,0,0,0,0,0,0,0,0,0,0,0,0,0,0,0,0,0,0,0,0,0,0,0,0,0,0,2026-06-19 17:22:28.352073+00,2026-06-19 17:22:28.352073+00
10,16384,t,4685837933767979984,"DECLARE ""query-cursor_245"" SCROLL CURSOR FOR select queryid, left(query, $1), calls, (total_plan_time + total_exec_time) as total_time from aurora_stat_statements($2) order by calls desc limit $3 FOR READ ONLY",0,0,0,0,0,0,1,0.080769,0.080769,0.080769,0.080769,0,0,0,0,0,0,0,0,0,0,0,0,0,0,0,0,0,0,0,0,0,0,0,0,0,0,0,0,0,0,0,2026-06-19 18:47:28.59387+00,2026-06-19 18:47:28.59387+00
10,16384,t,-1981488734533645639,"FETCH 50 IN ""query-cursor_155""",0,0,0,0,0,0,30,0.799454,0.011441,0.074076,0.026648466666666665,0.016021375000778045,1500,0,0,0,0,0,0,0,0,0,0,0,0,0,0,0,0,0,0,0,0,0,0,0,0,0,0,0,0,0,2026-06-19 15:46:27.899605+00,2026-06-19 15:46:27.899605+00
10,16384,t,-4948537630274563893,"FETCH 50 IN ""query-cursor_208""",0,0,0,0,0,0,37,0.953402,0.010469,0.353573,0.02576762162162162,0.05509817159832486,1850,0,0,0,0,0,0,0,0,0,0,0,0,0,0,0,0,0,0,0,0,0,0,0,0,0,0,0,0,0,2026-06-19 17:36:27.706278+00,2026-06-19 17:36:27.706278+00
10,16384,t,-5580044251024135779,"FETCH 16 IN ""query-cursor_24""",0,0,0,0,0,0,1,0.001869,0.001869,0.001869,0.001869,0,16,0,0,0,0,0,0,0,0,0,0,0,0,0,0,0,0,0,0,0,0,0,0,0,0,0,0,0,0,0,2026-06-19 13:12:27.666114+00,2026-06-19 13:12:27.666114+00
10,16384,t,-7308682006234882472,"DECLARE ""query-cursor_243"" SCROLL CURSOR FOR select queryid, left(query, $1), calls, (total_plan_time + total_exec_time) as total_time from aurora_stat_statements($2) order by calls desc limit $3 FOR READ ONLY",0,0,0,0,0,0,1,0.094554,0.094554,0.094554,0.094554,0,0,0,0,0,0,0,0,0,0,0,0,0,0,0,0,0,0,0,0,0,0,0,0,0,0,0,0,0,0,0,2026-06-19 18:43:27.900549+00,2026-06-19 18:43:27.900549+00
10,16384,t,-7087786472298873345,"DECLARE ""query-cursor_158"" SCROLL CURSOR FOR select queryid, left(query, $1), calls, (total_plan_time + total_exec_time) as total_time from aurora_stat_statements($2) order by calls desc limit $3 FOR READ ONLY",0,0,0,0,0,0,1,0.081275,0.081275,0.081275,0.081275,0,0,0,0,0,0,0,0,0,0,0,0,0,0,0,0,0,0,0,0,0,0,0,0,0,0,0,0,0,0,0,2026-06-19 15:52:28.09399+00,2026-06-19 15:52:28.09399+00
10,16384,t,-7978767457195945638,"MOVE ALL IN ""query-cursor_63""",0,0,0,0,0,0,1,1.059654,1.059654,1.059654,1.059654,0,0,0,0,0,0,0,0,0,0,0,0,0,0,0,0,0,0,0,0,0,0,0,0,0,0,0,0,0,0,0,2026-06-19 13:51:27.668326+00,2026-06-19 13:51:27.668326+00
10,16384,t,-6328929103881034557,"DECLARE ""query-cursor_92"" SCROLL CURSOR FOR select queryid, left(query, $1), calls, (total_plan_time + total_exec_time) as total_time from aurora_stat_statements($2) order by calls desc limit $3 FOR READ ONLY",0,0,0,0,0,0,1,0.081483,0.081483,0.081483,0.081483,0,0,0,0,0,0,0,0,0,0,0,0,0,0,0,0,0,0,0,0,0,0,0,0,0,0,0,0,0,0,0,2026-06-19 14:20:27.669255+00,2026-06-19 14:20:27.669255+00
10,16384,t,4555618767697102490,"MOVE -802 IN ""query-cursor_110""",0,0,0,0,0,0,1,0.016808,0.016808,0.016808,0.016808,0,0,0,0,0,0,0,0,0,0,0,0,0,0,0,0,0,0,0,0,0,0,0,0,0,0,0,0,0,0,0,2026-06-19 14:38:27.672429+00,2026-06-19 14:38:27.672429+00
10,16384,t,-6709140421702166666,select slot_name from pg_replication_slots where active = $1 and slot_type = $2 and age(catalog_xmin) > $3,0,0,0,0,0,0,2,0.016468999999999998,0.008194,0.008275,0.008234499999999999,4.050000000000017e-05,0,0,0,0,0,0,0,0,0,0,0,0,0,0,0,0,0,0,0,0,0,0,0,0,0,0,0,0,0,0,2026-06-19 15:47:43.676252+00,2026-06-19 15:47:43.676252+00
10,16384,t,-5882675488232163455,"DECLARE ""query-cursor_232"" SCROLL CURSOR FOR select queryid, left(query, $1), calls, (total_plan_time + total_exec_time) as total_time from aurora_stat_statements($2) order by calls desc limit $3 FOR READ ONLY",0,0,0,0,0,0,1,0.065062,0.065062,0.065062,0.065062,0,0,0,0,0,0,0,0,0,0,0,0,0,0,0,0,0,0,0,0,0,0,0,0,0,0,0,0,0,0,0,2026-06-19 18:24:27.680495+00,2026-06-19 18:24:27.680495+00
10,16384,t,3825579680499605941,"FETCH 46 IN ""query-cursor_248""",0,0,0,0,0,0,1,0.009724,0.009724,0.009724,0.009724,0,46,0,0,0,0,0,0,0,0,0,0,0,0,0,0,0,0,0,0,0,0,0,0,0,0,0,0,0,0,0,2026-06-19 18:55:27.723521+00,2026-06-19 18:55:27.723521+00
10,16384,t,-5570486025607194934,"FETCH 0 IN ""query-cursor_8""",0,0,0,0,0,0,1,0.003331,0.003331,0.003331,0.003331,0,0,0,0,0,0,0,0,0,0,0,0,0,0,0,0,0,0,0,0,0,0,0,0,0,0,0,0,0,0,0,2026-06-19 12:56:27.663321+00,2026-06-19 12:56:27.663321+00
10,16384,t,-310740636813177058,"DECLARE ""query-cursor_51"" SCROLL CURSOR FOR select queryid, left(query, $1), calls, (total_plan_time + total_exec_time) as total_time from aurora_stat_statements($2) order by calls desc limit $3 FOR READ ONLY",0,0,0,0,0,0,1,0.065493,0.065493,0.065493,0.065493,0,0,0,0,0,0,0,0,0,0,0,0,0,0,0,0,0,0,0,0,0,0,0,0,0,0,0,0,0,0,0,2026-06-19 13:39:27.666375+00,2026-06-19 13:39:27.666375+00
10,16384,t,8452409889399991045,"MOVE -2147 IN ""query-cursor_248""",0,0,0,0,0,0,1,0.102131,0.102131,0.102131,0.102131,0,0,0,0,0,0,0,0,0,0,0,0,0,0,0,0,0,0,0,0,0,0,0,0,0,0,0,0,0,0,0,2026-06-19 18:55:27.695055+00,2026-06-19 18:55:27.695055+00
10,16384,t,-8913520441233631386,SELECT count(*) FROM pg_show_all_settings() WHERE name = $1 AND setting SIMILAR TO $2,0,0,0,0,0,0,37,83.32837300000001,1.400869,13.464748,2.2521181891891895,1.9218783206310752,37,0,0,0,0,0,0,0,0,0,0,0,0,0,0,0,0,0,0,0,0,0,0,0,0,0,0,0,0,0,2026-06-19 12:55:53.661683+00,2026-06-19 12:55:53.661683+00
10,16384,t,4802300357427184369,"FETCH 35 IN ""query-cursor_99""",0,0,0,0,0,0,1,0.00261,0.00261,0.00261,0.00261,0,35,0,0,0,0,0,0,0,0,0,0,0,0,0,0,0,0,0,0,0,0,0,0,0,0,0,0,0,0,0,2026-06-19 14:27:27.673922+00,2026-06-19 14:27:27.673922+00
10,16384,t,-5221536492353836433,"MOVE -1661 IN ""query-cursor_171""",0,0,0,0,0,0,1,0.196256,0.196256,0.196256,0.196256,0,0,0,0,0,0,0,0,0,0,0,0,0,0,0,0,0,0,0,0,0,0,0,0,0,0,0,0,0,0,0,2026-06-19 16:18:28.246388+00,2026-06-19 16:18:28.246388+00
10,16384,t,4564142254324806558,"FETCH 50 IN ""query-cursor_126""",0,0,0,0,0,0,25,0.16775500000000002,0.004125,0.011671,0.0067102,0.0019778553637715772,1250,0,0,0,0,0,0,0,0,0,0,0,0,0,0,0,0,0,0,0,0,0,0,0,0,0,0,0,0,0,2026-06-19 14:54:27.675212+00,2026-06-19 14:54:27.675212+00
10,16384,t,-6198005076538253121,"FETCH 32 IN ""query-cursor_174""",0,0,0,0,0,0,1,0.008001,0.008001,0.008001,0.008001,0,32,0,0,0,0,0,0,0,0,0,0,0,0,0,0,0,0,0,0,0,0,0,0,0,0,0,0,0,0,0,2026-06-19 16:26:27.807072+00,2026-06-19 16:26:27.807072+00
10,16384,t,5876516787305269511,"DECLARE ""query-cursor_31"" SCROLL CURSOR FOR select queryid, left(query, $1), calls, (total_plan_time + total_exec_time) as total_time from aurora_stat_statements($2) order by calls desc limit $3 FOR READ ONLY",0,0,0,0,0,0,1,0.062964,0.062964,0.062964,0.062964,0,0,0,0,0,0,0,0,0,0,0,0,0,0,0,0,0,0,0,0,0,0,0,0,0,0,0,0,0,0,0,2026-06-19 13:19:27.664931+00,2026-06-19 13:19:27.664931+00
10,16384,t,3319173628325875845,"FETCH 0 IN ""query-cursor_151""",0,0,0,0,0,0,1,0.010811,0.010811,0.010811,0.010811,0,0,0,0,0,0,0,0,0,0,0,0,0,0,0,0,0,0,0,0,0,0,0,0,0,0,0,0,0,0,0,2026-06-19 15:38:28.38963+00,2026-06-19 15:38:28.38963+00
10,16384,t,-4966537279653043880,"FETCH 35 IN ""query-cursor_167""",0,0,0,0,0,0,1,0.01149,0.01149,0.01149,0.01149,0,35,0,0,0,0,0,0,0,0,0,0,0,0,0,0,0,0,0,0,0,0,0,0,0,0,0,0,0,0,0,2026-06-19 16:10:27.940662+00,2026-06-19 16:10:27.940662+00
10,16384,t,7816194021494642089,"MOVE -1714 IN ""query-cursor_179""",0,0,0,0,0,0,1,0.286519,0.286519,0.286519,0.286519,0,0,0,0,0,0,0,0,0,0,0,0,0,0,0,0,0,0,0,0,0,0,0,0,0,0,0,0,0,0,0,2026-06-19 16:36:28.693155+00,2026-06-19 16:36:28.693155+00
10,16384,t,-3701478371392636756,"FETCH 50 IN ""query-cursor_192""",0,0,0,0,0,0,35,0.5514810000000001,0.00812,0.027564,0.015756600000000003,0.004947754198768221,1750,0,0,0,0,0,0,0,0,0,0,0,0,0,0,0,0,0,0,0,0,0,0,0,0,0,0,0,0,0,2026-06-19 17:04:27.969004+00,2026-06-19 17:04:27.969004+00
10,16384,t,-6187268101934265704,"FETCH 50 IN ""query-cursor_9""",0,0,0,0,0,0,3,0.016884,0.004136,0.007417,0.005628,0.0013558261933841913,150,0,0,0,0,0,0,0,0,0,0,0,0,0,0,0,0,0,0,0,0,0,0,0,0,0,0,0,0,0,2026-06-19 12:57:27.663966+00,2026-06-19 12:57:27.663966+00
16410,16412,t,4005550565095767851,"SELECT LIB_FEAT_ID,UTYPE_CODE,RES_ENT_ID,OBS_ENT_CNT FROM RES_FEAT_EKEY WHERE LIB_FEAT_ID IN ($1,$2,$3,$4,$5,$6,$7,$8,$9,$10,$11,$12,$13,$14,$15,$16,$17,$18,$19,$20,$21,$22,$23,$24,$25,$26,$27,$28,$29,$30,$31,$32) AND RES_ENT_ID!=$33",0,0,0,0,0,0,16361930,130566186.73143812,0.0036490000000000003,1030.8092179999999,7.979876868525786,29.156552832642376,86879724,255359366,9512655,0,0,0,0,0,0,0,0,107986919.17231078,0,0,0,0,0,0,0,0,0,0,0,0,0,0,0,0,0,0,2026-06-19 14:52:39.534791+00,2026-06-19 14:52:39.534791+00
16410,16412,t,-4601428709734355571,"SELECT RES_ENT_ID,LIB_FEAT_ID,FTYPE_ID,UTYPE_CODE,SUPPRESSED,OBS_ENT_CNT FROM RES_FEAT_EKEY WHERE RES_ENT_ID IN ($1,$2,$3,$4) AND FTYPE_ID IN ($5,$6,$7,$8,$9,$10,$11,$12,$13,$14,$15,$16,$17,$18,$19,$20,$21)",0,0,0,0,0,0,673848,1678657.6079709723,0.034335000000000004,513.4524419999999,2.491151725568633,13.394472460760962,51146455,12556904,72476,0,0,0,0,0,0,0,0,1340727.6404049986,0,0,0,0,0,0,0,0,0,0,0,0,0,0,0,0,0,0,2026-06-19 14:52:41.210897+00,2026-06-19 14:52:41.210897+00
10,16384,t,6248639347350683123,"MOVE ALL IN ""query-cursor_164""",0,0,0,0,0,0,1,7.38748,7.38748,7.38748,7.38748,0,0,0,0,0,0,0,0,0,0,0,0,0,0,0,0,0,0,0,0,0,0,0,0,0,0,0,0,0,0,0,2026-06-19 16:04:27.738126+00,2026-06-19 16:04:27.738126+00
10,16384,t,-880529480321919995,"DECLARE ""query-cursor_42"" SCROLL CURSOR FOR select queryid, left(query, $1), calls, (total_plan_time + total_exec_time) as total_time from aurora_stat_statements($2) order by calls desc limit $3 FOR READ ONLY",0,0,0,0,0,0,1,0.062892,0.062892,0.062892,0.062892,0,0,0,0,0,0,0,0,0,0,0,0,0,0,0,0,0,0,0,0,0,0,0,0,0,0,0,0,0,0,0,2026-06-19 13:30:27.665691+00,2026-06-19 13:30:27.665691+00
10,16384,t,-9061143402696707224,"FETCH 3 IN ""query-cursor_77""",0,0,0,0,0,0,1,0.001287,0.001287,0.001287,0.001287,0,3,0,0,0,0,0,0,0,0,0,0,0,0,0,0,0,0,0,0,0,0,0,0,0,0,0,0,0,0,0,2026-06-19 14:05:27.671682+00,2026-06-19 14:05:27.671682+00
10,16384,t,757357963169496132,"MOVE ALL IN ""query-cursor_230""",0,0,0,0,0,0,1,6.800406,6.800406,6.800406,6.800406,0,0,0,0,0,0,0,0,0,0,0,0,0,0,0,0,0,0,0,0,0,0,0,0,0,0,0,0,0,0,0,2026-06-19 18:20:27.687111+00,2026-06-19 18:20:27.687111+00
10,16384,t,5814197236629669825,select count(distinct cast(transactionid as varchar)) as active_transactions from pg_locks where locktype = $1,0,0,0,0,0,0,255,4673.890363000002,1.804704,399.426412,18.328981815686284,45.34652638909959,255,3,0,0,0,0,0,0,0,0,0,0,0,0,0,0,0,0,0,0,0,0,0,0,0,0,0,0,0,0,2026-06-19 12:49:27.223866+00,2026-06-19 12:49:27.223866+00
10,16384,t,-1689433308153307669,"MOVE ALL IN ""query-cursor_92""",0,0,0,0,0,0,1,1.48172,1.48172,1.48172,1.48172,0,0,0,0,0,0,0,0,0,0,0,0,0,0,0,0,0,0,0,0,0,0,0,0,0,0,0,0,0,0,0,2026-06-19 14:20:27.670827+00,2026-06-19 14:20:27.670827+00
10,16384,t,-1245866563098868353,"DECLARE ""query-cursor_162"" SCROLL CURSOR FOR select queryid, left(query, $1), calls, (total_plan_time + total_exec_time) as total_time from aurora_stat_statements($2) order by calls desc limit $3 FOR READ ONLY",0,0,0,0,0,0,1,0.074448,0.074448,0.074448,0.074448,0,0,0,0,0,0,0,0,0,0,0,0,0,0,0,0,0,0,0,0,0,0,0,0,0,0,0,0,0,0,0,2026-06-19 16:00:27.839068+00,2026-06-19 16:00:27.839068+00
10,16384,t,-7945284921795644783,SELECT count(*) FROM pg_catalog.pg_hba_file_rules WHERE auth_method = $1,0,0,0,0,0,0,37,8.648992000000003,0.093248,2.9072519999999997,0.23375654054054062,0.44842357491300766,37,0,0,0,0,0,0,0,0,0,0,0,0,0,0,0,0,0,0,0,0,0,0,0,0,0,0,0,0,0,2026-06-19 12:55:53.654006+00,2026-06-19 12:55:53.654006+00
10,16384,t,5106499444831535326,"MOVE ALL IN ""query-cursor_40""",0,0,0,0,0,0,1,0.767537,0.767537,0.767537,0.767537,0,0,0,0,0,0,0,0,0,0,0,0,0,0,0,0,0,0,0,0,0,0,0,0,0,0,0,0,0,0,0,2026-06-19 13:28:27.666407+00,2026-06-19 13:28:27.666407+00
10,16384,t,-1103097302294109455,"MOVE -1655 IN ""query-cursor_170""",0,0,0,0,0,0,1,0.197846,0.197846,0.197846,0.197846,0,0,0,0,0,0,0,0,0,0,0,0,0,0,0,0,0,0,0,0,0,0,0,0,0,0,0,0,0,0,0,2026-06-19 16:16:27.862625+00,2026-06-19 16:16:27.862625+00
10,16384,t,7586129920995919038,"FETCH 50 IN ""query-cursor_233""",0,0,0,0,0,0,41,0.563645,0.007801,0.024011,0.013747439024390243,0.003998686455354206,2050,0,0,0,0,0,0,0,0,0,0,0,0,0,0,0,0,0,0,0,0,0,0,0,0,0,0,0,0,0,2026-06-19 18:26:27.689768+00,2026-06-19 18:26:27.689768+00
10,16384,t,-5487981163797771758,"MOVE ALL IN ""query-cursor_204""",0,0,0,0,0,0,1,10.093917,10.093917,10.093917,10.093917,0,0,0,0,0,0,0,0,0,0,0,0,0,0,0,0,0,0,0,0,0,0,0,0,0,0,0,0,0,0,0,2026-06-19 17:28:27.704285+00,2026-06-19 17:28:27.704285+00
16410,16412,t,2542154646857066496,DELETE FROM RES_FEAT_EKEY WHERE RES_ENT_ID=$1 AND ((LIB_FEAT_ID=$2 AND UTYPE_CODE=$3)OR(LIB_FEAT_ID=$4 AND UTYPE_CODE=$5)OR(LIB_FEAT_ID=$6 AND UTYPE_CODE=$7)OR(LIB_FEAT_ID=$8 AND UTYPE_CODE=$9)OR(LIB_FEAT_ID=$10 AND UTYPE_CODE=$11)OR(LIB_FEAT_ID=$12 AND UTYPE_CODE=$13)OR(LIB_FEAT_ID=$14 AND UTYPE_CODE=$15)OR(LIB_FEAT_ID=$16 AND UTYPE_CODE=$17)OR(LIB_FEAT_ID=$18 AND UTYPE_CODE=$19)OR(LIB_FEAT_ID=$20 AND UTYPE_CODE=$21)OR(LIB_FEAT_ID=$22 AND UTYPE_CODE=$23)OR(LIB_FEAT_ID=$24 AND UTYPE_CODE=$25)OR(LIB_FEAT_ID=$26 AND UTYPE_CODE=$27)OR(LIB_FEAT_ID=$28 AND UTYPE_CODE=$29)OR(LIB_FEAT_ID=$30 AND UTYPE_CODE=$31)OR(LIB_FEAT_ID=$32 AND UTYPE_CODE=$33)OR(LIB_FEAT_ID=$34 AND UTYPE_CODE=$35)OR(LIB_FEAT_ID=$36 AND UTYPE_CODE=$37)OR(LIB_FEAT_ID=$38 AND UTYPE_CODE=$39)OR(LIB_FEAT_ID=$40 AND UTYPE_CODE=$41)OR(LIB_FEAT_ID=$42 AND UTYPE_CODE=$43)OR(LIB_FEAT_ID=$44 AND UTYPE_CODE=$45)OR(LIB_FEAT_ID=$46 AND UTYPE_CODE=$47)OR(LIB_FEAT_ID=$48 AND UTYPE_CODE=$49)OR(LIB_FEAT_ID=$50 AND UTYPE_CODE=$51)OR(LIB_FEAT_ID=$52 AND UTYPE_CODE=$53)OR(LIB_FEAT_ID=$54 AND UTYPE_CODE=$55)OR(LIB_FEAT_ID=$56 AND UTYPE_CODE=$57)OR(LIB_FEAT_ID=$58 AND UTYPE_CODE=$59)OR(LIB_FEAT_ID=$60 AND UTYPE_CODE=$61)OR(LIB_FEAT_ID=$62 AND UTYPE_CODE=$63)OR(LIB_FEAT_ID=$64 AND UTYPE_CODE=$65)OR(LIB_FEAT_ID=$66 AND UTYPE_CODE=$67)OR(LIB_FEAT_ID=$68 AND UTYPE_CODE=$69)OR(LIB_FEAT_ID=$70 AND UTYPE_CODE=$71)OR(LIB_FEAT_ID=$72 AND UTYPE_CODE=$73)OR(LIB_FEAT_ID=$74 AND UTYPE_CODE=$75)OR(LIB_FEAT_ID=$76 AND UTYPE_CODE=$77)),0,0,0,0,0,0,4815,169824.5472830002,0.011743,463.65373,35.26989559356183,62.11600835198805,110047,805723,1998,0,0,0,0,0,0,0,0,106356.02016100014,0,0,0,0,0,0,0,0,0,0,0,0,0,0,0,0,0,0,2026-06-19 14:57:59.329381+00,2026-06-19 14:57:59.329381+00
16410,16412,t,-5966065284631614385,DELETE FROM RES_FEAT_EKEY WHERE RES_ENT_ID=$1 AND ((LIB_FEAT_ID=$2 AND UTYPE_CODE=$3)OR(LIB_FEAT_ID=$4 AND UTYPE_CODE=$5)OR(LIB_FEAT_ID=$6 AND UTYPE_CODE=$7)OR(LIB_FEAT_ID=$8 AND UTYPE_CODE=$9)),0,0,0,0,0,0,1842,1130.9602809999997,0.012804,82.71288799999999,0.6139849516829531,3.961591242901817,5231,36320,8,0,0,0,0,0,0,0,0,114.28828400000002,0,0,0,0,0,0,0,0,0,0,0,0,0,0,0,0,0,0,2026-06-19 15:05:59.607552+00,2026-06-19 15:05:59.607552+00
10,16384,t,8215734257809366524,"DECLARE ""query-cursor_5"" SCROLL CURSOR FOR select queryid, left(query, $1), calls, (total_plan_time + total_exec_time) as total_time from aurora_stat_statements($2) order by calls desc limit $3 FOR READ ONLY",0,0,0,0,0,0,1,0.062349,0.062349,0.062349,0.062349,0,0,0,0,0,0,0,0,0,0,0,0,0,0,0,0,0,0,0,0,0,0,0,0,0,0,0,0,0,0,0,2026-06-19 12:53:27.663026+00,2026-06-19 12:53:27.663026+00
16410,16412,t,-1266481273314022547,"SELECT RES_ENT_ID,LIB_FEAT_ID,FTYPE_ID,UTYPE_CODE,SUPPRESSED,OBS_ENT_CNT FROM RES_FEAT_EKEY WHERE RES_ENT_ID IN ($1,$2,$3,$4,$5,$6,$7,$8,$9,$10,$11,$12,$13,$14,$15,$16,$17,$18,$19,$20,$21,$22,$23,$24,$25,$26,$27,$28,$29,$30,$31,$32,$33,$34,$35,$36,$37,$38,$39,$40,$41,$42,$43,$44,$45,$46,$47,$48,$49,$50,$51,$52,$53,$54,$55,$56,$57,$58,$59,$60,$61,$62,$63,$64)",0,0,0,0,0,0,1074,26250.303181,0.7900360000000001,410.72415,24.441623073556798,41.64938129091747,1063809,217840,1851,0,0,0,0,0,0,0,0,21313.664485000005,0,0,0,0,0,0,0,0,0,0,0,0,0,0,0,0,0,0,2026-06-19 15:25:35.322626+00,2026-06-19 15:25:35.322626+00
10,16384,t,-3771583788328076072,"FETCH 15 IN ""query-cursor_187""",0,0,0,0,0,0,1,0.007998,0.007998,0.007998,0.007998,0,15,0,0,0,0,0,0,0,0,0,0,0,0,0,0,0,0,0,0,0,0,0,0,0,0,0,0,0,0,0,2026-06-19 16:54:28.096035+00,2026-06-19 16:54:28.096035+00
10,16384,t,-8467516012372928762,"DECLARE ""query-cursor_116"" SCROLL CURSOR FOR select queryid, left(query, $1), calls, (total_plan_time + total_exec_time) as total_time from aurora_stat_statements($2) order by calls desc limit $3 FOR READ ONLY",0,0,0,0,0,0,1,0.062928,0.062928,0.062928,0.062928,0,0,0,0,0,0,0,0,0,0,0,0,0,0,0,0,0,0,0,0,0,0,0,0,0,0,0,0,0,0,0,2026-06-19 14:44:27.670917+00,2026-06-19 14:44:27.670917+00
10,16384,t,-4640470102241259347,"DECLARE ""query-cursor_161"" SCROLL CURSOR FOR select queryid, left(query, $1), calls, (total_plan_time + total_exec_time) as total_time from aurora_stat_statements($2) order by calls desc limit $3 FOR READ ONLY",0,0,0,0,0,0,1,0.090999,0.090999,0.090999,0.090999,0,0,0,0,0,0,0,0,0,0,0,0,0,0,0,0,0,0,0,0,0,0,0,0,0,0,0,0,0,0,0,2026-06-19 15:58:27.688564+00,2026-06-19 15:58:27.688564+00
10,16384,t,-4413442788118610853,"FETCH 50 IN ""query-cursor_42""",0,0,0,0,0,0,7,0.025098,0.002968,0.006103,0.0035854285714285714,0.001048873253563469,350,0,0,0,0,0,0,0,0,0,0,0,0,0,0,0,0,0,0,0,0,0,0,0,0,0,0,0,0,0,2026-06-19 13:30:27.666658+00,2026-06-19 13:30:27.666658+00
10,16384,t,-4056315126965441072,"FETCH 0 IN ""query-cursor_164""",0,0,0,0,0,0,1,0.007029,0.007029,0.007029,0.007029,0,0,0,0,0,0,0,0,0,0,0,0,0,0,0,0,0,0,0,0,0,0,0,0,0,0,0,0,0,0,0,2026-06-19 16:04:27.72783+00,2026-06-19 16:04:27.72783+00
10,16384,t,1771716180300502366,"MOVE -790 IN ""query-cursor_108""",0,0,0,0,0,0,1,0.016139,0.016139,0.016139,0.016139,0,0,0,0,0,0,0,0,0,0,0,0,0,0,0,0,0,0,0,0,0,0,0,0,0,0,0,0,0,0,0,2026-06-19 14:36:27.67225+00,2026-06-19 14:36:27.67225+00
10,16384,t,6352406357354862467,"DECLARE ""query-cursor_207"" SCROLL CURSOR FOR select queryid, left(query, $1), calls, (total_plan_time + total_exec_time) as total_time from aurora_stat_statements($2) order by calls desc limit $3 FOR READ ONLY",0,0,0,0,0,0,1,0.070114,0.070114,0.070114,0.070114,0,0,0,0,0,0,0,0,0,0,0,0,0,0,0,0,0,0,0,0,0,0,0,0,0,0,0,0,0,0,0,2026-06-19 17:34:27.711283+00,2026-06-19 17:34:27.711283+00
10,16384,t,5499855840062924657,"FETCH 5 IN ""query-cursor_39""",0,0,0,0,0,0,1,0.001514,0.001514,0.001514,0.001514,0,5,0,0,0,0,0,0,0,0,0,0,0,0,0,0,0,0,0,0,0,0,0,0,0,0,0,0,0,0,0,2026-06-19 13:27:27.667623+00,2026-06-19 13:27:27.667623+00
10,16384,t,1819745858463519230,"FETCH 33 IN ""query-cursor_153""",0,0,0,0,0,0,1,0.011027,0.011027,0.011027,0.011027,0,33,0,0,0,0,0,0,0,0,0,0,0,0,0,0,0,0,0,0,0,0,0,0,0,0,0,0,0,0,0,2026-06-19 15:42:28.196843+00,2026-06-19 15:42:28.196843+00
10,16384,t,-2469566343729334480,"DECLARE ""query-cursor_99"" SCROLL CURSOR FOR select queryid, left(query, $1), calls, (total_plan_time + total_exec_time) as total_time from aurora_stat_statements($2) order by calls desc limit $3 FOR READ ONLY",0,0,0,0,0,0,1,0.063766,0.063766,0.063766,0.063766,0,0,0,0,0,0,0,0,0,0,0,0,0,0,0,0,0,0,0,0,0,0,0,0,0,0,0,0,0,0,0,2026-06-19 14:27:27.669816+00,2026-06-19 14:27:27.669816+00
10,16384,t,8769955647433003500,"FETCH 49 IN ""query-cursor_208""",0,0,0,0,0,0,1,0.012534,0.012534,0.012534,0.012534,0,49,0,0,0,0,0,0,0,0,0,0,0,0,0,0,0,0,0,0,0,0,0,0,0,0,0,0,0,0,0,2026-06-19 17:36:27.734131+00,2026-06-19 17:36:27.734131+00
10,16384,t,-2267251819669034330,"select queryid, calls, (total_plan_time + total_exec_time) as total_time, rows, shared_blks_hit, shared_blks_dirtied, shared_blks_read, shared_blks_written, local_blks_hit, local_blks_dirtied, local_blks_read, local_blks_written, temp_blks_read, temp_blks_written, storage_blks_read, orcache_blks_hit, shared_blk_read_time as blk_read_time, shared_blk_write_time as blk_write_time, storage_blk_read_time, local_blk_read_time, orcache_blk_read_time, total_plan_time, total_exec_time from aurora_stat_statements($1) where queryid in ($2, $3, $4, $5, $6, $7, $8, $9, $10, $11, $12, $13, $14, $15, $16, $17, $18, $19, $20, $21, $22, $23, $24, $25, $26, $27, $28, $29, $30, $31, $32, $33, $34, $35, $36, $37, $38, $39, $40, $41, $42, $43, $44, $45, $46, $47, $48, $49, $50, $51, $52, $53, $54, $55, $56, $57, $58, $59, $60)",0,0,0,0,0,0,13,55.463627,3.1796889999999998,6.5408360000000005,4.2664328461538465,0.8673385542772032,780,0,0,0,0,0,0,0,0,0,0,0,0,0,0,0,0,0,0,0,0,0,0,0,0,0,0,0,0,0,2026-06-19 18:27:37.691155+00,2026-06-19 18:27:37.691155+00
16410,16412,t,1371524424184880764,"SELECT RES_ENT_ID,LIB_FEAT_ID,FTYPE_ID,UTYPE_CODE,SUPPRESSED,OBS_ENT_CNT FROM RES_FEAT_EKEY WHERE RES_ENT_ID IN ($1,$2) AND FTYPE_ID IN ($3,$4,$5,$6,$7,$8,$9,$10,$11,$12,$13,$14,$15,$16,$17,$18,$19)",0,0,0,0,0,0,494204,605380.4333649885,0.026148,514.270865,1.2249606101225172,9.171804873551524,21751754,5340237,23795,0,0,0,0,0,0,0,0,462776.2066630013,0,0,0,0,0,0,0,0,0,0,0,0,0,0,0,0,0,0,2026-06-19 14:52:40.248116+00,2026-06-19 14:52:40.248116+00
16410,16412,t,-677922492973750577,SET default_transaction_read_only TO $1,0,0,0,0,0,0,3080,184.6945940000002,0.009004,61.869917,0.05996577727272734,1.2797656123889631,0,0,0,0,0,0,0,0,0,0,0,0,0,0,0,0,0,0,0,0,0,0,0,0,0,0,0,0,0,0,2026-06-19 12:51:29.507658+00,2026-06-19 12:51:29.507658+00
10,16384,t,-8622747871077737519,"MOVE -1900 IN ""query-cursor_208""",0,0,0,0,0,0,1,0.295761,0.295761,0.295761,0.295761,0,0,0,0,0,0,0,0,0,0,0,0,0,0,0,0,0,0,0,0,0,0,0,0,0,0,0,0,0,0,0,2026-06-19 17:36:27.706152+00,2026-06-19 17:36:27.706152+00
10,16384,t,8617366544321588168,"FETCH 0 IN ""query-cursor_27""",0,0,0,0,0,0,1,0.003902,0.003902,0.003902,0.003902,0,0,0,0,0,0,0,0,0,0,0,0,0,0,0,0,0,0,0,0,0,0,0,0,0,0,0,0,0,0,0,2026-06-19 13:15:27.664679+00,2026-06-19 13:15:27.664679+00
16410,16412,t,8395839669630521996,"SELECT min(first_seen_dt)                                  AS load_start,
       max(first_seen_dt) - min(first_seen_dt)             AS duration,
       count(*)                                            AS total,
       count(*) / (extract($1 FROM (max(first_seen_dt) - min(first_seen_dt))) / $2)        AS erpm,
       (count(*) / (extract($3 FROM (max(first_seen_dt) - min(first_seen_dt))) / $4)) / $5 AS avg_erps
FROM dsrc_record",0,0,0,0,0,0,6,254773.47145299998,4157.819566,82673.349759,42462.24524216666,35420.78403267774,6,7984517,289200,0,0,0,0,0,0,0,0,188688.655745,0,0,0,0,0,0,0,0,0,0,0,0,0,0,0,0,0,0,2026-06-19 15:49:38.616575+00,2026-06-19 15:49:38.616575+00
10,16384,t,-4040000782189738890,"FETCH 47 IN ""query-cursor_192""",0,0,0,0,0,0,1,0.013913,0.013913,0.013913,0.013913,0,47,0,0,0,0,0,0,0,0,0,0,0,0,0,0,0,0,0,0,0,0,0,0,0,0,0,0,0,0,0,2026-06-19 17:04:27.990498+00,2026-06-19 17:04:27.990498+00
10,16384,t,6298628007294062772,"DECLARE ""query-cursor_198"" SCROLL CURSOR FOR select queryid, left(query, $1), calls, (total_plan_time + total_exec_time) as total_time from aurora_stat_statements($2) order by calls desc limit $3 FOR READ ONLY",0,0,0,0,0,0,1,0.076129,0.076129,0.076129,0.076129,0,0,0,0,0,0,0,0,0,0,0,0,0,0,0,0,0,0,0,0,0,0,0,0,0,0,0,0,0,0,0,2026-06-19 17:16:27.904437+00,2026-06-19 17:16:27.904437+00
10,16384,t,817822216146632205,"FETCH 50 IN ""query-cursor_179""",0,0,0,0,0,0,34,0.678314,0.010746,0.045257,0.019950411764705883,0.009964078305468532,1700,0,0,0,0,0,0,0,0,0,0,0,0,0,0,0,0,0,0,0,0,0,0,0,0,0,0,0,0,0,2026-06-19 16:36:28.694392+00,2026-06-19 16:36:28.694392+00
10,16384,t,38791813512872805,"FETCH 11 IN ""query-cursor_40""",0,0,0,0,0,0,1,0.001777,0.001777,0.001777,0.001777,0,11,0,0,0,0,0,0,0,0,0,0,0,0,0,0,0,0,0,0,0,0,0,0,0,0,0,0,0,0,0,2026-06-19 13:28:27.66782+00,2026-06-19 13:28:27.66782+00
16410,16412,t,-5489903090051856332,"SELECT RES_ENT_ID,LIB_FEAT_ID,FTYPE_ID,UTYPE_CODE,SUPPRESSED,OBS_ENT_CNT FROM RES_FEAT_EKEY WHERE RES_ENT_ID IN ($1,$2,$3,$4) AND FTYPE_ID IN ($5,$6,$7,$8,$9,$10,$11,$12,$13,$14,$15,$16,$17,$18,$19,$20,$21,$22,$23,$24,$25,$26,$27,$28,$29,$30,$31,$32,$33,$34,$35,$36,$37,$38,$39,$40,$41,$42,$43,$44,$45,$46,$47,$48,$49,$50,$51,$52,$53,$54,$55,$56,$57,$58,$59,$60)",0,0,0,0,0,0,9,0.8680009999999999,0.072643,0.11903799999999999,0.09644455555555555,0.012918512970076108,160,143,0,0,0,0,0,0,0,0,0,0,0,0,0,0,0,0,0,0,0,0,0,0,0,0,0,0,0,0,2026-06-19 16:45:31.563997+00,2026-06-19 16:45:31.563997+00
16410,16412,t,-2745874374281381334,"DELETE FROM RES_ENT WHERE RES_ENT_ID IN ($1,$2,$3,$4)",0,0,0,0,0,0,410,525.3717040000008,0.036966,127.23876200000001,1.281394400000002,7.137575007748403,1243,6216,0,0,0,0,0,0,0,0,0,0,0,0,0,0,0,0,0,0,0,0,0,0,0,0,0,0,0,0,2026-06-19 15:16:09.107467+00,2026-06-19 15:16:09.107467+00
10,16384,t,3499929625400338155,"FETCH 50 IN ""query-cursor_124""",0,0,0,0,0,0,17,0.05355300000000001,0.002797,0.005567,0.003150176470588236,0.0006344901830505678,850,0,0,0,0,0,0,0,0,0,0,0,0,0,0,0,0,0,0,0,0,0,0,0,0,0,0,0,0,0,2026-06-19 14:52:27.673587+00,2026-06-19 14:52:27.673587+00
10,16384,t,1771938506039566557,"MOVE -1636 IN ""query-cursor_167""",0,0,0,0,0,0,1,0.121249,0.121249,0.121249,0.121249,0,0,0,0,0,0,0,0,0,0,0,0,0,0,0,0,0,0,0,0,0,0,0,0,0,0,0,0,0,0,0,2026-06-19 16:10:27.919148+00,2026-06-19 16:10:27.919148+00
10,16384,t,7685826574134660904,"FETCH 0 IN ""query-cursor_172""",0,0,0,0,0,0,1,0.007872,0.007872,0.007872,0.007872,0,0,0,0,0,0,0,0,0,0,0,0,0,0,0,0,0,0,0,0,0,0,0,0,0,0,0,0,0,0,0,2026-06-19 16:20:28.93729+00,2026-06-19 16:20:28.93729+00
10,16384,t,908131807615482917,"DECLARE ""query-cursor_174"" SCROLL CURSOR FOR select queryid, left(query, $1), calls, (total_plan_time + total_exec_time) as total_time from aurora_stat_statements($2) order by calls desc limit $3 FOR READ ONLY",0,0,0,0,0,0,1,0.080964,0.080964,0.080964,0.080964,0,0,0,0,0,0,0,0,0,0,0,0,0,0,0,0,0,0,0,0,0,0,0,0,0,0,0,0,0,0,0,2026-06-19 16:26:27.749124+00,2026-06-19 16:26:27.749124+00
10,16384,t,6331441076211428459,"MOVE ALL IN ""query-cursor_210""",0,0,0,0,0,0,1,9.101196,9.101196,9.101196,9.101196,0,0,0,0,0,0,0,0,0,0,0,0,0,0,0,0,0,0,0,0,0,0,0,0,0,0,0,0,0,0,0,2026-06-19 17:40:27.751775+00,2026-06-19 17:40:27.751775+00
10,16384,t,-4412384395469284319,"FETCH 50 IN ""query-cursor_198""",0,0,0,0,0,0,36,0.7500819999999999,0.010208,0.052985,0.02083561111111111,0.009412386461696152,1800,0,0,0,0,0,0,0,0,0,0,0,0,0,0,0,0,0,0,0,0,0,0,0,0,0,0,0,0,0,2026-06-19 17:16:28.16259+00,2026-06-19 17:16:28.16259+00
16410,16412,t,8788062089371550003,"UPDATE RES_FEAT_EKEY AS T SET SUPPRESSED = C.SUPPRESSED FROM (VALUES (CAST ($1 AS BIGINT),CAST ($2 AS BIGINT),$3,$4)) AS C(RES_ENT_ID,LIB_FEAT_ID,UTYPE_CODE,SUPPRESSED) WHERE C.RES_ENT_ID=T.RES_ENT_ID AND C.LIB_FEAT_ID=T.LIB_FEAT_ID AND C.UTYPE_CODE=T.UTYPE_CODE",0,0,0,0,0,0,1284757,2449795.765682044,0.015702,1336.5164329999998,1.9068164374134906,8.77506782719501,1284757,15044812,16473,0,11084,0,0,0,0,0,0,303991.9333590005,414.4007639999997,0,0,0,0,0,0,0,0,0,0,0,0,0,0,0,0,0,2026-06-19 14:52:45.153806+00,2026-06-19 14:52:45.153806+00
16410,16412,t,-4573455990379267114,"INSERT INTO RES_REL_EKEY(RES_REL_ID,RES_ENT_ID,REL_ENT_ID) VALUES ($1,$2,$3),($4,$5,$6),($7,$8,$9),($10,$11,$12),($13,$14,$15),($16,$17,$18),($19,$20,$21) ON CONFLICT DO NOTHING",0,0,0,0,0,0,1,39.454779,39.454779,39.454779,39.454779,0,7,56,0,0,0,0,0,0,0,0,0,0,0,0,0,0,0,0,0,0,0,0,0,0,0,0,0,0,0,0,2026-06-19 16:00:05.107617+00,2026-06-19 16:00:05.107617+00
10,16384,t,-5310823441199021264,"FETCH 0 IN ""query-cursor_82""",0,0,0,0,0,0,1,0.003922,0.003922,0.003922,0.003922,0,0,0,0,0,0,0,0,0,0,0,0,0,0,0,0,0,0,0,0,0,0,0,0,0,0,0,0,0,0,0,2026-06-19 14:10:27.668564+00,2026-06-19 14:10:27.668564+00
16410,16412,t,-6625740995478269215,"INSERT INTO RES_FEAT_EKEY(RES_ENT_ID,LIB_FEAT_ID,FTYPE_ID,UTYPE_CODE,SUPPRESSED,OBS_ENT_CNT) VALUES ($1,$2,$3,$4,$5,$6),($7,$8,$9,$10,$11,$12),($13,$14,$15,$16,$17,$18),($19,$20,$21,$22,$23,$24),($25,$26,$27,$28,$29,$30),($31,$32,$33,$34,$35,$36),($37,$38,$39,$40,$41,$42),($43,$44,$45,$46,$47,$48),($49,$50,$51,$52,$53,$54),($55,$56,$57,$58,$59,$60),($61,$62,$63,$64,$65,$66),($67,$68,$69,$70,$71,$72) ON CONFLICT DO NOTHING",0,0,0,0,0,0,31013543,514362613.39222103,0.048149000000000004,1825.312592,16.58509682019307,42.35009561282334,372086255,5159496076,1402364,0,6058694,0,0,0,0,0,0,29935813.7651854,676583.098875983,0,0,0,0,0,0,0,0,0,0,0,0,0,0,0,0,0,2026-06-19 14:52:39.540635+00,2026-06-19 14:52:39.540635+00
10,16384,t,5256346908748421212,"MOVE ALL IN ""query-cursor_106""",0,0,0,0,0,0,1,1.658254,1.658254,1.658254,1.658254,0,0,0,0,0,0,0,0,0,0,0,0,0,0,0,0,0,0,0,0,0,0,0,0,0,0,0,0,0,0,0,2026-06-19 14:34:27.672021+00,2026-06-19 14:34:27.672021+00
10,16384,t,-4813427484811257066,"MOVE -808 IN ""query-cursor_111""",0,0,0,0,0,0,1,0.016149,0.016149,0.016149,0.016149,0,0,0,0,0,0,0,0,0,0,0,0,0,0,0,0,0,0,0,0,0,0,0,0,0,0,0,0,0,0,0,2026-06-19 14:39:27.672449+00,2026-06-19 14:39:27.672449+00
16410,16412,t,-2714072032045466085,"SELECT LIB_FEAT_ID,FTYPE_ID,UTYPE_CODE,SUPPRESSED,OBS_ENT_CNT FROM RES_FEAT_EKEY WHERE RES_ENT_ID=$1 AND LIB_FEAT_ID IN ($2)",0,0,0,0,0,0,4489414,677932.9361430052,0.0034000000000000002,617.24252,0.1510069991635891,2.551457861599124,2257402,20146158,72745,0,0,0,0,0,0,0,0,451240.6849079995,0,0,0,0,0,0,0,0,0,0,0,0,0,0,0,0,0,0,2026-06-19 14:52:52.087747+00,2026-06-19 14:52:52.087747+00
16410,16412,t,-43820001317641263,DELETE FROM RES_FEAT_EKEY WHERE RES_ENT_ID=$1 AND ((LIB_FEAT_ID=$2 AND UTYPE_CODE=$3)OR(LIB_FEAT_ID=$4 AND UTYPE_CODE=$5)OR(LIB_FEAT_ID=$6 AND UTYPE_CODE=$7)OR(LIB_FEAT_ID=$8 AND UTYPE_CODE=$9)OR(LIB_FEAT_ID=$10 AND UTYPE_CODE=$11)OR(LIB_FEAT_ID=$12 AND UTYPE_CODE=$13)OR(LIB_FEAT_ID=$14 AND UTYPE_CODE=$15)OR(LIB_FEAT_ID=$16 AND UTYPE_CODE=$17)OR(LIB_FEAT_ID=$18 AND UTYPE_CODE=$19)OR(LIB_FEAT_ID=$20 AND UTYPE_CODE=$21)OR(LIB_FEAT_ID=$22 AND UTYPE_CODE=$23)OR(LIB_FEAT_ID=$24 AND UTYPE_CODE=$25)OR(LIB_FEAT_ID=$26 AND UTYPE_CODE=$27)OR(LIB_FEAT_ID=$28 AND UTYPE_CODE=$29)OR(LIB_FEAT_ID=$30 AND UTYPE_CODE=$31)OR(LIB_FEAT_ID=$32 AND UTYPE_CODE=$33)OR(LIB_FEAT_ID=$34 AND UTYPE_CODE=$35)),0,0,0,0,0,0,24661,374509.05342999933,0.038187,508.33178899999996,15.186288205263343,33.18161164261305,413599,2116359,3881,0,0,0,0,0,0,0,0,157727.48051800017,0,0,0,0,0,0,0,0,0,0,0,0,0,0,0,0,0,0,2026-06-19 14:53:12.13264+00,2026-06-19 14:53:12.13264+00
16410,16412,t,8222817518443076321,"SELECT RES_ENT_ID,LIB_FEAT_ID,FTYPE_ID,UTYPE_CODE,SUPPRESSED,OBS_ENT_CNT FROM RES_FEAT_EKEY WHERE RES_ENT_ID IN ($1,$2,$3,$4) AND FTYPE_ID IN ($5,$6,$7,$8,$9,$10,$11,$12)",0,0,0,0,0,0,3600,8668.932977000004,0.04116,304.4171,2.408036938055557,14.640216980654417,141517,65328,300,0,0,0,0,0,0,0,0,7185.912257000002,0,0,0,0,0,0,0,0,0,0,0,0,0,0,0,0,0,0,2026-06-19 14:52:45.043583+00,2026-06-19 14:52:45.043583+00
10,16384,t,1141546406989812178,"MOVE -261 IN ""query-cursor_23""",0,0,0,0,0,0,1,0.007603,0.007603,0.007603,0.007603,0,0,0,0,0,0,0,0,0,0,0,0,0,0,0,0,0,0,0,0,0,0,0,0,0,0,0,0,0,0,0,2026-06-19 13:11:27.665004+00,2026-06-19 13:11:27.665004+00
10,16384,t,3949623703366878471,"FETCH 0 IN ""query-cursor_179""",0,0,0,0,0,0,1,0.004576,0.004576,0.004576,0.004576,0,0,0,0,0,0,0,0,0,0,0,0,0,0,0,0,0,0,0,0,0,0,0,0,0,0,0,0,0,0,0,2026-06-19 16:36:28.089894+00,2026-06-19 16:36:28.089894+00
10,16384,t,118431917173145806,"DECLARE ""query-cursor_57"" SCROLL CURSOR FOR select queryid, left(query, $1), calls, (total_plan_time + total_exec_time) as total_time from aurora_stat_statements($2) order by calls desc limit $3 FOR READ ONLY",0,0,0,0,0,0,1,0.07118,0.07118,0.07118,0.07118,0,0,0,0,0,0,0,0,0,0,0,0,0,0,0,0,0,0,0,0,0,0,0,0,0,0,0,0,0,0,0,2026-06-19 13:45:27.666786+00,2026-06-19 13:45:27.666786+00
10,16384,t,-9074799253328997148,"FETCH 31 IN ""query-cursor_205""",0,0,0,0,0,0,1,0.011137,0.011137,0.011137,0.011137,0,31,0,0,0,0,0,0,0,0,0,0,0,0,0,0,0,0,0,0,0,0,0,0,0,0,0,0,0,0,0,2026-06-19 17:30:28.081844+00,2026-06-19 17:30:28.081844+00
10,16384,t,-7574149667191542407,"MOVE ALL IN ""query-cursor_185""",0,0,0,0,0,0,1,29.643673,29.643673,29.643673,29.643673,0,0,0,0,0,0,0,0,0,0,0,0,0,0,0,0,0,0,0,0,0,0,0,0,0,0,0,0,0,0,0,2026-06-19 16:50:27.875355+00,2026-06-19 16:50:27.875355+00
10,16384,t,8549841591413832532,"FETCH 0 IN ""query-cursor_61""",0,0,0,0,0,0,1,0.003763,0.003763,0.003763,0.003763,0,0,0,0,0,0,0,0,0,0,0,0,0,0,0,0,0,0,0,0,0,0,0,0,0,0,0,0,0,0,0,2026-06-19 13:49:27.667086+00,2026-06-19 13:49:27.667086+00
10,16384,t,-1973167719505150800,"FETCH 50 IN ""query-cursor_251""",0,0,0,0,0,0,43,0.364321,0.006623,0.012051,0.008472581395348837,0.0015843302925630553,2150,0,0,0,0,0,0,0,0,0,0,0,0,0,0,0,0,0,0,0,0,0,0,0,0,0,0,0,0,0,2026-06-19 19:01:27.691649+00,2026-06-19 19:01:27.691649+00
10,16384,t,9094329838787573914,"FETCH 0 IN ""query-cursor_163""",0,0,0,0,0,0,1,0.007657,0.007657,0.007657,0.007657,0,0,0,0,0,0,0,0,0,0,0,0,0,0,0,0,0,0,0,0,0,0,0,0,0,0,0,0,0,0,0,2026-06-19 16:02:28.288162+00,2026-06-19 16:02:28.288162+00
10,16384,t,6309453353950082796,"MOVE ALL IN ""query-cursor_160""",0,0,0,0,0,0,1,43.386049,43.386049,43.386049,43.386049,0,0,0,0,0,0,0,0,0,0,0,0,0,0,0,0,0,0,0,0,0,0,0,0,0,0,0,0,0,0,0,2026-06-19 15:56:27.929867+00,2026-06-19 15:56:27.929867+00
16410,16412,t,-8910961083236723782,DELETE FROM RES_RELATE WHERE RES_REL_ID IN ($1),0,0,0,0,0,0,1160443,459763.8486349927,0.006425,657.2198040000001,0.39619683916831133,2.94105974632897,1159273,6098206,0,0,0,0,0,0,0,0,0,0,0,0,0,0,0,0,0,0,0,0,0,0,0,0,0,0,0,0,2026-06-19 14:52:52.075001+00,2026-06-19 14:52:52.075001+00
16410,16412,t,4033788947482109185,"INSERT INTO LIB_FEAT(LIB_FEAT_ID,FTYPE_ID,FEAT_HASH,FEAT_DESC,FELEM_VALUES,ANONYMIZED,VERSION) VALUES ($1,$2,$3,$4,$5,$6,$7),($8,$9,$10,$11,$12,$13,$14) ON CONFLICT(FTYPE_ID,FEAT_HASH,ANONYMIZED) DO UPDATE SET FTYPE_ID=LIB_FEAT.FTYPE_ID,FEAT_HASH=LIB_FEAT.FEAT_HASH,ANONYMIZED=LIB_FEAT.ANONYMIZED RETURNING LIB_FEAT_ID,FTYPE_ID,FEAT_HASH,ANONYMIZED,FEAT_DESC",0,0,0,0,0,0,2236419,10798243.472919844,0.047376999999999996,1433.170607,4.828363322311179,17.653879143734635,4472838,69504878,198,0,125421,0,0,0,0,0,0,3402.201986999999,17870.626620999825,0,0,0,0,0,0,0,0,0,0,0,0,0,0,0,0,0,2026-06-19 14:52:39.527637+00,2026-06-19 14:52:39.527637+00
10,16384,t,3129061752135777807,"MOVE -1844 IN ""query-cursor_199""",0,0,0,0,0,0,1,0.123696,0.123696,0.123696,0.123696,0,0,0,0,0,0,0,0,0,0,0,0,0,0,0,0,0,0,0,0,0,0,0,0,0,0,0,0,0,0,0,2026-06-19 17:18:28.310786+00,2026-06-19 17:18:28.310786+00
10,16384,t,-223007557561679090,"FETCH 0 IN ""query-cursor_36""",0,0,0,0,0,0,1,0.004162,0.004162,0.004162,0.004162,0,0,0,0,0,0,0,0,0,0,0,0,0,0,0,0,0,0,0,0,0,0,0,0,0,0,0,0,0,0,0,2026-06-19 13:24:27.665338+00,2026-06-19 13:24:27.665338+00
10,16384,t,2150527704884544203,"FETCH 8 IN ""query-cursor_250""",0,0,0,0,0,0,1,0.002194,0.002194,0.002194,0.002194,0,8,0,0,0,0,0,0,0,0,0,0,0,0,0,0,0,0,0,0,0,0,0,0,0,0,0,0,0,0,0,2026-06-19 18:59:27.700051+00,2026-06-19 18:59:27.700051+00
16410,16412,t,-6321067987065594509,"UPDATE RES_FEAT_STAT AS T SET FTYPE_ID=C.FTYPE_ID,NUM_RES_ENT=C.NUM_RES_ENT_NEW,NUM_RES_ENT_OOM=C.NUM_RES_ENT_OOM_NEW FROM (VALUES (CAST ($1 AS BIGINT),CAST ($2 AS INT),CAST ($3 AS BIGINT),CAST ($4 AS BIGINT),CAST ($5 AS BIGINT),CAST ($6 AS BIGINT)),(CAST ($7 AS BIGINT),CAST ($8 AS INT),CAST ($9 AS BIGINT),CAST ($10 AS BIGINT),CAST ($11 AS BIGINT),CAST ($12 AS BIGINT)),(CAST ($13 AS BIGINT),CAST ($14 AS INT),CAST ($15 AS BIGINT),CAST ($16 AS BIGINT),CAST ($17 AS BIGINT),CAST ($18 AS BIGINT)),(CAST ($19 AS BIGINT),CAST ($20 AS INT),CAST ($21 AS BIGINT),CAST ($22 AS BIGINT),CAST ($23 AS BIGINT),CAST ($24 AS BIGINT)),(CAST ($25 AS BIGINT),CAST ($26 AS INT),CAST ($27 AS BIGINT),CAST ($28 AS BIGINT),CAST ($29 AS BIGINT),CAST ($30 AS BIGINT)),(CAST ($31 AS BIGINT),CAST ($32 AS INT),CAST ($33 AS BIGINT),CAST ($34 AS BIGINT),CAST ($35 AS BIGINT),CAST ($36 AS BIGINT)),(CAST ($37 AS BIGINT),CAST ($38 AS INT),CAST ($39 AS BIGINT),CAST ($40 AS BIGINT),CAST ($41 AS BIGINT),CAST ($42 AS BIGINT)),(CAST ($43 AS BIGINT),CAST ($44 AS INT),CAST ($45 AS BIGINT),CAST ($46 AS BIGINT),CAST ($47 AS BIGINT),CAST ($48 AS BIGINT)),(CAST ($49 AS BIGINT),CAST ($50 AS INT),CAST ($51 AS BIGINT),CAST ($52 AS BIGINT),CAST ($53 AS BIGINT),CAST ($54 AS BIGINT)),(CAST ($55 AS BIGINT),CAST ($56 AS INT),CAST ($57 AS BIGINT),CAST ($58 AS BIGINT),CAST ($59 AS BIGINT),CAST ($60 AS BIGINT))) AS C(LIB_FEAT_ID,FTYPE_ID,NUM_RES_ENT_OLD,NUM_RES_ENT_OOM_OLD,NUM_RES_ENT_NEW,NUM_RES_ENT_OOM_NEW) WHERE C.LIB_FEAT_ID=T.LIB_FEAT_ID AND C.NUM_RES_ENT_OLD=T.NUM_RES_ENT AND C.NUM_RES_ENT_OOM_OLD=T.NUM_RES_ENT_OOM",0,0,0,0,0,0,52885,446370.22009400243,0.095857,1502.301429,8.440393686187056,39.88866029443352,528584,5205709,447,0,2317,0,0,0,0,0,0,3749.248216000002,88.860688,0,0,0,0,0,0,0,0,0,0,0,0,0,0,0,0,0,2026-06-19 14:53:27.65531+00,2026-06-19 14:53:27.65531+00
10,16384,t,1722982944485771081,"MOVE -482 IN ""query-cursor_57""",0,0,0,0,0,0,1,0.011205,0.011205,0.011205,0.011205,0,0,0,0,0,0,0,0,0,0,0,0,0,0,0,0,0,0,0,0,0,0,0,0,0,0,0,0,0,0,0,2026-06-19 13:45:27.66797+00,2026-06-19 13:45:27.66797+00
16410,16412,t,92761215252602675,"SELECT RES_ENT_ID,ENT_STATE,LOCKING_ID FROM RES_ENT WHERE RES_ENT_ID IN ($1)",0,0,0,0,0,0,84106994,4345183.945332026,0.00249,628.59748,0.05166257571079078,0.7188586363329647,57542843,310184490,14,0,0,0,0,0,0,0,0,42.273500999999996,0,0,0,0,0,0,0,0,0,0,0,0,0,0,0,0,0,0,2026-06-19 14:52:39.536745+00,2026-06-19 14:52:39.536745+00
10,16384,t,4278052312647398697,"MOVE -356 IN ""query-cursor_39""",0,0,0,0,0,0,1,0.008596,0.008596,0.008596,0.008596,0,0,0,0,0,0,0,0,0,0,0,0,0,0,0,0,0,0,0,0,0,0,0,0,0,0,0,0,0,0,0,2026-06-19 13:27:27.666329+00,2026-06-19 13:27:27.666329+00
10,16384,t,3808706151679578028,"DECLARE ""query-cursor_78"" SCROLL CURSOR FOR select queryid, left(query, $1), calls, (total_plan_time + total_exec_time) as total_time from aurora_stat_statements($2) order by calls desc limit $3 FOR READ ONLY",0,0,0,0,0,0,1,0.060822,0.060822,0.060822,0.060822,0,0,0,0,0,0,0,0,0,0,0,0,0,0,0,0,0,0,0,0,0,0,0,0,0,0,0,0,0,0,0,2026-06-19 14:06:27.668263+00,2026-06-19 14:06:27.668263+00
10,16384,t,3284693824152111817,"DECLARE ""query-cursor_222"" SCROLL CURSOR FOR select queryid, left(query, $1), calls, (total_plan_time + total_exec_time) as total_time from aurora_stat_statements($2) order by calls desc limit $3 FOR READ ONLY",0,0,0,0,0,0,1,0.099026,0.099026,0.099026,0.099026,0,0,0,0,0,0,0,0,0,0,0,0,0,0,0,0,0,0,0,0,0,0,0,0,0,0,0,0,0,0,0,2026-06-19 18:04:27.811755+00,2026-06-19 18:04:27.811755+00
16410,16412,t,6736897950508813581,"SELECT RES_ENT_ID,LIB_FEAT_ID,FTYPE_ID,UTYPE_CODE,SUPPRESSED,OBS_ENT_CNT FROM RES_FEAT_EKEY WHERE RES_ENT_ID IN ($1,$2,$3,$4,$5,$6,$7,$8,$9,$10,$11,$12,$13,$14,$15,$16) AND FTYPE_ID IN ($17,$18,$19,$20,$21,$22,$23,$24,$25,$26,$27,$28,$29,$30,$31,$32,$33)",0,0,0,0,0,0,238759,1943671.9351350209,0.102556,601.627994,8.140727407699902,24.67582171224403,57430950,13904154,92101,0,0,0,0,0,0,0,0,1556130.7395060065,0,0,0,0,0,0,0,0,0,0,0,0,0,0,0,0,0,0,2026-06-19 14:52:42.951089+00,2026-06-19 14:52:42.951089+00
10,16384,t,8210419980434429882,"MOVE ALL IN ""query-cursor_201""",0,0,0,0,0,0,1,30.310066,30.310066,30.310066,30.310066,0,0,0,0,0,0,0,0,0,0,0,0,0,0,0,0,0,0,0,0,0,0,0,0,0,0,0,0,0,0,0,2026-06-19 17:22:28.38431+00,2026-06-19 17:22:28.38431+00
16410,16412,t,6881506055043139633,UPDATE RES_ENT SET ENT_STATE=$1 WHERE RES_ENT_ID=$2,0,0,0,0,0,0,13955013,9856168.289843552,0.005710000000000001,1295.220611,0.7062815555846169,5.233421120475057,13954487,92874685,1825,0,9895,0,0,0,0,0,0,19927.736755000013,275.23644299999995,0,0,0,0,0,0,0,0,0,0,0,0,0,0,0,0,0,2026-06-19 14:52:41.84595+00,2026-06-19 14:52:41.84595+00
10,16384,t,5226685582369462295,"FETCH 0 IN ""query-cursor_45""",0,0,0,0,0,0,1,0.003986,0.003986,0.003986,0.003986,0,0,0,0,0,0,0,0,0,0,0,0,0,0,0,0,0,0,0,0,0,0,0,0,0,0,0,0,0,0,0,2026-06-19 13:33:27.66593+00,2026-06-19 13:33:27.66593+00
16410,16412,t,4655777236656378292,"SELECT RES_ENT_ID,LIB_FEAT_ID,FTYPE_ID,UTYPE_CODE,SUPPRESSED,OBS_ENT_CNT FROM RES_FEAT_EKEY WHERE RES_ENT_ID IN ($1) AND FTYPE_ID IN ($2,$3,$4,$5,$6,$7,$8,$9,$10,$11,$12,$13,$14,$15,$16,$17,$18,$19,$20,$21,$22,$23,$24,$25,$26,$27,$28,$29,$30,$31,$32,$33,$34,$35,$36,$37,$38,$39,$40,$41,$42,$43,$44,$45,$46,$47,$48,$49,$50,$51,$52,$53,$54,$55,$56,$57,$58,$59,$60,$61,$62,$63,$64,$65,$66,$67,$68)",0,0,0,0,0,0,1,0.085459,0.085459,0.085459,0.085459,0,39,8,0,0,0,0,0,0,0,0,0,0,0,0,0,0,0,0,0,0,0,0,0,0,0,0,0,0,0,0,2026-06-19 17:44:31.237987+00,2026-06-19 17:44:31.237987+00
10,16384,t,-6063603818551859592,"FETCH 31 IN ""query-cursor_115""",0,0,0,0,0,0,1,0.002895,0.002895,0.002895,0.002895,0,31,0,0,0,0,0,0,0,0,0,0,0,0,0,0,0,0,0,0,0,0,0,0,0,0,0,0,0,0,0,2026-06-19 14:43:27.675553+00,2026-06-19 14:43:27.675553+00
10,16384,t,-4259630191317040559,"select name,setting from pg_settings where name IN($1,$2,$3,$4,$5,$6,$7,$8,$9,$10,$11,$12,$13,$14,$15,$16,$17,$18,$19,$20,$21,$22,$23,$24,$25,$26,$27,$28,$29,$30,$31,$32,$33,$34,$35,$36,$37,$38,$39,$40,$41,$42,$43,$44,$45,$46,$47,$48,$49,$50,$51,$52,$53,$54,$55,$56,$57,$58,$59,$60,$61,$62,$63,$64,$65,$66,$67,$68,$69,$70,$71,$72,$73,$74,$75,$76,$77,$78,$79,$80,$81,$82,$83,$84,$85,$86,$87,$88,$89,$90,$91,$92,$93,$94,$95,$96,$97,$98,$99,$100,$101,$102,$103,$104,$105,$106,$107,$108,$109,$110,$111,$112,$113,$114,$115,$116,$117,$118,$119,$120,$121,$122,$123,$124,$125,$126,$127,$128,$129,$130,$131,$132,$133,$134,$135,$136,$137,$138,$139,$140,$141,$142,$143,$144,$145,$146,$147,$148,$149,$150,$151,$152,$153,$154,$155,$156,$157,$158,$159,$160,$161,$162,$163,$164,$165,$166,$167,$168,$169,$170,$171,$172,$173,$174,$175,$176,$177,$178,$179,$180,$181,$182,$183,$184,$185,$186,$187,$188,$189,$190,$191,$192,$193,$194,$195,$196,$197,$198,$199,$200,$201,$202,$203,$204,$205,$206,$207,$208,$209,$210,$211,$212,$213,$214,$215,$216,$217,$218,$219,$220,$221,$222,$223,$224,$225,$226,$227,$228,$229,$230,$231,$232,$233,$234,$235,$236,$237,$238,$239,$240,$241,$242,$243,$244,$245,$246,$247,$248,$249,$250,$251,$252,$253,$254,$255,$256,$257,$258,$259,$260,$261,$262,$263,$264,$265,$266,$267,$268,$269,$270,$271,$272,$273,$274,$275,$276,$277,$278,$279,$280,$281,$282,$283,$284,$285,$286,$287,$288,$289,$290,$291,$292,$293,$294,$295,$296,$297,$298,$299,$300,$301,$302,$303,$304,$305,$306,$307,$308,$309,$310,$311,$312,$313,$314) order by name",0,0,0,0,0,0,1,1.5420010000000002,1.5420010000000002,1.5420010000000002,1.5420010000000002,0,296,0,0,0,0,0,0,0,0,0,0,0,0,0,0,0,0,0,0,0,0,0,0,0,0,0,0,0,0,0,2026-06-19 13:10:53.649457+00,2026-06-19 13:10:53.649457+00
10,16384,t,3126210736499393966,select setting from pg_settings where name = $1,0,0,0,0,0,0,1,1.291525,1.291525,1.291525,1.291525,0,1,0,0,0,0,0,0,0,0,0,0,0,0,0,0,0,0,0,0,0,0,0,0,0,0,0,0,0,0,0,2026-06-19 12:49:27.109884+00,2026-06-19 12:49:27.109884+00
10,16384,t,3204687184488988817,"MOVE -796 IN ""query-cursor_109""",0,0,0,0,0,0,1,0.016303,0.016303,0.016303,0.016303,0,0,0,0,0,0,0,0,0,0,0,0,0,0,0,0,0,0,0,0,0,0,0,0,0,0,0,0,0,0,0,2026-06-19 14:37:27.672222+00,2026-06-19 14:37:27.672222+00
10,16384,t,6359595852398244952,"MOVE -1561 IN ""query-cursor_156""",0,0,0,0,0,0,1,0.0681,0.0681,0.0681,0.0681,0,0,0,0,0,0,0,0,0,0,0,0,0,0,0,0,0,0,0,0,0,0,0,0,0,0,0,0,0,0,0,2026-06-19 15:48:27.779757+00,2026-06-19 15:48:27.779757+00
10,16384,t,9067284154550215889,"DECLARE ""query-cursor_197"" SCROLL CURSOR FOR select queryid, left(query, $1), calls, (total_plan_time + total_exec_time) as total_time from aurora_stat_statements($2) order by calls desc limit $3 FOR READ ONLY",0,0,0,0,0,0,1,0.087068,0.087068,0.087068,0.087068,0,0,0,0,0,0,0,0,0,0,0,0,0,0,0,0,0,0,0,0,0,0,0,0,0,0,0,0,0,0,0,2026-06-19 17:14:28.123277+00,2026-06-19 17:14:28.123277+00
16410,16412,t,-2258461698909392556,"SELECT DSRC_ID,RECORD_ID,ENT_SRC_KEY FROM DSRC_RECORD WHERE (DSRC_ID=$1 AND ENT_SRC_KEY=$2) OR (DSRC_ID=$3 AND ENT_SRC_KEY=$4) OR (DSRC_ID=$5 AND ENT_SRC_KEY=$6) OR (DSRC_ID=$7 AND ENT_SRC_KEY=$8) OR (DSRC_ID=$9 AND ENT_SRC_KEY=$10) OR (DSRC_ID=$11 AND ENT_SRC_KEY=$12) OR (DSRC_ID=$13 AND ENT_SRC_KEY=$14) OR (DSRC_ID=$15 AND ENT_SRC_KEY=$16) OR (DSRC_ID=$17 AND ENT_SRC_KEY=$18) OR (DSRC_ID=$19 AND ENT_SRC_KEY=$20) OR (DSRC_ID=$21 AND ENT_SRC_KEY=$22) OR (DSRC_ID=$23 AND ENT_SRC_KEY=$24) OR (DSRC_ID=$25 AND ENT_SRC_KEY=$26) OR (DSRC_ID=$27 AND ENT_SRC_KEY=$28) OR (DSRC_ID=$29 AND ENT_SRC_KEY=$30) OR (DSRC_ID=$31 AND ENT_SRC_KEY=$32)",0,0,0,0,0,0,8,1.9203290000000002,0.212104,0.292402,0.24004112500000002,0.026482002895539737,72,587,0,0,0,0,0,0,0,0,0,0,0,0,0,0,0,0,0,0,0,0,0,0,0,0,0,0,0,0,2026-06-19 18:42:59.457741+00,2026-06-19 18:42:59.457741+00
10,16384,t,-4114676241810351090,"DECLARE ""query-cursor_115"" SCROLL CURSOR FOR select queryid, left(query, $1), calls, (total_plan_time + total_exec_time) as total_time from aurora_stat_statements($2) order by calls desc limit $3 FOR READ ONLY",0,0,0,0,0,0,1,0.065794,0.065794,0.065794,0.065794,0,0,0,0,0,0,0,0,0,0,0,0,0,0,0,0,0,0,0,0,0,0,0,0,0,0,0,0,0,0,0,2026-06-19 14:43:27.670932+00,2026-06-19 14:43:27.670932+00
10,16384,t,6684998814669240911,"FETCH 11 IN ""query-cursor_15""",0,0,0,0,0,0,1,0.001882,0.001882,0.001882,0.001882,0,11,0,0,0,0,0,0,0,0,0,0,0,0,0,0,0,0,0,0,0,0,0,0,0,0,0,0,0,0,0,2026-06-19 13:03:27.665223+00,2026-06-19 13:03:27.665223+00
16410,16412,t,9059404307344346861,"SELECT RES_ENT_ID,LIB_FEAT_ID,FTYPE_ID,UTYPE_CODE,SUPPRESSED,OBS_ENT_CNT FROM RES_FEAT_EKEY WHERE RES_ENT_ID IN ($1,$2) AND FTYPE_ID IN ($3,$4,$5,$6,$7,$8,$9,$10,$11,$12,$13,$14,$15,$16,$17,$18,$19,$20,$21,$22,$23,$24,$25,$26,$27,$28,$29,$30,$31,$32,$33,$34,$35,$36,$37,$38,$39,$40,$41,$42,$43,$44,$45,$46,$47,$48,$49,$50,$51,$52,$53)",0,0,0,0,0,0,4463,816.4651219999981,0.034489,56.171651000000004,0.1829408742997979,1.867928496559626,16439,47929,0,0,0,0,0,0,0,0,0,0,0,0,0,0,0,0,0,0,0,0,0,0,0,0,0,0,0,0,2026-06-19 15:00:39.698253+00,2026-06-19 15:00:39.698253+00
10,16384,t,915890514910167101,"FETCH 50 IN ""query-cursor_89""",0,0,0,0,0,0,13,0.04152499999999999,0.002814,0.005559,0.0031942307692307687,0.0006956905980994882,650,0,0,0,0,0,0,0,0,0,0,0,0,0,0,0,0,0,0,0,0,0,0,0,0,0,0,0,0,0,2026-06-19 14:17:27.670726+00,2026-06-19 14:17:27.670726+00
10,16384,t,5441927012639547176,"MOVE -550 IN ""query-cursor_68""",0,0,0,0,0,0,1,0.012894,0.012894,0.012894,0.012894,0,0,0,0,0,0,0,0,0,0,0,0,0,0,0,0,0,0,0,0,0,0,0,0,0,0,0,0,0,0,0,2026-06-19 13:56:27.66881+00,2026-06-19 13:56:27.66881+00
10,16384,t,-8195627326822672149,"FETCH 0 IN ""query-cursor_5""",0,0,0,0,0,0,1,0.003803,0.003803,0.003803,0.003803,0,0,0,0,0,0,0,0,0,0,0,0,0,0,0,0,0,0,0,0,0,0,0,0,0,0,0,0,0,0,0,2026-06-19 12:53:27.663074+00,2026-06-19 12:53:27.663074+00
10,16384,t,-5556024639596525114,"FETCH 27 IN ""query-cursor_229""",0,0,0,0,0,0,1,0.005125,0.005125,0.005125,0.005125,0,27,0,0,0,0,0,0,0,0,0,0,0,0,0,0,0,0,0,0,0,0,0,0,0,0,0,0,0,0,0,2026-06-19 18:18:27.701735+00,2026-06-19 18:18:27.701735+00
16410,16412,t,4980002282248084674,"SELECT LIB_FEAT_ID,FEAT_DESC,FTYPE_ID,ANONYMIZED,FEAT_HASH,VERSION,FELEM_VALUES FROM LIB_FEAT WHERE (FEAT_HASH=$1 AND FTYPE_ID=$2) UNION ALL SELECT LIB_FEAT_ID,FEAT_DESC,FTYPE_ID,ANONYMIZED,FEAT_HASH,VERSION,FELEM_VALUES FROM LIB_FEAT WHERE (FEAT_HASH=$3 AND FTYPE_ID=$4) UNION ALL SELECT LIB_FEAT_ID,FEAT_DESC,FTYPE_ID,ANONYMIZED,FEAT_HASH,VERSION,FELEM_VALUES FROM LIB_FEAT WHERE (FEAT_HASH=$5 AND FTYPE_ID=$6) UNION ALL SELECT LIB_FEAT_ID,FEAT_DESC,FTYPE_ID,ANONYMIZED,FEAT_HASH,VERSION,FELEM_VALUES FROM LIB_FEAT WHERE (FEAT_HASH=$7 AND FTYPE_ID=$8) UNION ALL SELECT LIB_FEAT_ID,FEAT_DESC,FTYPE_ID,ANONYMIZED,FEAT_HASH,VERSION,FELEM_VALUES FROM LIB_FEAT WHERE (FEAT_HASH=$9 AND FTYPE_ID=$10) UNION ALL SELECT LIB_FEAT_ID,FEAT_DESC,FTYPE_ID,ANONYMIZED,FEAT_HASH,VERSION,FELEM_VALUES FROM LIB_FEAT WHERE (FEAT_HASH=$11 AND FTYPE_ID=$12) UNION ALL SELECT LIB_FEAT_ID,FEAT_DESC,FTYPE_ID,ANONYMIZED,FEAT_HASH,VERSION,FELEM_VALUES FROM LIB_FEAT WHERE (FEAT_HASH=$13 AND FTYPE_ID=$14) UNION ALL SELECT LIB_FEAT_ID,FEAT_DESC,FTYPE_ID,ANONYMIZED,FEAT_HASH,VERSION,FELEM_VALUES FROM LIB_FEAT WHERE (FEAT_HASH=$15 AND FTYPE_ID=$16) UNION ALL SELECT LIB_FEAT_ID,FEAT_DESC,FTYPE_ID,ANONYMIZED,FEAT_HASH,VERSION,FELEM_VALUES FROM LIB_FEAT WHERE (FEAT_HASH=$17 AND FTYPE_ID=$18) UNION ALL SELECT LIB_FEAT_ID,FEAT_DESC,FTYPE_ID,ANONYMIZED,FEAT_HASH,VERSION,FELEM_VALUES FROM LIB_FEAT WHERE (FEAT_HASH=$19 AND FTYPE_ID=$20) UNION ALL SELECT LIB_FEAT_ID,FEAT_DESC,FTYPE_ID,ANONYMIZED,FEAT_HASH,VERSION,FELEM_VALUES FROM LIB_FEAT WHERE (FEAT_HASH=$21 AND FTYPE_ID=$22) UNION ALL SELECT LIB_FEAT_ID,FEAT_DESC,FTYPE_ID,ANONYMIZED,FEAT_HASH,VERSION,FELEM_VALUES FROM LIB_FEAT WHERE (FEAT_HASH=$23 AND FTYPE_ID=$24) UNION ALL SELECT LIB_FEAT_ID,FEAT_DESC,FTYPE_ID,ANONYMIZED,FEAT_HASH,VERSION,FELEM_VALUES FROM LIB_FEAT WHERE (FEAT_HASH=$25 AND FTYPE_ID=$26) UNION ALL SELECT LIB_FEAT_ID,FEAT_DESC,FTYPE_ID,ANONYMIZED,FEAT_HASH,VERSION,FELEM_VALUES FROM LIB_FEAT WHERE (FEAT_HASH=$27 AND FTYPE_ID=$28) UNION ALL SELECT LIB_FEAT_ID,FEAT_DESC,FTYPE_ID,ANONYMIZED,FEAT_HASH,VERSION,FELEM_VALUES FROM LIB_FEAT WHERE (FEAT_HASH=$29 AND FTYPE_ID=$30) UNION ALL SELECT LIB_FEAT_ID,FEAT_DESC,FTYPE_ID,ANONYMIZED,FEAT_HASH,VERSION,FELEM_VALUES FROM LIB_FEAT WHERE (FEAT_HASH=$31 AND FTYPE_ID=$32) UNION ALL SELECT LIB_FEAT_ID,FEAT_DESC,FTYPE_ID,ANONYMIZED,FEAT_HASH,VERSION,FELEM_VALUES FROM LIB_FEAT WHERE (FEAT_HASH=$33 AND FTYPE_ID=$34) UNION ALL SELECT LIB_FEAT_ID,FEAT_DESC,FTYPE_ID,ANONYMIZED,FEAT_HASH,VERSION,FELEM_VALUES FROM LIB_FEAT WHERE (FEAT_HASH=$35 AND FTYPE_ID=$36) UNION ALL SELECT LIB_FEAT_ID,FEAT_DESC,FTYPE_ID,ANONYMIZED,FEAT_HASH,VERSION,FELEM_VALUES FROM LIB_FEAT WHERE (FEAT_HASH=$37 AND FTYPE_ID=$38) UNION ALL SELECT LIB_FEAT_ID,FEAT_DESC,FTYPE_ID,ANONYMIZED,FEAT_HASH,VERSION,FELEM_VALUES FROM LIB_FEAT WHERE (FEAT_HASH=$39 AND FTYPE_ID=$40) UNION ALL SELECT LIB_FEAT_ID,FEAT_DESC,FTYPE_ID,ANONYMIZED,FEAT_HASH,VERSION,FELEM_VALUES FROM LIB_FEAT WHERE (FEAT_HASH=$41 AND FTYPE_ID=$42) UNION ALL SELECT LIB_FEAT_ID,FEAT_DESC,FTYPE_ID,ANONYMIZED,FEAT_HASH,VERSION,FELEM_VALUES FROM LIB_FEAT WHERE (FEAT_HASH=$43 AND FTYPE_ID=$44) UNION ALL SELECT LIB_FEAT_ID,FEAT_DESC,FTYPE_ID,ANONYMIZED,FEAT_HASH,VERSION,FELEM_VALUES FROM LIB_FEAT WHERE (FEAT_HASH=$45 AND FTYPE_ID=$46) UNION ALL SELECT LIB_FEAT_ID,FEAT_DESC,FTYPE_ID,ANONYMIZED,FEAT_HASH,VERSION,FELEM_VALUES FROM LIB_FEAT WHERE (FEAT_HASH=$47 AND FTYPE_ID=$48) UNION ALL SELECT LIB_FEAT_ID,FEAT_DESC,FTYPE_ID,ANONYMIZED,FEAT_HASH,VERSION,FELEM_VALUES FROM LIB_FEAT WHERE (FEAT_HASH=$49 AND FTYPE_ID=$50) UNION ALL SELECT LIB_FEAT_ID,FEAT_DESC,FTYPE_ID,ANONYMIZED,FEAT_HASH,VERSION,FELEM_VALUES FROM LIB_FEAT WHERE (FEAT_HASH=$51 AND FTYPE_ID=$52) UNION ALL SELECT LIB_FEAT_ID,FEAT_DESC,FTYPE_ID,ANONYMIZED,FEAT_HASH,VERSION,FELEM_VALUES FROM LIB_FEAT WHERE (FEAT_HASH=$53 AND FTYPE_ID=$54) UNION ALL SELECT LIB_FEAT_ID,FEAT_DESC,FTYPE_ID,ANONYMIZED,FEAT_HASH,VERSION,FELEM_VALUES FROM LIB_FEAT WHERE (FEAT_HASH=$55 AND FTYPE_ID=$56) UNION ALL SELECT LIB_FEAT_ID,FEAT_DESC,FTYPE_ID,ANONYMIZED,FEAT_HASH,VERSION,FELEM_VALUES FROM LIB_FEAT WHERE (FEAT_HASH=$57 AND FTYPE_ID=$58) UNION ALL SELECT LIB_FEAT_ID,FEAT_DESC,FTYPE_ID,ANONYMIZED,FEAT_HASH,VERSION,FELEM_VALUES FROM LIB_FEAT WHERE (FEAT_HASH=$59 AND FTYPE_ID=$60) UNION ALL SELECT LIB_FEAT_ID,FEAT_DESC,FTYPE_ID,ANONYMIZED,FEAT_HASH,VERSION,FELEM_VALUES FROM LIB_FEAT WHERE (FEAT_HASH=$61 AND FTYPE_ID=$62) UNION ALL SELECT LIB_FEAT_ID,FEAT_DESC,FTYPE_ID,ANONYMIZED,FEAT_HASH,VERSION,FELEM_VALUES FROM LIB_FEAT WHERE (FEAT_HASH=$63 AND FTYPE_ID=$64)",0,0,0,0,0,0,20027927,248778807.0847562,0.166821,1006.685024,12.421595459418052,35.93706927299616,153146810,3198383628,7437700,0,0,0,0,0,0,0,0,195931579.29194692,0,0,0,0,0,0,0,0,0,0,0,0,0,0,0,0,0,0,2026-06-19 14:52:39.520169+00,2026-06-19 14:52:39.520169+00
16410,16412,t,166734909208235530,DELETE FROM RES_FEAT_EKEY WHERE RES_ENT_ID=$1 AND ((LIB_FEAT_ID=$2 AND UTYPE_CODE=$3)OR(LIB_FEAT_ID=$4 AND UTYPE_CODE=$5)OR(LIB_FEAT_ID=$6 AND UTYPE_CODE=$7)OR(LIB_FEAT_ID=$8 AND UTYPE_CODE=$9)OR(LIB_FEAT_ID=$10 AND UTYPE_CODE=$11)OR(LIB_FEAT_ID=$12 AND UTYPE_CODE=$13)OR(LIB_FEAT_ID=$14 AND UTYPE_CODE=$15)OR(LIB_FEAT_ID=$16 AND UTYPE_CODE=$17)OR(LIB_FEAT_ID=$18 AND UTYPE_CODE=$19)OR(LIB_FEAT_ID=$20 AND UTYPE_CODE=$21)OR(LIB_FEAT_ID=$22 AND UTYPE_CODE=$23)OR(LIB_FEAT_ID=$24 AND UTYPE_CODE=$25)OR(LIB_FEAT_ID=$26 AND UTYPE_CODE=$27)OR(LIB_FEAT_ID=$28 AND UTYPE_CODE=$29)OR(LIB_FEAT_ID=$30 AND UTYPE_CODE=$31)OR(LIB_FEAT_ID=$32 AND UTYPE_CODE=$33)OR(LIB_FEAT_ID=$34 AND UTYPE_CODE=$35)OR(LIB_FEAT_ID=$36 AND UTYPE_CODE=$37)OR(LIB_FEAT_ID=$38 AND UTYPE_CODE=$39)OR(LIB_FEAT_ID=$40 AND UTYPE_CODE=$41)OR(LIB_FEAT_ID=$42 AND UTYPE_CODE=$43)OR(LIB_FEAT_ID=$44 AND UTYPE_CODE=$45)OR(LIB_FEAT_ID=$46 AND UTYPE_CODE=$47)OR(LIB_FEAT_ID=$48 AND UTYPE_CODE=$49)OR(LIB_FEAT_ID=$50 AND UTYPE_CODE=$51)OR(LIB_FEAT_ID=$52 AND UTYPE_CODE=$53)OR(LIB_FEAT_ID=$54 AND UTYPE_CODE=$55)OR(LIB_FEAT_ID=$56 AND UTYPE_CODE=$57)OR(LIB_FEAT_ID=$58 AND UTYPE_CODE=$59)OR(LIB_FEAT_ID=$60 AND UTYPE_CODE=$61)OR(LIB_FEAT_ID=$62 AND UTYPE_CODE=$63)OR(LIB_FEAT_ID=$64 AND UTYPE_CODE=$65)OR(LIB_FEAT_ID=$66 AND UTYPE_CODE=$67)OR(LIB_FEAT_ID=$68 AND UTYPE_CODE=$69)OR(LIB_FEAT_ID=$70 AND UTYPE_CODE=$71)OR(LIB_FEAT_ID=$72 AND UTYPE_CODE=$73)OR(LIB_FEAT_ID=$74 AND UTYPE_CODE=$75)OR(LIB_FEAT_ID=$76 AND UTYPE_CODE=$77)OR(LIB_FEAT_ID=$78 AND UTYPE_CODE=$79)OR(LIB_FEAT_ID=$80 AND UTYPE_CODE=$81)OR(LIB_FEAT_ID=$82 AND UTYPE_CODE=$83)OR(LIB_FEAT_ID=$84 AND UTYPE_CODE=$85)OR(LIB_FEAT_ID=$86 AND UTYPE_CODE=$87)OR(LIB_FEAT_ID=$88 AND UTYPE_CODE=$89)OR(LIB_FEAT_ID=$90 AND UTYPE_CODE=$91)OR(LIB_FEAT_ID=$92 AND UTYPE_CODE=$93)OR(LIB_FEAT_ID=$94 AND UTYPE_CODE=$95)OR(LIB_FEAT_ID=$96 AND UTYPE_CODE=$97)),0,0,0,0,0,0,1414,63774.186313,0.014986,566.6018200000001,45.10197051838755,76.65776340451897,40727,300068,688,0,0,0,0,0,0,0,0,41329.325185,0,0,0,0,0,0,0,0,0,0,0,0,0,0,0,0,0,0,2026-06-19 14:55:26.289102+00,2026-06-19 14:55:26.289102+00
10,16384,t,8447845298632654248,"DECLARE ""query-cursor_81"" SCROLL CURSOR FOR select queryid, left(query, $1), calls, (total_plan_time + total_exec_time) as total_time from aurora_stat_statements($2) order by calls desc limit $3 FOR READ ONLY",0,0,0,0,0,0,1,0.062645,0.062645,0.062645,0.062645,0,0,0,0,0,0,0,0,0,0,0,0,0,0,0,0,0,0,0,0,0,0,0,0,0,0,0,0,0,0,0,2026-06-19 14:09:27.668463+00,2026-06-19 14:09:27.668463+00
10,16384,t,-1182624716561635556,"MOVE -1649 IN ""query-cursor_169""",0,0,0,0,0,0,1,0.19014,0.19014,0.19014,0.19014,0,0,0,0,0,0,0,0,0,0,0,0,0,0,0,0,0,0,0,0,0,0,0,0,0,0,0,0,0,0,0,2026-06-19 16:14:28.047765+00,2026-06-19 16:14:28.047765+00
16410,16412,t,7289625077629806937,"SELECT RES_ENT_ID,LIB_FEAT_ID,FTYPE_ID,UTYPE_CODE,SUPPRESSED,OBS_ENT_CNT FROM RES_FEAT_EKEY WHERE RES_ENT_ID IN ($1,$2,$3,$4,$5,$6,$7,$8) AND FTYPE_ID IN ($9,$10,$11,$12,$13,$14,$15,$16,$17,$18)",0,0,0,0,0,0,30861,116462.64623600034,0.057122,437.44779900000003,3.7737807017271097,17.73695672675426,2831100,1037799,4841,0,0,0,0,0,0,0,0,93171.51864400021,0,0,0,0,0,0,0,0,0,0,0,0,0,0,0,0,0,0,2026-06-19 14:52:42.313917+00,2026-06-19 14:52:42.313917+00
10,16384,t,-1329554149428802010,"MOVE -137 IN ""query-cursor_5""",0,0,0,0,0,0,1,0.005166,0.005166,0.005166,0.005166,0,0,0,0,0,0,0,0,0,0,0,0,0,0,0,0,0,0,0,0,0,0,0,0,0,0,0,0,0,0,0,2026-06-19 12:53:27.663472+00,2026-06-19 12:53:27.663472+00
10,16384,t,2984506612567668706,"MOVE -155 IN ""query-cursor_7""",0,0,0,0,0,0,1,0.005863,0.005863,0.005863,0.005863,0,0,0,0,0,0,0,0,0,0,0,0,0,0,0,0,0,0,0,0,0,0,0,0,0,0,0,0,0,0,0,2026-06-19 12:55:27.663689+00,2026-06-19 12:55:27.663689+00
16410,16412,t,-6200324751806807237,"INSERT INTO RES_FEAT_STAT(LIB_FEAT_ID,FTYPE_ID,NUM_RES_ENT,NUM_RES_ENT_OOM) VALUES ($1,$2,$3,$4),($5,$6,$7,$8),($9,$10,$11,$12),($13,$14,$15,$16),($17,$18,$19,$20),($21,$22,$23,$24),($25,$26,$27,$28),($29,$30,$31,$32),($33,$34,$35,$36),($37,$38,$39,$40),($41,$42,$43,$44),($45,$46,$47,$48),($49,$50,$51,$52),($53,$54,$55,$56),($57,$58,$59,$60),($61,$62,$63,$64),($65,$66,$67,$68),($69,$70,$71,$72) ON CONFLICT DO NOTHING",0,0,0,0,0,0,1797198,34140997.212952346,0.157861,2846.104831,18.99679234728302,75.1026838468834,32349509,321119674,15059,0,328022,0,0,0,0,0,0,154924.03594400047,31287.59053600045,0,0,0,0,0,0,0,0,0,0,0,0,0,0,0,0,0,2026-06-19 14:52:39.531153+00,2026-06-19 14:52:39.531153+00
16410,16412,t,-297814904996348591,"SELECT RES_ENT_ID,LIB_FEAT_ID,FTYPE_ID,UTYPE_CODE,SUPPRESSED,OBS_ENT_CNT FROM RES_FEAT_EKEY WHERE RES_ENT_ID IN ($1,$2) AND FTYPE_ID IN ($3,$4,$5,$6,$7,$8,$9,$10,$11,$12,$13,$14,$15)",0,0,0,0,0,0,217144,314788.3150060008,0.026699999999999998,567.082103,1.4496753997623735,10.49154253103509,7718799,2349057,12659,0,0,0,0,0,0,0,0,252530.26229200023,0,0,0,0,0,0,0,0,0,0,0,0,0,0,0,0,0,0,2026-06-19 14:52:41.71805+00,2026-06-19 14:52:41.71805+00
10,16384,t,4246613426976813762,"FETCH 39 IN ""query-cursor_160""",0,0,0,0,0,0,1,0.011616,0.011616,0.011616,0.011616,0,39,0,0,0,0,0,0,0,0,0,0,0,0,0,0,0,0,0,0,0,0,0,0,0,0,0,0,0,0,0,2026-06-19 15:56:27.949022+00,2026-06-19 15:56:27.949022+00
16410,16412,t,-2387102161640129417,"UPDATE RES_FEAT_EKEY AS T SET SUPPRESSED=C.SUPPRESSED,OBS_ENT_CNT=C.OBS_ENT_CNT FROM (VALUES (CAST ($1 AS BIGINT),CAST ($2 AS BIGINT),$3,$4,CAST ($5 AS BIGINT)),(CAST ($6 AS BIGINT),CAST ($7 AS BIGINT),$8,$9,CAST ($10 AS BIGINT)),(CAST ($11 AS BIGINT),CAST ($12 AS BIGINT),$13,$14,CAST ($15 AS BIGINT)),(CAST ($16 AS BIGINT),CAST ($17 AS BIGINT),$18,$19,CAST ($20 AS BIGINT)),(CAST ($21 AS BIGINT),CAST ($22 AS BIGINT),$23,$24,CAST ($25 AS BIGINT)),(CAST ($26 AS BIGINT),CAST ($27 AS BIGINT),$28,$29,CAST ($30 AS BIGINT)),(CAST ($31 AS BIGINT),CAST ($32 AS BIGINT),$33,$34,CAST ($35 AS BIGINT)),(CAST ($36 AS BIGINT),CAST ($37 AS BIGINT),$38,$39,CAST ($40 AS BIGINT)),(CAST ($41 AS BIGINT),CAST ($42 AS BIGINT),$43,$44,CAST ($45 AS BIGINT)),(CAST ($46 AS BIGINT),CAST ($47 AS BIGINT),$48,$49,CAST ($50 AS BIGINT)),(CAST ($51 AS BIGINT),CAST ($52 AS BIGINT),$53,$54,CAST ($55 AS BIGINT)),(CAST ($56 AS BIGINT),CAST ($57 AS BIGINT),$58,$59,CAST ($60 AS BIGINT)),(CAST ($61 AS BIGINT),CAST ($62 AS BIGINT),$63,$64,CAST ($65 AS BIGINT)),(CAST ($66 AS BIGINT),CAST ($67 AS BIGINT),$68,$69,CAST ($70 AS BIGINT)),(CAST ($71 AS BIGINT),CAST ($72 AS BIGINT),$73,$74,CAST ($75 AS BIGINT)),(CAST ($76 AS BIGINT),CAST ($77 AS BIGINT),$78,$79,CAST ($80 AS BIGINT)),(CAST ($81 AS BIGINT),CAST ($82 AS BIGINT),$83,$84,CAST ($85 AS BIGINT))) AS C(RES_ENT_ID,LIB_FEAT_ID,UTYPE_CODE,SUPPRESSED,OBS_ENT_CNT) WHERE C.RES_ENT_ID=T.RES_ENT_ID AND C.LIB_FEAT_ID=T.LIB_FEAT_ID AND C.UTYPE_CODE=T.UTYPE_CODE",0,0,0,0,0,0,47813,909986.6273380027,0.13342299999999999,897.062804,19.03220101934626,40.48993519819573,812821,12010072,13018,0,2707,0,0,0,0,0,0,307839.02130400017,245.12582599999996,0,0,0,0,0,0,0,0,0,0,0,0,0,0,0,0,0,2026-06-19 14:53:28.112712+00,2026-06-19 14:53:28.112712+00
10,16384,t,3082713230117206929,"DECLARE ""query-cursor_179"" SCROLL CURSOR FOR select queryid, left(query, $1), calls, (total_plan_time + total_exec_time) as total_time from aurora_stat_statements($2) order by calls desc limit $3 FOR READ ONLY",0,0,0,0,0,0,1,0.084688,0.084688,0.084688,0.084688,0,0,0,0,0,0,0,0,0,0,0,0,0,0,0,0,0,0,0,0,0,0,0,0,0,0,0,0,0,0,0,2026-06-19 16:36:28.089809+00,2026-06-19 16:36:28.089809+00
10,16384,t,-247263506189415850,"FETCH 37 IN ""query-cursor_206""",0,0,0,0,0,0,1,0.011443,0.011443,0.011443,0.011443,0,37,0,0,0,0,0,0,0,0,0,0,0,0,0,0,0,0,0,0,0,0,0,0,0,0,0,0,0,0,0,2026-06-19 17:32:27.777161+00,2026-06-19 17:32:27.777161+00
10,16384,t,3710807821320377831,"FETCH 37 IN ""query-cursor_66""",0,0,0,0,0,0,1,0.002691,0.002691,0.002691,0.002691,0,37,0,0,0,0,0,0,0,0,0,0,0,0,0,0,0,0,0,0,0,0,0,0,0,0,0,0,0,0,0,2026-06-19 13:54:27.670782+00,2026-06-19 13:54:27.670782+00
10,16384,t,-3724618404267168752,"FETCH 0 IN ""query-cursor_74""",0,0,0,0,0,0,1,0.003735,0.003735,0.003735,0.003735,0,0,0,0,0,0,0,0,0,0,0,0,0,0,0,0,0,0,0,0,0,0,0,0,0,0,0,0,0,0,0,2026-06-19 14:02:27.668056+00,2026-06-19 14:02:27.668056+00
10,16384,t,-610537397179448650,"MOVE ALL IN ""query-cursor_207""",0,0,0,0,0,0,1,7.538997,7.538997,7.538997,7.538997,0,0,0,0,0,0,0,0,0,0,0,0,0,0,0,0,0,0,0,0,0,0,0,0,0,0,0,0,0,0,0,2026-06-19 17:34:27.718976+00,2026-06-19 17:34:27.718976+00
10,16384,t,-3793607430723964735,"FETCH 50 IN ""query-cursor_108""",0,0,0,0,0,0,15,0.045570000000000006,0.002666,0.005627,0.0030380000000000003,0.0007202599530725,750,0,0,0,0,0,0,0,0,0,0,0,0,0,0,0,0,0,0,0,0,0,0,0,0,0,0,0,0,0,2026-06-19 14:36:27.672286+00,2026-06-19 14:36:27.672286+00
16410,16412,t,-6078229899071038424,"INSERT INTO RES_REL_EKEY(RES_REL_ID,RES_ENT_ID,REL_ENT_ID) VALUES ($1,$2,$3),($4,$5,$6) ON CONFLICT DO NOTHING",0,0,0,0,0,0,4462298,8629534.117488673,0.027365,732.110596,1.9338766970490704,7.464607464652948,8924482,80042537,12319,0,140294,0,0,0,0,0,0,348815.820727,20804.541510000206,0,0,0,0,0,0,0,0,0,0,0,0,0,0,0,0,0,2026-06-19 14:52:40.270658+00,2026-06-19 14:52:40.270658+00
10,16384,t,2121277264639666804,"FETCH 28 IN ""query-cursor_237""",0,0,0,0,0,0,1,0.008778,0.008778,0.008778,0.008778,0,28,0,0,0,0,0,0,0,0,0,0,0,0,0,0,0,0,0,0,0,0,0,0,0,0,0,0,0,0,0,2026-06-19 18:31:27.719442+00,2026-06-19 18:31:27.719442+00
10,16384,t,7160007928400444551,"FETCH 20 IN ""query-cursor_33""",0,0,0,0,0,0,1,0.002233,0.002233,0.002233,0.002233,0,20,0,0,0,0,0,0,0,0,0,0,0,0,0,0,0,0,0,0,0,0,0,0,0,0,0,0,0,0,0,2026-06-19 13:21:27.667037+00,2026-06-19 13:21:27.667037+00
16410,16412,t,-4730469971484864060,"UPDATE RES_FEAT_STAT AS T SET FTYPE_ID=C.FTYPE_ID,NUM_RES_ENT=C.NUM_RES_ENT_NEW,NUM_RES_ENT_OOM=C.NUM_RES_ENT_OOM_NEW FROM (VALUES (CAST ($1 AS BIGINT),CAST ($2 AS INT),CAST ($3 AS BIGINT),CAST ($4 AS BIGINT),CAST ($5 AS BIGINT),CAST ($6 AS BIGINT)),(CAST ($7 AS BIGINT),CAST ($8 AS INT),CAST ($9 AS BIGINT),CAST ($10 AS BIGINT),CAST ($11 AS BIGINT),CAST ($12 AS BIGINT)),(CAST ($13 AS BIGINT),CAST ($14 AS INT),CAST ($15 AS BIGINT),CAST ($16 AS BIGINT),CAST ($17 AS BIGINT),CAST ($18 AS BIGINT)),(CAST ($19 AS BIGINT),CAST ($20 AS INT),CAST ($21 AS BIGINT),CAST ($22 AS BIGINT),CAST ($23 AS BIGINT),CAST ($24 AS BIGINT)),(CAST ($25 AS BIGINT),CAST ($26 AS INT),CAST ($27 AS BIGINT),CAST ($28 AS BIGINT),CAST ($29 AS BIGINT),CAST ($30 AS BIGINT)),(CAST ($31 AS BIGINT),CAST ($32 AS INT),CAST ($33 AS BIGINT),CAST ($34 AS BIGINT),CAST ($35 AS BIGINT),CAST ($36 AS BIGINT)),(CAST ($37 AS BIGINT),CAST ($38 AS INT),CAST ($39 AS BIGINT),CAST ($40 AS BIGINT),CAST ($41 AS BIGINT),CAST ($42 AS BIGINT)),(CAST ($43 AS BIGINT),CAST ($44 AS INT),CAST ($45 AS BIGINT),CAST ($46 AS BIGINT),CAST ($47 AS BIGINT),CAST ($48 AS BIGINT)),(CAST ($49 AS BIGINT),CAST ($50 AS INT),CAST ($51 AS BIGINT),CAST ($52 AS BIGINT),CAST ($53 AS BIGINT),CAST ($54 AS BIGINT)),(CAST ($55 AS BIGINT),CAST ($56 AS INT),CAST ($57 AS BIGINT),CAST ($58 AS BIGINT),CAST ($59 AS BIGINT),CAST ($60 AS BIGINT)),(CAST ($61 AS BIGINT),CAST ($62 AS INT),CAST ($63 AS BIGINT),CAST ($64 AS BIGINT),CAST ($65 AS BIGINT),CAST ($66 AS BIGINT)),(CAST ($67 AS BIGINT),CAST ($68 AS INT),CAST ($69 AS BIGINT),CAST ($70 AS BIGINT),CAST ($71 AS BIGINT),CAST ($72 AS BIGINT)),(CAST ($73 AS BIGINT),CAST ($74 AS INT),CAST ($75 AS BIGINT),CAST ($76 AS BIGINT),CAST ($77 AS BIGINT),CAST ($78 AS BIGINT)),(CAST ($79 AS BIGINT),CAST ($80 AS INT),CAST ($81 AS BIGINT),CAST ($82 AS BIGINT),CAST ($83 AS BIGINT),CAST ($84 AS BIGINT)),(CAST ($85 AS BIGINT),CAST ($86 AS INT),CAST ($87 AS BIGINT),CAST ($88 AS BIGINT),CAST ($89 AS BIGINT),CAST ($90 AS BIGINT)),(CAST ($91 AS BIGINT),CAST ($92 AS INT),CAST ($93 AS BIGINT),CAST ($94 AS BIGINT),CAST ($95 AS BIGINT),CAST ($96 AS BIGINT)),(CAST ($97 AS BIGINT),CAST ($98 AS INT),CAST ($99 AS BIGINT),CAST ($100 AS BIGINT),CAST ($101 AS BIGINT),CAST ($102 AS BIGINT)),(CAST ($103 AS BIGINT),CAST ($104 AS INT),CAST ($105 AS BIGINT),CAST ($106 AS BIGINT),CAST ($107 AS BIGINT),CAST ($108 AS BIGINT)),(CAST ($109 AS BIGINT),CAST ($110 AS INT),CAST ($111 AS BIGINT),CAST ($112 AS BIGINT),CAST ($113 AS BIGINT),CAST ($114 AS BIGINT)),(CAST ($115 AS BIGINT),CAST ($116 AS INT),CAST ($117 AS BIGINT),CAST ($118 AS BIGINT),CAST ($119 AS BIGINT),CAST ($120 AS BIGINT))) AS C(LIB_FEAT_ID,FTYPE_ID,NUM_RES_ENT_OLD,NUM_RES_ENT_OOM_OLD,NUM_RES_ENT_NEW,NUM_RES_ENT_OOM_NEW) WHERE C.LIB_FEAT_ID=T.LIB_FEAT_ID AND C.NUM_RES_ENT_OLD=T.NUM_RES_ENT AND C.NUM_RES_ENT_OOM_OLD=T.NUM_RES_ENT_OOM",0,0,0,0,0,0,21775,293513.6258150008,0.195966,1575.913897,13.479385800918521,61.48620451277868,435249,4867269,629,0,2586,0,0,0,0,0,0,6306.920109000006,9.411934000000002,0,0,0,0,0,0,0,0,0,0,0,0,0,0,0,0,0,2026-06-19 14:54:08.219744+00,2026-06-19 14:54:08.219744+00
10,16384,t,2761037230203928035,"MOVE ALL IN ""query-cursor_6""",0,0,0,0,0,0,1,0.339623,0.339623,0.339623,0.339623,0,0,0,0,0,0,0,0,0,0,0,0,0,0,0,0,0,0,0,0,0,0,0,0,0,0,0,0,0,0,0,2026-06-19 12:54:27.663573+00,2026-06-19 12:54:27.663573+00
10,16384,t,9210847651808917767,"MOVE -778 IN ""query-cursor_106""",0,0,0,0,0,0,1,0.016242,0.016242,0.016242,0.016242,0,0,0,0,0,0,0,0,0,0,0,0,0,0,0,0,0,0,0,0,0,0,0,0,0,0,0,0,0,0,0,2026-06-19 14:34:27.672086+00,2026-06-19 14:34:27.672086+00
10,16384,t,-1317227696660859738,"FETCH 0 IN ""query-cursor_154""",0,0,0,0,0,0,1,0.005568,0.005568,0.005568,0.005568,0,0,0,0,0,0,0,0,0,0,0,0,0,0,0,0,0,0,0,0,0,0,0,0,0,0,0,0,0,0,0,2026-06-19 15:44:27.682297+00,2026-06-19 15:44:27.682297+00
10,16384,t,582935544749903618,"FETCH 0 IN ""query-cursor_159""",0,0,0,0,0,0,1,0.007252,0.007252,0.007252,0.007252,0,0,0,0,0,0,0,0,0,0,0,0,0,0,0,0,0,0,0,0,0,0,0,0,0,0,0,0,0,0,0,2026-06-19 15:54:27.946418+00,2026-06-19 15:54:27.946418+00
16410,16412,t,1894612222214646308,SELECT NEXT_SEQUENCE FROM SYS_SEQUENCE WHERE SEQUENCE_NAME = $1,0,0,0,0,0,0,5159,445.0173239999993,0.004903,36.080498000000006,0.08626038457065309,0.8567612995207821,5159,10318,0,0,0,0,0,0,0,0,0,0,0,0,0,0,0,0,0,0,0,0,0,0,0,0,0,0,0,0,2026-06-19 14:52:39.497926+00,2026-06-19 14:52:39.497926+00
16410,16412,t,-1395607961413732945,SELECT n.nspname FROM pg_class c JOIN pg_namespace n ON n.oid = c.relnamespace WHERE c.oid = to_regclass($1),0,0,0,0,0,0,2460,106.29500599999996,0.009395,58.174627,0.043209352032520305,1.1726639846501625,2460,12300,0,0,0,0,0,0,0,0,0,0,0,0,0,0,0,0,0,0,0,0,0,0,0,0,0,0,0,0,2026-06-19 14:52:42.122401+00,2026-06-19 14:52:42.122401+00
10,16384,t,5515528088930728582,"MOVE ALL IN ""query-cursor_169""",0,0,0,0,0,0,1,32.910893,32.910893,32.910893,32.910893,0,0,0,0,0,0,0,0,0,0,0,0,0,0,0,0,0,0,0,0,0,0,0,0,0,0,0,0,0,0,0,2026-06-19 16:14:28.046507+00,2026-06-19 16:14:28.046507+00
10,16384,t,-3028090953104853869,"FETCH 50 IN ""query-cursor_227""",0,0,0,0,0,0,40,0.7289660000000001,0.010897,0.039062,0.01822415,0.006727238101739824,2000,0,0,0,0,0,0,0,0,0,0,0,0,0,0,0,0,0,0,0,0,0,0,0,0,0,0,0,0,0,2026-06-19 18:14:28.004475+00,2026-06-19 18:14:28.004475+00
10,16384,t,8967469657601025394,"MOVE -85 IN ""query-cursor_3""",0,0,0,0,0,0,1,0.004242,0.004242,0.004242,0.004242,0,0,0,0,0,0,0,0,0,0,0,0,0,0,0,0,0,0,0,0,0,0,0,0,0,0,0,0,0,0,0,2026-06-19 12:51:27.663263+00,2026-06-19 12:51:27.663263+00
10,16384,t,-6919154136185442933,"MOVE -1918 IN ""query-cursor_211""",0,0,0,0,0,0,1,0.203692,0.203692,0.203692,0.203692,0,0,0,0,0,0,0,0,0,0,0,0,0,0,0,0,0,0,0,0,0,0,0,0,0,0,0,0,0,0,0,2026-06-19 17:42:27.741919+00,2026-06-19 17:42:27.741919+00
10,16384,t,7756975804111134694,"FETCH 0 IN ""query-cursor_198""",0,0,0,0,0,0,1,0.00942,0.00942,0.00942,0.00942,0,0,0,0,0,0,0,0,0,0,0,0,0,0,0,0,0,0,0,0,0,0,0,0,0,0,0,0,0,0,0,2026-06-19 17:16:27.91163+00,2026-06-19 17:16:27.91163+00
16410,16412,t,-4439614070854878284,"SELECT RES_ENT_ID FROM RES_ENT WHERE RES_ENT_ID IN ($1,$2)",0,0,0,0,0,0,1271710,100287.95475000713,0.008297,372.355904,0.07886071097184667,1.1063610188055597,90834,7882112,0,0,0,0,0,0,0,0,0,0,0,0,0,0,0,0,0,0,0,0,0,0,0,0,0,0,0,0,2026-06-19 14:54:08.122782+00,2026-06-19 14:54:08.122782+00
10,16384,t,-4510676116538785710,"MOVE -1992 IN ""query-cursor_223""",0,0,0,0,0,0,1,0.187016,0.187016,0.187016,0.187016,0,0,0,0,0,0,0,0,0,0,0,0,0,0,0,0,0,0,0,0,0,0,0,0,0,0,0,0,0,0,0,2026-06-19 18:06:27.821654+00,2026-06-19 18:06:27.821654+00
10,16384,t,2223841239771881963,"FETCH 50 IN ""query-cursor_223""",0,0,0,0,0,0,39,0.6223319999999999,0.008303,0.038887,0.015957230769230765,0.006033225507443648,1950,0,0,0,0,0,0,0,0,0,0,0,0,0,0,0,0,0,0,0,0,0,0,0,0,0,0,0,0,0,2026-06-19 18:06:27.822065+00,2026-06-19 18:06:27.822065+00
10,16384,t,3379209612423448662,"FETCH 37 IN ""query-cursor_91""",0,0,0,0,0,0,1,0.002702,0.002702,0.002702,0.002702,0,37,0,0,0,0,0,0,0,0,0,0,0,0,0,0,0,0,0,0,0,0,0,0,0,0,0,0,0,0,0,2026-06-19 14:19:27.673106+00,2026-06-19 14:19:27.673106+00
10,16384,t,-7457112471979694302,"MOVE ALL IN ""query-cursor_105""",0,0,0,0,0,0,1,1.657996,1.657996,1.657996,1.657996,0,0,0,0,0,0,0,0,0,0,0,0,0,0,0,0,0,0,0,0,0,0,0,0,0,0,0,0,0,0,0,2026-06-19 14:33:27.671908+00,2026-06-19 14:33:27.671908+00
10,16384,t,8387157620693313703,"FETCH 0 IN ""query-cursor_2""",0,0,0,0,0,0,1,0.004266,0.004266,0.004266,0.004266,0,0,0,0,0,0,0,0,0,0,0,0,0,0,0,0,0,0,0,0,0,0,0,0,0,0,0,0,0,0,0,2026-06-19 12:50:27.662863+00,2026-06-19 12:50:27.662863+00
10,16384,t,6198174684226271613,"FETCH 11 IN ""query-cursor_95""",0,0,0,0,0,0,1,0.001738,0.001738,0.001738,0.001738,0,11,0,0,0,0,0,0,0,0,0,0,0,0,0,0,0,0,0,0,0,0,0,0,0,0,0,0,0,0,0,2026-06-19 14:23:27.673639+00,2026-06-19 14:23:27.673639+00
10,16384,t,-8600104167548717103,"SELECT name,setting FROM pg_settings where vartype in ($1,$2 ,$3)",0,0,0,0,0,0,255,707.8913869999997,1.260457,64.919893,2.7760446549019595,7.033089314267334,87210,0,0,0,0,0,0,0,0,0,0,0,0,0,0,0,0,0,0,0,0,0,0,0,0,0,0,0,0,0,2026-06-19 12:49:27.241116+00,2026-06-19 12:49:27.241116+00
10,16384,t,-5489471986988926222,"FETCH 32 IN ""query-cursor_35""",0,0,0,0,0,0,1,0.003234,0.003234,0.003234,0.003234,0,32,0,0,0,0,0,0,0,0,0,0,0,0,0,0,0,0,0,0,0,0,0,0,0,0,0,0,0,0,0,2026-06-19 13:23:27.667226+00,2026-06-19 13:23:27.667226+00
10,16384,t,7693075666307653452,"select sum(numbackends) as numbackends, sum(xact_commit) as xact_commit, sum(xact_rollback) as xact_rollback, sum(blks_read) as blks_read, sum(blks_hit) as blks_hit, sum(storage_blks_read) as storage_blks_read, sum(orcache_blks_hit) as orcache_blks_hit, sum(local_blks_read) as local_blks_read, sum(tup_returned) as tup_returned, sum(tup_fetched) as tup_fetched, sum(tup_inserted) as tup_inserted, sum(tup_updated) as tup_updated, sum(tup_deleted) as tup_deleted, sum(conflicts) as conflicts, sum(temp_files) as temp_files, sum(temp_bytes) as temp_bytes, sum(deadlocks) as deadlocks, sum(blk_read_time) as blk_read_time, sum(blk_write_time) as blk_write_time, sum(storage_blk_read_time) as storage_blk_read_time, sum(local_blk_read_time) as local_blk_read_time, sum(orcache_blk_read_time) as orcache_blk_read_time from aurora_stat_database()",0,0,0,0,0,0,255,1988.0736319999992,0.12353399999999999,300.93627899999996,7.7963671843137226,26.52049664209395,255,255,0,0,0,0,0,0,0,0,0,0,0,0,0,0,0,0,0,0,0,0,0,0,0,0,0,0,0,0,2026-06-19 12:49:27.218424+00,2026-06-19 12:49:27.218424+00
16410,16412,t,-3303457294138707934,"CREATE TABLE SYS_VARS (VAR_GROUP VARCHAR(25) NOT NULL, VAR_CODE VARCHAR(25) NOT NULL, VAR_VALUE VARCHAR(25) NOT NULL, SYS_LSTUPD_DT TIMESTAMP, PRIMARY KEY(VAR_GROUP, VAR_CODE))",0,0,0,0,0,0,1,2.371584,2.371584,2.371584,2.371584,0,0,228,0,0,0,0,0,0,0,0,0,0,0,0,0,0,0,0,0,0,0,0,0,0,0,0,0,0,0,0,2026-06-19 12:52:04.212547+00,2026-06-19 12:52:04.212547+00
16410,16412,t,-6019320501356650632,"SELECT RES_ENT_ID,LIB_FEAT_ID,FTYPE_ID,UTYPE_CODE,SUPPRESSED,OBS_ENT_CNT FROM RES_FEAT_EKEY WHERE RES_ENT_ID IN ($1,$2,$3,$4) AND FTYPE_ID IN ($5,$6,$7,$8,$9,$10,$11,$12,$13,$14,$15,$16,$17,$18,$19,$20,$21,$22,$23,$24,$25,$26,$27,$28,$29,$30,$31,$32,$33,$34,$35,$36,$37,$38,$39,$40,$41,$42,$43,$44,$45,$46,$47,$48,$49,$50,$51,$52,$53,$54,$55,$56,$57,$58,$59,$60,$61)",0,0,0,0,0,0,6,0.523107,0.062891,0.107322,0.0871845,0.015325426375254083,131,99,0,0,0,0,0,0,0,0,0,0,0,0,0,0,0,0,0,0,0,0,0,0,0,0,0,0,0,0,2026-06-19 17:05:08.256629+00,2026-06-19 17:05:08.256629+00
10,16384,t,7471684123155172612,"FETCH 50 IN ""query-cursor_86""",0,0,0,0,0,0,13,0.041746000000000005,0.002766,0.005631,0.0032112307692307696,0.0007266490163066407,650,0,0,0,0,0,0,0,0,0,0,0,0,0,0,0,0,0,0,0,0,0,0,0,0,0,0,0,0,0,2026-06-19 14:14:27.670458+00,2026-06-19 14:14:27.670458+00
10,16384,t,-1697998214852207459,"FETCH 39 IN ""query-cursor_53""",0,0,0,0,0,0,1,0.002906,0.002906,0.002906,0.002906,0,39,0,0,0,0,0,0,0,0,0,0,0,0,0,0,0,0,0,0,0,0,0,0,0,0,0,0,0,0,0,2026-06-19 13:41:27.669022+00,2026-06-19 13:41:27.669022+00
10,16384,t,-3476324948874819393,"DECLARE ""query-cursor_159"" SCROLL CURSOR FOR select queryid, left(query, $1), calls, (total_plan_time + total_exec_time) as total_time from aurora_stat_statements($2) order by calls desc limit $3 FOR READ ONLY",0,0,0,0,0,0,1,0.07686,0.07686,0.07686,0.07686,0,0,0,0,0,0,0,0,0,0,0,0,0,0,0,0,0,0,0,0,0,0,0,0,0,0,0,0,0,0,0,2026-06-19 15:54:27.94612+00,2026-06-19 15:54:27.94612+00
16410,16412,t,8184786068801027125,DELETE FROM RES_FEAT_EKEY WHERE RES_ENT_ID=$1 AND ((LIB_FEAT_ID=$2 AND UTYPE_CODE=$3)OR(LIB_FEAT_ID=$4 AND UTYPE_CODE=$5)OR(LIB_FEAT_ID=$6 AND UTYPE_CODE=$7)),0,0,0,0,0,0,3537,3390.3011849999925,0.010409,78.334282,0.9585245080576739,4.693981903955982,8800,54929,4,0,0,0,0,0,0,0,0,4.6982729999999995,0,0,0,0,0,0,0,0,0,0,0,0,0,0,0,0,0,0,2026-06-19 14:58:05.684292+00,2026-06-19 14:58:05.684292+00
10,16384,t,1308265305044117469,"FETCH 33 IN ""query-cursor_52""",0,0,0,0,0,0,1,0.002833,0.002833,0.002833,0.002833,0,33,0,0,0,0,0,0,0,0,0,0,0,0,0,0,0,0,0,0,0,0,0,0,0,0,0,0,0,0,0,2026-06-19 13:40:27.668922+00,2026-06-19 13:40:27.668922+00
10,16384,t,8517291379001497060,"MOVE -670 IN ""query-cursor_88""",0,0,0,0,0,0,1,0.014753,0.014753,0.014753,0.014753,0,0,0,0,0,0,0,0,0,0,0,0,0,0,0,0,0,0,0,0,0,0,0,0,0,0,0,0,0,0,0,2026-06-19 14:16:27.670615+00,2026-06-19 14:16:27.670615+00
10,16384,t,6754113706143774615,"FETCH 35 IN ""query-cursor_222""",0,0,0,0,0,0,1,0.012374,0.012374,0.012374,0.012374,0,35,0,0,0,0,0,0,0,0,0,0,0,0,0,0,0,0,0,0,0,0,0,0,0,0,0,0,0,0,0,2026-06-19 18:04:27.855851+00,2026-06-19 18:04:27.855851+00
10,1,t,1623369012368112450,SET application_name = $1,0,0,0,0,0,0,3,0.032579,0.009489,0.011964,0.010859666666666665,0.0010278152665835546,0,0,0,0,0,0,0,0,0,0,0,0,0,0,0,0,0,0,0,0,0,0,0,0,0,0,0,0,0,0,2026-06-19 13:45:00.135152+00,2026-06-19 13:45:00.135152+00
16410,16412,t,-8234124169179915778,"UPDATE RES_FEAT_EKEY AS T SET SUPPRESSED=C.SUPPRESSED,OBS_ENT_CNT=C.OBS_ENT_CNT FROM (VALUES (CAST ($1 AS BIGINT),CAST ($2 AS BIGINT),$3,$4,CAST ($5 AS BIGINT)),(CAST ($6 AS BIGINT),CAST ($7 AS BIGINT),$8,$9,CAST ($10 AS BIGINT)),(CAST ($11 AS BIGINT),CAST ($12 AS BIGINT),$13,$14,CAST ($15 AS BIGINT)),(CAST ($16 AS BIGINT),CAST ($17 AS BIGINT),$18,$19,CAST ($20 AS BIGINT)),(CAST ($21 AS BIGINT),CAST ($22 AS BIGINT),$23,$24,CAST ($25 AS BIGINT)),(CAST ($26 AS BIGINT),CAST ($27 AS BIGINT),$28,$29,CAST ($30 AS BIGINT)),(CAST ($31 AS BIGINT),CAST ($32 AS BIGINT),$33,$34,CAST ($35 AS BIGINT)),(CAST ($36 AS BIGINT),CAST ($37 AS BIGINT),$38,$39,CAST ($40 AS BIGINT)),(CAST ($41 AS BIGINT),CAST ($42 AS BIGINT),$43,$44,CAST ($45 AS BIGINT)),(CAST ($46 AS BIGINT),CAST ($47 AS BIGINT),$48,$49,CAST ($50 AS BIGINT)),(CAST ($51 AS BIGINT),CAST ($52 AS BIGINT),$53,$54,CAST ($55 AS BIGINT))) AS C(RES_ENT_ID,LIB_FEAT_ID,UTYPE_CODE,SUPPRESSED,OBS_ENT_CNT) WHERE C.RES_ENT_ID=T.RES_ENT_ID AND C.LIB_FEAT_ID=T.LIB_FEAT_ID AND C.UTYPE_CODE=T.UTYPE_CODE",0,0,0,0,0,0,165233,2367990.385800017,0.092286,1588.63749,14.331219464634891,33.304250411680435,1817559,26334166,36262,0,4882,0,0,0,0,0,0,867405.2390739986,423.22121600000025,0,0,0,0,0,0,0,0,0,0,0,0,0,0,0,0,0,2026-06-19 14:52:58.35241+00,2026-06-19 14:52:58.35241+00
16410,16412,t,-5677100261952023215,DELETE FROM RES_REL_EKEY WHERE ((RES_ENT_ID=$1 AND REL_ENT_ID=$2 AND RES_REL_ID=$3) OR (RES_ENT_ID=$4 AND REL_ENT_ID=$5 AND RES_REL_ID=$6) OR (RES_ENT_ID=$7 AND REL_ENT_ID=$8 AND RES_REL_ID=$9) OR (RES_ENT_ID=$10 AND REL_ENT_ID=$11 AND RES_REL_ID=$12)),0,0,0,0,0,0,768711,642625.0052649756,0.025235,348.611737,0.8359773767579436,4.483386423374575,3071882,16297591,6006,0,0,0,0,0,0,0,0,51765.39704700014,0,0,0,0,0,0,0,0,0,0,0,0,0,0,0,0,0,0,2026-06-19 14:52:52.113039+00,2026-06-19 14:52:52.113039+00
10,16384,t,-814194634174585052,"MOVE ALL IN ""query-cursor_165""",0,0,0,0,0,0,1,16.609428,16.609428,16.609428,16.609428,0,0,0,0,0,0,0,0,0,0,0,0,0,0,0,0,0,0,0,0,0,0,0,0,0,0,0,0,0,0,0,2026-06-19 16:06:27.768964+00,2026-06-19 16:06:27.768964+00
10,16384,t,-3884419531329791745,"FETCH 7 IN ""query-cursor_56""",0,0,0,0,0,0,1,0.001519,0.001519,0.001519,0.001519,0,7,0,0,0,0,0,0,0,0,0,0,0,0,0,0,0,0,0,0,0,0,0,0,0,0,0,0,0,0,0,2026-06-19 13:44:27.669423+00,2026-06-19 13:44:27.669423+00
10,16384,t,64914220586173745,"FETCH 15 IN ""query-cursor_79""",0,0,0,0,0,0,1,0.001913,0.001913,0.001913,0.001913,0,15,0,0,0,0,0,0,0,0,0,0,0,0,0,0,0,0,0,0,0,0,0,0,0,0,0,0,0,0,0,2026-06-19 14:07:27.671892+00,2026-06-19 14:07:27.671892+00
16410,16412,t,8787797564117326844,UPDATE DSRC_RECORD SET LAST_SEEN_DT=$1 WHERE DSRC_ID=$2 AND RECORD_ID=$3,0,0,0,0,0,0,6285305,8511868.516962051,0.018260000000000002,1924.930887,1.3542490805079548,11.394750902346859,6285305,75078591,7767,0,187231,0,0,0,0,0,0,118984.83764299985,13869.271262000047,0,0,0,0,0,0,0,0,0,0,0,0,0,0,0,0,0,2026-06-19 14:52:51.915925+00,2026-06-19 14:52:51.915925+00
10,16384,t,-5731188691554982679,"FETCH 41 IN ""query-cursor_20""",0,0,0,0,0,0,1,0.00314,0.00314,0.00314,0.00314,0,41,0,0,0,0,0,0,0,0,0,0,0,0,0,0,0,0,0,0,0,0,0,0,0,0,0,0,0,0,0,2026-06-19 13:08:27.665609+00,2026-06-19 13:08:27.665609+00
10,16384,t,5614436234439998196,"FETCH 0 IN ""query-cursor_63""",0,0,0,0,0,0,1,0.003792,0.003792,0.003792,0.003792,0,0,0,0,0,0,0,0,0,0,0,0,0,0,0,0,0,0,0,0,0,0,0,0,0,0,0,0,0,0,0,2026-06-19 13:51:27.667224+00,2026-06-19 13:51:27.667224+00
10,16384,t,5533001023511030984,"FETCH 0 IN ""query-cursor_213""",0,0,0,0,0,0,1,0.006478,0.006478,0.006478,0.006478,0,0,0,0,0,0,0,0,0,0,0,0,0,0,0,0,0,0,0,0,0,0,0,0,0,0,0,0,0,0,0,2026-06-19 17:46:27.927457+00,2026-06-19 17:46:27.927457+00
10,16384,t,3979454819405355482,"MOVE ALL IN ""query-cursor_168""",0,0,0,0,0,0,1,7.598572,7.598572,7.598572,7.598572,0,0,0,0,0,0,0,0,0,0,0,0,0,0,0,0,0,0,0,0,0,0,0,0,0,0,0,0,0,0,0,2026-06-19 16:12:27.772447+00,2026-06-19 16:12:27.772447+00
10,16384,t,-1723509171654436958,"FETCH 10 IN ""query-cursor_171""",0,0,0,0,0,0,1,0.006827,0.006827,0.006827,0.006827,0,10,0,0,0,0,0,0,0,0,0,0,0,0,0,0,0,0,0,0,0,0,0,0,0,0,0,0,0,0,0,2026-06-19 16:18:28.281093+00,2026-06-19 16:18:28.281093+00
10,16384,t,-1528804650801799796,"FETCH 0 IN ""query-cursor_181""",0,0,0,0,0,0,1,0.009568,0.009568,0.009568,0.009568,0,0,0,0,0,0,0,0,0,0,0,0,0,0,0,0,0,0,0,0,0,0,0,0,0,0,0,0,0,0,0,2026-06-19 16:42:27.72989+00,2026-06-19 16:42:27.72989+00
16410,16412,t,8590729003510882151,"SELECT RES_ENT_ID,REL_ENT_ID,RES_REL_ID FROM RES_REL_EKEY WHERE RES_ENT_ID IN ($1,$2,$3,$4,$5,$6,$7,$8,$9,$10,$11,$12,$13,$14,$15,$16)",0,0,0,0,0,0,11727,20275.59057100013,0.047098,396.4277,1.7289665362838007,12.5439778004695,811022,1314572,446,0,0,0,0,0,0,0,0,9711.207122000003,0,0,0,0,0,0,0,0,0,0,0,0,0,0,0,0,0,0,2026-06-19 14:54:10.792901+00,2026-06-19 14:54:10.792901+00
16410,16412,t,1231256459399464728,DELETE FROM RES_FEAT_EKEY WHERE RES_ENT_ID=$1 AND ((LIB_FEAT_ID=$2 AND UTYPE_CODE=$3)OR(LIB_FEAT_ID=$4 AND UTYPE_CODE=$5)OR(LIB_FEAT_ID=$6 AND UTYPE_CODE=$7)OR(LIB_FEAT_ID=$8 AND UTYPE_CODE=$9)OR(LIB_FEAT_ID=$10 AND UTYPE_CODE=$11)OR(LIB_FEAT_ID=$12 AND UTYPE_CODE=$13)OR(LIB_FEAT_ID=$14 AND UTYPE_CODE=$15)OR(LIB_FEAT_ID=$16 AND UTYPE_CODE=$17)OR(LIB_FEAT_ID=$18 AND UTYPE_CODE=$19)OR(LIB_FEAT_ID=$20 AND UTYPE_CODE=$21)OR(LIB_FEAT_ID=$22 AND UTYPE_CODE=$23)OR(LIB_FEAT_ID=$24 AND UTYPE_CODE=$25)OR(LIB_FEAT_ID=$26 AND UTYPE_CODE=$27)OR(LIB_FEAT_ID=$28 AND UTYPE_CODE=$29)OR(LIB_FEAT_ID=$30 AND UTYPE_CODE=$31)OR(LIB_FEAT_ID=$32 AND UTYPE_CODE=$33)OR(LIB_FEAT_ID=$34 AND UTYPE_CODE=$35)OR(LIB_FEAT_ID=$36 AND UTYPE_CODE=$37)OR(LIB_FEAT_ID=$38 AND UTYPE_CODE=$39)OR(LIB_FEAT_ID=$40 AND UTYPE_CODE=$41)OR(LIB_FEAT_ID=$42 AND UTYPE_CODE=$43)OR(LIB_FEAT_ID=$44 AND UTYPE_CODE=$45)OR(LIB_FEAT_ID=$46 AND UTYPE_CODE=$47)OR(LIB_FEAT_ID=$48 AND UTYPE_CODE=$49)OR(LIB_FEAT_ID=$50 AND UTYPE_CODE=$51)OR(LIB_FEAT_ID=$52 AND UTYPE_CODE=$53)OR(LIB_FEAT_ID=$54 AND UTYPE_CODE=$55)OR(LIB_FEAT_ID=$56 AND UTYPE_CODE=$57)OR(LIB_FEAT_ID=$58 AND UTYPE_CODE=$59)OR(LIB_FEAT_ID=$60 AND UTYPE_CODE=$61)),0,0,0,0,0,0,6414,160979.17430199977,0.084939,423.015314,25.09809390427187,46.86923451634405,152870,928686,1818,0,0,0,0,0,0,0,0,82697.12220700007,0,0,0,0,0,0,0,0,0,0,0,0,0,0,0,0,0,0,2026-06-19 14:53:51.215872+00,2026-06-19 14:53:51.215872+00
10,16384,t,-7841128028036810502,"FETCH 1 IN ""query-cursor_60""",0,0,0,0,0,0,1,0.00134,0.00134,0.00134,0.00134,0,1,0,0,0,0,0,0,0,0,0,0,0,0,0,0,0,0,0,0,0,0,0,0,0,0,0,0,0,0,0,2026-06-19 13:48:27.670109+00,2026-06-19 13:48:27.670109+00
10,16384,t,4193843736177910693,"FETCH 50 IN ""query-cursor_202""",0,0,0,0,0,0,37,0.5739609999999999,0.008762,0.033708,0.015512459459459458,0.0060803036357085435,1850,0,0,0,0,0,0,0,0,0,0,0,0,0,0,0,0,0,0,0,0,0,0,0,0,0,0,0,0,0,2026-06-19 17:24:27.821676+00,2026-06-19 17:24:27.821676+00
10,16384,t,-4454467847754311640,"MOVE -2022 IN ""query-cursor_228""",0,0,0,0,0,0,1,0.050797,0.050797,0.050797,0.050797,0,0,0,0,0,0,0,0,0,0,0,0,0,0,0,0,0,0,0,0,0,0,0,0,0,0,0,0,0,0,0,2026-06-19 18:16:27.687235+00,2026-06-19 18:16:27.687235+00
16410,16412,t,-6760394558378527688,"INSERT INTO RES_FEAT_STAT(LIB_FEAT_ID,FTYPE_ID,NUM_RES_ENT,NUM_RES_ENT_OOM) VALUES ($1,$2,$3,$4),($5,$6,$7,$8),($9,$10,$11,$12),($13,$14,$15,$16) ON CONFLICT DO NOTHING",0,0,0,0,0,0,262567,1715338.7312200123,0.043291,1435.721812,6.532956278664159,28.8844878073345,1050267,10490252,929,0,12495,0,0,0,0,0,0,7058.994755000001,1503.0341040000012,0,0,0,0,0,0,0,0,0,0,0,0,0,0,0,0,0,2026-06-19 14:52:39.790642+00,2026-06-19 14:52:39.790642+00
10,16384,t,1379578689135519645,select sum(xact_commit) from pg_stat_database,0,0,0,0,0,0,376,24.124383000000016,0.021863,0.64232,0.06416059308510642,0.04932649190663981,376,376,0,0,0,0,0,0,0,0,0,0,0,0,0,0,0,0,0,0,0,0,0,0,0,0,0,0,0,0,2026-06-19 12:48:52.346125+00,2026-06-19 12:48:52.346125+00
10,16384,t,3605542101342601106,"MOVE ALL IN ""query-cursor_112""",0,0,0,0,0,0,1,1.725231,1.725231,1.725231,1.725231,0,0,0,0,0,0,0,0,0,0,0,0,0,0,0,0,0,0,0,0,0,0,0,0,0,0,0,0,0,0,0,2026-06-19 14:40:27.672539+00,2026-06-19 14:40:27.672539+00
10,16384,t,3767403524215715027,"MOVE -1683 IN ""query-cursor_174""",0,0,0,0,0,0,1,0.125016,0.125016,0.125016,0.125016,0,0,0,0,0,0,0,0,0,0,0,0,0,0,0,0,0,0,0,0,0,0,0,0,0,0,0,0,0,0,0,2026-06-19 16:26:27.76035+00,2026-06-19 16:26:27.76035+00
10,16384,t,-5873120554751802040,"FETCH 50 IN ""query-cursor_249""",0,0,0,0,0,0,43,0.6012019999999999,0.007513,0.024746,0.013981441860465115,0.004739888710803855,2150,0,0,0,0,0,0,0,0,0,0,0,0,0,0,0,0,0,0,0,0,0,0,0,0,0,0,0,0,0,2026-06-19 18:57:27.748802+00,2026-06-19 18:57:27.748802+00
10,16384,t,6359831550302187663,"MOVE ALL IN ""query-cursor_85""",0,0,0,0,0,0,1,1.413053,1.413053,1.413053,1.413053,0,0,0,0,0,0,0,0,0,0,0,0,0,0,0,0,0,0,0,0,0,0,0,0,0,0,0,0,0,0,0,2026-06-19 14:13:27.670241+00,2026-06-19 14:13:27.670241+00
16410,16412,t,-8530575948927017231,"SELECT RES_ENT_ID,ENT_STATE,LOCKING_ID FROM RES_ENT WHERE RES_ENT_ID IN ($1,$2,$3,$4,$5,$6,$7,$8)",0,0,0,0,0,0,6358690,2486362.886721954,0.016274,371.603179,0.391018100697149,2.212543273317479,39416343,158214661,29,0,0,0,0,0,0,0,0,142.618379,0,0,0,0,0,0,0,0,0,0,0,0,0,0,0,0,0,0,2026-06-19 14:52:41.131138+00,2026-06-19 14:52:41.131138+00
10,16384,t,-95388464682970459,"MOVE -1321 IN ""query-cursor_130""",0,0,0,0,0,0,1,0.027431,0.027431,0.027431,0.027431,0,0,0,0,0,0,0,0,0,0,0,0,0,0,0,0,0,0,0,0,0,0,0,0,0,0,0,0,0,0,0,2026-06-19 14:58:27.676719+00,2026-06-19 14:58:27.676719+00
10,16384,t,7384725741880693514,select * from public.pg_rds_aws_creds_metadata(),0,0,0,0,0,0,1,0.00653,0.00653,0.00653,0.00653,0,1,0,0,0,0,0,0,0,0,0,0,0,0,0,0,0,0,0,0,0,0,0,0,0,0,0,0,0,0,0,2026-06-19 12:56:00.005032+00,2026-06-19 12:56:00.005032+00
10,16384,t,-5914096615621307821,"FETCH 50 IN ""query-cursor_54""",0,0,0,0,0,0,8,0.027975999999999997,0.002803,0.0059,0.0034969999999999997,0.0009578930002876101,400,0,0,0,0,0,0,0,0,0,0,0,0,0,0,0,0,0,0,0,0,0,0,0,0,0,0,0,0,0,2026-06-19 13:42:27.667667+00,2026-06-19 13:42:27.667667+00
10,16384,t,4324081588361417347,"DECLARE ""query-cursor_171"" SCROLL CURSOR FOR select queryid, left(query, $1), calls, (total_plan_time + total_exec_time) as total_time from aurora_stat_statements($2) order by calls desc limit $3 FOR READ ONLY",0,0,0,0,0,0,1,0.083275,0.083275,0.083275,0.083275,0,0,0,0,0,0,0,0,0,0,0,0,0,0,0,0,0,0,0,0,0,0,0,0,0,0,0,0,0,0,0,2026-06-19 16:18:28.2219+00,2026-06-19 16:18:28.2219+00
10,16384,t,-7266393711212320731,"MOVE ALL IN ""query-cursor_88""",0,0,0,0,0,0,1,1.476886,1.476886,1.476886,1.476886,0,0,0,0,0,0,0,0,0,0,0,0,0,0,0,0,0,0,0,0,0,0,0,0,0,0,0,0,0,0,0,2026-06-19 14:16:27.670547+00,2026-06-19 14:16:27.670547+00
10,1,t,588360189971772035,"SELECT current_catalog, COUNT(*) FROM pg_catalog.pg_extension WHERE extname = $1",0,0,0,0,0,0,1,0.008872999999999999,0.008872999999999999,0.008872999999999999,0.008872999999999999,0,1,1,0,0,0,0,0,0,0,0,0,0,0,0,0,0,0,0,0,0,0,0,0,0,0,0,0,0,0,0,2026-06-19 13:45:00.293088+00,2026-06-19 13:45:00.293088+00
16410,16412,t,-9221382328647298178,"CREATE TABLE LIB_FEAT (LIB_FEAT_ID BIGINT NOT NULL, FTYPE_ID SMALLINT NOT NULL, VERSION SMALLINT NOT NULL, FEAT_HASH VARCHAR(40) NOT NULL, FEAT_DESC VARCHAR(150), FELEM_VALUES TEXT NOT NULL, ANONYMIZED CHAR(1) NOT NULL, PRIMARY KEY(FEAT_HASH, FTYPE_ID, ANONYMIZED))",0,0,0,0,0,0,1,33.492375,33.492375,33.492375,33.492375,0,0,814,24,0,2,0,0,0,0,0,0,26.113765,0.008504,0,0,0,0,0,0,0,0,0,0,0,0,0,0,0,0,0,2026-06-19 12:52:04.102048+00,2026-06-19 12:52:04.102048+00
10,16384,t,-1191090981726447204,"DECLARE ""query-cursor_208"" SCROLL CURSOR FOR select queryid, left(query, $1), calls, (total_plan_time + total_exec_time) as total_time from aurora_stat_statements($2) order by calls desc limit $3 FOR READ ONLY",0,0,0,0,0,0,1,0.101226,0.101226,0.101226,0.101226,0,0,0,0,0,0,0,0,0,0,0,0,0,0,0,0,0,0,0,0,0,0,0,0,0,0,0,0,0,0,0,2026-06-19 17:36:27.696383+00,2026-06-19 17:36:27.696383+00
16410,16412,t,-7317635792883442355,"SELECT LIB_FEAT_ID,FEAT_DESC,FTYPE_ID,ANONYMIZED,FEAT_HASH,VERSION,FELEM_VALUES FROM LIB_FEAT WHERE LIB_FEAT_ID IN ($1,$2,$3,$4,$5,$6,$7,$8,$9,$10,$11,$12,$13,$14,$15,$16,$17,$18,$19,$20,$21,$22,$23,$24,$25,$26,$27,$28,$29,$30,$31,$32,$33,$34,$35,$36,$37,$38,$39,$40,$41,$42,$43,$44,$45,$46,$47,$48,$49,$50,$51,$52,$53,$54,$55,$56,$57,$58,$59,$60,$61,$62,$63,$64,$65,$66,$67,$68,$69,$70,$71,$72,$73,$74,$75,$76,$77,$78,$79,$80,$81,$82,$83,$84,$85,$86,$87,$88,$89,$90,$91,$92,$93,$94,$95,$96,$97,$98,$99,$100)",0,0,0,0,0,0,1283649,50864201.94200089,0.06653,1362.729797,39.624696425581206,71.15403402421643,104989441,215980168,9654918,0,0,0,0,0,0,0,0,46968367.97128288,0,0,0,0,0,0,0,0,0,0,0,0,0,0,0,0,0,0,2026-06-19 14:52:57.931063+00,2026-06-19 14:52:57.931063+00
10,16384,t,-8920447358576804304,"DECLARE ""query-cursor_7"" SCROLL CURSOR FOR select queryid, left(query, $1), calls, (total_plan_time + total_exec_time) as total_time from aurora_stat_statements($2) order by calls desc limit $3 FOR READ ONLY",0,0,0,0,0,0,1,0.061791,0.061791,0.061791,0.061791,0,0,0,0,0,0,0,0,0,0,0,0,0,0,0,0,0,0,0,0,0,0,0,0,0,0,0,0,0,0,0,2026-06-19 12:55:27.663185+00,2026-06-19 12:55:27.663185+00
10,16384,t,7138577101806590688,"MOVE -1924 IN ""query-cursor_212""",0,0,0,0,0,0,1,0.253911,0.253911,0.253911,0.253911,0,0,0,0,0,0,0,0,0,0,0,0,0,0,0,0,0,0,0,0,0,0,0,0,0,0,0,0,0,0,0,2026-06-19 17:44:28.10419+00,2026-06-19 17:44:28.10419+00
10,16384,t,3540459227673306476,"FETCH 0 IN ""query-cursor_170""",0,0,0,0,0,0,1,0.010105,0.010105,0.010105,0.010105,0,0,0,0,0,0,0,0,0,0,0,0,0,0,0,0,0,0,0,0,0,0,0,0,0,0,0,0,0,0,0,2026-06-19 16:16:27.82119+00,2026-06-19 16:16:27.82119+00
10,16384,t,7981983318801102237,"MOVE -1949 IN ""query-cursor_216""",0,0,0,0,0,0,1,0.174393,0.174393,0.174393,0.174393,0,0,0,0,0,0,0,0,0,0,0,0,0,0,0,0,0,0,0,0,0,0,0,0,0,0,0,0,0,0,0,2026-06-19 17:52:27.727762+00,2026-06-19 17:52:27.727762+00
10,16384,t,8156900450936526858,"FETCH 24 IN ""query-cursor_252""",0,0,0,0,0,0,1,0.00252,0.00252,0.00252,0.00252,0,24,0,0,0,0,0,0,0,0,0,0,0,0,0,0,0,0,0,0,0,0,0,0,0,0,0,0,0,0,0,2026-06-19 19:03:27.708242+00,2026-06-19 19:03:27.708242+00
16410,16412,t,3783799953446401637,"SELECT RES_ENT_ID,LIB_FEAT_ID,FTYPE_ID,UTYPE_CODE,SUPPRESSED,OBS_ENT_CNT FROM RES_FEAT_EKEY WHERE RES_ENT_ID IN ($1) AND FTYPE_ID IN ($2,$3,$4,$5,$6,$7,$8,$9,$10,$11,$12,$13,$14,$15,$16,$17,$18,$19,$20)",0,0,0,0,0,0,450609,226025.86066199857,0.015378000000000001,623.041824,0.5016008571999195,5.575543942064212,10831258,2403080,7781,0,0,0,0,0,0,0,0,154955.2209390001,0,0,0,0,0,0,0,0,0,0,0,0,0,0,0,0,0,0,2026-06-19 14:52:39.927746+00,2026-06-19 14:52:39.927746+00
16410,16412,t,-3304106930971144260,"SELECT RES_ENT_ID,LIB_FEAT_ID,FTYPE_ID,UTYPE_CODE,SUPPRESSED,OBS_ENT_CNT FROM RES_FEAT_EKEY WHERE RES_ENT_ID IN ($1) AND FTYPE_ID IN ($2,$3,$4,$5,$6,$7,$8,$9,$10,$11,$12,$13,$14,$15,$16,$17,$18,$19,$20,$21,$22,$23,$24,$25,$26,$27,$28,$29,$30,$31,$32,$33,$34,$35,$36,$37,$38,$39,$40,$41,$42,$43,$44,$45,$46,$47,$48,$49,$50,$51,$52,$53,$54,$55,$56,$57,$58,$59,$60,$61,$62)",0,0,0,0,0,0,84238,11905.757365999989,0.006541,68.516431,0.14133475825636874,1.64047799391906,719286,462284,0,0,0,0,0,0,0,0,0,0,0,0,0,0,0,0,0,0,0,0,0,0,0,0,0,0,0,0,2026-06-19 14:53:17.957097+00,2026-06-19 14:53:17.957097+00
10,16384,t,4279019581734091459,"MOVE -634 IN ""query-cursor_82""",0,0,0,0,0,0,1,0.013574,0.013574,0.013574,0.013574,0,0,0,0,0,0,0,0,0,0,0,0,0,0,0,0,0,0,0,0,0,0,0,0,0,0,0,0,0,0,0,2026-06-19 14:10:27.67004+00,2026-06-19 14:10:27.67004+00
16410,16412,t,-7157069044263877013,"INSERT INTO RES_RELATE(RES_REL_ID,MIN_RES_ENT_ID,MAX_RES_ENT_ID,IS_DISCLOSED,IS_AMBIGUOUS,LAST_ERRULE_ID,MATCH_KEY,MATCH_KEY_DETAILS,MATCH_LEVELS) VALUES ($1,$2,$3,$4,$5,$6,$7,$8,$9) ON CONFLICT DO NOTHING",0,0,0,0,0,0,4463512,11004599.096863255,0.01682,978.210209,2.465457491066061,12.392481483891773,4463512,43083750,109940,0,509273,0,0,0,0,0,0,2236242.5187049867,27690.356530000212,0,0,0,0,0,0,0,0,0,0,0,0,0,0,0,0,0,2026-06-19 14:52:40.272711+00,2026-06-19 14:52:40.272711+00
10,16384,t,3587822843603412656,"FETCH 50 IN ""query-cursor_245""",0,0,0,0,0,0,42,0.6798620000000003,0.008545,0.037129,0.016187190476190483,0.006310161522489681,2100,0,0,0,0,0,0,0,0,0,0,0,0,0,0,0,0,0,0,0,0,0,0,0,0,0,0,0,0,0,2026-06-19 18:47:29.024063+00,2026-06-19 18:47:29.024063+00
10,16384,t,-1185436404326125026,"FETCH 0 IN ""query-cursor_139""",0,0,0,0,0,0,1,0.006306,0.006306,0.006306,0.006306,0,0,0,0,0,0,0,0,0,0,0,0,0,0,0,0,0,0,0,0,0,0,0,0,0,0,0,0,0,0,0,2026-06-19 15:14:27.696153+00,2026-06-19 15:14:27.696153+00
16410,16412,t,-4713931820648670966,"SELECT RES_REL_ID,MIN_RES_ENT_ID,MAX_RES_ENT_ID,IS_DISCLOSED,IS_AMBIGUOUS,LAST_ERRULE_ID,MATCH_LEVELS,MATCH_KEY,MATCH_KEY_DETAILS FROM RES_RELATE WHERE RES_REL_ID IN ($1,$2,$3,$4,$5,$6,$7,$8)",0,0,0,0,0,0,1895672,7046340.095344168,0.011062,898.323659,3.7170671378509406,21.80550959571554,11230029,31019137,718590,0,0,0,0,0,0,0,0,6347478.832734997,0,0,0,0,0,0,0,0,0,0,0,0,0,0,0,0,0,0,2026-06-19 14:52:51.981701+00,2026-06-19 14:52:51.981701+00
10,16384,t,1422836643602274014,"MOVE -880 IN ""query-cursor_123""",0,0,0,0,0,0,1,0.01775,0.01775,0.01775,0.01775,0,0,0,0,0,0,0,0,0,0,0,0,0,0,0,0,0,0,0,0,0,0,0,0,0,0,0,0,0,0,0,2026-06-19 14:51:27.673538+00,2026-06-19 14:51:27.673538+00
10,16384,t,-4325981320387196470,"MOVE -1856 IN ""query-cursor_201""",0,0,0,0,0,0,1,0.156529,0.156529,0.156529,0.156529,0,0,0,0,0,0,0,0,0,0,0,0,0,0,0,0,0,0,0,0,0,0,0,0,0,0,0,0,0,0,0,2026-06-19 17:22:28.384792+00,2026-06-19 17:22:28.384792+00
16410,16412,t,-3278084027652792806,"INSERT INTO RES_FEAT_EKEY(RES_ENT_ID,LIB_FEAT_ID,FTYPE_ID,UTYPE_CODE,SUPPRESSED,OBS_ENT_CNT) VALUES ($1,$2,$3,$4,$5,$6),($7,$8,$9,$10,$11,$12),($13,$14,$15,$16,$17,$18) ON CONFLICT DO NOTHING",0,0,0,0,0,0,2108370,9329283.981067598,0.027079,1498.838919,4.424879874532268,14.148209057042177,6323682,87491571,5110,0,88728,0,0,0,0,0,0,107440.26005699974,11353.415609999907,0,0,0,0,0,0,0,0,0,0,0,0,0,0,0,0,0,2026-06-19 14:52:39.542752+00,2026-06-19 14:52:39.542752+00
16410,16412,t,2626920458643934777,"SELECT RES_ENT_ID,LIB_FEAT_ID,FTYPE_ID,UTYPE_CODE,SUPPRESSED,OBS_ENT_CNT FROM RES_FEAT_EKEY WHERE RES_ENT_ID IN ($1,$2) AND FTYPE_ID IN ($3,$4,$5,$6,$7,$8,$9,$10,$11,$12,$13,$14,$15,$16,$17,$18,$19,$20,$21,$22,$23,$24,$25,$26,$27,$28,$29,$30,$31,$32,$33,$34,$35,$36,$37,$38,$39,$40,$41,$42,$43,$44,$45,$46,$47,$48,$49,$50,$51,$52,$53,$54,$55,$56,$57,$58,$59,$60)",0,0,0,0,0,0,400,94.84947700000009,0.04264,32.091821,0.23712369250000023,1.9157582119579688,6360,4405,0,0,0,0,0,0,0,0,0,0,0,0,0,0,0,0,0,0,0,0,0,0,0,0,0,0,0,0,2026-06-19 15:20:04.553325+00,2026-06-19 15:20:04.553325+00
10,16384,t,-249396599521031468,"MOVE ALL IN ""query-cursor_190""",0,0,0,0,0,0,1,20.753545,20.753545,20.753545,20.753545,0,0,0,0,0,0,0,0,0,0,0,0,0,0,0,0,0,0,0,0,0,0,0,0,0,0,0,0,0,0,0,2026-06-19 17:00:27.848892+00,2026-06-19 17:00:27.848892+00
16410,16412,t,3891217315826241612,"UPDATE RES_RELATE AS T SET IS_DISCLOSED=C.IS_DISCLOSED,IS_AMBIGUOUS=C.IS_AMBIGUOUS,LAST_ERRULE_ID=C.LAST_ERRULE_ID,MATCH_KEY=C.MATCH_KEY,MATCH_KEY_DETAILS=C.MATCH_KEY_DETAILS,MATCH_LEVELS=C.MATCH_LEVELS FROM (VALUES (CAST ($1 AS BIGINT),CAST ($2 AS BIGINT),CAST ($3 AS BIGINT),CAST ($4 AS BIGINT),$5,$6,$7),(CAST ($8 AS BIGINT),CAST ($9 AS BIGINT),CAST ($10 AS BIGINT),CAST ($11 AS BIGINT),$12,$13,$14),(CAST ($15 AS BIGINT),CAST ($16 AS BIGINT),CAST ($17 AS BIGINT),CAST ($18 AS BIGINT),$19,$20,$21),(CAST ($22 AS BIGINT),CAST ($23 AS BIGINT),CAST ($24 AS BIGINT),CAST ($25 AS BIGINT),$26,$27,$28),(CAST ($29 AS BIGINT),CAST ($30 AS BIGINT),CAST ($31 AS BIGINT),CAST ($32 AS BIGINT),$33,$34,$35),(CAST ($36 AS BIGINT),CAST ($37 AS BIGINT),CAST ($38 AS BIGINT),CAST ($39 AS BIGINT),$40,$41,$42),(CAST ($43 AS BIGINT),CAST ($44 AS BIGINT),CAST ($45 AS BIGINT),CAST ($46 AS BIGINT),$47,$48,$49),(CAST ($50 AS BIGINT),CAST ($51 AS BIGINT),CAST ($52 AS BIGINT),CAST ($53 AS BIGINT),$54,$55,$56),(CAST ($57 AS BIGINT),CAST ($58 AS BIGINT),CAST ($59 AS BIGINT),CAST ($60 AS BIGINT),$61,$62,$63),(CAST ($64 AS BIGINT),CAST ($65 AS BIGINT),CAST ($66 AS BIGINT),CAST ($67 AS BIGINT),$68,$69,$70),(CAST ($71 AS BIGINT),CAST ($72 AS BIGINT),CAST ($73 AS BIGINT),CAST ($74 AS BIGINT),$75,$76,$77),(CAST ($78 AS BIGINT),CAST ($79 AS BIGINT),CAST ($80 AS BIGINT),CAST ($81 AS BIGINT),$82,$83,$84),(CAST ($85 AS BIGINT),CAST ($86 AS BIGINT),CAST ($87 AS BIGINT),CAST ($88 AS BIGINT),$89,$90,$91),(CAST ($92 AS BIGINT),CAST ($93 AS BIGINT),CAST ($94 AS BIGINT),CAST ($95 AS BIGINT),$96,$97,$98)) AS C(RES_REL_ID,IS_DISCLOSED,IS_AMBIGUOUS,LAST_ERRULE_ID,MATCH_KEY,MATCH_KEY_DETAILS,MATCH_LEVELS) WHERE C.RES_REL_ID=T.RES_REL_ID",0,0,0,0,0,0,228,1953.758419,0.26933799999999997,260.680614,8.569115872807018,28.975025983323167,3192,32791,144,0,256,0,0,0,0,0,0,625.302582,0.537592,0,0,0,0,0,0,0,0,0,0,0,0,0,0,0,0,0,2026-06-19 15:08:26.333969+00,2026-06-19 15:08:26.333969+00
10,1,t,2103733769408878190,SELECT $1,0,0,0,0,0,0,3,0.010752999999999999,0.00331,0.003912,0.003584333333333333,0.00024864208993830635,3,0,0,0,0,0,0,0,0,0,0,0,0,0,0,0,0,0,0,0,0,0,0,0,0,0,0,0,0,0,2026-06-19 13:45:00.135893+00,2026-06-19 13:45:00.135893+00
10,16384,t,-5956903209853819210,"FETCH 47 IN ""query-cursor_46""",0,0,0,0,0,0,1,0.003206,0.003206,0.003206,0.003206,0,47,0,0,0,0,0,0,0,0,0,0,0,0,0,0,0,0,0,0,0,0,0,0,0,0,0,0,0,0,0,2026-06-19 13:34:27.668242+00,2026-06-19 13:34:27.668242+00
16410,16412,t,4377814604407597006,"SELECT RES_REL_ID,MIN_RES_ENT_ID,MAX_RES_ENT_ID,IS_DISCLOSED,IS_AMBIGUOUS,LAST_ERRULE_ID,MATCH_LEVELS,MATCH_KEY,MATCH_KEY_DETAILS FROM RES_RELATE WHERE RES_REL_ID IN ($1,$2,$3,$4,$5,$6,$7,$8,$9,$10,$11,$12,$13,$14,$15,$16,$17,$18,$19,$20,$21,$22,$23,$24,$25,$26,$27,$28,$29,$30,$31,$32,$33,$34,$35,$36,$37,$38,$39,$40,$41,$42,$43,$44,$45,$46,$47,$48,$49,$50,$51,$52,$53,$54,$55,$56,$57,$58,$59,$60,$61,$62,$63,$64)",0,0,0,0,0,0,12714,156830.6605200003,0.10110000000000001,944.4669220000001,12.335272968381336,38.40904367560184,555209,964517,26873,0,0,0,0,0,0,0,0,133850.22603899986,0,0,0,0,0,0,0,0,0,0,0,0,0,0,0,0,0,0,2026-06-19 14:54:10.794164+00,2026-06-19 14:54:10.794164+00
10,16384,t,-6323739223152050380,"MOVE -502 IN ""query-cursor_60""",0,0,0,0,0,0,1,0.012251,0.012251,0.012251,0.012251,0,0,0,0,0,0,0,0,0,0,0,0,0,0,0,0,0,0,0,0,0,0,0,0,0,0,0,0,0,0,0,2026-06-19 13:48:27.668282+00,2026-06-19 13:48:27.668282+00
10,16384,t,243772155146599715,"FETCH 50 IN ""query-cursor_52""",0,0,0,0,0,0,8,0.027578,0.002771,0.006202,0.00344725,0.0010767583004091493,400,0,0,0,0,0,0,0,0,0,0,0,0,0,0,0,0,0,0,0,0,0,0,0,0,0,0,0,0,0,2026-06-19 13:40:27.667477+00,2026-06-19 13:40:27.667477+00
10,16384,t,1623369012368112450,SET application_name = $1,0,0,0,0,0,0,384,8.337427,0.011037,0.046159,0.021712049479166665,0.006816871881218513,0,0,0,0,0,0,0,0,0,0,0,0,0,0,0,0,0,0,0,0,0,0,0,0,0,0,0,0,0,0,2026-06-19 12:48:00.335817+00,2026-06-19 12:48:00.335817+00
16410,16412,t,2623994098898167652,SELECT         $2 FROM RES_ENT_OKEY B JOIN OBS_ENT C ON C.OBS_ENT_ID=B.OBS_ENT_ID JOIN DSRC_RECORD D ON D.ENT_SRC_KEY=C.ENT_SRC_KEY AND D.DSRC_ID=C.DSRC_ID AND B.RES_ENT_ID=$1  LIMIT $3,0,0,0,0,0,0,57856514,106123200.57087065,0.0066159999999999995,899.444466,1.834248094706685,12.155265664127203,57855419,921650358,7195658,0,0,0,0,0,0,0,0,89990319.89237304,0,0,0,0,0,0,0,0,0,0,0,0,0,0,0,0,0,0,2026-06-19 14:52:40.266277+00,2026-06-19 14:52:40.266277+00
10,16384,t,-7434519753832891294,"FETCH 0 IN ""query-cursor_239""",0,0,0,0,0,0,1,0.010441,0.010441,0.010441,0.010441,0,0,0,0,0,0,0,0,0,0,0,0,0,0,0,0,0,0,0,0,0,0,0,0,0,0,0,0,0,0,0,2026-06-19 18:35:27.689365+00,2026-06-19 18:35:27.689365+00
16410,16412,t,5764499686668614642,"SELECT RES_ENT_ID,LIB_FEAT_ID,FTYPE_ID,UTYPE_CODE,SUPPRESSED,OBS_ENT_CNT FROM RES_FEAT_EKEY WHERE RES_ENT_ID IN ($1,$2) AND FTYPE_ID IN ($3,$4,$5,$6,$7,$8,$9,$10,$11,$12,$13,$14,$15,$16,$17,$18,$19,$20,$21,$22,$23,$24,$25,$26,$27,$28,$29,$30,$31,$32,$33,$34,$35,$36,$37,$38,$39,$40,$41,$42,$43,$44,$45,$46,$47,$48,$49,$50,$51,$52,$53,$54,$55,$56,$57,$58,$59,$60,$61,$62,$63,$64)",0,0,0,0,0,0,6,0.536691,0.055182,0.137717,0.0894485,0.024729025649696215,155,69,0,0,0,0,0,0,0,0,0,0,0,0,0,0,0,0,0,0,0,0,0,0,0,0,0,0,0,0,2026-06-19 15:35:25.250215+00,2026-06-19 15:35:25.250215+00
10,16384,t,8641331218196151230,"FETCH 50 IN ""query-cursor_143""",0,0,0,0,0,0,29,0.585801,0.010207,0.030386,0.02020003448275862,0.006467977808391538,1450,0,0,0,0,0,0,0,0,0,0,0,0,0,0,0,0,0,0,0,0,0,0,0,0,0,0,0,0,0,2026-06-19 15:22:27.893762+00,2026-06-19 15:22:27.893762+00
16410,16412,t,1533444726011427042,"DELETE FROM SYS_EVAL_QUEUE WHERE MSG_ID IN (SELECT MSG_ID FROM SYS_EVAL_QUEUE WHERE MSG_ID>$1 ORDER BY MSG_ID FOR UPDATE SKIP LOCKED LIMIT $2) RETURNING MSG_ID,DSRC_CODE,ENT_SRC_KEY,MSG",0,0,0,0,0,0,6325204,16954258.427433062,0.00495,2477.968222,2.6804287146205974,9.571954281576952,6322206,349226599,160824,0,0,0,0,0,0,0,0,998792.3927199857,0,0,0,0,0,0,0,0,0,0,0,0,0,0,0,0,0,0,2026-06-19 12:53:30.849586+00,2026-06-19 12:53:30.849586+00
10,16384,t,6742507675156720525,"DECLARE ""query-cursor_205"" SCROLL CURSOR FOR select queryid, left(query, $1), calls, (total_plan_time + total_exec_time) as total_time from aurora_stat_statements($2) order by calls desc limit $3 FOR READ ONLY",0,0,0,0,0,0,1,0.074704,0.074704,0.074704,0.074704,0,0,0,0,0,0,0,0,0,0,0,0,0,0,0,0,0,0,0,0,0,0,0,0,0,0,0,0,0,0,0,2026-06-19 17:30:28.046556+00,2026-06-19 17:30:28.046556+00
16410,16412,t,-96576954194249797,SELECT OBS_ENT_ID FROM OBS_ENT WHERE ENT_SRC_KEY=$1 AND DSRC_ID=$2,0,0,0,0,0,0,31285341,7491190.368714494,0.004150999999999999,841.829608,0.23944729797621492,4.3609728247086395,6285404,129796227,477717,0,0,0,0,0,0,0,0,5750464.826318154,0,0,0,0,0,0,0,0,0,0,0,0,0,0,0,0,0,0,2026-06-19 14:52:39.496285+00,2026-06-19 14:52:39.496285+00
16410,16412,t,1472764173320890336,"SELECT RES_ENT_ID,LIB_FEAT_ID,FTYPE_ID,UTYPE_CODE,SUPPRESSED,OBS_ENT_CNT FROM RES_FEAT_EKEY WHERE RES_ENT_ID IN ($1,$2,$3,$4,$5,$6,$7,$8,$9,$10,$11,$12,$13,$14,$15,$16) AND FTYPE_ID IN ($17,$18,$19,$20,$21,$22,$23,$24,$25,$26,$27,$28)",0,0,0,0,0,0,42034,279723.61492599937,0.095107,482.69304400000004,6.6546989324356325,22.979159354805407,7377226,2311254,12880,0,0,0,0,0,0,0,0,219677.10816600014,0,0,0,0,0,0,0,0,0,0,0,0,0,0,0,0,0,0,2026-06-19 14:52:46.748538+00,2026-06-19 14:52:46.748538+00
10,16384,t,444003432437080368,"DECLARE ""query-cursor_76"" SCROLL CURSOR FOR select queryid, left(query, $1), calls, (total_plan_time + total_exec_time) as total_time from aurora_stat_statements($2) order by calls desc limit $3 FOR READ ONLY",0,0,0,0,0,0,1,0.063796,0.063796,0.063796,0.063796,0,0,0,0,0,0,0,0,0,0,0,0,0,0,0,0,0,0,0,0,0,0,0,0,0,0,0,0,0,0,0,2026-06-19 14:04:27.668083+00,2026-06-19 14:04:27.668083+00
10,16384,t,8859581040328060011,"MOVE -676 IN ""query-cursor_89""",0,0,0,0,0,0,1,0.014501,0.014501,0.014501,0.014501,0,0,0,0,0,0,0,0,0,0,0,0,0,0,0,0,0,0,0,0,0,0,0,0,0,0,0,0,0,0,0,2026-06-19 14:17:27.670689+00,2026-06-19 14:17:27.670689+00
10,16384,t,7164068624886880203,"MOVE ALL IN ""query-cursor_53""",0,0,0,0,0,0,1,0.905363,0.905363,0.905363,0.905363,0,0,0,0,0,0,0,0,0,0,0,0,0,0,0,0,0,0,0,0,0,0,0,0,0,0,0,0,0,0,0,2026-06-19 13:41:27.667459+00,2026-06-19 13:41:27.667459+00
10,16384,t,-1612314435553495470,"FETCH 17 IN ""query-cursor_219""",0,0,0,0,0,0,1,0.007704,0.007704,0.007704,0.007704,0,17,0,0,0,0,0,0,0,0,0,0,0,0,0,0,0,0,0,0,0,0,0,0,0,0,0,0,0,0,0,2026-06-19 17:58:27.971243+00,2026-06-19 17:58:27.971243+00
10,16384,t,5695174378549100946,"FETCH 23 IN ""query-cursor_122""",0,0,0,0,0,0,1,0.002214,0.002214,0.002214,0.002214,0,23,0,0,0,0,0,0,0,0,0,0,0,0,0,0,0,0,0,0,0,0,0,0,0,0,0,0,0,0,0,2026-06-19 14:50:27.676291+00,2026-06-19 14:50:27.676291+00
10,16384,t,2222117915503518886,"FETCH 50 IN ""query-cursor_17""",0,0,0,0,0,0,4,0.018597000000000002,0.00313,0.005275,0.004649250000000001,0.0008875101055762691,200,0,0,0,0,0,0,0,0,0,0,0,0,0,0,0,0,0,0,0,0,0,0,0,0,0,0,0,0,0,2026-06-19 13:05:27.664613+00,2026-06-19 13:05:27.664613+00
10,16384,t,-5695269016333724286,"MOVE -206 IN ""query-cursor_14""",0,0,0,0,0,0,1,0.006012,0.006012,0.006012,0.006012,0,0,0,0,0,0,0,0,0,0,0,0,0,0,0,0,0,0,0,0,0,0,0,0,0,0,0,0,0,0,0,2026-06-19 13:02:27.664257+00,2026-06-19 13:02:27.664257+00
10,16384,t,-3890138507451252151,"FETCH 15 IN ""query-cursor_227""",0,0,0,0,0,0,1,0.007347,0.007347,0.007347,0.007347,0,15,0,0,0,0,0,0,0,0,0,0,0,0,0,0,0,0,0,0,0,0,0,0,0,0,0,0,0,0,0,2026-06-19 18:14:28.034144+00,2026-06-19 18:14:28.034144+00
10,5,t,2103733769408878190,SELECT $1,0,0,0,0,0,0,3,0.012315,0.0034709999999999997,0.004854,0.004105,0.0005704331687410894,3,0,0,0,0,0,0,0,0,0,0,0,0,0,0,0,0,0,0,0,0,0,0,0,0,0,0,0,0,0,2026-06-19 13:45:00.108183+00,2026-06-19 13:45:00.108183+00
10,16384,t,281740010231568995,"DECLARE ""query-cursor_80"" SCROLL CURSOR FOR select queryid, left(query, $1), calls, (total_plan_time + total_exec_time) as total_time from aurora_stat_statements($2) order by calls desc limit $3 FOR READ ONLY",0,0,0,0,0,0,1,0.061013,0.061013,0.061013,0.061013,0,0,0,0,0,0,0,0,0,0,0,0,0,0,0,0,0,0,0,0,0,0,0,0,0,0,0,0,0,0,0,2026-06-19 14:08:27.668362+00,2026-06-19 14:08:27.668362+00
10,16384,t,-7020272842671535654,"FETCH 45 IN ""query-cursor_232""",0,0,0,0,0,0,1,0.009292,0.009292,0.009292,0.009292,0,45,0,0,0,0,0,0,0,0,0,0,0,0,0,0,0,0,0,0,0,0,0,0,0,0,0,0,0,0,0,2026-06-19 18:24:27.708367+00,2026-06-19 18:24:27.708367+00
10,16384,t,-15156087412620798,"FETCH 0 IN ""query-cursor_183""",0,0,0,0,0,0,1,0.010734,0.010734,0.010734,0.010734,0,0,0,0,0,0,0,0,0,0,0,0,0,0,0,0,0,0,0,0,0,0,0,0,0,0,0,0,0,0,0,2026-06-19 16:46:27.77244+00,2026-06-19 16:46:27.77244+00
10,16384,t,-3307366367745211836,"MOVE ALL IN ""query-cursor_183""",0,0,0,0,0,0,1,74.068543,74.068543,74.068543,74.068543,0,0,0,0,0,0,0,0,0,0,0,0,0,0,0,0,0,0,0,0,0,0,0,0,0,0,0,0,0,0,0,2026-06-19 16:46:27.84851+00,2026-06-19 16:46:27.84851+00
10,16384,t,4778483043557344638,"MOVE -1772 IN ""query-cursor_188""",0,0,0,0,0,0,1,0.099748,0.099748,0.099748,0.099748,0,0,0,0,0,0,0,0,0,0,0,0,0,0,0,0,0,0,0,0,0,0,0,0,0,0,0,0,0,0,0,2026-06-19 16:56:28.134187+00,2026-06-19 16:56:28.134187+00
10,16384,t,6556657132141880057,"FETCH 50 IN ""query-cursor_27""",0,0,0,0,0,0,5,0.018796999999999998,0.002917,0.005846,0.0037593999999999995,0.0010890400543598013,250,0,0,0,0,0,0,0,0,0,0,0,0,0,0,0,0,0,0,0,0,0,0,0,0,0,0,0,0,0,2026-06-19 13:15:27.66543+00,2026-06-19 13:15:27.66543+00
16410,16412,t,3412672464697620968,"SELECT RES_ENT_ID,LIB_FEAT_ID,FTYPE_ID,UTYPE_CODE,SUPPRESSED,OBS_ENT_CNT FROM RES_FEAT_EKEY WHERE RES_ENT_ID IN ($1,$2,$3,$4,$5,$6,$7,$8,$9,$10,$11,$12,$13,$14,$15,$16) AND FTYPE_ID IN ($17,$18,$19,$20,$21,$22,$23,$24,$25,$26,$27,$28,$29,$30,$31,$32,$33,$34)",0,0,0,0,0,0,244056,1990013.805706981,0.102531,597.076853,8.153922893544847,24.338754258340167,61543186,14235983,93974,0,0,0,0,0,0,0,0,1581141.1473790084,0,0,0,0,0,0,0,0,0,0,0,0,0,0,0,0,0,0,2026-06-19 14:52:43.37948+00,2026-06-19 14:52:43.37948+00
10,16384,t,6183182294747527861,"MOVE ALL IN ""query-cursor_90""",0,0,0,0,0,0,1,1.274887,1.274887,1.274887,1.274887,0,0,0,0,0,0,0,0,0,0,0,0,0,0,0,0,0,0,0,0,0,0,0,0,0,0,0,0,0,0,0,2026-06-19 14:18:27.670459+00,2026-06-19 14:18:27.670459+00
10,16384,t,3400108112990844197,"FETCH 50 IN ""query-cursor_214""",0,0,0,0,0,0,38,0.6537090000000001,0.01078,0.030331,0.017202868421052633,0.006756608025407627,1900,0,0,0,0,0,0,0,0,0,0,0,0,0,0,0,0,0,0,0,0,0,0,0,0,0,0,0,0,0,2026-06-19 17:48:27.900846+00,2026-06-19 17:48:27.900846+00
10,16384,t,3741114826048525150,"MOVE ALL IN ""query-cursor_124""",0,0,0,0,0,0,1,1.866951,1.866951,1.866951,1.866951,0,0,0,0,0,0,0,0,0,0,0,0,0,0,0,0,0,0,0,0,0,0,0,0,0,0,0,0,0,0,0,2026-06-19 14:52:27.673486+00,2026-06-19 14:52:27.673486+00
16410,16412,t,-5053388979459574900,"SELECT RES_ENT_ID,LIB_FEAT_ID,FTYPE_ID,UTYPE_CODE,SUPPRESSED,OBS_ENT_CNT FROM RES_FEAT_EKEY WHERE RES_ENT_ID IN ($1,$2) AND FTYPE_ID IN ($3,$4,$5,$6,$7,$8,$9,$10,$11,$12,$13,$14,$15,$16,$17,$18,$19,$20,$21,$22,$23,$24,$25,$26,$27,$28,$29,$30,$31,$32,$33,$34,$35,$36,$37,$38,$39,$40,$41,$42,$43,$44,$45,$46,$47,$48,$49,$50,$51,$52,$53,$54,$55,$56)",0,0,0,0,0,0,4163,921.5910420000002,0.035426000000000006,54.538824,0.22137666154215715,2.0818804667136352,37073,44887,0,0,0,0,0,0,0,0,0,0,0,0,0,0,0,0,0,0,0,0,0,0,0,0,0,0,0,0,2026-06-19 14:58:53.89971+00,2026-06-19 14:58:53.89971+00
16410,16412,t,8702760936764551979,"SELECT RES_ENT_ID,ENT_STATE,LOCKING_ID FROM RES_ENT WHERE RES_ENT_ID IN ($1,$2,$3,$4,$5,$6,$7,$8,$9,$10,$11,$12,$13,$14,$15,$16,$17,$18,$19,$20,$21,$22,$23,$24,$25,$26,$27,$28,$29,$30,$31,$32,$33,$34,$35,$36,$37,$38,$39,$40,$41,$42,$43,$44,$45,$46,$47,$48,$49,$50,$51,$52,$53,$54,$55,$56,$57,$58,$59,$60,$61,$62,$63,$64)",0,0,0,0,0,0,595,718.0374359999996,0.215091,68.085206,1.2067856067226885,5.480986541683247,21240,85366,0,0,0,0,0,0,0,0,0,0,0,0,0,0,0,0,0,0,0,0,0,0,0,0,0,0,0,0,2026-06-19 16:26:09.169135+00,2026-06-19 16:26:09.169135+00
10,16384,t,7213695519684288743,"FETCH 46 IN ""query-cursor_29""",0,0,0,0,0,0,1,0.003662,0.003662,0.003662,0.003662,0,46,0,0,0,0,0,0,0,0,0,0,0,0,0,0,0,0,0,0,0,0,0,0,0,0,0,0,0,0,0,2026-06-19 13:17:27.666511+00,2026-06-19 13:17:27.666511+00
10,16384,t,-6328205891568580474,"FETCH 0 IN ""query-cursor_241""",0,0,0,0,0,0,1,0.006769,0.006769,0.006769,0.006769,0,0,0,0,0,0,0,0,0,0,0,0,0,0,0,0,0,0,0,0,0,0,0,0,0,0,0,0,0,0,0,2026-06-19 18:39:27.681974+00,2026-06-19 18:39:27.681974+00
10,16384,t,-3009948298004383383,"MOVE -2034 IN ""query-cursor_230""",0,0,0,0,0,0,1,0.070047,0.070047,0.070047,0.070047,0,0,0,0,0,0,0,0,0,0,0,0,0,0,0,0,0,0,0,0,0,0,0,0,0,0,0,0,0,0,0,2026-06-19 18:20:27.687264+00,2026-06-19 18:20:27.687264+00
16410,16412,t,1284908075082418462,"CREATE TABLE SYS_HW_CHECK (LIB_FEAT_ID BIGINT NOT NULL, FTYPE_ID SMALLINT NOT NULL, VERSION SMALLINT NOT NULL, FEAT_HASH VARCHAR(40) NOT NULL, FEAT_DESC VARCHAR(150), FELEM_VALUES TEXT NOT NULL, ANONYMIZED CHAR(1) NOT NULL, PRIMARY KEY(FEAT_HASH, FTYPE_ID, ANONYMIZED))",0,0,0,0,0,0,1,5.160884,5.160884,5.160884,5.160884,0,0,424,0,0,0,0,0,0,0,0,0,0,0,0,0,0,0,0,0,0,0,0,0,0,0,0,0,0,0,0,2026-06-19 12:52:04.113605+00,2026-06-19 12:52:04.113605+00
16410,16412,t,2730381009565679184,"SELECT RES_ENT_ID,LIB_FEAT_ID,FTYPE_ID,UTYPE_CODE,SUPPRESSED,OBS_ENT_CNT FROM RES_FEAT_EKEY WHERE RES_ENT_ID IN ($1) AND FTYPE_ID IN ($2,$3,$4,$5,$6,$7,$8,$9,$10,$11,$12,$13,$14,$15,$16,$17,$18)",0,0,0,0,0,0,636616,336592.5575089951,0.014440000000000001,567.594478,0.528721485964844,5.9854121640616595,13952420,3408461,11825,0,0,0,0,0,0,0,0,239355.2897130004,0,0,0,0,0,0,0,0,0,0,0,0,0,0,0,0,0,0,2026-06-19 14:52:39.798808+00,2026-06-19 14:52:39.798808+00
10,16384,t,605794154911247405,"FETCH 50 IN ""query-cursor_177""",0,0,0,0,0,0,34,0.8667440000000001,0.010741,0.069543,0.025492470588235297,0.012373782719061564,1700,0,0,0,0,0,0,0,0,0,0,0,0,0,0,0,0,0,0,0,0,0,0,0,0,0,0,0,0,0,2026-06-19 16:32:27.889744+00,2026-06-19 16:32:27.889744+00
16410,16412,t,707288396994940190,"SELECT RES_ENT_ID,LIB_FEAT_ID,FTYPE_ID,UTYPE_CODE,SUPPRESSED,OBS_ENT_CNT FROM RES_FEAT_EKEY WHERE RES_ENT_ID IN ($1,$2,$3,$4,$5,$6,$7,$8) AND FTYPE_ID IN ($9,$10,$11,$12,$13,$14,$15,$16)",0,0,0,0,0,0,4458,13534.521421000007,0.053426,385.388239,3.03600749685958,15.244539846615746,334965,150461,575,0,0,0,0,0,0,0,0,10280.213032000003,0,0,0,0,0,0,0,0,0,0,0,0,0,0,0,0,0,0,2026-06-19 14:52:53.85098+00,2026-06-19 14:52:53.85098+00
10,16384,t,7193771700378705241,"MOVE ALL IN ""query-cursor_167""",0,0,0,0,0,0,1,6.980148,6.980148,6.980148,6.980148,0,0,0,0,0,0,0,0,0,0,0,0,0,0,0,0,0,0,0,0,0,0,0,0,0,0,0,0,0,0,0,2026-06-19 16:10:27.918545+00,2026-06-19 16:10:27.918545+00
10,16384,t,-5282606571799097949,"FETCH 23 IN ""query-cursor_72""",0,0,0,0,0,0,1,0.002286,0.002286,0.002286,0.002286,0,23,0,0,0,0,0,0,0,0,0,0,0,0,0,0,0,0,0,0,0,0,0,0,0,0,0,0,0,0,0,2026-06-19 14:00:27.671222+00,2026-06-19 14:00:27.671222+00
16410,16412,t,8353947950422602248,DELETE FROM RES_FEAT_EKEY WHERE RES_ENT_ID=$1 AND ((LIB_FEAT_ID=$2 AND UTYPE_CODE=$3)OR(LIB_FEAT_ID=$4 AND UTYPE_CODE=$5)OR(LIB_FEAT_ID=$6 AND UTYPE_CODE=$7)OR(LIB_FEAT_ID=$8 AND UTYPE_CODE=$9)OR(LIB_FEAT_ID=$10 AND UTYPE_CODE=$11)OR(LIB_FEAT_ID=$12 AND UTYPE_CODE=$13)OR(LIB_FEAT_ID=$14 AND UTYPE_CODE=$15)OR(LIB_FEAT_ID=$16 AND UTYPE_CODE=$17)OR(LIB_FEAT_ID=$18 AND UTYPE_CODE=$19)OR(LIB_FEAT_ID=$20 AND UTYPE_CODE=$21)OR(LIB_FEAT_ID=$22 AND UTYPE_CODE=$23)OR(LIB_FEAT_ID=$24 AND UTYPE_CODE=$25)OR(LIB_FEAT_ID=$26 AND UTYPE_CODE=$27)OR(LIB_FEAT_ID=$28 AND UTYPE_CODE=$29)OR(LIB_FEAT_ID=$30 AND UTYPE_CODE=$31)OR(LIB_FEAT_ID=$32 AND UTYPE_CODE=$33)OR(LIB_FEAT_ID=$34 AND UTYPE_CODE=$35)OR(LIB_FEAT_ID=$36 AND UTYPE_CODE=$37)OR(LIB_FEAT_ID=$38 AND UTYPE_CODE=$39)OR(LIB_FEAT_ID=$40 AND UTYPE_CODE=$41)OR(LIB_FEAT_ID=$42 AND UTYPE_CODE=$43)OR(LIB_FEAT_ID=$44 AND UTYPE_CODE=$45)OR(LIB_FEAT_ID=$46 AND UTYPE_CODE=$47)OR(LIB_FEAT_ID=$48 AND UTYPE_CODE=$49)OR(LIB_FEAT_ID=$50 AND UTYPE_CODE=$51)),0,0,0,0,0,0,19747,376159.33692200045,0.07536499999999999,456.218406,19.048935885045854,38.6548874586715,481139,2476430,2681,0,0,0,0,0,0,0,0,130744.39735099992,0,0,0,0,0,0,0,0,0,0,0,0,0,0,0,0,0,0,2026-06-19 14:52:57.841663+00,2026-06-19 14:52:57.841663+00
16410,16412,t,-8384961428423428042,"SELECT         LIB_FEAT_ID,FEAT_DESC,FEAT_HASH,FELEM_VALUES from LIB_FEAT LIMIT $1",0,0,0,0,0,0,2583,469.46632299999965,0.00579,109.336332,0.1817523511420827,2.7928985887594684,2571,5142,0,0,0,0,0,0,0,0,0,0,0,0,0,0,0,0,0,0,0,0,0,0,0,0,0,0,0,0,2026-06-19 12:53:30.847494+00,2026-06-19 12:53:30.847494+00
10,16384,t,-9146895903284900255,"MOVE ALL IN ""query-cursor_33""",0,0,0,0,0,0,1,0.724626,0.724626,0.724626,0.724626,0,0,0,0,0,0,0,0,0,0,0,0,0,0,0,0,0,0,0,0,0,0,0,0,0,0,0,0,0,0,0,2026-06-19 13:21:27.66586+00,2026-06-19 13:21:27.66586+00
10,16384,t,-3968673112690111524,"FETCH 16 IN ""query-cursor_235""",0,0,0,0,0,0,1,0.007472,0.007472,0.007472,0.007472,0,16,0,0,0,0,0,0,0,0,0,0,0,0,0,0,0,0,0,0,0,0,0,0,0,0,0,0,0,0,0,2026-06-19 18:28:27.728016+00,2026-06-19 18:28:27.728016+00
10,16384,t,143104476659948666,"FETCH 33 IN ""query-cursor_182""",0,0,0,0,0,0,1,0.010006,0.010006,0.010006,0.010006,0,33,0,0,0,0,0,0,0,0,0,0,0,0,0,0,0,0,0,0,0,0,0,0,0,0,0,0,0,0,0,2026-06-19 16:44:27.796712+00,2026-06-19 16:44:27.796712+00
10,16384,t,2359071979161327874,"MOVE ALL IN ""query-cursor_222""",0,0,0,0,0,0,1,10.277342,10.277342,10.277342,10.277342,0,0,0,0,0,0,0,0,0,0,0,0,0,0,0,0,0,0,0,0,0,0,0,0,0,0,0,0,0,0,0,2026-06-19 18:04:27.822242+00,2026-06-19 18:04:27.822242+00
16410,16412,t,-3758958998140361371,CREATE SCHEMA IF NOT EXISTS perf,0,0,0,0,0,0,2,7.162909,0.109555,7.053354,3.5814545,3.4718994999999997,0,25,3,0,0,0,0,0,0,0,0,6.691189,0,0,0,0,0,0,0,0,0,0,0,0,0,0,0,0,0,0,2026-06-19 15:39:53.955379+00,2026-06-19 15:39:53.955379+00
10,16384,t,7961057411394606713,"MOVE -452 IN ""query-cursor_55""",0,0,0,0,0,0,1,0.01024,0.01024,0.01024,0.01024,0,0,0,0,0,0,0,0,0,0,0,0,0,0,0,0,0,0,0,0,0,0,0,0,0,0,0,0,0,0,0,2026-06-19 13:43:27.667709+00,2026-06-19 13:43:27.667709+00
10,16384,t,6653483181614798911,"MOVE ALL IN ""query-cursor_137""",0,0,0,0,0,0,1,113.470649,113.470649,113.470649,113.470649,0,0,0,0,0,0,0,0,0,0,0,0,0,0,0,0,0,0,0,0,0,0,0,0,0,0,0,0,0,0,0,2026-06-19 15:10:27.81571+00,2026-06-19 15:10:27.81571+00
16410,16412,t,84371413245889234,"SELECT f.calls - coalesce(b.calls,$1)                       AS calls,
       f.rows  - coalesce(b.rows,$2)                        AS rows,
       round(f.total_exec_time - coalesce(b.total_exec_time,$3)) AS total_ms,
       f.shared_blks_read    - coalesce(b.shared_blks_read,$4)    AS blks_read,
       f.shared_blks_written - coalesce(b.shared_blks_written,$5) AS blks_written,
       f.shared_blks_dirtied - coalesce(b.shared_blks_dirtied,$6) AS blks_dirtied,
       f.wal_bytes           - coalesce(b.wal_bytes,$7)           AS wal_bytes,
       left(f.query, $8)                                   AS query
FROM perf.snap_statement f
LEFT JOIN perf.snap_statement b
       ON b.queryid = f.queryid AND b.label=$9
WHERE f.label=$10
  AND f.total_exec_time - coalesce(b.total_exec_time,$11) > $12
ORDER BY f.total_exec_time - coalesce(b.total_exec_time,$13) DESC
LIMIT $14",0,0,0,0,0,0,1,108.964352,108.964352,108.964352,108.964352,0,25,20849,16,0,0,0,0,0,0,0,0,41.274128,0,0,0,0,0,0,0,0,0,0,0,0,0,0,0,0,0,0,2026-06-19 19:00:29.552638+00,2026-06-19 19:00:29.552638+00
10,16384,t,5753907268099521058,"DECLARE ""query-cursor_172"" SCROLL CURSOR FOR select queryid, left(query, $1), calls, (total_plan_time + total_exec_time) as total_time from aurora_stat_statements($2) order by calls desc limit $3 FOR READ ONLY",0,0,0,0,0,0,1,0.079182,0.079182,0.079182,0.079182,0,0,0,0,0,0,0,0,0,0,0,0,0,0,0,0,0,0,0,0,0,0,0,0,0,0,0,0,0,0,0,2026-06-19 16:20:28.935315+00,2026-06-19 16:20:28.935315+00
16410,16412,t,7214889881273746661,"SELECT RES_ENT_ID,LIB_FEAT_ID,FTYPE_ID,UTYPE_CODE,SUPPRESSED,OBS_ENT_CNT FROM RES_FEAT_EKEY WHERE RES_ENT_ID IN ($1,$2,$3,$4,$5,$6,$7,$8,$9,$10,$11,$12,$13,$14,$15,$16,$17,$18,$19,$20,$21,$22,$23,$24,$25,$26,$27,$28,$29,$30,$31,$32) AND FTYPE_ID IN ($33,$34,$35,$36,$37,$38,$39,$40,$41,$42,$43,$44,$45,$46,$47,$48)",0,0,0,0,0,0,8842,150771.4615589997,0.220113,505.810094,17.0517373398552,37.76379350490563,3703902,929588,7202,0,0,0,0,0,0,0,0,123784.6349859996,0,0,0,0,0,0,0,0,0,0,0,0,0,0,0,0,0,0,2026-06-19 14:53:10.334235+00,2026-06-19 14:53:10.334235+00
10,16384,t,-3678091648348502076,"MOVE ALL IN ""query-cursor_245""",0,0,0,0,0,0,1,321.446769,321.446769,321.446769,321.446769,0,0,0,0,0,0,0,0,0,0,0,0,0,0,0,0,0,0,0,0,0,0,0,0,0,0,0,0,0,0,0,2026-06-19 18:47:28.927925+00,2026-06-19 18:47:28.927925+00
10,16384,t,8291708505603826401,"DECLARE ""query-cursor_249"" SCROLL CURSOR FOR select queryid, left(query, $1), calls, (total_plan_time + total_exec_time) as total_time from aurora_stat_statements($2) order by calls desc limit $3 FOR READ ONLY",0,0,0,0,0,0,1,0.081398,0.081398,0.081398,0.081398,0,0,0,0,0,0,0,0,0,0,0,0,0,0,0,0,0,0,0,0,0,0,0,0,0,0,0,0,0,0,0,2026-06-19 18:57:27.736342+00,2026-06-19 18:57:27.736342+00
10,16384,t,-4042008523835260034,"MOVE ALL IN ""query-cursor_229""",0,0,0,0,0,0,1,5.983206,5.983206,5.983206,5.983206,0,0,0,0,0,0,0,0,0,0,0,0,0,0,0,0,0,0,0,0,0,0,0,0,0,0,0,0,0,0,0,2026-06-19 18:18:27.686426+00,2026-06-19 18:18:27.686426+00
10,16384,t,2094597688851441670,"MOVE -188 IN ""query-cursor_11""",0,0,0,0,0,0,1,0.006231,0.006231,0.006231,0.006231,0,0,0,0,0,0,0,0,0,0,0,0,0,0,0,0,0,0,0,0,0,0,0,0,0,0,0,0,0,0,0,2026-06-19 12:59:27.664013+00,2026-06-19 12:59:27.664013+00
16410,16412,t,2711576164615588639,"UPDATE RES_FEAT_EKEY AS T SET SUPPRESSED = C.SUPPRESSED FROM (VALUES (CAST ($1 AS BIGINT),CAST ($2 AS BIGINT),$3,$4),(CAST ($5 AS BIGINT),CAST ($6 AS BIGINT),$7,$8),(CAST ($9 AS BIGINT),CAST ($10 AS BIGINT),$11,$12),(CAST ($13 AS BIGINT),CAST ($14 AS BIGINT),$15,$16)) AS C(RES_ENT_ID,LIB_FEAT_ID,UTYPE_CODE,SUPPRESSED) WHERE C.RES_ENT_ID=T.RES_ENT_ID AND C.LIB_FEAT_ID=T.LIB_FEAT_ID AND C.UTYPE_CODE=T.UTYPE_CODE",0,0,0,0,0,0,423,1584.3133069999994,0.07574399999999999,131.620986,3.745421529550826,12.17668110876502,1692,20081,26,0,0,0,0,0,0,0,0,288.47070799999995,0,0,0,0,0,0,0,0,0,0,0,0,0,0,0,0,0,0,2026-06-19 15:18:56.950699+00,2026-06-19 15:18:56.950699+00
16410,16412,t,-6479956330566125787,"UPDATE RES_FEAT_EKEY AS T SET SUPPRESSED=C.SUPPRESSED,OBS_ENT_CNT=C.OBS_ENT_CNT FROM (VALUES (CAST ($1 AS BIGINT),CAST ($2 AS BIGINT),$3,$4,CAST ($5 AS BIGINT)),(CAST ($6 AS BIGINT),CAST ($7 AS BIGINT),$8,$9,CAST ($10 AS BIGINT)),(CAST ($11 AS BIGINT),CAST ($12 AS BIGINT),$13,$14,CAST ($15 AS BIGINT)),(CAST ($16 AS BIGINT),CAST ($17 AS BIGINT),$18,$19,CAST ($20 AS BIGINT)),(CAST ($21 AS BIGINT),CAST ($22 AS BIGINT),$23,$24,CAST ($25 AS BIGINT)),(CAST ($26 AS BIGINT),CAST ($27 AS BIGINT),$28,$29,CAST ($30 AS BIGINT)),(CAST ($31 AS BIGINT),CAST ($32 AS BIGINT),$33,$34,CAST ($35 AS BIGINT)),(CAST ($36 AS BIGINT),CAST ($37 AS BIGINT),$38,$39,CAST ($40 AS BIGINT)),(CAST ($41 AS BIGINT),CAST ($42 AS BIGINT),$43,$44,CAST ($45 AS BIGINT)),(CAST ($46 AS BIGINT),CAST ($47 AS BIGINT),$48,$49,CAST ($50 AS BIGINT))) AS C(RES_ENT_ID,LIB_FEAT_ID,UTYPE_CODE,SUPPRESSED,OBS_ENT_CNT) WHERE C.RES_ENT_ID=T.RES_ENT_ID AND C.LIB_FEAT_ID=T.LIB_FEAT_ID AND C.UTYPE_CODE=T.UTYPE_CODE",0,0,0,0,0,0,199604,2656214.626206023,0.085942,647.34055,13.307421826246083,31.018568719198964,1996032,28833123,41370,0,5008,0,0,0,0,0,0,955062.2632800065,465.918179999999,0,0,0,0,0,0,0,0,0,0,0,0,0,0,0,0,0,2026-06-19 14:52:48.045227+00,2026-06-19 14:52:48.045227+00
16410,16412,t,-3462866171296620943,"SELECT RES_ENT_ID,LIB_FEAT_ID,FTYPE_ID,UTYPE_CODE,SUPPRESSED,OBS_ENT_CNT FROM RES_FEAT_EKEY WHERE RES_ENT_ID IN ($1,$2,$3,$4) AND FTYPE_ID IN ($5,$6,$7,$8,$9,$10,$11,$12,$13,$14,$15,$16,$17,$18)",0,0,0,0,0,0,394940,1014818.608557003,0.03774,495.56889,2.569551345918375,13.915252829539083,25817761,7330324,43378,0,0,0,0,0,0,0,0,825261.4145459979,0,0,0,0,0,0,0,0,0,0,0,0,0,0,0,0,0,0,2026-06-19 14:52:40.482511+00,2026-06-19 14:52:40.482511+00
16410,16412,t,-568525172407805593,"SELECT RES_ENT_ID,LIB_FEAT_ID,FTYPE_ID,UTYPE_CODE,SUPPRESSED,OBS_ENT_CNT FROM RES_FEAT_EKEY WHERE RES_ENT_ID IN ($1,$2,$3,$4,$5,$6,$7,$8,$9,$10,$11,$12,$13,$14,$15,$16) AND FTYPE_ID IN ($17,$18,$19,$20,$21)",0,0,0,0,0,0,10,43.607282000000005,0.20096,41.496702000000006,4.3607282000000005,12.378679542414611,453,483,2,0,0,0,0,0,0,0,0,41.176518,0,0,0,0,0,0,0,0,0,0,0,0,0,0,0,0,0,0,2026-06-19 15:01:00.456249+00,2026-06-19 15:01:00.456249+00
10,16384,t,8450378700115730629,"FETCH 0 IN ""query-cursor_22""",0,0,0,0,0,0,1,0.003905,0.003905,0.003905,0.003905,0,0,0,0,0,0,0,0,0,0,0,0,0,0,0,0,0,0,0,0,0,0,0,0,0,0,0,0,0,0,0,2026-06-19 13:10:27.664334+00,2026-06-19 13:10:27.664334+00
10,16384,t,-750649927524930222,"FETCH 0 IN ""query-cursor_71""",0,0,0,0,0,0,1,0.003781,0.003781,0.003781,0.003781,0,0,0,0,0,0,0,0,0,0,0,0,0,0,0,0,0,0,0,0,0,0,0,0,0,0,0,0,0,0,0,2026-06-19 13:59:27.667816+00,2026-06-19 13:59:27.667816+00
10,16384,t,-7382215041284295584,"FETCH 40 IN ""query-cursor_239""",0,0,0,0,0,0,1,0.011135,0.011135,0.011135,0.011135,0,40,0,0,0,0,0,0,0,0,0,0,0,0,0,0,0,0,0,0,0,0,0,0,0,0,0,0,0,0,0,2026-06-19 18:35:27.761608+00,2026-06-19 18:35:27.761608+00
16410,16412,t,-1309502748359952683,"SELECT RES_ENT_ID,LIB_FEAT_ID,FTYPE_ID,UTYPE_CODE,SUPPRESSED,OBS_ENT_CNT FROM RES_FEAT_EKEY WHERE RES_ENT_ID IN ($1,$2,$3,$4,$5,$6,$7,$8,$9,$10,$11,$12,$13,$14,$15,$16,$17,$18,$19,$20,$21,$22,$23,$24,$25,$26,$27,$28,$29,$30,$31,$32) AND FTYPE_ID IN ($33,$34,$35,$36,$37,$38,$39,$40,$41,$42,$43,$44,$45,$46,$47)",0,0,0,0,0,0,6569,108276.289677,0.23575700000000002,476.428112,16.48291820322728,35.78536706496652,2607504,685741,5001,0,0,0,0,0,0,0,0,88305.6055770001,0,0,0,0,0,0,0,0,0,0,0,0,0,0,0,0,0,0,2026-06-19 14:53:14.211244+00,2026-06-19 14:53:14.211244+00
10,16384,t,-8534132176712531063,"FETCH 31 IN ""query-cursor_65""",0,0,0,0,0,0,1,0.002495,0.002495,0.002495,0.002495,0,31,0,0,0,0,0,0,0,0,0,0,0,0,0,0,0,0,0,0,0,0,0,0,0,0,0,0,0,0,0,2026-06-19 13:53:27.670462+00,2026-06-19 13:53:27.670462+00
10,16384,t,-1494124873289562653,"FETCH 0 IN ""query-cursor_152""",0,0,0,0,0,0,1,0.007236,0.007236,0.007236,0.007236,0,0,0,0,0,0,0,0,0,0,0,0,0,0,0,0,0,0,0,0,0,0,0,0,0,0,0,0,0,0,0,2026-06-19 15:40:27.699247+00,2026-06-19 15:40:27.699247+00
10,16384,t,2056625663082874387,"MOVE ALL IN ""query-cursor_213""",0,0,0,0,0,0,1,8.243157,8.243157,8.243157,8.243157,0,0,0,0,0,0,0,0,0,0,0,0,0,0,0,0,0,0,0,0,0,0,0,0,0,0,0,0,0,0,0,2026-06-19 17:46:27.935811+00,2026-06-19 17:46:27.935811+00
10,16384,t,-3872137770269586522,"FETCH 0 IN ""query-cursor_129""",0,0,0,0,0,0,1,0.004983,0.004983,0.004983,0.004983,0,0,0,0,0,0,0,0,0,0,0,0,0,0,0,0,0,0,0,0,0,0,0,0,0,0,0,0,0,0,0,2026-06-19 14:57:27.672082+00,2026-06-19 14:57:27.672082+00
10,16384,t,-2696399101429117840,"FETCH 50 IN ""query-cursor_188""",0,0,0,0,0,0,35,0.515401,0.007812,0.027165,0.014725742857142857,0.004720399470643242,1750,0,0,0,0,0,0,0,0,0,0,0,0,0,0,0,0,0,0,0,0,0,0,0,0,0,0,0,0,0,2026-06-19 16:56:28.134252+00,2026-06-19 16:56:28.134252+00
10,16384,t,-7272984866418420687,"FETCH 50 IN ""query-cursor_81""",0,0,0,0,0,0,12,0.037938,0.002661,0.005965,0.0031615,0.0008616744841682772,600,0,0,0,0,0,0,0,0,0,0,0,0,0,0,0,0,0,0,0,0,0,0,0,0,0,0,0,0,0,2026-06-19 14:09:27.669885+00,2026-06-19 14:09:27.669885+00
10,16384,t,6778512405440280401,"FETCH 45 IN ""query-cursor_54""",0,0,0,0,0,0,1,0.003358,0.003358,0.003358,0.003358,0,45,0,0,0,0,0,0,0,0,0,0,0,0,0,0,0,0,0,0,0,0,0,0,0,0,0,0,0,0,0,2026-06-19 13:42:27.669123+00,2026-06-19 13:42:27.669123+00
10,16384,t,-5778099297048156385,"FETCH 0 IN ""query-cursor_98""",0,0,0,0,0,0,1,0.004284,0.004284,0.004284,0.004284,0,0,0,0,0,0,0,0,0,0,0,0,0,0,0,0,0,0,0,0,0,0,0,0,0,0,0,0,0,0,0,2026-06-19 14:26:27.669751+00,2026-06-19 14:26:27.669751+00
10,16384,t,-5759200098334935571,"FETCH 50 IN ""query-cursor_136""",0,0,0,0,0,0,27,0.4938589999999999,0.008176,0.030072,0.01829107407407407,0.006934479023534961,1350,0,0,0,0,0,0,0,0,0,0,0,0,0,0,0,0,0,0,0,0,0,0,0,0,0,0,0,0,0,2026-06-19 15:08:27.749579+00,2026-06-19 15:08:27.749579+00
16410,16412,t,-2361319720400768964,"INSERT INTO RES_REL_EKEY(RES_REL_ID,RES_ENT_ID,REL_ENT_ID) VALUES ($1,$2,$3),($4,$5,$6),($7,$8,$9),($10,$11,$12),($13,$14,$15),($16,$17,$18),($19,$20,$21),($22,$23,$24),($25,$26,$27),($28,$29,$30),($31,$32,$33),($34,$35,$36),($37,$38,$39),($40,$41,$42),($43,$44,$45),($46,$47,$48),($49,$50,$51),($52,$53,$54) ON CONFLICT DO NOTHING",0,0,0,0,0,0,10558,111671.70157699999,0.189901,645.690165,10.576974955199846,28.09509237616952,190042,1724898,275,0,1330,0,0,0,0,0,0,9701.757826999996,198.38967199999993,0,0,0,0,0,0,0,0,0,0,0,0,0,0,0,0,0,2026-06-19 14:53:04.221107+00,2026-06-19 14:53:04.221107+00
16410,16412,t,-8072817735655944449,"SELECT RES_ENT_ID,LIB_FEAT_ID,FTYPE_ID,UTYPE_CODE,SUPPRESSED,OBS_ENT_CNT FROM RES_FEAT_EKEY WHERE RES_ENT_ID IN ($1,$2,$3,$4,$5,$6,$7,$8) AND FTYPE_ID IN ($9,$10,$11,$12,$13,$14)",0,0,0,0,0,0,60,203.171026,0.10919000000000001,56.052462999999996,3.386183766666667,10.592562473645375,2738,2030,10,0,0,0,0,0,0,0,0,165.768901,0,0,0,0,0,0,0,0,0,0,0,0,0,0,0,0,0,0,2026-06-19 14:56:04.047119+00,2026-06-19 14:56:04.047119+00
10,16384,t,5011396922662833801,"FETCH 50 IN ""query-cursor_200""",0,0,0,0,0,0,37,0.6089309999999999,0.011072,0.029119,0.01645759459459459,0.004828436798460509,1850,0,0,0,0,0,0,0,0,0,0,0,0,0,0,0,0,0,0,0,0,0,0,0,0,0,0,0,0,0,2026-06-19 17:20:27.739242+00,2026-06-19 17:20:27.739242+00
10,16384,t,121873202695487710,"FETCH 0 IN ""query-cursor_59""",0,0,0,0,0,0,1,0.004115,0.004115,0.004115,0.004115,0,0,0,0,0,0,0,0,0,0,0,0,0,0,0,0,0,0,0,0,0,0,0,0,0,0,0,0,0,0,0,2026-06-19 13:47:27.66694+00,2026-06-19 13:47:27.66694+00
16410,16412,t,4986175030433395078,"SELECT RES_ENT_ID,LIB_FEAT_ID,FTYPE_ID,UTYPE_CODE,SUPPRESSED,OBS_ENT_CNT FROM RES_FEAT_EKEY WHERE RES_ENT_ID IN ($1,$2) AND FTYPE_ID IN ($3,$4,$5,$6,$7,$8,$9,$10,$11,$12,$13,$14,$15,$16,$17,$18)",0,0,0,0,0,0,493871,627971.0240850031,0.027037,512.0318550000001,1.2715284438345298,9.558082652897406,20587934,5331867,24729,0,0,0,0,0,0,0,0,485341.1066500032,0,0,0,0,0,0,0,0,0,0,0,0,0,0,0,0,0,0,2026-06-19 14:52:40.284199+00,2026-06-19 14:52:40.284199+00
10,16384,t,-8608073327900628397,"FETCH 50 IN ""query-cursor_62""",0,0,0,0,0,0,10,0.033269,0.002842,0.005433,0.0033269,0.0007363624718846012,500,0,0,0,0,0,0,0,0,0,0,0,0,0,0,0,0,0,0,0,0,0,0,0,0,0,0,0,0,0,2026-06-19 13:50:27.66834+00,2026-06-19 13:50:27.66834+00
16410,16412,t,-2267411078293970552,"INSERT INTO RES_RELATE(RES_REL_ID,MIN_RES_ENT_ID,MAX_RES_ENT_ID,IS_DISCLOSED,IS_AMBIGUOUS,LAST_ERRULE_ID,MATCH_KEY,MATCH_KEY_DETAILS,MATCH_LEVELS) VALUES ($1,$2,$3,$4,$5,$6,$7,$8,$9),($10,$11,$12,$13,$14,$15,$16,$17,$18) ON CONFLICT DO NOTHING",0,0,0,0,0,0,2327262,10188868.968323428,0.030733,969.5990859999999,4.378049814899839,17.95394137006152,4654524,43118385,130965,0,372799,0,0,0,0,0,0,2494098.8264709734,22692.709299000275,0,0,0,0,0,0,0,0,0,0,0,0,0,0,0,0,0,2026-06-19 14:52:41.049638+00,2026-06-19 14:52:41.049638+00
10,16384,t,-7675392397275309014,"DECLARE ""query-cursor_224"" SCROLL CURSOR FOR select queryid, left(query, $1), calls, (total_plan_time + total_exec_time) as total_time from aurora_stat_statements($2) order by calls desc limit $3 FOR READ ONLY",0,0,0,0,0,0,1,0.073997,0.073997,0.073997,0.073997,0,0,0,0,0,0,0,0,0,0,0,0,0,0,0,0,0,0,0,0,0,0,0,0,0,0,0,0,0,0,0,2026-06-19 18:08:27.753515+00,2026-06-19 18:08:27.753515+00
10,16384,t,-5009686610819424019,"MOVE -2097 IN ""query-cursor_240""",0,0,0,0,0,0,1,0.174193,0.174193,0.174193,0.174193,0,0,0,0,0,0,0,0,0,0,0,0,0,0,0,0,0,0,0,0,0,0,0,0,0,0,0,0,0,0,0,2026-06-19 18:37:27.725793+00,2026-06-19 18:37:27.725793+00
16410,16412,t,1861183197692218261,"CREATE TABLE SYS_SEQUENCE (SEQUENCE_NAME VARCHAR(50) NOT NULL, NEXT_SEQUENCE BIGINT NOT NULL, CACHE_SIZE BIGINT NOT NULL, PRIMARY KEY(SEQUENCE_NAME))",0,0,0,0,0,0,1,2.373848,2.373848,2.373848,2.373848,0,0,192,0,0,0,0,0,0,0,0,0,0,0,0,0,0,0,0,0,0,0,0,0,0,0,0,0,0,0,0,2026-06-19 12:52:04.184048+00,2026-06-19 12:52:04.184048+00
10,16384,t,7021213894311986600,"FETCH 0 IN ""query-cursor_100""",0,0,0,0,0,0,1,0.00383,0.00383,0.00383,0.00383,0,0,0,0,0,0,0,0,0,0,0,0,0,0,0,0,0,0,0,0,0,0,0,0,0,0,0,0,0,0,0,2026-06-19 14:28:27.66991+00,2026-06-19 14:28:27.66991+00
10,16384,t,-3494748731752761810,"DECLARE ""query-cursor_170"" SCROLL CURSOR FOR select queryid, left(query, $1), calls, (total_plan_time + total_exec_time) as total_time from aurora_stat_statements($2) order by calls desc limit $3 FOR READ ONLY",0,0,0,0,0,0,1,0.082591,0.082591,0.082591,0.082591,0,0,0,0,0,0,0,0,0,0,0,0,0,0,0,0,0,0,0,0,0,0,0,0,0,0,0,0,0,0,0,2026-06-19 16:16:27.818539+00,2026-06-19 16:16:27.818539+00
10,16384,t,-78120501205457882,"MOVE -568 IN ""query-cursor_71""",0,0,0,0,0,0,1,0.013058,0.013058,0.013058,0.013058,0,0,0,0,0,0,0,0,0,0,0,0,0,0,0,0,0,0,0,0,0,0,0,0,0,0,0,0,0,0,0,2026-06-19 13:59:27.669172+00,2026-06-19 13:59:27.669172+00
10,16384,t,-5779827929794590231,"MOVE -1306 IN ""query-cursor_129""",0,0,0,0,0,0,1,0.04947,0.04947,0.04947,0.04947,0,0,0,0,0,0,0,0,0,0,0,0,0,0,0,0,0,0,0,0,0,0,0,0,0,0,0,0,0,0,0,2026-06-19 14:57:27.677173+00,2026-06-19 14:57:27.677173+00
10,16384,t,6808292966233436584,"MOVE ALL IN ""query-cursor_41""",0,0,0,0,0,0,1,0.788441,0.788441,0.788441,0.788441,0,0,0,0,0,0,0,0,0,0,0,0,0,0,0,0,0,0,0,0,0,0,0,0,0,0,0,0,0,0,0,2026-06-19 13:29:27.666451+00,2026-06-19 13:29:27.666451+00
10,16384,t,1616699650370724610,"MOVE ALL IN ""query-cursor_135""",0,0,0,0,0,0,1,7.140125,7.140125,7.140125,7.140125,0,0,0,0,0,0,0,0,0,0,0,0,0,0,0,0,0,0,0,0,0,0,0,0,0,0,0,0,0,0,0,2026-06-19 15:06:27.680189+00,2026-06-19 15:06:27.680189+00
10,16384,t,6179526880103542464,"FETCH 13 IN ""query-cursor_62""",0,0,0,0,0,0,1,0.001826,0.001826,0.001826,0.001826,0,13,0,0,0,0,0,0,0,0,0,0,0,0,0,0,0,0,0,0,0,0,0,0,0,0,0,0,0,0,0,2026-06-19 13:50:27.670112+00,2026-06-19 13:50:27.670112+00
16410,16412,t,180498833185157874,"INSERT INTO RES_FEAT_STAT(LIB_FEAT_ID,FTYPE_ID,NUM_RES_ENT,NUM_RES_ENT_OOM) VALUES ($1,$2,$3,$4),($5,$6,$7,$8),($9,$10,$11,$12),($13,$14,$15,$16),($17,$18,$19,$20),($21,$22,$23,$24),($25,$26,$27,$28),($29,$30,$31,$32),($33,$34,$35,$36),($37,$38,$39,$40),($41,$42,$43,$44),($45,$46,$47,$48),($49,$50,$51,$52),($53,$54,$55,$56),($57,$58,$59,$60),($61,$62,$63,$64),($65,$66,$67,$68) ON CONFLICT DO NOTHING",0,0,0,0,0,0,2066694,37958724.217254296,0.152084,3039.188999,18.366881704429534,72.68716831975047,35133745,349520550,17819,0,353814,0,0,0,0,0,0,176124.5180020002,34409.08759699979,0,0,0,0,0,0,0,0,0,0,0,0,0,0,0,0,0,2026-06-19 14:52:39.529558+00,2026-06-19 14:52:39.529558+00
10,16384,t,-6325898158887308766,"select s.*, extract($1 from s.lastattempt) as lastattempt_ts from rds_get_stat_connections_counters() as s where s.lastattempt > (now() - interval $2 second) limit $3",0,0,0,0,0,0,253,18.888028999999992,0.022838999999999998,0.948736,0.07465624110671934,0.0765796107255621,522,0,0,0,0,0,0,0,0,0,0,0,0,0,0,0,0,0,0,0,0,0,0,0,0,0,0,0,0,0,2026-06-19 12:51:37.693424+00,2026-06-19 12:51:37.693424+00
10,16384,t,2678695201860592654,"MOVE ALL IN ""query-cursor_216""",0,0,0,0,0,0,1,17.048215,17.048215,17.048215,17.048215,0,0,0,0,0,0,0,0,0,0,0,0,0,0,0,0,0,0,0,0,0,0,0,0,0,0,0,0,0,0,0,2026-06-19 17:52:27.726903+00,2026-06-19 17:52:27.726903+00
10,16384,t,-6123520576580099643,"MOVE -598 IN ""query-cursor_76""",0,0,0,0,0,0,1,0.013082,0.013082,0.013082,0.013082,0,0,0,0,0,0,0,0,0,0,0,0,0,0,0,0,0,0,0,0,0,0,0,0,0,0,0,0,0,0,0,2026-06-19 14:04:27.669499+00,2026-06-19 14:04:27.669499+00
10,16384,t,3529802803037521916,"FETCH 48 IN ""query-cursor_216""",0,0,0,0,0,0,1,0.01091,0.01091,0.01091,0.01091,0,48,0,0,0,0,0,0,0,0,0,0,0,0,0,0,0,0,0,0,0,0,0,0,0,0,0,0,0,0,0,2026-06-19 17:52:27.750935+00,2026-06-19 17:52:27.750935+00
10,16384,t,2162248481821045395,"FETCH 50 IN ""query-cursor_228""",0,0,0,0,0,0,40,0.279168,0.0037,0.018347,0.0069792000000000005,0.0031942001205309597,2000,0,0,0,0,0,0,0,0,0,0,0,0,0,0,0,0,0,0,0,0,0,0,0,0,0,0,0,0,0,2026-06-19 18:16:27.687279+00,2026-06-19 18:16:27.687279+00
10,16384,t,2566812727694714529,"FETCH 50 IN ""query-cursor_250""",0,0,0,0,0,0,43,0.17823399999999992,0.002777,0.007213,0.004144976744186044,0.0014089464724572987,2150,0,0,0,0,0,0,0,0,0,0,0,0,0,0,0,0,0,0,0,0,0,0,0,0,0,0,0,0,0,2026-06-19 18:59:27.687592+00,2026-06-19 18:59:27.687592+00
10,16384,t,-1727729175226582958,"FETCH 0 IN ""query-cursor_78""",0,0,0,0,0,0,1,0.003514,0.003514,0.003514,0.003514,0,0,0,0,0,0,0,0,0,0,0,0,0,0,0,0,0,0,0,0,0,0,0,0,0,0,0,0,0,0,0,2026-06-19 14:06:27.668309+00,2026-06-19 14:06:27.668309+00
10,16384,t,4805677888210446517,"FETCH 34 IN ""query-cursor_190""",0,0,0,0,0,0,1,0.012576,0.012576,0.012576,0.012576,0,34,0,0,0,0,0,0,0,0,0,0,0,0,0,0,0,0,0,0,0,0,0,0,0,0,0,0,0,0,0,2026-06-19 17:00:27.873386+00,2026-06-19 17:00:27.873386+00
16410,16412,t,6677170199661313477,SELECT DSRC_ID FROM DSRC_RECORD WHERE DSRC_ID=$1 AND RECORD_ID=$2,0,0,0,0,0,0,25000086,1424213.2373670011,0.004687,620.7113370000001,0.056968333523612726,1.4083686048495512,86,88280656,9676,0,0,0,0,0,0,0,0,318650.03891000064,0,0,0,0,0,0,0,0,0,0,0,0,0,0,0,0,0,0,2026-06-19 14:52:39.488231+00,2026-06-19 14:52:39.488231+00
16410,16412,t,-7978125630848441870,"SELECT RES_ENT_ID,LIB_FEAT_ID,FTYPE_ID,UTYPE_CODE,SUPPRESSED,OBS_ENT_CNT FROM RES_FEAT_EKEY WHERE RES_ENT_ID IN ($1) AND FTYPE_ID IN ($2,$3,$4,$5,$6,$7,$8,$9,$10,$11,$12,$13,$14,$15,$16)",0,0,0,0,0,0,792093,488282.5877929974,0.014517,500.896491,0.6164460332221058,6.501681292556148,15816490,4279582,18760,0,0,0,0,0,0,0,0,364309.0418280003,0,0,0,0,0,0,0,0,0,0,0,0,0,0,0,0,0,0,2026-06-19 14:52:40.02729+00,2026-06-19 14:52:40.02729+00
16410,16412,t,-2833006144402009043,"UPDATE RES_FEAT_EKEY AS T SET SUPPRESSED=C.SUPPRESSED,OBS_ENT_CNT=C.OBS_ENT_CNT FROM (VALUES (CAST ($1 AS BIGINT),CAST ($2 AS BIGINT),$3,$4,CAST ($5 AS BIGINT)),(CAST ($6 AS BIGINT),CAST ($7 AS BIGINT),$8,$9,CAST ($10 AS BIGINT)),(CAST ($11 AS BIGINT),CAST ($12 AS BIGINT),$13,$14,CAST ($15 AS BIGINT)),(CAST ($16 AS BIGINT),CAST ($17 AS BIGINT),$18,$19,CAST ($20 AS BIGINT)),(CAST ($21 AS BIGINT),CAST ($22 AS BIGINT),$23,$24,CAST ($25 AS BIGINT)),(CAST ($26 AS BIGINT),CAST ($27 AS BIGINT),$28,$29,CAST ($30 AS BIGINT)),(CAST ($31 AS BIGINT),CAST ($32 AS BIGINT),$33,$34,CAST ($35 AS BIGINT)),(CAST ($36 AS BIGINT),CAST ($37 AS BIGINT),$38,$39,CAST ($40 AS BIGINT)),(CAST ($41 AS BIGINT),CAST ($42 AS BIGINT),$43,$44,CAST ($45 AS BIGINT)),(CAST ($46 AS BIGINT),CAST ($47 AS BIGINT),$48,$49,CAST ($50 AS BIGINT)),(CAST ($51 AS BIGINT),CAST ($52 AS BIGINT),$53,$54,CAST ($55 AS BIGINT)),(CAST ($56 AS BIGINT),CAST ($57 AS BIGINT),$58,$59,CAST ($60 AS BIGINT)),(CAST ($61 AS BIGINT),CAST ($62 AS BIGINT),$63,$64,CAST ($65 AS BIGINT)),(CAST ($66 AS BIGINT),CAST ($67 AS BIGINT),$68,$69,CAST ($70 AS BIGINT)),(CAST ($71 AS BIGINT),CAST ($72 AS BIGINT),$73,$74,CAST ($75 AS BIGINT)),(CAST ($76 AS BIGINT),CAST ($77 AS BIGINT),$78,$79,CAST ($80 AS BIGINT)),(CAST ($81 AS BIGINT),CAST ($82 AS BIGINT),$83,$84,CAST ($85 AS BIGINT)),(CAST ($86 AS BIGINT),CAST ($87 AS BIGINT),$88,$89,CAST ($90 AS BIGINT)),(CAST ($91 AS BIGINT),CAST ($92 AS BIGINT),$93,$94,CAST ($95 AS BIGINT)),(CAST ($96 AS BIGINT),CAST ($97 AS BIGINT),$98,$99,CAST ($100 AS BIGINT))) AS C(RES_ENT_ID,LIB_FEAT_ID,UTYPE_CODE,SUPPRESSED,OBS_ENT_CNT) WHERE C.RES_ENT_ID=T.RES_ENT_ID AND C.LIB_FEAT_ID=T.LIB_FEAT_ID AND C.UTYPE_CODE=T.UTYPE_CODE",0,0,0,0,0,0,100246,2107672.4381899694,0.174294,1087.645069,21.025002874827617,43.942393848330205,2004881,29887063,29843,0,7912,0,0,0,0,0,0,697559.5344979973,629.6670350000005,0,0,0,0,0,0,0,0,0,0,0,0,0,0,0,0,0,2026-06-19 14:53:16.722305+00,2026-06-19 14:53:16.722305+00
10,16384,t,7292039234068123915,"MOVE ALL IN ""query-cursor_220""",0,0,0,0,0,0,1,16.272518,16.272518,16.272518,16.272518,0,0,0,0,0,0,0,0,0,0,0,0,0,0,0,0,0,0,0,0,0,0,0,0,0,0,0,0,0,0,0,2026-06-19 18:00:27.721708+00,2026-06-19 18:00:27.721708+00
10,16384,t,5517591159595534572,"FETCH 0 IN ""query-cursor_94""",0,0,0,0,0,0,1,0.004379,0.004379,0.004379,0.004379,0,0,0,0,0,0,0,0,0,0,0,0,0,0,0,0,0,0,0,0,0,0,0,0,0,0,0,0,0,0,0,2026-06-19 14:22:27.669481+00,2026-06-19 14:22:27.669481+00
10,16384,t,5958161827212434546,"MOVE ALL IN ""query-cursor_147""",0,0,0,0,0,0,1,21.560124,21.560124,21.560124,21.560124,0,0,0,0,0,0,0,0,0,0,0,0,0,0,0,0,0,0,0,0,0,0,0,0,0,0,0,0,0,0,0,2026-06-19 15:30:27.96159+00,2026-06-19 15:30:27.96159+00
16410,16412,t,-5230923152392454377,"UPDATE SYS_VARS SET VAR_VALUE=$1,SYS_LSTUPD_DT=$2 WHERE VAR_GROUP=$3 and VAR_CODE=$4",0,0,0,0,0,0,2,0.038976000000000004,0.004728,0.034248,0.019488000000000002,0.01476,1,5,0,0,0,0,0,0,0,0,0,0,0,0,0,0,0,0,0,0,0,0,0,0,0,0,0,0,0,0,2026-06-19 12:53:04.449326+00,2026-06-19 12:53:04.449326+00
10,16384,t,-4986895720628233092,"FETCH 26 IN ""query-cursor_146""",0,0,0,0,0,0,1,0.011293,0.011293,0.011293,0.011293,0,26,0,0,0,0,0,0,0,0,0,0,0,0,0,0,0,0,0,0,0,0,0,0,0,0,0,0,0,0,0,2026-06-19 15:28:28.050176+00,2026-06-19 15:28:28.050176+00
10,16384,t,-3992516674996542919,"FETCH 17 IN ""query-cursor_71""",0,0,0,0,0,0,1,0.001881,0.001881,0.001881,0.001881,0,17,0,0,0,0,0,0,0,0,0,0,0,0,0,0,0,0,0,0,0,0,0,0,0,0,0,0,0,0,0,2026-06-19 13:59:27.671219+00,2026-06-19 13:59:27.671219+00
16410,16412,t,5557684501670008027,BEGIN,0,0,0,0,0,0,2460,7.818350999999997,0.000997,0.039106,0.003178191463414633,0.0025754183320164663,0,0,0,0,0,0,0,0,0,0,0,0,0,0,0,0,0,0,0,0,0,0,0,0,0,0,0,0,0,0,2026-06-19 14:52:39.539834+00,2026-06-19 14:52:39.539834+00
16410,16412,t,-5778749656297154934,SELECT perf.snapshot($1),0,0,0,0,0,0,2,73.36182600000001,23.792814,49.569012,36.680913000000004,12.888098999999999,2,3799,67,0,43,0,0,0,0,0,0,34.648649,0.18873600000000001,0,0,0,0,0,0,0,0,0,0,0,0,0,0,0,0,0,2026-06-19 15:47:03.404831+00,2026-06-19 15:47:03.404831+00
10,16384,t,-9126403934424294294,"MOVE -1974 IN ""query-cursor_220""",0,0,0,0,0,0,1,0.261101,0.261101,0.261101,0.261101,0,0,0,0,0,0,0,0,0,0,0,0,0,0,0,0,0,0,0,0,0,0,0,0,0,0,0,0,0,0,0,2026-06-19 18:00:27.722112+00,2026-06-19 18:00:27.722112+00
10,16384,t,1879581546552234630,"MOVE ALL IN ""query-cursor_56""",0,0,0,0,0,0,1,0.971434,0.971434,0.971434,0.971434,0,0,0,0,0,0,0,0,0,0,0,0,0,0,0,0,0,0,0,0,0,0,0,0,0,0,0,0,0,0,0,2026-06-19 13:44:27.667787+00,2026-06-19 13:44:27.667787+00
10,16384,t,-6186591525864521943,"FETCH 50 IN ""query-cursor_244""",0,0,0,0,0,0,42,0.595188,0.008425,0.024747,0.014171142857142858,0.0039867595301222285,2100,0,0,0,0,0,0,0,0,0,0,0,0,0,0,0,0,0,0,0,0,0,0,0,0,0,0,0,0,0,2026-06-19 18:45:27.862651+00,2026-06-19 18:45:27.862651+00
10,16384,t,4137430625580167882,"MOVE -1748 IN ""query-cursor_184""",0,0,0,0,0,0,1,0.188853,0.188853,0.188853,0.188853,0,0,0,0,0,0,0,0,0,0,0,0,0,0,0,0,0,0,0,0,0,0,0,0,0,0,0,0,0,0,0,2026-06-19 16:48:27.706171+00,2026-06-19 16:48:27.706171+00
10,16384,t,-3269504892152285057,"MOVE ALL IN ""query-cursor_107""",0,0,0,0,0,0,1,1.668164,1.668164,1.668164,1.668164,0,0,0,0,0,0,0,0,0,0,0,0,0,0,0,0,0,0,0,0,0,0,0,0,0,0,0,0,0,0,0,2026-06-19 14:35:27.672048+00,2026-06-19 14:35:27.672048+00
10,16384,t,6071184023062021430,"FETCH 27 IN ""query-cursor_152""",0,0,0,0,0,0,1,0.008648,0.008648,0.008648,0.008648,0,27,0,0,0,0,0,0,0,0,0,0,0,0,0,0,0,0,0,0,0,0,0,0,0,0,0,0,0,0,0,2026-06-19 15:40:27.724429+00,2026-06-19 15:40:27.724429+00
16410,16412,t,-3904488888533511368,DELETE FROM RES_FEAT_EKEY WHERE RES_ENT_ID=$1 AND ((LIB_FEAT_ID=$2 AND UTYPE_CODE=$3)OR(LIB_FEAT_ID=$4 AND UTYPE_CODE=$5)OR(LIB_FEAT_ID=$6 AND UTYPE_CODE=$7)OR(LIB_FEAT_ID=$8 AND UTYPE_CODE=$9)OR(LIB_FEAT_ID=$10 AND UTYPE_CODE=$11)OR(LIB_FEAT_ID=$12 AND UTYPE_CODE=$13)OR(LIB_FEAT_ID=$14 AND UTYPE_CODE=$15)OR(LIB_FEAT_ID=$16 AND UTYPE_CODE=$17)OR(LIB_FEAT_ID=$18 AND UTYPE_CODE=$19)OR(LIB_FEAT_ID=$20 AND UTYPE_CODE=$21)OR(LIB_FEAT_ID=$22 AND UTYPE_CODE=$23)OR(LIB_FEAT_ID=$24 AND UTYPE_CODE=$25)OR(LIB_FEAT_ID=$26 AND UTYPE_CODE=$27)),0,0,0,0,0,0,7526,99570.73467000014,0.032314999999999997,360.652209,13.23023314775447,32.54062815440098,95339,494583,1405,0,0,0,0,0,0,0,0,52168.807678000005,0,0,0,0,0,0,0,0,0,0,0,0,0,0,0,0,0,0,2026-06-19 14:55:03.610826+00,2026-06-19 14:55:03.610826+00
10,16384,t,-7756943615440581284,select oid from pg_tablespace where spcname = $1,0,0,0,0,0,0,1,0.009340000000000001,0.009340000000000001,0.009340000000000001,0.009340000000000001,0,1,2,0,0,0,0,0,0,0,0,0,0,0,0,0,0,0,0,0,0,0,0,0,0,0,0,0,0,0,0,2026-06-19 12:48:00.642305+00,2026-06-19 12:48:00.642305+00
10,16384,t,2808551800345030996,"MOVE -333 IN ""query-cursor_35""",0,0,0,0,0,0,1,0.008843,0.008843,0.008843,0.008843,0,0,0,0,0,0,0,0,0,0,0,0,0,0,0,0,0,0,0,0,0,0,0,0,0,0,0,0,0,0,0,2026-06-19 13:23:27.666081+00,2026-06-19 13:23:27.666081+00
10,16384,t,796903788027354748,"MOVE ALL IN ""query-cursor_211""",0,0,0,0,0,0,1,10.550264,10.550264,10.550264,10.550264,0,0,0,0,0,0,0,0,0,0,0,0,0,0,0,0,0,0,0,0,0,0,0,0,0,0,0,0,0,0,0,2026-06-19 17:42:27.740906+00,2026-06-19 17:42:27.740906+00
10,16384,t,-5893136484037934877,"MOVE ALL IN ""query-cursor_42""",0,0,0,0,0,0,1,0.79078,0.79078,0.79078,0.79078,0,0,0,0,0,0,0,0,0,0,0,0,0,0,0,0,0,0,0,0,0,0,0,0,0,0,0,0,0,0,0,2026-06-19 13:30:27.666568+00,2026-06-19 13:30:27.666568+00
16410,16412,t,-943344235121932547,"SELECT OBS_ENT_ID,LOCKING_ID FROM OBS_ENT WHERE OBS_ENT_ID IN ($1)",0,0,0,0,0,0,6285372,285046.2498339954,0.0044469999999999996,240.371665,0.045350736572790824,0.6117004506430823,6285372,30155459,0,0,0,0,0,0,0,0,0,0,0,0,0,0,0,0,0,0,0,0,0,0,0,0,0,0,0,0,2026-06-19 14:52:51.914364+00,2026-06-19 14:52:51.914364+00
10,16384,t,990955716481412777,"FETCH 0 IN ""query-cursor_34""",0,0,0,0,0,0,1,0.004009,0.004009,0.004009,0.004009,0,0,0,0,0,0,0,0,0,0,0,0,0,0,0,0,0,0,0,0,0,0,0,0,0,0,0,0,0,0,0,2026-06-19 13:22:27.665221+00,2026-06-19 13:22:27.665221+00
16410,16412,t,846143920223406767,"SELECT RES_ENT_ID,LIB_FEAT_ID,FTYPE_ID,UTYPE_CODE,SUPPRESSED,OBS_ENT_CNT FROM RES_FEAT_EKEY WHERE RES_ENT_ID IN ($1,$2,$3,$4,$5,$6,$7,$8,$9,$10,$11,$12,$13,$14,$15,$16) AND FTYPE_ID IN ($17,$18,$19,$20,$21,$22,$23,$24,$25,$26)",0,0,0,0,0,0,8816,52395.05881499993,0.08921699999999999,402.81681299999997,5.9431781777450015,23.03119494125078,1280236,466327,2175,0,0,0,0,0,0,0,0,41256.16417199997,0,0,0,0,0,0,0,0,0,0,0,0,0,0,0,0,0,0,2026-06-19 14:52:52.78532+00,2026-06-19 14:52:52.78532+00
10,16384,t,-1330133023524162398,"FETCH 15 IN ""query-cursor_104""",0,0,0,0,0,0,1,0.002127,0.002127,0.002127,0.002127,0,15,0,0,0,0,0,0,0,0,0,0,0,0,0,0,0,0,0,0,0,0,0,0,0,0,0,0,0,0,0,2026-06-19 14:32:27.674486+00,2026-06-19 14:32:27.674486+00
10,16384,t,5989940908595541179,"SELECT COUNT(*) FROM pg_catalog.pg_roles WHERE rolcanlogin = $1 AND rolname NOT IN ($2,$3,$4,$5,$6,$7,$8,$9,$10,$11,$12,$13,$14,$15,$16,$17) AND (rolvaliduntil IS NULL OR rolvaliduntil >= CURRENT_TIMESTAMP)",0,0,0,0,0,0,1,0.011193,0.011193,0.011193,0.011193,0,1,1,0,0,0,0,0,0,0,0,0,0,0,0,0,0,0,0,0,0,0,0,0,0,0,0,0,0,0,0,2026-06-19 13:45:53.584182+00,2026-06-19 13:45:53.584182+00
10,16384,t,-3199744874963371633,"FETCH 0 IN ""query-cursor_44""",0,0,0,0,0,0,1,0.00348,0.00348,0.00348,0.00348,0,0,0,0,0,0,0,0,0,0,0,0,0,0,0,0,0,0,0,0,0,0,0,0,0,0,0,0,0,0,0,2026-06-19 13:32:27.665827+00,2026-06-19 13:32:27.665827+00
10,16384,t,4509550461641771640,"DECLARE ""query-cursor_16"" SCROLL CURSOR FOR select queryid, left(query, $1), calls, (total_plan_time + total_exec_time) as total_time from aurora_stat_statements($2) order by calls desc limit $3 FOR READ ONLY",0,0,0,0,0,0,1,0.061694,0.061694,0.061694,0.061694,0,0,0,0,0,0,0,0,0,0,0,0,0,0,0,0,0,0,0,0,0,0,0,0,0,0,0,0,0,0,0,2026-06-19 13:04:27.663831+00,2026-06-19 13:04:27.663831+00
10,16384,t,-5596929114465684377,"FETCH 45 IN ""query-cursor_59""",0,0,0,0,0,0,1,0.003482,0.003482,0.003482,0.003482,0,45,0,0,0,0,0,0,0,0,0,0,0,0,0,0,0,0,0,0,0,0,0,0,0,0,0,0,0,0,0,2026-06-19 13:47:27.669656+00,2026-06-19 13:47:27.669656+00
10,16384,t,-8630724236363718538,"MOVE ALL IN ""query-cursor_232""",0,0,0,0,0,0,1,6.953887,6.953887,6.953887,6.953887,0,0,0,0,0,0,0,0,0,0,0,0,0,0,0,0,0,0,0,0,0,0,0,0,0,0,0,0,0,0,0,2026-06-19 18:24:27.687604+00,2026-06-19 18:24:27.687604+00
16410,16412,t,-7193374452739268149,"SELECT RES_REL_ID,MIN_RES_ENT_ID,MAX_RES_ENT_ID,IS_DISCLOSED,IS_AMBIGUOUS,LAST_ERRULE_ID,MATCH_LEVELS,MATCH_KEY,MATCH_KEY_DETAILS FROM RES_RELATE WHERE RES_REL_ID IN ($1,$2,$3,$4)",0,0,0,0,0,0,6176900,18120783.76419325,0.008503,1028.6843370000001,2.9336372232338634,19.060922234103273,20753798,63673996,1455279,0,0,0,0,0,0,0,0,16447430.890396066,0,0,0,0,0,0,0,0,0,0,0,0,0,0,0,0,0,0,2026-06-19 14:52:51.947784+00,2026-06-19 14:52:51.947784+00
10,16384,t,8812782426278705201,"MOVE -2085 IN ""query-cursor_238""",0,0,0,0,0,0,1,0.226287,0.226287,0.226287,0.226287,0,0,0,0,0,0,0,0,0,0,0,0,0,0,0,0,0,0,0,0,0,0,0,0,0,0,0,0,0,0,0,2026-06-19 18:33:27.69722+00,2026-06-19 18:33:27.69722+00
10,16384,t,8546799657899073187,"DECLARE ""query-cursor_29"" SCROLL CURSOR FOR select queryid, left(query, $1), calls, (total_plan_time + total_exec_time) as total_time from aurora_stat_statements($2) order by calls desc limit $3 FOR READ ONLY",0,0,0,0,0,0,1,0.06507,0.06507,0.06507,0.06507,0,0,0,0,0,0,0,0,0,0,0,0,0,0,0,0,0,0,0,0,0,0,0,0,0,0,0,0,0,0,0,2026-06-19 13:17:27.664768+00,2026-06-19 13:17:27.664768+00
16410,16412,t,6372024056687767982,DELETE FROM RES_FEAT_EKEY WHERE RES_ENT_ID=$1 AND ((LIB_FEAT_ID=$2 AND UTYPE_CODE=$3)OR(LIB_FEAT_ID=$4 AND UTYPE_CODE=$5)OR(LIB_FEAT_ID=$6 AND UTYPE_CODE=$7)OR(LIB_FEAT_ID=$8 AND UTYPE_CODE=$9)OR(LIB_FEAT_ID=$10 AND UTYPE_CODE=$11)OR(LIB_FEAT_ID=$12 AND UTYPE_CODE=$13)OR(LIB_FEAT_ID=$14 AND UTYPE_CODE=$15)OR(LIB_FEAT_ID=$16 AND UTYPE_CODE=$17)OR(LIB_FEAT_ID=$18 AND UTYPE_CODE=$19)OR(LIB_FEAT_ID=$20 AND UTYPE_CODE=$21)OR(LIB_FEAT_ID=$22 AND UTYPE_CODE=$23)OR(LIB_FEAT_ID=$24 AND UTYPE_CODE=$25)OR(LIB_FEAT_ID=$26 AND UTYPE_CODE=$27)OR(LIB_FEAT_ID=$28 AND UTYPE_CODE=$29)OR(LIB_FEAT_ID=$30 AND UTYPE_CODE=$31)OR(LIB_FEAT_ID=$32 AND UTYPE_CODE=$33)OR(LIB_FEAT_ID=$34 AND UTYPE_CODE=$35)OR(LIB_FEAT_ID=$36 AND UTYPE_CODE=$37)OR(LIB_FEAT_ID=$38 AND UTYPE_CODE=$39)OR(LIB_FEAT_ID=$40 AND UTYPE_CODE=$41)OR(LIB_FEAT_ID=$42 AND UTYPE_CODE=$43)OR(LIB_FEAT_ID=$44 AND UTYPE_CODE=$45)OR(LIB_FEAT_ID=$46 AND UTYPE_CODE=$47)OR(LIB_FEAT_ID=$48 AND UTYPE_CODE=$49)OR(LIB_FEAT_ID=$50 AND UTYPE_CODE=$51)OR(LIB_FEAT_ID=$52 AND UTYPE_CODE=$53)OR(LIB_FEAT_ID=$54 AND UTYPE_CODE=$55)),0,0,0,0,0,0,14164,284636.89412300114,0.07924500000000001,460.72557800000004,20.09579879433784,39.522606745259914,362783,1907613,2117,0,0,0,0,0,0,0,0,96213.8895679999,0,0,0,0,0,0,0,0,0,0,0,0,0,0,0,0,0,0,2026-06-19 14:52:44.091215+00,2026-06-19 14:52:44.091215+00
10,16384,t,6842021409804615884,"MOVE ALL IN ""query-cursor_115""",0,0,0,0,0,0,1,1.771231,1.771231,1.771231,1.771231,0,0,0,0,0,0,0,0,0,0,0,0,0,0,0,0,0,0,0,0,0,0,0,0,0,0,0,0,0,0,0,2026-06-19 14:43:27.672791+00,2026-06-19 14:43:27.672791+00
10,16384,t,-5273495459152482466,"FETCH 0 IN ""query-cursor_66""",0,0,0,0,0,0,1,0.003979,0.003979,0.003979,0.003979,0,0,0,0,0,0,0,0,0,0,0,0,0,0,0,0,0,0,0,0,0,0,0,0,0,0,0,0,0,0,0,2026-06-19 13:54:27.667551+00,2026-06-19 13:54:27.667551+00
10,16384,t,-2285085152205835741,"MOVE ALL IN ""query-cursor_193""",0,0,0,0,0,0,1,20.535329,20.535329,20.535329,20.535329,0,0,0,0,0,0,0,0,0,0,0,0,0,0,0,0,0,0,0,0,0,0,0,0,0,0,0,0,0,0,0,2026-06-19 17:06:27.895186+00,2026-06-19 17:06:27.895186+00
16410,16412,t,54861303322837064,DEALLOCATE ALL,0,0,0,0,0,0,2583,33.417662000000085,0.000848,8.105795,0.01293753852109953,0.21541646641710613,0,0,0,0,0,0,0,0,0,0,0,0,0,0,0,0,0,0,0,0,0,0,0,0,0,0,0,0,0,0,2026-06-19 12:53:30.847702+00,2026-06-19 12:53:30.847702+00
10,16384,t,7723258076370155841,"MOVE -2159 IN ""query-cursor_250""",0,0,0,0,0,0,1,0.042408,0.042408,0.042408,0.042408,0,0,0,0,0,0,0,0,0,0,0,0,0,0,0,0,0,0,0,0,0,0,0,0,0,0,0,0,0,0,0,2026-06-19 18:59:27.687552+00,2026-06-19 18:59:27.687552+00
16410,16412,t,1928297329112113691,"UPDATE RES_FEAT_EKEY AS T SET SUPPRESSED=C.SUPPRESSED,OBS_ENT_CNT=C.OBS_ENT_CNT FROM (VALUES (CAST ($1 AS BIGINT),CAST ($2 AS BIGINT),$3,$4,CAST ($5 AS BIGINT)),(CAST ($6 AS BIGINT),CAST ($7 AS BIGINT),$8,$9,CAST ($10 AS BIGINT)),(CAST ($11 AS BIGINT),CAST ($12 AS BIGINT),$13,$14,CAST ($15 AS BIGINT))) AS C(RES_ENT_ID,LIB_FEAT_ID,UTYPE_CODE,SUPPRESSED,OBS_ENT_CNT) WHERE C.RES_ENT_ID=T.RES_ENT_ID AND C.LIB_FEAT_ID=T.LIB_FEAT_ID AND C.UTYPE_CODE=T.UTYPE_CODE",0,0,0,0,0,0,429138,3072981.257620014,0.043331,1005.4349010000001,7.160822993116466,21.060116449990943,1287414,17962697,55723,0,6080,0,0,0,0,0,0,1360057.5500589923,291.0340359999998,0,0,0,0,0,0,0,0,0,0,0,0,0,0,0,0,0,2026-06-19 14:52:44.851388+00,2026-06-19 14:52:44.851388+00
10,16384,t,-3610035698797418682,"FETCH 7 IN ""query-cursor_86""",0,0,0,0,0,0,1,0.001661,0.001661,0.001661,0.001661,0,7,0,0,0,0,0,0,0,0,0,0,0,0,0,0,0,0,0,0,0,0,0,0,0,0,0,0,0,0,0,2026-06-19 14:14:27.672689+00,2026-06-19 14:14:27.672689+00
10,16384,t,1742980318731053706,"FETCH 50 IN ""query-cursor_80""",0,0,0,0,0,0,12,0.037943,0.002709,0.005866,0.0031619166666666666,0.0008556714184714179,600,0,0,0,0,0,0,0,0,0,0,0,0,0,0,0,0,0,0,0,0,0,0,0,0,0,0,0,0,0,2026-06-19 14:08:27.669669+00,2026-06-19 14:08:27.669669+00
16410,16412,t,-5017160063264973174,"SELECT RES_ENT_ID,LIB_FEAT_ID,FTYPE_ID,UTYPE_CODE,SUPPRESSED,OBS_ENT_CNT FROM RES_FEAT_EKEY WHERE RES_ENT_ID IN ($1,$2,$3,$4,$5,$6,$7,$8) AND FTYPE_ID IN ($9,$10,$11,$12,$13,$14,$15,$16,$17)",0,0,0,0,0,0,6449,35838.46292499999,0.065511,428.703646,5.557212424406884,21.42540890188077,520555,216248,1593,0,0,0,0,0,0,0,0,30817.016628999976,0,0,0,0,0,0,0,0,0,0,0,0,0,0,0,0,0,0,2026-06-19 14:52:56.99196+00,2026-06-19 14:52:56.99196+00
16410,16412,t,5937427427554479888,"UPDATE RES_FEAT_EKEY AS T SET SUPPRESSED=C.SUPPRESSED,OBS_ENT_CNT=C.OBS_ENT_CNT FROM (VALUES (CAST ($1 AS BIGINT),CAST ($2 AS BIGINT),$3,$4,CAST ($5 AS BIGINT))) AS C(RES_ENT_ID,LIB_FEAT_ID,UTYPE_CODE,SUPPRESSED,OBS_ENT_CNT) WHERE C.RES_ENT_ID=T.RES_ENT_ID AND C.LIB_FEAT_ID=T.LIB_FEAT_ID AND C.UTYPE_CODE=T.UTYPE_CODE",0,0,0,0,0,0,74367,112002.44490499992,0.021562,543.9989370000001,1.5060772238358402,8.831264743139677,74365,1005742,490,0,1077,0,0,0,0,0,0,5752.4297689999985,8.204310999999997,0,0,0,0,0,0,0,0,0,0,0,0,0,0,0,0,0,2026-06-19 14:53:14.294678+00,2026-06-19 14:53:14.294678+00
16410,16412,t,8245012683704636222,"SELECT RES_ENT_ID,OBS_ENT_ID,ERRULE_ID,MATCH_KEY FROM RES_ENT_OKEY WHERE RES_ENT_ID IN ($1,$2,$3,$4,$5,$6,$7,$8)",0,0,0,0,0,0,43560,10112.612597000056,0.020617,151.119044,0.23215364088613535,2.4575809033413876,309497,1165375,81,0,0,0,0,0,0,0,0,2012.6810729999997,0,0,0,0,0,0,0,0,0,0,0,0,0,0,0,0,0,0,2026-06-19 14:57:32.651635+00,2026-06-19 14:57:32.651635+00
10,16384,t,-983327046237792636,"MOVE ALL IN ""query-cursor_121""",0,0,0,0,0,0,1,1.872412,1.872412,1.872412,1.872412,0,0,0,0,0,0,0,0,0,0,0,0,0,0,0,0,0,0,0,0,0,0,0,0,0,0,0,0,0,0,0,2026-06-19 14:49:27.67326+00,2026-06-19 14:49:27.67326+00
10,16384,t,3778613956780581720,"MOVE -1778 IN ""query-cursor_189""",0,0,0,0,0,0,1,0.145356,0.145356,0.145356,0.145356,0,0,0,0,0,0,0,0,0,0,0,0,0,0,0,0,0,0,0,0,0,0,0,0,0,0,0,0,0,0,0,2026-06-19 16:58:28.138014+00,2026-06-19 16:58:28.138014+00
16410,16412,t,-4592820165245481381,"CREATE TABLE DSRC_RECORD (CONFIG_ID BIGINT, FIRST_SEEN_DT TIMESTAMP, LAST_SEEN_DT TIMESTAMP, DSRC_ID SMALLINT NOT NULL, RECORD_ID VARCHAR(250) NOT NULL, ENT_SRC_KEY VARCHAR(40) NOT NULL, JSON_DATA TEXT, PRIMARY KEY(RECORD_ID, DSRC_ID))",0,0,0,0,0,0,1,5.051156,5.051156,5.051156,5.051156,0,0,417,0,0,1,0,0,0,0,0,0,0,0.002474,0,0,0,0,0,0,0,0,0,0,0,0,0,0,0,0,0,2026-06-19 12:52:04.125252+00,2026-06-19 12:52:04.125252+00
10,16384,t,-2394983508887237104,"MOVE ALL IN ""query-cursor_175""",0,0,0,0,0,0,1,93.502009,93.502009,93.502009,93.502009,0,0,0,0,0,0,0,0,0,0,0,0,0,0,0,0,0,0,0,0,0,0,0,0,0,0,0,0,0,0,0,2026-06-19 16:28:27.862522+00,2026-06-19 16:28:27.862522+00
10,16384,t,4766007809305192049,"FETCH 50 IN ""query-cursor_224""",0,0,0,0,0,0,39,0.5681380000000001,0.007878,0.026678,0.014567641025641028,0.004917360509862778,1950,0,0,0,0,0,0,0,0,0,0,0,0,0,0,0,0,0,0,0,0,0,0,0,0,0,0,0,0,0,2026-06-19 18:08:27.763096+00,2026-06-19 18:08:27.763096+00
10,16384,t,-5783452740166726299,"FETCH 2 IN ""query-cursor_30""",0,0,0,0,0,0,1,0.001532,0.001532,0.001532,0.001532,0,2,0,0,0,0,0,0,0,0,0,0,0,0,0,0,0,0,0,0,0,0,0,0,0,0,0,0,0,0,0,2026-06-19 13:18:27.667078+00,2026-06-19 13:18:27.667078+00
16410,16412,t,7327801869688913876,"CREATE TABLE SYS_STATUS (SYSTEM_CODE VARCHAR(50) NOT NULL, LAST_TOUCH_DT TIMESTAMP, PRIMARY KEY(SYSTEM_CODE))",0,0,0,0,0,0,1,2.575623,2.575623,2.575623,2.575623,0,0,195,0,0,1,0,0,0,0,0,0,0,0.002383,0,0,0,0,0,0,0,0,0,0,0,0,0,0,0,0,0,2026-06-19 12:52:04.220797+00,2026-06-19 12:52:04.220797+00
10,16384,t,-1199282289732698469,"SELECT name, setting FROM pg_settings WHERE name IN ($1, $2)",0,0,0,0,0,0,752,1812.3762409999986,1.171826,91.4086,2.410074788563828,4.678135974375985,1504,0,0,0,0,0,0,0,0,0,0,0,0,0,0,0,0,0,0,0,0,0,0,0,0,0,0,0,0,0,2026-06-19 12:48:18.526352+00,2026-06-19 12:48:18.526352+00
10,16384,t,-4451726907988273337,"FETCH 0 IN ""query-cursor_160""",0,0,0,0,0,0,1,0.010271,0.010271,0.010271,0.010271,0,0,0,0,0,0,0,0,0,0,0,0,0,0,0,0,0,0,0,0,0,0,0,0,0,0,0,0,0,0,0,2026-06-19 15:56:27.884595+00,2026-06-19 15:56:27.884595+00
16410,16412,t,1303901034283077487,"SELECT RES_ENT_ID,LIB_FEAT_ID,FTYPE_ID,UTYPE_CODE,SUPPRESSED,OBS_ENT_CNT FROM RES_FEAT_EKEY WHERE RES_ENT_ID IN ($1,$2,$3,$4,$5,$6,$7,$8) AND FTYPE_ID IN ($9,$10,$11,$12,$13,$14,$15,$16,$17,$18,$19,$20,$21,$22,$23,$24,$25,$26,$27)",0,0,0,0,0,0,453006,2068229.2482629817,0.059433,557.651767,4.5655670085230255,18.185489373894164,68325312,15223376,93133,0,0,0,0,0,0,0,0,1654732.1601920028,0,0,0,0,0,0,0,0,0,0,0,0,0,0,0,0,0,0,2026-06-19 14:52:42.113395+00,2026-06-19 14:52:42.113395+00
10,16384,t,-7458593242317400766,"MOVE -297 IN ""query-cursor_29""",0,0,0,0,0,0,1,0.007752,0.007752,0.007752,0.007752,0,0,0,0,0,0,0,0,0,0,0,0,0,0,0,0,0,0,0,0,0,0,0,0,0,0,0,0,0,0,0,2026-06-19 13:17:27.665555+00,2026-06-19 13:17:27.665555+00
10,16384,t,1611323899164057291,"FETCH 50 IN ""query-cursor_147""",0,0,0,0,0,0,29,0.508946,0.010294,0.029332,0.017549862068965517,0.005647713066146931,1450,0,0,0,0,0,0,0,0,0,0,0,0,0,0,0,0,0,0,0,0,0,0,0,0,0,0,0,0,0,2026-06-19 15:30:27.964857+00,2026-06-19 15:30:27.964857+00
16410,16412,t,8135051228710434277,"INSERT INTO DSRC_RECORD(DSRC_ID,RECORD_ID,ENT_SRC_KEY,JSON_DATA,CONFIG_ID,FIRST_SEEN_DT,LAST_SEEN_DT) VALUES ($1,$2,$3,$4,$5,$6,$7)",0,0,0,0,0,0,25000000,79830456.96513854,0.025765000000000003,2121.38629,3.1932182786055416,18.76491344549645,25000000,230235597,85882,0,1792277,0,0,0,0,0,0,2369555.6681449674,168601.99614600124,0,0,0,0,0,0,0,0,0,0,0,0,0,0,0,0,0,2026-06-19 14:52:39.49182+00,2026-06-19 14:52:39.49182+00
10,16384,t,-6421191028153845367,"DECLARE ""query-cursor_226"" SCROLL CURSOR FOR select queryid, left(query, $1), calls, (total_plan_time + total_exec_time) as total_time from aurora_stat_statements($2) order by calls desc limit $3 FOR READ ONLY",0,0,0,0,0,0,1,0.067628,0.067628,0.067628,0.067628,0,0,0,0,0,0,0,0,0,0,0,0,0,0,0,0,0,0,0,0,0,0,0,0,0,0,0,0,0,0,0,2026-06-19 18:12:28.080459+00,2026-06-19 18:12:28.080459+00
10,16384,t,-1937664991835658543,"FETCH 27 IN ""query-cursor_51""",0,0,0,0,0,0,1,0.002451,0.002451,0.002451,0.002451,0,27,0,0,0,0,0,0,0,0,0,0,0,0,0,0,0,0,0,0,0,0,0,0,0,0,0,0,0,0,0,2026-06-19 13:39:27.668872+00,2026-06-19 13:39:27.668872+00
16410,16412,t,3967711092468618269,"SELECT RES_ENT_ID,REL_ENT_ID,RES_REL_ID FROM RES_REL_EKEY WHERE RES_ENT_ID IN ($1)",0,0,0,0,0,0,48521208,6609179.741557648,0.002068,817.0754959999999,0.13621218460920528,2.9340375778641867,38336334,230195180,160474,0,0,0,0,0,0,0,0,3112267.448213039,0,0,0,0,0,0,0,0,0,0,0,0,0,0,0,0,0,0,2026-06-19 14:52:39.539097+00,2026-06-19 14:52:39.539097+00
10,16384,t,5343891881949231489,"select queryid, calls, (total_plan_time + total_exec_time) as total_time, rows, shared_blks_hit, shared_blks_dirtied, shared_blks_read, shared_blks_written, local_blks_hit, local_blks_dirtied, local_blks_read, local_blks_written, temp_blks_read, temp_blks_written, storage_blks_read, orcache_blks_hit, shared_blk_read_time as blk_read_time, shared_blk_write_time as blk_write_time, storage_blk_read_time, local_blk_read_time, orcache_blk_read_time, total_plan_time, total_exec_time from aurora_stat_statements($1) where queryid in ($2, $3, $4, $5, $6, $7, $8, $9, $10, $11, $12, $13, $14, $15, $16, $17, $18, $19, $20, $21, $22, $23, $24, $25, $26, $27, $28, $29, $30, $31, $32, $33, $34, $35, $36, $37, $38, $39, $40, $41, $42, $43, $44, $45, $46, $47, $48, $49, $50, $51, $52, $53, $54, $55, $56, $57, $58, $59, $60, $61)",0,0,0,0,0,0,5,20.250072000000003,2.7861119999999997,5.4481850000000005,4.0500144,0.91448625460126,305,0,0,0,0,0,0,0,0,0,0,0,0,0,0,0,0,0,0,0,0,0,0,0,0,0,0,0,0,0,2026-06-19 18:24:37.696531+00,2026-06-19 18:24:37.696531+00
16410,16412,t,-7361650111426746321,DELETE FROM RES_ENT WHERE RES_ENT_ID IN ($1),0,0,0,0,0,0,404301,279910.96764200006,0.009592999999999999,328.148351,0.6923331073680254,3.1950122988566885,404300,2029375,0,0,0,0,0,0,0,0,0,0,0,0,0,0,0,0,0,0,0,0,0,0,0,0,0,0,0,0,2026-06-19 14:52:42.137876+00,2026-06-19 14:52:42.137876+00
10,16384,t,738051333936743630,"FETCH 0 IN ""query-cursor_113""",0,0,0,0,0,0,1,0.003534,0.003534,0.003534,0.003534,0,0,0,0,0,0,0,0,0,0,0,0,0,0,0,0,0,0,0,0,0,0,0,0,0,0,0,0,0,0,0,2026-06-19 14:41:27.670804+00,2026-06-19 14:41:27.670804+00
10,16384,t,-372586229477078363,"MOVE ALL IN ""query-cursor_71""",0,0,0,0,0,0,1,1.252558,1.252558,1.252558,1.252558,0,0,0,0,0,0,0,0,0,0,0,0,0,0,0,0,0,0,0,0,0,0,0,0,0,0,0,0,0,0,0,2026-06-19 13:59:27.669112+00,2026-06-19 13:59:27.669112+00
16410,16412,t,-7510803497446087021,DELETE FROM RES_FEAT_EKEY WHERE RES_ENT_ID=$1 AND ((LIB_FEAT_ID=$2 AND UTYPE_CODE=$3)OR(LIB_FEAT_ID=$4 AND UTYPE_CODE=$5)OR(LIB_FEAT_ID=$6 AND UTYPE_CODE=$7)OR(LIB_FEAT_ID=$8 AND UTYPE_CODE=$9)OR(LIB_FEAT_ID=$10 AND UTYPE_CODE=$11)OR(LIB_FEAT_ID=$12 AND UTYPE_CODE=$13)OR(LIB_FEAT_ID=$14 AND UTYPE_CODE=$15)OR(LIB_FEAT_ID=$16 AND UTYPE_CODE=$17)OR(LIB_FEAT_ID=$18 AND UTYPE_CODE=$19)OR(LIB_FEAT_ID=$20 AND UTYPE_CODE=$21)OR(LIB_FEAT_ID=$22 AND UTYPE_CODE=$23)OR(LIB_FEAT_ID=$24 AND UTYPE_CODE=$25)),0,0,0,0,0,0,6016,68754.81876399995,0.028984,409.706845,11.428660033909567,27.877180849715188,70033,365010,970,0,0,0,0,0,0,0,0,31827.675671999954,0,0,0,0,0,0,0,0,0,0,0,0,0,0,0,0,0,0,2026-06-19 14:53:29.213658+00,2026-06-19 14:53:29.213658+00
10,16384,t,-9020576586821233151,"select queryid, calls, (total_plan_time + total_exec_time) as total_time, rows, shared_blks_hit, shared_blks_dirtied, shared_blks_read, shared_blks_written, local_blks_hit, local_blks_dirtied, local_blks_read, local_blks_written, temp_blks_read, temp_blks_written, storage_blks_read, orcache_blks_hit, shared_blk_read_time as blk_read_time, shared_blk_write_time as blk_write_time, storage_blk_read_time, local_blk_read_time, orcache_blk_read_time, total_plan_time, total_exec_time from aurora_stat_statements($1) where queryid in ($2)",0,0,0,0,0,0,1,0.168565,0.168565,0.168565,0.168565,0,1,0,0,0,0,0,0,0,0,0,0,0,0,0,0,0,0,0,0,0,0,0,0,0,0,0,0,0,0,0,2026-06-19 12:52:37.694106+00,2026-06-19 12:52:37.694106+00
10,16384,t,-6683422864253696176,"DECLARE ""query-cursor_200"" SCROLL CURSOR FOR select queryid, left(query, $1), calls, (total_plan_time + total_exec_time) as total_time from aurora_stat_statements($2) order by calls desc limit $3 FOR READ ONLY",0,0,0,0,0,0,1,0.081374,0.081374,0.081374,0.081374,0,0,0,0,0,0,0,0,0,0,0,0,0,0,0,0,0,0,0,0,0,0,0,0,0,0,0,0,0,0,0,2026-06-19 17:20:27.72894+00,2026-06-19 17:20:27.72894+00
10,16384,t,4707441615532888113,"FETCH 0 IN ""query-cursor_227""",0,0,0,0,0,0,1,0.008315,0.008315,0.008315,0.008315,0,0,0,0,0,0,0,0,0,0,0,0,0,0,0,0,0,0,0,0,0,0,0,0,0,0,0,0,0,0,0,2026-06-19 18:14:27.993123+00,2026-06-19 18:14:27.993123+00
10,16384,t,8761997276605199152,"FETCH 50 IN ""query-cursor_76""",0,0,0,0,0,0,11,0.036773,0.002865,0.005739,0.003343,0.0007893781211699614,550,0,0,0,0,0,0,0,0,0,0,0,0,0,0,0,0,0,0,0,0,0,0,0,0,0,0,0,0,0,2026-06-19 14:04:27.669535+00,2026-06-19 14:04:27.669535+00
10,16384,t,3221855203466353032,"FETCH 50 IN ""query-cursor_34""",0,0,0,0,0,0,6,0.021980000000000003,0.002969,0.006133,0.003663333333333334,0.0011209241227170058,300,0,0,0,0,0,0,0,0,0,0,0,0,0,0,0,0,0,0,0,0,0,0,0,0,0,0,0,0,0,2026-06-19 13:22:27.666076+00,2026-06-19 13:22:27.666076+00
10,16384,t,406559978866215494,"FETCH 0 IN ""query-cursor_90""",0,0,0,0,0,0,1,0.00379,0.00379,0.00379,0.00379,0,0,0,0,0,0,0,0,0,0,0,0,0,0,0,0,0,0,0,0,0,0,0,0,0,0,0,0,0,0,0,2026-06-19 14:18:27.669141+00,2026-06-19 14:18:27.669141+00
16410,16412,t,-5577608716388921180,"INSERT INTO RES_RELATE(RES_REL_ID,MIN_RES_ENT_ID,MAX_RES_ENT_ID,IS_DISCLOSED,IS_AMBIGUOUS,LAST_ERRULE_ID,MATCH_KEY,MATCH_KEY_DETAILS,MATCH_LEVELS) VALUES ($1,$2,$3,$4,$5,$6,$7,$8,$9),($10,$11,$12,$13,$14,$15,$16,$17,$18),($19,$20,$21,$22,$23,$24,$25,$26,$27) ON CONFLICT DO NOTHING",0,0,0,0,0,0,1431814,8787081.103065327,0.040175,966.0825130000001,6.1370269483783,23.36357027315002,4295442,39073538,156586,0,308423,0,0,0,0,0,0,2822259.806956002,14948.968458999963,0,0,0,0,0,0,0,0,0,0,0,0,0,0,0,0,0,2026-06-19 14:52:41.208215+00,2026-06-19 14:52:41.208215+00
16410,16412,t,2127664606377467901,"INSERT INTO RES_FEAT_EKEY(RES_ENT_ID,LIB_FEAT_ID,FTYPE_ID,UTYPE_CODE,SUPPRESSED,OBS_ENT_CNT) VALUES ($1,$2,$3,$4,$5,$6),($7,$8,$9,$10,$11,$12) ON CONFLICT DO NOTHING",0,0,0,0,0,0,1751189,6088201.448594883,0.023163000000000003,1211.517945,3.4766101480736133,11.9987650918387,3501555,48670826,3560,0,54427,0,0,0,0,0,0,67656.1803729999,6837.345466000015,0,0,0,0,0,0,0,0,0,0,0,0,0,0,0,0,0,2026-06-19 14:52:39.597045+00,2026-06-19 14:52:39.597045+00
10,16384,t,2253087559949349455,"FETCH 0 IN ""query-cursor_243""",0,0,0,0,0,0,1,0.008684,0.008684,0.008684,0.008684,0,0,0,0,0,0,0,0,0,0,0,0,0,0,0,0,0,0,0,0,0,0,0,0,0,0,0,0,0,0,0,2026-06-19 18:43:27.900759+00,2026-06-19 18:43:27.900759+00
10,16384,t,-5619742185103137198,"FETCH 50 IN ""query-cursor_49""",0,0,0,0,0,0,8,0.028819,0.002776,0.005863,0.003602375,0.000978371470544292,400,0,0,0,0,0,0,0,0,0,0,0,0,0,0,0,0,0,0,0,0,0,0,0,0,0,0,0,0,0,2026-06-19 13:37:27.667263+00,2026-06-19 13:37:27.667263+00
16410,16412,t,5120524588221360650,"SELECT LIB_FEAT_ID,NUM_RES_ENT,NUM_RES_ENT_OOM,CANDIDATE_CAP_REACHED,SCORING_CAP_REACHED FROM RES_FEAT_STAT WHERE LIB_FEAT_ID IN ($1,$2,$3,$4,$5,$6,$7,$8,$9,$10,$11,$12,$13,$14,$15,$16,$17,$18,$19,$20,$21,$22,$23,$24,$25,$26,$27,$28,$29,$30,$31,$32)",0,0,0,0,0,0,46142519,33083353.631119546,0.013308,946.81262,0.7169819582480866,5.838258554561792,1008581943,1083066384,1533882,0,0,0,0,0,0,0,0,16091706.598677315,0,0,0,0,0,0,0,0,0,0,0,0,0,0,0,0,0,0,2026-06-19 14:52:39.532207+00,2026-06-19 14:52:39.532207+00
10,16384,t,4326887781967891536,"FETCH 50 IN ""query-cursor_159""",0,0,0,0,0,0,31,0.544966,0.012036,0.026145,0.01757954838709677,0.004138659926787195,1550,0,0,0,0,0,0,0,0,0,0,0,0,0,0,0,0,0,0,0,0,0,0,0,0,0,0,0,0,0,2026-06-19 15:54:27.956464+00,2026-06-19 15:54:27.956464+00
16410,16412,t,-4353383288407881543,"SELECT RES_ENT_ID,LIB_FEAT_ID,FTYPE_ID,UTYPE_CODE,SUPPRESSED,OBS_ENT_CNT FROM RES_FEAT_EKEY WHERE RES_ENT_ID IN ($1) AND FTYPE_ID IN ($2,$3,$4,$5,$6,$7,$8,$9,$10,$11,$12,$13,$14,$15,$16,$17,$18,$19,$20,$21,$22,$23,$24,$25,$26,$27,$28,$29,$30,$31,$32,$33,$34,$35,$36,$37,$38,$39,$40,$41,$42,$43,$44,$45,$46,$47,$48,$49,$50,$51,$52,$53,$54,$55,$56,$57,$58,$59,$60,$61,$62,$63,$64,$65,$66)",0,0,0,0,0,0,994,154.65869100000006,0.008546999999999999,29.592582999999998,0.15559224446680087,1.6339389178082813,14903,5679,0,0,0,0,0,0,0,0,0,0,0,0,0,0,0,0,0,0,0,0,0,0,0,0,0,0,0,0,2026-06-19 15:04:01.387605+00,2026-06-19 15:04:01.387605+00
16410,16412,t,6621315299942019125,"SELECT RES_ENT_ID,LIB_FEAT_ID,FTYPE_ID,UTYPE_CODE,SUPPRESSED,OBS_ENT_CNT FROM RES_FEAT_EKEY WHERE RES_ENT_ID IN ($1,$2,$3,$4,$5,$6,$7,$8,$9,$10,$11,$12,$13,$14,$15,$16,$17,$18,$19,$20,$21,$22,$23,$24,$25,$26,$27,$28,$29,$30,$31,$32) AND FTYPE_ID IN ($33,$34,$35,$36,$37,$38,$39,$40,$41,$42,$43)",0,0,0,0,0,0,616,8762.543410000002,0.29234600000000005,329.77657500000004,14.224908133116886,35.12180474583588,193857,63705,415,0,0,0,0,0,0,0,0,6941.833594000002,0,0,0,0,0,0,0,0,0,0,0,0,0,0,0,0,0,0,2026-06-19 14:55:53.442623+00,2026-06-19 14:55:53.442623+00
10,16384,t,-7384364931849708245,"MOVE -544 IN ""query-cursor_67""",0,0,0,0,0,0,1,0.012438,0.012438,0.012438,0.012438,0,0,0,0,0,0,0,0,0,0,0,0,0,0,0,0,0,0,0,0,0,0,0,0,0,0,0,0,0,0,0,2026-06-19 13:55:27.668838+00,2026-06-19 13:55:27.668838+00
10,16384,t,-4771772127532478709,"DECLARE ""query-cursor_52"" SCROLL CURSOR FOR select queryid, left(query, $1), calls, (total_plan_time + total_exec_time) as total_time from aurora_stat_statements($2) order by calls desc limit $3 FOR READ ONLY",0,0,0,0,0,0,1,0.063177,0.063177,0.063177,0.063177,0,0,0,0,0,0,0,0,0,0,0,0,0,0,0,0,0,0,0,0,0,0,0,0,0,0,0,0,0,0,0,2026-06-19 13:40:27.666397+00,2026-06-19 13:40:27.666397+00
10,16384,t,5752425900797351303,"MOVE ALL IN ""query-cursor_248""",0,0,0,0,0,0,1,9.147251,9.147251,9.147251,9.147251,0,0,0,0,0,0,0,0,0,0,0,0,0,0,0,0,0,0,0,0,0,0,0,0,0,0,0,0,0,0,0,2026-06-19 18:55:27.69485+00,2026-06-19 18:55:27.69485+00
16410,16412,t,5813264360274945905,"SELECT RES_ENT_ID,LIB_FEAT_ID,FTYPE_ID,UTYPE_CODE,SUPPRESSED,OBS_ENT_CNT FROM RES_FEAT_EKEY WHERE RES_ENT_ID IN ($1,$2,$3,$4,$5,$6,$7,$8,$9,$10,$11,$12,$13,$14,$15,$16,$17,$18,$19,$20,$21,$22,$23,$24,$25,$26,$27,$28,$29,$30,$31,$32,$33,$34,$35,$36,$37,$38,$39,$40,$41,$42,$43,$44,$45,$46,$47,$48,$49,$50,$51,$52,$53,$54,$55,$56,$57,$58,$59,$60,$61,$62,$63,$64) AND FTYPE_ID IN ($65,$66,$67,$68,$69,$70,$71,$72,$73,$74,$75,$76,$77,$78,$79)",0,0,0,0,0,0,7,163.23343,1.0171430000000001,89.266774,23.319061428571427,28.633390801565984,6181,1414,13,0,0,0,0,0,0,0,0,153.483975,0,0,0,0,0,0,0,0,0,0,0,0,0,0,0,0,0,0,2026-06-19 16:59:07.437751+00,2026-06-19 16:59:07.437751+00
10,16384,t,5060500193214553158,"DECLARE ""query-cursor_105"" SCROLL CURSOR FOR select queryid, left(query, $1), calls, (total_plan_time + total_exec_time) as total_time from aurora_stat_statements($2) order by calls desc limit $3 FOR READ ONLY",0,0,0,0,0,0,1,0.063782,0.063782,0.063782,0.063782,0,0,0,0,0,0,0,0,0,0,0,0,0,0,0,0,0,0,0,0,0,0,0,0,0,0,0,0,0,0,0,2026-06-19 14:33:27.670162+00,2026-06-19 14:33:27.670162+00
10,16384,t,-9200803875893278089,"MOVE ALL IN ""query-cursor_109""",0,0,0,0,0,0,1,1.649067,1.649067,1.649067,1.649067,0,0,0,0,0,0,0,0,0,0,0,0,0,0,0,0,0,0,0,0,0,0,0,0,0,0,0,0,0,0,0,2026-06-19 14:37:27.672159+00,2026-06-19 14:37:27.672159+00
10,16384,t,-4205950134213807602,"MOVE ALL IN ""query-cursor_34""",0,0,0,0,0,0,1,0.711926,0.711926,0.711926,0.711926,0,0,0,0,0,0,0,0,0,0,0,0,0,0,0,0,0,0,0,0,0,0,0,0,0,0,0,0,0,0,0,2026-06-19 13:22:27.66598+00,2026-06-19 13:22:27.66598+00
10,16384,t,-5244319201005379985,"FETCH 50 IN ""query-cursor_203""",0,0,0,0,0,0,37,0.60813,0.006743,0.046735,0.016435945945945944,0.007784343760450326,1850,0,0,0,0,0,0,0,0,0,0,0,0,0,0,0,0,0,0,0,0,0,0,0,0,0,0,0,0,0,2026-06-19 17:26:27.703615+00,2026-06-19 17:26:27.703615+00
10,16384,t,634556579165963188,"FETCH 0 IN ""query-cursor_246""",0,0,0,0,0,0,1,0.007672,0.007672,0.007672,0.007672,0,0,0,0,0,0,0,0,0,0,0,0,0,0,0,0,0,0,0,0,0,0,0,0,0,0,0,0,0,0,0,2026-06-19 18:51:27.684183+00,2026-06-19 18:51:27.684183+00
10,16384,t,-3038392765975484580,"select coalesce(max(nullif(age(transaction),$1)),$2) as oldest_prepared_transaction_xid_age from pg_prepared_xacts",0,0,0,0,0,0,255,1.3840999999999997,0.003507,0.021149,0.005427843137254901,0.002075047338676162,255,0,0,0,0,0,0,0,0,0,0,0,0,0,0,0,0,0,0,0,0,0,0,0,0,0,0,0,0,0,2026-06-19 12:49:27.238418+00,2026-06-19 12:49:27.238418+00
10,16384,t,1018833187201849569,"FETCH 0 IN ""query-cursor_14""",0,0,0,0,0,0,1,0.003501,0.003501,0.003501,0.003501,0,0,0,0,0,0,0,0,0,0,0,0,0,0,0,0,0,0,0,0,0,0,0,0,0,0,0,0,0,0,0,2026-06-19 13:02:27.66374+00,2026-06-19 13:02:27.66374+00
10,16384,t,5159657081813099608,"FETCH 0 IN ""query-cursor_245""",0,0,0,0,0,0,1,0.011557,0.011557,0.011557,0.011557,0,0,0,0,0,0,0,0,0,0,0,0,0,0,0,0,0,0,0,0,0,0,0,0,0,0,0,0,0,0,0,2026-06-19 18:47:28.603531+00,2026-06-19 18:47:28.603531+00
10,16384,t,2596164600458063047,"MOVE -514 IN ""query-cursor_62""",0,0,0,0,0,0,1,0.013255,0.013255,0.013255,0.013255,0,0,0,0,0,0,0,0,0,0,0,0,0,0,0,0,0,0,0,0,0,0,0,0,0,0,0,0,0,0,0,2026-06-19 13:50:27.668304+00,2026-06-19 13:50:27.668304+00
16410,16412,t,9178158556209458471,"INSERT INTO RES_FEAT_STAT(LIB_FEAT_ID,FTYPE_ID,NUM_RES_ENT,NUM_RES_ENT_OOM) VALUES ($1,$2,$3,$4),($5,$6,$7,$8),($9,$10,$11,$12),($13,$14,$15,$16),($17,$18,$19,$20),($21,$22,$23,$24),($25,$26,$27,$28),($29,$30,$31,$32),($33,$34,$35,$36),($37,$38,$39,$40),($41,$42,$43,$44),($45,$46,$47,$48),($49,$50,$51,$52),($53,$54,$55,$56),($57,$58,$59,$60),($61,$62,$63,$64) ON CONFLICT DO NOTHING",0,0,0,0,0,0,2057767,36418960.18908664,0.14298,2975.770162,17.698291492227565,70.43865462230265,32924246,327644694,17137,0,329943,0,0,0,0,0,0,167447.80276199983,33765.86239600059,0,0,0,0,0,0,0,0,0,0,0,0,0,0,0,0,0,2026-06-19 14:52:39.529603+00,2026-06-19 14:52:39.529603+00
10,16384,t,-6630159136682931983,"DECLARE ""query-cursor_104"" SCROLL CURSOR FOR select queryid, left(query, $1), calls, (total_plan_time + total_exec_time) as total_time from aurora_stat_statements($2) order by calls desc limit $3 FOR READ ONLY",0,0,0,0,0,0,1,0.065273,0.065273,0.065273,0.065273,0,0,0,0,0,0,0,0,0,0,0,0,0,0,0,0,0,0,0,0,0,0,0,0,0,0,0,0,0,0,0,2026-06-19 14:32:27.670139+00,2026-06-19 14:32:27.670139+00
10,16384,t,2040873483841193621,"DECLARE ""query-cursor_214"" SCROLL CURSOR FOR select queryid, left(query, $1), calls, (total_plan_time + total_exec_time) as total_time from aurora_stat_statements($2) order by calls desc limit $3 FOR READ ONLY",0,0,0,0,0,0,1,0.081353,0.081353,0.081353,0.081353,0,0,0,0,0,0,0,0,0,0,0,0,0,0,0,0,0,0,0,0,0,0,0,0,0,0,0,0,0,0,0,2026-06-19 17:48:27.865865+00,2026-06-19 17:48:27.865865+00
10,16384,t,5342282747002261451,"MOVE ALL IN ""query-cursor_214""",0,0,0,0,0,0,1,21.988459,21.988459,21.988459,21.988459,0,0,0,0,0,0,0,0,0,0,0,0,0,0,0,0,0,0,0,0,0,0,0,0,0,0,0,0,0,0,0,2026-06-19 17:48:27.896753+00,2026-06-19 17:48:27.896753+00
10,16384,t,-4419206133489892512,"MOVE ALL IN ""query-cursor_31""",0,0,0,0,0,0,1,0.639258,0.639258,0.639258,0.639258,0,0,0,0,0,0,0,0,0,0,0,0,0,0,0,0,0,0,0,0,0,0,0,0,0,0,0,0,0,0,0,2026-06-19 13:19:27.665657+00,2026-06-19 13:19:27.665657+00
10,16384,t,-1306675113179499173,"MOVE -1508 IN ""query-cursor_150""",0,0,0,0,0,0,1,0.172498,0.172498,0.172498,0.172498,0,0,0,0,0,0,0,0,0,0,0,0,0,0,0,0,0,0,0,0,0,0,0,0,0,0,0,0,0,0,0,2026-06-19 15:36:27.867717+00,2026-06-19 15:36:27.867717+00
10,16384,t,-3420966896965184958,"MOVE -1499 IN ""query-cursor_149""",0,0,0,0,0,0,1,0.225982,0.225982,0.225982,0.225982,0,0,0,0,0,0,0,0,0,0,0,0,0,0,0,0,0,0,0,0,0,0,0,0,0,0,0,0,0,0,0,2026-06-19 15:34:27.779721+00,2026-06-19 15:34:27.779721+00
10,16384,t,4867611195970172559,"FETCH 24 IN ""query-cursor_173""",0,0,0,0,0,0,1,0.007988,0.007988,0.007988,0.007988,0,24,0,0,0,0,0,0,0,0,0,0,0,0,0,0,0,0,0,0,0,0,0,0,0,0,0,0,0,0,0,2026-06-19 16:24:28.035163+00,2026-06-19 16:24:28.035163+00
10,1,t,-1342905154215104636,"SELECT E.NAME, X.EXTVERSION, X.EXTVERSION=E.DEFAULT_VERSION IS_DEFAULT_VERSION
FROM PG_CATALOG.PG_AVAILABLE_EXTENSIONS() E INNER JOIN PG_EXTENSION X ON (E.NAME=X.EXTNAME)",0,0,0,0,0,0,1,1.259963,1.259963,1.259963,1.259963,0,1,2,0,0,0,0,0,0,0,0,0,0,0,0,0,0,0,0,0,0,0,0,0,0,0,0,0,0,0,0,2026-06-19 13:45:00.244211+00,2026-06-19 13:45:00.244211+00
16410,16412,t,-4339771531363316625,"SELECT RES_ENT_ID,LIB_FEAT_ID,FTYPE_ID,UTYPE_CODE,SUPPRESSED,OBS_ENT_CNT FROM RES_FEAT_EKEY WHERE RES_ENT_ID IN ($1,$2) AND FTYPE_ID IN ($3,$4,$5,$6,$7,$8,$9,$10,$11,$12,$13,$14,$15,$16,$17,$18,$19,$20,$21,$22,$23,$24,$25,$26,$27,$28,$29,$30,$31,$32,$33,$34,$35,$36,$37,$38,$39,$40,$41,$42,$43,$44,$45,$46,$47,$48,$49,$50,$51,$52)",0,0,0,0,0,0,3829,924.9458130000008,0.031362999999999995,61.974466,0.24156328362496757,2.394620581696686,8480,41081,0,0,0,0,0,0,0,0,0,0,0,0,0,0,0,0,0,0,0,0,0,0,0,0,0,0,0,0,2026-06-19 15:06:48.676134+00,2026-06-19 15:06:48.676134+00
10,16384,t,7596507062735783692,"select extract($1 from now() - min(xact_start)) as longest_open_transaction, extract($2 from now() - min(query_start)) as longest_running_query from pg_stat_activity",0,0,0,0,0,0,255,8293.704222,0.104313,294.82352899999995,32.52433028235294,59.54434864211574,255,0,0,0,0,0,0,0,0,0,0,0,0,0,0,0,0,0,0,0,0,0,0,0,0,0,0,0,0,0,2026-06-19 12:49:27.217401+00,2026-06-19 12:49:27.217401+00
10,16384,t,-4227356311383499504,"MOVE ALL IN ""query-cursor_57""",0,0,0,0,0,0,1,1.038725,1.038725,1.038725,1.038725,0,0,0,0,0,0,0,0,0,0,0,0,0,0,0,0,0,0,0,0,0,0,0,0,0,0,0,0,0,0,0,2026-06-19 13:45:27.667913+00,2026-06-19 13:45:27.667913+00
10,16384,t,8794591306764314188,"FETCH 1 IN ""query-cursor_177""",0,0,0,0,0,0,1,0.003357,0.003357,0.003357,0.003357,0,1,0,0,0,0,0,0,0,0,0,0,0,0,0,0,0,0,0,0,0,0,0,0,0,0,0,0,0,0,0,2026-06-19 16:32:27.955389+00,2026-06-19 16:32:27.955389+00
10,16384,t,7529480042192396829,"FETCH 50 IN ""query-cursor_53""",0,0,0,0,0,0,8,0.029587000000000002,0.003148,0.005943,0.0036983750000000003,0.0008692088266780315,400,0,0,0,0,0,0,0,0,0,0,0,0,0,0,0,0,0,0,0,0,0,0,0,0,0,0,0,0,0,2026-06-19 13:41:27.667567+00,2026-06-19 13:41:27.667567+00
16410,16412,t,8488568311303332113,DELETE FROM RES_FEAT_EKEY WHERE RES_ENT_ID=$1 AND ((LIB_FEAT_ID=$2 AND UTYPE_CODE=$3)OR(LIB_FEAT_ID=$4 AND UTYPE_CODE=$5)OR(LIB_FEAT_ID=$6 AND UTYPE_CODE=$7)OR(LIB_FEAT_ID=$8 AND UTYPE_CODE=$9)OR(LIB_FEAT_ID=$10 AND UTYPE_CODE=$11)OR(LIB_FEAT_ID=$12 AND UTYPE_CODE=$13)OR(LIB_FEAT_ID=$14 AND UTYPE_CODE=$15)OR(LIB_FEAT_ID=$16 AND UTYPE_CODE=$17)OR(LIB_FEAT_ID=$18 AND UTYPE_CODE=$19)OR(LIB_FEAT_ID=$20 AND UTYPE_CODE=$21)OR(LIB_FEAT_ID=$22 AND UTYPE_CODE=$23)OR(LIB_FEAT_ID=$24 AND UTYPE_CODE=$25)OR(LIB_FEAT_ID=$26 AND UTYPE_CODE=$27)OR(LIB_FEAT_ID=$28 AND UTYPE_CODE=$29)OR(LIB_FEAT_ID=$30 AND UTYPE_CODE=$31)OR(LIB_FEAT_ID=$32 AND UTYPE_CODE=$33)),0,0,0,0,0,0,18749,273624.70022999984,0.041180999999999995,444.391892,14.594095697370518,32.9117271335412,295377,1514877,3231,0,0,0,0,0,0,0,0,124678.61797399998,0,0,0,0,0,0,0,0,0,0,0,0,0,0,0,0,0,0,2026-06-19 14:53:16.940149+00,2026-06-19 14:53:16.940149+00
16410,16412,t,8318485662359132435,"UPDATE RES_RELATE AS T SET IS_DISCLOSED=C.IS_DISCLOSED,IS_AMBIGUOUS=C.IS_AMBIGUOUS,LAST_ERRULE_ID=C.LAST_ERRULE_ID,MATCH_KEY=C.MATCH_KEY,MATCH_KEY_DETAILS=C.MATCH_KEY_DETAILS,MATCH_LEVELS=C.MATCH_LEVELS FROM (VALUES (CAST ($1 AS BIGINT),CAST ($2 AS BIGINT),CAST ($3 AS BIGINT),CAST ($4 AS BIGINT),$5,$6,$7),(CAST ($8 AS BIGINT),CAST ($9 AS BIGINT),CAST ($10 AS BIGINT),CAST ($11 AS BIGINT),$12,$13,$14),(CAST ($15 AS BIGINT),CAST ($16 AS BIGINT),CAST ($17 AS BIGINT),CAST ($18 AS BIGINT),$19,$20,$21),(CAST ($22 AS BIGINT),CAST ($23 AS BIGINT),CAST ($24 AS BIGINT),CAST ($25 AS BIGINT),$26,$27,$28),(CAST ($29 AS BIGINT),CAST ($30 AS BIGINT),CAST ($31 AS BIGINT),CAST ($32 AS BIGINT),$33,$34,$35),(CAST ($36 AS BIGINT),CAST ($37 AS BIGINT),CAST ($38 AS BIGINT),CAST ($39 AS BIGINT),$40,$41,$42),(CAST ($43 AS BIGINT),CAST ($44 AS BIGINT),CAST ($45 AS BIGINT),CAST ($46 AS BIGINT),$47,$48,$49)) AS C(RES_REL_ID,IS_DISCLOSED,IS_AMBIGUOUS,LAST_ERRULE_ID,MATCH_KEY,MATCH_KEY_DETAILS,MATCH_LEVELS) WHERE C.RES_REL_ID=T.RES_REL_ID",0,0,0,0,0,0,14145,78346.91336399959,0.080991,639.722518,5.538841524496259,22.282301399581907,99006,953627,2901,0,1098,0,0,0,0,0,0,26355.045488999927,57.126964,0,0,0,0,0,0,0,0,0,0,0,0,0,0,0,0,0,2026-06-19 14:54:56.731419+00,2026-06-19 14:54:56.731419+00
16410,16412,t,37491495074695771,"SELECT RES_ENT_ID,LIB_FEAT_ID,FTYPE_ID,UTYPE_CODE,SUPPRESSED,OBS_ENT_CNT FROM RES_FEAT_EKEY WHERE RES_ENT_ID IN ($1,$2,$3,$4,$5,$6,$7,$8,$9,$10,$11,$12,$13,$14,$15,$16) AND FTYPE_ID IN ($17,$18,$19,$20,$21,$22)",0,0,0,0,0,0,17,187.441797,0.19267199999999998,88.616349,11.025988058823529,23.660170022417393,1198,880,10,0,0,0,0,0,0,0,0,182.155296,0,0,0,0,0,0,0,0,0,0,0,0,0,0,0,0,0,0,2026-06-19 15:14:51.469737+00,2026-06-19 15:14:51.469737+00
16410,16412,t,-3386993819700642299,"UPDATE RES_FEAT_EKEY AS T SET SUPPRESSED = C.SUPPRESSED FROM (VALUES (CAST ($1 AS BIGINT),CAST ($2 AS BIGINT),$3,$4),(CAST ($5 AS BIGINT),CAST ($6 AS BIGINT),$7,$8),(CAST ($9 AS BIGINT),CAST ($10 AS BIGINT),$11,$12)) AS C(RES_ENT_ID,LIB_FEAT_ID,UTYPE_CODE,SUPPRESSED) WHERE C.RES_ENT_ID=T.RES_ENT_ID AND C.LIB_FEAT_ID=T.LIB_FEAT_ID AND C.UTYPE_CODE=T.UTYPE_CODE",0,0,0,0,0,0,10332,41071.004763999954,0.045729,363.506249,3.9751262837785477,13.618478778133287,30996,367256,346,0,18,0,0,0,0,0,0,7694.492334,2.3661220000000003,0,0,0,0,0,0,0,0,0,0,0,0,0,0,0,0,0,2026-06-19 14:56:23.123399+00,2026-06-19 14:56:23.123399+00
10,16384,t,-4564841187369421156,"FETCH 50 IN ""query-cursor_191""",0,0,0,0,0,0,35,0.5925139999999999,0.011281,0.039235,0.016928971428571426,0.0061761025226765975,1750,0,0,0,0,0,0,0,0,0,0,0,0,0,0,0,0,0,0,0,0,0,0,0,0,0,0,0,0,0,2026-06-19 17:02:28.502136+00,2026-06-19 17:02:28.502136+00
10,16384,t,7319762900662418921,"FETCH 50 IN ""query-cursor_163""",0,0,0,0,0,0,32,0.526097,0.010021,0.033115,0.01644053125,0.0051646548649472625,1600,0,0,0,0,0,0,0,0,0,0,0,0,0,0,0,0,0,0,0,0,0,0,0,0,0,0,0,0,0,2026-06-19 16:02:28.296147+00,2026-06-19 16:02:28.296147+00
10,16384,t,-3800936042606976404,"DECLARE ""query-cursor_178"" SCROLL CURSOR FOR select queryid, left(query, $1), calls, (total_plan_time + total_exec_time) as total_time from aurora_stat_statements($2) order by calls desc limit $3 FOR READ ONLY",0,0,0,0,0,0,1,0.081448,0.081448,0.081448,0.081448,0,0,0,0,0,0,0,0,0,0,0,0,0,0,0,0,0,0,0,0,0,0,0,0,0,0,0,0,0,0,0,2026-06-19 16:34:27.711077+00,2026-06-19 16:34:27.711077+00
10,16384,t,-5116239991554701042,"FETCH 50 IN ""query-cursor_217""",0,0,0,0,0,0,39,0.603182,0.010998,0.024876,0.015466205128205127,0.004282337075676934,1950,0,0,0,0,0,0,0,0,0,0,0,0,0,0,0,0,0,0,0,0,0,0,0,0,0,0,0,0,0,2026-06-19 17:54:27.905121+00,2026-06-19 17:54:27.905121+00
16410,16412,t,7589994082879485095,DELETE FROM RES_FEAT_EKEY WHERE RES_ENT_ID=$1 AND ((LIB_FEAT_ID=$2 AND UTYPE_CODE=$3)OR(LIB_FEAT_ID=$4 AND UTYPE_CODE=$5)OR(LIB_FEAT_ID=$6 AND UTYPE_CODE=$7)OR(LIB_FEAT_ID=$8 AND UTYPE_CODE=$9)OR(LIB_FEAT_ID=$10 AND UTYPE_CODE=$11)OR(LIB_FEAT_ID=$12 AND UTYPE_CODE=$13)OR(LIB_FEAT_ID=$14 AND UTYPE_CODE=$15)OR(LIB_FEAT_ID=$16 AND UTYPE_CODE=$17)),0,0,0,0,0,0,1001,5896.265075999999,0.017821,415.506439,5.8903747012987,21.52256257394512,5816,38651,115,0,0,0,0,0,0,0,0,2813.6955470000007,0,0,0,0,0,0,0,0,0,0,0,0,0,0,0,0,0,0,2026-06-19 14:57:31.338784+00,2026-06-19 14:57:31.338784+00
10,16384,t,-8910810895280167327,"MOVE -176 IN ""query-cursor_9""",0,0,0,0,0,0,1,0.006729,0.006729,0.006729,0.006729,0,0,0,0,0,0,0,0,0,0,0,0,0,0,0,0,0,0,0,0,0,0,0,0,0,0,0,0,0,0,0,2026-06-19 12:57:27.663928+00,2026-06-19 12:57:27.663928+00
16410,16412,t,-2875441533907789344,"INSERT INTO RES_RELATE(RES_REL_ID,MIN_RES_ENT_ID,MAX_RES_ENT_ID,IS_DISCLOSED,IS_AMBIGUOUS,LAST_ERRULE_ID,MATCH_KEY,MATCH_KEY_DETAILS,MATCH_LEVELS) VALUES ($1,$2,$3,$4,$5,$6,$7,$8,$9),($10,$11,$12,$13,$14,$15,$16,$17,$18),($19,$20,$21,$22,$23,$24,$25,$26,$27),($28,$29,$30,$31,$32,$33,$34,$35,$36),($37,$38,$39,$40,$41,$42,$43,$44,$45),($46,$47,$48,$49,$50,$51,$52,$53,$54),($55,$56,$57,$58,$59,$60,$61,$62,$63),($64,$65,$66,$67,$68,$69,$70,$71,$72),($73,$74,$75,$76,$77,$78,$79,$80,$81),($82,$83,$84,$85,$86,$87,$88,$89,$90),($91,$92,$93,$94,$95,$96,$97,$98,$99) ON CONFLICT DO NOTHING",0,0,0,0,0,0,4666,68306.74045699999,0.174611,588.00753,14.639249990784396,40.50690287284985,51326,455519,1719,0,3709,0,0,0,0,0,0,22767.48743500003,106.722297,0,0,0,0,0,0,0,0,0,0,0,0,0,0,0,0,0,2026-06-19 14:54:22.983975+00,2026-06-19 14:54:22.983975+00
10,16384,t,7098917143017753413,"DECLARE ""query-cursor_69"" SCROLL CURSOR FOR select queryid, left(query, $1), calls, (total_plan_time + total_exec_time) as total_time from aurora_stat_statements($2) order by calls desc limit $3 FOR READ ONLY",0,0,0,0,0,0,1,0.066162,0.066162,0.066162,0.066162,0,0,0,0,0,0,0,0,0,0,0,0,0,0,0,0,0,0,0,0,0,0,0,0,0,0,0,0,0,0,0,2026-06-19 13:57:27.667627+00,2026-06-19 13:57:27.667627+00
10,16384,t,-311005340138182531,"DECLARE ""query-cursor_45"" SCROLL CURSOR FOR select queryid, left(query, $1), calls, (total_plan_time + total_exec_time) as total_time from aurora_stat_statements($2) order by calls desc limit $3 FOR READ ONLY",0,0,0,0,0,0,1,0.064799,0.064799,0.064799,0.064799,0,0,0,0,0,0,0,0,0,0,0,0,0,0,0,0,0,0,0,0,0,0,0,0,0,0,0,0,0,0,0,2026-06-19 13:33:27.665888+00,2026-06-19 13:33:27.665888+00
16410,16412,t,-7736131640724432071,"CREATE TABLE SYS_CODES_USED (CODE_ID BIGINT NOT NULL, CODE_TYPE VARCHAR(25) NOT NULL, CODE VARCHAR(255) NOT NULL, PRIMARY KEY(CODE_TYPE, CODE))",0,0,0,0,0,0,1,2.38384,2.38384,2.38384,2.38384,0,0,222,0,0,0,0,0,0,0,0,0,0,0,0,0,0,0,0,0,0,0,0,0,0,0,0,0,0,0,0,2026-06-19 12:52:04.204617+00,2026-06-19 12:52:04.204617+00
10,16384,t,8393037394423635112,"MOVE -1446 IN ""query-cursor_142""",0,0,0,0,0,0,1,0.137047,0.137047,0.137047,0.137047,0,0,0,0,0,0,0,0,0,0,0,0,0,0,0,0,0,0,0,0,0,0,0,0,0,0,0,0,0,0,0,2026-06-19 15:20:27.741173+00,2026-06-19 15:20:27.741173+00
10,16384,t,-3230607578240612556,"MOVE ALL IN ""query-cursor_17""",0,0,0,0,0,0,1,0.522799,0.522799,0.522799,0.522799,0,0,0,0,0,0,0,0,0,0,0,0,0,0,0,0,0,0,0,0,0,0,0,0,0,0,0,0,0,0,0,2026-06-19 13:05:27.664527+00,2026-06-19 13:05:27.664527+00
16410,16412,t,7662270221788298276,"UPDATE RES_FEAT_STAT AS T SET FTYPE_ID=C.FTYPE_ID,NUM_RES_ENT=C.NUM_RES_ENT_NEW,NUM_RES_ENT_OOM=C.NUM_RES_ENT_OOM_NEW FROM (VALUES (CAST ($1 AS BIGINT),CAST ($2 AS INT),CAST ($3 AS BIGINT),CAST ($4 AS BIGINT),CAST ($5 AS BIGINT),CAST ($6 AS BIGINT)),(CAST ($7 AS BIGINT),CAST ($8 AS INT),CAST ($9 AS BIGINT),CAST ($10 AS BIGINT),CAST ($11 AS BIGINT),CAST ($12 AS BIGINT)),(CAST ($13 AS BIGINT),CAST ($14 AS INT),CAST ($15 AS BIGINT),CAST ($16 AS BIGINT),CAST ($17 AS BIGINT),CAST ($18 AS BIGINT)),(CAST ($19 AS BIGINT),CAST ($20 AS INT),CAST ($21 AS BIGINT),CAST ($22 AS BIGINT),CAST ($23 AS BIGINT),CAST ($24 AS BIGINT)),(CAST ($25 AS BIGINT),CAST ($26 AS INT),CAST ($27 AS BIGINT),CAST ($28 AS BIGINT),CAST ($29 AS BIGINT),CAST ($30 AS BIGINT)),(CAST ($31 AS BIGINT),CAST ($32 AS INT),CAST ($33 AS BIGINT),CAST ($34 AS BIGINT),CAST ($35 AS BIGINT),CAST ($36 AS BIGINT))) AS C(LIB_FEAT_ID,FTYPE_ID,NUM_RES_ENT_OLD,NUM_RES_ENT_OOM_OLD,NUM_RES_ENT_NEW,NUM_RES_ENT_OOM_NEW) WHERE C.LIB_FEAT_ID=T.LIB_FEAT_ID AND C.NUM_RES_ENT_OLD=T.NUM_RES_ENT AND C.NUM_RES_ENT_OOM_OLD=T.NUM_RES_ENT_OOM",0,0,0,0,0,0,705470,3960386.081494071,0.06487,1446.962955,5.613826359014658,28.665925800037375,4229544,37429588,3240,0,25223,0,0,0,0,0,0,26952.467804000025,506.73540099999985,0,0,0,0,0,0,0,0,0,0,0,0,0,0,0,0,0,2026-06-19 14:52:43.512877+00,2026-06-19 14:52:43.512877+00
10,16384,t,2253764820949917282,"MOVE -416 IN ""query-cursor_49""",0,0,0,0,0,0,1,0.010389,0.010389,0.010389,0.010389,0,0,0,0,0,0,0,0,0,0,0,0,0,0,0,0,0,0,0,0,0,0,0,0,0,0,0,0,0,0,0,2026-06-19 13:37:27.667227+00,2026-06-19 13:37:27.667227+00
16410,16412,t,-662004701140184879,"SELECT CODE_TYPE,CODE,CODE_ID FROM SYS_CODES_USED WHERE CODE_TYPE=$1 AND CODE_ID=$2",0,0,0,0,0,0,50420,1215.5105460000034,0.00298,43.413323,0.024107706188020692,0.3308719903854152,50392,100815,0,0,0,0,0,0,0,0,0,0,0,0,0,0,0,0,0,0,0,0,0,0,0,0,0,0,0,0,2026-06-19 14:52:39.499231+00,2026-06-19 14:52:39.499231+00
10,16384,t,3854244210115730832,"MOVE ALL IN ""query-cursor_200""",0,0,0,0,0,0,1,9.528322,9.528322,9.528322,9.528322,0,0,0,0,0,0,0,0,0,0,0,0,0,0,0,0,0,0,0,0,0,0,0,0,0,0,0,0,0,0,0,2026-06-19 17:20:27.738613+00,2026-06-19 17:20:27.738613+00
10,16384,t,2455765206839463585,"FETCH 0 IN ""query-cursor_234""",0,0,0,0,0,0,1,0.004542,0.004542,0.004542,0.004542,0,0,0,0,0,0,0,0,0,0,0,0,0,0,0,0,0,0,0,0,0,0,0,0,0,0,0,0,0,0,0,2026-06-19 18:27:27.680632+00,2026-06-19 18:27:27.680632+00
10,16384,t,-3405177725533902156,"FETCH 0 IN ""query-cursor_168""",0,0,0,0,0,0,1,0.005596,0.005596,0.005596,0.005596,0,0,0,0,0,0,0,0,0,0,0,0,0,0,0,0,0,0,0,0,0,0,0,0,0,0,0,0,0,0,0,2026-06-19 16:12:27.764765+00,2026-06-19 16:12:27.764765+00
10,16384,t,-2835331684736673286,"FETCH 5 IN ""query-cursor_94""",0,0,0,0,0,0,1,0.001611,0.001611,0.001611,0.001611,0,5,0,0,0,0,0,0,0,0,0,0,0,0,0,0,0,0,0,0,0,0,0,0,0,0,0,0,0,0,0,2026-06-19 14:22:27.673666+00,2026-06-19 14:22:27.673666+00
16410,16412,t,-4688637628693919465,"SELECT LIB_FEAT_ID,NUM_RES_ENT,NUM_RES_ENT_OOM,CANDIDATE_CAP_REACHED,SCORING_CAP_REACHED FROM RES_FEAT_STAT WHERE LIB_FEAT_ID IN ($1,$2,$3,$4,$5,$6,$7,$8)",0,0,0,0,0,0,24433450,10370846.046078144,0.008423,721.0286609999999,0.4244527909926,5.068793684737329,162871345,350702263,313967,0,0,0,0,0,0,0,0,5256740.7156471,0,0,0,0,0,0,0,0,0,0,0,0,0,0,0,0,0,0,2026-06-19 14:52:39.799478+00,2026-06-19 14:52:39.799478+00
10,16384,t,-4442910994877944265,"MOVE -730 IN ""query-cursor_98""",0,0,0,0,0,0,1,0.015462,0.015462,0.015462,0.015462,0,0,0,0,0,0,0,0,0,0,0,0,0,0,0,0,0,0,0,0,0,0,0,0,0,0,0,0,0,0,0,2026-06-19 14:26:27.671405+00,2026-06-19 14:26:27.671405+00
10,16384,t,1343643266398897996,"FETCH 50 IN ""query-cursor_83""",0,0,0,0,0,0,12,0.038183,0.002754,0.00537,0.0031819166666666667,0.0006913263168641049,600,0,0,0,0,0,0,0,0,0,0,0,0,0,0,0,0,0,0,0,0,0,0,0,0,0,0,0,0,0,2026-06-19 14:11:27.670167+00,2026-06-19 14:11:27.670167+00
10,16384,t,-7903299604535455418,"MOVE ALL IN ""query-cursor_177""",0,0,0,0,0,0,1,88.890495,88.890495,88.890495,88.890495,0,0,0,0,0,0,0,0,0,0,0,0,0,0,0,0,0,0,0,0,0,0,0,0,0,0,0,0,0,0,0,2026-06-19 16:32:27.844796+00,2026-06-19 16:32:27.844796+00
10,16384,t,-3906166199474344128,"DECLARE ""query-cursor_89"" SCROLL CURSOR FOR select queryid, left(query, $1), calls, (total_plan_time + total_exec_time) as total_time from aurora_stat_statements($2) order by calls desc limit $3 FOR READ ONLY",0,0,0,0,0,0,1,0.069098,0.069098,0.069098,0.069098,0,0,0,0,0,0,0,0,0,0,0,0,0,0,0,0,0,0,0,0,0,0,0,0,0,0,0,0,0,0,0,2026-06-19 14:17:27.669079+00,2026-06-19 14:17:27.669079+00
16410,16412,t,-8176456599728080229,"SELECT RES_ENT_ID,LIB_FEAT_ID,FTYPE_ID,UTYPE_CODE,SUPPRESSED,OBS_ENT_CNT FROM RES_FEAT_EKEY WHERE RES_ENT_ID IN ($1,$2,$3,$4,$5,$6,$7,$8) AND FTYPE_ID IN ($9,$10,$11,$12,$13,$14,$15,$16,$17,$18,$19,$20,$21,$22,$23,$24,$25,$26,$27,$28)",0,0,0,0,0,0,217991,996429.0100029968,0.063165,584.820114,4.570963984765411,18.258208161847836,33788188,7300898,44492,0,0,0,0,0,0,0,0,791160.3987060052,0,0,0,0,0,0,0,0,0,0,0,0,0,0,0,0,0,0,2026-06-19 14:52:42.102997+00,2026-06-19 14:52:42.102997+00
16410,16412,t,5178262261907099181,DELETE FROM RES_FEAT_EKEY WHERE RES_ENT_ID=$1 AND ((LIB_FEAT_ID=$2 AND UTYPE_CODE=$3)OR(LIB_FEAT_ID=$4 AND UTYPE_CODE=$5)OR(LIB_FEAT_ID=$6 AND UTYPE_CODE=$7)OR(LIB_FEAT_ID=$8 AND UTYPE_CODE=$9)OR(LIB_FEAT_ID=$10 AND UTYPE_CODE=$11)OR(LIB_FEAT_ID=$12 AND UTYPE_CODE=$13)OR(LIB_FEAT_ID=$14 AND UTYPE_CODE=$15)OR(LIB_FEAT_ID=$16 AND UTYPE_CODE=$17)OR(LIB_FEAT_ID=$18 AND UTYPE_CODE=$19)OR(LIB_FEAT_ID=$20 AND UTYPE_CODE=$21)OR(LIB_FEAT_ID=$22 AND UTYPE_CODE=$23)OR(LIB_FEAT_ID=$24 AND UTYPE_CODE=$25)OR(LIB_FEAT_ID=$26 AND UTYPE_CODE=$27)OR(LIB_FEAT_ID=$28 AND UTYPE_CODE=$29)OR(LIB_FEAT_ID=$30 AND UTYPE_CODE=$31)OR(LIB_FEAT_ID=$32 AND UTYPE_CODE=$33)OR(LIB_FEAT_ID=$34 AND UTYPE_CODE=$35)OR(LIB_FEAT_ID=$36 AND UTYPE_CODE=$37)OR(LIB_FEAT_ID=$38 AND UTYPE_CODE=$39)OR(LIB_FEAT_ID=$40 AND UTYPE_CODE=$41)OR(LIB_FEAT_ID=$42 AND UTYPE_CODE=$43)OR(LIB_FEAT_ID=$44 AND UTYPE_CODE=$45)OR(LIB_FEAT_ID=$46 AND UTYPE_CODE=$47)OR(LIB_FEAT_ID=$48 AND UTYPE_CODE=$49)OR(LIB_FEAT_ID=$50 AND UTYPE_CODE=$51)OR(LIB_FEAT_ID=$52 AND UTYPE_CODE=$53)OR(LIB_FEAT_ID=$54 AND UTYPE_CODE=$55)OR(LIB_FEAT_ID=$56 AND UTYPE_CODE=$57)),0,0,0,0,0,0,6997,156965.87030199947,0.091381,464.730075,22.433310033156992,43.8966532232321,172681,963929,1563,0,0,0,0,0,0,0,0,71268.28189400004,0,0,0,0,0,0,0,0,0,0,0,0,0,0,0,0,0,0,2026-06-19 14:54:01.377575+00,2026-06-19 14:54:01.377575+00
16410,16412,t,5533609971449536952,"SELECT RES_ENT_ID,LIB_FEAT_ID,FTYPE_ID,UTYPE_CODE,SUPPRESSED,OBS_ENT_CNT FROM RES_FEAT_EKEY WHERE RES_ENT_ID IN ($1,$2) AND FTYPE_ID IN ($3,$4,$5,$6,$7,$8,$9,$10,$11,$12,$13,$14,$15,$16,$17,$18,$19,$20,$21,$22,$23,$24,$25,$26,$27,$28,$29,$30,$31,$32,$33,$34,$35,$36,$37,$38,$39,$40,$41,$42,$43,$44,$45,$46,$47,$48,$49,$50,$51,$52,$53,$54,$55)",0,0,0,0,0,0,4543,822.7134970000011,0.033779,50.423321,0.181094760510676,1.8659285570595352,32785,48914,0,0,0,0,0,0,0,0,0,0,0,0,0,0,0,0,0,0,0,0,0,0,0,0,0,0,0,0,2026-06-19 15:02:49.358384+00,2026-06-19 15:02:49.358384+00
10,16384,t,-4689307100815315996,"MOVE ALL IN ""query-cursor_176""",0,0,0,0,0,0,1,22.507986,22.507986,22.507986,22.507986,0,0,0,0,0,0,0,0,0,0,0,0,0,0,0,0,0,0,0,0,0,0,0,0,0,0,0,0,0,0,0,2026-06-19 16:30:27.718776+00,2026-06-19 16:30:27.718776+00
10,16384,t,-8311146291912714944,"FETCH 0 IN ""query-cursor_85""",0,0,0,0,0,0,1,0.003467,0.003467,0.003467,0.003467,0,0,0,0,0,0,0,0,0,0,0,0,0,0,0,0,0,0,0,0,0,0,0,0,0,0,0,0,0,0,0,2026-06-19 14:13:27.668783+00,2026-06-19 14:13:27.668783+00
10,16384,t,309864359866213861,"DECLARE ""query-cursor_1"" SCROLL CURSOR FOR select queryid, left(query, $1), calls, (total_plan_time + total_exec_time) as total_time from aurora_stat_statements($2) order by calls desc limit $3 FOR READ ONLY",0,0,0,0,0,0,1,0.082758,0.082758,0.082758,0.082758,0,0,10,0,0,0,0,0,0,0,0,0,0,0,0,0,0,0,0,0,0,0,0,0,0,0,0,0,0,0,0,2026-06-19 12:49:27.660602+00,2026-06-19 12:49:27.660602+00
10,16384,t,-3421399741090839274,"FETCH 0 IN ""query-cursor_116""",0,0,0,0,0,0,1,0.003859,0.003859,0.003859,0.003859,0,0,0,0,0,0,0,0,0,0,0,0,0,0,0,0,0,0,0,0,0,0,0,0,0,0,0,0,0,0,0,2026-06-19 14:44:27.67096+00,2026-06-19 14:44:27.67096+00
16410,16412,t,-3473788582042848741,"UPDATE RES_FEAT_STAT AS T SET FTYPE_ID=C.FTYPE_ID,NUM_RES_ENT=C.NUM_RES_ENT_NEW,NUM_RES_ENT_OOM=C.NUM_RES_ENT_OOM_NEW FROM (VALUES (CAST ($1 AS BIGINT),CAST ($2 AS INT),CAST ($3 AS BIGINT),CAST ($4 AS BIGINT),CAST ($5 AS BIGINT),CAST ($6 AS BIGINT))) AS C(LIB_FEAT_ID,FTYPE_ID,NUM_RES_ENT_OLD,NUM_RES_ENT_OOM_OLD,NUM_RES_ENT_NEW,NUM_RES_ENT_OOM_NEW) WHERE C.LIB_FEAT_ID=T.LIB_FEAT_ID AND C.NUM_RES_ENT_OLD=T.NUM_RES_ENT AND C.NUM_RES_ENT_OOM_OLD=T.NUM_RES_ENT_OOM",0,0,0,0,0,0,5558826,5740483.423455892,0.007466,1749.998065,1.0326790986902437,9.994820402052994,5551927,45244811,4094,0,33366,0,0,0,0,0,0,20592.438851000035,850.4427420000004,0,0,0,0,0,0,0,0,0,0,0,0,0,0,0,0,0,2026-06-19 14:52:39.933453+00,2026-06-19 14:52:39.933453+00
16410,16412,t,-2575265821999363645,"CREATE TABLE SYS_EVAL_QUEUE (MSG_ID BIGINT NOT NULL, DSRC_CODE VARCHAR(25) NOT NULL, ENT_SRC_KEY VARCHAR(40) NOT NULL, MSG TEXT, PRIMARY KEY(MSG_ID))",0,0,0,0,0,0,1,4.585472,4.585472,4.585472,4.585472,0,0,346,0,0,1,0,0,0,0,0,0,0,0.002125,0,0,0,0,0,0,0,0,0,0,0,0,0,0,0,0,0,2026-06-19 12:52:04.226966+00,2026-06-19 12:52:04.226966+00
16410,16412,t,-47365019449292049,DELETE FROM RES_FEAT_EKEY WHERE RES_ENT_ID=$1 AND ((LIB_FEAT_ID=$2 AND UTYPE_CODE=$3)OR(LIB_FEAT_ID=$4 AND UTYPE_CODE=$5)OR(LIB_FEAT_ID=$6 AND UTYPE_CODE=$7)OR(LIB_FEAT_ID=$8 AND UTYPE_CODE=$9)OR(LIB_FEAT_ID=$10 AND UTYPE_CODE=$11)OR(LIB_FEAT_ID=$12 AND UTYPE_CODE=$13)OR(LIB_FEAT_ID=$14 AND UTYPE_CODE=$15)OR(LIB_FEAT_ID=$16 AND UTYPE_CODE=$17)OR(LIB_FEAT_ID=$18 AND UTYPE_CODE=$19)OR(LIB_FEAT_ID=$20 AND UTYPE_CODE=$21)OR(LIB_FEAT_ID=$22 AND UTYPE_CODE=$23)OR(LIB_FEAT_ID=$24 AND UTYPE_CODE=$25)OR(LIB_FEAT_ID=$26 AND UTYPE_CODE=$27)OR(LIB_FEAT_ID=$28 AND UTYPE_CODE=$29)OR(LIB_FEAT_ID=$30 AND UTYPE_CODE=$31)OR(LIB_FEAT_ID=$32 AND UTYPE_CODE=$33)OR(LIB_FEAT_ID=$34 AND UTYPE_CODE=$35)OR(LIB_FEAT_ID=$36 AND UTYPE_CODE=$37)OR(LIB_FEAT_ID=$38 AND UTYPE_CODE=$39)OR(LIB_FEAT_ID=$40 AND UTYPE_CODE=$41)OR(LIB_FEAT_ID=$42 AND UTYPE_CODE=$43)OR(LIB_FEAT_ID=$44 AND UTYPE_CODE=$45)OR(LIB_FEAT_ID=$46 AND UTYPE_CODE=$47)OR(LIB_FEAT_ID=$48 AND UTYPE_CODE=$49)OR(LIB_FEAT_ID=$50 AND UTYPE_CODE=$51)OR(LIB_FEAT_ID=$52 AND UTYPE_CODE=$53)),0,0,0,0,0,0,11765,245584.79431800055,0.07018400000000001,408.580378,20.874185662388488,41.23987494804369,290668,1527145,2031,0,0,0,0,0,0,0,0,98293.03527499983,0,0,0,0,0,0,0,0,0,0,0,0,0,0,0,0,0,0,2026-06-19 14:53:42.427405+00,2026-06-19 14:53:42.427405+00
16410,16412,t,-6143342563555317502,"SELECT RES_ENT_ID,LIB_FEAT_ID,FTYPE_ID,UTYPE_CODE,SUPPRESSED,OBS_ENT_CNT FROM RES_FEAT_EKEY WHERE RES_ENT_ID IN ($1) AND FTYPE_ID IN ($2,$3,$4,$5,$6,$7,$8,$9,$10,$11,$12,$13,$14,$15,$16,$17,$18,$19,$20,$21,$22,$23,$24,$25,$26,$27,$28,$29,$30,$31,$32,$33,$34,$35,$36,$37,$38,$39,$40,$41,$42,$43,$44,$45,$46,$47,$48,$49,$50,$51,$52,$53,$54,$55,$56,$57,$58,$59,$60,$61,$62,$63)",0,0,0,0,0,0,37567,4914.123372999995,0.006377,52.550338,0.1308095768360528,1.5449974269135887,374352,208096,0,0,0,0,0,0,0,0,0,0,0,0,0,0,0,0,0,0,0,0,0,0,0,0,0,0,0,0,2026-06-19 14:52:57.82719+00,2026-06-19 14:52:57.82719+00
16410,16412,t,6564247760920729859,"UPDATE RES_FEAT_STAT AS T SET FTYPE_ID=C.FTYPE_ID,NUM_RES_ENT=C.NUM_RES_ENT_NEW,NUM_RES_ENT_OOM=C.NUM_RES_ENT_OOM_NEW FROM (VALUES (CAST ($1 AS BIGINT),CAST ($2 AS INT),CAST ($3 AS BIGINT),CAST ($4 AS BIGINT),CAST ($5 AS BIGINT),CAST ($6 AS BIGINT)),(CAST ($7 AS BIGINT),CAST ($8 AS INT),CAST ($9 AS BIGINT),CAST ($10 AS BIGINT),CAST ($11 AS BIGINT),CAST ($12 AS BIGINT)),(CAST ($13 AS BIGINT),CAST ($14 AS INT),CAST ($15 AS BIGINT),CAST ($16 AS BIGINT),CAST ($17 AS BIGINT),CAST ($18 AS BIGINT)),(CAST ($19 AS BIGINT),CAST ($20 AS INT),CAST ($21 AS BIGINT),CAST ($22 AS BIGINT),CAST ($23 AS BIGINT),CAST ($24 AS BIGINT)),(CAST ($25 AS BIGINT),CAST ($26 AS INT),CAST ($27 AS BIGINT),CAST ($28 AS BIGINT),CAST ($29 AS BIGINT),CAST ($30 AS BIGINT)),(CAST ($31 AS BIGINT),CAST ($32 AS INT),CAST ($33 AS BIGINT),CAST ($34 AS BIGINT),CAST ($35 AS BIGINT),CAST ($36 AS BIGINT)),(CAST ($37 AS BIGINT),CAST ($38 AS INT),CAST ($39 AS BIGINT),CAST ($40 AS BIGINT),CAST ($41 AS BIGINT),CAST ($42 AS BIGINT)),(CAST ($43 AS BIGINT),CAST ($44 AS INT),CAST ($45 AS BIGINT),CAST ($46 AS BIGINT),CAST ($47 AS BIGINT),CAST ($48 AS BIGINT)),(CAST ($49 AS BIGINT),CAST ($50 AS INT),CAST ($51 AS BIGINT),CAST ($52 AS BIGINT),CAST ($53 AS BIGINT),CAST ($54 AS BIGINT)),(CAST ($55 AS BIGINT),CAST ($56 AS INT),CAST ($57 AS BIGINT),CAST ($58 AS BIGINT),CAST ($59 AS BIGINT),CAST ($60 AS BIGINT)),(CAST ($61 AS BIGINT),CAST ($62 AS INT),CAST ($63 AS BIGINT),CAST ($64 AS BIGINT),CAST ($65 AS BIGINT),CAST ($66 AS BIGINT)),(CAST ($67 AS BIGINT),CAST ($68 AS INT),CAST ($69 AS BIGINT),CAST ($70 AS BIGINT),CAST ($71 AS BIGINT),CAST ($72 AS BIGINT))) AS C(LIB_FEAT_ID,FTYPE_ID,NUM_RES_ENT_OLD,NUM_RES_ENT_OOM_OLD,NUM_RES_ENT_NEW,NUM_RES_ENT_OOM_NEW) WHERE C.LIB_FEAT_ID=T.LIB_FEAT_ID AND C.NUM_RES_ENT_OLD=T.NUM_RES_ENT AND C.NUM_RES_ENT_OOM_OLD=T.NUM_RES_ENT_OOM",0,0,0,0,0,0,18364,188351.3157529997,0.139328,1516.1806470000001,10.256551718198633,48.967958177147146,220292,2263956,231,0,1028,0,0,0,0,0,0,1758.6281459999996,73.78724700000001,0,0,0,0,0,0,0,0,0,0,0,0,0,0,0,0,0,2026-06-19 14:53:52.83802+00,2026-06-19 14:53:52.83802+00
16410,16412,t,5058427414213618369,"INSERT INTO RES_FEAT_STAT(LIB_FEAT_ID,FTYPE_ID,NUM_RES_ENT,NUM_RES_ENT_OOM) VALUES ($1,$2,$3,$4),($5,$6,$7,$8),($9,$10,$11,$12),($13,$14,$15,$16),($17,$18,$19,$20),($21,$22,$23,$24),($25,$26,$27,$28),($29,$30,$31,$32),($33,$34,$35,$36),($37,$38,$39,$40),($41,$42,$43,$44),($45,$46,$47,$48) ON CONFLICT DO NOTHING",0,0,0,0,0,0,1481985,21481749.469132315,0.111937,2529.867253,14.495254317103287,58.67243865587502,17783795,178006030,13321,0,187744,0,0,0,0,0,0,127231.65447400016,18597.1841220001,0,0,0,0,0,0,0,0,0,0,0,0,0,0,0,0,0,2026-06-19 14:52:39.645447+00,2026-06-19 14:52:39.645447+00
10,16384,t,-6896346811425522759,"DECLARE ""query-cursor_72"" SCROLL CURSOR FOR select queryid, left(query, $1), calls, (total_plan_time + total_exec_time) as total_time from aurora_stat_statements($2) order by calls desc limit $3 FOR READ ONLY",0,0,0,0,0,0,1,0.063792,0.063792,0.063792,0.063792,0,0,0,0,0,0,0,0,0,0,0,0,0,0,0,0,0,0,0,0,0,0,0,0,0,0,0,0,0,0,0,2026-06-19 14:00:27.667836+00,2026-06-19 14:00:27.667836+00
16410,16412,t,7941659921186613535,"SELECT RES_ENT_ID,LIB_FEAT_ID,FTYPE_ID,UTYPE_CODE,SUPPRESSED,OBS_ENT_CNT FROM RES_FEAT_EKEY WHERE RES_ENT_ID IN ($1,$2,$3,$4) AND FTYPE_ID IN ($5,$6,$7,$8,$9,$10,$11,$12,$13,$14,$15,$16,$17,$18,$19,$20,$21,$22,$23,$24,$25,$26,$27,$28,$29,$30,$31,$32,$33,$34,$35,$36,$37,$38,$39,$40,$41,$42,$43,$44,$45,$46,$47,$48,$49,$50,$51,$52,$53,$54,$55,$56,$57,$58)",0,0,0,0,0,0,44,22.153863999999995,0.060254999999999996,18.344372,0.5034969090909089,2.7207583341821087,546,713,0,0,0,0,0,0,0,0,0,0,0,0,0,0,0,0,0,0,0,0,0,0,0,0,0,0,0,0,2026-06-19 16:20:55.914189+00,2026-06-19 16:20:55.914189+00
10,16384,t,8404404126555575863,"DECLARE ""query-cursor_70"" SCROLL CURSOR FOR select queryid, left(query, $1), calls, (total_plan_time + total_exec_time) as total_time from aurora_stat_statements($2) order by calls desc limit $3 FOR READ ONLY",0,0,0,0,0,0,1,0.066865,0.066865,0.066865,0.066865,0,0,0,0,0,0,0,0,0,0,0,0,0,0,0,0,0,0,0,0,0,0,0,0,0,0,0,0,0,0,0,2026-06-19 13:58:27.667729+00,2026-06-19 13:58:27.667729+00
10,16384,t,2122086473806044434,"FETCH 0 IN ""query-cursor_42""",0,0,0,0,0,0,1,0.003795,0.003795,0.003795,0.003795,0,0,0,0,0,0,0,0,0,0,0,0,0,0,0,0,0,0,0,0,0,0,0,0,0,0,0,0,0,0,0,2026-06-19 13:30:27.665734+00,2026-06-19 13:30:27.665734+00
10,16384,t,5008421449059004756,"MOVE ALL IN ""query-cursor_224""",0,0,0,0,0,0,1,9.055659,9.055659,9.055659,9.055659,0,0,0,0,0,0,0,0,0,0,0,0,0,0,0,0,0,0,0,0,0,0,0,0,0,0,0,0,0,0,0,2026-06-19 18:08:27.762686+00,2026-06-19 18:08:27.762686+00
10,16384,t,169867660205642410,"select queryid, calls, (total_plan_time + total_exec_time) as total_time, rows, shared_blks_hit, shared_blks_dirtied, shared_blks_read, shared_blks_written, local_blks_hit, local_blks_dirtied, local_blks_read, local_blks_written, temp_blks_read, temp_blks_written, storage_blks_read, orcache_blks_hit, shared_blk_read_time as blk_read_time, shared_blk_write_time as blk_write_time, storage_blk_read_time, local_blk_read_time, orcache_blk_read_time, total_plan_time, total_exec_time from aurora_stat_statements($1) where queryid in ($2, $3, $4, $5, $6, $7, $8, $9, $10, $11, $12, $13, $14, $15, $16, $17, $18, $19, $20, $21, $22, $23, $24, $25, $26, $27, $28, $29, $30, $31, $32, $33, $34, $35, $36, $37, $38, $39, $40, $41, $42, $43, $44, $45, $46, $47, $48, $49, $50, $51, $52, $53, $54, $55, $56, $57, $58, $59, $60, $61, $62, $63, $64, $65)",0,0,0,0,0,0,17,166.925363,2.457663,109.585319,9.819139,24.950118098733352,1105,0,0,0,0,0,0,0,0,0,0,0,0,0,0,0,0,0,0,0,0,0,0,0,0,0,0,0,0,0,2026-06-19 14:59:37.717839+00,2026-06-19 14:59:37.717839+00
10,16384,t,388465306804962233,"FETCH 0 IN ""query-cursor_6""",0,0,0,0,0,0,1,0.003808,0.003808,0.003808,0.003808,0,0,0,0,0,0,0,0,0,0,0,0,0,0,0,0,0,0,0,0,0,0,0,0,0,0,0,0,0,0,0,2026-06-19 12:54:27.663191+00,2026-06-19 12:54:27.663191+00
10,16384,t,2388324183561638725,"MOVE ALL IN ""query-cursor_180""",0,0,0,0,0,0,1,7.912281,7.912281,7.912281,7.912281,0,0,0,0,0,0,0,0,0,0,0,0,0,0,0,0,0,0,0,0,0,0,0,0,0,0,0,0,0,0,0,2026-06-19 16:40:27.91026+00,2026-06-19 16:40:27.91026+00
10,16384,t,-7630332900015767086,"FETCH 0 IN ""query-cursor_208""",0,0,0,0,0,0,1,0.00631,0.00631,0.00631,0.00631,0,0,0,0,0,0,0,0,0,0,0,0,0,0,0,0,0,0,0,0,0,0,0,0,0,0,0,0,0,0,0,2026-06-19 17:36:27.696447+00,2026-06-19 17:36:27.696447+00
10,16384,t,7417801002317398236,"MOVE -2129 IN ""query-cursor_245""",0,0,0,0,0,0,1,0.267561,0.267561,0.267561,0.267561,0,0,0,0,0,0,0,0,0,0,0,0,0,0,0,0,0,0,0,0,0,0,0,0,0,0,0,0,0,0,0,2026-06-19 18:47:29.012799+00,2026-06-19 18:47:29.012799+00
10,16384,t,-8611477829697523437,"MOVE -1798 IN ""query-cursor_192""",0,0,0,0,0,0,1,0.15497,0.15497,0.15497,0.15497,0,0,0,0,0,0,0,0,0,0,0,0,0,0,0,0,0,0,0,0,0,0,0,0,0,0,0,0,0,0,0,2026-06-19 17:04:27.968634+00,2026-06-19 17:04:27.968634+00
10,16384,t,8246698443212916846,"FETCH 0 IN ""query-cursor_155""",0,0,0,0,0,0,1,0.008407,0.008407,0.008407,0.008407,0,0,0,0,0,0,0,0,0,0,0,0,0,0,0,0,0,0,0,0,0,0,0,0,0,0,0,0,0,0,0,2026-06-19 15:46:27.746684+00,2026-06-19 15:46:27.746684+00
10,16384,t,-1314129076410679664,"FETCH 50 IN ""query-cursor_5""",0,0,0,0,0,0,2,0.009595,0.004343,0.005252,0.0047975,0.00045450000000000004,100,0,0,0,0,0,0,0,0,0,0,0,0,0,0,0,0,0,0,0,0,0,0,0,0,0,0,0,0,0,2026-06-19 12:53:27.663524+00,2026-06-19 12:53:27.663524+00
10,16384,t,-3411487724164221837,"FETCH 0 IN ""query-cursor_101""",0,0,0,0,0,0,1,0.004089,0.004089,0.004089,0.004089,0,0,0,0,0,0,0,0,0,0,0,0,0,0,0,0,0,0,0,0,0,0,0,0,0,0,0,0,0,0,0,2026-06-19 14:29:27.670001+00,2026-06-19 14:29:27.670001+00
10,16384,t,163229539459646534,"MOVE -1831 IN ""query-cursor_197""",0,0,0,0,0,0,1,0.1437,0.1437,0.1437,0.1437,0,0,0,0,0,0,0,0,0,0,0,0,0,0,0,0,0,0,0,0,0,0,0,0,0,0,0,0,0,0,0,2026-06-19 17:14:28.132481+00,2026-06-19 17:14:28.132481+00
10,16384,t,5124435470462591624,"MOVE -1623 IN ""query-cursor_165""",0,0,0,0,0,0,1,0.20102,0.20102,0.20102,0.20102,0,0,0,0,0,0,0,0,0,0,0,0,0,0,0,0,0,0,0,0,0,0,0,0,0,0,0,0,0,0,0,2026-06-19 16:06:27.770143+00,2026-06-19 16:06:27.770143+00
16410,16412,t,9022020859995780770,"SELECT LIB_FEAT_ID,NUM_RES_ENT,NUM_RES_ENT_OOM,CANDIDATE_CAP_REACHED,SCORING_CAP_REACHED FROM RES_FEAT_STAT WHERE LIB_FEAT_ID IN ($1,$2,$3,$4,$5,$6,$7,$8,$9,$10,$11,$12,$13,$14,$15,$16,$17,$18,$19,$20,$21,$22,$23,$24,$25,$26,$27,$28,$29,$30,$31,$32,$33,$34,$35,$36,$37,$38,$39,$40,$41,$42,$43,$44,$45,$46,$47,$48,$49,$50,$51,$52,$53,$54,$55,$56,$57,$58,$59,$60,$61,$62,$63,$64,$65,$66,$67,$68,$69,$70,$71,$72,$73,$74,$75,$76,$77,$78,$79,$80,$81,$82,$83,$84,$85,$86,$87,$88,$89,$90,$91,$92,$93,$94,$95,$96,$97,$98,$99,$100)",0,0,0,0,0,0,235310,498313.73847500194,0.051593,517.827629,2.1176904444137605,10.283909234213604,17231308,20085899,25155,0,0,0,0,0,0,0,0,275264.31268,0,0,0,0,0,0,0,0,0,0,0,0,0,0,0,0,0,0,2026-06-19 14:53:17.299646+00,2026-06-19 14:53:17.299646+00
10,16384,t,5121585842632302998,"FETCH 0 IN ""query-cursor_19""",0,0,0,0,0,0,1,0.004198,0.004198,0.004198,0.004198,0,0,0,0,0,0,0,0,0,0,0,0,0,0,0,0,0,0,0,0,0,0,0,0,0,0,0,0,0,0,0,2026-06-19 13:07:27.664108+00,2026-06-19 13:07:27.664108+00
10,16384,t,1510135063723896924,"FETCH 4 IN ""query-cursor_137""",0,0,0,0,0,0,1,0.00612,0.00612,0.00612,0.00612,0,4,0,0,0,0,0,0,0,0,0,0,0,0,0,0,0,0,0,0,0,0,0,0,0,0,0,0,0,0,0,2026-06-19 15:10:27.913396+00,2026-06-19 15:10:27.913396+00
10,16384,t,9153309309066949493,"FETCH 27 IN ""query-cursor_106""",0,0,0,0,0,0,1,0.002972,0.002972,0.002972,0.002972,0,27,0,0,0,0,0,0,0,0,0,0,0,0,0,0,0,0,0,0,0,0,0,0,0,0,0,0,0,0,0,2026-06-19 14:34:27.674633+00,2026-06-19 14:34:27.674633+00
10,16384,t,3056626782094216128,"FETCH 40 IN ""query-cursor_28""",0,0,0,0,0,0,1,0.003096,0.003096,0.003096,0.003096,0,40,0,0,0,0,0,0,0,0,0,0,0,0,0,0,0,0,0,0,0,0,0,0,0,0,0,0,0,0,0,2026-06-19 13:16:27.666416+00,2026-06-19 13:16:27.666416+00
16410,16412,t,-8651287884645813447,"CREATE INDEX DSRC_RECORD_SK ON DSRC_RECORD(ENT_SRC_KEY, DSRC_ID)",0,0,0,0,0,0,1,1.939139,1.939139,1.939139,1.939139,0,0,117,0,0,0,0,0,0,0,0,0,0,0,0,0,0,0,0,0,0,0,0,0,0,0,0,0,0,0,0,2026-06-19 12:52:04.129039+00,2026-06-19 12:52:04.129039+00
16410,16412,t,-4971890736796526323,"SELECT RES_ENT_ID,LIB_FEAT_ID,FTYPE_ID,UTYPE_CODE,SUPPRESSED,OBS_ENT_CNT FROM RES_FEAT_EKEY WHERE RES_ENT_ID IN ($1,$2,$3,$4,$5,$6,$7,$8,$9,$10,$11,$12,$13,$14,$15,$16,$17,$18,$19,$20,$21,$22,$23,$24,$25,$26,$27,$28,$29,$30,$31,$32) AND FTYPE_ID IN ($33,$34,$35,$36,$37,$38,$39,$40,$41,$42,$43,$44,$45,$46,$47,$48,$49,$50,$51,$52,$53)",0,0,0,0,0,0,297,5214.857880000002,0.41826199999999997,254.72397400000003,17.558444040404048,33.73502393406471,150600,30287,268,0,0,0,0,0,0,0,0,4228.827513000001,0,0,0,0,0,0,0,0,0,0,0,0,0,0,0,0,0,0,2026-06-19 15:00:33.721072+00,2026-06-19 15:00:33.721072+00
10,16384,t,1609290196704113652,"FETCH 0 IN ""query-cursor_225""",0,0,0,0,0,0,1,0.010104,0.010104,0.010104,0.010104,0,0,0,0,0,0,0,0,0,0,0,0,0,0,0,0,0,0,0,0,0,0,0,0,0,0,0,0,0,0,0,2026-06-19 18:10:28.190694+00,2026-06-19 18:10:28.190694+00
10,16384,t,-3408611994087624523,"MOVE -2110 IN ""query-cursor_242""",0,0,0,0,0,0,1,0.273583,0.273583,0.273583,0.273583,0,0,0,0,0,0,0,0,0,0,0,0,0,0,0,0,0,0,0,0,0,0,0,0,0,0,0,0,0,0,0,2026-06-19 18:41:27.714399+00,2026-06-19 18:41:27.714399+00
16410,16412,t,-2503826466694178796,"UPDATE RES_FEAT_EKEY AS T SET SUPPRESSED=C.SUPPRESSED,OBS_ENT_CNT=C.OBS_ENT_CNT FROM (VALUES (CAST ($1 AS BIGINT),CAST ($2 AS BIGINT),$3,$4,CAST ($5 AS BIGINT)),(CAST ($6 AS BIGINT),CAST ($7 AS BIGINT),$8,$9,CAST ($10 AS BIGINT)),(CAST ($11 AS BIGINT),CAST ($12 AS BIGINT),$13,$14,CAST ($15 AS BIGINT)),(CAST ($16 AS BIGINT),CAST ($17 AS BIGINT),$18,$19,CAST ($20 AS BIGINT)),(CAST ($21 AS BIGINT),CAST ($22 AS BIGINT),$23,$24,CAST ($25 AS BIGINT)),(CAST ($26 AS BIGINT),CAST ($27 AS BIGINT),$28,$29,CAST ($30 AS BIGINT)),(CAST ($31 AS BIGINT),CAST ($32 AS BIGINT),$33,$34,CAST ($35 AS BIGINT)),(CAST ($36 AS BIGINT),CAST ($37 AS BIGINT),$38,$39,CAST ($40 AS BIGINT))) AS C(RES_ENT_ID,LIB_FEAT_ID,UTYPE_CODE,SUPPRESSED,OBS_ENT_CNT) WHERE C.RES_ENT_ID=T.RES_ENT_ID AND C.LIB_FEAT_ID=T.LIB_FEAT_ID AND C.UTYPE_CODE=T.UTYPE_CODE",0,0,0,0,0,0,282558,3358315.9986409517,0.075218,964.481475,11.885404053825946,29.524208720334364,2260464,32424699,52609,0,11005,0,0,0,0,0,0,1255921.771927996,771.8282760000002,0,0,0,0,0,0,0,0,0,0,0,0,0,0,0,0,0,2026-06-19 14:53:17.037737+00,2026-06-19 14:53:17.037737+00
10,16384,t,682229250962796229,"FETCH 50 IN ""query-cursor_207""",0,0,0,0,0,0,37,0.608655,0.009332,0.03259,0.016450135135135133,0.006411653795016062,1850,0,0,0,0,0,0,0,0,0,0,0,0,0,0,0,0,0,0,0,0,0,0,0,0,0,0,0,0,0,2026-06-19 17:34:27.719278+00,2026-06-19 17:34:27.719278+00
10,16384,t,4116789604027552870,"FETCH 0 IN ""query-cursor_221""",0,0,0,0,0,0,1,0.006842,0.006842,0.006842,0.006842,0,0,0,0,0,0,0,0,0,0,0,0,0,0,0,0,0,0,0,0,0,0,0,0,0,0,0,0,0,0,0,2026-06-19 18:02:27.715958+00,2026-06-19 18:02:27.715958+00
16410,16412,t,-3307888229249635103,"SELECT RES_ENT_ID,LIB_FEAT_ID,FTYPE_ID,UTYPE_CODE,SUPPRESSED,OBS_ENT_CNT FROM RES_FEAT_EKEY WHERE RES_ENT_ID IN ($1,$2,$3,$4,$5,$6,$7,$8) AND FTYPE_ID IN ($9,$10,$11,$12,$13)",0,0,0,0,0,0,30,115.85124400000001,0.055567,57.351603000000004,3.8617081333333334,12.332229877657,894,1003,3,0,0,0,0,0,0,0,0,94.86086399999999,0,0,0,0,0,0,0,0,0,0,0,0,0,0,0,0,0,0,2026-06-19 14:55:21.621417+00,2026-06-19 14:55:21.621417+00
10,16384,t,-2979131023788197557,"FETCH 31 IN ""query-cursor_90""",0,0,0,0,0,0,1,0.002397,0.002397,0.002397,0.002397,0,31,0,0,0,0,0,0,0,0,0,0,0,0,0,0,0,0,0,0,0,0,0,0,0,0,0,0,0,0,0,2026-06-19 14:18:27.672853+00,2026-06-19 14:18:27.672853+00
10,16384,t,4898695960384575265,"FETCH 26 IN ""query-cursor_34""",0,0,0,0,0,0,1,0.00219,0.00219,0.00219,0.00219,0,26,0,0,0,0,0,0,0,0,0,0,0,0,0,0,0,0,0,0,0,0,0,0,0,0,0,0,0,0,0,2026-06-19 13:22:27.667177+00,2026-06-19 13:22:27.667177+00
10,16384,t,8649678701975435611,"FETCH 0 IN ""query-cursor_242""",0,0,0,0,0,0,1,0.007304,0.007304,0.007304,0.007304,0,0,0,0,0,0,0,0,0,0,0,0,0,0,0,0,0,0,0,0,0,0,0,0,0,0,0,0,0,0,0,2026-06-19 18:41:27.69464+00,2026-06-19 18:41:27.69464+00
10,16384,t,-7930596894184952182,"MOVE ALL IN ""query-cursor_231""",0,0,0,0,0,0,1,7.874268,7.874268,7.874268,7.874268,0,0,0,0,0,0,0,0,0,0,0,0,0,0,0,0,0,0,0,0,0,0,0,0,0,0,0,0,0,0,0,2026-06-19 18:22:27.688653+00,2026-06-19 18:22:27.688653+00
10,16384,t,-8534090700935715553,"MOVE -496 IN ""query-cursor_59""",0,0,0,0,0,0,1,0.011026,0.011026,0.011026,0.011026,0,0,0,0,0,0,0,0,0,0,0,0,0,0,0,0,0,0,0,0,0,0,0,0,0,0,0,0,0,0,0,2026-06-19 13:47:27.667989+00,2026-06-19 13:47:27.667989+00
16410,16412,t,-6085522222769640503,"UPDATE RES_FEAT_EKEY AS T SET SUPPRESSED=C.SUPPRESSED,OBS_ENT_CNT=C.OBS_ENT_CNT FROM (VALUES (CAST ($1 AS BIGINT),CAST ($2 AS BIGINT),$3,$4,CAST ($5 AS BIGINT)),(CAST ($6 AS BIGINT),CAST ($7 AS BIGINT),$8,$9,CAST ($10 AS BIGINT)),(CAST ($11 AS BIGINT),CAST ($12 AS BIGINT),$13,$14,CAST ($15 AS BIGINT)),(CAST ($16 AS BIGINT),CAST ($17 AS BIGINT),$18,$19,CAST ($20 AS BIGINT)),(CAST ($21 AS BIGINT),CAST ($22 AS BIGINT),$23,$24,CAST ($25 AS BIGINT)),(CAST ($26 AS BIGINT),CAST ($27 AS BIGINT),$28,$29,CAST ($30 AS BIGINT)),(CAST ($31 AS BIGINT),CAST ($32 AS BIGINT),$33,$34,CAST ($35 AS BIGINT)),(CAST ($36 AS BIGINT),CAST ($37 AS BIGINT),$38,$39,CAST ($40 AS BIGINT)),(CAST ($41 AS BIGINT),CAST ($42 AS BIGINT),$43,$44,CAST ($45 AS BIGINT)),(CAST ($46 AS BIGINT),CAST ($47 AS BIGINT),$48,$49,CAST ($50 AS BIGINT)),(CAST ($51 AS BIGINT),CAST ($52 AS BIGINT),$53,$54,CAST ($55 AS BIGINT)),(CAST ($56 AS BIGINT),CAST ($57 AS BIGINT),$58,$59,CAST ($60 AS BIGINT)),(CAST ($61 AS BIGINT),CAST ($62 AS BIGINT),$63,$64,CAST ($65 AS BIGINT)),(CAST ($66 AS BIGINT),CAST ($67 AS BIGINT),$68,$69,CAST ($70 AS BIGINT)),(CAST ($71 AS BIGINT),CAST ($72 AS BIGINT),$73,$74,CAST ($75 AS BIGINT)),(CAST ($76 AS BIGINT),CAST ($77 AS BIGINT),$78,$79,CAST ($80 AS BIGINT)),(CAST ($81 AS BIGINT),CAST ($82 AS BIGINT),$83,$84,CAST ($85 AS BIGINT)),(CAST ($86 AS BIGINT),CAST ($87 AS BIGINT),$88,$89,CAST ($90 AS BIGINT)),(CAST ($91 AS BIGINT),CAST ($92 AS BIGINT),$93,$94,CAST ($95 AS BIGINT))) AS C(RES_ENT_ID,LIB_FEAT_ID,UTYPE_CODE,SUPPRESSED,OBS_ENT_CNT) WHERE C.RES_ENT_ID=T.RES_ENT_ID AND C.LIB_FEAT_ID=T.LIB_FEAT_ID AND C.UTYPE_CODE=T.UTYPE_CODE",0,0,0,0,0,0,29189,588312.4474029994,0.152776,797.922039,20.1552792970982,43.698428545306925,554587,8246924,8486,0,2976,0,0,0,0,0,0,201117.66753699983,252.2358439999998,0,0,0,0,0,0,0,0,0,0,0,0,0,0,0,0,0,2026-06-19 14:54:11.393233+00,2026-06-19 14:54:11.393233+00
10,16384,t,7686957022309847726,"DECLARE ""query-cursor_14"" SCROLL CURSOR FOR select queryid, left(query, $1), calls, (total_plan_time + total_exec_time) as total_time from aurora_stat_statements($2) order by calls desc limit $3 FOR READ ONLY",0,0,0,0,0,0,1,0.066032,0.066032,0.066032,0.066032,0,0,0,0,0,0,0,0,0,0,0,0,0,0,0,0,0,0,0,0,0,0,0,0,0,0,0,0,0,0,0,2026-06-19 13:02:27.663697+00,2026-06-19 13:02:27.663697+00
10,16384,t,-176254839282276572,"FETCH 0 IN ""query-cursor_81""",0,0,0,0,0,0,1,0.003521,0.003521,0.003521,0.003521,0,0,0,0,0,0,0,0,0,0,0,0,0,0,0,0,0,0,0,0,0,0,0,0,0,0,0,0,0,0,0,2026-06-19 14:09:27.668505+00,2026-06-19 14:09:27.668505+00
10,16384,t,-861551937499125738,"FETCH 31 IN ""query-cursor_57""",0,0,0,0,0,0,1,0.002631,0.002631,0.002631,0.002631,0,31,0,0,0,0,0,0,0,0,0,0,0,0,0,0,0,0,0,0,0,0,0,0,0,0,0,0,0,0,0,2026-06-19 13:45:27.669649+00,2026-06-19 13:45:27.669649+00
10,16384,t,6753023857211228318,"MOVE ALL IN ""query-cursor_78""",0,0,0,0,0,0,1,1.358859,1.358859,1.358859,1.358859,0,0,0,0,0,0,0,0,0,0,0,0,0,0,0,0,0,0,0,0,0,0,0,0,0,0,0,0,0,0,0,2026-06-19 14:06:27.669713+00,2026-06-19 14:06:27.669713+00
10,16384,t,-5357382279410069445,"MOVE ALL IN ""query-cursor_27""",0,0,0,0,0,0,1,0.614724,0.614724,0.614724,0.614724,0,0,0,0,0,0,0,0,0,0,0,0,0,0,0,0,0,0,0,0,0,0,0,0,0,0,0,0,0,0,0,2026-06-19 13:15:27.665337+00,2026-06-19 13:15:27.665337+00
10,16384,t,-8435761086840570593,"MOVE -285 IN ""query-cursor_27""",0,0,0,0,0,0,1,0.007914,0.007914,0.007914,0.007914,0,0,0,0,0,0,0,0,0,0,0,0,0,0,0,0,0,0,0,0,0,0,0,0,0,0,0,0,0,0,0,2026-06-19 13:15:27.665394+00,2026-06-19 13:15:27.665394+00
16410,16412,t,-360266090703817153,DELETE FROM RES_FEAT_EKEY WHERE RES_ENT_ID=$1 AND ((LIB_FEAT_ID=$2 AND UTYPE_CODE=$3)OR(LIB_FEAT_ID=$4 AND UTYPE_CODE=$5)OR(LIB_FEAT_ID=$6 AND UTYPE_CODE=$7)OR(LIB_FEAT_ID=$8 AND UTYPE_CODE=$9)OR(LIB_FEAT_ID=$10 AND UTYPE_CODE=$11)OR(LIB_FEAT_ID=$12 AND UTYPE_CODE=$13)OR(LIB_FEAT_ID=$14 AND UTYPE_CODE=$15)OR(LIB_FEAT_ID=$16 AND UTYPE_CODE=$17)OR(LIB_FEAT_ID=$18 AND UTYPE_CODE=$19)OR(LIB_FEAT_ID=$20 AND UTYPE_CODE=$21)OR(LIB_FEAT_ID=$22 AND UTYPE_CODE=$23)OR(LIB_FEAT_ID=$24 AND UTYPE_CODE=$25)OR(LIB_FEAT_ID=$26 AND UTYPE_CODE=$27)OR(LIB_FEAT_ID=$28 AND UTYPE_CODE=$29)OR(LIB_FEAT_ID=$30 AND UTYPE_CODE=$31)OR(LIB_FEAT_ID=$32 AND UTYPE_CODE=$33)OR(LIB_FEAT_ID=$34 AND UTYPE_CODE=$35)OR(LIB_FEAT_ID=$36 AND UTYPE_CODE=$37)OR(LIB_FEAT_ID=$38 AND UTYPE_CODE=$39)OR(LIB_FEAT_ID=$40 AND UTYPE_CODE=$41)OR(LIB_FEAT_ID=$42 AND UTYPE_CODE=$43)OR(LIB_FEAT_ID=$44 AND UTYPE_CODE=$45)OR(LIB_FEAT_ID=$46 AND UTYPE_CODE=$47)OR(LIB_FEAT_ID=$48 AND UTYPE_CODE=$49)OR(LIB_FEAT_ID=$50 AND UTYPE_CODE=$51)OR(LIB_FEAT_ID=$52 AND UTYPE_CODE=$53)OR(LIB_FEAT_ID=$54 AND UTYPE_CODE=$55)OR(LIB_FEAT_ID=$56 AND UTYPE_CODE=$57)OR(LIB_FEAT_ID=$58 AND UTYPE_CODE=$59)),0,0,0,0,0,0,8405,187402.11251400007,0.090483,378.99626800000004,22.29650357096967,43.34164908102264,213436,1196653,1748,0,0,0,0,0,0,0,0,79969.34161699978,0,0,0,0,0,0,0,0,0,0,0,0,0,0,0,0,0,0,2026-06-19 14:52:44.846124+00,2026-06-19 14:52:44.846124+00
10,16384,t,-760506508612999719,"FETCH 50 IN ""query-cursor_105""",0,0,0,0,0,0,15,0.046583,0.002644,0.005794,0.0031055333333333333,0.0007403756584029187,750,0,0,0,0,0,0,0,0,0,0,0,0,0,0,0,0,0,0,0,0,0,0,0,0,0,0,0,0,0,2026-06-19 14:33:27.672012+00,2026-06-19 14:33:27.672012+00
10,16384,t,-2675154942025381934,"MOVE -339 IN ""query-cursor_36""",0,0,0,0,0,0,1,0.009027,0.009027,0.009027,0.009027,0,0,0,0,0,0,0,0,0,0,0,0,0,0,0,0,0,0,0,0,0,0,0,0,0,0,0,0,0,0,0,2026-06-19 13:24:27.666158+00,2026-06-19 13:24:27.666158+00
16410,16412,t,-1647291782490847529,DELETE FROM RES_FEAT_EKEY WHERE RES_ENT_ID=$1 AND ((LIB_FEAT_ID=$2 AND UTYPE_CODE=$3)OR(LIB_FEAT_ID=$4 AND UTYPE_CODE=$5)OR(LIB_FEAT_ID=$6 AND UTYPE_CODE=$7)OR(LIB_FEAT_ID=$8 AND UTYPE_CODE=$9)OR(LIB_FEAT_ID=$10 AND UTYPE_CODE=$11)OR(LIB_FEAT_ID=$12 AND UTYPE_CODE=$13)OR(LIB_FEAT_ID=$14 AND UTYPE_CODE=$15)OR(LIB_FEAT_ID=$16 AND UTYPE_CODE=$17)OR(LIB_FEAT_ID=$18 AND UTYPE_CODE=$19)OR(LIB_FEAT_ID=$20 AND UTYPE_CODE=$21)OR(LIB_FEAT_ID=$22 AND UTYPE_CODE=$23)OR(LIB_FEAT_ID=$24 AND UTYPE_CODE=$25)OR(LIB_FEAT_ID=$26 AND UTYPE_CODE=$27)OR(LIB_FEAT_ID=$28 AND UTYPE_CODE=$29)OR(LIB_FEAT_ID=$30 AND UTYPE_CODE=$31)OR(LIB_FEAT_ID=$32 AND UTYPE_CODE=$33)OR(LIB_FEAT_ID=$34 AND UTYPE_CODE=$35)OR(LIB_FEAT_ID=$36 AND UTYPE_CODE=$37)OR(LIB_FEAT_ID=$38 AND UTYPE_CODE=$39)OR(LIB_FEAT_ID=$40 AND UTYPE_CODE=$41)OR(LIB_FEAT_ID=$42 AND UTYPE_CODE=$43)OR(LIB_FEAT_ID=$44 AND UTYPE_CODE=$45)OR(LIB_FEAT_ID=$46 AND UTYPE_CODE=$47)OR(LIB_FEAT_ID=$48 AND UTYPE_CODE=$49)OR(LIB_FEAT_ID=$50 AND UTYPE_CODE=$51)OR(LIB_FEAT_ID=$52 AND UTYPE_CODE=$53)OR(LIB_FEAT_ID=$54 AND UTYPE_CODE=$55)OR(LIB_FEAT_ID=$56 AND UTYPE_CODE=$57)OR(LIB_FEAT_ID=$58 AND UTYPE_CODE=$59)OR(LIB_FEAT_ID=$60 AND UTYPE_CODE=$61)OR(LIB_FEAT_ID=$62 AND UTYPE_CODE=$63)OR(LIB_FEAT_ID=$64 AND UTYPE_CODE=$65)OR(LIB_FEAT_ID=$66 AND UTYPE_CODE=$67)OR(LIB_FEAT_ID=$68 AND UTYPE_CODE=$69)OR(LIB_FEAT_ID=$70 AND UTYPE_CODE=$71)OR(LIB_FEAT_ID=$72 AND UTYPE_CODE=$73)OR(LIB_FEAT_ID=$74 AND UTYPE_CODE=$75)OR(LIB_FEAT_ID=$76 AND UTYPE_CODE=$77)OR(LIB_FEAT_ID=$78 AND UTYPE_CODE=$79)OR(LIB_FEAT_ID=$80 AND UTYPE_CODE=$81)OR(LIB_FEAT_ID=$82 AND UTYPE_CODE=$83)),0,0,0,0,0,0,3506,127012.06732099988,0.011129,448.672234,36.22705856274954,62.9367283177939,84254,629934,1563,0,0,0,0,0,0,0,0,79932.155776,0,0,0,0,0,0,0,0,0,0,0,0,0,0,0,0,0,0,2026-06-19 14:56:56.590256+00,2026-06-19 14:56:56.590256+00
10,16384,t,8578053164865276322,"MOVE -315 IN ""query-cursor_32""",0,0,0,0,0,0,1,0.008181,0.008181,0.008181,0.008181,0,0,0,0,0,0,0,0,0,0,0,0,0,0,0,0,0,0,0,0,0,0,0,0,0,0,0,0,0,0,0,2026-06-19 13:20:27.665816+00,2026-06-19 13:20:27.665816+00
10,16384,t,675590828784868072,"FETCH 50 IN ""query-cursor_165""",0,0,0,0,0,0,32,0.6685559999999999,0.01288,0.043424,0.020892374999999998,0.007342870022809541,1600,0,0,0,0,0,0,0,0,0,0,0,0,0,0,0,0,0,0,0,0,0,0,0,0,0,0,0,0,0,2026-06-19 16:06:27.770251+00,2026-06-19 16:06:27.770251+00
16410,16412,t,-90958215646538910,"SELECT RES_ENT_ID,LIB_FEAT_ID,FTYPE_ID,UTYPE_CODE,SUPPRESSED,OBS_ENT_CNT FROM RES_FEAT_EKEY WHERE RES_ENT_ID IN ($1,$2,$3,$4) AND FTYPE_ID IN ($5,$6,$7,$8,$9,$10,$11,$12,$13,$14,$15,$16,$17,$18,$19,$20,$21,$22,$23)",0,0,0,0,0,0,466960,1081783.3951059952,0.038877,464.91564800000003,2.3166510945391368,12.989540815716785,38751046,8671925,45055,0,0,0,0,0,0,0,0,848496.7132620065,0,0,0,0,0,0,0,0,0,0,0,0,0,0,0,0,0,0,2026-06-19 14:52:40.850163+00,2026-06-19 14:52:40.850163+00
10,16384,t,-1545629069506339733,"MOVE ALL IN ""query-cursor_12""",0,0,0,0,0,0,1,0.548126,0.548126,0.548126,0.548126,0,0,0,0,0,0,0,0,0,0,0,0,0,0,0,0,0,0,0,0,0,0,0,0,0,0,0,0,0,0,0,2026-06-19 13:00:27.66424+00,2026-06-19 13:00:27.66424+00
10,16384,t,-7806310873234138530,"FETCH 0 IN ""query-cursor_9""",0,0,0,0,0,0,1,0.003517,0.003517,0.003517,0.003517,0,0,0,0,0,0,0,0,0,0,0,0,0,0,0,0,0,0,0,0,0,0,0,0,0,0,0,0,0,0,0,2026-06-19 12:57:27.663405+00,2026-06-19 12:57:27.663405+00
10,16384,t,1792607580568147600,"FETCH 41 IN ""query-cursor_100""",0,0,0,0,0,0,1,0.002969,0.002969,0.002969,0.002969,0,41,0,0,0,0,0,0,0,0,0,0,0,0,0,0,0,0,0,0,0,0,0,0,0,0,0,0,0,0,0,2026-06-19 14:28:27.673993+00,2026-06-19 14:28:27.673993+00
16410,16412,t,7732182433812311218,"INSERT INTO RES_RELATE(RES_REL_ID,MIN_RES_ENT_ID,MAX_RES_ENT_ID,IS_DISCLOSED,IS_AMBIGUOUS,LAST_ERRULE_ID,MATCH_KEY,MATCH_KEY_DETAILS,MATCH_LEVELS) VALUES ($1,$2,$3,$4,$5,$6,$7,$8,$9),($10,$11,$12,$13,$14,$15,$16,$17,$18),($19,$20,$21,$22,$23,$24,$25,$26,$27),($28,$29,$30,$31,$32,$33,$34,$35,$36),($37,$38,$39,$40,$41,$42,$43,$44,$45),($46,$47,$48,$49,$50,$51,$52,$53,$54),($55,$56,$57,$58,$59,$60,$61,$62,$63),($64,$65,$66,$67,$68,$69,$70,$71,$72),($73,$74,$75,$76,$77,$78,$79,$80,$81) ON CONFLICT DO NOTHING",0,0,0,0,0,0,10558,126320.27757300051,0.109986,602.557039,11.964413484845663,34.97970645799897,95022,838335,2699,0,3113,0,0,0,0,0,0,36437.49498299998,193.08388300000004,0,0,0,0,0,0,0,0,0,0,0,0,0,0,0,0,0,2026-06-19 14:53:04.225981+00,2026-06-19 14:53:04.225981+00
10,16384,t,1914121946488229798,"FETCH 0 IN ""query-cursor_58""",0,0,0,0,0,0,1,0.003944,0.003944,0.003944,0.003944,0,0,0,0,0,0,0,0,0,0,0,0,0,0,0,0,0,0,0,0,0,0,0,0,0,0,0,0,0,0,0,2026-06-19 13:46:27.666855+00,2026-06-19 13:46:27.666855+00
10,16384,t,8822040433688618972,ALTER ROLE rdsadmin SET idle_session_timeout = $1,0,0,0,0,0,0,1,0.127524,0.127524,0.127524,0.127524,0,0,5,0,0,0,0,0,0,0,0,0,0,0,0,0,0,0,0,0,0,0,0,0,0,0,0,0,0,0,0,2026-06-19 12:50:19.009475+00,2026-06-19 12:50:19.009475+00
16410,16412,t,-8871055492861991867,"SELECT RES_ENT_ID,OBS_ENT_ID,ERRULE_ID,MATCH_KEY FROM RES_ENT_OKEY WHERE RES_ENT_ID IN ($1)",0,0,0,0,0,0,6321883,244691.21011900777,0.00334,191.389508,0.038705431612544514,0.5397900860126591,7746015,31491390,0,0,0,0,0,0,0,0,0,0,0,0,0,0,0,0,0,0,0,0,0,0,0,0,0,0,0,0,2026-06-19 14:52:51.944827+00,2026-06-19 14:52:51.944827+00
16410,16412,t,199042775651734256,"SELECT RES_ENT_ID,LIB_FEAT_ID,FTYPE_ID,UTYPE_CODE,SUPPRESSED,OBS_ENT_CNT FROM RES_FEAT_EKEY WHERE RES_ENT_ID IN ($1,$2,$3,$4) AND FTYPE_ID IN ($5,$6,$7,$8,$9,$10,$11,$12,$13,$14,$15,$16,$17,$18,$19,$20,$21,$22)",0,0,0,0,0,0,639894,1555413.1646250254,0.037982999999999996,525.471394,2.4307356603203427,13.24441264411127,50977997,11904806,66702,0,0,0,0,0,0,0,0,1233505.3986099956,0,0,0,0,0,0,0,0,0,0,0,0,0,0,0,0,0,0,2026-06-19 14:52:42.422377+00,2026-06-19 14:52:42.422377+00
10,16384,t,-83283789966490879,select max(age(datfrozenxid)) from pg_database,0,0,0,0,0,0,642,217.10335100000006,0.005001,99.462219,0.3381672133956387,4.683266782255373,642,642,0,0,0,0,0,0,0,0,0,0,0,0,0,0,0,0,0,0,0,0,0,0,0,0,0,0,0,0,2026-06-19 12:48:52.357532+00,2026-06-19 12:48:52.357532+00
10,16384,t,3843361036677739611,"DECLARE ""query-cursor_219"" SCROLL CURSOR FOR select queryid, left(query, $1), calls, (total_plan_time + total_exec_time) as total_time from aurora_stat_statements($2) order by calls desc limit $3 FOR READ ONLY",0,0,0,0,0,0,1,0.080571,0.080571,0.080571,0.080571,0,0,0,0,0,0,0,0,0,0,0,0,0,0,0,0,0,0,0,0,0,0,0,0,0,0,0,0,0,0,0,2026-06-19 17:58:27.931819+00,2026-06-19 17:58:27.931819+00
10,16384,t,4515372764596033875,create extension pg_stat_statements,0,0,0,0,0,0,1,61.687743,61.687743,61.687743,61.687743,0,0,3411,48,0,10,0,0,0,0,0,0,38.763017,0.039332,0,0,0,0,0,0,0,0,0,0,0,0,0,0,0,0,0,2026-06-19 12:49:27.171747+00,2026-06-19 12:49:27.171747+00
10,16384,t,7414686987087965098,"FETCH 22 IN ""query-cursor_25""",0,0,0,0,0,0,1,0.002036,0.002036,0.002036,0.002036,0,22,0,0,0,0,0,0,0,0,0,0,0,0,0,0,0,0,0,0,0,0,0,0,0,0,0,0,0,0,0,2026-06-19 13:13:27.666253+00,2026-06-19 13:13:27.666253+00
16410,16412,t,7585479488588372943,"TRUNCATE perf.snap_scalar, perf.snap_statement, perf.snap_table",0,0,0,0,0,0,2,1163.977162,400.831532,763.14563,581.988581,181.157049,0,878,0,0,0,0,0,0,0,0,0,0,0,0,0,0,0,0,0,0,0,0,0,0,0,0,0,0,0,0,2026-06-19 15:40:11.201819+00,2026-06-19 15:40:11.201819+00
16410,16412,t,4747915590752137503,"SELECT LIB_FEAT_ID,FEAT_DESC,FTYPE_ID,ANONYMIZED,FEAT_HASH,VERSION,FELEM_VALUES FROM LIB_FEAT WHERE (FEAT_HASH=$1 AND FTYPE_ID=$2) UNION ALL SELECT LIB_FEAT_ID,FEAT_DESC,FTYPE_ID,ANONYMIZED,FEAT_HASH,VERSION,FELEM_VALUES FROM LIB_FEAT WHERE (FEAT_HASH=$3 AND FTYPE_ID=$4)",0,0,0,0,0,0,145698,120067.53689500269,0.016971,260.12876800000004,0.8240850038779028,4.498090595437979,283951,1717835,19174,0,0,0,0,0,0,0,0,92899.2587050004,0,0,0,0,0,0,0,0,0,0,0,0,0,0,0,0,0,0,2026-06-19 14:52:40.306227+00,2026-06-19 14:52:40.306227+00
16410,16412,t,-3508019060224945959,"SELECT OBS_ENT_ID,DSRC_ID,ENT_SRC_KEY,FEATURES FROM OBS_ENT WHERE OBS_ENT_ID IN ($1,$2)",0,0,0,0,0,0,3930683,592996.4787489682,0.007369,463.485547,0.15086347048311152,2.2659942386465333,7861366,37675730,38971,0,0,0,0,0,0,0,0,206891.58138500075,0,0,0,0,0,0,0,0,0,0,0,0,0,0,0,0,0,0,2026-06-19 14:53:03.706709+00,2026-06-19 14:53:03.706709+00
10,16384,t,3059918235774300950,"DECLARE ""query-cursor_110"" SCROLL CURSOR FOR select queryid, left(query, $1), calls, (total_plan_time + total_exec_time) as total_time from aurora_stat_statements($2) order by calls desc limit $3 FOR READ ONLY",0,0,0,0,0,0,1,0.064491,0.064491,0.064491,0.064491,0,0,0,0,0,0,0,0,0,0,0,0,0,0,0,0,0,0,0,0,0,0,0,0,0,0,0,0,0,0,0,2026-06-19 14:38:27.670567+00,2026-06-19 14:38:27.670567+00
10,16384,t,-8402403694733513457,"FETCH 50 IN ""query-cursor_24""",0,0,0,0,0,0,5,0.0186,0.002987,0.005271,0.0037199999999999998,0.0008436188712920067,250,0,0,0,0,0,0,0,0,0,0,0,0,0,0,0,0,0,0,0,0,0,0,0,0,0,0,0,0,0,2026-06-19 13:12:27.665148+00,2026-06-19 13:12:27.665148+00
16410,16412,t,5252839083571961941,SELECT pg_advisory_unlock($1),0,0,0,0,0,0,23443856,248342.57455889,0.000795,385.932052,0.010593077118324306,0.4072527211731062,23443856,0,0,0,0,0,0,0,0,0,0,0,0,0,0,0,0,0,0,0,0,0,0,0,0,0,0,0,0,0,2026-06-19 14:52:42.124924+00,2026-06-19 14:52:42.124924+00
10,16384,t,665671579635019280,"MOVE -2135 IN ""query-cursor_246""",0,0,0,0,0,0,1,0.23516,0.23516,0.23516,0.23516,0,0,0,0,0,0,0,0,0,0,0,0,0,0,0,0,0,0,0,0,0,0,0,0,0,0,0,0,0,0,0,2026-06-19 18:51:27.696814+00,2026-06-19 18:51:27.696814+00
10,16384,t,3352100097708546938,"FETCH 0 IN ""query-cursor_162""",0,0,0,0,0,0,1,0.005805,0.005805,0.005805,0.005805,0,0,0,0,0,0,0,0,0,0,0,0,0,0,0,0,0,0,0,0,0,0,0,0,0,0,0,0,0,0,0,2026-06-19 16:00:27.839124+00,2026-06-19 16:00:27.839124+00
10,16384,t,6554285274800593481,"DECLARE ""query-cursor_211"" SCROLL CURSOR FOR select queryid, left(query, $1), calls, (total_plan_time + total_exec_time) as total_time from aurora_stat_statements($2) order by calls desc limit $3 FOR READ ONLY",0,0,0,0,0,0,1,0.082215,0.082215,0.082215,0.082215,0,0,0,0,0,0,0,0,0,0,0,0,0,0,0,0,0,0,0,0,0,0,0,0,0,0,0,0,0,0,0,2026-06-19 17:42:27.729768+00,2026-06-19 17:42:27.729768+00
10,16384,t,8632432187557911035,"MOVE -2073 IN ""query-cursor_236""",0,0,0,0,0,0,1,0.133163,0.133163,0.133163,0.133163,0,0,0,0,0,0,0,0,0,0,0,0,0,0,0,0,0,0,0,0,0,0,0,0,0,0,0,0,0,0,0,2026-06-19 18:29:27.689863+00,2026-06-19 18:29:27.689863+00
10,16384,t,-4185669664088946700,"FETCH 0 IN ""query-cursor_99""",0,0,0,0,0,0,1,0.003862,0.003862,0.003862,0.003862,0,0,0,0,0,0,0,0,0,0,0,0,0,0,0,0,0,0,0,0,0,0,0,0,0,0,0,0,0,0,0,2026-06-19 14:27:27.669859+00,2026-06-19 14:27:27.669859+00
10,16384,t,4791725813765453901,"DECLARE ""query-cursor_83"" SCROLL CURSOR FOR select queryid, left(query, $1), calls, (total_plan_time + total_exec_time) as total_time from aurora_stat_statements($2) order by calls desc limit $3 FOR READ ONLY",0,0,0,0,0,0,1,0.062283,0.062283,0.062283,0.062283,0,0,0,0,0,0,0,0,0,0,0,0,0,0,0,0,0,0,0,0,0,0,0,0,0,0,0,0,0,0,0,2026-06-19 14:11:27.6686+00,2026-06-19 14:11:27.6686+00
16410,16412,t,8746778309527021788,"SELECT ENT_SRC_KEY,CONFIG_ID,FIRST_SEEN_DT,LAST_SEEN_DT,JSON_DATA FROM DSRC_RECORD WHERE DSRC_ID=$1 AND RECORD_ID=$2",0,0,0,0,0,0,18855823,1221347.744351933,0.007409,363.653279,0.06477297460587814,0.7245586962395392,18855823,91015419,5852,0,0,0,0,0,0,0,0,16580.579704999964,0,0,0,0,0,0,0,0,0,0,0,0,0,0,0,0,0,0,2026-06-19 14:52:51.894305+00,2026-06-19 14:52:51.894305+00
10,16384,t,-3592679143522408532,"MOVE ALL IN ""query-cursor_99""",0,0,0,0,0,0,1,1.564425,1.564425,1.564425,1.564425,0,0,0,0,0,0,0,0,0,0,0,0,0,0,0,0,0,0,0,0,0,0,0,0,0,0,0,0,0,0,0,2026-06-19 14:27:27.671467+00,2026-06-19 14:27:27.671467+00
10,16384,t,1498324430590871852,"FETCH 50 IN ""query-cursor_206""",0,0,0,0,0,0,37,0.597696,0.010511,0.032375,0.016153945945945946,0.0050128080221916,1850,0,0,0,0,0,0,0,0,0,0,0,0,0,0,0,0,0,0,0,0,0,0,0,0,0,0,0,0,0,2026-06-19 17:32:27.754927+00,2026-06-19 17:32:27.754927+00
10,16384,t,-1868467233657548169,"MOVE -1428 IN ""query-cursor_140""",0,0,0,0,0,0,1,0.146227,0.146227,0.146227,0.146227,0,0,0,0,0,0,0,0,0,0,0,0,0,0,0,0,0,0,0,0,0,0,0,0,0,0,0,0,0,0,0,2026-06-19 15:16:28.418972+00,2026-06-19 15:16:28.418972+00
16410,16412,t,-4821192363531739367,UPDATE RES_ENT SET LOCK_DSRC_ACTION=$1 WHERE RES_ENT_ID=$2,0,0,0,0,0,0,1193492,763409.0290450258,0.013369,1091.915401,0.639643189099739,5.2315817031748075,1193491,8301389,775,0,301,0,0,0,0,0,0,4400.113900000005,22.293010000000002,0,0,0,0,0,0,0,0,0,0,0,0,0,0,0,0,0,2026-06-19 14:53:04.499302+00,2026-06-19 14:53:04.499302+00
10,16384,t,1839318663830596454,"MOVE -1534 IN ""query-cursor_153""",0,0,0,0,0,0,1,0.243852,0.243852,0.243852,0.243852,0,0,0,0,0,0,0,0,0,0,0,0,0,0,0,0,0,0,0,0,0,0,0,0,0,0,0,0,0,0,0,2026-06-19 15:42:28.145484+00,2026-06-19 15:42:28.145484+00
10,16384,t,373205428226030594,"FETCH 2 IN ""query-cursor_143""",0,0,0,0,0,0,1,0.024259,0.024259,0.024259,0.024259,0,2,0,0,0,0,0,0,0,0,0,0,0,0,0,0,0,0,0,0,0,0,0,0,0,0,0,0,0,0,0,2026-06-19 15:22:27.951373+00,2026-06-19 15:22:27.951373+00
10,16384,t,587069638683392676,"MOVE -2040 IN ""query-cursor_231""",0,0,0,0,0,0,1,0.103405,0.103405,0.103405,0.103405,0,0,0,0,0,0,0,0,0,0,0,0,0,0,0,0,0,0,0,0,0,0,0,0,0,0,0,0,0,0,0,2026-06-19 18:22:27.688868+00,2026-06-19 18:22:27.688868+00
16410,16412,t,-5780199368849519553,"SELECT OBS_ENT_ID,DSRC_ID,ENT_SRC_KEY,FEATURES FROM OBS_ENT WHERE OBS_ENT_ID IN ($1,$2,$3,$4,$5,$6,$7,$8,$9,$10,$11,$12,$13,$14,$15,$16,$17,$18,$19,$20,$21,$22,$23,$24,$25,$26,$27,$28,$29,$30,$31,$32)",0,0,0,0,0,0,8,1.438717,0.138568,0.224265,0.179839625,0.026600939672958453,143,704,0,0,0,0,0,0,0,0,0,0,0,0,0,0,0,0,0,0,0,0,0,0,0,0,0,0,0,0,2026-06-19 17:17:08.439174+00,2026-06-19 17:17:08.439174+00
10,16384,t,1456837982054200475,"FETCH 50 IN ""query-cursor_174""",0,0,0,0,0,0,33,0.5686249999999997,0.01077,0.035305,0.017231060606060597,0.007149737621544794,1650,0,0,0,0,0,0,0,0,0,0,0,0,0,0,0,0,0,0,0,0,0,0,0,0,0,0,0,0,0,2026-06-19 16:26:27.760414+00,2026-06-19 16:26:27.760414+00
10,16384,t,-6481814257014673163,"DECLARE ""query-cursor_145"" SCROLL CURSOR FOR select queryid, left(query, $1), calls, (total_plan_time + total_exec_time) as total_time from aurora_stat_statements($2) order by calls desc limit $3 FOR READ ONLY",0,0,0,0,0,0,1,0.09603,0.09603,0.09603,0.09603,0,0,0,0,0,0,0,0,0,0,0,0,0,0,0,0,0,0,0,0,0,0,0,0,0,0,0,0,0,0,0,2026-06-19 15:26:27.751616+00,2026-06-19 15:26:27.751616+00
16410,16412,t,8905256625330526101,"SELECT RES_ENT_ID,LIB_FEAT_ID,FTYPE_ID,UTYPE_CODE,SUPPRESSED,OBS_ENT_CNT FROM RES_FEAT_EKEY WHERE RES_ENT_ID IN ($1) AND FTYPE_ID IN ($2,$3,$4,$5,$6,$7,$8,$9,$10,$11,$12,$13,$14,$15,$16,$17,$18,$19,$20,$21,$22,$23,$24,$25,$26,$27,$28,$29,$30,$31,$32,$33,$34,$35,$36,$37,$38,$39,$40,$41,$42,$43,$44,$45,$46,$47,$48,$49,$50,$51,$52,$53)",0,0,0,0,0,0,273538,25923.305085000156,0.00613,82.22447,0.09477039784234789,1.2965096668260454,101482,1380043,0,0,0,0,0,0,0,0,0,0,0,0,0,0,0,0,0,0,0,0,0,0,0,0,0,0,0,0,2026-06-19 14:52:45.144776+00,2026-06-19 14:52:45.144776+00
10,16384,t,4133261074245451951,"DECLARE ""query-cursor_90"" SCROLL CURSOR FOR select queryid, left(query, $1), calls, (total_plan_time + total_exec_time) as total_time from aurora_stat_statements($2) order by calls desc limit $3 FOR READ ONLY",0,0,0,0,0,0,1,0.06556,0.06556,0.06556,0.06556,0,0,0,0,0,0,0,0,0,0,0,0,0,0,0,0,0,0,0,0,0,0,0,0,0,0,0,0,0,0,0,2026-06-19 14:18:27.669096+00,2026-06-19 14:18:27.669096+00
10,16384,t,4751993621213474041,"MOVE ALL IN ""query-cursor_181""",0,0,0,0,0,0,1,244.269927,244.269927,244.269927,244.269927,0,0,0,0,0,0,0,0,0,0,0,0,0,0,0,0,0,0,0,0,0,0,0,0,0,0,0,0,0,0,0,2026-06-19 16:42:27.977165+00,2026-06-19 16:42:27.977165+00
10,16384,t,943563271536970001,"FETCH 45 IN ""query-cursor_176""",0,0,0,0,0,0,1,0.014274,0.014274,0.014274,0.014274,0,45,0,0,0,0,0,0,0,0,0,0,0,0,0,0,0,0,0,0,0,0,0,0,0,0,0,0,0,0,0,2026-06-19 16:30:27.745411+00,2026-06-19 16:30:27.745411+00
10,16384,t,3338244113184538040,select * from rds_get_stat_connections_counters() limit $1,0,0,0,0,0,0,1,0.026926,0.026926,0.026926,0.026926,0,1,0,0,0,0,0,0,0,0,0,0,0,0,0,0,0,0,0,0,0,0,0,0,0,0,0,0,0,0,0,2026-06-19 12:50:37.664116+00,2026-06-19 12:50:37.664116+00
16410,16412,t,-8343583779223196694,"INSERT INTO RES_REL_EKEY(RES_REL_ID,RES_ENT_ID,REL_ENT_ID) VALUES ($1,$2,$3),($4,$5,$6),($7,$8,$9),($10,$11,$12),($13,$14,$15),($16,$17,$18),($19,$20,$21),($22,$23,$24) ON CONFLICT DO NOTHING",0,0,0,0,0,0,770811,3970510.568680911,0.086093,601.189701,5.151081871795954,16.248050886237984,6166464,57898247,12336,0,56674,0,0,0,0,0,0,379629.63095299987,8942.194209999918,0,0,0,0,0,0,0,0,0,0,0,0,0,0,0,0,0,2026-06-19 14:52:42.060461+00,2026-06-19 14:52:42.060461+00
16410,16412,t,-1160734075211199696,"INSERT INTO RES_ENT_OKEY(OBS_ENT_ID,RES_ENT_ID,ERRULE_ID,MATCH_KEY) VALUES ($1,$2,$3,$4) ON CONFLICT DO NOTHING",0,0,0,0,0,0,25426959,29620185.965185206,0.013663,1102.541173,1.1649126411532424,6.9810895960853045,25426737,300286314,19332,0,442291,0,0,0,0,0,0,701793.4676709987,79712.75918399928,0,0,0,0,0,0,0,0,0,0,0,0,0,0,0,0,0,2026-06-19 14:52:39.542636+00,2026-06-19 14:52:39.542636+00
10,16384,t,-6447179967587810146,"MOVE ALL IN ""query-cursor_59""",0,0,0,0,0,0,1,0.947826,0.947826,0.947826,0.947826,0,0,0,0,0,0,0,0,0,0,0,0,0,0,0,0,0,0,0,0,0,0,0,0,0,0,0,0,0,0,0,2026-06-19 13:47:27.667931+00,2026-06-19 13:47:27.667931+00
10,16384,t,-2730698344129733524,"FETCH 50 IN ""query-cursor_123""",0,0,0,0,0,0,17,0.056866,0.002703,0.006404,0.003345058823529412,0.0008136877902913408,850,0,0,0,0,0,0,0,0,0,0,0,0,0,0,0,0,0,0,0,0,0,0,0,0,0,0,0,0,0,2026-06-19 14:51:27.673577+00,2026-06-19 14:51:27.673577+00
10,16384,t,1480452116176088034,SELECT count(*) FROM pg_catalog.pg_class c JOIN pg_catalog.pg_namespace n ON n.oid = c.relnamespace WHERE n.nspname = $1 AND c.relname = $2,0,0,0,0,0,0,1128,301.7431879999999,0.010201,261.532836,0.2675028262411347,7.7826370186417195,1128,5637,3,0,0,0,0,0,0,0,0,262.887501,0,0,0,0,0,0,0,0,0,0,0,0,0,0,0,0,0,0,2026-06-19 12:48:52.264572+00,2026-06-19 12:48:52.264572+00
16410,16412,t,5157551569687287812,"INSERT INTO RES_FEAT_EKEY(RES_ENT_ID,LIB_FEAT_ID,FTYPE_ID,UTYPE_CODE,SUPPRESSED,OBS_ENT_CNT) VALUES ($1,$2,$3,$4,$5,$6),($7,$8,$9,$10,$11,$12),($13,$14,$15,$16,$17,$18),($19,$20,$21,$22,$23,$24),($25,$26,$27,$28,$29,$30),($31,$32,$33,$34,$35,$36),($37,$38,$39,$40,$41,$42) ON CONFLICT DO NOTHING",0,0,0,0,0,0,2310787,19414542.41325822,0.042912,1577.245982,8.401701417421087,23.59570446390923,16172190,223811985,17102,0,222899,0,0,0,0,0,0,379351.1235599989,26923.031668999996,0,0,0,0,0,0,0,0,0,0,0,0,0,0,0,0,0,2026-06-19 14:52:39.577456+00,2026-06-19 14:52:39.577456+00
10,16384,t,-1285575348140865314,"MOVE ALL IN ""query-cursor_172""",0,0,0,0,0,0,1,17.309743,17.309743,17.309743,17.309743,0,0,0,0,0,0,0,0,0,0,0,0,0,0,0,0,0,0,0,0,0,0,0,0,0,0,0,0,0,0,0,2026-06-19 16:20:28.954699+00,2026-06-19 16:20:28.954699+00
10,16384,t,-2532399276659948385,"DECLARE ""query-cursor_40"" SCROLL CURSOR FOR select queryid, left(query, $1), calls, (total_plan_time + total_exec_time) as total_time from aurora_stat_statements($2) order by calls desc limit $3 FOR READ ONLY",0,0,0,0,0,0,1,0.063647,0.063647,0.063647,0.063647,0,0,0,0,0,0,0,0,0,0,0,0,0,0,0,0,0,0,0,0,0,0,0,0,0,0,0,0,0,0,0,2026-06-19 13:28:27.665555+00,2026-06-19 13:28:27.665555+00
10,16384,t,8802603764201303807,"FETCH 0 IN ""query-cursor_218""",0,0,0,0,0,0,1,0.009387,0.009387,0.009387,0.009387,0,0,0,0,0,0,0,0,0,0,0,0,0,0,0,0,0,0,0,0,0,0,0,0,0,0,0,0,0,0,0,2026-06-19 17:56:27.706335+00,2026-06-19 17:56:27.706335+00
10,16384,t,-1895649104986546290,"DECLARE ""query-cursor_108"" SCROLL CURSOR FOR select queryid, left(query, $1), calls, (total_plan_time + total_exec_time) as total_time from aurora_stat_statements($2) order by calls desc limit $3 FOR READ ONLY",0,0,0,0,0,0,1,0.066593,0.066593,0.066593,0.066593,0,0,0,0,0,0,0,0,0,0,0,0,0,0,0,0,0,0,0,0,0,0,0,0,0,0,0,0,0,0,0,2026-06-19 14:36:27.670414+00,2026-06-19 14:36:27.670414+00
10,16412,t,1623369012368112450,SET application_name = $1,0,0,0,0,0,0,3,0.03841,0.011673,0.014537,0.012803333333333333,0.0012446237271650504,0,0,0,0,0,0,0,0,0,0,0,0,0,0,0,0,0,0,0,0,0,0,0,0,0,0,0,0,0,0,2026-06-19 13:45:00.100191+00,2026-06-19 13:45:00.100191+00
10,16384,t,7647560874476592644,"FETCH 35 IN ""query-cursor_135""",0,0,0,0,0,0,1,0.01012,0.01012,0.01012,0.01012,0,35,0,0,0,0,0,0,0,0,0,0,0,0,0,0,0,0,0,0,0,0,0,0,0,0,0,0,0,0,0,2026-06-19 15:06:27.696335+00,2026-06-19 15:06:27.696335+00
10,16384,t,-4733455336980520785,"FETCH 50 IN ""query-cursor_121""",0,0,0,0,0,0,17,0.052967999999999994,0.002712,0.005544,0.0031157647058823526,0.0006364376527305317,850,0,0,0,0,0,0,0,0,0,0,0,0,0,0,0,0,0,0,0,0,0,0,0,0,0,0,0,0,0,2026-06-19 14:49:27.673365+00,2026-06-19 14:49:27.673365+00
10,16384,t,-830820024416248842,"DECLARE ""query-cursor_250"" SCROLL CURSOR FOR select queryid, left(query, $1), calls, (total_plan_time + total_exec_time) as total_time from aurora_stat_statements($2) order by calls desc limit $3 FOR READ ONLY",0,0,0,0,0,0,1,0.071932,0.071932,0.071932,0.071932,0,0,0,0,0,0,0,0,0,0,0,0,0,0,0,0,0,0,0,0,0,0,0,0,0,0,0,0,0,0,0,2026-06-19 18:59:27.681796+00,2026-06-19 18:59:27.681796+00
10,16384,t,1913342012676431259,select sum(used_bytes) as volume_bytes_used from aurora_stat_file(),0,0,0,0,0,0,255,694.6352110000004,0.8047,75.31438299999999,2.7240596509803936,6.783058246105442,255,0,0,0,0,0,0,0,0,0,0,0,0,0,0,0,0,0,0,0,0,0,0,0,0,0,0,0,0,0,2026-06-19 12:49:27.234757+00,2026-06-19 12:49:27.234757+00
10,16384,t,6451639769391870573,"FETCH 0 IN ""query-cursor_235""",0,0,0,0,0,0,1,0.008816,0.008816,0.008816,0.008816,0,0,0,0,0,0,0,0,0,0,0,0,0,0,0,0,0,0,0,0,0,0,0,0,0,0,0,0,0,0,0,2026-06-19 18:28:27.684056+00,2026-06-19 18:28:27.684056+00
10,16384,t,5076309368508058006,"DECLARE ""query-cursor_71"" SCROLL CURSOR FOR select queryid, left(query, $1), calls, (total_plan_time + total_exec_time) as total_time from aurora_stat_statements($2) order by calls desc limit $3 FOR READ ONLY",0,0,0,0,0,0,1,0.067221,0.067221,0.067221,0.067221,0,0,0,0,0,0,0,0,0,0,0,0,0,0,0,0,0,0,0,0,0,0,0,0,0,0,0,0,0,0,0,2026-06-19 13:59:27.667771+00,2026-06-19 13:59:27.667771+00
10,16384,t,-3174125509690438047,"FETCH 0 IN ""query-cursor_84""",0,0,0,0,0,0,1,0.003967,0.003967,0.003967,0.003967,0,0,0,0,0,0,0,0,0,0,0,0,0,0,0,0,0,0,0,0,0,0,0,0,0,0,0,0,0,0,0,2026-06-19 14:12:27.668675+00,2026-06-19 14:12:27.668675+00
10,16384,t,-3341192871666062201,"MOVE ALL IN ""query-cursor_159""",0,0,0,0,0,0,1,8.2433,8.2433,8.2433,8.2433,0,0,0,0,0,0,0,0,0,0,0,0,0,0,0,0,0,0,0,0,0,0,0,0,0,0,0,0,0,0,0,2026-06-19 15:54:27.955758+00,2026-06-19 15:54:27.955758+00
10,16384,t,5218834865734281452,"FETCH 20 IN ""query-cursor_130""",0,0,0,0,0,0,1,0.006756,0.006756,0.006756,0.006756,0,20,0,0,0,0,0,0,0,0,0,0,0,0,0,0,0,0,0,0,0,0,0,0,0,0,0,0,0,0,0,2026-06-19 14:58:27.69025+00,2026-06-19 14:58:27.69025+00
10,16384,t,6448355791224633608,"FETCH 0 IN ""query-cursor_230""",0,0,0,0,0,0,1,0.004618,0.004618,0.004618,0.004618,0,0,0,0,0,0,0,0,0,0,0,0,0,0,0,0,0,0,0,0,0,0,0,0,0,0,0,0,0,0,0,2026-06-19 18:20:27.680251+00,2026-06-19 18:20:27.680251+00
10,16384,t,6177898695605271859,"MOVE ALL IN ""query-cursor_141""",0,0,0,0,0,0,1,7.881664,7.881664,7.881664,7.881664,0,0,0,0,0,0,0,0,0,0,0,0,0,0,0,0,0,0,0,0,0,0,0,0,0,0,0,0,0,0,0,2026-06-19 15:18:27.700766+00,2026-06-19 15:18:27.700766+00
16410,16412,t,9112991111737653152,"INSERT INTO RES_REL_EKEY(RES_REL_ID,RES_ENT_ID,REL_ENT_ID) VALUES ($1,$2,$3),($4,$5,$6),($7,$8,$9),($10,$11,$12),($13,$14,$15),($16,$17,$18),($19,$20,$21),($22,$23,$24),($25,$26,$27),($28,$29,$30),($31,$32,$33),($34,$35,$36),($37,$38,$39),($40,$41,$42),($43,$44,$45),($46,$47,$48),($49,$50,$51),($52,$53,$54),($55,$56,$57),($58,$59,$60),($61,$62,$63),($64,$65,$66),($67,$68,$69),($70,$71,$72),($73,$74,$75),($76,$77,$78),($79,$80,$81),($82,$83,$84) ON CONFLICT DO NOTHING",0,0,0,0,0,0,173,2939.8224160000013,0.468199,280.743787,16.99319315606937,38.96528552360609,4844,45112,8,0,32,0,0,0,0,0,0,452.452507,0.2741970000000001,0,0,0,0,0,0,0,0,0,0,0,0,0,0,0,0,0,2026-06-19 15:02:02.887514+00,2026-06-19 15:02:02.887514+00
16410,16412,t,-844303885860246967,SELECT pg_advisory_unlock_all(),0,0,0,0,0,0,31321796,141486.117360028,0.0006349999999999999,80.553902,0.0045171776663135155,0.11330474136423883,31321796,0,0,0,0,0,0,0,0,0,0,0,0,0,0,0,0,0,0,0,0,0,0,0,0,0,0,0,0,0,2026-06-19 14:52:39.535564+00,2026-06-19 14:52:39.535564+00
10,16384,t,7169619445768926464,"DECLARE ""query-cursor_58"" SCROLL CURSOR FOR select queryid, left(query, $1), calls, (total_plan_time + total_exec_time) as total_time from aurora_stat_statements($2) order by calls desc limit $3 FOR READ ONLY",0,0,0,0,0,0,1,0.064064,0.064064,0.064064,0.064064,0,0,0,0,0,0,0,0,0,0,0,0,0,0,0,0,0,0,0,0,0,0,0,0,0,0,0,0,0,0,0,2026-06-19 13:46:27.666811+00,2026-06-19 13:46:27.666811+00
16410,16412,t,586464215286849306,"SELECT LIB_FEAT_ID,UTYPE_CODE,RES_ENT_ID,OBS_ENT_CNT FROM RES_FEAT_EKEY WHERE LIB_FEAT_ID IN ($1,$2,$3,$4) AND RES_ENT_ID!=$5",0,0,0,0,0,0,29575,120727.69291599984,0.005594,513.045972,4.082085981944204,18.83833833120719,43645,210648,8141,0,0,0,0,0,0,0,0,89001.63900599928,0,0,0,0,0,0,0,0,0,0,0,0,0,0,0,0,0,0,2026-06-19 14:52:41.289492+00,2026-06-19 14:52:41.289492+00
10,16384,t,6519749180958160288,"DECLARE ""query-cursor_103"" SCROLL CURSOR FOR select queryid, left(query, $1), calls, (total_plan_time + total_exec_time) as total_time from aurora_stat_statements($2) order by calls desc limit $3 FOR READ ONLY",0,0,0,0,0,0,1,0.063698,0.063698,0.063698,0.063698,0,0,0,0,0,0,0,0,0,0,0,0,0,0,0,0,0,0,0,0,0,0,0,0,0,0,0,0,0,0,0,2026-06-19 14:31:27.670053+00,2026-06-19 14:31:27.670053+00
10,16384,t,-5877002393846060561,"DECLARE ""query-cursor_26"" SCROLL CURSOR FOR select queryid, left(query, $1), calls, (total_plan_time + total_exec_time) as total_time from aurora_stat_statements($2) order by calls desc limit $3 FOR READ ONLY",0,0,0,0,0,0,1,0.063417,0.063417,0.063417,0.063417,0,0,0,0,0,0,0,0,0,0,0,0,0,0,0,0,0,0,0,0,0,0,0,0,0,0,0,0,0,0,0,2026-06-19 13:14:27.66457+00,2026-06-19 13:14:27.66457+00
16410,16412,t,5504594372967424894,SELECT pg_advisory_lock($1),0,0,0,0,0,0,807,290076.6227880004,0.002759,2312.160912,359.45058585873653,350.423724359771,807,0,0,0,0,0,0,0,0,0,0,0,0,0,0,0,0,0,0,0,0,0,0,0,0,0,0,0,0,0,2026-06-19 14:59:26.59856+00,2026-06-19 14:59:26.59856+00
10,16384,t,-4461371459404340541,"MOVE -1435 IN ""query-cursor_141""",0,0,0,0,0,0,1,0.097489,0.097489,0.097489,0.097489,0,0,0,0,0,0,0,0,0,0,0,0,0,0,0,0,0,0,0,0,0,0,0,0,0,0,0,0,0,0,0,2026-06-19 15:18:27.701+00,2026-06-19 15:18:27.701+00
16410,16412,t,867376458033248002,"SELECT RES_ENT_ID,LIB_FEAT_ID,FTYPE_ID,UTYPE_CODE,SUPPRESSED,OBS_ENT_CNT FROM RES_FEAT_EKEY WHERE RES_ENT_ID IN ($1,$2,$3,$4,$5,$6,$7,$8,$9,$10,$11,$12,$13,$14,$15,$16) AND FTYPE_ID IN ($17,$18,$19,$20,$21,$22,$23,$24,$25,$26,$27,$28,$29,$30,$31,$32,$33,$34,$35)",0,0,0,0,0,0,184428,1509996.7039309996,0.105797,573.04127,8.18745908392977,24.84600638860622,48149297,10687003,69958,0,0,0,0,0,0,0,0,1203497.513427,0,0,0,0,0,0,0,0,0,0,0,0,0,0,0,0,0,0,2026-06-19 14:52:43.444026+00,2026-06-19 14:52:43.444026+00
10,16384,t,5875446393565899983,"FETCH 50 IN ""query-cursor_210""",0,0,0,0,0,0,38,0.6910200000000002,0.010896,0.035646,0.018184736842105267,0.0067699185398356985,1900,0,0,0,0,0,0,0,0,0,0,0,0,0,0,0,0,0,0,0,0,0,0,0,0,0,0,0,0,0,2026-06-19 17:40:27.755339+00,2026-06-19 17:40:27.755339+00
10,16384,t,8629714491427588463,"FETCH 49 IN ""query-cursor_93""",0,0,0,0,0,0,1,0.003491,0.003491,0.003491,0.003491,0,49,0,0,0,0,0,0,0,0,0,0,0,0,0,0,0,0,0,0,0,0,0,0,0,0,0,0,0,0,0,2026-06-19 14:21:27.673307+00,2026-06-19 14:21:27.673307+00
10,16384,t,506621208351671279,"DECLARE ""query-cursor_147"" SCROLL CURSOR FOR select queryid, left(query, $1), calls, (total_plan_time + total_exec_time) as total_time from aurora_stat_statements($2) order by calls desc limit $3 FOR READ ONLY",0,0,0,0,0,0,1,0.079075,0.079075,0.079075,0.079075,0,0,0,0,0,0,0,0,0,0,0,0,0,0,0,0,0,0,0,0,0,0,0,0,0,0,0,0,0,0,0,2026-06-19 15:30:27.939825+00,2026-06-19 15:30:27.939825+00
16410,16412,t,390449931190990234,DELETE FROM RES_FEAT_EKEY WHERE RES_ENT_ID=$1 AND ((LIB_FEAT_ID=$2 AND UTYPE_CODE=$3)OR(LIB_FEAT_ID=$4 AND UTYPE_CODE=$5)OR(LIB_FEAT_ID=$6 AND UTYPE_CODE=$7)OR(LIB_FEAT_ID=$8 AND UTYPE_CODE=$9)OR(LIB_FEAT_ID=$10 AND UTYPE_CODE=$11)OR(LIB_FEAT_ID=$12 AND UTYPE_CODE=$13)OR(LIB_FEAT_ID=$14 AND UTYPE_CODE=$15)OR(LIB_FEAT_ID=$16 AND UTYPE_CODE=$17)OR(LIB_FEAT_ID=$18 AND UTYPE_CODE=$19)OR(LIB_FEAT_ID=$20 AND UTYPE_CODE=$21)OR(LIB_FEAT_ID=$22 AND UTYPE_CODE=$23)OR(LIB_FEAT_ID=$24 AND UTYPE_CODE=$25)OR(LIB_FEAT_ID=$26 AND UTYPE_CODE=$27)OR(LIB_FEAT_ID=$28 AND UTYPE_CODE=$29)OR(LIB_FEAT_ID=$30 AND UTYPE_CODE=$31)OR(LIB_FEAT_ID=$32 AND UTYPE_CODE=$33)OR(LIB_FEAT_ID=$34 AND UTYPE_CODE=$35)OR(LIB_FEAT_ID=$36 AND UTYPE_CODE=$37)OR(LIB_FEAT_ID=$38 AND UTYPE_CODE=$39)OR(LIB_FEAT_ID=$40 AND UTYPE_CODE=$41)OR(LIB_FEAT_ID=$42 AND UTYPE_CODE=$43)OR(LIB_FEAT_ID=$44 AND UTYPE_CODE=$45)OR(LIB_FEAT_ID=$46 AND UTYPE_CODE=$47)OR(LIB_FEAT_ID=$48 AND UTYPE_CODE=$49)OR(LIB_FEAT_ID=$50 AND UTYPE_CODE=$51)OR(LIB_FEAT_ID=$52 AND UTYPE_CODE=$53)OR(LIB_FEAT_ID=$54 AND UTYPE_CODE=$55)OR(LIB_FEAT_ID=$56 AND UTYPE_CODE=$57)OR(LIB_FEAT_ID=$58 AND UTYPE_CODE=$59)OR(LIB_FEAT_ID=$60 AND UTYPE_CODE=$61)OR(LIB_FEAT_ID=$62 AND UTYPE_CODE=$63)OR(LIB_FEAT_ID=$64 AND UTYPE_CODE=$65)OR(LIB_FEAT_ID=$66 AND UTYPE_CODE=$67)OR(LIB_FEAT_ID=$68 AND UTYPE_CODE=$69)OR(LIB_FEAT_ID=$70 AND UTYPE_CODE=$71)OR(LIB_FEAT_ID=$72 AND UTYPE_CODE=$73)OR(LIB_FEAT_ID=$74 AND UTYPE_CODE=$75)OR(LIB_FEAT_ID=$76 AND UTYPE_CODE=$77)OR(LIB_FEAT_ID=$78 AND UTYPE_CODE=$79)OR(LIB_FEAT_ID=$80 AND UTYPE_CODE=$81)OR(LIB_FEAT_ID=$82 AND UTYPE_CODE=$83)OR(LIB_FEAT_ID=$84 AND UTYPE_CODE=$85)),0,0,0,0,0,0,3058,116323.27559900004,0.012509,407.736563,38.03900444702421,65.79967688870886,73744,553089,1403,0,0,0,0,0,0,0,0,74920.94086600009,0,0,0,0,0,0,0,0,0,0,0,0,0,0,0,0,0,0,2026-06-19 14:53:16.71798+00,2026-06-19 14:53:16.71798+00
10,16384,t,2650836129295642634,"FETCH 17 IN ""query-cursor_16""",0,0,0,0,0,0,1,0.002165,0.002165,0.002165,0.002165,0,17,0,0,0,0,0,0,0,0,0,0,0,0,0,0,0,0,0,0,0,0,0,0,0,0,0,0,0,0,0,2026-06-19 13:04:27.66525+00,2026-06-19 13:04:27.66525+00
10,16384,t,7357715305764388097,"select queryid, calls, (total_plan_time + total_exec_time) as total_time, rows, shared_blks_hit, shared_blks_dirtied, shared_blks_read, shared_blks_written, local_blks_hit, local_blks_dirtied, local_blks_read, local_blks_written, temp_blks_read, temp_blks_written, storage_blks_read, orcache_blks_hit, shared_blk_read_time as blk_read_time, shared_blk_write_time as blk_write_time, storage_blk_read_time, local_blk_read_time, orcache_blk_read_time, total_plan_time, total_exec_time from aurora_stat_statements($1) where queryid in ($2, $3, $4, $5, $6, $7, $8, $9, $10, $11, $12, $13, $14, $15, $16, $17, $18, $19, $20, $21, $22)",0,0,0,0,0,0,2,0.482595,0.23350300000000002,0.249092,0.2412975,0.007794500000000003,46,0,0,0,0,0,0,0,0,0,0,0,0,0,0,0,0,0,0,0,0,0,0,0,0,0,0,0,0,0,2026-06-19 12:54:37.69434+00,2026-06-19 12:54:37.69434+00
10,16384,t,-9024892231659675195,"DECLARE ""query-cursor_190"" SCROLL CURSOR FOR select queryid, left(query, $1), calls, (total_plan_time + total_exec_time) as total_time from aurora_stat_statements($2) order by calls desc limit $3 FOR READ ONLY",0,0,0,0,0,0,1,0.102419,0.102419,0.102419,0.102419,0,0,0,0,0,0,0,0,0,0,0,0,0,0,0,0,0,0,0,0,0,0,0,0,0,0,0,0,0,0,0,2026-06-19 17:00:27.826512+00,2026-06-19 17:00:27.826512+00
10,16384,t,-3749168379921708714,"MOVE ALL IN ""query-cursor_97""",0,0,0,0,0,0,1,1.521072,1.521072,1.521072,1.521072,0,0,0,0,0,0,0,0,0,0,0,0,0,0,0,0,0,0,0,0,0,0,0,0,0,0,0,0,0,0,0,2026-06-19 14:25:27.671225+00,2026-06-19 14:25:27.671225+00
10,16384,t,-1981290418723939878,"FETCH 50 IN ""query-cursor_131""",0,0,0,0,0,0,26,0.5206670000000001,0.01169,0.038306,0.02002565384615385,0.007338865333290802,1300,0,0,0,0,0,0,0,0,0,0,0,0,0,0,0,0,0,0,0,0,0,0,0,0,0,0,0,0,0,2026-06-19 14:59:27.706681+00,2026-06-19 14:59:27.706681+00
10,16384,t,-4388372666238620578,"FETCH 2 IN ""query-cursor_241""",0,0,0,0,0,0,1,0.005207,0.005207,0.005207,0.005207,0,2,0,0,0,0,0,0,0,0,0,0,0,0,0,0,0,0,0,0,0,0,0,0,0,0,0,0,0,0,0,2026-06-19 18:39:27.715985+00,2026-06-19 18:39:27.715985+00
10,16384,t,6179683617003889656,"FETCH 0 IN ""query-cursor_167""",0,0,0,0,0,0,1,0.004776,0.004776,0.004776,0.004776,0,0,0,0,0,0,0,0,0,0,0,0,0,0,0,0,0,0,0,0,0,0,0,0,0,0,0,0,0,0,0,2026-06-19 16:10:27.911466+00,2026-06-19 16:10:27.911466+00
10,16384,t,8161599021578207176,"FETCH 0 IN ""query-cursor_146""",0,0,0,0,0,0,1,0.009294,0.009294,0.009294,0.009294,0,0,0,0,0,0,0,0,0,0,0,0,0,0,0,0,0,0,0,0,0,0,0,0,0,0,0,0,0,0,0,2026-06-19 15:28:27.953131+00,2026-06-19 15:28:27.953131+00
10,16384,t,-9018778587115562672,"MOVE ALL IN ""query-cursor_146""",0,0,0,0,0,0,1,70.803104,70.803104,70.803104,70.803104,0,0,0,0,0,0,0,0,0,0,0,0,0,0,0,0,0,0,0,0,0,0,0,0,0,0,0,0,0,0,0,2026-06-19 15:28:28.030554+00,2026-06-19 15:28:28.030554+00
16410,16412,t,4133089191529234506,"DELETE FROM RES_RELATE WHERE RES_REL_ID IN ($1,$2,$3,$4,$5,$6,$7,$8,$9,$10,$11,$12,$13,$14,$15,$16)",0,0,0,0,0,0,12399,31152.05177400007,0.037103,250.125848,2.5124648579724225,8.3907033531971,125549,477432,0,0,0,0,0,0,0,0,0,0,0,0,0,0,0,0,0,0,0,0,0,0,0,0,0,0,0,0,2026-06-19 14:53:04.037013+00,2026-06-19 14:53:04.037013+00
10,16384,t,-7032889355519069429,"FETCH 50 IN ""query-cursor_99""",0,0,0,0,0,0,14,0.04469200000000001,0.002727,0.005843,0.0031922857142857148,0.0007520687115807808,700,0,0,0,0,0,0,0,0,0,0,0,0,0,0,0,0,0,0,0,0,0,0,0,0,0,0,0,0,0,2026-06-19 14:27:27.671583+00,2026-06-19 14:27:27.671583+00
10,16384,t,-8335502988052774165,"MOVE -1528 IN ""query-cursor_152""",0,0,0,0,0,0,1,0.089094,0.089094,0.089094,0.089094,0,0,0,0,0,0,0,0,0,0,0,0,0,0,0,0,0,0,0,0,0,0,0,0,0,0,0,0,0,0,0,2026-06-19 15:40:27.707001+00,2026-06-19 15:40:27.707001+00
10,16384,t,2367376648110697170,select estimated_fixed_memory from apg_aco_get_estimated_memory($1),0,0,0,0,0,0,376,15.321916,0.02699,0.635638,0.04074977659574468,0.03192936411686799,376,0,0,0,0,0,0,0,0,0,0,0,0,0,0,0,0,0,0,0,0,0,0,0,0,0,0,0,0,0,2026-06-19 12:48:52.355692+00,2026-06-19 12:48:52.355692+00
10,16384,t,4303588927309504689,"FETCH 34 IN ""query-cursor_246""",0,0,0,0,0,0,1,0.009378,0.009378,0.009378,0.009378,0,34,0,0,0,0,0,0,0,0,0,0,0,0,0,0,0,0,0,0,0,0,0,0,0,0,0,0,0,0,0,2026-06-19 18:51:27.723317+00,2026-06-19 18:51:27.723317+00
10,16384,t,2516959300084798559,"DECLARE ""query-cursor_128"" SCROLL CURSOR FOR select queryid, left(query, $1), calls, (total_plan_time + total_exec_time) as total_time from aurora_stat_statements($2) order by calls desc limit $3 FOR READ ONLY",0,0,0,0,0,0,1,0.050928,0.050928,0.050928,0.050928,0,0,0,0,0,0,0,0,0,0,0,0,0,0,0,0,0,0,0,0,0,0,0,0,0,0,0,0,0,0,0,2026-06-19 14:56:27.671797+00,2026-06-19 14:56:27.671797+00
10,16384,t,1761846946532074262,"MOVE ALL IN ""query-cursor_139""",0,0,0,0,0,0,1,10.932938,10.932938,10.932938,10.932938,0,0,0,0,0,0,0,0,0,0,0,0,0,0,0,0,0,0,0,0,0,0,0,0,0,0,0,0,0,0,0,2026-06-19 15:14:27.707206+00,2026-06-19 15:14:27.707206+00
10,16384,t,-2071229969732990453,"FETCH 50 IN ""query-cursor_145""",0,0,0,0,0,0,29,0.5074110000000001,0.010151,0.032484,0.01749693103448276,0.006022579164141158,1450,0,0,0,0,0,0,0,0,0,0,0,0,0,0,0,0,0,0,0,0,0,0,0,0,0,0,0,0,0,2026-06-19 15:26:27.841365+00,2026-06-19 15:26:27.841365+00
10,16384,t,2503947879849033692,"FETCH 50 IN ""query-cursor_218""",0,0,0,0,0,0,39,0.668378,0.01124,0.028251,0.017137897435897435,0.004976732151980606,1950,0,0,0,0,0,0,0,0,0,0,0,0,0,0,0,0,0,0,0,0,0,0,0,0,0,0,0,0,0,2026-06-19 17:56:27.739985+00,2026-06-19 17:56:27.739985+00
10,16384,t,-74149798017933291,"FETCH 0 IN ""query-cursor_53""",0,0,0,0,0,0,1,0.00349,0.00349,0.00349,0.00349,0,0,0,0,0,0,0,0,0,0,0,0,0,0,0,0,0,0,0,0,0,0,0,0,0,0,0,0,0,0,0,2026-06-19 13:41:27.666512+00,2026-06-19 13:41:27.666512+00
10,16384,t,-2264318040145547271,"MOVE ALL IN ""query-cursor_65""",0,0,0,0,0,0,1,1.161298,1.161298,1.161298,1.161298,0,0,0,0,0,0,0,0,0,0,0,0,0,0,0,0,0,0,0,0,0,0,0,0,0,0,0,0,0,0,0,2026-06-19 13:53:27.668579+00,2026-06-19 13:53:27.668579+00
16410,16412,t,8045183438110623580,"SELECT RES_ENT_ID,LIB_FEAT_ID,FTYPE_ID,UTYPE_CODE,SUPPRESSED,OBS_ENT_CNT FROM RES_FEAT_EKEY WHERE RES_ENT_ID IN ($1) AND FTYPE_ID IN ($2,$3,$4,$5,$6,$7,$8,$9,$10,$11,$12,$13,$14,$15,$16,$17,$18,$19,$20,$21,$22)",0,0,0,0,0,0,33199,8615.098741999975,0.016652,358.560121,0.2594987421910291,3.5409435499793167,814716,172801,230,0,0,0,0,0,0,0,0,4368.582549999998,0,0,0,0,0,0,0,0,0,0,0,0,0,0,0,0,0,0,2026-06-19 14:52:40.824797+00,2026-06-19 14:52:40.824797+00
10,16384,t,-8407282203393982886,"MOVE ALL IN ""query-cursor_239""",0,0,0,0,0,0,1,13.225835,13.225835,13.225835,13.225835,0,0,0,0,0,0,0,0,0,0,0,0,0,0,0,0,0,0,0,0,0,0,0,0,0,0,0,0,0,0,0,2026-06-19 18:35:27.703621+00,2026-06-19 18:35:27.703621+00
10,16384,t,-3185161248351787730,"MOVE ALL IN ""query-cursor_95""",0,0,0,0,0,0,1,1.512482,1.512482,1.512482,1.512482,0,0,0,0,0,0,0,0,0,0,0,0,0,0,0,0,0,0,0,0,0,0,0,0,0,0,0,0,0,0,0,2026-06-19 14:23:27.671159+00,2026-06-19 14:23:27.671159+00
10,16384,t,-7354196529521044753,"MOVE ALL IN ""query-cursor_187""",0,0,0,0,0,0,1,16.461266,16.461266,16.461266,16.461266,0,0,0,0,0,0,0,0,0,0,0,0,0,0,0,0,0,0,0,0,0,0,0,0,0,0,0,0,0,0,0,2026-06-19 16:54:28.068336+00,2026-06-19 16:54:28.068336+00
10,16384,t,-6740395967040851563,"MOVE -279 IN ""query-cursor_26""",0,0,0,0,0,0,1,0.007936,0.007936,0.007936,0.007936,0,0,0,0,0,0,0,0,0,0,0,0,0,0,0,0,0,0,0,0,0,0,0,0,0,0,0,0,0,0,0,2026-06-19 13:14:27.665323+00,2026-06-19 13:14:27.665323+00
10,16384,t,9162133371016499712,"FETCH 0 IN ""query-cursor_143""",0,0,0,0,0,0,1,0.007888,0.007888,0.007888,0.007888,0,0,0,0,0,0,0,0,0,0,0,0,0,0,0,0,0,0,0,0,0,0,0,0,0,0,0,0,0,0,0,2026-06-19 15:22:27.883777+00,2026-06-19 15:22:27.883777+00
10,16384,t,-8642136854871890276,"MOVE ALL IN ""query-cursor_234""",0,0,0,0,0,0,1,7.263415,7.263415,7.263415,7.263415,0,0,0,0,0,0,0,0,0,0,0,0,0,0,0,0,0,0,0,0,0,0,0,0,0,0,0,0,0,0,0,2026-06-19 18:27:27.687971+00,2026-06-19 18:27:27.687971+00
10,16384,t,1528764667443391544,"FETCH 14 IN ""query-cursor_32""",0,0,0,0,0,0,1,0.002002,0.002002,0.002002,0.002002,0,14,0,0,0,0,0,0,0,0,0,0,0,0,0,0,0,0,0,0,0,0,0,0,0,0,0,0,0,0,0,2026-06-19 13:20:27.666963+00,2026-06-19 13:20:27.666963+00
16410,16412,t,770099689854714203,"INSERT INTO SYS_VARS(VAR_GROUP,VAR_CODE,VAR_VALUE,SYS_LSTUPD_DT) VALUES ($1,$2,$3,$4) ON CONFLICT DO NOTHING",0,0,0,0,0,0,2,0.2446,0.113478,0.13112200000000002,0.1223,0.00882200000000001,2,16,0,0,0,0,0,0,0,0,0,0,0,0,0,0,0,0,0,0,0,0,0,0,0,0,0,0,0,0,2026-06-19 12:53:04.449938+00,2026-06-19 12:53:04.449938+00
10,16384,t,-1316845800703263629,"FETCH 24 IN ""query-cursor_158""",0,0,0,0,0,0,1,0.009574,0.009574,0.009574,0.009574,0,24,0,0,0,0,0,0,0,0,0,0,0,0,0,0,0,0,0,0,0,0,0,0,0,0,0,0,0,0,0,2026-06-19 15:52:28.446067+00,2026-06-19 15:52:28.446067+00
10,16384,t,-5575630626015445774,"FETCH 0 IN ""query-cursor_1""",0,0,0,0,0,0,1,0.008959,0.008959,0.008959,0.008959,0,0,0,0,0,0,0,0,0,0,0,0,0,0,0,0,0,0,0,0,0,0,0,0,0,0,0,0,0,0,0,2026-06-19 12:49:27.660664+00,2026-06-19 12:49:27.660664+00
10,16384,t,6206496621779626452,"FETCH 50 IN ""query-cursor_61""",0,0,0,0,0,0,10,0.033063999999999996,0.002758,0.005613,0.0033063999999999997,0.0007929341965131785,500,0,0,0,0,0,0,0,0,0,0,0,0,0,0,0,0,0,0,0,0,0,0,0,0,0,0,0,0,0,2026-06-19 13:49:27.668289+00,2026-06-19 13:49:27.668289+00
10,16384,t,5378175582918764431,"FETCH 0 IN ""query-cursor_110""",0,0,0,0,0,0,1,0.003893,0.003893,0.003893,0.003893,0,0,0,0,0,0,0,0,0,0,0,0,0,0,0,0,0,0,0,0,0,0,0,0,0,0,0,0,0,0,0,2026-06-19 14:38:27.67061+00,2026-06-19 14:38:27.67061+00
10,16384,t,-598588462805794187,"DECLARE ""query-cursor_9"" SCROLL CURSOR FOR select queryid, left(query, $1), calls, (total_plan_time + total_exec_time) as total_time from aurora_stat_statements($2) order by calls desc limit $3 FOR READ ONLY",0,0,0,0,0,0,1,0.066293,0.066293,0.066293,0.066293,0,0,0,0,0,0,0,0,0,0,0,0,0,0,0,0,0,0,0,0,0,0,0,0,0,0,0,0,0,0,0,2026-06-19 12:57:27.663355+00,2026-06-19 12:57:27.663355+00
16410,16412,t,4168663614536664549,"UPDATE RES_FEAT_EKEY AS T SET SUPPRESSED=C.SUPPRESSED,OBS_ENT_CNT=C.OBS_ENT_CNT FROM (VALUES (CAST ($1 AS BIGINT),CAST ($2 AS BIGINT),$3,$4,CAST ($5 AS BIGINT)),(CAST ($6 AS BIGINT),CAST ($7 AS BIGINT),$8,$9,CAST ($10 AS BIGINT)),(CAST ($11 AS BIGINT),CAST ($12 AS BIGINT),$13,$14,CAST ($15 AS BIGINT)),(CAST ($16 AS BIGINT),CAST ($17 AS BIGINT),$18,$19,CAST ($20 AS BIGINT)),(CAST ($21 AS BIGINT),CAST ($22 AS BIGINT),$23,$24,CAST ($25 AS BIGINT))) AS C(RES_ENT_ID,LIB_FEAT_ID,UTYPE_CODE,SUPPRESSED,OBS_ENT_CNT) WHERE C.RES_ENT_ID=T.RES_ENT_ID AND C.LIB_FEAT_ID=T.LIB_FEAT_ID AND C.UTYPE_CODE=T.UTYPE_CODE",0,0,0,0,0,0,481643,4426842.386730063,0.055912,1473.4999129999999,9.191127841015156,24.690445913871155,2408213,34151703,73222,0,9859,0,0,0,0,0,0,1783682.6331960156,607.715206999998,0,0,0,0,0,0,0,0,0,0,0,0,0,0,0,0,0,2026-06-19 14:52:42.136558+00,2026-06-19 14:52:42.136558+00
10,16384,t,1527187768239162057,"FETCH 44 IN ""query-cursor_132""",0,0,0,0,0,0,1,0.014133,0.014133,0.014133,0.014133,0,44,0,0,0,0,0,0,0,0,0,0,0,0,0,0,0,0,0,0,0,0,0,0,0,0,0,0,0,0,0,2026-06-19 15:00:27.695298+00,2026-06-19 15:00:27.695298+00
10,16384,t,-3123562538602869171,"DECLARE ""query-cursor_11"" SCROLL CURSOR FOR select queryid, left(query, $1), calls, (total_plan_time + total_exec_time) as total_time from aurora_stat_statements($2) order by calls desc limit $3 FOR READ ONLY",0,0,0,0,0,0,1,0.06456,0.06456,0.06456,0.06456,0,0,0,0,0,0,0,0,0,0,0,0,0,0,0,0,0,0,0,0,0,0,0,0,0,0,0,0,0,0,0,2026-06-19 12:59:27.66348+00,2026-06-19 12:59:27.66348+00
10,16384,t,2781146910936321476,"MOVE ALL IN ""query-cursor_241""",0,0,0,0,0,0,1,9.290104,9.290104,9.290104,9.290104,0,0,0,0,0,0,0,0,0,0,0,0,0,0,0,0,0,0,0,0,0,0,0,0,0,0,0,0,0,0,0,2026-06-19 18:39:27.691335+00,2026-06-19 18:39:27.691335+00
10,16384,t,5733201092801933488,SET password_encryption = $1,0,0,0,0,0,0,1,0.01099,0.01099,0.01099,0.01099,0,0,0,0,0,0,0,0,0,0,0,0,0,0,0,0,0,0,0,0,0,0,0,0,0,0,0,0,0,0,0,2026-06-19 12:49:16.222874+00,2026-06-19 12:49:16.222874+00
10,16384,t,-8612015939045798987,"FETCH 0 IN ""query-cursor_222""",0,0,0,0,0,0,1,0.007778,0.007778,0.007778,0.007778,0,0,0,0,0,0,0,0,0,0,0,0,0,0,0,0,0,0,0,0,0,0,0,0,0,0,0,0,0,0,0,2026-06-19 18:04:27.811872+00,2026-06-19 18:04:27.811872+00
10,16384,t,8030693797913599218,"MOVE ALL IN ""query-cursor_223""",0,0,0,0,0,0,1,12.11836,12.11836,12.11836,12.11836,0,0,0,0,0,0,0,0,0,0,0,0,0,0,0,0,0,0,0,0,0,0,0,0,0,0,0,0,0,0,0,2026-06-19 18:06:27.820528+00,2026-06-19 18:06:27.820528+00
10,16384,t,-821276053001312898,"FETCH 0 IN ""query-cursor_123""",0,0,0,0,0,0,1,0.004215,0.004215,0.004215,0.004215,0,0,0,0,0,0,0,0,0,0,0,0,0,0,0,0,0,0,0,0,0,0,0,0,0,0,0,0,0,0,0,2026-06-19 14:51:27.671545+00,2026-06-19 14:51:27.671545+00
16410,16412,t,-1830988071568071259,"INSERT INTO LIB_FEAT(LIB_FEAT_ID,FTYPE_ID,FEAT_HASH,FEAT_DESC,FELEM_VALUES,ANONYMIZED,VERSION) VALUES ($1,$2,$3,$4,$5,$6,$7),($8,$9,$10,$11,$12,$13,$14),($15,$16,$17,$18,$19,$20,$21),($22,$23,$24,$25,$26,$27,$28) ON CONFLICT(FTYPE_ID,FEAT_HASH,ANONYMIZED) DO UPDATE SET FTYPE_ID=LIB_FEAT.FTYPE_ID,FEAT_HASH=LIB_FEAT.FEAT_HASH,ANONYMIZED=LIB_FEAT.ANONYMIZED RETURNING LIB_FEAT_ID,FTYPE_ID,FEAT_HASH,ANONYMIZED,FEAT_DESC",0,0,0,0,0,0,1964871,14729325.099009959,0.076792,1511.038991,7.496331870646958,23.782308001257164,7859484,121569624,318,0,212736,0,0,0,0,0,0,5833.142055000004,30707.018713999998,0,0,0,0,0,0,0,0,0,0,0,0,0,0,0,0,0,2026-06-19 14:52:39.530061+00,2026-06-19 14:52:39.530061+00
10,16384,t,3196555129506368015,"DECLARE ""query-cursor_153"" SCROLL CURSOR FOR select queryid, left(query, $1), calls, (total_plan_time + total_exec_time) as total_time from aurora_stat_statements($2) order by calls desc limit $3 FOR READ ONLY",0,0,0,0,0,0,1,0.074733,0.074733,0.074733,0.074733,0,0,0,0,0,0,0,0,0,0,0,0,0,0,0,0,0,0,0,0,0,0,0,0,0,0,0,0,0,0,0,2026-06-19 15:42:27.980967+00,2026-06-19 15:42:27.980967+00
10,16384,t,3852567993540616099,"FETCH 25 IN ""query-cursor_9""",0,0,0,0,0,0,1,0.002714,0.002714,0.002714,0.002714,0,25,0,0,0,0,0,0,0,0,0,0,0,0,0,0,0,0,0,0,0,0,0,0,0,0,0,0,0,0,0,2026-06-19 12:57:27.664605+00,2026-06-19 12:57:27.664605+00
10,16384,t,-3632531091503446444,"MOVE ALL IN ""query-cursor_102""",0,0,0,0,0,0,1,1.62682,1.62682,1.62682,1.62682,0,0,0,0,0,0,0,0,0,0,0,0,0,0,0,0,0,0,0,0,0,0,0,0,0,0,0,0,0,0,0,2026-06-19 14:30:27.671715+00,2026-06-19 14:30:27.671715+00
10,16384,t,-1093115628509659699,"FETCH 50 IN ""query-cursor_115""",0,0,0,0,0,0,16,0.051548,0.002779,0.005761,0.00322175,0.0006926764666855661,800,0,0,0,0,0,0,0,0,0,0,0,0,0,0,0,0,0,0,0,0,0,0,0,0,0,0,0,0,0,2026-06-19 14:43:27.672894+00,2026-06-19 14:43:27.672894+00
10,16384,t,9142664338975780232,"FETCH 50 IN ""query-cursor_213""",0,0,0,0,0,0,38,0.6118810000000001,0.008858,0.02778,0.01610213157894737,0.005308233193877389,1900,0,0,0,0,0,0,0,0,0,0,0,0,0,0,0,0,0,0,0,0,0,0,0,0,0,0,0,0,0,2026-06-19 17:46:27.936387+00,2026-06-19 17:46:27.936387+00
10,16384,t,-9212488593716246442,"MOVE -742 IN ""query-cursor_100""",0,0,0,0,0,0,1,0.016177,0.016177,0.016177,0.016177,0,0,0,0,0,0,0,0,0,0,0,0,0,0,0,0,0,0,0,0,0,0,0,0,0,0,0,0,0,0,0,2026-06-19 14:28:27.671608+00,2026-06-19 14:28:27.671608+00
10,16384,t,-493512367191319358,"MOVE -784 IN ""query-cursor_107""",0,0,0,0,0,0,1,0.016524,0.016524,0.016524,0.016524,0,0,0,0,0,0,0,0,0,0,0,0,0,0,0,0,0,0,0,0,0,0,0,0,0,0,0,0,0,0,0,2026-06-19 14:35:27.672113+00,2026-06-19 14:35:27.672113+00
10,16384,t,-8720480466825141920,"MOVE ALL IN ""query-cursor_108""",0,0,0,0,0,0,1,1.684378,1.684378,1.684378,1.684378,0,0,0,0,0,0,0,0,0,0,0,0,0,0,0,0,0,0,0,0,0,0,0,0,0,0,0,0,0,0,0,2026-06-19 14:36:27.672187+00,2026-06-19 14:36:27.672187+00
10,16384,t,76563290039457680,"FETCH 35 IN ""query-cursor_19""",0,0,0,0,0,0,1,0.002609,0.002609,0.002609,0.002609,0,35,0,0,0,0,0,0,0,0,0,0,0,0,0,0,0,0,0,0,0,0,0,0,0,0,0,0,0,0,0,2026-06-19 13:07:27.665513+00,2026-06-19 13:07:27.665513+00
10,16384,t,-825559413578874081,"MOVE -1791 IN ""query-cursor_191""",0,0,0,0,0,0,1,0.123579,0.123579,0.123579,0.123579,0,0,0,0,0,0,0,0,0,0,0,0,0,0,0,0,0,0,0,0,0,0,0,0,0,0,0,0,0,0,0,2026-06-19 17:02:28.502014+00,2026-06-19 17:02:28.502014+00
10,16384,t,8832492641734918245,"FETCH 50 IN ""query-cursor_164""",0,0,0,0,0,0,32,0.7017359999999998,0.008824,0.050018,0.021929249999999994,0.011617668217525412,1600,0,0,0,0,0,0,0,0,0,0,0,0,0,0,0,0,0,0,0,0,0,0,0,0,0,0,0,0,0,2026-06-19 16:04:27.739845+00,2026-06-19 16:04:27.739845+00
16410,16412,t,2886128047129609024,"CREATE TABLE RES_RELATE (RES_REL_ID BIGINT NOT NULL, MIN_RES_ENT_ID BIGINT NOT NULL, MAX_RES_ENT_ID BIGINT NOT NULL, LAST_ERRULE_ID SMALLINT, IS_DISCLOSED SMALLINT, IS_AMBIGUOUS SMALLINT, MATCH_KEY TEXT, MATCH_KEY_DETAILS TEXT, MATCH_LEVELS VARCHAR(50), PRIMARY KEY(RES_REL_ID))",0,0,0,0,0,0,1,4.650219,4.650219,4.650219,4.650219,0,0,373,0,0,0,0,0,0,0,0,0,0,0,0,0,0,0,0,0,0,0,0,0,0,0,0,0,0,0,0,2026-06-19 12:52:04.175129+00,2026-06-19 12:52:04.175129+00
10,16384,t,2359011993313134219,"FETCH 50 IN ""query-cursor_94""",0,0,0,0,0,0,14,0.04544,0.002774,0.005559,0.003245714285714286,0.0006890212964334088,700,0,0,0,0,0,0,0,0,0,0,0,0,0,0,0,0,0,0,0,0,0,0,0,0,0,0,0,0,0,2026-06-19 14:22:27.671163+00,2026-06-19 14:22:27.671163+00
10,16384,t,-3042137849420442632,"FETCH 0 IN ""query-cursor_40""",0,0,0,0,0,0,1,0.004004,0.004004,0.004004,0.004004,0,0,0,0,0,0,0,0,0,0,0,0,0,0,0,0,0,0,0,0,0,0,0,0,0,0,0,0,0,0,0,2026-06-19 13:28:27.665597+00,2026-06-19 13:28:27.665597+00
10,16384,t,-3412940749366542047,"MOVE ALL IN ""query-cursor_37""",0,0,0,0,0,0,1,0.742313,0.742313,0.742313,0.742313,0,0,0,0,0,0,0,0,0,0,0,0,0,0,0,0,0,0,0,0,0,0,0,0,0,0,0,0,0,0,0,2026-06-19 13:25:27.666197+00,2026-06-19 13:25:27.666197+00
16410,16412,t,1165153896606422882,"SELECT RES_ENT_ID,LIB_FEAT_ID,FTYPE_ID,UTYPE_CODE,SUPPRESSED,OBS_ENT_CNT FROM RES_FEAT_EKEY WHERE RES_ENT_ID IN ($1,$2,$3,$4,$5,$6,$7,$8) AND FTYPE_ID IN ($9,$10,$11,$12,$13,$14,$15,$16,$17,$18,$19,$20,$21,$22,$23,$24,$25,$26)",0,0,0,0,0,0,594362,2775112.048229984,0.060584,792.404215,4.669060350813114,18.573584015206173,85972236,19960657,126071,0,0,0,0,0,0,0,0,2233526.643462005,0,0,0,0,0,0,0,0,0,0,0,0,0,0,0,0,0,0,2026-06-19 14:52:42.030791+00,2026-06-19 14:52:42.030791+00
10,16384,t,75967644630726412,"DECLARE ""query-cursor_166"" SCROLL CURSOR FOR select queryid, left(query, $1), calls, (total_plan_time + total_exec_time) as total_time from aurora_stat_statements($2) order by calls desc limit $3 FOR READ ONLY",0,0,0,0,0,0,1,0.08033,0.08033,0.08033,0.08033,0,0,0,0,0,0,0,0,0,0,0,0,0,0,0,0,0,0,0,0,0,0,0,0,0,0,0,0,0,0,0,2026-06-19 16:08:27.873068+00,2026-06-19 16:08:27.873068+00
16410,16412,t,-6867756331512440887,"INSERT INTO RES_REL_EKEY(RES_REL_ID,RES_ENT_ID,REL_ENT_ID) VALUES ($1,$2,$3),($4,$5,$6),($7,$8,$9),($10,$11,$12),($13,$14,$15),($16,$17,$18),($19,$20,$21),($22,$23,$24),($25,$26,$27),($28,$29,$30) ON CONFLICT DO NOTHING",0,0,0,0,0,0,202022,1244220.0856360097,0.09836,624.034532,6.158834610270216,18.656363847258827,2020202,18960512,4106,0,17242,0,0,0,0,0,0,134453.52030899984,2934.6944469999826,0,0,0,0,0,0,0,0,0,0,0,0,0,0,0,0,0,2026-06-19 14:52:43.406072+00,2026-06-19 14:52:43.406072+00
10,16384,t,-1273965837682515941,"FETCH 0 IN ""query-cursor_37""",0,0,0,0,0,0,1,0.003753,0.003753,0.003753,0.003753,0,0,0,0,0,0,0,0,0,0,0,0,0,0,0,0,0,0,0,0,0,0,0,0,0,0,0,0,0,0,0,2026-06-19 13:25:27.665412+00,2026-06-19 13:25:27.665412+00
10,16384,t,-8367723000994672489,"MOVE -832 IN ""query-cursor_115""",0,0,0,0,0,0,1,0.017716,0.017716,0.017716,0.017716,0,0,0,0,0,0,0,0,0,0,0,0,0,0,0,0,0,0,0,0,0,0,0,0,0,0,0,0,0,0,0,2026-06-19 14:43:27.672858+00,2026-06-19 14:43:27.672858+00
10,16384,t,822875012979098929,"FETCH 0 IN ""query-cursor_10""",0,0,0,0,0,0,1,0.00436,0.00436,0.00436,0.00436,0,0,0,0,0,0,0,0,0,0,0,0,0,0,0,0,0,0,0,0,0,0,0,0,0,0,0,0,0,0,0,2026-06-19 12:58:27.663444+00,2026-06-19 12:58:27.663444+00
16410,16412,t,5363172240777575012,DELETE FROM RES_FEAT_EKEY WHERE RES_ENT_ID=$1 AND ((LIB_FEAT_ID=$2 AND UTYPE_CODE=$3)OR(LIB_FEAT_ID=$4 AND UTYPE_CODE=$5)OR(LIB_FEAT_ID=$6 AND UTYPE_CODE=$7)OR(LIB_FEAT_ID=$8 AND UTYPE_CODE=$9)OR(LIB_FEAT_ID=$10 AND UTYPE_CODE=$11)OR(LIB_FEAT_ID=$12 AND UTYPE_CODE=$13)OR(LIB_FEAT_ID=$14 AND UTYPE_CODE=$15)OR(LIB_FEAT_ID=$16 AND UTYPE_CODE=$17)OR(LIB_FEAT_ID=$18 AND UTYPE_CODE=$19)OR(LIB_FEAT_ID=$20 AND UTYPE_CODE=$21)OR(LIB_FEAT_ID=$22 AND UTYPE_CODE=$23)OR(LIB_FEAT_ID=$24 AND UTYPE_CODE=$25)OR(LIB_FEAT_ID=$26 AND UTYPE_CODE=$27)OR(LIB_FEAT_ID=$28 AND UTYPE_CODE=$29)OR(LIB_FEAT_ID=$30 AND UTYPE_CODE=$31)OR(LIB_FEAT_ID=$32 AND UTYPE_CODE=$33)OR(LIB_FEAT_ID=$34 AND UTYPE_CODE=$35)OR(LIB_FEAT_ID=$36 AND UTYPE_CODE=$37)OR(LIB_FEAT_ID=$38 AND UTYPE_CODE=$39)),0,0,0,0,0,0,27713,446927.51569700125,0.057292,482.326506,16.12699872612136,34.139859939814194,518677,2654026,4258,0,0,0,0,0,0,0,0,177776.5144099997,0,0,0,0,0,0,0,0,0,0,0,0,0,0,0,0,0,0,2026-06-19 14:53:01.434114+00,2026-06-19 14:53:01.434114+00
10,16384,t,-7197751574031767970,"FETCH 50 IN ""query-cursor_142""",0,0,0,0,0,0,28,0.6389250000000002,0.011408,0.038668,0.022818750000000006,0.006924653821285428,1400,0,0,0,0,0,0,0,0,0,0,0,0,0,0,0,0,0,0,0,0,0,0,0,0,0,0,0,0,0,2026-06-19 15:20:27.741327+00,2026-06-19 15:20:27.741327+00
10,16384,t,5578423357809342340,"FETCH 39 IN ""query-cursor_108""",0,0,0,0,0,0,1,0.002906,0.002906,0.002906,0.002906,0,39,0,0,0,0,0,0,0,0,0,0,0,0,0,0,0,0,0,0,0,0,0,0,0,0,0,0,0,0,0,2026-06-19 14:36:27.674777+00,2026-06-19 14:36:27.674777+00
16410,16412,t,278395488757922706,SELECT pg_try_advisory_lock($1),0,0,0,0,0,0,23444101,891718.023558119,0.0008929999999999999,386.549829,0.03803592313299277,1.075755491876367,23444101,0,0,0,0,0,0,0,0,0,0,0,0,0,0,0,0,0,0,0,0,0,0,0,0,0,0,0,0,0,2026-06-19 14:52:42.123195+00,2026-06-19 14:52:42.123195+00
16410,16412,t,-1410804119999047752,"SELECT RES_ENT_ID,LIB_FEAT_ID,FTYPE_ID,UTYPE_CODE,SUPPRESSED,OBS_ENT_CNT FROM RES_FEAT_EKEY WHERE RES_ENT_ID IN ($1) AND FTYPE_ID IN ($2,$3,$4,$5,$6,$7,$8,$9,$10,$11,$12,$13,$14,$15,$16,$17)",0,0,0,0,0,0,739557,403111.11472499993,0.013393,498.754098,0.5450710556792782,5.857360631727761,15372171,3976069,14992,0,0,0,0,0,0,0,0,288638.91855599993,0,0,0,0,0,0,0,0,0,0,0,0,0,0,0,0,0,0,2026-06-19 14:52:39.946024+00,2026-06-19 14:52:39.946024+00
10,16384,t,-7447041206473841236,"MOVE ALL IN ""query-cursor_91""",0,0,0,0,0,0,1,1.428501,1.428501,1.428501,1.428501,0,0,0,0,0,0,0,0,0,0,0,0,0,0,0,0,0,0,0,0,0,0,0,0,0,0,0,0,0,0,0,2026-06-19 14:19:27.670701+00,2026-06-19 14:19:27.670701+00
16410,16412,t,-8952524919332388568,"UPDATE RES_FEAT_EKEY AS T SET SUPPRESSED=C.SUPPRESSED,OBS_ENT_CNT=C.OBS_ENT_CNT FROM (VALUES (CAST ($1 AS BIGINT),CAST ($2 AS BIGINT),$3,$4,CAST ($5 AS BIGINT)),(CAST ($6 AS BIGINT),CAST ($7 AS BIGINT),$8,$9,CAST ($10 AS BIGINT)),(CAST ($11 AS BIGINT),CAST ($12 AS BIGINT),$13,$14,CAST ($15 AS BIGINT)),(CAST ($16 AS BIGINT),CAST ($17 AS BIGINT),$18,$19,CAST ($20 AS BIGINT)),(CAST ($21 AS BIGINT),CAST ($22 AS BIGINT),$23,$24,CAST ($25 AS BIGINT)),(CAST ($26 AS BIGINT),CAST ($27 AS BIGINT),$28,$29,CAST ($30 AS BIGINT)),(CAST ($31 AS BIGINT),CAST ($32 AS BIGINT),$33,$34,CAST ($35 AS BIGINT)),(CAST ($36 AS BIGINT),CAST ($37 AS BIGINT),$38,$39,CAST ($40 AS BIGINT)),(CAST ($41 AS BIGINT),CAST ($42 AS BIGINT),$43,$44,CAST ($45 AS BIGINT)),(CAST ($46 AS BIGINT),CAST ($47 AS BIGINT),$48,$49,CAST ($50 AS BIGINT)),(CAST ($51 AS BIGINT),CAST ($52 AS BIGINT),$53,$54,CAST ($55 AS BIGINT)),(CAST ($56 AS BIGINT),CAST ($57 AS BIGINT),$58,$59,CAST ($60 AS BIGINT)),(CAST ($61 AS BIGINT),CAST ($62 AS BIGINT),$63,$64,CAST ($65 AS BIGINT))) AS C(RES_ENT_ID,LIB_FEAT_ID,UTYPE_CODE,SUPPRESSED,OBS_ENT_CNT) WHERE C.RES_ENT_ID=T.RES_ENT_ID AND C.LIB_FEAT_ID=T.LIB_FEAT_ID AND C.UTYPE_CODE=T.UTYPE_CODE",0,0,0,0,0,0,111600,1804687.3195470204,0.108259,991.208723,16.171033329274376,36.475502030994946,1450797,21187659,26606,0,6922,0,0,0,0,0,0,633648.1256929982,366.6250760000002,0,0,0,0,0,0,0,0,0,0,0,0,0,0,0,0,0,2026-06-19 14:52:58.015289+00,2026-06-19 14:52:58.015289+00
10,16384,t,6446797493704164557,"MOVE -166 IN ""query-cursor_8""",0,0,0,0,0,0,1,0.006437,0.006437,0.006437,0.006437,0,0,0,0,0,0,0,0,0,0,0,0,0,0,0,0,0,0,0,0,0,0,0,0,0,0,0,0,0,0,0,2026-06-19 12:56:27.663841+00,2026-06-19 12:56:27.663841+00
10,16384,t,4503430204394381601,"MOVE ALL IN ""query-cursor_182""",0,0,0,0,0,0,1,46.633124,46.633124,46.633124,46.633124,0,0,0,0,0,0,0,0,0,0,0,0,0,0,0,0,0,0,0,0,0,0,0,0,0,0,0,0,0,0,0,2026-06-19 16:44:27.775356+00,2026-06-19 16:44:27.775356+00
16410,16412,t,-2703012667381545632,"CREATE TABLE RES_FEAT_EKEY (RES_ENT_ID BIGINT NOT NULL, LIB_FEAT_ID BIGINT NOT NULL, OBS_ENT_CNT BIGINT, USED_FROM_DT TIMESTAMP, USED_THRU_DT TIMESTAMP, FTYPE_ID SMALLINT NOT NULL, SUPPRESSED CHAR(1), UTYPE_CODE VARCHAR(255) NOT NULL, PRIMARY KEY(LIB_FEAT_ID, RES_ENT_ID, UTYPE_CODE))",0,0,0,0,0,0,1,2.753331,2.753331,2.753331,2.753331,0,0,300,0,0,2,0,0,0,0,0,0,0,0.004448,0,0,0,0,0,0,0,0,0,0,0,0,0,0,0,0,0,2026-06-19 12:52:04.1596+00,2026-06-19 12:52:04.1596+00
16410,16412,t,-3439576889678045830,"UPDATE RES_RELATE AS T SET IS_DISCLOSED=C.IS_DISCLOSED,IS_AMBIGUOUS=C.IS_AMBIGUOUS,LAST_ERRULE_ID=C.LAST_ERRULE_ID,MATCH_KEY=C.MATCH_KEY,MATCH_KEY_DETAILS=C.MATCH_KEY_DETAILS,MATCH_LEVELS=C.MATCH_LEVELS FROM (VALUES (CAST ($1 AS BIGINT),CAST ($2 AS BIGINT),CAST ($3 AS BIGINT),CAST ($4 AS BIGINT),$5,$6,$7),(CAST ($8 AS BIGINT),CAST ($9 AS BIGINT),CAST ($10 AS BIGINT),CAST ($11 AS BIGINT),$12,$13,$14),(CAST ($15 AS BIGINT),CAST ($16 AS BIGINT),CAST ($17 AS BIGINT),CAST ($18 AS BIGINT),$19,$20,$21),(CAST ($22 AS BIGINT),CAST ($23 AS BIGINT),CAST ($24 AS BIGINT),CAST ($25 AS BIGINT),$26,$27,$28),(CAST ($29 AS BIGINT),CAST ($30 AS BIGINT),CAST ($31 AS BIGINT),CAST ($32 AS BIGINT),$33,$34,$35),(CAST ($36 AS BIGINT),CAST ($37 AS BIGINT),CAST ($38 AS BIGINT),CAST ($39 AS BIGINT),$40,$41,$42),(CAST ($43 AS BIGINT),CAST ($44 AS BIGINT),CAST ($45 AS BIGINT),CAST ($46 AS BIGINT),$47,$48,$49),(CAST ($50 AS BIGINT),CAST ($51 AS BIGINT),CAST ($52 AS BIGINT),CAST ($53 AS BIGINT),$54,$55,$56),(CAST ($57 AS BIGINT),CAST ($58 AS BIGINT),CAST ($59 AS BIGINT),CAST ($60 AS BIGINT),$61,$62,$63),(CAST ($64 AS BIGINT),CAST ($65 AS BIGINT),CAST ($66 AS BIGINT),CAST ($67 AS BIGINT),$68,$69,$70),(CAST ($71 AS BIGINT),CAST ($72 AS BIGINT),CAST ($73 AS BIGINT),CAST ($74 AS BIGINT),$75,$76,$77),(CAST ($78 AS BIGINT),CAST ($79 AS BIGINT),CAST ($80 AS BIGINT),CAST ($81 AS BIGINT),$82,$83,$84),(CAST ($85 AS BIGINT),CAST ($86 AS BIGINT),CAST ($87 AS BIGINT),CAST ($88 AS BIGINT),$89,$90,$91)) AS C(RES_REL_ID,IS_DISCLOSED,IS_AMBIGUOUS,LAST_ERRULE_ID,MATCH_KEY,MATCH_KEY_DETAILS,MATCH_LEVELS) WHERE C.RES_REL_ID=T.RES_REL_ID",0,0,0,0,0,0,186,1610.7627590000004,0.240791,327.65547200000003,8.660014833333335,33.40465243158727,2418,24885,113,0,0,0,0,0,0,0,0,970.2774200000001,0,0,0,0,0,0,0,0,0,0,0,0,0,0,0,0,0,0,2026-06-19 15:43:26.567665+00,2026-06-19 15:43:26.567665+00
10,16384,t,7780909377214066266,"FETCH 50 IN ""query-cursor_118""",0,0,0,0,0,0,16,0.050214999999999996,0.002689,0.0052,0.0031384374999999997,0.0005855542213098201,800,0,0,0,0,0,0,0,0,0,0,0,0,0,0,0,0,0,0,0,0,0,0,0,0,0,0,0,0,0,2026-06-19 14:46:27.673072+00,2026-06-19 14:46:27.673072+00
10,16384,t,5934400821801536006,"DECLARE ""query-cursor_36"" SCROLL CURSOR FOR select queryid, left(query, $1), calls, (total_plan_time + total_exec_time) as total_time from aurora_stat_statements($2) order by calls desc limit $3 FOR READ ONLY",0,0,0,0,0,0,1,0.078615,0.078615,0.078615,0.078615,0,0,0,0,0,0,0,0,0,0,0,0,0,0,0,0,0,0,0,0,0,0,0,0,0,0,0,0,0,0,0,2026-06-19 13:24:27.66529+00,2026-06-19 13:24:27.66529+00
10,16384,t,8743362861520162582,"MOVE ALL IN ""query-cursor_25""",0,0,0,0,0,0,1,0.571733,0.571733,0.571733,0.571733,0,0,0,0,0,0,0,0,0,0,0,0,0,0,0,0,0,0,0,0,0,0,0,0,0,0,0,0,0,0,0,2026-06-19 13:13:27.665138+00,2026-06-19 13:13:27.665138+00
10,5,t,588360189971772035,"SELECT current_catalog, COUNT(*) FROM pg_catalog.pg_extension WHERE extname = $1",0,0,0,0,0,0,1,0.009164,0.009164,0.009164,0.009164,0,1,1,0,0,0,0,0,0,0,0,0,0,0,0,0,0,0,0,0,0,0,0,0,0,0,0,0,0,0,0,2026-06-19 13:45:00.288313+00,2026-06-19 13:45:00.288313+00
10,16384,t,-7793274864449177768,"MOVE -2103 IN ""query-cursor_241""",0,0,0,0,0,0,1,0.132433,0.132433,0.132433,0.132433,0,0,0,0,0,0,0,0,0,0,0,0,0,0,0,0,0,0,0,0,0,0,0,0,0,0,0,0,0,0,0,2026-06-19 18:39:27.691569+00,2026-06-19 18:39:27.691569+00
10,16384,t,-2464222005888965745,"FETCH 36 IN ""query-cursor_198""",0,0,0,0,0,0,1,0.012155,0.012155,0.012155,0.012155,0,36,0,0,0,0,0,0,0,0,0,0,0,0,0,0,0,0,0,0,0,0,0,0,0,0,0,0,0,0,0,2026-06-19 17:16:28.189301+00,2026-06-19 17:16:28.189301+00
10,16384,t,-5855184805546688965,"MOVE ALL IN ""query-cursor_54""",0,0,0,0,0,0,1,0.937268,0.937268,0.937268,0.937268,0,0,0,0,0,0,0,0,0,0,0,0,0,0,0,0,0,0,0,0,0,0,0,0,0,0,0,0,0,0,0,2026-06-19 13:42:27.667557+00,2026-06-19 13:42:27.667557+00
10,16384,t,1797294534667477766,"FETCH 50 IN ""query-cursor_63""",0,0,0,0,0,0,10,0.033999,0.002892,0.005475,0.0033999,0.0007104347190277231,500,0,0,0,0,0,0,0,0,0,0,0,0,0,0,0,0,0,0,0,0,0,0,0,0,0,0,0,0,0,2026-06-19 13:51:27.668423+00,2026-06-19 13:51:27.668423+00
10,16384,t,-4900860312552667751,"FETCH 50 IN ""query-cursor_114""",0,0,0,0,0,0,16,0.049344,0.002654,0.00521,0.003084,0.0005771349495568607,800,0,0,0,0,0,0,0,0,0,0,0,0,0,0,0,0,0,0,0,0,0,0,0,0,0,0,0,0,0,2026-06-19 14:42:27.672659+00,2026-06-19 14:42:27.672659+00
10,16384,t,851739641262664012,"FETCH 0 IN ""query-cursor_75""",0,0,0,0,0,0,1,0.004154,0.004154,0.004154,0.004154,0,0,0,0,0,0,0,0,0,0,0,0,0,0,0,0,0,0,0,0,0,0,0,0,0,0,0,0,0,0,0,2026-06-19 14:03:27.668059+00,2026-06-19 14:03:27.668059+00
10,16384,t,2663462780488004347,"FETCH 0 IN ""query-cursor_65""",0,0,0,0,0,0,1,0.004001,0.004001,0.004001,0.004001,0,0,0,0,0,0,0,0,0,0,0,0,0,0,0,0,0,0,0,0,0,0,0,0,0,0,0,0,0,0,0,2026-06-19 13:53:27.667372+00,2026-06-19 13:53:27.667372+00
16410,16412,t,1446408695538653855,"INSERT INTO RES_FEAT_EKEY(RES_ENT_ID,LIB_FEAT_ID,FTYPE_ID,UTYPE_CODE,SUPPRESSED,OBS_ENT_CNT) VALUES ($1,$2,$3,$4,$5,$6),($7,$8,$9,$10,$11,$12),($13,$14,$15,$16,$17,$18),($19,$20,$21,$22,$23,$24),($25,$26,$27,$28,$29,$30) ON CONFLICT DO NOTHING",0,0,0,0,0,0,2266992,14650656.17461839,0.036046,1513.5583960000001,6.462597210143834,18.79759449021201,11332218,156705900,9918,0,141844,0,0,0,0,0,0,210429.8584380004,19075.939255999892,0,0,0,0,0,0,0,0,0,0,0,0,0,0,0,0,0,2026-06-19 14:52:39.542298+00,2026-06-19 14:52:39.542298+00
10,16384,t,-2545013436033151621,"DECLARE ""query-cursor_56"" SCROLL CURSOR FOR select queryid, left(query, $1), calls, (total_plan_time + total_exec_time) as total_time from aurora_stat_statements($2) order by calls desc limit $3 FOR READ ONLY",0,0,0,0,0,0,1,0.062363,0.062363,0.062363,0.062363,0,0,0,0,0,0,0,0,0,0,0,0,0,0,0,0,0,0,0,0,0,0,0,0,0,0,0,0,0,0,0,2026-06-19 13:44:27.666728+00,2026-06-19 13:44:27.666728+00
10,16384,t,-3997877719446827235,"FETCH 50 IN ""query-cursor_77""",0,0,0,0,0,0,12,0.038231,0.002749,0.005692,0.0031859166666666668,0.0007949450146952862,600,0,0,0,0,0,0,0,0,0,0,0,0,0,0,0,0,0,0,0,0,0,0,0,0,0,0,0,0,0,2026-06-19 14:05:27.669627+00,2026-06-19 14:05:27.669627+00
16410,16412,t,5824905141627676764,"UPDATE RES_FEAT_EKEY AS T SET SUPPRESSED = C.SUPPRESSED FROM (VALUES (CAST ($1 AS BIGINT),CAST ($2 AS BIGINT),$3,$4),(CAST ($5 AS BIGINT),CAST ($6 AS BIGINT),$7,$8),(CAST ($9 AS BIGINT),CAST ($10 AS BIGINT),$11,$12),(CAST ($13 AS BIGINT),CAST ($14 AS BIGINT),$15,$16),(CAST ($17 AS BIGINT),CAST ($18 AS BIGINT),$19,$20)) AS C(RES_ENT_ID,LIB_FEAT_ID,UTYPE_CODE,SUPPRESSED) WHERE C.RES_ENT_ID=T.RES_ENT_ID AND C.LIB_FEAT_ID=T.LIB_FEAT_ID AND C.UTYPE_CODE=T.UTYPE_CODE",0,0,0,0,0,0,17,49.10947,0.11898,21.874915,2.8887923529411768,6.4286147943589365,85,986,2,0,0,0,0,0,0,0,0,3.151071,0,0,0,0,0,0,0,0,0,0,0,0,0,0,0,0,0,0,2026-06-19 15:18:58.941815+00,2026-06-19 15:18:58.941815+00
10,16384,t,4556225230544708917,"FETCH 0 IN ""query-cursor_207""",0,0,0,0,0,0,1,0.005031,0.005031,0.005031,0.005031,0,0,0,0,0,0,0,0,0,0,0,0,0,0,0,0,0,0,0,0,0,0,0,0,0,0,0,0,0,0,0,2026-06-19 17:34:27.711354+00,2026-06-19 17:34:27.711354+00
10,16384,t,-4172319197130469494,"FETCH 27 IN ""query-cursor_134""",0,0,0,0,0,0,1,0.008873,0.008873,0.008873,0.008873,0,27,0,0,0,0,0,0,0,0,0,0,0,0,0,0,0,0,0,0,0,0,0,0,0,0,0,0,0,0,0,2026-06-19 15:04:27.905231+00,2026-06-19 15:04:27.905231+00
10,16384,t,4028366671455515481,"DECLARE ""query-cursor_122"" SCROLL CURSOR FOR select queryid, left(query, $1), calls, (total_plan_time + total_exec_time) as total_time from aurora_stat_statements($2) order by calls desc limit $3 FOR READ ONLY",0,0,0,0,0,0,1,0.062209,0.062209,0.062209,0.062209,0,0,0,0,0,0,0,0,0,0,0,0,0,0,0,0,0,0,0,0,0,0,0,0,0,0,0,0,0,0,0,2026-06-19 14:50:27.671322+00,2026-06-19 14:50:27.671322+00
16410,16412,t,-484337239089353161,"SELECT RES_ENT_ID,LIB_FEAT_ID,FTYPE_ID,UTYPE_CODE,SUPPRESSED,OBS_ENT_CNT FROM RES_FEAT_EKEY WHERE RES_ENT_ID IN ($1) AND FTYPE_ID IN ($2,$3,$4,$5,$6,$7,$8,$9,$10,$11,$12,$13,$14,$15,$16,$17,$18,$19)",0,0,0,0,0,0,611782,319802.46963699773,0.014093999999999999,466.38963,0.5227392594698728,5.7843822829135165,14162778,3271033,11199,0,0,0,0,0,0,0,0,222625.17197499902,0,0,0,0,0,0,0,0,0,0,0,0,0,0,0,0,0,0,2026-06-19 14:52:39.862644+00,2026-06-19 14:52:39.862644+00
10,16384,t,-2179192222148003799,"FETCH 5 IN ""query-cursor_69""",0,0,0,0,0,0,1,0.001757,0.001757,0.001757,0.001757,0,5,0,0,0,0,0,0,0,0,0,0,0,0,0,0,0,0,0,0,0,0,0,0,0,0,0,0,0,0,0,2026-06-19 13:57:27.671008+00,2026-06-19 13:57:27.671008+00
10,16384,t,501344155891052520,"FETCH 50 IN ""query-cursor_204""",0,0,0,0,0,0,37,0.5449399999999999,0.008811,0.025412,0.014728108108108104,0.004649989176295358,1850,0,0,0,0,0,0,0,0,0,0,0,0,0,0,0,0,0,0,0,0,0,0,0,0,0,0,0,0,0,2026-06-19 17:28:27.704562+00,2026-06-19 17:28:27.704562+00
16410,16412,t,-4580068225142035513,DELETE FROM RES_FEAT_EKEY WHERE RES_ENT_ID=$1 AND ((LIB_FEAT_ID=$2 AND UTYPE_CODE=$3)OR(LIB_FEAT_ID=$4 AND UTYPE_CODE=$5)OR(LIB_FEAT_ID=$6 AND UTYPE_CODE=$7)OR(LIB_FEAT_ID=$8 AND UTYPE_CODE=$9)OR(LIB_FEAT_ID=$10 AND UTYPE_CODE=$11)OR(LIB_FEAT_ID=$12 AND UTYPE_CODE=$13)OR(LIB_FEAT_ID=$14 AND UTYPE_CODE=$15)OR(LIB_FEAT_ID=$16 AND UTYPE_CODE=$17)OR(LIB_FEAT_ID=$18 AND UTYPE_CODE=$19)),0,0,0,0,0,0,1731,13897.717241000017,0.021793,336.685258,8.028721687463904,24.12419007608391,12972,76862,198,0,0,0,0,0,0,0,0,6065.392666000004,0,0,0,0,0,0,0,0,0,0,0,0,0,0,0,0,0,0,2026-06-19 14:53:00.934855+00,2026-06-19 14:53:00.934855+00
10,16384,t,1404415280936243750,"DECLARE ""query-cursor_247"" SCROLL CURSOR FOR select queryid, left(query, $1), calls, (total_plan_time + total_exec_time) as total_time from aurora_stat_statements($2) order by calls desc limit $3 FOR READ ONLY",0,0,0,0,0,0,1,0.08423,0.08423,0.08423,0.08423,0,0,0,0,0,0,0,0,0,0,0,0,0,0,0,0,0,0,0,0,0,0,0,0,0,0,0,0,0,0,0,2026-06-19 18:53:27.757293+00,2026-06-19 18:53:27.757293+00
16410,16412,t,3098869152066039965,"UPDATE RES_FEAT_EKEY AS T SET SUPPRESSED=C.SUPPRESSED,OBS_ENT_CNT=C.OBS_ENT_CNT FROM (VALUES (CAST ($1 AS BIGINT),CAST ($2 AS BIGINT),$3,$4,CAST ($5 AS BIGINT)),(CAST ($6 AS BIGINT),CAST ($7 AS BIGINT),$8,$9,CAST ($10 AS BIGINT)),(CAST ($11 AS BIGINT),CAST ($12 AS BIGINT),$13,$14,CAST ($15 AS BIGINT)),(CAST ($16 AS BIGINT),CAST ($17 AS BIGINT),$18,$19,CAST ($20 AS BIGINT)),(CAST ($21 AS BIGINT),CAST ($22 AS BIGINT),$23,$24,CAST ($25 AS BIGINT)),(CAST ($26 AS BIGINT),CAST ($27 AS BIGINT),$28,$29,CAST ($30 AS BIGINT)),(CAST ($31 AS BIGINT),CAST ($32 AS BIGINT),$33,$34,CAST ($35 AS BIGINT)),(CAST ($36 AS BIGINT),CAST ($37 AS BIGINT),$38,$39,CAST ($40 AS BIGINT)),(CAST ($41 AS BIGINT),CAST ($42 AS BIGINT),$43,$44,CAST ($45 AS BIGINT)),(CAST ($46 AS BIGINT),CAST ($47 AS BIGINT),$48,$49,CAST ($50 AS BIGINT)),(CAST ($51 AS BIGINT),CAST ($52 AS BIGINT),$53,$54,CAST ($55 AS BIGINT)),(CAST ($56 AS BIGINT),CAST ($57 AS BIGINT),$58,$59,CAST ($60 AS BIGINT)),(CAST ($61 AS BIGINT),CAST ($62 AS BIGINT),$63,$64,CAST ($65 AS BIGINT)),(CAST ($66 AS BIGINT),CAST ($67 AS BIGINT),$68,$69,CAST ($70 AS BIGINT)),(CAST ($71 AS BIGINT),CAST ($72 AS BIGINT),$73,$74,CAST ($75 AS BIGINT)),(CAST ($76 AS BIGINT),CAST ($77 AS BIGINT),$78,$79,CAST ($80 AS BIGINT))) AS C(RES_ENT_ID,LIB_FEAT_ID,UTYPE_CODE,SUPPRESSED,OBS_ENT_CNT) WHERE C.RES_ENT_ID=T.RES_ENT_ID AND C.LIB_FEAT_ID=T.LIB_FEAT_ID AND C.UTYPE_CODE=T.UTYPE_CODE",0,0,0,0,0,0,60856,1131398.3440870019,0.127051,863.9258359999999,18.59140173667349,40.35429844303934,973696,14337238,15960,0,3491,0,0,0,0,0,0,383764.15826500143,268.66515199999964,0,0,0,0,0,0,0,0,0,0,0,0,0,0,0,0,0,2026-06-19 14:53:18.809035+00,2026-06-19 14:53:18.809035+00
16410,16412,t,1993119429907790555,"INSERT INTO RES_REL_EKEY(RES_REL_ID,RES_ENT_ID,REL_ENT_ID) VALUES ($1,$2,$3),($4,$5,$6),($7,$8,$9),($10,$11,$12),($13,$14,$15),($16,$17,$18),($19,$20,$21),($22,$23,$24),($25,$26,$27),($28,$29,$30),($31,$32,$33),($34,$35,$36),($37,$38,$39),($40,$41,$42),($43,$44,$45),($46,$47,$48),($49,$50,$51),($52,$53,$54),($55,$56,$57),($58,$59,$60),($61,$62,$63),($64,$65,$66),($67,$68,$69),($70,$71,$72),($73,$74,$75),($76,$77,$78),($79,$80,$81),($82,$83,$84),($85,$86,$87),($88,$89,$90) ON CONFLICT DO NOTHING",0,0,0,0,0,0,68,1189.233911,0.535963,177.50511999999998,17.488733985294118,34.66548958608086,2040,18534,0,0,13,0,0,0,0,0,0,0,8.043483,0,0,0,0,0,0,0,0,0,0,0,0,0,0,0,0,0,2026-06-19 15:15:36.805527+00,2026-06-19 15:15:36.805527+00
10,16384,t,3937360500916796229,"MOVE ALL IN ""query-cursor_149""",0,0,0,0,0,0,1,51.248348,51.248348,51.248348,51.248348,0,0,0,0,0,0,0,0,0,0,0,0,0,0,0,0,0,0,0,0,0,0,0,0,0,0,0,0,0,0,0,2026-06-19 15:34:27.774481+00,2026-06-19 15:34:27.774481+00
10,16384,t,-5249677292405157862,"MOVE -1405 IN ""query-cursor_137""",0,0,0,0,0,0,1,0.304877,0.304877,0.304877,0.304877,0,0,0,0,0,0,0,0,0,0,0,0,0,0,0,0,0,0,0,0,0,0,0,0,0,0,0,0,0,0,0,2026-06-19 15:10:27.889738+00,2026-06-19 15:10:27.889738+00
10,16384,t,-986787283634964209,"FETCH 0 IN ""query-cursor_92""",0,0,0,0,0,0,1,0.003744,0.003744,0.003744,0.003744,0,0,0,0,0,0,0,0,0,0,0,0,0,0,0,0,0,0,0,0,0,0,0,0,0,0,0,0,0,0,0,2026-06-19 14:20:27.669302+00,2026-06-19 14:20:27.669302+00
