userid,dbid,toplevel,queryid,query,plans,total_plan_time,min_plan_time,max_plan_time,mean_plan_time,stddev_plan_time,calls,total_exec_time,min_exec_time,max_exec_time,mean_exec_time,stddev_exec_time,rows,shared_blks_hit,shared_blks_read,shared_blks_dirtied,shared_blks_written,local_blks_hit,local_blks_read,local_blks_dirtied,local_blks_written,temp_blks_read,temp_blks_written,shared_blk_read_time,shared_blk_write_time,local_blk_read_time,local_blk_write_time,temp_blk_read_time,temp_blk_write_time,wal_records,wal_fpi,wal_bytes,jit_functions,jit_generation_time,jit_inlining_count,jit_inlining_time,jit_optimization_count,jit_optimization_time,jit_emission_count,jit_emission_time,jit_deform_count,jit_deform_time,stats_since,minmax_stats_since
10,16384,t,5899940203518339337,"FETCH 0 IN ""query-cursor_55""",0,0,0,0,0,0,1,0.003606,0.003606,0.003606,0.003606,0,0,0,0,0,0,0,0,0,0,0,0,0,0,0,0,0,0,0,0,0,0,0,0,0,0,0,0,0,0,0,2026-08-27 14:22:15.567821+00,2026-08-27 14:22:15.567821+00
10,16384,t,5517591159595534572,"FETCH 0 IN ""query-cursor_94""",0,0,0,0,0,0,1,0.00328,0.00328,0.00328,0.00328,0,0,0,0,0,0,0,0,0,0,0,0,0,0,0,0,0,0,0,0,0,0,0,0,0,0,0,0,0,0,0,2026-08-27 15:01:15.570479+00,2026-08-27 15:01:15.570479+00
10,16384,t,-3114244271732982348,"select queryid, calls, (total_plan_time + total_exec_time) as total_time, rows, shared_blks_hit, shared_blks_dirtied, shared_blks_read, shared_blks_written, local_blks_hit, local_blks_dirtied, local_blks_read, local_blks_written, temp_blks_read, temp_blks_written, storage_blks_read, orcache_blks_hit, shared_blk_read_time as blk_read_time, shared_blk_write_time as blk_write_time, storage_blk_read_time, local_blk_read_time, orcache_blk_read_time, total_plan_time, total_exec_time from aurora_stat_statements($1) where queryid in ($2, $3, $4, $5, $6, $7, $8, $9, $10, $11, $12, $13, $14, $15, $16, $17, $18, $19, $20, $21, $22, $23, $24, $25, $26, $27, $28, $29, $30, $31, $32, $33, $34, $35, $36, $37, $38, $39, $40, $41, $42, $43, $44, $45, $46, $47, $48, $49, $50, $51, $52, $53, $54, $55, $56, $57, $58)",0,0,0,0,0,0,1,3.08868,3.08868,3.08868,3.08868,0,58,0,0,0,0,0,0,0,0,0,0,0,0,0,0,0,0,0,0,0,0,0,0,0,0,0,0,0,0,0,2026-08-27 15:57:25.638874+00,2026-08-27 15:57:25.638874+00
16410,16412,t,-4515678651448741696,"DELETE FROM RES_REL_EKEY WHERE (RES_ENT_ID,REL_ENT_ID,RES_REL_ID) IN (($1,$2,$3),($4,$5,$6),($7,$8,$9),($10,$11,$12),($13,$14,$15),($16,$17,$18),($19,$20,$21),($22,$23,$24),($25,$26,$27),($28,$29,$30),($31,$32,$33),($34,$35,$36),($37,$38,$39),($40,$41,$42),($43,$44,$45),($46,$47,$48))",0,0,0,0,0,0,1916,1674.712506999997,0.058362000000000004,40.304562000000004,0.8740670704592887,3.4773824596791503,23048,122007,0,0,0,0,0,0,0,0,0,0,0,0,0,0,0,0,0,0,0,0,0,0,0,0,0,0,0,0,2026-08-27 15:51:21.415071+00,2026-08-27 15:51:21.415071+00
10,16384,t,-4370941775062078205,"FETCH 50 IN ""query-cursor_170""",0,0,0,0,0,0,36,0.14516600000000002,0.002911,0.006374,0.004032388888888889,0.001055626940568647,1800,0,0,0,0,0,0,0,0,0,0,0,0,0,0,0,0,0,0,0,0,0,0,0,0,0,0,0,0,0,2026-08-27 16:27:15.581271+00,2026-08-27 16:27:15.581271+00
10,16384,t,-5297195302503310928,"DECLARE ""query-cursor_54"" SCROLL CURSOR FOR select queryid, left(query, $1), calls, (total_plan_time + total_exec_time) as total_time from aurora_stat_statements($2) order by calls desc limit $3 FOR READ ONLY",0,0,0,0,0,0,1,0.065921,0.065921,0.065921,0.065921,0,0,0,0,0,0,0,0,0,0,0,0,0,0,0,0,0,0,0,0,0,0,0,0,0,0,0,0,0,0,0,2026-08-27 14:21:15.567737+00,2026-08-27 14:21:15.567737+00
16410,16412,t,-3322058918894707092,"SELECT LIB_FEAT_ID,UTYPE_CODE,RES_ENT_ID,OBS_ENT_CNT FROM RES_FEAT_EKEY WHERE LIB_FEAT_ID IN ($1) AND RES_ENT_ID!=$2",0,0,0,0,0,0,622903,29806.75145999999,0.0034230000000000003,69.428342,0.04785135319624402,0.4869623765799327,2909024,6352281,0,0,0,0,0,0,0,0,0,0,0,0,0,0,0,0,0,0,0,0,0,0,0,0,0,0,0,0,2026-08-27 15:50:47.108841+00,2026-08-27 15:50:47.108841+00
16410,16412,t,695246321236012699,"SELECT RES_ENT_ID,OBS_ENT_ID,ERRULE_ID,MATCH_KEY FROM RES_ENT_OKEY WHERE RES_ENT_ID IN ($1,$2,$3,$4,$5,$6,$7,$8,$9,$10,$11,$12,$13,$14,$15,$16,$17,$18,$19,$20,$21,$22,$23,$24,$25,$26,$27,$28,$29,$30,$31,$32)",0,0,0,0,0,0,1,0.123497,0.123497,0.123497,0.123497,0,31,81,0,0,0,0,0,0,0,0,0,0,0,0,0,0,0,0,0,0,0,0,0,0,0,0,0,0,0,0,2026-08-27 16:02:11.145115+00,2026-08-27 16:02:11.145115+00
10,16384,t,7387492842331195966,"DECLARE ""query-cursor_75"" SCROLL CURSOR FOR select queryid, left(query, $1), calls, (total_plan_time + total_exec_time) as total_time from aurora_stat_statements($2) order by calls desc limit $3 FOR READ ONLY",0,0,0,0,0,0,1,0.062946,0.062946,0.062946,0.062946,0,0,0,0,0,0,0,0,0,0,0,0,0,0,0,0,0,0,0,0,0,0,0,0,0,0,0,0,0,0,0,2026-08-27 14:42:15.56918+00,2026-08-27 14:42:15.56918+00
10,16384,t,3861524591565658219,"FETCH 37 IN ""query-cursor_114""",0,0,0,0,0,0,1,0.002496,0.002496,0.002496,0.002496,0,37,0,0,0,0,0,0,0,0,0,0,0,0,0,0,0,0,0,0,0,0,0,0,0,0,0,0,0,0,0,2026-08-27 15:21:15.576726+00,2026-08-27 15:21:15.576726+00
16410,16412,t,-3764106789294530323,"SELECT RES_ENT_ID,LIB_FEAT_ID,FTYPE_ID,UTYPE_CODE,SUPPRESSED,OBS_ENT_CNT FROM RES_FEAT_EKEY WHERE RES_ENT_ID IN ($1,$2,$3,$4,$5,$6,$7,$8,$9,$10,$11,$12,$13,$14,$15,$16) AND FTYPE_ID IN ($17,$18,$19,$20,$21,$22,$23,$24,$25,$26,$27,$28,$29,$30,$31,$32,$33,$34,$35,$36,$37,$38,$39,$40,$41,$42)",0,0,0,0,0,0,3,30.417921999999997,5.109871,14.227609000000001,10.139307333333333,3.781321409662883,37861,610,0,0,0,0,0,0,0,0,0,0,0,0,0,0,0,0,0,0,0,0,0,0,0,0,0,0,0,0,2026-08-27 15:50:50.618462+00,2026-08-27 15:50:50.618462+00
16410,16412,t,6775036374767546125,"SELECT RES_ENT_ID,LIB_FEAT_ID,FTYPE_ID,UTYPE_CODE,SUPPRESSED,OBS_ENT_CNT FROM RES_FEAT_EKEY WHERE RES_ENT_ID IN ($1,$2,$3,$4,$5,$6,$7,$8) AND FTYPE_ID IN ($9,$10,$11,$12,$13,$14,$15,$16,$17,$18,$19,$20,$21,$22,$23,$24,$25,$26,$27,$28,$29,$30,$31,$32,$33,$34)",0,0,0,0,0,0,1,26.504442,26.504442,26.504442,26.504442,0,7315,91,0,0,0,0,0,0,0,0,0,0,0,0,0,0,0,0,0,0,0,0,0,0,0,0,0,0,0,0,2026-08-27 15:56:51.142129+00,2026-08-27 15:56:51.142129+00
10,16384,t,-1647122043175568812,"FETCH 32 IN ""query-cursor_189""",0,0,0,0,0,0,1,0.002786,0.002786,0.002786,0.002786,0,32,0,0,0,0,0,0,0,0,0,0,0,0,0,0,0,0,0,0,0,0,0,0,0,0,0,0,0,0,0,2026-08-27 16:46:15.594419+00,2026-08-27 16:46:15.594419+00
10,16384,t,5614436234439998196,"FETCH 0 IN ""query-cursor_63""",0,0,0,0,0,0,1,0.003578,0.003578,0.003578,0.003578,0,0,0,0,0,0,0,0,0,0,0,0,0,0,0,0,0,0,0,0,0,0,0,0,0,0,0,0,0,0,0,2026-08-27 14:30:15.568368+00,2026-08-27 14:30:15.568368+00
10,16384,t,-5518813177502617288,"FETCH 0 IN ""query-cursor_28""",0,0,0,0,0,0,1,0.003611,0.003611,0.003611,0.003611,0,0,0,0,0,0,0,0,0,0,0,0,0,0,0,0,0,0,0,0,0,0,0,0,0,0,0,0,0,0,0,2026-08-27 13:55:15.565885+00,2026-08-27 13:55:15.565885+00
10,16384,t,-5126953676470887561,"FETCH 20 IN ""query-cursor_187""",0,0,0,0,0,0,1,0.002741,0.002741,0.002741,0.002741,0,20,0,0,0,0,0,0,0,0,0,0,0,0,0,0,0,0,0,0,0,0,0,0,0,0,0,0,0,0,0,2026-08-27 16:44:15.605568+00,2026-08-27 16:44:15.605568+00
10,16384,t,-8831267109283026490,"MOVE -2184 IN ""query-cursor_231""",0,0,0,0,0,0,1,0.039883,0.039883,0.039883,0.039883,0,0,0,0,0,0,0,0,0,0,0,0,0,0,0,0,0,0,0,0,0,0,0,0,0,0,0,0,0,0,0,2026-08-27 17:28:15.586041+00,2026-08-27 17:28:15.586041+00
10,16384,t,-8951632301601452223,"FETCH 37 IN ""query-cursor_10""",0,0,0,0,0,0,1,0.00279,0.00279,0.00279,0.00279,0,37,0,0,0,0,0,0,0,0,0,0,0,0,0,0,0,0,0,0,0,0,0,0,0,0,0,0,0,0,0,2026-08-27 13:37:15.565744+00,2026-08-27 13:37:15.565744+00
10,16384,t,7000505204756289239,"DECLARE ""query-cursor_195"" SCROLL CURSOR FOR select queryid, left(query, $1), calls, (total_plan_time + total_exec_time) as total_time from aurora_stat_statements($2) order by calls desc limit $3 FOR READ ONLY",0,0,0,0,0,0,1,0.067606,0.067606,0.067606,0.067606,0,0,0,0,0,0,0,0,0,0,0,0,0,0,0,0,0,0,0,0,0,0,0,0,0,0,0,0,0,0,0,2026-08-27 16:52:15.577794+00,2026-08-27 16:52:15.577794+00
10,16384,t,-6928895972860547471,"MOVE -255 IN ""query-cursor_18""",0,0,0,0,0,0,1,0.006908,0.006908,0.006908,0.006908,0,0,0,0,0,0,0,0,0,0,0,0,0,0,0,0,0,0,0,0,0,0,0,0,0,0,0,0,0,0,0,2026-08-27 13:45:15.565876+00,2026-08-27 13:45:15.565876+00
10,16384,t,-281549136891217117,"FETCH 50 IN ""query-cursor_232""",0,0,0,0,0,0,43,0.15748899999999993,0.002741,0.006546,0.0036625348837209287,0.0009454325784586823,2150,0,0,0,0,0,0,0,0,0,0,0,0,0,0,0,0,0,0,0,0,0,0,0,0,0,0,0,0,0,2026-08-27 17:29:15.586244+00,2026-08-27 17:29:15.586244+00
10,16384,t,8649678701975435611,"FETCH 0 IN ""query-cursor_242""",0,0,0,0,0,0,1,0.003698,0.003698,0.003698,0.003698,0,0,0,0,0,0,0,0,0,0,0,0,0,0,0,0,0,0,0,0,0,0,0,0,0,0,0,0,0,0,0,2026-08-27 17:39:15.581115+00,2026-08-27 17:39:15.581115+00
16410,16412,t,-4919085403370389391,"SELECT RES_ENT_ID,LIB_FEAT_ID,FTYPE_ID,UTYPE_CODE,SUPPRESSED,OBS_ENT_CNT FROM RES_FEAT_EKEY WHERE RES_ENT_ID IN ($1,$2,$3,$4,$5,$6,$7,$8,$9,$10,$11,$12,$13,$14,$15,$16) AND FTYPE_ID IN ($17,$18,$19,$20,$21,$22,$23,$24,$25,$26,$27,$28,$29,$30,$31,$32,$33,$34,$35,$36,$37,$38)",0,0,0,0,0,0,136,1849.9289219999998,0.453671,126.365534,13.602418544117645,24.06203913045505,1012306,19308,0,0,0,0,0,0,0,0,0,0,0,0,0,0,0,0,0,0,0,0,0,0,0,0,0,0,0,0,2026-08-27 15:50:49.47097+00,2026-08-27 15:50:49.47097+00
10,16384,t,-6507285794628175001,"MOVE ALL IN ""query-cursor_156""",0,0,0,0,0,0,1,17.110974,17.110974,17.110974,17.110974,0,0,0,0,0,0,0,0,0,0,0,0,0,0,0,0,0,0,0,0,0,0,0,0,0,0,0,0,0,0,0,2026-08-27 16:05:15.804876+00,2026-08-27 16:05:15.804876+00
10,16384,t,-814194634174585052,"MOVE ALL IN ""query-cursor_165""",0,0,0,0,0,0,1,4.927483,4.927483,4.927483,4.927483,0,0,0,0,0,0,0,0,0,0,0,0,0,0,0,0,0,0,0,0,0,0,0,0,0,0,0,0,0,0,0,2026-08-27 16:22:15.580634+00,2026-08-27 16:22:15.580634+00
10,16384,t,-2072989621344000582,"MOVE -904 IN ""query-cursor_125""",0,0,0,0,0,0,1,0.018426,0.018426,0.018426,0.018426,0,0,0,0,0,0,0,0,0,0,0,0,0,0,0,0,0,0,0,0,0,0,0,0,0,0,0,0,0,0,0,2026-08-27 15:32:15.574772+00,2026-08-27 15:32:15.574772+00
10,16384,t,7840752183051818549,"select coalesce(extract($1 from max(now() - state_change)), $2) as idle_in_transaction_max_time, count(*) as idle_in_transaction_count from pg_stat_activity where state = $3",0,0,0,0,0,0,245,680.814866,0.117314,43.435768,2.778836187755102,4.262146749038852,245,0,0,0,0,0,0,0,0,0,0,0,0,0,0,0,0,0,0,0,0,0,0,0,0,0,0,0,0,0,2026-08-27 13:28:15.124644+00,2026-08-27 13:28:15.124644+00
16410,16412,t,7755207888322899810,"SELECT RES_REL_ID,MIN_RES_ENT_ID,MAX_RES_ENT_ID,IS_DISCLOSED,IS_AMBIGUOUS,LAST_ERRULE_ID,MATCH_LEVELS,MATCH_KEY,MATCH_KEY_DETAILS FROM RES_RELATE WHERE RES_REL_ID IN ($1)",0,0,0,0,0,0,287491,6006.145517999953,0.005407,33.942881,0.02089159492992808,0.18082922298859108,287491,1150772,0,0,0,0,0,0,0,0,0,0,0,0,0,0,0,0,0,0,0,0,0,0,0,0,0,0,0,0,2026-08-27 15:50:58.518329+00,2026-08-27 15:50:58.518329+00
16410,16412,t,2212729192904635009,COMMIT,0,0,0,0,0,0,2820,6.601662000000003,0.000693,0.080265,0.002341014893617022,0.0022936666586304394,0,0,0,0,0,0,0,0,0,0,0,0,0,0,0,0,0,0,0,0,0,0,0,0,0,0,0,0,0,0,2026-08-27 15:50:46.805872+00,2026-08-27 15:50:46.805872+00
10,16384,t,7506382194685679301,"DECLARE ""query-cursor_176"" SCROLL CURSOR FOR select queryid, left(query, $1), calls, (total_plan_time + total_exec_time) as total_time from aurora_stat_statements($2) order by calls desc limit $3 FOR READ ONLY",0,0,0,0,0,0,1,0.064524,0.064524,0.064524,0.064524,0,0,0,0,0,0,0,0,0,0,0,0,0,0,0,0,0,0,0,0,0,0,0,0,0,0,0,0,0,0,0,2026-08-27 16:33:15.576523+00,2026-08-27 16:33:15.576523+00
10,16384,t,-1314129076410679664,"FETCH 50 IN ""query-cursor_5""",0,0,0,0,0,0,2,0.008075,0.003448,0.004627,0.0040375,0.0005895000000000001,100,0,0,0,0,0,0,0,0,0,0,0,0,0,0,0,0,0,0,0,0,0,0,0,0,0,0,0,0,0,2026-08-27 13:32:15.564718+00,2026-08-27 13:32:15.564718+00
10,16384,t,5087306596602540752,"FETCH 0 IN ""query-cursor_18""",0,0,0,0,0,0,1,0.004075,0.004075,0.004075,0.004075,0,0,0,0,0,0,0,0,0,0,0,0,0,0,0,0,0,0,0,0,0,0,0,0,0,0,0,0,0,0,0,2026-08-27 13:45:15.565208+00,2026-08-27 13:45:15.565208+00
10,16384,t,1456837982054200475,"FETCH 50 IN ""query-cursor_174""",0,0,0,0,0,0,36,0.140172,0.002673,0.008095,0.0038936666666666664,0.001226248275567934,1800,0,0,0,0,0,0,0,0,0,0,0,0,0,0,0,0,0,0,0,0,0,0,0,0,0,0,0,0,0,2026-08-27 16:31:15.581696+00,2026-08-27 16:31:15.581696+00
10,16384,t,-8171729876202912823,"DECLARE ""query-cursor_82"" SCROLL CURSOR FOR select queryid, left(query, $1), calls, (total_plan_time + total_exec_time) as total_time from aurora_stat_statements($2) order by calls desc limit $3 FOR READ ONLY",0,0,0,0,0,0,1,0.145474,0.145474,0.145474,0.145474,0,0,0,0,0,0,0,0,0,0,0,0,0,0,0,0,0,0,0,0,0,0,0,0,0,0,0,0,0,0,0,2026-08-27 14:49:15.569734+00,2026-08-27 14:49:15.569734+00
10,16384,t,757357963169496132,"MOVE ALL IN ""query-cursor_230""",0,0,0,0,0,0,1,6.077792,6.077792,6.077792,6.077792,0,0,0,0,0,0,0,0,0,0,0,0,0,0,0,0,0,0,0,0,0,0,0,0,0,0,0,0,0,0,0,2026-08-27 17:27:15.58637+00,2026-08-27 17:27:15.58637+00
10,16384,t,-8617098217220329730,"FETCH 1 IN ""query-cursor_108""",0,0,0,0,0,0,1,0.001644,0.001644,0.001644,0.001644,0,1,0,0,0,0,0,0,0,0,0,0,0,0,0,0,0,0,0,0,0,0,0,0,0,0,0,0,0,0,0,2026-08-27 15:15:15.576236+00,2026-08-27 15:15:15.576236+00
10,16384,t,6842021409804615884,"MOVE ALL IN ""query-cursor_115""",0,0,0,0,0,0,1,1.772859,1.772859,1.772859,1.772859,0,0,0,0,0,0,0,0,0,0,0,0,0,0,0,0,0,0,0,0,0,0,0,0,0,0,0,0,0,0,0,2026-08-27 15:22:15.573739+00,2026-08-27 15:22:15.573739+00
16410,16412,t,-452153637549376839,"SELECT LIB_FEAT_ID,UTYPE_CODE,RES_ENT_ID,OBS_ENT_CNT FROM RES_FEAT_EKEY WHERE LIB_FEAT_ID IN ($1,$2,$3,$4,$5,$6,$7,$8,$9,$10,$11,$12,$13,$14,$15,$16,$17,$18,$19,$20,$21,$22,$23,$24,$25,$26,$27,$28,$29,$30,$31,$32,$33,$34,$35,$36,$37,$38,$39,$40,$41,$42,$43,$44,$45,$46,$47,$48,$49,$50,$51,$52,$53,$54,$55,$56,$57,$58,$59,$60,$61,$62,$63,$64) AND RES_ENT_ID!=$65",0,0,0,0,0,0,121846,18798.664854000228,0.004266000000000001,52.624599,0.15428216645602014,1.0838173532074118,1355815,3262447,0,0,0,0,0,0,0,0,0,0,0,0,0,0,0,0,0,0,0,0,0,0,0,0,0,0,0,0,2026-08-27 15:50:46.839571+00,2026-08-27 15:50:46.839571+00
16410,16412,t,-5438095189772993696,"SELECT OBS_ENT_ID,RES_ENT_ID FROM RES_ENT_OKEY WHERE RES_ENT_ID IN ($1)",0,0,0,0,0,0,4007293,77487.23106299592,0.0029720000000000002,325.074885,0.019336552396591895,0.2811300188109505,4253386,19802647,0,0,0,0,0,0,0,0,0,0,0,0,0,0,0,0,0,0,0,0,0,0,0,0,0,0,0,0,2026-08-27 15:50:47.404386+00,2026-08-27 15:50:47.404386+00
10,16384,t,-6342431448520084785,"FETCH 47 IN ""query-cursor_124""",0,0,0,0,0,0,1,0.003632,0.003632,0.003632,0.003632,0,47,0,0,0,0,0,0,0,0,0,0,0,0,0,0,0,0,0,0,0,0,0,0,0,0,0,0,0,0,0,2026-08-27 15:31:15.577601+00,2026-08-27 15:31:15.577601+00
10,16384,t,6821271399689077564,"FETCH 0 IN ""query-cursor_165""",0,0,0,0,0,0,1,0.003284,0.003284,0.003284,0.003284,0,0,0,0,0,0,0,0,0,0,0,0,0,0,0,0,0,0,0,0,0,0,0,0,0,0,0,0,0,0,0,2026-08-27 16:22:15.575659+00,2026-08-27 16:22:15.575659+00
10,16384,t,6489775021009309554,"FETCH 50 IN ""query-cursor_67""",0,0,0,0,0,0,11,0.03695300000000001,0.002922,0.005273,0.003359363636363637,0.0006381946515156176,550,0,0,0,0,0,0,0,0,0,0,0,0,0,0,0,0,0,0,0,0,0,0,0,0,0,0,0,0,0,2026-08-27 14:34:15.569988+00,2026-08-27 14:34:15.569988+00
16410,16412,t,9112991111737653152,"INSERT INTO RES_REL_EKEY(RES_REL_ID,RES_ENT_ID,REL_ENT_ID) VALUES ($1,$2,$3),($4,$5,$6),($7,$8,$9),($10,$11,$12),($13,$14,$15),($16,$17,$18),($19,$20,$21),($22,$23,$24),($25,$26,$27),($28,$29,$30),($31,$32,$33),($34,$35,$36),($37,$38,$39),($40,$41,$42),($43,$44,$45),($46,$47,$48),($49,$50,$51),($52,$53,$54),($55,$56,$57),($58,$59,$60),($61,$62,$63),($64,$65,$66),($67,$68,$69),($70,$71,$72),($73,$74,$75),($76,$77,$78),($79,$80,$81),($82,$83,$84) ON CONFLICT DO NOTHING",0,0,0,0,0,0,337,2108.6886449999997,0.29351499999999997,141.877962,6.257236335311572,20.245016649508777,9436,75794,0,0,81,0,0,0,0,0,0,0,3.9572250000000007,0,0,0,0,0,0,0,0,0,0,0,0,0,0,0,0,0,2026-08-27 15:51:54.421949+00,2026-08-27 15:51:54.421949+00
10,16384,t,2223841239771881963,"FETCH 50 IN ""query-cursor_223""",0,0,0,0,0,0,42,0.158651,0.002798,0.0064,0.0037774047619047618,0.0009046811871888991,2100,0,0,0,0,0,0,0,0,0,0,0,0,0,0,0,0,0,0,0,0,0,0,0,0,0,0,0,0,0,2026-08-27 17:20:15.585324+00,2026-08-27 17:20:15.585324+00
10,16384,t,5383767572014801432,"DECLARE ""query-cursor_95"" SCROLL CURSOR FOR select queryid, left(query, $1), calls, (total_plan_time + total_exec_time) as total_time from aurora_stat_statements($2) order by calls desc limit $3 FOR READ ONLY",0,0,0,0,0,0,1,0.067305,0.067305,0.067305,0.067305,0,0,0,0,0,0,0,0,0,0,0,0,0,0,0,0,0,0,0,0,0,0,0,0,0,0,0,0,0,0,0,2026-08-27 15:02:15.570535+00,2026-08-27 15:02:15.570535+00
10,16384,t,3530453843364919842,"MOVE -892 IN ""query-cursor_123""",0,0,0,0,0,0,1,0.017681,0.017681,0.017681,0.017681,0,0,0,0,0,0,0,0,0,0,0,0,0,0,0,0,0,0,0,0,0,0,0,0,0,0,0,0,0,0,0,2026-08-27 15:30:15.574433+00,2026-08-27 15:30:15.574433+00
10,16384,t,4028366671455515481,"DECLARE ""query-cursor_122"" SCROLL CURSOR FOR select queryid, left(query, $1), calls, (total_plan_time + total_exec_time) as total_time from aurora_stat_statements($2) order by calls desc limit $3 FOR READ ONLY",0,0,0,0,0,0,1,0.062849,0.062849,0.062849,0.062849,0,0,0,0,0,0,0,0,0,0,0,0,0,0,0,0,0,0,0,0,0,0,0,0,0,0,0,0,0,0,0,2026-08-27 15:29:15.57237+00,2026-08-27 15:29:15.57237+00
10,16384,t,6754742945134212120,"FETCH 27 IN ""query-cursor_205""",0,0,0,0,0,0,1,0.002678,0.002678,0.002678,0.002678,0,27,0,0,0,0,0,0,0,0,0,0,0,0,0,0,0,0,0,0,0,0,0,0,0,0,0,0,0,0,0,2026-08-27 17:02:15.596533+00,2026-08-27 17:02:15.596533+00
10,16384,t,3088789363496126839,"SELECT public.rds_set_password($1,$2)",0,0,0,0,0,0,1,8.279490000000001,8.279490000000001,8.279490000000001,8.279490000000001,0,1,28,2,0,0,0,0,0,0,0,0,1.223454,0,0,0,0,0,0,0,0,0,0,0,0,0,0,0,0,0,0,2026-08-27 13:28:50.167337+00,2026-08-27 13:28:50.167337+00
16410,16412,t,-1895927820416413560,"CREATE OR REPLACE FUNCTION perf.snapshot(p_label text) RETURNS void
LANGUAGE plpgsql AS $$
DECLARE
  v_ver int := current_setting('server_version_num')::int;
BEGIN
  -- pg_stat_database — whole-DB, eviction-immune.
  INSERT INTO perf.snap_scalar(label, metric, value)
  SELECT p_label, 'db.'||k, v
  FROM (
    SELECT xact_commit, xact_rollback, blks_read, blks_hit,
           tup_returned, tup_fetched, tup_inserted, tup_updated, tup_deleted,
           temp_files, temp_bytes, deadlocks, blk_read_time, blk_write_time
    FROM pg_stat_database WHERE datname = current_database()
  ) d, LATERAL (VALUES
    ('xact_commit',      d.xact_commit::numeric),
    ('xact_rollback',    d.xact_rollback::numeric),
    ('blks_read',        d.blks_read::numeric),
    ('blks_hit',         d.blks_hit::numeric),
    ('tup_returned',     d.tup_returned::numeric),
    ('tup_fetched',      d.tup_fetched::numeric),
    ('tup_inserted',     d.tup_inserted::numeric),
    ('tup_updated',      d.tup_updated::numeric),
    ('tup_deleted',      d.tup_deleted::numeric),
    ('temp_files',       d.temp_files::numeric),
    ('temp_bytes',       d.temp_bytes::numeric),
    ('deadlocks',        d.deadlocks::numeric),
    ('blk_read_time_ms', d.blk_read_time::numeric),
    ('blk_write_time_ms',d.blk_write_time::numeric)
  ) AS kv(k, v);

  -- pg_stat_wal — WAL-volume headline (PG14+). NOT supported on Aurora
  -- (pg_stat_get_wal() is blocked: Aurora doesn't use stock PostgreSQL WAL), so
  -- wrap in its own subtransaction and skip gracefully if it errors. Use the
  -- CloudWatch VolumeWriteIOPs metric as the write-volume proxy on Aurora.
  IF v_ver >= 140000 THEN
    BEGIN
      INSERT INTO perf.snap_scalar(label, metric, value)
      SELECT p_label, 'wal.'||k, v
      FROM (SELECT wal_records, wal_fpi, wal_bytes FROM pg_stat_wal) w,
      LATERAL (VALUES
        ('wal_records', w.wal_records::numeric),
        ('wal_fpi',     w.wal_fpi::numeric),
        ('wal_bytes',   w.wal_bytes::numeric)
      ) AS kv(k, v);
    EXCEPTION WHEN OTHERS THEN
      RAISE NOTICE 'pg_stat_wal unavailable (e.g. Aurora) — skipping WAL metrics: %', SQLERRM;
    END;
  END IF;

  -- Per-statement, aggregated to one row per queryid for this database.
  -- wal_* per statement is PG13+ — the most telling columns for write-heavy runs.
  INSERT INTO perf.snap_statement(label, queryid, query, calls, rows, total_exec_time,
    shared_blks_hit, shared_blks_read, shared_blks_written, shared_blks_dirtied,
    temp_blks_read, temp_blks_written, wal_records, wal_fpi, wal_bytes)
  SELECT p_label, queryid, left(max(query), 200),
         sum(calls), sum(rows), sum(total_exec_time),
         sum(shared_blks_hit), sum(shared_blks_read),
         sum(shared_blks_written), sum(shared_blks_dirtied),
         sum(temp_blks_read), sum(temp_blks_written),
         sum(wal_records), sum(wal_fpi), sum(wal_bytes)
  FROM pg_stat_statements
  WHERE dbid = (SELECT oid FROM pg_database WHERE datname = current_database())
  GROUP BY queryid;

  -- Per-table tuple + block IO.
  INSERT INTO perf.snap_table(label, relid, relname, n_tup_ins, n_tup_upd, n_tup_del,
    n_tup_hot_upd, seq_scan, idx_scan, heap_blks_read, heap_blks_hit,
    idx_blks_read, idx_blks_hit)
  SELECT p_label, t.relid, t.relname, t.n_tup_ins, t.n_tup_upd, t.n_tup_del,
         t.n_tup_hot_upd, t.seq_scan, coalesce(t.idx_scan, 0),
         io.heap_blks_read, io.heap_blks_hit,
         coalesce(io.idx_blks_read, 0), coalesce(io.idx_blks_hit, 0)
  FROM pg_stat_user_tables t
  JOIN pg_statio_user_tables io ON io.relid = t.relid;
END;
$$",0,0,0,0,0,0,1,0.943509,0.943509,0.943509,0.943509,0,0,44,0,0,1,0,0,0,0,0,0,0,0.003549,0,0,0,0,0,0,0,0,0,0,0,0,0,0,0,0,0,2026-08-27 14:28:08.266382+00,2026-08-27 14:28:08.266382+00
10,16384,t,-90659201520545031,"FETCH 29 IN ""query-cursor_71""",0,0,0,0,0,0,1,0.002294,0.002294,0.002294,0.002294,0,29,0,0,0,0,0,0,0,0,0,0,0,0,0,0,0,0,0,0,0,0,0,0,0,0,0,0,0,0,0,2026-08-27 14:38:15.572329+00,2026-08-27 14:38:15.572329+00
10,16384,t,-776493917693894801,"FETCH 50 IN ""query-cursor_50""",0,0,0,0,0,0,8,0.027761,0.002935,0.005448,0.003470125,0.0007963147049847814,400,0,0,0,0,0,0,0,0,0,0,0,0,0,0,0,0,0,0,0,0,0,0,0,0,0,0,0,0,0,2026-08-27 14:17:15.568554+00,2026-08-27 14:17:15.568554+00
16410,16412,t,-9004821260994734050,"SELECT RES_ENT_ID,LIB_FEAT_ID,FTYPE_ID,UTYPE_CODE,SUPPRESSED,OBS_ENT_CNT FROM RES_FEAT_EKEY WHERE RES_ENT_ID IN ($1,$2,$3,$4,$5,$6,$7,$8,$9,$10,$11,$12,$13,$14,$15,$16,$17,$18,$19,$20,$21,$22,$23,$24,$25,$26,$27,$28,$29,$30,$31,$32,$33,$34,$35,$36,$37,$38,$39,$40,$41,$42,$43,$44,$45,$46,$47,$48,$49,$50,$51,$52,$53,$54,$55,$56,$57,$58,$59,$60,$61,$62,$63,$64) AND FTYPE_ID IN ($65,$66,$67,$68,$69,$70,$71,$72,$73,$74,$75,$76,$77)",0,0,0,0,0,0,1108,65323.041109999984,0.863094,1184.141879,58.955813276173274,141.67966580488968,19946444,515594,0,0,0,0,0,0,0,0,0,0,0,0,0,0,0,0,0,0,0,0,0,0,0,0,0,0,0,0,2026-08-27 15:50:51.516521+00,2026-08-27 15:50:51.516521+00
10,16384,t,1239570747102543877,"DECLARE ""query-cursor_17"" SCROLL CURSOR FOR select queryid, left(query, $1), calls, (total_plan_time + total_exec_time) as total_time from aurora_stat_statements($2) order by calls desc limit $3 FOR READ ONLY",0,0,0,0,0,0,1,0.062165,0.062165,0.062165,0.062165,0,0,0,0,0,0,0,0,0,0,0,0,0,0,0,0,0,0,0,0,0,0,0,0,0,0,0,0,0,0,0,2026-08-27 13:44:15.565096+00,2026-08-27 13:44:15.565096+00
10,16384,t,-1716246381773962747,"FETCH 9 IN ""query-cursor_44""",0,0,0,0,0,0,1,0.001799,0.001799,0.001799,0.001799,0,9,0,0,0,0,0,0,0,0,0,0,0,0,0,0,0,0,0,0,0,0,0,0,0,0,0,0,0,0,0,2026-08-27 14:11:15.569574+00,2026-08-27 14:11:15.569574+00
10,16384,t,3629721493881124365,"FETCH 11 IN ""query-cursor_68""",0,0,0,0,0,0,1,0.00196,0.00196,0.00196,0.00196,0,11,0,0,0,0,0,0,0,0,0,0,0,0,0,0,0,0,0,0,0,0,0,0,0,0,0,0,0,0,0,2026-08-27 14:35:15.572143+00,2026-08-27 14:35:15.572143+00
10,16384,t,5011396922662833801,"FETCH 50 IN ""query-cursor_200""",0,0,0,0,0,0,39,0.142806,0.002705,0.00606,0.003661692307692307,0.0009050770799827274,1950,0,0,0,0,0,0,0,0,0,0,0,0,0,0,0,0,0,0,0,0,0,0,0,0,0,0,0,0,0,2026-08-27 16:57:15.583721+00,2026-08-27 16:57:15.583721+00
16410,16412,t,2623994098898167652,SELECT         $2 FROM RES_ENT_OKEY B JOIN OBS_ENT C ON C.OBS_ENT_ID=B.OBS_ENT_ID JOIN DSRC_RECORD D ON D.ENT_SRC_KEY=C.ENT_SRC_KEY AND D.DSRC_ID=C.DSRC_ID AND B.RES_ENT_ID=$1  LIMIT $3,0,0,0,0,0,0,2612399,169770.75538101734,0.004913,76.023805,0.0649865335965208,0.4908051785421447,2612137,37111192,0,0,0,0,0,0,0,0,0,0,0,0,0,0,0,0,0,0,0,0,0,0,0,0,0,0,0,0,2026-08-27 15:50:47.414482+00,2026-08-27 15:50:47.414482+00
10,16384,t,8234634555272129651,"FETCH 50 IN ""query-cursor_85""",0,0,0,0,0,0,13,0.042117,0.002746,0.005423,0.003239769230769231,0.0006824047021488002,650,0,0,0,0,0,0,0,0,0,0,0,0,0,0,0,0,0,0,0,0,0,0,0,0,0,0,0,0,0,2026-08-27 14:52:15.571532+00,2026-08-27 14:52:15.571532+00
10,16384,t,-469450196697046426,"FETCH 25 IN ""query-cursor_163""",0,0,0,0,0,0,1,0.002591,0.002591,0.002591,0.002591,0,25,0,0,0,0,0,0,0,0,0,0,0,0,0,0,0,0,0,0,0,0,0,0,0,0,0,0,0,0,0,2026-08-27 16:18:15.592445+00,2026-08-27 16:18:15.592445+00
10,16384,t,5581820924128711248,"MOVE ALL IN ""query-cursor_206""",0,0,0,0,0,0,1,5.313242,5.313242,5.313242,5.313242,0,0,0,0,0,0,0,0,0,0,0,0,0,0,0,0,0,0,0,0,0,0,0,0,0,0,0,0,0,0,0,2026-08-27 17:03:15.583951+00,2026-08-27 17:03:15.583951+00
16410,16412,t,6144877877859500400,"SELECT LIB_FEAT_ID,FEAT_DESC,FTYPE_ID,ANONYMIZED,FEAT_HASH,VERSION,FELEM_VALUES FROM LIB_FEAT WHERE (FEAT_HASH,FTYPE_ID) IN (($1,$2),($3,$4),($5,$6),($7,$8),($9,$10),($11,$12),($13,$14),($15,$16),($17,$18),($19,$20),($21,$22),($23,$24),($25,$26),($27,$28),($29,$30),($31,$32),($33,$34),($35,$36),($37,$38),($39,$40),($41,$42),($43,$44),($45,$46),($47,$48),($49,$50),($51,$52),($53,$54),($55,$56),($57,$58),($59,$60),($61,$62),($63,$64),($65,$66),($67,$68),($69,$70),($71,$72),($73,$74),($75,$76),($77,$78),($79,$80),($81,$82),($83,$84),($85,$86),($87,$88),($89,$90),($91,$92),($93,$94),($95,$96),($97,$98),($99,$100))",0,0,0,0,0,0,380646,390027.17411499965,0.054495,178.95050700000002,1.024645403117331,3.3468343406603522,4248839,78164418,0,0,0,0,0,0,0,0,0,0,0,0,0,0,0,0,0,0,0,0,0,0,0,0,0,0,0,0,2026-08-27 15:50:46.81367+00,2026-08-27 15:50:46.81367+00
16410,16412,t,-6728845278679177467,"SELECT RES_ENT_ID,OBS_ENT_ID,ERRULE_ID FROM RES_ENT_OKEY WHERE OBS_ENT_ID IN ($1)",0,0,0,0,0,0,1290012,24818.662070000635,0.002937,36.634341,0.01923909395416526,0.20944946156908711,292456,4069747,0,0,0,0,0,0,0,0,0,0,0,0,0,0,0,0,0,0,0,0,0,0,0,0,0,0,0,0,2026-08-27 15:50:46.831861+00,2026-08-27 15:50:46.831861+00
10,16384,t,2086863176385545101,"DECLARE ""query-cursor_210"" SCROLL CURSOR FOR select queryid, left(query, $1), calls, (total_plan_time + total_exec_time) as total_time from aurora_stat_statements($2) order by calls desc limit $3 FOR READ ONLY",0,0,0,0,0,0,1,0.06124,0.06124,0.06124,0.06124,0,0,0,0,0,0,0,0,0,0,0,0,0,0,0,0,0,0,0,0,0,0,0,0,0,0,0,0,0,0,0,2026-08-27 17:07:15.578813+00,2026-08-27 17:07:15.578813+00
10,16384,t,4503430204394381601,"MOVE ALL IN ""query-cursor_182""",0,0,0,0,0,0,1,8.930149,8.930149,8.930149,8.930149,0,0,0,0,0,0,0,0,0,0,0,0,0,0,0,0,0,0,0,0,0,0,0,0,0,0,0,0,0,0,0,2026-08-27 16:39:15.585915+00,2026-08-27 16:39:15.585915+00
10,16384,t,-1284673159225902932,"DECLARE ""query-cursor_225"" SCROLL CURSOR FOR select queryid, left(query, $1), calls, (total_plan_time + total_exec_time) as total_time from aurora_stat_statements($2) order by calls desc limit $3 FOR READ ONLY",0,0,0,0,0,0,1,0.067218,0.067218,0.067218,0.067218,0,0,0,0,0,0,0,0,0,0,0,0,0,0,0,0,0,0,0,0,0,0,0,0,0,0,0,0,0,0,0,2026-08-27 17:22:15.579901+00,2026-08-27 17:22:15.579901+00
10,16384,t,-6606435520236439547,"FETCH 50 IN ""query-cursor_242""",0,0,0,0,0,0,44,0.17547400000000002,0.002866,0.012453,0.003988045454545455,0.0016048505588109137,2200,0,0,0,0,0,0,0,0,0,0,0,0,0,0,0,0,0,0,0,0,0,0,0,0,0,0,0,0,0,2026-08-27 17:39:15.587176+00,2026-08-27 17:39:15.587176+00
10,16384,t,6298628007294062772,"DECLARE ""query-cursor_198"" SCROLL CURSOR FOR select queryid, left(query, $1), calls, (total_plan_time + total_exec_time) as total_time from aurora_stat_statements($2) order by calls desc limit $3 FOR READ ONLY",0,0,0,0,0,0,1,0.064764,0.064764,0.064764,0.064764,0,0,0,0,0,0,0,0,0,0,0,0,0,0,0,0,0,0,0,0,0,0,0,0,0,0,0,0,0,0,0,2026-08-27 16:55:15.577976+00,2026-08-27 16:55:15.577976+00
10,16384,t,4840038511516559194,"FETCH 1 IN ""query-cursor_51""",0,0,0,0,0,0,1,0.001319,0.001319,0.001319,0.001319,0,1,0,0,0,0,0,0,0,0,0,0,0,0,0,0,0,0,0,0,0,0,0,0,0,0,0,0,0,0,0,2026-08-27 14:18:15.570318+00,2026-08-27 14:18:15.570318+00
10,16384,t,-3742803685282235759,"FETCH 0 IN ""query-cursor_16""",0,0,0,0,0,0,1,0.004144,0.004144,0.004144,0.004144,0,0,0,0,0,0,0,0,0,0,0,0,0,0,0,0,0,0,0,0,0,0,0,0,0,0,0,0,0,0,0,2026-08-27 13:43:15.565026+00,2026-08-27 13:43:15.565026+00
10,16384,t,-3499858337830708346,"FETCH 0 IN ""query-cursor_124""",0,0,0,0,0,0,1,0.003931,0.003931,0.003931,0.003931,0,0,0,0,0,0,0,0,0,0,0,0,0,0,0,0,0,0,0,0,0,0,0,0,0,0,0,0,0,0,0,2026-08-27 15:31:15.572543+00,2026-08-27 15:31:15.572543+00
10,16384,t,908131807615482917,"DECLARE ""query-cursor_174"" SCROLL CURSOR FOR select queryid, left(query, $1), calls, (total_plan_time + total_exec_time) as total_time from aurora_stat_statements($2) order by calls desc limit $3 FOR READ ONLY",0,0,0,0,0,0,1,0.070381,0.070381,0.070381,0.070381,0,0,0,0,0,0,0,0,0,0,0,0,0,0,0,0,0,0,0,0,0,0,0,0,0,0,0,0,0,0,0,2026-08-27 16:31:15.576285+00,2026-08-27 16:31:15.576285+00
16410,16412,t,7327801869688913876,"CREATE TABLE SYS_STATUS (SYSTEM_CODE VARCHAR(50) NOT NULL, LAST_TOUCH_DT TIMESTAMP, PRIMARY KEY(SYSTEM_CODE))",0,0,0,0,0,0,1,3.109157,3.109157,3.109157,3.109157,0,0,195,0,0,1,0,0,0,0,0,0,0,0.002606,0,0,0,0,0,0,0,0,0,0,0,0,0,0,0,0,0,2026-08-27 13:29:50.107089+00,2026-08-27 13:29:50.107089+00
10,16384,t,4225586272575493226,"FETCH 24 IN ""query-cursor_16""",0,0,0,0,0,0,1,0.00237,0.00237,0.00237,0.00237,0,24,0,0,0,0,0,0,0,0,0,0,0,0,0,0,0,0,0,0,0,0,0,0,0,0,0,0,0,0,0,2026-08-27 13:43:15.566469+00,2026-08-27 13:43:15.566469+00
10,16384,t,-5882675488232163455,"DECLARE ""query-cursor_232"" SCROLL CURSOR FOR select queryid, left(query, $1), calls, (total_plan_time + total_exec_time) as total_time from aurora_stat_statements($2) order by calls desc limit $3 FOR READ ONLY",0,0,0,0,0,0,1,0.0665,0.0665,0.0665,0.0665,0,0,0,0,0,0,0,0,0,0,0,0,0,0,0,0,0,0,0,0,0,0,0,0,0,0,0,0,0,0,0,2026-08-27 17:29:15.580362+00,2026-08-27 17:29:15.580362+00
10,16384,t,-5039775872391802657,"MOVE -1630 IN ""query-cursor_150""",0,0,0,0,0,0,1,0.107577,0.107577,0.107577,0.107577,0,0,0,0,0,0,0,0,0,0,0,0,0,0,0,0,0,0,0,0,0,0,0,0,0,0,0,0,0,0,0,2026-08-27 15:57:16.289132+00,2026-08-27 15:57:16.289132+00
10,16384,t,-5304425592078712455,"MOVE ALL IN ""query-cursor_68""",0,0,0,0,0,0,1,1.211042,1.211042,1.211042,1.211042,0,0,0,0,0,0,0,0,0,0,0,0,0,0,0,0,0,0,0,0,0,0,0,0,0,0,0,0,0,0,0,2026-08-27 14:35:15.569995+00,2026-08-27 14:35:15.569995+00
10,16384,t,8919800113060031318,"MOVE ALL IN ""query-cursor_60""",0,0,0,0,0,0,1,1.069198,1.069198,1.069198,1.069198,0,0,0,0,0,0,0,0,0,0,0,0,0,0,0,0,0,0,0,0,0,0,0,0,0,0,0,0,0,0,0,2026-08-27 14:27:15.569289+00,2026-08-27 14:27:15.569289+00
16410,16412,t,-721337239345344863,"SELECT RES_ENT_ID,LIB_FEAT_ID,FTYPE_ID,UTYPE_CODE,SUPPRESSED,OBS_ENT_CNT FROM RES_FEAT_EKEY WHERE RES_ENT_ID IN ($1,$2,$3,$4,$5,$6,$7,$8,$9,$10,$11,$12,$13,$14,$15,$16,$17,$18,$19,$20,$21,$22,$23,$24,$25,$26,$27,$28,$29,$30,$31,$32,$33,$34,$35,$36,$37,$38,$39,$40,$41,$42,$43,$44,$45,$46,$47,$48,$49,$50,$51,$52,$53,$54,$55,$56,$57,$58,$59,$60,$61,$62,$63,$64) AND FTYPE_ID IN ($65,$66,$67,$68,$69,$70,$71,$72,$73,$74,$75,$76,$77,$78,$79,$80,$81,$82,$83,$84,$85,$86,$87,$88,$89,$90)",0,0,0,0,0,0,5,1004.3026400000001,61.514759000000005,267.96866600000004,200.86052800000002,73.55089125258428,264298,3850,0,0,0,0,0,0,0,0,0,0,0,0,0,0,0,0,0,0,0,0,0,0,0,0,0,0,0,0,2026-08-27 15:56:36.782534+00,2026-08-27 15:56:36.782534+00
10,16384,t,-598588462805794187,"DECLARE ""query-cursor_9"" SCROLL CURSOR FOR select queryid, left(query, $1), calls, (total_plan_time + total_exec_time) as total_time from aurora_stat_statements($2) order by calls desc limit $3 FOR READ ONLY",0,0,0,0,0,0,1,0.061511,0.061511,0.061511,0.061511,0,0,0,0,0,0,0,0,0,0,0,0,0,0,0,0,0,0,0,0,0,0,0,0,0,0,0,0,0,0,0,2026-08-27 13:36:15.564536+00,2026-08-27 13:36:15.564536+00
10,16384,t,-5133981630749770811,"select archived_count, failed_count as archive_failed_count from pg_stat_archiver",0,0,0,0,0,0,245,5.476867999999997,0.017541,0.059194000000000004,0.02235456326530611,0.0061850499103027696,245,0,0,0,0,0,0,0,0,0,0,0,0,0,0,0,0,0,0,0,0,0,0,0,0,0,0,0,0,0,2026-08-27 13:28:15.112604+00,2026-08-27 13:28:15.112604+00
10,16384,t,-4864179748423860453,"FETCH 50 IN ""query-cursor_55""",0,0,0,0,0,0,9,0.044950000000000004,0.002984,0.01211,0.004994444444444445,0.0026431383749504684,450,0,0,0,0,0,0,0,0,0,0,0,0,0,0,0,0,0,0,0,0,0,0,0,0,0,0,0,0,0,2026-08-27 14:22:15.568978+00,2026-08-27 14:22:15.568978+00
10,16384,t,-3126881733675166478,"FETCH 49 IN ""query-cursor_6""",0,0,0,0,0,0,1,0.003233,0.003233,0.003233,0.003233,0,49,0,0,0,0,0,0,0,0,0,0,0,0,0,0,0,0,0,0,0,0,0,0,0,0,0,0,0,0,0,2026-08-27 13:33:15.565198+00,2026-08-27 13:33:15.565198+00
10,16384,t,7092296012782336938,ALTER ROLE rdsadmin SET idle_in_transaction_session_timeout = $1,0,0,0,0,0,0,1,0.048903,0.048903,0.048903,0.048903,0,0,3,0,0,0,0,0,0,0,0,0,0,0,0,0,0,0,0,0,0,0,0,0,0,0,0,0,0,0,0,2026-08-27 13:30:19.010546+00,2026-08-27 13:30:19.010546+00
16410,16412,t,-9006257594103303016,"SELECT OBS_ENT_ID,RES_ENT_ID FROM RES_ENT_OKEY WHERE RES_ENT_ID IN ($1,$2)",0,0,0,0,0,0,1777,65.7619480000001,0.008337,6.02189,0.0370072864378166,0.16258716802520234,5387,17775,0,0,0,0,0,0,0,0,0,0,0,0,0,0,0,0,0,0,0,0,0,0,0,0,0,0,0,0,2026-08-27 15:51:31.596542+00,2026-08-27 15:51:31.596542+00
16410,16412,t,-8311983061515014322,"SELECT OBS_ENT_ID,DSRC_ID,ENT_SRC_KEY,LOCKING_ID,FEATURES FROM OBS_ENT WHERE OBS_ENT_ID IN ($1,$2,$3,$4,$5,$6,$7,$8,$9,$10,$11,$12,$13,$14,$15,$16,$17,$18,$19,$20,$21,$22,$23,$24,$25,$26,$27,$28,$29,$30,$31,$32,$33,$34,$35,$36,$37,$38,$39,$40,$41,$42,$43,$44,$45,$46,$47,$48,$49,$50,$51,$52,$53,$54,$55,$56,$57,$58,$59,$60,$61,$62,$63,$64)",0,0,0,0,0,0,53,15.120532000000004,0.129865,1.171093,0.2852930566037737,0.14431352561114133,2050,10788,0,0,0,0,0,0,0,0,0,0,0,0,0,0,0,0,0,0,0,0,0,0,0,0,0,0,0,0,2026-08-27 16:06:10.809706+00,2026-08-27 16:06:10.809706+00
10,16384,t,-8764423776800776203,"FETCH 35 IN ""query-cursor_223""",0,0,0,0,0,0,1,0.002901,0.002901,0.002901,0.002901,0,35,0,0,0,0,0,0,0,0,0,0,0,0,0,0,0,0,0,0,0,0,0,0,0,0,0,0,0,0,0,2026-08-27 17:20:15.598376+00,2026-08-27 17:20:15.598376+00
16410,16412,t,8748208467842609239,"INSERT INTO RES_FEAT_EKEY(RES_ENT_ID,LIB_FEAT_ID,FTYPE_ID,UTYPE_CODE,SUPPRESSED,OBS_ENT_CNT) VALUES ($1,$2,$3,$4,$5,$6),($7,$8,$9,$10,$11,$12),($13,$14,$15,$16,$17,$18),($19,$20,$21,$22,$23,$24) ON CONFLICT DO NOTHING",0,0,0,0,0,0,72953,143476.8365009973,0.050732,666.9185640000001,1.9667023494715408,7.666967153865516,291812,3614199,0,0,3768,0,0,0,0,0,0,0,327.66444800000016,0,0,0,0,0,0,0,0,0,0,0,0,0,0,0,0,0,2026-08-27 15:50:47.010976+00,2026-08-27 15:50:47.010976+00
10,16384,t,-756605959866204222,"FETCH 19 IN ""query-cursor_212""",0,0,0,0,0,0,1,0.002214,0.002214,0.002214,0.002214,0,19,0,0,0,0,0,0,0,0,0,0,0,0,0,0,0,0,0,0,0,0,0,0,0,0,0,0,0,0,0,2026-08-27 17:09:15.597537+00,2026-08-27 17:09:15.597537+00
16410,16412,t,6280443813855842108,"SELECT OBS_ENT_ID,RES_ENT_ID FROM RES_ENT_OKEY WHERE OBS_ENT_ID IN ($1,$2,$3,$4)",0,0,0,0,0,0,630,21.515788000000008,0.015129,1.022119,0.03415204444444446,0.04122396506650441,2015,8300,0,0,0,0,0,0,0,0,0,0,0,0,0,0,0,0,0,0,0,0,0,0,0,0,0,0,0,0,2026-08-27 15:51:40.771321+00,2026-08-27 15:51:40.771321+00
10,16384,t,-4259630191317040559,"select name,setting from pg_settings where name IN($1,$2,$3,$4,$5,$6,$7,$8,$9,$10,$11,$12,$13,$14,$15,$16,$17,$18,$19,$20,$21,$22,$23,$24,$25,$26,$27,$28,$29,$30,$31,$32,$33,$34,$35,$36,$37,$38,$39,$40,$41,$42,$43,$44,$45,$46,$47,$48,$49,$50,$51,$52,$53,$54,$55,$56,$57,$58,$59,$60,$61,$62,$63,$64,$65,$66,$67,$68,$69,$70,$71,$72,$73,$74,$75,$76,$77,$78,$79,$80,$81,$82,$83,$84,$85,$86,$87,$88,$89,$90,$91,$92,$93,$94,$95,$96,$97,$98,$99,$100,$101,$102,$103,$104,$105,$106,$107,$108,$109,$110,$111,$112,$113,$114,$115,$116,$117,$118,$119,$120,$121,$122,$123,$124,$125,$126,$127,$128,$129,$130,$131,$132,$133,$134,$135,$136,$137,$138,$139,$140,$141,$142,$143,$144,$145,$146,$147,$148,$149,$150,$151,$152,$153,$154,$155,$156,$157,$158,$159,$160,$161,$162,$163,$164,$165,$166,$167,$168,$169,$170,$171,$172,$173,$174,$175,$176,$177,$178,$179,$180,$181,$182,$183,$184,$185,$186,$187,$188,$189,$190,$191,$192,$193,$194,$195,$196,$197,$198,$199,$200,$201,$202,$203,$204,$205,$206,$207,$208,$209,$210,$211,$212,$213,$214,$215,$216,$217,$218,$219,$220,$221,$222,$223,$224,$225,$226,$227,$228,$229,$230,$231,$232,$233,$234,$235,$236,$237,$238,$239,$240,$241,$242,$243,$244,$245,$246,$247,$248,$249,$250,$251,$252,$253,$254,$255,$256,$257,$258,$259,$260,$261,$262,$263,$264,$265,$266,$267,$268,$269,$270,$271,$272,$273,$274,$275,$276,$277,$278,$279,$280,$281,$282,$283,$284,$285,$286,$287,$288,$289,$290,$291,$292,$293,$294,$295,$296,$297,$298,$299,$300,$301,$302,$303,$304,$305,$306,$307,$308,$309,$310,$311,$312,$313,$314) order by name",0,0,0,0,0,0,1,1.57376,1.57376,1.57376,1.57376,0,296,0,0,0,0,0,0,0,0,0,0,0,0,0,0,0,0,0,0,0,0,0,0,0,0,0,0,0,0,0,2026-08-27 13:39:26.512177+00,2026-08-27 13:39:26.512177+00
10,16384,t,-5244319201005379985,"FETCH 50 IN ""query-cursor_203""",0,0,0,0,0,0,40,0.15251900000000002,0.00276,0.006984,0.0038129750000000006,0.0010074871584169196,2000,0,0,0,0,0,0,0,0,0,0,0,0,0,0,0,0,0,0,0,0,0,0,0,0,0,0,0,0,0,2026-08-27 17:00:15.583847+00,2026-08-27 17:00:15.583847+00
16410,16412,t,-1819450863720510829,"SELECT RES_ENT_ID,REL_ENT_ID,RES_REL_ID FROM RES_REL_EKEY WHERE RES_ENT_ID IN ($1,$2,$3,$4,$5,$6,$7,$8)",0,0,0,0,0,0,17004,3237.8831489999952,0.023253,51.033012,0.1904189101976003,1.2039277998760418,1317659,1076547,0,0,0,0,0,0,0,0,0,0,0,0,0,0,0,0,0,0,0,0,0,0,0,0,0,0,0,0,2026-08-27 15:51:00.71851+00,2026-08-27 15:51:00.71851+00
10,16384,t,1052882123376793659,"MOVE -2148 IN ""query-cursor_225""",0,0,0,0,0,0,1,0.040728,0.040728,0.040728,0.040728,0,0,0,0,0,0,0,0,0,0,0,0,0,0,0,0,0,0,0,0,0,0,0,0,0,0,0,0,0,0,0,2026-08-27 17:22:15.585459+00,2026-08-27 17:22:15.585459+00
10,16384,t,6451639769391870573,"FETCH 0 IN ""query-cursor_235""",0,0,0,0,0,0,1,0.003759,0.003759,0.003759,0.003759,0,0,0,0,0,0,0,0,0,0,0,0,0,0,0,0,0,0,0,0,0,0,0,0,0,0,0,0,0,0,0,2026-08-27 17:32:15.580644+00,2026-08-27 17:32:15.580644+00
10,16384,t,3843361036677739611,"DECLARE ""query-cursor_219"" SCROLL CURSOR FOR select queryid, left(query, $1), calls, (total_plan_time + total_exec_time) as total_time from aurora_stat_statements($2) order by calls desc limit $3 FOR READ ONLY",0,0,0,0,0,0,1,0.068517,0.068517,0.068517,0.068517,0,0,0,0,0,0,0,0,0,0,0,0,0,0,0,0,0,0,0,0,0,0,0,0,0,0,0,0,0,0,0,2026-08-27 17:16:15.579517+00,2026-08-27 17:16:15.579517+00
10,16384,t,4276964618400203281,"DECLARE ""query-cursor_39"" SCROLL CURSOR FOR select queryid, left(query, $1), calls, (total_plan_time + total_exec_time) as total_time from aurora_stat_statements($2) order by calls desc limit $3 FOR READ ONLY",0,0,0,0,0,0,1,0.07588,0.07588,0.07588,0.07588,0,0,0,0,0,0,0,0,0,0,0,0,0,0,0,0,0,0,0,0,0,0,0,0,0,0,0,0,0,0,0,2026-08-27 14:06:15.566682+00,2026-08-27 14:06:15.566682+00
10,16384,t,8886569308969711255,"select coalesce(greatest((select max(nullif(age(feedback_xmin::text::xid),$1)) as oldest_reader_feedback_xid_age from aurora_replica_status() ), (select max(nullif(age(feedback_xmin::text::xid),$2)) as oldest_globaldb_reader_feedback_xid_age from aurora_global_db_status()) ),$3) as oldest_reader_feedback_xid_age",0,0,0,0,0,0,245,5.042014000000001,0.018249,0.080107,0.02057964897959184,0.004852041586633128,245,0,0,0,0,0,0,0,0,0,0,0,0,0,0,0,0,0,0,0,0,0,0,0,0,0,0,0,0,0,2026-08-27 13:28:15.132979+00,2026-08-27 13:28:15.132979+00
10,16384,t,4122086860735137599,"MOVE -976 IN ""query-cursor_137""",0,0,0,0,0,0,1,0.019024,0.019024,0.019024,0.019024,0,0,0,0,0,0,0,0,0,0,0,0,0,0,0,0,0,0,0,0,0,0,0,0,0,0,0,0,0,0,0,2026-08-27 15:44:15.575709+00,2026-08-27 15:44:15.575709+00
10,16384,t,-5852257542849163230,"FETCH 50 IN ""query-cursor_237""",0,0,0,0,0,0,44,0.166748,0.002807,0.006836,0.0037897272727272727,0.0010249064782975072,2200,0,0,0,0,0,0,0,0,0,0,0,0,0,0,0,0,0,0,0,0,0,0,0,0,0,0,0,0,0,2026-08-27 17:34:15.586744+00,2026-08-27 17:34:15.586744+00
16410,16412,t,-7171290241277608209,DELETE FROM RES_FEAT_EKEY WHERE ((RES_ENT_ID=$1 AND LIB_FEAT_ID=$2 AND UTYPE_CODE=$3)OR(RES_ENT_ID=$4 AND LIB_FEAT_ID=$5 AND UTYPE_CODE=$6)OR(RES_ENT_ID=$7 AND LIB_FEAT_ID=$8 AND UTYPE_CODE=$9)OR(RES_ENT_ID=$10 AND LIB_FEAT_ID=$11 AND UTYPE_CODE=$12)OR(RES_ENT_ID=$13 AND LIB_FEAT_ID=$14 AND UTYPE_CODE=$15)OR(RES_ENT_ID=$16 AND LIB_FEAT_ID=$17 AND UTYPE_CODE=$18)OR(RES_ENT_ID=$19 AND LIB_FEAT_ID=$20 AND UTYPE_CODE=$21)OR(RES_ENT_ID=$22 AND LIB_FEAT_ID=$23 AND UTYPE_CODE=$24)OR(RES_ENT_ID=$25 AND LIB_FEAT_ID=$26 AND UTYPE_CODE=$27)OR(RES_ENT_ID=$28 AND LIB_FEAT_ID=$29 AND UTYPE_CODE=$30)OR(RES_ENT_ID=$31 AND LIB_FEAT_ID=$32 AND UTYPE_CODE=$33)OR(RES_ENT_ID=$34 AND LIB_FEAT_ID=$35 AND UTYPE_CODE=$36)OR(RES_ENT_ID=$37 AND LIB_FEAT_ID=$38 AND UTYPE_CODE=$39)OR(RES_ENT_ID=$40 AND LIB_FEAT_ID=$41 AND UTYPE_CODE=$42)OR(RES_ENT_ID=$43 AND LIB_FEAT_ID=$44 AND UTYPE_CODE=$45)OR(RES_ENT_ID=$46 AND LIB_FEAT_ID=$47 AND UTYPE_CODE=$48)OR(RES_ENT_ID=$49 AND LIB_FEAT_ID=$50 AND UTYPE_CODE=$51)OR(RES_ENT_ID=$52 AND LIB_FEAT_ID=$53 AND UTYPE_CODE=$54)OR(RES_ENT_ID=$55 AND LIB_FEAT_ID=$56 AND UTYPE_CODE=$57)OR(RES_ENT_ID=$58 AND LIB_FEAT_ID=$59 AND UTYPE_CODE=$60)),0,0,0,0,0,0,375,546.6767219999999,0.026883,81.780971,1.4578045919999998,6.380416576675025,7335,37620,0,0,0,0,0,0,0,0,0,0,0,0,0,0,0,0,0,0,0,0,0,0,0,0,0,0,0,0,2026-08-27 15:51:36.616786+00,2026-08-27 15:51:36.616786+00
10,16384,t,-8883054155788225059,"DECLARE ""query-cursor_233"" SCROLL CURSOR FOR select queryid, left(query, $1), calls, (total_plan_time + total_exec_time) as total_time from aurora_stat_statements($2) order by calls desc limit $3 FOR READ ONLY",0,0,0,0,0,0,1,0.065063,0.065063,0.065063,0.065063,0,0,0,0,0,0,0,0,0,0,0,0,0,0,0,0,0,0,0,0,0,0,0,0,0,0,0,0,0,0,0,2026-08-27 17:30:15.580447+00,2026-08-27 17:30:15.580447+00
10,16384,t,-9020576586821233151,"select queryid, calls, (total_plan_time + total_exec_time) as total_time, rows, shared_blks_hit, shared_blks_dirtied, shared_blks_read, shared_blks_written, local_blks_hit, local_blks_dirtied, local_blks_read, local_blks_written, temp_blks_read, temp_blks_written, storage_blks_read, orcache_blks_hit, shared_blk_read_time as blk_read_time, shared_blk_write_time as blk_write_time, storage_blk_read_time, local_blk_read_time, orcache_blk_read_time, total_plan_time, total_exec_time from aurora_stat_statements($1) where queryid in ($2)",0,0,0,0,0,0,2,0.33322399999999996,0.160359,0.172865,0.16661199999999998,0.006253000000000002,2,0,0,0,0,0,0,0,0,0,0,0,0,0,0,0,0,0,0,0,0,0,0,0,0,0,0,0,0,0,2026-08-27 13:30:25.56459+00,2026-08-27 13:30:25.56459+00
10,16384,t,8345166451901573930,"MOVE -267 IN ""query-cursor_20""",0,0,0,0,0,0,1,0.007012,0.007012,0.007012,0.007012,0,0,0,0,0,0,0,0,0,0,0,0,0,0,0,0,0,0,0,0,0,0,0,0,0,0,0,0,0,0,0,2026-08-27 13:47:15.566072+00,2026-08-27 13:47:15.566072+00
10,16384,t,5958161827212434546,"MOVE ALL IN ""query-cursor_147""",0,0,0,0,0,0,1,4.542606,4.542606,4.542606,4.542606,0,0,0,0,0,0,0,0,0,0,0,0,0,0,0,0,0,0,0,0,0,0,0,0,0,0,0,0,0,0,0,2026-08-27 15:54:15.57896+00,2026-08-27 15:54:15.57896+00
10,16384,t,-8157429883568674942,"MOVE -2130 IN ""query-cursor_222""",0,0,0,0,0,0,1,0.04017,0.04017,0.04017,0.04017,0,0,0,0,0,0,0,0,0,0,0,0,0,0,0,0,0,0,0,0,0,0,0,0,0,0,0,0,0,0,0,2026-08-27 17:19:15.584993+00,2026-08-27 17:19:15.584993+00
10,16384,t,7147381088959138406,"MOVE -820 IN ""query-cursor_111""",0,0,0,0,0,0,1,0.01771,0.01771,0.01771,0.01771,0,0,0,0,0,0,0,0,0,0,0,0,0,0,0,0,0,0,0,0,0,0,0,0,0,0,0,0,0,0,0,2026-08-27 15:18:15.573503+00,2026-08-27 15:18:15.573503+00
16410,16412,t,4033788947482109185,"INSERT INTO LIB_FEAT(LIB_FEAT_ID,FTYPE_ID,FEAT_HASH,FEAT_DESC,FELEM_VALUES,ANONYMIZED,VERSION) VALUES ($1,$2,$3,$4,$5,$6,$7),($8,$9,$10,$11,$12,$13,$14) ON CONFLICT(FTYPE_ID,FEAT_HASH,ANONYMIZED) DO UPDATE SET FTYPE_ID=LIB_FEAT.FTYPE_ID,FEAT_HASH=LIB_FEAT.FEAT_HASH,ANONYMIZED=LIB_FEAT.ANONYMIZED RETURNING LIB_FEAT_ID,FTYPE_ID,FEAT_HASH,ANONYMIZED,FEAT_DESC",0,0,0,0,0,0,43559,605124.168862,0.057783,1280.141389,13.892058331504396,60.859303647665456,87118,1791886,3,0,41217,0,0,0,0,0,0,0,920.6915720000004,0,0,0,0,0,0,0,0,0,0,0,0,0,0,0,0,0,2026-08-27 15:50:46.922151+00,2026-08-27 15:50:46.922151+00
10,16384,t,6753023857211228318,"MOVE ALL IN ""query-cursor_78""",0,0,0,0,0,0,1,1.318093,1.318093,1.318093,1.318093,0,0,0,0,0,0,0,0,0,0,0,0,0,0,0,0,0,0,0,0,0,0,0,0,0,0,0,0,0,0,0,2026-08-27 14:45:15.570791+00,2026-08-27 14:45:15.570791+00
10,16384,t,-1125058877033521186,"FETCH 50 IN ""query-cursor_182""",0,0,0,0,0,0,37,0.24474299999999996,0.005616,0.009559,0.006614675675675675,0.0010514771348365134,1850,0,0,0,0,0,0,0,0,0,0,0,0,0,0,0,0,0,0,0,0,0,0,0,0,0,0,0,0,0,2026-08-27 16:39:15.586131+00,2026-08-27 16:39:15.586131+00
16410,16412,t,-6200324751806807237,"INSERT INTO RES_FEAT_STAT(LIB_FEAT_ID,FTYPE_ID,NUM_RES_ENT,NUM_RES_ENT_OOM) VALUES ($1,$2,$3,$4),($5,$6,$7,$8),($9,$10,$11,$12),($13,$14,$15,$16),($17,$18,$19,$20),($21,$22,$23,$24),($25,$26,$27,$28),($29,$30,$31,$32),($33,$34,$35,$36),($37,$38,$39,$40),($41,$42,$43,$44),($45,$46,$47,$48),($49,$50,$51,$52),($53,$54,$55,$56),($57,$58,$59,$60),($61,$62,$63,$64),($65,$66,$67,$68),($69,$70,$71,$72) ON CONFLICT DO NOTHING",0,0,0,0,0,0,21891,94870.85853499993,0.164642,582.745708,4.333783679822755,15.592528445961912,393931,3243748,0,0,4359,0,0,0,0,0,0,0,214.79211700000022,0,0,0,0,0,0,0,0,0,0,0,0,0,0,0,0,0,2026-08-27 15:50:46.970767+00,2026-08-27 15:50:46.970767+00
10,16384,t,6085583513226254083,"DECLARE ""query-cursor_160"" SCROLL CURSOR FOR select queryid, left(query, $1), calls, (total_plan_time + total_exec_time) as total_time from aurora_stat_statements($2) order by calls desc limit $3 FOR READ ONLY",0,0,0,0,0,0,1,0.077423,0.077423,0.077423,0.077423,0,0,0,0,0,0,0,0,0,0,0,0,0,0,0,0,0,0,0,0,0,0,0,0,0,0,0,0,0,0,0,2026-08-27 16:12:15.802289+00,2026-08-27 16:12:15.802289+00
16410,16412,t,-5017160063264973174,"SELECT RES_ENT_ID,LIB_FEAT_ID,FTYPE_ID,UTYPE_CODE,SUPPRESSED,OBS_ENT_CNT FROM RES_FEAT_EKEY WHERE RES_ENT_ID IN ($1,$2,$3,$4,$5,$6,$7,$8) AND FTYPE_ID IN ($9,$10,$11,$12,$13,$14,$15,$16,$17)",0,0,0,0,0,0,23178,9945.965336000003,0.064327,57.114351,0.42911231926827176,2.0478815184984014,2556810,659519,0,0,0,0,0,0,0,0,0,0,0,0,0,0,0,0,0,0,0,0,0,0,0,0,0,0,0,0,2026-08-27 15:50:51.987929+00,2026-08-27 15:50:51.987929+00
10,16384,t,-9182421049693904156,"MOVE ALL IN ""query-cursor_74""",0,0,0,0,0,0,1,1.27464,1.27464,1.27464,1.27464,0,0,0,0,0,0,0,0,0,0,0,0,0,0,0,0,0,0,0,0,0,0,0,0,0,0,0,0,0,0,0,2026-08-27 14:41:15.570476+00,2026-08-27 14:41:15.570476+00
16410,16412,t,-4767114727998009367,"SELECT RES_ENT_ID,LIB_FEAT_ID,FTYPE_ID,UTYPE_CODE,SUPPRESSED,OBS_ENT_CNT FROM RES_FEAT_EKEY WHERE RES_ENT_ID IN ($1,$2,$3,$4) AND FTYPE_ID IN ($5,$6,$7,$8,$9,$10,$11,$12,$13,$14,$15,$16,$17,$18,$19,$20,$21,$22,$23,$24,$25,$26,$27,$28,$29,$30,$31,$32,$33,$34,$35,$36,$37,$38,$39,$40,$41,$42,$43,$44,$45,$46,$47,$48,$49,$50,$51,$52,$53,$54,$55,$56,$57,$58,$59,$60,$61,$62)",0,0,0,0,0,0,1,0.143984,0.143984,0.143984,0.143984,0,94,17,0,0,0,0,0,0,0,0,0,0,0,0,0,0,0,0,0,0,0,0,0,0,0,0,0,0,0,0,2026-08-27 16:07:56.857992+00,2026-08-27 16:07:56.857992+00
10,16384,t,-6506649058495261631,"FETCH 21 IN ""query-cursor_229""",0,0,0,0,0,0,1,0.002475,0.002475,0.002475,0.002475,0,21,0,0,0,0,0,0,0,0,0,0,0,0,0,0,0,0,0,0,0,0,0,0,0,0,0,0,0,0,0,2026-08-27 17:26:15.599272+00,2026-08-27 17:26:15.599272+00
10,16384,t,6177898695605271859,"MOVE ALL IN ""query-cursor_141""",0,0,0,0,0,0,1,2.150955,2.150955,2.150955,2.150955,0,0,0,0,0,0,0,0,0,0,0,0,0,0,0,0,0,0,0,0,0,0,0,0,0,0,0,0,0,0,0,2026-08-27 15:48:15.576+00,2026-08-27 15:48:15.576+00
10,16384,t,9162750476389724270,"FETCH 19 IN ""query-cursor_237""",0,0,0,0,0,0,1,0.002069,0.002069,0.002069,0.002069,0,19,0,0,0,0,0,0,0,0,0,0,0,0,0,0,0,0,0,0,0,0,0,0,0,0,0,0,0,0,0,2026-08-27 17:34:15.600152+00,2026-08-27 17:34:15.600152+00
10,16384,t,214832502430696781,"MOVE -1794 IN ""query-cursor_166""",0,0,0,0,0,0,1,0.03408,0.03408,0.03408,0.03408,0,0,0,0,0,0,0,0,0,0,0,0,0,0,0,0,0,0,0,0,0,0,0,0,0,0,0,0,0,0,0,2026-08-27 16:23:15.581236+00,2026-08-27 16:23:15.581236+00
10,16384,t,4474156388312836154,"FETCH 0 IN ""query-cursor_127""",0,0,0,0,0,0,1,0.003211,0.003211,0.003211,0.003211,0,0,0,0,0,0,0,0,0,0,0,0,0,0,0,0,0,0,0,0,0,0,0,0,0,0,0,0,0,0,0,2026-08-27 15:34:15.572763+00,2026-08-27 15:34:15.572763+00
10,16384,t,9032876954625188706,"MOVE ALL IN ""query-cursor_120""",0,0,0,0,0,0,1,1.843077,1.843077,1.843077,1.843077,0,0,0,0,0,0,0,0,0,0,0,0,0,0,0,0,0,0,0,0,0,0,0,0,0,0,0,0,0,0,0,2026-08-27 15:27:15.574126+00,2026-08-27 15:27:15.574126+00
10,16384,t,6552391891046651618,"MOVE -2238 IN ""query-cursor_240""",0,0,0,0,0,0,1,0.04147,0.04147,0.04147,0.04147,0,0,0,0,0,0,0,0,0,0,0,0,0,0,0,0,0,0,0,0,0,0,0,0,0,0,0,0,0,0,0,2026-08-27 17:37:15.587013+00,2026-08-27 17:37:15.587013+00
16410,16412,t,-5205078865400121582,DELETE FROM RES_FEAT_EKEY WHERE ((RES_ENT_ID=$1 AND LIB_FEAT_ID=$2 AND UTYPE_CODE=$3)OR(RES_ENT_ID=$4 AND LIB_FEAT_ID=$5 AND UTYPE_CODE=$6)OR(RES_ENT_ID=$7 AND LIB_FEAT_ID=$8 AND UTYPE_CODE=$9)OR(RES_ENT_ID=$10 AND LIB_FEAT_ID=$11 AND UTYPE_CODE=$12)OR(RES_ENT_ID=$13 AND LIB_FEAT_ID=$14 AND UTYPE_CODE=$15)OR(RES_ENT_ID=$16 AND LIB_FEAT_ID=$17 AND UTYPE_CODE=$18)OR(RES_ENT_ID=$19 AND LIB_FEAT_ID=$20 AND UTYPE_CODE=$21)OR(RES_ENT_ID=$22 AND LIB_FEAT_ID=$23 AND UTYPE_CODE=$24)OR(RES_ENT_ID=$25 AND LIB_FEAT_ID=$26 AND UTYPE_CODE=$27)OR(RES_ENT_ID=$28 AND LIB_FEAT_ID=$29 AND UTYPE_CODE=$30)OR(RES_ENT_ID=$31 AND LIB_FEAT_ID=$32 AND UTYPE_CODE=$33)OR(RES_ENT_ID=$34 AND LIB_FEAT_ID=$35 AND UTYPE_CODE=$36)OR(RES_ENT_ID=$37 AND LIB_FEAT_ID=$38 AND UTYPE_CODE=$39)OR(RES_ENT_ID=$40 AND LIB_FEAT_ID=$41 AND UTYPE_CODE=$42)OR(RES_ENT_ID=$43 AND LIB_FEAT_ID=$44 AND UTYPE_CODE=$45)OR(RES_ENT_ID=$46 AND LIB_FEAT_ID=$47 AND UTYPE_CODE=$48)OR(RES_ENT_ID=$49 AND LIB_FEAT_ID=$50 AND UTYPE_CODE=$51)OR(RES_ENT_ID=$52 AND LIB_FEAT_ID=$53 AND UTYPE_CODE=$54)OR(RES_ENT_ID=$55 AND LIB_FEAT_ID=$56 AND UTYPE_CODE=$57)OR(RES_ENT_ID=$58 AND LIB_FEAT_ID=$59 AND UTYPE_CODE=$60)OR(RES_ENT_ID=$61 AND LIB_FEAT_ID=$62 AND UTYPE_CODE=$63)),0,0,0,0,0,0,327,398.65090200000003,0.040346,28.991533999999998,1.2191159082568808,4.623663332943601,6745,34449,0,0,0,0,0,0,0,0,0,0,0,0,0,0,0,0,0,0,0,0,0,0,0,0,0,0,0,0,2026-08-27 15:52:30.889288+00,2026-08-27 15:52:30.889288+00
10,16384,t,-2342979301989642328,"FETCH 50 IN ""query-cursor_4""",0,0,0,0,0,0,2,0.008597,0.003705,0.004892,0.0042985,0.0005935000000000001,100,0,0,0,0,0,0,0,0,0,0,0,0,0,0,0,0,0,0,0,0,0,0,0,0,0,0,0,0,0,2026-08-27 13:31:15.564622+00,2026-08-27 13:31:15.564622+00
16410,16412,t,-8406495899927503950,"SELECT RES_ENT_ID,LIB_FEAT_ID,FTYPE_ID,UTYPE_CODE,SUPPRESSED,OBS_ENT_CNT FROM RES_FEAT_EKEY WHERE RES_ENT_ID IN ($1,$2) AND FTYPE_ID IN ($3,$4,$5,$6,$7,$8,$9,$10,$11,$12,$13,$14)",0,0,0,0,0,0,7004,2221.565998000004,0.026905000000000002,171.814012,0.3171853223872079,3.096779055061105,914107,71867,0,0,0,0,0,0,0,0,0,0,0,0,0,0,0,0,0,0,0,0,0,0,0,0,0,0,0,0,2026-08-27 15:50:47.12628+00,2026-08-27 15:50:47.12628+00
10,16384,t,5720702375350158147,"FETCH 50 IN ""query-cursor_173""",0,0,0,0,0,0,36,0.137531,0.002788,0.006185,0.003820305555555555,0.000994414339628117,1800,0,0,0,0,0,0,0,0,0,0,0,0,0,0,0,0,0,0,0,0,0,0,0,0,0,0,0,0,0,2026-08-27 16:30:15.581185+00,2026-08-27 16:30:15.581185+00
10,16384,t,1192949475919089955,"MOVE -1404 IN ""query-cursor_144""",0,0,0,0,0,0,1,0.026421,0.026421,0.026421,0.026421,0,0,0,0,0,0,0,0,0,0,0,0,0,0,0,0,0,0,0,0,0,0,0,0,0,0,0,0,0,0,0,2026-08-27 15:51:15.577685+00,2026-08-27 15:51:15.577685+00
16410,16412,t,-4559638747601883766,"SELECT OBS_ENT_ID,LOCKING_ID FROM OBS_ENT WHERE OBS_ENT_ID IN ($1,$2,$3,$4,$5,$6,$7,$8)",0,0,0,0,0,0,300,14.326194000000012,0.019511999999999998,0.13786500000000002,0.047753980000000036,0.017410285760040438,1797,10289,0,0,0,0,0,0,0,0,0,0,0,0,0,0,0,0,0,0,0,0,0,0,0,0,0,0,0,0,2026-08-27 15:58:06.573798+00,2026-08-27 15:58:06.573798+00
10,16384,t,18195321338328301,"MOVE ALL IN ""query-cursor_15""",0,0,0,0,0,0,1,0.474771,0.474771,0.474771,0.474771,0,0,0,0,0,0,0,0,0,0,0,0,0,0,0,0,0,0,0,0,0,0,0,0,0,0,0,0,0,0,0,2026-08-27 13:42:15.565515+00,2026-08-27 13:42:15.565515+00
16410,16412,t,-7736131640724432071,"CREATE TABLE SYS_CODES_USED (CODE_ID BIGINT NOT NULL, CODE_TYPE VARCHAR(25) NOT NULL, CODE VARCHAR(255) NOT NULL, PRIMARY KEY(CODE_TYPE, CODE))",0,0,0,0,0,0,1,3.150306,3.150306,3.150306,3.150306,0,0,222,0,0,0,0,0,0,0,0,0,0,0,0,0,0,0,0,0,0,0,0,0,0,0,0,0,0,0,0,2026-08-27 13:29:50.091067+00,2026-08-27 13:29:50.091067+00
10,16384,t,-6589068325743308549,"FETCH 39 IN ""query-cursor_49""",0,0,0,0,0,0,1,0.003172,0.003172,0.003172,0.003172,0,39,0,0,0,0,0,0,0,0,0,0,0,0,0,0,0,0,0,0,0,0,0,0,0,0,0,0,0,0,0,2026-08-27 14:16:15.570009+00,2026-08-27 14:16:15.570009+00
16410,16412,t,-5116841175057705024,DELETE FROM RES_FEAT_EKEY WHERE ((RES_ENT_ID=$1 AND LIB_FEAT_ID=$2 AND UTYPE_CODE=$3)OR(RES_ENT_ID=$4 AND LIB_FEAT_ID=$5 AND UTYPE_CODE=$6)OR(RES_ENT_ID=$7 AND LIB_FEAT_ID=$8 AND UTYPE_CODE=$9)OR(RES_ENT_ID=$10 AND LIB_FEAT_ID=$11 AND UTYPE_CODE=$12)OR(RES_ENT_ID=$13 AND LIB_FEAT_ID=$14 AND UTYPE_CODE=$15)OR(RES_ENT_ID=$16 AND LIB_FEAT_ID=$17 AND UTYPE_CODE=$18)OR(RES_ENT_ID=$19 AND LIB_FEAT_ID=$20 AND UTYPE_CODE=$21)OR(RES_ENT_ID=$22 AND LIB_FEAT_ID=$23 AND UTYPE_CODE=$24)OR(RES_ENT_ID=$25 AND LIB_FEAT_ID=$26 AND UTYPE_CODE=$27)OR(RES_ENT_ID=$28 AND LIB_FEAT_ID=$29 AND UTYPE_CODE=$30)OR(RES_ENT_ID=$31 AND LIB_FEAT_ID=$32 AND UTYPE_CODE=$33)OR(RES_ENT_ID=$34 AND LIB_FEAT_ID=$35 AND UTYPE_CODE=$36)),0,0,0,0,0,0,1506,2424.1302039999996,0.025074000000000003,95.974903,1.609648209827357,6.26983901234587,17977,91942,0,0,0,0,0,0,0,0,0,0,0,0,0,0,0,0,0,0,0,0,0,0,0,0,0,0,0,0,2026-08-27 15:51:47.820014+00,2026-08-27 15:51:47.820014+00
10,16384,t,421511625108485087,"FETCH 36 IN ""query-cursor_173""",0,0,0,0,0,0,1,0.003117,0.003117,0.003117,0.003117,0,36,0,0,0,0,0,0,0,0,0,0,0,0,0,0,0,0,0,0,0,0,0,0,0,0,0,0,0,0,0,2026-08-27 16:30:15.593211+00,2026-08-27 16:30:15.593211+00
16410,16412,t,-2267411078293970552,"INSERT INTO RES_RELATE(RES_REL_ID,MIN_RES_ENT_ID,MAX_RES_ENT_ID,IS_DISCLOSED,IS_AMBIGUOUS,LAST_ERRULE_ID,MATCH_KEY,MATCH_KEY_DETAILS,MATCH_LEVELS) VALUES ($1,$2,$3,$4,$5,$6,$7,$8,$9),($10,$11,$12,$13,$14,$15,$16,$17,$18) ON CONFLICT DO NOTHING",0,0,0,0,0,0,97584,80044.38165399956,0.028853999999999998,213.708173,0.8202613302795495,3.4527178195729427,195168,1651614,1,0,9746,0,0,0,0,0,0,0,681.3465040000053,0,0,0,0,0,0,0,0,0,0,0,0,0,0,0,0,0,2026-08-27 15:50:49.170588+00,2026-08-27 15:50:49.170588+00
16410,16412,t,-4688637628693919465,"SELECT LIB_FEAT_ID,NUM_RES_ENT,NUM_RES_ENT_OOM,CANDIDATE_CAP_REACHED,SCORING_CAP_REACHED FROM RES_FEAT_STAT WHERE LIB_FEAT_ID IN ($1,$2,$3,$4,$5,$6,$7,$8)",0,0,0,0,0,0,494908,52145.50230499965,0.008174,391.251645,0.10536403191098073,0.8272307177828854,3060372,14055888,0,0,0,0,0,0,0,0,0,0,0,0,0,0,0,0,0,0,0,0,0,0,0,0,0,0,0,0,2026-08-27 15:50:47.026433+00,2026-08-27 15:50:47.026433+00
16410,16412,t,3124610481908705070,"SELECT RES_ENT_ID,LIB_FEAT_ID,FTYPE_ID,UTYPE_CODE,SUPPRESSED,OBS_ENT_CNT FROM RES_FEAT_EKEY WHERE RES_ENT_ID IN ($1,$2,$3,$4) AND FTYPE_ID IN ($5,$6,$7,$8,$9,$10,$11,$12,$13,$14,$15,$16)",0,0,0,0,0,0,8822,5162.129380000009,0.043151,100.305887,0.5851427544774438,3.4678899741969813,2136295,156675,0,0,0,0,0,0,0,0,0,0,0,0,0,0,0,0,0,0,0,0,0,0,0,0,0,0,0,0,2026-08-27 15:50:47.543014+00,2026-08-27 15:50:47.543014+00
10,16384,t,6380728026335310008,"DECLARE ""query-cursor_123"" SCROLL CURSOR FOR select queryid, left(query, $1), calls, (total_plan_time + total_exec_time) as total_time from aurora_stat_statements($2) order by calls desc limit $3 FOR READ ONLY",0,0,0,0,0,0,1,0.058742,0.058742,0.058742,0.058742,0,0,0,0,0,0,0,0,0,0,0,0,0,0,0,0,0,0,0,0,0,0,0,0,0,0,0,0,0,0,0,2026-08-27 15:30:15.572441+00,2026-08-27 15:30:15.572441+00
10,16384,t,163517582903885794,"SELECT viewname, md5(pg_get_viewdef($1 || viewname)::text) FROM pg_views WHERE schemaname = $2 ORDER BY viewname",0,0,0,0,0,0,25,336.177588,9.23298,98.62177799999999,13.44710352,17.439469954375525,1625,8270,63,0,0,0,0,0,0,0,0,69.948351,0,0,0,0,0,0,0,0,0,0,0,0,0,0,0,0,0,0,2026-08-27 13:35:56.744762+00,2026-08-27 13:35:56.744762+00
10,16384,t,8824313957282204489,"FETCH 20 IN ""query-cursor_61""",0,0,0,0,0,0,1,0.002186,0.002186,0.002186,0.002186,0,20,0,0,0,0,0,0,0,0,0,0,0,0,0,0,0,0,0,0,0,0,0,0,0,0,0,0,0,0,0,2026-08-27 14:28:15.571464+00,2026-08-27 14:28:15.571464+00
10,16384,t,-6485337810111214644,"DECLARE ""query-cursor_73"" SCROLL CURSOR FOR select queryid, left(query, $1), calls, (total_plan_time + total_exec_time) as total_time from aurora_stat_statements($2) order by calls desc limit $3 FOR READ ONLY",0,0,0,0,0,0,1,0.061581,0.061581,0.061581,0.061581,0,0,0,0,0,0,0,0,0,0,0,0,0,0,0,0,0,0,0,0,0,0,0,0,0,0,0,0,0,0,0,2026-08-27 14:40:15.569001+00,2026-08-27 14:40:15.569001+00
16410,16412,t,4854535455940812919,"SELECT RES_ENT_ID,REL_ENT_ID,RES_REL_ID FROM RES_REL_EKEY WHERE RES_ENT_ID IN ($1,$2)",0,0,0,0,0,0,137507,13115.057680999913,0.005698,66.53374600000001,0.09537738210418316,0.695389804894419,5130151,4433805,0,0,0,0,0,0,0,0,0,0,0,0,0,0,0,0,0,0,0,0,0,0,0,0,0,0,0,0,2026-08-27 15:50:58.781617+00,2026-08-27 15:50:58.781617+00
10,16384,t,-4485439686971416795,"SELECT COUNT(*) FILTER (WHERE DATALLOWCONN) DB_COUNT
, COUNT(*) FILTER (WHERE NOT DATALLOWCONN AND DATNAME<>$1) DB_COUNT_NOCONN
FROM PG_CATALOG.PG_DATABASE WHERE DATNAME<>$2",0,0,0,0,0,0,1,0.01452,0.01452,0.01452,0.01452,0,1,1,0,0,0,0,0,0,0,0,0,0,0,0,0,0,0,0,0,0,0,0,0,0,0,0,0,0,0,0,2026-08-27 13:45:00.066216+00,2026-08-27 13:45:00.066216+00
10,16384,t,-1865305802792693234,"SELECT name, setting FROM pg_settings WHERE name in ($1,$2,$3,$4,$5,$6,$7,$8,$9,$10,$11)",0,0,0,0,0,0,4,5.045871,1.240351,1.289884,1.26146775,0.018074566348532432,40,0,0,0,0,0,0,0,0,0,0,0,0,0,0,0,0,0,0,0,0,0,0,0,0,0,0,0,0,0,2026-08-27 13:27:27.565769+00,2026-08-27 13:27:27.565769+00
10,16384,t,4891569288998957706,"DECLARE ""query-cursor_109"" SCROLL CURSOR FOR select queryid, left(query, $1), calls, (total_plan_time + total_exec_time) as total_time from aurora_stat_statements($2) order by calls desc limit $3 FOR READ ONLY",0,0,0,0,0,0,1,0.068487,0.068487,0.068487,0.068487,0,0,0,0,0,0,0,0,0,0,0,0,0,0,0,0,0,0,0,0,0,0,0,0,0,0,0,0,0,0,0,2026-08-27 15:16:15.571524+00,2026-08-27 15:16:15.571524+00
10,16384,t,6313504488901431825,"DECLARE ""query-cursor_60"" SCROLL CURSOR FOR select queryid, left(query, $1), calls, (total_plan_time + total_exec_time) as total_time from aurora_stat_statements($2) order by calls desc limit $3 FOR READ ONLY",0,0,0,0,0,0,1,0.059728,0.059728,0.059728,0.059728,0,0,0,0,0,0,0,0,0,0,0,0,0,0,0,0,0,0,0,0,0,0,0,0,0,0,0,0,0,0,0,2026-08-27 14:27:15.568135+00,2026-08-27 14:27:15.568135+00
10,16384,t,-3800936042606976404,"DECLARE ""query-cursor_178"" SCROLL CURSOR FOR select queryid, left(query, $1), calls, (total_plan_time + total_exec_time) as total_time from aurora_stat_statements($2) order by calls desc limit $3 FOR READ ONLY",0,0,0,0,0,0,1,0.061774,0.061774,0.061774,0.061774,0,0,0,0,0,0,0,0,0,0,0,0,0,0,0,0,0,0,0,0,0,0,0,0,0,0,0,0,0,0,0,2026-08-27 16:35:15.576514+00,2026-08-27 16:35:15.576514+00
16410,16412,t,1255412316539173683,"SELECT RES_ENT_ID,LIB_FEAT_ID,FTYPE_ID,UTYPE_CODE,SUPPRESSED,OBS_ENT_CNT FROM RES_FEAT_EKEY WHERE RES_ENT_ID IN ($1,$2,$3,$4,$5,$6,$7,$8,$9,$10,$11,$12,$13,$14,$15,$16,$17,$18,$19,$20,$21,$22,$23,$24,$25,$26,$27,$28,$29,$30,$31,$32,$33,$34,$35,$36,$37,$38,$39,$40,$41,$42,$43,$44,$45,$46,$47,$48,$49,$50,$51,$52,$53,$54,$55,$56,$57,$58,$59,$60,$61,$62,$63,$64,$65,$66,$67,$68,$69,$70,$71,$72,$73,$74,$75,$76,$77,$78,$79,$80,$81,$82,$83,$84,$85,$86,$87,$88,$89) AND FTYPE_ID IN ($90,$91,$92,$93,$94,$95,$96,$97,$98,$99,$100)",0,0,0,0,0,0,174,7587.1502029999965,3.6896,594.490269,43.60431151149423,75.68302437222836,3792358,154308,0,0,0,0,0,0,0,0,0,0,0,0,0,0,0,0,0,0,0,0,0,0,0,0,0,0,0,0,2026-08-27 15:51:33.803683+00,2026-08-27 15:51:33.803683+00
10,16384,t,5580091197685914157,"FETCH 50 IN ""query-cursor_185""",0,0,0,0,0,0,38,0.14400599999999997,0.00277,0.006197,0.0037896315789473674,0.0009533102002759325,1900,0,0,0,0,0,0,0,0,0,0,0,0,0,0,0,0,0,0,0,0,0,0,0,0,0,0,0,0,0,2026-08-27 16:42:15.582256+00,2026-08-27 16:42:15.582256+00
16410,16412,t,-5788571373128452192,"UPDATE RES_FEAT_EKEY AS T SET SUPPRESSED = C.SUPPRESSED FROM (VALUES (CAST ($1 AS BIGINT),CAST ($2 AS BIGINT),$3,$4),(CAST ($5 AS BIGINT),CAST ($6 AS BIGINT),$7,$8),(CAST ($9 AS BIGINT),CAST ($10 AS BIGINT),$11,$12),(CAST ($13 AS BIGINT),CAST ($14 AS BIGINT),$15,$16),(CAST ($17 AS BIGINT),CAST ($18 AS BIGINT),$19,$20),(CAST ($21 AS BIGINT),CAST ($22 AS BIGINT),$23,$24),(CAST ($25 AS BIGINT),CAST ($26 AS BIGINT),$27,$28),(CAST ($29 AS BIGINT),CAST ($30 AS BIGINT),$31,$32),(CAST ($33 AS BIGINT),CAST ($34 AS BIGINT),$35,$36),(CAST ($37 AS BIGINT),CAST ($38 AS BIGINT),$39,$40),(CAST ($41 AS BIGINT),CAST ($42 AS BIGINT),$43,$44),(CAST ($45 AS BIGINT),CAST ($46 AS BIGINT),$47,$48),(CAST ($49 AS BIGINT),CAST ($50 AS BIGINT),$51,$52),(CAST ($53 AS BIGINT),CAST ($54 AS BIGINT),$55,$56),(CAST ($57 AS BIGINT),CAST ($58 AS BIGINT),$59,$60),(CAST ($61 AS BIGINT),CAST ($62 AS BIGINT),$63,$64),(CAST ($65 AS BIGINT),CAST ($66 AS BIGINT),$67,$68),(CAST ($69 AS BIGINT),CAST ($70 AS BIGINT),$71,$72)) AS C(RES_ENT_ID,LIB_FEAT_ID,UTYPE_CODE,SUPPRESSED) WHERE C.RES_ENT_ID=T.RES_ENT_ID AND C.LIB_FEAT_ID=T.LIB_FEAT_ID AND C.UTYPE_CODE=T.UTYPE_CODE",0,0,0,0,0,0,100,256.6958139999999,0.132992,77.68627599999999,2.5669581399999992,9.944910166427317,1800,21711,0,0,2,0,0,0,0,0,0,0,0.012487999999999999,0,0,0,0,0,0,0,0,0,0,0,0,0,0,0,0,0,2026-08-27 15:51:19.489283+00,2026-08-27 15:51:19.489283+00
10,16384,t,-2581177059823103207,"DECLARE ""query-cursor_23"" SCROLL CURSOR FOR select queryid, left(query, $1), calls, (total_plan_time + total_exec_time) as total_time from aurora_stat_statements($2) order by calls desc limit $3 FOR READ ONLY",0,0,0,0,0,0,1,0.060989,0.060989,0.060989,0.060989,0,0,0,0,0,0,0,0,0,0,0,0,0,0,0,0,0,0,0,0,0,0,0,0,0,0,0,0,0,0,0,2026-08-27 13:50:15.565507+00,2026-08-27 13:50:15.565507+00
10,16384,t,2692316774926510301,"DECLARE ""query-cursor_101"" SCROLL CURSOR FOR select queryid, left(query, $1), calls, (total_plan_time + total_exec_time) as total_time from aurora_stat_statements($2) order by calls desc limit $3 FOR READ ONLY",0,0,0,0,0,0,1,0.06664,0.06664,0.06664,0.06664,0,0,0,0,0,0,0,0,0,0,0,0,0,0,0,0,0,0,0,0,0,0,0,0,0,0,0,0,0,0,0,2026-08-27 15:08:15.570971+00,2026-08-27 15:08:15.570971+00
10,16384,t,-1191090981726447204,"DECLARE ""query-cursor_208"" SCROLL CURSOR FOR select queryid, left(query, $1), calls, (total_plan_time + total_exec_time) as total_time from aurora_stat_statements($2) order by calls desc limit $3 FOR READ ONLY",0,0,0,0,0,0,1,0.07321,0.07321,0.07321,0.07321,0,0,0,0,0,0,0,0,0,0,0,0,0,0,0,0,0,0,0,0,0,0,0,0,0,0,0,0,0,0,0,2026-08-27 17:05:15.578692+00,2026-08-27 17:05:15.578692+00
16410,16412,t,6564247760920729859,"UPDATE RES_FEAT_STAT AS T SET FTYPE_ID=C.FTYPE_ID,NUM_RES_ENT=C.NUM_RES_ENT_NEW,NUM_RES_ENT_OOM=C.NUM_RES_ENT_OOM_NEW FROM (VALUES (CAST ($1 AS BIGINT),CAST ($2 AS INT),CAST ($3 AS BIGINT),CAST ($4 AS BIGINT),CAST ($5 AS BIGINT),CAST ($6 AS BIGINT)),(CAST ($7 AS BIGINT),CAST ($8 AS INT),CAST ($9 AS BIGINT),CAST ($10 AS BIGINT),CAST ($11 AS BIGINT),CAST ($12 AS BIGINT)),(CAST ($13 AS BIGINT),CAST ($14 AS INT),CAST ($15 AS BIGINT),CAST ($16 AS BIGINT),CAST ($17 AS BIGINT),CAST ($18 AS BIGINT)),(CAST ($19 AS BIGINT),CAST ($20 AS INT),CAST ($21 AS BIGINT),CAST ($22 AS BIGINT),CAST ($23 AS BIGINT),CAST ($24 AS BIGINT)),(CAST ($25 AS BIGINT),CAST ($26 AS INT),CAST ($27 AS BIGINT),CAST ($28 AS BIGINT),CAST ($29 AS BIGINT),CAST ($30 AS BIGINT)),(CAST ($31 AS BIGINT),CAST ($32 AS INT),CAST ($33 AS BIGINT),CAST ($34 AS BIGINT),CAST ($35 AS BIGINT),CAST ($36 AS BIGINT)),(CAST ($37 AS BIGINT),CAST ($38 AS INT),CAST ($39 AS BIGINT),CAST ($40 AS BIGINT),CAST ($41 AS BIGINT),CAST ($42 AS BIGINT)),(CAST ($43 AS BIGINT),CAST ($44 AS INT),CAST ($45 AS BIGINT),CAST ($46 AS BIGINT),CAST ($47 AS BIGINT),CAST ($48 AS BIGINT)),(CAST ($49 AS BIGINT),CAST ($50 AS INT),CAST ($51 AS BIGINT),CAST ($52 AS BIGINT),CAST ($53 AS BIGINT),CAST ($54 AS BIGINT)),(CAST ($55 AS BIGINT),CAST ($56 AS INT),CAST ($57 AS BIGINT),CAST ($58 AS BIGINT),CAST ($59 AS BIGINT),CAST ($60 AS BIGINT)),(CAST ($61 AS BIGINT),CAST ($62 AS INT),CAST ($63 AS BIGINT),CAST ($64 AS BIGINT),CAST ($65 AS BIGINT),CAST ($66 AS BIGINT)),(CAST ($67 AS BIGINT),CAST ($68 AS INT),CAST ($69 AS BIGINT),CAST ($70 AS BIGINT),CAST ($71 AS BIGINT),CAST ($72 AS BIGINT))) AS C(LIB_FEAT_ID,FTYPE_ID,NUM_RES_ENT_OLD,NUM_RES_ENT_OOM_OLD,NUM_RES_ENT_NEW,NUM_RES_ENT_OOM_NEW) WHERE C.LIB_FEAT_ID=T.LIB_FEAT_ID AND C.NUM_RES_ENT_OLD=T.NUM_RES_ENT AND C.NUM_RES_ENT_OOM_OLD=T.NUM_RES_ENT_OOM",0,0,0,0,0,0,1,0.10190300000000001,0.10190300000000001,0.10190300000000001,0.10190300000000001,0,0,71,0,0,0,0,0,0,0,0,0,0,0,0,0,0,0,0,0,0,0,0,0,0,0,0,0,0,0,0,2026-08-27 16:03:36.667793+00,2026-08-27 16:03:36.667793+00
16410,16412,t,-8159121024095295420,"SELECT RES_ENT_ID,REL_ENT_ID,RES_REL_ID FROM RES_REL_EKEY WHERE RES_ENT_ID = $1 AND REL_ENT_ID = $2",0,0,0,0,0,0,536916,8628.542872000164,0.003906,25.773778,0.01607056387218888,0.12037865288094088,536912,2682505,0,0,0,0,0,0,0,0,0,0,0,0,0,0,0,0,0,0,0,0,0,0,0,0,0,0,0,0,2026-08-27 15:50:58.782855+00,2026-08-27 15:50:58.782855+00
16410,16412,t,-8635903615968128018,"UPDATE RES_ENT SET LOCKING_ID=LOCKING_ID+$10,LOCK_DSRC_ACTION=$1 WHERE RES_ENT_ID IN ($2,$3,$4,$5,$6,$7,$8,$9)",0,0,0,0,0,0,173,129.0708339999999,0.058593,20.612858000000003,0.7460741849710977,2.9509374533083537,1003,9015,0,0,0,0,0,0,0,0,0,0,0,0,0,0,0,0,0,0,0,0,0,0,0,0,0,0,0,0,2026-08-27 15:52:19.510439+00,2026-08-27 15:52:19.510439+00
10,16384,t,2516959300084798559,"DECLARE ""query-cursor_128"" SCROLL CURSOR FOR select queryid, left(query, $1), calls, (total_plan_time + total_exec_time) as total_time from aurora_stat_statements($2) order by calls desc limit $3 FOR READ ONLY",0,0,0,0,0,0,1,0.056108,0.056108,0.056108,0.056108,0,0,0,0,0,0,0,0,0,0,0,0,0,0,0,0,0,0,0,0,0,0,0,0,0,0,0,0,0,0,0,2026-08-27 15:35:15.572758+00,2026-08-27 15:35:15.572758+00
10,16384,t,-7516703030052964561,"MOVE -2112 IN ""query-cursor_219""",0,0,0,0,0,0,1,0.040137,0.040137,0.040137,0.040137,0,0,0,0,0,0,0,0,0,0,0,0,0,0,0,0,0,0,0,0,0,0,0,0,0,0,0,0,0,0,0,2026-08-27 17:16:15.585041+00,2026-08-27 17:16:15.585041+00
16410,16412,t,-1048620646479387670,SELECT COUNT(DISTINCT(RES_ENT_ID)) FROM RES_FEAT_EKEY WHERE LIB_FEAT_ID=$1,0,0,0,0,0,0,1073,26.05699500000002,0.007165,5.9763209999999996,0.02428424510717616,0.18321695342964708,1073,6133,0,0,0,0,0,0,0,0,0,0,0,0,0,0,0,0,0,0,0,0,0,0,0,0,0,0,0,0,2026-08-27 15:57:35.387536+00,2026-08-27 15:57:35.387536+00
10,16384,t,-6174219162236618158,"FETCH 0 IN ""query-cursor_223""",0,0,0,0,0,0,1,0.003746,0.003746,0.003746,0.003746,0,0,0,0,0,0,0,0,0,0,0,0,0,0,0,0,0,0,0,0,0,0,0,0,0,0,0,0,0,0,0,2026-08-27 17:20:15.579796+00,2026-08-27 17:20:15.579796+00
10,16384,t,3854244210115730832,"MOVE ALL IN ""query-cursor_200""",0,0,0,0,0,0,1,5.224773,5.224773,5.224773,5.224773,0,0,0,0,0,0,0,0,0,0,0,0,0,0,0,0,0,0,0,0,0,0,0,0,0,0,0,0,0,0,0,2026-08-27 16:57:15.583583+00,2026-08-27 16:57:15.583583+00
16410,16412,t,3226810079339194653,"SELECT LIB_FEAT_ID,NUM_RES_ENT,NUM_RES_ENT_OOM,CANDIDATE_CAP_REACHED,SCORING_CAP_REACHED FROM RES_FEAT_STAT WHERE LIB_FEAT_ID IN ($1,$2,$3,$4)",0,0,0,0,0,0,445733,36477.91873300071,0.006432,456.864729,0.08183804818804243,0.8652050999302096,1565260,8655327,0,0,0,0,0,0,0,0,0,0,0,0,0,0,0,0,0,0,0,0,0,0,0,0,0,0,0,0,2026-08-27 15:50:47.026022+00,2026-08-27 15:50:47.026022+00
10,16384,t,-4217996480326548547,"FETCH 25 IN ""query-cursor_87""",0,0,0,0,0,0,1,0.002654,0.002654,0.002654,0.002654,0,25,0,0,0,0,0,0,0,0,0,0,0,0,0,0,0,0,0,0,0,0,0,0,0,0,0,0,0,0,0,2026-08-27 14:54:15.573962+00,2026-08-27 14:54:15.573962+00
16410,16412,t,7662270221788298276,"UPDATE RES_FEAT_STAT AS T SET FTYPE_ID=C.FTYPE_ID,NUM_RES_ENT=C.NUM_RES_ENT_NEW,NUM_RES_ENT_OOM=C.NUM_RES_ENT_OOM_NEW FROM (VALUES (CAST ($1 AS BIGINT),CAST ($2 AS INT),CAST ($3 AS BIGINT),CAST ($4 AS BIGINT),CAST ($5 AS BIGINT),CAST ($6 AS BIGINT)),(CAST ($7 AS BIGINT),CAST ($8 AS INT),CAST ($9 AS BIGINT),CAST ($10 AS BIGINT),CAST ($11 AS BIGINT),CAST ($12 AS BIGINT)),(CAST ($13 AS BIGINT),CAST ($14 AS INT),CAST ($15 AS BIGINT),CAST ($16 AS BIGINT),CAST ($17 AS BIGINT),CAST ($18 AS BIGINT)),(CAST ($19 AS BIGINT),CAST ($20 AS INT),CAST ($21 AS BIGINT),CAST ($22 AS BIGINT),CAST ($23 AS BIGINT),CAST ($24 AS BIGINT)),(CAST ($25 AS BIGINT),CAST ($26 AS INT),CAST ($27 AS BIGINT),CAST ($28 AS BIGINT),CAST ($29 AS BIGINT),CAST ($30 AS BIGINT)),(CAST ($31 AS BIGINT),CAST ($32 AS INT),CAST ($33 AS BIGINT),CAST ($34 AS BIGINT),CAST ($35 AS BIGINT),CAST ($36 AS BIGINT))) AS C(LIB_FEAT_ID,FTYPE_ID,NUM_RES_ENT_OLD,NUM_RES_ENT_OOM_OLD,NUM_RES_ENT_NEW,NUM_RES_ENT_OOM_NEW) WHERE C.LIB_FEAT_ID=T.LIB_FEAT_ID AND C.NUM_RES_ENT_OLD=T.NUM_RES_ENT AND C.NUM_RES_ENT_OOM_OLD=T.NUM_RES_ENT_OOM",0,0,0,0,0,0,24,8.866621,0.032454,1.3192110000000001,0.3694425416666667,0.3508320050778078,49,7042,0,0,0,0,0,0,0,0,0,0,0,0,0,0,0,0,0,0,0,0,0,0,0,0,0,0,0,0,2026-08-27 15:51:09.11242+00,2026-08-27 15:51:09.11242+00
10,16384,t,-2165383900156341500,"FETCH 50 IN ""query-cursor_221""",0,0,0,0,0,0,42,0.15664800000000004,0.002664,0.006924,0.0037297142857142867,0.0010443192653069062,2100,0,0,0,0,0,0,0,0,0,0,0,0,0,0,0,0,0,0,0,0,0,0,0,0,0,0,0,0,0,2026-08-27 17:18:15.584867+00,2026-08-27 17:18:15.584867+00
10,16384,t,2020341984048518593,"FETCH 42 IN ""query-cursor_5""",0,0,0,0,0,0,1,0.003228,0.003228,0.003228,0.003228,0,42,0,0,0,0,0,0,0,0,0,0,0,0,0,0,0,0,0,0,0,0,0,0,0,0,0,0,0,0,0,2026-08-27 13:32:15.565139+00,2026-08-27 13:32:15.565139+00
10,16384,t,3141159278117903057,"MOVE -527 IN ""query-cursor_62""",0,0,0,0,0,0,1,0.012262,0.012262,0.012262,0.012262,0,0,0,0,0,0,0,0,0,0,0,0,0,0,0,0,0,0,0,0,0,0,0,0,0,0,0,0,0,0,0,2026-08-27 14:29:15.569541+00,2026-08-27 14:29:15.569541+00
16410,16412,t,396402882578500977,"SELECT RES_ENT_ID,LIB_FEAT_ID,FTYPE_ID,UTYPE_CODE,SUPPRESSED,OBS_ENT_CNT FROM RES_FEAT_EKEY WHERE RES_ENT_ID IN ($1,$2,$3,$4,$5,$6,$7,$8,$9,$10,$11,$12,$13,$14,$15,$16,$17,$18,$19,$20,$21,$22,$23,$24,$25,$26,$27,$28,$29,$30,$31,$32,$33,$34,$35,$36,$37,$38,$39,$40,$41,$42,$43,$44,$45,$46,$47,$48,$49,$50,$51,$52,$53,$54,$55,$56,$57,$58,$59,$60,$61,$62,$63,$64,$65,$66,$67,$68,$69,$70,$71,$72,$73,$74,$75,$76,$77,$78,$79,$80,$81,$82,$83,$84,$85,$86,$87,$88,$89,$90,$91) AND FTYPE_ID IN ($92,$93,$94,$95,$96,$97,$98,$99,$100)",0,0,0,0,0,0,3,299.26867500000003,83.081922,125.907077,99.75622500000001,18.723464973228236,114048,3707,0,0,0,0,0,0,0,0,0,0,0,0,0,0,0,0,0,0,0,0,0,0,0,0,0,0,0,0,2026-08-27 15:53:02.398179+00,2026-08-27 15:53:02.398179+00
10,16384,t,1795437053645089376,"FETCH 0 IN ""query-cursor_93""",0,0,0,0,0,0,1,0.003567,0.003567,0.003567,0.003567,0,0,0,0,0,0,0,0,0,0,0,0,0,0,0,0,0,0,0,0,0,0,0,0,0,0,0,0,0,0,0,2026-08-27 15:00:15.570515+00,2026-08-27 15:00:15.570515+00
16410,16412,t,-6271429556051864518,"SELECT RES_ENT_ID,LIB_FEAT_ID,FTYPE_ID,UTYPE_CODE,SUPPRESSED,OBS_ENT_CNT FROM RES_FEAT_EKEY WHERE RES_ENT_ID IN ($1,$2) AND FTYPE_ID IN ($3,$4,$5,$6,$7,$8,$9,$10,$11,$12,$13,$14,$15,$16,$17,$18,$19,$20,$21,$22,$23,$24)",0,0,0,0,0,0,21,18.140309999999996,0.06557400000000001,7.065388,0.8638242857142855,1.5874861711018262,23614,383,0,0,0,0,0,0,0,0,0,0,0,0,0,0,0,0,0,0,0,0,0,0,0,0,0,0,0,0,2026-08-27 15:51:23.99254+00,2026-08-27 15:51:23.99254+00
16410,16412,t,-7193374452739268149,"SELECT RES_REL_ID,MIN_RES_ENT_ID,MAX_RES_ENT_ID,IS_DISCLOSED,IS_AMBIGUOUS,LAST_ERRULE_ID,MATCH_LEVELS,MATCH_KEY,MATCH_KEY_DETAILS FROM RES_RELATE WHERE RES_REL_ID IN ($1,$2,$3,$4)",0,0,0,0,0,0,96160,3681.430792000053,0.008617000000000001,18.67295,0.03828443003327842,0.2242320218087919,321418,1005257,0,0,0,0,0,0,0,0,0,0,0,0,0,0,0,0,0,0,0,0,0,0,0,0,0,0,0,0,2026-08-27 15:51:00.274439+00,2026-08-27 15:51:00.274439+00
10,16384,t,-6681255084652693387,"MOVE -1962 IN ""query-cursor_194""",0,0,0,0,0,0,1,0.035792,0.035792,0.035792,0.035792,0,0,0,0,0,0,0,0,0,0,0,0,0,0,0,0,0,0,0,0,0,0,0,0,0,0,0,0,0,0,0,2026-08-27 16:51:15.582945+00,2026-08-27 16:51:15.582945+00
10,16384,t,8996962437629344632,"FETCH 43 IN ""query-cursor_216""",0,0,0,0,0,0,1,0.003272,0.003272,0.003272,0.003272,0,43,0,0,0,0,0,0,0,0,0,0,0,0,0,0,0,0,0,0,0,0,0,0,0,0,0,0,0,0,0,2026-08-27 17:13:15.597436+00,2026-08-27 17:13:15.597436+00
10,16384,t,-7627603449350138864,"FETCH 50 IN ""query-cursor_13""",0,0,0,0,0,0,4,0.014866,0.003068,0.005014,0.0037165,0.0007804929532032949,200,0,0,0,0,0,0,0,0,0,0,0,0,0,0,0,0,0,0,0,0,0,0,0,0,0,0,0,0,0,2026-08-27 13:40:15.565439+00,2026-08-27 13:40:15.565439+00
10,16384,t,539120823991002422,"FETCH 0 IN ""query-cursor_13""",0,0,0,0,0,0,1,0.004127,0.004127,0.004127,0.004127,0,0,0,0,0,0,0,0,0,0,0,0,0,0,0,0,0,0,0,0,0,0,0,0,0,0,0,0,0,0,0,2026-08-27 13:40:15.564878+00,2026-08-27 13:40:15.564878+00
10,16384,t,-7266393711212320731,"MOVE ALL IN ""query-cursor_88""",0,0,0,0,0,0,1,1.481018,1.481018,1.481018,1.481018,0,0,0,0,0,0,0,0,0,0,0,0,0,0,0,0,0,0,0,0,0,0,0,0,0,0,0,0,0,0,0,2026-08-27 14:55:15.571636+00,2026-08-27 14:55:15.571636+00
16410,16412,t,-1129766813256599945,"INSERT INTO RES_FEAT_STAT(LIB_FEAT_ID,FTYPE_ID,NUM_RES_ENT,NUM_RES_ENT_OOM) VALUES ($1,$2,$3,$4),($5,$6,$7,$8),($9,$10,$11,$12),($13,$14,$15,$16),($17,$18,$19,$20),($21,$22,$23,$24) ON CONFLICT DO NOTHING",0,0,0,0,0,0,103448,189734.0320940002,0.057942999999999995,786.979344,1.834100534510094,8.49874980366956,620444,5504538,0,0,5700,0,0,0,0,0,0,0,258.8244469999995,0,0,0,0,0,0,0,0,0,0,0,0,0,0,0,0,0,2026-08-27 15:50:46.866083+00,2026-08-27 15:50:46.866083+00
10,16384,t,2877403704639359405,SELECT pg_backend_pid(),0,0,0,0,0,0,258,2.436491999999999,0.004359,0.016394,0.009443767441860462,0.001931028554747456,258,0,0,0,0,0,0,0,0,0,0,0,0,0,0,0,0,0,0,0,0,0,0,0,0,0,0,0,0,0,2026-08-27 13:26:58.658157+00,2026-08-27 13:26:58.658157+00
10,16384,t,2503947879849033692,"FETCH 50 IN ""query-cursor_218""",0,0,0,0,0,0,42,0.15117999999999995,0.002846,0.006352,0.0035995238095238085,0.0009106367013326767,2100,0,0,0,0,0,0,0,0,0,0,0,0,0,0,0,0,0,0,0,0,0,0,0,0,0,0,0,0,0,2026-08-27 17:15:15.585794+00,2026-08-27 17:15:15.585794+00
10,16384,t,4955281534523651977,"MOVE -285 IN ""query-cursor_23""",0,0,0,0,0,0,1,0.007469,0.007469,0.007469,0.007469,0,0,0,0,0,0,0,0,0,0,0,0,0,0,0,0,0,0,0,0,0,0,0,0,0,0,0,0,0,0,0,2026-08-27 13:50:15.566253+00,2026-08-27 13:50:15.566253+00
16410,16412,t,1317960406128006045,"INSERT INTO RES_RELATE(RES_REL_ID,MIN_RES_ENT_ID,MAX_RES_ENT_ID,IS_DISCLOSED,IS_AMBIGUOUS,LAST_ERRULE_ID,MATCH_KEY,MATCH_KEY_DETAILS,MATCH_LEVELS) VALUES ($1,$2,$3,$4,$5,$6,$7,$8,$9),($10,$11,$12,$13,$14,$15,$16,$17,$18),($19,$20,$21,$22,$23,$24,$25,$26,$27),($28,$29,$30,$31,$32,$33,$34,$35,$36),($37,$38,$39,$40,$41,$42,$43,$44,$45),($46,$47,$48,$49,$50,$51,$52,$53,$54),($55,$56,$57,$58,$59,$60,$61,$62,$63),($64,$65,$66,$67,$68,$69,$70,$71,$72),($73,$74,$75,$76,$77,$78,$79,$80,$81),($82,$83,$84,$85,$86,$87,$88,$89,$90) ON CONFLICT DO NOTHING",0,0,0,0,0,0,1375,3402.4103830000013,0.120158,58.009411,2.4744802785454554,7.762426312743033,13750,112353,0,0,609,0,0,0,0,0,0,0,65.60609400000001,0,0,0,0,0,0,0,0,0,0,0,0,0,0,0,0,0,2026-08-27 15:51:18.085329+00,2026-08-27 15:51:18.085329+00
16410,16412,t,2465744811331007479,"SELECT RES_ENT_ID,LIB_FEAT_ID,FTYPE_ID,UTYPE_CODE,SUPPRESSED,OBS_ENT_CNT FROM RES_FEAT_EKEY WHERE RES_ENT_ID IN ($1,$2,$3,$4) AND FTYPE_ID IN ($5,$6,$7,$8,$9,$10,$11,$12,$13,$14,$15,$16,$17,$18,$19,$20,$21,$22,$23,$24,$25,$26)",0,0,0,0,0,0,36,84.00120000000001,0.10633,31.262729000000004,2.333366666666667,5.853383750179012,48016,1098,0,0,0,0,0,0,0,0,0,0,0,0,0,0,0,0,0,0,0,0,0,0,0,0,0,0,0,0,2026-08-27 15:50:55.991449+00,2026-08-27 15:50:55.991449+00
10,16384,t,2040873483841193621,"DECLARE ""query-cursor_214"" SCROLL CURSOR FOR select queryid, left(query, $1), calls, (total_plan_time + total_exec_time) as total_time from aurora_stat_statements($2) order by calls desc limit $3 FOR READ ONLY",0,0,0,0,0,0,1,0.078073,0.078073,0.078073,0.078073,0,0,0,0,0,0,0,0,0,0,0,0,0,0,0,0,0,0,0,0,0,0,0,0,0,0,0,0,0,0,0,2026-08-27 17:11:15.579102+00,2026-08-27 17:11:15.579102+00
16410,16412,t,8006608939813367640,CREATE INDEX RES_FEAT_EKEY_SK ON RES_FEAT_EKEY(RES_ENT_ID),0,0,0,0,0,0,1,2.817471,2.817471,2.817471,2.817471,0,0,87,0,0,0,0,0,0,0,0,0,0,0,0,0,0,0,0,0,0,0,0,0,0,0,0,0,0,0,0,2026-08-27 13:29:50.037491+00,2026-08-27 13:29:50.037491+00
10,16384,t,-7094772629701405771,"FETCH 0 IN ""query-cursor_79""",0,0,0,0,0,0,1,0.003359,0.003359,0.003359,0.003359,0,0,0,0,0,0,0,0,0,0,0,0,0,0,0,0,0,0,0,0,0,0,0,0,0,0,0,0,0,0,0,2026-08-27 14:46:15.569474+00,2026-08-27 14:46:15.569474+00
10,16384,t,5100882589346608901,"FETCH 0 IN ""query-cursor_133""",0,0,0,0,0,0,1,0.00503,0.00503,0.00503,0.00503,0,0,0,0,0,0,0,0,0,0,0,0,0,0,0,0,0,0,0,0,0,0,0,0,0,0,0,0,0,0,0,2026-08-27 15:40:15.573245+00,2026-08-27 15:40:15.573245+00
16410,16412,t,-8651287884645813447,"CREATE INDEX DSRC_RECORD_SK ON DSRC_RECORD(ENT_SRC_KEY, DSRC_ID)",0,0,0,0,0,0,1,2.518763,2.518763,2.518763,2.518763,0,0,117,0,0,0,0,0,0,0,0,0,0,0,0,0,0,0,0,0,0,0,0,0,0,0,0,0,0,0,0,2026-08-27 13:29:49.997699+00,2026-08-27 13:29:49.997699+00
10,16384,t,2366331402341159428,"FETCH 50 IN ""query-cursor_149""",0,0,0,0,0,0,32,0.151702,0.002975,0.01219,0.0047406875,0.0019075666180618045,1600,0,0,0,0,0,0,0,0,0,0,0,0,0,0,0,0,0,0,0,0,0,0,0,0,0,0,0,0,0,2026-08-27 15:56:15.579367+00,2026-08-27 15:56:15.579367+00
16410,16412,t,3412672464697620968,"SELECT RES_ENT_ID,LIB_FEAT_ID,FTYPE_ID,UTYPE_CODE,SUPPRESSED,OBS_ENT_CNT FROM RES_FEAT_EKEY WHERE RES_ENT_ID IN ($1,$2,$3,$4,$5,$6,$7,$8,$9,$10,$11,$12,$13,$14,$15,$16) AND FTYPE_ID IN ($17,$18,$19,$20,$21,$22,$23,$24,$25,$26,$27,$28,$29,$30,$31,$32,$33,$34)",0,0,0,0,0,0,1629,11978.285861000011,0.190665,225.566768,7.353152769183555,17.804618182710183,8433044,181112,0,0,0,0,0,0,0,0,0,0,0,0,0,0,0,0,0,0,0,0,0,0,0,0,0,0,0,0,2026-08-27 15:50:48.054261+00,2026-08-27 15:50:48.054261+00
16410,16412,t,-8146812299997567330,"UPDATE RES_FEAT_EKEY AS T SET SUPPRESSED=C.SUPPRESSED,OBS_ENT_CNT=C.OBS_ENT_CNT FROM (VALUES (CAST ($1 AS BIGINT),CAST ($2 AS BIGINT),$3,$4,CAST ($5 AS BIGINT)),(CAST ($6 AS BIGINT),CAST ($7 AS BIGINT),$8,$9,CAST ($10 AS BIGINT)),(CAST ($11 AS BIGINT),CAST ($12 AS BIGINT),$13,$14,CAST ($15 AS BIGINT)),(CAST ($16 AS BIGINT),CAST ($17 AS BIGINT),$18,$19,CAST ($20 AS BIGINT)),(CAST ($21 AS BIGINT),CAST ($22 AS BIGINT),$23,$24,CAST ($25 AS BIGINT)),(CAST ($26 AS BIGINT),CAST ($27 AS BIGINT),$28,$29,CAST ($30 AS BIGINT)),(CAST ($31 AS BIGINT),CAST ($32 AS BIGINT),$33,$34,CAST ($35 AS BIGINT)),(CAST ($36 AS BIGINT),CAST ($37 AS BIGINT),$38,$39,CAST ($40 AS BIGINT)),(CAST ($41 AS BIGINT),CAST ($42 AS BIGINT),$43,$44,CAST ($45 AS BIGINT)),(CAST ($46 AS BIGINT),CAST ($47 AS BIGINT),$48,$49,CAST ($50 AS BIGINT)),(CAST ($51 AS BIGINT),CAST ($52 AS BIGINT),$53,$54,CAST ($55 AS BIGINT)),(CAST ($56 AS BIGINT),CAST ($57 AS BIGINT),$58,$59,CAST ($60 AS BIGINT))) AS C(RES_ENT_ID,LIB_FEAT_ID,UTYPE_CODE,SUPPRESSED,OBS_ENT_CNT) WHERE C.RES_ENT_ID=T.RES_ENT_ID AND C.LIB_FEAT_ID=T.LIB_FEAT_ID AND C.UTYPE_CODE=T.UTYPE_CODE",0,0,0,0,0,0,402,1275.990498000001,0.11345000000000001,56.719324,3.174105716417913,8.75343450191849,4824,62173,0,0,5,0,0,0,0,0,0,0,1.126998,0,0,0,0,0,0,0,0,0,0,0,0,0,0,0,0,0,2026-08-27 15:52:10.816145+00,2026-08-27 15:52:10.816145+00
16410,16412,t,-2708634074219611602,"SELECT RES_ENT_ID,LIB_FEAT_ID,FTYPE_ID,UTYPE_CODE,SUPPRESSED,OBS_ENT_CNT FROM RES_FEAT_EKEY WHERE RES_ENT_ID IN ($1,$2,$3,$4,$5,$6,$7,$8,$9,$10,$11,$12,$13,$14,$15,$16,$17,$18,$19,$20,$21,$22,$23,$24,$25,$26,$27,$28,$29,$30,$31,$32,$33,$34,$35,$36,$37,$38,$39,$40,$41,$42,$43,$44,$45,$46,$47,$48,$49,$50,$51,$52,$53,$54,$55,$56,$57,$58,$59,$60,$61,$62,$63,$64,$65,$66,$67,$68,$69,$70,$71,$72,$73,$74,$75,$76,$77,$78,$79) AND FTYPE_ID IN ($80,$81,$82,$83,$84,$85,$86,$87,$88,$89,$90,$91,$92,$93,$94,$95,$96,$97,$98,$99,$100)",0,0,0,0,0,0,129,41597.096654,5.30554,1269.692996,322.45811359689924,253.30865874964363,17071817,251074,0,0,0,0,0,0,0,0,0,0,0,0,0,0,0,0,0,0,0,0,0,0,0,0,0,0,0,0,2026-08-27 15:51:42.384846+00,2026-08-27 15:51:42.384846+00
10,16384,t,-7892333409120082149,"FETCH 50 IN ""query-cursor_186""",0,0,0,0,0,0,38,0.145099,0.002764,0.00642,0.0038183947368421053,0.0010880779901293288,1900,0,0,0,0,0,0,0,0,0,0,0,0,0,0,0,0,0,0,0,0,0,0,0,0,0,0,0,0,0,2026-08-27 16:43:15.582445+00,2026-08-27 16:43:15.582445+00
10,16384,t,4418547340378024283,"MOVE ALL IN ""query-cursor_5""",0,0,0,0,0,0,1,0.322144,0.322144,0.322144,0.322144,0,0,0,0,0,0,0,0,0,0,0,0,0,0,0,0,0,0,0,0,0,0,0,0,0,0,0,0,0,0,0,2026-08-27 13:32:15.56464+00,2026-08-27 13:32:15.56464+00
16410,16412,t,6664832995477049627,"SELECT f.relname,
       f.n_tup_ins     - b.n_tup_ins     AS ins,
       f.n_tup_upd     - b.n_tup_upd     AS upd,
       f.n_tup_del     - b.n_tup_del     AS del,
       f.n_tup_hot_upd - b.n_tup_hot_upd AS hot_upd,
       f.seq_scan      - b.seq_scan      AS seq_scan,
       f.idx_scan      - b.idx_scan      AS idx_scan,
       f.heap_blks_read - b.heap_blks_read AS heap_read,
       f.heap_blks_hit  - b.heap_blks_hit  AS heap_hit,
       f.idx_blks_read  - b.idx_blks_read  AS idx_read
FROM perf.snap_table f JOIN perf.snap_table b USING (relid)
WHERE f.label=$1 AND b.label=$2
  AND (f.n_tup_ins - b.n_tup_ins)
    + (f.n_tup_upd - b.n_tup_upd)
    + (f.n_tup_del - b.n_tup_del) > $3
ORDER BY (f.n_tup_ins - b.n_tup_ins)
       + (f.n_tup_upd - b.n_tup_upd)
       + (f.n_tup_del - b.n_tup_del) DESC",0,0,0,0,0,0,1,0.16309300000000002,0.16309300000000002,0.16309300000000002,0.16309300000000002,0,17,23,0,0,0,0,0,0,0,0,0,0,0,0,0,0,0,0,0,0,0,0,0,0,0,0,0,0,0,0,2026-08-27 17:43:04.482165+00,2026-08-27 17:43:04.482165+00
10,16384,t,-5759200098334935571,"FETCH 50 IN ""query-cursor_136""",0,0,0,0,0,0,19,0.057954000000000006,0.002706,0.005488,0.00305021052631579,0.000604589776446752,950,0,0,0,0,0,0,0,0,0,0,0,0,0,0,0,0,0,0,0,0,0,0,0,0,0,0,0,0,0,2026-08-27 15:43:15.575661+00,2026-08-27 15:43:15.575661+00
16410,16412,t,1792564287624207459,"SELECT RES_ENT_ID,LIB_FEAT_ID,FTYPE_ID,UTYPE_CODE,SUPPRESSED,OBS_ENT_CNT FROM RES_FEAT_EKEY WHERE RES_ENT_ID IN ($1) AND FTYPE_ID IN ($2,$3,$4,$5,$6,$7,$8,$9,$10,$11,$12,$13,$14,$15,$16,$17,$18,$19,$20,$21,$22,$23,$24,$25,$26,$27,$28)",0,0,0,0,0,0,1,0.095292,0.095292,0.095292,0.095292,0,34,4,0,0,0,0,0,0,0,0,0,0,0,0,0,0,0,0,0,0,0,0,0,0,0,0,0,0,0,0,2026-08-27 15:58:19.730699+00,2026-08-27 15:58:19.730699+00
10,16384,t,4658040472203012766,"FETCH 22 IN ""query-cursor_179""",0,0,0,0,0,0,1,0.002194,0.002194,0.002194,0.002194,0,22,0,0,0,0,0,0,0,0,0,0,0,0,0,0,0,0,0,0,0,0,0,0,0,0,0,0,0,0,0,2026-08-27 16:36:15.594147+00,2026-08-27 16:36:15.594147+00
10,16384,t,1249687841172762388,"MOVE ALL IN ""query-cursor_192""",0,0,0,0,0,0,1,5.53325,5.53325,5.53325,5.53325,0,0,0,0,0,0,0,0,0,0,0,0,0,0,0,0,0,0,0,0,0,0,0,0,0,0,0,0,0,0,0,2026-08-27 16:49:15.583119+00,2026-08-27 16:49:15.583119+00
10,16384,t,-8948125106588980930,"FETCH 0 IN ""query-cursor_161""",0,0,0,0,0,0,1,0.003574,0.003574,0.003574,0.003574,0,0,0,0,0,0,0,0,0,0,0,0,0,0,0,0,0,0,0,0,0,0,0,0,0,0,0,0,0,0,0,2026-08-27 16:14:15.575538+00,2026-08-27 16:14:15.575538+00
10,16384,t,2872027255732631733,"MOVE -1855 IN ""query-cursor_176""",0,0,0,0,0,0,1,0.034652,0.034652,0.034652,0.034652,0,0,0,0,0,0,0,0,0,0,0,0,0,0,0,0,0,0,0,0,0,0,0,0,0,0,0,0,0,0,0,2026-08-27 16:33:15.581768+00,2026-08-27 16:33:15.581768+00
10,16384,t,3158961811245206956,"FETCH 50 IN ""query-cursor_39""",0,0,0,0,0,0,7,0.025083,0.002823,0.00547,0.0035832857142857146,0.0008444179253503924,350,0,0,0,0,0,0,0,0,0,0,0,0,0,0,0,0,0,0,0,0,0,0,0,0,0,0,0,0,0,2026-08-27 14:06:15.567756+00,2026-08-27 14:06:15.567756+00
10,16384,t,933577895860014190,"FETCH 3 IN ""query-cursor_100""",0,0,0,0,0,0,1,0.00129,0.00129,0.00129,0.00129,0,3,0,0,0,0,0,0,0,0,0,0,0,0,0,0,0,0,0,0,0,0,0,0,0,0,0,0,0,0,0,2026-08-27 15:07:15.575491+00,2026-08-27 15:07:15.575491+00
10,16384,t,6484570595614508189,"FETCH 0 IN ""query-cursor_17""",0,0,0,0,0,0,1,0.00382,0.00382,0.00382,0.00382,0,0,0,0,0,0,0,0,0,0,0,0,0,0,0,0,0,0,0,0,0,0,0,0,0,0,0,0,0,0,0,2026-08-27 13:44:15.565139+00,2026-08-27 13:44:15.565139+00
10,16384,t,8713665527740100834,"FETCH 0 IN ""query-cursor_111""",0,0,0,0,0,0,1,0.003891,0.003891,0.003891,0.003891,0,0,0,0,0,0,0,0,0,0,0,0,0,0,0,0,0,0,0,0,0,0,0,0,0,0,0,0,0,0,0,2026-08-27 15:18:15.571646+00,2026-08-27 15:18:15.571646+00
10,16384,t,7181441030539090393,"MOVE -2172 IN ""query-cursor_229""",0,0,0,0,0,0,1,0.041064,0.041064,0.041064,0.041064,0,0,0,0,0,0,0,0,0,0,0,0,0,0,0,0,0,0,0,0,0,0,0,0,0,0,0,0,0,0,0,2026-08-27 17:26:15.586016+00,2026-08-27 17:26:15.586016+00
10,16384,t,5332642601819866207,"FETCH 31 IN ""query-cursor_138""",0,0,0,0,0,0,1,0.002689,0.002689,0.002689,0.002689,0,31,0,0,0,0,0,0,0,0,0,0,0,0,0,0,0,0,0,0,0,0,0,0,0,0,0,0,0,0,0,2026-08-27 15:45:15.579155+00,2026-08-27 15:45:15.579155+00
16410,16412,t,1059862200653711151,"SELECT RES_ENT_ID,LIB_FEAT_ID,FTYPE_ID,UTYPE_CODE,SUPPRESSED,OBS_ENT_CNT FROM RES_FEAT_EKEY WHERE RES_ENT_ID IN ($1,$2,$3,$4,$5,$6,$7,$8,$9,$10,$11,$12,$13,$14,$15,$16) AND FTYPE_ID IN ($17,$18,$19,$20,$21,$22,$23,$24,$25,$26,$27,$28,$29,$30,$31,$32,$33,$34,$35,$36)",0,0,0,0,0,0,298,2434.6556310000005,0.188446,245.86899100000002,8.169985338926177,21.460832714599167,1498683,32919,0,0,0,0,0,0,0,0,0,0,0,0,0,0,0,0,0,0,0,0,0,0,0,0,0,0,0,0,2026-08-27 15:50:48.885835+00,2026-08-27 15:50:48.885835+00
16410,16412,t,-5303116603654951953,"SELECT LIB_FEAT_ID,FTYPE_ID,UTYPE_CODE,SUPPRESSED,OBS_ENT_CNT FROM RES_FEAT_EKEY WHERE RES_ENT_ID=$1 AND LIB_FEAT_ID IN ($2,$3,$4,$5,$6,$7,$8,$9,$10,$11,$12,$13,$14,$15,$16,$17,$18,$19,$20,$21,$22,$23,$24,$25,$26,$27,$28,$29,$30,$31,$32,$33,$34,$35,$36,$37,$38,$39,$40,$41,$42,$43,$44,$45,$46,$47,$48,$49,$50,$51,$52,$53,$54,$55,$56,$57,$58,$59,$60,$61,$62,$63,$64,$65,$66,$67,$68,$69,$70,$71,$72,$73,$74,$75,$76,$77,$78,$79,$80,$81,$82,$83,$84,$85,$86,$87,$88,$89,$90,$91,$92,$93,$94,$95,$96,$97,$98,$99,$100,$101)",0,0,0,0,0,0,5758,2344.7385379999987,0.178009,42.532182,0.40721405661688065,1.1832837551199407,90570,1840695,0,0,0,0,0,0,0,0,0,0,0,0,0,0,0,0,0,0,0,0,0,0,0,0,0,0,0,0,2026-08-27 15:56:46.62108+00,2026-08-27 15:56:46.62108+00
10,16384,t,-7404373669032459528,"FETCH 50 IN ""query-cursor_56""",0,0,0,0,0,0,9,0.030035,0.0027,0.005925,0.0033372222222222223,0.0009412413526564892,450,0,0,0,0,0,0,0,0,0,0,0,0,0,0,0,0,0,0,0,0,0,0,0,0,0,0,0,0,0,2026-08-27 14:23:15.569103+00,2026-08-27 14:23:15.569103+00
10,16384,t,-3701478371392636756,"FETCH 50 IN ""query-cursor_192""",0,0,0,0,0,0,39,0.13649999999999998,0.002744,0.006415,0.0034999999999999996,0.0009135077505179745,1950,0,0,0,0,0,0,0,0,0,0,0,0,0,0,0,0,0,0,0,0,0,0,0,0,0,0,0,0,0,2026-08-27 16:49:15.583246+00,2026-08-27 16:49:15.583246+00
16410,16412,t,3714864801995000974,"SELECT min(captured_at) FILTER (WHERE label=$1) AS baseline_at,
       max(captured_at) FILTER (WHERE label=$2)    AS final_at,
       max(captured_at) FILTER (WHERE label=$3)
         - min(captured_at) FILTER (WHERE label=$4) AS elapsed
FROM perf.snap_scalar",0,0,0,0,0,0,1,0.019143,0.019143,0.019143,0.019143,0,1,1,0,0,0,0,0,0,0,0,0,0,0,0,0,0,0,0,0,0,0,0,0,0,0,0,0,0,0,0,2026-08-27 17:43:04.440201+00,2026-08-27 17:43:04.440201+00
10,16384,t,682229250962796229,"FETCH 50 IN ""query-cursor_207""",0,0,0,0,0,0,40,0.154007,0.002798,0.007093,0.003850175,0.0010338831386452723,2000,0,0,0,0,0,0,0,0,0,0,0,0,0,0,0,0,0,0,0,0,0,0,0,0,0,0,0,0,0,2026-08-27 17:04:15.584117+00,2026-08-27 17:04:15.584117+00
10,16384,t,-4726147469853074723,"DECLARE ""query-cursor_19"" SCROLL CURSOR FOR select queryid, left(query, $1), calls, (total_plan_time + total_exec_time) as total_time from aurora_stat_statements($2) order by calls desc limit $3 FOR READ ONLY",0,0,0,0,0,0,1,0.060607,0.060607,0.060607,0.060607,0,0,0,0,0,0,0,0,0,0,0,0,0,0,0,0,0,0,0,0,0,0,0,0,0,0,0,0,0,0,0,2026-08-27 13:46:15.565216+00,2026-08-27 13:46:15.565216+00
10,16384,t,7892838506986507863,"SELECT COALESCE((pg_current_wal_lsn() - restart_lsn), $1) AS lsn_distance FROM pg_catalog.pg_replication_slots ORDER BY lsn_distance DESC LIMIT $2",0,0,0,0,0,0,256,2.3772320000000025,0.007173,0.018561,0.00928606250000001,0.0016825791644173088,0,6,0,0,0,0,0,0,0,0,0,0,0,0,0,0,0,0,0,0,0,0,0,0,0,0,0,0,0,0,2026-08-27 13:27:26.450535+00,2026-08-27 13:27:26.450535+00
10,16384,t,7348972131376695928,"DECLARE ""query-cursor_53"" SCROLL CURSOR FOR select queryid, left(query, $1), calls, (total_plan_time + total_exec_time) as total_time from aurora_stat_statements($2) order by calls desc limit $3 FOR READ ONLY",0,0,0,0,0,0,1,0.066322,0.066322,0.066322,0.066322,0,0,0,0,0,0,0,0,0,0,0,0,0,0,0,0,0,0,0,0,0,0,0,0,0,0,0,0,0,0,0,2026-08-27 14:20:15.567676+00,2026-08-27 14:20:15.567676+00
10,16384,t,1873821229809098263,"FETCH 50 IN ""query-cursor_30""",0,0,0,0,0,0,6,0.022968,0.002907,0.005947,0.003828,0.0009983890357303938,300,0,0,0,0,0,0,0,0,0,0,0,0,0,0,0,0,0,0,0,0,0,0,0,0,0,0,0,0,0,2026-08-27 13:57:15.566874+00,2026-08-27 13:57:15.566874+00
16410,16412,t,586464215286849306,"SELECT LIB_FEAT_ID,UTYPE_CODE,RES_ENT_ID,OBS_ENT_CNT FROM RES_FEAT_EKEY WHERE LIB_FEAT_ID IN ($1,$2,$3,$4) AND RES_ENT_ID!=$5",0,0,0,0,0,0,163707,16133.217377999988,0.0043749999999999995,53.933818,0.09854934351005143,1.0510642281010372,276790,1391830,0,0,0,0,0,0,0,0,0,0,0,0,0,0,0,0,0,0,0,0,0,0,0,0,0,0,0,0,2026-08-27 15:50:46.841633+00,2026-08-27 15:50:46.841633+00
10,16384,t,605794154911247405,"FETCH 50 IN ""query-cursor_177""",0,0,0,0,0,0,37,0.143749,0.002784,0.008684,0.003885108108108108,0.0012399262790592938,1850,0,0,0,0,0,0,0,0,0,0,0,0,0,0,0,0,0,0,0,0,0,0,0,0,0,0,0,0,0,2026-08-27 16:34:15.581366+00,2026-08-27 16:34:15.581366+00
10,16384,t,1801841252513485452,"MOVE ALL IN ""query-cursor_44""",0,0,0,0,0,0,1,0.815078,0.815078,0.815078,0.815078,0,0,0,0,0,0,0,0,0,0,0,0,0,0,0,0,0,0,0,0,0,0,0,0,0,0,0,0,0,0,0,2026-08-27 14:11:15.567904+00,2026-08-27 14:11:15.567904+00
10,16384,t,-2990383854108231946,"MOVE ALL IN ""query-cursor_14""",0,0,0,0,0,0,1,0.447088,0.447088,0.447088,0.447088,0,0,0,0,0,0,0,0,0,0,0,0,0,0,0,0,0,0,0,0,0,0,0,0,0,0,0,0,0,0,0,2026-08-27 13:41:15.565375+00,2026-08-27 13:41:15.565375+00
16410,16412,t,3782382922886753706,"INSERT INTO RES_REL_EKEY(RES_REL_ID,RES_ENT_ID,REL_ENT_ID) VALUES ($1,$2,$3),($4,$5,$6),($7,$8,$9),($10,$11,$12),($13,$14,$15),($16,$17,$18),($19,$20,$21),($22,$23,$24),($25,$26,$27),($28,$29,$30),($31,$32,$33),($34,$35,$36),($37,$38,$39),($40,$41,$42),($43,$44,$45),($46,$47,$48),($49,$50,$51),($52,$53,$54),($55,$56,$57),($58,$59,$60),($61,$62,$63),($64,$65,$66),($67,$68,$69),($70,$71,$72),($73,$74,$75),($76,$77,$78) ON CONFLICT DO NOTHING",0,0,0,0,0,0,461,1878.7265310000014,0.262325,99.47123300000001,4.075328700650762,11.768220115588125,11986,96034,0,0,78,0,0,0,0,0,0,0,0.7764860000000002,0,0,0,0,0,0,0,0,0,0,0,0,0,0,0,0,0,2026-08-27 15:51:13.720543+00,2026-08-27 15:51:13.720543+00
10,16384,t,-4748642116234847584,"MOVE -970 IN ""query-cursor_136""",0,0,0,0,0,0,1,0.019105,0.019105,0.019105,0.019105,0,0,0,0,0,0,0,0,0,0,0,0,0,0,0,0,0,0,0,0,0,0,0,0,0,0,0,0,0,0,0,2026-08-27 15:43:15.575624+00,2026-08-27 15:43:15.575624+00
10,16384,t,-8545054011261411965,"FETCH 0 IN ""query-cursor_205""",0,0,0,0,0,0,1,0.004723,0.004723,0.004723,0.004723,0,0,0,0,0,0,0,0,0,0,0,0,0,0,0,0,0,0,0,0,0,0,0,0,0,0,0,0,0,0,0,2026-08-27 17:02:15.578519+00,2026-08-27 17:02:15.578519+00
10,16384,t,8404404126555575863,"DECLARE ""query-cursor_70"" SCROLL CURSOR FOR select queryid, left(query, $1), calls, (total_plan_time + total_exec_time) as total_time from aurora_stat_statements($2) order by calls desc limit $3 FOR READ ONLY",0,0,0,0,0,0,1,0.069207,0.069207,0.069207,0.069207,0,0,0,0,0,0,0,0,0,0,0,0,0,0,0,0,0,0,0,0,0,0,0,0,0,0,0,0,0,0,0,2026-08-27 14:37:15.568848+00,2026-08-27 14:37:15.568848+00
10,16384,t,7542023822852782054,"MOVE -2142 IN ""query-cursor_224""",0,0,0,0,0,0,1,0.040419,0.040419,0.040419,0.040419,0,0,0,0,0,0,0,0,0,0,0,0,0,0,0,0,0,0,0,0,0,0,0,0,0,0,0,0,0,0,0,2026-08-27 17:21:15.585577+00,2026-08-27 17:21:15.585577+00
10,16384,t,1315626798450023038,"FETCH 50 IN ""query-cursor_68""",0,0,0,0,0,0,11,0.03796499999999999,0.002929,0.005475,0.0034513636363636357,0.0006722244312358878,550,0,0,0,0,0,0,0,0,0,0,0,0,0,0,0,0,0,0,0,0,0,0,0,0,0,0,0,0,0,2026-08-27 14:35:15.570092+00,2026-08-27 14:35:15.570092+00
10,16384,t,-8510918204665379079,"FETCH 3 IN ""query-cursor_144""",0,0,0,0,0,0,1,0.005112,0.005112,0.005112,0.005112,0,3,0,0,0,0,0,0,0,0,0,0,0,0,0,0,0,0,0,0,0,0,0,0,0,0,0,0,0,0,0,2026-08-27 15:51:15.587576+00,2026-08-27 15:51:15.587576+00
16410,16412,t,-6472986998365023088,"CREATE TABLE IF NOT EXISTS perf.snap_table (
  label         text        NOT NULL,
  captured_at   timestamptz NOT NULL DEFAULT now(),
  relid         oid,
  relname       text,
  n_tup_ins     numeric,
  n_tup_upd     numeric,
  n_tup_del     numeric,
  n_tup_hot_upd numeric,
  seq_scan      numeric,
  idx_scan      numeric,
  heap_blks_read numeric,
  heap_blks_hit  numeric,
  idx_blks_read  numeric,
  idx_blks_hit   numeric
)",0,0,0,0,0,0,1,4.167714,4.167714,4.167714,4.167714,0,0,304,0,0,1,0,0,0,0,0,0,0,0.002237,0,0,0,0,0,0,0,0,0,0,0,0,0,0,0,0,0,2026-08-27 14:28:08.262564+00,2026-08-27 14:28:08.262564+00
16410,16412,t,-3243275005037777376,"SELECT RES_ENT_ID,LIB_FEAT_ID,FTYPE_ID,UTYPE_CODE,SUPPRESSED,OBS_ENT_CNT FROM RES_FEAT_EKEY WHERE RES_ENT_ID IN ($1,$2,$3,$4,$5,$6,$7,$8,$9,$10,$11,$12,$13,$14,$15,$16,$17,$18,$19,$20,$21,$22,$23,$24,$25,$26,$27,$28,$29,$30,$31,$32,$33,$34,$35,$36,$37,$38,$39,$40,$41,$42,$43,$44,$45,$46,$47,$48,$49,$50,$51,$52,$53,$54,$55,$56,$57,$58,$59,$60,$61,$62,$63,$64,$65,$66,$67,$68,$69,$70,$71,$72,$73,$74,$75,$76,$77) AND FTYPE_ID IN ($78,$79,$80,$81,$82,$83,$84,$85,$86,$87,$88,$89,$90,$91,$92,$93,$94,$95,$96,$97,$98,$99,$100)",0,0,0,0,0,0,74,17239.808852000002,13.804128,708.425097,232.97038989189193,173.012554195055,8573959,125779,0,0,0,0,0,0,0,0,0,0,0,0,0,0,0,0,0,0,0,0,0,0,0,0,0,0,0,0,2026-08-27 15:52:00.923931+00,2026-08-27 15:52:00.923931+00
10,16384,t,4285986369435956364,"FETCH 37 IN ""query-cursor_89""",0,0,0,0,0,0,1,0.002749,0.002749,0.002749,0.002749,0,37,0,0,0,0,0,0,0,0,0,0,0,0,0,0,0,0,0,0,0,0,0,0,0,0,0,0,0,0,0,2026-08-27 14:56:15.573897+00,2026-08-27 14:56:15.573897+00
16410,16412,t,-502714498354088052,"UPDATE OBS_ENT SET LOCKING_ID=LOCKING_ID+$4,LOCK_DSRC_ACTION=$1 WHERE OBS_ENT_ID IN ($2,$3)",0,0,0,0,0,0,3254,1135.3523339999977,0.029486,68.47500099999999,0.3489097523048548,2.7192303310525507,6508,63820,0,0,224,0,0,0,0,0,0,0,4.746829999999999,0,0,0,0,0,0,0,0,0,0,0,0,0,0,0,0,0,2026-08-27 15:52:28.984033+00,2026-08-27 15:52:28.984033+00
10,16384,t,6665473011890182049,"FETCH 50 IN ""query-cursor_201""",0,0,0,0,0,0,40,0.15693599999999996,0.002808,0.013038,0.003923399999999999,0.0017039912088975108,2000,0,0,0,0,0,0,0,0,0,0,0,0,0,0,0,0,0,0,0,0,0,0,0,0,0,0,0,0,0,2026-08-27 16:58:15.583857+00,2026-08-27 16:58:15.583857+00
16410,16412,t,-6487251048861794487,"INSERT INTO RES_REL_EKEY(RES_REL_ID,RES_ENT_ID,REL_ENT_ID) VALUES ($1,$2,$3),($4,$5,$6),($7,$8,$9),($10,$11,$12),($13,$14,$15),($16,$17,$18),($19,$20,$21),($22,$23,$24),($25,$26,$27),($28,$29,$30),($31,$32,$33),($34,$35,$36),($37,$38,$39),($40,$41,$42),($43,$44,$45),($46,$47,$48),($49,$50,$51),($52,$53,$54),($55,$56,$57),($58,$59,$60),($61,$62,$63),($64,$65,$66),($67,$68,$69),($70,$71,$72),($73,$74,$75) ON CONFLICT DO NOTHING",0,0,0,0,0,0,51,184.27007899999995,0.24890900000000002,79.280351,3.6131388039215677,14.224340804670025,1275,10092,0,0,13,0,0,0,0,0,0,0,0.12343500000000002,0,0,0,0,0,0,0,0,0,0,0,0,0,0,0,0,0,2026-08-27 15:52:47.695462+00,2026-08-27 15:52:47.695462+00
10,16384,t,5919178669915400567,"FETCH 33 IN ""query-cursor_231""",0,0,0,0,0,0,1,0.002872,0.002872,0.002872,0.002872,0,33,0,0,0,0,0,0,0,0,0,0,0,0,0,0,0,0,0,0,0,0,0,0,0,0,0,0,0,0,0,2026-08-27 17:28:15.599297+00,2026-08-27 17:28:15.599297+00
16410,16412,t,-6111193392994247684,"SELECT RES_ENT_ID,LIB_FEAT_ID,FTYPE_ID,UTYPE_CODE,SUPPRESSED,OBS_ENT_CNT FROM RES_FEAT_EKEY WHERE RES_ENT_ID IN ($1,$2,$3,$4,$5,$6,$7,$8,$9,$10,$11,$12,$13,$14,$15,$16,$17,$18,$19,$20,$21,$22,$23,$24,$25,$26,$27,$28,$29,$30,$31,$32,$33,$34,$35,$36,$37,$38,$39,$40,$41,$42,$43,$44,$45,$46,$47,$48,$49,$50,$51,$52,$53,$54,$55,$56,$57,$58,$59,$60,$61,$62,$63,$64) AND FTYPE_ID IN ($65,$66,$67,$68,$69,$70,$71,$72,$73,$74,$75,$76,$77,$78,$79,$80,$81,$82,$83,$84,$85,$86,$87,$88)",0,0,0,0,0,0,109,10786.276084999992,4.922251,620.03856,98.95666133027515,119.44064792760034,5451319,84019,0,0,0,0,0,0,0,0,0,0,0,0,0,0,0,0,0,0,0,0,0,0,0,0,0,0,0,0,2026-08-27 15:51:07.97497+00,2026-08-27 15:51:07.97497+00
10,16384,t,3851973222005496293,"FETCH 0 IN ""query-cursor_224""",0,0,0,0,0,0,1,0.003551,0.003551,0.003551,0.003551,0,0,0,0,0,0,0,0,0,0,0,0,0,0,0,0,0,0,0,0,0,0,0,0,0,0,0,0,0,0,0,2026-08-27 17:21:15.579888+00,2026-08-27 17:21:15.579888+00
10,16384,t,-6186591525864521943,"FETCH 50 IN ""query-cursor_244""",0,0,0,0,0,0,45,0.16082600000000002,0.002729,0.006413,0.0035739111111111116,0.0009677697114091704,2250,0,0,0,0,0,0,0,0,0,0,0,0,0,0,0,0,0,0,0,0,0,0,0,0,0,0,0,0,0,2026-08-27 17:41:15.587431+00,2026-08-27 17:41:15.587431+00
16410,16412,t,6590697291573528144,DELETE FROM RES_FEAT_EKEY WHERE ((RES_ENT_ID=$1 AND LIB_FEAT_ID=$2 AND UTYPE_CODE=$3)OR(RES_ENT_ID=$4 AND LIB_FEAT_ID=$5 AND UTYPE_CODE=$6)OR(RES_ENT_ID=$7 AND LIB_FEAT_ID=$8 AND UTYPE_CODE=$9)),0,0,0,0,0,0,10476,4477.233856999987,0.010434,81.513165,0.42738009326078535,2.667130367845446,31399,168159,0,0,0,0,0,0,0,0,0,0,0,0,0,0,0,0,0,0,0,0,0,0,0,0,0,0,0,0,2026-08-27 15:51:01.998981+00,2026-08-27 15:51:01.998981+00
10,16384,t,6506892937101262641,"FETCH 0 IN ""query-cursor_56""",0,0,0,0,0,0,1,0.003374,0.003374,0.003374,0.003374,0,0,0,0,0,0,0,0,0,0,0,0,0,0,0,0,0,0,0,0,0,0,0,0,0,0,0,0,0,0,0,2026-08-27 14:23:15.567933+00,2026-08-27 14:23:15.567933+00
16410,16412,t,-8367452243158660618,"INSERT INTO SYS_CODES_USED(CODE_TYPE,CODE,CODE_ID) VALUES ($1,$2,$3) ON CONFLICT DO NOTHING",0,0,0,0,0,0,1574,747.6766770000003,0.008732,268.87998699999997,0.4750169485387549,6.851776300059918,953,13502,0,0,79,0,0,0,0,0,0,0,12.352851000000003,0,0,0,0,0,0,0,0,0,0,0,0,0,0,0,0,0,2026-08-27 15:50:46.786531+00,2026-08-27 15:50:46.786531+00
10,16384,t,-1879169100734755417,"FETCH 13 IN ""query-cursor_53""",0,0,0,0,0,0,1,0.001959,0.001959,0.001959,0.001959,0,13,0,0,0,0,0,0,0,0,0,0,0,0,0,0,0,0,0,0,0,0,0,0,0,0,0,0,0,0,0,2026-08-27 14:20:15.570557+00,2026-08-27 14:20:15.570557+00
16410,16412,t,-3391612307255970776,"SELECT count(*) AS active_client_backends
FROM pg_stat_activity
WHERE datname = current_database()
  AND state = $1
  AND backend_type = $2
  AND pid <> pg_backend_pid()",0,0,0,0,0,0,1,6.811761000000001,6.811761000000001,6.811761000000001,6.811761000000001,0,1,1,0,0,0,0,0,0,0,0,0,0,0,0,0,0,0,0,0,0,0,0,0,0,0,0,0,0,0,0,2026-08-27 17:42:39.079119+00,2026-08-27 17:42:39.079119+00
10,16384,t,-2498243988052788927,"DECLARE ""query-cursor_146"" SCROLL CURSOR FOR select queryid, left(query, $1), calls, (total_plan_time + total_exec_time) as total_time from aurora_stat_statements($2) order by calls desc limit $3 FOR READ ONLY",0,0,0,0,0,0,1,0.099493,0.099493,0.099493,0.099493,0,0,0,0,0,0,0,0,0,0,0,0,0,0,0,0,0,0,0,0,0,0,0,0,0,0,0,0,0,0,0,2026-08-27 15:53:15.574302+00,2026-08-27 15:53:15.574302+00
16410,16412,t,-3304106930971144260,"SELECT RES_ENT_ID,LIB_FEAT_ID,FTYPE_ID,UTYPE_CODE,SUPPRESSED,OBS_ENT_CNT FROM RES_FEAT_EKEY WHERE RES_ENT_ID IN ($1) AND FTYPE_ID IN ($2,$3,$4,$5,$6,$7,$8,$9,$10,$11,$12,$13,$14,$15,$16,$17,$18,$19,$20,$21,$22,$23,$24,$25,$26,$27,$28,$29,$30,$31,$32,$33,$34,$35,$36,$37,$38,$39,$40,$41,$42,$43,$44,$45,$46,$47,$48,$49,$50,$51,$52,$53,$54,$55,$56,$57,$58,$59,$60,$61,$62)",0,0,0,0,0,0,414,61.42942299999994,0.0068650000000000004,6.186332999999999,0.14838024879227038,0.42467299216877824,3852,4569,0,0,0,0,0,0,0,0,0,0,0,0,0,0,0,0,0,0,0,0,0,0,0,0,0,0,0,0,2026-08-27 15:50:59.674656+00,2026-08-27 15:50:59.674656+00
16410,16412,t,1956934422706040466,"INSERT INTO RES_REL_EKEY(RES_REL_ID,RES_ENT_ID,REL_ENT_ID) VALUES ($1,$2,$3),($4,$5,$6),($7,$8,$9),($10,$11,$12),($13,$14,$15),($16,$17,$18),($19,$20,$21),($22,$23,$24),($25,$26,$27),($28,$29,$30),($31,$32,$33),($34,$35,$36),($37,$38,$39),($40,$41,$42),($43,$44,$45),($46,$47,$48),($49,$50,$51),($52,$53,$54),($55,$56,$57),($58,$59,$60),($61,$62,$63),($64,$65,$66) ON CONFLICT DO NOTHING",0,0,0,0,0,0,891,4945.198099999996,0.216829,216.705088,5.55016621773288,17.77780424082078,19602,157494,0,0,214,0,0,0,0,0,0,0,15.609257999999997,0,0,0,0,0,0,0,0,0,0,0,0,0,0,0,0,0,2026-08-27 15:51:01.802195+00,2026-08-27 15:51:01.802195+00
10,16384,t,-3751655967175886150,"FETCH 0 IN ""query-cursor_196""",0,0,0,0,0,0,1,0.003594,0.003594,0.003594,0.003594,0,0,0,0,0,0,0,0,0,0,0,0,0,0,0,0,0,0,0,0,0,0,0,0,0,0,0,0,0,0,0,2026-08-27 16:53:15.577852+00,2026-08-27 16:53:15.577852+00
10,16384,t,-7199210358505131731,"SELECT count(*) FROM pg_auth_members m, pg_roles r WHERE m.roleid = r.oid AND r.rolname = $1",0,0,0,0,0,0,25,0.485919,0.013098,0.034563,0.01943676,0.0045670486949889195,25,75,0,0,0,0,0,0,0,0,0,0,0,0,0,0,0,0,0,0,0,0,0,0,0,0,0,0,0,0,2026-08-27 13:34:27.417648+00,2026-08-27 13:34:27.417648+00
10,16384,t,4556225230544708917,"FETCH 0 IN ""query-cursor_207""",0,0,0,0,0,0,1,0.003488,0.003488,0.003488,0.003488,0,0,0,0,0,0,0,0,0,0,0,0,0,0,0,0,0,0,0,0,0,0,0,0,0,0,0,0,0,0,0,2026-08-27 17:04:15.578621+00,2026-08-27 17:04:15.578621+00
10,16384,t,-6954984175538148764,"FETCH 0 IN ""query-cursor_120""",0,0,0,0,0,0,1,0.003357,0.003357,0.003357,0.003357,0,0,0,0,0,0,0,0,0,0,0,0,0,0,0,0,0,0,0,0,0,0,0,0,0,0,0,0,0,0,0,2026-08-27 15:27:15.57224+00,2026-08-27 15:27:15.57224+00
10,16384,t,-3408060145005648333,"MOVE ALL IN ""query-cursor_186""",0,0,0,0,0,0,1,5.108622,5.108622,5.108622,5.108622,0,0,0,0,0,0,0,0,0,0,0,0,0,0,0,0,0,0,0,0,0,0,0,0,0,0,0,0,0,0,0,2026-08-27 16:43:15.582316+00,2026-08-27 16:43:15.582316+00
10,16384,t,1844942870784685723,"DECLARE ""query-cursor_6"" SCROLL CURSOR FOR select queryid, left(query, $1), calls, (total_plan_time + total_exec_time) as total_time from aurora_stat_statements($2) order by calls desc limit $3 FOR READ ONLY",0,0,0,0,0,0,1,0.059007,0.059007,0.059007,0.059007,0,0,0,0,0,0,0,0,0,0,0,0,0,0,0,0,0,0,0,0,0,0,0,0,0,0,0,0,0,0,0,2026-08-27 13:33:15.564273+00,2026-08-27 13:33:15.564273+00
10,16384,t,-821276053001312898,"FETCH 0 IN ""query-cursor_123""",0,0,0,0,0,0,1,0.003728,0.003728,0.003728,0.003728,0,0,0,0,0,0,0,0,0,0,0,0,0,0,0,0,0,0,0,0,0,0,0,0,0,0,0,0,0,0,0,2026-08-27 15:30:15.572483+00,2026-08-27 15:30:15.572483+00
16410,16412,t,-8587095126081039630,"UPDATE RES_FEAT_STAT AS T SET FTYPE_ID=C.FTYPE_ID,NUM_RES_ENT=C.NUM_RES_ENT_NEW,NUM_RES_ENT_OOM=C.NUM_RES_ENT_OOM_NEW FROM (VALUES (CAST ($1 AS BIGINT),CAST ($2 AS INT),CAST ($3 AS BIGINT),CAST ($4 AS BIGINT),CAST ($5 AS BIGINT),CAST ($6 AS BIGINT)),(CAST ($7 AS BIGINT),CAST ($8 AS INT),CAST ($9 AS BIGINT),CAST ($10 AS BIGINT),CAST ($11 AS BIGINT),CAST ($12 AS BIGINT)),(CAST ($13 AS BIGINT),CAST ($14 AS INT),CAST ($15 AS BIGINT),CAST ($16 AS BIGINT),CAST ($17 AS BIGINT),CAST ($18 AS BIGINT)),(CAST ($19 AS BIGINT),CAST ($20 AS INT),CAST ($21 AS BIGINT),CAST ($22 AS BIGINT),CAST ($23 AS BIGINT),CAST ($24 AS BIGINT)),(CAST ($25 AS BIGINT),CAST ($26 AS INT),CAST ($27 AS BIGINT),CAST ($28 AS BIGINT),CAST ($29 AS BIGINT),CAST ($30 AS BIGINT)),(CAST ($31 AS BIGINT),CAST ($32 AS INT),CAST ($33 AS BIGINT),CAST ($34 AS BIGINT),CAST ($35 AS BIGINT),CAST ($36 AS BIGINT)),(CAST ($37 AS BIGINT),CAST ($38 AS INT),CAST ($39 AS BIGINT),CAST ($40 AS BIGINT),CAST ($41 AS BIGINT),CAST ($42 AS BIGINT)),(CAST ($43 AS BIGINT),CAST ($44 AS INT),CAST ($45 AS BIGINT),CAST ($46 AS BIGINT),CAST ($47 AS BIGINT),CAST ($48 AS BIGINT)),(CAST ($49 AS BIGINT),CAST ($50 AS INT),CAST ($51 AS BIGINT),CAST ($52 AS BIGINT),CAST ($53 AS BIGINT),CAST ($54 AS BIGINT)),(CAST ($55 AS BIGINT),CAST ($56 AS INT),CAST ($57 AS BIGINT),CAST ($58 AS BIGINT),CAST ($59 AS BIGINT),CAST ($60 AS BIGINT)),(CAST ($61 AS BIGINT),CAST ($62 AS INT),CAST ($63 AS BIGINT),CAST ($64 AS BIGINT),CAST ($65 AS BIGINT),CAST ($66 AS BIGINT)),(CAST ($67 AS BIGINT),CAST ($68 AS INT),CAST ($69 AS BIGINT),CAST ($70 AS BIGINT),CAST ($71 AS BIGINT),CAST ($72 AS BIGINT)),(CAST ($73 AS BIGINT),CAST ($74 AS INT),CAST ($75 AS BIGINT),CAST ($76 AS BIGINT),CAST ($77 AS BIGINT),CAST ($78 AS BIGINT)),(CAST ($79 AS BIGINT),CAST ($80 AS INT),CAST ($81 AS BIGINT),CAST ($82 AS BIGINT),CAST ($83 AS BIGINT),CAST ($84 AS BIGINT)),(CAST ($85 AS BIGINT),CAST ($86 AS INT),CAST ($87 AS BIGINT),CAST ($88 AS BIGINT),CAST ($89 AS BIGINT),CAST ($90 AS BIGINT)),(CAST ($91 AS BIGINT),CAST ($92 AS INT),CAST ($93 AS BIGINT),CAST ($94 AS BIGINT),CAST ($95 AS BIGINT),CAST ($96 AS BIGINT))) AS C(LIB_FEAT_ID,FTYPE_ID,NUM_RES_ENT_OLD,NUM_RES_ENT_OOM_OLD,NUM_RES_ENT_NEW,NUM_RES_ENT_OOM_NEW) WHERE C.LIB_FEAT_ID=T.LIB_FEAT_ID AND C.NUM_RES_ENT_OLD=T.NUM_RES_ENT AND C.NUM_RES_ENT_OOM_OLD=T.NUM_RES_ENT_OOM",0,0,0,0,0,0,2,3.814393,1.198899,2.615494,1.9071965,0.7082975,20,3797,0,0,0,0,0,0,0,0,0,0,0,0,0,0,0,0,0,0,0,0,0,0,0,0,0,0,0,0,2026-08-27 16:07:08.877443+00,2026-08-27 16:07:08.877443+00
10,16384,t,-1856678536166459649,"MOVE -796 IN ""query-cursor_107""",0,0,0,0,0,0,1,0.016243,0.016243,0.016243,0.016243,0,0,0,0,0,0,0,0,0,0,0,0,0,0,0,0,0,0,0,0,0,0,0,0,0,0,0,0,0,0,0,2026-08-27 15:14:15.573144+00,2026-08-27 15:14:15.573144+00
10,16384,t,7211193248900673230,"FETCH 0 IN ""query-cursor_237""",0,0,0,0,0,0,1,0.004253,0.004253,0.004253,0.004253,0,0,0,0,0,0,0,0,0,0,0,0,0,0,0,0,0,0,0,0,0,0,0,0,0,0,0,0,0,0,0,2026-08-27 17:34:15.580769+00,2026-08-27 17:34:15.580769+00
10,16384,t,-529974014269446854,"DECLARE ""query-cursor_201"" SCROLL CURSOR FOR select queryid, left(query, $1), calls, (total_plan_time + total_exec_time) as total_time from aurora_stat_statements($2) order by calls desc limit $3 FOR READ ONLY",0,0,0,0,0,0,1,0.066575,0.066575,0.066575,0.066575,0,0,0,0,0,0,0,0,0,0,0,0,0,0,0,0,0,0,0,0,0,0,0,0,0,0,0,0,0,0,0,2026-08-27 16:58:15.578323+00,2026-08-27 16:58:15.578323+00
10,16384,t,-8454523136090456736,"MOVE -682 IN ""query-cursor_88""",0,0,0,0,0,0,1,0.014394,0.014394,0.014394,0.014394,0,0,0,0,0,0,0,0,0,0,0,0,0,0,0,0,0,0,0,0,0,0,0,0,0,0,0,0,0,0,0,2026-08-27 14:55:15.5717+00,2026-08-27 14:55:15.5717+00
16410,16412,t,559070467741037476,"SELECT RES_ENT_ID,LIB_FEAT_ID,FTYPE_ID,UTYPE_CODE,SUPPRESSED,OBS_ENT_CNT FROM RES_FEAT_EKEY WHERE RES_ENT_ID IN ($1,$2,$3,$4,$5,$6,$7,$8,$9,$10,$11,$12,$13,$14,$15,$16,$17,$18,$19,$20,$21,$22,$23,$24,$25,$26,$27,$28,$29,$30,$31,$32) AND FTYPE_ID IN ($33,$34,$35,$36,$37)",0,0,0,0,0,0,8,4.594443,0.44935899999999995,0.7745529999999999,0.574305375,0.10507584728297162,2084,669,0,0,0,0,0,0,0,0,0,0,0,0,0,0,0,0,0,0,0,0,0,0,0,0,0,0,0,0,2026-08-27 16:05:29.424557+00,2026-08-27 16:05:29.424557+00
10,16384,t,595610403874609719,"DECLARE ""query-cursor_227"" SCROLL CURSOR FOR select queryid, left(query, $1), calls, (total_plan_time + total_exec_time) as total_time from aurora_stat_statements($2) order by calls desc limit $3 FOR READ ONLY",0,0,0,0,0,0,1,0.06651,0.06651,0.06651,0.06651,0,0,0,0,0,0,0,0,0,0,0,0,0,0,0,0,0,0,0,0,0,0,0,0,0,0,0,0,0,0,0,2026-08-27 17:24:15.580039+00,2026-08-27 17:24:15.580039+00
16410,16412,t,8746778309527021788,"SELECT ENT_SRC_KEY,CONFIG_ID,FIRST_SEEN_DT,LAST_SEEN_DT,JSON_DATA FROM DSRC_RECORD WHERE DSRC_ID=$1 AND RECORD_ID=$2",0,0,0,0,0,0,1171950,251726.17854799997,0.007723000000000001,271.21844600000003,0.21479259230171932,0.8833076176800821,1171950,11038437,0,0,0,0,0,0,0,0,0,0,0,0,0,0,0,0,0,0,0,0,0,0,0,0,0,0,0,0,2026-08-27 15:50:57.749746+00,2026-08-27 15:50:57.749746+00
10,16384,t,-2012401940165738353,"FETCH 0 IN ""query-cursor_108""",0,0,0,0,0,0,1,0.003604,0.003604,0.003604,0.003604,0,0,0,0,0,0,0,0,0,0,0,0,0,0,0,0,0,0,0,0,0,0,0,0,0,0,0,0,0,0,0,2026-08-27 15:15:15.571418+00,2026-08-27 15:15:15.571418+00
16410,16412,t,4309458531024924658,"SELECT OBS_ENT_ID,DSRC_ID,ENT_SRC_KEY,LOCKING_ID,FEATURES FROM OBS_ENT WHERE OBS_ENT_ID IN ($1,$2,$3,$4,$5,$6,$7,$8,$9,$10,$11,$12,$13,$14,$15,$16)",0,0,0,0,0,0,336,44.072009999999956,0.027437,0.923535,0.1311666964285713,0.13474151410442103,3634,20216,0,0,0,0,0,0,0,0,0,0,0,0,0,0,0,0,0,0,0,0,0,0,0,0,0,0,0,0,2026-08-27 15:57:31.256019+00,2026-08-27 15:57:31.256019+00
10,16384,t,4298162897353340719,"MOVE -700 IN ""query-cursor_91""",0,0,0,0,0,0,1,0.01488,0.01488,0.01488,0.01488,0,0,0,0,0,0,0,0,0,0,0,0,0,0,0,0,0,0,0,0,0,0,0,0,0,0,0,0,0,0,0,2026-08-27 14:58:15.571989+00,2026-08-27 14:58:15.571989+00
16410,16412,t,-5266833737385749841,"SELECT RES_ENT_ID,LIB_FEAT_ID,FTYPE_ID,UTYPE_CODE,SUPPRESSED,OBS_ENT_CNT FROM RES_FEAT_EKEY WHERE RES_ENT_ID IN ($1,$2,$3,$4,$5,$6,$7,$8,$9,$10,$11,$12,$13,$14,$15,$16,$17,$18,$19,$20,$21,$22,$23,$24,$25,$26,$27,$28,$29,$30,$31,$32,$33,$34,$35,$36,$37,$38,$39,$40,$41,$42,$43,$44,$45,$46,$47,$48,$49,$50,$51,$52,$53,$54,$55,$56,$57,$58,$59,$60,$61,$62,$63,$64,$65,$66,$67,$68,$69,$70,$71,$72,$73,$74,$75,$76,$77,$78,$79,$80,$81,$82,$83,$84,$85,$86,$87,$88,$89,$90,$91,$92) AND FTYPE_ID IN ($93,$94,$95,$96,$97,$98,$99,$100)",0,0,0,0,0,0,18,34.53954399999999,1.2815210000000001,5.438834,1.918863555555555,0.8879138547470082,23335,5164,0,0,0,0,0,0,0,0,0,0,0,0,0,0,0,0,0,0,0,0,0,0,0,0,0,0,0,0,2026-08-27 15:52:37.91237+00,2026-08-27 15:52:37.91237+00
16410,16412,t,1666982980568135759,"SELECT RES_ENT_ID,LIB_FEAT_ID,FTYPE_ID,UTYPE_CODE,SUPPRESSED,OBS_ENT_CNT FROM RES_FEAT_EKEY WHERE RES_ENT_ID IN ($1,$2,$3,$4,$5,$6,$7,$8,$9,$10,$11,$12,$13,$14,$15,$16,$17,$18,$19,$20,$21,$22,$23,$24,$25,$26,$27,$28,$29,$30,$31,$32,$33,$34,$35,$36,$37,$38,$39,$40,$41,$42,$43,$44,$45,$46,$47,$48,$49,$50,$51,$52,$53,$54,$55,$56,$57,$58,$59,$60,$61,$62,$63,$64,$65,$66,$67,$68,$69,$70,$71,$72,$73,$74,$75,$76,$77,$78,$79,$80,$81) AND FTYPE_ID IN ($82,$83,$84,$85,$86,$87,$88,$89,$90,$91,$92,$93,$94,$95,$96,$97,$98,$99,$100)",0,0,0,0,0,0,162,40925.265783999996,4.855324,996.073757,252.62509743209873,215.55798583839518,17580321,260826,0,0,0,0,0,0,0,0,0,0,0,0,0,0,0,0,0,0,0,0,0,0,0,0,0,0,0,0,2026-08-27 15:51:24.037557+00,2026-08-27 15:51:24.037557+00
10,16384,t,2671304535297845145,"FETCH 50 IN ""query-cursor_57""",0,0,0,0,0,0,9,0.029314,0.002783,0.005572,0.0032571111111111112,0.0008293151718864108,450,0,0,0,0,0,0,0,0,0,0,0,0,0,0,0,0,0,0,0,0,0,0,0,0,0,0,0,0,0,2026-08-27 14:24:15.569193+00,2026-08-27 14:24:15.569193+00
16410,16412,t,-141796898557675906,"UPDATE RES_FEAT_EKEY AS T SET SUPPRESSED=C.SUPPRESSED,OBS_ENT_CNT=C.OBS_ENT_CNT FROM (VALUES (CAST ($1 AS BIGINT),CAST ($2 AS BIGINT),$3,$4,CAST ($5 AS BIGINT)),(CAST ($6 AS BIGINT),CAST ($7 AS BIGINT),$8,$9,CAST ($10 AS BIGINT)),(CAST ($11 AS BIGINT),CAST ($12 AS BIGINT),$13,$14,CAST ($15 AS BIGINT)),(CAST ($16 AS BIGINT),CAST ($17 AS BIGINT),$18,$19,CAST ($20 AS BIGINT)),(CAST ($21 AS BIGINT),CAST ($22 AS BIGINT),$23,$24,CAST ($25 AS BIGINT)),(CAST ($26 AS BIGINT),CAST ($27 AS BIGINT),$28,$29,CAST ($30 AS BIGINT)),(CAST ($31 AS BIGINT),CAST ($32 AS BIGINT),$33,$34,CAST ($35 AS BIGINT)),(CAST ($36 AS BIGINT),CAST ($37 AS BIGINT),$38,$39,CAST ($40 AS BIGINT)),(CAST ($41 AS BIGINT),CAST ($42 AS BIGINT),$43,$44,CAST ($45 AS BIGINT))) AS C(RES_ENT_ID,LIB_FEAT_ID,UTYPE_CODE,SUPPRESSED,OBS_ENT_CNT) WHERE C.RES_ENT_ID=T.RES_ENT_ID AND C.LIB_FEAT_ID=T.LIB_FEAT_ID AND C.UTYPE_CODE=T.UTYPE_CODE",0,0,0,0,0,0,1487,3828.4427979999964,0.085216,76.00347000000001,2.574608472091457,7.6716016067634225,13380,164702,0,0,270,0,0,0,0,0,0,0,2.7081170000000006,0,0,0,0,0,0,0,0,0,0,0,0,0,0,0,0,0,2026-08-27 15:51:26.03018+00,2026-08-27 15:51:26.03018+00
10,16384,t,5851742452113051159,"FETCH 0 IN ""query-cursor_50""",0,0,0,0,0,0,1,0.003308,0.003308,0.003308,0.003308,0,0,0,0,0,0,0,0,0,0,0,0,0,0,0,0,0,0,0,0,0,0,0,0,0,0,0,0,0,0,0,2026-08-27 14:17:15.567502+00,2026-08-27 14:17:15.567502+00
10,16384,t,-1389155735832592913,"FETCH 21 IN ""query-cursor_204""",0,0,0,0,0,0,1,0.002446,0.002446,0.002446,0.002446,0,21,0,0,0,0,0,0,0,0,0,0,0,0,0,0,0,0,0,0,0,0,0,0,0,0,0,0,0,0,0,2026-08-27 17:01:15.596557+00,2026-08-27 17:01:15.596557+00
10,16384,t,-8890955396177880870,"FETCH 0 IN ""query-cursor_187""",0,0,0,0,0,0,1,0.003538,0.003538,0.003538,0.003538,0,0,0,0,0,0,0,0,0,0,0,0,0,0,0,0,0,0,0,0,0,0,0,0,0,0,0,0,0,0,0,2026-08-27 16:44:15.577347+00,2026-08-27 16:44:15.577347+00
10,16384,t,8999939249487966055,"FETCH 50 IN ""query-cursor_197""",0,0,0,0,0,0,39,0.15792400000000004,0.002811,0.008808,0.0040493333333333345,0.0012133843818508863,1950,0,0,0,0,0,0,0,0,0,0,0,0,0,0,0,0,0,0,0,0,0,0,0,0,0,0,0,0,0,2026-08-27 16:54:15.583085+00,2026-08-27 16:54:15.583085+00
10,16384,t,1616699650370724610,"MOVE ALL IN ""query-cursor_135""",0,0,0,0,0,0,1,2.091217,2.091217,2.091217,2.091217,0,0,0,0,0,0,0,0,0,0,0,0,0,0,0,0,0,0,0,0,0,0,0,0,0,0,0,0,0,0,0,2026-08-27 15:42:15.575515+00,2026-08-27 15:42:15.575515+00
16410,16412,t,3882418298296894432,"SELECT RES_ENT_ID,LIB_FEAT_ID,FTYPE_ID,UTYPE_CODE,SUPPRESSED,OBS_ENT_CNT FROM RES_FEAT_EKEY WHERE RES_ENT_ID IN ($1,$2,$3,$4,$5,$6,$7,$8,$9,$10,$11,$12,$13,$14,$15,$16) AND FTYPE_ID IN ($17,$18,$19,$20,$21,$22,$23,$24,$25,$26,$27,$28,$29)",0,0,0,0,0,0,4538,12031.216407000016,0.145876,406.765423,2.651215603129135,11.984184509186072,5041907,295084,0,0,0,0,0,0,0,0,0,0,0,0,0,0,0,0,0,0,0,0,0,0,0,0,0,0,0,0,2026-08-27 15:50:49.176439+00,2026-08-27 15:50:49.176439+00
16410,16412,t,-5295897286979062332,"CREATE TABLE RES_ENT_OKEY (OBS_ENT_ID BIGINT NOT NULL, RES_ENT_ID BIGINT NOT NULL, ERRULE_ID SMALLINT NOT NULL, MATCH_KEY TEXT, PRIMARY KEY(OBS_ENT_ID))",0,0,0,0,0,0,1,5.96624,5.96624,5.96624,5.96624,0,0,343,0,0,0,0,0,0,0,0,0,0,0,0,0,0,0,0,0,0,0,0,0,0,0,0,0,0,0,0,2026-08-27 13:29:50.023315+00,2026-08-27 13:29:50.023315+00
10,16384,t,7780909377214066266,"FETCH 50 IN ""query-cursor_118""",0,0,0,0,0,0,17,0.05315299999999999,0.002686,0.005475,0.003126647058823529,0.0007287971509255725,850,0,0,0,0,0,0,0,0,0,0,0,0,0,0,0,0,0,0,0,0,0,0,0,0,0,0,0,0,0,2026-08-27 15:25:15.574024+00,2026-08-27 15:25:15.574024+00
10,16384,t,3480297924698934474,"FETCH 50 IN ""query-cursor_95""",0,0,0,0,0,0,14,0.04412,0.002828,0.005381,0.0031514285714285715,0.0006383649554342176,700,0,0,0,0,0,0,0,0,0,0,0,0,0,0,0,0,0,0,0,0,0,0,0,0,0,0,0,0,0,2026-08-27 15:02:15.572425+00,2026-08-27 15:02:15.572425+00
10,16384,t,959849651670826685,"FETCH 21 IN ""query-cursor_128""",0,0,0,0,0,0,1,0.002261,0.002261,0.002261,0.002261,0,21,0,0,0,0,0,0,0,0,0,0,0,0,0,0,0,0,0,0,0,0,0,0,0,0,0,0,0,0,0,2026-08-27 15:35:15.578021+00,2026-08-27 15:35:15.578021+00
16410,16412,t,-1603778486683057469,DELETE FROM RES_FEAT_EKEY WHERE ((RES_ENT_ID=$1 AND LIB_FEAT_ID=$2 AND UTYPE_CODE=$3)OR(RES_ENT_ID=$4 AND LIB_FEAT_ID=$5 AND UTYPE_CODE=$6)OR(RES_ENT_ID=$7 AND LIB_FEAT_ID=$8 AND UTYPE_CODE=$9)OR(RES_ENT_ID=$10 AND LIB_FEAT_ID=$11 AND UTYPE_CODE=$12)OR(RES_ENT_ID=$13 AND LIB_FEAT_ID=$14 AND UTYPE_CODE=$15)OR(RES_ENT_ID=$16 AND LIB_FEAT_ID=$17 AND UTYPE_CODE=$18)OR(RES_ENT_ID=$19 AND LIB_FEAT_ID=$20 AND UTYPE_CODE=$21)),0,0,0,0,0,0,2089,1063.3572259999996,0.024215,67.84254200000001,0.5090269152704642,2.7480840967869935,14585,75699,0,0,0,0,0,0,0,0,0,0,0,0,0,0,0,0,0,0,0,0,0,0,0,0,0,0,0,0,2026-08-27 15:51:02.212046+00,2026-08-27 15:51:02.212046+00
16410,16412,t,-740985576836762847,"INSERT INTO RES_FEAT_STAT(LIB_FEAT_ID,FTYPE_ID,NUM_RES_ENT,NUM_RES_ENT_OOM) VALUES ($1,$2,$3,$4),($5,$6,$7,$8),($9,$10,$11,$12),($13,$14,$15,$16),($17,$18,$19,$20),($21,$22,$23,$24),($25,$26,$27,$28),($29,$30,$31,$32),($33,$34,$35,$36),($37,$38,$39,$40),($41,$42,$43,$44),($45,$46,$47,$48),($49,$50,$51,$52),($53,$54,$55,$56),($57,$58,$59,$60) ON CONFLICT DO NOTHING",0,0,0,0,0,0,25634,90874.14983999936,0.133206,938.51067,3.5450631910743295,15.430736044459373,384366,3188365,0,0,4702,0,0,0,0,0,0,0,190.68843400000046,0,0,0,0,0,0,0,0,0,0,0,0,0,0,0,0,0,2026-08-27 15:50:47.014958+00,2026-08-27 15:50:47.014958+00
10,16384,t,-9018778587115562672,"MOVE ALL IN ""query-cursor_146""",0,0,0,0,0,0,1,4.95983,4.95983,4.95983,4.95983,0,0,0,0,0,0,0,0,0,0,0,0,0,0,0,0,0,0,0,0,0,0,0,0,0,0,0,0,0,0,0,2026-08-27 15:53:15.579389+00,2026-08-27 15:53:15.579389+00
16410,16412,t,-356578740916217526,"SELECT LIB_FEAT_ID,FEAT_DESC,FTYPE_ID,ANONYMIZED,FEAT_HASH,VERSION,FELEM_VALUES FROM LIB_FEAT WHERE (FEAT_HASH,FTYPE_ID) IN (($1,$2))",0,0,0,0,0,0,840113,29526.601394001187,0.006275,40.326387,0.035145987973047896,0.2544099470922667,514107,3867633,0,0,0,0,0,0,0,0,0,0,0,0,0,0,0,0,0,0,0,0,0,0,0,0,0,0,0,0,2026-08-27 15:50:46.848521+00,2026-08-27 15:50:46.848521+00
16410,16412,t,3783799953446401637,"SELECT RES_ENT_ID,LIB_FEAT_ID,FTYPE_ID,UTYPE_CODE,SUPPRESSED,OBS_ENT_CNT FROM RES_FEAT_EKEY WHERE RES_ENT_ID IN ($1) AND FTYPE_ID IN ($2,$3,$4,$5,$6,$7,$8,$9,$10,$11,$12,$13,$14,$15,$16,$17,$18,$19,$20)",0,0,0,0,0,0,195,44.808450000000015,0.018338,9.149875,0.22978692307692317,0.7693145427866184,50344,1415,0,0,0,0,0,0,0,0,0,0,0,0,0,0,0,0,0,0,0,0,0,0,0,0,0,0,0,0,2026-08-27 15:50:50.137629+00,2026-08-27 15:50:50.137629+00
10,16384,t,-5877002393846060561,"DECLARE ""query-cursor_26"" SCROLL CURSOR FOR select queryid, left(query, $1), calls, (total_plan_time + total_exec_time) as total_time from aurora_stat_statements($2) order by calls desc limit $3 FOR READ ONLY",0,0,0,0,0,0,1,0.064581,0.064581,0.064581,0.064581,0,0,0,0,0,0,0,0,0,0,0,0,0,0,0,0,0,0,0,0,0,0,0,0,0,0,0,0,0,0,0,2026-08-27 13:53:15.565725+00,2026-08-27 13:53:15.565725+00
16410,16412,t,1165153896606422882,"SELECT RES_ENT_ID,LIB_FEAT_ID,FTYPE_ID,UTYPE_CODE,SUPPRESSED,OBS_ENT_CNT FROM RES_FEAT_EKEY WHERE RES_ENT_ID IN ($1,$2,$3,$4,$5,$6,$7,$8) AND FTYPE_ID IN ($9,$10,$11,$12,$13,$14,$15,$16,$17,$18,$19,$20,$21,$22,$23,$24,$25,$26)",0,0,0,0,0,0,1003,2111.2300849999992,0.094972,104.008736,2.10491533898305,6.225586145580787,1948191,49236,0,0,0,0,0,0,0,0,0,0,0,0,0,0,0,0,0,0,0,0,0,0,0,0,0,0,0,0,2026-08-27 15:50:47.83315+00,2026-08-27 15:50:47.83315+00
10,16384,t,-132421109384213628,"DECLARE ""query-cursor_121"" SCROLL CURSOR FOR select queryid, left(query, $1), calls, (total_plan_time + total_exec_time) as total_time from aurora_stat_statements($2) order by calls desc limit $3 FOR READ ONLY",0,0,0,0,0,0,1,0.051934,0.051934,0.051934,0.051934,0,0,0,0,0,0,0,0,0,0,0,0,0,0,0,0,0,0,0,0,0,0,0,0,0,0,0,0,0,0,0,2026-08-27 15:28:15.572304+00,2026-08-27 15:28:15.572304+00
10,16384,t,-5819826948341780224,"MOVE ALL IN ""query-cursor_22""",0,0,0,0,0,0,1,0.598955,0.598955,0.598955,0.598955,0,0,0,0,0,0,0,0,0,0,0,0,0,0,0,0,0,0,0,0,0,0,0,0,0,0,0,0,0,0,0,2026-08-27 13:49:15.566126+00,2026-08-27 13:49:15.566126+00
16410,16412,t,5358738312146155521,"SELECT RES_ENT_ID,LIB_FEAT_ID,FTYPE_ID,UTYPE_CODE,SUPPRESSED,OBS_ENT_CNT FROM RES_FEAT_EKEY WHERE RES_ENT_ID IN ($1,$2,$3,$4,$5,$6,$7,$8,$9,$10,$11,$12,$13,$14,$15,$16,$17,$18,$19,$20,$21,$22,$23,$24,$25,$26,$27,$28,$29,$30,$31,$32) AND FTYPE_ID IN ($33,$34,$35,$36,$37,$38,$39,$40,$41,$42,$43,$44,$45,$46,$47,$48,$49,$50,$51,$52,$53,$54,$55)",0,0,0,0,0,0,112,3715.049992999999,0.9944439999999999,603.112272,33.170089223214276,66.02572484553912,2154298,36047,0,0,0,0,0,0,0,0,0,0,0,0,0,0,0,0,0,0,0,0,0,0,0,0,0,0,0,0,2026-08-27 15:50:49.452045+00,2026-08-27 15:50:49.452045+00
16410,16412,t,6433019860181037100,"INSERT INTO SYS_EVAL_QUEUE(MSG_ID,DSRC_CODE,ENT_SRC_KEY,MSG) VALUES ($1,$2,$3,$4) ON CONFLICT DO NOTHING",0,0,0,0,0,0,1993815,1164988.1466550024,0.004358,49857.712105,0.5843010242449788,81.84064277628937,294657,11563222,4,0,13652,0,0,0,0,0,0,0,1750.0448279999919,0,0,0,0,0,0,0,0,0,0,0,0,0,0,0,0,0,2026-08-27 15:50:48.135504+00,2026-08-27 15:50:48.135504+00
16410,16412,t,4888537386925509039,"INSERT INTO RES_FEAT_EKEY(RES_ENT_ID,LIB_FEAT_ID,FTYPE_ID,UTYPE_CODE,SUPPRESSED,OBS_ENT_CNT) VALUES ($1,$2,$3,$4,$5,$6),($7,$8,$9,$10,$11,$12),($13,$14,$15,$16,$17,$18),($19,$20,$21,$22,$23,$24),($25,$26,$27,$28,$29,$30),($31,$32,$33,$34,$35,$36),($37,$38,$39,$40,$41,$42),($43,$44,$45,$46,$47,$48),($49,$50,$51,$52,$53,$54) ON CONFLICT DO NOTHING",0,0,0,0,0,0,109286,474186.9032119985,0.10347300000000001,457.518046,4.3389537837600285,13.385392217809128,983574,12505078,0,0,14288,0,0,0,0,0,0,0,1050.8289089999973,0,0,0,0,0,0,0,0,0,0,0,0,0,0,0,0,0,2026-08-27 15:50:46.893426+00,2026-08-27 15:50:46.893426+00
10,16384,t,-3261561993475847116,"select s.*, extract($1 from s.lastattempt) as lastattempt_ts from rds_get_stat_dxl_counters() as s limit $2",0,0,0,0,0,0,1,0.024290999999999997,0.024290999999999997,0.024290999999999997,0.024290999999999997,0,1,0,0,0,0,0,0,0,0,0,0,0,0,0,0,0,0,0,0,0,0,0,0,0,0,0,0,0,0,0,2026-08-27 13:29:25.614516+00,2026-08-27 13:29:25.614516+00
10,16384,t,-3551067098116850025,"MOVE ALL IN ""query-cursor_24""",0,0,0,0,0,0,1,0.625916,0.625916,0.625916,0.625916,0,0,0,0,0,0,0,0,0,0,0,0,0,0,0,0,0,0,0,0,0,0,0,0,0,0,0,0,0,0,0,2026-08-27 13:51:15.566291+00,2026-08-27 13:51:15.566291+00
16410,16412,t,2711576164615588639,"UPDATE RES_FEAT_EKEY AS T SET SUPPRESSED = C.SUPPRESSED FROM (VALUES (CAST ($1 AS BIGINT),CAST ($2 AS BIGINT),$3,$4),(CAST ($5 AS BIGINT),CAST ($6 AS BIGINT),$7,$8),(CAST ($9 AS BIGINT),CAST ($10 AS BIGINT),$11,$12),(CAST ($13 AS BIGINT),CAST ($14 AS BIGINT),$15,$16)) AS C(RES_ENT_ID,LIB_FEAT_ID,UTYPE_CODE,SUPPRESSED) WHERE C.RES_ENT_ID=T.RES_ENT_ID AND C.LIB_FEAT_ID=T.LIB_FEAT_ID AND C.UTYPE_CODE=T.UTYPE_CODE",0,0,0,0,0,0,6196,7124.843762000015,0.042762999999999995,184.828691,1.1499102262750185,4.5384467358896226,24784,282542,0,0,190,0,0,0,0,0,0,0,5.859229999999999,0,0,0,0,0,0,0,0,0,0,0,0,0,0,0,0,0,2026-08-27 15:50:47.433221+00,2026-08-27 15:50:47.433221+00
10,16384,t,-7642697584196355108,"MOVE -2256 IN ""query-cursor_243""",0,0,0,0,0,0,1,0.043046,0.043046,0.043046,0.043046,0,0,0,0,0,0,0,0,0,0,0,0,0,0,0,0,0,0,0,0,0,0,0,0,0,0,0,0,0,0,0,2026-08-27 17:40:15.587345+00,2026-08-27 17:40:15.587345+00
16410,16412,t,3364666014867901199,"INSERT INTO LIB_FEAT(LIB_FEAT_ID,FTYPE_ID,FEAT_HASH,FEAT_DESC,FELEM_VALUES,ANONYMIZED,VERSION) VALUES ($1,$2,$3,$4,$5,$6,$7) ON CONFLICT(FTYPE_ID,FEAT_HASH,ANONYMIZED) DO UPDATE SET FTYPE_ID=LIB_FEAT.FTYPE_ID,FEAT_HASH=LIB_FEAT.FEAT_HASH,ANONYMIZED=LIB_FEAT.ANONYMIZED RETURNING LIB_FEAT_ID,FTYPE_ID,FEAT_HASH,ANONYMIZED,FEAT_DESC",0,0,0,0,0,0,36748,430554.70034800295,0.027568000000000002,1266.994459,11.716411786981684,44.515256638236124,36748,1083951,2,0,32411,0,0,0,0,0,0,1.766186,565.7760650000009,0,0,0,0,0,0,0,0,0,0,0,0,0,0,0,0,0,2026-08-27 15:50:46.823155+00,2026-08-27 15:50:46.823155+00
16410,16412,t,5252839083571961941,SELECT pg_advisory_unlock($1),0,0,0,0,0,0,621988,54946.79548600083,0.000748,4774.02217,0.08834060381550904,6.274984905166698,621988,0,0,0,0,0,0,0,0,0,0,0,0,0,0,0,0,0,0,0,0,0,0,0,0,0,0,0,0,0,2026-08-27 15:50:58.184388+00,2026-08-27 15:50:58.184388+00
10,16384,t,-5669478925102868239,"DECLARE ""query-cursor_63"" SCROLL CURSOR FOR select queryid, left(query, $1), calls, (total_plan_time + total_exec_time) as total_time from aurora_stat_statements($2) order by calls desc limit $3 FOR READ ONLY",0,0,0,0,0,0,1,0.064275,0.064275,0.064275,0.064275,0,0,0,0,0,0,0,0,0,0,0,0,0,0,0,0,0,0,0,0,0,0,0,0,0,0,0,0,0,0,0,2026-08-27 14:30:15.568325+00,2026-08-27 14:30:15.568325+00
10,16384,t,-6195094552996690735,"FETCH 14 IN ""query-cursor_186""",0,0,0,0,0,0,1,0.001935,0.001935,0.001935,0.001935,0,14,0,0,0,0,0,0,0,0,0,0,0,0,0,0,0,0,0,0,0,0,0,0,0,0,0,0,0,0,0,2026-08-27 16:43:15.594855+00,2026-08-27 16:43:15.594855+00
10,16384,t,3338244113184538040,select * from rds_get_stat_connections_counters() limit $1,0,0,0,0,0,0,1,0.025596,0.025596,0.025596,0.025596,0,1,0,0,0,0,0,0,0,0,0,0,0,0,0,0,0,0,0,0,0,0,0,0,0,0,0,0,0,0,0,2026-08-27 13:28:55.564316+00,2026-08-27 13:28:55.564316+00
10,16384,t,-4000048151503133813,"FETCH 0 IN ""query-cursor_157""",0,0,0,0,0,0,1,0.00368,0.00368,0.00368,0.00368,0,0,0,0,0,0,0,0,0,0,0,0,0,0,0,0,0,0,0,0,0,0,0,0,0,0,0,0,0,0,0,2026-08-27 16:07:15.575082+00,2026-08-27 16:07:15.575082+00
10,16384,t,5378175582918764431,"FETCH 0 IN ""query-cursor_110""",0,0,0,0,0,0,1,0.003842,0.003842,0.003842,0.003842,0,0,0,0,0,0,0,0,0,0,0,0,0,0,0,0,0,0,0,0,0,0,0,0,0,0,0,0,0,0,0,2026-08-27 15:17:15.571679+00,2026-08-27 15:17:15.571679+00
10,16384,t,8387279066885404908,"FETCH 0 IN ""query-cursor_15""",0,0,0,0,0,0,1,0.003724,0.003724,0.003724,0.003724,0,0,0,0,0,0,0,0,0,0,0,0,0,0,0,0,0,0,0,0,0,0,0,0,0,0,0,0,0,0,0,2026-08-27 13:42:15.565001+00,2026-08-27 13:42:15.565001+00
10,16384,t,5680395348074149694,"FETCH 11 IN ""query-cursor_36""",0,0,0,0,0,0,1,0.001624,0.001624,0.001624,0.001624,0,11,0,0,0,0,0,0,0,0,0,0,0,0,0,0,0,0,0,0,0,0,0,0,0,0,0,0,0,0,0,2026-08-27 14:03:15.56875+00,2026-08-27 14:03:15.56875+00
16410,16412,t,-5178136239730036606,"SELECT RES_ENT_ID,LIB_FEAT_ID,FTYPE_ID,UTYPE_CODE,SUPPRESSED,OBS_ENT_CNT FROM RES_FEAT_EKEY WHERE RES_ENT_ID IN ($1,$2,$3,$4,$5,$6,$7,$8) AND FTYPE_ID IN ($9,$10,$11,$12,$13,$14,$15)",0,0,0,0,0,0,13269,5039.280134999985,0.054943,39.278954999999996,0.37977844110332243,1.7734645520219203,1172365,360640,0,0,0,0,0,0,0,0,0,0,0,0,0,0,0,0,0,0,0,0,0,0,0,0,0,0,0,0,2026-08-27 15:50:58.416139+00,2026-08-27 15:50:58.416139+00
16410,16412,t,-5723145000911626027,"SELECT RES_ENT_ID,LIB_FEAT_ID,FTYPE_ID,UTYPE_CODE,SUPPRESSED,OBS_ENT_CNT FROM RES_FEAT_EKEY WHERE RES_ENT_ID IN ($1)",0,0,0,0,0,0,628673,78447.94959999992,0.003141,351.588052,0.12478339232001362,1.3300040179199817,51028516,3232132,0,0,0,0,0,0,0,0,0,0,0,0,0,0,0,0,0,0,0,0,0,0,0,0,0,0,0,0,2026-08-27 15:50:57.822942+00,2026-08-27 15:50:57.822942+00
10,16384,t,-7556579876091590985,"FETCH 0 IN ""query-cursor_156""",0,0,0,0,0,0,1,0.00446,0.00446,0.00446,0.00446,0,0,0,0,0,0,0,0,0,0,0,0,0,0,0,0,0,0,0,0,0,0,0,0,0,0,0,0,0,0,0,2026-08-27 16:05:15.787687+00,2026-08-27 16:05:15.787687+00
10,16384,t,5874813900088726021,"MOVE -108 IN ""query-cursor_3""",0,0,0,0,0,0,1,0.003899,0.003899,0.003899,0.003899,0,0,0,0,0,0,0,0,0,0,0,0,0,0,0,0,0,0,0,0,0,0,0,0,0,0,0,0,0,0,0,2026-08-27 13:30:15.565305+00,2026-08-27 13:30:15.565305+00
10,16384,t,-1518429740358151875,"FETCH 50 IN ""query-cursor_211""",0,0,0,0,0,0,41,0.16504600000000003,0.002765,0.007016,0.004025512195121952,0.0010467404719914758,2050,0,0,0,0,0,0,0,0,0,0,0,0,0,0,0,0,0,0,0,0,0,0,0,0,0,0,0,0,0,2026-08-27 17:08:15.584752+00,2026-08-27 17:08:15.584752+00
16410,16412,t,653076584682170140,SELECT RES_ENT_ID FROM RES_ENT WHERE RES_ENT_ID IN ($1),0,0,0,0,0,0,1046751,22671.974258000846,0.003261,49.606435999999995,0.021659376736206458,0.21739047385789384,1038993,5405008,0,0,0,0,0,0,0,0,0,0,0,0,0,0,0,0,0,0,0,0,0,0,0,0,0,0,0,0,2026-08-27 15:50:49.024872+00,2026-08-27 15:50:49.024872+00
10,16384,t,-6255421047348294227,"FETCH 50 IN ""query-cursor_231""",0,0,0,0,0,0,43,0.15766899999999998,0.002746,0.006344,0.0036667209302325577,0.0008863948494304379,2150,0,0,0,0,0,0,0,0,0,0,0,0,0,0,0,0,0,0,0,0,0,0,0,0,0,0,0,0,0,2026-08-27 17:28:15.586078+00,2026-08-27 17:28:15.586078+00
16410,16412,t,-1410804119999047752,"SELECT RES_ENT_ID,LIB_FEAT_ID,FTYPE_ID,UTYPE_CODE,SUPPRESSED,OBS_ENT_CNT FROM RES_FEAT_EKEY WHERE RES_ENT_ID IN ($1) AND FTYPE_ID IN ($2,$3,$4,$5,$6,$7,$8,$9,$10,$11,$12,$13,$14,$15,$16,$17)",0,0,0,0,0,0,3085,290.8884819999997,0.015312,8.818016,0.09429124213938403,0.26803938263992294,216925,15026,0,0,0,0,0,0,0,0,0,0,0,0,0,0,0,0,0,0,0,0,0,0,0,0,0,0,0,0,2026-08-27 15:50:47.401305+00,2026-08-27 15:50:47.401305+00
10,16384,t,-3823459983685866963,"FETCH 21 IN ""query-cursor_103""",0,0,0,0,0,0,1,0.002238,0.002238,0.002238,0.002238,0,21,0,0,0,0,0,0,0,0,0,0,0,0,0,0,0,0,0,0,0,0,0,0,0,0,0,0,0,0,0,2026-08-27 15:10:15.575694+00,2026-08-27 15:10:15.575694+00
10,16384,t,-2060377451644550000,"DECLARE ""query-cursor_131"" SCROLL CURSOR FOR select queryid, left(query, $1), calls, (total_plan_time + total_exec_time) as total_time from aurora_stat_statements($2) order by calls desc limit $3 FOR READ ONLY",0,0,0,0,0,0,1,0.058843,0.058843,0.058843,0.058843,0,0,0,0,0,0,0,0,0,0,0,0,0,0,0,0,0,0,0,0,0,0,0,0,0,0,0,0,0,0,0,2026-08-27 15:38:15.573059+00,2026-08-27 15:38:15.573059+00
16410,16412,t,-3307888229249635103,"SELECT RES_ENT_ID,LIB_FEAT_ID,FTYPE_ID,UTYPE_CODE,SUPPRESSED,OBS_ENT_CNT FROM RES_FEAT_EKEY WHERE RES_ENT_ID IN ($1,$2,$3,$4,$5,$6,$7,$8) AND FTYPE_ID IN ($9,$10,$11,$12,$13)",0,0,0,0,0,0,94,50.967349,0.077251,16.832106,0.5422058404255319,1.929786654146627,7162,2625,0,0,0,0,0,0,0,0,0,0,0,0,0,0,0,0,0,0,0,0,0,0,0,0,0,0,0,0,2026-08-27 15:52:05.430233+00,2026-08-27 15:52:05.430233+00
16410,16412,t,-7978125630848441870,"SELECT RES_ENT_ID,LIB_FEAT_ID,FTYPE_ID,UTYPE_CODE,SUPPRESSED,OBS_ENT_CNT FROM RES_FEAT_EKEY WHERE RES_ENT_ID IN ($1) AND FTYPE_ID IN ($2,$3,$4,$5,$6,$7,$8,$9,$10,$11,$12,$13,$14,$15,$16)",0,0,0,0,0,0,11668,1293.9418700000017,0.012262,30.914672,0.11089662924237245,0.6582372141658734,651812,54309,0,0,0,0,0,0,0,0,0,0,0,0,0,0,0,0,0,0,0,0,0,0,0,0,0,0,0,0,2026-08-27 15:50:47.197243+00,2026-08-27 15:50:47.197243+00
16410,16412,t,3416425948587793870,"DELETE FROM RES_REL_EKEY WHERE (RES_ENT_ID,REL_ENT_ID,RES_REL_ID) IN (($1,$2,$3))",0,0,0,0,0,0,18,0.591271,0.006757,0.058894,0.032848388888888885,0.014367788100620118,16,86,0,0,0,0,0,0,0,0,0,0,0,0,0,0,0,0,0,0,0,0,0,0,0,0,0,0,0,0,2026-08-27 15:55:15.500714+00,2026-08-27 15:55:15.500714+00
10,16384,t,-654443431772752840,"FETCH 29 IN ""query-cursor_39""",0,0,0,0,0,0,1,0.00264,0.00264,0.00264,0.00264,0,29,0,0,0,0,0,0,0,0,0,0,0,0,0,0,0,0,0,0,0,0,0,0,0,0,0,0,0,0,0,2026-08-27 14:06:15.569089+00,2026-08-27 14:06:15.569089+00
10,16384,t,9109846951119336301,"FETCH 13 IN ""query-cursor_211""",0,0,0,0,0,0,1,0.001927,0.001927,0.001927,0.001927,0,13,0,0,0,0,0,0,0,0,0,0,0,0,0,0,0,0,0,0,0,0,0,0,0,0,0,0,0,0,0,2026-08-27 17:08:15.597427+00,2026-08-27 17:08:15.597427+00
10,16384,t,-8642136854871890276,"MOVE ALL IN ""query-cursor_234""",0,0,0,0,0,0,1,5.13238,5.13238,5.13238,5.13238,0,0,0,0,0,0,0,0,0,0,0,0,0,0,0,0,0,0,0,0,0,0,0,0,0,0,0,0,0,0,0,2026-08-27 17:31:15.585709+00,2026-08-27 17:31:15.585709+00
16410,16412,t,-7284927694503154729,DELETE FROM RES_FEAT_EKEY WHERE ((RES_ENT_ID=$1 AND LIB_FEAT_ID=$2 AND UTYPE_CODE=$3)OR(RES_ENT_ID=$4 AND LIB_FEAT_ID=$5 AND UTYPE_CODE=$6)OR(RES_ENT_ID=$7 AND LIB_FEAT_ID=$8 AND UTYPE_CODE=$9)OR(RES_ENT_ID=$10 AND LIB_FEAT_ID=$11 AND UTYPE_CODE=$12)OR(RES_ENT_ID=$13 AND LIB_FEAT_ID=$14 AND UTYPE_CODE=$15)OR(RES_ENT_ID=$16 AND LIB_FEAT_ID=$17 AND UTYPE_CODE=$18)OR(RES_ENT_ID=$19 AND LIB_FEAT_ID=$20 AND UTYPE_CODE=$21)OR(RES_ENT_ID=$22 AND LIB_FEAT_ID=$23 AND UTYPE_CODE=$24)OR(RES_ENT_ID=$25 AND LIB_FEAT_ID=$26 AND UTYPE_CODE=$27)OR(RES_ENT_ID=$28 AND LIB_FEAT_ID=$29 AND UTYPE_CODE=$30)OR(RES_ENT_ID=$31 AND LIB_FEAT_ID=$32 AND UTYPE_CODE=$33)OR(RES_ENT_ID=$34 AND LIB_FEAT_ID=$35 AND UTYPE_CODE=$36)OR(RES_ENT_ID=$37 AND LIB_FEAT_ID=$38 AND UTYPE_CODE=$39)OR(RES_ENT_ID=$40 AND LIB_FEAT_ID=$41 AND UTYPE_CODE=$42)OR(RES_ENT_ID=$43 AND LIB_FEAT_ID=$44 AND UTYPE_CODE=$45)OR(RES_ENT_ID=$46 AND LIB_FEAT_ID=$47 AND UTYPE_CODE=$48)OR(RES_ENT_ID=$49 AND LIB_FEAT_ID=$50 AND UTYPE_CODE=$51)OR(RES_ENT_ID=$52 AND LIB_FEAT_ID=$53 AND UTYPE_CODE=$54)),0,0,0,0,0,0,587,1076.3934759999993,0.036882,62.659036,1.8337197206132867,6.211928136232131,10447,53414,0,0,0,0,0,0,0,0,0,0,0,0,0,0,0,0,0,0,0,0,0,0,0,0,0,0,0,0,2026-08-27 15:51:39.624313+00,2026-08-27 15:51:39.624313+00
10,16384,t,3311551677599969916,"FETCH 19 IN ""query-cursor_162""",0,0,0,0,0,0,1,0.00249,0.00249,0.00249,0.00249,0,19,0,0,0,0,0,0,0,0,0,0,0,0,0,0,0,0,0,0,0,0,0,0,0,0,0,0,0,0,0,2026-08-27 16:16:15.592399+00,2026-08-27 16:16:15.592399+00
16410,16412,t,2486205349507429114,"SELECT RES_ENT_ID FROM RES_ENT WHERE RES_ENT_ID IN ($1,$2,$3,$4)",0,0,0,0,0,0,32368,1572.3595089999992,0.010176000000000001,25.572199,0.048577592344290633,0.3262161759619421,105780,474171,0,0,0,0,0,0,0,0,0,0,0,0,0,0,0,0,0,0,0,0,0,0,0,0,0,0,0,0,2026-08-27 15:50:54.586694+00,2026-08-27 15:50:54.586694+00
10,16384,t,-3829497978211876133,"FETCH 43 IN ""query-cursor_90""",0,0,0,0,0,0,1,0.003148,0.003148,0.003148,0.003148,0,43,0,0,0,0,0,0,0,0,0,0,0,0,0,0,0,0,0,0,0,0,0,0,0,0,0,0,0,0,0,2026-08-27 14:57:15.574197+00,2026-08-27 14:57:15.574197+00
16410,16412,t,6866519821752473557,"SELECT RES_ENT_ID,LIB_FEAT_ID,FTYPE_ID,UTYPE_CODE,SUPPRESSED,OBS_ENT_CNT FROM RES_FEAT_EKEY WHERE RES_ENT_ID IN ($1) AND FTYPE_ID IN ($2,$3,$4,$5,$6,$7,$8,$9,$10,$11,$12)",0,0,0,0,0,0,8020,768.0886920000007,0.01463,24.918573,0.09577165735660857,0.5982503570219966,277019,38974,0,0,0,0,0,0,0,0,0,0,0,0,0,0,0,0,0,0,0,0,0,0,0,0,0,0,0,0,2026-08-27 15:50:48.196769+00,2026-08-27 15:50:48.196769+00
16410,16412,t,-6055356073271835131,"SELECT RES_ENT_ID,LIB_FEAT_ID,FTYPE_ID,UTYPE_CODE,SUPPRESSED,OBS_ENT_CNT FROM RES_FEAT_EKEY WHERE RES_ENT_ID IN ($1,$2) AND FTYPE_ID IN ($3,$4,$5,$6,$7,$8,$9)",0,0,0,0,0,0,7036,842.5724250000023,0.023729,31.331449999999997,0.11975162379192757,0.8371053786525676,168979,59291,0,0,0,0,0,0,0,0,0,0,0,0,0,0,0,0,0,0,0,0,0,0,0,0,0,0,0,0,2026-08-27 15:51:01.730404+00,2026-08-27 15:51:01.730404+00
10,16384,t,3319173628325875845,"FETCH 0 IN ""query-cursor_151""",0,0,0,0,0,0,1,0.009494,0.009494,0.009494,0.009494,0,0,0,0,0,0,0,0,0,0,0,0,0,0,0,0,0,0,0,0,0,0,0,0,0,0,0,0,0,0,0,2026-08-27 15:59:15.694524+00,2026-08-27 15:59:15.694524+00
16410,16412,t,-832097683607288088,"INSERT INTO RES_FEAT_STAT(LIB_FEAT_ID,FTYPE_ID,NUM_RES_ENT,NUM_RES_ENT_OOM) VALUES ($1,$2,$3,$4),($5,$6,$7,$8),($9,$10,$11,$12) ON CONFLICT DO NOTHING",0,0,0,0,0,0,28019,28784.21013100005,0.032724,219.098607,1.02731040119205,4.7267316158031685,84051,779114,0,0,832,0,0,0,0,0,0,0,62.28408299999999,0,0,0,0,0,0,0,0,0,0,0,0,0,0,0,0,0,2026-08-27 15:50:47.194634+00,2026-08-27 15:50:47.194634+00
16410,16412,t,-6962811992954564606,"SELECT LIB_FEAT_ID FROM SEMANTIC_VALUE WHERE LIB_FEAT_ID IN ($1,$2,$3,$4,$5,$6,$7,$8,$9,$10,$11,$12,$13,$14,$15,$16,$17,$18,$19,$20,$21,$22,$23,$24,$25,$26,$27,$28,$29,$30,$31,$32,$33,$34,$35,$36,$37,$38,$39,$40,$41,$42,$43,$44,$45,$46,$47,$48,$49,$50,$51,$52,$53,$54,$55,$56,$57,$58,$59,$60,$61,$62,$63,$64)",0,0,0,0,0,0,5,0.713211,0.10483400000000001,0.184685,0.1426422,0.030232649314276112,190,626,0,0,0,0,0,0,0,0,0,0,0,0,0,0,0,0,0,0,0,0,0,0,0,0,0,0,0,0,2026-08-27 16:06:11.117504+00,2026-08-27 16:06:11.117504+00
16410,16412,t,2363604094271394806,"SELECT RES_ENT_ID,LIB_FEAT_ID,FTYPE_ID,UTYPE_CODE,SUPPRESSED,OBS_ENT_CNT FROM RES_FEAT_EKEY WHERE RES_ENT_ID IN ($1,$2,$3,$4) AND FTYPE_ID IN ($5,$6,$7,$8,$9,$10,$11,$12,$13,$14,$15,$16,$17,$18,$19,$20,$21,$22,$23,$24,$25)",0,0,0,0,0,0,145,156.089177,0.060962999999999996,33.539803,1.0764770827586208,3.5396082484304174,96079,3526,0,0,0,0,0,0,0,0,0,0,0,0,0,0,0,0,0,0,0,0,0,0,0,0,0,0,0,0,2026-08-27 15:50:48.342303+00,2026-08-27 15:50:48.342303+00
16410,16412,t,6400354713590502587,"INSERT INTO LIB_FEAT(LIB_FEAT_ID,FTYPE_ID,FEAT_HASH,FEAT_DESC,FELEM_VALUES,ANONYMIZED,VERSION) VALUES ($1,$2,$3,$4,$5,$6,$7),($8,$9,$10,$11,$12,$13,$14),($15,$16,$17,$18,$19,$20,$21) ON CONFLICT(FTYPE_ID,FEAT_HASH,ANONYMIZED) DO UPDATE SET FTYPE_ID=LIB_FEAT.FTYPE_ID,FEAT_HASH=LIB_FEAT.FEAT_HASH,ANONYMIZED=LIB_FEAT.ANONYMIZED RETURNING LIB_FEAT_ID,FTYPE_ID,FEAT_HASH,ANONYMIZED,FEAT_DESC",0,0,0,0,0,0,48432,507189.2522919977,0.07504999999999999,1516.296211,10.472193018913067,41.47888975937633,145296,2518186,0,0,34355,0,0,0,0,0,0,0,939.5927330000004,0,0,0,0,0,0,0,0,0,0,0,0,0,0,0,0,0,2026-08-27 15:50:47.033044+00,2026-08-27 15:50:47.033044+00
10,16384,t,4436838920835322450,"MOVE -2010 IN ""query-cursor_202""",0,0,0,0,0,0,1,0.037355,0.037355,0.037355,0.037355,0,0,0,0,0,0,0,0,0,0,0,0,0,0,0,0,0,0,0,0,0,0,0,0,0,0,0,0,0,0,0,2026-08-27 16:59:15.583766+00,2026-08-27 16:59:15.583766+00
10,16384,t,2359071979161327874,"MOVE ALL IN ""query-cursor_222""",0,0,0,0,0,0,1,5.107302,5.107302,5.107302,5.107302,0,0,0,0,0,0,0,0,0,0,0,0,0,0,0,0,0,0,0,0,0,0,0,0,0,0,0,0,0,0,0,2026-08-27 17:19:15.584896+00,2026-08-27 17:19:15.584896+00
16410,16412,t,2127664606377467901,"INSERT INTO RES_FEAT_EKEY(RES_ENT_ID,LIB_FEAT_ID,FTYPE_ID,UTYPE_CODE,SUPPRESSED,OBS_ENT_CNT) VALUES ($1,$2,$3,$4,$5,$6),($7,$8,$9,$10,$11,$12) ON CONFLICT DO NOTHING",0,0,0,0,0,0,82535,81818.25848599964,0.029658,4802.033044,0.9913159082328665,17.555165901688703,165070,2082665,0,0,2318,0,0,0,0,0,0,0,200.71019699999997,0,0,0,0,0,0,0,0,0,0,0,0,0,0,0,0,0,2026-08-27 15:50:46.890935+00,2026-08-27 15:50:46.890935+00
10,16384,t,-8141903393555261737,"FETCH 18 IN ""query-cursor_170""",0,0,0,0,0,0,1,0.002402,0.002402,0.002402,0.002402,0,18,0,0,0,0,0,0,0,0,0,0,0,0,0,0,0,0,0,0,0,0,0,0,0,0,0,0,0,0,0,2026-08-27 16:27:15.593479+00,2026-08-27 16:27:15.593479+00
16410,16412,t,-3601870820483953091,"SELECT RES_ENT_ID,LIB_FEAT_ID,FTYPE_ID,UTYPE_CODE,SUPPRESSED,OBS_ENT_CNT FROM RES_FEAT_EKEY WHERE RES_ENT_ID IN ($1,$2,$3,$4) AND FTYPE_ID IN ($5,$6,$7,$8,$9,$10,$11,$12,$13,$14,$15,$16,$17,$18,$19,$20,$21,$22,$23,$24,$25,$26,$27,$28,$29,$30,$31,$32,$33,$34,$35,$36,$37,$38,$39,$40,$41,$42,$43,$44,$45,$46,$47,$48,$49,$50,$51,$52,$53,$54,$55,$56,$57,$58,$59,$60,$61,$62,$63,$64)",0,0,0,0,0,0,13,3.574931,0.120604,0.5199440000000001,0.2749946923076923,0.1245925799280844,423,489,0,0,0,0,0,0,0,0,0,0,0,0,0,0,0,0,0,0,0,0,0,0,0,0,0,0,0,0,2026-08-27 16:06:09.559052+00,2026-08-27 16:06:09.559052+00
10,16384,t,1348575984036013302,"MOVE ALL IN ""query-cursor_157""",0,0,0,0,0,0,1,5.292473,5.292473,5.292473,5.292473,0,0,0,0,0,0,0,0,0,0,0,0,0,0,0,0,0,0,0,0,0,0,0,0,0,0,0,0,0,0,0,2026-08-27 16:07:15.580422+00,2026-08-27 16:07:15.580422+00
10,16384,t,6745986173701765949,"FETCH 1 IN ""query-cursor_83""",0,0,0,0,0,0,1,0.00198,0.00198,0.00198,0.00198,0,1,0,0,0,0,0,0,0,0,0,0,0,0,0,0,0,0,0,0,0,0,0,0,0,0,0,0,0,0,0,2026-08-27 14:50:15.573605+00,2026-08-27 14:50:15.573605+00
10,16384,t,-3238477500622838719,"FETCH 41 IN ""query-cursor_41""",0,0,0,0,0,0,1,0.003109,0.003109,0.003109,0.003109,0,41,0,0,0,0,0,0,0,0,0,0,0,0,0,0,0,0,0,0,0,0,0,0,0,0,0,0,0,0,0,2026-08-27 14:08:15.569209+00,2026-08-27 14:08:15.569209+00
16410,16412,t,8210342084446090414,"SELECT DSRC_ID,RECORD_ID,ENT_SRC_KEY FROM DSRC_RECORD WHERE (DSRC_ID,ENT_SRC_KEY) IN (($1,$2),($3,$4),($5,$6),($7,$8),($9,$10),($11,$12),($13,$14),($15,$16),($17,$18),($19,$20),($21,$22),($23,$24),($25,$26),($27,$28),($29,$30),($31,$32),($33,$34),($35,$36),($37,$38),($39,$40),($41,$42),($43,$44),($45,$46),($47,$48),($49,$50),($51,$52),($53,$54),($55,$56),($57,$58),($59,$60),($61,$62),($63,$64),($65,$66),($67,$68),($69,$70),($71,$72),($73,$74),($75,$76),($77,$78),($79,$80),($81,$82),($83,$84),($85,$86),($87,$88),($89,$90),($91,$92),($93,$94),($95,$96),($97,$98),($99,$100))",0,0,0,0,0,0,30,14.644725000000001,0.33942100000000003,0.767849,0.4881575,0.09977447555420507,1124,5722,0,0,0,0,0,0,0,0,0,0,0,0,0,0,0,0,0,0,0,0,0,0,0,0,0,0,0,0,2026-08-27 16:06:10.814566+00,2026-08-27 16:06:10.814566+00
16410,16412,t,1011738664838557783,"CREATE TABLE SYS_CFG (CONFIG_DATA_ID BIGINT NOT NULL, CONFIG_DATA TEXT NOT NULL, CONFIG_COMMENTS VARCHAR(200) NOT NULL, SYS_CREATE_DT TIMESTAMP NOT NULL, PRIMARY KEY(CONFIG_DATA_ID))",0,0,0,0,0,0,1,5.900993,5.900993,5.900993,5.900993,0,0,362,0,0,1,0,0,0,0,0,0,0,0.002466,0,0,0,0,0,0,0,0,0,0,0,0,0,0,0,0,0,2026-08-27 13:29:50.085997+00,2026-08-27 13:29:50.085997+00
10,16384,t,3085595373514498186,"MOVE ALL IN ""query-cursor_126""",0,0,0,0,0,0,1,1.827577,1.827577,1.827577,1.827577,0,0,0,0,0,0,0,0,0,0,0,0,0,0,0,0,0,0,0,0,0,0,0,0,0,0,0,0,0,0,0,2026-08-27 15:33:15.574538+00,2026-08-27 15:33:15.574538+00
10,16384,t,-6079447174078855766,"FETCH 5 IN ""query-cursor_168""",0,0,0,0,0,0,1,0.00153,0.00153,0.00153,0.00153,0,5,0,0,0,0,0,0,0,0,0,0,0,0,0,0,0,0,0,0,0,0,0,0,0,0,0,0,0,0,0,2026-08-27 16:25:15.593142+00,2026-08-27 16:25:15.593142+00
10,16384,t,-7154972803351067278,"FETCH 0 IN ""query-cursor_109""",0,0,0,0,0,0,1,0.003979,0.003979,0.003979,0.003979,0,0,0,0,0,0,0,0,0,0,0,0,0,0,0,0,0,0,0,0,0,0,0,0,0,0,0,0,0,0,0,2026-08-27 15:16:15.57157+00,2026-08-27 15:16:15.57157+00
16410,16412,t,-3670728237978889489,"SELECT RES_ENT_ID,LIB_FEAT_ID,FTYPE_ID,UTYPE_CODE,SUPPRESSED,OBS_ENT_CNT FROM RES_FEAT_EKEY WHERE RES_ENT_ID IN ($1,$2) AND FTYPE_ID IN ($3,$4,$5,$6,$7,$8,$9,$10,$11,$12,$13,$14,$15,$16,$17,$18,$19,$20,$21)",0,0,0,0,0,0,155,49.61279299999998,0.028394,2.961141,0.32008253548387083,0.47383052150384963,60523,2214,0,0,0,0,0,0,0,0,0,0,0,0,0,0,0,0,0,0,0,0,0,0,0,0,0,0,0,0,2026-08-27 15:50:50.532758+00,2026-08-27 15:50:50.532758+00
16410,16412,t,8740354119876614804,"DELETE FROM RES_RELATE WHERE RES_REL_ID IN ($1,$2,$3,$4,$5,$6,$7,$8)",0,0,0,0,0,0,1871,756.1363330000029,0.025204,17.966846,0.40413486531266857,1.6549499301733852,11308,41340,0,0,0,0,0,0,0,0,0,0,0,0,0,0,0,0,0,0,0,0,0,0,0,0,0,0,0,0,2026-08-27 15:51:21.413528+00,2026-08-27 15:51:21.413528+00
16410,16412,t,707288396994940190,"SELECT RES_ENT_ID,LIB_FEAT_ID,FTYPE_ID,UTYPE_CODE,SUPPRESSED,OBS_ENT_CNT FROM RES_FEAT_EKEY WHERE RES_ENT_ID IN ($1,$2,$3,$4,$5,$6,$7,$8) AND FTYPE_ID IN ($9,$10,$11,$12,$13,$14,$15,$16)",0,0,0,0,0,0,17878,6980.477139000037,0.050418,45.254608000000005,0.3904506733974738,1.5583535479074377,1448295,478158,0,0,0,0,0,0,0,0,0,0,0,0,0,0,0,0,0,0,0,0,0,0,0,0,0,0,0,0,2026-08-27 15:50:54.405135+00,2026-08-27 15:50:54.405135+00
10,16384,t,3094189251851710281,"FETCH 0 IN ""query-cursor_30""",0,0,0,0,0,0,1,0.003667,0.003667,0.003667,0.003667,0,0,0,0,0,0,0,0,0,0,0,0,0,0,0,0,0,0,0,0,0,0,0,0,0,0,0,0,0,0,0,2026-08-27 13:57:15.56602+00,2026-08-27 13:57:15.56602+00
10,16384,t,2089084528300560011,"MOVE ALL IN ""query-cursor_83""",0,0,0,0,0,0,1,1.360571,1.360571,1.360571,1.360571,0,0,0,0,0,0,0,0,0,0,0,0,0,0,0,0,0,0,0,0,0,0,0,0,0,0,0,0,0,0,0,2026-08-27 14:50:15.571083+00,2026-08-27 14:50:15.571083+00
10,16384,t,-1727729175226582958,"FETCH 0 IN ""query-cursor_78""",0,0,0,0,0,0,1,0.003363,0.003363,0.003363,0.003363,0,0,0,0,0,0,0,0,0,0,0,0,0,0,0,0,0,0,0,0,0,0,0,0,0,0,0,0,0,0,0,2026-08-27 14:45:15.569429+00,2026-08-27 14:45:15.569429+00
16410,16412,t,-9495118768367639,"SELECT DSRC_ID,RECORD_ID,ENT_SRC_KEY FROM DSRC_RECORD WHERE (DSRC_ID,ENT_SRC_KEY) IN (($1,$2),($3,$4),($5,$6),($7,$8),($9,$10),($11,$12),($13,$14),($15,$16),($17,$18),($19,$20),($21,$22),($23,$24),($25,$26),($27,$28),($29,$30),($31,$32),($33,$34),($35,$36),($37,$38),($39,$40),($41,$42),($43,$44),($45,$46),($47,$48),($49,$50),($51,$52),($53,$54),($55,$56),($57,$58),($59,$60),($61,$62),($63,$64))",0,0,0,0,0,0,94,136.93646900000002,0.191755,108.40278,1.4567709468085108,11.089983740186657,2176,11652,0,0,0,0,0,0,0,0,0,0,0,0,0,0,0,0,0,0,0,0,0,0,0,0,0,0,0,0,2026-08-27 16:02:54.600334+00,2026-08-27 16:02:54.600334+00
10,16384,t,-8996622484039211534,"FETCH 50 IN ""query-cursor_111""",0,0,0,0,0,0,16,0.051544000000000006,0.002734,0.005178,0.0032215000000000004,0.0005404788386236783,800,0,0,0,0,0,0,0,0,0,0,0,0,0,0,0,0,0,0,0,0,0,0,0,0,0,0,0,0,0,2026-08-27 15:18:15.573539+00,2026-08-27 15:18:15.573539+00
16410,16412,t,-4339308163497601975,"SELECT DSRC_ID,RECORD_ID,ENT_SRC_KEY FROM DSRC_RECORD WHERE (DSRC_ID,ENT_SRC_KEY) IN (($1,$2))",0,0,0,0,0,0,1151940,30905.718827000044,0.006668,36.359633,0.026829278284459298,0.17515059906475913,1151940,5481494,0,0,0,0,0,0,0,0,0,0,0,0,0,0,0,0,0,0,0,0,0,0,0,0,0,0,0,0,2026-08-27 15:50:57.81047+00,2026-08-27 15:50:57.81047+00
16410,16412,t,6065334738784252127,"SELECT RES_ENT_ID,LIB_FEAT_ID,FTYPE_ID,UTYPE_CODE,SUPPRESSED,OBS_ENT_CNT FROM RES_FEAT_EKEY WHERE RES_ENT_ID IN ($1,$2,$3,$4,$5,$6,$7,$8) AND FTYPE_ID IN ($9,$10,$11,$12,$13,$14,$15,$16,$17,$18,$19,$20,$21,$22,$23,$24,$25,$26,$27,$28,$29,$30,$31,$32,$33,$34,$35,$36,$37,$38,$39,$40,$41,$42,$43,$44,$45,$46,$47,$48,$49,$50,$51,$52,$53,$54,$55,$56,$57,$58,$59,$60,$61,$62,$63,$64,$65,$66,$67,$68,$69)",0,0,0,0,0,0,1,2.070714,2.070714,2.070714,2.070714,0,1427,54,0,0,0,0,0,0,0,0,0,0,0,0,0,0,0,0,0,0,0,0,0,0,0,0,0,0,0,0,2026-08-27 16:06:54.488045+00,2026-08-27 16:06:54.488045+00
10,16384,t,6359831550302187663,"MOVE ALL IN ""query-cursor_85""",0,0,0,0,0,0,1,1.432075,1.432075,1.432075,1.432075,0,0,0,0,0,0,0,0,0,0,0,0,0,0,0,0,0,0,0,0,0,0,0,0,0,0,0,0,0,0,0,2026-08-27 14:52:15.571428+00,2026-08-27 14:52:15.571428+00
10,16384,t,-3499457135495967299,"FETCH 0 IN ""query-cursor_206""",0,0,0,0,0,0,1,0.003439,0.003439,0.003439,0.003439,0,0,0,0,0,0,0,0,0,0,0,0,0,0,0,0,0,0,0,0,0,0,0,0,0,0,0,0,0,0,0,2026-08-27 17:03:15.578578+00,2026-08-27 17:03:15.578578+00
10,16384,t,-429127504750494967,"FETCH 7 IN ""query-cursor_3""",0,0,0,0,0,0,1,0.001527,0.001527,0.001527,0.001527,0,7,0,0,0,0,0,0,0,0,0,0,0,0,0,0,0,0,0,0,0,0,0,0,0,0,0,0,0,0,0,2026-08-27 13:30:15.565791+00,2026-08-27 13:30:15.565791+00
16410,16412,t,-7157069044263877013,"INSERT INTO RES_RELATE(RES_REL_ID,MIN_RES_ENT_ID,MAX_RES_ENT_ID,IS_DISCLOSED,IS_AMBIGUOUS,LAST_ERRULE_ID,MATCH_KEY,MATCH_KEY_DETAILS,MATCH_LEVELS) VALUES ($1,$2,$3,$4,$5,$6,$7,$8,$9) ON CONFLICT DO NOTHING",0,0,0,0,0,0,304035,134842.8493459969,0.014921,393.498873,0.44351094231255245,2.6984342757579216,304035,2711942,9,0,20632,0,0,0,0,0,0,3.527622,1296.5356510000047,0,0,0,0,0,0,0,0,0,0,0,0,0,0,0,0,0,2026-08-27 15:50:47.433411+00,2026-08-27 15:50:47.433411+00
10,16384,t,-8990972702509584607,"FETCH 5 IN ""query-cursor_243""",0,0,0,0,0,0,1,0.001627,0.001627,0.001627,0.001627,0,5,0,0,0,0,0,0,0,0,0,0,0,0,0,0,0,0,0,0,0,0,0,0,0,0,0,0,0,0,0,2026-08-27 17:40:15.600976+00,2026-08-27 17:40:15.600976+00
16410,16412,t,-6461176314487246647,"SELECT RES_ENT_ID,LIB_FEAT_ID,FTYPE_ID,UTYPE_CODE,SUPPRESSED,OBS_ENT_CNT FROM RES_FEAT_EKEY WHERE RES_ENT_ID IN ($1,$2,$3,$4,$5,$6,$7,$8,$9,$10,$11,$12,$13,$14,$15,$16,$17,$18,$19,$20,$21,$22,$23,$24,$25,$26,$27,$28,$29,$30,$31,$32) AND FTYPE_ID IN ($33,$34,$35,$36,$37,$38,$39,$40,$41,$42,$43,$44,$45,$46,$47,$48,$49)",0,0,0,0,0,0,1823,31415.530560000014,0.462659,580.751808,17.23287469007132,35.91714648740207,17577679,374869,0,0,0,0,0,0,0,0,0,0,0,0,0,0,0,0,0,0,0,0,0,0,0,0,0,0,0,0,2026-08-27 15:50:53.98769+00,2026-08-27 15:50:53.98769+00
10,16412,t,1623369012368112450,SET application_name = $1,0,0,0,0,0,0,3,0.032433,0.008664,0.012295,0.010811,0.0015547169088508254,0,0,0,0,0,0,0,0,0,0,0,0,0,0,0,0,0,0,0,0,0,0,0,0,0,0,0,0,0,0,2026-08-27 13:45:00.107201+00,2026-08-27 13:45:00.107201+00
10,16384,t,-3942414875380243501,"FETCH 0 IN ""query-cursor_244""",0,0,0,0,0,0,1,0.003596,0.003596,0.003596,0.003596,0,0,0,0,0,0,0,0,0,0,0,0,0,0,0,0,0,0,0,0,0,0,0,0,0,0,0,0,0,0,0,2026-08-27 17:41:15.581306+00,2026-08-27 17:41:15.581306+00
10,16384,t,2147709073968660679,"DECLARE ""query-cursor_193"" SCROLL CURSOR FOR select queryid, left(query, $1), calls, (total_plan_time + total_exec_time) as total_time from aurora_stat_statements($2) order by calls desc limit $3 FOR READ ONLY",0,0,0,0,0,0,1,0.07144,0.07144,0.07144,0.07144,0,0,0,0,0,0,0,0,0,0,0,0,0,0,0,0,0,0,0,0,0,0,0,0,0,0,0,0,0,0,0,2026-08-27 16:50:15.577792+00,2026-08-27 16:50:15.577792+00
16410,16412,t,-5675309521745769080,"UPDATE RES_FEAT_EKEY AS T SET SUPPRESSED = C.SUPPRESSED FROM (VALUES (CAST ($1 AS BIGINT),CAST ($2 AS BIGINT),$3,$4),(CAST ($5 AS BIGINT),CAST ($6 AS BIGINT),$7,$8),(CAST ($9 AS BIGINT),CAST ($10 AS BIGINT),$11,$12),(CAST ($13 AS BIGINT),CAST ($14 AS BIGINT),$15,$16),(CAST ($17 AS BIGINT),CAST ($18 AS BIGINT),$19,$20),(CAST ($21 AS BIGINT),CAST ($22 AS BIGINT),$23,$24),(CAST ($25 AS BIGINT),CAST ($26 AS BIGINT),$27,$28),(CAST ($29 AS BIGINT),CAST ($30 AS BIGINT),$31,$32),(CAST ($33 AS BIGINT),CAST ($34 AS BIGINT),$35,$36),(CAST ($37 AS BIGINT),CAST ($38 AS BIGINT),$39,$40),(CAST ($41 AS BIGINT),CAST ($42 AS BIGINT),$43,$44),(CAST ($45 AS BIGINT),CAST ($46 AS BIGINT),$47,$48),(CAST ($49 AS BIGINT),CAST ($50 AS BIGINT),$51,$52),(CAST ($53 AS BIGINT),CAST ($54 AS BIGINT),$55,$56),(CAST ($57 AS BIGINT),CAST ($58 AS BIGINT),$59,$60),(CAST ($61 AS BIGINT),CAST ($62 AS BIGINT),$63,$64),(CAST ($65 AS BIGINT),CAST ($66 AS BIGINT),$67,$68),(CAST ($69 AS BIGINT),CAST ($70 AS BIGINT),$71,$72),(CAST ($73 AS BIGINT),CAST ($74 AS BIGINT),$75,$76),(CAST ($77 AS BIGINT),CAST ($78 AS BIGINT),$79,$80),(CAST ($81 AS BIGINT),CAST ($82 AS BIGINT),$83,$84),(CAST ($85 AS BIGINT),CAST ($86 AS BIGINT),$87,$88)) AS C(RES_ENT_ID,LIB_FEAT_ID,UTYPE_CODE,SUPPRESSED) WHERE C.RES_ENT_ID=T.RES_ENT_ID AND C.LIB_FEAT_ID=T.LIB_FEAT_ID AND C.UTYPE_CODE=T.UTYPE_CODE",0,0,0,0,0,0,85,243.00738700000002,0.157913,66.06609300000001,2.858910435294118,9.023004761694356,1870,22846,0,0,260,0,0,0,0,0,0,0,0.461446,0,0,0,0,0,0,0,0,0,0,0,0,0,0,0,0,0,2026-08-27 15:51:26.035246+00,2026-08-27 15:51:26.035246+00
10,16384,t,1000464070506272827,"FETCH 35 IN ""query-cursor_97""",0,0,0,0,0,0,1,0.002762,0.002762,0.002762,0.002762,0,35,0,0,0,0,0,0,0,0,0,0,0,0,0,0,0,0,0,0,0,0,0,0,0,0,0,0,0,0,0,2026-08-27 15:04:15.575017+00,2026-08-27 15:04:15.575017+00
10,16384,t,2060520953131032942,"DECLARE ""query-cursor_13"" SCROLL CURSOR FOR select queryid, left(query, $1), calls, (total_plan_time + total_exec_time) as total_time from aurora_stat_statements($2) order by calls desc limit $3 FOR READ ONLY",0,0,0,0,0,0,1,0.066148,0.066148,0.066148,0.066148,0,0,0,0,0,0,0,0,0,0,0,0,0,0,0,0,0,0,0,0,0,0,0,0,0,0,0,0,0,0,0,2026-08-27 13:40:15.564835+00,2026-08-27 13:40:15.564835+00
10,16384,t,-7197751574031767970,"FETCH 50 IN ""query-cursor_142""",0,0,0,0,0,0,20,0.061820999999999994,0.002733,0.005741,0.0030910499999999997,0.0006382636974636736,1000,0,0,0,0,0,0,0,0,0,0,0,0,0,0,0,0,0,0,0,0,0,0,0,0,0,0,0,0,0,2026-08-27 15:49:15.576088+00,2026-08-27 15:49:15.576088+00
10,16384,t,8617366544321588168,"FETCH 0 IN ""query-cursor_27""",0,0,0,0,0,0,1,0.003642,0.003642,0.003642,0.003642,0,0,0,0,0,0,0,0,0,0,0,0,0,0,0,0,0,0,0,0,0,0,0,0,0,0,0,0,0,0,0,2026-08-27 13:54:15.565831+00,2026-08-27 13:54:15.565831+00
16410,16412,t,8673568654581561492,"CREATE TABLE IF NOT EXISTS BIZNAME_EMBEDDING (LIB_FEAT_ID BIGINT NOT NULL, LABEL TEXT NOT NULL, EMBEDDING VECTOR(512), PRIMARY KEY(LIB_FEAT_ID))",0,0,0,0,0,0,1,6.69045,6.69045,6.69045,6.69045,0,0,368,0,0,1,0,0,0,0,0,0,0,0.002549,0,0,0,0,0,0,0,0,0,0,0,0,0,0,0,0,0,2026-08-27 13:30:55.577588+00,2026-08-27 13:30:55.577588+00
16410,16412,t,-7409171893791521874,"INSERT INTO RES_REL_EKEY(RES_REL_ID,RES_ENT_ID,REL_ENT_ID) VALUES ($1,$2,$3),($4,$5,$6),($7,$8,$9),($10,$11,$12),($13,$14,$15),($16,$17,$18),($19,$20,$21),($22,$23,$24),($25,$26,$27),($28,$29,$30),($31,$32,$33),($34,$35,$36),($37,$38,$39),($40,$41,$42),($43,$44,$45),($46,$47,$48),($49,$50,$51),($52,$53,$54),($55,$56,$57),($58,$59,$60),($61,$62,$63),($64,$65,$66),($67,$68,$69),($70,$71,$72) ON CONFLICT DO NOTHING",0,0,0,0,0,0,586,2594.7082090000035,0.25178100000000003,121.958409,4.427829708191132,13.576527520176933,14064,112526,0,0,105,0,0,0,0,0,0,0,4.272375000000002,0,0,0,0,0,0,0,0,0,0,0,0,0,0,0,0,0,2026-08-27 15:51:36.177161+00,2026-08-27 15:51:36.177161+00
10,16384,t,-436945329158786457,"MOVE ALL IN ""query-cursor_61""",0,0,0,0,0,0,1,1.128453,1.128453,1.128453,1.128453,0,0,0,0,0,0,0,0,0,0,0,0,0,0,0,0,0,0,0,0,0,0,0,0,0,0,0,0,0,0,0,2026-08-27 14:28:15.569437+00,2026-08-27 14:28:15.569437+00
10,16384,t,2629930138366651077,"FETCH 3 IN ""query-cursor_75""",0,0,0,0,0,0,1,0.001522,0.001522,0.001522,0.001522,0,3,0,0,0,0,0,0,0,0,0,0,0,0,0,0,0,0,0,0,0,0,0,0,0,0,0,0,0,0,0,2026-08-27 14:42:15.572857+00,2026-08-27 14:42:15.572857+00
16410,16412,t,2037256745584830415,"SELECT RES_ENT_ID,LIB_FEAT_ID,FTYPE_ID,UTYPE_CODE,SUPPRESSED,OBS_ENT_CNT FROM RES_FEAT_EKEY WHERE RES_ENT_ID IN ($1) AND FTYPE_ID IN ($2,$3,$4,$5,$6,$7)",0,0,0,0,0,0,1500,155.20238699999982,0.014879,30.913137,0.10346825799999988,1.0256902531455474,17639,6569,0,0,0,0,0,0,0,0,0,0,0,0,0,0,0,0,0,0,0,0,0,0,0,0,0,0,0,0,2026-08-27 15:50:54.921863+00,2026-08-27 15:50:54.921863+00
10,16384,t,-880529480321919995,"DECLARE ""query-cursor_42"" SCROLL CURSOR FOR select queryid, left(query, $1), calls, (total_plan_time + total_exec_time) as total_time from aurora_stat_statements($2) order by calls desc limit $3 FOR READ ONLY",0,0,0,0,0,0,1,0.065164,0.065164,0.065164,0.065164,0,0,0,0,0,0,0,0,0,0,0,0,0,0,0,0,0,0,0,0,0,0,0,0,0,0,0,0,0,0,0,2026-08-27 14:09:15.566892+00,2026-08-27 14:09:15.566892+00
10,16384,t,4975605354126941205,"FETCH 0 IN ""query-cursor_29""",0,0,0,0,0,0,1,0.003756,0.003756,0.003756,0.003756,0,0,0,0,0,0,0,0,0,0,0,0,0,0,0,0,0,0,0,0,0,0,0,0,0,0,0,0,0,0,0,2026-08-27 13:56:15.565993+00,2026-08-27 13:56:15.565993+00
10,16384,t,-5896772600687295397,"FETCH 0 IN ""query-cursor_104""",0,0,0,0,0,0,1,0.00336,0.00336,0.00336,0.00336,0,0,0,0,0,0,0,0,0,0,0,0,0,0,0,0,0,0,0,0,0,0,0,0,0,0,0,0,0,0,0,2026-08-27 15:11:15.571205+00,2026-08-27 15:11:15.571205+00
16410,16412,t,-161738609143909224,"SELECT LIB_FEAT_ID,FTYPE_ID,UTYPE_CODE,SUPPRESSED,OBS_ENT_CNT FROM RES_FEAT_EKEY WHERE RES_ENT_ID=$1 AND LIB_FEAT_ID IN ($2,$3,$4,$5)",0,0,0,0,0,0,33612,1318.0220700000139,0.011219999999999999,30.827576999999998,0.039212842734738004,0.3222482165742259,46303,462948,0,0,0,0,0,0,0,0,0,0,0,0,0,0,0,0,0,0,0,0,0,0,0,0,0,0,0,0,2026-08-27 15:51:00.704561+00,2026-08-27 15:51:00.704561+00
16410,16412,t,5330184193063718577,"SELECT RES_ENT_ID,LIB_FEAT_ID,FTYPE_ID,UTYPE_CODE,SUPPRESSED,OBS_ENT_CNT FROM RES_FEAT_EKEY WHERE RES_ENT_ID IN ($1,$2,$3,$4,$5,$6,$7,$8,$9,$10,$11,$12,$13,$14,$15,$16,$17,$18,$19,$20,$21,$22,$23,$24,$25,$26,$27,$28,$29,$30,$31,$32)",0,0,0,0,0,0,25117,387958.7450670022,0.195798,1370.763346,15.446062231436963,46.5740380645144,180654972,4899909,0,0,0,0,0,0,0,0,0,0,0,0,0,0,0,0,0,0,0,0,0,0,0,0,0,0,0,0,2026-08-27 15:50:57.929609+00,2026-08-27 15:50:57.929609+00
10,16384,t,1611323899164057291,"FETCH 50 IN ""query-cursor_147""",0,0,0,0,0,0,31,0.17305799999999996,0.003162,0.01194,0.005582516129032257,0.0019324286386017571,1550,0,0,0,0,0,0,0,0,0,0,0,0,0,0,0,0,0,0,0,0,0,0,0,0,0,0,0,0,0,2026-08-27 15:54:15.579121+00,2026-08-27 15:54:15.579121+00
10,16384,t,-4781042665376811071,"FETCH 0 IN ""query-cursor_41""",0,0,0,0,0,0,1,0.003598,0.003598,0.003598,0.003598,0,0,0,0,0,0,0,0,0,0,0,0,0,0,0,0,0,0,0,0,0,0,0,0,0,0,0,0,0,0,0,2026-08-27 14:08:15.566802+00,2026-08-27 14:08:15.566802+00
16410,16412,t,5639672253456408176,"UPDATE RES_FEAT_EKEY AS T SET SUPPRESSED = C.SUPPRESSED FROM (VALUES (CAST ($1 AS BIGINT),CAST ($2 AS BIGINT),$3,$4),(CAST ($5 AS BIGINT),CAST ($6 AS BIGINT),$7,$8),(CAST ($9 AS BIGINT),CAST ($10 AS BIGINT),$11,$12),(CAST ($13 AS BIGINT),CAST ($14 AS BIGINT),$15,$16),(CAST ($17 AS BIGINT),CAST ($18 AS BIGINT),$19,$20),(CAST ($21 AS BIGINT),CAST ($22 AS BIGINT),$23,$24),(CAST ($25 AS BIGINT),CAST ($26 AS BIGINT),$27,$28),(CAST ($29 AS BIGINT),CAST ($30 AS BIGINT),$31,$32),(CAST ($33 AS BIGINT),CAST ($34 AS BIGINT),$35,$36),(CAST ($37 AS BIGINT),CAST ($38 AS BIGINT),$39,$40),(CAST ($41 AS BIGINT),CAST ($42 AS BIGINT),$43,$44),(CAST ($45 AS BIGINT),CAST ($46 AS BIGINT),$47,$48)) AS C(RES_ENT_ID,LIB_FEAT_ID,UTYPE_CODE,SUPPRESSED) WHERE C.RES_ENT_ID=T.RES_ENT_ID AND C.LIB_FEAT_ID=T.LIB_FEAT_ID AND C.UTYPE_CODE=T.UTYPE_CODE",0,0,0,0,0,0,164,244.29382800000005,0.090392,37.300202999999996,1.4895965121951222,3.973695619183838,1968,23104,0,0,10,0,0,0,0,0,0,0,0.063637,0,0,0,0,0,0,0,0,0,0,0,0,0,0,0,0,0,2026-08-27 15:51:09.484657+00,2026-08-27 15:51:09.484657+00
10,16384,t,-6414213960783439278,select row_to_json(aurora_startup_time_stats) from aurora_startup_time_stats(),0,0,0,0,0,0,1,0.075711,0.075711,0.075711,0.075711,0,1,0,0,0,0,0,0,0,0,0,0,0,0,0,0,0,0,0,0,0,0,0,0,0,0,0,0,0,0,0,2026-08-27 13:26:58.662899+00,2026-08-27 13:26:58.662899+00
16410,16412,t,-6332578300876008408,"SELECT RES_ENT_ID,LIB_FEAT_ID,FTYPE_ID,UTYPE_CODE,SUPPRESSED,OBS_ENT_CNT FROM RES_FEAT_EKEY WHERE RES_ENT_ID IN ($1,$2) AND FTYPE_ID IN ($3,$4,$5,$6,$7,$8,$9,$10,$11,$12,$13,$14,$15,$16,$17,$18,$19,$20,$21,$22,$23,$24,$25,$26,$27,$28,$29,$30,$31,$32,$33,$34,$35,$36,$37,$38,$39,$40,$41,$42,$43,$44,$45,$46,$47,$48,$49,$50,$51,$52,$53,$54,$55,$56,$57,$58)",0,0,0,0,0,0,2,0.170521,0.043055,0.127466,0.0852605,0.0422055,0,20,0,0,0,0,0,0,0,0,0,0,0,0,0,0,0,0,0,0,0,0,0,0,0,0,0,0,0,0,2026-08-27 15:55:41.685217+00,2026-08-27 15:55:41.685217+00
10,16384,t,281740010231568995,"DECLARE ""query-cursor_80"" SCROLL CURSOR FOR select queryid, left(query, $1), calls, (total_plan_time + total_exec_time) as total_time from aurora_stat_statements($2) order by calls desc limit $3 FOR READ ONLY",0,0,0,0,0,0,1,0.058481,0.058481,0.058481,0.058481,0,0,0,0,0,0,0,0,0,0,0,0,0,0,0,0,0,0,0,0,0,0,0,0,0,0,0,0,0,0,0,2026-08-27 14:47:15.569481+00,2026-08-27 14:47:15.569481+00
10,16384,t,-8068339863505022159,select pg_postmaster_start_time(),0,0,0,0,0,0,256,0.3616950000000004,0.001013,0.004619,0.0014128710937500015,0.0005219733767534781,256,0,0,0,0,0,0,0,0,0,0,0,0,0,0,0,0,0,0,0,0,0,0,0,0,0,0,0,0,0,2026-08-27 13:27:26.415921+00,2026-08-27 13:27:26.415921+00
10,16384,t,-3477460375337538439,"FETCH 0 IN ""query-cursor_7""",0,0,0,0,0,0,1,0.00382,0.00382,0.00382,0.00382,0,0,0,0,0,0,0,0,0,0,0,0,0,0,0,0,0,0,0,0,0,0,0,0,0,0,0,0,0,0,0,2026-08-27 13:34:15.564386+00,2026-08-27 13:34:15.564386+00
10,16384,t,1410643043170535912,"FETCH 50 IN ""query-cursor_98""",0,0,0,0,0,0,14,0.04428500000000001,0.002698,0.004962,0.0031632142857142866,0.0005886624279513961,700,0,0,0,0,0,0,0,0,0,0,0,0,0,0,0,0,0,0,0,0,0,0,0,0,0,0,0,0,0,2026-08-27 15:05:15.572707+00,2026-08-27 15:05:15.572707+00
10,16384,t,-1755856488105442141,"MOVE -482 IN ""query-cursor_56""",0,0,0,0,0,0,1,0.010854,0.010854,0.010854,0.010854,0,0,0,0,0,0,0,0,0,0,0,0,0,0,0,0,0,0,0,0,0,0,0,0,0,0,0,0,0,0,0,2026-08-27 14:23:15.569067+00,2026-08-27 14:23:15.569067+00
10,16384,t,-3369874323075408889,"FETCH 50 IN ""query-cursor_22""",0,0,0,0,0,0,5,0.018622999999999997,0.002897,0.00563,0.0037245999999999994,0.0009736633093631492,250,0,0,0,0,0,0,0,0,0,0,0,0,0,0,0,0,0,0,0,0,0,0,0,0,0,0,0,0,0,2026-08-27 13:49:15.566213+00,2026-08-27 13:49:15.566213+00
10,16384,t,8105655947393614724,"FETCH 39 IN ""query-cursor_139""",0,0,0,0,0,0,1,0.002713,0.002713,0.002713,0.002713,0,39,0,0,0,0,0,0,0,0,0,0,0,0,0,0,0,0,0,0,0,0,0,0,0,0,0,0,0,0,0,2026-08-27 15:46:15.579249+00,2026-08-27 15:46:15.579249+00
10,16384,t,4860104718464628028,"MOVE -351 IN ""query-cursor_34""",0,0,0,0,0,0,1,0.008764,0.008764,0.008764,0.008764,0,0,0,0,0,0,0,0,0,0,0,0,0,0,0,0,0,0,0,0,0,0,0,0,0,0,0,0,0,0,0,2026-08-27 14:01:15.567307+00,2026-08-27 14:01:15.567307+00
16410,16412,t,-7691896416754340519,"INSERT INTO RES_FEAT_STAT(LIB_FEAT_ID,FTYPE_ID,NUM_RES_ENT,NUM_RES_ENT_OOM) VALUES ($1,$2,$3,$4),($5,$6,$7,$8),($9,$10,$11,$12),($13,$14,$15,$16),($17,$18,$19,$20),($21,$22,$23,$24),($25,$26,$27,$28),($29,$30,$31,$32),($33,$34,$35,$36),($37,$38,$39,$40),($41,$42,$43,$44),($45,$46,$47,$48),($49,$50,$51,$52),($53,$54,$55,$56),($57,$58,$59,$60),($61,$62,$63,$64),($65,$66,$67,$68),($69,$70,$71,$72),($73,$74,$75,$76),($77,$78,$79,$80),($81,$82,$83,$84),($85,$86,$87,$88) ON CONFLICT DO NOTHING",0,0,0,0,0,0,13952,67923.57527500008,0.195491,797.378484,4.868375521430625,18.95921057361277,306887,2509263,0,0,2655,0,0,0,0,0,0,0,146.40735700000033,0,0,0,0,0,0,0,0,0,0,0,0,0,0,0,0,0,2026-08-27 15:50:46.891341+00,2026-08-27 15:50:46.891341+00
16410,16412,t,202719377798159027,"DELETE FROM RES_RELATE WHERE RES_REL_ID IN ($1,$2)",0,0,0,0,0,0,3803,13248.865781000017,0.009427,12756.345997,3.4837932634762074,206.82509996618035,7572,33471,0,0,0,0,0,0,0,0,0,0,0,0,0,0,0,0,0,0,0,0,0,0,0,0,0,0,0,0,2026-08-27 15:51:00.393994+00,2026-08-27 15:51:00.393994+00
10,16384,t,4509550461641771640,"DECLARE ""query-cursor_16"" SCROLL CURSOR FOR select queryid, left(query, $1), calls, (total_plan_time + total_exec_time) as total_time from aurora_stat_statements($2) order by calls desc limit $3 FOR READ ONLY",0,0,0,0,0,0,1,0.0599,0.0599,0.0599,0.0599,0,0,0,0,0,0,0,0,0,0,0,0,0,0,0,0,0,0,0,0,0,0,0,0,0,0,0,0,0,0,0,2026-08-27 13:43:15.564983+00,2026-08-27 13:43:15.564983+00
10,16384,t,-4454308461398962510,"MOVE -1873 IN ""query-cursor_179""",0,0,0,0,0,0,1,0.034859,0.034859,0.034859,0.034859,0,0,0,0,0,0,0,0,0,0,0,0,0,0,0,0,0,0,0,0,0,0,0,0,0,0,0,0,0,0,0,2026-08-27 16:36:15.581844+00,2026-08-27 16:36:15.581844+00
10,16384,t,7889752077830105260,"MOVE -1921 IN ""query-cursor_187""",0,0,0,0,0,0,1,0.036331,0.036331,0.036331,0.036331,0,0,0,0,0,0,0,0,0,0,0,0,0,0,0,0,0,0,0,0,0,0,0,0,0,0,0,0,0,0,0,2026-08-27 16:44:15.582423+00,2026-08-27 16:44:15.582423+00
16410,16412,t,6246663104433611448,DELETE FROM RES_FEAT_EKEY WHERE ((RES_ENT_ID=$1 AND LIB_FEAT_ID=$2 AND UTYPE_CODE=$3)OR(RES_ENT_ID=$4 AND LIB_FEAT_ID=$5 AND UTYPE_CODE=$6)OR(RES_ENT_ID=$7 AND LIB_FEAT_ID=$8 AND UTYPE_CODE=$9)OR(RES_ENT_ID=$10 AND LIB_FEAT_ID=$11 AND UTYPE_CODE=$12)OR(RES_ENT_ID=$13 AND LIB_FEAT_ID=$14 AND UTYPE_CODE=$15)OR(RES_ENT_ID=$16 AND LIB_FEAT_ID=$17 AND UTYPE_CODE=$18)),0,0,0,0,0,0,3528,2041.195781000001,0.014904,149.381862,0.5785702327097508,4.000480885480335,21136,109489,0,0,0,0,0,0,0,0,0,0,0,0,0,0,0,0,0,0,0,0,0,0,0,0,0,0,0,0,2026-08-27 15:51:01.729431+00,2026-08-27 15:51:01.729431+00
10,16384,t,6610011770448579822,select * from rds_get_stat_dxl_counters() limit $1,0,0,0,0,0,0,1,0.018103,0.018103,0.018103,0.018103,0,1,0,0,0,0,0,0,0,0,0,0,0,0,0,0,0,0,0,0,0,0,0,0,0,0,0,0,0,0,0,2026-08-27 13:28:55.565391+00,2026-08-27 13:28:55.565391+00
10,16384,t,-8443586103554024663,"FETCH 50 IN ""query-cursor_135""",0,0,0,0,0,0,19,0.058315000000000006,0.002686,0.005879,0.0030692105263157897,0.0006994149870425445,950,0,0,0,0,0,0,0,0,0,0,0,0,0,0,0,0,0,0,0,0,0,0,0,0,0,0,0,0,0,2026-08-27 15:42:15.575621+00,2026-08-27 15:42:15.575621+00
10,16384,t,-8029346732668241983,"FETCH 0 IN ""query-cursor_46""",0,0,0,0,0,0,1,0.003052,0.003052,0.003052,0.003052,0,0,0,0,0,0,0,0,0,0,0,0,0,0,0,0,0,0,0,0,0,0,0,0,0,0,0,0,0,0,0,2026-08-27 14:13:15.567289+00,2026-08-27 14:13:15.567289+00
10,16384,t,-5387784415775038322,"DECLARE ""query-cursor_119"" SCROLL CURSOR FOR select queryid, left(query, $1), calls, (total_plan_time + total_exec_time) as total_time from aurora_stat_statements($2) order by calls desc limit $3 FOR READ ONLY",0,0,0,0,0,0,1,0.060827,0.060827,0.060827,0.060827,0,0,0,0,0,0,0,0,0,0,0,0,0,0,0,0,0,0,0,0,0,0,0,0,0,0,0,0,0,0,0,2026-08-27 15:26:15.572158+00,2026-08-27 15:26:15.572158+00
10,16384,t,1307412141239284927,"MOVE ALL IN ""query-cursor_118""",0,0,0,0,0,0,1,1.772535,1.772535,1.772535,1.772535,0,0,0,0,0,0,0,0,0,0,0,0,0,0,0,0,0,0,0,0,0,0,0,0,0,0,0,0,0,0,0,2026-08-27 15:25:15.573921+00,2026-08-27 15:25:15.573921+00
10,16384,t,-1981290418723939878,"FETCH 50 IN ""query-cursor_131""",0,0,0,0,0,0,18,0.05594000000000001,0.002741,0.00572,0.0031077777777777783,0.0006702174237228755,900,0,0,0,0,0,0,0,0,0,0,0,0,0,0,0,0,0,0,0,0,0,0,0,0,0,0,0,0,0,2026-08-27 15:38:15.575226+00,2026-08-27 15:38:15.575226+00
16410,16412,t,-1344124429297238396,"SELECT LIB_FEAT_ID,FTYPE_ID,UTYPE_CODE,SUPPRESSED,OBS_ENT_CNT FROM RES_FEAT_EKEY WHERE RES_ENT_ID=$1 AND LIB_FEAT_ID IN ($2,$3)",0,0,0,0,0,0,31019,934.9283519999964,0.008787999999999999,40.360615,0.030140505883490647,0.3241274992878219,29903,258976,0,0,0,0,0,0,0,0,0,0,0,0,0,0,0,0,0,0,0,0,0,0,0,0,0,0,0,0,2026-08-27 15:51:06.180432+00,2026-08-27 15:51:06.180432+00
16410,16412,t,1623369012368112450,SET application_name TO $1,0,0,0,0,0,0,2767,30.43398500000003,0.002368,5.122775,0.010998910372244318,0.09777331650548636,0,0,0,0,0,0,0,0,0,0,0,0,0,0,0,0,0,0,0,0,0,0,0,0,0,0,0,0,0,0,2026-08-27 13:32:04.051173+00,2026-08-27 13:32:04.051173+00
10,16384,t,-8692988051166773788,"MOVE -1693 IN ""query-cursor_155""",0,0,0,0,0,0,1,0.120416,0.120416,0.120416,0.120416,0,0,0,0,0,0,0,0,0,0,0,0,0,0,0,0,0,0,0,0,0,0,0,0,0,0,0,0,0,0,0,2026-08-27 16:03:15.619715+00,2026-08-27 16:03:15.619715+00
16410,16412,t,-5230923152392454377,"UPDATE SYS_VARS SET VAR_VALUE=$1,SYS_LSTUPD_DT=$2 WHERE VAR_GROUP=$3 and VAR_CODE=$4",0,0,0,0,0,0,2,0.090837,0.004804,0.086033,0.0454185,0.0406145,1,5,0,0,0,0,0,0,0,0,0,0,0,0,0,0,0,0,0,0,0,0,0,0,0,0,0,0,0,0,2026-08-27 13:32:03.97983+00,2026-08-27 13:32:03.97983+00
16410,16412,t,-4671143778353688994,"UPDATE RES_FEAT_EKEY AS T SET SUPPRESSED = C.SUPPRESSED FROM (VALUES (CAST ($1 AS BIGINT),CAST ($2 AS BIGINT),$3,$4),(CAST ($5 AS BIGINT),CAST ($6 AS BIGINT),$7,$8),(CAST ($9 AS BIGINT),CAST ($10 AS BIGINT),$11,$12),(CAST ($13 AS BIGINT),CAST ($14 AS BIGINT),$15,$16),(CAST ($17 AS BIGINT),CAST ($18 AS BIGINT),$19,$20),(CAST ($21 AS BIGINT),CAST ($22 AS BIGINT),$23,$24),(CAST ($25 AS BIGINT),CAST ($26 AS BIGINT),$27,$28),(CAST ($29 AS BIGINT),CAST ($30 AS BIGINT),$31,$32),(CAST ($33 AS BIGINT),CAST ($34 AS BIGINT),$35,$36),(CAST ($37 AS BIGINT),CAST ($38 AS BIGINT),$39,$40),(CAST ($41 AS BIGINT),CAST ($42 AS BIGINT),$43,$44),(CAST ($45 AS BIGINT),CAST ($46 AS BIGINT),$47,$48),(CAST ($49 AS BIGINT),CAST ($50 AS BIGINT),$51,$52),(CAST ($53 AS BIGINT),CAST ($54 AS BIGINT),$55,$56),(CAST ($57 AS BIGINT),CAST ($58 AS BIGINT),$59,$60)) AS C(RES_ENT_ID,LIB_FEAT_ID,UTYPE_CODE,SUPPRESSED) WHERE C.RES_ENT_ID=T.RES_ENT_ID AND C.LIB_FEAT_ID=T.LIB_FEAT_ID AND C.UTYPE_CODE=T.UTYPE_CODE",0,0,0,0,0,0,134,776.8213190000006,0.117451,541.287146,5.797174022388064,46.7526798157284,2010,23466,0,0,5,0,0,0,0,0,0,0,1.064007,0,0,0,0,0,0,0,0,0,0,0,0,0,0,0,0,0,2026-08-27 15:51:28.609865+00,2026-08-27 15:51:28.609865+00
16410,16412,t,8711930844656255875,SELECT $2 FROM OBS_ENT C JOIN DSRC_RECORD D ON D.ENT_SRC_KEY=C.ENT_SRC_KEY AND D.DSRC_ID=C.DSRC_ID AND C.OBS_ENT_ID IN ($1) LIMIT $3,0,0,0,0,0,0,26100,1148.4272889999913,0.011667,42.29076,0.04400104555555522,0.3829038298166202,26100,243890,0,0,0,0,0,0,0,0,0,0,0,0,0,0,0,0,0,0,0,0,0,0,0,0,0,0,0,0,2026-08-27 15:50:51.260244+00,2026-08-27 15:50:51.260244+00
10,16384,t,6448355791224633608,"FETCH 0 IN ""query-cursor_230""",0,0,0,0,0,0,1,0.003483,0.003483,0.003483,0.003483,0,0,0,0,0,0,0,0,0,0,0,0,0,0,0,0,0,0,0,0,0,0,0,0,0,0,0,0,0,0,0,2026-08-27 17:27:15.580242+00,2026-08-27 17:27:15.580242+00
10,16384,t,-77597846346830131,"DECLARE ""query-cursor_212"" SCROLL CURSOR FOR select queryid, left(query, $1), calls, (total_plan_time + total_exec_time) as total_time from aurora_stat_statements($2) order by calls desc limit $3 FOR READ ONLY",0,0,0,0,0,0,1,0.064931,0.064931,0.064931,0.064931,0,0,0,0,0,0,0,0,0,0,0,0,0,0,0,0,0,0,0,0,0,0,0,0,0,0,0,0,0,0,0,2026-08-27 17:09:15.578967+00,2026-08-27 17:09:15.578967+00
16410,16412,t,-4730469971484864060,"UPDATE RES_FEAT_STAT AS T SET FTYPE_ID=C.FTYPE_ID,NUM_RES_ENT=C.NUM_RES_ENT_NEW,NUM_RES_ENT_OOM=C.NUM_RES_ENT_OOM_NEW FROM (VALUES (CAST ($1 AS BIGINT),CAST ($2 AS INT),CAST ($3 AS BIGINT),CAST ($4 AS BIGINT),CAST ($5 AS BIGINT),CAST ($6 AS BIGINT)),(CAST ($7 AS BIGINT),CAST ($8 AS INT),CAST ($9 AS BIGINT),CAST ($10 AS BIGINT),CAST ($11 AS BIGINT),CAST ($12 AS BIGINT)),(CAST ($13 AS BIGINT),CAST ($14 AS INT),CAST ($15 AS BIGINT),CAST ($16 AS BIGINT),CAST ($17 AS BIGINT),CAST ($18 AS BIGINT)),(CAST ($19 AS BIGINT),CAST ($20 AS INT),CAST ($21 AS BIGINT),CAST ($22 AS BIGINT),CAST ($23 AS BIGINT),CAST ($24 AS BIGINT)),(CAST ($25 AS BIGINT),CAST ($26 AS INT),CAST ($27 AS BIGINT),CAST ($28 AS BIGINT),CAST ($29 AS BIGINT),CAST ($30 AS BIGINT)),(CAST ($31 AS BIGINT),CAST ($32 AS INT),CAST ($33 AS BIGINT),CAST ($34 AS BIGINT),CAST ($35 AS BIGINT),CAST ($36 AS BIGINT)),(CAST ($37 AS BIGINT),CAST ($38 AS INT),CAST ($39 AS BIGINT),CAST ($40 AS BIGINT),CAST ($41 AS BIGINT),CAST ($42 AS BIGINT)),(CAST ($43 AS BIGINT),CAST ($44 AS INT),CAST ($45 AS BIGINT),CAST ($46 AS BIGINT),CAST ($47 AS BIGINT),CAST ($48 AS BIGINT)),(CAST ($49 AS BIGINT),CAST ($50 AS INT),CAST ($51 AS BIGINT),CAST ($52 AS BIGINT),CAST ($53 AS BIGINT),CAST ($54 AS BIGINT)),(CAST ($55 AS BIGINT),CAST ($56 AS INT),CAST ($57 AS BIGINT),CAST ($58 AS BIGINT),CAST ($59 AS BIGINT),CAST ($60 AS BIGINT)),(CAST ($61 AS BIGINT),CAST ($62 AS INT),CAST ($63 AS BIGINT),CAST ($64 AS BIGINT),CAST ($65 AS BIGINT),CAST ($66 AS BIGINT)),(CAST ($67 AS BIGINT),CAST ($68 AS INT),CAST ($69 AS BIGINT),CAST ($70 AS BIGINT),CAST ($71 AS BIGINT),CAST ($72 AS BIGINT)),(CAST ($73 AS BIGINT),CAST ($74 AS INT),CAST ($75 AS BIGINT),CAST ($76 AS BIGINT),CAST ($77 AS BIGINT),CAST ($78 AS BIGINT)),(CAST ($79 AS BIGINT),CAST ($80 AS INT),CAST ($81 AS BIGINT),CAST ($82 AS BIGINT),CAST ($83 AS BIGINT),CAST ($84 AS BIGINT)),(CAST ($85 AS BIGINT),CAST ($86 AS INT),CAST ($87 AS BIGINT),CAST ($88 AS BIGINT),CAST ($89 AS BIGINT),CAST ($90 AS BIGINT)),(CAST ($91 AS BIGINT),CAST ($92 AS INT),CAST ($93 AS BIGINT),CAST ($94 AS BIGINT),CAST ($95 AS BIGINT),CAST ($96 AS BIGINT)),(CAST ($97 AS BIGINT),CAST ($98 AS INT),CAST ($99 AS BIGINT),CAST ($100 AS BIGINT),CAST ($101 AS BIGINT),CAST ($102 AS BIGINT)),(CAST ($103 AS BIGINT),CAST ($104 AS INT),CAST ($105 AS BIGINT),CAST ($106 AS BIGINT),CAST ($107 AS BIGINT),CAST ($108 AS BIGINT)),(CAST ($109 AS BIGINT),CAST ($110 AS INT),CAST ($111 AS BIGINT),CAST ($112 AS BIGINT),CAST ($113 AS BIGINT),CAST ($114 AS BIGINT)),(CAST ($115 AS BIGINT),CAST ($116 AS INT),CAST ($117 AS BIGINT),CAST ($118 AS BIGINT),CAST ($119 AS BIGINT),CAST ($120 AS BIGINT))) AS C(LIB_FEAT_ID,FTYPE_ID,NUM_RES_ENT_OLD,NUM_RES_ENT_OOM_OLD,NUM_RES_ENT_NEW,NUM_RES_ENT_OOM_NEW) WHERE C.LIB_FEAT_ID=T.LIB_FEAT_ID AND C.NUM_RES_ENT_OLD=T.NUM_RES_ENT AND C.NUM_RES_ENT_OOM_OLD=T.NUM_RES_ENT_OOM",0,0,0,0,0,0,2,22.241107,3.047246,19.193861,11.1205535,8.073307499999999,19,5466,0,0,0,0,0,0,0,0,0,0,0,0,0,0,0,0,0,0,0,0,0,0,0,0,0,0,0,0,2026-08-27 16:06:11.750534+00,2026-08-27 16:06:11.750534+00
16410,16412,t,492506165253133166,"INSERT INTO SYS_CFG(CONFIG_DATA_ID,CONFIG_DATA,CONFIG_COMMENTS,SYS_CREATE_DT) VALUES ($1,$2,$3,$4) ON CONFLICT DO NOTHING",0,0,0,0,0,0,2,5.380293,1.746626,3.633667,2.6901465,0.9435205,2,109,2,0,12,0,0,0,0,0,0,1.944398,0.035721,0,0,0,0,0,0,0,0,0,0,0,0,0,0,0,0,0,2026-08-27 13:32:03.970468+00,2026-08-27 13:32:03.970468+00
16410,16412,t,901437096081388414,"SELECT RES_ENT_ID,LIB_FEAT_ID,FTYPE_ID,UTYPE_CODE,SUPPRESSED,OBS_ENT_CNT FROM RES_FEAT_EKEY WHERE RES_ENT_ID IN ($1,$2,$3,$4) AND FTYPE_ID IN ($5,$6,$7,$8,$9,$10,$11,$12,$13,$14,$15,$16,$17,$18,$19,$20,$21,$22,$23,$24)",0,0,0,0,0,0,149,122.30787299999997,0.074628,34.160569,0.8208582080536911,2.9092885800137087,106738,3477,0,0,0,0,0,0,0,0,0,0,0,0,0,0,0,0,0,0,0,0,0,0,0,0,0,0,0,0,2026-08-27 15:50:47.722363+00,2026-08-27 15:50:47.722363+00
10,16384,t,1879581546552234630,"MOVE ALL IN ""query-cursor_56""",0,0,0,0,0,0,1,1.034651,1.034651,1.034651,1.034651,0,0,0,0,0,0,0,0,0,0,0,0,0,0,0,0,0,0,0,0,0,0,0,0,0,0,0,0,0,0,0,2026-08-27 14:23:15.56901+00,2026-08-27 14:23:15.56901+00
10,16384,t,8094406903882714854,"DECLARE ""query-cursor_215"" SCROLL CURSOR FOR select queryid, left(query, $1), calls, (total_plan_time + total_exec_time) as total_time from aurora_stat_statements($2) order by calls desc limit $3 FOR READ ONLY",0,0,0,0,0,0,1,0.064068,0.064068,0.064068,0.064068,0,0,0,0,0,0,0,0,0,0,0,0,0,0,0,0,0,0,0,0,0,0,0,0,0,0,0,0,0,0,0,2026-08-27 17:12:15.579201+00,2026-08-27 17:12:15.579201+00
10,16384,t,6248639347350683123,"MOVE ALL IN ""query-cursor_164""",0,0,0,0,0,0,1,4.622263,4.622263,4.622263,4.622263,0,0,0,0,0,0,0,0,0,0,0,0,0,0,0,0,0,0,0,0,0,0,0,0,0,0,0,0,0,0,0,2026-08-27 16:20:15.580294+00,2026-08-27 16:20:15.580294+00
10,16384,t,-1756810220528805570,"MOVE ALL IN ""query-cursor_48""",0,0,0,0,0,0,1,0.868936,0.868936,0.868936,0.868936,0,0,0,0,0,0,0,0,0,0,0,0,0,0,0,0,0,0,0,0,0,0,0,0,0,0,0,0,0,0,0,2026-08-27 14:15:15.568225+00,2026-08-27 14:15:15.568225+00
16410,16412,t,-6357919085686932950,"CREATE TABLE RES_REL_EKEY (RES_ENT_ID BIGINT NOT NULL, REL_ENT_ID BIGINT NOT NULL, RES_REL_ID BIGINT NOT NULL, PRIMARY KEY(RES_ENT_ID, REL_ENT_ID) INCLUDE (RES_REL_ID))",0,0,0,0,0,0,1,3.084305,3.084305,3.084305,3.084305,0,0,237,0,0,1,0,0,0,0,0,0,0,0.002231,0,0,0,0,0,0,0,0,0,0,0,0,0,0,0,0,0,2026-08-27 13:29:50.061766+00,2026-08-27 13:29:50.061766+00
10,16412,t,4743708967602125791,"SELECT COUNT(*)
RELS
,(MAX(RELPAGES::bigint) FILTER (WHERE RELKIND IN ($1,$2,$3,$4) AND RELNAMESPACE<>$5::REGNAMESPACE))*$6
LARGEST_TABLE_BYTES
,(MAX(RELTUPLES::bigint) FILTER (WHERE RELKIND IN ($7,$8,$9,$10) AND RELNAMESPACE<>$11::REGNAMESPACE))
LARGEST_TABLE_TUPLES
,(MAX(RELPAGES::bigint) FILTER (WHERE RELKIND IN ($12,$13) AND RELNAMESPACE<>$14::REGNAMESPACE))*$15
LARGEST_INDEX_BYTES
,(MAX(RELTUPLES::bigint) FILTER (WHERE RELKIND IN ($16,$17) AND RELNAMESPACE<>$18::REGNAMESPACE))
LARGEST_INDEX_TUPLES
,(MAX(RELPAGES::bigint) FILTER (WHERE RELKIND IN ($19,$20,$21,$22) AND RELNAMESPACE=$23::REGNAMESPACE))*$24
LARGEST_CATALOG_TABLE_BYTES
,(MAX(RELTUPLES::bigint) FILTER (WHERE RELKIND IN ($25,$26,$27,$28) AND RELNAMESPACE=$29::REGNAMESPACE))
LARGEST_CATALOG_TABLE_TUPLES
,(MAX(RELPAGES::bigint) FILTER (WHERE RELKIND IN ($30,$31) AND RELNAMESPACE=$32::REGNAMESPACE))*$33
LARGEST_CATALOG_INDEX_BYTES
,(MAX(RELTUPLES::bigint) FILTER (WHERE RELKIND IN ($34,$35) AND RELNAMESPACE=$36::REGNAMESPACE))
LARGEST_CATALOG_INDEX_TUPLES
FROM PG_CATALOG.PG_CLASS",0,0,0,0,0,0,1,0.175462,0.175462,0.175462,0.175462,0,1,14,0,0,0,0,0,0,0,0,0,0,0,0,0,0,0,0,0,0,0,0,0,0,0,0,0,0,0,0,2026-08-27 13:45:00.12386+00,2026-08-27 13:45:00.12386+00
10,16384,t,3935153918268753832,"DECLARE ""query-cursor_34"" SCROLL CURSOR FOR select queryid, left(query, $1), calls, (total_plan_time + total_exec_time) as total_time from aurora_stat_statements($2) order by calls desc limit $3 FOR READ ONLY",0,0,0,0,0,0,1,0.067742,0.067742,0.067742,0.067742,0,0,0,0,0,0,0,0,0,0,0,0,0,0,0,0,0,0,0,0,0,0,0,0,0,0,0,0,0,0,0,2026-08-27 14:01:15.566335+00,2026-08-27 14:01:15.566335+00
10,16384,t,6878187225334630527,"DECLARE ""query-cursor_236"" SCROLL CURSOR FOR select queryid, left(query, $1), calls, (total_plan_time + total_exec_time) as total_time from aurora_stat_statements($2) order by calls desc limit $3 FOR READ ONLY",0,0,0,0,0,0,1,0.061414,0.061414,0.061414,0.061414,0,0,0,0,0,0,0,0,0,0,0,0,0,0,0,0,0,0,0,0,0,0,0,0,0,0,0,0,0,0,0,2026-08-27 17:33:15.580606+00,2026-08-27 17:33:15.580606+00
10,16384,t,3384422225460684626,"FETCH 0 IN ""query-cursor_73""",0,0,0,0,0,0,1,0.004507,0.004507,0.004507,0.004507,0,0,0,0,0,0,0,0,0,0,0,0,0,0,0,0,0,0,0,0,0,0,0,0,0,0,0,0,0,0,0,2026-08-27 14:40:15.569043+00,2026-08-27 14:40:15.569043+00
10,16384,t,-8569884997736266635,"MOVE -2064 IN ""query-cursor_211""",0,0,0,0,0,0,1,0.038909,0.038909,0.038909,0.038909,0,0,0,0,0,0,0,0,0,0,0,0,0,0,0,0,0,0,0,0,0,0,0,0,0,0,0,0,0,0,0,2026-08-27 17:08:15.584714+00,2026-08-27 17:08:15.584714+00
10,16384,t,-3020472051688171848,"MOVE -790 IN ""query-cursor_106""",0,0,0,0,0,0,1,0.016299,0.016299,0.016299,0.016299,0,0,0,0,0,0,0,0,0,0,0,0,0,0,0,0,0,0,0,0,0,0,0,0,0,0,0,0,0,0,0,2026-08-27 15:13:15.573038+00,2026-08-27 15:13:15.573038+00
10,16384,t,9150521228745775825,"MOVE ALL IN ""query-cursor_140""",0,0,0,0,0,0,1,2.166867,2.166867,2.166867,2.166867,0,0,0,0,0,0,0,0,0,0,0,0,0,0,0,0,0,0,0,0,0,0,0,0,0,0,0,0,0,0,0,2026-08-27 15:47:15.575959+00,2026-08-27 15:47:15.575959+00
10,16384,t,-1250457061216030630,"FETCH 7 IN ""query-cursor_109""",0,0,0,0,0,0,1,0.001527,0.001527,0.001527,0.001527,0,7,0,0,0,0,0,0,0,0,0,0,0,0,0,0,0,0,0,0,0,0,0,0,0,0,0,0,0,0,0,2026-08-27 15:16:15.576408+00,2026-08-27 15:16:15.576408+00
16410,16412,t,9148237912685253318,SELECT EXISTS (SELECT $1 FROM sys_eval_queue LIMIT $2) AS sys_eval_queue_has_rows,0,0,0,0,0,0,1,0.044828,0.044828,0.044828,0.044828,0,1,24,0,0,0,0,0,0,0,0,0,0,0,0,0,0,0,0,0,0,0,0,0,0,0,0,0,0,0,0,2026-08-27 17:42:39.080603+00,2026-08-27 17:42:39.080603+00
16410,16412,t,-2485685696967802874,"INSERT INTO LIB_FEAT(LIB_FEAT_ID,FTYPE_ID,FEAT_HASH,FEAT_DESC,FELEM_VALUES,ANONYMIZED,VERSION) VALUES ($1,$2,$3,$4,$5,$6,$7),($8,$9,$10,$11,$12,$13,$14),($15,$16,$17,$18,$19,$20,$21),($22,$23,$24,$25,$26,$27,$28),($29,$30,$31,$32,$33,$34,$35),($36,$37,$38,$39,$40,$41,$42),($43,$44,$45,$46,$47,$48,$49) ON CONFLICT(FTYPE_ID,FEAT_HASH,ANONYMIZED) DO UPDATE SET FTYPE_ID=LIB_FEAT.FTYPE_ID,FEAT_HASH=LIB_FEAT.FEAT_HASH,ANONYMIZED=LIB_FEAT.ANONYMIZED RETURNING LIB_FEAT_ID,FTYPE_ID,FEAT_HASH,ANONYMIZED,FEAT_DESC",0,0,0,0,0,0,144770,2233165.117546965,0.141557,1366.066412,15.42560694582417,40.7774265752377,1013390,15551874,0,0,155091,0,0,0,0,0,0,0,2939.6151780000205,0,0,0,0,0,0,0,0,0,0,0,0,0,0,0,0,0,2026-08-27 15:50:46.828257+00,2026-08-27 15:50:46.828257+00
10,16384,t,-457569447027851694,"FETCH 0 IN ""query-cursor_180""",0,0,0,0,0,0,1,0.003624,0.003624,0.003624,0.003624,0,0,0,0,0,0,0,0,0,0,0,0,0,0,0,0,0,0,0,0,0,0,0,0,0,0,0,0,0,0,0,2026-08-27 16:37:15.576858+00,2026-08-27 16:37:15.576858+00
10,16384,t,-7645911589652630722,"FETCH 29 IN ""query-cursor_96""",0,0,0,0,0,0,1,0.0026,0.0026,0.0026,0.0026,0,29,0,0,0,0,0,0,0,0,0,0,0,0,0,0,0,0,0,0,0,0,0,0,0,0,0,0,0,0,0,2026-08-27 15:03:15.574963+00,2026-08-27 15:03:15.574963+00
16410,16412,t,-7657784240000831708,"UPDATE RES_FEAT_STAT AS T SET FTYPE_ID=C.FTYPE_ID,NUM_RES_ENT=C.NUM_RES_ENT_NEW,NUM_RES_ENT_OOM=C.NUM_RES_ENT_OOM_NEW FROM (VALUES (CAST ($1 AS BIGINT),CAST ($2 AS INT),CAST ($3 AS BIGINT),CAST ($4 AS BIGINT),CAST ($5 AS BIGINT),CAST ($6 AS BIGINT)),(CAST ($7 AS BIGINT),CAST ($8 AS INT),CAST ($9 AS BIGINT),CAST ($10 AS BIGINT),CAST ($11 AS BIGINT),CAST ($12 AS BIGINT)),(CAST ($13 AS BIGINT),CAST ($14 AS INT),CAST ($15 AS BIGINT),CAST ($16 AS BIGINT),CAST ($17 AS BIGINT),CAST ($18 AS BIGINT)),(CAST ($19 AS BIGINT),CAST ($20 AS INT),CAST ($21 AS BIGINT),CAST ($22 AS BIGINT),CAST ($23 AS BIGINT),CAST ($24 AS BIGINT))) AS C(LIB_FEAT_ID,FTYPE_ID,NUM_RES_ENT_OLD,NUM_RES_ENT_OOM_OLD,NUM_RES_ENT_NEW,NUM_RES_ENT_OOM_NEW) WHERE C.LIB_FEAT_ID=T.LIB_FEAT_ID AND C.NUM_RES_ENT_OLD=T.NUM_RES_ENT AND C.NUM_RES_ENT_OOM_OLD=T.NUM_RES_ENT_OOM",0,0,0,0,0,0,86,2165.6932550000006,0.020834000000000002,2046.3210850000003,25.18247970930233,219.4073180210855,118,14087,0,0,0,0,0,0,0,0,0,0,0,0,0,0,0,0,0,0,0,0,0,0,0,0,0,0,0,0,2026-08-27 15:51:17.951505+00,2026-08-27 15:51:17.951505+00
10,16384,t,-8402403694733513457,"FETCH 50 IN ""query-cursor_24""",0,0,0,0,0,0,5,0.018982,0.0031,0.005689,0.0037963999999999997,0.0009577249291941814,250,0,0,0,0,0,0,0,0,0,0,0,0,0,0,0,0,0,0,0,0,0,0,0,0,0,0,0,0,0,2026-08-27 13:51:15.56638+00,2026-08-27 13:51:15.56638+00
10,16384,t,2367376648110697170,select estimated_fixed_memory from apg_aco_get_estimated_memory($1),0,0,0,0,0,0,256,8.501005000000005,0.026899000000000003,0.065236,0.03320705078125002,0.0035595440786991995,256,0,0,0,0,0,0,0,0,0,0,0,0,0,0,0,0,0,0,0,0,0,0,0,0,0,0,0,0,0,2026-08-27 13:27:26.422542+00,2026-08-27 13:27:26.422542+00
10,16384,t,-2649698771933279704,"DECLARE ""query-cursor_202"" SCROLL CURSOR FOR select queryid, left(query, $1), calls, (total_plan_time + total_exec_time) as total_time from aurora_stat_statements($2) order by calls desc limit $3 FOR READ ONLY",0,0,0,0,0,0,1,0.062885,0.062885,0.062885,0.062885,0,0,0,0,0,0,0,0,0,0,0,0,0,0,0,0,0,0,0,0,0,0,0,0,0,0,0,0,0,0,0,2026-08-27 16:59:15.578239+00,2026-08-27 16:59:15.578239+00
16410,16412,t,-2619058265336586004,DELETE FROM RES_FEAT_EKEY WHERE ((RES_ENT_ID=$1 AND LIB_FEAT_ID=$2 AND UTYPE_CODE=$3)OR(RES_ENT_ID=$4 AND LIB_FEAT_ID=$5 AND UTYPE_CODE=$6)OR(RES_ENT_ID=$7 AND LIB_FEAT_ID=$8 AND UTYPE_CODE=$9)OR(RES_ENT_ID=$10 AND LIB_FEAT_ID=$11 AND UTYPE_CODE=$12)OR(RES_ENT_ID=$13 AND LIB_FEAT_ID=$14 AND UTYPE_CODE=$15)OR(RES_ENT_ID=$16 AND LIB_FEAT_ID=$17 AND UTYPE_CODE=$18)OR(RES_ENT_ID=$19 AND LIB_FEAT_ID=$20 AND UTYPE_CODE=$21)OR(RES_ENT_ID=$22 AND LIB_FEAT_ID=$23 AND UTYPE_CODE=$24)OR(RES_ENT_ID=$25 AND LIB_FEAT_ID=$26 AND UTYPE_CODE=$27)OR(RES_ENT_ID=$28 AND LIB_FEAT_ID=$29 AND UTYPE_CODE=$30)),0,0,0,0,0,0,1259,891.7523309999999,0.017811,43.275321999999996,0.7083020897537727,3.453246390643554,12483,64378,0,0,0,0,0,0,0,0,0,0,0,0,0,0,0,0,0,0,0,0,0,0,0,0,0,0,0,0,2026-08-27 15:51:23.120155+00,2026-08-27 15:51:23.120155+00
10,16384,t,-6644335007155970359,"FETCH 50 IN ""query-cursor_160""",0,0,0,0,0,0,35,0.6049980000000001,0.010507,0.029792,0.017285657142857146,0.005077426259957511,1750,0,0,0,0,0,0,0,0,0,0,0,0,0,0,0,0,0,0,0,0,0,0,0,0,0,0,0,0,0,2026-08-27 16:12:15.818891+00,2026-08-27 16:12:15.818891+00
10,16384,t,-6938479678289950407,"DECLARE ""query-cursor_138"" SCROLL CURSOR FOR select queryid, left(query, $1), calls, (total_plan_time + total_exec_time) as total_time from aurora_stat_statements($2) order by calls desc limit $3 FOR READ ONLY",0,0,0,0,0,0,1,0.058184,0.058184,0.058184,0.058184,0,0,0,0,0,0,0,0,0,0,0,0,0,0,0,0,0,0,0,0,0,0,0,0,0,0,0,0,0,0,0,2026-08-27 15:45:15.573548+00,2026-08-27 15:45:15.573548+00
10,16384,t,5330473480612452306,"MOVE -982 IN ""query-cursor_138""",0,0,0,0,0,0,1,0.023713,0.023713,0.023713,0.023713,0,0,0,0,0,0,0,0,0,0,0,0,0,0,0,0,0,0,0,0,0,0,0,0,0,0,0,0,0,0,0,2026-08-27 15:45:15.575816+00,2026-08-27 15:45:15.575816+00
16410,16412,t,4526877672430433392,"INSERT INTO NAME_EMBEDDING(LIB_FEAT_ID,LABEL,EMBEDDING) VALUES ($1,$2,$3)",0,0,0,0,0,0,657027,1425099.9616379666,0.031411,537.272872,2.1690127827896974,10.349669964732282,657027,10132193,12,0,235739,0,0,0,0,0,0,3.521478,8170.211374000059,0,0,0,0,0,0,0,0,0,0,0,0,0,0,0,0,0,2026-08-27 15:50:47.117488+00,2026-08-27 15:50:47.117488+00
16410,16412,t,1314641422694202747,"SELECT RES_ENT_ID,LIB_FEAT_ID,FTYPE_ID,UTYPE_CODE,SUPPRESSED,OBS_ENT_CNT FROM RES_FEAT_EKEY WHERE RES_ENT_ID IN ($1,$2) AND FTYPE_ID IN ($3,$4,$5,$6,$7,$8,$9,$10,$11,$12,$13,$14,$15,$16,$17,$18,$19,$20,$21,$22,$23,$24,$25,$26,$27,$28,$29,$30,$31,$32,$33,$34,$35,$36,$37,$38,$39,$40,$41,$42,$43,$44,$45,$46,$47,$48,$49,$50,$51,$52,$53,$54,$55,$56,$57,$58,$59,$60,$61,$62,$63)",0,0,0,0,0,0,160,64.002549,0.041361,10.498128000000001,0.40001593125,1.006236458475983,6055,7852,0,0,0,0,0,0,0,0,0,0,0,0,0,0,0,0,0,0,0,0,0,0,0,0,0,0,0,0,2026-08-27 15:52:22.331867+00,2026-08-27 15:52:22.331867+00
16410,16412,t,1120349075651177119,DELETE FROM RES_FEAT_EKEY WHERE ((RES_ENT_ID=$1 AND LIB_FEAT_ID=$2 AND UTYPE_CODE=$3)OR(RES_ENT_ID=$4 AND LIB_FEAT_ID=$5 AND UTYPE_CODE=$6)OR(RES_ENT_ID=$7 AND LIB_FEAT_ID=$8 AND UTYPE_CODE=$9)OR(RES_ENT_ID=$10 AND LIB_FEAT_ID=$11 AND UTYPE_CODE=$12)OR(RES_ENT_ID=$13 AND LIB_FEAT_ID=$14 AND UTYPE_CODE=$15)OR(RES_ENT_ID=$16 AND LIB_FEAT_ID=$17 AND UTYPE_CODE=$18)OR(RES_ENT_ID=$19 AND LIB_FEAT_ID=$20 AND UTYPE_CODE=$21)OR(RES_ENT_ID=$22 AND LIB_FEAT_ID=$23 AND UTYPE_CODE=$24)OR(RES_ENT_ID=$25 AND LIB_FEAT_ID=$26 AND UTYPE_CODE=$27)OR(RES_ENT_ID=$28 AND LIB_FEAT_ID=$29 AND UTYPE_CODE=$30)OR(RES_ENT_ID=$31 AND LIB_FEAT_ID=$32 AND UTYPE_CODE=$33)OR(RES_ENT_ID=$34 AND LIB_FEAT_ID=$35 AND UTYPE_CODE=$36)OR(RES_ENT_ID=$37 AND LIB_FEAT_ID=$38 AND UTYPE_CODE=$39)),0,0,0,0,0,0,1140,1696.319455000001,0.028117,94.768382,1.4879995219298254,5.930651020928362,14752,75312,0,0,0,0,0,0,0,0,0,0,0,0,0,0,0,0,0,0,0,0,0,0,0,0,0,0,0,0,2026-08-27 15:50:59.801763+00,2026-08-27 15:50:59.801763+00
10,16384,t,-1005660656355799707,"MOVE -143 IN ""query-cursor_5""",0,0,0,0,0,0,1,0.004684,0.004684,0.004684,0.004684,0,0,0,0,0,0,0,0,0,0,0,0,0,0,0,0,0,0,0,0,0,0,0,0,0,0,0,0,0,0,0,2026-08-27 13:32:15.564683+00,2026-08-27 13:32:15.564683+00
16410,16412,t,1732348092621839843,"UPDATE RES_FEAT_STAT AS T SET FTYPE_ID=C.FTYPE_ID,NUM_RES_ENT=C.NUM_RES_ENT_NEW,NUM_RES_ENT_OOM=C.NUM_RES_ENT_OOM_NEW FROM (VALUES (CAST ($1 AS BIGINT),CAST ($2 AS INT),CAST ($3 AS BIGINT),CAST ($4 AS BIGINT),CAST ($5 AS BIGINT),CAST ($6 AS BIGINT)),(CAST ($7 AS BIGINT),CAST ($8 AS INT),CAST ($9 AS BIGINT),CAST ($10 AS BIGINT),CAST ($11 AS BIGINT),CAST ($12 AS BIGINT)),(CAST ($13 AS BIGINT),CAST ($14 AS INT),CAST ($15 AS BIGINT),CAST ($16 AS BIGINT),CAST ($17 AS BIGINT),CAST ($18 AS BIGINT)),(CAST ($19 AS BIGINT),CAST ($20 AS INT),CAST ($21 AS BIGINT),CAST ($22 AS BIGINT),CAST ($23 AS BIGINT),CAST ($24 AS BIGINT)),(CAST ($25 AS BIGINT),CAST ($26 AS INT),CAST ($27 AS BIGINT),CAST ($28 AS BIGINT),CAST ($29 AS BIGINT),CAST ($30 AS BIGINT)),(CAST ($31 AS BIGINT),CAST ($32 AS INT),CAST ($33 AS BIGINT),CAST ($34 AS BIGINT),CAST ($35 AS BIGINT),CAST ($36 AS BIGINT)),(CAST ($37 AS BIGINT),CAST ($38 AS INT),CAST ($39 AS BIGINT),CAST ($40 AS BIGINT),CAST ($41 AS BIGINT),CAST ($42 AS BIGINT))) AS C(LIB_FEAT_ID,FTYPE_ID,NUM_RES_ENT_OLD,NUM_RES_ENT_OOM_OLD,NUM_RES_ENT_NEW,NUM_RES_ENT_OOM_NEW) WHERE C.LIB_FEAT_ID=T.LIB_FEAT_ID AND C.NUM_RES_ENT_OLD=T.NUM_RES_ENT AND C.NUM_RES_ENT_OOM_OLD=T.NUM_RES_ENT_OOM",0,0,0,0,0,0,13,8.840117,0.039097999999999994,3.244452,0.680009,0.793612236311528,33,6653,0,0,0,0,0,0,0,0,0,0,0,0,0,0,0,0,0,0,0,0,0,0,0,0,0,0,0,0,2026-08-27 15:51:50.990466+00,2026-08-27 15:51:50.990466+00
16410,16412,t,1012973085746232439,"SELECT RES_ENT_ID,OBS_ENT_ID,ERRULE_ID,MATCH_KEY FROM RES_ENT_OKEY WHERE OBS_ENT_ID IN ($1)",0,0,0,0,0,0,6572,125.62208000000011,0.005151,8.251776000000001,0.01911474132684116,0.12169196693321348,6571,26533,0,0,0,0,0,0,0,0,0,0,0,0,0,0,0,0,0,0,0,0,0,0,0,0,0,0,0,0,2026-08-27 15:50:59.673722+00,2026-08-27 15:50:59.673722+00
10,16384,t,-1068008066885996582,"MOVE -279 IN ""query-cursor_22""",0,0,0,0,0,0,1,0.007622,0.007622,0.007622,0.007622,0,0,0,0,0,0,0,0,0,0,0,0,0,0,0,0,0,0,0,0,0,0,0,0,0,0,0,0,0,0,0,2026-08-27 13:49:15.566177+00,2026-08-27 13:49:15.566177+00
10,16384,t,7193771700378705241,"MOVE ALL IN ""query-cursor_167""",0,0,0,0,0,0,1,5.034512,5.034512,5.034512,5.034512,0,0,0,0,0,0,0,0,0,0,0,0,0,0,0,0,0,0,0,0,0,0,0,0,0,0,0,0,0,0,0,2026-08-27 16:24:15.580935+00,2026-08-27 16:24:15.580935+00
16410,16412,t,-2938695407279192572,"SELECT LIB_FEAT_ID,FEAT_DESC,FTYPE_ID,ANONYMIZED,FEAT_HASH,VERSION,FELEM_VALUES FROM LIB_FEAT WHERE LIB_FEAT_ID IN ($1,$2,$3,$4)",0,0,0,0,0,0,104274,5235.037398000061,0.007286,33.001767,0.05020462817193223,0.3926462183276117,367801,922122,0,0,0,0,0,0,0,0,0,0,0,0,0,0,0,0,0,0,0,0,0,0,0,0,0,0,0,0,2026-08-27 15:50:47.133771+00,2026-08-27 15:50:47.133771+00
10,16384,t,-687190765520414329,"MOVE -1652 IN ""query-cursor_151""",0,0,0,0,0,0,1,0.101709,0.101709,0.101709,0.101709,0,0,0,0,0,0,0,0,0,0,0,0,0,0,0,0,0,0,0,0,0,0,0,0,0,0,0,0,0,0,0,2026-08-27 15:59:15.70637+00,2026-08-27 15:59:15.70637+00
16410,16412,t,-5352882777084235529,"SELECT RES_ENT_ID,LIB_FEAT_ID,FTYPE_ID,UTYPE_CODE,SUPPRESSED,OBS_ENT_CNT FROM RES_FEAT_EKEY WHERE RES_ENT_ID IN ($1,$2,$3,$4,$5,$6,$7,$8,$9,$10,$11,$12,$13,$14,$15,$16) AND FTYPE_ID IN ($17,$18,$19,$20,$21,$22,$23)",0,0,0,0,0,0,9376,6510.718822000037,0.09377,105.668959,0.6944026047354989,2.835036478952969,1773248,443975,0,0,0,0,0,0,0,0,0,0,0,0,0,0,0,0,0,0,0,0,0,0,0,0,0,0,0,0,2026-08-27 15:50:58.40159+00,2026-08-27 15:50:58.40159+00
16410,16412,t,-6529349559229700612,"SELECT RES_ENT_ID,LIB_FEAT_ID,FTYPE_ID,UTYPE_CODE,SUPPRESSED,OBS_ENT_CNT FROM RES_FEAT_EKEY WHERE RES_ENT_ID IN ($1,$2,$3,$4,$5,$6,$7,$8) AND FTYPE_ID IN ($9,$10,$11,$12,$13,$14,$15,$16,$17,$18,$19,$20,$21,$22,$23,$24,$25,$26,$27,$28,$29,$30)",0,0,0,0,0,0,57,200.88192800000004,0.236761,94.341295,3.524244350877194,12.40378492956998,131369,3259,0,0,0,0,0,0,0,0,0,0,0,0,0,0,0,0,0,0,0,0,0,0,0,0,0,0,0,0,2026-08-27 15:50:50.332171+00,2026-08-27 15:50:50.332171+00
16410,16412,t,6879607809688759379,"SELECT RES_ENT_ID,LIB_FEAT_ID,FTYPE_ID,UTYPE_CODE,SUPPRESSED,OBS_ENT_CNT FROM RES_FEAT_EKEY WHERE RES_ENT_ID IN ($1) AND FTYPE_ID IN ($2,$3,$4,$5,$6,$7,$8,$9)",0,0,0,0,0,0,14632,1350.7874889999982,0.013072,32.744392,0.09231735162657177,0.6936163706522995,191105,62222,0,0,0,0,0,0,0,0,0,0,0,0,0,0,0,0,0,0,0,0,0,0,0,0,0,0,0,0,2026-08-27 15:50:47.677966+00,2026-08-27 15:50:47.677966+00
16410,16412,t,-2778453929107523783,"INSERT INTO RES_REL_EKEY(RES_REL_ID,RES_ENT_ID,REL_ENT_ID) VALUES ($1,$2,$3),($4,$5,$6),($7,$8,$9),($10,$11,$12),($13,$14,$15) ON CONFLICT DO NOTHING",0,0,0,0,0,0,160,153.5978480000001,0.060303,18.759193,0.9599865500000007,3.391156236490821,796,6339,0,0,8,0,0,0,0,0,0,0,0.084986,0,0,0,0,0,0,0,0,0,0,0,0,0,0,0,0,0,2026-08-27 15:51:31.724102+00,2026-08-27 15:51:31.724102+00
16410,16412,t,-9109224801956861979,"UPDATE RES_RELATE AS T SET IS_DISCLOSED=C.IS_DISCLOSED,IS_AMBIGUOUS=C.IS_AMBIGUOUS,LAST_ERRULE_ID=C.LAST_ERRULE_ID,MATCH_KEY=C.MATCH_KEY,MATCH_KEY_DETAILS=C.MATCH_KEY_DETAILS,MATCH_LEVELS=C.MATCH_LEVELS FROM (VALUES (CAST ($1 AS BIGINT),CAST ($2 AS BIGINT),CAST ($3 AS BIGINT),CAST ($4 AS BIGINT),$5,$6,$7),(CAST ($8 AS BIGINT),CAST ($9 AS BIGINT),CAST ($10 AS BIGINT),CAST ($11 AS BIGINT),$12,$13,$14),(CAST ($15 AS BIGINT),CAST ($16 AS BIGINT),CAST ($17 AS BIGINT),CAST ($18 AS BIGINT),$19,$20,$21),(CAST ($22 AS BIGINT),CAST ($23 AS BIGINT),CAST ($24 AS BIGINT),CAST ($25 AS BIGINT),$26,$27,$28),(CAST ($29 AS BIGINT),CAST ($30 AS BIGINT),CAST ($31 AS BIGINT),CAST ($32 AS BIGINT),$33,$34,$35)) AS C(RES_REL_ID,IS_DISCLOSED,IS_AMBIGUOUS,LAST_ERRULE_ID,MATCH_KEY,MATCH_KEY_DETAILS,MATCH_LEVELS) WHERE C.RES_REL_ID=T.RES_REL_ID",0,0,0,0,0,0,1731,2074.7574630000017,0.039699,54.399341,1.198588944540729,4.210945964159039,8648,98499,0,0,620,0,0,0,0,0,0,0,38.613894999999985,0,0,0,0,0,0,0,0,0,0,0,0,0,0,0,0,0,2026-08-27 15:51:19.505266+00,2026-08-27 15:51:19.505266+00
10,16384,t,3400108112990844197,"FETCH 50 IN ""query-cursor_214""",0,0,0,0,0,0,41,0.14897499999999997,0.002726,0.005934,0.0036335365853658527,0.0008596017540063416,2050,0,0,0,0,0,0,0,0,0,0,0,0,0,0,0,0,0,0,0,0,0,0,0,0,0,0,0,0,0,2026-08-27 17:11:15.584656+00,2026-08-27 17:11:15.584656+00
10,16384,t,-8905163247598600016,"DECLARE ""query-cursor_199"" SCROLL CURSOR FOR select queryid, left(query, $1), calls, (total_plan_time + total_exec_time) as total_time from aurora_stat_statements($2) order by calls desc limit $3 FOR READ ONLY",0,0,0,0,0,0,1,0.068857,0.068857,0.068857,0.068857,0,0,0,0,0,0,0,0,0,0,0,0,0,0,0,0,0,0,0,0,0,0,0,0,0,0,0,0,0,0,0,2026-08-27 16:56:15.578191+00,2026-08-27 16:56:15.578191+00
16410,16412,t,7489588082314522700,"SELECT RES_ENT_ID,LIB_FEAT_ID,FTYPE_ID,UTYPE_CODE,SUPPRESSED,OBS_ENT_CNT FROM RES_FEAT_EKEY WHERE RES_ENT_ID IN ($1) AND FTYPE_ID IN ($2,$3,$4,$5,$6,$7,$8,$9,$10,$11,$12,$13,$14,$15,$16,$17,$18,$19,$20,$21,$22,$23,$24,$25,$26,$27,$28,$29,$30,$31,$32,$33,$34,$35,$36,$37,$38,$39,$40,$41,$42,$43,$44,$45,$46,$47,$48,$49,$50,$51,$52,$53,$54,$55,$56,$57,$58,$59,$60,$61,$62,$63,$64,$65)",0,0,0,0,0,0,6704,493.74293200000176,0.0067610000000000005,22.443647000000002,0.07364900536992866,0.6370889362343772,19925,40910,0,0,0,0,0,0,0,0,0,0,0,0,0,0,0,0,0,0,0,0,0,0,0,0,0,0,0,0,2026-08-27 15:51:09.440261+00,2026-08-27 15:51:09.440261+00
16410,16412,t,-4432324288808203633,"SELECT RES_ENT_ID,LIB_FEAT_ID,FTYPE_ID,UTYPE_CODE,SUPPRESSED,OBS_ENT_CNT FROM RES_FEAT_EKEY WHERE RES_ENT_ID IN ($1,$2) AND FTYPE_ID IN ($3,$4,$5,$6,$7,$8,$9,$10,$11,$12,$13,$14,$15,$16,$17,$18,$19,$20,$21,$22,$23)",0,0,0,0,0,0,74,23.207444999999993,0.046719,3.295696,0.3136141216216215,0.5240849861937227,24923,1017,0,0,0,0,0,0,0,0,0,0,0,0,0,0,0,0,0,0,0,0,0,0,0,0,0,0,0,0,2026-08-27 15:50:55.331069+00,2026-08-27 15:50:55.331069+00
10,16384,t,-9076664290245615882,"FETCH 2 IN ""query-cursor_26""",0,0,0,0,0,0,1,0.001304,0.001304,0.001304,0.001304,0,2,0,0,0,0,0,0,0,0,0,0,0,0,0,0,0,0,0,0,0,0,0,0,0,0,0,0,0,0,0,2026-08-27 13:53:15.56781+00,2026-08-27 13:53:15.56781+00
10,16384,t,822875012979098929,"FETCH 0 IN ""query-cursor_10""",0,0,0,0,0,0,1,0.004599,0.004599,0.004599,0.004599,0,0,0,0,0,0,0,0,0,0,0,0,0,0,0,0,0,0,0,0,0,0,0,0,0,0,0,0,0,0,0,2026-08-27 13:37:15.564608+00,2026-08-27 13:37:15.564608+00
10,16384,t,5369453019371324446,"MOVE -410 IN ""query-cursor_44""",0,0,0,0,0,0,1,0.010038,0.010038,0.010038,0.010038,0,0,0,0,0,0,0,0,0,0,0,0,0,0,0,0,0,0,0,0,0,0,0,0,0,0,0,0,0,0,0,2026-08-27 14:11:15.567963+00,2026-08-27 14:11:15.567963+00
10,16384,t,2402558030084355343,"MOVE -1974 IN ""query-cursor_196""",0,0,0,0,0,0,1,0.036381,0.036381,0.036381,0.036381,0,0,0,0,0,0,0,0,0,0,0,0,0,0,0,0,0,0,0,0,0,0,0,0,0,0,0,0,0,0,0,2026-08-27 16:53:15.583615+00,2026-08-27 16:53:15.583615+00
16410,16412,t,-7254578461802534793,SELECT CODE FROM SYS_CODES_USED WHERE CODE_TYPE=$1,0,0,0,0,0,0,2771,2895.9390329999974,0.002323,64.91724599999999,1.0450880667629006,4.130501277558794,2044508,130180,0,0,0,0,0,0,0,0,0,0,0,0,0,0,0,0,0,0,0,0,0,0,0,0,0,0,0,0,2026-08-27 13:32:03.725796+00,2026-08-27 13:32:03.725796+00
16410,16412,t,2788628345494468800,"SELECT CODE_TYPE,CODE,CODE_ID FROM SYS_CODES_USED WHERE CODE_TYPE=$1",0,0,0,0,0,0,242,5.997538000000001,0.0021119999999999997,0.098908,0.024783214876033063,0.01969414809409575,4240,802,0,0,0,0,0,0,0,0,0,0,0,0,0,0,0,0,0,0,0,0,0,0,0,0,0,0,0,0,2026-08-27 13:32:03.97705+00,2026-08-27 13:32:03.97705+00
16410,16412,t,-7511585686043549873,"SELECT RES_ENT_ID,LIB_FEAT_ID,FTYPE_ID,UTYPE_CODE,SUPPRESSED,OBS_ENT_CNT FROM RES_FEAT_EKEY WHERE RES_ENT_ID IN ($1,$2) AND FTYPE_ID IN ($3,$4,$5,$6,$7,$8,$9,$10,$11,$12,$13,$14,$15,$16,$17)",0,0,0,0,0,0,6551,1575.0275730000048,0.025015,32.427861,0.24042551869943593,1.1934089706330977,817574,63045,0,0,0,0,0,0,0,0,0,0,0,0,0,0,0,0,0,0,0,0,0,0,0,0,0,0,0,0,2026-08-27 15:50:47.669262+00,2026-08-27 15:50:47.669262+00
10,16384,t,6179683617003889656,"FETCH 0 IN ""query-cursor_167""",0,0,0,0,0,0,1,0.003194,0.003194,0.003194,0.003194,0,0,0,0,0,0,0,0,0,0,0,0,0,0,0,0,0,0,0,0,0,0,0,0,0,0,0,0,0,0,0,2026-08-27 16:24:15.575853+00,2026-08-27 16:24:15.575853+00
10,16384,t,671452430086936681,"MOVE -898 IN ""query-cursor_124""",0,0,0,0,0,0,1,0.017678,0.017678,0.017678,0.017678,0,0,0,0,0,0,0,0,0,0,0,0,0,0,0,0,0,0,0,0,0,0,0,0,0,0,0,0,0,0,0,2026-08-27 15:31:15.574505+00,2026-08-27 15:31:15.574505+00
10,16384,t,2200660861531960782,"FETCH 50 IN ""query-cursor_180""",0,0,0,0,0,0,37,0.14395299999999997,0.002782,0.006438,0.003890621621621621,0.0010216496027914159,1850,0,0,0,0,0,0,0,0,0,0,0,0,0,0,0,0,0,0,0,0,0,0,0,0,0,0,0,0,0,2026-08-27 16:37:15.582073+00,2026-08-27 16:37:15.582073+00
16410,16412,t,-2575265821999363645,"CREATE TABLE SYS_EVAL_QUEUE (MSG_ID BIGINT NOT NULL, DSRC_CODE VARCHAR(25) NOT NULL, ENT_SRC_KEY VARCHAR(40) NOT NULL, MSG TEXT, PRIMARY KEY(MSG_ID))",0,0,0,0,0,0,1,6.632389,6.632389,6.632389,6.632389,0,0,346,0,0,1,0,0,0,0,0,0,0,0.002213,0,0,0,0,0,0,0,0,0,0,0,0,0,0,0,0,0,2026-08-27 13:29:50.115608+00,2026-08-27 13:29:50.115608+00
10,16384,t,4393243536876992056,"DECLARE ""query-cursor_106"" SCROLL CURSOR FOR select queryid, left(query, $1), calls, (total_plan_time + total_exec_time) as total_time from aurora_stat_statements($2) order by calls desc limit $3 FOR READ ONLY",0,0,0,0,0,0,1,0.058236,0.058236,0.058236,0.058236,0,0,0,0,0,0,0,0,0,0,0,0,0,0,0,0,0,0,0,0,0,0,0,0,0,0,0,0,0,0,0,2026-08-27 15:13:15.571254+00,2026-08-27 15:13:15.571254+00
16410,16412,t,4975769408314547698,"INSERT INTO RES_FEAT_STAT(LIB_FEAT_ID,FTYPE_ID,NUM_RES_ENT,NUM_RES_ENT_OOM) VALUES ($1,$2,$3,$4),($5,$6,$7,$8),($9,$10,$11,$12),($13,$14,$15,$16),($17,$18,$19,$20),($21,$22,$23,$24),($25,$26,$27,$28),($29,$30,$31,$32),($33,$34,$35,$36),($37,$38,$39,$40),($41,$42,$43,$44),($45,$46,$47,$48),($49,$50,$51,$52),($53,$54,$55,$56) ON CONFLICT DO NOTHING",0,0,0,0,0,0,26000,92881.29496900027,0.12365,859.370008,3.572357498807703,16.027365681023447,363834,3027686,0,0,4211,0,0,0,0,0,0,0,149.34840599999984,0,0,0,0,0,0,0,0,0,0,0,0,0,0,0,0,0,2026-08-27 15:50:47.01008+00,2026-08-27 15:50:47.01008+00
10,16384,t,-2504756327964368697,"FETCH 0 IN ""query-cursor_70""",0,0,0,0,0,0,1,0.003618,0.003618,0.003618,0.003618,0,0,0,0,0,0,0,0,0,0,0,0,0,0,0,0,0,0,0,0,0,0,0,0,0,0,0,0,0,0,0,2026-08-27 14:37:15.568891+00,2026-08-27 14:37:15.568891+00
10,16384,t,-4074749513864340407,select count(*) as active_count from pg_stat_activity where state = $1,0,0,0,0,0,0,735,1857.1880679999988,0.07221200000000001,81.25492700000001,2.5267864870748284,5.0955633305643495,735,0,0,0,0,0,0,0,0,0,0,0,0,0,0,0,0,0,0,0,0,0,0,0,0,0,0,0,0,0,2026-08-27 13:28:15.125274+00,2026-08-27 13:28:15.125274+00
10,16384,t,4707441615532888113,"FETCH 0 IN ""query-cursor_227""",0,0,0,0,0,0,1,0.003886,0.003886,0.003886,0.003886,0,0,0,0,0,0,0,0,0,0,0,0,0,0,0,0,0,0,0,0,0,0,0,0,0,0,0,0,0,0,0,2026-08-27 17:24:15.580082+00,2026-08-27 17:24:15.580082+00
10,16384,t,988075202436408067,"FETCH 16 IN ""query-cursor_153""",0,0,0,0,0,0,1,0.00731,0.00731,0.00731,0.00731,0,16,0,0,0,0,0,0,0,0,0,0,0,0,0,0,0,0,0,0,0,0,0,0,0,0,0,0,0,0,0,2026-08-27 16:01:16.284299+00,2026-08-27 16:01:16.284299+00
10,16384,t,-2206830161419907928,"FETCH 50 IN ""query-cursor_103""",0,0,0,0,0,0,15,0.050096,0.002736,0.006325,0.0033397333333333333,0.0008638451610226354,750,0,0,0,0,0,0,0,0,0,0,0,0,0,0,0,0,0,0,0,0,0,0,0,0,0,0,0,0,0,2026-08-27 15:10:15.572891+00,2026-08-27 15:10:15.572891+00
10,16384,t,3671299135174236490,"FETCH 50 IN ""query-cursor_157""",0,0,0,0,0,0,34,0.48538200000000004,0.004297,0.026732,0.014275941176470588,0.004408350271267796,1700,0,0,0,0,0,0,0,0,0,0,0,0,0,0,0,0,0,0,0,0,0,0,0,0,0,0,0,0,0,2026-08-27 16:07:15.580555+00,2026-08-27 16:07:15.580555+00
16410,16412,t,6010666981193075921,"SELECT OBS_ENT_ID,RES_ENT_ID FROM RES_ENT_OKEY WHERE OBS_ENT_ID IN ($1,$2,$3,$4,$5,$6,$7,$8,$9,$10,$11,$12,$13,$14,$15,$16,$17,$18,$19,$20,$21,$22,$23,$24,$25,$26,$27,$28,$29,$30,$31,$32,$33,$34,$35,$36,$37,$38,$39,$40,$41,$42,$43,$44,$45,$46,$47,$48,$49,$50,$51,$52,$53,$54,$55,$56,$57,$58,$59,$60,$61,$62,$63,$64,$65,$66,$67,$68,$69,$70,$71,$72,$73,$74,$75,$76,$77,$78,$79,$80,$81,$82,$83,$84,$85,$86,$87,$88,$89,$90,$91,$92,$93,$94,$95,$96,$97,$98,$99,$100)",0,0,0,0,0,0,1,0.322088,0.322088,0.322088,0.322088,0,74,227,0,0,0,0,0,0,0,0,0,0,0,0,0,0,0,0,0,0,0,0,0,0,0,0,0,0,0,0,2026-08-27 16:09:42.962949+00,2026-08-27 16:09:42.962949+00
10,16384,t,-4948537630274563893,"FETCH 50 IN ""query-cursor_208""",0,0,0,0,0,0,40,0.14598999999999998,0.002825,0.006004,0.0036497499999999993,0.0008602634988769434,2000,0,0,0,0,0,0,0,0,0,0,0,0,0,0,0,0,0,0,0,0,0,0,0,0,0,0,0,0,0,2026-08-27 17:05:15.584341+00,2026-08-27 17:05:15.584341+00
16410,16412,t,-952876597501699504,"SELECT LIB_FEAT_ID,NUM_RES_ENT,NUM_RES_ENT_OOM,CANDIDATE_CAP_REACHED,SCORING_CAP_REACHED FROM RES_FEAT_STAT WHERE LIB_FEAT_ID IN ($1,$2,$3,$4,$5,$6,$7,$8,$9,$10,$11,$12,$13,$14,$15,$16)",0,0,0,0,0,0,342273,42733.360520999806,0.009308,158.644462,0.12485168424327892,0.7588637300642139,4075330,12987389,0,0,0,0,0,0,0,0,0,0,0,0,0,0,0,0,0,0,0,0,0,0,0,0,0,0,0,0,2026-08-27 15:50:47.146464+00,2026-08-27 15:50:47.146464+00
16410,16412,t,7074489559175562218,DELETE FROM RES_FEAT_EKEY WHERE ((RES_ENT_ID=$1 AND LIB_FEAT_ID=$2 AND UTYPE_CODE=$3)OR(RES_ENT_ID=$4 AND LIB_FEAT_ID=$5 AND UTYPE_CODE=$6)OR(RES_ENT_ID=$7 AND LIB_FEAT_ID=$8 AND UTYPE_CODE=$9)OR(RES_ENT_ID=$10 AND LIB_FEAT_ID=$11 AND UTYPE_CODE=$12)OR(RES_ENT_ID=$13 AND LIB_FEAT_ID=$14 AND UTYPE_CODE=$15)OR(RES_ENT_ID=$16 AND LIB_FEAT_ID=$17 AND UTYPE_CODE=$18)OR(RES_ENT_ID=$19 AND LIB_FEAT_ID=$20 AND UTYPE_CODE=$21)OR(RES_ENT_ID=$22 AND LIB_FEAT_ID=$23 AND UTYPE_CODE=$24)OR(RES_ENT_ID=$25 AND LIB_FEAT_ID=$26 AND UTYPE_CODE=$27)OR(RES_ENT_ID=$28 AND LIB_FEAT_ID=$29 AND UTYPE_CODE=$30)OR(RES_ENT_ID=$31 AND LIB_FEAT_ID=$32 AND UTYPE_CODE=$33)OR(RES_ENT_ID=$34 AND LIB_FEAT_ID=$35 AND UTYPE_CODE=$36)OR(RES_ENT_ID=$37 AND LIB_FEAT_ID=$38 AND UTYPE_CODE=$39)OR(RES_ENT_ID=$40 AND LIB_FEAT_ID=$41 AND UTYPE_CODE=$42)OR(RES_ENT_ID=$43 AND LIB_FEAT_ID=$44 AND UTYPE_CODE=$45)OR(RES_ENT_ID=$46 AND LIB_FEAT_ID=$47 AND UTYPE_CODE=$48)OR(RES_ENT_ID=$49 AND LIB_FEAT_ID=$50 AND UTYPE_CODE=$51)OR(RES_ENT_ID=$52 AND LIB_FEAT_ID=$53 AND UTYPE_CODE=$54)OR(RES_ENT_ID=$55 AND LIB_FEAT_ID=$56 AND UTYPE_CODE=$57)OR(RES_ENT_ID=$58 AND LIB_FEAT_ID=$59 AND UTYPE_CODE=$60)OR(RES_ENT_ID=$61 AND LIB_FEAT_ID=$62 AND UTYPE_CODE=$63)OR(RES_ENT_ID=$64 AND LIB_FEAT_ID=$65 AND UTYPE_CODE=$66)OR(RES_ENT_ID=$67 AND LIB_FEAT_ID=$68 AND UTYPE_CODE=$69)OR(RES_ENT_ID=$70 AND LIB_FEAT_ID=$71 AND UTYPE_CODE=$72)OR(RES_ENT_ID=$73 AND LIB_FEAT_ID=$74 AND UTYPE_CODE=$75)OR(RES_ENT_ID=$76 AND LIB_FEAT_ID=$77 AND UTYPE_CODE=$78)OR(RES_ENT_ID=$79 AND LIB_FEAT_ID=$80 AND UTYPE_CODE=$81)OR(RES_ENT_ID=$82 AND LIB_FEAT_ID=$83 AND UTYPE_CODE=$84)),0,0,0,0,0,0,178,263.257417,0.07657,49.6013,1.4789742528089886,6.6449074011379805,4795,25072,0,0,0,0,0,0,0,0,0,0,0,0,0,0,0,0,0,0,0,0,0,0,0,0,0,0,0,0,2026-08-27 15:52:18.304498+00,2026-08-27 15:52:18.304498+00
10,16384,t,8030693797913599218,"MOVE ALL IN ""query-cursor_223""",0,0,0,0,0,0,1,5.34293,5.34293,5.34293,5.34293,0,0,0,0,0,0,0,0,0,0,0,0,0,0,0,0,0,0,0,0,0,0,0,0,0,0,0,0,0,0,0,2026-08-27 17:20:15.585187+00,2026-08-27 17:20:15.585187+00
10,16384,t,-2631346209935332523,"MOVE -2016 IN ""query-cursor_203""",0,0,0,0,0,0,1,0.037462,0.037462,0.037462,0.037462,0,0,0,0,0,0,0,0,0,0,0,0,0,0,0,0,0,0,0,0,0,0,0,0,0,0,0,0,0,0,0,2026-08-27 17:00:15.583808+00,2026-08-27 17:00:15.583808+00
10,16384,t,3536403491556231928,"DECLARE ""query-cursor_182"" SCROLL CURSOR FOR select queryid, left(query, $1), calls, (total_plan_time + total_exec_time) as total_time from aurora_stat_statements($2) order by calls desc limit $3 FOR READ ONLY",0,0,0,0,0,0,1,0.078007,0.078007,0.078007,0.078007,0,0,0,0,0,0,0,0,0,0,0,0,0,0,0,0,0,0,0,0,0,0,0,0,0,0,0,0,0,0,0,2026-08-27 16:39:15.576879+00,2026-08-27 16:39:15.576879+00
16410,16412,t,-5832709012171957677,"SELECT RES_ENT_ID,LIB_FEAT_ID,FTYPE_ID,UTYPE_CODE,SUPPRESSED,OBS_ENT_CNT FROM RES_FEAT_EKEY WHERE RES_ENT_ID IN ($1,$2) AND FTYPE_ID IN ($3,$4,$5,$6,$7,$8,$9,$10,$11,$12,$13,$14,$15,$16,$17,$18,$19,$20,$21,$22,$23,$24,$25,$26,$27,$28,$29,$30,$31,$32,$33,$34,$35,$36,$37,$38,$39,$40,$41,$42,$43,$44,$45,$46,$47,$48,$49,$50,$51,$52,$53,$54,$55,$56,$57,$58,$59,$60,$61)",0,0,0,0,0,0,54,11.636733999999997,0.026605,1.126066,0.215495074074074,0.26131209725521787,121,902,0,0,0,0,0,0,0,0,0,0,0,0,0,0,0,0,0,0,0,0,0,0,0,0,0,0,0,0,2026-08-27 15:51:28.395238+00,2026-08-27 15:51:28.395238+00
10,16384,t,-5611796700468120438,"MOVE ALL IN ""query-cursor_11""",0,0,0,0,0,0,1,0.39624,0.39624,0.39624,0.39624,0,0,0,0,0,0,0,0,0,0,0,0,0,0,0,0,0,0,0,0,0,0,0,0,0,0,0,0,0,0,0,2026-08-27 13:38:15.565126+00,2026-08-27 13:38:15.565126+00
16410,16412,t,5764499686668614642,"SELECT RES_ENT_ID,LIB_FEAT_ID,FTYPE_ID,UTYPE_CODE,SUPPRESSED,OBS_ENT_CNT FROM RES_FEAT_EKEY WHERE RES_ENT_ID IN ($1,$2) AND FTYPE_ID IN ($3,$4,$5,$6,$7,$8,$9,$10,$11,$12,$13,$14,$15,$16,$17,$18,$19,$20,$21,$22,$23,$24,$25,$26,$27,$28,$29,$30,$31,$32,$33,$34,$35,$36,$37,$38,$39,$40,$41,$42,$43,$44,$45,$46,$47,$48,$49,$50,$51,$52,$53,$54,$55,$56,$57,$58,$59,$60,$61,$62,$63,$64)",0,0,0,0,0,0,11,1.7764550000000003,0.025836,0.745361,0.16149590909090913,0.20874600487563155,393,124,0,0,0,0,0,0,0,0,0,0,0,0,0,0,0,0,0,0,0,0,0,0,0,0,0,0,0,0,2026-08-27 15:54:58.415839+00,2026-08-27 15:54:58.415839+00
10,16384,t,4767859753119272669,"MOVE -2166 IN ""query-cursor_228""",0,0,0,0,0,0,1,0.040058,0.040058,0.040058,0.040058,0,0,0,0,0,0,0,0,0,0,0,0,0,0,0,0,0,0,0,0,0,0,0,0,0,0,0,0,0,0,0,2026-08-27 17:25:15.58588+00,2026-08-27 17:25:15.58588+00
10,16384,t,1153535079805698179,"DECLARE ""query-cursor_25"" SCROLL CURSOR FOR select queryid, left(query, $1), calls, (total_plan_time + total_exec_time) as total_time from aurora_stat_statements($2) order by calls desc limit $3 FOR READ ONLY",0,0,0,0,0,0,1,0.068644,0.068644,0.068644,0.068644,0,0,0,0,0,0,0,0,0,0,0,0,0,0,0,0,0,0,0,0,0,0,0,0,0,0,0,0,0,0,0,2026-08-27 13:52:15.565663+00,2026-08-27 13:52:15.565663+00
16410,16412,t,4778620692683124822,"SELECT RES_ENT_ID,LIB_FEAT_ID,FTYPE_ID,UTYPE_CODE,SUPPRESSED,OBS_ENT_CNT FROM RES_FEAT_EKEY WHERE RES_ENT_ID IN ($1,$2,$3,$4,$5,$6,$7,$8,$9,$10,$11,$12,$13,$14,$15,$16,$17,$18,$19,$20,$21,$22,$23,$24,$25,$26,$27,$28,$29,$30,$31,$32,$33,$34,$35,$36,$37,$38,$39,$40,$41,$42,$43,$44,$45,$46,$47,$48,$49,$50,$51,$52,$53,$54,$55,$56,$57,$58,$59,$60,$61,$62,$63,$64) AND FTYPE_ID IN ($65,$66,$67,$68,$69,$70,$71,$72,$73,$74,$75)",0,0,0,0,0,0,775,15999.414467999999,0.982475,323.62382699999995,20.644405765161288,29.081485576035902,8185846,363608,0,0,0,0,0,0,0,0,0,0,0,0,0,0,0,0,0,0,0,0,0,0,0,0,0,0,0,0,2026-08-27 15:50:52.145426+00,2026-08-27 15:50:52.145426+00
10,16384,t,-2441052622722955631,"DECLARE ""query-cursor_2"" SCROLL CURSOR FOR select queryid, left(query, $1), calls, (total_plan_time + total_exec_time) as total_time from aurora_stat_statements($2) order by calls desc limit $3 FOR READ ONLY",0,0,0,0,0,0,1,0.055844,0.055844,0.055844,0.055844,0,0,0,0,0,0,0,0,0,0,0,0,0,0,0,0,0,0,0,0,0,0,0,0,0,0,0,0,0,0,0,2026-08-27 13:29:15.563971+00,2026-08-27 13:29:15.563971+00
10,16384,t,-2892364195522709521,"select max(age(coalesce(backend_xmin, backend_xid))) as oldest_running_transaction_xid_age from pg_stat_activity where state != $1",0,0,0,0,0,0,245,775.7457130000003,0.085572,117.427244,3.166309032653062,8.63526435352945,245,0,0,0,0,0,0,0,0,0,0,0,0,0,0,0,0,0,0,0,0,0,0,0,0,0,0,0,0,0,2026-08-27 13:28:15.134523+00,2026-08-27 13:28:15.134523+00
16410,16412,t,5781086490749458633,"SELECT RES_ENT_ID,OBS_ENT_ID,ERRULE_ID,MATCH_KEY FROM RES_ENT_OKEY WHERE RES_ENT_ID IN ($1,$2,$3,$4)",0,0,0,0,0,0,545,22.936200000000007,0.012575000000000001,1.683982,0.04208477064220185,0.0914584189801531,3232,8232,0,0,0,0,0,0,0,0,0,0,0,0,0,0,0,0,0,0,0,0,0,0,0,0,0,0,0,0,2026-08-27 15:51:49.680698+00,2026-08-27 15:51:49.680698+00
10,16384,t,4998276464794900197,"MOVE ALL IN ""query-cursor_47""",0,0,0,0,0,0,1,0.916321,0.916321,0.916321,0.916321,0,0,0,0,0,0,0,0,0,0,0,0,0,0,0,0,0,0,0,0,0,0,0,0,0,0,0,0,0,0,0,2026-08-27 14:14:15.56825+00,2026-08-27 14:14:15.56825+00
10,16384,t,6291199654885937522,"FETCH 0 IN ""query-cursor_144""",0,0,0,0,0,0,1,0.003503,0.003503,0.003503,0.003503,0,0,0,0,0,0,0,0,0,0,0,0,0,0,0,0,0,0,0,0,0,0,0,0,0,0,0,0,0,0,0,2026-08-27 15:51:15.57403+00,2026-08-27 15:51:15.57403+00
10,16384,t,-1564986821697819574,"MOVE ALL IN ""query-cursor_170""",0,0,0,0,0,0,1,5.044271,5.044271,5.044271,5.044271,0,0,0,0,0,0,0,0,0,0,0,0,0,0,0,0,0,0,0,0,0,0,0,0,0,0,0,0,0,0,0,2026-08-27 16:27:15.581137+00,2026-08-27 16:27:15.581137+00
16410,16412,t,1117521642449440830,"UPDATE RES_FEAT_STAT AS T SET FTYPE_ID=C.FTYPE_ID,NUM_RES_ENT=C.NUM_RES_ENT_NEW,NUM_RES_ENT_OOM=C.NUM_RES_ENT_OOM_NEW FROM (VALUES (CAST ($1 AS BIGINT),CAST ($2 AS INT),CAST ($3 AS BIGINT),CAST ($4 AS BIGINT),CAST ($5 AS BIGINT),CAST ($6 AS BIGINT)),(CAST ($7 AS BIGINT),CAST ($8 AS INT),CAST ($9 AS BIGINT),CAST ($10 AS BIGINT),CAST ($11 AS BIGINT),CAST ($12 AS BIGINT)),(CAST ($13 AS BIGINT),CAST ($14 AS INT),CAST ($15 AS BIGINT),CAST ($16 AS BIGINT),CAST ($17 AS BIGINT),CAST ($18 AS BIGINT)),(CAST ($19 AS BIGINT),CAST ($20 AS INT),CAST ($21 AS BIGINT),CAST ($22 AS BIGINT),CAST ($23 AS BIGINT),CAST ($24 AS BIGINT)),(CAST ($25 AS BIGINT),CAST ($26 AS INT),CAST ($27 AS BIGINT),CAST ($28 AS BIGINT),CAST ($29 AS BIGINT),CAST ($30 AS BIGINT)),(CAST ($31 AS BIGINT),CAST ($32 AS INT),CAST ($33 AS BIGINT),CAST ($34 AS BIGINT),CAST ($35 AS BIGINT),CAST ($36 AS BIGINT)),(CAST ($37 AS BIGINT),CAST ($38 AS INT),CAST ($39 AS BIGINT),CAST ($40 AS BIGINT),CAST ($41 AS BIGINT),CAST ($42 AS BIGINT)),(CAST ($43 AS BIGINT),CAST ($44 AS INT),CAST ($45 AS BIGINT),CAST ($46 AS BIGINT),CAST ($47 AS BIGINT),CAST ($48 AS BIGINT)),(CAST ($49 AS BIGINT),CAST ($50 AS INT),CAST ($51 AS BIGINT),CAST ($52 AS BIGINT),CAST ($53 AS BIGINT),CAST ($54 AS BIGINT)),(CAST ($55 AS BIGINT),CAST ($56 AS INT),CAST ($57 AS BIGINT),CAST ($58 AS BIGINT),CAST ($59 AS BIGINT),CAST ($60 AS BIGINT)),(CAST ($61 AS BIGINT),CAST ($62 AS INT),CAST ($63 AS BIGINT),CAST ($64 AS BIGINT),CAST ($65 AS BIGINT),CAST ($66 AS BIGINT))) AS C(LIB_FEAT_ID,FTYPE_ID,NUM_RES_ENT_OLD,NUM_RES_ENT_OOM_OLD,NUM_RES_ENT_NEW,NUM_RES_ENT_OOM_NEW) WHERE C.LIB_FEAT_ID=T.LIB_FEAT_ID AND C.NUM_RES_ENT_OLD=T.NUM_RES_ENT AND C.NUM_RES_ENT_OOM_OLD=T.NUM_RES_ENT_OOM",0,0,0,0,0,0,4,1.016589,0.053543,0.834268,0.25414725,0.33503302285623654,2,722,0,0,0,0,0,0,0,0,0,0,0,0,0,0,0,0,0,0,0,0,0,0,0,0,0,0,0,0,2026-08-27 16:03:42.159163+00,2026-08-27 16:03:42.159163+00
16410,16412,t,-828448809410966927,"INSERT INTO RES_REL_EKEY(RES_REL_ID,RES_ENT_ID,REL_ENT_ID) VALUES ($1,$2,$3),($4,$5,$6),($7,$8,$9),($10,$11,$12),($13,$14,$15),($16,$17,$18),($19,$20,$21),($22,$23,$24),($25,$26,$27),($28,$29,$30),($31,$32,$33) ON CONFLICT DO NOTHING",0,0,0,0,0,0,111,420.06171800000016,0.13105699999999998,42.218812,3.7843398018018033,10.059617351318815,1221,9757,0,0,9,0,0,0,0,0,0,0,1.1369500000000003,0,0,0,0,0,0,0,0,0,0,0,0,0,0,0,0,0,2026-08-27 15:52:40.424526+00,2026-08-27 15:52:40.424526+00
16410,16412,t,-3790189356219649695,"SELECT RES_ENT_ID,LIB_FEAT_ID,FTYPE_ID,UTYPE_CODE,SUPPRESSED,OBS_ENT_CNT FROM RES_FEAT_EKEY WHERE RES_ENT_ID IN ($1,$2,$3,$4)",0,0,0,0,0,0,32386,9451.063802000053,0.02848,203.780197,0.2918255975421495,2.049129192981023,6349086,543317,0,0,0,0,0,0,0,0,0,0,0,0,0,0,0,0,0,0,0,0,0,0,0,0,0,0,0,0,2026-08-27 15:50:58.295701+00,2026-08-27 15:50:58.295701+00
10,16384,t,-3592679143522408532,"MOVE ALL IN ""query-cursor_99""",0,0,0,0,0,0,1,1.623442,1.623442,1.623442,1.623442,0,0,0,0,0,0,0,0,0,0,0,0,0,0,0,0,0,0,0,0,0,0,0,0,0,0,0,0,0,0,0,2026-08-27 15:06:15.572495+00,2026-08-27 15:06:15.572495+00
10,16384,t,-7272984866418420687,"FETCH 50 IN ""query-cursor_81""",0,0,0,0,0,0,12,0.039185,0.002695,0.005631,0.0032654166666666665,0.0007543934051423184,600,0,0,0,0,0,0,0,0,0,0,0,0,0,0,0,0,0,0,0,0,0,0,0,0,0,0,0,0,0,2026-08-27 14:48:15.571116+00,2026-08-27 14:48:15.571116+00
10,16384,t,2455765206839463585,"FETCH 0 IN ""query-cursor_234""",0,0,0,0,0,0,1,0.004028,0.004028,0.004028,0.004028,0,0,0,0,0,0,0,0,0,0,0,0,0,0,0,0,0,0,0,0,0,0,0,0,0,0,0,0,0,0,0,2026-08-27 17:31:15.580289+00,2026-08-27 17:31:15.580289+00
10,16384,t,5940034514392747208,"FETCH 0 IN ""query-cursor_137""",0,0,0,0,0,0,1,0.003658,0.003658,0.003658,0.003658,0,0,0,0,0,0,0,0,0,0,0,0,0,0,0,0,0,0,0,0,0,0,0,0,0,0,0,0,0,0,0,2026-08-27 15:44:15.573491+00,2026-08-27 15:44:15.573491+00
10,16384,t,7780073725300781650,"MOVE -345 IN ""query-cursor_33""",0,0,0,0,0,0,1,0.008602,0.008602,0.008602,0.008602,0,0,0,0,0,0,0,0,0,0,0,0,0,0,0,0,0,0,0,0,0,0,0,0,0,0,0,0,0,0,0,2026-08-27 14:00:15.567115+00,2026-08-27 14:00:15.567115+00
10,16384,t,-580798072253699359,"MOVE -2106 IN ""query-cursor_218""",0,0,0,0,0,0,1,0.039519,0.039519,0.039519,0.039519,0,0,0,0,0,0,0,0,0,0,0,0,0,0,0,0,0,0,0,0,0,0,0,0,0,0,0,0,0,0,0,2026-08-27 17:15:15.585756+00,2026-08-27 17:15:15.585756+00
10,16384,t,-5534992460874731357,"MOVE -452 IN ""query-cursor_51""",0,0,0,0,0,0,1,0.010472,0.010472,0.010472,0.010472,0,0,0,0,0,0,0,0,0,0,0,0,0,0,0,0,0,0,0,0,0,0,0,0,0,0,0,0,0,0,0,2026-08-27 14:18:15.568559+00,2026-08-27 14:18:15.568559+00
10,16384,t,-4815805865806046020,"FETCH 0 IN ""query-cursor_178""",0,0,0,0,0,0,1,0.008327,0.008327,0.008327,0.008327,0,0,0,0,0,0,0,0,0,0,0,0,0,0,0,0,0,0,0,0,0,0,0,0,0,0,0,0,0,0,0,2026-08-27 16:35:15.576562+00,2026-08-27 16:35:15.576562+00
10,16384,t,7562162002645807505,"FETCH 50 IN ""query-cursor_48""",0,0,0,0,0,0,8,0.026444,0.002857,0.004791,0.0033055,0.0005867678416546021,400,0,0,0,0,0,0,0,0,0,0,0,0,0,0,0,0,0,0,0,0,0,0,0,0,0,0,0,0,0,2026-08-27 14:15:15.568315+00,2026-08-27 14:15:15.568315+00
10,16384,t,-3845441904912391542,"MOVE ALL IN ""query-cursor_87""",0,0,0,0,0,0,1,1.321919,1.321919,1.321919,1.321919,0,0,0,0,0,0,0,0,0,0,0,0,0,0,0,0,0,0,0,0,0,0,0,0,0,0,0,0,0,0,0,2026-08-27 14:54:15.571433+00,2026-08-27 14:54:15.571433+00
10,16384,t,-8814475116800980108,"MOVE -772 IN ""query-cursor_103""",0,0,0,0,0,0,1,0.015886,0.015886,0.015886,0.015886,0,0,0,0,0,0,0,0,0,0,0,0,0,0,0,0,0,0,0,0,0,0,0,0,0,0,0,0,0,0,0,2026-08-27 15:10:15.572853+00,2026-08-27 15:10:15.572853+00
16410,16412,t,-9182670115368969298,"SELECT RES_ENT_ID,OBS_ENT_ID,ERRULE_ID,MATCH_KEY FROM RES_ENT_OKEY WHERE RES_ENT_ID IN ($1,$2)",0,0,0,0,0,0,2973,117.16645100000014,0.009764,14.670293,0.039410175243861464,0.36708365370659707,9758,27092,0,0,0,0,0,0,0,0,0,0,0,0,0,0,0,0,0,0,0,0,0,0,0,0,0,0,0,0,2026-08-27 15:51:40.304897+00,2026-08-27 15:51:40.304897+00
10,16384,t,8581393646072490367,"FETCH 15 IN ""query-cursor_127""",0,0,0,0,0,0,1,0.001768,0.001768,0.001768,0.001768,0,15,0,0,0,0,0,0,0,0,0,0,0,0,0,0,0,0,0,0,0,0,0,0,0,0,0,0,0,0,0,2026-08-27 15:34:15.577996+00,2026-08-27 15:34:15.577996+00
10,16384,t,-2469566343729334480,"DECLARE ""query-cursor_99"" SCROLL CURSOR FOR select queryid, left(query, $1), calls, (total_plan_time + total_exec_time) as total_time from aurora_stat_statements($2) order by calls desc limit $3 FOR READ ONLY",0,0,0,0,0,0,1,0.062752,0.062752,0.062752,0.062752,0,0,0,0,0,0,0,0,0,0,0,0,0,0,0,0,0,0,0,0,0,0,0,0,0,0,0,0,0,0,0,2026-08-27 15:06:15.57078+00,2026-08-27 15:06:15.57078+00
10,16384,t,-6730936886341506715,"DECLARE ""query-cursor_132"" SCROLL CURSOR FOR select queryid, left(query, $1), calls, (total_plan_time + total_exec_time) as total_time from aurora_stat_statements($2) order by calls desc limit $3 FOR READ ONLY",0,0,0,0,0,0,1,0.057513,0.057513,0.057513,0.057513,0,0,0,0,0,0,0,0,0,0,0,0,0,0,0,0,0,0,0,0,0,0,0,0,0,0,0,0,0,0,0,2026-08-27 15:39:15.573057+00,2026-08-27 15:39:15.573057+00
16410,16412,t,-6586603142530847027,SELECT LIB_FEAT_ID FROM NAME_EMBEDDING WHERE LIB_FEAT_ID IN ($1),0,0,0,0,0,0,377074,6974.498725000037,0.004969,12.581343,0.018496366031601322,0.10672271079027743,377074,1878557,0,0,0,0,0,0,0,0,0,0,0,0,0,0,0,0,0,0,0,0,0,0,0,0,0,0,0,0,2026-08-27 15:50:57.835043+00,2026-08-27 15:50:57.835043+00
10,16384,t,-1546280092303685463,"MOVE -754 IN ""query-cursor_100""",0,0,0,0,0,0,1,0.015843,0.015843,0.015843,0.015843,0,0,0,0,0,0,0,0,0,0,0,0,0,0,0,0,0,0,0,0,0,0,0,0,0,0,0,0,0,0,0,2026-08-27 15:07:15.572755+00,2026-08-27 15:07:15.572755+00
10,16384,t,4189056645894174666,"FETCH 0 IN ""query-cursor_217""",0,0,0,0,0,0,1,0.00408,0.00408,0.00408,0.00408,0,0,0,0,0,0,0,0,0,0,0,0,0,0,0,0,0,0,0,0,0,0,0,0,0,0,0,0,0,0,0,2026-08-27 17:14:15.579367+00,2026-08-27 17:14:15.579367+00
16410,16412,t,2933749994313928233,"INSERT INTO RES_RELATE(RES_REL_ID,MIN_RES_ENT_ID,MAX_RES_ENT_ID,IS_DISCLOSED,IS_AMBIGUOUS,LAST_ERRULE_ID,MATCH_KEY,MATCH_KEY_DETAILS,MATCH_LEVELS) VALUES ($1,$2,$3,$4,$5,$6,$7,$8,$9),($10,$11,$12,$13,$14,$15,$16,$17,$18),($19,$20,$21,$22,$23,$24,$25,$26,$27),($28,$29,$30,$31,$32,$33,$34,$35,$36),($37,$38,$39,$40,$41,$42,$43,$44,$45),($46,$47,$48,$49,$50,$51,$52,$53,$54) ON CONFLICT DO NOTHING",0,0,0,0,0,0,4175,7543.329880000001,0.07420800000000001,106.93576,1.8067856000000002,6.29637952656536,25050,204140,0,0,1187,0,0,0,0,0,0,0,93.58479699999982,0,0,0,0,0,0,0,0,0,0,0,0,0,0,0,0,0,2026-08-27 15:51:00.545197+00,2026-08-27 15:51:00.545197+00
10,16384,t,-4733455336980520785,"FETCH 50 IN ""query-cursor_121""",0,0,0,0,0,0,17,0.06776099999999999,0.002687,0.015526,0.003985941176470588,0.0030022494404066675,850,0,0,0,0,0,0,0,0,0,0,0,0,0,0,0,0,0,0,0,0,0,0,0,0,0,0,0,0,0,2026-08-27 15:28:15.574336+00,2026-08-27 15:28:15.574336+00
10,16384,t,-1389472223507953941,"FETCH 7 IN ""query-cursor_60""",0,0,0,0,0,0,1,0.001639,0.001639,0.001639,0.001639,0,7,0,0,0,0,0,0,0,0,0,0,0,0,0,0,0,0,0,0,0,0,0,0,0,0,0,0,0,0,0,2026-08-27 14:27:15.571224+00,2026-08-27 14:27:15.571224+00
10,16384,t,8716144978546904528,"FETCH 50 IN ""query-cursor_96""",0,0,0,0,0,0,14,0.044618000000000005,0.002688,0.005872,0.003187,0.0008128813830179303,700,0,0,0,0,0,0,0,0,0,0,0,0,0,0,0,0,0,0,0,0,0,0,0,0,0,0,0,0,0,2026-08-27 15:03:15.572449+00,2026-08-27 15:03:15.572449+00
16410,16412,t,-5577608716388921180,"INSERT INTO RES_RELATE(RES_REL_ID,MIN_RES_ENT_ID,MAX_RES_ENT_ID,IS_DISCLOSED,IS_AMBIGUOUS,LAST_ERRULE_ID,MATCH_KEY,MATCH_KEY_DETAILS,MATCH_LEVELS) VALUES ($1,$2,$3,$4,$5,$6,$7,$8,$9),($10,$11,$12,$13,$14,$15,$16,$17,$18),($19,$20,$21,$22,$23,$24,$25,$26,$27) ON CONFLICT DO NOTHING",0,0,0,0,0,0,21233,22907.23258699985,0.038176,199.411531,1.0788504962558212,4.700715998000529,63699,535215,0,0,3371,0,0,0,0,0,0,0,237.21905500000025,0,0,0,0,0,0,0,0,0,0,0,0,0,0,0,0,0,2026-08-27 15:50:49.999825+00,2026-08-27 15:50:49.999825+00
10,16384,t,6727231903305200704,"FETCH 37 IN ""query-cursor_57""",0,0,0,0,0,0,1,0.002827,0.002827,0.002827,0.002827,0,37,0,0,0,0,0,0,0,0,0,0,0,0,0,0,0,0,0,0,0,0,0,0,0,0,0,0,0,0,0,2026-08-27 14:24:15.570909+00,2026-08-27 14:24:15.570909+00
10,16384,t,-8608073327900628397,"FETCH 50 IN ""query-cursor_62""",0,0,0,0,0,0,10,0.041679,0.003152,0.005626,0.0041679,0.0008663240098254229,500,0,0,0,0,0,0,0,0,0,0,0,0,0,0,0,0,0,0,0,0,0,0,0,0,0,0,0,0,0,2026-08-27 14:29:15.569577+00,2026-08-27 14:29:15.569577+00
10,16384,t,6468086679721544591,"FETCH 6 IN ""query-cursor_146""",0,0,0,0,0,0,1,0.002076,0.002076,0.002076,0.002076,0,6,0,0,0,0,0,0,0,0,0,0,0,0,0,0,0,0,0,0,0,0,0,0,0,0,0,0,0,0,0,2026-08-27 15:53:15.58987+00,2026-08-27 15:53:15.58987+00
10,16384,t,-3028090953104853869,"FETCH 50 IN ""query-cursor_227""",0,0,0,0,0,0,43,0.182718,0.00281,0.007184,0.004249255813953488,0.0010360274777047283,2150,0,0,0,0,0,0,0,0,0,0,0,0,0,0,0,0,0,0,0,0,0,0,0,0,0,0,0,0,0,2026-08-27 17:24:15.585892+00,2026-08-27 17:24:15.585892+00
10,16384,t,3981404961637475933,"FETCH 20 IN ""query-cursor_8""",0,0,0,0,0,0,1,0.002726,0.002726,0.002726,0.002726,0,20,0,0,0,0,0,0,0,0,0,0,0,0,0,0,0,0,0,0,0,0,0,0,0,0,0,0,0,0,0,2026-08-27 13:35:15.565587+00,2026-08-27 13:35:15.565587+00
16410,16412,t,5699495790640407332,"SELECT RES_ENT_ID,LIB_FEAT_ID,FTYPE_ID,UTYPE_CODE,SUPPRESSED,OBS_ENT_CNT FROM RES_FEAT_EKEY WHERE RES_ENT_ID IN ($1,$2,$3,$4) AND FTYPE_ID IN ($5,$6,$7,$8,$9,$10,$11,$12,$13,$14,$15,$16,$17,$18,$19,$20,$21,$22,$23,$24,$25,$26,$27,$28,$29,$30,$31,$32,$33,$34,$35,$36,$37,$38,$39,$40,$41,$42,$43,$44,$45,$46,$47,$48,$49,$50,$51,$52,$53,$54,$55,$56,$57,$58,$59,$60,$61,$62,$63,$64,$65,$66)",0,0,0,0,0,0,2,0.579458,0.08299100000000001,0.496467,0.289729,0.20673799999999998,301,35,0,0,0,0,0,0,0,0,0,0,0,0,0,0,0,0,0,0,0,0,0,0,0,0,0,0,0,0,2026-08-27 16:01:56.397645+00,2026-08-27 16:01:56.397645+00
16410,16412,t,-7414202432971323178,DELETE FROM RES_FEAT_EKEY WHERE ((RES_ENT_ID=$1 AND LIB_FEAT_ID=$2 AND UTYPE_CODE=$3)OR(RES_ENT_ID=$4 AND LIB_FEAT_ID=$5 AND UTYPE_CODE=$6)OR(RES_ENT_ID=$7 AND LIB_FEAT_ID=$8 AND UTYPE_CODE=$9)OR(RES_ENT_ID=$10 AND LIB_FEAT_ID=$11 AND UTYPE_CODE=$12)OR(RES_ENT_ID=$13 AND LIB_FEAT_ID=$14 AND UTYPE_CODE=$15)OR(RES_ENT_ID=$16 AND LIB_FEAT_ID=$17 AND UTYPE_CODE=$18)OR(RES_ENT_ID=$19 AND LIB_FEAT_ID=$20 AND UTYPE_CODE=$21)OR(RES_ENT_ID=$22 AND LIB_FEAT_ID=$23 AND UTYPE_CODE=$24)OR(RES_ENT_ID=$25 AND LIB_FEAT_ID=$26 AND UTYPE_CODE=$27)OR(RES_ENT_ID=$28 AND LIB_FEAT_ID=$29 AND UTYPE_CODE=$30)OR(RES_ENT_ID=$31 AND LIB_FEAT_ID=$32 AND UTYPE_CODE=$33)OR(RES_ENT_ID=$34 AND LIB_FEAT_ID=$35 AND UTYPE_CODE=$36)OR(RES_ENT_ID=$37 AND LIB_FEAT_ID=$38 AND UTYPE_CODE=$39)OR(RES_ENT_ID=$40 AND LIB_FEAT_ID=$41 AND UTYPE_CODE=$42)OR(RES_ENT_ID=$43 AND LIB_FEAT_ID=$44 AND UTYPE_CODE=$45)),0,0,0,0,0,0,750,1072.1351069999996,0.045771,50.47032,1.4295134759999995,5.443031561494557,11145,57021,0,0,0,0,0,0,0,0,0,0,0,0,0,0,0,0,0,0,0,0,0,0,0,0,0,0,0,0,2026-08-27 15:51:34.991233+00,2026-08-27 15:51:34.991233+00
10,16384,t,2212093126975707074,"MOVE ALL IN ""query-cursor_131""",0,0,0,0,0,0,1,1.973357,1.973357,1.973357,1.973357,0,0,0,0,0,0,0,0,0,0,0,0,0,0,0,0,0,0,0,0,0,0,0,0,0,0,0,0,0,0,0,2026-08-27 15:38:15.57512+00,2026-08-27 15:38:15.57512+00
10,16384,t,4789726578917302702,"FETCH 49 IN ""query-cursor_91""",0,0,0,0,0,0,1,0.003235,0.003235,0.003235,0.003235,0,49,0,0,0,0,0,0,0,0,0,0,0,0,0,0,0,0,0,0,0,0,0,0,0,0,0,0,0,0,0,2026-08-27 14:58:15.574363+00,2026-08-27 14:58:15.574363+00
16410,16412,t,-5887097287826383272,"SELECT RES_ENT_ID,LIB_FEAT_ID,FTYPE_ID,UTYPE_CODE,SUPPRESSED,OBS_ENT_CNT FROM RES_FEAT_EKEY WHERE RES_ENT_ID IN ($1,$2,$3,$4,$5,$6,$7,$8,$9,$10,$11,$12,$13,$14,$15,$16,$17,$18,$19,$20,$21,$22,$23,$24,$25,$26,$27,$28,$29,$30,$31,$32,$33,$34,$35,$36,$37,$38,$39,$40,$41,$42,$43,$44,$45,$46,$47,$48,$49,$50,$51,$52,$53,$54,$55,$56,$57,$58,$59,$60,$61,$62,$63,$64) AND FTYPE_ID IN ($65,$66,$67,$68,$69,$70,$71,$72,$73,$74,$75,$76,$77,$78,$79,$80,$81,$82,$83,$84,$85,$86)",0,0,0,0,0,0,184,20592.921982999986,2.51817,604.952946,111.91805425543471,120.9066421127174,10339116,156670,0,0,0,0,0,0,0,0,0,0,0,0,0,0,0,0,0,0,0,0,0,0,0,0,0,0,0,0,2026-08-27 15:51:03.133142+00,2026-08-27 15:51:03.133142+00
10,16384,t,1361531627324811336,"MOVE ALL IN ""query-cursor_155""",0,0,0,0,0,0,1,9.148539,9.148539,9.148539,9.148539,0,0,0,0,0,0,0,0,0,0,0,0,0,0,0,0,0,0,0,0,0,0,0,0,0,0,0,0,0,0,0,2026-08-27 16:03:15.619252+00,2026-08-27 16:03:15.619252+00
16410,16412,t,2217019257567348291,"UPDATE RES_RELATE AS T SET IS_DISCLOSED=C.IS_DISCLOSED,IS_AMBIGUOUS=C.IS_AMBIGUOUS,LAST_ERRULE_ID=C.LAST_ERRULE_ID,MATCH_KEY=C.MATCH_KEY,MATCH_KEY_DETAILS=C.MATCH_KEY_DETAILS,MATCH_LEVELS=C.MATCH_LEVELS FROM (VALUES (CAST ($1 AS BIGINT),CAST ($2 AS BIGINT),CAST ($3 AS BIGINT),CAST ($4 AS BIGINT),$5,$6,$7),(CAST ($8 AS BIGINT),CAST ($9 AS BIGINT),CAST ($10 AS BIGINT),CAST ($11 AS BIGINT),$12,$13,$14)) AS C(RES_REL_ID,IS_DISCLOSED,IS_AMBIGUOUS,LAST_ERRULE_ID,MATCH_KEY,MATCH_KEY_DETAILS,MATCH_LEVELS) WHERE C.RES_REL_ID=T.RES_REL_ID",0,0,0,0,0,0,9827,4385.0966069999895,0.020584,49.458105,0.4462294298361646,2.120063953914259,19646,221326,0,0,1473,0,0,0,0,0,0,0,116.0591630000001,0,0,0,0,0,0,0,0,0,0,0,0,0,0,0,0,0,2026-08-27 15:51:01.917817+00,2026-08-27 15:51:01.917817+00
10,16412,t,588360189971772035,"SELECT current_catalog, COUNT(*) FROM pg_catalog.pg_extension WHERE extname = $1",0,0,0,0,0,0,1,0.010499000000000001,0.010499000000000001,0.010499000000000001,0.010499000000000001,0,1,1,0,0,0,0,0,0,0,0,0,0,0,0,0,0,0,0,0,0,0,0,0,0,0,0,0,0,0,0,2026-08-27 13:45:00.536636+00,2026-08-27 13:45:00.536636+00
10,16384,t,-3862561889913271771,"FETCH 25 IN ""query-cursor_55""",0,0,0,0,0,0,1,0.002967,0.002967,0.002967,0.002967,0,25,0,0,0,0,0,0,0,0,0,0,0,0,0,0,0,0,0,0,0,0,0,0,0,0,0,0,0,0,0,2026-08-27 14:22:15.570748+00,2026-08-27 14:22:15.570748+00
10,16384,t,-6696959189948193354,"FETCH 50 IN ""query-cursor_117""",0,0,0,0,0,0,17,0.05368200000000001,0.002743,0.005937,0.0031577647058823534,0.0007239482049568237,850,0,0,0,0,0,0,0,0,0,0,0,0,0,0,0,0,0,0,0,0,0,0,0,0,0,0,0,0,0,2026-08-27 15:24:15.574073+00,2026-08-27 15:24:15.574073+00
16410,16412,t,-6794505300453589034,"SELECT LIB_FEAT_ID FROM SEMANTIC_VALUE WHERE LIB_FEAT_ID IN ($1,$2,$3,$4)",0,0,0,0,0,0,304,8.660130999999998,0.017187,0.066388,0.028487273026315783,0.00795117106492786,1015,4062,0,0,0,0,0,0,0,0,0,0,0,0,0,0,0,0,0,0,0,0,0,0,0,0,0,0,0,0,2026-08-27 15:55:50.400614+00,2026-08-27 15:55:50.400614+00
16410,16412,t,7732182433812311218,"INSERT INTO RES_RELATE(RES_REL_ID,MIN_RES_ENT_ID,MAX_RES_ENT_ID,IS_DISCLOSED,IS_AMBIGUOUS,LAST_ERRULE_ID,MATCH_KEY,MATCH_KEY_DETAILS,MATCH_LEVELS) VALUES ($1,$2,$3,$4,$5,$6,$7,$8,$9),($10,$11,$12,$13,$14,$15,$16,$17,$18),($19,$20,$21,$22,$23,$24,$25,$26,$27),($28,$29,$30,$31,$32,$33,$34,$35,$36),($37,$38,$39,$40,$41,$42,$43,$44,$45),($46,$47,$48,$49,$50,$51,$52,$53,$54),($55,$56,$57,$58,$59,$60,$61,$62,$63),($64,$65,$66,$67,$68,$69,$70,$71,$72),($73,$74,$75,$76,$77,$78,$79,$80,$81) ON CONFLICT DO NOTHING",0,0,0,0,0,0,2415,6148.213591000008,0.100207,132.56959600000002,2.545844137060045,8.926737687743804,21735,178853,0,0,913,0,0,0,0,0,0,0,43.33470100000007,0,0,0,0,0,0,0,0,0,0,0,0,0,0,0,0,0,2026-08-27 15:51:06.728189+00,2026-08-27 15:51:06.728189+00
16410,16412,t,3504793455589934617,"INSERT INTO RES_FEAT_STAT(LIB_FEAT_ID,FTYPE_ID,NUM_RES_ENT,NUM_RES_ENT_OOM) VALUES ($1,$2,$3,$4),($5,$6,$7,$8),($9,$10,$11,$12),($13,$14,$15,$16),($17,$18,$19,$20),($21,$22,$23,$24),($25,$26,$27,$28),($29,$30,$31,$32),($33,$34,$35,$36),($37,$38,$39,$40),($41,$42,$43,$44),($45,$46,$47,$48),($49,$50,$51,$52),($53,$54,$55,$56),($57,$58,$59,$60),($61,$62,$63,$64),($65,$66,$67,$68),($69,$70,$71,$72),($73,$74,$75,$76),($77,$78,$79,$80),($81,$82,$83,$84),($85,$86,$87,$88),($89,$90,$91,$92) ON CONFLICT DO NOTHING",0,0,0,0,0,0,13316,68512.07706799984,0.201744,745.3067580000001,5.145094402823658,20.805198673017635,306156,2490017,0,0,3698,0,0,0,0,0,0,0,123.200802,0,0,0,0,0,0,0,0,0,0,0,0,0,0,0,0,0,2026-08-27 15:50:46.983186+00,2026-08-27 15:50:46.983186+00
10,16384,t,-5670584828567706829,"MOVE -1986 IN ""query-cursor_198""",0,0,0,0,0,0,1,0.036706,0.036706,0.036706,0.036706,0,0,0,0,0,0,0,0,0,0,0,0,0,0,0,0,0,0,0,0,0,0,0,0,0,0,0,0,0,0,0,2026-08-27 16:55:15.582983+00,2026-08-27 16:55:15.582983+00
10,16384,t,-5893136484037934877,"MOVE ALL IN ""query-cursor_42""",0,0,0,0,0,0,1,0.876787,0.876787,0.876787,0.876787,0,0,0,0,0,0,0,0,0,0,0,0,0,0,0,0,0,0,0,0,0,0,0,0,0,0,0,0,0,0,0,2026-08-27 14:09:15.567865+00,2026-08-27 14:09:15.567865+00
16410,16412,t,2122564699452596603,"SELECT RES_ENT_ID,LIB_FEAT_ID,FTYPE_ID,UTYPE_CODE,SUPPRESSED,OBS_ENT_CNT FROM RES_FEAT_EKEY WHERE RES_ENT_ID IN ($1,$2,$3,$4,$5,$6,$7,$8,$9,$10,$11,$12,$13,$14,$15,$16,$17,$18,$19,$20,$21,$22,$23,$24,$25,$26,$27,$28,$29,$30,$31,$32,$33,$34,$35,$36,$37,$38,$39,$40,$41,$42,$43,$44,$45,$46,$47,$48,$49,$50,$51,$52,$53,$54,$55,$56,$57,$58,$59,$60,$61,$62,$63,$64,$65,$66,$67,$68,$69,$70,$71,$72,$73,$74) AND FTYPE_ID IN ($75,$76,$77,$78,$79,$80,$81,$82,$83,$84,$85,$86,$87,$88,$89,$90,$91,$92,$93,$94,$95,$96,$97,$98,$99,$100)",0,0,0,0,0,0,24,5510.28457,24.556218,646.9357650000001,229.59519041666667,153.25241637889434,2978086,42432,0,0,0,0,0,0,0,0,0,0,0,0,0,0,0,0,0,0,0,0,0,0,0,0,0,0,0,0,2026-08-27 15:54:51.207741+00,2026-08-27 15:54:51.207741+00
10,16384,t,-1206501897971190434,"DECLARE ""query-cursor_46"" SCROLL CURSOR FOR select queryid, left(query, $1), calls, (total_plan_time + total_exec_time) as total_time from aurora_stat_statements($2) order by calls desc limit $3 FOR READ ONLY",0,0,0,0,0,0,1,0.071569,0.071569,0.071569,0.071569,0,0,0,0,0,0,0,0,0,0,0,0,0,0,0,0,0,0,0,0,0,0,0,0,0,0,0,0,0,0,0,2026-08-27 14:13:15.567246+00,2026-08-27 14:13:15.567246+00
10,16384,t,-5792513239814841351,"MOVE ALL IN ""query-cursor_80""",0,0,0,0,0,0,1,1.36231,1.36231,1.36231,1.36231,0,0,0,0,0,0,0,0,0,0,0,0,0,0,0,0,0,0,0,0,0,0,0,0,0,0,0,0,0,0,0,2026-08-27 14:47:15.570928+00,2026-08-27 14:47:15.570928+00
10,16384,t,5052953168878500304,"MOVE -2070 IN ""query-cursor_212""",0,0,0,0,0,0,1,0.038432,0.038432,0.038432,0.038432,0,0,0,0,0,0,0,0,0,0,0,0,0,0,0,0,0,0,0,0,0,0,0,0,0,0,0,0,0,0,0,2026-08-27 17:09:15.584654+00,2026-08-27 17:09:15.584654+00
10,16384,t,8726510889575742482,"MOVE -996 IN ""query-cursor_140""",0,0,0,0,0,0,1,0.019169,0.019169,0.019169,0.019169,0,0,0,0,0,0,0,0,0,0,0,0,0,0,0,0,0,0,0,0,0,0,0,0,0,0,0,0,0,0,0,2026-08-27 15:47:15.57603+00,2026-08-27 15:47:15.57603+00
10,16384,t,5533001023511030984,"FETCH 0 IN ""query-cursor_213""",0,0,0,0,0,0,1,0.004104,0.004104,0.004104,0.004104,0,0,0,0,0,0,0,0,0,0,0,0,0,0,0,0,0,0,0,0,0,0,0,0,0,0,0,0,0,0,0,2026-08-27 17:10:15.579071+00,2026-08-27 17:10:15.579071+00
10,16384,t,1568406048377412321,"MOVE -1843 IN ""query-cursor_174""",0,0,0,0,0,0,1,0.036841,0.036841,0.036841,0.036841,0,0,0,0,0,0,0,0,0,0,0,0,0,0,0,0,0,0,0,0,0,0,0,0,0,0,0,0,0,0,0,2026-08-27 16:31:15.581651+00,2026-08-27 16:31:15.581651+00
16410,16412,t,-5052254388800945516,DELETE FROM RES_FEAT_EKEY WHERE ((RES_ENT_ID=$1 AND LIB_FEAT_ID=$2 AND UTYPE_CODE=$3)OR(RES_ENT_ID=$4 AND LIB_FEAT_ID=$5 AND UTYPE_CODE=$6)OR(RES_ENT_ID=$7 AND LIB_FEAT_ID=$8 AND UTYPE_CODE=$9)OR(RES_ENT_ID=$10 AND LIB_FEAT_ID=$11 AND UTYPE_CODE=$12)OR(RES_ENT_ID=$13 AND LIB_FEAT_ID=$14 AND UTYPE_CODE=$15)OR(RES_ENT_ID=$16 AND LIB_FEAT_ID=$17 AND UTYPE_CODE=$18)OR(RES_ENT_ID=$19 AND LIB_FEAT_ID=$20 AND UTYPE_CODE=$21)OR(RES_ENT_ID=$22 AND LIB_FEAT_ID=$23 AND UTYPE_CODE=$24)OR(RES_ENT_ID=$25 AND LIB_FEAT_ID=$26 AND UTYPE_CODE=$27)OR(RES_ENT_ID=$28 AND LIB_FEAT_ID=$29 AND UTYPE_CODE=$30)OR(RES_ENT_ID=$31 AND LIB_FEAT_ID=$32 AND UTYPE_CODE=$33)OR(RES_ENT_ID=$34 AND LIB_FEAT_ID=$35 AND UTYPE_CODE=$36)OR(RES_ENT_ID=$37 AND LIB_FEAT_ID=$38 AND UTYPE_CODE=$39)OR(RES_ENT_ID=$40 AND LIB_FEAT_ID=$41 AND UTYPE_CODE=$42)OR(RES_ENT_ID=$43 AND LIB_FEAT_ID=$44 AND UTYPE_CODE=$45)OR(RES_ENT_ID=$46 AND LIB_FEAT_ID=$47 AND UTYPE_CODE=$48)OR(RES_ENT_ID=$49 AND LIB_FEAT_ID=$50 AND UTYPE_CODE=$51)OR(RES_ENT_ID=$52 AND LIB_FEAT_ID=$53 AND UTYPE_CODE=$54)OR(RES_ENT_ID=$55 AND LIB_FEAT_ID=$56 AND UTYPE_CODE=$57)OR(RES_ENT_ID=$58 AND LIB_FEAT_ID=$59 AND UTYPE_CODE=$60)OR(RES_ENT_ID=$61 AND LIB_FEAT_ID=$62 AND UTYPE_CODE=$63)OR(RES_ENT_ID=$64 AND LIB_FEAT_ID=$65 AND UTYPE_CODE=$66)OR(RES_ENT_ID=$67 AND LIB_FEAT_ID=$68 AND UTYPE_CODE=$69)OR(RES_ENT_ID=$70 AND LIB_FEAT_ID=$71 AND UTYPE_CODE=$72)),0,0,0,0,0,0,238,322.1823219999998,0.056147,46.7209,1.3537072352941166,5.343093643379732,5586,28787,0,0,0,0,0,0,0,0,0,0,0,0,0,0,0,0,0,0,0,0,0,0,0,0,0,0,0,0,2026-08-27 15:51:26.367904+00,2026-08-27 15:51:26.367904+00
10,16384,t,1324923283138060271,"MOVE -1879 IN ""query-cursor_180""",0,0,0,0,0,0,1,0.035622,0.035622,0.035622,0.035622,0,0,0,0,0,0,0,0,0,0,0,0,0,0,0,0,0,0,0,0,0,0,0,0,0,0,0,0,0,0,0,2026-08-27 16:37:15.582036+00,2026-08-27 16:37:15.582036+00
10,16384,t,2686958190643597861,"MOVE ALL IN ""query-cursor_72""",0,0,0,0,0,0,1,1.230742,1.230742,1.230742,1.230742,0,0,0,0,0,0,0,0,0,0,0,0,0,0,0,0,0,0,0,0,0,0,0,0,0,0,0,0,0,0,0,2026-08-27 14:39:15.570227+00,2026-08-27 14:39:15.570227+00
10,16384,t,5649232039889004423,"MOVE -2046 IN ""query-cursor_208""",0,0,0,0,0,0,1,0.038183,0.038183,0.038183,0.038183,0,0,0,0,0,0,0,0,0,0,0,0,0,0,0,0,0,0,0,0,0,0,0,0,0,0,0,0,0,0,0,2026-08-27 17:05:15.584302+00,2026-08-27 17:05:15.584302+00
16410,16412,t,-8632137905016521464,"UPDATE RES_ENT SET LOCKING_ID=LOCKING_ID+$3,LOCK_DSRC_ACTION=$1 WHERE RES_ENT_ID IN ($2)",0,0,0,0,0,0,1278976,264786.8230370029,0.011462,24169.762081999997,0.20703032976146768,21.84035154608992,1278976,8142159,0,0,6132,0,0,0,0,0,0,0,77.59957499999994,0,0,0,0,0,0,0,0,0,0,0,0,0,0,0,0,0,2026-08-27 15:50:46.884285+00,2026-08-27 15:50:46.884285+00
10,16384,t,8761997276605199152,"FETCH 50 IN ""query-cursor_76""",0,0,0,0,0,0,12,0.041297999999999994,0.002775,0.005456,0.0034414999999999997,0.0007734752204606598,600,0,0,0,0,0,0,0,0,0,0,0,0,0,0,0,0,0,0,0,0,0,0,0,0,0,0,0,0,0,2026-08-27 14:43:15.570695+00,2026-08-27 14:43:15.570695+00
10,16384,t,-4205950134213807602,"MOVE ALL IN ""query-cursor_34""",0,0,0,0,0,0,1,0.830102,0.830102,0.830102,0.830102,0,0,0,0,0,0,0,0,0,0,0,0,0,0,0,0,0,0,0,0,0,0,0,0,0,0,0,0,0,0,0,2026-08-27 14:01:15.567249+00,2026-08-27 14:01:15.567249+00
16410,16412,t,114473936324666226,SELECT perf.snapshot($1),0,0,0,0,0,0,2,58.101614,14.679007,43.422607,29.050807,14.371799999999999,2,3482,19,0,31,0,0,0,0,0,0,34.366626,0.067662,0,0,0,0,0,0,0,0,0,0,0,0,0,0,0,0,0,2026-08-27 15:46:04.906859+00,2026-08-27 15:46:04.906859+00
16410,16412,t,-7163447121512111627,"SELECT RES_ENT_ID,LIB_FEAT_ID,FTYPE_ID,UTYPE_CODE,SUPPRESSED,OBS_ENT_CNT FROM RES_FEAT_EKEY WHERE RES_ENT_ID IN ($1,$2) AND FTYPE_ID IN ($3,$4,$5,$6,$7,$8,$9,$10,$11)",0,0,0,0,0,0,10617,1573.117682000001,0.029894,43.79239,0.14816969784308195,1.0362138217631365,346990,93748,0,0,0,0,0,0,0,0,0,0,0,0,0,0,0,0,0,0,0,0,0,0,0,0,0,0,0,0,2026-08-27 15:50:51.016687+00,2026-08-27 15:50:51.016687+00
10,16384,t,3623028413928263540,"MOVE ALL IN ""query-cursor_161""",0,0,0,0,0,0,1,4.889772,4.889772,4.889772,4.889772,0,0,0,0,0,0,0,0,0,0,0,0,0,0,0,0,0,0,0,0,0,0,0,0,0,0,0,0,0,0,0,2026-08-27 16:14:15.580476+00,2026-08-27 16:14:15.580476+00
10,16384,t,5439939030002434532,"FETCH 11 IN ""query-cursor_93""",0,0,0,0,0,0,1,0.001658,0.001658,0.001658,0.001658,0,11,0,0,0,0,0,0,0,0,0,0,0,0,0,0,0,0,0,0,0,0,0,0,0,0,0,0,0,0,0,2026-08-27 15:00:15.574733+00,2026-08-27 15:00:15.574733+00
10,16384,t,-3868487740020039047,"FETCH 50 IN ""query-cursor_20""",0,0,0,0,0,0,5,0.018548000000000002,0.003129,0.005437,0.0037096000000000004,0.0008729507660801954,250,0,0,0,0,0,0,0,0,0,0,0,0,0,0,0,0,0,0,0,0,0,0,0,0,0,0,0,0,0,2026-08-27 13:47:15.566108+00,2026-08-27 13:47:15.566108+00
10,16384,t,-3793607430723964735,"FETCH 50 IN ""query-cursor_108""",0,0,0,0,0,0,16,0.059582,0.002613,0.006433,0.003723875,0.0010266890884659291,800,0,0,0,0,0,0,0,0,0,0,0,0,0,0,0,0,0,0,0,0,0,0,0,0,0,0,0,0,0,2026-08-27 15:15:15.573263+00,2026-08-27 15:15:15.573263+00
10,16384,t,-5575549214117457175,"select queryid, calls, (total_plan_time + total_exec_time) as total_time, rows, shared_blks_hit, shared_blks_dirtied, shared_blks_read, shared_blks_written, local_blks_hit, local_blks_dirtied, local_blks_read, local_blks_written, temp_blks_read, temp_blks_written, storage_blks_read, orcache_blks_hit, shared_blk_read_time as blk_read_time, shared_blk_write_time as blk_write_time, storage_blk_read_time, local_blk_read_time, orcache_blk_read_time, total_plan_time, total_exec_time from aurora_stat_statements($1) where queryid in ($2, $3, $4, $5, $6, $7, $8, $9, $10, $11, $12, $13, $14, $15, $16, $17, $18, $19, $20, $21, $22, $23, $24, $25, $26, $27, $28, $29, $30, $31, $32, $33, $34, $35, $36, $37, $38, $39, $40, $41, $42, $43, $44, $45, $46, $47, $48, $49, $50, $51, $52, $53, $54, $55, $56, $57, $58, $59, $60, $61, $62, $63, $64, $65, $66, $67, $68, $69, $70, $71)",0,0,0,0,0,0,1,1.899368,1.899368,1.899368,1.899368,0,73,0,0,0,0,0,0,0,0,0,0,0,0,0,0,0,0,0,0,0,0,0,0,0,0,0,0,0,0,0,2026-08-27 15:54:25.578589+00,2026-08-27 15:54:25.578589+00
10,16384,t,1795062516392539995,"FETCH 50 IN ""query-cursor_166""",0,0,0,0,0,0,35,0.13390000000000002,0.002882,0.006289,0.0038257142857142865,0.0008807981630780306,1750,0,0,0,0,0,0,0,0,0,0,0,0,0,0,0,0,0,0,0,0,0,0,0,0,0,0,0,0,0,2026-08-27 16:23:15.581276+00,2026-08-27 16:23:15.581276+00
10,16384,t,8546799657899073187,"DECLARE ""query-cursor_29"" SCROLL CURSOR FOR select queryid, left(query, $1), calls, (total_plan_time + total_exec_time) as total_time from aurora_stat_statements($2) order by calls desc limit $3 FOR READ ONLY",0,0,0,0,0,0,1,0.063144,0.063144,0.063144,0.063144,0,0,0,0,0,0,0,0,0,0,0,0,0,0,0,0,0,0,0,0,0,0,0,0,0,0,0,0,0,0,0,2026-08-27 13:56:15.56595+00,2026-08-27 13:56:15.56595+00
10,16384,t,6854607901369999766,"FETCH 50 IN ""query-cursor_243""",0,0,0,0,0,0,45,0.167444,0.002826,0.006529,0.003720977777777778,0.001011836910198232,2250,0,0,0,0,0,0,0,0,0,0,0,0,0,0,0,0,0,0,0,0,0,0,0,0,0,0,0,0,0,2026-08-27 17:40:15.587383+00,2026-08-27 17:40:15.587383+00
10,16384,t,6782840007384470070,"MOVE -398 IN ""query-cursor_42""",0,0,0,0,0,0,1,0.010241,0.010241,0.010241,0.010241,0,0,0,0,0,0,0,0,0,0,0,0,0,0,0,0,0,0,0,0,0,0,0,0,0,0,0,0,0,0,0,2026-08-27 14:09:15.567942+00,2026-08-27 14:09:15.567942+00
10,16384,t,2787260124305215276,"FETCH 50 IN ""query-cursor_12""",0,0,0,0,0,0,3,0.011004,0.003059,0.004507,0.003668,0.0006131073859175623,150,0,0,0,0,0,0,0,0,0,0,0,0,0,0,0,0,0,0,0,0,0,0,0,0,0,0,0,0,0,2026-08-27 13:39:15.565273+00,2026-08-27 13:39:15.565273+00
10,16384,t,-8054075039386323531,"FETCH 26 IN ""query-cursor_62""",0,0,0,0,0,0,1,0.002925,0.002925,0.002925,0.002925,0,26,0,0,0,0,0,0,0,0,0,0,0,0,0,0,0,0,0,0,0,0,0,0,0,0,0,0,0,0,0,2026-08-27 14:29:15.571468+00,2026-08-27 14:29:15.571468+00
10,16384,t,-871532905407952865,"FETCH 5 IN ""query-cursor_35""",0,0,0,0,0,0,1,0.001432,0.001432,0.001432,0.001432,0,5,0,0,0,0,0,0,0,0,0,0,0,0,0,0,0,0,0,0,0,0,0,0,0,0,0,0,0,0,0,2026-08-27 14:02:15.568745+00,2026-08-27 14:02:15.568745+00
10,16384,t,-1710024465713505440,"FETCH 33 IN ""query-cursor_105""",0,0,0,0,0,0,1,0.002425,0.002425,0.002425,0.002425,0,33,0,0,0,0,0,0,0,0,0,0,0,0,0,0,0,0,0,0,0,0,0,0,0,0,0,0,0,0,0,2026-08-27 15:12:15.575939+00,2026-08-27 15:12:15.575939+00
10,16384,t,4972124954580637849,"MOVE -928 IN ""query-cursor_129""",0,0,0,0,0,0,1,0.018492,0.018492,0.018492,0.018492,0,0,0,0,0,0,0,0,0,0,0,0,0,0,0,0,0,0,0,0,0,0,0,0,0,0,0,0,0,0,0,2026-08-27 15:36:15.575121+00,2026-08-27 15:36:15.575121+00
16410,16412,t,-6143342563555317502,"SELECT RES_ENT_ID,LIB_FEAT_ID,FTYPE_ID,UTYPE_CODE,SUPPRESSED,OBS_ENT_CNT FROM RES_FEAT_EKEY WHERE RES_ENT_ID IN ($1) AND FTYPE_ID IN ($2,$3,$4,$5,$6,$7,$8,$9,$10,$11,$12,$13,$14,$15,$16,$17,$18,$19,$20,$21,$22,$23,$24,$25,$26,$27,$28,$29,$30,$31,$32,$33,$34,$35,$36,$37,$38,$39,$40,$41,$42,$43,$44,$45,$46,$47,$48,$49,$50,$51,$52,$53,$54,$55,$56,$57,$58,$59,$60,$61,$62,$63)",0,0,0,0,0,0,1902,291.3440290000002,0.006077,33.472185,0.1531777229232388,1.211849794014297,14702,14053,0,0,0,0,0,0,0,0,0,0,0,0,0,0,0,0,0,0,0,0,0,0,0,0,0,0,0,0,2026-08-27 15:50:59.969454+00,2026-08-27 15:50:59.969454+00
16410,16412,t,4168663614536664549,"UPDATE RES_FEAT_EKEY AS T SET SUPPRESSED=C.SUPPRESSED,OBS_ENT_CNT=C.OBS_ENT_CNT FROM (VALUES (CAST ($1 AS BIGINT),CAST ($2 AS BIGINT),$3,$4,CAST ($5 AS BIGINT)),(CAST ($6 AS BIGINT),CAST ($7 AS BIGINT),$8,$9,CAST ($10 AS BIGINT)),(CAST ($11 AS BIGINT),CAST ($12 AS BIGINT),$13,$14,CAST ($15 AS BIGINT)),(CAST ($16 AS BIGINT),CAST ($17 AS BIGINT),$18,$19,CAST ($20 AS BIGINT)),(CAST ($21 AS BIGINT),CAST ($22 AS BIGINT),$23,$24,CAST ($25 AS BIGINT))) AS C(RES_ENT_ID,LIB_FEAT_ID,UTYPE_CODE,SUPPRESSED,OBS_ENT_CNT) WHERE C.RES_ENT_ID=T.RES_ENT_ID AND C.LIB_FEAT_ID=T.LIB_FEAT_ID AND C.UTYPE_CODE=T.UTYPE_CODE",0,0,0,0,0,0,883,1332.8521139999993,0.049068,47.433995,1.5094587927519811,5.013300393179692,4415,57728,0,0,6,0,0,0,0,0,0,0,0.037383,0,0,0,0,0,0,0,0,0,0,0,0,0,0,0,0,0,2026-08-27 15:51:40.817808+00,2026-08-27 15:51:40.817808+00
16410,16412,t,-6553797966663625127,"CREATE UNIQUE INDEX IX_EVAL_QUEUE ON SYS_EVAL_QUEUE(ENT_SRC_KEY, DSRC_CODE)",0,0,0,0,0,0,1,2.522665,2.522665,2.522665,2.522665,0,0,114,0,0,0,0,0,0,0,0,0,0,0,0,0,0,0,0,0,0,0,0,0,0,0,0,0,0,0,0,2026-08-27 13:29:50.119944+00,2026-08-27 13:29:50.119944+00
10,16384,t,2103733769408878190,SELECT $1,0,0,0,0,0,0,7610,11.482631999999958,0.0007080000000000001,0.024719,0.0015088872536136607,0.0010945943051828434,7610,0,0,0,0,0,0,0,0,0,0,0,0,0,0,0,0,0,0,0,0,0,0,0,0,0,0,0,0,0,2026-08-27 13:27:26.655886+00,2026-08-27 13:27:26.655886+00
10,16384,t,7942787293483838252,"MOVE -213 IN ""query-cursor_14""",0,0,0,0,0,0,1,0.006078,0.006078,0.006078,0.006078,0,0,0,0,0,0,0,0,0,0,0,0,0,0,0,0,0,0,0,0,0,0,0,0,0,0,0,0,0,0,0,2026-08-27 13:41:15.565422+00,2026-08-27 13:41:15.565422+00
10,16384,t,6959886750011607304,"MOVE -1557 IN ""query-cursor_146""",0,0,0,0,0,0,1,0.039155,0.039155,0.039155,0.039155,0,0,0,0,0,0,0,0,0,0,0,0,0,0,0,0,0,0,0,0,0,0,0,0,0,0,0,0,0,0,0,2026-08-27 15:53:15.579487+00,2026-08-27 15:53:15.579487+00
10,16384,t,1595088558752671585,"DECLARE ""query-cursor_221"" SCROLL CURSOR FOR select queryid, left(query, $1), calls, (total_plan_time + total_exec_time) as total_time from aurora_stat_statements($2) order by calls desc limit $3 FOR READ ONLY",0,0,0,0,0,0,1,0.063586,0.063586,0.063586,0.063586,0,0,0,0,0,0,0,0,0,0,0,0,0,0,0,0,0,0,0,0,0,0,0,0,0,0,0,0,0,0,0,2026-08-27 17:18:15.579379+00,2026-08-27 17:18:15.579379+00
10,16384,t,3941602882670396634,"DECLARE ""query-cursor_192"" SCROLL CURSOR FOR select queryid, left(query, $1), calls, (total_plan_time + total_exec_time) as total_time from aurora_stat_statements($2) order by calls desc limit $3 FOR READ ONLY",0,0,0,0,0,0,1,0.060853,0.060853,0.060853,0.060853,0,0,0,0,0,0,0,0,0,0,0,0,0,0,0,0,0,0,0,0,0,0,0,0,0,0,0,0,0,0,0,2026-08-27 16:49:15.577499+00,2026-08-27 16:49:15.577499+00
10,16384,t,4753545376043275111,"FETCH 50 IN ""query-cursor_189""",0,0,0,0,0,0,38,0.15066000000000004,0.002818,0.006975,0.003964736842105264,0.0010051903900364382,1900,0,0,0,0,0,0,0,0,0,0,0,0,0,0,0,0,0,0,0,0,0,0,0,0,0,0,0,0,0,2026-08-27 16:46:15.582243+00,2026-08-27 16:46:15.582243+00
10,16384,t,228325950992945899,"MOVE -670 IN ""query-cursor_86""",0,0,0,0,0,0,1,0.013792,0.013792,0.013792,0.013792,0,0,0,0,0,0,0,0,0,0,0,0,0,0,0,0,0,0,0,0,0,0,0,0,0,0,0,0,0,0,0,2026-08-27 14:53:15.571604+00,2026-08-27 14:53:15.571604+00
10,16384,t,-7032626330395637981,show shared_volume_mode,0,0,0,0,0,0,1,0.007212,0.007212,0.007212,0.007212,0,0,0,0,0,0,0,0,0,0,0,0,0,0,0,0,0,0,0,0,0,0,0,0,0,0,0,0,0,0,0,2026-08-27 13:26:59.286819+00,2026-08-27 13:26:59.286819+00
10,16384,t,1379578689135519645,select sum(xact_commit) from pg_stat_database,0,0,0,0,0,0,256,7.757912,0.020988,0.075562,0.03030434375,0.009400609636512198,256,256,0,0,0,0,0,0,0,0,0,0,0,0,0,0,0,0,0,0,0,0,0,0,0,0,0,0,0,0,2026-08-27 13:27:26.404847+00,2026-08-27 13:27:26.404847+00
10,16384,t,-4963971831182730948,"MOVE -1825 IN ""query-cursor_171""",0,0,0,0,0,0,1,0.034217,0.034217,0.034217,0.034217,0,0,0,0,0,0,0,0,0,0,0,0,0,0,0,0,0,0,0,0,0,0,0,0,0,0,0,0,0,0,0,2026-08-27 16:28:15.581279+00,2026-08-27 16:28:15.581279+00
10,16384,t,8549841591413832532,"FETCH 0 IN ""query-cursor_61""",0,0,0,0,0,0,1,0.004064,0.004064,0.004064,0.004064,0,0,0,0,0,0,0,0,0,0,0,0,0,0,0,0,0,0,0,0,0,0,0,0,0,0,0,0,0,0,0,2026-08-27 14:28:15.568267+00,2026-08-27 14:28:15.568267+00
10,16384,t,5256346908748421212,"MOVE ALL IN ""query-cursor_106""",0,0,0,0,0,0,1,1.633743,1.633743,1.633743,1.633743,0,0,0,0,0,0,0,0,0,0,0,0,0,0,0,0,0,0,0,0,0,0,0,0,0,0,0,0,0,0,0,2026-08-27 15:13:15.572974+00,2026-08-27 15:13:15.572974+00
16410,16412,t,-8735306314388125537,"SELECT RES_ENT_ID,ENT_STATE,LOCKING_ID FROM RES_ENT WHERE RES_ENT_ID IN ($1,$2,$3,$4,$5,$6,$7,$8,$9,$10,$11,$12,$13,$14,$15,$16)",0,0,0,0,0,0,147024,18031.047894000058,0.028533,47.988179,0.12264016687071538,0.6592996247039045,1686361,6909833,0,0,0,0,0,0,0,0,0,0,0,0,0,0,0,0,0,0,0,0,0,0,0,0,0,0,0,0,2026-08-27 15:50:47.807756+00,2026-08-27 15:50:47.807756+00
10,16384,t,7399806141608867259,"DECLARE ""query-cursor_151"" SCROLL CURSOR FOR select queryid, left(query, $1), calls, (total_plan_time + total_exec_time) as total_time from aurora_stat_statements($2) order by calls desc limit $3 FOR READ ONLY",0,0,0,0,0,0,1,0.077907,0.077907,0.077907,0.077907,0,0,0,0,0,0,0,0,0,0,0,0,0,0,0,0,0,0,0,0,0,0,0,0,0,0,0,0,0,0,0,2026-08-27 15:59:15.69439+00,2026-08-27 15:59:15.69439+00
10,16384,t,-1352051173522968860,"FETCH 5 IN ""query-cursor_117""",0,0,0,0,0,0,1,0.001427,0.001427,0.001427,0.001427,0,5,0,0,0,0,0,0,0,0,0,0,0,0,0,0,0,0,0,0,0,0,0,0,0,0,0,0,0,0,0,2026-08-27 15:24:15.57719+00,2026-08-27 15:24:15.57719+00
10,16384,t,-3542163574160076941,"FETCH 0 IN ""query-cursor_195""",0,0,0,0,0,0,1,0.00346,0.00346,0.00346,0.00346,0,0,0,0,0,0,0,0,0,0,0,0,0,0,0,0,0,0,0,0,0,0,0,0,0,0,0,0,0,0,0,2026-08-27 16:52:15.577836+00,2026-08-27 16:52:15.577836+00
10,16384,t,-9210110630586055719,"MOVE -958 IN ""query-cursor_134""",0,0,0,0,0,0,1,0.018941,0.018941,0.018941,0.018941,0,0,0,0,0,0,0,0,0,0,0,0,0,0,0,0,0,0,0,0,0,0,0,0,0,0,0,0,0,0,0,2026-08-27 15:41:15.575397+00,2026-08-27 15:41:15.575397+00
10,16384,t,8340338602815682188,"FETCH 50 IN ""query-cursor_133""",0,0,0,0,0,0,19,0.059861,0.00265,0.006601,0.003150578947368421,0.0008510975153350047,950,0,0,0,0,0,0,0,0,0,0,0,0,0,0,0,0,0,0,0,0,0,0,0,0,0,0,0,0,0,2026-08-27 15:40:15.575406+00,2026-08-27 15:40:15.575406+00
10,16384,t,-760506508612999719,"FETCH 50 IN ""query-cursor_105""",0,0,0,0,0,0,15,0.046652000000000006,0.002666,0.005696,0.0031101333333333338,0.000711291770107192,750,0,0,0,0,0,0,0,0,0,0,0,0,0,0,0,0,0,0,0,0,0,0,0,0,0,0,0,0,0,2026-08-27 15:12:15.573114+00,2026-08-27 15:12:15.573114+00
16410,16412,t,6322271594241550803,"SELECT RES_ENT_ID,LIB_FEAT_ID,FTYPE_ID,UTYPE_CODE,SUPPRESSED,OBS_ENT_CNT FROM RES_FEAT_EKEY WHERE RES_ENT_ID IN ($1,$2,$3,$4,$5,$6,$7,$8,$9,$10,$11,$12,$13,$14,$15,$16)",0,0,0,0,0,0,47126,131815.96591700023,0.084367,1281.3905969999998,2.7970964205958544,14.778188564124374,70405213,3303584,0,0,0,0,0,0,0,0,0,0,0,0,0,0,0,0,0,0,0,0,0,0,0,0,0,0,0,0,2026-08-27 15:50:57.994121+00,2026-08-27 15:50:57.994121+00
10,16384,t,1247452590906207207,"MOVE ALL IN ""query-cursor_240""",0,0,0,0,0,0,1,5.861046,5.861046,5.861046,5.861046,0,0,0,0,0,0,0,0,0,0,0,0,0,0,0,0,0,0,0,0,0,0,0,0,0,0,0,0,0,0,0,2026-08-27 17:37:15.586898+00,2026-08-27 17:37:15.586898+00
10,16384,t,7021213894311986600,"FETCH 0 IN ""query-cursor_100""",0,0,0,0,0,0,1,0.004183,0.004183,0.004183,0.004183,0,0,0,0,0,0,0,0,0,0,0,0,0,0,0,0,0,0,0,0,0,0,0,0,0,0,0,0,0,0,0,2026-08-27 15:07:15.570943+00,2026-08-27 15:07:15.570943+00
16410,16412,t,-1988309358121700340,"SELECT LIB_FEAT_ID,FEAT_DESC,FTYPE_ID,ANONYMIZED,FEAT_HASH,VERSION,FELEM_VALUES FROM LIB_FEAT WHERE (FEAT_HASH,FTYPE_ID) IN (($1,$2),($3,$4),($5,$6),($7,$8),($9,$10),($11,$12),($13,$14),($15,$16),($17,$18),($19,$20),($21,$22),($23,$24),($25,$26),($27,$28),($29,$30),($31,$32),($33,$34),($35,$36),($37,$38),($39,$40),($41,$42),($43,$44),($45,$46),($47,$48),($49,$50),($51,$52),($53,$54),($55,$56),($57,$58),($59,$60),($61,$62),($63,$64))",0,0,0,0,0,0,236245,180964.55249799992,0.033733,150.081427,0.7660037355203281,2.562630715144505,1847744,31323945,0,0,0,0,0,0,0,0,0,0,0,0,0,0,0,0,0,0,0,0,0,0,0,0,0,0,0,0,2026-08-27 15:50:46.78429+00,2026-08-27 15:50:46.78429+00
10,16384,t,4761169836442445673,"DECLARE ""query-cursor_94"" SCROLL CURSOR FOR select queryid, left(query, $1), calls, (total_plan_time + total_exec_time) as total_time from aurora_stat_statements($2) order by calls desc limit $3 FOR READ ONLY",0,0,0,0,0,0,1,0.058764,0.058764,0.058764,0.058764,0,0,0,0,0,0,0,0,0,0,0,0,0,0,0,0,0,0,0,0,0,0,0,0,0,0,0,0,0,0,0,2026-08-27 15:01:15.570431+00,2026-08-27 15:01:15.570431+00
16410,16412,t,931624121472614597,"SELECT
    now()                                              AS at,
    s.n_tup_ins                                        AS dsrc_record_rows,   
    $1                                          AS target,
    round($2 * s.n_tup_ins / $3, $4)          AS pct_of_target
FROM pg_stat_user_tables s
WHERE s.relname = $5",0,0,0,0,0,0,1,0.093132,0.093132,0.093132,0.093132,0,1,8,0,0,0,0,0,0,0,0,0,0,0,0,0,0,0,0,0,0,0,0,0,0,0,0,0,0,0,0,2026-08-27 17:41:16.091541+00,2026-08-27 17:41:16.091541+00
16410,16412,t,-493001679317631125,UPDATE SYS_SEQUENCE SET NEXT_SEQUENCE = $1 WHERE SEQUENCE_NAME = $2 AND NEXT_SEQUENCE = $3,0,0,0,0,0,0,589,296.03001200000006,0.010193,66.910786,0.5025976434634976,3.821190342096021,577,2387,0,0,1,0,0,0,0,0,0,0,0.011044,0,0,0,0,0,0,0,0,0,0,0,0,0,0,0,0,0,2026-08-27 15:50:46.797084+00,2026-08-27 15:50:46.797084+00
10,16384,t,-8354070025969899409,"FETCH 19 IN ""query-cursor_86""",0,0,0,0,0,0,1,0.002279,0.002279,0.002279,0.002279,0,19,0,0,0,0,0,0,0,0,0,0,0,0,0,0,0,0,0,0,0,0,0,0,0,0,0,0,0,0,0,2026-08-27 14:53:15.574075+00,2026-08-27 14:53:15.574075+00
10,16384,t,9087986566003564516,SELECT count(*) FROM pg_roles WHERE rolsuper = $1 AND rolname != $2,0,0,0,0,0,0,25,0.33082,0.009323,0.01615,0.0132328,0.0017738015221551702,25,25,0,0,0,0,0,0,0,0,0,0,0,0,0,0,0,0,0,0,0,0,0,0,0,0,0,0,0,0,2026-08-27 13:34:27.411128+00,2026-08-27 13:34:27.411128+00
10,16384,t,9142664338975780232,"FETCH 50 IN ""query-cursor_213""",0,0,0,0,0,0,41,0.15091000000000002,0.002757,0.005999,0.0036807317073170734,0.0008624445977085122,2050,0,0,0,0,0,0,0,0,0,0,0,0,0,0,0,0,0,0,0,0,0,0,0,0,0,0,0,0,0,2026-08-27 17:10:15.584599+00,2026-08-27 17:10:15.584599+00
10,16384,t,5572223966095120996,"MOVE ALL IN ""query-cursor_114""",0,0,0,0,0,0,1,1.780876,1.780876,1.780876,1.780876,0,0,0,0,0,0,0,0,0,0,0,0,0,0,0,0,0,0,0,0,0,0,0,0,0,0,0,0,0,0,0,2026-08-27 15:21:15.573787+00,2026-08-27 15:21:15.573787+00
10,16384,t,-171025288181611056,"FETCH 0 IN ""query-cursor_96""",0,0,0,0,0,0,1,0.004063,0.004063,0.004063,0.004063,0,0,0,0,0,0,0,0,0,0,0,0,0,0,0,0,0,0,0,0,0,0,0,0,0,0,0,0,0,0,0,2026-08-27 15:03:15.570703+00,2026-08-27 15:03:15.570703+00
10,16384,t,3410364327977480061,"FETCH 5 IN ""query-cursor_145""",0,0,0,0,0,0,1,0.005298,0.005298,0.005298,0.005298,0,5,0,0,0,0,0,0,0,0,0,0,0,0,0,0,0,0,0,0,0,0,0,0,0,0,0,0,0,0,0,2026-08-27 15:52:15.590982+00,2026-08-27 15:52:15.590982+00
10,16384,t,-6123499169331972593,"FETCH 17 IN ""query-cursor_195""",0,0,0,0,0,0,1,0.003146,0.003146,0.003146,0.003146,0,17,0,0,0,0,0,0,0,0,0,0,0,0,0,0,0,0,0,0,0,0,0,0,0,0,0,0,0,0,0,2026-08-27 16:52:15.596472+00,2026-08-27 16:52:15.596472+00
10,16384,t,1367424276915005081,select $1 from pg_stat_statements($2) limit $3,0,0,0,0,0,0,1,0.087927,0.087927,0.087927,0.087927,0,1,0,0,0,0,0,0,0,0,0,0,0,0,0,0,0,0,0,0,0,0,0,0,0,0,0,0,0,0,0,2026-08-27 13:28:15.064016+00,2026-08-27 13:28:15.064016+00
16410,16412,t,8828043952832419958,SET synchronous_commit TO $1,0,0,0,0,0,0,2771,32.169843000000014,0.003641,0.065236,0.0116094705882353,0.0052915576394196315,0,0,0,0,0,0,0,0,0,0,0,0,0,0,0,0,0,0,0,0,0,0,0,0,0,0,0,0,0,0,2026-08-27 13:32:03.704843+00,2026-08-27 13:32:03.704843+00
10,16384,t,3771269362132575902,"FETCH 50 IN ""query-cursor_10""",0,0,0,0,0,0,3,0.010523,0.003114,0.003958,0.0035076666666666663,0.0003468835859798243,150,0,0,0,0,0,0,0,0,0,0,0,0,0,0,0,0,0,0,0,0,0,0,0,0,0,0,0,0,0,2026-08-27 13:37:15.565113+00,2026-08-27 13:37:15.565113+00
10,16384,t,406559978866215494,"FETCH 0 IN ""query-cursor_90""",0,0,0,0,0,0,1,0.003304,0.003304,0.003304,0.003304,0,0,0,0,0,0,0,0,0,0,0,0,0,0,0,0,0,0,0,0,0,0,0,0,0,0,0,0,0,0,0,2026-08-27 14:57:15.570211+00,2026-08-27 14:57:15.570211+00
16410,16412,t,2365696719625049773,"INSERT INTO RES_RELATE(RES_REL_ID,MIN_RES_ENT_ID,MAX_RES_ENT_ID,IS_DISCLOSED,IS_AMBIGUOUS,LAST_ERRULE_ID,MATCH_KEY,MATCH_KEY_DETAILS,MATCH_LEVELS) VALUES ($1,$2,$3,$4,$5,$6,$7,$8,$9),($10,$11,$12,$13,$14,$15,$16,$17,$18),($19,$20,$21,$22,$23,$24,$25,$26,$27),($28,$29,$30,$31,$32,$33,$34,$35,$36),($37,$38,$39,$40,$41,$42,$43,$44,$45) ON CONFLICT DO NOTHING",0,0,0,0,0,0,5938,9105.69403699999,0.053860000000000005,197.383053,1.5334614410575935,5.4949385350309425,29690,243905,0,0,1495,0,0,0,0,0,0,0,128.3485560000002,0,0,0,0,0,0,0,0,0,0,0,0,0,0,0,0,0,2026-08-27 15:50:59.643275+00,2026-08-27 15:50:59.643275+00
16410,16412,t,1861183197692218261,"CREATE TABLE SYS_SEQUENCE (SEQUENCE_NAME VARCHAR(50) NOT NULL, NEXT_SEQUENCE BIGINT NOT NULL, CACHE_SIZE BIGINT NOT NULL, PRIMARY KEY(SEQUENCE_NAME))",0,0,0,0,0,0,1,2.897221,2.897221,2.897221,2.897221,0,0,192,0,0,0,0,0,0,0,0,0,0,0,0,0,0,0,0,0,0,0,0,0,0,0,0,0,0,0,0,2026-08-27 13:29:50.066503+00,2026-08-27 13:29:50.066503+00
10,16384,t,8232302962554920964,"FETCH 49 IN ""query-cursor_242""",0,0,0,0,0,0,1,0.003898,0.003898,0.003898,0.003898,0,49,0,0,0,0,0,0,0,0,0,0,0,0,0,0,0,0,0,0,0,0,0,0,0,0,0,0,0,0,0,2026-08-27 17:39:15.600589+00,2026-08-27 17:39:15.600589+00
10,16384,t,-7689135655089260746,"MOVE -297 IN ""query-cursor_25""",0,0,0,0,0,0,1,0.007689,0.007689,0.007689,0.007689,0,0,0,0,0,0,0,0,0,0,0,0,0,0,0,0,0,0,0,0,0,0,0,0,0,0,0,0,0,0,0,2026-08-27 13:52:15.566456+00,2026-08-27 13:52:15.566456+00
16410,16412,t,-4135239555229881086,"SELECT OBS_ENT_ID,LOCKING_ID FROM OBS_ENT WHERE OBS_ENT_ID IN ($1,$2,$3,$4)",0,0,0,0,0,0,909,30.986170999999995,0.012798,1.43997,0.03408819691969196,0.04866235542303368,3019,17274,0,0,0,0,0,0,0,0,0,0,0,0,0,0,0,0,0,0,0,0,0,0,0,0,0,0,0,0,2026-08-27 15:53:17.820131+00,2026-08-27 15:53:17.820131+00
10,16384,t,-4312561877505331130,"select queryid, calls, (total_plan_time + total_exec_time) as total_time, rows, shared_blks_hit, shared_blks_dirtied, shared_blks_read, shared_blks_written, local_blks_hit, local_blks_dirtied, local_blks_read, local_blks_written, temp_blks_read, temp_blks_written, storage_blks_read, orcache_blks_hit, shared_blk_read_time as blk_read_time, shared_blk_write_time as blk_write_time, storage_blk_read_time, local_blk_read_time, orcache_blk_read_time, total_plan_time, total_exec_time from aurora_stat_statements($1) where queryid in ($2, $3, $4, $5, $6, $7, $8, $9, $10, $11, $12, $13, $14, $15, $16, $17, $18, $19)",0,0,0,0,0,0,10,19.674013000000002,0.258662,3.2826600000000004,1.9674013000000001,0.8280915462318222,233,0,0,0,0,0,0,0,0,0,0,0,0,0,0,0,0,0,0,0,0,0,0,0,0,0,0,0,0,0,2026-08-27 13:36:25.565372+00,2026-08-27 13:36:25.565372+00
10,16384,t,-3135350275662231318,"FETCH 50 IN ""query-cursor_235""",0,0,0,0,0,0,44,0.20869500000000005,0.00303,0.015178,0.0047430681818181825,0.0018526425401881703,2200,0,0,0,0,0,0,0,0,0,0,0,0,0,0,0,0,0,0,0,0,0,0,0,0,0,0,0,0,0,2026-08-27 17:32:15.586532+00,2026-08-27 17:32:15.586532+00
10,16384,t,8595890007916640855,"MOVE ALL IN ""query-cursor_199""",0,0,0,0,0,0,1,5.542821,5.542821,5.542821,5.542821,0,0,0,0,0,0,0,0,0,0,0,0,0,0,0,0,0,0,0,0,0,0,0,0,0,0,0,0,0,0,0,2026-08-27 16:56:15.583824+00,2026-08-27 16:56:15.583824+00
16410,16412,t,2807266443010763555,"SELECT RES_ENT_ID,LIB_FEAT_ID,FTYPE_ID,UTYPE_CODE,SUPPRESSED,OBS_ENT_CNT FROM RES_FEAT_EKEY WHERE RES_ENT_ID IN ($1,$2,$3,$4,$5,$6,$7,$8,$9,$10,$11,$12,$13,$14,$15,$16) AND FTYPE_ID IN ($17,$18,$19,$20,$21,$22,$23,$24,$25,$26,$27,$28,$29,$30,$31)",0,0,0,0,0,0,9818,23208.646465999976,0.143706,373.244148,2.363887397229576,9.183682535036917,11176621,591632,0,0,0,0,0,0,0,0,0,0,0,0,0,0,0,0,0,0,0,0,0,0,0,0,0,0,0,0,2026-08-27 15:50:49.248224+00,2026-08-27 15:50:49.248224+00
10,16384,t,-5689704297971623080,"FETCH 50 IN ""query-cursor_78""",0,0,0,0,0,0,12,0.040806,0.002897,0.005012,0.0034005000000000003,0.0005600807233485782,600,0,0,0,0,0,0,0,0,0,0,0,0,0,0,0,0,0,0,0,0,0,0,0,0,0,0,0,0,0,2026-08-27 14:45:15.570886+00,2026-08-27 14:45:15.570886+00
10,16384,t,3743062679117740455,"MOVE ALL IN ""query-cursor_50""",0,0,0,0,0,0,1,0.914888,0.914888,0.914888,0.914888,0,0,0,0,0,0,0,0,0,0,0,0,0,0,0,0,0,0,0,0,0,0,0,0,0,0,0,0,0,0,0,2026-08-27 14:17:15.56846+00,2026-08-27 14:17:15.56846+00
16410,16412,t,9188840440203581292,"UPDATE RES_FEAT_EKEY AS T SET SUPPRESSED = C.SUPPRESSED FROM (VALUES (CAST ($1 AS BIGINT),CAST ($2 AS BIGINT),$3,$4),(CAST ($5 AS BIGINT),CAST ($6 AS BIGINT),$7,$8),(CAST ($9 AS BIGINT),CAST ($10 AS BIGINT),$11,$12),(CAST ($13 AS BIGINT),CAST ($14 AS BIGINT),$15,$16),(CAST ($17 AS BIGINT),CAST ($18 AS BIGINT),$19,$20),(CAST ($21 AS BIGINT),CAST ($22 AS BIGINT),$23,$24),(CAST ($25 AS BIGINT),CAST ($26 AS BIGINT),$27,$28),(CAST ($29 AS BIGINT),CAST ($30 AS BIGINT),$31,$32),(CAST ($33 AS BIGINT),CAST ($34 AS BIGINT),$35,$36),(CAST ($37 AS BIGINT),CAST ($38 AS BIGINT),$39,$40),(CAST ($41 AS BIGINT),CAST ($42 AS BIGINT),$43,$44),(CAST ($45 AS BIGINT),CAST ($46 AS BIGINT),$47,$48),(CAST ($49 AS BIGINT),CAST ($50 AS BIGINT),$51,$52),(CAST ($53 AS BIGINT),CAST ($54 AS BIGINT),$55,$56),(CAST ($57 AS BIGINT),CAST ($58 AS BIGINT),$59,$60),(CAST ($61 AS BIGINT),CAST ($62 AS BIGINT),$63,$64),(CAST ($65 AS BIGINT),CAST ($66 AS BIGINT),$67,$68),(CAST ($69 AS BIGINT),CAST ($70 AS BIGINT),$71,$72),(CAST ($73 AS BIGINT),CAST ($74 AS BIGINT),$75,$76),(CAST ($77 AS BIGINT),CAST ($78 AS BIGINT),$79,$80),(CAST ($81 AS BIGINT),CAST ($82 AS BIGINT),$83,$84)) AS C(RES_ENT_ID,LIB_FEAT_ID,UTYPE_CODE,SUPPRESSED) WHERE C.RES_ENT_ID=T.RES_ENT_ID AND C.LIB_FEAT_ID=T.LIB_FEAT_ID AND C.UTYPE_CODE=T.UTYPE_CODE",0,0,0,0,0,0,89,284.6406790000001,0.180239,77.12559200000001,3.1982098764044955,10.982225067072678,1869,22574,0,0,6,0,0,0,0,0,0,0,0.042551,0,0,0,0,0,0,0,0,0,0,0,0,0,0,0,0,0,2026-08-27 15:53:32.321314+00,2026-08-27 15:53:32.321314+00
10,16384,t,4353360271196060913,"FETCH 22 IN ""query-cursor_2""",0,0,0,0,0,0,1,0.00316,0.00316,0.00316,0.00316,0,22,0,0,0,0,0,0,0,0,0,0,0,0,0,0,0,0,0,0,0,0,0,0,0,0,0,0,0,0,0,2026-08-27 13:29:15.564555+00,2026-08-27 13:29:15.564555+00
10,16384,t,3199548745913316219,"DECLARE ""query-cursor_242"" SCROLL CURSOR FOR select queryid, left(query, $1), calls, (total_plan_time + total_exec_time) as total_time from aurora_stat_statements($2) order by calls desc limit $3 FOR READ ONLY",0,0,0,0,0,0,1,0.066231,0.066231,0.066231,0.066231,0,0,0,0,0,0,0,0,0,0,0,0,0,0,0,0,0,0,0,0,0,0,0,0,0,0,0,0,0,0,0,2026-08-27 17:39:15.581072+00,2026-08-27 17:39:15.581072+00
10,16384,t,1615383082047268532,"MOVE -333 IN ""query-cursor_31""",0,0,0,0,0,0,1,0.008184,0.008184,0.008184,0.008184,0,0,0,0,0,0,0,0,0,0,0,0,0,0,0,0,0,0,0,0,0,0,0,0,0,0,0,0,0,0,0,2026-08-27 13:58:15.566929+00,2026-08-27 13:58:15.566929+00
16410,16412,t,-584217843356036314,"SELECT RES_ENT_ID,LIB_FEAT_ID,FTYPE_ID,UTYPE_CODE,SUPPRESSED,OBS_ENT_CNT FROM RES_FEAT_EKEY WHERE RES_ENT_ID IN ($1,$2,$3,$4,$5,$6,$7,$8,$9,$10,$11,$12,$13,$14,$15,$16,$17,$18,$19,$20,$21,$22,$23,$24,$25,$26,$27,$28,$29,$30,$31,$32,$33,$34,$35,$36,$37,$38,$39,$40,$41,$42,$43,$44,$45,$46,$47,$48,$49,$50,$51,$52,$53,$54,$55,$56,$57,$58,$59,$60,$61,$62,$63,$64,$65,$66,$67,$68,$69,$70,$71,$72,$73,$74,$75,$76,$77,$78,$79,$80,$81,$82) AND FTYPE_ID IN ($83,$84,$85,$86,$87,$88,$89,$90,$91,$92,$93,$94,$95,$96,$97,$98,$99,$100)",0,0,0,0,0,0,136,30087.294437,6.836738,972.444176,221.23010615441177,193.8100229216696,14068374,210840,0,0,0,0,0,0,0,0,0,0,0,0,0,0,0,0,0,0,0,0,0,0,0,0,0,0,0,0,2026-08-27 15:51:17.089292+00,2026-08-27 15:51:17.089292+00
16410,16412,t,-9088190058880923715,UPDATE DSRC_RECORD SET LAST_SEEN_DT=$1 WHERE DSRC_ID=$2 AND RECORD_ID=$3 AND ENT_SRC_KEY=$4,0,0,0,0,0,0,294200,125307.38099100106,0.020314,4318.620323,0.42592583613528573,11.566085526437737,294200,3641253,0,0,8232,0,0,0,0,0,0,0,436.61780300000055,0,0,0,0,0,0,0,0,0,0,0,0,0,0,0,0,0,2026-08-27 15:50:57.796872+00,2026-08-27 15:50:57.796872+00
16410,16412,t,-2361319720400768964,"INSERT INTO RES_REL_EKEY(RES_REL_ID,RES_ENT_ID,REL_ENT_ID) VALUES ($1,$2,$3),($4,$5,$6),($7,$8,$9),($10,$11,$12),($13,$14,$15),($16,$17,$18),($19,$20,$21),($22,$23,$24),($25,$26,$27),($28,$29,$30),($31,$32,$33),($34,$35,$36),($37,$38,$39),($40,$41,$42),($43,$44,$45),($46,$47,$48),($49,$50,$51),($52,$53,$54) ON CONFLICT DO NOTHING",0,0,0,0,0,0,2197,9224.104709999994,0.18282199999999998,195.052956,4.198500095584886,13.14060393722721,39546,317114,0,0,379,0,0,0,0,0,0,0,36.26998900000002,0,0,0,0,0,0,0,0,0,0,0,0,0,0,0,0,0,2026-08-27 15:51:06.722561+00,2026-08-27 15:51:06.722561+00
16410,16412,t,-3844544056154883233,"UPDATE RES_FEAT_EKEY AS T SET SUPPRESSED=C.SUPPRESSED,OBS_ENT_CNT=C.OBS_ENT_CNT FROM (VALUES (CAST ($1 AS BIGINT),CAST ($2 AS BIGINT),$3,$4,CAST ($5 AS BIGINT)),(CAST ($6 AS BIGINT),CAST ($7 AS BIGINT),$8,$9,CAST ($10 AS BIGINT)),(CAST ($11 AS BIGINT),CAST ($12 AS BIGINT),$13,$14,CAST ($15 AS BIGINT)),(CAST ($16 AS BIGINT),CAST ($17 AS BIGINT),$18,$19,CAST ($20 AS BIGINT)),(CAST ($21 AS BIGINT),CAST ($22 AS BIGINT),$23,$24,CAST ($25 AS BIGINT)),(CAST ($26 AS BIGINT),CAST ($27 AS BIGINT),$28,$29,CAST ($30 AS BIGINT)),(CAST ($31 AS BIGINT),CAST ($32 AS BIGINT),$33,$34,CAST ($35 AS BIGINT)),(CAST ($36 AS BIGINT),CAST ($37 AS BIGINT),$38,$39,CAST ($40 AS BIGINT)),(CAST ($41 AS BIGINT),CAST ($42 AS BIGINT),$43,$44,CAST ($45 AS BIGINT)),(CAST ($46 AS BIGINT),CAST ($47 AS BIGINT),$48,$49,CAST ($50 AS BIGINT)),(CAST ($51 AS BIGINT),CAST ($52 AS BIGINT),$53,$54,CAST ($55 AS BIGINT)),(CAST ($56 AS BIGINT),CAST ($57 AS BIGINT),$58,$59,CAST ($60 AS BIGINT)),(CAST ($61 AS BIGINT),CAST ($62 AS BIGINT),$63,$64,CAST ($65 AS BIGINT)),(CAST ($66 AS BIGINT),CAST ($67 AS BIGINT),$68,$69,CAST ($70 AS BIGINT)),(CAST ($71 AS BIGINT),CAST ($72 AS BIGINT),$73,$74,CAST ($75 AS BIGINT)),(CAST ($76 AS BIGINT),CAST ($77 AS BIGINT),$78,$79,CAST ($80 AS BIGINT)),(CAST ($81 AS BIGINT),CAST ($82 AS BIGINT),$83,$84,CAST ($85 AS BIGINT)),(CAST ($86 AS BIGINT),CAST ($87 AS BIGINT),$88,$89,CAST ($90 AS BIGINT))) AS C(RES_ENT_ID,LIB_FEAT_ID,UTYPE_CODE,SUPPRESSED,OBS_ENT_CNT) WHERE C.RES_ENT_ID=T.RES_ENT_ID AND C.LIB_FEAT_ID=T.LIB_FEAT_ID AND C.UTYPE_CODE=T.UTYPE_CODE",0,0,0,0,0,0,137,553.8969639999999,0.160814,83.806203,4.043043532846714,11.650469066108686,2466,37302,0,0,3,0,0,0,0,0,0,0,0.028551,0,0,0,0,0,0,0,0,0,0,0,0,0,0,0,0,0,2026-08-27 15:52:58.123625+00,2026-08-27 15:52:58.123625+00
10,16384,t,2409714455514442706,"FETCH 50 IN ""query-cursor_46""",0,0,0,0,0,0,8,0.027563999999999998,0.002865,0.005627,0.0034454999999999998,0.0008619727373879059,400,0,0,0,0,0,0,0,0,0,0,0,0,0,0,0,0,0,0,0,0,0,0,0,0,0,0,0,0,0,2026-08-27 14:13:15.568331+00,2026-08-27 14:13:15.568331+00
10,16384,t,8632073413179755587,"FETCH 50 IN ""query-cursor_25""",0,0,0,0,0,0,5,0.018194000000000002,0.003193,0.004352,0.0036388,0.00039609211049956557,250,0,0,0,0,0,0,0,0,0,0,0,0,0,0,0,0,0,0,0,0,0,0,0,0,0,0,0,0,0,2026-08-27 13:52:15.56649+00,2026-08-27 13:52:15.56649+00
10,16384,t,7169619445768926464,"DECLARE ""query-cursor_58"" SCROLL CURSOR FOR select queryid, left(query, $1), calls, (total_plan_time + total_exec_time) as total_time from aurora_stat_statements($2) order by calls desc limit $3 FOR READ ONLY",0,0,0,0,0,0,1,0.063006,0.063006,0.063006,0.063006,0,0,0,0,0,0,0,0,0,0,0,0,0,0,0,0,0,0,0,0,0,0,0,0,0,0,0,0,0,0,0,2026-08-27 14:25:15.567965+00,2026-08-27 14:25:15.567965+00
10,16384,t,-5850875200163805650,"MOVE ALL IN ""query-cursor_19""",0,0,0,0,0,0,1,0.590474,0.590474,0.590474,0.590474,0,0,0,0,0,0,0,0,0,0,0,0,0,0,0,0,0,0,0,0,0,0,0,0,0,0,0,0,0,0,0,2026-08-27 13:46:15.565889+00,2026-08-27 13:46:15.565889+00
10,16384,t,309864359866213861,"DECLARE ""query-cursor_1"" SCROLL CURSOR FOR select queryid, left(query, $1), calls, (total_plan_time + total_exec_time) as total_time from aurora_stat_statements($2) order by calls desc limit $3 FOR READ ONLY",0,0,0,0,0,0,1,0.090346,0.090346,0.090346,0.090346,0,0,10,0,0,0,0,0,0,0,0,0,0,0,0,0,0,0,0,0,0,0,0,0,0,0,0,0,0,0,0,2026-08-27 13:28:15.561677+00,2026-08-27 13:28:15.561677+00
10,16384,t,7441730592606288748,"FETCH 0 IN ""query-cursor_12""",0,0,0,0,0,0,1,0.003512,0.003512,0.003512,0.003512,0,0,0,0,0,0,0,0,0,0,0,0,0,0,0,0,0,0,0,0,0,0,0,0,0,0,0,0,0,0,0,2026-08-27 13:39:15.564751+00,2026-08-27 13:39:15.564751+00
10,16384,t,392957504358162827,"MOVE -2190 IN ""query-cursor_232""",0,0,0,0,0,0,1,0.040201,0.040201,0.040201,0.040201,0,0,0,0,0,0,0,0,0,0,0,0,0,0,0,0,0,0,0,0,0,0,0,0,0,0,0,0,0,0,0,2026-08-27 17:29:15.586204+00,2026-08-27 17:29:15.586204+00
10,16384,t,6715512767304570223,select count(distinct pid) as blocked_transactions from pg_locks where not granted,0,0,0,0,0,0,245,1219.934013000001,3.258997,264.315823,4.97932250204082,17.240820382700186,245,3,0,0,0,0,0,0,0,0,0,0,0,0,0,0,0,0,0,0,0,0,0,0,0,0,0,0,0,0,2026-08-27 13:28:15.1216+00,2026-08-27 13:28:15.1216+00
10,16384,t,8292364329913362633,"MOVE -171 IN ""query-cursor_8""",0,0,0,0,0,0,1,0.005405,0.005405,0.005405,0.005405,0,0,0,0,0,0,0,0,0,0,0,0,0,0,0,0,0,0,0,0,0,0,0,0,0,0,0,0,0,0,0,2026-08-27 13:35:15.564948+00,2026-08-27 13:35:15.564948+00
10,16384,t,-4466281063539663755,"FETCH 25 IN ""query-cursor_112""",0,0,0,0,0,0,1,0.002221,0.002221,0.002221,0.002221,0,25,0,0,0,0,0,0,0,0,0,0,0,0,0,0,0,0,0,0,0,0,0,0,0,0,0,0,0,0,0,2026-08-27 15:19:15.576555+00,2026-08-27 15:19:15.576555+00
10,16384,t,1623369012368112450,SET application_name = $1,0,0,0,0,0,0,264,4.074177000000001,0.010879,0.031259,0.015432488636363638,0.0024020798847245164,0,0,0,0,0,0,0,0,0,0,0,0,0,0,0,0,0,0,0,0,0,0,0,0,0,0,0,0,0,0,2026-08-27 13:26:58.43655+00,2026-08-27 13:26:58.43655+00
16410,16412,t,-7347339852989585530,"UPDATE RES_FEAT_STAT SET FTYPE_ID=$1,NUM_RES_ENT=NUM_RES_ENT+$2,NUM_RES_ENT_OOM=$3 WHERE LIB_FEAT_ID=$4 AND NUM_RES_ENT_OOM=$5",0,0,0,0,0,0,5108002,39765388.28765079,0.004031,77624.692178,7.784920265820332,267.14167156481517,5092956,84400725,4,0,41738,0,0,0,0,0,0,0,1630.7479460000006,0,0,0,0,0,0,0,0,0,0,0,0,0,0,0,0,0,2026-08-27 15:50:47.073113+00,2026-08-27 15:50:47.073113+00
10,16384,t,675590828784868072,"FETCH 50 IN ""query-cursor_165""",0,0,0,0,0,0,35,0.13780499999999998,0.002889,0.006071,0.0039372857142857135,0.0009219260141194661,1750,0,0,0,0,0,0,0,0,0,0,0,0,0,0,0,0,0,0,0,0,0,0,0,0,0,0,0,0,0,2026-08-27 16:22:15.580761+00,2026-08-27 16:22:15.580761+00
10,16384,t,-5589593821659323603,"FETCH 45 IN ""query-cursor_208""",0,0,0,0,0,0,1,0.003301,0.003301,0.003301,0.003301,0,45,0,0,0,0,0,0,0,0,0,0,0,0,0,0,0,0,0,0,0,0,0,0,0,0,0,0,0,0,0,2026-08-27 17:05:15.597008+00,2026-08-27 17:05:15.597008+00
16410,16412,t,8135051228710434277,"INSERT INTO DSRC_RECORD(DSRC_ID,RECORD_ID,ENT_SRC_KEY,JSON_DATA,CONFIG_ID,FIRST_SEEN_DT,LAST_SEEN_DT) VALUES ($1,$2,$3,$4,$5,$6,$7)",0,0,0,0,0,0,995744,34763145.092433825,0.020472,2476.362352,34.911729412814765,95.7229756456254,995744,36491016,23,0,1784152,0,0,0,0,0,0,0.864704,19295.81550499995,0,0,0,0,0,0,0,0,0,0,0,0,0,0,0,0,0,2026-08-27 15:50:46.805593+00,2026-08-27 15:50:46.805593+00
10,16384,t,8373358163669016043,"FETCH 50 IN ""query-cursor_38""",0,0,0,0,0,0,7,0.023687999999999997,0.002736,0.005402,0.0033839999999999994,0.0008387705288098764,350,0,0,0,0,0,0,0,0,0,0,0,0,0,0,0,0,0,0,0,0,0,0,0,0,0,0,0,0,0,2026-08-27 14:05:15.567595+00,2026-08-27 14:05:15.567595+00
10,16384,t,2223279040011227287,"FETCH 47 IN ""query-cursor_99""",0,0,0,0,0,0,1,0.002984,0.002984,0.002984,0.002984,0,47,0,0,0,0,0,0,0,0,0,0,0,0,0,0,0,0,0,0,0,0,0,0,0,0,0,0,0,0,0,2026-08-27 15:06:15.575232+00,2026-08-27 15:06:15.575232+00
16410,16412,t,4133089191529234506,"DELETE FROM RES_RELATE WHERE RES_REL_ID IN ($1,$2,$3,$4,$5,$6,$7,$8,$9,$10,$11,$12,$13,$14,$15,$16)",0,0,0,0,0,0,560,493.39752699999985,0.0336,24.474589,0.8810670124999997,2.9358677088465726,6096,22488,0,0,0,0,0,0,0,0,0,0,0,0,0,0,0,0,0,0,0,0,0,0,0,0,0,0,0,0,2026-08-27 15:51:10.01903+00,2026-08-27 15:51:10.01903+00
10,16384,t,5294817866662472904,"SELECT min(replica_lag_in_msec), max(replica_lag_in_msec) FROM aurora_replica_status() WHERE replica_lag_in_msec IS NOT NULL",0,0,0,0,0,0,256,2.7252390000000006,0.007722,0.023241,0.010645464843750002,0.001904156390967936,256,0,0,0,0,0,0,0,0,0,0,0,0,0,0,0,0,0,0,0,0,0,0,0,0,0,0,0,0,0,2026-08-27 13:27:26.457102+00,2026-08-27 13:27:26.457102+00
16410,16412,t,4230767813197154375,"INSERT INTO RES_FEAT_EKEY(RES_ENT_ID,LIB_FEAT_ID,FTYPE_ID,UTYPE_CODE,SUPPRESSED,OBS_ENT_CNT) VALUES ($1,$2,$3,$4,$5,$6),($7,$8,$9,$10,$11,$12),($13,$14,$15,$16,$17,$18),($19,$20,$21,$22,$23,$24),($25,$26,$27,$28,$29,$30),($31,$32,$33,$34,$35,$36),($37,$38,$39,$40,$41,$42),($43,$44,$45,$46,$47,$48),($49,$50,$51,$52,$53,$54),($55,$56,$57,$58,$59,$60),($61,$62,$63,$64,$65,$66) ON CONFLICT DO NOTHING",0,0,0,0,0,0,86175,403808.0266840021,0.12701800000000002,582.3492540000001,4.685906895085606,15.286377200201935,947925,11987044,1,0,14947,0,0,0,0,0,0,0,928.9232640000072,0,0,0,0,0,0,0,0,0,0,0,0,0,0,0,0,0,2026-08-27 15:50:46.891236+00,2026-08-27 15:50:46.891236+00
10,16384,t,4468184415232900376,"FETCH 0 IN ""query-cursor_23""",0,0,0,0,0,0,1,0.003956,0.003956,0.003956,0.003956,0,0,0,0,0,0,0,0,0,0,0,0,0,0,0,0,0,0,0,0,0,0,0,0,0,0,0,0,0,0,0,2026-08-27 13:50:15.565549+00,2026-08-27 13:50:15.565549+00
10,16384,t,-5648371242425329163,"MOVE -1008 IN ""query-cursor_142""",0,0,0,0,0,0,1,0.020032,0.020032,0.020032,0.020032,0,0,0,0,0,0,0,0,0,0,0,0,0,0,0,0,0,0,0,0,0,0,0,0,0,0,0,0,0,0,0,2026-08-27 15:49:15.57605+00,2026-08-27 15:49:15.57605+00
16410,16412,t,2075108485745073951,"CREATE TABLE OBS_ENT (OBS_ENT_ID BIGINT NOT NULL, LOCKING_ID BIGINT NOT NULL, LAST_TOUCH_DT BIGINT, DSRC_ID SMALLINT NOT NULL, LOCK_DSRC_ACTION CHAR(1), ENT_SRC_KEY VARCHAR(40) NOT NULL, FEATURES TEXT, PRIMARY KEY(ENT_SRC_KEY, DSRC_ID))",0,0,0,0,0,0,1,6.180303,6.180303,6.180303,6.180303,0,0,391,0,0,0,0,0,0,0,0,0,0,0,0,0,0,0,0,0,0,0,0,0,0,0,0,0,0,0,0,2026-08-27 13:29:50.005723+00,2026-08-27 13:29:50.005723+00
16410,16412,t,-8393225869822740495,"INSERT INTO RES_REL_EKEY(RES_REL_ID,RES_ENT_ID,REL_ENT_ID) VALUES ($1,$2,$3),($4,$5,$6),($7,$8,$9),($10,$11,$12),($13,$14,$15),($16,$17,$18),($19,$20,$21),($22,$23,$24),($25,$26,$27),($28,$29,$30),($31,$32,$33),($34,$35,$36),($37,$38,$39),($40,$41,$42),($43,$44,$45) ON CONFLICT DO NOTHING",0,0,0,0,0,0,102,232.29274700000002,0.17929099999999998,65.89434700000001,2.27737987254902,8.000422089952385,1530,12310,0,0,6,0,0,0,0,0,0,0,0.042255,0,0,0,0,0,0,0,0,0,0,0,0,0,0,0,0,0,2026-08-27 15:52:53.010907+00,2026-08-27 15:52:53.010907+00
10,16384,t,719767111543202504,"FETCH 19 IN ""query-cursor_54""",0,0,0,0,0,0,1,0.002108,0.002108,0.002108,0.002108,0,19,0,0,0,0,0,0,0,0,0,0,0,0,0,0,0,0,0,0,0,0,0,0,0,0,0,0,0,0,0,2026-08-27 14:21:15.570562+00,2026-08-27 14:21:15.570562+00
10,16384,t,3499929625400338155,"FETCH 50 IN ""query-cursor_124""",0,0,0,0,0,0,17,0.050979000000000003,0.002674,0.004753,0.002998764705882353,0.0004912400311111565,850,0,0,0,0,0,0,0,0,0,0,0,0,0,0,0,0,0,0,0,0,0,0,0,0,0,0,0,0,0,2026-08-27 15:31:15.57454+00,2026-08-27 15:31:15.57454+00
10,16384,t,-8526124030539720433,"MOVE -760 IN ""query-cursor_101""",0,0,0,0,0,0,1,0.016026,0.016026,0.016026,0.016026,0,0,0,0,0,0,0,0,0,0,0,0,0,0,0,0,0,0,0,0,0,0,0,0,0,0,0,0,0,0,0,2026-08-27 15:08:15.572837+00,2026-08-27 15:08:15.572837+00
10,16384,t,8504670226208518193,"MOVE -502 IN ""query-cursor_59""",0,0,0,0,0,0,1,0.011503,0.011503,0.011503,0.011503,0,0,0,0,0,0,0,0,0,0,0,0,0,0,0,0,0,0,0,0,0,0,0,0,0,0,0,0,0,0,0,2026-08-27 14:26:15.569257+00,2026-08-27 14:26:15.569257+00
16410,16412,t,-8871055492861991867,"SELECT RES_ENT_ID,OBS_ENT_ID,ERRULE_ID,MATCH_KEY FROM RES_ENT_OKEY WHERE RES_ENT_ID IN ($1)",0,0,0,0,0,0,295140,4387.612930000018,0.003007,20.657598,0.01486620901944846,0.12118450179794472,297216,1181553,0,0,0,0,0,0,0,0,0,0,0,0,0,0,0,0,0,0,0,0,0,0,0,0,0,0,0,0,2026-08-27 15:50:57.888327+00,2026-08-27 15:50:57.888327+00
16410,16412,t,1943254437524150087,"UPDATE RES_FEAT_EKEY AS T SET SUPPRESSED = C.SUPPRESSED FROM (VALUES (CAST ($1 AS BIGINT),CAST ($2 AS BIGINT),$3,$4),(CAST ($5 AS BIGINT),CAST ($6 AS BIGINT),$7,$8),(CAST ($9 AS BIGINT),CAST ($10 AS BIGINT),$11,$12),(CAST ($13 AS BIGINT),CAST ($14 AS BIGINT),$15,$16),(CAST ($17 AS BIGINT),CAST ($18 AS BIGINT),$19,$20),(CAST ($21 AS BIGINT),CAST ($22 AS BIGINT),$23,$24),(CAST ($25 AS BIGINT),CAST ($26 AS BIGINT),$27,$28),(CAST ($29 AS BIGINT),CAST ($30 AS BIGINT),$31,$32),(CAST ($33 AS BIGINT),CAST ($34 AS BIGINT),$35,$36),(CAST ($37 AS BIGINT),CAST ($38 AS BIGINT),$39,$40),(CAST ($41 AS BIGINT),CAST ($42 AS BIGINT),$43,$44),(CAST ($45 AS BIGINT),CAST ($46 AS BIGINT),$47,$48),(CAST ($49 AS BIGINT),CAST ($50 AS BIGINT),$51,$52),(CAST ($53 AS BIGINT),CAST ($54 AS BIGINT),$55,$56),(CAST ($57 AS BIGINT),CAST ($58 AS BIGINT),$59,$60),(CAST ($61 AS BIGINT),CAST ($62 AS BIGINT),$63,$64)) AS C(RES_ENT_ID,LIB_FEAT_ID,UTYPE_CODE,SUPPRESSED) WHERE C.RES_ENT_ID=T.RES_ENT_ID AND C.LIB_FEAT_ID=T.LIB_FEAT_ID AND C.UTYPE_CODE=T.UTYPE_CODE",0,0,0,0,0,0,105,271.3579859999999,0.124387,56.208164999999994,2.5843617714285707,7.616127110287283,1680,19260,0,0,7,0,0,0,0,0,0,0,0.060929,0,0,0,0,0,0,0,0,0,0,0,0,0,0,0,0,0,2026-08-27 15:51:46.881666+00,2026-08-27 15:51:46.881666+00
10,16384,t,-2710175700637139366,"MOVE -2100 IN ""query-cursor_217""",0,0,0,0,0,0,1,0.038663,0.038663,0.038663,0.038663,0,0,0,0,0,0,0,0,0,0,0,0,0,0,0,0,0,0,0,0,0,0,0,0,0,0,0,0,0,0,0,2026-08-27 17:14:15.584999+00,2026-08-27 17:14:15.584999+00
10,16384,t,-3230607578240612556,"MOVE ALL IN ""query-cursor_17""",0,0,0,0,0,0,1,0.531025,0.531025,0.531025,0.531025,0,0,0,0,0,0,0,0,0,0,0,0,0,0,0,0,0,0,0,0,0,0,0,0,0,0,0,0,0,0,0,2026-08-27 13:44:15.565709+00,2026-08-27 13:44:15.565709+00
10,16384,t,4332118929185851433,"DECLARE ""query-cursor_189"" SCROLL CURSOR FOR select queryid, left(query, $1), calls, (total_plan_time + total_exec_time) as total_time from aurora_stat_statements($2) order by calls desc limit $3 FOR READ ONLY",0,0,0,0,0,0,1,0.060264,0.060264,0.060264,0.060264,0,0,0,0,0,0,0,0,0,0,0,0,0,0,0,0,0,0,0,0,0,0,0,0,0,0,0,0,0,0,0,2026-08-27 16:46:15.577429+00,2026-08-27 16:46:15.577429+00
16410,16412,t,3524975744929793700,"UPDATE RES_FEAT_STAT AS T SET FTYPE_ID=C.FTYPE_ID,NUM_RES_ENT=C.NUM_RES_ENT_NEW,NUM_RES_ENT_OOM=C.NUM_RES_ENT_OOM_NEW FROM (VALUES (CAST ($1 AS BIGINT),CAST ($2 AS INT),CAST ($3 AS BIGINT),CAST ($4 AS BIGINT),CAST ($5 AS BIGINT),CAST ($6 AS BIGINT)),(CAST ($7 AS BIGINT),CAST ($8 AS INT),CAST ($9 AS BIGINT),CAST ($10 AS BIGINT),CAST ($11 AS BIGINT),CAST ($12 AS BIGINT)),(CAST ($13 AS BIGINT),CAST ($14 AS INT),CAST ($15 AS BIGINT),CAST ($16 AS BIGINT),CAST ($17 AS BIGINT),CAST ($18 AS BIGINT)),(CAST ($19 AS BIGINT),CAST ($20 AS INT),CAST ($21 AS BIGINT),CAST ($22 AS BIGINT),CAST ($23 AS BIGINT),CAST ($24 AS BIGINT)),(CAST ($25 AS BIGINT),CAST ($26 AS INT),CAST ($27 AS BIGINT),CAST ($28 AS BIGINT),CAST ($29 AS BIGINT),CAST ($30 AS BIGINT)),(CAST ($31 AS BIGINT),CAST ($32 AS INT),CAST ($33 AS BIGINT),CAST ($34 AS BIGINT),CAST ($35 AS BIGINT),CAST ($36 AS BIGINT)),(CAST ($37 AS BIGINT),CAST ($38 AS INT),CAST ($39 AS BIGINT),CAST ($40 AS BIGINT),CAST ($41 AS BIGINT),CAST ($42 AS BIGINT)),(CAST ($43 AS BIGINT),CAST ($44 AS INT),CAST ($45 AS BIGINT),CAST ($46 AS BIGINT),CAST ($47 AS BIGINT),CAST ($48 AS BIGINT)),(CAST ($49 AS BIGINT),CAST ($50 AS INT),CAST ($51 AS BIGINT),CAST ($52 AS BIGINT),CAST ($53 AS BIGINT),CAST ($54 AS BIGINT))) AS C(LIB_FEAT_ID,FTYPE_ID,NUM_RES_ENT_OLD,NUM_RES_ENT_OOM_OLD,NUM_RES_ENT_NEW,NUM_RES_ENT_OOM_NEW) WHERE C.LIB_FEAT_ID=T.LIB_FEAT_ID AND C.NUM_RES_ENT_OLD=T.NUM_RES_ENT AND C.NUM_RES_ENT_OOM_OLD=T.NUM_RES_ENT_OOM",0,0,0,0,0,0,26,70.62243799999999,0.042578,68.956132,2.716247615384615,13.247991757522101,15,1445,0,0,0,0,0,0,0,0,0,0,0,0,0,0,0,0,0,0,0,0,0,0,0,0,0,0,0,0,2026-08-27 15:53:50.692402+00,2026-08-27 15:53:50.692402+00
10,16384,t,-4207338791945810919,"DECLARE ""query-cursor_48"" SCROLL CURSOR FOR select queryid, left(query, $1), calls, (total_plan_time + total_exec_time) as total_time from aurora_stat_statements($2) order by calls desc limit $3 FOR READ ONLY",0,0,0,0,0,0,1,0.062688,0.062688,0.062688,0.062688,0,0,0,0,0,0,0,0,0,0,0,0,0,0,0,0,0,0,0,0,0,0,0,0,0,0,0,0,0,0,0,2026-08-27 14:15:15.567271+00,2026-08-27 14:15:15.567271+00
10,16384,t,5656155088290621285,"MOVE -1956 IN ""query-cursor_193""",0,0,0,0,0,0,1,0.036642,0.036642,0.036642,0.036642,0,0,0,0,0,0,0,0,0,0,0,0,0,0,0,0,0,0,0,0,0,0,0,0,0,0,0,0,0,0,0,2026-08-27 16:50:15.583146+00,2026-08-27 16:50:15.583146+00
10,16384,t,-7032889355519069429,"FETCH 50 IN ""query-cursor_99""",0,0,0,0,0,0,14,0.046285,0.002789,0.00605,0.0033060714285714286,0.0007932298769934866,700,0,0,0,0,0,0,0,0,0,0,0,0,0,0,0,0,0,0,0,0,0,0,0,0,0,0,0,0,0,2026-08-27 15:06:15.572601+00,2026-08-27 15:06:15.572601+00
10,16384,t,3605542101342601106,"MOVE ALL IN ""query-cursor_112""",0,0,0,0,0,0,1,1.738695,1.738695,1.738695,1.738695,0,0,0,0,0,0,0,0,0,0,0,0,0,0,0,0,0,0,0,0,0,0,0,0,0,0,0,0,0,0,0,2026-08-27 15:19:15.573474+00,2026-08-27 15:19:15.573474+00
10,16384,t,-86617466454470891,"DECLARE ""query-cursor_47"" SCROLL CURSOR FOR select queryid, left(query, $1), calls, (total_plan_time + total_exec_time) as total_time from aurora_stat_statements($2) order by calls desc limit $3 FOR READ ONLY",0,0,0,0,0,0,1,0.062004,0.062004,0.062004,0.062004,0,0,0,0,0,0,0,0,0,0,0,0,0,0,0,0,0,0,0,0,0,0,0,0,0,0,0,0,0,0,0,2026-08-27 14:14:15.567248+00,2026-08-27 14:14:15.567248+00
16410,16412,t,-3502453116086143639,"INSERT INTO RES_FEAT_EKEY(RES_ENT_ID,LIB_FEAT_ID,FTYPE_ID,UTYPE_CODE,SUPPRESSED,OBS_ENT_CNT) VALUES ($1,$2,$3,$4,$5,$6),($7,$8,$9,$10,$11,$12),($13,$14,$15,$16,$17,$18),($19,$20,$21,$22,$23,$24),($25,$26,$27,$28,$29,$30),($31,$32,$33,$34,$35,$36) ON CONFLICT DO NOTHING",0,0,0,0,0,0,67436,178501.67093399816,0.072048,1268.552132,2.6469789271901973,10.487619039751667,404611,5080600,1,0,8267,0,0,0,0,0,0,0,369.6611439999999,0,0,0,0,0,0,0,0,0,0,0,0,0,0,0,0,0,2026-08-27 15:50:46.899889+00,2026-08-27 15:50:46.899889+00
10,16384,t,-2505762965776229702,"FETCH 49 IN ""query-cursor_217""",0,0,0,0,0,0,1,0.003746,0.003746,0.003746,0.003746,0,49,0,0,0,0,0,0,0,0,0,0,0,0,0,0,0,0,0,0,0,0,0,0,0,0,0,0,0,0,0,2026-08-27 17:14:15.598034+00,2026-08-27 17:14:15.598034+00
16410,16412,t,-1395607961413732945,SELECT n.nspname FROM pg_class c JOIN pg_namespace n ON n.oid = c.relnamespace WHERE c.oid = to_regclass($1),0,0,0,0,0,0,1975,108.29841899999983,0.010201,57.337145,0.05483464253164548,1.2986199418560116,1975,9875,0,0,0,0,0,0,0,0,0,0,0,0,0,0,0,0,0,0,0,0,0,0,0,0,0,0,0,0,2026-08-27 15:50:57.78766+00,2026-08-27 15:50:57.78766+00
10,16384,t,2746482423493722230,"FETCH 50 IN ""query-cursor_28""",0,0,0,0,0,0,6,0.022137,0.002835,0.005171,0.0036895,0.0007567658708830184,300,0,0,0,0,0,0,0,0,0,0,0,0,0,0,0,0,0,0,0,0,0,0,0,0,0,0,0,0,0,2026-08-27 13:55:15.566679+00,2026-08-27 13:55:15.566679+00
10,16384,t,7960764577333841111,"MOVE ALL IN ""query-cursor_58""",0,0,0,0,0,0,1,1.037,1.037,1.037,1.037,0,0,0,0,0,0,0,0,0,0,0,0,0,0,0,0,0,0,0,0,0,0,0,0,0,0,0,0,0,0,0,2026-08-27 14:25:15.569087+00,2026-08-27 14:25:15.569087+00
16410,16412,t,-8294753791798228815,"UPDATE RES_FEAT_STAT AS T SET FTYPE_ID=C.FTYPE_ID,NUM_RES_ENT=C.NUM_RES_ENT_NEW,NUM_RES_ENT_OOM=C.NUM_RES_ENT_OOM_NEW FROM (VALUES (CAST ($1 AS BIGINT),CAST ($2 AS INT),CAST ($3 AS BIGINT),CAST ($4 AS BIGINT),CAST ($5 AS BIGINT),CAST ($6 AS BIGINT)),(CAST ($7 AS BIGINT),CAST ($8 AS INT),CAST ($9 AS BIGINT),CAST ($10 AS BIGINT),CAST ($11 AS BIGINT),CAST ($12 AS BIGINT))) AS C(LIB_FEAT_ID,FTYPE_ID,NUM_RES_ENT_OLD,NUM_RES_ENT_OOM_OLD,NUM_RES_ENT_NEW,NUM_RES_ENT_OOM_NEW) WHERE C.LIB_FEAT_ID=T.LIB_FEAT_ID AND C.NUM_RES_ENT_OLD=T.NUM_RES_ENT AND C.NUM_RES_ENT_OOM_OLD=T.NUM_RES_ENT_OOM",0,0,0,0,0,0,1091,48919.36211300005,0.015446000000000001,11262.848612999998,44.839012019248436,559.0163198997782,843,93547,0,0,0,0,0,0,0,0,0,0,0,0,0,0,0,0,0,0,0,0,0,0,0,0,0,0,0,0,2026-08-27 15:51:07.181676+00,2026-08-27 15:51:07.181676+00
10,16384,t,-3242824400699244964,"FETCH 15 IN ""query-cursor_45""",0,0,0,0,0,0,1,0.001797,0.001797,0.001797,0.001797,0,15,0,0,0,0,0,0,0,0,0,0,0,0,0,0,0,0,0,0,0,0,0,0,0,0,0,0,0,0,0,2026-08-27 14:12:15.569745+00,2026-08-27 14:12:15.569745+00
10,16384,t,-2882762892305641315,"MOVE ALL IN ""query-cursor_79""",0,0,0,0,0,0,1,1.335905,1.335905,1.335905,1.335905,0,0,0,0,0,0,0,0,0,0,0,0,0,0,0,0,0,0,0,0,0,0,0,0,0,0,0,0,0,0,0,2026-08-27 14:46:15.570853+00,2026-08-27 14:46:15.570853+00
10,16384,t,-6378066226753830661,"MOVE ALL IN ""query-cursor_218""",0,0,0,0,0,0,1,6.015482,6.015482,6.015482,6.015482,0,0,0,0,0,0,0,0,0,0,0,0,0,0,0,0,0,0,0,0,0,0,0,0,0,0,0,0,0,0,0,2026-08-27 17:15:15.585658+00,2026-08-27 17:15:15.585658+00
10,16384,t,1480452116176088034,SELECT count(*) FROM pg_catalog.pg_class c JOIN pg_catalog.pg_namespace n ON n.oid = c.relnamespace WHERE n.nspname = $1 AND c.relname = $2,0,0,0,0,0,0,768,25.659876000000025,0.009458,1.704212,0.03341129687500003,0.06125889017365311,768,3839,1,0,0,0,0,0,0,0,0,1.678283,0,0,0,0,0,0,0,0,0,0,0,0,0,0,0,0,0,0,2026-08-27 13:27:26.278936+00,2026-08-27 13:27:26.278936+00
16410,16412,t,-3646117030169076453,"SELECT RES_ENT_ID,LIB_FEAT_ID,FTYPE_ID,UTYPE_CODE,SUPPRESSED,OBS_ENT_CNT FROM RES_FEAT_EKEY WHERE RES_ENT_ID IN ($1,$2) AND FTYPE_ID IN ($3,$4,$5,$6,$7,$8,$9,$10,$11,$12,$13,$14,$15,$16)",0,0,0,0,0,0,9170,2133.866012000001,0.031046,29.538315,0.23270076466739376,1.0632541120535448,963161,84892,0,0,0,0,0,0,0,0,0,0,0,0,0,0,0,0,0,0,0,0,0,0,0,0,0,0,0,0,2026-08-27 15:50:47.651255+00,2026-08-27 15:50:47.651255+00
10,16384,t,6011075888152338429,"FETCH 11 IN ""query-cursor_194""",0,0,0,0,0,0,1,0.002462,0.002462,0.002462,0.002462,0,11,0,0,0,0,0,0,0,0,0,0,0,0,0,0,0,0,0,0,0,0,0,0,0,0,0,0,0,0,0,2026-08-27 16:51:15.595578+00,2026-08-27 16:51:15.595578+00
10,16384,t,501344155891052520,"FETCH 50 IN ""query-cursor_204""",0,0,0,0,0,0,40,0.15070999999999998,0.00271,0.005929,0.0037677499999999994,0.0008988082317713823,2000,0,0,0,0,0,0,0,0,0,0,0,0,0,0,0,0,0,0,0,0,0,0,0,0,0,0,0,0,0,2026-08-27 17:01:15.583829+00,2026-08-27 17:01:15.583829+00
10,16384,t,4898663211112854691,"DECLARE ""query-cursor_240"" SCROLL CURSOR FOR select queryid, left(query, $1), calls, (total_plan_time + total_exec_time) as total_time from aurora_stat_statements($2) order by calls desc limit $3 FOR READ ONLY",0,0,0,0,0,0,1,0.068672,0.068672,0.068672,0.068672,0,0,0,0,0,0,0,0,0,0,0,0,0,0,0,0,0,0,0,0,0,0,0,0,0,0,0,0,0,0,0,2026-08-27 17:37:15.580941+00,2026-08-27 17:37:15.580941+00
10,16384,t,-5258564818230754320,"FETCH 50 IN ""query-cursor_31""",0,0,0,0,0,0,6,0.021976000000000002,0.002895,0.005389,0.003662666666666667,0.00082581084732253,300,0,0,0,0,0,0,0,0,0,0,0,0,0,0,0,0,0,0,0,0,0,0,0,0,0,0,0,0,0,2026-08-27 13:58:15.566966+00,2026-08-27 13:58:15.566966+00
10,16384,t,-6662173152785897682,"FETCH 50 IN ""query-cursor_79""",0,0,0,0,0,0,12,0.038935,0.002825,0.005029,0.0032445833333333333,0.0005845356359728823,600,0,0,0,0,0,0,0,0,0,0,0,0,0,0,0,0,0,0,0,0,0,0,0,0,0,0,0,0,0,2026-08-27 14:46:15.570946+00,2026-08-27 14:46:15.570946+00
16410,16412,t,-735936287203435741,"UPDATE RES_ENT SET LOCKING_ID=LOCKING_ID+$34,LOCK_DSRC_ACTION=$1 WHERE RES_ENT_ID IN ($2,$3,$4,$5,$6,$7,$8,$9,$10,$11,$12,$13,$14,$15,$16,$17,$18,$19,$20,$21,$22,$23,$24,$25,$26,$27,$28,$29,$30,$31,$32,$33)",0,0,0,0,0,0,2,0.675217,0.315756,0.359461,0.3376085,0.021852499999999997,39,390,0,0,0,0,0,0,0,0,0,0,0,0,0,0,0,0,0,0,0,0,0,0,0,0,0,0,0,0,2026-08-27 16:09:23.964798+00,2026-08-27 16:09:23.964798+00
16410,16412,t,-1661064951598852544,"SELECT OBS_ENT_ID,RES_ENT_ID FROM RES_ENT_OKEY WHERE OBS_ENT_ID IN ($1,$2,$3,$4,$5,$6,$7,$8,$9,$10,$11,$12,$13,$14,$15,$16,$17,$18,$19,$20,$21,$22,$23,$24,$25,$26,$27,$28,$29,$30,$31,$32,$33,$34,$35,$36,$37,$38,$39,$40,$41,$42,$43,$44,$45,$46,$47,$48,$49,$50,$51,$52,$53,$54,$55,$56,$57,$58,$59,$60,$61,$62,$63,$64)",0,0,0,0,0,0,1,0.409818,0.409818,0.409818,0.409818,0,46,173,0,0,0,0,0,0,0,0,0,0,0,0,0,0,0,0,0,0,0,0,0,0,0,0,0,0,0,0,2026-08-27 16:10:02.115654+00,2026-08-27 16:10:02.115654+00
16410,16412,t,-8895857438747939378,"SELECT name, setting FROM pg_settings
WHERE name IN ($1,$2,$3,
               $4,$5)
ORDER BY name",0,0,0,0,0,0,1,1.2719610000000001,1.2719610000000001,1.2719610000000001,1.2719610000000001,0,5,4,0,0,0,0,0,0,0,0,0,0,0,0,0,0,0,0,0,0,0,0,0,0,0,0,0,0,0,0,2026-08-27 14:28:08.272553+00,2026-08-27 14:28:08.272553+00
10,16384,t,-7635793080401679586,"FETCH 0 IN ""query-cursor_209""",0,0,0,0,0,0,1,0.00428,0.00428,0.00428,0.00428,0,0,0,0,0,0,0,0,0,0,0,0,0,0,0,0,0,0,0,0,0,0,0,0,0,0,0,0,0,0,0,2026-08-27 17:06:15.578762+00,2026-08-27 17:06:15.578762+00
10,16384,t,6746762493258705426,"DECLARE ""query-cursor_149"" SCROLL CURSOR FOR select queryid, left(query, $1), calls, (total_plan_time + total_exec_time) as total_time from aurora_stat_statements($2) order by calls desc limit $3 FOR READ ONLY",0,0,0,0,0,0,1,0.057177,0.057177,0.057177,0.057177,0,0,0,0,0,0,0,0,0,0,0,0,0,0,0,0,0,0,0,0,0,0,0,0,0,0,0,0,0,0,0,2026-08-27 15:56:15.574436+00,2026-08-27 15:56:15.574436+00
10,16384,t,104894978418148477,"FETCH 49 IN ""query-cursor_116""",0,0,0,0,0,0,1,0.003181,0.003181,0.003181,0.003181,0,49,0,0,0,0,0,0,0,0,0,0,0,0,0,0,0,0,0,0,0,0,0,0,0,0,0,0,0,0,0,2026-08-27 15:23:15.576903+00,2026-08-27 15:23:15.576903+00
16410,16412,t,2626920458643934777,"SELECT RES_ENT_ID,LIB_FEAT_ID,FTYPE_ID,UTYPE_CODE,SUPPRESSED,OBS_ENT_CNT FROM RES_FEAT_EKEY WHERE RES_ENT_ID IN ($1,$2) AND FTYPE_ID IN ($3,$4,$5,$6,$7,$8,$9,$10,$11,$12,$13,$14,$15,$16,$17,$18,$19,$20,$21,$22,$23,$24,$25,$26,$27,$28,$29,$30,$31,$32,$33,$34,$35,$36,$37,$38,$39,$40,$41,$42,$43,$44,$45,$46,$47,$48,$49,$50,$51,$52,$53,$54,$55,$56,$57,$58,$59,$60)",0,0,0,0,0,0,1,0.139911,0.139911,0.139911,0.139911,0,0,10,0,0,0,0,0,0,0,0,0,0,0,0,0,0,0,0,0,0,0,0,0,0,0,0,0,0,0,0,2026-08-27 15:57:41.411938+00,2026-08-27 15:57:41.411938+00
10,16384,t,-8996488816868977346,"FETCH 12 IN ""query-cursor_244""",0,0,0,0,0,0,1,0.001804,0.001804,0.001804,0.001804,0,12,0,0,0,0,0,0,0,0,0,0,0,0,0,0,0,0,0,0,0,0,0,0,0,0,0,0,0,0,0,2026-08-27 17:41:15.601164+00,2026-08-27 17:41:15.601164+00
16410,16412,t,5120524588221360650,"SELECT LIB_FEAT_ID,NUM_RES_ENT,NUM_RES_ENT_OOM,CANDIDATE_CAP_REACHED,SCORING_CAP_REACHED FROM RES_FEAT_STAT WHERE LIB_FEAT_ID IN ($1,$2,$3,$4,$5,$6,$7,$8,$9,$10,$11,$12,$13,$14,$15,$16,$17,$18,$19,$20,$21,$22,$23,$24,$25,$26,$27,$28,$29,$30,$31,$32)",0,0,0,0,0,0,327899,51469.78056499919,0.0069,96.56052,0.15696839747909933,0.7416967392533949,7727509,17571281,0,0,0,0,0,0,0,0,0,0,0,0,0,0,0,0,0,0,0,0,0,0,0,0,0,0,0,0,2026-08-27 15:50:47.120332+00,2026-08-27 15:50:47.120332+00
10,16384,t,2933798123131305935,"FETCH 50 IN ""query-cursor_84""",0,0,0,0,0,0,13,0.04142,0.002753,0.005775,0.003186153846153846,0.000776112585622814,650,0,0,0,0,0,0,0,0,0,0,0,0,0,0,0,0,0,0,0,0,0,0,0,0,0,0,0,0,0,2026-08-27 14:51:15.571348+00,2026-08-27 14:51:15.571348+00
10,16384,t,-1041116581600476558,"FETCH 0 IN ""query-cursor_118""",0,0,0,0,0,0,1,0.00393,0.00393,0.00393,0.00393,0,0,0,0,0,0,0,0,0,0,0,0,0,0,0,0,0,0,0,0,0,0,0,0,0,0,0,0,0,0,0,2026-08-27 15:25:15.572105+00,2026-08-27 15:25:15.572105+00
10,16384,t,-74149798017933291,"FETCH 0 IN ""query-cursor_53""",0,0,0,0,0,0,1,0.003923,0.003923,0.003923,0.003923,0,0,0,0,0,0,0,0,0,0,0,0,0,0,0,0,0,0,0,0,0,0,0,0,0,0,0,0,0,0,0,2026-08-27 14:20:15.56772+00,2026-08-27 14:20:15.56772+00
16410,16412,t,-3834203596799410931,"SELECT RES_ENT_ID,LIB_FEAT_ID,FTYPE_ID,UTYPE_CODE,SUPPRESSED,OBS_ENT_CNT FROM RES_FEAT_EKEY WHERE RES_ENT_ID IN ($1,$2,$3,$4,$5,$6,$7,$8,$9,$10,$11,$12,$13,$14,$15,$16) AND FTYPE_ID IN ($17,$18,$19,$20,$21,$22,$23,$24,$25,$26,$27,$28,$29,$30,$31,$32,$33,$34,$35,$36,$37,$38,$39,$40,$41)",0,0,0,0,0,0,32,470.2098269999999,2.087996,93.141256,14.694057093749997,20.368061303215807,408820,7097,0,0,0,0,0,0,0,0,0,0,0,0,0,0,0,0,0,0,0,0,0,0,0,0,0,0,0,0,2026-08-27 15:50:50.81173+00,2026-08-27 15:50:50.81173+00
16410,16412,t,-4350997290987752787,"SELECT f.calls - coalesce(b.calls,$1)                       AS calls,
       f.rows  - coalesce(b.rows,$2)                        AS rows,
       round(f.total_exec_time - coalesce(b.total_exec_time,$3)) AS total_ms,
       f.shared_blks_read    - coalesce(b.shared_blks_read,$4)    AS blks_read,
       f.shared_blks_written - coalesce(b.shared_blks_written,$5) AS blks_written,
       f.shared_blks_dirtied - coalesce(b.shared_blks_dirtied,$6) AS blks_dirtied,
       f.wal_bytes           - coalesce(b.wal_bytes,$7)           AS wal_bytes,
       left(f.query, $8)                                   AS query
FROM perf.snap_statement f
LEFT JOIN perf.snap_statement b
       ON b.queryid = f.queryid AND b.label=$9
WHERE f.label=$10
  AND f.total_exec_time - coalesce(b.total_exec_time,$11) > $12
ORDER BY f.total_exec_time - coalesce(b.total_exec_time,$13) DESC
LIMIT $14",0,0,0,0,0,0,1,36.478732,36.478732,36.478732,36.478732,0,25,18177,0,0,0,0,0,0,0,0,0,0,0,0,0,0,0,0,0,0,0,0,0,0,0,0,0,0,0,0,2026-08-27 17:43:04.48062+00,2026-08-27 17:43:04.48062+00
10,16384,t,5017909994791795549,"FETCH 50 IN ""query-cursor_75""",0,0,0,0,0,0,12,0.045698,0.002938,0.006116,0.0038081666666666667,0.0009566479527786357,600,0,0,0,0,0,0,0,0,0,0,0,0,0,0,0,0,0,0,0,0,0,0,0,0,0,0,0,0,0,2026-08-27 14:42:15.570656+00,2026-08-27 14:42:15.570656+00
16410,16412,t,1440651055128080051,"INSERT INTO SYS_SEQUENCE (SEQUENCE_NAME,NEXT_SEQUENCE,CACHE_SIZE) VALUES ($1,$2,$3)",0,0,0,0,0,0,5,1.546354,0.017282000000000002,1.440106,0.3092708,0.5655481880354316,5,23,1,0,2,0,0,0,0,0,0,1.367484,0.010375,0,0,0,0,0,0,0,0,0,0,0,0,0,0,0,0,0,2026-08-27 13:29:50.071135+00,2026-08-27 13:29:50.071135+00
16410,16412,t,264999107471737992,"SELECT LIB_FEAT_ID FROM SEMANTIC_VALUE WHERE LIB_FEAT_ID IN ($1,$2,$3,$4,$5,$6,$7,$8,$9,$10,$11,$12,$13,$14,$15,$16)",0,0,0,0,0,0,29,1.603332,0.039418,0.095519,0.05528731034482758,0.012582005341793788,298,1131,0,0,0,0,0,0,0,0,0,0,0,0,0,0,0,0,0,0,0,0,0,0,0,0,0,0,0,0,2026-08-27 16:07:39.881885+00,2026-08-27 16:07:39.881885+00
10,16384,t,-6630159136682931983,"DECLARE ""query-cursor_104"" SCROLL CURSOR FOR select queryid, left(query, $1), calls, (total_plan_time + total_exec_time) as total_time from aurora_stat_statements($2) order by calls desc limit $3 FOR READ ONLY",0,0,0,0,0,0,1,0.065786,0.065786,0.065786,0.065786,0,0,0,0,0,0,0,0,0,0,0,0,0,0,0,0,0,0,0,0,0,0,0,0,0,0,0,0,0,0,0,2026-08-27 15:11:15.571158+00,2026-08-27 15:11:15.571158+00
10,16384,t,-5619742185103137198,"FETCH 50 IN ""query-cursor_49""",0,0,0,0,0,0,8,0.026626,0.002867,0.005194,0.00332825,0.0007263442279663272,400,0,0,0,0,0,0,0,0,0,0,0,0,0,0,0,0,0,0,0,0,0,0,0,0,0,0,0,0,0,2026-08-27 14:16:15.568519+00,2026-08-27 14:16:15.568519+00
10,16384,t,-8716488045142985682,"FETCH 31 IN ""query-cursor_113""",0,0,0,0,0,0,1,0.002496,0.002496,0.002496,0.002496,0,31,0,0,0,0,0,0,0,0,0,0,0,0,0,0,0,0,0,0,0,0,0,0,0,0,0,0,0,0,0,2026-08-27 15:20:15.576701+00,2026-08-27 15:20:15.576701+00
16410,16412,t,3620118175299940109,"SELECT RES_ENT_ID,LIB_FEAT_ID,FTYPE_ID,UTYPE_CODE,SUPPRESSED,OBS_ENT_CNT FROM RES_FEAT_EKEY WHERE RES_ENT_ID IN ($1,$2,$3,$4,$5,$6,$7,$8,$9,$10,$11,$12,$13,$14,$15,$16,$17,$18,$19,$20,$21,$22,$23,$24,$25,$26,$27,$28,$29,$30,$31,$32) AND FTYPE_ID IN ($33,$34,$35,$36,$37,$38,$39,$40,$41,$42,$43,$44,$45,$46)",0,0,0,0,0,0,2749,20031.868929999968,0.255971,591.5187910000001,7.286965780283728,24.54562578102498,7846538,344385,0,0,0,0,0,0,0,0,0,0,0,0,0,0,0,0,0,0,0,0,0,0,0,0,0,0,0,0,2026-08-27 15:50:50.410436+00,2026-08-27 15:50:50.410436+00
10,16384,t,-7084435702122960719,"FETCH 0 IN ""query-cursor_215""",0,0,0,0,0,0,1,0.004507,0.004507,0.004507,0.004507,0,0,0,0,0,0,0,0,0,0,0,0,0,0,0,0,0,0,0,0,0,0,0,0,0,0,0,0,0,0,0,2026-08-27 17:12:15.579245+00,2026-08-27 17:12:15.579245+00
16410,16412,t,1663653084084213606,"UPDATE RES_FEAT_STAT AS T SET FTYPE_ID=C.FTYPE_ID,NUM_RES_ENT=C.NUM_RES_ENT_NEW,NUM_RES_ENT_OOM=C.NUM_RES_ENT_OOM_NEW FROM (VALUES (CAST ($1 AS BIGINT),CAST ($2 AS INT),CAST ($3 AS BIGINT),CAST ($4 AS BIGINT),CAST ($5 AS BIGINT),CAST ($6 AS BIGINT)),(CAST ($7 AS BIGINT),CAST ($8 AS INT),CAST ($9 AS BIGINT),CAST ($10 AS BIGINT),CAST ($11 AS BIGINT),CAST ($12 AS BIGINT)),(CAST ($13 AS BIGINT),CAST ($14 AS INT),CAST ($15 AS BIGINT),CAST ($16 AS BIGINT),CAST ($17 AS BIGINT),CAST ($18 AS BIGINT)),(CAST ($19 AS BIGINT),CAST ($20 AS INT),CAST ($21 AS BIGINT),CAST ($22 AS BIGINT),CAST ($23 AS BIGINT),CAST ($24 AS BIGINT)),(CAST ($25 AS BIGINT),CAST ($26 AS INT),CAST ($27 AS BIGINT),CAST ($28 AS BIGINT),CAST ($29 AS BIGINT),CAST ($30 AS BIGINT))) AS C(LIB_FEAT_ID,FTYPE_ID,NUM_RES_ENT_OLD,NUM_RES_ENT_OOM_OLD,NUM_RES_ENT_NEW,NUM_RES_ENT_OOM_NEW) WHERE C.LIB_FEAT_ID=T.LIB_FEAT_ID AND C.NUM_RES_ENT_OLD=T.NUM_RES_ENT AND C.NUM_RES_ENT_OOM_OLD=T.NUM_RES_ENT_OOM",0,0,0,0,0,0,35,11.345309000000002,0.044242000000000004,1.402893,0.32415168571428576,0.25854600518556753,75,7357,0,0,0,0,0,0,0,0,0,0,0,0,0,0,0,0,0,0,0,0,0,0,0,0,0,0,0,0,2026-08-27 15:52:32.48271+00,2026-08-27 15:52:32.48271+00
10,16384,t,3234058360427819024,"FETCH 9 IN ""query-cursor_126""",0,0,0,0,0,0,1,0.001468,0.001468,0.001468,0.001468,0,9,0,0,0,0,0,0,0,0,0,0,0,0,0,0,0,0,0,0,0,0,0,0,0,0,0,0,0,0,0,2026-08-27 15:33:15.577879+00,2026-08-27 15:33:15.577879+00
10,16384,t,4410024986587567167,"DECLARE ""query-cursor_206"" SCROLL CURSOR FOR select queryid, left(query, $1), calls, (total_plan_time + total_exec_time) as total_time from aurora_stat_statements($2) order by calls desc limit $3 FOR READ ONLY",0,0,0,0,0,0,1,0.062398,0.062398,0.062398,0.062398,0,0,0,0,0,0,0,0,0,0,0,0,0,0,0,0,0,0,0,0,0,0,0,0,0,0,0,0,0,0,0,2026-08-27 17:03:15.578535+00,2026-08-27 17:03:15.578535+00
10,16384,t,3126210736499393966,select setting from pg_settings where name = $1,0,0,0,0,0,0,1,1.27329,1.27329,1.27329,1.27329,0,1,0,0,0,0,0,0,0,0,0,0,0,0,0,0,0,0,0,0,0,0,0,0,0,0,0,0,0,0,0,2026-08-27 13:28:14.946653+00,2026-08-27 13:28:14.946653+00
10,16384,t,6078491538589941136,"MOVE -2118 IN ""query-cursor_220""",0,0,0,0,0,0,1,0.039501,0.039501,0.039501,0.039501,0,0,0,0,0,0,0,0,0,0,0,0,0,0,0,0,0,0,0,0,0,0,0,0,0,0,0,0,0,0,0,2026-08-27 17:17:15.584872+00,2026-08-27 17:17:15.584872+00
10,16384,t,5032465824973175111,"FETCH 0 IN ""query-cursor_48""",0,0,0,0,0,0,1,0.003603,0.003603,0.003603,0.003603,0,0,0,0,0,0,0,0,0,0,0,0,0,0,0,0,0,0,0,0,0,0,0,0,0,0,0,0,0,0,0,2026-08-27 14:15:15.567314+00,2026-08-27 14:15:15.567314+00
10,16384,t,2781146910936321476,"MOVE ALL IN ""query-cursor_241""",0,0,0,0,0,0,1,5.852394,5.852394,5.852394,5.852394,0,0,0,0,0,0,0,0,0,0,0,0,0,0,0,0,0,0,0,0,0,0,0,0,0,0,0,0,0,0,0,2026-08-27 17:38:15.586938+00,2026-08-27 17:38:15.586938+00
16410,16412,t,-5521255891085523446,"SELECT LIB_FEAT_ID FROM NAME_EMBEDDING WHERE LIB_FEAT_ID IN ($1,$2)",0,0,0,0,0,0,2292,72.38242300000013,0.013418,14.422808999999999,0.03158046378708557,0.3039432945275542,4584,20622,0,0,0,0,0,0,0,0,0,0,0,0,0,0,0,0,0,0,0,0,0,0,0,0,0,0,0,0,2026-08-27 15:57:32.199982+00,2026-08-27 15:57:32.199982+00
16410,16412,t,-5834180044305230945,"UPDATE RES_ENT_OKEY SET RES_ENT_ID=$1,ERRULE_ID=$2,MATCH_KEY=$3 WHERE OBS_ENT_ID=$4",0,0,0,0,0,0,6928,2183.8579599999866,0.004352999999999999,19.767207,0.3152219919168572,1.1945697882668933,6788,92874,0,0,25,0,0,0,0,0,0,0,21.022661,0,0,0,0,0,0,0,0,0,0,0,0,0,0,0,0,0,2026-08-27 15:50:59.82096+00,2026-08-27 15:50:59.82096+00
16410,16412,t,199042775651734256,"SELECT RES_ENT_ID,LIB_FEAT_ID,FTYPE_ID,UTYPE_CODE,SUPPRESSED,OBS_ENT_CNT FROM RES_FEAT_EKEY WHERE RES_ENT_ID IN ($1,$2,$3,$4) AND FTYPE_ID IN ($5,$6,$7,$8,$9,$10,$11,$12,$13,$14,$15,$16,$17,$18,$19,$20,$21,$22)",0,0,0,0,0,0,606,445.32999899999993,0.04811,46.623928,0.7348679851485147,2.183814448586946,464069,13710,0,0,0,0,0,0,0,0,0,0,0,0,0,0,0,0,0,0,0,0,0,0,0,0,0,0,0,0,2026-08-27 15:50:47.592294+00,2026-08-27 15:50:47.592294+00
16410,16412,t,5058427414213618369,"INSERT INTO RES_FEAT_STAT(LIB_FEAT_ID,FTYPE_ID,NUM_RES_ENT,NUM_RES_ENT_OOM) VALUES ($1,$2,$3,$4),($5,$6,$7,$8),($9,$10,$11,$12),($13,$14,$15,$16),($17,$18,$19,$20),($21,$22,$23,$24),($25,$26,$27,$28),($29,$30,$31,$32),($33,$34,$35,$36),($37,$38,$39,$40),($41,$42,$43,$44),($45,$46,$47,$48) ON CONFLICT DO NOTHING",0,0,0,0,0,0,38026,114472.32581699967,0.11145999999999999,934.964458,3.010369899989472,13.265826675251642,456129,3869137,0,0,6414,0,0,0,0,0,0,0,237.31876699999992,0,0,0,0,0,0,0,0,0,0,0,0,0,0,0,0,0,2026-08-27 15:50:46.936774+00,2026-08-27 15:50:46.936774+00
16410,16412,t,5598641032021687584,"SELECT RES_ENT_ID,ENT_STATE,LOCKING_ID FROM RES_ENT WHERE RES_ENT_ID IN ($1,$2)",0,0,0,0,0,0,98561,3833.4671109999736,0.009094,30.632422,0.03889436096427566,0.332681706643127,197121,805822,0,0,0,0,0,0,0,0,0,0,0,0,0,0,0,0,0,0,0,0,0,0,0,0,0,0,0,0,2026-08-27 15:50:47.124343+00,2026-08-27 15:50:47.124343+00
10,16384,t,1423712592550963629,"DECLARE ""query-cursor_44"" SCROLL CURSOR FOR select queryid, left(query, $1), calls, (total_plan_time + total_exec_time) as total_time from aurora_stat_statements($2) order by calls desc limit $3 FOR READ ONLY",0,0,0,0,0,0,1,0.059038,0.059038,0.059038,0.059038,0,0,0,0,0,0,0,0,0,0,0,0,0,0,0,0,0,0,0,0,0,0,0,0,0,0,0,0,0,0,0,2026-08-27 14:11:15.566989+00,2026-08-27 14:11:15.566989+00
10,16384,t,-6563594351007590059,"DECLARE ""query-cursor_88"" SCROLL CURSOR FOR select queryid, left(query, $1), calls, (total_plan_time + total_exec_time) as total_time from aurora_stat_statements($2) order by calls desc limit $3 FOR READ ONLY",0,0,0,0,0,0,1,0.06114,0.06114,0.06114,0.06114,0,0,0,0,0,0,0,0,0,0,0,0,0,0,0,0,0,0,0,0,0,0,0,0,0,0,0,0,0,0,0,2026-08-27 14:55:15.570068+00,2026-08-27 14:55:15.570068+00
16410,16412,t,-1820420174334317245,"SELECT RES_ENT_ID,LIB_FEAT_ID,FTYPE_ID,UTYPE_CODE,SUPPRESSED,OBS_ENT_CNT FROM RES_FEAT_EKEY WHERE RES_ENT_ID IN ($1,$2,$3,$4,$5,$6,$7,$8,$9,$10,$11,$12,$13,$14,$15,$16,$17,$18,$19,$20,$21,$22,$23,$24,$25,$26,$27,$28,$29,$30,$31,$32,$33,$34,$35,$36,$37,$38,$39,$40,$41,$42,$43,$44,$45,$46,$47,$48,$49,$50,$51,$52,$53,$54,$55,$56,$57,$58,$59,$60,$61,$62,$63,$64,$65,$66,$67,$68,$69,$70,$71,$72,$73,$74,$75,$76,$77,$78,$79,$80,$81,$82,$83,$84,$85,$86,$87,$88,$89,$90) AND FTYPE_ID IN ($91,$92,$93,$94,$95,$96,$97,$98,$99,$100)",0,0,0,0,0,0,117,6375.993937999999,2.498679,316.859668,54.495674683760676,69.86123281675084,3312601,128998,0,0,0,0,0,0,0,0,0,0,0,0,0,0,0,0,0,0,0,0,0,0,0,0,0,0,0,0,2026-08-27 15:51:17.330802+00,2026-08-27 15:51:17.330802+00
10,16384,t,-6715291035488355226,"FETCH 50 IN ""query-cursor_97""",0,0,0,0,0,0,14,0.044792000000000005,0.002701,0.005486,0.003199428571428572,0.0006761683765671003,700,0,0,0,0,0,0,0,0,0,0,0,0,0,0,0,0,0,0,0,0,0,0,0,0,0,0,0,0,0,2026-08-27 15:04:15.572444+00,2026-08-27 15:04:15.572444+00
10,16384,t,-4705501296790144833,"FETCH 50 IN ""query-cursor_138""",0,0,0,0,0,0,19,0.060915000000000004,0.002735,0.00595,0.0032060526315789476,0.0007321714261222693,950,0,0,0,0,0,0,0,0,0,0,0,0,0,0,0,0,0,0,0,0,0,0,0,0,0,0,0,0,0,2026-08-27 15:45:15.575855+00,2026-08-27 15:45:15.575855+00
10,16384,t,3221855203466353032,"FETCH 50 IN ""query-cursor_34""",0,0,0,0,0,0,7,0.023572000000000003,0.002694,0.005624,0.003367428571428572,0.0009500420828487929,350,0,0,0,0,0,0,0,0,0,0,0,0,0,0,0,0,0,0,0,0,0,0,0,0,0,0,0,0,0,2026-08-27 14:01:15.567343+00,2026-08-27 14:01:15.567343+00
10,16384,t,4285757916601300173,"FETCH 0 IN ""query-cursor_136""",0,0,0,0,0,0,1,0.004109,0.004109,0.004109,0.004109,0,0,0,0,0,0,0,0,0,0,0,0,0,0,0,0,0,0,0,0,0,0,0,0,0,0,0,0,0,0,0,2026-08-27 15:43:15.573422+00,2026-08-27 15:43:15.573422+00
10,16384,t,6331441076211428459,"MOVE ALL IN ""query-cursor_210""",0,0,0,0,0,0,1,5.353089,5.353089,5.353089,5.353089,0,0,0,0,0,0,0,0,0,0,0,0,0,0,0,0,0,0,0,0,0,0,0,0,0,0,0,0,0,0,0,2026-08-27 17:07:15.584256+00,2026-08-27 17:07:15.584256+00
10,16384,t,1914121946488229798,"FETCH 0 IN ""query-cursor_58""",0,0,0,0,0,0,1,0.003514,0.003514,0.003514,0.003514,0,0,0,0,0,0,0,0,0,0,0,0,0,0,0,0,0,0,0,0,0,0,0,0,0,0,0,0,0,0,0,2026-08-27 14:25:15.568008+00,2026-08-27 14:25:15.568008+00
16410,16412,t,-7783725729003736794,"INSERT INTO SYS_VARS (VAR_GROUP,VAR_CODE,VAR_VALUE) VALUES ($1,$2,$3)",0,0,0,0,0,0,1,0.5272020000000001,0.5272020000000001,0.5272020000000001,0.5272020000000001,0,1,17,1,0,2,0,0,0,0,0,0,0.445112,0.020795,0,0,0,0,0,0,0,0,0,0,0,0,0,0,0,0,0,2026-08-27 13:29:50.102282+00,2026-08-27 13:29:50.102282+00
10,16384,t,8987278829033277057,"MOVE ALL IN ""query-cursor_38""",0,0,0,0,0,0,1,0.826008,0.826008,0.826008,0.826008,0,0,0,0,0,0,0,0,0,0,0,0,0,0,0,0,0,0,0,0,0,0,0,0,0,0,0,0,0,0,0,2026-08-27 14:05:15.567502+00,2026-08-27 14:05:15.567502+00
10,16384,t,2952929571951121610,"MOVE -1776 IN ""query-cursor_163""",0,0,0,0,0,0,1,0.033698,0.033698,0.033698,0.033698,0,0,0,0,0,0,0,0,0,0,0,0,0,0,0,0,0,0,0,0,0,0,0,0,0,0,0,0,0,0,0,2026-08-27 16:18:15.580554+00,2026-08-27 16:18:15.580554+00
10,16384,t,-1633225472164160872,"FETCH 0 IN ""query-cursor_193""",0,0,0,0,0,0,1,0.003547,0.003547,0.003547,0.003547,0,0,0,0,0,0,0,0,0,0,0,0,0,0,0,0,0,0,0,0,0,0,0,0,0,0,0,0,0,0,0,2026-08-27 16:50:15.577837+00,2026-08-27 16:50:15.577837+00
16410,16412,t,-6467742522613907551,"SELECT OBS_ENT_ID,RES_ENT_ID FROM RES_ENT_OKEY WHERE OBS_ENT_ID IN ($1,$2,$3,$4,$5,$6,$7,$8,$9,$10,$11,$12,$13,$14,$15,$16,$17,$18,$19,$20,$21,$22,$23,$24,$25,$26,$27,$28,$29,$30,$31,$32)",0,0,0,0,0,0,16,10.786223999999997,0.090937,8.920072,0.6741389999999998,2.1291881439819673,350,1379,0,0,0,0,0,0,0,0,0,0,0,0,0,0,0,0,0,0,0,0,0,0,0,0,0,0,0,0,2026-08-27 15:57:22.945079+00,2026-08-27 15:57:22.945079+00
10,16384,t,-1792737309801232141,"DECLARE ""query-cursor_186"" SCROLL CURSOR FOR select queryid, left(query, $1), calls, (total_plan_time + total_exec_time) as total_time from aurora_stat_statements($2) order by calls desc limit $3 FOR READ ONLY",0,0,0,0,0,0,1,0.06831,0.06831,0.06831,0.06831,0,0,0,0,0,0,0,0,0,0,0,0,0,0,0,0,0,0,0,0,0,0,0,0,0,0,0,0,0,0,0,2026-08-27 16:43:15.577116+00,2026-08-27 16:43:15.577116+00
10,16384,t,3937360500916796229,"MOVE ALL IN ""query-cursor_149""",0,0,0,0,0,0,1,4.583971,4.583971,4.583971,4.583971,0,0,0,0,0,0,0,0,0,0,0,0,0,0,0,0,0,0,0,0,0,0,0,0,0,0,0,0,0,0,0,2026-08-27 15:56:15.579219+00,2026-08-27 15:56:15.579219+00
10,16384,t,-2105277973559497524,"FETCH 29 IN ""query-cursor_121""",0,0,0,0,0,0,1,0.002463,0.002463,0.002463,0.002463,0,29,0,0,0,0,0,0,0,0,0,0,0,0,0,0,0,0,0,0,0,0,0,0,0,0,0,0,0,0,0,2026-08-27 15:28:15.577307+00,2026-08-27 15:28:15.577307+00
16410,16412,t,-8209814248549162043,"SELECT RES_ENT_ID,LIB_FEAT_ID,FTYPE_ID,UTYPE_CODE,SUPPRESSED,OBS_ENT_CNT FROM RES_FEAT_EKEY WHERE RES_ENT_ID IN ($1,$2,$3,$4,$5,$6,$7,$8,$9,$10,$11,$12,$13,$14,$15,$16,$17,$18,$19,$20,$21,$22,$23,$24,$25,$26,$27,$28,$29,$30,$31,$32,$33,$34,$35,$36,$37,$38,$39,$40,$41,$42,$43,$44,$45,$46,$47,$48,$49,$50,$51,$52,$53,$54,$55,$56,$57,$58,$59,$60,$61,$62,$63,$64) AND FTYPE_ID IN ($65,$66,$67,$68,$69,$70,$71,$72,$73,$74,$75,$76,$77,$78,$79,$80,$81,$82,$83,$84,$85,$86,$87)",0,0,0,0,0,0,104,9210.994992,6.220677,435.661242,88.56725953846154,88.77227846339653,5089288,81886,0,0,0,0,0,0,0,0,0,0,0,0,0,0,0,0,0,0,0,0,0,0,0,0,0,0,0,0,2026-08-27 15:51:12.198321+00,2026-08-27 15:51:12.198321+00
10,16384,t,7688791289752346169,"MOVE -990 IN ""query-cursor_139""",0,0,0,0,0,0,1,0.019067,0.019067,0.019067,0.019067,0,0,0,0,0,0,0,0,0,0,0,0,0,0,0,0,0,0,0,0,0,0,0,0,0,0,0,0,0,0,0,2026-08-27 15:46:15.575803+00,2026-08-27 15:46:15.575803+00
10,16384,t,3826647708333449123,"FETCH 0 IN ""query-cursor_135""",0,0,0,0,0,0,1,0.004123,0.004123,0.004123,0.004123,0,0,0,0,0,0,0,0,0,0,0,0,0,0,0,0,0,0,0,0,0,0,0,0,0,0,0,0,0,0,0,2026-08-27 15:42:15.573379+00,2026-08-27 15:42:15.573379+00
10,16384,t,-614991006262165748,"FETCH 0 IN ""query-cursor_52""",0,0,0,0,0,0,1,0.003239,0.003239,0.003239,0.003239,0,0,0,0,0,0,0,0,0,0,0,0,0,0,0,0,0,0,0,0,0,0,0,0,0,0,0,0,0,0,0,2026-08-27 14:19:15.56763+00,2026-08-27 14:19:15.56763+00
10,16384,t,5753907268099521058,"DECLARE ""query-cursor_172"" SCROLL CURSOR FOR select queryid, left(query, $1), calls, (total_plan_time + total_exec_time) as total_time from aurora_stat_statements($2) order by calls desc limit $3 FOR READ ONLY",0,0,0,0,0,0,1,0.061793,0.061793,0.061793,0.061793,0,0,0,0,0,0,0,0,0,0,0,0,0,0,0,0,0,0,0,0,0,0,0,0,0,0,0,0,0,0,0,2026-08-27 16:29:15.576085+00,2026-08-27 16:29:15.576085+00
10,16384,t,-2258005032466051606,"FETCH 0 IN ""query-cursor_173""",0,0,0,0,0,0,1,0.00391,0.00391,0.00391,0.00391,0,0,0,0,0,0,0,0,0,0,0,0,0,0,0,0,0,0,0,0,0,0,0,0,0,0,0,0,0,0,0,2026-08-27 16:30:15.576208+00,2026-08-27 16:30:15.576208+00
10,16384,t,-83283789966490879,select max(age(datfrozenxid)) as max_used_xact_ids from pg_database,0,0,0,0,0,0,245,2.1726680000000007,0.007155,0.031108,0.008868032653061228,0.002222549166820339,245,245,0,0,0,0,0,0,0,0,0,0,0,0,0,0,0,0,0,0,0,0,0,0,0,0,0,0,0,0,2026-08-27 13:28:15.109517+00,2026-08-27 13:28:15.109517+00
10,16384,t,7668798278744187058,"DECLARE ""query-cursor_235"" SCROLL CURSOR FOR select queryid, left(query, $1), calls, (total_plan_time + total_exec_time) as total_time from aurora_stat_statements($2) order by calls desc limit $3 FOR READ ONLY",0,0,0,0,0,0,1,0.065909,0.065909,0.065909,0.065909,0,0,0,0,0,0,0,0,0,0,0,0,0,0,0,0,0,0,0,0,0,0,0,0,0,0,0,0,0,0,0,2026-08-27 17:32:15.5806+00,2026-08-27 17:32:15.5806+00
16410,16412,t,-4218463173960529840,"INSERT INTO RES_FEAT_EKEY(RES_ENT_ID,LIB_FEAT_ID,FTYPE_ID,UTYPE_CODE,SUPPRESSED,OBS_ENT_CNT) VALUES ($1,$2,$3,$4,$5,$6),($7,$8,$9,$10,$11,$12),($13,$14,$15,$16,$17,$18),($19,$20,$21,$22,$23,$24),($25,$26,$27,$28,$29,$30),($31,$32,$33,$34,$35,$36),($37,$38,$39,$40,$41,$42),($43,$44,$45,$46,$47,$48) ON CONFLICT DO NOTHING",0,0,0,0,0,0,73368,248769.71469600216,0.09554599999999999,4805.49594,3.3907114095518778,20.978807439681326,586944,7366117,1,0,10509,0,0,0,0,0,0,0,595.6435040000006,0,0,0,0,0,0,0,0,0,0,0,0,0,0,0,0,0,2026-08-27 15:50:46.883316+00,2026-08-27 15:50:46.883316+00
10,16384,t,-1179338448568057693,"select queryid, calls, (total_plan_time + total_exec_time) as total_time, rows, shared_blks_hit, shared_blks_dirtied, shared_blks_read, shared_blks_written, local_blks_hit, local_blks_dirtied, local_blks_read, local_blks_written, temp_blks_read, temp_blks_written, storage_blks_read, orcache_blks_hit, shared_blk_read_time as blk_read_time, shared_blk_write_time as blk_write_time, storage_blk_read_time, local_blk_read_time, orcache_blk_read_time, total_plan_time, total_exec_time from aurora_stat_statements($1) where queryid in ($2, $3, $4, $5, $6, $7, $8, $9, $10, $11, $12, $13, $14, $15, $16, $17, $18, $19, $20, $21, $22, $23, $24, $25, $26, $27, $28, $29, $30, $31, $32, $33, $34, $35, $36, $37, $38, $39, $40, $41, $42, $43, $44, $45, $46, $47, $48, $49, $50, $51, $52, $53, $54, $55)",0,0,0,0,0,0,1,1.793967,1.793967,1.793967,1.793967,0,54,0,0,0,0,0,0,0,0,0,0,0,0,0,0,0,0,0,0,0,0,0,0,0,0,0,0,0,0,0,2026-08-27 15:56:25.579947+00,2026-08-27 15:56:25.579947+00
10,16384,t,-2165012533930163072,"MOVE ALL IN ""query-cursor_32""",0,0,0,0,0,0,1,0.737323,0.737323,0.737323,0.737323,0,0,0,0,0,0,0,0,0,0,0,0,0,0,0,0,0,0,0,0,0,0,0,0,0,0,0,0,0,0,0,2026-08-27 13:59:15.566957+00,2026-08-27 13:59:15.566957+00
10,16384,t,4922048638912832000,"FETCH 50 IN ""query-cursor_88""",0,0,0,0,0,0,13,0.042814000000000005,0.002673,0.005633,0.0032933846153846156,0.0007410992395355948,650,0,0,0,0,0,0,0,0,0,0,0,0,0,0,0,0,0,0,0,0,0,0,0,0,0,0,0,0,0,2026-08-27 14:55:15.571736+00,2026-08-27 14:55:15.571736+00
10,16384,t,1130587628131330891,"FETCH 26 IN ""query-cursor_30""",0,0,0,0,0,0,1,0.002338,0.002338,0.002338,0.002338,0,26,0,0,0,0,0,0,0,0,0,0,0,0,0,0,0,0,0,0,0,0,0,0,0,0,0,0,0,0,0,2026-08-27 13:57:15.56809+00,2026-08-27 13:57:15.56809+00
10,16384,t,7917295998193913,"FETCH 17 IN ""query-cursor_69""",0,0,0,0,0,0,1,0.002229,0.002229,0.002229,0.002229,0,17,0,0,0,0,0,0,0,0,0,0,0,0,0,0,0,0,0,0,0,0,0,0,0,0,0,0,0,0,0,2026-08-27 14:36:15.572117+00,2026-08-27 14:36:15.572117+00
10,16384,t,2122086473806044434,"FETCH 0 IN ""query-cursor_42""",0,0,0,0,0,0,1,0.003533,0.003533,0.003533,0.003533,0,0,0,0,0,0,0,0,0,0,0,0,0,0,0,0,0,0,0,0,0,0,0,0,0,0,0,0,0,0,0,2026-08-27 14:09:15.566942+00,2026-08-27 14:09:15.566942+00
10,16384,t,6885543868548155089,"FETCH 50 IN ""query-cursor_41""",0,0,0,0,0,0,7,0.024361,0.002975,0.005618,0.0034801428571428574,0.0008937553881670031,350,0,0,0,0,0,0,0,0,0,0,0,0,0,0,0,0,0,0,0,0,0,0,0,0,0,0,0,0,0,2026-08-27 14:08:15.567806+00,2026-08-27 14:08:15.567806+00
10,16384,t,-3751910791636930081,"MOVE ALL IN ""query-cursor_145""",0,0,0,0,0,0,1,4.782459,4.782459,4.782459,4.782459,0,0,0,0,0,0,0,0,0,0,0,0,0,0,0,0,0,0,0,0,0,0,0,0,0,0,0,0,0,0,0,2026-08-27 15:52:15.580261+00,2026-08-27 15:52:15.580261+00
10,16384,t,-4660581513113176118,SELECT $1 FROM pg_catalog.pg_roles WHERE rolname = $2 AND rolsuper = $3 AND rolcreaterole = $4 AND rolcreatedb = $5 AND rolreplication = $6 AND rolbypassrls = $7 AND rolcanlogin = $8 LIMIT $9,0,0,0,0,0,0,25,0.30459899999999995,0.009358,0.017224,0.012183959999999999,0.0020954369373474353,25,50,0,0,0,0,0,0,0,0,0,0,0,0,0,0,0,0,0,0,0,0,0,0,0,0,0,0,0,0,2026-08-27 13:35:56.767663+00,2026-08-27 13:35:56.767663+00
10,16384,t,-131587690586192804,"DECLARE ""query-cursor_85"" SCROLL CURSOR FOR select queryid, left(query, $1), calls, (total_plan_time + total_exec_time) as total_time from aurora_stat_statements($2) order by calls desc limit $3 FOR READ ONLY",0,0,0,0,0,0,1,0.067116,0.067116,0.067116,0.067116,0,0,0,0,0,0,0,0,0,0,0,0,0,0,0,0,0,0,0,0,0,0,0,0,0,0,0,0,0,0,0,2026-08-27 14:52:15.569908+00,2026-08-27 14:52:15.569908+00
10,16384,t,-8710607445485137661,"FETCH 0 IN ""query-cursor_4""",0,0,0,0,0,0,1,0.003513,0.003513,0.003513,0.003513,0,0,0,0,0,0,0,0,0,0,0,0,0,0,0,0,0,0,0,0,0,0,0,0,0,0,0,0,0,0,0,2026-08-27 13:31:15.56422+00,2026-08-27 13:31:15.56422+00
10,16384,t,928850034226173622,"FETCH 50 IN ""query-cursor_190""",0,0,0,0,0,0,38,0.133649,0.002693,0.005896,0.003517078947368421,0.0008123772257548881,1900,0,0,0,0,0,0,0,0,0,0,0,0,0,0,0,0,0,0,0,0,0,0,0,0,0,0,0,0,0,2026-08-27 16:47:15.582563+00,2026-08-27 16:47:15.582563+00
10,16384,t,-6461730105056049080,"MOVE -2178 IN ""query-cursor_230""",0,0,0,0,0,0,1,0.039933,0.039933,0.039933,0.039933,0,0,0,0,0,0,0,0,0,0,0,0,0,0,0,0,0,0,0,0,0,0,0,0,0,0,0,0,0,0,0,2026-08-27 17:27:15.586464+00,2026-08-27 17:27:15.586464+00
16410,16412,t,5260920821640913199,"COPY  ( SELECT match_key, count ( * ) FROM res_relate GROUP BY match_key ORDER BY 2 DESC ) TO STDOUT WITH CSV HEADER",0,0,0,0,0,0,1,668.26938,668.26938,668.26938,668.26938,0,2299,51868,0,0,0,0,0,0,0,5302,5306,0,0,0,0,7.695123,21.121304,0,0,0,0,0,0,0,0,0,0,0,0,0,2026-08-27 17:43:11.238847+00,2026-08-27 17:43:11.238847+00
16410,16412,t,3770374321073955292,"SELECT LIB_FEAT_ID FROM SEMANTIC_VALUE WHERE LIB_FEAT_ID IN ($1,$2,$3,$4,$5,$6,$7,$8)",0,0,0,0,0,0,102,4.127399,0.024637000000000003,0.067392,0.04046469607843137,0.010161230462186694,612,2417,0,0,0,0,0,0,0,0,0,0,0,0,0,0,0,0,0,0,0,0,0,0,0,0,0,0,0,0,2026-08-27 15:58:31.116437+00,2026-08-27 15:58:31.116437+00
10,16384,t,8921029448913639388,"FETCH 22 IN ""query-cursor_21""",0,0,0,0,0,0,1,0.002449,0.002449,0.002449,0.002449,0,22,0,0,0,0,0,0,0,0,0,0,0,0,0,0,0,0,0,0,0,0,0,0,0,0,0,0,0,0,0,2026-08-27 13:48:15.567242+00,2026-08-27 13:48:15.567242+00
16410,16412,t,-6012158331967776182,"SELECT RES_ENT_ID,LIB_FEAT_ID,FTYPE_ID,UTYPE_CODE,SUPPRESSED,OBS_ENT_CNT FROM RES_FEAT_EKEY WHERE RES_ENT_ID IN ($1,$2,$3,$4,$5,$6,$7,$8)",0,0,0,0,0,0,59215,40537.88331699992,0.044261999999999996,662.6647399999999,0.6845880826986392,5.476543463886741,24583011,1902993,0,0,0,0,0,0,0,0,0,0,0,0,0,0,0,0,0,0,0,0,0,0,0,0,0,0,0,0,2026-08-27 15:50:57.907375+00,2026-08-27 15:50:57.907375+00
10,16384,t,-3646787907205111607,"MOVE ALL IN ""query-cursor_242""",0,0,0,0,0,0,1,5.87592,5.87592,5.87592,5.87592,0,0,0,0,0,0,0,0,0,0,0,0,0,0,0,0,0,0,0,0,0,0,0,0,0,0,0,0,0,0,0,2026-08-27 17:39:15.58704+00,2026-08-27 17:39:15.58704+00
10,16384,t,7811337948684498324,"MOVE ALL IN ""query-cursor_119""",0,0,0,0,0,0,1,1.848219,1.848219,1.848219,1.848219,0,0,0,0,0,0,0,0,0,0,0,0,0,0,0,0,0,0,0,0,0,0,0,0,0,0,0,0,0,0,0,2026-08-27 15:26:15.574091+00,2026-08-27 15:26:15.574091+00
10,16384,t,2344278064480610403,"FETCH 45 IN ""query-cursor_58""",0,0,0,0,0,0,1,0.003546,0.003546,0.003546,0.003546,0,45,0,0,0,0,0,0,0,0,0,0,0,0,0,0,0,0,0,0,0,0,0,0,0,0,0,0,0,0,0,2026-08-27 14:25:15.570857+00,2026-08-27 14:25:15.570857+00
16410,16412,t,-6182297806029823169,"SELECT RES_ENT_ID,LIB_FEAT_ID,FTYPE_ID,UTYPE_CODE,SUPPRESSED,OBS_ENT_CNT FROM RES_FEAT_EKEY WHERE RES_ENT_ID IN ($1) AND FTYPE_ID IN ($2,$3,$4,$5,$6,$7,$8,$9,$10,$11,$12,$13,$14,$15,$16,$17,$18,$19,$20,$21,$22,$23,$24,$25,$26,$27,$28,$29,$30,$31,$32,$33,$34,$35,$36,$37,$38,$39,$40,$41,$42,$43,$44,$45,$46,$47,$48,$49,$50,$51,$52,$53,$54,$55,$56,$57,$58,$59,$60,$61,$62,$63,$64)",0,0,0,0,0,0,855,124.22826499999994,0.005842,16.154433,0.14529621637426893,0.7163756726290339,16628,11741,0,0,0,0,0,0,0,0,0,0,0,0,0,0,0,0,0,0,0,0,0,0,0,0,0,0,0,0,2026-08-27 15:51:02.218195+00,2026-08-27 15:51:02.218195+00
10,16384,t,8776209080611896967,"FETCH 50 IN ""query-cursor_137""",0,0,0,0,0,0,19,0.058720999999999995,0.002678,0.005768,0.0030905789473684208,0.000662223711269321,950,0,0,0,0,0,0,0,0,0,0,0,0,0,0,0,0,0,0,0,0,0,0,0,0,0,0,0,0,0,2026-08-27 15:44:15.575746+00,2026-08-27 15:44:15.575746+00
10,16384,t,-5745195942018076735,"FETCH 0 IN ""query-cursor_25""",0,0,0,0,0,0,1,0.003407,0.003407,0.003407,0.003407,0,0,0,0,0,0,0,0,0,0,0,0,0,0,0,0,0,0,0,0,0,0,0,0,0,0,0,0,0,0,0,2026-08-27 13:52:15.565706+00,2026-08-27 13:52:15.565706+00
10,16384,t,4564142254324806558,"FETCH 50 IN ""query-cursor_126""",0,0,0,0,0,0,18,0.05404900000000001,0.002627,0.005242,0.0030027222222222226,0.0005892766569236063,900,0,0,0,0,0,0,0,0,0,0,0,0,0,0,0,0,0,0,0,0,0,0,0,0,0,0,0,0,0,2026-08-27 15:33:15.574651+00,2026-08-27 15:33:15.574651+00
16410,16412,t,3118875543515475733,"SELECT
    now()                    AS at,
    relname,
    n_tup_ins                AS cum_ins,
    n_tup_del                AS cum_del,
    (n_tup_ins - n_tup_del)  AS est_net_depth,
    n_live_tup               AS est_live_tup,
    n_dead_tup               AS est_dead_tup
FROM pg_stat_user_tables
WHERE relname IN ($1,$2)
ORDER BY relname",0,0,0,0,0,0,1,0.15158200000000002,0.15158200000000002,0.15158200000000002,0.15158200000000002,0,2,19,0,0,0,0,0,0,0,0,0,0,0,0,0,0,0,0,0,0,0,0,0,0,0,0,0,0,0,0,2026-08-27 17:42:39.069761+00,2026-08-27 17:42:39.069761+00
10,16384,t,4872841233031067991,"MOVE ALL IN ""query-cursor_128""",0,0,0,0,0,0,1,1.840852,1.840852,1.840852,1.840852,0,0,0,0,0,0,0,0,0,0,0,0,0,0,0,0,0,0,0,0,0,0,0,0,0,0,0,0,0,0,0,2026-08-27 15:35:15.574684+00,2026-08-27 15:35:15.574684+00
16410,16412,t,-4760202412615863311,SELECT ENT_STATE FROM RES_ENT WHERE RES_ENT_ID=$1,0,0,0,0,0,0,294589,6190.195380999877,0.005213,50.954007000000004,0.02101298887942142,0.149554883240903,292752,1255438,0,0,0,0,0,0,0,0,0,0,0,0,0,0,0,0,0,0,0,0,0,0,0,0,0,0,0,0,2026-08-27 15:50:57.746482+00,2026-08-27 15:50:57.746482+00
10,16384,t,3374080478668578402,"FETCH 0 IN ""query-cursor_229""",0,0,0,0,0,0,1,0.003551,0.003551,0.003551,0.003551,0,0,0,0,0,0,0,0,0,0,0,0,0,0,0,0,0,0,0,0,0,0,0,0,0,0,0,0,0,0,0,2026-08-27 17:26:15.580189+00,2026-08-27 17:26:15.580189+00
10,16384,t,5206668728933866932,"FETCH 50 IN ""query-cursor_82""",0,0,0,0,0,0,12,0.038360000000000005,0.002661,0.005118,0.003196666666666667,0.0006472686630930177,600,0,0,0,0,0,0,0,0,0,0,0,0,0,0,0,0,0,0,0,0,0,0,0,0,0,0,0,0,0,2026-08-27 14:49:15.571394+00,2026-08-27 14:49:15.571394+00
16410,16412,t,2219417973857381876,"INSERT INTO RES_REL_EKEY(RES_REL_ID,RES_ENT_ID,REL_ENT_ID) VALUES ($1,$2,$3),($4,$5,$6),($7,$8,$9),($10,$11,$12),($13,$14,$15),($16,$17,$18),($19,$20,$21),($22,$23,$24),($25,$26,$27),($28,$29,$30),($31,$32,$33),($34,$35,$36),($37,$38,$39),($40,$41,$42) ON CONFLICT DO NOTHING",0,0,0,0,0,0,3103,10381.286237999966,0.149839,94.644573,3.345564369320002,10.260736539572626,43442,348459,0,0,386,0,0,0,0,0,0,0,30.931007999999974,0,0,0,0,0,0,0,0,0,0,0,0,0,0,0,0,0,2026-08-27 15:51:00.735061+00,2026-08-27 15:51:00.735061+00
10,16384,t,8075369696814485879,"MOVE ALL IN ""query-cursor_39""",0,0,0,0,0,0,1,0.890777,0.890777,0.890777,0.890777,0,0,0,0,0,0,0,0,0,0,0,0,0,0,0,0,0,0,0,0,0,0,0,0,0,0,0,0,0,0,0,2026-08-27 14:06:15.567659+00,2026-08-27 14:06:15.567659+00
10,16384,t,247235550279869312,"MOVE -2088 IN ""query-cursor_215""",0,0,0,0,0,0,1,0.038926,0.038926,0.038926,0.038926,0,0,0,0,0,0,0,0,0,0,0,0,0,0,0,0,0,0,0,0,0,0,0,0,0,0,0,0,0,0,0,2026-08-27 17:12:15.5849+00,2026-08-27 17:12:15.5849+00
10,16384,t,-7432728992197788819,"FETCH 33 IN ""query-cursor_206""",0,0,0,0,0,0,1,0.002629,0.002629,0.002629,0.002629,0,33,0,0,0,0,0,0,0,0,0,0,0,0,0,0,0,0,0,0,0,0,0,0,0,0,0,0,0,0,0,2026-08-27 17:03:15.596869+00,2026-08-27 17:03:15.596869+00
16410,16412,t,-4353383288407881543,"SELECT RES_ENT_ID,LIB_FEAT_ID,FTYPE_ID,UTYPE_CODE,SUPPRESSED,OBS_ENT_CNT FROM RES_FEAT_EKEY WHERE RES_ENT_ID IN ($1) AND FTYPE_ID IN ($2,$3,$4,$5,$6,$7,$8,$9,$10,$11,$12,$13,$14,$15,$16,$17,$18,$19,$20,$21,$22,$23,$24,$25,$26,$27,$28,$29,$30,$31,$32,$33,$34,$35,$36,$37,$38,$39,$40,$41,$42,$43,$44,$45,$46,$47,$48,$49,$50,$51,$52,$53,$54,$55,$56,$57,$58,$59,$60,$61,$62,$63,$64,$65,$66)",0,0,0,0,0,0,725,75.93754099999995,0.0068379999999999995,40.584158,0.1047414358620689,1.5507882605481702,7743,3199,0,0,0,0,0,0,0,0,0,0,0,0,0,0,0,0,0,0,0,0,0,0,0,0,0,0,0,0,2026-08-27 15:51:11.290935+00,2026-08-27 15:51:11.290935+00
10,16384,t,-1874930726820787522,"FETCH 50 IN ""query-cursor_70""",0,0,0,0,0,0,11,0.036642999999999995,0.0029,0.005045,0.0033311818181818178,0.0005768497233299026,550,0,0,0,0,0,0,0,0,0,0,0,0,0,0,0,0,0,0,0,0,0,0,0,0,0,0,0,0,0,2026-08-27 14:37:15.570185+00,2026-08-27 14:37:15.570185+00
16410,16412,t,-6539974433503858620,"SELECT OBS_ENT_ID,LOCKING_ID FROM OBS_ENT WHERE OBS_ENT_ID IN ($1,$2)",0,0,0,0,0,0,8690,236.2976839999994,0.008293,8.233087,0.02719190840046023,0.13837000304567706,17380,87810,0,0,0,0,0,0,0,0,0,0,0,0,0,0,0,0,0,0,0,0,0,0,0,0,0,0,0,0,2026-08-27 15:52:23.976471+00,2026-08-27 15:52:23.976471+00
10,16384,t,7981114304069059130,"FETCH 50 IN ""query-cursor_35""",0,0,0,0,0,0,7,0.024072,0.002877,0.005899,0.003438857142857143,0.001013175690387327,350,0,0,0,0,0,0,0,0,0,0,0,0,0,0,0,0,0,0,0,0,0,0,0,0,0,0,0,0,0,2026-08-27 14:02:15.567384+00,2026-08-27 14:02:15.567384+00
10,16384,t,-610537397179448650,"MOVE ALL IN ""query-cursor_207""",0,0,0,0,0,0,1,5.307722,5.307722,5.307722,5.307722,0,0,0,0,0,0,0,0,0,0,0,0,0,0,0,0,0,0,0,0,0,0,0,0,0,0,0,0,0,0,0,2026-08-27 17:04:15.583977+00,2026-08-27 17:04:15.583977+00
16410,16412,t,-6760394558378527688,"INSERT INTO RES_FEAT_STAT(LIB_FEAT_ID,FTYPE_ID,NUM_RES_ENT,NUM_RES_ENT_OOM) VALUES ($1,$2,$3,$4),($5,$6,$7,$8),($9,$10,$11,$12),($13,$14,$15,$16) ON CONFLICT DO NOTHING",0,0,0,0,0,0,35651,45640.91401199998,0.042517,435.373837,1.280214131777509,6.975738671051037,142588,1272359,0,0,2024,0,0,0,0,0,0,0,91.68846599999993,0,0,0,0,0,0,0,0,0,0,0,0,0,0,0,0,0,2026-08-27 15:50:46.83141+00,2026-08-27 15:50:46.83141+00
16410,16412,t,-582880234311293714,"INSERT INTO RES_REL_EKEY(RES_REL_ID,RES_ENT_ID,REL_ENT_ID) VALUES ($1,$2,$3),($4,$5,$6),($7,$8,$9),($10,$11,$12),($13,$14,$15),($16,$17,$18),($19,$20,$21),($22,$23,$24),($25,$26,$27),($28,$29,$30),($31,$32,$33),($34,$35,$36),($37,$38,$39),($40,$41,$42),($43,$44,$45),($46,$47,$48),($49,$50,$51),($52,$53,$54),($55,$56,$57),($58,$59,$60),($61,$62,$63),($64,$65,$66),($67,$68,$69),($70,$71,$72),($73,$74,$75),($76,$77,$78),($79,$80,$81),($82,$83,$84),($85,$86,$87),($88,$89,$90),($91,$92,$93) ON CONFLICT DO NOTHING",0,0,0,0,0,0,49,247.69574399999988,0.32925899999999997,64.268218,5.055015183673467,11.744023860948797,1519,11931,0,0,16,0,0,0,0,0,0,0,0.128001,0,0,0,0,0,0,0,0,0,0,0,0,0,0,0,0,0,2026-08-27 15:52:37.100466+00,2026-08-27 15:52:37.100466+00
10,16384,t,-223007557561679090,"FETCH 0 IN ""query-cursor_36""",0,0,0,0,0,0,1,0.003841,0.003841,0.003841,0.003841,0,0,0,0,0,0,0,0,0,0,0,0,0,0,0,0,0,0,0,0,0,0,0,0,0,0,0,0,0,0,0,2026-08-27 14:03:15.566479+00,2026-08-27 14:03:15.566479+00
16410,16412,t,-1893089200047388656,"SELECT RES_ENT_ID,LIB_FEAT_ID,FTYPE_ID,UTYPE_CODE,SUPPRESSED,OBS_ENT_CNT FROM RES_FEAT_EKEY WHERE RES_ENT_ID IN ($1) AND FTYPE_ID IN ($2,$3,$4,$5,$6,$7,$8,$9,$10,$11,$12,$13,$14,$15,$16,$17,$18,$19,$20,$21)",0,0,0,0,0,0,171,30.104715,0.018158,9.095101,0.1760509649122807,0.7445367055636375,25350,921,0,0,0,0,0,0,0,0,0,0,0,0,0,0,0,0,0,0,0,0,0,0,0,0,0,0,0,0,2026-08-27 15:50:49.61853+00,2026-08-27 15:50:49.61853+00
16410,16412,t,-7877992818113880049,"DELETE FROM RES_RELATE WHERE RES_REL_ID IN ($1,$2,$3,$4,$5,$6,$7,$8,$9,$10,$11,$12,$13,$14,$15,$16,$17,$18,$19,$20,$21,$22,$23,$24,$25,$26,$27,$28,$29,$30,$31,$32)",0,0,0,0,0,0,108,32180.096507999995,0.072316,32084.797840999996,297.96385655555554,3072.952407503638,2421,8939,0,0,0,0,0,0,0,0,0,0,0,0,0,0,0,0,0,0,0,0,0,0,0,0,0,0,0,0,2026-08-27 15:55:15.498443+00,2026-08-27 15:55:15.498443+00
10,16384,t,4067719903477811128,"FETCH 0 IN ""query-cursor_24""",0,0,0,0,0,0,1,0.003961,0.003961,0.003961,0.003961,0,0,0,0,0,0,0,0,0,0,0,0,0,0,0,0,0,0,0,0,0,0,0,0,0,0,0,0,0,0,0,2026-08-27 13:51:15.565624+00,2026-08-27 13:51:15.565624+00
16410,16412,t,-4838078204972711030,"SELECT RES_ENT_ID,LIB_FEAT_ID,FTYPE_ID,UTYPE_CODE,SUPPRESSED,OBS_ENT_CNT FROM RES_FEAT_EKEY WHERE RES_ENT_ID IN ($1,$2,$3,$4,$5,$6,$7,$8,$9,$10,$11,$12,$13,$14,$15,$16,$17,$18,$19,$20,$21,$22,$23,$24,$25,$26,$27,$28,$29,$30,$31,$32,$33,$34,$35,$36,$37,$38,$39,$40,$41,$42,$43,$44,$45,$46,$47,$48,$49,$50,$51,$52,$53,$54,$55,$56,$57,$58,$59,$60,$61,$62,$63,$64,$65,$66,$67,$68,$69,$70,$71,$72,$73,$74,$75,$76,$77,$78,$79,$80,$81,$82,$83,$84,$85,$86,$87,$88,$89,$90,$91,$92,$93,$94,$95,$96,$97,$98,$99,$100)",0,0,0,0,0,0,5079,1025589.1959080015,1.623815,6496.409266,201.92738647529072,343.7302829797884,450021914,7799599,0,0,0,0,0,0,0,0,0,0,0,0,0,0,0,0,0,0,0,0,0,0,0,0,0,0,0,0,2026-08-27 15:51:10.025344+00,2026-08-27 15:51:10.025344+00
10,16384,t,444003432437080368,"DECLARE ""query-cursor_76"" SCROLL CURSOR FOR select queryid, left(query, $1), calls, (total_plan_time + total_exec_time) as total_time from aurora_stat_statements($2) order by calls desc limit $3 FOR READ ONLY",0,0,0,0,0,0,1,0.061,0.061,0.061,0.061,0,0,0,0,0,0,0,0,0,0,0,0,0,0,0,0,0,0,0,0,0,0,0,0,0,0,0,0,0,0,0,2026-08-27 14:43:15.569221+00,2026-08-27 14:43:15.569221+00
10,16384,t,-1870337508018421299,"DECLARE ""query-cursor_65"" SCROLL CURSOR FOR select queryid, left(query, $1), calls, (total_plan_time + total_exec_time) as total_time from aurora_stat_statements($2) order by calls desc limit $3 FOR READ ONLY",0,0,0,0,0,0,1,0.06425,0.06425,0.06425,0.06425,0,0,0,0,0,0,0,0,0,0,0,0,0,0,0,0,0,0,0,0,0,0,0,0,0,0,0,0,0,0,0,2026-08-27 14:32:15.568452+00,2026-08-27 14:32:15.568452+00
10,16384,t,-1627118002704575252,"MOVE ALL IN ""query-cursor_21""",0,0,0,0,0,0,1,0.603821,0.603821,0.603821,0.603821,0,0,0,0,0,0,0,0,0,0,0,0,0,0,0,0,0,0,0,0,0,0,0,0,0,0,0,0,0,0,0,2026-08-27 13:48:15.566073+00,2026-08-27 13:48:15.566073+00
16410,16412,t,1894612222214646308,SELECT NEXT_SEQUENCE FROM SYS_SEQUENCE WHERE SEQUENCE_NAME = $1,0,0,0,0,0,0,589,16.096642999999986,0.0057540000000000004,0.125099,0.027328765704584018,0.020705356094198196,589,1194,0,0,0,0,0,0,0,0,0,0,0,0,0,0,0,0,0,0,0,0,0,0,0,0,0,0,0,0,2026-08-27 15:50:46.796608+00,2026-08-27 15:50:46.796608+00
16410,16412,t,6856885952325158488,"SELECT RES_ENT_ID,LIB_FEAT_ID,FTYPE_ID,UTYPE_CODE,SUPPRESSED,OBS_ENT_CNT FROM RES_FEAT_EKEY WHERE RES_ENT_ID IN ($1,$2,$3,$4,$5,$6,$7,$8,$9,$10,$11,$12,$13,$14,$15,$16) AND FTYPE_ID IN ($17,$18,$19,$20,$21,$22,$23,$24,$25,$26,$27,$28,$29,$30,$31,$32)",0,0,0,0,0,0,4152,11814.217196000003,0.17925100000000002,154.575246,2.8454280337186906,7.394950621213977,5866555,270307,0,0,0,0,0,0,0,0,0,0,0,0,0,0,0,0,0,0,0,0,0,0,0,0,0,0,0,0,2026-08-27 15:50:48.291128+00,2026-08-27 15:50:48.291128+00
16410,16412,t,-1641919647232227451,"SELECT OBS_ENT_ID,RES_ENT_ID FROM RES_ENT_OKEY WHERE RES_ENT_ID IN ($1,$2,$3,$4,$5,$6,$7,$8)",0,0,0,0,0,0,125,15.696023,0.018319,6.32355,0.125568184,0.617630837883011,1003,3374,0,0,0,0,0,0,0,0,0,0,0,0,0,0,0,0,0,0,0,0,0,0,0,0,0,0,0,0,2026-08-27 15:56:38.286483+00,2026-08-27 15:56:38.286483+00
10,16384,t,-3109229626059134575,"MOVE -2028 IN ""query-cursor_205""",0,0,0,0,0,0,1,0.03847,0.03847,0.03847,0.03847,0,0,0,0,0,0,0,0,0,0,0,0,0,0,0,0,0,0,0,0,0,0,0,0,0,0,0,0,0,0,0,2026-08-27 17:02:15.583702+00,2026-08-27 17:02:15.583702+00
10,16384,t,-6312053838672011596,"MOVE -1806 IN ""query-cursor_168""",0,0,0,0,0,0,1,0.033913,0.033913,0.033913,0.033913,0,0,0,0,0,0,0,0,0,0,0,0,0,0,0,0,0,0,0,0,0,0,0,0,0,0,0,0,0,0,0,2026-08-27 16:25:15.58103+00,2026-08-27 16:25:15.58103+00
10,16384,t,-1546639698008256299,"FETCH 50 IN ""query-cursor_161""",0,0,0,0,0,0,35,0.13609,0.002883,0.006613,0.003888285714285714,0.0010025520740712121,1750,0,0,0,0,0,0,0,0,0,0,0,0,0,0,0,0,0,0,0,0,0,0,0,0,0,0,0,0,0,2026-08-27 16:14:15.580605+00,2026-08-27 16:14:15.580605+00
10,16384,t,6430392951074807664,"MOVE ALL IN ""query-cursor_238""",0,0,0,0,0,0,1,6.227929,6.227929,6.227929,6.227929,0,0,0,0,0,0,0,0,0,0,0,0,0,0,0,0,0,0,0,0,0,0,0,0,0,0,0,0,0,0,0,2026-08-27 17:35:15.587107+00,2026-08-27 17:35:15.587107+00
10,16384,t,2315056850273519502,"MOVE ALL IN ""query-cursor_117""",0,0,0,0,0,0,1,1.855562,1.855562,1.855562,1.855562,0,0,0,0,0,0,0,0,0,0,0,0,0,0,0,0,0,0,0,0,0,0,0,0,0,0,0,0,0,0,0,2026-08-27 15:24:15.57397+00,2026-08-27 15:24:15.57397+00
10,16384,t,-3281618985544061854,"MOVE -1751 IN ""query-cursor_159""",0,0,0,0,0,0,1,0.033295,0.033295,0.033295,0.033295,0,0,0,0,0,0,0,0,0,0,0,0,0,0,0,0,0,0,0,0,0,0,0,0,0,0,0,0,0,0,0,2026-08-27 16:11:15.580213+00,2026-08-27 16:11:15.580213+00
10,16384,t,-1592574586304837923,"select (select sum(coalesce(authorized, $1) + coalesce(total_auth_failed, $2) + coalesce(bad_conn_packet, $3) + coalesce(startup_packet_timeout, $4)) from rds_get_stat_connections_counters()) + (select sum(auto_authorized_evicted + auto_total_auth_failed_evicted + auto_bad_conn_packet_evicted + auto_startup_packet_timeout_evicted) from rds_get_stat_connections_counters_details()) as total_auth_attempts",0,0,0,0,0,0,246,12.407105,0.023398,0.143084,0.050435386178861785,0.026808584378275668,246,0,0,0,0,0,0,0,0,0,0,0,0,0,0,0,0,0,0,0,0,0,0,0,0,0,0,0,0,0,2026-08-27 13:28:15.099289+00,2026-08-27 13:28:15.099289+00
10,16384,t,-425797891866567185,"FETCH 21 IN ""query-cursor_46""",0,0,0,0,0,0,1,0.001999,0.001999,0.001999,0.001999,0,21,0,0,0,0,0,0,0,0,0,0,0,0,0,0,0,0,0,0,0,0,0,0,0,0,0,0,0,0,0,2026-08-27 14:13:15.569952+00,2026-08-27 14:13:15.569952+00
16410,16412,t,8090965357660247760,"SELECT RES_ENT_ID FROM RES_ENT WHERE RES_ENT_ID IN ($1,$2,$3,$4,$5,$6,$7,$8)",0,0,0,0,0,0,15489,1388.7338850000053,0.016666,31.699339,0.0896593637420108,0.6425340294026988,93710,407365,0,0,0,0,0,0,0,0,0,0,0,0,0,0,0,0,0,0,0,0,0,0,0,0,0,0,0,0,2026-08-27 15:51:32.390331+00,2026-08-27 15:51:32.390331+00
16410,16412,t,-1491818571435089637,"INSERT INTO RES_FEAT_STAT(LIB_FEAT_ID,FTYPE_ID,NUM_RES_ENT,NUM_RES_ENT_OOM) VALUES ($1,$2,$3,$4),($5,$6,$7,$8),($9,$10,$11,$12),($13,$14,$15,$16),($17,$18,$19,$20),($21,$22,$23,$24),($25,$26,$27,$28),($29,$30,$31,$32),($33,$34,$35,$36),($37,$38,$39,$40),($41,$42,$43,$44),($45,$46,$47,$48),($49,$50,$51,$52),($53,$54,$55,$56),($57,$58,$59,$60),($61,$62,$63,$64),($65,$66,$67,$68),($69,$70,$71,$72),($73,$74,$75,$76),($77,$78,$79,$80),($81,$82,$83,$84),($85,$86,$87,$88),($89,$90,$91,$92),($93,$94,$95,$96),($97,$98,$99,$100) ON CONFLICT DO NOTHING",0,0,0,0,0,0,634971,2535692.556365004,0.14412999999999998,1229.9548570000002,3.993398999899214,18.49958015139794,15862077,128210928,1,0,152053,0,0,0,0,0,0,0,5237.5150659999945,0,0,0,0,0,0,0,0,0,0,0,0,0,0,0,0,0,2026-08-27 15:50:46.830344+00,2026-08-27 15:50:46.830344+00
10,16384,t,-8700655573895695407,"MOVE -694 IN ""query-cursor_90""",0,0,0,0,0,0,1,0.01435,0.01435,0.01435,0.01435,0,0,0,0,0,0,0,0,0,0,0,0,0,0,0,0,0,0,0,0,0,0,0,0,0,0,0,0,0,0,0,2026-08-27 14:57:15.571813+00,2026-08-27 14:57:15.571813+00
10,16384,t,-7806310873234138530,"FETCH 0 IN ""query-cursor_9""",0,0,0,0,0,0,1,0.003855,0.003855,0.003855,0.003855,0,0,0,0,0,0,0,0,0,0,0,0,0,0,0,0,0,0,0,0,0,0,0,0,0,0,0,0,0,0,0,2026-08-27 13:36:15.56458+00,2026-08-27 13:36:15.56458+00
10,16384,t,-1672694912163721900,"MOVE -2022 IN ""query-cursor_204""",0,0,0,0,0,0,1,0.036579,0.036579,0.036579,0.036579,0,0,0,0,0,0,0,0,0,0,0,0,0,0,0,0,0,0,0,0,0,0,0,0,0,0,0,0,0,0,0,2026-08-27 17:01:15.58379+00,2026-08-27 17:01:15.58379+00
10,16384,t,3808706151679578028,"DECLARE ""query-cursor_78"" SCROLL CURSOR FOR select queryid, left(query, $1), calls, (total_plan_time + total_exec_time) as total_time from aurora_stat_statements($2) order by calls desc limit $3 FOR READ ONLY",0,0,0,0,0,0,1,0.063871,0.063871,0.063871,0.063871,0,0,0,0,0,0,0,0,0,0,0,0,0,0,0,0,0,0,0,0,0,0,0,0,0,0,0,0,0,0,0,2026-08-27 14:45:15.569385+00,2026-08-27 14:45:15.569385+00
10,16384,t,4015349742497289673,"MOVE ALL IN ""query-cursor_35""",0,0,0,0,0,0,1,0.790733,0.790733,0.790733,0.790733,0,0,0,0,0,0,0,0,0,0,0,0,0,0,0,0,0,0,0,0,0,0,0,0,0,0,0,0,0,0,0,2026-08-27 14:02:15.567288+00,2026-08-27 14:02:15.567288+00
10,16384,t,-9114773706705870863,"FETCH 49 IN ""query-cursor_12""",0,0,0,0,0,0,1,0.003273,0.003273,0.003273,0.003273,0,49,0,0,0,0,0,0,0,0,0,0,0,0,0,0,0,0,0,0,0,0,0,0,0,0,0,0,0,0,0,2026-08-27 13:39:15.565883+00,2026-08-27 13:39:15.565883+00
10,16384,t,-754371567585342327,"MOVE ALL IN ""query-cursor_84""",0,0,0,0,0,0,1,1.336809,1.336809,1.336809,1.336809,0,0,0,0,0,0,0,0,0,0,0,0,0,0,0,0,0,0,0,0,0,0,0,0,0,0,0,0,0,0,0,2026-08-27 14:51:15.571251+00,2026-08-27 14:51:15.571251+00
16410,16412,t,2570946914748599910,DELETE FROM RES_FEAT_EKEY WHERE ((RES_ENT_ID=$1 AND LIB_FEAT_ID=$2 AND UTYPE_CODE=$3)OR(RES_ENT_ID=$4 AND LIB_FEAT_ID=$5 AND UTYPE_CODE=$6)OR(RES_ENT_ID=$7 AND LIB_FEAT_ID=$8 AND UTYPE_CODE=$9)OR(RES_ENT_ID=$10 AND LIB_FEAT_ID=$11 AND UTYPE_CODE=$12)OR(RES_ENT_ID=$13 AND LIB_FEAT_ID=$14 AND UTYPE_CODE=$15)OR(RES_ENT_ID=$16 AND LIB_FEAT_ID=$17 AND UTYPE_CODE=$18)OR(RES_ENT_ID=$19 AND LIB_FEAT_ID=$20 AND UTYPE_CODE=$21)OR(RES_ENT_ID=$22 AND LIB_FEAT_ID=$23 AND UTYPE_CODE=$24)OR(RES_ENT_ID=$25 AND LIB_FEAT_ID=$26 AND UTYPE_CODE=$27)OR(RES_ENT_ID=$28 AND LIB_FEAT_ID=$29 AND UTYPE_CODE=$30)OR(RES_ENT_ID=$31 AND LIB_FEAT_ID=$32 AND UTYPE_CODE=$33)OR(RES_ENT_ID=$34 AND LIB_FEAT_ID=$35 AND UTYPE_CODE=$36)OR(RES_ENT_ID=$37 AND LIB_FEAT_ID=$38 AND UTYPE_CODE=$39)OR(RES_ENT_ID=$40 AND LIB_FEAT_ID=$41 AND UTYPE_CODE=$42)OR(RES_ENT_ID=$43 AND LIB_FEAT_ID=$44 AND UTYPE_CODE=$45)OR(RES_ENT_ID=$46 AND LIB_FEAT_ID=$47 AND UTYPE_CODE=$48)OR(RES_ENT_ID=$49 AND LIB_FEAT_ID=$50 AND UTYPE_CODE=$51)OR(RES_ENT_ID=$52 AND LIB_FEAT_ID=$53 AND UTYPE_CODE=$54)OR(RES_ENT_ID=$55 AND LIB_FEAT_ID=$56 AND UTYPE_CODE=$57)OR(RES_ENT_ID=$58 AND LIB_FEAT_ID=$59 AND UTYPE_CODE=$60)OR(RES_ENT_ID=$61 AND LIB_FEAT_ID=$62 AND UTYPE_CODE=$63)OR(RES_ENT_ID=$64 AND LIB_FEAT_ID=$65 AND UTYPE_CODE=$66)OR(RES_ENT_ID=$67 AND LIB_FEAT_ID=$68 AND UTYPE_CODE=$69)),0,0,0,0,0,0,296,457.64585500000004,0.039150000000000004,50.155513,1.5461008614864866,5.984678015239681,6705,34308,0,0,0,0,0,0,0,0,0,0,0,0,0,0,0,0,0,0,0,0,0,0,0,0,0,0,0,0,2026-08-27 15:51:02.280987+00,2026-08-27 15:51:02.280987+00
10,16384,t,-677922492973750577,set session default_transaction_read_only = $1,0,0,0,0,0,0,1,0.004059,0.004059,0.004059,0.004059,0,0,0,0,0,0,0,0,0,0,0,0,0,0,0,0,0,0,0,0,0,0,0,0,0,0,0,0,0,0,0,2026-08-27 13:30:18.015831+00,2026-08-27 13:30:18.015831+00
10,16384,t,2863805011191760502,"FETCH 47 IN ""query-cursor_200""",0,0,0,0,0,0,1,0.003322,0.003322,0.003322,0.003322,0,47,0,0,0,0,0,0,0,0,0,0,0,0,0,0,0,0,0,0,0,0,0,0,0,0,0,0,0,0,0,2026-08-27 16:57:15.596057+00,2026-08-27 16:57:15.596057+00
10,16384,t,5537493970613045040,"FETCH 50 IN ""query-cursor_90""",0,0,0,0,0,0,13,0.039841999999999995,0.002558,0.005083,0.0030647692307692303,0.0006566815354898099,650,0,0,0,0,0,0,0,0,0,0,0,0,0,0,0,0,0,0,0,0,0,0,0,0,0,0,0,0,0,2026-08-27 14:57:15.571848+00,2026-08-27 14:57:15.571848+00
10,16384,t,-4129752869416377758,"MOVE -1812 IN ""query-cursor_169""",0,0,0,0,0,0,1,0.03403,0.03403,0.03403,0.03403,0,0,0,0,0,0,0,0,0,0,0,0,0,0,0,0,0,0,0,0,0,0,0,0,0,0,0,0,0,0,0,2026-08-27 16:26:15.581072+00,2026-08-27 16:26:15.581072+00
16410,16412,t,3533846751243031499,"SELECT RES_ENT_ID,LIB_FEAT_ID,FTYPE_ID,UTYPE_CODE,SUPPRESSED,OBS_ENT_CNT FROM RES_FEAT_EKEY WHERE RES_ENT_ID IN ($1,$2,$3,$4,$5,$6,$7,$8,$9,$10,$11,$12,$13,$14,$15,$16,$17,$18,$19,$20,$21,$22,$23,$24,$25,$26,$27,$28,$29,$30,$31,$32,$33,$34,$35,$36,$37,$38,$39,$40,$41,$42,$43,$44,$45,$46,$47,$48,$49,$50,$51,$52,$53,$54,$55,$56,$57,$58,$59,$60,$61,$62,$63,$64) AND FTYPE_ID IN ($65,$66,$67,$68,$69)",0,0,0,0,0,0,1,0.877106,0.877106,0.877106,0.877106,0,406,164,0,0,0,0,0,0,0,0,0,0,0,0,0,0,0,0,0,0,0,0,0,0,0,0,0,0,0,0,2026-08-27 16:05:30.320812+00,2026-08-27 16:05:30.320812+00
16410,16412,t,-712398698749710935,"SELECT RES_ENT_ID,LIB_FEAT_ID,FTYPE_ID,UTYPE_CODE,SUPPRESSED,OBS_ENT_CNT FROM RES_FEAT_EKEY WHERE RES_ENT_ID IN ($1,$2,$3,$4) AND FTYPE_ID IN ($5,$6,$7,$8,$9,$10,$11,$12,$13,$14,$15,$16,$17,$18,$19,$20,$21,$22,$23,$24,$25,$26,$27,$28,$29,$30,$31,$32,$33,$34,$35,$36,$37,$38,$39,$40,$41,$42,$43,$44,$45,$46,$47,$48,$49,$50,$51,$52,$53,$54,$55,$56,$57,$58,$59,$60,$61,$62,$63)",0,0,0,0,0,0,12,3.2663430000000004,0.034501000000000004,0.7594150000000001,0.27219525000000006,0.21887579648593897,2,314,0,0,0,0,0,0,0,0,0,0,0,0,0,0,0,0,0,0,0,0,0,0,0,0,0,0,0,0,2026-08-27 15:55:16.082011+00,2026-08-27 15:55:16.082011+00
10,16384,t,9161096870954934929,"DECLARE ""query-cursor_223"" SCROLL CURSOR FOR select queryid, left(query, $1), calls, (total_plan_time + total_exec_time) as total_time from aurora_stat_statements($2) order by calls desc limit $3 FOR READ ONLY",0,0,0,0,0,0,1,0.064989,0.064989,0.064989,0.064989,0,0,0,0,0,0,0,0,0,0,0,0,0,0,0,0,0,0,0,0,0,0,0,0,0,0,0,0,0,0,0,2026-08-27 17:20:15.579751+00,2026-08-27 17:20:15.579751+00
10,16384,t,-4900860312552667751,"FETCH 50 IN ""query-cursor_114""",0,0,0,0,0,0,16,0.04933200000000001,0.002613,0.005674,0.0030832500000000005,0.000702358393201078,800,0,0,0,0,0,0,0,0,0,0,0,0,0,0,0,0,0,0,0,0,0,0,0,0,0,0,0,0,0,2026-08-27 15:21:15.573892+00,2026-08-27 15:21:15.573892+00
16410,16412,t,-6851622849550622369,"SELECT RES_ENT_ID,LIB_FEAT_ID,FTYPE_ID,UTYPE_CODE,SUPPRESSED,OBS_ENT_CNT FROM RES_FEAT_EKEY WHERE RES_ENT_ID IN ($1,$2) AND FTYPE_ID IN ($3,$4,$5,$6,$7,$8,$9,$10,$11,$12,$13,$14,$15,$16,$17,$18,$19,$20,$21,$22,$23,$24,$25,$26,$27,$28,$29,$30,$31,$32,$33,$34,$35,$36,$37,$38,$39,$40,$41,$42,$43,$44,$45,$46,$47,$48,$49,$50,$51,$52,$53,$54,$55,$56,$57,$58,$59)",0,0,0,0,0,0,1,2.904849,2.904849,2.904849,2.904849,0,55,136,0,0,0,0,0,0,0,0,0,0,0,0,0,0,0,0,0,0,0,0,0,0,0,0,0,0,0,0,2026-08-27 15:57:28.038083+00,2026-08-27 15:57:28.038083+00
10,16384,t,-2013815925467512625,"FETCH 41 IN ""query-cursor_224""",0,0,0,0,0,0,1,0.003233,0.003233,0.003233,0.003233,0,41,0,0,0,0,0,0,0,0,0,0,0,0,0,0,0,0,0,0,0,0,0,0,0,0,0,0,0,0,0,2026-08-27 17:21:15.598626+00,2026-08-27 17:21:15.598626+00
10,16384,t,-5118147517829946507,"MOVE ALL IN ""query-cursor_195""",0,0,0,0,0,0,1,5.812759,5.812759,5.812759,5.812759,0,0,0,0,0,0,0,0,0,0,0,0,0,0,0,0,0,0,0,0,0,0,0,0,0,0,0,0,0,0,0,2026-08-27 16:52:15.583699+00,2026-08-27 16:52:15.583699+00
10,16384,t,4464820492915520856,"MOVE -2076 IN ""query-cursor_213""",0,0,0,0,0,0,1,0.03785,0.03785,0.03785,0.03785,0,0,0,0,0,0,0,0,0,0,0,0,0,0,0,0,0,0,0,0,0,0,0,0,0,0,0,0,0,0,0,2026-08-27 17:10:15.58456+00,2026-08-27 17:10:15.58456+00
10,16384,t,-3724618404267168752,"FETCH 0 IN ""query-cursor_74""",0,0,0,0,0,0,1,0.004303,0.004303,0.004303,0.004303,0,0,0,0,0,0,0,0,0,0,0,0,0,0,0,0,0,0,0,0,0,0,0,0,0,0,0,0,0,0,0,2026-08-27 14:41:15.56916+00,2026-08-27 14:41:15.56916+00
10,16384,t,-8388233685317398999,"DECLARE ""query-cursor_66"" SCROLL CURSOR FOR select queryid, left(query, $1), calls, (total_plan_time + total_exec_time) as total_time from aurora_stat_statements($2) order by calls desc limit $3 FOR READ ONLY",0,0,0,0,0,0,1,0.06189,0.06189,0.06189,0.06189,0,0,0,0,0,0,0,0,0,0,0,0,0,0,0,0,0,0,0,0,0,0,0,0,0,0,0,0,0,0,0,2026-08-27 14:33:15.5685+00,2026-08-27 14:33:15.5685+00
16410,16412,t,4566393461907427391,DELETE FROM RES_FEAT_EKEY WHERE ((RES_ENT_ID=$1 AND LIB_FEAT_ID=$2 AND UTYPE_CODE=$3)OR(RES_ENT_ID=$4 AND LIB_FEAT_ID=$5 AND UTYPE_CODE=$6)OR(RES_ENT_ID=$7 AND LIB_FEAT_ID=$8 AND UTYPE_CODE=$9)OR(RES_ENT_ID=$10 AND LIB_FEAT_ID=$11 AND UTYPE_CODE=$12)OR(RES_ENT_ID=$13 AND LIB_FEAT_ID=$14 AND UTYPE_CODE=$15)OR(RES_ENT_ID=$16 AND LIB_FEAT_ID=$17 AND UTYPE_CODE=$18)OR(RES_ENT_ID=$19 AND LIB_FEAT_ID=$20 AND UTYPE_CODE=$21)OR(RES_ENT_ID=$22 AND LIB_FEAT_ID=$23 AND UTYPE_CODE=$24)OR(RES_ENT_ID=$25 AND LIB_FEAT_ID=$26 AND UTYPE_CODE=$27)OR(RES_ENT_ID=$28 AND LIB_FEAT_ID=$29 AND UTYPE_CODE=$30)OR(RES_ENT_ID=$31 AND LIB_FEAT_ID=$32 AND UTYPE_CODE=$33)OR(RES_ENT_ID=$34 AND LIB_FEAT_ID=$35 AND UTYPE_CODE=$36)OR(RES_ENT_ID=$37 AND LIB_FEAT_ID=$38 AND UTYPE_CODE=$39)OR(RES_ENT_ID=$40 AND LIB_FEAT_ID=$41 AND UTYPE_CODE=$42)OR(RES_ENT_ID=$43 AND LIB_FEAT_ID=$44 AND UTYPE_CODE=$45)OR(RES_ENT_ID=$46 AND LIB_FEAT_ID=$47 AND UTYPE_CODE=$48)OR(RES_ENT_ID=$49 AND LIB_FEAT_ID=$50 AND UTYPE_CODE=$51)OR(RES_ENT_ID=$52 AND LIB_FEAT_ID=$53 AND UTYPE_CODE=$54)OR(RES_ENT_ID=$55 AND LIB_FEAT_ID=$56 AND UTYPE_CODE=$57)OR(RES_ENT_ID=$58 AND LIB_FEAT_ID=$59 AND UTYPE_CODE=$60)OR(RES_ENT_ID=$61 AND LIB_FEAT_ID=$62 AND UTYPE_CODE=$63)OR(RES_ENT_ID=$64 AND LIB_FEAT_ID=$65 AND UTYPE_CODE=$66)OR(RES_ENT_ID=$67 AND LIB_FEAT_ID=$68 AND UTYPE_CODE=$69)OR(RES_ENT_ID=$70 AND LIB_FEAT_ID=$71 AND UTYPE_CODE=$72)OR(RES_ENT_ID=$73 AND LIB_FEAT_ID=$74 AND UTYPE_CODE=$75)OR(RES_ENT_ID=$76 AND LIB_FEAT_ID=$77 AND UTYPE_CODE=$78)),0,0,0,0,0,0,209,338.5110580000002,0.08915300000000001,37.107461,1.619670133971293,5.907925142322382,5265,26932,0,0,0,0,0,0,0,0,0,0,0,0,0,0,0,0,0,0,0,0,0,0,0,0,0,0,0,0,2026-08-27 15:52:28.892755+00,2026-08-27 15:52:28.892755+00
10,5,t,2103733769408878190,SELECT $1,0,0,0,0,0,0,3,0.011826,0.003427,0.004777,0.003942,0.0005957768038451986,3,0,0,0,0,0,0,0,0,0,0,0,0,0,0,0,0,0,0,0,0,0,0,0,0,0,0,0,0,0,2026-08-27 13:45:00.140972+00,2026-08-27 13:45:00.140972+00
10,16384,t,5019432923145941471,"FETCH 0 IN ""query-cursor_39""",0,0,0,0,0,0,1,0.003721,0.003721,0.003721,0.003721,0,0,0,0,0,0,0,0,0,0,0,0,0,0,0,0,0,0,0,0,0,0,0,0,0,0,0,0,0,0,0,2026-08-27 14:06:15.566725+00,2026-08-27 14:06:15.566725+00
10,16384,t,-7859427105001692455,"FETCH 0 IN ""query-cursor_47""",0,0,0,0,0,0,1,0.004066,0.004066,0.004066,0.004066,0,0,0,0,0,0,0,0,0,0,0,0,0,0,0,0,0,0,0,0,0,0,0,0,0,0,0,0,0,0,0,2026-08-27 14:14:15.567292+00,2026-08-27 14:14:15.567292+00
10,16384,t,-2505016877524008225,"MOVE -718 IN ""query-cursor_94""",0,0,0,0,0,0,1,0.015555,0.015555,0.015555,0.015555,0,0,0,0,0,0,0,0,0,0,0,0,0,0,0,0,0,0,0,0,0,0,0,0,0,0,0,0,0,0,0,2026-08-27 15:01:15.572149+00,2026-08-27 15:01:15.572149+00
16410,16412,t,-484337239089353161,"SELECT RES_ENT_ID,LIB_FEAT_ID,FTYPE_ID,UTYPE_CODE,SUPPRESSED,OBS_ENT_CNT FROM RES_FEAT_EKEY WHERE RES_ENT_ID IN ($1) AND FTYPE_ID IN ($2,$3,$4,$5,$6,$7,$8,$9,$10,$11,$12,$13,$14,$15,$16,$17,$18,$19)",0,0,0,0,0,0,664,124.67379500000006,0.016808,29.169293,0.1877617394578314,1.1665965009915205,106047,4000,0,0,0,0,0,0,0,0,0,0,0,0,0,0,0,0,0,0,0,0,0,0,0,0,0,0,0,0,2026-08-27 15:50:47.398022+00,2026-08-27 15:50:47.398022+00
10,16384,t,-8700846764871339888,"select buffers_clean, maxwritten_clean, buffers_alloc from pg_stat_bgwriter",0,0,0,0,0,0,245,8.219593000000005,0.026817999999999998,0.080591,0.03354935918367349,0.006010691139041021,245,0,0,0,0,0,0,0,0,0,0,0,0,0,0,0,0,0,0,0,0,0,0,0,0,0,0,0,0,0,2026-08-27 13:28:15.111937+00,2026-08-27 13:28:15.111937+00
10,16384,t,-2394983508887237104,"MOVE ALL IN ""query-cursor_175""",0,0,0,0,0,0,1,5.055915,5.055915,5.055915,5.055915,0,0,0,0,0,0,0,0,0,0,0,0,0,0,0,0,0,0,0,0,0,0,0,0,0,0,0,0,0,0,0,2026-08-27 16:32:15.581487+00,2026-08-27 16:32:15.581487+00
10,16384,t,2282963147688629688,"DECLARE ""query-cursor_137"" SCROLL CURSOR FOR select queryid, left(query, $1), calls, (total_plan_time + total_exec_time) as total_time from aurora_stat_statements($2) order by calls desc limit $3 FOR READ ONLY",0,0,0,0,0,0,1,0.06215,0.06215,0.06215,0.06215,0,0,0,0,0,0,0,0,0,0,0,0,0,0,0,0,0,0,0,0,0,0,0,0,0,0,0,0,0,0,0,2026-08-27 15:44:15.573448+00,2026-08-27 15:44:15.573448+00
10,16384,t,506621208351671279,"DECLARE ""query-cursor_147"" SCROLL CURSOR FOR select queryid, left(query, $1), calls, (total_plan_time + total_exec_time) as total_time from aurora_stat_statements($2) order by calls desc limit $3 FOR READ ONLY",0,0,0,0,0,0,1,0.055734,0.055734,0.055734,0.055734,0,0,0,0,0,0,0,0,0,0,0,0,0,0,0,0,0,0,0,0,0,0,0,0,0,0,0,0,0,0,0,2026-08-27 15:54:15.574312+00,2026-08-27 15:54:15.574312+00
10,16384,t,-6750572639405774862,"FETCH 0 IN ""query-cursor_107""",0,0,0,0,0,0,1,0.003631,0.003631,0.003631,0.003631,0,0,0,0,0,0,0,0,0,0,0,0,0,0,0,0,0,0,0,0,0,0,0,0,0,0,0,0,0,0,0,2026-08-27 15:14:15.571377+00,2026-08-27 15:14:15.571377+00
10,16384,t,5935552582326688559,"MOVE -458 IN ""query-cursor_52""",0,0,0,0,0,0,1,0.010282,0.010282,0.010282,0.010282,0,0,0,0,0,0,0,0,0,0,0,0,0,0,0,0,0,0,0,0,0,0,0,0,0,0,0,0,0,0,0,2026-08-27 14:19:15.568707+00,2026-08-27 14:19:15.568707+00
10,16384,t,6588839740790134058,"MOVE -2034 IN ""query-cursor_206""",0,0,0,0,0,0,1,0.037672,0.037672,0.037672,0.037672,0,0,0,0,0,0,0,0,0,0,0,0,0,0,0,0,0,0,0,0,0,0,0,0,0,0,0,0,0,0,0,2026-08-27 17:03:15.584054+00,2026-08-27 17:03:15.584054+00
10,16384,t,-2732452707535345426,"DECLARE ""query-cursor_18"" SCROLL CURSOR FOR select queryid, left(query, $1), calls, (total_plan_time + total_exec_time) as total_time from aurora_stat_statements($2) order by calls desc limit $3 FOR READ ONLY",0,0,0,0,0,0,1,0.061951,0.061951,0.061951,0.061951,0,0,0,0,0,0,0,0,0,0,0,0,0,0,0,0,0,0,0,0,0,0,0,0,0,0,0,0,0,0,0,2026-08-27 13:45:15.565164+00,2026-08-27 13:45:15.565164+00
10,16384,t,-7087786472298873345,"DECLARE ""query-cursor_158"" SCROLL CURSOR FOR select queryid, left(query, $1), calls, (total_plan_time + total_exec_time) as total_time from aurora_stat_statements($2) order by calls desc limit $3 FOR READ ONLY",0,0,0,0,0,0,1,0.055913,0.055913,0.055913,0.055913,0,0,0,0,0,0,0,0,0,0,0,0,0,0,0,0,0,0,0,0,0,0,0,0,0,0,0,0,0,0,0,2026-08-27 16:09:15.575188+00,2026-08-27 16:09:15.575188+00
16410,16412,t,-2387102161640129417,"UPDATE RES_FEAT_EKEY AS T SET SUPPRESSED=C.SUPPRESSED,OBS_ENT_CNT=C.OBS_ENT_CNT FROM (VALUES (CAST ($1 AS BIGINT),CAST ($2 AS BIGINT),$3,$4,CAST ($5 AS BIGINT)),(CAST ($6 AS BIGINT),CAST ($7 AS BIGINT),$8,$9,CAST ($10 AS BIGINT)),(CAST ($11 AS BIGINT),CAST ($12 AS BIGINT),$13,$14,CAST ($15 AS BIGINT)),(CAST ($16 AS BIGINT),CAST ($17 AS BIGINT),$18,$19,CAST ($20 AS BIGINT)),(CAST ($21 AS BIGINT),CAST ($22 AS BIGINT),$23,$24,CAST ($25 AS BIGINT)),(CAST ($26 AS BIGINT),CAST ($27 AS BIGINT),$28,$29,CAST ($30 AS BIGINT)),(CAST ($31 AS BIGINT),CAST ($32 AS BIGINT),$33,$34,CAST ($35 AS BIGINT)),(CAST ($36 AS BIGINT),CAST ($37 AS BIGINT),$38,$39,CAST ($40 AS BIGINT)),(CAST ($41 AS BIGINT),CAST ($42 AS BIGINT),$43,$44,CAST ($45 AS BIGINT)),(CAST ($46 AS BIGINT),CAST ($47 AS BIGINT),$48,$49,CAST ($50 AS BIGINT)),(CAST ($51 AS BIGINT),CAST ($52 AS BIGINT),$53,$54,CAST ($55 AS BIGINT)),(CAST ($56 AS BIGINT),CAST ($57 AS BIGINT),$58,$59,CAST ($60 AS BIGINT)),(CAST ($61 AS BIGINT),CAST ($62 AS BIGINT),$63,$64,CAST ($65 AS BIGINT)),(CAST ($66 AS BIGINT),CAST ($67 AS BIGINT),$68,$69,CAST ($70 AS BIGINT)),(CAST ($71 AS BIGINT),CAST ($72 AS BIGINT),$73,$74,CAST ($75 AS BIGINT)),(CAST ($76 AS BIGINT),CAST ($77 AS BIGINT),$78,$79,CAST ($80 AS BIGINT)),(CAST ($81 AS BIGINT),CAST ($82 AS BIGINT),$83,$84,CAST ($85 AS BIGINT))) AS C(RES_ENT_ID,LIB_FEAT_ID,UTYPE_CODE,SUPPRESSED,OBS_ENT_CNT) WHERE C.RES_ENT_ID=T.RES_ENT_ID AND C.LIB_FEAT_ID=T.LIB_FEAT_ID AND C.UTYPE_CODE=T.UTYPE_CODE",0,0,0,0,0,0,166,788.465208,0.150158,92.651073,4.749790409638554,14.767137525861594,2822,40462,0,0,19,0,0,0,0,0,0,0,0.108493,0,0,0,0,0,0,0,0,0,0,0,0,0,0,0,0,0,2026-08-27 15:51:47.540263+00,2026-08-27 15:51:47.540263+00
10,16384,t,7045234833002818753,"FETCH 3 IN ""query-cursor_125""",0,0,0,0,0,0,1,0.001326,0.001326,0.001326,0.001326,0,3,0,0,0,0,0,0,0,0,0,0,0,0,0,0,0,0,0,0,0,0,0,0,0,0,0,0,0,0,0,2026-08-27 15:32:15.577929+00,2026-08-27 15:32:15.577929+00
16410,16412,t,786475997275524033,"SELECT OBS_ENT_ID,RES_ENT_ID FROM RES_ENT_OKEY WHERE RES_ENT_ID IN ($1,$2,$3,$4,$5,$6,$7,$8,$9,$10,$11,$12,$13,$14,$15,$16)",0,0,0,0,0,0,20,6.6292360000000015,0.043993,5.0428749999999996,0.3314618000000001,1.081281850999664,405,1316,0,0,0,0,0,0,0,0,0,0,0,0,0,0,0,0,0,0,0,0,0,0,0,0,0,0,0,0,2026-08-27 16:02:09.843905+00,2026-08-27 16:02:09.843905+00
10,16384,t,8983490732493941091,"FETCH 50 IN ""query-cursor_107""",0,0,0,0,0,0,15,0.046294999999999996,0.002689,0.005132,0.003086333333333333,0.0005758781892804145,750,0,0,0,0,0,0,0,0,0,0,0,0,0,0,0,0,0,0,0,0,0,0,0,0,0,0,0,0,0,2026-08-27 15:14:15.57318+00,2026-08-27 15:14:15.57318+00
10,16384,t,-8529646101658082956,"MOVE ALL IN ""query-cursor_148""",0,0,0,0,0,0,1,4.879715,4.879715,4.879715,4.879715,0,0,0,0,0,0,0,0,0,0,0,0,0,0,0,0,0,0,0,0,0,0,0,0,0,0,0,0,0,0,0,2026-08-27 15:55:15.579394+00,2026-08-27 15:55:15.579394+00
10,16384,t,75967644630726412,"DECLARE ""query-cursor_166"" SCROLL CURSOR FOR select queryid, left(query, $1), calls, (total_plan_time + total_exec_time) as total_time from aurora_stat_statements($2) order by calls desc limit $3 FOR READ ONLY",0,0,0,0,0,0,1,0.063712,0.063712,0.063712,0.063712,0,0,0,0,0,0,0,0,0,0,0,0,0,0,0,0,0,0,0,0,0,0,0,0,0,0,0,0,0,0,0,2026-08-27 16:23:15.575685+00,2026-08-27 16:23:15.575685+00
10,16384,t,-5487981163797771758,"MOVE ALL IN ""query-cursor_204""",0,0,0,0,0,0,1,5.230137,5.230137,5.230137,5.230137,0,0,0,0,0,0,0,0,0,0,0,0,0,0,0,0,0,0,0,0,0,0,0,0,0,0,0,0,0,0,0,2026-08-27 17:01:15.583699+00,2026-08-27 17:01:15.583699+00
16410,16412,t,5419215886825831254,DELETE FROM RES_FEAT_EKEY WHERE ((RES_ENT_ID=$1 AND LIB_FEAT_ID=$2 AND UTYPE_CODE=$3)OR(RES_ENT_ID=$4 AND LIB_FEAT_ID=$5 AND UTYPE_CODE=$6)OR(RES_ENT_ID=$7 AND LIB_FEAT_ID=$8 AND UTYPE_CODE=$9)OR(RES_ENT_ID=$10 AND LIB_FEAT_ID=$11 AND UTYPE_CODE=$12)OR(RES_ENT_ID=$13 AND LIB_FEAT_ID=$14 AND UTYPE_CODE=$15)),0,0,0,0,0,0,3693,1832.678483999996,0.012714999999999999,99.982045,0.4962573744922816,3.138556032568071,18434,96627,0,0,0,0,0,0,0,0,0,0,0,0,0,0,0,0,0,0,0,0,0,0,0,0,0,0,0,0,2026-08-27 15:51:01.828234+00,2026-08-27 15:51:01.828234+00
16410,16412,t,7585479488588372943,"TRUNCATE perf.snap_scalar, perf.snap_statement, perf.snap_table",0,0,0,0,0,0,1,12.301255,12.301255,12.301255,12.301255,0,0,426,0,0,0,0,0,0,0,0,0,0,0,0,0,0,0,0,0,0,0,0,0,0,0,0,0,0,0,0,2026-08-27 15:46:04.8594+00,2026-08-27 15:46:04.8594+00
10,16384,t,-6917455836581231957,"FETCH 5 IN ""query-cursor_92""",0,0,0,0,0,0,1,0.001419,0.001419,0.001419,0.001419,0,5,0,0,0,0,0,0,0,0,0,0,0,0,0,0,0,0,0,0,0,0,0,0,0,0,0,0,0,0,0,2026-08-27 14:59:15.574579+00,2026-08-27 14:59:15.574579+00
16410,16412,t,6563348674723447594,"SELECT OBS_ENT_ID,RES_ENT_ID FROM RES_ENT_OKEY WHERE OBS_ENT_ID IN ($1,$2,$3,$4,$5,$6,$7,$8,$9,$10,$11,$12,$13,$14,$15,$16)",0,0,0,0,0,0,43,3.1876520000000004,0.035429999999999996,0.110015,0.07413144186046512,0.01759938682772033,495,2007,0,0,0,0,0,0,0,0,0,0,0,0,0,0,0,0,0,0,0,0,0,0,0,0,0,0,0,0,2026-08-27 15:53:26.938587+00,2026-08-27 15:53:26.938587+00
10,16384,t,-443359959454430582,"MOVE -303 IN ""query-cursor_26""",0,0,0,0,0,0,1,0.007941,0.007941,0.007941,0.007941,0,0,0,0,0,0,0,0,0,0,0,0,0,0,0,0,0,0,0,0,0,0,0,0,0,0,0,0,0,0,0,2026-08-27 13:53:15.566517+00,2026-08-27 13:53:15.566517+00
10,16384,t,-8434411364127500800,"MOVE -1909 IN ""query-cursor_185""",0,0,0,0,0,0,1,0.035899,0.035899,0.035899,0.035899,0,0,0,0,0,0,0,0,0,0,0,0,0,0,0,0,0,0,0,0,0,0,0,0,0,0,0,0,0,0,0,2026-08-27 16:42:15.582217+00,2026-08-27 16:42:15.582217+00
16410,16412,t,2854036196645122364,"SELECT LIB_FEAT_ID,FEAT_DESC,FTYPE_ID,ANONYMIZED,FEAT_HASH,VERSION,FELEM_VALUES FROM LIB_FEAT WHERE LIB_FEAT_ID IN ($1)",0,0,0,0,0,0,22247,814.4471200000017,0.006087,28.940479,0.03660930102935235,0.3720245232063401,22247,110781,0,0,0,0,0,0,0,0,0,0,0,0,0,0,0,0,0,0,0,0,0,0,0,0,0,0,0,0,2026-08-27 15:50:48.058511+00,2026-08-27 15:50:48.058511+00
10,16384,t,830237317411613827,"MOVE ALL IN ""query-cursor_136""",0,0,0,0,0,0,1,2.092217,2.092217,2.092217,2.092217,0,0,0,0,0,0,0,0,0,0,0,0,0,0,0,0,0,0,0,0,0,0,0,0,0,0,0,0,0,0,0,2026-08-27 15:43:15.575558+00,2026-08-27 15:43:15.575558+00
10,16384,t,5247229244647682820,"DECLARE ""query-cursor_117"" SCROLL CURSOR FOR select queryid, left(query, $1), calls, (total_plan_time + total_exec_time) as total_time from aurora_stat_statements($2) order by calls desc limit $3 FOR READ ONLY",0,0,0,0,0,0,1,0.061933,0.061933,0.061933,0.061933,0,0,0,0,0,0,0,0,0,0,0,0,0,0,0,0,0,0,0,0,0,0,0,0,0,0,0,0,0,0,0,2026-08-27 15:24:15.572027+00,2026-08-27 15:24:15.572027+00
10,16384,t,990955716481412777,"FETCH 0 IN ""query-cursor_34""",0,0,0,0,0,0,1,0.003274,0.003274,0.003274,0.003274,0,0,0,0,0,0,0,0,0,0,0,0,0,0,0,0,0,0,0,0,0,0,0,0,0,0,0,0,0,0,0,2026-08-27 14:01:15.566377+00,2026-08-27 14:01:15.566377+00
16410,16412,t,-6036129607891050393,"UPDATE RES_FEAT_EKEY AS T SET SUPPRESSED=C.SUPPRESSED,OBS_ENT_CNT=C.OBS_ENT_CNT FROM (VALUES (CAST ($1 AS BIGINT),CAST ($2 AS BIGINT),$3,$4,CAST ($5 AS BIGINT)),(CAST ($6 AS BIGINT),CAST ($7 AS BIGINT),$8,$9,CAST ($10 AS BIGINT)),(CAST ($11 AS BIGINT),CAST ($12 AS BIGINT),$13,$14,CAST ($15 AS BIGINT)),(CAST ($16 AS BIGINT),CAST ($17 AS BIGINT),$18,$19,CAST ($20 AS BIGINT))) AS C(RES_ENT_ID,LIB_FEAT_ID,UTYPE_CODE,SUPPRESSED,OBS_ENT_CNT) WHERE C.RES_ENT_ID=T.RES_ENT_ID AND C.LIB_FEAT_ID=T.LIB_FEAT_ID AND C.UTYPE_CODE=T.UTYPE_CODE",0,0,0,0,0,0,846,622.3517610000001,0.046403,40.693135,0.7356403794326243,3.0218376104853366,3384,43981,0,0,6,0,0,0,0,0,0,0,0.051862,0,0,0,0,0,0,0,0,0,0,0,0,0,0,0,0,0,2026-08-27 15:51:11.299388+00,2026-08-27 15:51:11.299388+00
10,16384,t,2945163522937215369,"FETCH 0 IN ""query-cursor_186""",0,0,0,0,0,0,1,0.003996,0.003996,0.003996,0.003996,0,0,0,0,0,0,0,0,0,0,0,0,0,0,0,0,0,0,0,0,0,0,0,0,0,0,0,0,0,0,0,2026-08-27 16:43:15.57716+00,2026-08-27 16:43:15.57716+00
10,16384,t,-6896346811425522759,"DECLARE ""query-cursor_72"" SCROLL CURSOR FOR select queryid, left(query, $1), calls, (total_plan_time + total_exec_time) as total_time from aurora_stat_statements($2) order by calls desc limit $3 FOR READ ONLY",0,0,0,0,0,0,1,0.059489,0.059489,0.059489,0.059489,0,0,0,0,0,0,0,0,0,0,0,0,0,0,0,0,0,0,0,0,0,0,0,0,0,0,0,0,0,0,0,2026-08-27 14:39:15.568911+00,2026-08-27 14:39:15.568911+00
10,16384,t,-3199744874963371633,"FETCH 0 IN ""query-cursor_44""",0,0,0,0,0,0,1,0.00408,0.00408,0.00408,0.00408,0,0,0,0,0,0,0,0,0,0,0,0,0,0,0,0,0,0,0,0,0,0,0,0,0,0,0,0,0,0,0,2026-08-27 14:11:15.567047+00,2026-08-27 14:11:15.567047+00
10,16384,t,915890514910167101,"FETCH 50 IN ""query-cursor_89""",0,0,0,0,0,0,13,0.04103299999999999,0.00271,0.005782,0.0031563846153846147,0.0007788701420807271,650,0,0,0,0,0,0,0,0,0,0,0,0,0,0,0,0,0,0,0,0,0,0,0,0,0,0,0,0,0,2026-08-27 14:56:15.571473+00,2026-08-27 14:56:15.571473+00
10,16384,t,-3405177725533902156,"FETCH 0 IN ""query-cursor_168""",0,0,0,0,0,0,1,0.003447,0.003447,0.003447,0.003447,0,0,0,0,0,0,0,0,0,0,0,0,0,0,0,0,0,0,0,0,0,0,0,0,0,0,0,0,0,0,0,2026-08-27 16:25:15.575871+00,2026-08-27 16:25:15.575871+00
16410,16412,t,1385923084959289424,"SELECT RES_ENT_ID,LIB_FEAT_ID,FTYPE_ID,UTYPE_CODE,SUPPRESSED,OBS_ENT_CNT FROM RES_FEAT_EKEY WHERE RES_ENT_ID IN ($1,$2,$3,$4,$5,$6,$7,$8,$9,$10,$11,$12,$13,$14,$15,$16,$17,$18,$19,$20,$21,$22,$23,$24,$25,$26,$27,$28,$29,$30,$31,$32,$33,$34,$35,$36,$37,$38,$39,$40,$41,$42,$43,$44,$45,$46,$47,$48,$49,$50,$51,$52,$53,$54,$55,$56,$57,$58,$59,$60,$61,$62,$63,$64) AND FTYPE_ID IN ($65,$66,$67,$68,$69,$70,$71,$72,$73)",0,0,0,0,0,0,45,391.68599700000004,0.720654,70.84691799999999,8.704133266666668,15.053103674978043,202582,12344,0,0,0,0,0,0,0,0,0,0,0,0,0,0,0,0,0,0,0,0,0,0,0,0,0,0,0,0,2026-08-27 15:51:03.937238+00,2026-08-27 15:51:03.937238+00
16410,16412,t,-498471380049374155,"INSERT INTO RES_REL_EKEY(RES_REL_ID,RES_ENT_ID,REL_ENT_ID) VALUES ($1,$2,$3),($4,$5,$6),($7,$8,$9) ON CONFLICT DO NOTHING",0,0,0,0,0,0,177,105.84982999999998,0.039637,10.756461,0.598021638418079,1.8899765228626948,531,4194,0,0,4,0,0,0,0,0,0,0,0.026743999999999997,0,0,0,0,0,0,0,0,0,0,0,0,0,0,0,0,0,2026-08-27 15:52:31.51943+00,2026-08-27 15:52:31.51943+00
10,16384,t,521363409658793437,"DECLARE ""query-cursor_154"" SCROLL CURSOR FOR select queryid, left(query, $1), calls, (total_plan_time + total_exec_time) as total_time from aurora_stat_statements($2) order by calls desc limit $3 FOR READ ONLY",0,0,0,0,0,0,1,0.075505,0.075505,0.075505,0.075505,0,0,0,0,0,0,0,0,0,0,0,0,0,0,0,0,0,0,0,0,0,0,0,0,0,0,0,0,0,0,0,2026-08-27 16:02:15.627637+00,2026-08-27 16:02:15.627637+00
10,16384,t,-1017377441618079716,"FETCH 0 IN ""query-cursor_32""",0,0,0,0,0,0,1,0.003669,0.003669,0.003669,0.003669,0,0,0,0,0,0,0,0,0,0,0,0,0,0,0,0,0,0,0,0,0,0,0,0,0,0,0,0,0,0,0,2026-08-27 13:59:15.566173+00,2026-08-27 13:59:15.566173+00
16410,16412,t,-7207532726117570600,"SELECT RES_ENT_ID FROM RES_ENT WHERE RES_ENT_ID IN ($1,$2,$3,$4,$5,$6,$7,$8,$9,$10,$11,$12,$13,$14,$15,$16)",0,0,0,0,0,0,8739,1052.0473160000038,0.02726,26.47498,0.12038532051722209,0.6531535446440899,93687,393165,0,0,0,0,0,0,0,0,0,0,0,0,0,0,0,0,0,0,0,0,0,0,0,0,0,0,0,0,2026-08-27 15:51:01.772319+00,2026-08-27 15:51:01.772319+00
16410,16412,t,9022020859995780770,"SELECT LIB_FEAT_ID,NUM_RES_ENT,NUM_RES_ENT_OOM,CANDIDATE_CAP_REACHED,SCORING_CAP_REACHED FROM RES_FEAT_STAT WHERE LIB_FEAT_ID IN ($1,$2,$3,$4,$5,$6,$7,$8,$9,$10,$11,$12,$13,$14,$15,$16,$17,$18,$19,$20,$21,$22,$23,$24,$25,$26,$27,$28,$29,$30,$31,$32,$33,$34,$35,$36,$37,$38,$39,$40,$41,$42,$43,$44,$45,$46,$47,$48,$49,$50,$51,$52,$53,$54,$55,$56,$57,$58,$59,$60,$61,$62,$63,$64,$65,$66,$67,$68,$69,$70,$71,$72,$73,$74,$75,$76,$77,$78,$79,$80,$81,$82,$83,$84,$85,$86,$87,$88,$89,$90,$91,$92,$93,$94,$95,$96,$97,$98,$99,$100)",0,0,0,0,0,0,1029792,523399.00540199643,0.006860000000000001,406.239344,0.5082570124860132,2.1985667817190127,98587538,288078042,0,0,0,0,0,0,0,0,0,0,0,0,0,0,0,0,0,0,0,0,0,0,0,0,0,0,0,0,2026-08-27 15:50:47.021989+00,2026-08-27 15:50:47.021989+00
16410,16412,t,4649610827673170999,"SELECT LIB_FEAT_ID,FTYPE_ID,UTYPE_CODE,SUPPRESSED,OBS_ENT_CNT FROM RES_FEAT_EKEY WHERE RES_ENT_ID=$1 AND FTYPE_ID IN ($2)",0,0,0,0,0,0,2496822,201573.7371230017,0.00319,358.026405,0.08073212152207954,0.8613727863339647,319,10818934,0,0,0,0,0,0,0,0,0,0,0,0,0,0,0,0,0,0,0,0,0,0,0,0,0,0,0,0,2026-08-27 15:50:46.848026+00,2026-08-27 15:50:46.848026+00
10,16384,t,1021443411598152591,"MOVE -1782 IN ""query-cursor_164""",0,0,0,0,0,0,1,0.033045,0.033045,0.033045,0.033045,0,0,0,0,0,0,0,0,0,0,0,0,0,0,0,0,0,0,0,0,0,0,0,0,0,0,0,0,0,0,0,2026-08-27 16:20:15.580384+00,2026-08-27 16:20:15.580384+00
10,16384,t,-6328929103881034557,"DECLARE ""query-cursor_92"" SCROLL CURSOR FOR select queryid, left(query, $1), calls, (total_plan_time + total_exec_time) as total_time from aurora_stat_statements($2) order by calls desc limit $3 FOR READ ONLY",0,0,0,0,0,0,1,0.058235,0.058235,0.058235,0.058235,0,0,0,0,0,0,0,0,0,0,0,0,0,0,0,0,0,0,0,0,0,0,0,0,0,0,0,0,0,0,0,2026-08-27 14:59:15.57033+00,2026-08-27 14:59:15.57033+00
10,16384,t,8649028395929952794,"FETCH 11 IN ""query-cursor_169""",0,0,0,0,0,0,1,0.001916,0.001916,0.001916,0.001916,0,11,0,0,0,0,0,0,0,0,0,0,0,0,0,0,0,0,0,0,0,0,0,0,0,0,0,0,0,0,0,2026-08-27 16:26:15.593171+00,2026-08-27 16:26:15.593171+00
16410,16412,t,-6064415992686042733,"UPDATE RES_RELATE AS T SET IS_DISCLOSED=C.IS_DISCLOSED,IS_AMBIGUOUS=C.IS_AMBIGUOUS,LAST_ERRULE_ID=C.LAST_ERRULE_ID,MATCH_KEY=C.MATCH_KEY,MATCH_KEY_DETAILS=C.MATCH_KEY_DETAILS,MATCH_LEVELS=C.MATCH_LEVELS FROM (VALUES (CAST ($1 AS BIGINT),CAST ($2 AS BIGINT),CAST ($3 AS BIGINT),CAST ($4 AS BIGINT),$5,$6,$7),(CAST ($8 AS BIGINT),CAST ($9 AS BIGINT),CAST ($10 AS BIGINT),CAST ($11 AS BIGINT),$12,$13,$14),(CAST ($15 AS BIGINT),CAST ($16 AS BIGINT),CAST ($17 AS BIGINT),CAST ($18 AS BIGINT),$19,$20,$21),(CAST ($22 AS BIGINT),CAST ($23 AS BIGINT),CAST ($24 AS BIGINT),CAST ($25 AS BIGINT),$26,$27,$28),(CAST ($29 AS BIGINT),CAST ($30 AS BIGINT),CAST ($31 AS BIGINT),CAST ($32 AS BIGINT),$33,$34,$35),(CAST ($36 AS BIGINT),CAST ($37 AS BIGINT),CAST ($38 AS BIGINT),CAST ($39 AS BIGINT),$40,$41,$42),(CAST ($43 AS BIGINT),CAST ($44 AS BIGINT),CAST ($45 AS BIGINT),CAST ($46 AS BIGINT),$47,$48,$49),(CAST ($50 AS BIGINT),CAST ($51 AS BIGINT),CAST ($52 AS BIGINT),CAST ($53 AS BIGINT),$54,$55,$56),(CAST ($57 AS BIGINT),CAST ($58 AS BIGINT),CAST ($59 AS BIGINT),CAST ($60 AS BIGINT),$61,$62,$63)) AS C(RES_REL_ID,IS_DISCLOSED,IS_AMBIGUOUS,LAST_ERRULE_ID,MATCH_KEY,MATCH_KEY_DETAILS,MATCH_LEVELS) WHERE C.RES_REL_ID=T.RES_REL_ID",0,0,0,0,0,0,482,1184.3726889999982,0.106253,121.683926,2.457204748962652,8.607506681333664,4332,49406,0,0,324,0,0,0,0,0,0,0,22.85933499999999,0,0,0,0,0,0,0,0,0,0,0,0,0,0,0,0,0,2026-08-27 15:51:18.800903+00,2026-08-27 15:51:18.800903+00
10,16384,t,513295680316321032,"MOVE -1660 IN ""query-cursor_152""",0,0,0,0,0,0,1,0.190907,0.190907,0.190907,0.190907,0,0,0,0,0,0,0,0,0,0,0,0,0,0,0,0,0,0,0,0,0,0,0,0,0,0,0,0,0,0,0,2026-08-27 16:00:16.155168+00,2026-08-27 16:00:16.155168+00
10,16384,t,7340070743801577090,"MOVE -862 IN ""query-cursor_118""",0,0,0,0,0,0,1,0.017345,0.017345,0.017345,0.017345,0,0,0,0,0,0,0,0,0,0,0,0,0,0,0,0,0,0,0,0,0,0,0,0,0,0,0,0,0,0,0,2026-08-27 15:25:15.573987+00,2026-08-27 15:25:15.573987+00
10,16384,t,-3432422218349570986,"MOVE -778 IN ""query-cursor_104""",0,0,0,0,0,0,1,0.016468,0.016468,0.016468,0.016468,0,0,0,0,0,0,0,0,0,0,0,0,0,0,0,0,0,0,0,0,0,0,0,0,0,0,0,0,0,0,0,2026-08-27 15:11:15.572976+00,2026-08-27 15:11:15.572976+00
16410,16412,t,-858059991731098699,"SELECT OBS_ENT_ID,LOCKING_ID FROM OBS_ENT WHERE OBS_ENT_ID IN ($1,$2,$3,$4,$5,$6,$7,$8,$9,$10,$11,$12,$13,$14,$15,$16,$17,$18,$19,$20,$21,$22,$23,$24,$25,$26,$27,$28,$29,$30,$31,$32)",0,0,0,0,0,0,47,7.384523999999998,0.078427,0.25514899999999996,0.15711753191489358,0.04618030492737301,1088,6870,0,0,0,0,0,0,0,0,0,0,0,0,0,0,0,0,0,0,0,0,0,0,0,0,0,0,0,0,2026-08-27 16:02:55.071103+00,2026-08-27 16:02:55.071103+00
10,16384,t,-8230815631041188573,"DECLARE ""query-cursor_113"" SCROLL CURSOR FOR select queryid, left(query, $1), calls, (total_plan_time + total_exec_time) as total_time from aurora_stat_statements($2) order by calls desc limit $3 FOR READ ONLY",0,0,0,0,0,0,1,0.063252,0.063252,0.063252,0.063252,0,0,0,0,0,0,0,0,0,0,0,0,0,0,0,0,0,0,0,0,0,0,0,0,0,0,0,0,0,0,0,2026-08-27 15:20:15.571734+00,2026-08-27 15:20:15.571734+00
10,16384,t,1193909140622587467,"FETCH 50 IN ""query-cursor_23""",0,0,0,0,0,0,5,0.017663,0.002926,0.004758,0.0035326000000000003,0.0006462645278831261,250,0,0,0,0,0,0,0,0,0,0,0,0,0,0,0,0,0,0,0,0,0,0,0,0,0,0,0,0,0,2026-08-27 13:50:15.566288+00,2026-08-27 13:50:15.566288+00
10,16384,t,3741114826048525150,"MOVE ALL IN ""query-cursor_124""",0,0,0,0,0,0,1,1.854413,1.854413,1.854413,1.854413,0,0,0,0,0,0,0,0,0,0,0,0,0,0,0,0,0,0,0,0,0,0,0,0,0,0,0,0,0,0,0,2026-08-27 15:31:15.57444+00,2026-08-27 15:31:15.57444+00
16410,16412,t,1705775283623456936,"SELECT RES_ENT_ID,LIB_FEAT_ID,FTYPE_ID,UTYPE_CODE,SUPPRESSED,OBS_ENT_CNT FROM RES_FEAT_EKEY WHERE RES_ENT_ID IN ($1,$2) AND FTYPE_ID IN ($3,$4,$5,$6,$7,$8,$9,$10,$11,$12,$13)",0,0,0,0,0,0,4416,946.1864149999988,0.026044,112.36276600000001,0.21426322803442002,2.0082843181733807,332813,43849,0,0,0,0,0,0,0,0,0,0,0,0,0,0,0,0,0,0,0,0,0,0,0,0,0,0,0,0,2026-08-27 15:50:47.798656+00,2026-08-27 15:50:47.798656+00
16410,16412,t,8668308761667223566,"SELECT RES_ENT_ID,ENT_STATE,LOCKING_ID FROM RES_ENT WHERE RES_ENT_ID IN ($1,$2,$3,$4,$5,$6,$7,$8,$9,$10,$11,$12,$13,$14,$15,$16,$17,$18,$19,$20,$21,$22,$23,$24,$25,$26,$27,$28,$29,$30,$31,$32,$33,$34,$35,$36,$37,$38,$39,$40,$41,$42,$43,$44,$45,$46,$47,$48,$49,$50,$51,$52,$53,$54,$55,$56,$57,$58,$59,$60,$61,$62,$63,$64,$65,$66,$67,$68,$69,$70,$71,$72,$73,$74,$75,$76,$77,$78,$79,$80,$81,$82,$83,$84,$85,$86,$87,$88,$89,$90,$91,$92,$93,$94,$95,$96,$97,$98,$99,$100)",0,0,0,0,0,0,8373,5835.43089000001,0.16851100000000002,225.205216,0.6969342995342183,3.327126023926461,705694,2800684,0,0,0,0,0,0,0,0,0,0,0,0,0,0,0,0,0,0,0,0,0,0,0,0,0,0,0,0,2026-08-27 15:50:55.410566+00,2026-08-27 15:50:55.410566+00
10,16384,t,-2537139070440425642,"MOVE -1667 IN ""query-cursor_153""",0,0,0,0,0,0,1,0.242354,0.242354,0.242354,0.242354,0,0,0,0,0,0,0,0,0,0,0,0,0,0,0,0,0,0,0,0,0,0,0,0,0,0,0,0,0,0,0,2026-08-27 16:01:16.258838+00,2026-08-27 16:01:16.258838+00
10,16384,t,-3038392765975484580,"select coalesce(max(nullif(age(transaction),$1)),$2) as oldest_prepared_transaction_xid_age from pg_prepared_xacts",0,0,0,0,0,0,245,0.9941180000000002,0.003296,0.036472,0.004057624489795919,0.002721721777570641,245,0,0,0,0,0,0,0,0,0,0,0,0,0,0,0,0,0,0,0,0,0,0,0,0,0,0,0,0,0,2026-08-27 13:28:15.133912+00,2026-08-27 13:28:15.133912+00
10,16384,t,-2973039409636649797,"MOVE -640 IN ""query-cursor_81""",0,0,0,0,0,0,1,0.013376,0.013376,0.013376,0.013376,0,0,0,0,0,0,0,0,0,0,0,0,0,0,0,0,0,0,0,0,0,0,0,0,0,0,0,0,0,0,0,2026-08-27 14:48:15.57108+00,2026-08-27 14:48:15.57108+00
16410,16412,t,6485286189613751740,"UPDATE RES_FEAT_EKEY AS T SET SUPPRESSED = C.SUPPRESSED FROM (VALUES (CAST ($1 AS BIGINT),CAST ($2 AS BIGINT),$3,$4),(CAST ($5 AS BIGINT),CAST ($6 AS BIGINT),$7,$8)) AS C(RES_ENT_ID,LIB_FEAT_ID,UTYPE_CODE,SUPPRESSED) WHERE C.RES_ENT_ID=T.RES_ENT_ID AND C.LIB_FEAT_ID=T.LIB_FEAT_ID AND C.UTYPE_CODE=T.UTYPE_CODE",0,0,0,0,0,0,40794,22014.51714999983,0.028956,92.92112499999999,0.5396508591949755,2.293380425842465,81588,768044,0,0,415,0,0,0,0,0,0,0,8.579749000000005,0,0,0,0,0,0,0,0,0,0,0,0,0,0,0,0,0,2026-08-27 15:50:47.401116+00,2026-08-27 15:50:47.401116+00
10,16384,t,1580248464039961139,"DECLARE ""query-cursor_126"" SCROLL CURSOR FOR select queryid, left(query, $1), calls, (total_plan_time + total_exec_time) as total_time from aurora_stat_statements($2) order by calls desc limit $3 FOR READ ONLY",0,0,0,0,0,0,1,0.055028,0.055028,0.055028,0.055028,0,0,0,0,0,0,0,0,0,0,0,0,0,0,0,0,0,0,0,0,0,0,0,0,0,0,0,0,0,0,0,2026-08-27 15:33:15.572627+00,2026-08-27 15:33:15.572627+00
10,16384,t,1836341316885646301,"FETCH 24 IN ""query-cursor_171""",0,0,0,0,0,0,1,0.002631,0.002631,0.002631,0.002631,0,24,0,0,0,0,0,0,0,0,0,0,0,0,0,0,0,0,0,0,0,0,0,0,0,0,0,0,0,0,0,2026-08-27 16:28:15.593368+00,2026-08-27 16:28:15.593368+00
10,16384,t,-7082879049674577172,"MOVE -724 IN ""query-cursor_95""",0,0,0,0,0,0,1,0.015338,0.015338,0.015338,0.015338,0,0,0,0,0,0,0,0,0,0,0,0,0,0,0,0,0,0,0,0,0,0,0,0,0,0,0,0,0,0,0,2026-08-27 15:02:15.572388+00,2026-08-27 15:02:15.572388+00
16410,16412,t,5181256840980534082,"INSERT INTO RES_REL_EKEY(RES_REL_ID,RES_ENT_ID,REL_ENT_ID) VALUES ($1,$2,$3),($4,$5,$6),($7,$8,$9),($10,$11,$12),($13,$14,$15),($16,$17,$18),($19,$20,$21),($22,$23,$24),($25,$26,$27) ON CONFLICT DO NOTHING",0,0,0,0,0,0,140,279.415486,0.105045,50.298732,1.9958249,7.14722233018019,1260,10057,0,0,6,0,0,0,0,0,0,0,0.053754,0,0,0,0,0,0,0,0,0,0,0,0,0,0,0,0,0,2026-08-27 15:52:29.423467+00,2026-08-27 15:52:29.423467+00
10,16384,t,-4056315126965441072,"FETCH 0 IN ""query-cursor_164""",0,0,0,0,0,0,1,0.003727,0.003727,0.003727,0.003727,0,0,0,0,0,0,0,0,0,0,0,0,0,0,0,0,0,0,0,0,0,0,0,0,0,0,0,0,0,0,0,2026-08-27 16:20:15.575626+00,2026-08-27 16:20:15.575626+00
10,16384,t,5008421449059004756,"MOVE ALL IN ""query-cursor_224""",0,0,0,0,0,0,1,5.539041,5.539041,5.539041,5.539041,0,0,0,0,0,0,0,0,0,0,0,0,0,0,0,0,0,0,0,0,0,0,0,0,0,0,0,0,0,0,0,2026-08-27 17:21:15.585476+00,2026-08-27 17:21:15.585476+00
10,16384,t,4782402734598225178,"FETCH 50 IN ""query-cursor_66""",0,0,0,0,0,0,11,0.036067999999999996,0.002843,0.00512,0.0032789090909090906,0.0006189413916365521,550,0,0,0,0,0,0,0,0,0,0,0,0,0,0,0,0,0,0,0,0,0,0,0,0,0,0,0,0,0,2026-08-27 14:33:15.569862+00,2026-08-27 14:33:15.569862+00
10,16384,t,-1732499865533439381,"FETCH 0 IN ""query-cursor_57""",0,0,0,0,0,0,1,0.003882,0.003882,0.003882,0.003882,0,0,0,0,0,0,0,0,0,0,0,0,0,0,0,0,0,0,0,0,0,0,0,0,0,0,0,0,0,0,0,2026-08-27 14:24:15.568007+00,2026-08-27 14:24:15.568007+00
10,16384,t,8068537810039762841,"MOVE -1980 IN ""query-cursor_197""",0,0,0,0,0,0,1,0.058592,0.058592,0.058592,0.058592,0,0,0,0,0,0,0,0,0,0,0,0,0,0,0,0,0,0,0,0,0,0,0,0,0,0,0,0,0,0,0,2026-08-27 16:54:15.58304+00,2026-08-27 16:54:15.58304+00
16410,16412,t,-5603791379536428095,"SELECT RES_ENT_ID,LIB_FEAT_ID,FTYPE_ID,UTYPE_CODE,SUPPRESSED,OBS_ENT_CNT FROM RES_FEAT_EKEY WHERE RES_ENT_ID IN ($1) AND FTYPE_ID IN ($2,$3,$4,$5,$6,$7,$8,$9,$10,$11,$12,$13,$14,$15,$16,$17,$18,$19,$20,$21,$22,$23,$24,$25,$26,$27,$28,$29,$30,$31,$32,$33,$34,$35,$36,$37,$38,$39,$40,$41,$42,$43,$44,$45,$46,$47,$48,$49,$50,$51,$52,$53,$54,$55,$56,$57,$58,$59,$60)",0,0,0,0,0,0,90,10.199299000000002,0.008083,0.797907,0.11332554444444447,0.14575451325127017,891,789,0,0,0,0,0,0,0,0,0,0,0,0,0,0,0,0,0,0,0,0,0,0,0,0,0,0,0,0,2026-08-27 15:52:17.09195+00,2026-08-27 15:52:17.09195+00
10,16384,t,6431684993456941768,"FETCH 0 IN ""query-cursor_220""",0,0,0,0,0,0,1,0.003935,0.003935,0.003935,0.003935,0,0,0,0,0,0,0,0,0,0,0,0,0,0,0,0,0,0,0,0,0,0,0,0,0,0,0,0,0,0,0,2026-08-27 17:17:15.579574+00,2026-08-27 17:17:15.579574+00
16410,16412,t,3064857806590690693,"SELECT RES_ENT_ID,LIB_FEAT_ID,FTYPE_ID,UTYPE_CODE,SUPPRESSED,OBS_ENT_CNT FROM RES_FEAT_EKEY WHERE RES_ENT_ID IN ($1,$2,$3,$4,$5,$6,$7,$8,$9,$10,$11,$12,$13,$14,$15,$16,$17,$18,$19,$20,$21,$22,$23,$24,$25,$26,$27,$28,$29,$30,$31,$32,$33,$34,$35,$36,$37,$38,$39,$40,$41,$42,$43,$44,$45,$46,$47,$48,$49,$50,$51,$52,$53,$54,$55,$56,$57,$58,$59,$60,$61,$62,$63,$64) AND FTYPE_ID IN ($65,$66,$67,$68,$69,$70,$71,$72,$73,$74,$75,$76)",0,0,0,0,0,0,947,34363.726879000016,0.795667,393.347039,36.28693440232314,52.15798390689609,18819865,504146,0,0,0,0,0,0,0,0,0,0,0,0,0,0,0,0,0,0,0,0,0,0,0,0,0,0,0,0,2026-08-27 15:50:58.232308+00,2026-08-27 15:50:58.232308+00
10,16384,t,-4438081766359663386,"select queryid, calls, (total_plan_time + total_exec_time) as total_time, rows, shared_blks_hit, shared_blks_dirtied, shared_blks_read, shared_blks_written, local_blks_hit, local_blks_dirtied, local_blks_read, local_blks_written, temp_blks_read, temp_blks_written, storage_blks_read, orcache_blks_hit, shared_blk_read_time as blk_read_time, shared_blk_write_time as blk_write_time, storage_blk_read_time, local_blk_read_time, orcache_blk_read_time, total_plan_time, total_exec_time from aurora_stat_statements($1) where queryid in ($2, $3, $4, $5, $6, $7, $8, $9, $10, $11, $12, $13, $14, $15, $16, $17, $18, $19, $20, $21, $22, $23, $24, $25, $26, $27, $28, $29, $30, $31, $32, $33, $34, $35, $36, $37, $38, $39, $40, $41, $42, $43, $44, $45, $46, $47, $48, $49, $50, $51, $52, $53, $54, $55, $56)",0,0,0,0,0,0,2,4.002901,1.935312,2.067589,2.0014505,0.06613849999999993,112,0,0,0,0,0,0,0,0,0,0,0,0,0,0,0,0,0,0,0,0,0,0,0,0,0,0,0,0,0,2026-08-27 15:55:25.579516+00,2026-08-27 15:55:25.579516+00
16410,16412,t,8977741703827604644,"CREATE TABLE IF NOT EXISTS perf.snap_statement (
  label             text        NOT NULL,
  captured_at       timestamptz NOT NULL DEFAULT now(),
  queryid           bigint,
  query             text,
  calls             numeric,
  rows              numeric,
  total_exec_time   numeric,
  shared_blks_hit   numeric,
  shared_blks_read  numeric,
  shared_blks_written  numeric,
  shared_blks_dirtied  numeric,
  temp_blks_read    numeric,
  temp_blks_written numeric,
  wal_records       numeric,
  wal_fpi           numeric,
  wal_bytes         numeric
)",0,0,0,0,0,0,1,4.786978,4.786978,4.786978,4.786978,0,0,318,0,0,2,0,0,0,0,0,0,0,0.004635,0,0,0,0,0,0,0,0,0,0,0,0,0,0,0,0,0,2026-08-27 14:28:08.255437+00,2026-08-27 14:28:08.255437+00
16410,16412,t,-2364870330916650875,"UPDATE RES_FEAT_STAT SET CANDIDATE_CAP_REACHED=$1,SCORING_CAP_REACHED=$2 WHERE LIB_FEAT_ID=$3",0,0,0,0,0,0,118843,193623.27833100018,0.009130000000000001,21710.273255,1.6292358685913364,119.053514814114,118843,1832829,0,0,1268,0,0,0,0,0,0,0,28.310199000000004,0,0,0,0,0,0,0,0,0,0,0,0,0,0,0,0,0,2026-08-27 15:50:48.155384+00,2026-08-27 15:50:48.155384+00
16410,16412,t,-1102580095597343801,"UPDATE RES_RELATE AS T SET IS_DISCLOSED=C.IS_DISCLOSED,IS_AMBIGUOUS=C.IS_AMBIGUOUS,LAST_ERRULE_ID=C.LAST_ERRULE_ID,MATCH_KEY=C.MATCH_KEY,MATCH_KEY_DETAILS=C.MATCH_KEY_DETAILS,MATCH_LEVELS=C.MATCH_LEVELS FROM (VALUES (CAST ($1 AS BIGINT),CAST ($2 AS BIGINT),CAST ($3 AS BIGINT),CAST ($4 AS BIGINT),$5,$6,$7),(CAST ($8 AS BIGINT),CAST ($9 AS BIGINT),CAST ($10 AS BIGINT),CAST ($11 AS BIGINT),$12,$13,$14),(CAST ($15 AS BIGINT),CAST ($16 AS BIGINT),CAST ($17 AS BIGINT),CAST ($18 AS BIGINT),$19,$20,$21),(CAST ($22 AS BIGINT),CAST ($23 AS BIGINT),CAST ($24 AS BIGINT),CAST ($25 AS BIGINT),$26,$27,$28)) AS C(RES_REL_ID,IS_DISCLOSED,IS_AMBIGUOUS,LAST_ERRULE_ID,MATCH_KEY,MATCH_KEY_DETAILS,MATCH_LEVELS) WHERE C.RES_REL_ID=T.RES_REL_ID",0,0,0,0,0,0,2406,2416.4725840000037,0.059578,70.24656,1.0043526949293449,3.899552273132924,9622,108979,0,0,657,0,0,0,0,0,0,0,54.14704400000001,0,0,0,0,0,0,0,0,0,0,0,0,0,0,0,0,0,2026-08-27 15:51:00.72568+00,2026-08-27 15:51:00.72568+00
10,16384,t,-3344574871748276511,"FETCH 0 IN ""query-cursor_202""",0,0,0,0,0,0,1,0.003294,0.003294,0.003294,0.003294,0,0,0,0,0,0,0,0,0,0,0,0,0,0,0,0,0,0,0,0,0,0,0,0,0,0,0,0,0,0,0,2026-08-27 16:59:15.578281+00,2026-08-27 16:59:15.578281+00
10,16384,t,7010722920822001117,"MOVE -508 IN ""query-cursor_60""",0,0,0,0,0,0,1,0.011186,0.011186,0.011186,0.011186,0,0,0,0,0,0,0,0,0,0,0,0,0,0,0,0,0,0,0,0,0,0,0,0,0,0,0,0,0,0,0,2026-08-27 14:27:15.569348+00,2026-08-27 14:27:15.569348+00
10,16384,t,-630967519830199869,"MOVE ALL IN ""query-cursor_125""",0,0,0,0,0,0,1,1.926316,1.926316,1.926316,1.926316,0,0,0,0,0,0,0,0,0,0,0,0,0,0,0,0,0,0,0,0,0,0,0,0,0,0,0,0,0,0,0,2026-08-27 15:32:15.574704+00,2026-08-27 15:32:15.574704+00
16410,16412,t,5300994548292293693,"SELECT OBS_ENT_ID,LOCKING_ID FROM OBS_ENT WHERE OBS_ENT_ID IN ($1,$2,$3,$4,$5,$6,$7,$8,$9,$10,$11,$12,$13,$14,$15,$16)",0,0,0,0,0,0,90,6.935202000000002,0.028575999999999997,0.217208,0.07705780000000002,0.03167668368521764,936,5439,0,0,0,0,0,0,0,0,0,0,0,0,0,0,0,0,0,0,0,0,0,0,0,0,0,0,0,0,2026-08-27 16:01:29.895062+00,2026-08-27 16:01:29.895062+00
10,16384,t,-7885247568865387483,"FETCH 38 IN ""query-cursor_64""",0,0,0,0,0,0,1,0.002767,0.002767,0.002767,0.002767,0,38,0,0,0,0,0,0,0,0,0,0,0,0,0,0,0,0,0,0,0,0,0,0,0,0,0,0,0,0,0,2026-08-27 14:31:15.571612+00,2026-08-27 14:31:15.571612+00
10,16384,t,-3845052751568325328,"MOVE -2040 IN ""query-cursor_207""",0,0,0,0,0,0,1,0.037783,0.037783,0.037783,0.037783,0,0,0,0,0,0,0,0,0,0,0,0,0,0,0,0,0,0,0,0,0,0,0,0,0,0,0,0,0,0,0,2026-08-27 17:04:15.584078+00,2026-08-27 17:04:15.584078+00
16410,16412,t,2849341762799004727,"SELECT RES_ENT_ID,LIB_FEAT_ID,FTYPE_ID,UTYPE_CODE,SUPPRESSED,OBS_ENT_CNT FROM RES_FEAT_EKEY WHERE RES_ENT_ID IN ($1,$2,$3,$4) AND FTYPE_ID IN ($5,$6,$7,$8,$9,$10,$11,$12,$13,$14,$15,$16,$17,$18,$19,$20,$21,$22,$23,$24,$25,$26,$27,$28,$29)",0,0,0,0,0,0,5,30.169152999999998,0.319864,24.071005,6.0338306,9.082812518213697,14314,251,0,0,0,0,0,0,0,0,0,0,0,0,0,0,0,0,0,0,0,0,0,0,0,0,0,0,0,0,2026-08-27 15:52:25.316079+00,2026-08-27 15:52:25.316079+00
10,16384,t,-8229641006431000053,"FETCH 11 IN ""query-cursor_118""",0,0,0,0,0,0,1,0.001693,0.001693,0.001693,0.001693,0,11,0,0,0,0,0,0,0,0,0,0,0,0,0,0,0,0,0,0,0,0,0,0,0,0,0,0,0,0,0,2026-08-27 15:25:15.577118+00,2026-08-27 15:25:15.577118+00
10,16384,t,-7800334372140907795,"DECLARE ""query-cursor_188"" SCROLL CURSOR FOR select queryid, left(query, $1), calls, (total_plan_time + total_exec_time) as total_time from aurora_stat_statements($2) order by calls desc limit $3 FOR READ ONLY",0,0,0,0,0,0,1,0.0638,0.0638,0.0638,0.0638,0,0,0,0,0,0,0,0,0,0,0,0,0,0,0,0,0,0,0,0,0,0,0,0,0,0,0,0,0,0,0,2026-08-27 16:45:15.57725+00,2026-08-27 16:45:15.57725+00
10,16384,t,-5032926834866890013,"MOVE -1682 IN ""query-cursor_154""",0,0,0,0,0,0,1,0.082213,0.082213,0.082213,0.082213,0,0,0,0,0,0,0,0,0,0,0,0,0,0,0,0,0,0,0,0,0,0,0,0,0,0,0,0,0,0,0,2026-08-27 16:02:15.636335+00,2026-08-27 16:02:15.636335+00
10,16384,t,-1333690504420679227,"DECLARE ""query-cursor_150"" SCROLL CURSOR FOR select queryid, left(query, $1), calls, (total_plan_time + total_exec_time) as total_time from aurora_stat_statements($2) order by calls desc limit $3 FOR READ ONLY",0,0,0,0,0,0,1,0.098401,0.098401,0.098401,0.098401,0,0,0,0,0,0,0,0,0,0,0,0,0,0,0,0,0,0,0,0,0,0,0,0,0,0,0,0,0,0,0,2026-08-27 15:57:16.279497+00,2026-08-27 15:57:16.279497+00
10,16384,t,-6733093570477449921,"FETCH 43 IN ""query-cursor_11""",0,0,0,0,0,0,1,0.002974,0.002974,0.002974,0.002974,0,43,0,0,0,0,0,0,0,0,0,0,0,0,0,0,0,0,0,0,0,0,0,0,0,0,0,0,0,0,0,2026-08-27 13:38:15.565827+00,2026-08-27 13:38:15.565827+00
10,16384,t,6574420096249042292,"MOVE ALL IN ""query-cursor_73""",0,0,0,0,0,0,1,1.261843,1.261843,1.261843,1.261843,0,0,0,0,0,0,0,0,0,0,0,0,0,0,0,0,0,0,0,0,0,0,0,0,0,0,0,0,0,0,0,2026-08-27 14:40:15.570346+00,2026-08-27 14:40:15.570346+00
10,16384,t,7529480042192396829,"FETCH 50 IN ""query-cursor_53""",0,0,0,0,0,0,9,0.030797,0.0028,0.005641,0.0034218888888888892,0.0008958341171400533,450,0,0,0,0,0,0,0,0,0,0,0,0,0,0,0,0,0,0,0,0,0,0,0,0,0,0,0,0,0,2026-08-27 14:20:15.56884+00,2026-08-27 14:20:15.56884+00
10,16384,t,4518191209805497571,"FETCH 16 IN ""query-cursor_20""",0,0,0,0,0,0,1,0.002055,0.002055,0.002055,0.002055,0,16,0,0,0,0,0,0,0,0,0,0,0,0,0,0,0,0,0,0,0,0,0,0,0,0,0,0,0,0,0,2026-08-27 13:47:15.56722+00,2026-08-27 13:47:15.56722+00
10,16384,t,-6128040967862333723,"FETCH 50 IN ""query-cursor_152""",0,0,0,0,0,0,33,0.6056360000000001,0.011886,0.032023,0.018352606060606062,0.005315974775571148,1650,0,0,0,0,0,0,0,0,0,0,0,0,0,0,0,0,0,0,0,0,0,0,0,0,0,0,0,0,0,2026-08-27 16:00:16.155366+00,2026-08-27 16:00:16.155366+00
10,16384,t,4446024370956673656,"FETCH 50 IN ""query-cursor_2""",0,0,0,0,0,0,1,0.004657,0.004657,0.004657,0.004657,0,50,0,0,0,0,0,0,0,0,0,0,0,0,0,0,0,0,0,0,0,0,0,0,0,0,0,0,0,0,0,2026-08-27 13:29:15.564303+00,2026-08-27 13:29:15.564303+00
16410,16412,t,-108852197278167468,"UPDATE RES_FEAT_EKEY AS T SET SUPPRESSED=C.SUPPRESSED,OBS_ENT_CNT=C.OBS_ENT_CNT FROM (VALUES (CAST ($1 AS BIGINT),CAST ($2 AS BIGINT),$3,$4,CAST ($5 AS BIGINT)),(CAST ($6 AS BIGINT),CAST ($7 AS BIGINT),$8,$9,CAST ($10 AS BIGINT)),(CAST ($11 AS BIGINT),CAST ($12 AS BIGINT),$13,$14,CAST ($15 AS BIGINT)),(CAST ($16 AS BIGINT),CAST ($17 AS BIGINT),$18,$19,CAST ($20 AS BIGINT)),(CAST ($21 AS BIGINT),CAST ($22 AS BIGINT),$23,$24,CAST ($25 AS BIGINT)),(CAST ($26 AS BIGINT),CAST ($27 AS BIGINT),$28,$29,CAST ($30 AS BIGINT)),(CAST ($31 AS BIGINT),CAST ($32 AS BIGINT),$33,$34,CAST ($35 AS BIGINT))) AS C(RES_ENT_ID,LIB_FEAT_ID,UTYPE_CODE,SUPPRESSED,OBS_ENT_CNT) WHERE C.RES_ENT_ID=T.RES_ENT_ID AND C.LIB_FEAT_ID=T.LIB_FEAT_ID AND C.UTYPE_CODE=T.UTYPE_CODE",0,0,0,0,0,0,1687,4106.201590000005,0.074819,60.803243,2.4340258387670453,7.595871957417957,11809,145133,0,0,8,0,0,0,0,0,0,0,2.363342,0,0,0,0,0,0,0,0,0,0,0,0,0,0,0,0,0,2026-08-27 15:51:09.479668+00,2026-08-27 15:51:09.479668+00
16410,16412,t,7665846493434763599,"SELECT RES_ENT_ID,LIB_FEAT_ID,FTYPE_ID,UTYPE_CODE,SUPPRESSED,OBS_ENT_CNT FROM RES_FEAT_EKEY WHERE RES_ENT_ID IN ($1,$2,$3,$4,$5,$6,$7,$8) AND FTYPE_ID IN ($9,$10,$11,$12,$13,$14,$15,$16,$17,$18,$19)",0,0,0,0,0,0,7930,4497.447200999987,0.074323,98.61154900000001,0.5671434049180312,2.610993297295152,1916615,257576,0,0,0,0,0,0,0,0,0,0,0,0,0,0,0,0,0,0,0,0,0,0,0,0,0,0,0,0,2026-08-27 15:50:48.182097+00,2026-08-27 15:50:48.182097+00
16410,16412,t,-9221382328647298178,"CREATE TABLE LIB_FEAT (LIB_FEAT_ID BIGINT NOT NULL, FTYPE_ID SMALLINT NOT NULL, VERSION SMALLINT NOT NULL, FEAT_HASH VARCHAR(40) NOT NULL, FEAT_DESC VARCHAR(150), FELEM_VALUES TEXT NOT NULL, ANONYMIZED CHAR(1) NOT NULL, PRIMARY KEY(FEAT_HASH, FTYPE_ID, ANONYMIZED))",0,0,0,0,0,0,1,95.327852,95.327852,95.327852,95.327852,0,0,740,87,0,2,0,0,0,0,0,0,84.046063,0.008417,0,0,0,0,0,0,0,0,0,0,0,0,0,0,0,0,0,2026-08-27 13:29:49.965495+00,2026-08-27 13:29:49.965495+00
16410,16412,t,6621315299942019125,"SELECT RES_ENT_ID,LIB_FEAT_ID,FTYPE_ID,UTYPE_CODE,SUPPRESSED,OBS_ENT_CNT FROM RES_FEAT_EKEY WHERE RES_ENT_ID IN ($1,$2,$3,$4,$5,$6,$7,$8,$9,$10,$11,$12,$13,$14,$15,$16,$17,$18,$19,$20,$21,$22,$23,$24,$25,$26,$27,$28,$29,$30,$31,$32) AND FTYPE_ID IN ($33,$34,$35,$36,$37,$38,$39,$40,$41,$42,$43)",0,0,0,0,0,0,2305,14654.00974100003,0.271295,304.435253,6.357487957049905,15.33506556344291,6314703,401649,0,0,0,0,0,0,0,0,0,0,0,0,0,0,0,0,0,0,0,0,0,0,0,0,0,0,0,0,2026-08-27 15:50:53.332261+00,2026-08-27 15:50:53.332261+00
16410,16412,t,3370682044401724355,"INSERT INTO RES_RELATE(RES_REL_ID,MIN_RES_ENT_ID,MAX_RES_ENT_ID,IS_DISCLOSED,IS_AMBIGUOUS,LAST_ERRULE_ID,MATCH_KEY,MATCH_KEY_DETAILS,MATCH_LEVELS) VALUES ($1,$2,$3,$4,$5,$6,$7,$8,$9),($10,$11,$12,$13,$14,$15,$16,$17,$18),($19,$20,$21,$22,$23,$24,$25,$26,$27),($28,$29,$30,$31,$32,$33,$34,$35,$36),($37,$38,$39,$40,$41,$42,$43,$44,$45),($46,$47,$48,$49,$50,$51,$52,$53,$54),($55,$56,$57,$58,$59,$60,$61,$62,$63) ON CONFLICT DO NOTHING",0,0,0,0,0,0,3330,7265.883211999986,0.07511999999999999,202.25200600000002,2.1819469105105065,7.821178672633803,23310,190104,0,0,1132,0,0,0,0,0,0,0,75.20505000000009,0,0,0,0,0,0,0,0,0,0,0,0,0,0,0,0,0,2026-08-27 15:51:00.736101+00,2026-08-27 15:51:00.736101+00
10,16384,t,9167519623337689516,"MOVE ALL IN ""query-cursor_101""",0,0,0,0,0,0,1,1.685038,1.685038,1.685038,1.685038,0,0,0,0,0,0,0,0,0,0,0,0,0,0,0,0,0,0,0,0,0,0,0,0,0,0,0,0,0,0,0,2026-08-27 15:08:15.572771+00,2026-08-27 15:08:15.572771+00
10,16384,t,1797294534667477766,"FETCH 50 IN ""query-cursor_63""",0,0,0,0,0,0,10,0.033649,0.00278,0.00588,0.0033648999999999997,0.0008809058349222124,500,0,0,0,0,0,0,0,0,0,0,0,0,0,0,0,0,0,0,0,0,0,0,0,0,0,0,0,0,0,2026-08-27 14:30:15.569685+00,2026-08-27 14:30:15.569685+00
16410,16412,t,8195126707357194334,"SELECT FTYPE_ID,SUPPRESSED,OBS_ENT_CNT FROM RES_FEAT_EKEY WHERE RES_ENT_ID=$1 AND LIB_FEAT_ID=$2 AND UTYPE_CODE=$3",0,0,0,0,0,0,30,0.286546,0.005214000000000001,0.020095,0.009551533333333334,0.004079900143658202,30,184,0,0,0,0,0,0,0,0,0,0,0,0,0,0,0,0,0,0,0,0,0,0,0,0,0,0,0,0,2026-08-27 16:10:53.707975+00,2026-08-27 16:10:53.707975+00
16410,16412,t,-539922686104966485,"UPDATE RES_FEAT_STAT AS T SET FTYPE_ID=C.FTYPE_ID,NUM_RES_ENT=C.NUM_RES_ENT_NEW,NUM_RES_ENT_OOM=C.NUM_RES_ENT_OOM_NEW FROM (VALUES (CAST ($1 AS BIGINT),CAST ($2 AS INT),CAST ($3 AS BIGINT),CAST ($4 AS BIGINT),CAST ($5 AS BIGINT),CAST ($6 AS BIGINT)),(CAST ($7 AS BIGINT),CAST ($8 AS INT),CAST ($9 AS BIGINT),CAST ($10 AS BIGINT),CAST ($11 AS BIGINT),CAST ($12 AS BIGINT)),(CAST ($13 AS BIGINT),CAST ($14 AS INT),CAST ($15 AS BIGINT),CAST ($16 AS BIGINT),CAST ($17 AS BIGINT),CAST ($18 AS BIGINT)),(CAST ($19 AS BIGINT),CAST ($20 AS INT),CAST ($21 AS BIGINT),CAST ($22 AS BIGINT),CAST ($23 AS BIGINT),CAST ($24 AS BIGINT)),(CAST ($25 AS BIGINT),CAST ($26 AS INT),CAST ($27 AS BIGINT),CAST ($28 AS BIGINT),CAST ($29 AS BIGINT),CAST ($30 AS BIGINT)),(CAST ($31 AS BIGINT),CAST ($32 AS INT),CAST ($33 AS BIGINT),CAST ($34 AS BIGINT),CAST ($35 AS BIGINT),CAST ($36 AS BIGINT)),(CAST ($37 AS BIGINT),CAST ($38 AS INT),CAST ($39 AS BIGINT),CAST ($40 AS BIGINT),CAST ($41 AS BIGINT),CAST ($42 AS BIGINT)),(CAST ($43 AS BIGINT),CAST ($44 AS INT),CAST ($45 AS BIGINT),CAST ($46 AS BIGINT),CAST ($47 AS BIGINT),CAST ($48 AS BIGINT))) AS C(LIB_FEAT_ID,FTYPE_ID,NUM_RES_ENT_OLD,NUM_RES_ENT_OOM_OLD,NUM_RES_ENT_NEW,NUM_RES_ENT_OOM_NEW) WHERE C.LIB_FEAT_ID=T.LIB_FEAT_ID AND C.NUM_RES_ENT_OLD=T.NUM_RES_ENT AND C.NUM_RES_ENT_OOM_OLD=T.NUM_RES_ENT_OOM",0,0,0,0,0,0,9,896.2762099999999,0.040445,874.1048949999999,99.58624555555554,273.8859700598213,22,4033,0,0,0,0,0,0,0,0,0,0,0,0,0,0,0,0,0,0,0,0,0,0,0,0,0,0,0,0,2026-08-27 15:53:59.099052+00,2026-08-27 15:53:59.099052+00
10,16384,t,-6536628998247016237,"MOVE -2271 IN ""query-cursor_245""",0,0,0,0,0,0,1,0.042007,0.042007,0.042007,0.042007,0,0,0,0,0,0,0,0,0,0,0,0,0,0,0,0,0,0,0,0,0,0,0,0,0,0,0,0,0,0,0,2026-08-27 17:42:15.586922+00,2026-08-27 17:42:15.586922+00
16410,16412,t,-2242460108924211428,"SELECT OBS_ENT_ID,RES_ENT_ID FROM RES_ENT_OKEY WHERE OBS_ENT_ID IN ($1,$2)",0,0,0,0,0,0,5948,203.9419729999997,0.009792,11.082268,0.03428748705447204,0.19609144275779528,11896,50979,0,0,0,0,0,0,0,0,0,0,0,0,0,0,0,0,0,0,0,0,0,0,0,0,0,0,0,0,2026-08-27 15:50:59.881566+00,2026-08-27 15:50:59.881566+00
16410,16412,t,2103733769408878190,select $1,0,0,0,0,0,0,2291,5.745784999999993,0.000673,0.031241999999999995,0.0025079812309035322,0.0019912185629475396,2291,0,0,0,0,0,0,0,0,0,0,0,0,0,0,0,0,0,0,0,0,0,0,0,0,0,0,0,0,0,2026-08-27 13:33:26.530442+00,2026-08-27 13:33:26.530442+00
10,16384,t,-7913545124902174753,"FETCH 45 IN ""query-cursor_140""",0,0,0,0,0,0,1,0.003302,0.003302,0.003302,0.003302,0,45,0,0,0,0,0,0,0,0,0,0,0,0,0,0,0,0,0,0,0,0,0,0,0,0,0,0,0,0,0,2026-08-27 15:47:15.579335+00,2026-08-27 15:47:15.579335+00
10,16384,t,5800023625326375822,"DECLARE ""query-cursor_33"" SCROLL CURSOR FOR select queryid, left(query, $1), calls, (total_plan_time + total_exec_time) as total_time from aurora_stat_statements($2) order by calls desc limit $3 FOR READ ONLY",0,0,0,0,0,0,1,0.05993,0.05993,0.05993,0.05993,0,0,0,0,0,0,0,0,0,0,0,0,0,0,0,0,0,0,0,0,0,0,0,0,0,0,0,0,0,0,0,2026-08-27 14:00:15.566203+00,2026-08-27 14:00:15.566203+00
10,16384,t,7372537859135498087,"FETCH 50 IN ""query-cursor_222""",0,0,0,0,0,0,42,0.17271000000000003,0.002893,0.018078,0.004112142857142858,0.002354586007200867,2100,0,0,0,0,0,0,0,0,0,0,0,0,0,0,0,0,0,0,0,0,0,0,0,0,0,0,0,0,0,2026-08-27 17:19:15.585032+00,2026-08-27 17:19:15.585032+00
16410,16412,t,7322555024964996789,"SELECT
    pid,
    state,
    now() - xact_start                                 AS xact_age,
    now() - query_start                                AS query_age,
    age(backend_xmin)                                  AS xmin_age_xids,
    left(regexp_replace(query, $1, $2, $3), $4)   AS query
FROM pg_stat_activity
WHERE datname = current_database()
  AND backend_xmin IS NOT NULL
ORDER BY age(backend_xmin) DESC NULLS LAST
LIMIT $5",0,0,0,0,0,0,1,6.948514,6.948514,6.948514,6.948514,0,1,6,0,0,0,0,0,0,0,0,0,0,0,0,0,0,0,0,0,0,0,0,0,0,0,0,0,0,0,0,2026-08-27 17:41:16.108006+00,2026-08-27 17:41:16.108006+00
10,16384,t,-2071229969732990453,"FETCH 50 IN ""query-cursor_145""",0,0,0,0,0,0,30,0.19768499999999997,0.003282,0.013448,0.006589499999999999,0.002892808275131048,1500,0,0,0,0,0,0,0,0,0,0,0,0,0,0,0,0,0,0,0,0,0,0,0,0,0,0,0,0,0,2026-08-27 15:52:15.580475+00,2026-08-27 15:52:15.580475+00
10,16384,t,2402491195708639092,"DECLARE ""query-cursor_183"" SCROLL CURSOR FOR select queryid, left(query, $1), calls, (total_plan_time + total_exec_time) as total_time from aurora_stat_statements($2) order by calls desc limit $3 FOR READ ONLY",0,0,0,0,0,0,1,0.061151,0.061151,0.061151,0.061151,0,0,0,0,0,0,0,0,0,0,0,0,0,0,0,0,0,0,0,0,0,0,0,0,0,0,0,0,0,0,0,2026-08-27 16:40:15.576858+00,2026-08-27 16:40:15.576858+00
16410,16412,t,3931695639387509169,"SELECT RES_ENT_ID,LIB_FEAT_ID,FTYPE_ID,UTYPE_CODE,SUPPRESSED,OBS_ENT_CNT FROM RES_FEAT_EKEY WHERE RES_ENT_ID IN ($1,$2,$3,$4,$5,$6,$7,$8,$9,$10,$11,$12,$13,$14,$15,$16,$17,$18,$19,$20,$21,$22,$23,$24,$25,$26,$27,$28,$29,$30,$31,$32) AND FTYPE_ID IN ($33,$34,$35,$36,$37,$38,$39,$40,$41,$42,$43,$44,$45)",0,0,0,0,0,0,2375,30938.97310099997,0.325755,629.5629,13.026936042526303,43.798691720934166,10274016,385466,0,0,0,0,0,0,0,0,0,0,0,0,0,0,0,0,0,0,0,0,0,0,0,0,0,0,0,0,2026-08-27 15:50:50.720014+00,2026-08-27 15:50:50.720014+00
10,16384,t,656218203824834372,"DECLARE ""query-cursor_84"" SCROLL CURSOR FOR select queryid, left(query, $1), calls, (total_plan_time + total_exec_time) as total_time from aurora_stat_statements($2) order by calls desc limit $3 FOR READ ONLY",0,0,0,0,0,0,1,0.063575,0.063575,0.063575,0.063575,0,0,0,0,0,0,0,0,0,0,0,0,0,0,0,0,0,0,0,0,0,0,0,0,0,0,0,0,0,0,0,2026-08-27 14:51:15.569821+00,2026-08-27 14:51:15.569821+00
10,16384,t,7723397145751853151,"MOVE -1506 IN ""query-cursor_145""",0,0,0,0,0,0,1,0.070236,0.070236,0.070236,0.070236,0,0,0,0,0,0,0,0,0,0,0,0,0,0,0,0,0,0,0,0,0,0,0,0,0,0,0,0,0,0,0,2026-08-27 15:52:15.5804+00,2026-08-27 15:52:15.5804+00
16410,16412,t,-8952524919332388568,"UPDATE RES_FEAT_EKEY AS T SET SUPPRESSED=C.SUPPRESSED,OBS_ENT_CNT=C.OBS_ENT_CNT FROM (VALUES (CAST ($1 AS BIGINT),CAST ($2 AS BIGINT),$3,$4,CAST ($5 AS BIGINT)),(CAST ($6 AS BIGINT),CAST ($7 AS BIGINT),$8,$9,CAST ($10 AS BIGINT)),(CAST ($11 AS BIGINT),CAST ($12 AS BIGINT),$13,$14,CAST ($15 AS BIGINT)),(CAST ($16 AS BIGINT),CAST ($17 AS BIGINT),$18,$19,CAST ($20 AS BIGINT)),(CAST ($21 AS BIGINT),CAST ($22 AS BIGINT),$23,$24,CAST ($25 AS BIGINT)),(CAST ($26 AS BIGINT),CAST ($27 AS BIGINT),$28,$29,CAST ($30 AS BIGINT)),(CAST ($31 AS BIGINT),CAST ($32 AS BIGINT),$33,$34,CAST ($35 AS BIGINT)),(CAST ($36 AS BIGINT),CAST ($37 AS BIGINT),$38,$39,CAST ($40 AS BIGINT)),(CAST ($41 AS BIGINT),CAST ($42 AS BIGINT),$43,$44,CAST ($45 AS BIGINT)),(CAST ($46 AS BIGINT),CAST ($47 AS BIGINT),$48,$49,CAST ($50 AS BIGINT)),(CAST ($51 AS BIGINT),CAST ($52 AS BIGINT),$53,$54,CAST ($55 AS BIGINT)),(CAST ($56 AS BIGINT),CAST ($57 AS BIGINT),$58,$59,CAST ($60 AS BIGINT)),(CAST ($61 AS BIGINT),CAST ($62 AS BIGINT),$63,$64,CAST ($65 AS BIGINT))) AS C(RES_ENT_ID,LIB_FEAT_ID,UTYPE_CODE,SUPPRESSED,OBS_ENT_CNT) WHERE C.RES_ENT_ID=T.RES_ENT_ID AND C.LIB_FEAT_ID=T.LIB_FEAT_ID AND C.UTYPE_CODE=T.UTYPE_CODE",0,0,0,0,0,0,402,1570.7580069999992,0.121076,77.611801,3.9073582263681574,11.706048620572957,5223,68536,0,0,4,0,0,0,0,0,0,0,0.036955,0,0,0,0,0,0,0,0,0,0,0,0,0,0,0,0,0,2026-08-27 15:51:02.228346+00,2026-08-27 15:51:02.228346+00
16410,16412,t,6739740092344615036,"SELECT RES_ENT_ID,LIB_FEAT_ID,FTYPE_ID,UTYPE_CODE,SUPPRESSED,OBS_ENT_CNT FROM RES_FEAT_EKEY WHERE RES_ENT_ID IN ($1) AND FTYPE_ID IN ($2,$3,$4,$5,$6,$7,$8,$9,$10,$11,$12,$13,$14,$15,$16,$17,$18,$19,$20,$21,$22,$23,$24,$25)",0,0,0,0,0,0,3,0.717424,0.160915,0.314263,0.23914133333333332,0.06264253875407315,740,18,0,0,0,0,0,0,0,0,0,0,0,0,0,0,0,0,0,0,0,0,0,0,0,0,0,0,0,0,2026-08-27 15:53:37.112596+00,2026-08-27 15:53:37.112596+00
16410,16412,t,-6584799622022706607,"SELECT RES_ENT_ID,OBS_ENT_ID,ERRULE_ID,MATCH_KEY FROM RES_ENT_OKEY WHERE RES_ENT_ID IN ($1,$2,$3,$4,$5,$6,$7,$8,$9,$10,$11,$12,$13,$14,$15,$16)",0,0,0,0,0,0,21,3.5860979999999993,0.046461999999999996,1.986669,0.1707665714285714,0.4068268654412109,476,1190,0,0,0,0,0,0,0,0,0,0,0,0,0,0,0,0,0,0,0,0,0,0,0,0,0,0,0,0,2026-08-27 15:56:46.296797+00,2026-08-27 15:56:46.296797+00
10,16384,t,821095623912519675,"FETCH 0 IN ""query-cursor_188""",0,0,0,0,0,0,1,0.003514,0.003514,0.003514,0.003514,0,0,0,0,0,0,0,0,0,0,0,0,0,0,0,0,0,0,0,0,0,0,0,0,0,0,0,0,0,0,0,2026-08-27 16:45:15.577294+00,2026-08-27 16:45:15.577294+00
10,16384,t,-4156863016809029360,"DECLARE ""query-cursor_37"" SCROLL CURSOR FOR select queryid, left(query, $1), calls, (total_plan_time + total_exec_time) as total_time from aurora_stat_statements($2) order by calls desc limit $3 FOR READ ONLY",0,0,0,0,0,0,1,0.066959,0.066959,0.066959,0.066959,0,0,0,0,0,0,0,0,0,0,0,0,0,0,0,0,0,0,0,0,0,0,0,0,0,0,0,0,0,0,0,2026-08-27 14:04:15.566557+00,2026-08-27 14:04:15.566557+00
10,16384,t,5055770987712178971,"FETCH 0 IN ""query-cursor_175""",0,0,0,0,0,0,1,0.003671,0.003671,0.003671,0.003671,0,0,0,0,0,0,0,0,0,0,0,0,0,0,0,0,0,0,0,0,0,0,0,0,0,0,0,0,0,0,0,2026-08-27 16:32:15.576383+00,2026-08-27 16:32:15.576383+00
10,16384,t,2222117915503518886,"FETCH 50 IN ""query-cursor_17""",0,0,0,0,0,0,4,0.013909999999999999,0.00278,0.004566,0.0034774999999999997,0.0006726312139649778,200,0,0,0,0,0,0,0,0,0,0,0,0,0,0,0,0,0,0,0,0,0,0,0,0,0,0,0,0,0,2026-08-27 13:44:15.565797+00,2026-08-27 13:44:15.565797+00
10,16384,t,2777807600405559399,"MOVE -1915 IN ""query-cursor_186""",0,0,0,0,0,0,1,0.035846,0.035846,0.035846,0.035846,0,0,0,0,0,0,0,0,0,0,0,0,0,0,0,0,0,0,0,0,0,0,0,0,0,0,0,0,0,0,0,2026-08-27 16:43:15.582405+00,2026-08-27 16:43:15.582405+00
10,16384,t,-4018998844758859179,"MOVE -545 IN ""query-cursor_65""",0,0,0,0,0,0,1,0.011963,0.011963,0.011963,0.011963,0,0,0,0,0,0,0,0,0,0,0,0,0,0,0,0,0,0,0,0,0,0,0,0,0,0,0,0,0,0,0,2026-08-27 14:32:15.569772+00,2026-08-27 14:32:15.569772+00
10,16384,t,6183182294747527861,"MOVE ALL IN ""query-cursor_90""",0,0,0,0,0,0,1,1.496776,1.496776,1.496776,1.496776,0,0,0,0,0,0,0,0,0,0,0,0,0,0,0,0,0,0,0,0,0,0,0,0,0,0,0,0,0,0,0,2026-08-27 14:57:15.571751+00,2026-08-27 14:57:15.571751+00
16410,16412,t,2331481891964300404,SELECT $3 FROM information_schema.columns WHERE table_schema=current_schema() AND table_name=LOWER($1) AND column_name=LOWER($2),0,0,0,0,0,0,2771,920.4008030000001,0.043568,169.548678,0.33215474666185496,5.402699043432793,0,36022,1,0,0,0,0,0,0,0,0,1.198892,0,0,0,0,0,0,0,0,0,0,0,0,0,0,0,0,0,0,2026-08-27 13:32:03.775996+00,2026-08-27 13:32:03.775996+00
10,16384,t,-6531023590697524762,"DECLARE ""query-cursor_148"" SCROLL CURSOR FOR select queryid, left(query, $1), calls, (total_plan_time + total_exec_time) as total_time from aurora_stat_statements($2) order by calls desc limit $3 FOR READ ONLY",0,0,0,0,0,0,1,0.056088,0.056088,0.056088,0.056088,0,0,0,0,0,0,0,0,0,0,0,0,0,0,0,0,0,0,0,0,0,0,0,0,0,0,0,0,0,0,0,2026-08-27 15:55:15.574345+00,2026-08-27 15:55:15.574345+00
10,16384,t,7232291882837367564,"MOVE ALL IN ""query-cursor_158""",0,0,0,0,0,0,1,4.88791,4.88791,4.88791,4.88791,0,0,0,0,0,0,0,0,0,0,0,0,0,0,0,0,0,0,0,0,0,0,0,0,0,0,0,0,0,0,0,2026-08-27 16:09:15.580172+00,2026-08-27 16:09:15.580172+00
10,16384,t,8593608866768640613,"FETCH 50 IN ""query-cursor_18""",0,0,0,0,0,0,5,0.018167000000000003,0.003039,0.005613,0.0036334000000000006,0.0009961109576748968,250,0,0,0,0,0,0,0,0,0,0,0,0,0,0,0,0,0,0,0,0,0,0,0,0,0,0,0,0,0,2026-08-27 13:45:15.565912+00,2026-08-27 13:45:15.565912+00
16410,16412,t,-860283308909992279,"SELECT RES_ENT_ID,LIB_FEAT_ID,FTYPE_ID,UTYPE_CODE,SUPPRESSED,OBS_ENT_CNT FROM RES_FEAT_EKEY WHERE RES_ENT_ID IN ($1,$2,$3,$4,$5,$6,$7,$8,$9,$10,$11,$12,$13,$14,$15,$16,$17,$18,$19,$20,$21,$22,$23,$24,$25,$26,$27,$28,$29,$30,$31,$32,$33,$34,$35,$36,$37,$38,$39,$40,$41,$42,$43,$44,$45,$46,$47,$48,$49,$50,$51,$52,$53,$54,$55,$56,$57,$58,$59,$60,$61,$62,$63,$64,$65,$66,$67,$68,$69,$70,$71,$72,$73,$74,$75,$76,$77,$78,$79,$80,$81,$82,$83,$84,$85) AND FTYPE_ID IN ($86,$87,$88,$89,$90,$91,$92,$93,$94,$95,$96,$97,$98,$99,$100)",0,0,0,0,0,0,846,80323.18719000007,2.730618,1547.996321,94.94466570921995,164.42329971146097,41004372,751599,0,0,0,0,0,0,0,0,0,0,0,0,0,0,0,0,0,0,0,0,0,0,0,0,0,0,0,0,2026-08-27 15:50:55.435458+00,2026-08-27 15:50:55.435458+00
10,16384,t,1280134939615700701,"MOVE ALL IN ""query-cursor_150""",0,0,0,0,0,0,1,9.197464,9.197464,9.197464,9.197464,0,0,0,0,0,0,0,0,0,0,0,0,0,0,0,0,0,0,0,0,0,0,0,0,0,0,0,0,0,0,0,2026-08-27 15:57:16.288825+00,2026-08-27 15:57:16.288825+00
10,16384,t,3289899233418732763,"DECLARE ""query-cursor_187"" SCROLL CURSOR FOR select queryid, left(query, $1), calls, (total_plan_time + total_exec_time) as total_time from aurora_stat_statements($2) order by calls desc limit $3 FOR READ ONLY",0,0,0,0,0,0,1,0.067081,0.067081,0.067081,0.067081,0,0,0,0,0,0,0,0,0,0,0,0,0,0,0,0,0,0,0,0,0,0,0,0,0,0,0,0,0,0,0,2026-08-27 16:44:15.5773+00,2026-08-27 16:44:15.5773+00
10,16384,t,796903788027354748,"MOVE ALL IN ""query-cursor_211""",0,0,0,0,0,0,1,5.434861,5.434861,5.434861,5.434861,0,0,0,0,0,0,0,0,0,0,0,0,0,0,0,0,0,0,0,0,0,0,0,0,0,0,0,0,0,0,0,2026-08-27 17:08:15.584613+00,2026-08-27 17:08:15.584613+00
10,16384,t,-3185161248351787730,"MOVE ALL IN ""query-cursor_95""",0,0,0,0,0,0,1,1.682951,1.682951,1.682951,1.682951,0,0,0,0,0,0,0,0,0,0,0,0,0,0,0,0,0,0,0,0,0,0,0,0,0,0,0,0,0,0,0,2026-08-27 15:02:15.572319+00,2026-08-27 15:02:15.572319+00
10,16384,t,5675268579713323024,"FETCH 23 IN ""query-cursor_95""",0,0,0,0,0,0,1,0.003887,0.003887,0.003887,0.003887,0,23,0,0,0,0,0,0,0,0,0,0,0,0,0,0,0,0,0,0,0,0,0,0,0,0,0,0,0,0,0,2026-08-27 15:02:15.575053+00,2026-08-27 15:02:15.575053+00
16410,16412,t,-289413638405859069,"SELECT RES_ENT_ID,LIB_FEAT_ID,FTYPE_ID,UTYPE_CODE,SUPPRESSED,OBS_ENT_CNT FROM RES_FEAT_EKEY WHERE RES_ENT_ID IN ($1,$2,$3,$4,$5,$6,$7,$8,$9,$10,$11,$12,$13,$14,$15,$16,$17,$18,$19,$20,$21,$22,$23,$24,$25,$26,$27,$28,$29,$30,$31,$32) AND FTYPE_ID IN ($33,$34,$35,$36,$37,$38,$39,$40,$41,$42,$43,$44)",0,0,0,0,0,0,2199,25051.083537000017,0.286435,755.7595150000001,11.392034350613923,29.773865054824366,9868862,408841,0,0,0,0,0,0,0,0,0,0,0,0,0,0,0,0,0,0,0,0,0,0,0,0,0,0,0,0,2026-08-27 15:50:50.530088+00,2026-08-27 15:50:50.530088+00
10,16384,t,-8334535420290783226,"FETCH 33 IN ""query-cursor_48""",0,0,0,0,0,0,1,0.002686,0.002686,0.002686,0.002686,0,33,0,0,0,0,0,0,0,0,0,0,0,0,0,0,0,0,0,0,0,0,0,0,0,0,0,0,0,0,0,2026-08-27 14:15:15.56987+00,2026-08-27 14:15:15.56987+00
16410,16412,t,2758416697784876263,"SELECT OBS_ENT_ID,RES_ENT_ID FROM RES_ENT_OKEY WHERE OBS_ENT_ID IN ($1)",0,0,0,0,0,0,2868077,60707.845377001686,0.002525,39.86173,0.021166741819345046,0.2159631395052094,1869695,10287624,0,0,0,0,0,0,0,0,0,0,0,0,0,0,0,0,0,0,0,0,0,0,0,0,0,0,0,0,2026-08-27 15:50:46.806282+00,2026-08-27 15:50:46.806282+00
10,16384,t,-6819389027649045694,"FETCH 50 IN ""query-cursor_132""",0,0,0,0,0,0,18,0.054218,0.002743,0.005484,0.0030121111111111112,0.0006169944974442992,900,0,0,0,0,0,0,0,0,0,0,0,0,0,0,0,0,0,0,0,0,0,0,0,0,0,0,0,0,0,2026-08-27 15:39:15.575216+00,2026-08-27 15:39:15.575216+00
10,16384,t,-1285575348140865314,"MOVE ALL IN ""query-cursor_172""",0,0,0,0,0,0,1,4.990515,4.990515,4.990515,4.990515,0,0,0,0,0,0,0,0,0,0,0,0,0,0,0,0,0,0,0,0,0,0,0,0,0,0,0,0,0,0,0,2026-08-27 16:29:15.581166+00,2026-08-27 16:29:15.581166+00
10,16384,t,2032245790780400417,"FETCH 50 IN ""query-cursor_151""",0,0,0,0,0,0,33,0.583636,0.007692,0.041907,0.017685939393939396,0.006961866385681679,1650,0,0,0,0,0,0,0,0,0,0,0,0,0,0,0,0,0,0,0,0,0,0,0,0,0,0,0,0,0,2026-08-27 15:59:15.706463+00,2026-08-27 15:59:15.706463+00
16410,16412,t,-4550385992683085027,"INSERT INTO RES_REL_EKEY(RES_REL_ID,RES_ENT_ID,REL_ENT_ID) VALUES ($1,$2,$3),($4,$5,$6),($7,$8,$9),($10,$11,$12),($13,$14,$15),($16,$17,$18),($19,$20,$21),($22,$23,$24),($25,$26,$27),($28,$29,$30),($31,$32,$33),($34,$35,$36),($37,$38,$39),($40,$41,$42),($43,$44,$45),($46,$47,$48),($49,$50,$51),($52,$53,$54),($55,$56,$57),($58,$59,$60),($61,$62,$63),($64,$65,$66),($67,$68,$69),($70,$71,$72),($73,$74,$75),($76,$77,$78),($79,$80,$81),($82,$83,$84),($85,$86,$87),($88,$89,$90),($91,$92,$93),($94,$95,$96) ON CONFLICT DO NOTHING",0,0,0,0,0,0,262,1782.6908319999995,0.283665,135.62490499999998,6.804163480916029,20.338076341256695,8384,67089,0,0,76,0,0,0,0,0,0,0,2.8454249999999988,0,0,0,0,0,0,0,0,0,0,0,0,0,0,0,0,0,2026-08-27 15:52:30.644421+00,2026-08-27 15:52:30.644421+00
10,16384,t,5594144960996503509,"FETCH 50 IN ""query-cursor_16""",0,0,0,0,0,0,4,0.014339000000000001,0.00304,0.004518,0.0035847500000000003,0.0005926750268907914,200,0,0,0,0,0,0,0,0,0,0,0,0,0,0,0,0,0,0,0,0,0,0,0,0,0,0,0,0,0,2026-08-27 13:43:15.565636+00,2026-08-27 13:43:15.565636+00
16410,16412,t,2261006418131637749,"SELECT RES_ENT_ID,LIB_FEAT_ID,FTYPE_ID,UTYPE_CODE,SUPPRESSED,OBS_ENT_CNT FROM RES_FEAT_EKEY WHERE RES_ENT_ID IN ($1) AND FTYPE_ID IN ($2,$3,$4,$5,$6,$7,$8,$9,$10,$11,$12,$13,$14,$15,$16,$17,$18,$19,$20,$21,$22,$23,$24,$25,$26,$27,$28,$29,$30,$31,$32,$33,$34,$35,$36,$37,$38,$39,$40,$41,$42,$43,$44,$45,$46,$47,$48,$49,$50,$51,$52,$53,$54,$55,$56,$57,$58,$59,$60,$61,$62,$63,$64,$65,$66,$67,$68,$69,$70)",0,0,0,0,0,0,2,0.036497,0.017422999999999998,0.019074,0.0182485,0.0008255000000000007,0,8,0,0,0,0,0,0,0,0,0,0,0,0,0,0,0,0,0,0,0,0,0,0,0,0,0,0,0,0,2026-08-27 16:07:56.08774+00,2026-08-27 16:07:56.08774+00
10,16384,t,4430019994913101296,"FETCH 28 IN ""query-cursor_22""",0,0,0,0,0,0,1,0.002334,0.002334,0.002334,0.002334,0,28,0,0,0,0,0,0,0,0,0,0,0,0,0,0,0,0,0,0,0,0,0,0,0,0,0,0,0,0,0,2026-08-27 13:49:15.567311+00,2026-08-27 13:49:15.567311+00
10,16384,t,-2558063580859576249,"DECLARE ""query-cursor_229"" SCROLL CURSOR FOR select queryid, left(query, $1), calls, (total_plan_time + total_exec_time) as total_time from aurora_stat_statements($2) order by calls desc limit $3 FOR READ ONLY",0,0,0,0,0,0,1,0.067222,0.067222,0.067222,0.067222,0,0,0,0,0,0,0,0,0,0,0,0,0,0,0,0,0,0,0,0,0,0,0,0,0,0,0,0,0,0,0,2026-08-27 17:26:15.580146+00,2026-08-27 17:26:15.580146+00
10,16384,t,5814197236629669825,select count(distinct cast(transactionid as varchar)) as active_transactions from pg_locks where locktype = $1,0,0,0,0,0,0,245,1011.7357609999997,3.3139950000000002,55.306555,4.1295337183673455,4.262626350997174,245,3,0,0,0,0,0,0,0,0,0,0,0,0,0,0,0,0,0,0,0,0,0,0,0,0,0,0,0,0,2026-08-27 13:28:15.117836+00,2026-08-27 13:28:15.117836+00
10,16384,t,286245715197062131,"FETCH 0 IN ""query-cursor_240""",0,0,0,0,0,0,1,0.003447,0.003447,0.003447,0.003447,0,0,0,0,0,0,0,0,0,0,0,0,0,0,0,0,0,0,0,0,0,0,0,0,0,0,0,0,0,0,0,2026-08-27 17:37:15.580984+00,2026-08-27 17:37:15.580984+00
10,16384,t,-2067097572753037899,"FETCH 0 IN ""query-cursor_114""",0,0,0,0,0,0,1,0.003569,0.003569,0.003569,0.003569,0,0,0,0,0,0,0,0,0,0,0,0,0,0,0,0,0,0,0,0,0,0,0,0,0,0,0,0,0,0,0,2026-08-27 15:21:15.571962+00,2026-08-27 15:21:15.571962+00
16410,16412,t,-7295761908507509893,"SELECT RES_ENT_ID,LIB_FEAT_ID,FTYPE_ID,UTYPE_CODE,SUPPRESSED,OBS_ENT_CNT FROM RES_FEAT_EKEY WHERE RES_ENT_ID IN ($1,$2,$3,$4,$5,$6,$7,$8,$9,$10,$11,$12,$13,$14,$15,$16,$17,$18,$19,$20,$21,$22,$23,$24,$25,$26,$27,$28,$29,$30,$31,$32,$33,$34,$35,$36,$37,$38,$39,$40,$41,$42,$43,$44,$45,$46,$47,$48,$49,$50,$51,$52,$53,$54,$55,$56,$57,$58,$59,$60,$61,$62,$63,$64) AND FTYPE_ID IN ($65,$66,$67,$68,$69,$70,$71,$72)",0,0,0,0,0,0,48,469.22660199999996,0.512246,246.332778,9.775554208333332,36.263812688757035,111776,10282,0,0,0,0,0,0,0,0,0,0,0,0,0,0,0,0,0,0,0,0,0,0,0,0,0,0,0,0,2026-08-27 15:53:36.576668+00,2026-08-27 15:53:36.576668+00
16410,16412,t,-6085522222769640503,"UPDATE RES_FEAT_EKEY AS T SET SUPPRESSED=C.SUPPRESSED,OBS_ENT_CNT=C.OBS_ENT_CNT FROM (VALUES (CAST ($1 AS BIGINT),CAST ($2 AS BIGINT),$3,$4,CAST ($5 AS BIGINT)),(CAST ($6 AS BIGINT),CAST ($7 AS BIGINT),$8,$9,CAST ($10 AS BIGINT)),(CAST ($11 AS BIGINT),CAST ($12 AS BIGINT),$13,$14,CAST ($15 AS BIGINT)),(CAST ($16 AS BIGINT),CAST ($17 AS BIGINT),$18,$19,CAST ($20 AS BIGINT)),(CAST ($21 AS BIGINT),CAST ($22 AS BIGINT),$23,$24,CAST ($25 AS BIGINT)),(CAST ($26 AS BIGINT),CAST ($27 AS BIGINT),$28,$29,CAST ($30 AS BIGINT)),(CAST ($31 AS BIGINT),CAST ($32 AS BIGINT),$33,$34,CAST ($35 AS BIGINT)),(CAST ($36 AS BIGINT),CAST ($37 AS BIGINT),$38,$39,CAST ($40 AS BIGINT)),(CAST ($41 AS BIGINT),CAST ($42 AS BIGINT),$43,$44,CAST ($45 AS BIGINT)),(CAST ($46 AS BIGINT),CAST ($47 AS BIGINT),$48,$49,CAST ($50 AS BIGINT)),(CAST ($51 AS BIGINT),CAST ($52 AS BIGINT),$53,$54,CAST ($55 AS BIGINT)),(CAST ($56 AS BIGINT),CAST ($57 AS BIGINT),$58,$59,CAST ($60 AS BIGINT)),(CAST ($61 AS BIGINT),CAST ($62 AS BIGINT),$63,$64,CAST ($65 AS BIGINT)),(CAST ($66 AS BIGINT),CAST ($67 AS BIGINT),$68,$69,CAST ($70 AS BIGINT)),(CAST ($71 AS BIGINT),CAST ($72 AS BIGINT),$73,$74,CAST ($75 AS BIGINT)),(CAST ($76 AS BIGINT),CAST ($77 AS BIGINT),$78,$79,CAST ($80 AS BIGINT)),(CAST ($81 AS BIGINT),CAST ($82 AS BIGINT),$83,$84,CAST ($85 AS BIGINT)),(CAST ($86 AS BIGINT),CAST ($87 AS BIGINT),$88,$89,CAST ($90 AS BIGINT)),(CAST ($91 AS BIGINT),CAST ($92 AS BIGINT),$93,$94,CAST ($95 AS BIGINT))) AS C(RES_ENT_ID,LIB_FEAT_ID,UTYPE_CODE,SUPPRESSED,OBS_ENT_CNT) WHERE C.RES_ENT_ID=T.RES_ENT_ID AND C.LIB_FEAT_ID=T.LIB_FEAT_ID AND C.UTYPE_CODE=T.UTYPE_CODE",0,0,0,0,0,0,167,1167.0967590000005,0.25036200000000003,86.10901799999999,6.988603347305392,16.74032626042446,3173,51051,0,0,5,0,0,0,0,0,0,0,0.048740000000000006,0,0,0,0,0,0,0,0,0,0,0,0,0,0,0,0,0,2026-08-27 15:52:17.133387+00,2026-08-27 15:52:17.133387+00
16410,16412,t,-297814904996348591,"SELECT RES_ENT_ID,LIB_FEAT_ID,FTYPE_ID,UTYPE_CODE,SUPPRESSED,OBS_ENT_CNT FROM RES_FEAT_EKEY WHERE RES_ENT_ID IN ($1,$2) AND FTYPE_ID IN ($3,$4,$5,$6,$7,$8,$9,$10,$11,$12,$13,$14,$15)",0,0,0,0,0,0,3333,869.1251820000004,0.029625,41.543313,0.26076363096309646,1.500117464883424,362809,31875,0,0,0,0,0,0,0,0,0,0,0,0,0,0,0,0,0,0,0,0,0,0,0,0,0,0,0,0,2026-08-27 15:50:47.731945+00,2026-08-27 15:50:47.731945+00
16410,16412,t,-3768326963953724278,"INSERT INTO RES_FEAT_STAT(LIB_FEAT_ID,FTYPE_ID,NUM_RES_ENT,NUM_RES_ENT_OOM) VALUES ($1,$2,$3,$4),($5,$6,$7,$8),($9,$10,$11,$12),($13,$14,$15,$16),($17,$18,$19,$20),($21,$22,$23,$24),($25,$26,$27,$28),($29,$30,$31,$32) ON CONFLICT DO NOTHING",0,0,0,0,0,0,102268,233108.54682399746,0.071457,792.315979,2.2793889273672847,9.944923243111786,817856,6902207,0,0,7683,0,0,0,0,0,0,0,389.3376459999995,0,0,0,0,0,0,0,0,0,0,0,0,0,0,0,0,0,2026-08-27 15:50:46.836572+00,2026-08-27 15:50:46.836572+00
10,16384,t,7317808638291449561,"MOVE -730 IN ""query-cursor_96""",0,0,0,0,0,0,1,0.015844,0.015844,0.015844,0.015844,0,0,0,0,0,0,0,0,0,0,0,0,0,0,0,0,0,0,0,0,0,0,0,0,0,0,0,0,0,0,0,2026-08-27 15:03:15.572411+00,2026-08-27 15:03:15.572411+00
16410,16412,t,3259346599467867784,"SELECT LIB_FEAT_ID,FEAT_DESC,FTYPE_ID,ANONYMIZED,FEAT_HASH,VERSION,FELEM_VALUES FROM LIB_FEAT WHERE (FEAT_HASH,FTYPE_ID) IN (($1,$2),($3,$4),($5,$6),($7,$8))",0,0,0,0,0,0,363886,41280.3603769996,0.007753,65.585386,0.1134431123401274,0.6077247982916258,555222,6303179,0,0,0,0,0,0,0,0,0,0,0,0,0,0,0,0,0,0,0,0,0,0,0,0,0,0,0,0,2026-08-27 15:50:46.813279+00,2026-08-27 15:50:46.813279+00
10,16384,t,-1185436404326125026,"FETCH 0 IN ""query-cursor_139""",0,0,0,0,0,0,1,0.003637,0.003637,0.003637,0.003637,0,0,0,0,0,0,0,0,0,0,0,0,0,0,0,0,0,0,0,0,0,0,0,0,0,0,0,0,0,0,0,2026-08-27 15:46:15.573574+00,2026-08-27 15:46:15.573574+00
10,16384,t,8316340202164409477,"MOVE -476 IN ""query-cursor_55""",0,0,0,0,0,0,1,0.010761,0.010761,0.010761,0.010761,0,0,0,0,0,0,0,0,0,0,0,0,0,0,0,0,0,0,0,0,0,0,0,0,0,0,0,0,0,0,0,2026-08-27 14:22:15.568941+00,2026-08-27 14:22:15.568941+00
10,16384,t,6808292966233436584,"MOVE ALL IN ""query-cursor_41""",0,0,0,0,0,0,1,0.867044,0.867044,0.867044,0.867044,0,0,0,0,0,0,0,0,0,0,0,0,0,0,0,0,0,0,0,0,0,0,0,0,0,0,0,0,0,0,0,2026-08-27 14:08:15.567713+00,2026-08-27 14:08:15.567713+00
10,16384,t,-9007681797583259218,"MOVE ALL IN ""query-cursor_235""",0,0,0,0,0,0,1,5.681286,5.681286,5.681286,5.681286,0,0,0,0,0,0,0,0,0,0,0,0,0,0,0,0,0,0,0,0,0,0,0,0,0,0,0,0,0,0,0,2026-08-27 17:32:15.586382+00,2026-08-27 17:32:15.586382+00
16410,16412,t,-7101873581825020462,CREATE UNIQUE INDEX SYS_HW_CHECK_SK ON SYS_HW_CHECK(LIB_FEAT_ID),0,0,0,0,0,0,1,2.48899,2.48899,2.48899,2.48899,0,0,87,0,0,0,0,0,0,0,0,0,0,0,0,0,0,0,0,0,0,0,0,0,0,0,0,0,0,0,0,2026-08-27 13:29:49.984071+00,2026-08-27 13:29:49.984071+00
10,16384,t,-4016809339691097363,"FETCH 15 IN ""query-cursor_102""",0,0,0,0,0,0,1,0.001875,0.001875,0.001875,0.001875,0,15,0,0,0,0,0,0,0,0,0,0,0,0,0,0,0,0,0,0,0,0,0,0,0,0,0,0,0,0,0,2026-08-27 15:09:15.575632+00,2026-08-27 15:09:15.575632+00
16410,16412,t,-2703012667381545632,"CREATE TABLE RES_FEAT_EKEY (RES_ENT_ID BIGINT NOT NULL, LIB_FEAT_ID BIGINT NOT NULL, OBS_ENT_CNT BIGINT, USED_FROM_DT TIMESTAMP, USED_THRU_DT TIMESTAMP, FTYPE_ID SMALLINT NOT NULL, SUPPRESSED CHAR(1), UTYPE_CODE VARCHAR(255) NOT NULL, PRIMARY KEY(LIB_FEAT_ID, RES_ENT_ID, UTYPE_CODE))",0,0,0,0,0,0,1,3.497768,3.497768,3.497768,3.497768,0,0,300,0,0,2,0,0,0,0,0,0,0,0.004699,0,0,0,0,0,0,0,0,0,0,0,0,0,0,0,0,0,2026-08-27 13:29:50.032912+00,2026-08-27 13:29:50.032912+00
10,16384,t,-2074524276397679813,"MOVE ALL IN ""query-cursor_67""",0,0,0,0,0,0,1,1.208413,1.208413,1.208413,1.208413,0,0,0,0,0,0,0,0,0,0,0,0,0,0,0,0,0,0,0,0,0,0,0,0,0,0,0,0,0,0,0,2026-08-27 14:34:15.569892+00,2026-08-27 14:34:15.569892+00
16410,16412,t,5319561600726329403,DELETE FROM RES_FEAT_EKEY WHERE ((RES_ENT_ID=$1 AND LIB_FEAT_ID=$2 AND UTYPE_CODE=$3)OR(RES_ENT_ID=$4 AND LIB_FEAT_ID=$5 AND UTYPE_CODE=$6)OR(RES_ENT_ID=$7 AND LIB_FEAT_ID=$8 AND UTYPE_CODE=$9)OR(RES_ENT_ID=$10 AND LIB_FEAT_ID=$11 AND UTYPE_CODE=$12)OR(RES_ENT_ID=$13 AND LIB_FEAT_ID=$14 AND UTYPE_CODE=$15)OR(RES_ENT_ID=$16 AND LIB_FEAT_ID=$17 AND UTYPE_CODE=$18)OR(RES_ENT_ID=$19 AND LIB_FEAT_ID=$20 AND UTYPE_CODE=$21)OR(RES_ENT_ID=$22 AND LIB_FEAT_ID=$23 AND UTYPE_CODE=$24)OR(RES_ENT_ID=$25 AND LIB_FEAT_ID=$26 AND UTYPE_CODE=$27)OR(RES_ENT_ID=$28 AND LIB_FEAT_ID=$29 AND UTYPE_CODE=$30)OR(RES_ENT_ID=$31 AND LIB_FEAT_ID=$32 AND UTYPE_CODE=$33)OR(RES_ENT_ID=$34 AND LIB_FEAT_ID=$35 AND UTYPE_CODE=$36)OR(RES_ENT_ID=$37 AND LIB_FEAT_ID=$38 AND UTYPE_CODE=$39)OR(RES_ENT_ID=$40 AND LIB_FEAT_ID=$41 AND UTYPE_CODE=$42)OR(RES_ENT_ID=$43 AND LIB_FEAT_ID=$44 AND UTYPE_CODE=$45)OR(RES_ENT_ID=$46 AND LIB_FEAT_ID=$47 AND UTYPE_CODE=$48)),0,0,0,0,0,0,772,1392.600564999999,0.046585999999999995,58.680832,1.803886742227978,6.251325738677869,12271,62506,0,0,0,0,0,0,0,0,0,0,0,0,0,0,0,0,0,0,0,0,0,0,0,0,0,0,0,0,2026-08-27 15:50:59.988868+00,2026-08-27 15:50:59.988868+00
10,16384,t,4133146271492023938,"DECLARE ""query-cursor_107"" SCROLL CURSOR FOR select queryid, left(query, $1), calls, (total_plan_time + total_exec_time) as total_time from aurora_stat_statements($2) order by calls desc limit $3 FOR READ ONLY",0,0,0,0,0,0,1,0.059128,0.059128,0.059128,0.059128,0,0,0,0,0,0,0,0,0,0,0,0,0,0,0,0,0,0,0,0,0,0,0,0,0,0,0,0,0,0,0,2026-08-27 15:14:15.571334+00,2026-08-27 15:14:15.571334+00
10,16384,t,-6807347537087844173,"FETCH 0 IN ""query-cursor_150""",0,0,0,0,0,0,1,0.004679,0.004679,0.004679,0.004679,0,0,0,0,0,0,0,0,0,0,0,0,0,0,0,0,0,0,0,0,0,0,0,0,0,0,0,0,0,0,0,2026-08-27 15:57:16.279557+00,2026-08-27 15:57:16.279557+00
10,16384,t,-305376527816006381,"MOVE ALL IN ""query-cursor_51""",0,0,0,0,0,0,1,0.950627,0.950627,0.950627,0.950627,0,0,0,0,0,0,0,0,0,0,0,0,0,0,0,0,0,0,0,0,0,0,0,0,0,0,0,0,0,0,0,2026-08-27 14:18:15.568504+00,2026-08-27 14:18:15.568504+00
10,16384,t,-4997643580078583648,"FETCH 50 IN ""query-cursor_205""",0,0,0,0,0,0,40,0.16450799999999996,0.002778,0.006633,0.004112699999999999,0.001044367420977886,2000,0,0,0,0,0,0,0,0,0,0,0,0,0,0,0,0,0,0,0,0,0,0,0,0,0,0,0,0,0,2026-08-27 17:02:15.583742+00,2026-08-27 17:02:15.583742+00
16410,16412,t,1530387077681338150,"SELECT RES_ENT_ID,LIB_FEAT_ID,FTYPE_ID,UTYPE_CODE,SUPPRESSED,OBS_ENT_CNT FROM RES_FEAT_EKEY WHERE RES_ENT_ID IN ($1,$2,$3,$4,$5,$6,$7,$8,$9,$10,$11,$12,$13,$14,$15,$16) AND FTYPE_ID IN ($17,$18,$19,$20,$21,$22,$23,$24)",0,0,0,0,0,0,7636,5058.445422000011,0.077025,115.131499,0.6624470170246216,2.4718197746381416,1145646,338518,0,0,0,0,0,0,0,0,0,0,0,0,0,0,0,0,0,0,0,0,0,0,0,0,0,0,0,0,2026-08-27 15:50:57.933964+00,2026-08-27 15:50:57.933964+00
16410,16412,t,867376458033248002,"SELECT RES_ENT_ID,LIB_FEAT_ID,FTYPE_ID,UTYPE_CODE,SUPPRESSED,OBS_ENT_CNT FROM RES_FEAT_EKEY WHERE RES_ENT_ID IN ($1,$2,$3,$4,$5,$6,$7,$8,$9,$10,$11,$12,$13,$14,$15,$16) AND FTYPE_ID IN ($17,$18,$19,$20,$21,$22,$23,$24,$25,$26,$27,$28,$29,$30,$31,$32,$33,$34,$35)",0,0,0,0,0,0,591,4078.6070809999997,0.240412,160.290403,6.901196414551607,15.55828766999034,2902364,63201,0,0,0,0,0,0,0,0,0,0,0,0,0,0,0,0,0,0,0,0,0,0,0,0,0,0,0,0,2026-08-27 15:50:47.812016+00,2026-08-27 15:50:47.812016+00
10,16384,t,-5491815674451836886,"DECLARE ""query-cursor_41"" SCROLL CURSOR FOR select queryid, left(query, $1), calls, (total_plan_time + total_exec_time) as total_time from aurora_stat_statements($2) order by calls desc limit $3 FOR READ ONLY",0,0,0,0,0,0,1,0.059122,0.059122,0.059122,0.059122,0,0,0,0,0,0,0,0,0,0,0,0,0,0,0,0,0,0,0,0,0,0,0,0,0,0,0,0,0,0,0,2026-08-27 14:08:15.566759+00,2026-08-27 14:08:15.566759+00
10,16384,t,-522971452095069331,"DECLARE ""query-cursor_43"" SCROLL CURSOR FOR select queryid, left(query, $1), calls, (total_plan_time + total_exec_time) as total_time from aurora_stat_statements($2) order by calls desc limit $3 FOR READ ONLY",0,0,0,0,0,0,1,0.12484,0.12484,0.12484,0.12484,0,0,0,0,0,0,0,0,0,0,0,0,0,0,0,0,0,0,0,0,0,0,0,0,0,0,0,0,0,0,0,2026-08-27 14:10:15.566965+00,2026-08-27 14:10:15.566965+00
10,16384,t,6309453353950082796,"MOVE ALL IN ""query-cursor_160""",0,0,0,0,0,0,1,13.94985,13.94985,13.94985,13.94985,0,0,0,0,0,0,0,0,0,0,0,0,0,0,0,0,0,0,0,0,0,0,0,0,0,0,0,0,0,0,0,2026-08-27 16:12:15.817491+00,2026-08-27 16:12:15.817491+00
16410,16412,t,-5620863203129778848,"UPDATE RES_FEAT_EKEY AS T SET SUPPRESSED = C.SUPPRESSED FROM (VALUES (CAST ($1 AS BIGINT),CAST ($2 AS BIGINT),$3,$4),(CAST ($5 AS BIGINT),CAST ($6 AS BIGINT),$7,$8),(CAST ($9 AS BIGINT),CAST ($10 AS BIGINT),$11,$12),(CAST ($13 AS BIGINT),CAST ($14 AS BIGINT),$15,$16),(CAST ($17 AS BIGINT),CAST ($18 AS BIGINT),$19,$20),(CAST ($21 AS BIGINT),CAST ($22 AS BIGINT),$23,$24),(CAST ($25 AS BIGINT),CAST ($26 AS BIGINT),$27,$28),(CAST ($29 AS BIGINT),CAST ($30 AS BIGINT),$31,$32),(CAST ($33 AS BIGINT),CAST ($34 AS BIGINT),$35,$36)) AS C(RES_ENT_ID,LIB_FEAT_ID,UTYPE_CODE,SUPPRESSED) WHERE C.RES_ENT_ID=T.RES_ENT_ID AND C.LIB_FEAT_ID=T.LIB_FEAT_ID AND C.UTYPE_CODE=T.UTYPE_CODE",0,0,0,0,0,0,440,974.4277169999988,0.081342,40.804435,2.21460844772727,5.8309760474085435,3960,47764,0,0,17,0,0,0,0,0,0,0,0.128659,0,0,0,0,0,0,0,0,0,0,0,0,0,0,0,0,0,2026-08-27 15:50:48.422135+00,2026-08-27 15:50:48.422135+00
10,16384,t,6263615784146324099,"MOVE -150 IN ""query-cursor_6""",0,0,0,0,0,0,1,0.005161,0.005161,0.005161,0.005161,0,0,0,0,0,0,0,0,0,0,0,0,0,0,0,0,0,0,0,0,0,0,0,0,0,0,0,0,0,0,0,2026-08-27 13:33:15.564718+00,2026-08-27 13:33:15.564718+00
16410,16412,t,-6392102736463943507,"COPY  ( SELECT match_key, count ( * ) FROM res_ent_okey GROUP BY match_key ORDER BY 2 DESC ) TO STDOUT WITH CSV HEADER",0,0,0,0,0,0,1,146.409479,146.409479,146.409479,146.409479,0,116,29296,0,0,0,0,0,0,0,524,529,0,0,0,0,0.731323,2.182693,0,0,0,0,0,0,0,0,0,0,0,0,0,2026-08-27 17:43:10.569492+00,2026-08-27 17:43:10.569492+00
10,16384,t,-678213739664278122,"MOVE ALL IN ""query-cursor_43""",0,0,0,0,0,0,1,0.88316,0.88316,0.88316,0.88316,0,0,0,0,0,0,0,0,0,0,0,0,0,0,0,0,0,0,0,0,0,0,0,0,0,0,0,0,0,0,0,2026-08-27 14:10:15.567968+00,2026-08-27 14:10:15.567968+00
16410,16412,t,-1030321644804449003,"SELECT LIB_FEAT_ID,FTYPE_ID,UTYPE_CODE,SUPPRESSED,OBS_ENT_CNT FROM RES_FEAT_EKEY WHERE RES_ENT_ID=$1 AND LIB_FEAT_ID IN ($2,$3,$4,$5,$6,$7,$8,$9)",0,0,0,0,0,0,21401,1131.6099869999973,0.017099,17.336852999999998,0.052876500490631154,0.24502063089208354,55134,508847,0,0,0,0,0,0,0,0,0,0,0,0,0,0,0,0,0,0,0,0,0,0,0,0,0,0,0,0,2026-08-27 15:51:00.995524+00,2026-08-27 15:51:00.995524+00
16410,16412,t,-6655075994656063015,"UPDATE RES_FEAT_EKEY AS T SET SUPPRESSED=C.SUPPRESSED,OBS_ENT_CNT=C.OBS_ENT_CNT FROM (VALUES (CAST ($1 AS BIGINT),CAST ($2 AS BIGINT),$3,$4,CAST ($5 AS BIGINT)),(CAST ($6 AS BIGINT),CAST ($7 AS BIGINT),$8,$9,CAST ($10 AS BIGINT)),(CAST ($11 AS BIGINT),CAST ($12 AS BIGINT),$13,$14,CAST ($15 AS BIGINT)),(CAST ($16 AS BIGINT),CAST ($17 AS BIGINT),$18,$19,CAST ($20 AS BIGINT)),(CAST ($21 AS BIGINT),CAST ($22 AS BIGINT),$23,$24,CAST ($25 AS BIGINT)),(CAST ($26 AS BIGINT),CAST ($27 AS BIGINT),$28,$29,CAST ($30 AS BIGINT))) AS C(RES_ENT_ID,LIB_FEAT_ID,UTYPE_CODE,SUPPRESSED,OBS_ENT_CNT) WHERE C.RES_ENT_ID=T.RES_ENT_ID AND C.LIB_FEAT_ID=T.LIB_FEAT_ID AND C.UTYPE_CODE=T.UTYPE_CODE",0,0,0,0,0,0,1053,1800.9406359999978,0.075373,37.782464000000004,1.7102950009496656,5.3815829524377055,6318,80808,0,0,3,0,0,0,0,0,0,0,0.055646,0,0,0,0,0,0,0,0,0,0,0,0,0,0,0,0,0,2026-08-27 15:51:24.006645+00,2026-08-27 15:51:24.006645+00
16410,16412,t,4378565804226904539,"SELECT LIB_FEAT_ID,FEAT_DESC,FTYPE_ID,ANONYMIZED,FEAT_HASH,VERSION,FELEM_VALUES FROM LIB_FEAT WHERE LIB_FEAT_ID IN ($1,$2,$3,$4,$5,$6,$7,$8,$9,$10,$11,$12,$13,$14,$15,$16,$17,$18,$19,$20,$21,$22,$23,$24,$25,$26,$27,$28,$29,$30,$31,$32,$33,$34,$35,$36,$37,$38,$39,$40,$41,$42,$43,$44,$45,$46,$47,$48,$49,$50,$51,$52,$53,$54,$55,$56,$57,$58,$59,$60,$61,$62,$63,$64)",0,0,0,0,0,0,354793,96824.73114799839,0.024484000000000002,69.720252,0.27290485197847303,0.9376038599347991,16388087,19809356,0,0,0,0,0,0,0,0,0,0,0,0,0,0,0,0,0,0,0,0,0,0,0,0,0,0,0,0,2026-08-27 15:50:47.605067+00,2026-08-27 15:50:47.605067+00
16410,16412,t,-6405866526468625918,"SELECT RES_ENT_ID,LIB_FEAT_ID,FTYPE_ID,UTYPE_CODE,SUPPRESSED,OBS_ENT_CNT FROM RES_FEAT_EKEY WHERE RES_ENT_ID IN ($1,$2) AND FTYPE_ID IN ($3,$4,$5,$6,$7,$8,$9,$10,$11,$12)",0,0,0,0,0,0,14463,2440.5956239999937,0.026248999999999998,49.260863,0.16874753674894516,1.072520449210256,680969,132384,0,0,0,0,0,0,0,0,0,0,0,0,0,0,0,0,0,0,0,0,0,0,0,0,0,0,0,0,2026-08-27 15:50:48.471677+00,2026-08-27 15:50:48.471677+00
16410,16412,t,-495937983287690095,"SELECT RES_ENT_ID,LIB_FEAT_ID,FTYPE_ID,UTYPE_CODE,SUPPRESSED,OBS_ENT_CNT FROM RES_FEAT_EKEY WHERE RES_ENT_ID IN ($1) AND FTYPE_ID IN ($2,$3,$4,$5,$6,$7,$8,$9,$10,$11,$12,$13,$14,$15,$16,$17,$18,$19,$20,$21,$22,$23,$24,$25,$26,$27,$28,$29,$30,$31,$32,$33,$34,$35,$36,$37,$38,$39,$40,$41,$42,$43,$44,$45,$46,$47,$48,$49,$50,$51,$52,$53,$54,$55,$56,$57,$58)",0,0,0,0,0,0,26,3.675589,0.008535999999999998,1.296674,0.1413688076923077,0.2647357036400091,175,187,0,0,0,0,0,0,0,0,0,0,0,0,0,0,0,0,0,0,0,0,0,0,0,0,0,0,0,0,2026-08-27 15:52:45.571527+00,2026-08-27 15:52:45.571527+00
10,16384,t,8203139544224556774,"FETCH 39 IN ""query-cursor_131""",0,0,0,0,0,0,1,0.002628,0.002628,0.002628,0.002628,0,39,0,0,0,0,0,0,0,0,0,0,0,0,0,0,0,0,0,0,0,0,0,0,0,0,0,0,0,0,0,2026-08-27 15:38:15.578329+00,2026-08-27 15:38:15.578329+00
16410,16412,t,-7572265103005381419,"SELECT RES_ENT_ID,LIB_FEAT_ID,FTYPE_ID,UTYPE_CODE,SUPPRESSED,OBS_ENT_CNT FROM RES_FEAT_EKEY WHERE RES_ENT_ID IN ($1,$2,$3,$4,$5,$6,$7,$8,$9,$10,$11,$12,$13,$14,$15,$16,$17,$18,$19,$20,$21,$22,$23,$24,$25,$26,$27,$28,$29,$30,$31,$32,$33,$34,$35,$36,$37,$38,$39,$40,$41,$42,$43,$44,$45,$46,$47,$48,$49,$50,$51,$52,$53,$54,$55,$56,$57,$58,$59,$60,$61,$62,$63,$64) AND FTYPE_ID IN ($65,$66,$67,$68,$69,$70,$71,$72,$73,$74,$75,$76,$77,$78,$79,$80,$81,$82,$83,$84,$85)",0,0,0,0,0,0,258,19738.80824499999,1.587583,687.182437,76.50700870155035,113.78383465129107,9728494,164550,0,0,0,0,0,0,0,0,0,0,0,0,0,0,0,0,0,0,0,0,0,0,0,0,0,0,0,0,2026-08-27 15:51:20.816346+00,2026-08-27 15:51:20.816346+00
16410,16412,t,4735422481682552379,"SELECT RES_ENT_ID,LIB_FEAT_ID,FTYPE_ID,UTYPE_CODE,SUPPRESSED,OBS_ENT_CNT FROM RES_FEAT_EKEY WHERE RES_ENT_ID IN ($1,$2) AND FTYPE_ID IN ($3,$4,$5,$6,$7)",0,0,0,0,0,0,73,18.028316999999994,0.038214,6.237619,0.24696324657534238,0.8608555794568209,1612,746,0,0,0,0,0,0,0,0,0,0,0,0,0,0,0,0,0,0,0,0,0,0,0,0,0,0,0,0,2026-08-27 16:04:02.326399+00,2026-08-27 16:04:02.326399+00
16410,16412,t,-90958215646538910,"SELECT RES_ENT_ID,LIB_FEAT_ID,FTYPE_ID,UTYPE_CODE,SUPPRESSED,OBS_ENT_CNT FROM RES_FEAT_EKEY WHERE RES_ENT_ID IN ($1,$2,$3,$4) AND FTYPE_ID IN ($5,$6,$7,$8,$9,$10,$11,$12,$13,$14,$15,$16,$17,$18,$19,$20,$21,$22,$23)",0,0,0,0,0,0,239,341.81923299999994,0.072791,68.722767,1.4302059958158992,6.315217369355763,187767,5567,0,0,0,0,0,0,0,0,0,0,0,0,0,0,0,0,0,0,0,0,0,0,0,0,0,0,0,0,2026-08-27 15:50:49.610043+00,2026-08-27 15:50:49.610043+00
10,16384,t,1761846946532074262,"MOVE ALL IN ""query-cursor_139""",0,0,0,0,0,0,1,2.117551,2.117551,2.117551,2.117551,0,0,0,0,0,0,0,0,0,0,0,0,0,0,0,0,0,0,0,0,0,0,0,0,0,0,0,0,0,0,0,2026-08-27 15:46:15.575736+00,2026-08-27 15:46:15.575736+00
10,16384,t,-8106685282403283839,"MOVE -808 IN ""query-cursor_109""",0,0,0,0,0,0,1,0.016698,0.016698,0.016698,0.016698,0,0,0,0,0,0,0,0,0,0,0,0,0,0,0,0,0,0,0,0,0,0,0,0,0,0,0,0,0,0,0,2026-08-27 15:16:15.573426+00,2026-08-27 15:16:15.573426+00
10,16384,t,-846346120994795459,"FETCH 45 IN ""query-cursor_107""",0,0,0,0,0,0,1,0.002898,0.002898,0.002898,0.002898,0,45,0,0,0,0,0,0,0,0,0,0,0,0,0,0,0,0,0,0,0,0,0,0,0,0,0,0,0,0,0,2026-08-27 15:14:15.575962+00,2026-08-27 15:14:15.575962+00
16410,16412,t,5496540963407468555,"INSERT INTO RES_FEAT_STAT(LIB_FEAT_ID,FTYPE_ID,NUM_RES_ENT,NUM_RES_ENT_OOM) VALUES ($1,$2,$3,$4),($5,$6,$7,$8),($9,$10,$11,$12),($13,$14,$15,$16),($17,$18,$19,$20) ON CONFLICT DO NOTHING",0,0,0,0,0,0,96565,148049.1705720012,0.049344,626.029073,1.5331556006006442,7.249628850802816,482790,4443822,0,0,4080,0,0,0,0,0,0,0,278.410413,0,0,0,0,0,0,0,0,0,0,0,0,0,0,0,0,0,2026-08-27 15:50:46.835726+00,2026-08-27 15:50:46.835726+00
10,16384,t,860547518515751454,"MOVE ALL IN ""query-cursor_26""",0,0,0,0,0,0,1,0.657678,0.657678,0.657678,0.657678,0,0,0,0,0,0,0,0,0,0,0,0,0,0,0,0,0,0,0,0,0,0,0,0,0,0,0,0,0,0,0,2026-08-27 13:53:15.566465+00,2026-08-27 13:53:15.566465+00
16410,16412,t,-1483320226612388117,"SELECT LIB_FEAT_ID,NUM_RES_ENT,NUM_RES_ENT_OOM,CANDIDATE_CAP_REACHED,SCORING_CAP_REACHED FROM RES_FEAT_STAT WHERE LIB_FEAT_ID IN ($1,$2,$3,$4,$5,$6,$7,$8,$9,$10,$11,$12,$13,$14,$15,$16,$17,$18,$19,$20,$21,$22,$23,$24,$25,$26,$27,$28,$29,$30,$31,$32,$33,$34,$35,$36,$37,$38,$39,$40,$41,$42,$43,$44,$45,$46,$47,$48,$49,$50,$51,$52,$53,$54,$55,$56,$57,$58,$59,$60,$61,$62,$63,$64)",0,0,0,0,0,0,311536,83305.91943399707,0.021738,361.02712799999995,0.2674038295221004,1.4051771662732861,14512557,36806726,0,0,0,0,0,0,0,0,0,0,0,0,0,0,0,0,0,0,0,0,0,0,0,0,0,0,0,0,2026-08-27 15:50:47.025922+00,2026-08-27 15:50:47.025922+00
10,16384,t,2354699531886200381,"DECLARE ""query-cursor_181"" SCROLL CURSOR FOR select queryid, left(query, $1), calls, (total_plan_time + total_exec_time) as total_time from aurora_stat_statements($2) order by calls desc limit $3 FOR READ ONLY",0,0,0,0,0,0,1,0.061348,0.061348,0.061348,0.061348,0,0,0,0,0,0,0,0,0,0,0,0,0,0,0,0,0,0,0,0,0,0,0,0,0,0,0,0,0,0,0,2026-08-27 16:38:15.576869+00,2026-08-27 16:38:15.576869+00
16410,16412,t,5695398124724744310,"SELECT RES_ENT_ID,LIB_FEAT_ID,FTYPE_ID,UTYPE_CODE,SUPPRESSED,OBS_ENT_CNT FROM RES_FEAT_EKEY WHERE RES_ENT_ID IN ($1,$2,$3,$4,$5,$6,$7,$8) AND FTYPE_ID IN ($9,$10,$11,$12,$13,$14,$15,$16,$17,$18,$19,$20,$21,$22,$23)",0,0,0,0,0,0,10945,10461.65840199991,0.068272,92.263711,0.9558390499771503,3.233352665695424,5350449,344300,0,0,0,0,0,0,0,0,0,0,0,0,0,0,0,0,0,0,0,0,0,0,0,0,0,0,0,0,2026-08-27 15:50:48.017061+00,2026-08-27 15:50:48.017061+00
10,16384,t,5362201760862170913,"FETCH 50 IN ""query-cursor_129""",0,0,0,0,0,0,18,0.058285000000000003,0.002649,0.005718,0.0032380555555555557,0.0006697895583458553,900,0,0,0,0,0,0,0,0,0,0,0,0,0,0,0,0,0,0,0,0,0,0,0,0,0,0,0,0,0,2026-08-27 15:36:15.575158+00,2026-08-27 15:36:15.575158+00
10,16384,t,2261025485567430642,"FETCH 50 IN ""query-cursor_216""",0,0,0,0,0,0,41,0.157151,0.002863,0.007524,0.0038329512195121956,0.0010512448822698323,2050,0,0,0,0,0,0,0,0,0,0,0,0,0,0,0,0,0,0,0,0,0,0,0,0,0,0,0,0,0,2026-08-27 17:13:15.584585+00,2026-08-27 17:13:15.584585+00
10,16384,t,5060500193214553158,"DECLARE ""query-cursor_105"" SCROLL CURSOR FOR select queryid, left(query, $1), calls, (total_plan_time + total_exec_time) as total_time from aurora_stat_statements($2) order by calls desc limit $3 FOR READ ONLY",0,0,0,0,0,0,1,0.067582,0.067582,0.067582,0.067582,0,0,0,0,0,0,0,0,0,0,0,0,0,0,0,0,0,0,0,0,0,0,0,0,0,0,0,0,0,0,0,2026-08-27 15:12:15.571255+00,2026-08-27 15:12:15.571255+00
10,16384,t,-2226941535742652769,"FETCH 0 IN ""query-cursor_64""",0,0,0,0,0,0,1,0.004364,0.004364,0.004364,0.004364,0,0,0,0,0,0,0,0,0,0,0,0,0,0,0,0,0,0,0,0,0,0,0,0,0,0,0,0,0,0,0,2026-08-27 14:31:15.568469+00,2026-08-27 14:31:15.568469+00
10,5,t,1623369012368112450,SET application_name = $1,0,0,0,0,0,0,3,0.030422,0.008086,0.012587,0.010140666666666668,0.0018582791920364273,0,0,0,0,0,0,0,0,0,0,0,0,0,0,0,0,0,0,0,0,0,0,0,0,0,0,0,0,0,0,2026-08-27 13:45:00.129664+00,2026-08-27 13:45:00.129664+00
10,16384,t,9096385695278690499,"FETCH 35 IN ""query-cursor_40""",0,0,0,0,0,0,1,0.003779,0.003779,0.003779,0.003779,0,35,0,0,0,0,0,0,0,0,0,0,0,0,0,0,0,0,0,0,0,0,0,0,0,0,0,0,0,0,0,2026-08-27 14:07:15.569083+00,2026-08-27 14:07:15.569083+00
10,16384,t,2029460703151828539,"MOVE -291 IN ""query-cursor_24""",0,0,0,0,0,0,1,0.007858,0.007858,0.007858,0.007858,0,0,0,0,0,0,0,0,0,0,0,0,0,0,0,0,0,0,0,0,0,0,0,0,0,0,0,0,0,0,0,2026-08-27 13:51:15.566343+00,2026-08-27 13:51:15.566343+00
10,16384,t,-6726205321302825870,"MOVE ALL IN ""query-cursor_225""",0,0,0,0,0,0,1,5.357015,5.357015,5.357015,5.357015,0,0,0,0,0,0,0,0,0,0,0,0,0,0,0,0,0,0,0,0,0,0,0,0,0,0,0,0,0,0,0,2026-08-27 17:22:15.585357+00,2026-08-27 17:22:15.585357+00
10,16384,t,3316416775732205727,"FETCH 50 IN ""query-cursor_239""",0,0,0,0,0,0,44,0.17197300000000004,0.002798,0.007323,0.0039084772727272735,0.0010943664104825967,2200,0,0,0,0,0,0,0,0,0,0,0,0,0,0,0,0,0,0,0,0,0,0,0,0,0,0,0,0,0,2026-08-27 17:36:15.586965+00,2026-08-27 17:36:15.586965+00
16410,16412,t,-5232540611870943242,"SELECT RES_ENT_ID,LIB_FEAT_ID,FTYPE_ID,UTYPE_CODE,SUPPRESSED,OBS_ENT_CNT FROM RES_FEAT_EKEY WHERE RES_ENT_ID IN ($1) AND FTYPE_ID IN ($2,$3,$4,$5,$6,$7,$8,$9,$10,$11,$12,$13,$14,$15,$16,$17,$18,$19,$20,$21,$22,$23,$24,$25,$26,$27,$28,$29,$30,$31,$32,$33,$34,$35,$36,$37,$38,$39,$40,$41,$42,$43,$44,$45,$46,$47,$48,$49,$50,$51)",0,0,0,0,0,0,3,0.098979,0.020995,0.051442,0.032993,0.013240506108151608,0,11,0,0,0,0,0,0,0,0,0,0,0,0,0,0,0,0,0,0,0,0,0,0,0,0,0,0,0,0,2026-08-27 15:56:54.718533+00,2026-08-27 15:56:54.718533+00
16410,16412,t,9066311381532448598,"SELECT LIB_FEAT_ID,NUM_RES_ENT,NUM_RES_ENT_OOM,CANDIDATE_CAP_REACHED,SCORING_CAP_REACHED FROM RES_FEAT_STAT WHERE LIB_FEAT_ID IN ($1)",0,0,0,0,0,0,7238125,220350.65144400919,0.004586,312.253618,0.030443056930352708,0.3144203635485047,7237973,55392049,0,0,0,0,0,0,0,0,0,0,0,0,0,0,0,0,0,0,0,0,0,0,0,0,0,0,0,0,2026-08-27 15:50:47.06847+00,2026-08-27 15:50:47.06847+00
10,16384,t,5721161299437937071,select max(age(datfrozenxid)) from pg_catalog.pg_database where datconnlimit <> $1,0,0,0,0,0,0,264,2.0443899999999995,0.005027,0.019826999999999997,0.0077439015151515135,0.0029263159947119175,264,264,0,0,0,0,0,0,0,0,0,0,0,0,0,0,0,0,0,0,0,0,0,0,0,0,0,0,0,0,2026-08-27 13:27:26.431279+00,2026-08-27 13:27:26.431279+00
16410,16412,t,8511137017825902272,"SELECT RES_ENT_ID FROM RES_ENT WHERE RES_ENT_ID IN ($1,$2,$3,$4,$5,$6,$7,$8,$9,$10,$11,$12,$13,$14,$15,$16,$17,$18,$19,$20,$21,$22,$23,$24,$25,$26,$27,$28,$29,$30,$31,$32)",0,0,0,0,0,0,2465,504.0861899999996,0.053288,25.311232999999998,0.20449744016227164,1.0144876711777757,53195,216147,0,0,0,0,0,0,0,0,0,0,0,0,0,0,0,0,0,0,0,0,0,0,0,0,0,0,0,0,2026-08-27 15:51:31.624535+00,2026-08-27 15:51:31.624535+00
10,16384,t,-4640470102241259347,"DECLARE ""query-cursor_161"" SCROLL CURSOR FOR select queryid, left(query, $1), calls, (total_plan_time + total_exec_time) as total_time from aurora_stat_statements($2) order by calls desc limit $3 FOR READ ONLY",0,0,0,0,0,0,1,0.066627,0.066627,0.066627,0.066627,0,0,0,0,0,0,0,0,0,0,0,0,0,0,0,0,0,0,0,0,0,0,0,0,0,0,0,0,0,0,0,2026-08-27 16:14:15.575493+00,2026-08-27 16:14:15.575493+00
16410,16412,t,-2884953225901982212,"INSERT INTO RES_FEAT_STAT(LIB_FEAT_ID,FTYPE_ID,NUM_RES_ENT,NUM_RES_ENT_OOM) VALUES ($1,$2,$3,$4),($5,$6,$7,$8),($9,$10,$11,$12),($13,$14,$15,$16),($17,$18,$19,$20),($21,$22,$23,$24),($25,$26,$27,$28),($29,$30,$31,$32),($33,$34,$35,$36),($37,$38,$39,$40) ON CONFLICT DO NOTHING",0,0,0,0,0,0,64387,218501.6059429992,0.092629,910.57267,3.3935671167005634,16.22834036657774,643653,5313065,1,0,8115,0,0,0,0,0,0,0,379.64005900000075,0,0,0,0,0,0,0,0,0,0,0,0,0,0,0,0,0,2026-08-27 15:50:47.019696+00,2026-08-27 15:50:47.019696+00
16410,16412,t,-1147458921024982344,"UPDATE OBS_ENT SET LOCKING_ID=LOCKING_ID+$18,LOCK_DSRC_ACTION=$1 WHERE OBS_ENT_ID IN ($2,$3,$4,$5,$6,$7,$8,$9,$10,$11,$12,$13,$14,$15,$16,$17)",0,0,0,0,0,0,91,45.29618000000001,0.134041,2.930903,0.49776021978021984,0.3319944649812937,985,18075,0,0,25,0,0,0,0,0,0,0,0.16292800000000002,0,0,0,0,0,0,0,0,0,0,0,0,0,0,0,0,0,2026-08-27 15:59:23.131206+00,2026-08-27 15:59:23.131206+00
10,16384,t,-3518445603844314726,"FETCH 0 IN ""query-cursor_233""",0,0,0,0,0,0,1,0.003518,0.003518,0.003518,0.003518,0,0,0,0,0,0,0,0,0,0,0,0,0,0,0,0,0,0,0,0,0,0,0,0,0,0,0,0,0,0,0,2026-08-27 17:30:15.580491+00,2026-08-27 17:30:15.580491+00
10,16384,t,-986787283634964209,"FETCH 0 IN ""query-cursor_92""",0,0,0,0,0,0,1,0.004523,0.004523,0.004523,0.004523,0,0,0,0,0,0,0,0,0,0,0,0,0,0,0,0,0,0,0,0,0,0,0,0,0,0,0,0,0,0,0,2026-08-27 14:59:15.570377+00,2026-08-27 14:59:15.570377+00
10,16384,t,-158215696050698766,"FETCH 50 IN ""query-cursor_184""",0,0,0,0,0,0,38,0.14491800000000002,0.002814,0.006513,0.003813631578947369,0.0009937593275577505,1900,0,0,0,0,0,0,0,0,0,0,0,0,0,0,0,0,0,0,0,0,0,0,0,0,0,0,0,0,0,2026-08-27 16:41:15.581906+00,2026-08-27 16:41:15.581906+00
16410,16412,t,5946835580086699895,DELETE FROM RES_FEAT_EKEY WHERE ((RES_ENT_ID=$1 AND LIB_FEAT_ID=$2 AND UTYPE_CODE=$3)OR(RES_ENT_ID=$4 AND LIB_FEAT_ID=$5 AND UTYPE_CODE=$6)OR(RES_ENT_ID=$7 AND LIB_FEAT_ID=$8 AND UTYPE_CODE=$9)OR(RES_ENT_ID=$10 AND LIB_FEAT_ID=$11 AND UTYPE_CODE=$12)OR(RES_ENT_ID=$13 AND LIB_FEAT_ID=$14 AND UTYPE_CODE=$15)OR(RES_ENT_ID=$16 AND LIB_FEAT_ID=$17 AND UTYPE_CODE=$18)OR(RES_ENT_ID=$19 AND LIB_FEAT_ID=$20 AND UTYPE_CODE=$21)OR(RES_ENT_ID=$22 AND LIB_FEAT_ID=$23 AND UTYPE_CODE=$24)OR(RES_ENT_ID=$25 AND LIB_FEAT_ID=$26 AND UTYPE_CODE=$27)),0,0,0,0,0,0,1503,1544.9741980000017,0.02026,587.6855939999999,1.0279269447771135,15.69100873913885,13457,69275,0,0,0,0,0,0,0,0,0,0,0,0,0,0,0,0,0,0,0,0,0,0,0,0,0,0,0,0,2026-08-27 15:51:20.588565+00,2026-08-27 15:51:20.588565+00
10,16384,t,7060752456163602951,"FETCH 17 IN ""query-cursor_119""",0,0,0,0,0,0,1,0.002366,0.002366,0.002366,0.002366,0,17,0,0,0,0,0,0,0,0,0,0,0,0,0,0,0,0,0,0,0,0,0,0,0,0,0,0,0,0,0,2026-08-27 15:26:15.577353+00,2026-08-27 15:26:15.577353+00
10,16384,t,-3842875244999765559,"MOVE -2160 IN ""query-cursor_227""",0,0,0,0,0,0,1,0.040587,0.040587,0.040587,0.040587,0,0,0,0,0,0,0,0,0,0,0,0,0,0,0,0,0,0,0,0,0,0,0,0,0,0,0,0,0,0,0,2026-08-27 17:24:15.585853+00,2026-08-27 17:24:15.585853+00
10,16384,t,-8476673598723915790,"FETCH 1 IN ""query-cursor_141""",0,0,0,0,0,0,1,0.001329,0.001329,0.001329,0.001329,0,1,0,0,0,0,0,0,0,0,0,0,0,0,0,0,0,0,0,0,0,0,0,0,0,0,0,0,0,0,0,2026-08-27 15:48:15.57968+00,2026-08-27 15:48:15.57968+00
10,16384,t,-9127663668860582996,"FETCH 50 IN ""query-cursor_15""",0,0,0,0,0,0,4,0.014176000000000001,0.002789,0.005086,0.0035440000000000003,0.000920469717046683,200,0,0,0,0,0,0,0,0,0,0,0,0,0,0,0,0,0,0,0,0,0,0,0,0,0,0,0,0,0,2026-08-27 13:42:15.565602+00,2026-08-27 13:42:15.565602+00
16410,16412,t,59087559202373301,"UPDATE RES_FEAT_STAT AS T SET FTYPE_ID=C.FTYPE_ID,NUM_RES_ENT=C.NUM_RES_ENT_NEW,NUM_RES_ENT_OOM=C.NUM_RES_ENT_OOM_NEW FROM (VALUES (CAST ($1 AS BIGINT),CAST ($2 AS INT),CAST ($3 AS BIGINT),CAST ($4 AS BIGINT),CAST ($5 AS BIGINT),CAST ($6 AS BIGINT)),(CAST ($7 AS BIGINT),CAST ($8 AS INT),CAST ($9 AS BIGINT),CAST ($10 AS BIGINT),CAST ($11 AS BIGINT),CAST ($12 AS BIGINT)),(CAST ($13 AS BIGINT),CAST ($14 AS INT),CAST ($15 AS BIGINT),CAST ($16 AS BIGINT),CAST ($17 AS BIGINT),CAST ($18 AS BIGINT)),(CAST ($19 AS BIGINT),CAST ($20 AS INT),CAST ($21 AS BIGINT),CAST ($22 AS BIGINT),CAST ($23 AS BIGINT),CAST ($24 AS BIGINT)),(CAST ($25 AS BIGINT),CAST ($26 AS INT),CAST ($27 AS BIGINT),CAST ($28 AS BIGINT),CAST ($29 AS BIGINT),CAST ($30 AS BIGINT)),(CAST ($31 AS BIGINT),CAST ($32 AS INT),CAST ($33 AS BIGINT),CAST ($34 AS BIGINT),CAST ($35 AS BIGINT),CAST ($36 AS BIGINT)),(CAST ($37 AS BIGINT),CAST ($38 AS INT),CAST ($39 AS BIGINT),CAST ($40 AS BIGINT),CAST ($41 AS BIGINT),CAST ($42 AS BIGINT)),(CAST ($43 AS BIGINT),CAST ($44 AS INT),CAST ($45 AS BIGINT),CAST ($46 AS BIGINT),CAST ($47 AS BIGINT),CAST ($48 AS BIGINT)),(CAST ($49 AS BIGINT),CAST ($50 AS INT),CAST ($51 AS BIGINT),CAST ($52 AS BIGINT),CAST ($53 AS BIGINT),CAST ($54 AS BIGINT)),(CAST ($55 AS BIGINT),CAST ($56 AS INT),CAST ($57 AS BIGINT),CAST ($58 AS BIGINT),CAST ($59 AS BIGINT),CAST ($60 AS BIGINT)),(CAST ($61 AS BIGINT),CAST ($62 AS INT),CAST ($63 AS BIGINT),CAST ($64 AS BIGINT),CAST ($65 AS BIGINT),CAST ($66 AS BIGINT)),(CAST ($67 AS BIGINT),CAST ($68 AS INT),CAST ($69 AS BIGINT),CAST ($70 AS BIGINT),CAST ($71 AS BIGINT),CAST ($72 AS BIGINT)),(CAST ($73 AS BIGINT),CAST ($74 AS INT),CAST ($75 AS BIGINT),CAST ($76 AS BIGINT),CAST ($77 AS BIGINT),CAST ($78 AS BIGINT)),(CAST ($79 AS BIGINT),CAST ($80 AS INT),CAST ($81 AS BIGINT),CAST ($82 AS BIGINT),CAST ($83 AS BIGINT),CAST ($84 AS BIGINT)),(CAST ($85 AS BIGINT),CAST ($86 AS INT),CAST ($87 AS BIGINT),CAST ($88 AS BIGINT),CAST ($89 AS BIGINT),CAST ($90 AS BIGINT)),(CAST ($91 AS BIGINT),CAST ($92 AS INT),CAST ($93 AS BIGINT),CAST ($94 AS BIGINT),CAST ($95 AS BIGINT),CAST ($96 AS BIGINT)),(CAST ($97 AS BIGINT),CAST ($98 AS INT),CAST ($99 AS BIGINT),CAST ($100 AS BIGINT),CAST ($101 AS BIGINT),CAST ($102 AS BIGINT)),(CAST ($103 AS BIGINT),CAST ($104 AS INT),CAST ($105 AS BIGINT),CAST ($106 AS BIGINT),CAST ($107 AS BIGINT),CAST ($108 AS BIGINT))) AS C(LIB_FEAT_ID,FTYPE_ID,NUM_RES_ENT_OLD,NUM_RES_ENT_OOM_OLD,NUM_RES_ENT_NEW,NUM_RES_ENT_OOM_NEW) WHERE C.LIB_FEAT_ID=T.LIB_FEAT_ID AND C.NUM_RES_ENT_OLD=T.NUM_RES_ENT AND C.NUM_RES_ENT_OOM_OLD=T.NUM_RES_ENT_OOM",0,0,0,0,0,0,1,1.8274599999999999,1.8274599999999999,1.8274599999999999,1.8274599999999999,0,4,1874,0,0,0,0,0,0,0,0,0,0,0,0,0,0,0,0,0,0,0,0,0,0,0,0,0,0,0,0,2026-08-27 16:06:11.760907+00,2026-08-27 16:06:11.760907+00
10,16384,t,-5185301110642222350,"DECLARE ""query-cursor_118"" SCROLL CURSOR FOR select queryid, left(query, $1), calls, (total_plan_time + total_exec_time) as total_time from aurora_stat_statements($2) order by calls desc limit $3 FOR READ ONLY",0,0,0,0,0,0,1,0.058902,0.058902,0.058902,0.058902,0,0,0,0,0,0,0,0,0,0,0,0,0,0,0,0,0,0,0,0,0,0,0,0,0,0,0,0,0,0,0,2026-08-27 15:25:15.572063+00,2026-08-27 15:25:15.572063+00
10,16384,t,-8035861768808188946,"FETCH 17 IN ""query-cursor_94""",0,0,0,0,0,0,1,0.002312,0.002312,0.002312,0.002312,0,17,0,0,0,0,0,0,0,0,0,0,0,0,0,0,0,0,0,0,0,0,0,0,0,0,0,0,0,0,0,2026-08-27 15:01:15.574809+00,2026-08-27 15:01:15.574809+00
10,16384,t,3196555129506368015,"DECLARE ""query-cursor_153"" SCROLL CURSOR FOR select queryid, left(query, $1), calls, (total_plan_time + total_exec_time) as total_time from aurora_stat_statements($2) order by calls desc limit $3 FOR READ ONLY",0,0,0,0,0,0,1,0.078296,0.078296,0.078296,0.078296,0,0,0,0,0,0,0,0,0,0,0,0,0,0,0,0,0,0,0,0,0,0,0,0,0,0,0,0,0,0,0,2026-08-27 16:01:16.212618+00,2026-08-27 16:01:16.212618+00
16410,16412,t,-6479956330566125787,"UPDATE RES_FEAT_EKEY AS T SET SUPPRESSED=C.SUPPRESSED,OBS_ENT_CNT=C.OBS_ENT_CNT FROM (VALUES (CAST ($1 AS BIGINT),CAST ($2 AS BIGINT),$3,$4,CAST ($5 AS BIGINT)),(CAST ($6 AS BIGINT),CAST ($7 AS BIGINT),$8,$9,CAST ($10 AS BIGINT)),(CAST ($11 AS BIGINT),CAST ($12 AS BIGINT),$13,$14,CAST ($15 AS BIGINT)),(CAST ($16 AS BIGINT),CAST ($17 AS BIGINT),$18,$19,CAST ($20 AS BIGINT)),(CAST ($21 AS BIGINT),CAST ($22 AS BIGINT),$23,$24,CAST ($25 AS BIGINT)),(CAST ($26 AS BIGINT),CAST ($27 AS BIGINT),$28,$29,CAST ($30 AS BIGINT)),(CAST ($31 AS BIGINT),CAST ($32 AS BIGINT),$33,$34,CAST ($35 AS BIGINT)),(CAST ($36 AS BIGINT),CAST ($37 AS BIGINT),$38,$39,CAST ($40 AS BIGINT)),(CAST ($41 AS BIGINT),CAST ($42 AS BIGINT),$43,$44,CAST ($45 AS BIGINT)),(CAST ($46 AS BIGINT),CAST ($47 AS BIGINT),$48,$49,CAST ($50 AS BIGINT))) AS C(RES_ENT_ID,LIB_FEAT_ID,UTYPE_CODE,SUPPRESSED,OBS_ENT_CNT) WHERE C.RES_ENT_ID=T.RES_ENT_ID AND C.LIB_FEAT_ID=T.LIB_FEAT_ID AND C.UTYPE_CODE=T.UTYPE_CODE",0,0,0,0,0,0,656,1899.3440990000029,0.088908,61.344384000000005,2.8953416143292725,8.753569276929868,6560,85787,0,0,9,0,0,0,0,0,0,0,0.08438699999999999,0,0,0,0,0,0,0,0,0,0,0,0,0,0,0,0,0,2026-08-27 15:50:59.818868+00,2026-08-27 15:50:59.818868+00
16410,16412,t,7569516770439383501,"SELECT RES_ENT_ID,LIB_FEAT_ID,FTYPE_ID,UTYPE_CODE,SUPPRESSED,OBS_ENT_CNT FROM RES_FEAT_EKEY WHERE RES_ENT_ID IN ($1,$2,$3,$4) AND FTYPE_ID IN ($5,$6,$7,$8,$9,$10,$11)",0,0,0,0,0,0,9257,1705.8231710000027,0.034883,45.735516,0.18427386529113132,1.1552526030756944,407223,133985,0,0,0,0,0,0,0,0,0,0,0,0,0,0,0,0,0,0,0,0,0,0,0,0,0,0,0,0,2026-08-27 15:50:50.39301+00,2026-08-27 15:50:50.39301+00
10,16384,t,-3731802665065239696,"FETCH 9 IN ""query-cursor_227""",0,0,0,0,0,0,1,0.002015,0.002015,0.002015,0.002015,0,9,0,0,0,0,0,0,0,0,0,0,0,0,0,0,0,0,0,0,0,0,0,0,0,0,0,0,0,0,0,2026-08-27 17:24:15.599256+00,2026-08-27 17:24:15.599256+00
16410,16412,t,-844303885860246967,SELECT pg_advisory_unlock_all(),0,0,0,0,0,0,1291652,3892.3965609999686,0.000717,13.894972000000001,0.0030135025231253997,0.0429968914866079,1291652,0,0,0,0,0,0,0,0,0,0,0,0,0,0,0,0,0,0,0,0,0,0,0,0,0,0,0,0,0,2026-08-27 15:50:46.841436+00,2026-08-27 15:50:46.841436+00
10,16384,t,-4413442788118610853,"FETCH 50 IN ""query-cursor_42""",0,0,0,0,0,0,7,0.027893,0.003293,0.004914,0.003984714285714286,0.0006381206142786384,350,0,0,0,0,0,0,0,0,0,0,0,0,0,0,0,0,0,0,0,0,0,0,0,0,0,0,0,0,0,2026-08-27 14:09:15.567981+00,2026-08-27 14:09:15.567981+00
10,16384,t,-4524210066191118127,"MOVE -1608 IN ""query-cursor_149""",0,0,0,0,0,0,1,0.030113,0.030113,0.030113,0.030113,0,0,0,0,0,0,0,0,0,0,0,0,0,0,0,0,0,0,0,0,0,0,0,0,0,0,0,0,0,0,0,2026-08-27 15:56:15.579314+00,2026-08-27 15:56:15.579314+00
10,16384,t,8501808277061600022,"MOVE -2196 IN ""query-cursor_233""",0,0,0,0,0,0,1,0.040286,0.040286,0.040286,0.040286,0,0,0,0,0,0,0,0,0,0,0,0,0,0,0,0,0,0,0,0,0,0,0,0,0,0,0,0,0,0,0,2026-08-27 17:30:15.585827+00,2026-08-27 17:30:15.585827+00
10,16384,t,4953930488774181956,"MOVE ALL IN ""query-cursor_52""",0,0,0,0,0,0,1,0.978398,0.978398,0.978398,0.978398,0,0,0,0,0,0,0,0,0,0,0,0,0,0,0,0,0,0,0,0,0,0,0,0,0,0,0,0,0,0,0,2026-08-27 14:19:15.56865+00,2026-08-27 14:19:15.56865+00
10,16384,t,8743362861520162582,"MOVE ALL IN ""query-cursor_25""",0,0,0,0,0,0,1,0.658571,0.658571,0.658571,0.658571,0,0,0,0,0,0,0,0,0,0,0,0,0,0,0,0,0,0,0,0,0,0,0,0,0,0,0,0,0,0,0,2026-08-27 13:52:15.566405+00,2026-08-27 13:52:15.566405+00
10,16384,t,8883414122875994972,"FETCH 0 IN ""query-cursor_117""",0,0,0,0,0,0,1,0.003703,0.003703,0.003703,0.003703,0,0,0,0,0,0,0,0,0,0,0,0,0,0,0,0,0,0,0,0,0,0,0,0,0,0,0,0,0,0,0,2026-08-27 15:24:15.57207+00,2026-08-27 15:24:15.57207+00
16410,16412,t,72437734615173454,"CREATE INDEX RES_ENT_OKEY_SK ON RES_ENT_OKEY(RES_ENT_ID, OBS_ENT_ID)",0,0,0,0,0,0,1,2.439895,2.439895,2.439895,2.439895,0,0,114,0,0,0,0,0,0,0,0,0,0,0,0,0,0,0,0,0,0,0,0,0,0,0,0,0,0,0,0,2026-08-27 13:29:50.027482+00,2026-08-27 13:29:50.027482+00
10,16384,t,7106246006048838986,"FETCH 0 IN ""query-cursor_21""",0,0,0,0,0,0,1,0.003538,0.003538,0.003538,0.003538,0,0,0,0,0,0,0,0,0,0,0,0,0,0,0,0,0,0,0,0,0,0,0,0,0,0,0,0,0,0,0,2026-08-27 13:48:15.565429+00,2026-08-27 13:48:15.565429+00
10,16384,t,2388324183561638725,"MOVE ALL IN ""query-cursor_180""",0,0,0,0,0,0,1,5.040116,5.040116,5.040116,5.040116,0,0,0,0,0,0,0,0,0,0,0,0,0,0,0,0,0,0,0,0,0,0,0,0,0,0,0,0,0,0,0,2026-08-27 16:37:15.581946+00,2026-08-27 16:37:15.581946+00
10,16384,t,1655018250277861490,"DECLARE ""query-cursor_24"" SCROLL CURSOR FOR select queryid, left(query, $1), calls, (total_plan_time + total_exec_time) as total_time from aurora_stat_statements($2) order by calls desc limit $3 FOR READ ONLY",0,0,0,0,0,0,1,0.060907,0.060907,0.060907,0.060907,0,0,0,0,0,0,0,0,0,0,0,0,0,0,0,0,0,0,0,0,0,0,0,0,0,0,0,0,0,0,0,2026-08-27 13:51:15.565582+00,2026-08-27 13:51:15.565582+00
16410,16412,t,-4243829062671257241,"INSERT INTO LIB_FEAT(LIB_FEAT_ID,FTYPE_ID,FEAT_HASH,FEAT_DESC,FELEM_VALUES,ANONYMIZED,VERSION) VALUES ($1,$2,$3,$4,$5,$6,$7),($8,$9,$10,$11,$12,$13,$14),($15,$16,$17,$18,$19,$20,$21),($22,$23,$24,$25,$26,$27,$28),($29,$30,$31,$32,$33,$34,$35),($36,$37,$38,$39,$40,$41,$42),($43,$44,$45,$46,$47,$48,$49),($50,$51,$52,$53,$54,$55,$56),($57,$58,$59,$60,$61,$62,$63) ON CONFLICT(FTYPE_ID,FEAT_HASH,ANONYMIZED) DO UPDATE SET FTYPE_ID=LIB_FEAT.FTYPE_ID,FEAT_HASH=LIB_FEAT.FEAT_HASH,ANONYMIZED=LIB_FEAT.ANONYMIZED RETURNING LIB_FEAT_ID,FTYPE_ID,FEAT_HASH,ANONYMIZED,FEAT_DESC",0,0,0,0,0,0,79603,1303948.624744003,0.20292100000000002,1241.363952,16.380646768890657,43.20239266594508,716427,10773407,3,0,96975,0,0,0,0,0,0,0,1800.509757999993,0,0,0,0,0,0,0,0,0,0,0,0,0,0,0,0,0,2026-08-27 15:50:46.927785+00,2026-08-27 15:50:46.927785+00
10,16384,t,-1767769003792057046,"DECLARE ""query-cursor_74"" SCROLL CURSOR FOR select queryid, left(query, $1), calls, (total_plan_time + total_exec_time) as total_time from aurora_stat_statements($2) order by calls desc limit $3 FOR READ ONLY",0,0,0,0,0,0,1,0.061875,0.061875,0.061875,0.061875,0,0,0,0,0,0,0,0,0,0,0,0,0,0,0,0,0,0,0,0,0,0,0,0,0,0,0,0,0,0,0,2026-08-27 14:41:15.569118+00,2026-08-27 14:41:15.569118+00
16410,16412,t,1837223953060686283,"SELECT RES_ENT_ID,LIB_FEAT_ID,FTYPE_ID,UTYPE_CODE,SUPPRESSED,OBS_ENT_CNT FROM RES_FEAT_EKEY WHERE RES_ENT_ID IN ($1,$2,$3,$4,$5,$6,$7,$8) AND FTYPE_ID IN ($9,$10,$11,$12,$13,$14,$15,$16,$17,$18,$19,$20,$21,$22,$23,$24,$25,$26,$27,$28,$29,$30,$31,$32,$33,$34,$35,$36,$37,$38,$39,$40,$41,$42,$43,$44,$45,$46,$47,$48,$49,$50,$51,$52,$53,$54,$55,$56,$57,$58,$59,$60,$61,$62,$63,$64,$65,$66,$67)",0,0,0,0,0,0,2,0.897536,0.23094,0.666596,0.448768,0.217828,0,98,0,0,0,0,0,0,0,0,0,0,0,0,0,0,0,0,0,0,0,0,0,0,0,0,0,0,0,0,2026-08-27 15:55:54.082085+00,2026-08-27 15:55:54.082085+00
10,16384,t,-6458185387550018843,"FETCH 0 IN ""query-cursor_141""",0,0,0,0,0,0,1,0.003657,0.003657,0.003657,0.003657,0,0,0,0,0,0,0,0,0,0,0,0,0,0,0,0,0,0,0,0,0,0,0,0,0,0,0,0,0,0,0,2026-08-27 15:48:15.573804+00,2026-08-27 15:48:15.573804+00
10,16384,t,7089437723339043190,select sum(aurora_stat_get_db_commit_latency(oid)) from pg_database,0,0,0,0,0,0,501,32.636101000000004,0.044496,1.714622,0.06514191816367267,0.07456950561689006,501,1502,1,0,0,0,0,0,0,0,0,1.63354,0,0,0,0,0,0,0,0,0,0,0,0,0,0,0,0,0,0,2026-08-27 13:27:26.403881+00,2026-08-27 13:27:26.403881+00
10,16384,t,-8630724236363718538,"MOVE ALL IN ""query-cursor_232""",0,0,0,0,0,0,1,5.650405,5.650405,5.650405,5.650405,0,0,0,0,0,0,0,0,0,0,0,0,0,0,0,0,0,0,0,0,0,0,0,0,0,0,0,0,0,0,0,2026-08-27 17:29:15.586106+00,2026-08-27 17:29:15.586106+00
10,16384,t,7292039234068123915,"MOVE ALL IN ""query-cursor_220""",0,0,0,0,0,0,1,5.152351,5.152351,5.152351,5.152351,0,0,0,0,0,0,0,0,0,0,0,0,0,0,0,0,0,0,0,0,0,0,0,0,0,0,0,0,0,0,0,2026-08-27 17:17:15.584775+00,2026-08-27 17:17:15.584775+00
10,16384,t,-7614622911250211377,"MOVE ALL IN ""query-cursor_29""",0,0,0,0,0,0,1,0.714477,0.714477,0.714477,0.714477,0,0,0,0,0,0,0,0,0,0,0,0,0,0,0,0,0,0,0,0,0,0,0,0,0,0,0,0,0,0,0,2026-08-27 13:56:15.56675+00,2026-08-27 13:56:15.56675+00
10,16384,t,-3978058077299556425,"MOVE -634 IN ""query-cursor_80""",0,0,0,0,0,0,1,0.01324,0.01324,0.01324,0.01324,0,0,0,0,0,0,0,0,0,0,0,0,0,0,0,0,0,0,0,0,0,0,0,0,0,0,0,0,0,0,0,2026-08-27 14:47:15.570987+00,2026-08-27 14:47:15.570987+00
16410,16412,t,771298619665970449,"SELECT RES_ENT_ID,LIB_FEAT_ID,FTYPE_ID,UTYPE_CODE,SUPPRESSED,OBS_ENT_CNT FROM RES_FEAT_EKEY WHERE RES_ENT_ID IN ($1,$2,$3,$4) AND FTYPE_ID IN ($5,$6,$7,$8,$9,$10,$11,$12,$13,$14,$15,$16,$17,$18,$19,$20,$21,$22,$23,$24,$25,$26,$27,$28,$29,$30)",0,0,0,0,0,0,1,1.966279,1.966279,1.966279,1.966279,0,1774,36,0,0,0,0,0,0,0,0,0,0,0,0,0,0,0,0,0,0,0,0,0,0,0,0,0,0,0,0,2026-08-27 15:56:48.536944+00,2026-08-27 15:56:48.536944+00
10,16384,t,3331026407656271648,"FETCH 32 IN ""query-cursor_31""",0,0,0,0,0,0,1,0.002727,0.002727,0.002727,0.002727,0,32,0,0,0,0,0,0,0,0,0,0,0,0,0,0,0,0,0,0,0,0,0,0,0,0,0,0,0,0,0,2026-08-27 13:58:15.568176+00,2026-08-27 13:58:15.568176+00
10,16384,t,-6332852594660692777,"FETCH 50 IN ""query-cursor_91""",0,0,0,0,0,0,13,0.039943,0.002561,0.005276,0.0030725384615384616,0.0006714802953045225,650,0,0,0,0,0,0,0,0,0,0,0,0,0,0,0,0,0,0,0,0,0,0,0,0,0,0,0,0,0,2026-08-27 14:58:15.572026+00,2026-08-27 14:58:15.572026+00
10,16384,t,5076309368508058006,"DECLARE ""query-cursor_71"" SCROLL CURSOR FOR select queryid, left(query, $1), calls, (total_plan_time + total_exec_time) as total_time from aurora_stat_statements($2) order by calls desc limit $3 FOR READ ONLY",0,0,0,0,0,0,1,0.059632,0.059632,0.059632,0.059632,0,0,0,0,0,0,0,0,0,0,0,0,0,0,0,0,0,0,0,0,0,0,0,0,0,0,0,0,0,0,0,2026-08-27 14:38:15.56884+00,2026-08-27 14:38:15.56884+00
10,16384,t,7515391345970554179,"MOVE -1992 IN ""query-cursor_199""",0,0,0,0,0,0,1,0.036547,0.036547,0.036547,0.036547,0,0,0,0,0,0,0,0,0,0,0,0,0,0,0,0,0,0,0,0,0,0,0,0,0,0,0,0,0,0,0,2026-08-27 16:56:15.583917+00,2026-08-27 16:56:15.583917+00
10,16384,t,-6300892155667112730,"FETCH 8 IN ""query-cursor_27""",0,0,0,0,0,0,1,0.001493,0.001493,0.001493,0.001493,0,8,0,0,0,0,0,0,0,0,0,0,0,0,0,0,0,0,0,0,0,0,0,0,0,0,0,0,0,0,0,2026-08-27 13:54:15.5678+00,2026-08-27 13:54:15.5678+00
16410,16412,t,5120023126777797575,"SELECT RES_ENT_ID,LIB_FEAT_ID,FTYPE_ID,UTYPE_CODE,SUPPRESSED,OBS_ENT_CNT FROM RES_FEAT_EKEY WHERE RES_ENT_ID IN ($1) AND FTYPE_ID IN ($2,$3,$4,$5,$6,$7,$8,$9,$10,$11,$12,$13,$14,$15,$16,$17,$18,$19,$20,$21,$22,$23,$24,$25,$26,$27)",0,0,0,0,0,0,1,0.30549899999999997,0.30549899999999997,0.30549899999999997,0.30549899999999997,0,252,6,0,0,0,0,0,0,0,0,0,0,0,0,0,0,0,0,0,0,0,0,0,0,0,0,0,0,0,0,2026-08-27 15:57:00.090696+00,2026-08-27 15:57:00.090696+00
10,16384,t,-7066107670388453486,"DECLARE ""query-cursor_218"" SCROLL CURSOR FOR select queryid, left(query, $1), calls, (total_plan_time + total_exec_time) as total_time from aurora_stat_statements($2) order by calls desc limit $3 FOR READ ONLY",0,0,0,0,0,0,1,0.07075,0.07075,0.07075,0.07075,0,0,0,0,0,0,0,0,0,0,0,0,0,0,0,0,0,0,0,0,0,0,0,0,0,0,0,0,0,0,0,2026-08-27 17:15:15.579549+00,2026-08-27 17:15:15.579549+00
10,16384,t,-7003121201010052555,"FETCH 27 IN ""query-cursor_79""",0,0,0,0,0,0,1,0.00233,0.00233,0.00233,0.00233,0,27,0,0,0,0,0,0,0,0,0,0,0,0,0,0,0,0,0,0,0,0,0,0,0,0,0,0,0,0,0,2026-08-27 14:46:15.57316+00,2026-08-27 14:46:15.57316+00
10,16384,t,-4285538506575282711,"MOVE ALL IN ""query-cursor_82""",0,0,0,0,0,0,1,1.471519,1.471519,1.471519,1.471519,0,0,0,0,0,0,0,0,0,0,0,0,0,0,0,0,0,0,0,0,0,0,0,0,0,0,0,0,0,0,0,2026-08-27 14:49:15.571297+00,2026-08-27 14:49:15.571297+00
10,16412,t,2103733769408878190,SELECT $1,0,0,0,0,0,0,3,0.013229000000000001,0.003962,0.004643,0.004409666666666667,0.0003166431570220473,3,0,0,0,0,0,0,0,0,0,0,0,0,0,0,0,0,0,0,0,0,0,0,0,0,0,0,0,0,0,2026-08-27 13:45:00.10797+00,2026-08-27 13:45:00.10797+00
10,16384,t,3956729987471992071,"DECLARE ""query-cursor_12"" SCROLL CURSOR FOR select queryid, left(query, $1), calls, (total_plan_time + total_exec_time) as total_time from aurora_stat_statements($2) order by calls desc limit $3 FOR READ ONLY",0,0,0,0,0,0,1,0.056996,0.056996,0.056996,0.056996,0,0,0,0,0,0,0,0,0,0,0,0,0,0,0,0,0,0,0,0,0,0,0,0,0,0,0,0,0,0,0,2026-08-27 13:39:15.564708+00,2026-08-27 13:39:15.564708+00
16410,16412,t,-8673607796849856739,"UPDATE RES_ENT_OKEY SET ERRULE_ID=$1,MATCH_KEY=$2 WHERE OBS_ENT_ID=$3",0,0,0,0,0,0,5401,582.1102480000006,0.009771,14.449127,0.10777823514164056,0.5360561162162545,5401,53377,0,0,0,0,0,0,0,0,0,0,0,0,0,0,0,0,0,0,0,0,0,0,0,0,0,0,0,0,2026-08-27 15:51:40.76438+00,2026-08-27 15:51:40.76438+00
16410,16412,t,-6078229899071038424,"INSERT INTO RES_REL_EKEY(RES_REL_ID,RES_ENT_ID,REL_ENT_ID) VALUES ($1,$2,$3),($4,$5,$6) ON CONFLICT DO NOTHING",0,0,0,0,0,0,303358,268473.1565129985,0.020958,70581.102141,0.8850043727641879,128.36376675103077,606710,4968936,0,0,10504,0,0,0,0,0,0,0,841.134987000004,0,0,0,0,0,0,0,0,0,0,0,0,0,0,0,0,0,2026-08-27 15:50:47.42764+00,2026-08-27 15:50:47.42764+00
16410,16412,t,5157551569687287812,"INSERT INTO RES_FEAT_EKEY(RES_ENT_ID,LIB_FEAT_ID,FTYPE_ID,UTYPE_CODE,SUPPRESSED,OBS_ENT_CNT) VALUES ($1,$2,$3,$4,$5,$6),($7,$8,$9,$10,$11,$12),($13,$14,$15,$16,$17,$18),($19,$20,$21,$22,$23,$24),($25,$26,$27,$28,$29,$30),($31,$32,$33,$34,$35,$36),($37,$38,$39,$40,$41,$42) ON CONFLICT DO NOTHING",0,0,0,0,0,0,69783,199242.3694430007,0.08262699999999999,524.760999,2.855170592307592,9.742140567637835,488481,6175055,1,0,7313,0,0,0,0,0,0,0,471.86110799999983,0,0,0,0,0,0,0,0,0,0,0,0,0,0,0,0,0,2026-08-27 15:50:46.88309+00,2026-08-27 15:50:46.88309+00
10,16384,t,-3659155198652114713,"DECLARE ""query-cursor_21"" SCROLL CURSOR FOR select queryid, left(query, $1), calls, (total_plan_time + total_exec_time) as total_time from aurora_stat_statements($2) order by calls desc limit $3 FOR READ ONLY",0,0,0,0,0,0,1,0.063583,0.063583,0.063583,0.063583,0,0,0,0,0,0,0,0,0,0,0,0,0,0,0,0,0,0,0,0,0,0,0,0,0,0,0,0,0,0,0,2026-08-27 13:48:15.565386+00,2026-08-27 13:48:15.565386+00
16410,16412,t,1402096862790384457,"UPDATE OBS_ENT SET LOCKING_ID=LOCKING_ID+$10,LOCK_DSRC_ACTION=$1 WHERE OBS_ENT_ID IN ($2,$3,$4,$5,$6,$7,$8,$9)",0,0,0,0,0,0,312,192.643932,0.057031000000000005,22.52455,0.6174485000000001,2.52512156283828,1861,29752,0,0,67,0,0,0,0,0,0,0,0.463882,0,0,0,0,0,0,0,0,0,0,0,0,0,0,0,0,0,2026-08-27 15:54:44.109604+00,2026-08-27 15:54:44.109604+00
10,16384,t,-5273495459152482466,"FETCH 0 IN ""query-cursor_66""",0,0,0,0,0,0,1,0.003839,0.003839,0.003839,0.003839,0,0,0,0,0,0,0,0,0,0,0,0,0,0,0,0,0,0,0,0,0,0,0,0,0,0,0,0,0,0,0,2026-08-27 14:33:15.568545+00,2026-08-27 14:33:15.568545+00
16410,16412,t,2607876560595601533,"SELECT RES_ENT_ID,LIB_FEAT_ID,FTYPE_ID,UTYPE_CODE,SUPPRESSED,OBS_ENT_CNT FROM RES_FEAT_EKEY WHERE RES_ENT_ID IN ($1,$2,$3,$4,$5,$6,$7,$8,$9,$10,$11,$12,$13,$14,$15,$16,$17,$18,$19,$20,$21,$22,$23,$24,$25,$26,$27,$28,$29,$30,$31,$32,$33,$34,$35,$36,$37,$38,$39,$40,$41,$42,$43,$44,$45,$46,$47,$48,$49,$50,$51,$52,$53,$54,$55,$56,$57,$58,$59,$60,$61,$62,$63,$64,$65,$66,$67,$68,$69,$70,$71,$72,$73,$74,$75,$76,$77,$78,$79,$80,$81,$82,$83,$84) AND FTYPE_ID IN ($85,$86,$87,$88,$89,$90,$91,$92,$93,$94,$95,$96,$97,$98,$99,$100)",0,0,0,0,0,0,241,16180.094784999996,4.347988,689.658567,67.13732275933609,94.86640003828444,10230498,194486,0,0,0,0,0,0,0,0,0,0,0,0,0,0,0,0,0,0,0,0,0,0,0,0,0,0,0,0,2026-08-27 15:51:05.031402+00,2026-08-27 15:51:05.031402+00
10,16384,t,6925998823549459727,"MOVE ALL IN ""query-cursor_174""",0,0,0,0,0,0,1,5.171495,5.171495,5.171495,5.171495,0,0,0,0,0,0,0,0,0,0,0,0,0,0,0,0,0,0,0,0,0,0,0,0,0,0,0,0,0,0,0,2026-08-27 16:31:15.581548+00,2026-08-27 16:31:15.581548+00
10,16384,t,-8311146291912714944,"FETCH 0 IN ""query-cursor_85""",0,0,0,0,0,0,1,0.003495,0.003495,0.003495,0.003495,0,0,0,0,0,0,0,0,0,0,0,0,0,0,0,0,0,0,0,0,0,0,0,0,0,0,0,0,0,0,0,2026-08-27 14:52:15.569951+00,2026-08-27 14:52:15.569951+00
10,16384,t,-658443747292511736,"SELECT $1 FROM pg_catalog.pg_roles WHERE rolcanlogin = $2 AND rolname in ($3,$4,$5,$6,$7,$8) LIMIT $9",0,0,0,0,0,0,25,0.245119,0.007907,0.017447,0.009804760000000001,0.00209788047857832,0,50,0,0,0,0,0,0,0,0,0,0,0,0,0,0,0,0,0,0,0,0,0,0,0,0,0,0,0,0,2026-08-27 13:35:56.801526+00,2026-08-27 13:35:56.801526+00
10,16384,t,7366116506228304960,"FETCH 5 IN ""query-cursor_67""",0,0,0,0,0,0,1,0.001656,0.001656,0.001656,0.001656,0,5,0,0,0,0,0,0,0,0,0,0,0,0,0,0,0,0,0,0,0,0,0,0,0,0,0,0,0,0,0,2026-08-27 14:34:15.572055+00,2026-08-27 14:34:15.572055+00
16410,16412,t,-5038367627767346870,"SELECT RES_ENT_ID,REL_ENT_ID,RES_REL_ID FROM RES_REL_EKEY WHERE RES_ENT_ID IN ($1,$2,$3,$4,$5,$6,$7,$8,$9,$10,$11,$12,$13,$14,$15,$16,$17,$18,$19,$20,$21,$22,$23,$24,$25,$26,$27,$28,$29,$30,$31,$32)",0,0,0,0,0,0,1559,574.4628769999999,0.067734,26.676125,0.3684816401539448,1.220132033087203,277083,189762,0,0,0,0,0,0,0,0,0,0,0,0,0,0,0,0,0,0,0,0,0,0,0,0,0,0,0,0,2026-08-27 15:53:11.293727+00,2026-08-27 15:53:11.293727+00
10,16384,t,8904038573667808338,"FETCH 0 IN ""query-cursor_67""",0,0,0,0,0,0,1,0.00402,0.00402,0.00402,0.00402,0,0,0,0,0,0,0,0,0,0,0,0,0,0,0,0,0,0,0,0,0,0,0,0,0,0,0,0,0,0,0,2026-08-27 14:34:15.568641+00,2026-08-27 14:34:15.568641+00
10,16384,t,-3239427237115423197,"MOVE ALL IN ""query-cursor_127""",0,0,0,0,0,0,1,1.846507,1.846507,1.846507,1.846507,0,0,0,0,0,0,0,0,0,0,0,0,0,0,0,0,0,0,0,0,0,0,0,0,0,0,0,0,0,0,0,2026-08-27 15:34:15.57466+00,2026-08-27 15:34:15.57466+00
10,16384,t,3960482325219791892,"FETCH 7 IN ""query-cursor_1""",0,0,0,0,0,0,1,0.002051,0.002051,0.002051,0.002051,0,7,0,0,0,0,0,0,0,0,0,0,0,0,0,0,0,0,0,0,0,0,0,0,0,0,0,0,0,0,0,2026-08-27 13:28:15.562251+00,2026-08-27 13:28:15.562251+00
10,16384,t,5286901837252319420,"FETCH 1 IN ""query-cursor_151""",0,0,0,0,0,0,1,0.00482,0.00482,0.00482,0.00482,0,1,0,0,0,0,0,0,0,0,0,0,0,0,0,0,0,0,0,0,0,0,0,0,0,0,0,0,0,0,0,2026-08-27 15:59:15.726729+00,2026-08-27 15:59:15.726729+00
10,16384,t,746690034774677235,"MOVE ALL IN ""query-cursor_110""",0,0,0,0,0,0,1,1.741098,1.741098,1.741098,1.741098,0,0,0,0,0,0,0,0,0,0,0,0,0,0,0,0,0,0,0,0,0,0,0,0,0,0,0,0,0,0,0,2026-08-27 15:17:15.573465+00,2026-08-27 15:17:15.573465+00
10,16384,t,-5039234693841161798,"MOVE -2250 IN ""query-cursor_242""",0,0,0,0,0,0,1,0.041668,0.041668,0.041668,0.041668,0,0,0,0,0,0,0,0,0,0,0,0,0,0,0,0,0,0,0,0,0,0,0,0,0,0,0,0,0,0,0,2026-08-27 17:39:15.587138+00,2026-08-27 17:39:15.587138+00
10,16384,t,243772155146599715,"FETCH 50 IN ""query-cursor_52""",0,0,0,0,0,0,9,0.030548,0.002854,0.005812,0.003394222222222222,0.0008693547770588609,450,0,0,0,0,0,0,0,0,0,0,0,0,0,0,0,0,0,0,0,0,0,0,0,0,0,0,0,0,0,2026-08-27 14:19:15.568743+00,2026-08-27 14:19:15.568743+00
16410,16412,t,6881506055043139633,UPDATE RES_ENT SET ENT_STATE=$1 WHERE RES_ENT_ID=$2,0,0,0,0,0,0,291326,773228.1685280114,0.010388,153794.226207,2.6541680746929948,464.479981582589,291326,2901982,1,0,357,0,0,0,0,0,0,0,22.990896999999993,0,0,0,0,0,0,0,0,0,0,0,0,0,0,0,0,0,2026-08-27 15:50:58.182475+00,2026-08-27 15:50:58.182475+00
10,16384,t,3506895797553403245,"SELECT cipher, count(*) FROM pg_stat_ssl JOIN pg_stat_activity USING(pid) WHERE usename <> $1 AND ssl = $2 GROUP BY cipher",0,0,0,0,0,0,4,12.604956,0.249611,11.821892,3.151239,5.0060087278137555,3,9,0,0,0,0,0,0,0,0,0,0,0,0,0,0,0,0,0,0,0,0,0,0,0,0,0,0,0,0,2026-08-27 13:29:26.509602+00,2026-08-27 13:29:26.509602+00
10,16384,t,-3465693758040075260,"MOVE -658 IN ""query-cursor_84""",0,0,0,0,0,0,1,0.014103,0.014103,0.014103,0.014103,0,0,0,0,0,0,0,0,0,0,0,0,0,0,0,0,0,0,0,0,0,0,0,0,0,0,0,0,0,0,0,2026-08-27 14:51:15.571313+00,2026-08-27 14:51:15.571313+00
10,16384,t,9220740123807020061,"MOVE ALL IN ""query-cursor_132""",0,0,0,0,0,0,1,1.97003,1.97003,1.97003,1.97003,0,0,0,0,0,0,0,0,0,0,0,0,0,0,0,0,0,0,0,0,0,0,0,0,0,0,0,0,0,0,0,2026-08-27 15:39:15.575114+00,2026-08-27 15:39:15.575114+00
10,16384,t,2610253728206879217,"DECLARE ""query-cursor_130"" SCROLL CURSOR FOR select queryid, left(query, $1), calls, (total_plan_time + total_exec_time) as total_time from aurora_stat_statements($2) order by calls desc limit $3 FOR READ ONLY",0,0,0,0,0,0,1,0.057489,0.057489,0.057489,0.057489,0,0,0,0,0,0,0,0,0,0,0,0,0,0,0,0,0,0,0,0,0,0,0,0,0,0,0,0,0,0,0,2026-08-27 15:37:15.572896+00,2026-08-27 15:37:15.572896+00
10,16384,t,8210419980434429882,"MOVE ALL IN ""query-cursor_201""",0,0,0,0,0,0,1,5.297659,5.297659,5.297659,5.297659,0,0,0,0,0,0,0,0,0,0,0,0,0,0,0,0,0,0,0,0,0,0,0,0,0,0,0,0,0,0,0,2026-08-27 16:58:15.583712+00,2026-08-27 16:58:15.583712+00
10,16384,t,7189362540342505844,"FETCH 50 IN ""query-cursor_7""",0,0,0,0,0,0,3,0.010473,0.002905,0.004038,0.0034909999999999997,0.0004633666654677121,150,0,0,0,0,0,0,0,0,0,0,0,0,0,0,0,0,0,0,0,0,0,0,0,0,0,0,0,0,0,2026-08-27 13:34:15.56484+00,2026-08-27 13:34:15.56484+00
16410,16412,t,4284151609746319977,"SELECT LIB_FEAT_ID,FEAT_DESC,FTYPE_ID,ANONYMIZED,FEAT_HASH,VERSION,FELEM_VALUES FROM LIB_FEAT WHERE LIB_FEAT_ID IN ($1,$2,$3,$4,$5,$6,$7,$8,$9,$10,$11,$12,$13,$14,$15,$16,$17,$18,$19,$20,$21,$22,$23,$24,$25,$26,$27,$28,$29,$30,$31,$32)",0,0,0,0,0,0,396810,66446.1474940007,0.016281,52.293497,0.16745078877548625,0.6508379395523625,9303385,15411220,0,0,0,0,0,0,0,0,0,0,0,0,0,0,0,0,0,0,0,0,0,0,0,0,0,0,0,0,2026-08-27 15:50:47.210868+00,2026-08-27 15:50:47.210868+00
10,16384,t,-983327046237792636,"MOVE ALL IN ""query-cursor_121""",0,0,0,0,0,0,1,1.846384,1.846384,1.846384,1.846384,0,0,0,0,0,0,0,0,0,0,0,0,0,0,0,0,0,0,0,0,0,0,0,0,0,0,0,0,0,0,0,2026-08-27 15:28:15.574234+00,2026-08-27 15:28:15.574234+00
10,16384,t,5698497692943114433,"FETCH 9 IN ""query-cursor_76""",0,0,0,0,0,0,1,0.0016,0.0016,0.0016,0.0016,0,9,0,0,0,0,0,0,0,0,0,0,0,0,0,0,0,0,0,0,0,0,0,0,0,0,0,0,0,0,0,2026-08-27 14:43:15.572876+00,2026-08-27 14:43:15.572876+00
16410,16412,t,-582322352848865411,"UPDATE RES_FEAT_STAT AS T SET FTYPE_ID=C.FTYPE_ID,NUM_RES_ENT=C.NUM_RES_ENT_NEW,NUM_RES_ENT_OOM=C.NUM_RES_ENT_OOM_NEW FROM (VALUES (CAST ($1 AS BIGINT),CAST ($2 AS INT),CAST ($3 AS BIGINT),CAST ($4 AS BIGINT),CAST ($5 AS BIGINT),CAST ($6 AS BIGINT)),(CAST ($7 AS BIGINT),CAST ($8 AS INT),CAST ($9 AS BIGINT),CAST ($10 AS BIGINT),CAST ($11 AS BIGINT),CAST ($12 AS BIGINT)),(CAST ($13 AS BIGINT),CAST ($14 AS INT),CAST ($15 AS BIGINT),CAST ($16 AS BIGINT),CAST ($17 AS BIGINT),CAST ($18 AS BIGINT))) AS C(LIB_FEAT_ID,FTYPE_ID,NUM_RES_ENT_OLD,NUM_RES_ENT_OOM_OLD,NUM_RES_ENT_NEW,NUM_RES_ENT_OOM_NEW) WHERE C.LIB_FEAT_ID=T.LIB_FEAT_ID AND C.NUM_RES_ENT_OLD=T.NUM_RES_ENT AND C.NUM_RES_ENT_OOM_OLD=T.NUM_RES_ENT_OOM",0,0,0,0,0,0,253,3936.223847000001,0.019327,3090.2243710000002,15.558197023715419,198.44148187899302,192,24886,0,0,0,0,0,0,0,0,0,0,0,0,0,0,0,0,0,0,0,0,0,0,0,0,0,0,0,0,2026-08-27 15:51:01.086246+00,2026-08-27 15:51:01.086246+00
10,16384,t,4697262710986183434,"MOVE ALL IN ""query-cursor_212""",0,0,0,0,0,0,1,5.47576,5.47576,5.47576,5.47576,0,0,0,0,0,0,0,0,0,0,0,0,0,0,0,0,0,0,0,0,0,0,0,0,0,0,0,0,0,0,0,2026-08-27 17:09:15.584562+00,2026-08-27 17:09:15.584562+00
10,16384,t,5989940908595541179,"SELECT COUNT(*) FROM pg_catalog.pg_roles WHERE rolcanlogin = $1 AND rolname NOT IN ($2,$3,$4,$5,$6,$7,$8,$9,$10,$11,$12,$13,$14,$15,$16,$17) AND (rolvaliduntil IS NULL OR rolvaliduntil >= CURRENT_TIMESTAMP)",0,0,0,0,0,0,1,0.010459,0.010459,0.010459,0.010459,0,1,1,0,0,0,0,0,0,0,0,0,0,0,0,0,0,0,0,0,0,0,0,0,0,0,0,0,0,0,0,2026-08-27 14:24:26.43607+00,2026-08-27 14:24:26.43607+00
16410,16412,t,-8419196526411615639,"SELECT RES_ENT_ID,LIB_FEAT_ID,FTYPE_ID,UTYPE_CODE,SUPPRESSED,OBS_ENT_CNT FROM RES_FEAT_EKEY WHERE RES_ENT_ID IN ($1,$2,$3,$4) AND FTYPE_ID IN ($5,$6,$7,$8,$9,$10,$11,$12,$13,$14)",0,0,0,0,0,0,20248,4986.852740000016,0.039763,48.829323,0.2462886576452003,1.1529465476870622,1537602,321102,0,0,0,0,0,0,0,0,0,0,0,0,0,0,0,0,0,0,0,0,0,0,0,0,0,0,0,0,2026-08-27 15:50:47.208108+00,2026-08-27 15:50:47.208108+00
10,16384,t,600808159303964673,"FETCH 50 IN ""query-cursor_119""",0,0,0,0,0,0,17,0.056562999999999995,0.002817,0.00573,0.003327235294117647,0.0006472630640230006,850,0,0,0,0,0,0,0,0,0,0,0,0,0,0,0,0,0,0,0,0,0,0,0,0,0,0,0,0,0,2026-08-27 15:26:15.574192+00,2026-08-27 15:26:15.574192+00
10,16384,t,-1877087638786899937,"FETCH 50 IN ""query-cursor_194""",0,0,0,0,0,0,39,0.15117799999999998,0.002863,0.007447,0.003876358974358974,0.001158929645155159,1950,0,0,0,0,0,0,0,0,0,0,0,0,0,0,0,0,0,0,0,0,0,0,0,0,0,0,0,0,0,2026-08-27 16:51:15.582983+00,2026-08-27 16:51:15.582983+00
16410,16412,t,2438074277023626341,"SELECT RES_ENT_ID,LIB_FEAT_ID,FTYPE_ID,UTYPE_CODE,SUPPRESSED,OBS_ENT_CNT FROM RES_FEAT_EKEY WHERE RES_ENT_ID IN ($1,$2,$3,$4,$5,$6,$7,$8,$9,$10,$11,$12,$13,$14,$15,$16,$17,$18,$19,$20,$21,$22,$23,$24,$25,$26,$27,$28,$29,$30,$31,$32,$33,$34,$35,$36,$37,$38,$39,$40,$41,$42,$43,$44,$45,$46,$47,$48,$49,$50,$51,$52,$53,$54,$55,$56,$57,$58,$59,$60,$61,$62,$63,$64,$65,$66,$67,$68,$69,$70,$71,$72,$73,$74,$75,$76,$77,$78,$79,$80,$81,$82,$83) AND FTYPE_ID IN ($84,$85,$86,$87,$88,$89,$90,$91,$92,$93,$94,$95,$96,$97,$98,$99,$100)",0,0,0,0,0,0,70,7729.274852999998,4.440084000000001,578.570335,110.41821218571425,125.39736603691165,3556060,66243,0,0,0,0,0,0,0,0,0,0,0,0,0,0,0,0,0,0,0,0,0,0,0,0,0,0,0,0,2026-08-27 15:51:27.133362+00,2026-08-27 15:51:27.133362+00
10,16384,t,8999611488358696329,"MOVE -736 IN ""query-cursor_97""",0,0,0,0,0,0,1,0.015477,0.015477,0.015477,0.015477,0,0,0,0,0,0,0,0,0,0,0,0,0,0,0,0,0,0,0,0,0,0,0,0,0,0,0,0,0,0,0,2026-08-27 15:04:15.572407+00,2026-08-27 15:04:15.572407+00
10,16384,t,5490768581554738575,"FETCH 50 IN ""query-cursor_60""",0,0,0,0,0,0,10,0.032243,0.002729,0.005606,0.0032243000000000003,0.0008091591994162829,500,0,0,0,0,0,0,0,0,0,0,0,0,0,0,0,0,0,0,0,0,0,0,0,0,0,0,0,0,0,2026-08-27 14:27:15.569384+00,2026-08-27 14:27:15.569384+00
16410,16412,t,-7317635792883442355,"SELECT LIB_FEAT_ID,FEAT_DESC,FTYPE_ID,ANONYMIZED,FEAT_HASH,VERSION,FELEM_VALUES FROM LIB_FEAT WHERE LIB_FEAT_ID IN ($1,$2,$3,$4,$5,$6,$7,$8,$9,$10,$11,$12,$13,$14,$15,$16,$17,$18,$19,$20,$21,$22,$23,$24,$25,$26,$27,$28,$29,$30,$31,$32,$33,$34,$35,$36,$37,$38,$39,$40,$41,$42,$43,$44,$45,$46,$47,$48,$49,$50,$51,$52,$53,$54,$55,$56,$57,$58,$59,$60,$61,$62,$63,$64,$65,$66,$67,$68,$69,$70,$71,$72,$73,$74,$75,$76,$77,$78,$79,$80,$81,$82,$83,$84,$85,$86,$87,$88,$89,$90,$91,$92,$93,$94,$95,$96,$97,$98,$99,$100)",0,0,0,0,0,0,1003026,430274.1429339842,0.047472999999999994,119.740005,0.42897606137227173,1.212214704794806,96671311,81138412,0,0,0,0,0,0,0,0,0,0,0,0,0,0,0,0,0,0,0,0,0,0,0,0,0,0,0,0,2026-08-27 15:50:47.819314+00,2026-08-27 15:50:47.819314+00
10,16384,t,-3124905620203391985,"MOVE ALL IN ""query-cursor_219""",0,0,0,0,0,0,1,5.322588,5.322588,5.322588,5.322588,0,0,0,0,0,0,0,0,0,0,0,0,0,0,0,0,0,0,0,0,0,0,0,0,0,0,0,0,0,0,0,2026-08-27 17:16:15.584937+00,2026-08-27 17:16:15.584937+00
16410,16412,t,-3303457294138707934,"CREATE TABLE SYS_VARS (VAR_GROUP VARCHAR(25) NOT NULL, VAR_CODE VARCHAR(25) NOT NULL, VAR_VALUE VARCHAR(25) NOT NULL, SYS_LSTUPD_DT TIMESTAMP, PRIMARY KEY(VAR_GROUP, VAR_CODE))",0,0,0,0,0,0,1,2.972105,2.972105,2.972105,2.972105,0,0,228,0,0,0,0,0,0,0,0,0,0,0,0,0,0,0,0,0,0,0,0,0,0,0,0,0,0,0,0,2026-08-27 13:29:50.099949+00,2026-08-27 13:29:50.099949+00
10,16384,t,-6908601559339966820,"FETCH 50 IN ""query-cursor_11""",0,0,0,0,0,0,3,0.01327,0.003458,0.00499,0.004423333333333334,0.0006860307735242072,150,0,0,0,0,0,0,0,0,0,0,0,0,0,0,0,0,0,0,0,0,0,0,0,0,0,0,0,0,0,2026-08-27 13:38:15.565205+00,2026-08-27 13:38:15.565205+00
16410,16412,t,-2570864583573319622,"SELECT RES_ENT_ID,LIB_FEAT_ID,FTYPE_ID,UTYPE_CODE,SUPPRESSED,OBS_ENT_CNT FROM RES_FEAT_EKEY WHERE RES_ENT_ID IN ($1,$2)",0,0,0,0,0,0,20027,3335.2074310000166,0.019282,117.906022,0.16653554855944558,1.3029949025474694,2124528,192651,0,0,0,0,0,0,0,0,0,0,0,0,0,0,0,0,0,0,0,0,0,0,0,0,0,0,0,0,2026-08-27 15:50:59.77439+00,2026-08-27 15:50:59.77439+00
10,16384,t,-6186880578410660922,"FETCH 0 IN ""query-cursor_106""",0,0,0,0,0,0,1,0.00312,0.00312,0.00312,0.00312,0,0,0,0,0,0,0,0,0,0,0,0,0,0,0,0,0,0,0,0,0,0,0,0,0,0,0,0,0,0,0,2026-08-27 15:13:15.571296+00,2026-08-27 15:13:15.571296+00
16410,16412,t,-1309502748359952683,"SELECT RES_ENT_ID,LIB_FEAT_ID,FTYPE_ID,UTYPE_CODE,SUPPRESSED,OBS_ENT_CNT FROM RES_FEAT_EKEY WHERE RES_ENT_ID IN ($1,$2,$3,$4,$5,$6,$7,$8,$9,$10,$11,$12,$13,$14,$15,$16,$17,$18,$19,$20,$21,$22,$23,$24,$25,$26,$27,$28,$29,$30,$31,$32) AND FTYPE_ID IN ($33,$34,$35,$36,$37,$38,$39,$40,$41,$42,$43,$44,$45,$46,$47)",0,0,0,0,0,0,5444,60322.21085600003,0.362161,829.812132,11.080494279206471,43.899919403746964,20040628,728697,0,0,0,0,0,0,0,0,0,0,0,0,0,0,0,0,0,0,0,0,0,0,0,0,0,0,0,0,2026-08-27 15:50:50.117768+00,2026-08-27 15:50:50.117768+00
10,16384,t,-2747254798021115537,"FETCH 31 IN ""query-cursor_56""",0,0,0,0,0,0,1,0.003115,0.003115,0.003115,0.003115,0,31,0,0,0,0,0,0,0,0,0,0,0,0,0,0,0,0,0,0,0,0,0,0,0,0,0,0,0,0,0,2026-08-27 14:23:15.570704+00,2026-08-27 14:23:15.570704+00
16410,16412,t,-5901538206680751276,"INSERT INTO SEMANTIC_VALUE(LIB_FEAT_ID,LABEL,EMBEDDING) VALUES ($1,$2,$3)",0,0,0,0,0,0,107672,135896.99883200234,0.032750999999999995,396.520689,1.2621387067390069,7.734775555491105,107672,1525346,10,0,38419,0,0,0,0,0,0,3.696396,1983.3487160000013,0,0,0,0,0,0,0,0,0,0,0,0,0,0,0,0,0,2026-08-27 15:50:46.828591+00,2026-08-27 15:50:46.828591+00
10,16384,t,-8458665154275195696,"MOVE -1704 IN ""query-cursor_156""",0,0,0,0,0,0,1,0.08274,0.08274,0.08274,0.08274,0,0,0,0,0,0,0,0,0,0,0,0,0,0,0,0,0,0,0,0,0,0,0,0,0,0,0,0,0,0,0,2026-08-27 16:05:15.80507+00,2026-08-27 16:05:15.80507+00
10,16384,t,-706723120449088892,"MOVE ALL IN ""query-cursor_228""",0,0,0,0,0,0,1,5.627403,5.627403,5.627403,5.627403,0,0,0,0,0,0,0,0,0,0,0,0,0,0,0,0,0,0,0,0,0,0,0,0,0,0,0,0,0,0,0,2026-08-27 17:25:15.585785+00,2026-08-27 17:25:15.585785+00
10,16384,t,-4598971740983133376,"FETCH 7 IN ""query-cursor_149""",0,0,0,0,0,0,1,0.001987,0.001987,0.001987,0.001987,0,7,0,0,0,0,0,0,0,0,0,0,0,0,0,0,0,0,0,0,0,0,0,0,0,0,0,0,0,0,0,2026-08-27 15:56:15.590844+00,2026-08-27 15:56:15.590844+00
10,16384,t,-2267251819669034330,"select queryid, calls, (total_plan_time + total_exec_time) as total_time, rows, shared_blks_hit, shared_blks_dirtied, shared_blks_read, shared_blks_written, local_blks_hit, local_blks_dirtied, local_blks_read, local_blks_written, temp_blks_read, temp_blks_written, storage_blks_read, orcache_blks_hit, shared_blk_read_time as blk_read_time, shared_blk_write_time as blk_write_time, storage_blk_read_time, local_blk_read_time, orcache_blk_read_time, total_plan_time, total_exec_time from aurora_stat_statements($1) where queryid in ($2, $3, $4, $5, $6, $7, $8, $9, $10, $11, $12, $13, $14, $15, $16, $17, $18, $19, $20, $21, $22, $23, $24, $25, $26, $27, $28, $29, $30, $31, $32, $33, $34, $35, $36, $37, $38, $39, $40, $41, $42, $43, $44, $45, $46, $47, $48, $49, $50, $51, $52, $53, $54, $55, $56, $57, $58, $59, $60)",0,0,0,0,0,0,2,4.3776779999999995,2.05698,2.320698,2.1888389999999998,0.13185900000000006,120,0,0,0,0,0,0,0,0,0,0,0,0,0,0,0,0,0,0,0,0,0,0,0,0,0,0,0,0,0,2026-08-27 15:59:25.638248+00,2026-08-27 15:59:25.638248+00
16410,16412,t,-3758958998140361371,CREATE SCHEMA IF NOT EXISTS perf,0,0,0,0,0,0,1,4.118229,4.118229,4.118229,4.118229,0,0,18,3,0,0,0,0,0,0,0,0,4.012385,0,0,0,0,0,0,0,0,0,0,0,0,0,0,0,0,0,0,2026-08-27 14:28:08.236312+00,2026-08-27 14:28:08.236312+00
10,16384,t,7542918060122424729,"MOVE ALL IN ""query-cursor_179""",0,0,0,0,0,0,1,5.056506,5.056506,5.056506,5.056506,0,0,0,0,0,0,0,0,0,0,0,0,0,0,0,0,0,0,0,0,0,0,0,0,0,0,0,0,0,0,0,2026-08-27 16:36:15.581747+00,2026-08-27 16:36:15.581747+00
16410,16412,t,8245012683704636222,"SELECT RES_ENT_ID,OBS_ENT_ID,ERRULE_ID,MATCH_KEY FROM RES_ENT_OKEY WHERE RES_ENT_ID IN ($1,$2,$3,$4,$5,$6,$7,$8)",0,0,0,0,0,0,113,5.731521999999999,0.017932,0.163714,0.050721433628318574,0.024112875245386578,1051,3127,0,0,0,0,0,0,0,0,0,0,0,0,0,0,0,0,0,0,0,0,0,0,0,0,0,0,0,0,2026-08-27 15:53:19.33877+00,2026-08-27 15:53:19.33877+00
10,16384,t,5702438677136522567,"FETCH 50 IN ""query-cursor_116""",0,0,0,0,0,0,16,0.052303,0.002773,0.005113,0.0032689375,0.0005662093769920716,800,0,0,0,0,0,0,0,0,0,0,0,0,0,0,0,0,0,0,0,0,0,0,0,0,0,0,0,0,0,2026-08-27 15:23:15.573967+00,2026-08-27 15:23:15.573967+00
10,16384,t,-548034259622144192,"FETCH 1 IN ""query-cursor_133""",0,0,0,0,0,0,1,0.00129,0.00129,0.00129,0.00129,0,1,0,0,0,0,0,0,0,0,0,0,0,0,0,0,0,0,0,0,0,0,0,0,0,0,0,0,0,0,0,2026-08-27 15:40:15.578803+00,2026-08-27 15:40:15.578803+00
10,16384,t,6958308882266732345,"FETCH 50 IN ""query-cursor_33""",0,0,0,0,0,0,6,0.021337000000000002,0.00308,0.004937,0.003556166666666667,0.0006548871191960405,300,0,0,0,0,0,0,0,0,0,0,0,0,0,0,0,0,0,0,0,0,0,0,0,0,0,0,0,0,0,2026-08-27 14:00:15.56715+00,2026-08-27 14:00:15.56715+00
10,16384,t,-3476324948874819393,"DECLARE ""query-cursor_159"" SCROLL CURSOR FOR select queryid, left(query, $1), calls, (total_plan_time + total_exec_time) as total_time from aurora_stat_statements($2) order by calls desc limit $3 FOR READ ONLY",0,0,0,0,0,0,1,0.054919,0.054919,0.054919,0.054919,0,0,0,0,0,0,0,0,0,0,0,0,0,0,0,0,0,0,0,0,0,0,0,0,0,0,0,0,0,0,0,2026-08-27 16:11:15.575177+00,2026-08-27 16:11:15.575177+00
16410,16412,t,-2745874374281381334,"DELETE FROM RES_ENT WHERE RES_ENT_ID IN ($1,$2,$3,$4)",0,0,0,0,0,0,41,2.7574500000000004,0.029878000000000002,0.430989,0.0672548780487805,0.06175175821144398,139,838,0,0,0,0,0,0,0,0,0,0,0,0,0,0,0,0,0,0,0,0,0,0,0,0,0,0,0,0,2026-08-27 15:57:13.003361+00,2026-08-27 15:57:13.003361+00
10,16384,t,8290254922520988000,select * from rds_get_query_stats(),0,0,0,0,0,0,246,1.1402599999999994,0.0038959999999999997,0.009542,0.004635203252032518,0.0008821244953833208,246,0,0,0,0,0,0,0,0,0,0,0,0,0,0,0,0,0,0,0,0,0,0,0,0,0,0,0,0,0,2026-08-27 13:28:15.099934+00,2026-08-27 13:28:15.099934+00
10,16384,t,-3889597114627548299,"MOVE -1951 IN ""query-cursor_192""",0,0,0,0,0,0,1,0.035929,0.035929,0.035929,0.035929,0,0,0,0,0,0,0,0,0,0,0,0,0,0,0,0,0,0,0,0,0,0,0,0,0,0,0,0,0,0,0,2026-08-27 16:49:15.583208+00,2026-08-27 16:49:15.583208+00
10,16384,t,-3269504892152285057,"MOVE ALL IN ""query-cursor_107""",0,0,0,0,0,0,1,1.660873,1.660873,1.660873,1.660873,0,0,0,0,0,0,0,0,0,0,0,0,0,0,0,0,0,0,0,0,0,0,0,0,0,0,0,0,0,0,0,2026-08-27 15:14:15.573081+00,2026-08-27 15:14:15.573081+00
10,16384,t,-5281552895721550014,"FETCH 0 IN ""query-cursor_158""",0,0,0,0,0,0,1,0.003185,0.003185,0.003185,0.003185,0,0,0,0,0,0,0,0,0,0,0,0,0,0,0,0,0,0,0,0,0,0,0,0,0,0,0,0,0,0,0,2026-08-27 16:09:15.575232+00,2026-08-27 16:09:15.575232+00
16410,16412,t,-7902104810314428316,"SELECT RES_ENT_ID,LIB_FEAT_ID,FTYPE_ID,UTYPE_CODE,SUPPRESSED,OBS_ENT_CNT FROM RES_FEAT_EKEY WHERE RES_ENT_ID IN ($1,$2,$3,$4,$5,$6,$7,$8,$9,$10,$11,$12,$13,$14,$15,$16,$17,$18,$19,$20,$21,$22,$23,$24,$25,$26,$27,$28,$29,$30,$31,$32) AND FTYPE_ID IN ($33,$34,$35,$36,$37,$38,$39,$40,$41,$42,$43,$44,$45,$46,$47,$48,$49,$50,$51,$52,$53,$54,$55,$56,$57,$58)",0,0,0,0,0,0,10,546.048864,8.136642,264.461068,54.6048864,73.04385531327365,296851,4547,0,0,0,0,0,0,0,0,0,0,0,0,0,0,0,0,0,0,0,0,0,0,0,0,0,0,0,0,2026-08-27 15:50:57.10079+00,2026-08-27 15:50:57.10079+00
10,16384,t,6980723107304580704,"DECLARE ""query-cursor_234"" SCROLL CURSOR FOR select queryid, left(query, $1), calls, (total_plan_time + total_exec_time) as total_time from aurora_stat_statements($2) order by calls desc limit $3 FOR READ ONLY",0,0,0,0,0,0,1,0.062248,0.062248,0.062248,0.062248,0,0,0,0,0,0,0,0,0,0,0,0,0,0,0,0,0,0,0,0,0,0,0,0,0,0,0,0,0,0,0,2026-08-27 17:31:15.580246+00,2026-08-27 17:31:15.580246+00
10,16384,t,-1273965837682515941,"FETCH 0 IN ""query-cursor_37""",0,0,0,0,0,0,1,0.004014,0.004014,0.004014,0.004014,0,0,0,0,0,0,0,0,0,0,0,0,0,0,0,0,0,0,0,0,0,0,0,0,0,0,0,0,0,0,0,2026-08-27 14:04:15.566612+00,2026-08-27 14:04:15.566612+00
10,16384,t,2761037230203928035,"MOVE ALL IN ""query-cursor_6""",0,0,0,0,0,0,1,0.322645,0.322645,0.322645,0.322645,0,0,0,0,0,0,0,0,0,0,0,0,0,0,0,0,0,0,0,0,0,0,0,0,0,0,0,0,0,0,0,2026-08-27 13:33:15.564675+00,2026-08-27 13:33:15.564675+00
10,16384,t,-7037142067864508538,"MOVE ALL IN ""query-cursor_162""",0,0,0,0,0,0,1,4.841491,4.841491,4.841491,4.841491,0,0,0,0,0,0,0,0,0,0,0,0,0,0,0,0,0,0,0,0,0,0,0,0,0,0,0,0,0,0,0,2026-08-27 16:16:15.580378+00,2026-08-27 16:16:15.580378+00
10,16384,t,110365183287644001,"MOVE -1849 IN ""query-cursor_175""",0,0,0,0,0,0,1,0.034539,0.034539,0.034539,0.034539,0,0,0,0,0,0,0,0,0,0,0,0,0,0,0,0,0,0,0,0,0,0,0,0,0,0,0,0,0,0,0,2026-08-27 16:32:15.581577+00,2026-08-27 16:32:15.581577+00
10,16384,t,2287538348469970840,"FETCH 50 IN ""query-cursor_209""",0,0,0,0,0,0,41,0.145731,0.002698,0.006273,0.0035544146341463414,0.0009392752259214254,2050,0,0,0,0,0,0,0,0,0,0,0,0,0,0,0,0,0,0,0,0,0,0,0,0,0,0,0,0,0,2026-08-27 17:06:15.584485+00,2026-08-27 17:06:15.584485+00
10,16384,t,577050930779325803,"MOVE -706 IN ""query-cursor_92""",0,0,0,0,0,0,1,0.015307,0.015307,0.015307,0.015307,0,0,0,0,0,0,0,0,0,0,0,0,0,0,0,0,0,0,0,0,0,0,0,0,0,0,0,0,0,0,0,2026-08-27 14:59:15.572045+00,2026-08-27 14:59:15.572045+00
10,16384,t,8849915604310037179,"FETCH 50 IN ""query-cursor_154""",0,0,0,0,0,0,33,0.43998000000000004,0.007945,0.024496,0.013332727272727274,0.003788435787168448,1650,0,0,0,0,0,0,0,0,0,0,0,0,0,0,0,0,0,0,0,0,0,0,0,0,0,0,0,0,0,2026-08-27 16:02:15.636382+00,2026-08-27 16:02:15.636382+00
10,16384,t,-108679433695357514,"MOVE ALL IN ""query-cursor_86""",0,0,0,0,0,0,1,1.474257,1.474257,1.474257,1.474257,0,0,0,0,0,0,0,0,0,0,0,0,0,0,0,0,0,0,0,0,0,0,0,0,0,0,0,0,0,0,0,2026-08-27 14:53:15.571545+00,2026-08-27 14:53:15.571545+00
16410,16412,t,-6584207587990091580,"SELECT RES_ENT_ID,LIB_FEAT_ID,FTYPE_ID,UTYPE_CODE,SUPPRESSED,OBS_ENT_CNT FROM RES_FEAT_EKEY WHERE RES_ENT_ID IN ($1,$2,$3,$4,$5,$6,$7,$8,$9,$10,$11,$12,$13,$14,$15,$16,$17,$18,$19,$20,$21,$22,$23,$24,$25,$26,$27,$28,$29,$30,$31,$32) AND FTYPE_ID IN ($33,$34,$35,$36,$37,$38,$39,$40)",0,0,0,0,0,0,584,855.5452499999998,0.171601,71.930062,1.4649747431506845,4.432094434305038,210272,50828,0,0,0,0,0,0,0,0,0,0,0,0,0,0,0,0,0,0,0,0,0,0,0,0,0,0,0,0,2026-08-27 15:50:58.885013+00,2026-08-27 15:50:58.885013+00
10,16384,t,3680755690148070897,"ALTER USER ""rdsadmin"" VALID UNTIL 'infinity'",0,0,0,0,0,0,1,0.037916,0.037916,0.037916,0.037916,0,0,3,0,0,0,0,0,0,0,0,0,0,0,0,0,0,0,0,0,0,0,0,0,0,0,0,0,0,0,0,2026-08-27 13:28:50.17048+00,2026-08-27 13:28:50.17048+00
10,16384,t,-4439820048011644292,"FETCH 27 IN ""query-cursor_104""",0,0,0,0,0,0,1,0.003186,0.003186,0.003186,0.003186,0,27,0,0,0,0,0,0,0,0,0,0,0,0,0,0,0,0,0,0,0,0,0,0,0,0,0,0,0,0,0,2026-08-27 15:11:15.575872+00,2026-08-27 15:11:15.575872+00
10,16384,t,7275727572622185462,"MOVE -712 IN ""query-cursor_93""",0,0,0,0,0,0,1,0.014783,0.014783,0.014783,0.014783,0,0,0,0,0,0,0,0,0,0,0,0,0,0,0,0,0,0,0,0,0,0,0,0,0,0,0,0,0,0,0,2026-08-27 15:00:15.572187+00,2026-08-27 15:00:15.572187+00
16410,16412,t,-8297252771886267624,SELECT CONFIG_DATA FROM SYS_CFG WHERE CONFIG_DATA_ID=$1,0,0,0,0,0,0,124,68.96673700000002,0.231624,15.751147999999999,0.556183362903226,1.3732291130865852,124,3669,0,0,0,0,0,0,0,0,0,0,0,0,0,0,0,0,0,0,0,0,0,0,0,0,0,0,0,0,2026-08-27 13:32:03.971303+00,2026-08-27 13:32:03.971303+00
16410,16412,t,5742108713384599064,"SELECT RES_ENT_ID,LIB_FEAT_ID,FTYPE_ID,UTYPE_CODE,SUPPRESSED,OBS_ENT_CNT FROM RES_FEAT_EKEY WHERE RES_ENT_ID IN ($1,$2,$3,$4,$5,$6,$7,$8,$9,$10,$11,$12,$13,$14,$15,$16,$17,$18,$19,$20,$21,$22,$23,$24,$25,$26,$27,$28,$29,$30,$31,$32) AND FTYPE_ID IN ($33,$34,$35,$36,$37,$38,$39,$40,$41,$42,$43,$44,$45,$46,$47,$48,$49,$50,$51,$52,$53,$54,$55,$56)",0,0,0,0,0,0,82,3129.0238449999993,0.823986,188.138148,38.15882737804877,43.15901918431712,2015104,30565,0,0,0,0,0,0,0,0,0,0,0,0,0,0,0,0,0,0,0,0,0,0,0,0,0,0,0,0,2026-08-27 15:50:52.543367+00,2026-08-27 15:50:52.543367+00
16410,16412,t,9178158556209458471,"INSERT INTO RES_FEAT_STAT(LIB_FEAT_ID,FTYPE_ID,NUM_RES_ENT,NUM_RES_ENT_OOM) VALUES ($1,$2,$3,$4),($5,$6,$7,$8),($9,$10,$11,$12),($13,$14,$15,$16),($17,$18,$19,$20),($21,$22,$23,$24),($25,$26,$27,$28),($29,$30,$31,$32),($33,$34,$35,$36),($37,$38,$39,$40),($41,$42,$43,$44),($45,$46,$47,$48),($49,$50,$51,$52),($53,$54,$55,$56),($57,$58,$59,$60),($61,$62,$63,$64) ON CONFLICT DO NOTHING",0,0,0,0,0,0,26361,95719.83489700004,0.141971,426.03454400000004,3.6311154697090413,11.970341705325843,421647,3604533,0,0,4396,0,0,0,0,0,0,0,177.1544420000002,0,0,0,0,0,0,0,0,0,0,0,0,0,0,0,0,0,2026-08-27 15:50:46.831214+00,2026-08-27 15:50:46.831214+00
10,16384,t,-4656591375625839286,"FETCH 50 IN ""query-cursor_3""",0,0,0,0,0,0,2,0.008145,0.003287,0.004858,0.0040725,0.0007855,100,0,0,0,0,0,0,0,0,0,0,0,0,0,0,0,0,0,0,0,0,0,0,0,0,0,0,0,0,0,2026-08-27 13:30:15.565339+00,2026-08-27 13:30:15.565339+00
10,16384,t,1737913350312042741,"FETCH 50 IN ""query-cursor_240""",0,0,0,0,0,0,44,0.164746,0.002728,0.006219,0.0037442272727272728,0.0010117733725681943,2200,0,0,0,0,0,0,0,0,0,0,0,0,0,0,0,0,0,0,0,0,0,0,0,0,0,0,0,0,0,2026-08-27 17:37:15.587055+00,2026-08-27 17:37:15.587055+00
10,16384,t,-7238479943845949426,"MOVE ALL IN ""query-cursor_138""",0,0,0,0,0,0,1,2.093001,2.093001,2.093001,2.093001,0,0,0,0,0,0,0,0,0,0,0,0,0,0,0,0,0,0,0,0,0,0,0,0,0,0,0,0,0,0,0,2026-08-27 15:45:15.575732+00,2026-08-27 15:45:15.575732+00
16410,16412,t,4171423560650417100,"SELECT RES_REL_ID,MIN_RES_ENT_ID,MAX_RES_ENT_ID,IS_DISCLOSED,IS_AMBIGUOUS,LAST_ERRULE_ID,MATCH_LEVELS,MATCH_KEY,MATCH_KEY_DETAILS FROM RES_RELATE WHERE RES_REL_ID IN ($1,$2,$3,$4,$5,$6,$7,$8,$9,$10,$11,$12,$13,$14,$15,$16,$17,$18,$19,$20,$21,$22,$23,$24,$25,$26,$27,$28,$29,$30,$31,$32)",0,0,0,0,0,0,34324,5195.907425999987,0.021134,31.844267000000002,0.15137826086703143,0.7105215952914852,775154,1669645,0,0,0,0,0,0,0,0,0,0,0,0,0,0,0,0,0,0,0,0,0,0,0,0,0,0,0,0,2026-08-27 15:51:11.786915+00,2026-08-27 15:51:11.786915+00
10,16384,t,-7291347038062226896,"FETCH 50 IN ""query-cursor_73""",0,0,0,0,0,0,11,0.036452000000000005,0.00281,0.005547,0.003313818181818182,0.0007736655159553855,550,0,0,0,0,0,0,0,0,0,0,0,0,0,0,0,0,0,0,0,0,0,0,0,0,0,0,0,0,0,2026-08-27 14:40:15.570439+00,2026-08-27 14:40:15.570439+00
16410,16412,t,3471293218990579826,"SELECT RES_ENT_ID,LIB_FEAT_ID,FTYPE_ID,UTYPE_CODE,SUPPRESSED,OBS_ENT_CNT FROM RES_FEAT_EKEY WHERE RES_ENT_ID IN ($1,$2,$3,$4,$5,$6,$7,$8,$9,$10,$11,$12,$13,$14,$15,$16,$17,$18,$19,$20,$21,$22,$23,$24,$25,$26,$27,$28,$29,$30,$31,$32,$33,$34,$35,$36,$37,$38,$39,$40,$41,$42,$43,$44,$45,$46,$47,$48,$49,$50,$51,$52,$53,$54,$55,$56,$57,$58,$59,$60,$61,$62,$63,$64,$65,$66,$67,$68,$69,$70,$71,$72,$73,$74,$75) AND FTYPE_ID IN ($76,$77,$78,$79,$80,$81,$82,$83,$84,$85,$86,$87,$88,$89,$90,$91,$92,$93,$94,$95,$96,$97,$98,$99,$100)",0,0,0,0,0,0,113,36874.26072699999,31.315135,1254.565004,326.32089138938045,208.5152565105454,17440575,248892,0,0,0,0,0,0,0,0,0,0,0,0,0,0,0,0,0,0,0,0,0,0,0,0,0,0,0,0,2026-08-27 15:52:10.83422+00,2026-08-27 15:52:10.83422+00
10,16384,t,1609290196704113652,"FETCH 0 IN ""query-cursor_225""",0,0,0,0,0,0,1,0.003636,0.003636,0.003636,0.003636,0,0,0,0,0,0,0,0,0,0,0,0,0,0,0,0,0,0,0,0,0,0,0,0,0,0,0,0,0,0,0,2026-08-27 17:22:15.579945+00,2026-08-27 17:22:15.579945+00
16410,16412,t,-4821192363531739367,UPDATE RES_ENT SET LOCK_DSRC_ACTION=$1 WHERE RES_ENT_ID=$2,0,0,0,0,0,0,2254,4587.6230819999955,0.015304000000000002,3695.00543,2.0353252360248426,78.11380956690537,2254,24812,0,0,1,0,0,0,0,0,0,0,0.009099,0,0,0,0,0,0,0,0,0,0,0,0,0,0,0,0,0,2026-08-27 15:53:03.122477+00,2026-08-27 15:53:03.122477+00
10,16384,t,3082713230117206929,"DECLARE ""query-cursor_179"" SCROLL CURSOR FOR select queryid, left(query, $1), calls, (total_plan_time + total_exec_time) as total_time from aurora_stat_statements($2) order by calls desc limit $3 FOR READ ONLY",0,0,0,0,0,0,1,0.061924,0.061924,0.061924,0.061924,0,0,0,0,0,0,0,0,0,0,0,0,0,0,0,0,0,0,0,0,0,0,0,0,0,0,0,0,0,0,0,2026-08-27 16:36:15.576597+00,2026-08-27 16:36:15.576597+00
16410,16412,t,-5843972805637823446,"UPDATE RES_FEAT_EKEY AS T SET SUPPRESSED = C.SUPPRESSED FROM (VALUES (CAST ($1 AS BIGINT),CAST ($2 AS BIGINT),$3,$4),(CAST ($5 AS BIGINT),CAST ($6 AS BIGINT),$7,$8),(CAST ($9 AS BIGINT),CAST ($10 AS BIGINT),$11,$12),(CAST ($13 AS BIGINT),CAST ($14 AS BIGINT),$15,$16),(CAST ($17 AS BIGINT),CAST ($18 AS BIGINT),$19,$20),(CAST ($21 AS BIGINT),CAST ($22 AS BIGINT),$23,$24),(CAST ($25 AS BIGINT),CAST ($26 AS BIGINT),$27,$28),(CAST ($29 AS BIGINT),CAST ($30 AS BIGINT),$31,$32),(CAST ($33 AS BIGINT),CAST ($34 AS BIGINT),$35,$36),(CAST ($37 AS BIGINT),CAST ($38 AS BIGINT),$39,$40),(CAST ($41 AS BIGINT),CAST ($42 AS BIGINT),$43,$44),(CAST ($45 AS BIGINT),CAST ($46 AS BIGINT),$47,$48),(CAST ($49 AS BIGINT),CAST ($50 AS BIGINT),$51,$52),(CAST ($53 AS BIGINT),CAST ($54 AS BIGINT),$55,$56),(CAST ($57 AS BIGINT),CAST ($58 AS BIGINT),$59,$60),(CAST ($61 AS BIGINT),CAST ($62 AS BIGINT),$63,$64),(CAST ($65 AS BIGINT),CAST ($66 AS BIGINT),$67,$68)) AS C(RES_ENT_ID,LIB_FEAT_ID,UTYPE_CODE,SUPPRESSED) WHERE C.RES_ENT_ID=T.RES_ENT_ID AND C.LIB_FEAT_ID=T.LIB_FEAT_ID AND C.UTYPE_CODE=T.UTYPE_CODE",0,0,0,0,0,0,101,373.53643799999986,0.122397,89.378552,3.6983805742574245,11.328576286265676,1717,21283,0,0,2,0,0,0,0,0,0,0,0.016434999999999998,0,0,0,0,0,0,0,0,0,0,0,0,0,0,0,0,0,2026-08-27 15:52:15.792318+00,2026-08-27 15:52:15.792318+00
10,16384,t,5159362588268813367,"FETCH 0 IN ""query-cursor_119""",0,0,0,0,0,0,1,0.0034,0.0034,0.0034,0.0034,0,0,0,0,0,0,0,0,0,0,0,0,0,0,0,0,0,0,0,0,0,0,0,0,0,0,0,0,0,0,0,2026-08-27 15:26:15.572201+00,2026-08-27 15:26:15.572201+00
10,16384,t,1655223997416527876,"FETCH 30 IN ""query-cursor_172""",0,0,0,0,0,0,1,0.002931,0.002931,0.002931,0.002931,0,30,0,0,0,0,0,0,0,0,0,0,0,0,0,0,0,0,0,0,0,0,0,0,0,0,0,0,0,0,0,2026-08-27 16:29:15.593326+00,2026-08-27 16:29:15.593326+00
10,16384,t,-2878759726956732422,"FETCH 5 IN ""query-cursor_218""",0,0,0,0,0,0,1,0.00191,0.00191,0.00191,0.00191,0,5,0,0,0,0,0,0,0,0,0,0,0,0,0,0,0,0,0,0,0,0,0,0,0,0,0,0,0,0,0,2026-08-27 17:15:15.598583+00,2026-08-27 17:15:15.598583+00
10,16384,t,7196799339271220304,"FETCH 28 IN ""query-cursor_180""",0,0,0,0,0,0,1,0.002574,0.002574,0.002574,0.002574,0,28,0,0,0,0,0,0,0,0,0,0,0,0,0,0,0,0,0,0,0,0,0,0,0,0,0,0,0,0,0,2026-08-27 16:37:15.594118+00,2026-08-27 16:37:15.594118+00
16410,16412,t,-2503826466694178796,"UPDATE RES_FEAT_EKEY AS T SET SUPPRESSED=C.SUPPRESSED,OBS_ENT_CNT=C.OBS_ENT_CNT FROM (VALUES (CAST ($1 AS BIGINT),CAST ($2 AS BIGINT),$3,$4,CAST ($5 AS BIGINT)),(CAST ($6 AS BIGINT),CAST ($7 AS BIGINT),$8,$9,CAST ($10 AS BIGINT)),(CAST ($11 AS BIGINT),CAST ($12 AS BIGINT),$13,$14,CAST ($15 AS BIGINT)),(CAST ($16 AS BIGINT),CAST ($17 AS BIGINT),$18,$19,CAST ($20 AS BIGINT)),(CAST ($21 AS BIGINT),CAST ($22 AS BIGINT),$23,$24,CAST ($25 AS BIGINT)),(CAST ($26 AS BIGINT),CAST ($27 AS BIGINT),$28,$29,CAST ($30 AS BIGINT)),(CAST ($31 AS BIGINT),CAST ($32 AS BIGINT),$33,$34,CAST ($35 AS BIGINT)),(CAST ($36 AS BIGINT),CAST ($37 AS BIGINT),$38,$39,CAST ($40 AS BIGINT))) AS C(RES_ENT_ID,LIB_FEAT_ID,UTYPE_CODE,SUPPRESSED,OBS_ENT_CNT) WHERE C.RES_ENT_ID=T.RES_ENT_ID AND C.LIB_FEAT_ID=T.LIB_FEAT_ID AND C.UTYPE_CODE=T.UTYPE_CODE",0,0,0,0,0,0,1256,3141.188357000002,0.091103,114.954795,2.5009461441082816,8.318155084445165,10048,124513,0,0,11,0,0,0,0,0,0,0,0.11255799999999999,0,0,0,0,0,0,0,0,0,0,0,0,0,0,0,0,0,2026-08-27 15:51:18.20843+00,2026-08-27 15:51:18.20843+00
16410,16412,t,373796634726008082,"UPDATE RES_RELATE AS T SET IS_DISCLOSED=C.IS_DISCLOSED,IS_AMBIGUOUS=C.IS_AMBIGUOUS,LAST_ERRULE_ID=C.LAST_ERRULE_ID,MATCH_KEY=C.MATCH_KEY,MATCH_KEY_DETAILS=C.MATCH_KEY_DETAILS,MATCH_LEVELS=C.MATCH_LEVELS FROM (VALUES (CAST ($1 AS BIGINT),CAST ($2 AS BIGINT),CAST ($3 AS BIGINT),CAST ($4 AS BIGINT),$5,$6,$7)) AS C(RES_REL_ID,IS_DISCLOSED,IS_AMBIGUOUS,LAST_ERRULE_ID,MATCH_KEY,MATCH_KEY_DETAILS,MATCH_LEVELS) WHERE C.RES_REL_ID=T.RES_REL_ID",0,0,0,0,0,0,30823,6661.971253999998,0.007135000000000001,55.994353,0.21613636745287604,1.2838942437267844,30818,351481,0,0,2934,0,0,0,0,0,0,0,127.60478399999973,0,0,0,0,0,0,0,0,0,0,0,0,0,0,0,0,0,2026-08-27 15:50:58.782373+00,2026-08-27 15:50:58.782373+00
10,16384,t,-8210113071678480632,"MOVE -868 IN ""query-cursor_119""",0,0,0,0,0,0,1,0.017631,0.017631,0.017631,0.017631,0,0,0,0,0,0,0,0,0,0,0,0,0,0,0,0,0,0,0,0,0,0,0,0,0,0,0,0,0,0,0,2026-08-27 15:26:15.574155+00,2026-08-27 15:26:15.574155+00
16410,16412,t,-5587554776601588073,"SELECT RES_ENT_ID,LIB_FEAT_ID,FTYPE_ID,UTYPE_CODE,SUPPRESSED,OBS_ENT_CNT FROM RES_FEAT_EKEY WHERE RES_ENT_ID IN ($1,$2,$3,$4) AND FTYPE_ID IN ($5,$6,$7,$8,$9,$10,$11,$12,$13,$14,$15,$16,$17,$18,$19)",0,0,0,0,0,0,8571,3774.5169489999885,0.042914999999999995,58.991539,0.440382329833157,1.949001437432601,1960760,141960,0,0,0,0,0,0,0,0,0,0,0,0,0,0,0,0,0,0,0,0,0,0,0,0,0,0,0,0,2026-08-27 15:50:47.531986+00,2026-08-27 15:50:47.531986+00
10,16384,t,809914903098493717,"FETCH 15 IN ""query-cursor_228""",0,0,0,0,0,0,1,0.002364,0.002364,0.002364,0.002364,0,15,0,0,0,0,0,0,0,0,0,0,0,0,0,0,0,0,0,0,0,0,0,0,0,0,0,0,0,0,0,2026-08-27 17:25:15.599089+00,2026-08-27 17:25:15.599089+00
16410,16412,t,-4601428709734355571,"SELECT RES_ENT_ID,LIB_FEAT_ID,FTYPE_ID,UTYPE_CODE,SUPPRESSED,OBS_ENT_CNT FROM RES_FEAT_EKEY WHERE RES_ENT_ID IN ($1,$2,$3,$4) AND FTYPE_ID IN ($5,$6,$7,$8,$9,$10,$11,$12,$13,$14,$15,$16,$17,$18,$19,$20,$21)",0,0,0,0,0,0,998,978.2839989999998,0.048563999999999996,121.509609,0.9802444879759517,5.132703487664027,757792,22628,0,0,0,0,0,0,0,0,0,0,0,0,0,0,0,0,0,0,0,0,0,0,0,0,0,0,0,0,2026-08-27 15:50:47.513282+00,2026-08-27 15:50:47.513282+00
10,16384,t,6062641078355914408,"FETCH 0 IN ""query-cursor_35""",0,0,0,0,0,0,1,0.003562,0.003562,0.003562,0.003562,0,0,0,0,0,0,0,0,0,0,0,0,0,0,0,0,0,0,0,0,0,0,0,0,0,0,0,0,0,0,0,2026-08-27 14:02:15.566452+00,2026-08-27 14:02:15.566452+00
10,16384,t,1505233717341310999,"FETCH 47 IN ""query-cursor_42""",0,0,0,0,0,0,1,0.004454,0.004454,0.004454,0.004454,0,47,0,0,0,0,0,0,0,0,0,0,0,0,0,0,0,0,0,0,0,0,0,0,0,0,0,0,0,0,0,2026-08-27 14:09:15.569403+00,2026-08-27 14:09:15.569403+00
16410,16412,t,483461964739243505,"SELECT RES_ENT_ID,LIB_FEAT_ID,FTYPE_ID,UTYPE_CODE,SUPPRESSED,OBS_ENT_CNT FROM RES_FEAT_EKEY WHERE RES_ENT_ID IN ($1,$2,$3,$4,$5,$6,$7,$8,$9,$10,$11,$12,$13,$14,$15,$16,$17,$18,$19,$20,$21,$22,$23,$24,$25,$26,$27,$28,$29,$30,$31,$32) AND FTYPE_ID IN ($33,$34,$35,$36,$37,$38,$39)",0,0,0,0,0,0,2557,4805.906267999997,0.23888600000000001,61.5925,1.8795096863511915,4.952021080976052,1237871,236289,0,0,0,0,0,0,0,0,0,0,0,0,0,0,0,0,0,0,0,0,0,0,0,0,0,0,0,0,2026-08-27 15:53:47.109995+00,2026-08-27 15:53:47.109995+00
10,16384,t,1572284331861968063,"MOVE -646 IN ""query-cursor_82""",0,0,0,0,0,0,1,0.013943,0.013943,0.013943,0.013943,0,0,0,0,0,0,0,0,0,0,0,0,0,0,0,0,0,0,0,0,0,0,0,0,0,0,0,0,0,0,0,2026-08-27 14:49:15.571359+00,2026-08-27 14:49:15.571359+00
10,16384,t,-661088431209006249,SELECT count(*) FROM pg_replication_slots where slot_type = $1,0,0,0,0,0,0,512,3.297376000000001,0.0031360000000000003,0.021027,0.006440187500000002,0.00197723449347504,512,0,0,0,0,0,0,0,0,0,0,0,0,0,0,0,0,0,0,0,0,0,0,0,0,0,0,0,0,0,2026-08-27 13:27:26.284549+00,2026-08-27 13:27:26.284549+00
10,16384,t,-502296902091961137,"FETCH 46 IN ""query-cursor_183""",0,0,0,0,0,0,1,0.003444,0.003444,0.003444,0.003444,0,46,0,0,0,0,0,0,0,0,0,0,0,0,0,0,0,0,0,0,0,0,0,0,0,0,0,0,0,0,0,2026-08-27 16:40:15.594479+00,2026-08-27 16:40:15.594479+00
10,16384,t,2956899225716965809,"FETCH 4 IN ""query-cursor_18""",0,0,0,0,0,0,1,0.001566,0.001566,0.001566,0.001566,0,4,0,0,0,0,0,0,0,0,0,0,0,0,0,0,0,0,0,0,0,0,0,0,0,0,0,0,0,0,0,2026-08-27 13:45:15.566984+00,2026-08-27 13:45:15.566984+00
16410,16412,t,-6070784172706055097,"INSERT INTO LIB_FEAT(LIB_FEAT_ID,FTYPE_ID,FEAT_HASH,FEAT_DESC,FELEM_VALUES,ANONYMIZED,VERSION) VALUES ($1,$2,$3,$4,$5,$6,$7),($8,$9,$10,$11,$12,$13,$14),($15,$16,$17,$18,$19,$20,$21),($22,$23,$24,$25,$26,$27,$28),($29,$30,$31,$32,$33,$34,$35) ON CONFLICT(FTYPE_ID,FEAT_HASH,ANONYMIZED) DO UPDATE SET FTYPE_ID=LIB_FEAT.FTYPE_ID,FEAT_HASH=LIB_FEAT.FEAT_HASH,ANONYMIZED=LIB_FEAT.ANONYMIZED RETURNING LIB_FEAT_ID,FTYPE_ID,FEAT_HASH,ANONYMIZED,FEAT_DESC",0,0,0,0,0,0,112471,1627743.535525014,0.115853,1379.479074,14.472562131794097,40.704538818574825,562355,8962581,0,0,95662,0,0,0,0,0,0,0,1662.0807019999995,0,0,0,0,0,0,0,0,0,0,0,0,0,0,0,0,0,2026-08-27 15:50:46.827904+00,2026-08-27 15:50:46.827904+00
10,16384,t,-687066980111242938,"DECLARE ""query-cursor_98"" SCROLL CURSOR FOR select queryid, left(query, $1), calls, (total_plan_time + total_exec_time) as total_time from aurora_stat_statements($2) order by calls desc limit $3 FOR READ ONLY",0,0,0,0,0,0,1,0.06612,0.06612,0.06612,0.06612,0,0,0,0,0,0,0,0,0,0,0,0,0,0,0,0,0,0,0,0,0,0,0,0,0,0,0,0,0,0,0,2026-08-27 15:05:15.570789+00,2026-08-27 15:05:15.570789+00
10,16384,t,498256542966833942,"FETCH 23 IN ""query-cursor_120""",0,0,0,0,0,0,1,0.002111,0.002111,0.002111,0.002111,0,23,0,0,0,0,0,0,0,0,0,0,0,0,0,0,0,0,0,0,0,0,0,0,0,0,0,0,0,0,0,2026-08-27 15:27:15.577335+00,2026-08-27 15:27:15.577335+00
10,16384,t,-2177150430542118156,"FETCH 0 IN ""query-cursor_88""",0,0,0,0,0,0,1,0.003834,0.003834,0.003834,0.003834,0,0,0,0,0,0,0,0,0,0,0,0,0,0,0,0,0,0,0,0,0,0,0,0,0,0,0,0,0,0,0,2026-08-27 14:55:15.57011+00,2026-08-27 14:55:15.57011+00
10,16384,t,-4349732718416800468,"FETCH 0 IN ""query-cursor_194""",0,0,0,0,0,0,1,0.003453,0.003453,0.003453,0.003453,0,0,0,0,0,0,0,0,0,0,0,0,0,0,0,0,0,0,0,0,0,0,0,0,0,0,0,0,0,0,0,2026-08-27 16:51:15.577705+00,2026-08-27 16:51:15.577705+00
10,16384,t,-8833403857018317491,"MOVE ALL IN ""query-cursor_227""",0,0,0,0,0,0,1,5.620157,5.620157,5.620157,5.620157,0,0,0,0,0,0,0,0,0,0,0,0,0,0,0,0,0,0,0,0,0,0,0,0,0,0,0,0,0,0,0,2026-08-27 17:24:15.585753+00,2026-08-27 17:24:15.585753+00
16410,16412,t,92761215252602675,"SELECT RES_ENT_ID,ENT_STATE,LOCKING_ID FROM RES_ENT WHERE RES_ENT_ID IN ($1)",0,0,0,0,0,0,5082304,98047.25048800632,0.002925,54.273317,0.01929189015218419,0.21051026822010457,4072410,19949870,0,0,0,0,0,0,0,0,0,0,0,0,0,0,0,0,0,0,0,0,0,0,0,0,0,0,0,0,2026-08-27 15:50:46.843818+00,2026-08-27 15:50:46.843818+00
10,16384,t,6828449434042981340,"DECLARE ""query-cursor_204"" SCROLL CURSOR FOR select queryid, left(query, $1), calls, (total_plan_time + total_exec_time) as total_time from aurora_stat_statements($2) order by calls desc limit $3 FOR READ ONLY",0,0,0,0,0,0,1,0.061169,0.061169,0.061169,0.061169,0,0,0,0,0,0,0,0,0,0,0,0,0,0,0,0,0,0,0,0,0,0,0,0,0,0,0,0,0,0,0,2026-08-27 17:01:15.578379+00,2026-08-27 17:01:15.578379+00
10,16384,t,-4042008523835260034,"MOVE ALL IN ""query-cursor_229""",0,0,0,0,0,0,1,5.679413,5.679413,5.679413,5.679413,0,0,0,0,0,0,0,0,0,0,0,0,0,0,0,0,0,0,0,0,0,0,0,0,0,0,0,0,0,0,0,2026-08-27 17:26:15.585918+00,2026-08-27 17:26:15.585918+00
10,16384,t,6535364525916862781,"FETCH 0 IN ""query-cursor_236""",0,0,0,0,0,0,1,0.003625,0.003625,0.003625,0.003625,0,0,0,0,0,0,0,0,0,0,0,0,0,0,0,0,0,0,0,0,0,0,0,0,0,0,0,0,0,0,0,2026-08-27 17:33:15.580648+00,2026-08-27 17:33:15.580648+00
10,16384,t,4856186283137597585,"MOVE -386 IN ""query-cursor_40""",0,0,0,0,0,0,1,0.009449,0.009449,0.009449,0.009449,0,0,0,0,0,0,0,0,0,0,0,0,0,0,0,0,0,0,0,0,0,0,0,0,0,0,0,0,0,0,0,2026-08-27 14:07:15.567725+00,2026-08-27 14:07:15.567725+00
10,16384,t,-1440658146374697307,"MOVE -2124 IN ""query-cursor_221""",0,0,0,0,0,0,1,0.039621,0.039621,0.039621,0.039621,0,0,0,0,0,0,0,0,0,0,0,0,0,0,0,0,0,0,0,0,0,0,0,0,0,0,0,0,0,0,0,2026-08-27 17:18:15.584829+00,2026-08-27 17:18:15.584829+00
16410,16412,t,-5787218782907765817,"SELECT RES_ENT_ID,REL_ENT_ID,RES_REL_ID FROM RES_REL_EKEY WHERE RES_ENT_ID IN ($1,$2,$3,$4)",0,0,0,0,0,0,61311,8772.712809000046,0.009955,57.484695,0.14308546278808118,0.9476527432036663,3832040,2951906,0,0,0,0,0,0,0,0,0,0,0,0,0,0,0,0,0,0,0,0,0,0,0,0,0,0,0,0,2026-08-27 15:51:01.916214+00,2026-08-27 15:51:01.916214+00
16410,16412,t,1609344817803484276,"UPDATE RES_FEAT_EKEY AS T SET SUPPRESSED=C.SUPPRESSED,OBS_ENT_CNT=C.OBS_ENT_CNT FROM (VALUES (CAST ($1 AS BIGINT),CAST ($2 AS BIGINT),$3,$4,CAST ($5 AS BIGINT)),(CAST ($6 AS BIGINT),CAST ($7 AS BIGINT),$8,$9,CAST ($10 AS BIGINT))) AS C(RES_ENT_ID,LIB_FEAT_ID,UTYPE_CODE,SUPPRESSED,OBS_ENT_CNT) WHERE C.RES_ENT_ID=T.RES_ENT_ID AND C.LIB_FEAT_ID=T.LIB_FEAT_ID AND C.UTYPE_CODE=T.UTYPE_CODE",0,0,0,0,0,0,531,258.04729899999984,0.038355999999999994,32.379464,0.4859647815442558,2.1729531929465664,1062,14623,0,0,1,0,0,0,0,0,0,0,0.007257,0,0,0,0,0,0,0,0,0,0,0,0,0,0,0,0,0,2026-08-27 15:51:36.47573+00,2026-08-27 15:51:36.47573+00
16410,16412,t,-5701365681937567689,"SELECT RES_ENT_ID,LIB_FEAT_ID,FTYPE_ID,UTYPE_CODE,SUPPRESSED,OBS_ENT_CNT FROM RES_FEAT_EKEY WHERE RES_ENT_ID IN ($1,$2,$3,$4,$5,$6,$7,$8) AND FTYPE_ID IN ($9,$10,$11,$12,$13,$14,$15,$16,$17,$18,$19,$20)",0,0,0,0,0,0,10522,12232.902863000021,0.05794,219.527837,1.1626024389849858,5.357342517294998,5176618,353270,0,0,0,0,0,0,0,0,0,0,0,0,0,0,0,0,0,0,0,0,0,0,0,0,0,0,0,0,2026-08-27 15:50:47.64264+00,2026-08-27 15:50:47.64264+00
10,16384,t,5226685582369462295,"FETCH 0 IN ""query-cursor_45""",0,0,0,0,0,0,1,0.003646,0.003646,0.003646,0.003646,0,0,0,0,0,0,0,0,0,0,0,0,0,0,0,0,0,0,0,0,0,0,0,0,0,0,0,0,0,0,0,2026-08-27 14:12:15.567149+00,2026-08-27 14:12:15.567149+00
16410,16412,t,6313861768614848832,DELETE FROM RES_FEAT_EKEY WHERE ((RES_ENT_ID=$1 AND LIB_FEAT_ID=$2 AND UTYPE_CODE=$3)OR(RES_ENT_ID=$4 AND LIB_FEAT_ID=$5 AND UTYPE_CODE=$6)OR(RES_ENT_ID=$7 AND LIB_FEAT_ID=$8 AND UTYPE_CODE=$9)OR(RES_ENT_ID=$10 AND LIB_FEAT_ID=$11 AND UTYPE_CODE=$12)OR(RES_ENT_ID=$13 AND LIB_FEAT_ID=$14 AND UTYPE_CODE=$15)OR(RES_ENT_ID=$16 AND LIB_FEAT_ID=$17 AND UTYPE_CODE=$18)OR(RES_ENT_ID=$19 AND LIB_FEAT_ID=$20 AND UTYPE_CODE=$21)OR(RES_ENT_ID=$22 AND LIB_FEAT_ID=$23 AND UTYPE_CODE=$24)OR(RES_ENT_ID=$25 AND LIB_FEAT_ID=$26 AND UTYPE_CODE=$27)OR(RES_ENT_ID=$28 AND LIB_FEAT_ID=$29 AND UTYPE_CODE=$30)OR(RES_ENT_ID=$31 AND LIB_FEAT_ID=$32 AND UTYPE_CODE=$33)OR(RES_ENT_ID=$34 AND LIB_FEAT_ID=$35 AND UTYPE_CODE=$36)OR(RES_ENT_ID=$37 AND LIB_FEAT_ID=$38 AND UTYPE_CODE=$39)OR(RES_ENT_ID=$40 AND LIB_FEAT_ID=$41 AND UTYPE_CODE=$42)OR(RES_ENT_ID=$43 AND LIB_FEAT_ID=$44 AND UTYPE_CODE=$45)OR(RES_ENT_ID=$46 AND LIB_FEAT_ID=$47 AND UTYPE_CODE=$48)OR(RES_ENT_ID=$49 AND LIB_FEAT_ID=$50 AND UTYPE_CODE=$51)OR(RES_ENT_ID=$52 AND LIB_FEAT_ID=$53 AND UTYPE_CODE=$54)OR(RES_ENT_ID=$55 AND LIB_FEAT_ID=$56 AND UTYPE_CODE=$57)OR(RES_ENT_ID=$58 AND LIB_FEAT_ID=$59 AND UTYPE_CODE=$60)OR(RES_ENT_ID=$61 AND LIB_FEAT_ID=$62 AND UTYPE_CODE=$63)OR(RES_ENT_ID=$64 AND LIB_FEAT_ID=$65 AND UTYPE_CODE=$66)OR(RES_ENT_ID=$67 AND LIB_FEAT_ID=$68 AND UTYPE_CODE=$69)OR(RES_ENT_ID=$70 AND LIB_FEAT_ID=$71 AND UTYPE_CODE=$72)OR(RES_ENT_ID=$73 AND LIB_FEAT_ID=$74 AND UTYPE_CODE=$75)OR(RES_ENT_ID=$76 AND LIB_FEAT_ID=$77 AND UTYPE_CODE=$78)OR(RES_ENT_ID=$79 AND LIB_FEAT_ID=$80 AND UTYPE_CODE=$81)OR(RES_ENT_ID=$82 AND LIB_FEAT_ID=$83 AND UTYPE_CODE=$84)OR(RES_ENT_ID=$85 AND LIB_FEAT_ID=$86 AND UTYPE_CODE=$87)),0,0,0,0,0,0,199,409.39209100000005,0.07817600000000001,39.059388,2.0572466884422114,6.8131468892440985,5539,28766,0,0,0,0,0,0,0,0,0,0,0,0,0,0,0,0,0,0,0,0,0,0,0,0,0,0,0,0,2026-08-27 15:52:59.29417+00,2026-08-27 15:52:59.29417+00
10,16384,t,-5127821163893445075,"MOVE -832 IN ""query-cursor_113""",0,0,0,0,0,0,1,0.016922,0.016922,0.016922,0.016922,0,0,0,0,0,0,0,0,0,0,0,0,0,0,0,0,0,0,0,0,0,0,0,0,0,0,0,0,0,0,0,2026-08-27 15:20:15.57371+00,2026-08-27 15:20:15.57371+00
10,16384,t,-9083367784208220492,"FETCH 50 IN ""query-cursor_59""",0,0,0,0,0,0,10,0.033139,0.002841,0.004937,0.0033139000000000003,0.0005902991529724569,500,0,0,0,0,0,0,0,0,0,0,0,0,0,0,0,0,0,0,0,0,0,0,0,0,0,0,0,0,0,2026-08-27 14:26:15.569292+00,2026-08-27 14:26:15.569292+00
10,16384,t,6556657132141880057,"FETCH 50 IN ""query-cursor_27""",0,0,0,0,0,0,6,0.020846,0.003125,0.004402,0.003474333333333333,0.00044419202554250745,300,0,0,0,0,0,0,0,0,0,0,0,0,0,0,0,0,0,0,0,0,0,0,0,0,0,0,0,0,0,2026-08-27 13:54:15.566606+00,2026-08-27 13:54:15.566606+00
16410,16412,t,7289625077629806937,"SELECT RES_ENT_ID,LIB_FEAT_ID,FTYPE_ID,UTYPE_CODE,SUPPRESSED,OBS_ENT_CNT FROM RES_FEAT_EKEY WHERE RES_ENT_ID IN ($1,$2,$3,$4,$5,$6,$7,$8) AND FTYPE_ID IN ($9,$10,$11,$12,$13,$14,$15,$16,$17,$18)",0,0,0,0,0,0,29321,12976.27134300008,0.052846000000000004,54.315769,0.44255896262065003,1.7392803506003531,4204734,885273,0,0,0,0,0,0,0,0,0,0,0,0,0,0,0,0,0,0,0,0,0,0,0,0,0,0,0,0,2026-08-27 15:50:48.328159+00,2026-08-27 15:50:48.328159+00
10,16384,t,-3369482775702887927,"MOVE -622 IN ""query-cursor_78""",0,0,0,0,0,0,1,0.013056,0.013056,0.013056,0.013056,0,0,0,0,0,0,0,0,0,0,0,0,0,0,0,0,0,0,0,0,0,0,0,0,0,0,0,0,0,0,0,2026-08-27 14:45:15.57085+00,2026-08-27 14:45:15.57085+00
16410,16412,t,5784091757722810162,"SELECT f.metric, f.value - b.value AS delta
FROM perf.snap_scalar f JOIN perf.snap_scalar b USING (metric)
WHERE f.label=$1 AND b.label=$2
ORDER BY f.metric",0,0,0,0,0,0,1,0.050525,0.050525,0.050525,0.050525,0,14,2,0,0,0,0,0,0,0,0,0,0,0,0,0,0,0,0,0,0,0,0,0,0,0,0,0,0,0,0,2026-08-27 17:43:04.442373+00,2026-08-27 17:43:04.442373+00
10,16384,t,2294335425133773279,"MOVE ALL IN ""query-cursor_152""",0,0,0,0,0,0,1,79.195082,79.195082,79.195082,79.195082,0,0,0,0,0,0,0,0,0,0,0,0,0,0,0,0,0,0,0,0,0,0,0,0,0,0,0,0,0,0,0,2026-08-27 16:00:16.15485+00,2026-08-27 16:00:16.15485+00
10,16384,t,-7085763595441209823,"FETCH 50 IN ""query-cursor_225""",0,0,0,0,0,0,42,0.155434,0.002726,0.007096,0.0037008095238095238,0.001075536261328788,2100,0,0,0,0,0,0,0,0,0,0,0,0,0,0,0,0,0,0,0,0,0,0,0,0,0,0,0,0,0,2026-08-27 17:22:15.585498+00,2026-08-27 17:22:15.585498+00
10,16384,t,-7630332900015767086,"FETCH 0 IN ""query-cursor_208""",0,0,0,0,0,0,1,0.003538,0.003538,0.003538,0.003538,0,0,0,0,0,0,0,0,0,0,0,0,0,0,0,0,0,0,0,0,0,0,0,0,0,0,0,0,0,0,0,2026-08-27 17:05:15.578735+00,2026-08-27 17:05:15.578735+00
10,16384,t,4236503566642171990,"MOVE -125 IN ""query-cursor_4""",0,0,0,0,0,0,1,0.004155,0.004155,0.004155,0.004155,0,0,0,0,0,0,0,0,0,0,0,0,0,0,0,0,0,0,0,0,0,0,0,0,0,0,0,0,0,0,0,2026-08-27 13:31:15.564588+00,2026-08-27 13:31:15.564588+00
10,16384,t,2663462780488004347,"FETCH 0 IN ""query-cursor_65""",0,0,0,0,0,0,1,0.003688,0.003688,0.003688,0.003688,0,0,0,0,0,0,0,0,0,0,0,0,0,0,0,0,0,0,0,0,0,0,0,0,0,0,0,0,0,0,0,2026-08-27 14:32:15.568494+00,2026-08-27 14:32:15.568494+00
10,16384,t,5287019794524382126,"FETCH 6 IN ""query-cursor_13""",0,0,0,0,0,0,1,0.001658,0.001658,0.001658,0.001658,0,6,0,0,0,0,0,0,0,0,0,0,0,0,0,0,0,0,0,0,0,0,0,0,0,0,0,0,0,0,0,2026-08-27 13:40:15.566269+00,2026-08-27 13:40:15.566269+00
10,16384,t,8215734257809366524,"DECLARE ""query-cursor_5"" SCROLL CURSOR FOR select queryid, left(query, $1), calls, (total_plan_time + total_exec_time) as total_time from aurora_stat_statements($2) order by calls desc limit $3 FOR READ ONLY",0,0,0,0,0,0,1,0.063288,0.063288,0.063288,0.063288,0,0,0,0,0,0,0,0,0,0,0,0,0,0,0,0,0,0,0,0,0,0,0,0,0,0,0,0,0,0,0,2026-08-27 13:32:15.564238+00,2026-08-27 13:32:15.564238+00
10,16384,t,8294518625341205277,"FETCH 0 IN ""query-cursor_211""",0,0,0,0,0,0,1,0.004126,0.004126,0.004126,0.004126,0,0,0,0,0,0,0,0,0,0,0,0,0,0,0,0,0,0,0,0,0,0,0,0,0,0,0,0,0,0,0,2026-08-27 17:08:15.579126+00,2026-08-27 17:08:15.579126+00
10,16384,t,5158008173617707473,"MOVE ALL IN ""query-cursor_36""",0,0,0,0,0,0,1,0.783046,0.783046,0.783046,0.783046,0,0,0,0,0,0,0,0,0,0,0,0,0,0,0,0,0,0,0,0,0,0,0,0,0,0,0,0,0,0,0,2026-08-27 14:03:15.567306+00,2026-08-27 14:03:15.567306+00
10,16384,t,-270855755569380705,"MOVE -58 IN ""query-cursor_1""",0,0,0,0,0,0,1,0.003184,0.003184,0.003184,0.003184,0,0,0,0,0,0,0,0,0,0,0,0,0,0,0,0,0,0,0,0,0,0,0,0,0,0,0,0,0,0,0,2026-08-27 13:28:15.56199+00,2026-08-27 13:28:15.56199+00
10,16384,t,-1939861772634473665,"DECLARE ""query-cursor_157"" SCROLL CURSOR FOR select queryid, left(query, $1), calls, (total_plan_time + total_exec_time) as total_time from aurora_stat_statements($2) order by calls desc limit $3 FOR READ ONLY",0,0,0,0,0,0,1,0.069592,0.069592,0.069592,0.069592,0,0,0,0,0,0,0,0,0,0,0,0,0,0,0,0,0,0,0,0,0,0,0,0,0,0,0,0,0,0,0,2026-08-27 16:07:15.57502+00,2026-08-27 16:07:15.57502+00
16410,16412,t,-3572882386334079800,"SELECT dr.record_id, reo.obs_ent_id, reo.res_ent_id
FROM   res_ent_okey reo
LEFT JOIN obs_ent oe       ON oe.obs_ent_id = reo.obs_ent_id
LEFT JOIN dsrc_record dr   ON dr.dsrc_id = oe.dsrc_id AND dr.ent_src_key = oe.ent_src_key
WHERE  dr.record_id IS NULL",0,0,0,0,0,0,1,1264.992557,1264.992557,1264.992557,1264.992557,0,0,5016995,0,0,0,0,0,0,0,20019,20160,0,0,0,0,30.807432,31.260963,0,0,0,0,0,0,0,0,0,0,0,0,0,2026-08-27 17:43:08.816974+00,2026-08-27 17:43:08.816974+00
16410,16412,t,3891217315826241612,"UPDATE RES_RELATE AS T SET IS_DISCLOSED=C.IS_DISCLOSED,IS_AMBIGUOUS=C.IS_AMBIGUOUS,LAST_ERRULE_ID=C.LAST_ERRULE_ID,MATCH_KEY=C.MATCH_KEY,MATCH_KEY_DETAILS=C.MATCH_KEY_DETAILS,MATCH_LEVELS=C.MATCH_LEVELS FROM (VALUES (CAST ($1 AS BIGINT),CAST ($2 AS BIGINT),CAST ($3 AS BIGINT),CAST ($4 AS BIGINT),$5,$6,$7),(CAST ($8 AS BIGINT),CAST ($9 AS BIGINT),CAST ($10 AS BIGINT),CAST ($11 AS BIGINT),$12,$13,$14),(CAST ($15 AS BIGINT),CAST ($16 AS BIGINT),CAST ($17 AS BIGINT),CAST ($18 AS BIGINT),$19,$20,$21),(CAST ($22 AS BIGINT),CAST ($23 AS BIGINT),CAST ($24 AS BIGINT),CAST ($25 AS BIGINT),$26,$27,$28),(CAST ($29 AS BIGINT),CAST ($30 AS BIGINT),CAST ($31 AS BIGINT),CAST ($32 AS BIGINT),$33,$34,$35),(CAST ($36 AS BIGINT),CAST ($37 AS BIGINT),CAST ($38 AS BIGINT),CAST ($39 AS BIGINT),$40,$41,$42),(CAST ($43 AS BIGINT),CAST ($44 AS BIGINT),CAST ($45 AS BIGINT),CAST ($46 AS BIGINT),$47,$48,$49),(CAST ($50 AS BIGINT),CAST ($51 AS BIGINT),CAST ($52 AS BIGINT),CAST ($53 AS BIGINT),$54,$55,$56),(CAST ($57 AS BIGINT),CAST ($58 AS BIGINT),CAST ($59 AS BIGINT),CAST ($60 AS BIGINT),$61,$62,$63),(CAST ($64 AS BIGINT),CAST ($65 AS BIGINT),CAST ($66 AS BIGINT),CAST ($67 AS BIGINT),$68,$69,$70),(CAST ($71 AS BIGINT),CAST ($72 AS BIGINT),CAST ($73 AS BIGINT),CAST ($74 AS BIGINT),$75,$76,$77),(CAST ($78 AS BIGINT),CAST ($79 AS BIGINT),CAST ($80 AS BIGINT),CAST ($81 AS BIGINT),$82,$83,$84),(CAST ($85 AS BIGINT),CAST ($86 AS BIGINT),CAST ($87 AS BIGINT),CAST ($88 AS BIGINT),$89,$90,$91),(CAST ($92 AS BIGINT),CAST ($93 AS BIGINT),CAST ($94 AS BIGINT),CAST ($95 AS BIGINT),$96,$97,$98)) AS C(RES_REL_ID,IS_DISCLOSED,IS_AMBIGUOUS,LAST_ERRULE_ID,MATCH_KEY,MATCH_KEY_DETAILS,MATCH_LEVELS) WHERE C.RES_REL_ID=T.RES_REL_ID",0,0,0,0,0,0,717,1914.1542250000002,0.139961,171.11574199999998,2.6696711645746167,9.810561506299495,10036,121082,0,0,687,0,0,0,0,0,0,0,28.904067000000037,0,0,0,0,0,0,0,0,0,0,0,0,0,0,0,0,0,2026-08-27 15:52:01.18124+00,2026-08-27 15:52:01.18124+00
16410,16412,t,-8213623825313782722,DELETE FROM RES_FEAT_EKEY WHERE ((RES_ENT_ID=$1 AND LIB_FEAT_ID=$2 AND UTYPE_CODE=$3)OR(RES_ENT_ID=$4 AND LIB_FEAT_ID=$5 AND UTYPE_CODE=$6)OR(RES_ENT_ID=$7 AND LIB_FEAT_ID=$8 AND UTYPE_CODE=$9)OR(RES_ENT_ID=$10 AND LIB_FEAT_ID=$11 AND UTYPE_CODE=$12)OR(RES_ENT_ID=$13 AND LIB_FEAT_ID=$14 AND UTYPE_CODE=$15)OR(RES_ENT_ID=$16 AND LIB_FEAT_ID=$17 AND UTYPE_CODE=$18)OR(RES_ENT_ID=$19 AND LIB_FEAT_ID=$20 AND UTYPE_CODE=$21)OR(RES_ENT_ID=$22 AND LIB_FEAT_ID=$23 AND UTYPE_CODE=$24)OR(RES_ENT_ID=$25 AND LIB_FEAT_ID=$26 AND UTYPE_CODE=$27)OR(RES_ENT_ID=$28 AND LIB_FEAT_ID=$29 AND UTYPE_CODE=$30)OR(RES_ENT_ID=$31 AND LIB_FEAT_ID=$32 AND UTYPE_CODE=$33)OR(RES_ENT_ID=$34 AND LIB_FEAT_ID=$35 AND UTYPE_CODE=$36)OR(RES_ENT_ID=$37 AND LIB_FEAT_ID=$38 AND UTYPE_CODE=$39)OR(RES_ENT_ID=$40 AND LIB_FEAT_ID=$41 AND UTYPE_CODE=$42)OR(RES_ENT_ID=$43 AND LIB_FEAT_ID=$44 AND UTYPE_CODE=$45)OR(RES_ENT_ID=$46 AND LIB_FEAT_ID=$47 AND UTYPE_CODE=$48)OR(RES_ENT_ID=$49 AND LIB_FEAT_ID=$50 AND UTYPE_CODE=$51)OR(RES_ENT_ID=$52 AND LIB_FEAT_ID=$53 AND UTYPE_CODE=$54)OR(RES_ENT_ID=$55 AND LIB_FEAT_ID=$56 AND UTYPE_CODE=$57)),0,0,0,0,0,0,436,505.3364239999999,0.045792,46.132789,1.1590284954128438,4.6886819575574,8119,41597,0,0,0,0,0,0,0,0,0,0,0,0,0,0,0,0,0,0,0,0,0,0,0,0,0,0,0,0,2026-08-27 15:51:08.493683+00,2026-08-27 15:51:08.493683+00
10,16384,t,2364092584587340075,"MOVE -2058 IN ""query-cursor_210""",0,0,0,0,0,0,1,0.038906,0.038906,0.038906,0.038906,0,0,0,0,0,0,0,0,0,0,0,0,0,0,0,0,0,0,0,0,0,0,0,0,0,0,0,0,0,0,0,2026-08-27 17:07:15.58435+00,2026-08-27 17:07:15.58435+00
10,16384,t,-9200803875893278089,"MOVE ALL IN ""query-cursor_109""",0,0,0,0,0,0,1,1.745918,1.745918,1.745918,1.745918,0,0,0,0,0,0,0,0,0,0,0,0,0,0,0,0,0,0,0,0,0,0,0,0,0,0,0,0,0,0,0,2026-08-27 15:16:15.57336+00,2026-08-27 15:16:15.57336+00
10,16384,t,-1474444146649906488,"MOVE -200 IN ""query-cursor_12""",0,0,0,0,0,0,1,0.005864,0.005864,0.005864,0.005864,0,0,0,0,0,0,0,0,0,0,0,0,0,0,0,0,0,0,0,0,0,0,0,0,0,0,0,0,0,0,0,2026-08-27 13:39:15.565238+00,2026-08-27 13:39:15.565238+00
10,16384,t,-8467516012372928762,"DECLARE ""query-cursor_116"" SCROLL CURSOR FOR select queryid, left(query, $1), calls, (total_plan_time + total_exec_time) as total_time from aurora_stat_statements($2) order by calls desc limit $3 FOR READ ONLY",0,0,0,0,0,0,1,0.06322,0.06322,0.06322,0.06322,0,0,0,0,0,0,0,0,0,0,0,0,0,0,0,0,0,0,0,0,0,0,0,0,0,0,0,0,0,0,0,2026-08-27 15:23:15.571972+00,2026-08-27 15:23:15.571972+00
16410,16412,t,-8291736161797498644,"SELECT RES_ENT_ID,LIB_FEAT_ID,FTYPE_ID,UTYPE_CODE,SUPPRESSED,OBS_ENT_CNT FROM RES_FEAT_EKEY WHERE RES_ENT_ID IN ($1) AND FTYPE_ID IN ($2,$3,$4,$5,$6,$7,$8,$9,$10,$11,$12,$13,$14,$15,$16,$17,$18,$19,$20,$21,$22,$23,$24,$25,$26,$27,$28,$29,$30,$31,$32,$33,$34,$35,$36,$37,$38,$39,$40,$41,$42,$43,$44,$45,$46,$47,$48,$49,$50,$51,$52,$53,$54,$55,$56)",0,0,0,0,0,0,19,2.004324,0.005337,0.979847,0.10549073684210526,0.22215045791104876,43,113,0,0,0,0,0,0,0,0,0,0,0,0,0,0,0,0,0,0,0,0,0,0,0,0,0,0,0,0,2026-08-27 15:51:25.933658+00,2026-08-27 15:51:25.933658+00
10,16384,t,2471451855429506791,"FETCH 3 IN ""query-cursor_156""",0,0,0,0,0,0,1,0.002997,0.002997,0.002997,0.002997,0,3,0,0,0,0,0,0,0,0,0,0,0,0,0,0,0,0,0,0,0,0,0,0,0,0,0,0,0,0,0,2026-08-27 16:05:15.825944+00,2026-08-27 16:05:15.825944+00
10,16384,t,1160922463381201285,"FETCH 50 IN ""query-cursor_19""",0,0,0,0,0,0,5,0.017595,0.003036,0.004817,0.003519,0.0006637803853685346,250,0,0,0,0,0,0,0,0,0,0,0,0,0,0,0,0,0,0,0,0,0,0,0,0,0,0,0,0,0,2026-08-27 13:46:15.565974+00,2026-08-27 13:46:15.565974+00
10,1,t,-1342905154215104636,"SELECT E.NAME, X.EXTVERSION, X.EXTVERSION=E.DEFAULT_VERSION IS_DEFAULT_VERSION
FROM PG_CATALOG.PG_AVAILABLE_EXTENSIONS() E INNER JOIN PG_EXTENSION X ON (E.NAME=X.EXTNAME)",0,0,0,0,0,0,1,2.684414,2.684414,2.684414,2.684414,0,1,1,1,0,0,0,0,0,0,0,0,1.439653,0,0,0,0,0,0,0,0,0,0,0,0,0,0,0,0,0,0,2026-08-27 13:45:00.499741+00,2026-08-27 13:45:00.499741+00
16410,16412,t,5504594372967424894,SELECT pg_advisory_lock($1),0,0,0,0,0,0,1406,15761024.998066997,0.0020719999999999996,59999.490938,11209.83285780014,16028.884837902984,1406,0,0,0,0,0,0,0,0,0,0,0,0,0,0,0,0,0,0,0,0,0,0,0,0,0,0,0,0,0,2026-08-27 15:51:35.962623+00,2026-08-27 15:51:35.962623+00
10,16384,t,3298969741106801714,"DECLARE ""query-cursor_237"" SCROLL CURSOR FOR select queryid, left(query, $1), calls, (total_plan_time + total_exec_time) as total_time from aurora_stat_statements($2) order by calls desc limit $3 FOR READ ONLY",0,0,0,0,0,0,1,0.065657,0.065657,0.065657,0.065657,0,0,0,0,0,0,0,0,0,0,0,0,0,0,0,0,0,0,0,0,0,0,0,0,0,0,0,0,0,0,0,2026-08-27 17:34:15.580725+00,2026-08-27 17:34:15.580725+00
16410,16412,t,2098497899145152856,"SELECT RES_ENT_ID,LIB_FEAT_ID,FTYPE_ID,UTYPE_CODE,SUPPRESSED,OBS_ENT_CNT FROM RES_FEAT_EKEY WHERE RES_ENT_ID IN ($1,$2,$3,$4,$5,$6,$7,$8) AND FTYPE_ID IN ($9,$10,$11,$12,$13,$14,$15,$16,$17,$18,$19,$20,$21,$22)",0,0,0,0,0,0,12957,10514.210915999998,0.06622499999999999,181.80764299999998,0.811469546654318,3.1210689237321043,5036806,387290,0,0,0,0,0,0,0,0,0,0,0,0,0,0,0,0,0,0,0,0,0,0,0,0,0,0,0,0,2026-08-27 15:50:47.806229+00,2026-08-27 15:50:47.806229+00
10,16384,t,-750649927524930222,"FETCH 0 IN ""query-cursor_71""",0,0,0,0,0,0,1,0.003922,0.003922,0.003922,0.003922,0,0,0,0,0,0,0,0,0,0,0,0,0,0,0,0,0,0,0,0,0,0,0,0,0,0,0,0,0,0,0,2026-08-27 14:38:15.568883+00,2026-08-27 14:38:15.568883+00
10,16384,t,566308370528018249,"MOVE -2154 IN ""query-cursor_226""",0,0,0,0,0,0,1,0.03978,0.03978,0.03978,0.03978,0,0,0,0,0,0,0,0,0,0,0,0,0,0,0,0,0,0,0,0,0,0,0,0,0,0,0,0,0,0,0,2026-08-27 17:23:15.585742+00,2026-08-27 17:23:15.585742+00
16410,16412,t,-5393638002273043592,"INSERT INTO RES_RELATE(RES_REL_ID,MIN_RES_ENT_ID,MAX_RES_ENT_ID,IS_DISCLOSED,IS_AMBIGUOUS,LAST_ERRULE_ID,MATCH_KEY,MATCH_KEY_DETAILS,MATCH_LEVELS) VALUES ($1,$2,$3,$4,$5,$6,$7,$8,$9),($10,$11,$12,$13,$14,$15,$16,$17,$18),($19,$20,$21,$22,$23,$24,$25,$26,$27),($28,$29,$30,$31,$32,$33,$34,$35,$36),($37,$38,$39,$40,$41,$42,$43,$44,$45),($46,$47,$48,$49,$50,$51,$52,$53,$54),($55,$56,$57,$58,$59,$60,$61,$62,$63),($64,$65,$66,$67,$68,$69,$70,$71,$72) ON CONFLICT DO NOTHING",0,0,0,0,0,0,2705,6524.406111000001,0.088117,213.43179600000002,2.411980078003697,9.131878861998796,21640,176423,0,0,1024,0,0,0,0,0,0,0,78.47294300000003,0,0,0,0,0,0,0,0,0,0,0,0,0,0,0,0,0,2026-08-27 15:51:00.983754+00,2026-08-27 15:51:00.983754+00
10,16384,t,6067355882737726603,"FETCH 19 IN ""query-cursor_111""",0,0,0,0,0,0,1,0.002098,0.002098,0.002098,0.002098,0,19,0,0,0,0,0,0,0,0,0,0,0,0,0,0,0,0,0,0,0,0,0,0,0,0,0,0,0,0,0,2026-08-27 15:18:15.576485+00,2026-08-27 15:18:15.576485+00
16410,16412,t,3662942330804535788,"SELECT LIB_FEAT_ID,FTYPE_ID,UTYPE_CODE,SUPPRESSED,OBS_ENT_CNT FROM RES_FEAT_EKEY WHERE RES_ENT_ID=$1 AND LIB_FEAT_ID IN ($2,$3,$4,$5,$6,$7,$8,$9,$10,$11,$12,$13,$14,$15,$16,$17,$18,$19,$20,$21,$22,$23,$24,$25,$26,$27,$28,$29,$30,$31,$32,$33,$34,$35,$36,$37,$38,$39,$40,$41,$42,$43,$44,$45,$46,$47,$48,$49,$50,$51,$52,$53,$54,$55,$56,$57,$58,$59,$60,$61,$62,$63,$64,$65)",0,0,0,0,0,0,8234,2023.2448180000065,0.08456899999999999,25.553899,0.2457183407821237,0.7451660747003281,76434,1494172,0,0,0,0,0,0,0,0,0,0,0,0,0,0,0,0,0,0,0,0,0,0,0,0,0,0,0,0,2026-08-27 15:52:00.124456+00,2026-08-27 15:52:00.124456+00
10,16384,t,-5570486025607194934,"FETCH 0 IN ""query-cursor_8""",0,0,0,0,0,0,1,0.004206,0.004206,0.004206,0.004206,0,0,0,0,0,0,0,0,0,0,0,0,0,0,0,0,0,0,0,0,0,0,0,0,0,0,0,0,0,0,0,2026-08-27 13:35:15.5645+00,2026-08-27 13:35:15.5645+00
10,16384,t,-7672663732827116741,"DECLARE ""query-cursor_185"" SCROLL CURSOR FOR select queryid, left(query, $1), calls, (total_plan_time + total_exec_time) as total_time from aurora_stat_statements($2) order by calls desc limit $3 FOR READ ONLY",0,0,0,0,0,0,1,0.070917,0.070917,0.070917,0.070917,0,0,0,0,0,0,0,0,0,0,0,0,0,0,0,0,0,0,0,0,0,0,0,0,0,0,0,0,0,0,0,2026-08-27 16:42:15.577208+00,2026-08-27 16:42:15.577208+00
10,16384,t,-2545013436033151621,"DECLARE ""query-cursor_56"" SCROLL CURSOR FOR select queryid, left(query, $1), calls, (total_plan_time + total_exec_time) as total_time from aurora_stat_statements($2) order by calls desc limit $3 FOR READ ONLY",0,0,0,0,0,0,1,0.06908,0.06908,0.06908,0.06908,0,0,0,0,0,0,0,0,0,0,0,0,0,0,0,0,0,0,0,0,0,0,0,0,0,0,0,0,0,0,0,2026-08-27 14:23:15.56789+00,2026-08-27 14:23:15.56789+00
16410,16412,t,6055879352680488953,"SELECT RES_ENT_ID,LIB_FEAT_ID,FTYPE_ID,UTYPE_CODE,SUPPRESSED,OBS_ENT_CNT FROM RES_FEAT_EKEY WHERE RES_ENT_ID IN ($1,$2) AND FTYPE_ID IN ($3,$4,$5,$6,$7,$8,$9,$10,$11,$12,$13,$14,$15,$16,$17,$18,$19,$20,$21,$22,$23,$24,$25)",0,0,0,0,0,0,9,4.994079,0.087216,2.9130800000000003,0.5548976666666667,0.8411718233760437,4496,102,0,0,0,0,0,0,0,0,0,0,0,0,0,0,0,0,0,0,0,0,0,0,0,0,0,0,0,0,2026-08-27 15:50:54.716774+00,2026-08-27 15:50:54.716774+00
10,16384,t,5261688288896710461,"FETCH 50 IN ""query-cursor_234""",0,0,0,0,0,0,44,0.15767400000000004,0.002677,0.006414,0.0035835000000000007,0.0009361394491109846,2200,0,0,0,0,0,0,0,0,0,0,0,0,0,0,0,0,0,0,0,0,0,0,0,0,0,0,0,0,0,2026-08-27 17:31:15.585839+00,2026-08-27 17:31:15.585839+00
16410,16412,t,-8580253655048637661,SELECT COUNT(*) FROM RES_ENT_OKEY,0,0,0,0,0,0,65,17544.696411,0.004559,1364.644039,269.9184063230769,339.2347549688147,65,325044,0,0,0,0,0,0,0,0,0,0,0,0,0,0,0,0,0,0,0,0,0,0,0,0,0,0,0,0,2026-08-27 15:50:46.80036+00,2026-08-27 15:50:46.80036+00
10,16384,t,7419166907318541018,"FETCH 0 IN ""query-cursor_138""",0,0,0,0,0,0,1,0.003757,0.003757,0.003757,0.003757,0,0,0,0,0,0,0,0,0,0,0,0,0,0,0,0,0,0,0,0,0,0,0,0,0,0,0,0,0,0,0,2026-08-27 15:45:15.57359+00,2026-08-27 15:45:15.57359+00
16410,16412,t,108456945316397155,"CREATE TABLE IF NOT EXISTS perf.snap_scalar (
  label       text        NOT NULL,
  captured_at timestamptz NOT NULL DEFAULT now(),
  metric      text        NOT NULL,
  value       numeric
)",0,0,0,0,0,0,1,8.656258,8.656258,8.656258,8.656258,0,0,358,1,0,1,0,0,0,0,0,0,3.279503,0.003449,0,0,0,0,0,0,0,0,0,0,0,0,0,0,0,0,0,2026-08-27 14:28:08.247409+00,2026-08-27 14:28:08.247409+00
10,16384,t,6295773584465139302,"DECLARE ""query-cursor_91"" SCROLL CURSOR FOR select queryid, left(query, $1), calls, (total_plan_time + total_exec_time) as total_time from aurora_stat_statements($2) order by calls desc limit $3 FOR READ ONLY",0,0,0,0,0,0,1,0.059696,0.059696,0.059696,0.059696,0,0,0,0,0,0,0,0,0,0,0,0,0,0,0,0,0,0,0,0,0,0,0,0,0,0,0,0,0,0,0,2026-08-27 14:58:15.570302+00,2026-08-27 14:58:15.570302+00
10,16384,t,6518889512858556854,"MOVE ALL IN ""query-cursor_209""",0,0,0,0,0,0,1,5.544879,5.544879,5.544879,5.544879,0,0,0,0,0,0,0,0,0,0,0,0,0,0,0,0,0,0,0,0,0,0,0,0,0,0,0,0,0,0,0,2026-08-27 17:06:15.584355+00,2026-08-27 17:06:15.584355+00
10,16384,t,-1738020715333993650,"FETCH 50 IN ""query-cursor_44""",0,0,0,0,0,0,8,0.025963999999999997,0.002709,0.005467,0.0032454999999999997,0.0008553133928566767,400,0,0,0,0,0,0,0,0,0,0,0,0,0,0,0,0,0,0,0,0,0,0,0,0,0,0,0,0,0,2026-08-27 14:11:15.567999+00,2026-08-27 14:11:15.567999+00
10,16384,t,-6447179967587810146,"MOVE ALL IN ""query-cursor_59""",0,0,0,0,0,0,1,1.044204,1.044204,1.044204,1.044204,0,0,0,0,0,0,0,0,0,0,0,0,0,0,0,0,0,0,0,0,0,0,0,0,0,0,0,0,0,0,0,2026-08-27 14:26:15.5692+00,2026-08-27 14:26:15.5692+00
10,16384,t,-3806991193749498863,"FETCH 25 IN ""query-cursor_137""",0,0,0,0,0,0,1,0.002739,0.002739,0.002739,0.002739,0,25,0,0,0,0,0,0,0,0,0,0,0,0,0,0,0,0,0,0,0,0,0,0,0,0,0,0,0,0,0,2026-08-27 15:44:15.579176+00,2026-08-27 15:44:15.579176+00
10,16384,t,-4227356311383499504,"MOVE ALL IN ""query-cursor_57""",0,0,0,0,0,0,1,1.049958,1.049958,1.049958,1.049958,0,0,0,0,0,0,0,0,0,0,0,0,0,0,0,0,0,0,0,0,0,0,0,0,0,0,0,0,0,0,0,2026-08-27 14:24:15.569098+00,2026-08-27 14:24:15.569098+00
10,16384,t,2056625663082874387,"MOVE ALL IN ""query-cursor_213""",0,0,0,0,0,0,1,5.351329,5.351329,5.351329,5.351329,0,0,0,0,0,0,0,0,0,0,0,0,0,0,0,0,0,0,0,0,0,0,0,0,0,0,0,0,0,0,0,2026-08-27 17:10:15.58447+00,2026-08-27 17:10:15.58447+00
16410,16412,t,-6129920994971838639,DELETE FROM RES_FEAT_EKEY WHERE ((RES_ENT_ID=$1 AND LIB_FEAT_ID=$2 AND UTYPE_CODE=$3)OR(RES_ENT_ID=$4 AND LIB_FEAT_ID=$5 AND UTYPE_CODE=$6)OR(RES_ENT_ID=$7 AND LIB_FEAT_ID=$8 AND UTYPE_CODE=$9)OR(RES_ENT_ID=$10 AND LIB_FEAT_ID=$11 AND UTYPE_CODE=$12)OR(RES_ENT_ID=$13 AND LIB_FEAT_ID=$14 AND UTYPE_CODE=$15)OR(RES_ENT_ID=$16 AND LIB_FEAT_ID=$17 AND UTYPE_CODE=$18)OR(RES_ENT_ID=$19 AND LIB_FEAT_ID=$20 AND UTYPE_CODE=$21)OR(RES_ENT_ID=$22 AND LIB_FEAT_ID=$23 AND UTYPE_CODE=$24)OR(RES_ENT_ID=$25 AND LIB_FEAT_ID=$26 AND UTYPE_CODE=$27)OR(RES_ENT_ID=$28 AND LIB_FEAT_ID=$29 AND UTYPE_CODE=$30)OR(RES_ENT_ID=$31 AND LIB_FEAT_ID=$32 AND UTYPE_CODE=$33)OR(RES_ENT_ID=$34 AND LIB_FEAT_ID=$35 AND UTYPE_CODE=$36)OR(RES_ENT_ID=$37 AND LIB_FEAT_ID=$38 AND UTYPE_CODE=$39)OR(RES_ENT_ID=$40 AND LIB_FEAT_ID=$41 AND UTYPE_CODE=$42)OR(RES_ENT_ID=$43 AND LIB_FEAT_ID=$44 AND UTYPE_CODE=$45)OR(RES_ENT_ID=$46 AND LIB_FEAT_ID=$47 AND UTYPE_CODE=$48)OR(RES_ENT_ID=$49 AND LIB_FEAT_ID=$50 AND UTYPE_CODE=$51)),0,0,0,0,0,0,481,677.0356019999991,0.046271,77.612024,1.4075584241164223,6.076751535874521,8097,41355,0,0,0,0,0,0,0,0,0,0,0,0,0,0,0,0,0,0,0,0,0,0,0,0,0,0,0,0,2026-08-27 15:51:40.087156+00,2026-08-27 15:51:40.087156+00
10,16384,t,7471684123155172612,"FETCH 50 IN ""query-cursor_86""",0,0,0,0,0,0,13,0.040789000000000006,0.002735,0.004918,0.003137615384615385,0.0005603135850659585,650,0,0,0,0,0,0,0,0,0,0,0,0,0,0,0,0,0,0,0,0,0,0,0,0,0,0,0,0,0,2026-08-27 14:53:15.571639+00,2026-08-27 14:53:15.571639+00
10,16384,t,2819390221599555460,"FETCH 50 IN ""query-cursor_220""",0,0,0,0,0,0,42,0.16081099999999995,0.002758,0.007819,0.003828833333333332,0.0011241913266383475,2100,0,0,0,0,0,0,0,0,0,0,0,0,0,0,0,0,0,0,0,0,0,0,0,0,0,0,0,0,0,2026-08-27 17:17:15.584909+00,2026-08-27 17:17:15.584909+00
16410,16412,t,-5718885773490364501,"UPDATE RES_FEAT_EKEY AS T SET SUPPRESSED=C.SUPPRESSED,OBS_ENT_CNT=C.OBS_ENT_CNT FROM (VALUES (CAST ($1 AS BIGINT),CAST ($2 AS BIGINT),$3,$4,CAST ($5 AS BIGINT)),(CAST ($6 AS BIGINT),CAST ($7 AS BIGINT),$8,$9,CAST ($10 AS BIGINT)),(CAST ($11 AS BIGINT),CAST ($12 AS BIGINT),$13,$14,CAST ($15 AS BIGINT)),(CAST ($16 AS BIGINT),CAST ($17 AS BIGINT),$18,$19,CAST ($20 AS BIGINT)),(CAST ($21 AS BIGINT),CAST ($22 AS BIGINT),$23,$24,CAST ($25 AS BIGINT)),(CAST ($26 AS BIGINT),CAST ($27 AS BIGINT),$28,$29,CAST ($30 AS BIGINT)),(CAST ($31 AS BIGINT),CAST ($32 AS BIGINT),$33,$34,CAST ($35 AS BIGINT)),(CAST ($36 AS BIGINT),CAST ($37 AS BIGINT),$38,$39,CAST ($40 AS BIGINT)),(CAST ($41 AS BIGINT),CAST ($42 AS BIGINT),$43,$44,CAST ($45 AS BIGINT)),(CAST ($46 AS BIGINT),CAST ($47 AS BIGINT),$48,$49,CAST ($50 AS BIGINT)),(CAST ($51 AS BIGINT),CAST ($52 AS BIGINT),$53,$54,CAST ($55 AS BIGINT)),(CAST ($56 AS BIGINT),CAST ($57 AS BIGINT),$58,$59,CAST ($60 AS BIGINT)),(CAST ($61 AS BIGINT),CAST ($62 AS BIGINT),$63,$64,CAST ($65 AS BIGINT)),(CAST ($66 AS BIGINT),CAST ($67 AS BIGINT),$68,$69,CAST ($70 AS BIGINT)),(CAST ($71 AS BIGINT),CAST ($72 AS BIGINT),$73,$74,CAST ($75 AS BIGINT))) AS C(RES_ENT_ID,LIB_FEAT_ID,UTYPE_CODE,SUPPRESSED,OBS_ENT_CNT) WHERE C.RES_ENT_ID=T.RES_ENT_ID AND C.LIB_FEAT_ID=T.LIB_FEAT_ID AND C.UTYPE_CODE=T.UTYPE_CODE",0,0,0,0,0,0,269,1252.2880840000005,0.127187,88.256586,4.655346037174723,14.156528023056536,4035,55882,0,0,11,0,0,0,0,0,0,0,0.07802100000000001,0,0,0,0,0,0,0,0,0,0,0,0,0,0,0,0,0,2026-08-27 15:51:19.485674+00,2026-08-27 15:51:19.485674+00
16410,16412,t,2886128047129609024,"CREATE TABLE RES_RELATE (RES_REL_ID BIGINT NOT NULL, MIN_RES_ENT_ID BIGINT NOT NULL, MAX_RES_ENT_ID BIGINT NOT NULL, LAST_ERRULE_ID SMALLINT, IS_DISCLOSED SMALLINT, IS_AMBIGUOUS SMALLINT, MATCH_KEY TEXT, MATCH_KEY_DETAILS TEXT, MATCH_LEVELS VARCHAR(50), PRIMARY KEY(RES_REL_ID))",0,0,0,0,0,0,1,6.114282,6.114282,6.114282,6.114282,0,0,373,0,0,0,0,0,0,0,0,0,0,0,0,0,0,0,0,0,0,0,0,0,0,0,0,0,0,0,0,2026-08-27 13:29:50.056688+00,2026-08-27 13:29:50.056688+00
10,16384,t,2385654411060396269,"FETCH 7 IN ""query-cursor_134""",0,0,0,0,0,0,1,0.001743,0.001743,0.001743,0.001743,0,7,0,0,0,0,0,0,0,0,0,0,0,0,0,0,0,0,0,0,0,0,0,0,0,0,0,0,0,0,0,2026-08-27 15:41:15.578696+00,2026-08-27 15:41:15.578696+00
10,16384,t,174941781045635946,"MOVE -446 IN ""query-cursor_50""",0,0,0,0,0,0,1,0.010286,0.010286,0.010286,0.010286,0,0,0,0,0,0,0,0,0,0,0,0,0,0,0,0,0,0,0,0,0,0,0,0,0,0,0,0,0,0,0,2026-08-27 14:17:15.568517+00,2026-08-27 14:17:15.568517+00
16410,16412,t,-3395262018977523438,"SELECT OBS_ENT_ID,RES_ENT_ID FROM RES_ENT_OKEY WHERE OBS_ENT_ID IN ($1,$2,$3,$4,$5,$6,$7,$8)",0,0,0,0,0,0,121,6.0745510000000005,0.023386,0.190832,0.05020290082644629,0.01986128312226811,712,2957,0,0,0,0,0,0,0,0,0,0,0,0,0,0,0,0,0,0,0,0,0,0,0,0,0,0,0,0,2026-08-27 15:55:37.001598+00,2026-08-27 15:55:37.001598+00
10,16384,t,5623102610853463449,"FETCH 0 IN ""query-cursor_89""",0,0,0,0,0,0,1,0.003426,0.003426,0.003426,0.003426,0,0,0,0,0,0,0,0,0,0,0,0,0,0,0,0,0,0,0,0,0,0,0,0,0,0,0,0,0,0,0,2026-08-27 14:56:15.570103+00,2026-08-27 14:56:15.570103+00
16410,16412,t,1494777381154811551,"SELECT RES_ENT_ID,ENT_STATE,LOCKING_ID FROM RES_ENT WHERE RES_ENT_ID IN ($1,$2,$3,$4)",0,0,0,0,0,0,134080,7449.287926000013,0.010689,75.64607600000001,0.05555853166766119,0.49732655469871867,463101,1893551,0,0,0,0,0,0,0,0,0,0,0,0,0,0,0,0,0,0,0,0,0,0,0,0,0,0,0,0,2026-08-27 15:50:47.163705+00,2026-08-27 15:50:47.163705+00
10,16384,t,-6187268101934265704,"FETCH 50 IN ""query-cursor_9""",0,0,0,0,0,0,3,0.016663999999999998,0.002951,0.009605,0.005554666666666666,0.0029027070507066715,150,0,0,0,0,0,0,0,0,0,0,0,0,0,0,0,0,0,0,0,0,0,0,0,0,0,0,0,0,0,2026-08-27 13:36:15.565083+00,2026-08-27 13:36:15.565083+00
10,16384,t,-1093115628509659699,"FETCH 50 IN ""query-cursor_115""",0,0,0,0,0,0,16,0.051748,0.002673,0.005629,0.00323425,0.0007021647331645189,800,0,0,0,0,0,0,0,0,0,0,0,0,0,0,0,0,0,0,0,0,0,0,0,0,0,0,0,0,0,2026-08-27 15:22:15.573842+00,2026-08-27 15:22:15.573842+00
16410,16412,t,-5986735337596896367,"INSERT INTO RES_REL_EKEY(RES_REL_ID,RES_ENT_ID,REL_ENT_ID) VALUES ($1,$2,$3),($4,$5,$6),($7,$8,$9),($10,$11,$12),($13,$14,$15),($16,$17,$18),($19,$20,$21),($22,$23,$24),($25,$26,$27),($28,$29,$30),($31,$32,$33),($34,$35,$36),($37,$38,$39),($40,$41,$42),($43,$44,$45),($46,$47,$48),($49,$50,$51),($52,$53,$54),($55,$56,$57),($58,$59,$60),($61,$62,$63),($64,$65,$66),($67,$68,$69) ON CONFLICT DO NOTHING",0,0,0,0,0,0,72,275.3365649999998,0.206647,53.746963,3.8241189583333304,10.055725123430276,1656,13290,0,0,8,0,0,0,0,0,0,0,0.06035800000000001,0,0,0,0,0,0,0,0,0,0,0,0,0,0,0,0,0,2026-08-27 15:52:28.754141+00,2026-08-27 15:52:28.754141+00
10,16384,t,1305090209940991256,"MOVE -610 IN ""query-cursor_76""",0,0,0,0,0,0,1,0.01338,0.01338,0.01338,0.01338,0,0,0,0,0,0,0,0,0,0,0,0,0,0,0,0,0,0,0,0,0,0,0,0,0,0,0,0,0,0,0,2026-08-27 14:43:15.570658+00,2026-08-27 14:43:15.570658+00
10,16384,t,-1191766631187999641,"MOVE ALL IN ""query-cursor_194""",0,0,0,0,0,0,1,5.100429,5.100429,5.100429,5.100429,0,0,0,0,0,0,0,0,0,0,0,0,0,0,0,0,0,0,0,0,0,0,0,0,0,0,0,0,0,0,0,2026-08-27 16:51:15.582854+00,2026-08-27 16:51:15.582854+00
10,16384,t,6236077984612221281,"MOVE -604 IN ""query-cursor_75""",0,0,0,0,0,0,1,0.023671,0.023671,0.023671,0.023671,0,0,0,0,0,0,0,0,0,0,0,0,0,0,0,0,0,0,0,0,0,0,0,0,0,0,0,0,0,0,0,2026-08-27 14:42:15.57062+00,2026-08-27 14:42:15.57062+00
16410,16412,t,-9168611900938025749,DELETE FROM RES_FEAT_EKEY WHERE ((RES_ENT_ID=$1 AND LIB_FEAT_ID=$2 AND UTYPE_CODE=$3)OR(RES_ENT_ID=$4 AND LIB_FEAT_ID=$5 AND UTYPE_CODE=$6)OR(RES_ENT_ID=$7 AND LIB_FEAT_ID=$8 AND UTYPE_CODE=$9)OR(RES_ENT_ID=$10 AND LIB_FEAT_ID=$11 AND UTYPE_CODE=$12)OR(RES_ENT_ID=$13 AND LIB_FEAT_ID=$14 AND UTYPE_CODE=$15)OR(RES_ENT_ID=$16 AND LIB_FEAT_ID=$17 AND UTYPE_CODE=$18)OR(RES_ENT_ID=$19 AND LIB_FEAT_ID=$20 AND UTYPE_CODE=$21)OR(RES_ENT_ID=$22 AND LIB_FEAT_ID=$23 AND UTYPE_CODE=$24)OR(RES_ENT_ID=$25 AND LIB_FEAT_ID=$26 AND UTYPE_CODE=$27)OR(RES_ENT_ID=$28 AND LIB_FEAT_ID=$29 AND UTYPE_CODE=$30)OR(RES_ENT_ID=$31 AND LIB_FEAT_ID=$32 AND UTYPE_CODE=$33)OR(RES_ENT_ID=$34 AND LIB_FEAT_ID=$35 AND UTYPE_CODE=$36)OR(RES_ENT_ID=$37 AND LIB_FEAT_ID=$38 AND UTYPE_CODE=$39)OR(RES_ENT_ID=$40 AND LIB_FEAT_ID=$41 AND UTYPE_CODE=$42)OR(RES_ENT_ID=$43 AND LIB_FEAT_ID=$44 AND UTYPE_CODE=$45)OR(RES_ENT_ID=$46 AND LIB_FEAT_ID=$47 AND UTYPE_CODE=$48)OR(RES_ENT_ID=$49 AND LIB_FEAT_ID=$50 AND UTYPE_CODE=$51)OR(RES_ENT_ID=$52 AND LIB_FEAT_ID=$53 AND UTYPE_CODE=$54)OR(RES_ENT_ID=$55 AND LIB_FEAT_ID=$56 AND UTYPE_CODE=$57)OR(RES_ENT_ID=$58 AND LIB_FEAT_ID=$59 AND UTYPE_CODE=$60)OR(RES_ENT_ID=$61 AND LIB_FEAT_ID=$62 AND UTYPE_CODE=$63)OR(RES_ENT_ID=$64 AND LIB_FEAT_ID=$65 AND UTYPE_CODE=$66)OR(RES_ENT_ID=$67 AND LIB_FEAT_ID=$68 AND UTYPE_CODE=$69)OR(RES_ENT_ID=$70 AND LIB_FEAT_ID=$71 AND UTYPE_CODE=$72)OR(RES_ENT_ID=$73 AND LIB_FEAT_ID=$74 AND UTYPE_CODE=$75)OR(RES_ENT_ID=$76 AND LIB_FEAT_ID=$77 AND UTYPE_CODE=$78)OR(RES_ENT_ID=$79 AND LIB_FEAT_ID=$80 AND UTYPE_CODE=$81)),0,0,0,0,0,0,219,462.77777899999967,0.098577,69.192507,2.113140543378994,8.01459753308922,5779,29431,0,0,0,0,0,0,0,0,0,0,0,0,0,0,0,0,0,0,0,0,0,0,0,0,0,0,0,0,2026-08-27 15:51:31.526736+00,2026-08-27 15:51:31.526736+00
10,16384,t,-1916615471916784838,"DECLARE ""query-cursor_114"" SCROLL CURSOR FOR select queryid, left(query, $1), calls, (total_plan_time + total_exec_time) as total_time from aurora_stat_statements($2) order by calls desc limit $3 FOR READ ONLY",0,0,0,0,0,0,1,0.066939,0.066939,0.066939,0.066939,0,0,0,0,0,0,0,0,0,0,0,0,0,0,0,0,0,0,0,0,0,0,0,0,0,0,0,0,0,0,0,2026-08-27 15:21:15.571919+00,2026-08-27 15:21:15.571919+00
16410,16412,t,1472764173320890336,"SELECT RES_ENT_ID,LIB_FEAT_ID,FTYPE_ID,UTYPE_CODE,SUPPRESSED,OBS_ENT_CNT FROM RES_FEAT_EKEY WHERE RES_ENT_ID IN ($1,$2,$3,$4,$5,$6,$7,$8,$9,$10,$11,$12,$13,$14,$15,$16) AND FTYPE_ID IN ($17,$18,$19,$20,$21,$22,$23,$24,$25,$26,$27,$28)",0,0,0,0,0,0,7426,22035.023285000032,0.109906,246.792756,2.967280269997311,10.570199816077084,8761619,502379,0,0,0,0,0,0,0,0,0,0,0,0,0,0,0,0,0,0,0,0,0,0,0,0,0,0,0,0,2026-08-27 15:50:48.009796+00,2026-08-27 15:50:48.009796+00
10,16384,t,8805089825907234480,"ALTER ROLE rdsadmin IN DATABASE rdsadmin SET search_path = $1,$2",0,0,0,0,0,0,1,0.062182,0.062182,0.062182,0.062182,0,0,5,0,0,0,0,0,0,0,0,0,0,0,0,0,0,0,0,0,0,0,0,0,0,0,0,0,0,0,0,2026-08-27 13:30:18.01863+00,2026-08-27 13:30:18.01863+00
16410,16412,t,5549543541101659998,"SELECT OBS_ENT_ID,DSRC_ID,ENT_SRC_KEY,LOCKING_ID,FEATURES FROM OBS_ENT WHERE OBS_ENT_ID IN ($1,$2)",0,0,0,0,0,0,19670,781.2745409999989,0.007634,30.477628,0.03971909206914077,0.30653583002712576,39340,203035,0,0,0,0,0,0,0,0,0,0,0,0,0,0,0,0,0,0,0,0,0,0,0,0,0,0,0,0,2026-08-27 15:51:42.2047+00,2026-08-27 15:51:42.2047+00
10,16384,t,5343891881949231489,"select queryid, calls, (total_plan_time + total_exec_time) as total_time, rows, shared_blks_hit, shared_blks_dirtied, shared_blks_read, shared_blks_written, local_blks_hit, local_blks_dirtied, local_blks_read, local_blks_written, temp_blks_read, temp_blks_written, storage_blks_read, orcache_blks_hit, shared_blk_read_time as blk_read_time, shared_blk_write_time as blk_write_time, storage_blk_read_time, local_blk_read_time, orcache_blk_read_time, total_plan_time, total_exec_time from aurora_stat_statements($1) where queryid in ($2, $3, $4, $5, $6, $7, $8, $9, $10, $11, $12, $13, $14, $15, $16, $17, $18, $19, $20, $21, $22, $23, $24, $25, $26, $27, $28, $29, $30, $31, $32, $33, $34, $35, $36, $37, $38, $39, $40, $41, $42, $43, $44, $45, $46, $47, $48, $49, $50, $51, $52, $53, $54, $55, $56, $57, $58, $59, $60, $61)",0,0,0,0,0,0,1,17.165205999999998,17.165205999999998,17.165205999999998,17.165205999999998,0,61,0,0,0,0,0,0,0,0,0,0,0,0,0,0,0,0,0,0,0,0,0,0,0,0,0,0,0,0,0,2026-08-27 16:12:25.62463+00,2026-08-27 16:12:25.62463+00
10,16384,t,-7791054973719832893,"FETCH 0 IN ""query-cursor_128""",0,0,0,0,0,0,1,0.003723,0.003723,0.003723,0.003723,0,0,0,0,0,0,0,0,0,0,0,0,0,0,0,0,0,0,0,0,0,0,0,0,0,0,0,0,0,0,0,2026-08-27 15:35:15.5728+00,2026-08-27 15:35:15.5728+00
10,16384,t,-5957733108442488296,"DECLARE ""query-cursor_230"" SCROLL CURSOR FOR select queryid, left(query, $1), calls, (total_plan_time + total_exec_time) as total_time from aurora_stat_statements($2) order by calls desc limit $3 FOR READ ONLY",0,0,0,0,0,0,1,0.067029,0.067029,0.067029,0.067029,0,0,0,0,0,0,0,0,0,0,0,0,0,0,0,0,0,0,0,0,0,0,0,0,0,0,0,0,0,0,0,2026-08-27 17:27:15.5802+00,2026-08-27 17:27:15.5802+00
10,16384,t,-6270298760223445647,"FETCH 50 IN ""query-cursor_219""",0,0,0,0,0,0,42,0.16111300000000003,0.002825,0.006371,0.0038360238095238104,0.000966951086764481,2100,0,0,0,0,0,0,0,0,0,0,0,0,0,0,0,0,0,0,0,0,0,0,0,0,0,0,0,0,0,2026-08-27 17:16:15.585079+00,2026-08-27 17:16:15.585079+00
10,16384,t,38164316663213093,"FETCH 32 IN ""query-cursor_63""",0,0,0,0,0,0,1,0.002392,0.002392,0.002392,0.002392,0,32,0,0,0,0,0,0,0,0,0,0,0,0,0,0,0,0,0,0,0,0,0,0,0,0,0,0,0,0,0,2026-08-27 14:30:15.571674+00,2026-08-27 14:30:15.571674+00
10,16384,t,389950847127647831,"FETCH 31 IN ""query-cursor_154""",0,0,0,0,0,0,1,0.007647,0.007647,0.007647,0.007647,0,31,0,0,0,0,0,0,0,0,0,0,0,0,0,0,0,0,0,0,0,0,0,0,0,0,0,0,0,0,0,2026-08-27 16:02:15.659118+00,2026-08-27 16:02:15.659118+00
10,16384,t,6324614696772710390,"DECLARE ""query-cursor_141"" SCROLL CURSOR FOR select queryid, left(query, $1), calls, (total_plan_time + total_exec_time) as total_time from aurora_stat_statements($2) order by calls desc limit $3 FOR READ ONLY",0,0,0,0,0,0,1,0.070747,0.070747,0.070747,0.070747,0,0,0,0,0,0,0,0,0,0,0,0,0,0,0,0,0,0,0,0,0,0,0,0,0,0,0,0,0,0,0,2026-08-27 15:48:15.57376+00,2026-08-27 15:48:15.57376+00
10,16384,t,-7394930567131828572,"FETCH 0 IN ""query-cursor_49""",0,0,0,0,0,0,1,0.003967,0.003967,0.003967,0.003967,0,0,0,0,0,0,0,0,0,0,0,0,0,0,0,0,0,0,0,0,0,0,0,0,0,0,0,0,0,0,0,2026-08-27 14:16:15.567462+00,2026-08-27 14:16:15.567462+00
16410,16412,t,-1266481273314022547,"SELECT RES_ENT_ID,LIB_FEAT_ID,FTYPE_ID,UTYPE_CODE,SUPPRESSED,OBS_ENT_CNT FROM RES_FEAT_EKEY WHERE RES_ENT_ID IN ($1,$2,$3,$4,$5,$6,$7,$8,$9,$10,$11,$12,$13,$14,$15,$16,$17,$18,$19,$20,$21,$22,$23,$24,$25,$26,$27,$28,$29,$30,$31,$32,$33,$34,$35,$36,$37,$38,$39,$40,$41,$42,$43,$44,$45,$46,$47,$48,$49,$50,$51,$52,$53,$54,$55,$56,$57,$58,$59,$60,$61,$62,$63,$64)",0,0,0,0,0,0,12818,813743.8693130009,0.475474,3375.934546,63.484464761507326,138.33244438451123,358260090,7208808,0,0,0,0,0,0,0,0,0,0,0,0,0,0,0,0,0,0,0,0,0,0,0,0,0,0,0,0,2026-08-27 15:50:58.574525+00,2026-08-27 15:50:58.574525+00
16410,16412,t,37491495074695771,"SELECT RES_ENT_ID,LIB_FEAT_ID,FTYPE_ID,UTYPE_CODE,SUPPRESSED,OBS_ENT_CNT FROM RES_FEAT_EKEY WHERE RES_ENT_ID IN ($1,$2,$3,$4,$5,$6,$7,$8,$9,$10,$11,$12,$13,$14,$15,$16) AND FTYPE_ID IN ($17,$18,$19,$20,$21,$22)",0,0,0,0,0,0,513,458.3555390000001,0.093564,47.276002,0.8934805828460041,3.426264337822581,84047,24857,0,0,0,0,0,0,0,0,0,0,0,0,0,0,0,0,0,0,0,0,0,0,0,0,0,0,0,0,2026-08-27 15:50:54.792088+00,2026-08-27 15:50:54.792088+00
16410,16412,t,-3156750069945264053,"SELECT RES_ENT_ID,LIB_FEAT_ID,FTYPE_ID,UTYPE_CODE,SUPPRESSED,OBS_ENT_CNT FROM RES_FEAT_EKEY WHERE RES_ENT_ID IN ($1,$2,$3,$4,$5,$6,$7,$8) AND FTYPE_ID IN ($9,$10,$11,$12,$13,$14,$15,$16,$17,$18,$19,$20,$21,$22,$23,$24,$25,$26,$27,$28,$29,$30,$31,$32,$33)",0,0,0,0,0,0,14,250.964018,2.336865,51.386447000000004,17.926001285714285,17.612811539925254,124125,2052,0,0,0,0,0,0,0,0,0,0,0,0,0,0,0,0,0,0,0,0,0,0,0,0,0,0,0,0,2026-08-27 15:50:52.316731+00,2026-08-27 15:50:52.316731+00
10,16384,t,-3801834199059577613,"FETCH 50 IN ""query-cursor_128""",0,0,0,0,0,0,18,0.057024,0.002627,0.005395,0.003168,0.0006994033965538851,900,0,0,0,0,0,0,0,0,0,0,0,0,0,0,0,0,0,0,0,0,0,0,0,0,0,0,0,0,0,2026-08-27 15:35:15.574786+00,2026-08-27 15:35:15.574786+00
10,16384,t,9162133371016499712,"FETCH 0 IN ""query-cursor_143""",0,0,0,0,0,0,1,0.003534,0.003534,0.003534,0.003534,0,0,0,0,0,0,0,0,0,0,0,0,0,0,0,0,0,0,0,0,0,0,0,0,0,0,0,0,0,0,0,2026-08-27 15:50:15.573877+00,2026-08-27 15:50:15.573877+00
16410,16412,t,1533444726011427042,"DELETE FROM SYS_EVAL_QUEUE WHERE MSG_ID IN (SELECT MSG_ID FROM SYS_EVAL_QUEUE WHERE MSG_ID>$1 ORDER BY MSG_ID FOR UPDATE SKIP LOCKED LIMIT $2) RETURNING MSG_ID,DSRC_CODE,ENT_SRC_KEY,MSG",0,0,0,0,0,0,339669,177986.9051810019,0.0037340000000000003,3300.598021,0.5240010280037386,9.256031198174364,294298,33830515,0,0,0,0,0,0,0,0,0,0,0,0,0,0,0,0,0,0,0,0,0,0,0,0,0,0,0,0,2026-08-27 13:33:26.53309+00,2026-08-27 13:33:26.53309+00
16410,16412,t,8037872089316863535,"INSERT INTO RES_REL_EKEY(RES_REL_ID,RES_ENT_ID,REL_ENT_ID) VALUES ($1,$2,$3),($4,$5,$6),($7,$8,$9),($10,$11,$12),($13,$14,$15),($16,$17,$18),($19,$20,$21),($22,$23,$24),($25,$26,$27),($28,$29,$30),($31,$32,$33),($34,$35,$36),($37,$38,$39),($40,$41,$42),($43,$44,$45),($46,$47,$48),($49,$50,$51),($52,$53,$54),($55,$56,$57),($58,$59,$60),($61,$62,$63),($64,$65,$66),($67,$68,$69),($70,$71,$72),($73,$74,$75),($76,$77,$78),($79,$80,$81),($82,$83,$84),($85,$86,$87) ON CONFLICT DO NOTHING",0,0,0,0,0,0,77,249.04920000000007,0.286566,67.32624399999999,3.2344051948051957,10.17555437345611,2233,17697,0,0,11,0,0,0,0,0,0,0,0.07958599999999999,0,0,0,0,0,0,0,0,0,0,0,0,0,0,0,0,0,2026-08-27 15:52:30.039612+00,2026-08-27 15:52:30.039612+00
16410,16412,t,-744384456506402766,"INSERT INTO RES_FEAT_STAT(LIB_FEAT_ID,FTYPE_ID,NUM_RES_ENT,NUM_RES_ENT_OOM) VALUES ($1,$2,$3,$4),($5,$6,$7,$8),($9,$10,$11,$12),($13,$14,$15,$16),($17,$18,$19,$20),($21,$22,$23,$24),($25,$26,$27,$28),($29,$30,$31,$32),($33,$34,$35,$36),($37,$38,$39,$40),($41,$42,$43,$44),($45,$46,$47,$48),($49,$50,$51,$52),($53,$54,$55,$56),($57,$58,$59,$60),($61,$62,$63,$64),($65,$66,$67,$68),($69,$70,$71,$72),($73,$74,$75,$76),($77,$78,$79,$80),($81,$82,$83,$84) ON CONFLICT DO NOTHING",0,0,0,0,0,0,16483,81550.88108099988,0.18474600000000002,834.723543,4.947575142935138,19.853915779375896,346076,2824089,1,0,3724,0,0,0,0,0,0,0.735213,175.77712700000015,0,0,0,0,0,0,0,0,0,0,0,0,0,0,0,0,0,2026-08-27 15:50:46.826631+00,2026-08-27 15:50:46.826631+00
10,16384,t,-6157140201399727420,"FETCH 0 IN ""query-cursor_214""",0,0,0,0,0,0,1,0.00346,0.00346,0.00346,0.00346,0,0,0,0,0,0,0,0,0,0,0,0,0,0,0,0,0,0,0,0,0,0,0,0,0,0,0,0,0,0,0,2026-08-27 17:11:15.579148+00,2026-08-27 17:11:15.579148+00
10,16384,t,-6328205891568580474,"FETCH 0 IN ""query-cursor_241""",0,0,0,0,0,0,1,0.003402,0.003402,0.003402,0.003402,0,0,0,0,0,0,0,0,0,0,0,0,0,0,0,0,0,0,0,0,0,0,0,0,0,0,0,0,0,0,0,2026-08-27 17:38:15.581035+00,2026-08-27 17:38:15.581035+00
10,16384,t,-934954453164606204,"FETCH 34 IN ""query-cursor_181""",0,0,0,0,0,0,1,0.003025,0.003025,0.003025,0.003025,0,34,0,0,0,0,0,0,0,0,0,0,0,0,0,0,0,0,0,0,0,0,0,0,0,0,0,0,0,0,0,2026-08-27 16:38:15.593638+00,2026-08-27 16:38:15.593638+00
10,16384,t,-5914096615621307821,"FETCH 50 IN ""query-cursor_54""",0,0,0,0,0,0,9,0.030326,0.002807,0.005547,0.0033695555555555553,0.0008010953766369743,450,0,0,0,0,0,0,0,0,0,0,0,0,0,0,0,0,0,0,0,0,0,0,0,0,0,0,0,0,0,2026-08-27 14:21:15.568923+00,2026-08-27 14:21:15.568923+00
10,16384,t,-2696399101429117840,"FETCH 50 IN ""query-cursor_188""",0,0,0,0,0,0,38,0.13894099999999998,0.002772,0.005964,0.0036563421052631575,0.000907927404827981,1900,0,0,0,0,0,0,0,0,0,0,0,0,0,0,0,0,0,0,0,0,0,0,0,0,0,0,0,0,0,2026-08-27 16:45:15.582314+00,2026-08-27 16:45:15.582314+00
16410,16412,t,770099689854714203,"INSERT INTO SYS_VARS(VAR_GROUP,VAR_CODE,VAR_VALUE,SYS_LSTUPD_DT) VALUES ($1,$2,$3,$4) ON CONFLICT DO NOTHING",0,0,0,0,0,0,2,0.215111,0.102724,0.112387,0.1075555,0.0048315000000000025,2,14,0,0,0,0,0,0,0,0,0,0,0,0,0,0,0,0,0,0,0,0,0,0,0,0,0,0,0,0,2026-08-27 13:32:03.980775+00,2026-08-27 13:32:03.980775+00
10,16384,t,2206978679640227533,select * from rds_get_stat_dxl_counters_details(),0,0,0,0,0,0,246,2.2224960000000005,0.0061140000000000005,0.409865,0.009034536585365856,0.025646464483288216,246,0,0,0,0,0,0,0,0,0,0,0,0,0,0,0,0,0,0,0,0,0,0,0,0,0,0,0,0,0,2026-08-27 13:28:55.566021+00,2026-08-27 13:28:55.566021+00
10,16384,t,4326887781967891536,"FETCH 50 IN ""query-cursor_159""",0,0,0,0,0,0,35,0.32414899999999996,0.004327,0.017411,0.0092614,0.0034885459042005287,1750,0,0,0,0,0,0,0,0,0,0,0,0,0,0,0,0,0,0,0,0,0,0,0,0,0,0,0,0,0,2026-08-27 16:11:15.580252+00,2026-08-27 16:11:15.580252+00
16410,16412,t,-6019320501356650632,"SELECT RES_ENT_ID,LIB_FEAT_ID,FTYPE_ID,UTYPE_CODE,SUPPRESSED,OBS_ENT_CNT FROM RES_FEAT_EKEY WHERE RES_ENT_ID IN ($1,$2,$3,$4) AND FTYPE_ID IN ($5,$6,$7,$8,$9,$10,$11,$12,$13,$14,$15,$16,$17,$18,$19,$20,$21,$22,$23,$24,$25,$26,$27,$28,$29,$30,$31,$32,$33,$34,$35,$36,$37,$38,$39,$40,$41,$42,$43,$44,$45,$46,$47,$48,$49,$50,$51,$52,$53,$54,$55,$56,$57,$58,$59,$60,$61)",0,0,0,0,0,0,1,5.894654,5.894654,5.894654,5.894654,0,2209,183,0,0,0,0,0,0,0,0,0,0,0,0,0,0,0,0,0,0,0,0,0,0,0,0,0,0,0,0,2026-08-27 16:05:25.306357+00,2026-08-27 16:05:25.306357+00
10,16384,t,-7574149667191542407,"MOVE ALL IN ""query-cursor_185""",0,0,0,0,0,0,1,4.818834,4.818834,4.818834,4.818834,0,0,0,0,0,0,0,0,0,0,0,0,0,0,0,0,0,0,0,0,0,0,0,0,0,0,0,0,0,0,0,2026-08-27 16:42:15.58212+00,2026-08-27 16:42:15.58212+00
10,16384,t,1498324430590871852,"FETCH 50 IN ""query-cursor_206""",0,0,0,0,0,0,40,0.15027000000000001,0.002842,0.006222,0.0037567500000000005,0.0008924360971520596,2000,0,0,0,0,0,0,0,0,0,0,0,0,0,0,0,0,0,0,0,0,0,0,0,0,0,0,0,0,0,2026-08-27 17:03:15.584095+00,2026-08-27 17:03:15.584095+00
10,16384,t,1125015408479687449,"MOVE -321 IN ""query-cursor_29""",0,0,0,0,0,0,1,0.008267,0.008267,0.008267,0.008267,0,0,0,0,0,0,0,0,0,0,0,0,0,0,0,0,0,0,0,0,0,0,0,0,0,0,0,0,0,0,0,2026-08-27 13:56:15.566804+00,2026-08-27 13:56:15.566804+00
10,16384,t,5159657081813099608,"FETCH 0 IN ""query-cursor_245""",0,0,0,0,0,0,1,0.003573,0.003573,0.003573,0.003573,0,0,0,0,0,0,0,0,0,0,0,0,0,0,0,0,0,0,0,0,0,0,0,0,0,0,0,0,0,0,0,2026-08-27 17:42:15.581386+00,2026-08-27 17:42:15.581386+00
16410,16412,t,4243341905726445606,"SELECT RES_ENT_ID,LIB_FEAT_ID,FTYPE_ID,UTYPE_CODE,SUPPRESSED,OBS_ENT_CNT FROM RES_FEAT_EKEY WHERE RES_ENT_ID IN ($1) AND FTYPE_ID IN ($2,$3,$4,$5,$6,$7,$8,$9,$10,$11,$12,$13,$14,$15,$16,$17,$18,$19,$20,$21,$22,$23,$24,$25,$26,$27,$28,$29,$30,$31,$32,$33,$34,$35,$36,$37,$38,$39,$40,$41,$42,$43,$44,$45,$46,$47,$48,$49,$50,$51,$52,$53,$54,$55,$56,$57,$58,$59,$60,$61)",0,0,0,0,0,0,132,10.154409999999999,0.006389000000000001,1.4805510000000002,0.07692734848484847,0.15347412483804168,2451,732,0,0,0,0,0,0,0,0,0,0,0,0,0,0,0,0,0,0,0,0,0,0,0,0,0,0,0,0,2026-08-27 15:53:04.123607+00,2026-08-27 15:53:04.123607+00
10,16384,t,-3222831512519055795,"MOVE ALL IN ""query-cursor_77""",0,0,0,0,0,0,1,1.242268,1.242268,1.242268,1.242268,0,0,0,0,0,0,0,0,0,0,0,0,0,0,0,0,0,0,0,0,0,0,0,0,0,0,0,0,0,0,0,2026-08-27 14:44:15.570659+00,2026-08-27 14:44:15.570659+00
10,16384,t,-1689433308153307669,"MOVE ALL IN ""query-cursor_92""",0,0,0,0,0,0,1,1.557759,1.557759,1.557759,1.557759,0,0,0,0,0,0,0,0,0,0,0,0,0,0,0,0,0,0,0,0,0,0,0,0,0,0,0,0,0,0,0,2026-08-27 14:59:15.57198+00,2026-08-27 14:59:15.57198+00
16410,16412,t,-45630913880517210,CREATE UNIQUE INDEX OBS_ENT_SK ON OBS_ENT(OBS_ENT_ID),0,0,0,0,0,0,1,2.687774,2.687774,2.687774,2.687774,0,0,87,0,0,0,0,0,0,0,0,0,0,0,0,0,0,0,0,0,0,0,0,0,0,0,0,0,0,0,0,2026-08-27 13:29:50.01027+00,2026-08-27 13:29:50.01027+00
16410,16412,t,2855456368037182123,"SELECT RES_ENT_ID,LIB_FEAT_ID,FTYPE_ID,UTYPE_CODE,SUPPRESSED,OBS_ENT_CNT FROM RES_FEAT_EKEY WHERE RES_ENT_ID IN ($1,$2,$3,$4,$5,$6,$7,$8,$9,$10,$11,$12,$13,$14,$15,$16,$17,$18,$19,$20,$21,$22,$23,$24,$25,$26,$27,$28,$29,$30,$31,$32,$33,$34,$35,$36,$37,$38,$39,$40,$41,$42,$43,$44,$45,$46,$47,$48,$49,$50,$51,$52,$53,$54,$55,$56,$57,$58,$59,$60,$61,$62,$63,$64) AND FTYPE_ID IN ($65,$66,$67,$68,$69,$70,$71,$72,$73,$74,$75,$76,$77,$78,$79,$80,$81,$82,$83,$84,$85,$86,$87,$88,$89)",0,0,0,0,0,0,73,8679.334152,7.605434000000001,561.660103,118.89498838356164,115.73470248457281,5073331,70743,0,0,0,0,0,0,0,0,0,0,0,0,0,0,0,0,0,0,0,0,0,0,0,0,0,0,0,0,2026-08-27 15:51:11.70955+00,2026-08-27 15:51:11.70955+00
16410,16412,t,-3081644209362939970,"UPDATE RES_FEAT_EKEY AS T SET SUPPRESSED = C.SUPPRESSED FROM (VALUES (CAST ($1 AS BIGINT),CAST ($2 AS BIGINT),$3,$4),(CAST ($5 AS BIGINT),CAST ($6 AS BIGINT),$7,$8),(CAST ($9 AS BIGINT),CAST ($10 AS BIGINT),$11,$12),(CAST ($13 AS BIGINT),CAST ($14 AS BIGINT),$15,$16),(CAST ($17 AS BIGINT),CAST ($18 AS BIGINT),$19,$20),(CAST ($21 AS BIGINT),CAST ($22 AS BIGINT),$23,$24),(CAST ($25 AS BIGINT),CAST ($26 AS BIGINT),$27,$28),(CAST ($29 AS BIGINT),CAST ($30 AS BIGINT),$31,$32),(CAST ($33 AS BIGINT),CAST ($34 AS BIGINT),$35,$36),(CAST ($37 AS BIGINT),CAST ($38 AS BIGINT),$39,$40)) AS C(RES_ENT_ID,LIB_FEAT_ID,UTYPE_CODE,SUPPRESSED) WHERE C.RES_ENT_ID=T.RES_ENT_ID AND C.LIB_FEAT_ID=T.LIB_FEAT_ID AND C.UTYPE_CODE=T.UTYPE_CODE",0,0,0,0,0,0,286,852.0893389999998,0.087441,106.702847,2.979333353146852,9.823813293952274,2860,33462,0,0,10,0,0,0,0,0,0,0,0.090791,0,0,0,0,0,0,0,0,0,0,0,0,0,0,0,0,0,2026-08-27 15:50:50.135111+00,2026-08-27 15:50:50.135111+00
10,16384,t,9105277691521015903,"FETCH 50 IN ""query-cursor_168""",0,0,0,0,0,0,36,0.14059699999999997,0.00274,0.00662,0.0039054722222222216,0.001113485380987483,1800,0,0,0,0,0,0,0,0,0,0,0,0,0,0,0,0,0,0,0,0,0,0,0,0,0,0,0,0,0,2026-08-27 16:25:15.581069+00,2026-08-27 16:25:15.581069+00
16410,16412,t,2730381009565679184,"SELECT RES_ENT_ID,LIB_FEAT_ID,FTYPE_ID,UTYPE_CODE,SUPPRESSED,OBS_ENT_CNT FROM RES_FEAT_EKEY WHERE RES_ENT_ID IN ($1) AND FTYPE_ID IN ($2,$3,$4,$5,$6,$7,$8,$9,$10,$11,$12,$13,$14,$15,$16,$17,$18)",0,0,0,0,0,0,1084,169.66978099999974,0.017785,8.149843,0.15652193819188168,0.49756546256765155,157985,5947,0,0,0,0,0,0,0,0,0,0,0,0,0,0,0,0,0,0,0,0,0,0,0,0,0,0,0,0,2026-08-27 15:50:47.496984+00,2026-08-27 15:50:47.496984+00
16410,16412,t,-5613299646832846959,"INSERT INTO RES_REL_EKEY(RES_REL_ID,RES_ENT_ID,REL_ENT_ID) VALUES ($1,$2,$3),($4,$5,$6),($7,$8,$9),($10,$11,$12),($13,$14,$15),($16,$17,$18),($19,$20,$21),($22,$23,$24),($25,$26,$27),($28,$29,$30),($31,$32,$33),($34,$35,$36),($37,$38,$39) ON CONFLICT DO NOTHING",0,0,0,0,0,0,91,224.158565,0.13818899999999998,46.560604999999995,2.463280934065934,9.06155251115837,1183,9476,0,0,4,0,0,0,0,0,0,0,1.096681,0,0,0,0,0,0,0,0,0,0,0,0,0,0,0,0,0,2026-08-27 15:52:31.806848+00,2026-08-27 15:52:31.806848+00
10,16384,t,-8191676631303631183,"MOVE ALL IN ""query-cursor_20""",0,0,0,0,0,0,1,0.625555,0.625555,0.625555,0.625555,0,0,0,0,0,0,0,0,0,0,0,0,0,0,0,0,0,0,0,0,0,0,0,0,0,0,0,0,0,0,0,2026-08-27 13:47:15.566019+00,2026-08-27 13:47:15.566019+00
10,16384,t,4728342748308217327,"FETCH 50 IN ""query-cursor_158""",0,0,0,0,0,0,34,0.3304389999999999,0.005775,0.014318,0.009718794117647056,0.0025141360319251268,1700,0,0,0,0,0,0,0,0,0,0,0,0,0,0,0,0,0,0,0,0,0,0,0,0,0,0,0,0,0,2026-08-27 16:09:15.580354+00,2026-08-27 16:09:15.580354+00
16410,16412,t,1859989302975429301,DELETE FROM RES_FEAT_EKEY WHERE ((RES_ENT_ID=$1 AND LIB_FEAT_ID=$2 AND UTYPE_CODE=$3)OR(RES_ENT_ID=$4 AND LIB_FEAT_ID=$5 AND UTYPE_CODE=$6)OR(RES_ENT_ID=$7 AND LIB_FEAT_ID=$8 AND UTYPE_CODE=$9)OR(RES_ENT_ID=$10 AND LIB_FEAT_ID=$11 AND UTYPE_CODE=$12)),0,0,0,0,0,0,7136,4481.459033999993,0.010559,567.566069,0.6280071516255595,8.083404009791163,28502,150719,0,0,0,0,0,0,0,0,0,0,0,0,0,0,0,0,0,0,0,0,0,0,0,0,0,0,0,0,2026-08-27 15:51:01.626787+00,2026-08-27 15:51:01.626787+00
10,16384,t,908746400591185889,"FETCH 0 IN ""query-cursor_105""",0,0,0,0,0,0,1,0.004434,0.004434,0.004434,0.004434,0,0,0,0,0,0,0,0,0,0,0,0,0,0,0,0,0,0,0,0,0,0,0,0,0,0,0,0,0,0,0,2026-08-27 15:12:15.571301+00,2026-08-27 15:12:15.571301+00
10,16384,t,-9146895903284900255,"MOVE ALL IN ""query-cursor_33""",0,0,0,0,0,0,1,0.772739,0.772739,0.772739,0.772739,0,0,0,0,0,0,0,0,0,0,0,0,0,0,0,0,0,0,0,0,0,0,0,0,0,0,0,0,0,0,0,2026-08-27 14:00:15.567061+00,2026-08-27 14:00:15.567061+00
10,16384,t,7668600195630920665,"FETCH 13 IN ""query-cursor_85""",0,0,0,0,0,0,1,0.001748,0.001748,0.001748,0.001748,0,13,0,0,0,0,0,0,0,0,0,0,0,0,0,0,0,0,0,0,0,0,0,0,0,0,0,0,0,0,0,2026-08-27 14:52:15.573865+00,2026-08-27 14:52:15.573865+00
10,16384,t,-4395482768090880934,SET statement_timeout=$1,0,0,0,0,0,0,15937,43.300709999999775,0.000998,0.050462,0.0027169925330990637,0.002797523556841497,0,2,0,0,0,0,0,0,0,0,0,0,0,0,0,0,0,0,0,0,0,0,0,0,0,0,0,0,0,0,2026-08-27 13:28:14.940768+00,2026-08-27 13:28:14.940768+00
10,16384,t,1343643266398897996,"FETCH 50 IN ""query-cursor_83""",0,0,0,0,0,0,13,0.041385000000000005,0.002748,0.005577,0.0031834615384615387,0.0007097083491325166,650,0,0,0,0,0,0,0,0,0,0,0,0,0,0,0,0,0,0,0,0,0,0,0,0,0,0,0,0,0,2026-08-27 14:50:15.571181+00,2026-08-27 14:50:15.571181+00
10,16384,t,6959201284765906427,"FETCH 38 IN ""query-cursor_32""",0,0,0,0,0,0,1,0.003078,0.003078,0.003078,0.003078,0,38,0,0,0,0,0,0,0,0,0,0,0,0,0,0,0,0,0,0,0,0,0,0,0,0,0,0,0,0,0,2026-08-27 13:59:15.568231+00,2026-08-27 13:59:15.568231+00
10,16384,t,7075655908004651847,"MOVE -2094 IN ""query-cursor_216""",0,0,0,0,0,0,1,0.038742,0.038742,0.038742,0.038742,0,0,0,0,0,0,0,0,0,0,0,0,0,0,0,0,0,0,0,0,0,0,0,0,0,0,0,0,0,0,0,2026-08-27 17:13:15.584545+00,2026-08-27 17:13:15.584545+00
10,16384,t,767072770337660366,"MOVE -1903 IN ""query-cursor_184""",0,0,0,0,0,0,1,0.036103,0.036103,0.036103,0.036103,0,0,0,0,0,0,0,0,0,0,0,0,0,0,0,0,0,0,0,0,0,0,0,0,0,0,0,0,0,0,0,2026-08-27 16:41:15.581869+00,2026-08-27 16:41:15.581869+00
10,16384,t,3778302076347927987,select extract($1 from current_timestamp - pg_postmaster_start_time())/$2::integer engine_uptime,0,0,0,0,0,0,245,1.1762200000000005,0.003982,0.007931,0.004800897959183675,0.0005641466029213251,245,0,0,0,0,0,0,0,0,0,0,0,0,0,0,0,0,0,0,0,0,0,0,0,0,0,0,0,0,0,2026-08-27 13:28:15.123516+00,2026-08-27 13:28:15.123516+00
16410,16412,t,-5441831985320398934,"INSERT INTO RES_FEAT_STAT(LIB_FEAT_ID,FTYPE_ID,NUM_RES_ENT,NUM_RES_ENT_OOM) VALUES ($1,$2,$3,$4),($5,$6,$7,$8),($9,$10,$11,$12),($13,$14,$15,$16),($17,$18,$19,$20),($21,$22,$23,$24),($25,$26,$27,$28),($29,$30,$31,$32),($33,$34,$35,$36),($37,$38,$39,$40),($41,$42,$43,$44),($45,$46,$47,$48),($49,$50,$51,$52) ON CONFLICT DO NOTHING",0,0,0,0,0,0,26545,86199.80442499992,0.11526,751.655458,3.247308511019021,13.093338570020023,344933,2880181,0,0,3043,0,0,0,0,0,0,0,153.09240300000042,0,0,0,0,0,0,0,0,0,0,0,0,0,0,0,0,0,2026-08-27 15:50:47.008135+00,2026-08-27 15:50:47.008135+00
10,16384,t,8124883400511105486,"FETCH 0 IN ""query-cursor_171""",0,0,0,0,0,0,1,0.003379,0.003379,0.003379,0.003379,0,0,0,0,0,0,0,0,0,0,0,0,0,0,0,0,0,0,0,0,0,0,0,0,0,0,0,0,0,0,0,2026-08-27 16:28:15.576104+00,2026-08-27 16:28:15.576104+00
10,16384,t,1072856771855177721,"MOVE ALL IN ""query-cursor_130""",0,0,0,0,0,0,1,1.939001,1.939001,1.939001,1.939001,0,0,0,0,0,0,0,0,0,0,0,0,0,0,0,0,0,0,0,0,0,0,0,0,0,0,0,0,0,0,0,2026-08-27 15:37:15.57492+00,2026-08-27 15:37:15.57492+00
10,16384,t,-3307366367745211836,"MOVE ALL IN ""query-cursor_183""",0,0,0,0,0,0,1,5.136102,5.136102,5.136102,5.136102,0,0,0,0,0,0,0,0,0,0,0,0,0,0,0,0,0,0,0,0,0,0,0,0,0,0,0,0,0,0,0,2026-08-27 16:40:15.582084+00,2026-08-27 16:40:15.582084+00
16410,16412,t,2146911190864867539,"SELECT DSRC_ID,RECORD_ID,ENT_SRC_KEY FROM DSRC_RECORD WHERE (DSRC_ID,ENT_SRC_KEY) IN (($1,$2),($3,$4),($5,$6),($7,$8),($9,$10),($11,$12),($13,$14),($15,$16))",0,0,0,0,0,0,600,89.23140500000007,0.047097,21.429001,0.14871900833333343,1.0615185304379595,3594,19000,0,0,0,0,0,0,0,0,0,0,0,0,0,0,0,0,0,0,0,0,0,0,0,0,0,0,0,0,2026-08-27 15:58:06.483731+00,2026-08-27 15:58:06.483731+00
16410,16412,t,3180470852371155106,SELECT CACHE_SIZE FROM SYS_SEQUENCE WHERE SEQUENCE_NAME = $1,0,0,0,0,0,0,349,10.153452999999995,0.008086,0.12880699999999998,0.029092988538681936,0.01437246695758456,349,705,0,0,0,0,0,0,0,0,0,0,0,0,0,0,0,0,0,0,0,0,0,0,0,0,0,0,0,0,2026-08-27 15:50:46.796301+00,2026-08-27 15:50:46.796301+00
10,16384,t,7901536040265397020,"FETCH 50 IN ""query-cursor_58""",0,0,0,0,0,0,9,0.030082,0.002804,0.006205,0.0033424444444444448,0.001024252802031381,450,0,0,0,0,0,0,0,0,0,0,0,0,0,0,0,0,0,0,0,0,0,0,0,0,0,0,0,0,0,2026-08-27 14:25:15.56918+00,2026-08-27 14:25:15.56918+00
10,16384,t,210819468606069943,"select queryid, calls, (total_plan_time + total_exec_time) as total_time, rows, shared_blks_hit, shared_blks_dirtied, shared_blks_read, shared_blks_written, local_blks_hit, local_blks_dirtied, local_blks_read, local_blks_written, temp_blks_read, temp_blks_written, storage_blks_read, orcache_blks_hit, shared_blk_read_time as blk_read_time, shared_blk_write_time as blk_write_time, storage_blk_read_time, local_blk_read_time, orcache_blk_read_time, total_plan_time, total_exec_time from aurora_stat_statements($1) where queryid in ($2, $3, $4, $5, $6, $7, $8, $9, $10, $11, $12, $13, $14, $15, $16, $17, $18, $19, $20, $21, $22, $23, $24, $25, $26, $27, $28, $29, $30, $31, $32, $33, $34, $35, $36, $37, $38, $39, $40, $41, $42, $43, $44, $45, $46, $47, $48, $49, $50, $51, $52, $53, $54, $55, $56, $57, $58, $59, $60, $61, $62)",0,0,0,0,0,0,2,5.0837129999999995,2.04439,3.039323,2.5418564999999997,0.4974664999999999,124,0,0,0,0,0,0,0,0,0,0,0,0,0,0,0,0,0,0,0,0,0,0,0,0,0,0,0,0,0,2026-08-27 16:07:25.639706+00,2026-08-27 16:07:25.639706+00
10,16384,t,-7052735779566310226,"FETCH 8 IN ""query-cursor_185""",0,0,0,0,0,0,1,0.001589,0.001589,0.001589,0.001589,0,8,0,0,0,0,0,0,0,0,0,0,0,0,0,0,0,0,0,0,0,0,0,0,0,0,0,0,0,0,0,2026-08-27 16:42:15.59443+00,2026-08-27 16:42:15.59443+00
10,16384,t,-4185669664088946700,"FETCH 0 IN ""query-cursor_99""",0,0,0,0,0,0,1,0.003437,0.003437,0.003437,0.003437,0,0,0,0,0,0,0,0,0,0,0,0,0,0,0,0,0,0,0,0,0,0,0,0,0,0,0,0,0,0,0,2026-08-27 15:06:15.570825+00,2026-08-27 15:06:15.570825+00
10,16384,t,-893402508773140939,"FETCH 11 IN ""query-cursor_219""",0,0,0,0,0,0,1,0.001719,0.001719,0.001719,0.001719,0,11,0,0,0,0,0,0,0,0,0,0,0,0,0,0,0,0,0,0,0,0,0,0,0,0,0,0,0,0,0,2026-08-27 17:16:15.598149+00,2026-08-27 17:16:15.598149+00
10,16384,t,-1895649104986546290,"DECLARE ""query-cursor_108"" SCROLL CURSOR FOR select queryid, left(query, $1), calls, (total_plan_time + total_exec_time) as total_time from aurora_stat_statements($2) order by calls desc limit $3 FOR READ ONLY",0,0,0,0,0,0,1,0.058036,0.058036,0.058036,0.058036,0,0,0,0,0,0,0,0,0,0,0,0,0,0,0,0,0,0,0,0,0,0,0,0,0,0,0,0,0,0,0,2026-08-27 15:15:15.571376+00,2026-08-27 15:15:15.571376+00
16410,16412,t,3098869152066039965,"UPDATE RES_FEAT_EKEY AS T SET SUPPRESSED=C.SUPPRESSED,OBS_ENT_CNT=C.OBS_ENT_CNT FROM (VALUES (CAST ($1 AS BIGINT),CAST ($2 AS BIGINT),$3,$4,CAST ($5 AS BIGINT)),(CAST ($6 AS BIGINT),CAST ($7 AS BIGINT),$8,$9,CAST ($10 AS BIGINT)),(CAST ($11 AS BIGINT),CAST ($12 AS BIGINT),$13,$14,CAST ($15 AS BIGINT)),(CAST ($16 AS BIGINT),CAST ($17 AS BIGINT),$18,$19,CAST ($20 AS BIGINT)),(CAST ($21 AS BIGINT),CAST ($22 AS BIGINT),$23,$24,CAST ($25 AS BIGINT)),(CAST ($26 AS BIGINT),CAST ($27 AS BIGINT),$28,$29,CAST ($30 AS BIGINT)),(CAST ($31 AS BIGINT),CAST ($32 AS BIGINT),$33,$34,CAST ($35 AS BIGINT)),(CAST ($36 AS BIGINT),CAST ($37 AS BIGINT),$38,$39,CAST ($40 AS BIGINT)),(CAST ($41 AS BIGINT),CAST ($42 AS BIGINT),$43,$44,CAST ($45 AS BIGINT)),(CAST ($46 AS BIGINT),CAST ($47 AS BIGINT),$48,$49,CAST ($50 AS BIGINT)),(CAST ($51 AS BIGINT),CAST ($52 AS BIGINT),$53,$54,CAST ($55 AS BIGINT)),(CAST ($56 AS BIGINT),CAST ($57 AS BIGINT),$58,$59,CAST ($60 AS BIGINT)),(CAST ($61 AS BIGINT),CAST ($62 AS BIGINT),$63,$64,CAST ($65 AS BIGINT)),(CAST ($66 AS BIGINT),CAST ($67 AS BIGINT),$68,$69,CAST ($70 AS BIGINT)),(CAST ($71 AS BIGINT),CAST ($72 AS BIGINT),$73,$74,CAST ($75 AS BIGINT)),(CAST ($76 AS BIGINT),CAST ($77 AS BIGINT),$78,$79,CAST ($80 AS BIGINT))) AS C(RES_ENT_ID,LIB_FEAT_ID,UTYPE_CODE,SUPPRESSED,OBS_ENT_CNT) WHERE C.RES_ENT_ID=T.RES_ENT_ID AND C.LIB_FEAT_ID=T.LIB_FEAT_ID AND C.UTYPE_CODE=T.UTYPE_CODE",0,0,0,0,0,0,239,938.8708189999998,0.115405,115.416555,3.9283297866108775,13.409469495663831,3824,54971,0,0,12,0,0,0,0,0,0,0,0.08780800000000001,0,0,0,0,0,0,0,0,0,0,0,0,0,0,0,0,0,2026-08-27 15:51:31.577673+00,2026-08-27 15:51:31.577673+00
16410,16412,t,8690062928713446122,"INSERT INTO RES_REL_EKEY(RES_REL_ID,RES_ENT_ID,REL_ENT_ID) VALUES ($1,$2,$3),($4,$5,$6),($7,$8,$9),($10,$11,$12),($13,$14,$15),($16,$17,$18),($19,$20,$21),($22,$23,$24),($25,$26,$27),($28,$29,$30),($31,$32,$33),($34,$35,$36),($37,$38,$39),($40,$41,$42),($43,$44,$45),($46,$47,$48),($49,$50,$51),($52,$53,$54),($55,$56,$57) ON CONFLICT DO NOTHING",0,0,0,0,0,0,72,223.8880200000001,0.19955299999999998,64.629639,3.1095558333333346,9.645523042207062,1368,10817,0,0,12,0,0,0,0,0,0,0,0.088666,0,0,0,0,0,0,0,0,0,0,0,0,0,0,0,0,0,2026-08-27 15:52:20.718797+00,2026-08-27 15:52:20.718797+00
10,16384,t,3045304824306625237,"FETCH 50 IN ""query-cursor_172""",0,0,0,0,0,0,36,0.143266,0.002925,0.006478,0.003979611111111111,0.001016039759659964,1800,0,0,0,0,0,0,0,0,0,0,0,0,0,0,0,0,0,0,0,0,0,0,0,0,0,0,0,0,0,2026-08-27 16:29:15.581294+00,2026-08-27 16:29:15.581294+00
10,16384,t,3485119488124800450,"FETCH 29 IN ""query-cursor_197""",0,0,0,0,0,0,1,0.00278,0.00278,0.00278,0.00278,0,29,0,0,0,0,0,0,0,0,0,0,0,0,0,0,0,0,0,0,0,0,0,0,0,0,0,0,0,0,0,2026-08-27 16:54:15.595446+00,2026-08-27 16:54:15.595446+00
10,16384,t,1314701358040975503,"FETCH 50 IN ""query-cursor_45""",0,0,0,0,0,0,8,0.027731,0.002838,0.005733,0.003466375,0.0008849559222780534,400,0,0,0,0,0,0,0,0,0,0,0,0,0,0,0,0,0,0,0,0,0,0,0,0,0,0,0,0,0,2026-08-27 14:12:15.568185+00,2026-08-27 14:12:15.568185+00
10,16384,t,-5600847978094759225,"MOVE -1770 IN ""query-cursor_162""",0,0,0,0,0,0,1,0.03377,0.03377,0.03377,0.03377,0,0,0,0,0,0,0,0,0,0,0,0,0,0,0,0,0,0,0,0,0,0,0,0,0,0,0,0,0,0,0,2026-08-27 16:16:15.580471+00,2026-08-27 16:16:15.580471+00
10,16384,t,-4420415455163579311,"DECLARE ""query-cursor_10"" SCROLL CURSOR FOR select queryid, left(query, $1), calls, (total_plan_time + total_exec_time) as total_time from aurora_stat_statements($2) order by calls desc limit $3 FOR READ ONLY",0,0,0,0,0,0,1,0.057742,0.057742,0.057742,0.057742,0,0,0,0,0,0,0,0,0,0,0,0,0,0,0,0,0,0,0,0,0,0,0,0,0,0,0,0,0,0,0,2026-08-27 13:37:15.564565+00,2026-08-27 13:37:15.564565+00
10,16384,t,2919647348079658316,"MOVE -880 IN ""query-cursor_121""",0,0,0,0,0,0,1,0.017843,0.017843,0.017843,0.017843,0,0,0,0,0,0,0,0,0,0,0,0,0,0,0,0,0,0,0,0,0,0,0,0,0,0,0,0,0,0,0,2026-08-27 15:28:15.574297+00,2026-08-27 15:28:15.574297+00
16410,16412,t,8222817518443076321,"SELECT RES_ENT_ID,LIB_FEAT_ID,FTYPE_ID,UTYPE_CODE,SUPPRESSED,OBS_ENT_CNT FROM RES_FEAT_EKEY WHERE RES_ENT_ID IN ($1,$2,$3,$4) AND FTYPE_ID IN ($5,$6,$7,$8,$9,$10,$11,$12)",0,0,0,0,0,0,13099,3296.3114310000087,0.031819,35.372789000000004,0.25164603641499417,1.3196870289941602,582113,190254,0,0,0,0,0,0,0,0,0,0,0,0,0,0,0,0,0,0,0,0,0,0,0,0,0,0,0,0,2026-08-27 15:50:49.250515+00,2026-08-27 15:50:49.250515+00
10,16384,t,-3276130342832829679,"MOVE -766 IN ""query-cursor_102""",0,0,0,0,0,0,1,0.015616,0.015616,0.015616,0.015616,0,0,0,0,0,0,0,0,0,0,0,0,0,0,0,0,0,0,0,0,0,0,0,0,0,0,0,0,0,0,0,2026-08-27 15:09:15.572798+00,2026-08-27 15:09:15.572798+00
10,16384,t,-5298727576639142011,"WITH RECURSIVE cte AS (    SELECT oid FROM pg_catalog.pg_roles WHERE rolname = $1    UNION ALL    SELECT m.member    FROM   cte    JOIN   pg_catalog.pg_auth_members m ON m.roleid = cte.oid) SELECT COUNT(DISTINCT oid) FROM cte WHERE cte.oid IN (SELECT oid FROM pg_catalog.pg_roles WHERE rolcanlogin = $2 AND rolname NOT IN ($3,$4,$5,$6,$7,$8,$9,$10,$11,$12,$13,$14,$15,$16,$17,$18) AND (rolvaliduntil IS NULL OR rolvaliduntil >= CURRENT_TIMESTAMP))",0,0,0,0,0,0,3,0.16024000000000002,0.038747000000000004,0.07874500000000001,0.05341333333333334,0.01798651350935535,3,24,0,0,0,0,0,0,0,0,0,0,0,0,0,0,0,0,0,0,0,0,0,0,0,0,0,0,0,0,2026-08-27 14:24:26.4342+00,2026-08-27 14:24:26.4342+00
10,16384,t,-6481814257014673163,"DECLARE ""query-cursor_145"" SCROLL CURSOR FOR select queryid, left(query, $1), calls, (total_plan_time + total_exec_time) as total_time from aurora_stat_statements($2) order by calls desc limit $3 FOR READ ONLY",0,0,0,0,0,0,1,0.061187,0.061187,0.061187,0.061187,0,0,0,0,0,0,0,0,0,0,0,0,0,0,0,0,0,0,0,0,0,0,0,0,0,0,0,0,0,0,0,2026-08-27 15:52:15.574183+00,2026-08-27 15:52:15.574183+00
10,5,t,-1342905154215104636,"SELECT E.NAME, X.EXTVERSION, X.EXTVERSION=E.DEFAULT_VERSION IS_DEFAULT_VERSION
FROM PG_CATALOG.PG_AVAILABLE_EXTENSIONS() E INNER JOIN PG_EXTENSION X ON (E.NAME=X.EXTNAME)",0,0,0,0,0,0,1,5.0552779999999995,5.0552779999999995,5.0552779999999995,5.0552779999999995,0,1,1,1,0,0,0,0,0,0,0,0,3.782896,0,0,0,0,0,0,0,0,0,0,0,0,0,0,0,0,0,0,2026-08-27 13:45:00.473119+00,2026-08-27 13:45:00.473119+00
10,16384,t,-2532399276659948385,"DECLARE ""query-cursor_40"" SCROLL CURSOR FOR select queryid, left(query, $1), calls, (total_plan_time + total_exec_time) as total_time from aurora_stat_statements($2) order by calls desc limit $3 FOR READ ONLY",0,0,0,0,0,0,1,0.058926,0.058926,0.058926,0.058926,0,0,0,0,0,0,0,0,0,0,0,0,0,0,0,0,0,0,0,0,0,0,0,0,0,0,0,0,0,0,0,2026-08-27 14:07:15.566733+00,2026-08-27 14:07:15.566733+00
10,5,t,588360189971772035,"SELECT current_catalog, COUNT(*) FROM pg_catalog.pg_extension WHERE extname = $1",0,0,0,0,0,0,1,0.008752,0.008752,0.008752,0.008752,0,1,1,0,0,0,0,0,0,0,0,0,0,0,0,0,0,0,0,0,0,0,0,0,0,0,0,0,0,0,0,2026-08-27 13:45:00.541461+00,2026-08-27 13:45:00.541461+00
16410,16412,t,6587230066282723156,"SELECT RES_ENT_ID,LIB_FEAT_ID,FTYPE_ID,UTYPE_CODE,SUPPRESSED,OBS_ENT_CNT FROM RES_FEAT_EKEY WHERE RES_ENT_ID IN ($1) AND FTYPE_ID IN ($2,$3,$4,$5,$6,$7,$8,$9,$10,$11,$12,$13,$14,$15,$16,$17,$18,$19,$20,$21,$22,$23)",0,0,0,0,0,0,37,8.825157999999998,0.024263,3.376909,0.23851778378378374,0.5507536384114161,10565,237,0,0,0,0,0,0,0,0,0,0,0,0,0,0,0,0,0,0,0,0,0,0,0,0,0,0,0,0,2026-08-27 15:50:47.859151+00,2026-08-27 15:50:47.859151+00
10,16384,t,-786406970955634702,"DECLARE ""query-cursor_68"" SCROLL CURSOR FOR select queryid, left(query, $1), calls, (total_plan_time + total_exec_time) as total_time from aurora_stat_statements($2) order by calls desc limit $3 FOR READ ONLY",0,0,0,0,0,0,1,0.061782,0.061782,0.061782,0.061782,0,0,0,0,0,0,0,0,0,0,0,0,0,0,0,0,0,0,0,0,0,0,0,0,0,0,0,0,0,0,0,2026-08-27 14:35:15.568698+00,2026-08-27 14:35:15.568698+00
10,16384,t,-6421191028153845367,"DECLARE ""query-cursor_226"" SCROLL CURSOR FOR select queryid, left(query, $1), calls, (total_plan_time + total_exec_time) as total_time from aurora_stat_statements($2) order by calls desc limit $3 FOR READ ONLY",0,0,0,0,0,0,1,0.067111,0.067111,0.067111,0.067111,0,0,0,0,0,0,0,0,0,0,0,0,0,0,0,0,0,0,0,0,0,0,0,0,0,0,0,0,0,0,0,2026-08-27 17:23:15.579962+00,2026-08-27 17:23:15.579962+00
10,16384,t,-4128646314928582024,"FETCH 45 IN ""query-cursor_148""",0,0,0,0,0,0,1,0.005274,0.005274,0.005274,0.005274,0,45,0,0,0,0,0,0,0,0,0,0,0,0,0,0,0,0,0,0,0,0,0,0,0,0,0,0,0,0,0,2026-08-27 15:55:15.591174+00,2026-08-27 15:55:15.591174+00
10,16384,t,-5538074784282496908,"DECLARE ""query-cursor_30"" SCROLL CURSOR FOR select queryid, left(query, $1), calls, (total_plan_time + total_exec_time) as total_time from aurora_stat_statements($2) order by calls desc limit $3 FOR READ ONLY",0,0,0,0,0,0,1,0.057274,0.057274,0.057274,0.057274,0,0,0,0,0,0,0,0,0,0,0,0,0,0,0,0,0,0,0,0,0,0,0,0,0,0,0,0,0,0,0,2026-08-27 13:57:15.565976+00,2026-08-27 13:57:15.565976+00
16410,16412,t,-191969569717916593,DELETE FROM perf.snap_scalar    WHERE label = $1,0,0,0,0,0,0,1,0.017752,0.017752,0.017752,0.017752,0,0,1,0,0,0,0,0,0,0,0,0,0,0,0,0,0,0,0,0,0,0,0,0,0,0,0,0,0,0,0,2026-08-27 17:43:04.415495+00,2026-08-27 17:43:04.415495+00
10,16384,t,6671691090231449083,"MOVE -1933 IN ""query-cursor_189""",0,0,0,0,0,0,1,0.036117,0.036117,0.036117,0.036117,0,0,0,0,0,0,0,0,0,0,0,0,0,0,0,0,0,0,0,0,0,0,0,0,0,0,0,0,0,0,0,2026-08-27 16:46:15.582199+00,2026-08-27 16:46:15.582199+00
10,16384,t,-590410229960730495,"FETCH 17 IN ""query-cursor_37""",0,0,0,0,0,0,1,0.001806,0.001806,0.001806,0.001806,0,17,0,0,0,0,0,0,0,0,0,0,0,0,0,0,0,0,0,0,0,0,0,0,0,0,0,0,0,0,0,2026-08-27 14:04:15.568903+00,2026-08-27 14:04:15.568903+00
10,16384,t,1444229378710159251,SELECT count(*) from pg_catalog.pg_proc where proname=$1 and pronamespace=$2::regnamespace::oid,0,0,0,0,0,0,256,4.587301000000001,0.007002,1.9467180000000002,0.017919144531250004,0.1208326185279412,256,766,2,0,0,0,0,0,0,0,0,1.932314,0,0,0,0,0,0,0,0,0,0,0,0,0,0,0,0,0,0,2026-08-27 13:27:26.441875+00,2026-08-27 13:27:26.441875+00
16410,16412,t,868786806744657662,"SELECT LIB_FEAT_ID FROM SEMANTIC_VALUE WHERE LIB_FEAT_ID IN ($1,$2,$3,$4,$5,$6,$7,$8,$9,$10,$11,$12,$13,$14,$15,$16,$17,$18,$19,$20,$21,$22,$23,$24,$25,$26,$27,$28,$29,$30,$31,$32)",0,0,0,0,0,0,12,1.4051429999999998,0.072777,0.16412,0.11709524999999998,0.027162101296736352,275,1048,0,0,0,0,0,0,0,0,0,0,0,0,0,0,0,0,0,0,0,0,0,0,0,0,0,0,0,0,2026-08-27 16:09:06.461801+00,2026-08-27 16:09:06.461801+00
10,16384,t,4751993621213474041,"MOVE ALL IN ""query-cursor_181""",0,0,0,0,0,0,1,4.535487,4.535487,4.535487,4.535487,0,0,0,0,0,0,0,0,0,0,0,0,0,0,0,0,0,0,0,0,0,0,0,0,0,0,0,0,0,0,0,2026-08-27 16:38:15.581493+00,2026-08-27 16:38:15.581493+00
10,16412,t,-1342905154215104636,"SELECT E.NAME, X.EXTVERSION, X.EXTVERSION=E.DEFAULT_VERSION IS_DEFAULT_VERSION
FROM PG_CATALOG.PG_AVAILABLE_EXTENSIONS() E INNER JOIN PG_EXTENSION X ON (E.NAME=X.EXTNAME)",0,0,0,0,0,0,1,56.077816000000006,56.077816000000006,56.077816000000006,56.077816000000006,0,2,2,0,0,0,0,0,0,0,0,0,0,0,0,0,0,0,0,0,0,0,0,0,0,0,0,0,0,0,0,2026-08-27 13:45:00.446651+00,2026-08-27 13:45:00.446651+00
10,16384,t,-119528691839420355,"MOVE -850 IN ""query-cursor_116""",0,0,0,0,0,0,1,0.016901,0.016901,0.016901,0.016901,0,0,0,0,0,0,0,0,0,0,0,0,0,0,0,0,0,0,0,0,0,0,0,0,0,0,0,0,0,0,0,2026-08-27 15:23:15.573932+00,2026-08-27 15:23:15.573932+00
10,16384,t,-7912679589070769749,"MOVE -874 IN ""query-cursor_120""",0,0,0,0,0,0,1,0.017554,0.017554,0.017554,0.017554,0,0,0,0,0,0,0,0,0,0,0,0,0,0,0,0,0,0,0,0,0,0,0,0,0,0,0,0,0,0,0,2026-08-27 15:27:15.574188+00,2026-08-27 15:27:15.574188+00
10,16384,t,388465306804962233,"FETCH 0 IN ""query-cursor_6""",0,0,0,0,0,0,1,0.00345,0.00345,0.00345,0.00345,0,0,0,0,0,0,0,0,0,0,0,0,0,0,0,0,0,0,0,0,0,0,0,0,0,0,0,0,0,0,0,2026-08-27 13:33:15.564315+00,2026-08-27 13:33:15.564315+00
10,16384,t,6275167262581769851,"MOVE -1927 IN ""query-cursor_188""",0,0,0,0,0,0,1,0.035985,0.035985,0.035985,0.035985,0,0,0,0,0,0,0,0,0,0,0,0,0,0,0,0,0,0,0,0,0,0,0,0,0,0,0,0,0,0,0,2026-08-27 16:45:15.582275+00,2026-08-27 16:45:15.582275+00
10,16384,t,-2305038764434628613,"DECLARE ""query-cursor_231"" SCROLL CURSOR FOR select queryid, left(query, $1), calls, (total_plan_time + total_exec_time) as total_time from aurora_stat_statements($2) order by calls desc limit $3 FOR READ ONLY",0,0,0,0,0,0,1,0.064611,0.064611,0.064611,0.064611,0,0,0,0,0,0,0,0,0,0,0,0,0,0,0,0,0,0,0,0,0,0,0,0,0,0,0,0,0,0,0,2026-08-27 17:28:15.580273+00,2026-08-27 17:28:15.580273+00
10,16384,t,4914131400798318259,"FETCH 50 IN ""query-cursor_178""",0,0,0,0,0,0,37,0.14682299999999995,0.00293,0.007031,0.003968189189189188,0.001044947893123186,1850,0,0,0,0,0,0,0,0,0,0,0,0,0,0,0,0,0,0,0,0,0,0,0,0,0,0,0,0,0,2026-08-27 16:35:15.58146+00,2026-08-27 16:35:15.58146+00
16410,16412,t,2037496082081984659,"UPDATE RES_ENT SET LOCKING_ID=LOCKING_ID+$4,LOCK_DSRC_ACTION=$1 WHERE RES_ENT_ID IN ($2,$3)",0,0,0,0,0,0,6797,8385.697752000013,0.02564,1960.94291,1.2337351407974124,31.65224034540813,13585,108979,0,0,3,0,0,0,0,0,0,0,0.016930999999999998,0,0,0,0,0,0,0,0,0,0,0,0,0,0,0,0,0,2026-08-27 15:50:59.875226+00,2026-08-27 15:50:59.875226+00
10,16384,t,1292314571175987651,"MOVE -580 IN ""query-cursor_71""",0,0,0,0,0,0,1,0.012719,0.012719,0.012719,0.012719,0,0,0,0,0,0,0,0,0,0,0,0,0,0,0,0,0,0,0,0,0,0,0,0,0,0,0,0,0,0,0,2026-08-27 14:38:15.570201+00,2026-08-27 14:38:15.570201+00
16410,16412,t,4005550565095767851,"SELECT LIB_FEAT_ID,UTYPE_CODE,RES_ENT_ID,OBS_ENT_CNT FROM RES_FEAT_EKEY WHERE LIB_FEAT_ID IN ($1,$2,$3,$4,$5,$6,$7,$8,$9,$10,$11,$12,$13,$14,$15,$16,$17,$18,$19,$20,$21,$22,$23,$24,$25,$26,$27,$28,$29,$30,$31,$32) AND RES_ENT_ID!=$33",0,0,0,0,0,0,175360,22584.00388499981,0.00408,80.732652,0.12878651850478906,1.0648049146728202,1137394,3146600,0,0,0,0,0,0,0,0,0,0,0,0,0,0,0,0,0,0,0,0,0,0,0,0,0,0,0,0,2026-08-27 15:50:46.838918+00,2026-08-27 15:50:46.838918+00
16410,16412,t,-8237623281159583266,DELETE FROM RES_FEAT_EKEY WHERE ((RES_ENT_ID=$1 AND LIB_FEAT_ID=$2 AND UTYPE_CODE=$3)),0,0,0,0,0,0,38173,11714.130712999902,0.007533,354.097765,0.30686953378041815,3.465851395923613,38144,229461,0,0,0,0,0,0,0,0,0,0,0,0,0,0,0,0,0,0,0,0,0,0,0,0,0,0,0,0,2026-08-27 15:51:02.314746+00,2026-08-27 15:51:02.314746+00
10,16384,t,992944234367090328,"MOVE ALL IN ""query-cursor_184""",0,0,0,0,0,0,1,4.607408,4.607408,4.607408,4.607408,0,0,0,0,0,0,0,0,0,0,0,0,0,0,0,0,0,0,0,0,0,0,0,0,0,0,0,0,0,0,0,2026-08-27 16:41:15.581779+00,2026-08-27 16:41:15.581779+00
16410,16412,t,-6063819837724179642,"DELETE FROM RES_ENT WHERE RES_ENT_ID IN ($1,$2)",0,0,0,0,0,0,148,10.54721,0.020469,2.2066220000000003,0.07126493243243243,0.24909635037795536,296,1794,0,0,0,0,0,0,0,0,0,0,0,0,0,0,0,0,0,0,0,0,0,0,0,0,0,0,0,0,2026-08-27 15:51:31.597728+00,2026-08-27 15:51:31.597728+00
10,16384,t,-8407282203393982886,"MOVE ALL IN ""query-cursor_239""",0,0,0,0,0,0,1,5.858581,5.858581,5.858581,5.858581,0,0,0,0,0,0,0,0,0,0,0,0,0,0,0,0,0,0,0,0,0,0,0,0,0,0,0,0,0,0,0,2026-08-27 17:36:15.586817+00,2026-08-27 17:36:15.586817+00
10,16384,t,-2903107086368559517,"MOVE -181 IN ""query-cursor_9""",0,0,0,0,0,0,1,0.005695,0.005695,0.005695,0.005695,0,0,0,0,0,0,0,0,0,0,0,0,0,0,0,0,0,0,0,0,0,0,0,0,0,0,0,0,0,0,0,2026-08-27 13:36:15.565043+00,2026-08-27 13:36:15.565043+00
10,16384,t,3483630397390563004,"MOVE ALL IN ""query-cursor_55""",0,0,0,0,0,0,1,1.019137,1.019137,1.019137,1.019137,0,0,0,0,0,0,0,0,0,0,0,0,0,0,0,0,0,0,0,0,0,0,0,0,0,0,0,0,0,0,0,2026-08-27 14:22:15.568883+00,2026-08-27 14:22:15.568883+00
16410,16412,t,1993119429907790555,"INSERT INTO RES_REL_EKEY(RES_REL_ID,RES_ENT_ID,REL_ENT_ID) VALUES ($1,$2,$3),($4,$5,$6),($7,$8,$9),($10,$11,$12),($13,$14,$15),($16,$17,$18),($19,$20,$21),($22,$23,$24),($25,$26,$27),($28,$29,$30),($31,$32,$33),($34,$35,$36),($37,$38,$39),($40,$41,$42),($43,$44,$45),($46,$47,$48),($49,$50,$51),($52,$53,$54),($55,$56,$57),($58,$59,$60),($61,$62,$63),($64,$65,$66),($67,$68,$69),($70,$71,$72),($73,$74,$75),($76,$77,$78),($79,$80,$81),($82,$83,$84),($85,$86,$87),($88,$89,$90) ON CONFLICT DO NOTHING",0,0,0,0,0,0,316,2532.8736860000004,0.286363,140.104168,8.015423056962026,21.19328995174036,9480,75981,0,0,76,0,0,0,0,0,0,0,5.294013999999998,0,0,0,0,0,0,0,0,0,0,0,0,0,0,0,0,0,2026-08-27 15:52:03.617422+00,2026-08-27 15:52:03.617422+00
10,16384,t,4309745114309774805,"SELECT PLUGIN, COUNT(*), GREATEST(MAX(AGE(XMIN)),MAX(AGE(CATALOG_XMIN)))
FROM PG_CATALOG.PG_GET_REPLICATION_SLOTS() GROUP BY PLUGIN",0,0,0,0,0,0,1,0.005992000000000001,0.005992000000000001,0.005992000000000001,0.005992000000000001,0,0,0,0,0,0,0,0,0,0,0,0,0,0,0,0,0,0,0,0,0,0,0,0,0,0,0,0,0,0,0,2026-08-27 13:45:00.511551+00,2026-08-27 13:45:00.511551+00
16410,16412,t,2168675765292875470,"SELECT RES_ENT_ID,LIB_FEAT_ID,FTYPE_ID,UTYPE_CODE,SUPPRESSED,OBS_ENT_CNT FROM RES_FEAT_EKEY WHERE RES_ENT_ID IN ($1) AND FTYPE_ID IN ($2,$3,$4,$5,$6,$7,$8,$9,$10,$11,$12,$13,$14,$15,$16,$17,$18,$19,$20,$21,$22,$23,$24,$25,$26,$27,$28,$29,$30,$31,$32,$33,$34,$35,$36,$37,$38,$39,$40,$41,$42,$43,$44,$45,$46,$47,$48,$49,$50,$51,$52,$53,$54,$55)",0,0,0,0,0,0,14,2.5750490000000004,0.010185,0.919937,0.18393207142857146,0.3021248158832619,31,120,0,0,0,0,0,0,0,0,0,0,0,0,0,0,0,0,0,0,0,0,0,0,0,0,0,0,0,0,2026-08-27 15:53:56.117055+00,2026-08-27 15:53:56.117055+00
10,16384,t,3224293367420392924,"MOVE -838 IN ""query-cursor_114""",0,0,0,0,0,0,1,0.017063,0.017063,0.017063,0.017063,0,0,0,0,0,0,0,0,0,0,0,0,0,0,0,0,0,0,0,0,0,0,0,0,0,0,0,0,0,0,0,2026-08-27 15:21:15.573855+00,2026-08-27 15:21:15.573855+00
10,16384,t,1553349057170439547,"MOVE ALL IN ""query-cursor_8""",0,0,0,0,0,0,1,0.366243,0.366243,0.366243,0.366243,0,0,0,0,0,0,0,0,0,0,0,0,0,0,0,0,0,0,0,0,0,0,0,0,0,0,0,0,0,0,0,2026-08-27 13:35:15.564905+00,2026-08-27 13:35:15.564905+00
16410,16412,t,-212649603450717518,"SELECT OBS_ENT_ID,RES_ENT_ID FROM RES_ENT_OKEY WHERE RES_ENT_ID IN ($1,$2,$3,$4)",0,0,0,0,0,0,428,15.672897999999991,0.012561000000000001,0.847126,0.03661892056074764,0.04251300298779679,1822,6602,0,0,0,0,0,0,0,0,0,0,0,0,0,0,0,0,0,0,0,0,0,0,0,0,0,0,0,0,2026-08-27 15:52:19.206342+00,2026-08-27 15:52:19.206342+00
10,16384,t,-7402823810602341959,"FETCH 0 IN ""query-cursor_197""",0,0,0,0,0,0,1,0.003316,0.003316,0.003316,0.003316,0,0,0,0,0,0,0,0,0,0,0,0,0,0,0,0,0,0,0,0,0,0,0,0,0,0,0,0,0,0,0,2026-08-27 16:54:15.5781+00,2026-08-27 16:54:15.5781+00
10,16384,t,4334442912772911530,"FETCH 50 IN ""query-cursor_14""",0,0,0,0,0,0,4,0.014608000000000001,0.002885,0.005251,0.0036520000000000003,0.0009514793744480224,200,0,0,0,0,0,0,0,0,0,0,0,0,0,0,0,0,0,0,0,0,0,0,0,0,0,0,0,0,0,2026-08-27 13:41:15.565458+00,2026-08-27 13:41:15.565458+00
10,16384,t,3587822843603412656,"FETCH 50 IN ""query-cursor_245""",0,0,0,0,0,0,45,0.171272,0.002684,0.011137,0.0038060444444444445,0.0014926125783791995,2250,0,0,0,0,0,0,0,0,0,0,0,0,0,0,0,0,0,0,0,0,0,0,0,0,0,0,0,0,0,2026-08-27 17:42:15.58696+00,2026-08-27 17:42:15.58696+00
16410,16412,t,246073450980332549,"UPDATE RES_FEAT_EKEY AS T SET SUPPRESSED = C.SUPPRESSED FROM (VALUES (CAST ($1 AS BIGINT),CAST ($2 AS BIGINT),$3,$4),(CAST ($5 AS BIGINT),CAST ($6 AS BIGINT),$7,$8),(CAST ($9 AS BIGINT),CAST ($10 AS BIGINT),$11,$12),(CAST ($13 AS BIGINT),CAST ($14 AS BIGINT),$15,$16),(CAST ($17 AS BIGINT),CAST ($18 AS BIGINT),$19,$20),(CAST ($21 AS BIGINT),CAST ($22 AS BIGINT),$23,$24),(CAST ($25 AS BIGINT),CAST ($26 AS BIGINT),$27,$28),(CAST ($29 AS BIGINT),CAST ($30 AS BIGINT),$31,$32),(CAST ($33 AS BIGINT),CAST ($34 AS BIGINT),$35,$36),(CAST ($37 AS BIGINT),CAST ($38 AS BIGINT),$39,$40),(CAST ($41 AS BIGINT),CAST ($42 AS BIGINT),$43,$44),(CAST ($45 AS BIGINT),CAST ($46 AS BIGINT),$47,$48),(CAST ($49 AS BIGINT),CAST ($50 AS BIGINT),$51,$52),(CAST ($53 AS BIGINT),CAST ($54 AS BIGINT),$55,$56),(CAST ($57 AS BIGINT),CAST ($58 AS BIGINT),$59,$60),(CAST ($61 AS BIGINT),CAST ($62 AS BIGINT),$63,$64),(CAST ($65 AS BIGINT),CAST ($66 AS BIGINT),$67,$68),(CAST ($69 AS BIGINT),CAST ($70 AS BIGINT),$71,$72),(CAST ($73 AS BIGINT),CAST ($74 AS BIGINT),$75,$76)) AS C(RES_ENT_ID,LIB_FEAT_ID,UTYPE_CODE,SUPPRESSED) WHERE C.RES_ENT_ID=T.RES_ENT_ID AND C.LIB_FEAT_ID=T.LIB_FEAT_ID AND C.UTYPE_CODE=T.UTYPE_CODE",0,0,0,0,0,0,114,335.1372910000001,0.143269,116.710434,2.939800798245615,11.625270899389205,2166,25102,0,0,7,0,0,0,0,0,0,0,0.059025,0,0,0,0,0,0,0,0,0,0,0,0,0,0,0,0,0,2026-08-27 15:51:53.631854+00,2026-08-27 15:51:53.631854+00
10,16384,t,-4099100977711347080,"FETCH 0 IN ""query-cursor_3""",0,0,0,0,0,0,1,0.004429,0.004429,0.004429,0.004429,0,0,0,0,0,0,0,0,0,0,0,0,0,0,0,0,0,0,0,0,0,0,0,0,0,0,0,0,0,0,0,2026-08-27 13:30:15.564951+00,2026-08-27 13:30:15.564951+00
10,16384,t,-8538731078167172231,"DECLARE ""query-cursor_100"" SCROLL CURSOR FOR select queryid, left(query, $1), calls, (total_plan_time + total_exec_time) as total_time from aurora_stat_statements($2) order by calls desc limit $3 FOR READ ONLY",0,0,0,0,0,0,1,0.066609,0.066609,0.066609,0.066609,0,0,0,0,0,0,0,0,0,0,0,0,0,0,0,0,0,0,0,0,0,0,0,0,0,0,0,0,0,0,0,2026-08-27 15:07:15.5709+00,2026-08-27 15:07:15.5709+00
10,16384,t,3593937002784316659,"FETCH 37 IN ""query-cursor_165""",0,0,0,0,0,0,1,0.00305,0.00305,0.00305,0.00305,0,37,0,0,0,0,0,0,0,0,0,0,0,0,0,0,0,0,0,0,0,0,0,0,0,0,0,0,0,0,0,2026-08-27 16:22:15.592661+00,2026-08-27 16:22:15.592661+00
10,16384,t,-4034283664736719046,"MOVE -652 IN ""query-cursor_83""",0,0,0,0,0,0,1,0.013921,0.013921,0.013921,0.013921,0,0,0,0,0,0,0,0,0,0,0,0,0,0,0,0,0,0,0,0,0,0,0,0,0,0,0,0,0,0,0,2026-08-27 14:50:15.571145+00,2026-08-27 14:50:15.571145+00
10,16384,t,3384301585456168331,"MOVE ALL IN ""query-cursor_28""",0,0,0,0,0,0,1,0.655011,0.655011,0.655011,0.655011,0,0,0,0,0,0,0,0,0,0,0,0,0,0,0,0,0,0,0,0,0,0,0,0,0,0,0,0,0,0,0,2026-08-27 13:55:15.56658+00,2026-08-27 13:55:15.56658+00
10,16384,t,-7308682006234882472,"DECLARE ""query-cursor_243"" SCROLL CURSOR FOR select queryid, left(query, $1), calls, (total_plan_time + total_exec_time) as total_time from aurora_stat_statements($2) order by calls desc limit $3 FOR READ ONLY",0,0,0,0,0,0,1,0.074169,0.074169,0.074169,0.074169,0,0,0,0,0,0,0,0,0,0,0,0,0,0,0,0,0,0,0,0,0,0,0,0,0,0,0,0,0,0,0,2026-08-27 17:40:15.581251+00,2026-08-27 17:40:15.581251+00
16410,16412,t,-5118325240021580700,"UPDATE RES_ENT SET ENT_STATE=COALESCE(ENT_STATE,$5)|$1 WHERE RES_ENT_ID=$2 AND (COALESCE(ENT_STATE,$6)&$3)<>$4",0,0,0,0,0,0,1576768,264317154.49332768,0.003387,277288.539599,167.63224170792893,4848.250323509833,293166,9112680,0,0,660,0,0,0,0,0,0,0,20.853651000000006,0,0,0,0,0,0,0,0,0,0,0,0,0,0,0,0,0,2026-08-27 15:50:48.132875+00,2026-08-27 15:50:48.132875+00
16410,16412,t,-4339771531363316625,"SELECT RES_ENT_ID,LIB_FEAT_ID,FTYPE_ID,UTYPE_CODE,SUPPRESSED,OBS_ENT_CNT FROM RES_FEAT_EKEY WHERE RES_ENT_ID IN ($1,$2) AND FTYPE_ID IN ($3,$4,$5,$6,$7,$8,$9,$10,$11,$12,$13,$14,$15,$16,$17,$18,$19,$20,$21,$22,$23,$24,$25,$26,$27,$28,$29,$30,$31,$32,$33,$34,$35,$36,$37,$38,$39,$40,$41,$42,$43,$44,$45,$46,$47,$48,$49,$50,$51,$52)",0,0,0,0,0,0,1,0.118317,0.118317,0.118317,0.118317,0,0,10,0,0,0,0,0,0,0,0,0,0,0,0,0,0,0,0,0,0,0,0,0,0,0,0,0,0,0,0,2026-08-27 15:57:29.005799+00,2026-08-27 15:57:29.005799+00
10,16384,t,3332084335071876510,"MOVE -844 IN ""query-cursor_115""",0,0,0,0,0,0,1,0.017124,0.017124,0.017124,0.017124,0,0,0,0,0,0,0,0,0,0,0,0,0,0,0,0,0,0,0,0,0,0,0,0,0,0,0,0,0,0,0,2026-08-27 15:22:15.573803+00,2026-08-27 15:22:15.573803+00
16410,16412,t,-2462546356405815846,SET lock_timeout = $1,0,0,0,0,0,0,1685,29.166567999999994,0.004722,4.44914,0.017309535905044506,0.10820650106608941,0,0,0,0,0,0,0,0,0,0,0,0,0,0,0,0,0,0,0,0,0,0,0,0,0,0,0,0,0,0,2026-08-27 15:51:33.45449+00,2026-08-27 15:51:33.45449+00
16410,16412,t,6291382799046114632,"SELECT RES_ENT_ID,LIB_FEAT_ID,FTYPE_ID,UTYPE_CODE,SUPPRESSED,OBS_ENT_CNT FROM RES_FEAT_EKEY WHERE RES_ENT_ID IN ($1,$2,$3,$4,$5,$6,$7,$8) AND FTYPE_ID IN ($9,$10,$11,$12,$13,$14,$15,$16,$17,$18,$19,$20,$21)",0,0,0,0,0,0,5149,4679.203142000001,0.06821200000000001,107.3338,0.9087595925422415,3.386020199695547,2410806,168090,0,0,0,0,0,0,0,0,0,0,0,0,0,0,0,0,0,0,0,0,0,0,0,0,0,0,0,0,2026-08-27 15:50:48.134082+00,2026-08-27 15:50:48.134082+00
16410,16412,t,1209441295001003248,"SELECT RES_ENT_ID,LIB_FEAT_ID,FTYPE_ID,UTYPE_CODE,SUPPRESSED,OBS_ENT_CNT FROM RES_FEAT_EKEY WHERE RES_ENT_ID IN ($1,$2,$3,$4) AND FTYPE_ID IN ($5,$6,$7,$8,$9,$10,$11,$12,$13,$14,$15,$16,$17,$18,$19,$20)",0,0,0,0,0,0,2605,1152.7082139999995,0.037792,30.08259,0.44249835470249504,1.49882307592567,718782,44262,0,0,0,0,0,0,0,0,0,0,0,0,0,0,0,0,0,0,0,0,0,0,0,0,0,0,0,0,2026-08-27 15:50:47.801357+00,2026-08-27 15:50:47.801357+00
10,16384,t,-5116239991554701042,"FETCH 50 IN ""query-cursor_217""",0,0,0,0,0,0,41,0.15647599999999995,0.002753,0.006285,0.0038164878048780474,0.0010131545068395671,2050,0,0,0,0,0,0,0,0,0,0,0,0,0,0,0,0,0,0,0,0,0,0,0,0,0,0,0,0,0,2026-08-27 17:14:15.585038+00,2026-08-27 17:14:15.585038+00
10,16384,t,3527278937924463010,"MOVE ALL IN ""query-cursor_13""",0,0,0,0,0,0,1,0.438733,0.438733,0.438733,0.438733,0,0,0,0,0,0,0,0,0,0,0,0,0,0,0,0,0,0,0,0,0,0,0,0,0,0,0,0,0,0,0,2026-08-27 13:40:15.565356+00,2026-08-27 13:40:15.565356+00
10,16384,t,534799694257649285,"FETCH 0 IN ""query-cursor_184""",0,0,0,0,0,0,1,0.003746,0.003746,0.003746,0.003746,0,0,0,0,0,0,0,0,0,0,0,0,0,0,0,0,0,0,0,0,0,0,0,0,0,0,0,0,0,0,0,2026-08-27 16:41:15.577124+00,2026-08-27 16:41:15.577124+00
16410,16412,t,-7706506530595256895,"CREATE TABLE IF NOT EXISTS SEMANTIC_VALUE (LIB_FEAT_ID BIGINT NOT NULL, LABEL TEXT NOT NULL, EMBEDDING VECTOR(512), PRIMARY KEY(LIB_FEAT_ID))",0,0,0,0,0,0,1,6.400274,6.400274,6.400274,6.400274,0,0,349,0,0,1,0,0,0,0,0,0,0,0.002308,0,0,0,0,0,0,0,0,0,0,0,0,0,0,0,0,0,2026-08-27 13:30:55.586143+00,2026-08-27 13:30:55.586143+00
10,16384,t,45038724719541551,"FETCH 50 IN ""query-cursor_241""",0,0,0,0,0,0,44,0.16430699999999995,0.002746,0.008414,0.003734249999999999,0.0011999512703174096,2200,0,0,0,0,0,0,0,0,0,0,0,0,0,0,0,0,0,0,0,0,0,0,0,0,0,0,0,0,0,2026-08-27 17:38:15.587096+00,2026-08-27 17:38:15.587096+00
16410,16412,t,-3705340874889185282,DELETE FROM perf.snap_table     WHERE label = $1,0,0,0,0,0,0,1,0.005298,0.005298,0.005298,0.005298,0,0,1,0,0,0,0,0,0,0,0,0,0,0,0,0,0,0,0,0,0,0,0,0,0,0,0,0,0,0,0,2026-08-27 17:43:04.41725+00,2026-08-27 17:43:04.41725+00
16410,16412,t,54861303322837064,DEALLOCATE ALL,0,0,0,0,0,0,4410,393.4915900000007,0.000483,20.237666,0.08922711791383237,0.5166567791894003,0,0,0,0,0,0,0,0,0,0,0,0,0,0,0,0,0,0,0,0,0,0,0,0,0,0,0,0,0,0,2026-08-27 13:32:04.113859+00,2026-08-27 13:32:04.113859+00
16410,16412,t,5835410022440023804,DELETE FROM RES_FEAT_EKEY WHERE ((RES_ENT_ID=$1 AND LIB_FEAT_ID=$2 AND UTYPE_CODE=$3)OR(RES_ENT_ID=$4 AND LIB_FEAT_ID=$5 AND UTYPE_CODE=$6)OR(RES_ENT_ID=$7 AND LIB_FEAT_ID=$8 AND UTYPE_CODE=$9)OR(RES_ENT_ID=$10 AND LIB_FEAT_ID=$11 AND UTYPE_CODE=$12)OR(RES_ENT_ID=$13 AND LIB_FEAT_ID=$14 AND UTYPE_CODE=$15)OR(RES_ENT_ID=$16 AND LIB_FEAT_ID=$17 AND UTYPE_CODE=$18)OR(RES_ENT_ID=$19 AND LIB_FEAT_ID=$20 AND UTYPE_CODE=$21)OR(RES_ENT_ID=$22 AND LIB_FEAT_ID=$23 AND UTYPE_CODE=$24)),0,0,0,0,0,0,1689,1062.1820600000015,0.01653,67.627468,0.6288822143280056,3.0747307970697664,13456,69547,0,0,0,0,0,0,0,0,0,0,0,0,0,0,0,0,0,0,0,0,0,0,0,0,0,0,0,0,2026-08-27 15:51:24.911978+00,2026-08-27 15:51:24.911978+00
10,16384,t,-638070306170235454,"MOVE -551 IN ""query-cursor_66""",0,0,0,0,0,0,1,0.011842,0.011842,0.011842,0.011842,0,0,0,0,0,0,0,0,0,0,0,0,0,0,0,0,0,0,0,0,0,0,0,0,0,0,0,0,0,0,0,2026-08-27 14:33:15.569826+00,2026-08-27 14:33:15.569826+00
10,16384,t,-3494748731752761810,"DECLARE ""query-cursor_170"" SCROLL CURSOR FOR select queryid, left(query, $1), calls, (total_plan_time + total_exec_time) as total_time from aurora_stat_statements($2) order by calls desc limit $3 FOR READ ONLY",0,0,0,0,0,0,1,0.067323,0.067323,0.067323,0.067323,0,0,0,0,0,0,0,0,0,0,0,0,0,0,0,0,0,0,0,0,0,0,0,0,0,0,0,0,0,0,0,2026-08-27 16:27:15.576002+00,2026-08-27 16:27:15.576002+00
16410,16412,t,-2752700083553559508,"SELECT OBS_ENT_ID,LOCKING_ID FROM OBS_ENT WHERE OBS_ENT_ID IN ($1,$2,$3,$4,$5,$6,$7,$8,$9,$10,$11,$12,$13,$14,$15,$16,$17,$18,$19,$20,$21,$22,$23,$24,$25,$26,$27,$28,$29,$30,$31,$32,$33,$34,$35,$36,$37,$38,$39,$40,$41,$42,$43,$44,$45,$46,$47,$48,$49,$50,$51,$52,$53,$54,$55,$56,$57,$58,$59,$60,$61,$62,$63,$64)",0,0,0,0,0,0,15,3.73099,0.137362,0.374012,0.24873266666666666,0.0656589716618292,562,3072,0,0,0,0,0,0,0,0,0,0,0,0,0,0,0,0,0,0,0,0,0,0,0,0,0,0,0,0,2026-08-27 16:06:10.978717+00,2026-08-27 16:06:10.978717+00
10,16384,t,-8454379496207304582,"FETCH 7 IN ""query-cursor_235""",0,0,0,0,0,0,1,0.002801,0.002801,0.002801,0.002801,0,7,0,0,0,0,0,0,0,0,0,0,0,0,0,0,0,0,0,0,0,0,0,0,0,0,0,0,0,0,0,2026-08-27 17:32:15.600199+00,2026-08-27 17:32:15.600199+00
10,16384,t,4585965723607639061,"FETCH 13 IN ""query-cursor_236""",0,0,0,0,0,0,1,0.001736,0.001736,0.001736,0.001736,0,13,0,0,0,0,0,0,0,0,0,0,0,0,0,0,0,0,0,0,0,0,0,0,0,0,0,0,0,0,0,2026-08-27 17:33:15.600203+00,2026-08-27 17:33:15.600203+00
10,16384,t,-249396599521031468,"MOVE ALL IN ""query-cursor_190""",0,0,0,0,0,0,1,4.855269,4.855269,4.855269,4.855269,0,0,0,0,0,0,0,0,0,0,0,0,0,0,0,0,0,0,0,0,0,0,0,0,0,0,0,0,0,0,0,2026-08-27 16:47:15.582439+00,2026-08-27 16:47:15.582439+00
10,16384,t,-921082789481393226,"MOVE -1837 IN ""query-cursor_173""",0,0,0,0,0,0,1,0.034384,0.034384,0.034384,0.034384,0,0,0,0,0,0,0,0,0,0,0,0,0,0,0,0,0,0,0,0,0,0,0,0,0,0,0,0,0,0,0,2026-08-27 16:30:15.581146+00,2026-08-27 16:30:15.581146+00
10,16384,t,2187547290480146772,"FETCH 0 IN ""query-cursor_77""",0,0,0,0,0,0,1,0.003506,0.003506,0.003506,0.003506,0,0,0,0,0,0,0,0,0,0,0,0,0,0,0,0,0,0,0,0,0,0,0,0,0,0,0,0,0,0,0,2026-08-27 14:44:15.569373+00,2026-08-27 14:44:15.569373+00
10,16384,t,1505742728159891032,"select queryid, calls, (total_plan_time + total_exec_time) as total_time, rows, shared_blks_hit, shared_blks_dirtied, shared_blks_read, shared_blks_written, local_blks_hit, local_blks_dirtied, local_blks_read, local_blks_written, temp_blks_read, temp_blks_written, storage_blks_read, orcache_blks_hit, shared_blk_read_time as blk_read_time, shared_blk_write_time as blk_write_time, storage_blk_read_time, local_blk_read_time, orcache_blk_read_time, total_plan_time, total_exec_time from aurora_stat_statements($1) where queryid in ($2, $3, $4, $5, $6, $7, $8, $9, $10, $11, $12, $13, $14, $15, $16, $17, $18, $19, $20)",0,0,0,0,0,0,100,176.52583199999998,0.222457,2.99881,1.7652583199999998,0.7486844385244278,2436,0,0,0,0,0,0,0,0,0,0,0,0,0,0,0,0,0,0,0,0,0,0,0,0,0,0,0,0,0,2026-08-27 13:32:25.564922+00,2026-08-27 13:32:25.564922+00
16410,16412,t,-7602567359069209044,"SELECT LIB_FEAT_ID,FEAT_DESC,FTYPE_ID,ANONYMIZED,FEAT_HASH,VERSION,FELEM_VALUES FROM LIB_FEAT WHERE (FEAT_HASH,FTYPE_ID) IN (($1,$2),($3,$4),($5,$6),($7,$8),($9,$10),($11,$12),($13,$14),($15,$16))",0,0,0,0,0,0,1026258,228662.76752199908,0.0076170000000000005,99.616469,0.2228121656756869,0.9429358963594845,3017396,35679621,0,0,0,0,0,0,0,0,0,0,0,0,0,0,0,0,0,0,0,0,0,0,0,0,0,0,0,0,2026-08-27 15:50:46.779057+00,2026-08-27 15:50:46.779057+00
10,16384,t,-1898628818260301364,"DECLARE ""query-cursor_163"" SCROLL CURSOR FOR select queryid, left(query, $1), calls, (total_plan_time + total_exec_time) as total_time from aurora_stat_statements($2) order by calls desc limit $3 FOR READ ONLY",0,0,0,0,0,0,1,0.064935,0.064935,0.064935,0.064935,0,0,0,0,0,0,0,0,0,0,0,0,0,0,0,0,0,0,0,0,0,0,0,0,0,0,0,0,0,0,0,2026-08-27 16:18:15.5755+00,2026-08-27 16:18:15.5755+00
16410,16412,t,-2426384856348657028,DELETE FROM RES_FEAT_EKEY WHERE ((RES_ENT_ID=$1 AND LIB_FEAT_ID=$2 AND UTYPE_CODE=$3)OR(RES_ENT_ID=$4 AND LIB_FEAT_ID=$5 AND UTYPE_CODE=$6)OR(RES_ENT_ID=$7 AND LIB_FEAT_ID=$8 AND UTYPE_CODE=$9)OR(RES_ENT_ID=$10 AND LIB_FEAT_ID=$11 AND UTYPE_CODE=$12)OR(RES_ENT_ID=$13 AND LIB_FEAT_ID=$14 AND UTYPE_CODE=$15)OR(RES_ENT_ID=$16 AND LIB_FEAT_ID=$17 AND UTYPE_CODE=$18)OR(RES_ENT_ID=$19 AND LIB_FEAT_ID=$20 AND UTYPE_CODE=$21)OR(RES_ENT_ID=$22 AND LIB_FEAT_ID=$23 AND UTYPE_CODE=$24)OR(RES_ENT_ID=$25 AND LIB_FEAT_ID=$26 AND UTYPE_CODE=$27)OR(RES_ENT_ID=$28 AND LIB_FEAT_ID=$29 AND UTYPE_CODE=$30)OR(RES_ENT_ID=$31 AND LIB_FEAT_ID=$32 AND UTYPE_CODE=$33)OR(RES_ENT_ID=$34 AND LIB_FEAT_ID=$35 AND UTYPE_CODE=$36)OR(RES_ENT_ID=$37 AND LIB_FEAT_ID=$38 AND UTYPE_CODE=$39)OR(RES_ENT_ID=$40 AND LIB_FEAT_ID=$41 AND UTYPE_CODE=$42)OR(RES_ENT_ID=$43 AND LIB_FEAT_ID=$44 AND UTYPE_CODE=$45)OR(RES_ENT_ID=$46 AND LIB_FEAT_ID=$47 AND UTYPE_CODE=$48)OR(RES_ENT_ID=$49 AND LIB_FEAT_ID=$50 AND UTYPE_CODE=$51)OR(RES_ENT_ID=$52 AND LIB_FEAT_ID=$53 AND UTYPE_CODE=$54)OR(RES_ENT_ID=$55 AND LIB_FEAT_ID=$56 AND UTYPE_CODE=$57)OR(RES_ENT_ID=$58 AND LIB_FEAT_ID=$59 AND UTYPE_CODE=$60)OR(RES_ENT_ID=$61 AND LIB_FEAT_ID=$62 AND UTYPE_CODE=$63)OR(RES_ENT_ID=$64 AND LIB_FEAT_ID=$65 AND UTYPE_CODE=$66)OR(RES_ENT_ID=$67 AND LIB_FEAT_ID=$68 AND UTYPE_CODE=$69)OR(RES_ENT_ID=$70 AND LIB_FEAT_ID=$71 AND UTYPE_CODE=$72)OR(RES_ENT_ID=$73 AND LIB_FEAT_ID=$74 AND UTYPE_CODE=$75)OR(RES_ENT_ID=$76 AND LIB_FEAT_ID=$77 AND UTYPE_CODE=$78)OR(RES_ENT_ID=$79 AND LIB_FEAT_ID=$80 AND UTYPE_CODE=$81)OR(RES_ENT_ID=$82 AND LIB_FEAT_ID=$83 AND UTYPE_CODE=$84)OR(RES_ENT_ID=$85 AND LIB_FEAT_ID=$86 AND UTYPE_CODE=$87)OR(RES_ENT_ID=$88 AND LIB_FEAT_ID=$89 AND UTYPE_CODE=$90)OR(RES_ENT_ID=$91 AND LIB_FEAT_ID=$92 AND UTYPE_CODE=$93)OR(RES_ENT_ID=$94 AND LIB_FEAT_ID=$95 AND UTYPE_CODE=$96)OR(RES_ENT_ID=$97 AND LIB_FEAT_ID=$98 AND UTYPE_CODE=$99)),0,0,0,0,0,0,10894,17539.588395999974,0.053248000000000004,387.87680800000004,1.6100228011749562,7.338865176629708,283475,1691439,0,0,0,0,0,0,0,0,0,0,0,0,0,0,0,0,0,0,0,0,0,0,0,0,0,0,0,0,2026-08-27 15:50:59.80022+00,2026-08-27 15:50:59.80022+00
16410,16412,t,-1002264275151279778,"INSERT INTO RES_FEAT_STAT(LIB_FEAT_ID,FTYPE_ID,NUM_RES_ENT,NUM_RES_ENT_OOM) VALUES ($1,$2,$3,$4),($5,$6,$7,$8) ON CONFLICT DO NOTHING",0,0,0,0,0,0,19687,17359.034765999953,0.025056,537.563288,0.8817511436988852,7.051486147349688,39371,349542,0,0,357,0,0,0,0,0,0,0,26.417306999999994,0,0,0,0,0,0,0,0,0,0,0,0,0,0,0,0,0,2026-08-27 15:50:46.878121+00,2026-08-27 15:50:46.878121+00
16410,16412,t,2325245462931538889,"SELECT RES_ENT_ID,LIB_FEAT_ID,FTYPE_ID,UTYPE_CODE,SUPPRESSED,OBS_ENT_CNT FROM RES_FEAT_EKEY WHERE RES_ENT_ID IN ($1,$2) AND FTYPE_ID IN ($3,$4,$5,$6,$7,$8,$9,$10,$11,$12,$13,$14,$15,$16,$17,$18,$19,$20,$21,$22,$23,$24,$25,$26,$27)",0,0,0,0,0,0,6,13.345231,0.25851,5.962409,2.2242051666666667,2.0520207925278124,19468,238,0,0,0,0,0,0,0,0,0,0,0,0,0,0,0,0,0,0,0,0,0,0,0,0,0,0,0,0,2026-08-27 15:50:56.324547+00,2026-08-27 15:50:56.324547+00
10,16384,t,-3411487724164221837,"FETCH 0 IN ""query-cursor_101""",0,0,0,0,0,0,1,0.003957,0.003957,0.003957,0.003957,0,0,0,0,0,0,0,0,0,0,0,0,0,0,0,0,0,0,0,0,0,0,0,0,0,0,0,0,0,0,0,2026-08-27 15:08:15.571038+00,2026-08-27 15:08:15.571038+00
10,16384,t,-8498642041946484381,"MOVE -2263 IN ""query-cursor_244""",0,0,0,0,0,0,1,0.04135,0.04135,0.04135,0.04135,0,0,0,0,0,0,0,0,0,0,0,0,0,0,0,0,0,0,0,0,0,0,0,0,0,0,0,0,0,0,0,2026-08-27 17:41:15.587391+00,2026-08-27 17:41:15.587391+00
10,16384,t,6554285274800593481,"DECLARE ""query-cursor_211"" SCROLL CURSOR FOR select queryid, left(query, $1), calls, (total_plan_time + total_exec_time) as total_time from aurora_stat_statements($2) order by calls desc limit $3 FOR READ ONLY",0,0,0,0,0,0,1,0.083443,0.083443,0.083443,0.083443,0,0,0,0,0,0,0,0,0,0,0,0,0,0,0,0,0,0,0,0,0,0,0,0,0,0,0,0,0,0,0,2026-08-27 17:08:15.579079+00,2026-08-27 17:08:15.579079+00
10,16384,t,6361621965117794739,"MOVE -2226 IN ""query-cursor_238""",0,0,0,0,0,0,1,0.040674,0.040674,0.040674,0.040674,0,0,0,0,0,0,0,0,0,0,0,0,0,0,0,0,0,0,0,0,0,0,0,0,0,0,0,0,0,0,0,2026-08-27 17:35:15.587207+00,2026-08-27 17:35:15.587207+00
10,16384,t,-807440472102645581,"DECLARE ""query-cursor_156"" SCROLL CURSOR FOR select queryid, left(query, $1), calls, (total_plan_time + total_exec_time) as total_time from aurora_stat_statements($2) order by calls desc limit $3 FOR READ ONLY",0,0,0,0,0,0,1,0.080196,0.080196,0.080196,0.080196,0,0,0,0,0,0,0,0,0,0,0,0,0,0,0,0,0,0,0,0,0,0,0,0,0,0,0,0,0,0,0,2026-08-27 16:05:15.787633+00,2026-08-27 16:05:15.787633+00
10,16384,t,-5846308806197707044,"FETCH 50 IN ""query-cursor_195""",0,0,0,0,0,0,39,0.15708799999999998,0.00274,0.011022,0.004027897435897435,0.0014528640114045263,1950,0,0,0,0,0,0,0,0,0,0,0,0,0,0,0,0,0,0,0,0,0,0,0,0,0,0,0,0,0,2026-08-27 16:52:15.583836+00,2026-08-27 16:52:15.583836+00
10,16384,t,3026425700447616423,"MOVE ALL IN ""query-cursor_196""",0,0,0,0,0,0,1,5.624856,5.624856,5.624856,5.624856,0,0,0,0,0,0,0,0,0,0,0,0,0,0,0,0,0,0,0,0,0,0,0,0,0,0,0,0,0,0,0,2026-08-27 16:53:15.583524+00,2026-08-27 16:53:15.583524+00
16410,16412,t,7988663947429586578,"INSERT INTO LIB_FEAT(LIB_FEAT_ID,FTYPE_ID,FEAT_HASH,FEAT_DESC,FELEM_VALUES,ANONYMIZED,VERSION) VALUES ($1,$2,$3,$4,$5,$6,$7),($8,$9,$10,$11,$12,$13,$14),($15,$16,$17,$18,$19,$20,$21),($22,$23,$24,$25,$26,$27,$28),($29,$30,$31,$32,$33,$34,$35),($36,$37,$38,$39,$40,$41,$42),($43,$44,$45,$46,$47,$48,$49),($50,$51,$52,$53,$54,$55,$56),($57,$58,$59,$60,$61,$62,$63),($64,$65,$66,$67,$68,$69,$70),($71,$72,$73,$74,$75,$76,$77),($78,$79,$80,$81,$82,$83,$84),($85,$86,$87,$88,$89,$90,$91) ON CONFLICT(FTYPE_ID,FEAT_HASH,ANONYMIZED) DO UPDATE SET FTYPE_ID=LIB_FEAT.FTYPE_ID,FEAT_HASH=LIB_FEAT.FEAT_HASH,ANONYMIZED=LIB_FEAT.ANONYMIZED RETURNING LIB_FEAT_ID,FTYPE_ID,FEAT_HASH,ANONYMIZED,FEAT_DESC",0,0,0,0,0,0,37263,741427.4354970009,0.286931,1390.811516,19.897148256903655,57.00957505375547,484419,7031019,0,0,50699,0,0,0,0,0,0,0,1187.3082739999984,0,0,0,0,0,0,0,0,0,0,0,0,0,0,0,0,0,2026-08-27 15:50:46.827407+00,2026-08-27 15:50:46.827407+00
10,16384,t,6318324320221578445,"DECLARE ""query-cursor_143"" SCROLL CURSOR FOR select queryid, left(query, $1), calls, (total_plan_time + total_exec_time) as total_time from aurora_stat_statements($2) order by calls desc limit $3 FOR READ ONLY",0,0,0,0,0,0,1,0.063814,0.063814,0.063814,0.063814,0,0,0,0,0,0,0,0,0,0,0,0,0,0,0,0,0,0,0,0,0,0,0,0,0,0,0,0,0,0,0,2026-08-27 15:50:15.573835+00,2026-08-27 15:50:15.573835+00
16410,16412,t,-2952125624845842950,"SELECT OBS_ENT_ID,DSRC_ID,ENT_SRC_KEY,LOCKING_ID,FEATURES FROM OBS_ENT WHERE OBS_ENT_ID IN ($1,$2,$3,$4,$5,$6,$7,$8)",0,0,0,0,0,0,983,108.15689800000007,0.016974,17.503232,0.11002736317395734,0.5647173068584801,5909,34079,0,0,0,0,0,0,0,0,0,0,0,0,0,0,0,0,0,0,0,0,0,0,0,0,0,0,0,0,2026-08-27 15:53:19.38289+00,2026-08-27 15:53:19.38289+00
16410,16412,t,7446892054906605337,SELECT LOCK_DSRC_ACTION FROM OBS_ENT WHERE OBS_ENT_ID=$1,0,0,0,0,0,0,291773,4204.858073999847,0.003831,23.095078,0.014411402268201125,0.10777454162120208,291773,1199641,0,0,0,0,0,0,0,0,0,0,0,0,0,0,0,0,0,0,0,0,0,0,0,0,0,0,0,0,2026-08-27 15:50:57.75718+00,2026-08-27 15:50:57.75718+00
16410,16412,t,1371524424184880764,"SELECT RES_ENT_ID,LIB_FEAT_ID,FTYPE_ID,UTYPE_CODE,SUPPRESSED,OBS_ENT_CNT FROM RES_FEAT_EKEY WHERE RES_ENT_ID IN ($1,$2) AND FTYPE_ID IN ($3,$4,$5,$6,$7,$8,$9,$10,$11,$12,$13,$14,$15,$16,$17,$18,$19)",0,0,0,0,0,0,712,354.3989180000001,0.034459000000000004,69.054087,0.49775128932584284,2.8277643087406825,289252,8971,0,0,0,0,0,0,0,0,0,0,0,0,0,0,0,0,0,0,0,0,0,0,0,0,0,0,0,0,2026-08-27 15:50:48.332528+00,2026-08-27 15:50:48.332528+00
10,16384,t,8625744050603666254,"DECLARE ""query-cursor_28"" SCROLL CURSOR FOR select queryid, left(query, $1), calls, (total_plan_time + total_exec_time) as total_time from aurora_stat_statements($2) order by calls desc limit $3 FOR READ ONLY",0,0,0,0,0,0,1,0.059424,0.059424,0.059424,0.059424,0,0,0,0,0,0,0,0,0,0,0,0,0,0,0,0,0,0,0,0,0,0,0,0,0,0,0,0,0,0,0,2026-08-27 13:55:15.565842+00,2026-08-27 13:55:15.565842+00
16410,16412,t,-3364415385094815576,"SELECT LIB_FEAT_ID,FEAT_DESC,FTYPE_ID,ANONYMIZED,FEAT_HASH,VERSION,FELEM_VALUES FROM LIB_FEAT WHERE LIB_FEAT_ID IN ($1,$2,$3,$4,$5,$6,$7,$8)",0,0,0,0,0,0,202352,12801.50009200017,0.008409,57.496336,0.06326352144777501,0.40048799433590354,1303079,2996603,0,0,0,0,0,0,0,0,0,0,0,0,0,0,0,0,0,0,0,0,0,0,0,0,0,0,0,0,2026-08-27 15:50:47.131092+00,2026-08-27 15:50:47.131092+00
16410,16412,t,-4971890736796526323,"SELECT RES_ENT_ID,LIB_FEAT_ID,FTYPE_ID,UTYPE_CODE,SUPPRESSED,OBS_ENT_CNT FROM RES_FEAT_EKEY WHERE RES_ENT_ID IN ($1,$2,$3,$4,$5,$6,$7,$8,$9,$10,$11,$12,$13,$14,$15,$16,$17,$18,$19,$20,$21,$22,$23,$24,$25,$26,$27,$28,$29,$30,$31,$32) AND FTYPE_ID IN ($33,$34,$35,$36,$37,$38,$39,$40,$41,$42,$43,$44,$45,$46,$47,$48,$49,$50,$51,$52,$53)",0,0,0,0,0,0,366,6400.669598999997,0.5186700000000001,217.16132299999998,17.48816830327868,29.606713415972226,3698341,77273,0,0,0,0,0,0,0,0,0,0,0,0,0,0,0,0,0,0,0,0,0,0,0,0,0,0,0,0,2026-08-27 15:50:51.924717+00,2026-08-27 15:50:51.924717+00
10,16384,t,844989471858464387,"DECLARE ""query-cursor_139"" SCROLL CURSOR FOR select queryid, left(query, $1), calls, (total_plan_time + total_exec_time) as total_time from aurora_stat_statements($2) order by calls desc limit $3 FOR READ ONLY",0,0,0,0,0,0,1,0.055408,0.055408,0.055408,0.055408,0,0,0,0,0,0,0,0,0,0,0,0,0,0,0,0,0,0,0,0,0,0,0,0,0,0,0,0,0,0,0,2026-08-27 15:46:15.57353+00,2026-08-27 15:46:15.57353+00
10,16384,t,-4417959869470855083,"DECLARE ""query-cursor_220"" SCROLL CURSOR FOR select queryid, left(query, $1), calls, (total_plan_time + total_exec_time) as total_time from aurora_stat_statements($2) order by calls desc limit $3 FOR READ ONLY",0,0,0,0,0,0,1,0.066667,0.066667,0.066667,0.066667,0,0,0,0,0,0,0,0,0,0,0,0,0,0,0,0,0,0,0,0,0,0,0,0,0,0,0,0,0,0,0,2026-08-27 17:17:15.57953+00,2026-08-27 17:17:15.57953+00
10,16384,t,-2671568946476061598,"MOVE -916 IN ""query-cursor_127""",0,0,0,0,0,0,1,0.018381,0.018381,0.018381,0.018381,0,0,0,0,0,0,0,0,0,0,0,0,0,0,0,0,0,0,0,0,0,0,0,0,0,0,0,0,0,0,0,2026-08-27 15:34:15.574726+00,2026-08-27 15:34:15.574726+00
16410,16412,t,6736897950508813581,"SELECT RES_ENT_ID,LIB_FEAT_ID,FTYPE_ID,UTYPE_CODE,SUPPRESSED,OBS_ENT_CNT FROM RES_FEAT_EKEY WHERE RES_ENT_ID IN ($1,$2,$3,$4,$5,$6,$7,$8,$9,$10,$11,$12,$13,$14,$15,$16) AND FTYPE_ID IN ($17,$18,$19,$20,$21,$22,$23,$24,$25,$26,$27,$28,$29,$30,$31,$32,$33)",0,0,0,0,0,0,2346,14880.832203,0.172784,307.313762,6.3430657301790285,17.577859462769382,9879707,229832,0,0,0,0,0,0,0,0,0,0,0,0,0,0,0,0,0,0,0,0,0,0,0,0,0,0,0,0,2026-08-27 15:50:48.095865+00,2026-08-27 15:50:48.095865+00
10,16384,t,155806566926691450,"MOVE ALL IN ""query-cursor_62""",0,0,0,0,0,0,1,1.117641,1.117641,1.117641,1.117641,0,0,0,0,0,0,0,0,0,0,0,0,0,0,0,0,0,0,0,0,0,0,0,0,0,0,0,0,0,0,0,2026-08-27 14:29:15.569483+00,2026-08-27 14:29:15.569483+00
10,16384,t,5389648844634387477,"FETCH 50 IN ""query-cursor_109""",0,0,0,0,0,0,16,0.052897999999999994,0.00278,0.006044,0.0033061249999999996,0.0007351813445504448,800,0,0,0,0,0,0,0,0,0,0,0,0,0,0,0,0,0,0,0,0,0,0,0,0,0,0,0,0,0,2026-08-27 15:16:15.573463+00,2026-08-27 15:16:15.573463+00
10,16384,t,-2801349794040941619,"FETCH 37 IN ""query-cursor_215""",0,0,0,0,0,0,1,0.002765,0.002765,0.002765,0.002765,0,37,0,0,0,0,0,0,0,0,0,0,0,0,0,0,0,0,0,0,0,0,0,0,0,0,0,0,0,0,0,2026-08-27 17:12:15.597809+00,2026-08-27 17:12:15.597809+00
10,16384,t,-7903299604535455418,"MOVE ALL IN ""query-cursor_177""",0,0,0,0,0,0,1,4.549173,4.549173,4.549173,4.549173,0,0,0,0,0,0,0,0,0,0,0,0,0,0,0,0,0,0,0,0,0,0,0,0,0,0,0,0,0,0,0,2026-08-27 16:34:15.581237+00,2026-08-27 16:34:15.581237+00
10,16384,t,-4642637571412840034,"FETCH 50 IN ""query-cursor_113""",0,0,0,0,0,0,16,0.05176,0.002725,0.005222,0.003235,0.0005897855542483217,800,0,0,0,0,0,0,0,0,0,0,0,0,0,0,0,0,0,0,0,0,0,0,0,0,0,0,0,0,0,2026-08-27 15:20:15.573746+00,2026-08-27 15:20:15.573746+00
16410,16412,t,4063262631460120975,"SELECT RES_ENT_ID,LIB_FEAT_ID,FTYPE_ID,UTYPE_CODE,SUPPRESSED,OBS_ENT_CNT FROM RES_FEAT_EKEY WHERE RES_ENT_ID IN ($1,$2,$3,$4) AND FTYPE_ID IN ($5,$6,$7,$8,$9,$10,$11,$12,$13,$14,$15)",0,0,0,0,0,0,5832,1835.6102250000022,0.038154,59.811049999999994,0.31474798096707857,1.578736294863411,718527,100121,0,0,0,0,0,0,0,0,0,0,0,0,0,0,0,0,0,0,0,0,0,0,0,0,0,0,0,0,2026-08-27 15:50:48.106507+00,2026-08-27 15:50:48.106507+00
10,16384,t,-25268766567017861,"FETCH 30 IN ""query-cursor_9""",0,0,0,0,0,0,1,0.002356,0.002356,0.002356,0.002356,0,30,0,0,0,0,0,0,0,0,0,0,0,0,0,0,0,0,0,0,0,0,0,0,0,0,0,0,0,0,0,2026-08-27 13:36:15.565701+00,2026-08-27 13:36:15.565701+00
10,16384,t,5121585842632302998,"FETCH 0 IN ""query-cursor_19""",0,0,0,0,0,0,1,0.003914,0.003914,0.003914,0.003914,0,0,0,0,0,0,0,0,0,0,0,0,0,0,0,0,0,0,0,0,0,0,0,0,0,0,0,0,0,0,0,2026-08-27 13:46:15.565258+00,2026-08-27 13:46:15.565258+00
10,16384,t,6298999686210121249,"FETCH 50 IN ""query-cursor_106""",0,0,0,0,0,0,15,0.048995,0.002751,0.0057,0.0032663333333333333,0.0007005795378748148,750,0,0,0,0,0,0,0,0,0,0,0,0,0,0,0,0,0,0,0,0,0,0,0,0,0,0,0,0,0,2026-08-27 15:13:15.573075+00,2026-08-27 15:13:15.573075+00
16410,16412,t,501342044926388483,"SELECT LIB_FEAT_ID,UTYPE_CODE,RES_ENT_ID,OBS_ENT_CNT FROM RES_FEAT_EKEY WHERE LIB_FEAT_ID IN ($1,$2,$3,$4,$5,$6,$7,$8) AND RES_ENT_ID!=$9",0,0,0,0,0,0,556681,65245.025580000955,0.004065,112.870133,0.1172036149608141,1.0674862460776875,1848777,6193268,0,0,0,0,0,0,0,0,0,0,0,0,0,0,0,0,0,0,0,0,0,0,0,0,0,0,0,0,2026-08-27 15:50:46.869512+00,2026-08-27 15:50:46.869512+00
10,16384,t,-1894987914530490132,"MOVE ALL IN ""query-cursor_75""",0,0,0,0,0,0,1,1.282329,1.282329,1.282329,1.282329,0,0,0,0,0,0,0,0,0,0,0,0,0,0,0,0,0,0,0,0,0,0,0,0,0,0,0,0,0,0,0,2026-08-27 14:42:15.570547+00,2026-08-27 14:42:15.570547+00
10,16384,t,7098917143017753413,"DECLARE ""query-cursor_69"" SCROLL CURSOR FOR select queryid, left(query, $1), calls, (total_plan_time + total_exec_time) as total_time from aurora_stat_statements($2) order by calls desc limit $3 FOR READ ONLY",0,0,0,0,0,0,1,0.064449,0.064449,0.064449,0.064449,0,0,0,0,0,0,0,0,0,0,0,0,0,0,0,0,0,0,0,0,0,0,0,0,0,0,0,0,0,0,0,2026-08-27 14:36:15.568812+00,2026-08-27 14:36:15.568812+00
10,16384,t,-5759671193695031846,"DECLARE ""query-cursor_169"" SCROLL CURSOR FOR select queryid, left(query, $1), calls, (total_plan_time + total_exec_time) as total_time from aurora_stat_statements($2) order by calls desc limit $3 FOR READ ONLY",0,0,0,0,0,0,1,0.064442,0.064442,0.064442,0.064442,0,0,0,0,0,0,0,0,0,0,0,0,0,0,0,0,0,0,0,0,0,0,0,0,0,0,0,0,0,0,0,2026-08-27 16:26:15.575894+00,2026-08-27 16:26:15.575894+00
10,16384,t,-2815567529062248161,"DECLARE ""query-cursor_244"" SCROLL CURSOR FOR select queryid, left(query, $1), calls, (total_plan_time + total_exec_time) as total_time from aurora_stat_statements($2) order by calls desc limit $3 FOR READ ONLY",0,0,0,0,0,0,1,0.070002,0.070002,0.070002,0.070002,0,0,0,0,0,0,0,0,0,0,0,0,0,0,0,0,0,0,0,0,0,0,0,0,0,0,0,0,0,0,0,2026-08-27 17:41:15.581263+00,2026-08-27 17:41:15.581263+00
10,16384,t,8104844015402446740,SELECT pg_reload_conf(),0,0,0,0,0,0,1,0.010159999999999999,0.010159999999999999,0.010159999999999999,0.010159999999999999,0,1,0,0,0,0,0,0,0,0,0,0,0,0,0,0,0,0,0,0,0,0,0,0,0,0,0,0,0,0,0,2026-08-27 13:27:29.755281+00,2026-08-27 13:27:29.755281+00
16410,16412,t,-96576954194249797,SELECT OBS_ENT_ID FROM OBS_ENT WHERE ENT_SRC_KEY=$1 AND DSRC_ID=$2,0,0,0,0,0,0,1290236,33361.74025700066,0.003436,30.802284999999998,0.02585708370949242,0.18195570335141512,294492,4190738,0,0,0,0,0,0,0,0,0,0,0,0,0,0,0,0,0,0,0,0,0,0,0,0,0,0,0,0,2026-08-27 15:50:46.795825+00,2026-08-27 15:50:46.795825+00
16410,16412,t,3017489788328223669,"INSERT INTO RES_REL_EKEY(RES_REL_ID,RES_ENT_ID,REL_ENT_ID) VALUES ($1,$2,$3),($4,$5,$6),($7,$8,$9),($10,$11,$12),($13,$14,$15),($16,$17,$18),($19,$20,$21),($22,$23,$24),($25,$26,$27),($28,$29,$30),($31,$32,$33),($34,$35,$36) ON CONFLICT DO NOTHING",0,0,0,0,0,0,3908,11069.090855999986,0.12646000000000002,104.025573,2.8324183357215933,9.124807535661155,46892,376400,0,0,466,0,0,0,0,0,0,0,30.126941000000006,0,0,0,0,0,0,0,0,0,0,0,0,0,0,0,0,0,2026-08-27 15:51:00.544015+00,2026-08-27 15:51:00.544015+00
10,16384,t,-1935402633438905198,"FETCH 44 IN ""query-cursor_191""",0,0,0,0,0,0,1,0.003145,0.003145,0.003145,0.003145,0,44,0,0,0,0,0,0,0,0,0,0,0,0,0,0,0,0,0,0,0,0,0,0,0,0,0,0,0,0,0,2026-08-27 16:48:15.595232+00,2026-08-27 16:48:15.595232+00
10,16384,t,-5399197686700193561,"FETCH 3 IN ""query-cursor_226""",0,0,0,0,0,0,1,0.00178,0.00178,0.00178,0.00178,0,3,0,0,0,0,0,0,0,0,0,0,0,0,0,0,0,0,0,0,0,0,0,0,0,0,0,0,0,0,0,2026-08-27 17:23:15.599102+00,2026-08-27 17:23:15.599102+00
10,16384,t,-133603143620361594,"FETCH 38 IN ""query-cursor_190""",0,0,0,0,0,0,1,0.003578,0.003578,0.003578,0.003578,0,38,0,0,0,0,0,0,0,0,0,0,0,0,0,0,0,0,0,0,0,0,0,0,0,0,0,0,0,0,0,2026-08-27 16:47:15.594662+00,2026-08-27 16:47:15.594662+00
10,16384,t,7347191395360696234,"FETCH 37 IN ""query-cursor_240""",0,0,0,0,0,0,1,0.003038,0.003038,0.003038,0.003038,0,37,0,0,0,0,0,0,0,0,0,0,0,0,0,0,0,0,0,0,0,0,0,0,0,0,0,0,0,0,0,2026-08-27 17:37:15.600475+00,2026-08-27 17:37:15.600475+00
10,16384,t,-1048953096702947213,"FETCH 50 IN ""query-cursor_140""",0,0,0,0,0,0,19,0.05709000000000001,0.0026,0.005233,0.0030047368421052636,0.0005411367024587432,950,0,0,0,0,0,0,0,0,0,0,0,0,0,0,0,0,0,0,0,0,0,0,0,0,0,0,0,0,0,2026-08-27 15:47:15.576066+00,2026-08-27 15:47:15.576066+00
10,16384,t,4296181062096548522,"MOVE -1763 IN ""query-cursor_161""",0,0,0,0,0,0,1,0.033048,0.033048,0.033048,0.033048,0,0,0,0,0,0,0,0,0,0,0,0,0,0,0,0,0,0,0,0,0,0,0,0,0,0,0,0,0,0,0,2026-08-27 16:14:15.580566+00,2026-08-27 16:14:15.580566+00
10,16384,t,5934400821801536006,"DECLARE ""query-cursor_36"" SCROLL CURSOR FOR select queryid, left(query, $1), calls, (total_plan_time + total_exec_time) as total_time from aurora_stat_statements($2) order by calls desc limit $3 FOR READ ONLY",0,0,0,0,0,0,1,0.066066,0.066066,0.066066,0.066066,0,0,0,0,0,0,0,0,0,0,0,0,0,0,0,0,0,0,0,0,0,0,0,0,0,0,0,0,0,0,0,2026-08-27 14:03:15.566436+00,2026-08-27 14:03:15.566436+00
10,16384,t,-5778099297048156385,"FETCH 0 IN ""query-cursor_98""",0,0,0,0,0,0,1,0.004282,0.004282,0.004282,0.004282,0,0,0,0,0,0,0,0,0,0,0,0,0,0,0,0,0,0,0,0,0,0,0,0,0,0,0,0,0,0,0,2026-08-27 15:05:15.570837+00,2026-08-27 15:05:15.570837+00
10,16384,t,-7783760917529136642,"MOVE ALL IN ""query-cursor_45""",0,0,0,0,0,0,1,0.899462,0.899462,0.899462,0.899462,0,0,0,0,0,0,0,0,0,0,0,0,0,0,0,0,0,0,0,0,0,0,0,0,0,0,0,0,0,0,0,2026-08-27 14:12:15.568092+00,2026-08-27 14:12:15.568092+00
10,16384,t,-1732525691442296854,"FETCH 50 IN ""query-cursor_183""",0,0,0,0,0,0,37,0.16497499999999998,0.002838,0.020853,0.0044587837837837836,0.0029465942423289675,1850,0,0,0,0,0,0,0,0,0,0,0,0,0,0,0,0,0,0,0,0,0,0,0,0,0,0,0,0,0,2026-08-27 16:40:15.582212+00,2026-08-27 16:40:15.582212+00
16410,16412,t,3526274298518949634,"SELECT RES_ENT_ID,LIB_FEAT_ID,FTYPE_ID,UTYPE_CODE,SUPPRESSED,OBS_ENT_CNT FROM RES_FEAT_EKEY WHERE RES_ENT_ID IN ($1,$2,$3,$4,$5,$6,$7,$8,$9,$10,$11,$12,$13,$14,$15,$16) AND FTYPE_ID IN ($17,$18,$19,$20,$21,$22,$23,$24,$25,$26,$27)",0,0,0,0,0,0,6738,9623.155631999965,0.121286,130.727187,1.428191693677644,4.51728332583098,4035641,435463,0,0,0,0,0,0,0,0,0,0,0,0,0,0,0,0,0,0,0,0,0,0,0,0,0,0,0,0,2026-08-27 15:50:47.941483+00,2026-08-27 15:50:47.941483+00
10,16384,t,-1283777146965229837,"MOVE -188 IN ""query-cursor_10""",0,0,0,0,0,0,1,0.00558,0.00558,0.00558,0.00558,0,0,0,0,0,0,0,0,0,0,0,0,0,0,0,0,0,0,0,0,0,0,0,0,0,0,0,0,0,0,0,2026-08-27 13:37:15.565079+00,2026-08-27 13:37:15.565079+00
10,16384,t,6957565696704854089,"FETCH 13 IN ""query-cursor_143""",0,0,0,0,0,0,1,0.001899,0.001899,0.001899,0.001899,0,13,0,0,0,0,0,0,0,0,0,0,0,0,0,0,0,0,0,0,0,0,0,0,0,0,0,0,0,0,0,2026-08-27 15:50:15.579787+00,2026-08-27 15:50:15.579787+00
16410,16412,t,7637424300150708939,"SELECT DSRC_ID,RECORD_ID,ENT_SRC_KEY FROM DSRC_RECORD WHERE (DSRC_ID,ENT_SRC_KEY) IN (($1,$2),($3,$4),($5,$6),($7,$8),($9,$10),($11,$12),($13,$14),($15,$16),($17,$18),($19,$20),($21,$22),($23,$24),($25,$26),($27,$28),($29,$30),($31,$32))",0,0,0,0,0,0,181,60.696528999999984,0.082526,33.502708999999996,0.3353399392265192,2.4724480722918805,1882,10806,0,0,0,0,0,0,0,0,0,0,0,0,0,0,0,0,0,0,0,0,0,0,0,0,0,0,0,0,2026-08-27 16:01:29.710555+00,2026-08-27 16:01:29.710555+00
10,16384,t,9015632371620944658,"FETCH 31 IN ""query-cursor_239""",0,0,0,0,0,0,1,0.002963,0.002963,0.002963,0.002963,0,31,0,0,0,0,0,0,0,0,0,0,0,0,0,0,0,0,0,0,0,0,0,0,0,0,0,0,0,0,0,2026-08-27 17:36:15.600443+00,2026-08-27 17:36:15.600443+00
10,16384,t,-2594558965480160765,"FETCH 12 IN ""query-cursor_14""",0,0,0,0,0,0,1,0.001795,0.001795,0.001795,0.001795,0,12,0,0,0,0,0,0,0,0,0,0,0,0,0,0,0,0,0,0,0,0,0,0,0,0,0,0,0,0,0,2026-08-27 13:41:15.566281+00,2026-08-27 13:41:15.566281+00
10,16384,t,8802603764201303807,"FETCH 0 IN ""query-cursor_218""",0,0,0,0,0,0,1,0.003926,0.003926,0.003926,0.003926,0,0,0,0,0,0,0,0,0,0,0,0,0,0,0,0,0,0,0,0,0,0,0,0,0,0,0,0,0,0,0,2026-08-27 17:15:15.579594+00,2026-08-27 17:15:15.579594+00
10,16384,t,-6649149196020108973,"MOVE -940 IN ""query-cursor_131""",0,0,0,0,0,0,1,0.018449,0.018449,0.018449,0.018449,0,0,0,0,0,0,0,0,0,0,0,0,0,0,0,0,0,0,0,0,0,0,0,0,0,0,0,0,0,0,0,2026-08-27 15:38:15.575189+00,2026-08-27 15:38:15.575189+00
10,16384,t,4193843736177910693,"FETCH 50 IN ""query-cursor_202""",0,0,0,0,0,0,40,0.15903799999999998,0.002829,0.01757,0.00397595,0.0023717447791657513,2000,0,0,0,0,0,0,0,0,0,0,0,0,0,0,0,0,0,0,0,0,0,0,0,0,0,0,0,0,0,2026-08-27 16:59:15.583804+00,2026-08-27 16:59:15.583804+00
10,16384,t,-7434519753832891294,"FETCH 0 IN ""query-cursor_239""",0,0,0,0,0,0,1,0.003913,0.003913,0.003913,0.003913,0,0,0,0,0,0,0,0,0,0,0,0,0,0,0,0,0,0,0,0,0,0,0,0,0,0,0,0,0,0,0,2026-08-27 17:36:15.580908+00,2026-08-27 17:36:15.580908+00
16410,16412,t,-5573388204678745044,"UPDATE RES_ENT SET LOCKING_ID=LOCKING_ID+$6,LOCK_DSRC_ACTION=$1 WHERE RES_ENT_ID IN ($2,$3,$4,$5)",0,0,0,0,0,0,1079,5393.935281999997,0.034592,2712.0693619999997,4.999013236329932,93.51946161251671,3490,30042,0,0,3,0,0,0,0,0,0,0,0.020471999999999997,0,0,0,0,0,0,0,0,0,0,0,0,0,0,0,0,0,2026-08-27 15:51:31.595587+00,2026-08-27 15:51:31.595587+00
16410,16412,t,8590729003510882151,"SELECT RES_ENT_ID,REL_ENT_ID,RES_REL_ID FROM RES_REL_EKEY WHERE RES_ENT_ID IN ($1,$2,$3,$4,$5,$6,$7,$8,$9,$10,$11,$12,$13,$14,$15,$16)",0,0,0,0,0,0,7473,1554.6949499999973,0.038757,37.768691,0.2080416097952626,0.8455049316408898,617776,650622,0,0,0,0,0,0,0,0,0,0,0,0,0,0,0,0,0,0,0,0,0,0,0,0,0,0,0,0,2026-08-27 15:51:15.813021+00,2026-08-27 15:51:15.813021+00
10,16384,t,-596707371274833611,"FETCH 50 IN ""query-cursor_51""",0,0,0,0,0,0,9,0.030695,0.002837,0.0062,0.0034105555555555556,0.001014018530524425,450,0,0,0,0,0,0,0,0,0,0,0,0,0,0,0,0,0,0,0,0,0,0,0,0,0,0,0,0,0,2026-08-27 14:18:15.568596+00,2026-08-27 14:18:15.568596+00
16410,16412,t,3943515874539223592,CREATE EXTENSION IF NOT EXISTS pg_stat_statements,0,0,0,0,0,0,1,55.827274,55.827274,55.827274,55.827274,0,0,3407,23,0,8,0,0,0,0,0,0,37.504968,0.02822,0,0,0,0,0,0,0,0,0,0,0,0,0,0,0,0,0,2026-08-27 14:28:08.226536+00,2026-08-27 14:28:08.226536+00
16410,16412,t,-492690296487480078,"SELECT RES_ENT_ID,LIB_FEAT_ID,FTYPE_ID,UTYPE_CODE,SUPPRESSED,OBS_ENT_CNT FROM RES_FEAT_EKEY WHERE RES_ENT_ID IN ($1,$2,$3,$4) AND FTYPE_ID IN ($5,$6,$7,$8,$9,$10,$11,$12,$13,$14,$15,$16,$17,$18,$19,$20,$21,$22,$23,$24,$25,$26,$27,$28)",0,0,0,0,0,0,8,17.297477,0.17374799999999999,6.37112,2.162184625,2.148131102460808,23815,350,0,0,0,0,0,0,0,0,0,0,0,0,0,0,0,0,0,0,0,0,0,0,0,0,0,0,0,0,2026-08-27 15:50:59.363206+00,2026-08-27 15:50:59.363206+00
16410,16412,t,6794715488074120713,"SELECT RES_ENT_ID,LIB_FEAT_ID,FTYPE_ID,UTYPE_CODE,SUPPRESSED,OBS_ENT_CNT FROM RES_FEAT_EKEY WHERE RES_ENT_ID IN ($1) AND FTYPE_ID IN ($2,$3,$4,$5,$6,$7,$8,$9,$10,$11,$12,$13,$14,$15,$16,$17,$18,$19,$20,$21,$22,$23,$24,$25,$26,$27,$28,$29,$30,$31,$32,$33,$34,$35,$36,$37,$38,$39,$40,$41,$42,$43,$44,$45,$46,$47,$48,$49,$50,$51,$52,$53,$54,$55,$56,$57,$58,$59)",0,0,0,0,0,0,21,8.529920999999998,0.005639,2.8243449999999997,0.4061867142857142,0.814147566580393,1202,391,0,0,0,0,0,0,0,0,0,0,0,0,0,0,0,0,0,0,0,0,0,0,0,0,0,0,0,0,2026-08-27 15:51:52.125214+00,2026-08-27 15:51:52.125214+00
10,16384,t,-2624111309070297552,"FETCH 23 IN ""query-cursor_196""",0,0,0,0,0,0,1,0.002153,0.002153,0.002153,0.002153,0,23,0,0,0,0,0,0,0,0,0,0,0,0,0,0,0,0,0,0,0,0,0,0,0,0,0,0,0,0,0,2026-08-27 16:53:15.596198+00,2026-08-27 16:53:15.596198+00
16410,16412,t,4373225374695788888,DELETE FROM RES_FEAT_EKEY WHERE ((RES_ENT_ID=$1 AND LIB_FEAT_ID=$2 AND UTYPE_CODE=$3)OR(RES_ENT_ID=$4 AND LIB_FEAT_ID=$5 AND UTYPE_CODE=$6)OR(RES_ENT_ID=$7 AND LIB_FEAT_ID=$8 AND UTYPE_CODE=$9)OR(RES_ENT_ID=$10 AND LIB_FEAT_ID=$11 AND UTYPE_CODE=$12)OR(RES_ENT_ID=$13 AND LIB_FEAT_ID=$14 AND UTYPE_CODE=$15)OR(RES_ENT_ID=$16 AND LIB_FEAT_ID=$17 AND UTYPE_CODE=$18)OR(RES_ENT_ID=$19 AND LIB_FEAT_ID=$20 AND UTYPE_CODE=$21)OR(RES_ENT_ID=$22 AND LIB_FEAT_ID=$23 AND UTYPE_CODE=$24)OR(RES_ENT_ID=$25 AND LIB_FEAT_ID=$26 AND UTYPE_CODE=$27)OR(RES_ENT_ID=$28 AND LIB_FEAT_ID=$29 AND UTYPE_CODE=$30)OR(RES_ENT_ID=$31 AND LIB_FEAT_ID=$32 AND UTYPE_CODE=$33)),0,0,0,0,0,0,1057,1298.035614999996,0.020871999999999998,174.269503,1.2280374787133357,7.012284824643908,11508,59389,0,0,0,0,0,0,0,0,0,0,0,0,0,0,0,0,0,0,0,0,0,0,0,0,0,0,0,0,2026-08-27 15:52:30.319192+00,2026-08-27 15:52:30.319192+00
10,16384,t,-8314007415505001834,"MOVE -1939 IN ""query-cursor_190""",0,0,0,0,0,0,1,0.036377,0.036377,0.036377,0.036377,0,0,0,0,0,0,0,0,0,0,0,0,0,0,0,0,0,0,0,0,0,0,0,0,0,0,0,0,0,0,0,2026-08-27 16:47:15.582526+00,2026-08-27 16:47:15.582526+00
10,16384,t,5790452582813815555,"FETCH 42 IN ""query-cursor_174""",0,0,0,0,0,0,1,0.003205,0.003205,0.003205,0.003205,0,42,0,0,0,0,0,0,0,0,0,0,0,0,0,0,0,0,0,0,0,0,0,0,0,0,0,0,0,0,0,2026-08-27 16:31:15.593783+00,2026-08-27 16:31:15.593783+00
10,16384,t,-3577201948790415644,"FETCH 0 IN ""query-cursor_60""",0,0,0,0,0,0,1,0.003868,0.003868,0.003868,0.003868,0,0,0,0,0,0,0,0,0,0,0,0,0,0,0,0,0,0,0,0,0,0,0,0,0,0,0,0,0,0,0,2026-08-27 14:27:15.568178+00,2026-08-27 14:27:15.568178+00
10,16384,t,-8645231575170714248,"FETCH 0 IN ""query-cursor_166""",0,0,0,0,0,0,1,0.003545,0.003545,0.003545,0.003545,0,0,0,0,0,0,0,0,0,0,0,0,0,0,0,0,0,0,0,0,0,0,0,0,0,0,0,0,0,0,0,2026-08-27 16:23:15.575729+00,2026-08-27 16:23:15.575729+00
10,16384,t,5483034536471849307,"MOVE -73 IN ""query-cursor_2""",0,0,0,0,0,0,1,0.003228,0.003228,0.003228,0.003228,0,0,0,0,0,0,0,0,0,0,0,0,0,0,0,0,0,0,0,0,0,0,0,0,0,0,0,0,0,0,0,2026-08-27 13:29:15.564269+00,2026-08-27 13:29:15.564269+00
10,16384,t,7664470729262619476,"MOVE -225 IN ""query-cursor_16""",0,0,0,0,0,0,1,0.006578,0.006578,0.006578,0.006578,0,0,0,0,0,0,0,0,0,0,0,0,0,0,0,0,0,0,0,0,0,0,0,0,0,0,0,0,0,0,0,2026-08-27 13:43:15.565601+00,2026-08-27 13:43:15.565601+00
10,16384,t,44221038605335510,"FETCH 0 IN ""query-cursor_31""",0,0,0,0,0,0,1,0.003586,0.003586,0.003586,0.003586,0,0,0,0,0,0,0,0,0,0,0,0,0,0,0,0,0,0,0,0,0,0,0,0,0,0,0,0,0,0,0,2026-08-27 13:58:15.566114+00,2026-08-27 13:58:15.566114+00
10,16384,t,6315313404816909768,"FETCH 9 IN ""query-cursor_152""",0,0,0,0,0,0,1,0.006121,0.006121,0.006121,0.006121,0,9,0,0,0,0,0,0,0,0,0,0,0,0,0,0,0,0,0,0,0,0,0,0,0,0,0,0,0,0,0,2026-08-27 16:00:16.175867+00,2026-08-27 16:00:16.175867+00
16410,16412,t,-8577454267970785103,"SELECT RES_ENT_ID,LIB_FEAT_ID,FTYPE_ID,UTYPE_CODE,SUPPRESSED,OBS_ENT_CNT FROM RES_FEAT_EKEY WHERE RES_ENT_ID IN ($1) AND FTYPE_ID IN ($2,$3,$4,$5,$6,$7,$8,$9,$10,$11,$12,$13,$14,$15,$16,$17,$18,$19,$20,$21,$22,$23,$24,$25,$26,$27,$28,$29,$30,$31,$32,$33,$34,$35,$36,$37,$38,$39,$40,$41,$42,$43,$44,$45,$46,$47,$48,$49,$50,$51,$52,$53,$54,$55,$56,$57,$58,$59,$60,$61,$62,$63,$64,$65,$66,$67)",0,0,0,0,0,0,182,20.96882100000001,0.008847,4.812106,0.11521330219780225,0.43860754782881795,11358,928,0,0,0,0,0,0,0,0,0,0,0,0,0,0,0,0,0,0,0,0,0,0,0,0,0,0,0,0,2026-08-27 15:52:30.200955+00,2026-08-27 15:52:30.200955+00
10,16384,t,-7354196529521044753,"MOVE ALL IN ""query-cursor_187""",0,0,0,0,0,0,1,4.923474,4.923474,4.923474,4.923474,0,0,0,0,0,0,0,0,0,0,0,0,0,0,0,0,0,0,0,0,0,0,0,0,0,0,0,0,0,0,0,2026-08-27 16:44:15.582321+00,2026-08-27 16:44:15.582321+00
10,16384,t,-2004254804621051644,"DECLARE ""query-cursor_50"" SCROLL CURSOR FOR select queryid, left(query, $1), calls, (total_plan_time + total_exec_time) as total_time from aurora_stat_statements($2) order by calls desc limit $3 FOR READ ONLY",0,0,0,0,0,0,1,0.069277,0.069277,0.069277,0.069277,0,0,0,0,0,0,0,0,0,0,0,0,0,0,0,0,0,0,0,0,0,0,0,0,0,0,0,0,0,0,0,2026-08-27 14:17:15.567453+00,2026-08-27 14:17:15.567453+00
16410,16412,t,-1087130112909033056,"UPDATE RES_ENT SET LOCKING_ID=LOCKING_ID+$18,LOCK_DSRC_ACTION=$1 WHERE RES_ENT_ID IN ($2,$3,$4,$5,$6,$7,$8,$9,$10,$11,$12,$13,$14,$15,$16,$17)",0,0,0,0,0,0,23,5.6080689999999995,0.11905099999999999,1.300741,0.24382908695652172,0.23541930847632425,232,1935,0,0,0,0,0,0,0,0,0,0,0,0,0,0,0,0,0,0,0,0,0,0,0,0,0,0,0,0,2026-08-27 15:56:40.468772+00,2026-08-27 15:56:40.468772+00
16410,16412,t,-3773477740296255818,"UPDATE RES_FEAT_EKEY AS T SET SUPPRESSED = C.SUPPRESSED FROM (VALUES (CAST ($1 AS BIGINT),CAST ($2 AS BIGINT),$3,$4),(CAST ($5 AS BIGINT),CAST ($6 AS BIGINT),$7,$8),(CAST ($9 AS BIGINT),CAST ($10 AS BIGINT),$11,$12),(CAST ($13 AS BIGINT),CAST ($14 AS BIGINT),$15,$16),(CAST ($17 AS BIGINT),CAST ($18 AS BIGINT),$19,$20),(CAST ($21 AS BIGINT),CAST ($22 AS BIGINT),$23,$24),(CAST ($25 AS BIGINT),CAST ($26 AS BIGINT),$27,$28)) AS C(RES_ENT_ID,LIB_FEAT_ID,UTYPE_CODE,SUPPRESSED) WHERE C.RES_ENT_ID=T.RES_ENT_ID AND C.LIB_FEAT_ID=T.LIB_FEAT_ID AND C.UTYPE_CODE=T.UTYPE_CODE",0,0,0,0,0,0,1098,2042.4849749999994,0.065478,88.145506,1.8601866803278684,5.789512824373152,7686,94193,0,0,60,0,0,0,0,0,0,0,0.6095159999999998,0,0,0,0,0,0,0,0,0,0,0,0,0,0,0,0,0,2026-08-27 15:50:49.02697+00,2026-08-27 15:50:49.02697+00
10,16384,t,-7905631719851352948,"FETCH 46 IN ""query-cursor_25""",0,0,0,0,0,0,1,0.003473,0.003473,0.003473,0.003473,0,46,0,0,0,0,0,0,0,0,0,0,0,0,0,0,0,0,0,0,0,0,0,0,0,0,0,0,0,0,0,2026-08-27 13:52:15.567499+00,2026-08-27 13:52:15.567499+00
10,16384,t,-8218870299426712902,"FETCH 0 IN ""query-cursor_112""",0,0,0,0,0,0,1,0.00336,0.00336,0.00336,0.00336,0,0,0,0,0,0,0,0,0,0,0,0,0,0,0,0,0,0,0,0,0,0,0,0,0,0,0,0,0,0,0,2026-08-27 15:19:15.571695+00,2026-08-27 15:19:15.571695+00
16410,16412,t,-8530575948927017231,"SELECT RES_ENT_ID,ENT_STATE,LOCKING_ID FROM RES_ENT WHERE RES_ENT_ID IN ($1,$2,$3,$4,$5,$6,$7,$8)",0,0,0,0,0,0,197354,16221.390213999952,0.018244,88.91982399999999,0.08219438275383296,0.5899413263453,1268127,5201958,0,0,0,0,0,0,0,0,0,0,0,0,0,0,0,0,0,0,0,0,0,0,0,0,0,0,0,0,2026-08-27 15:50:47.639765+00,2026-08-27 15:50:47.639765+00
10,16384,t,1742980318731053706,"FETCH 50 IN ""query-cursor_80""",0,0,0,0,0,0,12,0.038659000000000006,0.002708,0.005263,0.0032215833333333337,0.0006779619530049028,600,0,0,0,0,0,0,0,0,0,0,0,0,0,0,0,0,0,0,0,0,0,0,0,0,0,0,0,0,0,2026-08-27 14:47:15.571044+00,2026-08-27 14:47:15.571044+00
10,16384,t,-33808251083656119,"FETCH 4 IN ""query-cursor_176""",0,0,0,0,0,0,1,0.001376,0.001376,0.001376,0.001376,0,4,0,0,0,0,0,0,0,0,0,0,0,0,0,0,0,0,0,0,0,0,0,0,0,0,0,0,0,0,0,2026-08-27 16:33:15.593811+00,2026-08-27 16:33:15.593811+00
10,16384,t,8802732911260172806,"MOVE -1998 IN ""query-cursor_200""",0,0,0,0,0,0,1,0.036597,0.036597,0.036597,0.036597,0,0,0,0,0,0,0,0,0,0,0,0,0,0,0,0,0,0,0,0,0,0,0,0,0,0,0,0,0,0,0,2026-08-27 16:57:15.583681+00,2026-08-27 16:57:15.583681+00
10,16384,t,-3609704862907785947,"FETCH 0 IN ""query-cursor_80""",0,0,0,0,0,0,1,0.00384,0.00384,0.00384,0.00384,0,0,0,0,0,0,0,0,0,0,0,0,0,0,0,0,0,0,0,0,0,0,0,0,0,0,0,0,0,0,0,2026-08-27 14:47:15.569523+00,2026-08-27 14:47:15.569523+00
10,16384,t,4766007809305192049,"FETCH 50 IN ""query-cursor_224""",0,0,0,0,0,0,42,0.15337199999999998,0.002822,0.006304,0.003651714285714285,0.0008929056710621593,2100,0,0,0,0,0,0,0,0,0,0,0,0,0,0,0,0,0,0,0,0,0,0,0,0,0,0,0,0,0,2026-08-27 17:21:15.585616+00,2026-08-27 17:21:15.585616+00
16410,16412,t,1118102651437641568,"SELECT RES_ENT_ID,OBS_ENT_ID,ERRULE_ID FROM RES_ENT_OKEY WHERE RES_ENT_ID IN ($1)",0,0,0,0,0,0,1175857,17749.984613000168,0.002869,36.595816000000006,0.015095359906009121,0.11303999489564065,1201518,4717728,0,0,0,0,0,0,0,0,0,0,0,0,0,0,0,0,0,0,0,0,0,0,0,0,0,0,0,0,2026-08-27 15:50:57.808002+00,2026-08-27 15:50:57.808002+00
16410,16412,t,4449530011061625190,"SELECT RES_ENT_ID,REL_ENT_ID,RES_REL_ID FROM RES_REL_EKEY WHERE RES_ENT_ID IN ($1,$2,$3,$4,$5,$6,$7,$8,$9,$10,$11,$12,$13,$14,$15,$16,$17,$18,$19,$20,$21,$22,$23,$24,$25,$26,$27,$28,$29,$30,$31,$32,$33,$34,$35,$36,$37,$38,$39,$40,$41,$42,$43,$44,$45,$46,$47,$48,$49,$50,$51,$52,$53,$54,$55,$56,$57,$58,$59,$60,$61,$62,$63,$64)",0,0,0,0,0,0,546,421.21643299999965,0.129445,74.391132,0.7714586684981679,3.757327692792516,137080,108525,0,0,0,0,0,0,0,0,0,0,0,0,0,0,0,0,0,0,0,0,0,0,0,0,0,0,0,0,2026-08-27 15:54:39.313885+00,2026-08-27 15:54:39.313885+00
10,16384,t,5734674180413551966,"FETCH 19 IN ""query-cursor_136""",0,0,0,0,0,0,1,0.002601,0.002601,0.002601,0.002601,0,19,0,0,0,0,0,0,0,0,0,0,0,0,0,0,0,0,0,0,0,0,0,0,0,0,0,0,0,0,0,2026-08-27 15:43:15.579049+00,2026-08-27 15:43:15.579049+00
10,16384,t,-8251074960987089510,"FETCH 23 IN ""query-cursor_70""",0,0,0,0,0,0,1,0.002295,0.002295,0.002295,0.002295,0,23,0,0,0,0,0,0,0,0,0,0,0,0,0,0,0,0,0,0,0,0,0,0,0,0,0,0,0,0,0,2026-08-27 14:37:15.572329+00,2026-08-27 14:37:15.572329+00
10,16384,t,1706807943301527093,"DECLARE ""query-cursor_213"" SCROLL CURSOR FOR select queryid, left(query, $1), calls, (total_plan_time + total_exec_time) as total_time from aurora_stat_statements($2) order by calls desc limit $3 FOR READ ONLY",0,0,0,0,0,0,1,0.062599,0.062599,0.062599,0.062599,0,0,0,0,0,0,0,0,0,0,0,0,0,0,0,0,0,0,0,0,0,0,0,0,0,0,0,0,0,0,0,2026-08-27 17:10:15.579023+00,2026-08-27 17:10:15.579023+00
10,16384,t,-8849656241980110478,"DECLARE ""query-cursor_87"" SCROLL CURSOR FOR select queryid, left(query, $1), calls, (total_plan_time + total_exec_time) as total_time from aurora_stat_statements($2) order by calls desc limit $3 FOR READ ONLY",0,0,0,0,0,0,1,0.068415,0.068415,0.068415,0.068415,0,0,0,0,0,0,0,0,0,0,0,0,0,0,0,0,0,0,0,0,0,0,0,0,0,0,0,0,0,0,0,2026-08-27 14:54:15.570024+00,2026-08-27 14:54:15.570024+00
10,16384,t,8387157620693313703,"FETCH 0 IN ""query-cursor_2""",0,0,0,0,0,0,1,0.004225,0.004225,0.004225,0.004225,0,0,0,0,0,0,0,0,0,0,0,0,0,0,0,0,0,0,0,0,0,0,0,0,0,0,0,0,0,0,0,2026-08-27 13:29:15.564015+00,2026-08-27 13:29:15.564015+00
10,16384,t,7425500538488387391,"MOVE -488 IN ""query-cursor_57""",0,0,0,0,0,0,1,0.010937,0.010937,0.010937,0.010937,0,0,0,0,0,0,0,0,0,0,0,0,0,0,0,0,0,0,0,0,0,0,0,0,0,0,0,0,0,0,0,2026-08-27 14:24:15.569156+00,2026-08-27 14:24:15.569156+00
16410,16412,t,-6469761869687408698,DELETE FROM perf.snap_statement WHERE label = $1,0,0,0,0,0,0,1,0.007665,0.007665,0.007665,0.007665,0,0,2,0,0,0,0,0,0,0,0,0,0,0,0,0,0,0,0,0,0,0,0,0,0,0,0,0,0,0,0,2026-08-27 17:43:04.416417+00,2026-08-27 17:43:04.416417+00
10,16384,t,-8331154665526752256,"FETCH 44 IN ""query-cursor_65""",0,0,0,0,0,0,1,0.003057,0.003057,0.003057,0.003057,0,44,0,0,0,0,0,0,0,0,0,0,0,0,0,0,0,0,0,0,0,0,0,0,0,0,0,0,0,0,0,2026-08-27 14:32:15.571751+00,2026-08-27 14:32:15.571751+00
10,16384,t,-4989578654711966513,"FETCH 1 IN ""query-cursor_209""",0,0,0,0,0,0,1,0.001285,0.001285,0.001285,0.001285,0,1,0,0,0,0,0,0,0,0,0,0,0,0,0,0,0,0,0,0,0,0,0,0,0,0,0,0,0,0,0,2026-08-27 17:06:15.59739+00,2026-08-27 17:06:15.59739+00
10,16384,t,-7302286213523087381,"FETCH 50 IN ""query-cursor_187""",0,0,0,0,0,0,38,0.15840000000000004,0.00276,0.006648,0.00416842105263158,0.0012076581433235704,1900,0,0,0,0,0,0,0,0,0,0,0,0,0,0,0,0,0,0,0,0,0,0,0,0,0,0,0,0,0,2026-08-27 16:44:15.582465+00,2026-08-27 16:44:15.582465+00
10,16384,t,4011371882830182119,"FETCH 50 IN ""query-cursor_238""",0,0,0,0,0,0,44,0.15991699999999998,0.002741,0.006365,0.0036344772727272723,0.0009497197311129684,2200,0,0,0,0,0,0,0,0,0,0,0,0,0,0,0,0,0,0,0,0,0,0,0,0,0,0,0,0,0,2026-08-27 17:35:15.587246+00,2026-08-27 17:35:15.587246+00
10,16384,t,-2732574284245168786,"FETCH 0 IN ""query-cursor_231""",0,0,0,0,0,0,1,0.003248,0.003248,0.003248,0.003248,0,0,0,0,0,0,0,0,0,0,0,0,0,0,0,0,0,0,0,0,0,0,0,0,0,0,0,0,0,0,0,2026-08-27 17:28:15.580316+00,2026-08-27 17:28:15.580316+00
16410,16412,t,-772261381281999193,"DELETE FROM RES_REL_EKEY WHERE (RES_ENT_ID,REL_ENT_ID,RES_REL_ID) IN (($1,$2,$3),($4,$5,$6),($7,$8,$9),($10,$11,$12),($13,$14,$15),($16,$17,$18),($19,$20,$21),($22,$23,$24))",0,0,0,0,0,0,2987,1381.5857199999994,0.037446,40.162576,0.4625328824907932,2.2233517897862654,20085,99055,0,0,0,0,0,0,0,0,0,0,0,0,0,0,0,0,0,0,0,0,0,0,0,0,0,0,0,0,2026-08-27 15:51:10.419995+00,2026-08-27 15:51:10.419995+00
10,16384,t,-4121333032114548074,"DECLARE ""query-cursor_120"" SCROLL CURSOR FOR select queryid, left(query, $1), calls, (total_plan_time + total_exec_time) as total_time from aurora_stat_statements($2) order by calls desc limit $3 FOR READ ONLY",0,0,0,0,0,0,1,0.062535,0.062535,0.062535,0.062535,0,0,0,0,0,0,0,0,0,0,0,0,0,0,0,0,0,0,0,0,0,0,0,0,0,0,0,0,0,0,0,2026-08-27 15:27:15.572198+00,2026-08-27 15:27:15.572198+00
10,16384,t,-6353859883253937838,"FETCH 0 IN ""query-cursor_219""",0,0,0,0,0,0,1,0.003814,0.003814,0.003814,0.003814,0,0,0,0,0,0,0,0,0,0,0,0,0,0,0,0,0,0,0,0,0,0,0,0,0,0,0,0,0,0,0,2026-08-27 17:16:15.579561+00,2026-08-27 17:16:15.579561+00
16410,16412,t,-7289802979987362739,UPDATE OBS_ENT SET FEATURES=$1 WHERE OBS_ENT_ID=$2,0,0,0,0,0,0,1094755,626355.2462889776,0.015014000000000001,4790.9405,0.572141937044341,8.383858458630996,1094755,9014353,4,0,46955,0,0,0,0,0,0,0.83846,2503.4096240000054,0,0,0,0,0,0,0,0,0,0,0,0,0,0,0,0,0,2026-08-27 15:50:46.827876+00,2026-08-27 15:50:46.827876+00
16410,16412,t,-6867756331512440887,"INSERT INTO RES_REL_EKEY(RES_REL_ID,RES_ENT_ID,REL_ENT_ID) VALUES ($1,$2,$3),($4,$5,$6),($7,$8,$9),($10,$11,$12),($13,$14,$15),($16,$17,$18),($19,$20,$21),($22,$23,$24),($25,$26,$27),($28,$29,$30) ON CONFLICT DO NOTHING",0,0,0,0,0,0,5607,14288.708274000019,0.09865399999999999,108.904807,2.5483695869448937,7.981940287855315,56070,450714,0,0,502,0,0,0,0,0,0,0,49.313942,0,0,0,0,0,0,0,0,0,0,0,0,0,0,0,0,0,2026-08-27 15:50:59.642459+00,2026-08-27 15:50:59.642459+00
16410,16412,t,6157184522579578873,"SELECT RES_ENT_ID,LIB_FEAT_ID,FTYPE_ID,UTYPE_CODE,SUPPRESSED,OBS_ENT_CNT FROM RES_FEAT_EKEY WHERE RES_ENT_ID IN ($1,$2,$3,$4,$5,$6,$7,$8,$9,$10,$11,$12,$13,$14,$15,$16) AND FTYPE_ID IN ($17,$18,$19,$20,$21,$22,$23,$24,$25,$26,$27,$28,$29,$30,$31,$32,$33,$34,$35,$36,$37,$38,$39,$40)",0,0,0,0,0,0,30,728.109854,1.0907390000000001,167.168373,24.27032846666667,35.151042150747195,380124,5531,0,0,0,0,0,0,0,0,0,0,0,0,0,0,0,0,0,0,0,0,0,0,0,0,0,0,0,0,2026-08-27 15:50:49.966573+00,2026-08-27 15:50:49.966573+00
10,16384,t,-8879859563124860916,"MOVE -2232 IN ""query-cursor_239""",0,0,0,0,0,0,1,0.045771,0.045771,0.045771,0.045771,0,0,0,0,0,0,0,0,0,0,0,0,0,0,0,0,0,0,0,0,0,0,0,0,0,0,0,0,0,0,0,2026-08-27 17:36:15.586926+00,2026-08-27 17:36:15.586926+00
10,16384,t,-7279999791433004205,"DECLARE ""query-cursor_22"" SCROLL CURSOR FOR select queryid, left(query, $1), calls, (total_plan_time + total_exec_time) as total_time from aurora_stat_statements($2) order by calls desc limit $3 FOR READ ONLY",0,0,0,0,0,0,1,0.060088,0.060088,0.060088,0.060088,0,0,0,0,0,0,0,0,0,0,0,0,0,0,0,0,0,0,0,0,0,0,0,0,0,0,0,0,0,0,0,2026-08-27 13:49:15.565445+00,2026-08-27 13:49:15.565445+00
10,16384,t,8073051347754995869,"FETCH 50 IN ""query-cursor_130""",0,0,0,0,0,0,18,0.056258,0.002698,0.005742,0.0031254444444444446,0.0007009309858421013,900,0,0,0,0,0,0,0,0,0,0,0,0,0,0,0,0,0,0,0,0,0,0,0,0,0,0,0,0,0,2026-08-27 15:37:15.575035+00,2026-08-27 15:37:15.575035+00
10,16384,t,6158676953707982432,"MOVE ALL IN ""query-cursor_113""",0,0,0,0,0,0,1,1.825996,1.825996,1.825996,1.825996,0,0,0,0,0,0,0,0,0,0,0,0,0,0,0,0,0,0,0,0,0,0,0,0,0,0,0,0,0,0,0,2026-08-27 15:20:15.573646+00,2026-08-27 15:20:15.573646+00
16410,16412,t,-3906582636871185260,"DELETE FROM RES_RELATE WHERE RES_REL_ID IN ($1,$2,$3,$4,$5,$6,$7,$8,$9,$10,$11,$12,$13,$14,$15,$16,$17,$18,$19,$20,$21,$22,$23,$24,$25,$26,$27,$28,$29,$30,$31,$32,$33,$34,$35,$36,$37,$38,$39,$40,$41,$42,$43,$44,$45,$46,$47,$48,$49,$50,$51,$52,$53,$54,$55,$56,$57,$58,$59,$60,$61,$62,$63,$64)",0,0,0,0,0,0,38,46.20887100000001,0.13386299999999998,34.287678,1.2160229210526319,5.438480093499733,1650,5987,0,0,0,0,0,0,0,0,0,0,0,0,0,0,0,0,0,0,0,0,0,0,0,0,0,0,0,0,2026-08-27 15:58:07.964601+00,2026-08-27 15:58:07.964601+00
10,16384,t,-6372426938291633312,"FETCH 24 IN ""query-cursor_4""",0,0,0,0,0,0,1,0.00256,0.00256,0.00256,0.00256,0,24,0,0,0,0,0,0,0,0,0,0,0,0,0,0,0,0,0,0,0,0,0,0,0,0,0,0,0,0,0,2026-08-27 13:31:15.565055+00,2026-08-27 13:31:15.565055+00
16410,16412,t,9059404307344346861,"SELECT RES_ENT_ID,LIB_FEAT_ID,FTYPE_ID,UTYPE_CODE,SUPPRESSED,OBS_ENT_CNT FROM RES_FEAT_EKEY WHERE RES_ENT_ID IN ($1,$2) AND FTYPE_ID IN ($3,$4,$5,$6,$7,$8,$9,$10,$11,$12,$13,$14,$15,$16,$17,$18,$19,$20,$21,$22,$23,$24,$25,$26,$27,$28,$29,$30,$31,$32,$33,$34,$35,$36,$37,$38,$39,$40,$41,$42,$43,$44,$45,$46,$47,$48,$49,$50,$51,$52,$53)",0,0,0,0,0,0,1,0.07988999999999999,0.07988999999999999,0.07988999999999999,0.07988999999999999,0,0,10,0,0,0,0,0,0,0,0,0,0,0,0,0,0,0,0,0,0,0,0,0,0,0,0,0,0,0,0,2026-08-27 15:56:41.790489+00,2026-08-27 15:56:41.790489+00
10,16384,t,4324081588361417347,"DECLARE ""query-cursor_171"" SCROLL CURSOR FOR select queryid, left(query, $1), calls, (total_plan_time + total_exec_time) as total_time from aurora_stat_statements($2) order by calls desc limit $3 FOR READ ONLY",0,0,0,0,0,0,1,0.066027,0.066027,0.066027,0.066027,0,0,0,0,0,0,0,0,0,0,0,0,0,0,0,0,0,0,0,0,0,0,0,0,0,0,0,0,0,0,0,2026-08-27 16:28:15.576058+00,2026-08-27 16:28:15.576058+00
10,16384,t,-1494124873289562653,"FETCH 0 IN ""query-cursor_152""",0,0,0,0,0,0,1,0.008887,0.008887,0.008887,0.008887,0,0,0,0,0,0,0,0,0,0,0,0,0,0,0,0,0,0,0,0,0,0,0,0,0,0,0,0,0,0,0,2026-08-27 16:00:16.075565+00,2026-08-27 16:00:16.075565+00
16410,16412,t,4359077559166596624,"SELECT RES_ENT_ID,REL_ENT_ID,RES_REL_ID FROM RES_REL_EKEY WHERE RES_ENT_ID IN ($1,$2,$3,$4,$5,$6,$7,$8,$9,$10,$11,$12,$13,$14,$15,$16,$17,$18,$19,$20,$21,$22,$23,$24,$25,$26,$27,$28,$29,$30,$31,$32,$33,$34,$35,$36,$37,$38,$39,$40,$41,$42,$43,$44,$45,$46,$47,$48,$49,$50,$51,$52,$53,$54,$55,$56,$57,$58,$59,$60,$61,$62,$63,$64,$65,$66,$67,$68,$69,$70,$71,$72,$73,$74,$75,$76,$77,$78,$79,$80,$81,$82,$83,$84,$85,$86,$87,$88,$89,$90,$91,$92,$93,$94,$95,$96,$97,$98,$99,$100)",0,0,0,0,0,0,490,466.3187209999996,0.12651500000000002,32.044805000000004,0.9516708591836727,2.6915590286021467,135507,166289,0,0,0,0,0,0,0,0,0,0,0,0,0,0,0,0,0,0,0,0,0,0,0,0,0,0,0,0,2026-08-27 15:52:52.201748+00,2026-08-27 15:52:52.201748+00
10,16384,t,-2285085152205835741,"MOVE ALL IN ""query-cursor_193""",0,0,0,0,0,0,1,5.171021,5.171021,5.171021,5.171021,0,0,0,0,0,0,0,0,0,0,0,0,0,0,0,0,0,0,0,0,0,0,0,0,0,0,0,0,0,0,0,2026-08-27 16:50:15.583055+00,2026-08-27 16:50:15.583055+00
10,16384,t,3424414348398721157,"MOVE ALL IN ""query-cursor_7""",0,0,0,0,0,0,1,0.340088,0.340088,0.340088,0.340088,0,0,0,0,0,0,0,0,0,0,0,0,0,0,0,0,0,0,0,0,0,0,0,0,0,0,0,0,0,0,0,2026-08-27 13:34:15.564763+00,2026-08-27 13:34:15.564763+00
10,16384,t,-165746631567851030,"MOVE ALL IN ""query-cursor_203""",0,0,0,0,0,0,1,5.259464,5.259464,5.259464,5.259464,0,0,0,0,0,0,0,0,0,0,0,0,0,0,0,0,0,0,0,0,0,0,0,0,0,0,0,0,0,0,0,2026-08-27 17:00:15.583709+00,2026-08-27 17:00:15.583709+00
10,16384,t,6521605875987173684,"FETCH 50 IN ""query-cursor_167""",0,0,0,0,0,0,35,0.13872599999999996,0.002811,0.007035,0.0039635999999999985,0.001186648731271631,1750,0,0,0,0,0,0,0,0,0,0,0,0,0,0,0,0,0,0,0,0,0,0,0,0,0,0,0,0,0,2026-08-27 16:24:15.581062+00,2026-08-27 16:24:15.581062+00
10,16384,t,-8904499157929076481,"DECLARE ""query-cursor_241"" SCROLL CURSOR FOR select queryid, left(query, $1), calls, (total_plan_time + total_exec_time) as total_time from aurora_stat_statements($2) order by calls desc limit $3 FOR READ ONLY",0,0,0,0,0,0,1,0.068971,0.068971,0.068971,0.068971,0,0,0,0,0,0,0,0,0,0,0,0,0,0,0,0,0,0,0,0,0,0,0,0,0,0,0,0,0,0,0,2026-08-27 17:38:15.580991+00,2026-08-27 17:38:15.580991+00
10,16384,t,7264249228596904214,"MOVE ALL IN ""query-cursor_98""",0,0,0,0,0,0,1,1.722535,1.722535,1.722535,1.722535,0,0,0,0,0,0,0,0,0,0,0,0,0,0,0,0,0,0,0,0,0,0,0,0,0,0,0,0,0,0,0,2026-08-27 15:05:15.572606+00,2026-08-27 15:05:15.572606+00
10,16384,t,4791725813765453901,"DECLARE ""query-cursor_83"" SCROLL CURSOR FOR select queryid, left(query, $1), calls, (total_plan_time + total_exec_time) as total_time from aurora_stat_statements($2) order by calls desc limit $3 FOR READ ONLY",0,0,0,0,0,0,1,0.054871,0.054871,0.054871,0.054871,0,0,0,0,0,0,0,0,0,0,0,0,0,0,0,0,0,0,0,0,0,0,0,0,0,0,0,0,0,0,0,2026-08-27 14:50:15.569637+00,2026-08-27 14:50:15.569637+00
10,16384,t,-7423427527688348134,"FETCH 50 IN ""query-cursor_226""",0,0,0,0,0,0,43,0.16969199999999993,0.002907,0.007146,0.003946325581395347,0.0010822913402404853,2150,0,0,0,0,0,0,0,0,0,0,0,0,0,0,0,0,0,0,0,0,0,0,0,0,0,0,0,0,0,2026-08-27 17:23:15.585781+00,2026-08-27 17:23:15.585781+00
16410,16412,t,-6974979740237010680,"UPDATE RES_FEAT_EKEY AS T SET SUPPRESSED=C.SUPPRESSED,OBS_ENT_CNT=C.OBS_ENT_CNT FROM (VALUES (CAST ($1 AS BIGINT),CAST ($2 AS BIGINT),$3,$4,CAST ($5 AS BIGINT)),(CAST ($6 AS BIGINT),CAST ($7 AS BIGINT),$8,$9,CAST ($10 AS BIGINT)),(CAST ($11 AS BIGINT),CAST ($12 AS BIGINT),$13,$14,CAST ($15 AS BIGINT)),(CAST ($16 AS BIGINT),CAST ($17 AS BIGINT),$18,$19,CAST ($20 AS BIGINT)),(CAST ($21 AS BIGINT),CAST ($22 AS BIGINT),$23,$24,CAST ($25 AS BIGINT)),(CAST ($26 AS BIGINT),CAST ($27 AS BIGINT),$28,$29,CAST ($30 AS BIGINT)),(CAST ($31 AS BIGINT),CAST ($32 AS BIGINT),$33,$34,CAST ($35 AS BIGINT)),(CAST ($36 AS BIGINT),CAST ($37 AS BIGINT),$38,$39,CAST ($40 AS BIGINT)),(CAST ($41 AS BIGINT),CAST ($42 AS BIGINT),$43,$44,CAST ($45 AS BIGINT)),(CAST ($46 AS BIGINT),CAST ($47 AS BIGINT),$48,$49,CAST ($50 AS BIGINT)),(CAST ($51 AS BIGINT),CAST ($52 AS BIGINT),$53,$54,CAST ($55 AS BIGINT)),(CAST ($56 AS BIGINT),CAST ($57 AS BIGINT),$58,$59,CAST ($60 AS BIGINT)),(CAST ($61 AS BIGINT),CAST ($62 AS BIGINT),$63,$64,CAST ($65 AS BIGINT)),(CAST ($66 AS BIGINT),CAST ($67 AS BIGINT),$68,$69,CAST ($70 AS BIGINT))) AS C(RES_ENT_ID,LIB_FEAT_ID,UTYPE_CODE,SUPPRESSED,OBS_ENT_CNT) WHERE C.RES_ENT_ID=T.RES_ENT_ID AND C.LIB_FEAT_ID=T.LIB_FEAT_ID AND C.UTYPE_CODE=T.UTYPE_CODE",0,0,0,0,0,0,265,960.1410970000004,0.126178,218.744154,3.623173950943398,16.08866731815716,3710,52155,0,0,5,0,0,0,0,0,0,0,0.08899,0,0,0,0,0,0,0,0,0,0,0,0,0,0,0,0,0,2026-08-27 15:51:00.002316+00,2026-08-27 15:51:00.002316+00
10,16384,t,2678695201860592654,"MOVE ALL IN ""query-cursor_216""",0,0,0,0,0,0,1,5.089682,5.089682,5.089682,5.089682,0,0,0,0,0,0,0,0,0,0,0,0,0,0,0,0,0,0,0,0,0,0,0,0,0,0,0,0,0,0,0,2026-08-27 17:13:15.584452+00,2026-08-27 17:13:15.584452+00
10,16384,t,3091773651056805693,"FETCH 50 IN ""query-cursor_150""",0,0,0,0,0,0,32,0.461595,0.007444,0.030453,0.01442484375,0.0053388062401004905,1600,0,0,0,0,0,0,0,0,0,0,0,0,0,0,0,0,0,0,0,0,0,0,0,0,0,0,0,0,0,2026-08-27 15:57:16.289195+00,2026-08-27 15:57:16.289195+00
10,16384,t,3949623703366878471,"FETCH 0 IN ""query-cursor_179""",0,0,0,0,0,0,1,0.003631,0.003631,0.003631,0.003631,0,0,0,0,0,0,0,0,0,0,0,0,0,0,0,0,0,0,0,0,0,0,0,0,0,0,0,0,0,0,0,2026-08-27 16:36:15.576641+00,2026-08-27 16:36:15.576641+00
10,16384,t,3540459227673306476,"FETCH 0 IN ""query-cursor_170""",0,0,0,0,0,0,1,0.003544,0.003544,0.003544,0.003544,0,0,0,0,0,0,0,0,0,0,0,0,0,0,0,0,0,0,0,0,0,0,0,0,0,0,0,0,0,0,0,2026-08-27 16:27:15.576046+00,2026-08-27 16:27:15.576046+00
10,16384,t,-769959298617253041,"FETCH 39 IN ""query-cursor_207""",0,0,0,0,0,0,1,0.003421,0.003421,0.003421,0.003421,0,39,0,0,0,0,0,0,0,0,0,0,0,0,0,0,0,0,0,0,0,0,0,0,0,0,0,0,0,0,0,2026-08-27 17:04:15.59678+00,2026-08-27 17:04:15.59678+00
16410,16412,t,-662004701140184879,"SELECT CODE_TYPE,CODE,CODE_ID FROM SYS_CODES_USED WHERE CODE_TYPE=$1 AND CODE_ID=$2",0,0,0,0,0,0,69219,1741.881000000014,0.003116,37.664302,0.025164781346162384,0.26684857927449557,69166,201274,0,0,0,0,0,0,0,0,0,0,0,0,0,0,0,0,0,0,0,0,0,0,0,0,0,0,0,0,2026-08-27 15:50:46.800539+00,2026-08-27 15:50:46.800539+00
16410,16412,t,8045183438110623580,"SELECT RES_ENT_ID,LIB_FEAT_ID,FTYPE_ID,UTYPE_CODE,SUPPRESSED,OBS_ENT_CNT FROM RES_FEAT_EKEY WHERE RES_ENT_ID IN ($1) AND FTYPE_ID IN ($2,$3,$4,$5,$6,$7,$8,$9,$10,$11,$12,$13,$14,$15,$16,$17,$18,$19,$20,$21,$22)",0,0,0,0,0,0,126,35.055660000000024,0.020211,14.584066,0.278219523809524,1.3434428737232755,21696,731,0,0,0,0,0,0,0,0,0,0,0,0,0,0,0,0,0,0,0,0,0,0,0,0,0,0,0,0,2026-08-27 15:50:54.41848+00,2026-08-27 15:50:54.41848+00
10,16384,t,3585150945132757300,"DECLARE ""query-cursor_102"" SCROLL CURSOR FOR select queryid, left(query, $1), calls, (total_plan_time + total_exec_time) as total_time from aurora_stat_statements($2) order by calls desc limit $3 FOR READ ONLY",0,0,0,0,0,0,1,0.059373,0.059373,0.059373,0.059373,0,0,0,0,0,0,0,0,0,0,0,0,0,0,0,0,0,0,0,0,0,0,0,0,0,0,0,0,0,0,0,2026-08-27 15:09:15.570978+00,2026-08-27 15:09:15.570978+00
16410,16412,t,-2875441533907789344,"INSERT INTO RES_RELATE(RES_REL_ID,MIN_RES_ENT_ID,MAX_RES_ENT_ID,IS_DISCLOSED,IS_AMBIGUOUS,LAST_ERRULE_ID,MATCH_KEY,MATCH_KEY_DETAILS,MATCH_LEVELS) VALUES ($1,$2,$3,$4,$5,$6,$7,$8,$9),($10,$11,$12,$13,$14,$15,$16,$17,$18),($19,$20,$21,$22,$23,$24,$25,$26,$27),($28,$29,$30,$31,$32,$33,$34,$35,$36),($37,$38,$39,$40,$41,$42,$43,$44,$45),($46,$47,$48,$49,$50,$51,$52,$53,$54),($55,$56,$57,$58,$59,$60,$61,$62,$63),($64,$65,$66,$67,$68,$69,$70,$71,$72),($73,$74,$75,$76,$77,$78,$79,$80,$81),($82,$83,$84,$85,$86,$87,$88,$89,$90),($91,$92,$93,$94,$95,$96,$97,$98,$99) ON CONFLICT DO NOTHING",0,0,0,0,0,0,11445,24922.72930899996,0.105854,108.329901,2.177608502315418,7.417467361673417,125895,1009853,0,0,4122,0,0,0,0,0,0,0,257.7453709999996,0,0,0,0,0,0,0,0,0,0,0,0,0,0,0,0,0,2026-08-27 15:51:01.804215+00,2026-08-27 15:51:01.804215+00
10,16384,t,-3997877719446827235,"FETCH 50 IN ""query-cursor_77""",0,0,0,0,0,0,12,0.040545,0.002668,0.005636,0.00337875,0.000784546591456917,600,0,0,0,0,0,0,0,0,0,0,0,0,0,0,0,0,0,0,0,0,0,0,0,0,0,0,0,0,0,2026-08-27 14:44:15.570758+00,2026-08-27 14:44:15.570758+00
16410,16412,t,7826466606882716716,"SELECT RES_REL_ID,MIN_RES_ENT_ID,MAX_RES_ENT_ID,IS_DISCLOSED,IS_AMBIGUOUS,LAST_ERRULE_ID,MATCH_LEVELS,MATCH_KEY,MATCH_KEY_DETAILS FROM RES_RELATE WHERE RES_REL_ID IN ($1,$2,$3,$4,$5,$6,$7,$8,$9,$10,$11,$12,$13,$14,$15,$16,$17,$18,$19,$20,$21,$22,$23,$24,$25,$26,$27,$28,$29,$30,$31,$32,$33,$34,$35,$36,$37,$38,$39,$40,$41,$42,$43,$44,$45,$46,$47,$48,$49,$50,$51,$52,$53,$54,$55,$56,$57,$58,$59,$60,$61,$62,$63,$64,$65,$66,$67,$68,$69,$70,$71,$72,$73,$74,$75,$76,$77,$78,$79,$80,$81,$82,$83,$84,$85,$86,$87,$88,$89,$90,$91,$92,$93,$94,$95,$96,$97,$98,$99,$100)",0,0,0,0,0,0,86191,41013.10789800023,0.065415,60.58086,0.4758397964752727,1.5115055682739187,8335937,14571729,0,0,0,0,0,0,0,0,0,0,0,0,0,0,0,0,0,0,0,0,0,0,0,0,0,0,0,0,2026-08-27 15:51:14.909102+00,2026-08-27 15:51:14.909102+00
10,16384,t,1502843879027493629,"MOVE -261 IN ""query-cursor_19""",0,0,0,0,0,0,1,0.007318,0.007318,0.007318,0.007318,0,0,0,0,0,0,0,0,0,0,0,0,0,0,0,0,0,0,0,0,0,0,0,0,0,0,0,0,0,0,0,2026-08-27 13:46:15.565938+00,2026-08-27 13:46:15.565938+00
10,16384,t,-2038880578048891580,"FETCH 45 IN ""query-cursor_82""",0,0,0,0,0,0,1,0.002926,0.002926,0.002926,0.002926,0,45,0,0,0,0,0,0,0,0,0,0,0,0,0,0,0,0,0,0,0,0,0,0,0,0,0,0,0,0,0,2026-08-27 14:49:15.573658+00,2026-08-27 14:49:15.573658+00
16410,16412,t,4066922531952549414,"SELECT RES_ENT_ID,LIB_FEAT_ID,FTYPE_ID,UTYPE_CODE,SUPPRESSED,OBS_ENT_CNT FROM RES_FEAT_EKEY WHERE RES_ENT_ID IN ($1,$2,$3,$4) AND FTYPE_ID IN ($5,$6,$7,$8,$9,$10)",0,0,0,0,0,0,936,184.25330200000005,0.031034000000000003,23.089112,0.19685181837606844,1.0101775046156327,39424,13882,0,0,0,0,0,0,0,0,0,0,0,0,0,0,0,0,0,0,0,0,0,0,0,0,0,0,0,0,2026-08-27 15:51:58.017189+00,2026-08-27 15:51:58.017189+00
10,16384,t,-15156087412620798,"FETCH 0 IN ""query-cursor_183""",0,0,0,0,0,0,1,0.003474,0.003474,0.003474,0.003474,0,0,0,0,0,0,0,0,0,0,0,0,0,0,0,0,0,0,0,0,0,0,0,0,0,0,0,0,0,0,0,2026-08-27 16:40:15.576901+00,2026-08-27 16:40:15.576901+00
10,16384,t,1982349071695909215,"FETCH 35 IN ""query-cursor_122""",0,0,0,0,0,0,1,0.00258,0.00258,0.00258,0.00258,0,35,0,0,0,0,0,0,0,0,0,0,0,0,0,0,0,0,0,0,0,0,0,0,0,0,0,0,0,0,0,2026-08-27 15:29:15.577516+00,2026-08-27 15:29:15.577516+00
10,16384,t,41230763006070,"MOVE ALL IN ""query-cursor_173""",0,0,0,0,0,0,1,4.803641,4.803641,4.803641,4.803641,0,0,0,0,0,0,0,0,0,0,0,0,0,0,0,0,0,0,0,0,0,0,0,0,0,0,0,0,0,0,0,2026-08-27 16:30:15.581059+00,2026-08-27 16:30:15.581059+00
16410,16412,t,-6647440949557343150,"INSERT INTO LIB_FEAT(LIB_FEAT_ID,FTYPE_ID,FEAT_HASH,FEAT_DESC,FELEM_VALUES,ANONYMIZED,VERSION) VALUES ($1,$2,$3,$4,$5,$6,$7),($8,$9,$10,$11,$12,$13,$14),($15,$16,$17,$18,$19,$20,$21),($22,$23,$24,$25,$26,$27,$28),($29,$30,$31,$32,$33,$34,$35),($36,$37,$38,$39,$40,$41,$42),($43,$44,$45,$46,$47,$48,$49),($50,$51,$52,$53,$54,$55,$56),($57,$58,$59,$60,$61,$62,$63),($64,$65,$66,$67,$68,$69,$70),($71,$72,$73,$74,$75,$76,$77) ON CONFLICT(FTYPE_ID,FEAT_HASH,ANONYMIZED) DO UPDATE SET FTYPE_ID=LIB_FEAT.FTYPE_ID,FEAT_HASH=LIB_FEAT.FEAT_HASH,ANONYMIZED=LIB_FEAT.ANONYMIZED RETURNING LIB_FEAT_ID,FTYPE_ID,FEAT_HASH,ANONYMIZED,FEAT_DESC",0,0,0,0,0,0,53391,1004715.7681369977,0.235574,1449.430228,18.818073610477377,56.8157357477671,587301,8649717,1,0,66839,0,0,0,0,0,0,0,1542.1881369999992,0,0,0,0,0,0,0,0,0,0,0,0,0,0,0,0,0,2026-08-27 15:50:46.984754+00,2026-08-27 15:50:46.984754+00
10,16384,t,-1886478258928659952,"MOVE ALL IN ""query-cursor_188""",0,0,0,0,0,0,1,4.838306,4.838306,4.838306,4.838306,0,0,0,0,0,0,0,0,0,0,0,0,0,0,0,0,0,0,0,0,0,0,0,0,0,0,0,0,0,0,0,2026-08-27 16:45:15.582181+00,2026-08-27 16:45:15.582181+00
10,16384,t,7685826574134660904,"FETCH 0 IN ""query-cursor_172""",0,0,0,0,0,0,1,0.003594,0.003594,0.003594,0.003594,0,0,0,0,0,0,0,0,0,0,0,0,0,0,0,0,0,0,0,0,0,0,0,0,0,0,0,0,0,0,0,2026-08-27 16:29:15.576128+00,2026-08-27 16:29:15.576128+00
16410,16412,t,6828237854747006356,"SELECT dr.record_id, oe.obs_ent_id, reo.res_ent_id
FROM   dsrc_record dr
LEFT JOIN obs_ent oe       ON dr.dsrc_id = oe.dsrc_id AND dr.ent_src_key = oe.ent_src_key
LEFT JOIN res_ent_okey reo ON oe.obs_ent_id = reo.obs_ent_id
WHERE  reo.res_ent_id IS NULL",0,0,0,0,0,0,1,2061.0825099999997,2061.0825099999997,2061.0825099999997,2061.0825099999997,0,0,5031433,0,0,0,0,0,0,0,10983,11052,0,0,0,0,16.893537,17.487653,0,0,0,0,0,0,0,0,0,0,0,0,0,2026-08-27 17:43:07.550138+00,2026-08-27 17:43:07.550138+00
10,16384,t,6978958240265167714,"FETCH 15 IN ""query-cursor_77""",0,0,0,0,0,0,1,0.002606,0.002606,0.002606,0.002606,0,15,0,0,0,0,0,0,0,0,0,0,0,0,0,0,0,0,0,0,0,0,0,0,0,0,0,0,0,0,0,2026-08-27 14:44:15.572892+00,2026-08-27 14:44:15.572892+00
16410,16412,t,-6640033646631039800,"SELECT DSRC_ID,RECORD_ID,ENT_SRC_KEY FROM DSRC_RECORD WHERE (DSRC_ID,ENT_SRC_KEY) IN (($1,$2),($3,$4))",0,0,0,0,0,0,17381,864.6318390000002,0.015420000000000001,23.655904,0.04974580513204075,0.38020895570958135,34762,152453,0,0,0,0,0,0,0,0,0,0,0,0,0,0,0,0,0,0,0,0,0,0,0,0,0,0,0,0,2026-08-27 15:52:23.926655+00,2026-08-27 15:52:23.926655+00
10,16384,t,-7080701795818012058,"MOVE -586 IN ""query-cursor_72""",0,0,0,0,0,0,1,0.012453,0.012453,0.012453,0.012453,0,0,0,0,0,0,0,0,0,0,0,0,0,0,0,0,0,0,0,0,0,0,0,0,0,0,0,0,0,0,0,2026-08-27 14:39:15.570284+00,2026-08-27 14:39:15.570284+00
10,16384,t,-5638471067326154749,"FETCH 7 IN ""query-cursor_210""",0,0,0,0,0,0,1,0.001874,0.001874,0.001874,0.001874,0,7,0,0,0,0,0,0,0,0,0,0,0,0,0,0,0,0,0,0,0,0,0,0,0,0,0,0,0,0,0,2026-08-27 17:07:15.597259+00,2026-08-27 17:07:15.597259+00
16410,16412,t,2252244364211873314,"SELECT RES_ENT_ID,LIB_FEAT_ID,FTYPE_ID,UTYPE_CODE,SUPPRESSED,OBS_ENT_CNT FROM RES_FEAT_EKEY WHERE RES_ENT_ID IN ($1,$2,$3,$4) AND FTYPE_ID IN ($5,$6,$7,$8,$9,$10,$11,$12,$13)",0,0,0,0,0,0,15216,3484.852839000013,0.040627,41.571511,0.22902555461356552,1.279790282632831,907054,233879,0,0,0,0,0,0,0,0,0,0,0,0,0,0,0,0,0,0,0,0,0,0,0,0,0,0,0,0,2026-08-27 15:50:59.787306+00,2026-08-27 15:50:59.787306+00
10,16384,t,-7294766893386632410,"DECLARE ""query-cursor_155"" SCROLL CURSOR FOR select queryid, left(query, $1), calls, (total_plan_time + total_exec_time) as total_time from aurora_stat_statements($2) order by calls desc limit $3 FOR READ ONLY",0,0,0,0,0,0,1,0.080591,0.080591,0.080591,0.080591,0,0,0,0,0,0,0,0,0,0,0,0,0,0,0,0,0,0,0,0,0,0,0,0,0,0,0,0,0,0,0,2026-08-27 16:03:15.607273+00,2026-08-27 16:03:15.607273+00
16410,16412,t,-5990742406046593525,"SELECT RES_ENT_ID,LIB_FEAT_ID,FTYPE_ID,UTYPE_CODE,SUPPRESSED,OBS_ENT_CNT FROM RES_FEAT_EKEY WHERE RES_ENT_ID IN ($1) AND FTYPE_ID IN ($2,$3,$4,$5,$6,$7,$8,$9,$10,$11,$12,$13,$14,$15,$16,$17,$18,$19,$20,$21,$22,$23,$24,$25,$26,$27,$28,$29,$30,$31,$32,$33,$34,$35,$36,$37,$38,$39,$40,$41,$42,$43,$44,$45,$46,$47,$48,$49,$50,$51,$52,$53,$54,$55,$56,$57)",0,0,0,0,0,0,31,1.8748520000000002,0.006467,0.25801399999999997,0.06047909677419355,0.07127327117164445,150,150,0,0,0,0,0,0,0,0,0,0,0,0,0,0,0,0,0,0,0,0,0,0,0,0,0,0,0,0,2026-08-27 15:51:18.09988+00,2026-08-27 15:51:18.09988+00
10,16384,t,4183805717234738095,"MOVE ALL IN ""query-cursor_171""",0,0,0,0,0,0,1,5.038488,5.038488,5.038488,5.038488,0,0,0,0,0,0,0,0,0,0,0,0,0,0,0,0,0,0,0,0,0,0,0,0,0,0,0,0,0,0,0,2026-08-27 16:28:15.581189+00,2026-08-27 16:28:15.581189+00
10,16384,t,4984005269312231800,"FETCH 28 IN ""query-cursor_147""",0,0,0,0,0,0,1,0.003943,0.003943,0.003943,0.003943,0,28,0,0,0,0,0,0,0,0,0,0,0,0,0,0,0,0,0,0,0,0,0,0,0,0,0,0,0,0,0,2026-08-27 15:54:15.591044+00,2026-08-27 15:54:15.591044+00
10,16384,t,8571521834025027921,"MOVE ALL IN ""query-cursor_197""",0,0,0,0,0,0,1,4.77623,4.77623,4.77623,4.77623,0,0,0,0,0,0,0,0,0,0,0,0,0,0,0,0,0,0,0,0,0,0,0,0,0,0,0,0,0,0,0,2026-08-27 16:54:15.582925+00,2026-08-27 16:54:15.582925+00
10,16384,t,4319642935074527666,"DECLARE ""query-cursor_164"" SCROLL CURSOR FOR select queryid, left(query, $1), calls, (total_plan_time + total_exec_time) as total_time from aurora_stat_statements($2) order by calls desc limit $3 FOR READ ONLY",0,0,0,0,0,0,1,0.068484,0.068484,0.068484,0.068484,0,0,0,0,0,0,0,0,0,0,0,0,0,0,0,0,0,0,0,0,0,0,0,0,0,0,0,0,0,0,0,2026-08-27 16:20:15.575582+00,2026-08-27 16:20:15.575582+00
10,16384,t,4681354686034999417,"MOVE -160 IN ""query-cursor_7""",0,0,0,0,0,0,1,0.00483,0.00483,0.00483,0.00483,0,0,0,0,0,0,0,0,0,0,0,0,0,0,0,0,0,0,0,0,0,0,0,0,0,0,0,0,0,0,0,2026-08-27 13:34:15.564806+00,2026-08-27 13:34:15.564806+00
10,16384,t,6564633028365855675,"MOVE ALL IN ""query-cursor_81""",0,0,0,0,0,0,1,1.361418,1.361418,1.361418,1.361418,0,0,0,0,0,0,0,0,0,0,0,0,0,0,0,0,0,0,0,0,0,0,0,0,0,0,0,0,0,0,0,2026-08-27 14:48:15.571019+00,2026-08-27 14:48:15.571019+00
10,16384,t,5593664860198731511,"MOVE -826 IN ""query-cursor_112""",0,0,0,0,0,0,1,0.016672,0.016672,0.016672,0.016672,0,0,0,0,0,0,0,0,0,0,0,0,0,0,0,0,0,0,0,0,0,0,0,0,0,0,0,0,0,0,0,2026-08-27 15:19:15.573536+00,2026-08-27 15:19:15.573536+00
16410,16412,t,4581653537068850862,"DELETE FROM RES_RELATE WHERE RES_REL_ID IN ($1,$2,$3,$4,$5,$6,$7,$8,$9,$10,$11,$12,$13,$14,$15,$16,$17,$18,$19,$20,$21,$22,$23,$24,$25,$26,$27,$28,$29,$30,$31,$32,$33,$34,$35,$36,$37,$38,$39,$40,$41,$42,$43,$44,$45,$46,$47,$48,$49,$50,$51,$52,$53,$54,$55,$56,$57,$58,$59,$60,$61,$62,$63,$64,$65,$66,$67,$68,$69,$70,$71,$72,$73,$74,$75,$76,$77,$78,$79,$80,$81,$82,$83,$84,$85,$86,$87,$88,$89,$90,$91,$92,$93,$94,$95,$96,$97,$98,$99,$100)",0,0,0,0,0,0,178,517.4727749999997,0.22101099999999999,111.010891,2.9071504213483133,11.911691973272184,17299,54556,0,0,0,0,0,0,0,0,0,0,0,0,0,0,0,0,0,0,0,0,0,0,0,0,0,0,0,0,2026-08-27 15:58:01.68619+00,2026-08-27 15:58:01.68619+00
10,16384,t,6430259199232604837,"FETCH 40 IN ""query-cursor_158""",0,0,0,0,0,0,1,0.009307,0.009307,0.009307,0.009307,0,40,0,0,0,0,0,0,0,0,0,0,0,0,0,0,0,0,0,0,0,0,0,0,0,0,0,0,0,0,0,2026-08-27 16:09:15.595847+00,2026-08-27 16:09:15.595847+00
10,16384,t,8458014248518068976,"MOVE ALL IN ""query-cursor_76""",0,0,0,0,0,0,1,1.279573,1.279573,1.279573,1.279573,0,0,0,0,0,0,0,0,0,0,0,0,0,0,0,0,0,0,0,0,0,0,0,0,0,0,0,0,0,0,0,2026-08-27 14:43:15.570596+00,2026-08-27 14:43:15.570596+00
10,16384,t,7686957022309847726,"DECLARE ""query-cursor_14"" SCROLL CURSOR FOR select queryid, left(query, $1), calls, (total_plan_time + total_exec_time) as total_time from aurora_stat_statements($2) order by calls desc limit $3 FOR READ ONLY",0,0,0,0,0,0,1,0.057855,0.057855,0.057855,0.057855,0,0,0,0,0,0,0,0,0,0,0,0,0,0,0,0,0,0,0,0,0,0,0,0,0,0,0,0,0,0,0,2026-08-27 13:41:15.564847+00,2026-08-27 13:41:15.564847+00
16410,16412,t,-5750341632080856890,"INSERT INTO RES_RELATE(RES_REL_ID,MIN_RES_ENT_ID,MAX_RES_ENT_ID,IS_DISCLOSED,IS_AMBIGUOUS,LAST_ERRULE_ID,MATCH_KEY,MATCH_KEY_DETAILS,MATCH_LEVELS) VALUES ($1,$2,$3,$4,$5,$6,$7,$8,$9),($10,$11,$12,$13,$14,$15,$16,$17,$18),($19,$20,$21,$22,$23,$24,$25,$26,$27),($28,$29,$30,$31,$32,$33,$34,$35,$36) ON CONFLICT DO NOTHING",0,0,0,0,0,0,9750,12588.503918999988,0.046764,216.951254,1.291128607076922,5.915531475647219,39000,323553,0,0,2008,0,0,0,0,0,0,0,154.756145,0,0,0,0,0,0,0,0,0,0,0,0,0,0,0,0,0,2026-08-27 15:50:51.913316+00,2026-08-27 15:50:51.913316+00
16410,16412,t,-7917967829882534877,"INSERT INTO RES_REL_EKEY(RES_REL_ID,RES_ENT_ID,REL_ENT_ID) VALUES ($1,$2,$3),($4,$5,$6),($7,$8,$9),($10,$11,$12),($13,$14,$15),($16,$17,$18),($19,$20,$21),($22,$23,$24),($25,$26,$27),($28,$29,$30),($31,$32,$33),($34,$35,$36),($37,$38,$39),($40,$41,$42),($43,$44,$45),($46,$47,$48),($49,$50,$51),($52,$53,$54),($55,$56,$57),($58,$59,$60),($61,$62,$63),($64,$65,$66),($67,$68,$69),($70,$71,$72),($73,$74,$75),($76,$77,$78),($79,$80,$81) ON CONFLICT DO NOTHING",0,0,0,0,0,0,51,290.715864,0.266408,90.32178,5.700311058823529,18.03680328804462,1377,10820,0,0,7,0,0,0,0,0,0,0,0.068155,0,0,0,0,0,0,0,0,0,0,0,0,0,0,0,0,0,2026-08-27 15:52:28.395539+00,2026-08-27 15:52:28.395539+00
10,16384,t,5718155915527930523,"FETCH 26 IN ""query-cursor_157""",0,0,0,0,0,0,1,0.009575,0.009575,0.009575,0.009575,0,26,0,0,0,0,0,0,0,0,0,0,0,0,0,0,0,0,0,0,0,0,0,0,0,0,0,0,0,0,0,2026-08-27 16:07:15.602766+00,2026-08-27 16:07:15.602766+00
16410,16412,t,-2139385434427411383,"SELECT RES_ENT_ID,LIB_FEAT_ID,FTYPE_ID,UTYPE_CODE,SUPPRESSED,OBS_ENT_CNT FROM RES_FEAT_EKEY WHERE RES_ENT_ID IN ($1,$2,$3,$4,$5,$6,$7,$8,$9,$10,$11,$12,$13,$14,$15,$16,$17,$18,$19,$20,$21,$22,$23,$24,$25,$26,$27,$28,$29,$30,$31,$32,$33,$34,$35,$36,$37,$38,$39,$40,$41,$42,$43,$44,$45,$46,$47,$48,$49,$50,$51,$52,$53,$54,$55,$56,$57,$58,$59,$60,$61,$62,$63,$64) AND FTYPE_ID IN ($65,$66,$67,$68,$69,$70,$71,$72,$73,$74)",0,0,0,0,0,0,645,14261.459439000022,0.79684,427.124818,22.11078982790701,41.625399231498946,7366717,381185,0,0,0,0,0,0,0,0,0,0,0,0,0,0,0,0,0,0,0,0,0,0,0,0,0,0,0,0,2026-08-27 15:50:52.521282+00,2026-08-27 15:50:52.521282+00
16410,16412,t,7555398946580721273,"UPDATE OBS_ENT SET LOCKING_ID=LOCKING_ID+$6,LOCK_DSRC_ACTION=$1 WHERE OBS_ENT_ID IN ($2,$3,$4,$5)",0,0,0,0,0,0,1326,979.8712359999988,0.035311,337.471662,0.7389677496229252,9.720444631383728,4229,52575,0,0,164,0,0,0,0,0,0,0,27.84570199999998,0,0,0,0,0,0,0,0,0,0,0,0,0,0,0,0,0,2026-08-27 15:53:07.099971+00,2026-08-27 15:53:07.099971+00
10,16384,t,9150732344055095157,"FETCH 50 IN ""query-cursor_144""",0,0,0,0,0,0,28,0.17851399999999998,0.003655,0.009713,0.006375499999999999,0.0015563762054391415,1400,0,0,0,0,0,0,0,0,0,0,0,0,0,0,0,0,0,0,0,0,0,0,0,0,0,0,0,0,0,2026-08-27 15:51:15.577731+00,2026-08-27 15:51:15.577731+00
10,16384,t,-8819237340448120154,"DECLARE ""query-cursor_194"" SCROLL CURSOR FOR select queryid, left(query, $1), calls, (total_plan_time + total_exec_time) as total_time from aurora_stat_statements($2) order by calls desc limit $3 FOR READ ONLY",0,0,0,0,0,0,1,0.05938,0.05938,0.05938,0.05938,0,0,0,0,0,0,0,0,0,0,0,0,0,0,0,0,0,0,0,0,0,0,0,0,0,0,0,0,0,0,0,2026-08-27 16:51:15.577664+00,2026-08-27 16:51:15.577664+00
10,16384,t,-7132531143737418404,"DECLARE ""query-cursor_184"" SCROLL CURSOR FOR select queryid, left(query, $1), calls, (total_plan_time + total_exec_time) as total_time from aurora_stat_statements($2) order by calls desc limit $3 FOR READ ONLY",0,0,0,0,0,0,1,0.060847,0.060847,0.060847,0.060847,0,0,0,0,0,0,0,0,0,0,0,0,0,0,0,0,0,0,0,0,0,0,0,0,0,0,0,0,0,0,0,2026-08-27 16:41:15.577081+00,2026-08-27 16:41:15.577081+00
10,16384,t,6392042259353340535,"MOVE ALL IN ""query-cursor_10""",0,0,0,0,0,0,1,0.387894,0.387894,0.387894,0.387894,0,0,0,0,0,0,0,0,0,0,0,0,0,0,0,0,0,0,0,0,0,0,0,0,0,0,0,0,0,0,0,2026-08-27 13:37:15.565034+00,2026-08-27 13:37:15.565034+00
10,16384,t,2170053540447140598,"DECLARE ""query-cursor_3"" SCROLL CURSOR FOR select queryid, left(query, $1), calls, (total_plan_time + total_exec_time) as total_time from aurora_stat_statements($2) order by calls desc limit $3 FOR READ ONLY",0,0,0,0,0,0,1,0.060733,0.060733,0.060733,0.060733,0,0,0,0,0,0,0,0,0,0,0,0,0,0,0,0,0,0,0,0,0,0,0,0,0,0,0,0,0,0,0,2026-08-27 13:30:15.564089+00,2026-08-27 13:30:15.564089+00
10,16384,t,-906164761746152962,"FETCH 7 IN ""query-cursor_52""",0,0,0,0,0,0,1,0.001866,0.001866,0.001866,0.001866,0,7,0,0,0,0,0,0,0,0,0,0,0,0,0,0,0,0,0,0,0,0,0,0,0,0,0,0,0,0,0,2026-08-27 14:19:15.570399+00,2026-08-27 14:19:15.570399+00
10,16384,t,803134316696101506,"FETCH 0 IN ""query-cursor_126""",0,0,0,0,0,0,1,0.003609,0.003609,0.003609,0.003609,0,0,0,0,0,0,0,0,0,0,0,0,0,0,0,0,0,0,0,0,0,0,0,0,0,0,0,0,0,0,0,2026-08-27 15:33:15.572668+00,2026-08-27 15:33:15.572668+00
10,16384,t,4470778601750250350,"FETCH 50 IN ""query-cursor_1""",0,0,0,0,0,0,1,0.004413,0.004413,0.004413,0.004413,0,50,0,0,0,0,0,0,0,0,0,0,0,0,0,0,0,0,0,0,0,0,0,0,0,0,0,0,0,0,0,2026-08-27 13:28:15.562024+00,2026-08-27 13:28:15.562024+00
16410,16412,t,7475427222219411212,"SELECT RES_ENT_ID,LIB_FEAT_ID,FTYPE_ID,UTYPE_CODE,SUPPRESSED,OBS_ENT_CNT FROM RES_FEAT_EKEY WHERE RES_ENT_ID IN ($1,$2,$3,$4) AND FTYPE_ID IN ($5,$6,$7,$8,$9,$10,$11,$12,$13,$14,$15,$16,$17,$18,$19,$20,$21,$22,$23,$24,$25,$26,$27,$28,$29,$30,$31,$32,$33,$34,$35,$36,$37,$38,$39,$40,$41,$42,$43,$44,$45,$46,$47,$48,$49,$50,$51,$52,$53,$54,$55,$56,$57,$58,$59,$60,$61,$62,$63,$64,$65,$66,$67,$68)",0,0,0,0,0,0,2,0.380737,0.130178,0.25055900000000003,0.1903685,0.06019050000000003,107,44,0,0,0,0,0,0,0,0,0,0,0,0,0,0,0,0,0,0,0,0,0,0,0,0,0,0,0,0,2026-08-27 16:05:18.508888+00,2026-08-27 16:05:18.508888+00
16410,16412,t,5557684501670008027,BEGIN,0,0,0,0,0,0,3127,10.216409999999986,0.000723,0.041063,0.0032671602174608205,0.0029941408777832213,0,0,0,0,0,0,0,0,0,0,0,0,0,0,0,0,0,0,0,0,0,0,0,0,0,0,0,0,0,0,2026-08-27 15:50:46.801601+00,2026-08-27 15:50:46.801601+00
10,16384,t,-979594542494160116,"MOVE -2208 IN ""query-cursor_235""",0,0,0,0,0,0,1,0.040726,0.040726,0.040726,0.040726,0,0,0,0,0,0,0,0,0,0,0,0,0,0,0,0,0,0,0,0,0,0,0,0,0,0,0,0,0,0,0,2026-08-27 17:32:15.586494+00,2026-08-27 17:32:15.586494+00
10,16384,t,396359058459983977,"MOVE ALL IN ""query-cursor_69""",0,0,0,0,0,0,1,1.120915,1.120915,1.120915,1.120915,0,0,0,0,0,0,0,0,0,0,0,0,0,0,0,0,0,0,0,0,0,0,0,0,0,0,0,0,0,0,0,2026-08-27 14:36:15.570017+00,2026-08-27 14:36:15.570017+00
16410,16412,t,9043716314885357572,"UPDATE RES_FEAT_EKEY AS T SET SUPPRESSED = C.SUPPRESSED FROM (VALUES (CAST ($1 AS BIGINT),CAST ($2 AS BIGINT),$3,$4),(CAST ($5 AS BIGINT),CAST ($6 AS BIGINT),$7,$8),(CAST ($9 AS BIGINT),CAST ($10 AS BIGINT),$11,$12),(CAST ($13 AS BIGINT),CAST ($14 AS BIGINT),$15,$16),(CAST ($17 AS BIGINT),CAST ($18 AS BIGINT),$19,$20),(CAST ($21 AS BIGINT),CAST ($22 AS BIGINT),$23,$24),(CAST ($25 AS BIGINT),CAST ($26 AS BIGINT),$27,$28),(CAST ($29 AS BIGINT),CAST ($30 AS BIGINT),$31,$32),(CAST ($33 AS BIGINT),CAST ($34 AS BIGINT),$35,$36),(CAST ($37 AS BIGINT),CAST ($38 AS BIGINT),$39,$40),(CAST ($41 AS BIGINT),CAST ($42 AS BIGINT),$43,$44),(CAST ($45 AS BIGINT),CAST ($46 AS BIGINT),$47,$48),(CAST ($49 AS BIGINT),CAST ($50 AS BIGINT),$51,$52),(CAST ($53 AS BIGINT),CAST ($54 AS BIGINT),$55,$56),(CAST ($57 AS BIGINT),CAST ($58 AS BIGINT),$59,$60),(CAST ($61 AS BIGINT),CAST ($62 AS BIGINT),$63,$64),(CAST ($65 AS BIGINT),CAST ($66 AS BIGINT),$67,$68),(CAST ($69 AS BIGINT),CAST ($70 AS BIGINT),$71,$72),(CAST ($73 AS BIGINT),CAST ($74 AS BIGINT),$75,$76),(CAST ($77 AS BIGINT),CAST ($78 AS BIGINT),$79,$80)) AS C(RES_ENT_ID,LIB_FEAT_ID,UTYPE_CODE,SUPPRESSED) WHERE C.RES_ENT_ID=T.RES_ENT_ID AND C.LIB_FEAT_ID=T.LIB_FEAT_ID AND C.UTYPE_CODE=T.UTYPE_CODE",0,0,0,0,0,0,92,243.86573099999998,0.134079,36.280004,2.650714467391304,6.568640262714888,1840,22268,0,0,5,0,0,0,0,0,0,0,0.027402999999999997,0,0,0,0,0,0,0,0,0,0,0,0,0,0,0,0,0,2026-08-27 15:52:23.787929+00,2026-08-27 15:52:23.787929+00
10,16384,t,6219635435757255220,"FETCH 1 IN ""query-cursor_59""",0,0,0,0,0,0,1,0.001444,0.001444,0.001444,0.001444,0,1,0,0,0,0,0,0,0,0,0,0,0,0,0,0,0,0,0,0,0,0,0,0,0,0,0,0,0,0,0,2026-08-27 14:26:15.571157+00,2026-08-27 14:26:15.571157+00
10,16384,t,-5238334122850724457,"FETCH 34 IN ""query-cursor_23""",0,0,0,0,0,0,1,0.002889,0.002889,0.002889,0.002889,0,34,0,0,0,0,0,0,0,0,0,0,0,0,0,0,0,0,0,0,0,0,0,0,0,0,0,0,0,0,0,2026-08-27 13:50:15.567303+00,2026-08-27 13:50:15.567303+00
10,16384,t,-2028530880602211165,"FETCH 27 IN ""query-cursor_230""",0,0,0,0,0,0,1,0.002362,0.002362,0.002362,0.002362,0,27,0,0,0,0,0,0,0,0,0,0,0,0,0,0,0,0,0,0,0,0,0,0,0,0,0,0,0,0,0,2026-08-27 17:27:15.599668+00,2026-08-27 17:27:15.599668+00
10,16384,t,-6913952412451803830,select $1 from rds_get_stat_connections_counters() limit $2,0,0,0,0,0,0,735,31.611174000000016,0.014298,0.12923,0.04300840000000002,0.023379507410777788,735,0,0,0,0,0,0,0,0,0,0,0,0,0,0,0,0,0,0,0,0,0,0,0,0,0,0,0,0,0,2026-08-27 13:28:55.566208+00,2026-08-27 13:28:55.566208+00
16410,16412,t,278395488757922706,SELECT pg_try_advisory_lock($1),0,0,0,0,0,0,623253,156891.94965699894,0.000937,4804.842595,0.25173075726390237,17.044620839919492,623253,0,0,0,0,0,0,0,0,0,0,0,0,0,0,0,0,0,0,0,0,0,0,0,0,0,0,0,0,0,2026-08-27 15:50:57.788516+00,2026-08-27 15:50:57.788516+00
16410,16412,t,-3462866171296620943,"SELECT RES_ENT_ID,LIB_FEAT_ID,FTYPE_ID,UTYPE_CODE,SUPPRESSED,OBS_ENT_CNT FROM RES_FEAT_EKEY WHERE RES_ENT_ID IN ($1,$2,$3,$4) AND FTYPE_ID IN ($5,$6,$7,$8,$9,$10,$11,$12,$13,$14,$15,$16,$17,$18)",0,0,0,0,0,0,11172,4446.077034999982,0.038771,105.787987,0.3979660790368763,1.790848153808218,2124143,178963,0,0,0,0,0,0,0,0,0,0,0,0,0,0,0,0,0,0,0,0,0,0,0,0,0,0,0,0,2026-08-27 15:50:47.753082+00,2026-08-27 15:50:47.753082+00
10,16384,t,-7186710266998313716,"MOVE -231 IN ""query-cursor_17""",0,0,0,0,0,0,1,0.006397,0.006397,0.006397,0.006397,0,0,0,0,0,0,0,0,0,0,0,0,0,0,0,0,0,0,0,0,0,0,0,0,0,0,0,0,0,0,0,2026-08-27 13:44:15.565758+00,2026-08-27 13:44:15.565758+00
10,16384,t,9094329838787573914,"FETCH 0 IN ""query-cursor_163""",0,0,0,0,0,0,1,0.003362,0.003362,0.003362,0.003362,0,0,0,0,0,0,0,0,0,0,0,0,0,0,0,0,0,0,0,0,0,0,0,0,0,0,0,0,0,0,0,2026-08-27 16:18:15.575544+00,2026-08-27 16:18:15.575544+00
10,16384,t,-6119747177467428766,"FETCH 50 IN ""query-cursor_176""",0,0,0,0,0,0,37,0.14328700000000003,0.002948,0.006215,0.0038726216216216224,0.0009094624296164508,1850,0,0,0,0,0,0,0,0,0,0,0,0,0,0,0,0,0,0,0,0,0,0,0,0,0,0,0,0,0,2026-08-27 16:33:15.581806+00,2026-08-27 16:33:15.581806+00
10,16384,t,-176254839282276572,"FETCH 0 IN ""query-cursor_81""",0,0,0,0,0,0,1,0.003752,0.003752,0.003752,0.003752,0,0,0,0,0,0,0,0,0,0,0,0,0,0,0,0,0,0,0,0,0,0,0,0,0,0,0,0,0,0,0,2026-08-27 14:48:15.569593+00,2026-08-27 14:48:15.569593+00
10,16384,t,5857005489087596978,"DECLARE ""query-cursor_140"" SCROLL CURSOR FOR select queryid, left(query, $1), calls, (total_plan_time + total_exec_time) as total_time from aurora_stat_statements($2) order by calls desc limit $3 FOR READ ONLY",0,0,0,0,0,0,1,0.060596,0.060596,0.060596,0.060596,0,0,0,0,0,0,0,0,0,0,0,0,0,0,0,0,0,0,0,0,0,0,0,0,0,0,0,0,0,0,0,2026-08-27 15:47:15.573707+00,2026-08-27 15:47:15.573707+00
16410,16412,t,-6160890080325165821,"UPDATE RES_FEAT_EKEY AS T SET SUPPRESSED = C.SUPPRESSED FROM (VALUES (CAST ($1 AS BIGINT),CAST ($2 AS BIGINT),$3,$4),(CAST ($5 AS BIGINT),CAST ($6 AS BIGINT),$7,$8),(CAST ($9 AS BIGINT),CAST ($10 AS BIGINT),$11,$12),(CAST ($13 AS BIGINT),CAST ($14 AS BIGINT),$15,$16),(CAST ($17 AS BIGINT),CAST ($18 AS BIGINT),$19,$20),(CAST ($21 AS BIGINT),CAST ($22 AS BIGINT),$23,$24),(CAST ($25 AS BIGINT),CAST ($26 AS BIGINT),$27,$28),(CAST ($29 AS BIGINT),CAST ($30 AS BIGINT),$31,$32),(CAST ($33 AS BIGINT),CAST ($34 AS BIGINT),$35,$36),(CAST ($37 AS BIGINT),CAST ($38 AS BIGINT),$39,$40),(CAST ($41 AS BIGINT),CAST ($42 AS BIGINT),$43,$44),(CAST ($45 AS BIGINT),CAST ($46 AS BIGINT),$47,$48),(CAST ($49 AS BIGINT),CAST ($50 AS BIGINT),$51,$52)) AS C(RES_ENT_ID,LIB_FEAT_ID,UTYPE_CODE,SUPPRESSED) WHERE C.RES_ENT_ID=T.RES_ENT_ID AND C.LIB_FEAT_ID=T.LIB_FEAT_ID AND C.UTYPE_CODE=T.UTYPE_CODE",0,0,0,0,0,0,115,291.7182280000001,0.103639,75.335443,2.536680243478262,8.640649073154107,1495,17454,0,0,6,0,0,0,0,0,0,0,0.045148,0,0,0,0,0,0,0,0,0,0,0,0,0,0,0,0,0,2026-08-27 15:52:20.584213+00,2026-08-27 15:52:20.584213+00
10,16384,t,-4812002952626931059,"FETCH 50 IN ""query-cursor_102""",0,0,0,0,0,0,15,0.04742299999999999,0.002696,0.005042,0.003161533333333333,0.0005748389764872322,750,0,0,0,0,0,0,0,0,0,0,0,0,0,0,0,0,0,0,0,0,0,0,0,0,0,0,0,0,0,2026-08-27 15:09:15.572833+00,2026-08-27 15:09:15.572833+00
10,16384,t,-5357382279410069445,"MOVE ALL IN ""query-cursor_27""",0,0,0,0,0,0,1,0.636371,0.636371,0.636371,0.636371,0,0,0,0,0,0,0,0,0,0,0,0,0,0,0,0,0,0,0,0,0,0,0,0,0,0,0,0,0,0,0,2026-08-27 13:54:15.566509+00,2026-08-27 13:54:15.566509+00
16410,16412,t,-8936390312445118152,"INSERT INTO LIB_FEAT(LIB_FEAT_ID,FTYPE_ID,FEAT_HASH,FEAT_DESC,FELEM_VALUES,ANONYMIZED,VERSION) VALUES ($1,$2,$3,$4,$5,$6,$7),($8,$9,$10,$11,$12,$13,$14),($15,$16,$17,$18,$19,$20,$21),($22,$23,$24,$25,$26,$27,$28),($29,$30,$31,$32,$33,$34,$35),($36,$37,$38,$39,$40,$41,$42),($43,$44,$45,$46,$47,$48,$49),($50,$51,$52,$53,$54,$55,$56),($57,$58,$59,$60,$61,$62,$63),($64,$65,$66,$67,$68,$69,$70),($71,$72,$73,$74,$75,$76,$77),($78,$79,$80,$81,$82,$83,$84) ON CONFLICT(FTYPE_ID,FEAT_HASH,ANONYMIZED) DO UPDATE SET FTYPE_ID=LIB_FEAT.FTYPE_ID,FEAT_HASH=LIB_FEAT.FEAT_HASH,ANONYMIZED=LIB_FEAT.ANONYMIZED RETURNING LIB_FEAT_ID,FTYPE_ID,FEAT_HASH,ANONYMIZED,FEAT_DESC",0,0,0,0,0,0,48281,974502.7996259956,0.261605,1541.167425,20.183981268532044,57.49026892491047,579372,8492564,1,0,64404,0,0,0,0,0,0,0,1468.0481289999973,0,0,0,0,0,0,0,0,0,0,0,0,0,0,0,0,0,2026-08-27 15:50:46.829829+00,2026-08-27 15:50:46.829829+00
10,16384,t,3463303800969046609,"FETCH 50 IN ""query-cursor_134""",0,0,0,0,0,0,19,0.05730900000000001,0.002644,0.005085,0.0030162631578947376,0.000530457681441747,950,0,0,0,0,0,0,0,0,0,0,0,0,0,0,0,0,0,0,0,0,0,0,0,0,0,0,0,0,0,2026-08-27 15:41:15.575433+00,2026-08-27 15:41:15.575433+00
10,16384,t,-2194656291692130190,"MOVE ALL IN ""query-cursor_163""",0,0,0,0,0,0,1,4.875405,4.875405,4.875405,4.875405,0,0,0,0,0,0,0,0,0,0,0,0,0,0,0,0,0,0,0,0,0,0,0,0,0,0,0,0,0,0,0,2026-08-27 16:18:15.580467+00,2026-08-27 16:18:15.580467+00
10,16384,t,1959486856100786062,"FETCH 27 IN ""query-cursor_129""",0,0,0,0,0,0,1,0.002571,0.002571,0.002571,0.002571,0,27,0,0,0,0,0,0,0,0,0,0,0,0,0,0,0,0,0,0,0,0,0,0,0,0,0,0,0,0,0,2026-08-27 15:36:15.578276+00,2026-08-27 15:36:15.578276+00
16410,16412,t,-8072817735655944449,"SELECT RES_ENT_ID,LIB_FEAT_ID,FTYPE_ID,UTYPE_CODE,SUPPRESSED,OBS_ENT_CNT FROM RES_FEAT_EKEY WHERE RES_ENT_ID IN ($1,$2,$3,$4,$5,$6,$7,$8) AND FTYPE_ID IN ($9,$10,$11,$12,$13,$14)",0,0,0,0,0,0,1058,559.2025410000003,0.06445,31.46384,0.5285468251417773,2.369475172150604,83792,29543,0,0,0,0,0,0,0,0,0,0,0,0,0,0,0,0,0,0,0,0,0,0,0,0,0,0,0,0,2026-08-27 15:51:21.123226+00,2026-08-27 15:51:21.123226+00
16410,16412,t,753918101870220099,"SELECT LIB_FEAT_ID,FTYPE_ID,UTYPE_CODE,SUPPRESSED,OBS_ENT_CNT FROM RES_FEAT_EKEY WHERE RES_ENT_ID=$1 AND LIB_FEAT_ID IN ($2,$3,$4,$5,$6,$7,$8,$9,$10,$11,$12,$13,$14,$15,$16,$17)",0,0,0,0,0,0,10405,961.8435759999983,0.02537,21.690163,0.09244051667467547,0.5048415971541509,49187,449371,0,0,0,0,0,0,0,0,0,0,0,0,0,0,0,0,0,0,0,0,0,0,0,0,0,0,0,0,2026-08-27 15:51:19.311735+00,2026-08-27 15:51:19.311735+00
16410,16412,t,3863971480848864201,"SELECT RES_ENT_ID FROM RES_ENT WHERE RES_ENT_ID IN ($1,$2,$3,$4,$5,$6,$7,$8,$9,$10,$11,$12,$13,$14,$15,$16,$17,$18,$19,$20,$21,$22,$23,$24,$25,$26,$27,$28,$29,$30,$31,$32,$33,$34,$35,$36,$37,$38,$39,$40,$41,$42,$43,$44,$45,$46,$47,$48,$49,$50,$51,$52,$53,$54,$55,$56,$57,$58,$59,$60,$61,$62,$63,$64,$65,$66,$67,$68,$69,$70,$71,$72,$73,$74,$75,$76,$77,$78,$79,$80,$81,$82,$83,$84,$85,$86,$87,$88,$89,$90,$91,$92,$93,$94,$95,$96,$97,$98,$99,$100)",0,0,0,0,0,0,1007,528.1858530000001,0.139124,26.564511,0.5245142532274082,1.322160664926065,93630,290335,0,0,0,0,0,0,0,0,0,0,0,0,0,0,0,0,0,0,0,0,0,0,0,0,0,0,0,0,2026-08-27 15:51:34.574343+00,2026-08-27 15:51:34.574343+00
10,16384,t,-6367197089482508519,"FETCH 0 IN ""query-cursor_204""",0,0,0,0,0,0,1,0.00394,0.00394,0.00394,0.00394,0,0,0,0,0,0,0,0,0,0,0,0,0,0,0,0,0,0,0,0,0,0,0,0,0,0,0,0,0,0,0,2026-08-27 17:01:15.578422+00,2026-08-27 17:01:15.578422+00
10,16384,t,6200010675249954424,"MOVE -1831 IN ""query-cursor_172""",0,0,0,0,0,0,1,0.033996,0.033996,0.033996,0.033996,0,0,0,0,0,0,0,0,0,0,0,0,0,0,0,0,0,0,0,0,0,0,0,0,0,0,0,0,0,0,0,2026-08-27 16:29:15.581254+00,2026-08-27 16:29:15.581254+00
10,16384,t,-3716578807036564667,"FETCH 44 IN ""query-cursor_33""",0,0,0,0,0,0,1,0.003347,0.003347,0.003347,0.003347,0,44,0,0,0,0,0,0,0,0,0,0,0,0,0,0,0,0,0,0,0,0,0,0,0,0,0,0,0,0,0,2026-08-27 14:00:15.568314+00,2026-08-27 14:00:15.568314+00
10,16384,t,1614636232220943118,"DECLARE ""query-cursor_86"" SCROLL CURSOR FOR select queryid, left(query, $1), calls, (total_plan_time + total_exec_time) as total_time from aurora_stat_statements($2) order by calls desc limit $3 FOR READ ONLY",0,0,0,0,0,0,1,0.087389,0.087389,0.087389,0.087389,0,0,0,0,0,0,0,0,0,0,0,0,0,0,0,0,0,0,0,0,0,0,0,0,0,0,0,0,0,0,0,2026-08-27 14:53:15.569976+00,2026-08-27 14:53:15.569976+00
16410,16412,t,2341497862536967763,"SELECT LIB_FEAT_ID FROM NAME_EMBEDDING WHERE LIB_FEAT_ID IN ($1,$2,$3,$4)",0,0,0,0,0,0,6,0.161964,0.01812,0.034174,0.026994,0.006030796160817686,18,78,0,0,0,0,0,0,0,0,0,0,0,0,0,0,0,0,0,0,0,0,0,0,0,0,0,0,0,0,2026-08-27 16:08:26.534297+00,2026-08-27 16:08:26.534297+00
10,16384,t,3352100097708546938,"FETCH 0 IN ""query-cursor_162""",0,0,0,0,0,0,1,0.003312,0.003312,0.003312,0.003312,0,0,0,0,0,0,0,0,0,0,0,0,0,0,0,0,0,0,0,0,0,0,0,0,0,0,0,0,0,0,0,2026-08-27 16:16:15.575488+00,2026-08-27 16:16:15.575488+00
10,16384,t,-4021610602166236258,"MOVE -964 IN ""query-cursor_135""",0,0,0,0,0,0,1,0.019904,0.019904,0.019904,0.019904,0,0,0,0,0,0,0,0,0,0,0,0,0,0,0,0,0,0,0,0,0,0,0,0,0,0,0,0,0,0,0,2026-08-27 15:42:15.575583+00,2026-08-27 15:42:15.575583+00
10,16384,t,4897257018718542170,"DECLARE ""query-cursor_175"" SCROLL CURSOR FOR select queryid, left(query, $1), calls, (total_plan_time + total_exec_time) as total_time from aurora_stat_statements($2) order by calls desc limit $3 FOR READ ONLY",0,0,0,0,0,0,1,0.064235,0.064235,0.064235,0.064235,0,0,0,0,0,0,0,0,0,0,0,0,0,0,0,0,0,0,0,0,0,0,0,0,0,0,0,0,0,0,0,2026-08-27 16:32:15.576341+00,2026-08-27 16:32:15.576341+00
16410,16412,t,6677170199661313477,SELECT DSRC_ID FROM DSRC_RECORD WHERE DSRC_ID=$1 AND RECORD_ID=$2,0,0,0,0,0,0,998463,88277.95243399871,0.0032890000000000003,91.294938,0.08841384451301522,1.1682123363844412,2719,2968407,0,0,0,0,0,0,0,0,0,0,0,0,0,0,0,0,0,0,0,0,0,0,0,0,0,0,0,0,2026-08-27 15:50:46.792675+00,2026-08-27 15:50:46.792675+00
16410,16412,t,-597852566178768527,"INSERT INTO RES_REL_EKEY(RES_REL_ID,RES_ENT_ID,REL_ENT_ID) VALUES ($1,$2,$3) ON CONFLICT DO NOTHING",0,0,0,0,0,0,243,97.79488399999997,0.006545,14.688891,0.4024480823045266,1.7401768497218357,197,1763,0,0,1,0,0,0,0,0,0,0,0.011007,0,0,0,0,0,0,0,0,0,0,0,0,0,0,0,0,0,2026-08-27 15:52:07.778603+00,2026-08-27 15:52:07.778603+00
10,16384,t,5728208846679850632,"FETCH 50 IN ""query-cursor_230""",0,0,0,0,0,0,43,0.15762900000000002,0.002685,0.006362,0.003665790697674419,0.0009610423013737455,2150,0,0,0,0,0,0,0,0,0,0,0,0,0,0,0,0,0,0,0,0,0,0,0,0,0,0,0,0,0,2026-08-27 17:27:15.586501+00,2026-08-27 17:27:15.586501+00
10,16384,t,-5150185012049596578,"MOVE ALL IN ""query-cursor_49""",0,0,0,0,0,0,1,0.91987,0.91987,0.91987,0.91987,0,0,0,0,0,0,0,0,0,0,0,0,0,0,0,0,0,0,0,0,0,0,0,0,0,0,0,0,0,0,0,2026-08-27 14:16:15.568427+00,2026-08-27 14:16:15.568427+00
10,16384,t,-5310823441199021264,"FETCH 0 IN ""query-cursor_82""",0,0,0,0,0,0,1,0.004287,0.004287,0.004287,0.004287,0,0,0,0,0,0,0,0,0,0,0,0,0,0,0,0,0,0,0,0,0,0,0,0,0,0,0,0,0,0,0,2026-08-27 14:49:15.569781+00,2026-08-27 14:49:15.569781+00
10,16384,t,-8811785567742148774,"FETCH 27 IN ""query-cursor_47""",0,0,0,0,0,0,1,0.002282,0.002282,0.002282,0.002282,0,27,0,0,0,0,0,0,0,0,0,0,0,0,0,0,0,0,0,0,0,0,0,0,0,0,0,0,0,0,0,2026-08-27 14:14:15.569886+00,2026-08-27 14:14:15.569886+00
10,16384,t,-8823372830805297403,"FETCH 9 IN ""query-cursor_202""",0,0,0,0,0,0,1,0.001697,0.001697,0.001697,0.001697,0,9,0,0,0,0,0,0,0,0,0,0,0,0,0,0,0,0,0,0,0,0,0,0,0,0,0,0,0,0,0,2026-08-27 16:59:15.596601+00,2026-08-27 16:59:15.596601+00
10,16384,t,261583821499998802,"MOVE -1885 IN ""query-cursor_181""",0,0,0,0,0,0,1,0.034497,0.034497,0.034497,0.034497,0,0,0,0,0,0,0,0,0,0,0,0,0,0,0,0,0,0,0,0,0,0,0,0,0,0,0,0,0,0,0,2026-08-27 16:38:15.58158+00,2026-08-27 16:38:15.58158+00
16410,16412,t,2182108384566122011,"SELECT LIB_FEAT_ID FROM SEMANTIC_VALUE WHERE LIB_FEAT_ID IN ($1,$2)",0,0,0,0,0,0,1202,27.367072000000018,0.011765,0.369336,0.022767946755407668,0.01216295279079776,2404,10136,0,0,0,0,0,0,0,0,0,0,0,0,0,0,0,0,0,0,0,0,0,0,0,0,0,0,0,0,2026-08-27 15:52:24.003755+00,2026-08-27 15:52:24.003755+00
10,16384,t,2359011993313134219,"FETCH 50 IN ""query-cursor_94""",0,0,0,0,0,0,14,0.04780300000000001,0.002762,0.005789,0.003414500000000001,0.0007392191584947689,700,0,0,0,0,0,0,0,0,0,0,0,0,0,0,0,0,0,0,0,0,0,0,0,0,0,0,0,0,0,2026-08-27 15:01:15.572194+00,2026-08-27 15:01:15.572194+00
16410,16412,t,8731251703112466981,"UPDATE RES_FEAT_EKEY AS T SET SUPPRESSED = C.SUPPRESSED FROM (VALUES (CAST ($1 AS BIGINT),CAST ($2 AS BIGINT),$3,$4),(CAST ($5 AS BIGINT),CAST ($6 AS BIGINT),$7,$8),(CAST ($9 AS BIGINT),CAST ($10 AS BIGINT),$11,$12),(CAST ($13 AS BIGINT),CAST ($14 AS BIGINT),$15,$16),(CAST ($17 AS BIGINT),CAST ($18 AS BIGINT),$19,$20),(CAST ($21 AS BIGINT),CAST ($22 AS BIGINT),$23,$24),(CAST ($25 AS BIGINT),CAST ($26 AS BIGINT),$27,$28),(CAST ($29 AS BIGINT),CAST ($30 AS BIGINT),$31,$32),(CAST ($33 AS BIGINT),CAST ($34 AS BIGINT),$35,$36),(CAST ($37 AS BIGINT),CAST ($38 AS BIGINT),$39,$40),(CAST ($41 AS BIGINT),CAST ($42 AS BIGINT),$43,$44),(CAST ($45 AS BIGINT),CAST ($46 AS BIGINT),$47,$48),(CAST ($49 AS BIGINT),CAST ($50 AS BIGINT),$51,$52),(CAST ($53 AS BIGINT),CAST ($54 AS BIGINT),$55,$56),(CAST ($57 AS BIGINT),CAST ($58 AS BIGINT),$59,$60),(CAST ($61 AS BIGINT),CAST ($62 AS BIGINT),$63,$64),(CAST ($65 AS BIGINT),CAST ($66 AS BIGINT),$67,$68),(CAST ($69 AS BIGINT),CAST ($70 AS BIGINT),$71,$72),(CAST ($73 AS BIGINT),CAST ($74 AS BIGINT),$75,$76),(CAST ($77 AS BIGINT),CAST ($78 AS BIGINT),$79,$80),(CAST ($81 AS BIGINT),CAST ($82 AS BIGINT),$83,$84),(CAST ($85 AS BIGINT),CAST ($86 AS BIGINT),$87,$88),(CAST ($89 AS BIGINT),CAST ($90 AS BIGINT),$91,$92),(CAST ($93 AS BIGINT),CAST ($94 AS BIGINT),$95,$96),(CAST ($97 AS BIGINT),CAST ($98 AS BIGINT),$99,$100)) AS C(RES_ENT_ID,LIB_FEAT_ID,UTYPE_CODE,SUPPRESSED) WHERE C.RES_ENT_ID=T.RES_ENT_ID AND C.LIB_FEAT_ID=T.LIB_FEAT_ID AND C.UTYPE_CODE=T.UTYPE_CODE",0,0,0,0,0,0,7704,37203.88038099986,0.167335,645.5798149999999,4.829164120067479,16.21713494096456,192600,2822644,0,0,1361,0,0,0,0,0,0,0,86.18785399999997,0,0,0,0,0,0,0,0,0,0,0,0,0,0,0,0,0,2026-08-27 15:51:09.480813+00,2026-08-27 15:51:09.480813+00
10,16384,t,6742507675156720525,"DECLARE ""query-cursor_205"" SCROLL CURSOR FOR select queryid, left(query, $1), calls, (total_plan_time + total_exec_time) as total_time from aurora_stat_statements($2) order by calls desc limit $3 FOR READ ONLY",0,0,0,0,0,0,1,0.065204,0.065204,0.065204,0.065204,0,0,0,0,0,0,0,0,0,0,0,0,0,0,0,0,0,0,0,0,0,0,0,0,0,0,0,0,0,0,0,2026-08-27 17:02:15.578474+00,2026-08-27 17:02:15.578474+00
16410,16412,t,-1169722922406792906,"DELETE FROM RES_ENT WHERE RES_ENT_ID IN ($1,$2,$3,$4,$5,$6,$7,$8,$9,$10,$11,$12,$13,$14,$15,$16)",0,0,0,0,0,0,4,0.338917,0.072024,0.099788,0.08472925,0.010063210158170206,42,282,0,0,0,0,0,0,0,0,0,0,0,0,0,0,0,0,0,0,0,0,0,0,0,0,0,0,0,0,2026-08-27 16:08:15.00101+00,2026-08-27 16:08:15.00101+00
16410,16412,t,-8573621401839085803,"INSERT INTO RES_REL_EKEY(RES_REL_ID,RES_ENT_ID,REL_ENT_ID) VALUES ($1,$2,$3),($4,$5,$6),($7,$8,$9),($10,$11,$12) ON CONFLICT DO NOTHING",0,0,0,0,0,0,97023,123318.98649599958,0.048612,162.146875,1.2710283798274593,4.1229693621036585,388086,3153671,2,0,5103,0,0,0,0,0,0,0,432.06110099999995,0,0,0,0,0,0,0,0,0,0,0,0,0,0,0,0,0,2026-08-27 15:50:49.17008+00,2026-08-27 15:50:49.17008+00
10,16384,t,2253087559949349455,"FETCH 0 IN ""query-cursor_243""",0,0,0,0,0,0,1,0.003559,0.003559,0.003559,0.003559,0,0,0,0,0,0,0,0,0,0,0,0,0,0,0,0,0,0,0,0,0,0,0,0,0,0,0,0,0,0,0,2026-08-27 17:40:15.581295+00,2026-08-27 17:40:15.581295+00
10,16384,t,-5935799378569354668,"MOVE ALL IN ""query-cursor_3""",0,0,0,0,0,0,1,0.276055,0.276055,0.276055,0.276055,0,0,0,0,0,0,0,0,0,0,0,0,0,0,0,0,0,0,0,0,0,0,0,0,0,0,0,0,0,0,0,2026-08-27 13:30:15.565265+00,2026-08-27 13:30:15.565265+00
10,16384,t,-3783062424906764760,"MOVE -628 IN ""query-cursor_79""",0,0,0,0,0,0,1,0.013499,0.013499,0.013499,0.013499,0,0,0,0,0,0,0,0,0,0,0,0,0,0,0,0,0,0,0,0,0,0,0,0,0,0,0,0,0,0,0,2026-08-27 14:46:15.570911+00,2026-08-27 14:46:15.570911+00
10,16384,t,4081147453203970691,"MOVE -910 IN ""query-cursor_126""",0,0,0,0,0,0,1,0.028706,0.028706,0.028706,0.028706,0,0,0,0,0,0,0,0,0,0,0,0,0,0,0,0,0,0,0,0,0,0,0,0,0,0,0,0,0,0,0,2026-08-27 15:33:15.574613+00,2026-08-27 15:33:15.574613+00
16410,16412,t,479873241561106774,"INSERT INTO RES_FEAT_STAT(LIB_FEAT_ID,FTYPE_ID,NUM_RES_ENT,NUM_RES_ENT_OOM) VALUES ($1,$2,$3,$4),($5,$6,$7,$8),($9,$10,$11,$12),($13,$14,$15,$16),($17,$18,$19,$20),($21,$22,$23,$24),($25,$26,$27,$28),($29,$30,$31,$32),($33,$34,$35,$36),($37,$38,$39,$40),($41,$42,$43,$44),($45,$46,$47,$48),($49,$50,$51,$52),($53,$54,$55,$56),($57,$58,$59,$60),($61,$62,$63,$64),($65,$66,$67,$68),($69,$70,$71,$72),($73,$74,$75,$76),($77,$78,$79,$80) ON CONFLICT DO NOTHING",0,0,0,0,0,0,18340,88807.7128649995,0.176576,906.592829,4.842296230370747,16.67115389592458,366678,3048090,0,0,4043,0,0,0,0,0,0,0,157.1247189999998,0,0,0,0,0,0,0,0,0,0,0,0,0,0,0,0,0,2026-08-27 15:50:47.191504+00,2026-08-27 15:50:47.191504+00
10,16384,t,-3906166199474344128,"DECLARE ""query-cursor_89"" SCROLL CURSOR FOR select queryid, left(query, $1), calls, (total_plan_time + total_exec_time) as total_time from aurora_stat_statements($2) order by calls desc limit $3 FOR READ ONLY",0,0,0,0,0,0,1,0.060754,0.060754,0.060754,0.060754,0,0,0,0,0,0,0,0,0,0,0,0,0,0,0,0,0,0,0,0,0,0,0,0,0,0,0,0,0,0,0,2026-08-27 14:56:15.570062+00,2026-08-27 14:56:15.570062+00
10,16384,t,5876516787305269511,"DECLARE ""query-cursor_31"" SCROLL CURSOR FOR select queryid, left(query, $1), calls, (total_plan_time + total_exec_time) as total_time from aurora_stat_statements($2) order by calls desc limit $3 FOR READ ONLY",0,0,0,0,0,0,1,0.059095,0.059095,0.059095,0.059095,0,0,0,0,0,0,0,0,0,0,0,0,0,0,0,0,0,0,0,0,0,0,0,0,0,0,0,0,0,0,0,2026-08-27 13:58:15.566068+00,2026-08-27 13:58:15.566068+00
10,16384,t,2337945717474908937,"DECLARE ""query-cursor_4"" SCROLL CURSOR FOR select queryid, left(query, $1), calls, (total_plan_time + total_exec_time) as total_time from aurora_stat_statements($2) order by calls desc limit $3 FOR READ ONLY",0,0,0,0,0,0,1,0.065128,0.065128,0.065128,0.065128,0,0,0,0,0,0,0,0,0,0,0,0,0,0,0,0,0,0,0,0,0,0,0,0,0,0,0,0,0,0,0,2026-08-27 13:31:15.564177+00,2026-08-27 13:31:15.564177+00
10,16384,t,6352406357354862467,"DECLARE ""query-cursor_207"" SCROLL CURSOR FOR select queryid, left(query, $1), calls, (total_plan_time + total_exec_time) as total_time from aurora_stat_statements($2) order by calls desc limit $3 FOR READ ONLY",0,0,0,0,0,0,1,0.063443,0.063443,0.063443,0.063443,0,0,0,0,0,0,0,0,0,0,0,0,0,0,0,0,0,0,0,0,0,0,0,0,0,0,0,0,0,0,0,2026-08-27 17:04:15.578568+00,2026-08-27 17:04:15.578568+00
10,16384,t,-3632531091503446444,"MOVE ALL IN ""query-cursor_102""",0,0,0,0,0,0,1,1.63944,1.63944,1.63944,1.63944,0,0,0,0,0,0,0,0,0,0,0,0,0,0,0,0,0,0,0,0,0,0,0,0,0,0,0,0,0,0,0,2026-08-27 15:09:15.572736+00,2026-08-27 15:09:15.572736+00
10,16384,t,3134999784458862983,"select s.*, extract($1 from s.lastattempt) as lastattempt_ts from rds_get_stat_connections_counters() as s limit $2",0,0,0,0,0,0,1,1.259987,1.259987,1.259987,1.259987,0,1,0,0,0,0,0,0,0,0,0,0,0,0,0,0,0,0,0,0,0,0,0,0,0,0,0,0,0,0,0,2026-08-27 13:28:55.616609+00,2026-08-27 13:28:55.616609+00
10,16384,t,1375936080202888242,"MOVE ALL IN ""query-cursor_9""",0,0,0,0,0,0,1,0.378271,0.378271,0.378271,0.378271,0,0,0,0,0,0,0,0,0,0,0,0,0,0,0,0,0,0,0,0,0,0,0,0,0,0,0,0,0,0,0,2026-08-27 13:36:15.564996+00,2026-08-27 13:36:15.564996+00
16410,16412,t,-5751174690215620002,"SELECT LIB_FEAT_ID,FEAT_DESC,FTYPE_ID,ANONYMIZED,FEAT_HASH,VERSION,FELEM_VALUES FROM LIB_FEAT WHERE (FEAT_HASH,FTYPE_ID) IN (($1,$2),($3,$4))",0,0,0,0,0,0,179857,11013.420742000193,0.00962,35.705266,0.061234318052676255,0.37510097013379795,209583,1636643,0,0,0,0,0,0,0,0,0,0,0,0,0,0,0,0,0,0,0,0,0,0,0,0,0,0,0,0,2026-08-27 15:50:46.831354+00,2026-08-27 15:50:46.831354+00
10,16384,t,5557684501670008027,BEGIN,0,0,0,0,0,0,15937,4.406867000000016,0.000162,0.01868,0.00027651797703457466,0.00030770619086976204,0,0,0,0,0,0,0,0,0,0,0,0,0,0,0,0,0,0,0,0,0,0,0,0,0,0,0,0,0,0,2026-08-27 13:28:14.940821+00,2026-08-27 13:28:14.940821+00
10,16384,t,8289564135582190389,"MOVE ALL IN ""query-cursor_111""",0,0,0,0,0,0,1,1.750516,1.750516,1.750516,1.750516,0,0,0,0,0,0,0,0,0,0,0,0,0,0,0,0,0,0,0,0,0,0,0,0,0,0,0,0,0,0,0,2026-08-27 15:18:15.573439+00,2026-08-27 15:18:15.573439+00
10,16384,t,7586129920995919038,"FETCH 50 IN ""query-cursor_233""",0,0,0,0,0,0,43,0.16543200000000002,0.002877,0.00613,0.0038472558139534888,0.0008731506461306034,2150,0,0,0,0,0,0,0,0,0,0,0,0,0,0,0,0,0,0,0,0,0,0,0,0,0,0,0,0,0,2026-08-27 17:30:15.585864+00,2026-08-27 17:30:15.585864+00
10,16384,t,6080353409884060764,"FETCH 50 IN ""query-cursor_196""",0,0,0,0,0,0,39,0.138995,0.002752,0.00591,0.003563974358974359,0.0008494681137427197,1950,0,0,0,0,0,0,0,0,0,0,0,0,0,0,0,0,0,0,0,0,0,0,0,0,0,0,0,0,0,2026-08-27 16:53:15.583654+00,2026-08-27 16:53:15.583654+00
16410,16412,t,1303901034283077487,"SELECT RES_ENT_ID,LIB_FEAT_ID,FTYPE_ID,UTYPE_CODE,SUPPRESSED,OBS_ENT_CNT FROM RES_FEAT_EKEY WHERE RES_ENT_ID IN ($1,$2,$3,$4,$5,$6,$7,$8) AND FTYPE_ID IN ($9,$10,$11,$12,$13,$14,$15,$16,$17,$18,$19,$20,$21,$22,$23,$24,$25,$26,$27)",0,0,0,0,0,0,380,1043.7008100000005,0.121723,215.266403,2.74658107894737,12.138120524006272,745702,19052,0,0,0,0,0,0,0,0,0,0,0,0,0,0,0,0,0,0,0,0,0,0,0,0,0,0,0,0,2026-08-27 15:50:48.906199+00,2026-08-27 15:50:48.906199+00
10,16384,t,4915807312718000431,"FETCH 0 IN ""query-cursor_212""",0,0,0,0,0,0,1,0.004235,0.004235,0.004235,0.004235,0,0,0,0,0,0,0,0,0,0,0,0,0,0,0,0,0,0,0,0,0,0,0,0,0,0,0,0,0,0,0,2026-08-27 17:09:15.57903+00,2026-08-27 17:09:15.57903+00
10,16384,t,4133261074245451951,"DECLARE ""query-cursor_90"" SCROLL CURSOR FOR select queryid, left(query, $1), calls, (total_plan_time + total_exec_time) as total_time from aurora_stat_statements($2) order by calls desc limit $3 FOR READ ONLY",0,0,0,0,0,0,1,0.05772,0.05772,0.05772,0.05772,0,0,0,0,0,0,0,0,0,0,0,0,0,0,0,0,0,0,0,0,0,0,0,0,0,0,0,0,0,0,0,2026-08-27 14:57:15.57017+00,2026-08-27 14:57:15.57017+00
10,16384,t,-1545629069506339733,"MOVE ALL IN ""query-cursor_12""",0,0,0,0,0,0,1,0.403508,0.403508,0.403508,0.403508,0,0,0,0,0,0,0,0,0,0,0,0,0,0,0,0,0,0,0,0,0,0,0,0,0,0,0,0,0,0,0,2026-08-27 13:39:15.565193+00,2026-08-27 13:39:15.565193+00
10,16384,t,-5610004483964998683,"DECLARE ""query-cursor_168"" SCROLL CURSOR FOR select queryid, left(query, $1), calls, (total_plan_time + total_exec_time) as total_time from aurora_stat_statements($2) order by calls desc limit $3 FOR READ ONLY",0,0,0,0,0,0,1,0.064172,0.064172,0.064172,0.064172,0,0,0,0,0,0,0,0,0,0,0,0,0,0,0,0,0,0,0,0,0,0,0,0,0,0,0,0,0,0,0,2026-08-27 16:25:15.575829+00,2026-08-27 16:25:15.575829+00
10,16384,t,929361167229164170,"FETCH 50 IN ""query-cursor_212""",0,0,0,0,0,0,41,0.15894799999999998,0.002624,0.006603,0.0038767804878048775,0.0010327811732474587,2050,0,0,0,0,0,0,0,0,0,0,0,0,0,0,0,0,0,0,0,0,0,0,0,0,0,0,0,0,0,2026-08-27 17:09:15.584693+00,2026-08-27 17:09:15.584693+00
16410,16412,t,9087645753989554783,"DELETE FROM RES_RELATE WHERE RES_REL_ID IN ($1,$2,$3,$4)",0,0,0,0,0,0,2961,3757.8987760000073,0.01886,2654.483583,1.269131636609256,49.65860914686361,9980,40245,0,0,0,0,0,0,0,0,0,0,0,0,0,0,0,0,0,0,0,0,0,0,0,0,0,0,0,0,2026-08-27 15:51:10.419307+00,2026-08-27 15:51:10.419307+00
16410,16412,t,5813264360274945905,"SELECT RES_ENT_ID,LIB_FEAT_ID,FTYPE_ID,UTYPE_CODE,SUPPRESSED,OBS_ENT_CNT FROM RES_FEAT_EKEY WHERE RES_ENT_ID IN ($1,$2,$3,$4,$5,$6,$7,$8,$9,$10,$11,$12,$13,$14,$15,$16,$17,$18,$19,$20,$21,$22,$23,$24,$25,$26,$27,$28,$29,$30,$31,$32,$33,$34,$35,$36,$37,$38,$39,$40,$41,$42,$43,$44,$45,$46,$47,$48,$49,$50,$51,$52,$53,$54,$55,$56,$57,$58,$59,$60,$61,$62,$63,$64) AND FTYPE_ID IN ($65,$66,$67,$68,$69,$70,$71,$72,$73,$74,$75,$76,$77,$78,$79)",0,0,0,0,0,0,2497,112936.13730300007,1.004742,1512.4200139999998,45.2287293964758,121.41587865688011,41671001,942713,0,0,0,0,0,0,0,0,0,0,0,0,0,0,0,0,0,0,0,0,0,0,0,0,0,0,0,0,2026-08-27 15:50:53.873261+00,2026-08-27 15:50:53.873261+00
10,16384,t,2795329977600059879,"MOVE -1819 IN ""query-cursor_170""",0,0,0,0,0,0,1,0.034357,0.034357,0.034357,0.034357,0,0,0,0,0,0,0,0,0,0,0,0,0,0,0,0,0,0,0,0,0,0,0,0,0,0,0,0,0,0,0,2026-08-27 16:27:15.581232+00,2026-08-27 16:27:15.581232+00
10,16384,t,-7486591099907902972,"MOVE ALL IN ""query-cursor_18""",0,0,0,0,0,0,1,0.578124,0.578124,0.578124,0.578124,0,0,0,0,0,0,0,0,0,0,0,0,0,0,0,0,0,0,0,0,0,0,0,0,0,0,0,0,0,0,0,2026-08-27 13:45:15.565826+00,2026-08-27 13:45:15.565826+00
10,16384,t,1666994612832715773,"FETCH 25 IN ""query-cursor_213""",0,0,0,0,0,0,1,0.002553,0.002553,0.002553,0.002553,0,25,0,0,0,0,0,0,0,0,0,0,0,0,0,0,0,0,0,0,0,0,0,0,0,0,0,0,0,0,0,2026-08-27 17:10:15.597451+00,2026-08-27 17:10:15.597451+00
16410,16412,t,-8344818468155698179,"SELECT RES_ENT_ID,LIB_FEAT_ID,FTYPE_ID,UTYPE_CODE,SUPPRESSED,OBS_ENT_CNT FROM RES_FEAT_EKEY WHERE RES_ENT_ID IN ($1,$2,$3,$4,$5,$6,$7,$8,$9,$10,$11,$12,$13,$14,$15,$16,$17,$18,$19,$20,$21,$22,$23,$24,$25,$26,$27,$28,$29,$30,$31,$32) AND FTYPE_ID IN ($33,$34,$35,$36,$37,$38,$39,$40,$41,$42,$43,$44,$45,$46,$47,$48,$49,$50)",0,0,0,0,0,0,1677,34073.614433999945,0.48569500000000004,426.162675,20.318195846153813,38.31400382937418,21246137,405913,0,0,0,0,0,0,0,0,0,0,0,0,0,0,0,0,0,0,0,0,0,0,0,0,0,0,0,0,2026-08-27 15:50:51.572122+00,2026-08-27 15:50:51.572122+00
10,16384,t,-2445523087560754896,"DECLARE ""query-cursor_32"" SCROLL CURSOR FOR select queryid, left(query, $1), calls, (total_plan_time + total_exec_time) as total_time from aurora_stat_statements($2) order by calls desc limit $3 FOR READ ONLY",0,0,0,0,0,0,1,0.061092,0.061092,0.061092,0.061092,0,0,0,0,0,0,0,0,0,0,0,0,0,0,0,0,0,0,0,0,0,0,0,0,0,0,0,0,0,0,0,2026-08-27 13:59:15.566128+00,2026-08-27 13:59:15.566128+00
10,16384,t,7418472392103402172,"MOVE -802 IN ""query-cursor_108""",0,0,0,0,0,0,1,0.016418,0.016418,0.016418,0.016418,0,0,0,0,0,0,0,0,0,0,0,0,0,0,0,0,0,0,0,0,0,0,0,0,0,0,0,0,0,0,0,2026-08-27 15:15:15.573226+00,2026-08-27 15:15:15.573226+00
10,16384,t,-272625132865069277,"FETCH 16 IN ""query-cursor_178""",0,0,0,0,0,0,1,0.002169,0.002169,0.002169,0.002169,0,16,0,0,0,0,0,0,0,0,0,0,0,0,0,0,0,0,0,0,0,0,0,0,0,0,0,0,0,0,0,2026-08-27 16:35:15.593731+00,2026-08-27 16:35:15.593731+00
10,16384,t,-875842682279399933,"FETCH 0 IN ""query-cursor_26""",0,0,0,0,0,0,1,0.003567,0.003567,0.003567,0.003567,0,0,0,0,0,0,0,0,0,0,0,0,0,0,0,0,0,0,0,0,0,0,0,0,0,0,0,0,0,0,0,2026-08-27 13:53:15.565767+00,2026-08-27 13:53:15.565767+00
10,16384,t,4178785393058036846,"FETCH 0 IN ""query-cursor_38""",0,0,0,0,0,0,1,0.003181,0.003181,0.003181,0.003181,0,0,0,0,0,0,0,0,0,0,0,0,0,0,0,0,0,0,0,0,0,0,0,0,0,0,0,0,0,0,0,2026-08-27 14:05:15.566632+00,2026-08-27 14:05:15.566632+00
16410,16412,t,9002429073143593448,DELETE FROM RES_FEAT_EKEY WHERE ((RES_ENT_ID=$1 AND LIB_FEAT_ID=$2 AND UTYPE_CODE=$3)OR(RES_ENT_ID=$4 AND LIB_FEAT_ID=$5 AND UTYPE_CODE=$6)OR(RES_ENT_ID=$7 AND LIB_FEAT_ID=$8 AND UTYPE_CODE=$9)OR(RES_ENT_ID=$10 AND LIB_FEAT_ID=$11 AND UTYPE_CODE=$12)OR(RES_ENT_ID=$13 AND LIB_FEAT_ID=$14 AND UTYPE_CODE=$15)OR(RES_ENT_ID=$16 AND LIB_FEAT_ID=$17 AND UTYPE_CODE=$18)OR(RES_ENT_ID=$19 AND LIB_FEAT_ID=$20 AND UTYPE_CODE=$21)OR(RES_ENT_ID=$22 AND LIB_FEAT_ID=$23 AND UTYPE_CODE=$24)OR(RES_ENT_ID=$25 AND LIB_FEAT_ID=$26 AND UTYPE_CODE=$27)OR(RES_ENT_ID=$28 AND LIB_FEAT_ID=$29 AND UTYPE_CODE=$30)OR(RES_ENT_ID=$31 AND LIB_FEAT_ID=$32 AND UTYPE_CODE=$33)OR(RES_ENT_ID=$34 AND LIB_FEAT_ID=$35 AND UTYPE_CODE=$36)OR(RES_ENT_ID=$37 AND LIB_FEAT_ID=$38 AND UTYPE_CODE=$39)OR(RES_ENT_ID=$40 AND LIB_FEAT_ID=$41 AND UTYPE_CODE=$42)),0,0,0,0,0,0,1303,2227.1247229999963,0.035694000000000004,44.145444,1.7092284904067507,5.5538935902486815,18097,92598,0,0,0,0,0,0,0,0,0,0,0,0,0,0,0,0,0,0,0,0,0,0,0,0,0,0,0,0,2026-08-27 15:52:24.68636+00,2026-08-27 15:52:24.68636+00
10,16384,t,145860724506787366,"MOVE ALL IN ""query-cursor_70""",0,0,0,0,0,0,1,1.154129,1.154129,1.154129,1.154129,0,0,0,0,0,0,0,0,0,0,0,0,0,0,0,0,0,0,0,0,0,0,0,0,0,0,0,0,0,0,0,2026-08-27 14:37:15.570089+00,2026-08-27 14:37:15.570089+00
16410,16412,t,-2193889459607516543,DELETE FROM RES_FEAT_EKEY WHERE ((RES_ENT_ID=$1 AND LIB_FEAT_ID=$2 AND UTYPE_CODE=$3)OR(RES_ENT_ID=$4 AND LIB_FEAT_ID=$5 AND UTYPE_CODE=$6)),0,0,0,0,0,0,22322,8591.733574000056,0.012195,1209.934373,0.38489981068004914,8.60327106051881,44626,246576,0,0,0,0,0,0,0,0,0,0,0,0,0,0,0,0,0,0,0,0,0,0,0,0,0,0,0,0,2026-08-27 15:51:09.210329+00,2026-08-27 15:51:09.210329+00
16410,16412,t,3054545746950473423,DELETE FROM RES_FEAT_EKEY WHERE ((RES_ENT_ID=$1 AND LIB_FEAT_ID=$2 AND UTYPE_CODE=$3)OR(RES_ENT_ID=$4 AND LIB_FEAT_ID=$5 AND UTYPE_CODE=$6)OR(RES_ENT_ID=$7 AND LIB_FEAT_ID=$8 AND UTYPE_CODE=$9)OR(RES_ENT_ID=$10 AND LIB_FEAT_ID=$11 AND UTYPE_CODE=$12)OR(RES_ENT_ID=$13 AND LIB_FEAT_ID=$14 AND UTYPE_CODE=$15)OR(RES_ENT_ID=$16 AND LIB_FEAT_ID=$17 AND UTYPE_CODE=$18)OR(RES_ENT_ID=$19 AND LIB_FEAT_ID=$20 AND UTYPE_CODE=$21)OR(RES_ENT_ID=$22 AND LIB_FEAT_ID=$23 AND UTYPE_CODE=$24)OR(RES_ENT_ID=$25 AND LIB_FEAT_ID=$26 AND UTYPE_CODE=$27)OR(RES_ENT_ID=$28 AND LIB_FEAT_ID=$29 AND UTYPE_CODE=$30)OR(RES_ENT_ID=$31 AND LIB_FEAT_ID=$32 AND UTYPE_CODE=$33)OR(RES_ENT_ID=$34 AND LIB_FEAT_ID=$35 AND UTYPE_CODE=$36)OR(RES_ENT_ID=$37 AND LIB_FEAT_ID=$38 AND UTYPE_CODE=$39)OR(RES_ENT_ID=$40 AND LIB_FEAT_ID=$41 AND UTYPE_CODE=$42)OR(RES_ENT_ID=$43 AND LIB_FEAT_ID=$44 AND UTYPE_CODE=$45)OR(RES_ENT_ID=$46 AND LIB_FEAT_ID=$47 AND UTYPE_CODE=$48)OR(RES_ENT_ID=$49 AND LIB_FEAT_ID=$50 AND UTYPE_CODE=$51)OR(RES_ENT_ID=$52 AND LIB_FEAT_ID=$53 AND UTYPE_CODE=$54)OR(RES_ENT_ID=$55 AND LIB_FEAT_ID=$56 AND UTYPE_CODE=$57)OR(RES_ENT_ID=$58 AND LIB_FEAT_ID=$59 AND UTYPE_CODE=$60)OR(RES_ENT_ID=$61 AND LIB_FEAT_ID=$62 AND UTYPE_CODE=$63)OR(RES_ENT_ID=$64 AND LIB_FEAT_ID=$65 AND UTYPE_CODE=$66)OR(RES_ENT_ID=$67 AND LIB_FEAT_ID=$68 AND UTYPE_CODE=$69)OR(RES_ENT_ID=$70 AND LIB_FEAT_ID=$71 AND UTYPE_CODE=$72)OR(RES_ENT_ID=$73 AND LIB_FEAT_ID=$74 AND UTYPE_CODE=$75)),0,0,0,0,0,0,220,332.49344899999994,0.06219999999999999,62.956996000000004,1.511333859090909,6.505889306964761,5375,27645,0,0,0,0,0,0,0,0,0,0,0,0,0,0,0,0,0,0,0,0,0,0,0,0,0,0,0,0,2026-08-27 15:53:36.022878+00,2026-08-27 15:53:36.022878+00
10,16384,t,2390472400014841298,"MOVE ALL IN ""query-cursor_1""",0,0,0,0,0,0,1,0.176009,0.176009,0.176009,0.176009,0,0,3,0,0,0,0,0,0,0,0,0,0,0,0,0,0,0,0,0,0,0,0,0,0,0,0,0,0,0,0,2026-08-27 13:28:15.561953+00,2026-08-27 13:28:15.561953+00
16410,16412,t,6715855741270042045,DELETE FROM RES_FEAT_EKEY WHERE ((RES_ENT_ID=$1 AND LIB_FEAT_ID=$2 AND UTYPE_CODE=$3)OR(RES_ENT_ID=$4 AND LIB_FEAT_ID=$5 AND UTYPE_CODE=$6)OR(RES_ENT_ID=$7 AND LIB_FEAT_ID=$8 AND UTYPE_CODE=$9)OR(RES_ENT_ID=$10 AND LIB_FEAT_ID=$11 AND UTYPE_CODE=$12)OR(RES_ENT_ID=$13 AND LIB_FEAT_ID=$14 AND UTYPE_CODE=$15)OR(RES_ENT_ID=$16 AND LIB_FEAT_ID=$17 AND UTYPE_CODE=$18)OR(RES_ENT_ID=$19 AND LIB_FEAT_ID=$20 AND UTYPE_CODE=$21)OR(RES_ENT_ID=$22 AND LIB_FEAT_ID=$23 AND UTYPE_CODE=$24)OR(RES_ENT_ID=$25 AND LIB_FEAT_ID=$26 AND UTYPE_CODE=$27)OR(RES_ENT_ID=$28 AND LIB_FEAT_ID=$29 AND UTYPE_CODE=$30)OR(RES_ENT_ID=$31 AND LIB_FEAT_ID=$32 AND UTYPE_CODE=$33)OR(RES_ENT_ID=$34 AND LIB_FEAT_ID=$35 AND UTYPE_CODE=$36)OR(RES_ENT_ID=$37 AND LIB_FEAT_ID=$38 AND UTYPE_CODE=$39)OR(RES_ENT_ID=$40 AND LIB_FEAT_ID=$41 AND UTYPE_CODE=$42)OR(RES_ENT_ID=$43 AND LIB_FEAT_ID=$44 AND UTYPE_CODE=$45)OR(RES_ENT_ID=$46 AND LIB_FEAT_ID=$47 AND UTYPE_CODE=$48)OR(RES_ENT_ID=$49 AND LIB_FEAT_ID=$50 AND UTYPE_CODE=$51)OR(RES_ENT_ID=$52 AND LIB_FEAT_ID=$53 AND UTYPE_CODE=$54)OR(RES_ENT_ID=$55 AND LIB_FEAT_ID=$56 AND UTYPE_CODE=$57)OR(RES_ENT_ID=$58 AND LIB_FEAT_ID=$59 AND UTYPE_CODE=$60)OR(RES_ENT_ID=$61 AND LIB_FEAT_ID=$62 AND UTYPE_CODE=$63)OR(RES_ENT_ID=$64 AND LIB_FEAT_ID=$65 AND UTYPE_CODE=$66)OR(RES_ENT_ID=$67 AND LIB_FEAT_ID=$68 AND UTYPE_CODE=$69)OR(RES_ENT_ID=$70 AND LIB_FEAT_ID=$71 AND UTYPE_CODE=$72)OR(RES_ENT_ID=$73 AND LIB_FEAT_ID=$74 AND UTYPE_CODE=$75)OR(RES_ENT_ID=$76 AND LIB_FEAT_ID=$77 AND UTYPE_CODE=$78)OR(RES_ENT_ID=$79 AND LIB_FEAT_ID=$80 AND UTYPE_CODE=$81)OR(RES_ENT_ID=$82 AND LIB_FEAT_ID=$83 AND UTYPE_CODE=$84)OR(RES_ENT_ID=$85 AND LIB_FEAT_ID=$86 AND UTYPE_CODE=$87)OR(RES_ENT_ID=$88 AND LIB_FEAT_ID=$89 AND UTYPE_CODE=$90)OR(RES_ENT_ID=$91 AND LIB_FEAT_ID=$92 AND UTYPE_CODE=$93)OR(RES_ENT_ID=$94 AND LIB_FEAT_ID=$95 AND UTYPE_CODE=$96)),0,0,0,0,0,0,158,233.0151859999999,0.09268900000000001,82.75009999999999,1.4747796582278474,7.722247492014509,4791,25280,0,0,0,0,0,0,0,0,0,0,0,0,0,0,0,0,0,0,0,0,0,0,0,0,0,0,0,0,2026-08-27 15:52:08.596508+00,2026-08-27 15:52:08.596508+00
10,16384,t,5856062419212785122,"FETCH 50 IN ""query-cursor_92""",0,0,0,0,0,0,14,0.04654599999999999,0.002802,0.004843,0.003324714285714285,0.0005493063715231404,700,0,0,0,0,0,0,0,0,0,0,0,0,0,0,0,0,0,0,0,0,0,0,0,0,0,0,0,0,0,2026-08-27 14:59:15.572081+00,2026-08-27 14:59:15.572081+00
16410,16412,t,8237086915824623385,"SELECT RES_ENT_ID,LIB_FEAT_ID,FTYPE_ID,UTYPE_CODE,SUPPRESSED,OBS_ENT_CNT FROM RES_FEAT_EKEY WHERE RES_ENT_ID IN ($1,$2,$3,$4,$5,$6,$7,$8,$9,$10,$11,$12,$13,$14,$15,$16) AND FTYPE_ID IN ($17,$18,$19,$20,$21,$22,$23,$24,$25)",0,0,0,0,0,0,15837,12105.508791999955,0.109713,68.775977,0.7643814353728582,3.008711520675217,3173663,790625,0,0,0,0,0,0,0,0,0,0,0,0,0,0,0,0,0,0,0,0,0,0,0,0,0,0,0,0,2026-08-27 15:50:49.798952+00,2026-08-27 15:50:49.798952+00
10,16384,t,7004076517161492689,"select coalesce(max(nullif(age(catalog_xmin),$1)),$2) as oldest_inactive_logical_replication_slot_xid_age from pg_replication_slots where active = $3 and slot_type = $4",0,0,0,0,0,0,490,2.6492120000000003,0.004085,0.024097999999999998,0.005406555102040817,0.0015350145987554449,490,0,0,0,0,0,0,0,0,0,0,0,0,0,0,0,0,0,0,0,0,0,0,0,0,0,0,0,0,0,2026-08-27 13:28:15.131639+00,2026-08-27 13:28:15.131639+00
10,16384,t,-7297930678497092768,"MOVE ALL IN ""query-cursor_191""",0,0,0,0,0,0,1,5.218883,5.218883,5.218883,5.218883,0,0,0,0,0,0,0,0,0,0,0,0,0,0,0,0,0,0,0,0,0,0,0,0,0,0,0,0,0,0,0,2026-08-27 16:48:15.582919+00,2026-08-27 16:48:15.582919+00
10,16384,t,1450748361771187682,"FETCH 25 IN ""query-cursor_238""",0,0,0,0,0,0,1,0.002563,0.002563,0.002563,0.002563,0,25,0,0,0,0,0,0,0,0,0,0,0,0,0,0,0,0,0,0,0,0,0,0,0,0,0,0,0,0,0,2026-08-27 17:35:15.600623+00,2026-08-27 17:35:15.600623+00
10,16384,t,-4312716090230405356,"FETCH 39 IN ""query-cursor_81""",0,0,0,0,0,0,1,0.002952,0.002952,0.002952,0.002952,0,39,0,0,0,0,0,0,0,0,0,0,0,0,0,0,0,0,0,0,0,0,0,0,0,0,0,0,0,0,0,2026-08-27 14:48:15.573338+00,2026-08-27 14:48:15.573338+00
16410,16412,t,846143920223406767,"SELECT RES_ENT_ID,LIB_FEAT_ID,FTYPE_ID,UTYPE_CODE,SUPPRESSED,OBS_ENT_CNT FROM RES_FEAT_EKEY WHERE RES_ENT_ID IN ($1,$2,$3,$4,$5,$6,$7,$8,$9,$10,$11,$12,$13,$14,$15,$16) AND FTYPE_ID IN ($17,$18,$19,$20,$21,$22,$23,$24,$25,$26)",0,0,0,0,0,0,20713,19336.992683999943,0.115773,203.14745000000002,0.9335679372374809,4.32264734741259,6351610,1162400,0,0,0,0,0,0,0,0,0,0,0,0,0,0,0,0,0,0,0,0,0,0,0,0,0,0,0,0,2026-08-27 15:50:47.951593+00,2026-08-27 15:50:47.951593+00
16410,16412,t,813168665447920835,"INSERT INTO RES_FEAT_STAT(LIB_FEAT_ID,FTYPE_ID,NUM_RES_ENT,NUM_RES_ENT_OOM) VALUES ($1,$2,$3,$4),($5,$6,$7,$8),($9,$10,$11,$12),($13,$14,$15,$16),($17,$18,$19,$20),($21,$22,$23,$24),($25,$26,$27,$28),($29,$30,$31,$32),($33,$34,$35,$36),($37,$38,$39,$40),($41,$42,$43,$44),($45,$46,$47,$48),($49,$50,$51,$52),($53,$54,$55,$56),($57,$58,$59,$60),($61,$62,$63,$64),($65,$66,$67,$68),($69,$70,$71,$72),($73,$74,$75,$76),($77,$78,$79,$80),($81,$82,$83,$84),($85,$86,$87,$88),($89,$90,$91,$92),($93,$94,$95,$96) ON CONFLICT DO NOTHING",0,0,0,0,0,0,13159,68206.07418299954,0.207205,782.15998,5.183226246903225,20.06891512189965,315745,2575898,0,0,3725,0,0,0,0,0,0,0,221.77445000000003,0,0,0,0,0,0,0,0,0,0,0,0,0,0,0,0,0,2026-08-27 15:50:46.832325+00,2026-08-27 15:50:46.832325+00
16410,16412,t,8917478393584276874,"SELECT RES_ENT_ID FROM RES_ENT WHERE RES_ENT_ID IN ($1,$2,$3,$4,$5,$6,$7,$8,$9,$10,$11,$12,$13,$14,$15,$16,$17,$18,$19,$20,$21,$22,$23,$24,$25,$26,$27,$28,$29,$30,$31,$32,$33,$34,$35,$36,$37,$38,$39,$40,$41,$42,$43,$44,$45,$46,$47,$48,$49,$50,$51,$52,$53,$54,$55,$56,$57,$58,$59,$60,$61,$62,$63,$64)",0,0,0,0,0,0,1155,412.525919,0.073467,20.096391,0.35716529783549783,1.0849383350884398,50226,186616,0,0,0,0,0,0,0,0,0,0,0,0,0,0,0,0,0,0,0,0,0,0,0,0,0,0,0,0,2026-08-27 15:51:46.499397+00,2026-08-27 15:51:46.499397+00
10,16384,t,-3123562538602869171,"DECLARE ""query-cursor_11"" SCROLL CURSOR FOR select queryid, left(query, $1), calls, (total_plan_time + total_exec_time) as total_time from aurora_stat_statements($2) order by calls desc limit $3 FOR READ ONLY",0,0,0,0,0,0,1,0.062373,0.062373,0.062373,0.062373,0,0,0,0,0,0,0,0,0,0,0,0,0,0,0,0,0,0,0,0,0,0,0,0,0,0,0,0,0,0,0,2026-08-27 13:38:15.56465+00,2026-08-27 13:38:15.56465+00
10,16384,t,-1306608132381636626,select count(*) from pg_roles where rolname = $1 and (         $2 = ANY(rolconfig)              OR NOT EXISTS (              SELECT $3 FROM unnest(rolconfig) AS cfg                WHERE cfg LIKE $4        )),0,0,0,0,0,0,1,0.81626,0.81626,0.81626,0.81626,0,1,4,0,0,0,0,0,0,0,0,0,0,0,0,0,0,0,0,0,0,0,0,0,0,0,0,0,0,0,0,2026-08-27 13:26:58.651904+00,2026-08-27 13:26:58.651904+00
10,16384,t,-162594102934861286,"DECLARE ""query-cursor_38"" SCROLL CURSOR FOR select queryid, left(query, $1), calls, (total_plan_time + total_exec_time) as total_time from aurora_stat_statements($2) order by calls desc limit $3 FOR READ ONLY",0,0,0,0,0,0,1,0.061763,0.061763,0.061763,0.061763,0,0,0,0,0,0,0,0,0,0,0,0,0,0,0,0,0,0,0,0,0,0,0,0,0,0,0,0,0,0,0,2026-08-27 14:05:15.566581+00,2026-08-27 14:05:15.566581+00
10,16384,t,1244482553368230758,"FETCH 39 IN ""query-cursor_106""",0,0,0,0,0,0,1,0.00265,0.00265,0.00265,0.00265,0,39,0,0,0,0,0,0,0,0,0,0,0,0,0,0,0,0,0,0,0,0,0,0,0,0,0,0,0,0,0,2026-08-27 15:13:15.575866+00,2026-08-27 15:13:15.575866+00
16410,16412,t,2850013949368723506,"SELECT RES_ENT_ID,LIB_FEAT_ID,FTYPE_ID,UTYPE_CODE,SUPPRESSED,OBS_ENT_CNT FROM RES_FEAT_EKEY WHERE RES_ENT_ID IN ($1) AND FTYPE_ID IN ($2,$3,$4,$5,$6,$7,$8,$9,$10,$11,$12,$13,$14,$15,$16,$17,$18,$19,$20,$21,$22,$23,$24,$25,$26,$27,$28,$29,$30,$31,$32,$33,$34,$35,$36,$37,$38,$39,$40,$41,$42,$43,$44,$45,$46,$47,$48,$49,$50,$51,$52,$53,$54,$55,$56,$57,$58,$59,$60,$61,$62,$63,$64,$65,$66,$67,$68,$69)",0,0,0,0,0,0,1,0.016832,0.016832,0.016832,0.016832,0,0,4,0,0,0,0,0,0,0,0,0,0,0,0,0,0,0,0,0,0,0,0,0,0,0,0,0,0,0,0,2026-08-27 16:08:04.028814+00,2026-08-27 16:08:04.028814+00
10,16384,t,8005730387992086667,"DECLARE ""query-cursor_152"" SCROLL CURSOR FOR select queryid, left(query, $1), calls, (total_plan_time + total_exec_time) as total_time from aurora_stat_statements($2) order by calls desc limit $3 FOR READ ONLY",0,0,0,0,0,0,1,0.080491,0.080491,0.080491,0.080491,0,0,0,0,0,0,0,0,0,0,0,0,0,0,0,0,0,0,0,0,0,0,0,0,0,0,0,0,0,0,0,2026-08-27 16:00:16.07542+00,2026-08-27 16:00:16.07542+00
10,16384,t,7384725741880693514,select * from public.pg_rds_aws_creds_metadata(),0,0,0,0,0,0,1,0.005167,0.005167,0.005167,0.005167,0,1,0,0,0,0,0,0,0,0,0,0,0,0,0,0,0,0,0,0,0,0,0,0,0,0,0,0,0,0,0,2026-08-27 13:34:30.007759+00,2026-08-27 13:34:30.007759+00
16410,16412,t,8316487887949943754,"INSERT INTO RES_REL_EKEY(RES_REL_ID,RES_ENT_ID,REL_ENT_ID) VALUES ($1,$2,$3),($4,$5,$6),($7,$8,$9),($10,$11,$12),($13,$14,$15),($16,$17,$18),($19,$20,$21),($22,$23,$24),($25,$26,$27),($28,$29,$30),($31,$32,$33),($34,$35,$36),($37,$38,$39),($40,$41,$42),($43,$44,$45),($46,$47,$48) ON CONFLICT DO NOTHING",0,0,0,0,0,0,2494,10322.199839999974,0.163493,167.203405,4.138813087409773,12.631028793532908,39898,319745,0,0,356,0,0,0,0,0,0,0,50.77625999999999,0,0,0,0,0,0,0,0,0,0,0,0,0,0,0,0,0,2026-08-27 15:51:00.938018+00,2026-08-27 15:51:00.938018+00
10,16384,t,4429332816275135575,"MOVE ALL IN ""query-cursor_4""",0,0,0,0,0,0,1,0.284582,0.284582,0.284582,0.284582,0,0,0,0,0,0,0,0,0,0,0,0,0,0,0,0,0,0,0,0,0,0,0,0,0,0,0,0,0,0,0,2026-08-27 13:31:15.564541+00,2026-08-27 13:31:15.564541+00
10,16384,t,-6016770095446301649,"select event_id, t.type_name, event_name from aurora_stat_wait_type() t join aurora_stat_wait_event() e on t.type_id = e.type_id",0,0,0,0,0,0,1,0.249108,0.249108,0.249108,0.249108,0,337,0,0,0,0,0,0,0,0,0,0,0,0,0,0,0,0,0,0,0,0,0,0,0,0,0,0,0,0,0,2026-08-27 13:28:15.094745+00,2026-08-27 13:28:15.094745+00
10,16384,t,-3093604811058187427,"MOVE -2244 IN ""query-cursor_241""",0,0,0,0,0,0,1,0.062174,0.062174,0.062174,0.062174,0,0,0,0,0,0,0,0,0,0,0,0,0,0,0,0,0,0,0,0,0,0,0,0,0,0,0,0,0,0,0,2026-08-27 17:38:15.587055+00,2026-08-27 17:38:15.587055+00
16410,16412,t,2837808204266864100,"SELECT RES_ENT_ID,LIB_FEAT_ID,FTYPE_ID,UTYPE_CODE,SUPPRESSED,OBS_ENT_CNT FROM RES_FEAT_EKEY WHERE RES_ENT_ID IN ($1,$2,$3,$4,$5,$6,$7,$8,$9,$10,$11,$12,$13,$14,$15,$16,$17,$18,$19,$20,$21,$22,$23,$24,$25,$26,$27,$28,$29,$30,$31,$32,$33,$34,$35,$36,$37,$38,$39,$40,$41,$42,$43,$44,$45,$46,$47,$48,$49,$50,$51,$52,$53,$54,$55,$56,$57,$58,$59,$60,$61,$62,$63,$64) AND FTYPE_ID IN ($65,$66,$67,$68,$69,$70)",0,0,0,0,0,0,24,36.956908000000006,0.7545689999999999,2.74791,1.539871166666667,0.5151956978394768,19554,4627,0,0,0,0,0,0,0,0,0,0,0,0,0,0,0,0,0,0,0,0,0,0,0,0,0,0,0,0,2026-08-27 15:54:28.285321+00,2026-08-27 15:54:28.285321+00
16410,16412,t,-8234124169179915778,"UPDATE RES_FEAT_EKEY AS T SET SUPPRESSED=C.SUPPRESSED,OBS_ENT_CNT=C.OBS_ENT_CNT FROM (VALUES (CAST ($1 AS BIGINT),CAST ($2 AS BIGINT),$3,$4,CAST ($5 AS BIGINT)),(CAST ($6 AS BIGINT),CAST ($7 AS BIGINT),$8,$9,CAST ($10 AS BIGINT)),(CAST ($11 AS BIGINT),CAST ($12 AS BIGINT),$13,$14,CAST ($15 AS BIGINT)),(CAST ($16 AS BIGINT),CAST ($17 AS BIGINT),$18,$19,CAST ($20 AS BIGINT)),(CAST ($21 AS BIGINT),CAST ($22 AS BIGINT),$23,$24,CAST ($25 AS BIGINT)),(CAST ($26 AS BIGINT),CAST ($27 AS BIGINT),$28,$29,CAST ($30 AS BIGINT)),(CAST ($31 AS BIGINT),CAST ($32 AS BIGINT),$33,$34,CAST ($35 AS BIGINT)),(CAST ($36 AS BIGINT),CAST ($37 AS BIGINT),$38,$39,CAST ($40 AS BIGINT)),(CAST ($41 AS BIGINT),CAST ($42 AS BIGINT),$43,$44,CAST ($45 AS BIGINT)),(CAST ($46 AS BIGINT),CAST ($47 AS BIGINT),$48,$49,CAST ($50 AS BIGINT)),(CAST ($51 AS BIGINT),CAST ($52 AS BIGINT),$53,$54,CAST ($55 AS BIGINT))) AS C(RES_ENT_ID,LIB_FEAT_ID,UTYPE_CODE,SUPPRESSED,OBS_ENT_CNT) WHERE C.RES_ENT_ID=T.RES_ENT_ID AND C.LIB_FEAT_ID=T.LIB_FEAT_ID AND C.UTYPE_CODE=T.UTYPE_CODE",0,0,0,0,0,0,864,2641.059339000003,0.13346000000000002,76.85497199999999,3.0567816423611145,9.385593998282404,9504,121004,0,0,11,0,0,0,0,0,0,0,1.234539,0,0,0,0,0,0,0,0,0,0,0,0,0,0,0,0,0,2026-08-27 15:51:01.889369+00,2026-08-27 15:51:01.889369+00
10,16384,t,-1245866563098868353,"DECLARE ""query-cursor_162"" SCROLL CURSOR FOR select queryid, left(query, $1), calls, (total_plan_time + total_exec_time) as total_time from aurora_stat_statements($2) order by calls desc limit $3 FOR READ ONLY",0,0,0,0,0,0,1,0.069535,0.069535,0.069535,0.069535,0,0,0,0,0,0,0,0,0,0,0,0,0,0,0,0,0,0,0,0,0,0,0,0,0,0,0,0,0,0,0,2026-08-27 16:16:15.575443+00,2026-08-27 16:16:15.575443+00
10,16384,t,1284235755995090845,"DECLARE ""query-cursor_97"" SCROLL CURSOR FOR select queryid, left(query, $1), calls, (total_plan_time + total_exec_time) as total_time from aurora_stat_statements($2) order by calls desc limit $3 FOR READ ONLY",0,0,0,0,0,0,1,0.072012,0.072012,0.072012,0.072012,0,0,0,0,0,0,0,0,0,0,0,0,0,0,0,0,0,0,0,0,0,0,0,0,0,0,0,0,0,0,0,2026-08-27 15:04:15.570649+00,2026-08-27 15:04:15.570649+00
16410,16412,t,8796698394365880420,"SELECT RES_ENT_ID,LIB_FEAT_ID,FTYPE_ID,UTYPE_CODE,SUPPRESSED,OBS_ENT_CNT FROM RES_FEAT_EKEY WHERE RES_ENT_ID IN ($1,$2,$3,$4,$5,$6,$7,$8,$9,$10,$11,$12,$13,$14,$15,$16,$17,$18,$19,$20,$21,$22,$23,$24,$25,$26,$27,$28,$29,$30,$31,$32,$33,$34,$35,$36,$37,$38,$39,$40,$41,$42,$43,$44,$45,$46,$47,$48,$49,$50,$51,$52,$53,$54,$55,$56,$57,$58,$59,$60,$61,$62,$63,$64,$65,$66,$67,$68,$69,$70,$71,$72,$73,$74,$75,$76,$77,$78,$79,$80,$81,$82,$83,$84,$85,$86) AND FTYPE_ID IN ($87,$88,$89,$90,$91,$92,$93,$94,$95,$96,$97,$98,$99,$100)",0,0,0,0,0,0,220,10100.347557000003,3.563865,432.063745,45.91067071363638,54.44328956139126,5187173,141868,0,0,0,0,0,0,0,0,0,0,0,0,0,0,0,0,0,0,0,0,0,0,0,0,0,0,0,0,2026-08-27 15:51:07.102954+00,2026-08-27 15:51:07.102954+00
10,16384,t,-8600104167548717103,"SELECT name,setting FROM pg_settings where vartype in ($1,$2 ,$3)",0,0,0,0,0,0,245,396.5958189999999,1.292627,55.507265,1.6187584448979588,3.464255145953661,83790,0,0,0,0,0,0,0,0,0,0,0,0,0,0,0,0,0,0,0,0,0,0,0,0,0,0,0,0,0,2026-08-27 13:28:15.136993+00,2026-08-27 13:28:15.136993+00
10,16384,t,-5763285850276455323,"DECLARE ""query-cursor_209"" SCROLL CURSOR FOR select queryid, left(query, $1), calls, (total_plan_time + total_exec_time) as total_time from aurora_stat_statements($2) order by calls desc limit $3 FOR READ ONLY",0,0,0,0,0,0,1,0.064206,0.064206,0.064206,0.064206,0,0,0,0,0,0,0,0,0,0,0,0,0,0,0,0,0,0,0,0,0,0,0,0,0,0,0,0,0,0,0,2026-08-27 17:06:15.578717+00,2026-08-27 17:06:15.578717+00
10,16384,t,7693075666307653452,"select sum(numbackends) as numbackends, sum(xact_commit) as xact_commit, sum(xact_rollback) as xact_rollback, sum(blks_read) as blks_read, sum(blks_hit) as blks_hit, sum(storage_blks_read) as storage_blks_read, sum(orcache_blks_hit) as orcache_blks_hit, sum(local_blks_read) as local_blks_read, sum(tup_returned) as tup_returned, sum(tup_fetched) as tup_fetched, sum(tup_inserted) as tup_inserted, sum(tup_updated) as tup_updated, sum(tup_deleted) as tup_deleted, sum(conflicts) as conflicts, sum(temp_files) as temp_files, sum(temp_bytes) as temp_bytes, sum(deadlocks) as deadlocks, sum(blk_read_time) as blk_read_time, sum(blk_write_time) as blk_write_time, sum(storage_blk_read_time) as storage_blk_read_time, sum(local_blk_read_time) as local_blk_read_time, sum(orcache_blk_read_time) as orcache_blk_read_time from aurora_stat_database()",0,0,0,0,0,0,245,336.0608620000001,0.158504,10.874421,1.3716769877551025,1.5601500718565073,245,245,0,0,0,0,0,0,0,0,0,0,0,0,0,0,0,0,0,0,0,0,0,0,0,0,0,0,0,0,2026-08-27 13:28:15.108795+00,2026-08-27 13:28:15.108795+00
16410,16412,t,-3834686691997993645,"INSERT INTO RES_REL_EKEY(RES_REL_ID,RES_ENT_ID,REL_ENT_ID) VALUES ($1,$2,$3),($4,$5,$6),($7,$8,$9),($10,$11,$12),($13,$14,$15),($16,$17,$18),($19,$20,$21),($22,$23,$24),($25,$26,$27),($28,$29,$30),($31,$32,$33),($34,$35,$36),($37,$38,$39),($40,$41,$42),($43,$44,$45),($46,$47,$48),($49,$50,$51),($52,$53,$54),($55,$56,$57),($58,$59,$60),($61,$62,$63),($64,$65,$66),($67,$68,$69),($70,$71,$72),($73,$74,$75),($76,$77,$78),($79,$80,$81),($82,$83,$84),($85,$86,$87),($88,$89,$90),($91,$92,$93),($94,$95,$96),($97,$98,$99) ON CONFLICT DO NOTHING",0,0,0,0,0,0,5723,31790.51460000009,0.28230099999999997,174.57784,5.55486887995808,16.2807654991479,188849,1496794,0,0,1453,0,0,0,0,0,0,0,84.87889100000001,0,0,0,0,0,0,0,0,0,0,0,0,0,0,0,0,0,2026-08-27 15:51:31.723571+00,2026-08-27 15:51:31.723571+00
16410,16412,t,1722455255024644387,"SELECT RES_ENT_ID,LIB_FEAT_ID,FTYPE_ID,UTYPE_CODE,SUPPRESSED,OBS_ENT_CNT FROM RES_FEAT_EKEY WHERE RES_ENT_ID IN ($1,$2,$3,$4,$5,$6,$7,$8,$9,$10,$11,$12,$13,$14,$15,$16,$17,$18,$19,$20,$21,$22,$23,$24,$25,$26,$27,$28,$29,$30,$31,$32) AND FTYPE_ID IN ($33,$34,$35,$36,$37,$38,$39,$40,$41,$42,$43,$44,$45,$46,$47,$48,$49,$50,$51,$52,$53,$54)",0,0,0,0,0,0,175,5573.408502,0.536663,504.567435,31.848048582857142,59.359742220910476,2898792,50826,0,0,0,0,0,0,0,0,0,0,0,0,0,0,0,0,0,0,0,0,0,0,0,0,0,0,0,0,2026-08-27 15:50:50.483466+00,2026-08-27 15:50:50.483466+00
10,16384,t,9194314667673065609,"FETCH 0 IN ""query-cursor_228""",0,0,0,0,0,0,1,0.003951,0.003951,0.003951,0.003951,0,0,0,0,0,0,0,0,0,0,0,0,0,0,0,0,0,0,0,0,0,0,0,0,0,0,0,0,0,0,0,2026-08-27 17:25:15.58011+00,2026-08-27 17:25:15.58011+00
10,16384,t,8184685900184494795,"FETCH 0 IN ""query-cursor_20""",0,0,0,0,0,0,1,0.003394,0.003394,0.003394,0.003394,0,0,0,0,0,0,0,0,0,0,0,0,0,0,0,0,0,0,0,0,0,0,0,0,0,0,0,0,0,0,0,2026-08-27 13:47:15.565353+00,2026-08-27 13:47:15.565353+00
10,16384,t,-572399295350146496,"MOVE -1002 IN ""query-cursor_141""",0,0,0,0,0,0,1,0.02056,0.02056,0.02056,0.02056,0,0,0,0,0,0,0,0,0,0,0,0,0,0,0,0,0,0,0,0,0,0,0,0,0,0,0,0,0,0,0,2026-08-27 15:48:15.576076+00,2026-08-27 15:48:15.576076+00
10,16384,t,-932512140706323772,"MOVE -2052 IN ""query-cursor_209""",0,0,0,0,0,0,1,0.038794,0.038794,0.038794,0.038794,0,0,0,0,0,0,0,0,0,0,0,0,0,0,0,0,0,0,0,0,0,0,0,0,0,0,0,0,0,0,0,2026-08-27 17:06:15.584447+00,2026-08-27 17:06:15.584447+00
10,16384,t,5561181531719192011,"FETCH 50 IN ""query-cursor_21""",0,0,0,0,0,0,5,0.018177,0.003166,0.004633,0.0036353999999999996,0.0005580278129269186,250,0,0,0,0,0,0,0,0,0,0,0,0,0,0,0,0,0,0,0,0,0,0,0,0,0,0,0,0,0,2026-08-27 13:48:15.56616+00,2026-08-27 13:48:15.56616+00
10,16384,t,-8720480466825141920,"MOVE ALL IN ""query-cursor_108""",0,0,0,0,0,0,1,1.702545,1.702545,1.702545,1.702545,0,0,0,0,0,0,0,0,0,0,0,0,0,0,0,0,0,0,0,0,0,0,0,0,0,0,0,0,0,0,0,2026-08-27 15:15:15.573163+00,2026-08-27 15:15:15.573163+00
10,16384,t,-1528804650801799796,"FETCH 0 IN ""query-cursor_181""",0,0,0,0,0,0,1,0.003472,0.003472,0.003472,0.003472,0,0,0,0,0,0,0,0,0,0,0,0,0,0,0,0,0,0,0,0,0,0,0,0,0,0,0,0,0,0,0,2026-08-27 16:38:15.576911+00,2026-08-27 16:38:15.576911+00
10,16384,t,5572566228115620751,"MOVE ALL IN ""query-cursor_153""",0,0,0,0,0,0,1,19.851936,19.851936,19.851936,19.851936,0,0,0,0,0,0,0,0,0,0,0,0,0,0,0,0,0,0,0,0,0,0,0,0,0,0,0,0,0,0,0,2026-08-27 16:01:16.232964+00,2026-08-27 16:01:16.232964+00
10,16384,t,6653483181614798911,"MOVE ALL IN ""query-cursor_137""",0,0,0,0,0,0,1,2.097585,2.097585,2.097585,2.097585,0,0,0,0,0,0,0,0,0,0,0,0,0,0,0,0,0,0,0,0,0,0,0,0,0,0,0,0,0,0,0,2026-08-27 15:44:15.575632+00,2026-08-27 15:44:15.575632+00
10,16384,t,8447845298632654248,"DECLARE ""query-cursor_81"" SCROLL CURSOR FOR select queryid, left(query, $1), calls, (total_plan_time + total_exec_time) as total_time from aurora_stat_statements($2) order by calls desc limit $3 FOR READ ONLY",0,0,0,0,0,0,1,0.06379,0.06379,0.06379,0.06379,0,0,0,0,0,0,0,0,0,0,0,0,0,0,0,0,0,0,0,0,0,0,0,0,0,0,0,0,0,0,0,2026-08-27 14:48:15.569551+00,2026-08-27 14:48:15.569551+00
16410,16412,t,8318485662359132435,"UPDATE RES_RELATE AS T SET IS_DISCLOSED=C.IS_DISCLOSED,IS_AMBIGUOUS=C.IS_AMBIGUOUS,LAST_ERRULE_ID=C.LAST_ERRULE_ID,MATCH_KEY=C.MATCH_KEY,MATCH_KEY_DETAILS=C.MATCH_KEY_DETAILS,MATCH_LEVELS=C.MATCH_LEVELS FROM (VALUES (CAST ($1 AS BIGINT),CAST ($2 AS BIGINT),CAST ($3 AS BIGINT),CAST ($4 AS BIGINT),$5,$6,$7),(CAST ($8 AS BIGINT),CAST ($9 AS BIGINT),CAST ($10 AS BIGINT),CAST ($11 AS BIGINT),$12,$13,$14),(CAST ($15 AS BIGINT),CAST ($16 AS BIGINT),CAST ($17 AS BIGINT),CAST ($18 AS BIGINT),$19,$20,$21),(CAST ($22 AS BIGINT),CAST ($23 AS BIGINT),CAST ($24 AS BIGINT),CAST ($25 AS BIGINT),$26,$27,$28),(CAST ($29 AS BIGINT),CAST ($30 AS BIGINT),CAST ($31 AS BIGINT),CAST ($32 AS BIGINT),$33,$34,$35),(CAST ($36 AS BIGINT),CAST ($37 AS BIGINT),CAST ($38 AS BIGINT),CAST ($39 AS BIGINT),$40,$41,$42),(CAST ($43 AS BIGINT),CAST ($44 AS BIGINT),CAST ($45 AS BIGINT),CAST ($46 AS BIGINT),$47,$48,$49)) AS C(RES_REL_ID,IS_DISCLOSED,IS_AMBIGUOUS,LAST_ERRULE_ID,MATCH_KEY,MATCH_KEY_DETAILS,MATCH_LEVELS) WHERE C.RES_REL_ID=T.RES_REL_ID",0,0,0,0,0,0,997,1766.4106449999997,0.084454,55.911463000000005,1.771725822467402,5.949892695166817,6979,79941,0,0,467,0,0,0,0,0,0,0,18.413124000000007,0,0,0,0,0,0,0,0,0,0,0,0,0,0,0,0,0,2026-08-27 15:52:08.055092+00,2026-08-27 15:52:08.055092+00
10,16384,t,-3412940749366542047,"MOVE ALL IN ""query-cursor_37""",0,0,0,0,0,0,1,0.791256,0.791256,0.791256,0.791256,0,0,0,0,0,0,0,0,0,0,0,0,0,0,0,0,0,0,0,0,0,0,0,0,0,0,0,0,0,0,0,2026-08-27 14:04:15.567447+00,2026-08-27 14:04:15.567447+00
10,16384,t,7319762900662418921,"FETCH 50 IN ""query-cursor_163""",0,0,0,0,0,0,35,0.13504799999999997,0.002786,0.006656,0.003858514285714285,0.0009770176302380212,1750,0,0,0,0,0,0,0,0,0,0,0,0,0,0,0,0,0,0,0,0,0,0,0,0,0,0,0,0,0,2026-08-27 16:18:15.580594+00,2026-08-27 16:18:15.580594+00
16410,16412,t,-9087557789738934427,"SELECT LIB_FEAT_ID,FEAT_DESC,FTYPE_ID,ANONYMIZED,FEAT_HASH,VERSION,FELEM_VALUES FROM LIB_FEAT WHERE LIB_FEAT_ID IN ($1,$2)",0,0,0,0,0,0,33032,1437.8607770000058,0.007871,24.277603,0.04352932843908954,0.3310645042133047,66064,182371,0,0,0,0,0,0,0,0,0,0,0,0,0,0,0,0,0,0,0,0,0,0,0,0,0,0,0,0,2026-08-27 15:50:48.705999+00,2026-08-27 15:50:48.705999+00
16410,16412,t,2189865007769762307,"SELECT RES_ENT_ID,LIB_FEAT_ID,FTYPE_ID,UTYPE_CODE,SUPPRESSED,OBS_ENT_CNT FROM RES_FEAT_EKEY WHERE RES_ENT_ID IN ($1,$2) AND FTYPE_ID IN ($3,$4,$5,$6,$7,$8,$9,$10,$11,$12,$13,$14,$15,$16,$17,$18,$19,$20,$21,$22,$23,$24,$25,$26,$27,$28,$29,$30,$31,$32,$33,$34,$35,$36,$37,$38,$39,$40,$41,$42,$43,$44,$45,$46,$47,$48,$49,$50,$51,$52,$53,$54,$55,$56,$57,$58,$59,$60,$61,$62,$63,$64,$65,$66)",0,0,0,0,0,0,6,0.329095,0.029076,0.144133,0.05484916666666667,0.04068698920382562,107,50,0,0,0,0,0,0,0,0,0,0,0,0,0,0,0,0,0,0,0,0,0,0,0,0,0,0,0,0,2026-08-27 16:07:06.878884+00,2026-08-27 16:07:06.878884+00
16410,16412,t,-7361650111426746321,DELETE FROM RES_ENT WHERE RES_ENT_ID IN ($1),0,0,0,0,0,0,6659,1777.8096509999964,0.011595,282.13041,0.26697847289382737,4.525481154247187,6659,39466,0,0,0,0,0,0,0,0,0,0,0,0,0,0,0,0,0,0,0,0,0,0,0,0,0,0,0,0,2026-08-27 15:50:59.880874+00,2026-08-27 15:50:59.880874+00
10,16384,t,2027089942204218636,"MOVE ALL IN ""query-cursor_226""",0,0,0,0,0,0,1,5.578095,5.578095,5.578095,5.578095,0,0,0,0,0,0,0,0,0,0,0,0,0,0,0,0,0,0,0,0,0,0,0,0,0,0,0,0,0,0,0,2026-08-27 17:23:15.585633+00,2026-08-27 17:23:15.585633+00
10,16384,t,-305275165437514037,"MOVE -2004 IN ""query-cursor_201""",0,0,0,0,0,0,1,0.037638,0.037638,0.037638,0.037638,0,0,0,0,0,0,0,0,0,0,0,0,0,0,0,0,0,0,0,0,0,0,0,0,0,0,0,0,0,0,0,2026-08-27 16:58:15.583814+00,2026-08-27 16:58:15.583814+00
10,16384,t,-4982815559197758148,"FETCH 43 IN ""query-cursor_166""",0,0,0,0,0,0,1,0.003211,0.003211,0.003211,0.003211,0,43,0,0,0,0,0,0,0,0,0,0,0,0,0,0,0,0,0,0,0,0,0,0,0,0,0,0,0,0,0,2026-08-27 16:23:15.593155+00,2026-08-27 16:23:15.593155+00
10,16384,t,-6709140421702166666,select slot_name from pg_replication_slots where active = $1 and slot_type = $2 and age(catalog_xmin) > $3,0,0,0,0,0,0,1,0.006133,0.006133,0.006133,0.006133,0,0,0,0,0,0,0,0,0,0,0,0,0,0,0,0,0,0,0,0,0,0,0,0,0,0,0,0,0,0,0,2026-08-27 16:26:16.521914+00,2026-08-27 16:26:16.521914+00
10,16384,t,-5410764377331630463,"FETCH 0 IN ""query-cursor_68""",0,0,0,0,0,0,1,0.00425,0.00425,0.00425,0.00425,0,0,0,0,0,0,0,0,0,0,0,0,0,0,0,0,0,0,0,0,0,0,0,0,0,0,0,0,0,0,0,2026-08-27 14:35:15.568742+00,2026-08-27 14:35:15.568742+00
10,16384,t,-6229954831046291366,"MOVE -556 IN ""query-cursor_67""",0,0,0,0,0,0,1,0.012424,0.012424,0.012424,0.012424,0,0,0,0,0,0,0,0,0,0,0,0,0,0,0,0,0,0,0,0,0,0,0,0,0,0,0,0,0,0,0,2026-08-27 14:34:15.569952+00,2026-08-27 14:34:15.569952+00
10,16384,t,-3341192871666062201,"MOVE ALL IN ""query-cursor_159""",0,0,0,0,0,0,1,4.842785,4.842785,4.842785,4.842785,0,0,0,0,0,0,0,0,0,0,0,0,0,0,0,0,0,0,0,0,0,0,0,0,0,0,0,0,0,0,0,2026-08-27 16:11:15.580117+00,2026-08-27 16:11:15.580117+00
10,16384,t,4434812661420731019,"DECLARE ""query-cursor_239"" SCROLL CURSOR FOR select queryid, left(query, $1), calls, (total_plan_time + total_exec_time) as total_time from aurora_stat_statements($2) order by calls desc limit $3 FOR READ ONLY",0,0,0,0,0,0,1,0.069621,0.069621,0.069621,0.069621,0,0,0,0,0,0,0,0,0,0,0,0,0,0,0,0,0,0,0,0,0,0,0,0,0,0,0,0,0,0,0,2026-08-27 17:36:15.580864+00,2026-08-27 17:36:15.580864+00
10,16384,t,242414783671634653,"FETCH 31 IN ""query-cursor_164""",0,0,0,0,0,0,1,0.003194,0.003194,0.003194,0.003194,0,31,0,0,0,0,0,0,0,0,0,0,0,0,0,0,0,0,0,0,0,0,0,0,0,0,0,0,0,0,0,2026-08-27 16:20:15.592346+00,2026-08-27 16:20:15.592346+00
10,16384,t,-449800105303807303,"MOVE -464 IN ""query-cursor_53""",0,0,0,0,0,0,1,0.010224,0.010224,0.010224,0.010224,0,0,0,0,0,0,0,0,0,0,0,0,0,0,0,0,0,0,0,0,0,0,0,0,0,0,0,0,0,0,0,2026-08-27 14:20:15.568804+00,2026-08-27 14:20:15.568804+00
10,16384,t,-3174125509690438047,"FETCH 0 IN ""query-cursor_84""",0,0,0,0,0,0,1,0.003664,0.003664,0.003664,0.003664,0,0,0,0,0,0,0,0,0,0,0,0,0,0,0,0,0,0,0,0,0,0,0,0,0,0,0,0,0,0,0,2026-08-27 14:51:15.569862+00,2026-08-27 14:51:15.569862+00
10,16384,t,6519749180958160288,"DECLARE ""query-cursor_103"" SCROLL CURSOR FOR select queryid, left(query, $1), calls, (total_plan_time + total_exec_time) as total_time from aurora_stat_statements($2) order by calls desc limit $3 FOR READ ONLY",0,0,0,0,0,0,1,0.08482,0.08482,0.08482,0.08482,0,0,0,0,0,0,0,0,0,0,0,0,0,0,0,0,0,0,0,0,0,0,0,0,0,0,0,0,0,0,0,2026-08-27 15:10:15.571078+00,2026-08-27 15:10:15.571078+00
10,16384,t,3059918235774300950,"DECLARE ""query-cursor_110"" SCROLL CURSOR FOR select queryid, left(query, $1), calls, (total_plan_time + total_exec_time) as total_time from aurora_stat_statements($2) order by calls desc limit $3 FOR READ ONLY",0,0,0,0,0,0,1,0.065153,0.065153,0.065153,0.065153,0,0,0,0,0,0,0,0,0,0,0,0,0,0,0,0,0,0,0,0,0,0,0,0,0,0,0,0,0,0,0,2026-08-27 15:17:15.571635+00,2026-08-27 15:17:15.571635+00
16410,16412,t,-1830988071568071259,"INSERT INTO LIB_FEAT(LIB_FEAT_ID,FTYPE_ID,FEAT_HASH,FEAT_DESC,FELEM_VALUES,ANONYMIZED,VERSION) VALUES ($1,$2,$3,$4,$5,$6,$7),($8,$9,$10,$11,$12,$13,$14),($15,$16,$17,$18,$19,$20,$21),($22,$23,$24,$25,$26,$27,$28) ON CONFLICT(FTYPE_ID,FEAT_HASH,ANONYMIZED) DO UPDATE SET FTYPE_ID=LIB_FEAT.FTYPE_ID,FEAT_HASH=LIB_FEAT.FEAT_HASH,ANONYMIZED=LIB_FEAT.ANONYMIZED RETURNING LIB_FEAT_ID,FTYPE_ID,FEAT_HASH,ANONYMIZED,FEAT_DESC",0,0,0,0,0,0,54450,815807.9768069998,0.09209500000000001,1213.956725,14.98269929856749,45.07890256194788,217800,3699167,1,0,49967,0,0,0,0,0,0,0,892.4994170000006,0,0,0,0,0,0,0,0,0,0,0,0,0,0,0,0,0,2026-08-27 15:50:46.948846+00,2026-08-27 15:50:46.948846+00
10,16384,t,6925877210758612429,"select s.*, extract($1 from s.lastattempt) as lastattempt_ts from rds_get_stat_dxl_counters() as s where s.lastattempt > (now() - interval $2 second) limit $3",0,0,0,0,0,0,244,20.604210999999996,0.024659,0.7208330000000001,0.08444348770491801,0.08029890509157388,4511,0,0,0,0,0,0,0,0,0,0,0,0,0,0,0,0,0,0,0,0,0,0,0,0,0,0,0,0,0,2026-08-27 13:30:25.615253+00,2026-08-27 13:30:25.615253+00
10,16384,t,-1910582204860499546,"FETCH 0 IN ""query-cursor_199""",0,0,0,0,0,0,1,0.003839,0.003839,0.003839,0.003839,0,0,0,0,0,0,0,0,0,0,0,0,0,0,0,0,0,0,0,0,0,0,0,0,0,0,0,0,0,0,0,2026-08-27 16:56:15.578235+00,2026-08-27 16:56:15.578235+00
10,16384,t,4008148651305307009,"FETCH 50 IN ""query-cursor_171""",0,0,0,0,0,0,36,0.141342,0.002808,0.006537,0.003926166666666666,0.0010985488281263507,1800,0,0,0,0,0,0,0,0,0,0,0,0,0,0,0,0,0,0,0,0,0,0,0,0,0,0,0,0,0,2026-08-27 16:28:15.581318+00,2026-08-27 16:28:15.581318+00
16410,16412,t,-6625740995478269215,"INSERT INTO RES_FEAT_EKEY(RES_ENT_ID,LIB_FEAT_ID,FTYPE_ID,UTYPE_CODE,SUPPRESSED,OBS_ENT_CNT) VALUES ($1,$2,$3,$4,$5,$6),($7,$8,$9,$10,$11,$12),($13,$14,$15,$16,$17,$18),($19,$20,$21,$22,$23,$24),($25,$26,$27,$28,$29,$30),($31,$32,$33,$34,$35,$36),($37,$38,$39,$40,$41,$42),($43,$44,$45,$46,$47,$48),($49,$50,$51,$52,$53,$54),($55,$56,$57,$58,$59,$60),($61,$62,$63,$64,$65,$66),($67,$68,$69,$70,$71,$72) ON CONFLICT DO NOTHING",0,0,0,0,0,0,2342360,9485536.767159617,0.057652,4826.9308249999995,4.049564015420182,17.8076187551845,28108296,338951713,17,0,458809,0,0,0,0,0,0,0,23396.752195000157,0,0,0,0,0,0,0,0,0,0,0,0,0,0,0,0,0,2026-08-27 15:50:46.878435+00,2026-08-27 15:50:46.878435+00
10,16384,t,543169652414253300,"DECLARE ""query-cursor_49"" SCROLL CURSOR FOR select queryid, left(query, $1), calls, (total_plan_time + total_exec_time) as total_time from aurora_stat_statements($2) order by calls desc limit $3 FOR READ ONLY",0,0,0,0,0,0,1,0.063115,0.063115,0.063115,0.063115,0,0,0,0,0,0,0,0,0,0,0,0,0,0,0,0,0,0,0,0,0,0,0,0,0,0,0,0,0,0,0,2026-08-27 14:16:15.567418+00,2026-08-27 14:16:15.567418+00
10,16384,t,-5227578968984725450,"FETCH 0 IN ""query-cursor_131""",0,0,0,0,0,0,1,0.003709,0.003709,0.003709,0.003709,0,0,0,0,0,0,0,0,0,0,0,0,0,0,0,0,0,0,0,0,0,0,0,0,0,0,0,0,0,0,0,2026-08-27 15:38:15.573101+00,2026-08-27 15:38:15.573101+00
10,16384,t,7124227752837129578,"DECLARE ""query-cursor_142"" SCROLL CURSOR FOR select queryid, left(query, $1), calls, (total_plan_time + total_exec_time) as total_time from aurora_stat_statements($2) order by calls desc limit $3 FOR READ ONLY",0,0,0,0,0,0,1,0.060752,0.060752,0.060752,0.060752,0,0,0,0,0,0,0,0,0,0,0,0,0,0,0,0,0,0,0,0,0,0,0,0,0,0,0,0,0,0,0,2026-08-27 15:49:15.573768+00,2026-08-27 15:49:15.573768+00
10,16384,t,2425825113113615061,"FETCH 12 IN ""query-cursor_161""",0,0,0,0,0,0,1,0.001921,0.001921,0.001921,0.001921,0,12,0,0,0,0,0,0,0,0,0,0,0,0,0,0,0,0,0,0,0,0,0,0,0,0,0,0,0,0,0,2026-08-27 16:14:15.592231+00,2026-08-27 16:14:15.592231+00
10,16384,t,619259855872960741,"MOVE -856 IN ""query-cursor_117""",0,0,0,0,0,0,1,0.017756,0.017756,0.017756,0.017756,0,0,0,0,0,0,0,0,0,0,0,0,0,0,0,0,0,0,0,0,0,0,0,0,0,0,0,0,0,0,0,2026-08-27 15:24:15.574036+00,2026-08-27 15:24:15.574036+00
10,16384,t,7125732605909534218,"FETCH 50 IN ""query-cursor_64""",0,0,0,0,0,0,10,0.035498,0.002872,0.005502,0.0035498,0.000805931610001742,500,0,0,0,0,0,0,0,0,0,0,0,0,0,0,0,0,0,0,0,0,0,0,0,0,0,0,0,0,0,2026-08-27 14:31:15.56974+00,2026-08-27 14:31:15.56974+00
10,16384,t,-5975452127065020710,"FETCH 0 IN ""query-cursor_33""",0,0,0,0,0,0,1,0.00351,0.00351,0.00351,0.00351,0,0,0,0,0,0,0,0,0,0,0,0,0,0,0,0,0,0,0,0,0,0,0,0,0,0,0,0,0,0,0,2026-08-27 14:00:15.566245+00,2026-08-27 14:00:15.566245+00
10,16384,t,-3113347255532791353,"MOVE -748 IN ""query-cursor_99""",0,0,0,0,0,0,1,0.015987,0.015987,0.015987,0.015987,0,0,0,0,0,0,0,0,0,0,0,0,0,0,0,0,0,0,0,0,0,0,0,0,0,0,0,0,0,0,0,2026-08-27 15:06:15.572564+00,2026-08-27 15:06:15.572564+00
16410,16412,t,-6763369678729749683,"CREATE UNIQUE INDEX SYS_CODES_USED_SK ON SYS_CODES_USED(CODE_TYPE, CODE_ID)",0,0,0,0,0,0,1,2.482716,2.482716,2.482716,2.482716,0,0,115,0,0,1,0,0,0,0,0,0,0,0.002096,0,0,0,0,0,0,0,0,0,0,0,0,0,0,0,0,0,2026-08-27 13:29:50.095238+00,2026-08-27 13:29:50.095238+00
10,16384,t,-1651082928662471321,"FETCH 0 IN ""query-cursor_125""",0,0,0,0,0,0,1,0.003391,0.003391,0.003391,0.003391,0,0,0,0,0,0,0,0,0,0,0,0,0,0,0,0,0,0,0,0,0,0,0,0,0,0,0,0,0,0,0,2026-08-27 15:32:15.572735+00,2026-08-27 15:32:15.572735+00
10,16384,t,8387033158120687519,"select queryid, calls, (total_plan_time + total_exec_time) as total_time, rows, shared_blks_hit, shared_blks_dirtied, shared_blks_read, shared_blks_written, local_blks_hit, local_blks_dirtied, local_blks_read, local_blks_written, temp_blks_read, temp_blks_written, storage_blks_read, orcache_blks_hit, shared_blk_read_time as blk_read_time, shared_blk_write_time as blk_write_time, storage_blk_read_time, local_blk_read_time, orcache_blk_read_time, total_plan_time, total_exec_time from aurora_stat_statements($1) where queryid in ($2, $3, $4, $5, $6, $7, $8, $9, $10, $11, $12, $13, $14, $15, $16, $17, $18, $19, $20, $21, $22, $23, $24, $25, $26, $27, $28, $29, $30, $31, $32, $33, $34, $35, $36, $37, $38, $39, $40, $41, $42, $43, $44, $45, $46, $47, $48, $49, $50, $51, $52, $53, $54, $55, $56, $57, $58, $59, $60, $61, $62, $63, $64)",0,0,0,0,0,0,4,12.145614,2.309569,3.4985139999999997,3.0364035,0.4982802670558507,256,0,0,0,0,0,0,0,0,0,0,0,0,0,0,0,0,0,0,0,0,0,0,0,0,0,0,0,0,0,2026-08-27 16:00:25.639334+00,2026-08-27 16:00:25.639334+00
16410,16412,t,-6321067987065594509,"UPDATE RES_FEAT_STAT AS T SET FTYPE_ID=C.FTYPE_ID,NUM_RES_ENT=C.NUM_RES_ENT_NEW,NUM_RES_ENT_OOM=C.NUM_RES_ENT_OOM_NEW FROM (VALUES (CAST ($1 AS BIGINT),CAST ($2 AS INT),CAST ($3 AS BIGINT),CAST ($4 AS BIGINT),CAST ($5 AS BIGINT),CAST ($6 AS BIGINT)),(CAST ($7 AS BIGINT),CAST ($8 AS INT),CAST ($9 AS BIGINT),CAST ($10 AS BIGINT),CAST ($11 AS BIGINT),CAST ($12 AS BIGINT)),(CAST ($13 AS BIGINT),CAST ($14 AS INT),CAST ($15 AS BIGINT),CAST ($16 AS BIGINT),CAST ($17 AS BIGINT),CAST ($18 AS BIGINT)),(CAST ($19 AS BIGINT),CAST ($20 AS INT),CAST ($21 AS BIGINT),CAST ($22 AS BIGINT),CAST ($23 AS BIGINT),CAST ($24 AS BIGINT)),(CAST ($25 AS BIGINT),CAST ($26 AS INT),CAST ($27 AS BIGINT),CAST ($28 AS BIGINT),CAST ($29 AS BIGINT),CAST ($30 AS BIGINT)),(CAST ($31 AS BIGINT),CAST ($32 AS INT),CAST ($33 AS BIGINT),CAST ($34 AS BIGINT),CAST ($35 AS BIGINT),CAST ($36 AS BIGINT)),(CAST ($37 AS BIGINT),CAST ($38 AS INT),CAST ($39 AS BIGINT),CAST ($40 AS BIGINT),CAST ($41 AS BIGINT),CAST ($42 AS BIGINT)),(CAST ($43 AS BIGINT),CAST ($44 AS INT),CAST ($45 AS BIGINT),CAST ($46 AS BIGINT),CAST ($47 AS BIGINT),CAST ($48 AS BIGINT)),(CAST ($49 AS BIGINT),CAST ($50 AS INT),CAST ($51 AS BIGINT),CAST ($52 AS BIGINT),CAST ($53 AS BIGINT),CAST ($54 AS BIGINT)),(CAST ($55 AS BIGINT),CAST ($56 AS INT),CAST ($57 AS BIGINT),CAST ($58 AS BIGINT),CAST ($59 AS BIGINT),CAST ($60 AS BIGINT))) AS C(LIB_FEAT_ID,FTYPE_ID,NUM_RES_ENT_OLD,NUM_RES_ENT_OOM_OLD,NUM_RES_ENT_NEW,NUM_RES_ENT_OOM_NEW) WHERE C.LIB_FEAT_ID=T.LIB_FEAT_ID AND C.NUM_RES_ENT_OLD=T.NUM_RES_ENT AND C.NUM_RES_ENT_OOM_OLD=T.NUM_RES_ENT_OOM",0,0,0,0,0,0,11,3.230152,0.04826999999999999,1.653128,0.2936501818181818,0.4849578859865178,9,2042,0,0,0,0,0,0,0,0,0,0,0,0,0,0,0,0,0,0,0,0,0,0,0,0,0,0,0,0,2026-08-27 16:03:38.195662+00,2026-08-27 16:03:38.195662+00
16410,16412,t,6148118376761074499,"SELECT RES_ENT_ID,LIB_FEAT_ID,FTYPE_ID,UTYPE_CODE,SUPPRESSED,OBS_ENT_CNT FROM RES_FEAT_EKEY WHERE RES_ENT_ID IN ($1,$2,$3,$4,$5,$6,$7,$8,$9,$10,$11,$12,$13,$14,$15,$16,$17,$18,$19,$20,$21,$22,$23,$24,$25,$26,$27,$28,$29,$30,$31,$32) AND FTYPE_ID IN ($33,$34,$35,$36,$37,$38)",0,0,0,0,0,0,122,410.57319,0.315381,40.352886,3.3653540163934426,7.7527021615649465,44627,11299,0,0,0,0,0,0,0,0,0,0,0,0,0,0,0,0,0,0,0,0,0,0,0,0,0,0,0,0,2026-08-27 15:56:48.518835+00,2026-08-27 15:56:48.518835+00
10,16384,t,-7285151001724377754,"FETCH 49 IN ""query-cursor_167""",0,0,0,0,0,0,1,0.004098,0.004098,0.004098,0.004098,0,49,0,0,0,0,0,0,0,0,0,0,0,0,0,0,0,0,0,0,0,0,0,0,0,0,0,0,0,0,0,2026-08-27 16:24:15.593015+00,2026-08-27 16:24:15.593015+00
16410,16412,t,5749669963902307944,"SELECT DSRC_ID,RECORD_ID,ENT_SRC_KEY FROM DSRC_RECORD WHERE (DSRC_ID,ENT_SRC_KEY) IN (($1,$2),($3,$4),($5,$6),($7,$8))",0,0,0,0,0,0,1818,123.06042899999984,0.02488,13.331282,0.06769000495049496,0.3903907922377781,6038,29676,0,0,0,0,0,0,0,0,0,0,0,0,0,0,0,0,0,0,0,0,0,0,0,0,0,0,0,0,2026-08-27 15:53:17.81838+00,2026-08-27 15:53:17.81838+00
10,16384,t,-524469350801425834,"FETCH 14 IN ""query-cursor_28""",0,0,0,0,0,0,1,0.002381,0.002381,0.002381,0.002381,0,14,0,0,0,0,0,0,0,0,0,0,0,0,0,0,0,0,0,0,0,0,0,0,0,0,0,0,0,0,0,2026-08-27 13:55:15.567923+00,2026-08-27 13:55:15.567923+00
10,16384,t,7275814398050199315,"FETCH 50 IN ""query-cursor_74""",0,0,0,0,0,0,11,0.039449,0.002738,0.006084,0.003586272727272727,0.0008731079378143231,550,0,0,0,0,0,0,0,0,0,0,0,0,0,0,0,0,0,0,0,0,0,0,0,0,0,0,0,0,0,2026-08-27 14:41:15.570572+00,2026-08-27 14:41:15.570572+00
10,16384,t,-7844948622299513833,"MOVE ALL IN ""query-cursor_46""",0,0,0,0,0,0,1,0.903874,0.903874,0.903874,0.903874,0,0,0,0,0,0,0,0,0,0,0,0,0,0,0,0,0,0,0,0,0,0,0,0,0,0,0,0,0,0,0,2026-08-27 14:13:15.568236+00,2026-08-27 14:13:15.568236+00
10,16384,t,-4564841187369421156,"FETCH 50 IN ""query-cursor_191""",0,0,0,0,0,0,38,0.14439100000000002,0.002787,0.006799,0.0037997631578947375,0.001087442132379576,1900,0,0,0,0,0,0,0,0,0,0,0,0,0,0,0,0,0,0,0,0,0,0,0,0,0,0,0,0,0,2026-08-27 16:48:15.58307+00,2026-08-27 16:48:15.58307+00
10,16384,t,-7319856883557196162,"FETCH 18 IN ""query-cursor_15""",0,0,0,0,0,0,1,0.002296,0.002296,0.002296,0.002296,0,18,0,0,0,0,0,0,0,0,0,0,0,0,0,0,0,0,0,0,0,0,0,0,0,0,0,0,0,0,0,2026-08-27 13:42:15.566431+00,2026-08-27 13:42:15.566431+00
16410,16412,t,-677922492973750577,SET default_transaction_read_only TO $1,0,0,0,0,0,0,2771,64.86808699999993,0.008684,7.58422,0.02340963081919882,0.15950981770843126,0,0,0,0,0,0,0,0,0,0,0,0,0,0,0,0,0,0,0,0,0,0,0,0,0,0,0,0,0,0,2026-08-27 13:32:03.704483+00,2026-08-27 13:32:03.704483+00
10,16384,t,7756975804111134694,"FETCH 0 IN ""query-cursor_198""",0,0,0,0,0,0,1,0.003712,0.003712,0.003712,0.003712,0,0,0,0,0,0,0,0,0,0,0,0,0,0,0,0,0,0,0,0,0,0,0,0,0,0,0,0,0,0,0,2026-08-27 16:55:15.578018+00,2026-08-27 16:55:15.578018+00
10,16384,t,-7086863831520993145,"MOVE -539 IN ""query-cursor_64""",0,0,0,0,0,0,1,0.011623,0.011623,0.011623,0.011623,0,0,0,0,0,0,0,0,0,0,0,0,0,0,0,0,0,0,0,0,0,0,0,0,0,0,0,0,0,0,0,2026-08-27 14:31:15.569704+00,2026-08-27 14:31:15.569704+00
10,16384,t,-3415027330202508201,"MOVE ALL IN ""query-cursor_16""",0,0,0,0,0,0,1,0.490092,0.490092,0.490092,0.490092,0,0,0,0,0,0,0,0,0,0,0,0,0,0,0,0,0,0,0,0,0,0,0,0,0,0,0,0,0,0,0,2026-08-27 13:43:15.565554+00,2026-08-27 13:43:15.565554+00
10,16384,t,3643937922883522298,RESET password_encryption,0,0,0,0,0,0,1,0.020372,0.020372,0.020372,0.020372,0,0,2,0,0,0,0,0,0,0,0,0,0,0,0,0,0,0,0,0,0,0,0,0,0,0,0,0,0,0,0,2026-08-27 13:28:50.169548+00,2026-08-27 13:28:50.169548+00
10,16384,t,8337071845861807803,"FETCH 50 IN ""query-cursor_175""",0,0,0,0,0,0,36,0.13909,0.002918,0.006274,0.003863611111111111,0.000978457041519333,1800,0,0,0,0,0,0,0,0,0,0,0,0,0,0,0,0,0,0,0,0,0,0,0,0,0,0,0,0,0,2026-08-27 16:32:15.581616+00,2026-08-27 16:32:15.581616+00
16410,16412,t,-1782346235376703490,"SELECT VAR_VALUE,SYS_LSTUPD_DT FROM SYS_VARS WHERE VAR_GROUP=$1 AND VAR_CODE=$2",0,0,0,0,0,0,5420,162.0809039999999,0.0046489999999999995,35.963694999999994,0.029904225830258282,0.5806967576004752,3126,8546,0,0,0,0,0,0,0,0,0,0,0,0,0,0,0,0,0,0,0,0,0,0,0,0,0,0,0,0,2026-08-27 13:32:03.723359+00,2026-08-27 13:32:03.723359+00
10,16384,t,2425407167096562606,"FETCH 0 IN ""query-cursor_147""",0,0,0,0,0,0,1,0.003694,0.003694,0.003694,0.003694,0,0,0,0,0,0,0,0,0,0,0,0,0,0,0,0,0,0,0,0,0,0,0,0,0,0,0,0,0,0,0,2026-08-27 15:54:15.574364+00,2026-08-27 15:54:15.574364+00
10,16384,t,-6788495792278834216,"FETCH 0 IN ""query-cursor_95""",0,0,0,0,0,0,1,0.003373,0.003373,0.003373,0.003373,0,0,0,0,0,0,0,0,0,0,0,0,0,0,0,0,0,0,0,0,0,0,0,0,0,0,0,0,0,0,0,2026-08-27 15:02:15.570582+00,2026-08-27 15:02:15.570582+00
10,16384,t,-3002397006376615084,"DECLARE ""query-cursor_217"" SCROLL CURSOR FOR select queryid, left(query, $1), calls, (total_plan_time + total_exec_time) as total_time from aurora_stat_statements($2) order by calls desc limit $3 FOR READ ONLY",0,0,0,0,0,0,1,0.064999,0.064999,0.064999,0.064999,0,0,0,0,0,0,0,0,0,0,0,0,0,0,0,0,0,0,0,0,0,0,0,0,0,0,0,0,0,0,0,2026-08-27 17:14:15.579323+00,2026-08-27 17:14:15.579323+00
10,16384,t,2583502848834246554,"MOVE -1945 IN ""query-cursor_191""",0,0,0,0,0,0,1,0.050971,0.050971,0.050971,0.050971,0,0,0,0,0,0,0,0,0,0,0,0,0,0,0,0,0,0,0,0,0,0,0,0,0,0,0,0,0,0,0,2026-08-27 16:48:15.583026+00,2026-08-27 16:48:15.583026+00
10,16384,t,2295827983442299676,"DECLARE ""query-cursor_27"" SCROLL CURSOR FOR select queryid, left(query, $1), calls, (total_plan_time + total_exec_time) as total_time from aurora_stat_statements($2) order by calls desc limit $3 FOR READ ONLY",0,0,0,0,0,0,1,0.060621,0.060621,0.060621,0.060621,0,0,0,0,0,0,0,0,0,0,0,0,0,0,0,0,0,0,0,0,0,0,0,0,0,0,0,0,0,0,0,2026-08-27 13:54:15.565785+00,2026-08-27 13:54:15.565785+00
10,16384,t,1248727386581089813,"select queryid, calls, (total_plan_time + total_exec_time) as total_time, rows, shared_blks_hit, shared_blks_dirtied, shared_blks_read, shared_blks_written, local_blks_hit, local_blks_dirtied, local_blks_read, local_blks_written, temp_blks_read, temp_blks_written, storage_blks_read, orcache_blks_hit, shared_blk_read_time as blk_read_time, shared_blk_write_time as blk_write_time, storage_blk_read_time, local_blk_read_time, orcache_blk_read_time, total_plan_time, total_exec_time from aurora_stat_statements($1) where queryid in ($2, $3, $4, $5, $6, $7, $8, $9, $10, $11, $12, $13, $14, $15, $16, $17, $18, $19, $20, $21)",0,0,0,0,0,0,110,73.49890500000001,0.236954,1.0565259999999999,0.6681718636363637,0.23252368396056025,2617,0,0,0,0,0,0,0,0,0,0,0,0,0,0,0,0,0,0,0,0,0,0,0,0,0,0,0,0,0,2026-08-27 13:33:25.565034+00,2026-08-27 13:33:25.565034+00
16410,16412,t,4655777236656378292,"SELECT RES_ENT_ID,LIB_FEAT_ID,FTYPE_ID,UTYPE_CODE,SUPPRESSED,OBS_ENT_CNT FROM RES_FEAT_EKEY WHERE RES_ENT_ID IN ($1) AND FTYPE_ID IN ($2,$3,$4,$5,$6,$7,$8,$9,$10,$11,$12,$13,$14,$15,$16,$17,$18,$19,$20,$21,$22,$23,$24,$25,$26,$27,$28,$29,$30,$31,$32,$33,$34,$35,$36,$37,$38,$39,$40,$41,$42,$43,$44,$45,$46,$47,$48,$49,$50,$51,$52,$53,$54,$55,$56,$57,$58,$59,$60,$61,$62,$63,$64,$65,$66,$67,$68)",0,0,0,0,0,0,698,64.40806299999993,0.0077610000000000005,38.471044000000006,0.09227516189111737,1.4557764138096783,11006,3252,0,0,0,0,0,0,0,0,0,0,0,0,0,0,0,0,0,0,0,0,0,0,0,0,0,0,0,0,2026-08-27 15:54:37.241493+00,2026-08-27 15:54:37.241493+00
10,16384,t,-279786971874455649,"DECLARE ""query-cursor_136"" SCROLL CURSOR FOR select queryid, left(query, $1), calls, (total_plan_time + total_exec_time) as total_time from aurora_stat_statements($2) order by calls desc limit $3 FOR READ ONLY",0,0,0,0,0,0,1,0.064245,0.064245,0.064245,0.064245,0,0,0,0,0,0,0,0,0,0,0,0,0,0,0,0,0,0,0,0,0,0,0,0,0,0,0,0,0,0,0,2026-08-27 15:43:15.573378+00,2026-08-27 15:43:15.573378+00
16410,16412,t,1416552375642892527,"UPDATE RES_RELATE AS T SET IS_DISCLOSED=C.IS_DISCLOSED,IS_AMBIGUOUS=C.IS_AMBIGUOUS,LAST_ERRULE_ID=C.LAST_ERRULE_ID,MATCH_KEY=C.MATCH_KEY,MATCH_KEY_DETAILS=C.MATCH_KEY_DETAILS,MATCH_LEVELS=C.MATCH_LEVELS FROM (VALUES (CAST ($1 AS BIGINT),CAST ($2 AS BIGINT),CAST ($3 AS BIGINT),CAST ($4 AS BIGINT),$5,$6,$7),(CAST ($8 AS BIGINT),CAST ($9 AS BIGINT),CAST ($10 AS BIGINT),CAST ($11 AS BIGINT),$12,$13,$14),(CAST ($15 AS BIGINT),CAST ($16 AS BIGINT),CAST ($17 AS BIGINT),CAST ($18 AS BIGINT),$19,$20,$21),(CAST ($22 AS BIGINT),CAST ($23 AS BIGINT),CAST ($24 AS BIGINT),CAST ($25 AS BIGINT),$26,$27,$28),(CAST ($29 AS BIGINT),CAST ($30 AS BIGINT),CAST ($31 AS BIGINT),CAST ($32 AS BIGINT),$33,$34,$35),(CAST ($36 AS BIGINT),CAST ($37 AS BIGINT),CAST ($38 AS BIGINT),CAST ($39 AS BIGINT),$40,$41,$42),(CAST ($43 AS BIGINT),CAST ($44 AS BIGINT),CAST ($45 AS BIGINT),CAST ($46 AS BIGINT),$47,$48,$49),(CAST ($50 AS BIGINT),CAST ($51 AS BIGINT),CAST ($52 AS BIGINT),CAST ($53 AS BIGINT),$54,$55,$56),(CAST ($57 AS BIGINT),CAST ($58 AS BIGINT),CAST ($59 AS BIGINT),CAST ($60 AS BIGINT),$61,$62,$63),(CAST ($64 AS BIGINT),CAST ($65 AS BIGINT),CAST ($66 AS BIGINT),CAST ($67 AS BIGINT),$68,$69,$70)) AS C(RES_REL_ID,IS_DISCLOSED,IS_AMBIGUOUS,LAST_ERRULE_ID,MATCH_KEY,MATCH_KEY_DETAILS,MATCH_LEVELS) WHERE C.RES_REL_ID=T.RES_REL_ID",0,0,0,0,0,0,318,720.4782360000006,0.131108,49.669540999999995,2.265654830188681,6.836915423170618,3178,36396,0,0,249,0,0,0,0,0,0,0,31.588351000000007,0,0,0,0,0,0,0,0,0,0,0,0,0,0,0,0,0,2026-08-27 15:51:56.506231+00,2026-08-27 15:51:56.506231+00
10,16384,t,-4419206133489892512,"MOVE ALL IN ""query-cursor_31""",0,0,0,0,0,0,1,0.722054,0.722054,0.722054,0.722054,0,0,0,0,0,0,0,0,0,0,0,0,0,0,0,0,0,0,0,0,0,0,0,0,0,0,0,0,0,0,0,2026-08-27 13:58:15.566877+00,2026-08-27 13:58:15.566877+00
10,16384,t,-670266268120456295,"MOVE -392 IN ""query-cursor_41""",0,0,0,0,0,0,1,0.010158,0.010158,0.010158,0.010158,0,0,0,0,0,0,0,0,0,0,0,0,0,0,0,0,0,0,0,0,0,0,0,0,0,0,0,0,0,0,0,2026-08-27 14:08:15.56777+00,2026-08-27 14:08:15.56777+00
10,16384,t,7793315683870882026,"DECLARE ""query-cursor_165"" SCROLL CURSOR FOR select queryid, left(query, $1), calls, (total_plan_time + total_exec_time) as total_time from aurora_stat_statements($2) order by calls desc limit $3 FOR READ ONLY",0,0,0,0,0,0,1,0.06644,0.06644,0.06644,0.06644,0,0,0,0,0,0,0,0,0,0,0,0,0,0,0,0,0,0,0,0,0,0,0,0,0,0,0,0,0,0,0,2026-08-27 16:22:15.575615+00,2026-08-27 16:22:15.575615+00
10,16384,t,-2652730408637652265,"MOVE -1014 IN ""query-cursor_143""",0,0,0,0,0,0,1,0.019745,0.019745,0.019745,0.019745,0,0,0,0,0,0,0,0,0,0,0,0,0,0,0,0,0,0,0,0,0,0,0,0,0,0,0,0,0,0,0,2026-08-27 15:50:15.576158+00,2026-08-27 15:50:15.576158+00
10,16384,t,-5575630626015445774,"FETCH 0 IN ""query-cursor_1""",0,0,0,0,0,0,1,0.009325,0.009325,0.009325,0.009325,0,0,0,0,0,0,0,0,0,0,0,0,0,0,0,0,0,0,0,0,0,0,0,0,0,0,0,0,0,0,0,2026-08-27 13:28:15.561737+00,2026-08-27 13:28:15.561737+00
10,16384,t,-6036586736525086416,"MOVE ALL IN ""query-cursor_237""",0,0,0,0,0,0,1,5.771688,5.771688,5.771688,5.771688,0,0,0,0,0,0,0,0,0,0,0,0,0,0,0,0,0,0,0,0,0,0,0,0,0,0,0,0,0,0,0,2026-08-27 17:34:15.586602+00,2026-08-27 17:34:15.586602+00
16410,16412,t,-2490555578411168934,"SELECT LIB_FEAT_ID,FEAT_DESC,FTYPE_ID,ANONYMIZED,FEAT_HASH,VERSION,FELEM_VALUES FROM LIB_FEAT WHERE LIB_FEAT_ID IN ($1,$2,$3,$4,$5,$6,$7,$8,$9,$10,$11,$12,$13,$14,$15,$16)",0,0,0,0,0,0,432790,48295.41968000111,0.011979,56.389068,0.11159088629589665,0.4963227393815771,5329559,11555081,0,0,0,0,0,0,0,0,0,0,0,0,0,0,0,0,0,0,0,0,0,0,0,0,0,0,0,0,2026-08-27 15:50:47.411208+00,2026-08-27 15:50:47.411208+00
10,16384,t,4284499621287142479,"MOVE ALL IN ""query-cursor_243""",0,0,0,0,0,0,1,5.890426,5.890426,5.890426,5.890426,0,0,0,0,0,0,0,0,0,0,0,0,0,0,0,0,0,0,0,0,0,0,0,0,0,0,0,0,0,0,0,2026-08-27 17:40:15.587236+00,2026-08-27 17:40:15.587236+00
10,16384,t,-3064587961437120174,"FETCH 50 IN ""query-cursor_215""",0,0,0,0,0,0,41,0.15064599999999995,0.002823,0.005966,0.003674292682926828,0.0008727627354473179,2050,0,0,0,0,0,0,0,0,0,0,0,0,0,0,0,0,0,0,0,0,0,0,0,0,0,0,0,0,0,2026-08-27 17:12:15.584938+00,2026-08-27 17:12:15.584938+00
10,16384,t,9147053801346091222,"DECLARE ""query-cursor_20"" SCROLL CURSOR FOR select queryid, left(query, $1), calls, (total_plan_time + total_exec_time) as total_time from aurora_stat_statements($2) order by calls desc limit $3 FOR READ ONLY",0,0,0,0,0,0,1,0.057879,0.057879,0.057879,0.057879,0,0,0,0,0,0,0,0,0,0,0,0,0,0,0,0,0,0,0,0,0,0,0,0,0,0,0,0,0,0,0,2026-08-27 13:47:15.565307+00,2026-08-27 13:47:15.565307+00
10,16384,t,3123964089683960115,"MOVE ALL IN ""query-cursor_236""",0,0,0,0,0,0,1,6.111628,6.111628,6.111628,6.111628,0,0,0,0,0,0,0,0,0,0,0,0,0,0,0,0,0,0,0,0,0,0,0,0,0,0,0,0,0,0,0,2026-08-27 17:33:15.586809+00,2026-08-27 17:33:15.586809+00
10,16384,t,-540517796963662917,"DECLARE ""query-cursor_55"" SCROLL CURSOR FOR select queryid, left(query, $1), calls, (total_plan_time + total_exec_time) as total_time from aurora_stat_statements($2) order by calls desc limit $3 FOR READ ONLY",0,0,0,0,0,0,1,0.064372,0.064372,0.064372,0.064372,0,0,0,0,0,0,0,0,0,0,0,0,0,0,0,0,0,0,0,0,0,0,0,0,0,0,0,0,0,0,0,2026-08-27 14:22:15.567778+00,2026-08-27 14:22:15.567778+00
16410,16412,t,6060914657815662378,"SELECT RES_ENT_ID,LIB_FEAT_ID,FTYPE_ID,UTYPE_CODE,SUPPRESSED,OBS_ENT_CNT FROM RES_FEAT_EKEY WHERE RES_ENT_ID IN ($1,$2,$3,$4,$5,$6,$7,$8,$9,$10,$11,$12,$13,$14,$15,$16) AND FTYPE_ID IN ($17,$18,$19,$20,$21,$22,$23,$24,$25,$26,$27,$28,$29,$30,$31,$32,$33,$34,$35,$36,$37)",0,0,0,0,0,0,369,1866.7193639999984,0.142409,248.124823,5.058860065040646,16.28026008539397,1203975,32348,0,0,0,0,0,0,0,0,0,0,0,0,0,0,0,0,0,0,0,0,0,0,0,0,0,0,0,0,2026-08-27 15:50:49.590941+00,2026-08-27 15:50:49.590941+00
10,16384,t,-6346280946335487606,"DECLARE ""query-cursor_59"" SCROLL CURSOR FOR select queryid, left(query, $1), calls, (total_plan_time + total_exec_time) as total_time from aurora_stat_statements($2) order by calls desc limit $3 FOR READ ONLY",0,0,0,0,0,0,1,0.060884,0.060884,0.060884,0.060884,0,0,0,0,0,0,0,0,0,0,0,0,0,0,0,0,0,0,0,0,0,0,0,0,0,0,0,0,0,0,0,2026-08-27 14:26:15.568071+00,2026-08-27 14:26:15.568071+00
10,16384,t,4875021817091216714,"select auto_removed, auto_authorized_evicted, auto_not_authorized_evicted, auto_total_auth_failed_evicted, auto_bad_db_name_evicted, auto_bad_db_oid_evicted, auto_bad_db_perm_evicted, auto_removed_sl, auto_bad_conn_packet_evicted, auto_startup_packet_timeout_evicted from rds_get_stat_connections_counters_details()",0,0,0,0,0,0,245,1.4464879999999989,0.005175,0.021979000000000002,0.00590403265306122,0.001355934926707174,245,0,0,0,0,0,0,0,0,0,0,0,0,0,0,0,0,0,0,0,0,0,0,0,0,0,0,0,0,0,2026-08-27 13:28:15.123973+00,2026-08-27 13:28:15.123973+00
16410,16412,t,5971316311177016722,"SELECT RES_ENT_ID,LIB_FEAT_ID,FTYPE_ID,UTYPE_CODE,SUPPRESSED,OBS_ENT_CNT FROM RES_FEAT_EKEY WHERE RES_ENT_ID IN ($1,$2,$3,$4,$5,$6,$7,$8,$9,$10,$11,$12,$13,$14,$15,$16,$17,$18,$19,$20,$21,$22,$23,$24,$25,$26,$27,$28,$29,$30,$31,$32,$33,$34,$35,$36,$37,$38,$39,$40,$41,$42,$43,$44,$45,$46,$47,$48,$49,$50,$51,$52,$53,$54,$55,$56,$57,$58,$59,$60,$61,$62,$63,$64) AND FTYPE_ID IN ($65,$66,$67,$68,$69,$70,$71,$72,$73,$74,$75,$76,$77,$78)",0,0,0,0,0,0,868,27909.873236000007,1.121461,1139.9985450000001,32.154231838709684,96.90404757710631,8115076,263397,0,0,0,0,0,0,0,0,0,0,0,0,0,0,0,0,0,0,0,0,0,0,0,0,0,0,0,0,2026-08-27 15:50:55.49292+00,2026-08-27 15:50:55.49292+00
10,16384,t,5267698801294050184,"FETCH 9 IN ""query-cursor_7""",0,0,0,0,0,0,1,0.001825,0.001825,0.001825,0.001825,0,9,0,0,0,0,0,0,0,0,0,0,0,0,0,0,0,0,0,0,0,0,0,0,0,0,0,0,0,0,0,2026-08-27 13:34:15.565455+00,2026-08-27 13:34:15.565455+00
10,16384,t,1442586610125942001,"FETCH 50 IN ""query-cursor_69""",0,0,0,0,0,0,11,0.037254999999999996,0.002911,0.005509,0.0033868181818181814,0.0007328962246000848,550,0,0,0,0,0,0,0,0,0,0,0,0,0,0,0,0,0,0,0,0,0,0,0,0,0,0,0,0,0,2026-08-27 14:36:15.570115+00,2026-08-27 14:36:15.570115+00
10,16384,t,-3639423021148639694,"FETCH 3 IN ""query-cursor_43""",0,0,0,0,0,0,1,0.001616,0.001616,0.001616,0.001616,0,3,0,0,0,0,0,0,0,0,0,0,0,0,0,0,0,0,0,0,0,0,0,0,0,0,0,0,0,0,0,2026-08-27 14:10:15.5697+00,2026-08-27 14:10:15.5697+00
10,16384,t,2786040719878984869,"FETCH 2 IN ""query-cursor_184""",0,0,0,0,0,0,1,0.001428,0.001428,0.001428,0.001428,0,2,0,0,0,0,0,0,0,0,0,0,0,0,0,0,0,0,0,0,0,0,0,0,0,0,0,0,0,0,0,2026-08-27 16:41:15.59407+00,2026-08-27 16:41:15.59407+00
16410,16412,t,-1154371702472242755,"SELECT RES_ENT_ID,LIB_FEAT_ID,FTYPE_ID,UTYPE_CODE,SUPPRESSED,OBS_ENT_CNT FROM RES_FEAT_EKEY WHERE RES_ENT_ID IN ($1,$2,$3,$4,$5,$6,$7,$8,$9,$10,$11,$12,$13,$14,$15,$16,$17,$18,$19,$20,$21,$22,$23,$24,$25,$26,$27,$28,$29,$30,$31,$32,$33,$34,$35,$36,$37,$38,$39,$40,$41,$42,$43,$44,$45,$46,$47,$48,$49,$50,$51,$52,$53,$54,$55,$56,$57,$58,$59,$60,$61,$62,$63,$64,$65,$66,$67,$68,$69,$70,$71,$72,$73,$74,$75,$76,$77,$78) AND FTYPE_ID IN ($79,$80,$81,$82,$83,$84,$85,$86,$87,$88,$89,$90,$91,$92,$93,$94,$95,$96,$97,$98,$99,$100)",0,0,0,0,0,0,147,47163.02102699999,16.423503,890.635978,320.8368777346938,206.66909719235156,23109352,335160,0,0,0,0,0,0,0,0,0,0,0,0,0,0,0,0,0,0,0,0,0,0,0,0,0,0,0,0,2026-08-27 15:51:38.887061+00,2026-08-27 15:51:38.887061+00
10,16384,t,2447666364080423637,"FETCH 50 IN ""query-cursor_125""",0,0,0,0,0,0,18,0.056741,0.002751,0.005292,0.0031522777777777777,0.0005964521779801664,900,0,0,0,0,0,0,0,0,0,0,0,0,0,0,0,0,0,0,0,0,0,0,0,0,0,0,0,0,0,2026-08-27 15:32:15.574809+00,2026-08-27 15:32:15.574809+00
10,16384,t,-6029746642343462224,"MOVE ALL IN ""query-cursor_166""",0,0,0,0,0,0,1,5.370398,5.370398,5.370398,5.370398,0,0,0,0,0,0,0,0,0,0,0,0,0,0,0,0,0,0,0,0,0,0,0,0,0,0,0,0,0,0,0,2026-08-27 16:23:15.581146+00,2026-08-27 16:23:15.581146+00
16410,16412,t,681012635682146349,"INSERT INTO RES_REL_EKEY(RES_REL_ID,RES_ENT_ID,REL_ENT_ID) VALUES ($1,$2,$3),($4,$5,$6),($7,$8,$9),($10,$11,$12),($13,$14,$15),($16,$17,$18),($19,$20,$21),($22,$23,$24),($25,$26,$27),($28,$29,$30),($31,$32,$33),($34,$35,$36),($37,$38,$39),($40,$41,$42),($43,$44,$45),($46,$47,$48),($49,$50,$51),($52,$53,$54),($55,$56,$57),($58,$59,$60),($61,$62,$63) ON CONFLICT DO NOTHING",0,0,0,0,0,0,67,445.89608099999987,0.229695,69.37837900000001,6.655165388059699,15.267944244714512,1407,11219,0,0,7,0,0,0,0,0,0,0,2.184261,0,0,0,0,0,0,0,0,0,0,0,0,0,0,0,0,0,2026-08-27 15:53:29.540293+00,2026-08-27 15:53:29.540293+00
10,16384,t,-7930596894184952182,"MOVE ALL IN ""query-cursor_231""",0,0,0,0,0,0,1,5.585297,5.585297,5.585297,5.585297,0,0,0,0,0,0,0,0,0,0,0,0,0,0,0,0,0,0,0,0,0,0,0,0,0,0,0,0,0,0,0,2026-08-27 17:28:15.585947+00,2026-08-27 17:28:15.585947+00
10,16384,t,3298741451073925733,"FETCH 41 IN ""query-cursor_199""",0,0,0,0,0,0,1,0.003634,0.003634,0.003634,0.003634,0,41,0,0,0,0,0,0,0,0,0,0,0,0,0,0,0,0,0,0,0,0,0,0,0,0,0,0,0,0,0,2026-08-27 16:56:15.596356+00,2026-08-27 16:56:15.596356+00
10,16384,t,-1982078181218991043,"FETCH 50 IN ""query-cursor_162""",0,0,0,0,0,0,35,0.14317299999999997,0.002962,0.00641,0.004090657142857142,0.0009698983140473219,1750,0,0,0,0,0,0,0,0,0,0,0,0,0,0,0,0,0,0,0,0,0,0,0,0,0,0,0,0,0,2026-08-27 16:16:15.580511+00,2026-08-27 16:16:15.580511+00
16410,16412,t,-8616807564044195877,"DELETE FROM RES_REL_EKEY WHERE (RES_ENT_ID,REL_ENT_ID,RES_REL_ID) IN (($1,$2,$3),($4,$5,$6))",0,0,0,0,0,0,19234,3372.968850000008,0.009963,51.640748,0.1753649188936263,1.0032178204896824,38327,172907,0,0,0,0,0,0,0,0,0,0,0,0,0,0,0,0,0,0,0,0,0,0,0,0,0,0,0,0,2026-08-27 15:51:02.815227+00,2026-08-27 15:51:02.815227+00
10,16384,t,-8195627326822672149,"FETCH 0 IN ""query-cursor_5""",0,0,0,0,0,0,1,0.003666,0.003666,0.003666,0.003666,0,0,0,0,0,0,0,0,0,0,0,0,0,0,0,0,0,0,0,0,0,0,0,0,0,0,0,0,0,0,0,2026-08-27 13:32:15.564281+00,2026-08-27 13:32:15.564281+00
10,16384,t,-5792647423112858751,"MOVE -1756 IN ""query-cursor_160""",0,0,0,0,0,0,1,0.181291,0.181291,0.181291,0.181291,0,0,0,0,0,0,0,0,0,0,0,0,0,0,0,0,0,0,0,0,0,0,0,0,0,0,0,0,0,0,0,2026-08-27 16:12:15.818196+00,2026-08-27 16:12:15.818196+00
16410,16412,t,4525835807519216905,"SELECT RES_ENT_ID,LIB_FEAT_ID,FTYPE_ID,UTYPE_CODE,SUPPRESSED,OBS_ENT_CNT FROM RES_FEAT_EKEY WHERE RES_ENT_ID IN ($1,$2,$3,$4,$5,$6,$7,$8) AND FTYPE_ID IN ($9,$10,$11,$12,$13,$14,$15,$16,$17,$18,$19,$20,$21,$22,$23,$24,$25)",0,0,0,0,0,0,1546,3189.5141120000008,0.07127399999999999,71.418525,2.0630751047865465,5.696963458842037,2677178,72673,0,0,0,0,0,0,0,0,0,0,0,0,0,0,0,0,0,0,0,0,0,0,0,0,0,0,0,0,2026-08-27 15:50:48.116172+00,2026-08-27 15:50:48.116172+00
10,16384,t,-9024892231659675195,"DECLARE ""query-cursor_190"" SCROLL CURSOR FOR select queryid, left(query, $1), calls, (total_plan_time + total_exec_time) as total_time from aurora_stat_statements($2) order by calls desc limit $3 FOR READ ONLY",0,0,0,0,0,0,1,0.058746,0.058746,0.058746,0.058746,0,0,0,0,0,0,0,0,0,0,0,0,0,0,0,0,0,0,0,0,0,0,0,0,0,0,0,0,0,0,0,2026-08-27 16:47:15.577494+00,2026-08-27 16:47:15.577494+00
10,16384,t,-7032599597860184240,"FETCH 50 IN ""query-cursor_139""",0,0,0,0,0,0,19,0.07074799999999999,0.002786,0.015298,0.0037235789473684206,0.00278151267659939,950,0,0,0,0,0,0,0,0,0,0,0,0,0,0,0,0,0,0,0,0,0,0,0,0,0,0,0,0,0,2026-08-27 15:46:15.575839+00,2026-08-27 15:46:15.575839+00
10,16384,t,118431917173145806,"DECLARE ""query-cursor_57"" SCROLL CURSOR FOR select queryid, left(query, $1), calls, (total_plan_time + total_exec_time) as total_time from aurora_stat_statements($2) order by calls desc limit $3 FOR READ ONLY",0,0,0,0,0,0,1,0.071098,0.071098,0.071098,0.071098,0,0,0,0,0,0,0,0,0,0,0,0,0,0,0,0,0,0,0,0,0,0,0,0,0,0,0,0,0,0,0,2026-08-27 14:24:15.567958+00,2026-08-27 14:24:15.567958+00
10,16384,t,-8547696230112815836,"MOVE ALL IN ""query-cursor_178""",0,0,0,0,0,0,1,4.713169,4.713169,4.713169,4.713169,0,0,0,0,0,0,0,0,0,0,0,0,0,0,0,0,0,0,0,0,0,0,0,0,0,0,0,0,0,0,0,2026-08-27 16:35:15.581324+00,2026-08-27 16:35:15.581324+00
10,16384,t,1329412739268078592,"DECLARE ""query-cursor_111"" SCROLL CURSOR FOR select queryid, left(query, $1), calls, (total_plan_time + total_exec_time) as total_time from aurora_stat_statements($2) order by calls desc limit $3 FOR READ ONLY",0,0,0,0,0,0,1,0.058303,0.058303,0.058303,0.058303,0,0,0,0,0,0,0,0,0,0,0,0,0,0,0,0,0,0,0,0,0,0,0,0,0,0,0,0,0,0,0,2026-08-27 15:18:15.571604+00,2026-08-27 15:18:15.571604+00
10,16384,t,2212632237223636649,"DECLARE ""query-cursor_112"" SCROLL CURSOR FOR select queryid, left(query, $1), calls, (total_plan_time + total_exec_time) as total_time from aurora_stat_statements($2) order by calls desc limit $3 FOR READ ONLY",0,0,0,0,0,0,1,0.060005,0.060005,0.060005,0.060005,0,0,0,0,0,0,0,0,0,0,0,0,0,0,0,0,0,0,0,0,0,0,0,0,0,0,0,0,0,0,0,2026-08-27 15:19:15.57165+00,2026-08-27 15:19:15.57165+00
10,16384,t,8832492641734918245,"FETCH 50 IN ""query-cursor_164""",0,0,0,0,0,0,35,0.14835099999999996,0.002802,0.006706,0.004238599999999999,0.0011243757684028185,1750,0,0,0,0,0,0,0,0,0,0,0,0,0,0,0,0,0,0,0,0,0,0,0,0,0,0,0,0,0,2026-08-27 16:20:15.580422+00,2026-08-27 16:20:15.580422+00
10,16384,t,295705631616282544,"FETCH 50 IN ""query-cursor_120""",0,0,0,0,0,0,17,0.06872500000000001,0.002573,0.019971,0.00404264705882353,0.004019985980970237,850,0,0,0,0,0,0,0,0,0,0,0,0,0,0,0,0,0,0,0,0,0,0,0,0,0,0,0,0,0,2026-08-27 15:27:15.574224+00,2026-08-27 15:27:15.574224+00
16410,16412,t,-3111972945363663546,"SELECT RES_ENT_ID,LIB_FEAT_ID,FTYPE_ID,UTYPE_CODE,SUPPRESSED,OBS_ENT_CNT FROM RES_FEAT_EKEY WHERE RES_ENT_ID IN ($1,$2,$3,$4,$5,$6,$7,$8,$9,$10,$11,$12,$13,$14,$15,$16,$17,$18,$19,$20,$21,$22,$23,$24,$25,$26,$27,$28,$29,$30,$31,$32) AND FTYPE_ID IN ($33,$34,$35,$36,$37,$38,$39,$40,$41)",0,0,0,0,0,0,2210,3686.5428389999997,0.25429,153.428023,1.668118931674208,6.705497710087473,948180,203359,0,0,0,0,0,0,0,0,0,0,0,0,0,0,0,0,0,0,0,0,0,0,0,0,0,0,0,0,2026-08-27 15:51:00.045227+00,2026-08-27 15:51:00.045227+00
10,16384,t,-9099247610155177115,"MOVE ALL IN ""query-cursor_215""",0,0,0,0,0,0,1,5.513047,5.513047,5.513047,5.513047,0,0,0,0,0,0,0,0,0,0,0,0,0,0,0,0,0,0,0,0,0,0,0,0,0,0,0,0,0,0,0,2026-08-27 17:12:15.584806+00,2026-08-27 17:12:15.584806+00
10,16384,t,7596507062735783692,"select extract($1 from now() - min(xact_start)) as longest_open_transaction, extract($2 from now() - min(query_start)) as longest_running_query from pg_stat_activity",0,0,0,0,0,0,245,836.1255259999998,0.155991,121.670336,3.412757248979591,8.66611681031421,245,0,0,0,0,0,0,0,0,0,0,0,0,0,0,0,0,0,0,0,0,0,0,0,0,0,0,0,0,0,2026-08-27 13:28:15.107865+00,2026-08-27 13:28:15.107865+00
10,16384,t,-9145934811970939449,"DECLARE ""query-cursor_216"" SCROLL CURSOR FOR select queryid, left(query, $1), calls, (total_plan_time + total_exec_time) as total_time from aurora_stat_statements($2) order by calls desc limit $3 FOR READ ONLY",0,0,0,0,0,0,1,0.065685,0.065685,0.065685,0.065685,0,0,0,0,0,0,0,0,0,0,0,0,0,0,0,0,0,0,0,0,0,0,0,0,0,0,0,0,0,0,0,2026-08-27 17:13:15.57927+00,2026-08-27 17:13:15.57927+00
10,16384,t,4624829766730976726,"MOVE -688 IN ""query-cursor_89""",0,0,0,0,0,0,1,0.014363,0.014363,0.014363,0.014363,0,0,0,0,0,0,0,0,0,0,0,0,0,0,0,0,0,0,0,0,0,0,0,0,0,0,0,0,0,0,0,2026-08-27 14:56:15.571437+00,2026-08-27 14:56:15.571437+00
10,16384,t,-2434095241454973954,"MOVE -368 IN ""query-cursor_37""",0,0,0,0,0,0,1,0.009295,0.009295,0.009295,0.009295,0,0,0,0,0,0,0,0,0,0,0,0,0,0,0,0,0,0,0,0,0,0,0,0,0,0,0,0,0,0,0,2026-08-27 14:04:15.567505+00,2026-08-27 14:04:15.567505+00
10,16384,t,4374309224247351077,"FETCH 50 IN ""query-cursor_181""",0,0,0,0,0,0,37,0.14166800000000002,0.002789,0.008755,0.0038288648648648655,0.0012281902344542415,1850,0,0,0,0,0,0,0,0,0,0,0,0,0,0,0,0,0,0,0,0,0,0,0,0,0,0,0,0,0,2026-08-27 16:38:15.581619+00,2026-08-27 16:38:15.581619+00
10,16384,t,-3303038665045707933,"MOVE ALL IN ""query-cursor_129""",0,0,0,0,0,0,1,2.030983,2.030983,2.030983,2.030983,0,0,0,0,0,0,0,0,0,0,0,0,0,0,0,0,0,0,0,0,0,0,0,0,0,0,0,0,0,0,0,2026-08-27 15:36:15.575052+00,2026-08-27 15:36:15.575052+00
16410,16412,t,882733795946251554,"SELECT RES_ENT_ID,LIB_FEAT_ID,FTYPE_ID,UTYPE_CODE,SUPPRESSED,OBS_ENT_CNT FROM RES_FEAT_EKEY WHERE RES_ENT_ID IN ($1,$2) AND FTYPE_ID IN ($3,$4,$5,$6,$7,$8,$9,$10,$11,$12,$13,$14,$15,$16,$17,$18,$19,$20,$21,$22)",0,0,0,0,0,0,103,45.77842100000001,0.039339,10.135105,0.44445068932038845,1.4165320141476176,38339,1261,0,0,0,0,0,0,0,0,0,0,0,0,0,0,0,0,0,0,0,0,0,0,0,0,0,0,0,0,2026-08-27 15:50:52.283673+00,2026-08-27 15:50:52.283673+00
10,16384,t,8124550878189347883,"DECLARE ""query-cursor_133"" SCROLL CURSOR FOR select queryid, left(query, $1), calls, (total_plan_time + total_exec_time) as total_time from aurora_stat_statements($2) order by calls desc limit $3 FOR READ ONLY",0,0,0,0,0,0,1,0.065457,0.065457,0.065457,0.065457,0,0,0,0,0,0,0,0,0,0,0,0,0,0,0,0,0,0,0,0,0,0,0,0,0,0,0,0,0,0,0,2026-08-27 15:40:15.573199+00,2026-08-27 15:40:15.573199+00
16410,16412,t,-6930211739579768060,ROLLBACK,0,0,0,0,0,0,947,2.0741650000000025,0.000893,0.02295,0.0021902481520591367,0.001720843672989585,0,0,0,0,0,0,0,0,0,0,0,0,0,0,0,0,0,0,0,0,0,0,0,0,0,0,0,0,0,0,2026-08-27 15:56:54.418629+00,2026-08-27 15:56:54.418629+00
10,16384,t,-6587650820382092099,"FETCH 29 IN ""query-cursor_222""",0,0,0,0,0,0,1,0.002807,0.002807,0.002807,0.002807,0,29,0,0,0,0,0,0,0,0,0,0,0,0,0,0,0,0,0,0,0,0,0,0,0,0,0,0,0,0,0,2026-08-27 17:19:15.598082+00,2026-08-27 17:19:15.598082+00
10,16384,t,-8672561780472567711,"FETCH 0 IN ""query-cursor_189""",0,0,0,0,0,0,1,0.003594,0.003594,0.003594,0.003594,0,0,0,0,0,0,0,0,0,0,0,0,0,0,0,0,0,0,0,0,0,0,0,0,0,0,0,0,0,0,0,2026-08-27 16:46:15.577471+00,2026-08-27 16:46:15.577471+00
16410,16412,t,-8417591579450839057,"SELECT RES_ENT_ID,ENT_STATE,LOCKING_ID FROM RES_ENT WHERE RES_ENT_ID IN ($1,$2,$3,$4,$5,$6,$7,$8,$9,$10,$11,$12,$13,$14,$15,$16,$17,$18,$19,$20,$21,$22,$23,$24,$25,$26,$27,$28,$29,$30,$31,$32)",0,0,0,0,0,0,57065,10898.794903000025,0.040414000000000005,47.862709,0.19098913349688995,0.7222445887984367,1274402,5190561,0,0,0,0,0,0,0,0,0,0,0,0,0,0,0,0,0,0,0,0,0,0,0,0,0,0,0,0,2026-08-27 15:50:49.436008+00,2026-08-27 15:50:49.436008+00
10,16384,t,2275557563300527161,"FETCH 47 IN ""query-cursor_225""",0,0,0,0,0,0,1,0.004047,0.004047,0.004047,0.004047,0,47,0,0,0,0,0,0,0,0,0,0,0,0,0,0,0,0,0,0,0,0,0,0,0,0,0,0,0,0,0,2026-08-27 17:22:15.59853+00,2026-08-27 17:22:15.59853+00
10,16384,t,150800671882269673,"FETCH 0 IN ""query-cursor_169""",0,0,0,0,0,0,1,0.004002,0.004002,0.004002,0.004002,0,0,0,0,0,0,0,0,0,0,0,0,0,0,0,0,0,0,0,0,0,0,0,0,0,0,0,0,0,0,0,2026-08-27 16:26:15.575939+00,2026-08-27 16:26:15.575939+00
10,16384,t,3829598301340523921,"MOVE -404 IN ""query-cursor_43""",0,0,0,0,0,0,1,0.010112,0.010112,0.010112,0.010112,0,0,0,0,0,0,0,0,0,0,0,0,0,0,0,0,0,0,0,0,0,0,0,0,0,0,0,0,0,0,0,2026-08-27 14:10:15.568036+00,2026-08-27 14:10:15.568036+00
16410,16412,t,1711874022318864854,"SELECT RES_ENT_ID,LIB_FEAT_ID,FTYPE_ID,UTYPE_CODE,SUPPRESSED,OBS_ENT_CNT FROM RES_FEAT_EKEY WHERE RES_ENT_ID IN ($1,$2,$3,$4,$5,$6,$7,$8) AND FTYPE_ID IN ($9,$10,$11,$12,$13,$14,$15,$16,$17,$18,$19,$20,$21,$22,$23,$24,$25,$26,$27,$28,$29,$30,$31)",0,0,0,0,0,0,31,112.928818,0.37515200000000004,18.409993999999998,3.6428650967741936,4.793482299662811,108474,1872,0,0,0,0,0,0,0,0,0,0,0,0,0,0,0,0,0,0,0,0,0,0,0,0,0,0,0,0,2026-08-27 15:50:52.316383+00,2026-08-27 15:50:52.316383+00
10,16384,t,121873202695487710,"FETCH 0 IN ""query-cursor_59""",0,0,0,0,0,0,1,0.003638,0.003638,0.003638,0.003638,0,0,0,0,0,0,0,0,0,0,0,0,0,0,0,0,0,0,0,0,0,0,0,0,0,0,0,0,0,0,0,2026-08-27 14:26:15.568114+00,2026-08-27 14:26:15.568114+00
16410,16412,t,8905256625330526101,"SELECT RES_ENT_ID,LIB_FEAT_ID,FTYPE_ID,UTYPE_CODE,SUPPRESSED,OBS_ENT_CNT FROM RES_FEAT_EKEY WHERE RES_ENT_ID IN ($1) AND FTYPE_ID IN ($2,$3,$4,$5,$6,$7,$8,$9,$10,$11,$12,$13,$14,$15,$16,$17,$18,$19,$20,$21,$22,$23,$24,$25,$26,$27,$28,$29,$30,$31,$32,$33,$34,$35,$36,$37,$38,$39,$40,$41,$42,$43,$44,$45,$46,$47,$48,$49,$50,$51,$52,$53)",0,0,0,0,0,0,13,1.6190330000000002,0.008504,0.824958,0.12454100000000001,0.21520034101023883,10,85,0,0,0,0,0,0,0,0,0,0,0,0,0,0,0,0,0,0,0,0,0,0,0,0,0,0,0,0,2026-08-27 15:52:01.854728+00,2026-08-27 15:52:01.854728+00
16410,16412,t,2385353598640713411,"SELECT RES_ENT_ID,LIB_FEAT_ID,FTYPE_ID,UTYPE_CODE,SUPPRESSED,OBS_ENT_CNT FROM RES_FEAT_EKEY WHERE RES_ENT_ID IN ($1,$2,$3,$4,$5,$6,$7,$8,$9,$10,$11,$12,$13,$14,$15,$16,$17,$18,$19,$20,$21,$22,$23,$24,$25,$26,$27,$28,$29,$30,$31,$32,$33,$34,$35,$36,$37,$38,$39,$40,$41,$42,$43,$44,$45,$46,$47,$48,$49,$50,$51,$52,$53,$54,$55,$56,$57,$58,$59,$60,$61,$62,$63,$64,$65,$66,$67,$68,$69,$70,$71,$72,$73,$74,$75,$76,$77,$78,$79,$80,$81,$82,$83,$84,$85,$86,$87,$88) AND FTYPE_ID IN ($89,$90,$91,$92,$93,$94,$95,$96,$97,$98,$99,$100)",0,0,0,0,0,0,285,30055.10406900001,3.648911,1244.175899,105.4565055052632,138.65726224637066,14750018,325830,0,0,0,0,0,0,0,0,0,0,0,0,0,0,0,0,0,0,0,0,0,0,0,0,0,0,0,0,2026-08-27 15:51:13.603481+00,2026-08-27 15:51:13.603481+00
10,16384,t,-7891031848174433651,"MOVE -273 IN ""query-cursor_21""",0,0,0,0,0,0,1,0.00753,0.00753,0.00753,0.00753,0,0,0,0,0,0,0,0,0,0,0,0,0,0,0,0,0,0,0,0,0,0,0,0,0,0,0,0,0,0,0,2026-08-27 13:48:15.566125+00,2026-08-27 13:48:15.566125+00
16410,16412,t,-3412172687818944753,"SELECT RES_ENT_ID,LIB_FEAT_ID,FTYPE_ID,UTYPE_CODE,SUPPRESSED,OBS_ENT_CNT FROM RES_FEAT_EKEY WHERE RES_ENT_ID IN ($1) AND FTYPE_ID IN ($2,$3,$4,$5,$6,$7,$8,$9,$10,$11,$12,$13,$14)",0,0,0,0,0,0,7326,1156.439037,0.014757,71.018906,0.15785408640458642,1.3786042844918067,356352,34842,0,0,0,0,0,0,0,0,0,0,0,0,0,0,0,0,0,0,0,0,0,0,0,0,0,0,0,0,2026-08-27 15:50:47.488017+00,2026-08-27 15:50:47.488017+00
10,16384,t,-2600476208007046013,"DECLARE ""query-cursor_191"" SCROLL CURSOR FOR select queryid, left(query, $1), calls, (total_plan_time + total_exec_time) as total_time from aurora_stat_statements($2) order by calls desc limit $3 FOR READ ONLY",0,0,0,0,0,0,1,0.064227,0.064227,0.064227,0.064227,0,0,0,0,0,0,0,0,0,0,0,0,0,0,0,0,0,0,0,0,0,0,0,0,0,0,0,0,0,0,0,2026-08-27 16:48:15.57761+00,2026-08-27 16:48:15.57761+00
16410,16412,t,-6061483510791473762,"INSERT INTO RES_FEAT_STAT(LIB_FEAT_ID,FTYPE_ID,NUM_RES_ENT,NUM_RES_ENT_OOM,CANDIDATE_CAP_REACHED,SCORING_CAP_REACHED) VALUES ($1,$2,$3,$4,$5,$6) ON CONFLICT DO NOTHING",0,0,0,0,0,0,1064,298.59089499999936,0.01962,40.844811,0.28063054041353325,1.7487754405299143,1064,10378,0,0,0,0,0,0,0,0,0,0,0,0,0,0,0,0,0,0,0,0,0,0,0,0,0,0,0,0,2026-08-27 15:58:00.488476+00,2026-08-27 15:58:00.488476+00
10,16384,t,8907853336190723962,"MOVE -886 IN ""query-cursor_122""",0,0,0,0,0,0,1,0.017554,0.017554,0.017554,0.017554,0,0,0,0,0,0,0,0,0,0,0,0,0,0,0,0,0,0,0,0,0,0,0,0,0,0,0,0,0,0,0,2026-08-27 15:29:15.574386+00,2026-08-27 15:29:15.574386+00
10,16384,t,-7233062012449396736,select pg_current_xact_id() as xid_generation_rate,0,0,0,0,0,0,245,1.4556879999999996,0.003317,0.025016,0.0059415836734693864,0.003264009793611943,245,0,0,0,0,0,0,0,0,0,0,0,0,0,0,0,0,0,0,0,0,0,0,0,0,0,0,0,0,0,2026-08-27 13:28:15.127829+00,2026-08-27 13:28:15.127829+00
10,16384,t,1008017320610894849,"MOVE -2220 IN ""query-cursor_237""",0,0,0,0,0,0,1,0.042534,0.042534,0.042534,0.042534,0,0,0,0,0,0,0,0,0,0,0,0,0,0,0,0,0,0,0,0,0,0,0,0,0,0,0,0,0,0,0,2026-08-27 17:34:15.586706+00,2026-08-27 17:34:15.586706+00
10,16384,t,6430857090234871036,"FETCH 40 IN ""query-cursor_182""",0,0,0,0,0,0,1,0.00629,0.00629,0.00629,0.00629,0,40,0,0,0,0,0,0,0,0,0,0,0,0,0,0,0,0,0,0,0,0,0,0,0,0,0,0,0,0,0,2026-08-27 16:39:15.59916+00,2026-08-27 16:39:15.59916+00
10,16384,t,-3042137849420442632,"FETCH 0 IN ""query-cursor_40""",0,0,0,0,0,0,1,0.004069,0.004069,0.004069,0.004069,0,0,0,0,0,0,0,0,0,0,0,0,0,0,0,0,0,0,0,0,0,0,0,0,0,0,0,0,0,0,0,2026-08-27 14:07:15.566777+00,2026-08-27 14:07:15.566777+00
10,16384,t,-5262770432843725500,"FETCH 0 IN ""query-cursor_210""",0,0,0,0,0,0,1,0.003443,0.003443,0.003443,0.003443,0,0,0,0,0,0,0,0,0,0,0,0,0,0,0,0,0,0,0,0,0,0,0,0,0,0,0,0,0,0,0,2026-08-27 17:07:15.578856+00,2026-08-27 17:07:15.578856+00
10,16384,t,2491253168980130121,"FETCH 0 IN ""query-cursor_190""",0,0,0,0,0,0,1,0.003179,0.003179,0.003179,0.003179,0,0,0,0,0,0,0,0,0,0,0,0,0,0,0,0,0,0,0,0,0,0,0,0,0,0,0,0,0,0,0,2026-08-27 16:47:15.577536+00,2026-08-27 16:47:15.577536+00
10,16384,t,-4442955528627619855,"FETCH 50 IN ""query-cursor_153""",0,0,0,0,0,0,33,0.5575260000000001,0.010929,0.027021,0.016894727272727277,0.005016469139004997,1650,0,0,0,0,0,0,0,0,0,0,0,0,0,0,0,0,0,0,0,0,0,0,0,0,0,0,0,0,0,2026-08-27 16:01:16.261074+00,2026-08-27 16:01:16.261074+00
10,16384,t,-3553147044182136867,"FETCH 35 IN ""query-cursor_198""",0,0,0,0,0,0,1,0.003075,0.003075,0.003075,0.003075,0,35,0,0,0,0,0,0,0,0,0,0,0,0,0,0,0,0,0,0,0,0,0,0,0,0,0,0,0,0,0,2026-08-27 16:55:15.595585+00,2026-08-27 16:55:15.595585+00
16410,16412,t,-9220974224130986890,"INSERT INTO RES_REL_EKEY(RES_REL_ID,RES_ENT_ID,REL_ENT_ID) VALUES ($1,$2,$3),($4,$5,$6),($7,$8,$9),($10,$11,$12),($13,$14,$15),($16,$17,$18) ON CONFLICT DO NOTHING",0,0,0,0,0,0,20810,33298.24385699999,0.067481,131.58028299999998,1.6001078259010084,5.545540312926942,124856,1007988,0,0,1428,0,0,0,0,0,0,0,105.71084899999988,0,0,0,0,0,0,0,0,0,0,0,0,0,0,0,0,0,2026-08-27 15:50:49.994893+00,2026-08-27 15:50:49.994893+00
10,16384,t,8822040433688618972,ALTER ROLE rdsadmin SET idle_session_timeout = $1,0,0,0,0,0,0,1,0.108734,0.108734,0.108734,0.108734,0,0,5,0,0,0,0,0,0,0,0,0,0,0,0,0,0,0,0,0,0,0,0,0,0,0,0,0,0,0,0,2026-08-27 13:30:19.00841+00,2026-08-27 13:30:19.00841+00
16410,16412,t,-1885023123825823682,"SELECT RES_REL_ID,MIN_RES_ENT_ID,MAX_RES_ENT_ID,IS_DISCLOSED,IS_AMBIGUOUS,LAST_ERRULE_ID,MATCH_LEVELS,MATCH_KEY,MATCH_KEY_DETAILS FROM RES_RELATE WHERE RES_REL_ID IN ($1,$2,$3,$4,$5,$6,$7,$8,$9,$10,$11,$12,$13,$14,$15,$16)",0,0,0,0,0,0,61290,5291.862434999967,0.014985,33.300797,0.08634136784140915,0.4325768507621825,698688,1725711,0,0,0,0,0,0,0,0,0,0,0,0,0,0,0,0,0,0,0,0,0,0,0,0,0,0,0,0,2026-08-27 15:51:00.725089+00,2026-08-27 15:51:00.725089+00
10,16384,t,8751717309514896276,"FETCH 0 IN ""query-cursor_200""",0,0,0,0,0,0,1,0.003591,0.003591,0.003591,0.003591,0,0,0,0,0,0,0,0,0,0,0,0,0,0,0,0,0,0,0,0,0,0,0,0,0,0,0,0,0,0,0,2026-08-27 16:57:15.578311+00,2026-08-27 16:57:15.578311+00
16410,16412,t,3715268245331517259,"SELECT LIB_FEAT_ID,NUM_RES_ENT,NUM_RES_ENT_OOM,CANDIDATE_CAP_REACHED,SCORING_CAP_REACHED FROM RES_FEAT_STAT WHERE LIB_FEAT_ID IN ($1,$2)",0,0,0,0,0,0,302135,20552.961482999737,0.006202999999999999,64.97409499999999,0.06802575498700825,0.43821653053187304,603872,4644009,0,0,0,0,0,0,0,0,0,0,0,0,0,0,0,0,0,0,0,0,0,0,0,0,0,0,0,0,2026-08-27 15:50:47.124988+00,2026-08-27 15:50:47.124988+00
10,16384,t,-6850611014674352812,"FETCH 0 IN ""query-cursor_203""",0,0,0,0,0,0,1,0.003241,0.003241,0.003241,0.003241,0,0,0,0,0,0,0,0,0,0,0,0,0,0,0,0,0,0,0,0,0,0,0,0,0,0,0,0,0,0,0,2026-08-27 17:00:15.578399+00,2026-08-27 17:00:15.578399+00
10,16384,t,3368439877148107517,"MOVE ALL IN ""query-cursor_96""",0,0,0,0,0,0,1,1.592847,1.592847,1.592847,1.592847,0,0,0,0,0,0,0,0,0,0,0,0,0,0,0,0,0,0,0,0,0,0,0,0,0,0,0,0,0,0,0,2026-08-27 15:03:15.572341+00,2026-08-27 15:03:15.572341+00
10,16384,t,-4689307100815315996,"MOVE ALL IN ""query-cursor_176""",0,0,0,0,0,0,1,5.062597,5.062597,5.062597,5.062597,0,0,0,0,0,0,0,0,0,0,0,0,0,0,0,0,0,0,0,0,0,0,0,0,0,0,0,0,0,0,0,2026-08-27 16:33:15.581676+00,2026-08-27 16:33:15.581676+00
10,16384,t,-3421399741090839274,"FETCH 0 IN ""query-cursor_116""",0,0,0,0,0,0,1,0.003386,0.003386,0.003386,0.003386,0,0,0,0,0,0,0,0,0,0,0,0,0,0,0,0,0,0,0,0,0,0,0,0,0,0,0,0,0,0,0,2026-08-27 15:23:15.572015+00,2026-08-27 15:23:15.572015+00
16410,16412,t,8047262180899210602,"COPY  ( SELECT date_trunc ( 'minute' , first_seen_dt ) AS time, count ( * ) AS inserts_per_minute FROM dsrc_record GROUP BY time ORDER BY time DESC ) TO STDOUT WITH CSV HEADER",0,0,0,0,0,0,1,284.625234,284.625234,284.625234,284.625234,0,19,38952,0,0,0,0,0,0,0,1464,1469,0,0,0,0,2.092602,5.944945,0,0,0,0,0,0,0,0,0,0,0,0,0,2026-08-27 17:43:10.421979+00,2026-08-27 17:43:10.421979+00
16410,16412,t,2625727878398150951,SELECT CODE FROM SYS_CODES_USED WHERE CODE_TYPE=$1 AND CODE=$2,0,0,0,0,0,0,1521,35.50422400000002,0.006917,0.09601900000000001,0.023342685075608167,0.01049374970948202,1521,4343,0,0,0,0,0,0,0,0,0,0,0,0,0,0,0,0,0,0,0,0,0,0,0,0,0,0,0,0,2026-08-27 15:50:46.787074+00,2026-08-27 15:50:46.787074+00
10,16384,t,-2264318040145547271,"MOVE ALL IN ""query-cursor_65""",0,0,0,0,0,0,1,1.178681,1.178681,1.178681,1.178681,0,0,0,0,0,0,0,0,0,0,0,0,0,0,0,0,0,0,0,0,0,0,0,0,0,0,0,0,0,0,0,2026-08-27 14:32:15.569715+00,2026-08-27 14:32:15.569715+00
16410,16412,t,-3473788582042848741,"UPDATE RES_FEAT_STAT AS T SET FTYPE_ID=C.FTYPE_ID,NUM_RES_ENT=C.NUM_RES_ENT_NEW,NUM_RES_ENT_OOM=C.NUM_RES_ENT_OOM_NEW FROM (VALUES (CAST ($1 AS BIGINT),CAST ($2 AS INT),CAST ($3 AS BIGINT),CAST ($4 AS BIGINT),CAST ($5 AS BIGINT),CAST ($6 AS BIGINT))) AS C(LIB_FEAT_ID,FTYPE_ID,NUM_RES_ENT_OLD,NUM_RES_ENT_OOM_OLD,NUM_RES_ENT_NEW,NUM_RES_ENT_OOM_NEW) WHERE C.LIB_FEAT_ID=T.LIB_FEAT_ID AND C.NUM_RES_ENT_OLD=T.NUM_RES_ENT AND C.NUM_RES_ENT_OOM_OLD=T.NUM_RES_ENT_OOM",0,0,0,0,0,0,9470,1867904.1431980026,0.006096,9130.283070000001,197.2443657020066,870.1478523980747,4156,343698,0,0,9,0,0,0,0,0,0,0,0.089563,0,0,0,0,0,0,0,0,0,0,0,0,0,0,0,0,0,2026-08-27 15:50:54.193473+00,2026-08-27 15:50:54.193473+00
16410,16412,t,7516005703947328736,"SELECT RES_ENT_ID,LIB_FEAT_ID,FTYPE_ID,UTYPE_CODE,SUPPRESSED,OBS_ENT_CNT FROM RES_FEAT_EKEY WHERE RES_ENT_ID IN ($1) AND FTYPE_ID IN ($2,$3,$4,$5,$6,$7,$8,$9,$10,$11,$12,$13,$14,$15,$16,$17,$18,$19,$20,$21,$22,$23,$24,$25,$26,$27,$28,$29,$30,$31,$32,$33,$34,$35,$36,$37,$38,$39,$40,$41,$42,$43,$44,$45,$46,$47,$48,$49)",0,0,0,0,0,0,2,0.15867499999999998,0.058894999999999996,0.09978,0.07933749999999999,0.020442499999999995,0,19,0,0,0,0,0,0,0,0,0,0,0,0,0,0,0,0,0,0,0,0,0,0,0,0,0,0,0,0,2026-08-27 15:56:51.451284+00,2026-08-27 15:56:51.451284+00
10,16384,t,-482410834621602298,"FETCH 50 IN ""query-cursor_104""",0,0,0,0,0,0,15,0.052068,0.002814,0.005469,0.0034712000000000002,0.0008475592565321514,750,0,0,0,0,0,0,0,0,0,0,0,0,0,0,0,0,0,0,0,0,0,0,0,0,0,0,0,0,0,2026-08-27 15:11:15.573012+00,2026-08-27 15:11:15.573012+00
16410,16412,t,8340832194538768249,"SELECT RES_ENT_ID,LIB_FEAT_ID,FTYPE_ID,UTYPE_CODE,SUPPRESSED,OBS_ENT_CNT FROM RES_FEAT_EKEY WHERE RES_ENT_ID IN ($1,$2,$3,$4,$5,$6,$7,$8,$9,$10,$11,$12,$13,$14,$15,$16,$17,$18,$19,$20,$21,$22,$23,$24,$25,$26,$27,$28,$29,$30,$31,$32,$33,$34,$35,$36,$37,$38,$39,$40,$41,$42,$43,$44,$45,$46,$47,$48,$49,$50,$51,$52,$53,$54,$55,$56,$57,$58,$59,$60,$61,$62,$63,$64,$65,$66,$67,$68,$69,$70,$71,$72,$73,$74,$75,$76,$77,$78,$79,$80) AND FTYPE_ID IN ($81,$82,$83,$84,$85,$86,$87,$88,$89,$90,$91,$92,$93,$94,$95,$96,$97,$98,$99,$100)",0,0,0,0,0,0,84,17140.68847,7.333870999999999,1014.3596479999999,204.05581511904762,186.29488840461025,8293308,126783,0,0,0,0,0,0,0,0,0,0,0,0,0,0,0,0,0,0,0,0,0,0,0,0,0,0,0,0,2026-08-27 15:51:08.804052+00,2026-08-27 15:51:08.804052+00
16410,16412,t,2671560280743973481,"SELECT RES_ENT_ID,LIB_FEAT_ID,FTYPE_ID,UTYPE_CODE,SUPPRESSED,OBS_ENT_CNT FROM RES_FEAT_EKEY WHERE RES_ENT_ID IN ($1,$2,$3,$4,$5,$6,$7,$8,$9,$10,$11,$12,$13,$14,$15,$16,$17,$18,$19,$20,$21,$22,$23,$24,$25,$26,$27,$28,$29,$30,$31,$32) AND FTYPE_ID IN ($33,$34,$35,$36,$37,$38,$39,$40,$41,$42,$43,$44,$45,$46,$47,$48,$49,$50,$51,$52,$53,$54,$55,$56,$57)",0,0,0,0,0,0,62,1639.737627,3.773798,180.813468,26.44738108064516,31.47602533315981,1394855,20693,0,0,0,0,0,0,0,0,0,0,0,0,0,0,0,0,0,0,0,0,0,0,0,0,0,0,0,0,2026-08-27 15:50:58.162108+00,2026-08-27 15:50:58.162108+00
10,16384,t,-2996319875308670898,"MOVE ALL IN ""query-cursor_64""",0,0,0,0,0,0,1,1.133342,1.133342,1.133342,1.133342,0,0,0,0,0,0,0,0,0,0,0,0,0,0,0,0,0,0,0,0,0,0,0,0,0,0,0,0,0,0,0,2026-08-27 14:31:15.569646+00,2026-08-27 14:31:15.569646+00
10,16384,t,5118906703683446954,"MOVE -568 IN ""query-cursor_69""",0,0,0,0,0,0,1,0.012913,0.012913,0.012913,0.012913,0,0,0,0,0,0,0,0,0,0,0,0,0,0,0,0,0,0,0,0,0,0,0,0,0,0,0,0,0,0,0,2026-08-27 14:36:15.570078+00,2026-08-27 14:36:15.570078+00
16410,16412,t,3294368909607146857,"INSERT INTO RES_REL_EKEY(RES_REL_ID,RES_ENT_ID,REL_ENT_ID) VALUES ($1,$2,$3),($4,$5,$6),($7,$8,$9),($10,$11,$12),($13,$14,$15),($16,$17,$18),($19,$20,$21),($22,$23,$24),($25,$26,$27),($28,$29,$30),($31,$32,$33),($34,$35,$36),($37,$38,$39),($40,$41,$42),($43,$44,$45),($46,$47,$48),($49,$50,$51) ON CONFLICT DO NOTHING",0,0,0,0,0,0,86,244.88582899999997,0.17548,55.517758,2.8475096395348833,9.649087741422685,1462,11579,0,0,8,0,0,0,0,0,0,0,0.07779900000000001,0,0,0,0,0,0,0,0,0,0,0,0,0,0,0,0,0,2026-08-27 15:52:00.42062+00,2026-08-27 15:52:00.42062+00
10,16384,t,-3962174738190597963,"FETCH 50 IN ""query-cursor_40""",0,0,0,0,0,0,7,0.023807,0.002806,0.005382,0.003401,0.0008465918227137056,350,0,0,0,0,0,0,0,0,0,0,0,0,0,0,0,0,0,0,0,0,0,0,0,0,0,0,0,0,0,2026-08-27 14:07:15.567762+00,2026-08-27 14:07:15.567762+00
10,16384,t,-8800286897835722974,"FETCH 50 IN ""query-cursor_146""",0,0,0,0,0,0,31,0.17711000000000005,0.002973,0.012487,0.005713225806451614,0.0027478693764991396,1550,0,0,0,0,0,0,0,0,0,0,0,0,0,0,0,0,0,0,0,0,0,0,0,0,0,0,0,0,0,2026-08-27 15:53:15.57953+00,2026-08-27 15:53:15.57953+00
16410,16412,t,2382167464455905767,"DELETE FROM RES_REL_EKEY WHERE (RES_ENT_ID,REL_ENT_ID,RES_REL_ID) IN (($1,$2,$3),($4,$5,$6),($7,$8,$9),($10,$11,$12),($13,$14,$15),($16,$17,$18),($19,$20,$21),($22,$23,$24),($25,$26,$27),($28,$29,$30),($31,$32,$33),($34,$35,$36),($37,$38,$39),($40,$41,$42),($43,$44,$45),($46,$47,$48),($49,$50,$51),($52,$53,$54),($55,$56,$57),($58,$59,$60),($61,$62,$63),($64,$65,$66),($67,$68,$69),($70,$71,$72),($73,$74,$75),($76,$77,$78),($79,$80,$81),($82,$83,$84),($85,$86,$87),($88,$89,$90),($91,$92,$93),($94,$95,$96))",0,0,0,0,0,0,625,1104.1505379999994,0.105999,86.078191,1.766640860799999,6.673600870221796,13580,77298,0,0,0,0,0,0,0,0,0,0,0,0,0,0,0,0,0,0,0,0,0,0,0,0,0,0,0,0,2026-08-27 15:51:10.020741+00,2026-08-27 15:51:10.020741+00
16410,16412,t,459200535358153291,"SELECT RES_ENT_ID,LIB_FEAT_ID,FTYPE_ID,UTYPE_CODE,SUPPRESSED,OBS_ENT_CNT FROM RES_FEAT_EKEY WHERE RES_ENT_ID IN ($1) AND FTYPE_ID IN ($2,$3,$4,$5,$6,$7,$8)",0,0,0,0,0,0,13170,1068.9136680000029,0.012036,100.33094200000001,0.08116276902050136,1.1842138361929946,144483,56255,0,0,0,0,0,0,0,0,0,0,0,0,0,0,0,0,0,0,0,0,0,0,0,0,0,0,0,0,2026-08-27 15:50:49.600892+00,2026-08-27 15:50:49.600892+00
16410,16412,t,1284908075082418462,"CREATE TABLE SYS_HW_CHECK (LIB_FEAT_ID BIGINT NOT NULL, FTYPE_ID SMALLINT NOT NULL, VERSION SMALLINT NOT NULL, FEAT_HASH VARCHAR(40) NOT NULL, FEAT_DESC VARCHAR(150), FELEM_VALUES TEXT NOT NULL, ANONYMIZED CHAR(1) NOT NULL, PRIMARY KEY(FEAT_HASH, FTYPE_ID, ANONYMIZED))",0,0,0,0,0,0,1,6.559403,6.559403,6.559403,6.559403,0,0,424,0,0,0,0,0,0,0,0,0,0,0,0,0,0,0,0,0,0,0,0,0,0,0,0,0,0,0,0,2026-08-27 13:29:49.979759+00,2026-08-27 13:29:49.979759+00
10,16384,t,6795511765294252995,"FETCH 0 IN ""query-cursor_122""",0,0,0,0,0,0,1,0.00346,0.00346,0.00346,0.00346,0,0,0,0,0,0,0,0,0,0,0,0,0,0,0,0,0,0,0,0,0,0,0,0,0,0,0,0,0,0,0,2026-08-27 15:29:15.572413+00,2026-08-27 15:29:15.572413+00
10,16384,t,-999261268607815173,select sum(deadlocks) as num_deadlocks from pg_stat_database,0,0,0,0,0,0,256,6.370145000000006,0.016696,0.117891,0.024883378906250024,0.012197105798521889,256,256,0,0,0,0,0,0,0,0,0,0,0,0,0,0,0,0,0,0,0,0,0,0,0,0,0,0,0,0,2026-08-27 13:27:26.410054+00,2026-08-27 13:27:26.410054+00
16410,16412,t,4377814604407597006,"SELECT RES_REL_ID,MIN_RES_ENT_ID,MAX_RES_ENT_ID,IS_DISCLOSED,IS_AMBIGUOUS,LAST_ERRULE_ID,MATCH_LEVELS,MATCH_KEY,MATCH_KEY_DETAILS FROM RES_RELATE WHERE RES_REL_ID IN ($1,$2,$3,$4,$5,$6,$7,$8,$9,$10,$11,$12,$13,$14,$15,$16,$17,$18,$19,$20,$21,$22,$23,$24,$25,$26,$27,$28,$29,$30,$31,$32,$33,$34,$35,$36,$37,$38,$39,$40,$41,$42,$43,$44,$45,$46,$47,$48,$49,$50,$51,$52,$53,$54,$55,$56,$57,$58,$59,$60,$61,$62,$63,$64)",0,0,0,0,0,0,22415,6237.163226000013,0.039393,41.647897,0.27825845308944963,1.0810659500645141,1036176,2065923,0,0,0,0,0,0,0,0,0,0,0,0,0,0,0,0,0,0,0,0,0,0,0,0,0,0,0,0,2026-08-27 15:51:18.770626+00,2026-08-27 15:51:18.770626+00
16410,16412,t,-2714072032045466085,"SELECT LIB_FEAT_ID,FTYPE_ID,UTYPE_CODE,SUPPRESSED,OBS_ENT_CNT FROM RES_FEAT_EKEY WHERE RES_ENT_ID=$1 AND LIB_FEAT_ID IN ($2)",0,0,0,0,0,0,38917,749.9014490000018,0.004806,33.411932,0.019269251201274554,0.20680818645829768,20968,176639,0,0,0,0,0,0,0,0,0,0,0,0,0,0,0,0,0,0,0,0,0,0,0,0,0,0,0,0,2026-08-27 15:51:00.608756+00,2026-08-27 15:51:00.608756+00
10,16384,t,1279118621032791308,"MOVE ALL IN ""query-cursor_2""",0,0,0,0,0,0,1,0.180261,0.180261,0.180261,0.180261,0,0,0,0,0,0,0,0,0,0,0,0,0,0,0,0,0,0,0,0,0,0,0,0,0,0,0,0,0,0,0,2026-08-27 13:29:15.564232+00,2026-08-27 13:29:15.564232+00
16410,16412,t,8394794296652833771,"SELECT RES_ENT_ID,LIB_FEAT_ID,FTYPE_ID,UTYPE_CODE,SUPPRESSED,OBS_ENT_CNT FROM RES_FEAT_EKEY WHERE RES_ENT_ID IN ($1) AND FTYPE_ID IN ($2,$3,$4,$5,$6,$7,$8,$9,$10,$11,$12,$13,$14,$15,$16,$17,$18,$19,$20,$21,$22,$23,$24,$25,$26,$27,$28,$29,$30,$31,$32,$33,$34,$35,$36,$37,$38,$39,$40,$41,$42,$43,$44,$45,$46,$47,$48,$49,$50,$51,$52,$53,$54)",0,0,0,0,0,0,7,2.741726,0.025989,1.634819,0.39167514285714283,0.59468649486033,391,100,0,0,0,0,0,0,0,0,0,0,0,0,0,0,0,0,0,0,0,0,0,0,0,0,0,0,0,0,2026-08-27 15:54:34.895795+00,2026-08-27 15:54:34.895795+00
10,16384,t,-8920447358576804304,"DECLARE ""query-cursor_7"" SCROLL CURSOR FOR select queryid, left(query, $1), calls, (total_plan_time + total_exec_time) as total_time from aurora_stat_statements($2) order by calls desc limit $3 FOR READ ONLY",0,0,0,0,0,0,1,0.057416,0.057416,0.057416,0.057416,0,0,0,0,0,0,0,0,0,0,0,0,0,0,0,0,0,0,0,0,0,0,0,0,0,0,0,0,0,0,0,2026-08-27 13:34:15.564344+00,2026-08-27 13:34:15.564344+00
16410,16412,t,6768385697522271879,"SELECT RES_ENT_ID,LIB_FEAT_ID,FTYPE_ID,UTYPE_CODE,SUPPRESSED,OBS_ENT_CNT FROM RES_FEAT_EKEY WHERE RES_ENT_ID IN ($1) AND FTYPE_ID IN ($2,$3,$4,$5,$6,$7,$8,$9,$10,$11,$12,$13)",0,0,0,0,0,0,12744,1953.5122279999991,0.012883,166.727612,0.15328878123038286,1.8835156805941544,736790,64022,0,0,0,0,0,0,0,0,0,0,0,0,0,0,0,0,0,0,0,0,0,0,0,0,0,0,0,0,2026-08-27 15:50:47.133047+00,2026-08-27 15:50:47.133047+00
10,16384,t,3703336216749217835,"FETCH 0 IN ""query-cursor_134""",0,0,0,0,0,0,1,0.003284,0.003284,0.003284,0.003284,0,0,0,0,0,0,0,0,0,0,0,0,0,0,0,0,0,0,0,0,0,0,0,0,0,0,0,0,0,0,0,2026-08-27 15:41:15.573317+00,2026-08-27 15:41:15.573317+00
16410,16412,t,3519821244857895553,"SELECT RES_ENT_ID,LIB_FEAT_ID,FTYPE_ID,UTYPE_CODE,SUPPRESSED,OBS_ENT_CNT FROM RES_FEAT_EKEY WHERE RES_ENT_ID IN ($1,$2,$3,$4,$5,$6,$7,$8,$9,$10,$11,$12,$13,$14,$15,$16,$17,$18,$19,$20,$21,$22,$23,$24,$25,$26,$27,$28,$29,$30,$31,$32,$33,$34,$35,$36,$37,$38,$39,$40,$41,$42,$43,$44,$45,$46,$47,$48,$49,$50,$51,$52,$53,$54,$55,$56,$57,$58,$59,$60,$61,$62,$63,$64) AND FTYPE_ID IN ($65,$66,$67,$68,$69,$70,$71,$72,$73,$74,$75,$76,$77,$78,$79,$80,$81,$82,$83,$84)",0,0,0,0,0,0,173,15745.987075000003,1.530641,502.177762,91.01726632947978,109.89783357173741,7247148,117651,0,0,0,0,0,0,0,0,0,0,0,0,0,0,0,0,0,0,0,0,0,0,0,0,0,0,0,0,2026-08-27 15:51:06.629426+00,2026-08-27 15:51:06.629426+00
10,16384,t,1415078381127277322,"DECLARE ""query-cursor_124"" SCROLL CURSOR FOR select queryid, left(query, $1), calls, (total_plan_time + total_exec_time) as total_time from aurora_stat_statements($2) order by calls desc limit $3 FOR READ ONLY",0,0,0,0,0,0,1,0.058516,0.058516,0.058516,0.058516,0,0,0,0,0,0,0,0,0,0,0,0,0,0,0,0,0,0,0,0,0,0,0,0,0,0,0,0,0,0,0,2026-08-27 15:31:15.572501+00,2026-08-27 15:31:15.572501+00
10,16384,t,5649760721820237031,"FETCH 0 IN ""query-cursor_192""",0,0,0,0,0,0,1,0.003514,0.003514,0.003514,0.003514,0,0,0,0,0,0,0,0,0,0,0,0,0,0,0,0,0,0,0,0,0,0,0,0,0,0,0,0,0,0,0,2026-08-27 16:49:15.57754+00,2026-08-27 16:49:15.57754+00
16410,16412,t,6767209061879414266,"DELETE FROM RES_REL_EKEY WHERE (RES_ENT_ID,REL_ENT_ID,RES_REL_ID) IN (($1,$2,$3),($4,$5,$6),($7,$8,$9),($10,$11,$12),($13,$14,$15),($16,$17,$18),($19,$20,$21),($22,$23,$24),($25,$26,$27),($28,$29,$30),($31,$32,$33),($34,$35,$36),($37,$38,$39),($40,$41,$42),($43,$44,$45),($46,$47,$48),($49,$50,$51),($52,$53,$54),($55,$56,$57),($58,$59,$60),($61,$62,$63),($64,$65,$66),($67,$68,$69),($70,$71,$72),($73,$74,$75),($76,$77,$78),($79,$80,$81),($82,$83,$84),($85,$86,$87),($88,$89,$90),($91,$92,$93),($94,$95,$96),($97,$98,$99))",0,0,0,0,0,0,1250,1585.8275869999998,0.125229,85.29914600000001,1.2686620695999997,5.601671595907595,40744,219369,0,0,0,0,0,0,0,0,0,0,0,0,0,0,0,0,0,0,0,0,0,0,0,0,0,0,0,0,2026-08-27 15:55:15.500258+00,2026-08-27 15:55:15.500258+00
10,16384,t,5342282747002261451,"MOVE ALL IN ""query-cursor_214""",0,0,0,0,0,0,1,5.326495,5.326495,5.326495,5.326495,0,0,0,0,0,0,0,0,0,0,0,0,0,0,0,0,0,0,0,0,0,0,0,0,0,0,0,0,0,0,0,2026-08-27 17:11:15.584522+00,2026-08-27 17:11:15.584522+00
16410,16412,t,7512553123526369955,"INSERT INTO LIB_FEAT(LIB_FEAT_ID,FTYPE_ID,FEAT_HASH,FEAT_DESC,FELEM_VALUES,ANONYMIZED,VERSION) VALUES ($1,$2,$3,$4,$5,$6,$7),($8,$9,$10,$11,$12,$13,$14),($15,$16,$17,$18,$19,$20,$21),($22,$23,$24,$25,$26,$27,$28),($29,$30,$31,$32,$33,$34,$35),($36,$37,$38,$39,$40,$41,$42),($43,$44,$45,$46,$47,$48,$49),($50,$51,$52,$53,$54,$55,$56),($57,$58,$59,$60,$61,$62,$63),($64,$65,$66,$67,$68,$69,$70),($71,$72,$73,$74,$75,$76,$77),($78,$79,$80,$81,$82,$83,$84),($85,$86,$87,$88,$89,$90,$91),($92,$93,$94,$95,$96,$97,$98) ON CONFLICT(FTYPE_ID,FEAT_HASH,ANONYMIZED) DO UPDATE SET FTYPE_ID=LIB_FEAT.FTYPE_ID,FEAT_HASH=LIB_FEAT.FEAT_HASH,ANONYMIZED=LIB_FEAT.ANONYMIZED RETURNING LIB_FEAT_ID,FTYPE_ID,FEAT_HASH,ANONYMIZED,FEAT_DESC",0,0,0,0,0,0,1341930,6898764.255973178,0.22048299999999998,4996.385685,5.140927064730037,18.53043239640853,18787020,244249851,12,0,707102,0,0,0,0,0,0,0,23632.14619600051,0,0,0,0,0,0,0,0,0,0,0,0,0,0,0,0,0,2026-08-27 15:50:46.815797+00,2026-08-27 15:50:46.815797+00
10,16384,t,-1127451941069226121,"FETCH 0 IN ""query-cursor_191""",0,0,0,0,0,0,1,0.003856,0.003856,0.003856,0.003856,0,0,0,0,0,0,0,0,0,0,0,0,0,0,0,0,0,0,0,0,0,0,0,0,0,0,0,0,0,0,0,2026-08-27 16:48:15.577653+00,2026-08-27 16:48:15.577653+00
10,16384,t,-1199282289732698469,"SELECT name, setting FROM pg_settings WHERE name IN ($1, $2)",0,0,0,0,0,0,512,729.991206000001,1.200289,18.409786,1.4257640742187518,0.8920865185884207,1024,0,0,0,0,0,0,0,0,0,0,0,0,0,0,0,0,0,0,0,0,0,0,0,0,0,0,0,0,0,2026-08-27 13:27:21.384855+00,2026-08-27 13:27:21.384855+00
10,16384,t,5710808941202523497,"FETCH 0 IN ""query-cursor_72""",0,0,0,0,0,0,1,0.003883,0.003883,0.003883,0.003883,0,0,0,0,0,0,0,0,0,0,0,0,0,0,0,0,0,0,0,0,0,0,0,0,0,0,0,0,0,0,0,2026-08-27 14:39:15.568955+00,2026-08-27 14:39:15.568955+00
10,16384,t,1018833187201849569,"FETCH 0 IN ""query-cursor_14""",0,0,0,0,0,0,1,0.003859,0.003859,0.003859,0.003859,0,0,0,0,0,0,0,0,0,0,0,0,0,0,0,0,0,0,0,0,0,0,0,0,0,0,0,0,0,0,0,2026-08-27 13:41:15.56489+00,2026-08-27 13:41:15.56489+00
10,16384,t,-7665714066025593454,"MOVE -2202 IN ""query-cursor_234""",0,0,0,0,0,0,1,0.040309,0.040309,0.040309,0.040309,0,0,0,0,0,0,0,0,0,0,0,0,0,0,0,0,0,0,0,0,0,0,0,0,0,0,0,0,0,0,0,2026-08-27 17:31:15.585802+00,2026-08-27 17:31:15.585802+00
10,16384,t,5268031612936987516,"select valid_pages, unused_pages, reuse_pages from aurora_storage_metadata_metrics()",0,0,0,0,0,0,256,1.5213259999999993,0.004008,0.030378,0.005942679687499997,0.0023143767162888376,256,0,0,0,0,0,0,0,0,0,0,0,0,0,0,0,0,0,0,0,0,0,0,0,0,0,0,0,0,0,2026-08-27 13:27:26.27993+00,2026-08-27 13:27:26.27993+00
16410,16412,t,613990687792054191,"INSERT INTO LIB_FEAT(LIB_FEAT_ID,FTYPE_ID,FEAT_HASH,FEAT_DESC,FELEM_VALUES,ANONYMIZED,VERSION) VALUES ($1,$2,$3,$4,$5,$6,$7),($8,$9,$10,$11,$12,$13,$14),($15,$16,$17,$18,$19,$20,$21),($22,$23,$24,$25,$26,$27,$28),($29,$30,$31,$32,$33,$34,$35),($36,$37,$38,$39,$40,$41,$42),($43,$44,$45,$46,$47,$48,$49),($50,$51,$52,$53,$54,$55,$56) ON CONFLICT(FTYPE_ID,FEAT_HASH,ANONYMIZED) DO UPDATE SET FTYPE_ID=LIB_FEAT.FTYPE_ID,FEAT_HASH=LIB_FEAT.FEAT_HASH,ANONYMIZED=LIB_FEAT.ANONYMIZED RETURNING LIB_FEAT_ID,FTYPE_ID,FEAT_HASH,ANONYMIZED,FEAT_DESC",0,0,0,0,0,0,113965,1602999.3234289768,0.183155,1361.236827,14.065715995515964,39.118059361611635,911720,13598193,1,0,118848,0,0,0,0,0,0,0,1985.3260220000063,0,0,0,0,0,0,0,0,0,0,0,0,0,0,0,0,0,2026-08-27 15:50:46.824758+00,2026-08-27 15:50:46.824758+00
10,16384,t,-1261407115371841788,"MOVE ALL IN ""query-cursor_133""",0,0,0,0,0,0,1,1.997478,1.997478,1.997478,1.997478,0,0,0,0,0,0,0,0,0,0,0,0,0,0,0,0,0,0,0,0,0,0,0,0,0,0,0,0,0,0,0,2026-08-27 15:40:15.575289+00,2026-08-27 15:40:15.575289+00
10,16384,t,-589549657490302309,"FETCH 21 IN ""query-cursor_78""",0,0,0,0,0,0,1,0.002189,0.002189,0.002189,0.002189,0,21,0,0,0,0,0,0,0,0,0,0,0,0,0,0,0,0,0,0,0,0,0,0,0,0,0,0,0,0,0,2026-08-27 14:45:15.573098+00,2026-08-27 14:45:15.573098+00
10,16384,t,7863220130991189721,"MOVE -207 IN ""query-cursor_13""",0,0,0,0,0,0,1,0.006,0.006,0.006,0.006,0,0,0,0,0,0,0,0,0,0,0,0,0,0,0,0,0,0,0,0,0,0,0,0,0,0,0,0,0,0,0,2026-08-27 13:40:15.565403+00,2026-08-27 13:40:15.565403+00
10,16384,t,3594991941018395982,"DECLARE ""query-cursor_8"" SCROLL CURSOR FOR select queryid, left(query, $1), calls, (total_plan_time + total_exec_time) as total_time from aurora_stat_statements($2) order by calls desc limit $3 FOR READ ONLY",0,0,0,0,0,0,1,0.062221,0.062221,0.062221,0.062221,0,0,0,0,0,0,0,0,0,0,0,0,0,0,0,0,0,0,0,0,0,0,0,0,0,0,0,0,0,0,0,2026-08-27 13:35:15.564457+00,2026-08-27 13:35:15.564457+00
16410,16412,t,-9097675152044087285,"INSERT INTO RES_FEAT_EKEY(RES_ENT_ID,LIB_FEAT_ID,FTYPE_ID,UTYPE_CODE,SUPPRESSED,OBS_ENT_CNT) VALUES ($1,$2,$3,$4,$5,$6) ON CONFLICT DO NOTHING",0,0,0,0,0,0,80475,44191.62254899972,0.016702,534.482153,0.549134794022985,3.0191179336256995,80475,1021447,0,0,1171,0,0,0,0,0,0,0,48.836376999999985,0,0,0,0,0,0,0,0,0,0,0,0,0,0,0,0,0,2026-08-27 15:50:46.916116+00,2026-08-27 15:50:46.916116+00
10,16384,t,-465543788808336040,"FETCH 5 IN ""query-cursor_160""",0,0,0,0,0,0,1,0.004024,0.004024,0.004024,0.004024,0,5,0,0,0,0,0,0,0,0,0,0,0,0,0,0,0,0,0,0,0,0,0,0,0,0,0,0,0,0,0,2026-08-27 16:12:15.843423+00,2026-08-27 16:12:15.843423+00
16410,16412,t,7214889881273746661,"SELECT RES_ENT_ID,LIB_FEAT_ID,FTYPE_ID,UTYPE_CODE,SUPPRESSED,OBS_ENT_CNT FROM RES_FEAT_EKEY WHERE RES_ENT_ID IN ($1,$2,$3,$4,$5,$6,$7,$8,$9,$10,$11,$12,$13,$14,$15,$16,$17,$18,$19,$20,$21,$22,$23,$24,$25,$26,$27,$28,$29,$30,$31,$32) AND FTYPE_ID IN ($33,$34,$35,$36,$37,$38,$39,$40,$41,$42,$43,$44,$45,$46,$47,$48)",0,0,0,0,0,0,2786,24749.90254899992,0.464892,701.533013,8.883669256640315,27.258313791678226,10603708,380155,0,0,0,0,0,0,0,0,0,0,0,0,0,0,0,0,0,0,0,0,0,0,0,0,0,0,0,0,2026-08-27 15:50:51.987945+00,2026-08-27 15:50:51.987945+00
10,16384,t,738051333936743630,"FETCH 0 IN ""query-cursor_113""",0,0,0,0,0,0,1,0.003336,0.003336,0.003336,0.003336,0,0,0,0,0,0,0,0,0,0,0,0,0,0,0,0,0,0,0,0,0,0,0,0,0,0,0,0,0,0,0,2026-08-27 15:20:15.571779+00,2026-08-27 15:20:15.571779+00
10,16384,t,-6325898158887308766,"select s.*, extract($1 from s.lastattempt) as lastattempt_ts from rds_get_stat_connections_counters() as s where s.lastattempt > (now() - interval $2 second) limit $3",0,0,0,0,0,0,244,11.724803000000005,0.022709,0.168211,0.04805247131147543,0.02847900873240366,515,0,0,0,0,0,0,0,0,0,0,0,0,0,0,0,0,0,0,0,0,0,0,0,0,0,0,0,0,0,2026-08-27 13:29:55.61464+00,2026-08-27 13:29:55.61464+00
10,16384,t,-4214156993063907184,"FETCH 5 IN ""query-cursor_193""",0,0,0,0,0,0,1,0.001542,0.001542,0.001542,0.001542,0,5,0,0,0,0,0,0,0,0,0,0,0,0,0,0,0,0,0,0,0,0,0,0,0,0,0,0,0,0,0,2026-08-27 16:50:15.595593+00,2026-08-27 16:50:15.595593+00
10,16384,t,3659799273890236687,"MOVE ALL IN ""query-cursor_217""",0,0,0,0,0,0,1,5.476983,5.476983,5.476983,5.476983,0,0,0,0,0,0,0,0,0,0,0,0,0,0,0,0,0,0,0,0,0,0,0,0,0,0,0,0,0,0,0,2026-08-27 17:14:15.584894+00,2026-08-27 17:14:15.584894+00
16410,16412,t,-3783792205668402840,"SELECT NUM_RES_ENT,NUM_RES_ENT_OOM,CANDIDATE_CAP_REACHED,SCORING_CAP_REACHED FROM RES_FEAT_STAT WHERE LIB_FEAT_ID=$1",0,0,0,0,0,0,845911,24946.506730000285,0.00346,162.113116,0.02949069905699333,0.3772653473161781,844120,3996452,0,0,0,0,0,0,0,0,0,0,0,0,0,0,0,0,0,0,0,0,0,0,0,0,0,0,0,0,2026-08-27 15:50:48.915526+00,2026-08-27 15:50:48.915526+00
16410,16412,t,-1056071011636259371,"SELECT OBS_ENT_ID,DSRC_ID,ENT_SRC_KEY,LOCKING_ID,FEATURES FROM OBS_ENT WHERE OBS_ENT_ID IN ($1,$2,$3,$4)",0,0,0,0,0,0,2706,162.22570599999983,0.010876,8.604672,0.059950371766444875,0.2151508532931968,9034,52581,0,0,0,0,0,0,0,0,0,0,0,0,0,0,0,0,0,0,0,0,0,0,0,0,0,0,0,0,2026-08-27 15:51:40.308148+00,2026-08-27 15:51:40.308148+00
10,16384,t,1913342012676431259,select sum(used_bytes) as volume_bytes_used from aurora_stat_file(),0,0,0,0,0,0,245,274.2544019999998,0.789668,2.692219,1.1194057224489788,0.27450179796006946,245,0,0,0,0,0,0,0,0,0,0,0,0,0,0,0,0,0,0,0,0,0,0,0,0,0,0,0,0,0,2026-08-27 13:28:15.130798+00,2026-08-27 13:28:15.130798+00
16410,16412,t,4958528027454943008,"SELECT RES_ENT_ID,LIB_FEAT_ID,FTYPE_ID,UTYPE_CODE,SUPPRESSED,OBS_ENT_CNT FROM RES_FEAT_EKEY WHERE RES_ENT_ID IN ($1) AND FTYPE_ID IN ($2,$3,$4,$5,$6,$7,$8,$9,$10,$11)",0,0,0,0,0,0,24119,2059.5055850000012,0.015231,25.649842,0.0853893438782703,0.5651423133777426,545802,109268,0,0,0,0,0,0,0,0,0,0,0,0,0,0,0,0,0,0,0,0,0,0,0,0,0,0,0,0,2026-08-27 15:50:47.498317+00,2026-08-27 15:50:47.498317+00
10,16384,t,-5033145811408472593,"FETCH 50 IN ""query-cursor_127""",0,0,0,0,0,0,18,0.055579,0.002616,0.005579,0.0030877222222222226,0.0006416944414383216,900,0,0,0,0,0,0,0,0,0,0,0,0,0,0,0,0,0,0,0,0,0,0,0,0,0,0,0,0,0,2026-08-27 15:34:15.574764+00,2026-08-27 15:34:15.574764+00
10,16384,t,3562594895211228103,"MOVE -362 IN ""query-cursor_36""",0,0,0,0,0,0,1,0.009506,0.009506,0.009506,0.009506,0,0,0,0,0,0,0,0,0,0,0,0,0,0,0,0,0,0,0,0,0,0,0,0,0,0,0,0,0,0,0,2026-08-27 14:03:15.567362+00,2026-08-27 14:03:15.567362+00
10,16384,t,407375376023984534,"MOVE -422 IN ""query-cursor_46""",0,0,0,0,0,0,1,0.009989,0.009989,0.009989,0.009989,0,0,0,0,0,0,0,0,0,0,0,0,0,0,0,0,0,0,0,0,0,0,0,0,0,0,0,0,0,0,0,2026-08-27 14:13:15.568294+00,2026-08-27 14:13:15.568294+00
10,16384,t,83169608803630668,"FETCH 43 IN ""query-cursor_115""",0,0,0,0,0,0,1,0.003189,0.003189,0.003189,0.003189,0,43,0,0,0,0,0,0,0,0,0,0,0,0,0,0,0,0,0,0,0,0,0,0,0,0,0,0,0,0,0,2026-08-27 15:22:15.576832+00,2026-08-27 15:22:15.576832+00
10,16384,t,6230823562146543377,"DECLARE ""query-cursor_79"" SCROLL CURSOR FOR select queryid, left(query, $1), calls, (total_plan_time + total_exec_time) as total_time from aurora_stat_statements($2) order by calls desc limit $3 FOR READ ONLY",0,0,0,0,0,0,1,0.058785,0.058785,0.058785,0.058785,0,0,0,0,0,0,0,0,0,0,0,0,0,0,0,0,0,0,0,0,0,0,0,0,0,0,0,0,0,0,0,2026-08-27 14:46:15.569433+00,2026-08-27 14:46:15.569433+00
10,16384,t,289912002779787825,"FETCH 50 IN ""query-cursor_8""",0,0,0,0,0,0,3,0.011047000000000001,0.003012,0.004333,0.003682333333333334,0.0005394752594471369,150,0,0,0,0,0,0,0,0,0,0,0,0,0,0,0,0,0,0,0,0,0,0,0,0,0,0,0,0,0,2026-08-27 13:35:15.564982+00,2026-08-27 13:35:15.564982+00
16410,16412,t,180498833185157874,"INSERT INTO RES_FEAT_STAT(LIB_FEAT_ID,FTYPE_ID,NUM_RES_ENT,NUM_RES_ENT_OOM) VALUES ($1,$2,$3,$4),($5,$6,$7,$8),($9,$10,$11,$12),($13,$14,$15,$16),($17,$18,$19,$20),($21,$22,$23,$24),($25,$26,$27,$28),($29,$30,$31,$32),($33,$34,$35,$36),($37,$38,$39,$40),($41,$42,$43,$44),($45,$46,$47,$48),($49,$50,$51,$52),($53,$54,$55,$56),($57,$58,$59,$60),($61,$62,$63,$64),($65,$66,$67,$68) ON CONFLICT DO NOTHING",0,0,0,0,0,0,21613,91863.3420809999,0.153967,748.450956,4.250374408041451,15.414954365035053,367299,3044181,0,0,4081,0,0,0,0,0,0,0,179.37774399999992,0,0,0,0,0,0,0,0,0,0,0,0,0,0,0,0,0,2026-08-27 15:50:46.976218+00,2026-08-27 15:50:46.976218+00
10,16384,t,-5044022941077999660,"FETCH 0 IN ""query-cursor_226""",0,0,0,0,0,0,1,0.003343,0.003343,0.003343,0.003343,0,0,0,0,0,0,0,0,0,0,0,0,0,0,0,0,0,0,0,0,0,0,0,0,0,0,0,0,0,0,0,2026-08-27 17:23:15.580006+00,2026-08-27 17:23:15.580006+00
10,16384,t,-2738195789086176921,"MOVE -1861 IN ""query-cursor_177""",0,0,0,0,0,0,1,0.034679,0.034679,0.034679,0.034679,0,0,0,0,0,0,0,0,0,0,0,0,0,0,0,0,0,0,0,0,0,0,0,0,0,0,0,0,0,0,0,2026-08-27 16:34:15.581326+00,2026-08-27 16:34:15.581326+00
10,16384,t,-2365067061292931968,"MOVE ALL IN ""query-cursor_66""",0,0,0,0,0,0,1,1.176007,1.176007,1.176007,1.176007,0,0,0,0,0,0,0,0,0,0,0,0,0,0,0,0,0,0,0,0,0,0,0,0,0,0,0,0,0,0,0,2026-08-27 14:33:15.569764+00,2026-08-27 14:33:15.569764+00
16410,16412,t,-5602294889815942673,"UPDATE OBS_ENT SET LOCKING_ID=LOCKING_ID+$34,LOCK_DSRC_ACTION=$1 WHERE OBS_ENT_ID IN ($2,$3,$4,$5,$6,$7,$8,$9,$10,$11,$12,$13,$14,$15,$16,$17,$18,$19,$20,$21,$22,$23,$24,$25,$26,$27,$28,$29,$30,$31,$32,$33)",0,0,0,0,0,0,29,47.30036200000001,0.2734,23.213248,1.6310469655172417,4.089160849080917,666,12623,0,0,23,0,0,0,0,0,0,0,0.124721,0,0,0,0,0,0,0,0,0,0,0,0,0,0,0,0,0,2026-08-27 16:03:34.846412+00,2026-08-27 16:03:34.846412+00
10,16384,t,-7978767457195945638,"MOVE ALL IN ""query-cursor_63""",0,0,0,0,0,0,1,1.179353,1.179353,1.179353,1.179353,0,0,0,0,0,0,0,0,0,0,0,0,0,0,0,0,0,0,0,0,0,0,0,0,0,0,0,0,0,0,0,2026-08-27 14:30:15.569591+00,2026-08-27 14:30:15.569591+00
16410,16412,t,-4573455990379267114,"INSERT INTO RES_REL_EKEY(RES_REL_ID,RES_ENT_ID,REL_ENT_ID) VALUES ($1,$2,$3),($4,$5,$6),($7,$8,$9),($10,$11,$12),($13,$14,$15),($16,$17,$18),($19,$20,$21) ON CONFLICT DO NOTHING",0,0,0,0,0,0,142,252.77328000000014,0.07593,75.415519,1.7800935211267617,7.6860198377944835,994,7904,0,0,7,0,0,0,0,0,0,0,0.049968,0,0,0,0,0,0,0,0,0,0,0,0,0,0,0,0,0,2026-08-27 15:53:04.294747+00,2026-08-27 15:53:04.294747+00
10,16384,t,8641331218196151230,"FETCH 50 IN ""query-cursor_143""",0,0,0,0,0,0,20,0.06229699999999999,0.002765,0.005423,0.0031148499999999997,0.00056056581014186,1000,0,0,0,0,0,0,0,0,0,0,0,0,0,0,0,0,0,0,0,0,0,0,0,0,0,0,0,0,0,2026-08-27 15:50:15.576194+00,2026-08-27 15:50:15.576194+00
10,16384,t,-6563496469582218242,"DECLARE ""query-cursor_180"" SCROLL CURSOR FOR select queryid, left(query, $1), calls, (total_plan_time + total_exec_time) as total_time from aurora_stat_statements($2) order by calls desc limit $3 FOR READ ONLY",0,0,0,0,0,0,1,0.066942,0.066942,0.066942,0.066942,0,0,0,0,0,0,0,0,0,0,0,0,0,0,0,0,0,0,0,0,0,0,0,0,0,0,0,0,0,0,0,2026-08-27 16:37:15.576814+00,2026-08-27 16:37:15.576814+00
10,16384,t,-8073683008056133751,"DECLARE ""query-cursor_135"" SCROLL CURSOR FOR select queryid, left(query, $1), calls, (total_plan_time + total_exec_time) as total_time from aurora_stat_statements($2) order by calls desc limit $3 FOR READ ONLY",0,0,0,0,0,0,1,0.06913,0.06913,0.06913,0.06913,0,0,0,0,0,0,0,0,0,0,0,0,0,0,0,0,0,0,0,0,0,0,0,0,0,0,0,0,0,0,0,2026-08-27 15:42:15.573334+00,2026-08-27 15:42:15.573334+00
10,16384,t,-348823821208653415,"DECLARE ""query-cursor_228"" SCROLL CURSOR FOR select queryid, left(query, $1), calls, (total_plan_time + total_exec_time) as total_time from aurora_stat_statements($2) order by calls desc limit $3 FOR READ ONLY",0,0,0,0,0,0,1,0.063833,0.063833,0.063833,0.063833,0,0,0,0,0,0,0,0,0,0,0,0,0,0,0,0,0,0,0,0,0,0,0,0,0,0,0,0,0,0,0,2026-08-27 17:25:15.580063+00,2026-08-27 17:25:15.580063+00
10,16384,t,-2724187109151502168,"select queryid, calls, (total_plan_time + total_exec_time) as total_time, rows, shared_blks_hit, shared_blks_dirtied, shared_blks_read, shared_blks_written, local_blks_hit, local_blks_dirtied, local_blks_read, local_blks_written, temp_blks_read, temp_blks_written, storage_blks_read, orcache_blks_hit, shared_blk_read_time as blk_read_time, shared_blk_write_time as blk_write_time, storage_blk_read_time, local_blk_read_time, orcache_blk_read_time, total_plan_time, total_exec_time from aurora_stat_statements($1) where queryid in ($2, $3, $4, $5, $6, $7, $8, $9, $10, $11, $12, $13, $14, $15, $16, $17, $18, $19, $20, $21, $22, $23, $24, $25, $26, $27, $28, $29, $30, $31, $32, $33, $34, $35, $36, $37, $38, $39, $40, $41, $42, $43, $44, $45, $46, $47, $48, $49, $50, $51, $52, $53, $54, $55, $56, $57)",0,0,0,0,0,0,3,5.895102,1.950034,1.987342,1.965034,0.01608367420709584,171,0,0,0,0,0,0,0,0,0,0,0,0,0,0,0,0,0,0,0,0,0,0,0,0,0,0,0,0,0,2026-08-27 16:14:25.591473+00,2026-08-27 16:14:25.591473+00
16410,16412,t,8702760936764551979,"SELECT RES_ENT_ID,ENT_STATE,LOCKING_ID FROM RES_ENT WHERE RES_ENT_ID IN ($1,$2,$3,$4,$5,$6,$7,$8,$9,$10,$11,$12,$13,$14,$15,$16,$17,$18,$19,$20,$21,$22,$23,$24,$25,$26,$27,$28,$29,$30,$31,$32,$33,$34,$35,$36,$37,$38,$39,$40,$41,$42,$43,$44,$45,$46,$47,$48,$49,$50,$51,$52,$53,$54,$55,$56,$57,$58,$59,$60,$61,$62,$63,$64)",0,0,0,0,0,0,23564,8442.000815000029,0.07548,59.138137,0.3582583947971494,1.2532094410447236,1046230,4247543,0,0,0,0,0,0,0,0,0,0,0,0,0,0,0,0,0,0,0,0,0,0,0,0,0,0,0,0,2026-08-27 15:50:51.503297+00,2026-08-27 15:50:51.503297+00
10,16384,t,-6348341991694067627,"DECLARE ""query-cursor_129"" SCROLL CURSOR FOR select queryid, left(query, $1), calls, (total_plan_time + total_exec_time) as total_time from aurora_stat_statements($2) order by calls desc limit $3 FOR READ ONLY",0,0,0,0,0,0,1,0.064722,0.064722,0.064722,0.064722,0,0,0,0,0,0,0,0,0,0,0,0,0,0,0,0,0,0,0,0,0,0,0,0,0,0,0,0,0,0,0,2026-08-27 15:36:15.57293+00,2026-08-27 15:36:15.57293+00
10,16384,t,5702225253869155962,"DECLARE ""query-cursor_238"" SCROLL CURSOR FOR select queryid, left(query, $1), calls, (total_plan_time + total_exec_time) as total_time from aurora_stat_statements($2) order by calls desc limit $3 FOR READ ONLY",0,0,0,0,0,0,1,0.06528,0.06528,0.06528,0.06528,0,0,0,0,0,0,0,0,0,0,0,0,0,0,0,0,0,0,0,0,0,0,0,0,0,0,0,0,0,0,0,2026-08-27 17:35:15.580784+00,2026-08-27 17:35:15.580784+00
10,16384,t,-3742680588860772768,"FETCH 50 IN ""query-cursor_169""",0,0,0,0,0,0,36,0.15071099999999993,0.002853,0.006841,0.004186416666666665,0.0011636571272166999,1800,0,0,0,0,0,0,0,0,0,0,0,0,0,0,0,0,0,0,0,0,0,0,0,0,0,0,0,0,0,2026-08-27 16:26:15.581111+00,2026-08-27 16:26:15.581111+00
10,16384,t,-6864843991262335226,"MOVE -309 IN ""query-cursor_27""",0,0,0,0,0,0,1,0.008115,0.008115,0.008115,0.008115,0,0,0,0,0,0,0,0,0,0,0,0,0,0,0,0,0,0,0,0,0,0,0,0,0,0,0,0,0,0,0,2026-08-27 13:54:15.56656+00,2026-08-27 13:54:15.56656+00
16410,16412,t,7411205573272680482,"WITH d AS (
  SELECT metric, f.value - b.value AS delta
  FROM perf.snap_scalar f JOIN perf.snap_scalar b USING (metric)
  WHERE f.label=$1 AND b.label=$2
)
SELECT
  (SELECT delta FROM d WHERE metric=$3)
    + (SELECT delta FROM d WHERE metric=$4) AS logical_block_reads,
  (SELECT delta FROM d WHERE metric=$5)     AS physical_block_reads,
  (SELECT delta FROM d WHERE metric=$6)    AS wal_bytes,
  (SELECT delta FROM d WHERE metric=$7)   AS xact_commit,
  (SELECT delta FROM d WHERE metric=$8)  AS tup_inserted,
  (SELECT delta FROM d WHERE metric=$9)   AS tup_updated,
  (SELECT delta FROM d WHERE metric=$10)   AS tup_deleted",0,0,0,0,0,0,1,0.041924,0.041924,0.041924,0.041924,0,1,2,0,0,0,0,0,0,0,0,0,0,0,0,0,0,0,0,0,0,0,0,0,0,0,0,0,0,0,0,2026-08-27 17:43:04.44144+00,2026-08-27 17:43:04.44144+00
16410,16412,t,-2457273054275168457,"SELECT RES_ENT_ID,LIB_FEAT_ID,FTYPE_ID,UTYPE_CODE,SUPPRESSED,OBS_ENT_CNT FROM RES_FEAT_EKEY WHERE RES_ENT_ID IN ($1,$2,$3,$4,$5,$6,$7,$8,$9,$10,$11,$12,$13,$14,$15,$16,$17,$18,$19,$20,$21,$22,$23,$24,$25,$26,$27,$28,$29,$30,$31,$32,$33,$34,$35,$36,$37,$38,$39,$40,$41,$42,$43,$44,$45,$46,$47,$48,$49,$50,$51,$52,$53,$54,$55,$56,$57,$58,$59,$60,$61,$62,$63,$64) AND FTYPE_ID IN ($65,$66,$67,$68,$69,$70,$71,$72,$73,$74,$75,$76,$77,$78,$79,$80,$81,$82,$83)",0,0,0,0,0,0,435,33235.11792899999,1.669435,892.692015,76.40256995172412,105.38493237005936,16244562,269592,0,0,0,0,0,0,0,0,0,0,0,0,0,0,0,0,0,0,0,0,0,0,0,0,0,0,0,0,2026-08-27 15:51:05.296057+00,2026-08-27 15:51:05.296057+00
10,1,t,588360189971772035,"SELECT current_catalog, COUNT(*) FROM pg_catalog.pg_extension WHERE extname = $1",0,0,0,0,0,0,1,0.008624999999999999,0.008624999999999999,0.008624999999999999,0.008624999999999999,0,1,1,0,0,0,0,0,0,0,0,0,0,0,0,0,0,0,0,0,0,0,0,0,0,0,0,0,0,0,0,2026-08-27 13:45:00.546291+00,2026-08-27 13:45:00.546291+00
16410,16412,t,3476429785629243894,"INSERT INTO LIB_FEAT(LIB_FEAT_ID,FTYPE_ID,FEAT_HASH,FEAT_DESC,FELEM_VALUES,ANONYMIZED,VERSION) VALUES ($1,$2,$3,$4,$5,$6,$7),($8,$9,$10,$11,$12,$13,$14),($15,$16,$17,$18,$19,$20,$21),($22,$23,$24,$25,$26,$27,$28),($29,$30,$31,$32,$33,$34,$35),($36,$37,$38,$39,$40,$41,$42) ON CONFLICT(FTYPE_ID,FEAT_HASH,ANONYMIZED) DO UPDATE SET FTYPE_ID=LIB_FEAT.FTYPE_ID,FEAT_HASH=LIB_FEAT.FEAT_HASH,ANONYMIZED=LIB_FEAT.ANONYMIZED RETURNING LIB_FEAT_ID,FTYPE_ID,FEAT_HASH,ANONYMIZED,FEAT_DESC",0,0,0,0,0,0,119242,1651870.2990180016,0.14191099999999998,1434.7413060000001,13.85309118446522,47.34957398504641,715452,10964985,0,0,105781,0,0,0,0,0,0,0,2064.48837299999,0,0,0,0,0,0,0,0,0,0,0,0,0,0,0,0,0,2026-08-27 15:50:46.834595+00,2026-08-27 15:50:46.834595+00
16410,16412,t,5060525275425730052,"SELECT RES_ENT_ID,LIB_FEAT_ID,FTYPE_ID,UTYPE_CODE,SUPPRESSED,OBS_ENT_CNT FROM RES_FEAT_EKEY WHERE RES_ENT_ID IN ($1,$2) AND FTYPE_ID IN ($3,$4,$5,$6,$7,$8,$9,$10,$11,$12,$13,$14,$15,$16,$17,$18,$19,$20,$21,$22,$23,$24,$25,$26,$27,$28,$29,$30,$31,$32,$33,$34,$35,$36,$37,$38,$39,$40,$41,$42,$43,$44,$45,$46,$47,$48,$49,$50,$51,$52,$53,$54,$55,$56,$57,$58,$59,$60,$61,$62)",0,0,0,0,0,0,34,7.972449999999998,0.044011999999999996,2.703193,0.2344838235294117,0.4501161921872455,2627,629,0,0,0,0,0,0,0,0,0,0,0,0,0,0,0,0,0,0,0,0,0,0,0,0,0,0,0,0,2026-08-27 16:02:16.94343+00,2026-08-27 16:02:16.94343+00
10,16384,t,6176419208350936548,"FETCH 7 IN ""query-cursor_142""",0,0,0,0,0,0,1,0.001719,0.001719,0.001719,0.001719,0,7,0,0,0,0,0,0,0,0,0,0,0,0,0,0,0,0,0,0,0,0,0,0,0,0,0,0,0,0,0,2026-08-27 15:49:15.579669+00,2026-08-27 15:49:15.579669+00
10,16384,t,-8612015939045798987,"FETCH 0 IN ""query-cursor_222""",0,0,0,0,0,0,1,0.003537,0.003537,0.003537,0.003537,0,0,0,0,0,0,0,0,0,0,0,0,0,0,0,0,0,0,0,0,0,0,0,0,0,0,0,0,0,0,0,2026-08-27 17:19:15.579739+00,2026-08-27 17:19:15.579739+00
16410,16412,t,-2322016965831072824,"SELECT LIB_FEAT_ID,FEAT_DESC,FTYPE_ID,ANONYMIZED,FEAT_HASH,VERSION,FELEM_VALUES FROM LIB_FEAT WHERE (FEAT_HASH,FTYPE_ID) IN (($1,$2),($3,$4),($5,$6),($7,$8),($9,$10),($11,$12),($13,$14),($15,$16),($17,$18),($19,$20),($21,$22),($23,$24),($25,$26),($27,$28),($29,$30),($31,$32))",0,0,0,0,0,0,683941,273009.4193900123,0.012877999999999999,83.734071,0.3991710094730573,1.4063682661303858,3966682,47084218,0,0,0,0,0,0,0,0,0,0,0,0,0,0,0,0,0,0,0,0,0,0,0,0,0,0,0,0,2026-08-27 15:50:46.784547+00,2026-08-27 15:50:46.784547+00
16410,16412,t,3322431600635597596,"SELECT LIB_FEAT_ID,UTYPE_CODE,RES_ENT_ID,OBS_ENT_CNT FROM RES_FEAT_EKEY WHERE LIB_FEAT_ID IN ($1,$2,$3,$4,$5,$6,$7,$8,$9,$10,$11,$12,$13,$14,$15,$16) AND RES_ENT_ID!=$17",0,0,0,0,0,0,251195,32883.196445999754,0.0043159999999999995,67.65146700000001,0.13090705008459466,1.0931131725581908,1427416,3983142,0,0,0,0,0,0,0,0,0,0,0,0,0,0,0,0,0,0,0,0,0,0,0,0,0,0,0,0,2026-08-27 15:50:47.017288+00,2026-08-27 15:50:47.017288+00
10,16384,t,5606802887923544155,"FETCH 50 IN ""query-cursor_65""",0,0,0,0,0,0,10,0.034849,0.002915,0.005421,0.0034849,0.0007050689966237346,500,0,0,0,0,0,0,0,0,0,0,0,0,0,0,0,0,0,0,0,0,0,0,0,0,0,0,0,0,0,2026-08-27 14:32:15.569808+00,2026-08-27 14:32:15.569808+00
10,16384,t,7748232911471325749,"MOVE -428 IN ""query-cursor_47""",0,0,0,0,0,0,1,0.009761,0.009761,0.009761,0.009761,0,0,0,0,0,0,0,0,0,0,0,0,0,0,0,0,0,0,0,0,0,0,0,0,0,0,0,0,0,0,0,2026-08-27 14:14:15.568308+00,2026-08-27 14:14:15.568308+00
10,16384,t,900997885604510399,"FETCH 31 IN ""query-cursor_88""",0,0,0,0,0,0,1,0.002507,0.002507,0.002507,0.002507,0,31,0,0,0,0,0,0,0,0,0,0,0,0,0,0,0,0,0,0,0,0,0,0,0,0,0,0,0,0,0,2026-08-27 14:55:15.57406+00,2026-08-27 14:55:15.57406+00
10,16384,t,8246698443212916846,"FETCH 0 IN ""query-cursor_155""",0,0,0,0,0,0,1,0.00763,0.00763,0.00763,0.00763,0,0,0,0,0,0,0,0,0,0,0,0,0,0,0,0,0,0,0,0,0,0,0,0,0,0,0,0,0,0,0,2026-08-27 16:03:15.609605+00,2026-08-27 16:03:15.609605+00
16410,16412,t,7984659688224427192,"UPDATE RES_FEAT_EKEY AS T SET SUPPRESSED = C.SUPPRESSED FROM (VALUES (CAST ($1 AS BIGINT),CAST ($2 AS BIGINT),$3,$4),(CAST ($5 AS BIGINT),CAST ($6 AS BIGINT),$7,$8),(CAST ($9 AS BIGINT),CAST ($10 AS BIGINT),$11,$12),(CAST ($13 AS BIGINT),CAST ($14 AS BIGINT),$15,$16),(CAST ($17 AS BIGINT),CAST ($18 AS BIGINT),$19,$20),(CAST ($21 AS BIGINT),CAST ($22 AS BIGINT),$23,$24),(CAST ($25 AS BIGINT),CAST ($26 AS BIGINT),$27,$28),(CAST ($29 AS BIGINT),CAST ($30 AS BIGINT),$31,$32)) AS C(RES_ENT_ID,LIB_FEAT_ID,UTYPE_CODE,SUPPRESSED) WHERE C.RES_ENT_ID=T.RES_ENT_ID AND C.LIB_FEAT_ID=T.LIB_FEAT_ID AND C.UTYPE_CODE=T.UTYPE_CODE",0,0,0,0,0,0,684,2226.645075000002,0.074234,196.12123300000002,3.2553290570175473,10.856205420706386,5472,66875,0,0,32,0,0,0,0,0,0,0,0.203574,0,0,0,0,0,0,0,0,0,0,0,0,0,0,0,0,0,2026-08-27 15:50:48.616033+00,2026-08-27 15:50:48.616033+00
16410,16412,t,4746330622832019151,"SELECT RES_ENT_ID,LIB_FEAT_ID,FTYPE_ID,UTYPE_CODE,SUPPRESSED,OBS_ENT_CNT FROM RES_FEAT_EKEY WHERE RES_ENT_ID IN ($1,$2,$3,$4,$5,$6,$7,$8,$9,$10,$11,$12,$13,$14,$15,$16,$17,$18,$19,$20,$21,$22,$23,$24,$25,$26,$27,$28,$29,$30,$31,$32,$33,$34,$35,$36,$37,$38,$39,$40,$41,$42,$43,$44,$45,$46,$47,$48,$49,$50,$51,$52,$53,$54,$55,$56,$57,$58,$59,$60,$61,$62,$63,$64) AND FTYPE_ID IN ($65,$66,$67,$68,$69,$70,$71,$72,$73,$74,$75,$76,$77,$78,$79,$80,$81)",0,0,0,0,0,0,496,22162.07093499996,1.517463,604.9738639999999,44.68159462701605,68.73566596095054,11136243,222261,0,0,0,0,0,0,0,0,0,0,0,0,0,0,0,0,0,0,0,0,0,0,0,0,0,0,0,0,2026-08-27 15:51:04.876532+00,2026-08-27 15:51:04.876532+00
10,16384,t,-615804775491227363,"MOVE -814 IN ""query-cursor_110""",0,0,0,0,0,0,1,0.017304,0.017304,0.017304,0.017304,0,0,0,0,0,0,0,0,0,0,0,0,0,0,0,0,0,0,0,0,0,0,0,0,0,0,0,0,0,0,0,2026-08-27 15:17:15.573533+00,2026-08-27 15:17:15.573533+00
16410,16412,t,-8120064245532469006,"INSERT INTO RES_FEAT_STAT(LIB_FEAT_ID,FTYPE_ID,NUM_RES_ENT,NUM_RES_ENT_OOM) VALUES ($1,$2,$3,$4),($5,$6,$7,$8),($9,$10,$11,$12),($13,$14,$15,$16),($17,$18,$19,$20),($21,$22,$23,$24),($25,$26,$27,$28) ON CONFLICT DO NOTHING",0,0,0,0,0,0,130585,257296.71457399713,0.06696300000000001,767.102477,1.970338971351971,8.332691358397316,913904,7766526,0,0,8178,0,0,0,0,0,0,0,334.06572300000016,0,0,0,0,0,0,0,0,0,0,0,0,0,0,0,0,0,2026-08-27 15:50:47.035376+00,2026-08-27 15:50:47.035376+00
10,16384,t,-663328634070792469,"DECLARE ""query-cursor_196"" SCROLL CURSOR FOR select queryid, left(query, $1), calls, (total_plan_time + total_exec_time) as total_time from aurora_stat_statements($2) order by calls desc limit $3 FOR READ ONLY",0,0,0,0,0,0,1,0.063961,0.063961,0.063961,0.063961,0,0,0,0,0,0,0,0,0,0,0,0,0,0,0,0,0,0,0,0,0,0,0,0,0,0,0,0,0,0,0,2026-08-27 16:53:15.577809+00,2026-08-27 16:53:15.577809+00
10,1,t,1623369012368112450,SET application_name = $1,0,0,0,0,0,0,3,0.032883,0.008765,0.014901,0.010961,0.0027921050601054874,0,0,0,0,0,0,0,0,0,0,0,0,0,0,0,0,0,0,0,0,0,0,0,0,0,0,0,0,0,0,2026-08-27 13:45:00.2553+00,2026-08-27 13:45:00.2553+00
10,16384,t,5853544804209105791,"FETCH 50 IN ""query-cursor_71""",0,0,0,0,0,0,11,0.03687900000000001,0.00264,0.00567,0.0033526363636363645,0.000787252907581717,550,0,0,0,0,0,0,0,0,0,0,0,0,0,0,0,0,0,0,0,0,0,0,0,0,0,0,0,0,0,2026-08-27 14:38:15.570237+00,2026-08-27 14:38:15.570237+00
10,16384,t,-3056960409126620608,"FETCH 0 IN ""query-cursor_185""",0,0,0,0,0,0,1,0.003527,0.003527,0.003527,0.003527,0,0,0,0,0,0,0,0,0,0,0,0,0,0,0,0,0,0,0,0,0,0,0,0,0,0,0,0,0,0,0,2026-08-27 16:42:15.577253+00,2026-08-27 16:42:15.577253+00
10,16384,t,2598160947181064491,"FETCH 0 IN ""query-cursor_102""",0,0,0,0,0,0,1,0.004276,0.004276,0.004276,0.004276,0,0,0,0,0,0,0,0,0,0,0,0,0,0,0,0,0,0,0,0,0,0,0,0,0,0,0,0,0,0,0,2026-08-27 15:09:15.571051+00,2026-08-27 15:09:15.571051+00
16410,16412,t,7987166870876121091,"INSERT INTO RES_FEAT_EKEY(RES_ENT_ID,LIB_FEAT_ID,FTYPE_ID,UTYPE_CODE,SUPPRESSED,OBS_ENT_CNT) VALUES ($1,$2,$3,$4,$5,$6),($7,$8,$9,$10,$11,$12),($13,$14,$15,$16,$17,$18),($19,$20,$21,$22,$23,$24),($25,$26,$27,$28,$29,$30),($31,$32,$33,$34,$35,$36),($37,$38,$39,$40,$41,$42),($43,$44,$45,$46,$47,$48),($49,$50,$51,$52,$53,$54),($55,$56,$57,$58,$59,$60) ON CONFLICT DO NOTHING",0,0,0,0,0,0,119752,505387.70520300366,0.112562,552.6058310000001,4.220286134703418,13.43191458852231,1197520,15235441,1,0,19808,0,0,0,0,0,0,0,1045.897433000004,0,0,0,0,0,0,0,0,0,0,0,0,0,0,0,0,0,2026-08-27 15:50:46.886717+00,2026-08-27 15:50:46.886717+00
16410,16412,t,2331882008516076227,"SELECT LIB_FEAT_ID,UTYPE_CODE,RES_ENT_ID,OBS_ENT_CNT FROM RES_FEAT_EKEY WHERE LIB_FEAT_ID IN ($1,$2,$3,$4,$5,$6,$7,$8,$9,$10,$11,$12,$13,$14,$15,$16,$17,$18,$19,$20,$21,$22,$23,$24,$25,$26,$27,$28,$29,$30,$31,$32,$33,$34,$35,$36,$37,$38,$39,$40,$41,$42,$43,$44,$45,$46,$47,$48,$49,$50,$51,$52,$53,$54,$55,$56,$57,$58,$59,$60,$61,$62,$63,$64,$65,$66,$67,$68,$69,$70,$71,$72,$73,$74,$75,$76,$77,$78,$79,$80,$81,$82,$83,$84,$85,$86,$87,$88,$89,$90,$91,$92,$93,$94,$95,$96,$97,$98,$99,$100) AND RES_ENT_ID!=$101",0,0,0,0,0,0,205443,50016.80030699934,0.004464,84.306262,0.24345828432703642,1.282134508577588,10072067,18398644,0,0,0,0,0,0,0,0,0,0,0,0,0,0,0,0,0,0,0,0,0,0,0,0,0,0,0,0,2026-08-27 15:50:46.903836+00,2026-08-27 15:50:46.903836+00
10,16384,t,5671799544911593121,"FETCH 13 IN ""query-cursor_110""",0,0,0,0,0,0,1,0.001861,0.001861,0.001861,0.001861,0,13,0,0,0,0,0,0,0,0,0,0,0,0,0,0,0,0,0,0,0,0,0,0,0,0,0,0,0,0,0,2026-08-27 15:17:15.576412+00,2026-08-27 15:17:15.576412+00
10,1,t,4743708967602125791,"SELECT COUNT(*)
RELS
,(MAX(RELPAGES::bigint) FILTER (WHERE RELKIND IN ($1,$2,$3,$4) AND RELNAMESPACE<>$5::REGNAMESPACE))*$6
LARGEST_TABLE_BYTES
,(MAX(RELTUPLES::bigint) FILTER (WHERE RELKIND IN ($7,$8,$9,$10) AND RELNAMESPACE<>$11::REGNAMESPACE))
LARGEST_TABLE_TUPLES
,(MAX(RELPAGES::bigint) FILTER (WHERE RELKIND IN ($12,$13) AND RELNAMESPACE<>$14::REGNAMESPACE))*$15
LARGEST_INDEX_BYTES
,(MAX(RELTUPLES::bigint) FILTER (WHERE RELKIND IN ($16,$17) AND RELNAMESPACE<>$18::REGNAMESPACE))
LARGEST_INDEX_TUPLES
,(MAX(RELPAGES::bigint) FILTER (WHERE RELKIND IN ($19,$20,$21,$22) AND RELNAMESPACE=$23::REGNAMESPACE))*$24
LARGEST_CATALOG_TABLE_BYTES
,(MAX(RELTUPLES::bigint) FILTER (WHERE RELKIND IN ($25,$26,$27,$28) AND RELNAMESPACE=$29::REGNAMESPACE))
LARGEST_CATALOG_TABLE_TUPLES
,(MAX(RELPAGES::bigint) FILTER (WHERE RELKIND IN ($30,$31) AND RELNAMESPACE=$32::REGNAMESPACE))*$33
LARGEST_CATALOG_INDEX_BYTES
,(MAX(RELTUPLES::bigint) FILTER (WHERE RELKIND IN ($34,$35) AND RELNAMESPACE=$36::REGNAMESPACE))
LARGEST_CATALOG_INDEX_TUPLES
FROM PG_CATALOG.PG_CLASS",0,0,0,0,0,0,1,0.170686,0.170686,0.170686,0.170686,0,1,14,0,0,0,0,0,0,0,0,0,0,0,0,0,0,0,0,0,0,0,0,0,0,0,0,0,0,0,0,2026-08-27 13:45:00.367094+00,2026-08-27 13:45:00.367094+00
10,16384,t,8161599021578207176,"FETCH 0 IN ""query-cursor_146""",0,0,0,0,0,0,1,0.004344,0.004344,0.004344,0.004344,0,0,0,0,0,0,0,0,0,0,0,0,0,0,0,0,0,0,0,0,0,0,0,0,0,0,0,0,0,0,0,2026-08-27 15:53:15.574354+00,2026-08-27 15:53:15.574354+00
10,16384,t,-3528075445153754643,"MOVE -946 IN ""query-cursor_132""",0,0,0,0,0,0,1,0.018696,0.018696,0.018696,0.018696,0,0,0,0,0,0,0,0,0,0,0,0,0,0,0,0,0,0,0,0,0,0,0,0,0,0,0,0,0,0,0,2026-08-27 15:39:15.57518+00,2026-08-27 15:39:15.57518+00
10,16384,t,7555921436162011004,"MOVE -315 IN ""query-cursor_28""",0,0,0,0,0,0,1,0.00828,0.00828,0.00828,0.00828,0,0,0,0,0,0,0,0,0,0,0,0,0,0,0,0,0,0,0,0,0,0,0,0,0,0,0,0,0,0,0,2026-08-27 13:55:15.566643+00,2026-08-27 13:55:15.566643+00
10,16384,t,-7989736483443078646,"MOVE ALL IN ""query-cursor_198""",0,0,0,0,0,0,1,4.825146,4.825146,4.825146,4.825146,0,0,0,0,0,0,0,0,0,0,0,0,0,0,0,0,0,0,0,0,0,0,0,0,0,0,0,0,0,0,0,2026-08-27 16:55:15.582892+00,2026-08-27 16:55:15.582892+00
10,16384,t,-4413378345275641886,"MOVE -1800 IN ""query-cursor_167""",0,0,0,0,0,0,1,0.034008,0.034008,0.034008,0.034008,0,0,0,0,0,0,0,0,0,0,0,0,0,0,0,0,0,0,0,0,0,0,0,0,0,0,0,0,0,0,0,2026-08-27 16:24:15.581024+00,2026-08-27 16:24:15.581024+00
16410,16412,t,5849680132624874068,DELETE FROM RES_FEAT_EKEY WHERE ((RES_ENT_ID=$1 AND LIB_FEAT_ID=$2 AND UTYPE_CODE=$3)OR(RES_ENT_ID=$4 AND LIB_FEAT_ID=$5 AND UTYPE_CODE=$6)OR(RES_ENT_ID=$7 AND LIB_FEAT_ID=$8 AND UTYPE_CODE=$9)OR(RES_ENT_ID=$10 AND LIB_FEAT_ID=$11 AND UTYPE_CODE=$12)OR(RES_ENT_ID=$13 AND LIB_FEAT_ID=$14 AND UTYPE_CODE=$15)OR(RES_ENT_ID=$16 AND LIB_FEAT_ID=$17 AND UTYPE_CODE=$18)OR(RES_ENT_ID=$19 AND LIB_FEAT_ID=$20 AND UTYPE_CODE=$21)OR(RES_ENT_ID=$22 AND LIB_FEAT_ID=$23 AND UTYPE_CODE=$24)OR(RES_ENT_ID=$25 AND LIB_FEAT_ID=$26 AND UTYPE_CODE=$27)OR(RES_ENT_ID=$28 AND LIB_FEAT_ID=$29 AND UTYPE_CODE=$30)OR(RES_ENT_ID=$31 AND LIB_FEAT_ID=$32 AND UTYPE_CODE=$33)OR(RES_ENT_ID=$34 AND LIB_FEAT_ID=$35 AND UTYPE_CODE=$36)OR(RES_ENT_ID=$37 AND LIB_FEAT_ID=$38 AND UTYPE_CODE=$39)OR(RES_ENT_ID=$40 AND LIB_FEAT_ID=$41 AND UTYPE_CODE=$42)OR(RES_ENT_ID=$43 AND LIB_FEAT_ID=$44 AND UTYPE_CODE=$45)OR(RES_ENT_ID=$46 AND LIB_FEAT_ID=$47 AND UTYPE_CODE=$48)OR(RES_ENT_ID=$49 AND LIB_FEAT_ID=$50 AND UTYPE_CODE=$51)OR(RES_ENT_ID=$52 AND LIB_FEAT_ID=$53 AND UTYPE_CODE=$54)OR(RES_ENT_ID=$55 AND LIB_FEAT_ID=$56 AND UTYPE_CODE=$57)OR(RES_ENT_ID=$58 AND LIB_FEAT_ID=$59 AND UTYPE_CODE=$60)OR(RES_ENT_ID=$61 AND LIB_FEAT_ID=$62 AND UTYPE_CODE=$63)OR(RES_ENT_ID=$64 AND LIB_FEAT_ID=$65 AND UTYPE_CODE=$66)),0,0,0,0,0,0,311,519.0719240000001,0.081799,43.753974,1.6690415562700966,5.973881833190648,6794,34475,0,0,0,0,0,0,0,0,0,0,0,0,0,0,0,0,0,0,0,0,0,0,0,0,0,0,0,0,2026-08-27 15:52:37.67504+00,2026-08-27 15:52:37.67504+00
16410,16412,t,-1245128576629425324,"CREATE TABLE RES_ENT (RES_ENT_ID BIGINT NOT NULL, LOCKING_ID BIGINT NOT NULL, LAST_TOUCH_DT BIGINT, ENT_STATE BIGINT, LOCK_DSRC_ACTION CHAR(1), PRIMARY KEY(RES_ENT_ID))",0,0,0,0,0,0,1,3.110001,3.110001,3.110001,3.110001,0,0,207,0,0,1,0,0,0,0,0,0,0,0.002437,0,0,0,0,0,0,0,0,0,0,0,0,0,0,0,0,0,2026-08-27 13:29:50.01545+00,2026-08-27 13:29:50.01545+00
10,16384,t,1319150857934238459,"MOVE ALL IN ""query-cursor_143""",0,0,0,0,0,0,1,2.166994,2.166994,2.166994,2.166994,0,0,0,0,0,0,0,0,0,0,0,0,0,0,0,0,0,0,0,0,0,0,0,0,0,0,0,0,0,0,0,2026-08-27 15:50:15.576089+00,2026-08-27 15:50:15.576089+00
16410,16412,t,-6080537089646543031,"UPDATE RES_FEAT_EKEY AS T SET SUPPRESSED = C.SUPPRESSED FROM (VALUES (CAST ($1 AS BIGINT),CAST ($2 AS BIGINT),$3,$4),(CAST ($5 AS BIGINT),CAST ($6 AS BIGINT),$7,$8),(CAST ($9 AS BIGINT),CAST ($10 AS BIGINT),$11,$12),(CAST ($13 AS BIGINT),CAST ($14 AS BIGINT),$15,$16),(CAST ($17 AS BIGINT),CAST ($18 AS BIGINT),$19,$20),(CAST ($21 AS BIGINT),CAST ($22 AS BIGINT),$23,$24),(CAST ($25 AS BIGINT),CAST ($26 AS BIGINT),$27,$28),(CAST ($29 AS BIGINT),CAST ($30 AS BIGINT),$31,$32),(CAST ($33 AS BIGINT),CAST ($34 AS BIGINT),$35,$36),(CAST ($37 AS BIGINT),CAST ($38 AS BIGINT),$39,$40),(CAST ($41 AS BIGINT),CAST ($42 AS BIGINT),$43,$44)) AS C(RES_ENT_ID,LIB_FEAT_ID,UTYPE_CODE,SUPPRESSED) WHERE C.RES_ENT_ID=T.RES_ENT_ID AND C.LIB_FEAT_ID=T.LIB_FEAT_ID AND C.UTYPE_CODE=T.UTYPE_CODE",0,0,0,0,0,0,200,449.4560939999998,0.085267,40.163704,2.247280469999999,6.206632725554596,2200,25935,0,0,10,0,0,0,0,0,0,0,0.11288700000000002,0,0,0,0,0,0,0,0,0,0,0,0,0,0,0,0,0,2026-08-27 15:50:54.641068+00,2026-08-27 15:50:54.641068+00
10,16384,t,2038025353638126058,"FETCH 0 IN ""query-cursor_174""",0,0,0,0,0,0,1,0.003268,0.003268,0.003268,0.003268,0,0,0,0,0,0,0,0,0,0,0,0,0,0,0,0,0,0,0,0,0,0,0,0,0,0,0,0,0,0,0,2026-08-27 16:31:15.576327+00,2026-08-27 16:31:15.576327+00
10,5,t,4743708967602125791,"SELECT COUNT(*)
RELS
,(MAX(RELPAGES::bigint) FILTER (WHERE RELKIND IN ($1,$2,$3,$4) AND RELNAMESPACE<>$5::REGNAMESPACE))*$6
LARGEST_TABLE_BYTES
,(MAX(RELTUPLES::bigint) FILTER (WHERE RELKIND IN ($7,$8,$9,$10) AND RELNAMESPACE<>$11::REGNAMESPACE))
LARGEST_TABLE_TUPLES
,(MAX(RELPAGES::bigint) FILTER (WHERE RELKIND IN ($12,$13) AND RELNAMESPACE<>$14::REGNAMESPACE))*$15
LARGEST_INDEX_BYTES
,(MAX(RELTUPLES::bigint) FILTER (WHERE RELKIND IN ($16,$17) AND RELNAMESPACE<>$18::REGNAMESPACE))
LARGEST_INDEX_TUPLES
,(MAX(RELPAGES::bigint) FILTER (WHERE RELKIND IN ($19,$20,$21,$22) AND RELNAMESPACE=$23::REGNAMESPACE))*$24
LARGEST_CATALOG_TABLE_BYTES
,(MAX(RELTUPLES::bigint) FILTER (WHERE RELKIND IN ($25,$26,$27,$28) AND RELNAMESPACE=$29::REGNAMESPACE))
LARGEST_CATALOG_TABLE_TUPLES
,(MAX(RELPAGES::bigint) FILTER (WHERE RELKIND IN ($30,$31) AND RELNAMESPACE=$32::REGNAMESPACE))*$33
LARGEST_CATALOG_INDEX_BYTES
,(MAX(RELTUPLES::bigint) FILTER (WHERE RELKIND IN ($34,$35) AND RELNAMESPACE=$36::REGNAMESPACE))
LARGEST_CATALOG_INDEX_TUPLES
FROM PG_CATALOG.PG_CLASS",0,0,0,0,0,0,1,0.156414,0.156414,0.156414,0.156414,0,1,14,0,0,0,0,0,0,0,0,0,0,0,0,0,0,0,0,0,0,0,0,0,0,0,0,0,0,0,0,2026-08-27 13:45:00.249491+00,2026-08-27 13:45:00.249491+00
10,16384,t,5875446393565899983,"FETCH 50 IN ""query-cursor_210""",0,0,0,0,0,0,41,0.157041,0.002761,0.006451,0.0038302682926829265,0.0009622890652460972,2050,0,0,0,0,0,0,0,0,0,0,0,0,0,0,0,0,0,0,0,0,0,0,0,0,0,0,0,0,0,2026-08-27 17:07:15.584387+00,2026-08-27 17:07:15.584387+00
10,16384,t,-372586229477078363,"MOVE ALL IN ""query-cursor_71""",0,0,0,0,0,0,1,1.218072,1.218072,1.218072,1.218072,0,0,0,0,0,0,0,0,0,0,0,0,0,0,0,0,0,0,0,0,0,0,0,0,0,0,0,0,0,0,0,2026-08-27 14:38:15.570142+00,2026-08-27 14:38:15.570142+00
10,16384,t,5049341552653515233,"FETCH 0 IN ""query-cursor_238""",0,0,0,0,0,0,1,0.004442,0.004442,0.004442,0.004442,0,0,0,0,0,0,0,0,0,0,0,0,0,0,0,0,0,0,0,0,0,0,0,0,0,0,0,0,0,0,0,2026-08-27 17:35:15.580829+00,2026-08-27 17:35:15.580829+00
10,16384,t,4373175582561231359,"MOVE ALL IN ""query-cursor_233""",0,0,0,0,0,0,1,5.189145,5.189145,5.189145,5.189145,0,0,0,0,0,0,0,0,0,0,0,0,0,0,0,0,0,0,0,0,0,0,0,0,0,0,0,0,0,0,0,2026-08-27 17:30:15.585731+00,2026-08-27 17:30:15.585731+00
10,16384,t,1037440458504821834,"MOVE ALL IN ""query-cursor_30""",0,0,0,0,0,0,1,0.721398,0.721398,0.721398,0.721398,0,0,0,0,0,0,0,0,0,0,0,0,0,0,0,0,0,0,0,0,0,0,0,0,0,0,0,0,0,0,0,2026-08-27 13:57:15.566783+00,2026-08-27 13:57:15.566783+00
10,16384,t,1733037117902276075,"FETCH 10 IN ""query-cursor_19""",0,0,0,0,0,0,1,0.001915,0.001915,0.001915,0.001915,0,10,0,0,0,0,0,0,0,0,0,0,0,0,0,0,0,0,0,0,0,0,0,0,0,0,0,0,0,0,0,2026-08-27 13:46:15.567064+00,2026-08-27 13:46:15.567064+00
16410,16412,t,1991016439677583512,DELETE FROM RES_FEAT_EKEY WHERE ((RES_ENT_ID=$1 AND LIB_FEAT_ID=$2 AND UTYPE_CODE=$3)OR(RES_ENT_ID=$4 AND LIB_FEAT_ID=$5 AND UTYPE_CODE=$6)OR(RES_ENT_ID=$7 AND LIB_FEAT_ID=$8 AND UTYPE_CODE=$9)OR(RES_ENT_ID=$10 AND LIB_FEAT_ID=$11 AND UTYPE_CODE=$12)OR(RES_ENT_ID=$13 AND LIB_FEAT_ID=$14 AND UTYPE_CODE=$15)OR(RES_ENT_ID=$16 AND LIB_FEAT_ID=$17 AND UTYPE_CODE=$18)OR(RES_ENT_ID=$19 AND LIB_FEAT_ID=$20 AND UTYPE_CODE=$21)OR(RES_ENT_ID=$22 AND LIB_FEAT_ID=$23 AND UTYPE_CODE=$24)OR(RES_ENT_ID=$25 AND LIB_FEAT_ID=$26 AND UTYPE_CODE=$27)OR(RES_ENT_ID=$28 AND LIB_FEAT_ID=$29 AND UTYPE_CODE=$30)OR(RES_ENT_ID=$31 AND LIB_FEAT_ID=$32 AND UTYPE_CODE=$33)OR(RES_ENT_ID=$34 AND LIB_FEAT_ID=$35 AND UTYPE_CODE=$36)OR(RES_ENT_ID=$37 AND LIB_FEAT_ID=$38 AND UTYPE_CODE=$39)OR(RES_ENT_ID=$40 AND LIB_FEAT_ID=$41 AND UTYPE_CODE=$42)OR(RES_ENT_ID=$43 AND LIB_FEAT_ID=$44 AND UTYPE_CODE=$45)OR(RES_ENT_ID=$46 AND LIB_FEAT_ID=$47 AND UTYPE_CODE=$48)OR(RES_ENT_ID=$49 AND LIB_FEAT_ID=$50 AND UTYPE_CODE=$51)OR(RES_ENT_ID=$52 AND LIB_FEAT_ID=$53 AND UTYPE_CODE=$54)OR(RES_ENT_ID=$55 AND LIB_FEAT_ID=$56 AND UTYPE_CODE=$57)OR(RES_ENT_ID=$58 AND LIB_FEAT_ID=$59 AND UTYPE_CODE=$60)OR(RES_ENT_ID=$61 AND LIB_FEAT_ID=$62 AND UTYPE_CODE=$63)OR(RES_ENT_ID=$64 AND LIB_FEAT_ID=$65 AND UTYPE_CODE=$66)OR(RES_ENT_ID=$67 AND LIB_FEAT_ID=$68 AND UTYPE_CODE=$69)OR(RES_ENT_ID=$70 AND LIB_FEAT_ID=$71 AND UTYPE_CODE=$72)OR(RES_ENT_ID=$73 AND LIB_FEAT_ID=$74 AND UTYPE_CODE=$75)OR(RES_ENT_ID=$76 AND LIB_FEAT_ID=$77 AND UTYPE_CODE=$78)OR(RES_ENT_ID=$79 AND LIB_FEAT_ID=$80 AND UTYPE_CODE=$81)OR(RES_ENT_ID=$82 AND LIB_FEAT_ID=$83 AND UTYPE_CODE=$84)OR(RES_ENT_ID=$85 AND LIB_FEAT_ID=$86 AND UTYPE_CODE=$87)OR(RES_ENT_ID=$88 AND LIB_FEAT_ID=$89 AND UTYPE_CODE=$90)OR(RES_ENT_ID=$91 AND LIB_FEAT_ID=$92 AND UTYPE_CODE=$93)),0,0,0,0,0,0,162,341.4149999999999,0.060315,59.115725,2.1074999999999995,8.10868955985394,4898,25052,0,0,0,0,0,0,0,0,0,0,0,0,0,0,0,0,0,0,0,0,0,0,0,0,0,0,0,0,2026-08-27 15:51:31.518899+00,2026-08-27 15:51:31.518899+00
10,16384,t,6330613983230894977,"MOVE -327 IN ""query-cursor_30""",0,0,0,0,0,0,1,0.008097,0.008097,0.008097,0.008097,0,0,0,0,0,0,0,0,0,0,0,0,0,0,0,0,0,0,0,0,0,0,0,0,0,0,0,0,0,0,0,2026-08-27 13:57:15.566838+00,2026-08-27 13:57:15.566838+00
16410,16412,t,5737913687351361441,"SELECT RES_ENT_ID,LIB_FEAT_ID,FTYPE_ID,UTYPE_CODE,SUPPRESSED,OBS_ENT_CNT FROM RES_FEAT_EKEY WHERE RES_ENT_ID IN ($1,$2,$3,$4,$5,$6,$7,$8,$9,$10,$11,$12,$13,$14,$15,$16,$17,$18,$19,$20,$21,$22,$23,$24,$25,$26,$27,$28,$29,$30,$31,$32,$33,$34,$35,$36,$37,$38,$39,$40,$41,$42,$43,$44,$45,$46,$47,$48,$49,$50,$51,$52,$53,$54,$55,$56,$57,$58,$59,$60,$61,$62,$63,$64) AND FTYPE_ID IN ($65,$66,$67,$68,$69,$70,$71,$72,$73,$74,$75,$76,$77,$78,$79,$80,$81,$82)",0,0,0,0,0,0,657,41934.51402099998,1.259347,867.557331,63.8272663942161,88.64173810724031,21767914,371459,0,0,0,0,0,0,0,0,0,0,0,0,0,0,0,0,0,0,0,0,0,0,0,0,0,0,0,0,2026-08-27 15:51:21.351167+00,2026-08-27 15:51:21.351167+00
10,16384,t,4412114164759439749,"FETCH 13 IN ""query-cursor_135""",0,0,0,0,0,0,1,0.002155,0.002155,0.002155,0.002155,0,13,0,0,0,0,0,0,0,0,0,0,0,0,0,0,0,0,0,0,0,0,0,0,0,0,0,0,0,0,0,2026-08-27 15:42:15.579061+00,2026-08-27 15:42:15.579061+00
16410,16412,t,4741227850806022190,"SELECT RES_ENT_ID,LIB_FEAT_ID,FTYPE_ID,UTYPE_CODE,SUPPRESSED,OBS_ENT_CNT FROM RES_FEAT_EKEY WHERE RES_ENT_ID IN ($1,$2,$3,$4,$5,$6,$7,$8) AND FTYPE_ID IN ($9,$10,$11,$12,$13,$14,$15,$16,$17,$18,$19,$20,$21,$22,$23,$24,$25,$26,$27,$28,$29,$30,$31,$32)",0,0,0,0,0,0,13,43.417069,0.958083,10.33132,3.3397745384615383,2.2357244611059817,70484,1093,0,0,0,0,0,0,0,0,0,0,0,0,0,0,0,0,0,0,0,0,0,0,0,0,0,0,0,0,2026-08-27 15:50:50.519051+00,2026-08-27 15:50:50.519051+00
16410,16412,t,-8176456599728080229,"SELECT RES_ENT_ID,LIB_FEAT_ID,FTYPE_ID,UTYPE_CODE,SUPPRESSED,OBS_ENT_CNT FROM RES_FEAT_EKEY WHERE RES_ENT_ID IN ($1,$2,$3,$4,$5,$6,$7,$8) AND FTYPE_ID IN ($9,$10,$11,$12,$13,$14,$15,$16,$17,$18,$19,$20,$21,$22,$23,$24,$25,$26,$27,$28)",0,0,0,0,0,0,245,481.4641099999997,0.120087,79.825124,1.96515963265306,6.541022709982781,329089,10478,0,0,0,0,0,0,0,0,0,0,0,0,0,0,0,0,0,0,0,0,0,0,0,0,0,0,0,0,2026-08-27 15:50:47.812154+00,2026-08-27 15:50:47.812154+00
10,16384,t,-4044267454940139478,"FETCH 33 IN ""query-cursor_80""",0,0,0,0,0,0,1,0.002554,0.002554,0.002554,0.002554,0,33,0,0,0,0,0,0,0,0,0,0,0,0,0,0,0,0,0,0,0,0,0,0,0,0,0,0,0,0,0,2026-08-27 14:47:15.573322+00,2026-08-27 14:47:15.573322+00
10,16384,t,8565671136691447260,"FETCH 50 IN ""query-cursor_43""",0,0,0,0,0,0,8,0.032227,0.003609,0.004593,0.004028375,0.00030550693015871165,400,0,0,0,0,0,0,0,0,0,0,0,0,0,0,0,0,0,0,0,0,0,0,0,0,0,0,0,0,0,2026-08-27 14:10:15.568075+00,2026-08-27 14:10:15.568075+00
16410,16412,t,-9201048509704356765,"SELECT RES_ENT_ID,LIB_FEAT_ID,FTYPE_ID,UTYPE_CODE,SUPPRESSED,OBS_ENT_CNT FROM RES_FEAT_EKEY WHERE RES_ENT_ID IN ($1) AND FTYPE_ID IN ($2,$3,$4,$5,$6,$7,$8,$9,$10,$11,$12,$13,$14,$15,$16,$17,$18,$19,$20,$21,$22,$23,$24,$25,$26,$27,$28,$29,$30,$31,$32,$33,$34,$35,$36,$37,$38,$39,$40,$41,$42,$43,$44,$45,$46,$47,$48,$49,$50,$51,$52)",0,0,0,0,0,0,10,0.431049,0.009992000000000001,0.15731299999999998,0.0431049,0.040739608958481666,4,43,0,0,0,0,0,0,0,0,0,0,0,0,0,0,0,0,0,0,0,0,0,0,0,0,0,0,0,0,2026-08-27 15:54:12.190353+00,2026-08-27 15:54:12.190353+00
16410,16412,t,8894192622490228590,"CREATE TABLE RES_FEAT_STAT (LIB_FEAT_ID BIGINT NOT NULL, NUM_RES_ENT INT NOT NULL, NUM_RES_ENT_OOM INT NOT NULL, FTYPE_ID SMALLINT, CANDIDATE_CAP_REACHED CHAR(1) DEFAULT 'N' NOT NULL, SCORING_CAP_REACHED CHAR(1) DEFAULT 'N' NOT NULL, PRIMARY KEY(LIB_FEAT_ID))",0,0,0,0,0,0,1,9.134729,9.134729,9.134729,9.134729,0,0,315,6,0,4,0,0,0,0,0,0,5.434565,0.008427,0,0,0,0,0,0,0,0,0,0,0,0,0,0,0,0,0,2026-08-27 13:29:50.048659+00,2026-08-27 13:29:50.048659+00
10,16384,t,-3066349647145697412,"FETCH 41 IN ""query-cursor_73""",0,0,0,0,0,0,1,0.002971,0.002971,0.002971,0.002971,0,41,0,0,0,0,0,0,0,0,0,0,0,0,0,0,0,0,0,0,0,0,0,0,0,0,0,0,0,0,0,2026-08-27 14:40:15.572577+00,2026-08-27 14:40:15.572577+00
10,16384,t,940409008185180665,"MOVE ALL IN ""query-cursor_208""",0,0,0,0,0,0,1,5.424541,5.424541,5.424541,5.424541,0,0,0,0,0,0,0,0,0,0,0,0,0,0,0,0,0,0,0,0,0,0,0,0,0,0,0,0,0,0,0,2026-08-27 17:05:15.584207+00,2026-08-27 17:05:15.584207+00
10,16384,t,1719774922926882336,"FETCH 0 IN ""query-cursor_62""",0,0,0,0,0,0,1,0.003749,0.003749,0.003749,0.003749,0,0,0,0,0,0,0,0,0,0,0,0,0,0,0,0,0,0,0,0,0,0,0,0,0,0,0,0,0,0,0,2026-08-27 14:29:15.568323+00,2026-08-27 14:29:15.568323+00
10,16384,t,-6683422864253696176,"DECLARE ""query-cursor_200"" SCROLL CURSOR FOR select queryid, left(query, $1), calls, (total_plan_time + total_exec_time) as total_time from aurora_stat_statements($2) order by calls desc limit $3 FOR READ ONLY",0,0,0,0,0,0,1,0.065536,0.065536,0.065536,0.065536,0,0,0,0,0,0,0,0,0,0,0,0,0,0,0,0,0,0,0,0,0,0,0,0,0,0,0,0,0,0,0,2026-08-27 16:57:15.578268+00,2026-08-27 16:57:15.578268+00
10,16384,t,-3555620310662297861,"DECLARE ""query-cursor_167"" SCROLL CURSOR FOR select queryid, left(query, $1), calls, (total_plan_time + total_exec_time) as total_time from aurora_stat_statements($2) order by calls desc limit $3 FOR READ ONLY",0,0,0,0,0,0,1,0.06728,0.06728,0.06728,0.06728,0,0,0,0,0,0,0,0,0,0,0,0,0,0,0,0,0,0,0,0,0,0,0,0,0,0,0,0,0,0,0,2026-08-27 16:24:15.575809+00,2026-08-27 16:24:15.575809+00
10,16384,t,-4451726907988273337,"FETCH 0 IN ""query-cursor_160""",0,0,0,0,0,0,1,0.00694,0.00694,0.00694,0.00694,0,0,0,0,0,0,0,0,0,0,0,0,0,0,0,0,0,0,0,0,0,0,0,0,0,0,0,0,0,0,0,2026-08-27 16:12:15.802878+00,2026-08-27 16:12:15.802878+00
10,16384,t,-7945284921795644783,SELECT count(*) FROM pg_catalog.pg_hba_file_rules WHERE auth_method = $1,0,0,0,0,0,0,25,2.933207,0.09423400000000001,0.182505,0.11732828,0.017658469264395477,25,0,0,0,0,0,0,0,0,0,0,0,0,0,0,0,0,0,0,0,0,0,0,0,0,0,0,0,0,0,2026-08-27 13:34:27.410141+00,2026-08-27 13:34:27.410141+00
16410,16412,t,7258873038228990360,"SELECT C.DSRC_ID,D.RECORD_ID FROM RES_ENT_OKEY B JOIN OBS_ENT C ON C.OBS_ENT_ID=B.OBS_ENT_ID JOIN DSRC_RECORD D ON D.ENT_SRC_KEY=C.ENT_SRC_KEY AND D.DSRC_ID=C.DSRC_ID WHERE B.RES_ENT_ID=$1",0,0,0,0,0,0,293627,19838.045742000155,0.0051340000000000005,60.894002,0.0675620625555557,0.4963693667205424,298143,3879107,0,0,0,0,0,0,0,0,0,0,0,0,0,0,0,0,0,0,0,0,0,0,0,0,0,0,0,0,2026-08-27 15:50:57.74905+00,2026-08-27 15:50:57.74905+00
16410,16412,t,-3167805080225609584,"SELECT RES_ENT_ID,LIB_FEAT_ID,FTYPE_ID,UTYPE_CODE,SUPPRESSED,OBS_ENT_CNT FROM RES_FEAT_EKEY WHERE RES_ENT_ID IN ($1,$2) AND FTYPE_ID IN ($3,$4,$5,$6,$7,$8,$9,$10)",0,0,0,0,0,0,9347,1341.4867860000015,0.023331,22.216904999999997,0.14352057194821885,0.7834657671727864,240561,78892,0,0,0,0,0,0,0,0,0,0,0,0,0,0,0,0,0,0,0,0,0,0,0,0,0,0,0,0,2026-08-27 15:50:48.334691+00,2026-08-27 15:50:48.334691+00
10,16384,t,7791619057803664042,"FETCH 0 IN ""query-cursor_11""",0,0,0,0,0,0,1,0.003641,0.003641,0.003641,0.003641,0,0,0,0,0,0,0,0,0,0,0,0,0,0,0,0,0,0,0,0,0,0,0,0,0,0,0,0,0,0,0,2026-08-27 13:38:15.564692+00,2026-08-27 13:38:15.564692+00
16410,16412,t,-3386993819700642299,"UPDATE RES_FEAT_EKEY AS T SET SUPPRESSED = C.SUPPRESSED FROM (VALUES (CAST ($1 AS BIGINT),CAST ($2 AS BIGINT),$3,$4),(CAST ($5 AS BIGINT),CAST ($6 AS BIGINT),$7,$8),(CAST ($9 AS BIGINT),CAST ($10 AS BIGINT),$11,$12)) AS C(RES_ENT_ID,LIB_FEAT_ID,UTYPE_CODE,SUPPRESSED) WHERE C.RES_ENT_ID=T.RES_ENT_ID AND C.LIB_FEAT_ID=T.LIB_FEAT_ID AND C.UTYPE_CODE=T.UTYPE_CODE",0,0,0,0,0,0,12726,11698.39145899991,0.036520000000000004,213.922043,0.9192512540468262,4.243631643750571,38178,407875,0,0,325,0,0,0,0,0,0,0,17.376018999999992,0,0,0,0,0,0,0,0,0,0,0,0,0,0,0,0,0,2026-08-27 15:50:47.421373+00,2026-08-27 15:50:47.421373+00
16410,16412,t,3051355377504672174,"UPDATE RES_RELATE AS T SET IS_DISCLOSED=C.IS_DISCLOSED,IS_AMBIGUOUS=C.IS_AMBIGUOUS,LAST_ERRULE_ID=C.LAST_ERRULE_ID,MATCH_KEY=C.MATCH_KEY,MATCH_KEY_DETAILS=C.MATCH_KEY_DETAILS,MATCH_LEVELS=C.MATCH_LEVELS FROM (VALUES (CAST ($1 AS BIGINT),CAST ($2 AS BIGINT),CAST ($3 AS BIGINT),CAST ($4 AS BIGINT),$5,$6,$7),(CAST ($8 AS BIGINT),CAST ($9 AS BIGINT),CAST ($10 AS BIGINT),CAST ($11 AS BIGINT),$12,$13,$14),(CAST ($15 AS BIGINT),CAST ($16 AS BIGINT),CAST ($17 AS BIGINT),CAST ($18 AS BIGINT),$19,$20,$21),(CAST ($22 AS BIGINT),CAST ($23 AS BIGINT),CAST ($24 AS BIGINT),CAST ($25 AS BIGINT),$26,$27,$28),(CAST ($29 AS BIGINT),CAST ($30 AS BIGINT),CAST ($31 AS BIGINT),CAST ($32 AS BIGINT),$33,$34,$35),(CAST ($36 AS BIGINT),CAST ($37 AS BIGINT),CAST ($38 AS BIGINT),CAST ($39 AS BIGINT),$40,$41,$42),(CAST ($43 AS BIGINT),CAST ($44 AS BIGINT),CAST ($45 AS BIGINT),CAST ($46 AS BIGINT),$47,$48,$49),(CAST ($50 AS BIGINT),CAST ($51 AS BIGINT),CAST ($52 AS BIGINT),CAST ($53 AS BIGINT),$54,$55,$56),(CAST ($57 AS BIGINT),CAST ($58 AS BIGINT),CAST ($59 AS BIGINT),CAST ($60 AS BIGINT),$61,$62,$63),(CAST ($64 AS BIGINT),CAST ($65 AS BIGINT),CAST ($66 AS BIGINT),CAST ($67 AS BIGINT),$68,$69,$70),(CAST ($71 AS BIGINT),CAST ($72 AS BIGINT),CAST ($73 AS BIGINT),CAST ($74 AS BIGINT),$75,$76,$77),(CAST ($78 AS BIGINT),CAST ($79 AS BIGINT),CAST ($80 AS BIGINT),CAST ($81 AS BIGINT),$82,$83,$84)) AS C(RES_REL_ID,IS_DISCLOSED,IS_AMBIGUOUS,LAST_ERRULE_ID,MATCH_KEY,MATCH_KEY_DETAILS,MATCH_LEVELS) WHERE C.RES_REL_ID=T.RES_REL_ID",0,0,0,0,0,0,181,542.4121190000001,0.15922899999999998,67.578163,2.9967520386740336,8.792035976062023,2172,25672,0,0,157,0,0,0,0,0,0,0,4.382575999999999,0,0,0,0,0,0,0,0,0,0,0,0,0,0,0,0,0,2026-08-27 15:52:10.520667+00,2026-08-27 15:52:10.520667+00
10,16384,t,2624312055741097914,"MOVE -934 IN ""query-cursor_130""",0,0,0,0,0,0,1,0.019026,0.019026,0.019026,0.019026,0,0,0,0,0,0,0,0,0,0,0,0,0,0,0,0,0,0,0,0,0,0,0,0,0,0,0,0,0,0,0,2026-08-27 15:37:15.574985+00,2026-08-27 15:37:15.574985+00
10,16384,t,3888809224192048579,"MOVE -784 IN ""query-cursor_105""",0,0,0,0,0,0,1,0.016432,0.016432,0.016432,0.016432,0,0,0,0,0,0,0,0,0,0,0,0,0,0,0,0,0,0,0,0,0,0,0,0,0,0,0,0,0,0,0,2026-08-27 15:12:15.573077+00,2026-08-27 15:12:15.573077+00
10,16384,t,2049034804598609322,"FETCH 50 IN ""query-cursor_93""",0,0,0,0,0,0,14,0.043231,0.002604,0.005055,0.0030879285714285713,0.0006245426285674654,700,0,0,0,0,0,0,0,0,0,0,0,0,0,0,0,0,0,0,0,0,0,0,0,0,0,0,0,0,0,2026-08-27 15:00:15.57223+00,2026-08-27 15:00:15.57223+00
10,16384,t,-8982511916462836618,"DECLARE ""query-cursor_96"" SCROLL CURSOR FOR select queryid, left(query, $1), calls, (total_plan_time + total_exec_time) as total_time from aurora_stat_statements($2) order by calls desc limit $3 FOR READ ONLY",0,0,0,0,0,0,1,0.074435,0.074435,0.074435,0.074435,0,0,0,0,0,0,0,0,0,0,0,0,0,0,0,0,0,0,0,0,0,0,0,0,0,0,0,0,0,0,0,2026-08-27 15:03:15.570654+00,2026-08-27 15:03:15.570654+00
10,16384,t,4647464463220713686,"MOVE -1727 IN ""query-cursor_157""",0,0,0,0,0,0,1,0.032997,0.032997,0.032997,0.032997,0,0,0,0,0,0,0,0,0,0,0,0,0,0,0,0,0,0,0,0,0,0,0,0,0,0,0,0,0,0,0,2026-08-27 16:07:15.580517+00,2026-08-27 16:07:15.580517+00
10,16384,t,-311005340138182531,"DECLARE ""query-cursor_45"" SCROLL CURSOR FOR select queryid, left(query, $1), calls, (total_plan_time + total_exec_time) as total_time from aurora_stat_statements($2) order by calls desc limit $3 FOR READ ONLY",0,0,0,0,0,0,1,0.084389,0.084389,0.084389,0.084389,0,0,0,0,0,0,0,0,0,0,0,0,0,0,0,0,0,0,0,0,0,0,0,0,0,0,0,0,0,0,0,2026-08-27 14:12:15.567103+00,2026-08-27 14:12:15.567103+00
16410,16412,t,3600730769356606586,"SELECT RES_ENT_ID,LIB_FEAT_ID,FTYPE_ID,UTYPE_CODE,SUPPRESSED,OBS_ENT_CNT FROM RES_FEAT_EKEY WHERE RES_ENT_ID IN ($1,$2,$3,$4,$5,$6,$7,$8,$9,$10,$11,$12,$13,$14,$15,$16) AND FTYPE_ID IN ($17,$18,$19,$20,$21,$22,$23,$24,$25,$26,$27,$28,$29,$30,$31,$32,$33,$34,$35,$36,$37,$38,$39)",0,0,0,0,0,0,63,776.1925040000002,0.612667,170.95692100000002,12.32051593650794,24.80009211741965,560469,10478,0,0,0,0,0,0,0,0,0,0,0,0,0,0,0,0,0,0,0,0,0,0,0,0,0,0,0,0,2026-08-27 15:50:53.328505+00,2026-08-27 15:50:53.328505+00
10,16384,t,9028465920508529324,"MOVE ALL IN ""query-cursor_23""",0,0,0,0,0,0,1,0.612561,0.612561,0.612561,0.612561,0,0,0,0,0,0,0,0,0,0,0,0,0,0,0,0,0,0,0,0,0,0,0,0,0,0,0,0,0,0,0,2026-08-27 13:50:15.566201+00,2026-08-27 13:50:15.566201+00
10,16384,t,4770861510307370641,"FETCH 50 IN ""query-cursor_37""",0,0,0,0,0,0,7,0.025279,0.002804,0.005866,0.003611285714285714,0.0009761337312194928,350,0,0,0,0,0,0,0,0,0,0,0,0,0,0,0,0,0,0,0,0,0,0,0,0,0,0,0,0,0,2026-08-27 14:04:15.567542+00,2026-08-27 14:04:15.567542+00
16410,16412,t,3967711092468618269,"SELECT RES_ENT_ID,REL_ENT_ID,RES_REL_ID FROM RES_REL_EKEY WHERE RES_ENT_ID IN ($1)",0,0,0,0,0,0,1672138,39086.95743699893,0.002063,49.001504000000004,0.023375437575725765,0.2593073136195825,1257776,6486337,0,0,0,0,0,0,0,0,0,0,0,0,0,0,0,0,0,0,0,0,0,0,0,0,0,0,0,0,2026-08-27 15:50:46.846586+00,2026-08-27 15:50:46.846586+00
10,16384,t,-4899063793107538667,"DECLARE ""query-cursor_15"" SCROLL CURSOR FOR select queryid, left(query, $1), calls, (total_plan_time + total_exec_time) as total_time from aurora_stat_statements($2) order by calls desc limit $3 FOR READ ONLY",0,0,0,0,0,0,1,0.062222,0.062222,0.062222,0.062222,0,0,0,0,0,0,0,0,0,0,0,0,0,0,0,0,0,0,0,0,0,0,0,0,0,0,0,0,0,0,0,2026-08-27 13:42:15.564958+00,2026-08-27 13:42:15.564958+00
16410,16412,t,4667892380139152944,"SELECT RES_ENT_ID,LIB_FEAT_ID,FTYPE_ID,UTYPE_CODE,SUPPRESSED,OBS_ENT_CNT FROM RES_FEAT_EKEY WHERE RES_ENT_ID IN ($1,$2,$3,$4,$5,$6,$7,$8) AND FTYPE_ID IN ($9,$10,$11,$12,$13,$14,$15,$16,$17,$18,$19,$20,$21,$22,$23,$24,$25,$26,$27,$28,$29)",0,0,0,0,0,0,231,440.91168399999987,0.128311,105.21407500000001,1.9087085887445883,7.74694392373675,272506,8997,0,0,0,0,0,0,0,0,0,0,0,0,0,0,0,0,0,0,0,0,0,0,0,0,0,0,0,0,2026-08-27 15:50:50.33401+00,2026-08-27 15:50:50.33401+00
10,16384,t,-1544343296051492107,"FETCH 50 IN ""query-cursor_26""",0,0,0,0,0,0,6,0.023212000000000003,0.003283,0.004845,0.0038686666666666674,0.0005195291671846305,300,0,0,0,0,0,0,0,0,0,0,0,0,0,0,0,0,0,0,0,0,0,0,0,0,0,0,0,0,0,2026-08-27 13:53:15.566552+00,2026-08-27 13:53:15.566552+00
16410,16412,t,1850997875874490736,"SELECT RES_ENT_ID,LIB_FEAT_ID,FTYPE_ID,UTYPE_CODE,SUPPRESSED,OBS_ENT_CNT FROM RES_FEAT_EKEY WHERE RES_ENT_ID IN ($1) AND FTYPE_ID IN ($2,$3,$4,$5,$6,$7,$8,$9,$10,$11,$12,$13,$14,$15,$16,$17,$18,$19,$20,$21,$22,$23,$24,$25,$26,$27,$28,$29,$30,$31,$32,$33,$34,$35,$36,$37,$38,$39,$40,$41,$42,$43,$44,$45,$46,$47,$48,$49,$50)",0,0,0,0,0,0,8,1.234873,0.009464,0.930135,0.154359125,0.29706630191484085,0,51,0,0,0,0,0,0,0,0,0,0,0,0,0,0,0,0,0,0,0,0,0,0,0,0,0,0,0,0,2026-08-27 15:51:59.889118+00,2026-08-27 15:51:59.889118+00
10,16384,t,-6444170480619075191,"MOVE -434 IN ""query-cursor_48""",0,0,0,0,0,0,1,0.010392,0.010392,0.010392,0.010392,0,0,0,0,0,0,0,0,0,0,0,0,0,0,0,0,0,0,0,0,0,0,0,0,0,0,0,0,0,0,0,2026-08-27 14:15:15.568281+00,2026-08-27 14:15:15.568281+00
16410,16412,t,-3278084027652792806,"INSERT INTO RES_FEAT_EKEY(RES_ENT_ID,LIB_FEAT_ID,FTYPE_ID,UTYPE_CODE,SUPPRESSED,OBS_ENT_CNT) VALUES ($1,$2,$3,$4,$5,$6),($7,$8,$9,$10,$11,$12),($13,$14,$15,$16,$17,$18) ON CONFLICT DO NOTHING",0,0,0,0,0,0,61434,78368.43942199922,0.041309,615.038457,1.2756525608294955,5.701776263188102,184302,2315474,0,0,3276,0,0,0,0,0,0,0,143.28741099999996,0,0,0,0,0,0,0,0,0,0,0,0,0,0,0,0,0,2026-08-27 15:50:46.888232+00,2026-08-27 15:50:46.888232+00
10,16384,t,-8189493087599100821,"FETCH 0 IN ""query-cursor_232""",0,0,0,0,0,0,1,0.003748,0.003748,0.003748,0.003748,0,0,0,0,0,0,0,0,0,0,0,0,0,0,0,0,0,0,0,0,0,0,0,0,0,0,0,0,0,0,0,2026-08-27 17:29:15.580406+00,2026-08-27 17:29:15.580406+00
16410,16412,t,-7281832217859379588,"DELETE FROM RES_REL_EKEY WHERE (RES_ENT_ID,REL_ENT_ID,RES_REL_ID) IN (($1,$2,$3),($4,$5,$6),($7,$8,$9),($10,$11,$12))",0,0,0,0,0,0,3818,919.2003039999985,0.011571,15.900984,0.24075440125720232,1.0095039396315952,15179,67243,0,0,0,0,0,0,0,0,0,0,0,0,0,0,0,0,0,0,0,0,0,0,0,0,0,0,0,0,2026-08-27 15:51:00.395103+00,2026-08-27 15:51:00.395103+00
16410,16412,t,602789226349111836,"SELECT RES_ENT_ID,LIB_FEAT_ID,FTYPE_ID,UTYPE_CODE,SUPPRESSED,OBS_ENT_CNT FROM RES_FEAT_EKEY WHERE RES_ENT_ID IN ($1) AND FTYPE_ID IN ($2,$3,$4,$5,$6,$7,$8,$9,$10)",0,0,0,0,0,0,16752,1387.4176579999971,0.01357,33.701533999999995,0.08282101587870087,0.6626369397385735,279746,74196,0,0,0,0,0,0,0,0,0,0,0,0,0,0,0,0,0,0,0,0,0,0,0,0,0,0,0,0,2026-08-27 15:50:50.212687+00,2026-08-27 15:50:50.212687+00
16410,16412,t,-568525172407805593,"SELECT RES_ENT_ID,LIB_FEAT_ID,FTYPE_ID,UTYPE_CODE,SUPPRESSED,OBS_ENT_CNT FROM RES_FEAT_EKEY WHERE RES_ENT_ID IN ($1,$2,$3,$4,$5,$6,$7,$8,$9,$10,$11,$12,$13,$14,$15,$16) AND FTYPE_ID IN ($17,$18,$19,$20,$21)",0,0,0,0,0,0,55,45.752108,0.15603399999999998,10.478071,0.8318565090909091,1.9303086383632482,7841,2745,0,0,0,0,0,0,0,0,0,0,0,0,0,0,0,0,0,0,0,0,0,0,0,0,0,0,0,0,2026-08-27 16:02:02.030665+00,2026-08-27 16:02:02.030665+00
10,16384,t,-3157229710565521781,"FETCH 50 IN ""query-cursor_229""",0,0,0,0,0,0,43,0.160842,0.002699,0.006523,0.003740511627906977,0.0009685536657063274,2150,0,0,0,0,0,0,0,0,0,0,0,0,0,0,0,0,0,0,0,0,0,0,0,0,0,0,0,0,0,2026-08-27 17:26:15.586054+00,2026-08-27 17:26:15.586054+00
10,16384,t,5766475250464230685,"FETCH 43 IN ""query-cursor_241""",0,0,0,0,0,0,1,0.003748,0.003748,0.003748,0.003748,0,43,0,0,0,0,0,0,0,0,0,0,0,0,0,0,0,0,0,0,0,0,0,0,0,0,0,0,0,0,0,2026-08-27 17:38:15.600467+00,2026-08-27 17:38:15.600467+00
10,16384,t,-6176189726995199259,"FETCH 48 IN ""query-cursor_175""",0,0,0,0,0,0,1,0.003581,0.003581,0.003581,0.003581,0,48,0,0,0,0,0,0,0,0,0,0,0,0,0,0,0,0,0,0,0,0,0,0,0,0,0,0,0,0,0,2026-08-27 16:32:15.593677+00,2026-08-27 16:32:15.593677+00
10,16384,t,-8565758297849808301,"FETCH 20 IN ""query-cursor_245""",0,0,0,0,0,0,1,0.002095,0.002095,0.002095,0.002095,0,20,0,0,0,0,0,0,0,0,0,0,0,0,0,0,0,0,0,0,0,0,0,0,0,0,0,0,0,0,0,2026-08-27 17:42:15.600557+00,2026-08-27 17:42:15.600557+00
10,16384,t,-2803744130189847016,"MOVE ALL IN ""query-cursor_89""",0,0,0,0,0,0,1,1.225989,1.225989,1.225989,1.225989,0,0,0,0,0,0,0,0,0,0,0,0,0,0,0,0,0,0,0,0,0,0,0,0,0,0,0,0,0,0,0,2026-08-27 14:56:15.571377+00,2026-08-27 14:56:15.571377+00
10,16384,t,-2044121315814145767,"MOVE ALL IN ""query-cursor_104""",0,0,0,0,0,0,1,1.660747,1.660747,1.660747,1.660747,0,0,0,0,0,0,0,0,0,0,0,0,0,0,0,0,0,0,0,0,0,0,0,0,0,0,0,0,0,0,0,2026-08-27 15:11:15.57291+00,2026-08-27 15:11:15.57291+00
10,16384,t,-8913520441233631386,SELECT count(*) FROM pg_show_all_settings() WHERE name = $1 AND setting SIMILAR TO $2,0,0,0,0,0,0,25,37.75735900000001,1.427846,2.3929099999999996,1.5102943600000003,0.19517251398142715,25,0,0,0,0,0,0,0,0,0,0,0,0,0,0,0,0,0,0,0,0,0,0,0,0,0,0,0,0,0,2026-08-27 13:34:27.422598+00,2026-08-27 13:34:27.422598+00
10,16384,t,-3545305936074536352,"FETCH 45 IN ""query-cursor_50""",0,0,0,0,0,0,1,0.003251,0.003251,0.003251,0.003251,0,45,0,0,0,0,0,0,0,0,0,0,0,0,0,0,0,0,0,0,0,0,0,0,0,0,0,0,0,0,0,2026-08-27 14:17:15.570113+00,2026-08-27 14:17:15.570113+00
16410,16412,t,-8910961083236723782,DELETE FROM RES_RELATE WHERE RES_REL_ID IN ($1),0,0,0,0,0,0,19239,13659.422597,0.006098,11394.04219,0.7099861009927751,82.16442701135341,19162,97294,0,0,0,0,0,0,0,0,0,0,0,0,0,0,0,0,0,0,0,0,0,0,0,0,0,0,0,0,2026-08-27 15:51:02.80557+00,2026-08-27 15:51:02.80557+00
10,16384,t,-2457235639853408886,"MOVE ALL IN ""query-cursor_189""",0,0,0,0,0,0,1,4.589523,4.589523,4.589523,4.589523,0,0,0,0,0,0,0,0,0,0,0,0,0,0,0,0,0,0,0,0,0,0,0,0,0,0,0,0,0,0,0,2026-08-27 16:46:15.582108+00,2026-08-27 16:46:15.582108+00
10,16384,t,582935544749903618,"FETCH 0 IN ""query-cursor_159""",0,0,0,0,0,0,1,0.003793,0.003793,0.003793,0.003793,0,0,0,0,0,0,0,0,0,0,0,0,0,0,0,0,0,0,0,0,0,0,0,0,0,0,0,0,0,0,0,2026-08-27 16:11:15.575223+00,2026-08-27 16:11:15.575223+00
10,16384,t,7305591029231858815,"FETCH 50 IN ""query-cursor_110""",0,0,0,0,0,0,16,0.05083,0.002594,0.005968,0.003176875,0.000774662900476717,800,0,0,0,0,0,0,0,0,0,0,0,0,0,0,0,0,0,0,0,0,0,0,0,0,0,0,0,0,0,2026-08-27 15:17:15.57357+00,2026-08-27 15:17:15.57357+00
16410,16412,t,-4972692997460761528,SELECT LIB_FEAT_ID FROM SEMANTIC_VALUE WHERE LIB_FEAT_ID IN ($1),0,0,0,0,0,0,85607,1561.6482779999926,0.004989,20.223999,0.018242062892053133,0.1249386042808887,85607,391307,0,0,0,0,0,0,0,0,0,0,0,0,0,0,0,0,0,0,0,0,0,0,0,0,0,0,0,0,2026-08-27 15:50:57.842782+00,2026-08-27 15:50:57.842782+00
10,16384,t,-5313114070522881290,"MOVE -616 IN ""query-cursor_77""",0,0,0,0,0,0,1,0.013275,0.013275,0.013275,0.013275,0,0,0,0,0,0,0,0,0,0,0,0,0,0,0,0,0,0,0,0,0,0,0,0,0,0,0,0,0,0,0,2026-08-27 14:44:15.570722+00,2026-08-27 14:44:15.570722+00
16410,16412,t,1066745420934436780,"SELECT RES_ENT_ID,LIB_FEAT_ID,FTYPE_ID,UTYPE_CODE,SUPPRESSED,OBS_ENT_CNT FROM RES_FEAT_EKEY WHERE RES_ENT_ID IN ($1,$2,$3,$4,$5,$6,$7,$8,$9,$10,$11,$12,$13,$14,$15,$16,$17,$18,$19,$20,$21,$22,$23,$24,$25,$26,$27,$28,$29,$30,$31,$32,$33,$34,$35,$36,$37,$38,$39,$40,$41,$42,$43,$44,$45,$46,$47,$48,$49,$50,$51,$52,$53,$54,$55,$56,$57,$58,$59,$60,$61,$62,$63,$64) AND FTYPE_ID IN ($65,$66,$67,$68,$69,$70,$71,$72,$73,$74,$75,$76,$77,$78,$79,$80)",0,0,0,0,0,0,1199,41651.09111699998,1.0536409999999998,1428.68191,34.73819109007505,84.22916853434099,16726963,405351,0,0,0,0,0,0,0,0,0,0,0,0,0,0,0,0,0,0,0,0,0,0,0,0,0,0,0,0,2026-08-27 15:50:53.696994+00,2026-08-27 15:50:53.696994+00
16410,16412,t,-3275599645675314415,"SELECT RES_ENT_ID,LIB_FEAT_ID,FTYPE_ID,UTYPE_CODE,SUPPRESSED,OBS_ENT_CNT FROM RES_FEAT_EKEY WHERE RES_ENT_ID IN ($1,$2,$3,$4,$5,$6,$7,$8,$9,$10,$11,$12,$13,$14,$15,$16,$17,$18,$19,$20,$21,$22,$23,$24,$25,$26,$27,$28,$29,$30,$31,$32,$33,$34,$35,$36,$37,$38,$39,$40,$41,$42,$43,$44,$45,$46,$47,$48,$49,$50,$51,$52,$53,$54,$55,$56,$57,$58,$59,$60,$61,$62,$63,$64,$65,$66,$67,$68,$69,$70,$71,$72,$73,$74,$75,$76,$77,$78,$79,$80,$81,$82,$83,$84,$85,$86,$87) AND FTYPE_ID IN ($88,$89,$90,$91,$92,$93,$94,$95,$96,$97,$98,$99,$100)",0,0,0,0,0,0,598,59971.07262599999,3.76692,1608.9656,100.28607462541804,187.71127312036174,27770097,638628,0,0,0,0,0,0,0,0,0,0,0,0,0,0,0,0,0,0,0,0,0,0,0,0,0,0,0,0,2026-08-27 15:51:20.802032+00,2026-08-27 15:51:20.802032+00
10,16384,t,8166613444870590184,"MOVE -339 IN ""query-cursor_32""",0,0,0,0,0,0,1,0.011111,0.011111,0.011111,0.011111,0,0,0,0,0,0,0,0,0,0,0,0,0,0,0,0,0,0,0,0,0,0,0,0,0,0,0,0,0,0,0,2026-08-27 13:59:15.567034+00,2026-08-27 13:59:15.567034+00
10,16384,t,-4095398164941357951,"DECLARE ""query-cursor_173"" SCROLL CURSOR FOR select queryid, left(query, $1), calls, (total_plan_time + total_exec_time) as total_time from aurora_stat_statements($2) order by calls desc limit $3 FOR READ ONLY",0,0,0,0,0,0,1,0.0616,0.0616,0.0616,0.0616,0,0,0,0,0,0,0,0,0,0,0,0,0,0,0,0,0,0,0,0,0,0,0,0,0,0,0,0,0,0,0,2026-08-27 16:30:15.576165+00,2026-08-27 16:30:15.576165+00
10,16384,t,3945591324351174384,SET pg_stat_statements.track=$1,0,0,0,0,0,0,4,0.023954999999999997,0.005407,0.006384,0.005988749999999999,0.00039301614152601925,0,0,0,0,0,0,0,0,0,0,0,0,0,0,0,0,0,0,0,0,0,0,0,0,0,0,0,0,0,0,2026-08-27 13:26:58.438498+00,2026-08-27 13:26:58.438498+00
10,16384,t,7164068624886880203,"MOVE ALL IN ""query-cursor_53""",0,0,0,0,0,0,1,0.983261,0.983261,0.983261,0.983261,0,0,0,0,0,0,0,0,0,0,0,0,0,0,0,0,0,0,0,0,0,0,0,0,0,0,0,0,0,0,0,2026-08-27 14:20:15.568747+00,2026-08-27 14:20:15.568747+00
10,16384,t,3284693824152111817,"DECLARE ""query-cursor_222"" SCROLL CURSOR FOR select queryid, left(query, $1), calls, (total_plan_time + total_exec_time) as total_time from aurora_stat_statements($2) order by calls desc limit $3 FOR READ ONLY",0,0,0,0,0,0,1,0.06994,0.06994,0.06994,0.06994,0,0,0,0,0,0,0,0,0,0,0,0,0,0,0,0,0,0,0,0,0,0,0,0,0,0,0,0,0,0,0,2026-08-27 17:19:15.579694+00,2026-08-27 17:19:15.579694+00
10,16384,t,-3228738196331559616,"FETCH 0 IN ""query-cursor_132""",0,0,0,0,0,0,1,0.003519,0.003519,0.003519,0.003519,0,0,0,0,0,0,0,0,0,0,0,0,0,0,0,0,0,0,0,0,0,0,0,0,0,0,0,0,0,0,0,2026-08-27 15:39:15.5731+00,2026-08-27 15:39:15.5731+00
10,16384,t,-7756943615440581284,select oid from pg_tablespace where spcname = $1,0,0,0,0,0,0,1,1.257431,1.257431,1.257431,1.257431,0,1,1,1,0,0,0,0,0,0,0,0,1.231587,0,0,0,0,0,0,0,0,0,0,0,0,0,0,0,0,0,0,2026-08-27 13:26:59.150431+00,2026-08-27 13:26:59.150431+00
10,16384,t,5051957054509286765,"FETCH 0 IN ""query-cursor_145""",0,0,0,0,0,0,1,0.003628,0.003628,0.003628,0.003628,0,0,0,0,0,0,0,0,0,0,0,0,0,0,0,0,0,0,0,0,0,0,0,0,0,0,0,0,0,0,0,2026-08-27 15:52:15.57541+00,2026-08-27 15:52:15.57541+00
10,16384,t,5400227280791596808,"FETCH 39 IN ""query-cursor_232""",0,0,0,0,0,0,1,0.002923,0.002923,0.002923,0.002923,0,39,0,0,0,0,0,0,0,0,0,0,0,0,0,0,0,0,0,0,0,0,0,0,0,0,0,0,0,0,0,2026-08-27 17:29:15.599394+00,2026-08-27 17:29:15.599394+00
16410,16412,t,4041139757862332964,"SELECT RES_ENT_ID,LIB_FEAT_ID,FTYPE_ID,UTYPE_CODE,SUPPRESSED,OBS_ENT_CNT FROM RES_FEAT_EKEY WHERE RES_ENT_ID IN ($1) AND FTYPE_ID IN ($2,$3,$4,$5,$6,$7,$8,$9,$10,$11,$12,$13,$14,$15,$16,$17,$18,$19,$20,$21,$22,$23,$24)",0,0,0,0,0,0,21,6.525950999999999,0.038717,1.412259,0.3107595714285714,0.45165483533299355,8589,236,0,0,0,0,0,0,0,0,0,0,0,0,0,0,0,0,0,0,0,0,0,0,0,0,0,0,0,0,2026-08-27 15:50:47.463633+00,2026-08-27 15:50:47.463633+00
16410,16412,t,4531855162862574741,"SELECT RES_ENT_ID,LIB_FEAT_ID,FTYPE_ID,UTYPE_CODE,SUPPRESSED,OBS_ENT_CNT FROM RES_FEAT_EKEY WHERE RES_ENT_ID IN ($1,$2,$3,$4) AND FTYPE_ID IN ($5,$6,$7,$8,$9,$10,$11,$12,$13,$14,$15,$16,$17)",0,0,0,0,0,0,3998,1794.0936330000004,0.042443,49.318201,0.44874778214107064,1.8896429636146235,914238,69644,0,0,0,0,0,0,0,0,0,0,0,0,0,0,0,0,0,0,0,0,0,0,0,0,0,0,0,0,2026-08-27 15:50:48.888866+00,2026-08-27 15:50:48.888866+00
16410,16412,t,-1158957028104565609,"SELECT RES_ENT_ID,LIB_FEAT_ID,FTYPE_ID,UTYPE_CODE,SUPPRESSED,OBS_ENT_CNT FROM RES_FEAT_EKEY WHERE RES_ENT_ID IN ($1,$2) AND FTYPE_ID IN ($3,$4,$5,$6,$7,$8,$9,$10,$11,$12,$13,$14,$15,$16,$17,$18,$19,$20,$21,$22,$23,$24,$25,$26)",0,0,0,0,0,0,8,11.329329,0.163838,3.6805179999999997,1.416166125,1.3540368802403828,11669,163,0,0,0,0,0,0,0,0,0,0,0,0,0,0,0,0,0,0,0,0,0,0,0,0,0,0,0,0,2026-08-27 15:51:01.098119+00,2026-08-27 15:51:01.098119+00
10,16384,t,-201054892518528585,"FETCH 45 IN ""query-cursor_132""",0,0,0,0,0,0,1,0.003083,0.003083,0.003083,0.003083,0,45,0,0,0,0,0,0,0,0,0,0,0,0,0,0,0,0,0,0,0,0,0,0,0,0,0,0,0,0,0,2026-08-27 15:39:15.578405+00,2026-08-27 15:39:15.578405+00
10,16384,t,6080286841397719251,"FETCH 1 IN ""query-cursor_234""",0,0,0,0,0,0,1,0.001398,0.001398,0.001398,0.001398,0,1,0,0,0,0,0,0,0,0,0,0,0,0,0,0,0,0,0,0,0,0,0,0,0,0,0,0,0,0,0,2026-08-27 17:31:15.599233+00,2026-08-27 17:31:15.599233+00
10,16384,t,-4771772127532478709,"DECLARE ""query-cursor_52"" SCROLL CURSOR FOR select queryid, left(query, $1), calls, (total_plan_time + total_exec_time) as total_time from aurora_stat_statements($2) order by calls desc limit $3 FOR READ ONLY",0,0,0,0,0,0,1,0.061303,0.061303,0.061303,0.061303,0,0,0,0,0,0,0,0,0,0,0,0,0,0,0,0,0,0,0,0,0,0,0,0,0,0,0,0,0,0,0,2026-08-27 14:19:15.567588+00,2026-08-27 14:19:15.567588+00
10,16384,t,-4031958205249670818,"MOVE -922 IN ""query-cursor_128""",0,0,0,0,0,0,1,0.01836,0.01836,0.01836,0.01836,0,0,0,0,0,0,0,0,0,0,0,0,0,0,0,0,0,0,0,0,0,0,0,0,0,0,0,0,0,0,0,2026-08-27 15:35:15.574747+00,2026-08-27 15:35:15.574747+00
10,16384,t,372461125686850405,"DECLARE ""query-cursor_61"" SCROLL CURSOR FOR select queryid, left(query, $1), calls, (total_plan_time + total_exec_time) as total_time from aurora_stat_statements($2) order by calls desc limit $3 FOR READ ONLY",0,0,0,0,0,0,1,0.062012,0.062012,0.062012,0.062012,0,0,0,0,0,0,0,0,0,0,0,0,0,0,0,0,0,0,0,0,0,0,0,0,0,0,0,0,0,0,0,2026-08-27 14:28:15.568225+00,2026-08-27 14:28:15.568225+00
10,16384,t,5691517034732252972,"MOVE -574 IN ""query-cursor_70""",0,0,0,0,0,0,1,0.012743,0.012743,0.012743,0.012743,0,0,0,0,0,0,0,0,0,0,0,0,0,0,0,0,0,0,0,0,0,0,0,0,0,0,0,0,0,0,0,2026-08-27 14:37:15.570149+00,2026-08-27 14:37:15.570149+00
10,16384,t,851739641262664012,"FETCH 0 IN ""query-cursor_75""",0,0,0,0,0,0,1,0.003982,0.003982,0.003982,0.003982,0,0,0,0,0,0,0,0,0,0,0,0,0,0,0,0,0,0,0,0,0,0,0,0,0,0,0,0,0,0,0,2026-08-27 14:42:15.569223+00,2026-08-27 14:42:15.569223+00
10,16384,t,4685837933767979984,"DECLARE ""query-cursor_245"" SCROLL CURSOR FOR select queryid, left(query, $1), calls, (total_plan_time + total_exec_time) as total_time from aurora_stat_statements($2) order by calls desc limit $3 FOR READ ONLY",0,0,0,0,0,0,1,0.073858,0.073858,0.073858,0.073858,0,0,0,0,0,0,0,0,0,0,0,0,0,0,0,0,0,0,0,0,0,0,0,0,0,0,0,0,0,0,0,2026-08-27 17:42:15.58134+00,2026-08-27 17:42:15.58134+00
16410,16412,t,20317077661107500,"SELECT OBS_ENT_ID,DSRC_ID,ENT_SRC_KEY,LOCKING_ID,FEATURES FROM OBS_ENT WHERE OBS_ENT_ID IN ($1)",0,0,0,0,0,0,1763836,38437.934590999335,0.00425,57.354051000000005,0.021792238388942814,0.17135810648717947,1763836,8571336,0,0,0,0,0,0,0,0,0,0,0,0,0,0,0,0,0,0,0,0,0,0,0,0,0,0,0,0,2026-08-27 15:50:57.756853+00,2026-08-27 15:50:57.756853+00
10,16384,t,1588543583284508676,"DECLARE ""query-cursor_62"" SCROLL CURSOR FOR select queryid, left(query, $1), calls, (total_plan_time + total_exec_time) as total_time from aurora_stat_statements($2) order by calls desc limit $3 FOR READ ONLY",0,0,0,0,0,0,1,0.058293,0.058293,0.058293,0.058293,0,0,0,0,0,0,0,0,0,0,0,0,0,0,0,0,0,0,0,0,0,0,0,0,0,0,0,0,0,0,0,2026-08-27 14:29:15.56828+00,2026-08-27 14:29:15.56828+00
10,16384,t,4188846255336720841,"FETCH 50 IN ""query-cursor_193""",0,0,0,0,0,0,39,0.14749599999999996,0.002853,0.006597,0.003781948717948717,0.0009537319127892885,1950,0,0,0,0,0,0,0,0,0,0,0,0,0,0,0,0,0,0,0,0,0,0,0,0,0,0,0,0,0,2026-08-27 16:50:15.583186+00,2026-08-27 16:50:15.583186+00
10,16384,t,6715806362482302540,"MOVE ALL IN ""query-cursor_103""",0,0,0,0,0,0,1,1.617533,1.617533,1.617533,1.617533,0,0,0,0,0,0,0,0,0,0,0,0,0,0,0,0,0,0,0,0,0,0,0,0,0,0,0,0,0,0,0,2026-08-27 15:10:15.57279+00,2026-08-27 15:10:15.57279+00
10,16384,t,6733676205629746737,"MOVE -496 IN ""query-cursor_58""",0,0,0,0,0,0,1,0.011187,0.011187,0.011187,0.011187,0,0,0,0,0,0,0,0,0,0,0,0,0,0,0,0,0,0,0,0,0,0,0,0,0,0,0,0,0,0,0,2026-08-27 14:25:15.569143+00,2026-08-27 14:25:15.569143+00
10,16384,t,6055806012909596199,"FETCH 0 IN ""query-cursor_115""",0,0,0,0,0,0,1,0.004078,0.004078,0.004078,0.004078,0,0,0,0,0,0,0,0,0,0,0,0,0,0,0,0,0,0,0,0,0,0,0,0,0,0,0,0,0,0,0,2026-08-27 15:22:15.571924+00,2026-08-27 15:22:15.571924+00
10,16384,t,7907160407996923235,"FETCH 50 IN ""query-cursor_32""",0,0,0,0,0,0,6,0.022222000000000002,0.00288,0.00582,0.003703666666666667,0.0009795804657550542,300,0,0,0,0,0,0,0,0,0,0,0,0,0,0,0,0,0,0,0,0,0,0,0,0,0,0,0,0,0,2026-08-27 13:59:15.567073+00,2026-08-27 13:59:15.567073+00
10,16384,t,9067284154550215889,"DECLARE ""query-cursor_197"" SCROLL CURSOR FOR select queryid, left(query, $1), calls, (total_plan_time + total_exec_time) as total_time from aurora_stat_statements($2) order by calls desc limit $3 FOR READ ONLY",0,0,0,0,0,0,1,0.070876,0.070876,0.070876,0.070876,0,0,0,0,0,0,0,0,0,0,0,0,0,0,0,0,0,0,0,0,0,0,0,0,0,0,0,0,0,0,0,2026-08-27 16:54:15.578058+00,2026-08-27 16:54:15.578058+00
10,16384,t,-9063959118915016649,"MOVE -676 IN ""query-cursor_87""",0,0,0,0,0,0,1,0.014481,0.014481,0.014481,0.014481,0,0,0,0,0,0,0,0,0,0,0,0,0,0,0,0,0,0,0,0,0,0,0,0,0,0,0,0,0,0,0,2026-08-27 14:54:15.571497+00,2026-08-27 14:54:15.571497+00
10,16384,t,-3678091648348502076,"MOVE ALL IN ""query-cursor_245""",0,0,0,0,0,0,1,5.384975,5.384975,5.384975,5.384975,0,0,0,0,0,0,0,0,0,0,0,0,0,0,0,0,0,0,0,0,0,0,0,0,0,0,0,0,0,0,0,2026-08-27 17:42:15.586821+00,2026-08-27 17:42:15.586821+00
10,16384,t,3467710589410271349,"FETCH 50 IN ""query-cursor_87""",0,0,0,0,0,0,13,0.044092,0.00276,0.005821,0.003391692307692308,0.0007972710555982038,650,0,0,0,0,0,0,0,0,0,0,0,0,0,0,0,0,0,0,0,0,0,0,0,0,0,0,0,0,0,2026-08-27 14:54:15.571535+00,2026-08-27 14:54:15.571535+00
10,16384,t,-5547182866504744805,"FETCH 0 IN ""query-cursor_83""",0,0,0,0,0,0,1,0.003292,0.003292,0.003292,0.003292,0,0,0,0,0,0,0,0,0,0,0,0,0,0,0,0,0,0,0,0,0,0,0,0,0,0,0,0,0,0,0,2026-08-27 14:50:15.569678+00,2026-08-27 14:50:15.569678+00
10,16384,t,3979454819405355482,"MOVE ALL IN ""query-cursor_168""",0,0,0,0,0,0,1,5.0259,5.0259,5.0259,5.0259,0,0,0,0,0,0,0,0,0,0,0,0,0,0,0,0,0,0,0,0,0,0,0,0,0,0,0,0,0,0,0,2026-08-27 16:25:15.580944+00,2026-08-27 16:25:15.580944+00
10,16384,t,5733201092801933488,SET password_encryption = $1,0,0,0,0,0,0,1,0.010475,0.010475,0.010475,0.010475,0,0,0,0,0,0,0,0,0,0,0,0,0,0,0,0,0,0,0,0,0,0,0,0,0,0,0,0,0,0,0,2026-08-27 13:28:50.155447+00,2026-08-27 13:28:50.155447+00
16410,16412,t,3669007116668307495,"UPDATE RES_RELATE AS T SET IS_DISCLOSED=C.IS_DISCLOSED,IS_AMBIGUOUS=C.IS_AMBIGUOUS,LAST_ERRULE_ID=C.LAST_ERRULE_ID,MATCH_KEY=C.MATCH_KEY,MATCH_KEY_DETAILS=C.MATCH_KEY_DETAILS,MATCH_LEVELS=C.MATCH_LEVELS FROM (VALUES (CAST ($1 AS BIGINT),CAST ($2 AS BIGINT),CAST ($3 AS BIGINT),CAST ($4 AS BIGINT),$5,$6,$7),(CAST ($8 AS BIGINT),CAST ($9 AS BIGINT),CAST ($10 AS BIGINT),CAST ($11 AS BIGINT),$12,$13,$14),(CAST ($15 AS BIGINT),CAST ($16 AS BIGINT),CAST ($17 AS BIGINT),CAST ($18 AS BIGINT),$19,$20,$21)) AS C(RES_REL_ID,IS_DISCLOSED,IS_AMBIGUOUS,LAST_ERRULE_ID,MATCH_KEY,MATCH_KEY_DETAILS,MATCH_LEVELS) WHERE C.RES_REL_ID=T.RES_REL_ID",0,0,0,0,0,0,4092,3235.5923149999985,0.027178,290.253146,0.7907117094330397,5.565124161010319,12268,138351,0,0,859,0,0,0,0,0,0,0,62.85260899999998,0,0,0,0,0,0,0,0,0,0,0,0,0,0,0,0,0,2026-08-27 15:51:10.421033+00,2026-08-27 15:51:10.421033+00
16410,16412,t,5144827462131354222,"INSERT INTO RES_ENT(RES_ENT_ID,LAST_TOUCH_DT,LOCKING_ID,ENT_STATE) VALUES ($1,$2,$3,$4) ON CONFLICT DO NOTHING",0,0,0,0,0,0,992971,642953.2563989876,0.007121,4741.887737,0.6475045659933549,9.305421314674298,991784,8056790,0,0,15520,0,0,0,0,0,0,0,526.6415999999997,0,0,0,0,0,0,0,0,0,0,0,0,0,0,0,0,0,2026-08-27 15:50:46.844363+00,2026-08-27 15:50:46.844363+00
16410,16412,t,-1160734075211199696,"INSERT INTO RES_ENT_OKEY(OBS_ENT_ID,RES_ENT_ID,ERRULE_ID,MATCH_KEY) VALUES ($1,$2,$3,$4) ON CONFLICT DO NOTHING",0,0,0,0,0,0,996694,536175.9625880248,0.008439,605.352266,0.5379544399665542,7.655765694095258,996667,10887506,1,0,40531,0,0,0,0,0,0,0,1263.2777869999936,0,0,0,0,0,0,0,0,0,0,0,0,0,0,0,0,0,2026-08-27 15:50:46.8836+00,2026-08-27 15:50:46.8836+00
16410,16412,t,-7216438724184009132,"UPDATE RES_RELATE AS T SET IS_DISCLOSED=C.IS_DISCLOSED,IS_AMBIGUOUS=C.IS_AMBIGUOUS,LAST_ERRULE_ID=C.LAST_ERRULE_ID,MATCH_KEY=C.MATCH_KEY,MATCH_KEY_DETAILS=C.MATCH_KEY_DETAILS,MATCH_LEVELS=C.MATCH_LEVELS FROM (VALUES (CAST ($1 AS BIGINT),CAST ($2 AS BIGINT),CAST ($3 AS BIGINT),CAST ($4 AS BIGINT),$5,$6,$7),(CAST ($8 AS BIGINT),CAST ($9 AS BIGINT),CAST ($10 AS BIGINT),CAST ($11 AS BIGINT),$12,$13,$14),(CAST ($15 AS BIGINT),CAST ($16 AS BIGINT),CAST ($17 AS BIGINT),CAST ($18 AS BIGINT),$19,$20,$21),(CAST ($22 AS BIGINT),CAST ($23 AS BIGINT),CAST ($24 AS BIGINT),CAST ($25 AS BIGINT),$26,$27,$28),(CAST ($29 AS BIGINT),CAST ($30 AS BIGINT),CAST ($31 AS BIGINT),CAST ($32 AS BIGINT),$33,$34,$35),(CAST ($36 AS BIGINT),CAST ($37 AS BIGINT),CAST ($38 AS BIGINT),CAST ($39 AS BIGINT),$40,$41,$42),(CAST ($43 AS BIGINT),CAST ($44 AS BIGINT),CAST ($45 AS BIGINT),CAST ($46 AS BIGINT),$47,$48,$49),(CAST ($50 AS BIGINT),CAST ($51 AS BIGINT),CAST ($52 AS BIGINT),CAST ($53 AS BIGINT),$54,$55,$56)) AS C(RES_REL_ID,IS_DISCLOSED,IS_AMBIGUOUS,LAST_ERRULE_ID,MATCH_KEY,MATCH_KEY_DETAILS,MATCH_LEVELS) WHERE C.RES_REL_ID=T.RES_REL_ID",0,0,0,0,0,0,791,1981.9918050000003,0.08547199999999999,298.69325499999997,2.5056786409608094,12.526855268339457,6326,72165,0,0,446,0,0,0,0,0,0,0,33.770170000000036,0,0,0,0,0,0,0,0,0,0,0,0,0,0,0,0,0,2026-08-27 15:51:30.600204+00,2026-08-27 15:51:30.600204+00
10,16384,t,7486481472709924374,"MOVE ALL IN ""query-cursor_244""",0,0,0,0,0,0,1,5.929059,5.929059,5.929059,5.929059,0,0,0,0,0,0,0,0,0,0,0,0,0,0,0,0,0,0,0,0,0,0,0,0,0,0,0,0,0,0,0,2026-08-27 17:41:15.587287+00,2026-08-27 17:41:15.587287+00
16410,16412,t,2744164938674469662,"SELECT RES_ENT_ID,LIB_FEAT_ID,FTYPE_ID,UTYPE_CODE,SUPPRESSED,OBS_ENT_CNT FROM RES_FEAT_EKEY WHERE RES_ENT_ID IN ($1,$2,$3,$4,$5,$6,$7,$8,$9,$10,$11,$12,$13,$14,$15,$16,$17,$18,$19,$20,$21,$22,$23,$24,$25,$26,$27,$28,$29,$30,$31,$32) AND FTYPE_ID IN ($33,$34,$35,$36,$37,$38,$39,$40,$41,$42)",0,0,0,0,0,0,3673,12729.85559500005,0.287632,267.132861,3.4657924298938334,10.836511002199549,5393969,569634,0,0,0,0,0,0,0,0,0,0,0,0,0,0,0,0,0,0,0,0,0,0,0,0,0,0,0,0,2026-08-27 15:50:54.216466+00,2026-08-27 15:50:54.216466+00
10,16384,t,9073840117101036579,"MOVE -1596 IN ""query-cursor_148""",0,0,0,0,0,0,1,0.03144,0.03144,0.03144,0.03144,0,0,0,0,0,0,0,0,0,0,0,0,0,0,0,0,0,0,0,0,0,0,0,0,0,0,0,0,0,0,0,2026-08-27 15:55:15.579499+00,2026-08-27 15:55:15.579499+00
10,16384,t,1139516210833837192,"FETCH 10 IN ""query-cursor_177""",0,0,0,0,0,0,1,0.001677,0.001677,0.001677,0.001677,0,10,0,0,0,0,0,0,0,0,0,0,0,0,0,0,0,0,0,0,0,0,0,0,0,0,0,0,0,0,0,2026-08-27 16:34:15.593329+00,2026-08-27 16:34:15.593329+00
16410,16412,t,6208157416651455230,"SELECT RES_ENT_ID,LIB_FEAT_ID,FTYPE_ID,UTYPE_CODE,SUPPRESSED,OBS_ENT_CNT FROM RES_FEAT_EKEY WHERE RES_ENT_ID IN ($1,$2) AND FTYPE_ID IN ($3,$4,$5,$6,$7,$8)",0,0,0,0,0,0,825,105.91848399999995,0.023064,19.83567,0.12838604121212116,0.8021155932081089,20393,7091,0,0,0,0,0,0,0,0,0,0,0,0,0,0,0,0,0,0,0,0,0,0,0,0,0,0,0,0,2026-08-27 15:51:19.571603+00,2026-08-27 15:51:19.571603+00
10,16384,t,5276178003536705631,"FETCH 0 IN ""query-cursor_201""",0,0,0,0,0,0,1,0.003963,0.003963,0.003963,0.003963,0,0,0,0,0,0,0,0,0,0,0,0,0,0,0,0,0,0,0,0,0,0,0,0,0,0,0,0,0,0,0,2026-08-27 16:58:15.578367+00,2026-08-27 16:58:15.578367+00
16410,16412,t,2831336429763433927,"SELECT RES_ENT_ID,LIB_FEAT_ID,FTYPE_ID,UTYPE_CODE,SUPPRESSED,OBS_ENT_CNT FROM RES_FEAT_EKEY WHERE RES_ENT_ID IN ($1,$2) AND FTYPE_ID IN ($3,$4,$5,$6,$7,$8,$9,$10,$11,$12,$13,$14,$15,$16,$17,$18,$19,$20)",0,0,0,0,0,0,442,217.60349099999982,0.041144,46.19569,0.49231559049773715,2.6038385500109498,167908,5507,0,0,0,0,0,0,0,0,0,0,0,0,0,0,0,0,0,0,0,0,0,0,0,0,0,0,0,0,2026-08-27 15:50:48.869958+00,2026-08-27 15:50:48.869958+00
10,16384,t,2381552299617647436,"select queryid, calls, (total_plan_time + total_exec_time) as total_time, rows, shared_blks_hit, shared_blks_dirtied, shared_blks_read, shared_blks_written, local_blks_hit, local_blks_dirtied, local_blks_read, local_blks_written, temp_blks_read, temp_blks_written, storage_blks_read, orcache_blks_hit, shared_blk_read_time as blk_read_time, shared_blk_write_time as blk_write_time, storage_blk_read_time, local_blk_read_time, orcache_blk_read_time, total_plan_time, total_exec_time from aurora_stat_statements($1) where queryid in ($2, $3, $4, $5, $6, $7, $8, $9, $10, $11, $12, $13, $14, $15, $16, $17, $18, $19, $20, $21, $22, $23, $24, $25, $26, $27, $28, $29, $30, $31, $32, $33, $34, $35, $36, $37, $38, $39, $40, $41, $42, $43, $44, $45, $46, $47, $48, $49, $50, $51, $52, $53, $54, $55, $56, $57, $58, $59, $60, $61, $62, $63, $64, $65, $66, $67, $68, $69, $70)",0,0,0,0,0,0,3,5.923734,1.719032,2.3435040000000003,1.974578,0.26724843372911783,216,0,0,0,0,0,0,0,0,0,0,0,0,0,0,0,0,0,0,0,0,0,0,0,0,0,0,0,0,0,2026-08-27 15:51:25.578804+00,2026-08-27 15:51:25.578804+00
10,16384,t,-4162298621546806041,"MOVE -374 IN ""query-cursor_38""",0,0,0,0,0,0,1,0.008614,0.008614,0.008614,0.008614,0,0,0,0,0,0,0,0,0,0,0,0,0,0,0,0,0,0,0,0,0,0,0,0,0,0,0,0,0,0,0,2026-08-27 14:05:15.567559+00,2026-08-27 14:05:15.567559+00
10,16384,t,-3449352555082481011,"FETCH 40 IN ""query-cursor_24""",0,0,0,0,0,0,1,0.003213,0.003213,0.003213,0.003213,0,40,0,0,0,0,0,0,0,0,0,0,0,0,0,0,0,0,0,0,0,0,0,0,0,0,0,0,0,0,0,2026-08-27 13:51:15.567444+00,2026-08-27 13:51:15.567444+00
16410,16412,t,4421785834427340622,"INSERT INTO RES_FEAT_STAT(LIB_FEAT_ID,FTYPE_ID,NUM_RES_ENT,NUM_RES_ENT_OOM) VALUES ($1,$2,$3,$4) ON CONFLICT DO NOTHING",0,0,0,0,0,0,11222,6934.306522000029,0.015769000000000002,239.10323499999998,0.6179207380146168,4.768327200920919,11222,92367,0,0,177,0,0,0,0,0,0,0,46.26687900000002,0,0,0,0,0,0,0,0,0,0,0,0,0,0,0,0,0,2026-08-27 15:50:46.957076+00,2026-08-27 15:50:46.957076+00
10,16384,t,-7713237334860130126,"select num_timed as checkpoints_timed, num_requested as checkpoints_req, write_time as checkpoint_write_time, sync_time as checkpoint_sync_time, buffers_written as buffers_checkpoint from pg_stat_checkpointer",0,0,0,0,0,0,245,5.3271000000000015,0.016384000000000003,0.071678,0.021743265306122455,0.006606715710595778,245,0,0,0,0,0,0,0,0,0,0,0,0,0,0,0,0,0,0,0,0,0,0,0,0,0,0,0,0,0,2026-08-27 13:28:15.112279+00,2026-08-27 13:28:15.112279+00
10,16384,t,-5178670364734574159,"FETCH 30 IN ""query-cursor_17""",0,0,0,0,0,0,1,0.002947,0.002947,0.002947,0.002947,0,30,0,0,0,0,0,0,0,0,0,0,0,0,0,0,0,0,0,0,0,0,0,0,0,0,0,0,0,0,0,2026-08-27 13:44:15.566551+00,2026-08-27 13:44:15.566551+00
16410,16412,t,967341379096754148,"UPDATE RES_FEAT_EKEY AS T SET SUPPRESSED = C.SUPPRESSED FROM (VALUES (CAST ($1 AS BIGINT),CAST ($2 AS BIGINT),$3,$4),(CAST ($5 AS BIGINT),CAST ($6 AS BIGINT),$7,$8),(CAST ($9 AS BIGINT),CAST ($10 AS BIGINT),$11,$12),(CAST ($13 AS BIGINT),CAST ($14 AS BIGINT),$15,$16),(CAST ($17 AS BIGINT),CAST ($18 AS BIGINT),$19,$20),(CAST ($21 AS BIGINT),CAST ($22 AS BIGINT),$23,$24),(CAST ($25 AS BIGINT),CAST ($26 AS BIGINT),$27,$28),(CAST ($29 AS BIGINT),CAST ($30 AS BIGINT),$31,$32),(CAST ($33 AS BIGINT),CAST ($34 AS BIGINT),$35,$36),(CAST ($37 AS BIGINT),CAST ($38 AS BIGINT),$39,$40),(CAST ($41 AS BIGINT),CAST ($42 AS BIGINT),$43,$44),(CAST ($45 AS BIGINT),CAST ($46 AS BIGINT),$47,$48),(CAST ($49 AS BIGINT),CAST ($50 AS BIGINT),$51,$52),(CAST ($53 AS BIGINT),CAST ($54 AS BIGINT),$55,$56)) AS C(RES_ENT_ID,LIB_FEAT_ID,UTYPE_CODE,SUPPRESSED) WHERE C.RES_ENT_ID=T.RES_ENT_ID AND C.LIB_FEAT_ID=T.LIB_FEAT_ID AND C.UTYPE_CODE=T.UTYPE_CODE",0,0,0,0,0,0,145,402.8880799999999,0.095373,71.777444,2.77853848275862,8.018569227583619,2030,23044,0,0,5,0,0,0,0,0,0,0,3.436416,0,0,0,0,0,0,0,0,0,0,0,0,0,0,0,0,0,2026-08-27 15:51:13.31762+00,2026-08-27 15:51:13.31762+00
10,16384,t,-136148264956630609,"DECLARE ""query-cursor_93"" SCROLL CURSOR FOR select queryid, left(query, $1), calls, (total_plan_time + total_exec_time) as total_time from aurora_stat_statements($2) order by calls desc limit $3 FOR READ ONLY",0,0,0,0,0,0,1,0.065509,0.065509,0.065509,0.065509,0,0,0,0,0,0,0,0,0,0,0,0,0,0,0,0,0,0,0,0,0,0,0,0,0,0,0,0,0,0,0,2026-08-27 15:00:15.570469+00,2026-08-27 15:00:15.570469+00
16410,16412,t,6072016675911376610,"SELECT RES_REL_ID,MIN_RES_ENT_ID,MAX_RES_ENT_ID,IS_DISCLOSED,IS_AMBIGUOUS,LAST_ERRULE_ID,MATCH_LEVELS,MATCH_KEY,MATCH_KEY_DETAILS FROM RES_RELATE WHERE RES_REL_ID IN ($1,$2)",0,0,0,0,0,0,117168,3635.21708699993,0.006629,30.549611000000002,0.03102568181585356,0.22950026852420982,234333,798042,0,0,0,0,0,0,0,0,0,0,0,0,0,0,0,0,0,0,0,0,0,0,0,0,0,0,0,0,2026-08-27 15:50:59.920393+00,2026-08-27 15:50:59.920393+00
10,16384,t,5313243288373973470,"FETCH 33 IN ""query-cursor_130""",0,0,0,0,0,0,1,0.002627,0.002627,0.002627,0.002627,0,33,0,0,0,0,0,0,0,0,0,0,0,0,0,0,0,0,0,0,0,0,0,0,0,0,0,0,0,0,0,2026-08-27 15:37:15.578237+00,2026-08-27 15:37:15.578237+00
10,16384,t,-2916518846240547969,SELECT pg_catalog.count(*) FROM pg_catalog.pg_roles WHERE rolname = $1,0,0,0,0,0,0,25,0.15342899999999995,0.004381,0.011748,0.006137159999999998,0.001954992985767468,25,25,0,0,0,0,0,0,0,0,0,0,0,0,0,0,0,0,0,0,0,0,0,0,0,0,0,0,0,0,2026-08-27 13:35:56.784167+00,2026-08-27 13:35:56.784167+00
10,16384,t,1272018452025876887,"MOVE -194 IN ""query-cursor_11""",0,0,0,0,0,0,1,0.005598,0.005598,0.005598,0.005598,0,0,0,0,0,0,0,0,0,0,0,0,0,0,0,0,0,0,0,0,0,0,0,0,0,0,0,0,0,0,0,2026-08-27 13:38:15.56517+00,2026-08-27 13:38:15.56517+00
16410,16412,t,5347257757004569668,DEALLOCATE $1,0,0,0,0,0,0,2098390,14342.567757999026,0.001482,24.449438,0.006835034363487734,0.062238546194089694,0,0,0,0,0,0,0,0,0,0,0,0,0,0,0,0,0,0,0,0,0,0,0,0,0,0,0,0,0,0,2026-08-27 15:50:50.250658+00,2026-08-27 15:50:50.250658+00
10,16384,t,-3484217816290171738,"MOVE -664 IN ""query-cursor_85""",0,0,0,0,0,0,1,0.014175,0.014175,0.014175,0.014175,0,0,0,0,0,0,0,0,0,0,0,0,0,0,0,0,0,0,0,0,0,0,0,0,0,0,0,0,0,0,0,2026-08-27 14:52:15.571495+00,2026-08-27 14:52:15.571495+00
10,16384,t,-8019215729977683814,"FETCH 31 IN ""query-cursor_214""",0,0,0,0,0,0,1,0.002753,0.002753,0.002753,0.002753,0,31,0,0,0,0,0,0,0,0,0,0,0,0,0,0,0,0,0,0,0,0,0,0,0,0,0,0,0,0,0,2026-08-27 17:11:15.597734+00,2026-08-27 17:11:15.597734+00
10,16384,t,-4673608005675079796,"FETCH 50 IN ""query-cursor_199""",0,0,0,0,0,0,39,0.187192,0.00315,0.016882,0.004799794871794872,0.002493644353762305,1950,0,0,0,0,0,0,0,0,0,0,0,0,0,0,0,0,0,0,0,0,0,0,0,0,0,0,0,0,0,2026-08-27 16:56:15.583956+00,2026-08-27 16:56:15.583956+00
10,16384,t,-1809599985601987750,"DECLARE ""query-cursor_127"" SCROLL CURSOR FOR select queryid, left(query, $1), calls, (total_plan_time + total_exec_time) as total_time from aurora_stat_statements($2) order by calls desc limit $3 FOR READ ONLY",0,0,0,0,0,0,1,0.058564,0.058564,0.058564,0.058564,0,0,0,0,0,0,0,0,0,0,0,0,0,0,0,0,0,0,0,0,0,0,0,0,0,0,0,0,0,0,0,2026-08-27 15:34:15.572721+00,2026-08-27 15:34:15.572721+00
10,16384,t,5088639928044245851,"FETCH 50 IN ""query-cursor_101""",0,0,0,0,0,0,15,0.050581,0.002794,0.005575,0.0033720666666666667,0.0008136214079997869,750,0,0,0,0,0,0,0,0,0,0,0,0,0,0,0,0,0,0,0,0,0,0,0,0,0,0,0,0,0,2026-08-27 15:08:15.572874+00,2026-08-27 15:08:15.572874+00
10,16384,t,3920666717222027338,"MOVE ALL IN ""query-cursor_154""",0,0,0,0,0,0,1,8.23298,8.23298,8.23298,8.23298,0,0,0,0,0,0,0,0,0,0,0,0,0,0,0,0,0,0,0,0,0,0,0,0,0,0,0,0,0,0,0,2026-08-27 16:02:15.63616+00,2026-08-27 16:02:15.63616+00
10,16384,t,8655444699764127306,"DECLARE ""query-cursor_77"" SCROLL CURSOR FOR select queryid, left(query, $1), calls, (total_plan_time + total_exec_time) as total_time from aurora_stat_statements($2) order by calls desc limit $3 FOR READ ONLY",0,0,0,0,0,0,1,0.063328,0.063328,0.063328,0.063328,0,0,0,0,0,0,0,0,0,0,0,0,0,0,0,0,0,0,0,0,0,0,0,0,0,0,0,0,0,0,0,2026-08-27 14:44:15.56933+00,2026-08-27 14:44:15.56933+00
10,16384,t,663204733614471208,"DECLARE ""query-cursor_203"" SCROLL CURSOR FOR select queryid, left(query, $1), calls, (total_plan_time + total_exec_time) as total_time from aurora_stat_statements($2) order by calls desc limit $3 FOR READ ONLY",0,0,0,0,0,0,1,0.066829,0.066829,0.066829,0.066829,0,0,0,0,0,0,0,0,0,0,0,0,0,0,0,0,0,0,0,0,0,0,0,0,0,0,0,0,0,0,0,2026-08-27 17:00:15.578356+00,2026-08-27 17:00:15.578356+00
10,16384,t,-1981488734533645639,"FETCH 50 IN ""query-cursor_155""",0,0,0,0,0,0,33,0.49358900000000006,0.009342,0.02504,0.014957242424242427,0.004519443945619208,1650,0,0,0,0,0,0,0,0,0,0,0,0,0,0,0,0,0,0,0,0,0,0,0,0,0,0,0,0,0,2026-08-27 16:03:15.619792+00,2026-08-27 16:03:15.619792+00
16410,16412,t,-7896190497222449456,UPDATE OBS_ENT SET LOCK_DSRC_ACTION=$1 WHERE OBS_ENT_ID=$2,0,0,0,0,0,0,301468,163240.9061789949,0.011813,4422.435126,0.5414866791135208,15.669310707893306,301468,4037323,1,0,10692,0,0,0,0,0,0,0,493.33748800000154,0,0,0,0,0,0,0,0,0,0,0,0,0,0,0,0,0,2026-08-27 15:50:57.791117+00,2026-08-27 15:50:57.791117+00
10,16384,t,-3454884625547215102,"FETCH 0 IN ""query-cursor_153""",0,0,0,0,0,0,1,0.007096,0.007096,0.007096,0.007096,0,0,0,0,0,0,0,0,0,0,0,0,0,0,0,0,0,0,0,0,0,0,0,0,0,0,0,0,0,0,0,2026-08-27 16:01:16.213017+00,2026-08-27 16:01:16.213017+00
10,16384,t,-2770684651982844038,"FETCH 23 IN ""query-cursor_38""",0,0,0,0,0,0,1,0.002296,0.002296,0.002296,0.002296,0,23,0,0,0,0,0,0,0,0,0,0,0,0,0,0,0,0,0,0,0,0,0,0,0,0,0,0,0,0,0,2026-08-27 14:05:15.568897+00,2026-08-27 14:05:15.568897+00
16410,16412,t,-3439576889678045830,"UPDATE RES_RELATE AS T SET IS_DISCLOSED=C.IS_DISCLOSED,IS_AMBIGUOUS=C.IS_AMBIGUOUS,LAST_ERRULE_ID=C.LAST_ERRULE_ID,MATCH_KEY=C.MATCH_KEY,MATCH_KEY_DETAILS=C.MATCH_KEY_DETAILS,MATCH_LEVELS=C.MATCH_LEVELS FROM (VALUES (CAST ($1 AS BIGINT),CAST ($2 AS BIGINT),CAST ($3 AS BIGINT),CAST ($4 AS BIGINT),$5,$6,$7),(CAST ($8 AS BIGINT),CAST ($9 AS BIGINT),CAST ($10 AS BIGINT),CAST ($11 AS BIGINT),$12,$13,$14),(CAST ($15 AS BIGINT),CAST ($16 AS BIGINT),CAST ($17 AS BIGINT),CAST ($18 AS BIGINT),$19,$20,$21),(CAST ($22 AS BIGINT),CAST ($23 AS BIGINT),CAST ($24 AS BIGINT),CAST ($25 AS BIGINT),$26,$27,$28),(CAST ($29 AS BIGINT),CAST ($30 AS BIGINT),CAST ($31 AS BIGINT),CAST ($32 AS BIGINT),$33,$34,$35),(CAST ($36 AS BIGINT),CAST ($37 AS BIGINT),CAST ($38 AS BIGINT),CAST ($39 AS BIGINT),$40,$41,$42),(CAST ($43 AS BIGINT),CAST ($44 AS BIGINT),CAST ($45 AS BIGINT),CAST ($46 AS BIGINT),$47,$48,$49),(CAST ($50 AS BIGINT),CAST ($51 AS BIGINT),CAST ($52 AS BIGINT),CAST ($53 AS BIGINT),$54,$55,$56),(CAST ($57 AS BIGINT),CAST ($58 AS BIGINT),CAST ($59 AS BIGINT),CAST ($60 AS BIGINT),$61,$62,$63),(CAST ($64 AS BIGINT),CAST ($65 AS BIGINT),CAST ($66 AS BIGINT),CAST ($67 AS BIGINT),$68,$69,$70),(CAST ($71 AS BIGINT),CAST ($72 AS BIGINT),CAST ($73 AS BIGINT),CAST ($74 AS BIGINT),$75,$76,$77),(CAST ($78 AS BIGINT),CAST ($79 AS BIGINT),CAST ($80 AS BIGINT),CAST ($81 AS BIGINT),$82,$83,$84),(CAST ($85 AS BIGINT),CAST ($86 AS BIGINT),CAST ($87 AS BIGINT),CAST ($88 AS BIGINT),$89,$90,$91)) AS C(RES_REL_ID,IS_DISCLOSED,IS_AMBIGUOUS,LAST_ERRULE_ID,MATCH_KEY,MATCH_KEY_DETAILS,MATCH_LEVELS) WHERE C.RES_REL_ID=T.RES_REL_ID",0,0,0,0,0,0,132,574.3307629999998,0.215292,70.945727,4.350990628787877,11.739347102692232,1714,20210,0,0,121,0,0,0,0,0,0,0,1.9875149999999997,0,0,0,0,0,0,0,0,0,0,0,0,0,0,0,0,0,2026-08-27 15:51:58.605513+00,2026-08-27 15:51:58.605513+00
10,16384,t,568825620565498524,"MOVE ALL IN ""query-cursor_100""",0,0,0,0,0,0,1,1.700362,1.700362,1.700362,1.700362,0,0,0,0,0,0,0,0,0,0,0,0,0,0,0,0,0,0,0,0,0,0,0,0,0,0,0,0,0,0,0,2026-08-27 15:07:15.572688+00,2026-08-27 15:07:15.572688+00
16410,16412,t,-2833006144402009043,"UPDATE RES_FEAT_EKEY AS T SET SUPPRESSED=C.SUPPRESSED,OBS_ENT_CNT=C.OBS_ENT_CNT FROM (VALUES (CAST ($1 AS BIGINT),CAST ($2 AS BIGINT),$3,$4,CAST ($5 AS BIGINT)),(CAST ($6 AS BIGINT),CAST ($7 AS BIGINT),$8,$9,CAST ($10 AS BIGINT)),(CAST ($11 AS BIGINT),CAST ($12 AS BIGINT),$13,$14,CAST ($15 AS BIGINT)),(CAST ($16 AS BIGINT),CAST ($17 AS BIGINT),$18,$19,CAST ($20 AS BIGINT)),(CAST ($21 AS BIGINT),CAST ($22 AS BIGINT),$23,$24,CAST ($25 AS BIGINT)),(CAST ($26 AS BIGINT),CAST ($27 AS BIGINT),$28,$29,CAST ($30 AS BIGINT)),(CAST ($31 AS BIGINT),CAST ($32 AS BIGINT),$33,$34,CAST ($35 AS BIGINT)),(CAST ($36 AS BIGINT),CAST ($37 AS BIGINT),$38,$39,CAST ($40 AS BIGINT)),(CAST ($41 AS BIGINT),CAST ($42 AS BIGINT),$43,$44,CAST ($45 AS BIGINT)),(CAST ($46 AS BIGINT),CAST ($47 AS BIGINT),$48,$49,CAST ($50 AS BIGINT)),(CAST ($51 AS BIGINT),CAST ($52 AS BIGINT),$53,$54,CAST ($55 AS BIGINT)),(CAST ($56 AS BIGINT),CAST ($57 AS BIGINT),$58,$59,CAST ($60 AS BIGINT)),(CAST ($61 AS BIGINT),CAST ($62 AS BIGINT),$63,$64,CAST ($65 AS BIGINT)),(CAST ($66 AS BIGINT),CAST ($67 AS BIGINT),$68,$69,CAST ($70 AS BIGINT)),(CAST ($71 AS BIGINT),CAST ($72 AS BIGINT),$73,$74,CAST ($75 AS BIGINT)),(CAST ($76 AS BIGINT),CAST ($77 AS BIGINT),$78,$79,CAST ($80 AS BIGINT)),(CAST ($81 AS BIGINT),CAST ($82 AS BIGINT),$83,$84,CAST ($85 AS BIGINT)),(CAST ($86 AS BIGINT),CAST ($87 AS BIGINT),$88,$89,CAST ($90 AS BIGINT)),(CAST ($91 AS BIGINT),CAST ($92 AS BIGINT),$93,$94,CAST ($95 AS BIGINT)),(CAST ($96 AS BIGINT),CAST ($97 AS BIGINT),$98,$99,CAST ($100 AS BIGINT))) AS C(RES_ENT_ID,LIB_FEAT_ID,UTYPE_CODE,SUPPRESSED,OBS_ENT_CNT) WHERE C.RES_ENT_ID=T.RES_ENT_ID AND C.LIB_FEAT_ID=T.LIB_FEAT_ID AND C.UTYPE_CODE=T.UTYPE_CODE",0,0,0,0,0,0,4120,15076.960112999986,0.146562,527.9253259999999,3.659456338106793,14.460065991497109,82267,1293500,0,0,844,0,0,0,0,0,0,0,12.227395000000003,0,0,0,0,0,0,0,0,0,0,0,0,0,0,0,0,0,2026-08-27 15:51:08.537396+00,2026-08-27 15:51:08.537396+00
10,16384,t,-2861825465755920514,"FETCH 50 IN ""query-cursor_236""",0,0,0,0,0,0,44,0.165978,0.002733,0.006462,0.0037722272727272726,0.0010288414018522437,2200,0,0,0,0,0,0,0,0,0,0,0,0,0,0,0,0,0,0,0,0,0,0,0,0,0,0,0,0,0,2026-08-27 17:33:15.586943+00,2026-08-27 17:33:15.586943+00
16410,16412,t,-7028253314476763131,"SELECT
    now()                                              AS at,
    s.schemaname,
    s.relname,
    s.n_tup_ins                                        AS cum_ins,        
    s.n_tup_del                                        AS cum_del,
    (s.n_tup_ins - s.n_tup_del)                        AS est_net_depth,  
    c.reltuples::bigint                                AS est_rows_reltuples,  
    s.n_live_tup                                       AS est_live_tup,   
    s.n_dead_tup                                       AS est_dead_tup,
    s.n_mod_since_analyze                              AS mods_since_analyze,
    s.last_autovacuum,
    s.autovacuum_count,
    s.last_analyze,
    s.last_autoanalyze
FROM pg_stat_user_tables s
JOIN pg_class c ON c.oid = s.relid
WHERE s.relname IN ($1,$2,$3,$4,
                    $5,$6)
ORDER BY s.relname",0,0,0,0,0,0,1,0.20207999999999998,0.20207999999999998,0.20207999999999998,0.20207999999999998,0,6,45,0,0,0,0,0,0,0,0,0,0,0,0,0,0,0,0,0,0,0,0,0,0,0,0,0,0,0,0,2026-08-27 17:41:13.789752+00,2026-08-27 17:41:13.789752+00
16410,16412,t,-4713931820648670966,"SELECT RES_REL_ID,MIN_RES_ENT_ID,MAX_RES_ENT_ID,IS_DISCLOSED,IS_AMBIGUOUS,LAST_ERRULE_ID,MATCH_LEVELS,MATCH_KEY,MATCH_KEY_DETAILS FROM RES_RELATE WHERE RES_REL_ID IN ($1,$2,$3,$4,$5,$6,$7,$8)",0,0,0,0,0,0,54632,3210.053088000033,0.010559,27.373060000000002,0.05875774432567054,0.3253458190416513,338868,958127,0,0,0,0,0,0,0,0,0,0,0,0,0,0,0,0,0,0,0,0,0,0,0,0,0,0,0,0,2026-08-27 15:51:01.917409+00,2026-08-27 15:51:01.917409+00
10,16384,t,-2818226350512490548,"FETCH 26 IN ""query-cursor_188""",0,0,0,0,0,0,1,0.002742,0.002742,0.002742,0.002742,0,26,0,0,0,0,0,0,0,0,0,0,0,0,0,0,0,0,0,0,0,0,0,0,0,0,0,0,0,0,0,2026-08-27 16:45:15.594665+00,2026-08-27 16:45:15.594665+00
16410,16412,t,-5897480452621090471,"SELECT RES_ENT_ID,LIB_FEAT_ID,FTYPE_ID,UTYPE_CODE,SUPPRESSED,OBS_ENT_CNT FROM RES_FEAT_EKEY WHERE RES_ENT_ID IN ($1,$2,$3,$4) AND FTYPE_ID IN ($5,$6,$7,$8,$9,$10,$11,$12,$13,$14,$15,$16,$17,$18,$19,$20,$21,$22,$23,$24,$25,$26,$27,$28,$29,$30,$31,$32,$33,$34,$35,$36,$37,$38,$39,$40,$41,$42,$43,$44,$45,$46,$47,$48,$49,$50,$51,$52,$53,$54,$55,$56,$57,$58,$59,$60,$61,$62,$63,$64,$65)",0,0,0,0,0,0,27,21.545989999999996,0.046872000000000004,9.858621999999999,0.7979996296296294,1.8259092073845198,382,2522,0,0,0,0,0,0,0,0,0,0,0,0,0,0,0,0,0,0,0,0,0,0,0,0,0,0,0,0,2026-08-27 16:02:15.659502+00,2026-08-27 16:02:15.659502+00
16410,16412,t,-8343583779223196694,"INSERT INTO RES_REL_EKEY(RES_REL_ID,RES_ENT_ID,REL_ENT_ID) VALUES ($1,$2,$3),($4,$5,$6),($7,$8,$9),($10,$11,$12),($13,$14,$15),($16,$17,$18),($19,$20,$21),($22,$23,$24) ON CONFLICT DO NOTHING",0,0,0,0,0,0,9363,17661.09648300001,0.091894,117.115753,1.886264710349248,6.412409927269801,74898,603071,0,0,863,0,0,0,0,0,0,0,59.41870700000001,0,0,0,0,0,0,0,0,0,0,0,0,0,0,0,0,0,2026-08-27 15:50:51.905906+00,2026-08-27 15:50:51.905906+00
10,16384,t,-1888465748856836438,"MOVE -2214 IN ""query-cursor_236""",0,0,0,0,0,0,1,0.040364,0.040364,0.040364,0.040364,0,0,0,0,0,0,0,0,0,0,0,0,0,0,0,0,0,0,0,0,0,0,0,0,0,0,0,0,0,0,0,2026-08-27 17:33:15.586904+00,2026-08-27 17:33:15.586904+00
10,16384,t,8450378700115730629,"FETCH 0 IN ""query-cursor_22""",0,0,0,0,0,0,1,0.003906,0.003906,0.003906,0.003906,0,0,0,0,0,0,0,0,0,0,0,0,0,0,0,0,0,0,0,0,0,0,0,0,0,0,0,0,0,0,0,2026-08-27 13:49:15.565487+00,2026-08-27 13:49:15.565487+00
10,16384,t,558419875607381901,"FETCH 29 IN ""query-cursor_150""",0,0,0,0,0,0,1,0.007517,0.007517,0.007517,0.007517,0,29,0,0,0,0,0,0,0,0,0,0,0,0,0,0,0,0,0,0,0,0,0,0,0,0,0,0,0,0,0,2026-08-27 15:57:16.309158+00,2026-08-27 15:57:16.309158+00
16410,16412,t,2667162035402270221,"INSERT INTO OBS_ENT(OBS_ENT_ID,DSRC_ID,ENT_SRC_KEY,LAST_TOUCH_DT,LOCKING_ID,LOCK_DSRC_ACTION,FEATURES) VALUES ($1,$2,$3,$4,$5,$6,$7) ON CONFLICT DO NOTHING",0,0,0,0,0,0,998382,795792.5068520034,0.014468,4858.576712,0.7970821858286742,6.692257063580122,995744,14084107,0,0,18193,0,0,0,0,0,0,0,1984.48780399999,0,0,0,0,0,0,0,0,0,0,0,0,0,0,0,0,0,2026-08-27 15:50:46.802353+00,2026-08-27 15:50:46.802353+00
10,16384,t,-8458378057741155498,"FETCH 20 IN ""query-cursor_29""",0,0,0,0,0,0,1,0.002157,0.002157,0.002157,0.002157,0,20,0,0,0,0,0,0,0,0,0,0,0,0,0,0,0,0,0,0,0,0,0,0,0,0,0,0,0,0,0,2026-08-27 13:56:15.568024+00,2026-08-27 13:56:15.568024+00
10,16384,t,5515528088930728582,"MOVE ALL IN ""query-cursor_169""",0,0,0,0,0,0,1,4.998195,4.998195,4.998195,4.998195,0,0,0,0,0,0,0,0,0,0,0,0,0,0,0,0,0,0,0,0,0,0,0,0,0,0,0,0,0,0,0,2026-08-27 16:26:15.580983+00,2026-08-27 16:26:15.580983+00
16410,16412,t,8157337805860941690,"CREATE TABLE IF NOT EXISTS NAME_EMBEDDING (LIB_FEAT_ID BIGINT NOT NULL, LABEL TEXT NOT NULL, EMBEDDING VECTOR(512), PRIMARY KEY(LIB_FEAT_ID))",0,0,0,0,0,0,1,9.304017,9.304017,9.304017,9.304017,0,0,551,0,0,0,0,0,0,0,0,0,0,0,0,0,0,0,0,0,0,0,0,0,0,0,0,0,0,0,0,2026-08-27 13:30:55.569009+00,2026-08-27 13:30:55.569009+00
10,16384,t,-3602178541233059655,"FETCH 0 IN ""query-cursor_54""",0,0,0,0,0,0,1,0.003482,0.003482,0.003482,0.003482,0,0,0,0,0,0,0,0,0,0,0,0,0,0,0,0,0,0,0,0,0,0,0,0,0,0,0,0,0,0,0,2026-08-27 14:21:15.567783+00,2026-08-27 14:21:15.567783+00
10,16384,t,5503068758878623602,"FETCH 0 IN ""query-cursor_140""",0,0,0,0,0,0,1,0.003852,0.003852,0.003852,0.003852,0,0,0,0,0,0,0,0,0,0,0,0,0,0,0,0,0,0,0,0,0,0,0,0,0,0,0,0,0,0,0,2026-08-27 15:47:15.573749+00,2026-08-27 15:47:15.573749+00
10,1,t,2103733769408878190,SELECT $1,0,0,0,0,0,0,3,0.016667,0.0036950000000000004,0.00725,0.005555666666666667,0.001456080660158938,3,0,0,0,0,0,0,0,0,0,0,0,0,0,0,0,0,0,0,0,0,0,0,0,0,0,0,0,0,0,2026-08-27 13:45:00.264946+00,2026-08-27 13:45:00.264946+00
10,16384,t,-2967196718461964519,"MOVE ALL IN ""query-cursor_122""",0,0,0,0,0,0,1,1.863133,1.863133,1.863133,1.863133,0,0,0,0,0,0,0,0,0,0,0,0,0,0,0,0,0,0,0,0,0,0,0,0,0,0,0,0,0,0,0,2026-08-27 15:29:15.574319+00,2026-08-27 15:29:15.574319+00
10,16384,t,1500162687599954768,"DECLARE ""query-cursor_64"" SCROLL CURSOR FOR select queryid, left(query, $1), calls, (total_plan_time + total_exec_time) as total_time from aurora_stat_statements($2) order by calls desc limit $3 FOR READ ONLY",0,0,0,0,0,0,1,0.062207,0.062207,0.062207,0.062207,0,0,0,0,0,0,0,0,0,0,0,0,0,0,0,0,0,0,0,0,0,0,0,0,0,0,0,0,0,0,0,2026-08-27 14:31:15.568425+00,2026-08-27 14:31:15.568425+00
10,16384,t,-6975124035187114067,"MOVE -219 IN ""query-cursor_15""",0,0,0,0,0,0,1,0.006123,0.006123,0.006123,0.006123,0,0,0,0,0,0,0,0,0,0,0,0,0,0,0,0,0,0,0,0,0,0,0,0,0,0,0,0,0,0,0,2026-08-27 13:42:15.565564+00,2026-08-27 13:42:15.565564+00
10,16384,t,-3024985444774041817,"FETCH 50 IN ""query-cursor_6""",0,0,0,0,0,0,2,0.00865,0.003336,0.005314,0.004325,0.000989,100,0,0,0,0,0,0,0,0,0,0,0,0,0,0,0,0,0,0,0,0,0,0,0,0,0,0,0,0,0,2026-08-27 13:33:15.564753+00,2026-08-27 13:33:15.564753+00
10,16384,t,6446684866563279008,"FETCH 45 IN ""query-cursor_233""",0,0,0,0,0,0,1,0.00362,0.00362,0.00362,0.00362,0,45,0,0,0,0,0,0,0,0,0,0,0,0,0,0,0,0,0,0,0,0,0,0,0,0,0,0,0,0,0,2026-08-27 17:30:15.599146+00,2026-08-27 17:30:15.599146+00
10,16384,t,4817946111864220083,"FETCH 0 IN ""query-cursor_148""",0,0,0,0,0,0,1,0.003082,0.003082,0.003082,0.003082,0,0,0,0,0,0,0,0,0,0,0,0,0,0,0,0,0,0,0,0,0,0,0,0,0,0,0,0,0,0,0,2026-08-27 15:55:15.574395+00,2026-08-27 15:55:15.574395+00
10,16384,t,-5398506519831959705,"MOVE -440 IN ""query-cursor_49""",0,0,0,0,0,0,1,0.010306,0.010306,0.010306,0.010306,0,0,0,0,0,0,0,0,0,0,0,0,0,0,0,0,0,0,0,0,0,0,0,0,0,0,0,0,0,0,0,2026-08-27 14:16:15.568483+00,2026-08-27 14:16:15.568483+00
16410,16412,t,5857891353789595944,"UPDATE OBS_ENT SET LOCKING_ID=LOCKING_ID+$66,LOCK_DSRC_ACTION=$1 WHERE OBS_ENT_ID IN ($2,$3,$4,$5,$6,$7,$8,$9,$10,$11,$12,$13,$14,$15,$16,$17,$18,$19,$20,$21,$22,$23,$24,$25,$26,$27,$28,$29,$30,$31,$32,$33,$34,$35,$36,$37,$38,$39,$40,$41,$42,$43,$44,$45,$46,$47,$48,$49,$50,$51,$52,$53,$54,$55,$56,$57,$58,$59,$60,$61,$62,$63,$64,$65)",0,0,0,0,0,0,10,16.764764,0.829361,2.822493,1.6764763999999999,0.5674558284924387,383,8280,0,0,9,0,0,0,0,0,0,0,0.046067,0,0,0,0,0,0,0,0,0,0,0,0,0,0,0,0,0,2026-08-27 16:06:16.697843+00,2026-08-27 16:06:16.697843+00
10,16384,t,-7457112471979694302,"MOVE ALL IN ""query-cursor_105""",0,0,0,0,0,0,1,1.667753,1.667753,1.667753,1.667753,0,0,0,0,0,0,0,0,0,0,0,0,0,0,0,0,0,0,0,0,0,0,0,0,0,0,0,0,0,0,0,2026-08-27 15:12:15.573012+00,2026-08-27 15:12:15.573012+00
10,16384,t,4318471553345765097,"FETCH 50 IN ""query-cursor_156""",0,0,0,0,0,0,34,0.5598259999999999,0.008686,0.025815,0.016465470588235293,0.004254565722189406,1700,0,0,0,0,0,0,0,0,0,0,0,0,0,0,0,0,0,0,0,0,0,0,0,0,0,0,0,0,0,2026-08-27 16:05:15.805154+00,2026-08-27 16:05:15.805154+00
10,16384,t,8091953588045074149,"FETCH 0 IN ""query-cursor_142""",0,0,0,0,0,0,1,0.003674,0.003674,0.003674,0.003674,0,0,0,0,0,0,0,0,0,0,0,0,0,0,0,0,0,0,0,0,0,0,0,0,0,0,0,0,0,0,0,2026-08-27 15:49:15.573809+00,2026-08-27 15:49:15.573809+00
16410,16412,t,2335547159944955556,"INSERT INTO RES_FEAT_STAT(LIB_FEAT_ID,FTYPE_ID,NUM_RES_ENT,NUM_RES_ENT_OOM) VALUES ($1,$2,$3,$4),($5,$6,$7,$8),($9,$10,$11,$12),($13,$14,$15,$16),($17,$18,$19,$20),($21,$22,$23,$24),($25,$26,$27,$28),($29,$30,$31,$32),($33,$34,$35,$36),($37,$38,$39,$40),($41,$42,$43,$44),($45,$46,$47,$48),($49,$50,$51,$52),($53,$54,$55,$56),($57,$58,$59,$60),($61,$62,$63,$64),($65,$66,$67,$68),($69,$70,$71,$72),($73,$74,$75,$76) ON CONFLICT DO NOTHING",0,0,0,0,0,0,18965,88581.73563100043,0.162711,4757.0062929999995,4.670800718745079,38.276369017532964,360230,2938229,0,0,3019,0,0,0,0,0,0,0,154.4622000000002,0,0,0,0,0,0,0,0,0,0,0,0,0,0,0,0,0,2026-08-27 15:50:47.00988+00,2026-08-27 15:50:47.00988+00
10,16384,t,2212729192904635009,COMMIT,0,0,0,0,0,0,15201,6.120957999999976,0.000175,0.030382,0.0004026681139398708,0.00038686469349792933,0,0,0,0,0,0,0,0,0,0,0,0,0,0,0,0,0,0,0,0,0,0,0,0,0,0,0,0,0,0,2026-08-27 13:28:14.94671+00,2026-08-27 13:28:14.94671+00
16410,16412,t,-4592820165245481381,"CREATE TABLE DSRC_RECORD (CONFIG_ID BIGINT, FIRST_SEEN_DT TIMESTAMP, LAST_SEEN_DT TIMESTAMP, DSRC_ID SMALLINT NOT NULL, RECORD_ID VARCHAR(250) NOT NULL, ENT_SRC_KEY VARCHAR(40) NOT NULL, JSON_DATA TEXT, PRIMARY KEY(RECORD_ID, DSRC_ID))",0,0,0,0,0,0,1,7.417847,7.417847,7.417847,7.417847,0,0,416,1,0,1,0,0,0,0,0,0,0.934318,0.002372,0,0,0,0,0,0,0,0,0,0,0,0,0,0,0,0,0,2026-08-27 13:29:49.993454+00,2026-08-27 13:29:49.993454+00
10,16384,t,-6084185900546482648,"FETCH 0 IN ""query-cursor_97""",0,0,0,0,0,0,1,0.003569,0.003569,0.003569,0.003569,0,0,0,0,0,0,0,0,0,0,0,0,0,0,0,0,0,0,0,0,0,0,0,0,0,0,0,0,0,0,0,2026-08-27 15:04:15.570697+00,2026-08-27 15:04:15.570697+00
10,16384,t,1207725869686970017,"select sum(blks_read), sum(blks_hit) from pg_stat_database",0,0,0,0,0,0,256,15.661071999999999,0.049269,0.1105,0.061176062499999996,0.007459907832613869,256,256,0,0,0,0,0,0,0,0,0,0,0,0,0,0,0,0,0,0,0,0,0,0,0,0,0,0,0,0,2026-08-27 13:27:26.292181+00,2026-08-27 13:27:26.292181+00
16410,16412,t,-2653931184144399911,COPY  ( SELECT * FROM pg_stat_io WHERE reads <> 0 OR writes <> 0 OR extends <> 0 ) TO STDOUT WITH CSV HEADER,0,0,0,0,0,0,1,0.590755,0.590755,0.590755,0.590755,0,5,37,0,0,0,0,0,0,0,0,0,0,0,0,0,0,0,0,0,0,0,0,0,0,0,0,0,0,0,0,2026-08-27 17:43:11.240413+00,2026-08-27 17:43:11.240413+00
16410,16412,t,2204324878760042736,"UPDATE RES_FEAT_EKEY AS T SET SUPPRESSED = C.SUPPRESSED FROM (VALUES (CAST ($1 AS BIGINT),CAST ($2 AS BIGINT),$3,$4),(CAST ($5 AS BIGINT),CAST ($6 AS BIGINT),$7,$8),(CAST ($9 AS BIGINT),CAST ($10 AS BIGINT),$11,$12),(CAST ($13 AS BIGINT),CAST ($14 AS BIGINT),$15,$16),(CAST ($17 AS BIGINT),CAST ($18 AS BIGINT),$19,$20),(CAST ($21 AS BIGINT),CAST ($22 AS BIGINT),$23,$24),(CAST ($25 AS BIGINT),CAST ($26 AS BIGINT),$27,$28),(CAST ($29 AS BIGINT),CAST ($30 AS BIGINT),$31,$32),(CAST ($33 AS BIGINT),CAST ($34 AS BIGINT),$35,$36),(CAST ($37 AS BIGINT),CAST ($38 AS BIGINT),$39,$40),(CAST ($41 AS BIGINT),CAST ($42 AS BIGINT),$43,$44),(CAST ($45 AS BIGINT),CAST ($46 AS BIGINT),$47,$48),(CAST ($49 AS BIGINT),CAST ($50 AS BIGINT),$51,$52),(CAST ($53 AS BIGINT),CAST ($54 AS BIGINT),$55,$56),(CAST ($57 AS BIGINT),CAST ($58 AS BIGINT),$59,$60),(CAST ($61 AS BIGINT),CAST ($62 AS BIGINT),$63,$64),(CAST ($65 AS BIGINT),CAST ($66 AS BIGINT),$67,$68),(CAST ($69 AS BIGINT),CAST ($70 AS BIGINT),$71,$72),(CAST ($73 AS BIGINT),CAST ($74 AS BIGINT),$75,$76),(CAST ($77 AS BIGINT),CAST ($78 AS BIGINT),$79,$80),(CAST ($81 AS BIGINT),CAST ($82 AS BIGINT),$83,$84),(CAST ($85 AS BIGINT),CAST ($86 AS BIGINT),$87,$88),(CAST ($89 AS BIGINT),CAST ($90 AS BIGINT),$91,$92),(CAST ($93 AS BIGINT),CAST ($94 AS BIGINT),$95,$96)) AS C(RES_ENT_ID,LIB_FEAT_ID,UTYPE_CODE,SUPPRESSED) WHERE C.RES_ENT_ID=T.RES_ENT_ID AND C.LIB_FEAT_ID=T.LIB_FEAT_ID AND C.UTYPE_CODE=T.UTYPE_CODE",0,0,0,0,0,0,86,498.5399049999998,0.194106,73.904786,5.796975639534882,14.063094314145207,2064,24327,0,0,9,0,0,0,0,0,0,0,0.07872499999999999,0,0,0,0,0,0,0,0,0,0,0,0,0,0,0,0,0,2026-08-27 15:51:31.58439+00,2026-08-27 15:51:31.58439+00
10,16384,t,7802722142411638882,"FETCH 35 IN ""query-cursor_72""",0,0,0,0,0,0,1,0.003206,0.003206,0.003206,0.003206,0,35,0,0,0,0,0,0,0,0,0,0,0,0,0,0,0,0,0,0,0,0,0,0,0,0,0,0,0,0,0,2026-08-27 14:39:15.572416+00,2026-08-27 14:39:15.572416+00
10,16384,t,-6930211739579768060,ROLLBACK,0,0,0,0,0,0,736,0.7039670000000002,0.000317,0.00244,0.0009564769021739133,0.00038371509118826806,0,0,0,0,0,0,0,0,0,0,0,0,0,0,0,0,0,0,0,0,0,0,0,0,0,0,0,0,0,0,2026-08-27 13:28:14.944696+00,2026-08-27 13:28:14.944696+00
10,16384,t,1699139041077712982,"MOVE ALL IN ""query-cursor_205""",0,0,0,0,0,0,1,5.034956,5.034956,5.034956,5.034956,0,0,0,0,0,0,0,0,0,0,0,0,0,0,0,0,0,0,0,0,0,0,0,0,0,0,0,0,0,0,0,2026-08-27 17:02:15.583603+00,2026-08-27 17:02:15.583603+00
10,16384,t,-418694401700558880,"FETCH 0 IN ""query-cursor_91""",0,0,0,0,0,0,1,0.004136,0.004136,0.004136,0.004136,0,0,0,0,0,0,0,0,0,0,0,0,0,0,0,0,0,0,0,0,0,0,0,0,0,0,0,0,0,0,0,2026-08-27 14:58:15.570346+00,2026-08-27 14:58:15.570346+00
16410,16412,t,-943344235121932547,"SELECT OBS_ENT_ID,LOCKING_ID FROM OBS_ENT WHERE OBS_ENT_ID IN ($1)",0,0,0,0,0,0,880479,15213.411506999826,0.0043100000000000005,33.672156,0.017278562585819567,0.13002672120839567,880479,4045117,0,0,0,0,0,0,0,0,0,0,0,0,0,0,0,0,0,0,0,0,0,0,0,0,0,0,0,0,2026-08-27 15:50:57.78903+00,2026-08-27 15:50:57.78903+00
10,16384,t,1778004244813021532,"MOVE -1968 IN ""query-cursor_195""",0,0,0,0,0,0,1,0.037631,0.037631,0.037631,0.037631,0,0,0,0,0,0,0,0,0,0,0,0,0,0,0,0,0,0,0,0,0,0,0,0,0,0,0,0,0,0,0,2026-08-27 16:52:15.583797+00,2026-08-27 16:52:15.583797+00
10,16384,t,-4114676241810351090,"DECLARE ""query-cursor_115"" SCROLL CURSOR FOR select queryid, left(query, $1), calls, (total_plan_time + total_exec_time) as total_time from aurora_stat_statements($2) order by calls desc limit $3 FOR READ ONLY",0,0,0,0,0,0,1,0.061513,0.061513,0.061513,0.061513,0,0,0,0,0,0,0,0,0,0,0,0,0,0,0,0,0,0,0,0,0,0,0,0,0,0,0,0,0,0,0,2026-08-27 15:22:15.571881+00,2026-08-27 15:22:15.571881+00
10,16384,t,4767269227911119473,"FETCH 50 IN ""query-cursor_29""",0,0,0,0,0,0,6,0.022683000000000002,0.00301,0.005582,0.0037805000000000004,0.0008292703117801819,300,0,0,0,0,0,0,0,0,0,0,0,0,0,0,0,0,0,0,0,0,0,0,0,0,0,0,0,0,0,2026-08-27 13:56:15.56684+00,2026-08-27 13:56:15.56684+00
16410,16412,t,1928297329112113691,"UPDATE RES_FEAT_EKEY AS T SET SUPPRESSED=C.SUPPRESSED,OBS_ENT_CNT=C.OBS_ENT_CNT FROM (VALUES (CAST ($1 AS BIGINT),CAST ($2 AS BIGINT),$3,$4,CAST ($5 AS BIGINT)),(CAST ($6 AS BIGINT),CAST ($7 AS BIGINT),$8,$9,CAST ($10 AS BIGINT)),(CAST ($11 AS BIGINT),CAST ($12 AS BIGINT),$13,$14,CAST ($15 AS BIGINT))) AS C(RES_ENT_ID,LIB_FEAT_ID,UTYPE_CODE,SUPPRESSED,OBS_ENT_CNT) WHERE C.RES_ENT_ID=T.RES_ENT_ID AND C.LIB_FEAT_ID=T.LIB_FEAT_ID AND C.UTYPE_CODE=T.UTYPE_CODE",0,0,0,0,0,0,425,295.42729899999995,0.037154,16.250131,0.6951230564705881,2.553416868045614,1275,17424,0,0,1,0,0,0,0,0,0,0,0.006063,0,0,0,0,0,0,0,0,0,0,0,0,0,0,0,0,0,2026-08-27 15:51:06.771548+00,2026-08-27 15:51:06.771548+00
16410,16412,t,-8328794838425392660,"SELECT RES_ENT_ID,LIB_FEAT_ID,FTYPE_ID,UTYPE_CODE,SUPPRESSED,OBS_ENT_CNT FROM RES_FEAT_EKEY WHERE RES_ENT_ID IN ($1,$2,$3,$4) AND FTYPE_ID IN ($5,$6,$7,$8,$9)",0,0,0,0,0,0,141,41.28401099999995,0.046629,10.553172,0.2927944042553188,1.144514508507781,5598,2177,0,0,0,0,0,0,0,0,0,0,0,0,0,0,0,0,0,0,0,0,0,0,0,0,0,0,0,0,2026-08-27 15:54:06.006272+00,2026-08-27 15:54:06.006272+00
10,16384,t,-3749168379921708714,"MOVE ALL IN ""query-cursor_97""",0,0,0,0,0,0,1,1.597005,1.597005,1.597005,1.597005,0,0,0,0,0,0,0,0,0,0,0,0,0,0,0,0,0,0,0,0,0,0,0,0,0,0,0,0,0,0,0,2026-08-27 15:04:15.57234+00,2026-08-27 15:04:15.57234+00
10,16384,t,-4060597636685174458,"MOVE ALL IN ""query-cursor_116""",0,0,0,0,0,0,1,1.808789,1.808789,1.808789,1.808789,0,0,0,0,0,0,0,0,0,0,0,0,0,0,0,0,0,0,0,0,0,0,0,0,0,0,0,0,0,0,0,2026-08-27 15:23:15.573866+00,2026-08-27 15:23:15.573866+00
16410,16412,t,-7363526367682445110,"SELECT RES_ENT_ID,LIB_FEAT_ID,FTYPE_ID,UTYPE_CODE,SUPPRESSED,OBS_ENT_CNT FROM RES_FEAT_EKEY WHERE RES_ENT_ID IN ($1,$2,$3,$4) AND FTYPE_ID IN ($5,$6,$7,$8,$9,$10,$11,$12,$13,$14,$15,$16,$17,$18,$19,$20,$21,$22,$23,$24,$25,$26,$27)",0,0,0,0,0,0,18,29.683739999999997,0.178386,14.968702,1.6490966666666664,3.2911705737701524,23061,436,0,0,0,0,0,0,0,0,0,0,0,0,0,0,0,0,0,0,0,0,0,0,0,0,0,0,0,0,2026-08-27 15:50:47.878811+00,2026-08-27 15:50:47.878811+00
10,16384,t,-1317227696660859738,"FETCH 0 IN ""query-cursor_154""",0,0,0,0,0,0,1,0.004673,0.004673,0.004673,0.004673,0,0,0,0,0,0,0,0,0,0,0,0,0,0,0,0,0,0,0,0,0,0,0,0,0,0,0,0,0,0,0,2026-08-27 16:02:15.627684+00,2026-08-27 16:02:15.627684+00
16410,16412,t,8139027508920653626,"SELECT LIB_FEAT_ID,FTYPE_ID,UTYPE_CODE,SUPPRESSED,OBS_ENT_CNT FROM RES_FEAT_EKEY WHERE RES_ENT_ID=$1 AND LIB_FEAT_ID IN ($2,$3,$4,$5,$6,$7,$8,$9,$10,$11,$12,$13,$14,$15,$16,$17,$18,$19,$20,$21,$22,$23,$24,$25,$26,$27,$28,$29,$30,$31,$32,$33)",0,0,0,0,0,0,4876,721.2212100000002,0.046652,23.251399,0.14791247128794097,0.597862881265886,34633,423100,0,0,0,0,0,0,0,0,0,0,0,0,0,0,0,0,0,0,0,0,0,0,0,0,0,0,0,0,2026-08-27 15:51:37.229141+00,2026-08-27 15:51:37.229141+00
10,16384,t,-459252007218816479,"DECLARE ""query-cursor_125"" SCROLL CURSOR FOR select queryid, left(query, $1), calls, (total_plan_time + total_exec_time) as total_time from aurora_stat_statements($2) order by calls desc limit $3 FOR READ ONLY",0,0,0,0,0,0,1,0.065925,0.065925,0.065925,0.065925,0,0,0,0,0,0,0,0,0,0,0,0,0,0,0,0,0,0,0,0,0,0,0,0,0,0,0,0,0,0,0,2026-08-27 15:32:15.572693+00,2026-08-27 15:32:15.572693+00
16410,16412,t,1020363919922307691,"INSERT INTO RES_REL_EKEY(RES_REL_ID,RES_ENT_ID,REL_ENT_ID) VALUES ($1,$2,$3),($4,$5,$6),($7,$8,$9),($10,$11,$12),($13,$14,$15),($16,$17,$18),($19,$20,$21),($22,$23,$24),($25,$26,$27),($28,$29,$30),($31,$32,$33),($34,$35,$36),($37,$38,$39),($40,$41,$42),($43,$44,$45),($46,$47,$48),($49,$50,$51),($52,$53,$54),($55,$56,$57),($58,$59,$60) ON CONFLICT DO NOTHING",0,0,0,0,0,0,1187,4862.344966000007,0.21496500000000002,150.122217,4.096331058129745,13.153291157901375,23740,190491,0,0,244,0,0,0,0,0,0,0,20.578242999999997,0,0,0,0,0,0,0,0,0,0,0,0,0,0,0,0,0,2026-08-27 15:51:18.084101+00,2026-08-27 15:51:18.084101+00
10,16384,t,-9076829213479046180,"FETCH 50 IN ""query-cursor_148""",0,0,0,0,0,0,31,0.17389899999999997,0.003403,0.011224,0.005609645161290321,0.0017176378669065916,1550,0,0,0,0,0,0,0,0,0,0,0,0,0,0,0,0,0,0,0,0,0,0,0,0,0,0,0,0,0,2026-08-27 15:55:15.579544+00,2026-08-27 15:55:15.579544+00
10,16384,t,-3872137770269586522,"FETCH 0 IN ""query-cursor_129""",0,0,0,0,0,0,1,0.003338,0.003338,0.003338,0.003338,0,0,0,0,0,0,0,0,0,0,0,0,0,0,0,0,0,0,0,0,0,0,0,0,0,0,0,0,0,0,0,2026-08-27 15:36:15.572974+00,2026-08-27 15:36:15.572974+00
10,16384,t,7569156694612356934,"FETCH 0 IN ""query-cursor_86""",0,0,0,0,0,0,1,0.005107,0.005107,0.005107,0.005107,0,0,0,0,0,0,0,0,0,0,0,0,0,0,0,0,0,0,0,0,0,0,0,0,0,0,0,0,0,0,0,2026-08-27 14:53:15.570027+00,2026-08-27 14:53:15.570027+00
16410,16412,t,-1557422786776360676,"INSERT INTO LIB_FEAT(LIB_FEAT_ID,FTYPE_ID,FEAT_HASH,FEAT_DESC,FELEM_VALUES,ANONYMIZED,VERSION) VALUES ($1,$2,$3,$4,$5,$6,$7),($8,$9,$10,$11,$12,$13,$14),($15,$16,$17,$18,$19,$20,$21),($22,$23,$24,$25,$26,$27,$28),($29,$30,$31,$32,$33,$34,$35),($36,$37,$38,$39,$40,$41,$42),($43,$44,$45,$46,$47,$48,$49),($50,$51,$52,$53,$54,$55,$56),($57,$58,$59,$60,$61,$62,$63),($64,$65,$66,$67,$68,$69,$70) ON CONFLICT(FTYPE_ID,FEAT_HASH,ANONYMIZED) DO UPDATE SET FTYPE_ID=LIB_FEAT.FTYPE_ID,FEAT_HASH=LIB_FEAT.FEAT_HASH,ANONYMIZED=LIB_FEAT.ANONYMIZED RETURNING LIB_FEAT_ID,FTYPE_ID,FEAT_HASH,ANONYMIZED,FEAT_DESC",0,0,0,0,0,0,72692,1326172.616376002,0.21920199999999998,1282.76412,18.24372168018492,46.400472869464934,726920,10810627,12,0,86790,0,0,0,0,0,0,0,2239.417683000004,0,0,0,0,0,0,0,0,0,0,0,0,0,0,0,0,0,2026-08-27 15:50:46.824273+00,2026-08-27 15:50:46.824273+00
10,16384,t,-4744404996251048328,"MOVE -1867 IN ""query-cursor_178""",0,0,0,0,0,0,1,0.034612,0.034612,0.034612,0.034612,0,0,0,0,0,0,0,0,0,0,0,0,0,0,0,0,0,0,0,0,0,0,0,0,0,0,0,0,0,0,0,2026-08-27 16:35:15.581421+00,2026-08-27 16:35:15.581421+00
16410,16412,t,3159237791676647485,"SELECT RES_ENT_ID,LIB_FEAT_ID,FTYPE_ID,UTYPE_CODE,SUPPRESSED,OBS_ENT_CNT FROM RES_FEAT_EKEY WHERE RES_ENT_ID IN ($1,$2,$3,$4,$5,$6,$7,$8,$9,$10,$11,$12,$13,$14,$15,$16) AND FTYPE_ID IN ($17,$18,$19,$20,$21,$22,$23,$24,$25,$26,$27,$28,$29,$30)",0,0,0,0,0,0,8527,15146.621103999994,0.142206,148.526321,1.776313017943004,5.299232107834372,7424411,475103,0,0,0,0,0,0,0,0,0,0,0,0,0,0,0,0,0,0,0,0,0,0,0,0,0,0,0,0,2026-08-27 15:50:49.200967+00,2026-08-27 15:50:49.200967+00
10,16384,t,4695730280871910099,"MOVE ALL IN ""query-cursor_144""",0,0,0,0,0,0,1,3.525341,3.525341,3.525341,3.525341,0,0,0,0,0,0,0,0,0,0,0,0,0,0,0,0,0,0,0,0,0,0,0,0,0,0,0,0,0,0,0,2026-08-27 15:51:15.5776+00,2026-08-27 15:51:15.5776+00
10,16384,t,4192366048971878061,"FETCH 41 IN ""query-cursor_123""",0,0,0,0,0,0,1,0.002734,0.002734,0.002734,0.002734,0,41,0,0,0,0,0,0,0,0,0,0,0,0,0,0,0,0,0,0,0,0,0,0,0,0,0,0,0,0,0,2026-08-27 15:30:15.577451+00,2026-08-27 15:30:15.577451+00
10,16384,t,-5158050397752209703,"MOVE -470 IN ""query-cursor_54""",0,0,0,0,0,0,1,0.011154,0.011154,0.011154,0.011154,0,0,0,0,0,0,0,0,0,0,0,0,0,0,0,0,0,0,0,0,0,0,0,0,0,0,0,0,0,0,0,2026-08-27 14:21:15.568886+00,2026-08-27 14:21:15.568886+00
16410,16412,t,4986175030433395078,"SELECT RES_ENT_ID,LIB_FEAT_ID,FTYPE_ID,UTYPE_CODE,SUPPRESSED,OBS_ENT_CNT FROM RES_FEAT_EKEY WHERE RES_ENT_ID IN ($1,$2) AND FTYPE_ID IN ($3,$4,$5,$6,$7,$8,$9,$10,$11,$12,$13,$14,$15,$16,$17,$18)",0,0,0,0,0,0,1846,448.92783800000046,0.028889,27.112652,0.24318951137594824,1.0150912111780601,271629,18063,0,0,0,0,0,0,0,0,0,0,0,0,0,0,0,0,0,0,0,0,0,0,0,0,0,0,0,0,2026-08-27 15:50:47.753873+00,2026-08-27 15:50:47.753873+00
10,16384,t,-555810089301826897,"MOVE -2136 IN ""query-cursor_223""",0,0,0,0,0,0,1,0.039497,0.039497,0.039497,0.039497,0,0,0,0,0,0,0,0,0,0,0,0,0,0,0,0,0,0,0,0,0,0,0,0,0,0,0,0,0,0,0,2026-08-27 17:20:15.585285+00,2026-08-27 17:20:15.585285+00
16410,16412,t,-8384961428423428042,"SELECT         LIB_FEAT_ID,FEAT_DESC,FEAT_HASH,FELEM_VALUES from LIB_FEAT LIMIT $1",0,0,0,0,0,0,2291,22.891887999999984,0.002681,1.7011669999999999,0.009992094281972931,0.03553789509177134,2246,4492,0,0,0,0,0,0,0,0,0,0,0,0,0,0,0,0,0,0,0,0,0,0,0,0,0,0,0,0,2026-08-27 13:33:26.530107+00,2026-08-27 13:33:26.530107+00
10,16384,t,817822216146632205,"FETCH 50 IN ""query-cursor_179""",0,0,0,0,0,0,37,0.14242699999999997,0.002807,0.006693,0.0038493783783783778,0.0010871936934604034,1850,0,0,0,0,0,0,0,0,0,0,0,0,0,0,0,0,0,0,0,0,0,0,0,0,0,0,0,0,0,2026-08-27 16:36:15.581884+00,2026-08-27 16:36:15.581884+00
16410,16412,t,-7005684896389993119,"SELECT RES_ENT_ID,LIB_FEAT_ID,FTYPE_ID,UTYPE_CODE,SUPPRESSED,OBS_ENT_CNT FROM RES_FEAT_EKEY WHERE RES_ENT_ID IN ($1,$2,$3,$4,$5,$6,$7,$8,$9,$10,$11,$12,$13,$14,$15,$16,$17,$18,$19,$20,$21,$22,$23,$24,$25,$26,$27,$28,$29,$30,$31,$32,$33,$34,$35,$36,$37,$38,$39,$40,$41,$42,$43,$44,$45,$46,$47,$48,$49,$50,$51,$52,$53,$54,$55,$56,$57,$58,$59,$60,$61,$62,$63,$64,$65,$66,$67,$68,$69,$70,$71,$72,$73,$74,$75,$76) AND FTYPE_ID IN ($77,$78,$79,$80,$81,$82,$83,$84,$85,$86,$87,$88,$89,$90,$91,$92,$93,$94,$95,$96,$97,$98,$99,$100)",0,0,0,0,0,0,124,29657.639730999992,19.168444,1097.1097519999998,239.17451395967734,200.28514448000502,13194201,194855,0,0,0,0,0,0,0,0,0,0,0,0,0,0,0,0,0,0,0,0,0,0,0,0,0,0,0,0,2026-08-27 15:51:46.249291+00,2026-08-27 15:51:46.249291+00
10,16384,t,-3281347312847494887,"MOVE ALL IN ""query-cursor_221""",0,0,0,0,0,0,1,5.036661,5.036661,5.036661,5.036661,0,0,0,0,0,0,0,0,0,0,0,0,0,0,0,0,0,0,0,0,0,0,0,0,0,0,0,0,0,0,0,2026-08-27 17:18:15.584734+00,2026-08-27 17:18:15.584734+00
10,16384,t,-852248391679385182,"select queryid, calls, (total_plan_time + total_exec_time) as total_time, rows, shared_blks_hit, shared_blks_dirtied, shared_blks_read, shared_blks_written, local_blks_hit, local_blks_dirtied, local_blks_read, local_blks_written, temp_blks_read, temp_blks_written, storage_blks_read, orcache_blks_hit, shared_blk_read_time as blk_read_time, shared_blk_write_time as blk_write_time, storage_blk_read_time, local_blk_read_time, orcache_blk_read_time, total_plan_time, total_exec_time from aurora_stat_statements($1) where queryid in ($2, $3, $4, $5, $6, $7, $8, $9, $10, $11, $12, $13, $14, $15, $16, $17, $18, $19, $20, $21, $22, $23, $24, $25, $26, $27, $28, $29, $30, $31, $32, $33, $34, $35, $36, $37, $38, $39, $40, $41, $42, $43, $44, $45, $46, $47, $48, $49, $50, $51, $52, $53, $54, $55, $56, $57, $58, $59, $60, $61, $62, $63)",0,0,0,0,0,0,1,58.317426999999995,58.317426999999995,58.317426999999995,58.317426999999995,0,63,0,0,0,0,0,0,0,0,0,0,0,0,0,0,0,0,0,0,0,0,0,0,0,0,0,0,0,0,0,2026-08-27 16:05:25.775492+00,2026-08-27 16:05:25.775492+00
10,16384,t,-5121409025242424722,"FETCH 50 IN ""query-cursor_141""",0,0,0,0,0,0,20,0.06233200000000001,0.002682,0.005675,0.0031166000000000006,0.0006878023989490005,1000,0,0,0,0,0,0,0,0,0,0,0,0,0,0,0,0,0,0,0,0,0,0,0,0,0,0,0,0,0,2026-08-27 15:48:15.576113+00,2026-08-27 15:48:15.576113+00
10,16384,t,9086821083568467413,"FETCH 0 IN ""query-cursor_149""",0,0,0,0,0,0,1,0.003145,0.003145,0.003145,0.003145,0,0,0,0,0,0,0,0,0,0,0,0,0,0,0,0,0,0,0,0,0,0,0,0,0,0,0,0,0,0,0,2026-08-27 15:56:15.574485+00,2026-08-27 15:56:15.574485+00
16410,16412,t,8763371268600877103,"UPDATE RES_RELATE AS T SET IS_DISCLOSED=C.IS_DISCLOSED,IS_AMBIGUOUS=C.IS_AMBIGUOUS,LAST_ERRULE_ID=C.LAST_ERRULE_ID,MATCH_KEY=C.MATCH_KEY,MATCH_KEY_DETAILS=C.MATCH_KEY_DETAILS,MATCH_LEVELS=C.MATCH_LEVELS FROM (VALUES (CAST ($1 AS BIGINT),CAST ($2 AS BIGINT),CAST ($3 AS BIGINT),CAST ($4 AS BIGINT),$5,$6,$7),(CAST ($8 AS BIGINT),CAST ($9 AS BIGINT),CAST ($10 AS BIGINT),CAST ($11 AS BIGINT),$12,$13,$14),(CAST ($15 AS BIGINT),CAST ($16 AS BIGINT),CAST ($17 AS BIGINT),CAST ($18 AS BIGINT),$19,$20,$21),(CAST ($22 AS BIGINT),CAST ($23 AS BIGINT),CAST ($24 AS BIGINT),CAST ($25 AS BIGINT),$26,$27,$28),(CAST ($29 AS BIGINT),CAST ($30 AS BIGINT),CAST ($31 AS BIGINT),CAST ($32 AS BIGINT),$33,$34,$35),(CAST ($36 AS BIGINT),CAST ($37 AS BIGINT),CAST ($38 AS BIGINT),CAST ($39 AS BIGINT),$40,$41,$42),(CAST ($43 AS BIGINT),CAST ($44 AS BIGINT),CAST ($45 AS BIGINT),CAST ($46 AS BIGINT),$47,$48,$49),(CAST ($50 AS BIGINT),CAST ($51 AS BIGINT),CAST ($52 AS BIGINT),CAST ($53 AS BIGINT),$54,$55,$56),(CAST ($57 AS BIGINT),CAST ($58 AS BIGINT),CAST ($59 AS BIGINT),CAST ($60 AS BIGINT),$61,$62,$63),(CAST ($64 AS BIGINT),CAST ($65 AS BIGINT),CAST ($66 AS BIGINT),CAST ($67 AS BIGINT),$68,$69,$70),(CAST ($71 AS BIGINT),CAST ($72 AS BIGINT),CAST ($73 AS BIGINT),CAST ($74 AS BIGINT),$75,$76,$77)) AS C(RES_REL_ID,IS_DISCLOSED,IS_AMBIGUOUS,LAST_ERRULE_ID,MATCH_KEY,MATCH_KEY_DETAILS,MATCH_LEVELS) WHERE C.RES_REL_ID=T.RES_REL_ID",0,0,0,0,0,0,274,863.868920000001,0.148015,48.600034,3.1528062773722665,8.571329037106638,3013,35222,0,0,209,0,0,0,0,0,0,0,20.383925,0,0,0,0,0,0,0,0,0,0,0,0,0,0,0,0,0,2026-08-27 15:52:12.486038+00,2026-08-27 15:52:12.486038+00
10,16384,t,4493343266480618391,"MOVE -598 IN ""query-cursor_74""",0,0,0,0,0,0,1,0.013275,0.013275,0.013275,0.013275,0,0,0,0,0,0,0,0,0,0,0,0,0,0,0,0,0,0,0,0,0,0,0,0,0,0,0,0,0,0,0,2026-08-27 14:41:15.570536+00,2026-08-27 14:41:15.570536+00
10,16384,t,1484415130266500867,"FETCH 15 IN ""query-cursor_203""",0,0,0,0,0,0,1,0.002092,0.002092,0.002092,0.002092,0,15,0,0,0,0,0,0,0,0,0,0,0,0,0,0,0,0,0,0,0,0,0,0,0,0,0,0,0,0,0,2026-08-27 17:00:15.596544+00,2026-08-27 17:00:15.596544+00
16410,16412,t,-4439614070854878284,"SELECT RES_ENT_ID FROM RES_ENT WHERE RES_ENT_ID IN ($1,$2)",0,0,0,0,0,0,114294,4612.552885000054,0.007018000000000001,30.981365,0.040356911867640066,0.31210058957392794,222468,1049035,0,0,0,0,0,0,0,0,0,0,0,0,0,0,0,0,0,0,0,0,0,0,0,0,0,0,0,0,2026-08-27 15:50:49.794791+00,2026-08-27 15:50:49.794791+00
10,16384,t,3790017288232837361,"FETCH 23 IN ""query-cursor_221""",0,0,0,0,0,0,1,0.002549,0.002549,0.002549,0.002549,0,23,0,0,0,0,0,0,0,0,0,0,0,0,0,0,0,0,0,0,0,0,0,0,0,0,0,0,0,0,0,2026-08-27 17:18:15.597897+00,2026-08-27 17:18:15.597897+00
10,16384,t,4812941738809860269,"MOVE -1891 IN ""query-cursor_182""",0,0,0,0,0,0,1,0.090056,0.090056,0.090056,0.090056,0,0,0,0,0,0,0,0,0,0,0,0,0,0,0,0,0,0,0,0,0,0,0,0,0,0,0,0,0,0,0,2026-08-27 16:39:15.586082+00,2026-08-27 16:39:15.586082+00
10,16384,t,-3915303585826244437,"FETCH 7 IN ""query-cursor_84""",0,0,0,0,0,0,1,0.001818,0.001818,0.001818,0.001818,0,7,0,0,0,0,0,0,0,0,0,0,0,0,0,0,0,0,0,0,0,0,0,0,0,0,0,0,0,0,0,2026-08-27 14:51:15.57369+00,2026-08-27 14:51:15.57369+00
16410,16412,t,-6807146695614492837,CREATE UNIQUE INDEX LIB_FEAT_SK ON LIB_FEAT(LIB_FEAT_ID),0,0,0,0,0,0,1,3.995478,3.995478,3.995478,3.995478,0,0,120,1,0,0,0,0,0,0,0,0,1.036688,0,0,0,0,0,0,0,0,0,0,0,0,0,0,0,0,0,0,2026-08-27 13:29:49.971289+00,2026-08-27 13:29:49.971289+00
10,16384,t,-310740636813177058,"DECLARE ""query-cursor_51"" SCROLL CURSOR FOR select queryid, left(query, $1), calls, (total_plan_time + total_exec_time) as total_time from aurora_stat_statements($2) order by calls desc limit $3 FOR READ ONLY",0,0,0,0,0,0,1,0.059173,0.059173,0.059173,0.059173,0,0,0,0,0,0,0,0,0,0,0,0,0,0,0,0,0,0,0,0,0,0,0,0,0,0,0,0,0,0,0,2026-08-27 14:18:15.56747+00,2026-08-27 14:18:15.56747+00
10,16384,t,-1174335397848949074,"MOVE -1741 IN ""query-cursor_158""",0,0,0,0,0,0,1,0.033721,0.033721,0.033721,0.033721,0,0,0,0,0,0,0,0,0,0,0,0,0,0,0,0,0,0,0,0,0,0,0,0,0,0,0,0,0,0,0,2026-08-27 16:09:15.580282+00,2026-08-27 16:09:15.580282+00
10,16384,t,2222250046813421568,"FETCH 0 IN ""query-cursor_76""",0,0,0,0,0,0,1,0.003919,0.003919,0.003919,0.003919,0,0,0,0,0,0,0,0,0,0,0,0,0,0,0,0,0,0,0,0,0,0,0,0,0,0,0,0,0,0,0,2026-08-27 14:43:15.569263+00,2026-08-27 14:43:15.569263+00
10,16384,t,2690544507537896214,"MOVE -533 IN ""query-cursor_63""",0,0,0,0,0,0,1,0.011738,0.011738,0.011738,0.011738,0,0,0,0,0,0,0,0,0,0,0,0,0,0,0,0,0,0,0,0,0,0,0,0,0,0,0,0,0,0,0,2026-08-27 14:30:15.569648+00,2026-08-27 14:30:15.569648+00
16410,16412,t,-1123139156033614029,SELECT LOCK_DSRC_ACTION FROM RES_ENT WHERE RES_ENT_ID=$1,0,0,0,0,0,0,291359,4835.652518000007,0.00426,35.503066,0.016596887406944722,0.15191457030429442,291359,1237546,0,0,0,0,0,0,0,0,0,0,0,0,0,0,0,0,0,0,0,0,0,0,0,0,0,0,0,0,2026-08-27 15:50:57.757741+00,2026-08-27 15:50:57.757741+00
16410,16412,t,1003475302235936979,"UPDATE RES_FEAT_EKEY AS T SET SUPPRESSED = C.SUPPRESSED FROM (VALUES (CAST ($1 AS BIGINT),CAST ($2 AS BIGINT),$3,$4),(CAST ($5 AS BIGINT),CAST ($6 AS BIGINT),$7,$8),(CAST ($9 AS BIGINT),CAST ($10 AS BIGINT),$11,$12),(CAST ($13 AS BIGINT),CAST ($14 AS BIGINT),$15,$16),(CAST ($17 AS BIGINT),CAST ($18 AS BIGINT),$19,$20),(CAST ($21 AS BIGINT),CAST ($22 AS BIGINT),$23,$24)) AS C(RES_ENT_ID,LIB_FEAT_ID,UTYPE_CODE,SUPPRESSED) WHERE C.RES_ENT_ID=T.RES_ENT_ID AND C.LIB_FEAT_ID=T.LIB_FEAT_ID AND C.UTYPE_CODE=T.UTYPE_CODE",0,0,0,0,0,0,3359,6553.005622,0.058638,379.58660199999997,1.9508799112831199,8.984894035416763,20154,221186,0,0,113,0,0,0,0,0,0,0,0.8866310000000002,0,0,0,0,0,0,0,0,0,0,0,0,0,0,0,0,0,2026-08-27 15:50:47.972085+00,2026-08-27 15:50:47.972085+00
10,16384,t,-5232509561126404853,"FETCH 50 IN ""query-cursor_72""",0,0,0,0,0,0,11,0.036147000000000006,0.00294,0.004869,0.0032860909090909095,0.0005269839491337741,550,0,0,0,0,0,0,0,0,0,0,0,0,0,0,0,0,0,0,0,0,0,0,0,0,0,0,0,0,0,2026-08-27 14:39:15.570319+00,2026-08-27 14:39:15.570319+00
16410,16412,t,6860448417931102691,"SELECT RES_ENT_ID,LIB_FEAT_ID,FTYPE_ID,UTYPE_CODE,SUPPRESSED,OBS_ENT_CNT FROM RES_FEAT_EKEY WHERE RES_ENT_ID IN ($1,$2,$3,$4,$5,$6,$7,$8) AND FTYPE_ID IN ($9,$10,$11,$12,$13,$14,$15,$16,$17,$18,$19,$20,$21,$22,$23,$24)",0,0,0,0,0,0,3633,3898.592139000018,0.07946,64.633675,1.073105460776223,3.3859407566702298,2111931,118992,0,0,0,0,0,0,0,0,0,0,0,0,0,0,0,0,0,0,0,0,0,0,0,0,0,0,0,0,2026-08-27 15:50:48.21713+00,2026-08-27 15:50:48.21713+00
10,16384,t,91164580322030872,"FETCH 0 IN ""query-cursor_182""",0,0,0,0,0,0,1,0.004298,0.004298,0.004298,0.004298,0,0,0,0,0,0,0,0,0,0,0,0,0,0,0,0,0,0,0,0,0,0,0,0,0,0,0,0,0,0,0,2026-08-27 16:39:15.576926+00,2026-08-27 16:39:15.576926+00
16410,16412,t,-5048864070642998297,"SELECT RES_ENT_ID,LIB_FEAT_ID,FTYPE_ID,UTYPE_CODE,SUPPRESSED,OBS_ENT_CNT FROM RES_FEAT_EKEY WHERE RES_ENT_ID IN ($1,$2,$3,$4) AND FTYPE_ID IN ($5,$6,$7,$8,$9,$10,$11,$12,$13,$14,$15,$16,$17,$18,$19,$20,$21,$22,$23,$24,$25,$26,$27,$28,$29,$30,$31,$32,$33,$34,$35,$36,$37,$38,$39,$40,$41,$42,$43,$44,$45,$46,$47,$48,$49,$50,$51,$52,$53,$54,$55,$56,$57,$58,$59,$60,$61,$62,$63,$64,$65,$66,$67)",0,0,0,0,0,0,1,0.09169,0.09169,0.09169,0.09169,0,0,18,0,0,0,0,0,0,0,0,0,0,0,0,0,0,0,0,0,0,0,0,0,0,0,0,0,0,0,0,2026-08-27 16:07:11.377306+00,2026-08-27 16:07:11.377306+00
10,16384,t,-5459982774710103699,"MOVE ALL IN ""query-cursor_142""",0,0,0,0,0,0,1,2.125719,2.125719,2.125719,2.125719,0,0,0,0,0,0,0,0,0,0,0,0,0,0,0,0,0,0,0,0,0,0,0,0,0,0,0,0,0,0,0,2026-08-27 15:49:15.575979+00,2026-08-27 15:49:15.575979+00
10,16384,t,-4924178588047206423,"DECLARE ""query-cursor_67"" SCROLL CURSOR FOR select queryid, left(query, $1), calls, (total_plan_time + total_exec_time) as total_time from aurora_stat_statements($2) order by calls desc limit $3 FOR READ ONLY",0,0,0,0,0,0,1,0.059595,0.059595,0.059595,0.059595,0,0,0,0,0,0,0,0,0,0,0,0,0,0,0,0,0,0,0,0,0,0,0,0,0,0,0,0,0,0,0,2026-08-27 14:34:15.568597+00,2026-08-27 14:34:15.568597+00
10,16384,t,-4412384395469284319,"FETCH 50 IN ""query-cursor_198""",0,0,0,0,0,0,39,0.14694299999999996,0.002798,0.006711,0.00376776923076923,0.001001586804142677,1950,0,0,0,0,0,0,0,0,0,0,0,0,0,0,0,0,0,0,0,0,0,0,0,0,0,0,0,0,0,2026-08-27 16:55:15.583036+00,2026-08-27 16:55:15.583036+00
16410,16412,t,-2878301320346958566,"SELECT RES_ENT_ID,LIB_FEAT_ID,FTYPE_ID,UTYPE_CODE,SUPPRESSED,OBS_ENT_CNT FROM RES_FEAT_EKEY WHERE RES_ENT_ID IN ($1,$2,$3,$4,$5,$6,$7,$8,$9,$10,$11,$12,$13,$14,$15,$16,$17,$18,$19,$20,$21,$22,$23,$24,$25,$26,$27,$28,$29,$30,$31,$32,$33,$34,$35,$36,$37,$38,$39,$40,$41,$42,$43,$44,$45,$46,$47,$48,$49,$50,$51,$52,$53,$54,$55,$56,$57,$58,$59,$60,$61,$62,$63,$64) AND FTYPE_ID IN ($65,$66,$67,$68,$69,$70,$71)",0,0,0,0,0,0,479,1698.1872769999995,0.646733,74.118438,3.545276152400834,7.920415194986227,512478,83416,0,0,0,0,0,0,0,0,0,0,0,0,0,0,0,0,0,0,0,0,0,0,0,0,0,0,0,0,2026-08-27 16:01:56.005573+00,2026-08-27 16:01:56.005573+00
10,16384,t,-7672117833694704649,"SELECT DATNAME, LARGEST_DB_BYTES, ALL_DB_BYTES, OLDEST_XACT_SEC, OLDEST_XACT_XID
FROM (
SELECT DATNAME, DATALLOWCONN, CONNECTIONS, BYTES
,MAX(BYTES) OVER () LARGEST_DB_BYTES
,SUM(BYTES) OVER () ALL_DB_BYTES
,MAX(SEC) OVER () OLDEST_XACT_SEC
,MAX(XID) OVER () OLDEST_XACT_XID
FROM (
SELECT D.DATNAME
,D.DATALLOWCONN
,PG_CATALOG.PG_DATABASE_SIZE(D.OID) BYTES
,SUBQ_DB_BY_ACTIVITY.CONNECTIONS
,SUBQ_DB_BY_ACTIVITY.SEC
,SUBQ_DB_BY_ACTIVITY.XID
FROM (
SELECT A.DATID
,COUNT(*) CONNECTIONS
,MAX(EXTRACT($1 FROM NOW()-XACT_START)) SEC
,MAX(AGE(BACKEND_XMIN)) XID
FROM PG_CATALOG.PG_STAT_GET_ACTIVITY($2) A
WHERE A.DATID IS NOT NULL AND A.USESYSID<>$3::REGROLE
GROUP BY A.DATID
ORDER BY COUNT(*) DESC NULLS LAST
LIMIT $4
) SUBQ_DB_BY_ACTIVITY RIGHT JOIN PG_DATABASE D ON (SUBQ_DB_BY_ACTIVITY.DATID = D.OID)
) SUBQ_GET_BYTES_ONLY_ONCE
) SUBQ_AGGREGATES_BEFORE_FILTER
WHERE DATNAME<>$5 AND DATALLOWCONN
ORDER BY CONNECTIONS DESC NULLS LAST, BYTES DESC NULLS LAST
LIMIT $6",0,0,0,0,0,0,1,1.1374620000000002,1.1374620000000002,1.1374620000000002,1.1374620000000002,0,3,5,0,0,0,0,0,0,0,0,0,0,0,0,0,0,0,0,0,0,0,0,0,0,0,0,0,0,0,0,2026-08-27 13:45:00.090907+00,2026-08-27 13:45:00.090907+00
10,16384,t,2705439451685909827,"FETCH 0 IN ""query-cursor_121""",0,0,0,0,0,0,1,0.003664,0.003664,0.003664,0.003664,0,0,0,0,0,0,0,0,0,0,0,0,0,0,0,0,0,0,0,0,0,0,0,0,0,0,0,0,0,0,0,2026-08-27 15:28:15.572345+00,2026-08-27 15:28:15.572345+00
10,16384,t,-7011084734170376001,"FETCH 50 IN ""query-cursor_36""",0,0,0,0,0,0,7,0.022662,0.002875,0.004705,0.0032374285714285717,0.0006160141132759071,350,0,0,0,0,0,0,0,0,0,0,0,0,0,0,0,0,0,0,0,0,0,0,0,0,0,0,0,0,0,2026-08-27 14:03:15.567397+00,2026-08-27 14:03:15.567397+00
10,16384,t,-1776331777195200853,"MOVE -2082 IN ""query-cursor_214""",0,0,0,0,0,0,1,0.038439,0.038439,0.038439,0.038439,0,0,0,0,0,0,0,0,0,0,0,0,0,0,0,0,0,0,0,0,0,0,0,0,0,0,0,0,0,0,0,2026-08-27 17:11:15.584618+00,2026-08-27 17:11:15.584618+00
10,16384,t,5909054980142918155,"FETCH 41 IN ""query-cursor_98""",0,0,0,0,0,0,1,0.002961,0.002961,0.002961,0.002961,0,41,0,0,0,0,0,0,0,0,0,0,0,0,0,0,0,0,0,0,0,0,0,0,0,0,0,0,0,0,0,2026-08-27 15:05:15.575207+00,2026-08-27 15:05:15.575207+00
10,16384,t,-4221145904532887447,"DECLARE ""query-cursor_134"" SCROLL CURSOR FOR select queryid, left(query, $1), calls, (total_plan_time + total_exec_time) as total_time from aurora_stat_statements($2) order by calls desc limit $3 FOR READ ONLY",0,0,0,0,0,0,1,0.057633,0.057633,0.057633,0.057633,0,0,0,0,0,0,0,0,0,0,0,0,0,0,0,0,0,0,0,0,0,0,0,0,0,0,0,0,0,0,0,2026-08-27 15:41:15.573275+00,2026-08-27 15:41:15.573275+00
10,16384,t,-8340081814566666622,"FETCH 50 IN ""query-cursor_47""",0,0,0,0,0,0,8,0.028768000000000002,0.002742,0.005744,0.0035960000000000002,0.0009911722857303869,400,0,0,0,0,0,0,0,0,0,0,0,0,0,0,0,0,0,0,0,0,0,0,0,0,0,0,0,0,0,2026-08-27 14:14:15.568345+00,2026-08-27 14:14:15.568345+00
10,16384,t,-4710645208432764255,"FETCH 47 IN ""query-cursor_74""",0,0,0,0,0,0,1,0.003001,0.003001,0.003001,0.003001,0,47,0,0,0,0,0,0,0,0,0,0,0,0,0,0,0,0,0,0,0,0,0,0,0,0,0,0,0,0,0,2026-08-27 14:41:15.572593+00,2026-08-27 14:41:15.572593+00
10,16384,t,-8041711891734273104,"FETCH 3 IN ""query-cursor_201""",0,0,0,0,0,0,1,0.001573,0.001573,0.001573,0.001573,0,3,0,0,0,0,0,0,0,0,0,0,0,0,0,0,0,0,0,0,0,0,0,0,0,0,0,0,0,0,0,2026-08-27 16:58:15.597179+00,2026-08-27 16:58:15.597179+00
10,16384,t,-8051247466703090405,"MOVE -592 IN ""query-cursor_73""",0,0,0,0,0,0,1,0.012753,0.012753,0.012753,0.012753,0,0,0,0,0,0,0,0,0,0,0,0,0,0,0,0,0,0,0,0,0,0,0,0,0,0,0,0,0,0,0,2026-08-27 14:40:15.570403+00,2026-08-27 14:40:15.570403+00
10,16384,t,3260331107216934674,"FETCH 0 IN ""query-cursor_43""",0,0,0,0,0,0,1,0.004194,0.004194,0.004194,0.004194,0,0,0,0,0,0,0,0,0,0,0,0,0,0,0,0,0,0,0,0,0,0,0,0,0,0,0,0,0,0,0,2026-08-27 14:10:15.567039+00,2026-08-27 14:10:15.567039+00
10,16384,t,-8089588622244042518,"FETCH 50 IN ""query-cursor_112""",0,0,0,0,0,0,16,0.051316,0.002632,0.004891,0.00320725,0.0005370542919482164,800,0,0,0,0,0,0,0,0,0,0,0,0,0,0,0,0,0,0,0,0,0,0,0,0,0,0,0,0,0,2026-08-27 15:19:15.573572+00,2026-08-27 15:19:15.573572+00
16410,16412,t,5937427427554479888,"UPDATE RES_FEAT_EKEY AS T SET SUPPRESSED=C.SUPPRESSED,OBS_ENT_CNT=C.OBS_ENT_CNT FROM (VALUES (CAST ($1 AS BIGINT),CAST ($2 AS BIGINT),$3,$4,CAST ($5 AS BIGINT))) AS C(RES_ENT_ID,LIB_FEAT_ID,UTYPE_CODE,SUPPRESSED,OBS_ENT_CNT) WHERE C.RES_ENT_ID=T.RES_ENT_ID AND C.LIB_FEAT_ID=T.LIB_FEAT_ID AND C.UTYPE_CODE=T.UTYPE_CODE",0,0,0,0,0,0,727,232.11062700000008,0.019444,36.828990999999995,0.31927183906464934,1.9195764952574006,727,10117,1,0,24,0,0,0,0,0,0,0,0.098744,0,0,0,0,0,0,0,0,0,0,0,0,0,0,0,0,0,2026-08-27 15:51:04.171348+00,2026-08-27 15:51:04.171348+00
10,16384,t,2594001319117772623,"FETCH 50 IN ""query-cursor_100""",0,0,0,0,0,0,15,0.065787,0.002773,0.021476,0.0043858,0.004627513907056358,750,0,0,0,0,0,0,0,0,0,0,0,0,0,0,0,0,0,0,0,0,0,0,0,0,0,0,0,0,0,2026-08-27 15:07:15.572793+00,2026-08-27 15:07:15.572793+00
10,16384,t,-7675392397275309014,"DECLARE ""query-cursor_224"" SCROLL CURSOR FOR select queryid, left(query, $1), calls, (total_plan_time + total_exec_time) as total_time from aurora_stat_statements($2) order by calls desc limit $3 FOR READ ONLY",0,0,0,0,0,0,1,0.066691,0.066691,0.066691,0.066691,0,0,0,0,0,0,0,0,0,0,0,0,0,0,0,0,0,0,0,0,0,0,0,0,0,0,0,0,0,0,0,2026-08-27 17:21:15.579844+00,2026-08-27 17:21:15.579844+00
10,16384,t,-6118998605136286738,"MOVE -742 IN ""query-cursor_98""",0,0,0,0,0,0,1,0.015897,0.015897,0.015897,0.015897,0,0,0,0,0,0,0,0,0,0,0,0,0,0,0,0,0,0,0,0,0,0,0,0,0,0,0,0,0,0,0,2026-08-27 15:05:15.572672+00,2026-08-27 15:05:15.572672+00
10,16384,t,2187695592222816434,"FETCH 0 IN ""query-cursor_216""",0,0,0,0,0,0,1,0.003614,0.003614,0.003614,0.003614,0,0,0,0,0,0,0,0,0,0,0,0,0,0,0,0,0,0,0,0,0,0,0,0,0,0,0,0,0,0,0,2026-08-27 17:13:15.579313+00,2026-08-27 17:13:15.579313+00
16410,16412,t,-4996190704934010847,"UPDATE RES_RELATE AS T SET IS_DISCLOSED=C.IS_DISCLOSED,IS_AMBIGUOUS=C.IS_AMBIGUOUS,LAST_ERRULE_ID=C.LAST_ERRULE_ID,MATCH_KEY=C.MATCH_KEY,MATCH_KEY_DETAILS=C.MATCH_KEY_DETAILS,MATCH_LEVELS=C.MATCH_LEVELS FROM (VALUES (CAST ($1 AS BIGINT),CAST ($2 AS BIGINT),CAST ($3 AS BIGINT),CAST ($4 AS BIGINT),$5,$6,$7),(CAST ($8 AS BIGINT),CAST ($9 AS BIGINT),CAST ($10 AS BIGINT),CAST ($11 AS BIGINT),$12,$13,$14),(CAST ($15 AS BIGINT),CAST ($16 AS BIGINT),CAST ($17 AS BIGINT),CAST ($18 AS BIGINT),$19,$20,$21),(CAST ($22 AS BIGINT),CAST ($23 AS BIGINT),CAST ($24 AS BIGINT),CAST ($25 AS BIGINT),$26,$27,$28),(CAST ($29 AS BIGINT),CAST ($30 AS BIGINT),CAST ($31 AS BIGINT),CAST ($32 AS BIGINT),$33,$34,$35),(CAST ($36 AS BIGINT),CAST ($37 AS BIGINT),CAST ($38 AS BIGINT),CAST ($39 AS BIGINT),$40,$41,$42)) AS C(RES_REL_ID,IS_DISCLOSED,IS_AMBIGUOUS,LAST_ERRULE_ID,MATCH_KEY,MATCH_KEY_DETAILS,MATCH_LEVELS) WHERE C.RES_REL_ID=T.RES_REL_ID",0,0,0,0,0,0,1172,1771.7173520000024,0.07681700000000001,44.416844,1.5117042252559747,4.976582184479748,7028,79208,0,0,531,0,0,0,0,0,0,0,24.254373000000022,0,0,0,0,0,0,0,0,0,0,0,0,0,0,0,0,0,2026-08-27 15:51:49.894648+00,2026-08-27 15:51:49.894648+00
16410,16412,t,-6020702859049655256,"SELECT LIB_FEAT_ID,UTYPE_CODE,RES_ENT_ID,OBS_ENT_CNT FROM RES_FEAT_EKEY WHERE LIB_FEAT_ID IN ($1,$2) AND RES_ENT_ID!=$3",0,0,0,0,0,0,101371,5884.634151999997,0.004425,42.999454,0.058050469582030334,0.6163827485141896,170547,908964,0,0,0,0,0,0,0,0,0,0,0,0,0,0,0,0,0,0,0,0,0,0,0,0,0,0,0,0,2026-08-27 15:50:47.409768+00,2026-08-27 15:50:47.409768+00
16410,16412,t,-3937317982024504754,"SELECT RES_ENT_ID,LIB_FEAT_ID,FTYPE_ID,UTYPE_CODE,SUPPRESSED,OBS_ENT_CNT FROM RES_FEAT_EKEY WHERE RES_ENT_ID IN ($1,$2,$3,$4,$5,$6,$7,$8,$9,$10,$11,$12,$13,$14,$15,$16,$17,$18,$19,$20,$21,$22,$23,$24,$25,$26,$27,$28,$29,$30,$31,$32,$33,$34,$35,$36,$37,$38,$39,$40,$41,$42,$43,$44,$45,$46,$47,$48,$49,$50,$51,$52,$53,$54,$55,$56,$57,$58,$59,$60,$61,$62,$63,$64,$65,$66,$67,$68,$69,$70,$71,$72,$73,$74,$75,$76,$77,$78,$79,$80,$81,$82,$83,$84,$85,$86,$87,$88,$89,$90,$91,$92,$93) AND FTYPE_ID IN ($94,$95,$96,$97,$98,$99,$100)",0,0,0,0,0,0,98,554.1079930000001,1.013573,59.14703,5.654163193877552,8.08583378896165,217834,31775,0,0,0,0,0,0,0,0,0,0,0,0,0,0,0,0,0,0,0,0,0,0,0,0,0,0,0,0,2026-08-27 16:01:59.97087+00,2026-08-27 16:01:59.97087+00
10,16384,t,4583534835356614174,"MOVE ALL IN ""query-cursor_151""",0,0,0,0,0,0,1,9.95,9.95,9.95,9.95,0,0,0,0,0,0,0,0,0,0,0,0,0,0,0,0,0,0,0,0,0,0,0,0,0,0,0,0,0,0,0,2026-08-27 15:59:15.706166+00,2026-08-27 15:59:15.706166+00
10,16384,t,399061039484197731,"FETCH 17 IN ""query-cursor_220""",0,0,0,0,0,0,1,0.002077,0.002077,0.002077,0.002077,0,17,0,0,0,0,0,0,0,0,0,0,0,0,0,0,0,0,0,0,0,0,0,0,0,0,0,0,0,0,0,2026-08-27 17:17:15.597993+00,2026-08-27 17:17:15.597993+00
16410,16412,t,1446408695538653855,"INSERT INTO RES_FEAT_EKEY(RES_ENT_ID,LIB_FEAT_ID,FTYPE_ID,UTYPE_CODE,SUPPRESSED,OBS_ENT_CNT) VALUES ($1,$2,$3,$4,$5,$6),($7,$8,$9,$10,$11,$12),($13,$14,$15,$16,$17,$18),($19,$20,$21,$22,$23,$24),($25,$26,$27,$28,$29,$30) ON CONFLICT DO NOTHING",0,0,0,0,0,0,66064,134767.22050299996,0.061385999999999996,560.37548,2.0399494505782267,7.2481731397744635,330320,4146642,0,0,4672,0,0,0,0,0,0,0,283.57559000000015,0,0,0,0,0,0,0,0,0,0,0,0,0,0,0,0,0,2026-08-27 15:50:47.187062+00,2026-08-27 15:50:47.187062+00
10,16384,t,-7447041206473841236,"MOVE ALL IN ""query-cursor_91""",0,0,0,0,0,0,1,1.532544,1.532544,1.532544,1.532544,0,0,0,0,0,0,0,0,0,0,0,0,0,0,0,0,0,0,0,0,0,0,0,0,0,0,0,0,0,0,0,2026-08-27 14:58:15.571924+00,2026-08-27 14:58:15.571924+00
10,16384,t,7415949929335399295,"MOVE -1788 IN ""query-cursor_165""",0,0,0,0,0,0,1,0.033081,0.033081,0.033081,0.033081,0,0,0,0,0,0,0,0,0,0,0,0,0,0,0,0,0,0,0,0,0,0,0,0,0,0,0,0,0,0,0,2026-08-27 16:22:15.580722+00,2026-08-27 16:22:15.580722+00
10,16384,t,-8229902447758108642,"MOVE -1897 IN ""query-cursor_183""",0,0,0,0,0,0,1,0.035283,0.035283,0.035283,0.035283,0,0,0,0,0,0,0,0,0,0,0,0,0,0,0,0,0,0,0,0,0,0,0,0,0,0,0,0,0,0,0,2026-08-27 16:40:15.582172+00,2026-08-27 16:40:15.582172+00
10,16384,t,2162248481821045395,"FETCH 50 IN ""query-cursor_228""",0,0,0,0,0,0,43,0.17292000000000002,0.00273,0.008049,0.00402139534883721,0.0013219168101668208,2150,0,0,0,0,0,0,0,0,0,0,0,0,0,0,0,0,0,0,0,0,0,0,0,0,0,0,0,0,0,2026-08-27 17:25:15.585918+00,2026-08-27 17:25:15.585918+00
16410,16412,t,8788062089371550003,"UPDATE RES_FEAT_EKEY AS T SET SUPPRESSED = C.SUPPRESSED FROM (VALUES (CAST ($1 AS BIGINT),CAST ($2 AS BIGINT),$3,$4)) AS C(RES_ENT_ID,LIB_FEAT_ID,UTYPE_CODE,SUPPRESSED) WHERE C.RES_ENT_ID=T.RES_ENT_ID AND C.LIB_FEAT_ID=T.LIB_FEAT_ID AND C.UTYPE_CODE=T.UTYPE_CODE",0,0,0,0,0,0,120875,33636.591235999724,0.014024,391.691767,0.2782758323557371,2.1720960867791166,120875,1086520,0,0,968,0,0,0,0,0,0,0,117.082689,0,0,0,0,0,0,0,0,0,0,0,0,0,0,0,0,0,2026-08-27 15:50:47.084232+00,2026-08-27 15:50:47.084232+00
10,16384,t,-3925330941504478429,"MOVE ALL IN ""query-cursor_202""",0,0,0,0,0,0,1,5.346669,5.346669,5.346669,5.346669,0,0,0,0,0,0,0,0,0,0,0,0,0,0,0,0,0,0,0,0,0,0,0,0,0,0,0,0,0,0,0,2026-08-27 16:59:15.583674+00,2026-08-27 16:59:15.583674+00
10,16384,t,6206496621779626452,"FETCH 50 IN ""query-cursor_61""",0,0,0,0,0,0,10,0.03375,0.002786,0.005227,0.0033750000000000004,0.000655354560524301,500,0,0,0,0,0,0,0,0,0,0,0,0,0,0,0,0,0,0,0,0,0,0,0,0,0,0,0,0,0,2026-08-27 14:28:15.569529+00,2026-08-27 14:28:15.569529+00
10,16384,t,6198184844144676336,"FETCH 42 IN ""query-cursor_155""",0,0,0,0,0,0,1,0.011544,0.011544,0.011544,0.011544,0,42,0,0,0,0,0,0,0,0,0,0,0,0,0,0,0,0,0,0,0,0,0,0,0,0,0,0,0,0,0,2026-08-27 16:03:15.640588+00,2026-08-27 16:03:15.640588+00
16410,16412,t,7357251270205503785,"SELECT OBS_ENT_ID,RES_ENT_ID FROM RES_ENT_OKEY WHERE RES_ENT_ID IN ($1,$2,$3,$4,$5,$6,$7,$8,$9,$10,$11,$12,$13,$14,$15,$16,$17,$18,$19,$20,$21,$22,$23,$24,$25,$26,$27,$28,$29,$30,$31,$32)",0,0,0,0,0,0,2,0.23891700000000002,0.107268,0.13164900000000002,0.11945850000000001,0.012190500000000007,60,160,0,0,0,0,0,0,0,0,0,0,0,0,0,0,0,0,0,0,0,0,0,0,0,0,0,0,0,0,2026-08-27 16:02:11.139911+00,2026-08-27 16:02:11.139911+00
10,16384,t,-7015623509292661704,"MOVE ALL IN ""query-cursor_94""",0,0,0,0,0,0,1,1.55955,1.55955,1.55955,1.55955,0,0,0,0,0,0,0,0,0,0,0,0,0,0,0,0,0,0,0,0,0,0,0,0,0,0,0,0,0,0,0,2026-08-27 15:01:15.572084+00,2026-08-27 15:01:15.572084+00
10,16384,t,-5182811042227697578,"FETCH 0 IN ""query-cursor_69""",0,0,0,0,0,0,1,0.003204,0.003204,0.003204,0.003204,0,0,0,0,0,0,0,0,0,0,0,0,0,0,0,0,0,0,0,0,0,0,0,0,0,0,0,0,0,0,0,2026-08-27 14:36:15.568854+00,2026-08-27 14:36:15.568854+00
10,16384,t,-5123319788788696353,"MOVE -356 IN ""query-cursor_35""",0,0,0,0,0,0,1,0.009173,0.009173,0.009173,0.009173,0,0,0,0,0,0,0,0,0,0,0,0,0,0,0,0,0,0,0,0,0,0,0,0,0,0,0,0,0,0,0,2026-08-27 14:02:15.567348+00,2026-08-27 14:02:15.567348+00
10,16384,t,1135655251512752113,"FETCH 9 IN ""query-cursor_101""",0,0,0,0,0,0,1,0.001834,0.001834,0.001834,0.001834,0,9,0,0,0,0,0,0,0,0,0,0,0,0,0,0,0,0,0,0,0,0,0,0,0,0,0,0,0,0,0,2026-08-27 15:08:15.575684+00,2026-08-27 15:08:15.575684+00
16410,16412,t,7370940592176868990,"SELECT RES_ENT_ID,LIB_FEAT_ID,FTYPE_ID,UTYPE_CODE,SUPPRESSED,OBS_ENT_CNT FROM RES_FEAT_EKEY WHERE RES_ENT_ID IN ($1,$2,$3,$4,$5,$6,$7,$8,$9,$10,$11,$12,$13,$14,$15,$16,$17,$18,$19,$20,$21,$22,$23,$24,$25,$26,$27,$28,$29,$30,$31,$32) AND FTYPE_ID IN ($33,$34,$35,$36,$37,$38,$39,$40,$41,$42,$43,$44,$45,$46,$47,$48,$49,$50,$51)",0,0,0,0,0,0,753,17680.712192999996,0.716921,491.536349,23.480361478087644,44.895715135466986,9793690,187097,0,0,0,0,0,0,0,0,0,0,0,0,0,0,0,0,0,0,0,0,0,0,0,0,0,0,0,0,2026-08-27 15:50:52.491501+00,2026-08-27 15:50:52.491501+00
10,16384,t,4116789604027552870,"FETCH 0 IN ""query-cursor_221""",0,0,0,0,0,0,1,0.003712,0.003712,0.003712,0.003712,0,0,0,0,0,0,0,0,0,0,0,0,0,0,0,0,0,0,0,0,0,0,0,0,0,0,0,0,0,0,0,2026-08-27 17:18:15.579423+00,2026-08-27 17:18:15.579423+00
10,16384,t,-8653161674430230820,"MOVE -1579 IN ""query-cursor_147""",0,0,0,0,0,0,1,0.031753,0.031753,0.031753,0.031753,0,0,0,0,0,0,0,0,0,0,0,0,0,0,0,0,0,0,0,0,0,0,0,0,0,0,0,0,0,0,0,2026-08-27 15:54:15.579078+00,2026-08-27 15:54:15.579078+00
10,16384,t,7862587589369481257,"MOVE -562 IN ""query-cursor_68""",0,0,0,0,0,0,1,0.01261,0.01261,0.01261,0.01261,0,0,0,0,0,0,0,0,0,0,0,0,0,0,0,0,0,0,0,0,0,0,0,0,0,0,0,0,0,0,0,2026-08-27 14:35:15.570055+00,2026-08-27 14:35:15.570055+00
10,16384,t,-2730698344129733524,"FETCH 50 IN ""query-cursor_123""",0,0,0,0,0,0,17,0.051411000000000005,0.002691,0.004486,0.0030241764705882354,0.000413768226581887,850,0,0,0,0,0,0,0,0,0,0,0,0,0,0,0,0,0,0,0,0,0,0,0,0,0,0,0,0,0,2026-08-27 15:30:15.574468+00,2026-08-27 15:30:15.574468+00
10,16384,t,-8568540082221229557,"FETCH 0 IN ""query-cursor_87""",0,0,0,0,0,0,1,0.004053,0.004053,0.004053,0.004053,0,0,0,0,0,0,0,0,0,0,0,0,0,0,0,0,0,0,0,0,0,0,0,0,0,0,0,0,0,0,0,2026-08-27 14:54:15.570067+00,2026-08-27 14:54:15.570067+00
16410,16412,t,-1061819349791330283,"UPDATE RES_FEAT_EKEY AS T SET SUPPRESSED = C.SUPPRESSED FROM (VALUES (CAST ($1 AS BIGINT),CAST ($2 AS BIGINT),$3,$4),(CAST ($5 AS BIGINT),CAST ($6 AS BIGINT),$7,$8),(CAST ($9 AS BIGINT),CAST ($10 AS BIGINT),$11,$12),(CAST ($13 AS BIGINT),CAST ($14 AS BIGINT),$15,$16),(CAST ($17 AS BIGINT),CAST ($18 AS BIGINT),$19,$20),(CAST ($21 AS BIGINT),CAST ($22 AS BIGINT),$23,$24),(CAST ($25 AS BIGINT),CAST ($26 AS BIGINT),$27,$28),(CAST ($29 AS BIGINT),CAST ($30 AS BIGINT),$31,$32),(CAST ($33 AS BIGINT),CAST ($34 AS BIGINT),$35,$36),(CAST ($37 AS BIGINT),CAST ($38 AS BIGINT),$39,$40),(CAST ($41 AS BIGINT),CAST ($42 AS BIGINT),$43,$44),(CAST ($45 AS BIGINT),CAST ($46 AS BIGINT),$47,$48),(CAST ($49 AS BIGINT),CAST ($50 AS BIGINT),$51,$52),(CAST ($53 AS BIGINT),CAST ($54 AS BIGINT),$55,$56),(CAST ($57 AS BIGINT),CAST ($58 AS BIGINT),$59,$60),(CAST ($61 AS BIGINT),CAST ($62 AS BIGINT),$63,$64),(CAST ($65 AS BIGINT),CAST ($66 AS BIGINT),$67,$68),(CAST ($69 AS BIGINT),CAST ($70 AS BIGINT),$71,$72),(CAST ($73 AS BIGINT),CAST ($74 AS BIGINT),$75,$76),(CAST ($77 AS BIGINT),CAST ($78 AS BIGINT),$79,$80),(CAST ($81 AS BIGINT),CAST ($82 AS BIGINT),$83,$84),(CAST ($85 AS BIGINT),CAST ($86 AS BIGINT),$87,$88),(CAST ($89 AS BIGINT),CAST ($90 AS BIGINT),$91,$92)) AS C(RES_ENT_ID,LIB_FEAT_ID,UTYPE_CODE,SUPPRESSED) WHERE C.RES_ENT_ID=T.RES_ENT_ID AND C.LIB_FEAT_ID=T.LIB_FEAT_ID AND C.UTYPE_CODE=T.UTYPE_CODE",0,0,0,0,0,0,82,339.2699169999998,0.16719599999999998,55.875873,4.137438012195119,9.606293467653423,1886,21118,0,0,5,0,0,0,0,0,0,0,0.039114,0,0,0,0,0,0,0,0,0,0,0,0,0,0,0,0,0,2026-08-27 15:51:51.083939+00,2026-08-27 15:51:51.083939+00
10,16384,t,2542006324122610119,"FETCH 0 IN ""query-cursor_103""",0,0,0,0,0,0,1,0.003894,0.003894,0.003894,0.003894,0,0,0,0,0,0,0,0,0,0,0,0,0,0,0,0,0,0,0,0,0,0,0,0,0,0,0,0,0,0,0,2026-08-27 15:10:15.571128+00,2026-08-27 15:10:15.571128+00
10,16384,t,4515372764596033875,create extension pg_stat_statements,0,0,0,0,0,0,1,112.224978,112.224978,112.224978,112.224978,0,0,3369,89,0,10,0,0,0,0,0,0,85.236779,0.03581,0,0,0,0,0,0,0,0,0,0,0,0,0,0,0,0,0,2026-08-27 13:28:15.059059+00,2026-08-27 13:28:15.059059+00
10,16384,t,5051189361253136087,"FETCH 50 IN ""query-cursor_122""",0,0,0,0,0,0,17,0.055011000000000004,0.002689,0.005661,0.0032359411764705886,0.0006645665080325792,850,0,0,0,0,0,0,0,0,0,0,0,0,0,0,0,0,0,0,0,0,0,0,0,0,0,0,0,0,0,2026-08-27 15:29:15.574422+00,2026-08-27 15:29:15.574422+00
10,16384,t,1410282443418497983,select $1 from rds_get_stat_connections_counters_details() limit $2,0,0,0,0,0,0,490,2.760570999999998,0.0047469999999999995,0.026315,0.005633818367346935,0.0013933251952299719,490,0,0,0,0,0,0,0,0,0,0,0,0,0,0,0,0,0,0,0,0,0,0,0,0,0,0,0,0,0,2026-08-27 13:28:15.123689+00,2026-08-27 13:28:15.123689+00
16410,16412,t,-2438608536886880258,"SELECT OBS_ENT_ID,DSRC_ID,ENT_SRC_KEY,LOCKING_ID,FEATURES FROM OBS_ENT WHERE OBS_ENT_ID IN ($1,$2,$3,$4,$5,$6,$7,$8,$9,$10,$11,$12,$13,$14,$15,$16,$17,$18,$19,$20,$21,$22,$23,$24,$25,$26,$27,$28,$29,$30,$31,$32)",0,0,0,0,0,0,191,55.34057600000003,0.073099,6.760368,0.28974123560209436,0.534341064192182,4431,26040,0,0,0,0,0,0,0,0,0,0,0,0,0,0,0,0,0,0,0,0,0,0,0,0,0,0,0,0,2026-08-27 15:57:18.730522+00,2026-08-27 15:57:18.730522+00
10,16384,t,-5284907541058312824,"MOVE -521 IN ""query-cursor_61""",0,0,0,0,0,0,1,0.011666,0.011666,0.011666,0.011666,0,0,0,0,0,0,0,0,0,0,0,0,0,0,0,0,0,0,0,0,0,0,0,0,0,0,0,0,0,0,0,2026-08-27 14:28:15.569494+00,2026-08-27 14:28:15.569494+00
16410,16412,t,7468601652027717050,"UPDATE OBS_ENT SET LOCKING_ID=LOCKING_ID+$3,LOCK_DSRC_ACTION=$1 WHERE OBS_ENT_ID IN ($2)",0,0,0,0,0,0,1282028,554739.5543840122,0.012487999999999999,638.7617799999999,0.43270471033706925,4.933105996364271,1282028,10743685,8,0,40925,0,0,0,0,0,0,0,1984.5406790000072,0,0,0,0,0,0,0,0,0,0,0,0,0,0,0,0,0,2026-08-27 15:50:46.884711+00,2026-08-27 15:50:46.884711+00
10,16384,t,4741742688108169213,"FETCH 0 IN ""query-cursor_51""",0,0,0,0,0,0,1,0.003704,0.003704,0.003704,0.003704,0,0,0,0,0,0,0,0,0,0,0,0,0,0,0,0,0,0,0,0,0,0,0,0,0,0,0,0,0,0,0,2026-08-27 14:18:15.567511+00,2026-08-27 14:18:15.567511+00
10,16384,t,-961477569316896497,"MOVE -416 IN ""query-cursor_45""",0,0,0,0,0,0,1,0.010256,0.010256,0.010256,0.010256,0,0,0,0,0,0,0,0,0,0,0,0,0,0,0,0,0,0,0,0,0,0,0,0,0,0,0,0,0,0,0,2026-08-27 14:12:15.568149+00,2026-08-27 14:12:15.568149+00
10,16384,t,-4813361940416895133,"DECLARE ""query-cursor_144"" SCROLL CURSOR FOR select queryid, left(query, $1), calls, (total_plan_time + total_exec_time) as total_time from aurora_stat_statements($2) order by calls desc limit $3 FOR READ ONLY",0,0,0,0,0,0,1,0.056339,0.056339,0.056339,0.056339,0,0,0,0,0,0,0,0,0,0,0,0,0,0,0,0,0,0,0,0,0,0,0,0,0,0,0,0,0,0,0,2026-08-27 15:51:15.573985+00,2026-08-27 15:51:15.573985+00
10,16384,t,1003569999880104951,"MOVE -952 IN ""query-cursor_133""",0,0,0,0,0,0,1,0.020499,0.020499,0.020499,0.020499,0,0,0,0,0,0,0,0,0,0,0,0,0,0,0,0,0,0,0,0,0,0,0,0,0,0,0,0,0,0,0,2026-08-27 15:40:15.575368+00,2026-08-27 15:40:15.575368+00
10,16384,t,-7689370446174092442,"MOVE ALL IN ""query-cursor_93""",0,0,0,0,0,0,1,1.562416,1.562416,1.562416,1.562416,0,0,0,0,0,0,0,0,0,0,0,0,0,0,0,0,0,0,0,0,0,0,0,0,0,0,0,0,0,0,0,2026-08-27 15:00:15.572122+00,2026-08-27 15:00:15.572122+00
10,16384,t,1703623848283785223,show rds.apg_compute_optimizer_reporting_enabled,0,0,0,0,0,0,7,0.034908999999999996,0.004354,0.005677,0.004986999999999999,0.0004511512258338975,0,0,0,0,0,0,0,0,0,0,0,0,0,0,0,0,0,0,0,0,0,0,0,0,0,0,0,0,0,0,2026-08-27 13:27:26.418771+00,2026-08-27 13:27:26.418771+00
16410,16412,t,-250002189641994276,"DELETE FROM RES_ENT WHERE RES_ENT_ID IN ($1,$2,$3,$4,$5,$6,$7,$8)",0,0,0,0,0,0,4,9.941517,0.049772,5.5648599999999995,2.48537925,2.4739323887021825,22,141,0,0,0,0,0,0,0,0,0,0,0,0,0,0,0,0,0,0,0,0,0,0,0,0,0,0,0,0,2026-08-27 16:02:21.165396+00,2026-08-27 16:02:21.165396+00
10,16384,t,5106499444831535326,"MOVE ALL IN ""query-cursor_40""",0,0,0,0,0,0,1,0.846717,0.846717,0.846717,0.846717,0,0,0,0,0,0,0,0,0,0,0,0,0,0,0,0,0,0,0,0,0,0,0,0,0,0,0,0,0,0,0,2026-08-27 14:07:15.567668+00,2026-08-27 14:07:15.567668+00
10,16384,t,-2184424622296429656,ALTER ROLE RDSADMIN SET search_path = $1,0,0,0,0,0,0,1,0.204526,0.204526,0.204526,0.204526,0,0,17,0,0,0,0,0,0,0,0,0,0,0,0,0,0,0,0,0,0,0,0,0,0,0,0,0,0,0,0,2026-08-27 13:30:18.016336+00,2026-08-27 13:30:18.016336+00
16410,16412,t,2904533732093561663,"SELECT RES_ENT_ID,LIB_FEAT_ID,FTYPE_ID,UTYPE_CODE,SUPPRESSED,OBS_ENT_CNT FROM RES_FEAT_EKEY WHERE RES_ENT_ID IN ($1) AND FTYPE_ID IN ($2,$3,$4,$5,$6)",0,0,0,0,0,0,136,7.119268999999998,0.01948,0.656621,0.05234756617647057,0.06994175813055233,1303,670,0,0,0,0,0,0,0,0,0,0,0,0,0,0,0,0,0,0,0,0,0,0,0,0,0,0,0,0,2026-08-27 15:57:08.02182+00,2026-08-27 15:57:08.02182+00
16410,16412,t,-2450466822198623333,"INSERT INTO RES_FEAT_STAT(LIB_FEAT_ID,FTYPE_ID,NUM_RES_ENT,NUM_RES_ENT_OOM) VALUES ($1,$2,$3,$4),($5,$6,$7,$8),($9,$10,$11,$12),($13,$14,$15,$16),($17,$18,$19,$20),($21,$22,$23,$24),($25,$26,$27,$28),($29,$30,$31,$32),($33,$34,$35,$36),($37,$38,$39,$40),($41,$42,$43,$44) ON CONFLICT DO NOTHING",0,0,0,0,0,0,43590,123890.93368200012,0.097448,975.1615019999999,2.8421870539573324,13.597977898678613,479273,3992945,0,0,5813,0,0,0,0,0,0,0,229.6762300000002,0,0,0,0,0,0,0,0,0,0,0,0,0,0,0,0,0,2026-08-27 15:50:46.841608+00,2026-08-27 15:50:46.841608+00
10,16384,t,-7123424394751807050,"FETCH 0 IN ""query-cursor_176""",0,0,0,0,0,0,1,0.003709,0.003709,0.003709,0.003709,0,0,0,0,0,0,0,0,0,0,0,0,0,0,0,0,0,0,0,0,0,0,0,0,0,0,0,0,0,0,0,2026-08-27 16:33:15.576565+00,2026-08-27 16:33:15.576565+00
16410,16412,t,-2947645040422729456,CREATE EXTENSION IF NOT EXISTS vector,0,0,0,0,0,0,1,200.116419,200.116419,200.116419,200.116419,0,0,9255,148,0,24,0,0,0,0,0,0,139.897581,0.087939,0,0,0,0,0,0,0,0,0,0,0,0,0,0,0,0,0,2026-08-27 13:30:55.552024+00,2026-08-27 13:30:55.552024+00
10,16384,t,-5855184805546688965,"MOVE ALL IN ""query-cursor_54""",0,0,0,0,0,0,1,0.998294,0.998294,0.998294,0.998294,0,0,0,0,0,0,0,0,0,0,0,0,0,0,0,0,0,0,0,0,0,0,0,0,0,0,0,0,0,0,0,2026-08-27 14:21:15.568827+00,2026-08-27 14:21:15.568827+00
10,16384,t,448434320104874619,"MOVE -380 IN ""query-cursor_39""",0,0,0,0,0,0,1,0.009489,0.009489,0.009489,0.009489,0,0,0,0,0,0,0,0,0,0,0,0,0,0,0,0,0,0,0,0,0,0,0,0,0,0,0,0,0,0,0,2026-08-27 14:06:15.567719+00,2026-08-27 14:06:15.567719+00
10,16384,t,1663689035991916697,"MOVE ALL IN ""query-cursor_134""",0,0,0,0,0,0,1,1.971799,1.971799,1.971799,1.971799,0,0,0,0,0,0,0,0,0,0,0,0,0,0,0,0,0,0,0,0,0,0,0,0,0,0,0,0,0,0,0,2026-08-27 15:41:15.575332+00,2026-08-27 15:41:15.575332+00
10,16384,t,6415313514237097313,"DECLARE ""query-cursor_35"" SCROLL CURSOR FOR select queryid, left(query, $1), calls, (total_plan_time + total_exec_time) as total_time from aurora_stat_statements($2) order by calls desc limit $3 FOR READ ONLY",0,0,0,0,0,0,1,0.06717,0.06717,0.06717,0.06717,0,0,0,0,0,0,0,0,0,0,0,0,0,0,0,0,0,0,0,0,0,0,0,0,0,0,0,0,0,0,0,2026-08-27 14:02:15.566409+00,2026-08-27 14:02:15.566409+00
10,16384,t,-6179045641491788901,"FETCH 0 IN ""query-cursor_130""",0,0,0,0,0,0,1,0.003291,0.003291,0.003291,0.003291,0,0,0,0,0,0,0,0,0,0,0,0,0,0,0,0,0,0,0,0,0,0,0,0,0,0,0,0,0,0,0,2026-08-27 15:37:15.572939+00,2026-08-27 15:37:15.572939+00
10,16384,t,-8627916694092585240,"MOVE ALL IN ""query-cursor_123""",0,0,0,0,0,0,1,1.843769,1.843769,1.843769,1.843769,0,0,0,0,0,0,0,0,0,0,0,0,0,0,0,0,0,0,0,0,0,0,0,0,0,0,0,0,0,0,0,2026-08-27 15:30:15.57437+00,2026-08-27 15:30:15.57437+00
16410,16412,t,290935339640536745,"SELECT RES_ENT_ID,LIB_FEAT_ID,FTYPE_ID,UTYPE_CODE,SUPPRESSED,OBS_ENT_CNT FROM RES_FEAT_EKEY WHERE RES_ENT_ID IN ($1,$2,$3,$4,$5,$6,$7,$8,$9,$10,$11,$12,$13,$14,$15,$16,$17,$18,$19,$20,$21,$22,$23,$24,$25,$26,$27,$28,$29,$30,$31,$32) AND FTYPE_ID IN ($33,$34,$35,$36,$37,$38,$39,$40,$41,$42,$43,$44,$45,$46,$47,$48,$49,$50,$51,$52)",0,0,0,0,0,0,293,7933.843183,0.565689,378.328926,27.077963081911264,54.0008772669284,4121597,75760,0,0,0,0,0,0,0,0,0,0,0,0,0,0,0,0,0,0,0,0,0,0,0,0,0,0,0,0,2026-08-27 15:50:49.601557+00,2026-08-27 15:50:49.601557+00
16410,16412,t,-9003389988047647378,"INSERT INTO RES_FEAT_STAT(LIB_FEAT_ID,FTYPE_ID,NUM_RES_ENT,NUM_RES_ENT_OOM) VALUES ($1,$2,$3,$4),($5,$6,$7,$8),($9,$10,$11,$12),($13,$14,$15,$16),($17,$18,$19,$20),($21,$22,$23,$24),($25,$26,$27,$28),($29,$30,$31,$32),($33,$34,$35,$36) ON CONFLICT DO NOTHING",0,0,0,0,0,0,68414,162256.30341899977,0.06662,678.510557,2.371682746499251,9.896085538867306,615516,5157447,0,0,6130,0,0,0,0,0,0,0,260.2421819999998,0,0,0,0,0,0,0,0,0,0,0,0,0,0,0,0,0,2026-08-27 15:50:47.021264+00,2026-08-27 15:50:47.021264+00
10,16384,t,3610924346418269754,"DECLARE ""query-cursor_177"" SCROLL CURSOR FOR select queryid, left(query, $1), calls, (total_plan_time + total_exec_time) as total_time from aurora_stat_statements($2) order by calls desc limit $3 FOR READ ONLY",0,0,0,0,0,0,1,0.06309,0.06309,0.06309,0.06309,0,0,0,0,0,0,0,0,0,0,0,0,0,0,0,0,0,0,0,0,0,0,0,0,0,0,0,0,0,0,0,2026-08-27 16:34:15.576599+00,2026-08-27 16:34:15.576599+00
16410,16412,t,5824905141627676764,"UPDATE RES_FEAT_EKEY AS T SET SUPPRESSED = C.SUPPRESSED FROM (VALUES (CAST ($1 AS BIGINT),CAST ($2 AS BIGINT),$3,$4),(CAST ($5 AS BIGINT),CAST ($6 AS BIGINT),$7,$8),(CAST ($9 AS BIGINT),CAST ($10 AS BIGINT),$11,$12),(CAST ($13 AS BIGINT),CAST ($14 AS BIGINT),$15,$16),(CAST ($17 AS BIGINT),CAST ($18 AS BIGINT),$19,$20)) AS C(RES_ENT_ID,LIB_FEAT_ID,UTYPE_CODE,SUPPRESSED) WHERE C.RES_ENT_ID=T.RES_ENT_ID AND C.LIB_FEAT_ID=T.LIB_FEAT_ID AND C.UTYPE_CODE=T.UTYPE_CODE",0,0,0,0,0,0,4813,6704.060923000022,0.053622,179.032569,1.3929069027633538,5.671248068709455,24065,260182,0,0,120,0,0,0,0,0,0,0,15.777366999999996,0,0,0,0,0,0,0,0,0,0,0,0,0,0,0,0,0,2026-08-27 15:50:47.627079+00,2026-08-27 15:50:47.627079+00
16410,16412,t,-6025119127572338369,DELETE FROM RES_FEAT_EKEY WHERE ((RES_ENT_ID=$1 AND LIB_FEAT_ID=$2 AND UTYPE_CODE=$3)OR(RES_ENT_ID=$4 AND LIB_FEAT_ID=$5 AND UTYPE_CODE=$6)OR(RES_ENT_ID=$7 AND LIB_FEAT_ID=$8 AND UTYPE_CODE=$9)OR(RES_ENT_ID=$10 AND LIB_FEAT_ID=$11 AND UTYPE_CODE=$12)OR(RES_ENT_ID=$13 AND LIB_FEAT_ID=$14 AND UTYPE_CODE=$15)OR(RES_ENT_ID=$16 AND LIB_FEAT_ID=$17 AND UTYPE_CODE=$18)OR(RES_ENT_ID=$19 AND LIB_FEAT_ID=$20 AND UTYPE_CODE=$21)OR(RES_ENT_ID=$22 AND LIB_FEAT_ID=$23 AND UTYPE_CODE=$24)OR(RES_ENT_ID=$25 AND LIB_FEAT_ID=$26 AND UTYPE_CODE=$27)OR(RES_ENT_ID=$28 AND LIB_FEAT_ID=$29 AND UTYPE_CODE=$30)OR(RES_ENT_ID=$31 AND LIB_FEAT_ID=$32 AND UTYPE_CODE=$33)OR(RES_ENT_ID=$34 AND LIB_FEAT_ID=$35 AND UTYPE_CODE=$36)OR(RES_ENT_ID=$37 AND LIB_FEAT_ID=$38 AND UTYPE_CODE=$39)OR(RES_ENT_ID=$40 AND LIB_FEAT_ID=$41 AND UTYPE_CODE=$42)OR(RES_ENT_ID=$43 AND LIB_FEAT_ID=$44 AND UTYPE_CODE=$45)OR(RES_ENT_ID=$46 AND LIB_FEAT_ID=$47 AND UTYPE_CODE=$48)OR(RES_ENT_ID=$49 AND LIB_FEAT_ID=$50 AND UTYPE_CODE=$51)OR(RES_ENT_ID=$52 AND LIB_FEAT_ID=$53 AND UTYPE_CODE=$54)OR(RES_ENT_ID=$55 AND LIB_FEAT_ID=$56 AND UTYPE_CODE=$57)OR(RES_ENT_ID=$58 AND LIB_FEAT_ID=$59 AND UTYPE_CODE=$60)OR(RES_ENT_ID=$61 AND LIB_FEAT_ID=$62 AND UTYPE_CODE=$63)OR(RES_ENT_ID=$64 AND LIB_FEAT_ID=$65 AND UTYPE_CODE=$66)OR(RES_ENT_ID=$67 AND LIB_FEAT_ID=$68 AND UTYPE_CODE=$69)OR(RES_ENT_ID=$70 AND LIB_FEAT_ID=$71 AND UTYPE_CODE=$72)OR(RES_ENT_ID=$73 AND LIB_FEAT_ID=$74 AND UTYPE_CODE=$75)OR(RES_ENT_ID=$76 AND LIB_FEAT_ID=$77 AND UTYPE_CODE=$78)OR(RES_ENT_ID=$79 AND LIB_FEAT_ID=$80 AND UTYPE_CODE=$81)OR(RES_ENT_ID=$82 AND LIB_FEAT_ID=$83 AND UTYPE_CODE=$84)OR(RES_ENT_ID=$85 AND LIB_FEAT_ID=$86 AND UTYPE_CODE=$87)OR(RES_ENT_ID=$88 AND LIB_FEAT_ID=$89 AND UTYPE_CODE=$90)),0,0,0,0,0,0,175,227.33436600000002,0.051088999999999996,47.225657999999996,1.2990535200000002,6.10359043357441,4993,26257,0,0,0,0,0,0,0,0,0,0,0,0,0,0,0,0,0,0,0,0,0,0,0,0,0,0,0,0,2026-08-27 15:53:03.00294+00,2026-08-27 15:53:03.00294+00
16410,16412,t,-5411797953560669204,"SELECT RES_ENT_ID,LIB_FEAT_ID,FTYPE_ID,UTYPE_CODE,SUPPRESSED,OBS_ENT_CNT FROM RES_FEAT_EKEY WHERE RES_ENT_ID IN ($1) AND FTYPE_ID IN ($2,$3,$4,$5,$6,$7,$8,$9,$10,$11,$12,$13,$14,$15)",0,0,0,0,0,0,16783,1982.0546169999996,0.013940000000000001,31.343873000000002,0.1180989463743073,0.7062282609489755,832307,77264,0,0,0,0,0,0,0,0,0,0,0,0,0,0,0,0,0,0,0,0,0,0,0,0,0,0,0,0,2026-08-27 15:50:47.647824+00,2026-08-27 15:50:47.647824+00
10,16384,t,4400416356212604400,"FETCH 0 IN ""query-cursor_177""",0,0,0,0,0,0,1,0.003217,0.003217,0.003217,0.003217,0,0,0,0,0,0,0,0,0,0,0,0,0,0,0,0,0,0,0,0,0,0,0,0,0,0,0,0,0,0,0,2026-08-27 16:34:15.576642+00,2026-08-27 16:34:15.576642+00
