userid,dbid,toplevel,queryid,query,plans,total_plan_time,min_plan_time,max_plan_time,mean_plan_time,stddev_plan_time,calls,total_exec_time,min_exec_time,max_exec_time,mean_exec_time,stddev_exec_time,rows,shared_blks_hit,shared_blks_read,shared_blks_dirtied,shared_blks_written,local_blks_hit,local_blks_read,local_blks_dirtied,local_blks_written,temp_blks_read,temp_blks_written,shared_blk_read_time,shared_blk_write_time,local_blk_read_time,local_blk_write_time,temp_blk_read_time,temp_blk_write_time,wal_records,wal_fpi,wal_bytes,jit_functions,jit_generation_time,jit_inlining_count,jit_inlining_time,jit_optimization_count,jit_optimization_time,jit_emission_count,jit_emission_time,jit_deform_count,jit_deform_time,stats_since,minmax_stats_since
10,16384,t,582935544749903618,"FETCH 0 IN ""query-cursor_159""",0,0,0,0,0,0,1,0.003381,0.003381,0.003381,0.003381,0,0,0,0,0,0,0,0,0,0,0,0,0,0,0,0,0,0,0,0,0,0,0,0,0,0,0,0,0,0,0,2026-08-28 14:32:28.13667+00,2026-08-28 14:32:28.13667+00
10,16384,t,6885543868548155089,"FETCH 50 IN ""query-cursor_41""",0,0,0,0,0,0,7,0.023336,0.002757,0.005832,0.0033337142857142858,0.0010334087442309852,350,0,0,0,0,0,0,0,0,0,0,0,0,0,0,0,0,0,0,0,0,0,0,0,0,0,0,0,0,0,2026-08-28 12:29:28.129009+00,2026-08-28 12:29:28.129009+00
16410,16412,t,1020363919922307691,"INSERT INTO RES_REL_EKEY(RES_REL_ID,RES_ENT_ID,REL_ENT_ID) VALUES ($1,$2,$3),($4,$5,$6),($7,$8,$9),($10,$11,$12),($13,$14,$15),($16,$17,$18),($19,$20,$21),($22,$23,$24),($25,$26,$27),($28,$29,$30),($31,$32,$33),($34,$35,$36),($37,$38,$39),($40,$41,$42),($43,$44,$45),($46,$47,$48),($49,$50,$51),($52,$53,$54),($55,$56,$57),($58,$59,$60) ON CONFLICT DO NOTHING",0,0,0,0,0,0,1140,5551.521666,0.19763699999999998,122.59297199999999,4.86975584736842,14.646791415063666,22800,181630,0,0,169,0,0,0,0,0,0,0,7.068014000000003,0,0,0,0,0,0,0,0,0,0,0,0,0,0,0,0,0,2026-08-28 13:27:48.814478+00,2026-08-28 13:27:48.814478+00
16410,16412,t,-7978125630848441870,"SELECT RES_ENT_ID,LIB_FEAT_ID,FTYPE_ID,UTYPE_CODE,SUPPRESSED,OBS_ENT_CNT FROM RES_FEAT_EKEY WHERE RES_ENT_ID IN ($1) AND FTYPE_ID IN ($2,$3,$4,$5,$6,$7,$8,$9,$10,$11,$12,$13,$14,$15,$16)",0,0,0,0,0,0,11776,1377.190492000002,0.015302999999999999,120.257161,0.11694892085597842,1.2597436718576478,577780,55970,0,0,0,0,0,0,0,0,0,0,0,0,0,0,0,0,0,0,0,0,0,0,0,0,0,0,0,0,2026-08-28 13:27:22.689138+00,2026-08-28 13:27:22.689138+00
10,16384,t,4512605669113716612,"FETCH 5 IN ""query-cursor_38""",0,0,0,0,0,0,1,0.001482,0.001482,0.001482,0.001482,0,5,0,0,0,0,0,0,0,0,0,0,0,0,0,0,0,0,0,0,0,0,0,0,0,0,0,0,0,0,0,2026-08-28 12:26:28.129964+00,2026-08-28 12:26:28.129964+00
16410,16412,t,1705775283623456936,"SELECT RES_ENT_ID,LIB_FEAT_ID,FTYPE_ID,UTYPE_CODE,SUPPRESSED,OBS_ENT_CNT FROM RES_FEAT_EKEY WHERE RES_ENT_ID IN ($1,$2) AND FTYPE_ID IN ($3,$4,$5,$6,$7,$8,$9,$10,$11,$12,$13)",0,0,0,0,0,0,4267,642.5387060000002,0.029987,24.64313,0.150583244902742,0.6392096000986965,263893,40631,0,0,0,0,0,0,0,0,0,0,0,0,0,0,0,0,0,0,0,0,0,0,0,0,0,0,0,0,2026-08-28 13:27:24.374993+00,2026-08-28 13:27:24.374993+00
10,16384,t,7356741947383916504,"FETCH 43 IN ""query-cursor_66""",0,0,0,0,0,0,1,0.002965,0.002965,0.002965,0.002965,0,43,0,0,0,0,0,0,0,0,0,0,0,0,0,0,0,0,0,0,0,0,0,0,0,0,0,0,0,0,0,2026-08-28 12:54:28.132979+00,2026-08-28 12:54:28.132979+00
16410,16412,t,1711405768042660318,"UPDATE RES_ENT SET LAST_TOUCH_DT=$1,LOCKING_ID=$2 WHERE RES_ENT_ID IN ($3) AND LAST_TOUCH_DT=$4",0,0,0,0,0,0,1301164,221897.9075130139,0.005115,5824.131831,0.1705380009845138,5.2929094718290965,1300224,8426514,2,0,6017,0,0,0,0,0,0,0,176.2968,0,0,0,0,0,0,0,0,0,0,0,0,0,0,0,0,0,2026-08-28 13:27:22.189276+00,2026-08-28 13:27:22.189276+00
10,16384,t,-4726147469853074723,"DECLARE ""query-cursor_19"" SCROLL CURSOR FOR select queryid, left(query, $1), calls, (total_plan_time + total_exec_time) as total_time from aurora_stat_statements($2) order by calls desc limit $3 FOR READ ONLY",0,0,0,0,0,0,1,0.063235,0.063235,0.063235,0.063235,0,0,0,0,0,0,0,0,0,0,0,0,0,0,0,0,0,0,0,0,0,0,0,0,0,0,0,0,0,0,0,2026-08-28 12:07:28.126548+00,2026-08-28 12:07:28.126548+00
16410,16412,t,5358738312146155521,"SELECT RES_ENT_ID,LIB_FEAT_ID,FTYPE_ID,UTYPE_CODE,SUPPRESSED,OBS_ENT_CNT FROM RES_FEAT_EKEY WHERE RES_ENT_ID IN ($1,$2,$3,$4,$5,$6,$7,$8,$9,$10,$11,$12,$13,$14,$15,$16,$17,$18,$19,$20,$21,$22,$23,$24,$25,$26,$27,$28,$29,$30,$31,$32) AND FTYPE_ID IN ($33,$34,$35,$36,$37,$38,$39,$40,$41,$42,$43,$44,$45,$46,$47,$48,$49,$50,$51,$52,$53,$54,$55)",0,0,0,0,0,0,119,2018.3946190000004,1.212478,153.64569,16.961299319327733,21.606844607139617,2285793,36487,0,0,0,0,0,0,0,0,0,0,0,0,0,0,0,0,0,0,0,0,0,0,0,0,0,0,0,0,2026-08-28 13:27:25.105808+00,2026-08-28 13:27:25.105808+00
16410,16412,t,-5832709012171957677,"SELECT RES_ENT_ID,LIB_FEAT_ID,FTYPE_ID,UTYPE_CODE,SUPPRESSED,OBS_ENT_CNT FROM RES_FEAT_EKEY WHERE RES_ENT_ID IN ($1,$2) AND FTYPE_ID IN ($3,$4,$5,$6,$7,$8,$9,$10,$11,$12,$13,$14,$15,$16,$17,$18,$19,$20,$21,$22,$23,$24,$25,$26,$27,$28,$29,$30,$31,$32,$33,$34,$35,$36,$37,$38,$39,$40,$41,$42,$43,$44,$45,$46,$47,$48,$49,$50,$51,$52,$53,$54,$55,$56,$57,$58,$59,$60,$61)",0,0,0,0,0,0,61,34.824528,0.032685000000000006,13.863671,0.5708939016393443,1.9031731539565464,47,837,0,0,0,0,0,0,0,0,0,0,0,0,0,0,0,0,0,0,0,0,0,0,0,0,0,0,0,0,2026-08-28 13:28:32.719706+00,2026-08-28 13:28:32.719706+00
10,16384,t,-15648510241065551,"MOVE -1496 IN ""query-cursor_118""",0,0,0,0,0,0,1,0.028682,0.028682,0.028682,0.028682,0,0,0,0,0,0,0,0,0,0,0,0,0,0,0,0,0,0,0,0,0,0,0,0,0,0,0,0,0,0,0,2026-08-28 13:51:28.137965+00,2026-08-28 13:51:28.137965+00
10,16384,t,3741114826048525150,"MOVE ALL IN ""query-cursor_124""",0,0,0,0,0,0,1,4.218624,4.218624,4.218624,4.218624,0,0,0,0,0,0,0,0,0,0,0,0,0,0,0,0,0,0,0,0,0,0,0,0,0,0,0,0,0,0,0,2026-08-28 13:57:28.138357+00,2026-08-28 13:57:28.138357+00
10,16384,t,4429332816275135575,"MOVE ALL IN ""query-cursor_4""",0,0,0,0,0,0,1,0.295064,0.295064,0.295064,0.295064,0,0,0,0,0,0,0,0,0,0,0,0,0,0,0,0,0,0,0,0,0,0,0,0,0,0,0,0,0,0,0,2026-08-28 11:52:28.125852+00,2026-08-28 11:52:28.125852+00
10,16384,t,309864359866213861,"DECLARE ""query-cursor_1"" SCROLL CURSOR FOR select queryid, left(query, $1), calls, (total_plan_time + total_exec_time) as total_time from aurora_stat_statements($2) order by calls desc limit $3 FOR READ ONLY",0,0,0,0,0,0,1,0.096863,0.096863,0.096863,0.096863,0,0,10,0,0,0,0,0,0,0,0,0,0,0,0,0,0,0,0,0,0,0,0,0,0,0,0,0,0,0,0,2026-08-28 11:49:28.122964+00,2026-08-28 11:49:28.122964+00
10,16384,t,1505742728159891032,"select queryid, calls, (total_plan_time + total_exec_time) as total_time, rows, shared_blks_hit, shared_blks_dirtied, shared_blks_read, shared_blks_written, local_blks_hit, local_blks_dirtied, local_blks_read, local_blks_written, temp_blks_read, temp_blks_written, storage_blks_read, orcache_blks_hit, shared_blk_read_time as blk_read_time, shared_blk_write_time as blk_write_time, storage_blk_read_time, local_blk_read_time, orcache_blk_read_time, total_plan_time, total_exec_time from aurora_stat_statements($1) where queryid in ($2, $3, $4, $5, $6, $7, $8, $9, $10, $11, $12, $13, $14, $15, $16, $17, $18, $19, $20)",0,0,0,0,0,0,73,104.61124999999997,0.331762,2.470067,1.4330308219178078,0.5803218547944207,1805,0,0,0,0,0,0,0,0,0,0,0,0,0,0,0,0,0,0,0,0,0,0,0,0,0,0,0,0,0,2026-08-28 11:53:38.126459+00,2026-08-28 11:53:38.126459+00
16410,16412,t,-5577608716388921180,"INSERT INTO RES_RELATE(RES_REL_ID,MIN_RES_ENT_ID,MAX_RES_ENT_ID,IS_DISCLOSED,IS_AMBIGUOUS,LAST_ERRULE_ID,MATCH_KEY,MATCH_KEY_DETAILS,MATCH_LEVELS) VALUES ($1,$2,$3,$4,$5,$6,$7,$8,$9),($10,$11,$12,$13,$14,$15,$16,$17,$18),($19,$20,$21,$22,$23,$24,$25,$26,$27) ON CONFLICT DO NOTHING",0,0,0,0,0,0,20447,18476.292977,0.042397000000000004,118.885323,0.9036187693549177,3.168757619255456,61341,512689,0,0,3273,0,0,0,0,0,0,0,233.40770199999972,0,0,0,0,0,0,0,0,0,0,0,0,0,0,0,0,0,2026-08-28 13:27:27.017863+00,2026-08-28 13:27:27.017863+00
16410,16412,t,-108852197278167468,"UPDATE RES_FEAT_EKEY AS T SET SUPPRESSED=C.SUPPRESSED,OBS_ENT_CNT=C.OBS_ENT_CNT FROM (VALUES (CAST ($1 AS BIGINT),CAST ($2 AS BIGINT),$3,$4,CAST ($5 AS BIGINT)),(CAST ($6 AS BIGINT),CAST ($7 AS BIGINT),$8,$9,CAST ($10 AS BIGINT)),(CAST ($11 AS BIGINT),CAST ($12 AS BIGINT),$13,$14,CAST ($15 AS BIGINT)),(CAST ($16 AS BIGINT),CAST ($17 AS BIGINT),$18,$19,CAST ($20 AS BIGINT)),(CAST ($21 AS BIGINT),CAST ($22 AS BIGINT),$23,$24,CAST ($25 AS BIGINT)),(CAST ($26 AS BIGINT),CAST ($27 AS BIGINT),$28,$29,CAST ($30 AS BIGINT)),(CAST ($31 AS BIGINT),CAST ($32 AS BIGINT),$33,$34,CAST ($35 AS BIGINT))) AS C(RES_ENT_ID,LIB_FEAT_ID,UTYPE_CODE,SUPPRESSED,OBS_ENT_CNT) WHERE C.RES_ENT_ID=T.RES_ENT_ID AND C.LIB_FEAT_ID=T.LIB_FEAT_ID AND C.UTYPE_CODE=T.UTYPE_CODE",0,0,0,0,0,0,1491,4305.692620999994,0.08322199999999999,50.85859,2.8877884782025443,7.621256633751574,10437,127487,0,0,13,0,0,0,0,0,0,0,2.627741,0,0,0,0,0,0,0,0,0,0,0,0,0,0,0,0,0,2026-08-28 13:27:34.008894+00,2026-08-28 13:27:34.008894+00
10,16384,t,-4407061130988631450,"FETCH 11 IN ""query-cursor_39""",0,0,0,0,0,0,1,0.002011,0.002011,0.002011,0.002011,0,11,0,0,0,0,0,0,0,0,0,0,0,0,0,0,0,0,0,0,0,0,0,0,0,0,0,0,0,0,0,2026-08-28 12:27:28.130226+00,2026-08-28 12:27:28.130226+00
16410,16412,t,-4592820165245481381,"CREATE TABLE DSRC_RECORD (CONFIG_ID BIGINT, FIRST_SEEN_DT TIMESTAMP, LAST_SEEN_DT TIMESTAMP, DSRC_ID SMALLINT NOT NULL, RECORD_ID VARCHAR(250) NOT NULL, ENT_SRC_KEY VARCHAR(40) NOT NULL, JSON_DATA TEXT, PRIMARY KEY(RECORD_ID, DSRC_ID))",0,0,0,0,0,0,1,7.76111,7.76111,7.76111,7.76111,0,0,416,1,0,1,0,0,0,0,0,0,1.007461,0.002955,0,0,0,0,0,0,0,0,0,0,0,0,0,0,0,0,0,2026-08-28 11:51:27.869245+00,2026-08-28 11:51:27.869245+00
10,16384,t,-2012401940165738353,"FETCH 0 IN ""query-cursor_108""",0,0,0,0,0,0,1,0.004016,0.004016,0.004016,0.004016,0,0,0,0,0,0,0,0,0,0,0,0,0,0,0,0,0,0,0,0,0,0,0,0,0,0,0,0,0,0,0,2026-08-28 13:38:28.929888+00,2026-08-28 13:38:28.929888+00
10,16384,t,9156823894346904669,"MOVE -1522 IN ""query-cursor_122""",0,0,0,0,0,0,1,0.028824,0.028824,0.028824,0.028824,0,0,0,0,0,0,0,0,0,0,0,0,0,0,0,0,0,0,0,0,0,0,0,0,0,0,0,0,0,0,0,2026-08-28 13:55:28.138359+00,2026-08-28 13:55:28.138359+00
16410,16412,t,1861183197692218261,"CREATE TABLE SYS_SEQUENCE (SEQUENCE_NAME VARCHAR(50) NOT NULL, NEXT_SEQUENCE BIGINT NOT NULL, CACHE_SIZE BIGINT NOT NULL, PRIMARY KEY(SEQUENCE_NAME))",0,0,0,0,0,0,1,3.108056,3.108056,3.108056,3.108056,0,0,192,0,0,0,0,0,0,0,0,0,0,0,0,0,0,0,0,0,0,0,0,0,0,0,0,0,0,0,0,2026-08-28 11:51:27.946438+00,2026-08-28 11:51:27.946438+00
16410,16412,t,9188840440203581292,"UPDATE RES_FEAT_EKEY AS T SET SUPPRESSED = C.SUPPRESSED FROM (VALUES (CAST ($1 AS BIGINT),CAST ($2 AS BIGINT),$3,$4),(CAST ($5 AS BIGINT),CAST ($6 AS BIGINT),$7,$8),(CAST ($9 AS BIGINT),CAST ($10 AS BIGINT),$11,$12),(CAST ($13 AS BIGINT),CAST ($14 AS BIGINT),$15,$16),(CAST ($17 AS BIGINT),CAST ($18 AS BIGINT),$19,$20),(CAST ($21 AS BIGINT),CAST ($22 AS BIGINT),$23,$24),(CAST ($25 AS BIGINT),CAST ($26 AS BIGINT),$27,$28),(CAST ($29 AS BIGINT),CAST ($30 AS BIGINT),$31,$32),(CAST ($33 AS BIGINT),CAST ($34 AS BIGINT),$35,$36),(CAST ($37 AS BIGINT),CAST ($38 AS BIGINT),$39,$40),(CAST ($41 AS BIGINT),CAST ($42 AS BIGINT),$43,$44),(CAST ($45 AS BIGINT),CAST ($46 AS BIGINT),$47,$48),(CAST ($49 AS BIGINT),CAST ($50 AS BIGINT),$51,$52),(CAST ($53 AS BIGINT),CAST ($54 AS BIGINT),$55,$56),(CAST ($57 AS BIGINT),CAST ($58 AS BIGINT),$59,$60),(CAST ($61 AS BIGINT),CAST ($62 AS BIGINT),$63,$64),(CAST ($65 AS BIGINT),CAST ($66 AS BIGINT),$67,$68),(CAST ($69 AS BIGINT),CAST ($70 AS BIGINT),$71,$72),(CAST ($73 AS BIGINT),CAST ($74 AS BIGINT),$75,$76),(CAST ($77 AS BIGINT),CAST ($78 AS BIGINT),$79,$80),(CAST ($81 AS BIGINT),CAST ($82 AS BIGINT),$83,$84)) AS C(RES_ENT_ID,LIB_FEAT_ID,UTYPE_CODE,SUPPRESSED) WHERE C.RES_ENT_ID=T.RES_ENT_ID AND C.LIB_FEAT_ID=T.LIB_FEAT_ID AND C.UTYPE_CODE=T.UTYPE_CODE",0,0,0,0,0,0,26,76.74843799999998,0.19786,55.712365999999996,2.951862999999999,10.619169917336169,546,6451,0,0,2,0,0,0,0,0,0,0,0.008953,0,0,0,0,0,0,0,0,0,0,0,0,0,0,0,0,0,2026-08-28 13:29:01.405962+00,2026-08-28 13:29:01.405962+00
16410,16412,t,1317960406128006045,"INSERT INTO RES_RELATE(RES_REL_ID,MIN_RES_ENT_ID,MAX_RES_ENT_ID,IS_DISCLOSED,IS_AMBIGUOUS,LAST_ERRULE_ID,MATCH_KEY,MATCH_KEY_DETAILS,MATCH_LEVELS) VALUES ($1,$2,$3,$4,$5,$6,$7,$8,$9),($10,$11,$12,$13,$14,$15,$16,$17,$18),($19,$20,$21,$22,$23,$24,$25,$26,$27),($28,$29,$30,$31,$32,$33,$34,$35,$36),($37,$38,$39,$40,$41,$42,$43,$44,$45),($46,$47,$48,$49,$50,$51,$52,$53,$54),($55,$56,$57,$58,$59,$60,$61,$62,$63),($64,$65,$66,$67,$68,$69,$70,$71,$72),($73,$74,$75,$76,$77,$78,$79,$80,$81),($82,$83,$84,$85,$86,$87,$88,$89,$90) ON CONFLICT DO NOTHING",0,0,0,0,0,0,1330,3475.4486490000004,0.10921,78.165055,2.6131192849624063,8.245637137622309,13300,108818,0,0,480,0,0,0,0,0,0,0,40.445316000000005,0,0,0,0,0,0,0,0,0,0,0,0,0,0,0,0,0,2026-08-28 13:27:48.8171+00,2026-08-28 13:27:48.8171+00
16410,16412,t,2189865007769762307,"SELECT RES_ENT_ID,LIB_FEAT_ID,FTYPE_ID,UTYPE_CODE,SUPPRESSED,OBS_ENT_CNT FROM RES_FEAT_EKEY WHERE RES_ENT_ID IN ($1,$2) AND FTYPE_ID IN ($3,$4,$5,$6,$7,$8,$9,$10,$11,$12,$13,$14,$15,$16,$17,$18,$19,$20,$21,$22,$23,$24,$25,$26,$27,$28,$29,$30,$31,$32,$33,$34,$35,$36,$37,$38,$39,$40,$41,$42,$43,$44,$45,$46,$47,$48,$49,$50,$51,$52,$53,$54,$55,$56,$57,$58,$59,$60,$61,$62,$63,$64,$65,$66)",0,0,0,0,0,0,2,0.068755,0.030128,0.038627,0.0343775,0.004249500000000002,0,17,0,0,0,0,0,0,0,0,0,0,0,0,0,0,0,0,0,0,0,0,0,0,0,0,0,0,0,0,2026-08-28 13:44:08.952317+00,2026-08-28 13:44:08.952317+00
10,16384,t,9075506245458222569,"MOVE -440 IN ""query-cursor_52""",0,0,0,0,0,0,1,0.010166,0.010166,0.010166,0.010166,0,0,0,0,0,0,0,0,0,0,0,0,0,0,0,0,0,0,0,0,0,0,0,0,0,0,0,0,0,0,0,2026-08-28 12:40:28.129883+00,2026-08-28 12:40:28.129883+00
16410,16412,t,5824905141627676764,"UPDATE RES_FEAT_EKEY AS T SET SUPPRESSED = C.SUPPRESSED FROM (VALUES (CAST ($1 AS BIGINT),CAST ($2 AS BIGINT),$3,$4),(CAST ($5 AS BIGINT),CAST ($6 AS BIGINT),$7,$8),(CAST ($9 AS BIGINT),CAST ($10 AS BIGINT),$11,$12),(CAST ($13 AS BIGINT),CAST ($14 AS BIGINT),$15,$16),(CAST ($17 AS BIGINT),CAST ($18 AS BIGINT),$19,$20)) AS C(RES_ENT_ID,LIB_FEAT_ID,UTYPE_CODE,SUPPRESSED) WHERE C.RES_ENT_ID=T.RES_ENT_ID AND C.LIB_FEAT_ID=T.LIB_FEAT_ID AND C.UTYPE_CODE=T.UTYPE_CODE",0,0,0,0,0,0,4743,8950.045931999999,0.048186,1313.0352480000001,1.8870010398481971,19.746483957944243,23715,260472,0,0,336,0,0,0,0,0,0,0,1.3131780000000002,0,0,0,0,0,0,0,0,0,0,0,0,0,0,0,0,0,2026-08-28 13:27:23.56655+00,2026-08-28 13:27:23.56655+00
10,16384,t,-1981290418723939878,"FETCH 50 IN ""query-cursor_131""",0,0,0,0,0,0,31,0.133394,0.002929,0.006546,0.004303032258064517,0.0010757363414790689,1550,0,0,0,0,0,0,0,0,0,0,0,0,0,0,0,0,0,0,0,0,0,0,0,0,0,0,0,0,0,2026-08-28 14:04:28.138741+00,2026-08-28 14:04:28.138741+00
10,16384,t,7811337948684498324,"MOVE ALL IN ""query-cursor_119""",0,0,0,0,0,0,1,4.252883,4.252883,4.252883,4.252883,0,0,0,0,0,0,0,0,0,0,0,0,0,0,0,0,0,0,0,0,0,0,0,0,0,0,0,0,0,0,0,2026-08-28 13:52:28.138179+00,2026-08-28 13:52:28.138179+00
10,16384,t,2359011993313134219,"FETCH 50 IN ""query-cursor_94""",0,0,0,0,0,0,14,0.043873999999999996,0.002622,0.005127,0.0031338571428571427,0.0005853017362429224,700,0,0,0,0,0,0,0,0,0,0,0,0,0,0,0,0,0,0,0,0,0,0,0,0,0,0,0,0,0,2026-08-28 13:22:28.133546+00,2026-08-28 13:22:28.133546+00
16410,16412,t,5737913687351361441,"SELECT RES_ENT_ID,LIB_FEAT_ID,FTYPE_ID,UTYPE_CODE,SUPPRESSED,OBS_ENT_CNT FROM RES_FEAT_EKEY WHERE RES_ENT_ID IN ($1,$2,$3,$4,$5,$6,$7,$8,$9,$10,$11,$12,$13,$14,$15,$16,$17,$18,$19,$20,$21,$22,$23,$24,$25,$26,$27,$28,$29,$30,$31,$32,$33,$34,$35,$36,$37,$38,$39,$40,$41,$42,$43,$44,$45,$46,$47,$48,$49,$50,$51,$52,$53,$54,$55,$56,$57,$58,$59,$60,$61,$62,$63,$64) AND FTYPE_ID IN ($65,$66,$67,$68,$69,$70,$71,$72,$73,$74,$75,$76,$77,$78,$79,$80,$81,$82)",0,0,0,0,0,0,651,25879.286384999978,1.821102,541.0054869999999,39.75312808755757,52.46647632348059,21629228,344503,0,0,0,0,0,0,0,0,0,0,0,0,0,0,0,0,0,0,0,0,0,0,0,0,0,0,0,0,2026-08-28 13:27:42.993118+00,2026-08-28 13:27:42.993118+00
10,16384,t,-6531023590697524762,"DECLARE ""query-cursor_148"" SCROLL CURSOR FOR select queryid, left(query, $1), calls, (total_plan_time + total_exec_time) as total_time from aurora_stat_statements($2) order by calls desc limit $3 FOR READ ONLY",0,0,0,0,0,0,1,0.070923,0.070923,0.070923,0.070923,0,0,0,0,0,0,0,0,0,0,0,0,0,0,0,0,0,0,0,0,0,0,0,0,0,0,0,0,0,0,0,2026-08-28 14:21:28.135717+00,2026-08-28 14:21:28.135717+00
16410,16412,t,-3278084027652792806,"INSERT INTO RES_FEAT_EKEY(RES_ENT_ID,LIB_FEAT_ID,FTYPE_ID,UTYPE_CODE,SUPPRESSED,OBS_ENT_CNT) VALUES ($1,$2,$3,$4,$5,$6),($7,$8,$9,$10,$11,$12),($13,$14,$15,$16,$17,$18) ON CONFLICT DO NOTHING",0,0,0,0,0,0,61325,89666.8956549989,0.041317,1301.508434,1.4621589181410337,9.313570885615576,183972,2309341,0,0,2958,0,0,0,0,0,0,0,168.27901100000045,0,0,0,0,0,0,0,0,0,0,0,0,0,0,0,0,0,2026-08-28 13:27:22.225293+00,2026-08-28 13:27:22.225293+00
10,16384,t,3671299135174236490,"FETCH 50 IN ""query-cursor_157""",0,0,0,0,0,0,34,0.15633,0.002868,0.007681,0.0045979411764705885,0.001063369476521973,1700,0,0,0,0,0,0,0,0,0,0,0,0,0,0,0,0,0,0,0,0,0,0,0,0,0,0,0,0,0,2026-08-28 14:30:28.141237+00,2026-08-28 14:30:28.141237+00
10,16384,t,5294817866662472904,"SELECT min(replica_lag_in_msec), max(replica_lag_in_msec) FROM aurora_replica_status() WHERE replica_lag_in_msec IS NOT NULL",0,0,0,0,0,0,176,1.887329,0.007988,0.035525,0.010723460227272727,0.0033086768775805703,176,0,0,0,0,0,0,0,0,0,0,0,0,0,0,0,0,0,0,0,0,0,0,0,0,0,0,0,0,0,2026-08-28 11:48:37.983656+00,2026-08-28 11:48:37.983656+00
16410,16412,t,-4243829062671257241,"INSERT INTO LIB_FEAT(LIB_FEAT_ID,FTYPE_ID,FEAT_HASH,FEAT_DESC,FELEM_VALUES,ANONYMIZED,VERSION) VALUES ($1,$2,$3,$4,$5,$6,$7),($8,$9,$10,$11,$12,$13,$14),($15,$16,$17,$18,$19,$20,$21),($22,$23,$24,$25,$26,$27,$28),($29,$30,$31,$32,$33,$34,$35),($36,$37,$38,$39,$40,$41,$42),($43,$44,$45,$46,$47,$48,$49),($50,$51,$52,$53,$54,$55,$56),($57,$58,$59,$60,$61,$62,$63) ON CONFLICT(FTYPE_ID,FEAT_HASH,ANONYMIZED) DO UPDATE SET FTYPE_ID=LIB_FEAT.FTYPE_ID,FEAT_HASH=LIB_FEAT.FEAT_HASH,ANONYMIZED=LIB_FEAT.ANONYMIZED RETURNING LIB_FEAT_ID,FTYPE_ID,FEAT_HASH,ANONYMIZED,FEAT_DESC",0,0,0,0,0,0,79745,1568044.3397939964,0.20846699999999999,1391.3118769999999,19.663230795585886,52.17960053524665,717705,10883823,0,0,106447,0,0,0,0,0,0,0,1840.8868969999983,0,0,0,0,0,0,0,0,0,0,0,0,0,0,0,0,0,2026-08-28 13:27:22.182905+00,2026-08-28 13:27:22.182905+00
10,16384,t,8104844015402446740,SELECT pg_reload_conf(),0,0,0,0,0,0,1,0.010114,0.010114,0.010114,0.010114,0,1,0,0,0,0,0,0,0,0,0,0,0,0,0,0,0,0,0,0,0,0,0,0,0,0,0,0,0,0,0,2026-08-28 11:48:42.554606+00,2026-08-28 11:48:42.554606+00
10,16384,t,1410282443418497983,select $1 from rds_get_stat_connections_counters_details() limit $2,0,0,0,0,0,0,340,1.9507020000000002,0.004664,0.025075999999999998,0.005737358823529412,0.0014519810789396046,340,0,0,0,0,0,0,0,0,0,0,0,0,0,0,0,0,0,0,0,0,0,0,0,0,0,0,0,0,0,2026-08-28 11:49:27.680388+00,2026-08-28 11:49:27.680388+00
10,16384,t,5267698801294050184,"FETCH 9 IN ""query-cursor_7""",0,0,0,0,0,0,1,0.001621,0.001621,0.001621,0.001621,0,9,0,0,0,0,0,0,0,0,0,0,0,0,0,0,0,0,0,0,0,0,0,0,0,0,0,0,0,0,0,2026-08-28 11:55:28.126817+00,2026-08-28 11:55:28.126817+00
10,16384,t,-8171729876202912823,"DECLARE ""query-cursor_82"" SCROLL CURSOR FOR select queryid, left(query, $1), calls, (total_plan_time + total_exec_time) as total_time from aurora_stat_statements($2) order by calls desc limit $3 FOR READ ONLY",0,0,0,0,0,0,1,0.049778,0.049778,0.049778,0.049778,0,0,0,0,0,0,0,0,0,0,0,0,0,0,0,0,0,0,0,0,0,0,0,0,0,0,0,0,0,0,0,2026-08-28 13:10:28.13085+00,2026-08-28 13:10:28.13085+00
10,16384,t,-1527184174164688902,"MOVE -696 IN ""query-cursor_91""",0,0,0,0,0,0,1,0.015024,0.015024,0.015024,0.015024,0,0,0,0,0,0,0,0,0,0,0,0,0,0,0,0,0,0,0,0,0,0,0,0,0,0,0,0,0,0,0,2026-08-28 13:19:28.133288+00,2026-08-28 13:19:28.133288+00
16410,16412,t,1314641422694202747,"SELECT RES_ENT_ID,LIB_FEAT_ID,FTYPE_ID,UTYPE_CODE,SUPPRESSED,OBS_ENT_CNT FROM RES_FEAT_EKEY WHERE RES_ENT_ID IN ($1,$2) AND FTYPE_ID IN ($3,$4,$5,$6,$7,$8,$9,$10,$11,$12,$13,$14,$15,$16,$17,$18,$19,$20,$21,$22,$23,$24,$25,$26,$27,$28,$29,$30,$31,$32,$33,$34,$35,$36,$37,$38,$39,$40,$41,$42,$43,$44,$45,$46,$47,$48,$49,$50,$51,$52,$53,$54,$55,$56,$57,$58,$59,$60,$61,$62,$63)",0,0,0,0,0,0,1,0.038542,0.038542,0.038542,0.038542,0,3,9,0,0,0,0,0,0,0,0,0,0,0,0,0,0,0,0,0,0,0,0,0,0,0,0,0,0,0,0,2026-08-28 13:31:06.724783+00,2026-08-28 13:31:06.724783+00
10,16384,t,-3369874323075408889,"FETCH 50 IN ""query-cursor_22""",0,0,0,0,0,0,5,0.018215000000000002,0.002978,0.005243,0.0036430000000000004,0.000824611666179906,250,0,0,0,0,0,0,0,0,0,0,0,0,0,0,0,0,0,0,0,0,0,0,0,0,0,0,0,0,0,2026-08-28 12:10:28.127501+00,2026-08-28 12:10:28.127501+00
10,16384,t,-7199210358505131731,"SELECT count(*) FROM pg_auth_members m, pg_roles r WHERE m.roleid = r.oid AND r.rolname = $1",0,0,0,0,0,0,17,0.3304469999999999,0.013351,0.024936999999999997,0.019438058823529406,0.003952869508278887,17,51,0,0,0,0,0,0,0,0,0,0,0,0,0,0,0,0,0,0,0,0,0,0,0,0,0,0,0,0,2026-08-28 11:55:39.01513+00,2026-08-28 11:55:39.01513+00
16410,16412,t,2465744811331007479,"SELECT RES_ENT_ID,LIB_FEAT_ID,FTYPE_ID,UTYPE_CODE,SUPPRESSED,OBS_ENT_CNT FROM RES_FEAT_EKEY WHERE RES_ENT_ID IN ($1,$2,$3,$4) AND FTYPE_ID IN ($5,$6,$7,$8,$9,$10,$11,$12,$13,$14,$15,$16,$17,$18,$19,$20,$21,$22,$23,$24,$25,$26)",0,0,0,0,0,0,35,41.995155000000004,0.077901,7.489406,1.1998615714285716,1.5870128363834144,52412,981,0,0,0,0,0,0,0,0,0,0,0,0,0,0,0,0,0,0,0,0,0,0,0,0,0,0,0,0,2026-08-28 13:27:24.295271+00,2026-08-28 13:27:24.295271+00
10,16384,t,-6908601559339966820,"FETCH 50 IN ""query-cursor_11""",0,0,0,0,0,0,3,0.011122,0.003252,0.004575,0.0037073333333333333,0.0006137840735054055,150,0,0,0,0,0,0,0,0,0,0,0,0,0,0,0,0,0,0,0,0,0,0,0,0,0,0,0,0,0,2026-08-28 11:59:28.126578+00,2026-08-28 11:59:28.126578+00
16410,16412,t,-2242460108924211428,"SELECT OBS_ENT_ID,RES_ENT_ID FROM RES_ENT_OKEY WHERE OBS_ENT_ID IN ($1,$2)",0,0,0,0,0,0,4918,245.39296300000007,0.011097000000000001,18.194948,0.04989690178934528,0.43333436443365464,9836,42225,0,0,0,0,0,0,0,0,0,0,0,0,0,0,0,0,0,0,0,0,0,0,0,0,0,0,0,0,2026-08-28 13:27:31.574935+00,2026-08-28 13:27:31.574935+00
16410,16412,t,-2875441533907789344,"INSERT INTO RES_RELATE(RES_REL_ID,MIN_RES_ENT_ID,MAX_RES_ENT_ID,IS_DISCLOSED,IS_AMBIGUOUS,LAST_ERRULE_ID,MATCH_KEY,MATCH_KEY_DETAILS,MATCH_LEVELS) VALUES ($1,$2,$3,$4,$5,$6,$7,$8,$9),($10,$11,$12,$13,$14,$15,$16,$17,$18),($19,$20,$21,$22,$23,$24,$25,$26,$27),($28,$29,$30,$31,$32,$33,$34,$35,$36),($37,$38,$39,$40,$41,$42,$43,$44,$45),($46,$47,$48,$49,$50,$51,$52,$53,$54),($55,$56,$57,$58,$59,$60,$61,$62,$63),($64,$65,$66,$67,$68,$69,$70,$71,$72),($73,$74,$75,$76,$77,$78,$79,$80,$81),($82,$83,$84,$85,$86,$87,$88,$89,$90),($91,$92,$93,$94,$95,$96,$97,$98,$99) ON CONFLICT DO NOTHING",0,0,0,0,0,0,12685,29980.208980999894,0.11085,102.042419,2.363437838470626,7.451557803961348,139535,1114847,0,0,3795,0,0,0,0,0,0,0,248.33161699999988,0,0,0,0,0,0,0,0,0,0,0,0,0,0,0,0,0,2026-08-28 13:27:48.075748+00,2026-08-28 13:27:48.075748+00
10,16384,t,-3123562538602869171,"DECLARE ""query-cursor_11"" SCROLL CURSOR FOR select queryid, left(query, $1), calls, (total_plan_time + total_exec_time) as total_time from aurora_stat_statements($2) order by calls desc limit $3 FOR READ ONLY",0,0,0,0,0,0,1,0.067199,0.067199,0.067199,0.067199,0,0,0,0,0,0,0,0,0,0,0,0,0,0,0,0,0,0,0,0,0,0,0,0,0,0,0,0,0,0,0,2026-08-28 11:59:28.12598+00,2026-08-28 11:59:28.12598+00
16410,16412,t,-5038367627767346870,"SELECT RES_ENT_ID,REL_ENT_ID,RES_REL_ID FROM RES_REL_EKEY WHERE RES_ENT_ID IN ($1,$2,$3,$4,$5,$6,$7,$8,$9,$10,$11,$12,$13,$14,$15,$16,$17,$18,$19,$20,$21,$22,$23,$24,$25,$26,$27,$28,$29,$30,$31,$32)",0,0,0,0,0,0,1342,439.18941900000016,0.062265,38.401389,0.32726484277198226,1.3252120464401063,189648,150547,0,0,0,0,0,0,0,0,0,0,0,0,0,0,0,0,0,0,0,0,0,0,0,0,0,0,0,0,2026-08-28 13:29:29.525448+00,2026-08-28 13:29:29.525448+00
10,16384,t,1280134939615700701,"MOVE ALL IN ""query-cursor_150""",0,0,0,0,0,0,1,4.965778,4.965778,4.965778,4.965778,0,0,0,0,0,0,0,0,0,0,0,0,0,0,0,0,0,0,0,0,0,0,0,0,0,0,0,0,0,0,0,2026-08-28 14:23:28.141139+00,2026-08-28 14:23:28.141139+00
16410,16412,t,-8237623281159583266,DELETE FROM RES_FEAT_EKEY WHERE ((RES_ENT_ID=$1 AND LIB_FEAT_ID=$2 AND UTYPE_CODE=$3)),0,0,0,0,0,0,39569,24471.108767000023,0.014544,5303.842972,0.6184414255351417,32.52449360455985,39566,237842,0,0,0,0,0,0,0,0,0,0,0,0,0,0,0,0,0,0,0,0,0,0,0,0,0,0,0,0,2026-08-28 13:27:33.933496+00,2026-08-28 13:27:33.933496+00
10,16384,t,-7294766893386632410,"DECLARE ""query-cursor_155"" SCROLL CURSOR FOR select queryid, left(query, $1), calls, (total_plan_time + total_exec_time) as total_time from aurora_stat_statements($2) order by calls desc limit $3 FOR READ ONLY",0,0,0,0,0,0,1,0.068077,0.068077,0.068077,0.068077,0,0,0,0,0,0,0,0,0,0,0,0,0,0,0,0,0,0,0,0,0,0,0,0,0,0,0,0,0,0,0,2026-08-28 14:28:28.136322+00,2026-08-28 14:28:28.136322+00
10,16384,t,8447845298632654248,"DECLARE ""query-cursor_81"" SCROLL CURSOR FOR select queryid, left(query, $1), calls, (total_plan_time + total_exec_time) as total_time from aurora_stat_statements($2) order by calls desc limit $3 FOR READ ONLY",0,0,0,0,0,0,1,0.064949,0.064949,0.064949,0.064949,0,0,0,0,0,0,0,0,0,0,0,0,0,0,0,0,0,0,0,0,0,0,0,0,0,0,0,0,0,0,0,2026-08-28 13:09:28.130888+00,2026-08-28 13:09:28.130888+00
16410,16412,t,-4601428709734355571,"SELECT RES_ENT_ID,LIB_FEAT_ID,FTYPE_ID,UTYPE_CODE,SUPPRESSED,OBS_ENT_CNT FROM RES_FEAT_EKEY WHERE RES_ENT_ID IN ($1,$2,$3,$4) AND FTYPE_ID IN ($5,$6,$7,$8,$9,$10,$11,$12,$13,$14,$15,$16,$17,$18,$19,$20,$21)",0,0,0,0,0,0,1037,743.6968000000008,0.057117999999999995,29.606987,0.7171618129218909,2.016235362709865,736914,22888,0,0,0,0,0,0,0,0,0,0,0,0,0,0,0,0,0,0,0,0,0,0,0,0,0,0,0,0,2026-08-28 13:27:23.093055+00,2026-08-28 13:27:23.093055+00
16410,16412,t,9022020859995780770,"SELECT LIB_FEAT_ID,NUM_RES_ENT,NUM_RES_ENT_OOM,CANDIDATE_CAP_REACHED,SCORING_CAP_REACHED FROM RES_FEAT_STAT WHERE LIB_FEAT_ID IN ($1,$2,$3,$4,$5,$6,$7,$8,$9,$10,$11,$12,$13,$14,$15,$16,$17,$18,$19,$20,$21,$22,$23,$24,$25,$26,$27,$28,$29,$30,$31,$32,$33,$34,$35,$36,$37,$38,$39,$40,$41,$42,$43,$44,$45,$46,$47,$48,$49,$50,$51,$52,$53,$54,$55,$56,$57,$58,$59,$60,$61,$62,$63,$64,$65,$66,$67,$68,$69,$70,$71,$72,$73,$74,$75,$76,$77,$78,$79,$80,$81,$82,$83,$84,$85,$86,$87,$88,$89,$90,$91,$92,$93,$94,$95,$96,$97,$98,$99,$100)",0,0,0,0,0,0,1004913,452585.00263799884,0.007191,265.28315200000003,0.45037232341307043,1.3495309362219874,96163459,252791022,0,0,0,0,0,0,0,0,0,0,0,0,0,0,0,0,0,0,0,0,0,0,0,0,0,0,0,0,2026-08-28 13:27:23.103409+00,2026-08-28 13:27:23.103409+00
10,16384,t,-8075374822141109496,"FETCH 38 IN ""query-cursor_117""",0,0,0,0,0,0,1,0.003771,0.003771,0.003771,0.003771,0,38,0,0,0,0,0,0,0,0,0,0,0,0,0,0,0,0,0,0,0,0,0,0,0,0,0,0,0,0,0,2026-08-28 13:50:28.148244+00,2026-08-28 13:50:28.148244+00
16410,16412,t,5946835580086699895,DELETE FROM RES_FEAT_EKEY WHERE ((RES_ENT_ID=$1 AND LIB_FEAT_ID=$2 AND UTYPE_CODE=$3)OR(RES_ENT_ID=$4 AND LIB_FEAT_ID=$5 AND UTYPE_CODE=$6)OR(RES_ENT_ID=$7 AND LIB_FEAT_ID=$8 AND UTYPE_CODE=$9)OR(RES_ENT_ID=$10 AND LIB_FEAT_ID=$11 AND UTYPE_CODE=$12)OR(RES_ENT_ID=$13 AND LIB_FEAT_ID=$14 AND UTYPE_CODE=$15)OR(RES_ENT_ID=$16 AND LIB_FEAT_ID=$17 AND UTYPE_CODE=$18)OR(RES_ENT_ID=$19 AND LIB_FEAT_ID=$20 AND UTYPE_CODE=$21)OR(RES_ENT_ID=$22 AND LIB_FEAT_ID=$23 AND UTYPE_CODE=$24)OR(RES_ENT_ID=$25 AND LIB_FEAT_ID=$26 AND UTYPE_CODE=$27)),0,0,0,0,0,0,1407,1011.840744,0.038973,31.362754,0.7191476503198294,2.6533210460388594,12638,64860,0,0,0,0,0,0,0,0,0,0,0,0,0,0,0,0,0,0,0,0,0,0,0,0,0,0,0,0,2026-08-28 13:27:37.91217+00,2026-08-28 13:27:37.91217+00
10,16384,t,-8751417553618289817,"FETCH 16 IN ""query-cursor_114""",0,0,0,0,0,0,1,0.005607,0.005607,0.005607,0.005607,0,16,0,0,0,0,0,0,0,0,0,0,0,0,0,0,0,0,0,0,0,0,0,0,0,0,0,0,0,0,0,2026-08-28 13:47:28.153471+00,2026-08-28 13:47:28.153471+00
10,16384,t,3865824919245255428,"FETCH 41 IN ""query-cursor_142""",0,0,0,0,0,0,1,0.003194,0.003194,0.003194,0.003194,0,41,0,0,0,0,0,0,0,0,0,0,0,0,0,0,0,0,0,0,0,0,0,0,0,0,0,0,0,0,0,2026-08-28 14:15:28.150762+00,2026-08-28 14:15:28.150762+00
16410,16412,t,4581653537068850862,"DELETE FROM RES_RELATE WHERE RES_REL_ID IN ($1,$2,$3,$4,$5,$6,$7,$8,$9,$10,$11,$12,$13,$14,$15,$16,$17,$18,$19,$20,$21,$22,$23,$24,$25,$26,$27,$28,$29,$30,$31,$32,$33,$34,$35,$36,$37,$38,$39,$40,$41,$42,$43,$44,$45,$46,$47,$48,$49,$50,$51,$52,$53,$54,$55,$56,$57,$58,$59,$60,$61,$62,$63,$64,$65,$66,$67,$68,$69,$70,$71,$72,$73,$74,$75,$76,$77,$78,$79,$80,$81,$82,$83,$84,$85,$86,$87,$88,$89,$90,$91,$92,$93,$94,$95,$96,$97,$98,$99,$100)",0,0,0,0,0,0,134,531.0638120000001,0.197631,114.378625,3.963162776119404,14.486840434943204,13136,33526,0,0,0,0,0,0,0,0,0,0,0,0,0,0,0,0,0,0,0,0,0,0,0,0,0,0,0,0,2026-08-28 13:36:06.247553+00,2026-08-28 13:36:06.247553+00
16410,16412,t,-9182670115368969298,"SELECT RES_ENT_ID,OBS_ENT_ID,ERRULE_ID,MATCH_KEY FROM RES_ENT_OKEY WHERE RES_ENT_ID IN ($1,$2)",0,0,0,0,0,0,1911,82.22933199999999,0.009934,19.136731,0.043029477760334896,0.4883838066484269,4895,15945,0,0,0,0,0,0,0,0,0,0,0,0,0,0,0,0,0,0,0,0,0,0,0,0,0,0,0,0,2026-08-28 13:27:49.183931+00,2026-08-28 13:27:49.183931+00
16410,16412,t,2850013949368723506,"SELECT RES_ENT_ID,LIB_FEAT_ID,FTYPE_ID,UTYPE_CODE,SUPPRESSED,OBS_ENT_CNT FROM RES_FEAT_EKEY WHERE RES_ENT_ID IN ($1) AND FTYPE_ID IN ($2,$3,$4,$5,$6,$7,$8,$9,$10,$11,$12,$13,$14,$15,$16,$17,$18,$19,$20,$21,$22,$23,$24,$25,$26,$27,$28,$29,$30,$31,$32,$33,$34,$35,$36,$37,$38,$39,$40,$41,$42,$43,$44,$45,$46,$47,$48,$49,$50,$51,$52,$53,$54,$55,$56,$57,$58,$59,$60,$61,$62,$63,$64,$65,$66,$67,$68,$69)",0,0,0,0,0,0,1,0.018208,0.018208,0.018208,0.018208,0,0,4,0,0,0,0,0,0,0,0,0,0,0,0,0,0,0,0,0,0,0,0,0,0,0,0,0,0,0,0,2026-08-28 13:44:06.792121+00,2026-08-28 13:44:06.792121+00
16410,16412,t,-3572882386334079800,"SELECT dr.record_id, reo.obs_ent_id, reo.res_ent_id
FROM   res_ent_okey reo
LEFT JOIN obs_ent oe       ON oe.obs_ent_id = reo.obs_ent_id
LEFT JOIN dsrc_record dr   ON dr.dsrc_id = oe.dsrc_id AND dr.ent_src_key = oe.ent_src_key
WHERE  dr.record_id IS NULL",0,0,0,0,0,0,1,1261.9879839999999,1261.9879839999999,1261.9879839999999,1261.9879839999999,0,0,5006177,0,0,0,0,0,0,0,19930,20060,0,0,0,0,31.074247,31.994427,0,0,0,0,0,0,0,0,0,0,0,0,0,2026-08-28 14:43:59.092601+00,2026-08-28 14:43:59.092601+00
16410,16412,t,-6469761869687408698,DELETE FROM perf.snap_statement WHERE label = $1,0,0,0,0,0,0,1,0.008485,0.008485,0.008485,0.008485,0,0,2,0,0,0,0,0,0,0,0,0,0,0,0,0,0,0,0,0,0,0,0,0,0,0,0,0,0,0,0,2026-08-28 14:43:54.826259+00,2026-08-28 14:43:54.826259+00
10,16384,t,2682070339332516230,"select queryid, calls, (total_plan_time + total_exec_time) as total_time, rows, shared_blks_hit, shared_blks_dirtied, shared_blks_read, shared_blks_written, local_blks_hit, local_blks_dirtied, local_blks_read, local_blks_written, temp_blks_read, temp_blks_written, storage_blks_read, orcache_blks_hit, shared_blk_read_time as blk_read_time, shared_blk_write_time as blk_write_time, storage_blk_read_time, local_blk_read_time, orcache_blk_read_time, total_plan_time, total_exec_time from aurora_stat_statements($1) where queryid in ($2, $3, $4, $5, $6, $7, $8, $9, $10, $11, $12, $13, $14, $15, $16, $17, $18, $19, $20, $21, $22, $23, $24, $25, $26, $27, $28, $29, $30, $31, $32, $33, $34, $35, $36, $37, $38, $39, $40, $41, $42, $43, $44, $45, $46, $47, $48, $49, $50, $51, $52, $53, $54, $55, $56, $57, $58, $59)",0,0,0,0,0,0,1,2.6634029999999997,2.6634029999999997,2.6634029999999997,2.6634029999999997,0,59,0,0,0,0,0,0,0,0,0,0,0,0,0,0,0,0,0,0,0,0,0,0,0,0,0,0,0,0,0,2026-08-28 13:33:38.245753+00,2026-08-28 13:33:38.245753+00
10,16384,t,8761997276605199152,"FETCH 50 IN ""query-cursor_76""",0,0,0,0,0,0,12,0.039413,0.00277,0.0056,0.0032844166666666664,0.0007418911036818154,600,0,0,0,0,0,0,0,0,0,0,0,0,0,0,0,0,0,0,0,0,0,0,0,0,0,0,0,0,0,2026-08-28 13:04:28.131987+00,2026-08-28 13:04:28.131987+00
16410,16412,t,-3322058918894707092,"SELECT LIB_FEAT_ID,UTYPE_CODE,RES_ENT_ID,OBS_ENT_CNT FROM RES_FEAT_EKEY WHERE LIB_FEAT_ID IN ($1) AND RES_ENT_ID!=$2",0,0,0,0,0,0,609053,29213.43631999979,0.003647,206.924083,0.04796534344301693,0.5298960237946229,3053773,6708569,0,0,0,0,0,0,0,0,0,0,0,0,0,0,0,0,0,0,0,0,0,0,0,0,0,0,0,0,2026-08-28 13:27:23.091554+00,2026-08-28 13:27:23.091554+00
10,16384,t,5989940908595541179,"SELECT COUNT(*) FROM pg_catalog.pg_roles WHERE rolcanlogin = $1 AND rolname NOT IN ($2,$3,$4,$5,$6,$7,$8,$9,$10,$11,$12,$13,$14,$15,$16,$17) AND (rolvaliduntil IS NULL OR rolvaliduntil >= CURRENT_TIMESTAMP)",0,0,0,0,0,0,1,0.010555,0.010555,0.010555,0.010555,0,1,1,0,0,0,0,0,0,0,0,0,0,0,0,0,0,0,0,0,0,0,0,0,0,0,0,0,0,0,0,2026-08-28 12:45:38.921643+00,2026-08-28 12:45:38.921643+00
16410,16412,t,-786785271444490868,"SELECT OBS_ENT_ID,LAST_TOUCH_DT,LOCKING_ID FROM OBS_ENT WHERE OBS_ENT_ID IN ($1) AND LAST_TOUCH_DT!=$2",0,0,0,0,0,0,23,0.33372999999999997,0.007871,0.024633,0.014509999999999999,0.004618531886066036,13,192,0,0,0,0,0,0,0,0,0,0,0,0,0,0,0,0,0,0,0,0,0,0,0,0,0,0,0,0,2026-08-28 13:41:47.754747+00,2026-08-28 13:41:47.754747+00
10,16384,t,-614991006262165748,"FETCH 0 IN ""query-cursor_52""",0,0,0,0,0,0,1,0.003947,0.003947,0.003947,0.003947,0,0,0,0,0,0,0,0,0,0,0,0,0,0,0,0,0,0,0,0,0,0,0,0,0,0,0,0,0,0,0,2026-08-28 12:40:28.128875+00,2026-08-28 12:40:28.128875+00
16410,16412,t,-7295761908507509893,"SELECT RES_ENT_ID,LIB_FEAT_ID,FTYPE_ID,UTYPE_CODE,SUPPRESSED,OBS_ENT_CNT FROM RES_FEAT_EKEY WHERE RES_ENT_ID IN ($1,$2,$3,$4,$5,$6,$7,$8,$9,$10,$11,$12,$13,$14,$15,$16,$17,$18,$19,$20,$21,$22,$23,$24,$25,$26,$27,$28,$29,$30,$31,$32,$33,$34,$35,$36,$37,$38,$39,$40,$41,$42,$43,$44,$45,$46,$47,$48,$49,$50,$51,$52,$53,$54,$55,$56,$57,$58,$59,$60,$61,$62,$63,$64) AND FTYPE_ID IN ($65,$66,$67,$68,$69,$70,$71,$72)",0,0,0,0,0,0,27,495.67262700000003,0.557893,240.237548,18.358245444444446,52.2932162640192,70797,5951,0,0,0,0,0,0,0,0,0,0,0,0,0,0,0,0,0,0,0,0,0,0,0,0,0,0,0,0,2026-08-28 13:33:03.070101+00,2026-08-28 13:33:03.070101+00
10,16384,t,7840752183051818549,"select coalesce(extract($1 from max(now() - state_change)), $2) as idle_in_transaction_max_time, count(*) as idle_in_transaction_count from pg_stat_activity where state = $3",0,0,0,0,0,0,170,468.573494,0.098975,10.83935,2.7563146705882353,3.317921297277234,170,0,0,0,0,0,0,0,0,0,0,0,0,0,0,0,0,0,0,0,0,0,0,0,0,0,0,0,0,0,2026-08-28 11:49:27.681321+00,2026-08-28 11:49:27.681321+00
10,16384,t,1314701358040975503,"FETCH 50 IN ""query-cursor_45""",0,0,0,0,0,0,7,0.023514,0.002708,0.005297,0.003359142857142857,0.0008509074867577605,350,0,0,0,0,0,0,0,0,0,0,0,0,0,0,0,0,0,0,0,0,0,0,0,0,0,0,0,0,0,2026-08-28 12:33:28.12934+00,2026-08-28 12:33:28.12934+00
16410,16412,t,4655777236656378292,"SELECT RES_ENT_ID,LIB_FEAT_ID,FTYPE_ID,UTYPE_CODE,SUPPRESSED,OBS_ENT_CNT FROM RES_FEAT_EKEY WHERE RES_ENT_ID IN ($1) AND FTYPE_ID IN ($2,$3,$4,$5,$6,$7,$8,$9,$10,$11,$12,$13,$14,$15,$16,$17,$18,$19,$20,$21,$22,$23,$24,$25,$26,$27,$28,$29,$30,$31,$32,$33,$34,$35,$36,$37,$38,$39,$40,$41,$42,$43,$44,$45,$46,$47,$48,$49,$50,$51,$52,$53,$54,$55,$56,$57,$58,$59,$60,$61,$62,$63,$64,$65,$66,$67,$68)",0,0,0,0,0,0,614,17.68209599999999,0.008396,2.890424,0.02879820195439738,0.1162247871338597,466,2551,0,0,0,0,0,0,0,0,0,0,0,0,0,0,0,0,0,0,0,0,0,0,0,0,0,0,0,0,2026-08-28 13:31:56.47875+00,2026-08-28 13:31:56.47875+00
10,16384,t,-5575630626015445774,"FETCH 0 IN ""query-cursor_1""",0,0,0,0,0,0,1,0.007466,0.007466,0.007466,0.007466,0,0,0,0,0,0,0,0,0,0,0,0,0,0,0,0,0,0,0,0,0,0,0,0,0,0,0,0,0,0,0,2026-08-28 11:49:28.123026+00,2026-08-28 11:49:28.123026+00
16410,16412,t,1209441295001003248,"SELECT RES_ENT_ID,LIB_FEAT_ID,FTYPE_ID,UTYPE_CODE,SUPPRESSED,OBS_ENT_CNT FROM RES_FEAT_EKEY WHERE RES_ENT_ID IN ($1,$2,$3,$4) AND FTYPE_ID IN ($5,$6,$7,$8,$9,$10,$11,$12,$13,$14,$15,$16,$17,$18,$19,$20)",0,0,0,0,0,0,2689,1158.3102819999995,0.050349000000000005,31.453407000000002,0.43075875120862755,1.3683480176279068,700952,47045,0,0,0,0,0,0,0,0,0,0,0,0,0,0,0,0,0,0,0,0,0,0,0,0,0,0,0,0,2026-08-28 13:27:27.616441+00,2026-08-28 13:27:27.616441+00
10,16384,t,-7858466149674371267,"MOVE -1744 IN ""query-cursor_159""",0,0,0,0,0,0,1,0.034511,0.034511,0.034511,0.034511,0,0,0,0,0,0,0,0,0,0,0,0,0,0,0,0,0,0,0,0,0,0,0,0,0,0,0,0,0,0,0,2026-08-28 14:32:28.141586+00,2026-08-28 14:32:28.141586+00
10,16384,t,-3936281966467746267,"MOVE -629 IN ""query-cursor_80""",0,0,0,0,0,0,1,0.01338,0.01338,0.01338,0.01338,0,0,0,0,0,0,0,0,0,0,0,0,0,0,0,0,0,0,0,0,0,0,0,0,0,0,0,0,0,0,0,2026-08-28 13:08:28.132225+00,2026-08-28 13:08:28.132225+00
10,16384,t,2692316774926510301,"DECLARE ""query-cursor_101"" SCROLL CURSOR FOR select queryid, left(query, $1), calls, (total_plan_time + total_exec_time) as total_time from aurora_stat_statements($2) order by calls desc limit $3 FOR READ ONLY",0,0,0,0,0,0,1,0.052618,0.052618,0.052618,0.052618,0,0,0,0,0,0,0,0,0,0,0,0,0,0,0,0,0,0,0,0,0,0,0,0,0,0,0,0,0,0,0,2026-08-28 13:29:28.132332+00,2026-08-28 13:29:28.132332+00
10,16384,t,-3454884625547215102,"FETCH 0 IN ""query-cursor_153""",0,0,0,0,0,0,1,0.003948,0.003948,0.003948,0.003948,0,0,0,0,0,0,0,0,0,0,0,0,0,0,0,0,0,0,0,0,0,0,0,0,0,0,0,0,0,0,0,2026-08-28 14:26:28.135891+00,2026-08-28 14:26:28.135891+00
16410,16412,t,4526877672430433392,"INSERT INTO NAME_EMBEDDING(LIB_FEAT_ID,LABEL,EMBEDDING) VALUES ($1,$2,$3)",0,0,0,0,0,0,657027,1443268.4001489803,0.029896,660.31348,2.196665281866621,9.972223167165875,657027,10274603,5,0,232323,0,0,0,0,0,0,1.434168,7829.4140249999355,0,0,0,0,0,0,0,0,0,0,0,0,0,0,0,0,0,2026-08-28 13:27:22.598254+00,2026-08-28 13:27:22.598254+00
10,16384,t,-2990383854108231946,"MOVE ALL IN ""query-cursor_14""",0,0,0,0,0,0,1,0.432532,0.432532,0.432532,0.432532,0,0,0,0,0,0,0,0,0,0,0,0,0,0,0,0,0,0,0,0,0,0,0,0,0,0,0,0,0,0,0,2026-08-28 12:02:28.12657+00,2026-08-28 12:02:28.12657+00
10,16384,t,8742918384170517854,"FETCH 5 IN ""query-cursor_13""",0,0,0,0,0,0,1,0.001431,0.001431,0.001431,0.001431,0,5,0,0,0,0,0,0,0,0,0,0,0,0,0,0,0,0,0,0,0,0,0,0,0,0,0,0,0,0,0,2026-08-28 12:01:28.127477+00,2026-08-28 12:01:28.127477+00
10,16384,t,-7457112471979694302,"MOVE ALL IN ""query-cursor_105""",0,0,0,0,0,0,1,3.532401,3.532401,3.532401,3.532401,0,0,0,0,0,0,0,0,0,0,0,0,0,0,0,0,0,0,0,0,0,0,0,0,0,0,0,0,0,0,0,2026-08-28 13:33:28.13628+00,2026-08-28 13:33:28.13628+00
10,16384,t,7101750532659569325,"MOVE -1570 IN ""query-cursor_130""",0,0,0,0,0,0,1,0.03023,0.03023,0.03023,0.03023,0,0,0,0,0,0,0,0,0,0,0,0,0,0,0,0,0,0,0,0,0,0,0,0,0,0,0,0,0,0,0,2026-08-28 14:03:28.139558+00,2026-08-28 14:03:28.139558+00
10,16384,t,4133261074245451951,"DECLARE ""query-cursor_90"" SCROLL CURSOR FOR select queryid, left(query, $1), calls, (total_plan_time + total_exec_time) as total_time from aurora_stat_statements($2) order by calls desc limit $3 FOR READ ONLY",0,0,0,0,0,0,1,0.067141,0.067141,0.067141,0.067141,0,0,0,0,0,0,0,0,0,0,0,0,0,0,0,0,0,0,0,0,0,0,0,0,0,0,0,0,0,0,0,2026-08-28 13:18:28.131528+00,2026-08-28 13:18:28.131528+00
10,16384,t,7189362540342505844,"FETCH 50 IN ""query-cursor_7""",0,0,0,0,0,0,3,0.011771,0.003037,0.004588,0.0039236666666666664,0.0006524182366822341,150,0,0,0,0,0,0,0,0,0,0,0,0,0,0,0,0,0,0,0,0,0,0,0,0,0,0,0,0,0,2026-08-28 11:55:28.12619+00,2026-08-28 11:55:28.12619+00
16410,16412,t,1859989302975429301,DELETE FROM RES_FEAT_EKEY WHERE ((RES_ENT_ID=$1 AND LIB_FEAT_ID=$2 AND UTYPE_CODE=$3)OR(RES_ENT_ID=$4 AND LIB_FEAT_ID=$5 AND UTYPE_CODE=$6)OR(RES_ENT_ID=$7 AND LIB_FEAT_ID=$8 AND UTYPE_CODE=$9)OR(RES_ENT_ID=$10 AND LIB_FEAT_ID=$11 AND UTYPE_CODE=$12)),0,0,0,0,0,0,7035,3704.9090520000123,0.019081,78.18317800000001,0.5266395240938184,2.473784425670137,28136,148232,0,0,0,0,0,0,0,0,0,0,0,0,0,0,0,0,0,0,0,0,0,0,0,0,0,0,0,0,2026-08-28 13:27:49.717186+00,2026-08-28 13:27:49.717186+00
10,16384,t,-814194634174585052,"MOVE ALL IN ""query-cursor_165""",0,0,0,0,0,0,1,4.942704,4.942704,4.942704,4.942704,0,0,0,0,0,0,0,0,0,0,0,0,0,0,0,0,0,0,0,0,0,0,0,0,0,0,0,0,0,0,0,2026-08-28 14:38:28.141897+00,2026-08-28 14:38:28.141897+00
10,16384,t,5940034514392747208,"FETCH 0 IN ""query-cursor_137""",0,0,0,0,0,0,1,0.003124,0.003124,0.003124,0.003124,0,0,0,0,0,0,0,0,0,0,0,0,0,0,0,0,0,0,0,0,0,0,0,0,0,0,0,0,0,0,0,2026-08-28 14:10:28.134985+00,2026-08-28 14:10:28.134985+00
10,16384,t,8832492641734918245,"FETCH 50 IN ""query-cursor_164""",0,0,0,0,0,0,35,0.14796800000000002,0.002946,0.009548,0.004227657142857143,0.001266449727000803,1750,0,0,0,0,0,0,0,0,0,0,0,0,0,0,0,0,0,0,0,0,0,0,0,0,0,0,0,0,0,2026-08-28 14:37:28.141915+00,2026-08-28 14:37:28.141915+00
16410,16412,t,-9495118768367639,"SELECT DSRC_ID,RECORD_ID,ENT_SRC_KEY FROM DSRC_RECORD WHERE (DSRC_ID,ENT_SRC_KEY) IN (($1,$2),($3,$4),($5,$6),($7,$8),($9,$10),($11,$12),($13,$14),($15,$16),($17,$18),($19,$20),($21,$22),($23,$24),($25,$26),($27,$28),($29,$30),($31,$32),($33,$34),($35,$36),($37,$38),($39,$40),($41,$42),($43,$44),($45,$46),($47,$48),($49,$50),($51,$52),($53,$54),($55,$56),($57,$58),($59,$60),($61,$62),($63,$64))",0,0,0,0,0,0,6,2.073168,0.258528,0.54699,0.345528,0.09798620397960793,150,730,0,0,0,0,0,0,0,0,0,0,0,0,0,0,0,0,0,0,0,0,0,0,0,0,0,0,0,0,2026-08-28 13:36:27.499216+00,2026-08-28 13:36:27.499216+00
16410,16412,t,-5613299646832846959,"INSERT INTO RES_REL_EKEY(RES_REL_ID,RES_ENT_ID,REL_ENT_ID) VALUES ($1,$2,$3),($4,$5,$6),($7,$8,$9),($10,$11,$12),($13,$14,$15),($16,$17,$18),($19,$20,$21),($22,$23,$24),($25,$26,$27),($28,$29,$30),($31,$32,$33),($34,$35,$36),($37,$38,$39) ON CONFLICT DO NOTHING",0,0,0,0,0,0,97,197.75670200000002,0.15787900000000002,55.532533,2.0387288865979385,7.609837924559214,1261,10117,0,0,13,0,0,0,0,0,0,0,1.345414,0,0,0,0,0,0,0,0,0,0,0,0,0,0,0,0,0,2026-08-28 13:29:42.208006+00,2026-08-28 13:29:42.208006+00
16410,16412,t,-6539974433503858620,"SELECT OBS_ENT_ID,LOCKING_ID FROM OBS_ENT WHERE OBS_ENT_ID IN ($1,$2)",0,0,0,0,0,0,6583,187.40141499999973,0.009723,11.841133000000001,0.028467479112866432,0.21082959094830064,13166,66301,0,0,0,0,0,0,0,0,0,0,0,0,0,0,0,0,0,0,0,0,0,0,0,0,0,0,0,0,2026-08-28 13:28:33.203638+00,2026-08-28 13:28:33.203638+00
16410,16412,t,3715268245331517259,"SELECT LIB_FEAT_ID,NUM_RES_ENT,NUM_RES_ENT_OOM,CANDIDATE_CAP_REACHED,SCORING_CAP_REACHED FROM RES_FEAT_STAT WHERE LIB_FEAT_ID IN ($1,$2)",0,0,0,0,0,0,300457,20517.04860100006,0.006171,143.039052,0.06828613945090332,0.5913167960378979,600465,3343947,0,0,0,0,0,0,0,0,0,0,0,0,0,0,0,0,0,0,0,0,0,0,0,0,0,0,0,0,2026-08-28 13:27:22.686103+00,2026-08-28 13:27:22.686103+00
16410,16412,t,-797864539442800596,"SELECT LAST_TOUCH_DT,LOCKING_ID FROM OBS_ENT WHERE OBS_ENT_ID=$1",0,0,0,0,0,0,602802,8549.451621999913,0.003939,29.493673,0.01418285211727883,0.08940417332018852,602802,2551628,0,0,0,0,0,0,0,0,0,0,0,0,0,0,0,0,0,0,0,0,0,0,0,0,0,0,0,0,2026-08-28 13:27:25.619366+00,2026-08-28 13:27:25.619366+00
16410,16412,t,2212729192904635009,COMMIT,0,0,0,0,0,0,2585,6.139820000000003,0.000613,0.412854,0.0023751721470019354,0.00822368322833497,0,0,0,0,0,0,0,0,0,0,0,0,0,0,0,0,0,0,0,0,0,0,0,0,0,0,0,0,0,0,2026-08-28 13:27:22.102388+00,2026-08-28 13:27:22.102388+00
10,16384,t,3536582666400762678,"FETCH 41 IN ""query-cursor_104""",0,0,0,0,0,0,1,0.003305,0.003305,0.003305,0.003305,0,41,0,0,0,0,0,0,0,0,0,0,0,0,0,0,0,0,0,0,0,0,0,0,0,0,0,0,0,0,0,2026-08-28 13:32:28.145737+00,2026-08-28 13:32:28.145737+00
10,16384,t,-8208645286976831549,"FETCH 13 IN ""query-cursor_99""",0,0,0,0,0,0,1,0.006452,0.006452,0.006452,0.006452,0,13,0,0,0,0,0,0,0,0,0,0,0,0,0,0,0,0,0,0,0,0,0,0,0,0,0,0,0,0,0,2026-08-28 13:27:28.419572+00,2026-08-28 13:27:28.419572+00
16410,16412,t,1165153896606422882,"SELECT RES_ENT_ID,LIB_FEAT_ID,FTYPE_ID,UTYPE_CODE,SUPPRESSED,OBS_ENT_CNT FROM RES_FEAT_EKEY WHERE RES_ENT_ID IN ($1,$2,$3,$4,$5,$6,$7,$8) AND FTYPE_ID IN ($9,$10,$11,$12,$13,$14,$15,$16,$17,$18,$19,$20,$21,$22,$23,$24,$25,$26)",0,0,0,0,0,0,1051,1712.801864000001,0.090049,47.972271,1.6296877868696489,3.111704113985813,1945735,49908,0,0,0,0,0,0,0,0,0,0,0,0,0,0,0,0,0,0,0,0,0,0,0,0,0,0,0,0,2026-08-28 13:27:23.710193+00,2026-08-28 13:27:23.710193+00
16410,16412,t,8316487887949943754,"INSERT INTO RES_REL_EKEY(RES_REL_ID,RES_ENT_ID,REL_ENT_ID) VALUES ($1,$2,$3),($4,$5,$6),($7,$8,$9),($10,$11,$12),($13,$14,$15),($16,$17,$18),($19,$20,$21),($22,$23,$24),($25,$26,$27),($28,$29,$30),($31,$32,$33),($34,$35,$36),($37,$38,$39),($40,$41,$42),($43,$44,$45),($46,$47,$48) ON CONFLICT DO NOTHING",0,0,0,0,0,0,2241,9151.928118000002,0.16259099999999999,175.627611,4.083859044176708,12.285274948698264,35856,284950,0,0,315,0,0,0,0,0,0,0,30.107917999999984,0,0,0,0,0,0,0,0,0,0,0,0,0,0,0,0,0,2026-08-28 13:27:31.636199+00,2026-08-28 13:27:31.636199+00
10,16384,t,-7614622911250211377,"MOVE ALL IN ""query-cursor_29""",0,0,0,0,0,0,1,0.629123,0.629123,0.629123,0.629123,0,0,0,0,0,0,0,0,0,0,0,0,0,0,0,0,0,0,0,0,0,0,0,0,0,0,0,0,0,0,0,2026-08-28 12:17:28.12792+00,2026-08-28 12:17:28.12792+00
10,16384,t,3419118935766569860,"MOVE -1600 IN ""query-cursor_135""",0,0,0,0,0,0,1,0.031096,0.031096,0.031096,0.031096,0,0,0,0,0,0,0,0,0,0,0,0,0,0,0,0,0,0,0,0,0,0,0,0,0,0,0,0,0,0,0,2026-08-28 14:08:28.139445+00,2026-08-28 14:08:28.139445+00
16410,16412,t,-7281832217859379588,"DELETE FROM RES_REL_EKEY WHERE (RES_ENT_ID,REL_ENT_ID,RES_REL_ID) IN (($1,$2,$3),($4,$5,$6),($7,$8,$9),($10,$11,$12))",0,0,0,0,0,0,3005,878.7791499999998,0.015555,26.776771,0.29243898502495835,1.2439232082666023,11985,52964,0,0,0,0,0,0,0,0,0,0,0,0,0,0,0,0,0,0,0,0,0,0,0,0,0,0,0,0,2026-08-28 13:27:37.005874+00,2026-08-28 13:27:37.005874+00
16410,16412,t,4041139757862332964,"SELECT RES_ENT_ID,LIB_FEAT_ID,FTYPE_ID,UTYPE_CODE,SUPPRESSED,OBS_ENT_CNT FROM RES_FEAT_EKEY WHERE RES_ENT_ID IN ($1) AND FTYPE_ID IN ($2,$3,$4,$5,$6,$7,$8,$9,$10,$11,$12,$13,$14,$15,$16,$17,$18,$19,$20,$21,$22,$23,$24)",0,0,0,0,0,0,16,5.74177,0.033579,2.718775,0.358860625,0.6670014184956689,11492,162,0,0,0,0,0,0,0,0,0,0,0,0,0,0,0,0,0,0,0,0,0,0,0,0,0,0,0,0,2026-08-28 13:27:24.692616+00,2026-08-28 13:27:24.692616+00
16410,16412,t,5330184193063718577,"SELECT RES_ENT_ID,LIB_FEAT_ID,FTYPE_ID,UTYPE_CODE,SUPPRESSED,OBS_ENT_CNT FROM RES_FEAT_EKEY WHERE RES_ENT_ID IN ($1,$2,$3,$4,$5,$6,$7,$8,$9,$10,$11,$12,$13,$14,$15,$16,$17,$18,$19,$20,$21,$22,$23,$24,$25,$26,$27,$28,$29,$30,$31,$32)",0,0,0,0,0,0,25041,300211.57213299815,0.189321,1564.3954250000002,11.988801251267846,34.83193456057129,183303105,4470091,0,0,0,0,0,0,0,0,0,0,0,0,0,0,0,0,0,0,0,0,0,0,0,0,0,0,0,0,2026-08-28 13:27:26.402842+00,2026-08-28 13:27:26.402842+00
10,16384,t,-4099100977711347080,"FETCH 0 IN ""query-cursor_3""",0,0,0,0,0,0,1,0.003003,0.003003,0.003003,0.003003,0,0,0,0,0,0,0,0,0,0,0,0,0,0,0,0,0,0,0,0,0,0,0,0,0,0,0,0,0,0,0,2026-08-28 11:51:28.125432+00,2026-08-28 11:51:28.125432+00
16410,16412,t,5849680132624874068,DELETE FROM RES_FEAT_EKEY WHERE ((RES_ENT_ID=$1 AND LIB_FEAT_ID=$2 AND UTYPE_CODE=$3)OR(RES_ENT_ID=$4 AND LIB_FEAT_ID=$5 AND UTYPE_CODE=$6)OR(RES_ENT_ID=$7 AND LIB_FEAT_ID=$8 AND UTYPE_CODE=$9)OR(RES_ENT_ID=$10 AND LIB_FEAT_ID=$11 AND UTYPE_CODE=$12)OR(RES_ENT_ID=$13 AND LIB_FEAT_ID=$14 AND UTYPE_CODE=$15)OR(RES_ENT_ID=$16 AND LIB_FEAT_ID=$17 AND UTYPE_CODE=$18)OR(RES_ENT_ID=$19 AND LIB_FEAT_ID=$20 AND UTYPE_CODE=$21)OR(RES_ENT_ID=$22 AND LIB_FEAT_ID=$23 AND UTYPE_CODE=$24)OR(RES_ENT_ID=$25 AND LIB_FEAT_ID=$26 AND UTYPE_CODE=$27)OR(RES_ENT_ID=$28 AND LIB_FEAT_ID=$29 AND UTYPE_CODE=$30)OR(RES_ENT_ID=$31 AND LIB_FEAT_ID=$32 AND UTYPE_CODE=$33)OR(RES_ENT_ID=$34 AND LIB_FEAT_ID=$35 AND UTYPE_CODE=$36)OR(RES_ENT_ID=$37 AND LIB_FEAT_ID=$38 AND UTYPE_CODE=$39)OR(RES_ENT_ID=$40 AND LIB_FEAT_ID=$41 AND UTYPE_CODE=$42)OR(RES_ENT_ID=$43 AND LIB_FEAT_ID=$44 AND UTYPE_CODE=$45)OR(RES_ENT_ID=$46 AND LIB_FEAT_ID=$47 AND UTYPE_CODE=$48)OR(RES_ENT_ID=$49 AND LIB_FEAT_ID=$50 AND UTYPE_CODE=$51)OR(RES_ENT_ID=$52 AND LIB_FEAT_ID=$53 AND UTYPE_CODE=$54)OR(RES_ENT_ID=$55 AND LIB_FEAT_ID=$56 AND UTYPE_CODE=$57)OR(RES_ENT_ID=$58 AND LIB_FEAT_ID=$59 AND UTYPE_CODE=$60)OR(RES_ENT_ID=$61 AND LIB_FEAT_ID=$62 AND UTYPE_CODE=$63)OR(RES_ENT_ID=$64 AND LIB_FEAT_ID=$65 AND UTYPE_CODE=$66)),0,0,0,0,0,0,278,340.67228899999986,0.09380000000000001,38.204178,1.2254398884892082,4.4436049223891185,6116,30797,0,0,0,0,0,0,0,0,0,0,0,0,0,0,0,0,0,0,0,0,0,0,0,0,0,0,0,0,2026-08-28 13:28:11.593011+00,2026-08-28 13:28:11.593011+00
16410,16412,t,-4515678651448741696,"DELETE FROM RES_REL_EKEY WHERE (RES_ENT_ID,REL_ENT_ID,RES_REL_ID) IN (($1,$2,$3),($4,$5,$6),($7,$8,$9),($10,$11,$12),($13,$14,$15),($16,$17,$18),($19,$20,$21),($22,$23,$24),($25,$26,$27),($28,$29,$30),($31,$32,$33),($34,$35,$36),($37,$38,$39),($40,$41,$42),($43,$44,$45),($46,$47,$48))",0,0,0,0,0,0,1261,1054.435152000001,0.057409,24.98722,0.8361896526566225,2.9971517022870264,15499,79788,0,0,0,0,0,0,0,0,0,0,0,0,0,0,0,0,0,0,0,0,0,0,0,0,0,0,0,0,2026-08-28 13:27:36.985113+00,2026-08-28 13:27:36.985113+00
10,16384,t,4782402734598225178,"FETCH 50 IN ""query-cursor_66""",0,0,0,0,0,0,10,0.034170000000000006,0.002777,0.006517,0.0034170000000000008,0.0010588954622624467,500,0,0,0,0,0,0,0,0,0,0,0,0,0,0,0,0,0,0,0,0,0,0,0,0,0,0,0,0,0,2026-08-28 12:54:28.131193+00,2026-08-28 12:54:28.131193+00
10,16384,t,-2845755889758213418,"FETCH 13 IN ""query-cursor_31""",0,0,0,0,0,0,1,0.001934,0.001934,0.001934,0.001934,0,13,0,0,0,0,0,0,0,0,0,0,0,0,0,0,0,0,0,0,0,0,0,0,0,0,0,0,0,0,0,2026-08-28 12:19:28.129213+00,2026-08-28 12:19:28.129213+00
10,16384,t,5192942559431142470,"select queryid, calls, (total_plan_time + total_exec_time) as total_time, rows, shared_blks_hit, shared_blks_dirtied, shared_blks_read, shared_blks_written, local_blks_hit, local_blks_dirtied, local_blks_read, local_blks_written, temp_blks_read, temp_blks_written, storage_blks_read, orcache_blks_hit, shared_blk_read_time as blk_read_time, shared_blk_write_time as blk_write_time, storage_blk_read_time, local_blk_read_time, orcache_blk_read_time, total_plan_time, total_exec_time from aurora_stat_statements($1) where queryid in ($2, $3, $4, $5, $6, $7, $8, $9, $10, $11, $12, $13, $14, $15, $16, $17, $18, $19, $20, $21, $22, $23, $24, $25, $26, $27, $28, $29, $30, $31, $32, $33, $34, $35, $36, $37, $38, $39, $40, $41, $42, $43, $44, $45, $46, $47, $48, $49, $50, $51, $52, $53)",0,0,0,0,0,0,1,1.626293,1.626293,1.626293,1.626293,0,53,0,0,0,0,0,0,0,0,0,0,0,0,0,0,0,0,0,0,0,0,0,0,0,0,0,0,0,0,0,2026-08-28 13:50:38.141462+00,2026-08-28 13:50:38.141462+00
10,16384,t,-2417825973955310352,"FETCH 5 IN ""query-cursor_161""",0,0,0,0,0,0,1,0.002218,0.002218,0.002218,0.002218,0,5,0,0,0,0,0,0,0,0,0,0,0,0,0,0,0,0,0,0,0,0,0,0,0,0,0,0,0,0,0,2026-08-28 14:34:28.153148+00,2026-08-28 14:34:28.153148+00
10,16384,t,-9083367784208220492,"FETCH 50 IN ""query-cursor_59""",0,0,0,0,0,0,10,0.034681,0.002825,0.006075,0.0034680999999999996,0.0009268287274356573,500,0,0,0,0,0,0,0,0,0,0,0,0,0,0,0,0,0,0,0,0,0,0,0,0,0,0,0,0,0,2026-08-28 12:47:28.130672+00,2026-08-28 12:47:28.130672+00
10,16384,t,844989471858464387,"DECLARE ""query-cursor_139"" SCROLL CURSOR FOR select queryid, left(query, $1), calls, (total_plan_time + total_exec_time) as total_time from aurora_stat_statements($2) order by calls desc limit $3 FOR READ ONLY",0,0,0,0,0,0,1,0.068215,0.068215,0.068215,0.068215,0,0,0,0,0,0,0,0,0,0,0,0,0,0,0,0,0,0,0,0,0,0,0,0,0,0,0,0,0,0,0,2026-08-28 14:12:28.13522+00,2026-08-28 14:12:28.13522+00
16410,16412,t,-2619058265336586004,DELETE FROM RES_FEAT_EKEY WHERE ((RES_ENT_ID=$1 AND LIB_FEAT_ID=$2 AND UTYPE_CODE=$3)OR(RES_ENT_ID=$4 AND LIB_FEAT_ID=$5 AND UTYPE_CODE=$6)OR(RES_ENT_ID=$7 AND LIB_FEAT_ID=$8 AND UTYPE_CODE=$9)OR(RES_ENT_ID=$10 AND LIB_FEAT_ID=$11 AND UTYPE_CODE=$12)OR(RES_ENT_ID=$13 AND LIB_FEAT_ID=$14 AND UTYPE_CODE=$15)OR(RES_ENT_ID=$16 AND LIB_FEAT_ID=$17 AND UTYPE_CODE=$18)OR(RES_ENT_ID=$19 AND LIB_FEAT_ID=$20 AND UTYPE_CODE=$21)OR(RES_ENT_ID=$22 AND LIB_FEAT_ID=$23 AND UTYPE_CODE=$24)OR(RES_ENT_ID=$25 AND LIB_FEAT_ID=$26 AND UTYPE_CODE=$27)OR(RES_ENT_ID=$28 AND LIB_FEAT_ID=$29 AND UTYPE_CODE=$30)),0,0,0,0,0,0,1269,1203.8452609999988,0.023759000000000002,86.808441,0.9486566280535845,3.959072583005832,12667,64801,0,0,0,0,0,0,0,0,0,0,0,0,0,0,0,0,0,0,0,0,0,0,0,0,0,0,0,0,2026-08-28 13:27:47.915615+00,2026-08-28 13:27:47.915615+00
10,16384,t,4741742688108169213,"FETCH 0 IN ""query-cursor_51""",0,0,0,0,0,0,1,0.004094,0.004094,0.004094,0.004094,0,0,0,0,0,0,0,0,0,0,0,0,0,0,0,0,0,0,0,0,0,0,0,0,0,0,0,0,0,0,0,2026-08-28 12:39:28.128775+00,2026-08-28 12:39:28.128775+00
10,16384,t,118431917173145806,"DECLARE ""query-cursor_57"" SCROLL CURSOR FOR select queryid, left(query, $1), calls, (total_plan_time + total_exec_time) as total_time from aurora_stat_statements($2) order by calls desc limit $3 FOR READ ONLY",0,0,0,0,0,0,1,0.067684,0.067684,0.067684,0.067684,0,0,0,0,0,0,0,0,0,0,0,0,0,0,0,0,0,0,0,0,0,0,0,0,0,0,0,0,0,0,0,2026-08-28 12:45:28.129179+00,2026-08-28 12:45:28.129179+00
16410,16412,t,-3304106930971144260,"SELECT RES_ENT_ID,LIB_FEAT_ID,FTYPE_ID,UTYPE_CODE,SUPPRESSED,OBS_ENT_CNT FROM RES_FEAT_EKEY WHERE RES_ENT_ID IN ($1) AND FTYPE_ID IN ($2,$3,$4,$5,$6,$7,$8,$9,$10,$11,$12,$13,$14,$15,$16,$17,$18,$19,$20,$21,$22,$23,$24,$25,$26,$27,$28,$29,$30,$31,$32,$33,$34,$35,$36,$37,$38,$39,$40,$41,$42,$43,$44,$45,$46,$47,$48,$49,$50,$51,$52,$53,$54,$55,$56,$57,$58,$59,$60,$61,$62)",0,0,0,0,0,0,129,17.11935799999999,0.006546,1.156894,0.13270820155038754,0.21323523156154725,1055,1127,0,0,0,0,0,0,0,0,0,0,0,0,0,0,0,0,0,0,0,0,0,0,0,0,0,0,0,0,2026-08-28 13:28:15.618044+00,2026-08-28 13:28:15.618044+00
16410,16412,t,-4339308163497601975,"SELECT DSRC_ID,RECORD_ID,ENT_SRC_KEY FROM DSRC_RECORD WHERE (DSRC_ID,ENT_SRC_KEY) IN (($1,$2))",0,0,0,0,0,0,1180621,29802.618804999554,0.006757,38.549251999999996,0.0252431718604019,0.14590462131914092,1180621,5741201,0,0,0,0,0,0,0,0,0,0,0,0,0,0,0,0,0,0,0,0,0,0,0,0,0,0,0,0,2026-08-28 13:27:25.688203+00,2026-08-28 13:27:25.688203+00
10,16384,t,578921033586255769,"MOVE -732 IN ""query-cursor_97""",0,0,0,0,0,0,1,0.019226,0.019226,0.019226,0.019226,0,0,0,0,0,0,0,0,0,0,0,0,0,0,0,0,0,0,0,0,0,0,0,0,0,0,0,0,0,0,0,2026-08-28 13:25:28.133673+00,2026-08-28 13:25:28.133673+00
10,16384,t,1160922463381201285,"FETCH 50 IN ""query-cursor_19""",0,0,0,0,0,0,4,0.014356,0.002839,0.005169,0.003589,0.0009372566350792083,200,0,0,0,0,0,0,0,0,0,0,0,0,0,0,0,0,0,0,0,0,0,0,0,0,0,0,0,0,0,2026-08-28 12:07:28.127238+00,2026-08-28 12:07:28.127238+00
10,16384,t,-3632531091503446444,"MOVE ALL IN ""query-cursor_102""",0,0,0,0,0,0,1,3.96725,3.96725,3.96725,3.96725,0,0,0,0,0,0,0,0,0,0,0,0,0,0,0,0,0,0,0,0,0,0,0,0,0,0,0,0,0,0,0,2026-08-28 13:30:28.136649+00,2026-08-28 13:30:28.136649+00
10,16384,t,-8195627326822672149,"FETCH 0 IN ""query-cursor_5""",0,0,0,0,0,0,1,0.004173,0.004173,0.004173,0.004173,0,0,0,0,0,0,0,0,0,0,0,0,0,0,0,0,0,0,0,0,0,0,0,0,0,0,0,0,0,0,0,2026-08-28 11:53:28.125602+00,2026-08-28 11:53:28.125602+00
10,16384,t,-4485439686971416795,"SELECT COUNT(*) FILTER (WHERE DATALLOWCONN) DB_COUNT
, COUNT(*) FILTER (WHERE NOT DATALLOWCONN AND DATNAME<>$1) DB_COUNT_NOCONN
FROM PG_CATALOG.PG_DATABASE WHERE DATNAME<>$2",0,0,0,0,0,0,1,0.013316999999999999,0.013316999999999999,0.013316999999999999,0.013316999999999999,0,1,1,0,0,0,0,0,0,0,0,0,0,0,0,0,0,0,0,0,0,0,0,0,0,0,0,0,0,0,0,2026-08-28 12:45:00.077168+00,2026-08-28 12:45:00.077168+00
16410,16412,t,6322271594241550803,"SELECT RES_ENT_ID,LIB_FEAT_ID,FTYPE_ID,UTYPE_CODE,SUPPRESSED,OBS_ENT_CNT FROM RES_FEAT_EKEY WHERE RES_ENT_ID IN ($1,$2,$3,$4,$5,$6,$7,$8,$9,$10,$11,$12,$13,$14,$15,$16)",0,0,0,0,0,0,47311,108639.7219110008,0.082215,401.263002,2.2962888527192575,10.29814199771459,69308187,3122849,0,0,0,0,0,0,0,0,0,0,0,0,0,0,0,0,0,0,0,0,0,0,0,0,0,0,0,0,2026-08-28 13:27:25.771733+00,2026-08-28 13:27:25.771733+00
10,16384,t,-3906166199474344128,"DECLARE ""query-cursor_89"" SCROLL CURSOR FOR select queryid, left(query, $1), calls, (total_plan_time + total_exec_time) as total_time from aurora_stat_statements($2) order by calls desc limit $3 FOR READ ONLY",0,0,0,0,0,0,1,0.064878,0.064878,0.064878,0.064878,0,0,0,0,0,0,0,0,0,0,0,0,0,0,0,0,0,0,0,0,0,0,0,0,0,0,0,0,0,0,0,2026-08-28 13:17:28.131481+00,2026-08-28 13:17:28.131481+00
16410,16412,t,7074489559175562218,DELETE FROM RES_FEAT_EKEY WHERE ((RES_ENT_ID=$1 AND LIB_FEAT_ID=$2 AND UTYPE_CODE=$3)OR(RES_ENT_ID=$4 AND LIB_FEAT_ID=$5 AND UTYPE_CODE=$6)OR(RES_ENT_ID=$7 AND LIB_FEAT_ID=$8 AND UTYPE_CODE=$9)OR(RES_ENT_ID=$10 AND LIB_FEAT_ID=$11 AND UTYPE_CODE=$12)OR(RES_ENT_ID=$13 AND LIB_FEAT_ID=$14 AND UTYPE_CODE=$15)OR(RES_ENT_ID=$16 AND LIB_FEAT_ID=$17 AND UTYPE_CODE=$18)OR(RES_ENT_ID=$19 AND LIB_FEAT_ID=$20 AND UTYPE_CODE=$21)OR(RES_ENT_ID=$22 AND LIB_FEAT_ID=$23 AND UTYPE_CODE=$24)OR(RES_ENT_ID=$25 AND LIB_FEAT_ID=$26 AND UTYPE_CODE=$27)OR(RES_ENT_ID=$28 AND LIB_FEAT_ID=$29 AND UTYPE_CODE=$30)OR(RES_ENT_ID=$31 AND LIB_FEAT_ID=$32 AND UTYPE_CODE=$33)OR(RES_ENT_ID=$34 AND LIB_FEAT_ID=$35 AND UTYPE_CODE=$36)OR(RES_ENT_ID=$37 AND LIB_FEAT_ID=$38 AND UTYPE_CODE=$39)OR(RES_ENT_ID=$40 AND LIB_FEAT_ID=$41 AND UTYPE_CODE=$42)OR(RES_ENT_ID=$43 AND LIB_FEAT_ID=$44 AND UTYPE_CODE=$45)OR(RES_ENT_ID=$46 AND LIB_FEAT_ID=$47 AND UTYPE_CODE=$48)OR(RES_ENT_ID=$49 AND LIB_FEAT_ID=$50 AND UTYPE_CODE=$51)OR(RES_ENT_ID=$52 AND LIB_FEAT_ID=$53 AND UTYPE_CODE=$54)OR(RES_ENT_ID=$55 AND LIB_FEAT_ID=$56 AND UTYPE_CODE=$57)OR(RES_ENT_ID=$58 AND LIB_FEAT_ID=$59 AND UTYPE_CODE=$60)OR(RES_ENT_ID=$61 AND LIB_FEAT_ID=$62 AND UTYPE_CODE=$63)OR(RES_ENT_ID=$64 AND LIB_FEAT_ID=$65 AND UTYPE_CODE=$66)OR(RES_ENT_ID=$67 AND LIB_FEAT_ID=$68 AND UTYPE_CODE=$69)OR(RES_ENT_ID=$70 AND LIB_FEAT_ID=$71 AND UTYPE_CODE=$72)OR(RES_ENT_ID=$73 AND LIB_FEAT_ID=$74 AND UTYPE_CODE=$75)OR(RES_ENT_ID=$76 AND LIB_FEAT_ID=$77 AND UTYPE_CODE=$78)OR(RES_ENT_ID=$79 AND LIB_FEAT_ID=$80 AND UTYPE_CODE=$81)OR(RES_ENT_ID=$82 AND LIB_FEAT_ID=$83 AND UTYPE_CODE=$84)),0,0,0,0,0,0,194,257.60031900000007,0.101065,31.270617,1.327836695876289,4.83662101678336,5376,27205,0,0,0,0,0,0,0,0,0,0,0,0,0,0,0,0,0,0,0,0,0,0,0,0,0,0,0,0,2026-08-28 13:28:20.187575+00,2026-08-28 13:28:20.187575+00
10,16384,t,2663462780488004347,"FETCH 0 IN ""query-cursor_65""",0,0,0,0,0,0,1,0.003551,0.003551,0.003551,0.003551,0,0,0,0,0,0,0,0,0,0,0,0,0,0,0,0,0,0,0,0,0,0,0,0,0,0,0,0,0,0,0,2026-08-28 12:53:28.129786+00,2026-08-28 12:53:28.129786+00
16410,16412,t,7665846493434763599,"SELECT RES_ENT_ID,LIB_FEAT_ID,FTYPE_ID,UTYPE_CODE,SUPPRESSED,OBS_ENT_CNT FROM RES_FEAT_EKEY WHERE RES_ENT_ID IN ($1,$2,$3,$4,$5,$6,$7,$8) AND FTYPE_ID IN ($9,$10,$11,$12,$13,$14,$15,$16,$17,$18,$19)",0,0,0,0,0,0,7566,3530.0436690000042,0.06498799999999999,45.726587,0.46656670222046054,1.4913070296602726,1744016,237680,0,0,0,0,0,0,0,0,0,0,0,0,0,0,0,0,0,0,0,0,0,0,0,0,0,0,0,0,2026-08-28 13:27:23.196077+00,2026-08-28 13:27:23.196077+00
16410,16412,t,-3167805080225609584,"SELECT RES_ENT_ID,LIB_FEAT_ID,FTYPE_ID,UTYPE_CODE,SUPPRESSED,OBS_ENT_CNT FROM RES_FEAT_EKEY WHERE RES_ENT_ID IN ($1,$2) AND FTYPE_ID IN ($3,$4,$5,$6,$7,$8,$9,$10)",0,0,0,0,0,0,9254,1644.2847310000059,0.024338,58.740397,0.17768367527555715,1.231201803071813,237779,78948,0,0,0,0,0,0,0,0,0,0,0,0,0,0,0,0,0,0,0,0,0,0,0,0,0,0,0,0,2026-08-28 13:27:26.805063+00,2026-08-28 13:27:26.805063+00
16410,16412,t,459200535358153291,"SELECT RES_ENT_ID,LIB_FEAT_ID,FTYPE_ID,UTYPE_CODE,SUPPRESSED,OBS_ENT_CNT FROM RES_FEAT_EKEY WHERE RES_ENT_ID IN ($1) AND FTYPE_ID IN ($2,$3,$4,$5,$6,$7,$8)",0,0,0,0,0,0,13066,790.8673749999966,0.013777999999999999,30.921311,0.060528652609826775,0.5181834691500272,141501,54819,0,0,0,0,0,0,0,0,0,0,0,0,0,0,0,0,0,0,0,0,0,0,0,0,0,0,0,0,2026-08-28 13:27:24.367325+00,2026-08-28 13:27:24.367325+00
10,16384,t,-3872137770269586522,"FETCH 0 IN ""query-cursor_129""",0,0,0,0,0,0,1,0.003543,0.003543,0.003543,0.003543,0,0,0,0,0,0,0,0,0,0,0,0,0,0,0,0,0,0,0,0,0,0,0,0,0,0,0,0,0,0,0,2026-08-28 14:02:28.134494+00,2026-08-28 14:02:28.134494+00
16410,16412,t,2098497899145152856,"SELECT RES_ENT_ID,LIB_FEAT_ID,FTYPE_ID,UTYPE_CODE,SUPPRESSED,OBS_ENT_CNT FROM RES_FEAT_EKEY WHERE RES_ENT_ID IN ($1,$2,$3,$4,$5,$6,$7,$8) AND FTYPE_ID IN ($9,$10,$11,$12,$13,$14,$15,$16,$17,$18,$19,$20,$21,$22)",0,0,0,0,0,0,12978,10159.781757000006,0.07652,79.33299000000001,0.7828464907535835,2.6966504742368254,4768159,402751,0,0,0,0,0,0,0,0,0,0,0,0,0,0,0,0,0,0,0,0,0,0,0,0,0,0,0,0,2026-08-28 13:27:23.656105+00,2026-08-28 13:27:23.656105+00
10,16384,t,1342851889563842347,"MOVE -1684 IN ""query-cursor_149""",0,0,0,0,0,0,1,0.033201,0.033201,0.033201,0.033201,0,0,0,0,0,0,0,0,0,0,0,0,0,0,0,0,0,0,0,0,0,0,0,0,0,0,0,0,0,0,0,2026-08-28 14:22:28.140687+00,2026-08-28 14:22:28.140687+00
16410,16412,t,-9097675152044087285,"INSERT INTO RES_FEAT_EKEY(RES_ENT_ID,LIB_FEAT_ID,FTYPE_ID,UTYPE_CODE,SUPPRESSED,OBS_ENT_CNT) VALUES ($1,$2,$3,$4,$5,$6) ON CONFLICT DO NOTHING",0,0,0,0,0,0,80395,49484.95551999961,0.017577000000000002,388.620067,0.6155228001741353,3.4013723878385944,80395,1017012,0,0,1568,0,0,0,0,0,0,0,98.475195,0,0,0,0,0,0,0,0,0,0,0,0,0,0,0,0,0,2026-08-28 13:27:22.605981+00,2026-08-28 13:27:22.605981+00
10,16384,t,-6016770095446301649,"select event_id, t.type_name, event_name from aurora_stat_wait_type() t join aurora_stat_wait_event() e on t.type_id = e.type_id",0,0,0,0,0,0,1,0.247649,0.247649,0.247649,0.247649,0,337,0,0,0,0,0,0,0,0,0,0,0,0,0,0,0,0,0,0,0,0,0,0,0,0,0,0,0,0,0,2026-08-28 11:49:27.648229+00,2026-08-28 11:49:27.648229+00
10,16384,t,4468184415232900376,"FETCH 0 IN ""query-cursor_23""",0,0,0,0,0,0,1,0.003887,0.003887,0.003887,0.003887,0,0,0,0,0,0,0,0,0,0,0,0,0,0,0,0,0,0,0,0,0,0,0,0,0,0,0,0,0,0,0,2026-08-28 12:11:28.126868+00,2026-08-28 12:11:28.126868+00
10,16384,t,7780909377214066266,"FETCH 50 IN ""query-cursor_118""",0,0,0,0,0,0,29,0.12418599999999999,0.002961,0.006026,0.004282275862068965,0.0009418675833628492,1450,0,0,0,0,0,0,0,0,0,0,0,0,0,0,0,0,0,0,0,0,0,0,0,0,0,0,0,0,0,2026-08-28 13:51:28.138004+00,2026-08-28 13:51:28.138004+00
10,16384,t,2516959300084798559,"DECLARE ""query-cursor_128"" SCROLL CURSOR FOR select queryid, left(query, $1), calls, (total_plan_time + total_exec_time) as total_time from aurora_stat_statements($2) order by calls desc limit $3 FOR READ ONLY",0,0,0,0,0,0,1,0.067331,0.067331,0.067331,0.067331,0,0,0,0,0,0,0,0,0,0,0,0,0,0,0,0,0,0,0,0,0,0,0,0,0,0,0,0,0,0,0,2026-08-28 14:01:28.13435+00,2026-08-28 14:01:28.13435+00
10,16384,t,-6485337810111214644,"DECLARE ""query-cursor_73"" SCROLL CURSOR FOR select queryid, left(query, $1), calls, (total_plan_time + total_exec_time) as total_time from aurora_stat_statements($2) order by calls desc limit $3 FOR READ ONLY",0,0,0,0,0,0,1,0.065654,0.065654,0.065654,0.065654,0,0,0,0,0,0,0,0,0,0,0,0,0,0,0,0,0,0,0,0,0,0,0,0,0,0,0,0,0,0,0,2026-08-28 13:01:28.130335+00,2026-08-28 13:01:28.130335+00
10,16384,t,913758546843979289,"MOVE -308 IN ""query-cursor_30""",0,0,0,0,0,0,1,0.007794,0.007794,0.007794,0.007794,0,0,0,0,0,0,0,0,0,0,0,0,0,0,0,0,0,0,0,0,0,0,0,0,0,0,0,0,0,0,0,2026-08-28 12:18:28.127949+00,2026-08-28 12:18:28.127949+00
10,16384,t,8289564135582190389,"MOVE ALL IN ""query-cursor_111""",0,0,0,0,0,0,1,5.370596,5.370596,5.370596,5.370596,0,0,0,0,0,0,0,0,0,0,0,0,0,0,0,0,0,0,0,0,0,0,0,0,0,0,0,0,0,0,0,2026-08-28 13:44:28.138873+00,2026-08-28 13:44:28.138873+00
16410,16412,t,483461964739243505,"SELECT RES_ENT_ID,LIB_FEAT_ID,FTYPE_ID,UTYPE_CODE,SUPPRESSED,OBS_ENT_CNT FROM RES_FEAT_EKEY WHERE RES_ENT_ID IN ($1,$2,$3,$4,$5,$6,$7,$8,$9,$10,$11,$12,$13,$14,$15,$16,$17,$18,$19,$20,$21,$22,$23,$24,$25,$26,$27,$28,$29,$30,$31,$32) AND FTYPE_ID IN ($33,$34,$35,$36,$37,$38,$39)",0,0,0,0,0,0,2562,3762.040982999994,0.206845,64.359356,1.468400071428569,3.6965100785712584,1273631,236469,0,0,0,0,0,0,0,0,0,0,0,0,0,0,0,0,0,0,0,0,0,0,0,0,0,0,0,0,2026-08-28 13:28:31.385617+00,2026-08-28 13:28:31.385617+00
10,16384,t,3134999784458862983,"select s.*, extract($1 from s.lastattempt) as lastattempt_ts from rds_get_stat_connections_counters() as s limit $2",0,0,0,0,0,0,1,1.3889900000000002,1.3889900000000002,1.3889900000000002,1.3889900000000002,0,1,0,0,0,0,0,0,0,0,0,0,0,0,0,0,0,0,0,0,0,0,0,0,0,0,0,0,0,0,0,2026-08-28 11:50:08.17761+00,2026-08-28 11:50:08.17761+00
10,16384,t,-6644335007155970359,"FETCH 50 IN ""query-cursor_160""",0,0,0,0,0,0,34,0.13717600000000002,0.002865,0.006484,0.004034588235294118,0.0010853853237620555,1700,0,0,0,0,0,0,0,0,0,0,0,0,0,0,0,0,0,0,0,0,0,0,0,0,0,0,0,0,0,2026-08-28 14:33:28.141494+00,2026-08-28 14:33:28.141494+00
16410,16412,t,8796698394365880420,"SELECT RES_ENT_ID,LIB_FEAT_ID,FTYPE_ID,UTYPE_CODE,SUPPRESSED,OBS_ENT_CNT FROM RES_FEAT_EKEY WHERE RES_ENT_ID IN ($1,$2,$3,$4,$5,$6,$7,$8,$9,$10,$11,$12,$13,$14,$15,$16,$17,$18,$19,$20,$21,$22,$23,$24,$25,$26,$27,$28,$29,$30,$31,$32,$33,$34,$35,$36,$37,$38,$39,$40,$41,$42,$43,$44,$45,$46,$47,$48,$49,$50,$51,$52,$53,$54,$55,$56,$57,$58,$59,$60,$61,$62,$63,$64,$65,$66,$67,$68,$69,$70,$71,$72,$73,$74,$75,$76,$77,$78,$79,$80,$81,$82,$83,$84,$85,$86) AND FTYPE_ID IN ($87,$88,$89,$90,$91,$92,$93,$94,$95,$96,$97,$98,$99,$100)",0,0,0,0,0,0,243,14021.110787999996,2.519791,906.6221840000001,57.70004439506172,74.91869550594959,5445795,154432,0,0,0,0,0,0,0,0,0,0,0,0,0,0,0,0,0,0,0,0,0,0,0,0,0,0,0,0,2026-08-28 13:27:37.44761+00,2026-08-28 13:27:37.44761+00
10,16384,t,243772155146599715,"FETCH 50 IN ""query-cursor_52""",0,0,0,0,0,0,8,0.026975,0.00276,0.00506,0.003371875,0.0006937631868116094,400,0,0,0,0,0,0,0,0,0,0,0,0,0,0,0,0,0,0,0,0,0,0,0,0,0,0,0,0,0,2026-08-28 12:40:28.129919+00,2026-08-28 12:40:28.129919+00
10,16384,t,-5610004483964998683,"DECLARE ""query-cursor_168"" SCROLL CURSOR FOR select queryid, left(query, $1), calls, (total_plan_time + total_exec_time) as total_time from aurora_stat_statements($2) order by calls desc limit $3 FOR READ ONLY",0,0,0,0,0,0,1,0.06805,0.06805,0.06805,0.06805,0,0,0,0,0,0,0,0,0,0,0,0,0,0,0,0,0,0,0,0,0,0,0,0,0,0,0,0,0,0,0,2026-08-28 14:41:28.137234+00,2026-08-28 14:41:28.137234+00
16410,16412,t,602789226349111836,"SELECT RES_ENT_ID,LIB_FEAT_ID,FTYPE_ID,UTYPE_CODE,SUPPRESSED,OBS_ENT_CNT FROM RES_FEAT_EKEY WHERE RES_ENT_ID IN ($1) AND FTYPE_ID IN ($2,$3,$4,$5,$6,$7,$8,$9,$10)",0,0,0,0,0,0,16825,1246.0679559999971,0.014634000000000001,42.363552,0.07406050258543817,0.5939204415482338,278024,74938,0,0,0,0,0,0,0,0,0,0,0,0,0,0,0,0,0,0,0,0,0,0,0,0,0,0,0,0,2026-08-28 13:27:24.236154+00,2026-08-28 13:27:24.236154+00
16410,16412,t,5749669963902307944,"SELECT DSRC_ID,RECORD_ID,ENT_SRC_KEY FROM DSRC_RECORD WHERE (DSRC_ID,ENT_SRC_KEY) IN (($1,$2),($3,$4),($5,$6),($7,$8))",0,0,0,0,0,0,584,49.36815700000001,0.02436,15.752778,0.08453451541095892,0.6534258163086717,1944,9614,0,0,0,0,0,0,0,0,0,0,0,0,0,0,0,0,0,0,0,0,0,0,0,0,0,0,0,0,2026-08-28 13:28:56.595206+00,2026-08-28 13:28:56.595206+00
10,16384,t,8340338602815682188,"FETCH 50 IN ""query-cursor_133""",0,0,0,0,0,0,31,0.11970499999999999,0.002832,0.006332,0.0038614516129032257,0.0008852888298034815,1550,0,0,0,0,0,0,0,0,0,0,0,0,0,0,0,0,0,0,0,0,0,0,0,0,0,0,0,0,0,2026-08-28 14:06:28.139233+00,2026-08-28 14:06:28.139233+00
16410,16412,t,867376458033248002,"SELECT RES_ENT_ID,LIB_FEAT_ID,FTYPE_ID,UTYPE_CODE,SUPPRESSED,OBS_ENT_CNT FROM RES_FEAT_EKEY WHERE RES_ENT_ID IN ($1,$2,$3,$4,$5,$6,$7,$8,$9,$10,$11,$12,$13,$14,$15,$16) AND FTYPE_ID IN ($17,$18,$19,$20,$21,$22,$23,$24,$25,$26,$27,$28,$29,$30,$31,$32,$33,$34,$35)",0,0,0,0,0,0,586,3089.002166000006,0.22786599999999999,154.262428,5.271334754266222,11.426154829067174,2946925,62942,0,0,0,0,0,0,0,0,0,0,0,0,0,0,0,0,0,0,0,0,0,0,0,0,0,0,0,0,2026-08-28 13:27:23.433644+00,2026-08-28 13:27:23.433644+00
16410,16412,t,-6625740995478269215,"INSERT INTO RES_FEAT_EKEY(RES_ENT_ID,LIB_FEAT_ID,FTYPE_ID,UTYPE_CODE,SUPPRESSED,OBS_ENT_CNT) VALUES ($1,$2,$3,$4,$5,$6),($7,$8,$9,$10,$11,$12),($13,$14,$15,$16,$17,$18),($19,$20,$21,$22,$23,$24),($25,$26,$27,$28,$29,$30),($31,$32,$33,$34,$35,$36),($37,$38,$39,$40,$41,$42),($43,$44,$45,$46,$47,$48),($49,$50,$51,$52,$53,$54),($55,$56,$57,$58,$59,$60),($61,$62,$63,$64,$65,$66),($67,$68,$69,$70,$71,$72) ON CONFLICT DO NOTHING",0,0,0,0,0,0,2330728,10185946.49019775,0.122239,4179.674723,4.370285374439982,21.404149716004166,27968668,337195506,7,0,456853,0,0,0,0,0,0,0,20721.92327899996,0,0,0,0,0,0,0,0,0,0,0,0,0,0,0,0,0,2026-08-28 13:27:22.185739+00,2026-08-28 13:27:22.185739+00
16410,16412,t,-3439576889678045830,"UPDATE RES_RELATE AS T SET IS_DISCLOSED=C.IS_DISCLOSED,IS_AMBIGUOUS=C.IS_AMBIGUOUS,LAST_ERRULE_ID=C.LAST_ERRULE_ID,MATCH_KEY=C.MATCH_KEY,MATCH_KEY_DETAILS=C.MATCH_KEY_DETAILS,MATCH_LEVELS=C.MATCH_LEVELS FROM (VALUES (CAST ($1 AS BIGINT),CAST ($2 AS BIGINT),CAST ($3 AS BIGINT),CAST ($4 AS BIGINT),$5,$6,$7),(CAST ($8 AS BIGINT),CAST ($9 AS BIGINT),CAST ($10 AS BIGINT),CAST ($11 AS BIGINT),$12,$13,$14),(CAST ($15 AS BIGINT),CAST ($16 AS BIGINT),CAST ($17 AS BIGINT),CAST ($18 AS BIGINT),$19,$20,$21),(CAST ($22 AS BIGINT),CAST ($23 AS BIGINT),CAST ($24 AS BIGINT),CAST ($25 AS BIGINT),$26,$27,$28),(CAST ($29 AS BIGINT),CAST ($30 AS BIGINT),CAST ($31 AS BIGINT),CAST ($32 AS BIGINT),$33,$34,$35),(CAST ($36 AS BIGINT),CAST ($37 AS BIGINT),CAST ($38 AS BIGINT),CAST ($39 AS BIGINT),$40,$41,$42),(CAST ($43 AS BIGINT),CAST ($44 AS BIGINT),CAST ($45 AS BIGINT),CAST ($46 AS BIGINT),$47,$48,$49),(CAST ($50 AS BIGINT),CAST ($51 AS BIGINT),CAST ($52 AS BIGINT),CAST ($53 AS BIGINT),$54,$55,$56),(CAST ($57 AS BIGINT),CAST ($58 AS BIGINT),CAST ($59 AS BIGINT),CAST ($60 AS BIGINT),$61,$62,$63),(CAST ($64 AS BIGINT),CAST ($65 AS BIGINT),CAST ($66 AS BIGINT),CAST ($67 AS BIGINT),$68,$69,$70),(CAST ($71 AS BIGINT),CAST ($72 AS BIGINT),CAST ($73 AS BIGINT),CAST ($74 AS BIGINT),$75,$76,$77),(CAST ($78 AS BIGINT),CAST ($79 AS BIGINT),CAST ($80 AS BIGINT),CAST ($81 AS BIGINT),$82,$83,$84),(CAST ($85 AS BIGINT),CAST ($86 AS BIGINT),CAST ($87 AS BIGINT),CAST ($88 AS BIGINT),$89,$90,$91)) AS C(RES_REL_ID,IS_DISCLOSED,IS_AMBIGUOUS,LAST_ERRULE_ID,MATCH_KEY,MATCH_KEY_DETAILS,MATCH_LEVELS) WHERE C.RES_REL_ID=T.RES_REL_ID",0,0,0,0,0,0,75,254.85332699999998,0.137224,48.342607,3.3980443599999997,8.885202999786795,975,12694,0,0,90,0,0,0,0,0,0,0,13.017425999999999,0,0,0,0,0,0,0,0,0,0,0,0,0,0,0,0,0,2026-08-28 13:32:41.390445+00,2026-08-28 13:32:41.390445+00
16410,16412,t,-6061483510791473762,"INSERT INTO RES_FEAT_STAT(LIB_FEAT_ID,FTYPE_ID,NUM_RES_ENT,NUM_RES_ENT_OOM,CANDIDATE_CAP_REACHED,SCORING_CAP_REACHED) VALUES ($1,$2,$3,$4,$5,$6) ON CONFLICT DO NOTHING",0,0,0,0,0,0,3466,720.1130410000019,0.018945,33.715543000000004,0.20776487045585745,1.1429320253384672,3466,34170,0,0,12,0,0,0,0,0,0,0,0.117016,0,0,0,0,0,0,0,0,0,0,0,0,0,0,0,0,0,2026-08-28 13:36:35.614204+00,2026-08-28 13:36:35.614204+00
10,16384,t,-522971452095069331,"DECLARE ""query-cursor_43"" SCROLL CURSOR FOR select queryid, left(query, $1), calls, (total_plan_time + total_exec_time) as total_time from aurora_stat_statements($2) order by calls desc limit $3 FOR READ ONLY",0,0,0,0,0,0,1,0.06508,0.06508,0.06508,0.06508,0,0,0,0,0,0,0,0,0,0,0,0,0,0,0,0,0,0,0,0,0,0,0,0,0,0,0,0,0,0,0,2026-08-28 12:31:28.128166+00,2026-08-28 12:31:28.128166+00
10,16384,t,1795062516392539995,"FETCH 50 IN ""query-cursor_166""",0,0,0,0,0,0,35,0.16437700000000002,0.002808,0.024961,0.004696485714285715,0.003592601702478729,1750,0,0,0,0,0,0,0,0,0,0,0,0,0,0,0,0,0,0,0,0,0,0,0,0,0,0,0,0,0,2026-08-28 14:39:28.142184+00,2026-08-28 14:39:28.142184+00
10,16384,t,8351906899359533464,"FETCH 45 IN ""query-cursor_151""",0,0,0,0,0,0,1,0.006582,0.006582,0.006582,0.006582,0,45,0,0,0,0,0,0,0,0,0,0,0,0,0,0,0,0,0,0,0,0,0,0,0,0,0,0,0,0,0,2026-08-28 14:24:28.152107+00,2026-08-28 14:24:28.152107+00
10,16384,t,-5835799749842283633,"MOVE -1678 IN ""query-cursor_148""",0,0,0,0,0,0,1,0.031931,0.031931,0.031931,0.031931,0,0,0,0,0,0,0,0,0,0,0,0,0,0,0,0,0,0,0,0,0,0,0,0,0,0,0,0,0,0,0,2026-08-28 14:21:28.140463+00,2026-08-28 14:21:28.140463+00
10,16384,t,-7032889355519069429,"FETCH 50 IN ""query-cursor_99""",0,0,0,0,0,0,20,0.36295499999999997,0.010332,0.03243,0.018147749999999997,0.006463559057322831,1000,0,0,0,0,0,0,0,0,0,0,0,0,0,0,0,0,0,0,0,0,0,0,0,0,0,0,0,0,0,2026-08-28 13:27:28.407752+00,2026-08-28 13:27:28.407752+00
10,16384,t,3074961249831846211,"MOVE -1708 IN ""query-cursor_153""",0,0,0,0,0,0,1,0.032558,0.032558,0.032558,0.032558,0,0,0,0,0,0,0,0,0,0,0,0,0,0,0,0,0,0,0,0,0,0,0,0,0,0,0,0,0,0,0,2026-08-28 14:26:28.140929+00,2026-08-28 14:26:28.140929+00
10,16384,t,6715512767304570223,select count(distinct pid) as blocked_transactions from pg_locks where not granted,0,0,0,0,0,0,170,664.9369089999998,3.248377,49.859468,3.91139358235294,3.7076790458434963,170,3,0,0,0,0,0,0,0,0,0,0,0,0,0,0,0,0,0,0,0,0,0,0,0,0,0,0,0,0,2026-08-28 11:49:27.676386+00,2026-08-28 11:49:27.676386+00
10,16384,t,8655444699764127306,"DECLARE ""query-cursor_77"" SCROLL CURSOR FOR select queryid, left(query, $1), calls, (total_plan_time + total_exec_time) as total_time from aurora_stat_statements($2) order by calls desc limit $3 FOR READ ONLY",0,0,0,0,0,0,1,0.06397,0.06397,0.06397,0.06397,0,0,0,0,0,0,0,0,0,0,0,0,0,0,0,0,0,0,0,0,0,0,0,0,0,0,0,0,0,0,0,2026-08-28 13:05:28.130629+00,2026-08-28 13:05:28.130629+00
10,16384,t,163517582903885794,"SELECT viewname, md5(pg_get_viewdef($1 || viewname)::text) FROM pg_views WHERE schemaname = $2 ORDER BY viewname",0,0,0,0,0,0,17,270.23461399999997,9.227522,106.945836,15.89615376470588,22.844126038524397,1105,6230,63,0,0,0,0,0,0,0,0,80.104796,0,0,0,0,0,0,0,0,0,0,0,0,0,0,0,0,0,0,2026-08-28 11:57:09.266459+00,2026-08-28 11:57:09.266459+00
10,1,t,2103733769408878190,SELECT $1,0,0,0,0,0,0,3,0.013241000000000001,0.003617,0.005079,0.004413666666666667,0.0006040404695787271,3,0,0,0,0,0,0,0,0,0,0,0,0,0,0,0,0,0,0,0,0,0,0,0,0,0,0,0,0,0,2026-08-28 12:45:00.237893+00,2026-08-28 12:45:00.237893+00
10,16384,t,444003432437080368,"DECLARE ""query-cursor_76"" SCROLL CURSOR FOR select queryid, left(query, $1), calls, (total_plan_time + total_exec_time) as total_time from aurora_stat_statements($2) order by calls desc limit $3 FOR READ ONLY",0,0,0,0,0,0,1,0.068903,0.068903,0.068903,0.068903,0,0,0,0,0,0,0,0,0,0,0,0,0,0,0,0,0,0,0,0,0,0,0,0,0,0,0,0,0,0,0,2026-08-28 13:04:28.130549+00,2026-08-28 13:04:28.130549+00
16410,16412,t,-8580253655048637661,SELECT COUNT(*) FROM RES_ENT_OKEY,0,0,0,0,0,0,75,6286.570858,0.004801000000000001,401.70196699999997,83.82094477333334,78.26131572112187,75,374763,0,0,0,0,0,0,0,0,0,0,0,0,0,0,0,0,0,0,0,0,0,0,0,0,0,0,0,0,2026-08-28 13:27:22.099802+00,2026-08-28 13:27:22.099802+00
16410,16412,t,-7902104810314428316,"SELECT RES_ENT_ID,LIB_FEAT_ID,FTYPE_ID,UTYPE_CODE,SUPPRESSED,OBS_ENT_CNT FROM RES_FEAT_EKEY WHERE RES_ENT_ID IN ($1,$2,$3,$4,$5,$6,$7,$8,$9,$10,$11,$12,$13,$14,$15,$16,$17,$18,$19,$20,$21,$22,$23,$24,$25,$26,$27,$28,$29,$30,$31,$32) AND FTYPE_ID IN ($33,$34,$35,$36,$37,$38,$39,$40,$41,$42,$43,$44,$45,$46,$47,$48,$49,$50,$51,$52,$53,$54,$55,$56,$57,$58)",0,0,0,0,0,0,11,197.94976,8.898952,37.401669,17.99543272727273,8.841026192775043,303878,4192,0,0,0,0,0,0,0,0,0,0,0,0,0,0,0,0,0,0,0,0,0,0,0,0,0,0,0,0,2026-08-28 13:27:26.38713+00,2026-08-28 13:27:26.38713+00
10,16384,t,-5819826948341780224,"MOVE ALL IN ""query-cursor_22""",0,0,0,0,0,0,1,0.568586,0.568586,0.568586,0.568586,0,0,0,0,0,0,0,0,0,0,0,0,0,0,0,0,0,0,0,0,0,0,0,0,0,0,0,0,0,0,0,2026-08-28 12:10:28.127411+00,2026-08-28 12:10:28.127411+00
10,16384,t,1616699650370724610,"MOVE ALL IN ""query-cursor_135""",0,0,0,0,0,0,1,4.327496,4.327496,4.327496,4.327496,0,0,0,0,0,0,0,0,0,0,0,0,0,0,0,0,0,0,0,0,0,0,0,0,0,0,0,0,0,0,0,2026-08-28 14:08:28.139357+00,2026-08-28 14:08:28.139357+00
16410,16412,t,4888537386925509039,"INSERT INTO RES_FEAT_EKEY(RES_ENT_ID,LIB_FEAT_ID,FTYPE_ID,UTYPE_CODE,SUPPRESSED,OBS_ENT_CNT) VALUES ($1,$2,$3,$4,$5,$6),($7,$8,$9,$10,$11,$12),($13,$14,$15,$16,$17,$18),($19,$20,$21,$22,$23,$24),($25,$26,$27,$28,$29,$30),($31,$32,$33,$34,$35,$36),($37,$38,$39,$40,$41,$42),($43,$44,$45,$46,$47,$48),($49,$50,$51,$52,$53,$54) ON CONFLICT DO NOTHING",0,0,0,0,0,0,109121,487538.5077369988,0.10642299999999999,1691.789601,4.46787059994867,19.653516933447417,982089,12489793,0,0,15147,0,0,0,0,0,0,0,1177.4886119999949,0,0,0,0,0,0,0,0,0,0,0,0,0,0,0,0,0,2026-08-28 13:27:22.189165+00,2026-08-28 13:27:22.189165+00
16410,16412,t,-9221382328647298178,"CREATE TABLE LIB_FEAT (LIB_FEAT_ID BIGINT NOT NULL, FTYPE_ID SMALLINT NOT NULL, VERSION SMALLINT NOT NULL, FEAT_HASH VARCHAR(40) NOT NULL, FEAT_DESC VARCHAR(150), FELEM_VALUES TEXT NOT NULL, ANONYMIZED CHAR(1) NOT NULL, PRIMARY KEY(FEAT_HASH, FTYPE_ID, ANONYMIZED))",0,0,0,0,0,0,1,87.280844,87.280844,87.280844,87.280844,0,0,740,87,0,2,0,0,0,0,0,0,77.532181,0.008079,0,0,0,0,0,0,0,0,0,0,0,0,0,0,0,0,0,2026-08-28 11:51:27.841077+00,2026-08-28 11:51:27.841077+00
10,16384,t,-3174125509690438047,"FETCH 0 IN ""query-cursor_84""",0,0,0,0,0,0,1,0.003968,0.003968,0.003968,0.003968,0,0,0,0,0,0,0,0,0,0,0,0,0,0,0,0,0,0,0,0,0,0,0,0,0,0,0,0,0,0,0,2026-08-28 13:12:28.131125+00,2026-08-28 13:12:28.131125+00
10,16384,t,-9182421049693904156,"MOVE ALL IN ""query-cursor_74""",0,0,0,0,0,0,1,1.253979,1.253979,1.253979,1.253979,0,0,0,0,0,0,0,0,0,0,0,0,0,0,0,0,0,0,0,0,0,0,0,0,0,0,0,0,0,0,0,2026-08-28 13:02:28.131742+00,2026-08-28 13:02:28.131742+00
10,16384,t,-267663471117310495,"MOVE -672 IN ""query-cursor_87""",0,0,0,0,0,0,1,0.014322,0.014322,0.014322,0.014322,0,0,0,0,0,0,0,0,0,0,0,0,0,0,0,0,0,0,0,0,0,0,0,0,0,0,0,0,0,0,0,2026-08-28 13:15:28.132793+00,2026-08-28 13:15:28.132793+00
10,16384,t,-1546639698008256299,"FETCH 50 IN ""query-cursor_161""",0,0,0,0,0,0,35,0.14152799999999996,0.002818,0.00637,0.004043657142857142,0.0009910374345778743,1750,0,0,0,0,0,0,0,0,0,0,0,0,0,0,0,0,0,0,0,0,0,0,0,0,0,0,0,0,0,2026-08-28 14:34:28.141583+00,2026-08-28 14:34:28.141583+00
10,16384,t,-9047513963387802262,"FETCH 25 IN ""query-cursor_96""",0,0,0,0,0,0,1,0.002211,0.002211,0.002211,0.002211,0,25,0,0,0,0,0,0,0,0,0,0,0,0,0,0,0,0,0,0,0,0,0,0,0,0,0,0,0,0,0,2026-08-28 13:24:28.136135+00,2026-08-28 13:24:28.136135+00
16410,16412,t,3259346599467867784,"SELECT LIB_FEAT_ID,FEAT_DESC,FTYPE_ID,ANONYMIZED,FEAT_HASH,VERSION,FELEM_VALUES FROM LIB_FEAT WHERE (FEAT_HASH,FTYPE_ID) IN (($1,$2),($3,$4),($5,$6),($7,$8))",0,0,0,0,0,0,362978,39328.56035699967,0.005851,66.274056,0.1083497081283154,0.49511320483275295,552195,6287955,0,0,0,0,0,0,0,0,0,0,0,0,0,0,0,0,0,0,0,0,0,0,0,0,0,0,0,0,2026-08-28 13:27:22.068719+00,2026-08-28 13:27:22.068719+00
16410,16412,t,5557684501670008027,BEGIN,0,0,0,0,0,0,2607,9.654964000000014,0.00097,0.035961,0.0037034767932489503,0.0032309311004910727,0,0,0,0,0,0,0,0,0,0,0,0,0,0,0,0,0,0,0,0,0,0,0,0,0,0,0,0,0,0,2026-08-28 13:27:22.097497+00,2026-08-28 13:27:22.097497+00
16410,16412,t,-7163447121512111627,"SELECT RES_ENT_ID,LIB_FEAT_ID,FTYPE_ID,UTYPE_CODE,SUPPRESSED,OBS_ENT_CNT FROM RES_FEAT_EKEY WHERE RES_ENT_ID IN ($1,$2) AND FTYPE_ID IN ($3,$4,$5,$6,$7,$8,$9,$10,$11)",0,0,0,0,0,0,10459,1323.7442750000039,0.030586000000000002,28.441048,0.1265650898747494,0.6836934760343671,336690,92556,0,0,0,0,0,0,0,0,0,0,0,0,0,0,0,0,0,0,0,0,0,0,0,0,0,0,0,0,2026-08-28 13:27:42.420858+00,2026-08-28 13:27:42.420858+00
10,16384,t,-8996622484039211534,"FETCH 50 IN ""query-cursor_111""",0,0,0,0,0,0,28,0.200442,0.004167,0.01118,0.007158642857142857,0.0019046736168526859,1400,0,0,0,0,0,0,0,0,0,0,0,0,0,0,0,0,0,0,0,0,0,0,0,0,0,0,0,0,0,2026-08-28 13:44:28.139046+00,2026-08-28 13:44:28.139046+00
10,16384,t,396359058459983977,"MOVE ALL IN ""query-cursor_69""",0,0,0,0,0,0,1,1.194897,1.194897,1.194897,1.194897,0,0,0,0,0,0,0,0,0,0,0,0,0,0,0,0,0,0,0,0,0,0,0,0,0,0,0,0,0,0,0,2026-08-28 12:57:28.131286+00,2026-08-28 12:57:28.131286+00
10,16384,t,675590828784868072,"FETCH 50 IN ""query-cursor_165""",0,0,0,0,0,0,35,0.16159900000000002,0.003007,0.008168,0.004617114285714287,0.0012619016210562888,1750,0,0,0,0,0,0,0,0,0,0,0,0,0,0,0,0,0,0,0,0,0,0,0,0,0,0,0,0,0,2026-08-28 14:38:28.142037+00,2026-08-28 14:38:28.142037+00
10,16384,t,-67972836708193920,"MOVE -1606 IN ""query-cursor_136""",0,0,0,0,0,0,1,0.030565,0.030565,0.030565,0.030565,0,0,0,0,0,0,0,0,0,0,0,0,0,0,0,0,0,0,0,0,0,0,0,0,0,0,0,0,0,0,0,2026-08-28 14:09:28.139358+00,2026-08-28 14:09:28.139358+00
10,16384,t,-5232509561126404853,"FETCH 50 IN ""query-cursor_72""",0,0,0,0,0,0,11,0.04923999999999999,0.002813,0.015902,0.004476363636363636,0.003692899901967343,550,0,0,0,0,0,0,0,0,0,0,0,0,0,0,0,0,0,0,0,0,0,0,0,0,0,0,0,0,0,2026-08-28 13:00:28.131706+00,2026-08-28 13:00:28.131706+00
16410,16412,t,3476429785629243894,"INSERT INTO LIB_FEAT(LIB_FEAT_ID,FTYPE_ID,FEAT_HASH,FEAT_DESC,FELEM_VALUES,ANONYMIZED,VERSION) VALUES ($1,$2,$3,$4,$5,$6,$7),($8,$9,$10,$11,$12,$13,$14),($15,$16,$17,$18,$19,$20,$21),($22,$23,$24,$25,$26,$27,$28),($29,$30,$31,$32,$33,$34,$35),($36,$37,$38,$39,$40,$41,$42) ON CONFLICT(FTYPE_ID,FEAT_HASH,ANONYMIZED) DO UPDATE SET FTYPE_ID=LIB_FEAT.FTYPE_ID,FEAT_HASH=LIB_FEAT.FEAT_HASH,ANONYMIZED=LIB_FEAT.ANONYMIZED RETURNING LIB_FEAT_ID,FTYPE_ID,FEAT_HASH,ANONYMIZED,FEAT_DESC",0,0,0,0,0,0,118466,1216581.325156001,0.142584,1081.516108,10.2694555835092,33.30735581780788,710796,10908359,0,0,92260,0,0,0,0,0,0,0,2124.1129100000085,0,0,0,0,0,0,0,0,0,0,0,0,0,0,0,0,0,2026-08-28 13:27:22.201815+00,2026-08-28 13:27:22.201815+00
10,16384,t,-5759200098334935571,"FETCH 50 IN ""query-cursor_136""",0,0,0,0,0,0,32,0.129217,0.002947,0.006346,0.00403803125,0.0010317485911177382,1600,0,0,0,0,0,0,0,0,0,0,0,0,0,0,0,0,0,0,0,0,0,0,0,0,0,0,0,0,0,2026-08-28 14:09:28.139396+00,2026-08-28 14:09:28.139396+00
16410,16412,t,-9109224801956861979,"UPDATE RES_RELATE AS T SET IS_DISCLOSED=C.IS_DISCLOSED,IS_AMBIGUOUS=C.IS_AMBIGUOUS,LAST_ERRULE_ID=C.LAST_ERRULE_ID,MATCH_KEY=C.MATCH_KEY,MATCH_KEY_DETAILS=C.MATCH_KEY_DETAILS,MATCH_LEVELS=C.MATCH_LEVELS FROM (VALUES (CAST ($1 AS BIGINT),CAST ($2 AS BIGINT),CAST ($3 AS BIGINT),CAST ($4 AS BIGINT),$5,$6,$7),(CAST ($8 AS BIGINT),CAST ($9 AS BIGINT),CAST ($10 AS BIGINT),CAST ($11 AS BIGINT),$12,$13,$14),(CAST ($15 AS BIGINT),CAST ($16 AS BIGINT),CAST ($17 AS BIGINT),CAST ($18 AS BIGINT),$19,$20,$21),(CAST ($22 AS BIGINT),CAST ($23 AS BIGINT),CAST ($24 AS BIGINT),CAST ($25 AS BIGINT),$26,$27,$28),(CAST ($29 AS BIGINT),CAST ($30 AS BIGINT),CAST ($31 AS BIGINT),CAST ($32 AS BIGINT),$33,$34,$35)) AS C(RES_REL_ID,IS_DISCLOSED,IS_AMBIGUOUS,LAST_ERRULE_ID,MATCH_KEY,MATCH_KEY_DETAILS,MATCH_LEVELS) WHERE C.RES_REL_ID=T.RES_REL_ID",0,0,0,0,0,0,1155,1393.4913209999984,0.066369,27.719120999999998,1.2064859922077908,3.844553285664318,5775,65952,0,0,420,0,0,0,0,0,0,0,36.490478999999986,0,0,0,0,0,0,0,0,0,0,0,0,0,0,0,0,0,2026-08-28 13:27:51.003952+00,2026-08-28 13:27:51.003952+00
10,16384,t,6248639347350683123,"MOVE ALL IN ""query-cursor_164""",0,0,0,0,0,0,1,4.870573,4.870573,4.870573,4.870573,0,0,0,0,0,0,0,0,0,0,0,0,0,0,0,0,0,0,0,0,0,0,0,0,0,0,0,0,0,0,0,2026-08-28 14:37:28.141772+00,2026-08-28 14:37:28.141772+00
16410,16412,t,-2322016965831072824,"SELECT LIB_FEAT_ID,FEAT_DESC,FTYPE_ID,ANONYMIZED,FEAT_HASH,VERSION,FELEM_VALUES FROM LIB_FEAT WHERE (FEAT_HASH,FTYPE_ID) IN (($1,$2),($3,$4),($5,$6),($7,$8),($9,$10),($11,$12),($13,$14),($15,$16),($17,$18),($19,$20),($21,$22),($23,$24),($25,$26),($27,$28),($29,$30),($31,$32))",0,0,0,0,0,0,687688,278010.97056099685,0.012211,152.213155,0.40426904433550803,1.3469769269244782,3999127,48311345,0,0,0,0,0,0,0,0,0,0,0,0,0,0,0,0,0,0,0,0,0,0,0,0,0,0,0,0,2026-08-28 13:27:22.066511+00,2026-08-28 13:27:22.066511+00
10,16384,t,-7247546679861143996,"FETCH 12 IN ""query-cursor_3""",0,0,0,0,0,0,1,0.002439,0.002439,0.002439,0.002439,0,12,0,0,0,0,0,0,0,0,0,0,0,0,0,0,0,0,0,0,0,0,0,0,0,0,0,0,0,0,0,2026-08-28 11:51:28.126383+00,2026-08-28 11:51:28.126383+00
16410,16412,t,3124610481908705070,"SELECT RES_ENT_ID,LIB_FEAT_ID,FTYPE_ID,UTYPE_CODE,SUPPRESSED,OBS_ENT_CNT FROM RES_FEAT_EKEY WHERE RES_ENT_ID IN ($1,$2,$3,$4) AND FTYPE_ID IN ($5,$6,$7,$8,$9,$10,$11,$12,$13,$14,$15,$16)",0,0,0,0,0,0,8580,3768.3484900000035,0.039966999999999996,73.205883,0.43920145571095615,2.127004694474152,2013828,154647,0,0,0,0,0,0,0,0,0,0,0,0,0,0,0,0,0,0,0,0,0,0,0,0,0,0,0,0,2026-08-28 13:27:23.420416+00,2026-08-28 13:27:23.420416+00
16410,16412,t,-5788571373128452192,"UPDATE RES_FEAT_EKEY AS T SET SUPPRESSED = C.SUPPRESSED FROM (VALUES (CAST ($1 AS BIGINT),CAST ($2 AS BIGINT),$3,$4),(CAST ($5 AS BIGINT),CAST ($6 AS BIGINT),$7,$8),(CAST ($9 AS BIGINT),CAST ($10 AS BIGINT),$11,$12),(CAST ($13 AS BIGINT),CAST ($14 AS BIGINT),$15,$16),(CAST ($17 AS BIGINT),CAST ($18 AS BIGINT),$19,$20),(CAST ($21 AS BIGINT),CAST ($22 AS BIGINT),$23,$24),(CAST ($25 AS BIGINT),CAST ($26 AS BIGINT),$27,$28),(CAST ($29 AS BIGINT),CAST ($30 AS BIGINT),$31,$32),(CAST ($33 AS BIGINT),CAST ($34 AS BIGINT),$35,$36),(CAST ($37 AS BIGINT),CAST ($38 AS BIGINT),$39,$40),(CAST ($41 AS BIGINT),CAST ($42 AS BIGINT),$43,$44),(CAST ($45 AS BIGINT),CAST ($46 AS BIGINT),$47,$48),(CAST ($49 AS BIGINT),CAST ($50 AS BIGINT),$51,$52),(CAST ($53 AS BIGINT),CAST ($54 AS BIGINT),$55,$56),(CAST ($57 AS BIGINT),CAST ($58 AS BIGINT),$59,$60),(CAST ($61 AS BIGINT),CAST ($62 AS BIGINT),$63,$64),(CAST ($65 AS BIGINT),CAST ($66 AS BIGINT),$67,$68),(CAST ($69 AS BIGINT),CAST ($70 AS BIGINT),$71,$72)) AS C(RES_ENT_ID,LIB_FEAT_ID,UTYPE_CODE,SUPPRESSED) WHERE C.RES_ENT_ID=T.RES_ENT_ID AND C.LIB_FEAT_ID=T.LIB_FEAT_ID AND C.UTYPE_CODE=T.UTYPE_CODE",0,0,0,0,0,0,29,136.39561899999998,0.170429,41.689832,4.7032972068965515,9.258745135138842,522,6149,0,0,3,0,0,0,0,0,0,0,0.024306,0,0,0,0,0,0,0,0,0,0,0,0,0,0,0,0,0,2026-08-28 13:27:56.202064+00,2026-08-28 13:27:56.202064+00
10,16384,t,-678213739664278122,"MOVE ALL IN ""query-cursor_43""",0,0,0,0,0,0,1,0.787767,0.787767,0.787767,0.787767,0,0,0,0,0,0,0,0,0,0,0,0,0,0,0,0,0,0,0,0,0,0,0,0,0,0,0,0,0,0,0,2026-08-28 12:31:28.129073+00,2026-08-28 12:31:28.129073+00
10,16384,t,-6187268101934265704,"FETCH 50 IN ""query-cursor_9""",0,0,0,0,0,0,3,0.01643,0.002934,0.010185,0.005476666666666667,0.0033328500649677526,150,0,0,0,0,0,0,0,0,0,0,0,0,0,0,0,0,0,0,0,0,0,0,0,0,0,0,0,0,0,2026-08-28 11:57:28.126403+00,2026-08-28 11:57:28.126403+00
10,16384,t,1329412739268078592,"DECLARE ""query-cursor_111"" SCROLL CURSOR FOR select queryid, left(query, $1), calls, (total_plan_time + total_exec_time) as total_time from aurora_stat_statements($2) order by calls desc limit $3 FOR READ ONLY",0,0,0,0,0,0,1,0.064314,0.064314,0.064314,0.064314,0,0,0,0,0,0,0,0,0,0,0,0,0,0,0,0,0,0,0,0,0,0,0,0,0,0,0,0,0,0,0,2026-08-28 13:44:28.133351+00,2026-08-28 13:44:28.133351+00
10,16384,t,-265754482407871379,"FETCH 6 IN ""query-cursor_169""",0,0,0,0,0,0,1,0.001636,0.001636,0.001636,0.001636,0,6,0,0,0,0,0,0,0,0,0,0,0,0,0,0,0,0,0,0,0,0,0,0,0,0,0,0,0,0,0,2026-08-28 14:42:28.15393+00,2026-08-28 14:42:28.15393+00
16410,16412,t,-7361650111426746321,DELETE FROM RES_ENT WHERE RES_ENT_ID IN ($1),0,0,0,0,0,0,4781,1106.5882229999972,0.011702,140.89744000000002,0.23145539071323934,2.3143356983330934,4781,27982,0,0,0,0,0,0,0,0,0,0,0,0,0,0,0,0,0,0,0,0,0,0,0,0,0,0,0,0,2026-08-28 13:27:31.573998+00,2026-08-28 13:27:31.573998+00
10,16384,t,8886569308969711255,"select coalesce(greatest((select max(nullif(age(feedback_xmin::text::xid),$1)) as oldest_reader_feedback_xid_age from aurora_replica_status() ), (select max(nullif(age(feedback_xmin::text::xid),$2)) as oldest_globaldb_reader_feedback_xid_age from aurora_global_db_status()) ),$3) as oldest_reader_feedback_xid_age",0,0,0,0,0,0,170,3.4394290000000005,0.017634,0.044786,0.02023193529411765,0.003221033500828608,170,0,0,0,0,0,0,0,0,0,0,0,0,0,0,0,0,0,0,0,0,0,0,0,0,0,0,0,0,0,2026-08-28 11:49:27.690481+00,2026-08-28 11:49:27.690481+00
10,16384,t,8743362861520162582,"MOVE ALL IN ""query-cursor_25""",0,0,0,0,0,0,1,0.557554,0.557554,0.557554,0.557554,0,0,0,0,0,0,0,0,0,0,0,0,0,0,0,0,0,0,0,0,0,0,0,0,0,0,0,0,0,0,0,2026-08-28 12:13:28.12761+00,2026-08-28 12:13:28.12761+00
16410,16412,t,-8895857438747939378,"SELECT name, setting FROM pg_settings
WHERE name IN ($1,$2,$3,
               $4,$5)
ORDER BY name",0,0,0,0,0,0,1,1.278838,1.278838,1.278838,1.278838,0,5,4,0,0,0,0,0,0,0,0,0,0,0,0,0,0,0,0,0,0,0,0,0,0,0,0,0,0,0,0,2026-08-28 13:26:32.371918+00,2026-08-28 13:26:32.371918+00
10,16384,t,-4395482768090880934,SET statement_timeout=$1,0,0,0,0,0,0,11051,30.726581999999965,0.001035,0.048634,0.002780434530811688,0.0028426586010817613,0,2,0,0,0,0,0,0,0,0,0,0,0,0,0,0,0,0,0,0,0,0,0,0,0,0,0,0,0,0,2026-08-28 11:49:27.497732+00,2026-08-28 11:49:27.497732+00
10,16384,t,1284235755995090845,"DECLARE ""query-cursor_97"" SCROLL CURSOR FOR select queryid, left(query, $1), calls, (total_plan_time + total_exec_time) as total_time from aurora_stat_statements($2) order by calls desc limit $3 FOR READ ONLY",0,0,0,0,0,0,1,0.049789,0.049789,0.049789,0.049789,0,0,0,0,0,0,0,0,0,0,0,0,0,0,0,0,0,0,0,0,0,0,0,0,0,0,0,0,0,0,0,2026-08-28 13:25:28.131943+00,2026-08-28 13:25:28.131943+00
16410,16412,t,-8234124169179915778,"UPDATE RES_FEAT_EKEY AS T SET SUPPRESSED=C.SUPPRESSED,OBS_ENT_CNT=C.OBS_ENT_CNT FROM (VALUES (CAST ($1 AS BIGINT),CAST ($2 AS BIGINT),$3,$4,CAST ($5 AS BIGINT)),(CAST ($6 AS BIGINT),CAST ($7 AS BIGINT),$8,$9,CAST ($10 AS BIGINT)),(CAST ($11 AS BIGINT),CAST ($12 AS BIGINT),$13,$14,CAST ($15 AS BIGINT)),(CAST ($16 AS BIGINT),CAST ($17 AS BIGINT),$18,$19,CAST ($20 AS BIGINT)),(CAST ($21 AS BIGINT),CAST ($22 AS BIGINT),$23,$24,CAST ($25 AS BIGINT)),(CAST ($26 AS BIGINT),CAST ($27 AS BIGINT),$28,$29,CAST ($30 AS BIGINT)),(CAST ($31 AS BIGINT),CAST ($32 AS BIGINT),$33,$34,CAST ($35 AS BIGINT)),(CAST ($36 AS BIGINT),CAST ($37 AS BIGINT),$38,$39,CAST ($40 AS BIGINT)),(CAST ($41 AS BIGINT),CAST ($42 AS BIGINT),$43,$44,CAST ($45 AS BIGINT)),(CAST ($46 AS BIGINT),CAST ($47 AS BIGINT),$48,$49,CAST ($50 AS BIGINT)),(CAST ($51 AS BIGINT),CAST ($52 AS BIGINT),$53,$54,CAST ($55 AS BIGINT))) AS C(RES_ENT_ID,LIB_FEAT_ID,UTYPE_CODE,SUPPRESSED,OBS_ENT_CNT) WHERE C.RES_ENT_ID=T.RES_ENT_ID AND C.LIB_FEAT_ID=T.LIB_FEAT_ID AND C.UTYPE_CODE=T.UTYPE_CODE",0,0,0,0,0,0,731,2358.6617900000015,0.11993999999999999,71.005364,3.2266235157318763,9.433498844276716,8041,99238,0,0,13,0,0,0,0,0,0,0,2.286546,0,0,0,0,0,0,0,0,0,0,0,0,0,0,0,0,0,2026-08-28 13:28:10.910836+00,2026-08-28 13:28:10.910836+00
10,16384,t,-7165315245119151496,"MOVE -1738 IN ""query-cursor_158""",0,0,0,0,0,0,1,0.032666,0.032666,0.032666,0.032666,0,0,0,0,0,0,0,0,0,0,0,0,0,0,0,0,0,0,0,0,0,0,0,0,0,0,0,0,0,0,0,2026-08-28 14:31:28.141275+00,2026-08-28 14:31:28.141275+00
10,16384,t,3059918235774300950,"DECLARE ""query-cursor_110"" SCROLL CURSOR FOR select queryid, left(query, $1), calls, (total_plan_time + total_exec_time) as total_time from aurora_stat_statements($2) order by calls desc limit $3 FOR READ ONLY",0,0,0,0,0,0,1,0.090941,0.090941,0.090941,0.090941,0,0,0,0,0,0,0,0,0,0,0,0,0,0,0,0,0,0,0,0,0,0,0,0,0,0,0,0,0,0,0,2026-08-28 13:42:28.133342+00,2026-08-28 13:42:28.133342+00
16410,16412,t,-6085522222769640503,"UPDATE RES_FEAT_EKEY AS T SET SUPPRESSED=C.SUPPRESSED,OBS_ENT_CNT=C.OBS_ENT_CNT FROM (VALUES (CAST ($1 AS BIGINT),CAST ($2 AS BIGINT),$3,$4,CAST ($5 AS BIGINT)),(CAST ($6 AS BIGINT),CAST ($7 AS BIGINT),$8,$9,CAST ($10 AS BIGINT)),(CAST ($11 AS BIGINT),CAST ($12 AS BIGINT),$13,$14,CAST ($15 AS BIGINT)),(CAST ($16 AS BIGINT),CAST ($17 AS BIGINT),$18,$19,CAST ($20 AS BIGINT)),(CAST ($21 AS BIGINT),CAST ($22 AS BIGINT),$23,$24,CAST ($25 AS BIGINT)),(CAST ($26 AS BIGINT),CAST ($27 AS BIGINT),$28,$29,CAST ($30 AS BIGINT)),(CAST ($31 AS BIGINT),CAST ($32 AS BIGINT),$33,$34,CAST ($35 AS BIGINT)),(CAST ($36 AS BIGINT),CAST ($37 AS BIGINT),$38,$39,CAST ($40 AS BIGINT)),(CAST ($41 AS BIGINT),CAST ($42 AS BIGINT),$43,$44,CAST ($45 AS BIGINT)),(CAST ($46 AS BIGINT),CAST ($47 AS BIGINT),$48,$49,CAST ($50 AS BIGINT)),(CAST ($51 AS BIGINT),CAST ($52 AS BIGINT),$53,$54,CAST ($55 AS BIGINT)),(CAST ($56 AS BIGINT),CAST ($57 AS BIGINT),$58,$59,CAST ($60 AS BIGINT)),(CAST ($61 AS BIGINT),CAST ($62 AS BIGINT),$63,$64,CAST ($65 AS BIGINT)),(CAST ($66 AS BIGINT),CAST ($67 AS BIGINT),$68,$69,CAST ($70 AS BIGINT)),(CAST ($71 AS BIGINT),CAST ($72 AS BIGINT),$73,$74,CAST ($75 AS BIGINT)),(CAST ($76 AS BIGINT),CAST ($77 AS BIGINT),$78,$79,CAST ($80 AS BIGINT)),(CAST ($81 AS BIGINT),CAST ($82 AS BIGINT),$83,$84,CAST ($85 AS BIGINT)),(CAST ($86 AS BIGINT),CAST ($87 AS BIGINT),$88,$89,CAST ($90 AS BIGINT)),(CAST ($91 AS BIGINT),CAST ($92 AS BIGINT),$93,$94,CAST ($95 AS BIGINT))) AS C(RES_ENT_ID,LIB_FEAT_ID,UTYPE_CODE,SUPPRESSED,OBS_ENT_CNT) WHERE C.RES_ENT_ID=T.RES_ENT_ID AND C.LIB_FEAT_ID=T.LIB_FEAT_ID AND C.UTYPE_CODE=T.UTYPE_CODE",0,0,0,0,0,0,84,740.402599,0.23167000000000001,105.621767,8.814316654761905,21.373906613038592,1596,25811,0,0,6,0,0,0,0,0,0,0,0.031907,0,0,0,0,0,0,0,0,0,0,0,0,0,0,0,0,0,2026-08-28 13:28:12.402732+00,2026-08-28 13:28:12.402732+00
10,16384,t,-1545629069506339733,"MOVE ALL IN ""query-cursor_12""",0,0,0,0,0,0,1,0.433268,0.433268,0.433268,0.433268,0,0,0,0,0,0,0,0,0,0,0,0,0,0,0,0,0,0,0,0,0,0,0,0,0,0,0,0,0,0,0,2026-08-28 12:00:28.12656+00,2026-08-28 12:00:28.12656+00
16410,16412,t,5181256840980534082,"INSERT INTO RES_REL_EKEY(RES_REL_ID,RES_ENT_ID,REL_ENT_ID) VALUES ($1,$2,$3),($4,$5,$6),($7,$8,$9),($10,$11,$12),($13,$14,$15),($16,$17,$18),($19,$20,$21),($22,$23,$24),($25,$26,$27) ON CONFLICT DO NOTHING",0,0,0,0,0,0,141,364.2600019999999,0.10124999999999999,33.184232,2.583404269503545,6.970403745223457,1269,10153,0,0,10,0,0,0,0,0,0,0,0.079291,0,0,0,0,0,0,0,0,0,0,0,0,0,0,0,0,0,2026-08-28 13:30:56.115375+00,2026-08-28 13:30:56.115375+00
16410,16412,t,-5116841175057705024,DELETE FROM RES_FEAT_EKEY WHERE ((RES_ENT_ID=$1 AND LIB_FEAT_ID=$2 AND UTYPE_CODE=$3)OR(RES_ENT_ID=$4 AND LIB_FEAT_ID=$5 AND UTYPE_CODE=$6)OR(RES_ENT_ID=$7 AND LIB_FEAT_ID=$8 AND UTYPE_CODE=$9)OR(RES_ENT_ID=$10 AND LIB_FEAT_ID=$11 AND UTYPE_CODE=$12)OR(RES_ENT_ID=$13 AND LIB_FEAT_ID=$14 AND UTYPE_CODE=$15)OR(RES_ENT_ID=$16 AND LIB_FEAT_ID=$17 AND UTYPE_CODE=$18)OR(RES_ENT_ID=$19 AND LIB_FEAT_ID=$20 AND UTYPE_CODE=$21)OR(RES_ENT_ID=$22 AND LIB_FEAT_ID=$23 AND UTYPE_CODE=$24)OR(RES_ENT_ID=$25 AND LIB_FEAT_ID=$26 AND UTYPE_CODE=$27)OR(RES_ENT_ID=$28 AND LIB_FEAT_ID=$29 AND UTYPE_CODE=$30)OR(RES_ENT_ID=$31 AND LIB_FEAT_ID=$32 AND UTYPE_CODE=$33)OR(RES_ENT_ID=$34 AND LIB_FEAT_ID=$35 AND UTYPE_CODE=$36)),0,0,0,0,0,0,1547,2449.059778999996,0.059528000000000005,60.635296999999994,1.5831026367162224,5.335489893669293,18564,94439,0,0,0,0,0,0,0,0,0,0,0,0,0,0,0,0,0,0,0,0,0,0,0,0,0,0,0,0,2026-08-28 13:28:02.59364+00,2026-08-28 13:28:02.59364+00
10,16384,t,-6422609856598346592,"MOVE -458 IN ""query-cursor_55""",0,0,0,0,0,0,1,0.010429,0.010429,0.010429,0.010429,0,0,0,0,0,0,0,0,0,0,0,0,0,0,0,0,0,0,0,0,0,0,0,0,0,0,0,0,0,0,0,2026-08-28 12:43:28.130144+00,2026-08-28 12:43:28.130144+00
16410,16412,t,2831336429763433927,"SELECT RES_ENT_ID,LIB_FEAT_ID,FTYPE_ID,UTYPE_CODE,SUPPRESSED,OBS_ENT_CNT FROM RES_FEAT_EKEY WHERE RES_ENT_ID IN ($1,$2) AND FTYPE_ID IN ($3,$4,$5,$6,$7,$8,$9,$10,$11,$12,$13,$14,$15,$16,$17,$18,$19,$20)",0,0,0,0,0,0,459,139.32488400000017,0.032288,5.401288,0.3035400522875821,0.5053196516162346,157762,5584,0,0,0,0,0,0,0,0,0,0,0,0,0,0,0,0,0,0,0,0,0,0,0,0,0,0,0,0,2026-08-28 13:27:23.286523+00,2026-08-28 13:27:23.286523+00
10,16384,t,3832496934913173141,"FETCH 15 IN ""query-cursor_48""",0,0,0,0,0,0,1,0.001878,0.001878,0.001878,0.001878,0,15,0,0,0,0,0,0,0,0,0,0,0,0,0,0,0,0,0,0,0,0,0,0,0,0,0,0,0,0,0,2026-08-28 12:36:28.131025+00,2026-08-28 12:36:28.131025+00
10,16384,t,1576494852379395548,"MOVE -611 IN ""query-cursor_77""",0,0,0,0,0,0,1,0.013441,0.013441,0.013441,0.013441,0,0,0,0,0,0,0,0,0,0,0,0,0,0,0,0,0,0,0,0,0,0,0,0,0,0,0,0,0,0,0,2026-08-28 13:05:28.132003+00,2026-08-28 13:05:28.132003+00
10,16384,t,6808292966233436584,"MOVE ALL IN ""query-cursor_41""",0,0,0,0,0,0,1,0.773746,0.773746,0.773746,0.773746,0,0,0,0,0,0,0,0,0,0,0,0,0,0,0,0,0,0,0,0,0,0,0,0,0,0,0,0,0,0,0,2026-08-28 12:29:28.128918+00,2026-08-28 12:29:28.128918+00
10,16384,t,-8705652713256941589,"MOVE -532 IN ""query-cursor_64""",0,0,0,0,0,0,1,0.012722,0.012722,0.012722,0.012722,0,0,0,0,0,0,0,0,0,0,0,0,0,0,0,0,0,0,0,0,0,0,0,0,0,0,0,0,0,0,0,2026-08-28 12:52:28.131036+00,2026-08-28 12:52:28.131036+00
10,16384,t,2876793106364303695,"MOVE -556 IN ""query-cursor_68""",0,0,0,0,0,0,1,0.012429,0.012429,0.012429,0.012429,0,0,0,0,0,0,0,0,0,0,0,0,0,0,0,0,0,0,0,0,0,0,0,0,0,0,0,0,0,0,0,2026-08-28 12:56:28.131309+00,2026-08-28 12:56:28.131309+00
10,16384,t,-8627916694092585240,"MOVE ALL IN ""query-cursor_123""",0,0,0,0,0,0,1,4.174809,4.174809,4.174809,4.174809,0,0,0,0,0,0,0,0,0,0,0,0,0,0,0,0,0,0,0,0,0,0,0,0,0,0,0,0,0,0,0,2026-08-28 13:56:28.13831+00,2026-08-28 13:56:28.13831+00
10,16384,t,4042076574263423037,"FETCH 9 IN ""query-cursor_120""",0,0,0,0,0,0,1,0.001827,0.001827,0.001827,0.001827,0,9,0,0,0,0,0,0,0,0,0,0,0,0,0,0,0,0,0,0,0,0,0,0,0,0,0,0,0,0,0,2026-08-28 13:53:28.148717+00,2026-08-28 13:53:28.148717+00
10,16412,t,-1342905154215104636,"SELECT E.NAME, X.EXTVERSION, X.EXTVERSION=E.DEFAULT_VERSION IS_DEFAULT_VERSION
FROM PG_CATALOG.PG_AVAILABLE_EXTENSIONS() E INNER JOIN PG_EXTENSION X ON (E.NAME=X.EXTNAME)",0,0,0,0,0,0,1,55.735018,55.735018,55.735018,55.735018,0,2,2,0,0,0,0,0,0,0,0,0,0,0,0,0,0,0,0,0,0,0,0,0,0,0,0,0,0,0,0,2026-08-28 12:45:00.393658+00,2026-08-28 12:45:00.393658+00
16410,16412,t,707288396994940190,"SELECT RES_ENT_ID,LIB_FEAT_ID,FTYPE_ID,UTYPE_CODE,SUPPRESSED,OBS_ENT_CNT FROM RES_FEAT_EKEY WHERE RES_ENT_ID IN ($1,$2,$3,$4,$5,$6,$7,$8) AND FTYPE_ID IN ($9,$10,$11,$12,$13,$14,$15,$16)",0,0,0,0,0,0,17861,7881.4566679999925,0.053264,61.58585,0.4412662598958621,1.9453393918453485,1447303,480443,0,0,0,0,0,0,0,0,0,0,0,0,0,0,0,0,0,0,0,0,0,0,0,0,0,0,0,0,2026-08-28 13:27:26.207732+00,2026-08-28 13:27:26.207732+00
10,16384,t,-1205989322724195192,"MOVE -1516 IN ""query-cursor_121""",0,0,0,0,0,0,1,0.029456,0.029456,0.029456,0.029456,0,0,0,0,0,0,0,0,0,0,0,0,0,0,0,0,0,0,0,0,0,0,0,0,0,0,0,0,0,0,0,2026-08-28 13:54:28.138455+00,2026-08-28 13:54:28.138455+00
10,16384,t,4872841233031067991,"MOVE ALL IN ""query-cursor_128""",0,0,0,0,0,0,1,4.331747,4.331747,4.331747,4.331747,0,0,0,0,0,0,0,0,0,0,0,0,0,0,0,0,0,0,0,0,0,0,0,0,0,0,0,0,0,0,0,2026-08-28 14:01:28.138776+00,2026-08-28 14:01:28.138776+00
10,16384,t,-3891614383637085681,"MOVE -1690 IN ""query-cursor_150""",0,0,0,0,0,0,1,0.03331,0.03331,0.03331,0.03331,0,0,0,0,0,0,0,0,0,0,0,0,0,0,0,0,0,0,0,0,0,0,0,0,0,0,0,0,0,0,0,2026-08-28 14:23:28.141255+00,2026-08-28 14:23:28.141255+00
10,16384,t,2510682515463516110,"FETCH 21 IN ""query-cursor_147""",0,0,0,0,0,0,1,0.002415,0.002415,0.002415,0.002415,0,21,0,0,0,0,0,0,0,0,0,0,0,0,0,0,0,0,0,0,0,0,0,0,0,0,0,0,0,0,0,2026-08-28 14:20:28.151521+00,2026-08-28 14:20:28.151521+00
10,16384,t,5517591159595534572,"FETCH 0 IN ""query-cursor_94""",0,0,0,0,0,0,1,0.003742,0.003742,0.003742,0.003742,0,0,0,0,0,0,0,0,0,0,0,0,0,0,0,0,0,0,0,0,0,0,0,0,0,0,0,0,0,0,0,2026-08-28 13:22:28.131881+00,2026-08-28 13:22:28.131881+00
16410,16412,t,-3758958998140361371,CREATE SCHEMA IF NOT EXISTS perf,0,0,0,0,0,0,1,2.026677,2.026677,2.026677,2.026677,0,0,18,3,0,0,0,0,0,0,0,0,1.916114,0,0,0,0,0,0,0,0,0,0,0,0,0,0,0,0,0,0,2026-08-28 13:26:32.343398+00,2026-08-28 13:26:32.343398+00
10,16384,t,7791619057803664042,"FETCH 0 IN ""query-cursor_11""",0,0,0,0,0,0,1,0.004021,0.004021,0.004021,0.004021,0,0,0,0,0,0,0,0,0,0,0,0,0,0,0,0,0,0,0,0,0,0,0,0,0,0,0,0,0,0,0,2026-08-28 11:59:28.126024+00,2026-08-28 11:59:28.126024+00
10,16384,t,-6687010857815114193,"FETCH 45 IN ""query-cursor_28""",0,0,0,0,0,0,1,0.003673,0.003673,0.003673,0.003673,0,45,0,0,0,0,0,0,0,0,0,0,0,0,0,0,0,0,0,0,0,0,0,0,0,0,0,0,0,0,0,2026-08-28 12:16:28.128885+00,2026-08-28 12:16:28.128885+00
10,16384,t,3703336216749217835,"FETCH 0 IN ""query-cursor_134""",0,0,0,0,0,0,1,0.003351,0.003351,0.003351,0.003351,0,0,0,0,0,0,0,0,0,0,0,0,0,0,0,0,0,0,0,0,0,0,0,0,0,0,0,0,0,0,0,2026-08-28 14:07:28.134809+00,2026-08-28 14:07:28.134809+00
16410,16412,t,-289413638405859069,"SELECT RES_ENT_ID,LIB_FEAT_ID,FTYPE_ID,UTYPE_CODE,SUPPRESSED,OBS_ENT_CNT FROM RES_FEAT_EKEY WHERE RES_ENT_ID IN ($1,$2,$3,$4,$5,$6,$7,$8,$9,$10,$11,$12,$13,$14,$15,$16,$17,$18,$19,$20,$21,$22,$23,$24,$25,$26,$27,$28,$29,$30,$31,$32) AND FTYPE_ID IN ($33,$34,$35,$36,$37,$38,$39,$40,$41,$42,$43,$44)",0,0,0,0,0,0,2204,18833.44631200004,0.32677100000000003,324.879152,8.54512083121599,18.01257912114735,9791034,404784,0,0,0,0,0,0,0,0,0,0,0,0,0,0,0,0,0,0,0,0,0,0,0,0,0,0,0,0,2026-08-28 13:27:24.76356+00,2026-08-28 13:27:24.76356+00
10,16384,t,2294335425133773279,"MOVE ALL IN ""query-cursor_152""",0,0,0,0,0,0,1,4.666457,4.666457,4.666457,4.666457,0,0,0,0,0,0,0,0,0,0,0,0,0,0,0,0,0,0,0,0,0,0,0,0,0,0,0,0,0,0,0,2026-08-28 14:25:28.140743+00,2026-08-28 14:25:28.140743+00
10,16384,t,6158676953707982432,"MOVE ALL IN ""query-cursor_113""",0,0,0,0,0,0,1,4.933639,4.933639,4.933639,4.933639,0,0,0,0,0,0,0,0,0,0,0,0,0,0,0,0,0,0,0,0,0,0,0,0,0,0,0,0,0,0,0,2026-08-28 13:46:28.138536+00,2026-08-28 13:46:28.138536+00
16410,16412,t,2758416697784876263,"SELECT OBS_ENT_ID,RES_ENT_ID FROM RES_ENT_OKEY WHERE OBS_ENT_ID IN ($1)",0,0,0,0,0,0,2587854,55393.02308999914,0.0026070000000000004,68.519874,0.021405003176376697,0.20568252413799426,1590663,9163844,0,0,0,0,0,0,0,0,0,0,0,0,0,0,0,0,0,0,0,0,0,0,0,0,0,0,0,0,2026-08-28 13:27:22.103568+00,2026-08-28 13:27:22.103568+00
10,16384,t,830237317411613827,"MOVE ALL IN ""query-cursor_136""",0,0,0,0,0,0,1,4.334696,4.334696,4.334696,4.334696,0,0,0,0,0,0,0,0,0,0,0,0,0,0,0,0,0,0,0,0,0,0,0,0,0,0,0,0,0,0,0,2026-08-28 14:09:28.139274+00,2026-08-28 14:09:28.139274+00
16410,16412,t,-1160734075211199696,"INSERT INTO RES_ENT_OKEY(OBS_ENT_ID,RES_ENT_ID,ERRULE_ID,MATCH_KEY) VALUES ($1,$2,$3,$4) ON CONFLICT DO NOTHING",0,0,0,0,0,0,995920,367094.8737649912,0.018382000000000003,273.167269,0.36859875669229575,1.3690324375688478,995918,10858436,0,0,17967,0,0,0,0,0,0,0,1114.3473109999998,0,0,0,0,0,0,0,0,0,0,0,0,0,0,0,0,0,2026-08-28 13:27:22.188857+00,2026-08-28 13:27:22.188857+00
10,16384,t,-4114676241810351090,"DECLARE ""query-cursor_115"" SCROLL CURSOR FOR select queryid, left(query, $1), calls, (total_plan_time + total_exec_time) as total_time from aurora_stat_statements($2) order by calls desc limit $3 FOR READ ONLY",0,0,0,0,0,0,1,0.067355,0.067355,0.067355,0.067355,0,0,0,0,0,0,0,0,0,0,0,0,0,0,0,0,0,0,0,0,0,0,0,0,0,0,0,0,0,0,0,2026-08-28 13:48:28.133553+00,2026-08-28 13:48:28.133553+00
16410,16412,t,-6479956330566125787,"UPDATE RES_FEAT_EKEY AS T SET SUPPRESSED=C.SUPPRESSED,OBS_ENT_CNT=C.OBS_ENT_CNT FROM (VALUES (CAST ($1 AS BIGINT),CAST ($2 AS BIGINT),$3,$4,CAST ($5 AS BIGINT)),(CAST ($6 AS BIGINT),CAST ($7 AS BIGINT),$8,$9,CAST ($10 AS BIGINT)),(CAST ($11 AS BIGINT),CAST ($12 AS BIGINT),$13,$14,CAST ($15 AS BIGINT)),(CAST ($16 AS BIGINT),CAST ($17 AS BIGINT),$18,$19,CAST ($20 AS BIGINT)),(CAST ($21 AS BIGINT),CAST ($22 AS BIGINT),$23,$24,CAST ($25 AS BIGINT)),(CAST ($26 AS BIGINT),CAST ($27 AS BIGINT),$28,$29,CAST ($30 AS BIGINT)),(CAST ($31 AS BIGINT),CAST ($32 AS BIGINT),$33,$34,CAST ($35 AS BIGINT)),(CAST ($36 AS BIGINT),CAST ($37 AS BIGINT),$38,$39,CAST ($40 AS BIGINT)),(CAST ($41 AS BIGINT),CAST ($42 AS BIGINT),$43,$44,CAST ($45 AS BIGINT)),(CAST ($46 AS BIGINT),CAST ($47 AS BIGINT),$48,$49,CAST ($50 AS BIGINT))) AS C(RES_ENT_ID,LIB_FEAT_ID,UTYPE_CODE,SUPPRESSED,OBS_ENT_CNT) WHERE C.RES_ENT_ID=T.RES_ENT_ID AND C.LIB_FEAT_ID=T.LIB_FEAT_ID AND C.UTYPE_CODE=T.UTYPE_CODE",0,0,0,0,0,0,515,1289.6080920000006,0.088577,60.683073,2.5040933825242733,7.8056264492352305,5150,63641,0,0,3,0,0,0,0,0,0,0,1.0933030000000001,0,0,0,0,0,0,0,0,0,0,0,0,0,0,0,0,0,2026-08-28 13:28:18.300315+00,2026-08-28 13:28:18.300315+00
10,16384,t,-5304425592078712455,"MOVE ALL IN ""query-cursor_68""",0,0,0,0,0,0,1,1.192044,1.192044,1.192044,1.192044,0,0,0,0,0,0,0,0,0,0,0,0,0,0,0,0,0,0,0,0,0,0,0,0,0,0,0,0,0,0,0,2026-08-28 12:56:28.131244+00,2026-08-28 12:56:28.131244+00
16410,16412,t,-5718885773490364501,"UPDATE RES_FEAT_EKEY AS T SET SUPPRESSED=C.SUPPRESSED,OBS_ENT_CNT=C.OBS_ENT_CNT FROM (VALUES (CAST ($1 AS BIGINT),CAST ($2 AS BIGINT),$3,$4,CAST ($5 AS BIGINT)),(CAST ($6 AS BIGINT),CAST ($7 AS BIGINT),$8,$9,CAST ($10 AS BIGINT)),(CAST ($11 AS BIGINT),CAST ($12 AS BIGINT),$13,$14,CAST ($15 AS BIGINT)),(CAST ($16 AS BIGINT),CAST ($17 AS BIGINT),$18,$19,CAST ($20 AS BIGINT)),(CAST ($21 AS BIGINT),CAST ($22 AS BIGINT),$23,$24,CAST ($25 AS BIGINT)),(CAST ($26 AS BIGINT),CAST ($27 AS BIGINT),$28,$29,CAST ($30 AS BIGINT)),(CAST ($31 AS BIGINT),CAST ($32 AS BIGINT),$33,$34,CAST ($35 AS BIGINT)),(CAST ($36 AS BIGINT),CAST ($37 AS BIGINT),$38,$39,CAST ($40 AS BIGINT)),(CAST ($41 AS BIGINT),CAST ($42 AS BIGINT),$43,$44,CAST ($45 AS BIGINT)),(CAST ($46 AS BIGINT),CAST ($47 AS BIGINT),$48,$49,CAST ($50 AS BIGINT)),(CAST ($51 AS BIGINT),CAST ($52 AS BIGINT),$53,$54,CAST ($55 AS BIGINT)),(CAST ($56 AS BIGINT),CAST ($57 AS BIGINT),$58,$59,CAST ($60 AS BIGINT)),(CAST ($61 AS BIGINT),CAST ($62 AS BIGINT),$63,$64,CAST ($65 AS BIGINT)),(CAST ($66 AS BIGINT),CAST ($67 AS BIGINT),$68,$69,CAST ($70 AS BIGINT)),(CAST ($71 AS BIGINT),CAST ($72 AS BIGINT),$73,$74,CAST ($75 AS BIGINT))) AS C(RES_ENT_ID,LIB_FEAT_ID,UTYPE_CODE,SUPPRESSED,OBS_ENT_CNT) WHERE C.RES_ENT_ID=T.RES_ENT_ID AND C.LIB_FEAT_ID=T.LIB_FEAT_ID AND C.UTYPE_CODE=T.UTYPE_CODE",0,0,0,0,0,0,167,935.7746499999996,0.176141,71.676997,5.6034410179640695,14.160031289048757,2505,33082,0,0,7,0,0,0,0,0,0,0,1.168581,0,0,0,0,0,0,0,0,0,0,0,0,0,0,0,0,0,2026-08-28 13:27:47.246607+00,2026-08-28 13:27:47.246607+00
10,16384,t,8849915604310037179,"FETCH 50 IN ""query-cursor_154""",0,0,0,0,0,0,34,0.3699280000000001,0.003229,0.218882,0.010880235294117649,0.03622467740290638,1700,0,0,0,0,0,0,0,0,0,0,0,0,0,0,0,0,0,0,0,0,0,0,0,0,0,0,0,0,0,2026-08-28 14:27:28.14105+00,2026-08-28 14:27:28.14105+00
10,16384,t,8387033158120687519,"select queryid, calls, (total_plan_time + total_exec_time) as total_time, rows, shared_blks_hit, shared_blks_dirtied, shared_blks_read, shared_blks_written, local_blks_hit, local_blks_dirtied, local_blks_read, local_blks_written, temp_blks_read, temp_blks_written, storage_blks_read, orcache_blks_hit, shared_blk_read_time as blk_read_time, shared_blk_write_time as blk_write_time, storage_blk_read_time, local_blk_read_time, orcache_blk_read_time, total_plan_time, total_exec_time from aurora_stat_statements($1) where queryid in ($2, $3, $4, $5, $6, $7, $8, $9, $10, $11, $12, $13, $14, $15, $16, $17, $18, $19, $20, $21, $22, $23, $24, $25, $26, $27, $28, $29, $30, $31, $32, $33, $34, $35, $36, $37, $38, $39, $40, $41, $42, $43, $44, $45, $46, $47, $48, $49, $50, $51, $52, $53, $54, $55, $56, $57, $58, $59, $60, $61, $62, $63, $64)",0,0,0,0,0,0,4,9.775755,1.857172,3.419737,2.44393875,0.6044366374808756,256,0,0,0,0,0,0,0,0,0,0,0,0,0,0,0,0,0,0,0,0,0,0,0,0,0,0,0,0,0,2026-08-28 13:35:38.152247+00,2026-08-28 13:35:38.152247+00
10,16384,t,-3303038665045707933,"MOVE ALL IN ""query-cursor_129""",0,0,0,0,0,0,1,4.325085,4.325085,4.325085,4.325085,0,0,0,0,0,0,0,0,0,0,0,0,0,0,0,0,0,0,0,0,0,0,0,0,0,0,0,0,0,0,0,2026-08-28 14:02:28.138867+00,2026-08-28 14:02:28.138867+00
16410,16412,t,-952876597501699504,"SELECT LIB_FEAT_ID,NUM_RES_ENT,NUM_RES_ENT_OOM,CANDIDATE_CAP_REACHED,SCORING_CAP_REACHED FROM RES_FEAT_STAT WHERE LIB_FEAT_ID IN ($1,$2,$3,$4,$5,$6,$7,$8,$9,$10,$11,$12,$13,$14,$15,$16)",0,0,0,0,0,0,344527,44089.991292999715,0.010916,142.792248,0.1279725284027078,0.7146522060981486,4095349,11688940,0,0,0,0,0,0,0,0,0,0,0,0,0,0,0,0,0,0,0,0,0,0,0,0,0,0,0,0,2026-08-28 13:27:22.482523+00,2026-08-28 13:27:22.482523+00
16410,16412,t,-6036129607891050393,"UPDATE RES_FEAT_EKEY AS T SET SUPPRESSED=C.SUPPRESSED,OBS_ENT_CNT=C.OBS_ENT_CNT FROM (VALUES (CAST ($1 AS BIGINT),CAST ($2 AS BIGINT),$3,$4,CAST ($5 AS BIGINT)),(CAST ($6 AS BIGINT),CAST ($7 AS BIGINT),$8,$9,CAST ($10 AS BIGINT)),(CAST ($11 AS BIGINT),CAST ($12 AS BIGINT),$13,$14,CAST ($15 AS BIGINT)),(CAST ($16 AS BIGINT),CAST ($17 AS BIGINT),$18,$19,CAST ($20 AS BIGINT))) AS C(RES_ENT_ID,LIB_FEAT_ID,UTYPE_CODE,SUPPRESSED,OBS_ENT_CNT) WHERE C.RES_ENT_ID=T.RES_ENT_ID AND C.LIB_FEAT_ID=T.LIB_FEAT_ID AND C.UTYPE_CODE=T.UTYPE_CODE",0,0,0,0,0,0,548,360.10371200000003,0.052618,21.019448999999998,0.6571235620437956,2.6334073630126182,2192,27105,0,0,1,0,0,0,0,0,0,0,0.006387,0,0,0,0,0,0,0,0,0,0,0,0,0,0,0,0,0,2026-08-28 13:27:34.57956+00,2026-08-28 13:27:34.57956+00
16410,16412,t,-2752700083553559508,"SELECT OBS_ENT_ID,LOCKING_ID FROM OBS_ENT WHERE OBS_ENT_ID IN ($1,$2,$3,$4,$5,$6,$7,$8,$9,$10,$11,$12,$13,$14,$15,$16,$17,$18,$19,$20,$21,$22,$23,$24,$25,$26,$27,$28,$29,$30,$31,$32,$33,$34,$35,$36,$37,$38,$39,$40,$41,$42,$43,$44,$45,$46,$47,$48,$49,$50,$51,$52,$53,$54,$55,$56,$57,$58,$59,$60,$61,$62,$63,$64)",0,0,0,0,0,0,2,0.485289,0.23594600000000002,0.249343,0.2426445,0.006698499999999996,70,344,0,0,0,0,0,0,0,0,0,0,0,0,0,0,0,0,0,0,0,0,0,0,0,0,0,0,0,0,2026-08-28 13:41:14.304094+00,2026-08-28 13:41:14.304094+00
10,16384,t,-725824819227818741,"MOVE -320 IN ""query-cursor_32""",0,0,0,0,0,0,1,0.007838,0.007838,0.007838,0.007838,0,0,0,0,0,0,0,0,0,0,0,0,0,0,0,0,0,0,0,0,0,0,0,0,0,0,0,0,0,0,0,2026-08-28 12:20:28.12811+00,2026-08-28 12:20:28.12811+00
10,16384,t,-5514820119122539679,"FETCH 21 IN ""query-cursor_122""",0,0,0,0,0,0,1,0.002846,0.002846,0.002846,0.002846,0,21,0,0,0,0,0,0,0,0,0,0,0,0,0,0,0,0,0,0,0,0,0,0,0,0,0,0,0,0,0,2026-08-28 13:55:28.149187+00,2026-08-28 13:55:28.149187+00
16410,16412,t,2886128047129609024,"CREATE TABLE RES_RELATE (RES_REL_ID BIGINT NOT NULL, MIN_RES_ENT_ID BIGINT NOT NULL, MAX_RES_ENT_ID BIGINT NOT NULL, LAST_ERRULE_ID SMALLINT, IS_DISCLOSED SMALLINT, IS_AMBIGUOUS SMALLINT, MATCH_KEY TEXT, MATCH_KEY_DETAILS TEXT, MATCH_LEVELS VARCHAR(50), PRIMARY KEY(RES_REL_ID))",0,0,0,0,0,0,1,6.113687,6.113687,6.113687,6.113687,0,0,373,0,0,0,0,0,0,0,0,0,0,0,0,0,0,0,0,0,0,0,0,0,0,0,0,0,0,0,0,2026-08-28 11:51:27.936542+00,2026-08-28 11:51:27.936542+00
10,16384,t,4393243536876992056,"DECLARE ""query-cursor_106"" SCROLL CURSOR FOR select queryid, left(query, $1), calls, (total_plan_time + total_exec_time) as total_time from aurora_stat_statements($2) order by calls desc limit $3 FOR READ ONLY",0,0,0,0,0,0,1,0.173522,0.173522,0.173522,0.173522,0,0,0,0,0,0,0,0,0,0,0,0,0,0,0,0,0,0,0,0,0,0,0,0,0,0,0,0,0,0,0,2026-08-28 13:34:28.13572+00,2026-08-28 13:34:28.13572+00
16410,16412,t,-3111972945363663546,"SELECT RES_ENT_ID,LIB_FEAT_ID,FTYPE_ID,UTYPE_CODE,SUPPRESSED,OBS_ENT_CNT FROM RES_FEAT_EKEY WHERE RES_ENT_ID IN ($1,$2,$3,$4,$5,$6,$7,$8,$9,$10,$11,$12,$13,$14,$15,$16,$17,$18,$19,$20,$21,$22,$23,$24,$25,$26,$27,$28,$29,$30,$31,$32) AND FTYPE_ID IN ($33,$34,$35,$36,$37,$38,$39,$40,$41)",0,0,0,0,0,0,2259,3154.777589999999,0.24101299999999998,149.939727,1.3965372244355905,5.761254922990073,993246,208043,0,0,0,0,0,0,0,0,0,0,0,0,0,0,0,0,0,0,0,0,0,0,0,0,0,0,0,0,2026-08-28 13:27:29.202833+00,2026-08-28 13:27:29.202833+00
16410,16412,t,-677922492973750577,SET default_transaction_read_only TO $1,0,0,0,0,0,0,3061,62.161057000000184,0.007847,3.520344,0.020307434498529953,0.08178085264637136,0,0,0,0,0,0,0,0,0,0,0,0,0,0,0,0,0,0,0,0,0,0,0,0,0,0,0,0,0,0,2026-08-28 11:53:34.755223+00,2026-08-28 11:53:34.755223+00
10,16384,t,4309745114309774805,"SELECT PLUGIN, COUNT(*), GREATEST(MAX(AGE(XMIN)),MAX(AGE(CATALOG_XMIN)))
FROM PG_CATALOG.PG_GET_REPLICATION_SLOTS() GROUP BY PLUGIN",0,0,0,0,0,0,1,0.005654,0.005654,0.005654,0.005654,0,0,0,0,0,0,0,0,0,0,0,0,0,0,0,0,0,0,0,0,0,0,0,0,0,0,0,0,0,0,0,2026-08-28 12:45:00.450605+00,2026-08-28 12:45:00.450605+00
16410,16412,t,-96576954194249797,SELECT OBS_ENT_ID FROM OBS_ENT WHERE ENT_SRC_KEY=$1 AND DSRC_ID=$2,0,0,0,0,0,0,1295636,32953.998795000356,0.0033079999999999997,40.863023,0.02543461187787338,0.17357560207918557,299886,4254521,0,0,0,0,0,0,0,0,0,0,0,0,0,0,0,0,0,0,0,0,0,0,0,0,0,0,0,0,2026-08-28 13:27:22.094711+00,2026-08-28 13:27:22.094711+00
10,16384,t,1072856771855177721,"MOVE ALL IN ""query-cursor_130""",0,0,0,0,0,0,1,4.83994,4.83994,4.83994,4.83994,0,0,0,0,0,0,0,0,0,0,0,0,0,0,0,0,0,0,0,0,0,0,0,0,0,0,0,0,0,0,0,2026-08-28 14:03:28.139471+00,2026-08-28 14:03:28.139471+00
10,16384,t,-1756810220528805570,"MOVE ALL IN ""query-cursor_48""",0,0,0,0,0,0,1,0.862384,0.862384,0.862384,0.862384,0,0,0,0,0,0,0,0,0,0,0,0,0,0,0,0,0,0,0,0,0,0,0,0,0,0,0,0,0,0,0,2026-08-28 12:36:28.129522+00,2026-08-28 12:36:28.129522+00
16410,16412,t,-860283308909992279,"SELECT RES_ENT_ID,LIB_FEAT_ID,FTYPE_ID,UTYPE_CODE,SUPPRESSED,OBS_ENT_CNT FROM RES_FEAT_EKEY WHERE RES_ENT_ID IN ($1,$2,$3,$4,$5,$6,$7,$8,$9,$10,$11,$12,$13,$14,$15,$16,$17,$18,$19,$20,$21,$22,$23,$24,$25,$26,$27,$28,$29,$30,$31,$32,$33,$34,$35,$36,$37,$38,$39,$40,$41,$42,$43,$44,$45,$46,$47,$48,$49,$50,$51,$52,$53,$54,$55,$56,$57,$58,$59,$60,$61,$62,$63,$64,$65,$66,$67,$68,$69,$70,$71,$72,$73,$74,$75,$76,$77,$78,$79,$80,$81,$82,$83,$84,$85) AND FTYPE_ID IN ($86,$87,$88,$89,$90,$91,$92,$93,$94,$95,$96,$97,$98,$99,$100)",0,0,0,0,0,0,803,82672.31498700005,5.002111,1108.137973,102.95431505230393,126.3667558588159,37647211,677573,0,0,0,0,0,0,0,0,0,0,0,0,0,0,0,0,0,0,0,0,0,0,0,0,0,0,0,0,2026-08-28 13:27:31.583287+00,2026-08-28 13:27:31.583287+00
10,16384,t,3463303800969046609,"FETCH 50 IN ""query-cursor_134""",0,0,0,0,0,0,31,0.128102,0.003028,0.00709,0.004132322580645161,0.0010412881100827916,1550,0,0,0,0,0,0,0,0,0,0,0,0,0,0,0,0,0,0,0,0,0,0,0,0,0,0,0,0,0,2026-08-28 14:07:28.139381+00,2026-08-28 14:07:28.139381+00
10,16384,t,-1886534106153351269,"MOVE -1503 IN ""query-cursor_119""",0,0,0,0,0,0,1,0.029047,0.029047,0.029047,0.029047,0,0,0,0,0,0,0,0,0,0,0,0,0,0,0,0,0,0,0,0,0,0,0,0,0,0,0,0,0,0,0,2026-08-28 13:52:28.138261+00,2026-08-28 13:52:28.138261+00
16410,16412,t,-1483320226612388117,"SELECT LIB_FEAT_ID,NUM_RES_ENT,NUM_RES_ENT_OOM,CANDIDATE_CAP_REACHED,SCORING_CAP_REACHED FROM RES_FEAT_STAT WHERE LIB_FEAT_ID IN ($1,$2,$3,$4,$5,$6,$7,$8,$9,$10,$11,$12,$13,$14,$15,$16,$17,$18,$19,$20,$21,$22,$23,$24,$25,$26,$27,$28,$29,$30,$31,$32,$33,$34,$35,$36,$37,$38,$39,$40,$41,$42,$43,$44,$45,$46,$47,$48,$49,$50,$51,$52,$53,$54,$55,$56,$57,$58,$59,$60,$61,$62,$63,$64)",0,0,0,0,0,0,309545,87045.11683999895,0.009466,79.852423,0.2812034335556993,0.9447850176708571,14387794,36812728,0,0,0,0,0,0,0,0,0,0,0,0,0,0,0,0,0,0,0,0,0,0,0,0,0,0,0,0,2026-08-28 13:27:23.144332+00,2026-08-28 13:27:23.144332+00
10,16384,t,169867660205642410,"select queryid, calls, (total_plan_time + total_exec_time) as total_time, rows, shared_blks_hit, shared_blks_dirtied, shared_blks_read, shared_blks_written, local_blks_hit, local_blks_dirtied, local_blks_read, local_blks_written, temp_blks_read, temp_blks_written, storage_blks_read, orcache_blks_hit, shared_blk_read_time as blk_read_time, shared_blk_write_time as blk_write_time, storage_blk_read_time, local_blk_read_time, orcache_blk_read_time, total_plan_time, total_exec_time from aurora_stat_statements($1) where queryid in ($2, $3, $4, $5, $6, $7, $8, $9, $10, $11, $12, $13, $14, $15, $16, $17, $18, $19, $20, $21, $22, $23, $24, $25, $26, $27, $28, $29, $30, $31, $32, $33, $34, $35, $36, $37, $38, $39, $40, $41, $42, $43, $44, $45, $46, $47, $48, $49, $50, $51, $52, $53, $54, $55, $56, $57, $58, $59, $60, $61, $62, $63, $64, $65)",0,0,0,0,0,0,2,5.047499999999999,2.4808,2.5667,2.5237499999999997,0.04294999999999993,130,0,0,0,0,0,0,0,0,0,0,0,0,0,0,0,0,0,0,0,0,0,0,0,0,0,0,0,0,0,2026-08-28 13:36:38.196705+00,2026-08-28 13:36:38.196705+00
16410,16412,t,-4339771531363316625,"SELECT RES_ENT_ID,LIB_FEAT_ID,FTYPE_ID,UTYPE_CODE,SUPPRESSED,OBS_ENT_CNT FROM RES_FEAT_EKEY WHERE RES_ENT_ID IN ($1,$2) AND FTYPE_ID IN ($3,$4,$5,$6,$7,$8,$9,$10,$11,$12,$13,$14,$15,$16,$17,$18,$19,$20,$21,$22,$23,$24,$25,$26,$27,$28,$29,$30,$31,$32,$33,$34,$35,$36,$37,$38,$39,$40,$41,$42,$43,$44,$45,$46,$47,$48,$49,$50,$51,$52)",0,0,0,0,0,0,1,0.050275,0.050275,0.050275,0.050275,0,0,9,0,0,0,0,0,0,0,0,0,0,0,0,0,0,0,0,0,0,0,0,0,0,0,0,0,0,0,0,2026-08-28 13:32:30.775495+00,2026-08-28 13:32:30.775495+00
10,16384,t,-5893136484037934877,"MOVE ALL IN ""query-cursor_42""",0,0,0,0,0,0,1,0.800871,0.800871,0.800871,0.800871,0,0,0,0,0,0,0,0,0,0,0,0,0,0,0,0,0,0,0,0,0,0,0,0,0,0,0,0,0,0,0,2026-08-28 12:30:28.129022+00,2026-08-28 12:30:28.129022+00
16410,16412,t,753918101870220099,"SELECT LIB_FEAT_ID,FTYPE_ID,UTYPE_CODE,SUPPRESSED,OBS_ENT_CNT FROM RES_FEAT_EKEY WHERE RES_ENT_ID=$1 AND LIB_FEAT_ID IN ($2,$3,$4,$5,$6,$7,$8,$9,$10,$11,$12,$13,$14,$15,$16,$17)",0,0,0,0,0,0,10687,886.3723440000037,0.02326,19.807676,0.0829393042013665,0.3346401999308606,49216,458175,0,0,0,0,0,0,0,0,0,0,0,0,0,0,0,0,0,0,0,0,0,0,0,0,0,0,0,0,2026-08-28 13:27:39.620189+00,2026-08-28 13:27:39.620189+00
16410,16412,t,-7511585686043549873,"SELECT RES_ENT_ID,LIB_FEAT_ID,FTYPE_ID,UTYPE_CODE,SUPPRESSED,OBS_ENT_CNT FROM RES_FEAT_EKEY WHERE RES_ENT_ID IN ($1,$2) AND FTYPE_ID IN ($3,$4,$5,$6,$7,$8,$9,$10,$11,$12,$13,$14,$15,$16,$17)",0,0,0,0,0,0,6638,1457.8253830000017,0.031796,30.432506,0.2196181655619165,0.8867246782184056,763103,64658,0,0,0,0,0,0,0,0,0,0,0,0,0,0,0,0,0,0,0,0,0,0,0,0,0,0,0,0,2026-08-28 13:27:23.805696+00,2026-08-28 13:27:23.805696+00
10,16384,t,-3494748731752761810,"DECLARE ""query-cursor_170"" SCROLL CURSOR FOR select queryid, left(query, $1), calls, (total_plan_time + total_exec_time) as total_time from aurora_stat_statements($2) order by calls desc limit $3 FOR READ ONLY",0,0,0,0,0,0,1,0.066962,0.066962,0.066962,0.066962,0,0,0,0,0,0,0,0,0,0,0,0,0,0,0,0,0,0,0,0,0,0,0,0,0,0,0,0,0,0,0,2026-08-28 14:43:28.137201+00,2026-08-28 14:43:28.137201+00
16410,16412,t,4854535455940812919,"SELECT RES_ENT_ID,REL_ENT_ID,RES_REL_ID FROM RES_REL_EKEY WHERE RES_ENT_ID IN ($1,$2)",0,0,0,0,0,0,138492,11826.095523999908,0.005118,44.985935,0.085391903676746,0.5496943475239877,5099216,3798381,0,0,0,0,0,0,0,0,0,0,0,0,0,0,0,0,0,0,0,0,0,0,0,0,0,0,0,0,2026-08-28 13:27:26.290913+00,2026-08-28 13:27:26.290913+00
10,16384,t,-2730698344129733524,"FETCH 50 IN ""query-cursor_123""",0,0,0,0,0,0,30,0.131768,0.003067,0.006358,0.004392266666666667,0.0010127323086032596,1500,0,0,0,0,0,0,0,0,0,0,0,0,0,0,0,0,0,0,0,0,0,0,0,0,0,0,0,0,0,2026-08-28 13:56:28.138438+00,2026-08-28 13:56:28.138438+00
16410,16412,t,7569516770439383501,"SELECT RES_ENT_ID,LIB_FEAT_ID,FTYPE_ID,UTYPE_CODE,SUPPRESSED,OBS_ENT_CNT FROM RES_FEAT_EKEY WHERE RES_ENT_ID IN ($1,$2,$3,$4) AND FTYPE_ID IN ($5,$6,$7,$8,$9,$10,$11)",0,0,0,0,0,0,9346,1476.108149000001,0.035920999999999995,38.992675999999996,0.15794009726086036,0.8177068761343487,414631,136212,0,0,0,0,0,0,0,0,0,0,0,0,0,0,0,0,0,0,0,0,0,0,0,0,0,0,0,0,2026-08-28 13:27:28.252199+00,2026-08-28 13:27:28.252199+00
10,16384,t,1719774922926882336,"FETCH 0 IN ""query-cursor_62""",0,0,0,0,0,0,1,0.003216,0.003216,0.003216,0.003216,0,0,0,0,0,0,0,0,0,0,0,0,0,0,0,0,0,0,0,0,0,0,0,0,0,0,0,0,0,0,0,2026-08-28 12:50:28.129635+00,2026-08-28 12:50:28.129635+00
10,16384,t,-3751910791636930081,"MOVE ALL IN ""query-cursor_145""",0,0,0,0,0,0,1,4.279786,4.279786,4.279786,4.279786,0,0,0,0,0,0,0,0,0,0,0,0,0,0,0,0,0,0,0,0,0,0,0,0,0,0,0,0,0,0,0,2026-08-28 14:18:28.139987+00,2026-08-28 14:18:28.139987+00
16410,16412,t,8195126707357194334,"SELECT FTYPE_ID,SUPPRESSED,OBS_ENT_CNT FROM RES_FEAT_EKEY WHERE RES_ENT_ID=$1 AND LIB_FEAT_ID=$2 AND UTYPE_CODE=$3",0,0,0,0,0,0,375,3.4314000000000027,0.004521000000000001,0.035211,0.009150400000000006,0.004051821855906302,375,2071,0,0,0,0,0,0,0,0,0,0,0,0,0,0,0,0,0,0,0,0,0,0,0,0,0,0,0,0,2026-08-28 13:46:32.710983+00,2026-08-28 13:46:32.710983+00
10,16384,t,-1018574165656515478,"FETCH 15 IN ""query-cursor_23""",0,0,0,0,0,0,1,0.00187,0.00187,0.00187,0.00187,0,15,0,0,0,0,0,0,0,0,0,0,0,0,0,0,0,0,0,0,0,0,0,0,0,0,0,0,0,0,0,2026-08-28 12:11:28.128487+00,2026-08-28 12:11:28.128487+00
10,16384,t,4891569288998957706,"DECLARE ""query-cursor_109"" SCROLL CURSOR FOR select queryid, left(query, $1), calls, (total_plan_time + total_exec_time) as total_time from aurora_stat_statements($2) order by calls desc limit $3 FOR READ ONLY",0,0,0,0,0,0,1,0.101576,0.101576,0.101576,0.101576,0,0,0,0,0,0,0,0,0,0,0,0,0,0,0,0,0,0,0,0,0,0,0,0,0,0,0,0,0,0,0,2026-08-28 13:40:28.134239+00,2026-08-28 13:40:28.134239+00
16410,16412,t,3967711092468618269,"SELECT RES_ENT_ID,REL_ENT_ID,RES_REL_ID FROM RES_REL_EKEY WHERE RES_ENT_ID IN ($1)",0,0,0,0,0,0,1684562,35413.82091399947,0.002128,62.361292,0.021022569020314758,0.22132268273184258,1142965,6401558,0,0,0,0,0,0,0,0,0,0,0,0,0,0,0,0,0,0,0,0,0,0,0,0,0,0,0,0,2026-08-28 13:27:22.184812+00,2026-08-28 13:27:22.184812+00
10,16384,t,-6359618885652526050,"FETCH 21 IN ""query-cursor_24""",0,0,0,0,0,0,1,0.002197,0.002197,0.002197,0.002197,0,21,0,0,0,0,0,0,0,0,0,0,0,0,0,0,0,0,0,0,0,0,0,0,0,0,0,0,0,0,0,2026-08-28 12:12:28.128515+00,2026-08-28 12:12:28.128515+00
10,16384,t,-3848038317785005422,"MOVE -1477 IN ""query-cursor_115""",0,0,0,0,0,0,1,0.028478,0.028478,0.028478,0.028478,0,0,0,0,0,0,0,0,0,0,0,0,0,0,0,0,0,0,0,0,0,0,0,0,0,0,0,0,0,0,0,2026-08-28 13:48:28.137532+00,2026-08-28 13:48:28.137532+00
16410,16412,t,7512553123526369955,"INSERT INTO LIB_FEAT(LIB_FEAT_ID,FTYPE_ID,FEAT_HASH,FEAT_DESC,FELEM_VALUES,ANONYMIZED,VERSION) VALUES ($1,$2,$3,$4,$5,$6,$7),($8,$9,$10,$11,$12,$13,$14),($15,$16,$17,$18,$19,$20,$21),($22,$23,$24,$25,$26,$27,$28),($29,$30,$31,$32,$33,$34,$35),($36,$37,$38,$39,$40,$41,$42),($43,$44,$45,$46,$47,$48,$49),($50,$51,$52,$53,$54,$55,$56),($57,$58,$59,$60,$61,$62,$63),($64,$65,$66,$67,$68,$69,$70),($71,$72,$73,$74,$75,$76,$77),($78,$79,$80,$81,$82,$83,$84),($85,$86,$87,$88,$89,$90,$91),($92,$93,$94,$95,$96,$97,$98) ON CONFLICT(FTYPE_ID,FEAT_HASH,ANONYMIZED) DO UPDATE SET FTYPE_ID=LIB_FEAT.FTYPE_ID,FEAT_HASH=LIB_FEAT.FEAT_HASH,ANONYMIZED=LIB_FEAT.ANONYMIZED RETURNING LIB_FEAT_ID,FTYPE_ID,FEAT_HASH,ANONYMIZED,FEAT_DESC",0,0,0,0,0,0,1341871,6505936.906699984,0.195607,4189.88727,4.848407117152084,19.71372716494074,18786194,244245597,6,0,736494,0,0,0,0,0,0,0,21981.19080599988,0,0,0,0,0,0,0,0,0,0,0,0,0,0,0,0,0,2026-08-28 13:27:22.123011+00,2026-08-28 13:27:22.123011+00
10,16384,t,3900009325648191291,"FETCH 3 IN ""query-cursor_46""",0,0,0,0,0,0,1,0.001449,0.001449,0.001449,0.001449,0,3,0,0,0,0,0,0,0,0,0,0,0,0,0,0,0,0,0,0,0,0,0,0,0,0,0,0,0,0,0,2026-08-28 12:34:28.130815+00,2026-08-28 12:34:28.130815+00
16410,16412,t,-2878301320346958566,"SELECT RES_ENT_ID,LIB_FEAT_ID,FTYPE_ID,UTYPE_CODE,SUPPRESSED,OBS_ENT_CNT FROM RES_FEAT_EKEY WHERE RES_ENT_ID IN ($1,$2,$3,$4,$5,$6,$7,$8,$9,$10,$11,$12,$13,$14,$15,$16,$17,$18,$19,$20,$21,$22,$23,$24,$25,$26,$27,$28,$29,$30,$31,$32,$33,$34,$35,$36,$37,$38,$39,$40,$41,$42,$43,$44,$45,$46,$47,$48,$49,$50,$51,$52,$53,$54,$55,$56,$57,$58,$59,$60,$61,$62,$63,$64) AND FTYPE_ID IN ($65,$66,$67,$68,$69,$70,$71)",0,0,0,0,0,0,404,1184.2335470000005,0.625103,29.824952,2.9312711559405953,4.8235966524411555,427269,72578,0,0,0,0,0,0,0,0,0,0,0,0,0,0,0,0,0,0,0,0,0,0,0,0,0,0,0,0,2026-08-28 13:38:02.224593+00,2026-08-28 13:38:02.224593+00
16410,16412,t,-7917967829882534877,"INSERT INTO RES_REL_EKEY(RES_REL_ID,RES_ENT_ID,REL_ENT_ID) VALUES ($1,$2,$3),($4,$5,$6),($7,$8,$9),($10,$11,$12),($13,$14,$15),($16,$17,$18),($19,$20,$21),($22,$23,$24),($25,$26,$27),($28,$29,$30),($31,$32,$33),($34,$35,$36),($37,$38,$39),($40,$41,$42),($43,$44,$45),($46,$47,$48),($49,$50,$51),($52,$53,$54),($55,$56,$57),($58,$59,$60),($61,$62,$63),($64,$65,$66),($67,$68,$69),($70,$71,$72),($73,$74,$75),($76,$77,$78),($79,$80,$81) ON CONFLICT DO NOTHING",0,0,0,0,0,0,60,426.7903379999999,0.328864,88.73275699999999,7.113172299999999,18.48402054211792,1620,13061,0,0,12,0,0,0,0,0,0,0,0.09446100000000002,0,0,0,0,0,0,0,0,0,0,0,0,0,0,0,0,0,2026-08-28 13:32:58.454523+00,2026-08-28 13:32:58.454523+00
16410,16412,t,-7207532726117570600,"SELECT RES_ENT_ID FROM RES_ENT WHERE RES_ENT_ID IN ($1,$2,$3,$4,$5,$6,$7,$8,$9,$10,$11,$12,$13,$14,$15,$16)",0,0,0,0,0,0,8192,1001.2653749999994,0.028616,19.918725000000002,0.12222477722167961,0.6228357463490043,88215,368252,0,0,0,0,0,0,0,0,0,0,0,0,0,0,0,0,0,0,0,0,0,0,0,0,0,0,0,0,2026-08-28 13:28:07.574081+00,2026-08-28 13:28:07.574081+00
10,16384,t,-2441052622722955631,"DECLARE ""query-cursor_2"" SCROLL CURSOR FOR select queryid, left(query, $1), calls, (total_plan_time + total_exec_time) as total_time from aurora_stat_statements($2) order by calls desc limit $3 FOR READ ONLY",0,0,0,0,0,0,1,0.068916,0.068916,0.068916,0.068916,0,0,0,0,0,0,0,0,0,0,0,0,0,0,0,0,0,0,0,0,0,0,0,0,0,0,0,0,0,0,0,2026-08-28 11:50:28.125301+00,2026-08-28 11:50:28.125301+00
10,16384,t,5935074263328662327,"MOVE -404 IN ""query-cursor_46""",0,0,0,0,0,0,1,0.009844,0.009844,0.009844,0.009844,0,0,0,0,0,0,0,0,0,0,0,0,0,0,0,0,0,0,0,0,0,0,0,0,0,0,0,0,0,0,0,2026-08-28 12:34:28.129359+00,2026-08-28 12:34:28.129359+00
10,16384,t,9216504333387898376,"FETCH 29 IN ""query-cursor_17""",0,0,0,0,0,0,1,0.002571,0.002571,0.002571,0.002571,0,29,0,0,0,0,0,0,0,0,0,0,0,0,0,0,0,0,0,0,0,0,0,0,0,0,0,0,0,0,0,2026-08-28 12:05:28.127853+00,2026-08-28 12:05:28.127853+00
10,16384,t,-9200803875893278089,"MOVE ALL IN ""query-cursor_109""",0,0,0,0,0,0,1,7.020521,7.020521,7.020521,7.020521,0,0,0,0,0,0,0,0,0,0,0,0,0,0,0,0,0,0,0,0,0,0,0,0,0,0,0,0,0,0,0,2026-08-28 13:40:28.141429+00,2026-08-28 13:40:28.141429+00
10,16384,t,-3962174738190597963,"FETCH 50 IN ""query-cursor_40""",0,0,0,0,0,0,7,0.023236999999999997,0.00275,0.005678,0.0033195714285714282,0.0009754863779004749,350,0,0,0,0,0,0,0,0,0,0,0,0,0,0,0,0,0,0,0,0,0,0,0,0,0,0,0,0,0,2026-08-28 12:28:28.128936+00,2026-08-28 12:28:28.128936+00
10,16384,t,7264249228596904214,"MOVE ALL IN ""query-cursor_98""",0,0,0,0,0,0,1,1.522133,1.522133,1.522133,1.522133,0,0,0,0,0,0,0,0,0,0,0,0,0,0,0,0,0,0,0,0,0,0,0,0,0,0,0,0,0,0,0,2026-08-28 13:26:28.133662+00,2026-08-28 13:26:28.133662+00
10,16384,t,-7754909931522516697,"MOVE -1762 IN ""query-cursor_162""",0,0,0,0,0,0,1,0.033385,0.033385,0.033385,0.033385,0,0,0,0,0,0,0,0,0,0,0,0,0,0,0,0,0,0,0,0,0,0,0,0,0,0,0,0,0,0,0,2026-08-28 14:35:28.141657+00,2026-08-28 14:35:28.141657+00
16410,16412,t,7289625077629806937,"SELECT RES_ENT_ID,LIB_FEAT_ID,FTYPE_ID,UTYPE_CODE,SUPPRESSED,OBS_ENT_CNT FROM RES_FEAT_EKEY WHERE RES_ENT_ID IN ($1,$2,$3,$4,$5,$6,$7,$8) AND FTYPE_ID IN ($9,$10,$11,$12,$13,$14,$15,$16,$17,$18)",0,0,0,0,0,0,29015,11752.887435999855,0.060727,52.793054999999995,0.40506246548336566,1.5748189489906095,4044574,837177,0,0,0,0,0,0,0,0,0,0,0,0,0,0,0,0,0,0,0,0,0,0,0,0,0,0,0,0,2026-08-28 13:27:23.789879+00,2026-08-28 13:27:23.789879+00
16410,16412,t,1440651055128080051,"INSERT INTO SYS_SEQUENCE (SEQUENCE_NAME,NEXT_SEQUENCE,CACHE_SIZE) VALUES ($1,$2,$3)",0,0,0,0,0,0,5,1.1611879999999999,0.017431,1.048676,0.2322376,0.408353162483946,5,23,1,0,2,0,0,0,0,0,0,0.968645,0.01371,0,0,0,0,0,0,0,0,0,0,0,0,0,0,0,0,0,2026-08-28 11:51:27.950036+00,2026-08-28 11:51:27.950036+00
16410,16412,t,-8209814248549162043,"SELECT RES_ENT_ID,LIB_FEAT_ID,FTYPE_ID,UTYPE_CODE,SUPPRESSED,OBS_ENT_CNT FROM RES_FEAT_EKEY WHERE RES_ENT_ID IN ($1,$2,$3,$4,$5,$6,$7,$8,$9,$10,$11,$12,$13,$14,$15,$16,$17,$18,$19,$20,$21,$22,$23,$24,$25,$26,$27,$28,$29,$30,$31,$32,$33,$34,$35,$36,$37,$38,$39,$40,$41,$42,$43,$44,$45,$46,$47,$48,$49,$50,$51,$52,$53,$54,$55,$56,$57,$58,$59,$60,$61,$62,$63,$64) AND FTYPE_ID IN ($65,$66,$67,$68,$69,$70,$71,$72,$73,$74,$75,$76,$77,$78,$79,$80,$81,$82,$83,$84,$85,$86,$87)",0,0,0,0,0,0,108,6507.3714279999995,2.2234160000000003,382.38600099999996,60.253439148148146,64.58243987113444,5806360,81722,0,0,0,0,0,0,0,0,0,0,0,0,0,0,0,0,0,0,0,0,0,0,0,0,0,0,0,0,2026-08-28 13:27:31.449497+00,2026-08-28 13:27:31.449497+00
10,16384,t,8234634555272129651,"FETCH 50 IN ""query-cursor_85""",0,0,0,0,0,0,13,0.042714,0.002709,0.005996,0.003285692307692308,0.0008189441029685612,650,0,0,0,0,0,0,0,0,0,0,0,0,0,0,0,0,0,0,0,0,0,0,0,0,0,0,0,0,0,2026-08-28 13:13:28.132965+00,2026-08-28 13:13:28.132965+00
16410,16412,t,-6467742522613907551,"SELECT OBS_ENT_ID,RES_ENT_ID FROM RES_ENT_OKEY WHERE OBS_ENT_ID IN ($1,$2,$3,$4,$5,$6,$7,$8,$9,$10,$11,$12,$13,$14,$15,$16,$17,$18,$19,$20,$21,$22,$23,$24,$25,$26,$27,$28,$29,$30,$31,$32)",0,0,0,0,0,0,1,0.159632,0.159632,0.159632,0.159632,0,28,118,0,0,0,0,0,0,0,0,0,0,0,0,0,0,0,0,0,0,0,0,0,0,0,0,0,0,0,0,2026-08-28 13:38:36.106779+00,2026-08-28 13:38:36.106779+00
10,16384,t,9147053801346091222,"DECLARE ""query-cursor_20"" SCROLL CURSOR FOR select queryid, left(query, $1), calls, (total_plan_time + total_exec_time) as total_time from aurora_stat_statements($2) order by calls desc limit $3 FOR READ ONLY",0,0,0,0,0,0,1,0.065904,0.065904,0.065904,0.065904,0,0,0,0,0,0,0,0,0,0,0,0,0,0,0,0,0,0,0,0,0,0,0,0,0,0,0,0,0,0,0,2026-08-28 12:08:28.126625+00,2026-08-28 12:08:28.126625+00
16410,16412,t,2217019257567348291,"UPDATE RES_RELATE AS T SET IS_DISCLOSED=C.IS_DISCLOSED,IS_AMBIGUOUS=C.IS_AMBIGUOUS,LAST_ERRULE_ID=C.LAST_ERRULE_ID,MATCH_KEY=C.MATCH_KEY,MATCH_KEY_DETAILS=C.MATCH_KEY_DETAILS,MATCH_LEVELS=C.MATCH_LEVELS FROM (VALUES (CAST ($1 AS BIGINT),CAST ($2 AS BIGINT),CAST ($3 AS BIGINT),CAST ($4 AS BIGINT),$5,$6,$7),(CAST ($8 AS BIGINT),CAST ($9 AS BIGINT),CAST ($10 AS BIGINT),CAST ($11 AS BIGINT),$12,$13,$14)) AS C(RES_REL_ID,IS_DISCLOSED,IS_AMBIGUOUS,LAST_ERRULE_ID,MATCH_KEY,MATCH_KEY_DETAILS,MATCH_LEVELS) WHERE C.RES_REL_ID=T.RES_REL_ID",0,0,0,0,0,0,8812,3732.3873530000074,0.039049,41.006966999999996,0.4235573482750803,1.7884645049304506,17624,201890,0,0,1553,0,0,0,0,0,0,0,66.39157200000007,0,0,0,0,0,0,0,0,0,0,0,0,0,0,0,0,0,2026-08-28 13:27:45.624784+00,2026-08-28 13:27:45.624784+00
10,16384,t,2344278064480610403,"FETCH 45 IN ""query-cursor_58""",0,0,0,0,0,0,1,0.003328,0.003328,0.003328,0.003328,0,45,0,0,0,0,0,0,0,0,0,0,0,0,0,0,0,0,0,0,0,0,0,0,0,0,0,0,0,0,0,2026-08-28 12:46:28.132126+00,2026-08-28 12:46:28.132126+00
10,16384,t,4583534835356614174,"MOVE ALL IN ""query-cursor_151""",0,0,0,0,0,0,1,4.72036,4.72036,4.72036,4.72036,0,0,0,0,0,0,0,0,0,0,0,0,0,0,0,0,0,0,0,0,0,0,0,0,0,0,0,0,0,0,0,2026-08-28 14:24:28.140916+00,2026-08-28 14:24:28.140916+00
10,16384,t,6334433028590865640,"MOVE -605 IN ""query-cursor_76""",0,0,0,0,0,0,1,0.0138,0.0138,0.0138,0.0138,0,0,0,0,0,0,0,0,0,0,0,0,0,0,0,0,0,0,0,0,0,0,0,0,0,0,0,0,0,0,0,2026-08-28 13:04:28.131939+00,2026-08-28 13:04:28.131939+00
10,16384,t,-6286160798469014704,"FETCH 27 IN ""query-cursor_25""",0,0,0,0,0,0,1,0.002346,0.002346,0.002346,0.002346,0,27,0,0,0,0,0,0,0,0,0,0,0,0,0,0,0,0,0,0,0,0,0,0,0,0,0,0,0,0,0,2026-08-28 12:13:28.128623+00,2026-08-28 12:13:28.128623+00
10,16384,t,-1895649104986546290,"DECLARE ""query-cursor_108"" SCROLL CURSOR FOR select queryid, left(query, $1), calls, (total_plan_time + total_exec_time) as total_time from aurora_stat_statements($2) order by calls desc limit $3 FOR READ ONLY",0,0,0,0,0,0,1,0.087466,0.087466,0.087466,0.087466,0,0,0,0,0,0,0,0,0,0,0,0,0,0,0,0,0,0,0,0,0,0,0,0,0,0,0,0,0,0,0,2026-08-28 13:38:28.929825+00,2026-08-28 13:38:28.929825+00
16410,16412,t,-6078229899071038424,"INSERT INTO RES_REL_EKEY(RES_REL_ID,RES_ENT_ID,REL_ENT_ID) VALUES ($1,$2,$3),($4,$5,$6) ON CONFLICT DO NOTHING",0,0,0,0,0,0,280742,170116.62710199988,0.02647,3430.89206,0.6059536054526928,6.781630867148475,561484,4601811,0,0,9999,0,0,0,0,0,0,0,852.541343000001,0,0,0,0,0,0,0,0,0,0,0,0,0,0,0,0,0,2026-08-28 13:27:23.194042+00,2026-08-28 13:27:23.194042+00
10,16384,t,1423712592550963629,"DECLARE ""query-cursor_44"" SCROLL CURSOR FOR select queryid, left(query, $1), calls, (total_plan_time + total_exec_time) as total_time from aurora_stat_statements($2) order by calls desc limit $3 FOR READ ONLY",0,0,0,0,0,0,1,0.065606,0.065606,0.065606,0.065606,0,0,0,0,0,0,0,0,0,0,0,0,0,0,0,0,0,0,0,0,0,0,0,0,0,0,0,0,0,0,0,2026-08-28 12:32:28.128277+00,2026-08-28 12:32:28.128277+00
16410,16412,t,-6055356073271835131,"SELECT RES_ENT_ID,LIB_FEAT_ID,FTYPE_ID,UTYPE_CODE,SUPPRESSED,OBS_ENT_CNT FROM RES_FEAT_EKEY WHERE RES_ENT_ID IN ($1,$2) AND FTYPE_ID IN ($3,$4,$5,$6,$7,$8,$9)",0,0,0,0,0,0,6996,711.5390310000008,0.023669,26.096437,0.10170655102915964,0.5811293890631045,167971,59171,0,0,0,0,0,0,0,0,0,0,0,0,0,0,0,0,0,0,0,0,0,0,0,0,0,0,0,0,2026-08-28 13:27:26.134954+00,2026-08-28 13:27:26.134954+00
16410,16412,t,8222817518443076321,"SELECT RES_ENT_ID,LIB_FEAT_ID,FTYPE_ID,UTYPE_CODE,SUPPRESSED,OBS_ENT_CNT FROM RES_FEAT_EKEY WHERE RES_ENT_ID IN ($1,$2,$3,$4) AND FTYPE_ID IN ($5,$6,$7,$8,$9,$10,$11,$12)",0,0,0,0,0,0,13182,3607.6587470000095,0.033853,72.134451,0.2736806817630109,1.5712662714328196,582737,193670,0,0,0,0,0,0,0,0,0,0,0,0,0,0,0,0,0,0,0,0,0,0,0,0,0,0,0,0,2026-08-28 13:27:37.935025+00,2026-08-28 13:27:37.935025+00
10,16384,t,-4864179748423860453,"FETCH 50 IN ""query-cursor_55""",0,0,0,0,0,0,9,0.029488,0.002851,0.005219,0.0032764444444444447,0.0007037626037728457,450,0,0,0,0,0,0,0,0,0,0,0,0,0,0,0,0,0,0,0,0,0,0,0,0,0,0,0,0,0,2026-08-28 12:43:28.1302+00,2026-08-28 12:43:28.1302+00
10,16384,t,1193909140622587467,"FETCH 50 IN ""query-cursor_23""",0,0,0,0,0,0,5,0.017688,0.002899,0.004769,0.0035375999999999997,0.0006715068428541885,250,0,0,0,0,0,0,0,0,0,0,0,0,0,0,0,0,0,0,0,0,0,0,0,0,0,0,0,0,0,2026-08-28 12:11:28.127558+00,2026-08-28 12:11:28.127558+00
16410,16412,t,-8673607796849856739,"UPDATE RES_ENT_OKEY SET ERRULE_ID=$1,MATCH_KEY=$2 WHERE OBS_ENT_ID=$3",0,0,0,0,0,0,3467,579.7923849999991,0.013652000000000001,14.78122,0.16723172339198128,0.7355603256398685,3467,38620,0,0,94,0,0,0,0,0,0,0,0.8777199999999998,0,0,0,0,0,0,0,0,0,0,0,0,0,0,0,0,0,2026-08-28 13:27:57.009871+00,2026-08-28 13:27:57.009871+00
16410,16412,t,-9087557789738934427,"SELECT LIB_FEAT_ID,FEAT_DESC,FTYPE_ID,ANONYMIZED,FEAT_HASH,VERSION,FELEM_VALUES FROM LIB_FEAT WHERE LIB_FEAT_ID IN ($1,$2)",0,0,0,0,0,0,32130,1324.6306979999995,0.008095,44.067403,0.04122722371615311,0.4000772866189418,64260,176303,0,0,0,0,0,0,0,0,0,0,0,0,0,0,0,0,0,0,0,0,0,0,0,0,0,0,0,0,2026-08-28 13:27:24.837211+00,2026-08-28 13:27:24.837211+00
10,16384,t,958954460366040813,"FETCH 9 IN ""query-cursor_22""",0,0,0,0,0,0,1,0.001488,0.001488,0.001488,0.001488,0,9,0,0,0,0,0,0,0,0,0,0,0,0,0,0,0,0,0,0,0,0,0,0,0,0,0,0,0,0,0,2026-08-28 12:10:28.128423+00,2026-08-28 12:10:28.128423+00
16410,16412,t,2365696719625049773,"INSERT INTO RES_RELATE(RES_REL_ID,MIN_RES_ENT_ID,MAX_RES_ENT_ID,IS_DISCLOSED,IS_AMBIGUOUS,LAST_ERRULE_ID,MATCH_KEY,MATCH_KEY_DETAILS,MATCH_LEVELS) VALUES ($1,$2,$3,$4,$5,$6,$7,$8,$9),($10,$11,$12,$13,$14,$15,$16,$17,$18),($19,$20,$21,$22,$23,$24,$25,$26,$27),($28,$29,$30,$31,$32,$33,$34,$35,$36),($37,$38,$39,$40,$41,$42,$43,$44,$45) ON CONFLICT DO NOTHING",0,0,0,0,0,0,5351,7148.418658000002,0.060313,53.108812,1.335903318632032,4.2669179130094825,26755,219672,0,0,1263,0,0,0,0,0,0,0,168.305628,0,0,0,0,0,0,0,0,0,0,0,0,0,0,0,0,0,2026-08-28 13:27:29.327979+00,2026-08-28 13:27:29.327979+00
10,16384,t,-270855755569380705,"MOVE -58 IN ""query-cursor_1""",0,0,0,0,0,0,1,0.003578,0.003578,0.003578,0.003578,0,0,0,0,0,0,0,0,0,0,0,0,0,0,0,0,0,0,0,0,0,0,0,0,0,0,0,0,0,0,0,2026-08-28 11:49:28.123281+00,2026-08-28 11:49:28.123281+00
16410,16412,t,-8146812299997567330,"UPDATE RES_FEAT_EKEY AS T SET SUPPRESSED=C.SUPPRESSED,OBS_ENT_CNT=C.OBS_ENT_CNT FROM (VALUES (CAST ($1 AS BIGINT),CAST ($2 AS BIGINT),$3,$4,CAST ($5 AS BIGINT)),(CAST ($6 AS BIGINT),CAST ($7 AS BIGINT),$8,$9,CAST ($10 AS BIGINT)),(CAST ($11 AS BIGINT),CAST ($12 AS BIGINT),$13,$14,CAST ($15 AS BIGINT)),(CAST ($16 AS BIGINT),CAST ($17 AS BIGINT),$18,$19,CAST ($20 AS BIGINT)),(CAST ($21 AS BIGINT),CAST ($22 AS BIGINT),$23,$24,CAST ($25 AS BIGINT)),(CAST ($26 AS BIGINT),CAST ($27 AS BIGINT),$28,$29,CAST ($30 AS BIGINT)),(CAST ($31 AS BIGINT),CAST ($32 AS BIGINT),$33,$34,CAST ($35 AS BIGINT)),(CAST ($36 AS BIGINT),CAST ($37 AS BIGINT),$38,$39,CAST ($40 AS BIGINT)),(CAST ($41 AS BIGINT),CAST ($42 AS BIGINT),$43,$44,CAST ($45 AS BIGINT)),(CAST ($46 AS BIGINT),CAST ($47 AS BIGINT),$48,$49,CAST ($50 AS BIGINT)),(CAST ($51 AS BIGINT),CAST ($52 AS BIGINT),$53,$54,CAST ($55 AS BIGINT)),(CAST ($56 AS BIGINT),CAST ($57 AS BIGINT),$58,$59,CAST ($60 AS BIGINT))) AS C(RES_ENT_ID,LIB_FEAT_ID,UTYPE_CODE,SUPPRESSED,OBS_ENT_CNT) WHERE C.RES_ENT_ID=T.RES_ENT_ID AND C.LIB_FEAT_ID=T.LIB_FEAT_ID AND C.UTYPE_CODE=T.UTYPE_CODE",0,0,0,0,0,0,294,1192.5369220000002,0.102439,120.89362200000001,4.056248034013606,12.152833526838206,3528,45086,0,0,9,0,0,0,0,0,0,0,0.074775,0,0,0,0,0,0,0,0,0,0,0,0,0,0,0,0,0,2026-08-28 13:28:10.087582+00,2026-08-28 13:28:10.087582+00
10,16384,t,7290626183108181108,"FETCH 41 IN ""query-cursor_19""",0,0,0,0,0,0,1,0.002991,0.002991,0.002991,0.002991,0,41,0,0,0,0,0,0,0,0,0,0,0,0,0,0,0,0,0,0,0,0,0,0,0,0,0,0,0,0,0,2026-08-28 12:07:28.128023+00,2026-08-28 12:07:28.128023+00
10,16384,t,-8741477912144261603,"MOVE -623 IN ""query-cursor_79""",0,0,0,0,0,0,1,0.013586,0.013586,0.013586,0.013586,0,0,0,0,0,0,0,0,0,0,0,0,0,0,0,0,0,0,0,0,0,0,0,0,0,0,0,0,0,0,0,2026-08-28 13:07:28.132134+00,2026-08-28 13:07:28.132134+00
16410,16412,t,-6586603142530847027,SELECT LIB_FEAT_ID FROM NAME_EMBEDDING WHERE LIB_FEAT_ID IN ($1),0,0,0,0,0,0,379009,6487.323169999818,0.005037,20.718277,0.01711654121669886,0.09415059611966824,379009,1892100,0,0,0,0,0,0,0,0,0,0,0,0,0,0,0,0,0,0,0,0,0,0,0,0,0,0,0,0,2026-08-28 13:27:26.132645+00,2026-08-28 13:27:26.132645+00
10,16384,t,-7394930567131828572,"FETCH 0 IN ""query-cursor_49""",0,0,0,0,0,0,1,0.004537,0.004537,0.004537,0.004537,0,0,0,0,0,0,0,0,0,0,0,0,0,0,0,0,0,0,0,0,0,0,0,0,0,0,0,0,0,0,0,2026-08-28 12:37:28.128665+00,2026-08-28 12:37:28.128665+00
10,16384,t,4418547340378024283,"MOVE ALL IN ""query-cursor_5""",0,0,0,0,0,0,1,0.299579,0.299579,0.299579,0.299579,0,0,0,0,0,0,0,0,0,0,0,0,0,0,0,0,0,0,0,0,0,0,0,0,0,0,0,0,0,0,0,2026-08-28 11:53:28.125942+00,2026-08-28 11:53:28.125942+00
16410,16412,t,3471293218990579826,"SELECT RES_ENT_ID,LIB_FEAT_ID,FTYPE_ID,UTYPE_CODE,SUPPRESSED,OBS_ENT_CNT FROM RES_FEAT_EKEY WHERE RES_ENT_ID IN ($1,$2,$3,$4,$5,$6,$7,$8,$9,$10,$11,$12,$13,$14,$15,$16,$17,$18,$19,$20,$21,$22,$23,$24,$25,$26,$27,$28,$29,$30,$31,$32,$33,$34,$35,$36,$37,$38,$39,$40,$41,$42,$43,$44,$45,$46,$47,$48,$49,$50,$51,$52,$53,$54,$55,$56,$57,$58,$59,$60,$61,$62,$63,$64,$65,$66,$67,$68,$69,$70,$71,$72,$73,$74,$75) AND FTYPE_ID IN ($76,$77,$78,$79,$80,$81,$82,$83,$84,$85,$86,$87,$88,$89,$90,$91,$92,$93,$94,$95,$96,$97,$98,$99,$100)",0,0,0,0,0,0,123,28388.235305000013,23.28137,810.873571,230.79866101626027,153.27441922449935,19255688,233130,0,0,0,0,0,0,0,0,0,0,0,0,0,0,0,0,0,0,0,0,0,0,0,0,0,0,0,0,2026-08-28 13:28:10.313515+00,2026-08-28 13:28:10.313515+00
10,16384,t,-2365067061292931968,"MOVE ALL IN ""query-cursor_66""",0,0,0,0,0,0,1,1.184564,1.184564,1.184564,1.184564,0,0,0,0,0,0,0,0,0,0,0,0,0,0,0,0,0,0,0,0,0,0,0,0,0,0,0,0,0,0,0,2026-08-28 12:54:28.131093+00,2026-08-28 12:54:28.131093+00
10,16384,t,-4924178588047206423,"DECLARE ""query-cursor_67"" SCROLL CURSOR FOR select queryid, left(query, $1), calls, (total_plan_time + total_exec_time) as total_time from aurora_stat_statements($2) order by calls desc limit $3 FOR READ ONLY",0,0,0,0,0,0,1,0.066575,0.066575,0.066575,0.066575,0,0,0,0,0,0,0,0,0,0,0,0,0,0,0,0,0,0,0,0,0,0,0,0,0,0,0,0,0,0,0,2026-08-28 12:55:28.129903+00,2026-08-28 12:55:28.129903+00
16410,16412,t,108456945316397155,"CREATE TABLE IF NOT EXISTS perf.snap_scalar (
  label       text        NOT NULL,
  captured_at timestamptz NOT NULL DEFAULT now(),
  metric      text        NOT NULL,
  value       numeric
)",0,0,0,0,0,0,1,5.260037,5.260037,5.260037,5.260037,0,0,358,1,0,1,0,0,0,0,0,0,1.261336,0.00245,0,0,0,0,0,0,0,0,0,0,0,0,0,0,0,0,0,2026-08-28 13:26:32.351004+00,2026-08-28 13:26:32.351004+00
10,16384,t,8387279066885404908,"FETCH 0 IN ""query-cursor_15""",0,0,0,0,0,0,1,0.003809,0.003809,0.003809,0.003809,0,0,0,0,0,0,0,0,0,0,0,0,0,0,0,0,0,0,0,0,0,0,0,0,0,0,0,0,0,0,0,2026-08-28 12:03:28.126308+00,2026-08-28 12:03:28.126308+00
10,16384,t,-2112713807114820320,"FETCH 1 IN ""query-cursor_127""",0,0,0,0,0,0,1,0.001554,0.001554,0.001554,0.001554,0,1,0,0,0,0,0,0,0,0,0,0,0,0,0,0,0,0,0,0,0,0,0,0,0,0,0,0,0,0,0,2026-08-28 14:00:28.149663+00,2026-08-28 14:00:28.149663+00
10,16384,t,-3997877719446827235,"FETCH 50 IN ""query-cursor_77""",0,0,0,0,0,0,12,0.038829999999999996,0.002798,0.005962,0.003235833333333333,0.0008426559038078488,600,0,0,0,0,0,0,0,0,0,0,0,0,0,0,0,0,0,0,0,0,0,0,0,0,0,0,0,0,0,2026-08-28 13:05:28.13204+00,2026-08-28 13:05:28.13204+00
10,16384,t,-661088431209006249,SELECT count(*) FROM pg_replication_slots where slot_type = $1,0,0,0,0,0,0,352,2.4185969999999988,0.003309,0.022545,0.006871014204545451,0.00235177763214302,352,0,0,0,0,0,0,0,0,0,0,0,0,0,0,0,0,0,0,0,0,0,0,0,0,0,0,0,0,0,2026-08-28 11:48:37.791146+00,2026-08-28 11:48:37.791146+00
10,16384,t,-7154972803351067278,"FETCH 0 IN ""query-cursor_109""",0,0,0,0,0,0,1,0.005016,0.005016,0.005016,0.005016,0,0,0,0,0,0,0,0,0,0,0,0,0,0,0,0,0,0,0,0,0,0,0,0,0,0,0,0,0,0,0,2026-08-28 13:40:28.134309+00,2026-08-28 13:40:28.134309+00
10,16384,t,1410643043170535912,"FETCH 50 IN ""query-cursor_98""",0,0,0,0,0,0,14,0.043039,0.002689,0.005595,0.0030742142857142856,0.0007290533175261725,700,0,0,0,0,0,0,0,0,0,0,0,0,0,0,0,0,0,0,0,0,0,0,0,0,0,0,0,0,0,2026-08-28 13:26:28.133758+00,2026-08-28 13:26:28.133758+00
10,16384,t,-8602476461305373730,"FETCH 31 IN ""query-cursor_34""",0,0,0,0,0,0,1,0.002754,0.002754,0.002754,0.002754,0,31,0,0,0,0,0,0,0,0,0,0,0,0,0,0,0,0,0,0,0,0,0,0,0,0,0,0,0,0,0,2026-08-28 12:22:28.129525+00,2026-08-28 12:22:28.129525+00
10,16384,t,8009776355789219805,"FETCH 13 IN ""query-cursor_56""",0,0,0,0,0,0,1,0.001851,0.001851,0.001851,0.001851,0,13,0,0,0,0,0,0,0,0,0,0,0,0,0,0,0,0,0,0,0,0,0,0,0,0,0,0,0,0,0,2026-08-28 12:44:28.131873+00,2026-08-28 12:44:28.131873+00
16410,16412,t,-6851622849550622369,"SELECT RES_ENT_ID,LIB_FEAT_ID,FTYPE_ID,UTYPE_CODE,SUPPRESSED,OBS_ENT_CNT FROM RES_FEAT_EKEY WHERE RES_ENT_ID IN ($1,$2) AND FTYPE_ID IN ($3,$4,$5,$6,$7,$8,$9,$10,$11,$12,$13,$14,$15,$16,$17,$18,$19,$20,$21,$22,$23,$24,$25,$26,$27,$28,$29,$30,$31,$32,$33,$34,$35,$36,$37,$38,$39,$40,$41,$42,$43,$44,$45,$46,$47,$48,$49,$50,$51,$52,$53,$54,$55,$56,$57,$58,$59)",0,0,0,0,0,0,1,12.673645,12.673645,12.673645,12.673645,0,2207,149,0,0,0,0,0,0,0,0,0,0,0,0,0,0,0,0,0,0,0,0,0,0,0,0,0,0,0,0,2026-08-28 13:41:10.848108+00,2026-08-28 13:41:10.848108+00
16410,16412,t,5971316311177016722,"SELECT RES_ENT_ID,LIB_FEAT_ID,FTYPE_ID,UTYPE_CODE,SUPPRESSED,OBS_ENT_CNT FROM RES_FEAT_EKEY WHERE RES_ENT_ID IN ($1,$2,$3,$4,$5,$6,$7,$8,$9,$10,$11,$12,$13,$14,$15,$16,$17,$18,$19,$20,$21,$22,$23,$24,$25,$26,$27,$28,$29,$30,$31,$32,$33,$34,$35,$36,$37,$38,$39,$40,$41,$42,$43,$44,$45,$46,$47,$48,$49,$50,$51,$52,$53,$54,$55,$56,$57,$58,$59,$60,$61,$62,$63,$64) AND FTYPE_ID IN ($65,$66,$67,$68,$69,$70,$71,$72,$73,$74,$75,$76,$77,$78)",0,0,0,0,0,0,869,26398.038307999974,0.867365,576.499299,30.37748942232448,46.36775096905843,7649429,267506,0,0,0,0,0,0,0,0,0,0,0,0,0,0,0,0,0,0,0,0,0,0,0,0,0,0,0,0,2026-08-28 13:27:33.362477+00,2026-08-28 13:27:33.362477+00
10,16384,t,7399806141608867259,"DECLARE ""query-cursor_151"" SCROLL CURSOR FOR select queryid, left(query, $1), calls, (total_plan_time + total_exec_time) as total_time from aurora_stat_statements($2) order by calls desc limit $3 FOR READ ONLY",0,0,0,0,0,0,1,0.069129,0.069129,0.069129,0.069129,0,0,0,0,0,0,0,0,0,0,0,0,0,0,0,0,0,0,0,0,0,0,0,0,0,0,0,0,0,0,0,2026-08-28 14:24:28.136094+00,2026-08-28 14:24:28.136094+00
16410,16412,t,-9088190058880923715,UPDATE DSRC_RECORD SET LAST_SEEN_DT=$1 WHERE DSRC_ID=$2 AND RECORD_ID=$3 AND ENT_SRC_KEY=$4,0,0,0,0,0,0,299262,170724.48217699447,0.021701,5108.642758,0.5704850003575277,22.967716527266898,299262,3914652,1,0,9954,0,0,0,0,0,0,0,472.5806099999987,0,0,0,0,0,0,0,0,0,0,0,0,0,0,0,0,0,2026-08-28 13:27:25.652793+00,2026-08-28 13:27:25.652793+00
16410,16412,t,2122564699452596603,"SELECT RES_ENT_ID,LIB_FEAT_ID,FTYPE_ID,UTYPE_CODE,SUPPRESSED,OBS_ENT_CNT FROM RES_FEAT_EKEY WHERE RES_ENT_ID IN ($1,$2,$3,$4,$5,$6,$7,$8,$9,$10,$11,$12,$13,$14,$15,$16,$17,$18,$19,$20,$21,$22,$23,$24,$25,$26,$27,$28,$29,$30,$31,$32,$33,$34,$35,$36,$37,$38,$39,$40,$41,$42,$43,$44,$45,$46,$47,$48,$49,$50,$51,$52,$53,$54,$55,$56,$57,$58,$59,$60,$61,$62,$63,$64,$65,$66,$67,$68,$69,$70,$71,$72,$73,$74) AND FTYPE_ID IN ($75,$76,$77,$78,$79,$80,$81,$82,$83,$84,$85,$86,$87,$88,$89,$90,$91,$92,$93,$94,$95,$96,$97,$98,$99,$100)",0,0,0,0,0,0,23,5859.282898,25.968353,1472.30769,254.7514303478261,346.1696246555383,2785314,35189,0,0,0,0,0,0,0,0,0,0,0,0,0,0,0,0,0,0,0,0,0,0,0,0,0,0,0,0,2026-08-28 13:29:45.314766+00,2026-08-28 13:29:45.314766+00
16410,16412,t,-8577454267970785103,"SELECT RES_ENT_ID,LIB_FEAT_ID,FTYPE_ID,UTYPE_CODE,SUPPRESSED,OBS_ENT_CNT FROM RES_FEAT_EKEY WHERE RES_ENT_ID IN ($1) AND FTYPE_ID IN ($2,$3,$4,$5,$6,$7,$8,$9,$10,$11,$12,$13,$14,$15,$16,$17,$18,$19,$20,$21,$22,$23,$24,$25,$26,$27,$28,$29,$30,$31,$32,$33,$34,$35,$36,$37,$38,$39,$40,$41,$42,$43,$44,$45,$46,$47,$48,$49,$50,$51,$52,$53,$54,$55,$56,$57,$58,$59,$60,$61,$62,$63,$64,$65,$66,$67)",0,0,0,0,0,0,97,3.9745139999999997,0.006625,0.720051,0.04097437113402062,0.08210844502371713,1716,414,0,0,0,0,0,0,0,0,0,0,0,0,0,0,0,0,0,0,0,0,0,0,0,0,0,0,0,0,2026-08-28 13:32:23.587778+00,2026-08-28 13:32:23.587778+00
10,16384,t,-1261008061833814073,"MOVE -720 IN ""query-cursor_95""",0,0,0,0,0,0,1,0.014734,0.014734,0.014734,0.014734,0,0,0,0,0,0,0,0,0,0,0,0,0,0,0,0,0,0,0,0,0,0,0,0,0,0,0,0,0,0,0,2026-08-28 13:23:28.133521+00,2026-08-28 13:23:28.133521+00
10,16384,t,6612386223681862796,"FETCH 29 IN ""query-cursor_42""",0,0,0,0,0,0,1,0.002551,0.002551,0.002551,0.002551,0,29,0,0,0,0,0,0,0,0,0,0,0,0,0,0,0,0,0,0,0,0,0,0,0,0,0,0,0,0,0,2026-08-28 12:30:28.130393+00,2026-08-28 12:30:28.130393+00
10,16384,t,5206668728933866932,"FETCH 50 IN ""query-cursor_82""",0,0,0,0,0,0,12,0.037258,0.002795,0.004895,0.003104833333333333,0.0005773841634667706,600,0,0,0,0,0,0,0,0,0,0,0,0,0,0,0,0,0,0,0,0,0,0,0,0,0,0,0,0,0,2026-08-28 13:10:28.132356+00,2026-08-28 13:10:28.132356+00
10,16384,t,-372586229477078363,"MOVE ALL IN ""query-cursor_71""",0,0,0,0,0,0,1,1.223716,1.223716,1.223716,1.223716,0,0,0,0,0,0,0,0,0,0,0,0,0,0,0,0,0,0,0,0,0,0,0,0,0,0,0,0,0,0,0,2026-08-28 12:59:28.131515+00,2026-08-28 12:59:28.131515+00
16410,16412,t,8045183438110623580,"SELECT RES_ENT_ID,LIB_FEAT_ID,FTYPE_ID,UTYPE_CODE,SUPPRESSED,OBS_ENT_CNT FROM RES_FEAT_EKEY WHERE RES_ENT_ID IN ($1) AND FTYPE_ID IN ($2,$3,$4,$5,$6,$7,$8,$9,$10,$11,$12,$13,$14,$15,$16,$17,$18,$19,$20,$21,$22)",0,0,0,0,0,0,105,12.520999999999999,0.017445,0.900504,0.11924761904761903,0.14314755915923033,13660,570,0,0,0,0,0,0,0,0,0,0,0,0,0,0,0,0,0,0,0,0,0,0,0,0,0,0,0,0,2026-08-28 13:27:28.538434+00,2026-08-28 13:27:28.538434+00
16410,16412,t,1303901034283077487,"SELECT RES_ENT_ID,LIB_FEAT_ID,FTYPE_ID,UTYPE_CODE,SUPPRESSED,OBS_ENT_CNT FROM RES_FEAT_EKEY WHERE RES_ENT_ID IN ($1,$2,$3,$4,$5,$6,$7,$8) AND FTYPE_ID IN ($9,$10,$11,$12,$13,$14,$15,$16,$17,$18,$19,$20,$21,$22,$23,$24,$25,$26,$27)",0,0,0,0,0,0,366,555.6128950000001,0.128295,27.108055999999998,1.5180680191256832,2.318149055759783,683693,17462,0,0,0,0,0,0,0,0,0,0,0,0,0,0,0,0,0,0,0,0,0,0,0,0,0,0,0,0,2026-08-28 13:27:24.605478+00,2026-08-28 13:27:24.605478+00
10,16384,t,-3185161248351787730,"MOVE ALL IN ""query-cursor_95""",0,0,0,0,0,0,1,1.492471,1.492471,1.492471,1.492471,0,0,0,0,0,0,0,0,0,0,0,0,0,0,0,0,0,0,0,0,0,0,0,0,0,0,0,0,0,0,0,2026-08-28 13:23:28.133457+00,2026-08-28 13:23:28.133457+00
10,16384,t,5383767572014801432,"DECLARE ""query-cursor_95"" SCROLL CURSOR FOR select queryid, left(query, $1), calls, (total_plan_time + total_exec_time) as total_time from aurora_stat_statements($2) order by calls desc limit $3 FOR READ ONLY",0,0,0,0,0,0,1,0.065147,0.065147,0.065147,0.065147,0,0,0,0,0,0,0,0,0,0,0,0,0,0,0,0,0,0,0,0,0,0,0,0,0,0,0,0,0,0,0,2026-08-28 13:23:28.131881+00,2026-08-28 13:23:28.131881+00
16410,16412,t,2933749994313928233,"INSERT INTO RES_RELATE(RES_REL_ID,MIN_RES_ENT_ID,MAX_RES_ENT_ID,IS_DISCLOSED,IS_AMBIGUOUS,LAST_ERRULE_ID,MATCH_KEY,MATCH_KEY_DETAILS,MATCH_LEVELS) VALUES ($1,$2,$3,$4,$5,$6,$7,$8,$9),($10,$11,$12,$13,$14,$15,$16,$17,$18),($19,$20,$21,$22,$23,$24,$25,$26,$27),($28,$29,$30,$31,$32,$33,$34,$35,$36),($37,$38,$39,$40,$41,$42,$43,$44,$45),($46,$47,$48,$49,$50,$51,$52,$53,$54) ON CONFLICT DO NOTHING",0,0,0,0,0,0,3926,6180.577711999982,0.073944,64.19041200000001,1.574268393275594,5.161796250032866,23556,193021,0,0,1016,0,0,0,0,0,0,0,78.29730700000012,0,0,0,0,0,0,0,0,0,0,0,0,0,0,0,0,0,2026-08-28 13:27:30.873754+00,2026-08-28 13:27:30.873754+00
16410,16412,t,-493001679317631125,UPDATE SYS_SEQUENCE SET NEXT_SEQUENCE = $1 WHERE SEQUENCE_NAME = $2 AND NEXT_SEQUENCE = $3,0,0,0,0,0,0,622,110.77473000000009,0.014225,12.787354,0.17809442122186508,0.6897629853104396,616,2592,0,0,1,0,0,0,0,0,0,0,0.011999,0,0,0,0,0,0,0,0,0,0,0,0,0,0,0,0,0,2026-08-28 13:27:22.096142+00,2026-08-28 13:27:22.096142+00
10,16384,t,-8948125106588980930,"FETCH 0 IN ""query-cursor_161""",0,0,0,0,0,0,1,0.003845,0.003845,0.003845,0.003845,0,0,0,0,0,0,0,0,0,0,0,0,0,0,0,0,0,0,0,0,0,0,0,0,0,0,0,0,0,0,0,2026-08-28 14:34:28.136628+00,2026-08-28 14:34:28.136628+00
16410,16412,t,2168675765292875470,"SELECT RES_ENT_ID,LIB_FEAT_ID,FTYPE_ID,UTYPE_CODE,SUPPRESSED,OBS_ENT_CNT FROM RES_FEAT_EKEY WHERE RES_ENT_ID IN ($1) AND FTYPE_ID IN ($2,$3,$4,$5,$6,$7,$8,$9,$10,$11,$12,$13,$14,$15,$16,$17,$18,$19,$20,$21,$22,$23,$24,$25,$26,$27,$28,$29,$30,$31,$32,$33,$34,$35,$36,$37,$38,$39,$40,$41,$42,$43,$44,$45,$46,$47,$48,$49,$50,$51,$52,$53,$54,$55)",0,0,0,0,0,0,12,1.03978,0.007654,0.35566,0.08664833333333333,0.10906674861014647,30,103,0,0,0,0,0,0,0,0,0,0,0,0,0,0,0,0,0,0,0,0,0,0,0,0,0,0,0,0,2026-08-28 13:29:22.911216+00,2026-08-28 13:29:22.911216+00
10,16384,t,5158008173617707473,"MOVE ALL IN ""query-cursor_36""",0,0,0,0,0,0,1,0.720019,0.720019,0.720019,0.720019,0,0,0,0,0,0,0,0,0,0,0,0,0,0,0,0,0,0,0,0,0,0,0,0,0,0,0,0,0,0,0,2026-08-28 12:24:28.128547+00,2026-08-28 12:24:28.128547+00
10,16384,t,-8608073327900628397,"FETCH 50 IN ""query-cursor_62""",0,0,0,0,0,0,10,0.032364,0.002778,0.005258,0.0032363999999999995,0.0007111731434749207,500,0,0,0,0,0,0,0,0,0,0,0,0,0,0,0,0,0,0,0,0,0,0,0,0,0,0,0,0,0,2026-08-28 12:50:28.130817+00,2026-08-28 12:50:28.130817+00
16410,16412,t,-8343583779223196694,"INSERT INTO RES_REL_EKEY(RES_REL_ID,RES_ENT_ID,REL_ENT_ID) VALUES ($1,$2,$3),($4,$5,$6),($7,$8,$9),($10,$11,$12),($13,$14,$15),($16,$17,$18),($19,$20,$21),($22,$23,$24) ON CONFLICT DO NOTHING",0,0,0,0,0,0,8796,16416.93143399999,0.088131,144.930988,1.8664087578444737,6.278413005921709,70368,560394,0,0,737,0,0,0,0,0,0,0,60.87279099999995,0,0,0,0,0,0,0,0,0,0,0,0,0,0,0,0,0,2026-08-28 13:27:28.648428+00,2026-08-28 13:27:28.648428+00
10,16384,t,2032245790780400417,"FETCH 50 IN ""query-cursor_151""",0,0,0,0,0,0,33,0.144112,0.002885,0.006851,0.004367030303030303,0.001057736476456769,1650,0,0,0,0,0,0,0,0,0,0,0,0,0,0,0,0,0,0,0,0,0,0,0,0,0,0,0,0,0,2026-08-28 14:24:28.141046+00,2026-08-28 14:24:28.141046+00
10,16384,t,-1314129076410679664,"FETCH 50 IN ""query-cursor_5""",0,0,0,0,0,0,2,0.010568000000000001,0.005249,0.005319,0.0052840000000000005,3.500000000000009e-05,100,0,0,0,0,0,0,0,0,0,0,0,0,0,0,0,0,0,0,0,0,0,0,0,0,0,0,0,0,0,2026-08-28 11:53:28.126034+00,2026-08-28 11:53:28.126034+00
10,16384,t,8549841591413832532,"FETCH 0 IN ""query-cursor_61""",0,0,0,0,0,0,1,0.003668,0.003668,0.003668,0.003668,0,0,0,0,0,0,0,0,0,0,0,0,0,0,0,0,0,0,0,0,0,0,0,0,0,0,0,0,0,0,0,2026-08-28 12:49:28.12956+00,2026-08-28 12:49:28.12956+00
10,16384,t,-2824287152550872290,"MOVE -248 IN ""query-cursor_20""",0,0,0,0,0,0,1,0.007217,0.007217,0.007217,0.007217,0,0,0,0,0,0,0,0,0,0,0,0,0,0,0,0,0,0,0,0,0,0,0,0,0,0,0,0,0,0,0,2026-08-28 12:08:28.1273+00,2026-08-28 12:08:28.1273+00
10,16384,t,6925877210758612429,"select s.*, extract($1 from s.lastattempt) as lastattempt_ts from rds_get_stat_dxl_counters() as s where s.lastattempt > (now() - interval $2 second) limit $3",0,0,0,0,0,0,168,14.526984999999996,0.024838,0.47582,0.08647014880952379,0.0827129004031587,3275,0,0,0,0,0,0,0,0,0,0,0,0,0,0,0,0,0,0,0,0,0,0,0,0,0,0,0,0,0,2026-08-28 11:51:38.176043+00,2026-08-28 11:51:38.176043+00
10,16384,t,-1400261599978570491,"MOVE -131 IN ""query-cursor_5""",0,0,0,0,0,0,1,0.004723,0.004723,0.004723,0.004723,0,0,0,0,0,0,0,0,0,0,0,0,0,0,0,0,0,0,0,0,0,0,0,0,0,0,0,0,0,0,0,2026-08-28 11:53:28.125993+00,2026-08-28 11:53:28.125993+00
10,16384,t,-8089588622244042518,"FETCH 50 IN ""query-cursor_112""",0,0,0,0,0,0,29,0.18601899999999996,0.003555,0.016494,0.006414448275862067,0.0029551840316835967,1450,0,0,0,0,0,0,0,0,0,0,0,0,0,0,0,0,0,0,0,0,0,0,0,0,0,0,0,0,0,2026-08-28 13:45:28.137915+00,2026-08-28 13:45:28.137915+00
10,16384,t,-1994909267493890649,"FETCH 27 IN ""query-cursor_148""",0,0,0,0,0,0,1,0.00296,0.00296,0.00296,0.00296,0,27,0,0,0,0,0,0,0,0,0,0,0,0,0,0,0,0,0,0,0,0,0,0,0,0,0,0,0,0,0,2026-08-28 14:21:28.151731+00,2026-08-28 14:21:28.151731+00
16410,16412,t,-1344124429297238396,"SELECT LIB_FEAT_ID,FTYPE_ID,UTYPE_CODE,SUPPRESSED,OBS_ENT_CNT FROM RES_FEAT_EKEY WHERE RES_ENT_ID=$1 AND LIB_FEAT_ID IN ($2,$3)",0,0,0,0,0,0,31095,795.4580139999968,0.009585999999999999,15.011379999999999,0.025581540890818356,0.13826735911182983,29844,256157,0,0,0,0,0,0,0,0,0,0,0,0,0,0,0,0,0,0,0,0,0,0,0,0,0,0,0,0,2026-08-28 13:27:35.183791+00,2026-08-28 13:27:35.183791+00
10,16384,t,2746482423493722230,"FETCH 50 IN ""query-cursor_28""",0,0,0,0,0,0,5,0.017679999999999998,0.002982,0.004847,0.0035359999999999996,0.0006719809521109953,250,0,0,0,0,0,0,0,0,0,0,0,0,0,0,0,0,0,0,0,0,0,0,0,0,0,0,0,0,0,2026-08-28 12:16:28.127986+00,2026-08-28 12:16:28.127986+00
10,16384,t,-8730175284826826698,"MOVE -714 IN ""query-cursor_94""",0,0,0,0,0,0,1,0.015088,0.015088,0.015088,0.015088,0,0,0,0,0,0,0,0,0,0,0,0,0,0,0,0,0,0,0,0,0,0,0,0,0,0,0,0,0,0,0,2026-08-28 13:22:28.13351+00,2026-08-28 13:22:28.13351+00
10,16384,t,-8686624014269891000,"MOVE -1483 IN ""query-cursor_116""",0,0,0,0,0,0,1,0.028453,0.028453,0.028453,0.028453,0,0,0,0,0,0,0,0,0,0,0,0,0,0,0,0,0,0,0,0,0,0,0,0,0,0,0,0,0,0,0,2026-08-28 13:49:28.13746+00,2026-08-28 13:49:28.13746+00
16410,16412,t,-2884953225901982212,"INSERT INTO RES_FEAT_STAT(LIB_FEAT_ID,FTYPE_ID,NUM_RES_ENT,NUM_RES_ENT_OOM) VALUES ($1,$2,$3,$4),($5,$6,$7,$8),($9,$10,$11,$12),($13,$14,$15,$16),($17,$18,$19,$20),($21,$22,$23,$24),($25,$26,$27,$28),($29,$30,$31,$32),($33,$34,$35,$36),($37,$38,$39,$40) ON CONFLICT DO NOTHING",0,0,0,0,0,0,64519,213334.2668249986,0.089445,780.33898,3.3065339950247,15.566324947703158,644908,5341716,1,0,7401,0,0,0,0,0,0,0,338.59129000000075,0,0,0,0,0,0,0,0,0,0,0,0,0,0,0,0,0,2026-08-28 13:27:22.279865+00,2026-08-28 13:27:22.279865+00
16410,16412,t,4243341905726445606,"SELECT RES_ENT_ID,LIB_FEAT_ID,FTYPE_ID,UTYPE_CODE,SUPPRESSED,OBS_ENT_CNT FROM RES_FEAT_EKEY WHERE RES_ENT_ID IN ($1) AND FTYPE_ID IN ($2,$3,$4,$5,$6,$7,$8,$9,$10,$11,$12,$13,$14,$15,$16,$17,$18,$19,$20,$21,$22,$23,$24,$25,$26,$27,$28,$29,$30,$31,$32,$33,$34,$35,$36,$37,$38,$39,$40,$41,$42,$43,$44,$45,$46,$47,$48,$49,$50,$51,$52,$53,$54,$55,$56,$57,$58,$59,$60,$61)",0,0,0,0,0,0,81,5.652825999999999,0.005504,0.6718,0.06978797530864196,0.08475190331071933,2292,478,0,0,0,0,0,0,0,0,0,0,0,0,0,0,0,0,0,0,0,0,0,0,0,0,0,0,0,0,2026-08-28 13:28:42.115402+00,2026-08-28 13:28:42.115402+00
16410,16412,t,6563348674723447594,"SELECT OBS_ENT_ID,RES_ENT_ID FROM RES_ENT_OKEY WHERE OBS_ENT_ID IN ($1,$2,$3,$4,$5,$6,$7,$8,$9,$10,$11,$12,$13,$14,$15,$16)",0,0,0,0,0,0,3,0.239612,0.069907,0.095541,0.07987066666666666,0.011216060577978743,35,105,0,0,0,0,0,0,0,0,0,0,0,0,0,0,0,0,0,0,0,0,0,0,0,0,0,0,0,0,2026-08-28 13:30:21.514547+00,2026-08-28 13:30:21.514547+00
10,16384,t,6596478764857276949,"FETCH 27 IN ""query-cursor_2""",0,0,0,0,0,0,1,0.002414,0.002414,0.002414,0.002414,0,27,0,0,0,0,0,0,0,0,0,0,0,0,0,0,0,0,0,0,0,0,0,0,0,0,0,0,0,0,0,2026-08-28 11:50:28.125892+00,2026-08-28 11:50:28.125892+00
10,16384,t,4870017124964983526,"MOVE -452 IN ""query-cursor_54""",0,0,0,0,0,0,1,0.010352,0.010352,0.010352,0.010352,0,0,0,0,0,0,0,0,0,0,0,0,0,0,0,0,0,0,0,0,0,0,0,0,0,0,0,0,0,0,0,2026-08-28 12:42:28.129852+00,2026-08-28 12:42:28.129852+00
10,16384,t,3643937922883522298,RESET password_encryption,0,0,0,0,0,0,1,0.019396,0.019396,0.019396,0.019396,0,0,2,0,0,0,0,0,0,0,0,0,0,0,0,0,0,0,0,0,0,0,0,0,0,0,0,0,0,0,0,2026-08-28 11:49:42.792691+00,2026-08-28 11:49:42.792691+00
10,16384,t,8005730387992086667,"DECLARE ""query-cursor_152"" SCROLL CURSOR FOR select queryid, left(query, $1), calls, (total_plan_time + total_exec_time) as total_time from aurora_stat_statements($2) order by calls desc limit $3 FOR READ ONLY",0,0,0,0,0,0,1,0.068732,0.068732,0.068732,0.068732,0,0,0,0,0,0,0,0,0,0,0,0,0,0,0,0,0,0,0,0,0,0,0,0,0,0,0,0,0,0,0,2026-08-28 14:25:28.135801+00,2026-08-28 14:25:28.135801+00
16410,16412,t,-3275599645675314415,"SELECT RES_ENT_ID,LIB_FEAT_ID,FTYPE_ID,UTYPE_CODE,SUPPRESSED,OBS_ENT_CNT FROM RES_FEAT_EKEY WHERE RES_ENT_ID IN ($1,$2,$3,$4,$5,$6,$7,$8,$9,$10,$11,$12,$13,$14,$15,$16,$17,$18,$19,$20,$21,$22,$23,$24,$25,$26,$27,$28,$29,$30,$31,$32,$33,$34,$35,$36,$37,$38,$39,$40,$41,$42,$43,$44,$45,$46,$47,$48,$49,$50,$51,$52,$53,$54,$55,$56,$57,$58,$59,$60,$61,$62,$63,$64,$65,$66,$67,$68,$69,$70,$71,$72,$73,$74,$75,$76,$77,$78,$79,$80,$81,$82,$83,$84,$85,$86,$87) AND FTYPE_ID IN ($88,$89,$90,$91,$92,$93,$94,$95,$96,$97,$98,$99,$100)",0,0,0,0,0,0,572,61078.96150400001,2.119457,1563.7124330000001,106.78140123076925,144.10860222361669,25805710,563399,0,0,0,0,0,0,0,0,0,0,0,0,0,0,0,0,0,0,0,0,0,0,0,0,0,0,0,0,2026-08-28 13:27:37.298444+00,2026-08-28 13:27:37.298444+00
10,16384,t,-8467516012372928762,"DECLARE ""query-cursor_116"" SCROLL CURSOR FOR select queryid, left(query, $1), calls, (total_plan_time + total_exec_time) as total_time from aurora_stat_statements($2) order by calls desc limit $3 FOR READ ONLY",0,0,0,0,0,0,1,0.062936,0.062936,0.062936,0.062936,0,0,0,0,0,0,0,0,0,0,0,0,0,0,0,0,0,0,0,0,0,0,0,0,0,0,0,0,0,0,0,2026-08-28 13:49:28.133595+00,2026-08-28 13:49:28.133595+00
10,16384,t,5853544804209105791,"FETCH 50 IN ""query-cursor_71""",0,0,0,0,0,0,11,0.037271,0.002889,0.00584,0.003388272727272727,0.0007981294143078997,550,0,0,0,0,0,0,0,0,0,0,0,0,0,0,0,0,0,0,0,0,0,0,0,0,0,0,0,0,0,2026-08-28 12:59:28.131616+00,2026-08-28 12:59:28.131616+00
16410,16412,t,-2193889459607516543,DELETE FROM RES_FEAT_EKEY WHERE ((RES_ENT_ID=$1 AND LIB_FEAT_ID=$2 AND UTYPE_CODE=$3)OR(RES_ENT_ID=$4 AND LIB_FEAT_ID=$5 AND UTYPE_CODE=$6)),0,0,0,0,0,0,22590,16617.922619999907,0.008254,3845.645352,0.7356318114209786,33.08925402735212,45171,249449,0,0,0,0,0,0,0,0,0,0,0,0,0,0,0,0,0,0,0,0,0,0,0,0,0,0,0,0,2026-08-28 13:27:35.590221+00,2026-08-28 13:27:35.590221+00
10,16384,t,-880529480321919995,"DECLARE ""query-cursor_42"" SCROLL CURSOR FOR select queryid, left(query, $1), calls, (total_plan_time + total_exec_time) as total_time from aurora_stat_statements($2) order by calls desc limit $3 FOR READ ONLY",0,0,0,0,0,0,1,0.063978,0.063978,0.063978,0.063978,0,0,0,0,0,0,0,0,0,0,0,0,0,0,0,0,0,0,0,0,0,0,0,0,0,0,0,0,0,0,0,2026-08-28 12:30:28.128137+00,2026-08-28 12:30:28.128137+00
16410,16412,t,-5521255891085523446,"SELECT LIB_FEAT_ID FROM NAME_EMBEDDING WHERE LIB_FEAT_ID IN ($1,$2)",0,0,0,0,0,0,2279,54.88306700000001,0.012618,0.9571529999999999,0.02408208293111014,0.02916918463602558,4558,20509,0,0,0,0,0,0,0,0,0,0,0,0,0,0,0,0,0,0,0,0,0,0,0,0,0,0,0,0,2026-08-28 13:34:18.571523+00,2026-08-28 13:34:18.571523+00
10,16384,t,-598588462805794187,"DECLARE ""query-cursor_9"" SCROLL CURSOR FOR select queryid, left(query, $1), calls, (total_plan_time + total_exec_time) as total_time from aurora_stat_statements($2) order by calls desc limit $3 FOR READ ONLY",0,0,0,0,0,0,1,0.067201,0.067201,0.067201,0.067201,0,0,0,0,0,0,0,0,0,0,0,0,0,0,0,0,0,0,0,0,0,0,0,0,0,0,0,0,0,0,0,2026-08-28 11:57:28.125799+00,2026-08-28 11:57:28.125799+00
10,16384,t,-5855184805546688965,"MOVE ALL IN ""query-cursor_54""",0,0,0,0,0,0,1,0.882584,0.882584,0.882584,0.882584,0,0,0,0,0,0,0,0,0,0,0,0,0,0,0,0,0,0,0,0,0,0,0,0,0,0,0,0,0,0,0,2026-08-28 12:42:28.129799+00,2026-08-28 12:42:28.129799+00
16410,16412,t,-568525172407805593,"SELECT RES_ENT_ID,LIB_FEAT_ID,FTYPE_ID,UTYPE_CODE,SUPPRESSED,OBS_ENT_CNT FROM RES_FEAT_EKEY WHERE RES_ENT_ID IN ($1,$2,$3,$4,$5,$6,$7,$8,$9,$10,$11,$12,$13,$14,$15,$16) AND FTYPE_ID IN ($17,$18,$19,$20,$21)",0,0,0,0,0,0,58,56.64263100000001,0.156954,32.114303,0.9765970862068967,4.181257948501904,7832,2775,0,0,0,0,0,0,0,0,0,0,0,0,0,0,0,0,0,0,0,0,0,0,0,0,0,0,0,0,2026-08-28 13:38:08.817795+00,2026-08-28 13:38:08.817795+00
10,16384,t,-7279999791433004205,"DECLARE ""query-cursor_22"" SCROLL CURSOR FOR select queryid, left(query, $1), calls, (total_plan_time + total_exec_time) as total_time from aurora_stat_statements($2) order by calls desc limit $3 FOR READ ONLY",0,0,0,0,0,0,1,0.063656,0.063656,0.063656,0.063656,0,0,0,0,0,0,0,0,0,0,0,0,0,0,0,0,0,0,0,0,0,0,0,0,0,0,0,0,0,0,0,2026-08-28 12:10:28.126759+00,2026-08-28 12:10:28.126759+00
10,16384,t,-8920447358576804304,"DECLARE ""query-cursor_7"" SCROLL CURSOR FOR select queryid, left(query, $1), calls, (total_plan_time + total_exec_time) as total_time from aurora_stat_statements($2) order by calls desc limit $3 FOR READ ONLY",0,0,0,0,0,0,1,0.066673,0.066673,0.066673,0.066673,0,0,0,0,0,0,0,0,0,0,0,0,0,0,0,0,0,0,0,0,0,0,0,0,0,0,0,0,0,0,0,2026-08-28 11:55:28.125663+00,2026-08-28 11:55:28.125663+00
16410,16412,t,4168663614536664549,"UPDATE RES_FEAT_EKEY AS T SET SUPPRESSED=C.SUPPRESSED,OBS_ENT_CNT=C.OBS_ENT_CNT FROM (VALUES (CAST ($1 AS BIGINT),CAST ($2 AS BIGINT),$3,$4,CAST ($5 AS BIGINT)),(CAST ($6 AS BIGINT),CAST ($7 AS BIGINT),$8,$9,CAST ($10 AS BIGINT)),(CAST ($11 AS BIGINT),CAST ($12 AS BIGINT),$13,$14,CAST ($15 AS BIGINT)),(CAST ($16 AS BIGINT),CAST ($17 AS BIGINT),$18,$19,CAST ($20 AS BIGINT)),(CAST ($21 AS BIGINT),CAST ($22 AS BIGINT),$23,$24,CAST ($25 AS BIGINT))) AS C(RES_ENT_ID,LIB_FEAT_ID,UTYPE_CODE,SUPPRESSED,OBS_ENT_CNT) WHERE C.RES_ENT_ID=T.RES_ENT_ID AND C.LIB_FEAT_ID=T.LIB_FEAT_ID AND C.UTYPE_CODE=T.UTYPE_CODE",0,0,0,0,0,0,604,1092.6998229999986,0.055785,85.97148200000001,1.8091056672185406,6.350419866649777,3020,37567,0,0,5,0,0,0,0,0,0,0,0.041535,0,0,0,0,0,0,0,0,0,0,0,0,0,0,0,0,0,2026-08-28 13:27:52.980921+00,2026-08-28 13:27:52.980921+00
10,16384,t,5710808941202523497,"FETCH 0 IN ""query-cursor_72""",0,0,0,0,0,0,1,0.003674,0.003674,0.003674,0.003674,0,0,0,0,0,0,0,0,0,0,0,0,0,0,0,0,0,0,0,0,0,0,0,0,0,0,0,0,0,0,0,2026-08-28 13:00:28.130336+00,2026-08-28 13:00:28.130336+00
10,16384,t,3424414348398721157,"MOVE ALL IN ""query-cursor_7""",0,0,0,0,0,0,1,0.352417,0.352417,0.352417,0.352417,0,0,0,0,0,0,0,0,0,0,0,0,0,0,0,0,0,0,0,0,0,0,0,0,0,0,0,0,0,0,0,2026-08-28 11:55:28.126095+00,2026-08-28 11:55:28.126095+00
16410,16412,t,-1158957028104565609,"SELECT RES_ENT_ID,LIB_FEAT_ID,FTYPE_ID,UTYPE_CODE,SUPPRESSED,OBS_ENT_CNT FROM RES_FEAT_EKEY WHERE RES_ENT_ID IN ($1,$2) AND FTYPE_ID IN ($3,$4,$5,$6,$7,$8,$9,$10,$11,$12,$13,$14,$15,$16,$17,$18,$19,$20,$21,$22,$23,$24,$25,$26)",0,0,0,0,0,0,8,3.8357409999999996,0.161382,0.892108,0.47946762499999995,0.24210993007203227,7587,124,0,0,0,0,0,0,0,0,0,0,0,0,0,0,0,0,0,0,0,0,0,0,0,0,0,0,0,0,2026-08-28 13:27:29.291675+00,2026-08-28 13:27:29.291675+00
10,16384,t,5851742452113051159,"FETCH 0 IN ""query-cursor_50""",0,0,0,0,0,0,1,0.00405,0.00405,0.00405,0.00405,0,0,0,0,0,0,0,0,0,0,0,0,0,0,0,0,0,0,0,0,0,0,0,0,0,0,0,0,0,0,0,2026-08-28 12:38:28.128722+00,2026-08-28 12:38:28.128722+00
10,16384,t,3594991941018395982,"DECLARE ""query-cursor_8"" SCROLL CURSOR FOR select queryid, left(query, $1), calls, (total_plan_time + total_exec_time) as total_time from aurora_stat_statements($2) order by calls desc limit $3 FOR READ ONLY",0,0,0,0,0,0,1,0.077331,0.077331,0.077331,0.077331,0,0,0,0,0,0,0,0,0,0,0,0,0,0,0,0,0,0,0,0,0,0,0,0,0,0,0,0,0,0,0,2026-08-28 11:56:28.125727+00,2026-08-28 11:56:28.125727+00
10,5,t,-1342905154215104636,"SELECT E.NAME, X.EXTVERSION, X.EXTVERSION=E.DEFAULT_VERSION IS_DEFAULT_VERSION
FROM PG_CATALOG.PG_AVAILABLE_EXTENSIONS() E INNER JOIN PG_EXTENSION X ON (E.NAME=X.EXTNAME)",0,0,0,0,0,0,1,1.873269,1.873269,1.873269,1.873269,0,1,1,1,0,0,0,0,0,0,0,0,0.476798,0,0,0,0,0,0,0,0,0,0,0,0,0,0,0,0,0,0,2026-08-28 12:45:00.415267+00,2026-08-28 12:45:00.415267+00
10,16384,t,3771269362132575902,"FETCH 50 IN ""query-cursor_10""",0,0,0,0,0,0,3,0.011260000000000001,0.00337,0.004516,0.0037533333333333338,0.0005392892441806057,150,0,0,0,0,0,0,0,0,0,0,0,0,0,0,0,0,0,0,0,0,0,0,0,0,0,0,0,0,0,2026-08-28 11:58:28.126434+00,2026-08-28 11:58:28.126434+00
10,16384,t,-687066980111242938,"DECLARE ""query-cursor_98"" SCROLL CURSOR FOR select queryid, left(query, $1), calls, (total_plan_time + total_exec_time) as total_time from aurora_stat_statements($2) order by calls desc limit $3 FOR READ ONLY",0,0,0,0,0,0,1,0.056197,0.056197,0.056197,0.056197,0,0,0,0,0,0,0,0,0,0,0,0,0,0,0,0,0,0,0,0,0,0,0,0,0,0,0,0,0,0,0,2026-08-28 13:26:28.132057+00,2026-08-28 13:26:28.132057+00
16410,16412,t,396402882578500977,"SELECT RES_ENT_ID,LIB_FEAT_ID,FTYPE_ID,UTYPE_CODE,SUPPRESSED,OBS_ENT_CNT FROM RES_FEAT_EKEY WHERE RES_ENT_ID IN ($1,$2,$3,$4,$5,$6,$7,$8,$9,$10,$11,$12,$13,$14,$15,$16,$17,$18,$19,$20,$21,$22,$23,$24,$25,$26,$27,$28,$29,$30,$31,$32,$33,$34,$35,$36,$37,$38,$39,$40,$41,$42,$43,$44,$45,$46,$47,$48,$49,$50,$51,$52,$53,$54,$55,$56,$57,$58,$59,$60,$61,$62,$63,$64,$65,$66,$67,$68,$69,$70,$71,$72,$73,$74,$75,$76,$77,$78,$79,$80,$81,$82,$83,$84,$85,$86,$87,$88,$89,$90,$91) AND FTYPE_ID IN ($92,$93,$94,$95,$96,$97,$98,$99,$100)",0,0,0,0,0,0,4,397.806289,65.420133,174.25885699999998,99.45157225,44.55709233896586,140581,4129,0,0,0,0,0,0,0,0,0,0,0,0,0,0,0,0,0,0,0,0,0,0,0,0,0,0,0,0,2026-08-28 13:27:41.77358+00,2026-08-28 13:27:41.77358+00
16410,16412,t,8590729003510882151,"SELECT RES_ENT_ID,REL_ENT_ID,RES_REL_ID FROM RES_REL_EKEY WHERE RES_ENT_ID IN ($1,$2,$3,$4,$5,$6,$7,$8,$9,$10,$11,$12,$13,$14,$15,$16)",0,0,0,0,0,0,6465,1218.2097779999988,0.037008,36.411542,0.18843152018561465,1.011584668784353,461372,382421,0,0,0,0,0,0,0,0,0,0,0,0,0,0,0,0,0,0,0,0,0,0,0,0,0,0,0,0,2026-08-28 13:27:39.812303+00,2026-08-28 13:27:39.812303+00
16410,16412,t,-6020702859049655256,"SELECT LIB_FEAT_ID,UTYPE_CODE,RES_ENT_ID,OBS_ENT_CNT FROM RES_FEAT_EKEY WHERE LIB_FEAT_ID IN ($1,$2) AND RES_ENT_ID!=$3",0,0,0,0,0,0,100401,5065.076833999949,0.004581,46.690169,0.05044846997539814,0.5009800158817972,168788,899756,0,0,0,0,0,0,0,0,0,0,0,0,0,0,0,0,0,0,0,0,0,0,0,0,0,0,0,0,2026-08-28 13:27:23.022765+00,2026-08-28 13:27:23.022765+00
10,16384,t,1620792714262015262,"MOVE -1816 IN ""query-cursor_170""",0,0,0,0,0,0,1,0.034006,0.034006,0.034006,0.034006,0,0,0,0,0,0,0,0,0,0,0,0,0,0,0,0,0,0,0,0,0,0,0,0,0,0,0,0,0,0,0,2026-08-28 14:43:28.142397+00,2026-08-28 14:43:28.142397+00
16410,16412,t,3970424065163675817,"UPDATE OBS_ENT SET LAST_TOUCH_DT=$1 WHERE OBS_ENT_ID IN ($2,$3,$4,$5) AND LAST_TOUCH_DT=$6",0,0,0,0,0,0,4,1.365401,0.228299,0.400017,0.34135025,0.06653094025855566,12,306,0,0,0,0,0,0,0,0,0,0,0,0,0,0,0,0,0,0,0,0,0,0,0,0,0,0,0,0,2026-08-28 13:43:21.075952+00,2026-08-28 13:43:21.075952+00
10,16384,t,5106499444831535326,"MOVE ALL IN ""query-cursor_40""",0,0,0,0,0,0,1,0.767231,0.767231,0.767231,0.767231,0,0,0,0,0,0,0,0,0,0,0,0,0,0,0,0,0,0,0,0,0,0,0,0,0,0,0,0,0,0,0,2026-08-28 12:28:28.128843+00,2026-08-28 12:28:28.128843+00
10,16384,t,9086821083568467413,"FETCH 0 IN ""query-cursor_149""",0,0,0,0,0,0,1,0.003382,0.003382,0.003382,0.003382,0,0,0,0,0,0,0,0,0,0,0,0,0,0,0,0,0,0,0,0,0,0,0,0,0,0,0,0,0,0,0,2026-08-28 14:22:28.135836+00,2026-08-28 14:22:28.135836+00
10,16384,t,-3467756236458412455,"FETCH 11 IN ""query-cursor_14""",0,0,0,0,0,0,1,0.001727,0.001727,0.001727,0.001727,0,11,0,0,0,0,0,0,0,0,0,0,0,0,0,0,0,0,0,0,0,0,0,0,0,0,0,0,0,0,0,2026-08-28 12:02:28.127431+00,2026-08-28 12:02:28.127431+00
16410,16412,t,-4713931820648670966,"SELECT RES_REL_ID,MIN_RES_ENT_ID,MAX_RES_ENT_ID,IS_DISCLOSED,IS_AMBIGUOUS,LAST_ERRULE_ID,MATCH_LEVELS,MATCH_KEY,MATCH_KEY_DETAILS FROM RES_RELATE WHERE RES_REL_ID IN ($1,$2,$3,$4,$5,$6,$7,$8)",0,0,0,0,0,0,50325,2734.725303,0.010414999999999999,22.350655,0.05434128769001491,0.24387196213521992,312690,874974,0,0,0,0,0,0,0,0,0,0,0,0,0,0,0,0,0,0,0,0,0,0,0,0,0,0,0,0,2026-08-28 13:27:33.371636+00,2026-08-28 13:27:33.371636+00
10,16384,t,-176254839282276572,"FETCH 0 IN ""query-cursor_81""",0,0,0,0,0,0,1,0.003674,0.003674,0.003674,0.003674,0,0,0,0,0,0,0,0,0,0,0,0,0,0,0,0,0,0,0,0,0,0,0,0,0,0,0,0,0,0,0,2026-08-28 13:09:28.130933+00,2026-08-28 13:09:28.130933+00
10,16384,t,-2197211557941691483,"MOVE -562 IN ""query-cursor_69""",0,0,0,0,0,0,1,0.012517,0.012517,0.012517,0.012517,0,0,0,0,0,0,0,0,0,0,0,0,0,0,0,0,0,0,0,0,0,0,0,0,0,0,0,0,0,0,0,2026-08-28 12:57:28.13135+00,2026-08-28 12:57:28.13135+00
10,16384,t,-4227356311383499504,"MOVE ALL IN ""query-cursor_57""",0,0,0,0,0,0,1,1.062401,1.062401,1.062401,1.062401,0,0,0,0,0,0,0,0,0,0,0,0,0,0,0,0,0,0,0,0,0,0,0,0,0,0,0,0,0,0,0,2026-08-28 12:45:28.13033+00,2026-08-28 12:45:28.13033+00
10,16384,t,-7133235488091523657,"FETCH 7 IN ""query-cursor_128""",0,0,0,0,0,0,1,0.001961,0.001961,0.001961,0.001961,0,7,0,0,0,0,0,0,0,0,0,0,0,0,0,0,0,0,0,0,0,0,0,0,0,0,0,0,0,0,0,2026-08-28 14:01:28.149943+00,2026-08-28 14:01:28.149943+00
16410,16412,t,7984659688224427192,"UPDATE RES_FEAT_EKEY AS T SET SUPPRESSED = C.SUPPRESSED FROM (VALUES (CAST ($1 AS BIGINT),CAST ($2 AS BIGINT),$3,$4),(CAST ($5 AS BIGINT),CAST ($6 AS BIGINT),$7,$8),(CAST ($9 AS BIGINT),CAST ($10 AS BIGINT),$11,$12),(CAST ($13 AS BIGINT),CAST ($14 AS BIGINT),$15,$16),(CAST ($17 AS BIGINT),CAST ($18 AS BIGINT),$19,$20),(CAST ($21 AS BIGINT),CAST ($22 AS BIGINT),$23,$24),(CAST ($25 AS BIGINT),CAST ($26 AS BIGINT),$27,$28),(CAST ($29 AS BIGINT),CAST ($30 AS BIGINT),$31,$32)) AS C(RES_ENT_ID,LIB_FEAT_ID,UTYPE_CODE,SUPPRESSED) WHERE C.RES_ENT_ID=T.RES_ENT_ID AND C.LIB_FEAT_ID=T.LIB_FEAT_ID AND C.UTYPE_CODE=T.UTYPE_CODE",0,0,0,0,0,0,638,1508.6337750000005,0.071864,133.944663,2.364629741379311,7.983393114943069,5104,61716,0,0,17,0,0,0,0,0,0,0,1.3829939999999998,0,0,0,0,0,0,0,0,0,0,0,0,0,0,0,0,0,2026-08-28 13:27:27.186004+00,2026-08-28 13:27:27.186004+00
10,16384,t,5035096381371776823,"FETCH 32 IN ""query-cursor_116""",0,0,0,0,0,0,1,0.003055,0.003055,0.003055,0.003055,0,32,0,0,0,0,0,0,0,0,0,0,0,0,0,0,0,0,0,0,0,0,0,0,0,0,0,0,0,0,0,2026-08-28 13:49:28.147814+00,2026-08-28 13:49:28.147814+00
10,16384,t,530798630781728728,"MOVE -1576 IN ""query-cursor_131""",0,0,0,0,0,0,1,0.030417,0.030417,0.030417,0.030417,0,0,0,0,0,0,0,0,0,0,0,0,0,0,0,0,0,0,0,0,0,0,0,0,0,0,0,0,0,0,0,2026-08-28 14:04:28.138704+00,2026-08-28 14:04:28.138704+00
10,16384,t,3808706151679578028,"DECLARE ""query-cursor_78"" SCROLL CURSOR FOR select queryid, left(query, $1), calls, (total_plan_time + total_exec_time) as total_time from aurora_stat_statements($2) order by calls desc limit $3 FOR READ ONLY",0,0,0,0,0,0,1,0.047207,0.047207,0.047207,0.047207,0,0,0,0,0,0,0,0,0,0,0,0,0,0,0,0,0,0,0,0,0,0,0,0,0,0,0,0,0,0,0,2026-08-28 13:06:28.130589+00,2026-08-28 13:06:28.130589+00
10,16384,t,-8618004247154738048,"MOVE -1636 IN ""query-cursor_141""",0,0,0,0,0,0,1,0.030653,0.030653,0.030653,0.030653,0,0,0,0,0,0,0,0,0,0,0,0,0,0,0,0,0,0,0,0,0,0,0,0,0,0,0,0,0,0,0,2026-08-28 14:14:28.139625+00,2026-08-28 14:14:28.139625+00
16410,16412,t,-5897480452621090471,"SELECT RES_ENT_ID,LIB_FEAT_ID,FTYPE_ID,UTYPE_CODE,SUPPRESSED,OBS_ENT_CNT FROM RES_FEAT_EKEY WHERE RES_ENT_ID IN ($1,$2,$3,$4) AND FTYPE_ID IN ($5,$6,$7,$8,$9,$10,$11,$12,$13,$14,$15,$16,$17,$18,$19,$20,$21,$22,$23,$24,$25,$26,$27,$28,$29,$30,$31,$32,$33,$34,$35,$36,$37,$38,$39,$40,$41,$42,$43,$44,$45,$46,$47,$48,$49,$50,$51,$52,$53,$54,$55,$56,$57,$58,$59,$60,$61,$62,$63,$64,$65)",0,0,0,0,0,0,2,14.373998,0.222989,14.151009,7.186999,6.96401,110,45,0,0,0,0,0,0,0,0,0,0,0,0,0,0,0,0,0,0,0,0,0,0,0,0,0,0,0,0,2026-08-28 13:32:28.696633+00,2026-08-28 13:32:28.696633+00
16410,16412,t,3098869152066039965,"UPDATE RES_FEAT_EKEY AS T SET SUPPRESSED=C.SUPPRESSED,OBS_ENT_CNT=C.OBS_ENT_CNT FROM (VALUES (CAST ($1 AS BIGINT),CAST ($2 AS BIGINT),$3,$4,CAST ($5 AS BIGINT)),(CAST ($6 AS BIGINT),CAST ($7 AS BIGINT),$8,$9,CAST ($10 AS BIGINT)),(CAST ($11 AS BIGINT),CAST ($12 AS BIGINT),$13,$14,CAST ($15 AS BIGINT)),(CAST ($16 AS BIGINT),CAST ($17 AS BIGINT),$18,$19,CAST ($20 AS BIGINT)),(CAST ($21 AS BIGINT),CAST ($22 AS BIGINT),$23,$24,CAST ($25 AS BIGINT)),(CAST ($26 AS BIGINT),CAST ($27 AS BIGINT),$28,$29,CAST ($30 AS BIGINT)),(CAST ($31 AS BIGINT),CAST ($32 AS BIGINT),$33,$34,CAST ($35 AS BIGINT)),(CAST ($36 AS BIGINT),CAST ($37 AS BIGINT),$38,$39,CAST ($40 AS BIGINT)),(CAST ($41 AS BIGINT),CAST ($42 AS BIGINT),$43,$44,CAST ($45 AS BIGINT)),(CAST ($46 AS BIGINT),CAST ($47 AS BIGINT),$48,$49,CAST ($50 AS BIGINT)),(CAST ($51 AS BIGINT),CAST ($52 AS BIGINT),$53,$54,CAST ($55 AS BIGINT)),(CAST ($56 AS BIGINT),CAST ($57 AS BIGINT),$58,$59,CAST ($60 AS BIGINT)),(CAST ($61 AS BIGINT),CAST ($62 AS BIGINT),$63,$64,CAST ($65 AS BIGINT)),(CAST ($66 AS BIGINT),CAST ($67 AS BIGINT),$68,$69,CAST ($70 AS BIGINT)),(CAST ($71 AS BIGINT),CAST ($72 AS BIGINT),$73,$74,CAST ($75 AS BIGINT)),(CAST ($76 AS BIGINT),CAST ($77 AS BIGINT),$78,$79,CAST ($80 AS BIGINT))) AS C(RES_ENT_ID,LIB_FEAT_ID,UTYPE_CODE,SUPPRESSED,OBS_ENT_CNT) WHERE C.RES_ENT_ID=T.RES_ENT_ID AND C.LIB_FEAT_ID=T.LIB_FEAT_ID AND C.UTYPE_CODE=T.UTYPE_CODE",0,0,0,0,0,0,131,461.977129,0.151965,60.405233,3.5265429694656487,8.850168476079197,2096,29080,0,0,6,0,0,0,0,0,0,0,0.039879,0,0,0,0,0,0,0,0,0,0,0,0,0,0,0,0,0,2026-08-28 13:28:42.164925+00,2026-08-28 13:28:42.164925+00
16410,16412,t,1991016439677583512,DELETE FROM RES_FEAT_EKEY WHERE ((RES_ENT_ID=$1 AND LIB_FEAT_ID=$2 AND UTYPE_CODE=$3)OR(RES_ENT_ID=$4 AND LIB_FEAT_ID=$5 AND UTYPE_CODE=$6)OR(RES_ENT_ID=$7 AND LIB_FEAT_ID=$8 AND UTYPE_CODE=$9)OR(RES_ENT_ID=$10 AND LIB_FEAT_ID=$11 AND UTYPE_CODE=$12)OR(RES_ENT_ID=$13 AND LIB_FEAT_ID=$14 AND UTYPE_CODE=$15)OR(RES_ENT_ID=$16 AND LIB_FEAT_ID=$17 AND UTYPE_CODE=$18)OR(RES_ENT_ID=$19 AND LIB_FEAT_ID=$20 AND UTYPE_CODE=$21)OR(RES_ENT_ID=$22 AND LIB_FEAT_ID=$23 AND UTYPE_CODE=$24)OR(RES_ENT_ID=$25 AND LIB_FEAT_ID=$26 AND UTYPE_CODE=$27)OR(RES_ENT_ID=$28 AND LIB_FEAT_ID=$29 AND UTYPE_CODE=$30)OR(RES_ENT_ID=$31 AND LIB_FEAT_ID=$32 AND UTYPE_CODE=$33)OR(RES_ENT_ID=$34 AND LIB_FEAT_ID=$35 AND UTYPE_CODE=$36)OR(RES_ENT_ID=$37 AND LIB_FEAT_ID=$38 AND UTYPE_CODE=$39)OR(RES_ENT_ID=$40 AND LIB_FEAT_ID=$41 AND UTYPE_CODE=$42)OR(RES_ENT_ID=$43 AND LIB_FEAT_ID=$44 AND UTYPE_CODE=$45)OR(RES_ENT_ID=$46 AND LIB_FEAT_ID=$47 AND UTYPE_CODE=$48)OR(RES_ENT_ID=$49 AND LIB_FEAT_ID=$50 AND UTYPE_CODE=$51)OR(RES_ENT_ID=$52 AND LIB_FEAT_ID=$53 AND UTYPE_CODE=$54)OR(RES_ENT_ID=$55 AND LIB_FEAT_ID=$56 AND UTYPE_CODE=$57)OR(RES_ENT_ID=$58 AND LIB_FEAT_ID=$59 AND UTYPE_CODE=$60)OR(RES_ENT_ID=$61 AND LIB_FEAT_ID=$62 AND UTYPE_CODE=$63)OR(RES_ENT_ID=$64 AND LIB_FEAT_ID=$65 AND UTYPE_CODE=$66)OR(RES_ENT_ID=$67 AND LIB_FEAT_ID=$68 AND UTYPE_CODE=$69)OR(RES_ENT_ID=$70 AND LIB_FEAT_ID=$71 AND UTYPE_CODE=$72)OR(RES_ENT_ID=$73 AND LIB_FEAT_ID=$74 AND UTYPE_CODE=$75)OR(RES_ENT_ID=$76 AND LIB_FEAT_ID=$77 AND UTYPE_CODE=$78)OR(RES_ENT_ID=$79 AND LIB_FEAT_ID=$80 AND UTYPE_CODE=$81)OR(RES_ENT_ID=$82 AND LIB_FEAT_ID=$83 AND UTYPE_CODE=$84)OR(RES_ENT_ID=$85 AND LIB_FEAT_ID=$86 AND UTYPE_CODE=$87)OR(RES_ENT_ID=$88 AND LIB_FEAT_ID=$89 AND UTYPE_CODE=$90)OR(RES_ENT_ID=$91 AND LIB_FEAT_ID=$92 AND UTYPE_CODE=$93)),0,0,0,0,0,0,135,95.03786700000008,0.072352,33.328641,0.7039842000000006,3.1149546782976207,4154,20840,0,0,0,0,0,0,0,0,0,0,0,0,0,0,0,0,0,0,0,0,0,0,0,0,0,0,0,0,2026-08-28 13:28:11.299028+00,2026-08-28 13:28:11.299028+00
10,16384,t,-5871042623896747758,"MOVE -78 IN ""query-cursor_2""",0,0,0,0,0,0,1,0.003717,0.003717,0.003717,0.003717,0,0,0,0,0,0,0,0,0,0,0,0,0,0,0,0,0,0,0,0,0,0,0,0,0,0,0,0,0,0,0,2026-08-28 11:50:28.125615+00,2026-08-28 11:50:28.125615+00
16410,16412,t,-3783792205668402840,"SELECT NUM_RES_ENT,NUM_RES_ENT_OOM,CANDIDATE_CAP_REACHED,SCORING_CAP_REACHED FROM RES_FEAT_STAT WHERE LIB_FEAT_ID=$1",0,0,0,0,0,0,823573,24527.613476000148,0.0034319999999999997,59.648074,0.029781954333131546,0.2714910996247663,819426,3878204,0,0,0,0,0,0,0,0,0,0,0,0,0,0,0,0,0,0,0,0,0,0,0,0,0,0,0,0,2026-08-28 13:27:24.943309+00,2026-08-28 13:27:24.943309+00
10,16384,t,6295773584465139302,"DECLARE ""query-cursor_91"" SCROLL CURSOR FOR select queryid, left(query, $1), calls, (total_plan_time + total_exec_time) as total_time from aurora_stat_statements($2) order by calls desc limit $3 FOR READ ONLY",0,0,0,0,0,0,1,0.06721,0.06721,0.06721,0.06721,0,0,0,0,0,0,0,0,0,0,0,0,0,0,0,0,0,0,0,0,0,0,0,0,0,0,0,0,0,0,0,2026-08-28 13:19:28.131662+00,2026-08-28 13:19:28.131662+00
10,16384,t,6177898695605271859,"MOVE ALL IN ""query-cursor_141""",0,0,0,0,0,0,1,4.239902,4.239902,4.239902,4.239902,0,0,0,0,0,0,0,0,0,0,0,0,0,0,0,0,0,0,0,0,0,0,0,0,0,0,0,0,0,0,0,2026-08-28 14:14:28.139541+00,2026-08-28 14:14:28.139541+00
10,16384,t,3540459227673306476,"FETCH 0 IN ""query-cursor_170""",0,0,0,0,0,0,1,0.003148,0.003148,0.003148,0.003148,0,0,0,0,0,0,0,0,0,0,0,0,0,0,0,0,0,0,0,0,0,0,0,0,0,0,0,0,0,0,0,2026-08-28 14:43:28.137245+00,2026-08-28 14:43:28.137245+00
10,16384,t,-3199744874963371633,"FETCH 0 IN ""query-cursor_44""",0,0,0,0,0,0,1,0.003496,0.003496,0.003496,0.003496,0,0,0,0,0,0,0,0,0,0,0,0,0,0,0,0,0,0,0,0,0,0,0,0,0,0,0,0,0,0,0,2026-08-28 12:32:28.128324+00,2026-08-28 12:32:28.128324+00
10,16384,t,7387492842331195966,"DECLARE ""query-cursor_75"" SCROLL CURSOR FOR select queryid, left(query, $1), calls, (total_plan_time + total_exec_time) as total_time from aurora_stat_statements($2) order by calls desc limit $3 FOR READ ONLY",0,0,0,0,0,0,1,0.070913,0.070913,0.070913,0.070913,0,0,0,0,0,0,0,0,0,0,0,0,0,0,0,0,0,0,0,0,0,0,0,0,0,0,0,0,0,0,0,2026-08-28 13:03:28.130487+00,2026-08-28 13:03:28.130487+00
10,16384,t,8776209080611896967,"FETCH 50 IN ""query-cursor_137""",0,0,0,0,0,0,32,0.132367,0.002828,0.006673,0.00413646875,0.001083403577400148,1600,0,0,0,0,0,0,0,0,0,0,0,0,0,0,0,0,0,0,0,0,0,0,0,0,0,0,0,0,0,2026-08-28 14:10:28.139505+00,2026-08-28 14:10:28.139505+00
10,16384,t,6318324320221578445,"DECLARE ""query-cursor_143"" SCROLL CURSOR FOR select queryid, left(query, $1), calls, (total_plan_time + total_exec_time) as total_time from aurora_stat_statements($2) order by calls desc limit $3 FOR READ ONLY",0,0,0,0,0,0,1,0.065799,0.065799,0.065799,0.065799,0,0,0,0,0,0,0,0,0,0,0,0,0,0,0,0,0,0,0,0,0,0,0,0,0,0,0,0,0,0,0,2026-08-28 14:16:28.135332+00,2026-08-28 14:16:28.135332+00
16410,16412,t,-1557422786776360676,"INSERT INTO LIB_FEAT(LIB_FEAT_ID,FTYPE_ID,FEAT_HASH,FEAT_DESC,FELEM_VALUES,ANONYMIZED,VERSION) VALUES ($1,$2,$3,$4,$5,$6,$7),($8,$9,$10,$11,$12,$13,$14),($15,$16,$17,$18,$19,$20,$21),($22,$23,$24,$25,$26,$27,$28),($29,$30,$31,$32,$33,$34,$35),($36,$37,$38,$39,$40,$41,$42),($43,$44,$45,$46,$47,$48,$49),($50,$51,$52,$53,$54,$55,$56),($57,$58,$59,$60,$61,$62,$63),($64,$65,$66,$67,$68,$69,$70) ON CONFLICT(FTYPE_ID,FEAT_HASH,ANONYMIZED) DO UPDATE SET FTYPE_ID=LIB_FEAT.FTYPE_ID,FEAT_HASH=LIB_FEAT.FEAT_HASH,ANONYMIZED=LIB_FEAT.ANONYMIZED RETURNING LIB_FEAT_ID,FTYPE_ID,FEAT_HASH,ANONYMIZED,FEAT_DESC",0,0,0,0,0,0,72864,1511594.37322699,0.22850900000000002,1122.378237,20.745421239940026,53.252071910265315,728640,10893491,2,0,97062,0,0,0,0,0,0,0,2150.1425899999967,0,0,0,0,0,0,0,0,0,0,0,0,0,0,0,0,0,2026-08-28 13:27:22.128482+00,2026-08-28 13:27:22.128482+00
16410,16412,t,9087645753989554783,"DELETE FROM RES_RELATE WHERE RES_REL_ID IN ($1,$2,$3,$4)",0,0,0,0,0,0,2145,437.2973210000002,0.020645999999999998,10.618858,0.203868214918415,0.8449129440333958,7266,28767,0,0,0,0,0,0,0,0,0,0,0,0,0,0,0,0,0,0,0,0,0,0,0,0,0,0,0,0,2026-08-28 13:27:45.709066+00,2026-08-28 13:27:45.709066+00
16410,16412,t,4986175030433395078,"SELECT RES_ENT_ID,LIB_FEAT_ID,FTYPE_ID,UTYPE_CODE,SUPPRESSED,OBS_ENT_CNT FROM RES_FEAT_EKEY WHERE RES_ENT_ID IN ($1,$2) AND FTYPE_ID IN ($3,$4,$5,$6,$7,$8,$9,$10,$11,$12,$13,$14,$15,$16,$17,$18)",0,0,0,0,0,0,1910,433.6626139999997,0.032805999999999995,17.457397999999998,0.22704848900523544,0.8439677193789096,252192,19028,0,0,0,0,0,0,0,0,0,0,0,0,0,0,0,0,0,0,0,0,0,0,0,0,0,0,0,0,2026-08-28 13:27:24.408524+00,2026-08-28 13:27:24.408524+00
10,16384,t,-950642854648287908,"MOVE -568 IN ""query-cursor_70""",0,0,0,0,0,0,1,0.012902,0.012902,0.012902,0.012902,0,0,0,0,0,0,0,0,0,0,0,0,0,0,0,0,0,0,0,0,0,0,0,0,0,0,0,0,0,0,0,2026-08-28 12:58:28.131366+00,2026-08-28 12:58:28.131366+00
16410,16412,t,1956934422706040466,"INSERT INTO RES_REL_EKEY(RES_REL_ID,RES_ENT_ID,REL_ENT_ID) VALUES ($1,$2,$3),($4,$5,$6),($7,$8,$9),($10,$11,$12),($13,$14,$15),($16,$17,$18),($19,$20,$21),($22,$23,$24),($25,$26,$27),($28,$29,$30),($31,$32,$33),($34,$35,$36),($37,$38,$39),($40,$41,$42),($43,$44,$45),($46,$47,$48),($49,$50,$51),($52,$53,$54),($55,$56,$57),($58,$59,$60),($61,$62,$63),($64,$65,$66) ON CONFLICT DO NOTHING",0,0,0,0,0,0,765,4359.540056999998,0.213033,144.968106,5.6987451725490175,17.171914942324378,16830,134354,0,0,153,0,0,0,0,0,0,0,6.678010999999995,0,0,0,0,0,0,0,0,0,0,0,0,0,0,0,0,0,2026-08-28 13:27:48.621648+00,2026-08-28 13:27:48.621648+00
16410,16412,t,1003475302235936979,"UPDATE RES_FEAT_EKEY AS T SET SUPPRESSED = C.SUPPRESSED FROM (VALUES (CAST ($1 AS BIGINT),CAST ($2 AS BIGINT),$3,$4),(CAST ($5 AS BIGINT),CAST ($6 AS BIGINT),$7,$8),(CAST ($9 AS BIGINT),CAST ($10 AS BIGINT),$11,$12),(CAST ($13 AS BIGINT),CAST ($14 AS BIGINT),$15,$16),(CAST ($17 AS BIGINT),CAST ($18 AS BIGINT),$19,$20),(CAST ($21 AS BIGINT),CAST ($22 AS BIGINT),$23,$24)) AS C(RES_ENT_ID,LIB_FEAT_ID,UTYPE_CODE,SUPPRESSED) WHERE C.RES_ENT_ID=T.RES_ENT_ID AND C.LIB_FEAT_ID=T.LIB_FEAT_ID AND C.UTYPE_CODE=T.UTYPE_CODE",0,0,0,0,0,0,3299,6461.0247359999985,0.057203000000000004,195.379445,1.9584797623522274,6.463312960012454,19794,219946,0,0,62,0,0,0,0,0,0,0,8.687105999999998,0,0,0,0,0,0,0,0,0,0,0,0,0,0,0,0,0,2026-08-28 13:27:24.600511+00,2026-08-28 13:27:24.600511+00
10,16384,t,-2226941535742652769,"FETCH 0 IN ""query-cursor_64""",0,0,0,0,0,0,1,0.004296,0.004296,0.004296,0.004296,0,0,0,0,0,0,0,0,0,0,0,0,0,0,0,0,0,0,0,0,0,0,0,0,0,0,0,0,0,0,0,2026-08-28 12:52:28.129753+00,2026-08-28 12:52:28.129753+00
10,16384,t,-4060597636685174458,"MOVE ALL IN ""query-cursor_116""",0,0,0,0,0,0,1,3.690688,3.690688,3.690688,3.690688,0,0,0,0,0,0,0,0,0,0,0,0,0,0,0,0,0,0,0,0,0,0,0,0,0,0,0,0,0,0,0,2026-08-28 13:49:28.137377+00,2026-08-28 13:49:28.137377+00
10,16384,t,5020612224447362209,"FETCH 23 IN ""query-cursor_4""",0,0,0,0,0,0,1,0.003288,0.003288,0.003288,0.003288,0,23,0,0,0,0,0,0,0,0,0,0,0,0,0,0,0,0,0,0,0,0,0,0,0,0,0,0,0,0,0,2026-08-28 11:52:28.126425+00,2026-08-28 11:52:28.126425+00
10,16384,t,3260331107216934674,"FETCH 0 IN ""query-cursor_43""",0,0,0,0,0,0,1,0.003805,0.003805,0.003805,0.003805,0,0,0,0,0,0,0,0,0,0,0,0,0,0,0,0,0,0,0,0,0,0,0,0,0,0,0,0,0,0,0,2026-08-28 12:31:28.128209+00,2026-08-28 12:31:28.128209+00
10,16384,t,8546799657899073187,"DECLARE ""query-cursor_29"" SCROLL CURSOR FOR select queryid, left(query, $1), calls, (total_plan_time + total_exec_time) as total_time from aurora_stat_statements($2) order by calls desc limit $3 FOR READ ONLY",0,0,0,0,0,0,1,0.064194,0.064194,0.064194,0.064194,0,0,0,0,0,0,0,0,0,0,0,0,0,0,0,0,0,0,0,0,0,0,0,0,0,0,0,0,0,0,0,2026-08-28 12:17:28.127205+00,2026-08-28 12:17:28.127205+00
16410,16412,t,8894192622490228590,"CREATE TABLE RES_FEAT_STAT (LIB_FEAT_ID BIGINT NOT NULL, NUM_RES_ENT INT NOT NULL, NUM_RES_ENT_OOM INT NOT NULL, FTYPE_ID SMALLINT, CANDIDATE_CAP_REACHED CHAR(1) DEFAULT 'N' NOT NULL, SCORING_CAP_REACHED CHAR(1) DEFAULT 'N' NOT NULL, PRIMARY KEY(LIB_FEAT_ID))",0,0,0,0,0,0,1,9.755251,9.755251,9.755251,9.755251,0,0,315,6,0,4,0,0,0,0,0,0,5.831562,0.009869,0,0,0,0,0,0,0,0,0,0,0,0,0,0,0,0,0,2026-08-28 11:51:27.928727+00,2026-08-28 11:51:27.928727+00
10,16384,t,-5185301110642222350,"DECLARE ""query-cursor_118"" SCROLL CURSOR FOR select queryid, left(query, $1), calls, (total_plan_time + total_exec_time) as total_time from aurora_stat_statements($2) order by calls desc limit $3 FOR READ ONLY",0,0,0,0,0,0,1,0.068291,0.068291,0.068291,0.068291,0,0,0,0,0,0,0,0,0,0,0,0,0,0,0,0,0,0,0,0,0,0,0,0,0,0,0,0,0,0,0,2026-08-28 13:51:28.13365+00,2026-08-28 13:51:28.13365+00
16410,16412,t,3943515874539223592,CREATE EXTENSION IF NOT EXISTS pg_stat_statements,0,0,0,0,0,0,1,41.855396,41.855396,41.855396,41.855396,0,0,3407,23,0,8,0,0,0,0,0,0,24.124308,0.026871,0,0,0,0,0,0,0,0,0,0,0,0,0,0,0,0,0,2026-08-28 13:26:32.33687+00,2026-08-28 13:26:32.33687+00
16410,16412,t,8511137017825902272,"SELECT RES_ENT_ID FROM RES_ENT WHERE RES_ENT_ID IN ($1,$2,$3,$4,$5,$6,$7,$8,$9,$10,$11,$12,$13,$14,$15,$16,$17,$18,$19,$20,$21,$22,$23,$24,$25,$26,$27,$28,$29,$30,$31,$32)",0,0,0,0,0,0,2179,553.6479470000003,0.049446000000000004,64.944345,0.2540835002294632,1.6947611409471013,48718,192726,0,0,0,0,0,0,0,0,0,0,0,0,0,0,0,0,0,0,0,0,0,0,0,0,0,0,0,0,2026-08-28 13:27:50.792224+00,2026-08-28 13:27:50.792224+00
16410,16412,t,-8587095126081039630,"UPDATE RES_FEAT_STAT AS T SET FTYPE_ID=C.FTYPE_ID,NUM_RES_ENT=C.NUM_RES_ENT_NEW,NUM_RES_ENT_OOM=C.NUM_RES_ENT_OOM_NEW FROM (VALUES (CAST ($1 AS BIGINT),CAST ($2 AS INT),CAST ($3 AS BIGINT),CAST ($4 AS BIGINT),CAST ($5 AS BIGINT),CAST ($6 AS BIGINT)),(CAST ($7 AS BIGINT),CAST ($8 AS INT),CAST ($9 AS BIGINT),CAST ($10 AS BIGINT),CAST ($11 AS BIGINT),CAST ($12 AS BIGINT)),(CAST ($13 AS BIGINT),CAST ($14 AS INT),CAST ($15 AS BIGINT),CAST ($16 AS BIGINT),CAST ($17 AS BIGINT),CAST ($18 AS BIGINT)),(CAST ($19 AS BIGINT),CAST ($20 AS INT),CAST ($21 AS BIGINT),CAST ($22 AS BIGINT),CAST ($23 AS BIGINT),CAST ($24 AS BIGINT)),(CAST ($25 AS BIGINT),CAST ($26 AS INT),CAST ($27 AS BIGINT),CAST ($28 AS BIGINT),CAST ($29 AS BIGINT),CAST ($30 AS BIGINT)),(CAST ($31 AS BIGINT),CAST ($32 AS INT),CAST ($33 AS BIGINT),CAST ($34 AS BIGINT),CAST ($35 AS BIGINT),CAST ($36 AS BIGINT)),(CAST ($37 AS BIGINT),CAST ($38 AS INT),CAST ($39 AS BIGINT),CAST ($40 AS BIGINT),CAST ($41 AS BIGINT),CAST ($42 AS BIGINT)),(CAST ($43 AS BIGINT),CAST ($44 AS INT),CAST ($45 AS BIGINT),CAST ($46 AS BIGINT),CAST ($47 AS BIGINT),CAST ($48 AS BIGINT)),(CAST ($49 AS BIGINT),CAST ($50 AS INT),CAST ($51 AS BIGINT),CAST ($52 AS BIGINT),CAST ($53 AS BIGINT),CAST ($54 AS BIGINT)),(CAST ($55 AS BIGINT),CAST ($56 AS INT),CAST ($57 AS BIGINT),CAST ($58 AS BIGINT),CAST ($59 AS BIGINT),CAST ($60 AS BIGINT)),(CAST ($61 AS BIGINT),CAST ($62 AS INT),CAST ($63 AS BIGINT),CAST ($64 AS BIGINT),CAST ($65 AS BIGINT),CAST ($66 AS BIGINT)),(CAST ($67 AS BIGINT),CAST ($68 AS INT),CAST ($69 AS BIGINT),CAST ($70 AS BIGINT),CAST ($71 AS BIGINT),CAST ($72 AS BIGINT)),(CAST ($73 AS BIGINT),CAST ($74 AS INT),CAST ($75 AS BIGINT),CAST ($76 AS BIGINT),CAST ($77 AS BIGINT),CAST ($78 AS BIGINT)),(CAST ($79 AS BIGINT),CAST ($80 AS INT),CAST ($81 AS BIGINT),CAST ($82 AS BIGINT),CAST ($83 AS BIGINT),CAST ($84 AS BIGINT)),(CAST ($85 AS BIGINT),CAST ($86 AS INT),CAST ($87 AS BIGINT),CAST ($88 AS BIGINT),CAST ($89 AS BIGINT),CAST ($90 AS BIGINT)),(CAST ($91 AS BIGINT),CAST ($92 AS INT),CAST ($93 AS BIGINT),CAST ($94 AS BIGINT),CAST ($95 AS BIGINT),CAST ($96 AS BIGINT))) AS C(LIB_FEAT_ID,FTYPE_ID,NUM_RES_ENT_OLD,NUM_RES_ENT_OOM_OLD,NUM_RES_ENT_NEW,NUM_RES_ENT_OOM_NEW) WHERE C.LIB_FEAT_ID=T.LIB_FEAT_ID AND C.NUM_RES_ENT_OLD=T.NUM_RES_ENT AND C.NUM_RES_ENT_OOM_OLD=T.NUM_RES_ENT_OOM",0,0,0,0,0,0,1,2.164183,2.164183,2.164183,2.164183,0,3,1502,0,0,0,0,0,0,0,0,0,0,0,0,0,0,0,0,0,0,0,0,0,0,0,0,0,0,0,0,2026-08-28 13:43:26.494785+00,2026-08-28 13:43:26.494785+00
16410,16412,t,1371524424184880764,"SELECT RES_ENT_ID,LIB_FEAT_ID,FTYPE_ID,UTYPE_CODE,SUPPRESSED,OBS_ENT_CNT FROM RES_FEAT_EKEY WHERE RES_ENT_ID IN ($1,$2) AND FTYPE_ID IN ($3,$4,$5,$6,$7,$8,$9,$10,$11,$12,$13,$14,$15,$16,$17,$18,$19)",0,0,0,0,0,0,734,268.5196080000002,0.030812999999999997,15.000684999999999,0.3658305286103545,0.9766414559597852,282506,9611,0,0,0,0,0,0,0,0,0,0,0,0,0,0,0,0,0,0,0,0,0,0,0,0,0,0,0,0,2026-08-28 13:27:23.323015+00,2026-08-28 13:27:23.323015+00
10,16384,t,-2498243988052788927,"DECLARE ""query-cursor_146"" SCROLL CURSOR FOR select queryid, left(query, $1), calls, (total_plan_time + total_exec_time) as total_time from aurora_stat_statements($2) order by calls desc limit $3 FOR READ ONLY",0,0,0,0,0,0,1,0.064876,0.064876,0.064876,0.064876,0,0,0,0,0,0,0,0,0,0,0,0,0,0,0,0,0,0,0,0,0,0,0,0,0,0,0,0,0,0,0,2026-08-28 14:19:28.135656+00,2026-08-28 14:19:28.135656+00
16410,16412,t,-356578740916217526,"SELECT LIB_FEAT_ID,FEAT_DESC,FTYPE_ID,ANONYMIZED,FEAT_HASH,VERSION,FELEM_VALUES FROM LIB_FEAT WHERE (FEAT_HASH,FTYPE_ID) IN (($1,$2))",0,0,0,0,0,0,848174,28296.23254200036,0.006878,27.255501000000002,0.03336135338032097,0.2099090798755032,500017,3889646,0,0,0,0,0,0,0,0,0,0,0,0,0,0,0,0,0,0,0,0,0,0,0,0,0,0,0,0,2026-08-28 13:27:22.204852+00,2026-08-28 13:27:22.204852+00
16410,16412,t,8006608939813367640,CREATE INDEX RES_FEAT_EKEY_SK ON RES_FEAT_EKEY(RES_ENT_ID),0,0,0,0,0,0,1,2.484625,2.484625,2.484625,2.484625,0,0,87,0,0,0,0,0,0,0,0,0,0,0,0,0,0,0,0,0,0,0,0,0,0,0,0,0,0,0,0,2026-08-28 11:51:27.917197+00,2026-08-28 11:51:27.917197+00
10,16384,t,-4048786537889973776,"MOVE -1405 IN ""query-cursor_109""",0,0,0,0,0,0,1,0.201753,0.201753,0.201753,0.201753,0,0,0,0,0,0,0,0,0,0,0,0,0,0,0,0,0,0,0,0,0,0,0,0,0,0,0,0,0,0,0,2026-08-28 13:40:28.152868+00,2026-08-28 13:40:28.152868+00
16410,16412,t,5835410022440023804,DELETE FROM RES_FEAT_EKEY WHERE ((RES_ENT_ID=$1 AND LIB_FEAT_ID=$2 AND UTYPE_CODE=$3)OR(RES_ENT_ID=$4 AND LIB_FEAT_ID=$5 AND UTYPE_CODE=$6)OR(RES_ENT_ID=$7 AND LIB_FEAT_ID=$8 AND UTYPE_CODE=$9)OR(RES_ENT_ID=$10 AND LIB_FEAT_ID=$11 AND UTYPE_CODE=$12)OR(RES_ENT_ID=$13 AND LIB_FEAT_ID=$14 AND UTYPE_CODE=$15)OR(RES_ENT_ID=$16 AND LIB_FEAT_ID=$17 AND UTYPE_CODE=$18)OR(RES_ENT_ID=$19 AND LIB_FEAT_ID=$20 AND UTYPE_CODE=$21)OR(RES_ENT_ID=$22 AND LIB_FEAT_ID=$23 AND UTYPE_CODE=$24)),0,0,0,0,0,0,1810,1198.8327630000003,0.033513,25.900105999999997,0.6623385430939228,2.541030831314778,14464,74316,0,0,0,0,0,0,0,0,0,0,0,0,0,0,0,0,0,0,0,0,0,0,0,0,0,0,0,0,2026-08-28 13:27:54.118254+00,2026-08-28 13:27:54.118254+00
10,16384,t,-5246344857740643300,"FETCH 9 IN ""query-cursor_47""",0,0,0,0,0,0,1,0.001854,0.001854,0.001854,0.001854,0,9,0,0,0,0,0,0,0,0,0,0,0,0,0,0,0,0,0,0,0,0,0,0,0,0,0,0,0,0,0,2026-08-28 12:35:28.130871+00,2026-08-28 12:35:28.130871+00
10,16384,t,7283526276970068640,"FETCH 11 IN ""query-cursor_137""",0,0,0,0,0,0,1,0.001878,0.001878,0.001878,0.001878,0,11,0,0,0,0,0,0,0,0,0,0,0,0,0,0,0,0,0,0,0,0,0,0,0,0,0,0,0,0,0,2026-08-28 14:10:28.150596+00,2026-08-28 14:10:28.150596+00
16410,16412,t,7370940592176868990,"SELECT RES_ENT_ID,LIB_FEAT_ID,FTYPE_ID,UTYPE_CODE,SUPPRESSED,OBS_ENT_CNT FROM RES_FEAT_EKEY WHERE RES_ENT_ID IN ($1,$2,$3,$4,$5,$6,$7,$8,$9,$10,$11,$12,$13,$14,$15,$16,$17,$18,$19,$20,$21,$22,$23,$24,$25,$26,$27,$28,$29,$30,$31,$32) AND FTYPE_ID IN ($33,$34,$35,$36,$37,$38,$39,$40,$41,$42,$43,$44,$45,$46,$47,$48,$49,$50,$51)",0,0,0,0,0,0,761,10895.264725999996,0.767875,379.35257,14.317036433639942,27.448940747886706,9748825,177216,0,0,0,0,0,0,0,0,0,0,0,0,0,0,0,0,0,0,0,0,0,0,0,0,0,0,0,0,2026-08-28 13:27:27.302257+00,2026-08-28 13:27:27.302257+00
16410,16412,t,2331882008516076227,"SELECT LIB_FEAT_ID,UTYPE_CODE,RES_ENT_ID,OBS_ENT_CNT FROM RES_FEAT_EKEY WHERE LIB_FEAT_ID IN ($1,$2,$3,$4,$5,$6,$7,$8,$9,$10,$11,$12,$13,$14,$15,$16,$17,$18,$19,$20,$21,$22,$23,$24,$25,$26,$27,$28,$29,$30,$31,$32,$33,$34,$35,$36,$37,$38,$39,$40,$41,$42,$43,$44,$45,$46,$47,$48,$49,$50,$51,$52,$53,$54,$55,$56,$57,$58,$59,$60,$61,$62,$63,$64,$65,$66,$67,$68,$69,$70,$71,$72,$73,$74,$75,$76,$77,$78,$79,$80,$81,$82,$83,$84,$85,$86,$87,$88,$89,$90,$91,$92,$93,$94,$95,$96,$97,$98,$99,$100) AND RES_ENT_ID!=$101",0,0,0,0,0,0,209637,53115.92600200011,0.004745,334.017017,0.2533709507481986,1.64748151594924,10472569,18878941,0,0,0,0,0,0,0,0,0,0,0,0,0,0,0,0,0,0,0,0,0,0,0,0,0,0,0,0,2026-08-28 13:27:22.205811+00,2026-08-28 13:27:22.205811+00
16410,16412,t,-5232540611870943242,"SELECT RES_ENT_ID,LIB_FEAT_ID,FTYPE_ID,UTYPE_CODE,SUPPRESSED,OBS_ENT_CNT FROM RES_FEAT_EKEY WHERE RES_ENT_ID IN ($1) AND FTYPE_ID IN ($2,$3,$4,$5,$6,$7,$8,$9,$10,$11,$12,$13,$14,$15,$16,$17,$18,$19,$20,$21,$22,$23,$24,$25,$26,$27,$28,$29,$30,$31,$32,$33,$34,$35,$36,$37,$38,$39,$40,$41,$42,$43,$44,$45,$46,$47,$48,$49,$50,$51)",0,0,0,0,0,0,1,0.023546,0.023546,0.023546,0.023546,0,0,8,0,0,0,0,0,0,0,0,0,0,0,0,0,0,0,0,0,0,0,0,0,0,0,0,0,0,0,0,2026-08-28 13:43:21.434602+00,2026-08-28 13:43:21.434602+00
10,16384,t,-3742680588860772768,"FETCH 50 IN ""query-cursor_169""",0,0,0,0,0,0,36,0.16100700000000007,0.002793,0.024089,0.004472416666666669,0.003447677748016289,1800,0,0,0,0,0,0,0,0,0,0,0,0,0,0,0,0,0,0,0,0,0,0,0,0,0,0,0,0,0,2026-08-28 14:42:28.142189+00,2026-08-28 14:42:28.142189+00
10,16384,t,3038471850044273591,"MOVE -1666 IN ""query-cursor_146""",0,0,0,0,0,0,1,0.03119,0.03119,0.03119,0.03119,0,0,0,0,0,0,0,0,0,0,0,0,0,0,0,0,0,0,0,0,0,0,0,0,0,0,0,0,0,0,0,2026-08-28 14:19:28.140405+00,2026-08-28 14:19:28.140405+00
10,16384,t,600808159303964673,"FETCH 50 IN ""query-cursor_119""",0,0,0,0,0,0,30,0.122616,0.002987,0.006878,0.0040872,0.0010601325514607441,1500,0,0,0,0,0,0,0,0,0,0,0,0,0,0,0,0,0,0,0,0,0,0,0,0,0,0,0,0,0,2026-08-28 13:52:28.138301+00,2026-08-28 13:52:28.138301+00
10,16384,t,5249612587263727886,"FETCH 26 IN ""query-cursor_107""",0,0,0,0,0,0,1,0.010722,0.010722,0.010722,0.010722,0,26,0,0,0,0,0,0,0,0,0,0,0,0,0,0,0,0,0,0,0,0,0,0,0,0,0,0,0,0,0,2026-08-28 13:36:28.337719+00,2026-08-28 13:36:28.337719+00
10,16384,t,-7037142067864508538,"MOVE ALL IN ""query-cursor_162""",0,0,0,0,0,0,1,4.731768,4.731768,4.731768,4.731768,0,0,0,0,0,0,0,0,0,0,0,0,0,0,0,0,0,0,0,0,0,0,0,0,0,0,0,0,0,0,0,2026-08-28 14:35:28.141565+00,2026-08-28 14:35:28.141565+00
16410,16412,t,1928297329112113691,"UPDATE RES_FEAT_EKEY AS T SET SUPPRESSED=C.SUPPRESSED,OBS_ENT_CNT=C.OBS_ENT_CNT FROM (VALUES (CAST ($1 AS BIGINT),CAST ($2 AS BIGINT),$3,$4,CAST ($5 AS BIGINT)),(CAST ($6 AS BIGINT),CAST ($7 AS BIGINT),$8,$9,CAST ($10 AS BIGINT)),(CAST ($11 AS BIGINT),CAST ($12 AS BIGINT),$13,$14,CAST ($15 AS BIGINT))) AS C(RES_ENT_ID,LIB_FEAT_ID,UTYPE_CODE,SUPPRESSED,OBS_ENT_CNT) WHERE C.RES_ENT_ID=T.RES_ENT_ID AND C.LIB_FEAT_ID=T.LIB_FEAT_ID AND C.UTYPE_CODE=T.UTYPE_CODE",0,0,0,0,0,0,244,176.4212420000001,0.046908,38.137828999999996,0.7230378770491807,3.4515175944680374,732,9611,0,0,3,0,0,0,0,0,0,0,0.02808,0,0,0,0,0,0,0,0,0,0,0,0,0,0,0,0,0,2026-08-28 13:28:32.487656+00,2026-08-28 13:28:32.487656+00
10,16384,t,9167519623337689516,"MOVE ALL IN ""query-cursor_101""",0,0,0,0,0,0,1,3.611901,3.611901,3.611901,3.611901,0,0,0,0,0,0,0,0,0,0,0,0,0,0,0,0,0,0,0,0,0,0,0,0,0,0,0,0,0,0,0,2026-08-28 13:29:28.13604+00,2026-08-28 13:29:28.13604+00
10,16384,t,-1627118002704575252,"MOVE ALL IN ""query-cursor_21""",0,0,0,0,0,0,1,0.550772,0.550772,0.550772,0.550772,0,0,0,0,0,0,0,0,0,0,0,0,0,0,0,0,0,0,0,0,0,0,0,0,0,0,0,0,0,0,0,2026-08-28 12:09:28.127318+00,2026-08-28 12:09:28.127318+00
16410,16412,t,-1895927820416413560,"CREATE OR REPLACE FUNCTION perf.snapshot(p_label text) RETURNS void
LANGUAGE plpgsql AS $$
DECLARE
  v_ver int := current_setting('server_version_num')::int;
BEGIN
  -- pg_stat_database — whole-DB, eviction-immune.
  INSERT INTO perf.snap_scalar(label, metric, value)
  SELECT p_label, 'db.'||k, v
  FROM (
    SELECT xact_commit, xact_rollback, blks_read, blks_hit,
           tup_returned, tup_fetched, tup_inserted, tup_updated, tup_deleted,
           temp_files, temp_bytes, deadlocks, blk_read_time, blk_write_time
    FROM pg_stat_database WHERE datname = current_database()
  ) d, LATERAL (VALUES
    ('xact_commit',      d.xact_commit::numeric),
    ('xact_rollback',    d.xact_rollback::numeric),
    ('blks_read',        d.blks_read::numeric),
    ('blks_hit',         d.blks_hit::numeric),
    ('tup_returned',     d.tup_returned::numeric),
    ('tup_fetched',      d.tup_fetched::numeric),
    ('tup_inserted',     d.tup_inserted::numeric),
    ('tup_updated',      d.tup_updated::numeric),
    ('tup_deleted',      d.tup_deleted::numeric),
    ('temp_files',       d.temp_files::numeric),
    ('temp_bytes',       d.temp_bytes::numeric),
    ('deadlocks',        d.deadlocks::numeric),
    ('blk_read_time_ms', d.blk_read_time::numeric),
    ('blk_write_time_ms',d.blk_write_time::numeric)
  ) AS kv(k, v);

  -- pg_stat_wal — WAL-volume headline (PG14+). NOT supported on Aurora
  -- (pg_stat_get_wal() is blocked: Aurora doesn't use stock PostgreSQL WAL), so
  -- wrap in its own subtransaction and skip gracefully if it errors. Use the
  -- CloudWatch VolumeWriteIOPs metric as the write-volume proxy on Aurora.
  IF v_ver >= 140000 THEN
    BEGIN
      INSERT INTO perf.snap_scalar(label, metric, value)
      SELECT p_label, 'wal.'||k, v
      FROM (SELECT wal_records, wal_fpi, wal_bytes FROM pg_stat_wal) w,
      LATERAL (VALUES
        ('wal_records', w.wal_records::numeric),
        ('wal_fpi',     w.wal_fpi::numeric),
        ('wal_bytes',   w.wal_bytes::numeric)
      ) AS kv(k, v);
    EXCEPTION WHEN OTHERS THEN
      RAISE NOTICE 'pg_stat_wal unavailable (e.g. Aurora) — skipping WAL metrics: %', SQLERRM;
    END;
  END IF;

  -- Per-statement, aggregated to one row per queryid for this database.
  -- wal_* per statement is PG13+ — the most telling columns for write-heavy runs.
  INSERT INTO perf.snap_statement(label, queryid, query, calls, rows, total_exec_time,
    shared_blks_hit, shared_blks_read, shared_blks_written, shared_blks_dirtied,
    temp_blks_read, temp_blks_written, wal_records, wal_fpi, wal_bytes)
  SELECT p_label, queryid, left(max(query), 200),
         sum(calls), sum(rows), sum(total_exec_time),
         sum(shared_blks_hit), sum(shared_blks_read),
         sum(shared_blks_written), sum(shared_blks_dirtied),
         sum(temp_blks_read), sum(temp_blks_written),
         sum(wal_records), sum(wal_fpi), sum(wal_bytes)
  FROM pg_stat_statements
  WHERE dbid = (SELECT oid FROM pg_database WHERE datname = current_database())
  GROUP BY queryid;

  -- Per-table tuple + block IO.
  INSERT INTO perf.snap_table(label, relid, relname, n_tup_ins, n_tup_upd, n_tup_del,
    n_tup_hot_upd, seq_scan, idx_scan, heap_blks_read, heap_blks_hit,
    idx_blks_read, idx_blks_hit)
  SELECT p_label, t.relid, t.relname, t.n_tup_ins, t.n_tup_upd, t.n_tup_del,
         t.n_tup_hot_upd, t.seq_scan, coalesce(t.idx_scan, 0),
         io.heap_blks_read, io.heap_blks_hit,
         coalesce(io.idx_blks_read, 0), coalesce(io.idx_blks_hit, 0)
  FROM pg_stat_user_tables t
  JOIN pg_statio_user_tables io ON io.relid = t.relid;
END;
$$",0,0,0,0,0,0,1,0.918378,0.918378,0.918378,0.918378,0,0,44,0,0,1,0,0,0,0,0,0,0,0.003545,0,0,0,0,0,0,0,0,0,0,0,0,0,0,0,0,0,2026-08-28 13:26:32.365638+00,2026-08-28 13:26:32.365638+00
10,16384,t,-3126881733675166478,"FETCH 49 IN ""query-cursor_6""",0,0,0,0,0,0,1,0.004884,0.004884,0.004884,0.004884,0,49,0,0,0,0,0,0,0,0,0,0,0,0,0,0,0,0,0,0,0,0,0,0,0,0,0,0,0,0,0,2026-08-28 11:54:28.126602+00,2026-08-28 11:54:28.126602+00
10,16384,t,-8538731078167172231,"DECLARE ""query-cursor_100"" SCROLL CURSOR FOR select queryid, left(query, $1), calls, (total_plan_time + total_exec_time) as total_time from aurora_stat_statements($2) order by calls desc limit $3 FOR READ ONLY",0,0,0,0,0,0,1,0.052457,0.052457,0.052457,0.052457,0,0,0,0,0,0,0,0,0,0,0,0,0,0,0,0,0,0,0,0,0,0,0,0,0,0,0,0,0,0,0,2026-08-28 13:28:28.132229+00,2026-08-28 13:28:28.132229+00
10,16384,t,4707899706863649326,"MOVE -284 IN ""query-cursor_26""",0,0,0,0,0,0,1,0.008498,0.008498,0.008498,0.008498,0,0,0,0,0,0,0,0,0,0,0,0,0,0,0,0,0,0,0,0,0,0,0,0,0,0,0,0,0,0,0,2026-08-28 12:14:28.127718+00,2026-08-28 12:14:28.127718+00
10,16384,t,8450378700115730629,"FETCH 0 IN ""query-cursor_22""",0,0,0,0,0,0,1,0.00333,0.00333,0.00333,0.00333,0,0,0,0,0,0,0,0,0,0,0,0,0,0,0,0,0,0,0,0,0,0,0,0,0,0,0,0,0,0,0,2026-08-28 12:10:28.126802+00,2026-08-28 12:10:28.126802+00
10,16384,t,8983490732493941091,"FETCH 50 IN ""query-cursor_107""",0,0,0,0,0,0,27,0.422195,0.009,0.025646,0.01563685185185185,0.004114505052847059,1350,0,0,0,0,0,0,0,0,0,0,0,0,0,0,0,0,0,0,0,0,0,0,0,0,0,0,0,0,0,2026-08-28 13:36:28.313972+00,2026-08-28 13:36:28.313972+00
10,16384,t,-8720480466825141920,"MOVE ALL IN ""query-cursor_108""",0,0,0,0,0,0,1,8.643774,8.643774,8.643774,8.643774,0,0,0,0,0,0,0,0,0,0,0,0,0,0,0,0,0,0,0,0,0,0,0,0,0,0,0,0,0,0,0,2026-08-28 13:38:28.938648+00,2026-08-28 13:38:28.938648+00
10,16384,t,-1306608132381636626,select count(*) from pg_roles where rolname = $1 and (         $2 = ANY(rolconfig)              OR NOT EXISTS (              SELECT $3 FROM unnest(rolconfig) AS cfg                WHERE cfg LIKE $4        )),0,0,0,0,0,0,1,0.915427,0.915427,0.915427,0.915427,0,1,4,0,0,0,0,0,0,0,0,0,0,0,0,0,0,0,0,0,0,0,0,0,0,0,0,0,0,0,0,2026-08-28 11:48:10.854882+00,2026-08-28 11:48:10.854882+00
10,16384,t,-8710607445485137661,"FETCH 0 IN ""query-cursor_4""",0,0,0,0,0,0,1,0.003609,0.003609,0.003609,0.003609,0,0,0,0,0,0,0,0,0,0,0,0,0,0,0,0,0,0,0,0,0,0,0,0,0,0,0,0,0,0,0,2026-08-28 11:52:28.125517+00,2026-08-28 11:52:28.125517+00
16410,16412,t,2744164938674469662,"SELECT RES_ENT_ID,LIB_FEAT_ID,FTYPE_ID,UTYPE_CODE,SUPPRESSED,OBS_ENT_CNT FROM RES_FEAT_EKEY WHERE RES_ENT_ID IN ($1,$2,$3,$4,$5,$6,$7,$8,$9,$10,$11,$12,$13,$14,$15,$16,$17,$18,$19,$20,$21,$22,$23,$24,$25,$26,$27,$28,$29,$30,$31,$32) AND FTYPE_ID IN ($33,$34,$35,$36,$37,$38,$39,$40,$41,$42)",0,0,0,0,0,0,3545,10916.594469999987,0.285663,251.819572,3.0794342651621966,9.80017845623744,4932739,402118,0,0,0,0,0,0,0,0,0,0,0,0,0,0,0,0,0,0,0,0,0,0,0,0,0,0,0,0,2026-08-28 13:27:25.58157+00,2026-08-28 13:27:25.58157+00
16410,16412,t,72437734615173454,"CREATE INDEX RES_ENT_OKEY_SK ON RES_ENT_OKEY(RES_ENT_ID, OBS_ENT_ID)",0,0,0,0,0,0,1,2.851918,2.851918,2.851918,2.851918,0,0,114,0,0,0,0,0,0,0,0,0,0,0,0,0,0,0,0,0,0,0,0,0,0,0,0,0,0,0,0,2026-08-28 11:51:27.907649+00,2026-08-28 11:51:27.907649+00
16410,16412,t,8905256625330526101,"SELECT RES_ENT_ID,LIB_FEAT_ID,FTYPE_ID,UTYPE_CODE,SUPPRESSED,OBS_ENT_CNT FROM RES_FEAT_EKEY WHERE RES_ENT_ID IN ($1) AND FTYPE_ID IN ($2,$3,$4,$5,$6,$7,$8,$9,$10,$11,$12,$13,$14,$15,$16,$17,$18,$19,$20,$21,$22,$23,$24,$25,$26,$27,$28,$29,$30,$31,$32,$33,$34,$35,$36,$37,$38,$39,$40,$41,$42,$43,$44,$45,$46,$47,$48,$49,$50,$51,$52,$53)",0,0,0,0,0,0,15,1.500008,0.007208,0.529404,0.10000053333333334,0.13553795105424243,15,118,0,0,0,0,0,0,0,0,0,0,0,0,0,0,0,0,0,0,0,0,0,0,0,0,0,0,0,0,2026-08-28 13:28:07.084055+00,2026-08-28 13:28:07.084055+00
10,16384,t,5051189361253136087,"FETCH 50 IN ""query-cursor_122""",0,0,0,0,0,0,30,0.12160700000000002,0.002892,0.006731,0.004053566666666667,0.0009900562840341736,1500,0,0,0,0,0,0,0,0,0,0,0,0,0,0,0,0,0,0,0,0,0,0,0,0,0,0,0,0,0,2026-08-28 13:55:28.138399+00,2026-08-28 13:55:28.138399+00
10,16384,t,150800671882269673,"FETCH 0 IN ""query-cursor_169""",0,0,0,0,0,0,1,0.003623,0.003623,0.003623,0.003623,0,0,0,0,0,0,0,0,0,0,0,0,0,0,0,0,0,0,0,0,0,0,0,0,0,0,0,0,0,0,0,2026-08-28 14:42:28.137162+00,2026-08-28 14:42:28.137162+00
10,16384,t,-7011084734170376001,"FETCH 50 IN ""query-cursor_36""",0,0,0,0,0,0,6,0.020363,0.002768,0.005343,0.0033938333333333333,0.0009038387423773238,300,0,0,0,0,0,0,0,0,0,0,0,0,0,0,0,0,0,0,0,0,0,0,0,0,0,0,0,0,0,2026-08-28 12:24:28.128641+00,2026-08-28 12:24:28.128641+00
10,16384,t,-3228738196331559616,"FETCH 0 IN ""query-cursor_132""",0,0,0,0,0,0,1,0.003435,0.003435,0.003435,0.003435,0,0,0,0,0,0,0,0,0,0,0,0,0,0,0,0,0,0,0,0,0,0,0,0,0,0,0,0,0,0,0,2026-08-28 14:05:28.134668+00,2026-08-28 14:05:28.134668+00
10,16384,t,-7233062012449396736,select pg_current_xact_id() as xid_generation_rate,0,0,0,0,0,0,170,1.1353539999999995,0.003758,0.017336,0.006678552941176467,0.00289923219655656,170,0,0,0,0,0,0,0,0,0,0,0,0,0,0,0,0,0,0,0,0,0,0,0,0,0,0,0,0,0,2026-08-28 11:49:27.685675+00,2026-08-28 11:49:27.685675+00
16410,16412,t,-1030321644804449003,"SELECT LIB_FEAT_ID,FTYPE_ID,UTYPE_CODE,SUPPRESSED,OBS_ENT_CNT FROM RES_FEAT_EKEY WHERE RES_ENT_ID=$1 AND LIB_FEAT_ID IN ($2,$3,$4,$5,$6,$7,$8,$9)",0,0,0,0,0,0,21852,1203.3154279999992,0.017329999999999998,25.362124,0.05506660388065162,0.32083951754070994,55574,516371,0,0,0,0,0,0,0,0,0,0,0,0,0,0,0,0,0,0,0,0,0,0,0,0,0,0,0,0,2026-08-28 13:27:31.918747+00,2026-08-28 13:27:31.918747+00
10,16384,t,-6029746642343462224,"MOVE ALL IN ""query-cursor_166""",0,0,0,0,0,0,1,4.838192,4.838192,4.838192,4.838192,0,0,0,0,0,0,0,0,0,0,0,0,0,0,0,0,0,0,0,0,0,0,0,0,0,0,0,0,0,0,0,2026-08-28 14:39:28.142033+00,2026-08-28 14:39:28.142033+00
10,5,t,588360189971772035,"SELECT current_catalog, COUNT(*) FROM pg_catalog.pg_extension WHERE extname = $1",0,0,0,0,0,0,1,0.007896,0.007896,0.007896,0.007896,0,1,1,0,0,0,0,0,0,0,0,0,0,0,0,0,0,0,0,0,0,0,0,0,0,0,0,0,0,0,0,2026-08-28 12:45:00.481373+00,2026-08-28 12:45:00.481373+00
10,16384,t,-1261407115371841788,"MOVE ALL IN ""query-cursor_133""",0,0,0,0,0,0,1,4.340224,4.340224,4.340224,4.340224,0,0,0,0,0,0,0,0,0,0,0,0,0,0,0,0,0,0,0,0,0,0,0,0,0,0,0,0,0,0,0,2026-08-28 14:06:28.139113+00,2026-08-28 14:06:28.139113+00
10,16384,t,-2165012533930163072,"MOVE ALL IN ""query-cursor_32""",0,0,0,0,0,0,1,0.64198,0.64198,0.64198,0.64198,0,0,0,0,0,0,0,0,0,0,0,0,0,0,0,0,0,0,0,0,0,0,0,0,0,0,0,0,0,0,0,2026-08-28 12:20:28.128059+00,2026-08-28 12:20:28.128059+00
10,16384,t,5019432923145941471,"FETCH 0 IN ""query-cursor_39""",0,0,0,0,0,0,1,0.004488,0.004488,0.004488,0.004488,0,0,0,0,0,0,0,0,0,0,0,0,0,0,0,0,0,0,0,0,0,0,0,0,0,0,0,0,0,0,0,2026-08-28 12:27:28.128083+00,2026-08-28 12:27:28.128083+00
10,16384,t,7960764577333841111,"MOVE ALL IN ""query-cursor_58""",0,0,0,0,0,0,1,1.09225,1.09225,1.09225,1.09225,0,0,0,0,0,0,0,0,0,0,0,0,0,0,0,0,0,0,0,0,0,0,0,0,0,0,0,0,0,0,0,2026-08-28 12:46:28.130447+00,2026-08-28 12:46:28.130447+00
10,16384,t,6868701705361648725,"MOVE -1768 IN ""query-cursor_163""",0,0,0,0,0,0,1,0.033294,0.033294,0.033294,0.033294,0,0,0,0,0,0,0,0,0,0,0,0,0,0,0,0,0,0,0,0,0,0,0,0,0,0,0,0,0,0,0,2026-08-28 14:36:28.141741+00,2026-08-28 14:36:28.141741+00
10,16384,t,5515528088930728582,"MOVE ALL IN ""query-cursor_169""",0,0,0,0,0,0,1,4.832245,4.832245,4.832245,4.832245,0,0,0,0,0,0,0,0,0,0,0,0,0,0,0,0,0,0,0,0,0,0,0,0,0,0,0,0,0,0,0,2026-08-28 14:42:28.14204+00,2026-08-28 14:42:28.14204+00
10,16384,t,-6733093570477449921,"FETCH 43 IN ""query-cursor_11""",0,0,0,0,0,0,1,0.003026,0.003026,0.003026,0.003026,0,43,0,0,0,0,0,0,0,0,0,0,0,0,0,0,0,0,0,0,0,0,0,0,0,0,0,0,0,0,0,2026-08-28 11:59:28.127186+00,2026-08-28 11:59:28.127186+00
10,16384,t,3945591324351174384,SET pg_stat_statements.track=$1,0,0,0,0,0,0,4,0.021879000000000003,0.00391,0.007141,0.005469750000000001,0.0012268741530817248,0,0,0,0,0,0,0,0,0,0,0,0,0,0,0,0,0,0,0,0,0,0,0,0,0,0,0,0,0,0,2026-08-28 11:48:10.637769+00,2026-08-28 11:48:10.637769+00
10,16384,t,-4494593460395582541,"FETCH 45 IN ""query-cursor_53""",0,0,0,0,0,0,1,0.003402,0.003402,0.003402,0.003402,0,45,0,0,0,0,0,0,0,0,0,0,0,0,0,0,0,0,0,0,0,0,0,0,0,0,0,0,0,0,0,2026-08-28 12:41:28.131417+00,2026-08-28 12:41:28.131417+00
16410,16412,t,-5230923152392454377,"UPDATE SYS_VARS SET VAR_VALUE=$1,SYS_LSTUPD_DT=$2 WHERE VAR_GROUP=$3 and VAR_CODE=$4",0,0,0,0,0,0,2,0.091928,0.006934,0.084994,0.045964,0.039029999999999995,1,5,0,0,0,0,0,0,0,0,0,0,0,0,0,0,0,0,0,0,0,0,0,0,0,0,0,0,0,0,2026-08-28 11:53:35.081894+00,2026-08-28 11:53:35.081894+00
10,16384,t,-7015623509292661704,"MOVE ALL IN ""query-cursor_94""",0,0,0,0,0,0,1,1.5243,1.5243,1.5243,1.5243,0,0,0,0,0,0,0,0,0,0,0,0,0,0,0,0,0,0,0,0,0,0,0,0,0,0,0,0,0,0,0,2026-08-28 13:22:28.133448+00,2026-08-28 13:22:28.133448+00
10,16384,t,3158961811245206956,"FETCH 50 IN ""query-cursor_39""",0,0,0,0,0,0,7,0.023972000000000004,0.002667,0.00642,0.003424571428571429,0.0012414324510871487,350,0,0,0,0,0,0,0,0,0,0,0,0,0,0,0,0,0,0,0,0,0,0,0,0,0,0,0,0,0,2026-08-28 12:27:28.129017+00,2026-08-28 12:27:28.129017+00
10,16384,t,8285978220145726189,"MOVE -1642 IN ""query-cursor_142""",0,0,0,0,0,0,1,0.032256,0.032256,0.032256,0.032256,0,0,0,0,0,0,0,0,0,0,0,0,0,0,0,0,0,0,0,0,0,0,0,0,0,0,0,0,0,0,0,2026-08-28 14:15:28.13983+00,2026-08-28 14:15:28.13983+00
16410,16412,t,-6321067987065594509,"UPDATE RES_FEAT_STAT AS T SET FTYPE_ID=C.FTYPE_ID,NUM_RES_ENT=C.NUM_RES_ENT_NEW,NUM_RES_ENT_OOM=C.NUM_RES_ENT_OOM_NEW FROM (VALUES (CAST ($1 AS BIGINT),CAST ($2 AS INT),CAST ($3 AS BIGINT),CAST ($4 AS BIGINT),CAST ($5 AS BIGINT),CAST ($6 AS BIGINT)),(CAST ($7 AS BIGINT),CAST ($8 AS INT),CAST ($9 AS BIGINT),CAST ($10 AS BIGINT),CAST ($11 AS BIGINT),CAST ($12 AS BIGINT)),(CAST ($13 AS BIGINT),CAST ($14 AS INT),CAST ($15 AS BIGINT),CAST ($16 AS BIGINT),CAST ($17 AS BIGINT),CAST ($18 AS BIGINT)),(CAST ($19 AS BIGINT),CAST ($20 AS INT),CAST ($21 AS BIGINT),CAST ($22 AS BIGINT),CAST ($23 AS BIGINT),CAST ($24 AS BIGINT)),(CAST ($25 AS BIGINT),CAST ($26 AS INT),CAST ($27 AS BIGINT),CAST ($28 AS BIGINT),CAST ($29 AS BIGINT),CAST ($30 AS BIGINT)),(CAST ($31 AS BIGINT),CAST ($32 AS INT),CAST ($33 AS BIGINT),CAST ($34 AS BIGINT),CAST ($35 AS BIGINT),CAST ($36 AS BIGINT)),(CAST ($37 AS BIGINT),CAST ($38 AS INT),CAST ($39 AS BIGINT),CAST ($40 AS BIGINT),CAST ($41 AS BIGINT),CAST ($42 AS BIGINT)),(CAST ($43 AS BIGINT),CAST ($44 AS INT),CAST ($45 AS BIGINT),CAST ($46 AS BIGINT),CAST ($47 AS BIGINT),CAST ($48 AS BIGINT)),(CAST ($49 AS BIGINT),CAST ($50 AS INT),CAST ($51 AS BIGINT),CAST ($52 AS BIGINT),CAST ($53 AS BIGINT),CAST ($54 AS BIGINT)),(CAST ($55 AS BIGINT),CAST ($56 AS INT),CAST ($57 AS BIGINT),CAST ($58 AS BIGINT),CAST ($59 AS BIGINT),CAST ($60 AS BIGINT))) AS C(LIB_FEAT_ID,FTYPE_ID,NUM_RES_ENT_OLD,NUM_RES_ENT_OOM_OLD,NUM_RES_ENT_NEW,NUM_RES_ENT_OOM_NEW) WHERE C.LIB_FEAT_ID=T.LIB_FEAT_ID AND C.NUM_RES_ENT_OLD=T.NUM_RES_ENT AND C.NUM_RES_ENT_OOM_OLD=T.NUM_RES_ENT_OOM",0,0,0,0,0,0,1,1.12587,1.12587,1.12587,1.12587,0,0,809,0,0,0,0,0,0,0,0,0,0,0,0,0,0,0,0,0,0,0,0,0,0,0,0,0,0,0,0,2026-08-28 13:43:48.209065+00,2026-08-28 13:43:48.209065+00
10,16384,t,-5491815674451836886,"DECLARE ""query-cursor_41"" SCROLL CURSOR FOR select queryid, left(query, $1), calls, (total_plan_time + total_exec_time) as total_time from aurora_stat_statements($2) order by calls desc limit $3 FOR READ ONLY",0,0,0,0,0,0,1,0.077032,0.077032,0.077032,0.077032,0,0,0,0,0,0,0,0,0,0,0,0,0,0,0,0,0,0,0,0,0,0,0,0,0,0,0,0,0,0,0,2026-08-28 12:29:28.12806+00,2026-08-28 12:29:28.12806+00
16410,16412,t,7988663947429586578,"INSERT INTO LIB_FEAT(LIB_FEAT_ID,FTYPE_ID,FEAT_HASH,FEAT_DESC,FELEM_VALUES,ANONYMIZED,VERSION) VALUES ($1,$2,$3,$4,$5,$6,$7),($8,$9,$10,$11,$12,$13,$14),($15,$16,$17,$18,$19,$20,$21),($22,$23,$24,$25,$26,$27,$28),($29,$30,$31,$32,$33,$34,$35),($36,$37,$38,$39,$40,$41,$42),($43,$44,$45,$46,$47,$48,$49),($50,$51,$52,$53,$54,$55,$56),($57,$58,$59,$60,$61,$62,$63),($64,$65,$66,$67,$68,$69,$70),($71,$72,$73,$74,$75,$76,$77),($78,$79,$80,$81,$82,$83,$84),($85,$86,$87,$88,$89,$90,$91) ON CONFLICT(FTYPE_ID,FEAT_HASH,ANONYMIZED) DO UPDATE SET FTYPE_ID=LIB_FEAT.FTYPE_ID,FEAT_HASH=LIB_FEAT.FEAT_HASH,ANONYMIZED=LIB_FEAT.ANONYMIZED RETURNING LIB_FEAT_ID,FTYPE_ID,FEAT_HASH,ANONYMIZED,FEAT_DESC",0,0,0,0,0,0,37335,849569.0855759947,0.28690699999999997,1168.905691,22.75529893065474,57.779248425415396,485355,7070806,0,0,49712,0,0,0,0,0,0,0,1221.5411250000006,0,0,0,0,0,0,0,0,0,0,0,0,0,0,0,0,0,2026-08-28 13:27:22.280013+00,2026-08-28 13:27:22.280013+00
10,16384,t,5857005489087596978,"DECLARE ""query-cursor_140"" SCROLL CURSOR FOR select queryid, left(query, $1), calls, (total_plan_time + total_exec_time) as total_time from aurora_stat_statements($2) order by calls desc limit $3 FOR READ ONLY",0,0,0,0,0,0,1,0.064743,0.064743,0.064743,0.064743,0,0,0,0,0,0,0,0,0,0,0,0,0,0,0,0,0,0,0,0,0,0,0,0,0,0,0,0,0,0,0,2026-08-28 14:13:28.135139+00,2026-08-28 14:13:28.135139+00
10,16384,t,-86617466454470891,"DECLARE ""query-cursor_47"" SCROLL CURSOR FOR select queryid, left(query, $1), calls, (total_plan_time + total_exec_time) as total_time from aurora_stat_statements($2) order by calls desc limit $3 FOR READ ONLY",0,0,0,0,0,0,1,0.070275,0.070275,0.070275,0.070275,0,0,0,0,0,0,0,0,0,0,0,0,0,0,0,0,0,0,0,0,0,0,0,0,0,0,0,0,0,0,0,2026-08-28 12:35:28.1285+00,2026-08-28 12:35:28.1285+00
16410,16412,t,3416425948587793870,"DELETE FROM RES_REL_EKEY WHERE (RES_ENT_ID,REL_ENT_ID,RES_REL_ID) IN (($1,$2,$3))",0,0,0,0,0,0,6,1.307819,0.011172000000000001,1.1202969999999999,0.21796983333333333,0.40389160258020407,5,28,0,0,0,0,0,0,0,0,0,0,0,0,0,0,0,0,0,0,0,0,0,0,0,0,0,0,0,0,2026-08-28 13:36:25.886959+00,2026-08-28 13:36:25.886959+00
10,16384,t,-5258564818230754320,"FETCH 50 IN ""query-cursor_31""",0,0,0,0,0,0,6,0.020925,0.003026,0.005263,0.0034874999999999997,0.0008128517187449793,300,0,0,0,0,0,0,0,0,0,0,0,0,0,0,0,0,0,0,0,0,0,0,0,0,0,0,0,0,0,2026-08-28 12:19:28.128149+00,2026-08-28 12:19:28.128149+00
10,16384,t,9150732344055095157,"FETCH 50 IN ""query-cursor_144""",0,0,0,0,0,0,33,0.134295,0.00289,0.006952,0.004069545454545454,0.0011104828349514297,1650,0,0,0,0,0,0,0,0,0,0,0,0,0,0,0,0,0,0,0,0,0,0,0,0,0,0,0,0,0,2026-08-28 14:17:28.140272+00,2026-08-28 14:17:28.140272+00
16410,16412,t,-2361319720400768964,"INSERT INTO RES_REL_EKEY(RES_REL_ID,RES_ENT_ID,REL_ENT_ID) VALUES ($1,$2,$3),($4,$5,$6),($7,$8,$9),($10,$11,$12),($13,$14,$15),($16,$17,$18),($19,$20,$21),($22,$23,$24),($25,$26,$27),($28,$29,$30),($31,$32,$33),($34,$35,$36),($37,$38,$39),($40,$41,$42),($43,$44,$45),($46,$47,$48),($49,$50,$51),($52,$53,$54) ON CONFLICT DO NOTHING",0,0,0,0,0,0,1969,8923.257867999995,0.17637,99.338812,4.531872964956828,13.296463346372466,35442,282553,0,0,285,0,0,0,0,0,0,0,28.101880000000023,0,0,0,0,0,0,0,0,0,0,0,0,0,0,0,0,0,2026-08-28 13:27:32.815581+00,2026-08-28 13:27:32.815581+00
16410,16412,t,-1410804119999047752,"SELECT RES_ENT_ID,LIB_FEAT_ID,FTYPE_ID,UTYPE_CODE,SUPPRESSED,OBS_ENT_CNT FROM RES_FEAT_EKEY WHERE RES_ENT_ID IN ($1) AND FTYPE_ID IN ($2,$3,$4,$5,$6,$7,$8,$9,$10,$11,$12,$13,$14,$15,$16,$17)",0,0,0,0,0,0,3088,421.038588999999,0.013482000000000001,25.340283000000003,0.13634669332901522,0.7962906357309514,200613,15189,0,0,0,0,0,0,0,0,0,0,0,0,0,0,0,0,0,0,0,0,0,0,0,0,0,0,0,0,2026-08-28 13:27:23.208727+00,2026-08-28 13:27:23.208727+00
16410,16412,t,8746778309527021788,"SELECT ENT_SRC_KEY,CONFIG_ID,FIRST_SEEN_DT,LAST_SEEN_DT,JSON_DATA FROM DSRC_RECORD WHERE DSRC_ID=$1 AND RECORD_ID=$2",0,0,0,0,0,0,1195247,236201.86885900324,0.007363,68.64702,0.19761762117704812,0.6653568902177055,1195247,11277723,0,0,0,0,0,0,0,0,0,0,0,0,0,0,0,0,0,0,0,0,0,0,0,0,0,0,0,0,2026-08-28 13:27:25.58569+00,2026-08-28 13:27:25.58569+00
16410,16412,t,-6332578300876008408,"SELECT RES_ENT_ID,LIB_FEAT_ID,FTYPE_ID,UTYPE_CODE,SUPPRESSED,OBS_ENT_CNT FROM RES_FEAT_EKEY WHERE RES_ENT_ID IN ($1,$2) AND FTYPE_ID IN ($3,$4,$5,$6,$7,$8,$9,$10,$11,$12,$13,$14,$15,$16,$17,$18,$19,$20,$21,$22,$23,$24,$25,$26,$27,$28,$29,$30,$31,$32,$33,$34,$35,$36,$37,$38,$39,$40,$41,$42,$43,$44,$45,$46,$47,$48,$49,$50,$51,$52,$53,$54,$55,$56,$57,$58)",0,0,0,0,0,0,1,0.032428,0.032428,0.032428,0.032428,0,0,8,0,0,0,0,0,0,0,0,0,0,0,0,0,0,0,0,0,0,0,0,0,0,0,0,0,0,0,0,2026-08-28 13:30:17.077446+00,2026-08-28 13:30:17.077446+00
16410,16412,t,1732348092621839843,"UPDATE RES_FEAT_STAT AS T SET FTYPE_ID=C.FTYPE_ID,NUM_RES_ENT=C.NUM_RES_ENT_NEW,NUM_RES_ENT_OOM=C.NUM_RES_ENT_OOM_NEW FROM (VALUES (CAST ($1 AS BIGINT),CAST ($2 AS INT),CAST ($3 AS BIGINT),CAST ($4 AS BIGINT),CAST ($5 AS BIGINT),CAST ($6 AS BIGINT)),(CAST ($7 AS BIGINT),CAST ($8 AS INT),CAST ($9 AS BIGINT),CAST ($10 AS BIGINT),CAST ($11 AS BIGINT),CAST ($12 AS BIGINT)),(CAST ($13 AS BIGINT),CAST ($14 AS INT),CAST ($15 AS BIGINT),CAST ($16 AS BIGINT),CAST ($17 AS BIGINT),CAST ($18 AS BIGINT)),(CAST ($19 AS BIGINT),CAST ($20 AS INT),CAST ($21 AS BIGINT),CAST ($22 AS BIGINT),CAST ($23 AS BIGINT),CAST ($24 AS BIGINT)),(CAST ($25 AS BIGINT),CAST ($26 AS INT),CAST ($27 AS BIGINT),CAST ($28 AS BIGINT),CAST ($29 AS BIGINT),CAST ($30 AS BIGINT)),(CAST ($31 AS BIGINT),CAST ($32 AS INT),CAST ($33 AS BIGINT),CAST ($34 AS BIGINT),CAST ($35 AS BIGINT),CAST ($36 AS BIGINT)),(CAST ($37 AS BIGINT),CAST ($38 AS INT),CAST ($39 AS BIGINT),CAST ($40 AS BIGINT),CAST ($41 AS BIGINT),CAST ($42 AS BIGINT))) AS C(LIB_FEAT_ID,FTYPE_ID,NUM_RES_ENT_OLD,NUM_RES_ENT_OOM_OLD,NUM_RES_ENT_NEW,NUM_RES_ENT_OOM_NEW) WHERE C.LIB_FEAT_ID=T.LIB_FEAT_ID AND C.NUM_RES_ENT_OLD=T.NUM_RES_ENT AND C.NUM_RES_ENT_OOM_OLD=T.NUM_RES_ENT_OOM",0,0,0,0,0,0,3,3.726992,0.717942,2.222674,1.2423306666666667,0.6937701788043518,15,2577,0,0,0,0,0,0,0,0,0,0,0,0,0,0,0,0,0,0,0,0,0,0,0,0,0,0,0,0,2026-08-28 13:42:45.195159+00,2026-08-28 13:42:45.195159+00
10,16384,t,-2545013436033151621,"DECLARE ""query-cursor_56"" SCROLL CURSOR FOR select queryid, left(query, $1), calls, (total_plan_time + total_exec_time) as total_time from aurora_stat_statements($2) order by calls desc limit $3 FOR READ ONLY",0,0,0,0,0,0,1,0.065254,0.065254,0.065254,0.065254,0,0,0,0,0,0,0,0,0,0,0,0,0,0,0,0,0,0,0,0,0,0,0,0,0,0,0,0,0,0,0,2026-08-28 12:44:28.129103+00,2026-08-28 12:44:28.129103+00
10,16384,t,7992196898554882018,"MOVE -236 IN ""query-cursor_18""",0,0,0,0,0,0,1,0.006934,0.006934,0.006934,0.006934,0,0,0,0,0,0,0,0,0,0,0,0,0,0,0,0,0,0,0,0,0,0,0,0,0,0,0,0,0,0,0,2026-08-28 12:06:28.127092+00,2026-08-28 12:06:28.127092+00
16410,16412,t,-5750341632080856890,"INSERT INTO RES_RELATE(RES_REL_ID,MIN_RES_ENT_ID,MAX_RES_ENT_ID,IS_DISCLOSED,IS_AMBIGUOUS,LAST_ERRULE_ID,MATCH_KEY,MATCH_KEY_DETAILS,MATCH_LEVELS) VALUES ($1,$2,$3,$4,$5,$6,$7,$8,$9),($10,$11,$12,$13,$14,$15,$16,$17,$18),($19,$20,$21,$22,$23,$24,$25,$26,$27),($28,$29,$30,$31,$32,$33,$34,$35,$36) ON CONFLICT DO NOTHING",0,0,0,0,0,0,9156,11179.195911000015,0.053738,1235.9717750000002,1.2209694092398444,13.456583956548451,36624,302595,0,0,1950,0,0,0,0,0,0,0,153.85365799999965,0,0,0,0,0,0,0,0,0,0,0,0,0,0,0,0,0,2026-08-28 13:27:28.650416+00,2026-08-28 13:27:28.650416+00
16410,16412,t,5781086490749458633,"SELECT RES_ENT_ID,OBS_ENT_ID,ERRULE_ID,MATCH_KEY FROM RES_ENT_OKEY WHERE RES_ENT_ID IN ($1,$2,$3,$4)",0,0,0,0,0,0,256,7.699900000000003,0.014283,0.080958,0.030077734375000012,0.010541662938434726,979,3350,0,0,0,0,0,0,0,0,0,0,0,0,0,0,0,0,0,0,0,0,0,0,0,0,0,0,0,0,2026-08-28 13:28:44.085167+00,2026-08-28 13:28:44.085167+00
16410,16412,t,6072016675911376610,"SELECT RES_REL_ID,MIN_RES_ENT_ID,MAX_RES_ENT_ID,IS_DISCLOSED,IS_AMBIGUOUS,LAST_ERRULE_ID,MATCH_LEVELS,MATCH_KEY,MATCH_KEY_DETAILS FROM RES_RELATE WHERE RES_REL_ID IN ($1,$2)",0,0,0,0,0,0,118811,3395.6164869999698,0.007244,14.152052,0.028579984067131577,0.15624637869246488,237622,811931,0,0,0,0,0,0,0,0,0,0,0,0,0,0,0,0,0,0,0,0,0,0,0,0,0,0,0,0,2026-08-28 13:27:32.80021+00,2026-08-28 13:27:32.80021+00
10,16384,t,-3269504892152285057,"MOVE ALL IN ""query-cursor_107""",0,0,0,0,0,0,1,6.07402,6.07402,6.07402,6.07402,0,0,0,0,0,0,0,0,0,0,0,0,0,0,0,0,0,0,0,0,0,0,0,0,0,0,0,0,0,0,0,2026-08-28 13:36:28.313748+00,2026-08-28 13:36:28.313748+00
10,16384,t,-4642637571412840034,"FETCH 50 IN ""query-cursor_113""",0,0,0,0,0,0,29,0.21837099999999998,0.003996,0.012174,0.00753003448275862,0.0024001335664379127,1450,0,0,0,0,0,0,0,0,0,0,0,0,0,0,0,0,0,0,0,0,0,0,0,0,0,0,0,0,0,2026-08-28 13:46:28.138671+00,2026-08-28 13:46:28.138671+00
10,16384,t,-8529646101658082956,"MOVE ALL IN ""query-cursor_148""",0,0,0,0,0,0,1,4.564674,4.564674,4.564674,4.564674,0,0,0,0,0,0,0,0,0,0,0,0,0,0,0,0,0,0,0,0,0,0,0,0,0,0,0,0,0,0,0,2026-08-28 14:21:28.140375+00,2026-08-28 14:21:28.140375+00
16410,16412,t,7489588082314522700,"SELECT RES_ENT_ID,LIB_FEAT_ID,FTYPE_ID,UTYPE_CODE,SUPPRESSED,OBS_ENT_CNT FROM RES_FEAT_EKEY WHERE RES_ENT_ID IN ($1) AND FTYPE_ID IN ($2,$3,$4,$5,$6,$7,$8,$9,$10,$11,$12,$13,$14,$15,$16,$17,$18,$19,$20,$21,$22,$23,$24,$25,$26,$27,$28,$29,$30,$31,$32,$33,$34,$35,$36,$37,$38,$39,$40,$41,$42,$43,$44,$45,$46,$47,$48,$49,$50,$51,$52,$53,$54,$55,$56,$57,$58,$59,$60,$61,$62,$63,$64,$65)",0,0,0,0,0,0,6097,339.93970000000024,0.008226,21.477667,0.055755240282105996,0.528576153310281,9341,25095,0,0,0,0,0,0,0,0,0,0,0,0,0,0,0,0,0,0,0,0,0,0,0,0,0,0,0,0,2026-08-28 13:27:33.683701+00,2026-08-28 13:27:33.683701+00
10,16384,t,4474156388312836154,"FETCH 0 IN ""query-cursor_127""",0,0,0,0,0,0,1,0.003684,0.003684,0.003684,0.003684,0,0,0,0,0,0,0,0,0,0,0,0,0,0,0,0,0,0,0,0,0,0,0,0,0,0,0,0,0,0,0,2026-08-28 14:00:28.134335+00,2026-08-28 14:00:28.134335+00
16410,16412,t,2607876560595601533,"SELECT RES_ENT_ID,LIB_FEAT_ID,FTYPE_ID,UTYPE_CODE,SUPPRESSED,OBS_ENT_CNT FROM RES_FEAT_EKEY WHERE RES_ENT_ID IN ($1,$2,$3,$4,$5,$6,$7,$8,$9,$10,$11,$12,$13,$14,$15,$16,$17,$18,$19,$20,$21,$22,$23,$24,$25,$26,$27,$28,$29,$30,$31,$32,$33,$34,$35,$36,$37,$38,$39,$40,$41,$42,$43,$44,$45,$46,$47,$48,$49,$50,$51,$52,$53,$54,$55,$56,$57,$58,$59,$60,$61,$62,$63,$64,$65,$66,$67,$68,$69,$70,$71,$72,$73,$74,$75,$76,$77,$78,$79,$80,$81,$82,$83,$84) AND FTYPE_ID IN ($85,$86,$87,$88,$89,$90,$91,$92,$93,$94,$95,$96,$97,$98,$99,$100)",0,0,0,0,0,0,268,21156.841806999993,4.710212,942.670944,78.94343957835818,88.06222622543646,10636894,202121,0,0,0,0,0,0,0,0,0,0,0,0,0,0,0,0,0,0,0,0,0,0,0,0,0,0,0,0,2026-08-28 13:27:39.780129+00,2026-08-28 13:27:39.780129+00
10,16384,t,3483630397390563004,"MOVE ALL IN ""query-cursor_55""",0,0,0,0,0,0,1,0.957869,0.957869,0.957869,0.957869,0,0,0,0,0,0,0,0,0,0,0,0,0,0,0,0,0,0,0,0,0,0,0,0,0,0,0,0,0,0,0,2026-08-28 12:43:28.130087+00,2026-08-28 12:43:28.130087+00
16410,16412,t,-5178136239730036606,"SELECT RES_ENT_ID,LIB_FEAT_ID,FTYPE_ID,UTYPE_CODE,SUPPRESSED,OBS_ENT_CNT FROM RES_FEAT_EKEY WHERE RES_ENT_ID IN ($1,$2,$3,$4,$5,$6,$7,$8) AND FTYPE_ID IN ($9,$10,$11,$12,$13,$14,$15)",0,0,0,0,0,0,13346,4001.4649779999945,0.047989,37.142872,0.2998250395624153,1.2044637732852883,1182877,363922,0,0,0,0,0,0,0,0,0,0,0,0,0,0,0,0,0,0,0,0,0,0,0,0,0,0,0,0,2026-08-28 13:27:33.093253+00,2026-08-28 13:27:33.093253+00
10,16384,t,-6286423226680259193,"MOVE -242 IN ""query-cursor_19""",0,0,0,0,0,0,1,0.007493,0.007493,0.007493,0.007493,0,0,0,0,0,0,0,0,0,0,0,0,0,0,0,0,0,0,0,0,0,0,0,0,0,0,0,0,0,0,0,2026-08-28 12:07:28.127202+00,2026-08-28 12:07:28.127202+00
10,16384,t,-8951632301601452223,"FETCH 37 IN ""query-cursor_10""",0,0,0,0,0,0,1,0.003448,0.003448,0.003448,0.003448,0,37,0,0,0,0,0,0,0,0,0,0,0,0,0,0,0,0,0,0,0,0,0,0,0,0,0,0,0,0,0,2026-08-28 11:58:28.127045+00,2026-08-28 11:58:28.127045+00
16410,16412,t,7755207888322899810,"SELECT RES_REL_ID,MIN_RES_ENT_ID,MAX_RES_ENT_ID,IS_DISCLOSED,IS_AMBIGUOUS,LAST_ERRULE_ID,MATCH_LEVELS,MATCH_KEY,MATCH_KEY_DETAILS FROM RES_RELATE WHERE RES_REL_ID IN ($1)",0,0,0,0,0,0,295974,5741.968996000104,0.00547,28.047069,0.019400247981241948,0.14602370265540943,295973,1184114,0,0,0,0,0,0,0,0,0,0,0,0,0,0,0,0,0,0,0,0,0,0,0,0,0,0,0,0,2026-08-28 13:27:25.916145+00,2026-08-28 13:27:25.916145+00
10,16384,t,2187547290480146772,"FETCH 0 IN ""query-cursor_77""",0,0,0,0,0,0,1,0.003346,0.003346,0.003346,0.003346,0,0,0,0,0,0,0,0,0,0,0,0,0,0,0,0,0,0,0,0,0,0,0,0,0,0,0,0,0,0,0,2026-08-28 13:05:28.130672+00,2026-08-28 13:05:28.130672+00
10,16384,t,-6515161892553621393,"MOVE -1446 IN ""query-cursor_111""",0,0,0,0,0,0,1,0.057682,0.057682,0.057682,0.057682,0,0,0,0,0,0,0,0,0,0,0,0,0,0,0,0,0,0,0,0,0,0,0,0,0,0,0,0,0,0,0,2026-08-28 13:44:28.139+00,2026-08-28 13:44:28.139+00
16410,16412,t,-2139385434427411383,"SELECT RES_ENT_ID,LIB_FEAT_ID,FTYPE_ID,UTYPE_CODE,SUPPRESSED,OBS_ENT_CNT FROM RES_FEAT_EKEY WHERE RES_ENT_ID IN ($1,$2,$3,$4,$5,$6,$7,$8,$9,$10,$11,$12,$13,$14,$15,$16,$17,$18,$19,$20,$21,$22,$23,$24,$25,$26,$27,$28,$29,$30,$31,$32,$33,$34,$35,$36,$37,$38,$39,$40,$41,$42,$43,$44,$45,$46,$47,$48,$49,$50,$51,$52,$53,$54,$55,$56,$57,$58,$59,$60,$61,$62,$63,$64) AND FTYPE_ID IN ($65,$66,$67,$68,$69,$70,$71,$72,$73,$74)",0,0,0,0,0,0,543,7904.3350589999945,0.761684,365.393278,14.556786480662973,24.450103257069156,6188111,222615,0,0,0,0,0,0,0,0,0,0,0,0,0,0,0,0,0,0,0,0,0,0,0,0,0,0,0,0,2026-08-28 13:27:32.472247+00,2026-08-28 13:27:32.472247+00
10,16384,t,-2060377451644550000,"DECLARE ""query-cursor_131"" SCROLL CURSOR FOR select queryid, left(query, $1), calls, (total_plan_time + total_exec_time) as total_time from aurora_stat_statements($2) order by calls desc limit $3 FOR READ ONLY",0,0,0,0,0,0,1,0.069659,0.069659,0.069659,0.069659,0,0,0,0,0,0,0,0,0,0,0,0,0,0,0,0,0,0,0,0,0,0,0,0,0,0,0,0,0,0,0,2026-08-28 14:04:28.13456+00,2026-08-28 14:04:28.13456+00
10,16384,t,7089437723339043190,select sum(aurora_stat_get_db_commit_latency(oid)) from pg_database,0,0,0,0,0,0,346,23.128767999999994,0.045681,1.394728,0.06684615028901732,0.07241483554797207,346,1037,1,0,0,0,0,0,0,0,0,1.330249,0,0,0,0,0,0,0,0,0,0,0,0,0,0,0,0,0,0,2026-08-28 11:48:37.936712+00,2026-08-28 11:48:37.936712+00
10,16384,t,1415078381127277322,"DECLARE ""query-cursor_124"" SCROLL CURSOR FOR select queryid, left(query, $1), calls, (total_plan_time + total_exec_time) as total_time from aurora_stat_statements($2) order by calls desc limit $3 FOR READ ONLY",0,0,0,0,0,0,1,0.065082,0.065082,0.065082,0.065082,0,0,0,0,0,0,0,0,0,0,0,0,0,0,0,0,0,0,0,0,0,0,0,0,0,0,0,0,0,0,0,2026-08-28 13:57:28.134052+00,2026-08-28 13:57:28.134052+00
16410,16412,t,8702760936764551979,"SELECT RES_ENT_ID,ENT_STATE,LOCKING_ID FROM RES_ENT WHERE RES_ENT_ID IN ($1,$2,$3,$4,$5,$6,$7,$8,$9,$10,$11,$12,$13,$14,$15,$16,$17,$18,$19,$20,$21,$22,$23,$24,$25,$26,$27,$28,$29,$30,$31,$32,$33,$34,$35,$36,$37,$38,$39,$40,$41,$42,$43,$44,$45,$46,$47,$48,$49,$50,$51,$52,$53,$54,$55,$56,$57,$58,$59,$60,$61,$62,$63,$64)",0,0,0,0,0,0,23616,10360.715441000018,0.092926,70.028694,0.43871593161416067,1.4769491374753334,1050814,4529320,0,0,0,0,0,0,0,0,0,0,0,0,0,0,0,0,0,0,0,0,0,0,0,0,0,0,0,0,2026-08-28 13:27:27.595135+00,2026-08-28 13:27:27.595135+00
16410,16412,t,-9003389988047647378,"INSERT INTO RES_FEAT_STAT(LIB_FEAT_ID,FTYPE_ID,NUM_RES_ENT,NUM_RES_ENT_OOM) VALUES ($1,$2,$3,$4),($5,$6,$7,$8),($9,$10,$11,$12),($13,$14,$15,$16),($17,$18,$19,$20),($21,$22,$23,$24),($25,$26,$27,$28),($29,$30,$31,$32),($33,$34,$35,$36) ON CONFLICT DO NOTHING",0,0,0,0,0,0,68726,214115.82734999942,0.082925,583.743265,3.1154996267787944,15.474265780335307,618228,5229706,0,0,7736,0,0,0,0,0,0,0,360.38980600000014,0,0,0,0,0,0,0,0,0,0,0,0,0,0,0,0,0,2026-08-28 13:27:22.999039+00,2026-08-28 13:27:22.999039+00
10,16384,t,4661158876487922840,"MOVE -1714 IN ""query-cursor_154""",0,0,0,0,0,0,1,0.033144,0.033144,0.033144,0.033144,0,0,0,0,0,0,0,0,0,0,0,0,0,0,0,0,0,0,0,0,0,0,0,0,0,0,0,0,0,0,0,2026-08-28 14:27:28.14101+00,2026-08-28 14:27:28.14101+00
16410,16412,t,6590697291573528144,DELETE FROM RES_FEAT_EKEY WHERE ((RES_ENT_ID=$1 AND LIB_FEAT_ID=$2 AND UTYPE_CODE=$3)OR(RES_ENT_ID=$4 AND LIB_FEAT_ID=$5 AND UTYPE_CODE=$6)OR(RES_ENT_ID=$7 AND LIB_FEAT_ID=$8 AND UTYPE_CODE=$9)),0,0,0,0,0,0,10633,5098.853898999999,0.026176,65.26079,0.4795310729803441,2.2964934033124518,31899,170229,0,0,0,0,0,0,0,0,0,0,0,0,0,0,0,0,0,0,0,0,0,0,0,0,0,0,0,0,2026-08-28 13:27:31.376662+00,2026-08-28 13:27:31.376662+00
10,16384,t,7164068624886880203,"MOVE ALL IN ""query-cursor_53""",0,0,0,0,0,0,1,0.926372,0.926372,0.926372,0.926372,0,0,0,0,0,0,0,0,0,0,0,0,0,0,0,0,0,0,0,0,0,0,0,0,0,0,0,0,0,0,0,2026-08-28 12:41:28.129899+00,2026-08-28 12:41:28.129899+00
16410,16412,t,7826466606882716716,"SELECT RES_REL_ID,MIN_RES_ENT_ID,MAX_RES_ENT_ID,IS_DISCLOSED,IS_AMBIGUOUS,LAST_ERRULE_ID,MATCH_LEVELS,MATCH_KEY,MATCH_KEY_DETAILS FROM RES_RELATE WHERE RES_REL_ID IN ($1,$2,$3,$4,$5,$6,$7,$8,$9,$10,$11,$12,$13,$14,$15,$16,$17,$18,$19,$20,$21,$22,$23,$24,$25,$26,$27,$28,$29,$30,$31,$32,$33,$34,$35,$36,$37,$38,$39,$40,$41,$42,$43,$44,$45,$46,$47,$48,$49,$50,$51,$52,$53,$54,$55,$56,$57,$58,$59,$60,$61,$62,$63,$64,$65,$66,$67,$68,$69,$70,$71,$72,$73,$74,$75,$76,$77,$78,$79,$80,$81,$82,$83,$84,$85,$86,$87,$88,$89,$90,$91,$92,$93,$94,$95,$96,$97,$98,$99,$100)",0,0,0,0,0,0,80768,31645.99160499946,0.061630000000000004,56.911191,0.39181348560072626,1.10757431413517,7829341,10907795,0,0,0,0,0,0,0,0,0,0,0,0,0,0,0,0,0,0,0,0,0,0,0,0,0,0,0,0,2026-08-28 13:29:03.127939+00,2026-08-28 13:29:03.127939+00
10,16384,t,4509550461641771640,"DECLARE ""query-cursor_16"" SCROLL CURSOR FOR select queryid, left(query, $1), calls, (total_plan_time + total_exec_time) as total_time from aurora_stat_statements($2) order by calls desc limit $3 FOR READ ONLY",0,0,0,0,0,0,1,0.068531,0.068531,0.068531,0.068531,0,0,0,0,0,0,0,0,0,0,0,0,0,0,0,0,0,0,0,0,0,0,0,0,0,0,0,0,0,0,0,2026-08-28 12:04:28.126347+00,2026-08-28 12:04:28.126347+00
10,16384,t,-1767769003792057046,"DECLARE ""query-cursor_74"" SCROLL CURSOR FOR select queryid, left(query, $1), calls, (total_plan_time + total_exec_time) as total_time from aurora_stat_statements($2) order by calls desc limit $3 FOR READ ONLY",0,0,0,0,0,0,1,0.065525,0.065525,0.065525,0.065525,0,0,0,0,0,0,0,0,0,0,0,0,0,0,0,0,0,0,0,0,0,0,0,0,0,0,0,0,0,0,0,2026-08-28 13:02:28.1304+00,2026-08-28 13:02:28.1304+00
10,16384,t,6179683617003889656,"FETCH 0 IN ""query-cursor_167""",0,0,0,0,0,0,1,0.003159,0.003159,0.003159,0.003159,0,0,0,0,0,0,0,0,0,0,0,0,0,0,0,0,0,0,0,0,0,0,0,0,0,0,0,0,0,0,0,2026-08-28 14:40:28.137244+00,2026-08-28 14:40:28.137244+00
16410,16412,t,-5723145000911626027,"SELECT RES_ENT_ID,LIB_FEAT_ID,FTYPE_ID,UTYPE_CODE,SUPPRESSED,OBS_ENT_CNT FROM RES_FEAT_EKEY WHERE RES_ENT_ID IN ($1)",0,0,0,0,0,0,635212,72603.02360400022,0.003484,165.60002200000002,0.1142973111402181,0.9752851157376529,53968878,3257354,0,0,0,0,0,0,0,0,0,0,0,0,0,0,0,0,0,0,0,0,0,0,0,0,0,0,0,0,2026-08-28 13:27:25.693567+00,2026-08-28 13:27:25.693567+00
16410,16412,t,199042775651734256,"SELECT RES_ENT_ID,LIB_FEAT_ID,FTYPE_ID,UTYPE_CODE,SUPPRESSED,OBS_ENT_CNT FROM RES_FEAT_EKEY WHERE RES_ENT_ID IN ($1,$2,$3,$4) AND FTYPE_ID IN ($5,$6,$7,$8,$9,$10,$11,$12,$13,$14,$15,$16,$17,$18,$19,$20,$21,$22)",0,0,0,0,0,0,632,447.56208899999973,0.046381,21.878237,0.7081678623417718,1.6101667275636127,463990,14173,0,0,0,0,0,0,0,0,0,0,0,0,0,0,0,0,0,0,0,0,0,0,0,0,0,0,0,0,2026-08-28 13:27:23.097409+00,2026-08-28 13:27:23.097409+00
16410,16412,t,5549543541101659998,"SELECT OBS_ENT_ID,DSRC_ID,ENT_SRC_KEY,LOCKING_ID,FEATURES FROM OBS_ENT WHERE OBS_ENT_ID IN ($1,$2)",0,0,0,0,0,0,14682,501.56072200000153,0.008311,11.188513,0.03416160754665587,0.1768977534755524,29364,148054,0,0,0,0,0,0,0,0,0,0,0,0,0,0,0,0,0,0,0,0,0,0,0,0,0,0,0,0,2026-08-28 13:27:49.206444+00,2026-08-28 13:27:49.206444+00
16410,16412,t,8245012683704636222,"SELECT RES_ENT_ID,OBS_ENT_ID,ERRULE_ID,MATCH_KEY FROM RES_ENT_OKEY WHERE RES_ENT_ID IN ($1,$2,$3,$4,$5,$6,$7,$8)",0,0,0,0,0,0,19,0.713416,0.01916,0.054058,0.037548210526315795,0.009002575868687145,134,448,0,0,0,0,0,0,0,0,0,0,0,0,0,0,0,0,0,0,0,0,0,0,0,0,0,0,0,0,2026-08-28 13:30:45.766439+00,2026-08-28 13:30:45.766439+00
10,16384,t,4767269227911119473,"FETCH 50 IN ""query-cursor_29""",0,0,0,0,0,0,6,0.021273,0.002921,0.005699,0.0035455,0.000983759582757224,300,0,0,0,0,0,0,0,0,0,0,0,0,0,0,0,0,0,0,0,0,0,0,0,0,0,0,0,0,0,2026-08-28 12:17:28.128021+00,2026-08-28 12:17:28.128021+00
10,16384,t,-7844732485747571582,"FETCH 25 IN ""query-cursor_33""",0,0,0,0,0,0,1,0.002233,0.002233,0.002233,0.002233,0,25,0,0,0,0,0,0,0,0,0,0,0,0,0,0,0,0,0,0,0,0,0,0,0,0,0,0,0,0,0,2026-08-28 12:21:28.129437+00,2026-08-28 12:21:28.129437+00
16410,16412,t,1666982980568135759,"SELECT RES_ENT_ID,LIB_FEAT_ID,FTYPE_ID,UTYPE_CODE,SUPPRESSED,OBS_ENT_CNT FROM RES_FEAT_EKEY WHERE RES_ENT_ID IN ($1,$2,$3,$4,$5,$6,$7,$8,$9,$10,$11,$12,$13,$14,$15,$16,$17,$18,$19,$20,$21,$22,$23,$24,$25,$26,$27,$28,$29,$30,$31,$32,$33,$34,$35,$36,$37,$38,$39,$40,$41,$42,$43,$44,$45,$46,$47,$48,$49,$50,$51,$52,$53,$54,$55,$56,$57,$58,$59,$60,$61,$62,$63,$64,$65,$66,$67,$68,$69,$70,$71,$72,$73,$74,$75,$76,$77,$78,$79,$80,$81) AND FTYPE_ID IN ($82,$83,$84,$85,$86,$87,$88,$89,$90,$91,$92,$93,$94,$95,$96,$97,$98,$99,$100)",0,0,0,0,0,0,164,27098.538507,6.69005,814.598335,165.23499089634146,142.22899486559265,18390804,241185,0,0,0,0,0,0,0,0,0,0,0,0,0,0,0,0,0,0,0,0,0,0,0,0,0,0,0,0,2026-08-28 13:27:50.432217+00,2026-08-28 13:27:50.432217+00
10,16384,t,-7954839518439452450,"FETCH 21 IN ""query-cursor_87""",0,0,0,0,0,0,1,0.002131,0.002131,0.002131,0.002131,0,21,0,0,0,0,0,0,0,0,0,0,0,0,0,0,0,0,0,0,0,0,0,0,0,0,0,0,0,0,0,2026-08-28 13:15:28.135158+00,2026-08-28 13:15:28.135158+00
10,16384,t,2315056850273519502,"MOVE ALL IN ""query-cursor_117""",0,0,0,0,0,0,1,4.032255,4.032255,4.032255,4.032255,0,0,0,0,0,0,0,0,0,0,0,0,0,0,0,0,0,0,0,0,0,0,0,0,0,0,0,0,0,0,0,2026-08-28 13:50:28.137765+00,2026-08-28 13:50:28.137765+00
10,16384,t,8805089825907234480,"ALTER ROLE rdsadmin IN DATABASE rdsadmin SET search_path = $1,$2",0,0,0,0,0,0,1,0.059719,0.059719,0.059719,0.059719,0,0,5,0,0,0,0,0,0,0,0,0,0,0,0,0,0,0,0,0,0,0,0,0,0,0,0,0,0,0,0,2026-08-28 11:50:18.01877+00,2026-08-28 11:50:18.01877+00
16410,16412,t,6856651096583272060,"SELECT RES_ENT_ID,LAST_TOUCH_DT,LOCKING_ID FROM RES_ENT WHERE RES_ENT_ID IN ($1) AND LAST_TOUCH_DT!=$2",0,0,0,0,0,0,942,16.507857,0.004078,4.464734,0.017524264331210192,0.1451397821447323,18,4388,0,0,0,0,0,0,0,0,0,0,0,0,0,0,0,0,0,0,0,0,0,0,0,0,0,0,0,0,2026-08-28 13:28:25.890822+00,2026-08-28 13:28:25.890822+00
16410,16412,t,1711874022318864854,"SELECT RES_ENT_ID,LIB_FEAT_ID,FTYPE_ID,UTYPE_CODE,SUPPRESSED,OBS_ENT_CNT FROM RES_FEAT_EKEY WHERE RES_ENT_ID IN ($1,$2,$3,$4,$5,$6,$7,$8) AND FTYPE_ID IN ($9,$10,$11,$12,$13,$14,$15,$16,$17,$18,$19,$20,$21,$22,$23,$24,$25,$26,$27,$28,$29,$30,$31)",0,0,0,0,0,0,30,70.877781,0.328745,15.192364999999999,2.3625927,3.1252989028921605,107341,2123,0,0,0,0,0,0,0,0,0,0,0,0,0,0,0,0,0,0,0,0,0,0,0,0,0,0,0,0,2026-08-28 13:27:23.311425+00,2026-08-28 13:27:23.311425+00
10,16384,t,-3411487724164221837,"FETCH 0 IN ""query-cursor_101""",0,0,0,0,0,0,1,0.002885,0.002885,0.002885,0.002885,0,0,0,0,0,0,0,0,0,0,0,0,0,0,0,0,0,0,0,0,0,0,0,0,0,0,0,0,0,0,0,2026-08-28 13:29:28.132376+00,2026-08-28 13:29:28.132376+00
10,16384,t,7285311755608519322,"FETCH 13 IN ""query-cursor_129""",0,0,0,0,0,0,1,0.00248,0.00248,0.00248,0.00248,0,13,0,0,0,0,0,0,0,0,0,0,0,0,0,0,0,0,0,0,0,0,0,0,0,0,0,0,0,0,0,2026-08-28 14:02:28.150085+00,2026-08-28 14:02:28.150085+00
10,16384,t,6842021409804615884,"MOVE ALL IN ""query-cursor_115""",0,0,0,0,0,0,1,3.805954,3.805954,3.805954,3.805954,0,0,0,0,0,0,0,0,0,0,0,0,0,0,0,0,0,0,0,0,0,0,0,0,0,0,0,0,0,0,0,2026-08-28 13:48:28.137448+00,2026-08-28 13:48:28.137448+00
16410,16412,t,-4573455990379267114,"INSERT INTO RES_REL_EKEY(RES_REL_ID,RES_ENT_ID,REL_ENT_ID) VALUES ($1,$2,$3),($4,$5,$6),($7,$8,$9),($10,$11,$12),($13,$14,$15),($16,$17,$18),($19,$20,$21) ON CONFLICT DO NOTHING",0,0,0,0,0,0,146,211.85193399999994,0.08582000000000001,24.034077,1.451040643835616,4.527209443925365,1022,8209,0,0,7,0,0,0,0,0,0,0,0.062785,0,0,0,0,0,0,0,0,0,0,0,0,0,0,0,0,0,2026-08-28 13:29:45.792682+00,2026-08-28 13:29:45.792682+00
10,16384,t,6733676205629746737,"MOVE -496 IN ""query-cursor_58""",0,0,0,0,0,0,1,0.011059,0.011059,0.011059,0.011059,0,0,0,0,0,0,0,0,0,0,0,0,0,0,0,0,0,0,0,0,0,0,0,0,0,0,0,0,0,0,0,2026-08-28 12:46:28.130508+00,2026-08-28 12:46:28.130508+00
16410,16412,t,8157337805860941690,"CREATE TABLE IF NOT EXISTS NAME_EMBEDDING (LIB_FEAT_ID BIGINT NOT NULL, LABEL TEXT NOT NULL, EMBEDDING VECTOR(512), PRIMARY KEY(LIB_FEAT_ID))",0,0,0,0,0,0,1,9.379845,9.379845,9.379845,9.379845,0,0,551,0,0,0,0,0,0,0,0,0,0,0,0,0,0,0,0,0,0,0,0,0,0,0,0,0,0,0,0,2026-08-28 11:52:25.872527+00,2026-08-28 11:52:25.872527+00
10,16384,t,-2803744130189847016,"MOVE ALL IN ""query-cursor_89""",0,0,0,0,0,0,1,1.441476,1.441476,1.441476,1.441476,0,0,0,0,0,0,0,0,0,0,0,0,0,0,0,0,0,0,0,0,0,0,0,0,0,0,0,0,0,0,0,2026-08-28 13:17:28.133008+00,2026-08-28 13:17:28.133008+00
10,16384,t,6331381599220692696,"MOVE -678 IN ""query-cursor_88""",0,0,0,0,0,0,1,0.014084,0.014084,0.014084,0.014084,0,0,0,0,0,0,0,0,0,0,0,0,0,0,0,0,0,0,0,0,0,0,0,0,0,0,0,0,0,0,0,2026-08-28 13:16:28.13294+00,2026-08-28 13:16:28.13294+00
10,16384,t,121873202695487710,"FETCH 0 IN ""query-cursor_59""",0,0,0,0,0,0,1,0.003422,0.003422,0.003422,0.003422,0,0,0,0,0,0,0,0,0,0,0,0,0,0,0,0,0,0,0,0,0,0,0,0,0,0,0,0,0,0,0,2026-08-28 12:47:28.129424+00,2026-08-28 12:47:28.129424+00
16410,16412,t,-3646117030169076453,"SELECT RES_ENT_ID,LIB_FEAT_ID,FTYPE_ID,UTYPE_CODE,SUPPRESSED,OBS_ENT_CNT FROM RES_FEAT_EKEY WHERE RES_ENT_ID IN ($1,$2) AND FTYPE_ID IN ($3,$4,$5,$6,$7,$8,$9,$10,$11,$12,$13,$14,$15,$16)",0,0,0,0,0,0,9130,1875.0941570000034,0.031401,36.426564,0.20537723515881745,0.9832690611437969,899852,86589,0,0,0,0,0,0,0,0,0,0,0,0,0,0,0,0,0,0,0,0,0,0,0,0,0,0,0,0,2026-08-28 13:27:23.352241+00,2026-08-28 13:27:23.352241+00
10,16384,t,8161599021578207176,"FETCH 0 IN ""query-cursor_146""",0,0,0,0,0,0,1,0.003549,0.003549,0.003549,0.003549,0,0,0,0,0,0,0,0,0,0,0,0,0,0,0,0,0,0,0,0,0,0,0,0,0,0,0,0,0,0,0,2026-08-28 14:19:28.135699+00,2026-08-28 14:19:28.135699+00
16410,16412,t,-4996190704934010847,"UPDATE RES_RELATE AS T SET IS_DISCLOSED=C.IS_DISCLOSED,IS_AMBIGUOUS=C.IS_AMBIGUOUS,LAST_ERRULE_ID=C.LAST_ERRULE_ID,MATCH_KEY=C.MATCH_KEY,MATCH_KEY_DETAILS=C.MATCH_KEY_DETAILS,MATCH_LEVELS=C.MATCH_LEVELS FROM (VALUES (CAST ($1 AS BIGINT),CAST ($2 AS BIGINT),CAST ($3 AS BIGINT),CAST ($4 AS BIGINT),$5,$6,$7),(CAST ($8 AS BIGINT),CAST ($9 AS BIGINT),CAST ($10 AS BIGINT),CAST ($11 AS BIGINT),$12,$13,$14),(CAST ($15 AS BIGINT),CAST ($16 AS BIGINT),CAST ($17 AS BIGINT),CAST ($18 AS BIGINT),$19,$20,$21),(CAST ($22 AS BIGINT),CAST ($23 AS BIGINT),CAST ($24 AS BIGINT),CAST ($25 AS BIGINT),$26,$27,$28),(CAST ($29 AS BIGINT),CAST ($30 AS BIGINT),CAST ($31 AS BIGINT),CAST ($32 AS BIGINT),$33,$34,$35),(CAST ($36 AS BIGINT),CAST ($37 AS BIGINT),CAST ($38 AS BIGINT),CAST ($39 AS BIGINT),$40,$41,$42)) AS C(RES_REL_ID,IS_DISCLOSED,IS_AMBIGUOUS,LAST_ERRULE_ID,MATCH_KEY,MATCH_KEY_DETAILS,MATCH_LEVELS) WHERE C.RES_REL_ID=T.RES_REL_ID",0,0,0,0,0,0,878,1207.1371250000016,0.07535700000000001,37.59415,1.3748714407744893,4.4958011518051615,5268,59557,0,0,398,0,0,0,0,0,0,0,43.03469599999999,0,0,0,0,0,0,0,0,0,0,0,0,0,0,0,0,0,2026-08-28 13:27:37.582821+00,2026-08-28 13:27:37.582821+00
10,16384,t,-3742803685282235759,"FETCH 0 IN ""query-cursor_16""",0,0,0,0,0,0,1,0.003859,0.003859,0.003859,0.003859,0,0,0,0,0,0,0,0,0,0,0,0,0,0,0,0,0,0,0,0,0,0,0,0,0,0,0,0,0,0,0,2026-08-28 12:04:28.126393+00,2026-08-28 12:04:28.126393+00
10,16384,t,656218203824834372,"DECLARE ""query-cursor_84"" SCROLL CURSOR FOR select queryid, left(query, $1), calls, (total_plan_time + total_exec_time) as total_time from aurora_stat_statements($2) order by calls desc limit $3 FOR READ ONLY",0,0,0,0,0,0,1,0.066159,0.066159,0.066159,0.066159,0,0,0,0,0,0,0,0,0,0,0,0,0,0,0,0,0,0,0,0,0,0,0,0,0,0,0,0,0,0,0,2026-08-28 13:12:28.131081+00,2026-08-28 13:12:28.131081+00
16410,16412,t,-6357919085686932950,"CREATE TABLE RES_REL_EKEY (RES_ENT_ID BIGINT NOT NULL, REL_ENT_ID BIGINT NOT NULL, RES_REL_ID BIGINT NOT NULL, PRIMARY KEY(RES_ENT_ID, REL_ENT_ID) INCLUDE (RES_REL_ID))",0,0,0,0,0,0,1,3.187552,3.187552,3.187552,3.187552,0,0,237,0,0,1,0,0,0,0,0,0,0,0.002608,0,0,0,0,0,0,0,0,0,0,0,0,0,0,0,0,0,2026-08-28 11:51:27.941529+00,2026-08-28 11:51:27.941529+00
10,16384,t,-1199282289732698469,"SELECT name, setting FROM pg_settings WHERE name IN ($1, $2)",0,0,0,0,0,0,351,518.6488629999997,1.2062060000000001,30.328315,1.4776320883190874,1.672593367106823,702,0,0,0,0,0,0,0,0,0,0,0,0,0,0,0,0,0,0,0,0,0,0,0,0,0,0,0,0,0,2026-08-28 11:48:33.873017+00,2026-08-28 11:48:33.873017+00
10,16384,t,1361531627324811336,"MOVE ALL IN ""query-cursor_155""",0,0,0,0,0,0,1,4.856303,4.856303,4.856303,4.856303,0,0,0,0,0,0,0,0,0,0,0,0,0,0,0,0,0,0,0,0,0,0,0,0,0,0,0,0,0,0,0,2026-08-28 14:28:28.14127+00,2026-08-28 14:28:28.14127+00
16410,16412,t,-495937983287690095,"SELECT RES_ENT_ID,LIB_FEAT_ID,FTYPE_ID,UTYPE_CODE,SUPPRESSED,OBS_ENT_CNT FROM RES_FEAT_EKEY WHERE RES_ENT_ID IN ($1) AND FTYPE_ID IN ($2,$3,$4,$5,$6,$7,$8,$9,$10,$11,$12,$13,$14,$15,$16,$17,$18,$19,$20,$21,$22,$23,$24,$25,$26,$27,$28,$29,$30,$31,$32,$33,$34,$35,$36,$37,$38,$39,$40,$41,$42,$43,$44,$45,$46,$47,$48,$49,$50,$51,$52,$53,$54,$55,$56,$57,$58)",0,0,0,0,0,0,25,2.073923,0.005966,0.5315380000000001,0.08295692,0.11974469419124008,168,168,0,0,0,0,0,0,0,0,0,0,0,0,0,0,0,0,0,0,0,0,0,0,0,0,0,0,0,0,2026-08-28 13:28:26.413402+00,2026-08-28 13:28:26.413402+00
10,16384,t,-3868487740020039047,"FETCH 50 IN ""query-cursor_20""",0,0,0,0,0,0,4,0.014868999999999999,0.003061,0.00477,0.0037172499999999996,0.0006448167859942853,200,0,0,0,0,0,0,0,0,0,0,0,0,0,0,0,0,0,0,0,0,0,0,0,0,0,0,0,0,0,2026-08-28 12:08:28.127335+00,2026-08-28 12:08:28.127335+00
16410,16412,t,6433019860181037100,"INSERT INTO SYS_EVAL_QUEUE(MSG_ID,DSRC_CODE,ENT_SRC_KEY,MSG) VALUES ($1,$2,$3,$4) ON CONFLICT DO NOTHING",0,0,0,0,0,0,2172451,545463.3759290421,0.004389,38952.540706,0.25108201562614857,39.85343841861405,300449,12547583,12,0,13698,0,0,0,0,0,0,0,1931.089481999998,0,0,0,0,0,0,0,0,0,0,0,0,0,0,0,0,0,2026-08-28 13:27:23.763149+00,2026-08-28 13:27:23.763149+00
16410,16412,t,6860448417931102691,"SELECT RES_ENT_ID,LIB_FEAT_ID,FTYPE_ID,UTYPE_CODE,SUPPRESSED,OBS_ENT_CNT FROM RES_FEAT_EKEY WHERE RES_ENT_ID IN ($1,$2,$3,$4,$5,$6,$7,$8) AND FTYPE_ID IN ($9,$10,$11,$12,$13,$14,$15,$16,$17,$18,$19,$20,$21,$22,$23,$24)",0,0,0,0,0,0,3679,4186.784091000007,0.056863000000000004,58.079127,1.1380223134003824,3.6141784702000264,1977290,124507,0,0,0,0,0,0,0,0,0,0,0,0,0,0,0,0,0,0,0,0,0,0,0,0,0,0,0,0,2026-08-28 13:27:24.393632+00,2026-08-28 13:27:24.393632+00
10,16384,t,-7945284921795644783,SELECT count(*) FROM pg_catalog.pg_hba_file_rules WHERE auth_method = $1,0,0,0,0,0,0,17,2.0620799999999995,0.104693,0.186419,0.12129882352941174,0.018057034276181987,17,0,0,0,0,0,0,0,0,0,0,0,0,0,0,0,0,0,0,0,0,0,0,0,0,0,0,0,0,0,2026-08-28 11:55:39.006379+00,2026-08-28 11:55:39.006379+00
16410,16412,t,2219417973857381876,"INSERT INTO RES_REL_EKEY(RES_REL_ID,RES_ENT_ID,REL_ENT_ID) VALUES ($1,$2,$3),($4,$5,$6),($7,$8,$9),($10,$11,$12),($13,$14,$15),($16,$17,$18),($19,$20,$21),($22,$23,$24),($25,$26,$27),($28,$29,$30),($31,$32,$33),($34,$35,$36),($37,$38,$39),($40,$41,$42) ON CONFLICT DO NOTHING",0,0,0,0,0,0,2873,8843.237481999977,0.145,84.021015,3.078049941524531,9.690934419625018,40222,319410,0,0,383,0,0,0,0,0,0,0,18.094919000000004,0,0,0,0,0,0,0,0,0,0,0,0,0,0,0,0,0,2026-08-28 13:27:31.385938+00,2026-08-28 13:27:31.385938+00
16410,16412,t,-5887097287826383272,"SELECT RES_ENT_ID,LIB_FEAT_ID,FTYPE_ID,UTYPE_CODE,SUPPRESSED,OBS_ENT_CNT FROM RES_FEAT_EKEY WHERE RES_ENT_ID IN ($1,$2,$3,$4,$5,$6,$7,$8,$9,$10,$11,$12,$13,$14,$15,$16,$17,$18,$19,$20,$21,$22,$23,$24,$25,$26,$27,$28,$29,$30,$31,$32,$33,$34,$35,$36,$37,$38,$39,$40,$41,$42,$43,$44,$45,$46,$47,$48,$49,$50,$51,$52,$53,$54,$55,$56,$57,$58,$59,$60,$61,$62,$63,$64) AND FTYPE_ID IN ($65,$66,$67,$68,$69,$70,$71,$72,$73,$74,$75,$76,$77,$78,$79,$80,$81,$82,$83,$84,$85,$86)",0,0,0,0,0,0,164,11144.519405999996,3.88075,431.959277,67.95438662195119,70.76297359851424,9259449,127288,0,0,0,0,0,0,0,0,0,0,0,0,0,0,0,0,0,0,0,0,0,0,0,0,0,0,0,0,2026-08-28 13:27:30.866238+00,2026-08-28 13:27:30.866238+00
16410,16412,t,2252244364211873314,"SELECT RES_ENT_ID,LIB_FEAT_ID,FTYPE_ID,UTYPE_CODE,SUPPRESSED,OBS_ENT_CNT FROM RES_FEAT_EKEY WHERE RES_ENT_ID IN ($1,$2,$3,$4) AND FTYPE_ID IN ($5,$6,$7,$8,$9,$10,$11,$12,$13)",0,0,0,0,0,0,15129,3018.835212999985,0.043807000000000006,29.226239,0.199539639962984,0.9388695031334132,884776,232628,0,0,0,0,0,0,0,0,0,0,0,0,0,0,0,0,0,0,0,0,0,0,0,0,0,0,0,0,2026-08-28 13:27:25.967749+00,2026-08-28 13:27:25.967749+00
10,16384,t,2686958190643597861,"MOVE ALL IN ""query-cursor_72""",0,0,0,0,0,0,1,1.228751,1.228751,1.228751,1.228751,0,0,0,0,0,0,0,0,0,0,0,0,0,0,0,0,0,0,0,0,0,0,0,0,0,0,0,0,0,0,0,2026-08-28 13:00:28.131608+00,2026-08-28 13:00:28.131608+00
16410,16412,t,1284908075082418462,"CREATE TABLE SYS_HW_CHECK (LIB_FEAT_ID BIGINT NOT NULL, FTYPE_ID SMALLINT NOT NULL, VERSION SMALLINT NOT NULL, FEAT_HASH VARCHAR(40) NOT NULL, FEAT_DESC VARCHAR(150), FELEM_VALUES TEXT NOT NULL, ANONYMIZED CHAR(1) NOT NULL, PRIMARY KEY(FEAT_HASH, FTYPE_ID, ANONYMIZED))",0,0,0,0,0,0,1,6.763232,6.763232,6.763232,6.763232,0,0,424,0,0,0,0,0,0,0,0,0,0,0,0,0,0,0,0,0,0,0,0,0,0,0,0,0,0,0,0,2026-08-28 11:51:27.855648+00,2026-08-28 11:51:27.855648+00
10,16384,t,7357715305764388097,"select queryid, calls, (total_plan_time + total_exec_time) as total_time, rows, shared_blks_hit, shared_blks_dirtied, shared_blks_read, shared_blks_written, local_blks_hit, local_blks_dirtied, local_blks_read, local_blks_written, temp_blks_read, temp_blks_written, storage_blks_read, orcache_blks_hit, shared_blk_read_time as blk_read_time, shared_blk_write_time as blk_write_time, storage_blk_read_time, local_blk_read_time, orcache_blk_read_time, total_plan_time, total_exec_time from aurora_stat_statements($1) where queryid in ($2, $3, $4, $5, $6, $7, $8, $9, $10, $11, $12, $13, $14, $15, $16, $17, $18, $19, $20, $21, $22)",0,0,0,0,0,0,3,0.738283,0.233533,0.256552,0.24609433333333333,0.009514467942151165,70,0,0,0,0,0,0,0,0,0,0,0,0,0,0,0,0,0,0,0,0,0,0,0,0,0,0,0,0,0,2026-08-28 11:55:38.12651+00,2026-08-28 11:55:38.12651+00
10,16384,t,4953930488774181956,"MOVE ALL IN ""query-cursor_52""",0,0,0,0,0,0,1,0.909669,0.909669,0.909669,0.909669,0,0,0,0,0,0,0,0,0,0,0,0,0,0,0,0,0,0,0,0,0,0,0,0,0,0,0,0,0,0,0,2026-08-28 12:40:28.129827+00,2026-08-28 12:40:28.129827+00
16410,16412,t,-5751174690215620002,"SELECT LIB_FEAT_ID,FEAT_DESC,FTYPE_ID,ANONYMIZED,FEAT_HASH,VERSION,FELEM_VALUES FROM LIB_FEAT WHERE (FEAT_HASH,FTYPE_ID) IN (($1,$2),($3,$4))",0,0,0,0,0,0,178872,10961.577425000038,0.008742,34.477278,0.061281684249072176,0.3557353306545469,205144,1626963,0,0,0,0,0,0,0,0,0,0,0,0,0,0,0,0,0,0,0,0,0,0,0,0,0,0,0,0,2026-08-28 13:27:22.201121+00,2026-08-28 13:27:22.201121+00
10,16384,t,-5619742185103137198,"FETCH 50 IN ""query-cursor_49""",0,0,0,0,0,0,8,0.027579000000000003,0.002853,0.005954,0.0034473750000000004,0.0009686031098313699,400,0,0,0,0,0,0,0,0,0,0,0,0,0,0,0,0,0,0,0,0,0,0,0,0,0,0,0,0,0,2026-08-28 12:37:28.129634+00,2026-08-28 12:37:28.129634+00
16410,16412,t,-5787218782907765817,"SELECT RES_ENT_ID,REL_ENT_ID,RES_REL_ID FROM RES_REL_EKEY WHERE RES_ENT_ID IN ($1,$2,$3,$4)",0,0,0,0,0,0,60962,7345.5626210000355,0.013138,54.631565,0.12049412127226855,0.7189566706976489,3597085,2512131,0,0,0,0,0,0,0,0,0,0,0,0,0,0,0,0,0,0,0,0,0,0,0,0,0,0,0,0,2026-08-28 13:27:34.829301+00,2026-08-28 13:27:34.829301+00
10,1,t,-1342905154215104636,"SELECT E.NAME, X.EXTVERSION, X.EXTVERSION=E.DEFAULT_VERSION IS_DEFAULT_VERSION
FROM PG_CATALOG.PG_AVAILABLE_EXTENSIONS() E INNER JOIN PG_EXTENSION X ON (E.NAME=X.EXTNAME)",0,0,0,0,0,0,1,2.893797,2.893797,2.893797,2.893797,0,1,1,1,0,0,0,0,0,0,0,0,1.540506,0,0,0,0,0,0,0,0,0,0,0,0,0,0,0,0,0,0,2026-08-28 12:45:00.438096+00,2026-08-28 12:45:00.438096+00
10,16384,t,-7783760917529136642,"MOVE ALL IN ""query-cursor_45""",0,0,0,0,0,0,1,0.828509,0.828509,0.828509,0.828509,0,0,0,0,0,0,0,0,0,0,0,0,0,0,0,0,0,0,0,0,0,0,0,0,0,0,0,0,0,0,0,2026-08-28 12:33:28.129246+00,2026-08-28 12:33:28.129246+00
10,16384,t,3089597240045475380,"FETCH 45 IN ""query-cursor_126""",0,0,0,0,0,0,1,0.003606,0.003606,0.003606,0.003606,0,45,0,0,0,0,0,0,0,0,0,0,0,0,0,0,0,0,0,0,0,0,0,0,0,0,0,0,0,0,0,2026-08-28 13:59:28.150024+00,2026-08-28 13:59:28.150024+00
16410,16412,t,5496540963407468555,"INSERT INTO RES_FEAT_STAT(LIB_FEAT_ID,FTYPE_ID,NUM_RES_ENT,NUM_RES_ENT_OOM) VALUES ($1,$2,$3,$4),($5,$6,$7,$8),($9,$10,$11,$12),($13,$14,$15,$16),($17,$18,$19,$20) ON CONFLICT DO NOTHING",0,0,0,0,0,0,96209,103668.92888399922,0.051472,412.09909,1.0775387841470052,5.698374325921093,480998,4483406,0,0,6769,0,0,0,0,0,0,0,280.98877700000037,0,0,0,0,0,0,0,0,0,0,0,0,0,0,0,0,0,2026-08-28 13:27:22.17601+00,2026-08-28 13:27:22.17601+00
16410,16412,t,2335547159944955556,"INSERT INTO RES_FEAT_STAT(LIB_FEAT_ID,FTYPE_ID,NUM_RES_ENT,NUM_RES_ENT_OOM) VALUES ($1,$2,$3,$4),($5,$6,$7,$8),($9,$10,$11,$12),($13,$14,$15,$16),($17,$18,$19,$20),($21,$22,$23,$24),($25,$26,$27,$28),($29,$30,$31,$32),($33,$34,$35,$36),($37,$38,$39,$40),($41,$42,$43,$44),($45,$46,$47,$48),($49,$50,$51,$52),($53,$54,$55,$56),($57,$58,$59,$60),($61,$62,$63,$64),($65,$66,$67,$68),($69,$70,$71,$72),($73,$74,$75,$76) ON CONFLICT DO NOTHING",0,0,0,0,0,0,18930,111432.87500600058,0.17774399999999999,629.873786,5.8865755417855565,22.941470839975626,359544,2946524,0,0,3349,0,0,0,0,0,0,0,172.32312600000057,0,0,0,0,0,0,0,0,0,0,0,0,0,0,0,0,0,2026-08-28 13:27:22.594228+00,2026-08-28 13:27:22.594228+00
10,16384,t,-8034561884747300153,"FETCH 7 IN ""query-cursor_105""",0,0,0,0,0,0,1,0.00216,0.00216,0.00216,0.00216,0,7,0,0,0,0,0,0,0,0,0,0,0,0,0,0,0,0,0,0,0,0,0,0,0,0,0,0,0,0,0,2026-08-28 13:33:28.145861+00,2026-08-28 13:33:28.145861+00
10,16384,t,1570774563843428565,"FETCH 45 IN ""query-cursor_111""",0,0,0,0,0,0,1,0.005769,0.005769,0.005769,0.005769,0,45,0,0,0,0,0,0,0,0,0,0,0,0,0,0,0,0,0,0,0,0,0,0,0,0,0,0,0,0,0,2026-08-28 13:44:28.150712+00,2026-08-28 13:44:28.150712+00
10,16384,t,8387157620693313703,"FETCH 0 IN ""query-cursor_2""",0,0,0,0,0,0,1,0.004267,0.004267,0.004267,0.004267,0,0,0,0,0,0,0,0,0,0,0,0,0,0,0,0,0,0,0,0,0,0,0,0,0,0,0,0,0,0,0,2026-08-28 11:50:28.125345+00,2026-08-28 11:50:28.125345+00
10,16384,t,2103733769408878190,SELECT $1,0,0,0,0,0,0,5276,8.123859999999993,0.000706,0.034189000000000004,0.0015397763457164506,0.0012102231921303898,5276,0,0,0,0,0,0,0,0,0,0,0,0,0,0,0,0,0,0,0,0,0,0,0,0,0,0,0,0,0,2026-08-28 11:48:39.145631+00,2026-08-28 11:48:39.145631+00
16410,16412,t,5937427427554479888,"UPDATE RES_FEAT_EKEY AS T SET SUPPRESSED=C.SUPPRESSED,OBS_ENT_CNT=C.OBS_ENT_CNT FROM (VALUES (CAST ($1 AS BIGINT),CAST ($2 AS BIGINT),$3,$4,CAST ($5 AS BIGINT))) AS C(RES_ENT_ID,LIB_FEAT_ID,UTYPE_CODE,SUPPRESSED,OBS_ENT_CNT) WHERE C.RES_ENT_ID=T.RES_ENT_ID AND C.LIB_FEAT_ID=T.LIB_FEAT_ID AND C.UTYPE_CODE=T.UTYPE_CODE",0,0,0,0,0,0,476,1405.9293769999995,0.025109,1206.410165,2.953633144957982,55.252560116318236,476,7630,0,0,259,0,0,0,0,0,0,0,1.067952,0,0,0,0,0,0,0,0,0,0,0,0,0,0,0,0,0,2026-08-28 13:27:33.32328+00,2026-08-28 13:27:33.32328+00
10,16384,t,-8859716916919599335,"MOVE -410 IN ""query-cursor_47""",0,0,0,0,0,0,1,0.009838,0.009838,0.009838,0.009838,0,0,0,0,0,0,0,0,0,0,0,0,0,0,0,0,0,0,0,0,0,0,0,0,0,0,0,0,0,0,0,2026-08-28 12:35:28.129481+00,2026-08-28 12:35:28.129481+00
16410,16412,t,586464215286849306,"SELECT LIB_FEAT_ID,UTYPE_CODE,RES_ENT_ID,OBS_ENT_CNT FROM RES_FEAT_EKEY WHERE LIB_FEAT_ID IN ($1,$2,$3,$4) AND RES_ENT_ID!=$5",0,0,0,0,0,0,163236,11129.929792999936,0.004384,51.345462000000005,0.0681830588411866,0.6902553320156392,275573,1383630,0,0,0,0,0,0,0,0,0,0,0,0,0,0,0,0,0,0,0,0,0,0,0,0,0,0,0,0,2026-08-28 13:27:22.20324+00,2026-08-28 13:27:22.20324+00
10,16384,t,5247229244647682820,"DECLARE ""query-cursor_117"" SCROLL CURSOR FOR select queryid, left(query, $1), calls, (total_plan_time + total_exec_time) as total_time from aurora_stat_statements($2) order by calls desc limit $3 FOR READ ONLY",0,0,0,0,0,0,1,0.0648,0.0648,0.0648,0.0648,0,0,0,0,0,0,0,0,0,0,0,0,0,0,0,0,0,0,0,0,0,0,0,0,0,0,0,0,0,0,0,2026-08-28 13:50:28.133644+00,2026-08-28 13:50:28.133644+00
10,16384,t,5256346908748421212,"MOVE ALL IN ""query-cursor_106""",0,0,0,0,0,0,1,77.559566,77.559566,77.559566,77.559566,0,0,0,0,0,0,0,0,0,0,0,0,0,0,0,0,0,0,0,0,0,0,0,0,0,0,0,0,0,0,0,2026-08-28 13:34:28.231538+00,2026-08-28 13:34:28.231538+00
10,16384,t,-5518813177502617288,"FETCH 0 IN ""query-cursor_28""",0,0,0,0,0,0,1,0.003793,0.003793,0.003793,0.003793,0,0,0,0,0,0,0,0,0,0,0,0,0,0,0,0,0,0,0,0,0,0,0,0,0,0,0,0,0,0,0,2026-08-28 12:16:28.127233+00,2026-08-28 12:16:28.127233+00
10,16384,t,1668654320495565333,"MOVE -1366 IN ""query-cursor_106""",0,0,0,0,0,0,1,0.191491,0.191491,0.191491,0.191491,0,0,0,0,0,0,0,0,0,0,0,0,0,0,0,0,0,0,0,0,0,0,0,0,0,0,0,0,0,0,0,2026-08-28 13:34:28.263586+00,2026-08-28 13:34:28.263586+00
16410,16412,t,6157184522579578873,"SELECT RES_ENT_ID,LIB_FEAT_ID,FTYPE_ID,UTYPE_CODE,SUPPRESSED,OBS_ENT_CNT FROM RES_FEAT_EKEY WHERE RES_ENT_ID IN ($1,$2,$3,$4,$5,$6,$7,$8,$9,$10,$11,$12,$13,$14,$15,$16) AND FTYPE_ID IN ($17,$18,$19,$20,$21,$22,$23,$24,$25,$26,$27,$28,$29,$30,$31,$32,$33,$34,$35,$36,$37,$38,$39,$40)",0,0,0,0,0,0,26,264.052036,1.0307680000000001,38.426722000000005,10.155847538461538,10.076901632828372,331509,5132,0,0,0,0,0,0,0,0,0,0,0,0,0,0,0,0,0,0,0,0,0,0,0,0,0,0,0,0,2026-08-28 13:27:25.535437+00,2026-08-28 13:27:25.535437+00
16410,16412,t,1850997875874490736,"SELECT RES_ENT_ID,LIB_FEAT_ID,FTYPE_ID,UTYPE_CODE,SUPPRESSED,OBS_ENT_CNT FROM RES_FEAT_EKEY WHERE RES_ENT_ID IN ($1) AND FTYPE_ID IN ($2,$3,$4,$5,$6,$7,$8,$9,$10,$11,$12,$13,$14,$15,$16,$17,$18,$19,$20,$21,$22,$23,$24,$25,$26,$27,$28,$29,$30,$31,$32,$33,$34,$35,$36,$37,$38,$39,$40,$41,$42,$43,$44,$45,$46,$47,$48,$49,$50)",0,0,0,0,0,0,7,0.828903,0.007918,0.6280209999999999,0.11841471428571428,0.2090379531026529,0,51,0,0,0,0,0,0,0,0,0,0,0,0,0,0,0,0,0,0,0,0,0,0,0,0,0,0,0,0,2026-08-28 13:28:03.702376+00,2026-08-28 13:28:03.702376+00
16410,16412,t,-4760202412615863311,SELECT ENT_STATE FROM RES_ENT WHERE RES_ENT_ID=$1,0,0,0,0,0,0,300755,5899.964533999959,0.005282,14.118773,0.019617178547322433,0.07751040568229357,299837,1328829,0,0,0,0,0,0,0,0,0,0,0,0,0,0,0,0,0,0,0,0,0,0,0,0,0,0,0,0,2026-08-28 13:27:25.573658+00,2026-08-28 13:27:25.573658+00
16410,16412,t,5764499686668614642,"SELECT RES_ENT_ID,LIB_FEAT_ID,FTYPE_ID,UTYPE_CODE,SUPPRESSED,OBS_ENT_CNT FROM RES_FEAT_EKEY WHERE RES_ENT_ID IN ($1,$2) AND FTYPE_ID IN ($3,$4,$5,$6,$7,$8,$9,$10,$11,$12,$13,$14,$15,$16,$17,$18,$19,$20,$21,$22,$23,$24,$25,$26,$27,$28,$29,$30,$31,$32,$33,$34,$35,$36,$37,$38,$39,$40,$41,$42,$43,$44,$45,$46,$47,$48,$49,$50,$51,$52,$53,$54,$55,$56,$57,$58,$59,$60,$61,$62,$63,$64)",0,0,0,0,0,0,1,0.042347,0.042347,0.042347,0.042347,0,0,8,0,0,0,0,0,0,0,0,0,0,0,0,0,0,0,0,0,0,0,0,0,0,0,0,0,0,0,0,2026-08-28 13:40:20.643624+00,2026-08-28 13:40:20.643624+00
10,16384,t,-4413442788118610853,"FETCH 50 IN ""query-cursor_42""",0,0,0,0,0,0,7,0.023446,0.002809,0.005489,0.0033494285714285718,0.0008874597547644234,350,0,0,0,0,0,0,0,0,0,0,0,0,0,0,0,0,0,0,0,0,0,0,0,0,0,0,0,0,0,2026-08-28 12:30:28.129113+00,2026-08-28 12:30:28.129113+00
10,16384,t,3467710589410271349,"FETCH 50 IN ""query-cursor_87""",0,0,0,0,0,0,13,0.040477,0.002692,0.005161,0.0031136153846153844,0.000634627515035581,650,0,0,0,0,0,0,0,0,0,0,0,0,0,0,0,0,0,0,0,0,0,0,0,0,0,0,0,0,0,2026-08-28 13:15:28.132829+00,2026-08-28 13:15:28.132829+00
16410,16412,t,-3764106789294530323,"SELECT RES_ENT_ID,LIB_FEAT_ID,FTYPE_ID,UTYPE_CODE,SUPPRESSED,OBS_ENT_CNT FROM RES_FEAT_EKEY WHERE RES_ENT_ID IN ($1,$2,$3,$4,$5,$6,$7,$8,$9,$10,$11,$12,$13,$14,$15,$16) AND FTYPE_ID IN ($17,$18,$19,$20,$21,$22,$23,$24,$25,$26,$27,$28,$29,$30,$31,$32,$33,$34,$35,$36,$37,$38,$39,$40,$41,$42)",0,0,0,0,0,0,2,6.707362999999999,2.61558,4.0917829999999995,3.3536814999999995,0.7381014999999999,12135,195,0,0,0,0,0,0,0,0,0,0,0,0,0,0,0,0,0,0,0,0,0,0,0,0,0,0,0,0,2026-08-28 13:31:19.68185+00,2026-08-28 13:31:19.68185+00
16410,16412,t,7447108536551802706,"SELECT RES_ENT_ID,OBS_ENT_ID,ERRULE_ID,MATCH_KEY FROM RES_ENT_OKEY WHERE RES_ENT_ID IN ($1,$2,$3,$4,$5,$6,$7,$8,$9,$10,$11,$12,$13,$14,$15,$16,$17,$18,$19,$20,$21,$22,$23,$24,$25,$26,$27,$28,$29,$30,$31,$32,$33,$34,$35,$36,$37,$38,$39,$40,$41,$42,$43,$44,$45,$46,$47,$48,$49,$50,$51,$52,$53,$54,$55,$56,$57,$58,$59,$60,$61,$62,$63,$64)",0,0,0,0,0,0,1,0.174611,0.174611,0.174611,0.174611,0,46,158,0,0,0,0,0,0,0,0,0,0,0,0,0,0,0,0,0,0,0,0,0,0,0,0,0,0,0,0,2026-08-28 13:42:06.232396+00,2026-08-28 13:42:06.232396+00
10,16384,t,-3038392765975484580,"select coalesce(max(nullif(age(transaction),$1)),$2) as oldest_prepared_transaction_xid_age from pg_prepared_xacts",0,0,0,0,0,0,170,0.6787959999999997,0.0033009999999999997,0.023427,0.003992917647058822,0.0018051788877414348,170,0,0,0,0,0,0,0,0,0,0,0,0,0,0,0,0,0,0,0,0,0,0,0,0,0,0,0,0,0,2026-08-28 11:49:27.691394+00,2026-08-28 11:49:27.691394+00
16410,16412,t,-6111193392994247684,"SELECT RES_ENT_ID,LIB_FEAT_ID,FTYPE_ID,UTYPE_CODE,SUPPRESSED,OBS_ENT_CNT FROM RES_FEAT_EKEY WHERE RES_ENT_ID IN ($1,$2,$3,$4,$5,$6,$7,$8,$9,$10,$11,$12,$13,$14,$15,$16,$17,$18,$19,$20,$21,$22,$23,$24,$25,$26,$27,$28,$29,$30,$31,$32,$33,$34,$35,$36,$37,$38,$39,$40,$41,$42,$43,$44,$45,$46,$47,$48,$49,$50,$51,$52,$53,$54,$55,$56,$57,$58,$59,$60,$61,$62,$63,$64) AND FTYPE_ID IN ($65,$66,$67,$68,$69,$70,$71,$72,$73,$74,$75,$76,$77,$78,$79,$80,$81,$82,$83,$84,$85,$86,$87,$88)",0,0,0,0,0,0,108,4642.647091999999,5.265049,318.17545,42.98747307407407,46.20468107797242,5081103,69858,0,0,0,0,0,0,0,0,0,0,0,0,0,0,0,0,0,0,0,0,0,0,0,0,0,0,0,0,2026-08-28 13:27:36.22351+00,2026-08-28 13:27:36.22351+00
16410,16412,t,1663653084084213606,"UPDATE RES_FEAT_STAT AS T SET FTYPE_ID=C.FTYPE_ID,NUM_RES_ENT=C.NUM_RES_ENT_NEW,NUM_RES_ENT_OOM=C.NUM_RES_ENT_OOM_NEW FROM (VALUES (CAST ($1 AS BIGINT),CAST ($2 AS INT),CAST ($3 AS BIGINT),CAST ($4 AS BIGINT),CAST ($5 AS BIGINT),CAST ($6 AS BIGINT)),(CAST ($7 AS BIGINT),CAST ($8 AS INT),CAST ($9 AS BIGINT),CAST ($10 AS BIGINT),CAST ($11 AS BIGINT),CAST ($12 AS BIGINT)),(CAST ($13 AS BIGINT),CAST ($14 AS INT),CAST ($15 AS BIGINT),CAST ($16 AS BIGINT),CAST ($17 AS BIGINT),CAST ($18 AS BIGINT)),(CAST ($19 AS BIGINT),CAST ($20 AS INT),CAST ($21 AS BIGINT),CAST ($22 AS BIGINT),CAST ($23 AS BIGINT),CAST ($24 AS BIGINT)),(CAST ($25 AS BIGINT),CAST ($26 AS INT),CAST ($27 AS BIGINT),CAST ($28 AS BIGINT),CAST ($29 AS BIGINT),CAST ($30 AS BIGINT))) AS C(LIB_FEAT_ID,FTYPE_ID,NUM_RES_ENT_OLD,NUM_RES_ENT_OOM_OLD,NUM_RES_ENT_NEW,NUM_RES_ENT_OOM_NEW) WHERE C.LIB_FEAT_ID=T.LIB_FEAT_ID AND C.NUM_RES_ENT_OLD=T.NUM_RES_ENT AND C.NUM_RES_ENT_OOM_OLD=T.NUM_RES_ENT_OOM",0,0,0,0,0,0,25,17.496107,0.027596000000000002,13.346091,0.69984428,2.588349980815261,53,3186,0,0,0,0,0,0,0,0,0,0,0,0,0,0,0,0,0,0,0,0,0,0,0,0,0,0,0,0,2026-08-28 13:27:38.077121+00,2026-08-28 13:27:38.077121+00
10,16384,t,8504670226208518193,"MOVE -502 IN ""query-cursor_59""",0,0,0,0,0,0,1,0.012114,0.012114,0.012114,0.012114,0,0,0,0,0,0,0,0,0,0,0,0,0,0,0,0,0,0,0,0,0,0,0,0,0,0,0,0,0,0,0,2026-08-28 12:47:28.130635+00,2026-08-28 12:47:28.130635+00
10,16384,t,-4451726907988273337,"FETCH 0 IN ""query-cursor_160""",0,0,0,0,0,0,1,0.003871,0.003871,0.003871,0.003871,0,0,0,0,0,0,0,0,0,0,0,0,0,0,0,0,0,0,0,0,0,0,0,0,0,0,0,0,0,0,0,2026-08-28 14:33:28.136578+00,2026-08-28 14:33:28.136578+00
10,16384,t,-4034332864264742414,"MOVE -1624 IN ""query-cursor_139""",0,0,0,0,0,0,1,0.031133,0.031133,0.031133,0.031133,0,0,0,0,0,0,0,0,0,0,0,0,0,0,0,0,0,0,0,0,0,0,0,0,0,0,0,0,0,0,0,2026-08-28 14:12:28.139963+00,2026-08-28 14:12:28.139963+00
10,16384,t,-2074524276397679813,"MOVE ALL IN ""query-cursor_67""",0,0,0,0,0,0,1,1.173904,1.173904,1.173904,1.173904,0,0,0,0,0,0,0,0,0,0,0,0,0,0,0,0,0,0,0,0,0,0,0,0,0,0,0,0,0,0,0,2026-08-28 12:55:28.131163+00,2026-08-28 12:55:28.131163+00
16410,16412,t,-6070784172706055097,"INSERT INTO LIB_FEAT(LIB_FEAT_ID,FTYPE_ID,FEAT_HASH,FEAT_DESC,FELEM_VALUES,ANONYMIZED,VERSION) VALUES ($1,$2,$3,$4,$5,$6,$7),($8,$9,$10,$11,$12,$13,$14),($15,$16,$17,$18,$19,$20,$21),($22,$23,$24,$25,$26,$27,$28),($29,$30,$31,$32,$33,$34,$35) ON CONFLICT(FTYPE_ID,FEAT_HASH,ANONYMIZED) DO UPDATE SET FTYPE_ID=LIB_FEAT.FTYPE_ID,FEAT_HASH=LIB_FEAT.FEAT_HASH,ANONYMIZED=LIB_FEAT.ANONYMIZED RETURNING LIB_FEAT_ID,FTYPE_ID,FEAT_HASH,ANONYMIZED,FEAT_DESC",0,0,0,0,0,0,112165,1013124.6628519885,0.120767,1095.459227,9.03244918514678,31.624991759246253,560825,8951049,1,0,82941,0,0,0,0,0,0,0,1367.8710720000045,0,0,0,0,0,0,0,0,0,0,0,0,0,0,0,0,0,2026-08-28 13:27:22.281264+00,2026-08-28 13:27:22.281264+00
16410,16412,t,-8530575948927017231,"SELECT RES_ENT_ID,ENT_STATE,LOCKING_ID FROM RES_ENT WHERE RES_ENT_ID IN ($1,$2,$3,$4,$5,$6,$7,$8)",0,0,0,0,0,0,197005,17589.175883999807,0.017047,90.303697,0.08928289070835668,0.5847235056964993,1266065,5192794,0,0,0,0,0,0,0,0,0,0,0,0,0,0,0,0,0,0,0,0,0,0,0,0,0,0,0,0,2026-08-28 13:27:23.194384+00,2026-08-28 13:27:23.194384+00
10,16384,t,-6730936886341506715,"DECLARE ""query-cursor_132"" SCROLL CURSOR FOR select queryid, left(query, $1), calls, (total_plan_time + total_exec_time) as total_time from aurora_stat_statements($2) order by calls desc limit $3 FOR READ ONLY",0,0,0,0,0,0,1,0.065906,0.065906,0.065906,0.065906,0,0,0,0,0,0,0,0,0,0,0,0,0,0,0,0,0,0,0,0,0,0,0,0,0,0,0,0,0,0,0,2026-08-28 14:05:28.134625+00,2026-08-28 14:05:28.134625+00
16410,16412,t,3322431600635597596,"SELECT LIB_FEAT_ID,UTYPE_CODE,RES_ENT_ID,OBS_ENT_CNT FROM RES_FEAT_EKEY WHERE LIB_FEAT_ID IN ($1,$2,$3,$4,$5,$6,$7,$8,$9,$10,$11,$12,$13,$14,$15,$16) AND RES_ENT_ID!=$17",0,0,0,0,0,0,252900,35051.77111100079,0.004222,247.82712700000002,0.13859933219059228,1.221584220703114,1437617,3953634,0,0,0,0,0,0,0,0,0,0,0,0,0,0,0,0,0,0,0,0,0,0,0,0,0,0,0,0,2026-08-28 13:27:22.423441+00,2026-08-28 13:27:22.423441+00
10,16384,t,-7672117833694704649,"SELECT DATNAME, LARGEST_DB_BYTES, ALL_DB_BYTES, OLDEST_XACT_SEC, OLDEST_XACT_XID
FROM (
SELECT DATNAME, DATALLOWCONN, CONNECTIONS, BYTES
,MAX(BYTES) OVER () LARGEST_DB_BYTES
,SUM(BYTES) OVER () ALL_DB_BYTES
,MAX(SEC) OVER () OLDEST_XACT_SEC
,MAX(XID) OVER () OLDEST_XACT_XID
FROM (
SELECT D.DATNAME
,D.DATALLOWCONN
,PG_CATALOG.PG_DATABASE_SIZE(D.OID) BYTES
,SUBQ_DB_BY_ACTIVITY.CONNECTIONS
,SUBQ_DB_BY_ACTIVITY.SEC
,SUBQ_DB_BY_ACTIVITY.XID
FROM (
SELECT A.DATID
,COUNT(*) CONNECTIONS
,MAX(EXTRACT($1 FROM NOW()-XACT_START)) SEC
,MAX(AGE(BACKEND_XMIN)) XID
FROM PG_CATALOG.PG_STAT_GET_ACTIVITY($2) A
WHERE A.DATID IS NOT NULL AND A.USESYSID<>$3::REGROLE
GROUP BY A.DATID
ORDER BY COUNT(*) DESC NULLS LAST
LIMIT $4
) SUBQ_DB_BY_ACTIVITY RIGHT JOIN PG_DATABASE D ON (SUBQ_DB_BY_ACTIVITY.DATID = D.OID)
) SUBQ_GET_BYTES_ONLY_ONCE
) SUBQ_AGGREGATES_BEFORE_FILTER
WHERE DATNAME<>$5 AND DATALLOWCONN
ORDER BY CONNECTIONS DESC NULLS LAST, BYTES DESC NULLS LAST
LIMIT $6",0,0,0,0,0,0,1,1.093817,1.093817,1.093817,1.093817,0,3,5,0,0,0,0,0,0,0,0,0,0,0,0,0,0,0,0,0,0,0,0,0,0,0,0,0,0,0,0,2026-08-28 12:45:00.10168+00,2026-08-28 12:45:00.10168+00
10,16384,t,-6179045641491788901,"FETCH 0 IN ""query-cursor_130""",0,0,0,0,0,0,1,0.003998,0.003998,0.003998,0.003998,0,0,0,0,0,0,0,0,0,0,0,0,0,0,0,0,0,0,0,0,0,0,0,0,0,0,0,0,0,0,0,2026-08-28 14:03:28.134581+00,2026-08-28 14:03:28.134581+00
16410,16412,t,-2952125624845842950,"SELECT OBS_ENT_ID,DSRC_ID,ENT_SRC_KEY,LOCKING_ID,FEATURES FROM OBS_ENT WHERE OBS_ENT_ID IN ($1,$2,$3,$4,$5,$6,$7,$8)",0,0,0,0,0,0,182,20.138240999999997,0.021349,0.778829,0.11064967582417581,0.11218486702686092,1086,7814,0,0,0,0,0,0,0,0,0,0,0,0,0,0,0,0,0,0,0,0,0,0,0,0,0,0,0,0,2026-08-28 13:30:04.609383+00,2026-08-28 13:30:04.609383+00
10,16384,t,-5686670860583872743,"FETCH 7 IN ""query-cursor_30""",0,0,0,0,0,0,1,0.001658,0.001658,0.001658,0.001658,0,7,0,0,0,0,0,0,0,0,0,0,0,0,0,0,0,0,0,0,0,0,0,0,0,0,0,0,0,0,0,2026-08-28 12:18:28.129051+00,2026-08-28 12:18:28.129051+00
10,16384,t,8124550878189347883,"DECLARE ""query-cursor_133"" SCROLL CURSOR FOR select queryid, left(query, $1), calls, (total_plan_time + total_exec_time) as total_time from aurora_stat_statements($2) order by calls desc limit $3 FOR READ ONLY",0,0,0,0,0,0,1,0.066369,0.066369,0.066369,0.066369,0,0,0,0,0,0,0,0,0,0,0,0,0,0,0,0,0,0,0,0,0,0,0,0,0,0,0,0,0,0,0,2026-08-28 14:06:28.134681+00,2026-08-28 14:06:28.134681+00
10,16384,t,7596507062735783692,"select extract($1 from now() - min(xact_start)) as longest_open_transaction, extract($2 from now() - min(query_start)) as longest_running_query from pg_stat_activity",0,0,0,0,0,0,170,522.1331080000001,0.151208,11.984811,3.0713712235294124,3.6457343621260314,170,0,0,0,0,0,0,0,0,0,0,0,0,0,0,0,0,0,0,0,0,0,0,0,0,0,0,0,0,0,2026-08-28 11:49:27.66322+00,2026-08-28 11:49:27.66322+00
16410,16412,t,6531028198688575932,"UPDATE RES_ENT SET LAST_TOUCH_DT=$1 WHERE RES_ENT_ID IN ($2,$3,$4,$5,$6,$7,$8,$9) AND LAST_TOUCH_DT=$10",0,0,0,0,0,0,4,0.671455,0.13225499999999998,0.21695699999999998,0.16786375,0.034681206534483484,24,440,0,0,0,0,0,0,0,0,0,0,0,0,0,0,0,0,0,0,0,0,0,0,0,0,0,0,0,0,2026-08-28 13:43:21.074593+00,2026-08-28 13:43:21.074593+00
10,16384,t,-5133981630749770811,"select archived_count, failed_count as archive_failed_count from pg_stat_archiver",0,0,0,0,0,0,170,3.788986,0.017582,0.048633,0.02228815294117647,0.005577745650468016,170,0,0,0,0,0,0,0,0,0,0,0,0,0,0,0,0,0,0,0,0,0,0,0,0,0,0,0,0,0,2026-08-28 11:49:27.668296+00,2026-08-28 11:49:27.668296+00
16410,16412,t,3770374321073955292,"SELECT LIB_FEAT_ID FROM SEMANTIC_VALUE WHERE LIB_FEAT_ID IN ($1,$2,$3,$4,$5,$6,$7,$8)",0,0,0,0,0,0,7,0.25545399999999996,0.023291000000000003,0.046059,0.036493428571428566,0.006565220458862701,38,133,0,0,0,0,0,0,0,0,0,0,0,0,0,0,0,0,0,0,0,0,0,0,0,0,0,0,0,0,2026-08-28 13:32:02.079704+00,2026-08-28 13:32:02.079704+00
10,16384,t,6764791479190241592,"FETCH 4 IN ""query-cursor_76""",0,0,0,0,0,0,1,0.001788,0.001788,0.001788,0.001788,0,4,0,0,0,0,0,0,0,0,0,0,0,0,0,0,0,0,0,0,0,0,0,0,0,0,0,0,0,0,0,2026-08-28 13:04:28.134309+00,2026-08-28 13:04:28.134309+00
10,16384,t,-482410834621602298,"FETCH 50 IN ""query-cursor_104""",0,0,0,0,0,0,26,0.106115,0.003019,0.006404,0.004081346153846154,0.0009515231490901507,1300,0,0,0,0,0,0,0,0,0,0,0,0,0,0,0,0,0,0,0,0,0,0,0,0,0,0,0,0,0,2026-08-28 13:32:28.136666+00,2026-08-28 13:32:28.136666+00
10,16384,t,4875021817091216714,"select auto_removed, auto_authorized_evicted, auto_not_authorized_evicted, auto_total_auth_failed_evicted, auto_bad_db_name_evicted, auto_bad_db_oid_evicted, auto_bad_db_perm_evicted, auto_removed_sl, auto_bad_conn_packet_evicted, auto_startup_packet_timeout_evicted from rds_get_stat_connections_counters_details()",0,0,0,0,0,0,170,0.9802760000000003,0.00504,0.010209,0.005766329411764707,0.0010421537809999996,170,0,0,0,0,0,0,0,0,0,0,0,0,0,0,0,0,0,0,0,0,0,0,0,0,0,0,0,0,0,2026-08-28 11:49:27.680657+00,2026-08-28 11:49:27.680657+00
16410,16412,t,-5303116603654951953,"SELECT LIB_FEAT_ID,FTYPE_ID,UTYPE_CODE,SUPPRESSED,OBS_ENT_CNT FROM RES_FEAT_EKEY WHERE RES_ENT_ID=$1 AND LIB_FEAT_ID IN ($2,$3,$4,$5,$6,$7,$8,$9,$10,$11,$12,$13,$14,$15,$16,$17,$18,$19,$20,$21,$22,$23,$24,$25,$26,$27,$28,$29,$30,$31,$32,$33,$34,$35,$36,$37,$38,$39,$40,$41,$42,$43,$44,$45,$46,$47,$48,$49,$50,$51,$52,$53,$54,$55,$56,$57,$58,$59,$60,$61,$62,$63,$64,$65,$66,$67,$68,$69,$70,$71,$72,$73,$74,$75,$76,$77,$78,$79,$80,$81,$82,$83,$84,$85,$86,$87,$88,$89,$90,$91,$92,$93,$94,$95,$96,$97,$98,$99,$100,$101)",0,0,0,0,0,0,7889,3094.9660489999983,0.180125,38.223968,0.3923141144631764,0.900602006628348,103395,2500782,0,0,0,0,0,0,0,0,0,0,0,0,0,0,0,0,0,0,0,0,0,0,0,0,0,0,0,0,2026-08-28 13:30:11.021243+00,2026-08-28 13:30:11.021243+00
10,16384,t,6309453353950082796,"MOVE ALL IN ""query-cursor_160""",0,0,0,0,0,0,1,4.743809,4.743809,4.743809,4.743809,0,0,0,0,0,0,0,0,0,0,0,0,0,0,0,0,0,0,0,0,0,0,0,0,0,0,0,0,0,0,0,2026-08-28 14:33:28.141368+00,2026-08-28 14:33:28.141368+00
16410,16412,t,1533444726011427042,"DELETE FROM SYS_EVAL_QUEUE WHERE MSG_ID IN (SELECT MSG_ID FROM SYS_EVAL_QUEUE WHERE MSG_ID>$1 ORDER BY MSG_ID FOR UPDATE SKIP LOCKED LIMIT $2) RETURNING MSG_ID,DSRC_CODE,ENT_SRC_KEY,MSG",0,0,0,0,0,0,327175,143093.3941570013,0.002131,4702.09826,0.4373604161595517,14.71517216867519,300135,9311235,0,0,0,0,0,0,0,0,0,0,0,0,0,0,0,0,0,0,0,0,0,0,0,0,0,0,0,0,2026-08-28 11:54:54.680144+00,2026-08-28 11:54:54.680144+00
10,16384,t,-4056315126965441072,"FETCH 0 IN ""query-cursor_164""",0,0,0,0,0,0,1,0.003349,0.003349,0.003349,0.003349,0,0,0,0,0,0,0,0,0,0,0,0,0,0,0,0,0,0,0,0,0,0,0,0,0,0,0,0,0,0,0,2026-08-28 14:37:28.13685+00,2026-08-28 14:37:28.13685+00
10,16384,t,-5273495459152482466,"FETCH 0 IN ""query-cursor_66""",0,0,0,0,0,0,1,0.004031,0.004031,0.004031,0.004031,0,0,0,0,0,0,0,0,0,0,0,0,0,0,0,0,0,0,0,0,0,0,0,0,0,0,0,0,0,0,0,2026-08-28 12:54:28.129863+00,2026-08-28 12:54:28.129863+00
16410,16412,t,1943254437524150087,"UPDATE RES_FEAT_EKEY AS T SET SUPPRESSED = C.SUPPRESSED FROM (VALUES (CAST ($1 AS BIGINT),CAST ($2 AS BIGINT),$3,$4),(CAST ($5 AS BIGINT),CAST ($6 AS BIGINT),$7,$8),(CAST ($9 AS BIGINT),CAST ($10 AS BIGINT),$11,$12),(CAST ($13 AS BIGINT),CAST ($14 AS BIGINT),$15,$16),(CAST ($17 AS BIGINT),CAST ($18 AS BIGINT),$19,$20),(CAST ($21 AS BIGINT),CAST ($22 AS BIGINT),$23,$24),(CAST ($25 AS BIGINT),CAST ($26 AS BIGINT),$27,$28),(CAST ($29 AS BIGINT),CAST ($30 AS BIGINT),$31,$32),(CAST ($33 AS BIGINT),CAST ($34 AS BIGINT),$35,$36),(CAST ($37 AS BIGINT),CAST ($38 AS BIGINT),$39,$40),(CAST ($41 AS BIGINT),CAST ($42 AS BIGINT),$43,$44),(CAST ($45 AS BIGINT),CAST ($46 AS BIGINT),$47,$48),(CAST ($49 AS BIGINT),CAST ($50 AS BIGINT),$51,$52),(CAST ($53 AS BIGINT),CAST ($54 AS BIGINT),$55,$56),(CAST ($57 AS BIGINT),CAST ($58 AS BIGINT),$59,$60),(CAST ($61 AS BIGINT),CAST ($62 AS BIGINT),$63,$64)) AS C(RES_ENT_ID,LIB_FEAT_ID,UTYPE_CODE,SUPPRESSED) WHERE C.RES_ENT_ID=T.RES_ENT_ID AND C.LIB_FEAT_ID=T.LIB_FEAT_ID AND C.UTYPE_CODE=T.UTYPE_CODE",0,0,0,0,0,0,29,81.074807,0.130355,50.617463,2.7956830000000004,9.32970459635072,464,5068,0,0,1,0,0,0,0,0,0,0,0.009061,0,0,0,0,0,0,0,0,0,0,0,0,0,0,0,0,0,2026-08-28 13:27:59.181963+00,2026-08-28 13:27:59.181963+00
16410,16412,t,5060525275425730052,"SELECT RES_ENT_ID,LIB_FEAT_ID,FTYPE_ID,UTYPE_CODE,SUPPRESSED,OBS_ENT_CNT FROM RES_FEAT_EKEY WHERE RES_ENT_ID IN ($1,$2) AND FTYPE_ID IN ($3,$4,$5,$6,$7,$8,$9,$10,$11,$12,$13,$14,$15,$16,$17,$18,$19,$20,$21,$22,$23,$24,$25,$26,$27,$28,$29,$30,$31,$32,$33,$34,$35,$36,$37,$38,$39,$40,$41,$42,$43,$44,$45,$46,$47,$48,$49,$50,$51,$52,$53,$54,$55,$56,$57,$58,$59,$60,$61,$62)",0,0,0,0,0,0,2,0.170382,0.045523,0.12485900000000001,0.085191,0.039668,6,19,0,0,0,0,0,0,0,0,0,0,0,0,0,0,0,0,0,0,0,0,0,0,0,0,0,0,0,0,2026-08-28 13:38:22.80427+00,2026-08-28 13:38:22.80427+00
10,16384,t,5210569202597730,"MOVE -172 IN ""query-cursor_8""",0,0,0,0,0,0,1,0.005706,0.005706,0.005706,0.005706,0,0,0,0,0,0,0,0,0,0,0,0,0,0,0,0,0,0,0,0,0,0,0,0,0,0,0,0,0,0,0,2026-08-28 11:56:28.126233+00,2026-08-28 11:56:28.126233+00
10,16384,t,-1898628818260301364,"DECLARE ""query-cursor_163"" SCROLL CURSOR FOR select queryid, left(query, $1), calls, (total_plan_time + total_exec_time) as total_time from aurora_stat_statements($2) order by calls desc limit $3 FOR READ ONLY",0,0,0,0,0,0,1,0.067232,0.067232,0.067232,0.067232,0,0,0,0,0,0,0,0,0,0,0,0,0,0,0,0,0,0,0,0,0,0,0,0,0,0,0,0,0,0,0,2026-08-28 14:36:28.136777+00,2026-08-28 14:36:28.136777+00
10,16384,t,-1046204690053222232,"MOVE -422 IN ""query-cursor_49""",0,0,0,0,0,0,1,0.010571,0.010571,0.010571,0.010571,0,0,0,0,0,0,0,0,0,0,0,0,0,0,0,0,0,0,0,0,0,0,0,0,0,0,0,0,0,0,0,2026-08-28 12:37:28.129598+00,2026-08-28 12:37:28.129598+00
10,16384,t,6263615784146324099,"MOVE -150 IN ""query-cursor_6""",0,0,0,0,0,0,1,0.005211,0.005211,0.005211,0.005211,0,0,0,0,0,0,0,0,0,0,0,0,0,0,0,0,0,0,0,0,0,0,0,0,0,0,0,0,0,0,0,2026-08-28 11:54:28.126069+00,2026-08-28 11:54:28.126069+00
16410,16412,t,-161738609143909224,"SELECT LIB_FEAT_ID,FTYPE_ID,UTYPE_CODE,SUPPRESSED,OBS_ENT_CNT FROM RES_FEAT_EKEY WHERE RES_ENT_ID=$1 AND LIB_FEAT_ID IN ($2,$3,$4,$5)",0,0,0,0,0,0,33668,1251.526920999997,0.009838,25.788973,0.03717259477842453,0.27556509658030665,46305,457047,0,0,0,0,0,0,0,0,0,0,0,0,0,0,0,0,0,0,0,0,0,0,0,0,0,0,0,0,2026-08-28 13:27:31.07844+00,2026-08-28 13:27:31.07844+00
16410,16412,t,37491495074695771,"SELECT RES_ENT_ID,LIB_FEAT_ID,FTYPE_ID,UTYPE_CODE,SUPPRESSED,OBS_ENT_CNT FROM RES_FEAT_EKEY WHERE RES_ENT_ID IN ($1,$2,$3,$4,$5,$6,$7,$8,$9,$10,$11,$12,$13,$14,$15,$16) AND FTYPE_ID IN ($17,$18,$19,$20,$21,$22)",0,0,0,0,0,0,520,396.99159400000036,0.100964,50.853522,0.7634453730769237,3.020709532062256,85015,25318,0,0,0,0,0,0,0,0,0,0,0,0,0,0,0,0,0,0,0,0,0,0,0,0,0,0,0,0,2026-08-28 13:27:59.78168+00,2026-08-28 13:27:59.78168+00
10,16384,t,6556657132141880057,"FETCH 50 IN ""query-cursor_27""",0,0,0,0,0,0,5,0.018025,0.002858,0.005047,0.0036049999999999997,0.0007864604249420307,250,0,0,0,0,0,0,0,0,0,0,0,0,0,0,0,0,0,0,0,0,0,0,0,0,0,0,0,0,0,2026-08-28 12:15:28.127873+00,2026-08-28 12:15:28.127873+00
10,16384,t,8551556118151524641,"FETCH 49 IN ""query-cursor_67""",0,0,0,0,0,0,1,0.003404,0.003404,0.003404,0.003404,0,49,0,0,0,0,0,0,0,0,0,0,0,0,0,0,0,0,0,0,0,0,0,0,0,0,0,0,0,0,0,2026-08-28 12:55:28.133062+00,2026-08-28 12:55:28.133062+00
16410,16412,t,2382167464455905767,"DELETE FROM RES_REL_EKEY WHERE (RES_ENT_ID,REL_ENT_ID,RES_REL_ID) IN (($1,$2,$3),($4,$5,$6),($7,$8,$9),($10,$11,$12),($13,$14,$15),($16,$17,$18),($19,$20,$21),($22,$23,$24),($25,$26,$27),($28,$29,$30),($31,$32,$33),($34,$35,$36),($37,$38,$39),($40,$41,$42),($43,$44,$45),($46,$47,$48),($49,$50,$51),($52,$53,$54),($55,$56,$57),($58,$59,$60),($61,$62,$63),($64,$65,$66),($67,$68,$69),($70,$71,$72),($73,$74,$75),($76,$77,$78),($79,$80,$81),($82,$83,$84),($85,$86,$87),($88,$89,$90),($91,$92,$93),($94,$95,$96))",0,0,0,0,0,0,357,831.607611,0.110704,48.535279,2.3294330840336137,6.780904208603628,7661,43425,0,0,0,0,0,0,0,0,0,0,0,0,0,0,0,0,0,0,0,0,0,0,0,0,0,0,0,0,2026-08-28 13:27:42.301017+00,2026-08-28 13:27:42.301017+00
16410,16412,t,8690062928713446122,"INSERT INTO RES_REL_EKEY(RES_REL_ID,RES_ENT_ID,REL_ENT_ID) VALUES ($1,$2,$3),($4,$5,$6),($7,$8,$9),($10,$11,$12),($13,$14,$15),($16,$17,$18),($19,$20,$21),($22,$23,$24),($25,$26,$27),($28,$29,$30),($31,$32,$33),($34,$35,$36),($37,$38,$39),($40,$41,$42),($43,$44,$45),($46,$47,$48),($49,$50,$51),($52,$53,$54),($55,$56,$57) ON CONFLICT DO NOTHING",0,0,0,0,0,0,80,230.29799499999993,0.216858,82.165391,2.878724937499999,9.749798836491449,1520,12095,0,0,11,0,0,0,0,0,0,0,0.20303699999999997,0,0,0,0,0,0,0,0,0,0,0,0,0,0,0,0,0,2026-08-28 13:30:01.602054+00,2026-08-28 13:30:01.602054+00
16410,16412,t,-568209844213744439,"SELECT RES_ENT_ID,LIB_FEAT_ID,FTYPE_ID,UTYPE_CODE,SUPPRESSED,OBS_ENT_CNT FROM RES_FEAT_EKEY WHERE RES_ENT_ID IN ($1) AND FTYPE_ID IN ($2,$3,$4,$5,$6,$7,$8,$9,$10,$11,$12,$13,$14,$15,$16,$17,$18,$19,$20,$21,$22,$23,$24,$25,$26)",0,0,0,0,0,0,3,0.839997,0.09464800000000001,0.5748949999999999,0.279999,0.2108069820491405,1106,20,0,0,0,0,0,0,0,0,0,0,0,0,0,0,0,0,0,0,0,0,0,0,0,0,0,0,0,0,2026-08-28 13:27:32.595482+00,2026-08-28 13:27:32.595482+00
10,16384,t,1792447713262814032,"FETCH 22 IN ""query-cursor_79""",0,0,0,0,0,0,1,0.0026,0.0026,0.0026,0.0026,0,22,0,0,0,0,0,0,0,0,0,0,0,0,0,0,0,0,0,0,0,0,0,0,0,0,0,0,0,0,0,2026-08-28 13:07:28.134299+00,2026-08-28 13:07:28.134299+00
10,16384,t,-7447041206473841236,"MOVE ALL IN ""query-cursor_91""",0,0,0,0,0,0,1,1.47596,1.47596,1.47596,1.47596,0,0,0,0,0,0,0,0,0,0,0,0,0,0,0,0,0,0,0,0,0,0,0,0,0,0,0,0,0,0,0,2026-08-28 13:19:28.133225+00,2026-08-28 13:19:28.133225+00
10,16384,t,8565671136691447260,"FETCH 50 IN ""query-cursor_43""",0,0,0,0,0,0,7,0.024045,0.002886,0.00538,0.003435,0.0008153947335055408,350,0,0,0,0,0,0,0,0,0,0,0,0,0,0,0,0,0,0,0,0,0,0,0,0,0,0,0,0,0,2026-08-28 12:31:28.129162+00,2026-08-28 12:31:28.129162+00
10,16384,t,-1245866563098868353,"DECLARE ""query-cursor_162"" SCROLL CURSOR FOR select queryid, left(query, $1), calls, (total_plan_time + total_exec_time) as total_time from aurora_stat_statements($2) order by calls desc limit $3 FOR READ ONLY",0,0,0,0,0,0,1,0.079042,0.079042,0.079042,0.079042,0,0,0,0,0,0,0,0,0,0,0,0,0,0,0,0,0,0,0,0,0,0,0,0,0,0,0,0,0,0,0,2026-08-28 14:35:28.136735+00,2026-08-28 14:35:28.136735+00
16410,16412,t,-4432324288808203633,"SELECT RES_ENT_ID,LIB_FEAT_ID,FTYPE_ID,UTYPE_CODE,SUPPRESSED,OBS_ENT_CNT FROM RES_FEAT_EKEY WHERE RES_ENT_ID IN ($1,$2) AND FTYPE_ID IN ($3,$4,$5,$6,$7,$8,$9,$10,$11,$12,$13,$14,$15,$16,$17,$18,$19,$20,$21,$22,$23)",0,0,0,0,0,0,76,19.480039999999995,0.054833,2.61675,0.2563163157894736,0.39784558788899793,21320,916,0,0,0,0,0,0,0,0,0,0,0,0,0,0,0,0,0,0,0,0,0,0,0,0,0,0,0,0,2026-08-28 13:27:30.953009+00,2026-08-28 13:27:30.953009+00
10,16384,t,-5044556435472300450,"FETCH 3 IN ""query-cursor_21""",0,0,0,0,0,0,1,0.001334,0.001334,0.001334,0.001334,0,3,0,0,0,0,0,0,0,0,0,0,0,0,0,0,0,0,0,0,0,0,0,0,0,0,0,0,0,0,0,2026-08-28 12:09:28.128335+00,2026-08-28 12:09:28.128335+00
16410,16412,t,-5441831985320398934,"INSERT INTO RES_FEAT_STAT(LIB_FEAT_ID,FTYPE_ID,NUM_RES_ENT,NUM_RES_ENT_OOM) VALUES ($1,$2,$3,$4),($5,$6,$7,$8),($9,$10,$11,$12),($13,$14,$15,$16),($17,$18,$19,$20),($21,$22,$23,$24),($25,$26,$27,$28),($29,$30,$31,$32),($33,$34,$35,$36),($37,$38,$39,$40),($41,$42,$43,$44),($45,$46,$47,$48),($49,$50,$51,$52) ON CONFLICT DO NOTHING",0,0,0,0,0,0,26853,100270.57880399966,0.11690099999999999,436.24952900000005,3.7340549958663707,14.638998979477108,348867,2920725,0,0,3330,0,0,0,0,0,0,0,202.98848300000017,0,0,0,0,0,0,0,0,0,0,0,0,0,0,0,0,0,2026-08-28 13:27:22.486331+00,2026-08-28 13:27:22.486331+00
10,16384,t,4372786689335131443,"MOVE -1298 IN ""query-cursor_102""",0,0,0,0,0,0,1,0.025053,0.025053,0.025053,0.025053,0,0,0,0,0,0,0,0,0,0,0,0,0,0,0,0,0,0,0,0,0,0,0,0,0,0,0,0,0,0,0,2026-08-28 13:30:28.136743+00,2026-08-28 13:30:28.136743+00
16410,16412,t,1011738664838557783,"CREATE TABLE SYS_CFG (CONFIG_DATA_ID BIGINT NOT NULL, CONFIG_DATA TEXT NOT NULL, CONFIG_COMMENTS VARCHAR(200) NOT NULL, SYS_CREATE_DT TIMESTAMP NOT NULL, PRIMARY KEY(CONFIG_DATA_ID))",0,0,0,0,0,0,1,5.924511,5.924511,5.924511,5.924511,0,0,362,0,0,1,0,0,0,0,0,0,0,0.002408,0,0,0,0,0,0,0,0,0,0,0,0,0,0,0,0,0,2026-08-28 11:51:27.964713+00,2026-08-28 11:51:27.964713+00
16410,16412,t,-7347339852989585530,"UPDATE RES_FEAT_STAT SET FTYPE_ID=$1,NUM_RES_ENT=NUM_RES_ENT+$2,NUM_RES_ENT_OOM=$3 WHERE LIB_FEAT_ID=$4 AND NUM_RES_ENT_OOM=$5",0,0,0,0,0,0,5194458,36380500.019140035,0.0037129999999999997,140232.18539499998,7.003714346932834,309.94907925049137,5174069,73685766,0,0,40126,0,0,0,0,0,0,0,882.8269850000023,0,0,0,0,0,0,0,0,0,0,0,0,0,0,0,0,0,2026-08-28 13:27:22.618328+00,2026-08-28 13:27:22.618328+00
16410,16412,t,7327801869688913876,"CREATE TABLE SYS_STATUS (SYSTEM_CODE VARCHAR(50) NOT NULL, LAST_TOUCH_DT TIMESTAMP, PRIMARY KEY(SYSTEM_CODE))",0,0,0,0,0,0,1,3.351283,3.351283,3.351283,3.351283,0,0,195,0,0,1,0,0,0,0,0,0,0,0.002452,0,0,0,0,0,0,0,0,0,0,0,0,0,0,0,0,0,2026-08-28 11:51:27.985641+00,2026-08-28 11:51:27.985641+00
10,16384,t,-6807347537087844173,"FETCH 0 IN ""query-cursor_150""",0,0,0,0,0,0,1,0.003528,0.003528,0.003528,0.003528,0,0,0,0,0,0,0,0,0,0,0,0,0,0,0,0,0,0,0,0,0,0,0,0,0,0,0,0,0,0,0,2026-08-28 14:23:28.136112+00,2026-08-28 14:23:28.136112+00
10,16384,t,-627297331629196384,"FETCH 34 IN ""query-cursor_81""",0,0,0,0,0,0,1,0.002718,0.002718,0.002718,0.002718,0,34,0,0,0,0,0,0,0,0,0,0,0,0,0,0,0,0,0,0,0,0,0,0,0,0,0,0,0,0,0,2026-08-28 13:09:28.134504+00,2026-08-28 13:09:28.134504+00
10,16384,t,3585150945132757300,"DECLARE ""query-cursor_102"" SCROLL CURSOR FOR select queryid, left(query, $1), calls, (total_plan_time + total_exec_time) as total_time from aurora_stat_statements($2) order by calls desc limit $3 FOR READ ONLY",0,0,0,0,0,0,1,0.071553,0.071553,0.071553,0.071553,0,0,0,0,0,0,0,0,0,0,0,0,0,0,0,0,0,0,0,0,0,0,0,0,0,0,0,0,0,0,0,2026-08-28 13:30:28.132571+00,2026-08-28 13:30:28.132571+00
16410,16412,t,-7193374452739268149,"SELECT RES_REL_ID,MIN_RES_ENT_ID,MAX_RES_ENT_ID,IS_DISCLOSED,IS_AMBIGUOUS,LAST_ERRULE_ID,MATCH_LEVELS,MATCH_KEY,MATCH_KEY_DETAILS FROM RES_RELATE WHERE RES_REL_ID IN ($1,$2,$3,$4)",0,0,0,0,0,0,95169,3490.982939000027,0.0088,20.829583,0.03668193360232877,0.19932331342134801,317929,995876,0,0,0,0,0,0,0,0,0,0,0,0,0,0,0,0,0,0,0,0,0,0,0,0,0,0,0,0,2026-08-28 13:27:32.777668+00,2026-08-28 13:27:32.777668+00
10,16384,t,5226685582369462295,"FETCH 0 IN ""query-cursor_45""",0,0,0,0,0,0,1,0.003498,0.003498,0.003498,0.003498,0,0,0,0,0,0,0,0,0,0,0,0,0,0,0,0,0,0,0,0,0,0,0,0,0,0,0,0,0,0,0,2026-08-28 12:33:28.128376+00,2026-08-28 12:33:28.128376+00
10,16384,t,-311005340138182531,"DECLARE ""query-cursor_45"" SCROLL CURSOR FOR select queryid, left(query, $1), calls, (total_plan_time + total_exec_time) as total_time from aurora_stat_statements($2) order by calls desc limit $3 FOR READ ONLY",0,0,0,0,0,0,1,0.064683,0.064683,0.064683,0.064683,0,0,0,0,0,0,0,0,0,0,0,0,0,0,0,0,0,0,0,0,0,0,0,0,0,0,0,0,0,0,0,2026-08-28 12:33:28.128333+00,2026-08-28 12:33:28.128333+00
10,16384,t,-5297195302503310928,"DECLARE ""query-cursor_54"" SCROLL CURSOR FOR select queryid, left(query, $1), calls, (total_plan_time + total_exec_time) as total_time from aurora_stat_statements($2) order by calls desc limit $3 FOR READ ONLY",0,0,0,0,0,0,1,0.053897,0.053897,0.053897,0.053897,0,0,0,0,0,0,0,0,0,0,0,0,0,0,0,0,0,0,0,0,0,0,0,0,0,0,0,0,0,0,0,2026-08-28 12:42:28.128835+00,2026-08-28 12:42:28.128835+00
10,16384,t,-4312561877505331130,"select queryid, calls, (total_plan_time + total_exec_time) as total_time, rows, shared_blks_hit, shared_blks_dirtied, shared_blks_read, shared_blks_written, local_blks_hit, local_blks_dirtied, local_blks_read, local_blks_written, temp_blks_read, temp_blks_written, storage_blks_read, orcache_blks_hit, shared_blk_read_time as blk_read_time, shared_blk_write_time as blk_write_time, storage_blk_read_time, local_blk_read_time, orcache_blk_read_time, total_plan_time, total_exec_time from aurora_stat_statements($1) where queryid in ($2, $3, $4, $5, $6, $7, $8, $9, $10, $11, $12, $13, $14, $15, $16, $17, $18, $19)",0,0,0,0,0,0,1,0.649493,0.649493,0.649493,0.649493,0,22,0,0,0,0,0,0,0,0,0,0,0,0,0,0,0,0,0,0,0,0,0,0,0,0,0,0,0,0,0,2026-08-28 13:02:38.132458+00,2026-08-28 13:02:38.132458+00
10,16384,t,-8447133602848691782,"FETCH 19 IN ""query-cursor_155""",0,0,0,0,0,0,1,0.002403,0.002403,0.002403,0.002403,0,19,0,0,0,0,0,0,0,0,0,0,0,0,0,0,0,0,0,0,0,0,0,0,0,0,0,0,0,0,0,2026-08-28 14:28:28.152586+00,2026-08-28 14:28:28.152586+00
10,16384,t,-4221145904532887447,"DECLARE ""query-cursor_134"" SCROLL CURSOR FOR select queryid, left(query, $1), calls, (total_plan_time + total_exec_time) as total_time from aurora_stat_statements($2) order by calls desc limit $3 FOR READ ONLY",0,0,0,0,0,0,1,0.067851,0.067851,0.067851,0.067851,0,0,0,0,0,0,0,0,0,0,0,0,0,0,0,0,0,0,0,0,0,0,0,0,0,0,0,0,0,0,0,2026-08-28 14:07:28.134766+00,2026-08-28 14:07:28.134766+00
10,16384,t,-3121293155321801163,"MOVE -290 IN ""query-cursor_27""",0,0,0,0,0,0,1,0.007753,0.007753,0.007753,0.007753,0,0,0,0,0,0,0,0,0,0,0,0,0,0,0,0,0,0,0,0,0,0,0,0,0,0,0,0,0,0,0,2026-08-28 12:15:28.127838+00,2026-08-28 12:15:28.127838+00
16410,16412,t,-8294753791798228815,"UPDATE RES_FEAT_STAT AS T SET FTYPE_ID=C.FTYPE_ID,NUM_RES_ENT=C.NUM_RES_ENT_NEW,NUM_RES_ENT_OOM=C.NUM_RES_ENT_OOM_NEW FROM (VALUES (CAST ($1 AS BIGINT),CAST ($2 AS INT),CAST ($3 AS BIGINT),CAST ($4 AS BIGINT),CAST ($5 AS BIGINT),CAST ($6 AS BIGINT)),(CAST ($7 AS BIGINT),CAST ($8 AS INT),CAST ($9 AS BIGINT),CAST ($10 AS BIGINT),CAST ($11 AS BIGINT),CAST ($12 AS BIGINT))) AS C(LIB_FEAT_ID,FTYPE_ID,NUM_RES_ENT_OLD,NUM_RES_ENT_OOM_OLD,NUM_RES_ENT_NEW,NUM_RES_ENT_OOM_NEW) WHERE C.LIB_FEAT_ID=T.LIB_FEAT_ID AND C.NUM_RES_ENT_OLD=T.NUM_RES_ENT AND C.NUM_RES_ENT_OOM_OLD=T.NUM_RES_ENT_OOM",0,0,0,0,0,0,917,11103.156585000002,0.01424,4133.001329,12.108131499454746,190.67810515767343,760,52954,0,0,1,0,0,0,0,0,0,0,0.003873,0,0,0,0,0,0,0,0,0,0,0,0,0,0,0,0,0,2026-08-28 13:27:31.097024+00,2026-08-28 13:27:31.097024+00
10,16384,t,2212632237223636649,"DECLARE ""query-cursor_112"" SCROLL CURSOR FOR select queryid, left(query, $1), calls, (total_plan_time + total_exec_time) as total_time from aurora_stat_statements($2) order by calls desc limit $3 FOR READ ONLY",0,0,0,0,0,0,1,0.052279,0.052279,0.052279,0.052279,0,0,0,0,0,0,0,0,0,0,0,0,0,0,0,0,0,0,0,0,0,0,0,0,0,0,0,0,0,0,0,2026-08-28 13:45:28.133306+00,2026-08-28 13:45:28.133306+00
10,16384,t,6610011770448579822,select * from rds_get_stat_dxl_counters() limit $1,0,0,0,0,0,0,1,0.019868999999999998,0.019868999999999998,0.019868999999999998,0.019868999999999998,0,1,0,0,0,0,0,0,0,0,0,0,0,0,0,0,0,0,0,0,0,0,0,0,0,0,0,0,0,0,0,2026-08-28 11:50:08.126374+00,2026-08-28 11:50:08.126374+00
10,16384,t,2212729192904635009,COMMIT,0,0,0,0,0,0,10543,4.489868000000002,0.000178,0.033841,0.00042586246798823887,0.00042777549496730827,0,0,0,0,0,0,0,0,0,0,0,0,0,0,0,0,0,0,0,0,0,0,0,0,0,0,0,0,0,0,2026-08-28 11:49:27.503431+00,2026-08-28 11:49:27.503431+00
16410,16412,t,7585479488588372943,"TRUNCATE perf.snap_scalar, perf.snap_statement, perf.snap_table",0,0,0,0,0,0,1,11.054154,11.054154,11.054154,11.054154,0,0,426,0,0,0,0,0,0,0,0,0,0,0,0,0,0,0,0,0,0,0,0,0,0,0,0,0,0,0,0,2026-08-28 13:26:33.601373+00,2026-08-28 13:26:33.601373+00
16410,16412,t,-582880234311293714,"INSERT INTO RES_REL_EKEY(RES_REL_ID,RES_ENT_ID,REL_ENT_ID) VALUES ($1,$2,$3),($4,$5,$6),($7,$8,$9),($10,$11,$12),($13,$14,$15),($16,$17,$18),($19,$20,$21),($22,$23,$24),($25,$26,$27),($28,$29,$30),($31,$32,$33),($34,$35,$36),($37,$38,$39),($40,$41,$42),($43,$44,$45),($46,$47,$48),($49,$50,$51),($52,$53,$54),($55,$56,$57),($58,$59,$60),($61,$62,$63),($64,$65,$66),($67,$68,$69),($70,$71,$72),($73,$74,$75),($76,$77,$78),($79,$80,$81),($82,$83,$84),($85,$86,$87),($88,$89,$90),($91,$92,$93) ON CONFLICT DO NOTHING",0,0,0,0,0,0,49,329.0736320000001,0.325091,98.09029299999999,6.7157884081632675,19.084758984244687,1519,12131,0,0,12,0,0,0,0,0,0,0,1.1630020000000003,0,0,0,0,0,0,0,0,0,0,0,0,0,0,0,0,0,2026-08-28 13:30:35.805302+00,2026-08-28 13:30:35.805302+00
16410,16412,t,5144827462131354222,"INSERT INTO RES_ENT(RES_ENT_ID,LAST_TOUCH_DT,LOCKING_ID,ENT_STATE) VALUES ($1,$2,$3,$4) ON CONFLICT DO NOTHING",0,0,0,0,0,0,992205,486619.30806299084,0.010591999999999999,328.15645,0.49044230583699017,2.7462588533385635,991962,8003247,12,0,10877,0,0,0,0,0,0,0,678.7941360000007,0,0,0,0,0,0,0,0,0,0,0,0,0,0,0,0,0,2026-08-28 13:27:22.183193+00,2026-08-28 13:27:22.183193+00
16410,16412,t,-5675309521745769080,"UPDATE RES_FEAT_EKEY AS T SET SUPPRESSED = C.SUPPRESSED FROM (VALUES (CAST ($1 AS BIGINT),CAST ($2 AS BIGINT),$3,$4),(CAST ($5 AS BIGINT),CAST ($6 AS BIGINT),$7,$8),(CAST ($9 AS BIGINT),CAST ($10 AS BIGINT),$11,$12),(CAST ($13 AS BIGINT),CAST ($14 AS BIGINT),$15,$16),(CAST ($17 AS BIGINT),CAST ($18 AS BIGINT),$19,$20),(CAST ($21 AS BIGINT),CAST ($22 AS BIGINT),$23,$24),(CAST ($25 AS BIGINT),CAST ($26 AS BIGINT),$27,$28),(CAST ($29 AS BIGINT),CAST ($30 AS BIGINT),$31,$32),(CAST ($33 AS BIGINT),CAST ($34 AS BIGINT),$35,$36),(CAST ($37 AS BIGINT),CAST ($38 AS BIGINT),$39,$40),(CAST ($41 AS BIGINT),CAST ($42 AS BIGINT),$43,$44),(CAST ($45 AS BIGINT),CAST ($46 AS BIGINT),$47,$48),(CAST ($49 AS BIGINT),CAST ($50 AS BIGINT),$51,$52),(CAST ($53 AS BIGINT),CAST ($54 AS BIGINT),$55,$56),(CAST ($57 AS BIGINT),CAST ($58 AS BIGINT),$59,$60),(CAST ($61 AS BIGINT),CAST ($62 AS BIGINT),$63,$64),(CAST ($65 AS BIGINT),CAST ($66 AS BIGINT),$67,$68),(CAST ($69 AS BIGINT),CAST ($70 AS BIGINT),$71,$72),(CAST ($73 AS BIGINT),CAST ($74 AS BIGINT),$75,$76),(CAST ($77 AS BIGINT),CAST ($78 AS BIGINT),$79,$80),(CAST ($81 AS BIGINT),CAST ($82 AS BIGINT),$83,$84),(CAST ($85 AS BIGINT),CAST ($86 AS BIGINT),$87,$88)) AS C(RES_ENT_ID,LIB_FEAT_ID,UTYPE_CODE,SUPPRESSED) WHERE C.RES_ENT_ID=T.RES_ENT_ID AND C.LIB_FEAT_ID=T.LIB_FEAT_ID AND C.UTYPE_CODE=T.UTYPE_CODE",0,0,0,0,0,0,29,152.64913199999998,0.22518000000000002,51.644987,5.2637631724137925,11.015737364110791,638,7075,0,0,0,0,0,0,0,0,0,0,0,0,0,0,0,0,0,0,0,0,0,0,0,0,0,0,0,0,2026-08-28 13:27:42.119586+00,2026-08-28 13:27:42.119586+00
16410,16412,t,4350530900617731487,"UPDATE RES_ENT SET LAST_TOUCH_DT=$5,LOCKING_ID=$1 WHERE RES_ENT_ID=$2 AND LAST_TOUCH_DT=$3 AND (LOCKING_ID=$4 OR LOCKING_ID IS NULL)",0,0,0,0,0,0,1,0.039208999999999994,0.039208999999999994,0.039208999999999994,0.039208999999999994,0,1,18,0,0,0,0,0,0,0,0,0,0,0,0,0,0,0,0,0,0,0,0,0,0,0,0,0,0,0,0,2026-08-28 13:46:35.431928+00,2026-08-28 13:46:35.431928+00
10,16384,t,3126210736499393966,select setting from pg_settings where name = $1,0,0,0,0,0,0,1,1.3131300000000001,1.3131300000000001,1.3131300000000001,1.3131300000000001,0,1,0,0,0,0,0,0,0,0,0,0,0,0,0,0,0,0,0,0,0,0,0,0,0,0,0,0,0,0,0,2026-08-28 11:49:27.503377+00,2026-08-28 11:49:27.503377+00
16410,16412,t,1867751382099289403,"SELECT LAST_TOUCH_DT,LOCKING_ID FROM RES_ENT WHERE RES_ENT_ID=$1",0,0,0,0,0,0,317546,5357.266810999878,0.003307,16.839115000000003,0.016870837015739066,0.11859222864499482,312812,1383519,0,0,0,0,0,0,0,0,0,0,0,0,0,0,0,0,0,0,0,0,0,0,0,0,0,0,0,0,2026-08-28 13:27:25.661313+00,2026-08-28 13:27:25.661313+00
10,16384,t,-5570486025607194934,"FETCH 0 IN ""query-cursor_8""",0,0,0,0,0,0,1,0.004261,0.004261,0.004261,0.004261,0,0,0,0,0,0,0,0,0,0,0,0,0,0,0,0,0,0,0,0,0,0,0,0,0,0,0,0,0,0,0,2026-08-28 11:56:28.12577+00,2026-08-28 11:56:28.12577+00
10,16384,t,8458014248518068976,"MOVE ALL IN ""query-cursor_76""",0,0,0,0,0,0,1,1.236802,1.236802,1.236802,1.236802,0,0,0,0,0,0,0,0,0,0,0,0,0,0,0,0,0,0,0,0,0,0,0,0,0,0,0,0,0,0,0,2026-08-28 13:04:28.131874+00,2026-08-28 13:04:28.131874+00
16410,16412,t,3294368909607146857,"INSERT INTO RES_REL_EKEY(RES_REL_ID,RES_ENT_ID,REL_ENT_ID) VALUES ($1,$2,$3),($4,$5,$6),($7,$8,$9),($10,$11,$12),($13,$14,$15),($16,$17,$18),($19,$20,$21),($22,$23,$24),($25,$26,$27),($28,$29,$30),($31,$32,$33),($34,$35,$36),($37,$38,$39),($40,$41,$42),($43,$44,$45),($46,$47,$48),($49,$50,$51) ON CONFLICT DO NOTHING",0,0,0,0,0,0,91,278.936654,0.212914,54.791239999999995,3.0652379560439558,8.592189609929909,1547,12406,0,0,9,0,0,0,0,0,0,0,1.145489,0,0,0,0,0,0,0,0,0,0,0,0,0,0,0,0,0,2026-08-28 13:31:54.720473+00,2026-08-28 13:31:54.720473+00
10,16384,t,3718516611539290712,"MOVE -599 IN ""query-cursor_75""",0,0,0,0,0,0,1,0.012695,0.012695,0.012695,0.012695,0,0,0,0,0,0,0,0,0,0,0,0,0,0,0,0,0,0,0,0,0,0,0,0,0,0,0,0,0,0,0,2026-08-28 13:03:28.131851+00,2026-08-28 13:03:28.131851+00
16410,16412,t,7516005703947328736,"SELECT RES_ENT_ID,LIB_FEAT_ID,FTYPE_ID,UTYPE_CODE,SUPPRESSED,OBS_ENT_CNT FROM RES_FEAT_EKEY WHERE RES_ENT_ID IN ($1) AND FTYPE_ID IN ($2,$3,$4,$5,$6,$7,$8,$9,$10,$11,$12,$13,$14,$15,$16,$17,$18,$19,$20,$21,$22,$23,$24,$25,$26,$27,$28,$29,$30,$31,$32,$33,$34,$35,$36,$37,$38,$39,$40,$41,$42,$43,$44,$45,$46,$47,$48,$49)",0,0,0,0,0,0,2,0.089525,0.03132,0.058205,0.0447625,0.013442499999999998,0,11,0,0,0,0,0,0,0,0,0,0,0,0,0,0,0,0,0,0,0,0,0,0,0,0,0,0,0,0,2026-08-28 13:31:15.427529+00,2026-08-28 13:31:15.427529+00
16410,16412,t,8788062089371550003,"UPDATE RES_FEAT_EKEY AS T SET SUPPRESSED = C.SUPPRESSED FROM (VALUES (CAST ($1 AS BIGINT),CAST ($2 AS BIGINT),$3,$4)) AS C(RES_ENT_ID,LIB_FEAT_ID,UTYPE_CODE,SUPPRESSED) WHERE C.RES_ENT_ID=T.RES_ENT_ID AND C.LIB_FEAT_ID=T.LIB_FEAT_ID AND C.UTYPE_CODE=T.UTYPE_CODE",0,0,0,0,0,0,121636,49597.59359900012,0.013859999999999999,1317.069929,0.40775423064717786,6.194486887100192,121636,1089830,0,0,843,0,0,0,0,0,0,0,44.31221499999999,0,0,0,0,0,0,0,0,0,0,0,0,0,0,0,0,0,2026-08-28 13:27:22.606985+00,2026-08-28 13:27:22.606985+00
10,16384,t,-4813361940416895133,"DECLARE ""query-cursor_144"" SCROLL CURSOR FOR select queryid, left(query, $1), calls, (total_plan_time + total_exec_time) as total_time from aurora_stat_statements($2) order by calls desc limit $3 FOR READ ONLY",0,0,0,0,0,0,1,0.06893,0.06893,0.06893,0.06893,0,0,0,0,0,0,0,0,0,0,0,0,0,0,0,0,0,0,0,0,0,0,0,0,0,0,0,0,0,0,0,2026-08-28 14:17:28.135577+00,2026-08-28 14:17:28.135577+00
10,16384,t,1553349057170439547,"MOVE ALL IN ""query-cursor_8""",0,0,0,0,0,0,1,0.376967,0.376967,0.376967,0.376967,0,0,0,0,0,0,0,0,0,0,0,0,0,0,0,0,0,0,0,0,0,0,0,0,0,0,0,0,0,0,0,2026-08-28 11:56:28.126185+00,2026-08-28 11:56:28.126185+00
16410,16412,t,7732182433812311218,"INSERT INTO RES_RELATE(RES_REL_ID,MIN_RES_ENT_ID,MAX_RES_ENT_ID,IS_DISCLOSED,IS_AMBIGUOUS,LAST_ERRULE_ID,MATCH_KEY,MATCH_KEY_DETAILS,MATCH_LEVELS) VALUES ($1,$2,$3,$4,$5,$6,$7,$8,$9),($10,$11,$12,$13,$14,$15,$16,$17,$18),($19,$20,$21,$22,$23,$24,$25,$26,$27),($28,$29,$30,$31,$32,$33,$34,$35,$36),($37,$38,$39,$40,$41,$42,$43,$44,$45),($46,$47,$48,$49,$50,$51,$52,$53,$54),($55,$56,$57,$58,$59,$60,$61,$62,$63),($64,$65,$66,$67,$68,$69,$70,$71,$72),($73,$74,$75,$76,$77,$78,$79,$80,$81) ON CONFLICT DO NOTHING",0,0,0,0,0,0,2161,5768.330128000016,0.112915,71.654501,2.6692874261915853,8.18161130534944,19449,159161,0,0,735,0,0,0,0,0,0,0,50.15439899999998,0,0,0,0,0,0,0,0,0,0,0,0,0,0,0,0,0,2026-08-28 13:27:32.817273+00,2026-08-28 13:27:32.817273+00
10,16384,t,-6662173152785897682,"FETCH 50 IN ""query-cursor_79""",0,0,0,0,0,0,12,0.040378,0.002784,0.005667,0.003364833333333333,0.000832143100006777,600,0,0,0,0,0,0,0,0,0,0,0,0,0,0,0,0,0,0,0,0,0,0,0,0,0,0,0,0,0,2026-08-28 13:07:28.132171+00,2026-08-28 13:07:28.132171+00
16410,16412,t,-6064415992686042733,"UPDATE RES_RELATE AS T SET IS_DISCLOSED=C.IS_DISCLOSED,IS_AMBIGUOUS=C.IS_AMBIGUOUS,LAST_ERRULE_ID=C.LAST_ERRULE_ID,MATCH_KEY=C.MATCH_KEY,MATCH_KEY_DETAILS=C.MATCH_KEY_DETAILS,MATCH_LEVELS=C.MATCH_LEVELS FROM (VALUES (CAST ($1 AS BIGINT),CAST ($2 AS BIGINT),CAST ($3 AS BIGINT),CAST ($4 AS BIGINT),$5,$6,$7),(CAST ($8 AS BIGINT),CAST ($9 AS BIGINT),CAST ($10 AS BIGINT),CAST ($11 AS BIGINT),$12,$13,$14),(CAST ($15 AS BIGINT),CAST ($16 AS BIGINT),CAST ($17 AS BIGINT),CAST ($18 AS BIGINT),$19,$20,$21),(CAST ($22 AS BIGINT),CAST ($23 AS BIGINT),CAST ($24 AS BIGINT),CAST ($25 AS BIGINT),$26,$27,$28),(CAST ($29 AS BIGINT),CAST ($30 AS BIGINT),CAST ($31 AS BIGINT),CAST ($32 AS BIGINT),$33,$34,$35),(CAST ($36 AS BIGINT),CAST ($37 AS BIGINT),CAST ($38 AS BIGINT),CAST ($39 AS BIGINT),$40,$41,$42),(CAST ($43 AS BIGINT),CAST ($44 AS BIGINT),CAST ($45 AS BIGINT),CAST ($46 AS BIGINT),$47,$48,$49),(CAST ($50 AS BIGINT),CAST ($51 AS BIGINT),CAST ($52 AS BIGINT),CAST ($53 AS BIGINT),$54,$55,$56),(CAST ($57 AS BIGINT),CAST ($58 AS BIGINT),CAST ($59 AS BIGINT),CAST ($60 AS BIGINT),$61,$62,$63)) AS C(RES_REL_ID,IS_DISCLOSED,IS_AMBIGUOUS,LAST_ERRULE_ID,MATCH_KEY,MATCH_KEY_DETAILS,MATCH_LEVELS) WHERE C.RES_REL_ID=T.RES_REL_ID",0,0,0,0,0,0,299,781.5263680000005,0.134955,76.295059,2.613800561872911,7.927531113032453,2691,30578,0,0,232,0,0,0,0,0,0,0,14.945054000000003,0,0,0,0,0,0,0,0,0,0,0,0,0,0,0,0,0,2026-08-28 13:28:15.738847+00,2026-08-28 13:28:15.738847+00
16410,16412,t,20317077661107500,"SELECT OBS_ENT_ID,DSRC_ID,ENT_SRC_KEY,LOCKING_ID,FEATURES FROM OBS_ENT WHERE OBS_ENT_ID IN ($1)",0,0,0,0,0,0,1791665,37247.21086199958,0.004354,26.574899,0.020789160284986077,0.1306309301730273,1791665,9101097,0,0,0,0,0,0,0,0,0,0,0,0,0,0,0,0,0,0,0,0,0,0,0,0,0,0,0,0,2026-08-28 13:27:25.612546+00,2026-08-28 13:27:25.612546+00
10,16384,t,3221855203466353032,"FETCH 50 IN ""query-cursor_34""",0,0,0,0,0,0,6,0.020939,0.002824,0.005928,0.003489833333333333,0.0011177967043350158,300,0,0,0,0,0,0,0,0,0,0,0,0,0,0,0,0,0,0,0,0,0,0,0,0,0,0,0,0,0,2026-08-28 12:22:28.128461+00,2026-08-28 12:22:28.128461+00
10,16384,t,7010722920822001117,"MOVE -508 IN ""query-cursor_60""",0,0,0,0,0,0,1,0.012055,0.012055,0.012055,0.012055,0,0,0,0,0,0,0,0,0,0,0,0,0,0,0,0,0,0,0,0,0,0,0,0,0,0,0,0,0,0,0,2026-08-28 12:48:28.130785+00,2026-08-28 12:48:28.130785+00
16410,16412,t,5742108713384599064,"SELECT RES_ENT_ID,LIB_FEAT_ID,FTYPE_ID,UTYPE_CODE,SUPPRESSED,OBS_ENT_CNT FROM RES_FEAT_EKEY WHERE RES_ENT_ID IN ($1,$2,$3,$4,$5,$6,$7,$8,$9,$10,$11,$12,$13,$14,$15,$16,$17,$18,$19,$20,$21,$22,$23,$24,$25,$26,$27,$28,$29,$30,$31,$32) AND FTYPE_ID IN ($33,$34,$35,$36,$37,$38,$39,$40,$41,$42,$43,$44,$45,$46,$47,$48,$49,$50,$51,$52,$53,$54,$55,$56)",0,0,0,0,0,0,84,2024.600127,1.6146260000000001,192.832767,24.102382464285714,32.06589566614623,2218501,31954,0,0,0,0,0,0,0,0,0,0,0,0,0,0,0,0,0,0,0,0,0,0,0,0,0,0,0,0,2026-08-28 13:27:25.992527+00,2026-08-28 13:27:25.992527+00
10,16384,t,746690034774677235,"MOVE ALL IN ""query-cursor_110""",0,0,0,0,0,0,1,3.826476,3.826476,3.826476,3.826476,0,0,0,0,0,0,0,0,0,0,0,0,0,0,0,0,0,0,0,0,0,0,0,0,0,0,0,0,0,0,0,2026-08-28 13:42:28.138397+00,2026-08-28 13:42:28.138397+00
10,16384,t,-6088652485960309702,"MOVE -1558 IN ""query-cursor_128""",0,0,0,0,0,0,1,0.030043,0.030043,0.030043,0.030043,0,0,0,0,0,0,0,0,0,0,0,0,0,0,0,0,0,0,0,0,0,0,0,0,0,0,0,0,0,0,0,2026-08-28 14:01:28.138869+00,2026-08-28 14:01:28.138869+00
16410,16412,t,-7414202432971323178,DELETE FROM RES_FEAT_EKEY WHERE ((RES_ENT_ID=$1 AND LIB_FEAT_ID=$2 AND UTYPE_CODE=$3)OR(RES_ENT_ID=$4 AND LIB_FEAT_ID=$5 AND UTYPE_CODE=$6)OR(RES_ENT_ID=$7 AND LIB_FEAT_ID=$8 AND UTYPE_CODE=$9)OR(RES_ENT_ID=$10 AND LIB_FEAT_ID=$11 AND UTYPE_CODE=$12)OR(RES_ENT_ID=$13 AND LIB_FEAT_ID=$14 AND UTYPE_CODE=$15)OR(RES_ENT_ID=$16 AND LIB_FEAT_ID=$17 AND UTYPE_CODE=$18)OR(RES_ENT_ID=$19 AND LIB_FEAT_ID=$20 AND UTYPE_CODE=$21)OR(RES_ENT_ID=$22 AND LIB_FEAT_ID=$23 AND UTYPE_CODE=$24)OR(RES_ENT_ID=$25 AND LIB_FEAT_ID=$26 AND UTYPE_CODE=$27)OR(RES_ENT_ID=$28 AND LIB_FEAT_ID=$29 AND UTYPE_CODE=$30)OR(RES_ENT_ID=$31 AND LIB_FEAT_ID=$32 AND UTYPE_CODE=$33)OR(RES_ENT_ID=$34 AND LIB_FEAT_ID=$35 AND UTYPE_CODE=$36)OR(RES_ENT_ID=$37 AND LIB_FEAT_ID=$38 AND UTYPE_CODE=$39)OR(RES_ENT_ID=$40 AND LIB_FEAT_ID=$41 AND UTYPE_CODE=$42)OR(RES_ENT_ID=$43 AND LIB_FEAT_ID=$44 AND UTYPE_CODE=$45)),0,0,0,0,0,0,744,1157.4178820000006,0.036598,67.157102,1.55566919623656,5.5994753934518435,11130,56684,0,0,0,0,0,0,0,0,0,0,0,0,0,0,0,0,0,0,0,0,0,0,0,0,0,0,0,0,2026-08-28 13:27:55.924711+00,2026-08-28 13:27:55.924711+00
10,16384,t,-1273965837682515941,"FETCH 0 IN ""query-cursor_37""",0,0,0,0,0,0,1,0.003707,0.003707,0.003707,0.003707,0,0,0,0,0,0,0,0,0,0,0,0,0,0,0,0,0,0,0,0,0,0,0,0,0,0,0,0,0,0,0,2026-08-28 12:25:28.127737+00,2026-08-28 12:25:28.127737+00
10,16384,t,3979454819405355482,"MOVE ALL IN ""query-cursor_168""",0,0,0,0,0,0,1,4.948774,4.948774,4.948774,4.948774,0,0,0,0,0,0,0,0,0,0,0,0,0,0,0,0,0,0,0,0,0,0,0,0,0,0,0,0,0,0,0,2026-08-28 14:41:28.142282+00,2026-08-28 14:41:28.142282+00
10,16384,t,7981114304069059130,"FETCH 50 IN ""query-cursor_35""",0,0,0,0,0,0,6,0.02069,0.002835,0.005347,0.003448333333333333,0.0008620279706727745,300,0,0,0,0,0,0,0,0,0,0,0,0,0,0,0,0,0,0,0,0,0,0,0,0,0,0,0,0,0,2026-08-28 12:23:28.128574+00,2026-08-28 12:23:28.128574+00
10,16384,t,-6128040967862333723,"FETCH 50 IN ""query-cursor_152""",0,0,0,0,0,0,34,0.148541,0.002851,0.008172,0.00436885294117647,0.001334261772806859,1700,0,0,0,0,0,0,0,0,0,0,0,0,0,0,0,0,0,0,0,0,0,0,0,0,0,0,0,0,0,2026-08-28 14:25:28.140871+00,2026-08-28 14:25:28.140871+00
10,16384,t,-74149798017933291,"FETCH 0 IN ""query-cursor_53""",0,0,0,0,0,0,1,0.00337,0.00337,0.00337,0.00337,0,0,0,0,0,0,0,0,0,0,0,0,0,0,0,0,0,0,0,0,0,0,0,0,0,0,0,0,0,0,0,2026-08-28 12:41:28.128932+00,2026-08-28 12:41:28.128932+00
10,16384,t,-2967196718461964519,"MOVE ALL IN ""query-cursor_122""",0,0,0,0,0,0,1,4.229886,4.229886,4.229886,4.229886,0,0,0,0,0,0,0,0,0,0,0,0,0,0,0,0,0,0,0,0,0,0,0,0,0,0,0,0,0,0,0,2026-08-28 13:55:28.138268+00,2026-08-28 13:55:28.138268+00
10,16384,t,-5310823441199021264,"FETCH 0 IN ""query-cursor_82""",0,0,0,0,0,0,1,0.003531,0.003531,0.003531,0.003531,0,0,0,0,0,0,0,0,0,0,0,0,0,0,0,0,0,0,0,0,0,0,0,0,0,0,0,0,0,0,0,2026-08-28 13:10:28.130892+00,2026-08-28 13:10:28.130892+00
10,16384,t,-760506508612999719,"FETCH 50 IN ""query-cursor_105""",0,0,0,0,0,0,27,0.11676700000000001,0.003042,0.007467,0.004324703703703704,0.001215909530467863,1350,0,0,0,0,0,0,0,0,0,0,0,0,0,0,0,0,0,0,0,0,0,0,0,0,0,0,0,0,0,2026-08-28 13:33:28.136391+00,2026-08-28 13:33:28.136391+00
16410,16412,t,3714864801995000974,"SELECT min(captured_at) FILTER (WHERE label=$1) AS baseline_at,
       max(captured_at) FILTER (WHERE label=$2)    AS final_at,
       max(captured_at) FILTER (WHERE label=$3)
         - min(captured_at) FILTER (WHERE label=$4) AS elapsed
FROM perf.snap_scalar",0,0,0,0,0,0,1,0.01932,0.01932,0.01932,0.01932,0,1,1,0,0,0,0,0,0,0,0,0,0,0,0,0,0,0,0,0,0,0,0,0,0,0,0,0,0,0,0,2026-08-28 14:43:54.848845+00,2026-08-28 14:43:54.848845+00
16410,16412,t,6060914657815662378,"SELECT RES_ENT_ID,LIB_FEAT_ID,FTYPE_ID,UTYPE_CODE,SUPPRESSED,OBS_ENT_CNT FROM RES_FEAT_EKEY WHERE RES_ENT_ID IN ($1,$2,$3,$4,$5,$6,$7,$8,$9,$10,$11,$12,$13,$14,$15,$16) AND FTYPE_ID IN ($17,$18,$19,$20,$21,$22,$23,$24,$25,$26,$27,$28,$29,$30,$31,$32,$33,$34,$35,$36,$37)",0,0,0,0,0,0,378,1369.2165059999984,0.234921,83.661763,3.622265888888885,8.072623075578683,1034388,31877,0,0,0,0,0,0,0,0,0,0,0,0,0,0,0,0,0,0,0,0,0,0,0,0,0,0,0,0,2026-08-28 13:27:24.225291+00,2026-08-28 13:27:24.225291+00
10,16384,t,-5877002393846060561,"DECLARE ""query-cursor_26"" SCROLL CURSOR FOR select queryid, left(query, $1), calls, (total_plan_time + total_exec_time) as total_time from aurora_stat_statements($2) order by calls desc limit $3 FOR READ ONLY",0,0,0,0,0,0,1,0.06691,0.06691,0.06691,0.06691,0,0,0,0,0,0,0,0,0,0,0,0,0,0,0,0,0,0,0,0,0,0,0,0,0,0,0,0,0,0,0,2026-08-28 12:14:28.127011+00,2026-08-28 12:14:28.127011+00
16410,16412,t,-5834180044305230945,"UPDATE RES_ENT_OKEY SET RES_ENT_ID=$1,ERRULE_ID=$2,MATCH_KEY=$3 WHERE OBS_ENT_ID=$4",0,0,0,0,0,0,4204,1809.592440000006,0.005814,19.453969,0.4304453948620376,1.2903088354143877,4184,56153,0,0,45,0,0,0,0,0,0,0,4.855064000000001,0,0,0,0,0,0,0,0,0,0,0,0,0,0,0,0,0,2026-08-28 13:27:31.530089+00,2026-08-28 13:27:31.530089+00
16410,16412,t,5784091757722810162,"SELECT f.metric, f.value - b.value AS delta
FROM perf.snap_scalar f JOIN perf.snap_scalar b USING (metric)
WHERE f.label=$1 AND b.label=$2
ORDER BY f.metric",0,0,0,0,0,0,1,0.055156,0.055156,0.055156,0.055156,0,14,2,0,0,0,0,0,0,0,0,0,0,0,0,0,0,0,0,0,0,0,0,0,0,0,0,0,0,0,0,2026-08-28 14:43:54.850963+00,2026-08-28 14:43:54.850963+00
10,16384,t,-6938479678289950407,"DECLARE ""query-cursor_138"" SCROLL CURSOR FOR select queryid, left(query, $1), calls, (total_plan_time + total_exec_time) as total_time from aurora_stat_statements($2) order by calls desc limit $3 FOR READ ONLY",0,0,0,0,0,0,1,0.072377,0.072377,0.072377,0.072377,0,0,0,0,0,0,0,0,0,0,0,0,0,0,0,0,0,0,0,0,0,0,0,0,0,0,0,0,0,0,0,2026-08-28 14:11:28.135206+00,2026-08-28 14:11:28.135206+00
10,16384,t,-9129070849144514948,"FETCH 7 IN ""query-cursor_55""",0,0,0,0,0,0,1,0.001696,0.001696,0.001696,0.001696,0,7,0,0,0,0,0,0,0,0,0,0,0,0,0,0,0,0,0,0,0,0,0,0,0,0,0,0,0,0,0,2026-08-28 12:43:28.13175+00,2026-08-28 12:43:28.13175+00
10,16384,t,4334442912772911530,"FETCH 50 IN ""query-cursor_14""",0,0,0,0,0,0,4,0.013874999999999998,0.002879,0.004454,0.0034687499999999996,0.000606471505925876,200,0,0,0,0,0,0,0,0,0,0,0,0,0,0,0,0,0,0,0,0,0,0,0,0,0,0,0,0,0,2026-08-28 12:02:28.12665+00,2026-08-28 12:02:28.12665+00
16410,16412,t,-6392102736463943507,"COPY  ( SELECT match_key, count ( * ) FROM res_ent_okey GROUP BY match_key ORDER BY 2 DESC ) TO STDOUT WITH CSV HEADER",0,0,0,0,0,0,1,137.731302,137.731302,137.731302,137.731302,0,90,6897,0,0,0,0,0,0,0,517,522,0,0,0,0,0.728294,2.199522,0,0,0,0,0,0,0,0,0,0,0,0,0,2026-08-28 14:44:02.463273+00,2026-08-28 14:44:02.463273+00
10,16384,t,8617366544321588168,"FETCH 0 IN ""query-cursor_27""",0,0,0,0,0,0,1,0.004078,0.004078,0.004078,0.004078,0,0,0,0,0,0,0,0,0,0,0,0,0,0,0,0,0,0,0,0,0,0,0,0,0,0,0,0,0,0,0,2026-08-28 12:15:28.127135+00,2026-08-28 12:15:28.127135+00
16410,16412,t,-9004821260994734050,"SELECT RES_ENT_ID,LIB_FEAT_ID,FTYPE_ID,UTYPE_CODE,SUPPRESSED,OBS_ENT_CNT FROM RES_FEAT_EKEY WHERE RES_ENT_ID IN ($1,$2,$3,$4,$5,$6,$7,$8,$9,$10,$11,$12,$13,$14,$15,$16,$17,$18,$19,$20,$21,$22,$23,$24,$25,$26,$27,$28,$29,$30,$31,$32,$33,$34,$35,$36,$37,$38,$39,$40,$41,$42,$43,$44,$45,$46,$47,$48,$49,$50,$51,$52,$53,$54,$55,$56,$57,$58,$59,$60,$61,$62,$63,$64) AND FTYPE_ID IN ($65,$66,$67,$68,$69,$70,$71,$72,$73,$74,$75,$76,$77)",0,0,0,0,0,0,1129,57618.62789900007,0.8497210000000001,887.346228,51.03509999911432,97.83911122873492,19053661,491053,0,0,0,0,0,0,0,0,0,0,0,0,0,0,0,0,0,0,0,0,0,0,0,0,0,0,0,0,2026-08-28 13:27:31.605055+00,2026-08-28 13:27:31.605055+00
10,16384,t,-3412940749366542047,"MOVE ALL IN ""query-cursor_37""",0,0,0,0,0,0,1,0.72612,0.72612,0.72612,0.72612,0,0,0,0,0,0,0,0,0,0,0,0,0,0,0,0,0,0,0,0,0,0,0,0,0,0,0,0,0,0,0,2026-08-28 12:25:28.128504+00,2026-08-28 12:25:28.128504+00
10,16384,t,7569156694612356934,"FETCH 0 IN ""query-cursor_86""",0,0,0,0,0,0,1,0.003622,0.003622,0.003622,0.003622,0,0,0,0,0,0,0,0,0,0,0,0,0,0,0,0,0,0,0,0,0,0,0,0,0,0,0,0,0,0,0,2026-08-28 13:14:28.131291+00,2026-08-28 13:14:28.131291+00
10,16384,t,4276964618400203281,"DECLARE ""query-cursor_39"" SCROLL CURSOR FOR select queryid, left(query, $1), calls, (total_plan_time + total_exec_time) as total_time from aurora_stat_statements($2) order by calls desc limit $3 FOR READ ONLY",0,0,0,0,0,0,1,0.141196,0.141196,0.141196,0.141196,0,0,0,0,0,0,0,0,0,0,0,0,0,0,0,0,0,0,0,0,0,0,0,0,0,0,0,0,0,0,0,2026-08-28 12:27:28.128035+00,2026-08-28 12:27:28.128035+00
10,16384,t,-5150185012049596578,"MOVE ALL IN ""query-cursor_49""",0,0,0,0,0,0,1,0.835171,0.835171,0.835171,0.835171,0,0,0,0,0,0,0,0,0,0,0,0,0,0,0,0,0,0,0,0,0,0,0,0,0,0,0,0,0,0,0,2026-08-28 12:37:28.129541+00,2026-08-28 12:37:28.129541+00
10,16384,t,-8424240581774427127,"MOVE -368 IN ""query-cursor_40""",0,0,0,0,0,0,1,0.009086,0.009086,0.009086,0.009086,0,0,0,0,0,0,0,0,0,0,0,0,0,0,0,0,0,0,0,0,0,0,0,0,0,0,0,0,0,0,0,2026-08-28 12:28:28.128899+00,2026-08-28 12:28:28.128899+00
16410,16412,t,-7409171893791521874,"INSERT INTO RES_REL_EKEY(RES_REL_ID,RES_ENT_ID,REL_ENT_ID) VALUES ($1,$2,$3),($4,$5,$6),($7,$8,$9),($10,$11,$12),($13,$14,$15),($16,$17,$18),($19,$20,$21),($22,$23,$24),($25,$26,$27),($28,$29,$30),($31,$32,$33),($34,$35,$36),($37,$38,$39),($40,$41,$42),($43,$44,$45),($46,$47,$48),($49,$50,$51),($52,$53,$54),($55,$56,$57),($58,$59,$60),($61,$62,$63),($64,$65,$66),($67,$68,$69),($70,$71,$72) ON CONFLICT DO NOTHING",0,0,0,0,0,0,540,2712.5754639999996,0.248687,88.31792800000001,5.023287896296296,14.318219265653227,12960,103850,0,0,104,0,0,0,0,0,0,0,2.004555999999999,0,0,0,0,0,0,0,0,0,0,0,0,0,0,0,0,0,2026-08-28 13:27:48.074487+00,2026-08-28 13:27:48.074487+00
10,16384,t,-8402403694733513457,"FETCH 50 IN ""query-cursor_24""",0,0,0,0,0,0,5,0.017694,0.002915,0.00504,0.0035388000000000004,0.00077616477632008,250,0,0,0,0,0,0,0,0,0,0,0,0,0,0,0,0,0,0,0,0,0,0,0,0,0,0,0,0,0,2026-08-28 12:12:28.127586+00,2026-08-28 12:12:28.127586+00
16410,16412,t,2807266443010763555,"SELECT RES_ENT_ID,LIB_FEAT_ID,FTYPE_ID,UTYPE_CODE,SUPPRESSED,OBS_ENT_CNT FROM RES_FEAT_EKEY WHERE RES_ENT_ID IN ($1,$2,$3,$4,$5,$6,$7,$8,$9,$10,$11,$12,$13,$14,$15,$16) AND FTYPE_ID IN ($17,$18,$19,$20,$21,$22,$23,$24,$25,$26,$27,$28,$29,$30,$31)",0,0,0,0,0,0,10231,23279.67646700002,0.154985,186.90177899999998,2.2754057733359416,6.517690245058374,10642243,640393,0,0,0,0,0,0,0,0,0,0,0,0,0,0,0,0,0,0,0,0,0,0,0,0,0,0,0,0,2026-08-28 13:27:25.571398+00,2026-08-28 13:27:25.571398+00
16410,16412,t,-3081644209362939970,"UPDATE RES_FEAT_EKEY AS T SET SUPPRESSED = C.SUPPRESSED FROM (VALUES (CAST ($1 AS BIGINT),CAST ($2 AS BIGINT),$3,$4),(CAST ($5 AS BIGINT),CAST ($6 AS BIGINT),$7,$8),(CAST ($9 AS BIGINT),CAST ($10 AS BIGINT),$11,$12),(CAST ($13 AS BIGINT),CAST ($14 AS BIGINT),$15,$16),(CAST ($17 AS BIGINT),CAST ($18 AS BIGINT),$19,$20),(CAST ($21 AS BIGINT),CAST ($22 AS BIGINT),$23,$24),(CAST ($25 AS BIGINT),CAST ($26 AS BIGINT),$27,$28),(CAST ($29 AS BIGINT),CAST ($30 AS BIGINT),$31,$32),(CAST ($33 AS BIGINT),CAST ($34 AS BIGINT),$35,$36),(CAST ($37 AS BIGINT),CAST ($38 AS BIGINT),$39,$40)) AS C(RES_ENT_ID,LIB_FEAT_ID,UTYPE_CODE,SUPPRESSED) WHERE C.RES_ENT_ID=T.RES_ENT_ID AND C.LIB_FEAT_ID=T.LIB_FEAT_ID AND C.UTYPE_CODE=T.UTYPE_CODE",0,0,0,0,0,0,203,377.399729,0.09131199999999999,56.734387,1.8591119655172412,5.729503591843051,2030,23705,0,0,4,0,0,0,0,0,0,0,0.024146,0,0,0,0,0,0,0,0,0,0,0,0,0,0,0,0,0,2026-08-28 13:27:24.591908+00,2026-08-28 13:27:24.591908+00
10,16384,t,-6186880578410660922,"FETCH 0 IN ""query-cursor_106""",0,0,0,0,0,0,1,0.009294,0.009294,0.009294,0.009294,0,0,0,0,0,0,0,0,0,0,0,0,0,0,0,0,0,0,0,0,0,0,0,0,0,0,0,0,0,0,0,2026-08-28 13:34:28.146813+00,2026-08-28 13:34:28.146813+00
10,16384,t,2206978679640227533,select * from rds_get_stat_dxl_counters_details(),0,0,0,0,0,0,170,1.3354349999999993,0.006464,0.018372,0.007855499999999996,0.0016349753056239106,170,0,0,0,0,0,0,0,0,0,0,0,0,0,0,0,0,0,0,0,0,0,0,0,0,0,0,0,0,0,2026-08-28 11:50:08.126992+00,2026-08-28 11:50:08.126992+00
10,16384,t,-7929326743086960393,"FETCH 29 IN ""query-cursor_165""",0,0,0,0,0,0,1,0.003172,0.003172,0.003172,0.003172,0,29,0,0,0,0,0,0,0,0,0,0,0,0,0,0,0,0,0,0,0,0,0,0,0,0,0,0,0,0,0,2026-08-28 14:38:28.153785+00,2026-08-28 14:38:28.153785+00
10,16384,t,5537493970613045040,"FETCH 50 IN ""query-cursor_90""",0,0,0,0,0,0,13,0.04293500000000001,0.002819,0.005559,0.003302692307692308,0.000683937287342744,650,0,0,0,0,0,0,0,0,0,0,0,0,0,0,0,0,0,0,0,0,0,0,0,0,0,0,0,0,0,2026-08-28 13:18:28.133166+00,2026-08-28 13:18:28.133166+00
16410,16412,t,3051355377504672174,"UPDATE RES_RELATE AS T SET IS_DISCLOSED=C.IS_DISCLOSED,IS_AMBIGUOUS=C.IS_AMBIGUOUS,LAST_ERRULE_ID=C.LAST_ERRULE_ID,MATCH_KEY=C.MATCH_KEY,MATCH_KEY_DETAILS=C.MATCH_KEY_DETAILS,MATCH_LEVELS=C.MATCH_LEVELS FROM (VALUES (CAST ($1 AS BIGINT),CAST ($2 AS BIGINT),CAST ($3 AS BIGINT),CAST ($4 AS BIGINT),$5,$6,$7),(CAST ($8 AS BIGINT),CAST ($9 AS BIGINT),CAST ($10 AS BIGINT),CAST ($11 AS BIGINT),$12,$13,$14),(CAST ($15 AS BIGINT),CAST ($16 AS BIGINT),CAST ($17 AS BIGINT),CAST ($18 AS BIGINT),$19,$20,$21),(CAST ($22 AS BIGINT),CAST ($23 AS BIGINT),CAST ($24 AS BIGINT),CAST ($25 AS BIGINT),$26,$27,$28),(CAST ($29 AS BIGINT),CAST ($30 AS BIGINT),CAST ($31 AS BIGINT),CAST ($32 AS BIGINT),$33,$34,$35),(CAST ($36 AS BIGINT),CAST ($37 AS BIGINT),CAST ($38 AS BIGINT),CAST ($39 AS BIGINT),$40,$41,$42),(CAST ($43 AS BIGINT),CAST ($44 AS BIGINT),CAST ($45 AS BIGINT),CAST ($46 AS BIGINT),$47,$48,$49),(CAST ($50 AS BIGINT),CAST ($51 AS BIGINT),CAST ($52 AS BIGINT),CAST ($53 AS BIGINT),$54,$55,$56),(CAST ($57 AS BIGINT),CAST ($58 AS BIGINT),CAST ($59 AS BIGINT),CAST ($60 AS BIGINT),$61,$62,$63),(CAST ($64 AS BIGINT),CAST ($65 AS BIGINT),CAST ($66 AS BIGINT),CAST ($67 AS BIGINT),$68,$69,$70),(CAST ($71 AS BIGINT),CAST ($72 AS BIGINT),CAST ($73 AS BIGINT),CAST ($74 AS BIGINT),$75,$76,$77),(CAST ($78 AS BIGINT),CAST ($79 AS BIGINT),CAST ($80 AS BIGINT),CAST ($81 AS BIGINT),$82,$83,$84)) AS C(RES_REL_ID,IS_DISCLOSED,IS_AMBIGUOUS,LAST_ERRULE_ID,MATCH_KEY,MATCH_KEY_DETAILS,MATCH_LEVELS) WHERE C.RES_REL_ID=T.RES_REL_ID",0,0,0,0,0,0,78,250.60662999999997,0.149724,52.428054,3.2129055128205124,8.775503967873062,936,10798,0,0,81,0,0,0,0,0,0,0,17.30832,0,0,0,0,0,0,0,0,0,0,0,0,0,0,0,0,0,2026-08-28 13:31:47.091138+00,2026-08-28 13:31:47.091138+00
10,16384,t,-1527808529558063803,"MOVE -1612 IN ""query-cursor_137""",0,0,0,0,0,0,1,0.031392,0.031392,0.031392,0.031392,0,0,0,0,0,0,0,0,0,0,0,0,0,0,0,0,0,0,0,0,0,0,0,0,0,0,0,0,0,0,0,2026-08-28 14:10:28.139465+00,2026-08-28 14:10:28.139465+00
10,16384,t,858247902682477487,"MOVE -1582 IN ""query-cursor_132""",0,0,0,0,0,0,1,0.02963,0.02963,0.02963,0.02963,0,0,0,0,0,0,0,0,0,0,0,0,0,0,0,0,0,0,0,0,0,0,0,0,0,0,0,0,0,0,0,2026-08-28 14:05:28.139133+00,2026-08-28 14:05:28.139133+00
16410,16412,t,-4559638747601883766,"SELECT OBS_ENT_ID,LOCKING_ID FROM OBS_ENT WHERE OBS_ENT_ID IN ($1,$2,$3,$4,$5,$6,$7,$8)",0,0,0,0,0,0,50,3.4891899999999993,0.024166,0.261878,0.06978379999999999,0.039620915126735774,300,2388,0,0,0,0,0,0,0,0,0,0,0,0,0,0,0,0,0,0,0,0,0,0,0,0,0,0,0,0,2026-08-28 13:32:02.075493+00,2026-08-28 13:32:02.075493+00
10,16384,t,-1138184174361259346,"FETCH 42 IN ""query-cursor_108""",0,0,0,0,0,0,1,0.013598,0.013598,0.013598,0.013598,0,42,0,0,0,0,0,0,0,0,0,0,0,0,0,0,0,0,0,0,0,0,0,0,0,0,0,0,0,0,0,2026-08-28 13:38:28.959168+00,2026-08-28 13:38:28.959168+00
16410,16412,t,6587230066282723156,"SELECT RES_ENT_ID,LIB_FEAT_ID,FTYPE_ID,UTYPE_CODE,SUPPRESSED,OBS_ENT_CNT FROM RES_FEAT_EKEY WHERE RES_ENT_ID IN ($1) AND FTYPE_ID IN ($2,$3,$4,$5,$6,$7,$8,$9,$10,$11,$12,$13,$14,$15,$16,$17,$18,$19,$20,$21,$22,$23)",0,0,0,0,0,0,33,6.725493000000002,0.028055,1.010986,0.20380281818181825,0.26239792035916637,9745,230,0,0,0,0,0,0,0,0,0,0,0,0,0,0,0,0,0,0,0,0,0,0,0,0,0,0,0,0,2026-08-28 13:27:23.386527+00,2026-08-28 13:27:23.386527+00
10,16384,t,-8452017784060219103,"FETCH 25 IN ""query-cursor_156""",0,0,0,0,0,0,1,0.00283,0.00283,0.00283,0.00283,0,25,0,0,0,0,0,0,0,0,0,0,0,0,0,0,0,0,0,0,0,0,0,0,0,0,0,0,0,0,0,2026-08-28 14:29:28.152588+00,2026-08-28 14:29:28.152588+00
10,16384,t,-3024985444774041817,"FETCH 50 IN ""query-cursor_6""",0,0,0,0,0,0,2,0.010237,0.005002,0.005235,0.0051185,0.00011650000000000007,100,0,0,0,0,0,0,0,0,0,0,0,0,0,0,0,0,0,0,0,0,0,0,0,0,0,0,0,0,0,2026-08-28 11:54:28.126107+00,2026-08-28 11:54:28.126107+00
16410,16412,t,92761215252602675,"SELECT RES_ENT_ID,ENT_STATE,LOCKING_ID FROM RES_ENT WHERE RES_ENT_ID IN ($1)",0,0,0,0,0,0,4858028,90662.46415999954,0.002777,72.165561,0.018662400496662335,0.16769588726486837,3863980,19948353,0,0,0,0,0,0,0,0,0,0,0,0,0,0,0,0,0,0,0,0,0,0,0,0,0,0,0,0,2026-08-28 13:27:22.182678+00,2026-08-28 13:27:22.182678+00
10,16384,t,5121585842632302998,"FETCH 0 IN ""query-cursor_19""",0,0,0,0,0,0,1,0.003691,0.003691,0.003691,0.003691,0,0,0,0,0,0,0,0,0,0,0,0,0,0,0,0,0,0,0,0,0,0,0,0,0,0,0,0,0,0,0,2026-08-28 12:07:28.126591+00,2026-08-28 12:07:28.126591+00
16410,16412,t,-5701365681937567689,"SELECT RES_ENT_ID,LIB_FEAT_ID,FTYPE_ID,UTYPE_CODE,SUPPRESSED,OBS_ENT_CNT FROM RES_FEAT_EKEY WHERE RES_ENT_ID IN ($1,$2,$3,$4,$5,$6,$7,$8) AND FTYPE_ID IN ($9,$10,$11,$12,$13,$14,$15,$16,$17,$18,$19,$20)",0,0,0,0,0,0,10081,9499.594506000034,0.065093,198.398458,0.9423266050987039,4.121543711175059,4921709,349843,0,0,0,0,0,0,0,0,0,0,0,0,0,0,0,0,0,0,0,0,0,0,0,0,0,0,0,0,2026-08-28 13:27:23.426887+00,2026-08-28 13:27:23.426887+00
10,16384,t,1343643266398897996,"FETCH 50 IN ""query-cursor_83""",0,0,0,0,0,0,12,0.03861300000000001,0.002688,0.005944,0.0032177500000000006,0.0008691946583859488,600,0,0,0,0,0,0,0,0,0,0,0,0,0,0,0,0,0,0,0,0,0,0,0,0,0,0,0,0,0,2026-08-28 13:11:28.132613+00,2026-08-28 13:11:28.132613+00
10,16384,t,-6317507495619075011,"MOVE -392 IN ""query-cursor_44""",0,0,0,0,0,0,1,0.010116,0.010116,0.010116,0.010116,0,0,0,0,0,0,0,0,0,0,0,0,0,0,0,0,0,0,0,0,0,0,0,0,0,0,0,0,0,0,0,2026-08-28 12:32:28.129244+00,2026-08-28 12:32:28.129244+00
16410,16412,t,3600730769356606586,"SELECT RES_ENT_ID,LIB_FEAT_ID,FTYPE_ID,UTYPE_CODE,SUPPRESSED,OBS_ENT_CNT FROM RES_FEAT_EKEY WHERE RES_ENT_ID IN ($1,$2,$3,$4,$5,$6,$7,$8,$9,$10,$11,$12,$13,$14,$15,$16) AND FTYPE_ID IN ($17,$18,$19,$20,$21,$22,$23,$24,$25,$26,$27,$28,$29,$30,$31,$32,$33,$34,$35,$36,$37,$38,$39)",0,0,0,0,0,0,62,387.025218,0.581316,33.4887,6.242342225806452,6.113525398530301,551759,9199,0,0,0,0,0,0,0,0,0,0,0,0,0,0,0,0,0,0,0,0,0,0,0,0,0,0,0,0,2026-08-28 13:27:25.241808+00,2026-08-28 13:27:25.241808+00
16410,16412,t,3783799953446401637,"SELECT RES_ENT_ID,LIB_FEAT_ID,FTYPE_ID,UTYPE_CODE,SUPPRESSED,OBS_ENT_CNT FROM RES_FEAT_EKEY WHERE RES_ENT_ID IN ($1) AND FTYPE_ID IN ($2,$3,$4,$5,$6,$7,$8,$9,$10,$11,$12,$13,$14,$15,$16,$17,$18,$19,$20)",0,0,0,0,0,0,206,36.24297400000002,0.020377000000000003,7.728864000000001,0.17593676699029134,0.6056216169289736,42529,1316,0,0,0,0,0,0,0,0,0,0,0,0,0,0,0,0,0,0,0,0,0,0,0,0,0,0,0,0,2026-08-28 13:27:23.579717+00,2026-08-28 13:27:23.579717+00
10,16384,t,1319150857934238459,"MOVE ALL IN ""query-cursor_143""",0,0,0,0,0,0,1,4.186409,4.186409,4.186409,4.186409,0,0,0,0,0,0,0,0,0,0,0,0,0,0,0,0,0,0,0,0,0,0,0,0,0,0,0,0,0,0,0,2026-08-28 14:16:28.139615+00,2026-08-28 14:16:28.139615+00
16410,16412,t,1255412316539173683,"SELECT RES_ENT_ID,LIB_FEAT_ID,FTYPE_ID,UTYPE_CODE,SUPPRESSED,OBS_ENT_CNT FROM RES_FEAT_EKEY WHERE RES_ENT_ID IN ($1,$2,$3,$4,$5,$6,$7,$8,$9,$10,$11,$12,$13,$14,$15,$16,$17,$18,$19,$20,$21,$22,$23,$24,$25,$26,$27,$28,$29,$30,$31,$32,$33,$34,$35,$36,$37,$38,$39,$40,$41,$42,$43,$44,$45,$46,$47,$48,$49,$50,$51,$52,$53,$54,$55,$56,$57,$58,$59,$60,$61,$62,$63,$64,$65,$66,$67,$68,$69,$70,$71,$72,$73,$74,$75,$76,$77,$78,$79,$80,$81,$82,$83,$84,$85,$86,$87,$88,$89) AND FTYPE_ID IN ($90,$91,$92,$93,$94,$95,$96,$97,$98,$99,$100)",0,0,0,0,0,0,180,4746.633812,3.134982,172.47396600000002,26.370187844444445,23.470521727758083,3786077,156658,0,0,0,0,0,0,0,0,0,0,0,0,0,0,0,0,0,0,0,0,0,0,0,0,0,0,0,0,2026-08-28 13:27:52.317449+00,2026-08-28 13:27:52.317449+00
16410,16412,t,-5986735337596896367,"INSERT INTO RES_REL_EKEY(RES_REL_ID,RES_ENT_ID,REL_ENT_ID) VALUES ($1,$2,$3),($4,$5,$6),($7,$8,$9),($10,$11,$12),($13,$14,$15),($16,$17,$18),($19,$20,$21),($22,$23,$24),($25,$26,$27),($28,$29,$30),($31,$32,$33),($34,$35,$36),($37,$38,$39),($40,$41,$42),($43,$44,$45),($46,$47,$48),($49,$50,$51),($52,$53,$54),($55,$56,$57),($58,$59,$60),($61,$62,$63),($64,$65,$66),($67,$68,$69) ON CONFLICT DO NOTHING",0,0,0,0,0,0,65,172.8345970000001,0.279119,60.109055000000005,2.6589938000000015,9.081858745552585,1495,12064,0,0,7,0,0,0,0,0,0,0,0.9287230000000001,0,0,0,0,0,0,0,0,0,0,0,0,0,0,0,0,0,2026-08-28 13:33:20.45707+00,2026-08-28 13:33:20.45707+00
16410,16412,t,-6461176314487246647,"SELECT RES_ENT_ID,LIB_FEAT_ID,FTYPE_ID,UTYPE_CODE,SUPPRESSED,OBS_ENT_CNT FROM RES_FEAT_EKEY WHERE RES_ENT_ID IN ($1,$2,$3,$4,$5,$6,$7,$8,$9,$10,$11,$12,$13,$14,$15,$16,$17,$18,$19,$20,$21,$22,$23,$24,$25,$26,$27,$28,$29,$30,$31,$32) AND FTYPE_ID IN ($33,$34,$35,$36,$37,$38,$39,$40,$41,$42,$43,$44,$45,$46,$47,$48,$49)",0,0,0,0,0,0,1798,16221.198035999998,0.576515,191.923924,9.021800909899888,14.495992101145312,17110980,347897,0,0,0,0,0,0,0,0,0,0,0,0,0,0,0,0,0,0,0,0,0,0,0,0,0,0,0,0,2026-08-28 13:27:27.225714+00,2026-08-28 13:27:27.225714+00
16410,16412,t,2788628345494468800,"SELECT CODE_TYPE,CODE,CODE_ID FROM SYS_CODES_USED WHERE CODE_TYPE=$1",0,0,0,0,0,0,262,6.608813999999998,0.002334,0.079168,0.025224480916030526,0.01803309482287656,4825,988,0,0,0,0,0,0,0,0,0,0,0,0,0,0,0,0,0,0,0,0,0,0,0,0,0,0,0,0,2026-08-28 11:53:35.079412+00,2026-08-28 11:53:35.079412+00
16410,16412,t,4778620692683124822,"SELECT RES_ENT_ID,LIB_FEAT_ID,FTYPE_ID,UTYPE_CODE,SUPPRESSED,OBS_ENT_CNT FROM RES_FEAT_EKEY WHERE RES_ENT_ID IN ($1,$2,$3,$4,$5,$6,$7,$8,$9,$10,$11,$12,$13,$14,$15,$16,$17,$18,$19,$20,$21,$22,$23,$24,$25,$26,$27,$28,$29,$30,$31,$32,$33,$34,$35,$36,$37,$38,$39,$40,$41,$42,$43,$44,$45,$46,$47,$48,$49,$50,$51,$52,$53,$54,$55,$56,$57,$58,$59,$60,$61,$62,$63,$64) AND FTYPE_ID IN ($65,$66,$67,$68,$69,$70,$71,$72,$73,$74,$75)",0,0,0,0,0,0,663,9509.693377999987,0.968522,111.983833,14.343428926093495,13.506814801721552,6699794,305078,0,0,0,0,0,0,0,0,0,0,0,0,0,0,0,0,0,0,0,0,0,0,0,0,0,0,0,0,2026-08-28 13:27:27.64504+00,2026-08-28 13:27:27.64504+00
10,16384,t,3920666717222027338,"MOVE ALL IN ""query-cursor_154""",0,0,0,0,0,0,1,4.693497,4.693497,4.693497,4.693497,0,0,0,0,0,0,0,0,0,0,0,0,0,0,0,0,0,0,0,0,0,0,0,0,0,0,0,0,0,0,0,2026-08-28 14:27:28.14092+00,2026-08-28 14:27:28.14092+00
10,16384,t,3352100097708546938,"FETCH 0 IN ""query-cursor_162""",0,0,0,0,0,0,1,0.003681,0.003681,0.003681,0.003681,0,0,0,0,0,0,0,0,0,0,0,0,0,0,0,0,0,0,0,0,0,0,0,0,0,0,0,0,0,0,0,2026-08-28 14:35:28.136784+00,2026-08-28 14:35:28.136784+00
10,5,t,4743708967602125791,"SELECT COUNT(*)
RELS
,(MAX(RELPAGES::bigint) FILTER (WHERE RELKIND IN ($1,$2,$3,$4) AND RELNAMESPACE<>$5::REGNAMESPACE))*$6
LARGEST_TABLE_BYTES
,(MAX(RELTUPLES::bigint) FILTER (WHERE RELKIND IN ($7,$8,$9,$10) AND RELNAMESPACE<>$11::REGNAMESPACE))
LARGEST_TABLE_TUPLES
,(MAX(RELPAGES::bigint) FILTER (WHERE RELKIND IN ($12,$13) AND RELNAMESPACE<>$14::REGNAMESPACE))*$15
LARGEST_INDEX_BYTES
,(MAX(RELTUPLES::bigint) FILTER (WHERE RELKIND IN ($16,$17) AND RELNAMESPACE<>$18::REGNAMESPACE))
LARGEST_INDEX_TUPLES
,(MAX(RELPAGES::bigint) FILTER (WHERE RELKIND IN ($19,$20,$21,$22) AND RELNAMESPACE=$23::REGNAMESPACE))*$24
LARGEST_CATALOG_TABLE_BYTES
,(MAX(RELTUPLES::bigint) FILTER (WHERE RELKIND IN ($25,$26,$27,$28) AND RELNAMESPACE=$29::REGNAMESPACE))
LARGEST_CATALOG_TABLE_TUPLES
,(MAX(RELPAGES::bigint) FILTER (WHERE RELKIND IN ($30,$31) AND RELNAMESPACE=$32::REGNAMESPACE))*$33
LARGEST_CATALOG_INDEX_BYTES
,(MAX(RELTUPLES::bigint) FILTER (WHERE RELKIND IN ($34,$35) AND RELNAMESPACE=$36::REGNAMESPACE))
LARGEST_CATALOG_INDEX_TUPLES
FROM PG_CATALOG.PG_CLASS",0,0,0,0,0,0,1,0.157768,0.157768,0.157768,0.157768,0,1,14,0,0,0,0,0,0,0,0,0,0,0,0,0,0,0,0,0,0,0,0,0,0,0,0,0,0,0,0,2026-08-28 12:45:00.222433+00,2026-08-28 12:45:00.222433+00
16410,16412,t,-721337239345344863,"SELECT RES_ENT_ID,LIB_FEAT_ID,FTYPE_ID,UTYPE_CODE,SUPPRESSED,OBS_ENT_CNT FROM RES_FEAT_EKEY WHERE RES_ENT_ID IN ($1,$2,$3,$4,$5,$6,$7,$8,$9,$10,$11,$12,$13,$14,$15,$16,$17,$18,$19,$20,$21,$22,$23,$24,$25,$26,$27,$28,$29,$30,$31,$32,$33,$34,$35,$36,$37,$38,$39,$40,$41,$42,$43,$44,$45,$46,$47,$48,$49,$50,$51,$52,$53,$54,$55,$56,$57,$58,$59,$60,$61,$62,$63,$64) AND FTYPE_ID IN ($65,$66,$67,$68,$69,$70,$71,$72,$73,$74,$75,$76,$77,$78,$79,$80,$81,$82,$83,$84,$85,$86,$87,$88,$89,$90)",0,0,0,0,0,0,7,308.58522899999997,14.068495,88.731416,44.08360414285714,28.68708122940102,369136,5015,0,0,0,0,0,0,0,0,0,0,0,0,0,0,0,0,0,0,0,0,0,0,0,0,0,0,0,0,2026-08-28 13:29:03.685369+00,2026-08-28 13:29:03.685369+00
10,16384,t,-7032626330395637981,show shared_volume_mode,0,0,0,0,0,0,1,0.006781,0.006781,0.006781,0.006781,0,0,0,0,0,0,0,0,0,0,0,0,0,0,0,0,0,0,0,0,0,0,0,0,0,0,0,0,0,0,0,2026-08-28 11:48:11.425972+00,2026-08-28 11:48:11.425972+00
16410,16412,t,1118102651437641568,"SELECT RES_ENT_ID,OBS_ENT_ID,ERRULE_ID FROM RES_ENT_OKEY WHERE RES_ENT_ID IN ($1)",0,0,0,0,0,0,1196329,16990.163839000612,0.002925,34.632836,0.014201915893538159,0.10019832789041953,1209860,4784078,0,0,0,0,0,0,0,0,0,0,0,0,0,0,0,0,0,0,0,0,0,0,0,0,0,0,0,0,2026-08-28 13:27:25.680716+00,2026-08-28 13:27:25.680716+00
16410,16412,t,3180470852371155106,SELECT CACHE_SIZE FROM SYS_SEQUENCE WHERE SEQUENCE_NAME = $1,0,0,0,0,0,0,392,9.699897,0.006767,0.09498000000000001,0.02474463520408163,0.01105523465063946,392,859,0,0,0,0,0,0,0,0,0,0,0,0,0,0,0,0,0,0,0,0,0,0,0,0,0,0,0,0,2026-08-28 13:27:22.09529+00,2026-08-28 13:27:22.09529+00
10,16384,t,-1093115628509659699,"FETCH 50 IN ""query-cursor_115""",0,0,0,0,0,0,29,0.12271500000000003,0.00293,0.006607,0.004231551724137932,0.0010562821784107037,1450,0,0,0,0,0,0,0,0,0,0,0,0,0,0,0,0,0,0,0,0,0,0,0,0,0,0,0,0,0,2026-08-28 13:48:28.137572+00,2026-08-28 13:48:28.137572+00
10,16384,t,-9046230935036037854,"FETCH 31 IN ""query-cursor_9""",0,0,0,0,0,0,1,0.002743,0.002743,0.002743,0.002743,0,31,0,0,0,0,0,0,0,0,0,0,0,0,0,0,0,0,0,0,0,0,0,0,0,0,0,0,0,0,0,2026-08-28 11:57:28.127017+00,2026-08-28 11:57:28.127017+00
10,16384,t,-3499896496423172307,"MOVE -374 IN ""query-cursor_41""",0,0,0,0,0,0,1,0.009415,0.009415,0.009415,0.009415,0,0,0,0,0,0,0,0,0,0,0,0,0,0,0,0,0,0,0,0,0,0,0,0,0,0,0,0,0,0,0,2026-08-28 12:29:28.128972+00,2026-08-28 12:29:28.128972+00
10,16384,t,8373358163669016043,"FETCH 50 IN ""query-cursor_38""",0,0,0,0,0,0,7,0.023281,0.002818,0.005304,0.003325857142857143,0.0008407731864304476,350,0,0,0,0,0,0,0,0,0,0,0,0,0,0,0,0,0,0,0,0,0,0,0,0,0,0,0,0,0,2026-08-28 12:26:28.12876+00,2026-08-28 12:26:28.12876+00
10,16384,t,7907160407996923235,"FETCH 50 IN ""query-cursor_32""",0,0,0,0,0,0,6,0.020324000000000002,0.002895,0.004995,0.0033873333333333338,0.0007408694591866749,300,0,0,0,0,0,0,0,0,0,0,0,0,0,0,0,0,0,0,0,0,0,0,0,0,0,0,0,0,0,2026-08-28 12:20:28.128145+00,2026-08-28 12:20:28.128145+00
10,16384,t,-1317227696660859738,"FETCH 0 IN ""query-cursor_154""",0,0,0,0,0,0,1,0.004026,0.004026,0.004026,0.004026,0,0,0,0,0,0,0,0,0,0,0,0,0,0,0,0,0,0,0,0,0,0,0,0,0,0,0,0,0,0,0,2026-08-28 14:27:28.135999+00,2026-08-28 14:27:28.135999+00
10,16384,t,7471684123155172612,"FETCH 50 IN ""query-cursor_86""",0,0,0,0,0,0,13,0.041186,0.002695,0.005753,0.003168153846153846,0.0007679568143060218,650,0,0,0,0,0,0,0,0,0,0,0,0,0,0,0,0,0,0,0,0,0,0,0,0,0,0,0,0,0,2026-08-28 13:14:28.13285+00,2026-08-28 13:14:28.13285+00
10,16384,t,-677922492973750577,set session default_transaction_read_only = $1,0,0,0,0,0,0,1,0.004274,0.004274,0.004274,0.004274,0,0,0,0,0,0,0,0,0,0,0,0,0,0,0,0,0,0,0,0,0,0,0,0,0,0,0,0,0,0,0,2026-08-28 11:50:18.016526+00,2026-08-28 11:50:18.016526+00
10,16384,t,-750649927524930222,"FETCH 0 IN ""query-cursor_71""",0,0,0,0,0,0,1,0.003712,0.003712,0.003712,0.003712,0,0,0,0,0,0,0,0,0,0,0,0,0,0,0,0,0,0,0,0,0,0,0,0,0,0,0,0,0,0,0,2026-08-28 12:59:28.130246+00,2026-08-28 12:59:28.130246+00
10,16384,t,-7032599597860184240,"FETCH 50 IN ""query-cursor_139""",0,0,0,0,0,0,32,0.12362800000000003,0.00278,0.006699,0.003863375000000001,0.0009783004634952392,1600,0,0,0,0,0,0,0,0,0,0,0,0,0,0,0,0,0,0,0,0,0,0,0,0,0,0,0,0,0,2026-08-28 14:12:28.140013+00,2026-08-28 14:12:28.140013+00
10,16384,t,489863746884295906,"MOVE -278 IN ""query-cursor_25""",0,0,0,0,0,0,1,0.008323,0.008323,0.008323,0.008323,0,0,0,0,0,0,0,0,0,0,0,0,0,0,0,0,0,0,0,0,0,0,0,0,0,0,0,0,0,0,0,2026-08-28 12:13:28.127664+00,2026-08-28 12:13:28.127664+00
10,16384,t,2170053540447140598,"DECLARE ""query-cursor_3"" SCROLL CURSOR FOR select queryid, left(query, $1), calls, (total_plan_time + total_exec_time) as total_time from aurora_stat_statements($2) order by calls desc limit $3 FOR READ ONLY",0,0,0,0,0,0,1,0.0667,0.0667,0.0667,0.0667,0,0,0,0,0,0,0,0,0,0,0,0,0,0,0,0,0,0,0,0,0,0,0,0,0,0,0,0,0,0,0,2026-08-28 11:51:28.125389+00,2026-08-28 11:51:28.125389+00
10,16384,t,1165934237649822144,"FETCH 31 IN ""query-cursor_97""",0,0,0,0,0,0,1,0.002661,0.002661,0.002661,0.002661,0,31,0,0,0,0,0,0,0,0,0,0,0,0,0,0,0,0,0,0,0,0,0,0,0,0,0,0,0,0,0,2026-08-28 13:25:28.136114+00,2026-08-28 13:25:28.136114+00
10,16384,t,3903068690464200271,"FETCH 37 IN ""query-cursor_133""",0,0,0,0,0,0,1,0.003587,0.003587,0.003587,0.003587,0,37,0,0,0,0,0,0,0,0,0,0,0,0,0,0,0,0,0,0,0,0,0,0,0,0,0,0,0,0,0,2026-08-28 14:06:28.150133+00,2026-08-28 14:06:28.150133+00
10,16384,t,4131513245157168157,"MOVE -1588 IN ""query-cursor_133""",0,0,0,0,0,0,1,0.030384,0.030384,0.030384,0.030384,0,0,0,0,0,0,0,0,0,0,0,0,0,0,0,0,0,0,0,0,0,0,0,0,0,0,0,0,0,0,0,2026-08-28 14:06:28.139195+00,2026-08-28 14:06:28.139195+00
16410,16412,t,-3790189356219649695,"SELECT RES_ENT_ID,LIB_FEAT_ID,FTYPE_ID,UTYPE_CODE,SUPPRESSED,OBS_ENT_CNT FROM RES_FEAT_EKEY WHERE RES_ENT_ID IN ($1,$2,$3,$4)",0,0,0,0,0,0,32880,8754.61424599995,0.025748,95.72561,0.2662595573600958,1.6039574451707892,6458738,543278,0,0,0,0,0,0,0,0,0,0,0,0,0,0,0,0,0,0,0,0,0,0,0,0,0,0,0,0,2026-08-28 13:27:26.014774+00,2026-08-28 13:27:26.014774+00
16410,16412,t,4033788947482109185,"INSERT INTO LIB_FEAT(LIB_FEAT_ID,FTYPE_ID,FEAT_HASH,FEAT_DESC,FELEM_VALUES,ANONYMIZED,VERSION) VALUES ($1,$2,$3,$4,$5,$6,$7),($8,$9,$10,$11,$12,$13,$14) ON CONFLICT(FTYPE_ID,FEAT_HASH,ANONYMIZED) DO UPDATE SET FTYPE_ID=LIB_FEAT.FTYPE_ID,FEAT_HASH=LIB_FEAT.FEAT_HASH,ANONYMIZED=LIB_FEAT.ANONYMIZED RETURNING LIB_FEAT_ID,FTYPE_ID,FEAT_HASH,ANONYMIZED,FEAT_DESC",0,0,0,0,0,0,43459,602295.9813389994,0.057413,1129.966247,13.858947084355355,47.18196976253085,86918,1801948,0,0,38826,0,0,0,0,0,0,0,731.9574690000009,0,0,0,0,0,0,0,0,0,0,0,0,0,0,0,0,0,2026-08-28 13:27:22.596083+00,2026-08-28 13:27:22.596083+00
16410,16412,t,2730381009565679184,"SELECT RES_ENT_ID,LIB_FEAT_ID,FTYPE_ID,UTYPE_CODE,SUPPRESSED,OBS_ENT_CNT FROM RES_FEAT_EKEY WHERE RES_ENT_ID IN ($1) AND FTYPE_ID IN ($2,$3,$4,$5,$6,$7,$8,$9,$10,$11,$12,$13,$14,$15,$16,$17,$18)",0,0,0,0,0,0,1112,187.3082409999995,0.015231999999999999,46.171134,0.16844266276978373,1.4194620473258943,157674,6304,0,0,0,0,0,0,0,0,0,0,0,0,0,0,0,0,0,0,0,0,0,0,0,0,0,0,0,0,2026-08-28 13:27:22.588208+00,2026-08-28 13:27:22.588208+00
10,16384,t,1334948016509641398,"MOVE -544 IN ""query-cursor_66""",0,0,0,0,0,0,1,0.012013,0.012013,0.012013,0.012013,0,0,0,0,0,0,0,0,0,0,0,0,0,0,0,0,0,0,0,0,0,0,0,0,0,0,0,0,0,0,0,2026-08-28 12:54:28.131155+00,2026-08-28 12:54:28.131155+00
16410,16412,t,-858059991731098699,"SELECT OBS_ENT_ID,LOCKING_ID FROM OBS_ENT WHERE OBS_ENT_ID IN ($1,$2,$3,$4,$5,$6,$7,$8,$9,$10,$11,$12,$13,$14,$15,$16,$17,$18,$19,$20,$21,$22,$23,$24,$25,$26,$27,$28,$29,$30,$31,$32)",0,0,0,0,0,0,3,0.426963,0.106575,0.20112,0.142321,0.041898845354019006,75,373,0,0,0,0,0,0,0,0,0,0,0,0,0,0,0,0,0,0,0,0,0,0,0,0,0,0,0,0,2026-08-28 13:36:27.793801+00,2026-08-28 13:36:27.793801+00
10,16384,t,75967644630726412,"DECLARE ""query-cursor_166"" SCROLL CURSOR FOR select queryid, left(query, $1), calls, (total_plan_time + total_exec_time) as total_time from aurora_stat_statements($2) order by calls desc limit $3 FOR READ ONLY",0,0,0,0,0,0,1,0.067414,0.067414,0.067414,0.067414,0,0,0,0,0,0,0,0,0,0,0,0,0,0,0,0,0,0,0,0,0,0,0,0,0,0,0,0,0,0,0,2026-08-28 14:39:28.137102+00,2026-08-28 14:39:28.137102+00
16410,16412,t,6866519821752473557,"SELECT RES_ENT_ID,LIB_FEAT_ID,FTYPE_ID,UTYPE_CODE,SUPPRESSED,OBS_ENT_CNT FROM RES_FEAT_EKEY WHERE RES_ENT_ID IN ($1) AND FTYPE_ID IN ($2,$3,$4,$5,$6,$7,$8,$9,$10,$11,$12)",0,0,0,0,0,0,7712,636.1443649999982,0.015235,15.550512000000001,0.08248759919605786,0.40835810621816937,247772,36983,0,0,0,0,0,0,0,0,0,0,0,0,0,0,0,0,0,0,0,0,0,0,0,0,0,0,0,0,2026-08-28 13:27:23.218627+00,2026-08-28 13:27:23.218627+00
10,16384,t,-986787283634964209,"FETCH 0 IN ""query-cursor_92""",0,0,0,0,0,0,1,0.003657,0.003657,0.003657,0.003657,0,0,0,0,0,0,0,0,0,0,0,0,0,0,0,0,0,0,0,0,0,0,0,0,0,0,0,0,0,0,0,2026-08-28 13:20:28.131697+00,2026-08-28 13:20:28.131697+00
16410,16412,t,4133089191529234506,"DELETE FROM RES_RELATE WHERE RES_REL_ID IN ($1,$2,$3,$4,$5,$6,$7,$8,$9,$10,$11,$12,$13,$14,$15,$16)",0,0,0,0,0,0,332,367.5243319999999,0.041353,15.269941000000001,1.1070009999999997,3.2581516700901574,3539,12948,0,0,0,0,0,0,0,0,0,0,0,0,0,0,0,0,0,0,0,0,0,0,0,0,0,0,0,0,2026-08-28 13:27:42.299062+00,2026-08-28 13:27:42.299062+00
10,16384,t,4728342748308217327,"FETCH 50 IN ""query-cursor_158""",0,0,0,0,0,0,34,0.14504299999999998,0.003127,0.007077,0.004265970588235294,0.000992607543004316,1700,0,0,0,0,0,0,0,0,0,0,0,0,0,0,0,0,0,0,0,0,0,0,0,0,0,0,0,0,0,2026-08-28 14:31:28.141314+00,2026-08-28 14:31:28.141314+00
16410,16412,t,-3391612307255970776,"SELECT count(*) AS active_client_backends
FROM pg_stat_activity
WHERE datname = current_database()
  AND state = $1
  AND backend_type = $2
  AND pid <> pg_backend_pid()",0,0,0,0,0,0,1,4.511979,4.511979,4.511979,4.511979,0,1,1,0,0,0,0,0,0,0,0,0,0,0,0,0,0,0,0,0,0,0,0,0,0,0,0,0,0,0,0,2026-08-28 14:43:22.103845+00,2026-08-28 14:43:22.103845+00
16410,16412,t,-6271429556051864518,"SELECT RES_ENT_ID,LIB_FEAT_ID,FTYPE_ID,UTYPE_CODE,SUPPRESSED,OBS_ENT_CNT FROM RES_FEAT_EKEY WHERE RES_ENT_ID IN ($1,$2) AND FTYPE_ID IN ($3,$4,$5,$6,$7,$8,$9,$10,$11,$12,$13,$14,$15,$16,$17,$18,$19,$20,$21,$22,$23,$24)",0,0,0,0,0,0,20,4.908125000000001,0.047901,1.2785520000000001,0.24540625000000005,0.2903685633879596,8014,263,0,0,0,0,0,0,0,0,0,0,0,0,0,0,0,0,0,0,0,0,0,0,0,0,0,0,0,0,2026-08-28 13:27:26.268846+00,2026-08-28 13:27:26.268846+00
10,16384,t,1873821229809098263,"FETCH 50 IN ""query-cursor_30""",0,0,0,0,0,0,6,0.020574,0.002787,0.005101,0.0034289999999999998,0.0007784120588308824,300,0,0,0,0,0,0,0,0,0,0,0,0,0,0,0,0,0,0,0,0,0,0,0,0,0,0,0,0,0,2026-08-28 12:18:28.127996+00,2026-08-28 12:18:28.127996+00
16410,16412,t,-8344818468155698179,"SELECT RES_ENT_ID,LIB_FEAT_ID,FTYPE_ID,UTYPE_CODE,SUPPRESSED,OBS_ENT_CNT FROM RES_FEAT_EKEY WHERE RES_ENT_ID IN ($1,$2,$3,$4,$5,$6,$7,$8,$9,$10,$11,$12,$13,$14,$15,$16,$17,$18,$19,$20,$21,$22,$23,$24,$25,$26,$27,$28,$29,$30,$31,$32) AND FTYPE_ID IN ($33,$34,$35,$36,$37,$38,$39,$40,$41,$42,$43,$44,$45,$46,$47,$48,$49,$50)",0,0,0,0,0,0,1702,20712.100350999972,0.594979,408.495654,12.169271651586353,22.705437274581072,21702198,391156,0,0,0,0,0,0,0,0,0,0,0,0,0,0,0,0,0,0,0,0,0,0,0,0,0,0,0,0,2026-08-28 13:27:27.677173+00,2026-08-28 13:27:27.677173+00
16410,16412,t,5260920821640913199,"COPY  ( SELECT match_key, count ( * ) FROM res_relate GROUP BY match_key ORDER BY 2 DESC ) TO STDOUT WITH CSV HEADER",0,0,0,0,0,0,1,531.597024,531.597024,531.597024,531.597024,0,1939,47387,0,0,0,0,0,0,0,5223,5227,0,0,0,0,7.829069,21.061322,0,0,0,0,0,0,0,0,0,0,0,0,0,2026-08-28 14:44:02.995926+00,2026-08-28 14:44:02.995926+00
10,16384,t,4326887781967891536,"FETCH 50 IN ""query-cursor_159""",0,0,0,0,0,0,34,0.177239,0.003442,0.008771,0.005212911764705883,0.00120462806970956,1700,0,0,0,0,0,0,0,0,0,0,0,0,0,0,0,0,0,0,0,0,0,0,0,0,0,0,0,0,0,2026-08-28 14:32:28.141625+00,2026-08-28 14:32:28.141625+00
16410,16412,t,2182108384566122011,"SELECT LIB_FEAT_ID FROM SEMANTIC_VALUE WHERE LIB_FEAT_ID IN ($1,$2)",0,0,0,0,0,0,387,8.937383999999996,0.012904,0.072505,0.02309401550387596,0.008695282227613284,774,3118,0,0,0,0,0,0,0,0,0,0,0,0,0,0,0,0,0,0,0,0,0,0,0,0,0,0,0,0,2026-08-28 13:28:33.296304+00,2026-08-28 13:28:33.296304+00
16410,16412,t,-5990742406046593525,"SELECT RES_ENT_ID,LIB_FEAT_ID,FTYPE_ID,UTYPE_CODE,SUPPRESSED,OBS_ENT_CNT FROM RES_FEAT_EKEY WHERE RES_ENT_ID IN ($1) AND FTYPE_ID IN ($2,$3,$4,$5,$6,$7,$8,$9,$10,$11,$12,$13,$14,$15,$16,$17,$18,$19,$20,$21,$22,$23,$24,$25,$26,$27,$28,$29,$30,$31,$32,$33,$34,$35,$36,$37,$38,$39,$40,$41,$42,$43,$44,$45,$46,$47,$48,$49,$50,$51,$52,$53,$54,$55,$56,$57)",0,0,0,0,0,0,21,1.104776,0.0059050000000000005,0.2404,0.05260838095238095,0.05449382701648412,76,134,0,0,0,0,0,0,0,0,0,0,0,0,0,0,0,0,0,0,0,0,0,0,0,0,0,0,0,0,2026-08-28 13:28:02.624842+00,2026-08-28 13:28:02.624842+00
10,16384,t,-7094772629701405771,"FETCH 0 IN ""query-cursor_79""",0,0,0,0,0,0,1,0.004228,0.004228,0.004228,0.004228,0,0,0,0,0,0,0,0,0,0,0,0,0,0,0,0,0,0,0,0,0,0,0,0,0,0,0,0,0,0,0,2026-08-28 13:07:28.130769+00,2026-08-28 13:07:28.130769+00
16410,16412,t,-6760394558378527688,"INSERT INTO RES_FEAT_STAT(LIB_FEAT_ID,FTYPE_ID,NUM_RES_ENT,NUM_RES_ENT_OOM) VALUES ($1,$2,$3,$4),($5,$6,$7,$8),($9,$10,$11,$12),($13,$14,$15,$16) ON CONFLICT DO NOTHING",0,0,0,0,0,0,35384,35271.791107999925,0.043933,274.766813,0.9968288239882411,4.713919843588916,141513,1283421,0,0,1110,0,0,0,0,0,0,0,26.694373000000013,0,0,0,0,0,0,0,0,0,0,0,0,0,0,0,0,0,2026-08-28 13:27:22.203144+00,2026-08-28 13:27:22.203144+00
10,16384,t,-1865305802792693234,"SELECT name, setting FROM pg_settings WHERE name in ($1,$2,$3,$4,$5,$6,$7,$8,$9,$10,$11)",0,0,0,0,0,0,3,4.2122980000000005,1.239022,1.514547,1.4040993333333336,0.1189308111644002,30,0,0,0,0,0,0,0,0,0,0,0,0,0,0,0,0,0,0,0,0,0,0,0,0,0,0,0,0,0,2026-08-28 11:48:40.048777+00,2026-08-28 11:48:40.048777+00
10,5,t,1623369012368112450,SET application_name = $1,0,0,0,0,0,0,3,0.043012,0.011733,0.015998,0.014337333333333334,0.00186466017160113,0,0,0,0,0,0,0,0,0,0,0,0,0,0,0,0,0,0,0,0,0,0,0,0,0,0,0,0,0,0,2026-08-28 12:45:00.135719+00,2026-08-28 12:45:00.135719+00
16410,16412,t,7637424300150708939,"SELECT DSRC_ID,RECORD_ID,ENT_SRC_KEY FROM DSRC_RECORD WHERE (DSRC_ID,ENT_SRC_KEY) IN (($1,$2),($3,$4),($5,$6),($7,$8),($9,$10),($11,$12),($13,$14),($15,$16),($17,$18),($19,$20),($21,$22),($23,$24),($25,$26),($27,$28),($29,$30),($31,$32))",0,0,0,0,0,0,8,1.5330730000000001,0.14920999999999998,0.27236099999999996,0.19163412500000002,0.037132621687128074,72,456,0,0,0,0,0,0,0,0,0,0,0,0,0,0,0,0,0,0,0,0,0,0,0,0,0,0,0,0,2026-08-28 13:47:32.093168+00,2026-08-28 13:47:32.093168+00
10,16384,t,-7197751574031767970,"FETCH 50 IN ""query-cursor_142""",0,0,0,0,0,0,32,0.128174,0.002828,0.006622,0.0040054375,0.0010618032108605394,1600,0,0,0,0,0,0,0,0,0,0,0,0,0,0,0,0,0,0,0,0,0,0,0,0,0,0,0,0,0,2026-08-28 14:15:28.139868+00,2026-08-28 14:15:28.139868+00
16410,16412,t,-6974979740237010680,"UPDATE RES_FEAT_EKEY AS T SET SUPPRESSED=C.SUPPRESSED,OBS_ENT_CNT=C.OBS_ENT_CNT FROM (VALUES (CAST ($1 AS BIGINT),CAST ($2 AS BIGINT),$3,$4,CAST ($5 AS BIGINT)),(CAST ($6 AS BIGINT),CAST ($7 AS BIGINT),$8,$9,CAST ($10 AS BIGINT)),(CAST ($11 AS BIGINT),CAST ($12 AS BIGINT),$13,$14,CAST ($15 AS BIGINT)),(CAST ($16 AS BIGINT),CAST ($17 AS BIGINT),$18,$19,CAST ($20 AS BIGINT)),(CAST ($21 AS BIGINT),CAST ($22 AS BIGINT),$23,$24,CAST ($25 AS BIGINT)),(CAST ($26 AS BIGINT),CAST ($27 AS BIGINT),$28,$29,CAST ($30 AS BIGINT)),(CAST ($31 AS BIGINT),CAST ($32 AS BIGINT),$33,$34,CAST ($35 AS BIGINT)),(CAST ($36 AS BIGINT),CAST ($37 AS BIGINT),$38,$39,CAST ($40 AS BIGINT)),(CAST ($41 AS BIGINT),CAST ($42 AS BIGINT),$43,$44,CAST ($45 AS BIGINT)),(CAST ($46 AS BIGINT),CAST ($47 AS BIGINT),$48,$49,CAST ($50 AS BIGINT)),(CAST ($51 AS BIGINT),CAST ($52 AS BIGINT),$53,$54,CAST ($55 AS BIGINT)),(CAST ($56 AS BIGINT),CAST ($57 AS BIGINT),$58,$59,CAST ($60 AS BIGINT)),(CAST ($61 AS BIGINT),CAST ($62 AS BIGINT),$63,$64,CAST ($65 AS BIGINT)),(CAST ($66 AS BIGINT),CAST ($67 AS BIGINT),$68,$69,CAST ($70 AS BIGINT))) AS C(RES_ENT_ID,LIB_FEAT_ID,UTYPE_CODE,SUPPRESSED,OBS_ENT_CNT) WHERE C.RES_ENT_ID=T.RES_ENT_ID AND C.LIB_FEAT_ID=T.LIB_FEAT_ID AND C.UTYPE_CODE=T.UTYPE_CODE",0,0,0,0,0,0,154,1146.5499690000004,0.18007900000000002,79.072996,7.445129668831171,15.953871786171124,2156,29448,0,0,8,0,0,0,0,0,0,0,0.08379199999999999,0,0,0,0,0,0,0,0,0,0,0,0,0,0,0,0,0,2026-08-28 13:27:43.986377+00,2026-08-28 13:27:43.986377+00
16410,16412,t,-3937317982024504754,"SELECT RES_ENT_ID,LIB_FEAT_ID,FTYPE_ID,UTYPE_CODE,SUPPRESSED,OBS_ENT_CNT FROM RES_FEAT_EKEY WHERE RES_ENT_ID IN ($1,$2,$3,$4,$5,$6,$7,$8,$9,$10,$11,$12,$13,$14,$15,$16,$17,$18,$19,$20,$21,$22,$23,$24,$25,$26,$27,$28,$29,$30,$31,$32,$33,$34,$35,$36,$37,$38,$39,$40,$41,$42,$43,$44,$45,$46,$47,$48,$49,$50,$51,$52,$53,$54,$55,$56,$57,$58,$59,$60,$61,$62,$63,$64,$65,$66,$67,$68,$69,$70,$71,$72,$73,$74,$75,$76,$77,$78,$79,$80,$81,$82,$83,$84,$85,$86,$87,$88,$89,$90,$91,$92,$93) AND FTYPE_ID IN ($94,$95,$96,$97,$98,$99,$100)",0,0,0,0,0,0,77,640.4277509999998,1.554183,69.910716,8.317243519480517,13.637295674174583,157789,29883,0,0,0,0,0,0,0,0,0,0,0,0,0,0,0,0,0,0,0,0,0,0,0,0,0,0,0,0,2026-08-28 13:38:07.788554+00,2026-08-28 13:38:07.788554+00
10,16384,t,-3845441904912391542,"MOVE ALL IN ""query-cursor_87""",0,0,0,0,0,0,1,1.367591,1.367591,1.367591,1.367591,0,0,0,0,0,0,0,0,0,0,0,0,0,0,0,0,0,0,0,0,0,0,0,0,0,0,0,0,0,0,0,2026-08-28 13:15:28.132733+00,2026-08-28 13:15:28.132733+00
16410,16412,t,3118875543515475733,"SELECT
    now()                    AS at,
    relname,
    n_tup_ins                AS cum_ins,
    n_tup_del                AS cum_del,
    (n_tup_ins - n_tup_del)  AS est_net_depth,
    n_live_tup               AS est_live_tup,
    n_dead_tup               AS est_dead_tup
FROM pg_stat_user_tables
WHERE relname IN ($1,$2)
ORDER BY relname",0,0,0,0,0,0,1,0.163556,0.163556,0.163556,0.163556,0,2,19,0,0,0,0,0,0,0,0,0,0,0,0,0,0,0,0,0,0,0,0,0,0,0,0,0,0,0,0,2026-08-28 14:43:22.09674+00,2026-08-28 14:43:22.09674+00
16410,16412,t,-6640033646631039800,"SELECT DSRC_ID,RECORD_ID,ENT_SRC_KEY FROM DSRC_RECORD WHERE (DSRC_ID,ENT_SRC_KEY) IN (($1,$2),($3,$4))",0,0,0,0,0,0,13166,539.8797359999971,0.015803,8.979574000000001,0.041005600486100344,0.13183513661805216,26332,116616,0,0,0,0,0,0,0,0,0,0,0,0,0,0,0,0,0,0,0,0,0,0,0,0,0,0,0,0,2026-08-28 13:28:33.202641+00,2026-08-28 13:28:33.202641+00
10,16384,t,3785467728848150090,"MOVE -1014 IN ""query-cursor_99""",0,0,0,0,0,0,1,0.076535,0.076535,0.076535,0.076535,0,0,0,0,0,0,0,0,0,0,0,0,0,0,0,0,0,0,0,0,0,0,0,0,0,0,0,0,0,0,0,2026-08-28 13:27:28.407672+00,2026-08-28 13:27:28.407672+00
10,16384,t,-2187942698494618419,"FETCH 19 IN ""query-cursor_130""",0,0,0,0,0,0,1,0.002155,0.002155,0.002155,0.002155,0,19,0,0,0,0,0,0,0,0,0,0,0,0,0,0,0,0,0,0,0,0,0,0,0,0,0,0,0,0,0,2026-08-28 14:03:28.150596+00,2026-08-28 14:03:28.150596+00
10,16384,t,8904038573667808338,"FETCH 0 IN ""query-cursor_67""",0,0,0,0,0,0,1,0.004198,0.004198,0.004198,0.004198,0,0,0,0,0,0,0,0,0,0,0,0,0,0,0,0,0,0,0,0,0,0,0,0,0,0,0,0,0,0,0,2026-08-28 12:55:28.129946+00,2026-08-28 12:55:28.129946+00
10,16384,t,5088639928044245851,"FETCH 50 IN ""query-cursor_101""",0,0,0,0,0,0,25,0.11494299999999999,0.003034,0.009424,0.00459772,0.0013935844293045182,1250,0,0,0,0,0,0,0,0,0,0,0,0,0,0,0,0,0,0,0,0,0,0,0,0,0,0,0,0,0,2026-08-28 13:29:28.136161+00,2026-08-28 13:29:28.136161+00
16410,16412,t,6280443813855842108,"SELECT OBS_ENT_ID,RES_ENT_ID FROM RES_ENT_OKEY WHERE OBS_ENT_ID IN ($1,$2,$3,$4)",0,0,0,0,0,0,271,10.320287,0.01537,0.962095,0.038082239852398524,0.059255722527375904,837,3410,0,0,0,0,0,0,0,0,0,0,0,0,0,0,0,0,0,0,0,0,0,0,0,0,0,0,0,0,2026-08-28 13:27:57.017571+00,2026-08-28 13:27:57.017571+00
10,16384,t,1379578689135519645,select sum(xact_commit) from pg_stat_database,0,0,0,0,0,0,176,5.897758000000003,0.02239,0.092281,0.033509988636363654,0.012844895222770865,176,176,0,0,0,0,0,0,0,0,0,0,0,0,0,0,0,0,0,0,0,0,0,0,0,0,0,0,0,0,2026-08-28 11:48:37.93733+00,2026-08-28 11:48:37.93733+00
10,16384,t,-8995872546336985140,"FETCH 27 IN ""query-cursor_123""",0,0,0,0,0,0,1,0.003219,0.003219,0.003219,0.003219,0,27,0,0,0,0,0,0,0,0,0,0,0,0,0,0,0,0,0,0,0,0,0,0,0,0,0,0,0,0,0,2026-08-28 13:56:28.151897+00,2026-08-28 13:56:28.151897+00
10,16384,t,5814197236629669825,select count(distinct cast(transactionid as varchar)) as active_transactions from pg_locks where locktype = $1,0,0,0,0,0,0,170,734.739179,3.284641,66.740326,4.321995170588235,5.776443843388652,170,3,0,0,0,0,0,0,0,0,0,0,0,0,0,0,0,0,0,0,0,0,0,0,0,0,0,0,0,0,2026-08-28 11:49:27.672643+00,2026-08-28 11:49:27.672643+00
16410,16412,t,8318485662359132435,"UPDATE RES_RELATE AS T SET IS_DISCLOSED=C.IS_DISCLOSED,IS_AMBIGUOUS=C.IS_AMBIGUOUS,LAST_ERRULE_ID=C.LAST_ERRULE_ID,MATCH_KEY=C.MATCH_KEY,MATCH_KEY_DETAILS=C.MATCH_KEY_DETAILS,MATCH_LEVELS=C.MATCH_LEVELS FROM (VALUES (CAST ($1 AS BIGINT),CAST ($2 AS BIGINT),CAST ($3 AS BIGINT),CAST ($4 AS BIGINT),$5,$6,$7),(CAST ($8 AS BIGINT),CAST ($9 AS BIGINT),CAST ($10 AS BIGINT),CAST ($11 AS BIGINT),$12,$13,$14),(CAST ($15 AS BIGINT),CAST ($16 AS BIGINT),CAST ($17 AS BIGINT),CAST ($18 AS BIGINT),$19,$20,$21),(CAST ($22 AS BIGINT),CAST ($23 AS BIGINT),CAST ($24 AS BIGINT),CAST ($25 AS BIGINT),$26,$27,$28),(CAST ($29 AS BIGINT),CAST ($30 AS BIGINT),CAST ($31 AS BIGINT),CAST ($32 AS BIGINT),$33,$34,$35),(CAST ($36 AS BIGINT),CAST ($37 AS BIGINT),CAST ($38 AS BIGINT),CAST ($39 AS BIGINT),$40,$41,$42),(CAST ($43 AS BIGINT),CAST ($44 AS BIGINT),CAST ($45 AS BIGINT),CAST ($46 AS BIGINT),$47,$48,$49)) AS C(RES_REL_ID,IS_DISCLOSED,IS_AMBIGUOUS,LAST_ERRULE_ID,MATCH_KEY,MATCH_KEY_DETAILS,MATCH_LEVELS) WHERE C.RES_REL_ID=T.RES_REL_ID",0,0,0,0,0,0,612,1056.5171679999996,0.096577,41.902582,1.7263352418300648,5.480317098868627,4284,48659,0,0,351,0,0,0,0,0,0,0,18.944978999999993,0,0,0,0,0,0,0,0,0,0,0,0,0,0,0,0,0,2026-08-28 13:28:14.329464+00,2026-08-28 13:28:14.329464+00
10,16384,t,5876516787305269511,"DECLARE ""query-cursor_31"" SCROLL CURSOR FOR select queryid, left(query, $1), calls, (total_plan_time + total_exec_time) as total_time from aurora_stat_statements($2) order by calls desc limit $3 FOR READ ONLY",0,0,0,0,0,0,1,0.066202,0.066202,0.066202,0.066202,0,0,0,0,0,0,0,0,0,0,0,0,0,0,0,0,0,0,0,0,0,0,0,0,0,0,0,0,0,0,0,2026-08-28 12:19:28.127333+00,2026-08-28 12:19:28.127333+00
10,16384,t,-4812002952626931059,"FETCH 50 IN ""query-cursor_102""",0,0,0,0,0,0,25,0.11119199999999999,0.002866,0.014247,0.004447679999999999,0.002242982402427625,1250,0,0,0,0,0,0,0,0,0,0,0,0,0,0,0,0,0,0,0,0,0,0,0,0,0,0,0,0,0,2026-08-28 13:30:28.136783+00,2026-08-28 13:30:28.136783+00
10,16384,t,4446024370956673656,"FETCH 50 IN ""query-cursor_2""",0,0,0,0,0,0,1,0.005278,0.005278,0.005278,0.005278,0,50,0,0,0,0,0,0,0,0,0,0,0,0,0,0,0,0,0,0,0,0,0,0,0,0,0,0,0,0,0,2026-08-28 11:50:28.125649+00,2026-08-28 11:50:28.125649+00
16410,16412,t,-2653931184144399911,COPY  ( SELECT * FROM pg_stat_io WHERE reads <> 0 OR writes <> 0 OR extends <> 0 ) TO STDOUT WITH CSV HEADER,0,0,0,0,0,0,1,0.628198,0.628198,0.628198,0.628198,0,5,37,0,0,0,0,0,0,0,0,0,0,0,0,0,0,0,0,0,0,0,0,0,0,0,0,0,0,0,0,2026-08-28 14:44:02.997546+00,2026-08-28 14:44:02.997546+00
10,16384,t,5572566228115620751,"MOVE ALL IN ""query-cursor_153""",0,0,0,0,0,0,1,4.706595,4.706595,4.706595,4.706595,0,0,0,0,0,0,0,0,0,0,0,0,0,0,0,0,0,0,0,0,0,0,0,0,0,0,0,0,0,0,0,2026-08-28 14:26:28.140834+00,2026-08-28 14:26:28.140834+00
16410,16412,t,8711930844656255875,SELECT $2 FROM OBS_ENT C JOIN DSRC_RECORD D ON D.ENT_SRC_KEY=C.ENT_SRC_KEY AND D.DSRC_ID=C.DSRC_ID AND C.OBS_ENT_ID IN ($1) LIMIT $3,0,0,0,0,0,0,17830,889.7015510000076,0.011286000000000001,20.758357,0.04989913353897968,0.38506977608944026,17830,165296,0,0,0,0,0,0,0,0,0,0,0,0,0,0,0,0,0,0,0,0,0,0,0,0,0,0,0,0,2026-08-28 13:27:29.48637+00,2026-08-28 13:27:29.48637+00
10,16384,t,-1982078181218991043,"FETCH 50 IN ""query-cursor_162""",0,0,0,0,0,0,35,0.16126600000000005,0.003112,0.007107,0.004607600000000002,0.0010354940353004733,1750,0,0,0,0,0,0,0,0,0,0,0,0,0,0,0,0,0,0,0,0,0,0,0,0,0,0,0,0,0,2026-08-28 14:35:28.141704+00,2026-08-28 14:35:28.141704+00
10,16384,t,5614436234439998196,"FETCH 0 IN ""query-cursor_63""",0,0,0,0,0,0,1,0.00353,0.00353,0.00353,0.00353,0,0,0,0,0,0,0,0,0,0,0,0,0,0,0,0,0,0,0,0,0,0,0,0,0,0,0,0,0,0,0,2026-08-28 12:51:28.12957+00,2026-08-28 12:51:28.12957+00
10,16384,t,-4719971282972133095,"MOVE -1231 IN ""query-cursor_100""",0,0,0,0,0,0,1,0.02398,0.02398,0.02398,0.02398,0,0,0,0,0,0,0,0,0,0,0,0,0,0,0,0,0,0,0,0,0,0,0,0,0,0,0,0,0,0,0,2026-08-28 13:28:28.135808+00,2026-08-28 13:28:28.135808+00
10,16384,t,3091773651056805693,"FETCH 50 IN ""query-cursor_150""",0,0,0,0,0,0,33,0.148562,0.002976,0.007839,0.004501878787878788,0.0012082619312047081,1650,0,0,0,0,0,0,0,0,0,0,0,0,0,0,0,0,0,0,0,0,0,0,0,0,0,0,0,0,0,2026-08-28 14:23:28.141295+00,2026-08-28 14:23:28.141295+00
10,16384,t,543169652414253300,"DECLARE ""query-cursor_49"" SCROLL CURSOR FOR select queryid, left(query, $1), calls, (total_plan_time + total_exec_time) as total_time from aurora_stat_statements($2) order by calls desc limit $3 FOR READ ONLY",0,0,0,0,0,0,1,0.067415,0.067415,0.067415,0.067415,0,0,0,0,0,0,0,0,0,0,0,0,0,0,0,0,0,0,0,0,0,0,0,0,0,0,0,0,0,0,0,2026-08-28 12:37:28.128619+00,2026-08-28 12:37:28.128619+00
16410,16412,t,-2450466822198623333,"INSERT INTO RES_FEAT_STAT(LIB_FEAT_ID,FTYPE_ID,NUM_RES_ENT,NUM_RES_ENT_OOM) VALUES ($1,$2,$3,$4),($5,$6,$7,$8),($9,$10,$11,$12),($13,$14,$15,$16),($17,$18,$19,$20),($21,$22,$23,$24),($25,$26,$27,$28),($29,$30,$31,$32),($33,$34,$35,$36),($37,$38,$39,$40),($41,$42,$43,$44) ON CONFLICT DO NOTHING",0,0,0,0,0,0,43955,152167.8750169999,0.10374799999999999,581.68944,3.4619013767944464,14.667030693475942,483264,4042908,0,0,4965,0,0,0,0,0,0,0,291.6340430000004,0,0,0,0,0,0,0,0,0,0,0,0,0,0,0,0,0,2026-08-28 13:27:22.229196+00,2026-08-28 13:27:22.229196+00
16410,16412,t,6677170199661313477,SELECT DSRC_ID FROM DSRC_RECORD WHERE DSRC_ID=$1 AND RECORD_ID=$2,0,0,0,0,0,0,997276,92217.34184199979,0.0031709999999999998,72.375524,0.09246922801912388,1.138883195463515,1526,2972074,0,0,0,0,0,0,0,0,0,0,0,0,0,0,0,0,0,0,0,0,0,0,0,0,0,0,0,0,2026-08-28 13:27:22.092369+00,2026-08-28 13:27:22.092369+00
10,16384,t,-5745195942018076735,"FETCH 0 IN ""query-cursor_25""",0,0,0,0,0,0,1,0.003824,0.003824,0.003824,0.003824,0,0,0,0,0,0,0,0,0,0,0,0,0,0,0,0,0,0,0,0,0,0,0,0,0,0,0,0,0,0,0,2026-08-28 12:13:28.127012+00,2026-08-28 12:13:28.127012+00
16410,16412,t,901437096081388414,"SELECT RES_ENT_ID,LIB_FEAT_ID,FTYPE_ID,UTYPE_CODE,SUPPRESSED,OBS_ENT_CNT FROM RES_FEAT_EKEY WHERE RES_ENT_ID IN ($1,$2,$3,$4) AND FTYPE_ID IN ($5,$6,$7,$8,$9,$10,$11,$12,$13,$14,$15,$16,$17,$18,$19,$20,$21,$22,$23,$24)",0,0,0,0,0,0,159,117.21805199999996,0.055743,11.025329000000001,0.7372204528301884,1.6515525406933398,98908,3299,0,0,0,0,0,0,0,0,0,0,0,0,0,0,0,0,0,0,0,0,0,0,0,0,0,0,0,0,2026-08-28 13:27:24.277049+00,2026-08-28 13:27:24.277049+00
10,16384,t,6359831550302187663,"MOVE ALL IN ""query-cursor_85""",0,0,0,0,0,0,1,1.459324,1.459324,1.459324,1.459324,0,0,0,0,0,0,0,0,0,0,0,0,0,0,0,0,0,0,0,0,0,0,0,0,0,0,0,0,0,0,0,2026-08-28 13:13:28.132867+00,2026-08-28 13:13:28.132867+00
10,16384,t,5032465824973175111,"FETCH 0 IN ""query-cursor_48""",0,0,0,0,0,0,1,0.00397,0.00397,0.00397,0.00397,0,0,0,0,0,0,0,0,0,0,0,0,0,0,0,0,0,0,0,0,0,0,0,0,0,0,0,0,0,0,0,2026-08-28 12:36:28.128619+00,2026-08-28 12:36:28.128619+00
16410,16412,t,1120349075651177119,DELETE FROM RES_FEAT_EKEY WHERE ((RES_ENT_ID=$1 AND LIB_FEAT_ID=$2 AND UTYPE_CODE=$3)OR(RES_ENT_ID=$4 AND LIB_FEAT_ID=$5 AND UTYPE_CODE=$6)OR(RES_ENT_ID=$7 AND LIB_FEAT_ID=$8 AND UTYPE_CODE=$9)OR(RES_ENT_ID=$10 AND LIB_FEAT_ID=$11 AND UTYPE_CODE=$12)OR(RES_ENT_ID=$13 AND LIB_FEAT_ID=$14 AND UTYPE_CODE=$15)OR(RES_ENT_ID=$16 AND LIB_FEAT_ID=$17 AND UTYPE_CODE=$18)OR(RES_ENT_ID=$19 AND LIB_FEAT_ID=$20 AND UTYPE_CODE=$21)OR(RES_ENT_ID=$22 AND LIB_FEAT_ID=$23 AND UTYPE_CODE=$24)OR(RES_ENT_ID=$25 AND LIB_FEAT_ID=$26 AND UTYPE_CODE=$27)OR(RES_ENT_ID=$28 AND LIB_FEAT_ID=$29 AND UTYPE_CODE=$30)OR(RES_ENT_ID=$31 AND LIB_FEAT_ID=$32 AND UTYPE_CODE=$33)OR(RES_ENT_ID=$34 AND LIB_FEAT_ID=$35 AND UTYPE_CODE=$36)OR(RES_ENT_ID=$37 AND LIB_FEAT_ID=$38 AND UTYPE_CODE=$39)),0,0,0,0,0,0,1100,1406.8891600000006,0.06339499999999999,41.016999,1.278990145454546,4.356482827178714,14300,72722,0,0,0,0,0,0,0,0,0,0,0,0,0,0,0,0,0,0,0,0,0,0,0,0,0,0,0,0,2026-08-28 13:27:48.510745+00,2026-08-28 13:27:48.510745+00
10,16384,t,-4656591375625839286,"FETCH 50 IN ""query-cursor_3""",0,0,0,0,0,0,2,0.008345,0.003283,0.005062,0.0041725,0.0008895,100,0,0,0,0,0,0,0,0,0,0,0,0,0,0,0,0,0,0,0,0,0,0,0,0,0,0,0,0,0,2026-08-28 11:51:28.125854+00,2026-08-28 11:51:28.125854+00
10,16384,t,2933798123131305935,"FETCH 50 IN ""query-cursor_84""",0,0,0,0,0,0,13,0.043025,0.002817,0.005849,0.003309615384615385,0.0007744701949334373,650,0,0,0,0,0,0,0,0,0,0,0,0,0,0,0,0,0,0,0,0,0,0,0,0,0,0,0,0,0,2026-08-28 13:12:28.132679+00,2026-08-28 13:12:28.132679+00
16410,16412,t,2837808204266864100,"SELECT RES_ENT_ID,LIB_FEAT_ID,FTYPE_ID,UTYPE_CODE,SUPPRESSED,OBS_ENT_CNT FROM RES_FEAT_EKEY WHERE RES_ENT_ID IN ($1,$2,$3,$4,$5,$6,$7,$8,$9,$10,$11,$12,$13,$14,$15,$16,$17,$18,$19,$20,$21,$22,$23,$24,$25,$26,$27,$28,$29,$30,$31,$32,$33,$34,$35,$36,$37,$38,$39,$40,$41,$42,$43,$44,$45,$46,$47,$48,$49,$50,$51,$52,$53,$54,$55,$56,$57,$58,$59,$60,$61,$62,$63,$64) AND FTYPE_ID IN ($65,$66,$67,$68,$69,$70)",0,0,0,0,0,0,24,44.368343,0.797122,8.35975,1.8486809583333335,1.4329996777437553,18750,4562,0,0,0,0,0,0,0,0,0,0,0,0,0,0,0,0,0,0,0,0,0,0,0,0,0,0,0,0,2026-08-28 13:39:55.365983+00,2026-08-28 13:39:55.365983+00
16410,16412,t,4449530011061625190,"SELECT RES_ENT_ID,REL_ENT_ID,RES_REL_ID FROM RES_REL_EKEY WHERE RES_ENT_ID IN ($1,$2,$3,$4,$5,$6,$7,$8,$9,$10,$11,$12,$13,$14,$15,$16,$17,$18,$19,$20,$21,$22,$23,$24,$25,$26,$27,$28,$29,$30,$31,$32,$33,$34,$35,$36,$37,$38,$39,$40,$41,$42,$43,$44,$45,$46,$47,$48,$49,$50,$51,$52,$53,$54,$55,$56,$57,$58,$59,$60,$61,$62,$63,$64)",0,0,0,0,0,0,498,244.4849529999997,0.096641,24.703846000000002,0.4909336405622484,1.5125361361220395,105647,93620,0,0,0,0,0,0,0,0,0,0,0,0,0,0,0,0,0,0,0,0,0,0,0,0,0,0,0,0,2026-08-28 13:33:16.29915+00,2026-08-28 13:33:16.29915+00
10,16384,t,-1651082928662471321,"FETCH 0 IN ""query-cursor_125""",0,0,0,0,0,0,1,0.003386,0.003386,0.003386,0.003386,0,0,0,0,0,0,0,0,0,0,0,0,0,0,0,0,0,0,0,0,0,0,0,0,0,0,0,0,0,0,0,2026-08-28 13:58:28.134221+00,2026-08-28 13:58:28.134221+00
10,16384,t,-540517796963662917,"DECLARE ""query-cursor_55"" SCROLL CURSOR FOR select queryid, left(query, $1), calls, (total_plan_time + total_exec_time) as total_time from aurora_stat_statements($2) order by calls desc limit $3 FOR READ ONLY",0,0,0,0,0,0,1,0.066725,0.066725,0.066725,0.066725,0,0,0,0,0,0,0,0,0,0,0,0,0,0,0,0,0,0,0,0,0,0,0,0,0,0,0,0,0,0,0,2026-08-28 12:43:28.129044+00,2026-08-28 12:43:28.129044+00
16410,16412,t,7214889881273746661,"SELECT RES_ENT_ID,LIB_FEAT_ID,FTYPE_ID,UTYPE_CODE,SUPPRESSED,OBS_ENT_CNT FROM RES_FEAT_EKEY WHERE RES_ENT_ID IN ($1,$2,$3,$4,$5,$6,$7,$8,$9,$10,$11,$12,$13,$14,$15,$16,$17,$18,$19,$20,$21,$22,$23,$24,$25,$26,$27,$28,$29,$30,$31,$32) AND FTYPE_ID IN ($33,$34,$35,$36,$37,$38,$39,$40,$41,$42,$43,$44,$45,$46,$47,$48)",0,0,0,0,0,0,2973,27953.95869399997,0.36095099999999997,435.97180299999997,9.402609718802546,22.269828220303854,10524284,419644,0,0,0,0,0,0,0,0,0,0,0,0,0,0,0,0,0,0,0,0,0,0,0,0,0,0,0,0,2026-08-28 13:27:25.704547+00,2026-08-28 13:27:25.704547+00
10,16384,t,4564142254324806558,"FETCH 50 IN ""query-cursor_126""",0,0,0,0,0,0,30,0.12653899999999998,0.002915,0.006761,0.004217966666666666,0.0011028483571592642,1500,0,0,0,0,0,0,0,0,0,0,0,0,0,0,0,0,0,0,0,0,0,0,0,0,0,0,0,0,0,2026-08-28 13:59:28.139223+00,2026-08-28 13:59:28.139223+00
10,16384,t,-7272984866418420687,"FETCH 50 IN ""query-cursor_81""",0,0,0,0,0,0,12,0.038175,0.002839,0.004854,0.00318125,0.0005209587515661226,600,0,0,0,0,0,0,0,0,0,0,0,0,0,0,0,0,0,0,0,0,0,0,0,0,0,0,0,0,0,2026-08-28 13:09:28.132405+00,2026-08-28 13:09:28.132405+00
16410,16412,t,4377814604407597006,"SELECT RES_REL_ID,MIN_RES_ENT_ID,MAX_RES_ENT_ID,IS_DISCLOSED,IS_AMBIGUOUS,LAST_ERRULE_ID,MATCH_LEVELS,MATCH_KEY,MATCH_KEY_DETAILS FROM RES_RELATE WHERE RES_REL_ID IN ($1,$2,$3,$4,$5,$6,$7,$8,$9,$10,$11,$12,$13,$14,$15,$16,$17,$18,$19,$20,$21,$22,$23,$24,$25,$26,$27,$28,$29,$30,$31,$32,$33,$34,$35,$36,$37,$38,$39,$40,$41,$42,$43,$44,$45,$46,$47,$48,$49,$50,$51,$52,$53,$54,$55,$56,$57,$58,$59,$60,$61,$62,$63,$64)",0,0,0,0,0,0,20256,5032.608034000005,0.038081,41.824759,0.2484502386453399,0.8784054309070963,933296,1722876,0,0,0,0,0,0,0,0,0,0,0,0,0,0,0,0,0,0,0,0,0,0,0,0,0,0,0,0,2026-08-28 13:27:36.984158+00,2026-08-28 13:27:36.984158+00
10,16384,t,3480297924698934474,"FETCH 50 IN ""query-cursor_95""",0,0,0,0,0,0,14,0.04419699999999999,0.002601,0.005823,0.003156928571428571,0.0007679550269836038,700,0,0,0,0,0,0,0,0,0,0,0,0,0,0,0,0,0,0,0,0,0,0,0,0,0,0,0,0,0,2026-08-28 13:23:28.133557+00,2026-08-28 13:23:28.133557+00
16410,16412,t,-6063819837724179642,"DELETE FROM RES_ENT WHERE RES_ENT_ID IN ($1,$2)",0,0,0,0,0,0,26,3.451274,0.02438,2.2106470000000003,0.1327413076923077,0.4161269952443114,52,305,0,0,0,0,0,0,0,0,0,0,0,0,0,0,0,0,0,0,0,0,0,0,0,0,0,0,0,0,2026-08-28 13:29:40.907883+00,2026-08-28 13:29:40.907883+00
16410,16412,t,9148237912685253318,SELECT EXISTS (SELECT $1 FROM sys_eval_queue LIMIT $2) AS sys_eval_queue_has_rows,0,0,0,0,0,0,1,0.007574,0.007574,0.007574,0.007574,0,1,1,0,0,0,0,0,0,0,0,0,0,0,0,0,0,0,0,0,0,0,0,0,0,0,0,0,0,0,0,2026-08-28 14:43:22.105261+00,2026-08-28 14:43:22.105261+00
10,16384,t,8184685900184494795,"FETCH 0 IN ""query-cursor_20""",0,0,0,0,0,0,1,0.003117,0.003117,0.003117,0.003117,0,0,0,0,0,0,0,0,0,0,0,0,0,0,0,0,0,0,0,0,0,0,0,0,0,0,0,0,0,0,0,2026-08-28 12:08:28.126668+00,2026-08-28 12:08:28.126668+00
10,16384,t,7686957022309847726,"DECLARE ""query-cursor_14"" SCROLL CURSOR FOR select queryid, left(query, $1), calls, (total_plan_time + total_exec_time) as total_time from aurora_stat_statements($2) order by calls desc limit $3 FOR READ ONLY",0,0,0,0,0,0,1,0.051264,0.051264,0.051264,0.051264,0,0,0,0,0,0,0,0,0,0,0,0,0,0,0,0,0,0,0,0,0,0,0,0,0,0,0,0,0,0,0,2026-08-28 12:02:28.126056+00,2026-08-28 12:02:28.126056+00
16410,16412,t,4746330622832019151,"SELECT RES_ENT_ID,LIB_FEAT_ID,FTYPE_ID,UTYPE_CODE,SUPPRESSED,OBS_ENT_CNT FROM RES_FEAT_EKEY WHERE RES_ENT_ID IN ($1,$2,$3,$4,$5,$6,$7,$8,$9,$10,$11,$12,$13,$14,$15,$16,$17,$18,$19,$20,$21,$22,$23,$24,$25,$26,$27,$28,$29,$30,$31,$32,$33,$34,$35,$36,$37,$38,$39,$40,$41,$42,$43,$44,$45,$46,$47,$48,$49,$50,$51,$52,$53,$54,$55,$56,$57,$58,$59,$60,$61,$62,$63,$64) AND FTYPE_ID IN ($65,$66,$67,$68,$69,$70,$71,$72,$73,$74,$75,$76,$77,$78,$79,$80,$81)",0,0,0,0,0,0,519,15280.936228999997,1.653553,281.146476,29.443037050096333,36.70299271339375,11268755,213226,0,0,0,0,0,0,0,0,0,0,0,0,0,0,0,0,0,0,0,0,0,0,0,0,0,0,0,0,2026-08-28 13:27:38.476516+00,2026-08-28 13:27:38.476516+00
10,16384,t,7348972131376695928,"DECLARE ""query-cursor_53"" SCROLL CURSOR FOR select queryid, left(query, $1), calls, (total_plan_time + total_exec_time) as total_time from aurora_stat_statements($2) order by calls desc limit $3 FOR READ ONLY",0,0,0,0,0,0,1,0.064887,0.064887,0.064887,0.064887,0,0,0,0,0,0,0,0,0,0,0,0,0,0,0,0,0,0,0,0,0,0,0,0,0,0,0,0,0,0,0,2026-08-28 12:41:28.128882+00,2026-08-28 12:41:28.128882+00
16410,16412,t,-498471380049374155,"INSERT INTO RES_REL_EKEY(RES_REL_ID,RES_ENT_ID,REL_ENT_ID) VALUES ($1,$2,$3),($4,$5,$6),($7,$8,$9) ON CONFLICT DO NOTHING",0,0,0,0,0,0,141,147.69801299999997,0.045847000000000006,10.633512,1.0475036382978722,2.7802679355873168,423,3392,0,0,3,0,0,0,0,0,0,0,0.020447999999999997,0,0,0,0,0,0,0,0,0,0,0,0,0,0,0,0,0,2026-08-28 13:27:50.882348+00,2026-08-28 13:27:50.882348+00
10,16384,t,1442586610125942001,"FETCH 50 IN ""query-cursor_69""",0,0,0,0,0,0,11,0.035963,0.002828,0.005308,0.0032693636363636367,0.0006591423177442961,550,0,0,0,0,0,0,0,0,0,0,0,0,0,0,0,0,0,0,0,0,0,0,0,0,0,0,0,0,0,2026-08-28 12:57:28.131386+00,2026-08-28 12:57:28.131386+00
10,16384,t,2891931292706046267,"FETCH 43 IN ""query-cursor_134""",0,0,0,0,0,0,1,0.004017,0.004017,0.004017,0.004017,0,43,0,0,0,0,0,0,0,0,0,0,0,0,0,0,0,0,0,0,0,0,0,0,0,0,0,0,0,0,0,2026-08-28 14:07:28.150347+00,2026-08-28 14:07:28.150347+00
10,16384,t,6291199654885937522,"FETCH 0 IN ""query-cursor_144""",0,0,0,0,0,0,1,0.003432,0.003432,0.003432,0.003432,0,0,0,0,0,0,0,0,0,0,0,0,0,0,0,0,0,0,0,0,0,0,0,0,0,0,0,0,0,0,0,2026-08-28 14:17:28.135621+00,2026-08-28 14:17:28.135621+00
16410,16412,t,1494777381154811551,"SELECT RES_ENT_ID,ENT_STATE,LOCKING_ID FROM RES_ENT WHERE RES_ENT_ID IN ($1,$2,$3,$4)",0,0,0,0,0,0,133663,8260.488831999955,0.013482000000000001,73.223187,0.06180086360473695,0.5614167703865822,461885,1880469,0,0,0,0,0,0,0,0,0,0,0,0,0,0,0,0,0,0,0,0,0,0,0,0,0,0,0,0,2026-08-28 13:27:23.091755+00,2026-08-28 13:27:23.091755+00
16410,16412,t,3662942330804535788,"SELECT LIB_FEAT_ID,FTYPE_ID,UTYPE_CODE,SUPPRESSED,OBS_ENT_CNT FROM RES_FEAT_EKEY WHERE RES_ENT_ID=$1 AND LIB_FEAT_ID IN ($2,$3,$4,$5,$6,$7,$8,$9,$10,$11,$12,$13,$14,$15,$16,$17,$18,$19,$20,$21,$22,$23,$24,$25,$26,$27,$28,$29,$30,$31,$32,$33,$34,$35,$36,$37,$38,$39,$40,$41,$42,$43,$44,$45,$46,$47,$48,$49,$50,$51,$52,$53,$54,$55,$56,$57,$58,$59,$60,$61,$62,$63,$64,$65)",0,0,0,0,0,0,10367,2347.8521659999956,0.08907,37.945083999999994,0.2264736342239795,0.5457095182905362,82549,1860596,0,0,0,0,0,0,0,0,0,0,0,0,0,0,0,0,0,0,0,0,0,0,0,0,0,0,0,0,2026-08-28 13:28:13.228275+00,2026-08-28 13:28:13.228275+00
10,16384,t,5389648844634387477,"FETCH 50 IN ""query-cursor_109""",0,0,0,0,0,0,28,0.47422200000000003,0.009362,0.028949,0.0169365,0.00523251199234173,1400,0,0,0,0,0,0,0,0,0,0,0,0,0,0,0,0,0,0,0,0,0,0,0,0,0,0,0,0,0,2026-08-28 13:40:28.154085+00,2026-08-28 13:40:28.154085+00
10,16384,t,5934400821801536006,"DECLARE ""query-cursor_36"" SCROLL CURSOR FOR select queryid, left(query, $1), calls, (total_plan_time + total_exec_time) as total_time from aurora_stat_statements($2) order by calls desc limit $3 FOR READ ONLY",0,0,0,0,0,0,1,0.067021,0.067021,0.067021,0.067021,0,0,0,0,0,0,0,0,0,0,0,0,0,0,0,0,0,0,0,0,0,0,0,0,0,0,0,0,0,0,0,2026-08-28 12:24:28.12774+00,2026-08-28 12:24:28.12774+00
10,16384,t,-4135840190613587951,"MOVE -1720 IN ""query-cursor_155""",0,0,0,0,0,0,1,0.032479,0.032479,0.032479,0.032479,0,0,0,0,0,0,0,0,0,0,0,0,0,0,0,0,0,0,0,0,0,0,0,0,0,0,0,0,0,0,0,2026-08-28 14:28:28.141361+00,2026-08-28 14:28:28.141361+00
16410,16412,t,-1885023123825823682,"SELECT RES_REL_ID,MIN_RES_ENT_ID,MAX_RES_ENT_ID,IS_DISCLOSED,IS_AMBIGUOUS,LAST_ERRULE_ID,MATCH_LEVELS,MATCH_KEY,MATCH_KEY_DETAILS FROM RES_RELATE WHERE RES_REL_ID IN ($1,$2,$3,$4,$5,$6,$7,$8,$9,$10,$11,$12,$13,$14,$15,$16)",0,0,0,0,0,0,57494,4479.300092,0.015109000000000001,23.957141,0.07790900080008349,0.3053601695585502,653504,1598107,0,0,0,0,0,0,0,0,0,0,0,0,0,0,0,0,0,0,0,0,0,0,0,0,0,0,0,0,2026-08-28 13:27:36.903344+00,2026-08-28 13:27:36.903344+00
16410,16412,t,-1624614237636862964,"UPDATE OBS_ENT SET LAST_TOUCH_DT=$1,LOCKING_ID=$2 WHERE OBS_ENT_ID IN ($3,$4) AND LAST_TOUCH_DT=$5",0,0,0,0,0,0,187,20.433725000000003,0.026757000000000003,3.4031830000000003,0.10927125668449199,0.24802203090934094,374,4954,0,0,9,0,0,0,0,0,0,0,0.09817,0,0,0,0,0,0,0,0,0,0,0,0,0,0,0,0,0,2026-08-28 13:28:53.380082+00,2026-08-28 13:28:53.380082+00
10,16412,t,2103733769408878190,SELECT $1,0,0,0,0,0,0,3,0.013730000000000001,0.004338,0.0048709999999999995,0.004576666666666667,0.00022112791672594307,3,0,0,0,0,0,0,0,0,0,0,0,0,0,0,0,0,0,0,0,0,0,0,0,0,0,0,0,0,0,2026-08-28 12:45:00.118645+00,2026-08-28 12:45:00.118645+00
16410,16412,t,-9006257594103303016,"SELECT OBS_ENT_ID,RES_ENT_ID FROM RES_ENT_OKEY WHERE RES_ENT_ID IN ($1,$2)",0,0,0,0,0,0,925,39.161892999999914,0.009679,6.427994,0.04233718162162153,0.25992104767501484,2020,8287,0,0,0,0,0,0,0,0,0,0,0,0,0,0,0,0,0,0,0,0,0,0,0,0,0,0,0,0,2026-08-28 13:27:56.813578+00,2026-08-28 13:27:56.813578+00
10,16384,t,-310740636813177058,"DECLARE ""query-cursor_51"" SCROLL CURSOR FOR select queryid, left(query, $1), calls, (total_plan_time + total_exec_time) as total_time from aurora_stat_statements($2) order by calls desc limit $3 FOR READ ONLY",0,0,0,0,0,0,1,0.062899,0.062899,0.062899,0.062899,0,0,0,0,0,0,0,0,0,0,0,0,0,0,0,0,0,0,0,0,0,0,0,0,0,0,0,0,0,0,0,2026-08-28 12:39:28.12873+00,2026-08-28 12:39:28.12873+00
10,16384,t,7195488585508837815,"MOVE -1660 IN ""query-cursor_145""",0,0,0,0,0,0,1,0.031557,0.031557,0.031557,0.031557,0,0,0,0,0,0,0,0,0,0,0,0,0,0,0,0,0,0,0,0,0,0,0,0,0,0,0,0,0,0,0,2026-08-28 14:18:28.140073+00,2026-08-28 14:18:28.140073+00
10,16384,t,-6348341991694067627,"DECLARE ""query-cursor_129"" SCROLL CURSOR FOR select queryid, left(query, $1), calls, (total_plan_time + total_exec_time) as total_time from aurora_stat_statements($2) order by calls desc limit $3 FOR READ ONLY",0,0,0,0,0,0,1,0.07122,0.07122,0.07122,0.07122,0,0,0,0,0,0,0,0,0,0,0,0,0,0,0,0,0,0,0,0,0,0,0,0,0,0,0,0,0,0,0,2026-08-28 14:02:28.134449+00,2026-08-28 14:02:28.134449+00
10,16384,t,-7934291676443904690,"FETCH 35 IN ""query-cursor_141""",0,0,0,0,0,0,1,0.00277,0.00277,0.00277,0.00277,0,35,0,0,0,0,0,0,0,0,0,0,0,0,0,0,0,0,0,0,0,0,0,0,0,0,0,0,0,0,0,2026-08-28 14:14:28.150737+00,2026-08-28 14:14:28.150737+00
16410,16412,t,-8924848892867148357,"SELECT RES_ENT_ID,LIB_FEAT_ID,FTYPE_ID,UTYPE_CODE,SUPPRESSED,OBS_ENT_CNT FROM RES_FEAT_EKEY WHERE RES_ENT_ID IN ($1,$2,$3,$4,$5,$6,$7,$8,$9,$10,$11,$12,$13,$14,$15,$16,$17,$18,$19,$20,$21,$22,$23,$24,$25,$26,$27,$28,$29,$30,$31,$32,$33,$34,$35,$36,$37,$38,$39,$40,$41,$42,$43,$44,$45,$46,$47,$48,$49,$50,$51,$52,$53,$54,$55,$56,$57,$58,$59,$60,$61,$62,$63,$64,$65,$66,$67,$68,$69,$70,$71,$72,$73,$74,$75,$76,$77,$78,$79,$80,$81,$82,$83,$84,$85,$86,$87,$88,$89,$90,$91,$92,$93,$94) AND FTYPE_ID IN ($95,$96,$97,$98,$99,$100)",0,0,0,0,0,0,1,2.339738,2.339738,2.339738,2.339738,0,1356,287,0,0,0,0,0,0,0,0,0,0,0,0,0,0,0,0,0,0,0,0,0,0,0,0,0,0,0,0,2026-08-28 13:44:08.671312+00,2026-08-28 13:44:08.671312+00
10,16384,t,3706164935283407293,"MOVE -332 IN ""query-cursor_34""",0,0,0,0,0,0,1,0.008932,0.008932,0.008932,0.008932,0,0,0,0,0,0,0,0,0,0,0,0,0,0,0,0,0,0,0,0,0,0,0,0,0,0,0,0,0,0,0,2026-08-28 12:22:28.128425+00,2026-08-28 12:22:28.128425+00
10,16384,t,577717939229462830,"MOVE -416 IN ""query-cursor_48""",0,0,0,0,0,0,1,0.009395,0.009395,0.009395,0.009395,0,0,0,0,0,0,0,0,0,0,0,0,0,0,0,0,0,0,0,0,0,0,0,0,0,0,0,0,0,0,0,2026-08-28 12:36:28.129576+00,2026-08-28 12:36:28.129576+00
16410,16412,t,8740354119876614804,"DELETE FROM RES_RELATE WHERE RES_REL_ID IN ($1,$2,$3,$4,$5,$6,$7,$8)",0,0,0,0,0,0,1243,582.7881210000003,0.02461,16.342655,0.46885609090909114,1.699050157130615,7652,27060,0,0,0,0,0,0,0,0,0,0,0,0,0,0,0,0,0,0,0,0,0,0,0,0,0,0,0,0,2026-08-28 13:27:36.984257+00,2026-08-28 13:27:36.984257+00
16410,16412,t,-7289802979987362739,UPDATE OBS_ENT SET FEATURES=$1 WHERE OBS_ENT_ID=$2,0,0,0,0,0,0,1097714,627134.7833299991,0.015947000000000003,3950.2169839999997,0.5713098159721012,6.807653286711609,1097714,9545936,3,0,47852,0,0,0,0,0,0,0.579835,1772.9997280000086,0,0,0,0,0,0,0,0,0,0,0,0,0,0,0,0,0,2026-08-28 13:27:22.176555+00,2026-08-28 13:27:22.176555+00
10,16384,t,-1544343296051492107,"FETCH 50 IN ""query-cursor_26""",0,0,0,0,0,0,5,0.018512999999999998,0.002924,0.005256,0.0037025999999999995,0.0009360319652661441,250,0,0,0,0,0,0,0,0,0,0,0,0,0,0,0,0,0,0,0,0,0,0,0,0,0,0,0,0,0,2026-08-28 12:14:28.127755+00,2026-08-28 12:14:28.127755+00
16410,16412,t,-2714072032045466085,"SELECT LIB_FEAT_ID,FTYPE_ID,UTYPE_CODE,SUPPRESSED,OBS_ENT_CNT FROM RES_FEAT_EKEY WHERE RES_ENT_ID=$1 AND LIB_FEAT_ID IN ($2)",0,0,0,0,0,0,42732,747.2363529999989,0.003217,10.514759,0.017486575704390127,0.13503710552916173,22914,193864,0,0,0,0,0,0,0,0,0,0,0,0,0,0,0,0,0,0,0,0,0,0,0,0,0,0,0,0,2026-08-28 13:27:33.539868+00,2026-08-28 13:27:33.539868+00
10,16384,t,5362201760862170913,"FETCH 50 IN ""query-cursor_129""",0,0,0,0,0,0,31,0.15013900000000002,0.003219,0.008382,0.004843193548387098,0.0013295677546300247,1550,0,0,0,0,0,0,0,0,0,0,0,0,0,0,0,0,0,0,0,0,0,0,0,0,0,0,0,0,0,2026-08-28 14:02:28.138991+00,2026-08-28 14:02:28.138991+00
10,16384,t,3938745810559552290,"FETCH 27 IN ""query-cursor_88""",0,0,0,0,0,0,1,0.002373,0.002373,0.002373,0.002373,0,27,0,0,0,0,0,0,0,0,0,0,0,0,0,0,0,0,0,0,0,0,0,0,0,0,0,0,0,0,0,2026-08-28 13:16:28.135283+00,2026-08-28 13:16:28.135283+00
16410,16412,t,3882418298296894432,"SELECT RES_ENT_ID,LIB_FEAT_ID,FTYPE_ID,UTYPE_CODE,SUPPRESSED,OBS_ENT_CNT FROM RES_FEAT_EKEY WHERE RES_ENT_ID IN ($1,$2,$3,$4,$5,$6,$7,$8,$9,$10,$11,$12,$13,$14,$15,$16) AND FTYPE_ID IN ($17,$18,$19,$20,$21,$22,$23,$24,$25,$26,$27,$28,$29)",0,0,0,0,0,0,4527,10747.208960999995,0.10606900000000001,262.863552,2.3740245109343925,8.152985186081574,4695235,300844,0,0,0,0,0,0,0,0,0,0,0,0,0,0,0,0,0,0,0,0,0,0,0,0,0,0,0,0,2026-08-28 13:27:24.707534+00,2026-08-28 13:27:24.707534+00
10,16384,t,-8966684638400327463,"MOVE -1807 IN ""query-cursor_169""",0,0,0,0,0,0,1,0.034133,0.034133,0.034133,0.034133,0,0,0,0,0,0,0,0,0,0,0,0,0,0,0,0,0,0,0,0,0,0,0,0,0,0,0,0,0,0,0,2026-08-28 14:42:28.14213+00,2026-08-28 14:42:28.14213+00
10,16384,t,-4733455336980520785,"FETCH 50 IN ""query-cursor_121""",0,0,0,0,0,0,30,0.11915400000000002,0.002861,0.006494,0.003971800000000001,0.000894019328650113,1500,0,0,0,0,0,0,0,0,0,0,0,0,0,0,0,0,0,0,0,0,0,0,0,0,0,0,0,0,0,2026-08-28 13:54:28.138493+00,2026-08-28 13:54:28.138493+00
16410,16412,t,-7157069044263877013,"INSERT INTO RES_RELATE(RES_REL_ID,MIN_RES_ENT_ID,MAX_RES_ENT_ID,IS_DISCLOSED,IS_AMBIGUOUS,LAST_ERRULE_ID,MATCH_KEY,MATCH_KEY_DETAILS,MATCH_LEVELS) VALUES ($1,$2,$3,$4,$5,$6,$7,$8,$9) ON CONFLICT DO NOTHING",0,0,0,0,0,0,281382,109392.76358199959,0.015177000000000001,134.157663,0.38876958576596793,1.7909869844783761,281382,2526996,3,0,19114,0,0,0,0,0,0,1.654253,1386.2252279999923,0,0,0,0,0,0,0,0,0,0,0,0,0,0,0,0,0,2026-08-28 13:27:23.196313+00,2026-08-28 13:27:23.196313+00
16410,16412,t,5319561600726329403,DELETE FROM RES_FEAT_EKEY WHERE ((RES_ENT_ID=$1 AND LIB_FEAT_ID=$2 AND UTYPE_CODE=$3)OR(RES_ENT_ID=$4 AND LIB_FEAT_ID=$5 AND UTYPE_CODE=$6)OR(RES_ENT_ID=$7 AND LIB_FEAT_ID=$8 AND UTYPE_CODE=$9)OR(RES_ENT_ID=$10 AND LIB_FEAT_ID=$11 AND UTYPE_CODE=$12)OR(RES_ENT_ID=$13 AND LIB_FEAT_ID=$14 AND UTYPE_CODE=$15)OR(RES_ENT_ID=$16 AND LIB_FEAT_ID=$17 AND UTYPE_CODE=$18)OR(RES_ENT_ID=$19 AND LIB_FEAT_ID=$20 AND UTYPE_CODE=$21)OR(RES_ENT_ID=$22 AND LIB_FEAT_ID=$23 AND UTYPE_CODE=$24)OR(RES_ENT_ID=$25 AND LIB_FEAT_ID=$26 AND UTYPE_CODE=$27)OR(RES_ENT_ID=$28 AND LIB_FEAT_ID=$29 AND UTYPE_CODE=$30)OR(RES_ENT_ID=$31 AND LIB_FEAT_ID=$32 AND UTYPE_CODE=$33)OR(RES_ENT_ID=$34 AND LIB_FEAT_ID=$35 AND UTYPE_CODE=$36)OR(RES_ENT_ID=$37 AND LIB_FEAT_ID=$38 AND UTYPE_CODE=$39)OR(RES_ENT_ID=$40 AND LIB_FEAT_ID=$41 AND UTYPE_CODE=$42)OR(RES_ENT_ID=$43 AND LIB_FEAT_ID=$44 AND UTYPE_CODE=$45)OR(RES_ENT_ID=$46 AND LIB_FEAT_ID=$47 AND UTYPE_CODE=$48)),0,0,0,0,0,0,756,1506.6912480000024,0.024481000000000003,61.582335,1.9929778412698445,5.766407751924773,12061,61238,0,0,0,0,0,0,0,0,0,0,0,0,0,0,0,0,0,0,0,0,0,0,0,0,0,0,0,0,2026-08-28 13:28:03.920523+00,2026-08-28 13:28:03.920523+00
16410,16412,t,-4919085403370389391,"SELECT RES_ENT_ID,LIB_FEAT_ID,FTYPE_ID,UTYPE_CODE,SUPPRESSED,OBS_ENT_CNT FROM RES_FEAT_EKEY WHERE RES_ENT_ID IN ($1,$2,$3,$4,$5,$6,$7,$8,$9,$10,$11,$12,$13,$14,$15,$16) AND FTYPE_ID IN ($17,$18,$19,$20,$21,$22,$23,$24,$25,$26,$27,$28,$29,$30,$31,$32,$33,$34,$35,$36,$37,$38)",0,0,0,0,0,0,136,789.59664,0.382577,66.69238299999999,5.805857647058823,9.723952432808394,885506,17146,0,0,0,0,0,0,0,0,0,0,0,0,0,0,0,0,0,0,0,0,0,0,0,0,0,0,0,0,2026-08-28 13:27:24.630334+00,2026-08-28 13:27:24.630334+00
16410,16412,t,-90958215646538910,"SELECT RES_ENT_ID,LIB_FEAT_ID,FTYPE_ID,UTYPE_CODE,SUPPRESSED,OBS_ENT_CNT FROM RES_FEAT_EKEY WHERE RES_ENT_ID IN ($1,$2,$3,$4) AND FTYPE_ID IN ($5,$6,$7,$8,$9,$10,$11,$12,$13,$14,$15,$16,$17,$18,$19,$20,$21,$22,$23)",0,0,0,0,0,0,250,164.53040199999987,0.073205,10.437356999999999,0.6581216079999994,1.2047709493881789,169899,5495,0,0,0,0,0,0,0,0,0,0,0,0,0,0,0,0,0,0,0,0,0,0,0,0,0,0,0,0,2026-08-28 13:27:23.372379+00,2026-08-28 13:27:23.372379+00
10,16384,t,-6875152547402999598,"FETCH 33 IN ""query-cursor_51""",0,0,0,0,0,0,1,0.002648,0.002648,0.002648,0.002648,0,33,0,0,0,0,0,0,0,0,0,0,0,0,0,0,0,0,0,0,0,0,0,0,0,0,0,0,0,0,0,2026-08-28 12:39:28.13124+00,2026-08-28 12:39:28.13124+00
10,16384,t,4515372764596033875,create extension pg_stat_statements,0,0,0,0,0,0,1,107.829765,107.829765,107.829765,107.829765,0,0,3369,89,0,10,0,0,0,0,0,0,81.806252,0.031737,0,0,0,0,0,0,0,0,0,0,0,0,0,0,0,0,0,2026-08-28 11:49:27.611381+00,2026-08-28 11:49:27.611381+00
10,16384,t,-83283789966490879,select max(age(datfrozenxid)) as max_used_xact_ids from pg_database,0,0,0,0,0,0,170,1.4998500000000003,0.007136999999999999,0.020186,0.008822647058823532,0.0015926846754560457,170,170,0,0,0,0,0,0,0,0,0,0,0,0,0,0,0,0,0,0,0,0,0,0,0,0,0,0,0,0,2026-08-28 11:49:27.664828+00,2026-08-28 11:49:27.664828+00
10,16384,t,-6788495792278834216,"FETCH 0 IN ""query-cursor_95""",0,0,0,0,0,0,1,0.003376,0.003376,0.003376,0.003376,0,0,0,0,0,0,0,0,0,0,0,0,0,0,0,0,0,0,0,0,0,0,0,0,0,0,0,0,0,0,0,2026-08-28 13:23:28.131923+00,2026-08-28 13:23:28.131923+00
16410,16412,t,-943344235121932547,"SELECT OBS_ENT_ID,LOCKING_ID FROM OBS_ENT WHERE OBS_ENT_ID IN ($1)",0,0,0,0,0,0,590311,10044.01261500006,0.004383000000000001,48.586059,0.017014781386421835,0.1405691368953638,590311,2988855,0,0,0,0,0,0,0,0,0,0,0,0,0,0,0,0,0,0,0,0,0,0,0,0,0,0,0,0,2026-08-28 13:27:25.691258+00,2026-08-28 13:27:25.691258+00
10,16384,t,-8849656241980110478,"DECLARE ""query-cursor_87"" SCROLL CURSOR FOR select queryid, left(query, $1), calls, (total_plan_time + total_exec_time) as total_time from aurora_stat_statements($2) order by calls desc limit $3 FOR READ ONLY",0,0,0,0,0,0,1,0.06276,0.06276,0.06276,0.06276,0,0,0,0,0,0,0,0,0,0,0,0,0,0,0,0,0,0,0,0,0,0,0,0,0,0,0,0,0,0,0,2026-08-28 13:15:28.131279+00,2026-08-28 13:15:28.131279+00
10,16384,t,-8364159206481232735,"MOVE -684 IN ""query-cursor_89""",0,0,0,0,0,0,1,0.014502,0.014502,0.014502,0.014502,0,0,0,0,0,0,0,0,0,0,0,0,0,0,0,0,0,0,0,0,0,0,0,0,0,0,0,0,0,0,0,2026-08-28 13:17:28.133074+00,2026-08-28 13:17:28.133074+00
10,16384,t,-8218870299426712902,"FETCH 0 IN ""query-cursor_112""",0,0,0,0,0,0,1,0.003307,0.003307,0.003307,0.003307,0,0,0,0,0,0,0,0,0,0,0,0,0,0,0,0,0,0,0,0,0,0,0,0,0,0,0,0,0,0,0,2026-08-28 13:45:28.13335+00,2026-08-28 13:45:28.13335+00
10,16384,t,1207725869686970017,"select sum(blks_read), sum(blks_hit) from pg_stat_database",0,0,0,0,0,0,176,11.276417,0.051899,0.114719,0.06407055113636363,0.00994038845887293,176,176,0,0,0,0,0,0,0,0,0,0,0,0,0,0,0,0,0,0,0,0,0,0,0,0,0,0,0,0,2026-08-28 11:48:37.800108+00,2026-08-28 11:48:37.800108+00
16410,16412,t,6246663104433611448,DELETE FROM RES_FEAT_EKEY WHERE ((RES_ENT_ID=$1 AND LIB_FEAT_ID=$2 AND UTYPE_CODE=$3)OR(RES_ENT_ID=$4 AND LIB_FEAT_ID=$5 AND UTYPE_CODE=$6)OR(RES_ENT_ID=$7 AND LIB_FEAT_ID=$8 AND UTYPE_CODE=$9)OR(RES_ENT_ID=$10 AND LIB_FEAT_ID=$11 AND UTYPE_CODE=$12)OR(RES_ENT_ID=$13 AND LIB_FEAT_ID=$14 AND UTYPE_CODE=$15)OR(RES_ENT_ID=$16 AND LIB_FEAT_ID=$17 AND UTYPE_CODE=$18)),0,0,0,0,0,0,3568,2294.803348000006,0.035017,42.929788,0.6431623733183873,2.488242409814541,21402,110297,0,0,0,0,0,0,0,0,0,0,0,0,0,0,0,0,0,0,0,0,0,0,0,0,0,0,0,0,2026-08-28 13:27:32.279178+00,2026-08-28 13:27:32.279178+00
10,16384,t,1315626798450023038,"FETCH 50 IN ""query-cursor_68""",0,0,0,0,0,0,11,0.036414,0.002829,0.005945,0.0033103636363636365,0.0008477640401483156,550,0,0,0,0,0,0,0,0,0,0,0,0,0,0,0,0,0,0,0,0,0,0,0,0,0,0,0,0,0,2026-08-28 12:56:28.131346+00,2026-08-28 12:56:28.131346+00
10,16384,t,5512655808223470271,"FETCH 3 IN ""query-cursor_84""",0,0,0,0,0,0,1,0.001578,0.001578,0.001578,0.001578,0,3,0,0,0,0,0,0,0,0,0,0,0,0,0,0,0,0,0,0,0,0,0,0,0,0,0,0,0,0,0,2026-08-28 13:12:28.135012+00,2026-08-28 13:12:28.135012+00
16410,16412,t,7662270221788298276,"UPDATE RES_FEAT_STAT AS T SET FTYPE_ID=C.FTYPE_ID,NUM_RES_ENT=C.NUM_RES_ENT_NEW,NUM_RES_ENT_OOM=C.NUM_RES_ENT_OOM_NEW FROM (VALUES (CAST ($1 AS BIGINT),CAST ($2 AS INT),CAST ($3 AS BIGINT),CAST ($4 AS BIGINT),CAST ($5 AS BIGINT),CAST ($6 AS BIGINT)),(CAST ($7 AS BIGINT),CAST ($8 AS INT),CAST ($9 AS BIGINT),CAST ($10 AS BIGINT),CAST ($11 AS BIGINT),CAST ($12 AS BIGINT)),(CAST ($13 AS BIGINT),CAST ($14 AS INT),CAST ($15 AS BIGINT),CAST ($16 AS BIGINT),CAST ($17 AS BIGINT),CAST ($18 AS BIGINT)),(CAST ($19 AS BIGINT),CAST ($20 AS INT),CAST ($21 AS BIGINT),CAST ($22 AS BIGINT),CAST ($23 AS BIGINT),CAST ($24 AS BIGINT)),(CAST ($25 AS BIGINT),CAST ($26 AS INT),CAST ($27 AS BIGINT),CAST ($28 AS BIGINT),CAST ($29 AS BIGINT),CAST ($30 AS BIGINT)),(CAST ($31 AS BIGINT),CAST ($32 AS INT),CAST ($33 AS BIGINT),CAST ($34 AS BIGINT),CAST ($35 AS BIGINT),CAST ($36 AS BIGINT))) AS C(LIB_FEAT_ID,FTYPE_ID,NUM_RES_ENT_OLD,NUM_RES_ENT_OOM_OLD,NUM_RES_ENT_NEW,NUM_RES_ENT_OOM_NEW) WHERE C.LIB_FEAT_ID=T.LIB_FEAT_ID AND C.NUM_RES_ENT_OLD=T.NUM_RES_ENT AND C.NUM_RES_ENT_OOM_OLD=T.NUM_RES_ENT_OOM",0,0,0,0,0,0,16,3.9930820000000002,0.032187999999999994,0.8845320000000001,0.24956762500000002,0.28046142302281857,38,2564,0,0,0,0,0,0,0,0,0,0,0,0,0,0,0,0,0,0,0,0,0,0,0,0,0,0,0,0,2026-08-28 13:27:45.421625+00,2026-08-28 13:27:45.421625+00
10,16384,t,-1757525076782111664,"MOVE -580 IN ""query-cursor_72""",0,0,0,0,0,0,1,0.01251,0.01251,0.01251,0.01251,0,0,0,0,0,0,0,0,0,0,0,0,0,0,0,0,0,0,0,0,0,0,0,0,0,0,0,0,0,0,0,2026-08-28 13:00:28.13167+00,2026-08-28 13:00:28.13167+00
10,16384,t,-3042137849420442632,"FETCH 0 IN ""query-cursor_40""",0,0,0,0,0,0,1,0.004076,0.004076,0.004076,0.004076,0,0,0,0,0,0,0,0,0,0,0,0,0,0,0,0,0,0,0,0,0,0,0,0,0,0,0,0,0,0,0,2026-08-28 12:28:28.128035+00,2026-08-28 12:28:28.128035+00
10,16384,t,8883414122875994972,"FETCH 0 IN ""query-cursor_117""",0,0,0,0,0,0,1,0.003297,0.003297,0.003297,0.003297,0,0,0,0,0,0,0,0,0,0,0,0,0,0,0,0,0,0,0,0,0,0,0,0,0,0,0,0,0,0,0,2026-08-28 13:50:28.133687+00,2026-08-28 13:50:28.133687+00
10,16384,t,3169799605475446040,"MOVE -738 IN ""query-cursor_98""",0,0,0,0,0,0,1,0.015056,0.015056,0.015056,0.015056,0,0,0,0,0,0,0,0,0,0,0,0,0,0,0,0,0,0,0,0,0,0,0,0,0,0,0,0,0,0,0,2026-08-28 13:26:28.133722+00,2026-08-28 13:26:28.133722+00
16410,16412,t,-1830988071568071259,"INSERT INTO LIB_FEAT(LIB_FEAT_ID,FTYPE_ID,FEAT_HASH,FEAT_DESC,FELEM_VALUES,ANONYMIZED,VERSION) VALUES ($1,$2,$3,$4,$5,$6,$7),($8,$9,$10,$11,$12,$13,$14),($15,$16,$17,$18,$19,$20,$21),($22,$23,$24,$25,$26,$27,$28) ON CONFLICT(FTYPE_ID,FEAT_HASH,ANONYMIZED) DO UPDATE SET FTYPE_ID=LIB_FEAT.FTYPE_ID,FEAT_HASH=LIB_FEAT.FEAT_HASH,ANONYMIZED=LIB_FEAT.ANONYMIZED RETURNING LIB_FEAT_ID,FTYPE_ID,FEAT_HASH,ANONYMIZED,FEAT_DESC",0,0,0,0,0,0,54074,795999.8138879888,0.097459,1118.2477159999999,14.720564668565093,45.76195336001127,216296,3700021,3,0,49133,0,0,0,0,0,0,0,819.8099829999984,0,0,0,0,0,0,0,0,0,0,0,0,0,0,0,0,0,2026-08-28 13:27:22.276738+00,2026-08-28 13:27:22.276738+00
10,16384,t,908746400591185889,"FETCH 0 IN ""query-cursor_105""",0,0,0,0,0,0,1,0.004127,0.004127,0.004127,0.004127,0,0,0,0,0,0,0,0,0,0,0,0,0,0,0,0,0,0,0,0,0,0,0,0,0,0,0,0,0,0,0,2026-08-28 13:33:28.132701+00,2026-08-28 13:33:28.132701+00
16410,16412,t,-8573621401839085803,"INSERT INTO RES_REL_EKEY(RES_REL_ID,RES_ENT_ID,REL_ENT_ID) VALUES ($1,$2,$3),($4,$5,$6),($7,$8,$9),($10,$11,$12) ON CONFLICT DO NOTHING",0,0,0,0,0,0,94880,120160.81142499925,0.046609,109.008865,1.2664503733663497,3.9215746440329764,379514,3066775,1,0,4931,0,0,0,0,0,0,0,465.0119039999994,0,0,0,0,0,0,0,0,0,0,0,0,0,0,0,0,0,2026-08-28 13:27:25.006656+00,2026-08-28 13:27:25.006656+00
10,16384,t,-8510918204665379079,"FETCH 3 IN ""query-cursor_144""",0,0,0,0,0,0,1,0.001331,0.001331,0.001331,0.001331,0,3,0,0,0,0,0,0,0,0,0,0,0,0,0,0,0,0,0,0,0,0,0,0,0,0,0,0,0,0,0,2026-08-28 14:17:28.151334+00,2026-08-28 14:17:28.151334+00
10,16384,t,-5547182866504744805,"FETCH 0 IN ""query-cursor_83""",0,0,0,0,0,0,1,0.004149,0.004149,0.004149,0.004149,0,0,0,0,0,0,0,0,0,0,0,0,0,0,0,0,0,0,0,0,0,0,0,0,0,0,0,0,0,0,0,2026-08-28 13:11:28.131084+00,2026-08-28 13:11:28.131084+00
16410,16412,t,5120524588221360650,"SELECT LIB_FEAT_ID,NUM_RES_ENT,NUM_RES_ENT_OOM,CANDIDATE_CAP_REACHED,SCORING_CAP_REACHED FROM RES_FEAT_STAT WHERE LIB_FEAT_ID IN ($1,$2,$3,$4,$5,$6,$7,$8,$9,$10,$11,$12,$13,$14,$15,$16,$17,$18,$19,$20,$21,$22,$23,$24,$25,$26,$27,$28,$29,$30,$31,$32)",0,0,0,0,0,0,327142,54687.68304600161,0.009215000000000001,107.711504,0.16716802809178158,0.7250819598223048,7705460,16580000,0,0,0,0,0,0,0,0,0,0,0,0,0,0,0,0,0,0,0,0,0,0,0,0,0,0,0,0,2026-08-28 13:27:22.787364+00,2026-08-28 13:27:22.787364+00
16410,16412,t,3626304159074088689,"UPDATE RES_ENT SET LAST_TOUCH_DT=$1,LOCKING_ID=$2 WHERE RES_ENT_ID IN ($3,$4,$5,$6) AND LAST_TOUCH_DT=$7",0,0,0,0,0,0,2,0.152613,0.06343,0.089183,0.0763065,0.012876499999999999,6,90,0,0,0,0,0,0,0,0,0,0,0,0,0,0,0,0,0,0,0,0,0,0,0,0,0,0,0,0,2026-08-28 13:42:03.846223+00,2026-08-28 13:42:03.846223+00
10,16384,t,6219635435757255220,"FETCH 1 IN ""query-cursor_59""",0,0,0,0,0,0,1,0.001344,0.001344,0.001344,0.001344,0,1,0,0,0,0,0,0,0,0,0,0,0,0,0,0,0,0,0,0,0,0,0,0,0,0,0,0,0,0,0,2026-08-28 12:47:28.132408+00,2026-08-28 12:47:28.132408+00
16410,16412,t,-2833006144402009043,"UPDATE RES_FEAT_EKEY AS T SET SUPPRESSED=C.SUPPRESSED,OBS_ENT_CNT=C.OBS_ENT_CNT FROM (VALUES (CAST ($1 AS BIGINT),CAST ($2 AS BIGINT),$3,$4,CAST ($5 AS BIGINT)),(CAST ($6 AS BIGINT),CAST ($7 AS BIGINT),$8,$9,CAST ($10 AS BIGINT)),(CAST ($11 AS BIGINT),CAST ($12 AS BIGINT),$13,$14,CAST ($15 AS BIGINT)),(CAST ($16 AS BIGINT),CAST ($17 AS BIGINT),$18,$19,CAST ($20 AS BIGINT)),(CAST ($21 AS BIGINT),CAST ($22 AS BIGINT),$23,$24,CAST ($25 AS BIGINT)),(CAST ($26 AS BIGINT),CAST ($27 AS BIGINT),$28,$29,CAST ($30 AS BIGINT)),(CAST ($31 AS BIGINT),CAST ($32 AS BIGINT),$33,$34,CAST ($35 AS BIGINT)),(CAST ($36 AS BIGINT),CAST ($37 AS BIGINT),$38,$39,CAST ($40 AS BIGINT)),(CAST ($41 AS BIGINT),CAST ($42 AS BIGINT),$43,$44,CAST ($45 AS BIGINT)),(CAST ($46 AS BIGINT),CAST ($47 AS BIGINT),$48,$49,CAST ($50 AS BIGINT)),(CAST ($51 AS BIGINT),CAST ($52 AS BIGINT),$53,$54,CAST ($55 AS BIGINT)),(CAST ($56 AS BIGINT),CAST ($57 AS BIGINT),$58,$59,CAST ($60 AS BIGINT)),(CAST ($61 AS BIGINT),CAST ($62 AS BIGINT),$63,$64,CAST ($65 AS BIGINT)),(CAST ($66 AS BIGINT),CAST ($67 AS BIGINT),$68,$69,CAST ($70 AS BIGINT)),(CAST ($71 AS BIGINT),CAST ($72 AS BIGINT),$73,$74,CAST ($75 AS BIGINT)),(CAST ($76 AS BIGINT),CAST ($77 AS BIGINT),$78,$79,CAST ($80 AS BIGINT)),(CAST ($81 AS BIGINT),CAST ($82 AS BIGINT),$83,$84,CAST ($85 AS BIGINT)),(CAST ($86 AS BIGINT),CAST ($87 AS BIGINT),$88,$89,CAST ($90 AS BIGINT)),(CAST ($91 AS BIGINT),CAST ($92 AS BIGINT),$93,$94,CAST ($95 AS BIGINT)),(CAST ($96 AS BIGINT),CAST ($97 AS BIGINT),$98,$99,CAST ($100 AS BIGINT))) AS C(RES_ENT_ID,LIB_FEAT_ID,UTYPE_CODE,SUPPRESSED,OBS_ENT_CNT) WHERE C.RES_ENT_ID=T.RES_ENT_ID AND C.LIB_FEAT_ID=T.LIB_FEAT_ID AND C.UTYPE_CODE=T.UTYPE_CODE",0,0,0,0,0,0,2258,5427.412365999989,0.09549300000000001,108.86776099999999,2.403637008857391,9.23194131349775,45106,696454,0,0,237,0,0,0,0,0,0,0,1.8206129999999994,0,0,0,0,0,0,0,0,0,0,0,0,0,0,0,0,0,2026-08-28 13:27:45.70314+00,2026-08-28 13:27:45.70314+00
10,16384,t,6392042259353340535,"MOVE ALL IN ""query-cursor_10""",0,0,0,0,0,0,1,0.413962,0.413962,0.413962,0.413962,0,0,0,0,0,0,0,0,0,0,0,0,0,0,0,0,0,0,0,0,0,0,0,0,0,0,0,0,0,0,0,2026-08-28 11:58:28.126352+00,2026-08-28 11:58:28.126352+00
10,16412,t,1623369012368112450,SET application_name = $1,0,0,0,0,0,0,3,0.047946,0.01546,0.016272,0.015982,0.0003698684450810401,0,0,0,0,0,0,0,0,0,0,0,0,0,0,0,0,0,0,0,0,0,0,0,0,0,0,0,0,0,0,2026-08-28 12:45:00.117904+00,2026-08-28 12:45:00.117904+00
10,16384,t,-3239427237115423197,"MOVE ALL IN ""query-cursor_127""",0,0,0,0,0,0,1,4.289819,4.289819,4.289819,4.289819,0,0,0,0,0,0,0,0,0,0,0,0,0,0,0,0,0,0,0,0,0,0,0,0,0,0,0,0,0,0,0,2026-08-28 14:00:28.138671+00,2026-08-28 14:00:28.138671+00
16410,16412,t,9043716314885357572,"UPDATE RES_FEAT_EKEY AS T SET SUPPRESSED = C.SUPPRESSED FROM (VALUES (CAST ($1 AS BIGINT),CAST ($2 AS BIGINT),$3,$4),(CAST ($5 AS BIGINT),CAST ($6 AS BIGINT),$7,$8),(CAST ($9 AS BIGINT),CAST ($10 AS BIGINT),$11,$12),(CAST ($13 AS BIGINT),CAST ($14 AS BIGINT),$15,$16),(CAST ($17 AS BIGINT),CAST ($18 AS BIGINT),$19,$20),(CAST ($21 AS BIGINT),CAST ($22 AS BIGINT),$23,$24),(CAST ($25 AS BIGINT),CAST ($26 AS BIGINT),$27,$28),(CAST ($29 AS BIGINT),CAST ($30 AS BIGINT),$31,$32),(CAST ($33 AS BIGINT),CAST ($34 AS BIGINT),$35,$36),(CAST ($37 AS BIGINT),CAST ($38 AS BIGINT),$39,$40),(CAST ($41 AS BIGINT),CAST ($42 AS BIGINT),$43,$44),(CAST ($45 AS BIGINT),CAST ($46 AS BIGINT),$47,$48),(CAST ($49 AS BIGINT),CAST ($50 AS BIGINT),$51,$52),(CAST ($53 AS BIGINT),CAST ($54 AS BIGINT),$55,$56),(CAST ($57 AS BIGINT),CAST ($58 AS BIGINT),$59,$60),(CAST ($61 AS BIGINT),CAST ($62 AS BIGINT),$63,$64),(CAST ($65 AS BIGINT),CAST ($66 AS BIGINT),$67,$68),(CAST ($69 AS BIGINT),CAST ($70 AS BIGINT),$71,$72),(CAST ($73 AS BIGINT),CAST ($74 AS BIGINT),$75,$76),(CAST ($77 AS BIGINT),CAST ($78 AS BIGINT),$79,$80)) AS C(RES_ENT_ID,LIB_FEAT_ID,UTYPE_CODE,SUPPRESSED) WHERE C.RES_ENT_ID=T.RES_ENT_ID AND C.LIB_FEAT_ID=T.LIB_FEAT_ID AND C.UTYPE_CODE=T.UTYPE_CODE",0,0,0,0,0,0,26,106.97720499999998,0.149026,73.924988,4.114507884615384,14.624197866197127,520,5583,0,0,1,0,0,0,0,0,0,0,1.05634,0,0,0,0,0,0,0,0,0,0,0,0,0,0,0,0,0,2026-08-28 13:28:19.073972+00,2026-08-28 13:28:19.073972+00
10,16384,t,-9114773706705870863,"FETCH 49 IN ""query-cursor_12""",0,0,0,0,0,0,1,0.003081,0.003081,0.003081,0.003081,0,49,0,0,0,0,0,0,0,0,0,0,0,0,0,0,0,0,0,0,0,0,0,0,0,0,0,0,0,0,0,2026-08-28 12:00:28.127258+00,2026-08-28 12:00:28.127258+00
16410,16412,t,-5603791379536428095,"SELECT RES_ENT_ID,LIB_FEAT_ID,FTYPE_ID,UTYPE_CODE,SUPPRESSED,OBS_ENT_CNT FROM RES_FEAT_EKEY WHERE RES_ENT_ID IN ($1) AND FTYPE_ID IN ($2,$3,$4,$5,$6,$7,$8,$9,$10,$11,$12,$13,$14,$15,$16,$17,$18,$19,$20,$21,$22,$23,$24,$25,$26,$27,$28,$29,$30,$31,$32,$33,$34,$35,$36,$37,$38,$39,$40,$41,$42,$43,$44,$45,$46,$47,$48,$49,$50,$51,$52,$53,$54,$55,$56,$57,$58,$59,$60)",0,0,0,0,0,0,60,4.839526000000001,0.005580999999999999,0.733872,0.08065876666666669,0.11320214931813599,742,349,0,0,0,0,0,0,0,0,0,0,0,0,0,0,0,0,0,0,0,0,0,0,0,0,0,0,0,0,2026-08-28 13:28:12.32552+00,2026-08-28 13:28:12.32552+00
10,16384,t,-83997546265454080,"MOVE -520 IN ""query-cursor_62""",0,0,0,0,0,0,1,0.012075,0.012075,0.012075,0.012075,0,0,0,0,0,0,0,0,0,0,0,0,0,0,0,0,0,0,0,0,0,0,0,0,0,0,0,0,0,0,0,2026-08-28 12:50:28.130781+00,2026-08-28 12:50:28.130781+00
16410,16412,t,-582322352848865411,"UPDATE RES_FEAT_STAT AS T SET FTYPE_ID=C.FTYPE_ID,NUM_RES_ENT=C.NUM_RES_ENT_NEW,NUM_RES_ENT_OOM=C.NUM_RES_ENT_OOM_NEW FROM (VALUES (CAST ($1 AS BIGINT),CAST ($2 AS INT),CAST ($3 AS BIGINT),CAST ($4 AS BIGINT),CAST ($5 AS BIGINT),CAST ($6 AS BIGINT)),(CAST ($7 AS BIGINT),CAST ($8 AS INT),CAST ($9 AS BIGINT),CAST ($10 AS BIGINT),CAST ($11 AS BIGINT),CAST ($12 AS BIGINT)),(CAST ($13 AS BIGINT),CAST ($14 AS INT),CAST ($15 AS BIGINT),CAST ($16 AS BIGINT),CAST ($17 AS BIGINT),CAST ($18 AS BIGINT))) AS C(LIB_FEAT_ID,FTYPE_ID,NUM_RES_ENT_OLD,NUM_RES_ENT_OOM_OLD,NUM_RES_ENT_NEW,NUM_RES_ENT_OOM_NEW) WHERE C.LIB_FEAT_ID=T.LIB_FEAT_ID AND C.NUM_RES_ENT_OLD=T.NUM_RES_ENT AND C.NUM_RES_ENT_OOM_OLD=T.NUM_RES_ENT_OOM",0,0,0,0,0,0,225,221.547426,0.019459,169.324731,0.9846552266666667,11.271321441052201,279,22263,0,0,1,0,0,0,0,0,0,0,0.008052,0,0,0,0,0,0,0,0,0,0,0,0,0,0,0,0,0,2026-08-28 13:27:41.127485+00,2026-08-28 13:27:41.127485+00
10,16384,t,-8340081814566666622,"FETCH 50 IN ""query-cursor_47""",0,0,0,0,0,0,8,0.027192,0.002725,0.005826,0.003399,0.0009654709990465794,400,0,0,0,0,0,0,0,0,0,0,0,0,0,0,0,0,0,0,0,0,0,0,0,0,0,0,0,0,0,2026-08-28 12:35:28.129518+00,2026-08-28 12:35:28.129518+00
16410,16412,t,4063262631460120975,"SELECT RES_ENT_ID,LIB_FEAT_ID,FTYPE_ID,UTYPE_CODE,SUPPRESSED,OBS_ENT_CNT FROM RES_FEAT_EKEY WHERE RES_ENT_ID IN ($1,$2,$3,$4) AND FTYPE_ID IN ($5,$6,$7,$8,$9,$10,$11,$12,$13,$14,$15)",0,0,0,0,0,0,5662,1335.948414,0.039414,29.326071,0.23594991416460614,0.7811668059992651,669676,95042,0,0,0,0,0,0,0,0,0,0,0,0,0,0,0,0,0,0,0,0,0,0,0,0,0,0,0,0,2026-08-28 13:27:25.531155+00,2026-08-28 13:27:25.531155+00
10,16384,t,-7291347038062226896,"FETCH 50 IN ""query-cursor_73""",0,0,0,0,0,0,11,0.036545,0.002709,0.00589,0.0033222727272727275,0.0009472789827048738,550,0,0,0,0,0,0,0,0,0,0,0,0,0,0,0,0,0,0,0,0,0,0,0,0,0,0,0,0,0,2026-08-28 13:01:28.131803+00,2026-08-28 13:01:28.131803+00
10,16384,t,5557684501670008027,BEGIN,0,0,0,0,0,0,11051,3.181066999999994,0.000162,0.019379,0.0002878533164419504,0.00034131953291267685,0,0,0,0,0,0,0,0,0,0,0,0,0,0,0,0,0,0,0,0,0,0,0,0,0,0,0,0,0,0,2026-08-28 11:49:27.497786+00,2026-08-28 11:49:27.497786+00
10,16384,t,-1831953081360939337,"MOVE -1672 IN ""query-cursor_147""",0,0,0,0,0,0,1,0.032144,0.032144,0.032144,0.032144,0,0,0,0,0,0,0,0,0,0,0,0,0,0,0,0,0,0,0,0,0,0,0,0,0,0,0,0,0,0,0,2026-08-28 14:20:28.140425+00,2026-08-28 14:20:28.140425+00
10,16384,t,-436945329158786457,"MOVE ALL IN ""query-cursor_61""",0,0,0,0,0,0,1,1.130785,1.130785,1.130785,1.130785,0,0,0,0,0,0,0,0,0,0,0,0,0,0,0,0,0,0,0,0,0,0,0,0,0,0,0,0,0,0,0,2026-08-28 12:49:28.130736+00,2026-08-28 12:49:28.130736+00
10,16384,t,1272018452025876887,"MOVE -194 IN ""query-cursor_11""",0,0,0,0,0,0,1,0.005805,0.005805,0.005805,0.005805,0,0,0,0,0,0,0,0,0,0,0,0,0,0,0,0,0,0,0,0,0,0,0,0,0,0,0,0,0,0,0,2026-08-28 11:59:28.126544+00,2026-08-28 11:59:28.126544+00
16410,16412,t,-5017160063264973174,"SELECT RES_ENT_ID,LIB_FEAT_ID,FTYPE_ID,UTYPE_CODE,SUPPRESSED,OBS_ENT_CNT FROM RES_FEAT_EKEY WHERE RES_ENT_ID IN ($1,$2,$3,$4,$5,$6,$7,$8) AND FTYPE_ID IN ($9,$10,$11,$12,$13,$14,$15,$16,$17)",0,0,0,0,0,0,23126,8016.687852000043,0.070368,93.25695400000001,0.3466525924068167,1.444646974326282,2545851,660420,0,0,0,0,0,0,0,0,0,0,0,0,0,0,0,0,0,0,0,0,0,0,0,0,0,0,0,0,2026-08-28 13:27:29.098692+00,2026-08-28 13:27:29.098692+00
10,16384,t,-4285538506575282711,"MOVE ALL IN ""query-cursor_82""",0,0,0,0,0,0,1,1.331007,1.331007,1.331007,1.331007,0,0,0,0,0,0,0,0,0,0,0,0,0,0,0,0,0,0,0,0,0,0,0,0,0,0,0,0,0,0,0,2026-08-28 13:10:28.132264+00,2026-08-28 13:10:28.132264+00
10,16384,t,5268031612936987516,"select valid_pages, unused_pages, reuse_pages from aurora_storage_metadata_metrics()",0,0,0,0,0,0,176,1.0912330000000001,0.00413,0.02307,0.006200187500000001,0.0022158263270018836,176,0,0,0,0,0,0,0,0,0,0,0,0,0,0,0,0,0,0,0,0,0,0,0,0,0,0,0,0,0,2026-08-28 11:48:37.786336+00,2026-08-28 11:48:37.786336+00
10,16384,t,-2267251819669034330,"select queryid, calls, (total_plan_time + total_exec_time) as total_time, rows, shared_blks_hit, shared_blks_dirtied, shared_blks_read, shared_blks_written, local_blks_hit, local_blks_dirtied, local_blks_read, local_blks_written, temp_blks_read, temp_blks_written, storage_blks_read, orcache_blks_hit, shared_blk_read_time as blk_read_time, shared_blk_write_time as blk_write_time, storage_blk_read_time, local_blk_read_time, orcache_blk_read_time, total_plan_time, total_exec_time from aurora_stat_statements($1) where queryid in ($2, $3, $4, $5, $6, $7, $8, $9, $10, $11, $12, $13, $14, $15, $16, $17, $18, $19, $20, $21, $22, $23, $24, $25, $26, $27, $28, $29, $30, $31, $32, $33, $34, $35, $36, $37, $38, $39, $40, $41, $42, $43, $44, $45, $46, $47, $48, $49, $50, $51, $52, $53, $54, $55, $56, $57, $58, $59, $60)",0,0,0,0,0,0,1,2.5564910000000003,2.5564910000000003,2.5564910000000003,2.5564910000000003,0,60,0,0,0,0,0,0,0,0,0,0,0,0,0,0,0,0,0,0,0,0,0,0,0,0,0,0,0,0,0,2026-08-28 13:47:38.204206+00,2026-08-28 13:47:38.204206+00
16410,16412,t,-1102580095597343801,"UPDATE RES_RELATE AS T SET IS_DISCLOSED=C.IS_DISCLOSED,IS_AMBIGUOUS=C.IS_AMBIGUOUS,LAST_ERRULE_ID=C.LAST_ERRULE_ID,MATCH_KEY=C.MATCH_KEY,MATCH_KEY_DETAILS=C.MATCH_KEY_DETAILS,MATCH_LEVELS=C.MATCH_LEVELS FROM (VALUES (CAST ($1 AS BIGINT),CAST ($2 AS BIGINT),CAST ($3 AS BIGINT),CAST ($4 AS BIGINT),$5,$6,$7),(CAST ($8 AS BIGINT),CAST ($9 AS BIGINT),CAST ($10 AS BIGINT),CAST ($11 AS BIGINT),$12,$13,$14),(CAST ($15 AS BIGINT),CAST ($16 AS BIGINT),CAST ($17 AS BIGINT),CAST ($18 AS BIGINT),$19,$20,$21),(CAST ($22 AS BIGINT),CAST ($23 AS BIGINT),CAST ($24 AS BIGINT),CAST ($25 AS BIGINT),$26,$27,$28)) AS C(RES_REL_ID,IS_DISCLOSED,IS_AMBIGUOUS,LAST_ERRULE_ID,MATCH_KEY,MATCH_KEY_DETAILS,MATCH_LEVELS) WHERE C.RES_REL_ID=T.RES_REL_ID",0,0,0,0,0,0,1777,1438.5604970000027,0.06289399999999999,50.898437,0.8095444552616785,2.9695264594209947,7108,81483,0,0,543,0,0,0,0,0,0,0,21.635191999999975,0,0,0,0,0,0,0,0,0,0,0,0,0,0,0,0,0,2026-08-28 13:27:36.985807+00,2026-08-28 13:27:36.985807+00
10,16384,t,-3222831512519055795,"MOVE ALL IN ""query-cursor_77""",0,0,0,0,0,0,1,1.217401,1.217401,1.217401,1.217401,0,0,0,0,0,0,0,0,0,0,0,0,0,0,0,0,0,0,0,0,0,0,0,0,0,0,0,0,0,0,0,2026-08-28 13:05:28.131931+00,2026-08-28 13:05:28.131931+00
16410,16412,t,-7756908346535307772,"UPDATE OBS_ENT SET LAST_TOUCH_DT=$1,LOCK_DSRC_ACTION=$2 WHERE OBS_ENT_ID=$3 AND LAST_TOUCH_DT =$4 AND LOCKING_ID =$5",0,0,0,0,0,0,304443,195472.3027529973,0.015109000000000001,5309.799865999999,0.6420653546082429,21.600165549204128,304443,4473736,2,0,13586,0,0,0,0,0,0,0,453.4571700000008,0,0,0,0,0,0,0,0,0,0,0,0,0,0,0,0,0,2026-08-28 13:27:25.634654+00,2026-08-28 13:27:25.634654+00
10,16384,t,6532407488442888710,"MOVE -356 IN ""query-cursor_38""",0,0,0,0,0,0,1,0.009527,0.009527,0.009527,0.009527,0,0,0,0,0,0,0,0,0,0,0,0,0,0,0,0,0,0,0,0,0,0,0,0,0,0,0,0,0,0,0,2026-08-28 12:26:28.128724+00,2026-08-28 12:26:28.128724+00
16410,16412,t,3017489788328223669,"INSERT INTO RES_REL_EKEY(RES_REL_ID,RES_ENT_ID,REL_ENT_ID) VALUES ($1,$2,$3),($4,$5,$6),($7,$8,$9),($10,$11,$12),($13,$14,$15),($16,$17,$18),($19,$20,$21),($22,$23,$24),($25,$26,$27),($28,$29,$30),($31,$32,$33),($34,$35,$36) ON CONFLICT DO NOTHING",0,0,0,0,0,0,3665,9454.902268999991,0.126107,78.659598,2.579782338062753,8.252219134060509,43980,349315,0,0,456,0,0,0,0,0,0,0,27.95470400000001,0,0,0,0,0,0,0,0,0,0,0,0,0,0,0,0,0,2026-08-28 13:27:30.872651+00,2026-08-28 13:27:30.872651+00
10,16384,t,-2345331195518215123,"MOVE -1534 IN ""query-cursor_124""",0,0,0,0,0,0,1,0.029495,0.029495,0.029495,0.029495,0,0,0,0,0,0,0,0,0,0,0,0,0,0,0,0,0,0,0,0,0,0,0,0,0,0,0,0,0,0,0,2026-08-28 13:57:28.13844+00,2026-08-28 13:57:28.13844+00
10,16384,t,803134316696101506,"FETCH 0 IN ""query-cursor_126""",0,0,0,0,0,0,1,0.003572,0.003572,0.003572,0.003572,0,0,0,0,0,0,0,0,0,0,0,0,0,0,0,0,0,0,0,0,0,0,0,0,0,0,0,0,0,0,0,2026-08-28 13:59:28.134299+00,2026-08-28 13:59:28.134299+00
10,16384,t,-8790886328907213585,"select queryid, calls, (total_plan_time + total_exec_time) as total_time, rows, shared_blks_hit, shared_blks_dirtied, shared_blks_read, shared_blks_written, local_blks_hit, local_blks_dirtied, local_blks_read, local_blks_written, temp_blks_read, temp_blks_written, storage_blks_read, orcache_blks_hit, shared_blk_read_time as blk_read_time, shared_blk_write_time as blk_write_time, storage_blk_read_time, local_blk_read_time, orcache_blk_read_time, total_plan_time, total_exec_time from aurora_stat_statements($1) where queryid in ($2, $3, $4, $5, $6, $7, $8, $9, $10, $11, $12, $13, $14, $15, $16, $17, $18, $19, $20, $21, $22, $23, $24, $25, $26, $27, $28, $29, $30, $31, $32, $33, $34, $35, $36, $37, $38, $39, $40, $41, $42, $43, $44, $45, $46, $47, $48, $49, $50, $51, $52, $53, $54)",0,0,0,0,0,0,3,4.658318,1.441589,1.668217,1.5527726666666668,0.09256953262758151,161,0,0,0,0,0,0,0,0,0,0,0,0,0,0,0,0,0,0,0,0,0,0,0,0,0,0,0,0,0,2026-08-28 13:32:38.136951+00,2026-08-28 13:32:38.136951+00
10,16384,t,1375936080202888242,"MOVE ALL IN ""query-cursor_9""",0,0,0,0,0,0,1,0.412079,0.412079,0.412079,0.412079,0,0,0,0,0,0,0,0,0,0,0,0,0,0,0,0,0,0,0,0,0,0,0,0,0,0,0,0,0,0,0,2026-08-28 11:57:28.126315+00,2026-08-28 11:57:28.126315+00
16410,16412,t,4373225374695788888,DELETE FROM RES_FEAT_EKEY WHERE ((RES_ENT_ID=$1 AND LIB_FEAT_ID=$2 AND UTYPE_CODE=$3)OR(RES_ENT_ID=$4 AND LIB_FEAT_ID=$5 AND UTYPE_CODE=$6)OR(RES_ENT_ID=$7 AND LIB_FEAT_ID=$8 AND UTYPE_CODE=$9)OR(RES_ENT_ID=$10 AND LIB_FEAT_ID=$11 AND UTYPE_CODE=$12)OR(RES_ENT_ID=$13 AND LIB_FEAT_ID=$14 AND UTYPE_CODE=$15)OR(RES_ENT_ID=$16 AND LIB_FEAT_ID=$17 AND UTYPE_CODE=$18)OR(RES_ENT_ID=$19 AND LIB_FEAT_ID=$20 AND UTYPE_CODE=$21)OR(RES_ENT_ID=$22 AND LIB_FEAT_ID=$23 AND UTYPE_CODE=$24)OR(RES_ENT_ID=$25 AND LIB_FEAT_ID=$26 AND UTYPE_CODE=$27)OR(RES_ENT_ID=$28 AND LIB_FEAT_ID=$29 AND UTYPE_CODE=$30)OR(RES_ENT_ID=$31 AND LIB_FEAT_ID=$32 AND UTYPE_CODE=$33)),0,0,0,0,0,0,1146,10925.623284000014,0.017582,9959.975712,9.533702691099489,294.0810391350938,12592,64261,0,0,0,0,0,0,0,0,0,0,0,0,0,0,0,0,0,0,0,0,0,0,0,0,0,0,0,0,2026-08-28 13:27:34.577277+00,2026-08-28 13:27:34.577277+00
10,16384,t,-2545221671437588109,"FETCH 7 IN ""query-cursor_93""",0,0,0,0,0,0,1,0.001613,0.001613,0.001613,0.001613,0,7,0,0,0,0,0,0,0,0,0,0,0,0,0,0,0,0,0,0,0,0,0,0,0,0,0,0,0,0,0,2026-08-28 13:21:28.135941+00,2026-08-28 13:21:28.135941+00
16410,16412,t,-1309502748359952683,"SELECT RES_ENT_ID,LIB_FEAT_ID,FTYPE_ID,UTYPE_CODE,SUPPRESSED,OBS_ENT_CNT FROM RES_FEAT_EKEY WHERE RES_ENT_ID IN ($1,$2,$3,$4,$5,$6,$7,$8,$9,$10,$11,$12,$13,$14,$15,$16,$17,$18,$19,$20,$21,$22,$23,$24,$25,$26,$27,$28,$29,$30,$31,$32) AND FTYPE_ID IN ($33,$34,$35,$36,$37,$38,$39,$40,$41,$42,$43,$44,$45,$46,$47)",0,0,0,0,0,0,5630,66252.718109,0.310315,1285.9955810000001,11.767800729840141,39.012569908236934,19518494,783957,0,0,0,0,0,0,0,0,0,0,0,0,0,0,0,0,0,0,0,0,0,0,0,0,0,0,0,0,2026-08-28 13:27:26.252578+00,2026-08-28 13:27:26.252578+00
10,16384,t,-5227578968984725450,"FETCH 0 IN ""query-cursor_131""",0,0,0,0,0,0,1,0.003552,0.003552,0.003552,0.003552,0,0,0,0,0,0,0,0,0,0,0,0,0,0,0,0,0,0,0,0,0,0,0,0,0,0,0,0,0,0,0,2026-08-28 14:04:28.134604+00,2026-08-28 14:04:28.134604+00
16410,16412,t,114473936324666226,SELECT perf.snapshot($1),0,0,0,0,0,0,2,44.103606,13.972504,30.131102,22.051803,8.079298999999999,2,3470,19,0,31,0,0,0,0,0,0,21.106582,0.065608,0,0,0,0,0,0,0,0,0,0,0,0,0,0,0,0,0,2026-08-28 13:26:33.635729+00,2026-08-28 13:26:33.635729+00
10,16384,t,6062641078355914408,"FETCH 0 IN ""query-cursor_35""",0,0,0,0,0,0,1,0.003729,0.003729,0.003729,0.003729,0,0,0,0,0,0,0,0,0,0,0,0,0,0,0,0,0,0,0,0,0,0,0,0,0,0,0,0,0,0,0,2026-08-28 12:23:28.127735+00,2026-08-28 12:23:28.127735+00
10,16384,t,6183182294747527861,"MOVE ALL IN ""query-cursor_90""",0,0,0,0,0,0,1,1.456323,1.456323,1.456323,1.456323,0,0,0,0,0,0,0,0,0,0,0,0,0,0,0,0,0,0,0,0,0,0,0,0,0,0,0,0,0,0,0,2026-08-28 13:18:28.133068+00,2026-08-28 13:18:28.133068+00
16410,16412,t,-8030356716779805796,"SELECT RES_ENT_ID,LIB_FEAT_ID,FTYPE_ID,UTYPE_CODE,SUPPRESSED,OBS_ENT_CNT FROM RES_FEAT_EKEY WHERE RES_ENT_ID IN ($1,$2) AND FTYPE_ID IN ($3,$4,$5,$6,$7,$8,$9,$10,$11,$12,$13,$14,$15,$16,$17,$18,$19,$20,$21,$22,$23,$24,$25,$26,$27,$28,$29)",0,0,0,0,0,0,2,0.48012199999999994,0.08157,0.39855199999999996,0.24006099999999997,0.15849099999999997,536,21,0,0,0,0,0,0,0,0,0,0,0,0,0,0,0,0,0,0,0,0,0,0,0,0,0,0,0,0,2026-08-28 13:30:23.395161+00,2026-08-28 13:30:23.395161+00
10,16384,t,-2736686979203469529,"MOVE -1540 IN ""query-cursor_125""",0,0,0,0,0,0,1,0.029886,0.029886,0.029886,0.029886,0,0,0,0,0,0,0,0,0,0,0,0,0,0,0,0,0,0,0,0,0,0,0,0,0,0,0,0,0,0,0,2026-08-28 13:58:28.138575+00,2026-08-28 13:58:28.138575+00
10,16384,t,1655018250277861490,"DECLARE ""query-cursor_24"" SCROLL CURSOR FOR select queryid, left(query, $1), calls, (total_plan_time + total_exec_time) as total_time from aurora_stat_statements($2) order by calls desc limit $3 FOR READ ONLY",0,0,0,0,0,0,1,0.061784,0.061784,0.061784,0.061784,0,0,0,0,0,0,0,0,0,0,0,0,0,0,0,0,0,0,0,0,0,0,0,0,0,0,0,0,0,0,0,2026-08-28 12:12:28.126845+00,2026-08-28 12:12:28.126845+00
10,16384,t,372461125686850405,"DECLARE ""query-cursor_61"" SCROLL CURSOR FOR select queryid, left(query, $1), calls, (total_plan_time + total_exec_time) as total_time from aurora_stat_statements($2) order by calls desc limit $3 FOR READ ONLY",0,0,0,0,0,0,1,0.066544,0.066544,0.066544,0.066544,0,0,0,0,0,0,0,0,0,0,0,0,0,0,0,0,0,0,0,0,0,0,0,0,0,0,0,0,0,0,0,2026-08-28 12:49:28.129516+00,2026-08-28 12:49:28.129516+00
10,16412,t,4743708967602125791,"SELECT COUNT(*)
RELS
,(MAX(RELPAGES::bigint) FILTER (WHERE RELKIND IN ($1,$2,$3,$4) AND RELNAMESPACE<>$5::REGNAMESPACE))*$6
LARGEST_TABLE_BYTES
,(MAX(RELTUPLES::bigint) FILTER (WHERE RELKIND IN ($7,$8,$9,$10) AND RELNAMESPACE<>$11::REGNAMESPACE))
LARGEST_TABLE_TUPLES
,(MAX(RELPAGES::bigint) FILTER (WHERE RELKIND IN ($12,$13) AND RELNAMESPACE<>$14::REGNAMESPACE))*$15
LARGEST_INDEX_BYTES
,(MAX(RELTUPLES::bigint) FILTER (WHERE RELKIND IN ($16,$17) AND RELNAMESPACE<>$18::REGNAMESPACE))
LARGEST_INDEX_TUPLES
,(MAX(RELPAGES::bigint) FILTER (WHERE RELKIND IN ($19,$20,$21,$22) AND RELNAMESPACE=$23::REGNAMESPACE))*$24
LARGEST_CATALOG_TABLE_BYTES
,(MAX(RELTUPLES::bigint) FILTER (WHERE RELKIND IN ($25,$26,$27,$28) AND RELNAMESPACE=$29::REGNAMESPACE))
LARGEST_CATALOG_TABLE_TUPLES
,(MAX(RELPAGES::bigint) FILTER (WHERE RELKIND IN ($30,$31) AND RELNAMESPACE=$32::REGNAMESPACE))*$33
LARGEST_CATALOG_INDEX_BYTES
,(MAX(RELTUPLES::bigint) FILTER (WHERE RELKIND IN ($34,$35) AND RELNAMESPACE=$36::REGNAMESPACE))
LARGEST_CATALOG_INDEX_TUPLES
FROM PG_CATALOG.PG_CLASS",0,0,0,0,0,0,1,0.174992,0.174992,0.174992,0.174992,0,1,14,0,0,0,0,0,0,0,0,0,0,0,0,0,0,0,0,0,0,0,0,0,0,0,0,0,0,0,0,2026-08-28 12:45:00.131123+00,2026-08-28 12:45:00.131123+00
16410,16412,t,-6080537089646543031,"UPDATE RES_FEAT_EKEY AS T SET SUPPRESSED = C.SUPPRESSED FROM (VALUES (CAST ($1 AS BIGINT),CAST ($2 AS BIGINT),$3,$4),(CAST ($5 AS BIGINT),CAST ($6 AS BIGINT),$7,$8),(CAST ($9 AS BIGINT),CAST ($10 AS BIGINT),$11,$12),(CAST ($13 AS BIGINT),CAST ($14 AS BIGINT),$15,$16),(CAST ($17 AS BIGINT),CAST ($18 AS BIGINT),$19,$20),(CAST ($21 AS BIGINT),CAST ($22 AS BIGINT),$23,$24),(CAST ($25 AS BIGINT),CAST ($26 AS BIGINT),$27,$28),(CAST ($29 AS BIGINT),CAST ($30 AS BIGINT),$31,$32),(CAST ($33 AS BIGINT),CAST ($34 AS BIGINT),$35,$36),(CAST ($37 AS BIGINT),CAST ($38 AS BIGINT),$39,$40),(CAST ($41 AS BIGINT),CAST ($42 AS BIGINT),$43,$44)) AS C(RES_ENT_ID,LIB_FEAT_ID,UTYPE_CODE,SUPPRESSED) WHERE C.RES_ENT_ID=T.RES_ENT_ID AND C.LIB_FEAT_ID=T.LIB_FEAT_ID AND C.UTYPE_CODE=T.UTYPE_CODE",0,0,0,0,0,0,130,418.3148839999998,0.09463600000000001,54.570197,3.217806799999998,8.066225061641362,1430,16490,0,0,6,0,0,0,0,0,0,0,0.038755,0,0,0,0,0,0,0,0,0,0,0,0,0,0,0,0,0,2026-08-28 13:27:26.589521+00,2026-08-28 13:27:26.589521+00
16410,16412,t,-662004701140184879,"SELECT CODE_TYPE,CODE,CODE_ID FROM SYS_CODES_USED WHERE CODE_TYPE=$1 AND CODE_ID=$2",0,0,0,0,0,0,72646,1427.550358999986,0.002908,11.004635,0.019650777179748176,0.12318648270598297,72605,212054,0,0,0,0,0,0,0,0,0,0,0,0,0,0,0,0,0,0,0,0,0,0,0,0,0,0,0,0,2026-08-28 13:27:22.096624+00,2026-08-28 13:27:22.096624+00
10,16384,t,8807944927621918795,"MOVE -266 IN ""query-cursor_23""",0,0,0,0,0,0,1,0.008156,0.008156,0.008156,0.008156,0,0,0,0,0,0,0,0,0,0,0,0,0,0,0,0,0,0,0,0,0,0,0,0,0,0,0,0,0,0,0,2026-08-28 12:11:28.127523+00,2026-08-28 12:11:28.127523+00
10,16384,t,-8600104167548717103,"SELECT name,setting FROM pg_settings where vartype in ($1,$2 ,$3)",0,0,0,0,0,0,170,234.82570700000008,1.298148,2.740457,1.3813276882352945,0.18444080129947124,58140,0,0,0,0,0,0,0,0,0,0,0,0,0,0,0,0,0,0,0,0,0,0,0,0,0,0,0,0,0,2026-08-28 11:49:27.694418+00,2026-08-28 11:49:27.694418+00
10,16384,t,4952991722556179502,"MOVE -514 IN ""query-cursor_61""",0,0,0,0,0,0,1,0.011827,0.011827,0.011827,0.011827,0,0,0,0,0,0,0,0,0,0,0,0,0,0,0,0,0,0,0,0,0,0,0,0,0,0,0,0,0,0,0,2026-08-28 12:49:28.130801+00,2026-08-28 12:49:28.130801+00
10,16384,t,281740010231568995,"DECLARE ""query-cursor_80"" SCROLL CURSOR FOR select queryid, left(query, $1), calls, (total_plan_time + total_exec_time) as total_time from aurora_stat_statements($2) order by calls desc limit $3 FOR READ ONLY",0,0,0,0,0,0,1,0.067182,0.067182,0.067182,0.067182,0,0,0,0,0,0,0,0,0,0,0,0,0,0,0,0,0,0,0,0,0,0,0,0,0,0,0,0,0,0,0,2026-08-28 13:08:28.130813+00,2026-08-28 13:08:28.130813+00
10,16384,t,4791725813765453901,"DECLARE ""query-cursor_83"" SCROLL CURSOR FOR select queryid, left(query, $1), calls, (total_plan_time + total_exec_time) as total_time from aurora_stat_statements($2) order by calls desc limit $3 FOR READ ONLY",0,0,0,0,0,0,1,0.067848,0.067848,0.067848,0.067848,0,0,0,0,0,0,0,0,0,0,0,0,0,0,0,0,0,0,0,0,0,0,0,0,0,0,0,0,0,0,0,2026-08-28 13:11:28.131039+00,2026-08-28 13:11:28.131039+00
10,16384,t,-341266866703589696,"FETCH 25 IN ""query-cursor_131""",0,0,0,0,0,0,1,0.002856,0.002856,0.002856,0.002856,0,25,0,0,0,0,0,0,0,0,0,0,0,0,0,0,0,0,0,0,0,0,0,0,0,0,0,0,0,0,0,2026-08-28 14:04:28.149831+00,2026-08-28 14:04:28.149831+00
10,16384,t,7441730592606288748,"FETCH 0 IN ""query-cursor_12""",0,0,0,0,0,0,1,0.00374,0.00374,0.00374,0.00374,0,0,0,0,0,0,0,0,0,0,0,0,0,0,0,0,0,0,0,0,0,0,0,0,0,0,0,0,0,0,0,2026-08-28 12:00:28.126087+00,2026-08-28 12:00:28.126087+00
16410,16412,t,-2745874374281381334,"DELETE FROM RES_ENT WHERE RES_ENT_ID IN ($1,$2,$3,$4)",0,0,0,0,0,0,3,0.103039,0.02684,0.041407,0.03434633333333333,0.0059552965967746355,10,40,0,0,0,0,0,0,0,0,0,0,0,0,0,0,0,0,0,0,0,0,0,0,0,0,0,0,0,0,2026-08-28 13:30:14.293443+00,2026-08-28 13:30:14.293443+00
16410,16412,t,-1491818571435089637,"INSERT INTO RES_FEAT_STAT(LIB_FEAT_ID,FTYPE_ID,NUM_RES_ENT,NUM_RES_ENT_OOM) VALUES ($1,$2,$3,$4),($5,$6,$7,$8),($9,$10,$11,$12),($13,$14,$15,$16),($17,$18,$19,$20),($21,$22,$23,$24),($25,$26,$27,$28),($29,$30,$31,$32),($33,$34,$35,$36),($37,$38,$39,$40),($41,$42,$43,$44),($45,$46,$47,$48),($49,$50,$51,$52),($53,$54,$55,$56),($57,$58,$59,$60),($61,$62,$63,$64),($65,$66,$67,$68),($69,$70,$71,$72),($73,$74,$75,$76),($77,$78,$79,$80),($81,$82,$83,$84),($85,$86,$87,$88),($89,$90,$91,$92),($93,$94,$95,$96),($97,$98,$99,$100) ON CONFLICT DO NOTHING",0,0,0,0,0,0,634624,2439687.5269749956,0.108157,3289.4880089999997,3.8443039137741333,18.668178628836934,15849051,128298211,3,0,150614,0,0,0,0,0,0,0.834047,4692.570796999957,0,0,0,0,0,0,0,0,0,0,0,0,0,0,0,0,0,2026-08-28 13:27:22.174939+00,2026-08-28 13:27:22.174939+00
10,16384,t,5561181531719192011,"FETCH 50 IN ""query-cursor_21""",0,0,0,0,0,0,5,0.017526,0.002856,0.005123,0.0035052,0.0008346303133723341,250,0,0,0,0,0,0,0,0,0,0,0,0,0,0,0,0,0,0,0,0,0,0,0,0,0,0,0,0,0,2026-08-28 12:09:28.127402+00,2026-08-28 12:09:28.127402+00
10,16384,t,4470778601750250350,"FETCH 50 IN ""query-cursor_1""",0,0,0,0,0,0,1,0.004826,0.004826,0.004826,0.004826,0,50,0,0,0,0,0,0,0,0,0,0,0,0,0,0,0,0,0,0,0,0,0,0,0,0,0,0,0,0,0,2026-08-28 11:49:28.123315+00,2026-08-28 11:49:28.123315+00
16410,16412,t,-5438095189772993696,"SELECT OBS_ENT_ID,RES_ENT_ID FROM RES_ENT_OKEY WHERE RES_ENT_ID IN ($1)",0,0,0,0,0,0,4014008,75133.29769099277,0.003066,36.602309,0.018717774775484447,0.12178381337601027,4063360,19625245,0,0,0,0,0,0,0,0,0,0,0,0,0,0,0,0,0,0,0,0,0,0,0,0,0,0,0,0,2026-08-28 13:27:22.881686+00,2026-08-28 13:27:22.881686+00
10,16384,t,838643753167231836,"FETCH 21 IN ""query-cursor_49""",0,0,0,0,0,0,1,0.002078,0.002078,0.002078,0.002078,0,21,0,0,0,0,0,0,0,0,0,0,0,0,0,0,0,0,0,0,0,0,0,0,0,0,0,0,0,0,0,2026-08-28 12:37:28.131061+00,2026-08-28 12:37:28.131061+00
10,16384,t,9162133371016499712,"FETCH 0 IN ""query-cursor_143""",0,0,0,0,0,0,1,0.003581,0.003581,0.003581,0.003581,0,0,0,0,0,0,0,0,0,0,0,0,0,0,0,0,0,0,0,0,0,0,0,0,0,0,0,0,0,0,0,2026-08-28 14:16:28.135375+00,2026-08-28 14:16:28.135375+00
16410,16412,t,-45630913880517210,CREATE UNIQUE INDEX OBS_ENT_SK ON OBS_ENT(OBS_ENT_ID),0,0,0,0,0,0,1,2.609669,2.609669,2.609669,2.609669,0,0,87,0,0,0,0,0,0,0,0,0,0,0,0,0,0,0,0,0,0,0,0,0,0,0,0,0,0,0,0,2026-08-28 11:51:27.885706+00,2026-08-28 11:51:27.885706+00
16410,16412,t,-3601870820483953091,"SELECT RES_ENT_ID,LIB_FEAT_ID,FTYPE_ID,UTYPE_CODE,SUPPRESSED,OBS_ENT_CNT FROM RES_FEAT_EKEY WHERE RES_ENT_ID IN ($1,$2,$3,$4) AND FTYPE_ID IN ($5,$6,$7,$8,$9,$10,$11,$12,$13,$14,$15,$16,$17,$18,$19,$20,$21,$22,$23,$24,$25,$26,$27,$28,$29,$30,$31,$32,$33,$34,$35,$36,$37,$38,$39,$40,$41,$42,$43,$44,$45,$46,$47,$48,$49,$50,$51,$52,$53,$54,$55,$56,$57,$58,$59,$60,$61,$62,$63,$64)",0,0,0,0,0,0,1,0.150216,0.150216,0.150216,0.150216,0,49,13,0,0,0,0,0,0,0,0,0,0,0,0,0,0,0,0,0,0,0,0,0,0,0,0,0,0,0,0,2026-08-28 13:41:37.690208+00,2026-08-28 13:41:37.690208+00
10,16384,t,-2206830161419907928,"FETCH 50 IN ""query-cursor_103""",0,0,0,0,0,0,26,0.115279,0.002992,0.006496,0.004433807692307693,0.001202304390590476,1300,0,0,0,0,0,0,0,0,0,0,0,0,0,0,0,0,0,0,0,0,0,0,0,0,0,0,0,0,0,2026-08-28 13:31:28.137291+00,2026-08-28 13:31:28.137291+00
16410,16412,t,2262463730115844292,"UPDATE OBS_ENT SET LAST_TOUCH_DT=$5,LOCKING_ID=$1 WHERE OBS_ENT_ID=$2 AND LAST_TOUCH_DT=$3 AND (LOCKING_ID=$4 OR LOCKING_ID IS NULL)",0,0,0,0,0,0,1,0.060841,0.060841,0.060841,0.060841,0,1,11,0,0,0,0,0,0,0,0,0,0,0,0,0,0,0,0,0,0,0,0,0,0,0,0,0,0,0,0,2026-08-28 13:41:47.75511+00,2026-08-28 13:41:47.75511+00
10,16384,t,6795511765294252995,"FETCH 0 IN ""query-cursor_122""",0,0,0,0,0,0,1,0.003227,0.003227,0.003227,0.003227,0,0,0,0,0,0,0,0,0,0,0,0,0,0,0,0,0,0,0,0,0,0,0,0,0,0,0,0,0,0,0,2026-08-28 13:55:28.133989+00,2026-08-28 13:55:28.133989+00
16410,16412,t,4531855162862574741,"SELECT RES_ENT_ID,LIB_FEAT_ID,FTYPE_ID,UTYPE_CODE,SUPPRESSED,OBS_ENT_CNT FROM RES_FEAT_EKEY WHERE RES_ENT_ID IN ($1,$2,$3,$4) AND FTYPE_ID IN ($5,$6,$7,$8,$9,$10,$11,$12,$13,$14,$15,$16,$17)",0,0,0,0,0,0,3995,2049.9242070000014,0.044309,68.40030399999999,0.5131224548185235,2.544070325895403,849903,69488,0,0,0,0,0,0,0,0,0,0,0,0,0,0,0,0,0,0,0,0,0,0,0,0,0,0,0,0,2026-08-28 13:27:23.39107+00,2026-08-28 13:27:23.39107+00
10,16384,t,1018833187201849569,"FETCH 0 IN ""query-cursor_14""",0,0,0,0,0,0,1,0.003332,0.003332,0.003332,0.003332,0,0,0,0,0,0,0,0,0,0,0,0,0,0,0,0,0,0,0,0,0,0,0,0,0,0,0,0,0,0,0,2026-08-28 12:02:28.126099+00,2026-08-28 12:02:28.126099+00
16410,16412,t,-744384456506402766,"INSERT INTO RES_FEAT_STAT(LIB_FEAT_ID,FTYPE_ID,NUM_RES_ENT,NUM_RES_ENT_OOM) VALUES ($1,$2,$3,$4),($5,$6,$7,$8),($9,$10,$11,$12),($13,$14,$15,$16),($17,$18,$19,$20),($21,$22,$23,$24),($25,$26,$27,$28),($29,$30,$31,$32),($33,$34,$35,$36),($37,$38,$39,$40),($41,$42,$43,$44),($45,$46,$47,$48),($49,$50,$51,$52),($53,$54,$55,$56),($57,$58,$59,$60),($61,$62,$63,$64),($65,$66,$67,$68),($69,$70,$71,$72),($73,$74,$75,$76),($77,$78,$79,$80),($81,$82,$83,$84) ON CONFLICT DO NOTHING",0,0,0,0,0,0,16583,97307.21212899998,0.175831,705.754909,5.867889533196646,21.653532398289716,348109,2847879,0,0,3070,0,0,0,0,0,0,0,179.36385499999952,0,0,0,0,0,0,0,0,0,0,0,0,0,0,0,0,0,2026-08-28 13:27:22.615422+00,2026-08-28 13:27:22.615422+00
16410,16412,t,54861303322837064,DEALLOCATE ALL,0,0,0,0,0,0,5456,345.60692400000005,0.000528,11.072484,0.06334437756598241,0.19694359846620393,0,0,0,0,0,0,0,0,0,0,0,0,0,0,0,0,0,0,0,0,0,0,0,0,0,0,0,0,0,0,2026-08-28 11:53:35.221792+00,2026-08-28 11:53:35.221792+00
10,16384,t,-1731649820121792794,"FETCH 37 IN ""query-cursor_65""",0,0,0,0,0,0,1,0.00284,0.00284,0.00284,0.00284,0,37,0,0,0,0,0,0,0,0,0,0,0,0,0,0,0,0,0,0,0,0,0,0,0,0,0,0,0,0,0,2026-08-28 12:53:28.132908+00,2026-08-28 12:53:28.132908+00
10,16384,t,-1283777146965229837,"MOVE -188 IN ""query-cursor_10""",0,0,0,0,0,0,1,0.005945,0.005945,0.005945,0.005945,0,0,0,0,0,0,0,0,0,0,0,0,0,0,0,0,0,0,0,0,0,0,0,0,0,0,0,0,0,0,0,2026-08-28 11:58:28.1264+00,2026-08-28 11:58:28.1264+00
10,16384,t,-4900860312552667751,"FETCH 50 IN ""query-cursor_114""",0,0,0,0,0,0,29,0.298628,0.006214,0.024787,0.01029751724137931,0.0035673880101861613,1450,0,0,0,0,0,0,0,0,0,0,0,0,0,0,0,0,0,0,0,0,0,0,0,0,0,0,0,0,0,2026-08-28 13:47:28.140601+00,2026-08-28 13:47:28.140601+00
10,16384,t,-2996319875308670898,"MOVE ALL IN ""query-cursor_64""",0,0,0,0,0,0,1,1.172892,1.172892,1.172892,1.172892,0,0,0,0,0,0,0,0,0,0,0,0,0,0,0,0,0,0,0,0,0,0,0,0,0,0,0,0,0,0,0,2026-08-28 12:52:28.130972+00,2026-08-28 12:52:28.130972+00
16410,16412,t,6313861768614848832,DELETE FROM RES_FEAT_EKEY WHERE ((RES_ENT_ID=$1 AND LIB_FEAT_ID=$2 AND UTYPE_CODE=$3)OR(RES_ENT_ID=$4 AND LIB_FEAT_ID=$5 AND UTYPE_CODE=$6)OR(RES_ENT_ID=$7 AND LIB_FEAT_ID=$8 AND UTYPE_CODE=$9)OR(RES_ENT_ID=$10 AND LIB_FEAT_ID=$11 AND UTYPE_CODE=$12)OR(RES_ENT_ID=$13 AND LIB_FEAT_ID=$14 AND UTYPE_CODE=$15)OR(RES_ENT_ID=$16 AND LIB_FEAT_ID=$17 AND UTYPE_CODE=$18)OR(RES_ENT_ID=$19 AND LIB_FEAT_ID=$20 AND UTYPE_CODE=$21)OR(RES_ENT_ID=$22 AND LIB_FEAT_ID=$23 AND UTYPE_CODE=$24)OR(RES_ENT_ID=$25 AND LIB_FEAT_ID=$26 AND UTYPE_CODE=$27)OR(RES_ENT_ID=$28 AND LIB_FEAT_ID=$29 AND UTYPE_CODE=$30)OR(RES_ENT_ID=$31 AND LIB_FEAT_ID=$32 AND UTYPE_CODE=$33)OR(RES_ENT_ID=$34 AND LIB_FEAT_ID=$35 AND UTYPE_CODE=$36)OR(RES_ENT_ID=$37 AND LIB_FEAT_ID=$38 AND UTYPE_CODE=$39)OR(RES_ENT_ID=$40 AND LIB_FEAT_ID=$41 AND UTYPE_CODE=$42)OR(RES_ENT_ID=$43 AND LIB_FEAT_ID=$44 AND UTYPE_CODE=$45)OR(RES_ENT_ID=$46 AND LIB_FEAT_ID=$47 AND UTYPE_CODE=$48)OR(RES_ENT_ID=$49 AND LIB_FEAT_ID=$50 AND UTYPE_CODE=$51)OR(RES_ENT_ID=$52 AND LIB_FEAT_ID=$53 AND UTYPE_CODE=$54)OR(RES_ENT_ID=$55 AND LIB_FEAT_ID=$56 AND UTYPE_CODE=$57)OR(RES_ENT_ID=$58 AND LIB_FEAT_ID=$59 AND UTYPE_CODE=$60)OR(RES_ENT_ID=$61 AND LIB_FEAT_ID=$62 AND UTYPE_CODE=$63)OR(RES_ENT_ID=$64 AND LIB_FEAT_ID=$65 AND UTYPE_CODE=$66)OR(RES_ENT_ID=$67 AND LIB_FEAT_ID=$68 AND UTYPE_CODE=$69)OR(RES_ENT_ID=$70 AND LIB_FEAT_ID=$71 AND UTYPE_CODE=$72)OR(RES_ENT_ID=$73 AND LIB_FEAT_ID=$74 AND UTYPE_CODE=$75)OR(RES_ENT_ID=$76 AND LIB_FEAT_ID=$77 AND UTYPE_CODE=$78)OR(RES_ENT_ID=$79 AND LIB_FEAT_ID=$80 AND UTYPE_CODE=$81)OR(RES_ENT_ID=$82 AND LIB_FEAT_ID=$83 AND UTYPE_CODE=$84)OR(RES_ENT_ID=$85 AND LIB_FEAT_ID=$86 AND UTYPE_CODE=$87)),0,0,0,0,0,0,137,188.78990300000004,0.10833200000000001,39.186295,1.3780284890510952,5.867015061189058,3973,19759,0,0,0,0,0,0,0,0,0,0,0,0,0,0,0,0,0,0,0,0,0,0,0,0,0,0,0,0,2026-08-28 13:28:10.02327+00,2026-08-28 13:28:10.02327+00
16410,16412,t,-3473788582042848741,"UPDATE RES_FEAT_STAT AS T SET FTYPE_ID=C.FTYPE_ID,NUM_RES_ENT=C.NUM_RES_ENT_NEW,NUM_RES_ENT_OOM=C.NUM_RES_ENT_OOM_NEW FROM (VALUES (CAST ($1 AS BIGINT),CAST ($2 AS INT),CAST ($3 AS BIGINT),CAST ($4 AS BIGINT),CAST ($5 AS BIGINT),CAST ($6 AS BIGINT))) AS C(LIB_FEAT_ID,FTYPE_ID,NUM_RES_ENT_OLD,NUM_RES_ENT_OOM_OLD,NUM_RES_ENT_NEW,NUM_RES_ENT_OOM_NEW) WHERE C.LIB_FEAT_ID=T.LIB_FEAT_ID AND C.NUM_RES_ENT_OLD=T.NUM_RES_ENT AND C.NUM_RES_ENT_OOM_OLD=T.NUM_RES_ENT_OOM",0,0,0,0,0,0,10522,2538557.5022339914,0.006252,14683.305345,241.26188008306323,1463.6941914920312,4363,249155,0,0,54,0,0,0,0,0,0,0,0.18070299999999997,0,0,0,0,0,0,0,0,0,0,0,0,0,0,0,0,0,2026-08-28 13:27:31.032949+00,2026-08-28 13:27:31.032949+00
16410,16412,t,-6655075994656063015,"UPDATE RES_FEAT_EKEY AS T SET SUPPRESSED=C.SUPPRESSED,OBS_ENT_CNT=C.OBS_ENT_CNT FROM (VALUES (CAST ($1 AS BIGINT),CAST ($2 AS BIGINT),$3,$4,CAST ($5 AS BIGINT)),(CAST ($6 AS BIGINT),CAST ($7 AS BIGINT),$8,$9,CAST ($10 AS BIGINT)),(CAST ($11 AS BIGINT),CAST ($12 AS BIGINT),$13,$14,CAST ($15 AS BIGINT)),(CAST ($16 AS BIGINT),CAST ($17 AS BIGINT),$18,$19,CAST ($20 AS BIGINT)),(CAST ($21 AS BIGINT),CAST ($22 AS BIGINT),$23,$24,CAST ($25 AS BIGINT)),(CAST ($26 AS BIGINT),CAST ($27 AS BIGINT),$28,$29,CAST ($30 AS BIGINT))) AS C(RES_ENT_ID,LIB_FEAT_ID,UTYPE_CODE,SUPPRESSED,OBS_ENT_CNT) WHERE C.RES_ENT_ID=T.RES_ENT_ID AND C.LIB_FEAT_ID=T.LIB_FEAT_ID AND C.UTYPE_CODE=T.UTYPE_CODE",0,0,0,0,0,0,836,1700.808302000002,0.070269,48.205494,2.0344596913875623,6.292759375044793,5016,61607,0,0,9,0,0,0,0,0,0,0,2.2988399999999998,0,0,0,0,0,0,0,0,0,0,0,0,0,0,0,0,0,2026-08-28 13:27:43.600272+00,2026-08-28 13:27:43.600272+00
10,16384,t,3088789363496126839,"SELECT public.rds_set_password($1,$2)",0,0,0,0,0,0,1,7.821674000000001,7.821674000000001,7.821674000000001,7.821674000000001,0,1,28,2,0,0,0,0,0,0,0,0,0.982438,0,0,0,0,0,0,0,0,0,0,0,0,0,0,0,0,0,0,2026-08-28 11:49:42.790763+00,2026-08-28 11:49:42.790763+00
16410,16412,t,-7216438724184009132,"UPDATE RES_RELATE AS T SET IS_DISCLOSED=C.IS_DISCLOSED,IS_AMBIGUOUS=C.IS_AMBIGUOUS,LAST_ERRULE_ID=C.LAST_ERRULE_ID,MATCH_KEY=C.MATCH_KEY,MATCH_KEY_DETAILS=C.MATCH_KEY_DETAILS,MATCH_LEVELS=C.MATCH_LEVELS FROM (VALUES (CAST ($1 AS BIGINT),CAST ($2 AS BIGINT),CAST ($3 AS BIGINT),CAST ($4 AS BIGINT),$5,$6,$7),(CAST ($8 AS BIGINT),CAST ($9 AS BIGINT),CAST ($10 AS BIGINT),CAST ($11 AS BIGINT),$12,$13,$14),(CAST ($15 AS BIGINT),CAST ($16 AS BIGINT),CAST ($17 AS BIGINT),CAST ($18 AS BIGINT),$19,$20,$21),(CAST ($22 AS BIGINT),CAST ($23 AS BIGINT),CAST ($24 AS BIGINT),CAST ($25 AS BIGINT),$26,$27,$28),(CAST ($29 AS BIGINT),CAST ($30 AS BIGINT),CAST ($31 AS BIGINT),CAST ($32 AS BIGINT),$33,$34,$35),(CAST ($36 AS BIGINT),CAST ($37 AS BIGINT),CAST ($38 AS BIGINT),CAST ($39 AS BIGINT),$40,$41,$42),(CAST ($43 AS BIGINT),CAST ($44 AS BIGINT),CAST ($45 AS BIGINT),CAST ($46 AS BIGINT),$47,$48,$49),(CAST ($50 AS BIGINT),CAST ($51 AS BIGINT),CAST ($52 AS BIGINT),CAST ($53 AS BIGINT),$54,$55,$56)) AS C(RES_REL_ID,IS_DISCLOSED,IS_AMBIGUOUS,LAST_ERRULE_ID,MATCH_KEY,MATCH_KEY_DETAILS,MATCH_LEVELS) WHERE C.RES_REL_ID=T.RES_REL_ID",0,0,0,0,0,0,607,1291.8628449999999,0.107311,81.002357,2.1282748682042834,7.110415321855519,4856,55122,0,0,375,0,0,0,0,0,0,0,19.04835400000002,0,0,0,0,0,0,0,0,0,0,0,0,0,0,0,0,0,2026-08-28 13:27:39.814861+00,2026-08-28 13:27:39.814861+00
10,16384,t,-5575549214117457175,"select queryid, calls, (total_plan_time + total_exec_time) as total_time, rows, shared_blks_hit, shared_blks_dirtied, shared_blks_read, shared_blks_written, local_blks_hit, local_blks_dirtied, local_blks_read, local_blks_written, temp_blks_read, temp_blks_written, storage_blks_read, orcache_blks_hit, shared_blk_read_time as blk_read_time, shared_blk_write_time as blk_write_time, storage_blk_read_time, local_blk_read_time, orcache_blk_read_time, total_plan_time, total_exec_time from aurora_stat_statements($1) where queryid in ($2, $3, $4, $5, $6, $7, $8, $9, $10, $11, $12, $13, $14, $15, $16, $17, $18, $19, $20, $21, $22, $23, $24, $25, $26, $27, $28, $29, $30, $31, $32, $33, $34, $35, $36, $37, $38, $39, $40, $41, $42, $43, $44, $45, $46, $47, $48, $49, $50, $51, $52, $53, $54, $55, $56, $57, $58, $59, $60, $61, $62, $63, $64, $65, $66, $67, $68, $69, $70, $71)",0,0,0,0,0,0,4,5.531841999999999,1.34891,1.4319,1.3829604999999998,0.030323228567387152,292,0,0,0,0,0,0,0,0,0,0,0,0,0,0,0,0,0,0,0,0,0,0,0,0,0,0,0,0,0,2026-08-28 13:27:38.135941+00,2026-08-28 13:27:38.135941+00
16410,16412,t,8047262180899210602,"COPY  ( SELECT date_trunc ( 'minute' , first_seen_dt ) AS time, count ( * ) AS inserts_per_minute FROM dsrc_record GROUP BY time ORDER BY time DESC ) TO STDOUT WITH CSV HEADER",0,0,0,0,0,0,1,287.415757,287.415757,287.415757,287.415757,0,18,40255,0,0,0,0,0,0,0,1464,1469,0,0,0,0,2.191617,6.081506,0,0,0,0,0,0,0,0,0,0,0,0,0,2026-08-28 14:44:02.324454+00,2026-08-28 14:44:02.324454+00
10,16384,t,-7756943615440581284,select oid from pg_tablespace where spcname = $1,0,0,0,0,0,0,1,1.0463,1.0463,1.0463,1.0463,0,1,1,1,0,0,0,0,0,0,0,0,1.022222,0,0,0,0,0,0,0,0,0,0,0,0,0,0,0,0,0,0,2026-08-28 11:48:11.329448+00,2026-08-28 11:48:11.329448+00
16410,16412,t,6664832995477049627,"SELECT f.relname,
       f.n_tup_ins     - b.n_tup_ins     AS ins,
       f.n_tup_upd     - b.n_tup_upd     AS upd,
       f.n_tup_del     - b.n_tup_del     AS del,
       f.n_tup_hot_upd - b.n_tup_hot_upd AS hot_upd,
       f.seq_scan      - b.seq_scan      AS seq_scan,
       f.idx_scan      - b.idx_scan      AS idx_scan,
       f.heap_blks_read - b.heap_blks_read AS heap_read,
       f.heap_blks_hit  - b.heap_blks_hit  AS heap_hit,
       f.idx_blks_read  - b.idx_blks_read  AS idx_read
FROM perf.snap_table f JOIN perf.snap_table b USING (relid)
WHERE f.label=$1 AND b.label=$2
  AND (f.n_tup_ins - b.n_tup_ins)
    + (f.n_tup_upd - b.n_tup_upd)
    + (f.n_tup_del - b.n_tup_del) > $3
ORDER BY (f.n_tup_ins - b.n_tup_ins)
       + (f.n_tup_upd - b.n_tup_upd)
       + (f.n_tup_del - b.n_tup_del) DESC",0,0,0,0,0,0,1,0.171155,0.171155,0.171155,0.171155,0,17,23,0,0,0,0,0,0,0,0,0,0,0,0,0,0,0,0,0,0,0,0,0,0,0,0,0,0,0,0,2026-08-28 14:43:54.88954+00,2026-08-28 14:43:54.88954+00
10,16384,t,-6447179967587810146,"MOVE ALL IN ""query-cursor_59""",0,0,0,0,0,0,1,1.104217,1.104217,1.104217,1.104217,0,0,0,0,0,0,0,0,0,0,0,0,0,0,0,0,0,0,0,0,0,0,0,0,0,0,0,0,0,0,0,2026-08-28 12:47:28.130572+00,2026-08-28 12:47:28.130572+00
10,16384,t,860547518515751454,"MOVE ALL IN ""query-cursor_26""",0,0,0,0,0,0,1,0.5757,0.5757,0.5757,0.5757,0,0,0,0,0,0,0,0,0,0,0,0,0,0,0,0,0,0,0,0,0,0,0,0,0,0,0,0,0,0,0,2026-08-28 12:14:28.127668+00,2026-08-28 12:14:28.127668+00
10,16384,t,1109844212560183842,"FETCH 1 IN ""query-cursor_92""",0,0,0,0,0,0,1,0.001554,0.001554,0.001554,0.001554,0,1,0,0,0,0,0,0,0,0,0,0,0,0,0,0,0,0,0,0,0,0,0,0,0,0,0,0,0,0,0,2026-08-28 13:20:28.135828+00,2026-08-28 13:20:28.135828+00
10,16384,t,-8029346732668241983,"FETCH 0 IN ""query-cursor_46""",0,0,0,0,0,0,1,0.004023,0.004023,0.004023,0.004023,0,0,0,0,0,0,0,0,0,0,0,0,0,0,0,0,0,0,0,0,0,0,0,0,0,0,0,0,0,0,0,2026-08-28 12:34:28.128429+00,2026-08-28 12:34:28.128429+00
10,16384,t,-2732452707535345426,"DECLARE ""query-cursor_18"" SCROLL CURSOR FOR select queryid, left(query, $1), calls, (total_plan_time + total_exec_time) as total_time from aurora_stat_statements($2) order by calls desc limit $3 FOR READ ONLY",0,0,0,0,0,0,1,0.063874,0.063874,0.063874,0.063874,0,0,0,0,0,0,0,0,0,0,0,0,0,0,0,0,0,0,0,0,0,0,0,0,0,0,0,0,0,0,0,2026-08-28 12:06:28.12647+00,2026-08-28 12:06:28.12647+00
10,16384,t,1444229378710159251,SELECT count(*) from pg_catalog.pg_proc where proname=$1 and pronamespace=$2::regnamespace::oid,0,0,0,0,0,0,176,4.605335999999999,0.00814,2.663967,0.026166681818181815,0.1994387723122315,176,526,2,0,0,0,0,0,0,0,0,2.651542,0,0,0,0,0,0,0,0,0,0,0,0,0,0,0,0,0,0,2026-08-28 11:48:37.969164+00,2026-08-28 11:48:37.969164+00
16410,16412,t,-5266833737385749841,"SELECT RES_ENT_ID,LIB_FEAT_ID,FTYPE_ID,UTYPE_CODE,SUPPRESSED,OBS_ENT_CNT FROM RES_FEAT_EKEY WHERE RES_ENT_ID IN ($1,$2,$3,$4,$5,$6,$7,$8,$9,$10,$11,$12,$13,$14,$15,$16,$17,$18,$19,$20,$21,$22,$23,$24,$25,$26,$27,$28,$29,$30,$31,$32,$33,$34,$35,$36,$37,$38,$39,$40,$41,$42,$43,$44,$45,$46,$47,$48,$49,$50,$51,$52,$53,$54,$55,$56,$57,$58,$59,$60,$61,$62,$63,$64,$65,$66,$67,$68,$69,$70,$71,$72,$73,$74,$75,$76,$77,$78,$79,$80,$81,$82,$83,$84,$85,$86,$87,$88,$89,$90,$91,$92) AND FTYPE_ID IN ($93,$94,$95,$96,$97,$98,$99,$100)",0,0,0,0,0,0,18,49.204886,1.237131,11.922939000000001,2.733604777777778,2.6976646587462265,22933,5199,0,0,0,0,0,0,0,0,0,0,0,0,0,0,0,0,0,0,0,0,0,0,0,0,0,0,0,0,2026-08-28 13:37:11.673165+00,2026-08-28 13:37:11.673165+00
10,16384,t,-4442955528627619855,"FETCH 50 IN ""query-cursor_153""",0,0,0,0,0,0,34,0.15299900000000002,0.003118,0.00753,0.0044999705882352945,0.0011256823939620475,1700,0,0,0,0,0,0,0,0,0,0,0,0,0,0,0,0,0,0,0,0,0,0,0,0,0,0,0,0,0,2026-08-28 14:26:28.140969+00,2026-08-28 14:26:28.140969+00
16410,16412,t,3533846751243031499,"SELECT RES_ENT_ID,LIB_FEAT_ID,FTYPE_ID,UTYPE_CODE,SUPPRESSED,OBS_ENT_CNT FROM RES_FEAT_EKEY WHERE RES_ENT_ID IN ($1,$2,$3,$4,$5,$6,$7,$8,$9,$10,$11,$12,$13,$14,$15,$16,$17,$18,$19,$20,$21,$22,$23,$24,$25,$26,$27,$28,$29,$30,$31,$32,$33,$34,$35,$36,$37,$38,$39,$40,$41,$42,$43,$44,$45,$46,$47,$48,$49,$50,$51,$52,$53,$54,$55,$56,$57,$58,$59,$60,$61,$62,$63,$64) AND FTYPE_ID IN ($65,$66,$67,$68,$69)",0,0,0,0,0,0,1,0.99942,0.99942,0.99942,0.99942,0,409,156,0,0,0,0,0,0,0,0,0,0,0,0,0,0,0,0,0,0,0,0,0,0,0,0,0,0,0,0,2026-08-28 13:41:26.633389+00,2026-08-28 13:41:26.633389+00
10,16384,t,6821271399689077564,"FETCH 0 IN ""query-cursor_165""",0,0,0,0,0,0,1,0.003674,0.003674,0.003674,0.003674,0,0,0,0,0,0,0,0,0,0,0,0,0,0,0,0,0,0,0,0,0,0,0,0,0,0,0,0,0,0,0,2026-08-28 14:38:28.136717+00,2026-08-28 14:38:28.136717+00
10,16384,t,1795437053645089376,"FETCH 0 IN ""query-cursor_93""",0,0,0,0,0,0,1,0.003271,0.003271,0.003271,0.003271,0,0,0,0,0,0,0,0,0,0,0,0,0,0,0,0,0,0,0,0,0,0,0,0,0,0,0,0,0,0,0,2026-08-28 13:21:28.131796+00,2026-08-28 13:21:28.131796+00
10,16384,t,5490768581554738575,"FETCH 50 IN ""query-cursor_60""",0,0,0,0,0,0,10,0.032428,0.002762,0.005824,0.0032427999999999997,0.0008811118884682013,500,0,0,0,0,0,0,0,0,0,0,0,0,0,0,0,0,0,0,0,0,0,0,0,0,0,0,0,0,0,2026-08-28 12:48:28.130822+00,2026-08-28 12:48:28.130822+00
10,16384,t,-8833862053687708469,"MOVE -1510 IN ""query-cursor_120""",0,0,0,0,0,0,1,0.029103,0.029103,0.029103,0.029103,0,0,0,0,0,0,0,0,0,0,0,0,0,0,0,0,0,0,0,0,0,0,0,0,0,0,0,0,0,0,0,2026-08-28 13:53:28.13814+00,2026-08-28 13:53:28.13814+00
16410,16412,t,-3412172687818944753,"SELECT RES_ENT_ID,LIB_FEAT_ID,FTYPE_ID,UTYPE_CODE,SUPPRESSED,OBS_ENT_CNT FROM RES_FEAT_EKEY WHERE RES_ENT_ID IN ($1) AND FTYPE_ID IN ($2,$3,$4,$5,$6,$7,$8,$9,$10,$11,$12,$13,$14)",0,0,0,0,0,0,7163,813.2891639999993,0.016880000000000003,24.245472,0.11354029931592899,0.708890169187186,316036,33659,0,0,0,0,0,0,0,0,0,0,0,0,0,0,0,0,0,0,0,0,0,0,0,0,0,0,0,0,2026-08-28 13:27:23.386212+00,2026-08-28 13:27:23.386212+00
10,16384,t,-1738020715333993650,"FETCH 50 IN ""query-cursor_44""",0,0,0,0,0,0,7,0.024697999999999998,0.002964,0.005676,0.003528285714285714,0.0008996470282895419,350,0,0,0,0,0,0,0,0,0,0,0,0,0,0,0,0,0,0,0,0,0,0,0,0,0,0,0,0,0,2026-08-28 12:32:28.129281+00,2026-08-28 12:32:28.129281+00
10,16384,t,-8191676631303631183,"MOVE ALL IN ""query-cursor_20""",0,0,0,0,0,0,1,0.544071,0.544071,0.544071,0.544071,0,0,0,0,0,0,0,0,0,0,0,0,0,0,0,0,0,0,0,0,0,0,0,0,0,0,0,0,0,0,0,2026-08-28 12:08:28.127252+00,2026-08-28 12:08:28.127252+00
16410,16412,t,-3502453116086143639,"INSERT INTO RES_FEAT_EKEY(RES_ENT_ID,LIB_FEAT_ID,FTYPE_ID,UTYPE_CODE,SUPPRESSED,OBS_ENT_CNT) VALUES ($1,$2,$3,$4,$5,$6),($7,$8,$9,$10,$11,$12),($13,$14,$15,$16,$17,$18),($19,$20,$21,$22,$23,$24),($25,$26,$27,$28,$29,$30),($31,$32,$33,$34,$35,$36) ON CONFLICT DO NOTHING",0,0,0,0,0,0,67321,192507.63632900032,0.075317,1350.7937619999998,2.859548080524655,13.365292316373338,403926,5082028,1,0,7832,0,0,0,0,0,0,0,358.6958209999997,0,0,0,0,0,0,0,0,0,0,0,0,0,0,0,0,0,2026-08-28 13:27:22.188379+00,2026-08-28 13:27:22.188379+00
10,16384,t,5076309368508058006,"DECLARE ""query-cursor_71"" SCROLL CURSOR FOR select queryid, left(query, $1), calls, (total_plan_time + total_exec_time) as total_time from aurora_stat_statements($2) order by calls desc limit $3 FOR READ ONLY",0,0,0,0,0,0,1,0.064621,0.064621,0.064621,0.064621,0,0,0,0,0,0,0,0,0,0,0,0,0,0,0,0,0,0,0,0,0,0,0,0,0,0,0,0,0,0,0,2026-08-28 12:59:28.1302+00,2026-08-28 12:59:28.1302+00
10,16384,t,6241270865673613064,"MOVE -1786 IN ""query-cursor_166""",0,0,0,0,0,0,1,0.034858,0.034858,0.034858,0.034858,0,0,0,0,0,0,0,0,0,0,0,0,0,0,0,0,0,0,0,0,0,0,0,0,0,0,0,0,0,0,0,2026-08-28 14:39:28.142126+00,2026-08-28 14:39:28.142126+00
10,16384,t,6055806012909596199,"FETCH 0 IN ""query-cursor_115""",0,0,0,0,0,0,1,0.00322,0.00322,0.00322,0.00322,0,0,0,0,0,0,0,0,0,0,0,0,0,0,0,0,0,0,0,0,0,0,0,0,0,0,0,0,0,0,0,2026-08-28 13:48:28.133595+00,2026-08-28 13:48:28.133595+00
10,16384,t,-658443747292511736,"SELECT $1 FROM pg_catalog.pg_roles WHERE rolcanlogin = $2 AND rolname in ($3,$4,$5,$6,$7,$8) LIMIT $9",0,0,0,0,0,0,17,0.18467899999999998,0.0074329999999999995,0.021481999999999998,0.010863470588235294,0.004020195563250873,0,34,0,0,0,0,0,0,0,0,0,0,0,0,0,0,0,0,0,0,0,0,0,0,0,0,0,0,0,0,2026-08-28 11:57:09.323696+00,2026-08-28 11:57:09.323696+00
10,16384,t,7529480042192396829,"FETCH 50 IN ""query-cursor_53""",0,0,0,0,0,0,8,0.026468000000000002,0.002807,0.00522,0.0033085000000000002,0.0007649550640397119,400,0,0,0,0,0,0,0,0,0,0,0,0,0,0,0,0,0,0,0,0,0,0,0,0,0,0,0,0,0,2026-08-28 12:41:28.129989+00,2026-08-28 12:41:28.129989+00
16410,16412,t,6856885952325158488,"SELECT RES_ENT_ID,LIB_FEAT_ID,FTYPE_ID,UTYPE_CODE,SUPPRESSED,OBS_ENT_CNT FROM RES_FEAT_EKEY WHERE RES_ENT_ID IN ($1,$2,$3,$4,$5,$6,$7,$8,$9,$10,$11,$12,$13,$14,$15,$16) AND FTYPE_ID IN ($17,$18,$19,$20,$21,$22,$23,$24,$25,$26,$27,$28,$29,$30,$31,$32)",0,0,0,0,0,0,4260,13672.455057000048,0.16889300000000002,470.138789,3.2094964922535323,12.168849082079442,5689514,287000,0,0,0,0,0,0,0,0,0,0,0,0,0,0,0,0,0,0,0,0,0,0,0,0,0,0,0,0,2026-08-28 13:27:23.61918+00,2026-08-28 13:27:23.61918+00
16410,16412,t,-5052254388800945516,DELETE FROM RES_FEAT_EKEY WHERE ((RES_ENT_ID=$1 AND LIB_FEAT_ID=$2 AND UTYPE_CODE=$3)OR(RES_ENT_ID=$4 AND LIB_FEAT_ID=$5 AND UTYPE_CODE=$6)OR(RES_ENT_ID=$7 AND LIB_FEAT_ID=$8 AND UTYPE_CODE=$9)OR(RES_ENT_ID=$10 AND LIB_FEAT_ID=$11 AND UTYPE_CODE=$12)OR(RES_ENT_ID=$13 AND LIB_FEAT_ID=$14 AND UTYPE_CODE=$15)OR(RES_ENT_ID=$16 AND LIB_FEAT_ID=$17 AND UTYPE_CODE=$18)OR(RES_ENT_ID=$19 AND LIB_FEAT_ID=$20 AND UTYPE_CODE=$21)OR(RES_ENT_ID=$22 AND LIB_FEAT_ID=$23 AND UTYPE_CODE=$24)OR(RES_ENT_ID=$25 AND LIB_FEAT_ID=$26 AND UTYPE_CODE=$27)OR(RES_ENT_ID=$28 AND LIB_FEAT_ID=$29 AND UTYPE_CODE=$30)OR(RES_ENT_ID=$31 AND LIB_FEAT_ID=$32 AND UTYPE_CODE=$33)OR(RES_ENT_ID=$34 AND LIB_FEAT_ID=$35 AND UTYPE_CODE=$36)OR(RES_ENT_ID=$37 AND LIB_FEAT_ID=$38 AND UTYPE_CODE=$39)OR(RES_ENT_ID=$40 AND LIB_FEAT_ID=$41 AND UTYPE_CODE=$42)OR(RES_ENT_ID=$43 AND LIB_FEAT_ID=$44 AND UTYPE_CODE=$45)OR(RES_ENT_ID=$46 AND LIB_FEAT_ID=$47 AND UTYPE_CODE=$48)OR(RES_ENT_ID=$49 AND LIB_FEAT_ID=$50 AND UTYPE_CODE=$51)OR(RES_ENT_ID=$52 AND LIB_FEAT_ID=$53 AND UTYPE_CODE=$54)OR(RES_ENT_ID=$55 AND LIB_FEAT_ID=$56 AND UTYPE_CODE=$57)OR(RES_ENT_ID=$58 AND LIB_FEAT_ID=$59 AND UTYPE_CODE=$60)OR(RES_ENT_ID=$61 AND LIB_FEAT_ID=$62 AND UTYPE_CODE=$63)OR(RES_ENT_ID=$64 AND LIB_FEAT_ID=$65 AND UTYPE_CODE=$66)OR(RES_ENT_ID=$67 AND LIB_FEAT_ID=$68 AND UTYPE_CODE=$69)OR(RES_ENT_ID=$70 AND LIB_FEAT_ID=$71 AND UTYPE_CODE=$72)),0,0,0,0,0,0,210,189.76482599999994,0.10759600000000001,28.807851999999997,0.9036420285714283,3.6350173610221836,5040,25193,0,0,0,0,0,0,0,0,0,0,0,0,0,0,0,0,0,0,0,0,0,0,0,0,0,0,0,0,2026-08-28 13:27:43.983066+00,2026-08-28 13:27:43.983066+00
10,16384,t,2022728380536328501,"MOVE -272 IN ""query-cursor_24""",0,0,0,0,0,0,1,0.007418,0.007418,0.007418,0.007418,0,0,0,0,0,0,0,0,0,0,0,0,0,0,0,0,0,0,0,0,0,0,0,0,0,0,0,0,0,0,0,2026-08-28 12:12:28.12755+00,2026-08-28 12:12:28.12755+00
10,16384,t,6176618514397779151,"FETCH 37 IN ""query-cursor_98""",0,0,0,0,0,0,1,0.00302,0.00302,0.00302,0.00302,0,37,0,0,0,0,0,0,0,0,0,0,0,0,0,0,0,0,0,0,0,0,0,0,0,0,0,0,0,0,0,2026-08-28 13:26:28.136146+00,2026-08-28 13:26:28.136146+00
16410,16412,t,-6182297806029823169,"SELECT RES_ENT_ID,LIB_FEAT_ID,FTYPE_ID,UTYPE_CODE,SUPPRESSED,OBS_ENT_CNT FROM RES_FEAT_EKEY WHERE RES_ENT_ID IN ($1) AND FTYPE_ID IN ($2,$3,$4,$5,$6,$7,$8,$9,$10,$11,$12,$13,$14,$15,$16,$17,$18,$19,$20,$21,$22,$23,$24,$25,$26,$27,$28,$29,$30,$31,$32,$33,$34,$35,$36,$37,$38,$39,$40,$41,$42,$43,$44,$45,$46,$47,$48,$49,$50,$51,$52,$53,$54,$55,$56,$57,$58,$59,$60,$61,$62,$63,$64)",0,0,0,0,0,0,248,13.332806999999997,0.006095,2.220024,0.05376131854838709,0.14545704212268296,1789,1114,0,0,0,0,0,0,0,0,0,0,0,0,0,0,0,0,0,0,0,0,0,0,0,0,0,0,0,0,2026-08-28 13:28:16.526398+00,2026-08-28 13:28:16.526398+00
10,16384,t,-1017377441618079716,"FETCH 0 IN ""query-cursor_32""",0,0,0,0,0,0,1,0.003386,0.003386,0.003386,0.003386,0,0,0,0,0,0,0,0,0,0,0,0,0,0,0,0,0,0,0,0,0,0,0,0,0,0,0,0,0,0,0,2026-08-28 12:20:28.127376+00,2026-08-28 12:20:28.127376+00
10,16384,t,2787260124305215276,"FETCH 50 IN ""query-cursor_12""",0,0,0,0,0,0,3,0.011371000000000001,0.00302,0.005024,0.0037903333333333335,0.0008812916026428988,150,0,0,0,0,0,0,0,0,0,0,0,0,0,0,0,0,0,0,0,0,0,0,0,0,0,0,0,0,0,2026-08-28 12:00:28.126647+00,2026-08-28 12:00:28.126647+00
16410,16412,t,3504793455589934617,"INSERT INTO RES_FEAT_STAT(LIB_FEAT_ID,FTYPE_ID,NUM_RES_ENT,NUM_RES_ENT_OOM) VALUES ($1,$2,$3,$4),($5,$6,$7,$8),($9,$10,$11,$12),($13,$14,$15,$16),($17,$18,$19,$20),($21,$22,$23,$24),($25,$26,$27,$28),($29,$30,$31,$32),($33,$34,$35,$36),($37,$38,$39,$40),($41,$42,$43,$44),($45,$46,$47,$48),($49,$50,$51,$52),($53,$54,$55,$56),($57,$58,$59,$60),($61,$62,$63,$64),($65,$66,$67,$68),($69,$70,$71,$72),($73,$74,$75,$76),($77,$78,$79,$80),($81,$82,$83,$84),($85,$86,$87,$88),($89,$90,$91,$92) ON CONFLICT DO NOTHING",0,0,0,0,0,0,13225,79323.566348,0.20884000000000003,530.851819,5.998001236143667,21.871572672566195,304082,2482449,0,0,2812,0,0,0,0,0,0,0,202.11286700000022,0,0,0,0,0,0,0,0,0,0,0,0,0,0,0,0,0,2026-08-28 13:27:22.591985+00,2026-08-28 13:27:22.591985+00
10,16384,t,1500162687599954768,"DECLARE ""query-cursor_64"" SCROLL CURSOR FOR select queryid, left(query, $1), calls, (total_plan_time + total_exec_time) as total_time from aurora_stat_statements($2) order by calls desc limit $3 FOR READ ONLY",0,0,0,0,0,0,1,0.069334,0.069334,0.069334,0.069334,0,0,0,0,0,0,0,0,0,0,0,0,0,0,0,0,0,0,0,0,0,0,0,0,0,0,0,0,0,0,0,2026-08-28 12:52:28.129709+00,2026-08-28 12:52:28.129709+00
10,16384,t,8846140770314333498,"MOVE -113 IN ""query-cursor_3""",0,0,0,0,0,0,1,0.004225,0.004225,0.004225,0.004225,0,0,0,0,0,0,0,0,0,0,0,0,0,0,0,0,0,0,0,0,0,0,0,0,0,0,0,0,0,0,0,2026-08-28 11:51:28.125815+00,2026-08-28 11:51:28.125815+00
10,16384,t,-3659155198652114713,"DECLARE ""query-cursor_21"" SCROLL CURSOR FOR select queryid, left(query, $1), calls, (total_plan_time + total_exec_time) as total_time from aurora_stat_statements($2) order by calls desc limit $3 FOR READ ONLY",0,0,0,0,0,0,1,0.066888,0.066888,0.066888,0.066888,0,0,0,0,0,0,0,0,0,0,0,0,0,0,0,0,0,0,0,0,0,0,0,0,0,0,0,0,0,0,0,2026-08-28 12:09:28.126686+00,2026-08-28 12:09:28.126686+00
10,16384,t,2049034804598609322,"FETCH 50 IN ""query-cursor_93""",0,0,0,0,0,0,14,0.044295,0.002678,0.005759,0.0031639285714285714,0.0007384695045725813,700,0,0,0,0,0,0,0,0,0,0,0,0,0,0,0,0,0,0,0,0,0,0,0,0,0,0,0,0,0,2026-08-28 13:21:28.133441+00,2026-08-28 13:21:28.133441+00
10,16384,t,6943991678327988043,"FETCH 23 IN ""query-cursor_164""",0,0,0,0,0,0,1,0.003391,0.003391,0.003391,0.003391,0,23,0,0,0,0,0,0,0,0,0,0,0,0,0,0,0,0,0,0,0,0,0,0,0,0,0,0,0,0,0,2026-08-28 14:37:28.153555+00,2026-08-28 14:37:28.153555+00
16410,16412,t,-1819450863720510829,"SELECT RES_ENT_ID,REL_ENT_ID,RES_REL_ID FROM RES_REL_EKEY WHERE RES_ENT_ID IN ($1,$2,$3,$4,$5,$6,$7,$8)",0,0,0,0,0,0,15226,2667.718445000004,0.021701,45.851986999999994,0.17520809437803783,0.9752058803459133,1235800,909409,0,0,0,0,0,0,0,0,0,0,0,0,0,0,0,0,0,0,0,0,0,0,0,0,0,0,0,0,2026-08-28 13:27:36.983334+00,2026-08-28 13:27:36.983334+00
16410,16412,t,3159237791676647485,"SELECT RES_ENT_ID,LIB_FEAT_ID,FTYPE_ID,UTYPE_CODE,SUPPRESSED,OBS_ENT_CNT FROM RES_FEAT_EKEY WHERE RES_ENT_ID IN ($1,$2,$3,$4,$5,$6,$7,$8,$9,$10,$11,$12,$13,$14,$15,$16) AND FTYPE_ID IN ($17,$18,$19,$20,$21,$22,$23,$24,$25,$26,$27,$28,$29,$30)",0,0,0,0,0,0,8517,16117.204920000037,0.109627,113.130859,1.8923570412116986,5.636483353873311,7241694,503160,0,0,0,0,0,0,0,0,0,0,0,0,0,0,0,0,0,0,0,0,0,0,0,0,0,0,0,0,2026-08-28 13:27:25.00402+00,2026-08-28 13:27:25.00402+00
10,16384,t,-4156863016809029360,"DECLARE ""query-cursor_37"" SCROLL CURSOR FOR select queryid, left(query, $1), calls, (total_plan_time + total_exec_time) as total_time from aurora_stat_statements($2) order by calls desc limit $3 FOR READ ONLY",0,0,0,0,0,0,1,0.054672,0.054672,0.054672,0.054672,0,0,0,0,0,0,0,0,0,0,0,0,0,0,0,0,0,0,0,0,0,0,0,0,0,0,0,0,0,0,0,2026-08-28 12:25:28.127695+00,2026-08-28 12:25:28.127695+00
10,16384,t,8073051347754995869,"FETCH 50 IN ""query-cursor_130""",0,0,0,0,0,0,31,0.12968000000000002,0.002894,0.007203,0.0041832258064516134,0.0012292505114821742,1550,0,0,0,0,0,0,0,0,0,0,0,0,0,0,0,0,0,0,0,0,0,0,0,0,0,0,0,0,0,2026-08-28 14:03:28.1396+00,2026-08-28 14:03:28.1396+00
16410,16412,t,-3364415385094815576,"SELECT LIB_FEAT_ID,FEAT_DESC,FTYPE_ID,ANONYMIZED,FEAT_HASH,VERSION,FELEM_VALUES FROM LIB_FEAT WHERE LIB_FEAT_ID IN ($1,$2,$3,$4,$5,$6,$7,$8)",0,0,0,0,0,0,203466,10842.796483000007,0.008396,26.559931,0.053290458764609354,0.3234008967461325,1304031,2973829,0,0,0,0,0,0,0,0,0,0,0,0,0,0,0,0,0,0,0,0,0,0,0,0,0,0,0,0,2026-08-28 13:27:22.691789+00,2026-08-28 13:27:22.691789+00
16410,16412,t,-2267411078293970552,"INSERT INTO RES_RELATE(RES_REL_ID,MIN_RES_ENT_ID,MAX_RES_ENT_ID,IS_DISCLOSED,IS_AMBIGUOUS,LAST_ERRULE_ID,MATCH_KEY,MATCH_KEY_DETAILS,MATCH_LEVELS) VALUES ($1,$2,$3,$4,$5,$6,$7,$8,$9),($10,$11,$12,$13,$14,$15,$16,$17,$18) ON CONFLICT DO NOTHING",0,0,0,0,0,0,95348,71026.40441699944,0.028566,116.368406,0.7449176114548752,2.442655240923444,190696,1610381,1,0,9133,0,0,0,0,0,0,0,676.7047980000009,0,0,0,0,0,0,0,0,0,0,0,0,0,0,0,0,0,2026-08-28 13:27:25.00764+00,2026-08-28 13:27:25.00764+00
10,16384,t,-1939861772634473665,"DECLARE ""query-cursor_157"" SCROLL CURSOR FOR select queryid, left(query, $1), calls, (total_plan_time + total_exec_time) as total_time from aurora_stat_statements($2) order by calls desc limit $3 FOR READ ONLY",0,0,0,0,0,0,1,0.06527,0.06527,0.06527,0.06527,0,0,0,0,0,0,0,0,0,0,0,0,0,0,0,0,0,0,0,0,0,0,0,0,0,0,0,0,0,0,0,2026-08-28 14:30:28.136332+00,2026-08-28 14:30:28.136332+00
16410,16412,t,-8384961428423428042,"SELECT         LIB_FEAT_ID,FEAT_DESC,FEAT_HASH,FELEM_VALUES from LIB_FEAT LIMIT $1",0,0,0,0,0,0,2541,29.926378999999972,0.002641,3.112589,0.011777402203856738,0.061683630863426354,2528,5056,0,0,0,0,0,0,0,0,0,0,0,0,0,0,0,0,0,0,0,0,0,0,0,0,0,0,0,0,2026-08-28 11:54:54.676411+00,2026-08-28 11:54:54.676411+00
10,16384,t,5060500193214553158,"DECLARE ""query-cursor_105"" SCROLL CURSOR FOR select queryid, left(query, $1), calls, (total_plan_time + total_exec_time) as total_time from aurora_stat_statements($2) order by calls desc limit $3 FOR READ ONLY",0,0,0,0,0,0,1,0.051389,0.051389,0.051389,0.051389,0,0,0,0,0,0,0,0,0,0,0,0,0,0,0,0,0,0,0,0,0,0,0,0,0,0,0,0,0,0,0,2026-08-28 13:33:28.132658+00,2026-08-28 13:33:28.132658+00
10,16384,t,-1732499865533439381,"FETCH 0 IN ""query-cursor_57""",0,0,0,0,0,0,1,0.003658,0.003658,0.003658,0.003658,0,0,0,0,0,0,0,0,0,0,0,0,0,0,0,0,0,0,0,0,0,0,0,0,0,0,0,0,0,0,0,2026-08-28 12:45:28.129223+00,2026-08-28 12:45:28.129223+00
16410,16412,t,8668308761667223566,"SELECT RES_ENT_ID,ENT_STATE,LOCKING_ID FROM RES_ENT WHERE RES_ENT_ID IN ($1,$2,$3,$4,$5,$6,$7,$8,$9,$10,$11,$12,$13,$14,$15,$16,$17,$18,$19,$20,$21,$22,$23,$24,$25,$26,$27,$28,$29,$30,$31,$32,$33,$34,$35,$36,$37,$38,$39,$40,$41,$42,$43,$44,$45,$46,$47,$48,$49,$50,$51,$52,$53,$54,$55,$56,$57,$58,$59,$60,$61,$62,$63,$64,$65,$66,$67,$68,$69,$70,$71,$72,$73,$74,$75,$76,$77,$78,$79,$80,$81,$82,$83,$84,$85,$86,$87,$88,$89,$90,$91,$92,$93,$94,$95,$96,$97,$98,$99,$100)",0,0,0,0,0,0,8767,6974.952584999992,0.15258,48.263572999999994,0.7955917172350851,2.2438288613260124,738589,3144161,0,0,0,0,0,0,0,0,0,0,0,0,0,0,0,0,0,0,0,0,0,0,0,0,0,0,0,0,2026-08-28 13:27:31.511945+00,2026-08-28 13:27:31.511945+00
10,16384,t,1742980318731053706,"FETCH 50 IN ""query-cursor_80""",0,0,0,0,0,0,12,0.03854,0.002737,0.005777,0.0032116666666666665,0.0007857037538976689,600,0,0,0,0,0,0,0,0,0,0,0,0,0,0,0,0,0,0,0,0,0,0,0,0,0,0,0,0,0,2026-08-28 13:08:28.132261+00,2026-08-28 13:08:28.132261+00
16410,16412,t,-8297252771886267624,SELECT CONFIG_DATA FROM SYS_CFG WHERE CONFIG_DATA_ID=$1,0,0,0,0,0,0,134,60.848661,0.22656600000000002,4.937082,0.45409448507462685,0.39814715345869883,134,3969,0,0,0,0,0,0,0,0,0,0,0,0,0,0,0,0,0,0,0,0,0,0,0,0,0,0,0,0,2026-08-28 11:53:35.072836+00,2026-08-28 11:53:35.072836+00
10,16384,t,7998023529201650973,"FETCH 23 IN ""query-cursor_41""",0,0,0,0,0,0,1,0.002622,0.002622,0.002622,0.002622,0,23,0,0,0,0,0,0,0,0,0,0,0,0,0,0,0,0,0,0,0,0,0,0,0,0,0,0,0,0,0,2026-08-28 12:29:28.130255+00,2026-08-28 12:29:28.130255+00
16410,16412,t,2438074277023626341,"SELECT RES_ENT_ID,LIB_FEAT_ID,FTYPE_ID,UTYPE_CODE,SUPPRESSED,OBS_ENT_CNT FROM RES_FEAT_EKEY WHERE RES_ENT_ID IN ($1,$2,$3,$4,$5,$6,$7,$8,$9,$10,$11,$12,$13,$14,$15,$16,$17,$18,$19,$20,$21,$22,$23,$24,$25,$26,$27,$28,$29,$30,$31,$32,$33,$34,$35,$36,$37,$38,$39,$40,$41,$42,$43,$44,$45,$46,$47,$48,$49,$50,$51,$52,$53,$54,$55,$56,$57,$58,$59,$60,$61,$62,$63,$64,$65,$66,$67,$68,$69,$70,$71,$72,$73,$74,$75,$76,$77,$78,$79,$80,$81,$82,$83) AND FTYPE_ID IN ($84,$85,$86,$87,$88,$89,$90,$91,$92,$93,$94,$95,$96,$97,$98,$99,$100)",0,0,0,0,0,0,75,5962.018666999999,4.34913,317.880402,79.49358222666666,63.70629428332373,4070342,71171,0,0,0,0,0,0,0,0,0,0,0,0,0,0,0,0,0,0,0,0,0,0,0,0,0,0,0,0,2026-08-28 13:27:44.889613+00,2026-08-28 13:27:44.889613+00
10,16384,t,1307412141239284927,"MOVE ALL IN ""query-cursor_118""",0,0,0,0,0,0,1,4.140092,4.140092,4.140092,4.140092,0,0,0,0,0,0,0,0,0,0,0,0,0,0,0,0,0,0,0,0,0,0,0,0,0,0,0,0,0,0,0,2026-08-28 13:51:28.137882+00,2026-08-28 13:51:28.137882+00
16410,16412,t,2075108485745073951,"CREATE TABLE OBS_ENT (OBS_ENT_ID BIGINT NOT NULL, LOCKING_ID BIGINT NOT NULL, LAST_TOUCH_DT BIGINT, DSRC_ID SMALLINT NOT NULL, LOCK_DSRC_ACTION CHAR(1), ENT_SRC_KEY VARCHAR(40) NOT NULL, FEATURES TEXT, PRIMARY KEY(ENT_SRC_KEY, DSRC_ID))",0,0,0,0,0,0,1,6.105324,6.105324,6.105324,6.105324,0,0,391,0,0,0,0,0,0,0,0,0,0,0,0,0,0,0,0,0,0,0,0,0,0,0,0,0,0,0,0,2026-08-28 11:51:27.881497+00,2026-08-28 11:51:27.881497+00
16410,16412,t,-832097683607288088,"INSERT INTO RES_FEAT_STAT(LIB_FEAT_ID,FTYPE_ID,NUM_RES_ENT,NUM_RES_ENT_OOM) VALUES ($1,$2,$3,$4),($5,$6,$7,$8),($9,$10,$11,$12) ON CONFLICT DO NOTHING",0,0,0,0,0,0,27979,26706.699363000123,0.032816,168.419782,0.9545265864755754,3.850985788173904,83923,777310,0,0,533,0,0,0,0,0,0,0,18.47234600000001,0,0,0,0,0,0,0,0,0,0,0,0,0,0,0,0,0,2026-08-28 13:27:22.716786+00,2026-08-28 13:27:22.716786+00
10,16384,t,1341753989967604184,"MOVE -1774 IN ""query-cursor_164""",0,0,0,0,0,0,1,0.03422,0.03422,0.03422,0.03422,0,0,0,0,0,0,0,0,0,0,0,0,0,0,0,0,0,0,0,0,0,0,0,0,0,0,0,0,0,0,0,2026-08-28 14:37:28.141875+00,2026-08-28 14:37:28.141875+00
10,16384,t,6519749180958160288,"DECLARE ""query-cursor_103"" SCROLL CURSOR FOR select queryid, left(query, $1), calls, (total_plan_time + total_exec_time) as total_time from aurora_stat_statements($2) order by calls desc limit $3 FOR READ ONLY",0,0,0,0,0,0,1,0.056395,0.056395,0.056395,0.056395,0,0,0,0,0,0,0,0,0,0,0,0,0,0,0,0,0,0,0,0,0,0,0,0,0,0,0,0,0,0,0,2026-08-28 13:31:28.132674+00,2026-08-28 13:31:28.132674+00
10,16384,t,441969338957071039,"MOVE -1648 IN ""query-cursor_143""",0,0,0,0,0,0,1,0.030818,0.030818,0.030818,0.030818,0,0,0,0,0,0,0,0,0,0,0,0,0,0,0,0,0,0,0,0,0,0,0,0,0,0,0,0,0,0,0,2026-08-28 14:16:28.139702+00,2026-08-28 14:16:28.139702+00
10,16384,t,7098917143017753413,"DECLARE ""query-cursor_69"" SCROLL CURSOR FOR select queryid, left(query, $1), calls, (total_plan_time + total_exec_time) as total_time from aurora_stat_statements($2) order by calls desc limit $3 FOR READ ONLY",0,0,0,0,0,0,1,0.064323,0.064323,0.064323,0.064323,0,0,0,0,0,0,0,0,0,0,0,0,0,0,0,0,0,0,0,0,0,0,0,0,0,0,0,0,0,0,0,2026-08-28 12:57:28.130006+00,2026-08-28 12:57:28.130006+00
16410,16412,t,-8419196526411615639,"SELECT RES_ENT_ID,LIB_FEAT_ID,FTYPE_ID,UTYPE_CODE,SUPPRESSED,OBS_ENT_CNT FROM RES_FEAT_EKEY WHERE RES_ENT_ID IN ($1,$2,$3,$4) AND FTYPE_ID IN ($5,$6,$7,$8,$9,$10,$11,$12,$13,$14)",0,0,0,0,0,0,19830,4436.035254000005,0.036432,39.391839,0.22370324024205773,1.0627600677033264,1510139,307891,0,0,0,0,0,0,0,0,0,0,0,0,0,0,0,0,0,0,0,0,0,0,0,0,0,0,0,0,2026-08-28 13:27:24.630125+00,2026-08-28 13:27:24.630125+00
10,16384,t,3935153918268753832,"DECLARE ""query-cursor_34"" SCROLL CURSOR FOR select queryid, left(query, $1), calls, (total_plan_time + total_exec_time) as total_time from aurora_stat_statements($2) order by calls desc limit $3 FOR READ ONLY",0,0,0,0,0,0,1,0.065956,0.065956,0.065956,0.065956,0,0,0,0,0,0,0,0,0,0,0,0,0,0,0,0,0,0,0,0,0,0,0,0,0,0,0,0,0,0,0,2026-08-28 12:22:28.127573+00,2026-08-28 12:22:28.127573+00
16410,16412,t,-8159121024095295420,"SELECT RES_ENT_ID,REL_ENT_ID,RES_REL_ID FROM RES_REL_EKEY WHERE RES_ENT_ID = $1 AND REL_ENT_ID = $2",0,0,0,0,0,0,506487,7695.620973000008,0.004035,30.248539,0.015194113517227506,0.11499527366974226,506487,2528159,0,0,0,0,0,0,0,0,0,0,0,0,0,0,0,0,0,0,0,0,0,0,0,0,0,0,0,0,2026-08-28 13:27:26.315384+00,2026-08-28 13:27:26.315384+00
16410,16412,t,-6160890080325165821,"UPDATE RES_FEAT_EKEY AS T SET SUPPRESSED = C.SUPPRESSED FROM (VALUES (CAST ($1 AS BIGINT),CAST ($2 AS BIGINT),$3,$4),(CAST ($5 AS BIGINT),CAST ($6 AS BIGINT),$7,$8),(CAST ($9 AS BIGINT),CAST ($10 AS BIGINT),$11,$12),(CAST ($13 AS BIGINT),CAST ($14 AS BIGINT),$15,$16),(CAST ($17 AS BIGINT),CAST ($18 AS BIGINT),$19,$20),(CAST ($21 AS BIGINT),CAST ($22 AS BIGINT),$23,$24),(CAST ($25 AS BIGINT),CAST ($26 AS BIGINT),$27,$28),(CAST ($29 AS BIGINT),CAST ($30 AS BIGINT),$31,$32),(CAST ($33 AS BIGINT),CAST ($34 AS BIGINT),$35,$36),(CAST ($37 AS BIGINT),CAST ($38 AS BIGINT),$39,$40),(CAST ($41 AS BIGINT),CAST ($42 AS BIGINT),$43,$44),(CAST ($45 AS BIGINT),CAST ($46 AS BIGINT),$47,$48),(CAST ($49 AS BIGINT),CAST ($50 AS BIGINT),$51,$52)) AS C(RES_ENT_ID,LIB_FEAT_ID,UTYPE_CODE,SUPPRESSED) WHERE C.RES_ENT_ID=T.RES_ENT_ID AND C.LIB_FEAT_ID=T.LIB_FEAT_ID AND C.UTYPE_CODE=T.UTYPE_CODE",0,0,0,0,0,0,64,257.9052520000001,0.143424,106.78484200000001,4.029769562500001,14.316429850443269,832,9928,0,0,4,0,0,0,0,0,0,0,0.023688,0,0,0,0,0,0,0,0,0,0,0,0,0,0,0,0,0,2026-08-28 13:28:18.509695+00,2026-08-28 13:28:18.509695+00
10,16384,t,-5459982774710103699,"MOVE ALL IN ""query-cursor_142""",0,0,0,0,0,0,1,4.223144,4.223144,4.223144,4.223144,0,0,0,0,0,0,0,0,0,0,0,0,0,0,0,0,0,0,0,0,0,0,0,0,0,0,0,0,0,0,0,2026-08-28 14:15:28.139743+00,2026-08-28 14:15:28.139743+00
10,16384,t,-5357382279410069445,"MOVE ALL IN ""query-cursor_27""",0,0,0,0,0,0,1,0.612347,0.612347,0.612347,0.612347,0,0,0,0,0,0,0,0,0,0,0,0,0,0,0,0,0,0,0,0,0,0,0,0,0,0,0,0,0,0,0,2026-08-28 12:15:28.127787+00,2026-08-28 12:15:28.127787+00
10,16384,t,-8230815631041188573,"DECLARE ""query-cursor_113"" SCROLL CURSOR FOR select queryid, left(query, $1), calls, (total_plan_time + total_exec_time) as total_time from aurora_stat_statements($2) order by calls desc limit $3 FOR READ ONLY",0,0,0,0,0,0,1,0.07673,0.07673,0.07673,0.07673,0,0,0,0,0,0,0,0,0,0,0,0,0,0,0,0,0,0,0,0,0,0,0,0,0,0,0,0,0,0,0,2026-08-28 13:46:28.133493+00,2026-08-28 13:46:28.133493+00
16410,16412,t,-5843972805637823446,"UPDATE RES_FEAT_EKEY AS T SET SUPPRESSED = C.SUPPRESSED FROM (VALUES (CAST ($1 AS BIGINT),CAST ($2 AS BIGINT),$3,$4),(CAST ($5 AS BIGINT),CAST ($6 AS BIGINT),$7,$8),(CAST ($9 AS BIGINT),CAST ($10 AS BIGINT),$11,$12),(CAST ($13 AS BIGINT),CAST ($14 AS BIGINT),$15,$16),(CAST ($17 AS BIGINT),CAST ($18 AS BIGINT),$19,$20),(CAST ($21 AS BIGINT),CAST ($22 AS BIGINT),$23,$24),(CAST ($25 AS BIGINT),CAST ($26 AS BIGINT),$27,$28),(CAST ($29 AS BIGINT),CAST ($30 AS BIGINT),$31,$32),(CAST ($33 AS BIGINT),CAST ($34 AS BIGINT),$35,$36),(CAST ($37 AS BIGINT),CAST ($38 AS BIGINT),$39,$40),(CAST ($41 AS BIGINT),CAST ($42 AS BIGINT),$43,$44),(CAST ($45 AS BIGINT),CAST ($46 AS BIGINT),$47,$48),(CAST ($49 AS BIGINT),CAST ($50 AS BIGINT),$51,$52),(CAST ($53 AS BIGINT),CAST ($54 AS BIGINT),$55,$56),(CAST ($57 AS BIGINT),CAST ($58 AS BIGINT),$59,$60),(CAST ($61 AS BIGINT),CAST ($62 AS BIGINT),$63,$64),(CAST ($65 AS BIGINT),CAST ($66 AS BIGINT),$67,$68)) AS C(RES_ENT_ID,LIB_FEAT_ID,UTYPE_CODE,SUPPRESSED) WHERE C.RES_ENT_ID=T.RES_ENT_ID AND C.LIB_FEAT_ID=T.LIB_FEAT_ID AND C.UTYPE_CODE=T.UTYPE_CODE",0,0,0,0,0,0,34,50.66748699999998,0.131259,21.863581,1.4902202058823524,3.7169337791701045,578,5591,0,0,1,0,0,0,0,0,0,0,0.00643,0,0,0,0,0,0,0,0,0,0,0,0,0,0,0,0,0,2026-08-28 13:27:51.477163+00,2026-08-28 13:27:51.477163+00
10,16384,t,-1389472223507953941,"FETCH 7 IN ""query-cursor_60""",0,0,0,0,0,0,1,0.002074,0.002074,0.002074,0.002074,0,7,0,0,0,0,0,0,0,0,0,0,0,0,0,0,0,0,0,0,0,0,0,0,0,0,0,0,0,0,0,2026-08-28 12:48:28.132571+00,2026-08-28 12:48:28.132571+00
10,16384,t,-223007557561679090,"FETCH 0 IN ""query-cursor_36""",0,0,0,0,0,0,1,0.004046,0.004046,0.004046,0.004046,0,0,0,0,0,0,0,0,0,0,0,0,0,0,0,0,0,0,0,0,0,0,0,0,0,0,0,0,0,0,0,2026-08-28 12:24:28.127785+00,2026-08-28 12:24:28.127785+00
16410,16412,t,-3226042609762269409,"UPDATE RES_ENT SET LAST_TOUCH_DT=$1,LOCKING_ID=$2 WHERE RES_ENT_ID IN ($3,$4,$5,$6,$7,$8,$9,$10) AND LAST_TOUCH_DT=$11",0,0,0,0,0,0,1,0.069542,0.069542,0.069542,0.069542,0,5,26,0,0,0,0,0,0,0,0,0,0,0,0,0,0,0,0,0,0,0,0,0,0,0,0,0,0,0,0,2026-08-28 13:32:04.718992+00,2026-08-28 13:32:04.718992+00
10,16384,t,-6563594351007590059,"DECLARE ""query-cursor_88"" SCROLL CURSOR FOR select queryid, left(query, $1), calls, (total_plan_time + total_exec_time) as total_time from aurora_stat_statements($2) order by calls desc limit $3 FOR READ ONLY",0,0,0,0,0,0,1,0.062866,0.062866,0.062866,0.062866,0,0,0,0,0,0,0,0,0,0,0,0,0,0,0,0,0,0,0,0,0,0,0,0,0,0,0,0,0,0,0,2026-08-28 13:16:28.131356+00,2026-08-28 13:16:28.131356+00
16410,16412,t,2331481891964300404,SELECT $3 FROM information_schema.columns WHERE table_schema=current_schema() AND table_name=LOWER($1) AND column_name=LOWER($2),0,0,0,0,0,0,3061,555.9148130000015,0.040427,102.811923,0.18161215713819062,2.0940810068482163,0,39792,1,0,0,0,0,0,0,0,0,1.649973,0,0,0,0,0,0,0,0,0,0,0,0,0,0,0,0,0,0,2026-08-28 11:53:34.844216+00,2026-08-28 11:53:34.844216+00
10,16384,t,7988857500660303959,"FETCH 17 IN ""query-cursor_138""",0,0,0,0,0,0,1,0.00235,0.00235,0.00235,0.00235,0,17,0,0,0,0,0,0,0,0,0,0,0,0,0,0,0,0,0,0,0,0,0,0,0,0,0,0,0,0,0,2026-08-28 14:11:28.150575+00,2026-08-28 14:11:28.150575+00
16410,16412,t,-1002264275151279778,"INSERT INTO RES_FEAT_STAT(LIB_FEAT_ID,FTYPE_ID,NUM_RES_ENT,NUM_RES_ENT_OOM) VALUES ($1,$2,$3,$4),($5,$6,$7,$8) ON CONFLICT DO NOTHING",0,0,0,0,0,0,19578,12508.18519200006,0.024709000000000002,128.920188,0.6388898351210573,3.353676643778908,39153,349233,0,0,1118,0,0,0,0,0,0,0,11.887427000000006,0,0,0,0,0,0,0,0,0,0,0,0,0,0,0,0,0,2026-08-28 13:27:22.621453+00,2026-08-28 13:27:22.621453+00
10,16384,t,3307386859521813874,"FETCH 33 IN ""query-cursor_124""",0,0,0,0,0,0,1,0.002848,0.002848,0.002848,0.002848,0,33,0,0,0,0,0,0,0,0,0,0,0,0,0,0,0,0,0,0,0,0,0,0,0,0,0,0,0,0,0,2026-08-28 13:57:28.149555+00,2026-08-28 13:57:28.149555+00
10,16384,t,-7978767457195945638,"MOVE ALL IN ""query-cursor_63""",0,0,0,0,0,0,1,1.059361,1.059361,1.059361,1.059361,0,0,0,0,0,0,0,0,0,0,0,0,0,0,0,0,0,0,0,0,0,0,0,0,0,0,0,0,0,0,0,2026-08-28 12:51:28.130674+00,2026-08-28 12:51:28.130674+00
16410,16412,t,-5295897286979062332,"CREATE TABLE RES_ENT_OKEY (OBS_ENT_ID BIGINT NOT NULL, RES_ENT_ID BIGINT NOT NULL, ERRULE_ID SMALLINT NOT NULL, MATCH_KEY TEXT, PRIMARY KEY(OBS_ENT_ID))",0,0,0,0,0,0,1,8.550558,8.550558,8.550558,8.550558,0,0,343,0,0,0,0,0,0,0,0,0,0,0,0,0,0,0,0,0,0,0,0,0,0,0,0,0,0,0,0,2026-08-28 11:51:27.903205+00,2026-08-28 11:51:27.903205+00
16410,16412,t,2854036196645122364,"SELECT LIB_FEAT_ID,FEAT_DESC,FTYPE_ID,ANONYMIZED,FEAT_HASH,VERSION,FELEM_VALUES FROM LIB_FEAT WHERE LIB_FEAT_ID IN ($1)",0,0,0,0,0,0,19235,539.1292379999985,0.006268999999999999,12.000243000000001,0.028028554094099222,0.16792090006863533,19235,96321,0,0,0,0,0,0,0,0,0,0,0,0,0,0,0,0,0,0,0,0,0,0,0,0,0,0,0,0,2026-08-28 13:27:25.288675+00,2026-08-28 13:27:25.288675+00
10,16384,t,2390472400014841298,"MOVE ALL IN ""query-cursor_1""",0,0,0,0,0,0,1,0.1768,0.1768,0.1768,0.1768,0,0,3,0,0,0,0,0,0,0,0,0,0,0,0,0,0,0,0,0,0,0,0,0,0,0,0,0,0,0,0,2026-08-28 11:49:28.123242+00,2026-08-28 11:49:28.123242+00
10,16384,t,3499929625400338155,"FETCH 50 IN ""query-cursor_124""",0,0,0,0,0,0,30,0.12667399999999998,0.003047,0.006973,0.004222466666666666,0.0010305861352755635,1500,0,0,0,0,0,0,0,0,0,0,0,0,0,0,0,0,0,0,0,0,0,0,0,0,0,0,0,0,0,2026-08-28 13:57:28.13848+00,2026-08-28 13:57:28.13848+00
16410,16412,t,-8311983061515014322,"SELECT OBS_ENT_ID,DSRC_ID,ENT_SRC_KEY,LOCKING_ID,FEATURES FROM OBS_ENT WHERE OBS_ENT_ID IN ($1,$2,$3,$4,$5,$6,$7,$8,$9,$10,$11,$12,$13,$14,$15,$16,$17,$18,$19,$20,$21,$22,$23,$24,$25,$26,$27,$28,$29,$30,$31,$32,$33,$34,$35,$36,$37,$38,$39,$40,$41,$42,$43,$44,$45,$46,$47,$48,$49,$50,$51,$52,$53,$54,$55,$56,$57,$58,$59,$60,$61,$62,$63,$64)",0,0,0,0,0,0,6,1.6695260000000003,0.23749900000000002,0.30399000000000004,0.2782543333333334,0.021987997617387133,220,1039,0,0,0,0,0,0,0,0,0,0,0,0,0,0,0,0,0,0,0,0,0,0,0,0,0,0,0,0,2026-08-28 13:41:13.950749+00,2026-08-28 13:41:13.950749+00
10,16384,t,5503616984929644666,"MOVE -362 IN ""query-cursor_39""",0,0,0,0,0,0,1,0.008771,0.008771,0.008771,0.008771,0,0,0,0,0,0,0,0,0,0,0,0,0,0,0,0,0,0,0,0,0,0,0,0,0,0,0,0,0,0,0,2026-08-28 12:27:28.12898+00,2026-08-28 12:27:28.12898+00
10,16384,t,2594001319117772623,"FETCH 50 IN ""query-cursor_100""",0,0,0,0,0,0,24,0.11095,0.003045,0.007835,0.004622916666666667,0.0013589561838860814,1200,0,0,0,0,0,0,0,0,0,0,0,0,0,0,0,0,0,0,0,0,0,0,0,0,0,0,0,0,0,2026-08-28 13:28:28.135846+00,2026-08-28 13:28:28.135846+00
16410,16412,t,6736897950508813581,"SELECT RES_ENT_ID,LIB_FEAT_ID,FTYPE_ID,UTYPE_CODE,SUPPRESSED,OBS_ENT_CNT FROM RES_FEAT_EKEY WHERE RES_ENT_ID IN ($1,$2,$3,$4,$5,$6,$7,$8,$9,$10,$11,$12,$13,$14,$15,$16) AND FTYPE_ID IN ($17,$18,$19,$20,$21,$22,$23,$24,$25,$26,$27,$28,$29,$30,$31,$32,$33)",0,0,0,0,0,0,2346,8913.853909999987,0.167832,175.471908,3.799596722080131,8.305938423873629,9888813,224070,0,0,0,0,0,0,0,0,0,0,0,0,0,0,0,0,0,0,0,0,0,0,0,0,0,0,0,0,2026-08-28 13:27:23.588784+00,2026-08-28 13:27:23.588784+00
16410,16412,t,-8651287884645813447,"CREATE INDEX DSRC_RECORD_SK ON DSRC_RECORD(ENT_SRC_KEY, DSRC_ID)",0,0,0,0,0,0,1,2.182837,2.182837,2.182837,2.182837,0,0,117,0,0,0,0,0,0,0,0,0,0,0,0,0,0,0,0,0,0,0,0,0,0,0,0,0,0,0,0,2026-08-28 11:51:27.873701+00,2026-08-28 11:51:27.873701+00
10,16384,t,9066311163223853706,"FETCH 49 IN ""query-cursor_160""",0,0,0,0,0,0,1,0.004215,0.004215,0.004215,0.004215,0,49,0,0,0,0,0,0,0,0,0,0,0,0,0,0,0,0,0,0,0,0,0,0,0,0,0,0,0,0,0,2026-08-28 14:33:28.152824+00,2026-08-28 14:33:28.152824+00
16410,16412,t,-6728845278679177467,"SELECT RES_ENT_ID,OBS_ENT_ID,ERRULE_ID FROM RES_ENT_OKEY WHERE OBS_ENT_ID IN ($1)",0,0,0,0,0,0,1294092,23293.83507800037,0.003178,35.588460000000005,0.018000138381197295,0.15596988656763247,298000,4084488,0,0,0,0,0,0,0,0,0,0,0,0,0,0,0,0,0,0,0,0,0,0,0,0,0,0,0,0,2026-08-28 13:27:22.178618+00,2026-08-28 13:27:22.178618+00
16410,16412,t,4566393461907427391,DELETE FROM RES_FEAT_EKEY WHERE ((RES_ENT_ID=$1 AND LIB_FEAT_ID=$2 AND UTYPE_CODE=$3)OR(RES_ENT_ID=$4 AND LIB_FEAT_ID=$5 AND UTYPE_CODE=$6)OR(RES_ENT_ID=$7 AND LIB_FEAT_ID=$8 AND UTYPE_CODE=$9)OR(RES_ENT_ID=$10 AND LIB_FEAT_ID=$11 AND UTYPE_CODE=$12)OR(RES_ENT_ID=$13 AND LIB_FEAT_ID=$14 AND UTYPE_CODE=$15)OR(RES_ENT_ID=$16 AND LIB_FEAT_ID=$17 AND UTYPE_CODE=$18)OR(RES_ENT_ID=$19 AND LIB_FEAT_ID=$20 AND UTYPE_CODE=$21)OR(RES_ENT_ID=$22 AND LIB_FEAT_ID=$23 AND UTYPE_CODE=$24)OR(RES_ENT_ID=$25 AND LIB_FEAT_ID=$26 AND UTYPE_CODE=$27)OR(RES_ENT_ID=$28 AND LIB_FEAT_ID=$29 AND UTYPE_CODE=$30)OR(RES_ENT_ID=$31 AND LIB_FEAT_ID=$32 AND UTYPE_CODE=$33)OR(RES_ENT_ID=$34 AND LIB_FEAT_ID=$35 AND UTYPE_CODE=$36)OR(RES_ENT_ID=$37 AND LIB_FEAT_ID=$38 AND UTYPE_CODE=$39)OR(RES_ENT_ID=$40 AND LIB_FEAT_ID=$41 AND UTYPE_CODE=$42)OR(RES_ENT_ID=$43 AND LIB_FEAT_ID=$44 AND UTYPE_CODE=$45)OR(RES_ENT_ID=$46 AND LIB_FEAT_ID=$47 AND UTYPE_CODE=$48)OR(RES_ENT_ID=$49 AND LIB_FEAT_ID=$50 AND UTYPE_CODE=$51)OR(RES_ENT_ID=$52 AND LIB_FEAT_ID=$53 AND UTYPE_CODE=$54)OR(RES_ENT_ID=$55 AND LIB_FEAT_ID=$56 AND UTYPE_CODE=$57)OR(RES_ENT_ID=$58 AND LIB_FEAT_ID=$59 AND UTYPE_CODE=$60)OR(RES_ENT_ID=$61 AND LIB_FEAT_ID=$62 AND UTYPE_CODE=$63)OR(RES_ENT_ID=$64 AND LIB_FEAT_ID=$65 AND UTYPE_CODE=$66)OR(RES_ENT_ID=$67 AND LIB_FEAT_ID=$68 AND UTYPE_CODE=$69)OR(RES_ENT_ID=$70 AND LIB_FEAT_ID=$71 AND UTYPE_CODE=$72)OR(RES_ENT_ID=$73 AND LIB_FEAT_ID=$74 AND UTYPE_CODE=$75)OR(RES_ENT_ID=$76 AND LIB_FEAT_ID=$77 AND UTYPE_CODE=$78)),0,0,0,0,0,0,193,228.077454,0.104763,35.988645999999996,1.1817484663212434,4.740012710284625,5004,25087,0,0,0,0,0,0,0,0,0,0,0,0,0,0,0,0,0,0,0,0,0,0,0,0,0,0,0,0,2026-08-28 13:28:49.10909+00,2026-08-28 13:28:49.10909+00
10,16384,t,6564633028365855675,"MOVE ALL IN ""query-cursor_81""",0,0,0,0,0,0,1,1.330315,1.330315,1.330315,1.330315,0,0,0,0,0,0,0,0,0,0,0,0,0,0,0,0,0,0,0,0,0,0,0,0,0,0,0,0,0,0,0,2026-08-28 13:09:28.132307+00,2026-08-28 13:09:28.132307+00
10,16384,t,9032876954625188706,"MOVE ALL IN ""query-cursor_120""",0,0,0,0,0,0,1,4.087665,4.087665,4.087665,4.087665,0,0,0,0,0,0,0,0,0,0,0,0,0,0,0,0,0,0,0,0,0,0,0,0,0,0,0,0,0,0,0,2026-08-28 13:53:28.138056+00,2026-08-28 13:53:28.138056+00
10,16384,t,1879581546552234630,"MOVE ALL IN ""query-cursor_56""",0,0,0,0,0,0,1,0.95174,0.95174,0.95174,0.95174,0,0,0,0,0,0,0,0,0,0,0,0,0,0,0,0,0,0,0,0,0,0,0,0,0,0,0,0,0,0,0,2026-08-28 12:44:28.130138+00,2026-08-28 12:44:28.130138+00
16410,16412,t,4741227850806022190,"SELECT RES_ENT_ID,LIB_FEAT_ID,FTYPE_ID,UTYPE_CODE,SUPPRESSED,OBS_ENT_CNT FROM RES_FEAT_EKEY WHERE RES_ENT_ID IN ($1,$2,$3,$4,$5,$6,$7,$8) AND FTYPE_ID IN ($9,$10,$11,$12,$13,$14,$15,$16,$17,$18,$19,$20,$21,$22,$23,$24,$25,$26,$27,$28,$29,$30,$31,$32)",0,0,0,0,0,0,14,53.359975,0.8054619999999999,10.829092000000001,3.8114267857142856,2.5483087289402415,71720,1157,0,0,0,0,0,0,0,0,0,0,0,0,0,0,0,0,0,0,0,0,0,0,0,0,0,0,0,0,2026-08-28 13:27:25.070502+00,2026-08-28 13:27:25.070502+00
10,16384,t,-983327046237792636,"MOVE ALL IN ""query-cursor_121""",0,0,0,0,0,0,1,4.160124,4.160124,4.160124,4.160124,0,0,0,0,0,0,0,0,0,0,0,0,0,0,0,0,0,0,0,0,0,0,0,0,0,0,0,0,0,0,0,2026-08-28 13:54:28.138374+00,2026-08-28 13:54:28.138374+00
16410,16412,t,-8417591579450839057,"SELECT RES_ENT_ID,ENT_STATE,LOCKING_ID FROM RES_ENT WHERE RES_ENT_ID IN ($1,$2,$3,$4,$5,$6,$7,$8,$9,$10,$11,$12,$13,$14,$15,$16,$17,$18,$19,$20,$21,$22,$23,$24,$25,$26,$27,$28,$29,$30,$31,$32)",0,0,0,0,0,0,57409,14214.915622000013,0.05067,68.12180599999999,0.2476077901025974,0.9885415181370565,1282764,5281801,0,0,0,0,0,0,0,0,0,0,0,0,0,0,0,0,0,0,0,0,0,0,0,0,0,0,0,0,2026-08-28 13:27:24.751656+00,2026-08-28 13:27:24.751656+00
10,16384,t,3382368406689786900,"MOVE -1321 IN ""query-cursor_103""",0,0,0,0,0,0,1,0.025599,0.025599,0.025599,0.025599,0,0,0,0,0,0,0,0,0,0,0,0,0,0,0,0,0,0,0,0,0,0,0,0,0,0,0,0,0,0,0,2026-08-28 13:31:28.137248+00,2026-08-28 13:31:28.137248+00
16410,16412,t,-1154371702472242755,"SELECT RES_ENT_ID,LIB_FEAT_ID,FTYPE_ID,UTYPE_CODE,SUPPRESSED,OBS_ENT_CNT FROM RES_FEAT_EKEY WHERE RES_ENT_ID IN ($1,$2,$3,$4,$5,$6,$7,$8,$9,$10,$11,$12,$13,$14,$15,$16,$17,$18,$19,$20,$21,$22,$23,$24,$25,$26,$27,$28,$29,$30,$31,$32,$33,$34,$35,$36,$37,$38,$39,$40,$41,$42,$43,$44,$45,$46,$47,$48,$49,$50,$51,$52,$53,$54,$55,$56,$57,$58,$59,$60,$61,$62,$63,$64,$65,$66,$67,$68,$69,$70,$71,$72,$73,$74,$75,$76,$77,$78) AND FTYPE_ID IN ($79,$80,$81,$82,$83,$84,$85,$86,$87,$88,$89,$90,$91,$92,$93,$94,$95,$96,$97,$98,$99,$100)",0,0,0,0,0,0,161,35100.460269,16.454804,804.61606,218.01528117391305,158.92551665527182,24758092,304565,0,0,0,0,0,0,0,0,0,0,0,0,0,0,0,0,0,0,0,0,0,0,0,0,0,0,0,0,2026-08-28 13:27:51.893369+00,2026-08-28 13:27:51.893369+00
10,16384,t,3977402564270017896,"FETCH 16 IN ""query-cursor_78""",0,0,0,0,0,0,1,0.002191,0.002191,0.002191,0.002191,0,16,0,0,0,0,0,0,0,0,0,0,0,0,0,0,0,0,0,0,0,0,0,0,0,0,0,0,0,0,0,2026-08-28 13:06:28.134008+00,2026-08-28 13:06:28.134008+00
16410,16412,t,-6129920994971838639,DELETE FROM RES_FEAT_EKEY WHERE ((RES_ENT_ID=$1 AND LIB_FEAT_ID=$2 AND UTYPE_CODE=$3)OR(RES_ENT_ID=$4 AND LIB_FEAT_ID=$5 AND UTYPE_CODE=$6)OR(RES_ENT_ID=$7 AND LIB_FEAT_ID=$8 AND UTYPE_CODE=$9)OR(RES_ENT_ID=$10 AND LIB_FEAT_ID=$11 AND UTYPE_CODE=$12)OR(RES_ENT_ID=$13 AND LIB_FEAT_ID=$14 AND UTYPE_CODE=$15)OR(RES_ENT_ID=$16 AND LIB_FEAT_ID=$17 AND UTYPE_CODE=$18)OR(RES_ENT_ID=$19 AND LIB_FEAT_ID=$20 AND UTYPE_CODE=$21)OR(RES_ENT_ID=$22 AND LIB_FEAT_ID=$23 AND UTYPE_CODE=$24)OR(RES_ENT_ID=$25 AND LIB_FEAT_ID=$26 AND UTYPE_CODE=$27)OR(RES_ENT_ID=$28 AND LIB_FEAT_ID=$29 AND UTYPE_CODE=$30)OR(RES_ENT_ID=$31 AND LIB_FEAT_ID=$32 AND UTYPE_CODE=$33)OR(RES_ENT_ID=$34 AND LIB_FEAT_ID=$35 AND UTYPE_CODE=$36)OR(RES_ENT_ID=$37 AND LIB_FEAT_ID=$38 AND UTYPE_CODE=$39)OR(RES_ENT_ID=$40 AND LIB_FEAT_ID=$41 AND UTYPE_CODE=$42)OR(RES_ENT_ID=$43 AND LIB_FEAT_ID=$44 AND UTYPE_CODE=$45)OR(RES_ENT_ID=$46 AND LIB_FEAT_ID=$47 AND UTYPE_CODE=$48)OR(RES_ENT_ID=$49 AND LIB_FEAT_ID=$50 AND UTYPE_CODE=$51)),0,0,0,0,0,0,505,127536.63529300003,0.047331,126910.040106,252.54779265940599,5641.775555515477,8568,43217,0,0,0,0,0,0,0,0,0,0,0,0,0,0,0,0,0,0,0,0,0,0,0,0,0,0,0,0,2026-08-28 13:28:15.183454+00,2026-08-28 13:28:15.183454+00
10,16384,t,4119658603898137064,"MOVE -1696 IN ""query-cursor_151""",0,0,0,0,0,0,1,0.032368,0.032368,0.032368,0.032368,0,0,0,0,0,0,0,0,0,0,0,0,0,0,0,0,0,0,0,0,0,0,0,0,0,0,0,0,0,0,0,2026-08-28 14:24:28.141007+00,2026-08-28 14:24:28.141007+00
16410,16412,t,8673568654581561492,"CREATE TABLE IF NOT EXISTS BIZNAME_EMBEDDING (LIB_FEAT_ID BIGINT NOT NULL, LABEL TEXT NOT NULL, EMBEDDING VECTOR(512), PRIMARY KEY(LIB_FEAT_ID))",0,0,0,0,0,0,1,7.519,7.519,7.519,7.519,0,0,368,0,0,1,0,0,0,0,0,0,0,0.002488,0,0,0,0,0,0,0,0,0,0,0,0,0,0,0,0,0,2026-08-28 11:52:25.882012+00,2026-08-28 11:52:25.882012+00
16410,16412,t,-6807146695614492837,CREATE UNIQUE INDEX LIB_FEAT_SK ON LIB_FEAT(LIB_FEAT_ID),0,0,0,0,0,0,1,4.276155,4.276155,4.276155,4.276155,0,0,120,1,0,0,0,0,0,0,0,0,1.380916,0,0,0,0,0,0,0,0,0,0,0,0,0,0,0,0,0,0,2026-08-28 11:51:27.847058+00,2026-08-28 11:51:27.847058+00
16410,16412,t,4421785834427340622,"INSERT INTO RES_FEAT_STAT(LIB_FEAT_ID,FTYPE_ID,NUM_RES_ENT,NUM_RES_ENT_OOM) VALUES ($1,$2,$3,$4) ON CONFLICT DO NOTHING",0,0,0,0,0,0,11301,7397.047755000004,0.016161,266.888161,0.6545480714096101,5.2268480037288665,11301,93380,0,0,177,0,0,0,0,0,0,0,16.285549999999997,0,0,0,0,0,0,0,0,0,0,0,0,0,0,0,0,0,2026-08-28 13:27:22.402509+00,2026-08-28 13:27:22.402509+00
10,16384,t,-4660581513113176118,SELECT $1 FROM pg_catalog.pg_roles WHERE rolname = $2 AND rolsuper = $3 AND rolcreaterole = $4 AND rolcreatedb = $5 AND rolreplication = $6 AND rolbypassrls = $7 AND rolcanlogin = $8 LIMIT $9,0,0,0,0,0,0,17,0.2117,0.010006999999999999,0.020628999999999998,0.012452941176470588,0.0027575346719720547,17,34,0,0,0,0,0,0,0,0,0,0,0,0,0,0,0,0,0,0,0,0,0,0,0,0,0,0,0,0,2026-08-28 11:57:09.289783+00,2026-08-28 11:57:09.289783+00
10,16384,t,1623369012368112450,SET application_name = $1,0,0,0,0,0,0,184,3.2337559999999996,0.013056,0.039552,0.017574760869565217,0.0032580768462844587,0,0,0,0,0,0,0,0,0,0,0,0,0,0,0,0,0,0,0,0,0,0,0,0,0,0,0,0,0,0,2026-08-28 11:48:10.635799+00,2026-08-28 11:48:10.635799+00
10,16384,t,295705631616282544,"FETCH 50 IN ""query-cursor_120""",0,0,0,0,0,0,30,0.12330400000000004,0.002906,0.006664,0.004110133333333334,0.0010498317875841927,1500,0,0,0,0,0,0,0,0,0,0,0,0,0,0,0,0,0,0,0,0,0,0,0,0,0,0,0,0,0,2026-08-28 13:53:28.138194+00,2026-08-28 13:53:28.138194+00
10,16384,t,1844942870784685723,"DECLARE ""query-cursor_6"" SCROLL CURSOR FOR select queryid, left(query, $1), calls, (total_plan_time + total_exec_time) as total_time from aurora_stat_statements($2) order by calls desc limit $3 FOR READ ONLY",0,0,0,0,0,0,1,0.064558,0.064558,0.064558,0.064558,0,0,0,0,0,0,0,0,0,0,0,0,0,0,0,0,0,0,0,0,0,0,0,0,0,0,0,0,0,0,0,2026-08-28 11:54:28.125602+00,2026-08-28 11:54:28.125602+00
10,16384,t,3778302076347927987,select extract($1 from current_timestamp - pg_postmaster_start_time())/$2::integer engine_uptime,0,0,0,0,0,0,170,0.8029389999999998,0.00373,0.019285,0.004723170588235293,0.0012950734025368898,170,0,0,0,0,0,0,0,0,0,0,0,0,0,0,0,0,0,0,0,0,0,0,0,0,0,0,0,0,0,2026-08-28 11:49:27.680217+00,2026-08-28 11:49:27.680217+00
10,16384,t,-2184424622296429656,ALTER ROLE RDSADMIN SET search_path = $1,0,0,0,0,0,0,1,0.196642,0.196642,0.196642,0.196642,0,0,17,0,0,0,0,0,0,0,0,0,0,0,0,0,0,0,0,0,0,0,0,0,0,0,0,0,0,0,0,2026-08-28 11:50:18.01703+00,2026-08-28 11:50:18.01703+00
10,16384,t,-7859427105001692455,"FETCH 0 IN ""query-cursor_47""",0,0,0,0,0,0,1,0.004065,0.004065,0.004065,0.004065,0,0,0,0,0,0,0,0,0,0,0,0,0,0,0,0,0,0,0,0,0,0,0,0,0,0,0,0,0,0,0,2026-08-28 12:35:28.128542+00,2026-08-28 12:35:28.128542+00
16410,16412,t,-4353383288407881543,"SELECT RES_ENT_ID,LIB_FEAT_ID,FTYPE_ID,UTYPE_CODE,SUPPRESSED,OBS_ENT_CNT FROM RES_FEAT_EKEY WHERE RES_ENT_ID IN ($1) AND FTYPE_ID IN ($2,$3,$4,$5,$6,$7,$8,$9,$10,$11,$12,$13,$14,$15,$16,$17,$18,$19,$20,$21,$22,$23,$24,$25,$26,$27,$28,$29,$30,$31,$32,$33,$34,$35,$36,$37,$38,$39,$40,$41,$42,$43,$44,$45,$46,$47,$48,$49,$50,$51,$52,$53,$54,$55,$56,$57,$58,$59,$60,$61,$62,$63,$64,$65,$66)",0,0,0,0,0,0,664,25.726660000000017,0.007235,5.0223569999999995,0.038744969879518094,0.22850623768626568,972,2582,0,0,0,0,0,0,0,0,0,0,0,0,0,0,0,0,0,0,0,0,0,0,0,0,0,0,0,0,2026-08-28 13:27:34.532791+00,2026-08-28 13:27:34.532791+00
10,16384,t,5899940203518339337,"FETCH 0 IN ""query-cursor_55""",0,0,0,0,0,0,1,0.003818,0.003818,0.003818,0.003818,0,0,0,0,0,0,0,0,0,0,0,0,0,0,0,0,0,0,0,0,0,0,0,0,0,0,0,0,0,0,0,2026-08-28 12:43:28.129086+00,2026-08-28 12:43:28.129086+00
10,16384,t,44221038605335510,"FETCH 0 IN ""query-cursor_31""",0,0,0,0,0,0,1,0.003666,0.003666,0.003666,0.003666,0,0,0,0,0,0,0,0,0,0,0,0,0,0,0,0,0,0,0,0,0,0,0,0,0,0,0,0,0,0,0,2026-08-28 12:19:28.127377+00,2026-08-28 12:19:28.127377+00
10,16384,t,2425407167096562606,"FETCH 0 IN ""query-cursor_147""",0,0,0,0,0,0,1,0.00356,0.00356,0.00356,0.00356,0,0,0,0,0,0,0,0,0,0,0,0,0,0,0,0,0,0,0,0,0,0,0,0,0,0,0,0,0,0,0,2026-08-28 14:20:28.135748+00,2026-08-28 14:20:28.135748+00
10,16384,t,5017909994791795549,"FETCH 50 IN ""query-cursor_75""",0,0,0,0,0,0,11,0.03699,0.002862,0.006032,0.003362727272727273,0.0008684388386806097,550,0,0,0,0,0,0,0,0,0,0,0,0,0,0,0,0,0,0,0,0,0,0,0,0,0,0,0,0,0,2026-08-28 13:03:28.131888+00,2026-08-28 13:03:28.131888+00
10,16384,t,521363409658793437,"DECLARE ""query-cursor_154"" SCROLL CURSOR FOR select queryid, left(query, $1), calls, (total_plan_time + total_exec_time) as total_time from aurora_stat_statements($2) order by calls desc limit $3 FOR READ ONLY",0,0,0,0,0,0,1,0.067242,0.067242,0.067242,0.067242,0,0,0,0,0,0,0,0,0,0,0,0,0,0,0,0,0,0,0,0,0,0,0,0,0,0,0,0,0,0,0,2026-08-28 14:27:28.135943+00,2026-08-28 14:27:28.135943+00
10,16384,t,4779438889284807173,"FETCH 47 IN ""query-cursor_102""",0,0,0,0,0,0,1,0.003529,0.003529,0.003529,0.003529,0,47,0,0,0,0,0,0,0,0,0,0,0,0,0,0,0,0,0,0,0,0,0,0,0,0,0,0,0,0,0,2026-08-28 13:30:28.145621+00,2026-08-28 13:30:28.145621+00
10,16384,t,4739231444638467724,"FETCH 1 IN ""query-cursor_29""",0,0,0,0,0,0,1,0.001209,0.001209,0.001209,0.001209,0,1,0,0,0,0,0,0,0,0,0,0,0,0,0,0,0,0,0,0,0,0,0,0,0,0,0,0,0,0,0,2026-08-28 12:17:28.129088+00,2026-08-28 12:17:28.129088+00
16410,16412,t,-2778453929107523783,"INSERT INTO RES_REL_EKEY(RES_REL_ID,RES_ENT_ID,REL_ENT_ID) VALUES ($1,$2,$3),($4,$5,$6),($7,$8,$9),($10,$11,$12),($13,$14,$15) ON CONFLICT DO NOTHING",0,0,0,0,0,0,147,167.70084899999995,0.069436,22.145355,1.140822102040816,3.874907277925913,735,5911,0,0,5,0,0,0,0,0,0,0,0.05672100000000001,0,0,0,0,0,0,0,0,0,0,0,0,0,0,0,0,0,2026-08-28 13:30:36.268865+00,2026-08-28 13:30:36.268865+00
10,16384,t,7092296012782336938,ALTER ROLE rdsadmin SET idle_in_transaction_session_timeout = $1,0,0,0,0,0,0,1,0.048291,0.048291,0.048291,0.048291,0,0,3,0,0,0,0,0,0,0,0,0,0,0,0,0,0,0,0,0,0,0,0,0,0,0,0,0,0,0,0,2026-08-28 11:50:19.010984+00,2026-08-28 11:50:19.010984+00
16410,16412,t,-8291736161797498644,"SELECT RES_ENT_ID,LIB_FEAT_ID,FTYPE_ID,UTYPE_CODE,SUPPRESSED,OBS_ENT_CNT FROM RES_FEAT_EKEY WHERE RES_ENT_ID IN ($1) AND FTYPE_ID IN ($2,$3,$4,$5,$6,$7,$8,$9,$10,$11,$12,$13,$14,$15,$16,$17,$18,$19,$20,$21,$22,$23,$24,$25,$26,$27,$28,$29,$30,$31,$32,$33,$34,$35,$36,$37,$38,$39,$40,$41,$42,$43,$44,$45,$46,$47,$48,$49,$50,$51,$52,$53,$54,$55,$56)",0,0,0,0,0,0,12,0.8939040000000001,0.005352,0.403323,0.07449200000000002,0.10891290096907712,42,160,0,0,0,0,0,0,0,0,0,0,0,0,0,0,0,0,0,0,0,0,0,0,0,0,0,0,0,0,2026-08-28 13:27:42.084207+00,2026-08-28 13:27:42.084207+00
16410,16412,t,-2947645040422729456,CREATE EXTENSION IF NOT EXISTS vector,0,0,0,0,0,0,1,206.593311,206.593311,206.593311,206.593311,0,0,9255,148,0,24,0,0,0,0,0,0,145.242781,0.094032,0,0,0,0,0,0,0,0,0,0,0,0,0,0,0,0,0,2026-08-28 11:52:25.857376+00,2026-08-28 11:52:25.857376+00
10,16384,t,683909882208297763,"FETCH 31 IN ""query-cursor_64""",0,0,0,0,0,0,1,0.002413,0.002413,0.002413,0.002413,0,31,0,0,0,0,0,0,0,0,0,0,0,0,0,0,0,0,0,0,0,0,0,0,0,0,0,0,0,0,0,2026-08-28 12:52:28.1328+00,2026-08-28 12:52:28.1328+00
16410,16412,t,-6794505300453589034,"SELECT LIB_FEAT_ID FROM SEMANTIC_VALUE WHERE LIB_FEAT_ID IN ($1,$2,$3,$4)",0,0,0,0,0,0,63,1.8758329999999996,0.017935,0.072096,0.029775126984126977,0.009426747052078731,209,805,0,0,0,0,0,0,0,0,0,0,0,0,0,0,0,0,0,0,0,0,0,0,0,0,0,0,0,0,2026-08-28 13:28:56.600917+00,2026-08-28 13:28:56.600917+00
10,16384,t,-4207338791945810919,"DECLARE ""query-cursor_48"" SCROLL CURSOR FOR select queryid, left(query, $1), calls, (total_plan_time + total_exec_time) as total_time from aurora_stat_statements($2) order by calls desc limit $3 FOR READ ONLY",0,0,0,0,0,0,1,0.066213,0.066213,0.066213,0.066213,0,0,0,0,0,0,0,0,0,0,0,0,0,0,0,0,0,0,0,0,0,0,0,0,0,0,0,0,0,0,0,2026-08-28 12:36:28.128575+00,2026-08-28 12:36:28.128575+00
16410,16412,t,-4439614070854878284,"SELECT RES_ENT_ID FROM RES_ENT WHERE RES_ENT_ID IN ($1,$2)",0,0,0,0,0,0,111217,4935.224039000097,0.007903,32.252576,0.044374727235945016,0.3396269122655255,218000,1017780,0,0,0,0,0,0,0,0,0,0,0,0,0,0,0,0,0,0,0,0,0,0,0,0,0,0,0,0,2026-08-28 13:27:30.652185+00,2026-08-28 13:27:30.652185+00
16410,16412,t,6881506055043139633,UPDATE RES_ENT SET ENT_STATE=$1 WHERE RES_ENT_ID=$2,0,0,0,0,0,0,297598,112985.18092100018,0.011772,5434.156909,0.3796570572416487,19.865192746503155,297598,2274724,0,0,2721,0,0,0,0,0,0,0,57.73178900000027,0,0,0,0,0,0,0,0,0,0,0,0,0,0,0,0,0,2026-08-28 13:27:26.012795+00,2026-08-28 13:27:26.012795+00
16410,16412,t,2486205349507429114,"SELECT RES_ENT_ID FROM RES_ENT WHERE RES_ENT_ID IN ($1,$2,$3,$4)",0,0,0,0,0,0,31632,1728.1383870000186,0.011007,16.212476,0.054632599487860985,0.34766059220080453,104593,466517,0,0,0,0,0,0,0,0,0,0,0,0,0,0,0,0,0,0,0,0,0,0,0,0,0,0,0,0,2026-08-28 13:27:43.905617+00,2026-08-28 13:27:43.905617+00
16410,16412,t,559070467741037476,"SELECT RES_ENT_ID,LIB_FEAT_ID,FTYPE_ID,UTYPE_CODE,SUPPRESSED,OBS_ENT_CNT FROM RES_FEAT_EKEY WHERE RES_ENT_ID IN ($1,$2,$3,$4,$5,$6,$7,$8,$9,$10,$11,$12,$13,$14,$15,$16,$17,$18,$19,$20,$21,$22,$23,$24,$25,$26,$27,$28,$29,$30,$31,$32) AND FTYPE_ID IN ($33,$34,$35,$36,$37)",0,0,0,0,0,0,9,4.5967780000000005,0.299858,0.6716880000000001,0.5107531111111112,0.10545617724643777,2069,696,0,0,0,0,0,0,0,0,0,0,0,0,0,0,0,0,0,0,0,0,0,0,0,0,0,0,0,0,2026-08-28 13:41:21.604512+00,2026-08-28 13:41:21.604512+00
10,16384,t,-2044121315814145767,"MOVE ALL IN ""query-cursor_104""",0,0,0,0,0,0,1,3.846845,3.846845,3.846845,3.846845,0,0,0,0,0,0,0,0,0,0,0,0,0,0,0,0,0,0,0,0,0,0,0,0,0,0,0,0,0,0,0,2026-08-28 13:32:28.136549+00,2026-08-28 13:32:28.136549+00
10,16384,t,2796807015326467365,"FETCH 15 IN ""query-cursor_121""",0,0,0,0,0,0,1,0.002043,0.002043,0.002043,0.002043,0,15,0,0,0,0,0,0,0,0,0,0,0,0,0,0,0,0,0,0,0,0,0,0,0,0,0,0,0,0,0,2026-08-28 13:54:28.149028+00,2026-08-28 13:54:28.149028+00
10,16384,t,-6332852594660692777,"FETCH 50 IN ""query-cursor_91""",0,0,0,0,0,0,13,0.041725000000000005,0.002573,0.005576,0.003209615384615385,0.000728599661992525,650,0,0,0,0,0,0,0,0,0,0,0,0,0,0,0,0,0,0,0,0,0,0,0,0,0,0,0,0,0,2026-08-28 13:19:28.133324+00,2026-08-28 13:19:28.133324+00
10,16384,t,6269152358044770237,"FETCH 19 IN ""query-cursor_62""",0,0,0,0,0,0,1,0.001986,0.001986,0.001986,0.001986,0,19,0,0,0,0,0,0,0,0,0,0,0,0,0,0,0,0,0,0,0,0,0,0,0,0,0,0,0,0,0,2026-08-28 12:50:28.13255+00,2026-08-28 12:50:28.13255+00
10,16384,t,1914121946488229798,"FETCH 0 IN ""query-cursor_58""",0,0,0,0,0,0,1,0.004362,0.004362,0.004362,0.004362,0,0,0,0,0,0,0,0,0,0,0,0,0,0,0,0,0,0,0,0,0,0,0,0,0,0,0,0,0,0,0,2026-08-28 12:46:28.129309+00,2026-08-28 12:46:28.129309+00
10,16384,t,-6696622611044069730,"MOVE -1489 IN ""query-cursor_117""",0,0,0,0,0,0,1,0.028894,0.028894,0.028894,0.028894,0,0,0,0,0,0,0,0,0,0,0,0,0,0,0,0,0,0,0,0,0,0,0,0,0,0,0,0,0,0,0,2026-08-28 13:50:28.13785+00,2026-08-28 13:50:28.13785+00
10,16384,t,2173888375391851759,"MOVE -1564 IN ""query-cursor_129""",0,0,0,0,0,0,1,0.030625,0.030625,0.030625,0.030625,0,0,0,0,0,0,0,0,0,0,0,0,0,0,0,0,0,0,0,0,0,0,0,0,0,0,0,0,0,0,0,2026-08-28 14:02:28.138952+00,2026-08-28 14:02:28.138952+00
10,16384,t,-6414213960783439278,select row_to_json(aurora_startup_time_stats) from aurora_startup_time_stats(),0,0,0,0,0,0,1,0.071921,0.071921,0.071921,0.071921,0,1,0,0,0,0,0,0,0,0,0,0,0,0,0,0,0,0,0,0,0,0,0,0,0,0,0,0,0,0,0,2026-08-28 11:48:10.863817+00,2026-08-28 11:48:10.863817+00
10,16384,t,-2167762988520260463,"FETCH 5 IN ""query-cursor_68""",0,0,0,0,0,0,1,0.001833,0.001833,0.001833,0.001833,0,5,0,0,0,0,0,0,0,0,0,0,0,0,0,0,0,0,0,0,0,0,0,0,0,0,0,0,0,0,0,2026-08-28 12:56:28.133305+00,2026-08-28 12:56:28.133305+00
10,16384,t,-3773830244394782163,"FETCH 13 IN ""query-cursor_61""",0,0,0,0,0,0,1,0.001686,0.001686,0.001686,0.001686,0,13,0,0,0,0,0,0,0,0,0,0,0,0,0,0,0,0,0,0,0,0,0,0,0,0,0,0,0,0,0,2026-08-28 12:49:28.132581+00,2026-08-28 12:49:28.132581+00
10,16384,t,6356847230980841381,"MOVE -526 IN ""query-cursor_63""",0,0,0,0,0,0,1,0.01206,0.01206,0.01206,0.01206,0,0,0,0,0,0,0,0,0,0,0,0,0,0,0,0,0,0,0,0,0,0,0,0,0,0,0,0,0,0,0,2026-08-28 12:51:28.130735+00,2026-08-28 12:51:28.130735+00
16410,16412,t,9002429073143593448,DELETE FROM RES_FEAT_EKEY WHERE ((RES_ENT_ID=$1 AND LIB_FEAT_ID=$2 AND UTYPE_CODE=$3)OR(RES_ENT_ID=$4 AND LIB_FEAT_ID=$5 AND UTYPE_CODE=$6)OR(RES_ENT_ID=$7 AND LIB_FEAT_ID=$8 AND UTYPE_CODE=$9)OR(RES_ENT_ID=$10 AND LIB_FEAT_ID=$11 AND UTYPE_CODE=$12)OR(RES_ENT_ID=$13 AND LIB_FEAT_ID=$14 AND UTYPE_CODE=$15)OR(RES_ENT_ID=$16 AND LIB_FEAT_ID=$17 AND UTYPE_CODE=$18)OR(RES_ENT_ID=$19 AND LIB_FEAT_ID=$20 AND UTYPE_CODE=$21)OR(RES_ENT_ID=$22 AND LIB_FEAT_ID=$23 AND UTYPE_CODE=$24)OR(RES_ENT_ID=$25 AND LIB_FEAT_ID=$26 AND UTYPE_CODE=$27)OR(RES_ENT_ID=$28 AND LIB_FEAT_ID=$29 AND UTYPE_CODE=$30)OR(RES_ENT_ID=$31 AND LIB_FEAT_ID=$32 AND UTYPE_CODE=$33)OR(RES_ENT_ID=$34 AND LIB_FEAT_ID=$35 AND UTYPE_CODE=$36)OR(RES_ENT_ID=$37 AND LIB_FEAT_ID=$38 AND UTYPE_CODE=$39)OR(RES_ENT_ID=$40 AND LIB_FEAT_ID=$41 AND UTYPE_CODE=$42)),0,0,0,0,0,0,1190,1877.582840000003,0.060938,65.496957,1.5778007058823555,5.754883436098037,16646,84559,0,0,0,0,0,0,0,0,0,0,0,0,0,0,0,0,0,0,0,0,0,0,0,0,0,0,0,0,2026-08-28 13:27:52.619044+00,2026-08-28 13:27:52.619044+00
16410,16412,t,-7028253314476763131,"SELECT
    now()                                              AS at,
    s.schemaname,
    s.relname,
    s.n_tup_ins                                        AS cum_ins,        
    s.n_tup_del                                        AS cum_del,
    (s.n_tup_ins - s.n_tup_del)                        AS est_net_depth,  
    c.reltuples::bigint                                AS est_rows_reltuples,  
    s.n_live_tup                                       AS est_live_tup,   
    s.n_dead_tup                                       AS est_dead_tup,
    s.n_mod_since_analyze                              AS mods_since_analyze,
    s.last_autovacuum,
    s.autovacuum_count,
    s.last_analyze,
    s.last_autoanalyze
FROM pg_stat_user_tables s
JOIN pg_class c ON c.oid = s.relid
WHERE s.relname IN ($1,$2,$3,$4,
                    $5,$6)
ORDER BY s.relname",0,0,0,0,0,0,1,0.20824900000000002,0.20824900000000002,0.20824900000000002,0.20824900000000002,0,6,45,0,0,0,0,0,0,0,0,0,0,0,0,0,0,0,0,0,0,0,0,0,0,0,0,0,0,0,0,2026-08-28 14:42:05.382059+00,2026-08-28 14:42:05.382059+00
16410,16412,t,786475997275524033,"SELECT OBS_ENT_ID,RES_ENT_ID FROM RES_ENT_OKEY WHERE RES_ENT_ID IN ($1,$2,$3,$4,$5,$6,$7,$8,$9,$10,$11,$12,$13,$14,$15,$16)",0,0,0,0,0,0,6,0.523845,0.065046,0.12879300000000002,0.0873075,0.02122847983841519,78,270,0,0,0,0,0,0,0,0,0,0,0,0,0,0,0,0,0,0,0,0,0,0,0,0,0,0,0,0,2026-08-28 13:38:29.441522+00,2026-08-28 13:38:29.441522+00
16410,16412,t,9112991111737653152,"INSERT INTO RES_REL_EKEY(RES_REL_ID,RES_ENT_ID,REL_ENT_ID) VALUES ($1,$2,$3),($4,$5,$6),($7,$8,$9),($10,$11,$12),($13,$14,$15),($16,$17,$18),($19,$20,$21),($22,$23,$24),($25,$26,$27),($28,$29,$30),($31,$32,$33),($34,$35,$36),($37,$38,$39),($40,$41,$42),($43,$44,$45),($46,$47,$48),($49,$50,$51),($52,$53,$54),($55,$56,$57),($58,$59,$60),($61,$62,$63),($64,$65,$66),($67,$68,$69),($70,$71,$72),($73,$74,$75),($76,$77,$78),($79,$80,$81),($82,$83,$84) ON CONFLICT DO NOTHING",0,0,0,0,0,0,295,1892.9225760000006,0.310328,101.428313,6.416686698305087,16.437405083170493,8260,66475,0,0,74,0,0,0,0,0,0,0,6.859032,0,0,0,0,0,0,0,0,0,0,0,0,0,0,0,0,0,2026-08-28 13:31:01.804819+00,2026-08-28 13:31:01.804819+00
10,16384,t,1801841252513485452,"MOVE ALL IN ""query-cursor_44""",0,0,0,0,0,0,1,0.819596,0.819596,0.819596,0.819596,0,0,0,0,0,0,0,0,0,0,0,0,0,0,0,0,0,0,0,0,0,0,0,0,0,0,0,0,0,0,0,2026-08-28 12:32:28.129186+00,2026-08-28 12:32:28.129186+00
10,16384,t,7169619445768926464,"DECLARE ""query-cursor_58"" SCROLL CURSOR FOR select queryid, left(query, $1), calls, (total_plan_time + total_exec_time) as total_time from aurora_stat_statements($2) order by calls desc limit $3 FOR READ ONLY",0,0,0,0,0,0,1,0.068822,0.068822,0.068822,0.068822,0,0,0,0,0,0,0,0,0,0,0,0,0,0,0,0,0,0,0,0,0,0,0,0,0,0,0,0,0,0,0,2026-08-28 12:46:28.129265+00,2026-08-28 12:46:28.129265+00
16410,16412,t,8139027508920653626,"SELECT LIB_FEAT_ID,FTYPE_ID,UTYPE_CODE,SUPPRESSED,OBS_ENT_CNT FROM RES_FEAT_EKEY WHERE RES_ENT_ID=$1 AND LIB_FEAT_ID IN ($2,$3,$4,$5,$6,$7,$8,$9,$10,$11,$12,$13,$14,$15,$16,$17,$18,$19,$20,$21,$22,$23,$24,$25,$26,$27,$28,$29,$30,$31,$32,$33)",0,0,0,0,0,0,5445,719.9697110000003,0.04553,11.706741,0.13222584224058775,0.30944257192493446,35262,470805,0,0,0,0,0,0,0,0,0,0,0,0,0,0,0,0,0,0,0,0,0,0,0,0,0,0,0,0,2026-08-28 13:27:58.106059+00,2026-08-28 13:27:58.106059+00
10,16384,t,9087986566003564516,SELECT count(*) FROM pg_roles WHERE rolsuper = $1 AND rolname != $2,0,0,0,0,0,0,17,0.21807600000000005,0.00636,0.017153,0.012828000000000003,0.0026373769500150314,17,17,0,0,0,0,0,0,0,0,0,0,0,0,0,0,0,0,0,0,0,0,0,0,0,0,0,0,0,0,2026-08-28 11:55:39.007267+00,2026-08-28 11:55:39.007267+00
16410,16412,t,-7706506530595256895,"CREATE TABLE IF NOT EXISTS SEMANTIC_VALUE (LIB_FEAT_ID BIGINT NOT NULL, LABEL TEXT NOT NULL, EMBEDDING VECTOR(512), PRIMARY KEY(LIB_FEAT_ID))",0,0,0,0,0,0,1,6.364412,6.364412,6.364412,6.364412,0,0,349,0,0,1,0,0,0,0,0,0,0,0.002198,0,0,0,0,0,0,0,0,0,0,0,0,0,0,0,0,0,2026-08-28 11:52:25.890198+00,2026-08-28 11:52:25.890198+00
10,16384,t,7215749053724507295,"FETCH 4 IN ""query-cursor_109""",0,0,0,0,0,0,1,0.005882,0.005882,0.005882,0.005882,0,4,0,0,0,0,0,0,0,0,0,0,0,0,0,0,0,0,0,0,0,0,0,0,0,0,0,0,0,0,0,2026-08-28 13:40:28.173947+00,2026-08-28 13:40:28.173947+00
16410,16412,t,5598641032021687584,"SELECT RES_ENT_ID,ENT_STATE,LOCKING_ID FROM RES_ENT WHERE RES_ENT_ID IN ($1,$2)",0,0,0,0,0,0,96937,4600.5321299999705,0.009755999999999999,69.872686,0.04745899016887226,0.5220159929002393,193874,787941,0,0,0,0,0,0,0,0,0,0,0,0,0,0,0,0,0,0,0,0,0,0,0,0,0,0,0,0,2026-08-28 13:27:23.016129+00,2026-08-28 13:27:23.016129+00
10,16384,t,2337945717474908937,"DECLARE ""query-cursor_4"" SCROLL CURSOR FOR select queryid, left(query, $1), calls, (total_plan_time + total_exec_time) as total_time from aurora_stat_statements($2) order by calls desc limit $3 FOR READ ONLY",0,0,0,0,0,0,1,0.066523,0.066523,0.066523,0.066523,0,0,0,0,0,0,0,0,0,0,0,0,0,0,0,0,0,0,0,0,0,0,0,0,0,0,0,0,0,0,0,2026-08-28 11:52:28.125466+00,2026-08-28 11:52:28.125466+00
16410,16412,t,1446408695538653855,"INSERT INTO RES_FEAT_EKEY(RES_ENT_ID,LIB_FEAT_ID,FTYPE_ID,UTYPE_CODE,SUPPRESSED,OBS_ENT_CNT) VALUES ($1,$2,$3,$4,$5,$6),($7,$8,$9,$10,$11,$12),($13,$14,$15,$16,$17,$18),($19,$20,$21,$22,$23,$24),($25,$26,$27,$28,$29,$30) ON CONFLICT DO NOTHING",0,0,0,0,0,0,65823,158427.86160499984,0.06541999999999999,578.9551250000001,2.4068769519013085,10.087075193455336,329115,4137061,0,0,4734,0,0,0,0,0,0,0,253.91386399999996,0,0,0,0,0,0,0,0,0,0,0,0,0,0,0,0,0,2026-08-28 13:27:22.316834+00,2026-08-28 13:27:22.316834+00
16410,16412,t,8748208467842609239,"INSERT INTO RES_FEAT_EKEY(RES_ENT_ID,LIB_FEAT_ID,FTYPE_ID,UTYPE_CODE,SUPPRESSED,OBS_ENT_CNT) VALUES ($1,$2,$3,$4,$5,$6),($7,$8,$9,$10,$11,$12),($13,$14,$15,$16,$17,$18),($19,$20,$21,$22,$23,$24) ON CONFLICT DO NOTHING",0,0,0,0,0,0,72932,132482.76648899924,0.052574,599.738066,1.8165245226923605,7.6269739225140265,291728,3664892,0,0,3783,0,0,0,0,0,0,0,286.19630800000044,0,0,0,0,0,0,0,0,0,0,0,0,0,0,0,0,0,2026-08-28 13:27:22.448483+00,2026-08-28 13:27:22.448483+00
16410,16412,t,6055879352680488953,"SELECT RES_ENT_ID,LIB_FEAT_ID,FTYPE_ID,UTYPE_CODE,SUPPRESSED,OBS_ENT_CNT FROM RES_FEAT_EKEY WHERE RES_ENT_ID IN ($1,$2) AND FTYPE_ID IN ($3,$4,$5,$6,$7,$8,$9,$10,$11,$12,$13,$14,$15,$16,$17,$18,$19,$20,$21,$22,$23,$24,$25)",0,0,0,0,0,0,10,8.72293,0.090992,4.875284,0.872293,1.4033985445458463,12172,181,0,0,0,0,0,0,0,0,0,0,0,0,0,0,0,0,0,0,0,0,0,0,0,0,0,0,0,0,2026-08-28 13:27:34.693663+00,2026-08-28 13:27:34.693663+00
16410,16412,t,770099689854714203,"INSERT INTO SYS_VARS(VAR_GROUP,VAR_CODE,VAR_VALUE,SYS_LSTUPD_DT) VALUES ($1,$2,$3,$4) ON CONFLICT DO NOTHING",0,0,0,0,0,0,2,0.22786,0.113654,0.114206,0.11393,0.00027599999999999847,2,14,0,0,0,0,0,0,0,0,0,0,0,0,0,0,0,0,0,0,0,0,0,0,0,0,0,0,0,0,2026-08-28 11:53:35.082708+00,2026-08-28 11:53:35.082708+00
16410,16412,t,-2938695407279192572,"SELECT LIB_FEAT_ID,FEAT_DESC,FTYPE_ID,ANONYMIZED,FEAT_HASH,VERSION,FELEM_VALUES FROM LIB_FEAT WHERE LIB_FEAT_ID IN ($1,$2,$3,$4)",0,0,0,0,0,0,107269,4703.982423999973,0.007657,29.559965000000002,0.04385220729194803,0.3247466192940371,377072,928605,0,0,0,0,0,0,0,0,0,0,0,0,0,0,0,0,0,0,0,0,0,0,0,0,0,0,0,0,2026-08-28 13:27:23.18136+00,2026-08-28 13:27:23.18136+00
10,16384,t,384221898625307539,"FETCH 40 IN ""query-cursor_82""",0,0,0,0,0,0,1,0.002952,0.002952,0.002952,0.002952,0,40,0,0,0,0,0,0,0,0,0,0,0,0,0,0,0,0,0,0,0,0,0,0,0,0,0,0,0,0,0,2026-08-28 13:10:28.134447+00,2026-08-28 13:10:28.134447+00
10,16384,t,2295827983442299676,"DECLARE ""query-cursor_27"" SCROLL CURSOR FOR select queryid, left(query, $1), calls, (total_plan_time + total_exec_time) as total_time from aurora_stat_statements($2) order by calls desc limit $3 FOR READ ONLY",0,0,0,0,0,0,1,0.06609,0.06609,0.06609,0.06609,0,0,0,0,0,0,0,0,0,0,0,0,0,0,0,0,0,0,0,0,0,0,0,0,0,0,0,0,0,0,0,2026-08-28 12:15:28.127092+00,2026-08-28 12:15:28.127092+00
10,16384,t,-5689704297971623080,"FETCH 50 IN ""query-cursor_78""",0,0,0,0,0,0,12,0.03742499999999999,0.002777,0.004735,0.0031187499999999996,0.0005402936123072344,600,0,0,0,0,0,0,0,0,0,0,0,0,0,0,0,0,0,0,0,0,0,0,0,0,0,0,0,0,0,2026-08-28 13:06:28.131996+00,2026-08-28 13:06:28.131996+00
16410,16412,t,4649610827673170999,"SELECT LIB_FEAT_ID,FTYPE_ID,UTYPE_CODE,SUPPRESSED,OBS_ENT_CNT FROM RES_FEAT_EKEY WHERE RES_ENT_ID=$1 AND FTYPE_ID IN ($2)",0,0,0,0,0,0,2479590,200459.89666601055,0.003507,157.7319,0.08084396882791532,0.7367522468697165,312,10492542,0,0,0,0,0,0,0,0,0,0,0,0,0,0,0,0,0,0,0,0,0,0,0,0,0,0,0,0,2026-08-28 13:27:22.204448+00,2026-08-28 13:27:22.204448+00
16410,16412,t,2849341762799004727,"SELECT RES_ENT_ID,LIB_FEAT_ID,FTYPE_ID,UTYPE_CODE,SUPPRESSED,OBS_ENT_CNT FROM RES_FEAT_EKEY WHERE RES_ENT_ID IN ($1,$2,$3,$4) AND FTYPE_ID IN ($5,$6,$7,$8,$9,$10,$11,$12,$13,$14,$15,$16,$17,$18,$19,$20,$21,$22,$23,$24,$25,$26,$27,$28,$29)",0,0,0,0,0,0,3,5.643316,0.8280810000000001,3.065029,1.8811053333333334,0.9179088790202555,8199,133,0,0,0,0,0,0,0,0,0,0,0,0,0,0,0,0,0,0,0,0,0,0,0,0,0,0,0,0,2026-08-28 13:27:35.621363+00,2026-08-28 13:27:35.621363+00
10,16384,t,-5700058028979922091,"FETCH 33 IN ""query-cursor_26""",0,0,0,0,0,0,1,0.002482,0.002482,0.002482,0.002482,0,33,0,0,0,0,0,0,0,0,0,0,0,0,0,0,0,0,0,0,0,0,0,0,0,0,0,0,0,0,0,2026-08-28 12:14:28.128687+00,2026-08-28 12:14:28.128687+00
10,16384,t,1037440458504821834,"MOVE ALL IN ""query-cursor_30""",0,0,0,0,0,0,1,0.591337,0.591337,0.591337,0.591337,0,0,0,0,0,0,0,0,0,0,0,0,0,0,0,0,0,0,0,0,0,0,0,0,0,0,0,0,0,0,0,2026-08-28 12:18:28.127899+00,2026-08-28 12:18:28.127899+00
16410,16412,t,264999107471737992,"SELECT LIB_FEAT_ID FROM SEMANTIC_VALUE WHERE LIB_FEAT_ID IN ($1,$2,$3,$4,$5,$6,$7,$8,$9,$10,$11,$12,$13,$14,$15,$16)",0,0,0,0,0,0,2,0.12613,0.062317000000000004,0.063813,0.063065,0.0007479999999999969,18,74,0,0,0,0,0,0,0,0,0,0,0,0,0,0,0,0,0,0,0,0,0,0,0,0,0,0,0,0,2026-08-28 13:47:32.208756+00,2026-08-28 13:47:32.208756+00
16410,16412,t,6739740092344615036,"SELECT RES_ENT_ID,LIB_FEAT_ID,FTYPE_ID,UTYPE_CODE,SUPPRESSED,OBS_ENT_CNT FROM RES_FEAT_EKEY WHERE RES_ENT_ID IN ($1) AND FTYPE_ID IN ($2,$3,$4,$5,$6,$7,$8,$9,$10,$11,$12,$13,$14,$15,$16,$17,$18,$19,$20,$21,$22,$23,$24,$25)",0,0,0,0,0,0,4,1.062818,0.078998,0.5523,0.2657045,0.18049691372084456,1289,29,0,0,0,0,0,0,0,0,0,0,0,0,0,0,0,0,0,0,0,0,0,0,0,0,0,0,0,0,2026-08-28 13:27:23.95295+00,2026-08-28 13:27:23.95295+00
16410,16412,t,246073450980332549,"UPDATE RES_FEAT_EKEY AS T SET SUPPRESSED = C.SUPPRESSED FROM (VALUES (CAST ($1 AS BIGINT),CAST ($2 AS BIGINT),$3,$4),(CAST ($5 AS BIGINT),CAST ($6 AS BIGINT),$7,$8),(CAST ($9 AS BIGINT),CAST ($10 AS BIGINT),$11,$12),(CAST ($13 AS BIGINT),CAST ($14 AS BIGINT),$15,$16),(CAST ($17 AS BIGINT),CAST ($18 AS BIGINT),$19,$20),(CAST ($21 AS BIGINT),CAST ($22 AS BIGINT),$23,$24),(CAST ($25 AS BIGINT),CAST ($26 AS BIGINT),$27,$28),(CAST ($29 AS BIGINT),CAST ($30 AS BIGINT),$31,$32),(CAST ($33 AS BIGINT),CAST ($34 AS BIGINT),$35,$36),(CAST ($37 AS BIGINT),CAST ($38 AS BIGINT),$39,$40),(CAST ($41 AS BIGINT),CAST ($42 AS BIGINT),$43,$44),(CAST ($45 AS BIGINT),CAST ($46 AS BIGINT),$47,$48),(CAST ($49 AS BIGINT),CAST ($50 AS BIGINT),$51,$52),(CAST ($53 AS BIGINT),CAST ($54 AS BIGINT),$55,$56),(CAST ($57 AS BIGINT),CAST ($58 AS BIGINT),$59,$60),(CAST ($61 AS BIGINT),CAST ($62 AS BIGINT),$63,$64),(CAST ($65 AS BIGINT),CAST ($66 AS BIGINT),$67,$68),(CAST ($69 AS BIGINT),CAST ($70 AS BIGINT),$71,$72),(CAST ($73 AS BIGINT),CAST ($74 AS BIGINT),$75,$76)) AS C(RES_ENT_ID,LIB_FEAT_ID,UTYPE_CODE,SUPPRESSED) WHERE C.RES_ENT_ID=T.RES_ENT_ID AND C.LIB_FEAT_ID=T.LIB_FEAT_ID AND C.UTYPE_CODE=T.UTYPE_CODE",0,0,0,0,0,0,38,129.016296,0.159733,51.639398,3.3951656842105264,9.758224365346624,722,7174,0,0,1,0,0,0,0,0,0,0,0.004098,0,0,0,0,0,0,0,0,0,0,0,0,0,0,0,0,0,2026-08-28 13:28:37.818934+00,2026-08-28 13:28:37.818934+00
10,16384,t,-6819389027649045694,"FETCH 50 IN ""query-cursor_132""",0,0,0,0,0,0,31,0.12283499999999996,0.002843,0.006537,0.003962419354838708,0.0010258899448674938,1550,0,0,0,0,0,0,0,0,0,0,0,0,0,0,0,0,0,0,0,0,0,0,0,0,0,0,0,0,0,2026-08-28 14:05:28.139172+00,2026-08-28 14:05:28.139172+00
10,16384,t,2324496932836936260,"FETCH 31 IN ""query-cursor_157""",0,0,0,0,0,0,1,0.004214,0.004214,0.004214,0.004214,0,31,0,0,0,0,0,0,0,0,0,0,0,0,0,0,0,0,0,0,0,0,0,0,0,0,0,0,0,0,0,2026-08-28 14:30:28.152999+00,2026-08-28 14:30:28.152999+00
10,16384,t,-2469566343729334480,"DECLARE ""query-cursor_99"" SCROLL CURSOR FOR select queryid, left(query, $1), calls, (total_plan_time + total_exec_time) as total_time from aurora_stat_statements($2) order by calls desc limit $3 FOR READ ONLY",0,0,0,0,0,0,1,0.079433,0.079433,0.079433,0.079433,0,0,0,0,0,0,0,0,0,0,0,0,0,0,0,0,0,0,0,0,0,0,0,0,0,0,0,0,0,0,0,2026-08-28 13:27:28.402072+00,2026-08-28 13:27:28.402072+00
10,16384,t,3527278937924463010,"MOVE ALL IN ""query-cursor_13""",0,0,0,0,0,0,1,0.431487,0.431487,0.431487,0.431487,0,0,0,0,0,0,0,0,0,0,0,0,0,0,0,0,0,0,0,0,0,0,0,0,0,0,0,0,0,0,0,2026-08-28 12:01:28.126618+00,2026-08-28 12:01:28.126618+00
16410,16412,t,-4972692997460761528,SELECT LIB_FEAT_ID FROM SEMANTIC_VALUE WHERE LIB_FEAT_ID IN ($1),0,0,0,0,0,0,97073,1648.1314130000003,0.0052510000000000005,33.308341,0.016978268035396045,0.16152231434224895,97073,444650,0,0,0,0,0,0,0,0,0,0,0,0,0,0,0,0,0,0,0,0,0,0,0,0,0,0,0,0,2026-08-28 13:27:25.703771+00,2026-08-28 13:27:25.703771+00
10,16384,t,7676884821659338435,"MOVE -586 IN ""query-cursor_73""",0,0,0,0,0,0,1,0.012912,0.012912,0.012912,0.012912,0,0,0,0,0,0,0,0,0,0,0,0,0,0,0,0,0,0,0,0,0,0,0,0,0,0,0,0,0,0,0,2026-08-28 13:01:28.131766+00,2026-08-28 13:01:28.131766+00
10,16384,t,-7087786472298873345,"DECLARE ""query-cursor_158"" SCROLL CURSOR FOR select queryid, left(query, $1), calls, (total_plan_time + total_exec_time) as total_time from aurora_stat_statements($2) order by calls desc limit $3 FOR READ ONLY",0,0,0,0,0,0,1,0.067884,0.067884,0.067884,0.067884,0,0,0,0,0,0,0,0,0,0,0,0,0,0,0,0,0,0,0,0,0,0,0,0,0,0,0,0,0,0,0,2026-08-28 14:31:28.136392+00,2026-08-28 14:31:28.136392+00
16410,16412,t,2667162035402270221,"INSERT INTO OBS_ENT(OBS_ENT_ID,DSRC_ID,ENT_SRC_KEY,LAST_TOUCH_DT,LOCKING_ID,LOCK_DSRC_ACTION,FEATURES) VALUES ($1,$2,$3,$4,$5,$6,$7) ON CONFLICT DO NOTHING",0,0,0,0,0,0,997197,714669.7369609867,0.014364,471.265905,0.7166785870404612,3.5233805812372627,995750,14116984,0,0,18416,0,0,0,0,0,0,0,1924.807969000008,0,0,0,0,0,0,0,0,0,0,0,0,0,0,0,0,0,2026-08-28 13:27:22.097952+00,2026-08-28 13:27:22.097952+00
10,16384,t,3133795221539426062,"FETCH 35 IN ""query-cursor_73""",0,0,0,0,0,0,1,0.002576,0.002576,0.002576,0.002576,0,35,0,0,0,0,0,0,0,0,0,0,0,0,0,0,0,0,0,0,0,0,0,0,0,0,0,0,0,0,0,2026-08-28 13:01:28.133768+00,2026-08-28 13:01:28.133768+00
16410,16412,t,-7171290241277608209,DELETE FROM RES_FEAT_EKEY WHERE ((RES_ENT_ID=$1 AND LIB_FEAT_ID=$2 AND UTYPE_CODE=$3)OR(RES_ENT_ID=$4 AND LIB_FEAT_ID=$5 AND UTYPE_CODE=$6)OR(RES_ENT_ID=$7 AND LIB_FEAT_ID=$8 AND UTYPE_CODE=$9)OR(RES_ENT_ID=$10 AND LIB_FEAT_ID=$11 AND UTYPE_CODE=$12)OR(RES_ENT_ID=$13 AND LIB_FEAT_ID=$14 AND UTYPE_CODE=$15)OR(RES_ENT_ID=$16 AND LIB_FEAT_ID=$17 AND UTYPE_CODE=$18)OR(RES_ENT_ID=$19 AND LIB_FEAT_ID=$20 AND UTYPE_CODE=$21)OR(RES_ENT_ID=$22 AND LIB_FEAT_ID=$23 AND UTYPE_CODE=$24)OR(RES_ENT_ID=$25 AND LIB_FEAT_ID=$26 AND UTYPE_CODE=$27)OR(RES_ENT_ID=$28 AND LIB_FEAT_ID=$29 AND UTYPE_CODE=$30)OR(RES_ENT_ID=$31 AND LIB_FEAT_ID=$32 AND UTYPE_CODE=$33)OR(RES_ENT_ID=$34 AND LIB_FEAT_ID=$35 AND UTYPE_CODE=$36)OR(RES_ENT_ID=$37 AND LIB_FEAT_ID=$38 AND UTYPE_CODE=$39)OR(RES_ENT_ID=$40 AND LIB_FEAT_ID=$41 AND UTYPE_CODE=$42)OR(RES_ENT_ID=$43 AND LIB_FEAT_ID=$44 AND UTYPE_CODE=$45)OR(RES_ENT_ID=$46 AND LIB_FEAT_ID=$47 AND UTYPE_CODE=$48)OR(RES_ENT_ID=$49 AND LIB_FEAT_ID=$50 AND UTYPE_CODE=$51)OR(RES_ENT_ID=$52 AND LIB_FEAT_ID=$53 AND UTYPE_CODE=$54)OR(RES_ENT_ID=$55 AND LIB_FEAT_ID=$56 AND UTYPE_CODE=$57)OR(RES_ENT_ID=$58 AND LIB_FEAT_ID=$59 AND UTYPE_CODE=$60)),0,0,0,0,0,0,340,402.85960299999954,0.028683999999999998,42.203824,1.1848811852941163,4.985583845144325,6760,34243,0,0,0,0,0,0,0,0,0,0,0,0,0,0,0,0,0,0,0,0,0,0,0,0,0,0,0,0,2026-08-28 13:28:17.217847+00,2026-08-28 13:28:17.217847+00
10,16384,t,-596707371274833611,"FETCH 50 IN ""query-cursor_51""",0,0,0,0,0,0,8,0.027356000000000002,0.002848,0.006239,0.0034195000000000002,0.0010775988353742777,400,0,0,0,0,0,0,0,0,0,0,0,0,0,0,0,0,0,0,0,0,0,0,0,0,0,0,0,0,0,2026-08-28 12:39:28.129814+00,2026-08-28 12:39:28.129814+00
10,16384,t,6622982503032402042,"MOVE -446 IN ""query-cursor_53""",0,0,0,0,0,0,1,0.010474,0.010474,0.010474,0.010474,0,0,0,0,0,0,0,0,0,0,0,0,0,0,0,0,0,0,0,0,0,0,0,0,0,0,0,0,0,0,0,2026-08-28 12:41:28.129953+00,2026-08-28 12:41:28.129953+00
16410,16412,t,-6584799622022706607,"SELECT RES_ENT_ID,OBS_ENT_ID,ERRULE_ID,MATCH_KEY FROM RES_ENT_OKEY WHERE RES_ENT_ID IN ($1,$2,$3,$4,$5,$6,$7,$8,$9,$10,$11,$12,$13,$14,$15,$16)",0,0,0,0,0,0,3,0.222503,0.057543000000000004,0.090593,0.07416766666666667,0.01349334219367298,46,154,0,0,0,0,0,0,0,0,0,0,0,0,0,0,0,0,0,0,0,0,0,0,0,0,0,0,0,0,2026-08-28 13:38:29.490188+00,2026-08-28 13:38:29.490188+00
10,16384,t,4761169836442445673,"DECLARE ""query-cursor_94"" SCROLL CURSOR FOR select queryid, left(query, $1), calls, (total_plan_time + total_exec_time) as total_time from aurora_stat_statements($2) order by calls desc limit $3 FOR READ ONLY",0,0,0,0,0,0,1,0.066732,0.066732,0.066732,0.066732,0,0,0,0,0,0,0,0,0,0,0,0,0,0,0,0,0,0,0,0,0,0,0,0,0,0,0,0,0,0,0,2026-08-28 13:22:28.131836+00,2026-08-28 13:22:28.131836+00
16410,16412,t,-1893089200047388656,"SELECT RES_ENT_ID,LIB_FEAT_ID,FTYPE_ID,UTYPE_CODE,SUPPRESSED,OBS_ENT_CNT FROM RES_FEAT_EKEY WHERE RES_ENT_ID IN ($1) AND FTYPE_ID IN ($2,$3,$4,$5,$6,$7,$8,$9,$10,$11,$12,$13,$14,$15,$16,$17,$18,$19,$20,$21)",0,0,0,0,0,0,168,39.080473,0.01726,12.2021,0.23262186309523808,1.0882240784595032,24997,955,0,0,0,0,0,0,0,0,0,0,0,0,0,0,0,0,0,0,0,0,0,0,0,0,0,0,0,0,2026-08-28 13:27:22.823491+00,2026-08-28 13:27:22.823491+00
16410,16412,t,-3243275005037777376,"SELECT RES_ENT_ID,LIB_FEAT_ID,FTYPE_ID,UTYPE_CODE,SUPPRESSED,OBS_ENT_CNT FROM RES_FEAT_EKEY WHERE RES_ENT_ID IN ($1,$2,$3,$4,$5,$6,$7,$8,$9,$10,$11,$12,$13,$14,$15,$16,$17,$18,$19,$20,$21,$22,$23,$24,$25,$26,$27,$28,$29,$30,$31,$32,$33,$34,$35,$36,$37,$38,$39,$40,$41,$42,$43,$44,$45,$46,$47,$48,$49,$50,$51,$52,$53,$54,$55,$56,$57,$58,$59,$60,$61,$62,$63,$64,$65,$66,$67,$68,$69,$70,$71,$72,$73,$74,$75,$76,$77) AND FTYPE_ID IN ($78,$79,$80,$81,$82,$83,$84,$85,$86,$87,$88,$89,$90,$91,$92,$93,$94,$95,$96,$97,$98,$99,$100)",0,0,0,0,0,0,80,13406.567370000002,6.979768,834.894326,167.58209212500003,132.9489559974539,9813487,126296,0,0,0,0,0,0,0,0,0,0,0,0,0,0,0,0,0,0,0,0,0,0,0,0,0,0,0,0,2026-08-28 13:28:21.590516+00,2026-08-28 13:28:21.590516+00
16410,16412,t,6767209061879414266,"DELETE FROM RES_REL_EKEY WHERE (RES_ENT_ID,REL_ENT_ID,RES_REL_ID) IN (($1,$2,$3),($4,$5,$6),($7,$8,$9),($10,$11,$12),($13,$14,$15),($16,$17,$18),($19,$20,$21),($22,$23,$24),($25,$26,$27),($28,$29,$30),($31,$32,$33),($34,$35,$36),($37,$38,$39),($40,$41,$42),($43,$44,$45),($46,$47,$48),($49,$50,$51),($52,$53,$54),($55,$56,$57),($58,$59,$60),($61,$62,$63),($64,$65,$66),($67,$68,$69),($70,$71,$72),($73,$74,$75),($76,$77,$78),($79,$80,$81),($82,$83,$84),($85,$86,$87),($88,$89,$90),($91,$92,$93),($94,$95,$96),($97,$98,$99))",0,0,0,0,0,0,851,1213.5450520000002,0.125975,47.444588,1.4260223877790836,5.336078488919056,28054,134205,0,0,0,0,0,0,0,0,0,0,0,0,0,0,0,0,0,0,0,0,0,0,0,0,0,0,0,0,2026-08-28 13:30:14.288059+00,2026-08-28 13:30:14.288059+00
10,16384,t,5159362588268813367,"FETCH 0 IN ""query-cursor_119""",0,0,0,0,0,0,1,0.00342,0.00342,0.00342,0.00342,0,0,0,0,0,0,0,0,0,0,0,0,0,0,0,0,0,0,0,0,0,0,0,0,0,0,0,0,0,0,0,2026-08-28 13:52:28.133862+00,2026-08-28 13:52:28.133862+00
10,1,t,4743708967602125791,"SELECT COUNT(*)
RELS
,(MAX(RELPAGES::bigint) FILTER (WHERE RELKIND IN ($1,$2,$3,$4) AND RELNAMESPACE<>$5::REGNAMESPACE))*$6
LARGEST_TABLE_BYTES
,(MAX(RELTUPLES::bigint) FILTER (WHERE RELKIND IN ($7,$8,$9,$10) AND RELNAMESPACE<>$11::REGNAMESPACE))
LARGEST_TABLE_TUPLES
,(MAX(RELPAGES::bigint) FILTER (WHERE RELKIND IN ($12,$13) AND RELNAMESPACE<>$14::REGNAMESPACE))*$15
LARGEST_INDEX_BYTES
,(MAX(RELTUPLES::bigint) FILTER (WHERE RELKIND IN ($16,$17) AND RELNAMESPACE<>$18::REGNAMESPACE))
LARGEST_INDEX_TUPLES
,(MAX(RELPAGES::bigint) FILTER (WHERE RELKIND IN ($19,$20,$21,$22) AND RELNAMESPACE=$23::REGNAMESPACE))*$24
LARGEST_CATALOG_TABLE_BYTES
,(MAX(RELTUPLES::bigint) FILTER (WHERE RELKIND IN ($25,$26,$27,$28) AND RELNAMESPACE=$29::REGNAMESPACE))
LARGEST_CATALOG_TABLE_TUPLES
,(MAX(RELPAGES::bigint) FILTER (WHERE RELKIND IN ($30,$31) AND RELNAMESPACE=$32::REGNAMESPACE))*$33
LARGEST_CATALOG_INDEX_BYTES
,(MAX(RELTUPLES::bigint) FILTER (WHERE RELKIND IN ($34,$35) AND RELNAMESPACE=$36::REGNAMESPACE))
LARGEST_CATALOG_INDEX_TUPLES
FROM PG_CATALOG.PG_CLASS",0,0,0,0,0,0,1,0.155935,0.155935,0.155935,0.155935,0,1,14,0,0,0,0,0,0,0,0,0,0,0,0,0,0,0,0,0,0,0,0,0,0,0,0,0,0,0,0,2026-08-28 12:45:00.313856+00,2026-08-28 12:45:00.313856+00
10,16384,t,-4205950134213807602,"MOVE ALL IN ""query-cursor_34""",0,0,0,0,0,0,1,0.706539,0.706539,0.706539,0.706539,0,0,0,0,0,0,0,0,0,0,0,0,0,0,0,0,0,0,0,0,0,0,0,0,0,0,0,0,0,0,0,2026-08-28 12:22:28.128368+00,2026-08-28 12:22:28.128368+00
10,16384,t,8865930229168687718,"FETCH 39 IN ""query-cursor_90""",0,0,0,0,0,0,1,0.0027,0.0027,0.0027,0.0027,0,39,0,0,0,0,0,0,0,0,0,0,0,0,0,0,0,0,0,0,0,0,0,0,0,0,0,0,0,0,0,2026-08-28 13:18:28.13551+00,2026-08-28 13:18:28.13551+00
10,16384,t,-5860567176361688039,"FETCH 47 IN ""query-cursor_168""",0,0,0,0,0,0,1,0.006956,0.006956,0.006956,0.006956,0,47,0,0,0,0,0,0,0,0,0,0,0,0,0,0,0,0,0,0,0,0,0,0,0,0,0,0,0,0,0,2026-08-28 14:41:28.154156+00,2026-08-28 14:41:28.154156+00
10,16384,t,-3388907387709909767,"MOVE -708 IN ""query-cursor_93""",0,0,0,0,0,0,1,0.015407,0.015407,0.015407,0.015407,0,0,0,0,0,0,0,0,0,0,0,0,0,0,0,0,0,0,0,0,0,0,0,0,0,0,0,0,0,0,0,2026-08-28 13:21:28.133405+00,2026-08-28 13:21:28.133405+00
10,16384,t,-2264318040145547271,"MOVE ALL IN ""query-cursor_65""",0,0,0,0,0,0,1,1.176506,1.176506,1.176506,1.176506,0,0,0,0,0,0,0,0,0,0,0,0,0,0,0,0,0,0,0,0,0,0,0,0,0,0,0,0,0,0,0,2026-08-28 12:53:28.131006+00,2026-08-28 12:53:28.131006+00
10,16384,t,-1474444146649906488,"MOVE -200 IN ""query-cursor_12""",0,0,0,0,0,0,1,0.00609,0.00609,0.00609,0.00609,0,0,0,0,0,0,0,0,0,0,0,0,0,0,0,0,0,0,0,0,0,0,0,0,0,0,0,0,0,0,0,2026-08-28 12:00:28.12661+00,2026-08-28 12:00:28.12661+00
10,16384,t,-8574221860419494722,"FETCH 9 IN ""query-cursor_85""",0,0,0,0,0,0,1,0.001711,0.001711,0.001711,0.001711,0,9,0,0,0,0,0,0,0,0,0,0,0,0,0,0,0,0,0,0,0,0,0,0,0,0,0,0,0,0,0,2026-08-28 13:13:28.135213+00,2026-08-28 13:13:28.135213+00
16410,16412,t,-2503826466694178796,"UPDATE RES_FEAT_EKEY AS T SET SUPPRESSED=C.SUPPRESSED,OBS_ENT_CNT=C.OBS_ENT_CNT FROM (VALUES (CAST ($1 AS BIGINT),CAST ($2 AS BIGINT),$3,$4,CAST ($5 AS BIGINT)),(CAST ($6 AS BIGINT),CAST ($7 AS BIGINT),$8,$9,CAST ($10 AS BIGINT)),(CAST ($11 AS BIGINT),CAST ($12 AS BIGINT),$13,$14,CAST ($15 AS BIGINT)),(CAST ($16 AS BIGINT),CAST ($17 AS BIGINT),$18,$19,CAST ($20 AS BIGINT)),(CAST ($21 AS BIGINT),CAST ($22 AS BIGINT),$23,$24,CAST ($25 AS BIGINT)),(CAST ($26 AS BIGINT),CAST ($27 AS BIGINT),$28,$29,CAST ($30 AS BIGINT)),(CAST ($31 AS BIGINT),CAST ($32 AS BIGINT),$33,$34,CAST ($35 AS BIGINT)),(CAST ($36 AS BIGINT),CAST ($37 AS BIGINT),$38,$39,CAST ($40 AS BIGINT))) AS C(RES_ENT_ID,LIB_FEAT_ID,UTYPE_CODE,SUPPRESSED,OBS_ENT_CNT) WHERE C.RES_ENT_ID=T.RES_ENT_ID AND C.LIB_FEAT_ID=T.LIB_FEAT_ID AND C.UTYPE_CODE=T.UTYPE_CODE",0,0,0,0,0,0,1077,2505.451650999997,0.101855,48.857937,2.3263246527390873,7.03593556560591,8616,105945,0,0,10,0,0,0,0,0,0,0,0.075834,0,0,0,0,0,0,0,0,0,0,0,0,0,0,0,0,0,2026-08-28 13:27:37.978914+00,2026-08-28 13:27:37.978914+00
16410,16412,t,-2708634074219611602,"SELECT RES_ENT_ID,LIB_FEAT_ID,FTYPE_ID,UTYPE_CODE,SUPPRESSED,OBS_ENT_CNT FROM RES_FEAT_EKEY WHERE RES_ENT_ID IN ($1,$2,$3,$4,$5,$6,$7,$8,$9,$10,$11,$12,$13,$14,$15,$16,$17,$18,$19,$20,$21,$22,$23,$24,$25,$26,$27,$28,$29,$30,$31,$32,$33,$34,$35,$36,$37,$38,$39,$40,$41,$42,$43,$44,$45,$46,$47,$48,$49,$50,$51,$52,$53,$54,$55,$56,$57,$58,$59,$60,$61,$62,$63,$64,$65,$66,$67,$68,$69,$70,$71,$72,$73,$74,$75,$76,$77,$78,$79) AND FTYPE_ID IN ($80,$81,$82,$83,$84,$85,$86,$87,$88,$89,$90,$91,$92,$93,$94,$95,$96,$97,$98,$99,$100)",0,0,0,0,0,0,134,26175.992000000006,9.002811,657.3909580000001,195.34322388059707,155.99995960415694,17291059,221379,0,0,0,0,0,0,0,0,0,0,0,0,0,0,0,0,0,0,0,0,0,0,0,0,0,0,0,0,2026-08-28 13:27:51.054306+00,2026-08-28 13:27:51.054306+00
10,16384,t,-6346280946335487606,"DECLARE ""query-cursor_59"" SCROLL CURSOR FOR select queryid, left(query, $1), calls, (total_plan_time + total_exec_time) as total_time from aurora_stat_statements($2) order by calls desc limit $3 FOR READ ONLY",0,0,0,0,0,0,1,0.067423,0.067423,0.067423,0.067423,0,0,0,0,0,0,0,0,0,0,0,0,0,0,0,0,0,0,0,0,0,0,0,0,0,0,0,0,0,0,0,2026-08-28 12:47:28.129378+00,2026-08-28 12:47:28.129378+00
10,16384,t,994327658489348876,"FETCH 33 IN ""query-cursor_149""",0,0,0,0,0,0,1,0.003263,0.003263,0.003263,0.003263,0,33,0,0,0,0,0,0,0,0,0,0,0,0,0,0,0,0,0,0,0,0,0,0,0,0,0,0,0,0,0,2026-08-28 14:22:28.152069+00,2026-08-28 14:22:28.152069+00
10,16384,t,-1809599985601987750,"DECLARE ""query-cursor_127"" SCROLL CURSOR FOR select queryid, left(query, $1), calls, (total_plan_time + total_exec_time) as total_time from aurora_stat_statements($2) order by calls desc limit $3 FOR READ ONLY",0,0,0,0,0,0,1,0.067447,0.067447,0.067447,0.067447,0,0,0,0,0,0,0,0,0,0,0,0,0,0,0,0,0,0,0,0,0,0,0,0,0,0,0,0,0,0,0,2026-08-28 14:00:28.134288+00,2026-08-28 14:00:28.134288+00
16410,16412,t,3620118175299940109,"SELECT RES_ENT_ID,LIB_FEAT_ID,FTYPE_ID,UTYPE_CODE,SUPPRESSED,OBS_ENT_CNT FROM RES_FEAT_EKEY WHERE RES_ENT_ID IN ($1,$2,$3,$4,$5,$6,$7,$8,$9,$10,$11,$12,$13,$14,$15,$16,$17,$18,$19,$20,$21,$22,$23,$24,$25,$26,$27,$28,$29,$30,$31,$32) AND FTYPE_ID IN ($33,$34,$35,$36,$37,$38,$39,$40,$41,$42,$43,$44,$45,$46)",0,0,0,0,0,0,2773,20724.187379999963,0.33336299999999996,318.039952,7.473561983411455,18.107500283228262,7462408,362070,0,0,0,0,0,0,0,0,0,0,0,0,0,0,0,0,0,0,0,0,0,0,0,0,0,0,0,0,2026-08-28 13:27:27.529303+00,2026-08-28 13:27:27.529303+00
16410,16412,t,-8393225869822740495,"INSERT INTO RES_REL_EKEY(RES_REL_ID,RES_ENT_ID,REL_ENT_ID) VALUES ($1,$2,$3),($4,$5,$6),($7,$8,$9),($10,$11,$12),($13,$14,$15),($16,$17,$18),($19,$20,$21),($22,$23,$24),($25,$26,$27),($28,$29,$30),($31,$32,$33),($34,$35,$36),($37,$38,$39),($40,$41,$42),($43,$44,$45) ON CONFLICT DO NOTHING",0,0,0,0,0,0,86,415.720758,0.21343299999999998,58.323843000000004,4.833962302325581,12.090783242148113,1290,10319,0,0,9,0,0,0,0,0,0,0,1.1244539999999998,0,0,0,0,0,0,0,0,0,0,0,0,0,0,0,0,0,2026-08-28 13:30:11.985765+00,2026-08-28 13:30:11.985765+00
10,16384,t,6924341606900640853,"FETCH 47 IN ""query-cursor_143""",0,0,0,0,0,0,1,0.003872,0.003872,0.003872,0.003872,0,47,0,0,0,0,0,0,0,0,0,0,0,0,0,0,0,0,0,0,0,0,0,0,0,0,0,0,0,0,0,2026-08-28 14:16:28.150783+00,2026-08-28 14:16:28.150783+00
10,16384,t,2367376648110697170,select estimated_fixed_memory from apg_aco_get_estimated_memory($1),0,0,0,0,0,0,176,5.7358790000000015,0.027238,0.048858,0.0325902215909091,0.0033864167341732167,176,0,0,0,0,0,0,0,0,0,0,0,0,0,0,0,0,0,0,0,0,0,0,0,0,0,0,0,0,0,2026-08-28 11:48:37.949952+00,2026-08-28 11:48:37.949952+00
10,16384,t,-6930211739579768060,ROLLBACK,0,0,0,0,0,0,508,0.5453310000000002,0.000326,0.019146,0.0010734862204724413,0.0009213827430872274,0,0,0,0,0,0,0,0,0,0,0,0,0,0,0,0,0,0,0,0,0,0,0,0,0,0,0,0,0,0,2026-08-28 11:49:27.50139+00,2026-08-28 11:49:27.50139+00
16410,16412,t,479873241561106774,"INSERT INTO RES_FEAT_STAT(LIB_FEAT_ID,FTYPE_ID,NUM_RES_ENT,NUM_RES_ENT_OOM) VALUES ($1,$2,$3,$4),($5,$6,$7,$8),($9,$10,$11,$12),($13,$14,$15,$16),($17,$18,$19,$20),($21,$22,$23,$24),($25,$26,$27,$28),($29,$30,$31,$32),($33,$34,$35,$36),($37,$38,$39,$40),($41,$42,$43,$44),($45,$46,$47,$48),($49,$50,$51,$52),($53,$54,$55,$56),($57,$58,$59,$60),($61,$62,$63,$64),($65,$66,$67,$68),($69,$70,$71,$72),($73,$74,$75,$76),($77,$78,$79,$80) ON CONFLICT DO NOTHING",0,0,0,0,0,0,18423,115537.99094499975,0.185389,648.7340419999999,6.271399389078855,23.292501901546412,368325,3075998,0,0,3313,0,0,0,0,0,0,0,136.21790900000022,0,0,0,0,0,0,0,0,0,0,0,0,0,0,0,0,0,2026-08-28 13:27:22.607537+00,2026-08-28 13:27:22.607537+00
10,16384,t,-8068339863505022159,select pg_postmaster_start_time(),0,0,0,0,0,0,176,0.24549399999999996,0.000933,0.004057000000000001,0.0013948522727272724,0.0006166143637892311,176,0,0,0,0,0,0,0,0,0,0,0,0,0,0,0,0,0,0,0,0,0,0,0,0,0,0,0,0,0,2026-08-28 11:48:37.944596+00,2026-08-28 11:48:37.944596+00
16410,16412,t,-8072817735655944449,"SELECT RES_ENT_ID,LIB_FEAT_ID,FTYPE_ID,UTYPE_CODE,SUPPRESSED,OBS_ENT_CNT FROM RES_FEAT_EKEY WHERE RES_ENT_ID IN ($1,$2,$3,$4,$5,$6,$7,$8) AND FTYPE_ID IN ($9,$10,$11,$12,$13,$14)",0,0,0,0,0,0,1028,544.7598630000009,0.056984999999999994,31.975047999999997,0.5299220457198452,2.378027674236726,82516,28566,0,0,0,0,0,0,0,0,0,0,0,0,0,0,0,0,0,0,0,0,0,0,0,0,0,0,0,0,2026-08-28 13:27:27.499729+00,2026-08-28 13:27:27.499729+00
10,16384,t,2692857828051902572,"MOVE -574 IN ""query-cursor_71""",0,0,0,0,0,0,1,0.013717,0.013717,0.013717,0.013717,0,0,0,0,0,0,0,0,0,0,0,0,0,0,0,0,0,0,0,0,0,0,0,0,0,0,0,0,0,0,0,2026-08-28 12:59:28.131579+00,2026-08-28 12:59:28.131579+00
10,16384,t,8075369696814485879,"MOVE ALL IN ""query-cursor_39""",0,0,0,0,0,0,1,0.803209,0.803209,0.803209,0.803209,0,0,0,0,0,0,0,0,0,0,0,0,0,0,0,0,0,0,0,0,0,0,0,0,0,0,0,0,0,0,0,2026-08-28 12:27:28.128927+00,2026-08-28 12:27:28.128927+00
16410,16412,t,-2485685696967802874,"INSERT INTO LIB_FEAT(LIB_FEAT_ID,FTYPE_ID,FEAT_HASH,FEAT_DESC,FELEM_VALUES,ANONYMIZED,VERSION) VALUES ($1,$2,$3,$4,$5,$6,$7),($8,$9,$10,$11,$12,$13,$14),($15,$16,$17,$18,$19,$20,$21),($22,$23,$24,$25,$26,$27,$28),($29,$30,$31,$32,$33,$34,$35),($36,$37,$38,$39,$40,$41,$42),($43,$44,$45,$46,$47,$48,$49) ON CONFLICT(FTYPE_ID,FEAT_HASH,ANONYMIZED) DO UPDATE SET FTYPE_ID=LIB_FEAT.FTYPE_ID,FEAT_HASH=LIB_FEAT.FEAT_HASH,ANONYMIZED=LIB_FEAT.ANONYMIZED RETURNING LIB_FEAT_ID,FTYPE_ID,FEAT_HASH,ANONYMIZED,FEAT_DESC",0,0,0,0,0,0,144540,2254682.383029035,0.149266,1162.5065029999998,15.599020222976579,44.086460679819794,1011780,15651866,2,0,148928,0,0,0,0,0,0,0,3028.4439610000027,0,0,0,0,0,0,0,0,0,0,0,0,0,0,0,0,0,2026-08-28 13:27:22.578521+00,2026-08-28 13:27:22.578521+00
10,16384,t,736506902376340851,"FETCH 11 IN ""query-cursor_69""",0,0,0,0,0,0,1,0.001761,0.001761,0.001761,0.001761,0,11,0,0,0,0,0,0,0,0,0,0,0,0,0,0,0,0,0,0,0,0,0,0,0,0,0,0,0,0,0,2026-08-28 12:57:28.13335+00,2026-08-28 12:57:28.13335+00
16410,16412,t,613990687792054191,"INSERT INTO LIB_FEAT(LIB_FEAT_ID,FTYPE_ID,FEAT_HASH,FEAT_DESC,FELEM_VALUES,ANONYMIZED,VERSION) VALUES ($1,$2,$3,$4,$5,$6,$7),($8,$9,$10,$11,$12,$13,$14),($15,$16,$17,$18,$19,$20,$21),($22,$23,$24,$25,$26,$27,$28),($29,$30,$31,$32,$33,$34,$35),($36,$37,$38,$39,$40,$41,$42),($43,$44,$45,$46,$47,$48,$49),($50,$51,$52,$53,$54,$55,$56) ON CONFLICT(FTYPE_ID,FEAT_HASH,ANONYMIZED) DO UPDATE SET FTYPE_ID=LIB_FEAT.FTYPE_ID,FEAT_HASH=LIB_FEAT.FEAT_HASH,ANONYMIZED=LIB_FEAT.ANONYMIZED RETURNING LIB_FEAT_ID,FTYPE_ID,FEAT_HASH,ANONYMIZED,FEAT_DESC",0,0,0,0,0,0,114296,1741982.9739339883,0.174695,1335.957542,15.240979333782358,43.66595459308211,914368,13714536,1,0,109678,0,0,0,0,0,0,0,2531.1308159999962,0,0,0,0,0,0,0,0,0,0,0,0,0,0,0,0,0,2026-08-28 13:27:22.224753+00,2026-08-28 13:27:22.224753+00
10,16384,t,2954523319034387060,"FETCH 23 IN ""query-cursor_139""",0,0,0,0,0,0,1,0.002598,0.002598,0.002598,0.002598,0,23,0,0,0,0,0,0,0,0,0,0,0,0,0,0,0,0,0,0,0,0,0,0,0,0,0,0,0,0,0,2026-08-28 14:12:28.150924+00,2026-08-28 14:12:28.150924+00
16410,16412,t,-5205078865400121582,DELETE FROM RES_FEAT_EKEY WHERE ((RES_ENT_ID=$1 AND LIB_FEAT_ID=$2 AND UTYPE_CODE=$3)OR(RES_ENT_ID=$4 AND LIB_FEAT_ID=$5 AND UTYPE_CODE=$6)OR(RES_ENT_ID=$7 AND LIB_FEAT_ID=$8 AND UTYPE_CODE=$9)OR(RES_ENT_ID=$10 AND LIB_FEAT_ID=$11 AND UTYPE_CODE=$12)OR(RES_ENT_ID=$13 AND LIB_FEAT_ID=$14 AND UTYPE_CODE=$15)OR(RES_ENT_ID=$16 AND LIB_FEAT_ID=$17 AND UTYPE_CODE=$18)OR(RES_ENT_ID=$19 AND LIB_FEAT_ID=$20 AND UTYPE_CODE=$21)OR(RES_ENT_ID=$22 AND LIB_FEAT_ID=$23 AND UTYPE_CODE=$24)OR(RES_ENT_ID=$25 AND LIB_FEAT_ID=$26 AND UTYPE_CODE=$27)OR(RES_ENT_ID=$28 AND LIB_FEAT_ID=$29 AND UTYPE_CODE=$30)OR(RES_ENT_ID=$31 AND LIB_FEAT_ID=$32 AND UTYPE_CODE=$33)OR(RES_ENT_ID=$34 AND LIB_FEAT_ID=$35 AND UTYPE_CODE=$36)OR(RES_ENT_ID=$37 AND LIB_FEAT_ID=$38 AND UTYPE_CODE=$39)OR(RES_ENT_ID=$40 AND LIB_FEAT_ID=$41 AND UTYPE_CODE=$42)OR(RES_ENT_ID=$43 AND LIB_FEAT_ID=$44 AND UTYPE_CODE=$45)OR(RES_ENT_ID=$46 AND LIB_FEAT_ID=$47 AND UTYPE_CODE=$48)OR(RES_ENT_ID=$49 AND LIB_FEAT_ID=$50 AND UTYPE_CODE=$51)OR(RES_ENT_ID=$52 AND LIB_FEAT_ID=$53 AND UTYPE_CODE=$54)OR(RES_ENT_ID=$55 AND LIB_FEAT_ID=$56 AND UTYPE_CODE=$57)OR(RES_ENT_ID=$58 AND LIB_FEAT_ID=$59 AND UTYPE_CODE=$60)OR(RES_ENT_ID=$61 AND LIB_FEAT_ID=$62 AND UTYPE_CODE=$63)),0,0,0,0,0,0,321,51337.089087,0.083247,29927.760728999998,159.92862643925233,1957.47039381873,6741,34039,0,0,0,0,0,0,0,0,0,0,0,0,0,0,0,0,0,0,0,0,0,0,0,0,0,0,0,0,2026-08-28 13:28:01.512251+00,2026-08-28 13:28:01.512251+00
10,16384,t,5873607441183453913,"MOVE -666 IN ""query-cursor_86""",0,0,0,0,0,0,1,0.014788,0.014788,0.014788,0.014788,0,0,0,0,0,0,0,0,0,0,0,0,0,0,0,0,0,0,0,0,0,0,0,0,0,0,0,0,0,0,0,2026-08-28 13:14:28.132814+00,2026-08-28 13:14:28.132814+00
16410,16412,t,-8176456599728080229,"SELECT RES_ENT_ID,LIB_FEAT_ID,FTYPE_ID,UTYPE_CODE,SUPPRESSED,OBS_ENT_CNT FROM RES_FEAT_EKEY WHERE RES_ENT_ID IN ($1,$2,$3,$4,$5,$6,$7,$8) AND FTYPE_ID IN ($9,$10,$11,$12,$13,$14,$15,$16,$17,$18,$19,$20,$21,$22,$23,$24,$25,$26,$27,$28)",0,0,0,0,0,0,240,380.05746000000005,0.123866,48.892414,1.5835727500000003,4.885443017506621,333270,10165,0,0,0,0,0,0,0,0,0,0,0,0,0,0,0,0,0,0,0,0,0,0,0,0,0,0,0,0,2026-08-28 13:27:23.657715+00,2026-08-28 13:27:23.657715+00
10,16384,t,-7266393711212320731,"MOVE ALL IN ""query-cursor_88""",0,0,0,0,0,0,1,1.44127,1.44127,1.44127,1.44127,0,0,0,0,0,0,0,0,0,0,0,0,0,0,0,0,0,0,0,0,0,0,0,0,0,0,0,0,0,0,0,2026-08-28 13:16:28.132881+00,2026-08-28 13:16:28.132881+00
10,16384,t,8593608866768640613,"FETCH 50 IN ""query-cursor_18""",0,0,0,0,0,0,4,0.014462000000000001,0.002904,0.004661,0.0036155000000000002,0.000647561000987552,200,0,0,0,0,0,0,0,0,0,0,0,0,0,0,0,0,0,0,0,0,0,0,0,0,0,0,0,0,0,2026-08-28 12:06:28.127127+00,2026-08-28 12:06:28.127127+00
10,16384,t,362647677176339839,"MOVE -1458 IN ""query-cursor_113""",0,0,0,0,0,0,1,0.028067,0.028067,0.028067,0.028067,0,0,0,0,0,0,0,0,0,0,0,0,0,0,0,0,0,0,0,0,0,0,0,0,0,0,0,0,0,0,0,2026-08-28 13:46:28.138634+00,2026-08-28 13:46:28.138634+00
16410,16412,t,-7602567359069209044,"SELECT LIB_FEAT_ID,FEAT_DESC,FTYPE_ID,ANONYMIZED,FEAT_HASH,VERSION,FELEM_VALUES FROM LIB_FEAT WHERE (FEAT_HASH,FTYPE_ID) IN (($1,$2),($3,$4),($5,$6),($7,$8),($9,$10),($11,$12),($13,$14),($15,$16))",0,0,0,0,0,0,1028910,217671.2367189967,0.013065,113.043015,0.21155517656451653,0.7963766648818373,3031882,36340769,0,0,0,0,0,0,0,0,0,0,0,0,0,0,0,0,0,0,0,0,0,0,0,0,0,0,0,0,2026-08-28 13:27:22.120221+00,2026-08-28 13:27:22.120221+00
10,16384,t,4285757916601300173,"FETCH 0 IN ""query-cursor_136""",0,0,0,0,0,0,1,0.003774,0.003774,0.003774,0.003774,0,0,0,0,0,0,0,0,0,0,0,0,0,0,0,0,0,0,0,0,0,0,0,0,0,0,0,0,0,0,0,2026-08-28 14:09:28.134893+00,2026-08-28 14:09:28.134893+00
10,16384,t,-5975452127065020710,"FETCH 0 IN ""query-cursor_33""",0,0,0,0,0,0,1,0.003692,0.003692,0.003692,0.003692,0,0,0,0,0,0,0,0,0,0,0,0,0,0,0,0,0,0,0,0,0,0,0,0,0,0,0,0,0,0,0,2026-08-28 12:21:28.127549+00,2026-08-28 12:21:28.127549+00
16410,16412,t,-7284927694503154729,DELETE FROM RES_FEAT_EKEY WHERE ((RES_ENT_ID=$1 AND LIB_FEAT_ID=$2 AND UTYPE_CODE=$3)OR(RES_ENT_ID=$4 AND LIB_FEAT_ID=$5 AND UTYPE_CODE=$6)OR(RES_ENT_ID=$7 AND LIB_FEAT_ID=$8 AND UTYPE_CODE=$9)OR(RES_ENT_ID=$10 AND LIB_FEAT_ID=$11 AND UTYPE_CODE=$12)OR(RES_ENT_ID=$13 AND LIB_FEAT_ID=$14 AND UTYPE_CODE=$15)OR(RES_ENT_ID=$16 AND LIB_FEAT_ID=$17 AND UTYPE_CODE=$18)OR(RES_ENT_ID=$19 AND LIB_FEAT_ID=$20 AND UTYPE_CODE=$21)OR(RES_ENT_ID=$22 AND LIB_FEAT_ID=$23 AND UTYPE_CODE=$24)OR(RES_ENT_ID=$25 AND LIB_FEAT_ID=$26 AND UTYPE_CODE=$27)OR(RES_ENT_ID=$28 AND LIB_FEAT_ID=$29 AND UTYPE_CODE=$30)OR(RES_ENT_ID=$31 AND LIB_FEAT_ID=$32 AND UTYPE_CODE=$33)OR(RES_ENT_ID=$34 AND LIB_FEAT_ID=$35 AND UTYPE_CODE=$36)OR(RES_ENT_ID=$37 AND LIB_FEAT_ID=$38 AND UTYPE_CODE=$39)OR(RES_ENT_ID=$40 AND LIB_FEAT_ID=$41 AND UTYPE_CODE=$42)OR(RES_ENT_ID=$43 AND LIB_FEAT_ID=$44 AND UTYPE_CODE=$45)OR(RES_ENT_ID=$46 AND LIB_FEAT_ID=$47 AND UTYPE_CODE=$48)OR(RES_ENT_ID=$49 AND LIB_FEAT_ID=$50 AND UTYPE_CODE=$51)OR(RES_ENT_ID=$52 AND LIB_FEAT_ID=$53 AND UTYPE_CODE=$54)),0,0,0,0,0,0,536,835.294542,0.075865,50.814159999999994,1.5583853395522387,5.47657539920025,9633,48836,0,0,0,0,0,0,0,0,0,0,0,0,0,0,0,0,0,0,0,0,0,0,0,0,0,0,0,0,2026-08-28 13:28:04.288291+00,2026-08-28 13:28:04.288291+00
16410,16412,t,4359077559166596624,"SELECT RES_ENT_ID,REL_ENT_ID,RES_REL_ID FROM RES_REL_EKEY WHERE RES_ENT_ID IN ($1,$2,$3,$4,$5,$6,$7,$8,$9,$10,$11,$12,$13,$14,$15,$16,$17,$18,$19,$20,$21,$22,$23,$24,$25,$26,$27,$28,$29,$30,$31,$32,$33,$34,$35,$36,$37,$38,$39,$40,$41,$42,$43,$44,$45,$46,$47,$48,$49,$50,$51,$52,$53,$54,$55,$56,$57,$58,$59,$60,$61,$62,$63,$64,$65,$66,$67,$68,$69,$70,$71,$72,$73,$74,$75,$76,$77,$78,$79,$80,$81,$82,$83,$84,$85,$86,$87,$88,$89,$90,$91,$92,$93,$94,$95,$96,$97,$98,$99,$100)",0,0,0,0,0,0,414,323.8182339999999,0.150916,17.607277,0.782169647342995,1.6321755110850853,113731,128811,0,0,0,0,0,0,0,0,0,0,0,0,0,0,0,0,0,0,0,0,0,0,0,0,0,0,0,0,2026-08-28 13:32:24.371209+00,2026-08-28 13:32:24.371209+00
10,16384,t,-5508202723122301962,"FETCH 2 IN ""query-cursor_119""",0,0,0,0,0,0,1,0.001409,0.001409,0.001409,0.001409,0,2,0,0,0,0,0,0,0,0,0,0,0,0,0,0,0,0,0,0,0,0,0,0,0,0,0,0,0,0,0,2026-08-28 13:52:28.148858+00,2026-08-28 13:52:28.148858+00
10,16384,t,-3801834199059577613,"FETCH 50 IN ""query-cursor_128""",0,0,0,0,0,0,31,0.13420100000000001,0.002943,0.006896,0.004329064516129032,0.0010781939479453852,1550,0,0,0,0,0,0,0,0,0,0,0,0,0,0,0,0,0,0,0,0,0,0,0,0,0,0,0,0,0,2026-08-28 14:01:28.138909+00,2026-08-28 14:01:28.138909+00
10,16384,t,7232291882837367564,"MOVE ALL IN ""query-cursor_158""",0,0,0,0,0,0,1,4.706267,4.706267,4.706267,4.706267,0,0,0,0,0,0,0,0,0,0,0,0,0,0,0,0,0,0,0,0,0,0,0,0,0,0,0,0,0,0,0,2026-08-28 14:31:28.141187+00,2026-08-28 14:31:28.141187+00
16410,16412,t,-2490555578411168934,"SELECT LIB_FEAT_ID,FEAT_DESC,FTYPE_ID,ANONYMIZED,FEAT_HASH,VERSION,FELEM_VALUES FROM LIB_FEAT WHERE LIB_FEAT_ID IN ($1,$2,$3,$4,$5,$6,$7,$8,$9,$10,$11,$12,$13,$14,$15,$16)",0,0,0,0,0,0,436426,43406.39173300067,0.012178,54.598433,0.09945876673938003,0.3968997920476121,5370966,11616918,0,0,0,0,0,0,0,0,0,0,0,0,0,0,0,0,0,0,0,0,0,0,0,0,0,0,0,0,2026-08-28 13:27:22.592025+00,2026-08-28 13:27:22.592025+00
10,16384,t,2542006324122610119,"FETCH 0 IN ""query-cursor_103""",0,0,0,0,0,0,1,0.003334,0.003334,0.003334,0.003334,0,0,0,0,0,0,0,0,0,0,0,0,0,0,0,0,0,0,0,0,0,0,0,0,0,0,0,0,0,0,0,2026-08-28 13:31:28.132722+00,2026-08-28 13:31:28.132722+00
10,16384,t,5343891881949231489,"select queryid, calls, (total_plan_time + total_exec_time) as total_time, rows, shared_blks_hit, shared_blks_dirtied, shared_blks_read, shared_blks_written, local_blks_hit, local_blks_dirtied, local_blks_read, local_blks_written, temp_blks_read, temp_blks_written, storage_blks_read, orcache_blks_hit, shared_blk_read_time as blk_read_time, shared_blk_write_time as blk_write_time, storage_blk_read_time, local_blk_read_time, orcache_blk_read_time, total_plan_time, total_exec_time from aurora_stat_statements($1) where queryid in ($2, $3, $4, $5, $6, $7, $8, $9, $10, $11, $12, $13, $14, $15, $16, $17, $18, $19, $20, $21, $22, $23, $24, $25, $26, $27, $28, $29, $30, $31, $32, $33, $34, $35, $36, $37, $38, $39, $40, $41, $42, $43, $44, $45, $46, $47, $48, $49, $50, $51, $52, $53, $54, $55, $56, $57, $58, $59, $60, $61)",0,0,0,0,0,0,1,2.507413,2.507413,2.507413,2.507413,0,61,0,0,0,0,0,0,0,0,0,0,0,0,0,0,0,0,0,0,0,0,0,0,0,0,0,0,0,0,0,2026-08-28 13:46:38.195243+00,2026-08-28 13:46:38.195243+00
16410,16412,t,-3462866171296620943,"SELECT RES_ENT_ID,LIB_FEAT_ID,FTYPE_ID,UTYPE_CODE,SUPPRESSED,OBS_ENT_CNT FROM RES_FEAT_EKEY WHERE RES_ENT_ID IN ($1,$2,$3,$4) AND FTYPE_ID IN ($5,$6,$7,$8,$9,$10,$11,$12,$13,$14,$15,$16,$17,$18)",0,0,0,0,0,0,11101,4171.357598000005,0.045037,64.524282,0.37576412917755203,1.54481751412749,2016291,183616,0,0,0,0,0,0,0,0,0,0,0,0,0,0,0,0,0,0,0,0,0,0,0,0,0,0,0,0,2026-08-28 13:27:24.547242+00,2026-08-28 13:27:24.547242+00
10,16384,t,5958161827212434546,"MOVE ALL IN ""query-cursor_147""",0,0,0,0,0,0,1,4.548007,4.548007,4.548007,4.548007,0,0,0,0,0,0,0,0,0,0,0,0,0,0,0,0,0,0,0,0,0,0,0,0,0,0,0,0,0,0,0,2026-08-28 14:20:28.14034+00,2026-08-28 14:20:28.14034+00
10,16384,t,-3072320982688176719,"MOVE -386 IN ""query-cursor_43""",0,0,0,0,0,0,1,0.009254,0.009254,0.009254,0.009254,0,0,0,0,0,0,0,0,0,0,0,0,0,0,0,0,0,0,0,0,0,0,0,0,0,0,0,0,0,0,0,2026-08-28 12:31:28.129125+00,2026-08-28 12:31:28.129125+00
10,16384,t,-5166868321273407289,"MOVE -1630 IN ""query-cursor_140""",0,0,0,0,0,0,1,0.030854,0.030854,0.030854,0.030854,0,0,0,0,0,0,0,0,0,0,0,0,0,0,0,0,0,0,0,0,0,0,0,0,0,0,0,0,0,0,0,2026-08-28 14:13:28.139536+00,2026-08-28 14:13:28.139536+00
10,16384,t,1703623848283785223,show rds.apg_compute_optimizer_reporting_enabled,0,0,0,0,0,0,7,0.035593999999999994,0.004617,0.005553,0.005084857142857142,0.0003168706038619498,0,0,0,0,0,0,0,0,0,0,0,0,0,0,0,0,0,0,0,0,0,0,0,0,0,0,0,0,0,0,2026-08-28 11:48:37.947384+00,2026-08-28 11:48:37.947384+00
16410,16412,t,3526274298518949634,"SELECT RES_ENT_ID,LIB_FEAT_ID,FTYPE_ID,UTYPE_CODE,SUPPRESSED,OBS_ENT_CNT FROM RES_FEAT_EKEY WHERE RES_ENT_ID IN ($1,$2,$3,$4,$5,$6,$7,$8,$9,$10,$11,$12,$13,$14,$15,$16) AND FTYPE_ID IN ($17,$18,$19,$20,$21,$22,$23,$24,$25,$26,$27)",0,0,0,0,0,0,6465,7059.329249999981,0.119357,81.94304600000001,1.0919302784222709,2.8593912768167526,3818883,406545,0,0,0,0,0,0,0,0,0,0,0,0,0,0,0,0,0,0,0,0,0,0,0,0,0,0,0,0,2026-08-28 13:27:30.858254+00,2026-08-28 13:27:30.858254+00
10,16384,t,4015349742497289673,"MOVE ALL IN ""query-cursor_35""",0,0,0,0,0,0,1,0.701088,0.701088,0.701088,0.701088,0,0,0,0,0,0,0,0,0,0,0,0,0,0,0,0,0,0,0,0,0,0,0,0,0,0,0,0,0,0,0,2026-08-28 12:23:28.128478+00,2026-08-28 12:23:28.128478+00
16410,16412,t,8073385161941029603,"UPDATE RES_ENT SET LAST_TOUCH_DT=$1,LOCK_DSRC_ACTION=$2 WHERE RES_ENT_ID=$3 AND LAST_TOUCH_DT =$4 AND LOCKING_ID =$5",0,0,0,0,0,0,309877,1962952.9266739825,0.013933000000000001,187024.185531,6.334619628671965,745.0305001444277,309866,3320186,0,0,1189,0,0,0,0,0,0,0,27.96056200000002,0,0,0,0,0,0,0,0,0,0,0,0,0,0,0,0,0,2026-08-28 13:27:25.667942+00,2026-08-28 13:27:25.667942+00
10,16384,t,-8203247763412747277,"MOVE -1428 IN ""query-cursor_110""",0,0,0,0,0,0,1,0.053809,0.053809,0.053809,0.053809,0,0,0,0,0,0,0,0,0,0,0,0,0,0,0,0,0,0,0,0,0,0,0,0,0,0,0,0,0,0,0,2026-08-28 13:42:28.138532+00,2026-08-28 13:42:28.138532+00
10,16384,t,-1564986821697819574,"MOVE ALL IN ""query-cursor_170""",0,0,0,0,0,0,1,5.009431,5.009431,5.009431,5.009431,0,0,0,0,0,0,0,0,0,0,0,0,0,0,0,0,0,0,0,0,0,0,0,0,0,0,0,0,0,0,0,2026-08-28 14:43:28.142302+00,2026-08-28 14:43:28.142302+00
10,16384,t,-2445523087560754896,"DECLARE ""query-cursor_32"" SCROLL CURSOR FOR select queryid, left(query, $1), calls, (total_plan_time + total_exec_time) as total_time from aurora_stat_statements($2) order by calls desc limit $3 FOR READ ONLY",0,0,0,0,0,0,1,0.051855,0.051855,0.051855,0.051855,0,0,0,0,0,0,0,0,0,0,0,0,0,0,0,0,0,0,0,0,0,0,0,0,0,0,0,0,0,0,0,2026-08-28 12:20:28.127334+00,2026-08-28 12:20:28.127334+00
10,16384,t,2222117915503518886,"FETCH 50 IN ""query-cursor_17""",0,0,0,0,0,0,4,0.014936999999999999,0.002942,0.00522,0.0037342499999999997,0.0009014189855444578,200,0,0,0,0,0,0,0,0,0,0,0,0,0,0,0,0,0,0,0,0,0,0,0,0,0,0,0,0,0,2026-08-28 12:05:28.12707+00,2026-08-28 12:05:28.12707+00
10,16384,t,3085595373514498186,"MOVE ALL IN ""query-cursor_126""",0,0,0,0,0,0,1,4.745207,4.745207,4.745207,4.745207,0,0,0,0,0,0,0,0,0,0,0,0,0,0,0,0,0,0,0,0,0,0,0,0,0,0,0,0,0,0,0,2026-08-28 13:59:28.139094+00,2026-08-28 13:59:28.139094+00
10,16412,t,588360189971772035,"SELECT current_catalog, COUNT(*) FROM pg_catalog.pg_extension WHERE extname = $1",0,0,0,0,0,0,1,0.010072,0.010072,0.010072,0.010072,0,1,1,0,0,0,0,0,0,0,0,0,0,0,0,0,0,0,0,0,0,0,0,0,0,0,0,0,0,0,0,2026-08-28 12:45:00.476408+00,2026-08-28 12:45:00.476408+00
16410,16412,t,8210342084446090414,"SELECT DSRC_ID,RECORD_ID,ENT_SRC_KEY FROM DSRC_RECORD WHERE (DSRC_ID,ENT_SRC_KEY) IN (($1,$2),($3,$4),($5,$6),($7,$8),($9,$10),($11,$12),($13,$14),($15,$16),($17,$18),($19,$20),($21,$22),($23,$24),($25,$26),($27,$28),($29,$30),($31,$32),($33,$34),($35,$36),($37,$38),($39,$40),($41,$42),($43,$44),($45,$46),($47,$48),($49,$50),($51,$52),($53,$54),($55,$56),($57,$58),($59,$60),($61,$62),($63,$64),($65,$66),($67,$68),($69,$70),($71,$72),($73,$74),($75,$76),($77,$78),($79,$80),($81,$82),($83,$84),($85,$86),($87,$88),($89,$90),($91,$92),($93,$94),($95,$96),($97,$98),($99,$100))",0,0,0,0,0,0,4,61.508892,0.545171,59.857104,15.377223,25.680471484541354,140,744,0,0,0,0,0,0,0,0,0,0,0,0,0,0,0,0,0,0,0,0,0,0,0,0,0,0,0,0,2026-08-28 13:41:14.029766+00,2026-08-28 13:41:14.029766+00
16410,16412,t,-484337239089353161,"SELECT RES_ENT_ID,LIB_FEAT_ID,FTYPE_ID,UTYPE_CODE,SUPPRESSED,OBS_ENT_CNT FROM RES_FEAT_EKEY WHERE RES_ENT_ID IN ($1) AND FTYPE_ID IN ($2,$3,$4,$5,$6,$7,$8,$9,$10,$11,$12,$13,$14,$15,$16,$17,$18,$19)",0,0,0,0,0,0,698,115.51702499999995,0.017034999999999998,6.647627,0.16549717048710594,0.44504517839881463,109023,4124,0,0,0,0,0,0,0,0,0,0,0,0,0,0,0,0,0,0,0,0,0,0,0,0,0,0,0,0,2026-08-28 13:27:22.829775+00,2026-08-28 13:27:22.829775+00
16410,16412,t,2904533732093561663,"SELECT RES_ENT_ID,LIB_FEAT_ID,FTYPE_ID,UTYPE_CODE,SUPPRESSED,OBS_ENT_CNT FROM RES_FEAT_EKEY WHERE RES_ENT_ID IN ($1) AND FTYPE_ID IN ($2,$3,$4,$5,$6)",0,0,0,0,0,0,131,45.35553100000001,0.019932000000000002,25.654281,0.3462254274809161,2.346787257799317,1306,643,0,0,0,0,0,0,0,0,0,0,0,0,0,0,0,0,0,0,0,0,0,0,0,0,0,0,0,0,2026-08-28 13:30:44.979643+00,2026-08-28 13:30:44.979643+00
16410,16412,t,-5352882777084235529,"SELECT RES_ENT_ID,LIB_FEAT_ID,FTYPE_ID,UTYPE_CODE,SUPPRESSED,OBS_ENT_CNT FROM RES_FEAT_EKEY WHERE RES_ENT_ID IN ($1,$2,$3,$4,$5,$6,$7,$8,$9,$10,$11,$12,$13,$14,$15,$16) AND FTYPE_ID IN ($17,$18,$19,$20,$21,$22,$23)",0,0,0,0,0,0,9418,5898.244252000022,0.085382,53.399322,0.6262735455510747,2.13512920145862,1783528,445426,0,0,0,0,0,0,0,0,0,0,0,0,0,0,0,0,0,0,0,0,0,0,0,0,0,0,0,0,2026-08-28 13:27:44.478688+00,2026-08-28 13:27:44.478688+00
10,16384,t,-8568540082221229557,"FETCH 0 IN ""query-cursor_87""",0,0,0,0,0,0,1,0.003959,0.003959,0.003959,0.003959,0,0,0,0,0,0,0,0,0,0,0,0,0,0,0,0,0,0,0,0,0,0,0,0,0,0,0,0,0,0,0,2026-08-28 13:15:28.131322+00,2026-08-28 13:15:28.131322+00
10,16384,t,4178785393058036846,"FETCH 0 IN ""query-cursor_38""",0,0,0,0,0,0,1,0.003643,0.003643,0.003643,0.003643,0,0,0,0,0,0,0,0,0,0,0,0,0,0,0,0,0,0,0,0,0,0,0,0,0,0,0,0,0,0,0,2026-08-28 12:26:28.127896+00,2026-08-28 12:26:28.127896+00
10,16384,t,5594144960996503509,"FETCH 50 IN ""query-cursor_16""",0,0,0,0,0,0,4,0.014613999999999999,0.002988,0.005127,0.0036534999999999996,0.0008675881799563658,200,0,0,0,0,0,0,0,0,0,0,0,0,0,0,0,0,0,0,0,0,0,0,0,0,0,0,0,0,0,2026-08-28 12:04:28.126988+00,2026-08-28 12:04:28.126988+00
10,16384,t,7693075666307653452,"select sum(numbackends) as numbackends, sum(xact_commit) as xact_commit, sum(xact_rollback) as xact_rollback, sum(blks_read) as blks_read, sum(blks_hit) as blks_hit, sum(storage_blks_read) as storage_blks_read, sum(orcache_blks_hit) as orcache_blks_hit, sum(local_blks_read) as local_blks_read, sum(tup_returned) as tup_returned, sum(tup_fetched) as tup_fetched, sum(tup_inserted) as tup_inserted, sum(tup_updated) as tup_updated, sum(tup_deleted) as tup_deleted, sum(conflicts) as conflicts, sum(temp_files) as temp_files, sum(temp_bytes) as temp_bytes, sum(deadlocks) as deadlocks, sum(blk_read_time) as blk_read_time, sum(blk_write_time) as blk_write_time, sum(storage_blk_read_time) as storage_blk_read_time, sum(local_blk_read_time) as local_blk_read_time, sum(orcache_blk_read_time) as orcache_blk_read_time from aurora_stat_database()",0,0,0,0,0,0,170,245.60581600000003,0.151294,4.602921,1.4447400941176471,1.572865676822783,170,170,0,0,0,0,0,0,0,0,0,0,0,0,0,0,0,0,0,0,0,0,0,0,0,0,0,0,0,0,2026-08-28 11:49:27.664135+00,2026-08-28 11:49:27.664135+00
10,16384,t,7384725741880693514,select * from public.pg_rds_aws_creds_metadata(),0,0,0,0,0,0,1,0.006218,0.006218,0.006218,0.006218,0,1,0,0,0,0,0,0,0,0,0,0,0,0,0,0,0,0,0,0,0,0,0,0,0,0,0,0,0,0,0,2026-08-28 11:55:45.007588+00,2026-08-28 11:55:45.007588+00
10,16384,t,7419166907318541018,"FETCH 0 IN ""query-cursor_138""",0,0,0,0,0,0,1,0.003872,0.003872,0.003872,0.003872,0,0,0,0,0,0,0,0,0,0,0,0,0,0,0,0,0,0,0,0,0,0,0,0,0,0,0,0,0,0,0,2026-08-28 14:11:28.135249+00,2026-08-28 14:11:28.135249+00
10,16384,t,-7791054973719832893,"FETCH 0 IN ""query-cursor_128""",0,0,0,0,0,0,1,0.003788,0.003788,0.003788,0.003788,0,0,0,0,0,0,0,0,0,0,0,0,0,0,0,0,0,0,0,0,0,0,0,0,0,0,0,0,0,0,0,2026-08-28 14:01:28.134397+00,2026-08-28 14:01:28.134397+00
10,16384,t,-5901567270328416382,"MOVE -617 IN ""query-cursor_78""",0,0,0,0,0,0,1,0.013595,0.013595,0.013595,0.013595,0,0,0,0,0,0,0,0,0,0,0,0,0,0,0,0,0,0,0,0,0,0,0,0,0,0,0,0,0,0,0,2026-08-28 13:06:28.131949+00,2026-08-28 13:06:28.131949+00
10,16384,t,-6954984175538148764,"FETCH 0 IN ""query-cursor_120""",0,0,0,0,0,0,1,0.003352,0.003352,0.003352,0.003352,0,0,0,0,0,0,0,0,0,0,0,0,0,0,0,0,0,0,0,0,0,0,0,0,0,0,0,0,0,0,0,2026-08-28 13:53:28.133924+00,2026-08-28 13:53:28.133924+00
10,16384,t,3937360500916796229,"MOVE ALL IN ""query-cursor_149""",0,0,0,0,0,0,1,4.702982,4.702982,4.702982,4.702982,0,0,0,0,0,0,0,0,0,0,0,0,0,0,0,0,0,0,0,0,0,0,0,0,0,0,0,0,0,0,0,2026-08-28 14:22:28.140589+00,2026-08-28 14:22:28.140589+00
10,16384,t,-8700846764871339888,"select buffers_clean, maxwritten_clean, buffers_alloc from pg_stat_bgwriter",0,0,0,0,0,0,170,5.627137000000002,0.026014,0.061044999999999995,0.03310080588235295,0.005092303466186021,170,0,0,0,0,0,0,0,0,0,0,0,0,0,0,0,0,0,0,0,0,0,0,0,0,0,0,0,0,0,2026-08-28 11:49:27.667634+00,2026-08-28 11:49:27.667634+00
16410,16412,t,501342044926388483,"SELECT LIB_FEAT_ID,UTYPE_CODE,RES_ENT_ID,OBS_ENT_CNT FROM RES_FEAT_EKEY WHERE LIB_FEAT_ID IN ($1,$2,$3,$4,$5,$6,$7,$8) AND RES_ENT_ID!=$9",0,0,0,0,0,0,557772,64622.45461100058,0.0043749999999999995,341.474575,0.11585819046312935,1.0807963950796375,1840217,6152794,0,0,0,0,0,0,0,0,0,0,0,0,0,0,0,0,0,0,0,0,0,0,0,0,0,0,0,0,2026-08-28 13:27:22.18633+00,2026-08-28 13:27:22.18633+00
10,16384,t,2089084528300560011,"MOVE ALL IN ""query-cursor_83""",0,0,0,0,0,0,1,1.386352,1.386352,1.386352,1.386352,0,0,0,0,0,0,0,0,0,0,0,0,0,0,0,0,0,0,0,0,0,0,0,0,0,0,0,0,0,0,0,2026-08-28 13:11:28.132514+00,2026-08-28 13:11:28.132514+00
10,16384,t,-8443586103554024663,"FETCH 50 IN ""query-cursor_135""",0,0,0,0,0,0,31,0.139518,0.002936,0.01202,0.00450058064516129,0.0016898661862311244,1550,0,0,0,0,0,0,0,0,0,0,0,0,0,0,0,0,0,0,0,0,0,0,0,0,0,0,0,0,0,2026-08-28 14:08:28.139482+00,2026-08-28 14:08:28.139482+00
16410,16412,t,2204324878760042736,"UPDATE RES_FEAT_EKEY AS T SET SUPPRESSED = C.SUPPRESSED FROM (VALUES (CAST ($1 AS BIGINT),CAST ($2 AS BIGINT),$3,$4),(CAST ($5 AS BIGINT),CAST ($6 AS BIGINT),$7,$8),(CAST ($9 AS BIGINT),CAST ($10 AS BIGINT),$11,$12),(CAST ($13 AS BIGINT),CAST ($14 AS BIGINT),$15,$16),(CAST ($17 AS BIGINT),CAST ($18 AS BIGINT),$19,$20),(CAST ($21 AS BIGINT),CAST ($22 AS BIGINT),$23,$24),(CAST ($25 AS BIGINT),CAST ($26 AS BIGINT),$27,$28),(CAST ($29 AS BIGINT),CAST ($30 AS BIGINT),$31,$32),(CAST ($33 AS BIGINT),CAST ($34 AS BIGINT),$35,$36),(CAST ($37 AS BIGINT),CAST ($38 AS BIGINT),$39,$40),(CAST ($41 AS BIGINT),CAST ($42 AS BIGINT),$43,$44),(CAST ($45 AS BIGINT),CAST ($46 AS BIGINT),$47,$48),(CAST ($49 AS BIGINT),CAST ($50 AS BIGINT),$51,$52),(CAST ($53 AS BIGINT),CAST ($54 AS BIGINT),$55,$56),(CAST ($57 AS BIGINT),CAST ($58 AS BIGINT),$59,$60),(CAST ($61 AS BIGINT),CAST ($62 AS BIGINT),$63,$64),(CAST ($65 AS BIGINT),CAST ($66 AS BIGINT),$67,$68),(CAST ($69 AS BIGINT),CAST ($70 AS BIGINT),$71,$72),(CAST ($73 AS BIGINT),CAST ($74 AS BIGINT),$75,$76),(CAST ($77 AS BIGINT),CAST ($78 AS BIGINT),$79,$80),(CAST ($81 AS BIGINT),CAST ($82 AS BIGINT),$83,$84),(CAST ($85 AS BIGINT),CAST ($86 AS BIGINT),$87,$88),(CAST ($89 AS BIGINT),CAST ($90 AS BIGINT),$91,$92),(CAST ($93 AS BIGINT),CAST ($94 AS BIGINT),$95,$96)) AS C(RES_ENT_ID,LIB_FEAT_ID,UTYPE_CODE,SUPPRESSED) WHERE C.RES_ENT_ID=T.RES_ENT_ID AND C.LIB_FEAT_ID=T.LIB_FEAT_ID AND C.UTYPE_CODE=T.UTYPE_CODE",0,0,0,0,0,0,31,111.19832700000002,0.196889,26.984463,3.5870428064516138,7.972442171209815,744,7664,0,0,0,0,0,0,0,0,0,0,0,0,0,0,0,0,0,0,0,0,0,0,0,0,0,0,0,0,2026-08-28 13:28:27.280471+00,2026-08-28 13:28:27.280471+00
10,16384,t,-7806310873234138530,"FETCH 0 IN ""query-cursor_9""",0,0,0,0,0,0,1,0.004077,0.004077,0.004077,0.004077,0,0,0,0,0,0,0,0,0,0,0,0,0,0,0,0,0,0,0,0,0,0,0,0,0,0,0,0,0,0,0,2026-08-28 11:57:28.125859+00,2026-08-28 11:57:28.125859+00
10,16384,t,1082302653883416973,"MOVE -1342 IN ""query-cursor_104""",0,0,0,0,0,0,1,0.025748,0.025748,0.025748,0.025748,0,0,0,0,0,0,0,0,0,0,0,0,0,0,0,0,0,0,0,0,0,0,0,0,0,0,0,0,0,0,0,2026-08-28 13:32:28.136628+00,2026-08-28 13:32:28.136628+00
16410,16412,t,-452153637549376839,"SELECT LIB_FEAT_ID,UTYPE_CODE,RES_ENT_ID,OBS_ENT_CNT FROM RES_FEAT_EKEY WHERE LIB_FEAT_ID IN ($1,$2,$3,$4,$5,$6,$7,$8,$9,$10,$11,$12,$13,$14,$15,$16,$17,$18,$19,$20,$21,$22,$23,$24,$25,$26,$27,$28,$29,$30,$31,$32,$33,$34,$35,$36,$37,$38,$39,$40,$41,$42,$43,$44,$45,$46,$47,$48,$49,$50,$51,$52,$53,$54,$55,$56,$57,$58,$59,$60,$61,$62,$63,$64) AND RES_ENT_ID!=$65",0,0,0,0,0,0,120760,22377.522630999658,0.005047,208.14758999999998,0.18530575216130887,1.4835395867157979,1305153,3093695,0,0,0,0,0,0,0,0,0,0,0,0,0,0,0,0,0,0,0,0,0,0,0,0,0,0,0,0,2026-08-28 13:27:22.180555+00,2026-08-28 13:27:22.180555+00
10,16384,t,-5669478925102868239,"DECLARE ""query-cursor_63"" SCROLL CURSOR FOR select queryid, left(query, $1), calls, (total_plan_time + total_exec_time) as total_time from aurora_stat_statements($2) order by calls desc limit $3 FOR READ ONLY",0,0,0,0,0,0,1,0.055413,0.055413,0.055413,0.055413,0,0,0,0,0,0,0,0,0,0,0,0,0,0,0,0,0,0,0,0,0,0,0,0,0,0,0,0,0,0,0,2026-08-28 12:51:28.129528+00,2026-08-28 12:51:28.129528+00
10,16384,t,1239570747102543877,"DECLARE ""query-cursor_17"" SCROLL CURSOR FOR select queryid, left(query, $1), calls, (total_plan_time + total_exec_time) as total_time from aurora_stat_statements($2) order by calls desc limit $3 FOR READ ONLY",0,0,0,0,0,0,1,0.066505,0.066505,0.066505,0.066505,0,0,0,0,0,0,0,0,0,0,0,0,0,0,0,0,0,0,0,0,0,0,0,0,0,0,0,0,0,0,0,2026-08-28 12:05:28.126417+00,2026-08-28 12:05:28.126417+00
16410,16412,t,8037872089316863535,"INSERT INTO RES_REL_EKEY(RES_REL_ID,RES_ENT_ID,REL_ENT_ID) VALUES ($1,$2,$3),($4,$5,$6),($7,$8,$9),($10,$11,$12),($13,$14,$15),($16,$17,$18),($19,$20,$21),($22,$23,$24),($25,$26,$27),($28,$29,$30),($31,$32,$33),($34,$35,$36),($37,$38,$39),($40,$41,$42),($43,$44,$45),($46,$47,$48),($49,$50,$51),($52,$53,$54),($55,$56,$57),($58,$59,$60),($61,$62,$63),($64,$65,$66),($67,$68,$69),($70,$71,$72),($73,$74,$75),($76,$77,$78),($79,$80,$81),($82,$83,$84),($85,$86,$87) ON CONFLICT DO NOTHING",0,0,0,0,0,0,46,306.054235,0.445383,66.12502,6.653352934782609,16.51553075049631,1334,10735,0,0,9,0,0,0,0,0,0,0,0.067306,0,0,0,0,0,0,0,0,0,0,0,0,0,0,0,0,0,2026-08-28 13:33:21.093882+00,2026-08-28 13:33:21.093882+00
16410,16412,t,-3303457294138707934,"CREATE TABLE SYS_VARS (VAR_GROUP VARCHAR(25) NOT NULL, VAR_CODE VARCHAR(25) NOT NULL, VAR_VALUE VARCHAR(25) NOT NULL, SYS_LSTUPD_DT TIMESTAMP, PRIMARY KEY(VAR_GROUP, VAR_CODE))",0,0,0,0,0,0,1,3.18256,3.18256,3.18256,3.18256,0,0,228,0,0,0,0,0,0,0,0,0,0,0,0,0,0,0,0,0,0,0,0,0,0,0,0,0,0,0,0,2026-08-28 11:51:27.978267+00,2026-08-28 11:51:27.978267+00
16410,16412,t,6148118376761074499,"SELECT RES_ENT_ID,LIB_FEAT_ID,FTYPE_ID,UTYPE_CODE,SUPPRESSED,OBS_ENT_CNT FROM RES_FEAT_EKEY WHERE RES_ENT_ID IN ($1,$2,$3,$4,$5,$6,$7,$8,$9,$10,$11,$12,$13,$14,$15,$16,$17,$18,$19,$20,$21,$22,$23,$24,$25,$26,$27,$28,$29,$30,$31,$32) AND FTYPE_ID IN ($33,$34,$35,$36,$37,$38)",0,0,0,0,0,0,112,140.880462,0.30705,18.021549,1.2578612678571428,2.7959896223606497,39828,10343,0,0,0,0,0,0,0,0,0,0,0,0,0,0,0,0,0,0,0,0,0,0,0,0,0,0,0,0,2026-08-28 13:31:09.981711+00,2026-08-28 13:31:09.981711+00
10,16384,t,4817946111864220083,"FETCH 0 IN ""query-cursor_148""",0,0,0,0,0,0,1,0.003266,0.003266,0.003266,0.003266,0,0,0,0,0,0,0,0,0,0,0,0,0,0,0,0,0,0,0,0,0,0,0,0,0,0,0,0,0,0,0,2026-08-28 14:21:28.135761+00,2026-08-28 14:21:28.135761+00
10,16384,t,1199424091230994420,"FETCH 29 IN ""query-cursor_72""",0,0,0,0,0,0,1,0.002422,0.002422,0.002422,0.002422,0,29,0,0,0,0,0,0,0,0,0,0,0,0,0,0,0,0,0,0,0,0,0,0,0,0,0,0,0,0,0,2026-08-28 13:00:28.133652+00,2026-08-28 13:00:28.133652+00
16410,16412,t,8340832194538768249,"SELECT RES_ENT_ID,LIB_FEAT_ID,FTYPE_ID,UTYPE_CODE,SUPPRESSED,OBS_ENT_CNT FROM RES_FEAT_EKEY WHERE RES_ENT_ID IN ($1,$2,$3,$4,$5,$6,$7,$8,$9,$10,$11,$12,$13,$14,$15,$16,$17,$18,$19,$20,$21,$22,$23,$24,$25,$26,$27,$28,$29,$30,$31,$32,$33,$34,$35,$36,$37,$38,$39,$40,$41,$42,$43,$44,$45,$46,$47,$48,$49,$50,$51,$52,$53,$54,$55,$56,$57,$58,$59,$60,$61,$62,$63,$64,$65,$66,$67,$68,$69,$70,$71,$72,$73,$74,$75,$76,$77,$78,$79,$80) AND FTYPE_ID IN ($81,$82,$83,$84,$85,$86,$87,$88,$89,$90,$91,$92,$93,$94,$95,$96,$97,$98,$99,$100)",0,0,0,0,0,0,92,14737.918536000006,13.807969,663.393762,160.19476669565225,130.55821771583422,9487731,128534,0,0,0,0,0,0,0,0,0,0,0,0,0,0,0,0,0,0,0,0,0,0,0,0,0,0,0,0,2026-08-28 13:28:06.492335+00,2026-08-28 13:28:06.492335+00
10,16384,t,7124227752837129578,"DECLARE ""query-cursor_142"" SCROLL CURSOR FOR select queryid, left(query, $1), calls, (total_plan_time + total_exec_time) as total_time from aurora_stat_statements($2) order by calls desc limit $3 FOR READ ONLY",0,0,0,0,0,0,1,0.069129,0.069129,0.069129,0.069129,0,0,0,0,0,0,0,0,0,0,0,0,0,0,0,0,0,0,0,0,0,0,0,0,0,0,0,0,0,0,0,2026-08-28 14:15:28.135428+00,2026-08-28 14:15:28.135428+00
10,16384,t,752750122785948026,"MOVE -641 IN ""query-cursor_82""",0,0,0,0,0,0,1,0.013758,0.013758,0.013758,0.013758,0,0,0,0,0,0,0,0,0,0,0,0,0,0,0,0,0,0,0,0,0,0,0,0,0,0,0,0,0,0,0,2026-08-28 13:10:28.132321+00,2026-08-28 13:10:28.132321+00
16410,16412,t,6715855741270042045,DELETE FROM RES_FEAT_EKEY WHERE ((RES_ENT_ID=$1 AND LIB_FEAT_ID=$2 AND UTYPE_CODE=$3)OR(RES_ENT_ID=$4 AND LIB_FEAT_ID=$5 AND UTYPE_CODE=$6)OR(RES_ENT_ID=$7 AND LIB_FEAT_ID=$8 AND UTYPE_CODE=$9)OR(RES_ENT_ID=$10 AND LIB_FEAT_ID=$11 AND UTYPE_CODE=$12)OR(RES_ENT_ID=$13 AND LIB_FEAT_ID=$14 AND UTYPE_CODE=$15)OR(RES_ENT_ID=$16 AND LIB_FEAT_ID=$17 AND UTYPE_CODE=$18)OR(RES_ENT_ID=$19 AND LIB_FEAT_ID=$20 AND UTYPE_CODE=$21)OR(RES_ENT_ID=$22 AND LIB_FEAT_ID=$23 AND UTYPE_CODE=$24)OR(RES_ENT_ID=$25 AND LIB_FEAT_ID=$26 AND UTYPE_CODE=$27)OR(RES_ENT_ID=$28 AND LIB_FEAT_ID=$29 AND UTYPE_CODE=$30)OR(RES_ENT_ID=$31 AND LIB_FEAT_ID=$32 AND UTYPE_CODE=$33)OR(RES_ENT_ID=$34 AND LIB_FEAT_ID=$35 AND UTYPE_CODE=$36)OR(RES_ENT_ID=$37 AND LIB_FEAT_ID=$38 AND UTYPE_CODE=$39)OR(RES_ENT_ID=$40 AND LIB_FEAT_ID=$41 AND UTYPE_CODE=$42)OR(RES_ENT_ID=$43 AND LIB_FEAT_ID=$44 AND UTYPE_CODE=$45)OR(RES_ENT_ID=$46 AND LIB_FEAT_ID=$47 AND UTYPE_CODE=$48)OR(RES_ENT_ID=$49 AND LIB_FEAT_ID=$50 AND UTYPE_CODE=$51)OR(RES_ENT_ID=$52 AND LIB_FEAT_ID=$53 AND UTYPE_CODE=$54)OR(RES_ENT_ID=$55 AND LIB_FEAT_ID=$56 AND UTYPE_CODE=$57)OR(RES_ENT_ID=$58 AND LIB_FEAT_ID=$59 AND UTYPE_CODE=$60)OR(RES_ENT_ID=$61 AND LIB_FEAT_ID=$62 AND UTYPE_CODE=$63)OR(RES_ENT_ID=$64 AND LIB_FEAT_ID=$65 AND UTYPE_CODE=$66)OR(RES_ENT_ID=$67 AND LIB_FEAT_ID=$68 AND UTYPE_CODE=$69)OR(RES_ENT_ID=$70 AND LIB_FEAT_ID=$71 AND UTYPE_CODE=$72)OR(RES_ENT_ID=$73 AND LIB_FEAT_ID=$74 AND UTYPE_CODE=$75)OR(RES_ENT_ID=$76 AND LIB_FEAT_ID=$77 AND UTYPE_CODE=$78)OR(RES_ENT_ID=$79 AND LIB_FEAT_ID=$80 AND UTYPE_CODE=$81)OR(RES_ENT_ID=$82 AND LIB_FEAT_ID=$83 AND UTYPE_CODE=$84)OR(RES_ENT_ID=$85 AND LIB_FEAT_ID=$86 AND UTYPE_CODE=$87)OR(RES_ENT_ID=$88 AND LIB_FEAT_ID=$89 AND UTYPE_CODE=$90)OR(RES_ENT_ID=$91 AND LIB_FEAT_ID=$92 AND UTYPE_CODE=$93)OR(RES_ENT_ID=$94 AND LIB_FEAT_ID=$95 AND UTYPE_CODE=$96)),0,0,0,0,0,0,109,165.89525900000004,0.13104,42.73494,1.5219748532110096,6.0258494476271744,3488,17364,0,0,0,0,0,0,0,0,0,0,0,0,0,0,0,0,0,0,0,0,0,0,0,0,0,0,0,0,2026-08-28 13:28:00.715916+00,2026-08-28 13:28:00.715916+00
10,16384,t,-9033496113208255473,"MOVE -1750 IN ""query-cursor_160""",0,0,0,0,0,0,1,0.032681,0.032681,0.032681,0.032681,0,0,0,0,0,0,0,0,0,0,0,0,0,0,0,0,0,0,0,0,0,0,0,0,0,0,0,0,0,0,0,2026-08-28 14:33:28.141455+00,2026-08-28 14:33:28.141455+00
10,16384,t,-1206501897971190434,"DECLARE ""query-cursor_46"" SCROLL CURSOR FOR select queryid, left(query, $1), calls, (total_plan_time + total_exec_time) as total_time from aurora_stat_statements($2) order by calls desc limit $3 FOR READ ONLY",0,0,0,0,0,0,1,0.06365,0.06365,0.06365,0.06365,0,0,0,0,0,0,0,0,0,0,0,0,0,0,0,0,0,0,0,0,0,0,0,0,0,0,0,0,0,0,0,2026-08-28 12:34:28.128387+00,2026-08-28 12:34:28.128387+00
16410,16412,t,1530387077681338150,"SELECT RES_ENT_ID,LIB_FEAT_ID,FTYPE_ID,UTYPE_CODE,SUPPRESSED,OBS_ENT_CNT FROM RES_FEAT_EKEY WHERE RES_ENT_ID IN ($1,$2,$3,$4,$5,$6,$7,$8,$9,$10,$11,$12,$13,$14,$15,$16) AND FTYPE_ID IN ($17,$18,$19,$20,$21,$22,$23,$24)",0,0,0,0,0,0,7751,5388.590682999999,0.080424,106.63230999999999,0.6952123187975744,2.546466768530472,1158622,347160,0,0,0,0,0,0,0,0,0,0,0,0,0,0,0,0,0,0,0,0,0,0,0,0,0,0,0,0,2026-08-28 13:27:29.008058+00,2026-08-28 13:27:29.008058+00
16410,16412,t,-2457273054275168457,"SELECT RES_ENT_ID,LIB_FEAT_ID,FTYPE_ID,UTYPE_CODE,SUPPRESSED,OBS_ENT_CNT FROM RES_FEAT_EKEY WHERE RES_ENT_ID IN ($1,$2,$3,$4,$5,$6,$7,$8,$9,$10,$11,$12,$13,$14,$15,$16,$17,$18,$19,$20,$21,$22,$23,$24,$25,$26,$27,$28,$29,$30,$31,$32,$33,$34,$35,$36,$37,$38,$39,$40,$41,$42,$43,$44,$45,$46,$47,$48,$49,$50,$51,$52,$53,$54,$55,$56,$57,$58,$59,$60,$61,$62,$63,$64) AND FTYPE_ID IN ($65,$66,$67,$68,$69,$70,$71,$72,$73,$74,$75,$76,$77,$78,$79,$80,$81,$82,$83)",0,0,0,0,0,0,478,28034.783386000006,2.187018,641.263521,58.65017444769876,78.79348944590971,18863681,283133,0,0,0,0,0,0,0,0,0,0,0,0,0,0,0,0,0,0,0,0,0,0,0,0,0,0,0,0,2026-08-28 13:27:32.336354+00,2026-08-28 13:27:32.336354+00
16410,16412,t,3054545746950473423,DELETE FROM RES_FEAT_EKEY WHERE ((RES_ENT_ID=$1 AND LIB_FEAT_ID=$2 AND UTYPE_CODE=$3)OR(RES_ENT_ID=$4 AND LIB_FEAT_ID=$5 AND UTYPE_CODE=$6)OR(RES_ENT_ID=$7 AND LIB_FEAT_ID=$8 AND UTYPE_CODE=$9)OR(RES_ENT_ID=$10 AND LIB_FEAT_ID=$11 AND UTYPE_CODE=$12)OR(RES_ENT_ID=$13 AND LIB_FEAT_ID=$14 AND UTYPE_CODE=$15)OR(RES_ENT_ID=$16 AND LIB_FEAT_ID=$17 AND UTYPE_CODE=$18)OR(RES_ENT_ID=$19 AND LIB_FEAT_ID=$20 AND UTYPE_CODE=$21)OR(RES_ENT_ID=$22 AND LIB_FEAT_ID=$23 AND UTYPE_CODE=$24)OR(RES_ENT_ID=$25 AND LIB_FEAT_ID=$26 AND UTYPE_CODE=$27)OR(RES_ENT_ID=$28 AND LIB_FEAT_ID=$29 AND UTYPE_CODE=$30)OR(RES_ENT_ID=$31 AND LIB_FEAT_ID=$32 AND UTYPE_CODE=$33)OR(RES_ENT_ID=$34 AND LIB_FEAT_ID=$35 AND UTYPE_CODE=$36)OR(RES_ENT_ID=$37 AND LIB_FEAT_ID=$38 AND UTYPE_CODE=$39)OR(RES_ENT_ID=$40 AND LIB_FEAT_ID=$41 AND UTYPE_CODE=$42)OR(RES_ENT_ID=$43 AND LIB_FEAT_ID=$44 AND UTYPE_CODE=$45)OR(RES_ENT_ID=$46 AND LIB_FEAT_ID=$47 AND UTYPE_CODE=$48)OR(RES_ENT_ID=$49 AND LIB_FEAT_ID=$50 AND UTYPE_CODE=$51)OR(RES_ENT_ID=$52 AND LIB_FEAT_ID=$53 AND UTYPE_CODE=$54)OR(RES_ENT_ID=$55 AND LIB_FEAT_ID=$56 AND UTYPE_CODE=$57)OR(RES_ENT_ID=$58 AND LIB_FEAT_ID=$59 AND UTYPE_CODE=$60)OR(RES_ENT_ID=$61 AND LIB_FEAT_ID=$62 AND UTYPE_CODE=$63)OR(RES_ENT_ID=$64 AND LIB_FEAT_ID=$65 AND UTYPE_CODE=$66)OR(RES_ENT_ID=$67 AND LIB_FEAT_ID=$68 AND UTYPE_CODE=$69)OR(RES_ENT_ID=$70 AND LIB_FEAT_ID=$71 AND UTYPE_CODE=$72)OR(RES_ENT_ID=$73 AND LIB_FEAT_ID=$74 AND UTYPE_CODE=$75)),0,0,0,0,0,0,200,3144.400319999999,0.09482600000000001,2868.262873,15.722001599999993,202.27678924397222,4975,24996,0,0,0,0,0,0,0,0,0,0,0,0,0,0,0,0,0,0,0,0,0,0,0,0,0,0,0,0,2026-08-28 13:27:33.827769+00,2026-08-28 13:27:33.827769+00
16410,16412,t,-1820420174334317245,"SELECT RES_ENT_ID,LIB_FEAT_ID,FTYPE_ID,UTYPE_CODE,SUPPRESSED,OBS_ENT_CNT FROM RES_FEAT_EKEY WHERE RES_ENT_ID IN ($1,$2,$3,$4,$5,$6,$7,$8,$9,$10,$11,$12,$13,$14,$15,$16,$17,$18,$19,$20,$21,$22,$23,$24,$25,$26,$27,$28,$29,$30,$31,$32,$33,$34,$35,$36,$37,$38,$39,$40,$41,$42,$43,$44,$45,$46,$47,$48,$49,$50,$51,$52,$53,$54,$55,$56,$57,$58,$59,$60,$61,$62,$63,$64,$65,$66,$67,$68,$69,$70,$71,$72,$73,$74,$75,$76,$77,$78,$79,$80,$81,$82,$83,$84,$85,$86,$87,$88,$89,$90) AND FTYPE_ID IN ($91,$92,$93,$94,$95,$96,$97,$98,$99,$100)",0,0,0,0,0,0,95,3617.869621,4.104738,212.210587,38.08283811578947,32.85693034125811,3037538,95080,0,0,0,0,0,0,0,0,0,0,0,0,0,0,0,0,0,0,0,0,0,0,0,0,0,0,0,0,2026-08-28 13:27:32.630928+00,2026-08-28 13:27:32.630928+00
10,16384,t,-2504756327964368697,"FETCH 0 IN ""query-cursor_70""",0,0,0,0,0,0,1,0.003996,0.003996,0.003996,0.003996,0,0,0,0,0,0,0,0,0,0,0,0,0,0,0,0,0,0,0,0,0,0,0,0,0,0,0,0,0,0,0,2026-08-28 12:58:28.130157+00,2026-08-28 12:58:28.130157+00
10,16384,t,8246698443212916846,"FETCH 0 IN ""query-cursor_155""",0,0,0,0,0,0,1,0.003564,0.003564,0.003564,0.003564,0,0,0,0,0,0,0,0,0,0,0,0,0,0,0,0,0,0,0,0,0,0,0,0,0,0,0,0,0,0,0,2026-08-28 14:28:28.136365+00,2026-08-28 14:28:28.136365+00
10,16384,t,155806566926691450,"MOVE ALL IN ""query-cursor_62""",0,0,0,0,0,0,1,1.039069,1.039069,1.039069,1.039069,0,0,0,0,0,0,0,0,0,0,0,0,0,0,0,0,0,0,0,0,0,0,0,0,0,0,0,0,0,0,0,2026-08-28 12:50:28.130718+00,2026-08-28 12:50:28.130718+00
10,16384,t,3794342384722640469,"FETCH 48 IN ""query-cursor_75""",0,0,0,0,0,0,1,0.003086,0.003086,0.003086,0.003086,0,48,0,0,0,0,0,0,0,0,0,0,0,0,0,0,0,0,0,0,0,0,0,0,0,0,0,0,0,0,0,2026-08-28 13:03:28.13386+00,2026-08-28 13:03:28.13386+00
10,16384,t,-8776000644130206817,"FETCH 15 IN ""query-cursor_106""",0,0,0,0,0,0,1,0.008087,0.008087,0.008087,0.008087,0,15,0,0,0,0,0,0,0,0,0,0,0,0,0,0,0,0,0,0,0,0,0,0,0,0,0,0,0,0,0,2026-08-28 13:34:28.287891+00,2026-08-28 13:34:28.287891+00
10,16384,t,-4899063793107538667,"DECLARE ""query-cursor_15"" SCROLL CURSOR FOR select queryid, left(query, $1), calls, (total_plan_time + total_exec_time) as total_time from aurora_stat_statements($2) order by calls desc limit $3 FOR READ ONLY",0,0,0,0,0,0,1,0.079872,0.079872,0.079872,0.079872,0,0,0,0,0,0,0,0,0,0,0,0,0,0,0,0,0,0,0,0,0,0,0,0,0,0,0,0,0,0,0,2026-08-28 12:03:28.126261+00,2026-08-28 12:03:28.126261+00
16410,16412,t,8917478393584276874,"SELECT RES_ENT_ID FROM RES_ENT WHERE RES_ENT_ID IN ($1,$2,$3,$4,$5,$6,$7,$8,$9,$10,$11,$12,$13,$14,$15,$16,$17,$18,$19,$20,$21,$22,$23,$24,$25,$26,$27,$28,$29,$30,$31,$32,$33,$34,$35,$36,$37,$38,$39,$40,$41,$42,$43,$44,$45,$46,$47,$48,$49,$50,$51,$52,$53,$54,$55,$56,$57,$58,$59,$60,$61,$62,$63,$64)",0,0,0,0,0,0,1079,509.8607350000005,0.10929799999999999,35.319731,0.47253080166821176,2.0020576415264633,48287,171402,0,0,0,0,0,0,0,0,0,0,0,0,0,0,0,0,0,0,0,0,0,0,0,0,0,0,0,0,2026-08-28 13:29:04.377635+00,2026-08-28 13:29:04.377635+00
10,16384,t,3384301585456168331,"MOVE ALL IN ""query-cursor_28""",0,0,0,0,0,0,1,0.613368,0.613368,0.613368,0.613368,0,0,0,0,0,0,0,0,0,0,0,0,0,0,0,0,0,0,0,0,0,0,0,0,0,0,0,0,0,0,0,2026-08-28 12:16:28.127886+00,2026-08-28 12:16:28.127886+00
10,16384,t,5667984974294895511,"MOVE -1618 IN ""query-cursor_138""",0,0,0,0,0,0,1,0.030097,0.030097,0.030097,0.030097,0,0,0,0,0,0,0,0,0,0,0,0,0,0,0,0,0,0,0,0,0,0,0,0,0,0,0,0,0,0,0,2026-08-28 14:11:28.139686+00,2026-08-28 14:11:28.139686+00
10,16384,t,-802579203971584317,"MOVE -182 IN ""query-cursor_9""",0,0,0,0,0,0,1,0.005694,0.005694,0.005694,0.005694,0,0,0,0,0,0,0,0,0,0,0,0,0,0,0,0,0,0,0,0,0,0,0,0,0,0,0,0,0,0,0,2026-08-28 11:57:28.126362+00,2026-08-28 11:57:28.126362+00
16410,16412,t,7322555024964996789,"SELECT
    pid,
    state,
    now() - xact_start                                 AS xact_age,
    now() - query_start                                AS query_age,
    age(backend_xmin)                                  AS xmin_age_xids,
    left(regexp_replace(query, $1, $2, $3), $4)   AS query
FROM pg_stat_activity
WHERE datname = current_database()
  AND backend_xmin IS NOT NULL
ORDER BY age(backend_xmin) DESC NULLS LAST
LIMIT $5",0,0,0,0,0,0,1,7.716329,7.716329,7.716329,7.716329,0,1,6,0,0,0,0,0,0,0,0,0,0,0,0,0,0,0,0,0,0,0,0,0,0,0,0,0,0,0,0,2026-08-28 14:42:07.454302+00,2026-08-28 14:42:07.454302+00
16410,16412,t,-492690296487480078,"SELECT RES_ENT_ID,LIB_FEAT_ID,FTYPE_ID,UTYPE_CODE,SUPPRESSED,OBS_ENT_CNT FROM RES_FEAT_EKEY WHERE RES_ENT_ID IN ($1,$2,$3,$4) AND FTYPE_ID IN ($5,$6,$7,$8,$9,$10,$11,$12,$13,$14,$15,$16,$17,$18,$19,$20,$21,$22,$23,$24,$25,$26,$27,$28)",0,0,0,0,0,0,6,7.516282,0.2089,3.078761,1.2527136666666667,1.0158707001414544,11185,191,0,0,0,0,0,0,0,0,0,0,0,0,0,0,0,0,0,0,0,0,0,0,0,0,0,0,0,0,2026-08-28 13:27:35.459789+00,2026-08-28 13:27:35.459789+00
16410,16412,t,2671560280743973481,"SELECT RES_ENT_ID,LIB_FEAT_ID,FTYPE_ID,UTYPE_CODE,SUPPRESSED,OBS_ENT_CNT FROM RES_FEAT_EKEY WHERE RES_ENT_ID IN ($1,$2,$3,$4,$5,$6,$7,$8,$9,$10,$11,$12,$13,$14,$15,$16,$17,$18,$19,$20,$21,$22,$23,$24,$25,$26,$27,$28,$29,$30,$31,$32) AND FTYPE_ID IN ($33,$34,$35,$36,$37,$38,$39,$40,$41,$42,$43,$44,$45,$46,$47,$48,$49,$50,$51,$52,$53,$54,$55,$56,$57)",0,0,0,0,0,0,69,1684.2001140000002,2.618355,116.623018,24.40869730434783,26.85198522627712,1950738,27892,0,0,0,0,0,0,0,0,0,0,0,0,0,0,0,0,0,0,0,0,0,0,0,0,0,0,0,0,2026-08-28 13:27:26.301866+00,2026-08-28 13:27:26.301866+00
16410,16412,t,-4671143778353688994,"UPDATE RES_FEAT_EKEY AS T SET SUPPRESSED = C.SUPPRESSED FROM (VALUES (CAST ($1 AS BIGINT),CAST ($2 AS BIGINT),$3,$4),(CAST ($5 AS BIGINT),CAST ($6 AS BIGINT),$7,$8),(CAST ($9 AS BIGINT),CAST ($10 AS BIGINT),$11,$12),(CAST ($13 AS BIGINT),CAST ($14 AS BIGINT),$15,$16),(CAST ($17 AS BIGINT),CAST ($18 AS BIGINT),$19,$20),(CAST ($21 AS BIGINT),CAST ($22 AS BIGINT),$23,$24),(CAST ($25 AS BIGINT),CAST ($26 AS BIGINT),$27,$28),(CAST ($29 AS BIGINT),CAST ($30 AS BIGINT),$31,$32),(CAST ($33 AS BIGINT),CAST ($34 AS BIGINT),$35,$36),(CAST ($37 AS BIGINT),CAST ($38 AS BIGINT),$39,$40),(CAST ($41 AS BIGINT),CAST ($42 AS BIGINT),$43,$44),(CAST ($45 AS BIGINT),CAST ($46 AS BIGINT),$47,$48),(CAST ($49 AS BIGINT),CAST ($50 AS BIGINT),$51,$52),(CAST ($53 AS BIGINT),CAST ($54 AS BIGINT),$55,$56),(CAST ($57 AS BIGINT),CAST ($58 AS BIGINT),$59,$60)) AS C(RES_ENT_ID,LIB_FEAT_ID,UTYPE_CODE,SUPPRESSED) WHERE C.RES_ENT_ID=T.RES_ENT_ID AND C.LIB_FEAT_ID=T.LIB_FEAT_ID AND C.UTYPE_CODE=T.UTYPE_CODE",0,0,0,0,0,0,54,198.21342700000002,0.13128099999999998,38.08447,3.670619018518519,9.455555475263166,810,8956,0,0,2,0,0,0,0,0,0,0,0.013053,0,0,0,0,0,0,0,0,0,0,0,0,0,0,0,0,0,2026-08-28 13:27:53.112705+00,2026-08-28 13:27:53.112705+00
10,16384,t,3196555129506368015,"DECLARE ""query-cursor_153"" SCROLL CURSOR FOR select queryid, left(query, $1), calls, (total_plan_time + total_exec_time) as total_time from aurora_stat_statements($2) order by calls desc limit $3 FOR READ ONLY",0,0,0,0,0,0,1,0.066635,0.066635,0.066635,0.066635,0,0,0,0,0,0,0,0,0,0,0,0,0,0,0,0,0,0,0,0,0,0,0,0,0,0,0,0,0,0,0,2026-08-28 14:26:28.135846+00,2026-08-28 14:26:28.135846+00
10,16384,t,-162594102934861286,"DECLARE ""query-cursor_38"" SCROLL CURSOR FOR select queryid, left(query, $1), calls, (total_plan_time + total_exec_time) as total_time from aurora_stat_statements($2) order by calls desc limit $3 FOR READ ONLY",0,0,0,0,0,0,1,0.066822,0.066822,0.066822,0.066822,0,0,0,0,0,0,0,0,0,0,0,0,0,0,0,0,0,0,0,0,0,0,0,0,0,0,0,0,0,0,0,2026-08-28 12:26:28.127852+00,2026-08-28 12:26:28.127852+00
10,16384,t,5051957054509286765,"FETCH 0 IN ""query-cursor_145""",0,0,0,0,0,0,1,0.00359,0.00359,0.00359,0.00359,0,0,0,0,0,0,0,0,0,0,0,0,0,0,0,0,0,0,0,0,0,0,0,0,0,0,0,0,0,0,0,2026-08-28 14:18:28.135649+00,2026-08-28 14:18:28.135649+00
16410,16412,t,-2426384856348657028,DELETE FROM RES_FEAT_EKEY WHERE ((RES_ENT_ID=$1 AND LIB_FEAT_ID=$2 AND UTYPE_CODE=$3)OR(RES_ENT_ID=$4 AND LIB_FEAT_ID=$5 AND UTYPE_CODE=$6)OR(RES_ENT_ID=$7 AND LIB_FEAT_ID=$8 AND UTYPE_CODE=$9)OR(RES_ENT_ID=$10 AND LIB_FEAT_ID=$11 AND UTYPE_CODE=$12)OR(RES_ENT_ID=$13 AND LIB_FEAT_ID=$14 AND UTYPE_CODE=$15)OR(RES_ENT_ID=$16 AND LIB_FEAT_ID=$17 AND UTYPE_CODE=$18)OR(RES_ENT_ID=$19 AND LIB_FEAT_ID=$20 AND UTYPE_CODE=$21)OR(RES_ENT_ID=$22 AND LIB_FEAT_ID=$23 AND UTYPE_CODE=$24)OR(RES_ENT_ID=$25 AND LIB_FEAT_ID=$26 AND UTYPE_CODE=$27)OR(RES_ENT_ID=$28 AND LIB_FEAT_ID=$29 AND UTYPE_CODE=$30)OR(RES_ENT_ID=$31 AND LIB_FEAT_ID=$32 AND UTYPE_CODE=$33)OR(RES_ENT_ID=$34 AND LIB_FEAT_ID=$35 AND UTYPE_CODE=$36)OR(RES_ENT_ID=$37 AND LIB_FEAT_ID=$38 AND UTYPE_CODE=$39)OR(RES_ENT_ID=$40 AND LIB_FEAT_ID=$41 AND UTYPE_CODE=$42)OR(RES_ENT_ID=$43 AND LIB_FEAT_ID=$44 AND UTYPE_CODE=$45)OR(RES_ENT_ID=$46 AND LIB_FEAT_ID=$47 AND UTYPE_CODE=$48)OR(RES_ENT_ID=$49 AND LIB_FEAT_ID=$50 AND UTYPE_CODE=$51)OR(RES_ENT_ID=$52 AND LIB_FEAT_ID=$53 AND UTYPE_CODE=$54)OR(RES_ENT_ID=$55 AND LIB_FEAT_ID=$56 AND UTYPE_CODE=$57)OR(RES_ENT_ID=$58 AND LIB_FEAT_ID=$59 AND UTYPE_CODE=$60)OR(RES_ENT_ID=$61 AND LIB_FEAT_ID=$62 AND UTYPE_CODE=$63)OR(RES_ENT_ID=$64 AND LIB_FEAT_ID=$65 AND UTYPE_CODE=$66)OR(RES_ENT_ID=$67 AND LIB_FEAT_ID=$68 AND UTYPE_CODE=$69)OR(RES_ENT_ID=$70 AND LIB_FEAT_ID=$71 AND UTYPE_CODE=$72)OR(RES_ENT_ID=$73 AND LIB_FEAT_ID=$74 AND UTYPE_CODE=$75)OR(RES_ENT_ID=$76 AND LIB_FEAT_ID=$77 AND UTYPE_CODE=$78)OR(RES_ENT_ID=$79 AND LIB_FEAT_ID=$80 AND UTYPE_CODE=$81)OR(RES_ENT_ID=$82 AND LIB_FEAT_ID=$83 AND UTYPE_CODE=$84)OR(RES_ENT_ID=$85 AND LIB_FEAT_ID=$86 AND UTYPE_CODE=$87)OR(RES_ENT_ID=$88 AND LIB_FEAT_ID=$89 AND UTYPE_CODE=$90)OR(RES_ENT_ID=$91 AND LIB_FEAT_ID=$92 AND UTYPE_CODE=$93)OR(RES_ENT_ID=$94 AND LIB_FEAT_ID=$95 AND UTYPE_CODE=$96)OR(RES_ENT_ID=$97 AND LIB_FEAT_ID=$98 AND UTYPE_CODE=$99)),0,0,0,0,0,0,4396,82932.12216499995,0.044407999999999996,51194.938804000005,18.865359910145575,802.7443683404086,134016,674060,0,0,0,0,0,0,0,0,0,0,0,0,0,0,0,0,0,0,0,0,0,0,0,0,0,0,0,0,2026-08-28 13:27:31.498358+00,2026-08-28 13:27:31.498358+00
10,16384,t,8716144978546904528,"FETCH 50 IN ""query-cursor_96""",0,0,0,0,0,0,14,0.04476600000000001,0.002723,0.005968,0.003197571428571429,0.0007863990003523034,700,0,0,0,0,0,0,0,0,0,0,0,0,0,0,0,0,0,0,0,0,0,0,0,0,0,0,0,0,0,2026-08-28 13:24:28.133735+00,2026-08-28 13:24:28.133735+00
10,16384,t,-418493131707292414,"MOVE -1702 IN ""query-cursor_152""",0,0,0,0,0,0,1,0.032018,0.032018,0.032018,0.032018,0,0,0,0,0,0,0,0,0,0,0,0,0,0,0,0,0,0,0,0,0,0,0,0,0,0,0,0,0,0,0,2026-08-28 14:25:28.140832+00,2026-08-28 14:25:28.140832+00
10,16384,t,4975605354126941205,"FETCH 0 IN ""query-cursor_29""",0,0,0,0,0,0,1,0.003073,0.003073,0.003073,0.003073,0,0,0,0,0,0,0,0,0,0,0,0,0,0,0,0,0,0,0,0,0,0,0,0,0,0,0,0,0,0,0,2026-08-28 12:17:28.12725+00,2026-08-28 12:17:28.12725+00
10,16384,t,7876287319819830538,"FETCH 15 IN ""query-cursor_86""",0,0,0,0,0,0,1,0.002163,0.002163,0.002163,0.002163,0,15,0,0,0,0,0,0,0,0,0,0,0,0,0,0,0,0,0,0,0,0,0,0,0,0,0,0,0,0,0,2026-08-28 13:14:28.135193+00,2026-08-28 13:14:28.135193+00
10,16384,t,7125732605909534218,"FETCH 50 IN ""query-cursor_64""",0,0,0,0,0,0,10,0.033486,0.002807,0.005934,0.0033486,0.0008834709050104592,500,0,0,0,0,0,0,0,0,0,0,0,0,0,0,0,0,0,0,0,0,0,0,0,0,0,0,0,0,0,2026-08-28 12:52:28.131074+00,2026-08-28 12:52:28.131074+00
10,16384,t,8919800113060031318,"MOVE ALL IN ""query-cursor_60""",0,0,0,0,0,0,1,1.142931,1.142931,1.142931,1.142931,0,0,0,0,0,0,0,0,0,0,0,0,0,0,0,0,0,0,0,0,0,0,0,0,0,0,0,0,0,0,0,2026-08-28 12:48:28.130721+00,2026-08-28 12:48:28.130721+00
16410,16412,t,-4971890736796526323,"SELECT RES_ENT_ID,LIB_FEAT_ID,FTYPE_ID,UTYPE_CODE,SUPPRESSED,OBS_ENT_CNT FROM RES_FEAT_EKEY WHERE RES_ENT_ID IN ($1,$2,$3,$4,$5,$6,$7,$8,$9,$10,$11,$12,$13,$14,$15,$16,$17,$18,$19,$20,$21,$22,$23,$24,$25,$26,$27,$28,$29,$30,$31,$32) AND FTYPE_ID IN ($33,$34,$35,$36,$37,$38,$39,$40,$41,$42,$43,$44,$45,$46,$47,$48,$49,$50,$51,$52,$53)",0,0,0,0,0,0,348,4433.855399,0.560451,134.82581299999998,12.740963790229886,20.37730906970235,3299088,70409,0,0,0,0,0,0,0,0,0,0,0,0,0,0,0,0,0,0,0,0,0,0,0,0,0,0,0,0,2026-08-28 13:27:29.105207+00,2026-08-28 13:27:29.105207+00
10,16384,t,3826647708333449123,"FETCH 0 IN ""query-cursor_135""",0,0,0,0,0,0,1,0.00357,0.00357,0.00357,0.00357,0,0,0,0,0,0,0,0,0,0,0,0,0,0,0,0,0,0,0,0,0,0,0,0,0,0,0,0,0,0,0,2026-08-28 14:08:28.134983+00,2026-08-28 14:08:28.134983+00
10,16384,t,6506892937101262641,"FETCH 0 IN ""query-cursor_56""",0,0,0,0,0,0,1,0.003453,0.003453,0.003453,0.003453,0,0,0,0,0,0,0,0,0,0,0,0,0,0,0,0,0,0,0,0,0,0,0,0,0,0,0,0,0,0,0,2026-08-28 12:44:28.129144+00,2026-08-28 12:44:28.129144+00
10,16384,t,8713665527740100834,"FETCH 0 IN ""query-cursor_111""",0,0,0,0,0,0,1,0.003596,0.003596,0.003596,0.003596,0,0,0,0,0,0,0,0,0,0,0,0,0,0,0,0,0,0,0,0,0,0,0,0,0,0,0,0,0,0,0,2026-08-28 13:44:28.1334+00,2026-08-28 13:44:28.1334+00
10,16384,t,-3703134870272335559,"MOVE -434 IN ""query-cursor_51""",0,0,0,0,0,0,1,0.010738,0.010738,0.010738,0.010738,0,0,0,0,0,0,0,0,0,0,0,0,0,0,0,0,0,0,0,0,0,0,0,0,0,0,0,0,0,0,0,2026-08-28 12:39:28.129778+00,2026-08-28 12:39:28.129778+00
10,16384,t,8599126710934191994,"FETCH 13 IN ""query-cursor_154""",0,0,0,0,0,0,1,0.002216,0.002216,0.002216,0.002216,0,13,0,0,0,0,0,0,0,0,0,0,0,0,0,0,0,0,0,0,0,0,0,0,0,0,0,0,0,0,0,2026-08-28 14:27:28.152764+00,2026-08-28 14:27:28.152764+00
16410,16412,t,846143920223406767,"SELECT RES_ENT_ID,LIB_FEAT_ID,FTYPE_ID,UTYPE_CODE,SUPPRESSED,OBS_ENT_CNT FROM RES_FEAT_EKEY WHERE RES_ENT_ID IN ($1,$2,$3,$4,$5,$6,$7,$8,$9,$10,$11,$12,$13,$14,$15,$16) AND FTYPE_ID IN ($17,$18,$19,$20,$21,$22,$23,$24,$25,$26)",0,0,0,0,0,0,20345,17065.45418200009,0.10942600000000001,215.707693,0.8388033512902476,3.513351111352552,6063314,1042181,0,0,0,0,0,0,0,0,0,0,0,0,0,0,0,0,0,0,0,0,0,0,0,0,0,0,0,0,2026-08-28 13:27:23.624186+00,2026-08-28 13:27:23.624186+00
10,16384,t,4858378610865897966,"FETCH 35 IN ""query-cursor_166""",0,0,0,0,0,0,1,0.003338,0.003338,0.003338,0.003338,0,35,0,0,0,0,0,0,0,0,0,0,0,0,0,0,0,0,0,0,0,0,0,0,0,0,0,0,0,0,0,2026-08-28 14:39:28.153523+00,2026-08-28 14:39:28.153523+00
10,16384,t,207116092104639994,"FETCH 25 IN ""query-cursor_63""",0,0,0,0,0,0,1,0.002232,0.002232,0.002232,0.002232,0,25,0,0,0,0,0,0,0,0,0,0,0,0,0,0,0,0,0,0,0,0,0,0,0,0,0,0,0,0,0,2026-08-28 12:51:28.132572+00,2026-08-28 12:51:28.132572+00
10,16384,t,1751396424949144722,"select queryid, calls, (total_plan_time + total_exec_time) as total_time, rows, shared_blks_hit, shared_blks_dirtied, shared_blks_read, shared_blks_written, local_blks_hit, local_blks_dirtied, local_blks_read, local_blks_written, temp_blks_read, temp_blks_written, storage_blks_read, orcache_blks_hit, shared_blk_read_time as blk_read_time, shared_blk_write_time as blk_write_time, storage_blk_read_time, local_blk_read_time, orcache_blk_read_time, total_plan_time, total_exec_time from aurora_stat_statements($1) where queryid in ($2, $3, $4, $5, $6, $7, $8, $9, $10, $11, $12, $13, $14, $15, $16, $17, $18, $19, $20, $21, $22, $23, $24, $25, $26, $27, $28, $29, $30, $31, $32, $33, $34, $35, $36, $37, $38, $39, $40, $41, $42, $43, $44, $45, $46, $47, $48, $49, $50, $51, $52, $53, $54, $55, $56, $57, $58, $59, $60, $61, $62, $63, $64, $65, $66, $67, $68)",0,0,0,0,0,0,1,1.6277920000000001,1.6277920000000001,1.6277920000000001,1.6277920000000001,0,74,0,0,0,0,0,0,0,0,0,0,0,0,0,0,0,0,0,0,0,0,0,0,0,0,0,0,0,0,0,2026-08-28 13:52:38.138415+00,2026-08-28 13:52:38.138415+00
16410,16412,t,-4550385992683085027,"INSERT INTO RES_REL_EKEY(RES_REL_ID,RES_ENT_ID,REL_ENT_ID) VALUES ($1,$2,$3),($4,$5,$6),($7,$8,$9),($10,$11,$12),($13,$14,$15),($16,$17,$18),($19,$20,$21),($22,$23,$24),($25,$26,$27),($28,$29,$30),($31,$32,$33),($34,$35,$36),($37,$38,$39),($40,$41,$42),($43,$44,$45),($46,$47,$48),($49,$50,$51),($52,$53,$54),($55,$56,$57),($58,$59,$60),($61,$62,$63),($64,$65,$66),($67,$68,$69),($70,$71,$72),($73,$74,$75),($76,$77,$78),($79,$80,$81),($82,$83,$84),($85,$86,$87),($88,$89,$90),($91,$92,$93),($94,$95,$96) ON CONFLICT DO NOTHING",0,0,0,0,0,0,227,2028.7451159999998,0.422615,118.994513,8.93720315418502,22.066188478494208,7264,58664,0,0,62,0,0,0,0,0,0,0,2.7897509999999985,0,0,0,0,0,0,0,0,0,0,0,0,0,0,0,0,0,2026-08-28 13:30:44.222657+00,2026-08-28 13:30:44.222657+00
10,16384,t,1611323899164057291,"FETCH 50 IN ""query-cursor_147""",0,0,0,0,0,0,33,0.132787,0.002902,0.00642,0.004023848484848484,0.0009897036324443104,1650,0,0,0,0,0,0,0,0,0,0,0,0,0,0,0,0,0,0,0,0,0,0,0,0,0,0,0,0,0,2026-08-28 14:20:28.140463+00,2026-08-28 14:20:28.140463+00
10,16384,t,6653483181614798911,"MOVE ALL IN ""query-cursor_137""",0,0,0,0,0,0,1,4.344594,4.344594,4.344594,4.344594,0,0,0,0,0,0,0,0,0,0,0,0,0,0,0,0,0,0,0,0,0,0,0,0,0,0,0,0,0,0,0,2026-08-28 14:10:28.139377+00,2026-08-28 14:10:28.139377+00
10,16384,t,7562162002645807505,"FETCH 50 IN ""query-cursor_48""",0,0,0,0,0,0,8,0.026547,0.002903,0.004884,0.003318375,0.0006149089236423556,400,0,0,0,0,0,0,0,0,0,0,0,0,0,0,0,0,0,0,0,0,0,0,0,0,0,0,0,0,0,2026-08-28 12:36:28.129611+00,2026-08-28 12:36:28.129611+00
10,16384,t,-7556579876091590985,"FETCH 0 IN ""query-cursor_156""",0,0,0,0,0,0,1,0.003378,0.003378,0.003378,0.003378,0,0,0,0,0,0,0,0,0,0,0,0,0,0,0,0,0,0,0,0,0,0,0,0,0,0,0,0,0,0,0,2026-08-28 14:29:28.136453+00,2026-08-28 14:29:28.136453+00
16410,16412,t,-3307888229249635103,"SELECT RES_ENT_ID,LIB_FEAT_ID,FTYPE_ID,UTYPE_CODE,SUPPRESSED,OBS_ENT_CNT FROM RES_FEAT_EKEY WHERE RES_ENT_ID IN ($1,$2,$3,$4,$5,$6,$7,$8) AND FTYPE_ID IN ($9,$10,$11,$12,$13)",0,0,0,0,0,0,99,18.908754999999992,0.072747,0.7993530000000001,0.19099752525252517,0.11873787730031522,7258,2728,0,0,0,0,0,0,0,0,0,0,0,0,0,0,0,0,0,0,0,0,0,0,0,0,0,0,0,0,2026-08-28 13:38:08.711486+00,2026-08-28 13:38:08.711486+00
10,16384,t,-3230607578240612556,"MOVE ALL IN ""query-cursor_17""",0,0,0,0,0,0,1,0.48612,0.48612,0.48612,0.48612,0,0,0,0,0,0,0,0,0,0,0,0,0,0,0,0,0,0,0,0,0,0,0,0,0,0,0,0,0,0,0,2026-08-28 12:05:28.126987+00,2026-08-28 12:05:28.126987+00
10,16384,t,7319762900662418921,"FETCH 50 IN ""query-cursor_163""",0,0,0,0,0,0,35,0.14804499999999995,0.003036,0.006524,0.004229857142857142,0.0009590899002359959,1750,0,0,0,0,0,0,0,0,0,0,0,0,0,0,0,0,0,0,0,0,0,0,0,0,0,0,0,0,0,2026-08-28 14:36:28.141782+00,2026-08-28 14:36:28.141782+00
10,16384,t,6521605875987173684,"FETCH 50 IN ""query-cursor_167""",0,0,0,0,0,0,35,0.142655,0.00281,0.006893,0.004075857142857143,0.0010088171048413125,1750,0,0,0,0,0,0,0,0,0,0,0,0,0,0,0,0,0,0,0,0,0,0,0,0,0,0,0,0,0,2026-08-28 14:40:28.142278+00,2026-08-28 14:40:28.142278+00
10,16384,t,7425500538488387391,"MOVE -488 IN ""query-cursor_57""",0,0,0,0,0,0,1,0.01135,0.01135,0.01135,0.01135,0,0,0,0,0,0,0,0,0,0,0,0,0,0,0,0,0,0,0,0,0,0,0,0,0,0,0,0,0,0,0,2026-08-28 12:45:28.130391+00,2026-08-28 12:45:28.130391+00
10,16384,t,9220740123807020061,"MOVE ALL IN ""query-cursor_132""",0,0,0,0,0,0,1,4.338244,4.338244,4.338244,4.338244,0,0,0,0,0,0,0,0,0,0,0,0,0,0,0,0,0,0,0,0,0,0,0,0,0,0,0,0,0,0,0,2026-08-28 14:05:28.139052+00,2026-08-28 14:05:28.139052+00
10,16384,t,-6750572639405774862,"FETCH 0 IN ""query-cursor_107""",0,0,0,0,0,0,1,0.004096,0.004096,0.004096,0.004096,0,0,0,0,0,0,0,0,0,0,0,0,0,0,0,0,0,0,0,0,0,0,0,0,0,0,0,0,0,0,0,2026-08-28 13:36:28.307582+00,2026-08-28 13:36:28.307582+00
10,16384,t,-8388233685317398999,"DECLARE ""query-cursor_66"" SCROLL CURSOR FOR select queryid, left(query, $1), calls, (total_plan_time + total_exec_time) as total_time from aurora_stat_statements($2) order by calls desc limit $3 FOR READ ONLY",0,0,0,0,0,0,1,0.063751,0.063751,0.063751,0.063751,0,0,0,0,0,0,0,0,0,0,0,0,0,0,0,0,0,0,0,0,0,0,0,0,0,0,0,0,0,0,0,2026-08-28 12:54:28.12982+00,2026-08-28 12:54:28.12982+00
10,16384,t,-7486591099907902972,"MOVE ALL IN ""query-cursor_18""",0,0,0,0,0,0,1,0.491576,0.491576,0.491576,0.491576,0,0,0,0,0,0,0,0,0,0,0,0,0,0,0,0,0,0,0,0,0,0,0,0,0,0,0,0,0,0,0,2026-08-28 12:06:28.127044+00,2026-08-28 12:06:28.127044+00
10,16384,t,3956729987471992071,"DECLARE ""query-cursor_12"" SCROLL CURSOR FOR select queryid, left(query, $1), calls, (total_plan_time + total_exec_time) as total_time from aurora_stat_statements($2) order by calls desc limit $3 FOR READ ONLY",0,0,0,0,0,0,1,0.065787,0.065787,0.065787,0.065787,0,0,0,0,0,0,0,0,0,0,0,0,0,0,0,0,0,0,0,0,0,0,0,0,0,0,0,0,0,0,0,2026-08-28 12:00:28.126045+00,2026-08-28 12:00:28.126045+00
10,16384,t,-4781042665376811071,"FETCH 0 IN ""query-cursor_41""",0,0,0,0,0,0,1,0.003639,0.003639,0.003639,0.003639,0,0,0,0,0,0,0,0,0,0,0,0,0,0,0,0,0,0,0,0,0,0,0,0,0,0,0,0,0,0,0,2026-08-28 12:29:28.128104+00,2026-08-28 12:29:28.128104+00
10,16384,t,5843693883020773192,"FETCH 39 IN ""query-cursor_150""",0,0,0,0,0,0,1,0.003783,0.003783,0.003783,0.003783,0,39,0,0,0,0,0,0,0,0,0,0,0,0,0,0,0,0,0,0,0,0,0,0,0,0,0,0,0,0,0,2026-08-28 14:23:28.152495+00,2026-08-28 14:23:28.152495+00
16410,16412,t,-3834203596799410931,"SELECT RES_ENT_ID,LIB_FEAT_ID,FTYPE_ID,UTYPE_CODE,SUPPRESSED,OBS_ENT_CNT FROM RES_FEAT_EKEY WHERE RES_ENT_ID IN ($1,$2,$3,$4,$5,$6,$7,$8,$9,$10,$11,$12,$13,$14,$15,$16) AND FTYPE_ID IN ($17,$18,$19,$20,$21,$22,$23,$24,$25,$26,$27,$28,$29,$30,$31,$32,$33,$34,$35,$36,$37,$38,$39,$40,$41)",0,0,0,0,0,0,35,427.0196359999999,1.114921,69.590505,12.200561028571425,13.13920348234417,545188,8122,0,0,0,0,0,0,0,0,0,0,0,0,0,0,0,0,0,0,0,0,0,0,0,0,0,0,0,0,2026-08-28 13:27:26.519126+00,2026-08-28 13:27:26.519126+00
10,16384,t,-1727729175226582958,"FETCH 0 IN ""query-cursor_78""",0,0,0,0,0,0,1,0.003729,0.003729,0.003729,0.003729,0,0,0,0,0,0,0,0,0,0,0,0,0,0,0,0,0,0,0,0,0,0,0,0,0,0,0,0,0,0,0,2026-08-28 13:06:28.130632+00,2026-08-28 13:06:28.130632+00
10,16384,t,3605542101342601106,"MOVE ALL IN ""query-cursor_112""",0,0,0,0,0,0,1,4.386909,4.386909,4.386909,4.386909,0,0,0,0,0,0,0,0,0,0,0,0,0,0,0,0,0,0,0,0,0,0,0,0,0,0,0,0,0,0,0,2026-08-28 13:45:28.137786+00,2026-08-28 13:45:28.137786+00
10,16384,t,4770861510307370641,"FETCH 50 IN ""query-cursor_37""",0,0,0,0,0,0,6,0.020997000000000002,0.002763,0.0051,0.0034995000000000004,0.0008431976340099635,300,0,0,0,0,0,0,0,0,0,0,0,0,0,0,0,0,0,0,0,0,0,0,0,0,0,0,0,0,0,2026-08-28 12:25:28.128592+00,2026-08-28 12:25:28.128592+00
10,16384,t,6735160263267609264,"MOVE -464 IN ""query-cursor_56""",0,0,0,0,0,0,1,0.011144,0.011144,0.011144,0.011144,0,0,0,0,0,0,0,0,0,0,0,0,0,0,0,0,0,0,0,0,0,0,0,0,0,0,0,0,0,0,0,2026-08-28 12:44:28.130216+00,2026-08-28 12:44:28.130216+00
10,16384,t,-3463049276066015351,"MOVE -1393 IN ""query-cursor_108""",0,0,0,0,0,0,1,0.108505,0.108505,0.108505,0.108505,0,0,0,0,0,0,0,0,0,0,0,0,0,0,0,0,0,0,0,0,0,0,0,0,0,0,0,0,0,0,0,2026-08-28 13:38:28.938892+00,2026-08-28 13:38:28.938892+00
10,16384,t,8290254922520988000,select * from rds_get_query_stats(),0,0,0,0,0,0,171,0.7961410000000002,0.003785,0.00889,0.004655795321637428,0.0008252949776970841,171,0,0,0,0,0,0,0,0,0,0,0,0,0,0,0,0,0,0,0,0,0,0,0,0,0,0,0,0,0,2026-08-28 11:49:27.654537+00,2026-08-28 11:49:27.654537+00
10,16384,t,6958308882266732345,"FETCH 50 IN ""query-cursor_33""",0,0,0,0,0,0,6,0.020680999999999998,0.002929,0.005278,0.003446833333333333,0.0008325425748205846,300,0,0,0,0,0,0,0,0,0,0,0,0,0,0,0,0,0,0,0,0,0,0,0,0,0,0,0,0,0,2026-08-28 12:21:28.128366+00,2026-08-28 12:21:28.128366+00
10,16384,t,-9020576586821233151,"select queryid, calls, (total_plan_time + total_exec_time) as total_time, rows, shared_blks_hit, shared_blks_dirtied, shared_blks_read, shared_blks_written, local_blks_hit, local_blks_dirtied, local_blks_read, local_blks_written, temp_blks_read, temp_blks_written, storage_blks_read, orcache_blks_hit, shared_blk_read_time as blk_read_time, shared_blk_write_time as blk_write_time, storage_blk_read_time, local_blk_read_time, orcache_blk_read_time, total_plan_time, total_exec_time from aurora_stat_statements($1) where queryid in ($2)",0,0,0,0,0,0,1,0.167168,0.167168,0.167168,0.167168,0,1,0,0,0,0,0,0,0,0,0,0,0,0,0,0,0,0,0,0,0,0,0,0,0,0,0,0,0,0,0,2026-08-28 11:52:38.125952+00,2026-08-28 11:52:38.125952+00
16410,16412,t,1416552375642892527,"UPDATE RES_RELATE AS T SET IS_DISCLOSED=C.IS_DISCLOSED,IS_AMBIGUOUS=C.IS_AMBIGUOUS,LAST_ERRULE_ID=C.LAST_ERRULE_ID,MATCH_KEY=C.MATCH_KEY,MATCH_KEY_DETAILS=C.MATCH_KEY_DETAILS,MATCH_LEVELS=C.MATCH_LEVELS FROM (VALUES (CAST ($1 AS BIGINT),CAST ($2 AS BIGINT),CAST ($3 AS BIGINT),CAST ($4 AS BIGINT),$5,$6,$7),(CAST ($8 AS BIGINT),CAST ($9 AS BIGINT),CAST ($10 AS BIGINT),CAST ($11 AS BIGINT),$12,$13,$14),(CAST ($15 AS BIGINT),CAST ($16 AS BIGINT),CAST ($17 AS BIGINT),CAST ($18 AS BIGINT),$19,$20,$21),(CAST ($22 AS BIGINT),CAST ($23 AS BIGINT),CAST ($24 AS BIGINT),CAST ($25 AS BIGINT),$26,$27,$28),(CAST ($29 AS BIGINT),CAST ($30 AS BIGINT),CAST ($31 AS BIGINT),CAST ($32 AS BIGINT),$33,$34,$35),(CAST ($36 AS BIGINT),CAST ($37 AS BIGINT),CAST ($38 AS BIGINT),CAST ($39 AS BIGINT),$40,$41,$42),(CAST ($43 AS BIGINT),CAST ($44 AS BIGINT),CAST ($45 AS BIGINT),CAST ($46 AS BIGINT),$47,$48,$49),(CAST ($50 AS BIGINT),CAST ($51 AS BIGINT),CAST ($52 AS BIGINT),CAST ($53 AS BIGINT),$54,$55,$56),(CAST ($57 AS BIGINT),CAST ($58 AS BIGINT),CAST ($59 AS BIGINT),CAST ($60 AS BIGINT),$61,$62,$63),(CAST ($64 AS BIGINT),CAST ($65 AS BIGINT),CAST ($66 AS BIGINT),CAST ($67 AS BIGINT),$68,$69,$70)) AS C(RES_REL_ID,IS_DISCLOSED,IS_AMBIGUOUS,LAST_ERRULE_ID,MATCH_KEY,MATCH_KEY_DETAILS,MATCH_LEVELS) WHERE C.RES_REL_ID=T.RES_REL_ID",0,0,0,0,0,0,170,523.2648559999999,0.166144,72.63523099999999,3.078028564705882,9.106082015647662,1700,20392,0,0,157,0,0,0,0,0,0,0,9.942123000000006,0,0,0,0,0,0,0,0,0,0,0,0,0,0,0,0,0,2026-08-28 13:29:15.089897+00,2026-08-28 13:29:15.089897+00
16410,16412,t,2146911190864867539,"SELECT DSRC_ID,RECORD_ID,ENT_SRC_KEY FROM DSRC_RECORD WHERE (DSRC_ID,ENT_SRC_KEY) IN (($1,$2),($3,$4),($5,$6),($7,$8),($9,$10),($11,$12),($13,$14),($15,$16))",0,0,0,0,0,0,100,9.796484000000001,0.045217,0.18201599999999998,0.09796484000000001,0.027684115572190485,600,3148,0,0,0,0,0,0,0,0,0,0,0,0,0,0,0,0,0,0,0,0,0,0,0,0,0,0,0,0,2026-08-28 13:32:02.072569+00,2026-08-28 13:32:02.072569+00
10,16384,t,-8403646249005710356,"MOVE -726 IN ""query-cursor_96""",0,0,0,0,0,0,1,0.015204,0.015204,0.015204,0.015204,0,0,0,0,0,0,0,0,0,0,0,0,0,0,0,0,0,0,0,0,0,0,0,0,0,0,0,0,0,0,0,2026-08-28 13:24:28.1337+00,2026-08-28 13:24:28.1337+00
16410,16412,t,9059404307344346861,"SELECT RES_ENT_ID,LIB_FEAT_ID,FTYPE_ID,UTYPE_CODE,SUPPRESSED,OBS_ENT_CNT FROM RES_FEAT_EKEY WHERE RES_ENT_ID IN ($1,$2) AND FTYPE_ID IN ($3,$4,$5,$6,$7,$8,$9,$10,$11,$12,$13,$14,$15,$16,$17,$18,$19,$20,$21,$22,$23,$24,$25,$26,$27,$28,$29,$30,$31,$32,$33,$34,$35,$36,$37,$38,$39,$40,$41,$42,$43,$44,$45,$46,$47,$48,$49,$50,$51,$52,$53)",0,0,0,0,0,0,1,0.045717,0.045717,0.045717,0.045717,0,0,10,0,0,0,0,0,0,0,0,0,0,0,0,0,0,0,0,0,0,0,0,0,0,0,0,0,0,0,0,2026-08-28 13:31:02.511125+00,2026-08-28 13:31:02.511125+00
10,16384,t,6380728026335310008,"DECLARE ""query-cursor_123"" SCROLL CURSOR FOR select queryid, left(query, $1), calls, (total_plan_time + total_exec_time) as total_time from aurora_stat_statements($2) order by calls desc limit $3 FOR READ ONLY",0,0,0,0,0,0,1,0.059632,0.059632,0.059632,0.059632,0,0,0,0,0,0,0,0,0,0,0,0,0,0,0,0,0,0,0,0,0,0,0,0,0,0,0,0,0,0,0,2026-08-28 13:56:28.134047+00,2026-08-28 13:56:28.134047+00
16410,16412,t,931624121472614597,"SELECT
    now()                                              AS at,
    s.n_tup_ins                                        AS dsrc_record_rows,   
    $1                                          AS target,
    round($2 * s.n_tup_ins / $3, $4)          AS pct_of_target
FROM pg_stat_user_tables s
WHERE s.relname = $5",0,0,0,0,0,0,1,0.090181,0.090181,0.090181,0.090181,0,1,8,0,0,0,0,0,0,0,0,0,0,0,0,0,0,0,0,0,0,0,0,0,0,0,0,0,0,0,0,2026-08-28 14:42:07.440146+00,2026-08-28 14:42:07.440146+00
10,16384,t,-2780407781552830745,"FETCH 49 IN ""query-cursor_135""",0,0,0,0,0,0,1,0.004091,0.004091,0.004091,0.004091,0,49,0,0,0,0,0,0,0,0,0,0,0,0,0,0,0,0,0,0,0,0,0,0,0,0,0,0,0,0,0,2026-08-28 14:08:28.15026+00,2026-08-28 14:08:28.15026+00
16410,16412,t,-1245128576629425324,"CREATE TABLE RES_ENT (RES_ENT_ID BIGINT NOT NULL, LOCKING_ID BIGINT NOT NULL, LAST_TOUCH_DT BIGINT, ENT_STATE BIGINT, LOCK_DSRC_ACTION CHAR(1), PRIMARY KEY(RES_ENT_ID))",0,0,0,0,0,0,1,5.425068,5.425068,5.425068,5.425068,0,0,207,0,0,1,0,0,0,0,0,0,0,0.002321,0,0,0,0,0,0,0,0,0,0,0,0,0,0,0,0,0,2026-08-28 11:51:27.892983+00,2026-08-28 11:51:27.892983+00
16410,16412,t,6828237854747006356,"SELECT dr.record_id, oe.obs_ent_id, reo.res_ent_id
FROM   dsrc_record dr
LEFT JOIN obs_ent oe       ON dr.dsrc_id = oe.dsrc_id AND dr.ent_src_key = oe.ent_src_key
LEFT JOIN res_ent_okey reo ON oe.obs_ent_id = reo.obs_ent_id
WHERE  reo.res_ent_id IS NULL",0,0,0,0,0,0,1,2083.4786900000004,2083.4786900000004,2083.4786900000004,2083.4786900000004,0,4,5010080,0,0,0,0,0,0,0,10981,11064,0,0,0,0,17.307068,18.583375,0,0,0,0,0,0,0,0,0,0,0,0,0,2026-08-28 14:43:57.82869+00,2026-08-28 14:43:57.82869+00
10,16384,t,4408786192464761348,"MOVE -1654 IN ""query-cursor_144""",0,0,0,0,0,0,1,0.031518,0.031518,0.031518,0.031518,0,0,0,0,0,0,0,0,0,0,0,0,0,0,0,0,0,0,0,0,0,0,0,0,0,0,0,0,0,0,0,2026-08-28 14:17:28.140231+00,2026-08-28 14:17:28.140231+00
10,16384,t,-4518719071759490244,"MOVE -550 IN ""query-cursor_67""",0,0,0,0,0,0,1,0.012051,0.012051,0.012051,0.012051,0,0,0,0,0,0,0,0,0,0,0,0,0,0,0,0,0,0,0,0,0,0,0,0,0,0,0,0,0,0,0,2026-08-28 12:55:28.131226+00,2026-08-28 12:55:28.131226+00
16410,16412,t,2570946914748599910,DELETE FROM RES_FEAT_EKEY WHERE ((RES_ENT_ID=$1 AND LIB_FEAT_ID=$2 AND UTYPE_CODE=$3)OR(RES_ENT_ID=$4 AND LIB_FEAT_ID=$5 AND UTYPE_CODE=$6)OR(RES_ENT_ID=$7 AND LIB_FEAT_ID=$8 AND UTYPE_CODE=$9)OR(RES_ENT_ID=$10 AND LIB_FEAT_ID=$11 AND UTYPE_CODE=$12)OR(RES_ENT_ID=$13 AND LIB_FEAT_ID=$14 AND UTYPE_CODE=$15)OR(RES_ENT_ID=$16 AND LIB_FEAT_ID=$17 AND UTYPE_CODE=$18)OR(RES_ENT_ID=$19 AND LIB_FEAT_ID=$20 AND UTYPE_CODE=$21)OR(RES_ENT_ID=$22 AND LIB_FEAT_ID=$23 AND UTYPE_CODE=$24)OR(RES_ENT_ID=$25 AND LIB_FEAT_ID=$26 AND UTYPE_CODE=$27)OR(RES_ENT_ID=$28 AND LIB_FEAT_ID=$29 AND UTYPE_CODE=$30)OR(RES_ENT_ID=$31 AND LIB_FEAT_ID=$32 AND UTYPE_CODE=$33)OR(RES_ENT_ID=$34 AND LIB_FEAT_ID=$35 AND UTYPE_CODE=$36)OR(RES_ENT_ID=$37 AND LIB_FEAT_ID=$38 AND UTYPE_CODE=$39)OR(RES_ENT_ID=$40 AND LIB_FEAT_ID=$41 AND UTYPE_CODE=$42)OR(RES_ENT_ID=$43 AND LIB_FEAT_ID=$44 AND UTYPE_CODE=$45)OR(RES_ENT_ID=$46 AND LIB_FEAT_ID=$47 AND UTYPE_CODE=$48)OR(RES_ENT_ID=$49 AND LIB_FEAT_ID=$50 AND UTYPE_CODE=$51)OR(RES_ENT_ID=$52 AND LIB_FEAT_ID=$53 AND UTYPE_CODE=$54)OR(RES_ENT_ID=$55 AND LIB_FEAT_ID=$56 AND UTYPE_CODE=$57)OR(RES_ENT_ID=$58 AND LIB_FEAT_ID=$59 AND UTYPE_CODE=$60)OR(RES_ENT_ID=$61 AND LIB_FEAT_ID=$62 AND UTYPE_CODE=$63)OR(RES_ENT_ID=$64 AND LIB_FEAT_ID=$65 AND UTYPE_CODE=$66)OR(RES_ENT_ID=$67 AND LIB_FEAT_ID=$68 AND UTYPE_CODE=$69)),0,0,0,0,0,0,283,430.9762549999999,0.038494,96.973569,1.5228842932862188,7.097087081440047,6486,32559,0,0,0,0,0,0,0,0,0,0,0,0,0,0,0,0,0,0,0,0,0,0,0,0,0,0,0,0,2026-08-28 13:28:03.115173+00,2026-08-28 13:28:03.115173+00
16410,16412,t,-712398698749710935,"SELECT RES_ENT_ID,LIB_FEAT_ID,FTYPE_ID,UTYPE_CODE,SUPPRESSED,OBS_ENT_CNT FROM RES_FEAT_EKEY WHERE RES_ENT_ID IN ($1,$2,$3,$4) AND FTYPE_ID IN ($5,$6,$7,$8,$9,$10,$11,$12,$13,$14,$15,$16,$17,$18,$19,$20,$21,$22,$23,$24,$25,$26,$27,$28,$29,$30,$31,$32,$33,$34,$35,$36,$37,$38,$39,$40,$41,$42,$43,$44,$45,$46,$47,$48,$49,$50,$51,$52,$53,$54,$55,$56,$57,$58,$59,$60,$61,$62,$63)",0,0,0,0,0,0,14,2.2296500000000004,0.035578,0.74022,0.1592607142857143,0.1670895104758561,12,306,0,0,0,0,0,0,0,0,0,0,0,0,0,0,0,0,0,0,0,0,0,0,0,0,0,0,0,0,2026-08-28 13:30:03.996408+00,2026-08-28 13:30:03.996408+00
10,16384,t,-418694401700558880,"FETCH 0 IN ""query-cursor_91""",0,0,0,0,0,0,1,0.004139,0.004139,0.004139,0.004139,0,0,0,0,0,0,0,0,0,0,0,0,0,0,0,0,0,0,0,0,0,0,0,0,0,0,0,0,0,0,0,2026-08-28 13:19:28.131707+00,2026-08-28 13:19:28.131707+00
10,16384,t,2678739421401035540,"FETCH 1 IN ""query-cursor_152""",0,0,0,0,0,0,1,0.001497,0.001497,0.001497,0.001497,0,1,0,0,0,0,0,0,0,0,0,0,0,0,0,0,0,0,0,0,0,0,0,0,0,0,0,0,0,0,0,2026-08-28 14:25:28.152348+00,2026-08-28 14:25:28.152348+00
16410,16412,t,-1952570447155391886,"UPDATE OBS_ENT SET LAST_TOUCH_DT=$1,LOCKING_ID=$2 WHERE OBS_ENT_ID IN ($3,$4,$5,$6) AND LAST_TOUCH_DT=$7",0,0,0,0,0,0,5,1.17269,0.070399,0.375483,0.234538,0.10713318431186482,15,457,0,0,2,0,0,0,0,0,0,0,0.031758999999999996,0,0,0,0,0,0,0,0,0,0,0,0,0,0,0,0,0,2026-08-28 13:32:02.420031+00,2026-08-28 13:32:02.420031+00
10,16384,t,406559978866215494,"FETCH 0 IN ""query-cursor_90""",0,0,0,0,0,0,1,0.004177,0.004177,0.004177,0.004177,0,0,0,0,0,0,0,0,0,0,0,0,0,0,0,0,0,0,0,0,0,0,0,0,0,0,0,0,0,0,0,2026-08-28 13:18:28.13157+00,2026-08-28 13:18:28.13157+00
10,16384,t,-2456547800786948717,"FETCH 1 IN ""query-cursor_54""",0,0,0,0,0,0,1,0.001439,0.001439,0.001439,0.001439,0,1,0,0,0,0,0,0,0,0,0,0,0,0,0,0,0,0,0,0,0,0,0,0,0,0,0,0,0,0,0,2026-08-28 12:42:28.131437+00,2026-08-28 12:42:28.131437+00
10,16384,t,-2478382234079417960,"MOVE -702 IN ""query-cursor_92""",0,0,0,0,0,0,1,0.014637,0.014637,0.014637,0.014637,0,0,0,0,0,0,0,0,0,0,0,0,0,0,0,0,0,0,0,0,0,0,0,0,0,0,0,0,0,0,0,2026-08-28 13:20:28.1333+00,2026-08-28 13:20:28.1333+00
10,16384,t,-7442555192030067073,"FETCH 31 IN ""query-cursor_132""",0,0,0,0,0,0,1,0.002679,0.002679,0.002679,0.002679,0,31,0,0,0,0,0,0,0,0,0,0,0,0,0,0,0,0,0,0,0,0,0,0,0,0,0,0,0,0,0,2026-08-28 14:05:28.150137+00,2026-08-28 14:05:28.150137+00
10,16384,t,-7209548383899872787,"MOVE -660 IN ""query-cursor_85""",0,0,0,0,0,0,1,0.013943,0.013943,0.013943,0.013943,0,0,0,0,0,0,0,0,0,0,0,0,0,0,0,0,0,0,0,0,0,0,0,0,0,0,0,0,0,0,0,2026-08-28 13:13:28.132928+00,2026-08-28 13:13:28.132928+00
16410,16412,t,2625727878398150951,SELECT CODE FROM SYS_CODES_USED WHERE CODE_TYPE=$1 AND CODE=$2,0,0,0,0,0,0,1442,41.718136000000065,0.004892,5.769675,0.028930746185853028,0.1540236394756871,1442,4702,0,0,0,0,0,0,0,0,0,0,0,0,0,0,0,0,0,0,0,0,0,0,0,0,0,0,0,0,2026-08-28 13:27:22.074788+00,2026-08-28 13:27:22.074788+00
10,16384,t,1768039136745347571,"FETCH 35 IN ""query-cursor_18""",0,0,0,0,0,0,1,0.002758,0.002758,0.002758,0.002758,0,35,0,0,0,0,0,0,0,0,0,0,0,0,0,0,0,0,0,0,0,0,0,0,0,0,0,0,0,0,0,2026-08-28 12:06:28.127915+00,2026-08-28 12:06:28.127915+00
10,16384,t,-6852911160749209344,"FETCH 39 IN ""query-cursor_52""",0,0,0,0,0,0,1,0.00276,0.00276,0.00276,0.00276,0,39,0,0,0,0,0,0,0,0,0,0,0,0,0,0,0,0,0,0,0,0,0,0,0,0,0,0,0,0,0,2026-08-28 12:40:28.131345+00,2026-08-28 12:40:28.131345+00
10,16384,t,8641331218196151230,"FETCH 50 IN ""query-cursor_143""",0,0,0,0,0,0,32,0.128883,0.00288,0.00662,0.00402759375,0.000986582258968272,1600,0,0,0,0,0,0,0,0,0,0,0,0,0,0,0,0,0,0,0,0,0,0,0,0,0,0,0,0,0,2026-08-28 14:16:28.139741+00,2026-08-28 14:16:28.139741+00
10,16384,t,-6661386513390780511,"FETCH 10 IN ""query-cursor_77""",0,0,0,0,0,0,1,0.001558,0.001558,0.001558,0.001558,0,10,0,0,0,0,0,0,0,0,0,0,0,0,0,0,0,0,0,0,0,0,0,0,0,0,0,0,0,0,0,2026-08-28 13:05:28.134066+00,2026-08-28 13:05:28.134066+00
10,16384,t,-1916615471916784838,"DECLARE ""query-cursor_114"" SCROLL CURSOR FOR select queryid, left(query, $1), calls, (total_plan_time + total_exec_time) as total_time from aurora_stat_statements($2) order by calls desc limit $3 FOR READ ONLY",0,0,0,0,0,0,1,0.080221,0.080221,0.080221,0.080221,0,0,0,0,0,0,0,0,0,0,0,0,0,0,0,0,0,0,0,0,0,0,0,0,0,0,0,0,0,0,0,2026-08-28 13:47:28.133783+00,2026-08-28 13:47:28.133783+00
10,16384,t,-6776399572590662688,"MOVE -380 IN ""query-cursor_42""",0,0,0,0,0,0,1,0.009343,0.009343,0.009343,0.009343,0,0,0,0,0,0,0,0,0,0,0,0,0,0,0,0,0,0,0,0,0,0,0,0,0,0,0,0,0,0,0,2026-08-28 12:30:28.129078+00,2026-08-28 12:30:28.129078+00
10,16384,t,-2916518846240547969,SELECT pg_catalog.count(*) FROM pg_catalog.pg_roles WHERE rolname = $1,0,0,0,0,0,0,17,0.121305,0.00458,0.017390000000000003,0.0071355882352941175,0.0032953200158589184,17,17,0,0,0,0,0,0,0,0,0,0,0,0,0,0,0,0,0,0,0,0,0,0,0,0,0,0,0,0,2026-08-28 11:57:09.306485+00,2026-08-28 11:57:09.306485+00
10,16384,t,387319513168374790,"FETCH 47 IN ""query-cursor_45""",0,0,0,0,0,0,1,0.003121,0.003121,0.003121,0.003121,0,47,0,0,0,0,0,0,0,0,0,0,0,0,0,0,0,0,0,0,0,0,0,0,0,0,0,0,0,0,0,2026-08-28 12:33:28.130594+00,2026-08-28 12:33:28.130594+00
16410,16412,t,1894612222214646308,SELECT NEXT_SEQUENCE FROM SYS_SEQUENCE WHERE SEQUENCE_NAME = $1,0,0,0,0,0,0,622,14.22294600000001,0.004991,0.087577,0.022866472668810305,0.01286055596997929,622,1330,0,0,0,0,0,0,0,0,0,0,0,0,0,0,0,0,0,0,0,0,0,0,0,0,0,0,0,0,2026-08-28 13:27:22.095667+00,2026-08-28 13:27:22.095667+00
16410,16412,t,-6025119127572338369,DELETE FROM RES_FEAT_EKEY WHERE ((RES_ENT_ID=$1 AND LIB_FEAT_ID=$2 AND UTYPE_CODE=$3)OR(RES_ENT_ID=$4 AND LIB_FEAT_ID=$5 AND UTYPE_CODE=$6)OR(RES_ENT_ID=$7 AND LIB_FEAT_ID=$8 AND UTYPE_CODE=$9)OR(RES_ENT_ID=$10 AND LIB_FEAT_ID=$11 AND UTYPE_CODE=$12)OR(RES_ENT_ID=$13 AND LIB_FEAT_ID=$14 AND UTYPE_CODE=$15)OR(RES_ENT_ID=$16 AND LIB_FEAT_ID=$17 AND UTYPE_CODE=$18)OR(RES_ENT_ID=$19 AND LIB_FEAT_ID=$20 AND UTYPE_CODE=$21)OR(RES_ENT_ID=$22 AND LIB_FEAT_ID=$23 AND UTYPE_CODE=$24)OR(RES_ENT_ID=$25 AND LIB_FEAT_ID=$26 AND UTYPE_CODE=$27)OR(RES_ENT_ID=$28 AND LIB_FEAT_ID=$29 AND UTYPE_CODE=$30)OR(RES_ENT_ID=$31 AND LIB_FEAT_ID=$32 AND UTYPE_CODE=$33)OR(RES_ENT_ID=$34 AND LIB_FEAT_ID=$35 AND UTYPE_CODE=$36)OR(RES_ENT_ID=$37 AND LIB_FEAT_ID=$38 AND UTYPE_CODE=$39)OR(RES_ENT_ID=$40 AND LIB_FEAT_ID=$41 AND UTYPE_CODE=$42)OR(RES_ENT_ID=$43 AND LIB_FEAT_ID=$44 AND UTYPE_CODE=$45)OR(RES_ENT_ID=$46 AND LIB_FEAT_ID=$47 AND UTYPE_CODE=$48)OR(RES_ENT_ID=$49 AND LIB_FEAT_ID=$50 AND UTYPE_CODE=$51)OR(RES_ENT_ID=$52 AND LIB_FEAT_ID=$53 AND UTYPE_CODE=$54)OR(RES_ENT_ID=$55 AND LIB_FEAT_ID=$56 AND UTYPE_CODE=$57)OR(RES_ENT_ID=$58 AND LIB_FEAT_ID=$59 AND UTYPE_CODE=$60)OR(RES_ENT_ID=$61 AND LIB_FEAT_ID=$62 AND UTYPE_CODE=$63)OR(RES_ENT_ID=$64 AND LIB_FEAT_ID=$65 AND UTYPE_CODE=$66)OR(RES_ENT_ID=$67 AND LIB_FEAT_ID=$68 AND UTYPE_CODE=$69)OR(RES_ENT_ID=$70 AND LIB_FEAT_ID=$71 AND UTYPE_CODE=$72)OR(RES_ENT_ID=$73 AND LIB_FEAT_ID=$74 AND UTYPE_CODE=$75)OR(RES_ENT_ID=$76 AND LIB_FEAT_ID=$77 AND UTYPE_CODE=$78)OR(RES_ENT_ID=$79 AND LIB_FEAT_ID=$80 AND UTYPE_CODE=$81)OR(RES_ENT_ID=$82 AND LIB_FEAT_ID=$83 AND UTYPE_CODE=$84)OR(RES_ENT_ID=$85 AND LIB_FEAT_ID=$86 AND UTYPE_CODE=$87)OR(RES_ENT_ID=$88 AND LIB_FEAT_ID=$89 AND UTYPE_CODE=$90)),0,0,0,0,0,0,137,293.9609850000001,0.040556999999999996,59.456606,2.145700620437957,7.945396766757658,4051,20479,0,0,0,0,0,0,0,0,0,0,0,0,0,0,0,0,0,0,0,0,0,0,0,0,0,0,0,0,2026-08-28 13:28:35.022014+00,2026-08-28 13:28:35.022014+00
16410,16412,t,4230767813197154375,"INSERT INTO RES_FEAT_EKEY(RES_ENT_ID,LIB_FEAT_ID,FTYPE_ID,UTYPE_CODE,SUPPRESSED,OBS_ENT_CNT) VALUES ($1,$2,$3,$4,$5,$6),($7,$8,$9,$10,$11,$12),($13,$14,$15,$16,$17,$18),($19,$20,$21,$22,$23,$24),($25,$26,$27,$28,$29,$30),($31,$32,$33,$34,$35,$36),($37,$38,$39,$40,$41,$42),($43,$44,$45,$46,$47,$48),($49,$50,$51,$52,$53,$54),($55,$56,$57,$58,$59,$60),($61,$62,$63,$64,$65,$66) ON CONFLICT DO NOTHING",0,0,0,0,0,0,86264,410989.52127300133,0.127951,1494.9578960000001,4.7643225595034,19.005217338364584,948904,11974024,0,0,16190,0,0,0,0,0,0,0,784.2600870000018,0,0,0,0,0,0,0,0,0,0,0,0,0,0,0,0,0,2026-08-28 13:27:22.475538+00,2026-08-28 13:27:22.475538+00
10,16384,t,8091953588045074149,"FETCH 0 IN ""query-cursor_142""",0,0,0,0,0,0,1,0.003785,0.003785,0.003785,0.003785,0,0,0,0,0,0,0,0,0,0,0,0,0,0,0,0,0,0,0,0,0,0,0,0,0,0,0,0,0,0,0,2026-08-28 14:15:28.135473+00,2026-08-28 14:15:28.135473+00
16410,16412,t,-1129766813256599945,"INSERT INTO RES_FEAT_STAT(LIB_FEAT_ID,FTYPE_ID,NUM_RES_ENT,NUM_RES_ENT_OOM) VALUES ($1,$2,$3,$4),($5,$6,$7,$8),($9,$10,$11,$12),($13,$14,$15,$16),($17,$18,$19,$20),($21,$22,$23,$24) ON CONFLICT DO NOTHING",0,0,0,0,0,0,102388,172058.86146200253,0.062165,518.188344,1.680459247782968,9.404553688410703,613978,5485563,0,0,9808,0,0,0,0,0,0,0,198.48426800000087,0,0,0,0,0,0,0,0,0,0,0,0,0,0,0,0,0,2026-08-28 13:27:22.674229+00,2026-08-28 13:27:22.674229+00
10,16384,t,6601301510435047507,"MOVE -1268 IN ""query-cursor_101""",0,0,0,0,0,0,1,0.025695,0.025695,0.025695,0.025695,0,0,0,0,0,0,0,0,0,0,0,0,0,0,0,0,0,0,0,0,0,0,0,0,0,0,0,0,0,0,0,2026-08-28 13:29:28.136121+00,2026-08-28 13:29:28.136121+00
10,16384,t,-2581177059823103207,"DECLARE ""query-cursor_23"" SCROLL CURSOR FOR select queryid, left(query, $1), calls, (total_plan_time + total_exec_time) as total_time from aurora_stat_statements($2) order by calls desc limit $3 FOR READ ONLY",0,0,0,0,0,0,1,0.062643,0.062643,0.062643,0.062643,0,0,0,0,0,0,0,0,0,0,0,0,0,0,0,0,0,0,0,0,0,0,0,0,0,0,0,0,0,0,0,2026-08-28 12:11:28.126826+00,2026-08-28 12:11:28.126826+00
16410,16412,t,-141796898557675906,"UPDATE RES_FEAT_EKEY AS T SET SUPPRESSED=C.SUPPRESSED,OBS_ENT_CNT=C.OBS_ENT_CNT FROM (VALUES (CAST ($1 AS BIGINT),CAST ($2 AS BIGINT),$3,$4,CAST ($5 AS BIGINT)),(CAST ($6 AS BIGINT),CAST ($7 AS BIGINT),$8,$9,CAST ($10 AS BIGINT)),(CAST ($11 AS BIGINT),CAST ($12 AS BIGINT),$13,$14,CAST ($15 AS BIGINT)),(CAST ($16 AS BIGINT),CAST ($17 AS BIGINT),$18,$19,CAST ($20 AS BIGINT)),(CAST ($21 AS BIGINT),CAST ($22 AS BIGINT),$23,$24,CAST ($25 AS BIGINT)),(CAST ($26 AS BIGINT),CAST ($27 AS BIGINT),$28,$29,CAST ($30 AS BIGINT)),(CAST ($31 AS BIGINT),CAST ($32 AS BIGINT),$33,$34,CAST ($35 AS BIGINT)),(CAST ($36 AS BIGINT),CAST ($37 AS BIGINT),$38,$39,CAST ($40 AS BIGINT)),(CAST ($41 AS BIGINT),CAST ($42 AS BIGINT),$43,$44,CAST ($45 AS BIGINT))) AS C(RES_ENT_ID,LIB_FEAT_ID,UTYPE_CODE,SUPPRESSED,OBS_ENT_CNT) WHERE C.RES_ENT_ID=T.RES_ENT_ID AND C.LIB_FEAT_ID=T.LIB_FEAT_ID AND C.UTYPE_CODE=T.UTYPE_CODE",0,0,0,0,0,0,1301,3411.1292579999968,0.092917,63.371742,2.62192871483474,7.948492071554871,11709,141486,0,0,6,0,0,0,0,0,0,0,0.061457,0,0,0,0,0,0,0,0,0,0,0,0,0,0,0,0,0,2026-08-28 13:27:42.111899+00,2026-08-28 13:27:42.111899+00
16410,16412,t,-8213623825313782722,DELETE FROM RES_FEAT_EKEY WHERE ((RES_ENT_ID=$1 AND LIB_FEAT_ID=$2 AND UTYPE_CODE=$3)OR(RES_ENT_ID=$4 AND LIB_FEAT_ID=$5 AND UTYPE_CODE=$6)OR(RES_ENT_ID=$7 AND LIB_FEAT_ID=$8 AND UTYPE_CODE=$9)OR(RES_ENT_ID=$10 AND LIB_FEAT_ID=$11 AND UTYPE_CODE=$12)OR(RES_ENT_ID=$13 AND LIB_FEAT_ID=$14 AND UTYPE_CODE=$15)OR(RES_ENT_ID=$16 AND LIB_FEAT_ID=$17 AND UTYPE_CODE=$18)OR(RES_ENT_ID=$19 AND LIB_FEAT_ID=$20 AND UTYPE_CODE=$21)OR(RES_ENT_ID=$22 AND LIB_FEAT_ID=$23 AND UTYPE_CODE=$24)OR(RES_ENT_ID=$25 AND LIB_FEAT_ID=$26 AND UTYPE_CODE=$27)OR(RES_ENT_ID=$28 AND LIB_FEAT_ID=$29 AND UTYPE_CODE=$30)OR(RES_ENT_ID=$31 AND LIB_FEAT_ID=$32 AND UTYPE_CODE=$33)OR(RES_ENT_ID=$34 AND LIB_FEAT_ID=$35 AND UTYPE_CODE=$36)OR(RES_ENT_ID=$37 AND LIB_FEAT_ID=$38 AND UTYPE_CODE=$39)OR(RES_ENT_ID=$40 AND LIB_FEAT_ID=$41 AND UTYPE_CODE=$42)OR(RES_ENT_ID=$43 AND LIB_FEAT_ID=$44 AND UTYPE_CODE=$45)OR(RES_ENT_ID=$46 AND LIB_FEAT_ID=$47 AND UTYPE_CODE=$48)OR(RES_ENT_ID=$49 AND LIB_FEAT_ID=$50 AND UTYPE_CODE=$51)OR(RES_ENT_ID=$52 AND LIB_FEAT_ID=$53 AND UTYPE_CODE=$54)OR(RES_ENT_ID=$55 AND LIB_FEAT_ID=$56 AND UTYPE_CODE=$57)),0,0,0,0,0,0,408,43590.06747900003,0.028249999999999997,42811.193691,106.8384006838236,2116.784871400001,7733,39090,0,0,0,0,0,0,0,0,0,0,0,0,0,0,0,0,0,0,0,0,0,0,0,0,0,0,0,0,2026-08-28 13:28:11.297269+00,2026-08-28 13:28:11.297269+00
16410,16412,t,6400354713590502587,"INSERT INTO LIB_FEAT(LIB_FEAT_ID,FTYPE_ID,FEAT_HASH,FEAT_DESC,FELEM_VALUES,ANONYMIZED,VERSION) VALUES ($1,$2,$3,$4,$5,$6,$7),($8,$9,$10,$11,$12,$13,$14),($15,$16,$17,$18,$19,$20,$21) ON CONFLICT(FTYPE_ID,FEAT_HASH,ANONYMIZED) DO UPDATE SET FTYPE_ID=LIB_FEAT.FTYPE_ID,FEAT_HASH=LIB_FEAT.FEAT_HASH,ANONYMIZED=LIB_FEAT.ANONYMIZED RETURNING LIB_FEAT_ID,FTYPE_ID,FEAT_HASH,ANONYMIZED,FEAT_DESC",0,0,0,0,0,0,48049,604173.898355003,0.07863400000000001,1112.865842,12.57412013475833,44.17399469400744,144147,2512321,0,0,36799,0,0,0,0,0,0,0,582.6570630000009,0,0,0,0,0,0,0,0,0,0,0,0,0,0,0,0,0,2026-08-28 13:27:22.681034+00,2026-08-28 13:27:22.681034+00
16410,16412,t,-3768326963953724278,"INSERT INTO RES_FEAT_STAT(LIB_FEAT_ID,FTYPE_ID,NUM_RES_ENT,NUM_RES_ENT_OOM) VALUES ($1,$2,$3,$4),($5,$6,$7,$8),($9,$10,$11,$12),($13,$14,$15,$16),($17,$18,$19,$20),($21,$22,$23,$24),($25,$26,$27,$28),($29,$30,$31,$32) ON CONFLICT DO NOTHING",0,0,0,0,0,0,102354,257503.72038799908,0.07776200000000001,583.688236,2.5158149206479385,13.179996175249292,818457,6970726,1,0,10541,0,0,0,0,0,0,0,337.97533800000167,0,0,0,0,0,0,0,0,0,0,0,0,0,0,0,0,0,2026-08-28 13:27:22.184699+00,2026-08-28 13:27:22.184699+00
16410,16412,t,2363604094271394806,"SELECT RES_ENT_ID,LIB_FEAT_ID,FTYPE_ID,UTYPE_CODE,SUPPRESSED,OBS_ENT_CNT FROM RES_FEAT_EKEY WHERE RES_ENT_ID IN ($1,$2,$3,$4) AND FTYPE_ID IN ($5,$6,$7,$8,$9,$10,$11,$12,$13,$14,$15,$16,$17,$18,$19,$20,$21,$22,$23,$24,$25)",0,0,0,0,0,0,144,86.89113399999998,0.081668,6.2163260000000005,0.6034106527777776,0.9685072045846965,96098,3078,0,0,0,0,0,0,0,0,0,0,0,0,0,0,0,0,0,0,0,0,0,0,0,0,0,0,0,0,2026-08-28 13:27:29.318614+00,2026-08-28 13:27:29.318614+00
16410,16412,t,5300994548292293693,"SELECT OBS_ENT_ID,LOCKING_ID FROM OBS_ENT WHERE OBS_ENT_ID IN ($1,$2,$3,$4,$5,$6,$7,$8,$9,$10,$11,$12,$13,$14,$15,$16)",0,0,0,0,0,0,4,0.33318200000000003,0.06376,0.09962,0.08329550000000001,0.014917407356843215,36,152,0,0,0,0,0,0,0,0,0,0,0,0,0,0,0,0,0,0,0,0,0,0,0,0,0,0,0,0,2026-08-28 13:47:32.129941+00,2026-08-28 13:47:32.129941+00
16410,16412,t,6768385697522271879,"SELECT RES_ENT_ID,LIB_FEAT_ID,FTYPE_ID,UTYPE_CODE,SUPPRESSED,OBS_ENT_CNT FROM RES_FEAT_EKEY WHERE RES_ENT_ID IN ($1) AND FTYPE_ID IN ($2,$3,$4,$5,$6,$7,$8,$9,$10,$11,$12,$13)",0,0,0,0,0,0,12689,1505.215560000007,0.012802999999999998,119.34448,0.1186236551343689,1.2511053611309895,727405,63230,0,0,0,0,0,0,0,0,0,0,0,0,0,0,0,0,0,0,0,0,0,0,0,0,0,0,0,0,2026-08-28 13:27:23.179989+00,2026-08-28 13:27:23.179989+00
16410,16412,t,-6930211739579768060,ROLLBACK,0,0,0,0,0,0,187,0.35591100000000003,0.000777,0.014242,0.0019032673796791446,0.0011132731445083492,0,0,0,0,0,0,0,0,0,0,0,0,0,0,0,0,0,0,0,0,0,0,0,0,0,0,0,0,0,0,2026-08-28 13:27:37.184079+00,2026-08-28 13:27:37.184079+00
10,16384,t,5623102610853463449,"FETCH 0 IN ""query-cursor_89""",0,0,0,0,0,0,1,0.00346,0.00346,0.00346,0.00346,0,0,0,0,0,0,0,0,0,0,0,0,0,0,0,0,0,0,0,0,0,0,0,0,0,0,0,0,0,0,0,2026-08-28 13:17:28.131524+00,2026-08-28 13:17:28.131524+00
10,16384,t,-954912420813147097,"FETCH 21 IN ""query-cursor_8""",0,0,0,0,0,0,1,0.002546,0.002546,0.002546,0.002546,0,21,0,0,0,0,0,0,0,0,0,0,0,0,0,0,0,0,0,0,0,0,0,0,0,0,0,0,0,0,0,2026-08-28 11:56:28.126859+00,2026-08-28 11:56:28.126859+00
10,16384,t,-3793607430723964735,"FETCH 50 IN ""query-cursor_108""",0,0,0,0,0,0,27,0.49591999999999997,0.011233,0.030579,0.018367407407407405,0.005505019367942915,1350,0,0,0,0,0,0,0,0,0,0,0,0,0,0,0,0,0,0,0,0,0,0,0,0,0,0,0,0,0,2026-08-28 13:38:28.938999+00,2026-08-28 13:38:28.938999+00
10,16384,t,-5759671193695031846,"DECLARE ""query-cursor_169"" SCROLL CURSOR FOR select queryid, left(query, $1), calls, (total_plan_time + total_exec_time) as total_time from aurora_stat_statements($2) order by calls desc limit $3 FOR READ ONLY",0,0,0,0,0,0,1,0.06434,0.06434,0.06434,0.06434,0,0,0,0,0,0,0,0,0,0,0,0,0,0,0,0,0,0,0,0,0,0,0,0,0,0,0,0,0,0,0,2026-08-28 14:42:28.137111+00,2026-08-28 14:42:28.137111+00
10,16384,t,5503068758878623602,"FETCH 0 IN ""query-cursor_140""",0,0,0,0,0,0,1,0.003339,0.003339,0.003339,0.003339,0,0,0,0,0,0,0,0,0,0,0,0,0,0,0,0,0,0,0,0,0,0,0,0,0,0,0,0,0,0,0,2026-08-28 14:13:28.135183+00,2026-08-28 14:13:28.135183+00
10,16384,t,-6913952412451803830,select $1 from rds_get_stat_connections_counters() limit $2,0,0,0,0,0,0,507,23.016213000000008,0.015444999999999999,0.257395,0.045396869822485225,0.028673739050478375,507,0,0,0,0,0,0,0,0,0,0,0,0,0,0,0,0,0,0,0,0,0,0,0,0,0,0,0,0,0,2026-08-28 11:50:08.127176+00,2026-08-28 11:50:08.127176+00
10,16384,t,915890514910167101,"FETCH 50 IN ""query-cursor_89""",0,0,0,0,0,0,13,0.04137899999999999,0.002786,0.005273,0.003182999999999999,0.0006276962763826274,650,0,0,0,0,0,0,0,0,0,0,0,0,0,0,0,0,0,0,0,0,0,0,0,0,0,0,0,0,0,2026-08-28 13:17:28.13311+00,2026-08-28 13:17:28.13311+00
16410,16412,t,2037256745584830415,"SELECT RES_ENT_ID,LIB_FEAT_ID,FTYPE_ID,UTYPE_CODE,SUPPRESSED,OBS_ENT_CNT FROM RES_FEAT_EKEY WHERE RES_ENT_ID IN ($1) AND FTYPE_ID IN ($2,$3,$4,$5,$6,$7)",0,0,0,0,0,0,1512,85.48098099999983,0.01337,9.084013,0.05653504034391523,0.27049299546277794,17574,6661,0,0,0,0,0,0,0,0,0,0,0,0,0,0,0,0,0,0,0,0,0,0,0,0,0,0,0,0,2026-08-28 13:27:27.05338+00,2026-08-28 13:27:27.05338+00
10,16384,t,1797294534667477766,"FETCH 50 IN ""query-cursor_63""",0,0,0,0,0,0,10,0.031999999999999994,0.002733,0.004927,0.0031999999999999993,0.0006612114639054587,500,0,0,0,0,0,0,0,0,0,0,0,0,0,0,0,0,0,0,0,0,0,0,0,0,0,0,0,0,0,2026-08-28 12:51:28.130771+00,2026-08-28 12:51:28.130771+00
10,16384,t,-3571059518367663955,"MOVE -648 IN ""query-cursor_83""",0,0,0,0,0,0,1,0.013502,0.013502,0.013502,0.013502,0,0,0,0,0,0,0,0,0,0,0,0,0,0,0,0,0,0,0,0,0,0,0,0,0,0,0,0,0,0,0,2026-08-28 13:11:28.132576+00,2026-08-28 13:11:28.132576+00
16410,16412,t,-4883886453716259564,"UPDATE RES_ENT SET LAST_TOUCH_DT=$1,LOCKING_ID=$2 WHERE RES_ENT_ID IN ($3,$4) AND LAST_TOUCH_DT=$5",0,0,0,0,0,0,13,0.937642,0.045485000000000005,0.119863,0.07212630769230768,0.0183183867797636,26,233,0,0,0,0,0,0,0,0,0,0,0,0,0,0,0,0,0,0,0,0,0,0,0,0,0,0,0,0,2026-08-28 13:32:25.286725+00,2026-08-28 13:32:25.286725+00
16410,16412,t,2103733769408878190,select $1,0,0,0,0,0,0,2541,5.949329999999998,0.000674,0.028308,0.002341334120425029,0.001609687742583412,2541,0,0,0,0,0,0,0,0,0,0,0,0,0,0,0,0,0,0,0,0,0,0,0,0,0,0,0,0,0,2026-08-28 11:54:54.676915+00,2026-08-28 11:54:54.676915+00
16410,16412,t,-6867756331512440887,"INSERT INTO RES_REL_EKEY(RES_REL_ID,RES_ENT_ID,REL_ENT_ID) VALUES ($1,$2,$3),($4,$5,$6),($7,$8,$9),($10,$11,$12),($13,$14,$15),($16,$17,$18),($19,$20,$21),($22,$23,$24),($25,$26,$27),($28,$29,$30) ON CONFLICT DO NOTHING",0,0,0,0,0,0,5055,11631.546223999972,0.103723,70.232482,2.3009982638971263,7.263104855179082,50550,401555,0,0,550,0,0,0,0,0,0,0,38.6582290000001,0,0,0,0,0,0,0,0,0,0,0,0,0,0,0,0,0,2026-08-28 13:27:29.327163+00,2026-08-28 13:27:29.327163+00
10,16384,t,4319642935074527666,"DECLARE ""query-cursor_164"" SCROLL CURSOR FOR select queryid, left(query, $1), calls, (total_plan_time + total_exec_time) as total_time from aurora_stat_statements($2) order by calls desc limit $3 FOR READ ONLY",0,0,0,0,0,0,1,0.073922,0.073922,0.073922,0.073922,0,0,0,0,0,0,0,0,0,0,0,0,0,0,0,0,0,0,0,0,0,0,0,0,0,0,0,0,0,0,0,2026-08-28 14:37:28.136805+00,2026-08-28 14:37:28.136805+00
10,16384,t,2807061370461494932,"MOVE -592 IN ""query-cursor_74""",0,0,0,0,0,0,1,0.012902,0.012902,0.012902,0.012902,0,0,0,0,0,0,0,0,0,0,0,0,0,0,0,0,0,0,0,0,0,0,0,0,0,0,0,0,0,0,0,2026-08-28 13:02:28.131803+00,2026-08-28 13:02:28.131803+00
10,16384,t,6415313514237097313,"DECLARE ""query-cursor_35"" SCROLL CURSOR FOR select queryid, left(query, $1), calls, (total_plan_time + total_exec_time) as total_time from aurora_stat_statements($2) order by calls desc limit $3 FOR READ ONLY",0,0,0,0,0,0,1,0.070679,0.070679,0.070679,0.070679,0,0,0,0,0,0,0,0,0,0,0,0,0,0,0,0,0,0,0,0,0,0,0,0,0,0,0,0,0,0,0,2026-08-28 12:23:28.127692+00,2026-08-28 12:23:28.127692+00
10,16384,t,6780704442005663485,"FETCH 9 IN ""query-cursor_145""",0,0,0,0,0,0,1,0.002263,0.002263,0.002263,0.002263,0,9,0,0,0,0,0,0,0,0,0,0,0,0,0,0,0,0,0,0,0,0,0,0,0,0,0,0,0,0,0,2026-08-28 14:18:28.151165+00,2026-08-28 14:18:28.151165+00
10,16384,t,4300018187009206622,"MOVE -326 IN ""query-cursor_33""",0,0,0,0,0,0,1,0.008272,0.008272,0.008272,0.008272,0,0,0,0,0,0,0,0,0,0,0,0,0,0,0,0,0,0,0,0,0,0,0,0,0,0,0,0,0,0,0,2026-08-28 12:21:28.128331+00,2026-08-28 12:21:28.128331+00
16410,16412,t,4975769408314547698,"INSERT INTO RES_FEAT_STAT(LIB_FEAT_ID,FTYPE_ID,NUM_RES_ENT,NUM_RES_ENT_OOM) VALUES ($1,$2,$3,$4),($5,$6,$7,$8),($9,$10,$11,$12),($13,$14,$15,$16),($17,$18,$19,$20),($21,$22,$23,$24),($25,$26,$27,$28),($29,$30,$31,$32),($33,$34,$35,$36),($37,$38,$39,$40),($41,$42,$43,$44),($45,$46,$47,$48),($49,$50,$51,$52),($53,$54,$55,$56) ON CONFLICT DO NOTHING",0,0,0,0,0,0,26419,113374.55990199941,0.12263000000000002,2509.696308,4.291402396078557,22.85508058741079,369671,3086133,0,0,3315,0,0,0,0,0,0,0,187.13485000000003,0,0,0,0,0,0,0,0,0,0,0,0,0,0,0,0,0,2026-08-28 13:27:22.178192+00,2026-08-28 13:27:22.178192+00
10,16384,t,4922048638912832000,"FETCH 50 IN ""query-cursor_88""",0,0,0,0,0,0,13,0.041578,0.002656,0.00598,0.003198307692307692,0.0008501931350369194,650,0,0,0,0,0,0,0,0,0,0,0,0,0,0,0,0,0,0,0,0,0,0,0,0,0,0,0,0,0,2026-08-28 13:16:28.132976+00,2026-08-28 13:16:28.132976+00
16410,16412,t,-6472986998365023088,"CREATE TABLE IF NOT EXISTS perf.snap_table (
  label         text        NOT NULL,
  captured_at   timestamptz NOT NULL DEFAULT now(),
  relid         oid,
  relname       text,
  n_tup_ins     numeric,
  n_tup_upd     numeric,
  n_tup_del     numeric,
  n_tup_hot_upd numeric,
  seq_scan      numeric,
  idx_scan      numeric,
  heap_blks_read numeric,
  heap_blks_hit  numeric,
  idx_blks_read  numeric,
  idx_blks_hit   numeric
)",0,0,0,0,0,0,1,3.470907,3.470907,3.470907,3.470907,0,0,304,0,0,1,0,0,0,0,0,0,0,0.003761,0,0,0,0,0,0,0,0,0,0,0,0,0,0,0,0,0,2026-08-28 13:26:32.362489+00,2026-08-28 13:26:32.362489+00
16410,16412,t,-6143342563555317502,"SELECT RES_ENT_ID,LIB_FEAT_ID,FTYPE_ID,UTYPE_CODE,SUPPRESSED,OBS_ENT_CNT FROM RES_FEAT_EKEY WHERE RES_ENT_ID IN ($1) AND FTYPE_ID IN ($2,$3,$4,$5,$6,$7,$8,$9,$10,$11,$12,$13,$14,$15,$16,$17,$18,$19,$20,$21,$22,$23,$24,$25,$26,$27,$28,$29,$30,$31,$32,$33,$34,$35,$36,$37,$38,$39,$40,$41,$42,$43,$44,$45,$46,$47,$48,$49,$50,$51,$52,$53,$54,$55,$56,$57,$58,$59,$60,$61,$62,$63)",0,0,0,0,0,0,1008,93.66983899999993,0.0060349999999999996,12.79349,0.092926427579365,0.5430980967231761,6087,5797,0,0,0,0,0,0,0,0,0,0,0,0,0,0,0,0,0,0,0,0,0,0,0,0,0,0,0,0,2026-08-28 13:27:31.483483+00,2026-08-28 13:27:31.483483+00
10,16384,t,4133146271492023938,"DECLARE ""query-cursor_107"" SCROLL CURSOR FOR select queryid, left(query, $1), calls, (total_plan_time + total_exec_time) as total_time from aurora_stat_statements($2) order by calls desc limit $3 FOR READ ONLY",0,0,0,0,0,0,1,0.074902,0.074902,0.074902,0.074902,0,0,0,0,0,0,0,0,0,0,0,0,0,0,0,0,0,0,0,0,0,0,0,0,0,0,0,0,0,0,0,2026-08-28 13:36:28.307506+00,2026-08-28 13:36:28.307506+00
10,16384,t,2447666364080423637,"FETCH 50 IN ""query-cursor_125""",0,0,0,0,0,0,30,0.125066,0.002989,0.006235,0.004168866666666667,0.0009133140289930702,1500,0,0,0,0,0,0,0,0,0,0,0,0,0,0,0,0,0,0,0,0,0,0,0,0,0,0,0,0,0,2026-08-28 13:58:28.138615+00,2026-08-28 13:58:28.138615+00
10,16384,t,-2655167299447889914,"MOVE -224 IN ""query-cursor_16""",0,0,0,0,0,0,1,0.006591,0.006591,0.006591,0.006591,0,0,0,0,0,0,0,0,0,0,0,0,0,0,0,0,0,0,0,0,0,0,0,0,0,0,0,0,0,0,0,2026-08-28 12:04:28.126952+00,2026-08-28 12:04:28.126952+00
10,16384,t,6206496621779626452,"FETCH 50 IN ""query-cursor_61""",0,0,0,0,0,0,10,0.034326999999999996,0.002893,0.006185,0.0034326999999999995,0.000960965769421575,500,0,0,0,0,0,0,0,0,0,0,0,0,0,0,0,0,0,0,0,0,0,0,0,0,0,0,0,0,0,2026-08-28 12:49:28.130839+00,2026-08-28 12:49:28.130839+00
16410,16412,t,-5620863203129778848,"UPDATE RES_FEAT_EKEY AS T SET SUPPRESSED = C.SUPPRESSED FROM (VALUES (CAST ($1 AS BIGINT),CAST ($2 AS BIGINT),$3,$4),(CAST ($5 AS BIGINT),CAST ($6 AS BIGINT),$7,$8),(CAST ($9 AS BIGINT),CAST ($10 AS BIGINT),$11,$12),(CAST ($13 AS BIGINT),CAST ($14 AS BIGINT),$15,$16),(CAST ($17 AS BIGINT),CAST ($18 AS BIGINT),$19,$20),(CAST ($21 AS BIGINT),CAST ($22 AS BIGINT),$23,$24),(CAST ($25 AS BIGINT),CAST ($26 AS BIGINT),$27,$28),(CAST ($29 AS BIGINT),CAST ($30 AS BIGINT),$31,$32),(CAST ($33 AS BIGINT),CAST ($34 AS BIGINT),$35,$36)) AS C(RES_ENT_ID,LIB_FEAT_ID,UTYPE_CODE,SUPPRESSED) WHERE C.RES_ENT_ID=T.RES_ENT_ID AND C.LIB_FEAT_ID=T.LIB_FEAT_ID AND C.UTYPE_CODE=T.UTYPE_CODE",0,0,0,0,0,0,359,894.7261090000007,0.080582,47.433524,2.4922732841225645,6.659960829587443,3231,38798,0,0,13,0,0,0,0,0,0,0,1.151989,0,0,0,0,0,0,0,0,0,0,0,0,0,0,0,0,0,2026-08-28 13:27:26.937658+00,2026-08-28 13:27:26.937658+00
10,16384,t,-754371567585342327,"MOVE ALL IN ""query-cursor_84""",0,0,0,0,0,0,1,1.409486,1.409486,1.409486,1.409486,0,0,0,0,0,0,0,0,0,0,0,0,0,0,0,0,0,0,0,0,0,0,0,0,0,0,0,0,0,0,0,2026-08-28 13:12:28.132579+00,2026-08-28 13:12:28.132579+00
10,16384,t,18195321338328301,"MOVE ALL IN ""query-cursor_15""",0,0,0,0,0,0,1,0.490919,0.490919,0.490919,0.490919,0,0,0,0,0,0,0,0,0,0,0,0,0,0,0,0,0,0,0,0,0,0,0,0,0,0,0,0,0,0,0,2026-08-28 12:03:28.12684+00,2026-08-28 12:03:28.12684+00
10,16384,t,5733201092801933488,SET password_encryption = $1,0,0,0,0,0,0,1,0.010458,0.010458,0.010458,0.010458,0,0,0,0,0,0,0,0,0,0,0,0,0,0,0,0,0,0,0,0,0,0,0,0,0,0,0,0,0,0,0,2026-08-28 11:49:42.779288+00,2026-08-28 11:49:42.779288+00
10,16384,t,-7435768304206566550,"FETCH 19 IN ""query-cursor_32""",0,0,0,0,0,0,1,0.002056,0.002056,0.002056,0.002056,0,19,0,0,0,0,0,0,0,0,0,0,0,0,0,0,0,0,0,0,0,0,0,0,0,0,0,0,0,0,0,2026-08-28 12:20:28.129215+00,2026-08-28 12:20:28.129215+00
16410,16412,t,4378565804226904539,"SELECT LIB_FEAT_ID,FEAT_DESC,FTYPE_ID,ANONYMIZED,FEAT_HASH,VERSION,FELEM_VALUES FROM LIB_FEAT WHERE LIB_FEAT_ID IN ($1,$2,$3,$4,$5,$6,$7,$8,$9,$10,$11,$12,$13,$14,$15,$16,$17,$18,$19,$20,$21,$22,$23,$24,$25,$26,$27,$28,$29,$30,$31,$32,$33,$34,$35,$36,$37,$38,$39,$40,$41,$42,$43,$44,$45,$46,$47,$48,$49,$50,$51,$52,$53,$54,$55,$56,$57,$58,$59,$60,$61,$62,$63,$64)",0,0,0,0,0,0,354808,76243.87517599955,0.024464000000000003,64.280957,0.21488770032242663,0.6841742837820799,16374276,19486697,0,0,0,0,0,0,0,0,0,0,0,0,0,0,0,0,0,0,0,0,0,0,0,0,0,0,0,0,2026-08-28 13:27:23.19775+00,2026-08-28 13:27:23.19775+00
10,16384,t,1588543583284508676,"DECLARE ""query-cursor_62"" SCROLL CURSOR FOR select queryid, left(query, $1), calls, (total_plan_time + total_exec_time) as total_time from aurora_stat_statements($2) order by calls desc limit $3 FOR READ ONLY",0,0,0,0,0,0,1,0.068144,0.068144,0.068144,0.068144,0,0,0,0,0,0,0,0,0,0,0,0,0,0,0,0,0,0,0,0,0,0,0,0,0,0,0,0,0,0,0,2026-08-28 12:50:28.129593+00,2026-08-28 12:50:28.129593+00
10,16384,t,-4254120391193456896,"MOVE -1726 IN ""query-cursor_156""",0,0,0,0,0,0,1,0.033052,0.033052,0.033052,0.033052,0,0,0,0,0,0,0,0,0,0,0,0,0,0,0,0,0,0,0,0,0,0,0,0,0,0,0,0,0,0,0,2026-08-28 14:29:28.141319+00,2026-08-28 14:29:28.141319+00
10,16384,t,329205172810783684,"MOVE -428 IN ""query-cursor_50""",0,0,0,0,0,0,1,0.01068,0.01068,0.01068,0.01068,0,0,0,0,0,0,0,0,0,0,0,0,0,0,0,0,0,0,0,0,0,0,0,0,0,0,0,0,0,0,0,2026-08-28 12:38:28.129695+00,2026-08-28 12:38:28.129695+00
16410,16412,t,-8120064245532469006,"INSERT INTO RES_FEAT_STAT(LIB_FEAT_ID,FTYPE_ID,NUM_RES_ENT,NUM_RES_ENT_OOM) VALUES ($1,$2,$3,$4),($5,$6,$7,$8),($9,$10,$11,$12),($13,$14,$15,$16),($17,$18,$19,$20),($21,$22,$23,$24),($25,$26,$27,$28) ON CONFLICT DO NOTHING",0,0,0,0,0,0,130336,267130.1855169984,0.06651900000000001,536.746063,2.0495502817103364,10.545780519749643,912147,7868038,1,0,13061,0,0,0,0,0,0,0,381.17427599999814,0,0,0,0,0,0,0,0,0,0,0,0,0,0,0,0,0,2026-08-28 13:27:22.62793+00,2026-08-28 13:27:22.62793+00
10,16384,t,-6084185900546482648,"FETCH 0 IN ""query-cursor_97""",0,0,0,0,0,0,1,0.003491,0.003491,0.003491,0.003491,0,0,0,0,0,0,0,0,0,0,0,0,0,0,0,0,0,0,0,0,0,0,0,0,0,0,0,0,0,0,0,2026-08-28 13:25:28.131998+00,2026-08-28 13:25:28.131998+00
10,16384,t,7012584475552679638,"FETCH 41 IN ""query-cursor_44""",0,0,0,0,0,0,1,0.003028,0.003028,0.003028,0.003028,0,41,0,0,0,0,0,0,0,0,0,0,0,0,0,0,0,0,0,0,0,0,0,0,0,0,0,0,0,0,0,2026-08-28 12:32:28.130562+00,2026-08-28 12:32:28.130562+00
16410,16412,t,-5587554776601588073,"SELECT RES_ENT_ID,LIB_FEAT_ID,FTYPE_ID,UTYPE_CODE,SUPPRESSED,OBS_ENT_CNT FROM RES_FEAT_EKEY WHERE RES_ENT_ID IN ($1,$2,$3,$4) AND FTYPE_ID IN ($5,$6,$7,$8,$9,$10,$11,$12,$13,$14,$15,$16,$17,$18,$19)",0,0,0,0,0,0,8598,3386.901494000003,0.038542,34.972647,0.3939173638055365,1.4168136536143658,1777151,146357,0,0,0,0,0,0,0,0,0,0,0,0,0,0,0,0,0,0,0,0,0,0,0,0,0,0,0,0,2026-08-28 13:27:23.235275+00,2026-08-28 13:27:23.235275+00
10,16384,t,-8873471935380368098,"MOVE -254 IN ""query-cursor_21""",0,0,0,0,0,0,1,0.006973,0.006973,0.006973,0.006973,0,0,0,0,0,0,0,0,0,0,0,0,0,0,0,0,0,0,0,0,0,0,0,0,0,0,0,0,0,0,0,2026-08-28 12:09:28.127366+00,2026-08-28 12:09:28.127366+00
16410,16412,t,6621315299942019125,"SELECT RES_ENT_ID,LIB_FEAT_ID,FTYPE_ID,UTYPE_CODE,SUPPRESSED,OBS_ENT_CNT FROM RES_FEAT_EKEY WHERE RES_ENT_ID IN ($1,$2,$3,$4,$5,$6,$7,$8,$9,$10,$11,$12,$13,$14,$15,$16,$17,$18,$19,$20,$21,$22,$23,$24,$25,$26,$27,$28,$29,$30,$31,$32) AND FTYPE_ID IN ($33,$34,$35,$36,$37,$38,$39,$40,$41,$42,$43)",0,0,0,0,0,0,2346,10921.60939599999,0.255256,226.0156,4.655417474850806,11.059519504828684,6609620,388285,0,0,0,0,0,0,0,0,0,0,0,0,0,0,0,0,0,0,0,0,0,0,0,0,0,0,0,0,2026-08-28 13:27:31.395417+00,2026-08-28 13:27:31.395417+00
16410,16412,t,-7317635792883442355,"SELECT LIB_FEAT_ID,FEAT_DESC,FTYPE_ID,ANONYMIZED,FEAT_HASH,VERSION,FELEM_VALUES FROM LIB_FEAT WHERE LIB_FEAT_ID IN ($1,$2,$3,$4,$5,$6,$7,$8,$9,$10,$11,$12,$13,$14,$15,$16,$17,$18,$19,$20,$21,$22,$23,$24,$25,$26,$27,$28,$29,$30,$31,$32,$33,$34,$35,$36,$37,$38,$39,$40,$41,$42,$43,$44,$45,$46,$47,$48,$49,$50,$51,$52,$53,$54,$55,$56,$57,$58,$59,$60,$61,$62,$63,$64,$65,$66,$67,$68,$69,$70,$71,$72,$73,$74,$75,$76,$77,$78,$79,$80,$81,$82,$83,$84,$85,$86,$87,$88,$89,$90,$91,$92,$93,$94,$95,$96,$97,$98,$99,$100)",0,0,0,0,0,0,1019124,280735.2714369958,0.048053000000000005,66.28630100000001,0.2754672360154366,0.7300647116629929,98349741,70342565,0,0,0,0,0,0,0,0,0,0,0,0,0,0,0,0,0,0,0,0,0,0,0,0,0,0,0,0,2026-08-28 13:27:23.315381+00,2026-08-28 13:27:23.315381+00
16410,16412,t,-3705340874889185282,DELETE FROM perf.snap_table     WHERE label = $1,0,0,0,0,0,0,1,0.005503,0.005503,0.005503,0.005503,0,0,1,0,0,0,0,0,0,0,0,0,0,0,0,0,0,0,0,0,0,0,0,0,0,0,0,0,0,0,0,2026-08-28 14:43:54.827076+00,2026-08-28 14:43:54.827076+00
16410,16412,t,9066311381532448598,"SELECT LIB_FEAT_ID,NUM_RES_ENT,NUM_RES_ENT_OOM,CANDIDATE_CAP_REACHED,SCORING_CAP_REACHED FROM RES_FEAT_STAT WHERE LIB_FEAT_ID IN ($1)",0,0,0,0,0,0,8759813,254361.9786720006,0.0048130000000000004,163.895648,0.029037375417945634,0.24390642929822848,8759655,63549622,0,0,0,0,0,0,0,0,0,0,0,0,0,0,0,0,0,0,0,0,0,0,0,0,0,0,0,0,2026-08-28 13:27:22.621857+00,2026-08-28 13:27:22.621857+00
16410,16412,t,1623369012368112450,SET application_name TO $1,0,0,0,0,0,0,3057,25.343358999999964,0.002337,0.392403,0.008290271180896291,0.008053626890801144,0,0,0,0,0,0,0,0,0,0,0,0,0,0,0,0,0,0,0,0,0,0,0,0,0,0,0,0,0,0,2026-08-28 11:53:35.158457+00,2026-08-28 11:53:35.158457+00
10,16384,t,9140444020794069242,"MOVE -260 IN ""query-cursor_22""",0,0,0,0,0,0,1,0.008107,0.008107,0.008107,0.008107,0,0,0,0,0,0,0,0,0,0,0,0,0,0,0,0,0,0,0,0,0,0,0,0,0,0,0,0,0,0,0,2026-08-28 12:10:28.127465+00,2026-08-28 12:10:28.127465+00
16410,16412,t,4958528027454943008,"SELECT RES_ENT_ID,LIB_FEAT_ID,FTYPE_ID,UTYPE_CODE,SUPPRESSED,OBS_ENT_CNT FROM RES_FEAT_EKEY WHERE RES_ENT_ID IN ($1) AND FTYPE_ID IN ($2,$3,$4,$5,$6,$7,$8,$9,$10,$11)",0,0,0,0,0,0,24001,1859.3099330000196,0.014206,26.406239000000003,0.07746801937419355,0.508208029972725,522704,106880,0,0,0,0,0,0,0,0,0,0,0,0,0,0,0,0,0,0,0,0,0,0,0,0,0,0,0,0,2026-08-28 13:27:22.831242+00,2026-08-28 13:27:22.831242+00
10,16384,t,-2106796099080024611,"FETCH 27 IN ""query-cursor_50""",0,0,0,0,0,0,1,0.002327,0.002327,0.002327,0.002327,0,27,0,0,0,0,0,0,0,0,0,0,0,0,0,0,0,0,0,0,0,0,0,0,0,0,0,0,0,0,0,2026-08-28 12:38:28.131159+00,2026-08-28 12:38:28.131159+00
16410,16412,t,6208157416651455230,"SELECT RES_ENT_ID,LIB_FEAT_ID,FTYPE_ID,UTYPE_CODE,SUPPRESSED,OBS_ENT_CNT FROM RES_FEAT_EKEY WHERE RES_ENT_ID IN ($1,$2) AND FTYPE_ID IN ($3,$4,$5,$6,$7,$8)",0,0,0,0,0,0,826,140.61161300000003,0.025733,15.922321,0.17023197699757872,1.0091274332008855,20276,7142,0,0,0,0,0,0,0,0,0,0,0,0,0,0,0,0,0,0,0,0,0,0,0,0,0,0,0,0,2026-08-28 13:27:44.595247+00,2026-08-28 13:27:44.595247+00
16410,16412,t,2261006418131637749,"SELECT RES_ENT_ID,LIB_FEAT_ID,FTYPE_ID,UTYPE_CODE,SUPPRESSED,OBS_ENT_CNT FROM RES_FEAT_EKEY WHERE RES_ENT_ID IN ($1) AND FTYPE_ID IN ($2,$3,$4,$5,$6,$7,$8,$9,$10,$11,$12,$13,$14,$15,$16,$17,$18,$19,$20,$21,$22,$23,$24,$25,$26,$27,$28,$29,$30,$31,$32,$33,$34,$35,$36,$37,$38,$39,$40,$41,$42,$43,$44,$45,$46,$47,$48,$49,$50,$51,$52,$53,$54,$55,$56,$57,$58,$59,$60,$61,$62,$63,$64,$65,$66,$67,$68,$69,$70)",0,0,0,0,0,0,2,0.036881,0.017737,0.019143999999999998,0.0184405,0.0007034999999999993,0,8,0,0,0,0,0,0,0,0,0,0,0,0,0,0,0,0,0,0,0,0,0,0,0,0,0,0,0,0,2026-08-28 13:43:59.728275+00,2026-08-28 13:43:59.728275+00
10,16384,t,-171025288181611056,"FETCH 0 IN ""query-cursor_96""",0,0,0,0,0,0,1,0.003669,0.003669,0.003669,0.003669,0,0,0,0,0,0,0,0,0,0,0,0,0,0,0,0,0,0,0,0,0,0,0,0,0,0,0,0,0,0,0,2026-08-28 13:24:28.132067+00,2026-08-28 13:24:28.132067+00
10,16384,t,-2071229969732990453,"FETCH 50 IN ""query-cursor_145""",0,0,0,0,0,0,33,0.14536399999999997,0.002841,0.016365,0.004404969696969696,0.002379043269440387,1650,0,0,0,0,0,0,0,0,0,0,0,0,0,0,0,0,0,0,0,0,0,0,0,0,0,0,0,0,0,2026-08-28 14:18:28.140114+00,2026-08-28 14:18:28.140114+00
16410,16412,t,-4838078204972711030,"SELECT RES_ENT_ID,LIB_FEAT_ID,FTYPE_ID,UTYPE_CODE,SUPPRESSED,OBS_ENT_CNT FROM RES_FEAT_EKEY WHERE RES_ENT_ID IN ($1,$2,$3,$4,$5,$6,$7,$8,$9,$10,$11,$12,$13,$14,$15,$16,$17,$18,$19,$20,$21,$22,$23,$24,$25,$26,$27,$28,$29,$30,$31,$32,$33,$34,$35,$36,$37,$38,$39,$40,$41,$42,$43,$44,$45,$46,$47,$48,$49,$50,$51,$52,$53,$54,$55,$56,$57,$58,$59,$60,$61,$62,$63,$64,$65,$66,$67,$68,$69,$70,$71,$72,$73,$74,$75,$76,$77,$78,$79,$80,$81,$82,$83,$84,$85,$86,$87,$88,$89,$90,$91,$92,$93,$94,$95,$96,$97,$98,$99,$100)",0,0,0,0,0,0,5261,956053.4511340003,2.048145,5087.063129,181.72466282721922,279.9167308296797,517189133,7494093,0,0,0,0,0,0,0,0,0,0,0,0,0,0,0,0,0,0,0,0,0,0,0,0,0,0,0,0,2026-08-28 13:27:51.071376+00,2026-08-28 13:27:51.071376+00
10,16384,t,8376787097291167520,"FETCH 49 IN ""query-cursor_37""",0,0,0,0,0,0,1,0.003459,0.003459,0.003459,0.003459,0,49,0,0,0,0,0,0,0,0,0,0,0,0,0,0,0,0,0,0,0,0,0,0,0,0,0,0,0,0,0,2026-08-28 12:25:28.129641+00,2026-08-28 12:25:28.129641+00
10,16384,t,1761846946532074262,"MOVE ALL IN ""query-cursor_139""",0,0,0,0,0,0,1,4.561971,4.561971,4.561971,4.561971,0,0,0,0,0,0,0,0,0,0,0,0,0,0,0,0,0,0,0,0,0,0,0,0,0,0,0,0,0,0,0,2026-08-28 14:12:28.139873+00,2026-08-28 14:12:28.139873+00
10,16384,t,-5107647892144310169,"FETCH 17 IN ""query-cursor_70""",0,0,0,0,0,0,1,0.001847,0.001847,0.001847,0.001847,0,17,0,0,0,0,0,0,0,0,0,0,0,0,0,0,0,0,0,0,0,0,0,0,0,0,0,0,0,0,0,2026-08-28 12:58:28.133354+00,2026-08-28 12:58:28.133354+00
10,16384,t,-5436066705269380205,"FETCH 33 IN ""query-cursor_89""",0,0,0,0,0,0,1,0.002536,0.002536,0.002536,0.002536,0,33,0,0,0,0,0,0,0,0,0,0,0,0,0,0,0,0,0,0,0,0,0,0,0,0,0,0,0,0,0,2026-08-28 13:17:28.135415+00,2026-08-28 13:17:28.135415+00
16410,16412,t,-740985576836762847,"INSERT INTO RES_FEAT_STAT(LIB_FEAT_ID,FTYPE_ID,NUM_RES_ENT,NUM_RES_ENT_OOM) VALUES ($1,$2,$3,$4),($5,$6,$7,$8),($9,$10,$11,$12),($13,$14,$15,$16),($17,$18,$19,$20),($21,$22,$23,$24),($25,$26,$27,$28),($29,$30,$31,$32),($33,$34,$35,$36),($37,$38,$39,$40),($41,$42,$43,$44),($45,$46,$47,$48),($49,$50,$51,$52),($53,$54,$55,$56),($57,$58,$59,$60) ON CONFLICT DO NOTHING",0,0,0,0,0,0,25722,118754.00438099886,0.137903,3314.175542,4.616826233613205,26.250571284725822,385670,3209899,0,0,3151,0,0,0,0,0,0,0,192.71059000000017,0,0,0,0,0,0,0,0,0,0,0,0,0,0,0,0,0,2026-08-28 13:27:22.388099+00,2026-08-28 13:27:22.388099+00
10,16384,t,-3647770880171174499,"FETCH 26 IN ""query-cursor_115""",0,0,0,0,0,0,1,0.002571,0.002571,0.002571,0.002571,0,26,0,0,0,0,0,0,0,0,0,0,0,0,0,0,0,0,0,0,0,0,0,0,0,0,0,0,0,0,0,2026-08-28 13:48:28.147857+00,2026-08-28 13:48:28.147857+00
10,16384,t,-1870337508018421299,"DECLARE ""query-cursor_65"" SCROLL CURSOR FOR select queryid, left(query, $1), calls, (total_plan_time + total_exec_time) as total_time from aurora_stat_statements($2) order by calls desc limit $3 FOR READ ONLY",0,0,0,0,0,0,1,0.065036,0.065036,0.065036,0.065036,0,0,0,0,0,0,0,0,0,0,0,0,0,0,0,0,0,0,0,0,0,0,0,0,0,0,0,0,0,0,0,2026-08-28 12:53:28.129742+00,2026-08-28 12:53:28.129742+00
10,16384,t,6489775021009309554,"FETCH 50 IN ""query-cursor_67""",0,0,0,0,0,0,10,0.032754,0.002795,0.005759,0.0032754,0.0008412803575503237,500,0,0,0,0,0,0,0,0,0,0,0,0,0,0,0,0,0,0,0,0,0,0,0,0,0,0,0,0,0,2026-08-28 12:55:28.131268+00,2026-08-28 12:55:28.131268+00
10,16384,t,851739641262664012,"FETCH 0 IN ""query-cursor_75""",0,0,0,0,0,0,1,0.003674,0.003674,0.003674,0.003674,0,0,0,0,0,0,0,0,0,0,0,0,0,0,0,0,0,0,0,0,0,0,0,0,0,0,0,0,0,0,0,2026-08-28 13:03:28.130531+00,2026-08-28 13:03:28.130531+00
16410,16412,t,3370682044401724355,"INSERT INTO RES_RELATE(RES_REL_ID,MIN_RES_ENT_ID,MAX_RES_ENT_ID,IS_DISCLOSED,IS_AMBIGUOUS,LAST_ERRULE_ID,MATCH_KEY,MATCH_KEY_DETAILS,MATCH_LEVELS) VALUES ($1,$2,$3,$4,$5,$6,$7,$8,$9),($10,$11,$12,$13,$14,$15,$16,$17,$18),($19,$20,$21,$22,$23,$24,$25,$26,$27),($28,$29,$30,$31,$32,$33,$34,$35,$36),($37,$38,$39,$40,$41,$42,$43,$44,$45),($46,$47,$48,$49,$50,$51,$52,$53,$54),($55,$56,$57,$58,$59,$60,$61,$62,$63) ON CONFLICT DO NOTHING",0,0,0,0,0,0,3080,5380.927998999989,0.083151,158.954624,1.7470545451298665,6.037967333403386,21560,175940,0,0,939,0,0,0,0,0,0,0,105.00458199999994,0,0,0,0,0,0,0,0,0,0,0,0,0,0,0,0,0,2026-08-28 13:27:31.392756+00,2026-08-28 13:27:31.392756+00
16410,16412,t,2325245462931538889,"SELECT RES_ENT_ID,LIB_FEAT_ID,FTYPE_ID,UTYPE_CODE,SUPPRESSED,OBS_ENT_CNT FROM RES_FEAT_EKEY WHERE RES_ENT_ID IN ($1,$2) AND FTYPE_ID IN ($3,$4,$5,$6,$7,$8,$9,$10,$11,$12,$13,$14,$15,$16,$17,$18,$19,$20,$21,$22,$23,$24,$25,$26,$27)",0,0,0,0,0,0,4,3.771921,0.243134,1.473614,0.94298025,0.5122963802723844,5857,89,0,0,0,0,0,0,0,0,0,0,0,0,0,0,0,0,0,0,0,0,0,0,0,0,0,0,0,0,2026-08-28 13:27:42.388656+00,2026-08-28 13:27:42.388656+00
10,16384,t,-9076829213479046180,"FETCH 50 IN ""query-cursor_148""",0,0,0,0,0,0,33,0.13674200000000003,0.002822,0.006487,0.004143696969696971,0.0010561471283194802,1650,0,0,0,0,0,0,0,0,0,0,0,0,0,0,0,0,0,0,0,0,0,0,0,0,0,0,0,0,0,2026-08-28 14:21:28.140502+00,2026-08-28 14:21:28.140502+00
10,16384,t,3242592843459942498,"FETCH 47 IN ""query-cursor_20""",0,0,0,0,0,0,1,0.003178,0.003178,0.003178,0.003178,0,47,0,0,0,0,0,0,0,0,0,0,0,0,0,0,0,0,0,0,0,0,0,0,0,0,0,0,0,0,0,2026-08-28 12:08:28.128128+00,2026-08-28 12:08:28.128128+00
16410,16412,t,290935339640536745,"SELECT RES_ENT_ID,LIB_FEAT_ID,FTYPE_ID,UTYPE_CODE,SUPPRESSED,OBS_ENT_CNT FROM RES_FEAT_EKEY WHERE RES_ENT_ID IN ($1,$2,$3,$4,$5,$6,$7,$8,$9,$10,$11,$12,$13,$14,$15,$16,$17,$18,$19,$20,$21,$22,$23,$24,$25,$26,$27,$28,$29,$30,$31,$32) AND FTYPE_ID IN ($33,$34,$35,$36,$37,$38,$39,$40,$41,$42,$43,$44,$45,$46,$47,$48,$49,$50,$51,$52)",0,0,0,0,0,0,278,4540.325860000002,0.796879,221.024062,16.33210741007195,31.1327505238072,3862206,67016,0,0,0,0,0,0,0,0,0,0,0,0,0,0,0,0,0,0,0,0,0,0,0,0,0,0,0,0,2026-08-28 13:27:25.572863+00,2026-08-28 13:27:25.572863+00
10,16384,t,4028366671455515481,"DECLARE ""query-cursor_122"" SCROLL CURSOR FOR select queryid, left(query, $1), calls, (total_plan_time + total_exec_time) as total_time from aurora_stat_statements($2) order by calls desc limit $3 FOR READ ONLY",0,0,0,0,0,0,1,0.067039,0.067039,0.067039,0.067039,0,0,0,0,0,0,0,0,0,0,0,0,0,0,0,0,0,0,0,0,0,0,0,0,0,0,0,0,0,0,0,2026-08-28 13:55:28.133946+00,2026-08-28 13:55:28.133946+00
16410,16412,t,3064857806590690693,"SELECT RES_ENT_ID,LIB_FEAT_ID,FTYPE_ID,UTYPE_CODE,SUPPRESSED,OBS_ENT_CNT FROM RES_FEAT_EKEY WHERE RES_ENT_ID IN ($1,$2,$3,$4,$5,$6,$7,$8,$9,$10,$11,$12,$13,$14,$15,$16,$17,$18,$19,$20,$21,$22,$23,$24,$25,$26,$27,$28,$29,$30,$31,$32,$33,$34,$35,$36,$37,$38,$39,$40,$41,$42,$43,$44,$45,$46,$47,$48,$49,$50,$51,$52,$53,$54,$55,$56,$57,$58,$59,$60,$61,$62,$63,$64) AND FTYPE_ID IN ($65,$66,$67,$68,$69,$70,$71,$72,$73,$74,$75,$76)",0,0,0,0,0,0,886,21152.747142,0.977031,755.167539,23.874432440180588,37.59339989061101,16971392,443285,0,0,0,0,0,0,0,0,0,0,0,0,0,0,0,0,0,0,0,0,0,0,0,0,0,0,0,0,2026-08-28 13:27:29.347876+00,2026-08-28 13:27:29.347876+00
10,16384,t,-4668151280079599417,"FETCH 17 IN ""query-cursor_163""",0,0,0,0,0,0,1,0.003021,0.003021,0.003021,0.003021,0,17,0,0,0,0,0,0,0,0,0,0,0,0,0,0,0,0,0,0,0,0,0,0,0,0,0,0,0,0,0,2026-08-28 14:36:28.153445+00,2026-08-28 14:36:28.153445+00
10,16384,t,1599726848986770025,"FETCH 23 IN ""query-cursor_16""",0,0,0,0,0,0,1,0.002429,0.002429,0.002429,0.002429,0,23,0,0,0,0,0,0,0,0,0,0,0,0,0,0,0,0,0,0,0,0,0,0,0,0,0,0,0,0,0,2026-08-28 12:04:28.127776+00,2026-08-28 12:04:28.127776+00
16410,16412,t,-8910961083236723782,DELETE FROM RES_RELATE WHERE RES_REL_ID IN ($1),0,0,0,0,0,0,17785,2002.103177999999,0.0063419999999999995,76.67972900000001,0.11257257115546804,0.7486102918662677,17756,89405,0,0,0,0,0,0,0,0,0,0,0,0,0,0,0,0,0,0,0,0,0,0,0,0,0,0,0,0,2026-08-28 13:27:33.371722+00,2026-08-28 13:27:33.371722+00
10,16384,t,-879664845360359427,"MOVE -690 IN ""query-cursor_90""",0,0,0,0,0,0,1,0.014858,0.014858,0.014858,0.014858,0,0,0,0,0,0,0,0,0,0,0,0,0,0,0,0,0,0,0,0,0,0,0,0,0,0,0,0,0,0,0,2026-08-28 13:18:28.13313+00,2026-08-28 13:18:28.13313+00
16410,16412,t,6485286189613751740,"UPDATE RES_FEAT_EKEY AS T SET SUPPRESSED = C.SUPPRESSED FROM (VALUES (CAST ($1 AS BIGINT),CAST ($2 AS BIGINT),$3,$4),(CAST ($5 AS BIGINT),CAST ($6 AS BIGINT),$7,$8)) AS C(RES_ENT_ID,LIB_FEAT_ID,UTYPE_CODE,SUPPRESSED) WHERE C.RES_ENT_ID=T.RES_ENT_ID AND C.LIB_FEAT_ID=T.LIB_FEAT_ID AND C.UTYPE_CODE=T.UTYPE_CODE",0,0,0,0,0,0,40570,33619.30589099983,0.028634,1336.57414,0.828674042174016,11.914683166320009,81140,777506,0,0,851,0,0,0,0,0,0,0,14.295509999999995,0,0,0,0,0,0,0,0,0,0,0,0,0,0,0,0,0,2026-08-28 13:27:22.842603+00,2026-08-28 13:27:22.842603+00
10,16384,t,-540033026897530696,"MOVE -302 IN ""query-cursor_29""",0,0,0,0,0,0,1,0.008855,0.008855,0.008855,0.008855,0,0,0,0,0,0,0,0,0,0,0,0,0,0,0,0,0,0,0,0,0,0,0,0,0,0,0,0,0,0,0,2026-08-28 12:17:28.127984+00,2026-08-28 12:17:28.127984+00
10,16384,t,-3499858337830708346,"FETCH 0 IN ""query-cursor_124""",0,0,0,0,0,0,1,0.004114,0.004114,0.004114,0.004114,0,0,0,0,0,0,0,0,0,0,0,0,0,0,0,0,0,0,0,0,0,0,0,0,0,0,0,0,0,0,0,2026-08-28 13:57:28.134094+00,2026-08-28 13:57:28.134094+00
10,16384,t,5572223966095120996,"MOVE ALL IN ""query-cursor_114""",0,0,0,0,0,0,1,6.530357,6.530357,6.530357,6.530357,0,0,0,0,0,0,0,0,0,0,0,0,0,0,0,0,0,0,0,0,0,0,0,0,0,0,0,0,0,0,0,2026-08-28 13:47:28.14044+00,2026-08-28 13:47:28.14044+00
10,16384,t,20750685624632307,"MOVE -314 IN ""query-cursor_31""",0,0,0,0,0,0,1,0.008185,0.008185,0.008185,0.008185,0,0,0,0,0,0,0,0,0,0,0,0,0,0,0,0,0,0,0,0,0,0,0,0,0,0,0,0,0,0,0,2026-08-28 12:19:28.128113+00,2026-08-28 12:19:28.128113+00
16410,16412,t,-6553797966663625127,"CREATE UNIQUE INDEX IX_EVAL_QUEUE ON SYS_EVAL_QUEUE(ENT_SRC_KEY, DSRC_CODE)",0,0,0,0,0,0,1,2.697605,2.697605,2.697605,2.697605,0,0,114,0,0,0,0,0,0,0,0,0,0,0,0,0,0,0,0,0,0,0,0,0,0,0,0,0,0,0,0,2026-08-28 11:51:27.998218+00,2026-08-28 11:51:27.998218+00
16410,16412,t,-6405866526468625918,"SELECT RES_ENT_ID,LIB_FEAT_ID,FTYPE_ID,UTYPE_CODE,SUPPRESSED,OBS_ENT_CNT FROM RES_FEAT_EKEY WHERE RES_ENT_ID IN ($1,$2) AND FTYPE_ID IN ($3,$4,$5,$6,$7,$8,$9,$10,$11,$12)",0,0,0,0,0,0,14149,1941.5193110000068,0.028140000000000002,32.596084,0.13721954279454426,0.7295201133358847,642807,127898,0,0,0,0,0,0,0,0,0,0,0,0,0,0,0,0,0,0,0,0,0,0,0,0,0,0,0,0,2026-08-28 13:27:23.70979+00,2026-08-28 13:27:23.70979+00
10,16384,t,479641179206178904,"FETCH 43 IN ""query-cursor_159""",0,0,0,0,0,0,1,0.005171,0.005171,0.005171,0.005171,0,43,0,0,0,0,0,0,0,0,0,0,0,0,0,0,0,0,0,0,0,0,0,0,0,0,0,0,0,0,0,2026-08-28 14:32:28.153099+00,2026-08-28 14:32:28.153099+00
16410,16412,t,8731251703112466981,"UPDATE RES_FEAT_EKEY AS T SET SUPPRESSED = C.SUPPRESSED FROM (VALUES (CAST ($1 AS BIGINT),CAST ($2 AS BIGINT),$3,$4),(CAST ($5 AS BIGINT),CAST ($6 AS BIGINT),$7,$8),(CAST ($9 AS BIGINT),CAST ($10 AS BIGINT),$11,$12),(CAST ($13 AS BIGINT),CAST ($14 AS BIGINT),$15,$16),(CAST ($17 AS BIGINT),CAST ($18 AS BIGINT),$19,$20),(CAST ($21 AS BIGINT),CAST ($22 AS BIGINT),$23,$24),(CAST ($25 AS BIGINT),CAST ($26 AS BIGINT),$27,$28),(CAST ($29 AS BIGINT),CAST ($30 AS BIGINT),$31,$32),(CAST ($33 AS BIGINT),CAST ($34 AS BIGINT),$35,$36),(CAST ($37 AS BIGINT),CAST ($38 AS BIGINT),$39,$40),(CAST ($41 AS BIGINT),CAST ($42 AS BIGINT),$43,$44),(CAST ($45 AS BIGINT),CAST ($46 AS BIGINT),$47,$48),(CAST ($49 AS BIGINT),CAST ($50 AS BIGINT),$51,$52),(CAST ($53 AS BIGINT),CAST ($54 AS BIGINT),$55,$56),(CAST ($57 AS BIGINT),CAST ($58 AS BIGINT),$59,$60),(CAST ($61 AS BIGINT),CAST ($62 AS BIGINT),$63,$64),(CAST ($65 AS BIGINT),CAST ($66 AS BIGINT),$67,$68),(CAST ($69 AS BIGINT),CAST ($70 AS BIGINT),$71,$72),(CAST ($73 AS BIGINT),CAST ($74 AS BIGINT),$75,$76),(CAST ($77 AS BIGINT),CAST ($78 AS BIGINT),$79,$80),(CAST ($81 AS BIGINT),CAST ($82 AS BIGINT),$83,$84),(CAST ($85 AS BIGINT),CAST ($86 AS BIGINT),$87,$88),(CAST ($89 AS BIGINT),CAST ($90 AS BIGINT),$91,$92),(CAST ($93 AS BIGINT),CAST ($94 AS BIGINT),$95,$96),(CAST ($97 AS BIGINT),CAST ($98 AS BIGINT),$99,$100)) AS C(RES_ENT_ID,LIB_FEAT_ID,UTYPE_CODE,SUPPRESSED) WHERE C.RES_ENT_ID=T.RES_ENT_ID AND C.LIB_FEAT_ID=T.LIB_FEAT_ID AND C.UTYPE_CODE=T.UTYPE_CODE",0,0,0,0,0,0,3519,6769.999861999982,0.166626,247.296055,1.923841961352652,8.907656191403678,87975,1237786,0,0,607,0,0,0,0,0,0,0,11.878678,0,0,0,0,0,0,0,0,0,0,0,0,0,0,0,0,0,2026-08-28 13:27:42.113551+00,2026-08-28 13:27:42.113551+00
10,16384,t,-1592574586304837923,"select (select sum(coalesce(authorized, $1) + coalesce(total_auth_failed, $2) + coalesce(bad_conn_packet, $3) + coalesce(startup_packet_timeout, $4)) from rds_get_stat_connections_counters()) + (select sum(auto_authorized_evicted + auto_total_auth_failed_evicted + auto_bad_conn_packet_evicted + auto_startup_packet_timeout_evicted) from rds_get_stat_connections_counters_details()) as total_auth_attempts",0,0,0,0,0,0,171,8.910031000000004,0.023562,0.147464,0.05210544444444447,0.031250527362307864,171,0,0,0,0,0,0,0,0,0,0,0,0,0,0,0,0,0,0,0,0,0,0,0,0,0,0,0,0,0,2026-08-28 11:49:27.653855+00,2026-08-28 11:49:27.653855+00
10,16384,t,3307697608086144716,"FETCH 13 IN ""query-cursor_94""",0,0,0,0,0,0,1,0.001864,0.001864,0.001864,0.001864,0,13,0,0,0,0,0,0,0,0,0,0,0,0,0,0,0,0,0,0,0,0,0,0,0,0,0,0,0,0,0,2026-08-28 13:22:28.136071+00,2026-08-28 13:22:28.136071+00
10,16384,t,-9018778587115562672,"MOVE ALL IN ""query-cursor_146""",0,0,0,0,0,0,1,4.567404,4.567404,4.567404,4.567404,0,0,0,0,0,0,0,0,0,0,0,0,0,0,0,0,0,0,0,0,0,0,0,0,0,0,0,0,0,0,0,2026-08-28 14:19:28.140316+00,2026-08-28 14:19:28.140316+00
10,16384,t,-6630159136682931983,"DECLARE ""query-cursor_104"" SCROLL CURSOR FOR select queryid, left(query, $1), calls, (total_plan_time + total_exec_time) as total_time from aurora_stat_statements($2) order by calls desc limit $3 FOR READ ONLY",0,0,0,0,0,0,1,0.053499,0.053499,0.053499,0.053499,0,0,0,0,0,0,0,0,0,0,0,0,0,0,0,0,0,0,0,0,0,0,0,0,0,0,0,0,0,0,0,2026-08-28 13:32:28.132611+00,2026-08-28 13:32:28.132611+00
10,16384,t,4067719903477811128,"FETCH 0 IN ""query-cursor_24""",0,0,0,0,0,0,1,0.003326,0.003326,0.003326,0.003326,0,0,0,0,0,0,0,0,0,0,0,0,0,0,0,0,0,0,0,0,0,0,0,0,0,0,0,0,0,0,0,2026-08-28 12:12:28.126888+00,2026-08-28 12:12:28.126888+00
10,16384,t,-5298727576639142011,"WITH RECURSIVE cte AS (    SELECT oid FROM pg_catalog.pg_roles WHERE rolname = $1    UNION ALL    SELECT m.member    FROM   cte    JOIN   pg_catalog.pg_auth_members m ON m.roleid = cte.oid) SELECT COUNT(DISTINCT oid) FROM cte WHERE cte.oid IN (SELECT oid FROM pg_catalog.pg_roles WHERE rolcanlogin = $2 AND rolname NOT IN ($3,$4,$5,$6,$7,$8,$9,$10,$11,$12,$13,$14,$15,$16,$17,$18) AND (rolvaliduntil IS NULL OR rolvaliduntil >= CURRENT_TIMESTAMP))",0,0,0,0,0,0,3,0.156238,0.038236,0.075925,0.05207933333333333,0.016934189958647435,3,24,0,0,0,0,0,0,0,0,0,0,0,0,0,0,0,0,0,0,0,0,0,0,0,0,0,0,0,0,2026-08-28 12:45:38.919772+00,2026-08-28 12:45:38.919772+00
16410,16412,t,-6012158331967776182,"SELECT RES_ENT_ID,LIB_FEAT_ID,FTYPE_ID,UTYPE_CODE,SUPPRESSED,OBS_ENT_CNT FROM RES_FEAT_EKEY WHERE RES_ENT_ID IN ($1,$2,$3,$4,$5,$6,$7,$8)",0,0,0,0,0,0,59760,34925.78469899976,0.043373,227.085316,0.5844341482429679,3.332637435296822,24808079,1884493,0,0,0,0,0,0,0,0,0,0,0,0,0,0,0,0,0,0,0,0,0,0,0,0,0,0,0,0,2026-08-28 13:27:25.975816+00,2026-08-28 13:27:25.975816+00
16410,16412,t,1609344817803484276,"UPDATE RES_FEAT_EKEY AS T SET SUPPRESSED=C.SUPPRESSED,OBS_ENT_CNT=C.OBS_ENT_CNT FROM (VALUES (CAST ($1 AS BIGINT),CAST ($2 AS BIGINT),$3,$4,CAST ($5 AS BIGINT)),(CAST ($6 AS BIGINT),CAST ($7 AS BIGINT),$8,$9,CAST ($10 AS BIGINT))) AS C(RES_ENT_ID,LIB_FEAT_ID,UTYPE_CODE,SUPPRESSED,OBS_ENT_CNT) WHERE C.RES_ENT_ID=T.RES_ENT_ID AND C.LIB_FEAT_ID=T.LIB_FEAT_ID AND C.UTYPE_CODE=T.UTYPE_CODE",0,0,0,0,0,0,216,221.52991999999998,0.031143999999999998,31.718506,1.0256014814814813,3.789296366408505,432,6202,0,0,1,0,0,0,0,0,0,0,0.006502,0,0,0,0,0,0,0,0,0,0,0,0,0,0,0,0,0,2026-08-28 13:27:48.519552+00,2026-08-28 13:27:48.519552+00
10,16384,t,7305591029231858815,"FETCH 50 IN ""query-cursor_110""",0,0,0,0,0,0,28,0.31271699999999997,0.008005,0.016995,0.011168464285714285,0.002458571165798525,1400,0,0,0,0,0,0,0,0,0,0,0,0,0,0,0,0,0,0,0,0,0,0,0,0,0,0,0,0,0,2026-08-28 13:42:28.138587+00,2026-08-28 13:42:28.138587+00
10,16384,t,568825620565498524,"MOVE ALL IN ""query-cursor_100""",0,0,0,0,0,0,1,3.408624,3.408624,3.408624,3.408624,0,0,0,0,0,0,0,0,0,0,0,0,0,0,0,0,0,0,0,0,0,0,0,0,0,0,0,0,0,0,0,2026-08-28 13:28:28.135731+00,2026-08-28 13:28:28.135731+00
16410,16412,t,5695398124724744310,"SELECT RES_ENT_ID,LIB_FEAT_ID,FTYPE_ID,UTYPE_CODE,SUPPRESSED,OBS_ENT_CNT FROM RES_FEAT_EKEY WHERE RES_ENT_ID IN ($1,$2,$3,$4,$5,$6,$7,$8) AND FTYPE_ID IN ($9,$10,$11,$12,$13,$14,$15,$16,$17,$18,$19,$20,$21,$22,$23)",0,0,0,0,0,0,11219,10779.067439999964,0.08824900000000001,134.507894,0.9607868294856907,3.6107895363732814,4935435,362762,0,0,0,0,0,0,0,0,0,0,0,0,0,0,0,0,0,0,0,0,0,0,0,0,0,0,0,0,2026-08-28 13:27:24.421056+00,2026-08-28 13:27:24.421056+00
10,16384,t,-5033145811408472593,"FETCH 50 IN ""query-cursor_127""",0,0,0,0,0,0,31,0.123102,0.00296,0.006151,0.003971032258064516,0.0009541339083632078,1550,0,0,0,0,0,0,0,0,0,0,0,0,0,0,0,0,0,0,0,0,0,0,0,0,0,0,0,0,0,2026-08-28 14:00:28.138791+00,2026-08-28 14:00:28.138791+00
16410,16412,t,-8406495899927503950,"SELECT RES_ENT_ID,LIB_FEAT_ID,FTYPE_ID,UTYPE_CODE,SUPPRESSED,OBS_ENT_CNT FROM RES_FEAT_EKEY WHERE RES_ENT_ID IN ($1,$2) AND FTYPE_ID IN ($3,$4,$5,$6,$7,$8,$9,$10,$11,$12,$13,$14)",0,0,0,0,0,0,6783,1475.067145999992,0.026147,33.841169,0.2174653023735798,0.9717798958893703,844755,70209,0,0,0,0,0,0,0,0,0,0,0,0,0,0,0,0,0,0,0,0,0,0,0,0,0,0,0,0,2026-08-28 13:27:23.01719+00,2026-08-28 13:27:23.01719+00
10,16384,t,-6715291035488355226,"FETCH 50 IN ""query-cursor_97""",0,0,0,0,0,0,14,0.04698700000000001,0.003081,0.004831,0.003356214285714286,0.0004424453442551534,700,0,0,0,0,0,0,0,0,0,0,0,0,0,0,0,0,0,0,0,0,0,0,0,0,0,0,0,0,0,2026-08-28 13:25:28.133708+00,2026-08-28 13:25:28.133708+00
16410,16412,t,3782382922886753706,"INSERT INTO RES_REL_EKEY(RES_REL_ID,RES_ENT_ID,REL_ENT_ID) VALUES ($1,$2,$3),($4,$5,$6),($7,$8,$9),($10,$11,$12),($13,$14,$15),($16,$17,$18),($19,$20,$21),($22,$23,$24),($25,$26,$27),($28,$29,$30),($31,$32,$33),($34,$35,$36),($37,$38,$39),($40,$41,$42),($43,$44,$45),($46,$47,$48),($49,$50,$51),($52,$53,$54),($55,$56,$57),($58,$59,$60),($61,$62,$63),($64,$65,$66),($67,$68,$69),($70,$71,$72),($73,$74,$75),($76,$77,$78) ON CONFLICT DO NOTHING",0,0,0,0,0,0,385,2268.487797000001,0.26578399999999996,115.538977,5.892176096103899,17.02537750732505,10010,79804,0,0,85,0,0,0,0,0,0,0,6.872753999999998,0,0,0,0,0,0,0,0,0,0,0,0,0,0,0,0,0,2026-08-28 13:28:07.589551+00,2026-08-28 13:28:07.589551+00
16410,16412,t,-2462546356405815846,SET lock_timeout = $1,0,0,0,0,0,0,320,4.260774999999998,0.004416,0.058675,0.013314921874999993,0.007732907271251317,0,0,0,0,0,0,0,0,0,0,0,0,0,0,0,0,0,0,0,0,0,0,0,0,0,0,0,0,0,0,2026-08-28 13:27:42.291122+00,2026-08-28 13:27:42.291122+00
16410,16412,t,-5165358147052121512,SHOW lock_timeout,0,0,0,0,0,0,160,1.2203810000000006,0.004884,0.02726,0.007627381250000004,0.0030321307996025565,0,0,0,0,0,0,0,0,0,0,0,0,0,0,0,0,0,0,0,0,0,0,0,0,0,0,0,0,0,0,2026-08-28 13:27:42.290572+00,2026-08-28 13:27:42.290572+00
10,16384,t,-459252007218816479,"DECLARE ""query-cursor_125"" SCROLL CURSOR FOR select queryid, left(query, $1), calls, (total_plan_time + total_exec_time) as total_time from aurora_stat_statements($2) order by calls desc limit $3 FOR READ ONLY",0,0,0,0,0,0,1,0.067948,0.067948,0.067948,0.067948,0,0,0,0,0,0,0,0,0,0,0,0,0,0,0,0,0,0,0,0,0,0,0,0,0,0,0,0,0,0,0,2026-08-28 13:58:28.134156+00,2026-08-28 13:58:28.134156+00
16410,16412,t,8763371268600877103,"UPDATE RES_RELATE AS T SET IS_DISCLOSED=C.IS_DISCLOSED,IS_AMBIGUOUS=C.IS_AMBIGUOUS,LAST_ERRULE_ID=C.LAST_ERRULE_ID,MATCH_KEY=C.MATCH_KEY,MATCH_KEY_DETAILS=C.MATCH_KEY_DETAILS,MATCH_LEVELS=C.MATCH_LEVELS FROM (VALUES (CAST ($1 AS BIGINT),CAST ($2 AS BIGINT),CAST ($3 AS BIGINT),CAST ($4 AS BIGINT),$5,$6,$7),(CAST ($8 AS BIGINT),CAST ($9 AS BIGINT),CAST ($10 AS BIGINT),CAST ($11 AS BIGINT),$12,$13,$14),(CAST ($15 AS BIGINT),CAST ($16 AS BIGINT),CAST ($17 AS BIGINT),CAST ($18 AS BIGINT),$19,$20,$21),(CAST ($22 AS BIGINT),CAST ($23 AS BIGINT),CAST ($24 AS BIGINT),CAST ($25 AS BIGINT),$26,$27,$28),(CAST ($29 AS BIGINT),CAST ($30 AS BIGINT),CAST ($31 AS BIGINT),CAST ($32 AS BIGINT),$33,$34,$35),(CAST ($36 AS BIGINT),CAST ($37 AS BIGINT),CAST ($38 AS BIGINT),CAST ($39 AS BIGINT),$40,$41,$42),(CAST ($43 AS BIGINT),CAST ($44 AS BIGINT),CAST ($45 AS BIGINT),CAST ($46 AS BIGINT),$47,$48,$49),(CAST ($50 AS BIGINT),CAST ($51 AS BIGINT),CAST ($52 AS BIGINT),CAST ($53 AS BIGINT),$54,$55,$56),(CAST ($57 AS BIGINT),CAST ($58 AS BIGINT),CAST ($59 AS BIGINT),CAST ($60 AS BIGINT),$61,$62,$63),(CAST ($64 AS BIGINT),CAST ($65 AS BIGINT),CAST ($66 AS BIGINT),CAST ($67 AS BIGINT),$68,$69,$70),(CAST ($71 AS BIGINT),CAST ($72 AS BIGINT),CAST ($73 AS BIGINT),CAST ($74 AS BIGINT),$75,$76,$77)) AS C(RES_REL_ID,IS_DISCLOSED,IS_AMBIGUOUS,LAST_ERRULE_ID,MATCH_KEY,MATCH_KEY_DETAILS,MATCH_LEVELS) WHERE C.RES_REL_ID=T.RES_REL_ID",0,0,0,0,0,0,118,368.10259300000024,0.166105,41.631864,3.119513500000002,8.019145853361682,1298,15180,0,0,108,0,0,0,0,0,0,0,4.00463,0,0,0,0,0,0,0,0,0,0,0,0,0,0,0,0,0,2026-08-28 13:28:55.676015+00,2026-08-28 13:28:55.676015+00
10,16384,t,-6325898158887308766,"select s.*, extract($1 from s.lastattempt) as lastattempt_ts from rds_get_stat_connections_counters() as s where s.lastattempt > (now() - interval $2 second) limit $3",0,0,0,0,0,0,168,8.897638000000002,0.022013,0.460686,0.05296213095238097,0.047929311994028743,457,0,0,0,0,0,0,0,0,0,0,0,0,0,0,0,0,0,0,0,0,0,0,0,0,0,0,0,0,0,2026-08-28 11:51:08.175958+00,2026-08-28 11:51:08.175958+00
16410,16412,t,3863971480848864201,"SELECT RES_ENT_ID FROM RES_ENT WHERE RES_ENT_ID IN ($1,$2,$3,$4,$5,$6,$7,$8,$9,$10,$11,$12,$13,$14,$15,$16,$17,$18,$19,$20,$21,$22,$23,$24,$25,$26,$27,$28,$29,$30,$31,$32,$33,$34,$35,$36,$37,$38,$39,$40,$41,$42,$43,$44,$45,$46,$47,$48,$49,$50,$51,$52,$53,$54,$55,$56,$57,$58,$59,$60,$61,$62,$63,$64,$65,$66,$67,$68,$69,$70,$71,$72,$73,$74,$75,$76,$77,$78,$79,$80,$81,$82,$83,$84,$85,$86,$87,$88,$89,$90,$91,$92,$93,$94,$95,$96,$97,$98,$99,$100)",0,0,0,0,0,0,1132,890.0804890000006,0.134373,28.986499,0.7862901846289758,2.1650289152719147,105295,312931,0,0,0,0,0,0,0,0,0,0,0,0,0,0,0,0,0,0,0,0,0,0,0,0,0,0,0,0,2026-08-28 13:31:20.58983+00,2026-08-28 13:31:20.58983+00
10,16384,t,7901536040265397020,"FETCH 50 IN ""query-cursor_58""",0,0,0,0,0,0,9,0.042684,0.002851,0.015877,0.004742666666666667,0.0040263969556471255,450,0,0,0,0,0,0,0,0,0,0,0,0,0,0,0,0,0,0,0,0,0,0,0,0,0,0,0,0,0,2026-08-28 12:46:28.130545+00,2026-08-28 12:46:28.130545+00
10,16384,t,8632073413179755587,"FETCH 50 IN ""query-cursor_25""",0,0,0,0,0,0,5,0.017084,0.002984,0.004764,0.0034168,0.0006795464369710138,250,0,0,0,0,0,0,0,0,0,0,0,0,0,0,0,0,0,0,0,0,0,0,0,0,0,0,0,0,0,2026-08-28 12:13:28.1277+00,2026-08-28 12:13:28.1277+00
10,16384,t,-776493917693894801,"FETCH 50 IN ""query-cursor_50""",0,0,0,0,0,0,8,0.026222000000000002,0.002863,0.004962,0.0032777500000000003,0.0006517784803903857,400,0,0,0,0,0,0,0,0,0,0,0,0,0,0,0,0,0,0,0,0,0,0,0,0,0,0,0,0,0,2026-08-28 12:38:28.129731+00,2026-08-28 12:38:28.129731+00
10,16384,t,6230823562146543377,"DECLARE ""query-cursor_79"" SCROLL CURSOR FOR select queryid, left(query, $1), calls, (total_plan_time + total_exec_time) as total_time from aurora_stat_statements($2) order by calls desc limit $3 FOR READ ONLY",0,0,0,0,0,0,1,0.063526,0.063526,0.063526,0.063526,0,0,0,0,0,0,0,0,0,0,0,0,0,0,0,0,0,0,0,0,0,0,0,0,0,0,0,0,0,0,0,2026-08-28 13:07:28.130726+00,2026-08-28 13:07:28.130726+00
16410,16412,t,-9201048509704356765,"SELECT RES_ENT_ID,LIB_FEAT_ID,FTYPE_ID,UTYPE_CODE,SUPPRESSED,OBS_ENT_CNT FROM RES_FEAT_EKEY WHERE RES_ENT_ID IN ($1) AND FTYPE_ID IN ($2,$3,$4,$5,$6,$7,$8,$9,$10,$11,$12,$13,$14,$15,$16,$17,$18,$19,$20,$21,$22,$23,$24,$25,$26,$27,$28,$29,$30,$31,$32,$33,$34,$35,$36,$37,$38,$39,$40,$41,$42,$43,$44,$45,$46,$47,$48,$49,$50,$51,$52)",0,0,0,0,0,0,11,0.305622,0.007235,0.061813,0.027783818181818184,0.01750121130778294,4,46,0,0,0,0,0,0,0,0,0,0,0,0,0,0,0,0,0,0,0,0,0,0,0,0,0,0,0,0,2026-08-28 13:29:23.518219+00,2026-08-28 13:29:23.518219+00
10,16384,t,6660542911440962064,"MOVE -1798 IN ""query-cursor_168""",0,0,0,0,0,0,1,0.034437,0.034437,0.034437,0.034437,0,0,0,0,0,0,0,0,0,0,0,0,0,0,0,0,0,0,0,0,0,0,0,0,0,0,0,0,0,0,0,2026-08-28 14:41:28.142386+00,2026-08-28 14:41:28.142386+00
10,16384,t,822875012979098929,"FETCH 0 IN ""query-cursor_10""",0,0,0,0,0,0,1,0.004168,0.004168,0.004168,0.004168,0,0,0,0,0,0,0,0,0,0,0,0,0,0,0,0,0,0,0,0,0,0,0,0,0,0,0,0,0,0,0,2026-08-28 11:58:28.125898+00,2026-08-28 11:58:28.125898+00
10,16384,t,-8311146291912714944,"FETCH 0 IN ""query-cursor_85""",0,0,0,0,0,0,1,0.003563,0.003563,0.003563,0.003563,0,0,0,0,0,0,0,0,0,0,0,0,0,0,0,0,0,0,0,0,0,0,0,0,0,0,0,0,0,0,0,2026-08-28 13:13:28.131364+00,2026-08-28 13:13:28.131364+00
10,16384,t,506621208351671279,"DECLARE ""query-cursor_147"" SCROLL CURSOR FOR select queryid, left(query, $1), calls, (total_plan_time + total_exec_time) as total_time from aurora_stat_statements($2) order by calls desc limit $3 FOR READ ONLY",0,0,0,0,0,0,1,0.065002,0.065002,0.065002,0.065002,0,0,0,0,0,0,0,0,0,0,0,0,0,0,0,0,0,0,0,0,0,0,0,0,0,0,0,0,0,0,0,2026-08-28 14:20:28.135705+00,2026-08-28 14:20:28.135705+00
16410,16412,t,6794715488074120713,"SELECT RES_ENT_ID,LIB_FEAT_ID,FTYPE_ID,UTYPE_CODE,SUPPRESSED,OBS_ENT_CNT FROM RES_FEAT_EKEY WHERE RES_ENT_ID IN ($1) AND FTYPE_ID IN ($2,$3,$4,$5,$6,$7,$8,$9,$10,$11,$12,$13,$14,$15,$16,$17,$18,$19,$20,$21,$22,$23,$24,$25,$26,$27,$28,$29,$30,$31,$32,$33,$34,$35,$36,$37,$38,$39,$40,$41,$42,$43,$44,$45,$46,$47,$48,$49,$50,$51,$52,$53,$54,$55,$56,$57,$58,$59)",0,0,0,0,0,0,17,2.4416729999999998,0.008741,1.184459,0.14362782352941175,0.2842230249138943,1200,194,0,0,0,0,0,0,0,0,0,0,0,0,0,0,0,0,0,0,0,0,0,0,0,0,0,0,0,0,2026-08-28 13:28:59.671188+00,2026-08-28 13:28:59.671188+00
16410,16412,t,-8367452243158660618,"INSERT INTO SYS_CODES_USED(CODE_TYPE,CODE,CODE_ID) VALUES ($1,$2,$3) ON CONFLICT DO NOTHING",0,0,0,0,0,0,1483,343.56985500000036,0.007621,22.797551,0.23167218813216478,0.984561721641438,953,13038,0,0,80,0,0,0,0,0,0,0,5.500814,0,0,0,0,0,0,0,0,0,0,0,0,0,0,0,0,0,2026-08-28 13:27:22.074361+00,2026-08-28 13:27:22.074361+00
10,16384,t,-5121409025242424722,"FETCH 50 IN ""query-cursor_141""",0,0,0,0,0,0,32,0.13190699999999997,0.00283,0.007345,0.004122093749999999,0.001173558566907054,1600,0,0,0,0,0,0,0,0,0,0,0,0,0,0,0,0,0,0,0,0,0,0,0,0,0,0,0,0,0,2026-08-28 14:14:28.139664+00,2026-08-28 14:14:28.139664+00
10,16384,t,990955716481412777,"FETCH 0 IN ""query-cursor_34""",0,0,0,0,0,0,1,0.004031,0.004031,0.004031,0.004031,0,0,0,0,0,0,0,0,0,0,0,0,0,0,0,0,0,0,0,0,0,0,0,0,0,0,0,0,0,0,0,2026-08-28 12:22:28.127618+00,2026-08-28 12:22:28.127618+00
16410,16412,t,681012635682146349,"INSERT INTO RES_REL_EKEY(RES_REL_ID,RES_ENT_ID,REL_ENT_ID) VALUES ($1,$2,$3),($4,$5,$6),($7,$8,$9),($10,$11,$12),($13,$14,$15),($16,$17,$18),($19,$20,$21),($22,$23,$24),($25,$26,$27),($28,$29,$30),($31,$32,$33),($34,$35,$36),($37,$38,$39),($40,$41,$42),($43,$44,$45),($46,$47,$48),($49,$50,$51),($52,$53,$54),($55,$56,$57),($58,$59,$60),($61,$62,$63) ON CONFLICT DO NOTHING",0,0,0,0,0,0,69,175.794419,0.241008,68.20928900000001,2.5477452028985508,8.94896858246461,1449,11601,0,0,9,0,0,0,0,0,0,0,0.060603000000000004,0,0,0,0,0,0,0,0,0,0,0,0,0,0,0,0,0,2026-08-28 13:29:33.070053+00,2026-08-28 13:29:33.070053+00
10,16384,t,8215734257809366524,"DECLARE ""query-cursor_5"" SCROLL CURSOR FOR select queryid, left(query, $1), calls, (total_plan_time + total_exec_time) as total_time from aurora_stat_statements($2) order by calls desc limit $3 FOR READ ONLY",0,0,0,0,0,0,1,0.067044,0.067044,0.067044,0.067044,0,0,0,0,0,0,0,0,0,0,0,0,0,0,0,0,0,0,0,0,0,0,0,0,0,0,0,0,0,0,0,2026-08-28 11:53:28.125548+00,2026-08-28 11:53:28.125548+00
16410,16412,t,-2703012667381545632,"CREATE TABLE RES_FEAT_EKEY (RES_ENT_ID BIGINT NOT NULL, LIB_FEAT_ID BIGINT NOT NULL, OBS_ENT_CNT BIGINT, USED_FROM_DT TIMESTAMP, USED_THRU_DT TIMESTAMP, FTYPE_ID SMALLINT NOT NULL, SUPPRESSED CHAR(1), UTYPE_CODE VARCHAR(255) NOT NULL, PRIMARY KEY(LIB_FEAT_ID, RES_ENT_ID, UTYPE_CODE))",0,0,0,0,0,0,1,3.380612,3.380612,3.380612,3.380612,0,0,300,0,0,2,0,0,0,0,0,0,0,0.004275,0,0,0,0,0,0,0,0,0,0,0,0,0,0,0,0,0,2026-08-28 11:51:27.912821+00,2026-08-28 11:51:27.912821+00
16410,16412,t,-1061819349791330283,"UPDATE RES_FEAT_EKEY AS T SET SUPPRESSED = C.SUPPRESSED FROM (VALUES (CAST ($1 AS BIGINT),CAST ($2 AS BIGINT),$3,$4),(CAST ($5 AS BIGINT),CAST ($6 AS BIGINT),$7,$8),(CAST ($9 AS BIGINT),CAST ($10 AS BIGINT),$11,$12),(CAST ($13 AS BIGINT),CAST ($14 AS BIGINT),$15,$16),(CAST ($17 AS BIGINT),CAST ($18 AS BIGINT),$19,$20),(CAST ($21 AS BIGINT),CAST ($22 AS BIGINT),$23,$24),(CAST ($25 AS BIGINT),CAST ($26 AS BIGINT),$27,$28),(CAST ($29 AS BIGINT),CAST ($30 AS BIGINT),$31,$32),(CAST ($33 AS BIGINT),CAST ($34 AS BIGINT),$35,$36),(CAST ($37 AS BIGINT),CAST ($38 AS BIGINT),$39,$40),(CAST ($41 AS BIGINT),CAST ($42 AS BIGINT),$43,$44),(CAST ($45 AS BIGINT),CAST ($46 AS BIGINT),$47,$48),(CAST ($49 AS BIGINT),CAST ($50 AS BIGINT),$51,$52),(CAST ($53 AS BIGINT),CAST ($54 AS BIGINT),$55,$56),(CAST ($57 AS BIGINT),CAST ($58 AS BIGINT),$59,$60),(CAST ($61 AS BIGINT),CAST ($62 AS BIGINT),$63,$64),(CAST ($65 AS BIGINT),CAST ($66 AS BIGINT),$67,$68),(CAST ($69 AS BIGINT),CAST ($70 AS BIGINT),$71,$72),(CAST ($73 AS BIGINT),CAST ($74 AS BIGINT),$75,$76),(CAST ($77 AS BIGINT),CAST ($78 AS BIGINT),$79,$80),(CAST ($81 AS BIGINT),CAST ($82 AS BIGINT),$83,$84),(CAST ($85 AS BIGINT),CAST ($86 AS BIGINT),$87,$88),(CAST ($89 AS BIGINT),CAST ($90 AS BIGINT),$91,$92)) AS C(RES_ENT_ID,LIB_FEAT_ID,UTYPE_CODE,SUPPRESSED) WHERE C.RES_ENT_ID=T.RES_ENT_ID AND C.LIB_FEAT_ID=T.LIB_FEAT_ID AND C.UTYPE_CODE=T.UTYPE_CODE",0,0,0,0,0,0,29,85.10455499999999,0.24589700000000003,40.368061,2.9346398275862065,7.492610888725574,667,8467,0,0,0,0,0,0,0,0,0,0,0,0,0,0,0,0,0,0,0,0,0,0,0,0,0,0,0,0,2026-08-28 13:29:15.701126+00,2026-08-28 13:29:15.701126+00
10,16384,t,-4185669664088946700,"FETCH 0 IN ""query-cursor_99""",0,0,0,0,0,0,1,0.008663,0.008663,0.008663,0.008663,0,0,0,0,0,0,0,0,0,0,0,0,0,0,0,0,0,0,0,0,0,0,0,0,0,0,0,0,0,0,0,2026-08-28 13:27:28.402131+00,2026-08-28 13:27:28.402131+00
16410,16412,t,2127664606377467901,"INSERT INTO RES_FEAT_EKEY(RES_ENT_ID,LIB_FEAT_ID,FTYPE_ID,UTYPE_CODE,SUPPRESSED,OBS_ENT_CNT) VALUES ($1,$2,$3,$4,$5,$6),($7,$8,$9,$10,$11,$12) ON CONFLICT DO NOTHING",0,0,0,0,0,0,82219,82325.16149000036,0.030107000000000002,359.84254599999997,1.0012912038579935,4.208129905389425,164438,2068427,0,0,2516,0,0,0,0,0,0,0,136.649062,0,0,0,0,0,0,0,0,0,0,0,0,0,0,0,0,0,2026-08-28 13:27:22.300042+00,2026-08-28 13:27:22.300042+00
10,16384,t,-3551067098116850025,"MOVE ALL IN ""query-cursor_24""",0,0,0,0,0,0,1,0.570816,0.570816,0.570816,0.570816,0,0,0,0,0,0,0,0,0,0,0,0,0,0,0,0,0,0,0,0,0,0,0,0,0,0,0,0,0,0,0,2026-08-28 12:12:28.127499+00,2026-08-28 12:12:28.127499+00
16410,16412,t,3931695639387509169,"SELECT RES_ENT_ID,LIB_FEAT_ID,FTYPE_ID,UTYPE_CODE,SUPPRESSED,OBS_ENT_CNT FROM RES_FEAT_EKEY WHERE RES_ENT_ID IN ($1,$2,$3,$4,$5,$6,$7,$8,$9,$10,$11,$12,$13,$14,$15,$16,$17,$18,$19,$20,$21,$22,$23,$24,$25,$26,$27,$28,$29,$30,$31,$32) AND FTYPE_ID IN ($33,$34,$35,$36,$37,$38,$39,$40,$41,$42,$43,$44,$45)",0,0,0,0,0,0,2353,24240.935999000027,0.35623499999999997,536.7212689999999,10.30214024606886,29.942684413326557,9267616,378068,0,0,0,0,0,0,0,0,0,0,0,0,0,0,0,0,0,0,0,0,0,0,0,0,0,0,0,0,2026-08-28 13:27:25.302255+00,2026-08-28 13:27:25.302255+00
10,16384,t,613457048664301106,"FETCH 41 IN ""query-cursor_74""",0,0,0,0,0,0,1,0.003479,0.003479,0.003479,0.003479,0,41,0,0,0,0,0,0,0,0,0,0,0,0,0,0,0,0,0,0,0,0,0,0,0,0,0,0,0,0,0,2026-08-28 13:02:28.133782+00,2026-08-28 13:02:28.133782+00
10,16384,t,6727231903305200704,"FETCH 37 IN ""query-cursor_57""",0,0,0,0,0,0,1,0.002749,0.002749,0.002749,0.002749,0,37,0,0,0,0,0,0,0,0,0,0,0,0,0,0,0,0,0,0,0,0,0,0,0,0,0,0,0,0,0,2026-08-28 12:45:28.132066+00,2026-08-28 12:45:28.132066+00
16410,16412,t,-7244764157246294942,"SELECT OBS_ENT_ID,RES_ENT_ID FROM RES_ENT_OKEY WHERE RES_ENT_ID IN ($1,$2,$3,$4,$5,$6,$7,$8,$9,$10,$11,$12,$13,$14,$15,$16,$17,$18,$19,$20,$21,$22,$23,$24,$25,$26,$27,$28,$29,$30,$31,$32,$33,$34,$35,$36,$37,$38,$39,$40,$41,$42,$43,$44,$45,$46,$47,$48,$49,$50,$51,$52,$53,$54,$55,$56,$57,$58,$59,$60,$61,$62,$63,$64)",0,0,0,0,0,0,2,0.228616,0.105492,0.12312400000000001,0.114308,0.008816000000000004,88,302,0,0,0,0,0,0,0,0,0,0,0,0,0,0,0,0,0,0,0,0,0,0,0,0,0,0,0,0,2026-08-28 13:42:05.708053+00,2026-08-28 13:42:05.708053+00
16410,16412,t,-772261381281999193,"DELETE FROM RES_REL_EKEY WHERE (RES_ENT_ID,REL_ENT_ID,RES_REL_ID) IN (($1,$2,$3),($4,$5,$6),($7,$8,$9),($10,$11,$12),($13,$14,$15),($16,$17,$18),($19,$20,$21),($22,$23,$24))",0,0,0,0,0,0,2151,730.5875770000006,0.042353,21.932473,0.33965019851232015,1.4291882800907227,14566,71183,0,0,0,0,0,0,0,0,0,0,0,0,0,0,0,0,0,0,0,0,0,0,0,0,0,0,0,0,2026-08-28 13:27:45.710218+00,2026-08-28 13:27:45.710218+00
10,16384,t,-3555620310662297861,"DECLARE ""query-cursor_167"" SCROLL CURSOR FOR select queryid, left(query, $1), calls, (total_plan_time + total_exec_time) as total_time from aurora_stat_statements($2) order by calls desc limit $3 FOR READ ONLY",0,0,0,0,0,0,1,0.071657,0.071657,0.071657,0.071657,0,0,0,0,0,0,0,0,0,0,0,0,0,0,0,0,0,0,0,0,0,0,0,0,0,0,0,0,0,0,0,2026-08-28 14:40:28.1372+00,2026-08-28 14:40:28.1372+00
10,16384,t,-136148264956630609,"DECLARE ""query-cursor_93"" SCROLL CURSOR FOR select queryid, left(query, $1), calls, (total_plan_time + total_exec_time) as total_time from aurora_stat_statements($2) order by calls desc limit $3 FOR READ ONLY",0,0,0,0,0,0,1,0.066556,0.066556,0.066556,0.066556,0,0,0,0,0,0,0,0,0,0,0,0,0,0,0,0,0,0,0,0,0,0,0,0,0,0,0,0,0,0,0,2026-08-28 13:21:28.131753+00,2026-08-28 13:21:28.131753+00
10,16384,t,-441269612082556548,"MOVE -212 IN ""query-cursor_14""",0,0,0,0,0,0,1,0.006032,0.006032,0.006032,0.006032,0,0,0,0,0,0,0,0,0,0,0,0,0,0,0,0,0,0,0,0,0,0,0,0,0,0,0,0,0,0,0,2026-08-28 12:02:28.126615+00,2026-08-28 12:02:28.126615+00
10,16384,t,-8049771097732907068,"MOVE -654 IN ""query-cursor_84""",0,0,0,0,0,0,1,0.014111,0.014111,0.014111,0.014111,0,0,0,0,0,0,0,0,0,0,0,0,0,0,0,0,0,0,0,0,0,0,0,0,0,0,0,0,0,0,0,2026-08-28 13:12:28.132641+00,2026-08-28 13:12:28.132641+00
10,16384,t,-6328929103881034557,"DECLARE ""query-cursor_92"" SCROLL CURSOR FOR select queryid, left(query, $1), calls, (total_plan_time + total_exec_time) as total_time from aurora_stat_statements($2) order by calls desc limit $3 FOR READ ONLY",0,0,0,0,0,0,1,0.068153,0.068153,0.068153,0.068153,0,0,0,0,0,0,0,0,0,0,0,0,0,0,0,0,0,0,0,0,0,0,0,0,0,0,0,0,0,0,0,2026-08-28 13:20:28.131654+00,2026-08-28 13:20:28.131654+00
16410,16412,t,1722455255024644387,"SELECT RES_ENT_ID,LIB_FEAT_ID,FTYPE_ID,UTYPE_CODE,SUPPRESSED,OBS_ENT_CNT FROM RES_FEAT_EKEY WHERE RES_ENT_ID IN ($1,$2,$3,$4,$5,$6,$7,$8,$9,$10,$11,$12,$13,$14,$15,$16,$17,$18,$19,$20,$21,$22,$23,$24,$25,$26,$27,$28,$29,$30,$31,$32) AND FTYPE_ID IN ($33,$34,$35,$36,$37,$38,$39,$40,$41,$42,$43,$44,$45,$46,$47,$48,$49,$50,$51,$52,$53,$54)",0,0,0,0,0,0,182,3288.234443000002,1.012731,248.85454900000002,18.067222214285724,30.51969082472267,3298146,52943,0,0,0,0,0,0,0,0,0,0,0,0,0,0,0,0,0,0,0,0,0,0,0,0,0,0,0,0,2026-08-28 13:27:28.31217+00,2026-08-28 13:27:28.31217+00
10,16384,t,5087306596602540752,"FETCH 0 IN ""query-cursor_18""",0,0,0,0,0,0,1,0.003799,0.003799,0.003799,0.003799,0,0,0,0,0,0,0,0,0,0,0,0,0,0,0,0,0,0,0,0,0,0,0,0,0,0,0,0,0,0,0,2026-08-28 12:06:28.126514+00,2026-08-28 12:06:28.126514+00
10,16384,t,-5664818418271867039,"FETCH 45 IN ""query-cursor_91""",0,0,0,0,0,0,1,0.003161,0.003161,0.003161,0.003161,0,45,0,0,0,0,0,0,0,0,0,0,0,0,0,0,0,0,0,0,0,0,0,0,0,0,0,0,0,0,0,2026-08-28 13:19:28.135537+00,2026-08-28 13:19:28.135537+00
10,16384,t,-3592679143522408532,"MOVE ALL IN ""query-cursor_99""",0,0,0,0,0,0,1,5.171486,5.171486,5.171486,5.171486,0,0,0,0,0,0,0,0,0,0,0,0,0,0,0,0,0,0,0,0,0,0,0,0,0,0,0,0,0,0,0,2026-08-28 13:27:28.407411+00,2026-08-28 13:27:28.407411+00
10,16384,t,2282963147688629688,"DECLARE ""query-cursor_137"" SCROLL CURSOR FOR select queryid, left(query, $1), calls, (total_plan_time + total_exec_time) as total_time from aurora_stat_statements($2) order by calls desc limit $3 FOR READ ONLY",0,0,0,0,0,0,1,0.065472,0.065472,0.065472,0.065472,0,0,0,0,0,0,0,0,0,0,0,0,0,0,0,0,0,0,0,0,0,0,0,0,0,0,0,0,0,0,0,2026-08-28 14:10:28.134942+00,2026-08-28 14:10:28.134942+00
16410,16412,t,-539922686104966485,"UPDATE RES_FEAT_STAT AS T SET FTYPE_ID=C.FTYPE_ID,NUM_RES_ENT=C.NUM_RES_ENT_NEW,NUM_RES_ENT_OOM=C.NUM_RES_ENT_OOM_NEW FROM (VALUES (CAST ($1 AS BIGINT),CAST ($2 AS INT),CAST ($3 AS BIGINT),CAST ($4 AS BIGINT),CAST ($5 AS BIGINT),CAST ($6 AS BIGINT)),(CAST ($7 AS BIGINT),CAST ($8 AS INT),CAST ($9 AS BIGINT),CAST ($10 AS BIGINT),CAST ($11 AS BIGINT),CAST ($12 AS BIGINT)),(CAST ($13 AS BIGINT),CAST ($14 AS INT),CAST ($15 AS BIGINT),CAST ($16 AS BIGINT),CAST ($17 AS BIGINT),CAST ($18 AS BIGINT)),(CAST ($19 AS BIGINT),CAST ($20 AS INT),CAST ($21 AS BIGINT),CAST ($22 AS BIGINT),CAST ($23 AS BIGINT),CAST ($24 AS BIGINT)),(CAST ($25 AS BIGINT),CAST ($26 AS INT),CAST ($27 AS BIGINT),CAST ($28 AS BIGINT),CAST ($29 AS BIGINT),CAST ($30 AS BIGINT)),(CAST ($31 AS BIGINT),CAST ($32 AS INT),CAST ($33 AS BIGINT),CAST ($34 AS BIGINT),CAST ($35 AS BIGINT),CAST ($36 AS BIGINT)),(CAST ($37 AS BIGINT),CAST ($38 AS INT),CAST ($39 AS BIGINT),CAST ($40 AS BIGINT),CAST ($41 AS BIGINT),CAST ($42 AS BIGINT)),(CAST ($43 AS BIGINT),CAST ($44 AS INT),CAST ($45 AS BIGINT),CAST ($46 AS BIGINT),CAST ($47 AS BIGINT),CAST ($48 AS BIGINT))) AS C(LIB_FEAT_ID,FTYPE_ID,NUM_RES_ENT_OLD,NUM_RES_ENT_OOM_OLD,NUM_RES_ENT_NEW,NUM_RES_ENT_OOM_NEW) WHERE C.LIB_FEAT_ID=T.LIB_FEAT_ID AND C.NUM_RES_ENT_OLD=T.NUM_RES_ENT AND C.NUM_RES_ENT_OOM_OLD=T.NUM_RES_ENT_OOM",0,0,0,0,0,0,5,1.713083,0.074012,1.048306,0.3426166,0.36204222759208626,19,1634,0,0,0,0,0,0,0,0,0,0,0,0,0,0,0,0,0,0,0,0,0,0,0,0,0,0,0,0,2026-08-28 13:30:39.986576+00,2026-08-28 13:30:39.986576+00
10,16384,t,-305376527816006381,"MOVE ALL IN ""query-cursor_51""",0,0,0,0,0,0,1,0.903982,0.903982,0.903982,0.903982,0,0,0,0,0,0,0,0,0,0,0,0,0,0,0,0,0,0,0,0,0,0,0,0,0,0,0,0,0,0,0,2026-08-28 12:39:28.129721+00,2026-08-28 12:39:28.129721+00
10,16384,t,-4420415455163579311,"DECLARE ""query-cursor_10"" SCROLL CURSOR FOR select queryid, left(query, $1), calls, (total_plan_time + total_exec_time) as total_time from aurora_stat_statements($2) order by calls desc limit $3 FOR READ ONLY",0,0,0,0,0,0,1,0.063577,0.063577,0.063577,0.063577,0,0,0,0,0,0,0,0,0,0,0,0,0,0,0,0,0,0,0,0,0,0,0,0,0,0,0,0,0,0,0,2026-08-28 11:58:28.125855+00,2026-08-28 11:58:28.125855+00
10,16384,t,-2194656291692130190,"MOVE ALL IN ""query-cursor_163""",0,0,0,0,0,0,1,4.778678,4.778678,4.778678,4.778678,0,0,0,0,0,0,0,0,0,0,0,0,0,0,0,0,0,0,0,0,0,0,0,0,0,0,0,0,0,0,0,2026-08-28 14:36:28.141647+00,2026-08-28 14:36:28.141647+00
16410,16412,t,813168665447920835,"INSERT INTO RES_FEAT_STAT(LIB_FEAT_ID,FTYPE_ID,NUM_RES_ENT,NUM_RES_ENT_OOM) VALUES ($1,$2,$3,$4),($5,$6,$7,$8),($9,$10,$11,$12),($13,$14,$15,$16),($17,$18,$19,$20),($21,$22,$23,$24),($25,$26,$27,$28),($29,$30,$31,$32),($33,$34,$35,$36),($37,$38,$39,$40),($41,$42,$43,$44),($45,$46,$47,$48),($49,$50,$51,$52),($53,$54,$55,$56),($57,$58,$59,$60),($61,$62,$63,$64),($65,$66,$67,$68),($69,$70,$71,$72),($73,$74,$75,$76),($77,$78,$79,$80),($81,$82,$83,$84),($85,$86,$87,$88),($89,$90,$91,$92),($93,$94,$95,$96) ON CONFLICT DO NOTHING",0,0,0,0,0,0,13119,89515.76803199989,0.20655900000000002,641.653582,6.823368246970035,25.71418333918892,314773,2575949,0,0,2881,0,0,0,0,0,0,0,149.30732199999966,0,0,0,0,0,0,0,0,0,0,0,0,0,0,0,0,0,2026-08-28 13:27:22.417061+00,2026-08-28 13:27:22.417061+00
10,16384,t,3623028413928263540,"MOVE ALL IN ""query-cursor_161""",0,0,0,0,0,0,1,4.77139,4.77139,4.77139,4.77139,0,0,0,0,0,0,0,0,0,0,0,0,0,0,0,0,0,0,0,0,0,0,0,0,0,0,0,0,0,0,0,2026-08-28 14:34:28.141449+00,2026-08-28 14:34:28.141449+00
16410,16412,t,-597852566178768527,"INSERT INTO RES_REL_EKEY(RES_REL_ID,RES_ENT_ID,REL_ENT_ID) VALUES ($1,$2,$3) ON CONFLICT DO NOTHING",0,0,0,0,0,0,202,36.14695099999998,0.01456,3.505493,0.17894530198019792,0.6116946083854787,196,1609,0,0,3,0,0,0,0,0,0,0,0.022667,0,0,0,0,0,0,0,0,0,0,0,0,0,0,0,0,0,2026-08-28 13:28:43.132864+00,2026-08-28 13:28:43.132864+00
10,16384,t,3050860450509123946,"FETCH 28 IN ""query-cursor_80""",0,0,0,0,0,0,1,0.002261,0.002261,0.002261,0.002261,0,28,0,0,0,0,0,0,0,0,0,0,0,0,0,0,0,0,0,0,0,0,0,0,0,0,0,0,0,0,0,2026-08-28 13:08:28.134399+00,2026-08-28 13:08:28.134399+00
10,16384,t,6746762493258705426,"DECLARE ""query-cursor_149"" SCROLL CURSOR FOR select queryid, left(query, $1), calls, (total_plan_time + total_exec_time) as total_time from aurora_stat_statements($2) order by calls desc limit $3 FOR READ ONLY",0,0,0,0,0,0,1,0.068812,0.068812,0.068812,0.068812,0,0,0,0,0,0,0,0,0,0,0,0,0,0,0,0,0,0,0,0,0,0,0,0,0,0,0,0,0,0,0,2026-08-28 14:22:28.135793+00,2026-08-28 14:22:28.135793+00
10,16384,t,-3261561993475847116,"select s.*, extract($1 from s.lastattempt) as lastattempt_ts from rds_get_stat_dxl_counters() as s limit $2",0,0,0,0,0,0,1,0.024336,0.024336,0.024336,0.024336,0,1,0,0,0,0,0,0,0,0,0,0,0,0,0,0,0,0,0,0,0,0,0,0,0,0,0,0,0,0,0,2026-08-28 11:50:38.176478+00,2026-08-28 11:50:38.176478+00
10,16384,t,6715806362482302540,"MOVE ALL IN ""query-cursor_103""",0,0,0,0,0,0,1,4.359299,4.359299,4.359299,4.359299,0,0,0,0,0,0,0,0,0,0,0,0,0,0,0,0,0,0,0,0,0,0,0,0,0,0,0,0,0,0,0,2026-08-28 13:31:28.137149+00,2026-08-28 13:31:28.137149+00
16410,16412,t,180498833185157874,"INSERT INTO RES_FEAT_STAT(LIB_FEAT_ID,FTYPE_ID,NUM_RES_ENT,NUM_RES_ENT_OOM) VALUES ($1,$2,$3,$4),($5,$6,$7,$8),($9,$10,$11,$12),($13,$14,$15,$16),($17,$18,$19,$20),($21,$22,$23,$24),($25,$26,$27,$28),($29,$30,$31,$32),($33,$34,$35,$36),($37,$38,$39,$40),($41,$42,$43,$44),($45,$46,$47,$48),($49,$50,$51,$52),($53,$54,$55,$56),($57,$58,$59,$60),($61,$62,$63,$64),($65,$66,$67,$68) ON CONFLICT DO NOTHING",0,0,0,0,0,0,21558,131835.4070749993,0.146904,715.808711,6.115382089015646,27.793408744165546,366372,3046175,0,0,3212,0,0,0,0,0,0,0,215.0522280000006,0,0,0,0,0,0,0,0,0,0,0,0,0,0,0,0,0,2026-08-28 13:27:22.535558+00,2026-08-28 13:27:22.535558+00
10,16384,t,3094189251851710281,"FETCH 0 IN ""query-cursor_30""",0,0,0,0,0,0,1,0.00348,0.00348,0.00348,0.00348,0,0,0,0,0,0,0,0,0,0,0,0,0,0,0,0,0,0,0,0,0,0,0,0,0,0,0,0,0,0,0,2026-08-28 12:18:28.127269+00,2026-08-28 12:18:28.127269+00
10,16384,t,-4279309399939745921,"FETCH 19 IN ""query-cursor_95""",0,0,0,0,0,0,1,0.002115,0.002115,0.002115,0.002115,0,19,0,0,0,0,0,0,0,0,0,0,0,0,0,0,0,0,0,0,0,0,0,0,0,0,0,0,0,0,0,2026-08-28 13:23:28.136065+00,2026-08-28 13:23:28.136065+00
10,16384,t,-999261268607815173,select sum(deadlocks) as num_deadlocks from pg_stat_database,0,0,0,0,0,0,176,4.6317900000000005,0.016905000000000003,0.072985,0.02631698863636364,0.012727494217061163,176,176,0,0,0,0,0,0,0,0,0,0,0,0,0,0,0,0,0,0,0,0,0,0,0,0,0,0,0,0,2026-08-28 11:48:37.939194+00,2026-08-28 11:48:37.939194+00
16410,16412,t,-3156750069945264053,"SELECT RES_ENT_ID,LIB_FEAT_ID,FTYPE_ID,UTYPE_CODE,SUPPRESSED,OBS_ENT_CNT FROM RES_FEAT_EKEY WHERE RES_ENT_ID IN ($1,$2,$3,$4,$5,$6,$7,$8) AND FTYPE_ID IN ($9,$10,$11,$12,$13,$14,$15,$16,$17,$18,$19,$20,$21,$22,$23,$24,$25,$26,$27,$28,$29,$30,$31,$32,$33)",0,0,0,0,0,0,9,60.159973,1.351112,22.483481,6.684441444444444,6.1163439892903,74887,938,0,0,0,0,0,0,0,0,0,0,0,0,0,0,0,0,0,0,0,0,0,0,0,0,0,0,0,0,2026-08-28 13:27:24.888446+00,2026-08-28 13:27:24.888446+00
10,16384,t,6484570595614508189,"FETCH 0 IN ""query-cursor_17""",0,0,0,0,0,0,1,0.003871,0.003871,0.003871,0.003871,0,0,0,0,0,0,0,0,0,0,0,0,0,0,0,0,0,0,0,0,0,0,0,0,0,0,0,0,0,0,0,2026-08-28 12:05:28.126462+00,2026-08-28 12:05:28.126462+00
16410,16412,t,5813264360274945905,"SELECT RES_ENT_ID,LIB_FEAT_ID,FTYPE_ID,UTYPE_CODE,SUPPRESSED,OBS_ENT_CNT FROM RES_FEAT_EKEY WHERE RES_ENT_ID IN ($1,$2,$3,$4,$5,$6,$7,$8,$9,$10,$11,$12,$13,$14,$15,$16,$17,$18,$19,$20,$21,$22,$23,$24,$25,$26,$27,$28,$29,$30,$31,$32,$33,$34,$35,$36,$37,$38,$39,$40,$41,$42,$43,$44,$45,$46,$47,$48,$49,$50,$51,$52,$53,$54,$55,$56,$57,$58,$59,$60,$61,$62,$63,$64) AND FTYPE_ID IN ($65,$66,$67,$68,$69,$70,$71,$72,$73,$74,$75,$76,$77,$78,$79)",0,0,0,0,0,0,2546,131847.95832799998,0.737711,1219.2741979999998,51.78631513275726,100.53417623443052,40889266,943414,0,0,0,0,0,0,0,0,0,0,0,0,0,0,0,0,0,0,0,0,0,0,0,0,0,0,0,0,2026-08-28 13:27:29.408655+00,2026-08-28 13:27:29.408655+00
16410,16412,t,-7101873581825020462,CREATE UNIQUE INDEX SYS_HW_CHECK_SK ON SYS_HW_CHECK(LIB_FEAT_ID),0,0,0,0,0,0,1,2.532388,2.532388,2.532388,2.532388,0,0,87,0,0,0,0,0,0,0,0,0,0,0,0,0,0,0,0,0,0,0,0,0,0,0,0,0,0,0,0,2026-08-28 11:51:27.859802+00,2026-08-28 11:51:27.859802+00
10,16384,t,7193771700378705241,"MOVE ALL IN ""query-cursor_167""",0,0,0,0,0,0,1,4.825324,4.825324,4.825324,4.825324,0,0,0,0,0,0,0,0,0,0,0,0,0,0,0,0,0,0,0,0,0,0,0,0,0,0,0,0,0,0,0,2026-08-28 14:40:28.14212+00,2026-08-28 14:40:28.14212+00
16410,16412,t,-6584207587990091580,"SELECT RES_ENT_ID,LIB_FEAT_ID,FTYPE_ID,UTYPE_CODE,SUPPRESSED,OBS_ENT_CNT FROM RES_FEAT_EKEY WHERE RES_ENT_ID IN ($1,$2,$3,$4,$5,$6,$7,$8,$9,$10,$11,$12,$13,$14,$15,$16,$17,$18,$19,$20,$21,$22,$23,$24,$25,$26,$27,$28,$29,$30,$31,$32) AND FTYPE_ID IN ($33,$34,$35,$36,$37,$38,$39,$40)",0,0,0,0,0,0,555,956.4375739999994,0.25749,59.20781,1.723310944144143,5.288355333800548,214220,49137,0,0,0,0,0,0,0,0,0,0,0,0,0,0,0,0,0,0,0,0,0,0,0,0,0,0,0,0,2026-08-28 13:28:10.652558+00,2026-08-28 13:28:10.652558+00
10,16384,t,-7720860253439351635,"MOVE -1780 IN ""query-cursor_165""",0,0,0,0,0,0,1,0.034271,0.034271,0.034271,0.034271,0,0,0,0,0,0,0,0,0,0,0,0,0,0,0,0,0,0,0,0,0,0,0,0,0,0,0,0,0,0,0,2026-08-28 14:38:28.141997+00,2026-08-28 14:38:28.141997+00
10,16384,t,1248727386581089813,"select queryid, calls, (total_plan_time + total_exec_time) as total_time, rows, shared_blks_hit, shared_blks_dirtied, shared_blks_read, shared_blks_written, local_blks_hit, local_blks_dirtied, local_blks_read, local_blks_written, temp_blks_read, temp_blks_written, storage_blks_read, orcache_blks_hit, shared_blk_read_time as blk_read_time, shared_blk_write_time as blk_write_time, storage_blk_read_time, local_blk_read_time, orcache_blk_read_time, total_plan_time, total_exec_time from aurora_stat_statements($1) where queryid in ($2, $3, $4, $5, $6, $7, $8, $9, $10, $11, $12, $13, $14, $15, $16, $17, $18, $19, $20, $21)",0,0,0,0,0,0,68,33.85270799999999,0.251338,0.8270890000000001,0.4978339411764705,0.15941541675279436,1515,0,0,0,0,0,0,0,0,0,0,0,0,0,0,0,0,0,0,0,0,0,0,0,0,0,0,0,0,0,2026-08-28 11:54:38.12637+00,2026-08-28 11:54:38.12637+00
16410,16412,t,-6763369678729749683,"CREATE UNIQUE INDEX SYS_CODES_USED_SK ON SYS_CODES_USED(CODE_TYPE, CODE_ID)",0,0,0,0,0,0,1,2.417427,2.417427,2.417427,2.417427,0,0,115,0,0,1,0,0,0,0,0,0,0,0.002206,0,0,0,0,0,0,0,0,0,0,0,0,0,0,0,0,0,2026-08-28 11:51:27.973453+00,2026-08-28 11:51:27.973453+00
10,16384,t,-4123832763563684764,"FETCH 17 IN ""query-cursor_15""",0,0,0,0,0,0,1,0.001869,0.001869,0.001869,0.001869,0,17,0,0,0,0,0,0,0,0,0,0,0,0,0,0,0,0,0,0,0,0,0,0,0,0,0,0,0,0,0,2026-08-28 12:03:28.1277+00,2026-08-28 12:03:28.1277+00
10,16384,t,353118367164412971,"MOVE -1528 IN ""query-cursor_123""",0,0,0,0,0,0,1,0.029378,0.029378,0.029378,0.029378,0,0,0,0,0,0,0,0,0,0,0,0,0,0,0,0,0,0,0,0,0,0,0,0,0,0,0,0,0,0,0,2026-08-28 13:56:28.138397+00,2026-08-28 13:56:28.138397+00
16410,16412,t,8394794296652833771,"SELECT RES_ENT_ID,LIB_FEAT_ID,FTYPE_ID,UTYPE_CODE,SUPPRESSED,OBS_ENT_CNT FROM RES_FEAT_EKEY WHERE RES_ENT_ID IN ($1) AND FTYPE_ID IN ($2,$3,$4,$5,$6,$7,$8,$9,$10,$11,$12,$13,$14,$15,$16,$17,$18,$19,$20,$21,$22,$23,$24,$25,$26,$27,$28,$29,$30,$31,$32,$33,$34,$35,$36,$37,$38,$39,$40,$41,$42,$43,$44,$45,$46,$47,$48,$49,$50,$51,$52,$53,$54)",0,0,0,0,0,0,5,2.1479809999999997,0.01561,1.433225,0.42959619999999993,0.5530059736174285,391,84,0,0,0,0,0,0,0,0,0,0,0,0,0,0,0,0,0,0,0,0,0,0,0,0,0,0,0,0,2026-08-28 13:29:42.117866+00,2026-08-28 13:29:42.117866+00
10,16384,t,6115405635108835330,"MOVE -344 IN ""query-cursor_36""",0,0,0,0,0,0,1,0.009088,0.009088,0.009088,0.009088,0,0,0,0,0,0,0,0,0,0,0,0,0,0,0,0,0,0,0,0,0,0,0,0,0,0,0,0,0,0,0,2026-08-28 12:24:28.128604+00,2026-08-28 12:24:28.128604+00
10,16384,t,7275814398050199315,"FETCH 50 IN ""query-cursor_74""",0,0,0,0,0,0,11,0.036828,0.0029,0.005741,0.003348,0.0007861505754451417,550,0,0,0,0,0,0,0,0,0,0,0,0,0,0,0,0,0,0,0,0,0,0,0,0,0,0,0,0,0,2026-08-28 13:02:28.131839+00,2026-08-28 13:02:28.131839+00
10,16384,t,1153535079805698179,"DECLARE ""query-cursor_25"" SCROLL CURSOR FOR select queryid, left(query, $1), calls, (total_plan_time + total_exec_time) as total_time from aurora_stat_statements($2) order by calls desc limit $3 FOR READ ONLY",0,0,0,0,0,0,1,0.065822,0.065822,0.065822,0.065822,0,0,0,0,0,0,0,0,0,0,0,0,0,0,0,0,0,0,0,0,0,0,0,0,0,0,0,0,0,0,0,2026-08-28 12:13:28.126964+00,2026-08-28 12:13:28.126964+00
10,16384,t,7892838506986507863,"SELECT COALESCE((pg_current_wal_lsn() - restart_lsn), $1) AS lsn_distance FROM pg_catalog.pg_replication_slots ORDER BY lsn_distance DESC LIMIT $2",0,0,0,0,0,0,176,1.6883960000000002,0.007317000000000001,0.037564,0.009593159090909091,0.003268284952617849,0,6,0,0,0,0,0,0,0,0,0,0,0,0,0,0,0,0,0,0,0,0,0,0,0,0,0,0,0,0,2026-08-28 11:48:37.978811+00,2026-08-28 11:48:37.978811+00
16410,16412,t,4309458531024924658,"SELECT OBS_ENT_ID,DSRC_ID,ENT_SRC_KEY,LOCKING_ID,FEATURES FROM OBS_ENT WHERE OBS_ENT_ID IN ($1,$2,$3,$4,$5,$6,$7,$8,$9,$10,$11,$12,$13,$14,$15,$16)",0,0,0,0,0,0,15,1.9409719999999997,0.056776,0.18197,0.1293981333333333,0.03351848961367774,159,751,0,0,0,0,0,0,0,0,0,0,0,0,0,0,0,0,0,0,0,0,0,0,0,0,0,0,0,0,2026-08-28 13:32:00.189577+00,2026-08-28 13:32:00.189577+00
10,16384,t,-1689433308153307669,"MOVE ALL IN ""query-cursor_92""",0,0,0,0,0,0,1,1.497638,1.497638,1.497638,1.497638,0,0,0,0,0,0,0,0,0,0,0,0,0,0,0,0,0,0,0,0,0,0,0,0,0,0,0,0,0,0,0,2026-08-28 13:20:28.133238+00,2026-08-28 13:20:28.133238+00
10,16384,t,7106246006048838986,"FETCH 0 IN ""query-cursor_21""",0,0,0,0,0,0,1,0.003353,0.003353,0.003353,0.003353,0,0,0,0,0,0,0,0,0,0,0,0,0,0,0,0,0,0,0,0,0,0,0,0,0,0,0,0,0,0,0,2026-08-28 12:09:28.126728+00,2026-08-28 12:09:28.126728+00
10,16384,t,-5905640829555695143,"FETCH 5 IN ""query-cursor_136""",0,0,0,0,0,0,1,0.001962,0.001962,0.001962,0.001962,0,5,0,0,0,0,0,0,0,0,0,0,0,0,0,0,0,0,0,0,0,0,0,0,0,0,0,0,0,0,0,2026-08-28 14:09:28.150494+00,2026-08-28 14:09:28.150494+00
16410,16412,t,-212649603450717518,"SELECT OBS_ENT_ID,RES_ENT_ID FROM RES_ENT_OKEY WHERE RES_ENT_ID IN ($1,$2,$3,$4)",0,0,0,0,0,0,129,3.5772549999999996,0.01197,0.07867,0.02773065891472868,0.01020854958264568,414,1707,0,0,0,0,0,0,0,0,0,0,0,0,0,0,0,0,0,0,0,0,0,0,0,0,0,0,0,0,2026-08-28 13:30:14.292672+00,2026-08-28 13:30:14.292672+00
16410,16412,t,4735422481682552379,"SELECT RES_ENT_ID,LIB_FEAT_ID,FTYPE_ID,UTYPE_CODE,SUPPRESSED,OBS_ENT_CNT FROM RES_FEAT_EKEY WHERE RES_ENT_ID IN ($1,$2) AND FTYPE_ID IN ($3,$4,$5,$6,$7)",0,0,0,0,0,0,74,31.843675,0.032893,23.195606,0.43031993243243244,2.670056159405,1537,685,0,0,0,0,0,0,0,0,0,0,0,0,0,0,0,0,0,0,0,0,0,0,0,0,0,0,0,0,2026-08-28 13:39:50.245685+00,2026-08-28 13:39:50.245685+00
10,16384,t,7021213894311986600,"FETCH 0 IN ""query-cursor_100""",0,0,0,0,0,0,1,0.003187,0.003187,0.003187,0.003187,0,0,0,0,0,0,0,0,0,0,0,0,0,0,0,0,0,0,0,0,0,0,0,0,0,0,0,0,0,0,0,2026-08-28 13:28:28.132271+00,2026-08-28 13:28:28.132271+00
10,16384,t,-8816076752325876838,"FETCH 15 IN ""query-cursor_146""",0,0,0,0,0,0,1,0.002133,0.002133,0.002133,0.002133,0,15,0,0,0,0,0,0,0,0,0,0,0,0,0,0,0,0,0,0,0,0,0,0,0,0,0,0,0,0,0,2026-08-28 14:19:28.151538+00,2026-08-28 14:19:28.151538+00
10,16384,t,1614636232220943118,"DECLARE ""query-cursor_86"" SCROLL CURSOR FOR select queryid, left(query, $1), calls, (total_plan_time + total_exec_time) as total_time from aurora_stat_statements($2) order by calls desc limit $3 FOR READ ONLY",0,0,0,0,0,0,1,0.064361,0.064361,0.064361,0.064361,0,0,0,0,0,0,0,0,0,0,0,0,0,0,0,0,0,0,0,0,0,0,0,0,0,0,0,0,0,0,0,2026-08-28 13:14:28.131248+00,2026-08-28 13:14:28.131248+00
16410,16412,t,-5118325240021580700,"UPDATE RES_ENT SET ENT_STATE=COALESCE(ENT_STATE,$5)|$1 WHERE RES_ENT_ID=$2 AND (COALESCE(ENT_STATE,$6)&$3)<>$4",0,0,0,0,0,0,1703540,390119906.315741,0.003206,372869.287342,229.0054277068581,5738.252636167757,298622,10497699,0,0,518,0,0,0,0,0,0,0,33.828087,0,0,0,0,0,0,0,0,0,0,0,0,0,0,0,0,0,2026-08-28 13:27:23.759522+00,2026-08-28 13:27:23.759522+00
10,16384,t,-4370941775062078205,"FETCH 50 IN ""query-cursor_170""",0,0,0,0,0,0,36,0.14634999999999998,0.002792,0.00681,0.004065277777777777,0.001080898124789213,1800,0,0,0,0,0,0,0,0,0,0,0,0,0,0,0,0,0,0,0,0,0,0,0,0,0,0,0,0,0,2026-08-28 14:43:28.142437+00,2026-08-28 14:43:28.142437+00
10,16384,t,-4771772127532478709,"DECLARE ""query-cursor_52"" SCROLL CURSOR FOR select queryid, left(query, $1), calls, (total_plan_time + total_exec_time) as total_time from aurora_stat_statements($2) order by calls desc limit $3 FOR READ ONLY",0,0,0,0,0,0,1,0.073132,0.073132,0.073132,0.073132,0,0,0,0,0,0,0,0,0,0,0,0,0,0,0,0,0,0,0,0,0,0,0,0,0,0,0,0,0,0,0,2026-08-28 12:40:28.128832+00,2026-08-28 12:40:28.128832+00
10,16384,t,-852248391679385182,"select queryid, calls, (total_plan_time + total_exec_time) as total_time, rows, shared_blks_hit, shared_blks_dirtied, shared_blks_read, shared_blks_written, local_blks_hit, local_blks_dirtied, local_blks_read, local_blks_written, temp_blks_read, temp_blks_written, storage_blks_read, orcache_blks_hit, shared_blk_read_time as blk_read_time, shared_blk_write_time as blk_write_time, storage_blk_read_time, local_blk_read_time, orcache_blk_read_time, total_plan_time, total_exec_time from aurora_stat_statements($1) where queryid in ($2, $3, $4, $5, $6, $7, $8, $9, $10, $11, $12, $13, $14, $15, $16, $17, $18, $19, $20, $21, $22, $23, $24, $25, $26, $27, $28, $29, $30, $31, $32, $33, $34, $35, $36, $37, $38, $39, $40, $41, $42, $43, $44, $45, $46, $47, $48, $49, $50, $51, $52, $53, $54, $55, $56, $57, $58, $59, $60, $61, $62, $63)",0,0,0,0,0,0,2,4.213524,1.440998,2.772526,2.106762,0.6657640000000001,125,0,0,0,0,0,0,0,0,0,0,0,0,0,0,0,0,0,0,0,0,0,0,0,0,0,0,0,0,0,2026-08-28 13:31:38.136659+00,2026-08-28 13:31:38.136659+00
10,16384,t,-5281552895721550014,"FETCH 0 IN ""query-cursor_158""",0,0,0,0,0,0,1,0.003695,0.003695,0.003695,0.003695,0,0,0,0,0,0,0,0,0,0,0,0,0,0,0,0,0,0,0,0,0,0,0,0,0,0,0,0,0,0,0,2026-08-28 14:31:28.136434+00,2026-08-28 14:31:28.136434+00
10,16384,t,-3405177725533902156,"FETCH 0 IN ""query-cursor_168""",0,0,0,0,0,0,1,0.003757,0.003757,0.003757,0.003757,0,0,0,0,0,0,0,0,0,0,0,0,0,0,0,0,0,0,0,0,0,0,0,0,0,0,0,0,0,0,0,2026-08-28 14:41:28.137279+00,2026-08-28 14:41:28.137279+00
10,16384,t,2877403704639359405,SELECT pg_backend_pid(),0,0,0,0,0,0,178,1.6487489999999991,0.0047729999999999995,0.016025,0.00926263483146067,0.0018609373578382482,178,0,0,0,0,0,0,0,0,0,0,0,0,0,0,0,0,0,0,0,0,0,0,0,0,0,0,0,0,0,2026-08-28 11:48:10.861067+00,2026-08-28 11:48:10.861067+00
10,16384,t,7590961550111627970,"FETCH 29 IN ""query-cursor_140""",0,0,0,0,0,0,1,0.003215,0.003215,0.003215,0.003215,0,29,0,0,0,0,0,0,0,0,0,0,0,0,0,0,0,0,0,0,0,0,0,0,0,0,0,0,0,0,0,2026-08-28 14:13:28.150653+00,2026-08-28 14:13:28.150653+00
10,16384,t,-1981488734533645639,"FETCH 50 IN ""query-cursor_155""",0,0,0,0,0,0,34,0.152349,0.002791,0.021743,0.0044808529411764705,0.0031971048220350213,1700,0,0,0,0,0,0,0,0,0,0,0,0,0,0,0,0,0,0,0,0,0,0,0,0,0,0,0,0,0,2026-08-28 14:28:28.141405+00,2026-08-28 14:28:28.141405+00
10,16384,t,7793315683870882026,"DECLARE ""query-cursor_165"" SCROLL CURSOR FOR select queryid, left(query, $1), calls, (total_plan_time + total_exec_time) as total_time from aurora_stat_statements($2) order by calls desc limit $3 FOR READ ONLY",0,0,0,0,0,0,1,0.065286,0.065286,0.065286,0.065286,0,0,0,0,0,0,0,0,0,0,0,0,0,0,0,0,0,0,0,0,0,0,0,0,0,0,0,0,0,0,0,2026-08-28 14:38:28.136671+00,2026-08-28 14:38:28.136671+00
16410,16412,t,-1056071011636259371,"SELECT OBS_ENT_ID,DSRC_ID,ENT_SRC_KEY,LOCKING_ID,FEATURES FROM OBS_ENT WHERE OBS_ENT_ID IN ($1,$2,$3,$4)",0,0,0,0,0,0,1002,72.04971099999997,0.012456,5.710471,0.07190589920159678,0.19241620575101168,3319,21178,0,0,0,0,0,0,0,0,0,0,0,0,0,0,0,0,0,0,0,0,0,0,0,0,0,0,0,0,2026-08-28 13:28:36.504406+00,2026-08-28 13:28:36.504406+00
16410,16412,t,8135051228710434277,"INSERT INTO DSRC_RECORD(DSRC_ID,RECORD_ID,ENT_SRC_KEY,JSON_DATA,CONFIG_ID,FIRST_SEEN_DT,LAST_SEEN_DT) VALUES ($1,$2,$3,$4,$5,$6,$7)",0,0,0,0,0,0,995750,40233228.821743846,0.017416,2403.904015,40.40494985864308,110.98206199838073,995750,37567685,12,0,1786015,0,0,0,0,0,0,1.292117,19533.009120000323,0,0,0,0,0,0,0,0,0,0,0,0,0,0,0,0,0,2026-08-28 13:27:22.100533+00,2026-08-28 13:27:22.100533+00
10,16384,t,4318471553345765097,"FETCH 50 IN ""query-cursor_156""",0,0,0,0,0,0,34,0.135783,0.002719,0.006506,0.003993617647058823,0.0010609410089135322,1700,0,0,0,0,0,0,0,0,0,0,0,0,0,0,0,0,0,0,0,0,0,0,0,0,0,0,0,0,0,2026-08-28 14:29:28.141358+00,2026-08-28 14:29:28.141358+00
10,16384,t,879493129212288955,"MOVE -1452 IN ""query-cursor_112""",0,0,0,0,0,0,1,0.028057,0.028057,0.028057,0.028057,0,0,0,0,0,0,0,0,0,0,0,0,0,0,0,0,0,0,0,0,0,0,0,0,0,0,0,0,0,0,0,2026-08-28 13:45:28.137877+00,2026-08-28 13:45:28.137877+00
10,16384,t,2366331402341159428,"FETCH 50 IN ""query-cursor_149""",0,0,0,0,0,0,33,0.15556699999999998,0.002905,0.018935,0.004714151515151515,0.0027608494972997224,1650,0,0,0,0,0,0,0,0,0,0,0,0,0,0,0,0,0,0,0,0,0,0,0,0,0,0,0,0,0,2026-08-28 14:22:28.140728+00,2026-08-28 14:22:28.140728+00
10,1,t,588360189971772035,"SELECT current_catalog, COUNT(*) FROM pg_catalog.pg_extension WHERE extname = $1",0,0,0,0,0,0,1,0.007317000000000001,0.007317000000000001,0.007317000000000001,0.007317000000000001,0,1,1,0,0,0,0,0,0,0,0,0,0,0,0,0,0,0,0,0,0,0,0,0,0,0,0,0,0,0,0,2026-08-28 12:45:00.485891+00,2026-08-28 12:45:00.485891+00
16410,16412,t,-7893959023605394679,UPDATE RES_ENT SET LAST_TOUCH_DT=$1 WHERE RES_ENT_ID IN ($2) AND LAST_TOUCH_DT=$3,0,0,0,0,0,0,17951,98880.72956199992,0.014601,67199.023634,5.508368868698118,505.04280163752406,17949,286116,0,0,12,0,0,0,0,0,0,0,0.126995,0,0,0,0,0,0,0,0,0,0,0,0,0,0,0,0,0,2026-08-28 13:27:43.367274+00,2026-08-28 13:27:43.367274+00
16410,16412,t,1837223953060686283,"SELECT RES_ENT_ID,LIB_FEAT_ID,FTYPE_ID,UTYPE_CODE,SUPPRESSED,OBS_ENT_CNT FROM RES_FEAT_EKEY WHERE RES_ENT_ID IN ($1,$2,$3,$4,$5,$6,$7,$8) AND FTYPE_ID IN ($9,$10,$11,$12,$13,$14,$15,$16,$17,$18,$19,$20,$21,$22,$23,$24,$25,$26,$27,$28,$29,$30,$31,$32,$33,$34,$35,$36,$37,$38,$39,$40,$41,$42,$43,$44,$45,$46,$47,$48,$49,$50,$51,$52,$53,$54,$55,$56,$57,$58,$59,$60,$61,$62,$63,$64,$65,$66,$67)",0,0,0,0,0,0,2,0.480322,0.153519,0.326803,0.240161,0.08664200000000001,0,60,0,0,0,0,0,0,0,0,0,0,0,0,0,0,0,0,0,0,0,0,0,0,0,0,0,0,0,0,2026-08-28 13:38:27.330807+00,2026-08-28 13:38:27.330807+00
16410,16412,t,-7657784240000831708,"UPDATE RES_FEAT_STAT AS T SET FTYPE_ID=C.FTYPE_ID,NUM_RES_ENT=C.NUM_RES_ENT_NEW,NUM_RES_ENT_OOM=C.NUM_RES_ENT_OOM_NEW FROM (VALUES (CAST ($1 AS BIGINT),CAST ($2 AS INT),CAST ($3 AS BIGINT),CAST ($4 AS BIGINT),CAST ($5 AS BIGINT),CAST ($6 AS BIGINT)),(CAST ($7 AS BIGINT),CAST ($8 AS INT),CAST ($9 AS BIGINT),CAST ($10 AS BIGINT),CAST ($11 AS BIGINT),CAST ($12 AS BIGINT)),(CAST ($13 AS BIGINT),CAST ($14 AS INT),CAST ($15 AS BIGINT),CAST ($16 AS BIGINT),CAST ($17 AS BIGINT),CAST ($18 AS BIGINT)),(CAST ($19 AS BIGINT),CAST ($20 AS INT),CAST ($21 AS BIGINT),CAST ($22 AS BIGINT),CAST ($23 AS BIGINT),CAST ($24 AS BIGINT))) AS C(LIB_FEAT_ID,FTYPE_ID,NUM_RES_ENT_OLD,NUM_RES_ENT_OOM_OLD,NUM_RES_ENT_NEW,NUM_RES_ENT_OOM_NEW) WHERE C.LIB_FEAT_ID=T.LIB_FEAT_ID AND C.NUM_RES_ENT_OLD=T.NUM_RES_ENT AND C.NUM_RES_ENT_OOM_OLD=T.NUM_RES_ENT_OOM",0,0,0,0,0,0,89,1731.6700420000004,0.022654,934.0757629999999,19.45696676404495,127.7770661821472,113,9593,0,0,0,0,0,0,0,0,0,0,0,0,0,0,0,0,0,0,0,0,0,0,0,0,0,0,0,0,2026-08-28 13:28:06.300842+00,2026-08-28 13:28:06.300842+00
10,16384,t,2761037230203928035,"MOVE ALL IN ""query-cursor_6""",0,0,0,0,0,0,1,0.323819,0.323819,0.323819,0.323819,0,0,0,0,0,0,0,0,0,0,0,0,0,0,0,0,0,0,0,0,0,0,0,0,0,0,0,0,0,0,0,2026-08-28 11:54:28.126018+00,2026-08-28 11:54:28.126018+00
10,16384,t,-132421109384213628,"DECLARE ""query-cursor_121"" SCROLL CURSOR FOR select queryid, left(query, $1), calls, (total_plan_time + total_exec_time) as total_time from aurora_stat_statements($2) order by calls desc limit $3 FOR READ ONLY",0,0,0,0,0,0,1,0.069416,0.069416,0.069416,0.069416,0,0,0,0,0,0,0,0,0,0,0,0,0,0,0,0,0,0,0,0,0,0,0,0,0,0,0,0,0,0,0,2026-08-28 13:54:28.134101+00,2026-08-28 13:54:28.134101+00
10,16384,t,1663689035991916697,"MOVE ALL IN ""query-cursor_134""",0,0,0,0,0,0,1,4.40092,4.40092,4.40092,4.40092,0,0,0,0,0,0,0,0,0,0,0,0,0,0,0,0,0,0,0,0,0,0,0,0,0,0,0,0,0,0,0,2026-08-28 14:07:28.139257+00,2026-08-28 14:07:28.139257+00
10,16384,t,388465306804962233,"FETCH 0 IN ""query-cursor_6""",0,0,0,0,0,0,1,0.004041,0.004041,0.004041,0.004041,0,0,0,0,0,0,0,0,0,0,0,0,0,0,0,0,0,0,0,0,0,0,0,0,0,0,0,0,0,0,0,2026-08-28 11:54:28.125655+00,2026-08-28 11:54:28.125655+00
10,16384,t,8628404632443121974,"FETCH 20 IN ""query-cursor_103""",0,0,0,0,0,0,1,0.002253,0.002253,0.002253,0.002253,0,20,0,0,0,0,0,0,0,0,0,0,0,0,0,0,0,0,0,0,0,0,0,0,0,0,0,0,0,0,0,2026-08-28 13:31:28.151197+00,2026-08-28 13:31:28.151197+00
10,16384,t,5721161299437937071,select max(age(datfrozenxid)) from pg_catalog.pg_database where datconnlimit <> $1,0,0,0,0,0,0,181,1.4828059999999996,0.005362,0.038640999999999995,0.008192298342541435,0.00394352025051734,181,181,0,0,0,0,0,0,0,0,0,0,0,0,0,0,0,0,0,0,0,0,0,0,0,0,0,0,0,0,2026-08-28 11:48:37.957901+00,2026-08-28 11:48:37.957901+00
16410,16412,t,4284151609746319977,"SELECT LIB_FEAT_ID,FEAT_DESC,FTYPE_ID,ANONYMIZED,FEAT_HASH,VERSION,FELEM_VALUES FROM LIB_FEAT WHERE LIB_FEAT_ID IN ($1,$2,$3,$4,$5,$6,$7,$8,$9,$10,$11,$12,$13,$14,$15,$16,$17,$18,$19,$20,$21,$22,$23,$24,$25,$26,$27,$28,$29,$30,$31,$32)",0,0,0,0,0,0,397382,57605.838995000384,0.016187,38.086012000000004,0.14496338282811094,0.5255145088002149,9310287,15484069,0,0,0,0,0,0,0,0,0,0,0,0,0,0,0,0,0,0,0,0,0,0,0,0,0,0,0,0,2026-08-28 13:27:23.095236+00,2026-08-28 13:27:23.095236+00
16410,16412,t,-8997538633034647196,"UPDATE RES_ENT SET LAST_TOUCH_DT=$1 WHERE RES_ENT_ID IN ($2,$3) AND LAST_TOUCH_DT=$4",0,0,0,0,0,0,48,11.661584999999999,0.033206,7.349041,0.24294968749999998,1.0371504228863324,96,1512,0,0,0,0,0,0,0,0,0,0,0,0,0,0,0,0,0,0,0,0,0,0,0,0,0,0,0,0,2026-08-28 13:30:04.078526+00,2026-08-28 13:30:04.078526+00
16410,16412,t,8237086915824623385,"SELECT RES_ENT_ID,LIB_FEAT_ID,FTYPE_ID,UTYPE_CODE,SUPPRESSED,OBS_ENT_CNT FROM RES_FEAT_EKEY WHERE RES_ENT_ID IN ($1,$2,$3,$4,$5,$6,$7,$8,$9,$10,$11,$12,$13,$14,$15,$16) AND FTYPE_ID IN ($17,$18,$19,$20,$21,$22,$23,$24,$25)",0,0,0,0,0,0,15729,10036.812451999991,0.115127,60.951273,0.6381087451204775,2.136611204010296,3110615,784766,0,0,0,0,0,0,0,0,0,0,0,0,0,0,0,0,0,0,0,0,0,0,0,0,0,0,0,0,2026-08-28 13:27:29.02461+00,2026-08-28 13:27:29.02461+00
10,16384,t,6574420096249042292,"MOVE ALL IN ""query-cursor_73""",0,0,0,0,0,0,1,1.281783,1.281783,1.281783,1.281783,0,0,0,0,0,0,0,0,0,0,0,0,0,0,0,0,0,0,0,0,0,0,0,0,0,0,0,0,0,0,0,2026-08-28 13:01:28.131706+00,2026-08-28 13:01:28.131706+00
10,16384,t,1233998885399519782,"FETCH 7 IN ""query-cursor_113""",0,0,0,0,0,0,1,0.00247,0.00247,0.00247,0.00247,0,7,0,0,0,0,0,0,0,0,0,0,0,0,0,0,0,0,0,0,0,0,0,0,0,0,0,0,0,0,0,2026-08-28 13:46:28.15119+00,2026-08-28 13:46:28.15119+00
10,16384,t,9028465920508529324,"MOVE ALL IN ""query-cursor_23""",0,0,0,0,0,0,1,0.558713,0.558713,0.558713,0.558713,0,0,0,0,0,0,0,0,0,0,0,0,0,0,0,0,0,0,0,0,0,0,0,0,0,0,0,0,0,0,0,2026-08-28 12:11:28.127468+00,2026-08-28 12:11:28.127468+00
16410,16412,t,-8328794838425392660,"SELECT RES_ENT_ID,LIB_FEAT_ID,FTYPE_ID,UTYPE_CODE,SUPPRESSED,OBS_ENT_CNT FROM RES_FEAT_EKEY WHERE RES_ENT_ID IN ($1,$2,$3,$4) AND FTYPE_ID IN ($5,$6,$7,$8,$9)",0,0,0,0,0,0,131,84.93378899999999,0.046817000000000004,32.179465,0.648349534351145,3.772281585248869,5047,2072,0,0,0,0,0,0,0,0,0,0,0,0,0,0,0,0,0,0,0,0,0,0,0,0,0,0,0,0,2026-08-28 13:29:55.62394+00,2026-08-28 13:29:55.62394+00
10,16384,t,-7882176968703174761,"FETCH 7 IN ""query-cursor_153""",0,0,0,0,0,0,1,0.001748,0.001748,0.001748,0.001748,0,7,0,0,0,0,0,0,0,0,0,0,0,0,0,0,0,0,0,0,0,0,0,0,0,0,0,0,0,0,0,2026-08-28 14:26:28.152411+00,2026-08-28 14:26:28.152411+00
16410,16412,t,-7005684896389993119,"SELECT RES_ENT_ID,LIB_FEAT_ID,FTYPE_ID,UTYPE_CODE,SUPPRESSED,OBS_ENT_CNT FROM RES_FEAT_EKEY WHERE RES_ENT_ID IN ($1,$2,$3,$4,$5,$6,$7,$8,$9,$10,$11,$12,$13,$14,$15,$16,$17,$18,$19,$20,$21,$22,$23,$24,$25,$26,$27,$28,$29,$30,$31,$32,$33,$34,$35,$36,$37,$38,$39,$40,$41,$42,$43,$44,$45,$46,$47,$48,$49,$50,$51,$52,$53,$54,$55,$56,$57,$58,$59,$60,$61,$62,$63,$64,$65,$66,$67,$68,$69,$70,$71,$72,$73,$74,$75,$76) AND FTYPE_ID IN ($77,$78,$79,$80,$81,$82,$83,$84,$85,$86,$87,$88,$89,$90,$91,$92,$93,$94,$95,$96,$97,$98,$99,$100)",0,0,0,0,0,0,128,16850.21684499999,20.459415,538.741628,131.64231910156244,111.77287808435888,14056021,177473,0,0,0,0,0,0,0,0,0,0,0,0,0,0,0,0,0,0,0,0,0,0,0,0,0,0,0,0,2026-08-28 13:27:54.901477+00,2026-08-28 13:27:54.901477+00
10,16384,t,-3724618404267168752,"FETCH 0 IN ""query-cursor_74""",0,0,0,0,0,0,1,0.004059,0.004059,0.004059,0.004059,0,0,0,0,0,0,0,0,0,0,0,0,0,0,0,0,0,0,0,0,0,0,0,0,0,0,0,0,0,0,0,2026-08-28 13:02:28.130444+00,2026-08-28 13:02:28.130444+00
16410,16412,t,9178158556209458471,"INSERT INTO RES_FEAT_STAT(LIB_FEAT_ID,FTYPE_ID,NUM_RES_ENT,NUM_RES_ENT_OOM) VALUES ($1,$2,$3,$4),($5,$6,$7,$8),($9,$10,$11,$12),($13,$14,$15,$16),($17,$18,$19,$20),($21,$22,$23,$24),($25,$26,$27,$28),($29,$30,$31,$32),($33,$34,$35,$36),($37,$38,$39,$40),($41,$42,$43,$44),($45,$46,$47,$48),($49,$50,$51,$52),($53,$54,$55,$56),($57,$58,$59,$60),($61,$62,$63,$64) ON CONFLICT DO NOTHING",0,0,0,0,0,0,26298,119445.87699399926,0.14535399999999998,647.244878,4.542013727051459,18.969998871373356,420619,3601028,0,0,3404,0,0,0,0,0,0,0,203.10382899999945,0,0,0,0,0,0,0,0,0,0,0,0,0,0,0,0,0,2026-08-28 13:27:22.221229+00,2026-08-28 13:27:22.221229+00
16410,16412,t,-7877992818113880049,"DELETE FROM RES_RELATE WHERE RES_REL_ID IN ($1,$2,$3,$4,$5,$6,$7,$8,$9,$10,$11,$12,$13,$14,$15,$16,$17,$18,$19,$20,$21,$22,$23,$24,$25,$26,$27,$28,$29,$30,$31,$32)",0,0,0,0,0,0,37,6.872419,0.08537700000000001,0.332198,0.18574105405405406,0.06625511066017227,803,2904,0,0,0,0,0,0,0,0,0,0,0,0,0,0,0,0,0,0,0,0,0,0,0,0,0,0,0,0,2026-08-28 13:30:14.286454+00,2026-08-28 13:30:14.286454+00
16410,16412,t,7987166870876121091,"INSERT INTO RES_FEAT_EKEY(RES_ENT_ID,LIB_FEAT_ID,FTYPE_ID,UTYPE_CODE,SUPPRESSED,OBS_ENT_CNT) VALUES ($1,$2,$3,$4,$5,$6),($7,$8,$9,$10,$11,$12),($13,$14,$15,$16,$17,$18),($19,$20,$21,$22,$23,$24),($25,$26,$27,$28,$29,$30),($31,$32,$33,$34,$35,$36),($37,$38,$39,$40,$41,$42),($43,$44,$45,$46,$47,$48),($49,$50,$51,$52,$53,$54),($55,$56,$57,$58,$59,$60) ON CONFLICT DO NOTHING",0,0,0,0,0,0,119650,493161.26113300025,0.11741700000000001,1360.3188539999999,4.121698797601339,17.119488283966152,1196500,15193976,0,0,19097,0,0,0,0,0,0,0,994.6576220000032,0,0,0,0,0,0,0,0,0,0,0,0,0,0,0,0,0,2026-08-28 13:27:22.188517+00,2026-08-28 13:27:22.188517+00
16410,16412,t,-2387102161640129417,"UPDATE RES_FEAT_EKEY AS T SET SUPPRESSED=C.SUPPRESSED,OBS_ENT_CNT=C.OBS_ENT_CNT FROM (VALUES (CAST ($1 AS BIGINT),CAST ($2 AS BIGINT),$3,$4,CAST ($5 AS BIGINT)),(CAST ($6 AS BIGINT),CAST ($7 AS BIGINT),$8,$9,CAST ($10 AS BIGINT)),(CAST ($11 AS BIGINT),CAST ($12 AS BIGINT),$13,$14,CAST ($15 AS BIGINT)),(CAST ($16 AS BIGINT),CAST ($17 AS BIGINT),$18,$19,CAST ($20 AS BIGINT)),(CAST ($21 AS BIGINT),CAST ($22 AS BIGINT),$23,$24,CAST ($25 AS BIGINT)),(CAST ($26 AS BIGINT),CAST ($27 AS BIGINT),$28,$29,CAST ($30 AS BIGINT)),(CAST ($31 AS BIGINT),CAST ($32 AS BIGINT),$33,$34,CAST ($35 AS BIGINT)),(CAST ($36 AS BIGINT),CAST ($37 AS BIGINT),$38,$39,CAST ($40 AS BIGINT)),(CAST ($41 AS BIGINT),CAST ($42 AS BIGINT),$43,$44,CAST ($45 AS BIGINT)),(CAST ($46 AS BIGINT),CAST ($47 AS BIGINT),$48,$49,CAST ($50 AS BIGINT)),(CAST ($51 AS BIGINT),CAST ($52 AS BIGINT),$53,$54,CAST ($55 AS BIGINT)),(CAST ($56 AS BIGINT),CAST ($57 AS BIGINT),$58,$59,CAST ($60 AS BIGINT)),(CAST ($61 AS BIGINT),CAST ($62 AS BIGINT),$63,$64,CAST ($65 AS BIGINT)),(CAST ($66 AS BIGINT),CAST ($67 AS BIGINT),$68,$69,CAST ($70 AS BIGINT)),(CAST ($71 AS BIGINT),CAST ($72 AS BIGINT),$73,$74,CAST ($75 AS BIGINT)),(CAST ($76 AS BIGINT),CAST ($77 AS BIGINT),$78,$79,CAST ($80 AS BIGINT)),(CAST ($81 AS BIGINT),CAST ($82 AS BIGINT),$83,$84,CAST ($85 AS BIGINT))) AS C(RES_ENT_ID,LIB_FEAT_ID,UTYPE_CODE,SUPPRESSED,OBS_ENT_CNT) WHERE C.RES_ENT_ID=T.RES_ENT_ID AND C.LIB_FEAT_ID=T.LIB_FEAT_ID AND C.UTYPE_CODE=T.UTYPE_CODE",0,0,0,0,0,0,85,171.54280199999994,0.199015,33.301468,2.018150611764705,5.120821774317419,1445,19529,0,0,4,0,0,0,0,0,0,0,0.035852999999999996,0,0,0,0,0,0,0,0,0,0,0,0,0,0,0,0,0,2026-08-28 13:28:14.299921+00,2026-08-28 13:28:14.299921+00
10,16384,t,5153151658922619928,"FETCH 30 IN ""query-cursor_5""",0,0,0,0,0,0,1,0.003509,0.003509,0.003509,0.003509,0,30,0,0,0,0,0,0,0,0,0,0,0,0,0,0,0,0,0,0,0,0,0,0,0,0,0,0,0,0,0,2026-08-28 11:53:28.126526+00,2026-08-28 11:53:28.126526+00
10,16384,t,1913342012676431259,select sum(used_bytes) as volume_bytes_used from aurora_stat_file(),0,0,0,0,0,0,170,189.3248969999999,0.801851,2.472781,1.1136758647058818,0.27648879141589633,170,0,0,0,0,0,0,0,0,0,0,0,0,0,0,0,0,0,0,0,0,0,0,0,0,0,0,0,0,0,2026-08-28 11:49:27.68843+00,2026-08-28 11:49:27.68843+00
10,16384,t,2409714455514442706,"FETCH 50 IN ""query-cursor_46""",0,0,0,0,0,0,8,0.026863,0.002803,0.00552,0.003357875,0.0008648409445528118,400,0,0,0,0,0,0,0,0,0,0,0,0,0,0,0,0,0,0,0,0,0,0,0,0,0,0,0,0,0,2026-08-28 12:34:28.129395+00,2026-08-28 12:34:28.129395+00
10,16384,t,-1041116581600476558,"FETCH 0 IN ""query-cursor_118""",0,0,0,0,0,0,1,0.003911,0.003911,0.003911,0.003911,0,0,0,0,0,0,0,0,0,0,0,0,0,0,0,0,0,0,0,0,0,0,0,0,0,0,0,0,0,0,0,2026-08-28 13:51:28.133695+00,2026-08-28 13:51:28.133695+00
16410,16412,t,3519821244857895553,"SELECT RES_ENT_ID,LIB_FEAT_ID,FTYPE_ID,UTYPE_CODE,SUPPRESSED,OBS_ENT_CNT FROM RES_FEAT_EKEY WHERE RES_ENT_ID IN ($1,$2,$3,$4,$5,$6,$7,$8,$9,$10,$11,$12,$13,$14,$15,$16,$17,$18,$19,$20,$21,$22,$23,$24,$25,$26,$27,$28,$29,$30,$31,$32,$33,$34,$35,$36,$37,$38,$39,$40,$41,$42,$43,$44,$45,$46,$47,$48,$49,$50,$51,$52,$53,$54,$55,$56,$57,$58,$59,$60,$61,$62,$63,$64) AND FTYPE_ID IN ($65,$66,$67,$68,$69,$70,$71,$72,$73,$74,$75,$76,$77,$78,$79,$80,$81,$82,$83,$84)",0,0,0,0,0,0,179,9169.020178000002,2.3810540000000002,392.824389,51.223576413407834,58.41733670979086,7307221,111757,0,0,0,0,0,0,0,0,0,0,0,0,0,0,0,0,0,0,0,0,0,0,0,0,0,0,0,0,2026-08-28 13:27:33.126157+00,2026-08-28 13:27:33.126157+00
10,16384,t,-786406970955634702,"DECLARE ""query-cursor_68"" SCROLL CURSOR FOR select queryid, left(query, $1), calls, (total_plan_time + total_exec_time) as total_time from aurora_stat_statements($2) order by calls desc limit $3 FOR READ ONLY",0,0,0,0,0,0,1,0.069866,0.069866,0.069866,0.069866,0,0,0,0,0,0,0,0,0,0,0,0,0,0,0,0,0,0,0,0,0,0,0,0,0,0,0,0,0,0,0,2026-08-28 12:56:28.129965+00,2026-08-28 12:56:28.129965+00
16410,16412,t,-3670728237978889489,"SELECT RES_ENT_ID,LIB_FEAT_ID,FTYPE_ID,UTYPE_CODE,SUPPRESSED,OBS_ENT_CNT FROM RES_FEAT_EKEY WHERE RES_ENT_ID IN ($1,$2) AND FTYPE_ID IN ($3,$4,$5,$6,$7,$8,$9,$10,$11,$12,$13,$14,$15,$16,$17,$18,$19,$20,$21)",0,0,0,0,0,0,168,56.18831399999995,0.033773,3.522128,0.3344542499999997,0.5788479179922796,74127,2326,0,0,0,0,0,0,0,0,0,0,0,0,0,0,0,0,0,0,0,0,0,0,0,0,0,0,0,0,2026-08-28 13:27:25.257382+00,2026-08-28 13:27:25.257382+00
10,16384,t,-5688026422225496090,"FETCH 39 IN ""query-cursor_125""",0,0,0,0,0,0,1,0.003934,0.003934,0.003934,0.003934,0,39,0,0,0,0,0,0,0,0,0,0,0,0,0,0,0,0,0,0,0,0,0,0,0,0,0,0,0,0,0,2026-08-28 13:58:28.149555+00,2026-08-28 13:58:28.149555+00
10,16384,t,5100882589346608901,"FETCH 0 IN ""query-cursor_133""",0,0,0,0,0,0,1,0.003592,0.003592,0.003592,0.003592,0,0,0,0,0,0,0,0,0,0,0,0,0,0,0,0,0,0,0,0,0,0,0,0,0,0,0,0,0,0,0,2026-08-28 14:06:28.134725+00,2026-08-28 14:06:28.134725+00
10,16384,t,-4259630191317040559,"select name,setting from pg_settings where name IN($1,$2,$3,$4,$5,$6,$7,$8,$9,$10,$11,$12,$13,$14,$15,$16,$17,$18,$19,$20,$21,$22,$23,$24,$25,$26,$27,$28,$29,$30,$31,$32,$33,$34,$35,$36,$37,$38,$39,$40,$41,$42,$43,$44,$45,$46,$47,$48,$49,$50,$51,$52,$53,$54,$55,$56,$57,$58,$59,$60,$61,$62,$63,$64,$65,$66,$67,$68,$69,$70,$71,$72,$73,$74,$75,$76,$77,$78,$79,$80,$81,$82,$83,$84,$85,$86,$87,$88,$89,$90,$91,$92,$93,$94,$95,$96,$97,$98,$99,$100,$101,$102,$103,$104,$105,$106,$107,$108,$109,$110,$111,$112,$113,$114,$115,$116,$117,$118,$119,$120,$121,$122,$123,$124,$125,$126,$127,$128,$129,$130,$131,$132,$133,$134,$135,$136,$137,$138,$139,$140,$141,$142,$143,$144,$145,$146,$147,$148,$149,$150,$151,$152,$153,$154,$155,$156,$157,$158,$159,$160,$161,$162,$163,$164,$165,$166,$167,$168,$169,$170,$171,$172,$173,$174,$175,$176,$177,$178,$179,$180,$181,$182,$183,$184,$185,$186,$187,$188,$189,$190,$191,$192,$193,$194,$195,$196,$197,$198,$199,$200,$201,$202,$203,$204,$205,$206,$207,$208,$209,$210,$211,$212,$213,$214,$215,$216,$217,$218,$219,$220,$221,$222,$223,$224,$225,$226,$227,$228,$229,$230,$231,$232,$233,$234,$235,$236,$237,$238,$239,$240,$241,$242,$243,$244,$245,$246,$247,$248,$249,$250,$251,$252,$253,$254,$255,$256,$257,$258,$259,$260,$261,$262,$263,$264,$265,$266,$267,$268,$269,$270,$271,$272,$273,$274,$275,$276,$277,$278,$279,$280,$281,$282,$283,$284,$285,$286,$287,$288,$289,$290,$291,$292,$293,$294,$295,$296,$297,$298,$299,$300,$301,$302,$303,$304,$305,$306,$307,$308,$309,$310,$311,$312,$313,$314) order by name",0,0,0,0,0,0,1,1.552612,1.552612,1.552612,1.552612,0,296,0,0,0,0,0,0,0,0,0,0,0,0,0,0,0,0,0,0,0,0,0,0,0,0,0,0,0,0,0,2026-08-28 13:10:38.999474+00,2026-08-28 13:10:38.999474+00
10,16384,t,-7238479943845949426,"MOVE ALL IN ""query-cursor_138""",0,0,0,0,0,0,1,4.301635,4.301635,4.301635,4.301635,0,0,0,0,0,0,0,0,0,0,0,0,0,0,0,0,0,0,0,0,0,0,0,0,0,0,0,0,0,0,0,2026-08-28 14:11:28.1396+00,2026-08-28 14:11:28.1396+00
16410,16412,t,3669007116668307495,"UPDATE RES_RELATE AS T SET IS_DISCLOSED=C.IS_DISCLOSED,IS_AMBIGUOUS=C.IS_AMBIGUOUS,LAST_ERRULE_ID=C.LAST_ERRULE_ID,MATCH_KEY=C.MATCH_KEY,MATCH_KEY_DETAILS=C.MATCH_KEY_DETAILS,MATCH_LEVELS=C.MATCH_LEVELS FROM (VALUES (CAST ($1 AS BIGINT),CAST ($2 AS BIGINT),CAST ($3 AS BIGINT),CAST ($4 AS BIGINT),$5,$6,$7),(CAST ($8 AS BIGINT),CAST ($9 AS BIGINT),CAST ($10 AS BIGINT),CAST ($11 AS BIGINT),$12,$13,$14),(CAST ($15 AS BIGINT),CAST ($16 AS BIGINT),CAST ($17 AS BIGINT),CAST ($18 AS BIGINT),$19,$20,$21)) AS C(RES_REL_ID,IS_DISCLOSED,IS_AMBIGUOUS,LAST_ERRULE_ID,MATCH_KEY,MATCH_KEY_DETAILS,MATCH_LEVELS) WHERE C.RES_REL_ID=T.RES_REL_ID",0,0,0,0,0,0,3254,2109.7651510000032,0.047533,35.241659,0.6483605258143833,2.4806588565192063,9762,111836,0,0,790,0,0,0,0,0,0,0,32.50402400000001,0,0,0,0,0,0,0,0,0,0,0,0,0,0,0,0,0,2026-08-28 13:27:34.830261+00,2026-08-28 13:27:34.830261+00
10,16384,t,-5611796700468120438,"MOVE ALL IN ""query-cursor_11""",0,0,0,0,0,0,1,0.431758,0.431758,0.431758,0.431758,0,0,0,0,0,0,0,0,0,0,0,0,0,0,0,0,0,0,0,0,0,0,0,0,0,0,0,0,0,0,0,2026-08-28 11:59:28.126495+00,2026-08-28 11:59:28.126495+00
10,16384,t,1580248464039961139,"DECLARE ""query-cursor_126"" SCROLL CURSOR FOR select queryid, left(query, $1), calls, (total_plan_time + total_exec_time) as total_time from aurora_stat_statements($2) order by calls desc limit $3 FOR READ ONLY",0,0,0,0,0,0,1,0.088111,0.088111,0.088111,0.088111,0,0,0,0,0,0,0,0,0,0,0,0,0,0,0,0,0,0,0,0,0,0,0,0,0,0,0,0,0,0,0,2026-08-28 13:59:28.134253+00,2026-08-28 13:59:28.134253+00
16410,16412,t,1059862200653711151,"SELECT RES_ENT_ID,LIB_FEAT_ID,FTYPE_ID,UTYPE_CODE,SUPPRESSED,OBS_ENT_CNT FROM RES_FEAT_EKEY WHERE RES_ENT_ID IN ($1,$2,$3,$4,$5,$6,$7,$8,$9,$10,$11,$12,$13,$14,$15,$16) AND FTYPE_ID IN ($17,$18,$19,$20,$21,$22,$23,$24,$25,$26,$27,$28,$29,$30,$31,$32,$33,$34,$35,$36)",0,0,0,0,0,0,294,1510.7556350000007,0.250343,296.036588,5.13862460884354,18.542655602846278,1369372,30871,0,0,0,0,0,0,0,0,0,0,0,0,0,0,0,0,0,0,0,0,0,0,0,0,0,0,0,0,2026-08-28 13:27:25.211254+00,2026-08-28 13:27:25.211254+00
16410,16412,t,-3386993819700642299,"UPDATE RES_FEAT_EKEY AS T SET SUPPRESSED = C.SUPPRESSED FROM (VALUES (CAST ($1 AS BIGINT),CAST ($2 AS BIGINT),$3,$4),(CAST ($5 AS BIGINT),CAST ($6 AS BIGINT),$7,$8),(CAST ($9 AS BIGINT),CAST ($10 AS BIGINT),$11,$12)) AS C(RES_ENT_ID,LIB_FEAT_ID,UTYPE_CODE,SUPPRESSED) WHERE C.RES_ENT_ID=T.RES_ENT_ID AND C.LIB_FEAT_ID=T.LIB_FEAT_ID AND C.UTYPE_CODE=T.UTYPE_CODE",0,0,0,0,0,0,12552,16167.875156000078,0.037436,324.543253,1.2880716344805672,6.57817722753612,37656,410658,0,0,187,0,0,0,0,0,0,0,10.056145000000003,0,0,0,0,0,0,0,0,0,0,0,0,0,0,0,0,0,2026-08-28 13:27:22.956863+00,2026-08-28 13:27:22.956863+00
16410,16412,t,7411205573272680482,"WITH d AS (
  SELECT metric, f.value - b.value AS delta
  FROM perf.snap_scalar f JOIN perf.snap_scalar b USING (metric)
  WHERE f.label=$1 AND b.label=$2
)
SELECT
  (SELECT delta FROM d WHERE metric=$3)
    + (SELECT delta FROM d WHERE metric=$4) AS logical_block_reads,
  (SELECT delta FROM d WHERE metric=$5)     AS physical_block_reads,
  (SELECT delta FROM d WHERE metric=$6)    AS wal_bytes,
  (SELECT delta FROM d WHERE metric=$7)   AS xact_commit,
  (SELECT delta FROM d WHERE metric=$8)  AS tup_inserted,
  (SELECT delta FROM d WHERE metric=$9)   AS tup_updated,
  (SELECT delta FROM d WHERE metric=$10)   AS tup_deleted",0,0,0,0,0,0,1,0.042168,0.042168,0.042168,0.042168,0,1,2,0,0,0,0,0,0,0,0,0,0,0,0,0,0,0,0,0,0,0,0,0,0,0,0,0,0,0,0,2026-08-28 14:43:54.850054+00,2026-08-28 14:43:54.850054+00
10,16384,t,-279786971874455649,"DECLARE ""query-cursor_136"" SCROLL CURSOR FOR select queryid, left(query, $1), calls, (total_plan_time + total_exec_time) as total_time from aurora_stat_statements($2) order by calls desc limit $3 FOR READ ONLY",0,0,0,0,0,0,1,0.061318,0.061318,0.061318,0.061318,0,0,0,0,0,0,0,0,0,0,0,0,0,0,0,0,0,0,0,0,0,0,0,0,0,0,0,0,0,0,0,2026-08-28 14:09:28.13485+00,2026-08-28 14:09:28.13485+00
10,16384,t,3319173628325875845,"FETCH 0 IN ""query-cursor_151""",0,0,0,0,0,0,1,0.003725,0.003725,0.003725,0.003725,0,0,0,0,0,0,0,0,0,0,0,0,0,0,0,0,0,0,0,0,0,0,0,0,0,0,0,0,0,0,0,2026-08-28 14:24:28.136147+00,2026-08-28 14:24:28.136147+00
16410,16412,t,-9168611900938025749,DELETE FROM RES_FEAT_EKEY WHERE ((RES_ENT_ID=$1 AND LIB_FEAT_ID=$2 AND UTYPE_CODE=$3)OR(RES_ENT_ID=$4 AND LIB_FEAT_ID=$5 AND UTYPE_CODE=$6)OR(RES_ENT_ID=$7 AND LIB_FEAT_ID=$8 AND UTYPE_CODE=$9)OR(RES_ENT_ID=$10 AND LIB_FEAT_ID=$11 AND UTYPE_CODE=$12)OR(RES_ENT_ID=$13 AND LIB_FEAT_ID=$14 AND UTYPE_CODE=$15)OR(RES_ENT_ID=$16 AND LIB_FEAT_ID=$17 AND UTYPE_CODE=$18)OR(RES_ENT_ID=$19 AND LIB_FEAT_ID=$20 AND UTYPE_CODE=$21)OR(RES_ENT_ID=$22 AND LIB_FEAT_ID=$23 AND UTYPE_CODE=$24)OR(RES_ENT_ID=$25 AND LIB_FEAT_ID=$26 AND UTYPE_CODE=$27)OR(RES_ENT_ID=$28 AND LIB_FEAT_ID=$29 AND UTYPE_CODE=$30)OR(RES_ENT_ID=$31 AND LIB_FEAT_ID=$32 AND UTYPE_CODE=$33)OR(RES_ENT_ID=$34 AND LIB_FEAT_ID=$35 AND UTYPE_CODE=$36)OR(RES_ENT_ID=$37 AND LIB_FEAT_ID=$38 AND UTYPE_CODE=$39)OR(RES_ENT_ID=$40 AND LIB_FEAT_ID=$41 AND UTYPE_CODE=$42)OR(RES_ENT_ID=$43 AND LIB_FEAT_ID=$44 AND UTYPE_CODE=$45)OR(RES_ENT_ID=$46 AND LIB_FEAT_ID=$47 AND UTYPE_CODE=$48)OR(RES_ENT_ID=$49 AND LIB_FEAT_ID=$50 AND UTYPE_CODE=$51)OR(RES_ENT_ID=$52 AND LIB_FEAT_ID=$53 AND UTYPE_CODE=$54)OR(RES_ENT_ID=$55 AND LIB_FEAT_ID=$56 AND UTYPE_CODE=$57)OR(RES_ENT_ID=$58 AND LIB_FEAT_ID=$59 AND UTYPE_CODE=$60)OR(RES_ENT_ID=$61 AND LIB_FEAT_ID=$62 AND UTYPE_CODE=$63)OR(RES_ENT_ID=$64 AND LIB_FEAT_ID=$65 AND UTYPE_CODE=$66)OR(RES_ENT_ID=$67 AND LIB_FEAT_ID=$68 AND UTYPE_CODE=$69)OR(RES_ENT_ID=$70 AND LIB_FEAT_ID=$71 AND UTYPE_CODE=$72)OR(RES_ENT_ID=$73 AND LIB_FEAT_ID=$74 AND UTYPE_CODE=$75)OR(RES_ENT_ID=$76 AND LIB_FEAT_ID=$77 AND UTYPE_CODE=$78)OR(RES_ENT_ID=$79 AND LIB_FEAT_ID=$80 AND UTYPE_CODE=$81)),0,0,0,0,0,0,185,147.66765400000006,0.102685,31.2414,0.7982035351351354,3.6939855520719505,4968,24854,0,0,0,0,0,0,0,0,0,0,0,0,0,0,0,0,0,0,0,0,0,0,0,0,0,0,0,0,2026-08-28 13:29:24.490346+00,2026-08-28 13:29:24.490346+00
10,16384,t,-6767888789018880982,"MOVE -338 IN ""query-cursor_35""",0,0,0,0,0,0,1,0.008444,0.008444,0.008444,0.008444,0,0,0,0,0,0,0,0,0,0,0,0,0,0,0,0,0,0,0,0,0,0,0,0,0,0,0,0,0,0,0,2026-08-28 12:23:28.128538+00,2026-08-28 12:23:28.128538+00
16410,16412,t,868786806744657662,"SELECT LIB_FEAT_ID FROM SEMANTIC_VALUE WHERE LIB_FEAT_ID IN ($1,$2,$3,$4,$5,$6,$7,$8,$9,$10,$11,$12,$13,$14,$15,$16,$17,$18,$19,$20,$21,$22,$23,$24,$25,$26,$27,$28,$29,$30,$31,$32)",0,0,0,0,0,0,1,0.08433700000000001,0.08433700000000001,0.08433700000000001,0.08433700000000001,0,24,73,0,0,0,0,0,0,0,0,0,0,0,0,0,0,0,0,0,0,0,0,0,0,0,0,0,0,0,0,2026-08-28 13:42:01.286658+00,2026-08-28 13:42:01.286658+00
16410,16412,t,-2575265821999363645,"CREATE TABLE SYS_EVAL_QUEUE (MSG_ID BIGINT NOT NULL, DSRC_CODE VARCHAR(25) NOT NULL, ENT_SRC_KEY VARCHAR(40) NOT NULL, MSG TEXT, PRIMARY KEY(MSG_ID))",0,0,0,0,0,0,1,5.959127,5.959127,5.959127,5.959127,0,0,346,0,0,1,0,0,0,0,0,0,0,0.002215,0,0,0,0,0,0,0,0,0,0,0,0,0,0,0,0,0,2026-08-28 11:51:27.993507+00,2026-08-28 11:51:27.993507+00
10,16384,t,104940397734422852,"MOVE -230 IN ""query-cursor_17""",0,0,0,0,0,0,1,0.006897,0.006897,0.006897,0.006897,0,0,0,0,0,0,0,0,0,0,0,0,0,0,0,0,0,0,0,0,0,0,0,0,0,0,0,0,0,0,0,2026-08-28 12:05:28.127035+00,2026-08-28 12:05:28.127035+00
10,16384,t,3368439877148107517,"MOVE ALL IN ""query-cursor_96""",0,0,0,0,0,0,1,1.526909,1.526909,1.526909,1.526909,0,0,0,0,0,0,0,0,0,0,0,0,0,0,0,0,0,0,0,0,0,0,0,0,0,0,0,0,0,0,0,2026-08-28 13:24:28.133637+00,2026-08-28 13:24:28.133637+00
16410,16412,t,-7254578461802534793,SELECT CODE FROM SYS_CODES_USED WHERE CODE_TYPE=$1,0,0,0,0,0,0,3061,3802.5052749999986,0.0024679999999999997,121.936454,1.2422428209735377,6.766156039903563,2303514,151059,0,0,0,0,0,0,0,0,0,0,0,0,0,0,0,0,0,0,0,0,0,0,0,0,0,0,0,0,2026-08-28 11:53:34.777583+00,2026-08-28 11:53:34.777583+00
10,16384,t,-4074749513864340407,select count(*) as active_count from pg_stat_activity where state = $1,0,0,0,0,0,0,510,1336.3844569999999,0.065576,32.136144,2.6203616803921568,3.467266094116249,510,0,0,0,0,0,0,0,0,0,0,0,0,0,0,0,0,0,0,0,0,0,0,0,0,0,0,0,0,0,2026-08-28 11:49:27.681915+00,2026-08-28 11:49:27.681915+00
10,16384,t,-3477460375337538439,"FETCH 0 IN ""query-cursor_7""",0,0,0,0,0,0,1,0.003396,0.003396,0.003396,0.003396,0,0,0,0,0,0,0,0,0,0,0,0,0,0,0,0,0,0,0,0,0,0,0,0,0,0,0,0,0,0,0,2026-08-28 11:55:28.125706+00,2026-08-28 11:55:28.125706+00
16410,16412,t,882733795946251554,"SELECT RES_ENT_ID,LIB_FEAT_ID,FTYPE_ID,UTYPE_CODE,SUPPRESSED,OBS_ENT_CNT FROM RES_FEAT_EKEY WHERE RES_ENT_ID IN ($1,$2) AND FTYPE_ID IN ($3,$4,$5,$6,$7,$8,$9,$10,$11,$12,$13,$14,$15,$16,$17,$18,$19,$20,$21,$22)",0,0,0,0,0,0,112,60.545606000000014,0.033192,17.679458,0.540585767857143,2.1265855659509176,40360,1336,0,0,0,0,0,0,0,0,0,0,0,0,0,0,0,0,0,0,0,0,0,0,0,0,0,0,0,0,2026-08-28 13:27:27.668307+00,2026-08-28 13:27:27.668307+00
16410,16412,t,8090965357660247760,"SELECT RES_ENT_ID FROM RES_ENT WHERE RES_ENT_ID IN ($1,$2,$3,$4,$5,$6,$7,$8)",0,0,0,0,0,0,14513,1267.0284439999928,0.014977,46.145005000000005,0.08730300034451821,0.6365979037958126,89029,384854,0,0,0,0,0,0,0,0,0,0,0,0,0,0,0,0,0,0,0,0,0,0,0,0,0,0,0,0,2026-08-28 13:27:49.897981+00,2026-08-28 13:27:49.897981+00
16410,16412,t,-8936390312445118152,"INSERT INTO LIB_FEAT(LIB_FEAT_ID,FTYPE_ID,FEAT_HASH,FEAT_DESC,FELEM_VALUES,ANONYMIZED,VERSION) VALUES ($1,$2,$3,$4,$5,$6,$7),($8,$9,$10,$11,$12,$13,$14),($15,$16,$17,$18,$19,$20,$21),($22,$23,$24,$25,$26,$27,$28),($29,$30,$31,$32,$33,$34,$35),($36,$37,$38,$39,$40,$41,$42),($43,$44,$45,$46,$47,$48,$49),($50,$51,$52,$53,$54,$55,$56),($57,$58,$59,$60,$61,$62,$63),($64,$65,$66,$67,$68,$69,$70),($71,$72,$73,$74,$75,$76,$77),($78,$79,$80,$81,$82,$83,$84) ON CONFLICT(FTYPE_ID,FEAT_HASH,ANONYMIZED) DO UPDATE SET FTYPE_ID=LIB_FEAT.FTYPE_ID,FEAT_HASH=LIB_FEAT.FEAT_HASH,ANONYMIZED=LIB_FEAT.ANONYMIZED RETURNING LIB_FEAT_ID,FTYPE_ID,FEAT_HASH,ANONYMIZED,FEAT_DESC",0,0,0,0,0,0,48616,1144060.5951969984,0.270359,1162.566713,23.53259410887359,59.94420872596433,583392,8590369,0,0,68633,0,0,0,0,0,0,0,1831.2043400000064,0,0,0,0,0,0,0,0,0,0,0,0,0,0,0,0,0,2026-08-28 13:27:22.483391+00,2026-08-28 13:27:22.483391+00
16410,16412,t,-1782346235376703490,"SELECT VAR_VALUE,SYS_LSTUPD_DT FROM SYS_VARS WHERE VAR_GROUP=$1 AND VAR_CODE=$2",0,0,0,0,0,0,5990,108.81697400000031,0.004945,4.78503,0.0181664397328882,0.06273891753951186,3446,9436,0,0,0,0,0,0,0,0,0,0,0,0,0,0,0,0,0,0,0,0,0,0,0,0,0,0,0,0,2026-08-28 11:53:34.775313+00,2026-08-28 11:53:34.775313+00
16410,16412,t,3226810079339194653,"SELECT LIB_FEAT_ID,NUM_RES_ENT,NUM_RES_ENT_OOM,CANDIDATE_CAP_REACHED,SCORING_CAP_REACHED FROM RES_FEAT_STAT WHERE LIB_FEAT_ID IN ($1,$2,$3,$4)",0,0,0,0,0,0,448421,33266.981698001364,0.006817,94.67125,0.074186939724057,0.4683953990265399,1572888,6982519,0,0,0,0,0,0,0,0,0,0,0,0,0,0,0,0,0,0,0,0,0,0,0,0,0,0,0,0,2026-08-28 13:27:22.389498+00,2026-08-28 13:27:22.389498+00
10,16384,t,-1048953096702947213,"FETCH 50 IN ""query-cursor_140""",0,0,0,0,0,0,32,0.132374,0.00284,0.006292,0.0041366875,0.0010202401812042835,1600,0,0,0,0,0,0,0,0,0,0,0,0,0,0,0,0,0,0,0,0,0,0,0,0,0,0,0,0,0,2026-08-28 14:13:28.139575+00,2026-08-28 14:13:28.139575+00
10,16384,t,-2177150430542118156,"FETCH 0 IN ""query-cursor_88""",0,0,0,0,0,0,1,0.003896,0.003896,0.003896,0.003896,0,0,0,0,0,0,0,0,0,0,0,0,0,0,0,0,0,0,0,0,0,0,0,0,0,0,0,0,0,0,0,2026-08-28 13:16:28.131398+00,2026-08-28 13:16:28.131398+00
10,16384,t,-5182811042227697578,"FETCH 0 IN ""query-cursor_69""",0,0,0,0,0,0,1,0.003325,0.003325,0.003325,0.003325,0,0,0,0,0,0,0,0,0,0,0,0,0,0,0,0,0,0,0,0,0,0,0,0,0,0,0,0,0,0,0,2026-08-28 12:57:28.130048+00,2026-08-28 12:57:28.130048+00
16410,16412,t,-2364870330916650875,"UPDATE RES_FEAT_STAT SET CANDIDATE_CAP_REACHED=$1,SCORING_CAP_REACHED=$2 WHERE LIB_FEAT_ID=$3",0,0,0,0,0,0,125335,51397.90060100004,0.009283000000000001,1543.235803,0.4100841792077236,11.092588059681539,125335,1947228,1,0,1280,0,0,0,0,0,0,0,35.92408199999999,0,0,0,0,0,0,0,0,0,0,0,0,0,0,0,0,0,2026-08-28 13:27:23.775961+00,2026-08-28 13:27:23.775961+00
10,16384,t,1348575984036013302,"MOVE ALL IN ""query-cursor_157""",0,0,0,0,0,0,1,4.683783,4.683783,4.683783,4.683783,0,0,0,0,0,0,0,0,0,0,0,0,0,0,0,0,0,0,0,0,0,0,0,0,0,0,0,0,0,0,0,2026-08-28 14:30:28.141109+00,2026-08-28 14:30:28.141109+00
10,16384,t,7999082757898779409,"MOVE -1546 IN ""query-cursor_126""",0,0,0,0,0,0,1,0.030097,0.030097,0.030097,0.030097,0,0,0,0,0,0,0,0,0,0,0,0,0,0,0,0,0,0,0,0,0,0,0,0,0,0,0,0,0,0,0,2026-08-28 13:59:28.139184+00,2026-08-28 13:59:28.139184+00
16410,16412,t,-2438608536886880258,"SELECT OBS_ENT_ID,DSRC_ID,ENT_SRC_KEY,LOCKING_ID,FEATURES FROM OBS_ENT WHERE OBS_ENT_ID IN ($1,$2,$3,$4,$5,$6,$7,$8,$9,$10,$11,$12,$13,$14,$15,$16,$17,$18,$19,$20,$21,$22,$23,$24,$25,$26,$27,$28,$29,$30,$31,$32)",0,0,0,0,0,0,17,2.93043,0.106956,0.315205,0.17237823529411764,0.058176156705332986,443,1858,0,0,0,0,0,0,0,0,0,0,0,0,0,0,0,0,0,0,0,0,0,0,0,0,0,0,0,0,2026-08-28 13:31:52.778209+00,2026-08-28 13:31:52.778209+00
16410,16412,t,2855456368037182123,"SELECT RES_ENT_ID,LIB_FEAT_ID,FTYPE_ID,UTYPE_CODE,SUPPRESSED,OBS_ENT_CNT FROM RES_FEAT_EKEY WHERE RES_ENT_ID IN ($1,$2,$3,$4,$5,$6,$7,$8,$9,$10,$11,$12,$13,$14,$15,$16,$17,$18,$19,$20,$21,$22,$23,$24,$25,$26,$27,$28,$29,$30,$31,$32,$33,$34,$35,$36,$37,$38,$39,$40,$41,$42,$43,$44,$45,$46,$47,$48,$49,$50,$51,$52,$53,$54,$55,$56,$57,$58,$59,$60,$61,$62,$63,$64) AND FTYPE_ID IN ($65,$66,$67,$68,$69,$70,$71,$72,$73,$74,$75,$76,$77,$78,$79,$80,$81,$82,$83,$84,$85,$86,$87,$88,$89)",0,0,0,0,0,0,75,6233.060432,8.466052999999999,322.51451,83.10747242666667,76.05200933808014,5061347,67767,0,0,0,0,0,0,0,0,0,0,0,0,0,0,0,0,0,0,0,0,0,0,0,0,0,0,0,0,2026-08-28 13:27:38.598628+00,2026-08-28 13:27:38.598628+00
16410,16412,t,-1603778486683057469,DELETE FROM RES_FEAT_EKEY WHERE ((RES_ENT_ID=$1 AND LIB_FEAT_ID=$2 AND UTYPE_CODE=$3)OR(RES_ENT_ID=$4 AND LIB_FEAT_ID=$5 AND UTYPE_CODE=$6)OR(RES_ENT_ID=$7 AND LIB_FEAT_ID=$8 AND UTYPE_CODE=$9)OR(RES_ENT_ID=$10 AND LIB_FEAT_ID=$11 AND UTYPE_CODE=$12)OR(RES_ENT_ID=$13 AND LIB_FEAT_ID=$14 AND UTYPE_CODE=$15)OR(RES_ENT_ID=$16 AND LIB_FEAT_ID=$17 AND UTYPE_CODE=$18)OR(RES_ENT_ID=$19 AND LIB_FEAT_ID=$20 AND UTYPE_CODE=$21)),0,0,0,0,0,0,2093,8285.632913999989,0.033617,6959.974659,3.95873526708074,152.10433383137155,14644,75637,0,0,0,0,0,0,0,0,0,0,0,0,0,0,0,0,0,0,0,0,0,0,0,0,0,0,0,0,2026-08-28 13:27:31.500177+00,2026-08-28 13:27:31.500177+00
10,16384,t,-630967519830199869,"MOVE ALL IN ""query-cursor_125""",0,0,0,0,0,0,1,4.217007,4.217007,4.217007,4.217007,0,0,0,0,0,0,0,0,0,0,0,0,0,0,0,0,0,0,0,0,0,0,0,0,0,0,0,0,0,0,0,2026-08-28 13:58:28.138487+00,2026-08-28 13:58:28.138487+00
16410,16412,t,-1988309358121700340,"SELECT LIB_FEAT_ID,FEAT_DESC,FTYPE_ID,ANONYMIZED,FEAT_HASH,VERSION,FELEM_VALUES FROM LIB_FEAT WHERE (FEAT_HASH,FTYPE_ID) IN (($1,$2),($3,$4),($5,$6),($7,$8),($9,$10),($11,$12),($13,$14),($15,$16),($17,$18),($19,$20),($21,$22),($23,$24),($25,$26),($27,$28),($29,$30),($31,$32),($33,$34),($35,$36),($37,$38),($39,$40),($41,$42),($43,$44),($45,$46),($47,$48),($49,$50),($51,$52),($53,$54),($55,$56),($57,$58),($59,$60),($61,$62),($63,$64))",0,0,0,0,0,0,236613,191846.84657100218,0.032842,109.001234,0.8108043369172538,2.5096828850179236,1865392,31656400,0,0,0,0,0,0,0,0,0,0,0,0,0,0,0,0,0,0,0,0,0,0,0,0,0,0,0,0,2026-08-28 13:27:22.073369+00,2026-08-28 13:27:22.073369+00
10,16384,t,2610253728206879217,"DECLARE ""query-cursor_130"" SCROLL CURSOR FOR select queryid, left(query, $1), calls, (total_plan_time + total_exec_time) as total_time from aurora_stat_statements($2) order by calls desc limit $3 FOR READ ONLY",0,0,0,0,0,0,1,0.068809,0.068809,0.068809,0.068809,0,0,0,0,0,0,0,0,0,0,0,0,0,0,0,0,0,0,0,0,0,0,0,0,0,0,0,0,0,0,0,2026-08-28 14:03:28.134536+00,2026-08-28 14:03:28.134536+00
16410,16412,t,-4688637628693919465,"SELECT LIB_FEAT_ID,NUM_RES_ENT,NUM_RES_ENT_OOM,CANDIDATE_CAP_REACHED,SCORING_CAP_REACHED FROM RES_FEAT_STAT WHERE LIB_FEAT_ID IN ($1,$2,$3,$4,$5,$6,$7,$8)",0,0,0,0,0,0,501495,49264.28338400027,0.007971,150.980589,0.09823484458269828,0.6133900846218775,3096433,12495708,0,0,0,0,0,0,0,0,0,0,0,0,0,0,0,0,0,0,0,0,0,0,0,0,0,0,0,0,2026-08-28 13:27:22.614456+00,2026-08-28 13:27:22.614456+00
10,16384,t,-8945609550560146304,"MOVE -1756 IN ""query-cursor_161""",0,0,0,0,0,0,1,0.032938,0.032938,0.032938,0.032938,0,0,0,0,0,0,0,0,0,0,0,0,0,0,0,0,0,0,0,0,0,0,0,0,0,0,0,0,0,0,0,2026-08-28 14:34:28.141543+00,2026-08-28 14:34:28.141543+00
16410,16412,t,1385923084959289424,"SELECT RES_ENT_ID,LIB_FEAT_ID,FTYPE_ID,UTYPE_CODE,SUPPRESSED,OBS_ENT_CNT FROM RES_FEAT_EKEY WHERE RES_ENT_ID IN ($1,$2,$3,$4,$5,$6,$7,$8,$9,$10,$11,$12,$13,$14,$15,$16,$17,$18,$19,$20,$21,$22,$23,$24,$25,$26,$27,$28,$29,$30,$31,$32,$33,$34,$35,$36,$37,$38,$39,$40,$41,$42,$43,$44,$45,$46,$47,$48,$49,$50,$51,$52,$53,$54,$55,$56,$57,$58,$59,$60,$61,$62,$63,$64) AND FTYPE_ID IN ($65,$66,$67,$68,$69,$70,$71,$72,$73)",0,0,0,0,0,0,39,273.642513,0.6227579999999999,117.57711,7.016474692307693,19.383403939386994,145835,9242,0,0,0,0,0,0,0,0,0,0,0,0,0,0,0,0,0,0,0,0,0,0,0,0,0,0,0,0,2026-08-28 13:30:14.496312+00,2026-08-28 13:30:14.496312+00
16410,16412,t,3891217315826241612,"UPDATE RES_RELATE AS T SET IS_DISCLOSED=C.IS_DISCLOSED,IS_AMBIGUOUS=C.IS_AMBIGUOUS,LAST_ERRULE_ID=C.LAST_ERRULE_ID,MATCH_KEY=C.MATCH_KEY,MATCH_KEY_DETAILS=C.MATCH_KEY_DETAILS,MATCH_LEVELS=C.MATCH_LEVELS FROM (VALUES (CAST ($1 AS BIGINT),CAST ($2 AS BIGINT),CAST ($3 AS BIGINT),CAST ($4 AS BIGINT),$5,$6,$7),(CAST ($8 AS BIGINT),CAST ($9 AS BIGINT),CAST ($10 AS BIGINT),CAST ($11 AS BIGINT),$12,$13,$14),(CAST ($15 AS BIGINT),CAST ($16 AS BIGINT),CAST ($17 AS BIGINT),CAST ($18 AS BIGINT),$19,$20,$21),(CAST ($22 AS BIGINT),CAST ($23 AS BIGINT),CAST ($24 AS BIGINT),CAST ($25 AS BIGINT),$26,$27,$28),(CAST ($29 AS BIGINT),CAST ($30 AS BIGINT),CAST ($31 AS BIGINT),CAST ($32 AS BIGINT),$33,$34,$35),(CAST ($36 AS BIGINT),CAST ($37 AS BIGINT),CAST ($38 AS BIGINT),CAST ($39 AS BIGINT),$40,$41,$42),(CAST ($43 AS BIGINT),CAST ($44 AS BIGINT),CAST ($45 AS BIGINT),CAST ($46 AS BIGINT),$47,$48,$49),(CAST ($50 AS BIGINT),CAST ($51 AS BIGINT),CAST ($52 AS BIGINT),CAST ($53 AS BIGINT),$54,$55,$56),(CAST ($57 AS BIGINT),CAST ($58 AS BIGINT),CAST ($59 AS BIGINT),CAST ($60 AS BIGINT),$61,$62,$63),(CAST ($64 AS BIGINT),CAST ($65 AS BIGINT),CAST ($66 AS BIGINT),CAST ($67 AS BIGINT),$68,$69,$70),(CAST ($71 AS BIGINT),CAST ($72 AS BIGINT),CAST ($73 AS BIGINT),CAST ($74 AS BIGINT),$75,$76,$77),(CAST ($78 AS BIGINT),CAST ($79 AS BIGINT),CAST ($80 AS BIGINT),CAST ($81 AS BIGINT),$82,$83,$84),(CAST ($85 AS BIGINT),CAST ($86 AS BIGINT),CAST ($87 AS BIGINT),CAST ($88 AS BIGINT),$89,$90,$91),(CAST ($92 AS BIGINT),CAST ($93 AS BIGINT),CAST ($94 AS BIGINT),CAST ($95 AS BIGINT),$96,$97,$98)) AS C(RES_REL_ID,IS_DISCLOSED,IS_AMBIGUOUS,LAST_ERRULE_ID,MATCH_KEY,MATCH_KEY_DETAILS,MATCH_LEVELS) WHERE C.RES_REL_ID=T.RES_REL_ID",0,0,0,0,0,0,336,1294.0807120000006,0.185032,69.686758,3.8514306904761924,10.61843440579744,4701,56191,0,0,496,0,0,0,0,0,0,0,41.382704000000004,0,0,0,0,0,0,0,0,0,0,0,0,0,0,0,0,0,2026-08-28 13:29:47.581195+00,2026-08-28 13:29:47.581195+00
16410,16412,t,-8952524919332388568,"UPDATE RES_FEAT_EKEY AS T SET SUPPRESSED=C.SUPPRESSED,OBS_ENT_CNT=C.OBS_ENT_CNT FROM (VALUES (CAST ($1 AS BIGINT),CAST ($2 AS BIGINT),$3,$4,CAST ($5 AS BIGINT)),(CAST ($6 AS BIGINT),CAST ($7 AS BIGINT),$8,$9,CAST ($10 AS BIGINT)),(CAST ($11 AS BIGINT),CAST ($12 AS BIGINT),$13,$14,CAST ($15 AS BIGINT)),(CAST ($16 AS BIGINT),CAST ($17 AS BIGINT),$18,$19,CAST ($20 AS BIGINT)),(CAST ($21 AS BIGINT),CAST ($22 AS BIGINT),$23,$24,CAST ($25 AS BIGINT)),(CAST ($26 AS BIGINT),CAST ($27 AS BIGINT),$28,$29,CAST ($30 AS BIGINT)),(CAST ($31 AS BIGINT),CAST ($32 AS BIGINT),$33,$34,CAST ($35 AS BIGINT)),(CAST ($36 AS BIGINT),CAST ($37 AS BIGINT),$38,$39,CAST ($40 AS BIGINT)),(CAST ($41 AS BIGINT),CAST ($42 AS BIGINT),$43,$44,CAST ($45 AS BIGINT)),(CAST ($46 AS BIGINT),CAST ($47 AS BIGINT),$48,$49,CAST ($50 AS BIGINT)),(CAST ($51 AS BIGINT),CAST ($52 AS BIGINT),$53,$54,CAST ($55 AS BIGINT)),(CAST ($56 AS BIGINT),CAST ($57 AS BIGINT),$58,$59,CAST ($60 AS BIGINT)),(CAST ($61 AS BIGINT),CAST ($62 AS BIGINT),$63,$64,CAST ($65 AS BIGINT))) AS C(RES_ENT_ID,LIB_FEAT_ID,UTYPE_CODE,SUPPRESSED,OBS_ENT_CNT) WHERE C.RES_ENT_ID=T.RES_ENT_ID AND C.LIB_FEAT_ID=T.LIB_FEAT_ID AND C.UTYPE_CODE=T.UTYPE_CODE",0,0,0,0,0,0,314,1123.152657,0.14674600000000002,100.108622,3.5769192898089175,11.089549496344329,4082,51013,0,0,8,0,0,0,0,0,0,0,1.535605,0,0,0,0,0,0,0,0,0,0,0,0,0,0,0,0,0,2026-08-28 13:27:31.5274+00,2026-08-28 13:27:31.5274+00
10,16384,t,9094329838787573914,"FETCH 0 IN ""query-cursor_163""",0,0,0,0,0,0,1,0.003841,0.003841,0.003841,0.003841,0,0,0,0,0,0,0,0,0,0,0,0,0,0,0,0,0,0,0,0,0,0,0,0,0,0,0,0,0,0,0,2026-08-28 14:36:28.13682+00,2026-08-28 14:36:28.13682+00
10,16384,t,-4121333032114548074,"DECLARE ""query-cursor_120"" SCROLL CURSOR FOR select queryid, left(query, $1), calls, (total_plan_time + total_exec_time) as total_time from aurora_stat_statements($2) order by calls desc limit $3 FOR READ ONLY",0,0,0,0,0,0,1,0.069477,0.069477,0.069477,0.069477,0,0,0,0,0,0,0,0,0,0,0,0,0,0,0,0,0,0,0,0,0,0,0,0,0,0,0,0,0,0,0,2026-08-28 13:53:28.133877+00,2026-08-28 13:53:28.133877+00
10,16384,t,-7689370446174092442,"MOVE ALL IN ""query-cursor_93""",0,0,0,0,0,0,1,1.498534,1.498534,1.498534,1.498534,0,0,0,0,0,0,0,0,0,0,0,0,0,0,0,0,0,0,0,0,0,0,0,0,0,0,0,0,0,0,0,2026-08-28 13:21:28.133339+00,2026-08-28 13:21:28.133339+00
10,16384,t,-5935799378569354668,"MOVE ALL IN ""query-cursor_3""",0,0,0,0,0,0,1,0.2958,0.2958,0.2958,0.2958,0,0,0,0,0,0,0,0,0,0,0,0,0,0,0,0,0,0,0,0,0,0,0,0,0,0,0,0,0,0,0,2026-08-28 11:51:28.125764+00,2026-08-28 11:51:28.125764+00
16410,16412,t,202719377798159027,"DELETE FROM RES_RELATE WHERE RES_REL_ID IN ($1,$2)",0,0,0,0,0,0,2996,534.8673829999996,0.009314,25.730911,0.17852716388518008,0.8195401343376574,5981,26264,0,0,0,0,0,0,0,0,0,0,0,0,0,0,0,0,0,0,0,0,0,0,0,0,0,0,0,0,2026-08-28 13:27:36.999404+00,2026-08-28 13:27:36.999404+00
16410,16412,t,6144877877859500400,"SELECT LIB_FEAT_ID,FEAT_DESC,FTYPE_ID,ANONYMIZED,FEAT_HASH,VERSION,FELEM_VALUES FROM LIB_FEAT WHERE (FEAT_HASH,FTYPE_ID) IN (($1,$2),($3,$4),($5,$6),($7,$8),($9,$10),($11,$12),($13,$14),($15,$16),($17,$18),($19,$20),($21,$22),($23,$24),($25,$26),($27,$28),($29,$30),($31,$32),($33,$34),($35,$36),($37,$38),($39,$40),($41,$42),($43,$44),($45,$46),($47,$48),($49,$50),($51,$52),($53,$54),($55,$56),($57,$58),($59,$60),($61,$62),($63,$64),($65,$66),($67,$68),($69,$70),($71,$72),($73,$74),($75,$76),($77,$78),($79,$80),($81,$82),($83,$84),($85,$86),($87,$88),($89,$90),($91,$92),($93,$94),($95,$96),($97,$98),($99,$100))",0,0,0,0,0,0,385582,372029.7240440034,0.046918,156.045369,0.9648524154239654,2.9618020598221384,4481181,79303200,0,0,0,0,0,0,0,0,0,0,0,0,0,0,0,0,0,0,0,0,0,0,0,0,0,0,0,0,2026-08-28 13:27:22.097333+00,2026-08-28 13:27:22.097333+00
16410,16412,t,3412672464697620968,"SELECT RES_ENT_ID,LIB_FEAT_ID,FTYPE_ID,UTYPE_CODE,SUPPRESSED,OBS_ENT_CNT FROM RES_FEAT_EKEY WHERE RES_ENT_ID IN ($1,$2,$3,$4,$5,$6,$7,$8,$9,$10,$11,$12,$13,$14,$15,$16) AND FTYPE_ID IN ($17,$18,$19,$20,$21,$22,$23,$24,$25,$26,$27,$28,$29,$30,$31,$32,$33,$34)",0,0,0,0,0,0,1629,7245.192063000001,0.173564,256.37944400000003,4.447631714548804,10.833134469279644,8030136,167462,0,0,0,0,0,0,0,0,0,0,0,0,0,0,0,0,0,0,0,0,0,0,0,0,0,0,0,0,2026-08-28 13:27:23.530849+00,2026-08-28 13:27:23.530849+00
10,16384,t,99141341413585731,"FETCH 37 IN ""query-cursor_158""",0,0,0,0,0,0,1,0.003364,0.003364,0.003364,0.003364,0,37,0,0,0,0,0,0,0,0,0,0,0,0,0,0,0,0,0,0,0,0,0,0,0,0,0,0,0,0,0,2026-08-28 14:31:28.152711+00,2026-08-28 14:31:28.152711+00
16410,16412,t,5347257757004569668,DEALLOCATE $1,0,0,0,0,0,0,1841000,12378.276136000108,0.001712,22.667528,0.006723669818576919,0.05036733549704307,0,0,0,0,0,0,0,0,0,0,0,0,0,0,0,0,0,0,0,0,0,0,0,0,0,0,0,0,0,0,2026-08-28 13:27:25.623603+00,2026-08-28 13:27:25.623603+00
10,16384,t,738051333936743630,"FETCH 0 IN ""query-cursor_113""",0,0,0,0,0,0,1,0.003252,0.003252,0.003252,0.003252,0,0,0,0,0,0,0,0,0,0,0,0,0,0,0,0,0,0,0,0,0,0,0,0,0,0,0,0,0,0,0,2026-08-28 13:46:28.133548+00,2026-08-28 13:46:28.133548+00
10,16384,t,-2882762892305641315,"MOVE ALL IN ""query-cursor_79""",0,0,0,0,0,0,1,1.26196,1.26196,1.26196,1.26196,0,0,0,0,0,0,0,0,0,0,0,0,0,0,0,0,0,0,0,0,0,0,0,0,0,0,0,0,0,0,0,2026-08-28 13:07:28.132074+00,2026-08-28 13:07:28.132074+00
10,16384,t,-2342979301989642328,"FETCH 50 IN ""query-cursor_4""",0,0,0,0,0,0,2,0.010995999999999999,0.005464,0.005532,0.005497999999999999,3.399999999999996e-05,100,0,0,0,0,0,0,0,0,0,0,0,0,0,0,0,0,0,0,0,0,0,0,0,0,0,0,0,0,0,2026-08-28 11:52:28.12595+00,2026-08-28 11:52:28.12595+00
10,16384,t,-1185436404326125026,"FETCH 0 IN ""query-cursor_139""",0,0,0,0,0,0,1,0.003596,0.003596,0.003596,0.003596,0,0,0,0,0,0,0,0,0,0,0,0,0,0,0,0,0,0,0,0,0,0,0,0,0,0,0,0,0,0,0,2026-08-28 14:12:28.135263+00,2026-08-28 14:12:28.135263+00
10,16384,t,3506895797553403245,"SELECT cipher, count(*) FROM pg_stat_ssl JOIN pg_stat_activity USING(pid) WHERE usename <> $1 AND ssl = $2 GROUP BY cipher",0,0,0,0,0,0,3,14.827917999999999,0.24381,14.323654999999999,4.942639333333333,6.633383272058904,2,7,0,0,0,0,0,0,0,0,0,0,0,0,0,0,0,0,0,0,0,0,0,0,0,0,0,0,0,0,2026-08-28 11:50:39.001768+00,2026-08-28 11:50:39.001768+00
16410,16412,t,-828448809410966927,"INSERT INTO RES_REL_EKEY(RES_REL_ID,RES_ENT_ID,REL_ENT_ID) VALUES ($1,$2,$3),($4,$5,$6),($7,$8,$9),($10,$11,$12),($13,$14,$15),($16,$17,$18),($19,$20,$21),($22,$23,$24),($25,$26,$27),($28,$29,$30),($31,$32,$33) ON CONFLICT DO NOTHING",0,0,0,0,0,0,120,423.62499699999995,0.12376800000000002,47.758499,3.530208308333333,9.740331972350537,1320,10600,0,0,9,0,0,0,0,0,0,0,6.796752999999998,0,0,0,0,0,0,0,0,0,0,0,0,0,0,0,0,0,2026-08-28 13:31:00.4014+00,2026-08-28 13:31:00.4014+00
16410,16412,t,1993119429907790555,"INSERT INTO RES_REL_EKEY(RES_REL_ID,RES_ENT_ID,REL_ENT_ID) VALUES ($1,$2,$3),($4,$5,$6),($7,$8,$9),($10,$11,$12),($13,$14,$15),($16,$17,$18),($19,$20,$21),($22,$23,$24),($25,$26,$27),($28,$29,$30),($31,$32,$33),($34,$35,$36),($37,$38,$39),($40,$41,$42),($43,$44,$45),($46,$47,$48),($49,$50,$51),($52,$53,$54),($55,$56,$57),($58,$59,$60),($61,$62,$63),($64,$65,$66),($67,$68,$69),($70,$71,$72),($73,$74,$75),($76,$77,$78),($79,$80,$81),($82,$83,$84),($85,$86,$87),($88,$89,$90) ON CONFLICT DO NOTHING",0,0,0,0,0,0,280,1465.214514000001,0.310274,141.597001,5.232908978571432,16.029083700041973,8400,67621,0,0,61,0,0,0,0,0,0,0,2.717146,0,0,0,0,0,0,0,0,0,0,0,0,0,0,0,0,0,2026-08-28 13:28:29.979425+00,2026-08-28 13:28:29.979425+00
10,16384,t,-9146895903284900255,"MOVE ALL IN ""query-cursor_33""",0,0,0,0,0,0,1,0.687587,0.687587,0.687587,0.687587,0,0,0,0,0,0,0,0,0,0,0,0,0,0,0,0,0,0,0,0,0,0,0,0,0,0,0,0,0,0,0,2026-08-28 12:21:28.128278+00,2026-08-28 12:21:28.128278+00
10,16384,t,-5896772600687295397,"FETCH 0 IN ""query-cursor_104""",0,0,0,0,0,0,1,0.00291,0.00291,0.00291,0.00291,0,0,0,0,0,0,0,0,0,0,0,0,0,0,0,0,0,0,0,0,0,0,0,0,0,0,0,0,0,0,0,2026-08-28 13:32:28.132652+00,2026-08-28 13:32:28.132652+00
16410,16412,t,-7783725729003736794,"INSERT INTO SYS_VARS (VAR_GROUP,VAR_CODE,VAR_VALUE) VALUES ($1,$2,$3)",0,0,0,0,0,0,1,0.41415799999999997,0.41415799999999997,0.41415799999999997,0.41415799999999997,0,1,17,1,0,2,0,0,0,0,0,0,0.336177,0.01054,0,0,0,0,0,0,0,0,0,0,0,0,0,0,0,0,0,2026-08-28 11:51:27.980145+00,2026-08-28 11:51:27.980145+00
10,16384,t,4385161886497583854,"MOVE -1792 IN ""query-cursor_167""",0,0,0,0,0,0,1,0.034825,0.034825,0.034825,0.034825,0,0,0,0,0,0,0,0,0,0,0,0,0,0,0,0,0,0,0,0,0,0,0,0,0,0,0,0,0,0,0,2026-08-28 14:40:28.142237+00,2026-08-28 14:40:28.142237+00
16410,16412,t,2711576164615588639,"UPDATE RES_FEAT_EKEY AS T SET SUPPRESSED = C.SUPPRESSED FROM (VALUES (CAST ($1 AS BIGINT),CAST ($2 AS BIGINT),$3,$4),(CAST ($5 AS BIGINT),CAST ($6 AS BIGINT),$7,$8),(CAST ($9 AS BIGINT),CAST ($10 AS BIGINT),$11,$12),(CAST ($13 AS BIGINT),CAST ($14 AS BIGINT),$15,$16)) AS C(RES_ENT_ID,LIB_FEAT_ID,UTYPE_CODE,SUPPRESSED) WHERE C.RES_ENT_ID=T.RES_ENT_ID AND C.LIB_FEAT_ID=T.LIB_FEAT_ID AND C.UTYPE_CODE=T.UTYPE_CODE",0,0,0,0,0,0,6115,10116.750231000018,0.046935,392.21034,1.6544154098119408,7.928736084120034,24460,285952,0,0,161,0,0,0,0,0,0,0,8.011028000000001,0,0,0,0,0,0,0,0,0,0,0,0,0,0,0,0,0,2026-08-28 13:27:22.881546+00,2026-08-28 13:27:22.881546+00
10,16384,t,5856062419212785122,"FETCH 50 IN ""query-cursor_92""",0,0,0,0,0,0,14,0.044108,0.002659,0.005149,0.003150571428571429,0.0006537304724519464,700,0,0,0,0,0,0,0,0,0,0,0,0,0,0,0,0,0,0,0,0,0,0,0,0,0,0,0,0,0,2026-08-28 13:20:28.133336+00,2026-08-28 13:20:28.133336+00
10,16384,t,3960482325219791892,"FETCH 7 IN ""query-cursor_1""",0,0,0,0,0,0,1,0.001948,0.001948,0.001948,0.001948,0,7,0,0,0,0,0,0,0,0,0,0,0,0,0,0,0,0,0,0,0,0,0,0,0,0,0,0,0,0,0,2026-08-28 11:49:28.123531+00,2026-08-28 11:49:28.123531+00
10,16384,t,-1220583619715810719,"MOVE -1377 IN ""query-cursor_107""",0,0,0,0,0,0,1,0.079292,0.079292,0.079292,0.079292,0,0,0,0,0,0,0,0,0,0,0,0,0,0,0,0,0,0,0,0,0,0,0,0,0,0,0,0,0,0,0,2026-08-28 13:36:28.313919+00,2026-08-28 13:36:28.313919+00
10,16384,t,-4705501296790144833,"FETCH 50 IN ""query-cursor_138""",0,0,0,0,0,0,32,0.13355400000000003,0.002747,0.006434,0.004173562500000001,0.0011550885230551596,1600,0,0,0,0,0,0,0,0,0,0,0,0,0,0,0,0,0,0,0,0,0,0,0,0,0,0,0,0,0,2026-08-28 14:11:28.139725+00,2026-08-28 14:11:28.139725+00
10,16384,t,-5410764377331630463,"FETCH 0 IN ""query-cursor_68""",0,0,0,0,0,0,1,0.003631,0.003631,0.003631,0.003631,0,0,0,0,0,0,0,0,0,0,0,0,0,0,0,0,0,0,0,0,0,0,0,0,0,0,0,0,0,0,0,2026-08-28 12:56:28.130007+00,2026-08-28 12:56:28.130007+00
16410,16412,t,7258873038228990360,"SELECT C.DSRC_ID,D.RECORD_ID FROM RES_ENT_OKEY B JOIN OBS_ENT C ON C.OBS_ENT_ID=B.OBS_ENT_ID JOIN DSRC_RECORD D ON D.ENT_SRC_KEY=C.ENT_SRC_KEY AND D.DSRC_ID=C.DSRC_ID WHERE B.RES_ENT_ID=$1",0,0,0,0,0,0,299279,19025.896601000553,0.005283,36.76163,0.06357244110345381,0.3446968215332423,301681,3979286,0,0,0,0,0,0,0,0,0,0,0,0,0,0,0,0,0,0,0,0,0,0,0,0,0,0,0,0,2026-08-28 13:27:25.578604+00,2026-08-28 13:27:25.578604+00
10,16384,t,6753023857211228318,"MOVE ALL IN ""query-cursor_78""",0,0,0,0,0,0,1,1.220945,1.220945,1.220945,1.220945,0,0,0,0,0,0,0,0,0,0,0,0,0,0,0,0,0,0,0,0,0,0,0,0,0,0,0,0,0,0,0,2026-08-28 13:06:28.131893+00,2026-08-28 13:06:28.131893+00
10,16384,t,-3749168379921708714,"MOVE ALL IN ""query-cursor_97""",0,0,0,0,0,0,1,1.570479,1.570479,1.570479,1.570479,0,0,0,0,0,0,0,0,0,0,0,0,0,0,0,0,0,0,0,0,0,0,0,0,0,0,0,0,0,0,0,2026-08-28 13:25:28.133609+00,2026-08-28 13:25:28.133609+00
16410,16412,t,373796634726008082,"UPDATE RES_RELATE AS T SET IS_DISCLOSED=C.IS_DISCLOSED,IS_AMBIGUOUS=C.IS_AMBIGUOUS,LAST_ERRULE_ID=C.LAST_ERRULE_ID,MATCH_KEY=C.MATCH_KEY,MATCH_KEY_DETAILS=C.MATCH_KEY_DETAILS,MATCH_LEVELS=C.MATCH_LEVELS FROM (VALUES (CAST ($1 AS BIGINT),CAST ($2 AS BIGINT),CAST ($3 AS BIGINT),CAST ($4 AS BIGINT),$5,$6,$7)) AS C(RES_REL_ID,IS_DISCLOSED,IS_AMBIGUOUS,LAST_ERRULE_ID,MATCH_KEY,MATCH_KEY_DETAILS,MATCH_LEVELS) WHERE C.RES_REL_ID=T.RES_REL_ID",0,0,0,0,0,0,30552,6027.619180000091,0.015839,49.026360999999994,0.19729049423933265,1.0531745745561543,30551,354420,2,0,3206,0,0,0,0,0,0,0,161.56776099999954,0,0,0,0,0,0,0,0,0,0,0,0,0,0,0,0,0,2026-08-28 13:27:26.299363+00,2026-08-28 13:27:26.299363+00
10,16384,t,-6896346811425522759,"DECLARE ""query-cursor_72"" SCROLL CURSOR FOR select queryid, left(query, $1), calls, (total_plan_time + total_exec_time) as total_time from aurora_stat_statements($2) order by calls desc limit $3 FOR READ ONLY",0,0,0,0,0,0,1,0.069926,0.069926,0.069926,0.069926,0,0,0,0,0,0,0,0,0,0,0,0,0,0,0,0,0,0,0,0,0,0,0,0,0,0,0,0,0,0,0,2026-08-28 13:00:28.13029+00,2026-08-28 13:00:28.13029+00
16410,16412,t,-3844544056154883233,"UPDATE RES_FEAT_EKEY AS T SET SUPPRESSED=C.SUPPRESSED,OBS_ENT_CNT=C.OBS_ENT_CNT FROM (VALUES (CAST ($1 AS BIGINT),CAST ($2 AS BIGINT),$3,$4,CAST ($5 AS BIGINT)),(CAST ($6 AS BIGINT),CAST ($7 AS BIGINT),$8,$9,CAST ($10 AS BIGINT)),(CAST ($11 AS BIGINT),CAST ($12 AS BIGINT),$13,$14,CAST ($15 AS BIGINT)),(CAST ($16 AS BIGINT),CAST ($17 AS BIGINT),$18,$19,CAST ($20 AS BIGINT)),(CAST ($21 AS BIGINT),CAST ($22 AS BIGINT),$23,$24,CAST ($25 AS BIGINT)),(CAST ($26 AS BIGINT),CAST ($27 AS BIGINT),$28,$29,CAST ($30 AS BIGINT)),(CAST ($31 AS BIGINT),CAST ($32 AS BIGINT),$33,$34,CAST ($35 AS BIGINT)),(CAST ($36 AS BIGINT),CAST ($37 AS BIGINT),$38,$39,CAST ($40 AS BIGINT)),(CAST ($41 AS BIGINT),CAST ($42 AS BIGINT),$43,$44,CAST ($45 AS BIGINT)),(CAST ($46 AS BIGINT),CAST ($47 AS BIGINT),$48,$49,CAST ($50 AS BIGINT)),(CAST ($51 AS BIGINT),CAST ($52 AS BIGINT),$53,$54,CAST ($55 AS BIGINT)),(CAST ($56 AS BIGINT),CAST ($57 AS BIGINT),$58,$59,CAST ($60 AS BIGINT)),(CAST ($61 AS BIGINT),CAST ($62 AS BIGINT),$63,$64,CAST ($65 AS BIGINT)),(CAST ($66 AS BIGINT),CAST ($67 AS BIGINT),$68,$69,CAST ($70 AS BIGINT)),(CAST ($71 AS BIGINT),CAST ($72 AS BIGINT),$73,$74,CAST ($75 AS BIGINT)),(CAST ($76 AS BIGINT),CAST ($77 AS BIGINT),$78,$79,CAST ($80 AS BIGINT)),(CAST ($81 AS BIGINT),CAST ($82 AS BIGINT),$83,$84,CAST ($85 AS BIGINT)),(CAST ($86 AS BIGINT),CAST ($87 AS BIGINT),$88,$89,CAST ($90 AS BIGINT))) AS C(RES_ENT_ID,LIB_FEAT_ID,UTYPE_CODE,SUPPRESSED,OBS_ENT_CNT) WHERE C.RES_ENT_ID=T.RES_ENT_ID AND C.LIB_FEAT_ID=T.LIB_FEAT_ID AND C.UTYPE_CODE=T.UTYPE_CODE",0,0,0,0,0,0,64,451.103379,0.169843,80.219956,7.048490296875,15.57074709621168,1152,17626,0,0,3,0,0,0,0,0,0,0,0.034489000000000006,0,0,0,0,0,0,0,0,0,0,0,0,0,0,0,0,0,2026-08-28 13:28:44.471521+00,2026-08-28 13:28:44.471521+00
10,16384,t,-6507285794628175001,"MOVE ALL IN ""query-cursor_156""",0,0,0,0,0,0,1,4.726734,4.726734,4.726734,4.726734,0,0,0,0,0,0,0,0,0,0,0,0,0,0,0,0,0,0,0,0,0,0,0,0,0,0,0,0,0,0,0,2026-08-28 14:29:28.141227+00,2026-08-28 14:29:28.141227+00
16410,16412,t,4066922531952549414,"SELECT RES_ENT_ID,LIB_FEAT_ID,FTYPE_ID,UTYPE_CODE,SUPPRESSED,OBS_ENT_CNT FROM RES_FEAT_EKEY WHERE RES_ENT_ID IN ($1,$2,$3,$4) AND FTYPE_ID IN ($5,$6,$7,$8,$9,$10)",0,0,0,0,0,0,945,234.39360199999982,0.029967999999999998,33.553636,0.24803555767195748,1.5366306285694815,39606,14211,0,0,0,0,0,0,0,0,0,0,0,0,0,0,0,0,0,0,0,0,0,0,0,0,0,0,0,0,2026-08-28 13:27:51.974085+00,2026-08-28 13:27:51.974085+00
10,16384,t,2598160947181064491,"FETCH 0 IN ""query-cursor_102""",0,0,0,0,0,0,1,0.003835,0.003835,0.003835,0.003835,0,0,0,0,0,0,0,0,0,0,0,0,0,0,0,0,0,0,0,0,0,0,0,0,0,0,0,0,0,0,0,2026-08-28 13:30:28.132627+00,2026-08-28 13:30:28.132627+00
10,16384,t,5378175582918764431,"FETCH 0 IN ""query-cursor_110""",0,0,0,0,0,0,1,0.003482,0.003482,0.003482,0.003482,0,0,0,0,0,0,0,0,0,0,0,0,0,0,0,0,0,0,0,0,0,0,0,0,0,0,0,0,0,0,0,2026-08-28 13:42:28.13442+00,2026-08-28 13:42:28.13442+00
10,16384,t,5606802887923544155,"FETCH 50 IN ""query-cursor_65""",0,0,0,0,0,0,10,0.034345,0.002751,0.005638,0.0034345,0.0007983585973733858,500,0,0,0,0,0,0,0,0,0,0,0,0,0,0,0,0,0,0,0,0,0,0,0,0,0,0,0,0,0,2026-08-28 12:53:28.131104+00,2026-08-28 12:53:28.131104+00
16410,16412,t,6291382799046114632,"SELECT RES_ENT_ID,LIB_FEAT_ID,FTYPE_ID,UTYPE_CODE,SUPPRESSED,OBS_ENT_CNT FROM RES_FEAT_EKEY WHERE RES_ENT_ID IN ($1,$2,$3,$4,$5,$6,$7,$8) AND FTYPE_ID IN ($9,$10,$11,$12,$13,$14,$15,$16,$17,$18,$19,$20,$21)",0,0,0,0,0,0,5121,5125.080149999996,0.08015900000000001,106.398197,1.0007967486818974,3.917387703799717,2264034,170570,0,0,0,0,0,0,0,0,0,0,0,0,0,0,0,0,0,0,0,0,0,0,0,0,0,0,0,0,2026-08-28 13:27:25.034897+00,2026-08-28 13:27:25.034897+00
16410,16412,t,4005550565095767851,"SELECT LIB_FEAT_ID,UTYPE_CODE,RES_ENT_ID,OBS_ENT_CNT FROM RES_FEAT_EKEY WHERE LIB_FEAT_ID IN ($1,$2,$3,$4,$5,$6,$7,$8,$9,$10,$11,$12,$13,$14,$15,$16,$17,$18,$19,$20,$21,$22,$23,$24,$25,$26,$27,$28,$29,$30,$31,$32) AND RES_ENT_ID!=$33",0,0,0,0,0,0,174128,25146.63108200013,0.00441,243.823814,0.144414632236057,1.2397894879076334,1111028,3009144,0,0,0,0,0,0,0,0,0,0,0,0,0,0,0,0,0,0,0,0,0,0,0,0,0,0,0,0,2026-08-28 13:27:22.273278+00,2026-08-28 13:27:22.273278+00
10,16384,t,-3341192871666062201,"MOVE ALL IN ""query-cursor_159""",0,0,0,0,0,0,1,4.763874,4.763874,4.763874,4.763874,0,0,0,0,0,0,0,0,0,0,0,0,0,0,0,0,0,0,0,0,0,0,0,0,0,0,0,0,0,0,0,2026-08-28 14:32:28.141485+00,2026-08-28 14:32:28.141485+00
10,16384,t,145860724506787366,"MOVE ALL IN ""query-cursor_70""",0,0,0,0,0,0,1,1.087964,1.087964,1.087964,1.087964,0,0,0,0,0,0,0,0,0,0,0,0,0,0,0,0,0,0,0,0,0,0,0,0,0,0,0,0,0,0,0,2026-08-28 12:58:28.131305+00,2026-08-28 12:58:28.131305+00
10,16384,t,-1874930726820787522,"FETCH 50 IN ""query-cursor_70""",0,0,0,0,0,0,11,0.036675000000000006,0.002788,0.00582,0.00333409090909091,0.0008764844503672252,550,0,0,0,0,0,0,0,0,0,0,0,0,0,0,0,0,0,0,0,0,0,0,0,0,0,0,0,0,0,2026-08-28 12:58:28.131402+00,2026-08-28 12:58:28.131402+00
16410,16412,t,-1048620646479387670,SELECT COUNT(DISTINCT(RES_ENT_ID)) FROM RES_FEAT_EKEY WHERE LIB_FEAT_ID=$1,0,0,0,0,0,0,3470,52.530812000000005,0.005145,0.36595,0.015138562536023055,0.010848708308747158,3470,18764,0,0,0,0,0,0,0,0,0,0,0,0,0,0,0,0,0,0,0,0,0,0,0,0,0,0,0,0,2026-08-28 13:36:35.583885+00,2026-08-28 13:36:35.583885+00
10,16384,t,-1544688133956779108,"FETCH 43 IN ""query-cursor_36""",0,0,0,0,0,0,1,0.002835,0.002835,0.002835,0.002835,0,43,0,0,0,0,0,0,0,0,0,0,0,0,0,0,0,0,0,0,0,0,0,0,0,0,0,0,0,0,0,2026-08-28 12:24:28.129701+00,2026-08-28 12:24:28.129701+00
16410,16412,t,-4135239555229881086,"SELECT OBS_ENT_ID,LOCKING_ID FROM OBS_ENT WHERE OBS_ENT_ID IN ($1,$2,$3,$4)",0,0,0,0,0,0,292,10.727172999999997,0.013944000000000002,0.15758999999999998,0.03673689383561643,0.021068298038817174,972,6337,0,0,0,0,0,0,0,0,0,0,0,0,0,0,0,0,0,0,0,0,0,0,0,0,0,0,0,0,2026-08-28 13:28:56.596672+00,2026-08-28 13:28:56.596672+00
16410,16412,t,8914485995836397739,"UPDATE OBS_ENT SET LAST_TOUCH_DT=$1,LOCKING_ID=$2 WHERE OBS_ENT_ID IN ($3) AND LAST_TOUCH_DT=$4",0,0,0,0,0,0,1299610,588076.8784809924,0.010476,374.928445,0.45250258037487584,4.5206006313561975,1299591,11632690,10,0,44437,0,0,0,0,0,0,0,1872.1047729999984,0,0,0,0,0,0,0,0,0,0,0,0,0,0,0,0,0,2026-08-28 13:27:22.18966+00,2026-08-28 13:27:22.18966+00
16410,16412,t,-6529349559229700612,"SELECT RES_ENT_ID,LIB_FEAT_ID,FTYPE_ID,UTYPE_CODE,SUPPRESSED,OBS_ENT_CNT FROM RES_FEAT_EKEY WHERE RES_ENT_ID IN ($1,$2,$3,$4,$5,$6,$7,$8) AND FTYPE_ID IN ($9,$10,$11,$12,$13,$14,$15,$16,$17,$18,$19,$20,$21,$22,$23,$24,$25,$26,$27,$28,$29,$30)",0,0,0,0,0,0,68,181.58040299999993,0.205161,25.919917,2.670300044117646,4.042425222005584,197728,4156,0,0,0,0,0,0,0,0,0,0,0,0,0,0,0,0,0,0,0,0,0,0,0,0,0,0,0,0,2026-08-28 13:27:24.681467+00,2026-08-28 13:27:24.681467+00
10,16384,t,4877655580780582750,"MOVE -296 IN ""query-cursor_28""",0,0,0,0,0,0,1,0.00837,0.00837,0.00837,0.00837,0,0,0,0,0,0,0,0,0,0,0,0,0,0,0,0,0,0,0,0,0,0,0,0,0,0,0,0,0,0,0,2026-08-28 12:16:28.127938+00,2026-08-28 12:16:28.127938+00
10,16384,t,5800023625326375822,"DECLARE ""query-cursor_33"" SCROLL CURSOR FOR select queryid, left(query, $1), calls, (total_plan_time + total_exec_time) as total_time from aurora_stat_statements($2) order by calls desc limit $3 FOR READ ONLY",0,0,0,0,0,0,1,0.066189,0.066189,0.066189,0.066189,0,0,0,0,0,0,0,0,0,0,0,0,0,0,0,0,0,0,0,0,0,0,0,0,0,0,0,0,0,0,0,2026-08-28 12:21:28.127507+00,2026-08-28 12:21:28.127507+00
16410,16412,t,2341497862536967763,"SELECT LIB_FEAT_ID FROM NAME_EMBEDDING WHERE LIB_FEAT_ID IN ($1,$2,$3,$4)",0,0,0,0,0,0,8,0.20425400000000002,0.020483,0.030973999999999998,0.025531750000000002,0.003575076703722592,24,104,0,0,0,0,0,0,0,0,0,0,0,0,0,0,0,0,0,0,0,0,0,0,0,0,0,0,0,0,2026-08-28 13:42:02.328817+00,2026-08-28 13:42:02.328817+00
10,16384,t,2671304535297845145,"FETCH 50 IN ""query-cursor_57""",0,0,0,0,0,0,9,0.030756000000000002,0.002728,0.00546,0.0034173333333333334,0.0007784236207447288,450,0,0,0,0,0,0,0,0,0,0,0,0,0,0,0,0,0,0,0,0,0,0,0,0,0,0,0,0,0,2026-08-28 12:45:28.130428+00,2026-08-28 12:45:28.130428+00
10,16384,t,-7404373669032459528,"FETCH 50 IN ""query-cursor_56""",0,0,0,0,0,0,9,0.043820000000000005,0.002734,0.015029,0.00486888888888889,0.003730645116820189,450,0,0,0,0,0,0,0,0,0,0,0,0,0,0,0,0,0,0,0,0,0,0,0,0,0,0,0,0,0,2026-08-28 12:44:28.130305+00,2026-08-28 12:44:28.130305+00
10,16384,t,-5538074784282496908,"DECLARE ""query-cursor_30"" SCROLL CURSOR FOR select queryid, left(query, $1), calls, (total_plan_time + total_exec_time) as total_time from aurora_stat_statements($2) order by calls desc limit $3 FOR READ ONLY",0,0,0,0,0,0,1,0.055421,0.055421,0.055421,0.055421,0,0,0,0,0,0,0,0,0,0,0,0,0,0,0,0,0,0,0,0,0,0,0,0,0,0,0,0,0,0,0,2026-08-28 12:18:28.127226+00,2026-08-28 12:18:28.127226+00
16410,16412,t,-7691896416754340519,"INSERT INTO RES_FEAT_STAT(LIB_FEAT_ID,FTYPE_ID,NUM_RES_ENT,NUM_RES_ENT_OOM) VALUES ($1,$2,$3,$4),($5,$6,$7,$8),($9,$10,$11,$12),($13,$14,$15,$16),($17,$18,$19,$20),($21,$22,$23,$24),($25,$26,$27,$28),($29,$30,$31,$32),($33,$34,$35,$36),($37,$38,$39,$40),($41,$42,$43,$44),($45,$46,$47,$48),($49,$50,$51,$52),($53,$54,$55,$56),($57,$58,$59,$60),($61,$62,$63,$64),($65,$66,$67,$68),($69,$70,$71,$72),($73,$74,$75,$76),($77,$78,$79,$80),($81,$82,$83,$84),($85,$86,$87,$88) ON CONFLICT DO NOTHING",0,0,0,0,0,0,14018,104704.78587799938,0.193202,707.50733,7.469309878584633,29.82071553817315,308301,2530806,0,0,2773,0,0,0,0,0,0,0,159.7623769999999,0,0,0,0,0,0,0,0,0,0,0,0,0,0,0,0,0,2026-08-28 13:27:22.741706+00,2026-08-28 13:27:22.741706+00
16410,16412,t,492506165253133166,"INSERT INTO SYS_CFG(CONFIG_DATA_ID,CONFIG_DATA,CONFIG_COMMENTS,SYS_CREATE_DT) VALUES ($1,$2,$3,$4) ON CONFLICT DO NOTHING",0,0,0,0,0,0,2,4.598761,1.68041,2.918351,2.2993805,0.6189704999999999,2,109,2,0,12,0,0,0,0,0,0,1.10398,0.041923,0,0,0,0,0,0,0,0,0,0,0,0,0,0,0,0,0,2026-08-28 11:53:35.07206+00,2026-08-28 11:53:35.07206+00
16410,16412,t,-5411797953560669204,"SELECT RES_ENT_ID,LIB_FEAT_ID,FTYPE_ID,UTYPE_CODE,SUPPRESSED,OBS_ENT_CNT FROM RES_FEAT_EKEY WHERE RES_ENT_ID IN ($1) AND FTYPE_ID IN ($2,$3,$4,$5,$6,$7,$8,$9,$10,$11,$12,$13,$14,$15)",0,0,0,0,0,0,16554,1865.085982999991,0.014596999999999999,69.20330600000001,0.11266678645644504,0.7986708690461893,783257,78298,0,0,0,0,0,0,0,0,0,0,0,0,0,0,0,0,0,0,0,0,0,0,0,0,0,0,0,0,2026-08-28 13:27:22.961239+00,2026-08-28 13:27:22.961239+00
10,16384,t,-8982511916462836618,"DECLARE ""query-cursor_96"" SCROLL CURSOR FOR select queryid, left(query, $1), calls, (total_plan_time + total_exec_time) as total_time from aurora_stat_statements($2) order by calls desc limit $3 FOR READ ONLY",0,0,0,0,0,0,1,0.077637,0.077637,0.077637,0.077637,0,0,0,0,0,0,0,0,0,0,0,0,0,0,0,0,0,0,0,0,0,0,0,0,0,0,0,0,0,0,0,2026-08-28 13:24:28.132022+00,2026-08-28 13:24:28.132022+00
10,16384,t,-2532399276659948385,"DECLARE ""query-cursor_40"" SCROLL CURSOR FOR select queryid, left(query, $1), calls, (total_plan_time + total_exec_time) as total_time from aurora_stat_statements($2) order by calls desc limit $3 FOR READ ONLY",0,0,0,0,0,0,1,0.06583,0.06583,0.06583,0.06583,0,0,0,0,0,0,0,0,0,0,0,0,0,0,0,0,0,0,0,0,0,0,0,0,0,0,0,0,0,0,0,2026-08-28 12:28:28.12799+00,2026-08-28 12:28:28.12799+00
10,16384,t,-6481814257014673163,"DECLARE ""query-cursor_145"" SCROLL CURSOR FOR select queryid, left(query, $1), calls, (total_plan_time + total_exec_time) as total_time from aurora_stat_statements($2) order by calls desc limit $3 FOR READ ONLY",0,0,0,0,0,0,1,0.067424,0.067424,0.067424,0.067424,0,0,0,0,0,0,0,0,0,0,0,0,0,0,0,0,0,0,0,0,0,0,0,0,0,0,0,0,0,0,0,2026-08-28 14:18:28.135606+00,2026-08-28 14:18:28.135606+00
10,16384,t,6298999686210121249,"FETCH 50 IN ""query-cursor_106""",0,0,0,0,0,0,27,0.470639,0.010154,0.025016,0.017431074074074075,0.004465740749187916,1350,0,0,0,0,0,0,0,0,0,0,0,0,0,0,0,0,0,0,0,0,0,0,0,0,0,0,0,0,0,2026-08-28 13:34:28.265646+00,2026-08-28 13:34:28.265646+00
16410,16412,t,-2570864583573319622,"SELECT RES_ENT_ID,LIB_FEAT_ID,FTYPE_ID,UTYPE_CODE,SUPPRESSED,OBS_ENT_CNT FROM RES_FEAT_EKEY WHERE RES_ENT_ID IN ($1,$2)",0,0,0,0,0,0,20169,3292.797889999981,0.019371000000000003,117.03644800000001,0.16326034458822852,1.3934242682579285,2085355,188240,0,0,0,0,0,0,0,0,0,0,0,0,0,0,0,0,0,0,0,0,0,0,0,0,0,0,0,0,2026-08-28 13:27:26.04129+00,2026-08-28 13:27:26.04129+00
16410,16412,t,-7363526367682445110,"SELECT RES_ENT_ID,LIB_FEAT_ID,FTYPE_ID,UTYPE_CODE,SUPPRESSED,OBS_ENT_CNT FROM RES_FEAT_EKEY WHERE RES_ENT_ID IN ($1,$2,$3,$4) AND FTYPE_ID IN ($5,$6,$7,$8,$9,$10,$11,$12,$13,$14,$15,$16,$17,$18,$19,$20,$21,$22,$23,$24,$25,$26,$27)",0,0,0,0,0,0,19,26.348067999999994,0.114165,5.719068,1.3867404210526313,1.7243709591220526,49481,735,0,0,0,0,0,0,0,0,0,0,0,0,0,0,0,0,0,0,0,0,0,0,0,0,0,0,0,0,2026-08-28 13:27:30.973749+00,2026-08-28 13:27:30.973749+00
10,16384,t,-5778099297048156385,"FETCH 0 IN ""query-cursor_98""",0,0,0,0,0,0,1,0.003476,0.003476,0.003476,0.003476,0,0,0,0,0,0,0,0,0,0,0,0,0,0,0,0,0,0,0,0,0,0,0,0,0,0,0,0,0,0,0,2026-08-28 13:26:28.132098+00,2026-08-28 13:26:28.132098+00
16410,16412,t,-7736131640724432071,"CREATE TABLE SYS_CODES_USED (CODE_ID BIGINT NOT NULL, CODE_TYPE VARCHAR(25) NOT NULL, CODE VARCHAR(255) NOT NULL, PRIMARY KEY(CODE_TYPE, CODE))",0,0,0,0,0,0,1,3.071173,3.071173,3.071173,3.071173,0,0,222,0,0,0,0,0,0,0,0,0,0,0,0,0,0,0,0,0,0,0,0,0,0,0,0,0,0,0,0,2026-08-28 11:51:27.969315+00,2026-08-28 11:51:27.969315+00
10,16384,t,-875842682279399933,"FETCH 0 IN ""query-cursor_26""",0,0,0,0,0,0,1,0.004007,0.004007,0.004007,0.004007,0,0,0,0,0,0,0,0,0,0,0,0,0,0,0,0,0,0,0,0,0,0,0,0,0,0,0,0,0,0,0,2026-08-28 12:14:28.127054+00,2026-08-28 12:14:28.127054+00
10,16384,t,-2892364195522709521,"select max(age(coalesce(backend_xmin, backend_xid))) as oldest_running_transaction_xid_age from pg_stat_activity where state != $1",0,0,0,0,0,0,170,485.7750270000001,0.07893,11.358229,2.85750015882353,3.476655792548365,170,0,0,0,0,0,0,0,0,0,0,0,0,0,0,0,0,0,0,0,0,0,0,0,0,0,0,0,0,0,2026-08-28 11:49:27.691989+00,2026-08-28 11:49:27.691989+00
10,16384,t,-3577201948790415644,"FETCH 0 IN ""query-cursor_60""",0,0,0,0,0,0,1,0.003954,0.003954,0.003954,0.003954,0,0,0,0,0,0,0,0,0,0,0,0,0,0,0,0,0,0,0,0,0,0,0,0,0,0,0,0,0,0,0,2026-08-28 12:48:28.12953+00,2026-08-28 12:48:28.12953+00
10,16384,t,9150521228745775825,"MOVE ALL IN ""query-cursor_140""",0,0,0,0,0,0,1,4.218886,4.218886,4.218886,4.218886,0,0,0,0,0,0,0,0,0,0,0,0,0,0,0,0,0,0,0,0,0,0,0,0,0,0,0,0,0,0,0,2026-08-28 14:13:28.139448+00,2026-08-28 14:13:28.139448+00
16410,16412,t,1066745420934436780,"SELECT RES_ENT_ID,LIB_FEAT_ID,FTYPE_ID,UTYPE_CODE,SUPPRESSED,OBS_ENT_CNT FROM RES_FEAT_EKEY WHERE RES_ENT_ID IN ($1,$2,$3,$4,$5,$6,$7,$8,$9,$10,$11,$12,$13,$14,$15,$16,$17,$18,$19,$20,$21,$22,$23,$24,$25,$26,$27,$28,$29,$30,$31,$32,$33,$34,$35,$36,$37,$38,$39,$40,$41,$42,$43,$44,$45,$46,$47,$48,$49,$50,$51,$52,$53,$54,$55,$56,$57,$58,$59,$60,$61,$62,$63,$64) AND FTYPE_ID IN ($65,$66,$67,$68,$69,$70,$71,$72,$73,$74,$75,$76,$77,$78,$79,$80)",0,0,0,0,0,0,1124,41529.62652099993,1.374239,755.109684,36.948066299822,58.15201172827544,15428064,388243,0,0,0,0,0,0,0,0,0,0,0,0,0,0,0,0,0,0,0,0,0,0,0,0,0,0,0,0,2026-08-28 13:27:29.267275+00,2026-08-28 13:27:29.267275+00
10,16384,t,-1494124873289562653,"FETCH 0 IN ""query-cursor_152""",0,0,0,0,0,0,1,0.003747,0.003747,0.003747,0.003747,0,0,0,0,0,0,0,0,0,0,0,0,0,0,0,0,0,0,0,0,0,0,0,0,0,0,0,0,0,0,0,2026-08-28 14:25:28.135845+00,2026-08-28 14:25:28.135845+00
16410,16412,t,4525835807519216905,"SELECT RES_ENT_ID,LIB_FEAT_ID,FTYPE_ID,UTYPE_CODE,SUPPRESSED,OBS_ENT_CNT FROM RES_FEAT_EKEY WHERE RES_ENT_ID IN ($1,$2,$3,$4,$5,$6,$7,$8) AND FTYPE_ID IN ($9,$10,$11,$12,$13,$14,$15,$16,$17,$18,$19,$20,$21,$22,$23,$24,$25)",0,0,0,0,0,0,1622,2298.614665,0.09537799999999999,49.336344999999994,1.4171483754623921,3.020969093177163,2607653,72597,0,0,0,0,0,0,0,0,0,0,0,0,0,0,0,0,0,0,0,0,0,0,0,0,0,0,0,0,2026-08-28 13:27:23.253028+00,2026-08-28 13:27:23.253028+00
10,16384,t,8803672650336390705,"MOVE -635 IN ""query-cursor_81""",0,0,0,0,0,0,1,0.013745,0.013745,0.013745,0.013745,0,0,0,0,0,0,0,0,0,0,0,0,0,0,0,0,0,0,0,0,0,0,0,0,0,0,0,0,0,0,0,2026-08-28 13:09:28.132369+00,2026-08-28 13:09:28.132369+00
10,16384,t,-3415027330202508201,"MOVE ALL IN ""query-cursor_16""",0,0,0,0,0,0,1,0.473297,0.473297,0.473297,0.473297,0,0,0,0,0,0,0,0,0,0,0,0,0,0,0,0,0,0,0,0,0,0,0,0,0,0,0,0,0,0,0,2026-08-28 12:04:28.126904+00,2026-08-28 12:04:28.126904+00
16410,16412,t,-191969569717916593,DELETE FROM perf.snap_scalar    WHERE label = $1,0,0,0,0,0,0,1,0.017176999999999998,0.017176999999999998,0.017176999999999998,0.017176999999999998,0,0,1,0,0,0,0,0,0,0,0,0,0,0,0,0,0,0,0,0,0,0,0,0,0,0,0,0,0,0,0,2026-08-28 14:43:54.825317+00,2026-08-28 14:43:54.825317+00
10,16384,t,-7713237334860130126,"select num_timed as checkpoints_timed, num_requested as checkpoints_req, write_time as checkpoint_write_time, sync_time as checkpoint_sync_time, buffers_written as buffers_checkpoint from pg_stat_checkpointer",0,0,0,0,0,0,170,3.7564159999999975,0.015933000000000003,0.075677,0.022096564705882338,0.006877785767915609,170,0,0,0,0,0,0,0,0,0,0,0,0,0,0,0,0,0,0,0,0,0,0,0,0,0,0,0,0,0,2026-08-28 11:49:27.667976+00,2026-08-28 11:49:27.667976+00
10,16384,t,2766173243093301505,"FETCH 17 IN ""query-cursor_40""",0,0,0,0,0,0,1,0.002078,0.002078,0.002078,0.002078,0,17,0,0,0,0,0,0,0,0,0,0,0,0,0,0,0,0,0,0,0,0,0,0,0,0,0,0,0,0,0,2026-08-28 12:28:28.130132+00,2026-08-28 12:28:28.130132+00
16410,16412,t,5058427414213618369,"INSERT INTO RES_FEAT_STAT(LIB_FEAT_ID,FTYPE_ID,NUM_RES_ENT,NUM_RES_ENT_OOM) VALUES ($1,$2,$3,$4),($5,$6,$7,$8),($9,$10,$11,$12),($13,$14,$15,$16),($17,$18,$19,$20),($21,$22,$23,$24),($25,$26,$27,$28),($29,$30,$31,$32),($33,$34,$35,$36),($37,$38,$39,$40),($41,$42,$43,$44),($45,$46,$47,$48) ON CONFLICT DO NOTHING",0,0,0,0,0,0,38116,127950.59269100078,0.113137,2636.207704,3.3568735620474546,18.36370022741153,457139,3880769,0,0,4033,0,0,0,0,0,0,0,266.0998620000002,0,0,0,0,0,0,0,0,0,0,0,0,0,0,0,0,0,2026-08-28 13:27:22.584721+00,2026-08-28 13:27:22.584721+00
16410,16412,t,5419215886825831254,DELETE FROM RES_FEAT_EKEY WHERE ((RES_ENT_ID=$1 AND LIB_FEAT_ID=$2 AND UTYPE_CODE=$3)OR(RES_ENT_ID=$4 AND LIB_FEAT_ID=$5 AND UTYPE_CODE=$6)OR(RES_ENT_ID=$7 AND LIB_FEAT_ID=$8 AND UTYPE_CODE=$9)OR(RES_ENT_ID=$10 AND LIB_FEAT_ID=$11 AND UTYPE_CODE=$12)OR(RES_ENT_ID=$13 AND LIB_FEAT_ID=$14 AND UTYPE_CODE=$15)),0,0,0,0,0,0,3791,2020.7134920000046,0.012544000000000001,27.635595,0.5330291458718028,2.0285796879031057,18945,99049,0,0,0,0,0,0,0,0,0,0,0,0,0,0,0,0,0,0,0,0,0,0,0,0,0,0,0,0,2026-08-28 13:27:40.119572+00,2026-08-28 13:27:40.119572+00
10,16384,t,-4640470102241259347,"DECLARE ""query-cursor_161"" SCROLL CURSOR FOR select queryid, left(query, $1), calls, (total_plan_time + total_exec_time) as total_time from aurora_stat_statements($2) order by calls desc limit $3 FOR READ ONLY",0,0,0,0,0,0,1,0.066752,0.066752,0.066752,0.066752,0,0,0,0,0,0,0,0,0,0,0,0,0,0,0,0,0,0,0,0,0,0,0,0,0,0,0,0,0,0,0,2026-08-28 14:34:28.136585+00,2026-08-28 14:34:28.136585+00
10,5,t,2103733769408878190,SELECT $1,0,0,0,0,0,0,3,0.012423,0.003653,0.004555,0.004141,0.0003719390631093575,3,0,0,0,0,0,0,0,0,0,0,0,0,0,0,0,0,0,0,0,0,0,0,0,0,0,0,0,0,0,2026-08-28 12:45:00.144877+00,2026-08-28 12:45:00.144877+00
16410,16412,t,-4730469971484864060,"UPDATE RES_FEAT_STAT AS T SET FTYPE_ID=C.FTYPE_ID,NUM_RES_ENT=C.NUM_RES_ENT_NEW,NUM_RES_ENT_OOM=C.NUM_RES_ENT_OOM_NEW FROM (VALUES (CAST ($1 AS BIGINT),CAST ($2 AS INT),CAST ($3 AS BIGINT),CAST ($4 AS BIGINT),CAST ($5 AS BIGINT),CAST ($6 AS BIGINT)),(CAST ($7 AS BIGINT),CAST ($8 AS INT),CAST ($9 AS BIGINT),CAST ($10 AS BIGINT),CAST ($11 AS BIGINT),CAST ($12 AS BIGINT)),(CAST ($13 AS BIGINT),CAST ($14 AS INT),CAST ($15 AS BIGINT),CAST ($16 AS BIGINT),CAST ($17 AS BIGINT),CAST ($18 AS BIGINT)),(CAST ($19 AS BIGINT),CAST ($20 AS INT),CAST ($21 AS BIGINT),CAST ($22 AS BIGINT),CAST ($23 AS BIGINT),CAST ($24 AS BIGINT)),(CAST ($25 AS BIGINT),CAST ($26 AS INT),CAST ($27 AS BIGINT),CAST ($28 AS BIGINT),CAST ($29 AS BIGINT),CAST ($30 AS BIGINT)),(CAST ($31 AS BIGINT),CAST ($32 AS INT),CAST ($33 AS BIGINT),CAST ($34 AS BIGINT),CAST ($35 AS BIGINT),CAST ($36 AS BIGINT)),(CAST ($37 AS BIGINT),CAST ($38 AS INT),CAST ($39 AS BIGINT),CAST ($40 AS BIGINT),CAST ($41 AS BIGINT),CAST ($42 AS BIGINT)),(CAST ($43 AS BIGINT),CAST ($44 AS INT),CAST ($45 AS BIGINT),CAST ($46 AS BIGINT),CAST ($47 AS BIGINT),CAST ($48 AS BIGINT)),(CAST ($49 AS BIGINT),CAST ($50 AS INT),CAST ($51 AS BIGINT),CAST ($52 AS BIGINT),CAST ($53 AS BIGINT),CAST ($54 AS BIGINT)),(CAST ($55 AS BIGINT),CAST ($56 AS INT),CAST ($57 AS BIGINT),CAST ($58 AS BIGINT),CAST ($59 AS BIGINT),CAST ($60 AS BIGINT)),(CAST ($61 AS BIGINT),CAST ($62 AS INT),CAST ($63 AS BIGINT),CAST ($64 AS BIGINT),CAST ($65 AS BIGINT),CAST ($66 AS BIGINT)),(CAST ($67 AS BIGINT),CAST ($68 AS INT),CAST ($69 AS BIGINT),CAST ($70 AS BIGINT),CAST ($71 AS BIGINT),CAST ($72 AS BIGINT)),(CAST ($73 AS BIGINT),CAST ($74 AS INT),CAST ($75 AS BIGINT),CAST ($76 AS BIGINT),CAST ($77 AS BIGINT),CAST ($78 AS BIGINT)),(CAST ($79 AS BIGINT),CAST ($80 AS INT),CAST ($81 AS BIGINT),CAST ($82 AS BIGINT),CAST ($83 AS BIGINT),CAST ($84 AS BIGINT)),(CAST ($85 AS BIGINT),CAST ($86 AS INT),CAST ($87 AS BIGINT),CAST ($88 AS BIGINT),CAST ($89 AS BIGINT),CAST ($90 AS BIGINT)),(CAST ($91 AS BIGINT),CAST ($92 AS INT),CAST ($93 AS BIGINT),CAST ($94 AS BIGINT),CAST ($95 AS BIGINT),CAST ($96 AS BIGINT)),(CAST ($97 AS BIGINT),CAST ($98 AS INT),CAST ($99 AS BIGINT),CAST ($100 AS BIGINT),CAST ($101 AS BIGINT),CAST ($102 AS BIGINT)),(CAST ($103 AS BIGINT),CAST ($104 AS INT),CAST ($105 AS BIGINT),CAST ($106 AS BIGINT),CAST ($107 AS BIGINT),CAST ($108 AS BIGINT)),(CAST ($109 AS BIGINT),CAST ($110 AS INT),CAST ($111 AS BIGINT),CAST ($112 AS BIGINT),CAST ($113 AS BIGINT),CAST ($114 AS BIGINT)),(CAST ($115 AS BIGINT),CAST ($116 AS INT),CAST ($117 AS BIGINT),CAST ($118 AS BIGINT),CAST ($119 AS BIGINT),CAST ($120 AS BIGINT))) AS C(LIB_FEAT_ID,FTYPE_ID,NUM_RES_ENT_OLD,NUM_RES_ENT_OOM_OLD,NUM_RES_ENT_NEW,NUM_RES_ENT_OOM_NEW) WHERE C.LIB_FEAT_ID=T.LIB_FEAT_ID AND C.NUM_RES_ENT_OLD=T.NUM_RES_ENT AND C.NUM_RES_ENT_OOM_OLD=T.NUM_RES_ENT_OOM",0,0,0,0,0,0,2,3.579206,1.475814,2.103392,1.789603,0.31378900000000004,14,3598,0,0,0,0,0,0,0,0,0,0,0,0,0,0,0,0,0,0,0,0,0,0,0,0,0,0,0,0,2026-08-28 13:42:38.964175+00,2026-08-28 13:42:38.964175+00
10,16384,t,-3609704862907785947,"FETCH 0 IN ""query-cursor_80""",0,0,0,0,0,0,1,0.003652,0.003652,0.003652,0.003652,0,0,0,0,0,0,0,0,0,0,0,0,0,0,0,0,0,0,0,0,0,0,0,0,0,0,0,0,0,0,0,2026-08-28 13:08:28.130855+00,2026-08-28 13:08:28.130855+00
10,16384,t,289912002779787825,"FETCH 50 IN ""query-cursor_8""",0,0,0,0,0,0,3,0.010862,0.002917,0.004433,0.0036206666666666666,0.0006236560661846314,150,0,0,0,0,0,0,0,0,0,0,0,0,0,0,0,0,0,0,0,0,0,0,0,0,0,0,0,0,0,2026-08-28 11:56:28.126268+00,2026-08-28 11:56:28.126268+00
10,16384,t,-5428945687808449880,"MOVE -350 IN ""query-cursor_37""",0,0,0,0,0,0,1,0.008546,0.008546,0.008546,0.008546,0,0,0,0,0,0,0,0,0,0,0,0,0,0,0,0,0,0,0,0,0,0,0,0,0,0,0,0,0,0,0,2026-08-28 12:25:28.128557+00,2026-08-28 12:25:28.128557+00
10,16384,t,3638544932147007543,"MOVE -1358 IN ""query-cursor_105""",0,0,0,0,0,0,1,0.025941,0.025941,0.025941,0.025941,0,0,0,0,0,0,0,0,0,0,0,0,0,0,0,0,0,0,0,0,0,0,0,0,0,0,0,0,0,0,0,2026-08-28 13:33:28.136354+00,2026-08-28 13:33:28.136354+00
10,16384,t,-807440472102645581,"DECLARE ""query-cursor_156"" SCROLL CURSOR FOR select queryid, left(query, $1), calls, (total_plan_time + total_exec_time) as total_time from aurora_stat_statements($2) order by calls desc limit $3 FOR READ ONLY",0,0,0,0,0,0,1,0.071365,0.071365,0.071365,0.071365,0,0,0,0,0,0,0,0,0,0,0,0,0,0,0,0,0,0,0,0,0,0,0,0,0,0,0,0,0,0,0,2026-08-28 14:29:28.136407+00,2026-08-28 14:29:28.136407+00
16410,16412,t,-1266481273314022547,"SELECT RES_ENT_ID,LIB_FEAT_ID,FTYPE_ID,UTYPE_CODE,SUPPRESSED,OBS_ENT_CNT FROM RES_FEAT_EKEY WHERE RES_ENT_ID IN ($1,$2,$3,$4,$5,$6,$7,$8,$9,$10,$11,$12,$13,$14,$15,$16,$17,$18,$19,$20,$21,$22,$23,$24,$25,$26,$27,$28,$29,$30,$31,$32,$33,$34,$35,$36,$37,$38,$39,$40,$41,$42,$43,$44,$45,$46,$47,$48,$49,$50,$51,$52,$53,$54,$55,$56,$57,$58,$59,$60,$61,$62,$63,$64)",0,0,0,0,0,0,12988,610922.4101230005,0.5889960000000001,1945.315498,47.037450733215316,89.89383445058719,377362235,6744721,0,0,0,0,0,0,0,0,0,0,0,0,0,0,0,0,0,0,0,0,0,0,0,0,0,0,0,0,2026-08-28 13:27:28.987815+00,2026-08-28 13:27:28.987815+00
10,16384,t,9105277691521015903,"FETCH 50 IN ""query-cursor_168""",0,0,0,0,0,0,35,0.18744100000000002,0.003531,0.01396,0.005355457142857144,0.0018749468311373093,1750,0,0,0,0,0,0,0,0,0,0,0,0,0,0,0,0,0,0,0,0,0,0,0,0,0,0,0,0,0,2026-08-28 14:41:28.142425+00,2026-08-28 14:41:28.142425+00
10,16384,t,-6696959189948193354,"FETCH 50 IN ""query-cursor_117""",0,0,0,0,0,0,29,0.116147,0.002905,0.005801,0.004005068965517241,0.0009211353538277335,1450,0,0,0,0,0,0,0,0,0,0,0,0,0,0,0,0,0,0,0,0,0,0,0,0,0,0,0,0,0,2026-08-28 13:50:28.137892+00,2026-08-28 13:50:28.137892+00
10,16384,t,6324614696772710390,"DECLARE ""query-cursor_141"" SCROLL CURSOR FOR select queryid, left(query, $1), calls, (total_plan_time + total_exec_time) as total_time from aurora_stat_statements($2) order by calls desc limit $3 FOR READ ONLY",0,0,0,0,0,0,1,0.067746,0.067746,0.067746,0.067746,0,0,0,0,0,0,0,0,0,0,0,0,0,0,0,0,0,0,0,0,0,0,0,0,0,0,0,0,0,0,0,2026-08-28 14:14:28.135209+00,2026-08-28 14:14:28.135209+00
10,16384,t,-5926801257907371455,"FETCH 11 IN ""query-cursor_162""",0,0,0,0,0,0,1,0.002218,0.002218,0.002218,0.002218,0,11,0,0,0,0,0,0,0,0,0,0,0,0,0,0,0,0,0,0,0,0,0,0,0,0,0,0,0,0,0,2026-08-28 14:35:28.153287+00,2026-08-28 14:35:28.153287+00
10,16384,t,2212093126975707074,"MOVE ALL IN ""query-cursor_131""",0,0,0,0,0,0,1,3.970847,3.970847,3.970847,3.970847,0,0,0,0,0,0,0,0,0,0,0,0,0,0,0,0,0,0,0,0,0,0,0,0,0,0,0,0,0,0,0,2026-08-28 14:04:28.138621+00,2026-08-28 14:04:28.138621+00
10,16384,t,4118098694016286668,"FETCH 37 IN ""query-cursor_35""",0,0,0,0,0,0,1,0.002553,0.002553,0.002553,0.002553,0,37,0,0,0,0,0,0,0,0,0,0,0,0,0,0,0,0,0,0,0,0,0,0,0,0,0,0,0,0,0,2026-08-28 12:23:28.129639+00,2026-08-28 12:23:28.129639+00
16410,16412,t,-3773477740296255818,"UPDATE RES_FEAT_EKEY AS T SET SUPPRESSED = C.SUPPRESSED FROM (VALUES (CAST ($1 AS BIGINT),CAST ($2 AS BIGINT),$3,$4),(CAST ($5 AS BIGINT),CAST ($6 AS BIGINT),$7,$8),(CAST ($9 AS BIGINT),CAST ($10 AS BIGINT),$11,$12),(CAST ($13 AS BIGINT),CAST ($14 AS BIGINT),$15,$16),(CAST ($17 AS BIGINT),CAST ($18 AS BIGINT),$19,$20),(CAST ($21 AS BIGINT),CAST ($22 AS BIGINT),$23,$24),(CAST ($25 AS BIGINT),CAST ($26 AS BIGINT),$27,$28)) AS C(RES_ENT_ID,LIB_FEAT_ID,UTYPE_CODE,SUPPRESSED) WHERE C.RES_ENT_ID=T.RES_ENT_ID AND C.LIB_FEAT_ID=T.LIB_FEAT_ID AND C.UTYPE_CODE=T.UTYPE_CODE",0,0,0,0,0,0,1034,2720.9977200000026,0.067109,120.097042,2.6315258413926523,7.9137704569840635,7238,90242,0,0,46,0,0,0,0,0,0,0,0.434964,0,0,0,0,0,0,0,0,0,0,0,0,0,0,0,0,0,2026-08-28 13:27:25.148688+00,2026-08-28 13:27:25.148688+00
16410,16412,t,5157551569687287812,"INSERT INTO RES_FEAT_EKEY(RES_ENT_ID,LIB_FEAT_ID,FTYPE_ID,UTYPE_CODE,SUPPRESSED,OBS_ENT_CNT) VALUES ($1,$2,$3,$4,$5,$6),($7,$8,$9,$10,$11,$12),($13,$14,$15,$16,$17,$18),($19,$20,$21,$22,$23,$24),($25,$26,$27,$28,$29,$30),($31,$32,$33,$34,$35,$36),($37,$38,$39,$40,$41,$42) ON CONFLICT DO NOTHING",0,0,0,0,0,0,69720,199542.0651190034,0.08540800000000001,1216.527644,2.8620491267785915,11.57286590611963,488040,6179121,0,0,7966,0,0,0,0,0,0,0,385.7502920000005,0,0,0,0,0,0,0,0,0,0,0,0,0,0,0,0,0,2026-08-28 13:27:22.438344+00,2026-08-28 13:27:22.438344+00
16410,16412,t,-6487251048861794487,"INSERT INTO RES_REL_EKEY(RES_REL_ID,RES_ENT_ID,REL_ENT_ID) VALUES ($1,$2,$3),($4,$5,$6),($7,$8,$9),($10,$11,$12),($13,$14,$15),($16,$17,$18),($19,$20,$21),($22,$23,$24),($25,$26,$27),($28,$29,$30),($31,$32,$33),($34,$35,$36),($37,$38,$39),($40,$41,$42),($43,$44,$45),($46,$47,$48),($49,$50,$51),($52,$53,$54),($55,$56,$57),($58,$59,$60),($61,$62,$63),($64,$65,$66),($67,$68,$69),($70,$71,$72),($73,$74,$75) ON CONFLICT DO NOTHING",0,0,0,0,0,0,66,371.86421599999994,0.375228,81.23235299999999,5.634306303030302,14.62799820034945,1650,13255,0,0,16,0,0,0,0,0,0,0,1.2352400000000001,0,0,0,0,0,0,0,0,0,0,0,0,0,0,0,0,0,2026-08-28 13:32:04.714434+00,2026-08-28 13:32:04.714434+00
10,16384,t,-6316369532002520970,"MOVE -1467 IN ""query-cursor_114""",0,0,0,0,0,0,1,0.02876,0.02876,0.02876,0.02876,0,0,0,0,0,0,0,0,0,0,0,0,0,0,0,0,0,0,0,0,0,0,0,0,0,0,0,0,0,0,0,2026-08-28 13:47:28.140542+00,2026-08-28 13:47:28.140542+00
10,16384,t,-2004254804621051644,"DECLARE ""query-cursor_50"" SCROLL CURSOR FOR select queryid, left(query, $1), calls, (total_plan_time + total_exec_time) as total_time from aurora_stat_statements($2) order by calls desc limit $3 FOR READ ONLY",0,0,0,0,0,0,1,0.065986,0.065986,0.065986,0.065986,0,0,0,0,0,0,0,0,0,0,0,0,0,0,0,0,0,0,0,0,0,0,0,0,0,0,0,0,0,0,0,2026-08-28 12:38:28.128678+00,2026-08-28 12:38:28.128678+00
10,16384,t,7889022531763112341,"FETCH 35 IN ""query-cursor_43""",0,0,0,0,0,0,1,0.002662,0.002662,0.002662,0.002662,0,35,0,0,0,0,0,0,0,0,0,0,0,0,0,0,0,0,0,0,0,0,0,0,0,0,0,0,0,0,0,2026-08-28 12:31:28.130434+00,2026-08-28 12:31:28.130434+00
10,16384,t,1480452116176088034,SELECT count(*) FROM pg_catalog.pg_class c JOIN pg_catalog.pg_namespace n ON n.oid = c.relnamespace WHERE n.nspname = $1 AND c.relname = $2,0,0,0,0,0,0,528,17.460014,0.010152999999999999,0.90375,0.033068208333333335,0.03915795441791148,528,2639,1,0,0,0,0,0,0,0,0,0.875684,0,0,0,0,0,0,0,0,0,0,0,0,0,0,0,0,0,0,2026-08-28 11:48:37.785381+00,2026-08-28 11:48:37.785381+00
10,16384,t,-3913909405131253747,"MOVE -1594 IN ""query-cursor_134""",0,0,0,0,0,0,1,0.030763,0.030763,0.030763,0.030763,0,0,0,0,0,0,0,0,0,0,0,0,0,0,0,0,0,0,0,0,0,0,0,0,0,0,0,0,0,0,0,2026-08-28 14:07:28.139342+00,2026-08-28 14:07:28.139342+00
10,16384,t,-4277014758108794386,"MOVE -218 IN ""query-cursor_15""",0,0,0,0,0,0,1,0.00675,0.00675,0.00675,0.00675,0,0,0,0,0,0,0,0,0,0,0,0,0,0,0,0,0,0,0,0,0,0,0,0,0,0,0,0,0,0,0,2026-08-28 12:03:28.12689+00,2026-08-28 12:03:28.12689+00
16410,16412,t,-9220974224130986890,"INSERT INTO RES_REL_EKEY(RES_REL_ID,RES_ENT_ID,REL_ENT_ID) VALUES ($1,$2,$3),($4,$5,$6),($7,$8,$9),($10,$11,$12),($13,$14,$15),($16,$17,$18) ON CONFLICT DO NOTHING",0,0,0,0,0,0,20061,29404.347262000032,0.067537,77.464704,1.4657468352524816,4.882569513368632,120366,963997,0,0,1378,0,0,0,0,0,0,0,109.56257899999983,0,0,0,0,0,0,0,0,0,0,0,0,0,0,0,0,0,2026-08-28 13:27:27.01035+00,2026-08-28 13:27:27.01035+00
16410,16412,t,-631032049796119119,UPDATE OBS_ENT SET LAST_TOUCH_DT=$1 WHERE OBS_ENT_ID IN ($2) AND LAST_TOUCH_DT=$3,0,0,0,0,0,0,21016,35502.71141999987,0.011246,4299.601949999999,1.6893182061286576,48.82077161002499,21012,521500,0,0,607,0,0,0,0,0,0,0,92.33403699999984,0,0,0,0,0,0,0,0,0,0,0,0,0,0,0,0,0,2026-08-28 13:27:42.292378+00,2026-08-28 13:27:42.292378+00
16410,16412,t,2626920458643934777,"SELECT RES_ENT_ID,LIB_FEAT_ID,FTYPE_ID,UTYPE_CODE,SUPPRESSED,OBS_ENT_CNT FROM RES_FEAT_EKEY WHERE RES_ENT_ID IN ($1,$2) AND FTYPE_ID IN ($3,$4,$5,$6,$7,$8,$9,$10,$11,$12,$13,$14,$15,$16,$17,$18,$19,$20,$21,$22,$23,$24,$25,$26,$27,$28,$29,$30,$31,$32,$33,$34,$35,$36,$37,$38,$39,$40,$41,$42,$43,$44,$45,$46,$47,$48,$49,$50,$51,$52,$53,$54,$55,$56,$57,$58,$59,$60)",0,0,0,0,0,0,1,0.08326700000000001,0.08326700000000001,0.08326700000000001,0.08326700000000001,0,0,12,0,0,0,0,0,0,0,0,0,0,0,0,0,0,0,0,0,0,0,0,0,0,0,0,0,0,0,0,2026-08-28 13:32:46.136187+00,2026-08-28 13:32:46.136187+00
10,16384,t,-1033141721876229587,"FETCH 1 IN ""query-cursor_112""",0,0,0,0,0,0,1,0.00158,0.00158,0.00158,0.00158,0,1,0,0,0,0,0,0,0,0,0,0,0,0,0,0,0,0,0,0,0,0,0,0,0,0,0,0,0,0,0,2026-08-28 13:45:28.150017+00,2026-08-28 13:45:28.150017+00
10,16384,t,-8073683008056133751,"DECLARE ""query-cursor_135"" SCROLL CURSOR FOR select queryid, left(query, $1), calls, (total_plan_time + total_exec_time) as total_time from aurora_stat_statements($2) order by calls desc limit $3 FOR READ ONLY",0,0,0,0,0,0,1,0.070869,0.070869,0.070869,0.070869,0,0,0,0,0,0,0,0,0,0,0,0,0,0,0,0,0,0,0,0,0,0,0,0,0,0,0,0,0,0,0,2026-08-28 14:08:28.13494+00,2026-08-28 14:08:28.13494+00
10,16384,t,-4000048151503133813,"FETCH 0 IN ""query-cursor_157""",0,0,0,0,0,0,1,0.00399,0.00399,0.00399,0.00399,0,0,0,0,0,0,0,0,0,0,0,0,0,0,0,0,0,0,0,0,0,0,0,0,0,0,0,0,0,0,0,2026-08-28 14:30:28.136376+00,2026-08-28 14:30:28.136376+00
16410,16412,t,-5146107295700591,"UPDATE OBS_ENT SET LAST_TOUCH_DT=$1 WHERE OBS_ENT_ID IN ($2,$3) AND LAST_TOUCH_DT=$4",0,0,0,0,0,0,11,2.632052,0.11357999999999999,0.42807799999999996,0.23927745454545454,0.09444567142722234,22,662,0,0,0,0,0,0,0,0,0,0,0,0,0,0,0,0,0,0,0,0,0,0,0,0,0,0,0,0,2026-08-28 13:42:23.021776+00,2026-08-28 13:42:23.021776+00
10,16384,t,539120823991002422,"FETCH 0 IN ""query-cursor_13""",0,0,0,0,0,0,1,0.003919,0.003919,0.003919,0.003919,0,0,0,0,0,0,0,0,0,0,0,0,0,0,0,0,0,0,0,0,0,0,0,0,0,0,0,0,0,0,0,2026-08-28 12:01:28.126123+00,2026-08-28 12:01:28.126123+00
10,16384,t,7004076517161492689,"select coalesce(max(nullif(age(catalog_xmin),$1)),$2) as oldest_inactive_logical_replication_slot_xid_age from pg_replication_slots where active = $3 and slot_type = $4",0,0,0,0,0,0,340,1.8260060000000005,0.004111999999999999,0.017765,0.005370605882352943,0.0013981742771833421,340,0,0,0,0,0,0,0,0,0,0,0,0,0,0,0,0,0,0,0,0,0,0,0,0,0,0,0,0,0,2026-08-28 11:49:27.689153+00,2026-08-28 11:49:27.689153+00
10,16384,t,-5792513239814841351,"MOVE ALL IN ""query-cursor_80""",0,0,0,0,0,0,1,1.265721,1.265721,1.265721,1.265721,0,0,0,0,0,0,0,0,0,0,0,0,0,0,0,0,0,0,0,0,0,0,0,0,0,0,0,0,0,0,0,2026-08-28 13:08:28.132165+00,2026-08-28 13:08:28.132165+00
10,16384,t,1367424276915005081,select $1 from pg_stat_statements($2) limit $3,0,0,0,0,0,0,1,0.09305300000000001,0.09305300000000001,0.09305300000000001,0.09305300000000001,0,1,0,0,0,0,0,0,0,0,0,0,0,0,0,0,0,0,0,0,0,0,0,0,0,0,0,0,0,0,0,2026-08-28 11:49:27.616936+00,2026-08-28 11:49:27.616936+00
10,16384,t,-5492042252853342757,"MOVE -1732 IN ""query-cursor_157""",0,0,0,0,0,0,1,0.032727,0.032727,0.032727,0.032727,0,0,0,0,0,0,0,0,0,0,0,0,0,0,0,0,0,0,0,0,0,0,0,0,0,0,0,0,0,0,0,2026-08-28 14:30:28.141198+00,2026-08-28 14:30:28.141198+00
10,16384,t,-7049837476985906044,"FETCH 41 IN ""query-cursor_167""",0,0,0,0,0,0,1,0.003421,0.003421,0.003421,0.003421,0,41,0,0,0,0,0,0,0,0,0,0,0,0,0,0,0,0,0,0,0,0,0,0,0,0,0,0,0,0,0,2026-08-28 14:40:28.153727+00,2026-08-28 14:40:28.153727+00
16410,16412,t,2385353598640713411,"SELECT RES_ENT_ID,LIB_FEAT_ID,FTYPE_ID,UTYPE_CODE,SUPPRESSED,OBS_ENT_CNT FROM RES_FEAT_EKEY WHERE RES_ENT_ID IN ($1,$2,$3,$4,$5,$6,$7,$8,$9,$10,$11,$12,$13,$14,$15,$16,$17,$18,$19,$20,$21,$22,$23,$24,$25,$26,$27,$28,$29,$30,$31,$32,$33,$34,$35,$36,$37,$38,$39,$40,$41,$42,$43,$44,$45,$46,$47,$48,$49,$50,$51,$52,$53,$54,$55,$56,$57,$58,$59,$60,$61,$62,$63,$64,$65,$66,$67,$68,$69,$70,$71,$72,$73,$74,$75,$76,$77,$78,$79,$80,$81,$82,$83,$84,$85,$86,$87,$88) AND FTYPE_ID IN ($89,$90,$91,$92,$93,$94,$95,$96,$97,$98,$99,$100)",0,0,0,0,0,0,320,18779.724205,3.332477,625.90865,58.68663814062499,65.86444799167663,15333358,325918,0,0,0,0,0,0,0,0,0,0,0,0,0,0,0,0,0,0,0,0,0,0,0,0,0,0,0,0,2026-08-28 13:27:31.671084+00,2026-08-28 13:27:31.671084+00
10,16384,t,-2067097572753037899,"FETCH 0 IN ""query-cursor_114""",0,0,0,0,0,0,1,0.00403,0.00403,0.00403,0.00403,0,0,0,0,0,0,0,0,0,0,0,0,0,0,0,0,0,0,0,0,0,0,0,0,0,0,0,0,0,0,0,2026-08-28 13:47:28.133846+00,2026-08-28 13:47:28.133846+00
10,16384,t,-6357749699255311042,"FETCH 27 IN ""query-cursor_110""",0,0,0,0,0,0,1,0.008522,0.008522,0.008522,0.008522,0,27,0,0,0,0,0,0,0,0,0,0,0,0,0,0,0,0,0,0,0,0,0,0,0,0,0,0,0,0,0,2026-08-28 13:42:28.153156+00,2026-08-28 13:42:28.153156+00
16410,16412,t,-5393638002273043592,"INSERT INTO RES_RELATE(RES_REL_ID,MIN_RES_ENT_ID,MAX_RES_ENT_ID,IS_DISCLOSED,IS_AMBIGUOUS,LAST_ERRULE_ID,MATCH_KEY,MATCH_KEY_DETAILS,MATCH_LEVELS) VALUES ($1,$2,$3,$4,$5,$6,$7,$8,$9),($10,$11,$12,$13,$14,$15,$16,$17,$18),($19,$20,$21,$22,$23,$24,$25,$26,$27),($28,$29,$30,$31,$32,$33,$34,$35,$36),($37,$38,$39,$40,$41,$42,$43,$44,$45),($46,$47,$48,$49,$50,$51,$52,$53,$54),($55,$56,$57,$58,$59,$60,$61,$62,$63),($64,$65,$66,$67,$68,$69,$70,$71,$72) ON CONFLICT DO NOTHING",0,0,0,0,0,0,2448,5711.25634200002,0.09780799999999999,66.09103800000001,2.333029551470596,6.940398706971318,19584,160210,0,0,866,0,0,0,0,0,0,0,63.49639900000001,0,0,0,0,0,0,0,0,0,0,0,0,0,0,0,0,0,2026-08-28 13:27:31.638244+00,2026-08-28 13:27:31.638244+00
16410,16412,t,1472764173320890336,"SELECT RES_ENT_ID,LIB_FEAT_ID,FTYPE_ID,UTYPE_CODE,SUPPRESSED,OBS_ENT_CNT FROM RES_FEAT_EKEY WHERE RES_ENT_ID IN ($1,$2,$3,$4,$5,$6,$7,$8,$9,$10,$11,$12,$13,$14,$15,$16) AND FTYPE_ID IN ($17,$18,$19,$20,$21,$22,$23,$24,$25,$26,$27,$28)",0,0,0,0,0,0,6991,16961.432566000003,0.115672,187.377004,2.4261811709340586,7.667150859049943,8407143,487856,0,0,0,0,0,0,0,0,0,0,0,0,0,0,0,0,0,0,0,0,0,0,0,0,0,0,0,0,2026-08-28 13:27:25.107542+00,2026-08-28 13:27:25.107542+00
16410,16412,t,4667892380139152944,"SELECT RES_ENT_ID,LIB_FEAT_ID,FTYPE_ID,UTYPE_CODE,SUPPRESSED,OBS_ENT_CNT FROM RES_FEAT_EKEY WHERE RES_ENT_ID IN ($1,$2,$3,$4,$5,$6,$7,$8) AND FTYPE_ID IN ($9,$10,$11,$12,$13,$14,$15,$16,$17,$18,$19,$20,$21,$22,$23,$24,$25,$26,$27,$28,$29)",0,0,0,0,0,0,246,356.7580830000001,0.133925,34.029558,1.450236109756098,3.4158582191351154,283166,9993,0,0,0,0,0,0,0,0,0,0,0,0,0,0,0,0,0,0,0,0,0,0,0,0,0,0,0,0,2026-08-28 13:27:25.54171+00,2026-08-28 13:27:25.54171+00
10,16384,t,-5914096615621307821,"FETCH 50 IN ""query-cursor_54""",0,0,0,0,0,0,9,0.030833,0.002823,0.005699,0.003425888888888889,0.0008401378781610717,450,0,0,0,0,0,0,0,0,0,0,0,0,0,0,0,0,0,0,0,0,0,0,0,0,0,0,0,0,0,2026-08-28 12:42:28.129887+00,2026-08-28 12:42:28.129887+00
10,16384,t,-1376473852570152875,"FETCH 30 IN ""query-cursor_100""",0,0,0,0,0,0,1,0.002904,0.002904,0.002904,0.002904,0,30,0,0,0,0,0,0,0,0,0,0,0,0,0,0,0,0,0,0,0,0,0,0,0,0,0,0,0,0,0,2026-08-28 13:28:28.143867+00,2026-08-28 13:28:28.143867+00
10,16384,t,6085583513226254083,"DECLARE ""query-cursor_160"" SCROLL CURSOR FOR select queryid, left(query, $1), calls, (total_plan_time + total_exec_time) as total_time from aurora_stat_statements($2) order by calls desc limit $3 FOR READ ONLY",0,0,0,0,0,0,1,0.067949,0.067949,0.067949,0.067949,0,0,0,0,0,0,0,0,0,0,0,0,0,0,0,0,0,0,0,0,0,0,0,0,0,0,0,0,0,0,0,2026-08-28 14:33:28.136533+00,2026-08-28 14:33:28.136533+00
16410,16412,t,4171423560650417100,"SELECT RES_REL_ID,MIN_RES_ENT_ID,MAX_RES_ENT_ID,IS_DISCLOSED,IS_AMBIGUOUS,LAST_ERRULE_ID,MATCH_LEVELS,MATCH_KEY,MATCH_KEY_DETAILS FROM RES_RELATE WHERE RES_REL_ID IN ($1,$2,$3,$4,$5,$6,$7,$8,$9,$10,$11,$12,$13,$14,$15,$16,$17,$18,$19,$20,$21,$22,$23,$24,$25,$26,$27,$28,$29,$30,$31,$32)",0,0,0,0,0,0,33047,4325.078225000024,0.022674999999999997,28.829496,0.1308765765425008,0.46570332038704426,746140,1596336,0,0,0,0,0,0,0,0,0,0,0,0,0,0,0,0,0,0,0,0,0,0,0,0,0,0,0,0,2026-08-28 13:27:34.82999+00,2026-08-28 13:27:34.82999+00
16410,16412,t,-584217843356036314,"SELECT RES_ENT_ID,LIB_FEAT_ID,FTYPE_ID,UTYPE_CODE,SUPPRESSED,OBS_ENT_CNT FROM RES_FEAT_EKEY WHERE RES_ENT_ID IN ($1,$2,$3,$4,$5,$6,$7,$8,$9,$10,$11,$12,$13,$14,$15,$16,$17,$18,$19,$20,$21,$22,$23,$24,$25,$26,$27,$28,$29,$30,$31,$32,$33,$34,$35,$36,$37,$38,$39,$40,$41,$42,$43,$44,$45,$46,$47,$48,$49,$50,$51,$52,$53,$54,$55,$56,$57,$58,$59,$60,$61,$62,$63,$64,$65,$66,$67,$68,$69,$70,$71,$72,$73,$74,$75,$76,$77,$78,$79,$80,$81,$82) AND FTYPE_ID IN ($83,$84,$85,$86,$87,$88,$89,$90,$91,$92,$93,$94,$95,$96,$97,$98,$99,$100)",0,0,0,0,0,0,140,24229.99296899999,8.873031,912.721534,173.07137834999995,151.58226773055353,14771945,196900,0,0,0,0,0,0,0,0,0,0,0,0,0,0,0,0,0,0,0,0,0,0,0,0,0,0,0,0,2026-08-28 13:27:38.930348+00,2026-08-28 13:27:38.930348+00
16410,16412,t,8977741703827604644,"CREATE TABLE IF NOT EXISTS perf.snap_statement (
  label             text        NOT NULL,
  captured_at       timestamptz NOT NULL DEFAULT now(),
  queryid           bigint,
  query             text,
  calls             numeric,
  rows              numeric,
  total_exec_time   numeric,
  shared_blks_hit   numeric,
  shared_blks_read  numeric,
  shared_blks_written  numeric,
  shared_blks_dirtied  numeric,
  temp_blks_read    numeric,
  temp_blks_written numeric,
  wal_records       numeric,
  wal_fpi           numeric,
  wal_bytes         numeric
)",0,0,0,0,0,0,1,3.811772,3.811772,3.811772,3.811772,0,0,318,0,0,2,0,0,0,0,0,0,0,0.008918,0,0,0,0,0,0,0,0,0,0,0,0,0,0,0,0,0,2026-08-28 13:26:32.356886+00,2026-08-28 13:26:32.356886+00
10,16384,t,-1832339940690040102,"FETCH 39 IN ""query-cursor_27""",0,0,0,0,0,0,1,0.002824,0.002824,0.002824,0.002824,0,39,0,0,0,0,0,0,0,0,0,0,0,0,0,0,0,0,0,0,0,0,0,0,0,0,0,0,0,0,0,2026-08-28 12:15:28.1288+00,2026-08-28 12:15:28.1288+00
10,1,t,1623369012368112450,SET application_name = $1,0,0,0,0,0,0,3,0.043212,0.01075,0.017527,0.014404,0.002792060529429835,0,0,0,0,0,0,0,0,0,0,0,0,0,0,0,0,0,0,0,0,0,0,0,0,0,0,0,0,0,0,2026-08-28 12:45:00.22937+00,2026-08-28 12:45:00.22937+00
10,16384,t,2122086473806044434,"FETCH 0 IN ""query-cursor_42""",0,0,0,0,0,0,1,0.003351,0.003351,0.003351,0.003351,0,0,0,0,0,0,0,0,0,0,0,0,0,0,0,0,0,0,0,0,0,0,0,0,0,0,0,0,0,0,0,2026-08-28 12:30:28.128181+00,2026-08-28 12:30:28.128181+00
10,16384,t,4681354686034999417,"MOVE -160 IN ""query-cursor_7""",0,0,0,0,0,0,1,0.005276,0.005276,0.005276,0.005276,0,0,0,0,0,0,0,0,0,0,0,0,0,0,0,0,0,0,0,0,0,0,0,0,0,0,0,0,0,0,0,2026-08-28 11:55:28.126139+00,2026-08-28 11:55:28.126139+00
10,16384,t,8404404126555575863,"DECLARE ""query-cursor_70"" SCROLL CURSOR FOR select queryid, left(query, $1), calls, (total_plan_time + total_exec_time) as total_time from aurora_stat_statements($2) order by calls desc limit $3 FOR READ ONLY",0,0,0,0,0,0,1,0.068022,0.068022,0.068022,0.068022,0,0,0,0,0,0,0,0,0,0,0,0,0,0,0,0,0,0,0,0,0,0,0,0,0,0,0,0,0,0,0,2026-08-28 12:58:28.130112+00,2026-08-28 12:58:28.130112+00
10,16384,t,-3602178541233059655,"FETCH 0 IN ""query-cursor_54""",0,0,0,0,0,0,1,0.003506,0.003506,0.003506,0.003506,0,0,0,0,0,0,0,0,0,0,0,0,0,0,0,0,0,0,0,0,0,0,0,0,0,0,0,0,0,0,0,2026-08-28 12:42:28.128877+00,2026-08-28 12:42:28.128877+00
16410,16412,t,-297814904996348591,"SELECT RES_ENT_ID,LIB_FEAT_ID,FTYPE_ID,UTYPE_CODE,SUPPRESSED,OBS_ENT_CNT FROM RES_FEAT_EKEY WHERE RES_ENT_ID IN ($1,$2) AND FTYPE_ID IN ($3,$4,$5,$6,$7,$8,$9,$10,$11,$12,$13,$14,$15)",0,0,0,0,0,0,3359,806.1583059999987,0.028276000000000003,127.81060599999999,0.23999949568323867,2.3294185655827775,347897,32870,0,0,0,0,0,0,0,0,0,0,0,0,0,0,0,0,0,0,0,0,0,0,0,0,0,0,0,0,2026-08-28 13:27:24.248129+00,2026-08-28 13:27:24.248129+00
10,16384,t,-4776973274801564673,"FETCH 45 IN ""query-cursor_118""",0,0,0,0,0,0,1,0.003483,0.003483,0.003483,0.003483,0,45,0,0,0,0,0,0,0,0,0,0,0,0,0,0,0,0,0,0,0,0,0,0,0,0,0,0,0,0,0,2026-08-28 13:51:28.148473+00,2026-08-28 13:51:28.148473+00
10,16384,t,-5850875200163805650,"MOVE ALL IN ""query-cursor_19""",0,0,0,0,0,0,1,0.521297,0.521297,0.521297,0.521297,0,0,0,0,0,0,0,0,0,0,0,0,0,0,0,0,0,0,0,0,0,0,0,0,0,0,0,0,0,0,0,2026-08-28 12:07:28.127151+00,2026-08-28 12:07:28.127151+00
10,16384,t,6068166437060717616,"MOVE -206 IN ""query-cursor_13""",0,0,0,0,0,0,1,0.006474,0.006474,0.006474,0.006474,0,0,0,0,0,0,0,0,0,0,0,0,0,0,0,0,0,0,0,0,0,0,0,0,0,0,0,0,0,0,0,2026-08-28 12:01:28.126669+00,2026-08-28 12:01:28.126669+00
10,16384,t,-1914707017915082519,"FETCH 15 IN ""query-cursor_170""",0,0,0,0,0,0,1,0.002686,0.002686,0.002686,0.002686,0,15,0,0,0,0,0,0,0,0,0,0,0,0,0,0,0,0,0,0,0,0,0,0,0,0,0,0,0,0,0,2026-08-28 14:43:28.154631+00,2026-08-28 14:43:28.154631+00
16410,16412,t,-1641919647232227451,"SELECT OBS_ENT_ID,RES_ENT_ID FROM RES_ENT_OKEY WHERE RES_ENT_ID IN ($1,$2,$3,$4,$5,$6,$7,$8)",0,0,0,0,0,0,20,0.777711,0.017608000000000002,0.056191,0.038885550000000005,0.009569469042089013,116,412,0,0,0,0,0,0,0,0,0,0,0,0,0,0,0,0,0,0,0,0,0,0,0,0,0,0,0,0,2026-08-28 13:30:45.760802+00,2026-08-28 13:30:45.760802+00
16410,16412,t,2623994098898167652,SELECT         $2 FROM RES_ENT_OKEY B JOIN OBS_ENT C ON C.OBS_ENT_ID=B.OBS_ENT_ID JOIN DSRC_RECORD D ON D.ENT_SRC_KEY=C.ENT_SRC_KEY AND D.DSRC_ID=C.DSRC_ID AND B.RES_ENT_ID=$1  LIMIT $3,0,0,0,0,0,0,2439227,161098.0675350049,0.005932,76.334445,0.0660447213543491,0.4345230274773513,2439200,34837654,0,0,0,0,0,0,0,0,0,0,0,0,0,0,0,0,0,0,0,0,0,0,0,0,0,0,0,0,2026-08-28 13:27:23.184485+00,2026-08-28 13:27:23.184485+00
10,16384,t,1279118621032791308,"MOVE ALL IN ""query-cursor_2""",0,0,0,0,0,0,1,0.196389,0.196389,0.196389,0.196389,0,0,0,0,0,0,0,0,0,0,0,0,0,0,0,0,0,0,0,0,0,0,0,0,0,0,0,0,0,0,0,2026-08-28 11:50:28.125577+00,2026-08-28 11:50:28.125577+00
10,16384,t,-3476324948874819393,"DECLARE ""query-cursor_159"" SCROLL CURSOR FOR select queryid, left(query, $1), calls, (total_plan_time + total_exec_time) as total_time from aurora_stat_statements($2) order by calls desc limit $3 FOR READ ONLY",0,0,0,0,0,0,1,0.067169,0.067169,0.067169,0.067169,0,0,0,0,0,0,0,0,0,0,0,0,0,0,0,0,0,0,0,0,0,0,0,0,0,0,0,0,0,0,0,2026-08-28 14:32:28.136626+00,2026-08-28 14:32:28.136626+00
10,16384,t,-108679433695357514,"MOVE ALL IN ""query-cursor_86""",0,0,0,0,0,0,1,1.417802,1.417802,1.417802,1.417802,0,0,0,0,0,0,0,0,0,0,0,0,0,0,0,0,0,0,0,0,0,0,0,0,0,0,0,0,0,0,0,2026-08-28 13:14:28.132753+00,2026-08-28 13:14:28.132753+00
10,16384,t,3338244113184538040,select * from rds_get_stat_connections_counters() limit $1,0,0,0,0,0,0,1,0.02818,0.02818,0.02818,0.02818,0,1,0,0,0,0,0,0,0,0,0,0,0,0,0,0,0,0,0,0,0,0,0,0,0,0,0,0,0,0,0,2026-08-28 11:50:08.125614+00,2026-08-28 11:50:08.125614+00
16410,16412,t,-4218463173960529840,"INSERT INTO RES_FEAT_EKEY(RES_ENT_ID,LIB_FEAT_ID,FTYPE_ID,UTYPE_CODE,SUPPRESSED,OBS_ENT_CNT) VALUES ($1,$2,$3,$4,$5,$6),($7,$8,$9,$10,$11,$12),($13,$14,$15,$16,$17,$18),($19,$20,$21,$22,$23,$24),($25,$26,$27,$28,$29,$30),($31,$32,$33,$34,$35,$36),($37,$38,$39,$40,$41,$42),($43,$44,$45,$46,$47,$48) ON CONFLICT DO NOTHING",0,0,0,0,0,0,73499,243238.50840200143,0.0968,1179.1764629999998,3.3094124872719552,13.984613318842161,587992,7383010,0,0,8339,0,0,0,0,0,0,0,420.96764,0,0,0,0,0,0,0,0,0,0,0,0,0,0,0,0,0,2026-08-28 13:27:22.596788+00,2026-08-28 13:27:22.596788+00
10,16384,t,4695730280871910099,"MOVE ALL IN ""query-cursor_144""",0,0,0,0,0,0,1,4.475156,4.475156,4.475156,4.475156,0,0,0,0,0,0,0,0,0,0,0,0,0,0,0,0,0,0,0,0,0,0,0,0,0,0,0,0,0,0,0,2026-08-28 14:17:28.140144+00,2026-08-28 14:17:28.140144+00
10,16384,t,6313504488901431825,"DECLARE ""query-cursor_60"" SCROLL CURSOR FOR select queryid, left(query, $1), calls, (total_plan_time + total_exec_time) as total_time from aurora_stat_statements($2) order by calls desc limit $3 FOR READ ONLY",0,0,0,0,0,0,1,0.069755,0.069755,0.069755,0.069755,0,0,0,0,0,0,0,0,0,0,0,0,0,0,0,0,0,0,0,0,0,0,0,0,0,0,0,0,0,0,0,2026-08-28 12:48:28.129484+00,2026-08-28 12:48:28.129484+00
16410,16412,t,-6647440949557343150,"INSERT INTO LIB_FEAT(LIB_FEAT_ID,FTYPE_ID,FEAT_HASH,FEAT_DESC,FELEM_VALUES,ANONYMIZED,VERSION) VALUES ($1,$2,$3,$4,$5,$6,$7),($8,$9,$10,$11,$12,$13,$14),($15,$16,$17,$18,$19,$20,$21),($22,$23,$24,$25,$26,$27,$28),($29,$30,$31,$32,$33,$34,$35),($36,$37,$38,$39,$40,$41,$42),($43,$44,$45,$46,$47,$48,$49),($50,$51,$52,$53,$54,$55,$56),($57,$58,$59,$60,$61,$62,$63),($64,$65,$66,$67,$68,$69,$70),($71,$72,$73,$74,$75,$76,$77) ON CONFLICT(FTYPE_ID,FEAT_HASH,ANONYMIZED) DO UPDATE SET FTYPE_ID=LIB_FEAT.FTYPE_ID,FEAT_HASH=LIB_FEAT.FEAT_HASH,ANONYMIZED=LIB_FEAT.ANONYMIZED RETURNING LIB_FEAT_ID,FTYPE_ID,FEAT_HASH,ANONYMIZED,FEAT_DESC",0,0,0,0,0,0,53935,1202845.5272330148,0.245011,1093.415904,22.301761884361078,56.01284097542191,593285,8798241,1,0,71514,0,0,0,0,0,0,0,1589.3472400000005,0,0,0,0,0,0,0,0,0,0,0,0,0,0,0,0,0,2026-08-28 13:27:22.437482+00,2026-08-28 13:27:22.437482+00
10,16384,t,-7627603449350138864,"FETCH 50 IN ""query-cursor_13""",0,0,0,0,0,0,4,0.014468000000000002,0.002991,0.004497,0.0036170000000000004,0.0006048813933326106,200,0,0,0,0,0,0,0,0,0,0,0,0,0,0,0,0,0,0,0,0,0,0,0,0,0,0,0,0,0,2026-08-28 12:01:28.126704+00,2026-08-28 12:01:28.126704+00
10,16384,t,-3421399741090839274,"FETCH 0 IN ""query-cursor_116""",0,0,0,0,0,0,1,0.003105,0.003105,0.003105,0.003105,0,0,0,0,0,0,0,0,0,0,0,0,0,0,0,0,0,0,0,0,0,0,0,0,0,0,0,0,0,0,0,2026-08-28 13:49:28.133638+00,2026-08-28 13:49:28.133638+00
10,16384,t,-8800286897835722974,"FETCH 50 IN ""query-cursor_146""",0,0,0,0,0,0,33,0.14330100000000004,0.002953,0.006774,0.004342454545454547,0.0011236141117733922,1650,0,0,0,0,0,0,0,0,0,0,0,0,0,0,0,0,0,0,0,0,0,0,0,0,0,0,0,0,0,2026-08-28 14:19:28.140445+00,2026-08-28 14:19:28.140445+00
10,16384,t,-6458185387550018843,"FETCH 0 IN ""query-cursor_141""",0,0,0,0,0,0,1,0.003778,0.003778,0.003778,0.003778,0,0,0,0,0,0,0,0,0,0,0,0,0,0,0,0,0,0,0,0,0,0,0,0,0,0,0,0,0,0,0,2026-08-28 14:14:28.135254+00,2026-08-28 14:14:28.135254+00
16410,16412,t,7446892054906605337,SELECT LOCK_DSRC_ACTION FROM OBS_ENT WHERE OBS_ENT_ID=$1,0,0,0,0,0,0,621,9.961000999999984,0.005182,0.052858,0.016040259259259233,0.008023118783446996,621,5905,0,0,0,0,0,0,0,0,0,0,0,0,0,0,0,0,0,0,0,0,0,0,0,0,0,0,0,0,2026-08-28 13:27:26.21626+00,2026-08-28 13:27:26.21626+00
10,16384,t,-7443797759394257132,"FETCH 23 IN ""query-cursor_71""",0,0,0,0,0,0,1,0.002037,0.002037,0.002037,0.002037,0,23,0,0,0,0,0,0,0,0,0,0,0,0,0,0,0,0,0,0,0,0,0,0,0,0,0,0,0,0,0,2026-08-28 12:59:28.133583+00,2026-08-28 12:59:28.133583+00
10,16384,t,-1894987914530490132,"MOVE ALL IN ""query-cursor_75""",0,0,0,0,0,0,1,1.212405,1.212405,1.212405,1.212405,0,0,0,0,0,0,0,0,0,0,0,0,0,0,0,0,0,0,0,0,0,0,0,0,0,0,0,0,0,0,0,2026-08-28 13:03:28.131787+00,2026-08-28 13:03:28.131787+00
16410,16412,t,-8735306314388125537,"SELECT RES_ENT_ID,ENT_STATE,LOCKING_ID FROM RES_ENT WHERE RES_ENT_ID IN ($1,$2,$3,$4,$5,$6,$7,$8,$9,$10,$11,$12,$13,$14,$15,$16)",0,0,0,0,0,0,146709,21124.653198000284,0.026605999999999998,73.67889699999999,0.14399016555221755,0.8322001251556616,1683712,6904419,0,0,0,0,0,0,0,0,0,0,0,0,0,0,0,0,0,0,0,0,0,0,0,0,0,0,0,0,2026-08-28 13:27:23.430114+00,2026-08-28 13:27:23.430114+00
10,16384,t,-4438081766359663386,"select queryid, calls, (total_plan_time + total_exec_time) as total_time, rows, shared_blks_hit, shared_blks_dirtied, shared_blks_read, shared_blks_written, local_blks_hit, local_blks_dirtied, local_blks_read, local_blks_written, temp_blks_read, temp_blks_written, storage_blks_read, orcache_blks_hit, shared_blk_read_time as blk_read_time, shared_blk_write_time as blk_write_time, storage_blk_read_time, local_blk_read_time, orcache_blk_read_time, total_plan_time, total_exec_time from aurora_stat_statements($1) where queryid in ($2, $3, $4, $5, $6, $7, $8, $9, $10, $11, $12, $13, $14, $15, $16, $17, $18, $19, $20, $21, $22, $23, $24, $25, $26, $27, $28, $29, $30, $31, $32, $33, $34, $35, $36, $37, $38, $39, $40, $41, $42, $43, $44, $45, $46, $47, $48, $49, $50, $51, $52, $53, $54, $55, $56)",0,0,0,0,0,0,1,1.638401,1.638401,1.638401,1.638401,0,56,0,0,0,0,0,0,0,0,0,0,0,0,0,0,0,0,0,0,0,0,0,0,0,0,0,0,0,0,0,2026-08-28 13:51:38.139186+00,2026-08-28 13:51:38.139186+00
16410,16412,t,-6200324751806807237,"INSERT INTO RES_FEAT_STAT(LIB_FEAT_ID,FTYPE_ID,NUM_RES_ENT,NUM_RES_ENT_OOM) VALUES ($1,$2,$3,$4),($5,$6,$7,$8),($9,$10,$11,$12),($13,$14,$15,$16),($17,$18,$19,$20),($21,$22,$23,$24),($25,$26,$27,$28),($29,$30,$31,$32),($33,$34,$35,$36),($37,$38,$39,$40),($41,$42,$43,$44),($45,$46,$47,$48),($49,$50,$51,$52),($53,$54,$55,$56),($57,$58,$59,$60),($61,$62,$63,$64),($65,$66,$67,$68),($69,$70,$71,$72) ON CONFLICT DO NOTHING",0,0,0,0,0,0,22036,194129.3585509997,0.161406,865.580436,8.809645968006883,38.005434377619125,396446,3282050,0,0,3446,0,0,0,0,0,0,0,169.98052900000013,0,0,0,0,0,0,0,0,0,0,0,0,0,0,0,0,0,2026-08-28 13:27:22.28223+00,2026-08-28 13:27:22.28223+00
16410,16412,t,-5901538206680751276,"INSERT INTO SEMANTIC_VALUE(LIB_FEAT_ID,LABEL,EMBEDDING) VALUES ($1,$2,$3)",0,0,0,0,0,0,107672,86547.22708999962,0.032235,136.13408299999998,0.8038043975221006,4.571828818377381,107672,1497494,4,0,38413,0,0,0,0,0,0,2.132168,1321.0138130000053,0,0,0,0,0,0,0,0,0,0,0,0,0,0,0,0,0,2026-08-28 13:27:22.132346+00,2026-08-28 13:27:22.132346+00
16410,16412,t,-3834686691997993645,"INSERT INTO RES_REL_EKEY(RES_REL_ID,RES_ENT_ID,REL_ENT_ID) VALUES ($1,$2,$3),($4,$5,$6),($7,$8,$9),($10,$11,$12),($13,$14,$15),($16,$17,$18),($19,$20,$21),($22,$23,$24),($25,$26,$27),($28,$29,$30),($31,$32,$33),($34,$35,$36),($37,$38,$39),($40,$41,$42),($43,$44,$45),($46,$47,$48),($49,$50,$51),($52,$53,$54),($55,$56,$57),($58,$59,$60),($61,$62,$63),($64,$65,$66),($67,$68,$69),($70,$71,$72),($73,$74,$75),($76,$77,$78),($79,$80,$81),($82,$83,$84),($85,$86,$87),($88,$89,$90),($91,$92,$93),($94,$95,$96),($97,$98,$99) ON CONFLICT DO NOTHING",0,0,0,0,0,0,6776,46988.05630500004,0.30239,168.52493700000002,6.934482925767421,18.39744667665051,223608,1802586,0,0,1998,0,0,0,0,0,0,0,141.27783099999996,0,0,0,0,0,0,0,0,0,0,0,0,0,0,0,0,0,2026-08-28 13:27:50.881502+00,2026-08-28 13:27:50.881502+00
10,16384,t,2222250046813421568,"FETCH 0 IN ""query-cursor_76""",0,0,0,0,0,0,1,0.003568,0.003568,0.003568,0.003568,0,0,0,0,0,0,0,0,0,0,0,0,0,0,0,0,0,0,0,0,0,0,0,0,0,0,0,0,0,0,0,2026-08-28 13:04:28.130591+00,2026-08-28 13:04:28.130591+00
10,16384,t,-1884321445364420513,"FETCH 47 IN ""query-cursor_83""",0,0,0,0,0,0,1,0.003134,0.003134,0.003134,0.003134,0,47,0,0,0,0,0,0,0,0,0,0,0,0,0,0,0,0,0,0,0,0,0,0,0,0,0,0,0,0,0,2026-08-28 13:11:28.13477+00,2026-08-28 13:11:28.13477+00
10,16384,t,-9127663668860582996,"FETCH 50 IN ""query-cursor_15""",0,0,0,0,0,0,4,0.013903,0.002935,0.004649,0.00347575,0.0006975275532192259,200,0,0,0,0,0,0,0,0,0,0,0,0,0,0,0,0,0,0,0,0,0,0,0,0,0,0,0,0,0,2026-08-28 12:03:28.126925+00,2026-08-28 12:03:28.126925+00
10,16384,t,3384422225460684626,"FETCH 0 IN ""query-cursor_73""",0,0,0,0,0,0,1,0.003807,0.003807,0.003807,0.003807,0,0,0,0,0,0,0,0,0,0,0,0,0,0,0,0,0,0,0,0,0,0,0,0,0,0,0,0,0,0,0,2026-08-28 13:01:28.130382+00,2026-08-28 13:01:28.130382+00
16410,16412,t,-8616807564044195877,"DELETE FROM RES_REL_EKEY WHERE (RES_ENT_ID,REL_ENT_ID,RES_REL_ID) IN (($1,$2,$3),($4,$5,$6))",0,0,0,0,0,0,17782,3329.514975000013,0.010216,28.643375,0.18724074766618,0.8274910091546687,35506,159783,0,0,0,0,0,0,0,0,0,0,0,0,0,0,0,0,0,0,0,0,0,0,0,0,0,0,0,0,2026-08-28 13:27:33.372149+00,2026-08-28 13:27:33.372149+00
16410,16412,t,7475427222219411212,"SELECT RES_ENT_ID,LIB_FEAT_ID,FTYPE_ID,UTYPE_CODE,SUPPRESSED,OBS_ENT_CNT FROM RES_FEAT_EKEY WHERE RES_ENT_ID IN ($1,$2,$3,$4) AND FTYPE_ID IN ($5,$6,$7,$8,$9,$10,$11,$12,$13,$14,$15,$16,$17,$18,$19,$20,$21,$22,$23,$24,$25,$26,$27,$28,$29,$30,$31,$32,$33,$34,$35,$36,$37,$38,$39,$40,$41,$42,$43,$44,$45,$46,$47,$48,$49,$50,$51,$52,$53,$54,$55,$56,$57,$58,$59,$60,$61,$62,$63,$64,$65,$66,$67,$68)",0,0,0,0,0,0,1,0.058091000000000004,0.058091000000000004,0.058091000000000004,0.058091000000000004,0,0,12,0,0,0,0,0,0,0,0,0,0,0,0,0,0,0,0,0,0,0,0,0,0,0,0,0,0,0,0,2026-08-28 13:44:07.529912+00,2026-08-28 13:44:07.529912+00
10,16384,t,-821276053001312898,"FETCH 0 IN ""query-cursor_123""",0,0,0,0,0,0,1,0.0035,0.0035,0.0035,0.0035,0,0,0,0,0,0,0,0,0,0,0,0,0,0,0,0,0,0,0,0,0,0,0,0,0,0,0,0,0,0,0,2026-08-28 13:56:28.13409+00,2026-08-28 13:56:28.13409+00
16410,16412,t,8828043952832419958,SET synchronous_commit TO $1,0,0,0,0,0,0,3061,31.623362999999998,0.003501,0.045451,0.010331056190787323,0.004308508478141662,0,0,0,0,0,0,0,0,0,0,0,0,0,0,0,0,0,0,0,0,0,0,0,0,0,0,0,0,0,0,2026-08-28 11:53:34.755508+00,2026-08-28 11:53:34.755508+00
16410,16412,t,6879607809688759379,"SELECT RES_ENT_ID,LIB_FEAT_ID,FTYPE_ID,UTYPE_CODE,SUPPRESSED,OBS_ENT_CNT FROM RES_FEAT_EKEY WHERE RES_ENT_ID IN ($1) AND FTYPE_ID IN ($2,$3,$4,$5,$6,$7,$8,$9)",0,0,0,0,0,0,14587,1344.0195440000011,0.012115,25.389145,0.0921381739905396,0.7103671278737791,189215,62566,0,0,0,0,0,0,0,0,0,0,0,0,0,0,0,0,0,0,0,0,0,0,0,0,0,0,0,0,2026-08-28 13:27:24.576418+00,2026-08-28 13:27:24.576418+00
10,16384,t,2705439451685909827,"FETCH 0 IN ""query-cursor_121""",0,0,0,0,0,0,1,0.003292,0.003292,0.003292,0.003292,0,0,0,0,0,0,0,0,0,0,0,0,0,0,0,0,0,0,0,0,0,0,0,0,0,0,0,0,0,0,0,2026-08-28 13:54:28.134145+00,2026-08-28 13:54:28.134145+00
16410,16412,t,-3906582636871185260,"DELETE FROM RES_RELATE WHERE RES_REL_ID IN ($1,$2,$3,$4,$5,$6,$7,$8,$9,$10,$11,$12,$13,$14,$15,$16,$17,$18,$19,$20,$21,$22,$23,$24,$25,$26,$27,$28,$29,$30,$31,$32,$33,$34,$35,$36,$37,$38,$39,$40,$41,$42,$43,$44,$45,$46,$47,$48,$49,$50,$51,$52,$53,$54,$55,$56,$57,$58,$59,$60,$61,$62,$63,$64)",0,0,0,0,0,0,10,46.858076,0.18043900000000002,43.893544999999996,4.6858075999999995,13.06973400894266,505,1522,0,0,0,0,0,0,0,0,0,0,0,0,0,0,0,0,0,0,0,0,0,0,0,0,0,0,0,0,2026-08-28 13:31:22.297499+00,2026-08-28 13:31:22.297499+00
16410,16412,t,967341379096754148,"UPDATE RES_FEAT_EKEY AS T SET SUPPRESSED = C.SUPPRESSED FROM (VALUES (CAST ($1 AS BIGINT),CAST ($2 AS BIGINT),$3,$4),(CAST ($5 AS BIGINT),CAST ($6 AS BIGINT),$7,$8),(CAST ($9 AS BIGINT),CAST ($10 AS BIGINT),$11,$12),(CAST ($13 AS BIGINT),CAST ($14 AS BIGINT),$15,$16),(CAST ($17 AS BIGINT),CAST ($18 AS BIGINT),$19,$20),(CAST ($21 AS BIGINT),CAST ($22 AS BIGINT),$23,$24),(CAST ($25 AS BIGINT),CAST ($26 AS BIGINT),$27,$28),(CAST ($29 AS BIGINT),CAST ($30 AS BIGINT),$31,$32),(CAST ($33 AS BIGINT),CAST ($34 AS BIGINT),$35,$36),(CAST ($37 AS BIGINT),CAST ($38 AS BIGINT),$39,$40),(CAST ($41 AS BIGINT),CAST ($42 AS BIGINT),$43,$44),(CAST ($45 AS BIGINT),CAST ($46 AS BIGINT),$47,$48),(CAST ($49 AS BIGINT),CAST ($50 AS BIGINT),$51,$52),(CAST ($53 AS BIGINT),CAST ($54 AS BIGINT),$55,$56)) AS C(RES_ENT_ID,LIB_FEAT_ID,UTYPE_CODE,SUPPRESSED) WHERE C.RES_ENT_ID=T.RES_ENT_ID AND C.LIB_FEAT_ID=T.LIB_FEAT_ID AND C.UTYPE_CODE=T.UTYPE_CODE",0,0,0,0,0,0,61,176.52733199999994,0.11545,59.951102,2.893890688524589,9.192284090842616,854,9826,0,0,4,0,0,0,0,0,0,0,0.029927999999999996,0,0,0,0,0,0,0,0,0,0,0,0,0,0,0,0,0,2026-08-28 13:27:35.222796+00,2026-08-28 13:27:35.222796+00
16410,16412,t,1012973085746232439,"SELECT RES_ENT_ID,OBS_ENT_ID,ERRULE_ID,MATCH_KEY FROM RES_ENT_OKEY WHERE OBS_ENT_ID IN ($1)",0,0,0,0,0,0,4125,94.46503900000027,0.006087,6.222083,0.02290061551515158,0.16203693823459742,4125,16353,0,0,0,0,0,0,0,0,0,0,0,0,0,0,0,0,0,0,0,0,0,0,0,0,0,0,0,0,2026-08-28 13:27:31.481411+00,2026-08-28 13:27:31.481411+00
10,16384,t,-5387784415775038322,"DECLARE ""query-cursor_119"" SCROLL CURSOR FOR select queryid, left(query, $1), calls, (total_plan_time + total_exec_time) as total_time from aurora_stat_statements($2) order by calls desc limit $3 FOR READ ONLY",0,0,0,0,0,0,1,0.065647,0.065647,0.065647,0.065647,0,0,0,0,0,0,0,0,0,0,0,0,0,0,0,0,0,0,0,0,0,0,0,0,0,0,0,0,0,0,0,2026-08-28 13:52:28.133819+00,2026-08-28 13:52:28.133819+00
10,16384,t,-8913520441233631386,SELECT count(*) FROM pg_show_all_settings() WHERE name = $1 AND setting SIMILAR TO $2,0,0,0,0,0,0,17,26.187531,1.4440639999999998,2.316178,1.540443,0.21508158146865758,17,0,0,0,0,0,0,0,0,0,0,0,0,0,0,0,0,0,0,0,0,0,0,0,0,0,0,0,0,0,2026-08-28 11:55:39.020418+00,2026-08-28 11:55:39.020418+00
10,16384,t,-131587690586192804,"DECLARE ""query-cursor_85"" SCROLL CURSOR FOR select queryid, left(query, $1), calls, (total_plan_time + total_exec_time) as total_time from aurora_stat_statements($2) order by calls desc limit $3 FOR READ ONLY",0,0,0,0,0,0,1,0.160106,0.160106,0.160106,0.160106,0,0,0,0,0,0,0,0,0,0,0,0,0,0,0,0,0,0,0,0,0,0,0,0,0,0,0,0,0,0,0,2026-08-28 13:13:28.131317+00,2026-08-28 13:13:28.131317+00
16410,16412,t,653076584682170140,SELECT RES_ENT_ID FROM RES_ENT WHERE RES_ENT_ID IN ($1),0,0,0,0,0,0,1031277,22243.682152999947,0.003234,21.713489,0.021569066461290174,0.16223928513857924,1025913,5862755,0,0,0,0,0,0,0,0,0,0,0,0,0,0,0,0,0,0,0,0,0,0,0,0,0,0,0,0,2026-08-28 13:27:24.953316+00,2026-08-28 13:27:24.953316+00
16410,16412,t,-4350997290987752787,"SELECT f.calls - coalesce(b.calls,$1)                       AS calls,
       f.rows  - coalesce(b.rows,$2)                        AS rows,
       round(f.total_exec_time - coalesce(b.total_exec_time,$3)) AS total_ms,
       f.shared_blks_read    - coalesce(b.shared_blks_read,$4)    AS blks_read,
       f.shared_blks_written - coalesce(b.shared_blks_written,$5) AS blks_written,
       f.shared_blks_dirtied - coalesce(b.shared_blks_dirtied,$6) AS blks_dirtied,
       f.wal_bytes           - coalesce(b.wal_bytes,$7)           AS wal_bytes,
       left(f.query, $8)                                   AS query
FROM perf.snap_statement f
LEFT JOIN perf.snap_statement b
       ON b.queryid = f.queryid AND b.label=$9
WHERE f.label=$10
  AND f.total_exec_time - coalesce(b.total_exec_time,$11) > $12
ORDER BY f.total_exec_time - coalesce(b.total_exec_time,$13) DESC
LIMIT $14",0,0,0,0,0,0,1,35.046616,35.046616,35.046616,35.046616,0,25,17865,0,0,0,0,0,0,0,0,0,0,0,0,0,0,0,0,0,0,0,0,0,0,0,0,0,0,0,0,2026-08-28 14:43:54.887796+00,2026-08-28 14:43:54.887796+00
10,16384,t,3680755690148070897,"ALTER USER ""rdsadmin"" VALID UNTIL 'infinity'",0,0,0,0,0,0,1,0.040889,0.040889,0.040889,0.040889,0,0,3,0,0,0,0,0,0,0,0,0,0,0,0,0,0,0,0,0,0,0,0,0,0,0,0,0,0,0,0,2026-08-28 11:49:42.79365+00,2026-08-28 11:49:42.79365+00
10,16384,t,5702438677136522567,"FETCH 50 IN ""query-cursor_116""",0,0,0,0,0,0,29,0.11781100000000001,0.002784,0.006685,0.004062448275862069,0.0010157305027521648,1450,0,0,0,0,0,0,0,0,0,0,0,0,0,0,0,0,0,0,0,0,0,0,0,0,0,0,0,0,0,2026-08-28 13:49:28.1375+00,2026-08-28 13:49:28.1375+00
10,16384,t,4998276464794900197,"MOVE ALL IN ""query-cursor_47""",0,0,0,0,0,0,1,0.843054,0.843054,0.843054,0.843054,0,0,0,0,0,0,0,0,0,0,0,0,0,0,0,0,0,0,0,0,0,0,0,0,0,0,0,0,0,0,0,2026-08-28 12:35:28.129426+00,2026-08-28 12:35:28.129426+00
16410,16412,t,3364666014867901199,"INSERT INTO LIB_FEAT(LIB_FEAT_ID,FTYPE_ID,FEAT_HASH,FEAT_DESC,FELEM_VALUES,ANONYMIZED,VERSION) VALUES ($1,$2,$3,$4,$5,$6,$7) ON CONFLICT(FTYPE_ID,FEAT_HASH,ANONYMIZED) DO UPDATE SET FTYPE_ID=LIB_FEAT.FTYPE_ID,FEAT_HASH=LIB_FEAT.FEAT_HASH,ANONYMIZED=LIB_FEAT.ANONYMIZED RETURNING LIB_FEAT_ID,FTYPE_ID,FEAT_HASH,ANONYMIZED,FEAT_DESC",0,0,0,0,0,0,36464,563463.7317189961,0.02855,1147.252467,15.45260343678686,51.31975557006941,36464,1093208,1,0,31896,0,0,0,0,0,0,1.338355,543.3754869999987,0,0,0,0,0,0,0,0,0,0,0,0,0,0,0,0,0,2026-08-28 13:27:22.128463+00,2026-08-28 13:27:22.128463+00
16410,16412,t,1606093301440240234,"UPDATE RES_ENT SET LAST_TOUCH_DT=$1 WHERE RES_ENT_ID IN ($2,$3,$4,$5) AND LAST_TOUCH_DT=$6",0,0,0,0,0,0,7,1.0407819999999999,0.090542,0.210161,0.14868314285714285,0.041549197765776306,21,341,0,0,0,0,0,0,0,0,0,0,0,0,0,0,0,0,0,0,0,0,0,0,0,0,0,0,0,0,2026-08-28 13:40:47.670537+00,2026-08-28 13:40:47.670537+00
16410,16412,t,5639672253456408176,"UPDATE RES_FEAT_EKEY AS T SET SUPPRESSED = C.SUPPRESSED FROM (VALUES (CAST ($1 AS BIGINT),CAST ($2 AS BIGINT),$3,$4),(CAST ($5 AS BIGINT),CAST ($6 AS BIGINT),$7,$8),(CAST ($9 AS BIGINT),CAST ($10 AS BIGINT),$11,$12),(CAST ($13 AS BIGINT),CAST ($14 AS BIGINT),$15,$16),(CAST ($17 AS BIGINT),CAST ($18 AS BIGINT),$19,$20),(CAST ($21 AS BIGINT),CAST ($22 AS BIGINT),$23,$24),(CAST ($25 AS BIGINT),CAST ($26 AS BIGINT),$27,$28),(CAST ($29 AS BIGINT),CAST ($30 AS BIGINT),$31,$32),(CAST ($33 AS BIGINT),CAST ($34 AS BIGINT),$35,$36),(CAST ($37 AS BIGINT),CAST ($38 AS BIGINT),$39,$40),(CAST ($41 AS BIGINT),CAST ($42 AS BIGINT),$43,$44),(CAST ($45 AS BIGINT),CAST ($46 AS BIGINT),$47,$48)) AS C(RES_ENT_ID,LIB_FEAT_ID,UTYPE_CODE,SUPPRESSED) WHERE C.RES_ENT_ID=T.RES_ENT_ID AND C.LIB_FEAT_ID=T.LIB_FEAT_ID AND C.UTYPE_CODE=T.UTYPE_CODE",0,0,0,0,0,0,80,215.851276,0.103821,59.517205,2.69814095,9.110353952054364,960,10493,0,0,2,0,0,0,0,0,0,0,0.014864,0,0,0,0,0,0,0,0,0,0,0,0,0,0,0,0,0,2026-08-28 13:27:55.375794+00,2026-08-28 13:27:55.375794+00
10,16384,t,3743062679117740455,"MOVE ALL IN ""query-cursor_50""",0,0,0,0,0,0,1,0.872896,0.872896,0.872896,0.872896,0,0,0,0,0,0,0,0,0,0,0,0,0,0,0,0,0,0,0,0,0,0,0,0,0,0,0,0,0,0,0,2026-08-28 12:38:28.129637+00,2026-08-28 12:38:28.129637+00
10,16384,t,8987278829033277057,"MOVE ALL IN ""query-cursor_38""",0,0,0,0,0,0,1,0.72802,0.72802,0.72802,0.72802,0,0,0,0,0,0,0,0,0,0,0,0,0,0,0,0,0,0,0,0,0,0,0,0,0,0,0,0,0,0,0,2026-08-28 12:26:28.128666+00,2026-08-28 12:26:28.128666+00
16410,16412,t,-3395262018977523438,"SELECT OBS_ENT_ID,RES_ENT_ID FROM RES_ENT_OKEY WHERE OBS_ENT_ID IN ($1,$2,$3,$4,$5,$6,$7,$8)",0,0,0,0,0,0,16,0.7703829999999998,0.023343,0.073434,0.04814893749999999,0.012964239326261826,94,379,0,0,0,0,0,0,0,0,0,0,0,0,0,0,0,0,0,0,0,0,0,0,0,0,0,0,0,0,2026-08-28 13:30:14.294878+00,2026-08-28 13:30:14.294878+00
10,16384,t,-578342059005206110,"MOVE -1552 IN ""query-cursor_127""",0,0,0,0,0,0,1,0.0292,0.0292,0.0292,0.0292,0,0,0,0,0,0,0,0,0,0,0,0,0,0,0,0,0,0,0,0,0,0,0,0,0,0,0,0,0,0,0,2026-08-28 14:00:28.138753+00,2026-08-28 14:00:28.138753+00
16410,16412,t,-7572265103005381419,"SELECT RES_ENT_ID,LIB_FEAT_ID,FTYPE_ID,UTYPE_CODE,SUPPRESSED,OBS_ENT_CNT FROM RES_FEAT_EKEY WHERE RES_ENT_ID IN ($1,$2,$3,$4,$5,$6,$7,$8,$9,$10,$11,$12,$13,$14,$15,$16,$17,$18,$19,$20,$21,$22,$23,$24,$25,$26,$27,$28,$29,$30,$31,$32,$33,$34,$35,$36,$37,$38,$39,$40,$41,$42,$43,$44,$45,$46,$47,$48,$49,$50,$51,$52,$53,$54,$55,$56,$57,$58,$59,$60,$61,$62,$63,$64) AND FTYPE_ID IN ($65,$66,$67,$68,$69,$70,$71,$72,$73,$74,$75,$76,$77,$78,$79,$80,$81,$82,$83,$84,$85)",0,0,0,0,0,0,264,14492.774378,1.914458,511.25469300000003,54.896872643939396,71.46296964368113,9816665,152951,0,0,0,0,0,0,0,0,0,0,0,0,0,0,0,0,0,0,0,0,0,0,0,0,0,0,0,0,2026-08-28 13:27:39.94367+00,2026-08-28 13:27:39.94367+00
10,16384,t,-8645231575170714248,"FETCH 0 IN ""query-cursor_166""",0,0,0,0,0,0,1,0.003513,0.003513,0.003513,0.003513,0,0,0,0,0,0,0,0,0,0,0,0,0,0,0,0,0,0,0,0,0,0,0,0,0,0,0,0,0,0,0,2026-08-28 14:39:28.137146+00,2026-08-28 14:39:28.137146+00
10,16384,t,8822040433688618972,ALTER ROLE rdsadmin SET idle_session_timeout = $1,0,0,0,0,0,0,1,0.233323,0.233323,0.233323,0.233323,0,0,17,0,0,0,0,0,0,0,0,0,0,0,0,0,0,0,0,0,0,0,0,0,0,0,0,0,0,0,0,2026-08-28 11:50:19.009065+00,2026-08-28 11:50:19.009065+00
10,16384,t,2500294231477146537,"FETCH 17 IN ""query-cursor_101""",0,0,0,0,0,0,1,0.00231,0.00231,0.00231,0.00231,0,17,0,0,0,0,0,0,0,0,0,0,0,0,0,0,0,0,0,0,0,0,0,0,0,0,0,0,0,0,0,2026-08-28 13:29:28.144758+00,2026-08-28 13:29:28.144758+00
10,16384,t,2060520953131032942,"DECLARE ""query-cursor_13"" SCROLL CURSOR FOR select queryid, left(query, $1), calls, (total_plan_time + total_exec_time) as total_time from aurora_stat_statements($2) order by calls desc limit $3 FOR READ ONLY",0,0,0,0,0,0,1,0.064482,0.064482,0.064482,0.064482,0,0,0,0,0,0,0,0,0,0,0,0,0,0,0,0,0,0,0,0,0,0,0,0,0,0,0,0,0,0,0,2026-08-28 12:01:28.12608+00,2026-08-28 12:01:28.12608+00
10,16384,t,8625744050603666254,"DECLARE ""query-cursor_28"" SCROLL CURSOR FOR select queryid, left(query, $1), calls, (total_plan_time + total_exec_time) as total_time from aurora_stat_statements($2) order by calls desc limit $3 FOR READ ONLY",0,0,0,0,0,0,1,0.067196,0.067196,0.067196,0.067196,0,0,0,0,0,0,0,0,0,0,0,0,0,0,0,0,0,0,0,0,0,0,0,0,0,0,0,0,0,0,0,2026-08-28 12:16:28.127187+00,2026-08-28 12:16:28.127187+00
10,16384,t,4928711098550179464,"MOVE -538 IN ""query-cursor_65""",0,0,0,0,0,0,1,0.012047,0.012047,0.012047,0.012047,0,0,0,0,0,0,0,0,0,0,0,0,0,0,0,0,0,0,0,0,0,0,0,0,0,0,0,0,0,0,0,2026-08-28 12:53:28.131067+00,2026-08-28 12:53:28.131067+00
10,16384,t,-6466035528014299339,"MOVE -124 IN ""query-cursor_4""",0,0,0,0,0,0,1,0.004959,0.004959,0.004959,0.004959,0,0,0,0,0,0,0,0,0,0,0,0,0,0,0,0,0,0,0,0,0,0,0,0,0,0,0,0,0,0,0,2026-08-28 11:52:28.125907+00,2026-08-28 11:52:28.125907+00
16410,16412,t,-8871055492861991867,"SELECT RES_ENT_ID,OBS_ENT_ID,ERRULE_ID,MATCH_KEY FROM RES_ENT_OKEY WHERE RES_ENT_ID IN ($1)",0,0,0,0,0,0,299556,4228.735176000015,0.003015,16.129444,0.014116676601370077,0.10784331832051001,301001,1196291,0,0,0,0,0,0,0,0,0,0,0,0,0,0,0,0,0,0,0,0,0,0,0,0,0,0,0,0,2026-08-28 13:27:25.756167+00,2026-08-28 13:27:25.756167+00
10,16384,t,-7844948622299513833,"MOVE ALL IN ""query-cursor_46""",0,0,0,0,0,0,1,0.832478,0.832478,0.832478,0.832478,0,0,0,0,0,0,0,0,0,0,0,0,0,0,0,0,0,0,0,0,0,0,0,0,0,0,0,0,0,0,0,2026-08-28 12:34:28.129303+00,2026-08-28 12:34:28.129303+00
10,16384,t,-261482131114849437,"MOVE -398 IN ""query-cursor_45""",0,0,0,0,0,0,1,0.009838,0.009838,0.009838,0.009838,0,0,0,0,0,0,0,0,0,0,0,0,0,0,0,0,0,0,0,0,0,0,0,0,0,0,0,0,0,0,0,2026-08-28 12:33:28.129304+00,2026-08-28 12:33:28.129304+00
16410,16412,t,-6962811992954564606,"SELECT LIB_FEAT_ID FROM SEMANTIC_VALUE WHERE LIB_FEAT_ID IN ($1,$2,$3,$4,$5,$6,$7,$8,$9,$10,$11,$12,$13,$14,$15,$16,$17,$18,$19,$20,$21,$22,$23,$24,$25,$26,$27,$28,$29,$30,$31,$32,$33,$34,$35,$36,$37,$38,$39,$40,$41,$42,$43,$44,$45,$46,$47,$48,$49,$50,$51,$52,$53,$54,$55,$56,$57,$58,$59,$60,$61,$62,$63,$64)",0,0,0,0,0,0,1,0.170352,0.170352,0.170352,0.170352,0,35,95,0,0,0,0,0,0,0,0,0,0,0,0,0,0,0,0,0,0,0,0,0,0,0,0,0,0,0,0,2026-08-28 13:41:14.395148+00,2026-08-28 13:41:14.395148+00
10,16384,t,-4419206133489892512,"MOVE ALL IN ""query-cursor_31""",0,0,0,0,0,0,1,0.643503,0.643503,0.643503,0.643503,0,0,0,0,0,0,0,0,0,0,0,0,0,0,0,0,0,0,0,0,0,0,0,0,0,0,0,0,0,0,0,2026-08-28 12:19:28.128062+00,2026-08-28 12:19:28.128062+00
10,16384,t,-1333690504420679227,"DECLARE ""query-cursor_150"" SCROLL CURSOR FOR select queryid, left(query, $1), calls, (total_plan_time + total_exec_time) as total_time from aurora_stat_statements($2) order by calls desc limit $3 FOR READ ONLY",0,0,0,0,0,0,1,0.084843,0.084843,0.084843,0.084843,0,0,0,0,0,0,0,0,0,0,0,0,0,0,0,0,0,0,0,0,0,0,0,0,0,0,0,0,0,0,0,2026-08-28 14:23:28.136064+00,2026-08-28 14:23:28.136064+00
