match_key,count
+ADDRESS-SSN,2653464
+NAME,2570916
+ADDRESS,2311304
+ADDRESS-DOB-SSN,1658939
+ADDRESS-GENDER-SSN,1544335
+ADDRESS-DOB-SSN-PASSPORT,1277729
+ADDRESS-GENDER,1195306
+ADDRESS-DOB-GENDER-SSN,1114641
+ADDRESS-DOB-GENDER-SSN-PASSPORT,1068033
+ADDRESS-DOB,1011291
+ADDRESS-SSN-PASSPORT,1003969
+ADDRESS-GENDER-SSN-PASSPORT,667274
+ADDRESS-PASSPORT,592308
+ADDRESS-DOB-GENDER,585565
+SSN,435282
+ADDRESS-DOB-PASSPORT,357442
+ADDRESS-GENDER-PASSPORT,344713
+NAME+DOB-SSN,327944
+ADDRESS-SSN-DRLIC,325194
+PNAME+ADDRESS+PHONE,313187
+DRLIC-SSN,258151
+ADDRESS-DOB-SSN-DRLIC-PASSPORT,252326
+ADDRESS-DOB-SSN-DRLIC,250478
+NAME+DOB,234156
+DRLIC,231055
+ADDRESS-DRLIC,230256
+ADDRESS-DOB-GENDER-PASSPORT,229867
+ADDRESS-DOB-GENDER-SSN-DRLIC-PASSPORT,221716
+SSN-GENDER,215537
+SSN-DOB,211688
+ADDRESS-GENDER-SSN-DRLIC,201156
+NAME+DOB-SSN-PASSPORT,191105
+ADDRESS+PHONE+SSN,189586
+ADDRESS-DOB-GENDER-SSN-DRLIC,182574
+DRLIC-DOB-SSN,171357
+ADDRESS+PHONE,160473
+DRLIC-GENDER-SSN,152632
+ADDRESS-SSN-DRLIC-PASSPORT,150566
+PNAME+PHONE,140156
+DRLIC-DOB-SSN-PASSPORT,136547
+SSN-DOB-GENDER,135128
+SSN-PASSPORT,128925
+ADDRESS-GENDER-DRLIC,127963
+SSN-DOB-PASSPORT,127455
+PHONE,126123
+PNAME+ADDRESS,125156
+ADDRESS-DOB-DRLIC,118183
+DRLIC-DOB-GENDER-SSN,117344
+DRLIC-DOB-GENDER-SSN-PASSPORT,114651
+ADDRESS+PHONE+SSN+ACCT_NUM,113144
+DRLIC-GENDER,112247
+ADDRESS-GENDER-SSN-DRLIC-PASSPORT,107366
+PHONE+SSN,106041
+DRLIC-SSN-PASSPORT,102654
+SSN-DOB-GENDER-PASSPORT,100776
+DRLIC-DOB,96499
+ADDRESS+PHONE+ACCT_NUM,88590
+ADDRESS+SSN,86926
+SSN-GENDER-PASSPORT,81712
+ADDRESS+PHONE+SSN+DRLIC,80017
+LOGIN_ID-SSN,75509
+SURNAME+ADDRESS+PHONE+SSN,74112
+ADDRESS-DOB-GENDER-DRLIC,72481
+NAME+DOB-PASSPORT,72337
+ADDRESS-DRLIC-PASSPORT,71194
+DRLIC-GENDER-SSN-PASSPORT,69585
+DOB+ADDRESS+PHONE,66973
+LOGIN_ID,64115
+PNAME+DOB+PHONE,63212
+ADDRESS+PHONE+DRLIC,62007
+ADDRESS+PHONE+SSN+PASSPORT,59540
+PNAME+ACCT_NUM,57699
+PHONE+SSN+ACCT_NUM,57655
+DRLIC-PASSPORT,57602
+DRLIC-DOB-GENDER,57112
+PHONE+ACCT_NUM,57029
+NAME+DOB-GENDER-SSN,56445
+ADDRESS+PHONE+SSN+DRLIC+ACCT_NUM,55688
+SURNAME+ADDRESS+PHONE,54064
+PNAME+DOB+ADDRESS,53384
+PNAME+ADDRESS+PHONE+DRLIC,53368
+PHONE-SSN,53272
+ADDRESS-DOB-DRLIC-PASSPORT,49619
+PNAME+DOB+ADDRESS+PHONE,48401
+ADDRESS+SSN+ACCT_NUM,47114
+SURNAME+ADDRESS+PHONE+SSN+ACCT_NUM,46969
+DOB+ADDRESS+PHONE+ACCT_NUM,45499
+ADDRESS+ACCT_NUM,45414
+NAME+DOB-SSN-DRLIC,45178
+NAME+DOB-GENDER,44431
+SSN-DRLIC,44307
+ADDRESS+PHONE+PASSPORT,44127
+DOB+ADDRESS+PHONE+SSN,43726
+ADDRESS-GENDER-DRLIC-PASSPORT,43278
+LOGIN_ID-DOB-SSN,42699
+LOGIN_ID-GENDER-SSN,42500
+ADDRESS+PHONE+SSN+PASSPORT+ACCT_NUM,42340
+NAME+DRLIC,39773
+PHONE+SSN+DRLIC,39061
+PHONE+DRLIC,38095
+SURNAME+PHONE+SSN,37925
+ACCT_NUM,37003
+DRLIC-DOB-PASSPORT,36759
+PNAME+DRLIC,36250
+ADDRESS+PHONE+DRLIC+ACCT_NUM,34349
+NAME+DOB-SSN-DRLIC-PASSPORT,34301
+SURNAME+ADDRESS+PHONE+SSN+DRLIC,34006
+ADDRESS-DOB-GENDER-DRLIC-PASSPORT,33774
+DRLIC-GENDER-PASSPORT,33599
+LOGIN_ID-GENDER,33274
+SURNAME+ADDRESS+PHONE+ACCT_NUM,33138
+PHONE-DOB-SSN,32711
+ADDRESS+SSN+DRLIC,32447
+DOB+ADDRESS+PHONE+DRLIC,31874
+PNAME+PHONE+DRLIC,31175
+PHONE-GENDER-SSN,30828
+SURNAME+ADDRESS+SSN,30807
+ADDRESS+DRLIC,30795
+ADDRESS+PHONE+SSN+DRLIC+PASSPORT,30580
+SSN+ACCT_NUM,30554
+NAME+DOB-GENDER-SSN-PASSPORT,30407
+SSN-DOB-DRLIC,29617
+PHONE+SSN+PASSPORT,28866
+DOB+PHONE,28787
+DOB+PHONE+SSN,28566
+LOGIN_ID-DOB-GENDER-SSN,28077
+DOB+ADDRESS+PHONE+SSN+ACCT_NUM,28048
+SURNAME+DOB+ADDRESS+PHONE,27605
+LOGIN_ID-DOB-SSN-PASSPORT,27540
+SURNAME+PHONE,27472
+DOB+ADDRESS+SSN,26993
+LOGIN_ID-DOB,26589
+SSN-GENDER-DRLIC,26448
+ADDRESS+PHONE+PASSPORT+ACCT_NUM,26431
+SURNAME+ADDRESS+PHONE+SSN+DRLIC+ACCT_NUM,26079
+PNAME+ADDRESS+DRLIC,26057
+LOGIN_ID-SSN-PASSPORT,25824
+SURNAME+ADDRESS+PHONE+SSN+PASSPORT,25824
+PHONE+PASSPORT,25610
+ADDRESS+PHONE+SSN+DRLIC+PASSPORT+ACCT_NUM,25465
+DOB+ADDRESS,25125
+NAME+DOB-DRLIC,24961
+DOB+SSN,24703
+SURNAME+ADDRESS,24503
+PHONE-GENDER,23832
+ADDRESS+SSN+PASSPORT,23812
+DRLIC-DOB-GENDER-PASSPORT,23710
+DOB+ADDRESS+PHONE+PASSPORT,23624
+SURNAME+ADDRESS+PHONE+DRLIC,23222
+PHONE-DOB-SSN-PASSPORT,23184
+DOB+PHONE+ACCT_NUM,23183
+SSN-DOB-DRLIC-PASSPORT,23136
+DOB+ADDRESS+PHONE+DRLIC+ACCT_NUM,22451
+LOGIN_ID-DOB-GENDER-SSN-PASSPORT,21822
+PHONE+SSN+DRLIC+ACCT_NUM,21767
+PHONE-DOB-GENDER-SSN,21592
+SURNAME+PHONE+SSN+ACCT_NUM,21325
+PNAME+PASSPORT,21274
+ADDRESS+PASSPORT,20624
+SSN-DOB-GENDER-DRLIC,20335
+PHONE-DOB,20177
+SSN+DRLIC,20134
+PHONE-SSN-PASSPORT,19800
+SSN-DOB-GENDER-DRLIC-PASSPORT,19580
+SURNAME+ADDRESS+PHONE+SSN+PASSPORT+ACCT_NUM,19567
+SURNAME+DOB+ADDRESS+PHONE+ACCT_NUM,19227
+PHONE-DOB-GENDER-SSN-PASSPORT,19181
+DOB+ADDRESS+ACCT_NUM,19109
+SURNAME+DOB+ADDRESS+PHONE+SSN,18983
+ADDRESS+SSN+DRLIC+ACCT_NUM,18637
+ADDRESS+PHONE+DRLIC+PASSPORT,18599
+SURNAME+PHONE+ACCT_NUM,18225
+SURNAME+SSN,18124
+SSN-DRLIC-PASSPORT,18057
+PNAME+DRLIC+ACCT_NUM,17564
+SURNAME+ADDRESS+SSN+ACCT_NUM,17468
+PNAME+ADDRESS+PHONE+SSN (Ambiguous),17383
+PHONE+DRLIC+ACCT_NUM,17157
+PHONE+SSN+PASSPORT+ACCT_NUM,16969
+DOB+ADDRESS+PHONE+PASSPORT+ACCT_NUM,16888
+SURNAME+ADDRESS+PHONE+PASSPORT,16749
+LOGIN_ID-GENDER-SSN-PASSPORT,16595
+LOGIN_ID-PASSPORT,16187
+DOB+PHONE+SSN+ACCT_NUM,16187
+DOB+ADDRESS+SSN+ACCT_NUM,15701
+DOB+PHONE+DRLIC,15356
+LOGIN_ID-DOB-GENDER,15120
+SURNAME+ADDRESS+ACCT_NUM,14919
+SURNAME+PHONE+SSN+DRLIC,14733
+SURNAME+ADDRESS+PHONE+DRLIC+ACCT_NUM,14554
+SURNAME+ADDRESS+PHONE+SSN+DRLIC+PASSPORT,14511
+PASSPORT,14393
+PNAME+ADDRESS-SSN,14241
+ADDRESS+SSN+PASSPORT+ACCT_NUM,14078
+SSN+PASSPORT,14044
+SURNAME+DOB+ADDRESS+PHONE+DRLIC,14031
+ADDRESS+DRLIC+ACCT_NUM,14021
+DOB+ADDRESS+PHONE+SSN+DRLIC,13750
+SURNAME+ADDRESS+PHONE+SSN+DRLIC+PASSPORT+ACCT_NUM,13545
+PNAME+PASSPORT+ACCT_NUM,13484
+NAME+PASSPORT,13401
+PHONE+PASSPORT+ACCT_NUM,13074
+ADDRESS+PHONE+DRLIC+PASSPORT+ACCT_NUM,13024
+DOB+ACCT_NUM,12980
+PHONE-GENDER-SSN-PASSPORT,12942
+SURNAME+DOB+ADDRESS+PHONE+SSN+ACCT_NUM,12708
+NAME+DOB-GENDER-PASSPORT,12638
+DOB+SSN+ACCT_NUM,12572
+DOB+ADDRESS+DRLIC,12512
+PNAME+PHONE+SSN (Ambiguous),12490
+DOB+ADDRESS+PHONE+DRLIC+PASSPORT,12296
+SURNAME+PHONE+DRLIC,12265
+SURNAME+ADDRESS+SSN+DRLIC,12246
+SSN-GENDER-DRLIC-PASSPORT,12203
+PNAME+PHONE+PASSPORT,12193
+PHONE+SSN+DRLIC+PASSPORT,11774
+PHONE-PASSPORT,11752
+PHONE-DOB-GENDER,11538
+PNAME+ADDRESS-DOB-SSN-PASSPORT,11524
+SURNAME+DOB+PHONE,11403
+SURNAME+ADDRESS+PHONE+PASSPORT+ACCT_NUM,11209
+SURNAME+PHONE+SSN+PASSPORT,10918
+ADDRESS+PASSPORT+ACCT_NUM,10896
+PNAME+ADDRESS-DOB-SSN,10822
+SURNAME+ACCT_NUM,10732
+NAME+ADDRESS+PHONE+SSN (Ambiguous),10706
+DOB+PHONE+PASSPORT,10649
+SURNAME+DOB+PHONE+SSN,10588
+SURNAME+DOB+ADDRESS+PHONE+DRLIC+ACCT_NUM,10587
+PNAME+ADDRESS+PHONE+SSN+ACCT_NUM (Ambiguous),10465
+SURNAME+DOB+ADDRESS+PHONE+PASSPORT,10358
+SURNAME+DOB+ADDRESS+SSN,10231
+DOB+ADDRESS+PHONE+DRLIC+PASSPORT+ACCT_NUM,10093
+ADDRESS+SSN+DRLIC+PASSPORT,10090
+DOB+ADDRESS+PHONE+SSN+DRLIC+ACCT_NUM,9970
+SURNAME+SSN+ACCT_NUM,9968
+SURNAME+ADDRESS+DRLIC,9964
+PNAME+ADDRESS+PASSPORT,9863
+PNAME+ADDRESS+SSN (Ambiguous),9863
+ADDRESS-GENERATION-DOB-SSN-PASSPORT,9780
+DOB+ADDRESS+SSN+DRLIC,9702
+SURNAME+DOB+ADDRESS,9683
+DRLIC+ACCT_NUM,9411
+SSN+DRLIC+ACCT_NUM,9282
+NAME+DOB-DRLIC-PASSPORT,9244
+ADDRESS-GENERATION-DOB-GENDER-SSN-PASSPORT,9164
+LOGIN_ID-GENDER-PASSPORT,9160
+SURNAME+ADDRESS+SSN+PASSPORT,9126
+PNAME+ADDRESS+PHONE+PASSPORT,9108
+PHONE+DRLIC+PASSPORT,9100
+PNAME+DRLIC+PASSPORT,9097
+LOGIN_ID-DOB-PASSPORT,9089
+PNAME+SSN,9067
+SURNAME+PHONE+SSN+DRLIC+ACCT_NUM,8970
+LOGIN_ID-SSN-DRLIC,8956
+DOB+PHONE+DRLIC+ACCT_NUM,8816
+DOB+PHONE+SSN+DRLIC,8791
+DOB+ADDRESS+PASSPORT,8766
+SURNAME+DOB+PHONE+ACCT_NUM,8711
+SURNAME+PHONE+PASSPORT,8572
+DOB+SSN+DRLIC,8481
+DOB+ADDRESS+PHONE+SSN+PASSPORT,8401
+SURNAME+ADDRESS+PHONE+DRLIC+PASSPORT,8217
+SURNAME+DOB+SSN,8197
+PHONE+SSN+DRLIC+PASSPORT+ACCT_NUM,8046
+PNAME+SSN (Ambiguous),8011
+DOB+DRLIC,7945
+SURNAME+DOB+ADDRESS+PHONE+PASSPORT+ACCT_NUM,7899
+SURNAME+ADDRESS+SSN+DRLIC+ACCT_NUM,7715
+NAME+ADDRESS+PHONE+SSN+ACCT_NUM (Ambiguous),7579
+ADDRESS+DRLIC+PASSPORT,7541
+DOB+ADDRESS+DRLIC+ACCT_NUM,7378
+NAME+ADDRESS+PHONE (Ambiguous),7325
+NAME+DOB-GENDER-SSN-DRLIC,7297
+PASSPORT+ACCT_NUM,7177
+SSN+PASSPORT+ACCT_NUM,7171
+SURNAME+DRLIC,7155
+ADDRESS+SSN+DRLIC+PASSPORT+ACCT_NUM,7085
+SURNAME+DOB+ADDRESS+ACCT_NUM,7057
+PNAME+ADDRESS+PHONE+ACCT_NUM (Ambiguous),7015
+PHONE-DOB-PASSPORT,6989
+SURNAME+ADDRESS+PASSPORT,6973
+PNAME+PHONE+SSN+ACCT_NUM (Ambiguous),6911
+DOB+ADDRESS+SSN+PASSPORT,6884
+PHONE-GENDER-PASSPORT,6813
+DOB+PHONE+PASSPORT+ACCT_NUM,6751
+SURNAME+SSN+DRLIC,6744
+SURNAME+PHONE+SSN+PASSPORT+ACCT_NUM,6738
+LOGIN_ID-DRLIC,6675
+SURNAME+DOB+ADDRESS+PHONE+SSN+DRLIC,6587
+PNAME+ADDRESS-SSN-PASSPORT,6571
+SURNAME+ADDRESS+PHONE+DRLIC+PASSPORT+ACCT_NUM,6560
+PHONE-SSN-DRLIC,6543
+NAME+PHONE+SSN (Ambiguous),6519
+SURNAME+DOB+ADDRESS+SSN+ACCT_NUM,6480
+SURNAME+PHONE+DRLIC+ACCT_NUM,6440
+LOGIN_ID-DOB-SSN-DRLIC,6430
+SURNAME+DOB+PHONE+SSN+ACCT_NUM,6401
+DOB+ADDRESS+SSN+DRLIC+ACCT_NUM,6351
+DOB+SSN+PASSPORT,6194
+PNAME+DOB+DRLIC,6126
+DOB+PHONE+SSN+PASSPORT,6125
+DOB+ADDRESS+PHONE+SSN+PASSPORT+ACCT_NUM,6110
+SURNAME+ADDRESS+SSN+PASSPORT+ACCT_NUM,5825
+SURNAME+DOB+ADDRESS+PHONE+DRLIC+PASSPORT,5778
+PNAME+ADDRESS+PHONE+SSN+DRLIC (Ambiguous),5686
+DOB+ADDRESS+PASSPORT+ACCT_NUM,5675
+SURNAME+DOB+PHONE+DRLIC,5666
+LOGIN_ID-DOB-GENDER-PASSPORT,5652
+PNAME+ADDRESS+SSN+ACCT_NUM (Ambiguous),5643
+DOB+PHONE+SSN+DRLIC+ACCT_NUM,5461
+PNAME+ADDRESS-DOB,5409
+SURNAME+ADDRESS+DRLIC+ACCT_NUM,5356
+PNAME+DRLIC+PASSPORT+ACCT_NUM,5339
+SURNAME+DOB+ADDRESS+PHONE+DRLIC+PASSPORT+ACCT_NUM,5331
+LOGIN_ID-GENDER-SSN-DRLIC,5331
+NAME+DOB-GENDER-SSN-DRLIC-PASSPORT,5326
+PNAME+SSN+DRLIC,5269
+LOGIN_ID-DOB-SSN-DRLIC-PASSPORT,5251
+NAME+ADDRESS+SSN (Ambiguous),5202
+PHONE+DRLIC+PASSPORT+ACCT_NUM,5146
+SURNAME+DOB+ADDRESS+DRLIC,4998
+DRLIC+PASSPORT,4985
+SURNAME+DOB+ADDRESS+PHONE+SSN+DRLIC+ACCT_NUM,4946
+SURNAME+PHONE+SSN+DRLIC+PASSPORT,4937
+SSN+DRLIC+PASSPORT,4917
+SURNAME+PHONE+PASSPORT+ACCT_NUM,4917
+PHONE-DOB-SSN-DRLIC,4906
+NAME+ADDRESS+PHONE+ACCT_NUM (Ambiguous),4897
+SURNAME+SSN+PASSPORT,4879
+PNAME+SSN+ACCT_NUM (Ambiguous),4755
+ADDRESS-GENERATION-DOB-SSN,4726
+PNAME+PHONE+ACCT_NUM (Ambiguous),4717
+DOB+PHONE+DRLIC+PASSPORT,4716
+DOB+SSN+DRLIC+ACCT_NUM,4670
+SURNAME+DOB+SSN+ACCT_NUM,4665
+PHONE-DRLIC,4611
+DOB+ADDRESS+SSN+PASSPORT+ACCT_NUM,4587
+DOB+PASSPORT,4557
+NAME+DOB-GENDER-DRLIC,4553
+LOGIN_ID-DOB-GENDER-SSN-DRLIC-PASSPORT,4537
+PHONE-DOB-GENDER-PASSPORT,4525
+PNAME+ADDRESS+PHONE+SSN+PASSPORT (Ambiguous),4517
+PNAME+DOB+ADDRESS+PHONE+SSN+ACCT_NUM (Ambiguous),4421
+NAME+DOB+ADDRESS+PHONE+SSN+ACCT_NUM (Ambiguous),4403
+PNAME+DOB+ADDRESS+PHONE+SSN (Ambiguous),4400
+PHONE-DOB-SSN-DRLIC-PASSPORT,4397
+LOGIN_ID-DOB-GENDER-SSN-DRLIC,4387
+ADDRESS+DRLIC+PASSPORT+ACCT_NUM,4349
+NAME+ADDRESS+PHONE+SSN+DRLIC (Ambiguous),4339
+SURNAME+ADDRESS+SSN+DRLIC+PASSPORT,4233
+ADDRESS-GENERATION-SSN,4213
+SURNAME+ADDRESS+PASSPORT+ACCT_NUM,4191
+SURNAME+DOB+ACCT_NUM,4157
+NAME+DOB+ADDRESS+PHONE+SSN (Ambiguous),4155
+SURNAME+DOB+PHONE+PASSPORT,4078
+SURNAME+DOB+ADDRESS+SSN+DRLIC,4061
+DOB+ADDRESS+DRLIC+PASSPORT,4018
+NAME+PHONE+SSN+ACCT_NUM (Ambiguous),4004
+SURNAME+PASSPORT,3996
+PHONE-GENDER-SSN-DRLIC,3985
+SURNAME+DOB+ADDRESS+PHONE+SSN+PASSPORT,3963
+PHONE-DOB-GENDER-SSN-DRLIC-PASSPORT,3877
+ADDRESS-GENERATION-DOB-GENDER-SSN,3851
+NAME+DRLIC+PASSPORT,3771
+DOB+PHONE+SSN+PASSPORT+ACCT_NUM,3763
+PNAME+PHONE+SSN+DRLIC (Ambiguous),3738
+NAME+SSN (Ambiguous),3720
+DOB+SSN+PASSPORT+ACCT_NUM,3706
+DOB+DRLIC+ACCT_NUM,3679
+SURNAME+DOB+PHONE+DRLIC+ACCT_NUM,3675
+LOGIN_ID-GENDER-DRLIC,3657
+PNAME+ADDRESS+ACCT_NUM (Ambiguous),3628
+LOGIN_ID-SSN-DRLIC-PASSPORT,3624
+SURNAME+PHONE+SSN+DRLIC+PASSPORT+ACCT_NUM,3574
+PNAME+ADDRESS+PHONE+SSN+DRLIC+ACCT_NUM (Ambiguous),3547
+SURNAME+DOB+PHONE+SSN+DRLIC,3541
+SURNAME+DOB+ADDRESS+PASSPORT,3505
+NAME+ADDRESS+PHONE+SSN+PASSPORT (Ambiguous),3480
+PHONE-DOB-GENDER-SSN-DRLIC,3458
+DOB+ADDRESS+PHONE+SSN+DRLIC+PASSPORT,3419
+SURNAME+SSN+DRLIC+ACCT_NUM,3411
+NAME+ADDRESS+SSN+ACCT_NUM (Ambiguous),3371
+PNAME+DOB+ADDRESS+PHONE+ACCT_NUM (Ambiguous),3366
+SURNAME+PHONE+DRLIC+PASSPORT,3354
+NAME+ADDRESS+PHONE+SSN+DRLIC+ACCT_NUM (Ambiguous),3299
+DOB+PHONE+DRLIC+PASSPORT+ACCT_NUM,3243
+SURNAME+DOB+ADDRESS+DRLIC+ACCT_NUM,3216
+SURNAME+DOB+SSN+DRLIC,3214
+LOGIN_ID-DOB-DRLIC,3197
+PNAME+ADDRESS-PASSPORT,3174
+DOB+ADDRESS+SSN+DRLIC+PASSPORT,3136
+SURNAME+ADDRESS+SSN+DRLIC+PASSPORT+ACCT_NUM,3108
+PNAME+ADDRESS+SSN+DRLIC (Ambiguous),3060
+PNAME+PHONE+DRLIC+PASSPORT,3047
+PNAME+PHONE+SSN+PASSPORT (Ambiguous),3019
+SURNAME+DRLIC+ACCT_NUM,3015
+DOB+ADDRESS+PHONE+SSN+DRLIC+PASSPORT+ACCT_NUM,3008
+PNAME+ADDRESS+PHONE+DRLIC (Ambiguous),2989
+DOB+PASSPORT+ACCT_NUM,2937
+DOB+ADDRESS+DRLIC+PASSPORT+ACCT_NUM,2928
+PHONE-SSN-DRLIC-PASSPORT,2926
+SURNAME+DOB+ADDRESS+PHONE+SSN+PASSPORT+ACCT_NUM,2923
+SSN+DRLIC+PASSPORT+ACCT_NUM,2905
+SURNAME+ADDRESS+DRLIC+PASSPORT,2886
+NAME+PHONE (Ambiguous),2861
-SSN,2857
+NAME+DOB+ADDRESS+PHONE+SSN+DRLIC+ACCT_NUM (Ambiguous),2842
+SURNAME+DOB+ADDRESS+SSN+PASSPORT,2834
+PNAME+ADDRESS+PHONE+SSN+PASSPORT+ACCT_NUM (Ambiguous),2794
+ADDRESS-GENERATION-GENDER-SSN,2790
+NAME+ADDRESS+PHONE+DRLIC+ACCT_NUM (Ambiguous),2779
+SURNAME+DOB+PHONE+PASSPORT+ACCT_NUM,2761
+SURNAME+ADDRESS-SSN,2758
+ADDRESS-GENERATION-SSN-PASSPORT,2753
+SURNAME+DOB+ADDRESS+SSN+DRLIC+ACCT_NUM,2727
+SURNAME+SSN+PASSPORT+ACCT_NUM,2709
+NAME+PHONE+ACCT_NUM (Ambiguous),2680
+SURNAME+DOB+DRLIC,2662
+NAME+DOB+ADDRESS+PHONE (Ambiguous),2662
+PNAME+ADDRESS+DRLIC+PASSPORT,2603
+LOGIN_ID-GENDER-SSN-DRLIC-PASSPORT,2593
+PNAME+ADDRESS+PHONE+DRLIC+ACCT_NUM (Ambiguous),2571
+DOB+SSN+DRLIC+PASSPORT,2562
+PNAME+ADDRESS+SSN+PASSPORT (Ambiguous),2540
+SURNAME+DOB+PHONE+SSN+PASSPORT,2535
+PHONE-GENDER-DRLIC,2534
+DOB+PHONE+SSN+DRLIC+PASSPORT,2523
+NAME+ADDRESS+PHONE+SSN+PASSPORT+ACCT_NUM (Ambiguous),2504
+PNAME+DOB+ADDRESS+PHONE+SSN+DRLIC+ACCT_NUM (Ambiguous),2501
+ADDRESS-GENERATION,2479
+NAME+DOB+ADDRESS+PHONE+SSN+DRLIC (Ambiguous),2417
+PNAME+SSN+DRLIC (Ambiguous),2415
+PNAME+DOB+PHONE+ACCT_NUM (Ambiguous),2410
+SURNAME+DOB+SSN+PASSPORT,2406
+NAME+PHONE+SSN+DRLIC (Ambiguous),2404
+SURNAME+DOB+ADDRESS+PASSPORT+ACCT_NUM,2399
+PNAME+ADDRESS-DOB-SSN-DRLIC-PASSPORT,2398
+NAME+ADDRESS (Ambiguous),2382
+PNAME+ADDRESS+PHONE+PASSPORT (Ambiguous),2381
+NAME+SSN+ACCT_NUM (Ambiguous),2371
+DOB+ADDRESS+SSN+DRLIC+PASSPORT+ACCT_NUM,2355
+PNAME+DOB+ADDRESS+PHONE+SSN+DRLIC (Ambiguous),2348
+SURNAME+DOB+PHONE+SSN+DRLIC+ACCT_NUM,2330
+PNAME+DOB+ADDRESS+SSN (Ambiguous),2320
+SURNAME+PASSPORT+ACCT_NUM,2313
+PNAME+DOB+PHONE+SSN (Ambiguous),2311
+NAME+ADDRESS+PHONE+DRLIC (Ambiguous),2238
+PHONE-DOB-DRLIC,2215
+NAME+DOB+ADDRESS+PHONE+ACCT_NUM (Ambiguous),2208
+DRLIC+PASSPORT+ACCT_NUM,2194
+SURNAME+PHONE+DRLIC+PASSPORT+ACCT_NUM,2159
+ADDRESS-GENERATION-GENDER-SSN-PASSPORT,2155
+NAME+ADDRESS+ACCT_NUM (Ambiguous),2154
+PNAME+ADDRESS-DOB-PASSPORT,2152
+PNAME+DOB+SSN (Ambiguous),2133
+PNAME+ADDRESS+PHONE+DRLIC+PASSPORT,2123
+ADDRESS-GENERATION-DOB-SSN-DRLIC-PASSPORT,2091
+PNAME+DOB+ADDRESS+PHONE (Ambiguous),2076
+NAME+DOB+ADDRESS+PHONE+SSN+PASSPORT+ACCT_NUM (Ambiguous),2062
+PHONE-GENDER-SSN-DRLIC-PASSPORT,2059
+PNAME+DOB+ADDRESS+ACCT_NUM (Ambiguous),2033
+PNAME+PHONE+DRLIC (Ambiguous),2021
+PNAME+DOB+PHONE+SSN+ACCT_NUM (Ambiguous),2011
+SURNAME+DOB+PHONE+DRLIC+PASSPORT,2002
+SURNAME+ADDRESS+DRLIC+PASSPORT+ACCT_NUM,2001
+SURNAME+DOB+ADDRESS+SSN+PASSPORT+ACCT_NUM,1997
+PNAME+ADDRESS-SSN-DRLIC,1996
-DOB-SSN,1975
+PNAME+ADDRESS+PHONE+PASSPORT+ACCT_NUM (Ambiguous),1973
+NAME+DOB+PHONE+SSN (Ambiguous),1961
+ADDRESS-GENERATION-DOB-GENDER-SSN-DRLIC-PASSPORT,1950
+PNAME+SSN+PASSPORT (Ambiguous),1943
+LOGIN_ID-DOB-GENDER-DRLIC,1916
+NAME+ADDRESS+PHONE+PASSPORT (Ambiguous),1914
+SURNAME+ADDRESS-DOB-SSN,1911
+SURNAME+DOB+SSN+DRLIC+ACCT_NUM,1909
+DOB+DRLIC+PASSPORT,1902
+LOGIN_ID-DRLIC-PASSPORT,1890
+PNAME+DOB+ADDRESS+PHONE+SSN+PASSPORT (Ambiguous),1886
+PNAME+PHONE+SSN+DRLIC+ACCT_NUM (Ambiguous),1881
-GENDER-SSN,1868
+NAME+DOB+ADDRESS+PHONE+SSN+DRLIC+PASSPORT+ACCT_NUM (Ambiguous),1864
+PNAME+DOB+ADDRESS+SSN+ACCT_NUM (Ambiguous),1852
+SURNAME+SSN+DRLIC+PASSPORT,1848
+DOB+SSN+DRLIC+PASSPORT+ACCT_NUM,1847
+NAME+DOB+ADDRESS+PHONE+SSN+PASSPORT (Ambiguous),1847
+NAME+PHONE+SSN+PASSPORT (Ambiguous),1841
+PNAME+DOB+ADDRESS+PHONE+SSN+PASSPORT+ACCT_NUM (Ambiguous),1841
+SURNAME+DOB+ADDRESS+PHONE+SSN+DRLIC+PASSPORT,1830
+PNAME+ADDRESS-GENDER-SSN,1830
+NAME+ADDRESS+SSN+DRLIC (Ambiguous),1818
+PNAME+ADDRESS+PHONE+SSN+DRLIC+PASSPORT (Ambiguous),1798
+SURNAME+ADDRESS-DOB-SSN-PASSPORT,1790
+PNAME+DOB+ACCT_NUM (Ambiguous),1788
+PNAME+ADDRESS-DOB-SSN-DRLIC,1769
+DOB+PHONE+SSN+DRLIC+PASSPORT+ACCT_NUM,1749
+SURNAME+DOB+ADDRESS+DRLIC+PASSPORT,1745
+NAME+ADDRESS+PHONE+PASSPORT+ACCT_NUM (Ambiguous),1731
+SURNAME+ADDRESS-GENDER-SSN,1712
+NAME+ADDRESS+PHONE,1704
+NAME+DOB+ADDRESS+SSN (Ambiguous),1699
+LIKELY_NAME+ADDRESS+PHONE,1692
+SURNAME+DOB+PASSPORT,1681
+NAME+DOB+PHONE+SSN+ACCT_NUM (Ambiguous),1677
+SURNAME+DOB+PHONE+SSN+PASSPORT+ACCT_NUM,1642
,1632
+NAME+ADDRESS+PHONE+SSN+DRLIC+PASSPORT (Ambiguous),1613
+SURNAME+ADDRESS-DOB-GENDER-SSN-PASSPORT,1607
+SURNAME+DOB+ADDRESS+PHONE+SSN+DRLIC+PASSPORT+ACCT_NUM,1606
+SURNAME+DRLIC+PASSPORT,1592
+ADDRESS-GENERATION-DOB,1592
+PNAME+ADDRESS-DOB-GENDER-SSN-PASSPORT,1551
+PNAME+ADDRESS+DRLIC (Ambiguous),1524
+PASSPORT-SSN,1520
+NAME+DOB-GENDER-DRLIC-PASSPORT,1515
+NAME+ADDRESS+PHONE+SSN+DRLIC+PASSPORT+ACCT_NUM (Ambiguous),1507
+PNAME+PHONE-SSN,1504
+NAME+DOB-GENERATION-SSN-PASSPORT,1501
+NAME+DOB+ADDRESS+SSN+ACCT_NUM (Ambiguous),1488
+SURNAME+DOB+SSN+PASSPORT+ACCT_NUM,1473
+PNAME+ADDRESS+SSN+DRLIC+ACCT_NUM (Ambiguous),1471
+NAME+ADDRESS+SSN+PASSPORT (Ambiguous),1454
+ADDRESS-GENERATION-GENDER,1449
+PHONE-DOB-GENDER-DRLIC,1435
+PNAME+PHONE+SSN+PASSPORT+ACCT_NUM (Ambiguous),1432
+PHONE-DRLIC-PASSPORT,1428
+PNAME+DRLIC-SSN,1426
+PNAME+ADDRESS+PHONE+SSN+DRLIC+PASSPORT+ACCT_NUM (Ambiguous),1416
+SURNAME+DOB+PHONE+DRLIC+PASSPORT+ACCT_NUM,1402
+PNAME+ADDRESS-GENDER,1397
+SURNAME+DOB+ADDRESS+SSN+DRLIC+PASSPORT,1396
+PNAME+ADDRESS-DOB-GENDER-SSN,1391
+SURNAME+DOB+DRLIC+ACCT_NUM,1386
+PNAME+DOB+ADDRESS+PHONE+SSN+DRLIC+PASSPORT+ACCT_NUM (Ambiguous),1376
+NAME+DOB+PHONE+ACCT_NUM (Ambiguous),1371
+PNAME+PHONE+PASSPORT (Ambiguous),1337
+NAME+DOB+ADDRESS+PHONE+SSN+DRLIC+PASSPORT (Ambiguous),1332
+NAME+SSN+DRLIC (Ambiguous),1329
+PNAME+DOB+SSN+ACCT_NUM (Ambiguous),1324
+SURNAME+DOB+ADDRESS+DRLIC+PASSPORT+ACCT_NUM,1317
+NAME+PHONE+SSN+DRLIC+ACCT_NUM (Ambiguous),1306
+PNAME+DOB+ADDRESS+PHONE+DRLIC (Ambiguous),1305
-SSN-PASSPORT,1304
+PASSPORT-DOB-SSN,1303
+NAME+ADDRESS+PHONE+DRLIC+PASSPORT+ACCT_NUM (Ambiguous),1292
+NAME+DOB+SSN (Ambiguous),1283
+SURNAME+ADDRESS-DOB-GENDER-SSN,1278
+PNAME+SSN-DOB,1269
+PNAME+ADDRESS-DRLIC,1267
+NAME+PHONE+DRLIC (Ambiguous),1244
+LIKELY_NAME+PHONE+SSN,1233
+PNAME+DOB+ADDRESS+PHONE+SSN+DRLIC+PASSPORT (Ambiguous),1231
-DOB-GENDER-SSN,1230
+SURNAME+ADDRESS-GENDER,1225
+PNAME+PHONE+DRLIC+ACCT_NUM (Ambiguous),1215
+PNAME+DRLIC-DOB-SSN-PASSPORT,1212
+LOGIN_ID-DOB-DRLIC-PASSPORT,1200
+PNAME+ADDRESS+SSN+PASSPORT+ACCT_NUM (Ambiguous),1176
+SURNAME+SSN+DRLIC+PASSPORT+ACCT_NUM,1152
+DOB+DRLIC+PASSPORT+ACCT_NUM,1150
+NAME+DOB+PHONE (Ambiguous),1141
+SURNAME+DOB+ADDRESS+SSN+DRLIC+PASSPORT+ACCT_NUM,1133
+NAME+PHONE,1130
+NAME+DOB (Ambiguous),1119
+PNAME+DRLIC-DOB-SSN,1116
+SURNAME+DOB+PASSPORT+ACCT_NUM,1110
+NAME+PHONE+DRLIC+ACCT_NUM (Ambiguous),1109
+NAME+ADDRESS+SSN+DRLIC+ACCT_NUM (Ambiguous),1107
+PNAME+ADDRESS+PHONE+DRLIC+PASSPORT (Ambiguous),1105
+PNAME+DOB+PASSPORT,1094
+LIKELY_NAME+ADDRESS+SSN,1086
+NAME+DOB+ADDRESS+ACCT_NUM (Ambiguous),1083
+SURNAME+ADDRESS-SSN-PASSPORT,1081
+SURNAME+DOB+SSN+DRLIC+PASSPORT,1081
+PNAME+PHONE+PASSPORT+ACCT_NUM (Ambiguous),1076
+LOGIN_ID-GENDER-DRLIC-PASSPORT,1070
+PNAME+ADDRESS+PASSPORT (Ambiguous),1069
+PNAME+DOB+ADDRESS+PHONE+DRLIC+ACCT_NUM (Ambiguous),1058
+PNAME+SSN+DRLIC+ACCT_NUM (Ambiguous),1056
+NAME+ADDRESS+PHONE+DRLIC+PASSPORT (Ambiguous),1056
+PNAME+DOB+ADDRESS+PHONE+PASSPORT (Ambiguous),1055
+SURNAME+DOB+PHONE+SSN+DRLIC+PASSPORT,1054
+PNAME+ADDRESS-SSN-DRLIC-PASSPORT,1051
-GENDER,1042
+NAME+SSN+PASSPORT (Ambiguous),1035
-DOB,1033
+NAME+PHONE+SSN+PASSPORT+ACCT_NUM (Ambiguous),1015
+NAME+PHONE+PASSPORT (Ambiguous),1014
+PNAME+DOB+PHONE+SSN+DRLIC (Ambiguous),1003
+NAME+DOB+ADDRESS (Ambiguous),998
+PNAME+ADDRESS+PHONE+DRLIC+PASSPORT+ACCT_NUM (Ambiguous),993
+ADDRESS-GENERATION-DOB-GENDER,992
+DRLIC-GENERATION-DOB-GENDER-SSN-PASSPORT,988
+SURNAME+ADDRESS-DOB,988
+PNAME+PHONE-DOB-SSN-PASSPORT,982
+PASSPORT-DOB-GENDER-SSN,977
+NAME+ADDRESS+DRLIC (Ambiguous),977
+NAME+DOB+ADDRESS+PHONE,970
+PHONE-DOB-DRLIC-PASSPORT,967
+ADDRESS-GENERATION-PASSPORT,957
+PNAME+SSN-DOB-PASSPORT,953
+DRLIC-GENERATION-DOB-SSN-PASSPORT,941
+PNAME+DOB+ADDRESS+SSN+DRLIC (Ambiguous),941
+DOB+ADDRESS-SSN,915
+NAME+ADDRESS-SSN,914
+PNAME+ADDRESS+DRLIC+ACCT_NUM (Ambiguous),905
+PHONE-GENDER-DRLIC-PASSPORT,905
-DOB-SSN-PASSPORT,904
+PNAME+ADDRESS-GENDER-SSN-PASSPORT,894
+NAME+DOB-GENERATION-SSN,893
+PNAME+PHONE+SSN+DRLIC+PASSPORT (Ambiguous),893
+NAME+DOB+ADDRESS+PHONE+DRLIC (Ambiguous),885
+NAME+DOB+ACCT_NUM (Ambiguous),883
+PNAME+PHONE-DOB-SSN,883
+PNAME+DOB+PHONE+DRLIC (Ambiguous),880
+NAME+ADDRESS+SSN+PASSPORT+ACCT_NUM (Ambiguous),879
+NAME+DOB+PHONE+SSN+DRLIC (Ambiguous),878
+PNAME+SSN+PASSPORT+ACCT_NUM (Ambiguous),870
+ADDRESS-GENERATION-DOB-SSN-DRLIC,864
+PASSPORT-GENDER-SSN,861
+NAME+ACCT_NUM (Ambiguous),858
+NAME+DOB+ADDRESS+PHONE+DRLIC+ACCT_NUM (Ambiguous),856
+NAME+ADDRESS+DRLIC+ACCT_NUM (Ambiguous),849
+PNAME+DOB+PHONE+SSN+DRLIC+ACCT_NUM (Ambiguous),842
+NAME+ADDRESS+PHONE+SSN,837
+SURNAME+DOB+PHONE+SSN+DRLIC+PASSPORT+ACCT_NUM,834
+NAME+ADDRESS,833
+NAME+ADDRESS+PASSPORT (Ambiguous),830
+NAME+DOB+SSN+ACCT_NUM (Ambiguous),829
+LIKELY_NAME+PHONE,823
+ADDRESS-GENERATION-DOB-PASSPORT,814
+SURNAME+DRLIC+PASSPORT+ACCT_NUM,812
+PNAME+DOB+ADDRESS+PHONE+PASSPORT+ACCT_NUM (Ambiguous),808
+NAME+DOB+ADDRESS+SSN+DRLIC (Ambiguous),805
-GENDER-SSN-PASSPORT,802
+LOGIN_ID-DOB-GENDER-DRLIC-PASSPORT,794
+PNAME+ADDRESS-DOB-GENDER,794
+NAME+DOB+ADDRESS+PHONE+PASSPORT (Ambiguous),785
+SURNAME+DOB+SSN+DRLIC+PASSPORT+ACCT_NUM,777
+SURNAME+ADDRESS-GENDER-SSN-PASSPORT,776
+PNAME+SSN+PASSPORT,773
+NAME+DOB+PHONE+SSN+DRLIC+ACCT_NUM (Ambiguous),765
+PNAME+DOB+PHONE+PASSPORT (Ambiguous),760
+ADDRESS-GENERATION-DOB-GENDER-SSN-DRLIC,757
+DOB+SSN-GENDER,756
+PNAME+DOB+ADDRESS+SSN+PASSPORT (Ambiguous),755
+PNAME+DOB+PHONE+SSN+PASSPORT (Ambiguous),755
+PNAME+ADDRESS+PASSPORT+ACCT_NUM (Ambiguous),754
+PNAME+DOB+ADDRESS+SSN+DRLIC+ACCT_NUM (Ambiguous),744
+SSN-GENERATION-DOB-PASSPORT,738
+PNAME+DOB+ADDRESS+DRLIC (Ambiguous),733
+SURNAME+DOB+DRLIC+PASSPORT,732
+NAME+PHONE+PASSPORT+ACCT_NUM (Ambiguous),725
+NAME+ADDRESS+PHONE+DRLIC,724
+SURNAME+PHONE-DOB-SSN-PASSPORT,720
+PNAME+ADDRESS+SSN+DRLIC+PASSPORT (Ambiguous),703
+DOB+ADDRESS-SSN-PASSPORT,698
+LIKELY_NAME+PHONE+SSN+ACCT_NUM,687
-DOB-GENDER,687
+LIKELY_NAME+ADDRESS,681
+NAME+DOB+PHONE+SSN+PASSPORT (Ambiguous),680
+SSN-GENERATION-DOB-GENDER-PASSPORT,679
-PASSPORT,675
+NAME+DOB+ADDRESS+SSN+DRLIC+ACCT_NUM (Ambiguous),672
+SURNAME+PHONE-DOB-GENDER-SSN-PASSPORT,671
+NAME+PHONE+SSN+DRLIC+PASSPORT (Ambiguous),668
+PNAME+ADDRESS-DOB-DRLIC,668
+PHONE-DOB-GENDER-DRLIC-PASSPORT,668
+NAME+DOB+ADDRESS+PHONE+PASSPORT+ACCT_NUM (Ambiguous),660
+ADDRESS-GENERATION-DOB-GENDER-PASSPORT,656
+LIKELY_NAME+PHONE+ACCT_NUM,655
+PNAME+DRLIC-SSN-PASSPORT,652
+NAME+ADDRESS-DOB-SSN,648
+PNAME+DOB+ADDRESS+PASSPORT (Ambiguous),646
+PNAME+DOB+DRLIC (Ambiguous),645
+NAME+SSN+DRLIC+ACCT_NUM (Ambiguous),642
+PNAME+DOB+DRLIC+PASSPORT,641
+PNAME+PHONE-GENDER-SSN,637
+PNAME+PHONE-SSN-PASSPORT,634
+PNAME+DOB+PHONE+DRLIC+ACCT_NUM (Ambiguous),631
+DOB+SSN-PASSPORT,630
+PNAME+SSN-PASSPORT,626
+NAME+DOB+PHONE+SSN+PASSPORT+ACCT_NUM (Ambiguous),625
+ADDRESS-GENERATION-GENDER-PASSPORT,625
+NAME+PHONE-SSN,625
+PNAME+DOB+SSN+DRLIC (Ambiguous),621
+SURNAME+ADDRESS-DOB-GENDER,619
+NAME+DOB+ADDRESS+SSN+PASSPORT (Ambiguous),607
+NAME+DOB+ADDRESS+SSN+PASSPORT+ACCT_NUM (Ambiguous),602
+ADDRESS-GENERATION-SSN-DRLIC,600
+DOB+ADDRESS-GENDER-SSN,596
+PNAME+DOB+PHONE+SSN+PASSPORT+ACCT_NUM (Ambiguous),593
+PNAME+DOB+ADDRESS+SSN+PASSPORT+ACCT_NUM (Ambiguous),588
+LIKELY_NAME+ADDRESS+SSN+ACCT_NUM,583
+SURNAME+ADDRESS-PASSPORT,582
+DOB+ADDRESS-GENDER-SSN-PASSPORT,572
+NAME+ADDRESS-DOB-SSN-PASSPORT,570
+PNAME+ADDRESS+PHONE+SSN,566
+PNAME+PHONE-DOB,564
+PNAME+SSN+DRLIC+PASSPORT (Ambiguous),547
-DOB-GENDER-SSN-PASSPORT,546
+PASSPORT-DOB,544
+PNAME+DOB+ADDRESS+DRLIC+ACCT_NUM (Ambiguous),543
+LIKELY_NAME+SSN,537
+PNAME+DOB+PASSPORT (Ambiguous),535
+NAME+DOB+PHONE,533
+NAME+ADDRESS+PASSPORT+ACCT_NUM (Ambiguous),529
+NAME+ADDRESS+SSN+DRLIC+PASSPORT (Ambiguous),529
+PASSPORT-GENDER,526
+PNAME+SSN+DRLIC+PASSPORT,521
+PNAME+PHONE+DRLIC+PASSPORT (Ambiguous),521
+LIKELY_NAME+ADDRESS+ACCT_NUM,519
+NAME+DOB+PHONE+DRLIC (Ambiguous),517
+NAME+SSN+PASSPORT+ACCT_NUM (Ambiguous),517
+DRLIC-GENERATION-DOB-SSN,516
+SSN-GENERATION,514
+PNAME+DOB+SSN+PASSPORT (Ambiguous),512
+NAME+DOB+ADDRESS+PHONE+SSN,506
+PNAME+DOB+PHONE+PASSPORT+ACCT_NUM (Ambiguous),505
+ADDRESS-GENERATION-SSN-DRLIC-PASSPORT,502
+PNAME+PHONE-GENDER,494
+NAME+PHONE-DOB-SSN-PASSPORT,494
+DOB+SSN-GENDER-PASSPORT,489
+LIKELY_NAME+PHONE+SSN+DRLIC,481
+PNAME+DRLIC-DOB,481
+NAME+DOB+SSN+DRLIC (Ambiguous),478
+SURNAME+DOB+DRLIC+PASSPORT+ACCT_NUM,477
+SSN-GENERATION-DOB,476
+NAME+DOB+PHONE+PASSPORT (Ambiguous),476
+NAME+DOB+ADDRESS+DRLIC (Ambiguous),474
-SSN-DRLIC,467
+PNAME+ADDRESS+SSN+DRLIC+PASSPORT+ACCT_NUM (Ambiguous),462
+NAME+ADDRESS+PHONE+ACCT_NUM,462
+PNAME+PHONE+SSN+DRLIC+PASSPORT+ACCT_NUM (Ambiguous),459
-DOB-PASSPORT,452
+LIKELY_NAME+PHONE+DRLIC,444
+NAME+PHONE+SSN+DRLIC+PASSPORT+ACCT_NUM (Ambiguous),442
+NAME+PHONE-DOB-SSN,441
+PNAME+ADDRESS-GENDER-PASSPORT,440
+LIKELY_NAME+ADDRESS+SSN+DRLIC,437
+ADDRESS-GENERATION-GENDER-SSN-DRLIC-PASSPORT,436
+NAME+PHONE+SSN,436
+NAME+DOB+ADDRESS,434
+NAME+PHONE+DRLIC+PASSPORT (Ambiguous),434
-GENDER-PASSPORT,428
+NAME+ADDRESS+PHONE+PASSPORT,417
+DRLIC-GENERATION-DOB-GENDER-SSN,415
+LIKELY_NAME+ACCT_NUM,414
+PNAME+ADDRESS+DRLIC+PASSPORT (Ambiguous),413
+PNAME+DOB+DRLIC+ACCT_NUM (Ambiguous),409
+NAME+DOB+PHONE+DRLIC+ACCT_NUM (Ambiguous),408
+ADDRESS-GENERATION-GENDER-SSN-DRLIC,401
+PNAME+PHONE-DOB-GENDER-SSN-PASSPORT,400
+PNAME+LOGIN_ID-SSN,400
+DRLIC-GENERATION-SSN,398
+SURNAME+ADDRESS-DOB-PASSPORT,396
+PNAME+DOB+PHONE+SSN+DRLIC+PASSPORT+ACCT_NUM (Ambiguous),395
+PNAME+PHONE-DOB-GENDER-SSN,391
+SSN-GENERATION-DOB-GENDER,389
+NAME+ADDRESS+SSN+DRLIC+PASSPORT+ACCT_NUM (Ambiguous),388
+PNAME+DOB+SSN+DRLIC+ACCT_NUM (Ambiguous),388
+PNAME+ADDRESS-DRLIC-PASSPORT,388
+PNAME+DOB+PHONE+SSN+DRLIC+PASSPORT (Ambiguous),383
+NAME+DOB+PHONE+SSN+DRLIC+PASSPORT (Ambiguous),383
+PNAME+LOGIN_ID,382
+NAME+ACCT_NUM,380
+PNAME+DOB+ADDRESS+PASSPORT+ACCT_NUM (Ambiguous),379
+PNAME+DOB+ADDRESS+SSN+DRLIC+PASSPORT (Ambiguous),376
+NAME+PHONE+DRLIC+PASSPORT+ACCT_NUM (Ambiguous),375
+PNAME+SSN-GENDER,373
+NAME+ADDRESS-SSN-PASSPORT,364
+PNAME+DOB+ADDRESS+PHONE+DRLIC+PASSPORT (Ambiguous),364
+NAME+DOB-GENERATION,363
+SURNAME+ADDRESS-DOB-SSN-DRLIC-PASSPORT,358
+NAME+DOB+ADDRESS+DRLIC+ACCT_NUM (Ambiguous),356
+NAME+DRLIC (Ambiguous),354
+PNAME+PHONE-PASSPORT,353
+NAME+DOB+ADDRESS+PASSPORT (Ambiguous),352
+NAME+SSN,352
+NAME+DOB+SSN+PASSPORT (Ambiguous),349
+NAME+PHONE+DRLIC,348
+NAME+DOB+ADDRESS+PHONE+DRLIC+PASSPORT+ACCT_NUM (Ambiguous),347
+SURNAME+ADDRESS-SSN-DRLIC,346
+NAME+DOB+ADDRESS+PHONE+DRLIC,346
+NAME+ADDRESS+DRLIC+PASSPORT (Ambiguous),344
+SURNAME+ADDRESS-GENDER-PASSPORT,343
+LIKELY_NAME+SSN+ACCT_NUM,342
+SSN-GENERATION-GENDER,342
+NAME+ADDRESS-DOB,341
+SURNAME+ADDRESS-DOB-GENDER-SSN-DRLIC-PASSPORT,341
+NAME+DOB+DRLIC (Ambiguous),340
+NAME+DOB+PHONE+SSN+DRLIC+PASSPORT+ACCT_NUM (Ambiguous),340
+LIKELY_NAME+ADDRESS+DRLIC,340
+PNAME+PHONE+DRLIC+PASSPORT+ACCT_NUM (Ambiguous),339
+LIKELY_NAME+DOB+PHONE,339
+LIKELY_NAME+PHONE+SSN+PASSPORT,338
+NAME+DOB+PHONE+PASSPORT+ACCT_NUM (Ambiguous),334
+PNAME+ADDRESS-DOB-GENDER-SSN-DRLIC-PASSPORT,333
+NAME+DOB+ADDRESS+PHONE+DRLIC+PASSPORT (Ambiguous),333
+PASSPORT-DOB-GENDER,331
+NAME+DOB+ADDRESS+SSN+DRLIC+PASSPORT (Ambiguous),330
+PNAME+DOB+ADDRESS+PHONE+DRLIC+PASSPORT+ACCT_NUM (Ambiguous),330
+PNAME+DRLIC-PASSPORT,330
+PNAME+DOB+ADDRESS+SSN+DRLIC+PASSPORT+ACCT_NUM (Ambiguous),330
+PNAME+DOB+SSN+PASSPORT+ACCT_NUM (Ambiguous),328
+SSN-GENERATION-PASSPORT,326
+NAME+DOB+SSN+DRLIC+ACCT_NUM (Ambiguous),321
+NAME+DOB-GENERATION-GENDER-SSN-PASSPORT,320
+NAME+ADDRESS+SSN,315
+NAME+SSN+DRLIC+PASSPORT (Ambiguous),306
+DRLIC-GENERATION-SSN-PASSPORT,306
+DRLIC-GENERATION-GENDER-SSN,305
+SURNAME+PHONE-DOB-SSN,303
+LIKELY_NAME+DOB+ADDRESS,301
+PNAME+ADDRESS-DOB-DRLIC-PASSPORT,300
+DOB+ADDRESS-GENDER,299
+SURNAME+ADDRESS-DOB-SSN-DRLIC,298
+LIKELY_NAME+ADDRESS+SSN+PASSPORT,294
-GENDER-SSN-DRLIC,294
-DOB-GENDER-PASSPORT,292
+NAME+DOB+ADDRESS+SSN+DRLIC+PASSPORT+ACCT_NUM (Ambiguous),289
+NAME+DOB-GENERATION-SSN-DRLIC-PASSPORT,282
+NAME+ADDRESS+DRLIC+PASSPORT+ACCT_NUM (Ambiguous),282
+LIKELY_NAME+DOB+PHONE+ACCT_NUM,281
+LIKELY_NAME+ADDRESS+PHONE+DRLIC,275
+PNAME+DOB+PASSPORT+ACCT_NUM (Ambiguous),275
+PNAME+ADDRESS+DRLIC+PASSPORT+ACCT_NUM (Ambiguous),271
+LIKELY_NAME+PHONE+PASSPORT,271
+NAME+DOB+PASSPORT (Ambiguous),271
+NAME+PASSPORT (Ambiguous),270
+NAME+DRLIC+ACCT_NUM (Ambiguous),270
+PNAME+LOGIN_ID-DOB-SSN,269
+LIKELY_NAME+PHONE+SSN+DRLIC+ACCT_NUM,265
+SURNAME+SSN-DOB,263
+PNAME+PHONE-GENDER-SSN-PASSPORT,263
+ADDRESS-GENERATION-DRLIC,262
+NAME+DOB+ADDRESS+PASSPORT+ACCT_NUM (Ambiguous),262
+NAME+PHONE+ACCT_NUM,261
+PNAME+ADDRESS-DOB-GENDER-PASSPORT,260
+NAME+ADDRESS+PHONE+SSN+DRLIC,260
+DRLIC-GENERATION-GENDER-SSN-PASSPORT,258
+NAME+ADDRESS+DRLIC,258
-DOB-SSN-DRLIC,257
+NAME+DOB+DRLIC+ACCT_NUM (Ambiguous),257
+SURNAME+ADDRESS-DRLIC,254
+LIKELY_NAME+ADDRESS+SSN+DRLIC+ACCT_NUM,253
+NAME+DOB+SSN+PASSPORT+ACCT_NUM (Ambiguous),252
+NAME+PHONE-SSN-PASSPORT,250
+PNAME+SSN+DRLIC+PASSPORT+ACCT_NUM (Ambiguous),249
+SURNAME+SSN-GENDER,246
+SURNAME+PHONE-SSN,246
+SURNAME+ADDRESS-DOB-GENDER-PASSPORT,244
+PNAME+SSN-DRLIC,244
+NAME+PHONE-DOB,241
+LIKELY_NAME+SSN+DRLIC,241
+PNAME+ADDRESS-DOB-GENDER-SSN-DRLIC,238
+NAME+DOB+PHONE+DRLIC+PASSPORT (Ambiguous),237
+PNAME+PHONE+SSN,234
+NAME+ADDRESS-GENDER-SSN,233
+SURNAME+DRLIC-SSN,233
+SURNAME+ADDRESS-GENDER-SSN-DRLIC,231
+PASSPORT-DOB-SSN-DRLIC,228
+NAME+ADDRESS-GENDER,228
+NAME+ADDRESS+PHONE-DRLIC,228
+LIKELY_NAME+DRLIC,228
-DRLIC,226
+LIKELY_NAME+ADDRESS+PASSPORT,226
+LIKELY_NAME+PHONE+SSN+PASSPORT+ACCT_NUM,226
+SURNAME+PHONE-DOB-GENDER-SSN,225
+SSN-GENERATION-GENDER-PASSPORT,224
+PNAME+PHONE-DOB-GENDER,223
+PNAME+DOB+PHONE+DRLIC+PASSPORT (Ambiguous),222
+PNAME+ADDRESS-GENDER-SSN-DRLIC,221
+PNAME+DRLIC-DOB-PASSPORT,220
+PNAME+DOB+ADDRESS+DRLIC+PASSPORT (Ambiguous),219
+PNAME+PHONE-DOB-PASSPORT,216
+NAME+ADDRESS-PASSPORT,216
-SSN-DRLIC-PASSPORT,214
+DRLIC-GENERATION,213
+SURNAME+ADDRESS-DOB-GENDER-SSN-DRLIC,212
+LIKELY_NAME+PHONE+DRLIC+ACCT_NUM,212
+PNAME+SSN-DOB-DRLIC-PASSPORT,212
+ADDRESS-GENERATION-DOB-DRLIC,209
+PNAME+LOGIN_ID-DOB-SSN-PASSPORT,207
+NAME+ADDRESS+PHONE+DRLIC+ACCT_NUM,200
+PNAME+SSN-DOB-GENDER,200
+LIKELY_NAME+DOB+PHONE+DRLIC,198
+DOB+ADDRESS-PASSPORT,198
+PASSPORT-SSN-DRLIC,198
+LIKELY_NAME+DOB+ADDRESS+ACCT_NUM,197
+ADDRESS-GENERATION-GENDER-DRLIC,195
+SURNAME+SSN-DOB-PASSPORT,193
+NAME+DOB-GENERATION-PASSPORT,193
+NAME+DOB+ADDRESS+PHONE-DRLIC,192
+PNAME+ADDRESS+SSN,191
+NAME+DOB+ADDRESS+PHONE+SSN+DRLIC,191
+NAME+DOB+PASSPORT+ACCT_NUM (Ambiguous),190
+PNAME+PHONE-SSN-DRLIC,189
+PNAME+PHONE-DOB-SSN-DRLIC-PASSPORT,188
+NAME+PHONE+PASSPORT,187
+ADDRESS+PHONE+SSN+LOGIN_ID,185
+LIKELY_NAME+DOB+PHONE+SSN,184
+PNAME+DOB+SSN+DRLIC+PASSPORT (Ambiguous),183
+LIKELY_NAME+ADDRESS+SSN+PASSPORT+ACCT_NUM,183
+LIKELY_NAME+SSN+PASSPORT,183
+LIKELY_NAME+ADDRESS+DRLIC+ACCT_NUM,183
-DOB-GENDER-SSN-DRLIC,182
+SURNAME+SSN-DOB-GENDER-PASSPORT,177
+NAME+ADDRESS+PHONE+SSN-DRLIC,176
+NAME+PASSPORT+ACCT_NUM (Ambiguous),176
+SURNAME+SSN-DOB-GENDER,176
+PNAME+PHONE-DRLIC,175
+DRLIC-GENERATION-DOB,175
+SSN-GENERATION-DOB-DRLIC-PASSPORT,173
+SURNAME+DRLIC-DOB-SSN-PASSPORT,172
+NAME+ADDRESS+ACCT_NUM,172
+LIKELY_NAME+DOB+ADDRESS+DRLIC,170
+NAME+DOB-GENERATION-GENDER-SSN,168
+PNAME+SSN-DOB-DRLIC,167
+NAME+DOB+PHONE+SSN,166
+PASSPORT-DOB-GENDER-SSN-DRLIC,165
+PHONE-GENERATION-DOB-SSN-PASSPORT,165
+DRLIC-GENERATION-GENDER,164
+SURNAME+PHONE-SSN-PASSPORT,163
+NAME+ADDRESS+PASSPORT,162
+ADDRESS+PHONE+LOGIN_ID,162
+LIKELY_NAME+PHONE+PASSPORT+ACCT_NUM,162
+SURNAME+DRLIC-DOB-SSN,161
+NAME+SSN+DRLIC+PASSPORT+ACCT_NUM (Ambiguous),161
+SURNAME+ADDRESS-SSN-DRLIC-PASSPORT,159
+NAME+ADDRESS-DOB-GENDER-SSN,158
+PNAME+DOB+DRLIC+PASSPORT (Ambiguous),158
+PNAME+DOB+ADDRESS+PHONE+SSN,158
+DOB+SSN-DRLIC,157
+SURNAME+PHONE-DOB-SSN-DRLIC-PASSPORT,155
+NAME+DOB-GENERATION-SSN-DRLIC,155
+PNAME+ADDRESS-GENDER-DRLIC,155
+NAME+ADDRESS+PHONE+ACCT_NUM-DRLIC,155
+PNAME+PHONE-GENDER-PASSPORT,154
+SURNAME+PHONE-GENDER-SSN,154
+NAME+ADDRESS-DOB-GENDER-SSN-PASSPORT,153
+NAME+PHONE-PASSPORT,152
+SSN-GENERATION-DOB-GENDER-DRLIC-PASSPORT,152
+NAME+ADDRESS-DRLIC,151
+SURNAME+SSN-PASSPORT,151
+NAME+DOB+ADDRESS+PHONE-SSN,150
+PNAME+PHONE-DOB-SSN-DRLIC,150
+PNAME+DOB+ADDRESS+DRLIC+PASSPORT+ACCT_NUM (Ambiguous),150
+PNAME+DRLIC-GENDER-SSN,149
+NAME+DOB+SSN+DRLIC+PASSPORT (Ambiguous),148
+LOGIN_ID-GENERATION-DOB-GENDER-SSN-PASSPORT,148
+NAME+DOB+ADDRESS+SSN,148
+NAME+ADDRESS+PHONE+DRLIC+PASSPORT,148
+SURNAME+PHONE-DOB-GENDER-SSN-DRLIC-PASSPORT,147
+SURNAME+DRLIC-GENDER-SSN,147
+LOGIN_ID-GENERATION-DOB-SSN-PASSPORT,146
+LIKELY_NAME+PHONE+SSN+DRLIC+PASSPORT,145
+NAME+PHONE-DRLIC,143
+PNAME+LOGIN_ID-SSN-PASSPORT,143
+PHONE-GENERATION-DOB-GENDER-SSN-PASSPORT,143
-DOB-DRLIC,142
+LIKELY_NAME+PASSPORT,140
+NAME+PHONE-GENDER-SSN,140
+SURNAME+ADDRESS-GENDER-SSN-DRLIC-PASSPORT,140
+NAME+PHONE-GENDER,139
+PNAME+DOB+PHONE+DRLIC+PASSPORT+ACCT_NUM (Ambiguous),139
+NAME+ADDRESS+PHONE+PASSPORT+ACCT_NUM,139
+ADDRESS-GENERATION-DOB-GENDER-DRLIC,138
-GENDER-DRLIC,137
+LIKELY_NAME+ADDRESS+SSN+DRLIC+PASSPORT,137
+NAME+DOB+ADDRESS+PHONE+PASSPORT,137
+DOB+ADDRESS-SSN-DRLIC-PASSPORT,137
+DOB+ADDRESS-SSN-DRLIC,136
+LIKELY_NAME+DOB+PHONE+PASSPORT,135
+SURNAME+ADDRESS-DOB-DRLIC,135
+SURNAME+PHONE-GENDER-SSN-PASSPORT,133
+PNAME+DRLIC-DOB-GENDER-SSN-PASSPORT,132
+PNAME+SSN-GENDER-PASSPORT,132
+NAME+DOB+ADDRESS+DRLIC+PASSPORT (Ambiguous),132
+PNAME+SSN-DOB-GENDER-PASSPORT,130
+NAME+ADDRESS+PHONE+SSN+PASSPORT,130
+LIKELY_NAME+SSN+DRLIC+ACCT_NUM,130
+SURNAME+ADDRESS-GENDER-DRLIC,128
+PNAME+DOB+SSN+DRLIC+PASSPORT+ACCT_NUM (Ambiguous),128
+DOB+ADDRESS-GENDER-PASSPORT,128
+DOB+SSN-DRLIC-PASSPORT,127
+LIKELY_NAME+DOB+ADDRESS+SSN,126
+LIKELY_NAME+DOB+ACCT_NUM,126
+ADDRESS-GENERATION-DOB-DRLIC-PASSPORT,125
+PNAME+DOB+PHONE+SSN,124
+PNAME+LOGIN_ID-DOB,124
+SURNAME+DRLIC-DOB-GENDER-SSN,124
+LIKELY_NAME+ADDRESS+PASSPORT+ACCT_NUM,123
+NAME+SSN-DOB,123
+PNAME+ADDRESS+PHONE+SSN+DRLIC,123
+PNAME+ADDRESS-GENDER-SSN-DRLIC-PASSPORT,123
-GENDER-SSN-DRLIC-PASSPORT,122
+NAME+DOB+PHONE+DRLIC+PASSPORT+ACCT_NUM (Ambiguous),122
+SURNAME+DRLIC-DOB-GENDER-SSN-PASSPORT,121
+PHONE+LOGIN_ID,121
+PASSPORT-GENDER-SSN-DRLIC,121
+PNAME+DOB+ADDRESS+SSN,119
+NAME+ADDRESS-DOB-SSN-DRLIC-PASSPORT,118
+DOB+SSN-GENDER-DRLIC,118
+ADDRESS-GENERATION-DRLIC-PASSPORT,116
+NAME+DOB+SSN,116
+LIKELY_NAME+PHONE+SSN+DRLIC+PASSPORT+ACCT_NUM,116
+PNAME+DRLIC-DOB-GENDER-SSN,116
+LIKELY_NAME+PHONE+DRLIC+PASSPORT,116
+PNAME+ADDRESS-GENERATION-DOB-SSN-PASSPORT,115
+SURNAME+DRLIC-GENDER,114
-DOB-SSN-DRLIC-PASSPORT,112
+PASSPORT-DRLIC,111
+LIKELY_NAME+DOB+PHONE+DRLIC+ACCT_NUM,111
+NAME+ADDRESS-DOB-PASSPORT,110
+LOGIN_ID-GENERATION-SSN,110
+NAME+PHONE-DOB-GENDER-SSN-PASSPORT,110
+NAME+DOB+ADDRESS+PHONE-SSN-PASSPORT,109
+SURNAME+DRLIC-SSN-PASSPORT,109
+DOB+ADDRESS-GENDER-SSN-DRLIC-PASSPORT,109
+NAME+DRLIC+PASSPORT (Ambiguous),108
+LIKELY_NAME+DOB+ADDRESS+PASSPORT,107
+NAME+DOB+SSN+DRLIC+PASSPORT+ACCT_NUM (Ambiguous),107
+PNAME+DRLIC-GENDER,107
+PNAME+SSN-DRLIC-PASSPORT,106
+LOGIN_ID-GENERATION-DOB-SSN,106
+NAME+PHONE-DOB-GENDER-SSN,106
+DOB+ADDRESS+PHONE+SSN (Ambiguous),106
+NAME+DOB+ADDRESS+DRLIC+PASSPORT+ACCT_NUM (Ambiguous),105
+PNAME+LOGIN_ID-PASSPORT,104
+DOB+ADDRESS-GENDER-SSN-DRLIC,103
+LIKELY_NAME+DRLIC+ACCT_NUM,103
+SURNAME+DRLIC-DOB,103
+DRLIC-GENERATION-DOB-GENDER,102
+NAME+DOB+DRLIC+PASSPORT (Ambiguous),102
+SURNAME+SSN-GENDER-PASSPORT,102
+NAME+ADDRESS-GENDER-SSN-PASSPORT,101
-DOB-GENDER-DRLIC,101
+NAME+ADDRESS-DOB-SSN-DRLIC,100
+NAME+ADDRESS-DOB-GENDER,100
+NAME+DOB+PHONE+DRLIC,100
+DOB+ADDRESS+PHONE+SSN+DRLIC (Ambiguous),100
+PHONE+SSN+LOGIN_ID,99
+PNAME+ADDRESS+PHONE+SSN-DRLIC,99
+PNAME+ADDRESS-DOB-GENDER-DRLIC,99
+PNAME+ADDRESS+PHONE+ACCT_NUM,99
+LIKELY_NAME+DOB+DRLIC,99
+DRLIC-GENERATION-DOB-PASSPORT,98
+NAME+DRLIC+PASSPORT+ACCT_NUM (Ambiguous),98
-DRLIC-PASSPORT,97
+NAME+ADDRESS+PHONE+PASSPORT-DRLIC,96
+PNAME+PHONE-SSN-DRLIC-PASSPORT,96
+NAME+PHONE+SSN+DRLIC,96
+NAME+SSN+DRLIC,95
+ADDRESS+PHONE+SSN+LOGIN_ID+ACCT_NUM,94
+NAME+SSN-DOB-PASSPORT,94
+LIKELY_NAME+ADDRESS+DRLIC+PASSPORT,94
+NAME+DOB+ADDRESS+PHONE+SSN+PASSPORT,93
+SURNAME+LOGIN_ID-SSN,91
+DOB+SSN-GENDER-DRLIC-PASSPORT,91
+DOB+DRLIC-SSN,91
+LIKELY_NAME+DOB+ADDRESS+DRLIC+ACCT_NUM,91
+NAME+ADDRESS-SSN-DRLIC,91
+LIKELY_NAME+ADDRESS+SSN+DRLIC+PASSPORT+ACCT_NUM,91
+NAME+PHONE-DOB-PASSPORT,91
+ADDRESS-GENERATION-DOB-GENDER-DRLIC-PASSPORT,90
+NAME+ADDRESS+PHONE-SSN,90
+NAME+PHONE+DRLIC+ACCT_NUM,90
+PNAME+PHONE+ACCT_NUM,90
+LIKELY_NAME+DOB+PHONE+PASSPORT+ACCT_NUM,89
+NAME+PASSPORT+ACCT_NUM,88
+NAME+PHONE-DOB-SSN-DRLIC-PASSPORT,88
+NAME+DOB+ADDRESS+DRLIC,87
+PNAME+PHONE-DOB-GENDER-PASSPORT,86
+ADDRESS-GENERATION-GENDER-DRLIC-PASSPORT,84
+SURNAME+PHONE-DOB,84
+PHONE-GENERATION-DOB-GENDER-SSN,84
-DOB-GENDER-SSN-DRLIC-PASSPORT,83
+NAME+ADDRESS+SSN+DRLIC,83
+SSN-GENERATION-DOB-DRLIC,83
+NAME+DOB+ADDRESS+PHONE+SSN-DRLIC,83
+DRLIC-GENERATION-PASSPORT,82
+NAME+PHONE-SSN-DRLIC,82
+ADDRESS+PHONE+LOGIN_ID+ACCT_NUM,82
+NAME+DOB-GENERATION-GENDER,80
+NAME+DRLIC+ACCT_NUM,80
+LIKELY_NAME+PASSPORT+ACCT_NUM,80
+PNAME+DOB+DRLIC+PASSPORT+ACCT_NUM (Ambiguous),80
+ADDRESS+SSN+LOGIN_ID,79
+LIKELY_NAME+DOB+SSN,79
+PNAME+PHONE-DOB-GENDER-SSN-DRLIC-PASSPORT,79
+PNAME+ADDRESS+PHONE-DRLIC,78
+SURNAME+PHONE-GENDER,77
+SSN-GENERATION-DRLIC,77
+LOGIN_ID-GENERATION-DOB-GENDER-SSN,76
+ADDRESS+LOGIN_ID,76
+NAME+ADDRESS+DRLIC+ACCT_NUM,75
+LIKELY_NAME+SSN+PASSPORT+ACCT_NUM,75
+NAME+PHONE+ACCT_NUM-DRLIC,74
+NAME+ADDRESS+PHONE+DRLIC+PASSPORT+ACCT_NUM,74
+SSN-GENERATION-DOB-GENDER-DRLIC,74
+SURNAME+ADDRESS-DOB-GENDER-DRLIC,73
+NAME+DOB-GENERATION-GENDER-SSN-DRLIC-PASSPORT,73
+PNAME+DRLIC-DOB-GENDER,72
+PASSPORT-DOB-DRLIC,72
+PNAME+PHONE-GENDER-SSN-DRLIC,72
+PNAME+PHONE-DOB-DRLIC,72
+NAME+PHONE+DRLIC+PASSPORT,72
+PNAME+DRLIC-GENDER-SSN-PASSPORT,71
+DOB+ADDRESS-DRLIC,71
+DOB+ADDRESS+PHONE+SSN+ACCT_NUM (Ambiguous),71
+PHONE-GENERATION-SSN,70
+NAME+PHONE+SSN-DRLIC,70
+NAME+ADDRESS+PHONE+PASSPORT+ACCT_NUM-DRLIC,70
+SURNAME+ADDRESS-DOB-DRLIC-PASSPORT,70
+PHONE-GENERATION,70
+NAME+SSN-DRLIC,70
+PNAME+ADDRESS+ACCT_NUM,70
+LIKELY_NAME+DRLIC+PASSPORT,70
+DOB+PHONE+SSN (Ambiguous),69
+SURNAME+ADDRESS-DRLIC-PASSPORT,69
+PHONE-GENERATION-DOB-SSN,69
+PNAME+LOGIN_ID-SSN-DRLIC,69
+SURNAME+DRLIC-GENDER-SSN-PASSPORT,68
+SURNAME+LOGIN_ID,68
+DOB+DRLIC-SSN-PASSPORT,68
+LIKELY_NAME+SSN+DRLIC+PASSPORT,67
+LIKELY_NAME+ADDRESS+DRLIC+PASSPORT+ACCT_NUM,67
+LIKELY_NAME+PHONE+DRLIC+PASSPORT+ACCT_NUM,67
+PNAME+ADDRESS+PHONE+SSN+ACCT_NUM-DRLIC,67
+NAME+ADDRESS+DRLIC+PASSPORT,67
+SURNAME+ADDRESS+PHONE+SSN+LOGIN_ID,67
+NAME+ADDRESS+ACCT_NUM-DRLIC,67
+SURNAME+SSN-DRLIC,66
+NAME+ADDRESS+PASSPORT+ACCT_NUM,65
+ADDRESS+PHONE+SSN+DRLIC+LOGIN_ID,65
+LOGIN_ID-GENERATION,65
+DOB+ADDRESS+PHONE+LOGIN_ID,65
+DOB+DRLIC-GENDER-SSN,65
+PNAME+PHONE+SSN+DRLIC,65
+DOB+DRLIC-GENDER-SSN-PASSPORT,64
+NAME+SSN-GENDER,64
+NAME+DOB+PHONE-DRLIC,64
-DOB-DRLIC-PASSPORT,64
+NAME+DOB+ADDRESS-DRLIC,64
+SURNAME+PHONE-DOB-SSN-DRLIC,63
+NAME+ADDRESS+PHONE+SSN+ACCT_NUM-DRLIC,63
+PNAME+ADDRESS-GENDER-DRLIC-PASSPORT,62
+LOGIN_ID-GENERATION-GENDER-SSN,62
+PNAME+PHONE-DOB-GENDER-SSN-DRLIC,62
+NAME+PHONE+PASSPORT+ACCT_NUM,62
+PASSPORT-GENDER-DRLIC,60
+NAME+DOB+PHONE+SSN+DRLIC,59
+NAME+PHONE-GENDER-SSN-PASSPORT,59
+NAME+PHONE-DOB-GENDER,59
+PHONE-GENERATION-GENDER-SSN,59
+NAME+ADDRESS-GENDER-PASSPORT,58
+LOGIN_ID-GENERATION-SSN-PASSPORT,58
+LIKELY_NAME+DOB+ADDRESS+PASSPORT+ACCT_NUM,57
+LIKELY_NAME+DOB+ADDRESS+DRLIC+PASSPORT,56
+NAME+DOB-GENERATION-DRLIC,56
+ADDRESS+PHONE+SSN+DRLIC+LOGIN_ID+ACCT_NUM,56
+NAME+SSN-PASSPORT,56
+NAME+DOB+PHONE-SSN,56
+ADDRESS+PHONE+SSN-GENERATION,56
+DOB+ADDRESS+PHONE+SSN+PASSPORT (Ambiguous),56
+SURNAME+ADDRESS+PHONE+LOGIN_ID,55
+DRLIC-GENERATION-DOB-GENDER-PASSPORT,55
+PNAME+PHONE-GENDER-DRLIC,55
+PNAME+SSN+ACCT_NUM,55
+NAME+DOB+DRLIC+PASSPORT+ACCT_NUM (Ambiguous),55
+PHONE-GENERATION-SSN-PASSPORT,55
+NAME+DOB+ADDRESS+PHONE+DRLIC+PASSPORT,55
+NAME+ADDRESS+PHONE+SSN-GENERATION,55
+NAME+ADDRESS-SSN-DRLIC-PASSPORT,55
+SURNAME+PHONE-DOB-GENDER,55
+LIKELY_NAME+DOB+PHONE+DRLIC+PASSPORT,54
+PNAME+DOB+ADDRESS+PHONE+DRLIC,53
+PNAME+LOGIN_ID-DOB-SSN-DRLIC-PASSPORT,53
+PNAME+ADDRESS+PHONE+ACCT_NUM-DRLIC,53
+NAME+PHONE-DOB-SSN-DRLIC,52
+NAME+DRLIC-SSN,52
+SURNAME+DRLIC-DOB-GENDER,52
+NAME+ADDRESS+PHONE+SSN+PASSPORT-DRLIC,52
+PNAME+PHONE-DRLIC-PASSPORT,52
+ADDRESS+PHONE+SSN+PASSPORT+LOGIN_ID,52
+PNAME+ADDRESS+PHONE-SSN,51
+NAME+PHONE-SSN-DRLIC-PASSPORT,51
+SSN+LOGIN_ID,51
+SURNAME+DRLIC-PASSPORT,51
+NAME+ADDRESS+SSN-DRLIC,51
+DRLIC-GENERATION-GENDER-PASSPORT,51
+NAME+ADDRESS+PHONE+SSN+ACCT_NUM-GENERATION,50
+PNAME+ADDRESS+SSN+DRLIC,49
+NAME+DOB+DRLIC,49
+ADDRESS+PHONE+DRLIC+LOGIN_ID,49
+PNAME+LOGIN_ID+ACCT_NUM,49
+SSN-GENERATION-DRLIC-PASSPORT,48
+PNAME+LOGIN_ID-DOB-PASSPORT,48
+SURNAME+PHONE-PASSPORT,48
+SURNAME+PHONE-DOB-PASSPORT,48
-GENDER-DRLIC-PASSPORT,47
+NAME+ADDRESS+PHONE+ACCT_NUM-SSN,47
+ADDRESS+PHONE+SSN-DRLIC,47
+NAME+DOB+PHONE+PASSPORT,47
+LIKELY_NAME+DOB+DRLIC+ACCT_NUM,47
+LOGIN_ID-GENERATION-GENDER-SSN-PASSPORT,47
+NAME+PHONE+SSN+PASSPORT,46
+ADDRESS+PHONE+SSN+PASSPORT+LOGIN_ID+ACCT_NUM,46
+DOB+ADDRESS+PHONE+SSN+DRLIC+ACCT_NUM (Ambiguous),46
+PNAME+ADDRESS+PHONE+SSN-GENERATION,46
+PASSPORT-DOB-GENDER-DRLIC,45
+SSN-GENERATION-GENDER-DRLIC,45
+PNAME+ADDRESS-DOB-GENDER-DRLIC-PASSPORT,45
+LIKELY_NAME+DOB+PASSPORT,45
+PNAME+PHONE+SSN-DRLIC,44
+SURNAME+ADDRESS+PHONE+SSN+DRLIC+LOGIN_ID,44
+LIKELY_NAME+DOB+ADDRESS+DRLIC+PASSPORT+ACCT_NUM,44
+PNAME+LOGIN_ID-GENDER-SSN,44
+DOB+ADDRESS+PHONE+SSN+LOGIN_ID,44
+DOB+ADDRESS+PHONE+LOGIN_ID+ACCT_NUM,44
+NAME+ADDRESS+PHONE-SSN-PASSPORT,43
+PNAME+DOB+ADDRESS+PHONE+SSN-GENERATION,43
+NAME+DOB+ADDRESS+SSN+DRLIC,42
+ADDRESS+PHONE+SSN+ACCT_NUM-GENERATION,42
+NAME+ADDRESS+PHONE+SSN+DRLIC+PASSPORT,42
+LOGIN_ID-GENERATION-DOB-SSN-DRLIC-PASSPORT,42
+ADDRESS+SSN+LOGIN_ID+ACCT_NUM,41
+PHONE-GENERATION-DOB-SSN-DRLIC-PASSPORT,41
+LIKELY_NAME+DOB+ADDRESS+SSN+DRLIC,41
+LOGIN_ID-GENERATION-DOB,41
+NAME+DOB+ADDRESS+PASSPORT,40
+PNAME+PHONE-GENDER-SSN-DRLIC-PASSPORT,40
+SURNAME+ADDRESS-GENDER-DRLIC-PASSPORT,40
+PNAME+ADDRESS+PHONE+PASSPORT+ACCT_NUM,40
+DRLIC-DOB-GENDER-SSN-DRLIC-PASSPORT,40
+NAME+DOB-GENERATION-GENDER-PASSPORT,40
+PNAME+ADDRESS-GENERATION-DOB-SSN,40
+NAME+PHONE-GENDER-PASSPORT,39
+SURNAME+PHONE-SSN-DRLIC,39
+NAME+ADDRESS+PHONE-GENERATION,39
+SURNAME+PHONE-DOB-GENDER-SSN-DRLIC,39
+NAME+DOB+ADDRESS+PHONE+SSN-GENERATION,39
+PNAME+ADDRESS+PHONE+SSN+PASSPORT,39
+SURNAME+LOGIN_ID-DOB-SSN,39
+LOGIN_ID-GENERATION-DOB-GENDER-SSN-DRLIC-PASSPORT,38
-DOB-GENDER-DRLIC-PASSPORT,38
+PHONE+SSN+LOGIN_ID+ACCT_NUM,37
+LIKELY_NAME+DOB+PHONE+DRLIC+PASSPORT+ACCT_NUM,37
+SURNAME+LOGIN_ID-GENDER,37
+PNAME+LOGIN_ID-DOB-SSN-DRLIC,37
+SURNAME+PHONE+LOGIN_ID,37
+ADDRESS+PHONE+SSN+DRLIC+PASSPORT+LOGIN_ID+ACCT_NUM,37
+NAME+ADDRESS+PASSPORT-DRLIC,37
+DOB+LOGIN_ID,37
+ADDRESS+PHONE-DRLIC,37
+NAME+DOB-GENERATION-GENDER-SSN-DRLIC,37
+SURNAME+LOGIN_ID-GENDER-SSN,37
+NAME+DOB+PHONE-SSN-PASSPORT,36
+PNAME+DOB+ADDRESS+PHONE-DRLIC,36
+PNAME+ADDRESS+PHONE+SSN+ACCT_NUM-GENERATION,36
+NAME+ADDRESS+SSN+PASSPORT,36
+PNAME+ADDRESS+PHONE+DRLIC+ACCT_NUM,36
+PHONE-GENERATION-DOB,35
+DRLIC-DOB-SSN-DRLIC-PASSPORT,35
+SURNAME+PHONE+SSN+LOGIN_ID,35
+SURNAME+DRLIC-DOB-PASSPORT,35
+SURNAME+ADDRESS-DOB-GENDER-DRLIC-PASSPORT,35
+SURNAME+DRLIC-GENDER-PASSPORT,35
+PNAME+SSN-DOB-GENDER-DRLIC-PASSPORT,35
+PNAME+LOGIN_ID-DRLIC,35
+DOB+ADDRESS+SSN (Ambiguous),35
+NAME+DOB+ADDRESS+PHONE+PASSPORT-DRLIC,35
+DOB+PHONE+SSN+DRLIC (Ambiguous),35
+NAME+DOB+ADDRESS-SSN,34
+DOB+DRLIC-GENDER,34
+NAME+ADDRESS-GENDER-SSN-DRLIC,34
+NAME+DOB+ADDRESS+PHONE-GENERATION,34
+DOB+PHONE+LOGIN_ID,34
+DOB+PHONE+SSN+ACCT_NUM (Ambiguous),34
+PHONE+LOGIN_ID+ACCT_NUM,34
+NAME+PHONE+PASSPORT-DRLIC,34
+PHONE-GENERATION-GENDER-SSN-PASSPORT,34
+PHONE-GENERATION-GENDER,34
+LOGIN_ID-GENERATION-GENDER,34
+NAME+DOB+ADDRESS+SSN-DRLIC,34
+NAME+DOB+ADDRESS+PHONE+SSN+DRLIC+PASSPORT,34
+PNAME+SSN-GENDER-DRLIC,33
+PNAME+DOB+ADDRESS+PHONE+ACCT_NUM-DRLIC,33
+PNAME+PHONE+SSN+ACCT_NUM-DRLIC,33
+SURNAME+ADDRESS+PHONE+SSN+LOGIN_ID+ACCT_NUM,33
+LIKELY_NAME+DOB+PASSPORT+ACCT_NUM,33
+NAME+PHONE+PASSPORT+ACCT_NUM-DRLIC,33
+NAME+ADDRESS-DOB-GENDER-PASSPORT,33
+NAME+SSN+ACCT_NUM-DRLIC,33
+ADDRESS+LOGIN_ID+ACCT_NUM,32
+PNAME+DOB+ADDRESS+PHONE+SSN-DRLIC,32
+SURNAME+SSN-DOB-GENDER-DRLIC-PASSPORT,32
+NAME+ACCT_NUM-DRLIC,32
+LIKELY_NAME+DOB+PHONE+SSN+DRLIC,32
+DOB+ADDRESS+PHONE+SSN+DRLIC+PASSPORT (Ambiguous),32
+PNAME+DRLIC-GENDER-PASSPORT,32
+PNAME+ADDRESS+PHONE-GENERATION,32
+SURNAME+SSN-GENDER-DRLIC,32
+DOB+ADDRESS+LOGIN_ID,32
+PNAME+LOGIN_ID-DOB-GENDER-SSN-PASSPORT,32
+DRLIC-DOB-SSN-DRLIC,32
+ADDRESS+PHONE+DRLIC+LOGIN_ID+ACCT_NUM,32
+NAME+ADDRESS-DOB-DRLIC,32
+ADDRESS+PHONE+SSN+ACCT_NUM-DRLIC,32
+NAME+DRLIC-DOB-SSN,31
+SURNAME+LOGIN_ID-DOB-SSN-PASSPORT,31
+SURNAME+LOGIN_ID-DOB-GENDER-SSN-PASSPORT,31
+LOGIN_ID-GENERATION-DOB-GENDER,31
+NAME+ADDRESS+PHONE+ACCT_NUM-GENERATION,31
+PNAME+DOB+PHONE-SSN,31
+NAME+PHONE+ACCT_NUM-SSN,31
+NAME+DOB-GENERATION-DRLIC-PASSPORT,31
+ADDRESS+PHONE-GENERATION,31
+SSN-GENERATION-GENDER-DRLIC-PASSPORT,31
+SURNAME+SSN-DOB-DRLIC-PASSPORT,31
+SURNAME+SSN-DOB-DRLIC,31
+SURNAME+ADDRESS+PHONE+LOGIN_ID+ACCT_NUM,31
+NAME+ADDRESS+PHONE+DRLIC-GENERATION,30
+PNAME+PHONE+SSN+PASSPORT,30
+PNAME+SSN-DOB-GENDER-DRLIC,30
+LIKELY_NAME+SSN+DRLIC+PASSPORT+ACCT_NUM,30
+DOB+ADDRESS+PHONE+SSN-DRLIC,30
+DOB+ADDRESS+PHONE+SSN+PASSPORT+ACCT_NUM (Ambiguous),30
+PNAME+ADDRESS+PHONE+SSN+PASSPORT-DRLIC,30
+PNAME+PHONE-DOB-GENDER-DRLIC,29
+NAME+DOB+PHONE+SSN+PASSPORT,29
+NAME+PHONE-DOB-DRLIC,29
+PNAME+DRLIC+LOGIN_ID,29
+NAME+PHONE+SSN-GENERATION,29
+SURNAME+PHONE-DOB-GENDER-PASSPORT,29
+ADDRESS+PHONE+ACCT_NUM-GENERATION,29
+SURNAME+LOGIN_ID-SSN-PASSPORT,29
+PHONE+DRLIC+LOGIN_ID,29
+PNAME+ADDRESS+SSN-DRLIC,29
+ADDRESS+PHONE-SSN,29
+ADDRESS+PHONE+PASSPORT+LOGIN_ID+ACCT_NUM,28
+NAME+SSN+PASSPORT,28
+DOB+ADDRESS-GENDER-DRLIC,28
+NAME+ADDRESS+SSN+ACCT_NUM-DRLIC,28
+PNAME+DOB+ADDRESS-SSN,28
+SURNAME+LOGIN_ID-DOB-GENDER-SSN,28
+ADDRESS+SSN+DRLIC+LOGIN_ID,28
+PNAME+PASSPORT+LOGIN_ID,28
+PNAME+PHONE+SSN-GENERATION,28
+DOB+ADDRESS-DRLIC-PASSPORT,28
+NAME+DOB+ADDRESS-SSN-PASSPORT,28
+ADDRESS+PHONE+SSN+DRLIC+ACCT_NUM-GENERATION,28
+PHONE-GENERATION-DOB-GENDER-SSN-DRLIC-PASSPORT,27
+PNAME+ADDRESS+PHONE+SSN+DRLIC-GENERATION,27
+NAME+DOB+ADDRESS+PHONE+SSN+DRLIC-GENERATION,27
+NAME+ADDRESS-DRLIC-PASSPORT,27
+PNAME+DRLIC-DOB-GENDER-PASSPORT,26
+PNAME+ADDRESS-GENERATION-SSN,26
+NAME+ADDRESS-DOB-GENDER-SSN-DRLIC,26
+NAME+DOB+ADDRESS+PHONE+ACCT_NUM-DRLIC,26
+NAME+ADDRESS+PHONE-PASSPORT,26
+SURNAME+ADDRESS+PHONE+SSN+DRLIC+LOGIN_ID+ACCT_NUM,26
+DOB+ADDRESS+PHONE-SSN,26
+NAME+PHONE-DOB-GENDER-SSN-DRLIC-PASSPORT,26
+DOB+ADDRESS+PHONE+SSN-GENERATION,26
+NAME+SSN-DOB-GENDER,26
+SURNAME+PHONE-GENDER-PASSPORT,26
+PNAME+ADDRESS+DRLIC+ACCT_NUM,25
+NAME+ADDRESS+PHONE+SSN+PASSPORT+ACCT_NUM-DRLIC,25
+NAME+DOB+ADDRESS+PHONE+SSN+ACCT_NUM-GENERATION,25
+NAME+DOB+ADDRESS+PHONE+SSN+DRLIC+ACCT_NUM-GENERATION,25
+PNAME+ADDRESS+PHONE+SSN+PASSPORT-GENERATION,25
+NAME+ADDRESS+PHONE+SSN-DOB-PASSPORT,25
+NAME+DRLIC-SSN-PASSPORT,25
+PHONE+SSN-GENERATION,25
+PNAME+LOGIN_ID-GENDER,25
+SURNAME+PHONE-GENDER-SSN-DRLIC-PASSPORT,25
+NAME+DRLIC+PASSPORT+ACCT_NUM,25
+PNAME+ADDRESS+PHONE-PASSPORT,25
+NAME+ADDRESS+PHONE+PASSPORT-GENERATION,25
+PNAME+ADDRESS+PHONE+ACCT_NUM-GENERATION,25
+DRLIC-SSN-DRLIC,25
+NAME+ADDRESS+DRLIC+PASSPORT+ACCT_NUM,25
+NAME+DOB+PHONE+SSN-DRLIC,25
+SURNAME+SSN-DOB-GENDER-DRLIC,24
+DOB+ADDRESS+SSN+LOGIN_ID,24
+PHONE+SSN+DRLIC+LOGIN_ID,24
+DRLIC-DOB-GENDER-SSN-DRLIC,24
+SURNAME+ADDRESS+PHONE+DRLIC+LOGIN_ID+ACCT_NUM,24
+NAME+SSN-DOB-GENDER-PASSPORT,24
+SURNAME+ADDRESS-GENERATION-DOB-GENDER-SSN-PASSPORT,24
+PHONE+SSN-DRLIC,24
+ADDRESS+PHONE+ACCT_NUM-DRLIC,24
+DOB+ADDRESS+PHONE+PASSPORT+LOGIN_ID,24
+PNAME+ADDRESS+SSN+PASSPORT,24
+PNAME+DOB+PHONE-DRLIC,24
+NAME+ADDRESS+PHONE+SSN+DRLIC+ACCT_NUM-GENERATION,24
+NAME+ADDRESS+PHONE+ACCT_NUM-SSN-PASSPORT,24
+ADDRESS+SSN-GENERATION,24
+SURNAME+SSN-DRLIC-PASSPORT,24
+SURNAME+PHONE-SSN-DRLIC-PASSPORT,23
+NAME+PHONE+DRLIC+PASSPORT+ACCT_NUM,23
+PNAME+PHONE-DOB-DRLIC-PASSPORT,23
+DOB+ADDRESS+SSN+DRLIC (Ambiguous),23
+ADDRESS+PHONE+PASSPORT+LOGIN_ID,23
+DOB+PHONE-SSN,23
+PHONE-GENERATION-DOB-PASSPORT,23
+NAME+ADDRESS-DOB-GENDER-SSN-DRLIC-PASSPORT,23
+NAME+ADDRESS+PHONE+SSN+DRLIC-GENERATION,23
+DOB+ADDRESS+PHONE+SSN+LOGIN_ID+ACCT_NUM,23
+PNAME+ADDRESS-GENERATION-DOB-SSN-DRLIC-PASSPORT,23
+NAME+PHONE+SSN+ACCT_NUM-DRLIC,23
+DOB+ADDRESS-GENDER-DRLIC-PASSPORT,22
+SURNAME+DOB+ADDRESS+PHONE+LOGIN_ID,22
+PNAME+DOB+ADDRESS+DRLIC,22
+LIKELY_NAME+DRLIC+PASSPORT+ACCT_NUM,22
+NAME+DRLIC-DOB-SSN-PASSPORT,22
+PNAME+PHONE+ACCT_NUM-DRLIC,22
+PNAME+ADDRESS+PHONE+SSN+PASSPORT+ACCT_NUM-DRLIC,22
+DOB+ADDRESS+SSN+DRLIC+ACCT_NUM (Ambiguous),22
+NAME+ADDRESS+ACCT_NUM-SSN,22
+SURNAME+ADDRESS+PHONE+SSN+PASSPORT+LOGIN_ID,22
+NAME+DOB+ADDRESS+PHONE-SSN-DRLIC-PASSPORT,22
+DOB+PHONE+SSN+LOGIN_ID,22
+LOGIN_ID-GENERATION-PASSPORT,22
+PNAME+DOB+ADDRESS+PHONE+SSN+DRLIC+ACCT_NUM-GENERATION,22
+ADDRESS+PHONE+SSN+DRLIC-GENERATION,22
+DOB+ADDRESS+PHONE-DRLIC,21
+ADDRESS+DRLIC+LOGIN_ID,21
+ADDRESS+PHONE+DRLIC+PASSPORT+LOGIN_ID+ACCT_NUM,21
+ADDRESS+PHONE+SSN+DRLIC+PASSPORT+LOGIN_ID,21
+SURNAME+DOB+ADDRESS+PHONE+SSN+DRLIC (Ambiguous),21
+SURNAME+DOB+ADDRESS+PHONE+SSN (Ambiguous),21
+SURNAME+DOB+ADDRESS+PHONE+SSN+ACCT_NUM-DRLIC,21
+SURNAME+ADDRESS+SSN+LOGIN_ID,21
+ADDRESS+SSN+PASSPORT+LOGIN_ID,21
+SURNAME+ADDRESS+LOGIN_ID,21
+DOB+ADDRESS+PHONE+DRLIC+LOGIN_ID,21
+SSN+PASSPORT+LOGIN_ID,21
+DOB+LOGIN_ID-SSN,21
+DOB+PHONE+LOGIN_ID+ACCT_NUM,21
+PNAME+PHONE+DRLIC+ACCT_NUM,21
+PNAME+DOB+PHONE+DRLIC,21
+PNAME+DOB+ADDRESS+PHONE+SSN+ACCT_NUM-DRLIC,21
+LIKELY_NAME+DOB+DRLIC+PASSPORT,21
+NAME+ADDRESS-DOB-DRLIC-PASSPORT,21
+NAME+ADDRESS-GENDER-SSN-DRLIC-PASSPORT,21
+PNAME+ADDRESS-GENERATION-SSN-PASSPORT,21
+NAME+ADDRESS+PHONE+DRLIC+PASSPORT-GENERATION,21
+NAME+ADDRESS+PHONE+DRLIC-SSN,21
+PHONE-GENERATION-PASSPORT,21
+NAME+DOB+ADDRESS+PHONE+ACCT_NUM-GENERATION,21
+NAME+DOB+ADDRESS+PHONE+SSN+DRLIC+PASSPORT+ACCT_NUM-GENERATION,21
+NAME+DOB+ADDRESS+PHONE+SSN+PASSPORT-GENERATION,21
+NAME+PASSPORT-DRLIC,21
+NAME+DOB+PASSPORT,21
+SURNAME+ADDRESS+PHONE+SSN+DRLIC+PASSPORT+LOGIN_ID,20
+SURNAME+PHONE-DRLIC,20
+DOB+ADDRESS+PHONE+SSN+ACCT_NUM-GENERATION,20
+DOB+ADDRESS+PHONE+SSN+DRLIC+PASSPORT+ACCT_NUM (Ambiguous),20
+NAME+DOB+ADDRESS+PHONE+SSN+PASSPORT+ACCT_NUM-GENERATION,20
+LIKELY_NAME+DOB+ADDRESS+SSN+PASSPORT,20
+SURNAME+DRLIC-DOB-GENDER-PASSPORT,20
+SURNAME+SSN+LOGIN_ID,20
+PNAME+LOGIN_ID-DOB-GENDER-SSN,20
+SURNAME+DOB+ADDRESS+PHONE+SSN+DRLIC+ACCT_NUM (Ambiguous),20
+PNAME+LOGIN_ID-DOB-DRLIC,20
+NAME+DOB+ADDRESS+PHONE+DRLIC-SSN-PASSPORT,20
+PHONE+SSN+PASSPORT+LOGIN_ID,20
+SURNAME+PHONE+SSN+LOGIN_ID+ACCT_NUM,20
+NAME+SSN-GENDER-PASSPORT,20
+SURNAME+PHONE-GENDER-SSN-DRLIC,20
+NAME+DOB+ADDRESS+PHONE-PASSPORT,20
+PNAME+DOB+ADDRESS+PHONE+SSN+ACCT_NUM-GENERATION,20
+DOB+DRLIC-PASSPORT,20
+PNAME+SSN+PASSPORT+ACCT_NUM,19
+DOB+ADDRESS+PHONE+DRLIC+LOGIN_ID+ACCT_NUM,19
+ADDRESS+PHONE+SSN+PASSPORT-DRLIC,19
+NAME+ADDRESS+PHONE-DOB,19
+PHONE+SSN+DRLIC+LOGIN_ID+ACCT_NUM,19
+NAME+DRLIC-DOB,19
+NAME+ADDRESS-GENDER-DRLIC,19
+NAME+ADDRESS+SSN-GENERATION,19
+PNAME+DOB+ADDRESS+PHONE+SSN+DRLIC,19
+PNAME+ADDRESS+PHONE-SSN-PASSPORT,19
+LOGIN_ID+ACCT_NUM,19
+ADDRESS+PHONE+DRLIC+PASSPORT+LOGIN_ID,19
+SURNAME+ADDRESS+PHONE+SSN+PASSPORT+LOGIN_ID+ACCT_NUM,19
+NAME+ADDRESS+SSN+PASSPORT-DRLIC,19
+PHONE-GENERATION-DOB-SSN-DRLIC,19
+ADDRESS+PHONE+SSN+PASSPORT+ACCT_NUM-DRLIC,19
+NAME+ACCT_NUM-SSN,19
+LOGIN_ID-GENERATION-DOB-SSN-DRLIC,19
+PNAME+ADDRESS+SSN+ACCT_NUM-GENERATION,19
+NAME+ADDRESS+PHONE+SSN+PASSPORT-GENERATION,18
+NAME+ADDRESS+PHONE+SSN-PASSPORT,18
+NAME+ADDRESS+PHONE+SSN-DOB,18
+ADDRESS+PHONE+SSN+PASSPORT-GENERATION,18
+PHONE+SSN+PASSPORT+LOGIN_ID+ACCT_NUM,18
+NAME+PHONE-GENDER-DRLIC,18
+NAME+ADDRESS+PHONE+DRLIC+ACCT_NUM-GENERATION,18
+SSN+DRLIC+LOGIN_ID,18
+PNAME+ADDRESS+PHONE+DRLIC-GENERATION,18
+NAME+DOB+ADDRESS+PHONE-SSN-DRLIC,18
+DOB+PHONE+SSN+DRLIC+ACCT_NUM (Ambiguous),18
+PNAME+ADDRESS+SSN+ACCT_NUM-DRLIC,18
+DOB+PHONE-SSN-PASSPORT,18
+DOB+PHONE+SSN+PASSPORT (Ambiguous),18
+ADDRESS+PASSPORT+LOGIN_ID,18
+DOB+SSN+LOGIN_ID,18
+LIKELY_NAME+DOB+PHONE+SSN+PASSPORT,18
+PNAME+DOB+ADDRESS+PHONE-GENERATION,18
+SURNAME+LOGIN_ID-PASSPORT,17
+NAME+DOB-GENERATION-GENDER-DRLIC,17
+DOB+ADDRESS+PHONE+SSN+PASSPORT+ACCT_NUM-DRLIC,17
+PHONE+PASSPORT+LOGIN_ID,17
+PNAME+DOB+ADDRESS+PHONE-SSN,17
+SURNAME+ADDRESS+PHONE+DRLIC+LOGIN_ID,17
+DRLIC-GENDER-SSN-DRLIC,17
+NAME+DOB+ADDRESS+PHONE+PASSPORT+ACCT_NUM-DRLIC,17
+NAME+ADDRESS+ACCT_NUM-SSN-PASSPORT,17
+NAME+ADDRESS+PHONE+DRLIC+ACCT_NUM-SSN-PASSPORT,17
+SURNAME+LOGIN_ID-DOB,17
+SURNAME+ADDRESS+SSN+LOGIN_ID+ACCT_NUM,17
+SURNAME+DOB+ADDRESS+PHONE+LOGIN_ID+ACCT_NUM,17
+DOB+ADDRESS+LOGIN_ID+ACCT_NUM,16
+PNAME+ACCT_NUM-SSN,16
+PNAME+ADDRESS+ACCT_NUM-DRLIC,16
+PNAME+ADDRESS-GENERATION-DOB-GENDER-SSN-PASSPORT,16
+PNAME+ADDRESS+PHONE+SSN+PASSPORT+ACCT_NUM-GENERATION,16
+PNAME+ADDRESS+SSN-GENERATION,16
+PNAME+DOB+ADDRESS+PHONE+ACCT_NUM-GENERATION,16
+LIKELY_NAME+DOB+DRLIC+PASSPORT+ACCT_NUM,16
+NAME+PHONE-DOB-GENDER-PASSPORT,16
+PNAME+DOB+ADDRESS+PHONE+SSN+PASSPORT-GENERATION,16
+DRLIC-SSN-DRLIC-PASSPORT,16
+DOB+PHONE-GENDER-SSN-PASSPORT,16
+PNAME+SSN-GENDER-DRLIC-PASSPORT,16
+DOB+ADDRESS+SSN+PASSPORT (Ambiguous),16
+NAME+DOB+ADDRESS+SSN+PASSPORT,16
+SSN+LOGIN_ID+ACCT_NUM,16
+DOB+ADDRESS+PHONE+SSN+DRLIC+ACCT_NUM-GENERATION,16
+DOB+ADDRESS+PHONE+SSN+ACCT_NUM-DRLIC,16
+SURNAME+ADDRESS-GENERATION-DOB-SSN-PASSPORT,16
+DOB+ADDRESS+DRLIC+LOGIN_ID,16
+SURNAME+ADDRESS+PHONE+SSN+DRLIC+PASSPORT+LOGIN_ID+ACCT_NUM,16
+ADDRESS+PHONE+SSN+PASSPORT+ACCT_NUM-GENERATION,16
+SURNAME+DOB+ADDRESS+PHONE+SSN+LOGIN_ID+ACCT_NUM,16
+SURNAME+LOGIN_ID-GENDER-SSN-PASSPORT,16
+SURNAME+PHONE-DOB-GENDER-DRLIC,16
+NAME+DOB+ADDRESS+PHONE+ACCT_NUM-SSN,16
+NAME+SSN-DOB-DRLIC,16
+PNAME+ADDRESS+PHONE+PASSPORT-DRLIC,15
+ADDRESS+SSN+ACCT_NUM-DRLIC,15
+PNAME+ADDRESS+PHONE+DRLIC+ACCT_NUM-GENERATION,15
+PNAME+DOB+ADDRESS+PHONE+SSN+DRLIC+PASSPORT+ACCT_NUM-GENERATION,15
+DOB+ADDRESS+SSN+ACCT_NUM (Ambiguous),15
+DOB+ADDRESS+PHONE+SSN+PASSPORT-GENERATION,15
+LOGIN_ID-GENERATION-DOB-PASSPORT,15
+PNAME+DOB+PHONE+ACCT_NUM-DRLIC,15
+NAME+DOB+ADDRESS+PHONE+DRLIC-GENERATION,15
+DRLIC+LOGIN_ID,15
+PNAME+DOB+ADDRESS+PHONE+PASSPORT+ACCT_NUM-DRLIC,15
+PNAME+LOGIN_ID-SSN-DRLIC-PASSPORT,15
+SURNAME+PHONE-DOB-DRLIC,15
+NAME+ADDRESS+PASSPORT+ACCT_NUM-DRLIC,15
+LIKELY_NAME+DOB+SSN+DRLIC,15
+PNAME+PHONE+SSN+PASSPORT-DRLIC,15
+NAME+DOB+PHONE+SSN+DRLIC-GENERATION,15
+SURNAME+ADDRESS+PHONE+PASSPORT+LOGIN_ID,15
+PNAME+SSN+ACCT_NUM-DRLIC,15
+SURNAME+ADDRESS+PHONE+SSN+ACCT_NUM-DRLIC,15
+PHONE+DRLIC+LOGIN_ID+ACCT_NUM,15
+PNAME+SSN+DRLIC+ACCT_NUM,15
+NAME+ADDRESS+PHONE+SSN+DRLIC+PASSPORT+ACCT_NUM-GENERATION,15
+PNAME+ACCT_NUM-DRLIC,15
+ADDRESS+SSN+DRLIC+LOGIN_ID+ACCT_NUM,15
+NAME+ADDRESS+PHONE+ACCT_NUM-DOB,14
+PNAME+DOB+ADDRESS+PHONE+PASSPORT,14
+DRLIC-DRLIC,14
+NAME+ADDRESS+PHONE+ACCT_NUM-PASSPORT,14
+NAME+ADDRESS+PHONE+SSN+DRLIC+PASSPORT-GENERATION,14
+ADDRESS+SSN+PASSPORT+LOGIN_ID+ACCT_NUM,14
+NAME+ADDRESS+PHONE+PASSPORT+ACCT_NUM-GENERATION,14
+PNAME+PASSPORT+LOGIN_ID+ACCT_NUM,14
+NAME+DOB+ADDRESS+PHONE+DRLIC-SSN,14
+NAME+SSN+PASSPORT-DRLIC,14
+PHONE+SSN+ACCT_NUM-DRLIC,14
+NAME+ADDRESS+PHONE-SSN-DRLIC,14
+SURNAME+ADDRESS+PHONE-SSN,14
+SURNAME+PHONE+LOGIN_ID+ACCT_NUM,14
+DOB+PHONE+SSN-DRLIC,14
+LOGIN_ID-GENERATION-DOB-GENDER-PASSPORT,14
+NAME+DOB+ADDRESS+PHONE+PASSPORT-GENERATION,14
+PHONE-GENERATION-DOB-GENDER,14
+NAME+PHONE-DRLIC-PASSPORT,14
+PNAME+DOB+ADDRESS+PHONE+SSN+DRLIC-GENERATION,14
+SURNAME+ADDRESS+PHONE+SSN-DRLIC,14
+NAME+ADDRESS+PHONE+DRLIC+ACCT_NUM-SSN,14
+NAME+DOB+PHONE-PASSPORT,14
+PNAME+PHONE-GENERATION-DOB-SSN-PASSPORT,14
+PNAME+DOB+SSN+DRLIC,14
+PNAME+ADDRESS+PHONE+SSN-PASSPORT,14
+PNAME-SSN,14
+PNAME+DOB+ADDRESS+PHONE+PASSPORT-DRLIC,14
+PNAME+LOGIN_ID-DRLIC-PASSPORT,13
+DOB+SSN-GENERATION,13
+NAME+DOB+PHONE+DRLIC+PASSPORT,13
+PNAME+PHONE+PASSPORT+ACCT_NUM,13
+PNAME+ADDRESS+PHONE+PASSPORT-GENERATION,13
+NAME+SSN-DOB-DRLIC-PASSPORT,13
+NAME+ADDRESS+DRLIC-SSN,13
+NAME+ADDRESS-GENERATION-DOB-SSN-PASSPORT,13
+DOB+ADDRESS+PHONE+SSN+DRLIC-GENERATION,13
+NAME+PHONE+SSN+PASSPORT-DRLIC,13
+DOB+ADDRESS+PHONE+DRLIC+PASSPORT+LOGIN_ID+ACCT_NUM,13
+DOB+ADDRESS+PHONE+DRLIC-GENERATION,13
+ADDRESS+ACCT_NUM-GENERATION,13
+NAME+SSN-DRLIC-PASSPORT,13
+SURNAME+ADDRESS+PHONE+PASSPORT+LOGIN_ID+ACCT_NUM,13
+NAME+DOB+SSN+DRLIC,13
+NAME+DOB+ADDRESS+ACCT_NUM-DRLIC,13
+SURNAME+DOB+ADDRESS+PHONE+DRLIC+LOGIN_ID,13
+ADDRESS+SSN-DRLIC,13
+NAME+PHONE-GENDER-SSN-DRLIC,13
+PHONE+SSN+ACCT_NUM-GENERATION,13
+SURNAME+DOB+ADDRESS+PHONE+SSN+DRLIC+PASSPORT+ACCT_NUM (Ambiguous),13
+PNAME+DOB+ADDRESS+PHONE+SSN+DRLIC+PASSPORT-GENERATION,13
+PHONE-GENERATION-DOB-GENDER-SSN-DRLIC,13
+PNAME+DOB+ADDRESS-SSN-PASSPORT,13
+LIKELY_NAME+ADDRESS+PHONE+SSN (Ambiguous),13
+PNAME+DOB+PHONE+SSN-DRLIC,13
+PNAME-DOB-SSN,13
+SURNAME+DOB+PHONE+SSN (Ambiguous),13
+DOB+ADDRESS+PHONE+SSN+PASSPORT+ACCT_NUM-GENERATION,12
+ADDRESS+PHONE+DRLIC-GENERATION,12
+ADDRESS+PHONE+PASSPORT-DRLIC,12
+ADDRESS+PHONE+SSN-DOB,12
+ADDRESS+PHONE+SSN+DRLIC+PASSPORT+ACCT_NUM-GENERATION,12
+ADDRESS+PHONE+SSN+DRLIC+PASSPORT-GENERATION,12
+DOB+ADDRESS-GENERATION,12
+DOB+ADDRESS+PHONE+ACCT_NUM-SSN,12
+DOB+ADDRESS+PHONE-GENERATION,12
+DOB+ADDRESS+PHONE+PASSPORT+LOGIN_ID+ACCT_NUM,12
+DOB+ADDRESS+PHONE+SSN+PASSPORT-DRLIC,12
+DOB+DRLIC-GENDER-PASSPORT,12
+DOB+LOGIN_ID-GENDER-SSN,12
+DOB+PHONE+DRLIC+LOGIN_ID,12
+DRLIC-GENDER-SSN-DRLIC-PASSPORT,12
+LOGIN_ID-GENERATION-DOB-GENDER-SSN-DRLIC,12
+LOGIN_ID-GENERATION-GENDER-PASSPORT,12
+LOGIN_ID-GENERATION-SSN-DRLIC,12
+NAME+ADDRESS+PHONE+DRLIC-PASSPORT,12
+NAME+ADDRESS+PHONE+DRLIC-SSN-PASSPORT,12
+NAME+ADDRESS+PHONE+SSN+PASSPORT+ACCT_NUM-GENERATION,12
+NAME+DOB+ACCT_NUM-DRLIC,12
+NAME+DOB+ADDRESS+PHONE+DRLIC+ACCT_NUM-GENERATION,12
+NAME+DOB+ADDRESS+PHONE+SSN+DRLIC+PASSPORT-GENERATION,12
+NAME+DOB+ADDRESS+PHONE+SSN+PASSPORT-DRLIC,12
+NAME+DOB+ADDRESS+SSN-GENERATION,12
+NAME+DOB+PHONE+ACCT_NUM-DRLIC,12
+NAME+DRLIC-DOB-GENDER,12
+NAME+DRLIC-GENDER,12
+NAME+PASSPORT+ACCT_NUM-DRLIC,12
+NAME+PHONE-DOB-GENDER-SSN-DRLIC,12
+NAME+PHONE+DRLIC-SSN,12
+NAME+SSN+DRLIC+PASSPORT,12
+PHONE+PASSPORT+LOGIN_ID+ACCT_NUM,12
+PNAME+ADDRESS-GENERATION,12
+PNAME+ADDRESS+PHONE-DOB-SSN-PASSPORT,12
+PNAME+ADDRESS+PHONE+SSN-DOB,12
+PNAME+ADDRESS+PHONE+SSN+DRLIC+ACCT_NUM-GENERATION,12
+PNAME+DOB+ADDRESS+PHONE+SSN+PASSPORT+ACCT_NUM-GENERATION,12
+PNAME+PHONE-DOB-GENDER-DRLIC-PASSPORT,12
+PNAME+PHONE-GENERATION,12
+PNAME+SSN-GENERATION,12
+SURNAME+ADDRESS+DRLIC+LOGIN_ID,12
+SURNAME+ADDRESS+PHONE-DRLIC,12
+SURNAME+ADDRESS+SSN+DRLIC+LOGIN_ID+ACCT_NUM,12
+SURNAME+DOB+ADDRESS+PHONE-SSN,12
+SURNAME+PHONE+SSN+DRLIC+LOGIN_ID,12
+SURNAME+PHONE+SSN+PASSPORT+LOGIN_ID,12
+PNAME+DOB+ADDRESS+PHONE+DRLIC+ACCT_NUM-GENERATION,11
+SURNAME+DOB+PHONE+SSN+DRLIC (Ambiguous),11
+SURNAME+PHONE-DOB-GENDER-DRLIC-PASSPORT,11
+SURNAME+DOB+ADDRESS+PHONE+SSN+PASSPORT (Ambiguous),11
+PNAME+DRLIC-GENERATION-DOB-SSN-PASSPORT,11
+NAME+PHONE+ACCT_NUM-PASSPORT,11
+SURNAME+DOB+ADDRESS+PHONE+SSN-DRLIC,11
+ADDRESS+PHONE+PASSPORT+ACCT_NUM-DRLIC,11
+SURNAME+DOB+ADDRESS+PHONE+ACCT_NUM-SSN-PASSPORT,11
+PNAME+ADDRESS+PHONE+ACCT_NUM-SSN,11
+DOB+ADDRESS+PHONE+DRLIC+PASSPORT+LOGIN_ID,11
+PNAME+ADDRESS+PHONE+SSN+DRLIC+PASSPORT-GENERATION,11
+PNAME+ADDRESS+DRLIC-GENERATION,11
+NAME+DOB+ADDRESS+DRLIC+PASSPORT,11
+DOB+PHONE+PASSPORT+LOGIN_ID,11
+SURNAME+LOGIN_ID-DOB-GENDER,11
+NAME+DOB-GENERATION-GENDER-DRLIC-PASSPORT,11
+SURNAME+DOB+ADDRESS+PHONE+ACCT_NUM-DRLIC,11
+NAME+ADDRESS-DOB-GENDER-DRLIC-PASSPORT,11
+SURNAME+LOGIN_ID-DOB-PASSPORT,11
+DOB+ADDRESS+PHONE+SSN+DRLIC+PASSPORT-GENERATION,11
+DOB+ADDRESS+PHONE+SSN+PASSPORT+LOGIN_ID,11
+DRLIC-GENDER-DRLIC,11
+PNAME+DOB+ADDRESS+PHONE-SSN-PASSPORT,11
+NAME+DOB+ADDRESS+PHONE+DRLIC+PASSPORT-GENERATION,11
+NAME+PHONE+ACCT_NUM-GENERATION,11
+NAME+DOB+PHONE+PASSPORT-DRLIC,11
+PNAME+ADDRESS+PHONE+DRLIC+PASSPORT+ACCT_NUM,11
+SURNAME+DOB+ADDRESS+PHONE+SSN+ACCT_NUM (Ambiguous),11
+PHONE-GENERATION-DOB-GENDER-PASSPORT,11
+DOB+ADDRESS+PHONE+ACCT_NUM-DRLIC,11
+DOB+ADDRESS+SSN+LOGIN_ID+ACCT_NUM,11
+LOGIN_ID-GENERATION-DRLIC,11
+ADDRESS+PHONE-SSN-PASSPORT,11
+NAME+ADDRESS+PHONE+DRLIC+PASSPORT+ACCT_NUM-GENERATION,11
+PHONE-GENERATION-SSN-DRLIC,11
+NAME+PHONE+SSN+DRLIC+PASSPORT,11
+PNAME+DOB+PHONE-GENERATION,11
+DOB+PHONE+SSN+DRLIC+PASSPORT (Ambiguous),11
+DOB+PHONE+SSN+ACCT_NUM-DRLIC,11
+DOB+SSN+LOGIN_ID+ACCT_NUM,11
+PNAME+DOB+ADDRESS+SSN+ACCT_NUM-DRLIC,10
+NAME+DOB+ADDRESS+PHONE+PASSPORT+ACCT_NUM-GENERATION,10
+DOB+ADDRESS+SSN+PASSPORT+LOGIN_ID,10
+PHONE-GENERATION-GENDER-SSN-DRLIC-PASSPORT,10
+NAME+DRLIC-GENDER-SSN,10
+NAME+DOB+ACCT_NUM-SSN-PASSPORT,10
+PNAME+DRLIC+LOGIN_ID+ACCT_NUM,10
+NAME+ADDRESS+PHONE+PASSPORT-SSN,10
+NAME+DRLIC-PASSPORT,10
+NAME+ACCT_NUM-SSN-PASSPORT,10
+PNAME+ADDRESS-GENERATION-DOB-GENDER-SSN-DRLIC-PASSPORT,10
+NAME+ADDRESS+ACCT_NUM-GENERATION,10
+PNAME+DOB+SSN-GENERATION,10
+SURNAME+DOB+ADDRESS+PHONE+SSN+DRLIC+PASSPORT (Ambiguous),10
+SURNAME+DOB+ADDRESS+PHONE+SSN+LOGIN_ID,10
+SURNAME+DOB+ADDRESS+PHONE+SSN+PASSPORT+ACCT_NUM-DRLIC,10
+SURNAME+DOB+ADDRESS+SSN (Ambiguous),10
+NAME+DOB+ADDRESS+DRLIC-SSN,10
+SURNAME+DOB+ADDRESS+SSN+DRLIC (Ambiguous),10
+PNAME+ADDRESS+SSN+DRLIC+ACCT_NUM-GENERATION,10
+DOB+PHONE+SSN+PASSPORT+ACCT_NUM (Ambiguous),10
+PNAME+ADDRESS+PHONE+SSN+DRLIC+PASSPORT,10
+SURNAME+DOB+ADDRESS+PHONE+DRLIC+ACCT_NUM-SSN,10
+NAME+DOB+PHONE+SSN+DRLIC+PASSPORT,10
+PNAME+DOB+ADDRESS+ACCT_NUM-DRLIC,10
+ADDRESS+PHONE+PASSPORT+ACCT_NUM-GENERATION,10
+PNAME+PHONE-GENDER-DRLIC-PASSPORT,10
+ADDRESS+PHONE+DRLIC-SSN,10
+LIKELY_NAME+DOB+SSN+PASSPORT,10
+DOB+PHONE+SSN+LOGIN_ID+ACCT_NUM,10
+SURNAME+DOB+ADDRESS+LOGIN_ID,10
+ADDRESS+SSN+DRLIC+PASSPORT+LOGIN_ID,10
+ADDRESS+PHONE+ACCT_NUM-SSN,10
+NAME+ADDRESS+SSN+DRLIC-GENERATION,10
+DOB+ADDRESS+PHONE+DRLIC+ACCT_NUM-GENERATION,10
+DOB+PHONE-GENDER,10
+PNAME+DOB+ADDRESS+PHONE+DRLIC-GENERATION,10
+PNAME+DOB+ADDRESS+PHONE+DRLIC+PASSPORT,10
+PNAME+LOGIN_ID-GENDER-SSN-PASSPORT,10
+PNAME+ADDRESS+PHONE-DOB,10
+NAME+DOB+PHONE+SSN-GENERATION,10
+NAME+PHONE+SSN+PASSPORT-GENERATION,10
+SURNAME+PHONE-GENERATION-DOB-GENDER-SSN-PASSPORT,10
+NAME+PHONE+SSN+DRLIC-GENERATION,10
+ACCT_NUM-SSN,10
+NAME+PHONE+SSN-DOB,10
+DRLIC-DOB-DRLIC,10
+NAME+DOB+DRLIC-SSN,10
+NAME+PHONE+SSN-PASSPORT,10
+SURNAME+DOB+ADDRESS+PHONE+PASSPORT+LOGIN_ID,9
+NAME+LOGIN_ID-SSN,9
+SURNAME+ADDRESS+PHONE+SSN+PASSPORT-DRLIC,9
+SURNAME+DOB+ADDRESS+PHONE+ACCT_NUM-SSN,9
+PNAME+ACCT_NUM-GENERATION,9
+PNAME+SSN+ACCT_NUM-GENERATION,9
+NAME+DOB+ADDRESS+SSN+DRLIC+PASSPORT,9
+DOB+LOGIN_ID-SSN-PASSPORT,9
+PHONE+SSN+DRLIC-GENERATION,9
+PNAME+SSN+DRLIC+PASSPORT+ACCT_NUM,9
+DOB+LOGIN_ID-GENDER-SSN-PASSPORT,9
+DOB+LOGIN_ID-GENDER,9
+PNAME+ADDRESS-GENERATION-DOB-SSN-DRLIC,9
+NAME+DOB+ADDRESS+PHONE+ACCT_NUM-SSN-PASSPORT,9
+PNAME-SSN-PASSPORT,9
+PNAME+DOB+PHONE+SSN+ACCT_NUM-GENERATION,9
+NAME+DOB+SSN-DRLIC,9
+NAME+DOB+ADDRESS+SSN+DRLIC-GENERATION,9
+PHONE-GENERATION-GENDER-SSN-DRLIC,9
+LIKELY_NAME+ADDRESS-SSN,9
+PNAME+DOB+ADDRESS+SSN-DRLIC,9
+PNAME+ADDRESS+PASSPORT+ACCT_NUM,9
+PNAME+DOB+ADDRESS+PHONE+SSN+PASSPORT-DRLIC,9
+DOB+ADDRESS+SSN+DRLIC+LOGIN_ID,9
+DOB+ADDRESS+SSN-DRLIC,9
+DOB+ADDRESS+SSN+ACCT_NUM-GENERATION,9
+DOB+ADDRESS+SSN+ACCT_NUM-DRLIC,9
+PNAME+ADDRESS+PASSPORT-DRLIC,9
+PNAME+PHONE+PASSPORT-DRLIC,9
+NAME+DOB+PHONE+DRLIC-SSN-PASSPORT,9
+NAME+DOB+PHONE+DRLIC-SSN,9
+ACCT_NUM-DOB-SSN-PASSPORT,9
+ACCT_NUM-GENERATION,9
+SURNAME+PHONE-DRLIC-PASSPORT,9
+DOB+PHONE+SSN-GENERATION,9
+NAME+ADDRESS+SSN+DRLIC+PASSPORT,9
+DOB+ADDRESS+PHONE+ACCT_NUM-GENERATION,9
+PNAME+DOB+ADDRESS+PHONE+ACCT_NUM-SSN,9
+DOB+PHONE+SSN+DRLIC+LOGIN_ID,9
+PNAME+PHONE+DRLIC+ACCT_NUM-GENERATION,9
+ADDRESS+PHONE-DOB,9
+SURNAME+LOGIN_ID-SSN-DRLIC,9
+PHONE+ACCT_NUM-SSN,9
+SURNAME+LOGIN_ID-GENDER-PASSPORT,9
+ADDRESS+PHONE-PASSPORT,9
+NAME+DOB+ADDRESS+PASSPORT+ACCT_NUM-DRLIC,9
+NAME+DOB+ADDRESS-PASSPORT,9
+SURNAME+ADDRESS+PHONE+ACCT_NUM-DRLIC,9
+PNAME-DOB,9
+PNAME+ADDRESS+SSN+PASSPORT-GENERATION,9
+PNAME+ADDRESS+SSN+PASSPORT+ACCT_NUM-DRLIC,9
+DOB+PHONE-GENDER-SSN,9
+SURNAME+DOB+LOGIN_ID,9
+SURNAME+DOB+ADDRESS+SSN+LOGIN_ID,9
+PNAME+ADDRESS+PHONE+DRLIC-SSN,9
+SURNAME+DOB+ADDRESS+PHONE+SSN+DRLIC+LOGIN_ID,9
+DOB+ADDRESS+ACCT_NUM-SSN,9
+PNAME+ADDRESS+ACCT_NUM-GENERATION,9
+SURNAME+ADDRESS+PHONE+SSN-PASSPORT,9
+DOB+PHONE+SSN+ACCT_NUM-GENERATION,8
+LIKELY_NAME+DOB+ADDRESS+PHONE (Ambiguous),8
+ADDRESS+SSN-PASSPORT,8
+SURNAME+DOB+SSN+LOGIN_ID,8
+PNAME+DOB+ADDRESS+PASSPORT,8
+PHONE+ACCT_NUM-DRLIC,8
+PHONE+ACCT_NUM-GENERATION,8
+DOB+PHONE+PASSPORT+LOGIN_ID+ACCT_NUM,8
+DOB+ADDRESS+PHONE+SSN+DRLIC+LOGIN_ID,8
+PHONE+SSN+DRLIC+PASSPORT+LOGIN_ID,8
+PNAME+DOB+ADDRESS+SSN+DRLIC+ACCT_NUM-GENERATION,8
+NAME+ADDRESS+SSN+PASSPORT+ACCT_NUM-DRLIC,8
+NAME+ADDRESS-GENDER-DRLIC-PASSPORT,8
+PNAME+PHONE+SSN+ACCT_NUM-GENERATION,8
+NAME+DOB+PHONE+ACCT_NUM-SSN-PASSPORT,8
+PNAME+ADDRESS-GENERATION-DOB,8
+SURNAME+DOB+ADDRESS+PHONE+DRLIC+LOGIN_ID+ACCT_NUM,8
+NAME+DOB+PHONE+SSN+ACCT_NUM-GENERATION,8
+SURNAME+PHONE+PASSPORT+LOGIN_ID,8
+ADDRESS+PHONE+SSN+ACCT_NUM-DOB,8
+SURNAME+PHONE-DOB-DRLIC-PASSPORT,8
+PNAME+PHONE+DRLIC-SSN,8
+PNAME+PASSPORT-DOB-SSN,8
+SURNAME+PHONE+DRLIC+LOGIN_ID,8
+DOB+ADDRESS+PHONE+PASSPORT+ACCT_NUM-DRLIC,8
+PNAME+DOB+ADDRESS+PHONE-PASSPORT,8
+ADDRESS+DRLIC+LOGIN_ID+ACCT_NUM,8
+PNAME+ADDRESS+PHONE+SSN+DRLIC+PASSPORT+ACCT_NUM-GENERATION,8
+NAME+PHONE-DOB-GENDER-DRLIC,8
+NAME+ADDRESS+SSN-DOB,8
+DOB+SSN+DRLIC+LOGIN_ID,8
+SURNAME+PHONE-GENDER-DRLIC,8
+PNAME+LOGIN_ID-DOB-GENDER,8
+DOB+ADDRESS+PHONE+SSN+PASSPORT+LOGIN_ID+ACCT_NUM,8
+PHONE-GENERATION-DOB-DRLIC,8
+DOB+ADDRESS+PHONE+SSN-PASSPORT,8
+SURNAME+ADDRESS+SSN-DRLIC,8
+PASSPORT-GENERATION-SSN,8
+DOB+LOGIN_ID+ACCT_NUM,8
+NAME+SSN-DOB-GENDER-DRLIC,8
+PNAME+DOB+PHONE+PASSPORT,8
+PNAME+DOB+PHONE+SSN+PASSPORT,8
+SURNAME+DOB+PHONE+SSN+LOGIN_ID,8
+PASSPORT+LOGIN_ID,8
+NAME+PHONE+ACCT_NUM-SSN-PASSPORT,8
+PHONE+DRLIC-SSN,8
+PNAME+LOGIN_ID-DOB-DRLIC-PASSPORT,8
+DRLIC+LOGIN_ID+ACCT_NUM,8
+LOGIN_ID-GENERATION-GENDER-SSN-DRLIC,7
+PNAME+DOB+ADDRESS+SSN-GENERATION,7
+PNAME+DOB+ADDRESS+SSN+DRLIC-GENERATION,7
+SSN+DRLIC+LOGIN_ID+ACCT_NUM,7
+NAME+DOB+PHONE+DRLIC-GENERATION,7
+NAME+ADDRESS+PHONE-SSN-DRLIC-PASSPORT,7
+NAME+ADDRESS+PHONE+DRLIC+ACCT_NUM-PASSPORT,7
+PNAME+DOB+ADDRESS+PHONE+SSN+PASSPORT+ACCT_NUM-DRLIC,7
+DOB+ADDRESS+SSN+DRLIC+PASSPORT (Ambiguous),7
+PNAME+LOGIN_ID-DOB-GENDER-PASSPORT,7
+DOB+ADDRESS+SSN+DRLIC+LOGIN_ID+ACCT_NUM,7
+DOB+ADDRESS+SSN+DRLIC+ACCT_NUM-GENERATION,7
+NAME+DOB+ACCT_NUM-SSN,7
+DOB+PHONE+DRLIC+LOGIN_ID+ACCT_NUM,7
+NAME+DOB+PHONE-GENERATION,7
+DRLIC-DOB-DRLIC-PASSPORT,7
+DOB+ADDRESS+DRLIC+LOGIN_ID+ACCT_NUM,7
+NAME+ADDRESS-GENERATION-DOB-SSN,7
+PNAME+PHONE+DRLIC-GENERATION,7
+LOGIN_ID-GENERATION-GENDER-SSN-DRLIC-PASSPORT,7
+NAME+DOB+DRLIC-SSN-PASSPORT,7
+ACCT_NUM-DOB,7
+NAME+DRLIC-DOB-GENDER-SSN-PASSPORT,7
+SURNAME+PHONE+SSN+PASSPORT+ACCT_NUM-DRLIC,7
+NAME+PHONE+SSN+PASSPORT+ACCT_NUM-DRLIC,7
+SURNAME+PHONE+SSN+DRLIC+PASSPORT+LOGIN_ID,7
+SURNAME+SSN+PASSPORT+LOGIN_ID+ACCT_NUM,7
+SURNAME+PHONE+SSN-DRLIC,7
+PNAME+PHONE+SSN+PASSPORT+ACCT_NUM-DRLIC,7
+NAME+PHONE+DRLIC-PASSPORT,7
+DOB+PHONE+DRLIC+PASSPORT+LOGIN_ID,7
+NAME+ADDRESS+PHONE-DOB-PASSPORT,7
+NAME+PHONE+DRLIC-GENERATION,7
+SURNAME+PHONE+DRLIC+LOGIN_ID+ACCT_NUM,7
+DOB+PHONE+DRLIC+PASSPORT+LOGIN_ID+ACCT_NUM,7
+ADDRESS+PASSPORT+LOGIN_ID+ACCT_NUM,7
+SURNAME+DOB+ADDRESS+DRLIC+LOGIN_ID,7
+SURNAME+DOB+ADDRESS+PHONE+DRLIC+PASSPORT+LOGIN_ID,7
+SURNAME+ADDRESS+SSN+PASSPORT+LOGIN_ID,7
+NAME+PASSPORT-SSN,7
+NAME+PHONE-DOB-DRLIC-PASSPORT,7
+PNAME+ADDRESS+PHONE+PASSPORT+ACCT_NUM-DRLIC,7
+PNAME+ADDRESS+PHONE-DOB-SSN,7
+NAME+ADDRESS-GENERATION,7
+SURNAME+LOGIN_ID-DRLIC,7
+SURNAME+SSN+LOGIN_ID+ACCT_NUM,7
+NAME+ADDRESS+DRLIC-SSN-PASSPORT,7
+ADDRESS+SSN+DRLIC+PASSPORT+LOGIN_ID+ACCT_NUM,7
+ADDRESS+PHONE+DRLIC+ACCT_NUM-GENERATION,7
+SURNAME+DRLIC+LOGIN_ID,7
+NAME+SSN+ACCT_NUM-GENERATION,7
+NAME+DOB+ADDRESS+PHONE+SSN-PASSPORT,7
+SURNAME+DOB+ADDRESS+PHONE-DRLIC,7
+PNAME+DOB+ADDRESS-DRLIC,7
+PASSPORT+LOGIN_ID+ACCT_NUM,7
+PNAME+PASSPORT-SSN,7
+SURNAME+ADDRESS+SSN+DRLIC+PASSPORT+LOGIN_ID+ACCT_NUM,7
+NAME+DOB+SSN+PASSPORT,7
+DOB+PHONE+SSN+DRLIC+PASSPORT+ACCT_NUM (Ambiguous),7
+ADDRESS+PHONE+PASSPORT-GENERATION,7
+SURNAME+DOB+PHONE+SSN+DRLIC+LOGIN_ID,7
+PNAME+DOB+ACCT_NUM-DRLIC,7
+PNAME+ADDRESS+PHONE+SSN+LOGIN_ID+ACCT_NUM (Ambiguous),7
+PNAME+ADDRESS+SSN+PASSPORT-DRLIC,7
+DOB+PHONE+SSN+PASSPORT+LOGIN_ID,7
+DOB+ADDRESS-GENERATION-GENDER-SSN-PASSPORT,7
+DOB+PHONE-GENERATION,7
+NAME+PHONE+SSN+ACCT_NUM-GENERATION,7
+SURNAME+DOB+PHONE+LOGIN_ID+ACCT_NUM,7
+NAME+DOB+PHONE-SSN-DRLIC-PASSPORT,7
+PASSPORT-GENERATION-DOB-GENDER-SSN,7
+PNAME-DOB-SSN-PASSPORT,7
+NAME+ADDRESS+PHONE+PASSPORT-DOB,7
+ADDRESS+SSN+ACCT_NUM-GENERATION,7
+NAME+DOB+PHONE+SSN+PASSPORT-GENERATION,7
+PNAME+DOB+PHONE+SSN+DRLIC,7
+LIKELY_NAME+ADDRESS+PHONE+ACCT_NUM (Ambiguous),7
+SURNAME+ADDRESS+SSN+DRLIC+LOGIN_ID,7
+PNAME+DOB+PHONE-PASSPORT,7
+PNAME+DRLIC+PASSPORT+LOGIN_ID+ACCT_NUM,7
+LIKELY_NAME+ADDRESS+PHONE+DRLIC (Ambiguous),7
+NAME+ADDRESS+PASSPORT-GENERATION,7
+LIKELY_NAME+ADDRESS+PHONE+SSN,7
+NAME+PHONE-GENERATION,7
+PHONE+SSN+PASSPORT-DRLIC,7
+DOB+ADDRESS+SSN-GENERATION,7
+NAME+DOB+ADDRESS+PASSPORT-DRLIC,6
+SURNAME+DOB+ADDRESS+PHONE+PASSPORT+LOGIN_ID+ACCT_NUM,6
+DOB+ADDRESS+PHONE+SSN+DRLIC+LOGIN_ID+ACCT_NUM,6
+PNAME+PHONE-GENERATION-DOB-GENDER-SSN,6
+PNAME+DOB+PHONE+SSN-GENERATION,6
+NAME+ACCT_NUM-PASSPORT,6
+SURNAME+ADDRESS+PHONE+PASSPORT-DRLIC,6
+ACCT_NUM-DRLIC,6
+PNAME+DOB+PHONE+SSN+DRLIC-GENERATION,6
+SURNAME+DOB+ADDRESS+SSN+ACCT_NUM (Ambiguous),6
+DOB+ADDRESS+PHONE+SSN+DRLIC+PASSPORT+ACCT_NUM-GENERATION,6
+PNAME+ADDRESS+SSN+DRLIC-GENERATION,6
+LOGIN_ID-GENERATION-GENDER-DRLIC,6
+ADDRESS+SSN+PASSPORT-GENERATION,6
+PNAME+DOB+PHONE+ACCT_NUM-SSN,6
+PNAME+PHONE+PASSPORT-GENERATION,6
+PHONE+SSN+PASSPORT+ACCT_NUM-GENERATION,6
+NAME+SSN-GENERATION,6
+LIKELY_NAME+ADDRESS+PHONE+SSN+ACCT_NUM (Ambiguous),6
+PNAME+LOGIN_ID-DOB-GENDER-SSN-DRLIC-PASSPORT,6
+DOB+ADDRESS-GENERATION-SSN-PASSPORT,6
+ADDRESS+SSN+DRLIC+ACCT_NUM-GENERATION,6
+PNAME+DOB+ADDRESS+SSN+PASSPORT+ACCT_NUM-GENERATION,6
+LIKELY_NAME+ADDRESS+PHONE+SSN+PASSPORT,6
+NAME+DOB+ACCT_NUM-PASSPORT,6
+SURNAME+DOB+PHONE+SSN+ACCT_NUM (Ambiguous),6
+NAME+DOB+ADDRESS+SSN+ACCT_NUM-GENERATION,6
+NAME+ADDRESS+PHONE+ACCT_NUM-DOB-SSN,6
+NAME+ADDRESS+DRLIC-GENERATION,6
+DOB+ADDRESS+SSN+DRLIC-GENERATION,6
+NAME+PHONE-GENERATION-DOB-SSN-PASSPORT,6
+DOB+PHONE+ACCT_NUM-SSN,6
+SURNAME+DOB+ADDRESS-SSN-PASSPORT,6
+NAME+LOGIN_ID-DOB-SSN,6
+PNAME+DOB+ADDRESS+SSN+PASSPORT-DRLIC,6
+NAME+DOB+DRLIC+PASSPORT,6
+SURNAME+DOB+PHONE+LOGIN_ID,6
+DOB+ADDRESS+ACCT_NUM-DRLIC,6
+PHONE-GENERATION-GENDER-PASSPORT,6
+PNAME+DOB+ADDRESS+PHONE+DRLIC-SSN,6
+NAME+ADDRESS+PHONE+ACCT_NUM-DOB-SSN-PASSPORT,6
+PNAME+PHONE+DRLIC-PASSPORT,6
+SURNAME+DOB+PHONE+ACCT_NUM-SSN,6
+PNAME+ADDRESS+PHONE+PASSPORT+ACCT_NUM-GENERATION,6
+PNAME+LOGIN_ID-GENDER-DRLIC,6
+PNAME+LOGIN_ID-GENDER-PASSPORT,6
+NAME+DOB+ADDRESS+PHONE+PASSPORT-SSN,6
+DOB+PHONE+DRLIC-SSN,6
+DOB+SSN+PASSPORT+LOGIN_ID,6
+SURNAME+ADDRESS+PHONE+SSN+ACCT_NUM-GENERATION,6
+PNAME+ADDRESS+DRLIC+PASSPORT+ACCT_NUM,6
+PNAME+PHONE+SSN+DRLIC+PASSPORT,6
+DOB+ADDRESS+PHONE+PASSPORT-GENERATION,6
+NAME+ADDRESS+DRLIC+ACCT_NUM-SSN,6
+ADDRESS+PHONE+SSN-DOB-PASSPORT,6
+PNAME+DOB+ADDRESS+PHONE+PASSPORT-GENERATION,6
+SSN+ACCT_NUM-GENERATION,6
+SURNAME+DOB+ADDRESS+PHONE+SSN+PASSPORT+ACCT_NUM (Ambiguous),6
+SURNAME+DOB+ADDRESS+PHONE-SSN-PASSPORT,6
+PNAME+ADDRESS+PHONE+SSN+LOGIN_ID (Ambiguous),6
+NAME+DOB+ADDRESS+PHONE+DRLIC+PASSPORT+ACCT_NUM-GENERATION,6
+DOB+ACCT_NUM-GENERATION,6
+PNAME+DOB+SSN-PASSPORT,6
+PNAME+PHONE+ACCT_NUM-GENERATION,6
+SURNAME+DOB+ADDRESS+LOGIN_ID+ACCT_NUM,6
+NAME+DOB+PHONE+SSN+PASSPORT-DRLIC,6
+DOB+LOGIN_ID-GENDER-SSN-DRLIC-PASSPORT,6
+SURNAME+DOB+ADDRESS+PHONE+DRLIC+PASSPORT+LOGIN_ID+ACCT_NUM,6
+PNAME+DOB+SSN+DRLIC-GENERATION,6
+SURNAME+ADDRESS-GENERATION-DOB-SSN,6
+SURNAME+LOGIN_ID-GENDER-SSN-DRLIC,6
+ADDRESS+PHONE+SSN-PASSPORT,6
+ADDRESS+PHONE-DOB-SSN,6
+NAME+PHONE+SSN+PASSPORT+ACCT_NUM-GENERATION,6
+NAME+ADDRESS+SSN+PASSPORT+ACCT_NUM-GENERATION,6
+NAME+DRLIC-DOB-GENDER-SSN,6
+PNAME+DOB+SSN,6
+SURNAME+PHONE+SSN+PASSPORT+LOGIN_ID+ACCT_NUM,6
+PNAME+DOB+PHONE+SSN+PASSPORT-DRLIC,6
+PNAME+DOB+ADDRESS+PHONE+SSN+PASSPORT,6
+DOB+PHONE+SSN+DRLIC+LOGIN_ID+ACCT_NUM,6
+SSN+DRLIC+PASSPORT+LOGIN_ID,6
+PNAME+PHONE-GENERATION-DOB-GENDER-SSN-PASSPORT,6
+PNAME+DOB+PHONE-SSN-PASSPORT,6
+SURNAME+ADDRESS+LOGIN_ID+ACCT_NUM,6
+ADDRESS+ACCT_NUM-DRLIC,6
+ACCT_NUM-SSN-PASSPORT,6
+PHONE-GENERATION-SSN-DRLIC-PASSPORT,6
+PNAME+ADDRESS+PHONE+LOGIN_ID (Ambiguous),6
+PNAME+SSN-GENERATION-DOB-PASSPORT,6
+ADDRESS+PHONE-GENDER,6
+SURNAME+DOB+ADDRESS+PHONE+SSN+DRLIC+LOGIN_ID+ACCT_NUM,6
+PNAME+DOB+ADDRESS+SSN+DRLIC,5
+DOB+PHONE+SSN+DRLIC+ACCT_NUM-GENERATION,5
+PNAME+PHONE-GENERATION-SSN,5
+PNAME+PHONE+LOGIN_ID (Ambiguous),5
+DOB+PHONE-SSN-DRLIC,5
+NAME+DOB+ADDRESS+PHONE+DRLIC+ACCT_NUM-SSN,5
+DOB+PHONE+PASSPORT-DRLIC,5
+NAME+PHONE+SSN+DRLIC+ACCT_NUM-GENERATION,5
+DOB+PHONE-PASSPORT,5
+PNAME+PHONE+SSN-DOB,5
+NAME+LOGIN_ID-GENDER-SSN,5
+PNAME+ADDRESS+DRLIC+PASSPORT+ACCT_NUM-GENERATION,5
+PNAME+PHONE+SSN+PASSPORT+ACCT_NUM-GENERATION,5
+PNAME+ADDRESS+DRLIC-SSN,5
+DOB+PHONE+ACCT_NUM-DRLIC,5
+PNAME+ADDRESS-GENERATION-DOB-GENDER-SSN,5
+PNAME+ADDRESS-GENERATION-DOB-PASSPORT,5
+SSN+ACCT_NUM-DRLIC,5
+DOB+ADDRESS+SSN+PASSPORT-DRLIC,5
+DOB+ADDRESS+SSN+PASSPORT+ACCT_NUM-GENERATION,5
+DOB+ADDRESS+PHONE-SSN-PASSPORT,5
+PNAME+ADDRESS+PASSPORT-GENERATION,5
+SSN+PASSPORT-DRLIC,5
+DOB+ADDRESS+PHONE+PASSPORT-SSN,5
+DOB+ADDRESS+PHONE+DRLIC-SSN,5
+SURNAME+ADDRESS+DRLIC+LOGIN_ID+ACCT_NUM,5
+SURNAME+ADDRESS-GENERATION,5
+SURNAME+ADDRESS-GENERATION-DOB,5
+SURNAME+ADDRESS-GENERATION-DOB-GENDER-SSN,5
+NAME+DOB+ADDRESS+PASSPORT-GENERATION,5
+SURNAME+ADDRESS-GENERATION-SSN,5
+SURNAME+ADDRESS-GENERATION-SSN-PASSPORT,5
+SURNAME+ADDRESS+PASSPORT+LOGIN_ID,5
+NAME+SSN-DOB-GENDER-DRLIC-PASSPORT,5
+NAME+DOB+ADDRESS+DRLIC-SSN-PASSPORT,5
+DOB+ADDRESS-GENERATION-SSN,5
+SURNAME+ADDRESS+PHONE+DRLIC+PASSPORT+LOGIN_ID,5
+SURNAME+ADDRESS+PHONE+DRLIC+PASSPORT+LOGIN_ID+ACCT_NUM,5
+NAME+DOB+SSN+DRLIC+PASSPORT,5
+PNAME+ADDRESS+PHONE+DRLIC+PASSPORT+ACCT_NUM-GENERATION,5
+SURNAME+ADDRESS+PHONE+SSN-DOB,5
+SURNAME+ADDRESS+PHONE+SSN+DRLIC+ACCT_NUM-DOB-PASSPORT,5
+PNAME+ADDRESS+PHONE+LOGIN_ID+ACCT_NUM (Ambiguous),5
+DOB+ADDRESS+ACCT_NUM-GENERATION,5
+SURNAME+ADDRESS+PHONE+SSN+PASSPORT+ACCT_NUM-DRLIC,5
+DOB+ACCT_NUM-SSN,5
+DOB+ACCT_NUM-DRLIC,5
+SURNAME+ADDRESS+SSN+DRLIC+PASSPORT+LOGIN_ID,5
+ACCT_NUM-DOB-SSN,5
+NAME+ADDRESS-DOB-GENDER-DRLIC,5
+NAME+ADDRESS+ACCT_NUM-PASSPORT,5
+SURNAME+DOB+ADDRESS+PHONE+PASSPORT-DRLIC,5
+SURNAME+SSN+PASSPORT+LOGIN_ID,5
+NAME+ADDRESS+ACCT_NUM-DOB,5
+ADDRESS+SSN+ACCT_NUM-DOB,5
+NAME+ACCT_NUM-GENERATION,5
+SURNAME+DOB+ADDRESS+PHONE+SSN+PASSPORT-DRLIC,5
+SURNAME+DOB+ADDRESS+SSN+DRLIC+LOGIN_ID+ACCT_NUM,5
+ADDRESS+PHONE+SSN+DRLIC-DOB,5
+LOGIN_ID-GENERATION-DOB-DRLIC,5
+SURNAME+DOB+DRLIC+PASSPORT+LOGIN_ID,5
+PASSPORT-GENERATION,5
+PASSPORT-GENERATION-DOB-SSN,5
+ADDRESS+PHONE+SSN+ACCT_NUM-DOB-PASSPORT,5
+SURNAME+DOB+PHONE+PASSPORT+LOGIN_ID,5
+SURNAME+DOB+PHONE+SSN-DRLIC,5
+SURNAME+DOB+PHONE+SSN+DRLIC+ACCT_NUM (Ambiguous),5
+SURNAME+DOB+PHONE+SSN+PASSPORT (Ambiguous),5
+PNAME+DOB+ADDRESS+ACCT_NUM-SSN,5
+NAME+ADDRESS+SSN-PASSPORT,5
+ADDRESS+PHONE-GENDER-SSN,5
+ADDRESS+PHONE+DRLIC+PASSPORT+ACCT_NUM-GENERATION,5
+ADDRESS+PHONE-DOB-SSN-PASSPORT,5
+SURNAME+LOGIN_ID-DOB-SSN-DRLIC-PASSPORT,5
+SURNAME+LOGIN_ID-GENDER-DRLIC,5
+PNAME+DOB+ADDRESS+PHONE+ACCT_NUM-SSN-PASSPORT,5
+LIKELY_NAME+DOB+PHONE+SSN+DRLIC+PASSPORT,5
+ADDRESS+PHONE+ACCT_NUM-PASSPORT,5
+ADDRESS+PASSPORT-DRLIC,5
+PNAME+DOB+ADDRESS+PHONE+DRLIC+PASSPORT+ACCT_NUM-GENERATION,5
+PNAME+DOB+ADDRESS+PHONE+DRLIC+PASSPORT-GENERATION,5
+SURNAME+PHONE+DRLIC+PASSPORT+LOGIN_ID,5
+NAME+DOB+PHONE+ACCT_NUM-SSN,5
+PNAME+DOB+ADDRESS+PHONE+PASSPORT+ACCT_NUM-GENERATION,5
+SURNAME+SSN-GENDER-DRLIC-PASSPORT,5
+SURNAME+PHONE+SSN+ACCT_NUM-DRLIC,5
+PHONE+DRLIC-GENERATION,5
+ADDRESS+ACCT_NUM-SSN-PASSPORT,5
+ADDRESS+ACCT_NUM-DOB,5
+ACCT_NUM-GENDER-SSN,5
+NAME+DOB+ADDRESS+SSN+PASSPORT-DRLIC,5
+PHONE-GENERATION-DOB-GENDER-DRLIC-PASSPORT,5
+PNAME+DOB+ADDRESS+SSN+PASSPORT+ACCT_NUM-DRLIC,5
+NAME+PHONE-GENDER-SSN-DRLIC-PASSPORT,5
+PNAME+DOB+DRLIC-SSN,5
+LIKELY_NAME+ADDRESS+PHONE+SSN+ACCT_NUM,5
+PNAME+DOB+PHONE+ACCT_NUM-GENERATION,5
+PNAME+DOB+PHONE+PASSPORT+ACCT_NUM-DRLIC,5
+NAME+DOB+PHONE+ACCT_NUM-GENERATION,5
+PNAME+DOB+PHONE+SSN+DRLIC+ACCT_NUM-GENERATION,5
+PNAME+DOB+PHONE+SSN+DRLIC+PASSPORT+ACCT_NUM-GENERATION,5
+PHONE+SSN-DOB,5
+LIKELY_NAME+ADDRESS-DOB-SSN,5
+LIKELY_NAME+ADDRESS-DOB-GENDER-SSN-PASSPORT,5
+PHONE+SSN+DRLIC+ACCT_NUM-GENERATION,5
+NAME+ADDRESS+PHONE+LOGIN_ID+ACCT_NUM (Ambiguous),5
-GENERATION-PASSPORT,5
+NAME+PHONE+PASSPORT+ACCT_NUM-GENERATION,5
+PNAME+DRLIC+PASSPORT+LOGIN_ID,5
+NAME+ADDRESS+PHONE+DRLIC+PASSPORT+ACCT_NUM-SSN,5
+DRLIC-GENDER-DRLIC-PASSPORT,5
+DRLIC-DOB-GENDER-DRLIC-PASSPORT,5
+NAME+PHONE+PASSPORT-SSN,5
+DOB+SSN+PASSPORT+LOGIN_ID+ACCT_NUM,5
+NAME+DOB+PASSPORT-DRLIC,5
+PNAME+PHONE+ACCT_NUM-SSN,5
+NAME+ADDRESS+PHONE+DRLIC+ACCT_NUM-DOB-SSN,5
+PNAME+PHONE+DRLIC+PASSPORT+ACCT_NUM,5
+DOB+PHONE+SSN+DRLIC-GENERATION,5
+NAME+ADDRESS+PHONE+ACCT_NUM-SSN-DRLIC-PASSPORT,5
+SURNAME+DOB+PHONE-SSN-PASSPORT,4
+ADDRESS+SSN+PASSPORT+ACCT_NUM-GENERATION,4
+PNAME+DOB+ADDRESS+ACCT_NUM-GENERATION,4
+PNAME+DOB+ADDRESS+SSN+ACCT_NUM-GENERATION,4
+SURNAME+DOB+PHONE+SSN+PASSPORT+ACCT_NUM (Ambiguous),4
+NAME+DOB+ADDRESS-GENERATION,4
+NAME+PHONE+DRLIC-SSN-PASSPORT,4
+DOB+PHONE+DRLIC-GENERATION,4
+ADDRESS+PHONE+SSN+DRLIC-DRLIC,4
+SURNAME-SSN-PASSPORT,4
+DOB+ADDRESS+PHONE+SSN+DRLIC+PASSPORT+LOGIN_ID+ACCT_NUM,4
+NAME+DRLIC-DOB-PASSPORT,4
+DOB+ADDRESS+PHONE+SSN+DRLIC+PASSPORT+LOGIN_ID,4
+NAME+ADDRESS+PHONE+SSN+LOGIN_ID+ACCT_NUM (Ambiguous),4
+NAME+PHONE+DRLIC+PASSPORT-GENERATION,4
+ADDRESS+SSN+PASSPORT+ACCT_NUM-DRLIC,4
+SURNAME+DOB+SSN-DRLIC,4
+SURNAME+SSN+DRLIC+LOGIN_ID,4
+PHONE+DRLIC+PASSPORT+LOGIN_ID,4
+PNAME+ADDRESS+PHONE+SSN+ACCT_NUM-DOB,4
+SURNAME+DOB+SSN+DRLIC+LOGIN_ID,4
+NAME+DOB+ADDRESS+PHONE+DRLIC-DRLIC,4
+SURNAME+ADDRESS+PHONE+SSN (Ambiguous),4
+NAME+DOB+ADDRESS+PHONE+DRLIC+ACCT_NUM-SSN-PASSPORT,4
+SSN+PASSPORT+LOGIN_ID+ACCT_NUM,4
+PNAME,4
+SURNAME+SSN+ACCT_NUM-DRLIC,4
+PHONE+DRLIC+PASSPORT+ACCT_NUM-GENERATION,4
+SURNAME+ADDRESS+SSN+PASSPORT+LOGIN_ID+ACCT_NUM,4
+SURNAME+DOB+ADDRESS+PHONE+ACCT_NUM-PASSPORT,4
+SURNAME+ADDRESS+ACCT_NUM-DRLIC,4
+NAME+ADDRESS+SSN+ACCT_NUM-GENERATION,4
+NAME+SSN+ACCT_NUM-PASSPORT,4
+ADDRESS+DRLIC-DOB-GENDER-SSN,4
+NAME+ADDRESS+PHONE+DRLIC+ACCT_NUM-DOB-SSN-PASSPORT,4
+NAME+DOB+PASSPORT+ACCT_NUM-DRLIC,4
+SURNAME+PHONE+PASSPORT-DRLIC,4
+PNAME+PHONE+SSN+DRLIC+ACCT_NUM-GENERATION,4
+PNAME+LOGIN_ID-DOB-GENDER-SSN-DRLIC,4
+SURNAME+DOB+ADDRESS+DRLIC-SSN,4
+NAME+DOB+ADDRESS+SSN+PASSPORT-GENERATION,4
+DOB+PHONE+ACCT_NUM-SSN-PASSPORT,4
+PNAME+ADDRESS+SSN-DOB,4
+ADDRESS+DRLIC-GENERATION,4
+SURNAME+PHONE-GENERATION-DOB-SSN-PASSPORT,4
+PHONE+DRLIC+ACCT_NUM-GENERATION,4
+ADDRESS+PHONE+DRLIC+PASSPORT-GENERATION,4
+PNAME+ADDRESS+ACCT_NUM-SSN,4
+SURNAME+PHONE-GENDER-DRLIC-PASSPORT,4
+DOB+ADDRESS+PHONE+DRLIC+PASSPORT-GENERATION,4
+PNAME+DOB+ADDRESS+PHONE+DRLIC-SSN-PASSPORT,4
+NAME+DRLIC+ACCT_NUM-SSN,4
+DOB+PHONE+ACCT_NUM-GENERATION,4
+DOB+ADDRESS+PHONE+DRLIC-PASSPORT,4
+NAME+DOB+PHONE+SSN+DRLIC+ACCT_NUM-GENERATION,4
+DOB+PHONE+SSN+PASSPORT+ACCT_NUM-DRLIC,4
+ADDRESS+PHONE+ACCT_NUM-DOB,4
+DOB+PHONE+SSN+PASSPORT-GENERATION,4
+SURNAME+PHONE+ACCT_NUM-SSN,4
+DOB+ADDRESS+PASSPORT-DRLIC,4
+NAME+PHONE+DRLIC+ACCT_NUM-SSN-PASSPORT,4
+DOB+ADDRESS+PHONE+ACCT_NUM-SSN-PASSPORT,4
+NAME+PHONE+DRLIC+ACCT_NUM-SSN,4
+NAME+ADDRESS+PASSPORT-SSN,4
+NAME+PHONE+DRLIC+ACCT_NUM-GENERATION,4
+PNAME+ADDRESS+PHONE-DOB-PASSPORT,4
+PNAME+ADDRESS+DRLIC+ACCT_NUM-GENERATION,4
+SURNAME+ADDRESS-GENERATION-DOB-GENDER-SSN-DRLIC-PASSPORT,4
+NAME+ADDRESS+SSN+DRLIC+PASSPORT+ACCT_NUM-GENERATION,4
+PHONE+ACCT_NUM-SSN-PASSPORT,4
+PHONE+SSN-PASSPORT,4
+SURNAME+ADDRESS-GENERATION-DOB-SSN-DRLIC-PASSPORT,4
+DOB+ADDRESS+PASSPORT+LOGIN_ID,4
+SURNAME+DOB+ADDRESS+DRLIC+PASSPORT+LOGIN_ID+ACCT_NUM,4
+DOB+ADDRESS+PASSPORT+LOGIN_ID+ACCT_NUM,4
+SURNAME+LOGIN_ID-DOB-SSN-DRLIC,4
+SURNAME+ADDRESS-GENERATION-GENDER-SSN,4
+SURNAME+LOGIN_ID-DOB-GENDER-SSN-DRLIC-PASSPORT,4
+NAME+DOB+SSN-GENERATION,4
+SURNAME+LOGIN_ID-DOB-GENDER-SSN-DRLIC,4
+DOB+PHONE-SSN-DRLIC-PASSPORT,4
+DOB+ADDRESS+DRLIC+PASSPORT+LOGIN_ID,4
+SURNAME+DOB+ADDRESS+SSN+PASSPORT+ACCT_NUM (Ambiguous),4
+LOGIN_ID-GENERATION-DOB-GENDER-DRLIC,4
+ADDRESS+SSN+DRLIC-GENERATION,4
+NAME+ADDRESS+PHONE+DRLIC+PASSPORT-SSN,4
+NAME+ADDRESS+DRLIC+ACCT_NUM-SSN-PASSPORT,4
+PNAME+PHONE+SSN+DRLIC-GENERATION,4
+PHONE+SSN+DRLIC+PASSPORT+LOGIN_ID+ACCT_NUM,4
+NAME+ADDRESS+SSN+PASSPORT-GENERATION,4
-GENERATION-SSN,4
+NAME+DOB+PHONE-SSN-DRLIC,4
-GENERATION-SSN-PASSPORT,4
+PNAME+DRLIC+ACCT_NUM-GENERATION,4
+ADDRESS+SSN+DRLIC-PASSPORT,4
+NAME+ADDRESS+DRLIC-PASSPORT,4
+NAME+DOB+PASSPORT-SSN,4
+DOB+LOGIN_ID-SSN-DRLIC,4
+DOB+LOGIN_ID-PASSPORT,4
+SURNAME+SSN-GENERATION,4
+PNAME+ADDRESS+SSN+DRLIC-PASSPORT,4
+PNAME+ADDRESS+PHONE+DRLIC-PASSPORT,4
+NAME+ADDRESS+PHONE-DOB-SSN,4
+SURNAME+DOB+ADDRESS-DRLIC,4
+ADDRESS+PHONE-SSN-DRLIC,4
+DOB+LOGIN_ID-GENDER-PASSPORT,4
+NAME+ADDRESS+PHONE+LOGIN_ID (Ambiguous),4
+PNAME+DOB+SSN+DRLIC+ACCT_NUM-GENERATION,4
+NAME+ADDRESS+PHONE+PASSPORT+ACCT_NUM-SSN,4
+PNAME+DOB+PHONE+SSN+PASSPORT-GENERATION,4
+NAME+ADDRESS+PHONE-DOB-SSN-PASSPORT,4
+DOB+SSN-GENERATION-PASSPORT,4
+PHONE+SSN+ACCT_NUM-PASSPORT,4
+NAME+PHONE+SSN+DRLIC+PASSPORT+ACCT_NUM-GENERATION,4
+PNAME+SSN+LOGIN_ID (Ambiguous),4
+NAME+ADDRESS+PHONE+DRLIC-DRLIC,4
+ADDRESS+PHONE+SSN (Ambiguous),4
+NAME+PHONE+SSN-DOB-PASSPORT,4
+NAME+ADDRESS-GENERATION-SSN,4
+SURNAME+ADDRESS+PHONE-GENERATION,4
+NAME+PHONE+SSN+DRLIC+PASSPORT-GENERATION,4
+NAME+ADDRESS+PHONE+SSN+ACCT_NUM,4
+PNAME+ADDRESS+SSN+LOGIN_ID (Ambiguous),4
+PASSPORT-GENERATION-DOB-SSN-DRLIC,4
+NAME+LOGIN_ID-SSN-PASSPORT,4
+PNAME+ADDRESS+SSN-PASSPORT,4
+DOB+SSN+PASSPORT+ACCT_NUM-DRLIC,4
+PNAME+DOB+PHONE+SSN+ACCT_NUM-DRLIC,4
+SURNAME+DOB+PHONE+DRLIC-SSN,4
+NAME+DOB+ADDRESS+SSN-PASSPORT,4
+SURNAME+DOB+ADDRESS+PASSPORT+LOGIN_ID,4
+PNAME+DOB+PHONE+PASSPORT-SSN,4
+PNAME+SSN+PASSPORT-DRLIC,4
+PNAME+PHONE+SSN+DRLIC+PASSPORT+ACCT_NUM-GENERATION,4
+PNAME+ADDRESS+SSN+PASSPORT+ACCT_NUM-GENERATION,4
+NAME+ACCT_NUM-DOB,4
+PNAME+PHONE+SSN+DRLIC+PASSPORT-GENERATION,4
+PNAME+DOB+PHONE+PASSPORT-DRLIC,4
+SURNAME+ADDRESS+PHONE+DRLIC-PASSPORT,4
+DOB+SSN+DRLIC+LOGIN_ID+ACCT_NUM,4
+PNAME+ADDRESS+PHONE+DRLIC+PASSPORT-GENERATION,4
+NAME+ADDRESS+PHONE-DRLIC-PASSPORT,4
+SURNAME+ADDRESS+PHONE+SSN+DRLIC+ACCT_NUM-GENERATION,4
+NAME+PHONE+PASSPORT-GENERATION,4
+DOB+DRLIC+LOGIN_ID,4
+PNAME+DOB+PHONE+DRLIC+PASSPORT,4
+LOGIN_ID-GENERATION-SSN-DRLIC-PASSPORT,4
+PNAME+DOB+PHONE+ACCT_NUM-SSN-PASSPORT,4
+LIKELY_NAME+PHONE-GENDER-SSN,4
+PNAME+ADDRESS+PHONE+DRLIC-DRLIC,4
+NAME+DOB+ADDRESS+ACCT_NUM-GENERATION,4
+PNAME+ADDRESS+PHONE+SSN+DRLIC+LOGIN_ID (Ambiguous),4
+PNAME+ADDRESS+PHONE+DRLIC-SSN-PASSPORT,4
+NAME+DOB+ADDRESS+PHONE+DRLIC-PASSPORT,4
+PNAME+PHONE+SSN+PASSPORT-GENERATION,4
+DRLIC-DOB-GENDER-DRLIC,4
+NAME+DRLIC-GENDER-PASSPORT,4
+PNAME+ADDRESS-GENERATION-PASSPORT,4
+SURNAME+DOB+PHONE+SSN+DRLIC+LOGIN_ID+ACCT_NUM,4
+NAME+ADDRESS+PHONE+ACCT_NUM-SSN-DRLIC,4
+NAME+DOB+ADDRESS+PHONE-GENDER-SSN-PASSPORT,4
+NAME+LOGIN_ID-PASSPORT,4
+SURNAME+ADDRESS+PHONE+ACCT_NUM-SSN-PASSPORT,4
+PNAME+DOB+DRLIC-DRLIC,4
+PNAME+ADDRESS-GENERATION-SSN-DRLIC,4
+NAME+DOB+ADDRESS+PHONE+LOGIN_ID (Ambiguous),4
+NAME+SSN-GENDER-DRLIC,4
+SSN+DRLIC-GENERATION,4
+SURNAME+DOB+PHONE+SSN+LOGIN_ID+ACCT_NUM,4
+SURNAME+DOB+ADDRESS+PHONE+PASSPORT+ACCT_NUM-DRLIC,3
+DOB+ADDRESS+ACCT_NUM-GENDER,3
+NAME+ADDRESS+ACCT_NUM-DOB-SSN,3
+SURNAME+ADDRESS+PHONE-SSN-PASSPORT,3
+SURNAME+ADDRESS+PHONE+SSN-GENERATION,3
+NAME+ACCT_NUM-SSN-DRLIC,3
+DOB+ADDRESS+DRLIC+ACCT_NUM-GENERATION,3
+ADDRESS+PHONE+SSN+PASSPORT-DOB,3
+DOB+SSN+DRLIC+PASSPORT+LOGIN_ID,3
+SURNAME+DOB+ADDRESS+PHONE+SSN+DRLIC+ACCT_NUM-GENERATION,3
+NAME+DOB+ADDRESS+PHONE+SSN+LOGIN_ID (Ambiguous),3
+SURNAME+ADDRESS+PHONE+SSN+DRLIC-PASSPORT,3
+SURNAME+ADDRESS+PHONE+SSN+DRLIC-GENERATION,3
+SURNAME+DOB+ADDRESS+PHONE+SSN+DRLIC+PASSPORT+ACCT_NUM-GENERATION,3
+SURNAME+ADDRESS+PHONE+SSN+DRLIC-DOB,3
+SURNAME+DOB+ADDRESS+PHONE+SSN+PASSPORT+LOGIN_ID,3
+NAME+DOB+ACCT_NUM-SSN-DRLIC,3
+SURNAME+DOB+ADDRESS-SSN,3
+ADDRESS+PHONE+SSN+DRLIC-PASSPORT,3
+PNAME+ADDRESS+SSN+ACCT_NUM-DOB,3
+SURNAME+DOB+ADDRESS+SSN+ACCT_NUM-PASSPORT,3
+DOB+ADDRESS+DRLIC-PASSPORT,3
+ADDRESS+PHONE+SSN+DRLIC-DOB-PASSPORT,3
+SURNAME+DOB+ADDRESS+SSN+DRLIC+ACCT_NUM (Ambiguous),3
+SURNAME+ADDRESS+PHONE+SSN+ACCT_NUM-PASSPORT,3
+SURNAME+DOB+ADDRESS+SSN+DRLIC+LOGIN_ID,3
+LOGIN_ID-GENERATION-GENDER-DRLIC-PASSPORT,3
+SURNAME+DOB+ADDRESS+SSN+DRLIC+PASSPORT+ACCT_NUM (Ambiguous),3
+SURNAME+DOB+ADDRESS+SSN+LOGIN_ID+ACCT_NUM,3
+NAME+ADDRESS+DRLIC+PASSPORT+ACCT_NUM-GENERATION,3
+NAME+DOB+PHONE+DRLIC-DRLIC,3
+SURNAME+DOB+ADDRESS+SSN+PASSPORT-DRLIC,3
+NAME+LOGIN_ID-DOB-GENDER-SSN,3
+PNAME+ADDRESS+SSN+DRLIC+LOGIN_ID (Ambiguous),3
+ADDRESS+PHONE+SSN+DRLIC+ACCT_NUM-DRLIC,3
+ADDRESS+PHONE+SSN+DRLIC+ACCT_NUM-DOB,3
+NAME+LOGIN_ID-DOB-GENDER-SSN-PASSPORT,3
+SURNAME+DOB+PHONE-DRLIC,3
+DOB+ADDRESS-GENERATION-GENDER-SSN-DRLIC-PASSPORT,3
+ADDRESS+PHONE+SSN+ACCT_NUM-PASSPORT,3
+PASSPORT-GENERATION-GENDER,3
+SURNAME+ADDRESS+PHONE+DRLIC-SSN-PASSPORT,3
+SURNAME+ADDRESS+PHONE+DRLIC-SSN,3
+LIKELY_NAME+PHONE+LOGIN_ID,3
+NAME+DOB+PASSPORT+ACCT_NUM-GENERATION,3
+SURNAME+DOB+PHONE+PASSPORT+LOGIN_ID+ACCT_NUM,3
+SURNAME+DOB+PHONE+PASSPORT-SSN,3
+SURNAME+DOB+PHONE-SSN,3
+NAME+PHONE+ACCT_NUM-DOB,3
+SURNAME+DOB+PHONE+SSN+ACCT_NUM-DRLIC,3
+DOB+PHONE-GENDER-PASSPORT,3
+ADDRESS+PHONE+PASSPORT-SSN,3
+SURNAME+ADDRESS+PHONE+DRLIC+ACCT_NUM-GENERATION,3
+DOB+SSN+DRLIC-GENERATION,3
+PNAME+DOB+ACCT_NUM-GENERATION,3
+NAME+DOB+ADDRESS-SSN-DRLIC,3
+PNAME+DOB+ACCT_NUM-SSN,3
+PNAME+DOB+ACCT_NUM-SSN-PASSPORT,3
+SURNAME+DOB+PHONE+SSN-GENERATION,3
+SURNAME+DOB+PHONE+SSN-PASSPORT,3
+SURNAME+DOB+PHONE+SSN+PASSPORT-DRLIC,3
+SURNAME+DOB+PHONE+SSN+PASSPORT+LOGIN_ID,3
+PNAME+ADDRESS+PHONE+DRLIC-DOB,3
+NAME+DOB+ADDRESS+SSN+DRLIC+ACCT_NUM-GENERATION,3
+SURNAME+DOB+SSN+DRLIC+LOGIN_ID+ACCT_NUM,3
+SURNAME+ADDRESS+PASSPORT+LOGIN_ID+ACCT_NUM,3
+LIKELY_NAME+PHONE-DOB-GENDER-SSN-PASSPORT,3
+PNAME+ADDRESS+PHONE+DRLIC+ACCT_NUM-SSN-DRLIC,3
+SURNAME+DOB+SSN+LOGIN_ID+ACCT_NUM,3
+PNAME+DOB+ADDRESS+DRLIC-GENERATION,3
+PNAME+DOB+ADDRESS+DRLIC+PASSPORT,3
+SURNAME+ADDRESS+PASSPORT+ACCT_NUM-DRLIC,3
+ADDRESS+PHONE+DRLIC-SSN-PASSPORT,3
+DOB+SSN+ACCT_NUM-GENERATION,3
+PNAME+DOB+ADDRESS+DRLIC-SSN,3
+DOB+ADDRESS+PASSPORT-GENERATION,3
+ADDRESS+PHONE+DRLIC+ACCT_NUM-SSN,3
+PNAME+DOB+ADDRESS+PASSPORT+ACCT_NUM-DRLIC,3
+SURNAME+LOGIN_ID+ACCT_NUM,3
+PNAME+DOB+ADDRESS+PASSPORT-DRLIC,3
+PNAME+DOB+ADDRESS+PASSPORT-GENERATION,3
+PHONE+ACCT_NUM-PASSPORT,3
+NAME+DOB+SSN+DRLIC-GENERATION,3
+DOB+PHONE+SSN+PASSPORT+LOGIN_ID+ACCT_NUM,3
+DOB+ADDRESS+PASSPORT-SSN,3
+NAME+DOB+PHONE+SSN+DRLIC+PASSPORT+ACCT_NUM-GENERATION,3
+ADDRESS+PHONE+ACCT_NUM-SSN-PASSPORT,3
+NAME+DOB+DRLIC+ACCT_NUM-SSN,3
+NAME+SSN+ACCT_NUM-DOB,3
+SURNAME+PHONE+ACCT_NUM-SSN-DRLIC,3
+DOB+PHONE+SSN+PASSPORT-DRLIC,3
+NAME+PHONE+DRLIC-DOB,3
+ADDRESS+PASSPORT-GENERATION,3
+DOB+PHONE+SSN+PASSPORT+ACCT_NUM-GENERATION,3
+SURNAME+ADDRESS+DRLIC+PASSPORT+LOGIN_ID,3
+ADDRESS+PASSPORT+ACCT_NUM-DRLIC,3
+NAME+ADDRESS+SSN-DOB-PASSPORT,3
+ADDRESS+DRLIC-SSN,3
+NAME+DOB+PHONE+DRLIC+ACCT_NUM-SSN-PASSPORT,3
+DOB+ADDRESS+PHONE+DRLIC+PASSPORT+ACCT_NUM-GENERATION,3
+ADDRESS+DRLIC+PASSPORT-GENERATION,3
+PNAME+DOB+ADDRESS+PHONE+LOGIN_ID (Ambiguous),3
+SURNAME+PHONE-GENERATION-DOB-SSN-DRLIC-PASSPORT,3
+NAME+DOB+PHONE+DRLIC+ACCT_NUM-GENERATION,3
+DOB+ADDRESS+PHONE+PASSPORT-DRLIC,3
+SURNAME+PHONE+PASSPORT+ACCT_NUM-DRLIC,3
+NAME+PHONE+SSN+ACCT_NUM-PASSPORT,3
+DOB+ADDRESS+PHONE+SSN+ACCT_NUM-PASSPORT,3
+NAME+DOB+SSN+DRLIC+ACCT_NUM-GENERATION,3
+DOB+ADDRESS+PHONE+SSN+DRLIC+ACCT_NUM-DRLIC,3
+SURNAME+PHONE+SSN+DRLIC+LOGIN_ID+ACCT_NUM,3
+ADDRESS+DRLIC+ACCT_NUM-SSN,3
+SURNAME+PHONE+SSN+DRLIC-PASSPORT,3
+LIKELY_NAME+DOB+ADDRESS+PHONE+SSN+DRLIC (Ambiguous),3
+NAME+DRLIC-DOB-GENDER-PASSPORT,3
+PNAME+PHONE+DRLIC-DRLIC,3
+ADDRESS+ACCT_NUM-SSN,3
+NAME+DOB+ADDRESS+PHONE+ACCT_NUM-PASSPORT,3
+SURNAME-SSN,3
+SURNAME+ACCT_NUM-DRLIC,3
+PNAME+DOB+ADDRESS+PHONE+SSN+DRLIC+LOGIN_ID+ACCT_NUM (Ambiguous),3
+ACCT_NUM-PASSPORT,3
+SSN+PASSPORT+ACCT_NUM-DRLIC,3
+NAME+ADDRESS+PHONE+SSN+LOGIN_ID (Ambiguous),3
+PNAME+ADDRESS+PASSPORT-SSN,3
+DOB+ADDRESS+PHONE+SSN+DRLIC-PASSPORT,3
+NAME+DOB+PHONE+DRLIC-SSN-DRLIC,3
+PNAME+DOB+ADDRESS+PHONE+SSN+DRLIC+PASSPORT+LOGIN_ID+ACCT_NUM (Ambiguous),3
+DOB+ADDRESS+SSN+DRLIC+PASSPORT+ACCT_NUM-GENERATION,3
+NAME+ADDRESS-GENERATION-DOB-SSN-DRLIC-PASSPORT,3
+NAME+ADDRESS+PHONE+SSN+DRLIC-PASSPORT,3
+DOB+ADDRESS+SSN+DRLIC+PASSPORT+LOGIN_ID,3
+PNAME+DOB+ADDRESS-SSN-DRLIC,3
+DOB+ADDRESS+SSN+DRLIC+PASSPORT+LOGIN_ID+ACCT_NUM,3
+NAME+DOB+ADDRESS+PHONE+PASSPORT+ACCT_NUM-SSN,3
+NAME+PHONE+SSN+LOGIN_ID+ACCT_NUM (Ambiguous),3
+NAME+PHONE-GENDER-DRLIC-PASSPORT,3
+PNAME+PHONE+PASSPORT+ACCT_NUM-GENERATION,3
+LIKELY_NAME+ADDRESS+PHONE+SSN+PASSPORT (Ambiguous),3
+PNAME+DOB+ADDRESS+SSN+PASSPORT-GENERATION,3
+NAME+ADDRESS+PHONE+SSN+DRLIC-DOB,3
+NAME+DRLIC-DRLIC-PASSPORT,3
+PNAME+PHONE+PASSPORT+ACCT_NUM-DRLIC,3
+PHONE-GENERATION-DRLIC,3
+PHONE-GENERATION-DRLIC-PASSPORT,3
+DOB+ADDRESS+SSN+PASSPORT+ACCT_NUM (Ambiguous),3
+DOB+ADDRESS+SSN+PASSPORT+ACCT_NUM-DRLIC,3
+PNAME+PHONE-GENERATION-DOB-GENDER-SSN-DRLIC-PASSPORT,3
+PNAME+ADDRESS-GENERATION-GENDER-SSN-PASSPORT,3
+LIKELY_NAME+ADDRESS+PHONE+PASSPORT (Ambiguous),3
+PNAME+DOB+PHONE+DRLIC+ACCT_NUM-GENERATION,3
+NAME+DRLIC-GENDER-SSN-PASSPORT,3
+NAME+DRLIC-GENERATION,3
+NAME+DOB+PHONE+SSN-PASSPORT,3
+PNAME+ADDRESS-GENERATION-GENDER-SSN,3
+PNAME+DOB+PHONE+DRLIC+PASSPORT-GENERATION,3
+NAME+ADDRESS+PHONE+SSN+ACCT_NUM-DOB-PASSPORT,3
+PNAME+DOB+PHONE+LOGIN_ID (Ambiguous),3
+PHONE+PASSPORT+ACCT_NUM-GENERATION,3
+NAME+PHONE-GENERATION-DOB-SSN-DRLIC-PASSPORT,3
+PNAME+SSN+PASSPORT-GENERATION,3
+DOB+PHONE+SSN+DRLIC+PASSPORT+ACCT_NUM-GENERATION,3
+PHONE+PASSPORT-DRLIC,3
+PNAME+SSN+PASSPORT+ACCT_NUM-DRLIC,3
+LIKELY_NAME+ADDRESS+PHONE+ACCT_NUM,3
+PHONE+SSN+ACCT_NUM-DOB,3
+PNAME+DOB+PHONE-SSN-DRLIC-PASSPORT,3
+NAME+DOB+PHONE+SSN+PASSPORT+ACCT_NUM-GENERATION,3
+PNAME+PHONE+DRLIC+PASSPORT-GENERATION,3
+PNAME+DOB+PHONE+SSN+DRLIC+PASSPORT-GENERATION,3
+PNAME+SSN-GENERATION-DOB-DRLIC-PASSPORT,3
+PNAME+DOB+PHONE+SSN-PASSPORT,3
+LIKELY_NAME+ADDRESS-GENDER-SSN,3
+NAME+ADDRESS+PASSPORT+ACCT_NUM-GENERATION,3
+NAME+PHONE-GENERATION-SSN-PASSPORT,3
+DOB+LOGIN_ID-DRLIC,3
+PHONE+SSN-DOB-PASSPORT,3
+PNAME+DOB+SSN+ACCT_NUM-GENERATION,3
+PNAME+DOB+SSN+DRLIC+PASSPORT,3
+NAME+PHONE+LOGIN_ID (Ambiguous),3
+PNAME+ADDRESS+DRLIC+ACCT_NUM-SSN,3
+PNAME+SSN+DRLIC-GENERATION,3
-GENERATION-GENDER-SSN-PASSPORT,3
+NAME+DOB+ADDRESS+SSN+DRLIC+PASSPORT+ACCT_NUM-GENERATION,3
+PHONE+SSN+DRLIC+PASSPORT+ACCT_NUM-GENERATION,3
-GENERATION-DOB-SSN,3
+NAME+PHONE+SSN+DRLIC-PASSPORT,3
-GENERATION-DOB-GENDER-SSN,3
+NAME+ADDRESS+PASSPORT+ACCT_NUM-SSN,3
+DOB+PASSPORT+LOGIN_ID,3
+NAME+ADDRESS+PHONE+DRLIC+PASSPORT-DRLIC,3
+PHONE+SSN+PASSPORT+ACCT_NUM-DRLIC,3
+DOB+PHONE-DRLIC,3
+PHONE+SSN+PASSPORT-GENERATION,3
+NAME+ADDRESS+PHONE+ACCT_NUM-DOB-PASSPORT,3
+NAME+DOB+ADDRESS-SSN-DRLIC-PASSPORT,3
+DRLIC-DRLIC-PASSPORT,3
+PNAME+LOGIN_ID-GENERATION-DOB-SSN-PASSPORT,3
+DOB+SSN+PASSPORT+ACCT_NUM-GENERATION,3
+PNAME-PASSPORT,3
+PNAME+PASSPORT+ACCT_NUM-DRLIC,3
+NAME+ADDRESS+PHONE+DRLIC+LOGIN_ID (Ambiguous),3
+PNAME+ACCT_NUM-SSN-PASSPORT,3
+PNAME+PASSPORT-DRLIC,3
+DOB+SSN-GENERATION-GENDER-PASSPORT,3
+ADDRESS+SSN+DRLIC+PASSPORT-GENERATION,3
+NAME+SSN+PASSPORT+ACCT_NUM-DRLIC,3
+NAME+ADDRESS+DRLIC+ACCT_NUM-GENERATION,3
+PNAME+ADDRESS+PHONE-SSN-DRLIC,3
+NAME+DOB+ADDRESS+ACCT_NUM-SSN,3
+SURNAME+DOB+ADDRESS+PASSPORT+LOGIN_ID+ACCT_NUM,3
+PNAME+ADDRESS+PHONE+PASSPORT-SSN,3
+PNAME+ADDRESS+PHONE-SSN-DRLIC-PASSPORT,3
+NAME+DOB+DRLIC-PASSPORT,3
+NAME+ADDRESS+PHONE+DRLIC-DOB-SSN-PASSPORT,3
+ADDRESS+SSN+PASSPORT-DRLIC,3
+NAME+ADDRESS+DRLIC-DRLIC,3
+SURNAME+ADDRESS+SSN+ACCT_NUM-DRLIC,3
+SURNAME+DOB+ADDRESS+PHONE+DRLIC-SSN,3
+SURNAME+DOB+ADDRESS+PHONE+DRLIC-SSN-PASSPORT,3
+SURNAME+DOB+ADDRESS+PHONE-GENERATION,3
+PNAME+ADDRESS+PHONE+SSN-GENDER,3
+ADDRESS+SSN+ACCT_NUM-PASSPORT,3
+SURNAME+DOB+ADDRESS+PHONE+DRLIC+ACCT_NUM-GENERATION,2
+SURNAME-DOB-SSN-PASSPORT,2
+LIKELY_NAME+DOB+ADDRESS+PHONE+SSN+ACCT_NUM (Ambiguous),2
+LIKELY_NAME+DOB+ADDRESS+PHONE+SSN+ACCT_NUM,2
+PNAME+ADDRESS+PHONE+ACCT_NUM-DOB-PASSPORT,2
+SURNAME+DOB+ADDRESS+SSN+ACCT_NUM-DRLIC,2
+PNAME+ADDRESS+PHONE+ACCT_NUM-DOB,2
+DOB+ADDRESS+DRLIC-GENERATION,2
+ADDRESS+ACCT_NUM-PASSPORT,2
+LIKELY_NAME+DOB+ADDRESS+PHONE+SSN,2
+DOB+SSN+DRLIC+ACCT_NUM-GENERATION,2
+PNAME+DOB+ADDRESS+DRLIC+ACCT_NUM-GENERATION,2
+NAME+ADDRESS+PHONE+ACCT_NUM-DOB-SSN-DRLIC-PASSPORT,2
+PNAME+ADDRESS+PHONE+DRLIC+PASSPORT-DRLIC,2
+PNAME+DOB+ADDRESS+PHONE+SSN+DRLIC+LOGIN_ID (Ambiguous),2
+PNAME+PHONE+DRLIC-DRLIC-PASSPORT,2
+NAME+ADDRESS-GENERATION-DOB-GENDER-SSN-PASSPORT,2
+PNAME+DOB+ADDRESS+PHONE-SSN-DRLIC-PASSPORT,2
+SURNAME+DOB+SSN+DRLIC+PASSPORT+LOGIN_ID,2
+PNAME+ADDRESS+ACCT_NUM-SSN-PASSPORT,2
+SSN+PASSPORT-GENERATION,2
+PNAME+DOB+ADDRESS+PHONE+SSN+DRLIC+PASSPORT,2
+LIKELY_NAME+PHONE-DOB-SSN,2
+DOB+ADDRESS+PASSPORT+ACCT_NUM-GENERATION,2
+PHONE+DRLIC+PASSPORT+LOGIN_ID+ACCT_NUM,2
+ADDRESS+PHONE+PASSPORT+ACCT_NUM-SSN,2
+SURNAME+SSN+DRLIC+LOGIN_ID+ACCT_NUM,2
+DOB+PHONE+DRLIC+PASSPORT-GENERATION,2
+ACCT_NUM-GENDER-DRLIC,2
+SURNAME+DOB+SSN+ACCT_NUM-PASSPORT,2
+PNAME+PHONE+SSN+LOGIN_ID (Ambiguous),2
+PNAME+DOB+ADDRESS+ACCT_NUM-SSN-DRLIC,2
+DRLIC+ACCT_NUM-GENERATION,2
+PNAME+PHONE-GENERATION-GENDER-SSN,2
+NAME+DOB+PHONE+DRLIC+PASSPORT-GENERATION,2
+NAME+DOB+PHONE+DRLIC+PASSPORT-SSN,2
+DOB+ADDRESS+PHONE+SSN+DRLIC+PASSPORT-DRLIC,2
+PNAME+LOGIN_ID-GENDER-SSN-DRLIC-PASSPORT,2
+ADDRESS+PHONE+PASSPORT+ACCT_NUM-SSN-DRLIC,2
+NAME+ADDRESS+PHONE+ACCT_NUM-DRLIC-PASSPORT,2
+NAME+DOB+PHONE-GENDER-SSN,2
+NAME+DOB+ADDRESS+PHONE+DRLIC+LOGIN_ID (Ambiguous),2
+SURNAME-DOB-SSN,2
+NAME+LOGIN_ID-DOB-SSN-PASSPORT,2
+PNAME+DOB+ADDRESS+PHONE+SSN+LOGIN_ID+ACCT_NUM (Ambiguous),2
+PNAME+DOB+ADDRESS+PHONE+SSN+LOGIN_ID (Ambiguous),2
+DOB+ADDRESS+SSN+ACCT_NUM-PASSPORT,2
+DOB+ADDRESS+SSN-DRLIC-PASSPORT,2
+NAME+DOB+PHONE+PASSPORT+ACCT_NUM-DRLIC,2
+NAME+DOB+ADDRESS+SSN+PASSPORT+ACCT_NUM-GENERATION,2
+NAME+DOB+PHONE+DRLIC+LOGIN_ID (Ambiguous),2
+NAME+DOB+ADDRESS+PHONE+ACCT_NUM-SSN (Ambiguous),2
+NAME+DOB+PHONE+PASSPORT-GENERATION,2
+SURNAME+ADDRESS+PHONE+SSN+DRLIC+ACCT_NUM-PASSPORT,2
+NAME+DOB+PHONE+PASSPORT-SSN,2
+NAME+PHONE-DOB-GENDER-DRLIC-PASSPORT,2
+SURNAME+DOB+PHONE+SSN+PASSPORT+LOGIN_ID+ACCT_NUM,2
+NAME+DRLIC-DRLIC,2
+SSN+DRLIC+PASSPORT+LOGIN_ID+ACCT_NUM,2
+ADDRESS+PHONE+SSN+DRLIC+PASSPORT+ACCT_NUM-DRLIC,2
+NAME+ADDRESS+PHONE+SSN-DRLIC-PASSPORT,2
+PNAME+DOB+ADDRESS+PHONE+SSN+PASSPORT+LOGIN_ID+ACCT_NUM (Ambiguous),2
+PNAME+DOB+ADDRESS+PHONE+SSN+PASSPORT+LOGIN_ID (Ambiguous),2
+SSN+DRLIC+PASSPORT-GENERATION,2
+NAME+ADDRESS-GENERATION-GENDER-SSN,2
+DOB+SSN+DRLIC (Ambiguous),2
+ACCT_NUM-DOB-GENDER-SSN,2
+ADDRESS+PHONE+PASSPORT-DOB,2
+NAME+ADDRESS+PHONE+SSN+DRLIC+LOGIN_ID (Ambiguous),2
+SURNAME+DOB+ADDRESS+PHONE+SSN-PASSPORT,2
+SSN+DRLIC-PASSPORT,2
+PNAME+PHONE-GENERATION-DOB-SSN,2
+PHONE-GENERATION-DOB-GENDER-DRLIC,2
+DOB+SSN+PASSPORT-DRLIC,2
+PNAME+PHONE+DRLIC+LOGIN_ID (Ambiguous),2
+PNAME+ADDRESS+LOGIN_ID (Ambiguous),2
+PNAME+ADDRESS+LOGIN_ID+ACCT_NUM (Ambiguous),2
+PNAME+DOB+ADDRESS-SSN-DRLIC-PASSPORT,2
+SURNAME+DOB+ADDRESS+PHONE+PASSPORT+ACCT_NUM-SSN,2
+PNAME+DOB+ADDRESS+SSN+DRLIC+PASSPORT+ACCT_NUM-GENERATION,2
+SURNAME+ADDRESS+PHONE+ACCT_NUM-DOB-SSN-PASSPORT,2
+NAME+ADDRESS+PHONE+SSN+DRLIC-DOB-PASSPORT,2
+NAME+SSN-GENDER-DRLIC-PASSPORT,2
+PNAME+ADDRESS+PHONE+SSN+PASSPORT+LOGIN_ID (Ambiguous),2
+SURNAME+ADDRESS+PHONE+ACCT_NUM-GENERATION,2
+PNAME+DOB+ADDRESS+SSN+PASSPORT,2
+PNAME+ADDRESS-GENERATION-SSN-DRLIC-PASSPORT,2
+ADDRESS+PHONE+SSN-GENDER,2
+SSN+DRLIC-DOB,2
+PNAME+ACCT_NUM-PASSPORT,2
+SURNAME+DOB+PHONE+SSN+DRLIC+PASSPORT (Ambiguous),2
+PNAME+ADDRESS+PHONE+SSN-DRLIC-PASSPORT,2
+PASSPORT+ACCT_NUM-GENERATION,2
+PNAME+ACCT_NUM-SSN-DRLIC,2
+LIKELY_NAME+ADDRESS+PHONE+SSN+PASSPORT+ACCT_NUM,2
+NAME+ADDRESS-GENERATION-PASSPORT,2
+PNAME+DOB+DRLIC+ACCT_NUM-GENERATION,2
+LIKELY_NAME+ADDRESS+PHONE+SSN+DRLIC (Ambiguous),2
+SURNAME+ADDRESS+PHONE+ACCT_NUM-SSN,2
+SURNAME+ADDRESS+PHONE-DOB-SSN,2
+PNAME+DOB+DRLIC-PASSPORT,2
+PNAME+ADDRESS+PHONE+SSN+DRLIC+PASSPORT+LOGIN_ID (Ambiguous),2
+DOB+PHONE-GENDER-DRLIC,2
+LIKELY_NAME+ADDRESS+PHONE+SSN+DRLIC,2
+DOB+PHONE+SSN+DRLIC+PASSPORT-GENERATION,2
+NAME+ADDRESS+PHONE+DRLIC+LOGIN_ID+ACCT_NUM (Ambiguous),2
+ACCT_NUM-DOB-SSN-DRLIC,2
+PNAME-DOB-GENDER-SSN-PASSPORT,2
+PHONE-GENERATION-GENDER-DRLIC,2
+PHONE-GENERATION-GENDER-DRLIC-PASSPORT,2
+PNAME-DOB-PASSPORT,2
+DOB+ADDRESS+SSN-PASSPORT,2
+ADDRESS+SSN+PASSPORT-DOB,2
+SURNAME+SSN-GENERATION-DOB-GENDER-DRLIC-PASSPORT,2
+PNAME+DOB+PASSPORT+ACCT_NUM-GENERATION,2
+SURNAME+DOB+ADDRESS+PHONE+SSN-GENERATION,2
+DOB+ADDRESS+SSN+PASSPORT-GENERATION,2
+DOB+ADDRESS+SSN+PASSPORT+LOGIN_ID+ACCT_NUM,2
+NAME+DOB+ADDRESS-GENDER-SSN-PASSPORT,2
+DOB+ADDRESS+PASSPORT+ACCT_NUM-DRLIC,2
+DOB+PHONE+PASSPORT-SSN,2
+PNAME+DOB+PHONE+ACCT_NUM-PASSPORT,2
+PNAME+PHONE+SSN+DRLIC+LOGIN_ID+ACCT_NUM (Ambiguous),2
+SURNAME+ADDRESS+PHONE+DRLIC+ACCT_NUM-SSN,2
+PNAME+ADDRESS+PHONE+SSN+PASSPORT+LOGIN_ID+ACCT_NUM (Ambiguous),2
+NAME+ADDRESS+PHONE+SSN-DOB-DRLIC,2
+NAME+PHONE-GENERATION-DOB-GENDER-PASSPORT,2
+SSN (Ambiguous),2
+NAME+ADDRESS+ACCT_NUM-SSN-DRLIC,2
+PNAME+DOB+PHONE+DRLIC+ACCT_NUM-SSN,2
+NAME+DOB+ADDRESS+PHONE+ACCT_NUM-SSN-DRLIC,2
+SSN+ACCT_NUM-DOB,2
+PNAME+DOB+PHONE+DRLIC-GENERATION,2
+SURNAME+ADDRESS+SSN+DRLIC-DOB,2
+SURNAME+ADDRESS+PHONE+DRLIC+ACCT_NUM-SSN-PASSPORT,2
+ADDRESS+SSN-DOB-DRLIC,2
+NAME+SSN+PASSPORT+ACCT_NUM-GENERATION,2
+SURNAME+DOB+ADDRESS+ACCT_NUM-SSN,2
+PNAME+ADDRESS+PHONE+SSN+ACCT_NUM-PASSPORT,2
+NAME+DOB+PHONE+DRLIC+ACCT_NUM-SSN,2
+PNAME+DOB+PHONE+DRLIC-SSN-PASSPORT,2
+PNAME+ADDRESS+PHONE+DRLIC+PASSPORT+LOGIN_ID (Ambiguous),2
+NAME+ADDRESS+PHONE+SSN+ACCT_NUM-DOB-DRLIC-PASSPORT,2
+PHONE+PASSPORT+ACCT_NUM-DRLIC,2
+DOB+DRLIC-GENERATION-SSN-PASSPORT,2
+ADDRESS+SSN+DRLIC+PASSPORT+ACCT_NUM-GENERATION,2
+SURNAME+DOB+ADDRESS+PHONE+SSN+DRLIC+PASSPORT+ACCT_NUM-DRLIC,2
+PASSPORT-GENERATION-GENDER-SSN,2
+PNAME+ADDRESS-GENERATION-GENDER-PASSPORT,2
+ADDRESS+SSN-DOB,2
+PNAME+PHONE+DRLIC+PASSPORT+ACCT_NUM-GENERATION,2
+PNAME+DOB+PHONE+PASSPORT+ACCT_NUM-GENERATION,2
+ADDRESS+PHONE+SSN-GENDER-PASSPORT,2
+SURNAME+DOB+ACCT_NUM-SSN,2
+NAME+DOB+ADDRESS+PHONE+SSN+PASSPORT+LOGIN_ID (Ambiguous),2
+NAME+DOB+ADDRESS+PHONE+SSN+DRLIC+PASSPORT-DRLIC,2
+PNAME+DOB+PHONE+PASSPORT-GENERATION,2
+PNAME+ADDRESS+PHONE+DRLIC+LOGIN_ID+ACCT_NUM (Ambiguous),2
+SURNAME+DOB+PHONE-GENDER-SSN-PASSPORT,2
+LIKELY_NAME+PHONE+LOGIN_ID+ACCT_NUM,2
+ADDRESS+SSN-DRLIC-PASSPORT,2
+DOB+ADDRESS+DRLIC+ACCT_NUM-PASSPORT,2
+SURNAME+DOB+PHONE+DRLIC+PASSPORT+LOGIN_ID,2
+PNAME+ADDRESS-GENERATION-GENDER,2
+NAME+PHONE-GENERATION-PASSPORT,2
+PNAME+PHONE+ACCT_NUM-SSN-PASSPORT,2
+NAME+PHONE-GENERATION-SSN,2
+SURNAME+DOB+PHONE+DRLIC+ACCT_NUM-SSN-PASSPORT,2
+LIKELY_NAME+ADDRESS-PASSPORT,2
+NAME+ADDRESS+PHONE+DRLIC+ACCT_NUM-DOB,2
+SURNAME+DOB+PHONE+DRLIC+ACCT_NUM-SSN,2
+NAME+ACCT_NUM-DOB-PASSPORT,2
+SURNAME+DOB+PHONE+ACCT_NUM-SSN-PASSPORT,2
+NAME+DOB+ADDRESS+DRLIC+PASSPORT+ACCT_NUM-GENERATION,2
+PHONE+SSN+ACCT_NUM-DOB-PASSPORT,2
+SURNAME+DOB+ADDRESS+PHONE+SSN+DRLIC-GENERATION,2
+LIKELY_NAME+ADDRESS+LOGIN_ID,2
+SURNAME+DOB+ADDRESS-GENDER-DRLIC,2
+LIKELY_NAME+ADDRESS-GENDER-SSN-PASSPORT,2
+SURNAME+DOB+ADDRESS-GENDER-SSN-PASSPORT,2
+PNAME+SSN-GENERATION-GENDER,2
+PNAME+SSN-GENERATION-DOB-GENDER,2
+PNAME+DOB+PHONE+SSN+LOGIN_ID (Ambiguous),2
+PNAME+ADDRESS+PHONE+SSN-DOB-PASSPORT,2
+PNAME+ADDRESS+PHONE+SSN+PASSPORT-DOB,2
+DOB+ADDRESS-GENERATION-GENDER-PASSPORT,2
+PNAME+ADDRESS+PHONE+SSN+ACCT_NUM-DOB-DRLIC,2
+PASSPORT-GENERATION-DOB-GENDER,2
+PNAME+DOB+PHONE+SSN+PASSPORT+ACCT_NUM-GENERATION,2
+SURNAME+ADDRESS+PHONE-PASSPORT,2
+SURNAME+DOB+ADDRESS+PHONE+DRLIC+PASSPORT+ACCT_NUM-GENERATION,2
+DOB+ADDRESS+DRLIC-SSN-PASSPORT,2
+SURNAME+DOB+ADDRESS+PHONE+SSN+DRLIC+ACCT_NUM-PASSPORT,2
+NAME+SSN+PASSPORT-GENERATION,2
+NAME+DOB+ADDRESS+SSN+LOGIN_ID+ACCT_NUM (Ambiguous),2
+SURNAME+DOB+ADDRESS+PHONE-PASSPORT,2
+SURNAME+DOB+ADDRESS+PHONE+SSN+ACCT_NUM-PASSPORT,2
+LIKELY_NAME+ADDRESS-DOB-SSN-PASSPORT,2
+NAME+ADDRESS+PHONE+PASSPORT+ACCT_NUM-SSN-DRLIC,2
+PNAME+DOB+SSN-DRLIC,2
+PNAME+ADDRESS+PHONE-DRLIC-PASSPORT,2
+NAME+PHONE+LOGIN_ID+ACCT_NUM (Ambiguous),2
+PNAME+ADDRESS+SSN+DRLIC+PASSPORT+ACCT_NUM-GENERATION,2
+PNAME+ADDRESS+DRLIC+ACCT_NUM-SSN-DRLIC,2
+SURNAME+DOB+PASSPORT+LOGIN_ID,2
+LIKELY_NAME+SSN+LOGIN_ID,2
+PNAME+ADDRESS+PHONE+SSN+DRLIC+ACCT_NUM-DRLIC,2
+NAME+ADDRESS+PHONE-DOB-SSN-DRLIC,2
+NAME+DOB+ADDRESS+DRLIC+ACCT_NUM-SSN-PASSPORT,2
+NAME+DOB+ADDRESS+PHONE-GENDER-PASSPORT,2
+PNAME+ADDRESS+SSN+DRLIC+PASSPORT,2
+NAME+DOB+ADDRESS+PHONE+SSN+DRLIC+PASSPORT+LOGIN_ID (Ambiguous),2
+NAME+DOB+ADDRESS+PHONE+DRLIC-SSN-DRLIC-PASSPORT,2
+SURNAME-DOB-GENDER,2
+LIKELY_NAME+SSN+LOGIN_ID+ACCT_NUM,2
+PNAME+DOB+SSN+PASSPORT,2
+LIKELY_NAME+ADDRESS-DOB-GENDER-SSN,2
+PHONE+SSN+DRLIC-DOB,2
+PNAME+PHONE-GENERATION-GENDER,2
+PHONE+SSN+DRLIC-GENDER,2
+PNAME+SSN+DRLIC+LOGIN_ID (Ambiguous),2
+NAME+DOB+ADDRESS+PHONE+DRLIC-SSN (Ambiguous),2
+PNAME+ADDRESS+PHONE-GENDER,2
+PNAME+DRLIC+ACCT_NUM-DRLIC,2
+SURNAME+DOB+DRLIC+LOGIN_ID+ACCT_NUM,2
+NAME+DOB+ADDRESS+SSN+DRLIC+PASSPORT-GENERATION,2
+SURNAME+DOB+ADDRESS+PHONE+DRLIC+PASSPORT+ACCT_NUM-SSN,2
+PNAME+DRLIC+ACCT_NUM-SSN,2
+PHONE+SSN+DRLIC-PASSPORT,2
+NAME+DOB+ADDRESS+DRLIC-SSN-DRLIC,2
+DOB+ADDRESS+DRLIC+PASSPORT+LOGIN_ID+ACCT_NUM,2
+DOB+PHONE+SSN+DRLIC-PASSPORT,2
+ADDRESS+SSN+DRLIC-DOB,2
+PNAME+ADDRESS+PHONE+SSN+ACCT_NUM,2
-GENERATION-GENDER-PASSPORT,2
+PNAME+PHONE-GENERATION-SSN-DRLIC,2
-GENERATION-GENDER,2
+SURNAME+ADDRESS+PHONE+SSN+DRLIC+PASSPORT-GENERATION,2
-GENERATION-DOB-SSN-PASSPORT,2
+PHONE+SSN+DRLIC+PASSPORT-GENERATION,2
+PNAME+ADDRESS+PHONE+SSN+DRLIC-DOB,2
-GENERATION-DOB-GENDER-SSN-PASSPORT,2
+PNAME+DRLIC-GENERATION,2
+PNAME+DRLIC-GENERATION-DOB-GENDER-SSN-PASSPORT,2
+PNAME+DRLIC-GENERATION-DOB-PASSPORT,2
+PNAME+DRLIC-GENERATION-DOB-SSN,2
+PNAME+SSN+DRLIC+ACCT_NUM-GENERATION,2
+PNAME+ADDRESS-GENERATION-DOB-DRLIC,2
+SURNAME+LOGIN_ID-DOB-GENDER-PASSPORT,2
+SURNAME+LOGIN_ID-DOB-GENDER-DRLIC,2
+DOB+SSN+ACCT_NUM-DRLIC,2
+SURNAME+ADDRESS-GENERATION-GENDER-SSN-PASSPORT,2
+SURNAME+ADDRESS-GENERATION-SSN-DRLIC,2
+SURNAME+LOGIN_ID-DOB-DRLIC,2
+DOB+PHONE-GENDER-SSN-DRLIC-PASSPORT,2
+SURNAME+DOB+ADDRESS+SSN+PASSPORT+LOGIN_ID,2
+SURNAME+ADDRESS-GENERATION-GENDER-PASSPORT,2
+SURNAME+LOGIN_ID-DRLIC-PASSPORT,2
+DOB+PASSPORT+ACCT_NUM-GENERATION,2
+PNAME+DRLIC-GENERATION-SSN-PASSPORT,2
+SURNAME+LOGIN_ID-GENDER-DRLIC-PASSPORT,2
+LIKELY_NAME+DRLIC-GENDER,2
+ADDRESS+PHONE-DOB-PASSPORT,2
+PHONE+ACCT_NUM-GENDER,2
+SURNAME+LOGIN_ID-GENDER-SSN-DRLIC-PASSPORT,2
+ADDRESS+PHONE-DOB-GENDER-SSN-PASSPORT,2
-GENERATION-DOB-GENDER-SSN-DRLIC-PASSPORT,2
+SURNAME-GENDER-SSN,2
+NAME+ADDRESS+DRLIC-SSN-DRLIC,2
+ADDRESS+PHONE-DOB-GENDER-SSN,2
+ADDRESS+PHONE+DRLIC+ACCT_NUM-PASSPORT,2
+NAME+DOB+ADDRESS+ACCT_NUM-DRLIC-PASSPORT,2
+SURNAME+ADDRESS-GENERATION-DOB-GENDER-SSN-DRLIC,2
+SURNAME+DRLIC+PASSPORT+LOGIN_ID,2
+DOB+ADDRESS+ACCT_NUM-SSN-PASSPORT,2
+PNAME+DOB+ADDRESS+PHONE+ACCT_NUM-PASSPORT,2
+PNAME+ADDRESS+PHONE-DOB-GENDER-SSN,2
+SURNAME+PASSPORT-DOB-SSN,2
+SURNAME+PASSPORT-DRLIC,2
+DOB+ADDRESS+PHONE+ACCT_NUM-PASSPORT,2
+SURNAME+PASSPORT+LOGIN_ID+ACCT_NUM,2
+PNAME+DOB+ADDRESS-PASSPORT,2
+DOB+PHONE-GENERATION-GENDER-SSN-PASSPORT,2
+PNAME+DOB+ADDRESS-GENERATION,2
+NAME+PHONE+PASSPORT+ACCT_NUM-SSN-DRLIC,2
+SURNAME+PHONE+ACCT_NUM-DRLIC,2
+SURNAME+DOB+ADDRESS+SSN+PASSPORT (Ambiguous),2
+NAME+DOB+ADDRESS+PHONE+SSN-DRLIC (Ambiguous),2
+SURNAME+PHONE+ACCT_NUM-PASSPORT,2
+PNAME+DOB+ADDRESS-GENDER,2
+NAME+DOB+ADDRESS+DRLIC-GENERATION,2
+PHONE+ACCT_NUM-DOB-PASSPORT,2
+PNAME+DRLIC+PASSPORT-GENERATION,2
+ADDRESS+PHONE+ACCT_NUM-DOB-SSN,2
+DOB+ADDRESS+PHONE+DRLIC+ACCT_NUM-PASSPORT,2
+NAME+DOB+ADDRESS+PASSPORT-SSN,2
+PNAME+DOB+ADDRESS+PHONE+DRLIC+ACCT_NUM-SSN,2
+SURNAME+ADDRESS+DRLIC-SSN,2
+ADDRESS+PHONE+ACCT_NUM-DOB-GENDER,2
+SURNAME+DRLIC-GENERATION-DOB-SSN-PASSPORT,2
+NAME+DOB+DRLIC+ACCT_NUM-GENERATION,2
+PNAME+ADDRESS+DRLIC+LOGIN_ID+ACCT_NUM (Ambiguous),2
+NAME+SSN+ACCT_NUM,2
+SURNAME+DOB+ADDRESS+PHONE+ACCT_NUM-SSN-DRLIC,2
+SURNAME+ADDRESS+SSN-PASSPORT,2
+SURNAME+ADDRESS+PHONE+SSN+ACCT_NUM-DOB,2
+ADDRESS+PASSPORT+ACCT_NUM-SSN,2
+PNAME+DOB+ADDRESS+PHONE-DRLIC-PASSPORT,2
+PNAME+DRLIC-SSN-DRLIC-PASSPORT,2
+NAME+DOB+PHONE+ACCT_NUM-SSN (Ambiguous),2
+DOB+ADDRESS+PHONE+DRLIC+ACCT_NUM-SSN,2
+SURNAME+PHONE+DRLIC+ACCT_NUM-DRLIC,2
+NAME+ADDRESS+SSN+DRLIC+ACCT_NUM-GENERATION,2
+SURNAME+PHONE+DRLIC+ACCT_NUM-SSN,2
+PNAME+DOB+ADDRESS+DRLIC-SSN-DRLIC,2
+PNAME+ADDRESS+PHONE+ACCT_NUM-SSN-PASSPORT,2
+SURNAME+DRLIC-GENERATION-DOB-GENDER-SSN-PASSPORT,2
+PNAME+ADDRESS+PHONE+ACCT_NUM-PASSPORT,2
+SURNAME+ADDRESS+DRLIC+ACCT_NUM-SSN-PASSPORT,2
+DRLIC+PASSPORT+LOGIN_ID,2
+NAME+DOB+ADDRESS+PHONE+SSN+LOGIN_ID+ACCT_NUM (Ambiguous),2
+PNAME+PHONE+SSN-DOB-PASSPORT,2
+NAME+DRLIC+ACCT_NUM-GENERATION,2
+PNAME-GENDER-SSN,2
+DOB+PHONE+SSN-PASSPORT,2
+SURNAME+DRLIC-GENERATION-DOB-GENDER-SSN,2
+ADDRESS+PHONE+DRLIC-DOB-SSN,2
+NAME+DOB+ACCT_NUM-GENERATION,2
+ADDRESS+PHONE+DRLIC-DRLIC,2
+NAME+DOB+ADDRESS+PHONE+SSN+DRLIC-DRLIC,2
+NAME+DOB+PHONE+ACCT_NUM-SSN-DRLIC,2
+DOB+ADDRESS+PHONE+DRLIC+PASSPORT-SSN,2
+DOB+ACCT_NUM-SSN-PASSPORT,2
+ADDRESS+DRLIC-PASSPORT,2
+NAME+DOB+ADDRESS+PHONE+ACCT_NUM,2
+NAME+DRLIC+ACCT_NUM-SSN-PASSPORT,2
+SURNAME+PHONE-GENERATION,2
+NAME+DOB+ADDRESS+PHONE+PASSPORT-SSN-DRLIC,2
+NAME+DOB+ADDRESS+SSN+DRLIC+LOGIN_ID (Ambiguous),2
+DOB+ADDRESS+PHONE-PASSPORT,2
+PNAME+ADDRESS+PHONE+DRLIC+ACCT_NUM-DOB-SSN-PASSPORT,2
+DOB+ADDRESS+PHONE+PASSPORT+ACCT_NUM-GENERATION,2
+DOB+ADDRESS+PHONE+PASSPORT+ACCT_NUM-SSN,2
+SURNAME+ADDRESS+PHONE+SSN+ACCT_NUM-DOB-DRLIC,2
+ADDRESS+PHONE+DRLIC-SSN-DRLIC,2
+PHONE+DRLIC+ACCT_NUM-SSN,2
+PHONE+SSN+PASSPORT-DOB,2
+NAME+DOB+ADDRESS+PHONE+SSN+DRLIC+LOGIN_ID+ACCT_NUM (Ambiguous),2
+PNAME+PHONE+SSN+ACCT_NUM-DOB-PASSPORT,2
+DOB+PHONE+ACCT_NUM-PASSPORT,2
+ADDRESS+DRLIC-GENDER,2
+ADDRESS+PHONE-GENDER-PASSPORT,2
+NAME+SSN+DRLIC-GENERATION,2
+PASSPORT+ACCT_NUM-DRLIC,2
+ADDRESS+PHONE-GENDER-SSN-PASSPORT,2
+DOB+SSN+DRLIC+PASSPORT+LOGIN_ID+ACCT_NUM,2
+SURNAME+PHONE+PASSPORT+LOGIN_ID+ACCT_NUM,2
+SURNAME+PHONE+PASSPORT-SSN,2
+ADDRESS+DRLIC-DOB-SSN-PASSPORT,2
+NAME+PHONE+PASSPORT-DOB,2
+ADDRESS+DRLIC-DOB-GENDER-SSN-PASSPORT,2
+SURNAME+PHONE+SSN+ACCT_NUM-DOB,2
+PHONE+DRLIC-GENDER-SSN,2
+SURNAME+PHONE+SSN+ACCT_NUM-DOB-PASSPORT,2
+SURNAME+DOB+SSN+PASSPORT+LOGIN_ID+ACCT_NUM,2
+PNAME+DOB+ADDRESS+PHONE+PASSPORT-SSN,2
+SURNAME+PHONE+SSN-DOB,2
+SURNAME+DOB+SSN+PASSPORT+LOGIN_ID,2
+NAME+DOB+DRLIC+ACCT_NUM-SSN-PASSPORT,2
+NAME+LOGIN_ID-DOB,2
+ADDRESS+DRLIC-DOB,2
+LIKELY_NAME+DOB+ADDRESS+PHONE+SSN+PASSPORT,2
+SURNAME+PHONE+SSN+DRLIC-DOB,2
+DOB+ADDRESS+PHONE+SSN+DRLIC+ACCT_NUM-PASSPORT,2
+NAME+SSN+LOGIN_ID (Ambiguous),2
+NAME+LOGIN_ID-DOB-GENDER,2
+DOB+PHONE+DRLIC-DRLIC,2
+PNAME+DOB+ADDRESS+DRLIC+ACCT_NUM-SSN,2
+LIKELY_NAME+DOB+ADDRESS+PHONE+SSN+DRLIC+PASSPORT,2
+NAME+ADDRESS+SSN+ACCT_NUM-DOB,2
+SURNAME+DOB+ADDRESS+SSN+DRLIC-DRLIC,2
+SURNAME+ADDRESS+ACCT_NUM-SSN-PASSPORT,2
+SURNAME+PHONE+SSN+DRLIC+PASSPORT+LOGIN_ID+ACCT_NUM,2
+NAME+PHONE+DRLIC+PASSPORT+ACCT_NUM-GENERATION,2
+NAME+SSN+DRLIC+LOGIN_ID (Ambiguous),2
+SURNAME+ADDRESS+ACCT_NUM-SSN,2
+ADDRESS+DRLIC+ACCT_NUM-DOB,2
+SURNAME+DOB+ADDRESS+SSN-DRLIC,2
+SURNAME+PHONE+SSN-PASSPORT,2
+LIKELY_NAME+DOB+ADDRESS+PHONE+SSN (Ambiguous),2
+PNAME+SSN-GENERATION-DOB,1
+NAME+DOB+PHONE+DRLIC-GENERATION-SSN-PASSPORT,1
+NAME+DOB+PHONE+DRLIC-GENDER-SSN-PASSPORT,1
+NAME+DOB+PHONE+SSN+ACCT_NUM-DRLIC,1
+NAME+DOB+PHONE+SSN+DRLIC+ACCT_NUM-DRLIC,1
+NAME+DOB+PHONE+SSN+DRLIC-DRLIC,1
+NAME+DOB+PHONE+ACCT_NUM-SSN-DRLIC-PASSPORT,1
+NAME+DOB+PHONE+SSN+DRLIC+LOGIN_ID (Ambiguous),1
+NAME+DOB+PHONE+SSN+LOGIN_ID+ACCT_NUM (Ambiguous),1
+NAME+DOB+PHONE+ACCT_NUM-PASSPORT,1
+NAME+DOB+SSN+ACCT_NUM-GENERATION,1
+NAME+DOB+DRLIC-SSN-DRLIC-PASSPORT,1
+NAME+DOB+DRLIC+PASSPORT-GENERATION,1
+NAME+DOB+DRLIC+PASSPORT+ACCT_NUM,1
+NAME+DOB+SSN+DRLIC+PASSPORT-GENERATION,1
+NAME+DOB+SSN+LOGIN_ID+ACCT_NUM (Ambiguous),1
+NAME+DOB+SSN+LOGIN_ID (Ambiguous),1
+NAME+DOB+DRLIC-GENERATION,1
+NAME+DOB+SSN-PASSPORT,1
+NAME+DOB+DRLIC+ACCT_NUM-SSN-DRLIC-PASSPORT,1
+NAME+DOB+SSN+PASSPORT-DRLIC,1
+NAME+DOB+ADDRESS+SSN+PASSPORT+LOGIN_ID (Ambiguous),1
+NAME+DRLIC+ACCT_NUM-DOB,1
+NAME+DRLIC+ACCT_NUM-PASSPORT,1
+NAME+DOB+ADDRESS+SSN+PASSPORT+LOGIN_ID+ACCT_NUM (Ambiguous),1
+NAME+DRLIC-GENERATION-DOB,1
+NAME+DRLIC-GENERATION-DOB-GENDER-SSN-PASSPORT,1
+NAME+DRLIC-GENERATION-DOB-SSN,1
+NAME+DOB+ADDRESS+SSN+LOGIN_ID (Ambiguous),1
+NAME+DRLIC+PASSPORT+ACCT_NUM-GENERATION,1
+NAME+DRLIC+PASSPORT-SSN,1
+NAME+DRLIC-SSN-DRLIC,1
+NAME-GENDER-SSN,1
+NAME+LOGIN_ID-DOB-PASSPORT,1
+NAME+LOGIN_ID-GENDER-DRLIC,1
+NAME+LOGIN_ID-GENDER-PASSPORT,1
+NAME-PASSPORT,1
+NAME+DOB+ADDRESS+SSN-DRLIC-PASSPORT,1
+NAME+PASSPORT+ACCT_NUM-GENERATION,1
+NAME+PASSPORT-DOB,1
+NAME+DOB+ADDRESS+SSN+DRLIC-DRLIC,1
+NAME+PASSPORT-GENERATION,1
+NAME+PASSPORT+LOGIN_ID-SSN,1
+NAME+PASSPORT-SSN-DRLIC,1
+NAME+DOB+ADDRESS+PHONE+SSN-SSN,1
+NAME+PHONE+ACCT_NUM-DRLIC-PASSPORT,1
+NAME+DOB+ADDRESS+PHONE+SSN+PASSPORT+LOGIN_ID-GENERATION,1
+NAME+PHONE+ACCT_NUM-SSN-DRLIC-PASSPORT,1
+NAME+DOB+ADDRESS+PHONE+SSN+PASSPORT+ACCT_NUM-DRLIC (Ambiguous),1
+NAME+DOB+ADDRESS+PHONE+SSN+PASSPORT+ACCT_NUM-DRLIC,1
+SURNAME+SSN-GENERATION-DOB-DRLIC,1
+NAME+DOB+ADDRESS+PHONE+SSN-GENDER,1
+NAME+DOB+ADDRESS+PHONE+SSN+DRLIC+PASSPORT-DRLIC (Ambiguous),1
+NAME+DOB+ADDRESS+PHONE+SSN+DRLIC+PASSPORT+ACCT_NUM,1
+NAME+DOB+ADDRESS+PHONE+SSN+DRLIC-PASSPORT,1
+NAME+DOB+ADDRESS+PHONE+SSN-DRLIC-PASSPORT,1
+NAME+DOB+ADDRESS+PHONE+SSN+DRLIC-GENERATION-PASSPORT,1
+NAME+PHONE+DRLIC+ACCT_NUM-PASSPORT,1
+NAME+PHONE+DRLIC+ACCT_NUM-SSN-DRLIC,1
+NAME+DOB+ADDRESS+PHONE+SSN+DRLIC+ACCT_NUM,1
+NAME+PHONE+DRLIC-DOB-DRLIC-PASSPORT,1
+NAME+PHONE+DRLIC-DOB-PASSPORT,1
+NAME+PHONE+DRLIC-DOB-SSN-PASSPORT,1
+NAME+PHONE+DRLIC-GENDER-PASSPORT,1
+NAME+PHONE+DRLIC-GENDER-SSN-PASSPORT,1
+NAME+PHONE+DRLIC+LOGIN_ID (Ambiguous),1
+NAME+DOB+ADDRESS+PHONE+PASSPORT-SSN (Ambiguous),1
+NAME+DOB+ADDRESS+PHONE+PASSPORT+LOGIN_ID+ACCT_NUM (Ambiguous),1
+NAME+PHONE+DRLIC+PASSPORT+ACCT_NUM-DOB,1
+NAME+PHONE+DRLIC+PASSPORT+ACCT_NUM-SSN-DRLIC,1
+NAME+DOB+ADDRESS+PHONE+PASSPORT-GENDER,1
+NAME+PHONE+DRLIC+PASSPORT-DOB-SSN,1
+NAME+PHONE+DRLIC+PASSPORT+LOGIN_ID (Ambiguous),1
+NAME+PHONE+DRLIC+PASSPORT-SSN,1
+SURNAME+SSN-GENERATION-DOB-GENDER-DRLIC,1
+NAME+PHONE+DRLIC-SSN-DRLIC-PASSPORT,1
+NAME+DOB+ADDRESS+PHONE-GENERATION-SSN-PASSPORT,1
+NAME+DOB+ADDRESS+PHONE-GENDER-SSN,1
+NAME+PHONE-GENERATION-DOB,1
+NAME+PHONE-GENERATION-DOB-GENDER-SSN,1
+NAME+PHONE-GENERATION-DOB-GENDER-SSN-PASSPORT,1
+NAME+PHONE-GENERATION-DOB-PASSPORT,1
+NAME+PHONE-GENERATION-DOB-SSN,1
+NAME+PHONE-GENERATION-DOB-SSN-DRLIC,1
+NAME+PHONE-GENERATION-DRLIC,1
+NAME+PHONE-GENERATION-GENDER,1
+NAME+PHONE-GENERATION-GENDER-SSN,1
+NAME+PHONE-GENERATION-SSN-DRLIC-PASSPORT,1
+NAME+PHONE+LOGIN_ID+ACCT_NUM,1
+NAME+DOB+ADDRESS+PHONE+DRLIC-SSN-DRLIC,1
+NAME+PHONE+PASSPORT+ACCT_NUM-DOB,1
+NAME+PHONE+PASSPORT+ACCT_NUM-DOB-SSN,1
+NAME+DOB+ADDRESS+PHONE+DRLIC+PASSPORT-SSN,1
+NAME+PHONE+PASSPORT+ACCT_NUM-SSN,1
+NAME+DOB+ADDRESS+PHONE+DRLIC+PASSPORT+LOGIN_ID (Ambiguous),1
+NAME+DOB+ADDRESS+PHONE+DRLIC+PASSPORT-DRLIC,1
+NAME+PHONE+SSN+ACCT_NUM,1
+NAME+PHONE+SSN+ACCT_NUM-DOB,1
+NAME+PHONE+SSN+ACCT_NUM-DOB-DRLIC-PASSPORT,1
+NAME+PHONE+SSN+ACCT_NUM-DOB-GENDER-DRLIC-PASSPORT,1
+NAME+PHONE+SSN+ACCT_NUM-DOB-PASSPORT,1
+NAME+DOB+ADDRESS+PHONE+DRLIC-DRLIC-PASSPORT,1
+NAME+PHONE+SSN-DOB-GENDER-PASSPORT,1
+NAME+DOB+ADDRESS+PHONE+DRLIC+ACCT_NUM-PASSPORT,1
+NAME+PHONE+SSN+DRLIC+ACCT_NUM-DOB-PASSPORT,1
+NAME+DOB+ADDRESS+PHONE+DRLIC+ACCT_NUM-GENERATION-SSN-PASSPORT,1
+NAME+PHONE+SSN+DRLIC-DOB,1
+NAME+PHONE+SSN+DRLIC-DOB-DRLIC,1
+NAME+PHONE+SSN+DRLIC-DOB-PASSPORT,1
+NAME+PHONE+SSN+DRLIC+LOGIN_ID+ACCT_NUM (Ambiguous),1
+NAME+PHONE+SSN+DRLIC+LOGIN_ID (Ambiguous),1
+NAME+DOB+ADDRESS+PHONE+DRLIC+ACCT_NUM-DRLIC-PASSPORT,1
+NAME+PHONE+SSN-DRLIC-PASSPORT,1
+NAME+DOB+ADDRESS+PHONE+DRLIC+ACCT_NUM-DRLIC (Ambiguous),1
+NAME+PHONE+SSN+DRLIC+PASSPORT+LOGIN_ID (Ambiguous),1
+NAME+PHONE+SSN-GENDER,1
+NAME+PHONE+SSN+LOGIN_ID (Ambiguous),1
+NAME+DOB+ADDRESS+PHONE+ACCT_NUM-PASSPORT (Ambiguous),1
+NAME+DOB+ADDRESS+PHONE+ACCT_NUM-GENERATION-SSN,1
+NAME+DOB+ADDRESS+PASSPORT-SSN-DRLIC,1
+NAME+SSN+ACCT_NUM-DOB-DRLIC-PASSPORT,1
+NAME+SSN+ACCT_NUM-DOB-PASSPORT,1
+NAME+DOB+ADDRESS+LOGIN_ID (Ambiguous),1
+NAME+DOB+ADDRESS-GENDER-PASSPORT,1
+NAME+DOB+ADDRESS-GENDER-DRLIC,1
+NAME+DOB+ADDRESS+DRLIC-SSN-DRLIC-PASSPORT,1
+NAME+SSN+DRLIC+ACCT_NUM-GENERATION,1
+NAME+SSN+DRLIC+ACCT_NUM-PASSPORT,1
+NAME+DOB+ADDRESS+DRLIC+PASSPORT+LOGIN_ID+ACCT_NUM (Ambiguous),1
+NAME+SSN+DRLIC+PASSPORT-GENERATION,1
+NAME+DOB+ADDRESS+DRLIC-PASSPORT,1
+NAME+SSN-GENERATION-PASSPORT,1
+NAME+DOB+ADDRESS+DRLIC+LOGIN_ID (Ambiguous),1
+NAME+SSN+PASSPORT+ACCT_NUM-DOB,1
+NAME+DOB+ADDRESS+ACCT_NUM-SSN-PASSPORT,1
+NAME+SSN+PASSPORT-DOB,1
+NAME+DOB+ADDRESS+ACCT_NUM-SSN-DRLIC-PASSPORT,1
+PASSPORT+ACCT_NUM-DOB,1
+PASSPORT+ACCT_NUM-SSN-DRLIC,1
+PASSPORT (Ambiguous),1
+NAME+DOB+ACCT_NUM-SSN-DRLIC-PASSPORT,1
+NAME+DOB+ACCT_NUM-GENDER-SSN-PASSPORT,1
+NAME+DOB+ACCT_NUM-DRLIC-PASSPORT,1
+NAME+ADDRESS+SSN+PASSPORT-DOB-DRLIC,1
+NAME+ADDRESS+SSN+PASSPORT-DOB,1
+PASSPORT-GENERATION-DOB-GENDER-SSN-DRLIC,1
+PASSPORT-GENERATION-GENDER-DRLIC,1
+PASSPORT-GENERATION-GENDER-SSN-DRLIC,1
+PASSPORT-GENERATION-SSN-DRLIC,1
+NAME+ADDRESS+SSN+LOGIN_ID (Ambiguous),1
+NAME+ADDRESS+SSN+DRLIC+PASSPORT-GENERATION,1
+NAME+ADDRESS+SSN+DRLIC+PASSPORT-DOB (Ambiguous),1
+PHONE+ACCT_NUM-DOB-GENDER-SSN-DRLIC,1
+PHONE+ACCT_NUM-DOB-SSN,1
+PHONE+ACCT_NUM-DOB-SSN-PASSPORT,1
+NAME+ADDRESS+SSN+DRLIC+PASSPORT+ACCT_NUM-DOB,1
+NAME+ADDRESS+SSN+DRLIC-PASSPORT,1
+NAME+ADDRESS+SSN+DRLIC+LOGIN_ID (Ambiguous),1
+NAME+ADDRESS+SSN+DRLIC-DRLIC,1
+NAME+ADDRESS+SSN+DRLIC-DOB-PASSPORT,1
+NAME+ADDRESS+SSN+DRLIC-DOB,1
+NAME+ADDRESS+SSN+DRLIC+ACCT_NUM-PASSPORT,1
+NAME+ADDRESS+SSN+DRLIC+ACCT_NUM-DOB-DRLIC,1
+NAME+ADDRESS+SSN-DOB-GENDER-PASSPORT,1
+NAME+ADDRESS+SSN-DOB-DRLIC-PASSPORT,1
+NAME+ADDRESS+SSN-DOB-DRLIC,1
+NAME+ADDRESS+SSN-DOB (Ambiguous),1
+NAME+ADDRESS+SSN+ACCT_NUM-PASSPORT,1
+PHONE+DRLIC+ACCT_NUM-DRLIC,1
+PHONE+DRLIC+ACCT_NUM-PASSPORT,1
+PHONE+DRLIC-DOB,1
+PHONE+DRLIC-DOB-GENDER-SSN,1
+PHONE+DRLIC-DOB-SSN-PASSPORT,1
+PHONE+DRLIC-DRLIC,1
+NAME+ADDRESS+PHONE+SSN-SSN,1
+PHONE+DRLIC-PASSPORT,1
+NAME+ADDRESS+PHONE+SSN+PASSPORT+LOGIN_ID+ACCT_NUM (Ambiguous),1
+NAME+ADDRESS+PHONE+SSN+PASSPORT-DOB,1
+NAME+ADDRESS+PHONE+SSN+PASSPORT+ACCT_NUM,1
+NAME+ADDRESS+PHONE+SSN-GENDER,1
+NAME+ADDRESS+PHONE+SSN+DRLIC+PASSPORT+LOGIN_ID (Ambiguous),1
+NAME+ADDRESS+PHONE+SSN+DRLIC+PASSPORT+LOGIN_ID+ACCT_NUM (Ambiguous),1
+NAME+ADDRESS+PHONE+SSN+DRLIC+PASSPORT+ACCT_NUM,1
+PHONE-GENERATION-DOB-DRLIC-PASSPORT,1
+NAME+ADDRESS+PHONE+SSN+DRLIC+LOGIN_ID+ACCT_NUM-GENERATION,1
+NAME+ADDRESS+PHONE+SSN+DRLIC-DRLIC-PASSPORT,1
+NAME+ADDRESS+PHONE+SSN+DRLIC-DOB-DRLIC-PASSPORT,1
+NAME+ADDRESS+PHONE+SSN+DRLIC-DOB-DRLIC,1
+NAME+ADDRESS+PHONE+SSN+DRLIC+ACCT_NUM-DRLIC,1
+NAME+ADDRESS+PHONE+SSN+DRLIC+ACCT_NUM-DOB-PASSPORT,1
+NAME+ADDRESS+PHONE+SSN+DRLIC+ACCT_NUM-DOB,1
+NAME+ADDRESS+PHONE+SSN+DRLIC+ACCT_NUM,1
+NAME+ADDRESS+PHONE+SSN-DOB-GENDER,1
+NAME+ADDRESS+PHONE+SSN-DOB-DRLIC-PASSPORT,1
+NAME+ADDRESS+PHONE+SSN-DOB (Ambiguous),1
+NAME+ADDRESS+PHONE+SSN+ACCT_NUM-SSN,1
+NAME+ADDRESS+PHONE+SSN+ACCT_NUM-PASSPORT,1
+NAME+ADDRESS+PHONE+SSN+ACCT_NUM-GENERATION-DOB-PASSPORT,1
+PHONE+LOGIN_ID-SSN,1
+NAME+ADDRESS+PHONE+SSN+ACCT_NUM-DRLIC-PASSPORT,1
+PHONE+PASSPORT+ACCT_NUM-SSN,1
+PHONE+PASSPORT (Ambiguous),1
+PHONE+PASSPORT-DOB,1
+PHONE+PASSPORT-GENERATION,1
+NAME+ADDRESS+PHONE+SSN+ACCT_NUM-DOB,1
+SURNAME+SSN-GENERATION-DOB-GENDER-PASSPORT,1
+NAME+ADDRESS+PHONE+PASSPORT-SSN-DRLIC,1
+NAME+ADDRESS+PHONE+PASSPORT+LOGIN_ID (Ambiguous),1
+PHONE+SSN-DOB-GENDER,1
+PHONE+SSN-DOB-GENDER-PASSPORT,1
+NAME+ADDRESS+PHONE+PASSPORT+ACCT_NUM-DOB,1
+PHONE+SSN+DRLIC+ACCT_NUM-DOB,1
+PHONE+SSN+DRLIC+ACCT_NUM-DOB-PASSPORT,1
+PHONE+SSN+DRLIC+ACCT_NUM-PASSPORT,1
+PHONE+SSN+DRLIC-DRLIC,1
+NAME+ADDRESS+PHONE+LOGIN_ID+ACCT_NUM-SSN-PASSPORT,1
+NAME+ADDRESS+PHONE-GENDER,1
+PHONE+SSN-DRLIC-PASSPORT,1
+NAME+ADDRESS+PHONE+DRLIC-SSN-DRLIC-PASSPORT,1
+NAME+ADDRESS+PHONE+DRLIC-SSN-DRLIC,1
+PHONE+SSN-GENDER-DRLIC,1
+NAME+ADDRESS+PHONE+DRLIC+PASSPORT-SSN-DRLIC,1
+NAME+ADDRESS+PHONE+DRLIC+PASSPORT+LOGIN_ID+ACCT_NUM,1
+NAME+ADDRESS+PHONE+DRLIC+PASSPORT+ACCT_NUM-DRLIC,1
+NAME+ADDRESS+PHONE+DRLIC+PASSPORT+ACCT_NUM-DOB-SSN,1
+NAME+ADDRESS+PHONE+DRLIC+PASSPORT+ACCT_NUM-DOB,1
+PNAME+ACCT_NUM-DOB,1
+NAME+ADDRESS+PHONE+DRLIC-DRLIC-PASSPORT,1
+PNAME+ADDRESS+ACCT_NUM-DOB,1
+PNAME+ADDRESS+ACCT_NUM-DOB-GENDER-SSN-PASSPORT,1
+PNAME+ADDRESS+ACCT_NUM-SSN-DRLIC,1
+NAME+ADDRESS+PHONE+DRLIC-DOB-GENDER-SSN-PASSPORT,1
+NAME+ADDRESS+PHONE+DRLIC-DOB-DRLIC,1
+NAME+ADDRESS+PHONE+DRLIC-DOB,1
+NAME+ADDRESS+PHONE+DRLIC+ACCT_NUM-SSN-DRLIC-PASSPORT,1
+NAME+ADDRESS+PHONE+DRLIC+ACCT_NUM-SSN-DRLIC,1
+NAME+ADDRESS+PHONE+DRLIC+ACCT_NUM-GENDER-SSN-DRLIC,1
+NAME+ADDRESS+PHONE+DRLIC+ACCT_NUM-DRLIC,1
+NAME+ADDRESS+PHONE+DRLIC+ACCT_NUM-DOB-PASSPORT,1
+NAME+ADDRESS+PHONE-DOB-GENDER,1
+NAME+ADDRESS+PHONE-DOB-DRLIC,1
+PNAME+ADDRESS+DRLIC+ACCT_NUM-DOB,1
+PNAME+ADDRESS+DRLIC+ACCT_NUM-DOB-SSN-PASSPORT,1
+PNAME+ADDRESS+DRLIC+ACCT_NUM-SSN-PASSPORT,1
+NAME+ADDRESS+PHONE+ACCT_NUM-GENERATION-DRLIC,1
+PNAME+ADDRESS+DRLIC-DOB,1
+PNAME+ADDRESS+DRLIC-DOB-DRLIC,1
+PNAME+ADDRESS+DRLIC-DRLIC-PASSPORT,1
+PNAME+ADDRESS+DRLIC-GENDER-SSN-PASSPORT,1
+NAME+ADDRESS+PHONE+ACCT_NUM-GENDER-PASSPORT,1
+PNAME+ADDRESS+DRLIC-PASSPORT,1
+NAME+ADDRESS+PHONE+ACCT_NUM-GENDER,1
+PNAME+ADDRESS+DRLIC+PASSPORT-GENERATION,1
+PNAME+ADDRESS+DRLIC+PASSPORT-SSN,1
+PNAME+ADDRESS+DRLIC-SSN-PASSPORT,1
+NAME+ADDRESS+PHONE+ACCT_NUM-DOB-SSN-DRLIC,1
+NAME+ADDRESS+PASSPORT-SSN-DRLIC,1
+SURNAME+SSN-GENERATION-DOB-PASSPORT,1
+PNAME+ADDRESS-GENERATION-DOB-GENDER,1
+PNAME+ADDRESS-GENERATION-DOB-GENDER-SSN-DRLIC,1
+NAME+ADDRESS+LOGIN_ID+ACCT_NUM (Ambiguous),1
+NAME+ADDRESS-GENERATION-SSN-PASSPORT,1
+PNAME+ADDRESS-GENERATION-DRLIC-PASSPORT,1
+PNAME+ADDRESS-GENERATION-GENDER-DRLIC,1
+PNAME+ADDRESS-GENERATION-GENDER-SSN-DRLIC,1
+PNAME+ADDRESS-GENERATION-GENDER-SSN-DRLIC-PASSPORT,1
+NAME+ADDRESS-GENERATION-GENDER-SSN-PASSPORT,1
+NAME+ADDRESS-GENERATION-GENDER-SSN-DRLIC-PASSPORT,1
+PNAME+ADDRESS+PASSPORT+ACCT_NUM-DRLIC,1
+NAME+ADDRESS-GENERATION-DOB-SSN-DRLIC,1
+NAME+ADDRESS-GENERATION-DOB-PASSPORT,1
+PNAME+ADDRESS+PHONE+ACCT_NUM-DOB-DRLIC-PASSPORT,1
+PNAME+ADDRESS+PHONE+ACCT_NUM-DOB-SSN,1
+PNAME+ADDRESS+PHONE+ACCT_NUM-DOB-SSN-PASSPORT,1
+NAME+ADDRESS-GENERATION-DOB-GENDER-SSN-DRLIC-PASSPORT,1
+NAME+ADDRESS-GENERATION-DOB-GENDER,1
+PNAME+ADDRESS+PHONE+ACCT_NUM-GENERATION-SSN,1
+PNAME+ADDRESS+PHONE+ACCT_NUM-SSN-DRLIC-PASSPORT,1
+PNAME+ADDRESS+PHONE-DOB-DRLIC,1
+PNAME+ADDRESS+PHONE-DOB-DRLIC-PASSPORT,1
+PNAME+ADDRESS+PHONE-DOB-GENDER,1
+PNAME+ADDRESS+PHONE-DOB-GENDER-SSN-PASSPORT,1
+PNAME+ADDRESS+PHONE-DOB-SSN-DRLIC,1
+SURNAME+SSN-GENERATION-PASSPORT,1
+PNAME+ADDRESS+PHONE+DRLIC+ACCT_NUM-DOB-SSN,1
+NAME+ADDRESS+DRLIC+PASSPORT-SSN,1
+PNAME+ADDRESS+PHONE+DRLIC+ACCT_NUM-PASSPORT,1
+PNAME+ADDRESS+PHONE+DRLIC+ACCT_NUM-SSN,1
+PNAME+ADDRESS+PHONE+DRLIC+ACCT_NUM-SSN-PASSPORT,1
+NAME+ADDRESS+DRLIC+PASSPORT-GENERATION,1
+PNAME+ADDRESS+PHONE+DRLIC-DOB-GENDER-SSN,1
+PNAME+ADDRESS+PHONE+DRLIC-DOB-PASSPORT,1
+PNAME+ADDRESS+PHONE+DRLIC-DOB-SSN,1
+PNAME+ADDRESS+PHONE+DRLIC-DOB-SSN-DRLIC,1
+PNAME+ADDRESS+PHONE+DRLIC-DOB-SSN-PASSPORT,1
+PNAME+ADDRESS+PHONE+DRLIC-DRLIC-PASSPORT,1
+PNAME+ADDRESS+PHONE+DRLIC-GENDER,1
+PNAME+ADDRESS+PHONE+DRLIC-GENDER-SSN,1
+NAME+ADDRESS+DRLIC+PASSPORT-DRLIC,1
+PNAME+ADDRESS+PHONE+DRLIC+LOGIN_ID (Ambiguous),1
+NAME+ADDRESS+DRLIC+PASSPORT-DOB,1
+PNAME+ADDRESS+PHONE+DRLIC+PASSPORT+ACCT_NUM-DOB,1
+NAME+ADDRESS+DRLIC+PASSPORT+ACCT_NUM-DRLIC,1
+PNAME+ADDRESS+PHONE+DRLIC+PASSPORT-DOB,1
+PNAME+ADDRESS+PHONE+DRLIC+PASSPORT+LOGIN_ID+ACCT_NUM (Ambiguous),1
+PNAME+ADDRESS+PHONE+DRLIC-SSN-DRLIC,1
+PNAME+ADDRESS+PHONE+DRLIC-SSN-DRLIC-PASSPORT,1
+PNAME+ADDRESS+PHONE-GENDER-SSN,1
+NAME+ADDRESS+DRLIC+LOGIN_ID+ACCT_NUM (Ambiguous),1
+NAME+ADDRESS+DRLIC-GENDER-SSN,1
+NAME+ADDRESS+DRLIC-DRLIC-PASSPORT,1
+PNAME+ADDRESS+PHONE+PASSPORT-DOB,1
+NAME+ADDRESS+DRLIC-DOB-SSN-PASSPORT,1
+NAME+ADDRESS+DRLIC-DOB-SSN,1
+PNAME+ADDRESS+PHONE+PASSPORT+LOGIN_ID+ACCT_NUM (Ambiguous),1
+PNAME+ADDRESS+PHONE+PASSPORT+LOGIN_ID (Ambiguous),1
+NAME+ADDRESS+DRLIC-DOB,1
+NAME+ADDRESS+DRLIC+ACCT_NUM-SSN-DRLIC-PASSPORT,1
+PNAME+ADDRESS+PHONE+SSN+ACCT_NUM-DOB-PASSPORT,1
+PNAME+ADDRESS+PHONE+SSN+ACCT_NUM-GENDER-PASSPORT,1
+NAME+ADDRESS+DRLIC+ACCT_NUM-PASSPORT,1
+PNAME+ADDRESS+PHONE+SSN-DOB-DRLIC,1
+PNAME+ADDRESS+PHONE+SSN-DOB-GENDER,1
+NAME+ADDRESS+DRLIC+ACCT_NUM-DRLIC,1
+NAME+ADDRESS+DRLIC+ACCT_NUM-DOB-SSN-PASSPORT,1
+NAME+ADDRESS+DRLIC+ACCT_NUM-DOB,1
+PNAME+ADDRESS+PHONE+SSN+DRLIC+ACCT_NUM-DOB-PASSPORT,1
+PNAME+ADDRESS+PHONE+SSN+DRLIC-DOB-GENDER,1
+PNAME+ADDRESS+PHONE+SSN+DRLIC-DOB-PASSPORT,1
+PNAME+ADDRESS+PHONE+SSN+DRLIC-DRLIC,1
+PNAME+ADDRESS+PHONE+SSN+DRLIC-PASSPORT,1
+PNAME+ADDRESS+PHONE+SSN+DRLIC+PASSPORT-DOB,1
+NAME+ADDRESS+ACCT_NUM-DOB-DRLIC,1
+PNAME+ADDRESS+PHONE+SSN+PASSPORT+ACCT_NUM-DOB-DRLIC,1
+NAME+ACCT_NUM-DOB-SSN,1
+PNAME+ADDRESS+SSN+ACCT_NUM,1
+PNAME+ADDRESS+SSN+ACCT_NUM-DOB-PASSPORT,1
+PNAME+ADDRESS+SSN-DOB-DRLIC,1
+PNAME+ADDRESS+SSN-DOB-GENDER,1
+PNAME+ADDRESS+SSN-DOB-PASSPORT,1
+LOGIN_ID-GENERATION-DOB-DRLIC-PASSPORT,1
+PNAME+ADDRESS+SSN+DRLIC+ACCT_NUM-DOB,1
+LIKELY_NAME+SSN-PASSPORT,1
+PNAME+ADDRESS+SSN-DRLIC-PASSPORT,1
+LIKELY_NAME+SSN-DOB-GENDER,1
+PNAME+ADDRESS+SSN+DRLIC+PASSPORT-DOB,1
+PNAME+ADDRESS+SSN+DRLIC+PASSPORT-GENERATION,1
+PNAME+ADDRESS+SSN+DRLIC+PASSPORT+LOGIN_ID+ACCT_NUM (Ambiguous),1
+PNAME+ADDRESS+SSN+DRLIC+PASSPORT+LOGIN_ID (Ambiguous),1
+LIKELY_NAME+PHONE+SSN+PASSPORT+LOGIN_ID,1
+PNAME+ADDRESS+SSN+LOGIN_ID+ACCT_NUM (Ambiguous),1
+LIKELY_NAME+PHONE+SSN+DRLIC+LOGIN_ID,1
+LIKELY_NAME+PHONE+SSN-DRLIC,1
+PNAME+ADDRESS+SSN+PASSPORT-DOB,1
+PNAME+ADDRESS+SSN+PASSPORT+LOGIN_ID (Ambiguous),1
+PNAME+DOB+ACCT_NUM-PASSPORT,1
+LIKELY_NAME+PHONE-GENDER,1
+LIKELY_NAME+PHONE-DOB-SSN-DRLIC,1
+PNAME+DOB+ADDRESS+ACCT_NUM-PASSPORT,1
+PNAME+DOB+ADDRESS+ACCT_NUM-SSN-PASSPORT,1
+PNAME+DOB+ADDRESS+DRLIC+ACCT_NUM-PASSPORT,1
+LIKELY_NAME+PHONE-DOB-GENDER-SSN,1
+LIKELY_NAME+PHONE-DOB,1
+LIKELY_NAME+PHONE+ACCT_NUM-DOB-PASSPORT,1
+PNAME+DOB+ADDRESS+DRLIC+PASSPORT-DRLIC,1
+PNAME+DOB+ADDRESS+DRLIC-SSN-PASSPORT,1
+PNAME+DOB+ADDRESS-GENDER-SSN-PASSPORT,1
+PNAME+DOB+ADDRESS+PASSPORT+ACCT_NUM,1
+LIKELY_NAME+DRLIC-SSN,1
+PNAME+DOB+ADDRESS+PASSPORT+ACCT_NUM-GENERATION,1
+PNAME+DOB+ADDRESS+PASSPORT+LOGIN_ID+ACCT_NUM-DRLIC,1
+PNAME+DOB+ADDRESS+PASSPORT-SSN,1
+LIKELY_NAME+DRLIC-DOB-SSN-PASSPORT,1
+PNAME+DOB+ADDRESS+PHONE+ACCT_NUM,1
+LIKELY_NAME+DRLIC-DOB-GENDER-PASSPORT,1
+LIKELY_NAME+DOB+SSN+PASSPORT+ACCT_NUM (Ambiguous),1
+PNAME+DOB+ADDRESS+PHONE+ACCT_NUM-SSN-DRLIC,1
+PNAME+DOB+ADDRESS+PHONE+ACCT_NUM-SSN-DRLIC-PASSPORT,1
+LIKELY_NAME+DOB+SSN+DRLIC+PASSPORT,1
+LIKELY_NAME+DOB+SSN+ACCT_NUM (Ambiguous),1
+LIKELY_NAME+DOB+SSN+ACCT_NUM,1
+LIKELY_NAME+DOB+PHONE+SSN+DRLIC (Ambiguous),1
+PNAME+DOB+ADDRESS+PHONE+DRLIC-DRLIC,1
+PNAME+DOB+ADDRESS+PHONE+DRLIC-PASSPORT,1
+LIKELY_NAME+DOB+PHONE+SSN (Ambiguous),1
+LIKELY_NAME+DOB+PHONE+PASSPORT+ACCT_NUM-DRLIC,1
+PNAME+DOB+ADDRESS+PHONE+DRLIC+PASSPORT-DRLIC,1
+PNAME+DOB+ADDRESS+PHONE+DRLIC+PASSPORT+LOGIN_ID+ACCT_NUM (Ambiguous),1
+PNAME+DOB+ADDRESS+PHONE+DRLIC+PASSPORT-SSN,1
+PNAME+DOB+ADDRESS+PHONE+DRLIC-SSN-DRLIC,1
+PNAME+DOB+ADDRESS+PHONE+DRLIC-SSN-DRLIC-PASSPORT,1
+PNAME+DOB+ADDRESS+PHONE-GENDER,1
+PNAME+DOB+ADDRESS+PHONE-GENDER-SSN,1
+LIKELY_NAME+DOB+PHONE+LOGIN_ID,1
+LIKELY_NAME+DOB+ADDRESS+SSN+DRLIC+PASSPORT,1
+PNAME+DOB+ADDRESS+PHONE+PASSPORT+ACCT_NUM,1
+LIKELY_NAME+DOB+ADDRESS+SSN+DRLIC+ACCT_NUM (Ambiguous),1
+LIKELY_NAME+DOB+ADDRESS+SSN+DRLIC+ACCT_NUM,1
+PNAME+DOB+ADDRESS+PHONE+PASSPORT+ACCT_NUM-SSN,1
+LIKELY_NAME+DOB+ADDRESS+SSN (Ambiguous),1
+LIKELY_NAME+DOB+ADDRESS-SSN,1
+PNAME+DOB+ADDRESS+PHONE+PASSPORT+LOGIN_ID+ACCT_NUM (Ambiguous),1
+LIKELY_NAME+DOB+ADDRESS+PHONE+SSN+PASSPORT+ACCT_NUM,1
+LIKELY_NAME+DOB+ADDRESS+PHONE+SSN+DRLIC+PASSPORT (Ambiguous),1
+PNAME+DOB+ADDRESS+PHONE+SSN+ACCT_NUM-DRLIC (Ambiguous),1
+LIKELY_NAME+DOB+ADDRESS+PHONE+SSN+DRLIC+ACCT_NUM,1
+PNAME+DOB+ADDRESS+PHONE-SSN-DRLIC,1
+LIKELY_NAME+DOB+ADDRESS+PHONE+SSN+DRLIC,1
+PNAME+DOB+ADDRESS+PHONE+SSN-DRLIC (Ambiguous),1
+LIKELY_NAME+DOB+ADDRESS+PHONE+PASSPORT (Ambiguous),1
+LIKELY_NAME+DOB+ADDRESS+PHONE+PASSPORT+ACCT_NUM,1
+PNAME+DOB+ADDRESS+PHONE+SSN+DRLIC+PASSPORT+ACCT_NUM-DRLIC,1
+LIKELY_NAME+DOB+ADDRESS+PHONE+DRLIC+ACCT_NUM (Ambiguous),1
+LIKELY_NAME+DOB+ADDRESS+PHONE+DRLIC+ACCT_NUM,1
+PNAME+DOB+ADDRESS+PHONE+SSN+DRLIC+PASSPORT-DRLIC,1
+LIKELY_NAME+DOB+ADDRESS+PHONE+DRLIC,1
+PNAME+DOB+ADDRESS+PHONE+SSN+DRLIC+PASSPORT+LOGIN_ID (Ambiguous),1
+LIKELY_NAME+DOB+ADDRESS+PHONE-DRLIC,1
+PNAME+DOB+ADDRESS+PHONE+SSN+PASSPORT+ACCT_NUM,1
+LIKELY_NAME+DOB+ADDRESS+PHONE+ACCT_NUM (Ambiguous),1
+PNAME+DOB+ADDRESS+PHONE+SSN+PASSPORT-DRLIC (Ambiguous),1
+LIKELY_NAME+DOB+ADDRESS-PASSPORT,1
+LIKELY_NAME+DOB+ADDRESS+LOGIN_ID,1
+LIKELY_NAME+DOB+ADDRESS+DRLIC+PASSPORT+LOGIN_ID+ACCT_NUM,1
+LIKELY_NAME+DOB+ADDRESS+ACCT_NUM-SSN,1
+LIKELY_NAME+DOB+ACCT_NUM-DRLIC,1
+LIKELY_NAME+ADDRESS-SSN-PASSPORT,1
+LIKELY_NAME+ADDRESS+SSN+LOGIN_ID,1
+PNAME+DOB+ADDRESS+SSN+DRLIC+LOGIN_ID (Ambiguous),1
+LIKELY_NAME+ADDRESS+SSN+DRLIC+PASSPORT+LOGIN_ID+ACCT_NUM,1
+LIKELY_NAME+ADDRESS-SSN-DRLIC-PASSPORT,1
+PNAME+DOB+ADDRESS+SSN+DRLIC+PASSPORT+LOGIN_ID+ACCT_NUM (Ambiguous),1
+LIKELY_NAME+ADDRESS-SSN-DRLIC,1
+PNAME+DOB+ADDRESS+SSN-PASSPORT,1
+PNAME+DOB+ADDRESS+SSN+PASSPORT+LOGIN_ID+ACCT_NUM (Ambiguous),1
+PNAME+DOB+ADDRESS+SSN+PASSPORT+LOGIN_ID (Ambiguous),1
+PNAME+DOB+DRLIC-GENERATION,1
+LIKELY_NAME+ADDRESS+PHONE+SSN+DRLIC+ACCT_NUM (Ambiguous),1
+LIKELY_NAME+ADDRESS+PHONE+SSN+DRLIC+ACCT_NUM,1
+PNAME+DOB+DRLIC-SSN-PASSPORT,1
+PNAME-DOB-GENDER-PASSPORT,1
+PNAME+DOB+LOGIN_ID+ACCT_NUM (Ambiguous),1
+PNAME+DOB+LOGIN_ID-SSN,1
+LIKELY_NAME+ADDRESS+PHONE+SSN-DOB,1
+PNAME+DOB+PASSPORT+ACCT_NUM-DRLIC,1
+PNAME+DOB+PASSPORT-DRLIC,1
+LIKELY_NAME+ADDRESS+PHONE-SSN,1
+LIKELY_NAME+ADDRESS+PHONE+PASSPORT-DRLIC,1
+LIKELY_NAME+ADDRESS+PHONE+PASSPORT+ACCT_NUM,1
+LIKELY_NAME+ADDRESS+PHONE+PASSPORT,1
+PNAME+DOB+PHONE+DRLIC+ACCT_NUM-GENDER-SSN,1
+PNAME+DOB+PHONE+DRLIC+ACCT_NUM-SSN-PASSPORT,1
+LIKELY_NAME+ADDRESS+PHONE-PASSPORT,1
+PNAME+DOB+PHONE+DRLIC-PASSPORT,1
+LIKELY_NAME+ADDRESS+PHONE+DRLIC+PASSPORT (Ambiguous),1
+PNAME+DOB+PHONE+DRLIC+PASSPORT+ACCT_NUM-GENERATION,1
+PNAME+DOB+PHONE+DRLIC-SSN,1
+PNAME+DOB+PHONE-GENDER-SSN,1
+PNAME+DOB+PHONE-GENDER-SSN-DRLIC,1
+PNAME+DOB+PHONE-GENDER-SSN-PASSPORT,1
+PNAME+DOB+PHONE+LOGIN_ID-DRLIC,1
+LIKELY_NAME+ADDRESS+PHONE+DRLIC+ACCT_NUM (Ambiguous),1
+PNAME+DOB+PHONE+PASSPORT+ACCT_NUM-SSN,1
+PNAME+DOB+PHONE+PASSPORT+ACCT_NUM-SSN-DRLIC,1
+LIKELY_NAME+ADDRESS+PHONE+DRLIC+ACCT_NUM,1
+PNAME+DOB+PHONE+PASSPORT+LOGIN_ID+ACCT_NUM (Ambiguous),1
+LIKELY_NAME+ADDRESS+PHONE+ACCT_NUM-SSN,1
+LIKELY_NAME+ADDRESS+PASSPORT+LOGIN_ID+ACCT_NUM,1
+PNAME+DOB+PHONE-SSN-DRLIC,1
+LIKELY_NAME+ADDRESS+PASSPORT+LOGIN_ID,1
+PNAME+DOB+PHONE+SSN-DRLIC (Ambiguous),1
+LIKELY_NAME+ADDRESS+LOGIN_ID+ACCT_NUM,1
+PNAME+DOB+PHONE+SSN-DRLIC-PASSPORT,1
+PNAME+DOB+PHONE+SSN+DRLIC+PASSPORT,1
+PNAME+DOB+PHONE+SSN+LOGIN_ID+ACCT_NUM (Ambiguous),1
+PNAME+DOB+PHONE+SSN+PASSPORT+ACCT_NUM-DRLIC,1
+LIKELY_NAME+ADDRESS-GENDER-PASSPORT,1
+LIKELY_NAME+ADDRESS-GENDER,1
+LIKELY_NAME+ADDRESS+DRLIC+PASSPORT+LOGIN_ID+ACCT_NUM,1
+PNAME+DOB+SSN+ACCT_NUM-DRLIC,1
+PNAME-DOB-SSN-DRLIC,1
+LIKELY_NAME+ADDRESS-DOB-SSN-DRLIC-PASSPORT,1
+LIKELY_NAME+ADDRESS-DOB-SSN-DRLIC,1
+PNAME+DOB+SSN+DRLIC-DRLIC,1
+LIKELY_NAME+ADDRESS-DOB-GENDER-SSN-DRLIC,1
+PNAME+DOB+SSN-GENDER,1
+PNAME+DOB+SSN-GENDER-DRLIC-PASSPORT,1
+PNAME+DOB+SSN+LOGIN_ID (Ambiguous),1
+LIKELY_NAME+ADDRESS-DOB-GENDER-PASSPORT,1
+PNAME+DOB+SSN+PASSPORT-GENERATION,1
+PNAME-DRLIC,1
+LIKELY_NAME+ADDRESS-DOB-GENDER,1
+LIKELY_NAME+ADDRESS-DOB-DRLIC,1
+PNAME+DRLIC+ACCT_NUM-DOB-PASSPORT,1
+PNAME+DRLIC+ACCT_NUM-GENERATION-PASSPORT,1
+PNAME+DRLIC+ACCT_NUM-PASSPORT,1
+LIKELY_NAME+ADDRESS-DOB,1
-GENERATION-GENDER-SSN,1
+PNAME+DRLIC-DOB-SSN-DRLIC,1
+PNAME+DRLIC-DRLIC,1
-GENERATION-DOB-SSN-DRLIC,1
+PNAME+DRLIC-GENERATION-GENDER-SSN-PASSPORT,1
+PNAME+DRLIC-GENERATION-PASSPORT,1
+PNAME+DRLIC-GENERATION-SSN,1
-GENERATION-DOB-GENDER-PASSPORT,1
-GENERATION-DOB-GENDER,1
+PNAME+DRLIC+PASSPORT+ACCT_NUM-DOB,1
+DRLIC+PASSPORT+LOGIN_ID+ACCT_NUM,1
+PNAME+DRLIC-SSN-DRLIC,1
+PNAME-GENDER-PASSPORT,1
+PNAME-GENDER-SSN-DRLIC,1
+PNAME-GENDER-SSN-PASSPORT,1
+DRLIC+PASSPORT-GENERATION,1
+DRLIC-GENERATION-SSN-DRLIC-PASSPORT,1
+DRLIC-GENERATION-GENDER-SSN-DRLIC-PASSPORT,1
+PNAME+LOGIN_ID-DOB-GENDER-DRLIC,1
+PNAME+LOGIN_ID-DOB-GENDER-DRLIC-PASSPORT,1
+DRLIC-GENERATION-DOB-SSN-DRLIC-PASSPORT,1
+DRLIC-GENERATION-DOB-GENDER-SSN-DRLIC-PASSPORT,1
+DRLIC+ACCT_NUM-SSN,1
+PNAME+LOGIN_ID-GENDER-SSN-DRLIC,1
+PNAME+LOGIN_ID-GENERATION-DOB-SSN-DRLIC,1
+DRLIC+ACCT_NUM-DOB,1
+PNAME+PASSPORT+ACCT_NUM-DOB,1
+PNAME+PASSPORT-DOB,1
+PNAME+PASSPORT-DOB-GENDER,1
+PNAME+PASSPORT-DOB-GENDER-SSN,1
+PNAME+PASSPORT-DOB-SSN-DRLIC,1
+PNAME+PASSPORT-GENDER,1
+PNAME+PASSPORT-GENDER-SSN,1
+PNAME+PASSPORT-GENERATION,1
+PNAME+PASSPORT-SSN-DRLIC,1
+DOB+SSN-GENERATION-GENDER,1
+DOB+SSN-GENERATION-DRLIC,1
+PNAME+PHONE+ACCT_NUM-DOB-GENDER-SSN,1
+PNAME+PHONE+ACCT_NUM-DOB-PASSPORT,1
+PNAME+PHONE+ACCT_NUM-GENDER,1
+PNAME+PHONE+ACCT_NUM-GENDER-SSN,1
+PNAME+PHONE+ACCT_NUM-PASSPORT,1
+PNAME+PHONE+ACCT_NUM-SSN-DRLIC,1
+DOB+SSN+DRLIC+PASSPORT+ACCT_NUM-GENERATION,1
+ACCT_NUM-DOB-GENDER-SSN-PASSPORT,1
+DOB+SSN (Ambiguous),1
+DOB-SSN,1
+PNAME+PHONE+DRLIC+ACCT_NUM-PASSPORT,1
+PNAME+PHONE+DRLIC-DOB-SSN,1
+PNAME+PHONE+DRLIC+LOGIN_ID+ACCT_NUM (Ambiguous),1
+DOB+PHONE+SSN+DRLIC+PASSPORT+LOGIN_ID+ACCT_NUM,1
+PNAME+PHONE+DRLIC+PASSPORT-DRLIC,1
+PNAME+PHONE+DRLIC+PASSPORT-SSN-DRLIC,1
+PNAME+PHONE+DRLIC-SSN-DRLIC,1
+PNAME+PHONE+DRLIC-SSN-DRLIC-PASSPORT,1
+DOB+PHONE+SSN+DRLIC+ACCT_NUM-PASSPORT,1
+PNAME+PHONE-GENERATION-DOB,1
+PNAME+PHONE-GENERATION-DOB-GENDER-SSN-DRLIC,1
+PNAME+PHONE-GENERATION-DOB-PASSPORT,1
+PNAME+PHONE-GENERATION-DOB-SSN-DRLIC,1
+PNAME+PHONE-GENERATION-GENDER-PASSPORT,1
+PNAME+PHONE-GENERATION-GENDER-SSN-DRLIC,1
+PNAME+PHONE-GENERATION-GENDER-SSN-PASSPORT,1
+PNAME+PHONE-GENERATION-SSN-DRLIC-PASSPORT,1
+PNAME+PHONE-GENERATION-SSN-PASSPORT,1
+PNAME+PHONE+PASSPORT-SSN,1
+DOB+PHONE+PASSPORT-GENERATION,1
+PNAME+PHONE+SSN+ACCT_NUM,1
+DOB+PHONE+PASSPORT+ACCT_NUM-SSN,1
+PNAME+PHONE+SSN+ACCT_NUM-PASSPORT,1
+PNAME+PHONE+SSN-DOB-DRLIC,1
+PNAME+PHONE+SSN+DRLIC+ACCT_NUM-GENERATION-DOB-PASSPORT,1
+PNAME+PHONE+SSN+DRLIC-DOB,1
+PNAME+PHONE+SSN+DRLIC-DOB-DRLIC-PASSPORT,1
+PNAME+PHONE+SSN+DRLIC-DRLIC,1
+PNAME+PHONE+SSN+DRLIC-PASSPORT,1
+PNAME+PHONE+SSN+DRLIC+PASSPORT+ACCT_NUM-DRLIC,1
+DOB+PHONE+DRLIC+PASSPORT-SSN,1
+PNAME+PHONE+SSN+LOGIN_ID+ACCT_NUM (Ambiguous),1
+PNAME+PHONE+SSN-PASSPORT,1
+PNAME+PHONE+SSN+PASSPORT+ACCT_NUM-DOB,1
+DOB+PHONE+DRLIC-PASSPORT,1
+DOB+PHONE-DRLIC-PASSPORT,1
+PNAME+PHONE+SSN+PASSPORT+LOGIN_ID+ACCT_NUM (Ambiguous),1
+PNAME+PHONE+SSN+PASSPORT+LOGIN_ID (Ambiguous),1
+DOB+PHONE+DRLIC+ACCT_NUM-GENERATION,1
+PNAME+SSN+ACCT_NUM-DOB,1
+PNAME+SSN+ACCT_NUM-DOB-DRLIC,1
+DOB+PHONE+ACCT_NUM-GENDER-SSN,1
+DOB+PHONE+ACCT_NUM-DRLIC-PASSPORT,1
+DOB+PASSPORT-SSN,1
+DOB+PASSPORT-GENERATION,1
+DOB+PASSPORT-GENDER-SSN-DRLIC,1
+DOB+PASSPORT-DRLIC,1
+PNAME+SSN+DRLIC+ACCT_NUM-DOB-PASSPORT,1
+PNAME+SSN+DRLIC+LOGIN_ID+ACCT_NUM (Ambiguous),1
+DOB+LOGIN_ID-SSN-DRLIC-PASSPORT,1
+PNAME+SSN+DRLIC+PASSPORT-GENERATION,1
+PNAME+SSN+DRLIC+PASSPORT+LOGIN_ID (Ambiguous),1
+ACCT_NUM-DOB-GENDER-PASSPORT,1
+NAME+DOB+PHONE+PASSPORT-SSN-DRLIC,1
+PNAME+SSN-GENERATION-DOB-DRLIC,1
+PNAME+SSN-GENERATION-DOB-GENDER-PASSPORT,1
+PNAME+SSN+LOGIN_ID+ACCT_NUM (Ambiguous),1
+DOB-GENDER-SSN,1
+DOB-GENDER,1
+DOB+DRLIC+PASSPORT+ACCT_NUM-GENERATION,1
+DOB+DRLIC+LOGIN_ID+ACCT_NUM,1
+PNAME+SSN+PASSPORT+LOGIN_ID (Ambiguous),1
+DOB+DRLIC-DRLIC-PASSPORT,1
+SSN+ACCT_NUM (Ambiguous),1
+SSN+ACCT_NUM-PASSPORT,1
+DOB+DRLIC+ACCT_NUM-GENERATION,1
+DOB+DRLIC+ACCT_NUM-DRLIC,1
+SSN+DRLIC+ACCT_NUM-GENERATION,1
+SSN+DRLIC (Ambiguous),1
+SSN+DRLIC-DOB-DRLIC,1
+SSN+DRLIC-DOB-PASSPORT,1
+SSN+DRLIC-GENERATION-DOB-PASSPORT,1
+DOB+ADDRESS+SSN-GENDER-PASSPORT,1
+DOB+ADDRESS+SSN-GENDER,1
+DOB+ADDRESS+SSN+DRLIC+PASSPORT-GENERATION,1
+SSN+DRLIC+PASSPORT+ACCT_NUM-DRLIC,1
+DOB+ADDRESS+SSN+DRLIC+PASSPORT-DRLIC,1
+DOB+ADDRESS+SSN+DRLIC+PASSPORT+ACCT_NUM (Ambiguous),1
+DOB+ADDRESS+SSN+DRLIC+ACCT_NUM-DRLIC,1
+DOB+ADDRESS+PHONE+SSN+PASSPORT+LOGIN_ID-DRLIC,1
+DOB+ADDRESS+PHONE+SSN+DRLIC+PASSPORT+LOGIN_ID+ACCT_NUM (Ambiguous),1
+SSN+PASSPORT+ACCT_NUM-DOB,1
+SSN+PASSPORT+ACCT_NUM-GENERATION,1
+DOB+ADDRESS+PHONE-SSN-DRLIC-PASSPORT,1
+SURNAME+ACCT_NUM-DOB-SSN,1
+SURNAME+ACCT_NUM-SSN,1
+SURNAME+ACCT_NUM-SSN-PASSPORT,1
+DOB+ADDRESS+PHONE+SSN+DRLIC-DRLIC,1
+SURNAME+ADDRESS+ACCT_NUM-PASSPORT,1
+SURNAME+ADDRESS+ACCT_NUM-SSN-DRLIC,1
+DOB+ADDRESS+PHONE-SSN-DRLIC,1
+DOB+ADDRESS+PHONE-GENDER-SSN-PASSPORT,1
+DOB+ADDRESS+PHONE+DRLIC-SSN-PASSPORT,1
+SURNAME+ADDRESS+DRLIC-DOB-DRLIC,1
+SURNAME+SSN+PASSPORT+ACCT_NUM-DRLIC,1
+DOB+ADDRESS+PHONE+DRLIC-DRLIC,1
+SURNAME+ADDRESS+DRLIC-PASSPORT,1
+DOB+ADDRESS+PHONE+DRLIC+ACCT_NUM-SSN-PASSPORT,1
+SURNAME+ADDRESS+DRLIC+PASSPORT+LOGIN_ID+ACCT_NUM,1
+SURNAME+ADDRESS+DRLIC-SSN-PASSPORT,1
+DOB+ADDRESS+PHONE+DRLIC+ACCT_NUM-DRLIC,1
+DOB+ADDRESS+PHONE+ACCT_NUM-GENDER,1
+SURNAME+ADDRESS-GENERATION-DOB-GENDER,1
+SURNAME+ADDRESS-GENERATION-DOB-GENDER-PASSPORT,1
+SURNAME+ADDRESS-GENERATION-DOB-PASSPORT,1
+SURNAME+ADDRESS-GENERATION-DRLIC,1
+SURNAME+ADDRESS-GENERATION-DRLIC-PASSPORT,1
+SURNAME+ADDRESS-GENERATION-GENDER,1
+SURNAME+ADDRESS-GENERATION-GENDER-DRLIC,1
+SURNAME+ADDRESS-GENERATION-PASSPORT,1
+SURNAME+ADDRESS+LOGIN_ID-DOB-SSN,1
+DOB+ADDRESS+PASSPORT+ACCT_NUM-SSN-DRLIC,1
+SURNAME+ADDRESS+PASSPORT+ACCT_NUM-DOB,1
+SURNAME+ADDRESS+PASSPORT+ACCT_NUM-GENERATION,1
+SURNAME+ADDRESS+PASSPORT+ACCT_NUM-SSN,1
+SURNAME+ADDRESS+PASSPORT-DRLIC,1
+SURNAME+ADDRESS+PASSPORT-GENERATION,1
+SURNAME+ADDRESS+PASSPORT-SSN,1
+DOB+ADDRESS+PASSPORT+ACCT_NUM-SSN,1
+SURNAME+ADDRESS+PHONE+ACCT_NUM (Ambiguous),1
+SURNAME+ADDRESS+PHONE+ACCT_NUM-DOB-SSN-DRLIC,1
+SURNAME+ADDRESS+PHONE+ACCT_NUM-PASSPORT,1
+SURNAME+ADDRESS+PHONE-DOB-DRLIC,1
+SURNAME+SSN+PASSPORT-DRLIC,1
+SURNAME+ADDRESS+PHONE+DRLIC+ACCT_NUM-DOB-SSN-PASSPORT,1
+SURNAME+ADDRESS+PHONE+DRLIC+ACCT_NUM-PASSPORT,1
+SURNAME+ADDRESS+PHONE+DRLIC-DOB-SSN,1
+SURNAME+ADDRESS+PHONE+DRLIC-DRLIC-PASSPORT,1
+DOB+ADDRESS-GENERATION-SSN-DRLIC-PASSPORT,1
+DOB+ADDRESS-GENERATION-SSN-DRLIC,1
+SURNAME+ADDRESS+PHONE+DRLIC-SSN-DRLIC,1
+DOB+ADDRESS+DRLIC-SSN-DRLIC,1
+SURNAME+ADDRESS+PHONE+PASSPORT+ACCT_NUM-DOB,1
+SURNAME+ADDRESS+PHONE+PASSPORT+ACCT_NUM-SSN,1
+DOB+ADDRESS+DRLIC+PASSPORT-SSN,1
+DOB+ADDRESS+DRLIC+PASSPORT-GENERATION,1
+DOB+ADDRESS+DRLIC+PASSPORT+ACCT_NUM-GENERATION,1
+SURNAME+ADDRESS+PHONE+SSN+ACCT_NUM-DOB-PASSPORT,1
+DOB+ADDRESS+DRLIC+PASSPORT+ACCT_NUM-DRLIC,1
+SURNAME+ADDRESS+PHONE+SSN-DOB-DRLIC,1
+SURNAME+ADDRESS+PHONE-SSN-DRLIC,1
+SURNAME+ADDRESS+PHONE+SSN+DRLIC+ACCT_NUM-DOB,1
+SURNAME+ADDRESS+PHONE+SSN+DRLIC (Ambiguous),1
+SURNAME+ADDRESS+PHONE+SSN+DRLIC-DOB-DRLIC,1
+SURNAME+ADDRESS+PHONE+SSN+DRLIC-DRLIC,1
+SURNAME+ADDRESS+PHONE+SSN+DRLIC-DRLIC-PASSPORT,1
+DOB+ADDRESS+DRLIC+ACCT_NUM-SSN,1
+SURNAME+ADDRESS+PHONE-SSN-DRLIC-PASSPORT,1
+DOB+ADDRESS+DRLIC+ACCT_NUM-DRLIC,1
+SURNAME+ADDRESS+PHONE+SSN+DRLIC+PASSPORT+ACCT_NUM-DRLIC,1
+SURNAME+ADDRESS+PHONE+SSN+DRLIC+PASSPORT+ACCT_NUM-GENERATION,1
+SURNAME+ADDRESS+PHONE+SSN+DRLIC+PASSPORT-DRLIC,1
+SURNAME+ADDRESS+PHONE+SSN-GENDER,1
+DOB+ADDRESS+ACCT_NUM-PASSPORT,1
+SURNAME+ADDRESS+PHONE+SSN+PASSPORT+ACCT_NUM (Ambiguous),1
+SURNAME+ADDRESS+PHONE+SSN+PASSPORT+ACCT_NUM-DOB,1
+SURNAME+ADDRESS+PHONE+SSN+PASSPORT+ACCT_NUM-GENERATION,1
+SURNAME+ADDRESS+PHONE+SSN+PASSPORT+LOGIN_ID+ACCT_NUM-DRLIC,1
+DOB+ACCT_NUM-PASSPORT,1
+SURNAME+ADDRESS+SSN-DOB,1
+ADDRESS+SSN+PASSPORT-GENDER,1
+SURNAME+ADDRESS+SSN+DRLIC-DRLIC,1
+SURNAME+SSN+PASSPORT-GENERATION,1
+ADDRESS+SSN+PASSPORT (Ambiguous),1
+SURNAME+ADDRESS+SSN+DRLIC+PASSPORT+ACCT_NUM-GENERATION,1
+SURNAME+ADDRESS+SSN-GENERATION,1
+ADDRESS+SSN+PASSPORT+ACCT_NUM-DOB,1
+ADDRESS+SSN-GENDER-PASSPORT,1
+SURNAME+ADDRESS+SSN+PASSPORT+ACCT_NUM-DOB,1
+SURNAME+ADDRESS+SSN+PASSPORT+ACCT_NUM-DRLIC,1
+SURNAME+ADDRESS+SSN+PASSPORT-DOB,1
+SURNAME+ADDRESS+SSN+PASSPORT-DRLIC,1
+SURNAME+ADDRESS+SSN+PASSPORT-GENERATION,1
+SURNAME+DOB+ACCT_NUM-PASSPORT,1
+SURNAME+DOB+ACCT_NUM-SSN-PASSPORT,1
+ADDRESS+SSN+DRLIC+PASSPORT-DRLIC,1
+SURNAME+DOB+ADDRESS+ACCT_NUM-DRLIC,1
+SURNAME+DOB+ADDRESS+ACCT_NUM-SSN-DRLIC,1
+SURNAME+DOB+ADDRESS+DRLIC+ACCT_NUM-SSN,1
+SURNAME+DOB+ADDRESS+DRLIC+ACCT_NUM-SSN-DRLIC,1
+SURNAME+DOB+ADDRESS+DRLIC+LOGIN_ID+ACCT_NUM,1
+SURNAME+DOB+ADDRESS+DRLIC+PASSPORT+LOGIN_ID,1
+SURNAME+DOB+ADDRESS-GENERATION,1
+SURNAME+DOB+ADDRESS-PASSPORT,1
+ADDRESS+SSN+DRLIC-DRLIC,1
+ADDRESS+SSN+DRLIC-DOB-DRLIC,1
+SURNAME+DOB+ADDRESS+PASSPORT+ACCT_NUM-DRLIC,1
+SURNAME+DOB+ADDRESS+PASSPORT+ACCT_NUM-SSN,1
+SURNAME+DOB+ADDRESS+PASSPORT-DRLIC,1
+SURNAME+DOB+ADDRESS+PASSPORT-GENDER-SSN,1
+ADDRESS+SSN+DRLIC (Ambiguous),1
+SURNAME+DOB+ADDRESS+PHONE+ACCT_NUM-DRLIC-PASSPORT,1
+SURNAME+DOB+ADDRESS+PHONE+ACCT_NUM-GENERATION,1
+SURNAME+DOB+ADDRESS+PHONE+ACCT_NUM-SSN-DRLIC-PASSPORT,1
+SURNAME+DOB+ADDRESS+PHONE (Ambiguous),1
+ADDRESS+SSN+DRLIC+ACCT_NUM-PASSPORT,1
+SURNAME+DOB+ADDRESS+PHONE+DRLIC+ACCT_NUM-SSN-PASSPORT,1
+SURNAME+DOB+ADDRESS+PHONE+DRLIC (Ambiguous),1
+SURNAME+DOB+ADDRESS+PHONE+DRLIC-DRLIC,1
+SURNAME+DOB+ADDRESS+PHONE+DRLIC-GENERATION,1
+ADDRESS+SSN+DRLIC+ACCT_NUM-DRLIC,1
+SURNAME+DOB+ADDRESS+PHONE-DRLIC-PASSPORT,1
+SURNAME+DOB+ADDRESS+PHONE+DRLIC-PASSPORT,1
+ADDRESS+SSN-DOB-PASSPORT,1
+ADDRESS+SSN-DOB-GENDER-DRLIC,1
+SURNAME+DOB+ADDRESS+PHONE+DRLIC+PASSPORT+ACCT_NUM-GENERATION-SSN,1
+SURNAME+DOB+ADDRESS+PHONE+DRLIC+PASSPORT-SSN,1
+SURNAME+DOB+ADDRESS+PHONE-GENERATION-SSN,1
+ADDRESS+SSN (Ambiguous),1
+SURNAME+DOB+ADDRESS+PHONE+PASSPORT+ACCT_NUM-GENERATION,1
+SURNAME+DOB+ADDRESS+PHONE+PASSPORT-GENERATION,1
+SURNAME+DOB+ADDRESS+PHONE+PASSPORT-GENERATION-SSN,1
+SURNAME+DOB+ADDRESS+PHONE+PASSPORT-SSN,1
+ADDRESS+SSN+ACCT_NUM-GENDER,1
+ADDRESS+SSN+ACCT_NUM-DOB-PASSPORT,1
+SURNAME+DOB+ADDRESS+PHONE+SSN+ACCT_NUM-GENERATION,1
+ADDRESS+SSN+ACCT_NUM-DOB-GENDER-PASSPORT,1
+ADDRESS+SSN+ACCT_NUM (Ambiguous),1
+SURNAME+DOB+ADDRESS+PHONE+SSN+DRLIC+ACCT_NUM-DRLIC,1
+ADDRESS+PHONE+SSN+PASSPORT+ACCT_NUM-DOB,1
+SURNAME+DOB+ADDRESS+PHONE+SSN+DRLIC-DRLIC,1
+SURNAME+DOB+ADDRESS+PHONE-SSN-DRLIC-PASSPORT,1
+SURNAME+DOB+ADDRESS+PHONE+SSN+DRLIC+PASSPORT+LOGIN_ID+ACCT_NUM,1
+SURNAME+DOB+ADDRESS+PHONE+SSN+LOGIN_ID+ACCT_NUM (Ambiguous),1
+ADDRESS+PHONE+SSN+DRLIC+PASSPORT-DRLIC,1
+SURNAME+DOB+ADDRESS+PHONE+SSN+PASSPORT-GENERATION,1
+SURNAME+DOB+ADDRESS+PHONE+SSN+PASSPORT+LOGIN_ID+ACCT_NUM,1
+ADDRESS+PHONE-SSN-DRLIC-PASSPORT,1
+SURNAME+DOB+ADDRESS+SSN+ACCT_NUM-GENERATION,1
+SURNAME+DOB+ADDRESS+SSN+DRLIC+ACCT_NUM-GENDER-PASSPORT,1
+SURNAME+DOB+ADDRESS+SSN+DRLIC-GENERATION,1
+SURNAME+DOB+ADDRESS-SSN-DRLIC-PASSPORT,1
+ADDRESS+PHONE+SSN+DRLIC-DOB-GENDER-PASSPORT,1
+ADDRESS+PHONE+SSN+DRLIC-DOB-DRLIC-PASSPORT,1
+SURNAME+DOB+ADDRESS+SSN+DRLIC+PASSPORT (Ambiguous),1
+SURNAME+DOB+ADDRESS+SSN+DRLIC+PASSPORT+LOGIN_ID+ACCT_NUM,1
+SURNAME+DOB+ADDRESS+SSN-GENERATION,1
+ADDRESS+PHONE+SSN+DRLIC+ACCT_NUM-PASSPORT,1
+SURNAME+DOB+ADDRESS+SSN+PASSPORT+ACCT_NUM-DRLIC,1
+SURNAME+DOB+ADDRESS+SSN+PASSPORT+ACCT_NUM-GENERATION,1
+SURNAME+DOB+ADDRESS+SSN+PASSPORT-GENERATION,1
+ADDRESS+PHONE+SSN+DRLIC+ACCT_NUM-GENDER-PASSPORT,1
+ADDRESS+PHONE+SSN+DRLIC+ACCT_NUM-GENDER,1
+SURNAME+DOB+DRLIC-GENERATION,1
+SURNAME+DOB+DRLIC+LOGIN_ID,1
+ADDRESS+PHONE+SSN+DRLIC+ACCT_NUM-DRLIC-PASSPORT,1
+SURNAME+DOB+DRLIC+PASSPORT+LOGIN_ID+ACCT_NUM,1
+SURNAME-DOB-GENDER-SSN-DRLIC,1
+SURNAME-DOB-GENDER-SSN-PASSPORT,1
+SURNAME+DOB+LOGIN_ID+ACCT_NUM,1
+SURNAME+DOB+PASSPORT+ACCT_NUM-DRLIC,1
+SURNAME+DOB+PASSPORT+LOGIN_ID+ACCT_NUM,1
+SURNAME+DOB+PASSPORT-SSN,1
+ADDRESS+PHONE+SSN-DOB-GENDER,1
+SURNAME+DOB+PHONE+ACCT_NUM-DRLIC,1
+SURNAME+DOB+PHONE+ACCT_NUM-PASSPORT,1
+ADDRESS+PHONE+SSN+ACCT_NUM-SSN,1
+SURNAME+DOB+PHONE+DRLIC+ACCT_NUM-SSN-DRLIC,1
+SURNAME+DOB+PHONE+DRLIC+LOGIN_ID,1
+SURNAME+DOB+PHONE+DRLIC+LOGIN_ID+ACCT_NUM,1
+SURNAME+DOB+PHONE+DRLIC-PASSPORT,1
+ADDRESS+PHONE+SSN+ACCT_NUM-GENDER,1
+SURNAME+DOB+PHONE+DRLIC+PASSPORT+ACCT_NUM-SSN,1
+SURNAME+DOB+PHONE+DRLIC-SSN-PASSPORT,1
+SURNAME+DOB+PHONE-GENDER,1
+SURNAME+DOB+PHONE-PASSPORT,1
+ADDRESS+PHONE+SSN+ACCT_NUM-DRLIC-PASSPORT,1
+SURNAME+DOB+PHONE+PASSPORT+ACCT_NUM-DRLIC,1
+SURNAME+DOB+PHONE+PASSPORT+ACCT_NUM-SSN,1
+ADDRESS+PHONE+SSN+ACCT_NUM-DOB-GENDER-PASSPORT,1
+ADDRESS+PHONE+SSN+ACCT_NUM-DOB-DRLIC,1
+SURNAME+DOB+PHONE+SSN+ACCT_NUM-GENERATION,1
+SURNAME+DOB+PHONE+SSN+ACCT_NUM-PASSPORT,1
+ADDRESS+PHONE+PASSPORT+LOGIN_ID-DRLIC,1
+SURNAME+DOB+PHONE+SSN+DRLIC+ACCT_NUM-GENERATION,1
+SURNAME+DOB+PHONE+SSN+DRLIC-GENERATION,1
+SURNAME+DOB+PHONE+SSN+DRLIC-PASSPORT,1
+ADDRESS+PHONE+PASSPORT-DOB-SSN-DRLIC,1
+SURNAME+DOB+PHONE+SSN+DRLIC+PASSPORT+ACCT_NUM (Ambiguous),1
+SURNAME+DOB+PHONE+SSN+DRLIC+PASSPORT+ACCT_NUM-DRLIC,1
+SURNAME+DOB+PHONE+SSN+DRLIC+PASSPORT+LOGIN_ID,1
+ADDRESS+PHONE+PASSPORT-DOB-SSN,1
+SURNAME+DOB+PHONE+SSN+PASSPORT+ACCT_NUM-DRLIC,1
+ADDRESS+PHONE+PASSPORT (Ambiguous),1
+SURNAME+DOB+SSN+ACCT_NUM-DRLIC,1
+SURNAME+DOB+SSN (Ambiguous),1
+SURNAME+DOB+SSN+DRLIC+ACCT_NUM-DRLIC,1
+ADDRESS+PHONE+PASSPORT+ACCT_NUM-DOB-SSN-DRLIC,1
+SURNAME+DOB+SSN+DRLIC+PASSPORT+LOGIN_ID+ACCT_NUM,1
+SURNAME+DOB+SSN-GENDER,1
+SURNAME+DOB+SSN-GENERATION,1
+ADDRESS+PHONE+PASSPORT+ACCT_NUM-DOB,1
+SURNAME+DOB+SSN+PASSPORT-DRLIC,1
+SURNAME+DRLIC+ACCT_NUM-DOB,1
+SURNAME+DRLIC+ACCT_NUM-SSN,1
+ADDRESS+PHONE+DRLIC-SSN-DRLIC-PASSPORT,1
+ADDRESS+PHONE+DRLIC+PASSPORT+ACCT_NUM-DOB-GENDER-SSN,1
+ADDRESS+PHONE+DRLIC-PASSPORT,1
+SURNAME+DRLIC-GENERATION,1
+SURNAME+DRLIC-GENERATION-DOB-SSN,1
+SURNAME+DRLIC-GENERATION-GENDER-SSN,1
+SURNAME+DRLIC-GENERATION-SSN,1
+SURNAME+DRLIC+LOGIN_ID+ACCT_NUM,1
+SURNAME-DRLIC-PASSPORT,1
+ADDRESS+PHONE+DRLIC-DOB-DRLIC-PASSPORT,1
+ADDRESS+PHONE+DRLIC-DOB,1
+ADDRESS+PHONE+DRLIC+ACCT_NUM-SSN-PASSPORT,1
+SURNAME-GENDER,1
+SURNAME-GENDER-SSN-DRLIC-PASSPORT,1
+SURNAME-GENDER-SSN-PASSPORT,1
+ADDRESS+PHONE+DRLIC+ACCT_NUM-GENDER,1
+SURNAME+LOGIN_ID-DOB-GENDER-DRLIC-PASSPORT,1
+ADDRESS+PHONE+DRLIC+ACCT_NUM-DRLIC,1
+ADDRESS+PHONE-DOB-SSN-DRLIC-PASSPORT,1
+ADDRESS+PHONE-DOB-SSN-DRLIC,1
+SURNAME+LOGIN_ID-GENERATION-DOB-GENDER-SSN,1
+SURNAME+LOGIN_ID-GENERATION-GENDER-PASSPORT,1
+ADDRESS+PHONE-DOB-GENDER-SSN-DRLIC-PASSPORT,1
+SURNAME+LOGIN_ID-SSN-DRLIC-PASSPORT,1
+ADDRESS+PHONE-DOB-GENDER-PASSPORT,1
+SURNAME+PASSPORT-DOB-GENDER-SSN,1
+SURNAME+PASSPORT-DOB-GENDER-SSN-DRLIC,1
+SURNAME+PASSPORT-GENDER-SSN,1
+SURNAME+PASSPORT-SSN-DRLIC,1
+ADDRESS+PHONE+ACCT_NUM-SSN-DRLIC,1
+SURNAME+PHONE+ACCT_NUM-DOB-PASSPORT,1
+SURNAME+PHONE+ACCT_NUM-GENDER-SSN,1
+SURNAME+PHONE+ACCT_NUM-GENERATION,1
+SURNAME+PHONE+ACCT_NUM-SSN-PASSPORT,1
+ADDRESS+PHONE+ACCT_NUM-DOB-PASSPORT,1
+ADDRESS+PHONE+ACCT_NUM-DOB-GENDER-PASSPORT,1
+ADDRESS+PASSPORT-SSN-DRLIC,1
+ADDRESS+PASSPORT-SSN,1
+ADDRESS+PASSPORT-DOB-DRLIC,1
+ADDRESS+PASSPORT+ACCT_NUM-GENERATION,1
+ADDRESS+LOGIN_ID-DOB-GENDER-SSN,1
+ADDRESS+DRLIC-SSN-DRLIC-PASSPORT,1
+SURNAME+PHONE+DRLIC+ACCT_NUM-GENERATION,1
+SURNAME+PHONE+DRLIC+ACCT_NUM-SSN-DRLIC,1
+SURNAME+PHONE+DRLIC-GENERATION,1
+SURNAME+PHONE+DRLIC-PASSPORT,1
+ADDRESS+DRLIC+PASSPORT-SSN,1
+SURNAME+PHONE+DRLIC+PASSPORT+ACCT_NUM-SSN-DRLIC,1
+SURNAME+PHONE+DRLIC+PASSPORT-GENERATION,1
+SURNAME+PHONE+DRLIC+PASSPORT+LOGIN_ID+ACCT_NUM,1
+SURNAME+PHONE+DRLIC+PASSPORT-SSN,1
+SURNAME+PHONE+DRLIC-SSN,1
+ADDRESS+DRLIC+PASSPORT+LOGIN_ID+ACCT_NUM,1
+ADDRESS+DRLIC+PASSPORT+LOGIN_ID,1
+ADDRESS+DRLIC-GENERATION-DOB-SSN,1
+SURNAME+PHONE-GENERATION-DOB-GENDER-PASSPORT,1
+SURNAME+PHONE-GENERATION-DOB-GENDER-SSN,1
+SURNAME+PHONE-GENERATION-DOB-GENDER-SSN-DRLIC,1
+SURNAME+PHONE-GENERATION-DOB-GENDER-SSN-DRLIC-PASSPORT,1
+SURNAME+PHONE-GENERATION-DOB-SSN,1
+SURNAME+PHONE-GENERATION-GENDER-SSN-DRLIC,1
+SURNAME+PHONE-GENERATION-SSN-PASSPORT,1
+ADDRESS+DRLIC-GENDER-SSN-PASSPORT,1
+ADDRESS+DRLIC-GENDER-SSN,1
+ADDRESS+DRLIC-DRLIC,1
+SURNAME+PHONE+PASSPORT+ACCT_NUM-SSN,1
+ADDRESS+DRLIC-DOB-SSN,1
+SURNAME+PHONE+SSN+ACCT_NUM-DOB-DRLIC,1
+SURNAME+PHONE+SSN+ACCT_NUM-GENDER-DRLIC-PASSPORT,1
+SURNAME+PHONE+SSN-DOB-DRLIC,1
+ADDRESS+DRLIC+ACCT_NUM-SSN-DRLIC,1
+ADDRESS+DRLIC+ACCT_NUM-PASSPORT,1
+ADDRESS+DRLIC+ACCT_NUM-GENERATION,1
+SURNAME+PHONE+SSN+DRLIC+PASSPORT-DRLIC,1
+SURNAME+PHONE+SSN+DRLIC+PASSPORT-GENERATION,1
+SURNAME+PHONE+SSN-GENDER,1
+SURNAME+PHONE+SSN-GENERATION,1
+ADDRESS+DRLIC+ACCT_NUM-DRLIC,1
+ADDRESS+ACCT_NUM-SSN-DRLIC,1
+SURNAME+PHONE+SSN+PASSPORT+ACCT_NUM-GENERATION,1
+SURNAME+PHONE+SSN+PASSPORT-DRLIC,1
+SURNAME+PHONE+SSN+PASSPORT-GENERATION,1
+ADDRESS+ACCT_NUM-GENDER,1
+SURNAME+SSN+ACCT_NUM-DOB,1
+ADDRESS+ACCT_NUM-DOB-SSN-PASSPORT,1
+ADDRESS+ACCT_NUM-DOB-PASSPORT,1
+ACCT_NUM-SSN-DRLIC,1
+ACCT_NUM-GENDER-SSN-PASSPORT,1
+SURNAME+SSN+DRLIC+ACCT_NUM-PASSPORT,1
+SURNAME+SSN+DRLIC-DOB-PASSPORT,1
+ACCT_NUM-GENDER-PASSPORT,1
+ACCT_NUM-GENDER,1
+SURNAME+SSN+DRLIC+PASSPORT+ACCT_NUM-DRLIC,1
+SURNAME+SSN+DRLIC+PASSPORT+LOGIN_ID,1
+NAME+DOB+PHONE-GENDER,1
+NAME+DOB+PHONE-GENDER-SSN-PASSPORT,1
+NAME+DOB+PHONE+LOGIN_ID+ACCT_NUM (Ambiguous),1
+NAME+DOB+PHONE+LOGIN_ID (Ambiguous),1
+NAME+DOB+PHONE+DRLIC+PASSPORT+ACCT_NUM-SSN,1
+NAME+DOB+PHONE+DRLIC+PASSPORT+ACCT_NUM-GENERATION,1
+NAME+DOB+PHONE+DRLIC-PASSPORT,1
+NAME+DOB+PHONE+PASSPORT+ACCT_NUM-GENERATION,1
+NAME+DOB+PHONE+PASSPORT+LOGIN_ID+ACCT_NUM (Ambiguous),1
