match_key,count
+ADDRESS-SSN,2684605
+NAME,2570171
+ADDRESS,2341424
+ADDRESS-DOB-SSN,1675808
+ADDRESS-GENDER-SSN,1562714
+ADDRESS-DOB-SSN-PASSPORT,1283564
+ADDRESS-GENDER,1210378
+ADDRESS-DOB-GENDER-SSN,1126352
+ADDRESS-DOB-GENDER-SSN-PASSPORT,1070170
+ADDRESS-DOB,1023623
+ADDRESS-SSN-PASSPORT,1014384
+ADDRESS-GENDER-SSN-PASSPORT,674820
+ADDRESS-PASSPORT,599712
+ADDRESS-DOB-GENDER,592076
+SSN,422772
+ADDRESS-DOB-PASSPORT,361209
+ADDRESS-GENDER-PASSPORT,348857
+ADDRESS-SSN-DRLIC,330142
+NAME+DOB-SSN,319188
+PNAME+ADDRESS+PHONE,315331
+ADDRESS-DOB-SSN-DRLIC-PASSPORT,254695
+ADDRESS-DOB-SSN-DRLIC,253737
+DRLIC-SSN,253630
+ADDRESS-DRLIC,233794
+NAME+DOB,233409
+ADDRESS-DOB-GENDER-PASSPORT,231686
+DRLIC,226767
+ADDRESS-DOB-GENDER-SSN-DRLIC-PASSPORT,223371
+SSN-GENDER,209201
+SSN-DOB,204394
+ADDRESS-GENDER-SSN-DRLIC,204058
+ADDRESS+PHONE+SSN,193866
+ADDRESS-DOB-GENDER-SSN-DRLIC,185319
+NAME+DOB-SSN-PASSPORT,178019
+DRLIC-DOB-SSN,167095
+ADDRESS+PHONE,164441
+ADDRESS-SSN-DRLIC-PASSPORT,152419
+DRLIC-GENDER-SSN,149534
+PNAME+PHONE,133456
+DRLIC-DOB-SSN-PASSPORT,130735
+ADDRESS-GENDER-DRLIC,130065
+SSN-DOB-GENDER,129929
+PNAME+ADDRESS,125053
+SSN-PASSPORT,124326
+PHONE,122849
+SSN-DOB-PASSPORT,120857
+ADDRESS-DOB-DRLIC,119893
+ADDRESS+PHONE+SSN+ACCT_NUM,115276
+DRLIC-DOB-GENDER-SSN,114166
+DRLIC-GENDER,110407
+DRLIC-DOB-GENDER-SSN-PASSPORT,109517
+ADDRESS-GENDER-SSN-DRLIC-PASSPORT,109178
+PHONE+SSN,102382
+DRLIC-SSN-PASSPORT,99952
+SSN-DOB-GENDER-PASSPORT,95189
+DRLIC-DOB,94474
+ADDRESS+PHONE+ACCT_NUM,91068
+ADDRESS+SSN,88496
+ADDRESS+PHONE+SSN+DRLIC,81396
+LOGIN_ID-SSN,79460
+SSN-GENDER-PASSPORT,78623
+SURNAME+ADDRESS+PHONE+SSN,78277
+ADDRESS-DOB-GENDER-DRLIC,73220
+ADDRESS-DRLIC-PASSPORT,72375
+NAME+DOB-PASSPORT,70380
+DOB+ADDRESS+PHONE,68423
+DRLIC-GENDER-SSN-PASSPORT,67726
+LOGIN_ID,67114
+ADDRESS+PHONE+DRLIC,63446
+ADDRESS+PHONE+SSN+PASSPORT,60649
+PNAME+DOB+PHONE,59977
+SURNAME+ADDRESS+PHONE,57382
+NAME+DOB-GENDER-SSN,57107
+DRLIC-PASSPORT,56491
+ADDRESS+PHONE+SSN+DRLIC+ACCT_NUM,56313
+DRLIC-DOB-GENDER,55861
+PHONE+SSN+ACCT_NUM,55066
+PNAME+ACCT_NUM,55013
+PHONE+ACCT_NUM,54940
+PNAME+ADDRESS+PHONE+DRLIC,53954
+PNAME+DOB+ADDRESS,53409
+PHONE-SSN,51753
+ADDRESS-DOB-DRLIC-PASSPORT,50112
+PNAME+DOB+ADDRESS+PHONE,50024
+SURNAME+ADDRESS+PHONE+SSN+ACCT_NUM,49715
+ADDRESS+SSN+ACCT_NUM,48163
+NAME+DOB-GENDER,46860
+ADDRESS+ACCT_NUM,46651
+DOB+ADDRESS+PHONE+ACCT_NUM,46372
+LOGIN_ID-DOB-SSN,45419
+ADDRESS+PHONE+PASSPORT,45238
+LOGIN_ID-GENDER-SSN,45046
+DOB+ADDRESS+PHONE+SSN,44934
+ADDRESS-GENDER-DRLIC-PASSPORT,43764
+NAME+DOB-SSN-DRLIC,43428
+SSN-DRLIC,43140
+ADDRESS+PHONE+SSN+PASSPORT+ACCT_NUM,42918
+SURNAME+PHONE+SSN,37725
+PHONE+SSN+DRLIC,37436
+NAME+DRLIC,37324
+PHONE+DRLIC,36918
+ACCT_NUM,35831
+SURNAME+ADDRESS+PHONE+SSN+DRLIC,35710
+DRLIC-DOB-PASSPORT,35601
+ADDRESS+PHONE+DRLIC+ACCT_NUM,35209
+SURNAME+ADDRESS+PHONE+ACCT_NUM,35020
+LOGIN_ID-GENDER,35011
+PNAME+DRLIC,34586
+ADDRESS-DOB-GENDER-DRLIC-PASSPORT,34173
+ADDRESS+SSN+DRLIC,33118
+DRLIC-GENDER-PASSPORT,32803
+DOB+ADDRESS+PHONE+DRLIC,32546
+SURNAME+ADDRESS+SSN,32410
+ADDRESS+DRLIC,31727
+NAME+DOB-SSN-DRLIC-PASSPORT,31662
+PHONE-DOB-SSN,31526
+ADDRESS+PHONE+SSN+DRLIC+PASSPORT,31060
+PHONE-GENDER-SSN,29899
+PNAME+PHONE+DRLIC,29819
+SSN+ACCT_NUM,29550
+LOGIN_ID-DOB-GENDER-SSN,29491
+SURNAME+DOB+ADDRESS+PHONE,29305
+LOGIN_ID-DOB-SSN-PASSPORT,29001
+DOB+ADDRESS+PHONE+SSN+ACCT_NUM,28718
+NAME+DOB-GENDER-SSN-PASSPORT,28717
+SSN-DOB-DRLIC,28584
+LOGIN_ID-DOB,28033
+DOB+ADDRESS+SSN,27876
+DOB+PHONE,27852
+PHONE+SSN+PASSPORT,27660
+DOB+PHONE+SSN,27550
+SURNAME+PHONE,27477
+LOGIN_ID-SSN-PASSPORT,27448
+SURNAME+ADDRESS+PHONE+SSN+DRLIC+ACCT_NUM,27362
+SURNAME+ADDRESS+PHONE+SSN+PASSPORT,27095
+ADDRESS+PHONE+PASSPORT+ACCT_NUM,26866
+PNAME+ADDRESS+DRLIC,26289
+SSN-GENDER-DRLIC,25601
+ADDRESS+PHONE+SSN+DRLIC+PASSPORT+ACCT_NUM,25585
+SURNAME+ADDRESS,25570
+DOB+ADDRESS,25471
+SURNAME+ADDRESS+PHONE+DRLIC,24781
+PHONE+PASSPORT,24756
+NAME+DOB-DRLIC,24659
+ADDRESS+SSN+PASSPORT,24366
+DOB+ADDRESS+PHONE+PASSPORT,24055
+DOB+SSN,23867
+PHONE-GENDER,23184
+LOGIN_ID-DOB-GENDER-SSN-PASSPORT,23108
+DRLIC-DOB-GENDER-PASSPORT,23009
+DOB+ADDRESS+PHONE+DRLIC+ACCT_NUM,22671
+DOB+PHONE+ACCT_NUM,22296
+SSN-DOB-DRLIC-PASSPORT,22036
+PHONE-DOB-SSN-PASSPORT,21899
+ADDRESS+PASSPORT,21189
+SURNAME+PHONE+SSN+ACCT_NUM,21100
+PHONE-DOB-GENDER-SSN,20810
+PHONE+SSN+DRLIC+ACCT_NUM,20695
+SURNAME+ADDRESS+PHONE+SSN+PASSPORT+ACCT_NUM,20523
+SURNAME+DOB+ADDRESS+PHONE+ACCT_NUM,20256
+PNAME+PASSPORT,20196
+SURNAME+DOB+ADDRESS+PHONE+SSN,20028
+SSN-DOB-GENDER-DRLIC,19610
+PHONE-DOB,19592
+DOB+ADDRESS+ACCT_NUM,19574
+SSN+DRLIC,19436
+PHONE-SSN-PASSPORT,19106
+ADDRESS+PHONE+DRLIC+PASSPORT,18961
+ADDRESS+SSN+DRLIC+ACCT_NUM,18901
+SSN-DOB-GENDER-DRLIC-PASSPORT,18458
+SURNAME+ADDRESS+SSN+ACCT_NUM,18272
+SURNAME+PHONE+ACCT_NUM,18219
+PNAME+ADDRESS+PHONE+SSN (Ambiguous),18145
+SURNAME+SSN,18134
+PHONE-DOB-GENDER-SSN-PASSPORT,18061
+SURNAME+ADDRESS+PHONE+PASSPORT,17810
+LOGIN_ID-GENDER-SSN-PASSPORT,17551
+SSN-DRLIC-PASSPORT,17394
+DOB+ADDRESS+PHONE+PASSPORT+ACCT_NUM,17079
+LOGIN_ID-PASSPORT,16916
+PNAME+DRLIC+ACCT_NUM,16605
+PHONE+DRLIC+ACCT_NUM,16489
+DOB+ADDRESS+SSN+ACCT_NUM,16107
+PHONE+SSN+PASSPORT+ACCT_NUM,16035
+LOGIN_ID-DOB-GENDER,15901
+SURNAME+ADDRESS+ACCT_NUM,15840
+SURNAME+ADDRESS+PHONE+DRLIC+ACCT_NUM,15518
+DOB+PHONE+SSN+ACCT_NUM,15459
+SURNAME+ADDRESS+PHONE+SSN+DRLIC+PASSPORT,15313
+SURNAME+DOB+ADDRESS+PHONE+DRLIC,14804
+DOB+PHONE+DRLIC,14665
+SURNAME+PHONE+SSN+DRLIC,14506
+ADDRESS+DRLIC+ACCT_NUM,14362
+ADDRESS+SSN+PASSPORT+ACCT_NUM,14339
+PNAME+ADDRESS-SSN,14316
+SURNAME+ADDRESS+PHONE+SSN+DRLIC+PASSPORT+ACCT_NUM,14294
+DOB+ADDRESS+PHONE+SSN+DRLIC,14016
+PASSPORT,13879
+SSN+PASSPORT,13539
+SURNAME+DOB+ADDRESS+PHONE+SSN+ACCT_NUM,13458
+ADDRESS+PHONE+DRLIC+PASSPORT+ACCT_NUM,13153
+SURNAME+ADDRESS+SSN+DRLIC,12869
+DOB+ADDRESS+DRLIC,12782
+NAME+DOB-GENDER-PASSPORT,12765
+PNAME+PASSPORT+ACCT_NUM,12723
+NAME+PASSPORT,12641
+PHONE+PASSPORT+ACCT_NUM,12598
+DOB+ACCT_NUM,12472
+PHONE-GENDER-SSN-PASSPORT,12441
+DOB+ADDRESS+PHONE+DRLIC+PASSPORT,12414
+PNAME+PHONE+SSN (Ambiguous),12358
+SURNAME+PHONE+DRLIC,12283
+DOB+SSN+ACCT_NUM,12045
+NAME+ADDRESS+PHONE+SSN (Ambiguous),11961
+SURNAME+ADDRESS+PHONE+PASSPORT+ACCT_NUM,11876
+SSN-GENDER-DRLIC-PASSPORT,11794
+PNAME+PHONE+PASSPORT,11574
+PHONE-PASSPORT,11410
+PNAME+ADDRESS-DOB-SSN-PASSPORT,11273
+SURNAME+DOB+PHONE,11254
+PHONE-DOB-GENDER,11174
+ADDRESS+PASSPORT+ACCT_NUM,11157
+SURNAME+DOB+ADDRESS+PHONE+DRLIC+ACCT_NUM,11119
+PHONE+SSN+DRLIC+PASSPORT,11101
+SURNAME+DOB+ADDRESS+SSN,10899
+SURNAME+DOB+ADDRESS+PHONE+PASSPORT,10893
+PNAME+ADDRESS-DOB-SSN,10783
+SURNAME+PHONE+SSN+PASSPORT,10777
+SURNAME+ACCT_NUM,10761
+PNAME+ADDRESS+PHONE+SSN+ACCT_NUM (Ambiguous),10678
+SURNAME+ADDRESS+DRLIC,10594
+SURNAME+DOB+PHONE+SSN,10535
+PNAME+ADDRESS+SSN (Ambiguous),10496
+SURNAME+DOB+ADDRESS,10332
+ADDRESS+SSN+DRLIC+PASSPORT,10276
+DOB+ADDRESS+PHONE+SSN+DRLIC+ACCT_NUM,10214
+DOB+PHONE+PASSPORT,10119
+DOB+ADDRESS+PHONE+DRLIC+PASSPORT+ACCT_NUM,10113
+DOB+ADDRESS+SSN+DRLIC,9999
+SURNAME+SSN+ACCT_NUM,9951
+PNAME+ADDRESS+PASSPORT,9890
+LOGIN_ID-GENDER-PASSPORT,9689
+SURNAME+ADDRESS+SSN+PASSPORT,9651
+NAME+ADDRESS+PHONE (Ambiguous),9638
+ADDRESS-GENERATION-DOB-SSN-PASSPORT,9573
+LOGIN_ID-DOB-PASSPORT,9556
+PNAME+ADDRESS+PHONE+PASSPORT,9443
+LOGIN_ID-SSN-DRLIC,9405
+DRLIC+ACCT_NUM,9137
+ADDRESS-GENERATION-DOB-GENDER-SSN-PASSPORT,9028
+DOB+ADDRESS+PASSPORT,8926
+SSN+DRLIC+ACCT_NUM,8873
+NAME+DOB-DRLIC-PASSPORT,8853
+PHONE+DRLIC+PASSPORT,8761
+SURNAME+PHONE+SSN+DRLIC+ACCT_NUM,8753
+SURNAME+ADDRESS+PHONE+DRLIC+PASSPORT,8654
+SURNAME+DOB+PHONE+ACCT_NUM,8646
+PNAME+SSN,8642
+DOB+ADDRESS+PHONE+SSN+PASSPORT,8631
+PNAME+DRLIC+PASSPORT,8593
+SURNAME+PHONE+PASSPORT,8411
+DOB+PHONE+DRLIC+ACCT_NUM,8383
+DOB+PHONE+SSN+DRLIC,8369
+SURNAME+DOB+ADDRESS+PHONE+PASSPORT+ACCT_NUM,8270
+DOB+SSN+DRLIC,8113
+PNAME+SSN (Ambiguous),8100
+SURNAME+DOB+SSN,8065
+SURNAME+ADDRESS+SSN+DRLIC+ACCT_NUM,8007
+PNAME+ADDRESS+PHONE+ACCT_NUM (Ambiguous),7937
+NAME+ADDRESS+PHONE+SSN+ACCT_NUM (Ambiguous),7854
+ADDRESS+DRLIC+PASSPORT,7708
+DOB+DRLIC,7661
+PHONE+SSN+DRLIC+PASSPORT+ACCT_NUM,7525
+DOB+ADDRESS+DRLIC+ACCT_NUM,7514
+SURNAME+DOB+ADDRESS+ACCT_NUM,7513
+SURNAME+ADDRESS+PASSPORT,7397
+SURNAME+DRLIC,7202
+NAME+DOB-GENDER-SSN-DRLIC,7188
+ADDRESS+SSN+DRLIC+PASSPORT+ACCT_NUM,7133
+DOB+ADDRESS+SSN+PASSPORT,7089
+PASSPORT+ACCT_NUM,6949
+LOGIN_ID-DRLIC,6904
+SSN+PASSPORT+ACCT_NUM,6892
+SURNAME+DOB+ADDRESS+PHONE+SSN+DRLIC,6890
+SURNAME+ADDRESS+PHONE+DRLIC+PASSPORT+ACCT_NUM,6811
+SURNAME+DOB+ADDRESS+SSN+ACCT_NUM,6810
+LOGIN_ID-DOB-SSN-DRLIC,6795
+NAME+PHONE+SSN (Ambiguous),6757
+PHONE-DOB-PASSPORT,6755
+SURNAME+SSN+DRLIC,6725
+PNAME+PHONE+SSN+ACCT_NUM (Ambiguous),6699
+SURNAME+PHONE+SSN+PASSPORT+ACCT_NUM,6626
+PHONE-GENDER-PASSPORT,6600
+NAME+ADDRESS+PHONE+ACCT_NUM (Ambiguous),6522
+DOB+ADDRESS+SSN+DRLIC+ACCT_NUM,6512
+PNAME+ADDRESS-SSN-PASSPORT,6486
+PHONE-SSN-DRLIC,6360
+SURNAME+PHONE+DRLIC+ACCT_NUM,6353
+DOB+PHONE+PASSPORT+ACCT_NUM,6335
+SURNAME+DOB+PHONE+SSN+ACCT_NUM,6302
+DOB+ADDRESS+PHONE+SSN+PASSPORT+ACCT_NUM,6265
+SURNAME+ADDRESS+SSN+PASSPORT+ACCT_NUM,6072
+SURNAME+DOB+ADDRESS+PHONE+DRLIC+PASSPORT,6041
+LOGIN_ID-DOB-GENDER-PASSPORT,6018
+DOB+SSN+PASSPORT,5973
+PNAME+ADDRESS+PHONE+SSN+DRLIC (Ambiguous),5935
+PNAME+ADDRESS+SSN+ACCT_NUM (Ambiguous),5918
+DOB+PHONE+SSN+PASSPORT,5835
+PNAME+DOB+DRLIC,5821
+NAME+ADDRESS+SSN (Ambiguous),5813
+DOB+ADDRESS+PASSPORT+ACCT_NUM,5782
+SURNAME+ADDRESS+DRLIC+ACCT_NUM,5676
+SURNAME+DOB+PHONE+DRLIC,5640
+LOGIN_ID-GENDER-SSN-DRLIC,5613
+SURNAME+DOB+ADDRESS+PHONE+DRLIC+PASSPORT+ACCT_NUM,5567
+LOGIN_ID-DOB-SSN-DRLIC-PASSPORT,5530
+PNAME+ADDRESS-DOB,5420
+SURNAME+DOB+ADDRESS+PHONE+SSN+DRLIC+ACCT_NUM,5320
+SURNAME+DOB+ADDRESS+DRLIC,5283
+DOB+PHONE+SSN+DRLIC+ACCT_NUM,5173
+PNAME+PHONE+ACCT_NUM (Ambiguous),5064
+PNAME+SSN+DRLIC,5006
+NAME+DOB-GENDER-SSN-DRLIC-PASSPORT,4986
+PNAME+DRLIC+PASSPORT+ACCT_NUM,4942
+PHONE+DRLIC+PASSPORT+ACCT_NUM,4901
+SURNAME+PHONE+PASSPORT+ACCT_NUM,4849
+DRLIC+PASSPORT,4838
+SURNAME+PHONE+SSN+DRLIC+PASSPORT,4837
+SURNAME+SSN+PASSPORT,4814
+LOGIN_ID-DOB-GENDER-SSN-DRLIC-PASSPORT,4750
+PHONE-DOB-SSN-DRLIC,4737
+NAME+DOB-GENDER-DRLIC,4733
+PNAME+ADDRESS+PHONE+SSN+PASSPORT (Ambiguous),4728
+ADDRESS-GENERATION-DOB-SSN,4724
+PNAME+SSN+ACCT_NUM (Ambiguous),4697
+DOB+ADDRESS+SSN+PASSPORT+ACCT_NUM,4683
+SSN+DRLIC+PASSPORT,4683
+LOGIN_ID-DOB-GENDER-SSN-DRLIC,4677
+NAME+ADDRESS+PHONE+SSN+DRLIC (Ambiguous),4603
+SURNAME+DOB+SSN+ACCT_NUM,4597
+NAME+DOB+ADDRESS+PHONE+SSN+ACCT_NUM (Ambiguous),4595
+NAME+DOB+ADDRESS+PHONE+SSN (Ambiguous),4581
+PNAME+DOB+ADDRESS+PHONE+SSN+ACCT_NUM (Ambiguous),4552
+PHONE-DRLIC,4535
+PNAME+DOB+ADDRESS+PHONE+SSN (Ambiguous),4475
+SURNAME+ADDRESS+SSN+DRLIC+PASSPORT,4470
+DOB+PHONE+DRLIC+PASSPORT,4461
+ADDRESS+DRLIC+PASSPORT+ACCT_NUM,4457
+DOB+SSN+DRLIC+ACCT_NUM,4449
+SURNAME+ADDRESS+PASSPORT+ACCT_NUM,4406
+DOB+PASSPORT,4393
+SURNAME+DOB+ADDRESS+SSN+DRLIC,4385
+PHONE-DOB-GENDER-PASSPORT,4367
+SURNAME+DOB+ADDRESS+PHONE+SSN+PASSPORT,4241
+ADDRESS-GENERATION-SSN,4201
+PHONE-DOB-SSN-DRLIC-PASSPORT,4188
+PNAME+ADDRESS+ACCT_NUM (Ambiguous),4153
+SURNAME+DOB+ACCT_NUM,4120
+NAME+SSN (Ambiguous),4115
+DOB+ADDRESS+DRLIC+PASSPORT,4104
+NAME+PHONE+SSN+ACCT_NUM (Ambiguous),4050
+SURNAME+DOB+PHONE+PASSPORT,4036
+SURNAME+PASSPORT,3985
+PHONE-GENDER-SSN-DRLIC,3873
+ADDRESS-GENERATION-DOB-GENDER-SSN,3868
+LOGIN_ID-GENDER-DRLIC,3838
+LOGIN_ID-SSN-DRLIC-PASSPORT,3800
+NAME+ADDRESS+PHONE+SSN+PASSPORT (Ambiguous),3738
+SURNAME+DOB+ADDRESS+PASSPORT,3703
+NAME+PHONE (Ambiguous),3702
+PNAME+ADDRESS+PHONE+SSN+DRLIC+ACCT_NUM (Ambiguous),3668
+PHONE-DOB-GENDER-SSN-DRLIC-PASSPORT,3661
+PNAME+PHONE+SSN+DRLIC (Ambiguous),3642
+SURNAME+DOB+PHONE+DRLIC+ACCT_NUM,3592
+DOB+PHONE+SSN+PASSPORT+ACCT_NUM,3560
+DOB+DRLIC+ACCT_NUM,3545
+DOB+SSN+PASSPORT+ACCT_NUM,3539
+SURNAME+DOB+PHONE+SSN+DRLIC,3525
+DOB+ADDRESS+PHONE+SSN+DRLIC+PASSPORT,3519
+PNAME+DOB+ADDRESS+PHONE+ACCT_NUM (Ambiguous),3510
+NAME+ADDRESS+SSN+ACCT_NUM (Ambiguous),3499
+NAME+DRLIC+PASSPORT,3491
+NAME+ADDRESS+PHONE+DRLIC+ACCT_NUM (Ambiguous),3484
+NAME+DOB+ADDRESS+PHONE (Ambiguous),3475
+SURNAME+PHONE+SSN+DRLIC+PASSPORT+ACCT_NUM,3467
+LOGIN_ID-DOB-DRLIC,3411
+SURNAME+SSN+DRLIC+ACCT_NUM,3376
+SURNAME+DOB+ADDRESS+DRLIC+ACCT_NUM,3358
+PHONE-DOB-GENDER-SSN-DRLIC,3322
+NAME+ADDRESS+PHONE+SSN+DRLIC+ACCT_NUM (Ambiguous),3314
+NAME+PHONE+ACCT_NUM (Ambiguous),3308
+SURNAME+PHONE+DRLIC+PASSPORT,3296
+SURNAME+ADDRESS+SSN+DRLIC+PASSPORT+ACCT_NUM,3278
+DOB+ADDRESS+SSN+DRLIC+PASSPORT,3196
+PNAME+ADDRESS+SSN+DRLIC (Ambiguous),3184
+PNAME+ADDRESS-PASSPORT,3163
+NAME+ADDRESS (Ambiguous),3157
+PNAME+ADDRESS+PHONE+DRLIC (Ambiguous),3126
+SURNAME+DOB+SSN+DRLIC,3117
+SURNAME+DOB+ADDRESS+PHONE+SSN+PASSPORT+ACCT_NUM,3096
+SURNAME+ADDRESS+DRLIC+PASSPORT,3085
+SURNAME+DRLIC+ACCT_NUM,3043
+DOB+ADDRESS+PHONE+SSN+DRLIC+PASSPORT+ACCT_NUM,3033
+DOB+PHONE+DRLIC+PASSPORT+ACCT_NUM,3005
+SURNAME+DOB+ADDRESS+SSN+PASSPORT,2998
+NAME+ADDRESS+PHONE+DRLIC (Ambiguous),2942
+DOB+ADDRESS+DRLIC+PASSPORT+ACCT_NUM,2938
+PNAME+PHONE+SSN+PASSPORT (Ambiguous),2930
+PNAME+PHONE+DRLIC+PASSPORT,2898
+SURNAME+DOB+ADDRESS+SSN+DRLIC+ACCT_NUM,2873
+PNAME+ADDRESS+PHONE+SSN+PASSPORT+ACCT_NUM (Ambiguous),2843
+ADDRESS-GENERATION-GENDER-SSN,2834
+NAME+DOB+ADDRESS+PHONE+SSN+DRLIC+ACCT_NUM (Ambiguous),2829
+PHONE-SSN-DRLIC-PASSPORT,2827
+NAME+ADDRESS+ACCT_NUM (Ambiguous),2821
+DOB+PASSPORT+ACCT_NUM,2813
+SURNAME+ADDRESS-SSN,2800
+ADDRESS-GENERATION-SSN-PASSPORT,2792
+PNAME+ADDRESS+PHONE+DRLIC+ACCT_NUM (Ambiguous),2771
+SSN+DRLIC+PASSPORT+ACCT_NUM,2768
+LOGIN_ID-GENDER-SSN-DRLIC-PASSPORT,2727
+SURNAME+DOB+PHONE+PASSPORT+ACCT_NUM,2699
+SURNAME+SSN+PASSPORT+ACCT_NUM,2697
+SURNAME+DOB+DRLIC,2658
+PNAME+ADDRESS+PHONE+PASSPORT (Ambiguous),2652
+PNAME+ADDRESS+DRLIC+PASSPORT,2623
+NAME+SSN+ACCT_NUM (Ambiguous),2606
+NAME+ADDRESS+PHONE+SSN+PASSPORT+ACCT_NUM (Ambiguous),2604
+PNAME+ADDRESS+SSN+PASSPORT (Ambiguous),2583
+PNAME+DOB+ADDRESS+PHONE+SSN+DRLIC+ACCT_NUM (Ambiguous),2533
-SSN,2528
+SURNAME+DOB+ADDRESS+PASSPORT+ACCT_NUM,2526
+NAME+ADDRESS+PHONE+PASSPORT (Ambiguous),2525
+ADDRESS-GENERATION,2515
+NAME+DOB+ADDRESS+PHONE+SSN+DRLIC (Ambiguous),2500
+DOB+SSN+DRLIC+PASSPORT,2474
+PHONE-GENDER-DRLIC,2473
+DOB+ADDRESS+SSN+DRLIC+PASSPORT+ACCT_NUM,2456
+PNAME+DOB+ADDRESS+PHONE+SSN+DRLIC (Ambiguous),2454
+SURNAME+DOB+PHONE+SSN+PASSPORT,2451
+PNAME+DOB+ADDRESS+SSN (Ambiguous),2445
+SURNAME+DOB+SSN+PASSPORT,2418
+DOB+PHONE+SSN+DRLIC+PASSPORT,2413
+PNAME+SSN+DRLIC (Ambiguous),2395
+PNAME+ADDRESS-DOB-SSN-DRLIC-PASSPORT,2373
+PNAME+DOB+PHONE+ACCT_NUM (Ambiguous),2369
+NAME+ADDRESS+PHONE+PASSPORT+ACCT_NUM (Ambiguous),2361
+NAME+DOB+ADDRESS+PHONE+ACCT_NUM (Ambiguous),2348
+NAME+PHONE+SSN+DRLIC (Ambiguous),2339
+SURNAME+PASSPORT+ACCT_NUM,2323
+PNAME+DOB+ADDRESS+PHONE (Ambiguous),2312
+SURNAME+DOB+PHONE+SSN+DRLIC+ACCT_NUM,2267
+PNAME+DOB+PHONE+SSN (Ambiguous),2265
+PNAME+ADDRESS+PHONE+DRLIC+PASSPORT,2207
+NAME+DOB+ADDRESS+PHONE+SSN+PASSPORT+ACCT_NUM (Ambiguous),2199
+PHONE-DOB-DRLIC,2166
+ADDRESS-GENERATION-GENDER-SSN-PASSPORT,2164
+SURNAME+PHONE+DRLIC+PASSPORT+ACCT_NUM,2155
+PNAME+ADDRESS+PHONE+PASSPORT+ACCT_NUM (Ambiguous),2155
+PNAME+ADDRESS-DOB-PASSPORT,2142
+PNAME+DOB+ADDRESS+ACCT_NUM (Ambiguous),2131
+DRLIC+PASSPORT+ACCT_NUM,2129
+PNAME+DOB+SSN (Ambiguous),2128
+SURNAME+DOB+ADDRESS+SSN+PASSPORT+ACCT_NUM,2119
+ADDRESS-GENERATION-DOB-SSN-DRLIC-PASSPORT,2110
+LOGIN_ID-DOB-GENDER-DRLIC,2094
+SURNAME+ADDRESS+DRLIC+PASSPORT+ACCT_NUM,2074
+PNAME+PHONE+DRLIC (Ambiguous),2050
+LOGIN_ID-DRLIC-PASSPORT,2015
+SURNAME+DOB+PHONE+DRLIC+PASSPORT,2010
+PHONE-GENDER-SSN-DRLIC-PASSPORT,1990
+NAME+DOB+PHONE+SSN (Ambiguous),1971
+NAME+ADDRESS+SSN+DRLIC (Ambiguous),1970
+PNAME+ADDRESS-SSN-DRLIC,1969
+NAME+DOB+ADDRESS+PHONE+SSN+PASSPORT (Ambiguous),1954
+ADDRESS-GENERATION-DOB-GENDER-SSN-DRLIC-PASSPORT,1943
+PNAME+SSN+PASSPORT (Ambiguous),1942
+PNAME+DOB+PHONE+SSN+ACCT_NUM (Ambiguous),1941
+PNAME+DOB+ADDRESS+PHONE+SSN+PASSPORT+ACCT_NUM (Ambiguous),1926
+NAME+DOB+ADDRESS+SSN (Ambiguous),1922
+SURNAME+DOB+ADDRESS+PHONE+SSN+DRLIC+PASSPORT,1917
+PNAME+DOB+ADDRESS+PHONE+SSN+PASSPORT (Ambiguous),1914
+SURNAME+DOB+SSN+DRLIC+ACCT_NUM,1908
+SURNAME+ADDRESS-DOB-SSN,1908
+PNAME+DOB+ADDRESS+SSN+ACCT_NUM (Ambiguous),1903
+NAME+PHONE+SSN+PASSPORT (Ambiguous),1870
+PNAME+ADDRESS+PHONE+SSN+DRLIC+PASSPORT (Ambiguous),1865
+NAME+DOB+ADDRESS+PHONE+SSN+DRLIC+PASSPORT+ACCT_NUM (Ambiguous),1846
+SURNAME+SSN+DRLIC+PASSPORT,1831
+DOB+DRLIC+PASSPORT,1814
+SURNAME+DOB+ADDRESS+DRLIC+PASSPORT,1806
+PNAME+ADDRESS-GENDER-SSN,1798
+PNAME+DOB+ACCT_NUM (Ambiguous),1779
+SURNAME+ADDRESS-DOB-SSN-PASSPORT,1778
+PNAME+ADDRESS-DOB-SSN-DRLIC,1778
+PNAME+PHONE+SSN+DRLIC+ACCT_NUM (Ambiguous),1777
+SURNAME+ADDRESS-GENDER-SSN,1749
-DOB-SSN,1738
+NAME+ADDRESS+PHONE,1734
+SURNAME+DOB+ADDRESS+PHONE+SSN+DRLIC+PASSPORT+ACCT_NUM,1731
+LIKELY_NAME+ADDRESS+PHONE,1727
+DOB+SSN+DRLIC+PASSPORT+ACCT_NUM,1681
+NAME+ADDRESS+PHONE+DRLIC+PASSPORT+ACCT_NUM (Ambiguous),1672
+NAME+DOB+PHONE+SSN+ACCT_NUM (Ambiguous),1653
+SURNAME+DOB+PASSPORT,1647
+DOB+PHONE+SSN+DRLIC+PASSPORT+ACCT_NUM,1638
+ADDRESS-GENERATION-DOB,1631
+NAME+ADDRESS+PHONE+SSN+DRLIC+PASSPORT (Ambiguous),1629
+PNAME+ADDRESS+DRLIC (Ambiguous),1624
+NAME+DOB+ADDRESS+SSN+ACCT_NUM (Ambiguous),1588
+SURNAME+DOB+PHONE+SSN+PASSPORT+ACCT_NUM,1586
-GENDER-SSN,1583
+SURNAME+ADDRESS-DOB-GENDER-SSN-PASSPORT,1582
+NAME+ADDRESS+SSN+PASSPORT (Ambiguous),1577
+SURNAME+DRLIC+PASSPORT,1571
+NAME+DOB-GENDER-DRLIC-PASSPORT,1562
+PNAME+ADDRESS+SSN+DRLIC+ACCT_NUM (Ambiguous),1535
+NAME+ADDRESS+PHONE+SSN+DRLIC+PASSPORT+ACCT_NUM (Ambiguous),1513
+SURNAME+DOB+ADDRESS+SSN+DRLIC+PASSPORT,1504
+NAME+DOB+SSN (Ambiguous),1487
+NAME+PHONE+DRLIC (Ambiguous),1482
+ADDRESS-GENERATION-GENDER,1479
+NAME+SSN+DRLIC (Ambiguous),1467
+PASSPORT-SSN,1466
+SURNAME+DOB+SSN+PASSPORT+ACCT_NUM,1459
+PNAME+DOB+ADDRESS+PHONE+SSN+DRLIC+PASSPORT+ACCT_NUM (Ambiguous),1446
+PNAME+PHONE+PASSPORT (Ambiguous),1438
+PNAME+ADDRESS-GENDER,1425
+NAME+DOB+PHONE (Ambiguous),1419
+PNAME+ADDRESS-DOB-GENDER-SSN-PASSPORT,1416
+PNAME+PHONE-SSN,1406
+PHONE-DOB-GENDER-DRLIC,1399
+PHONE-DRLIC-PASSPORT,1393
+PNAME+DRLIC-SSN,1387
+PNAME+ADDRESS+PHONE+SSN+DRLIC+PASSPORT+ACCT_NUM (Ambiguous),1385
+SURNAME+DOB+PHONE+DRLIC+PASSPORT+ACCT_NUM,1383
+PNAME+PHONE+SSN+PASSPORT+ACCT_NUM (Ambiguous),1367
+PNAME+ADDRESS-DOB-GENDER-SSN,1357
,1356
+SURNAME+DOB+DRLIC+ACCT_NUM,1355
+NAME+DOB+PHONE+ACCT_NUM (Ambiguous),1354
+NAME+DOB+ADDRESS+PHONE+SSN+DRLIC+PASSPORT (Ambiguous),1347
+PNAME+DOB+ADDRESS+PHONE+DRLIC (Ambiguous),1344
+NAME+DOB-GENERATION-SSN-PASSPORT,1344
+SURNAME+DOB+ADDRESS+DRLIC+PASSPORT+ACCT_NUM,1337
+NAME+PHONE+SSN+DRLIC+ACCT_NUM (Ambiguous),1325
+NAME+ADDRESS+PHONE+DRLIC+PASSPORT (Ambiguous),1313
+SURNAME+ADDRESS-DOB-GENDER-SSN,1305
+PNAME+PHONE+DRLIC+ACCT_NUM (Ambiguous),1301
+NAME+ADDRESS+DRLIC (Ambiguous),1298
+NAME+DOB+ADDRESS (Ambiguous),1297
+PNAME+DOB+SSN+ACCT_NUM (Ambiguous),1291
+NAME+PHONE+DRLIC+ACCT_NUM (Ambiguous),1290
+LOGIN_ID-DOB-DRLIC-PASSPORT,1273
+PNAME+ADDRESS-DRLIC,1262
+NAME+DOB (Ambiguous),1258
+SURNAME+ADDRESS-GENDER,1241
+PASSPORT-DOB-SSN,1240
+NAME+PHONE+PASSPORT (Ambiguous),1230
+PNAME+SSN-DOB,1211
+PNAME+DOB+ADDRESS+PHONE+SSN+DRLIC+PASSPORT (Ambiguous),1208
+PNAME+ADDRESS+PASSPORT (Ambiguous),1204
+PNAME+ADDRESS+SSN+PASSPORT+ACCT_NUM (Ambiguous),1194
+SURNAME+DOB+ADDRESS+SSN+DRLIC+PASSPORT+ACCT_NUM,1187
+LIKELY_NAME+PHONE+SSN,1172
+PNAME+ADDRESS+PHONE+DRLIC+PASSPORT (Ambiguous),1163
+NAME+PHONE,1160
+NAME+DOB+ADDRESS+ACCT_NUM (Ambiguous),1155
+LOGIN_ID-GENDER-DRLIC-PASSPORT,1155
+NAME+ADDRESS+SSN+DRLIC+ACCT_NUM (Ambiguous),1154
+SURNAME+SSN+DRLIC+PASSPORT+ACCT_NUM,1125
+NAME+SSN+PASSPORT (Ambiguous),1118
+SURNAME+DOB+PASSPORT+ACCT_NUM,1111
+DOB+DRLIC+PASSPORT+ACCT_NUM,1109
+PNAME+DRLIC-DOB-SSN-PASSPORT,1109
+LIKELY_NAME+ADDRESS+SSN,1107
+PNAME+PHONE+PASSPORT+ACCT_NUM (Ambiguous),1097
+PNAME+DOB+ADDRESS+PHONE+PASSPORT (Ambiguous),1090
+PNAME+DOB+ADDRESS+PHONE+DRLIC+ACCT_NUM (Ambiguous),1090
+SURNAME+ADDRESS-SSN-PASSPORT,1078
+PNAME+DOB+PASSPORT,1063
+PNAME+ADDRESS-SSN-DRLIC-PASSPORT,1054
+SURNAME+DOB+SSN+DRLIC+PASSPORT,1053
-SSN-PASSPORT,1048
+PNAME+DRLIC-DOB-SSN,1042
+NAME+ADDRESS+DRLIC+ACCT_NUM (Ambiguous),1034
+NAME+DOB+ADDRESS+PHONE+DRLIC (Ambiguous),1032
+NAME+ADDRESS+PASSPORT (Ambiguous),1029
-DOB-GENDER-SSN,1028
+PNAME+ADDRESS+PHONE+DRLIC+PASSPORT+ACCT_NUM (Ambiguous),1024
+NAME+ACCT_NUM (Ambiguous),1017
+SURNAME+ADDRESS-DOB,1011
+PNAME+ADDRESS+DRLIC+ACCT_NUM (Ambiguous),1010
+NAME+DOB+SSN+ACCT_NUM (Ambiguous),1009
+ADDRESS-GENERATION-DOB-GENDER,1002
+SURNAME+DOB+PHONE+SSN+DRLIC+PASSPORT,1000
+NAME+PHONE+SSN+PASSPORT+ACCT_NUM (Ambiguous),999
+PNAME+SSN+DRLIC+ACCT_NUM (Ambiguous),999
+NAME+DOB+ADDRESS+PHONE,966
+PNAME+DOB+PHONE+SSN+DRLIC (Ambiguous),964
+DOB+ADDRESS-SSN,962
+ADDRESS-GENERATION-PASSPORT,957
+PNAME+DOB+ADDRESS+SSN+DRLIC (Ambiguous),957
+NAME+ADDRESS-SSN,951
+PASSPORT-DOB-GENDER-SSN,933
+NAME+DOB+ACCT_NUM (Ambiguous),932
+NAME+DOB+ADDRESS+PHONE+DRLIC+ACCT_NUM (Ambiguous),926
+DRLIC-GENERATION-DOB-GENDER-SSN-PASSPORT,919
+PHONE-DOB-DRLIC-PASSPORT,916
+NAME+ADDRESS+SSN+PASSPORT+ACCT_NUM (Ambiguous),908
+PNAME+PHONE-DOB-SSN-PASSPORT,906
+NAME+DOB+PHONE+SSN+DRLIC (Ambiguous),898
+NAME+PHONE+PASSPORT+ACCT_NUM (Ambiguous),892
+PNAME+DOB+PHONE+DRLIC (Ambiguous),891
+NAME+DOB+ADDRESS+SSN+DRLIC (Ambiguous),889
-DOB,884
+DRLIC-GENERATION-DOB-SSN-PASSPORT,884
+PHONE-GENDER-DRLIC-PASSPORT,882
+PNAME+SSN+PASSPORT+ACCT_NUM (Ambiguous),881
+PNAME+ADDRESS-GENDER-SSN-PASSPORT,876
+NAME+ADDRESS+PHONE+SSN,872
+PNAME+SSN-DOB-PASSPORT,870
+NAME+ADDRESS,869
+PNAME+PHONE+SSN+DRLIC+PASSPORT (Ambiguous),860
+ADDRESS-GENERATION-DOB-SSN-DRLIC,859
+NAME+DOB-GENERATION-SSN,853
+LOGIN_ID-DOB-GENDER-DRLIC-PASSPORT,853
+ADDRESS-GENERATION-DOB-PASSPORT,845
+NAME+DOB+ADDRESS+PHONE+PASSPORT (Ambiguous),842
+PASSPORT-GENDER-SSN,840
+PNAME+ADDRESS+PASSPORT+ACCT_NUM (Ambiguous),832
+PNAME+DOB+ADDRESS+PHONE+PASSPORT+ACCT_NUM (Ambiguous),832
+PNAME+PHONE-DOB-SSN,831
-GENDER,821
+PNAME+DOB+PHONE+SSN+DRLIC+ACCT_NUM (Ambiguous),820
+PNAME+DOB+ADDRESS+SSN+DRLIC+ACCT_NUM (Ambiguous),803
+LIKELY_NAME+PHONE,801
+SURNAME+DOB+PHONE+SSN+DRLIC+PASSPORT+ACCT_NUM,800
+SURNAME+DRLIC+PASSPORT+ACCT_NUM,799
+PNAME+ADDRESS-DOB-GENDER,795
+SURNAME+ADDRESS-GENDER-SSN-PASSPORT,789
+PNAME+DOB+ADDRESS+SSN+PASSPORT (Ambiguous),786
+ADDRESS-GENERATION-DOB-GENDER-SSN-DRLIC,771
+SURNAME+DOB+SSN+DRLIC+PASSPORT+ACCT_NUM,762
+PNAME+DOB+ADDRESS+DRLIC (Ambiguous),755
-DOB-SSN-PASSPORT,752
+PNAME+ADDRESS+SSN+DRLIC+PASSPORT (Ambiguous),752
+SURNAME+DOB+DRLIC+PASSPORT,750
+NAME+DOB+PHONE+SSN+DRLIC+ACCT_NUM (Ambiguous),749
+PNAME+SSN+PASSPORT,745
+NAME+SSN+DRLIC+ACCT_NUM (Ambiguous),743
+PNAME+DOB+PHONE+SSN+PASSPORT (Ambiguous),739
+DOB+SSN-GENDER,731
+PNAME+DOB+PHONE+PASSPORT (Ambiguous),727
+NAME+ADDRESS+PHONE+DRLIC,725
+NAME+ADDRESS+PASSPORT+ACCT_NUM (Ambiguous),721
+NAME+DOB+PHONE+SSN+PASSPORT (Ambiguous),715
+DOB+ADDRESS-SSN-PASSPORT,699
+LIKELY_NAME+ADDRESS,699
+NAME+DOB+ADDRESS+SSN+PASSPORT (Ambiguous),686
+NAME+DOB+ADDRESS+PHONE+PASSPORT+ACCT_NUM (Ambiguous),683
+PNAME+DOB+ADDRESS+PASSPORT (Ambiguous),682
+NAME+DOB+ADDRESS+SSN+DRLIC+ACCT_NUM (Ambiguous),680
+SSN-GENERATION-DOB-PASSPORT,680
-GENDER-SSN-PASSPORT,673
+ADDRESS-GENERATION-DOB-GENDER-PASSPORT,669
+PNAME+ADDRESS-DOB-DRLIC,664
+LIKELY_NAME+PHONE+SSN+ACCT_NUM,658
+SURNAME+PHONE-DOB-SSN-PASSPORT,655
+NAME+ADDRESS-DOB-SSN,654
+NAME+PHONE+SSN+DRLIC+PASSPORT (Ambiguous),634
+PHONE-DOB-GENDER-DRLIC-PASSPORT,633
+PNAME+DOB+PHONE+DRLIC+ACCT_NUM (Ambiguous),633
+SURNAME+ADDRESS-DOB-GENDER,631
+LIKELY_NAME+PHONE+ACCT_NUM,622
+PNAME+DOB+DRLIC (Ambiguous),620
+ADDRESS-GENERATION-GENDER-PASSPORT,620
+PNAME+DRLIC-SSN-PASSPORT,618
+SURNAME+PHONE-DOB-GENDER-SSN-PASSPORT,618
+SSN-GENERATION-DOB-GENDER-PASSPORT,617
+NAME+PHONE-SSN,615
+ADDRESS-GENERATION-SSN-DRLIC,614
+SURNAME+ADDRESS-PASSPORT,609
+PNAME+DOB+SSN+DRLIC (Ambiguous),608
+PNAME+ADDRESS+PHONE+SSN,607
+DOB+ADDRESS-GENDER-SSN,607
+DOB+SSN-PASSPORT,604
+LIKELY_NAME+ADDRESS+SSN+ACCT_NUM,603
+PNAME+DOB+ADDRESS+SSN+PASSPORT+ACCT_NUM (Ambiguous),603
+PNAME+SSN-PASSPORT,603
+PNAME+PHONE-GENDER-SSN,601
+NAME+SSN+PASSPORT+ACCT_NUM (Ambiguous),600
+NAME+DOB+ADDRESS+SSN+PASSPORT+ACCT_NUM (Ambiguous),595
+NAME+DOB+PHONE+SSN+PASSPORT+ACCT_NUM (Ambiguous),594
-PASSPORT,593
-DOB-GENDER,592
+PNAME+DOB+DRLIC+PASSPORT,592
+PNAME+DOB+PHONE+SSN+PASSPORT+ACCT_NUM (Ambiguous),582
+PNAME+PHONE-SSN-PASSPORT,580
+NAME+DOB+SSN+DRLIC (Ambiguous),576
+DOB+ADDRESS-GENDER-SSN-PASSPORT,575
+NAME+ADDRESS-DOB-SSN-PASSPORT,573
+NAME+ADDRESS+SSN+DRLIC+PASSPORT (Ambiguous),550
+NAME+DOB+PHONE+DRLIC (Ambiguous),535
+LIKELY_NAME+ADDRESS+ACCT_NUM,533
+PNAME+DOB+ADDRESS+DRLIC+ACCT_NUM (Ambiguous),530
+PNAME+PHONE+DRLIC+PASSPORT (Ambiguous),529
+PNAME+DOB+PASSPORT (Ambiguous),528
+LIKELY_NAME+SSN,527
+PNAME+PHONE-DOB,523
+PASSPORT-DOB,521
+NAME+DOB+ADDRESS+DRLIC (Ambiguous),518
+ADDRESS-GENERATION-SSN-DRLIC-PASSPORT,517
+PNAME+SSN+DRLIC+PASSPORT,517
+PNAME+DOB+SSN+PASSPORT (Ambiguous),516
+NAME+DOB+PHONE,514
+PNAME+SSN+DRLIC+PASSPORT (Ambiguous),514
+NAME+PHONE+DRLIC+PASSPORT (Ambiguous),504
+PASSPORT-GENDER,503
+SSN-GENERATION,495
+DRLIC-GENERATION-DOB-SSN,488
+NAME+DOB+PHONE+PASSPORT (Ambiguous),484
+PNAME+DOB+PHONE+PASSPORT+ACCT_NUM (Ambiguous),475
+PNAME+DRLIC-DOB,467
+PNAME+ADDRESS+DRLIC+PASSPORT (Ambiguous),466
+PNAME+PHONE-GENDER,466
+SURNAME+DOB+DRLIC+PASSPORT+ACCT_NUM,466
+NAME+DOB+ADDRESS+PHONE+SSN,466
+DOB+SSN-GENDER-PASSPORT,465
+PNAME+PHONE+SSN+DRLIC+PASSPORT+ACCT_NUM (Ambiguous),456
+NAME+PHONE+DRLIC+PASSPORT+ACCT_NUM (Ambiguous),453
-DOB-GENDER-SSN-PASSPORT,452
+LIKELY_NAME+PHONE+SSN+DRLIC,451
+PNAME+ADDRESS+SSN+DRLIC+PASSPORT+ACCT_NUM (Ambiguous),449
+NAME+ADDRESS+PHONE+ACCT_NUM,443
+SSN-GENERATION-DOB,443
+ADDRESS-GENERATION-GENDER-SSN-DRLIC-PASSPORT,442
+NAME+PHONE-DOB-SSN-PASSPORT,437
+PNAME+ADDRESS-GENDER-PASSPORT,430
+NAME+DOB+ADDRESS,429
+NAME+ADDRESS+DRLIC+PASSPORT (Ambiguous),429
+NAME+DRLIC (Ambiguous),429
+LIKELY_NAME+ADDRESS+SSN+DRLIC,424
+NAME+PHONE-DOB-SSN,421
+PNAME+LOGIN_ID-SSN,420
+NAME+ADDRESS+PHONE+PASSPORT,418
+NAME+PHONE+SSN,417
+NAME+DOB+SSN+PASSPORT (Ambiguous),416
-GENDER-PASSPORT,413
+LIKELY_NAME+ACCT_NUM,412
+NAME+PHONE+SSN+DRLIC+PASSPORT+ACCT_NUM (Ambiguous),412
+PNAME+LOGIN_ID,410
-DOB-PASSPORT,409
+PNAME+ADDRESS-DRLIC-PASSPORT,405
-SSN-DRLIC,405
+NAME+ADDRESS+SSN+DRLIC+PASSPORT+ACCT_NUM (Ambiguous),404
+LIKELY_NAME+PHONE+DRLIC,403
+ADDRESS-GENERATION-GENDER-SSN-DRLIC,403
+DRLIC-GENERATION-DOB-GENDER-SSN,402
+NAME+DOB+PHONE+DRLIC+ACCT_NUM (Ambiguous),401
+PNAME+DOB+ADDRESS+PASSPORT+ACCT_NUM (Ambiguous),397
+SURNAME+ADDRESS-DOB-PASSPORT,395
+NAME+DOB+ADDRESS+PASSPORT (Ambiguous),393
+NAME+DOB+SSN+DRLIC+ACCT_NUM (Ambiguous),392
+DRLIC-GENERATION-SSN,389
+PNAME+DOB+DRLIC+ACCT_NUM (Ambiguous),389
+NAME+ACCT_NUM,384
+PNAME+DOB+PHONE+SSN+DRLIC+PASSPORT (Ambiguous),382
+PNAME+DOB+SSN+DRLIC+ACCT_NUM (Ambiguous),378
+PNAME+DOB+ADDRESS+PHONE+DRLIC+PASSPORT (Ambiguous),377
+NAME+PHONE+DRLIC,374
+NAME+ADDRESS-SSN-PASSPORT,374
+NAME+DOB+DRLIC (Ambiguous),372
+NAME+DOB+ADDRESS+PHONE+DRLIC+PASSPORT+ACCT_NUM (Ambiguous),370
+NAME+SSN+DRLIC+PASSPORT (Ambiguous),370
+PNAME+DOB+ADDRESS+SSN+DRLIC+PASSPORT (Ambiguous),370
+NAME+DOB+PHONE+SSN+DRLIC+PASSPORT (Ambiguous),368
+NAME+DOB+ADDRESS+PHONE+DRLIC+PASSPORT (Ambiguous),367
+PNAME+PHONE+DRLIC+PASSPORT+ACCT_NUM (Ambiguous),366
+PNAME+PHONE-DOB-GENDER-SSN,364
+SURNAME+ADDRESS-DOB-SSN-DRLIC-PASSPORT,363
+SSN-GENERATION-DOB-GENDER,362
+NAME+ADDRESS-DOB,362
+NAME+ADDRESS+SSN,361
+NAME+ADDRESS+DRLIC+PASSPORT+ACCT_NUM (Ambiguous),360
+SURNAME+ADDRESS-SSN-DRLIC,353
+SURNAME+ADDRESS-GENDER-PASSPORT,351
+PNAME+PHONE-DOB-GENDER-SSN-PASSPORT,349
+PNAME+SSN-GENDER,348
+NAME+DOB+ADDRESS+SSN+DRLIC+PASSPORT (Ambiguous),347
+NAME+SSN,347
+SURNAME+ADDRESS-DOB-GENDER-SSN-DRLIC-PASSPORT,345
+PNAME+PHONE-PASSPORT,344
+NAME+DOB+PHONE+SSN+DRLIC+PASSPORT+ACCT_NUM (Ambiguous),343
+NAME+DOB+SSN+PASSPORT+ACCT_NUM (Ambiguous),341
+NAME+DOB+ADDRESS+DRLIC+ACCT_NUM (Ambiguous),339
+LIKELY_NAME+ADDRESS+DRLIC,337
+LIKELY_NAME+DOB+PHONE,336
+NAME+DOB-GENERATION,334
+PNAME+DOB+ADDRESS+PHONE+DRLIC+PASSPORT+ACCT_NUM (Ambiguous),329
+PASSPORT-DOB-GENDER,328
+PNAME+DOB+PHONE+SSN+DRLIC+PASSPORT+ACCT_NUM (Ambiguous),328
+SSN-GENERATION-GENDER,326
+NAME+DOB+ADDRESS+PHONE+DRLIC,324
+NAME+DOB+PHONE+PASSPORT+ACCT_NUM (Ambiguous),322
+PNAME+DRLIC-PASSPORT,322
+PNAME+DOB+ADDRESS+SSN+DRLIC+PASSPORT+ACCT_NUM (Ambiguous),321
+LIKELY_NAME+SSN+ACCT_NUM,320
+LIKELY_NAME+DOB+ADDRESS,317
+LIKELY_NAME+PHONE+SSN+PASSPORT,317
+NAME+PASSPORT (Ambiguous),313
+PNAME+DOB+SSN+PASSPORT+ACCT_NUM (Ambiguous),309
+SURNAME+ADDRESS-DOB-SSN-DRLIC,308
+LIKELY_NAME+ADDRESS+SSN+PASSPORT,306
+PNAME+ADDRESS-DOB-DRLIC-PASSPORT,304
+DOB+ADDRESS-GENDER,303
+NAME+DOB-GENERATION-GENDER-SSN-PASSPORT,302
+SSN-GENERATION-PASSPORT,299
+NAME+DRLIC+ACCT_NUM (Ambiguous),298
+LIKELY_NAME+DOB+PHONE+ACCT_NUM,295
+PNAME+ADDRESS-DOB-GENDER-SSN-DRLIC-PASSPORT,295
+LIKELY_NAME+ADDRESS+PHONE+DRLIC,292
+NAME+DOB+PASSPORT (Ambiguous),292
+DRLIC-GENERATION-GENDER-SSN,289
+DRLIC-GENERATION-SSN-PASSPORT,288
+NAME+DOB+ADDRESS+PASSPORT+ACCT_NUM (Ambiguous),286
-GENDER-SSN-DRLIC,284
+NAME+ADDRESS+DRLIC,284
+PNAME+DOB+PASSPORT+ACCT_NUM (Ambiguous),284
+SURNAME+PHONE-DOB-SSN,282
+PNAME+ADDRESS+DRLIC+PASSPORT+ACCT_NUM (Ambiguous),280
+NAME+DOB+DRLIC+ACCT_NUM (Ambiguous),279
+PNAME+LOGIN_ID-DOB-SSN,276
+NAME+DOB+ADDRESS+SSN+DRLIC+PASSPORT+ACCT_NUM (Ambiguous),275
+LIKELY_NAME+ADDRESS+SSN+DRLIC+ACCT_NUM,266
+LIKELY_NAME+PHONE+PASSPORT,266
+PNAME+ADDRESS-DOB-GENDER-PASSPORT,265
+ADDRESS-GENERATION-DRLIC,264
+NAME+ADDRESS-GENDER-SSN,259
+NAME+DOB-GENERATION-SSN-DRLIC-PASSPORT,259
+LIKELY_NAME+PHONE+SSN+DRLIC+ACCT_NUM,252
+SURNAME+SSN-GENDER,250
-DOB-SSN-DRLIC,250
+SURNAME+ADDRESS-DOB-GENDER-PASSPORT,248
+SURNAME+SSN-DOB,247
+SURNAME+ADDRESS-DRLIC,247
+NAME+ADDRESS+PHONE+SSN+DRLIC,245
+NAME+ADDRESS-GENDER,245
+PNAME+PHONE-GENDER-SSN-PASSPORT,244
-DOB-GENDER-PASSPORT,244
+PNAME+SSN-DRLIC,235
+PNAME+DOB+ADDRESS+DRLIC+PASSPORT (Ambiguous),235
+NAME+PHONE-DOB,234
+NAME+PHONE+ACCT_NUM,234
+DRLIC-GENERATION-GENDER-SSN-PASSPORT,234
+NAME+ADDRESS-PASSPORT,233
+PNAME+ADDRESS-GENDER-SSN-DRLIC,232
+PNAME+PHONE+SSN,232
+NAME+PHONE-SSN-PASSPORT,232
+SURNAME+DRLIC-SSN,232
+NAME+ADDRESS+PHONE-DRLIC,229
+LIKELY_NAME+DRLIC,225
+SURNAME+ADDRESS-GENDER-SSN-DRLIC,225
+PNAME+DOB+PHONE+DRLIC+PASSPORT (Ambiguous),225
+PASSPORT-DOB-SSN-DRLIC,225
+SURNAME+PHONE-SSN,222
+PNAME+ADDRESS-DOB-GENDER-SSN-DRLIC,222
+LIKELY_NAME+PHONE+SSN+PASSPORT+ACCT_NUM,221
+LIKELY_NAME+SSN+DRLIC,221
+LIKELY_NAME+ADDRESS+PASSPORT,220
+LIKELY_NAME+DOB+ADDRESS+ACCT_NUM,218
+SSN-GENERATION-GENDER-PASSPORT,217
+LIKELY_NAME+PHONE+DRLIC+ACCT_NUM,216
+NAME+DOB+PASSPORT+ACCT_NUM (Ambiguous),213
+SURNAME+PHONE-DOB-GENDER-SSN,212
+NAME+DOB+PHONE+DRLIC+PASSPORT (Ambiguous),211
+PNAME+SSN+DRLIC+PASSPORT+ACCT_NUM (Ambiguous),209
+PNAME+PHONE-DOB-GENDER,209
+DRLIC-GENERATION,209
+ADDRESS-GENERATION-DOB-DRLIC,209
+ADDRESS+PHONE+SSN+LOGIN_ID,207
+SURNAME+ADDRESS-DOB-GENDER-SSN-DRLIC,206
+NAME+PASSPORT+ACCT_NUM (Ambiguous),204
+PNAME+DRLIC-DOB-PASSPORT,203
+NAME+SSN+DRLIC+PASSPORT+ACCT_NUM (Ambiguous),203
+NAME+PHONE+PASSPORT,203
+PNAME+PHONE-DOB-PASSPORT,202
+PNAME+LOGIN_ID-DOB-SSN-PASSPORT,201
+DOB+ADDRESS-PASSPORT,200
+PNAME+SSN-DOB-DRLIC-PASSPORT,200
-DRLIC,198
+PNAME+ADDRESS+SSN,197
+ADDRESS-GENERATION-GENDER-DRLIC,196
+PASSPORT-SSN-DRLIC,195
+NAME+DOB-GENERATION-PASSPORT,190
+NAME+ADDRESS+ACCT_NUM,190
+LIKELY_NAME+ADDRESS+SSN+PASSPORT+ACCT_NUM,189
+LIKELY_NAME+ADDRESS+DRLIC+ACCT_NUM,187
+PNAME+SSN-DOB-GENDER,187
+NAME+DOB+SSN+DRLIC+PASSPORT (Ambiguous),187
+PNAME+PHONE-SSN-DRLIC,186
+LIKELY_NAME+DOB+PHONE+DRLIC,185
+PNAME+DOB+SSN+DRLIC+PASSPORT (Ambiguous),183
+LIKELY_NAME+DOB+ADDRESS+DRLIC,182
+NAME+DOB+ADDRESS+PHONE-DRLIC,179
-SSN-DRLIC-PASSPORT,176
+LIKELY_NAME+DOB+PHONE+SSN,176
+NAME+ADDRESS+PHONE+SSN-DRLIC,176
+ADDRESS+PHONE+LOGIN_ID,175
+LOGIN_ID-GENERATION-DOB-SSN-PASSPORT,175
+PNAME+PHONE-DOB-SSN-DRLIC-PASSPORT,174
+SURNAME+SSN-DOB-PASSPORT,174
+SURNAME+SSN-DOB-GENDER,174
+NAME+DOB-GENERATION-GENDER-SSN,172
+PNAME+PHONE-DRLIC,168
+SURNAME+SSN-DOB-GENDER-PASSPORT,167
+NAME+DOB+ADDRESS+PHONE+SSN+DRLIC,166
+NAME+ADDRESS+PHONE+DRLIC+ACCT_NUM,166
+PNAME+DOB+ADDRESS+PHONE+SSN,166
+PNAME+ADDRESS-GENDER-DRLIC,166
+LIKELY_NAME+SSN+PASSPORT,165
+DRLIC-GENERATION-GENDER,165
+PNAME+SSN-DOB-DRLIC,164
+SURNAME+DRLIC-DOB-SSN,164
+DRLIC-GENERATION-DOB,162
+NAME+ADDRESS-DOB-GENDER-SSN,162
+SURNAME+DRLIC-DOB-SSN-PASSPORT,161
+PASSPORT-DOB-GENDER-SSN-DRLIC,160
+PNAME+LOGIN_ID-SSN-PASSPORT,160
+NAME+ADDRESS+PASSPORT,158
-DOB-GENDER-SSN-DRLIC,158
+SURNAME+ADDRESS-SSN-DRLIC-PASSPORT,157
+LIKELY_NAME+PHONE+PASSPORT+ACCT_NUM,157
+PNAME+DOB+DRLIC+PASSPORT (Ambiguous),156
+NAME+ADDRESS+PHONE+ACCT_NUM-DRLIC,155
+NAME+ADDRESS-DRLIC,154
+PHONE-GENERATION-DOB-SSN-PASSPORT,153
+DOB+SSN-DRLIC,153
+SSN-GENERATION-DOB-DRLIC-PASSPORT,153
+SURNAME+PHONE-SSN-PASSPORT,150
+PNAME+PHONE-DOB-SSN-DRLIC,150
+NAME+DOB+SSN+DRLIC+PASSPORT+ACCT_NUM (Ambiguous),148
+LOGIN_ID-GENERATION-DOB-GENDER-SSN-PASSPORT,147
-DOB-DRLIC,147
+NAME+DOB-GENERATION-SSN-DRLIC,146
+NAME+PHONE-GENDER-SSN,146
+NAME+DOB+ADDRESS+DRLIC+PASSPORT (Ambiguous),145
+SURNAME+PHONE-DOB-SSN-DRLIC-PASSPORT,145
+SURNAME+ADDRESS-GENDER-SSN-DRLIC-PASSPORT,145
+NAME+PHONE-GENDER,145
+SURNAME+PHONE-GENDER-SSN,145
+LIKELY_NAME+DOB+ADDRESS+SSN,144
+DOB+ADDRESS-SSN-DRLIC,144
+PNAME+DOB+ADDRESS+DRLIC+PASSPORT+ACCT_NUM (Ambiguous),144
+NAME+ADDRESS+PHONE+DRLIC+PASSPORT,144
+SSN-GENERATION-DOB-GENDER-DRLIC-PASSPORT,143
+NAME+DOB+ADDRESS+SSN,143
+SURNAME+SSN-PASSPORT,142
+PNAME+PHONE-GENDER-PASSPORT,142
+DOB+ADDRESS-SSN-DRLIC-PASSPORT,141
+SURNAME+DRLIC-GENDER-SSN,141
+NAME+ADDRESS+PHONE+SSN+PASSPORT,141
+NAME+DOB+PHONE+SSN,140
+PNAME+LOGIN_ID-DOB,140
+NAME+PHONE-PASSPORT,140
+ADDRESS-GENERATION-DOB-GENDER-DRLIC,139
-GENDER-DRLIC,138
+LIKELY_NAME+PHONE+SSN+DRLIC+PASSPORT,136
+SURNAME+ADDRESS-DOB-DRLIC,135
+NAME+DOB+PHONE+DRLIC+PASSPORT+ACCT_NUM (Ambiguous),135
+NAME+PHONE-DRLIC,135
+DOB+ADDRESS-GENDER-PASSPORT,134
+PNAME+DOB+PHONE+SSN,134
+PNAME+DOB+PHONE+DRLIC+PASSPORT+ACCT_NUM (Ambiguous),134
+NAME+ADDRESS-DOB-GENDER-SSN-PASSPORT,131
+NAME+DOB+ADDRESS+PHONE+PASSPORT,131
+LIKELY_NAME+DOB+PHONE+PASSPORT,131
+NAME+ADDRESS+PHONE+PASSPORT+ACCT_NUM,130
+PNAME+ADDRESS+PHONE+SSN+DRLIC,130
+PNAME+DRLIC-GENDER-SSN,130
+PHONE-GENERATION-DOB-GENDER-SSN-PASSPORT,130
+LIKELY_NAME+PASSPORT,130
+SURNAME+PHONE-DOB-GENDER-SSN-DRLIC-PASSPORT,130
+LIKELY_NAME+ADDRESS+SSN+DRLIC+PASSPORT,127
+PNAME+SSN-GENDER-PASSPORT,127
+PNAME+DOB+SSN+DRLIC+PASSPORT+ACCT_NUM (Ambiguous),125
+SURNAME+PHONE-GENDER-SSN-PASSPORT,124
+PNAME+DOB+ADDRESS+SSN,124
+SURNAME+ADDRESS-GENDER-DRLIC,122
+NAME+DOB+DRLIC+PASSPORT (Ambiguous),122
+NAME+SSN-DOB,120
+DOB+SSN-DRLIC-PASSPORT,120
+NAME+DOB+ADDRESS+PHONE-SSN,120
+ADDRESS-GENERATION-DOB-DRLIC-PASSPORT,120
+SURNAME+DRLIC-DOB-GENDER-SSN,119
+PNAME+ADDRESS-GENDER-SSN-DRLIC-PASSPORT,119
+LIKELY_NAME+ADDRESS+PASSPORT+ACCT_NUM,119
+SURNAME+DRLIC-DOB-GENDER-SSN-PASSPORT,118
+NAME+DOB+ADDRESS+DRLIC+PASSPORT+ACCT_NUM (Ambiguous),118
+NAME+ADDRESS-DOB-SSN-DRLIC-PASSPORT,117
+DOB+ADDRESS+PHONE+SSN (Ambiguous),117
+PASSPORT-GENDER-SSN-DRLIC,117
+DOB+SSN-GENDER-DRLIC,117
+PNAME+ADDRESS+PHONE+ACCT_NUM,116
+LIKELY_NAME+DOB+ACCT_NUM,116
+PNAME+SSN-DOB-GENDER-PASSPORT,115
+NAME+DRLIC+PASSPORT (Ambiguous),114
+NAME+DOB+SSN,113
-DOB-SSN-DRLIC-PASSPORT,113
+ADDRESS-GENERATION-DRLIC-PASSPORT,113
+LIKELY_NAME+PHONE+DRLIC+PASSPORT,112
+PHONE+LOGIN_ID,112
+PNAME+DRLIC-DOB-GENDER-SSN-PASSPORT,112
+LOGIN_ID-GENERATION-SSN,111
+SURNAME+DRLIC-GENDER,110
+LIKELY_NAME+DOB+ADDRESS+PASSPORT,109
+LIKELY_NAME+SSN+DRLIC+ACCT_NUM,108
+NAME+ADDRESS-GENDER-SSN-PASSPORT,107
+NAME+DRLIC+PASSPORT+ACCT_NUM (Ambiguous),107
+PNAME+LOGIN_ID-PASSPORT,107
+NAME+ADDRESS-DOB-GENDER,106
+NAME+DOB+PHONE+DRLIC,106
+NAME+PHONE-DOB-GENDER-SSN,106
+PNAME+ADDRESS-GENERATION-DOB-SSN-PASSPORT,106
+PASSPORT-DRLIC,106
+LIKELY_NAME+PHONE+SSN+DRLIC+PASSPORT+ACCT_NUM,106
+DOB+ADDRESS-GENDER-SSN-DRLIC-PASSPORT,105
+PNAME+ADDRESS-DOB-GENDER-DRLIC,105
+PNAME+ADDRESS+PHONE+SSN-DRLIC,105
+NAME+PHONE-DOB-GENDER-SSN-PASSPORT,104
+ADDRESS+PHONE+LOGIN_ID+ACCT_NUM,104
+LIKELY_NAME+DOB+PHONE+DRLIC+ACCT_NUM,103
+SURNAME+DRLIC-SSN-PASSPORT,103
+PNAME+SSN-DRLIC-PASSPORT,103
+DOB+ADDRESS-GENDER-SSN-DRLIC,102
+PNAME+DRLIC-GENDER,102
+NAME+ADDRESS-DOB-PASSPORT,102
+NAME+SSN+DRLIC,102
+DRLIC-GENERATION-DOB-GENDER,101
+DOB+ADDRESS+PHONE+SSN+DRLIC (Ambiguous),101
+PNAME+DRLIC-DOB-GENDER-SSN,100
+LIKELY_NAME+DOB+ADDRESS+DRLIC+ACCT_NUM,100
+ADDRESS+PHONE+SSN+LOGIN_ID+ACCT_NUM,100
+PHONE+SSN+LOGIN_ID,99
+NAME+ADDRESS-DOB-SSN-DRLIC,99
+LIKELY_NAME+DRLIC+ACCT_NUM,99
+SURNAME+LOGIN_ID-SSN,98
+NAME+ADDRESS-SSN-DRLIC,98
-GENDER-SSN-DRLIC-PASSPORT,97
+LIKELY_NAME+ADDRESS+SSN+DRLIC+PASSPORT+ACCT_NUM,97
+SURNAME+DRLIC-DOB,97
+NAME+ADDRESS+PHONE+PASSPORT-DRLIC,96
+LIKELY_NAME+DOB+DRLIC,96
+LIKELY_NAME+ADDRESS+DRLIC+PASSPORT,94
+LOGIN_ID-GENERATION-DOB-SSN,94
+NAME+DRLIC+ACCT_NUM,93
+SURNAME+SSN-GENDER-PASSPORT,92
+NAME+DOB+ADDRESS+PHONE-SSN-PASSPORT,91
+DOB+DRLIC-SSN,91
+NAME+ADDRESS+SSN+DRLIC,91
+NAME+PHONE+SSN+DRLIC,89
+LIKELY_NAME+DOB+PHONE+PASSPORT+ACCT_NUM,88
+PNAME+PHONE-SSN-DRLIC-PASSPORT,88
+ADDRESS+SSN+LOGIN_ID,88
-DOB-GENDER-DRLIC,87
+DRLIC-GENERATION-DOB-PASSPORT,87
+NAME+DOB+ADDRESS+DRLIC,87
+ADDRESS+LOGIN_ID,87
+DOB+SSN-GENDER-DRLIC-PASSPORT,86
+DOB+ADDRESS+PHONE+SSN+ACCT_NUM (Ambiguous),86
+NAME+SSN-DOB-PASSPORT,85
+ADDRESS-GENERATION-GENDER-DRLIC-PASSPORT,85
+ADDRESS-GENERATION-DOB-GENDER-DRLIC-PASSPORT,85
+PNAME+ADDRESS+PHONE-DRLIC,84
+SURNAME+PHONE-DOB,84
+PHONE-GENERATION-DOB-GENDER-SSN,84
+LIKELY_NAME+PASSPORT+ACCT_NUM,83
+SURNAME+ADDRESS+PHONE+SSN+LOGIN_ID,83
+NAME+PHONE+DRLIC+ACCT_NUM,83
+NAME+ADDRESS+PHONE-SSN,82
+NAME+DOB+ADDRESS+PHONE+SSN+PASSPORT,82
+NAME+PHONE-DOB-PASSPORT,81
+NAME+DOB-GENERATION-GENDER,81
+SSN-GENERATION-DOB-DRLIC,81
+LOGIN_ID-GENERATION-DOB-GENDER-SSN,80
-DRLIC-PASSPORT,79
+NAME+PHONE-SSN-DRLIC,78
+LIKELY_NAME+SSN+PASSPORT+ACCT_NUM,77
+LIKELY_NAME+DOB+SSN,77
+NAME+DOB+ADDRESS+PHONE+SSN-DRLIC,76
+DRLIC-GENERATION-PASSPORT,76
+SURNAME+ADDRESS-DOB-GENDER-DRLIC,75
+PNAME+DOB+DRLIC+PASSPORT+ACCT_NUM (Ambiguous),74
+PNAME+PHONE-DOB-GENDER-PASSPORT,74
+NAME+PASSPORT+ACCT_NUM,74
-DOB-GENDER-SSN-DRLIC-PASSPORT,73
+NAME+PHONE-DOB-SSN-DRLIC-PASSPORT,73
+PNAME+PHONE-DOB-DRLIC,73
+SSN-GENERATION-DRLIC,72
+SURNAME+LOGIN_ID,72
+PASSPORT-DOB-DRLIC,71
+PNAME+ADDRESS+PHONE+SSN+ACCT_NUM-DRLIC,71
+DOB+ADDRESS-DRLIC,71
+PNAME+PHONE+ACCT_NUM,71
+SSN-GENERATION-DOB-GENDER-DRLIC,71
+PNAME+PHONE-DOB-GENDER-SSN-DRLIC-PASSPORT,70
+NAME+DOB+DRLIC+PASSPORT+ACCT_NUM (Ambiguous),70
+DOB+PHONE+SSN (Ambiguous),70
+PHONE-GENERATION-SSN,70
+ADDRESS+PHONE+SSN+DRLIC+LOGIN_ID,69
+NAME+SSN-DRLIC,68
+SURNAME+ADDRESS-DRLIC-PASSPORT,68
+LIKELY_NAME+DRLIC+PASSPORT,68
+ADDRESS+PHONE+SSN+DRLIC+LOGIN_ID+ACCT_NUM,67
+NAME+SSN-GENDER,67
+PNAME+PHONE-GENDER-SSN-DRLIC,67
+SURNAME+PHONE-GENDER,67
+NAME+PHONE+SSN-DRLIC,67
+NAME+DOB+PHONE-DRLIC,67
+LIKELY_NAME+DOB+ADDRESS+PASSPORT+ACCT_NUM,67
+NAME+ADDRESS+PHONE+DRLIC+PASSPORT+ACCT_NUM,66
+PHONE-GENERATION-DOB-SSN,66
+DOB+DRLIC-GENDER-SSN,66
+DOB+DRLIC-SSN-PASSPORT,66
+DOB+ADDRESS+PHONE+LOGIN_ID,66
+NAME+ADDRESS+DRLIC+PASSPORT,66
+NAME+ADDRESS+PHONE+PASSPORT+ACCT_NUM-DRLIC,66
+PHONE-GENERATION,66
+PNAME+DRLIC-DOB-GENDER,65
+LOGIN_ID-GENERATION-GENDER-SSN,65
+LIKELY_NAME+SSN+DRLIC+PASSPORT,65
+PNAME+ADDRESS+ACCT_NUM,64
+SURNAME+ADDRESS-DOB-DRLIC-PASSPORT,64
+NAME+PHONE-GENDER-SSN-PASSPORT,64
+LOGIN_ID-GENERATION,64
+DOB+DRLIC-GENDER-SSN-PASSPORT,64
+NAME+ADDRESS+ACCT_NUM-DRLIC,63
+PNAME+DRLIC-GENDER-SSN-PASSPORT,63
+PNAME+PHONE+SSN+DRLIC,63
+PNAME+PHONE-DOB-GENDER-SSN-DRLIC,63
+LIKELY_NAME+PHONE+DRLIC+PASSPORT+ACCT_NUM,62
+DOB+ADDRESS+PHONE+SSN+PASSPORT (Ambiguous),62
+NAME+ADDRESS+PASSPORT+ACCT_NUM,61
+LIKELY_NAME+ADDRESS+DRLIC+PASSPORT+ACCT_NUM,61
+NAME+DOB-GENERATION-GENDER-SSN-DRLIC-PASSPORT,61
+LIKELY_NAME+DOB+ADDRESS+DRLIC+PASSPORT,61
+SURNAME+SSN-DRLIC,61
+PNAME+DOB+ADDRESS+PHONE+DRLIC,60
-GENDER-DRLIC-PASSPORT,60
+SURNAME+ADDRESS+PHONE+LOGIN_ID,60
+NAME+ADDRESS+DRLIC+ACCT_NUM,60
+SURNAME+DRLIC-GENDER-SSN-PASSPORT,59
+NAME+ADDRESS+PHONE+SSN+ACCT_NUM-DRLIC,58
+NAME+PHONE-DOB-GENDER,58
+NAME+DOB+ADDRESS-DRLIC,58
+SURNAME+DOB+ADDRESS+PHONE+SSN (Ambiguous),58
+NAME+PHONE+ACCT_NUM-DRLIC,57
+NAME+ADDRESS-SSN-DRLIC-PASSPORT,57
+NAME+SSN-PASSPORT,57
+PASSPORT-GENDER-DRLIC,56
+LOGIN_ID-GENERATION-SSN-PASSPORT,56
+PNAME+SSN+ACCT_NUM,56
+NAME+ADDRESS-GENDER-PASSPORT,56
+NAME+DRLIC-SSN,56
+ADDRESS+PHONE+SSN+PASSPORT+LOGIN_ID,56
+DOB+ADDRESS+PHONE+SSN+DRLIC+ACCT_NUM (Ambiguous),56
+NAME+DOB-GENERATION-DRLIC,56
+SSN+LOGIN_ID,56
+NAME+PHONE-DOB-SSN-DRLIC,55
+SURNAME+PHONE-DOB-SSN-DRLIC,55
+ADDRESS+PHONE+SSN-GENERATION,55
+PNAME+ADDRESS+PHONE-SSN,54
+PNAME+ADDRESS-GENDER-DRLIC-PASSPORT,54
+NAME+PHONE+DRLIC+PASSPORT,54
+SURNAME+PHONE-DOB-GENDER,54
+NAME+PHONE+PASSPORT+ACCT_NUM,54
+SURNAME+DRLIC-DOB-GENDER,54
+PNAME+ADDRESS+PHONE+ACCT_NUM-DRLIC,53
+PNAME+PHONE-GENDER-DRLIC,52
+ADDRESS+PHONE+SSN+PASSPORT+LOGIN_ID+ACCT_NUM,52
+ADDRESS+SSN+LOGIN_ID+ACCT_NUM,51
+PHONE-GENERATION-GENDER-SSN,51
-DOB-DRLIC-PASSPORT,51
+DRLIC-GENERATION-GENDER-PASSPORT,51
+PHONE+SSN+LOGIN_ID+ACCT_NUM,50
+LOGIN_ID-GENERATION-GENDER-SSN-PASSPORT,50
+NAME+ADDRESS+PHONE+SSN-GENERATION,50
+PNAME+PHONE-DRLIC-PASSPORT,50
+LIKELY_NAME+DOB+PHONE+DRLIC+PASSPORT,50
+SURNAME+DRLIC-PASSPORT,49
+SSN-GENERATION-DRLIC-PASSPORT,49
+NAME+DOB+PHONE-SSN,49
+DRLIC-GENERATION-DOB-GENDER-PASSPORT,49
+PNAME+LOGIN_ID-SSN-DRLIC,49
+ADDRESS+PHONE+DRLIC+LOGIN_ID,48
+PNAME+ADDRESS+PHONE+SSN+PASSPORT,48
+DOB+ADDRESS+PHONE+SSN+LOGIN_ID,48
+PHONE-GENERATION-SSN-PASSPORT,47
+DOB+ADDRESS+PHONE+LOGIN_ID+ACCT_NUM,47
+PNAME+ADDRESS+PHONE+SSN-GENERATION,47
+LIKELY_NAME+DOB+PASSPORT,47
+SSN-GENERATION-GENDER-DRLIC,46
+PNAME+LOGIN_ID+ACCT_NUM,46
+SURNAME+PHONE+SSN+LOGIN_ID,46
+NAME+ADDRESS+SSN-DRLIC,45
+NAME+PHONE-SSN-DRLIC-PASSPORT,45
+SURNAME+PHONE-DOB-PASSPORT,45
+DOB+PHONE+LOGIN_ID,45
+LIKELY_NAME+DOB+DRLIC+ACCT_NUM,45
+PNAME+ADDRESS+SSN+DRLIC,45
+PNAME+LOGIN_ID-DOB-PASSPORT,45
+NAME+PHONE-GENDER-PASSPORT,45
+NAME+DOB+ADDRESS+PASSPORT,44
+NAME+DOB+PHONE+SSN+DRLIC,44
+NAME+DOB+ADDRESS+PHONE+DRLIC+PASSPORT,44
+NAME+ADDRESS+PHONE+SSN+ACCT_NUM-GENERATION,44
+PNAME+LOGIN_ID-GENDER-SSN,44
+ADDRESS+PHONE+SSN-DRLIC,44
+SURNAME+PHONE-PASSPORT,43
+LIKELY_NAME+DOB+ADDRESS+DRLIC+PASSPORT+ACCT_NUM,43
+NAME+ADDRESS-GENDER-SSN-DRLIC,43
+NAME+DOB+ADDRESS+PHONE+SSN-GENERATION,43
+NAME+ADDRESS+PHONE+SSN+PASSPORT-DRLIC,43
+PNAME+PHONE+SSN-DRLIC,43
+NAME+DOB+PHONE+PASSPORT,43
+NAME+ADDRESS+SSN+PASSPORT,43
+SURNAME+LOGIN_ID-DOB-SSN,43
+SURNAME+ADDRESS-GENDER-DRLIC-PASSPORT,42
+PASSPORT-DOB-GENDER-DRLIC,42
+PNAME+LOGIN_ID-DOB-SSN-DRLIC-PASSPORT,42
+DOB+PHONE+SSN+DRLIC (Ambiguous),41
+LOGIN_ID-GENERATION-DOB,41
+LOGIN_ID-GENERATION-DOB-SSN-DRLIC-PASSPORT,41
+PNAME+ADDRESS-DOB-GENDER-DRLIC-PASSPORT,41
+LOGIN_ID-GENERATION-GENDER,41
+NAME+DOB+DRLIC,41
+SURNAME+ADDRESS+PHONE+SSN+DRLIC+LOGIN_ID,40
+SURNAME+ADDRESS+PHONE+SSN+LOGIN_ID+ACCT_NUM,40
+NAME+DOB-GENERATION-GENDER-PASSPORT,40
+NAME+ADDRESS+PHONE-GENERATION,40
+PNAME+LOGIN_ID-DOB-SSN-DRLIC,40
+LIKELY_NAME+DOB+ADDRESS+SSN+DRLIC,40
+NAME+PHONE+SSN+PASSPORT,39
+PNAME+ADDRESS-GENERATION-DOB-SSN,39
+PNAME+DOB+ADDRESS+PHONE+SSN-DRLIC,39
+PNAME+ADDRESS+PHONE+PASSPORT+ACCT_NUM,38
+ADDRESS+PHONE+SSN+DRLIC+PASSPORT+LOGIN_ID+ACCT_NUM,38
+SURNAME+PHONE+LOGIN_ID,38
+NAME+ADDRESS+PHONE+ACCT_NUM-SSN,38
+PHONE+LOGIN_ID+ACCT_NUM,38
+DOB+ADDRESS+SSN (Ambiguous),38
+PHONE-GENERATION-DOB-SSN-DRLIC-PASSPORT,38
+PNAME+DOB+ADDRESS+PHONE+SSN-GENERATION,38
+DOB+PHONE+SSN+ACCT_NUM (Ambiguous),37
+DOB+ADDRESS+PHONE+SSN+LOGIN_ID+ACCT_NUM,37
+SURNAME+DOB+ADDRESS+PHONE+LOGIN_ID,37
+PNAME+ADDRESS+PHONE+SSN+PASSPORT-DRLIC,37
+NAME+DOB+ADDRESS+SSN+DRLIC,37
+NAME+DOB+ADDRESS+PHONE+SSN+DRLIC+PASSPORT,37
+NAME+ADDRESS+PASSPORT-DRLIC,37
+ADDRESS+PHONE-DRLIC,36
+DOB+LOGIN_ID,36
+DRLIC-DOB-GENDER-SSN-DRLIC-PASSPORT,36
+SURNAME+LOGIN_ID-GENDER-SSN,36
+PNAME+SSN-GENDER-DRLIC,36
+NAME+SSN+PASSPORT,36
+PNAME+DOB+ADDRESS+PHONE-DRLIC,36
+SURNAME+LOGIN_ID-GENDER,36
+NAME+DOB+ADDRESS-SSN,35
+PNAME+SSN-DOB-GENDER-DRLIC-PASSPORT,35
+LOGIN_ID-GENERATION-DOB-GENDER-SSN-DRLIC-PASSPORT,35
+NAME+DOB-GENERATION-GENDER-SSN-DRLIC,35
+ADDRESS+PHONE+SSN+ACCT_NUM-GENERATION,35
+ADDRESS+PHONE+DRLIC+LOGIN_ID+ACCT_NUM,35
+NAME+DOB+ADDRESS+PHONE-GENERATION,35
+SURNAME+ADDRESS-DOB-GENDER-DRLIC-PASSPORT,35
+DOB+ADDRESS+SSN+LOGIN_ID,34
+NAME+SSN+ACCT_NUM-DRLIC,34
+NAME+ADDRESS+PHONE+SSN+DRLIC+PASSPORT,34
+LIKELY_NAME+DOB+PHONE+DRLIC+PASSPORT+ACCT_NUM,34
+SURNAME+DRLIC-DOB-PASSPORT,34
+SURNAME+PHONE-SSN-DRLIC,34
+NAME+ADDRESS-DOB-GENDER-PASSPORT,34
+NAME+DOB+ADDRESS+PHONE+PASSPORT-DRLIC,34
+PNAME+ADDRESS+PHONE-GENERATION,34
+NAME+DOB+ADDRESS+SSN-DRLIC,33
+SURNAME+DRLIC-GENDER-PASSPORT,33
-DOB-GENDER-DRLIC-PASSPORT,33
+SURNAME+PHONE-DOB-GENDER-SSN-DRLIC,33
+SURNAME+SSN-DOB-DRLIC-PASSPORT,33
+NAME+ADDRESS+PHONE+ACCT_NUM-GENERATION,33
+NAME+ADDRESS+PHONE-SSN-PASSPORT,33
+LOGIN_ID-GENERATION-DOB-GENDER,32
+SURNAME+LOGIN_ID-DOB-GENDER-SSN-PASSPORT,32
+NAME+DOB-GENERATION-DRLIC-PASSPORT,32
+DOB+DRLIC-GENDER,32
+SURNAME+ADDRESS+PHONE+LOGIN_ID+ACCT_NUM,32
+PNAME+PHONE+SSN+PASSPORT,32
+ADDRESS+DRLIC+LOGIN_ID,32
+PNAME+ADDRESS+PHONE+DRLIC+ACCT_NUM,32
+PNAME+PHONE-GENDER-SSN-DRLIC-PASSPORT,32
+SURNAME+DOB+ADDRESS+PHONE+SSN+DRLIC (Ambiguous),32
+PNAME+LOGIN_ID-DRLIC,32
+LIKELY_NAME+SSN+DRLIC+PASSPORT+ACCT_NUM,32
+NAME+PHONE+ACCT_NUM-SSN,32
+DOB+ADDRESS+PHONE+SSN+PASSPORT+ACCT_NUM (Ambiguous),31
+SURNAME+DOB+ADDRESS+PHONE+SSN+ACCT_NUM (Ambiguous),31
+ADDRESS+PHONE-GENERATION,31
+PNAME+ADDRESS+SSN-DRLIC,31
+PHONE-GENERATION-GENDER,31
+ADDRESS+LOGIN_ID+ACCT_NUM,31
+SSN-GENERATION-GENDER-DRLIC-PASSPORT,31
+ADDRESS+PHONE+SSN+ACCT_NUM-DRLIC,31
+SURNAME+ADDRESS+LOGIN_ID,31
+SURNAME+SSN-GENDER-DRLIC,31
+NAME+ADDRESS-DOB-DRLIC,31
+NAME+PHONE+PASSPORT-DRLIC,31
+DRLIC-DOB-SSN-DRLIC-PASSPORT,31
+PNAME+SSN-DOB-GENDER-DRLIC,30
+DOB+ADDRESS+SSN+DRLIC (Ambiguous),30
+LIKELY_NAME+DOB+PHONE+SSN+DRLIC,30
+SURNAME+LOGIN_ID-SSN-PASSPORT,30
+PNAME+DOB+ADDRESS+PHONE+ACCT_NUM-DRLIC,30
+PHONE-GENERATION-GENDER-SSN-PASSPORT,30
+NAME+ADDRESS+PHONE+DRLIC-GENERATION,30
+NAME+ACCT_NUM-DRLIC,30
+ADDRESS+PHONE+PASSPORT+LOGIN_ID,30
+DOB+ADDRESS+PHONE+SSN-GENERATION,30
+ADDRESS+PHONE-SSN,29
+PHONE+SSN+DRLIC+LOGIN_ID,29
+PNAME+DOB+ADDRESS+DRLIC,29
+SURNAME+ADDRESS+PHONE+SSN+PASSPORT+LOGIN_ID,29
+PNAME+LOGIN_ID-GENDER,29
+SURNAME+SSN-DOB-DRLIC,29
+DOB+ADDRESS+PHONE+SSN+DRLIC+PASSPORT (Ambiguous),29
+PNAME+PHONE-DOB-GENDER-DRLIC,29
+SURNAME+SSN-DOB-GENDER-DRLIC-PASSPORT,29
+DOB+ADDRESS+LOGIN_ID,29
+NAME+PHONE-DOB-DRLIC,29
+ADDRESS+PHONE+PASSPORT+LOGIN_ID+ACCT_NUM,29
+PHONE-GENERATION-DOB,29
+SURNAME+LOGIN_ID-DOB-GENDER-SSN,29
+LOGIN_ID-GENERATION-PASSPORT,28
+NAME+ADDRESS-DOB-GENDER-SSN-DRLIC,28
+PNAME+ADDRESS+PHONE+SSN+ACCT_NUM-GENERATION,28
+NAME+ADDRESS+PHONE-PASSPORT,28
+SURNAME+ADDRESS+PHONE+SSN+DRLIC+LOGIN_ID+ACCT_NUM,28
+ADDRESS+PHONE+ACCT_NUM-GENERATION,28
+NAME+DOB+PHONE-SSN-PASSPORT,28
+SURNAME+PHONE-DOB-GENDER-PASSPORT,28
+NAME+DOB+ADDRESS+PHONE+ACCT_NUM-DRLIC,28
+DOB+LOGIN_ID-SSN,27
+NAME+PHONE+DRLIC+PASSPORT+ACCT_NUM,27
+PNAME+ADDRESS+PHONE+SSN+PASSPORT-GENERATION,27
+DOB+ADDRESS-DRLIC-PASSPORT,27
+NAME+PHONE+SSN+ACCT_NUM-DRLIC,27
+SURNAME+PHONE+SSN+LOGIN_ID+ACCT_NUM,27
+PNAME+ADDRESS+PHONE+SSN+DRLIC-GENERATION,27
+SURNAME+DOB+ADDRESS+PHONE+SSN+DRLIC+ACCT_NUM (Ambiguous),27
+NAME+ADDRESS+PHONE+SSN+PASSPORT+ACCT_NUM-DRLIC,27
+DOB+ADDRESS-GENDER-DRLIC,27
+NAME+DRLIC-DOB-SSN,27
+SURNAME+ADDRESS+SSN+LOGIN_ID+ACCT_NUM,26
+ADDRESS+SSN+DRLIC+LOGIN_ID,26
+NAME+DOB+PHONE+SSN+PASSPORT,26
+PNAME+PASSPORT+LOGIN_ID,26
+NAME+ADDRESS+PHONE+SSN+DRLIC-GENERATION,26
+ADDRESS+PHONE+SSN+DRLIC+ACCT_NUM-GENERATION,26
+PNAME+ADDRESS+PHONE-PASSPORT,26
+PNAME+DRLIC+LOGIN_ID,26
+PHONE-GENERATION-DOB-GENDER-SSN-DRLIC-PASSPORT,26
+PNAME+DRLIC-GENDER-PASSPORT,26
+PHONE+SSN-GENERATION,26
+SURNAME+PHONE-SSN-DRLIC-PASSPORT,26
+PNAME+ADDRESS+SSN+PASSPORT,26
+SURNAME+ADDRESS+PHONE+DRLIC+LOGIN_ID+ACCT_NUM,26
+LIKELY_NAME+DOB+PASSPORT+ACCT_NUM,26
+PNAME+DOB+PHONE-SSN,26
+SURNAME+SSN+LOGIN_ID,26
+PNAME+PHONE+SSN+ACCT_NUM-DRLIC,25
+PNAME+LOGIN_ID-DOB-GENDER-SSN-PASSPORT,25
+ADDRESS+SSN-GENERATION,25
+NAME+PHONE+PASSPORT+ACCT_NUM-DRLIC,25
+PNAME+PHONE+ACCT_NUM-DRLIC,25
+PNAME+DOB+ADDRESS-SSN,25
+DOB+ADDRESS+PHONE+SSN-DRLIC,25
+NAME+DOB+ADDRESS+PHONE-PASSPORT,25
+ADDRESS+PHONE+SSN+DRLIC+PASSPORT+LOGIN_ID,25
+PNAME+DRLIC-DOB-GENDER-PASSPORT,25
+SURNAME+SSN-DRLIC-PASSPORT,25
+DRLIC-DOB-SSN-DRLIC,25
+PNAME+DOB+ADDRESS+PHONE+SSN+DRLIC+ACCT_NUM-GENERATION,25
+PHONE+DRLIC+LOGIN_ID,25
+DRLIC-DOB-GENDER-SSN-DRLIC,25
+LOGIN_ID+ACCT_NUM,25
+ADDRESS+PHONE+ACCT_NUM-DRLIC,25
+ADDRESS+PHONE+DRLIC+PASSPORT+LOGIN_ID,24
+NAME+SSN-DOB-GENDER,24
+NAME+ADDRESS-DRLIC-PASSPORT,24
+PNAME+ADDRESS-GENERATION-SSN,24
+NAME+ADDRESS-GENDER-DRLIC,24
+PNAME+PHONE+SSN-GENERATION,24
+SURNAME+ADDRESS+PHONE+SSN+PASSPORT+LOGIN_ID+ACCT_NUM,24
+NAME+DOB+ADDRESS-SSN-PASSPORT,24
+LIKELY_NAME+DOB+DRLIC+PASSPORT,23
+DOB+ADDRESS+PHONE-SSN,23
+DOB+ADDRESS+PHONE+DRLIC+LOGIN_ID,23
+SSN+PASSPORT+LOGIN_ID,23
+DOB+PHONE+LOGIN_ID+ACCT_NUM,23
+DOB+PHONE+SSN+LOGIN_ID,23
+PNAME+PHONE-DOB-DRLIC-PASSPORT,23
+PNAME+LOGIN_ID-DOB-GENDER-SSN,23
+SURNAME+DRLIC-DOB-GENDER-PASSPORT,23
+PNAME+DOB+ADDRESS+PHONE+SSN+ACCT_NUM-DRLIC,23
+ADDRESS+PHONE+DRLIC+PASSPORT+LOGIN_ID+ACCT_NUM,23
+PNAME+ADDRESS+PHONE+ACCT_NUM-GENERATION,23
+PHONE+SSN-DRLIC,23
+NAME+DRLIC-SSN-PASSPORT,22
+DOB+ADDRESS+PHONE+SSN+DRLIC+PASSPORT+ACCT_NUM (Ambiguous),22
+NAME+ADDRESS+SSN+ACCT_NUM-DRLIC,22
+PHONE-GENERATION-PASSPORT,22
+NAME+ADDRESS+PHONE+SSN+DRLIC+ACCT_NUM-GENERATION,22
+DOB+ADDRESS-GENDER-DRLIC-PASSPORT,22
+PNAME+ADDRESS+PHONE+SSN+PASSPORT+ACCT_NUM-DRLIC,22
+SURNAME+DOB+ADDRESS+PHONE+SSN+PASSPORT (Ambiguous),22
+NAME+ADDRESS-DOB-DRLIC-PASSPORT,22
+DOB+ADDRESS+PHONE+DRLIC+LOGIN_ID+ACCT_NUM,22
+SURNAME+DOB+ADDRESS+PHONE+SSN+DRLIC+PASSPORT+ACCT_NUM (Ambiguous),22
+DRLIC-SSN-DRLIC,22
+SURNAME+PHONE-GENDER-SSN-DRLIC-PASSPORT,22
+NAME+PHONE-DOB-GENDER-SSN-DRLIC-PASSPORT,22
+SURNAME+DOB+PHONE+SSN (Ambiguous),22
+SURNAME+ADDRESS+PHONE+DRLIC+LOGIN_ID,22
+ADDRESS+SSN+PASSPORT+LOGIN_ID,22
+NAME+DRLIC+PASSPORT+ACCT_NUM,22
+NAME+ADDRESS+SSN-GENERATION,22
+PHONE+SSN+PASSPORT+LOGIN_ID,22
+NAME+DOB+ADDRESS+PHONE+SSN+DRLIC+ACCT_NUM-GENERATION,22
+SURNAME+SSN-DOB-GENDER-DRLIC,22
+NAME+DOB+ADDRESS+PHONE+SSN+ACCT_NUM-GENERATION,22
+DOB+ADDRESS+PHONE+PASSPORT+LOGIN_ID,22
+PNAME+DOB+PHONE+DRLIC,22
+PNAME+DOB+PHONE-DRLIC,22
+NAME+ADDRESS-DOB-GENDER-SSN-DRLIC-PASSPORT,21
+DOB+DRLIC-PASSPORT,21
+SSN+LOGIN_ID+ACCT_NUM,21
+NAME+SSN-DOB-GENDER-PASSPORT,21
+ADDRESS+PHONE+SSN+PASSPORT+ACCT_NUM-DRLIC,21
+NAME+DOB+ADDRESS+PHONE+ACCT_NUM-GENERATION,21
+SURNAME+ADDRESS-GENERATION-DOB-GENDER-SSN-PASSPORT,21
+SURNAME+DOB+PHONE+SSN+DRLIC (Ambiguous),21
+DOB+PHONE-SSN-PASSPORT,21
+NAME+DRLIC-DOB-SSN-PASSPORT,21
+NAME+ADDRESS+PHONE+SSN-DOB,21
+DOB+PHONE-SSN,21
+PHONE+SSN+DRLIC+LOGIN_ID+ACCT_NUM,21
+PNAME+DOB+ADDRESS+PHONE+SSN+DRLIC,21
+DOB+ADDRESS+SSN+ACCT_NUM (Ambiguous),21
+SURNAME+LOGIN_ID-PASSPORT,21
+PNAME+DOB+ADDRESS+PHONE+PASSPORT,21
+PNAME+DOB+ADDRESS+PHONE-GENERATION,21
+ADDRESS+SSN+PASSPORT+LOGIN_ID+ACCT_NUM,21
+DOB+ADDRESS+PHONE+SSN+ACCT_NUM-GENERATION,21
+NAME+DOB+ADDRESS+PHONE-SSN-DRLIC-PASSPORT,21
+NAME+ADDRESS+PHONE-DOB,20
+PNAME+PHONE+DRLIC+ACCT_NUM,20
+LIKELY_NAME+DOB+ADDRESS+SSN+PASSPORT,20
+PNAME+DOB+ADDRESS+PHONE-SSN,20
+DOB+ADDRESS+PHONE-DRLIC,20
+ADDRESS+PHONE+SSN+PASSPORT-DRLIC,20
+SURNAME+LOGIN_ID-DOB-SSN-PASSPORT,20
+SURNAME+DOB+ADDRESS+PHONE+SSN+DRLIC+PASSPORT (Ambiguous),20
+SURNAME+PHONE-GENDER-SSN-DRLIC,20
+NAME+DOB+ADDRESS+PHONE+DRLIC-SSN-PASSPORT,20
+PHONE-GENERATION-DOB-PASSPORT,20
+NAME+ADDRESS+PHONE+SSN+PASSPORT+ACCT_NUM-GENERATION,20
+ADDRESS+SSN+DRLIC+LOGIN_ID+ACCT_NUM,20
+ADDRESS+PHONE+SSN+DRLIC-GENERATION,20
+NAME+DRLIC-DOB,20
+LIKELY_NAME+DRLIC+PASSPORT+ACCT_NUM,20
+LOGIN_ID-GENERATION-DOB-SSN-DRLIC,20
+NAME+PHONE+SSN-GENERATION,20
+NAME+DOB+PHONE+SSN-DRLIC,20
+PNAME+ADDRESS-GENERATION-DOB-SSN-DRLIC-PASSPORT,20
+PHONE+SSN+PASSPORT+LOGIN_ID+ACCT_NUM,20
+SURNAME+DOB+ADDRESS+PHONE+SSN+ACCT_NUM-DRLIC,19
+ADDRESS+PHONE+SSN+PASSPORT-GENERATION,19
+PNAME+ADDRESS+ACCT_NUM-DRLIC,19
+DOB+ADDRESS+PHONE+SSN+ACCT_NUM-DRLIC,19
+PNAME+ADDRESS+DRLIC+ACCT_NUM,19
+NAME+ADDRESS+PHONE+SSN-DOB-PASSPORT,19
+PNAME+ADDRESS-GENERATION-SSN-PASSPORT,19
+PNAME+ADDRESS+PHONE+DRLIC-GENERATION,19
+NAME+ADDRESS+PHONE+DRLIC+PASSPORT-GENERATION,19
+NAME+ADDRESS+PHONE+DRLIC+ACCT_NUM-GENERATION,19
+NAME+DOB+ADDRESS+PHONE-SSN-DRLIC,19
+SURNAME+PHONE+SSN+PASSPORT+LOGIN_ID,19
+NAME+DOB+ADDRESS+PHONE+SSN+DRLIC-GENERATION,19
+NAME+ADDRESS+DRLIC+PASSPORT+ACCT_NUM,19
+NAME+DOB+ADDRESS+PHONE+SSN+PASSPORT+ACCT_NUM-GENERATION,19
+PNAME+DOB+ADDRESS+PHONE+SSN+ACCT_NUM-GENERATION,19
+SURNAME+PHONE-DRLIC,19
+PNAME+LOGIN_ID-DOB-DRLIC,19
+NAME+DOB+ADDRESS+PHONE+SSN+PASSPORT-GENERATION,18
+NAME+DOB-GENERATION-GENDER-DRLIC,18
+NAME+ADDRESS+SSN+PASSPORT-DRLIC,18
+NAME+ADDRESS+PHONE+PASSPORT-GENERATION,18
+NAME+PHONE-GENDER-DRLIC,18
+NAME+ADDRESS+ACCT_NUM-SSN,18
+LIKELY_NAME+DOB+PHONE+SSN+PASSPORT,18
+PHONE+PASSPORT+LOGIN_ID,18
+SURNAME+ADDRESS+SSN+LOGIN_ID,18
+PNAME+ADDRESS+SSN+ACCT_NUM-DRLIC,18
+NAME+ADDRESS+PHONE+SSN-PASSPORT,18
+PNAME+PASSPORT+LOGIN_ID+ACCT_NUM,18
+DOB+SSN+LOGIN_ID,18
+SURNAME+ADDRESS-GENERATION-DOB-SSN-PASSPORT,18
+NAME+PASSPORT-DRLIC,18
+DOB+ADDRESS+PHONE+SSN+DRLIC+ACCT_NUM-GENERATION,18
+NAME+DOB+ADDRESS+PHONE+PASSPORT+ACCT_NUM-DRLIC,18
+NAME+ADDRESS-GENDER-SSN-DRLIC-PASSPORT,18
+NAME+SSN-GENDER-PASSPORT,18
+DOB+ADDRESS+SSN+DRLIC+ACCT_NUM (Ambiguous),18
+LOGIN_ID-GENERATION-DOB-PASSPORT,18
+PHONE-GENERATION-DOB-SSN-DRLIC,18
+PNAME+LOGIN_ID-SSN-DRLIC-PASSPORT,18
+NAME+ACCT_NUM-SSN,18
+DOB+ADDRESS+PHONE+SSN+PASSPORT+ACCT_NUM-DRLIC,18
+PHONE+SSN+ACCT_NUM-DRLIC,17
+PNAME+ADDRESS+PHONE+SSN+PASSPORT+ACCT_NUM-GENERATION,17
+NAME+ADDRESS+PASSPORT+ACCT_NUM-DRLIC,17
+PNAME+ADDRESS+PHONE+PASSPORT-DRLIC,17
+DOB+ADDRESS+DRLIC+LOGIN_ID,17
+SURNAME+ADDRESS+PHONE+SSN-DRLIC,17
+PNAME+SSN+PASSPORT+ACCT_NUM,17
+DOB+PHONE+SSN-DRLIC,17
+NAME+DOB+ADDRESS+PHONE+DRLIC-GENERATION,17
+DOB+ADDRESS+PHONE+PASSPORT+LOGIN_ID+ACCT_NUM,17
+ADDRESS+PASSPORT+LOGIN_ID,17
+DOB+PHONE+SSN+PASSPORT (Ambiguous),17
+ADDRESS+PHONE+SSN+PASSPORT+ACCT_NUM-GENERATION,17
+DRLIC+LOGIN_ID,17
+NAME+DOB+PASSPORT,17
+ADDRESS+SSN+ACCT_NUM-DRLIC,17
+SURNAME+DOB+ADDRESS+PHONE+SSN+LOGIN_ID,17
+PNAME+ADDRESS+PHONE+SSN+DRLIC+PASSPORT,17
+PNAME+ADDRESS+PHONE-SSN-PASSPORT,17
+DOB+ADDRESS+SSN+PASSPORT (Ambiguous),17
+SURNAME+DOB+ADDRESS+PHONE+SSN+LOGIN_ID+ACCT_NUM,17
+PNAME+DOB+ADDRESS+PHONE+ACCT_NUM-GENERATION,16
+ADDRESS+SSN-DRLIC,16
+DOB+SSN-GENERATION,16
+PNAME+DOB+ADDRESS+PHONE+PASSPORT-DRLIC,16
+SURNAME+LOGIN_ID-DOB,16
+PNAME+LOGIN_ID-DRLIC-PASSPORT,16
+NAME+ADDRESS+PHONE+SSN+PASSPORT-GENERATION,16
+PNAME+DOB+ADDRESS+PHONE+SSN+PASSPORT-GENERATION,16
+SURNAME+LOGIN_ID-GENDER-SSN-PASSPORT,16
+SURNAME+PHONE+LOGIN_ID+ACCT_NUM,16
+PNAME+DOB+ADDRESS+PHONE+SSN+DRLIC-GENERATION,16
+NAME+PHONE-GENDER-SSN-DRLIC,16
+PNAME+ADDRESS+SSN-GENERATION,16
+SURNAME+DOB+ADDRESS+PHONE+LOGIN_ID+ACCT_NUM,16
+SURNAME+PHONE-GENDER-PASSPORT,16
+SURNAME+PHONE-DOB-DRLIC,16
+SURNAME+LOGIN_ID-GENDER-PASSPORT,16
+DOB+ADDRESS+LOGIN_ID+ACCT_NUM,16
+SURNAME+DOB+ADDRESS+PHONE+SSN+PASSPORT+ACCT_NUM (Ambiguous),15
+NAME+PHONE-DOB-GENDER-PASSPORT,15
+PNAME+DOB+ADDRESS+PHONE+PASSPORT+ACCT_NUM-DRLIC,15
+SURNAME+DOB+PHONE+SSN+ACCT_NUM (Ambiguous),15
+NAME+ADDRESS+PHONE+ACCT_NUM-SSN-PASSPORT,15
+SURNAME+ADDRESS+PHONE+PASSPORT+LOGIN_ID,15
+PNAME+DOB+ADDRESS+PHONE+SSN+DRLIC+PASSPORT+ACCT_NUM-GENERATION,15
+SURNAME+DOB+ADDRESS+SSN (Ambiguous),15
+LOGIN_ID-GENERATION-DOB-GENDER-SSN-DRLIC,15
+LOGIN_ID-GENERATION-DOB-GENDER-PASSPORT,15
+DRLIC-SSN-DRLIC-PASSPORT,15
+SURNAME+PHONE-DOB-GENDER-DRLIC,15
+DOB+PHONE+DRLIC+LOGIN_ID,15
+PNAME+ADDRESS+SSN+ACCT_NUM-GENERATION,15
+SURNAME+LOGIN_ID-DOB-GENDER,15
+SSN+DRLIC+LOGIN_ID,15
+NAME+DOB+ADDRESS+PHONE+PASSPORT-GENERATION,15
+NAME+PHONE-DRLIC-PASSPORT,15
+DRLIC-GENDER-SSN-DRLIC,15
+PNAME-SSN,15
+SURNAME+ADDRESS+PHONE-DRLIC,15
+SURNAME+ADDRESS+PHONE+SSN+DRLIC+PASSPORT+LOGIN_ID+ACCT_NUM,15
+PNAME+PHONE+SSN+PASSPORT-DRLIC,15
+DOB+ADDRESS+SSN+LOGIN_ID+ACCT_NUM,15
+DOB+PHONE+SSN+DRLIC+ACCT_NUM (Ambiguous),14
+PHONE+SSN+ACCT_NUM-GENERATION,14
+NAME+DOB+ADDRESS+PHONE+ACCT_NUM-SSN,14
+PHONE-GENERATION-DOB-GENDER,14
+PNAME+ACCT_NUM-DRLIC,14
+NAME+ADDRESS+PHONE+SSN+DRLIC+PASSPORT-GENERATION,14
+NAME+ADDRESS+PHONE+SSN+DRLIC+PASSPORT+ACCT_NUM-GENERATION,14
+PNAME+ADDRESS-GENERATION-DOB-GENDER-SSN-PASSPORT,14
+PNAME+ADDRESS+PHONE+DRLIC+ACCT_NUM-GENERATION,14
+NAME+ADDRESS+PHONE+ACCT_NUM-PASSPORT,14
+NAME+ADDRESS-GENERATION-DOB-SSN-PASSPORT,14
+NAME+ADDRESS+ACCT_NUM-GENERATION,14
+LOGIN_ID-GENERATION-GENDER-PASSPORT,14
+SURNAME+DOB+SSN+LOGIN_ID,14
+NAME+DOB+ADDRESS+SSN-GENERATION,14
+NAME+DOB+ADDRESS+SSN+PASSPORT,14
+PNAME+DOB+SSN,14
+PNAME+DOB+SSN+DRLIC,14
+NAME+SSN-DOB-DRLIC,14
+SURNAME+DOB+ADDRESS+SSN+DRLIC (Ambiguous),14
+PNAME+SSN+ACCT_NUM-DRLIC,14
+DOB+PHONE+SSN+DRLIC+LOGIN_ID,14
+DOB+PHONE-GENDER-SSN-PASSPORT,14
+NAME+DOB+PHONE-PASSPORT,14
+DOB+LOGIN_ID-GENDER-SSN,14
+SURNAME+ADDRESS+PHONE+SSN+DRLIC+PASSPORT+LOGIN_ID,14
+DOB+ADDRESS+PHONE+ACCT_NUM-DRLIC,14
+DOB+ADDRESS+PHONE+SSN+PASSPORT-GENERATION,14
+SURNAME+ADDRESS+PHONE+PASSPORT+LOGIN_ID+ACCT_NUM,14
+PNAME+ACCT_NUM-SSN,13
+NAME+PHONE-DOB-GENDER-SSN-DRLIC,13
+LOGIN_ID-GENERATION-DRLIC,13
+NAME+DRLIC-PASSPORT,13
+DOB+ADDRESS+PHONE+SSN+DRLIC-GENERATION,13
+LIKELY_NAME+ADDRESS+PHONE+SSN (Ambiguous),13
+PNAME+PHONE+PASSPORT+ACCT_NUM,13
+PNAME+SSN-GENERATION,13
+PNAME+PHONE-GENERATION-DOB-SSN-PASSPORT,13
+PNAME+DOB+ADDRESS+PHONE+SSN+DRLIC+PASSPORT-GENERATION,13
+NAME+ADDRESS+PHONE+PASSPORT+ACCT_NUM-GENERATION,13
+SURNAME+ADDRESS+PHONE-SSN,13
+DOB+ADDRESS+PHONE+ACCT_NUM-SSN,13
+SURNAME+DOB+ADDRESS+PHONE+SSN+DRLIC+LOGIN_ID,13
+PNAME+ADDRESS+PHONE+SSN+DRLIC+ACCT_NUM-GENERATION,13
+PNAME+ADDRESS+PHONE+SSN-PASSPORT,13
+DOB+ADDRESS+PHONE+SSN+PASSPORT-DRLIC,13
+SURNAME+DOB+ADDRESS+PHONE+DRLIC+LOGIN_ID,13
+ADDRESS+PHONE+DRLIC-GENERATION,13
+NAME+SSN-DOB-DRLIC-PASSPORT,13
+PNAME+LOGIN_ID-GENDER-SSN-PASSPORT,13
+PNAME+SSN+DRLIC+ACCT_NUM,13
+SURNAME+ADDRESS+SSN+DRLIC+LOGIN_ID+ACCT_NUM,13
+ADDRESS+ACCT_NUM-GENERATION,13
+NAME+ADDRESS+PHONE+ACCT_NUM-DOB,13
+NAME+DOB+ADDRESS+PHONE+SSN+DRLIC+PASSPORT+ACCT_NUM-GENERATION,12
+PHONE-GENERATION-DOB-GENDER-PASSPORT,12
+NAME+DRLIC-GENDER,12
+NAME+PHONE+SSN+PASSPORT-DRLIC,12
+PNAME+LOGIN_ID-DOB-DRLIC-PASSPORT,12
+PNAME+DRLIC+LOGIN_ID+ACCT_NUM,12
+PNAME+DRLIC-GENERATION-DOB-SSN-PASSPORT,12
+LIKELY_NAME+DOB+ADDRESS+PHONE (Ambiguous),12
+PNAME-DOB-SSN,12
+LIKELY_NAME+DOB+DRLIC+PASSPORT+ACCT_NUM,12
+NAME+DOB+SSN+PASSPORT,12
+PHONE-GENERATION-DOB-GENDER-SSN-DRLIC,12
+DOB+PHONE+SSN+PASSPORT+ACCT_NUM (Ambiguous),12
+DOB+PHONE+SSN+DRLIC+PASSPORT (Ambiguous),12
+NAME+DOB+ACCT_NUM-DRLIC,12
+ADDRESS+PHONE+PASSPORT-DRLIC,12
+PNAME+DOB+ADDRESS+PHONE-SSN-PASSPORT,12
+NAME+SSN+PASSPORT-DRLIC,12
+NAME+DOB+PHONE+DRLIC+PASSPORT,12
+PNAME+SSN-GENDER-DRLIC-PASSPORT,12
+NAME+DOB+ACCT_NUM-SSN-PASSPORT,12
+LOGIN_ID-GENERATION-SSN-DRLIC,12
+SURNAME+DOB+ADDRESS+PHONE+DRLIC+LOGIN_ID+ACCT_NUM,12
+PNAME+DOB+ADDRESS+ACCT_NUM-DRLIC,12
+NAME+DOB+ADDRESS+ACCT_NUM-DRLIC,12
+SURNAME+DOB+ADDRESS+LOGIN_ID,12
+DOB+ADDRESS-GENERATION,12
+DOB+LOGIN_ID-GENDER-SSN-PASSPORT,12
+DOB+ADDRESS+PHONE+DRLIC+PASSPORT+LOGIN_ID+ACCT_NUM,12
+DOB+DRLIC-GENDER-PASSPORT,12
+PHONE+ACCT_NUM-SSN,12
+PHONE+PASSPORT+LOGIN_ID+ACCT_NUM,12
+NAME+DOB+PHONE+SSN+DRLIC-GENERATION,12
+NAME+DOB+ADDRESS+PHONE+DRLIC-SSN,12
+NAME+ADDRESS+PHONE+PASSPORT-SSN,12
+PNAME+ADDRESS+PASSPORT+ACCT_NUM,12
+DOB+ADDRESS+PHONE-GENERATION,12
+PHONE+DRLIC+LOGIN_ID+ACCT_NUM,12
+NAME+ADDRESS+PHONE-SSN-DRLIC,12
+DRLIC-DRLIC,12
+ADDRESS+PHONE+SSN+DRLIC+PASSPORT-GENERATION,12
+ADDRESS+PHONE+SSN+DRLIC+PASSPORT+ACCT_NUM-GENERATION,12
+PNAME+PHONE-DOB-GENDER-DRLIC-PASSPORT,12
+SURNAME+DOB+ADDRESS+PHONE+SSN+PASSPORT+ACCT_NUM-DRLIC,11
+NAME+ADDRESS+PHONE+DRLIC+PASSPORT+ACCT_NUM-GENERATION,11
+PHONE-GENERATION-GENDER-SSN-DRLIC-PASSPORT,11
+PNAME+ADDRESS+PHONE-DOB,11
+DRLIC-GENDER-DRLIC,11
+ADDRESS+PHONE+PASSPORT+ACCT_NUM-DRLIC,11
+SURNAME+DOB+ADDRESS+PHONE-SSN,11
+SURNAME+ADDRESS+PHONE+SSN+ACCT_NUM-DRLIC,11
+ADDRESS+SSN+DRLIC+PASSPORT+LOGIN_ID,11
+PNAME+ADDRESS+PASSPORT-DRLIC,11
+NAME+PHONE+SSN+PASSPORT-GENERATION,11
+PHONE-GENERATION-SSN-DRLIC,11
+PNAME+DOB+ADDRESS-SSN-PASSPORT,11
+DOB+ADDRESS+PHONE+SSN+PASSPORT+ACCT_NUM-GENERATION,11
+PNAME+PHONE-GENDER-DRLIC-PASSPORT,11
+PNAME+DOB+PHONE+ACCT_NUM-DRLIC,11
+NAME+DOB-GENERATION-GENDER-DRLIC-PASSPORT,11
+NAME+DRLIC-GENDER-SSN,11
+NAME+DOB+PHONE+PASSPORT-DRLIC,11
+PASSPORT+LOGIN_ID,11
+PNAME+ADDRESS+SSN+PASSPORT+ACCT_NUM-DRLIC,11
+SURNAME+DOB+ADDRESS+PHONE+ACCT_NUM-DRLIC,11
+SURNAME+ADDRESS+DRLIC+LOGIN_ID,11
+DOB+ADDRESS+PHONE+DRLIC-GENERATION,11
+PNAME+PHONE-GENERATION,11
+DOB+LOGIN_ID-GENDER,11
+NAME+DOB+ADDRESS+PHONE+SSN-PASSPORT,11
+SURNAME+PHONE-DOB-GENDER-DRLIC-PASSPORT,11
+PNAME+DOB+PHONE+SSN+ACCT_NUM-GENERATION,11
+SURNAME+PHONE+SSN+DRLIC+LOGIN_ID,11
+NAME+DOB+ADDRESS+PHONE+SSN+PASSPORT-DRLIC,11
+PNAME+ADDRESS+PHONE+SSN-DOB,11
+SURNAME+LOGIN_ID-DOB-PASSPORT,11
+PNAME+ADDRESS+PHONE+PASSPORT-GENERATION,11
+PNAME+ADDRESS+DRLIC-GENERATION,11
+DOB+ADDRESS+PHONE+SSN-PASSPORT,10
+ACCT_NUM-SSN,10
+ADDRESS+DRLIC+LOGIN_ID+ACCT_NUM,10
+ADDRESS+PHONE+ACCT_NUM-SSN,10
+ADDRESS+PHONE+DRLIC-SSN,10
+ADDRESS+PHONE-PASSPORT,10
+ADDRESS+PHONE+PASSPORT+ACCT_NUM-GENERATION,10
+ADDRESS+PHONE+SSN-DOB,10
+DOB+ADDRESS+PHONE+ACCT_NUM-GENERATION,10
+DOB+ADDRESS+PHONE+SSN+DRLIC+PASSPORT-GENERATION,10
+DOB+ADDRESS+PHONE+SSN+PASSPORT+LOGIN_ID,10
+DOB+LOGIN_ID-SSN-PASSPORT,10
+DOB+PHONE-GENDER,10
+DOB+PHONE-GENDER-SSN,10
+DOB+PHONE+PASSPORT+LOGIN_ID,10
+DOB+PHONE+SSN+LOGIN_ID+ACCT_NUM,10
+LIKELY_NAME+DOB+SSN+DRLIC,10
+NAME+ADDRESS+PHONE+DRLIC+ACCT_NUM-SSN,10
+NAME+ADDRESS+SSN-DOB,10
+NAME+DOB+ADDRESS+DRLIC+PASSPORT,10
+NAME+DOB+ADDRESS-PASSPORT,10
+NAME+DOB+ADDRESS+SSN+DRLIC-GENERATION,10
+NAME+DOB+DRLIC-SSN,10
+NAME+DOB+PHONE+ACCT_NUM-DRLIC,10
+NAME+DRLIC-DOB-GENDER,10
+NAME+PHONE+ACCT_NUM-GENERATION,10
+NAME+PHONE-GENERATION,10
+NAME+SSN-DRLIC-PASSPORT,10
+NAME+SSN+DRLIC+PASSPORT,10
+PNAME+ACCT_NUM-GENERATION,10
+PNAME+ADDRESS-GENERATION,10
+PNAME+ADDRESS-GENERATION-DOB,10
+PNAME+ADDRESS-GENERATION-DOB-GENDER-SSN-DRLIC-PASSPORT,10
+PNAME+ADDRESS-GENERATION-DOB-SSN-DRLIC,10
+PNAME+ADDRESS+PHONE+DRLIC+PASSPORT+ACCT_NUM,10
+PNAME+ADDRESS+PHONE+SSN+DRLIC+PASSPORT-GENERATION,10
+PNAME+ADDRESS+SSN+PASSPORT-DRLIC,10
+PNAME+DOB+PHONE-GENERATION,10
+PNAME+DOB+PHONE+SSN-DRLIC,10
+SURNAME+DOB+ADDRESS+PHONE-DRLIC,10
+SURNAME+DOB+ADDRESS+PHONE+DRLIC+ACCT_NUM-SSN,10
+SURNAME+DOB+ADDRESS+PHONE+PASSPORT+LOGIN_ID,10
+SURNAME+DOB+ADDRESS+PHONE+SSN-DRLIC,10
+SURNAME+DOB+ADDRESS+PHONE+ACCT_NUM-SSN-PASSPORT,9
+SURNAME+ADDRESS+PHONE+SSN+PASSPORT-DRLIC,9
+NAME+PHONE+SSN-DOB,9
+NAME+PASSPORT-SSN,9
+PNAME+DOB+PHONE+PASSPORT,9
+DOB+SSN+DRLIC+LOGIN_ID,9
+PNAME+DRLIC+PASSPORT+LOGIN_ID+ACCT_NUM,9
+SURNAME+PHONE+SSN+DRLIC+PASSPORT+LOGIN_ID,9
+DOB+ADDRESS+ACCT_NUM-SSN,9
+DOB+PHONE+SSN+DRLIC+PASSPORT+ACCT_NUM (Ambiguous),9
+PNAME+DOB+ADDRESS+PHONE+ACCT_NUM-SSN,9
+SURNAME+PHONE-GENERATION-DOB-GENDER-SSN-PASSPORT,9
+NAME+DOB+PHONE+DRLIC-SSN-PASSPORT,9
+NAME+PHONE+DRLIC-SSN,9
+NAME+PHONE+SSN+DRLIC+PASSPORT,9
+SURNAME+DOB+ADDRESS+PHONE+ACCT_NUM-SSN,9
+SURNAME+DOB+ADDRESS+PHONE+DRLIC+PASSPORT+LOGIN_ID,9
+PHONE+SSN+DRLIC-GENERATION,9
+PNAME+ADDRESS+SSN+DRLIC+ACCT_NUM-GENERATION,9
+SURNAME+DOB+ADDRESS+PHONE+PASSPORT+LOGIN_ID+ACCT_NUM,9
+PASSPORT+LOGIN_ID+ACCT_NUM,9
+NAME+DOB+ACCT_NUM-SSN,9
+DOB+LOGIN_ID+ACCT_NUM,9
+PHONE-GENERATION-GENDER-SSN-DRLIC,9
+ADDRESS+PHONE+SSN-PASSPORT,9
+NAME+DOB+ADDRESS+PHONE+ACCT_NUM-SSN-PASSPORT,9
+NAME+DOB+PHONE+SSN+DRLIC+PASSPORT,9
+NAME+DOB+ADDRESS+PHONE+DRLIC+ACCT_NUM-GENERATION,9
+SURNAME+DOB+PHONE+SSN+PASSPORT (Ambiguous),9
+NAME+DOB+ADDRESS+PHONE+SSN+DRLIC+PASSPORT-GENERATION,9
+DRLIC-DOB-DRLIC,9
+SURNAME+PHONE-DOB-DRLIC-PASSPORT,9
+PNAME+DOB+ADDRESS+SSN-GENERATION,9
+DOB+ADDRESS+SSN+DRLIC+LOGIN_ID,9
+DOB+PHONE+SSN+ACCT_NUM-DRLIC,9
+NAME+ADDRESS+PHONE+DRLIC+ACCT_NUM-SSN-PASSPORT,9
+DOB+ADDRESS+SSN-DRLIC,9
+DOB+ADDRESS+SSN+ACCT_NUM-DRLIC,9
+NAME+ADDRESS+PHONE+DRLIC-PASSPORT,9
+SURNAME+LOGIN_ID-SSN-DRLIC,9
+DOB+ADDRESS+PHONE+SSN+DRLIC+PASSPORT+ACCT_NUM-GENERATION,9
+DOB+ADDRESS+PHONE+SSN+DRLIC+LOGIN_ID+ACCT_NUM,9
+NAME+ADDRESS+DRLIC-SSN,9
+ACCT_NUM-DOB-SSN-PASSPORT,9
+PNAME+ADDRESS+PHONE+DRLIC-SSN,9
+NAME+PHONE+SSN+PASSPORT+ACCT_NUM-DRLIC,9
-GENERATION-SSN,9
+SURNAME+ADDRESS+LOGIN_ID+ACCT_NUM,9
+NAME+ADDRESS+PHONE+DRLIC-SSN,9
+DOB+SSN+LOGIN_ID+ACCT_NUM,9
+SURNAME+ADDRESS+PHONE+ACCT_NUM-DRLIC,9
+DOB+ADDRESS+PHONE+DRLIC+PASSPORT+LOGIN_ID,9
+SURNAME+ADDRESS+PHONE+DRLIC+PASSPORT+LOGIN_ID,9
+PNAME+DOB+ADDRESS+PHONE+DRLIC+ACCT_NUM-GENERATION,9
+PNAME+ADDRESS+SSN+PASSPORT-GENERATION,9
+NAME+DOB+ADDRESS+PHONE+DRLIC+PASSPORT-GENERATION,9
+DOB+ADDRESS+PHONE+DRLIC+ACCT_NUM-GENERATION,9
+ADDRESS+PHONE-SSN-PASSPORT,9
+NAME+LOGIN_ID-SSN,9
+SURNAME+ADDRESS+PHONE+SSN-PASSPORT,9
+DOB+PHONE+SSN-GENERATION,9
+SURNAME+PHONE+SSN+DRLIC+LOGIN_ID+ACCT_NUM,8
+PASSPORT-GENERATION-SSN,8
+PNAME+PHONE+DRLIC+ACCT_NUM-GENERATION,8
+PNAME+ADDRESS+PHONE-DOB-SSN-PASSPORT,8
+SURNAME+PHONE+DRLIC+LOGIN_ID,8
+ADDRESS+PASSPORT+LOGIN_ID+ACCT_NUM,8
+NAME+DOB+PHONE+SSN+ACCT_NUM-GENERATION,8
+NAME+PASSPORT+ACCT_NUM-DRLIC,8
+SURNAME+DOB+ADDRESS+SSN+LOGIN_ID,8
+ACCT_NUM-GENERATION,8
+SURNAME+ADDRESS-GENERATION-SSN,8
+ADDRESS+PHONE-DOB,8
+PNAME+ADDRESS+PHONE+ACCT_NUM-SSN,8
+NAME+ADDRESS+ACCT_NUM-SSN-PASSPORT,8
+PNAME+ADDRESS+PHONE+SSN+DRLIC+PASSPORT+ACCT_NUM-GENERATION,8
+NAME+DOB+PHONE+SSN-GENERATION,8
+NAME+PHONE+ACCT_NUM-SSN-PASSPORT,8
+NAME+DOB+ADDRESS+SSN+ACCT_NUM-GENERATION,8
+PNAME+ADDRESS+DRLIC+PASSPORT+ACCT_NUM,8
+DOB+ADDRESS+SSN+DRLIC+PASSPORT (Ambiguous),8
+SURNAME+ADDRESS+SSN+DRLIC+LOGIN_ID,8
+PNAME+DOB+ADDRESS+PHONE-PASSPORT,8
+PNAME+SSN+ACCT_NUM-GENERATION,8
+DOB+PHONE+DRLIC+PASSPORT+LOGIN_ID,8
+NAME+DOB+ADDRESS+PHONE+PASSPORT+ACCT_NUM-GENERATION,8
+PNAME+DOB+ADDRESS+PHONE+SSN+PASSPORT,8
+NAME+ADDRESS-GENDER-DRLIC-PASSPORT,8
+LIKELY_NAME+DOB+SSN+PASSPORT,8
+SURNAME+PHONE-GENDER-DRLIC,8
+SURNAME+DOB+PHONE+SSN+LOGIN_ID,8
+PNAME+DOB+ADDRESS-DRLIC,8
+SURNAME+DOB+ADDRESS+SSN+LOGIN_ID+ACCT_NUM,8
+PNAME+PHONE+SSN+PASSPORT+ACCT_NUM-DRLIC,8
+SURNAME+DOB+LOGIN_ID,8
+PNAME+DOB+ADDRESS+PHONE+ACCT_NUM-SSN-PASSPORT,8
+PHONE+ACCT_NUM-GENERATION,8
+SURNAME+PHONE-DRLIC-PASSPORT,8
+DOB+ADDRESS+PHONE+SSN+PASSPORT+LOGIN_ID+ACCT_NUM,8
+NAME+DOB+DRLIC+PASSPORT,8
+DOB+PHONE+SSN+PASSPORT+LOGIN_ID,8
+PNAME+SSN+DRLIC+PASSPORT+ACCT_NUM,8
+PNAME+ADDRESS+PHONE+PASSPORT+ACCT_NUM-DRLIC,8
+PNAME+DOB+ADDRESS+PHONE+SSN+PASSPORT-DRLIC,8
+PNAME+DOB+PHONE+SSN+DRLIC,8
+PNAME+ADDRESS+ACCT_NUM-GENERATION,8
+SURNAME+DOB+ADDRESS+LOGIN_ID+ACCT_NUM,8
+NAME+DOB+SSN-DRLIC,8
+SURNAME+LOGIN_ID-GENDER-DRLIC,8
+DOB+ADDRESS+PHONE+PASSPORT+ACCT_NUM-DRLIC,8
+NAME+ADDRESS+SSN+DRLIC-GENERATION,8
+SURNAME+ADDRESS+PHONE+SSN+PASSPORT+ACCT_NUM-DRLIC,8
+NAME+ACCT_NUM-SSN-PASSPORT,8
+NAME+DRLIC-DOB-GENDER-SSN-PASSPORT,8
+PHONE+SSN+DRLIC+PASSPORT+LOGIN_ID,8
+DOB+PHONE+ACCT_NUM-SSN,8
+NAME+ADDRESS-DOB-GENDER-DRLIC-PASSPORT,8
+NAME+ADDRESS+SSN+PASSPORT+ACCT_NUM-DRLIC,8
+PNAME+PHONE+PASSPORT-GENERATION,8
+ADDRESS+SSN+PASSPORT-GENERATION,8
+PNAME+DOB+ADDRESS+PHONE+DRLIC+PASSPORT,8
+PNAME+ADDRESS+PHONE+LOGIN_ID (Ambiguous),8
+DRLIC+LOGIN_ID+ACCT_NUM,8
+PHONE+ACCT_NUM-DRLIC,8
+PNAME+DOB+ADDRESS+PHONE+DRLIC-GENERATION,8
+NAME+ADDRESS-GENERATION-DOB-SSN,8
+ADDRESS+SSN-PASSPORT,8
+DOB+ADDRESS+PHONE+SSN+DRLIC+LOGIN_ID,8
+SURNAME+PHONE+PASSPORT+LOGIN_ID,8
+PNAME+DOB+ADDRESS+SSN+ACCT_NUM-DRLIC,8
+NAME+DOB+PHONE+SSN+PASSPORT-GENERATION,8
+NAME+PHONE+SSN+ACCT_NUM-GENERATION,8
+SURNAME+PHONE+SSN-DRLIC,8
+NAME+DOB+ADDRESS+DRLIC-SSN,8
+PNAME+PASSPORT-DOB-SSN,8
+PNAME+PHONE+SSN+ACCT_NUM-GENERATION,8
+PNAME+DOB+ADDRESS+PASSPORT,8
+NAME+SSN-DOB-GENDER-DRLIC,8
+SURNAME+PHONE+DRLIC+LOGIN_ID+ACCT_NUM,7
+DOB+PHONE+SSN+ACCT_NUM-GENERATION,7
+SURNAME+PHONE+SSN+PASSPORT+LOGIN_ID+ACCT_NUM,7
+SURNAME+DOB+ADDRESS+SSN+PASSPORT (Ambiguous),7
+NAME+DOB+ADDRESS+PHONE+PASSPORT-SSN,7
+SURNAME+DOB+PHONE+LOGIN_ID+ACCT_NUM,7
+SURNAME+DOB+PHONE+PASSPORT+LOGIN_ID,7
+PASSPORT-GENERATION-DOB-GENDER-SSN,7
+ADDRESS+PHONE+SSN-DOB-PASSPORT,7
+NAME+PHONE-DOB-GENDER-DRLIC,7
+LOGIN_ID-GENERATION-GENDER-SSN-DRLIC-PASSPORT,7
+LOGIN_ID-GENERATION-GENDER-SSN-DRLIC,7
+SSN+ACCT_NUM-GENERATION,7
+NAME+DOB+PHONE+ACCT_NUM-SSN-PASSPORT,7
+LOGIN_ID-GENERATION-DOB-GENDER-DRLIC,7
+DOB+PHONE+DRLIC+LOGIN_ID+ACCT_NUM,7
+PNAME+DOB+ADDRESS+PHONE+SSN+PASSPORT+ACCT_NUM-GENERATION,7
+NAME+DOB+SSN+DRLIC,7
+PNAME+ADDRESS+SSN-DOB,7
+DOB+ADDRESS+SSN+PASSPORT+LOGIN_ID,7
+PNAME+DOB+ADDRESS+SSN-DRLIC,7
+PNAME+DOB+ADDRESS+PHONE+PASSPORT+ACCT_NUM-GENERATION,7
+DOB+SSN+PASSPORT+LOGIN_ID+ACCT_NUM,7
+SSN+PASSPORT+LOGIN_ID+ACCT_NUM,7
+PNAME+ADDRESS+PHONE+SSN+LOGIN_ID (Ambiguous),7
+PNAME+DOB+ADDRESS+SSN+DRLIC-GENERATION,7
+NAME+ADDRESS+PHONE-DOB-PASSPORT,7
+DOB+ADDRESS+SSN-GENERATION,7
+SURNAME+SSN+DRLIC+LOGIN_ID,7
+NAME+PHONE+PASSPORT-SSN,7
+NAME+PHONE+SSN-PASSPORT,7
+DOB+ADDRESS+SSN+DRLIC-GENERATION,7
+ACCT_NUM-DRLIC,7
+PNAME+PHONE+DRLIC-SSN,7
+PNAME+PHONE+DRLIC-GENERATION,7
+NAME+ADDRESS-DOB-GENDER-DRLIC,7
+SURNAME+ADDRESS+PASSPORT+LOGIN_ID,7
+NAME+ADDRESS+PHONE+DRLIC-SSN-PASSPORT,7
+NAME+ADDRESS+PHONE+LOGIN_ID (Ambiguous),7
+SURNAME+ADDRESS+PHONE+DRLIC+PASSPORT+LOGIN_ID+ACCT_NUM,7
+NAME+PHONE+ACCT_NUM-PASSPORT,7
+SURNAME+SSN+LOGIN_ID+ACCT_NUM,7
+PNAME+LOGIN_ID-GENDER-DRLIC,7
+LIKELY_NAME+ADDRESS+PHONE+ACCT_NUM (Ambiguous),7
+SURNAME+ADDRESS+SSN+ACCT_NUM-DRLIC,7
+DOB+ADDRESS+DRLIC+LOGIN_ID+ACCT_NUM,7
+PNAME+LOGIN_ID-DOB-GENDER-PASSPORT,7
+PNAME+LOGIN_ID-DOB-GENDER,7
+LIKELY_NAME+ADDRESS+PHONE+SSN,7
+PNAME+DOB+PHONE-PASSPORT,7
+PNAME+DOB+ADDRESS+PHONE+DRLIC-SSN,7
+PNAME+DOB+ADDRESS+PHONE+DRLIC+PASSPORT+ACCT_NUM-GENERATION,7
+NAME+SSN+ACCT_NUM,7
+NAME+ADDRESS+SSN+ACCT_NUM-GENERATION,7
+PNAME+ADDRESS+ACCT_NUM-SSN,7
+ADDRESS+ACCT_NUM-DRLIC,7
+SURNAME+LOGIN_ID-GENDER-SSN-DRLIC,7
+NAME+ACCT_NUM-PASSPORT,7
+SURNAME+DOB+ADDRESS+PHONE+PASSPORT+ACCT_NUM-DRLIC,7
+NAME+PHONE+DRLIC-GENERATION,7
+PNAME+DOB+PHONE+SSN+PASSPORT-GENERATION,7
+ADDRESS+SSN+DRLIC+PASSPORT+LOGIN_ID+ACCT_NUM,7
+ACCT_NUM-DOB,7
+SURNAME+DOB+ADDRESS+PHONE-SSN-PASSPORT,7
+NAME+DOB+ADDRESS+PASSPORT+ACCT_NUM-DRLIC,7
+PHONE-GENERATION-DOB-DRLIC,7
+ADDRESS+SSN+ACCT_NUM-GENERATION,7
+PHONE+DRLIC-SSN,7
+ADDRESS+PHONE-GENDER,6
+PNAME+DOB+ADDRESS+PHONE+PASSPORT-GENERATION,6
+PNAME+PHONE+SSN+DRLIC+PASSPORT,6
+ADDRESS+PHONE+DRLIC+ACCT_NUM-GENERATION,6
+SURNAME+LOGIN_ID-DOB-SSN-DRLIC,6
+PNAME+DOB+ADDRESS+PHONE+SSN+LOGIN_ID (Ambiguous),6
+ADDRESS+PHONE+DRLIC+ACCT_NUM-SSN,6
+LOGIN_ID-GENERATION-DOB-DRLIC,6
+PNAME+DOB+ADDRESS+SSN+DRLIC,6
+DRLIC-GENDER-SSN-DRLIC-PASSPORT,6
+SURNAME+LOGIN_ID-DOB-GENDER-SSN-DRLIC-PASSPORT,6
+NAME+PHONE+SSN+PASSPORT+ACCT_NUM-GENERATION,6
+LIKELY_NAME+ADDRESS-DOB-GENDER-SSN-PASSPORT,6
+PNAME+PHONE+ACCT_NUM-GENERATION,6
+LIKELY_NAME+ADDRESS-DOB-SSN,6
+SURNAME+LOGIN_ID+ACCT_NUM,6
+PNAME+LOGIN_ID-GENDER-PASSPORT,6
+LIKELY_NAME+ADDRESS+PHONE+DRLIC (Ambiguous),6
+LIKELY_NAME+ADDRESS+PHONE+SSN+ACCT_NUM (Ambiguous),6
+PNAME+DRLIC+PASSPORT+LOGIN_ID,6
+PNAME+DOB+PHONE+PASSPORT-DRLIC,6
+LIKELY_NAME+ADDRESS+PHONE+SSN+PASSPORT,6
+LIKELY_NAME+ADDRESS-SSN,6
+LIKELY_NAME+DOB+PHONE+SSN+DRLIC+PASSPORT,6
+PNAME+DOB+PHONE+SSN+DRLIC-GENERATION,6
+PNAME+DOB+SSN-GENERATION,6
+PNAME+DOB+PHONE+SSN-GENERATION,6
+PNAME+DOB+PHONE-SSN-PASSPORT,6
+SURNAME+DRLIC+LOGIN_ID,6
+ADDRESS+PHONE+PASSPORT-GENERATION,6
+SURNAME+DOB+SSN+DRLIC+LOGIN_ID,6
+SURNAME+DOB+PHONE+SSN+PASSPORT+ACCT_NUM (Ambiguous),6
+NAME+PHONE-DOB-DRLIC-PASSPORT,6
+ADDRESS+PHONE+SSN+DRLIC+ACCT_NUM-DOB,6
+SURNAME+DOB+PHONE+SSN+DRLIC+ACCT_NUM (Ambiguous),6
+SURNAME+DOB+PHONE+SSN-DRLIC,6
+SURNAME+DOB+PHONE+LOGIN_ID,6
+PHONE+ACCT_NUM-PASSPORT,6
+NAME+DOB+ADDRESS+PHONE+DRLIC+PASSPORT+ACCT_NUM-GENERATION,6
+ADDRESS+SSN+ACCT_NUM-DOB,6
+SURNAME+DOB+ADDRESS+SSN+ACCT_NUM (Ambiguous),6
+NAME+LOGIN_ID-DOB-SSN-PASSPORT,6
+SURNAME+DOB+ADDRESS+PHONE+SSN+PASSPORT-DRLIC,6
+PHONE-GENERATION-GENDER-PASSPORT,6
+ADDRESS+SSN+DRLIC+ACCT_NUM-GENERATION,6
+NAME+DOB+ACCT_NUM-PASSPORT,6
+PHONE+SSN-DOB,6
+SURNAME+SSN+PASSPORT+LOGIN_ID,6
+NAME+DRLIC-DOB-PASSPORT,6
+PHONE+SSN+PASSPORT-DRLIC,6
+NAME+DOB+PHONE-GENERATION,6
+PNAME,6
+DOB+ACCT_NUM-GENERATION,6
+NAME+PHONE+DRLIC-SSN-PASSPORT,6
+NAME+LOGIN_ID-GENDER-SSN,6
+SURNAME+ADDRESS+SSN+PASSPORT+LOGIN_ID,6
+SURNAME+ADDRESS+SSN+DRLIC+PASSPORT+LOGIN_ID+ACCT_NUM,6
+NAME+ADDRESS+PHONE-SSN-DRLIC-PASSPORT,6
+SURNAME+ADDRESS+SSN-DRLIC,6
+DOB+ADDRESS-GENERATION-SSN-PASSPORT,6
+DOB+ADDRESS+PASSPORT+LOGIN_ID+ACCT_NUM,6
+PNAME+ADDRESS-GENERATION-DOB-GENDER-SSN,6
+PNAME+ADDRESS-GENERATION-DOB-PASSPORT,6
+SURNAME+ADDRESS+PHONE+SSN+ACCT_NUM-GENERATION,6
+PNAME+ADDRESS-GENERATION-GENDER-SSN-PASSPORT,6
+NAME+DRLIC-DOB-GENDER-SSN,6
+PNAME+ADDRESS-GENERATION-SSN-DRLIC,6
+SURNAME+ADDRESS+PHONE+PASSPORT-DRLIC,6
+PNAME+ADDRESS+PASSPORT-GENERATION,6
+NAME+ADDRESS+PHONE+LOGIN_ID+ACCT_NUM (Ambiguous),6
+PNAME+ADDRESS+PHONE-DOB-SSN,6
+DOB+ADDRESS+PHONE+PASSPORT-GENERATION,6
+SURNAME+ADDRESS-GENERATION-SSN-PASSPORT,6
+SURNAME+ADDRESS-GENERATION-DOB-SSN,6
+PNAME+ADDRESS+PHONE+DRLIC+PASSPORT+ACCT_NUM-GENERATION,6
+PNAME+ADDRESS+PHONE+LOGIN_ID+ACCT_NUM (Ambiguous),6
+PNAME+ADDRESS+PHONE+PASSPORT+ACCT_NUM-GENERATION,6
+SURNAME+ADDRESS+DRLIC+LOGIN_ID+ACCT_NUM,6
+DOB+ADDRESS+SSN+DRLIC+ACCT_NUM-GENERATION,6
+DOB+ADDRESS+SSN+DRLIC+LOGIN_ID+ACCT_NUM,6
+PNAME+ADDRESS+PHONE+SSN+DRLIC+LOGIN_ID (Ambiguous),6
+DOB+ADDRESS+SSN+PASSPORT+ACCT_NUM-GENERATION,6
+NAME+ADDRESS+PHONE+ACCT_NUM-DOB-SSN-PASSPORT,6
+DOB+DRLIC+LOGIN_ID,6
+NAME+ADDRESS+PASSPORT-GENERATION,6
+DOB+PHONE+ACCT_NUM-DRLIC,6
+PNAME+ADDRESS+SSN+DRLIC-GENERATION,6
+DOB+PHONE+DRLIC-SSN,6
+NAME+ADDRESS-GENERATION,6
+NAME+ADDRESS+DRLIC-SSN-PASSPORT,6
+PNAME+SSN-GENERATION-DOB-PASSPORT,6
+DOB+PHONE+PASSPORT+LOGIN_ID+ACCT_NUM,6
+NAME+DOB+PHONE+ACCT_NUM-SSN,6
+PNAME+DOB+ADDRESS+PASSPORT+ACCT_NUM-DRLIC,6
+ADDRESS+PHONE-DOB-SSN,6
+NAME+ADDRESS+DRLIC+ACCT_NUM-SSN-PASSPORT,6
+NAME+PHONE+SSN+DRLIC-GENERATION,6
+PNAME-DOB,5
+ADDRESS+PHONE+SSN+DRLIC-DOB,5
+NAME+DOB+PASSPORT-DRLIC,5
+PNAME+DOB+ADDRESS+SSN+PASSPORT-DRLIC,5
+SURNAME+ADDRESS+DRLIC+PASSPORT+LOGIN_ID,5
+ADDRESS+PHONE-DOB-SSN-PASSPORT,5
+NAME+PHONE+PASSPORT+ACCT_NUM-GENERATION,5
+NAME+DOB+ADDRESS+SSN+DRLIC+PASSPORT,5
+PNAME+SSN+PASSPORT-DRLIC,5
+SURNAME+DOB+ADDRESS+SSN+DRLIC+LOGIN_ID+ACCT_NUM,5
+SURNAME+ADDRESS-GENERATION,5
+SURNAME+ADDRESS-GENERATION-DOB,5
+ACCT_NUM-GENDER-SSN,5
+DOB+ACCT_NUM-SSN,5
+NAME+PHONE+DRLIC-DOB,5
+SURNAME+ADDRESS-GENERATION-DOB-GENDER-SSN,5
+PNAME+ADDRESS+PHONE+DRLIC-PASSPORT,5
+SURNAME+ADDRESS-GENERATION-DOB-GENDER-SSN-DRLIC-PASSPORT,5
+NAME+SSN-DOB-GENDER-DRLIC-PASSPORT,5
+PNAME+ADDRESS+SSN+PASSPORT+ACCT_NUM-GENERATION,5
+DOB+PHONE+DRLIC+PASSPORT+LOGIN_ID+ACCT_NUM,5
+PNAME+ADDRESS+PHONE+DRLIC-DRLIC,5
+DOB+ADDRESS+ACCT_NUM-DRLIC,5
+NAME+DOB+DRLIC-SSN-PASSPORT,5
+DOB+ADDRESS+PHONE+PASSPORT-DRLIC,5
+SURNAME+LOGIN_ID-DOB-DRLIC,5
+LIKELY_NAME+DOB+ADDRESS+PHONE+SSN,5
+PHONE+DRLIC+PASSPORT+LOGIN_ID,5
+PNAME+PHONE+ACCT_NUM-SSN,5
+SURNAME+DOB+ADDRESS-SSN-PASSPORT,5
+PNAME+PASSPORT-SSN,5
+NAME+DOB+PHONE-SSN-DRLIC-PASSPORT,5
+PNAME+DOB+PHONE+ACCT_NUM-GENERATION,5
+DOB+ADDRESS+PHONE+DRLIC-SSN,5
+PNAME-PASSPORT,5
+NAME+PHONE-GENDER-SSN-DRLIC-PASSPORT,5
+ADDRESS+DRLIC+PASSPORT+LOGIN_ID,5
+SSN+ACCT_NUM-DRLIC,5
+LIKELY_NAME+ADDRESS-PASSPORT,5
+LOGIN_ID-GENERATION-GENDER-DRLIC,5
+NAME+ADDRESS+PHONE+PASSPORT-DOB,5
+NAME+ADDRESS+DRLIC-GENERATION,5
+SURNAME+DOB+ADDRESS+DRLIC+LOGIN_ID,5
+PNAME+DOB+ADDRESS+PHONE+SSN+PASSPORT+ACCT_NUM-DRLIC,5
+SURNAME+DOB+PHONE+DRLIC+PASSPORT+LOGIN_ID,5
+DOB+ADDRESS+PHONE+ACCT_NUM-SSN-PASSPORT,5
+DOB+PHONE+SSN+DRLIC-GENERATION,5
+PNAME+ADDRESS-GENERATION-PASSPORT,5
+ADDRESS+ACCT_NUM-DOB,5
+DOB+PHONE+DRLIC-GENERATION,5
+PNAME+DOB+PHONE+PASSPORT+ACCT_NUM-DRLIC,5
+SURNAME+ADDRESS+PHONE+SSN-DOB,5
+SURNAME+ADDRESS+SSN+PASSPORT+LOGIN_ID+ACCT_NUM,5
+ADDRESS+SSN+DRLIC-GENERATION,5
+SURNAME+ADDRESS+PHONE+SSN+DRLIC+ACCT_NUM-DOB-PASSPORT,5
+DOB+PHONE+ACCT_NUM-SSN-PASSPORT,5
+ACCT_NUM-DOB-SSN,5
+SURNAME+DOB+ADDRESS+PHONE+SSN+DRLIC+LOGIN_ID+ACCT_NUM,5
+SURNAME+ADDRESS+SSN+DRLIC+PASSPORT+LOGIN_ID,5
+PNAME+DOB+ADDRESS+ACCT_NUM-SSN,5
+SURNAME+DOB+ADDRESS+SSN+DRLIC+ACCT_NUM (Ambiguous),5
+PNAME+PHONE+SSN+PASSPORT+ACCT_NUM-GENERATION,5
+SSN+DRLIC-GENERATION,5
+DOB+ADDRESS+PASSPORT-DRLIC,5
+NAME+ADDRESS+PHONE+SSN+DRLIC+ACCT_NUM,5
+PNAME+DOB+PHONE+DRLIC+PASSPORT,5
+DOB+ADDRESS-GENERATION-GENDER-SSN-PASSPORT,5
+PNAME+ADDRESS+DRLIC+PASSPORT+ACCT_NUM-GENERATION,5
+DOB+ADDRESS-GENERATION-SSN,5
+SSN+DRLIC+LOGIN_ID+ACCT_NUM,5
+PNAME+ADDRESS+DRLIC-SSN,5
+PNAME+PHONE+PASSPORT-DRLIC,5
+SURNAME+PHONE+SSN+PASSPORT+ACCT_NUM-DRLIC,5
+SSN+DRLIC+PASSPORT+LOGIN_ID,5
+SURNAME+PHONE+SSN+ACCT_NUM-DRLIC,5
+SURNAME+DOB+PHONE+SSN+DRLIC+LOGIN_ID,5
+DOB+LOGIN_ID-GENDER-SSN-DRLIC-PASSPORT,5
+PNAME+ADDRESS+SSN+ACCT_NUM-DOB,5
+SURNAME+DOB+PHONE+SSN+DRLIC+PASSPORT (Ambiguous),5
+LIKELY_NAME+DOB+ADDRESS+PHONE+SSN+DRLIC (Ambiguous),5
+NAME+DOB+ADDRESS+SSN-PASSPORT,5
+DOB+SSN+PASSPORT+LOGIN_ID,5
+NAME+PHONE+SSN+LOGIN_ID (Ambiguous),5
+NAME+DOB+SSN-GENERATION,5
+PNAME-SSN-PASSPORT,5
+SURNAME+DOB+SSN-DRLIC,5
+DOB+ADDRESS+SSN+PASSPORT-DRLIC,5
+PNAME+DOB+ADDRESS+PHONE+DRLIC+PASSPORT-GENERATION,5
+SURNAME+SSN+PASSPORT+LOGIN_ID+ACCT_NUM,5
+SSN+PASSPORT-DRLIC,5
+SURNAME+DOB+ADDRESS+PHONE+PASSPORT-DRLIC,5
+PNAME+DOB+ADDRESS+SSN+DRLIC+ACCT_NUM-GENERATION,5
+NAME+DOB+ADDRESS+SSN+PASSPORT-DRLIC,5
+NAME+ADDRESS+SSN+PASSPORT-GENERATION,5
+NAME+DOB+ADDRESS-SSN-DRLIC-PASSPORT,5
+PNAME+ADDRESS+PHONE+SSN+LOGIN_ID+ACCT_NUM (Ambiguous),5
+DOB+PHONE-PASSPORT,5
+SURNAME+ADDRESS+ACCT_NUM-DRLIC,5
+NAME+PHONE+DRLIC+ACCT_NUM-GENERATION,5
+NAME+PHONE+DRLIC-PASSPORT,5
+PASSPORT-GENERATION-DOB-SSN,5
+ADDRESS+PHONE+SSN+ACCT_NUM-DOB-PASSPORT,5
+DOB+PHONE-GENERATION,5
+NAME+ADDRESS+SSN+PASSPORT+ACCT_NUM-GENERATION,5
+ADDRESS+PHONE+ACCT_NUM-SSN-PASSPORT,5
+PNAME+PHONE-GENERATION-DOB-GENDER-SSN,5
+DOB+ADDRESS+SSN+DRLIC+PASSPORT+LOGIN_ID,5
+SURNAME+DOB+ADDRESS-SSN,5
+DRLIC-DOB-DRLIC-PASSPORT,5
+DOB+ADDRESS+SSN+ACCT_NUM-GENERATION,5
+PNAME+DOB+ADDRESS+DRLIC-SSN,5
+PNAME+DOB+ACCT_NUM-DRLIC,5
+PHONE+SSN+DRLIC+PASSPORT+LOGIN_ID+ACCT_NUM,5
+PNAME+DOB+ADDRESS+SSN+PASSPORT+ACCT_NUM-GENERATION,5
+SURNAME+DOB+PHONE-SSN,5
+DOB+ADDRESS+PHONE-SSN-PASSPORT,5
+DOB+ADDRESS+PHONE+SSN+DRLIC+PASSPORT+LOGIN_ID+ACCT_NUM,5
+NAME+DOB+ADDRESS+PASSPORT-DRLIC,5
+PNAME-DOB-SSN-PASSPORT,5
+NAME+DOB+PHONE+SSN+DRLIC+ACCT_NUM-GENERATION,4
+DOB+SSN-GENERATION-PASSPORT,4
+ADDRESS+PHONE+SSN+ACCT_NUM-DOB,4
+PHONE+DRLIC+ACCT_NUM-GENERATION,4
+SURNAME+DOB+ADDRESS+SSN+PASSPORT+ACCT_NUM (Ambiguous),4
+NAME+DOB+PHONE-SSN-DRLIC,4
+SURNAME+DOB+SSN+LOGIN_ID+ACCT_NUM,4
+NAME+DOB+PHONE+SSN+PASSPORT-DRLIC,4
+SURNAME+DOB+ADDRESS+SSN+DRLIC+PASSPORT (Ambiguous),4
+PHONE+DRLIC+PASSPORT+ACCT_NUM-GENERATION,4
+SURNAME+DOB+ADDRESS+SSN+DRLIC+LOGIN_ID,4
+SURNAME-SSN,4
+NAME+DOB+ADDRESS+PHONE+DRLIC-DRLIC,4
+NAME+LOGIN_ID-DOB-SSN,4
+SURNAME+DOB+ADDRESS+SSN+ACCT_NUM-DRLIC,4
+PHONE-GENERATION-DOB-GENDER-DRLIC-PASSPORT,4
+ADDRESS+SSN+ACCT_NUM-PASSPORT,4
+NAME+DOB+ADDRESS+PASSPORT-GENERATION,4
+SURNAME+DOB+ADDRESS+PHONE+SSN+PASSPORT+LOGIN_ID,4
+NAME+PHONE+DRLIC+ACCT_NUM-SSN-PASSPORT,4
+NAME+DOB+PHONE+PASSPORT-SSN,4
+ADDRESS+PHONE+DRLIC-SSN-DRLIC,4
+NAME+DOB+ADDRESS+DRLIC-SSN-PASSPORT,4
+ADDRESS+ACCT_NUM-SSN,4
+PHONE-GENERATION-SSN-DRLIC-PASSPORT,4
+SURNAME+DOB+ADDRESS+PHONE+SSN+DRLIC-GENERATION,4
+ADDRESS+DRLIC-DOB-GENDER-SSN,4
+SURNAME+DOB+ADDRESS+PHONE+SSN+DRLIC+ACCT_NUM-GENERATION,4
+SURNAME+PHONE+PASSPORT+LOGIN_ID+ACCT_NUM,4
+NAME+DOB+ADDRESS+ACCT_NUM-GENERATION,4
+PNAME+DOB+SSN+DRLIC+ACCT_NUM-GENERATION,4
+PNAME+DOB+PHONE+SSN+PASSPORT-DRLIC,4
+DOB+PHONE+PASSPORT-DRLIC,4
+LIKELY_NAME+DOB+ADDRESS+PHONE+SSN+DRLIC+ACCT_NUM,4
+ADDRESS+SSN+PASSPORT+ACCT_NUM-DRLIC,4
+ADDRESS+SSN+PASSPORT+ACCT_NUM-GENERATION,4
+PHONE+SSN+DRLIC+ACCT_NUM-GENERATION,4
+SURNAME+DOB+ADDRESS+PHONE+DRLIC+PASSPORT+LOGIN_ID+ACCT_NUM,4
+NAME+SSN+ACCT_NUM-PASSPORT,4
+PNAME+DOB+PHONE+SSN+PASSPORT,4
+ADDRESS+SSN+PASSPORT-DRLIC,4
+PNAME+DOB+ADDRESS+PHONE+SSN+DRLIC+LOGIN_ID+ACCT_NUM (Ambiguous),4
+NAME+DRLIC-GENDER-PASSPORT,4
+DOB+ACCT_NUM-DRLIC,4
+PNAME+DOB+PHONE+SSN+DRLIC+PASSPORT+ACCT_NUM-GENERATION,4
+NAME+ADDRESS+SSN+DRLIC+PASSPORT,4
+PHONE+SSN+PASSPORT+ACCT_NUM-DRLIC,4
+PHONE+SSN+PASSPORT+ACCT_NUM-GENERATION,4
+SURNAME+PHONE-GENERATION-DOB-SSN-PASSPORT,4
+DOB+SSN+DRLIC+PASSPORT+LOGIN_ID+ACCT_NUM,4
+PNAME+DOB+SSN-PASSPORT,4
+NAME+PHONE+SSN+DRLIC+PASSPORT+ACCT_NUM-GENERATION,4
+NAME+PHONE+DRLIC+PASSPORT-GENERATION,4
+ACCT_NUM-SSN-PASSPORT,4
+SURNAME+DOB+ADDRESS+PASSPORT+LOGIN_ID,4
+NAME+DOB+PHONE+ACCT_NUM-GENERATION,4
+NAME+SSN+ACCT_NUM-DOB,4
+PNAME+DRLIC+ACCT_NUM-GENERATION,4
+SURNAME+DOB+ADDRESS+DRLIC+PASSPORT+LOGIN_ID+ACCT_NUM,4
+DOB+ADDRESS+ACCT_NUM-GENERATION,4
+SURNAME+SSN-GENERATION,4
+DOB+ADDRESS+ACCT_NUM-SSN-PASSPORT,4
+SURNAME+DOB+ADDRESS-DRLIC,4
+PNAME+ADDRESS+DRLIC+ACCT_NUM-GENERATION,4
+NAME+ADDRESS+PHONE+SSN+DRLIC-PASSPORT,4
+PNAME+LOGIN_ID-DOB-GENDER-SSN-DRLIC,4
+NAME+ACCT_NUM-GENERATION,4
+DOB+ADDRESS+DRLIC+PASSPORT+LOGIN_ID,4
+PNAME+LOGIN_ID-DOB-GENDER-SSN-DRLIC-PASSPORT,4
+NAME+ADDRESS+DRLIC+PASSPORT+ACCT_NUM-GENERATION,4
+SURNAME+PHONE+DRLIC+PASSPORT+LOGIN_ID,4
+NAME+PHONE-GENERATION-DOB-SSN-PASSPORT,4
+PNAME+DOB+ADDRESS+PASSPORT-GENERATION,4
+SURNAME+ADDRESS+PHONE+SSN+DRLIC-DOB,4
+DOB+PHONE-SSN-DRLIC,4
+SURNAME+ADDRESS+PHONE+SSN+DRLIC+ACCT_NUM-GENERATION,4
+DOB+PHONE+SSN+DRLIC+ACCT_NUM-GENERATION,4
+PNAME+LOGIN_ID-GENDER-SSN-DRLIC,4
+NAME+ADDRESS+PHONE+SSN+ACCT_NUM,4
+PNAME+ADDRESS+PASSPORT+ACCT_NUM-DRLIC,4
+SURNAME+ADDRESS+PHONE-PASSPORT,4
+DOB+ADDRESS+PHONE+DRLIC+PASSPORT+ACCT_NUM-GENERATION,4
+PNAME+ADDRESS+PASSPORT-SSN,4
+ADDRESS+PHONE+DRLIC+PASSPORT+ACCT_NUM-GENERATION,4
+SURNAME+ADDRESS+PHONE-GENERATION,4
+PNAME+DOB+PHONE+ACCT_NUM-SSN-PASSPORT,4
+PNAME+ADDRESS+PHONE+ACCT_NUM-PASSPORT,4
+PNAME+ADDRESS+PHONE+ACCT_NUM-SSN-PASSPORT,4
+SURNAME+ADDRESS+PHONE+ACCT_NUM-SSN-PASSPORT,4
+SURNAME+LOGIN_ID-DOB-SSN-DRLIC-PASSPORT,4
+LIKELY_NAME+ADDRESS-GENDER-SSN,4
+NAME+ADDRESS+ACCT_NUM-DOB,4
+NAME+DOB+SSN+DRLIC+PASSPORT,4
+ADDRESS+PASSPORT-DRLIC,4
+DOB+ADDRESS+PHONE+PASSPORT-SSN,4
+SURNAME+ADDRESS-GENERATION-DOB-SSN-DRLIC-PASSPORT,4
+SURNAME+SSN-GENDER-DRLIC-PASSPORT,4
+PNAME+DOB+DRLIC-SSN,4
+PNAME+PHONE+SSN+DRLIC-GENERATION,4
+NAME+ADDRESS+ACCT_NUM-PASSPORT,4
+PNAME+ADDRESS+PHONE+DRLIC+PASSPORT-GENERATION,4
+PNAME+ADDRESS+PHONE+DRLIC+PASSPORT+LOGIN_ID (Ambiguous),4
+PNAME+PHONE+DRLIC-PASSPORT,4
+PNAME+DOB+DRLIC-DRLIC,4
+DOB+ADDRESS+PHONE+SSN+DRLIC-PASSPORT,4
+PNAME+PHONE+DRLIC+PASSPORT-GENERATION,4
+LIKELY_NAME+PHONE-GENDER-SSN,4
+NAME+ADDRESS+PHONE-DRLIC-PASSPORT,4
+NAME+ADDRESS+PHONE+DRLIC-DRLIC,4
+NAME+DOB+PASSPORT+ACCT_NUM-DRLIC,4
+PNAME+ADDRESS+PHONE+SSN+ACCT_NUM-DOB,4
+PNAME+DOB+ADDRESS+SSN+PASSPORT+ACCT_NUM-DRLIC,4
+NAME+DOB+PHONE+DRLIC-GENERATION,4
+DRLIC-GENDER-DRLIC-PASSPORT,4
+PNAME+DOB+ADDRESS+SSN+PASSPORT,4
+ADDRESS+PHONE+ACCT_NUM-DOB,4
+NAME+ADDRESS+PHONE+DRLIC+ACCT_NUM-PASSPORT,4
+DOB+ADDRESS+SSN+DRLIC+PASSPORT+LOGIN_ID+ACCT_NUM,4
+ADDRESS+PHONE+ACCT_NUM-PASSPORT,4
+NAME+PHONE+SSN+ACCT_NUM,4
+SURNAME+LOGIN_ID-DRLIC,4
+NAME+DOB+PHONE+DRLIC+ACCT_NUM-GENERATION,4
+NAME+ADDRESS+PHONE-DOB-SSN-PASSPORT,4
+PNAME+PHONE-GENERATION-DOB-GENDER-SSN-DRLIC-PASSPORT,4
+PNAME+PHONE-GENERATION-DOB-GENDER-SSN-PASSPORT,4
+DOB+ADDRESS+SSN+PASSPORT+ACCT_NUM (Ambiguous),4
+NAME+ADDRESS+PHONE+ACCT_NUM-SSN-DRLIC,4
+DOB+ADDRESS+SSN+PASSPORT+LOGIN_ID+ACCT_NUM,4
+DOB+DRLIC+LOGIN_ID+ACCT_NUM,4
+NAME+ADDRESS+PASSPORT-SSN,4
+PNAME+PHONE+SSN+DRLIC+PASSPORT+ACCT_NUM-GENERATION,4
+DOB+LOGIN_ID-GENDER-PASSPORT,4
+PNAME+DOB+ADDRESS+SSN+ACCT_NUM-GENERATION,4
+DOB+LOGIN_ID-PASSPORT,4
+NAME+ADDRESS-GENERATION-SSN,4
+DOB+PHONE+SSN+PASSPORT-GENERATION,4
+PNAME+DOB+ADDRESS+PHONE+DRLIC-PASSPORT,4
+DOB+SSN+PASSPORT+ACCT_NUM-DRLIC,4
+SURNAME+PHONE+ACCT_NUM-SSN,4
+LOGIN_ID-GENERATION-GENDER-DRLIC-PASSPORT,4
+PNAME+DOB+ADDRESS+PHONE+LOGIN_ID (Ambiguous),4
+SURNAME+DOB+PHONE+SSN+LOGIN_ID+ACCT_NUM,4
+PNAME+DOB+ADDRESS+ACCT_NUM-GENERATION,4
+SURNAME+DOB+PHONE+SSN+DRLIC+LOGIN_ID+ACCT_NUM,4
+NAME+SSN+PASSPORT+ACCT_NUM-DRLIC,4
+SURNAME+DOB+PHONE+PASSPORT-SSN,4
+PASSPORT-GENERATION,4
+NAME+DOB+PHONE+SSN+DRLIC+PASSPORT+ACCT_NUM-GENERATION,4
+PASSPORT-GENERATION-DOB-SSN-DRLIC,4
+NAME+SSN-GENERATION,4
+SURNAME+DOB+PHONE+DRLIC-SSN,4
+NAME+DOB+ADDRESS+PHONE+SSN+ACCT_NUM,4
+ADDRESS+PHONE+SSN+DRLIC-DRLIC,4
+NAME+DOB+PHONE+SSN-PASSPORT,4
+NAME+SSN-GENDER-DRLIC,4
+ADDRESS+PHONE+SSN+ACCT_NUM-PASSPORT,4
+SURNAME+DOB+PHONE+ACCT_NUM-SSN-PASSPORT,4
+SURNAME+DOB+PHONE+ACCT_NUM-SSN,4
+NAME+DOB+ADDRESS+PHONE-GENDER-SSN-PASSPORT,4
+SURNAME+DOB+PASSPORT+LOGIN_ID,4
+NAME+DOB+ADDRESS+PHONE-GENDER-SSN,4
+SURNAME+DOB+DRLIC+PASSPORT+LOGIN_ID,4
+PNAME+SSN+LOGIN_ID (Ambiguous),3
+NAME+ADDRESS+DRLIC+ACCT_NUM-GENERATION,3
+SURNAME+DOB+ADDRESS+SSN+ACCT_NUM-PASSPORT,3
+ADDRESS+PASSPORT-GENERATION,3
+PNAME+ACCT_NUM-SSN-PASSPORT,3
-GENERATION-GENDER-SSN,3
+PNAME+DOB+SSN+PASSPORT,3
+NAME+ADDRESS+PHONE+DRLIC+PASSPORT-DRLIC,3
+SURNAME+DOB+ADDRESS+PASSPORT+LOGIN_ID+ACCT_NUM,3
+SURNAME+DOB+ADDRESS+PHONE+ACCT_NUM-PASSPORT,3
+PNAME+DOB+PHONE-SSN-DRLIC-PASSPORT,3
+PHONE+DRLIC-GENDER-SSN,3
+NAME+ADDRESS+PHONE+DRLIC+PASSPORT+ACCT_NUM-SSN,3
+PNAME+ADDRESS+PHONE+DRLIC+PASSPORT-DRLIC,3
+SURNAME+DOB+PHONE+SSN-GENERATION,3
+DOB+ADDRESS+PHONE+SSN+DRLIC+ACCT_NUM-DRLIC,3
+DOB+ADDRESS+PHONE+SSN+DRLIC+ACCT_NUM-PASSPORT,3
+SURNAME+DOB+ADDRESS+SSN-DRLIC,3
-GENERATION-GENDER,3
-GENERATION-DOB-SSN,3
+ADDRESS+PHONE-SSN-DRLIC,3
+PNAME+ADDRESS+PHONE+DRLIC-SSN-PASSPORT,3
+PNAME+PHONE+SSN-DOB,3
+NAME+LOGIN_ID-DOB-GENDER-SSN-PASSPORT,3
+NAME+DRLIC-GENERATION,3
+PNAME+PHONE+DRLIC+PASSPORT+ACCT_NUM,3
+SURNAME+ADDRESS+DRLIC-SSN,3
+PHONE+SSN+PASSPORT-GENERATION,3
+PNAME+SSN-GENERATION-DOB-DRLIC-PASSPORT,3
+PNAME+PHONE+SSN+DRLIC+PASSPORT-GENERATION,3
+ADDRESS+PHONE-GENDER-SSN,3
+SURNAME+PHONE+SSN+PASSPORT-DRLIC,3
+NAME+ADDRESS+PHONE+DRLIC+LOGIN_ID (Ambiguous),3
+ADDRESS+DRLIC+PASSPORT-GENERATION,3
+NAME+ADDRESS+ACCT_NUM-SSN-DRLIC,3
+NAME+DOB+SSN+DRLIC+ACCT_NUM-GENERATION,3
+PNAME+ADDRESS+PHONE+PASSPORT-DOB,3
+DOB+ADDRESS+PHONE+SSN+DRLIC+PASSPORT+LOGIN_ID,3
+NAME+DOB+ADDRESS+PHONE+SSN+LOGIN_ID+ACCT_NUM (Ambiguous),3
+ADDRESS+DRLIC-GENERATION,3
+DOB+PHONE+SSN+PASSPORT+ACCT_NUM-GENERATION,3
+NAME+ADDRESS+PHONE+DRLIC-DOB-SSN-PASSPORT,3
+SURNAME+DOB+ADDRESS+PHONE (Ambiguous),3
+NAME+PHONE+SSN-DOB-PASSPORT,3
+NAME+ADDRESS+SSN-PASSPORT,3
+ADDRESS+PHONE+SSN+DRLIC+ACCT_NUM-DRLIC,3
+NAME+DOB+ADDRESS+PHONE+DRLIC+ACCT_NUM-SSN,3
+NAME+DOB+ADDRESS+PHONE+PASSPORT-SSN-DRLIC,3
+SURNAME+DOB+ADDRESS+PHONE+DRLIC+ACCT_NUM-GENERATION,3
+DOB+ADDRESS+SSN+ACCT_NUM-PASSPORT,3
+ADDRESS+ACCT_NUM-SSN-PASSPORT,3
+DOB+SSN-GENERATION-GENDER-PASSPORT,3
+SURNAME+DOB+PHONE+SSN+ACCT_NUM-DRLIC,3
+PNAME+DOB+ADDRESS+PHONE+DRLIC-SSN-PASSPORT,3
+DRLIC-DRLIC-PASSPORT,3
+DRLIC-DOB-GENDER-DRLIC-PASSPORT,3
+PNAME+ADDRESS+PHONE+SSN-DOB-PASSPORT,3
+NAME+DOB+PHONE+DRLIC-DRLIC,3
+NAME+DRLIC-DRLIC-PASSPORT,3
+DOB+PHONE+SSN+PASSPORT-DRLIC,3
+NAME+ADDRESS+PHONE+DRLIC+ACCT_NUM-DOB-SSN-PASSPORT,3
+DRLIC-DOB-GENDER-DRLIC,3
+NAME+PHONE+PASSPORT-GENERATION,3
+PHONE+SSN+DRLIC+PASSPORT+ACCT_NUM-GENERATION,3
+PNAME+DOB+PHONE+SSN+LOGIN_ID (Ambiguous),3
+SURNAME+PHONE+PASSPORT+ACCT_NUM-DRLIC,3
+SURNAME+DOB+ADDRESS+SSN+DRLIC+PASSPORT+ACCT_NUM (Ambiguous),3
+PHONE+ACCT_NUM-SSN-PASSPORT,3
+SURNAME+ADDRESS+ACCT_NUM-SSN,3
+ADDRESS+PHONE+SSN+PASSPORT+ACCT_NUM-DOB,3
+SURNAME+DOB+DRLIC+LOGIN_ID+ACCT_NUM,3
+PNAME+ADDRESS+PHONE-SSN-DRLIC-PASSPORT,3
+NAME+DOB+ADDRESS+SSN+DRLIC+ACCT_NUM-GENERATION,3
+PNAME+DOB+PHONE+SSN-PASSPORT,3
+SURNAME+DOB+PHONE+PASSPORT+LOGIN_ID+ACCT_NUM,3
+SURNAME+PHONE+PASSPORT-DRLIC,3
+NAME+DOB+PASSPORT+ACCT_NUM-GENERATION,3
+ADDRESS+PHONE-GENDER-SSN-PASSPORT,3
+NAME+ADDRESS+PHONE-DOB-SSN,3
+SURNAME+ACCT_NUM-DRLIC,3
+NAME+DOB+ADDRESS+SSN+DRLIC+PASSPORT+ACCT_NUM-GENERATION,3
+PASSPORT-GENERATION-GENDER,3
+PNAME+PHONE-GENERATION-GENDER-SSN,3
+PNAME+ADDRESS+PHONE+SSN-GENDER,3
+PNAME+PHONE-GENERATION-SSN,3
+SURNAME+DOB+ADDRESS+PHONE+DRLIC-SSN-PASSPORT,3
+PNAME+PHONE+LOGIN_ID (Ambiguous),3
+PNAME+DOB+PHONE+SSN+PASSPORT+ACCT_NUM-GENERATION,3
+NAME+ADDRESS+PHONE+ACCT_NUM-SSN-DRLIC-PASSPORT,3
+ADDRESS+PHONE+PASSPORT-DOB,3
+DOB+ADDRESS+SSN+PASSPORT+ACCT_NUM-DRLIC,3
+NAME+DRLIC-DOB-GENDER-PASSPORT,3
+DOB+SSN+ACCT_NUM-GENERATION,3
+PHONE+SSN+ACCT_NUM-PASSPORT,3
+NAME+ADDRESS+PHONE+ACCT_NUM-DRLIC-PASSPORT,3
+NAME+ADDRESS+DRLIC+ACCT_NUM-SSN,3
+SURNAME+DOB+ADDRESS+PHONE+PASSPORT-SSN,3
+SURNAME+PHONE+ACCT_NUM-SSN-DRLIC,3
+NAME+SSN+LOGIN_ID (Ambiguous),3
+PNAME+DOB+ADDRESS+PHONE+DRLIC-DRLIC,3
+PNAME+ADDRESS+PHONE+SSN+PASSPORT+LOGIN_ID (Ambiguous),3
+NAME+ADDRESS+PHONE+ACCT_NUM-DOB-SSN,3
+NAME+ADDRESS+PHONE+ACCT_NUM-DOB-PASSPORT,3
+SURNAME+DOB+PHONE+SSN+PASSPORT+LOGIN_ID+ACCT_NUM,3
+PNAME+DOB+SSN+DRLIC+PASSPORT,3
+LIKELY_NAME+DOB+ADDRESS+PHONE+SSN+DRLIC+PASSPORT,3
+NAME+DOB+ADDRESS+PHONE+PASSPORT+ACCT_NUM-SSN,3
+PNAME+DOB+ADDRESS+ACCT_NUM-SSN-DRLIC,3
+NAME+DOB+ADDRESS+PHONE+SSN-DRLIC (Ambiguous),3
+ADDRESS+PHONE+SSN (Ambiguous),3
+PNAME+PHONE+PASSPORT+ACCT_NUM-GENERATION,3
+PNAME+DOB+SSN+ACCT_NUM-GENERATION,3
+SURNAME+DOB+ADDRESS+SSN+PASSPORT+LOGIN_ID,3
+NAME+ADDRESS+PASSPORT+ACCT_NUM-GENERATION,3
+DOB+LOGIN_ID-SSN-DRLIC,3
+DOB+PASSPORT+LOGIN_ID,3
+PHONE+DRLIC-GENERATION,3
+ADDRESS+SSN+DRLIC+PASSPORT-GENERATION,3
+PHONE+PASSPORT+ACCT_NUM-GENERATION,3
+SURNAME+PHONE+SSN+DRLIC+PASSPORT+LOGIN_ID+ACCT_NUM,3
+SURNAME+PHONE+SSN-DOB,3
+PNAME+DOB+SSN-DRLIC,3
+DOB+PHONE+ACCT_NUM-PASSPORT,3
+NAME+DOB+ADDRESS+PHONE+DRLIC-SSN-DRLIC,3
+ADDRESS+PHONE+SSN+DRLIC-DOB-PASSPORT,3
+NAME+DOB+ADDRESS+DRLIC-GENERATION,3
+NAME+DOB+ADDRESS+DRLIC-PASSPORT,3
+PNAME+ADDRESS+SSN+DRLIC-PASSPORT,3
+SURNAME+DOB+PASSPORT+LOGIN_ID+ACCT_NUM,3
+ADDRESS+SSN+DRLIC-DOB,3
+PNAME+PHONE+SSN+ACCT_NUM,3
+PNAME+DOB+ADDRESS+DRLIC-GENERATION,3
+SSN (Ambiguous),3
+PNAME+DOB+PHONE+DRLIC+PASSPORT-GENERATION,3
+LIKELY_NAME+ADDRESS+PHONE+DRLIC+PASSPORT (Ambiguous),3
+PNAME+SSN+DRLIC-GENERATION,3
+LIKELY_NAME+ADDRESS+PHONE+PASSPORT,3
+PNAME+DOB+PHONE+DRLIC-GENERATION,3
+SURNAME+DOB+PHONE+DRLIC+LOGIN_ID,3
+SURNAME+ADDRESS+PHONE-SSN-PASSPORT,3
+SURNAME+ADDRESS+PHONE+SSN-GENERATION,3
+ADDRESS+PHONE+DRLIC+PASSPORT-GENERATION,3
+PNAME+PHONE+SSN+PASSPORT-GENERATION,3
+SURNAME+ADDRESS+PHONE+SSN+DRLIC-PASSPORT,3
+SURNAME+PHONE+DRLIC+PASSPORT+LOGIN_ID+ACCT_NUM,3
+ADDRESS+PASSPORT+ACCT_NUM-GENERATION,3
+DOB+ADDRESS+PASSPORT-SSN,3
+SURNAME+ADDRESS+PHONE+SSN+DRLIC-GENERATION,3
+NAME+ADDRESS-GENERATION-DOB-SSN-DRLIC-PASSPORT,3
+PNAME+DOB+ADDRESS+PHONE+SSN+DRLIC+PASSPORT+LOGIN_ID+ACCT_NUM (Ambiguous),3
+SURNAME+ADDRESS+SSN-PASSPORT,3
+NAME+ADDRESS+PHONE+SSN-DOB-DRLIC,3
+ADDRESS+ACCT_NUM-PASSPORT,3
+SURNAME+ADDRESS+PHONE+SSN+DRLIC (Ambiguous),3
+LIKELY_NAME+ADDRESS+PHONE+ACCT_NUM,3
+SSN+ACCT_NUM-DOB,3
+PNAME+DOB+ADDRESS-PASSPORT,3
+ADDRESS+PASSPORT+ACCT_NUM-DRLIC,3
+PNAME+ADDRESS-GENERATION-GENDER,3
+DOB+ADDRESS+DRLIC+ACCT_NUM-GENERATION,3
+NAME+LOGIN_ID-SSN-PASSPORT,3
+SURNAME+ADDRESS+PHONE+SSN (Ambiguous),3
+PNAME+DOB+ADDRESS+PASSPORT-SSN,3
+NAME+ADDRESS+DRLIC-PASSPORT,3
+SURNAME+PHONE-GENDER-DRLIC-PASSPORT,3
+PNAME+ADDRESS+SSN-PASSPORT,3
+NAME+DRLIC-GENDER-SSN-PASSPORT,3
+PNAME+ADDRESS-GENERATION-SSN-DRLIC-PASSPORT,3
+ADDRESS+DRLIC+PASSPORT+LOGIN_ID+ACCT_NUM,3
+PNAME+ADDRESS+LOGIN_ID (Ambiguous),3
+NAME+PHONE+SSN+DRLIC+PASSPORT-GENERATION,3
+NAME+ADDRESS+PHONE+SSN+ACCT_NUM-DOB,3
+SURNAME+PHONE+ACCT_NUM-DRLIC,3
+SURNAME+DOB+ADDRESS+DRLIC+LOGIN_ID+ACCT_NUM,3
+SURNAME+DOB+ADDRESS+PHONE+SSN-PASSPORT,3
+DOB+ADDRESS+PHONE+DRLIC-PASSPORT,3
+DOB+PHONE+PASSPORT+ACCT_NUM-SSN,3
+SURNAME+LOGIN_ID-DRLIC-PASSPORT,3
+PNAME+DRLIC+PASSPORT-GENERATION,3
+DOB+PHONE+SSN+DRLIC+LOGIN_ID+ACCT_NUM,3
+PHONE-GENERATION-DRLIC,3
+PNAME+SSN+PASSPORT+ACCT_NUM-DRLIC,3
+NAME+ADDRESS+PHONE+PASSPORT+ACCT_NUM-SSN,3
+NAME+DOB+ADDRESS-GENERATION,3
+SURNAME+ADDRESS+PHONE+DRLIC-SSN-PASSPORT,3
+PNAME+LOGIN_ID-GENERATION-DOB-SSN-PASSPORT,3
+NAME+ADDRESS+PHONE+SSN+LOGIN_ID (Ambiguous),3
+DOB+ADDRESS+PHONE+DRLIC+PASSPORT-GENERATION,3
+DOB+PHONE-GENDER-PASSPORT,3
+DOB+PHONE-SSN-DRLIC-PASSPORT,3
+SURNAME+DOB+ADDRESS+DRLIC+PASSPORT+LOGIN_ID,3
+NAME+LOGIN_ID-DOB,3
+PNAME+DOB+PHONE+ACCT_NUM-SSN,3
+SURNAME+ADDRESS+PHONE+DRLIC-PASSPORT,3
+DOB+SSN+DRLIC-GENERATION,3
+NAME+ADDRESS+SSN+ACCT_NUM,3
+NAME+PHONE-GENERATION-SSN-PASSPORT,3
+SURNAME+ADDRESS+PHONE+DRLIC+ACCT_NUM-GENERATION,3
+SURNAME+ADDRESS+PHONE+DRLIC+ACCT_NUM (Ambiguous),3
+ADDRESS+PHONE-DOB-PASSPORT,3
+NAME+DOB+PHONE+DRLIC-SSN,3
+PNAME+ADDRESS+PHONE-DOB-PASSPORT,3
+PNAME+DOB+ACCT_NUM-GENERATION,3
+SURNAME+ADDRESS+PHONE+ACCT_NUM-SSN,3
+ADDRESS+PHONE-DOB-GENDER-SSN-PASSPORT,3
+PNAME+DRLIC+ACCT_NUM-SSN,3
+DOB+ADDRESS+ACCT_NUM-GENDER,3
+PNAME+PHONE+ACCT_NUM-SSN-PASSPORT,3
+LIKELY_NAME+DOB+ADDRESS+PHONE+SSN (Ambiguous),3
+LIKELY_NAME+ADDRESS-DOB-GENDER-SSN,3
+SURNAME+ADDRESS+PASSPORT+ACCT_NUM-DRLIC,3
+PNAME+DOB+PHONE+SSN+DRLIC+ACCT_NUM-GENERATION,3
+PNAME+DOB+ACCT_NUM-SSN,3
+NAME+PHONE-GENDER-DRLIC-PASSPORT,3
+NAME+DOB+ADDRESS+PHONE+ACCT_NUM-PASSPORT,3
+NAME+ACCT_NUM-DOB,3
+PNAME+PHONE+SSN+PASSPORT+ACCT_NUM,3
+PNAME+ADDRESS+PHONE+DRLIC-DOB,3
+PNAME+PHONE+SSN+DRLIC+ACCT_NUM-GENERATION,3
+SURNAME+LOGIN_ID-DOB-GENDER-SSN-DRLIC,3
+SURNAME+ADDRESS-GENERATION-GENDER-SSN,3
+DOB+ADDRESS+PHONE+SSN+ACCT_NUM-PASSPORT,3
+SURNAME+PHONE+SSN+DRLIC-PASSPORT,3
+SURNAME+PHONE-GENERATION-DOB-SSN-DRLIC-PASSPORT,3
+DOB+PHONE+DRLIC-DRLIC,2
+NAME+DOB+SSN+LOGIN_ID+ACCT_NUM (Ambiguous),2
+NAME+LOGIN_ID-DOB-GENDER,2
+NAME+LOGIN_ID-DOB-GENDER-SSN,2
+NAME+LOGIN_ID-PASSPORT,2
+NAME+PHONE+ACCT_NUM-DOB,2
+ACCT_NUM-DOB-SSN-DRLIC,2
+NAME+DOB+PHONE+SSN+PASSPORT+ACCT_NUM-GENERATION,2
+NAME+DOB+PHONE+SSN+LOGIN_ID+ACCT_NUM (Ambiguous),2
+NAME+PHONE-DOB-GENDER-DRLIC-PASSPORT,2
+NAME+DOB+PHONE+SSN+ACCT_NUM-DRLIC,2
+NAME+DOB+PHONE+PASSPORT-SSN-DRLIC,2
+NAME+PHONE+DRLIC+ACCT_NUM-SSN,2
+NAME+PHONE+DRLIC+LOGIN_ID+ACCT_NUM (Ambiguous),2
+NAME+DOB+PHONE+PASSPORT+ACCT_NUM-DRLIC,2
+NAME+PHONE+DRLIC+PASSPORT+ACCT_NUM-GENERATION,2
+NAME+DOB+PHONE-GENDER-SSN-PASSPORT,2
+NAME+PHONE-GENERATION-DOB-GENDER-PASSPORT,2
+NAME+PHONE-GENERATION-DOB-SSN-DRLIC-PASSPORT,2
+NAME+PHONE-GENERATION-PASSPORT,2
+NAME+PHONE-GENERATION-SSN,2
+NAME+PHONE+LOGIN_ID (Ambiguous),2
+NAME+DOB+PHONE+DRLIC+PASSPORT+ACCT_NUM-SSN,2
+NAME+DOB+PHONE+DRLIC+PASSPORT+ACCT_NUM-GENERATION,2
+NAME+DOB+PHONE+DRLIC+LOGIN_ID (Ambiguous),2
+NAME+PHONE+PASSPORT+ACCT_NUM-SSN,2
+NAME+PHONE+PASSPORT+ACCT_NUM-SSN-DRLIC,2
+NAME+DOB+PHONE+DRLIC+ACCT_NUM-SSN-PASSPORT,2
+NAME+DOB+PHONE+ACCT_NUM-SSN-DRLIC,2
+NAME+PHONE+SSN+DRLIC+ACCT_NUM-GENERATION,2
+NAME+PHONE+SSN+DRLIC+LOGIN_ID+ACCT_NUM (Ambiguous),2
+NAME+DOB+PASSPORT-SSN,2
+NAME+PHONE+SSN+LOGIN_ID+ACCT_NUM (Ambiguous),2
+NAME+PHONE+SSN+PASSPORT+ACCT_NUM,2
+NAME+PHONE+SSN+PASSPORT+LOGIN_ID (Ambiguous),2
+NAME+DOB+DRLIC-PASSPORT,2
+NAME+SSN+ACCT_NUM-GENERATION,2
+NAME+DOB+DRLIC+ACCT_NUM-SSN-PASSPORT,2
+NAME+DOB+DRLIC+ACCT_NUM-SSN-DRLIC-PASSPORT,2
+NAME+DOB+DRLIC+ACCT_NUM-SSN,2
+NAME+DOB+ADDRESS+SSN+PASSPORT-GENERATION,2
+NAME+DOB+ADDRESS+SSN+LOGIN_ID+ACCT_NUM (Ambiguous),2
+NAME+SSN+DRLIC+ACCT_NUM-GENERATION,2
+NAME+SSN+DRLIC-GENERATION,2
+NAME+SSN+DRLIC+LOGIN_ID (Ambiguous),2
+SURNAME+SSN-GENERATION-DOB-GENDER-DRLIC-PASSPORT,2
+NAME+DOB+ADDRESS+SSN+DRLIC+PASSPORT-GENERATION,2
+NAME+SSN-GENDER-DRLIC-PASSPORT,2
+NAME+SSN+PASSPORT+ACCT_NUM-GENERATION,2
+NAME+DOB+ADDRESS-SSN-DRLIC,2
+NAME+SSN+PASSPORT-GENERATION,2
+NAME+SSN+PASSPORT+LOGIN_ID (Ambiguous),2
+PASSPORT+ACCT_NUM-DRLIC,2
+NAME+DOB+ADDRESS+PHONE+SSN+LOGIN_ID (Ambiguous),2
+NAME+DOB+ADDRESS+PHONE+SSN+DRLIC+PASSPORT+LOGIN_ID (Ambiguous),2
+NAME+DOB+ADDRESS+PHONE+SSN+DRLIC+PASSPORT-DRLIC,2
+PASSPORT-GENERATION-DOB-GENDER,2
+PASSPORT-GENERATION-GENDER-SSN,2
+NAME+DOB+ADDRESS+PHONE+SSN+DRLIC+ACCT_NUM,2
+PHONE+ACCT_NUM-GENDER,2
+NAME+DOB+ADDRESS+PHONE+PASSPORT-SSN (Ambiguous),2
+NAME+DOB+ADDRESS+PHONE+LOGIN_ID+ACCT_NUM (Ambiguous),2
+NAME+DOB+ADDRESS+PHONE+DRLIC+PASSPORT-SSN,2
+PHONE+DRLIC+ACCT_NUM-SSN,2
+NAME+DOB+ADDRESS+PHONE+DRLIC-PASSPORT,2
+NAME+DOB+ADDRESS+PHONE+DRLIC-DRLIC-PASSPORT,2
+NAME+DOB+ADDRESS+PHONE+ACCT_NUM-SSN-DRLIC,2
+PHONE-GENERATION-DOB-GENDER-DRLIC,2
+NAME+DOB+ADDRESS+PASSPORT-SSN,2
+NAME+DOB+ADDRESS-GENDER-SSN-PASSPORT,2
+PHONE-GENERATION-DRLIC-PASSPORT,2
+PHONE-GENERATION-GENDER-DRLIC,2
+PHONE-GENERATION-GENDER-DRLIC-PASSPORT,2
+NAME+DOB+ADDRESS+DRLIC+ACCT_NUM-SSN-PASSPORT,2
+NAME+DOB+ADDRESS+DRLIC+ACCT_NUM-SSN,2
+PHONE+PASSPORT+ACCT_NUM-DRLIC,2
+PHONE+PASSPORT-DRLIC,2
+PHONE+PASSPORT-GENERATION,2
+NAME+DOB+ACCT_NUM-SSN-DRLIC,2
+NAME+DOB+ACCT_NUM-GENERATION,2
+PHONE+SSN-DOB-PASSPORT,2
+PHONE+SSN+DRLIC-DOB,2
+PHONE+SSN+DRLIC-GENDER,2
+PHONE+SSN+DRLIC-PASSPORT,2
+PHONE+SSN+DRLIC+PASSPORT-GENERATION,2
+NAME+ADDRESS+SSN+DRLIC+PASSPORT+ACCT_NUM-GENERATION,2
+PHONE+SSN-PASSPORT,2
+PHONE+SSN+PASSPORT-DOB,2
+NAME+ADDRESS+SSN+DRLIC-PASSPORT,2
+NAME+ADDRESS+SSN+DRLIC+LOGIN_ID (Ambiguous),2
+PNAME+ACCT_NUM-PASSPORT,2
+PNAME+ACCT_NUM-SSN-DRLIC,2
+NAME+ADDRESS+SSN+DRLIC+ACCT_NUM-GENERATION,2
+NAME+ADDRESS+SSN-DOB-PASSPORT,2
+PNAME+ADDRESS+ACCT_NUM-DOB,2
+NAME+ADDRESS+SSN-DOB-DRLIC-PASSPORT,2
+PNAME+ADDRESS+ACCT_NUM-SSN-PASSPORT,2
+NAME+ADDRESS+SSN+ACCT_NUM-PASSPORT,2
+NAME+ADDRESS+SSN+ACCT_NUM-DOB,2
+NAME+ADDRESS+PHONE+SSN+PASSPORT+LOGIN_ID (Ambiguous),2
+NAME+ADDRESS+PHONE+SSN+PASSPORT+LOGIN_ID+ACCT_NUM (Ambiguous),2
+NAME+ADDRESS+PHONE+SSN+LOGIN_ID+ACCT_NUM (Ambiguous),2
+NAME+ADDRESS+PHONE+SSN+DRLIC+PASSPORT+ACCT_NUM-DRLIC,2
+NAME+ADDRESS+PHONE+SSN+DRLIC+PASSPORT+ACCT_NUM-DOB,2
+NAME+ADDRESS+PHONE+SSN+DRLIC+PASSPORT+ACCT_NUM,2
+PNAME+ADDRESS+DRLIC+ACCT_NUM-SSN,2
+PNAME+ADDRESS+DRLIC+ACCT_NUM-SSN-DRLIC,2
+PNAME+ADDRESS+DRLIC+LOGIN_ID (Ambiguous),2
+PNAME+ADDRESS+DRLIC+PASSPORT-SSN,2
+NAME+ADDRESS+PHONE+SSN+DRLIC-DOB-PASSPORT,2
+NAME+ADDRESS+PHONE+SSN+DRLIC-DOB,2
+PNAME+ADDRESS-GENERATION-DOB-DRLIC,2
+PNAME+ADDRESS-GENERATION-GENDER-PASSPORT,2
+PNAME+ADDRESS-GENERATION-GENDER-SSN,2
+NAME+ADDRESS+PHONE+SSN+ACCT_NUM-DRLIC (Ambiguous),2
+NAME+ADDRESS+PHONE+PASSPORT+ACCT_NUM-SSN-DRLIC,2
+PNAME+ADDRESS+PHONE-DOB-DRLIC,2
+PNAME+ADDRESS+PHONE-DOB-GENDER-SSN,2
+PNAME+ADDRESS+PHONE+DRLIC+ACCT_NUM-SSN-DRLIC,2
+PNAME+ADDRESS+PHONE+DRLIC+ACCT_NUM-SSN-PASSPORT,2
+PNAME+ADDRESS+PHONE+DRLIC-DRLIC-PASSPORT,2
+PNAME+ADDRESS+PHONE+DRLIC-GENDER,2
+NAME+ADDRESS+PHONE+DRLIC+PASSPORT+LOGIN_ID+ACCT_NUM (Ambiguous),2
+PNAME+ADDRESS+PHONE-DRLIC-PASSPORT,2
+PNAME+ADDRESS+PHONE+DRLIC-SSN-DRLIC,2
+PNAME+ADDRESS+PHONE-GENDER,2
+NAME+ADDRESS+PHONE+DRLIC+LOGIN_ID+ACCT_NUM (Ambiguous),2
+PNAME+ADDRESS+PHONE+SSN+ACCT_NUM,2
+PNAME+ADDRESS+PHONE+SSN+ACCT_NUM-DOB-PASSPORT,2
+PNAME+ADDRESS+PHONE+SSN+ACCT_NUM-PASSPORT,2
+PNAME+ADDRESS+PHONE-SSN-DRLIC,2
+PNAME+ADDRESS+PHONE+SSN+DRLIC+ACCT_NUM-DRLIC,2
+NAME+ADDRESS+PHONE+DRLIC+ACCT_NUM-DOB-SSN,2
+PNAME+ADDRESS+PHONE+SSN+DRLIC-DOB,2
+PNAME+ADDRESS+PHONE+SSN+DRLIC-DRLIC,2
+PNAME+ADDRESS+PHONE+SSN+DRLIC+LOGIN_ID+ACCT_NUM (Ambiguous),2
+PNAME+ADDRESS+PHONE+SSN-DRLIC-PASSPORT,2
+PNAME+ADDRESS+PHONE+SSN+DRLIC-PASSPORT,2
+ACCT_NUM-DOB-GENDER-SSN,2
+PNAME+ADDRESS+PHONE+SSN+DRLIC+PASSPORT+LOGIN_ID (Ambiguous),2
+NAME+ADDRESS+PHONE+ACCT_NUM-DOB-SSN-DRLIC-PASSPORT,2
+NAME+ADDRESS+PASSPORT+ACCT_NUM-SSN,2
+PNAME+ADDRESS+SSN+DRLIC+PASSPORT,2
+PNAME+ADDRESS+SSN+DRLIC+PASSPORT+ACCT_NUM-GENERATION,2
+PNAME+ADDRESS+SSN+DRLIC+PASSPORT+LOGIN_ID (Ambiguous),2
+NAME+ADDRESS-GENERATION-DOB-GENDER-SSN-PASSPORT,2
+PNAME+DOB+ACCT_NUM-PASSPORT,2
+PNAME+DOB+ADDRESS+ACCT_NUM-PASSPORT,2
+PNAME+DOB+ADDRESS+DRLIC+ACCT_NUM-GENERATION,2
+PNAME+DOB+ADDRESS+DRLIC+ACCT_NUM-SSN,2
+NAME+ADDRESS+DRLIC+PASSPORT-DOB,2
+PNAME+DOB+ADDRESS+DRLIC-SSN-DRLIC,2
+PNAME+DOB+ADDRESS-GENDER,2
+PNAME+DOB+ADDRESS-GENERATION,2
+PNAME+DOB+ADDRESS+PASSPORT-DRLIC,2
+PNAME+DOB+ADDRESS+PHONE+ACCT_NUM-PASSPORT,2
+NAME+ADDRESS+DRLIC-DRLIC,2
+PNAME+DOB+ADDRESS+PHONE+DRLIC+ACCT_NUM-SSN,2
+NAME+ADDRESS+DRLIC+ACCT_NUM-DOB-SSN-PASSPORT,2
+PNAME+DOB+ADDRESS+PHONE+PASSPORT+ACCT_NUM-SSN,2
+PNAME+DOB+ADDRESS+PHONE+PASSPORT+LOGIN_ID+ACCT_NUM (Ambiguous),2
+PNAME+DOB+ADDRESS+PHONE+PASSPORT-SSN,2
+NAME+ADDRESS+ACCT_NUM-DOB-SSN,2
+PNAME+DOB+ADDRESS+PHONE-SSN-DRLIC,2
+NAME+ACCT_NUM-SSN-DRLIC,2
+PNAME+DOB+ADDRESS+PHONE+SSN-DRLIC (Ambiguous),2
+NAME+ACCT_NUM-DOB-SSN,2
+LOGIN_ID-GENERATION-SSN-DRLIC-PASSPORT,2
+PNAME+DOB+ADDRESS+PHONE+SSN+DRLIC+PASSPORT-DRLIC,2
+PNAME+DOB+ADDRESS+PHONE+SSN+LOGIN_ID+ACCT_NUM (Ambiguous),2
+LOGIN_ID-GENERATION-DOB-DRLIC-PASSPORT,2
+LIKELY_NAME+SSN+LOGIN_ID+ACCT_NUM,2
+PNAME+DOB+ADDRESS-SSN-DRLIC,2
+LIKELY_NAME+PHONE+SSN+PASSPORT+LOGIN_ID,2
+LIKELY_NAME+PHONE-SSN,2
+LIKELY_NAME+PHONE+LOGIN_ID,2
+PNAME+DOB+ADDRESS+SSN+PASSPORT-GENERATION,2
+PNAME+DOB+DRLIC-PASSPORT,2
+PNAME+DOB+DRLIC-SSN-PASSPORT,2
+PNAME-DOB-GENDER,2
+PNAME-DOB-GENDER-SSN-PASSPORT,2
+LIKELY_NAME+PHONE-DOB-GENDER-SSN-PASSPORT,2
+PNAME+DOB+PASSPORT+ACCT_NUM-GENERATION,2
+LIKELY_NAME+DRLIC-SSN,2
+LIKELY_NAME+DRLIC-GENDER,2
+PNAME+DOB+PHONE+DRLIC+ACCT_NUM-GENERATION,2
+PNAME+DOB+PHONE+DRLIC-SSN-PASSPORT,2
+LIKELY_NAME+DOB+SSN+ACCT_NUM (Ambiguous),2
+PNAME+DOB+PHONE+SSN+ACCT_NUM-DRLIC,2
+PNAME+DOB+PHONE-SSN-DRLIC,2
+LIKELY_NAME+DOB+ADDRESS+SSN+DRLIC+ACCT_NUM (Ambiguous),2
+PNAME+DOB+PHONE+SSN+DRLIC+PASSPORT-GENERATION,2
+LIKELY_NAME+DOB+ADDRESS+SSN+DRLIC+ACCT_NUM,2
+PNAME+DOB+SSN+ACCT_NUM-DRLIC,2
+PNAME+DOB+SSN+DRLIC-GENERATION,2
+LIKELY_NAME+DOB+ADDRESS+PHONE+SSN+ACCT_NUM (Ambiguous),2
+PNAME+DRLIC+ACCT_NUM-DRLIC,2
+LIKELY_NAME+DOB+ADDRESS+PHONE+PASSPORT (Ambiguous),2
+LIKELY_NAME+DOB+ADDRESS+PHONE+DRLIC+ACCT_NUM (Ambiguous),2
+LIKELY_NAME+DOB+ADDRESS+PHONE+DRLIC,2
+LIKELY_NAME+DOB+ADDRESS+PHONE,2
+LIKELY_NAME+ADDRESS-SSN-PASSPORT,2
+PNAME+DRLIC-GENERATION,2
+PNAME+DRLIC-GENERATION-DOB-GENDER-SSN-PASSPORT,2
+PNAME+DRLIC-GENERATION-DOB-PASSPORT,2
+PNAME+DRLIC-GENERATION-DOB-SSN,2
+PNAME+DRLIC-GENERATION-GENDER-SSN,2
+LIKELY_NAME+ADDRESS+PHONE+SSN+PASSPORT (Ambiguous),2
+LIKELY_NAME+ADDRESS+PHONE+SSN+PASSPORT+ACCT_NUM,2
+LIKELY_NAME+ADDRESS+PHONE+SSN+DRLIC (Ambiguous),2
+PNAME+DRLIC-SSN-DRLIC,2
+LIKELY_NAME+ADDRESS+PHONE+SSN+DRLIC,2
+LIKELY_NAME+ADDRESS+PHONE+SSN+ACCT_NUM,2
+LIKELY_NAME+ADDRESS+PHONE+PASSPORT (Ambiguous),2
+LIKELY_NAME+ADDRESS+LOGIN_ID+ACCT_NUM,2
+LIKELY_NAME+ADDRESS+LOGIN_ID,2
+LIKELY_NAME+ADDRESS-GENDER-SSN-PASSPORT,2
+PNAME+PASSPORT-DRLIC,2
+PNAME+PHONE+ACCT_NUM-SSN-DRLIC,2
-GENERATION-DOB-SSN-PASSPORT,2
-GENERATION-DOB-GENDER-SSN-PASSPORT,2
-GENERATION-DOB-GENDER-SSN-DRLIC-PASSPORT,2
+DRLIC+PASSPORT+LOGIN_ID+ACCT_NUM,2
+PNAME+PHONE-GENERATION-DOB-SSN,2
+PNAME+PHONE-GENERATION-GENDER,2
+PNAME+PHONE-GENERATION-SSN-DRLIC,2
+PNAME+PHONE+PASSPORT+ACCT_NUM-DRLIC,2
+DOB+SSN+PASSPORT-DRLIC,2
+PNAME+PHONE+PASSPORT-SSN,2
+DOB+SSN+PASSPORT+ACCT_NUM-GENERATION,2
+PNAME+PHONE+SSN+ACCT_NUM-DOB-PASSPORT,2
+PNAME+PHONE+SSN-DOB-DRLIC-PASSPORT,2
+PNAME+PHONE+SSN-DOB-PASSPORT,2
+DOB+SSN+DRLIC+PASSPORT+LOGIN_ID,2
+DOB+SSN+DRLIC+PASSPORT+ACCT_NUM-GENERATION,2
+PNAME+PHONE+SSN+DRLIC+LOGIN_ID+ACCT_NUM (Ambiguous),2
+PNAME+PHONE+SSN+DRLIC-PASSPORT,2
+DOB+SSN+DRLIC+ACCT_NUM-GENERATION,2
+PNAME+PHONE+SSN-PASSPORT,2
+DOB+SSN+ACCT_NUM-DRLIC,2
+PNAME+PHONE+SSN+PASSPORT+ACCT_NUM-DOB,2
+DOB+PHONE+SSN+PASSPORT+LOGIN_ID+ACCT_NUM,2
+DOB+PHONE+SSN-PASSPORT,2
+DOB+PHONE+SSN+DRLIC+PASSPORT-GENERATION,2
+DOB+PHONE+SSN+DRLIC-PASSPORT,2
+PNAME-SSN-DRLIC,2
+PNAME+SSN+DRLIC+LOGIN_ID (Ambiguous),2
+DOB+PHONE+PASSPORT-SSN,2
+PNAME+SSN-GENERATION-DOB-GENDER,2
+PNAME+SSN-GENERATION-GENDER,2
+DOB+PHONE-GENDER-DRLIC,2
+PNAME+SSN+PASSPORT-GENERATION,2
+DOB+PHONE+DRLIC+PASSPORT-SSN,2
+DOB+PHONE+DRLIC+PASSPORT-GENERATION,2
+DOB+PHONE+DRLIC+ACCT_NUM-GENERATION,2
+DOB+PHONE-DRLIC,2
+DOB+PHONE+ACCT_NUM-GENERATION,2
+SSN+DRLIC-PASSPORT,2
+SSN+DRLIC+PASSPORT-GENERATION,2
+SSN+DRLIC+PASSPORT+LOGIN_ID+ACCT_NUM,2
+DOB+PASSPORT+ACCT_NUM-GENERATION,2
+DOB+LOGIN_ID-DRLIC,2
+DOB+DRLIC-GENERATION-SSN-PASSPORT,2
+DOB+ADDRESS+SSN+PASSPORT-GENERATION,2
+SURNAME,2
+SURNAME+ACCT_NUM-SSN,2
+DOB+ADDRESS+SSN+DRLIC+PASSPORT+ACCT_NUM-GENERATION,2
+DOB+ADDRESS+SSN+DRLIC+PASSPORT+ACCT_NUM (Ambiguous),2
+DOB+ADDRESS+SSN-DRLIC-PASSPORT,2
+SURNAME+ADDRESS+DRLIC+ACCT_NUM-SSN-PASSPORT,2
+SURNAME+ADDRESS+DRLIC+PASSPORT+LOGIN_ID+ACCT_NUM,2
+SURNAME+ADDRESS-GENERATION-DOB-GENDER,2
+SURNAME+ADDRESS-GENERATION-DOB-GENDER-SSN-DRLIC,2
+DOB+ADDRESS+PHONE-SSN-DRLIC,2
+SURNAME+ADDRESS-GENERATION-GENDER-SSN-PASSPORT,2
+DOB+ADDRESS+PHONE+PASSPORT+ACCT_NUM-SSN,2
+SURNAME+ADDRESS+PASSPORT+LOGIN_ID+ACCT_NUM,2
+SURNAME+ADDRESS+PHONE+ACCT_NUM-DOB-SSN-PASSPORT,2
+SURNAME+ADDRESS+PHONE+ACCT_NUM-GENERATION,2
+SURNAME+ADDRESS+PHONE+ACCT_NUM-PASSPORT,2
+SURNAME+ADDRESS+PHONE-DOB-SSN,2
+SURNAME+ADDRESS+PHONE-DOB-SSN-PASSPORT,2
+DOB+ADDRESS+PHONE-PASSPORT,2
+DOB+ADDRESS+PHONE-GENDER-SSN-PASSPORT,2
+DOB+ADDRESS+PHONE+DRLIC-SSN-PASSPORT,2
+SURNAME+ADDRESS+PHONE+DRLIC+ACCT_NUM-PASSPORT,2
+SURNAME+ADDRESS+PHONE+DRLIC+ACCT_NUM-SSN-PASSPORT,2
+DOB+ADDRESS+PHONE+DRLIC+PASSPORT-SSN,2
+SURNAME+ADDRESS+PHONE+DRLIC+PASSPORT (Ambiguous),2
+SURNAME+ADDRESS+PHONE+DRLIC-SSN,2
+SURNAME+ADDRESS+PHONE+PASSPORT+ACCT_NUM-DRLIC,2
+SURNAME+ADDRESS+PHONE+PASSPORT+ACCT_NUM-SSN,2
+DOB+ADDRESS+PHONE+DRLIC+ACCT_NUM-SSN-PASSPORT,2
+DOB+ADDRESS+PHONE+DRLIC+ACCT_NUM-SSN,2
+DOB+ADDRESS+PHONE+DRLIC+ACCT_NUM-PASSPORT,2
+SURNAME+ADDRESS+PHONE+SSN+ACCT_NUM (Ambiguous),2
+SURNAME+ADDRESS+PHONE+SSN+ACCT_NUM-DOB,2
+SURNAME+ADDRESS+PHONE+SSN+ACCT_NUM-DOB-DRLIC,2
+SURNAME+ADDRESS+PHONE+SSN+ACCT_NUM-PASSPORT,2
+SURNAME+ADDRESS+PHONE+SSN+DRLIC+ACCT_NUM-PASSPORT,2
+DOB+ADDRESS+PASSPORT+LOGIN_ID,2
+DOB+ADDRESS+PASSPORT-GENERATION,2
+DOB+ADDRESS+PASSPORT+ACCT_NUM-SSN,2
+DOB+ADDRESS+PASSPORT+ACCT_NUM-GENERATION,2
+DOB+ADDRESS+PASSPORT+ACCT_NUM-DRLIC,2
+DOB+ADDRESS-GENERATION-GENDER-SSN-DRLIC-PASSPORT,2
+DOB+ADDRESS-GENERATION-GENDER-PASSPORT,2
+DOB+ADDRESS+DRLIC-PASSPORT,2
+DOB+ADDRESS+DRLIC-GENERATION,2
+SURNAME+ADDRESS+SSN+PASSPORT-DOB,2
+SURNAME+DOB+ACCT_NUM-SSN,2
+SURNAME+DOB+ADDRESS+ACCT_NUM-SSN-DRLIC,2
+SURNAME+DOB+ADDRESS+DRLIC+ACCT_NUM-SSN,2
+SURNAME+DOB+ADDRESS+DRLIC-SSN,2
+SURNAME+DOB+ADDRESS-GENDER-DRLIC,2
+SURNAME+DOB+ADDRESS-GENDER-SSN-PASSPORT,2
+SURNAME+DOB+ADDRESS+PHONE+ACCT_NUM-SSN-DRLIC,2
+SURNAME+DOB+ADDRESS+PHONE+DRLIC-DRLIC,2
+SURNAME+DOB+ADDRESS+PHONE+DRLIC+PASSPORT+ACCT_NUM-GENERATION,2
+SURNAME+DOB+ADDRESS+PHONE-GENERATION,2
+ADDRESS+SSN+PASSPORT-DOB,2
+SURNAME+DOB+ADDRESS+PHONE+PASSPORT+ACCT_NUM-SSN,2
+SURNAME+DOB+ADDRESS+PHONE+PASSPORT (Ambiguous),2
+SURNAME+DOB+ADDRESS+PHONE+SSN+ACCT_NUM-PASSPORT,2
+ADDRESS+SSN+DRLIC+PASSPORT+ACCT_NUM-GENERATION,2
+SURNAME+DOB+ADDRESS+PHONE+SSN+DRLIC+ACCT_NUM-PASSPORT,2
+ADDRESS+SSN+DRLIC-PASSPORT,2
+ADDRESS+SSN-DRLIC-PASSPORT,2
+SURNAME+DOB+ADDRESS+PHONE+SSN+DRLIC-PASSPORT,2
+ADDRESS+SSN+DRLIC-DOB-DRLIC,2
+SURNAME+DOB+ADDRESS+PHONE+SSN+DRLIC+PASSPORT+ACCT_NUM-DRLIC,2
+SURNAME+DOB+ADDRESS+PHONE+SSN-GENERATION,2
+ADDRESS+SSN+DRLIC (Ambiguous),2
+ADDRESS+SSN-DOB,2
+SURNAME+DOB+ADDRESS+PHONE+SSN+PASSPORT+LOGIN_ID+ACCT_NUM,2
+ADDRESS+SSN+ACCT_NUM (Ambiguous),2
+SURNAME+DOB+ADDRESS+SSN+PASSPORT-DRLIC,2
+SURNAME+DOB+ADDRESS+SSN+PASSPORT+LOGIN_ID+ACCT_NUM,2
+ADDRESS+PHONE+SSN-GENDER-PASSPORT,2
+ADDRESS+PHONE+SSN-GENDER,2
+ADDRESS+PHONE+SSN+DRLIC+PASSPORT-DRLIC,2
+SURNAME-DOB-GENDER,2
+SURNAME+DOB+LOGIN_ID+ACCT_NUM,2
+ADDRESS+PHONE+SSN+DRLIC+PASSPORT+ACCT_NUM-DRLIC,2
+SURNAME+DOB+PHONE-DRLIC,2
+ADDRESS+PHONE+SSN+DRLIC-PASSPORT,2
+SURNAME+DOB+PHONE-GENDER-SSN-PASSPORT,2
+SURNAME+DOB+PHONE+SSN+ACCT_NUM-GENERATION,2
+SURNAME+DOB+PHONE+SSN+DRLIC+ACCT_NUM-GENERATION,2
+SURNAME+DOB+PHONE+SSN+DRLIC+PASSPORT+ACCT_NUM (Ambiguous),2
+SURNAME+DOB+PHONE+SSN-PASSPORT,2
+SURNAME+DOB+PHONE+SSN+PASSPORT-DRLIC,2
+SURNAME+DOB+PHONE+SSN+PASSPORT+LOGIN_ID,2
+SURNAME+DOB+SSN+DRLIC+LOGIN_ID+ACCT_NUM,2
+SURNAME+DOB+SSN+PASSPORT+LOGIN_ID+ACCT_NUM,2
+ADDRESS+PHONE+PASSPORT+ACCT_NUM-SSN,2
+ADDRESS+PHONE+PASSPORT+ACCT_NUM-DOB-SSN-DRLIC,2
+ADDRESS+PHONE-GENDER-PASSPORT,2
+ADDRESS+PHONE+DRLIC-SSN-PASSPORT,2
+SURNAME+DRLIC-GENERATION-DOB-GENDER-SSN,2
+SURNAME+DRLIC-GENERATION-DOB-GENDER-SSN-PASSPORT,2
+SURNAME+DRLIC-GENERATION-DOB-SSN,2
+SURNAME+DRLIC-GENERATION-DOB-SSN-PASSPORT,2
+SURNAME+DRLIC+LOGIN_ID+ACCT_NUM,2
+SURNAME+DRLIC+PASSPORT+LOGIN_ID,2
+SURNAME-GENDER-SSN,2
+ADDRESS+PHONE+DRLIC-DRLIC,2
+ADDRESS+PHONE+DRLIC-DOB-SSN,2
+SURNAME+LOGIN_ID-DOB-GENDER-DRLIC,2
+SURNAME+LOGIN_ID-DOB-GENDER-PASSPORT,2
+ADDRESS+PHONE+DRLIC+ACCT_NUM-PASSPORT,2
+SURNAME+LOGIN_ID-GENDER-DRLIC-PASSPORT,2
+SURNAME+LOGIN_ID-GENDER-SSN-DRLIC-PASSPORT,2
+ADDRESS+PHONE-DOB-SSN-DRLIC-PASSPORT,2
+SURNAME+PASSPORT+ACCT_NUM-DRLIC,2
+SURNAME+PASSPORT-DOB-SSN,2
+SURNAME+PASSPORT-DRLIC,2
+SURNAME+PASSPORT+LOGIN_ID+ACCT_NUM,2
+ADDRESS+PHONE+ACCT_NUM-DOB-SSN,2
+ADDRESS+PHONE+ACCT_NUM-DOB-PASSPORT,2
+ADDRESS+PHONE+ACCT_NUM-DOB-GENDER,2
+SURNAME+PHONE+DRLIC+ACCT_NUM-SSN,2
+ADDRESS+PASSPORT+ACCT_NUM-SSN,2
+SURNAME+PHONE-GENERATION-DOB-GENDER-SSN,2
+ADDRESS+DRLIC-GENDER-SSN,2
+SURNAME+PHONE+SSN+ACCT_NUM-DOB-PASSPORT,2
+ADDRESS+DRLIC-DOB-SSN-PASSPORT,2
+ADDRESS+DRLIC-DOB,2
+ADDRESS+DRLIC+ACCT_NUM-SSN,2
+SURNAME+PHONE+SSN-PASSPORT,2
+ADDRESS+DRLIC+ACCT_NUM-DOB,2
+SURNAME+SSN+ACCT_NUM-DRLIC,2
+ACCT_NUM-PASSPORT,2
+ACCT_NUM-GENDER-DRLIC,2
+NAME+DRLIC-DRLIC,2
+NAME+DOB+SSN+PASSPORT-GENERATION,2
+LIKELY_NAME+PHONE+SSN+PASSPORT+LOGIN_ID+ACCT_NUM,1
+DRLIC+ACCT_NUM-GENERATION,1
+DRLIC+ACCT_NUM-DOB,1
+LIKELY_NAME+SSN-DOB-GENDER,1
+LIKELY_NAME+SSN-DRLIC,1
+SURNAME+LOGIN_ID-GENERATION,1
+LIKELY_NAME+SSN+LOGIN_ID,1
+SURNAME+LOGIN_ID-GENERATION-DOB-GENDER-SSN,1
+LIKELY_NAME+SSN-PASSPORT,1
+PNAME+DOB+ADDRESS+PHONE+SSN+PASSPORT+LOGIN_ID (Ambiguous),1
+ADDRESS+PHONE-DOB-SSN-DRLIC,1
+NAME+PHONE+SSN+DRLIC-DOB-DRLIC,1
+PNAME+DOB+ADDRESS+PHONE+SSN+PASSPORT-DRLIC (Ambiguous),1
+PNAME+DOB+ADDRESS+PHONE+SSN-PASSPORT,1
+PNAME+DOB+ADDRESS+PHONE+SSN+DRLIC+PASSPORT,1
+NAME+DOB+PHONE+ACCT_NUM-SSN (Ambiguous),1
+PNAME+DOB+ADDRESS+PHONE+SSN+DRLIC-PASSPORT,1
+PNAME+DOB+ADDRESS+PHONE-SSN-DRLIC-PASSPORT,1
+PNAME+DOB+ADDRESS+PHONE+SSN+DRLIC+LOGIN_ID (Ambiguous),1
+NAME+ACCT_NUM-DOB-PASSPORT,1
+PNAME+PHONE+SSN-DOB-DRLIC,1
+SURNAME+LOGIN_ID-SSN-DRLIC-PASSPORT,1
+NAME+DOB+PHONE+ACCT_NUM-SSN-DRLIC-PASSPORT,1
+DOB+SSN-GENERATION-GENDER,1
+DOB+SSN-GENERATION-DRLIC,1
+PNAME+DOB+ADDRESS+PHONE+SSN+DRLIC-DRLIC,1
+NAME+PHONE+SSN-DOB-GENDER-PASSPORT,1
+PNAME+PHONE+SSN+DRLIC+ACCT_NUM-DOB-DRLIC,1
+NAME+ADDRESS+ACCT_NUM-DOB-DRLIC,1
+ADDRESS+PHONE-DOB-GENDER-SSN-DRLIC-PASSPORT,1
+PNAME+PHONE+SSN+DRLIC-DOB,1
+PNAME+PHONE+SSN+DRLIC-DOB-DRLIC-PASSPORT,1
+PNAME+PHONE+SSN+DRLIC-DOB-PASSPORT,1
+PNAME+PHONE+SSN+DRLIC-GENDER,1
+PNAME+DOB+ADDRESS+PHONE+SSN+ACCT_NUM-DRLIC (Ambiguous),1
+SURNAME+SSN+DRLIC+PASSPORT+LOGIN_ID,1
+DOB+SSN+DRLIC+LOGIN_ID+ACCT_NUM,1
+SURNAME+PASSPORT-DOB-GENDER-SSN,1
+NAME+ADDRESS+ACCT_NUM-GENDER-DRLIC,1
+PNAME+DOB+ADDRESS+PHONE+SSN+ACCT_NUM,1
+PNAME+PHONE+SSN+DRLIC+PASSPORT+ACCT_NUM-DOB,1
+PNAME+PHONE+SSN+DRLIC+PASSPORT+ACCT_NUM-DRLIC,1
+PNAME+DOB+ADDRESS+PHONE+PASSPORT+LOGIN_ID (Ambiguous),1
+NAME+ADDRESS+DRLIC+ACCT_NUM-DOB,1
+PNAME+DOB+ADDRESS+PHONE+LOGIN_ID+ACCT_NUM (Ambiguous),1
+PNAME+PHONE+SSN+DRLIC+PASSPORT+LOGIN_ID (Ambiguous),1
+SURNAME+PASSPORT-DOB-GENDER-SSN-DRLIC,1
+PNAME+PHONE+SSN+LOGIN_ID+ACCT_NUM (Ambiguous),1
+DOB+SSN (Ambiguous),1
+NAME+PASSPORT-DOB,1
+NAME+ADDRESS+DRLIC+ACCT_NUM-DRLIC,1
+PNAME+DOB+ADDRESS+PHONE-GENDER-SSN-PASSPORT,1
+NAME+PASSPORT+ACCT_NUM-GENERATION,1
+SURNAME+PASSPORT-GENDER-SSN,1
+PNAME+DOB+ADDRESS+PHONE-GENDER-SSN,1
+PNAME+DOB+ADDRESS+PHONE+DRLIC-SSN-DRLIC-PASSPORT,1
+DOB-SSN,1
+NAME+DOB+SSN+DRLIC-GENERATION,1
+PNAME+DOB+ADDRESS+PHONE+DRLIC-SSN-DRLIC,1
+NAME+ADDRESS+DRLIC+ACCT_NUM-PASSPORT,1
+PNAME+DOB+ADDRESS+PHONE-DRLIC-PASSPORT,1
+PNAME+DOB+ADDRESS+PHONE+DRLIC+ACCT_NUM-GENDER-SSN,1
+PNAME+DOB+ADDRESS+PHONE+DRLIC+ACCT_NUM,1
+DOB+PHONE+SSN+PASSPORT+ACCT_NUM-DRLIC,1
+NAME+ADDRESS+DRLIC-DOB-SSN-PASSPORT,1
+ADDRESS+PHONE-DOB-GENDER-SSN,1
+NAME+ADDRESS+DRLIC-DRLIC-PASSPORT,1
+DOB+PHONE+SSN+DRLIC+PASSPORT+LOGIN_ID+ACCT_NUM,1
+DOB+PHONE+SSN+DRLIC+PASSPORT+LOGIN_ID,1
+ADDRESS+PHONE-DOB-GENDER-PASSPORT,1
+DOB+PHONE+SSN+DRLIC+PASSPORT+ACCT_NUM-GENERATION,1
+PNAME+DOB+ADDRESS+PHONE+ACCT_NUM-SSN-DRLIC,1
+NAME+PHONE+SSN-DOB (Ambiguous),1
+NAME+ADDRESS+DRLIC-GENDER-SSN,1
+SURNAME+PHONE+ACCT_NUM-GENDER-SSN,1
+PNAME+DOB+ADDRESS+PHONE+ACCT_NUM-DRLIC-PASSPORT,1
+NAME+ADDRESS+DRLIC+LOGIN_ID (Ambiguous),1
+DOB+PHONE+SSN+DRLIC+ACCT_NUM-PASSPORT,1
+PNAME+DOB+ADDRESS+PHONE+ACCT_NUM,1
+PNAME+SSN+DRLIC+ACCT_NUM-DRLIC,1
+PNAME+SSN+DRLIC+ACCT_NUM-GENERATION,1
+PNAME+SSN+DRLIC+ACCT_NUM-PASSPORT,1
+PNAME+DOB+ADDRESS+PASSPORT+LOGIN_ID+ACCT_NUM-DRLIC,1
+NAME+ADDRESS+DRLIC+PASSPORT+ACCT_NUM-DRLIC,1
+PNAME+SSN+DRLIC+LOGIN_ID+ACCT_NUM (Ambiguous),1
+SURNAME+PHONE+ACCT_NUM-GENERATION,1
+PNAME-SSN-DRLIC-PASSPORT,1
+DOB+PHONE+SSN+ACCT_NUM-PASSPORT,1
+PNAME+DOB+ADDRESS-GENDER-SSN-PASSPORT,1
+PNAME+DOB+ADDRESS-GENDER-SSN-DRLIC-PASSPORT,1
+PNAME+DOB+ADDRESS+DRLIC-SSN-PASSPORT,1
+PNAME+SSN+DRLIC+PASSPORT+ACCT_NUM-DOB,1
+SURNAME+PHONE+ACCT_NUM-PASSPORT,1
+PNAME+SSN+DRLIC+PASSPORT-GENERATION,1
+NAME+ADDRESS+DRLIC+PASSPORT-DRLIC,1
+DOB+PHONE+PASSPORT-GENDER,1
+PNAME+DOB+ADDRESS+DRLIC+PASSPORT,1
+NAME+ADDRESS+DRLIC+PASSPORT-GENERATION,1
+NAME+ADDRESS+DRLIC+PASSPORT-SSN,1
+PNAME+SSN-GENERATION-DOB-DRLIC,1
+PNAME+DOB+ADDRESS+ACCT_NUM-SSN-DRLIC-PASSPORT,1
+NAME+PHONE+SSN+ACCT_NUM-PASSPORT,1
+PNAME+SSN-GENERATION-DOB-GENDER-PASSPORT,1
+PNAME+DOB+ADDRESS+ACCT_NUM-DRLIC-PASSPORT,1
+NAME+DOB+PHONE+ACCT_NUM-SSN-PASSPORT (Ambiguous),1
+NAME+ADDRESS+DRLIC-SSN-DRLIC,1
+PNAME+DOB+ADDRESS+ACCT_NUM,1
+DOB+PHONE-GENERATION-GENDER-SSN-PASSPORT,1
+PNAME+DOB+ACCT_NUM-SSN-PASSPORT,1
+DOB+PHONE-GENDER-SSN-DRLIC-PASSPORT,1
+PNAME+ADDRESS+SSN+PASSPORT+LOGIN_ID (Ambiguous),1
+ACCT_NUM-DOB-GENDER-PASSPORT,1
+ADDRESS+PHONE-DOB-GENDER,1
+PNAME+ADDRESS+SSN+PASSPORT-DOB,1
+NAME+PHONE+SSN+ACCT_NUM-DOB-DRLIC-PASSPORT,1
+PNAME+SSN+PASSPORT+LOGIN_ID (Ambiguous),1
+NAME+ADDRESS-GENERATION-DOB-GENDER,1
+NAME+PHONE+SSN+ACCT_NUM-DOB-DRLIC,1
+NAME+ADDRESS-GENERATION-DOB-GENDER-SSN-DRLIC-PASSPORT,1
+SSN+ACCT_NUM (Ambiguous),1
+NAME+ADDRESS-GENERATION-DOB-SSN-DRLIC,1
+PNAME+ADDRESS+SSN+LOGIN_ID (Ambiguous),1
+PNAME+ADDRESS+SSN+LOGIN_ID+ACCT_NUM (Ambiguous),1
+SSN+ACCT_NUM-PASSPORT,1
+PNAME+ADDRESS+SSN+DRLIC+PASSPORT-GENERATION,1
+NAME+ADDRESS-GENERATION-GENDER-SSN,1
+NAME+PHONE+SSN+ACCT_NUM-DOB,1
+DOB+PHONE+DRLIC-PASSPORT,1
+DOB+PHONE-DRLIC-PASSPORT,1
+NAME+ADDRESS-GENERATION-GENDER-SSN-DRLIC-PASSPORT,1
+PNAME+ADDRESS+SSN-DRLIC-PASSPORT,1
+NAME+DRLIC+PASSPORT+ACCT_NUM-GENERATION,1
+ADDRESS+PHONE+ACCT_NUM-SSN-DRLIC,1
+NAME+DOB+PHONE+DRLIC+ACCT_NUM-SSN,1
+NAME+ADDRESS-GENERATION-GENDER-SSN-PASSPORT,1
+PNAME+ADDRESS+SSN+DRLIC+LOGIN_ID (Ambiguous),1
+PNAME+ADDRESS+SSN+DRLIC-GENDER,1
+SSN+DRLIC+ACCT_NUM-GENERATION,1
+SSN+DRLIC (Ambiguous),1
+SSN+DRLIC-DOB,1
+SSN+DRLIC-DOB-DRLIC,1
+SSN+DRLIC-DOB-PASSPORT,1
+PNAME+ADDRESS+SSN+DRLIC-DRLIC,1
+SSN+DRLIC-GENERATION-DOB-PASSPORT,1
+ADDRESS+PHONE+ACCT_NUM-DOB-SSN-DRLIC-PASSPORT,1
+PNAME+ADDRESS+SSN+DRLIC-DOB,1
+DOB+PHONE+ACCT_NUM-GENDER-SSN,1
+DOB+PHONE+ACCT_NUM-DRLIC-PASSPORT,1
+NAME+DOB+SSN+DRLIC+PASSPORT-GENERATION,1
+NAME+ADDRESS-GENERATION-PASSPORT,1
+DOB+PASSPORT-SSN,1
+SSN+DRLIC+PASSPORT+ACCT_NUM-DRLIC,1
+NAME+LOGIN_ID-GENDER-PASSPORT,1
+PNAME+ADDRESS+SSN+DRLIC+ACCT_NUM-DOB,1
+ADDRESS+PHONE+ACCT_NUM-DOB-GENDER-PASSPORT,1
+NAME+ADDRESS-GENERATION-SSN-PASSPORT,1
+DOB+PASSPORT-GENERATION,1
+DOB+PASSPORT-DRLIC,1
+NAME+LOGIN_ID-GENDER-DRLIC,1
+DOB+LOGIN_ID-SSN-DRLIC-PASSPORT,1
+NAME+ADDRESS+LOGIN_ID+ACCT_NUM (Ambiguous),1
+PNAME+ADDRESS+SSN-DOB-PASSPORT,1
+PNAME+ADDRESS+SSN-DOB-DRLIC,1
+PNAME+ADDRESS+SSN+ACCT_NUM-PASSPORT,1
+NAME+PHONE+PASSPORT-DOB,1
+NAME+ADDRESS+PASSPORT-SSN-DRLIC,1
+DOB-GENDER-SSN,1
+DOB-GENDER,1
+DOB+DRLIC+PASSPORT+LOGIN_ID+ACCT_NUM,1
+DOB+DRLIC+PASSPORT+ACCT_NUM-GENERATION,1
+PNAME+ADDRESS+SSN+ACCT_NUM,1
+PNAME+ADDRESS+PHONE+SSN+PASSPORT+LOGIN_ID+ACCT_NUM (Ambiguous),1
+ADDRESS+PASSPORT-SSN-DRLIC,1
+DOB+DRLIC-GENERATION,1
+DOB+DRLIC+ACCT_NUM-DRLIC,1
+DOB-DRLIC,1
+NAME+ADDRESS+PHONE+ACCT_NUM-DOB-SSN-DRLIC,1
+PNAME+ADDRESS+PHONE+SSN+PASSPORT-DOB,1
+ADDRESS+PASSPORT-SSN,1
+NAME+ADDRESS+PHONE+ACCT_NUM-GENDER,1
+PNAME+ADDRESS+PHONE+SSN+PASSPORT+ACCT_NUM-DOB-DRLIC,1
+SSN+PASSPORT+ACCT_NUM-DOB,1
+SSN+PASSPORT+ACCT_NUM-DRLIC,1
+SSN+PASSPORT+ACCT_NUM-GENERATION,1
+NAME+ADDRESS+PHONE+ACCT_NUM-GENDER-PASSPORT,1
+SSN+PASSPORT-GENERATION,1
+PNAME+ADDRESS+PHONE+SSN+PASSPORT+ACCT_NUM,1
+NAME+ADDRESS+PHONE-DOB-GENDER,1
+NAME+PHONE+PASSPORT+ACCT_NUM-DOB,1
+PNAME+ADDRESS+PHONE+SSN+DRLIC+PASSPORT+LOGIN_ID+ACCT_NUM (Ambiguous),1
+SURNAME+ACCT_NUM-DOB-SSN,1
+PNAME+ADDRESS+PHONE+SSN+DRLIC+PASSPORT-DOB,1
+NAME+DOB+PHONE-DRLIC-PASSPORT,1
+SURNAME+ACCT_NUM-SSN-PASSPORT,1
+DOB+ADDRESS+SSN-PASSPORT,1
+NAME+ADDRESS+PHONE-DOB-SSN-DRLIC,1
+PNAME+ADDRESS+PHONE+SSN+DRLIC+PASSPORT+ACCT_NUM,1
+SURNAME+ADDRESS+ACCT_NUM-PASSPORT,1
+NAME+ADDRESS+PHONE+DRLIC+ACCT_NUM-DOB,1
+SURNAME+ADDRESS+ACCT_NUM-SSN-DRLIC,1
+SURNAME+ADDRESS+ACCT_NUM-SSN-PASSPORT,1
+DOB+ADDRESS+SSN-GENDER-PASSPORT,1
+DOB+ADDRESS+SSN-GENDER,1
+PNAME+ADDRESS+PHONE+SSN+DRLIC-DOB-PASSPORT,1
+NAME+ADDRESS+PHONE+DRLIC+ACCT_NUM-DOB-PASSPORT,1
+DOB+ADDRESS+SSN+DRLIC+PASSPORT-GENERATION,1
+DOB+ADDRESS+SSN+DRLIC+PASSPORT-DRLIC,1
+PNAME+ADDRESS+PHONE+SSN+DRLIC+ACCT_NUM-DOB-PASSPORT,1
+NAME+DOB+PHONE+DRLIC+PASSPORT-GENERATION,1
+ADDRESS+PASSPORT-DOB-GENDER-SSN,1
+ADDRESS+PASSPORT-DOB-DRLIC,1
+NAME+ADDRESS+PHONE+DRLIC+ACCT_NUM-DRLIC,1
+PNAME+ADDRESS+PHONE+SSN-DOB-GENDER,1
+NAME+ADDRESS+PHONE+DRLIC+ACCT_NUM-SSN-DRLIC,1
+NAME+ADDRESS+PHONE+DRLIC+ACCT_NUM-SSN-DRLIC-PASSPORT,1
+PNAME+ADDRESS+PHONE+SSN+ACCT_NUM-GENDER-PASSPORT,1
+PNAME+ADDRESS+PHONE+SSN+ACCT_NUM-GENDER,1
+NAME+ADDRESS+PHONE+DRLIC-DOB-PASSPORT,1
+PNAME+ADDRESS+PHONE+SSN+ACCT_NUM-DOB-DRLIC,1
+NAME+ADDRESS+PHONE+DRLIC-DOB-SSN,1
+SURNAME+ADDRESS+DRLIC+ACCT_NUM-DOB,1
+SURNAME+PHONE+DRLIC+ACCT_NUM-GENERATION,1
+NAME+ADDRESS+PHONE+DRLIC-DOB-SSN-DRLIC,1
+PNAME+ADDRESS+PHONE+PASSPORT+LOGIN_ID (Ambiguous),1
+DOB+ADDRESS+PHONE+SSN-GENDER,1
+SURNAME+ADDRESS+DRLIC-PASSPORT,1
+PNAME+ADDRESS+PHONE+PASSPORT+LOGIN_ID+ACCT_NUM (Ambiguous),1
+NAME+ADDRESS+PHONE+DRLIC+LOGIN_ID+ACCT_NUM,1
+NAME+ADDRESS+PHONE+DRLIC+PASSPORT+ACCT_NUM-DOB,1
+NAME+LOGIN_ID-GENDER,1
+PNAME+ADDRESS+PHONE+LOGIN_ID+ACCT_NUM,1
+SURNAME+ADDRESS+DRLIC-SSN-PASSPORT,1
+DOB+ADDRESS+PHONE+SSN+DRLIC+PASSPORT-DRLIC,1
+NAME+ADDRESS+PHONE+DRLIC+PASSPORT+ACCT_NUM-DRLIC,1
+PNAME+ADDRESS+PHONE-GENDER-SSN-PASSPORT,1
+PNAME+ADDRESS+PHONE-GENDER-SSN,1
+PNAME+ADDRESS+PHONE+DRLIC-SSN-DRLIC-PASSPORT,1
+DOB+ADDRESS+PHONE+SSN+DRLIC-DRLIC,1
+PNAME+ADDRESS+PHONE+DRLIC+PASSPORT+LOGIN_ID+ACCT_NUM (Ambiguous),1
+PNAME+ADDRESS+PHONE+DRLIC+PASSPORT+LOGIN_ID,1
+PNAME+ADDRESS+PHONE+DRLIC+PASSPORT+ACCT_NUM-DOB,1
+NAME+ADDRESS+PHONE+DRLIC+PASSPORT+ACCT_NUM-SSN-DRLIC,1
+SURNAME+PHONE+DRLIC+ACCT_NUM-SSN-DRLIC,1
+SURNAME+ADDRESS-GENERATION-DOB-GENDER-PASSPORT,1
+ACCT_NUM-DOB-GENDER-SSN-PASSPORT,1
+NAME+PHONE+LOGIN_ID+ACCT_NUM (Ambiguous),1
+PNAME+ADDRESS+PHONE+DRLIC+LOGIN_ID+ACCT_NUM (Ambiguous),1
+NAME+PHONE-GENERATION-SSN-DRLIC-PASSPORT,1
+SURNAME+ADDRESS-GENERATION-DOB-PASSPORT,1
+PNAME+ADDRESS+PHONE+DRLIC-GENDER-SSN,1
+PNAME+ADDRESS+PHONE+DRLIC-DOB-SSN-PASSPORT,1
+PNAME+ADDRESS+PHONE+DRLIC-DOB-SSN-DRLIC,1
+SURNAME+ADDRESS-GENERATION-DRLIC-PASSPORT,1
+SURNAME+ADDRESS-GENERATION-GENDER,1
+SURNAME+ADDRESS-GENERATION-GENDER-DRLIC,1
+SURNAME+ADDRESS-GENERATION-GENDER-PASSPORT,1
+PNAME+ADDRESS+PHONE+DRLIC-DOB-SSN,1
+NAME+PHONE-GENERATION-GENDER,1
+SURNAME+ADDRESS-GENERATION-PASSPORT,1
+PNAME+ADDRESS+PHONE+DRLIC-DOB-PASSPORT,1
+SURNAME+ADDRESS-GENERATION-SSN-DRLIC,1
+PNAME+ADDRESS+PHONE+DRLIC-DOB-GENDER-SSN-PASSPORT,1
+NAME+ADDRESS+PHONE+DRLIC+PASSPORT+LOGIN_ID (Ambiguous),1
+PNAME+ADDRESS+PHONE+DRLIC+ACCT_NUM-SSN,1
+SURNAME+ADDRESS+LOGIN_ID-DOB-SSN,1
+PNAME+ADDRESS+PHONE+DRLIC+ACCT_NUM-PASSPORT,1
+NAME+ADDRESS+PHONE+DRLIC+PASSPORT-SSN,1
+SURNAME+PHONE+DRLIC-PASSPORT,1
+SURNAME+ADDRESS+PASSPORT+ACCT_NUM-DOB,1
+PNAME+ADDRESS+PHONE+DRLIC+ACCT_NUM-DOB-SSN-PASSPORT,1
+SURNAME+ADDRESS+PASSPORT+ACCT_NUM-GENDER-SSN,1
+SURNAME+ADDRESS+PASSPORT+ACCT_NUM-GENERATION,1
+SURNAME+ADDRESS+PASSPORT+ACCT_NUM-SSN,1
+SURNAME+ADDRESS+PASSPORT-DRLIC,1
+SURNAME+ADDRESS+PASSPORT-GENERATION,1
+PNAME+ADDRESS+PHONE+DRLIC+ACCT_NUM-DOB-SSN,1
+NAME+DRLIC+ACCT_NUM-SSN-PASSPORT,1
+SURNAME+ADDRESS+PASSPORT-SSN,1
+DOB+ADDRESS+PHONE+PASSPORT+ACCT_NUM-GENERATION,1
+NAME+ADDRESS+PHONE-GENDER,1
+SURNAME+ADDRESS+PHONE+ACCT_NUM-DOB-PASSPORT,1
+SURNAME+ADDRESS+PHONE+ACCT_NUM-DOB-SSN-DRLIC,1
+NAME+PHONE-GENERATION-DRLIC,1
+NAME+ADDRESS+PHONE+LOGIN_ID,1
+SURNAME+ADDRESS+PHONE+ACCT_NUM-GENDER,1
+NAME+PHONE-GENERATION-DOB-SSN-DRLIC,1
+NAME+PHONE-GENERATION-DOB-SSN,1
+PNAME+ADDRESS+PHONE-DOB-SSN-DRLIC,1
+PNAME+ADDRESS+PHONE-DOB-GENDER-PASSPORT,1
+SURNAME+ADDRESS+PHONE-DOB,1
+SURNAME+ADDRESS+PHONE-DOB-DRLIC,1
+SURNAME+PHONE+DRLIC-SSN-DRLIC-PASSPORT,1
+NAME+PHONE-GENERATION-DOB-PASSPORT,1
+NAME+PHONE-GENERATION-DOB-GENDER-SSN-PASSPORT,1
+NAME+PHONE-GENERATION-DOB-GENDER-SSN,1
+ADDRESS+LOGIN_ID-DOB-GENDER-SSN,1
+PNAME+ADDRESS+PHONE-DOB-GENDER,1
+PNAME+ADDRESS+PHONE-DOB-DRLIC-PASSPORT,1
+ADDRESS+DRLIC-SSN,1
+SURNAME+ADDRESS+PHONE+DRLIC+ACCT_NUM-SSN,1
+ADDRESS+DRLIC+PASSPORT-SSN,1
+SURNAME+ADDRESS+PHONE+DRLIC (Ambiguous),1
+SURNAME+ADDRESS+PHONE+DRLIC-DOB,1
+SURNAME+ADDRESS+PHONE+DRLIC-DOB-SSN,1
+SURNAME+ADDRESS+PHONE+DRLIC-DRLIC-PASSPORT,1
+SURNAME+ADDRESS+PHONE+DRLIC-GENERATION,1
+NAME+ADDRESS+PHONE+LOGIN_ID+ACCT_NUM,1
+NAME+PHONE-GENERATION-DOB,1
+PNAME+ADDRESS+PHONE+ACCT_NUM-SSN-DRLIC-PASSPORT,1
+PNAME+ADDRESS+PHONE+ACCT_NUM-GENERATION-SSN,1
+PNAME+ADDRESS+PHONE+ACCT_NUM-DOB-SSN-PASSPORT,1
+NAME+DOB+PHONE+DRLIC+PASSPORT-SSN,1
+PNAME+ADDRESS+PHONE+ACCT_NUM-DOB-SSN,1
+PNAME+ADDRESS+PHONE+ACCT_NUM-DOB-PASSPORT,1
+SURNAME+PHONE-GENERATION,1
+SURNAME+ADDRESS+PHONE+DRLIC-SSN-DRLIC,1
+PNAME+ADDRESS+PHONE+ACCT_NUM-DOB,1
+NAME+ADDRESS+PHONE+PASSPORT+ACCT_NUM-DOB,1
+DOB+ADDRESS+PHONE+DRLIC+PASSPORT+ACCT_NUM-SSN-DRLIC,1
+PNAME+ADDRESS+PASSPORT-DOB,1
+NAME+ADDRESS+PHONE+PASSPORT+LOGIN_ID (Ambiguous),1
+PNAME+ADDRESS+PASSPORT+ACCT_NUM-GENERATION,1
+DOB+ADDRESS+PHONE+DRLIC-DRLIC,1
+SURNAME+ADDRESS+PHONE+PASSPORT+ACCT_NUM (Ambiguous),1
+SURNAME+ADDRESS+PHONE+PASSPORT+ACCT_NUM-DOB,1
+SURNAME+PHONE-GENERATION-DOB-GENDER-PASSPORT,1
+NAME+DOB+SSN-PASSPORT,1
+NAME+ADDRESS+PHONE+PASSPORT-SSN-DRLIC,1
+SURNAME+PHONE-GENERATION-DOB-GENDER-SSN-DRLIC,1
+SURNAME+PHONE-GENERATION-DOB-GENDER-SSN-DRLIC-PASSPORT,1
+NAME+DOB+PHONE+DRLIC-SSN-DRLIC,1
+NAME+ADDRESS+PHONE+SSN+ACCT_NUM-DOB-DRLIC-PASSPORT,1
+NAME+ADDRESS+PHONE+SSN+ACCT_NUM-DOB-PASSPORT,1
+SURNAME+PHONE-GENERATION-DOB-SSN,1
+NAME+DOB+PHONE-GENDER-SSN,1
+NAME+PHONE+DRLIC+PASSPORT-DOB-SSN,1
+DOB+ADDRESS+PHONE+ACCT_NUM-SSN-DRLIC,1
+PNAME+ADDRESS-GENERATION-GENDER-SSN-DRLIC-PASSPORT,1
+SURNAME+PHONE-GENERATION-GENDER-SSN-DRLIC,1
+PNAME+ADDRESS-GENERATION-GENDER-SSN-DRLIC,1
+PNAME+ADDRESS-GENERATION-DRLIC-PASSPORT,1
+SURNAME+ADDRESS+PHONE+SSN-DOB-DRLIC,1
+SURNAME+ADDRESS+PHONE-SSN-DRLIC,1
+DOB+ADDRESS+PHONE+ACCT_NUM-PASSPORT,1
+DOB+ADDRESS+PHONE+ACCT_NUM-GENDER-DRLIC,1
+DOB+ADDRESS+PHONE+ACCT_NUM-GENDER,1
+NAME+ADDRESS+PHONE+SSN+ACCT_NUM-GENERATION-DOB-PASSPORT,1
+NAME+ADDRESS+PHONE+SSN+ACCT_NUM-PASSPORT,1
+SURNAME+PHONE-GENERATION-SSN-PASSPORT,1
+NAME+ADDRESS+PHONE+SSN+ACCT_NUM-SSN,1
+PNAME+ADDRESS-GENERATION-DOB-GENDER-SSN-DRLIC,1
+SURNAME+ADDRESS+PHONE+SSN+DRLIC-DOB-DRLIC,1
+SURNAME+ADDRESS+PHONE+SSN+DRLIC-DOB-GENDER,1
+SURNAME+ADDRESS+PHONE+SSN+DRLIC-DRLIC,1
+SURNAME+ADDRESS+PHONE+SSN+DRLIC-DRLIC-PASSPORT,1
+PNAME+ADDRESS-GENERATION-DOB-GENDER-PASSPORT,1
+PNAME+ADDRESS-GENERATION-DOB-GENDER,1
+SURNAME+SSN-GENERATION-PASSPORT,1
+SURNAME+ADDRESS+PHONE-SSN-DRLIC-PASSPORT,1
+SURNAME+SSN-GENERATION-DOB-PASSPORT,1
+NAME+PHONE+DRLIC+PASSPORT+ACCT_NUM-SSN-DRLIC,1
+ADDRESS+DRLIC+PASSPORT-DRLIC,1
+SURNAME+ADDRESS+PHONE+SSN+DRLIC+PASSPORT+ACCT_NUM-DOB,1
+SURNAME+ADDRESS+PHONE+SSN+DRLIC+PASSPORT+ACCT_NUM-DRLIC,1
+SURNAME+ADDRESS+PHONE+SSN+DRLIC+PASSPORT+ACCT_NUM-GENERATION,1
+SURNAME+ADDRESS+PHONE+SSN+DRLIC+PASSPORT-DRLIC,1
+SURNAME+ADDRESS+PHONE+SSN+DRLIC+PASSPORT-GENERATION,1
+NAME+ADDRESS+PHONE+SSN-DOB-GENDER,1
+DOB+ADDRESS+PASSPORT+ACCT_NUM-SSN-DRLIC,1
+SURNAME+ADDRESS+PHONE+SSN-GENDER,1
+SURNAME+ADDRESS+PHONE+SSN-GENDER-DRLIC,1
+NAME+ADDRESS+PHONE+SSN+DRLIC+ACCT_NUM-DOB-PASSPORT,1
+ADDRESS+DRLIC-PASSPORT,1
+ADDRESS+DRLIC-GENERATION-DOB-SSN,1
+NAME+ADDRESS+PHONE+SSN+DRLIC+ACCT_NUM-PASSPORT,1
+NAME+ADDRESS+PHONE+SSN+DRLIC-DRLIC,1
+NAME+DOB+PHONE-GENERATION-SSN-PASSPORT,1
+NAME+ADDRESS+PHONE+SSN+DRLIC-DRLIC-PASSPORT,1
+SURNAME+ADDRESS+PHONE+SSN+PASSPORT+ACCT_NUM (Ambiguous),1
+SURNAME+ADDRESS+PHONE+SSN+PASSPORT+ACCT_NUM-DOB,1
+PNAME+ADDRESS+DRLIC-SSN-PASSPORT,1
+PNAME+ADDRESS+DRLIC-SSN-DRLIC-PASSPORT,1
+DOB+ADDRESS-GENERATION-SSN-DRLIC-PASSPORT,1
+DOB+ADDRESS-GENERATION-SSN-DRLIC,1
+SURNAME+ADDRESS+PHONE+SSN+PASSPORT+LOGIN_ID+ACCT_NUM-DRLIC,1
+NAME+ADDRESS+PHONE+SSN+DRLIC-GENERATION-DOB-PASSPORT,1
+NAME+ADDRESS+PHONE+SSN+DRLIC+LOGIN_ID+ACCT_NUM (Ambiguous),1
+NAME+DOB+PHONE+PASSPORT+ACCT_NUM-SSN,1
+SURNAME+ADDRESS+SSN+ACCT_NUM-DOB,1
+SURNAME+ADDRESS+SSN+ACCT_NUM-DOB-PASSPORT,1
+NAME+ADDRESS+PHONE+SSN+DRLIC+LOGIN_ID (Ambiguous),1
+SURNAME+ADDRESS+SSN+ACCT_NUM-GENERATION,1
+SURNAME+ADDRESS+SSN-DOB,1
+NAME+DOB+PHONE+PASSPORT-GENERATION,1
+PNAME+ADDRESS+DRLIC-PASSPORT,1
+DOB+ADDRESS+DRLIC-SSN-PASSPORT,1
+DOB+ADDRESS+DRLIC-SSN,1
+SURNAME+ADDRESS+SSN+DRLIC-DOB,1
+PNAME+ADDRESS+DRLIC+LOGIN_ID+ACCT_NUM (Ambiguous),1
+DOB+ADDRESS+DRLIC+PASSPORT-SSN,1
+DOB+ADDRESS+DRLIC+PASSPORT+LOGIN_ID+ACCT_NUM,1
+NAME+ADDRESS+PHONE+SSN-DRLIC-PASSPORT,1
+DOB+ADDRESS+DRLIC+PASSPORT-GENERATION,1
+SURNAME+ADDRESS+SSN+DRLIC+PASSPORT+ACCT_NUM-DRLIC,1
+SURNAME+ADDRESS+SSN+DRLIC+PASSPORT+ACCT_NUM-GENERATION,1
+PNAME+ADDRESS+DRLIC-DRLIC-PASSPORT,1
+PNAME+ADDRESS+DRLIC-DOB-SSN-PASSPORT,1
+SURNAME+ADDRESS+SSN-GENERATION,1
+DOB+ADDRESS+DRLIC+PASSPORT+ACCT_NUM-GENERATION,1
+DOB+ADDRESS+DRLIC+PASSPORT+ACCT_NUM-DRLIC,1
+NAME+PHONE+DRLIC-GENDER-SSN-PASSPORT,1
+PNAME+ADDRESS+DRLIC-DOB-SSN,1
+PNAME+ADDRESS+DRLIC-DOB-DRLIC,1
+NAME+PHONE+DRLIC-GENDER-PASSPORT,1
+SURNAME+ADDRESS+SSN+PASSPORT+ACCT_NUM-DOB,1
+SURNAME+ADDRESS+SSN+PASSPORT+ACCT_NUM-DRLIC,1
+SURNAME+PHONE+PASSPORT-SSN,1
+SURNAME+ADDRESS+SSN+PASSPORT-GENERATION,1
+PNAME+ADDRESS+DRLIC-DOB,1
+PNAME+ADDRESS+DRLIC+ACCT_NUM-SSN-PASSPORT,1
+DOB+ADDRESS+DRLIC+ACCT_NUM-SSN,1
+SURNAME+DOB+ACCT_NUM-DRLIC,1
+SURNAME+DOB+ACCT_NUM-PASSPORT,1
+ADDRESS+DRLIC-GENDER-SSN-PASSPORT,1
+SURNAME+DOB+ACCT_NUM-SSN-PASSPORT,1
+DOB+ADDRESS+DRLIC+ACCT_NUM-PASSPORT,1
+PNAME+ADDRESS+DRLIC+ACCT_NUM-DOB-SSN-PASSPORT,1
+SURNAME+DOB+ADDRESS+ACCT_NUM-DRLIC,1
+NAME+LOGIN_ID-DOB-PASSPORT,1
+NAME+ADDRESS+PHONE+SSN+DRLIC+PASSPORT-DRLIC,1
+DOB+ADDRESS+DRLIC+ACCT_NUM-DRLIC,1
+NAME+ADDRESS+PHONE+SSN+DRLIC+PASSPORT+LOGIN_ID+ACCT_NUM (Ambiguous),1
+ADDRESS+DRLIC-DRLIC,1
+SURNAME+DOB+ADDRESS+DRLIC+ACCT_NUM-SSN-DRLIC,1
+NAME+ADDRESS+PHONE+SSN+DRLIC+PASSPORT+LOGIN_ID (Ambiguous),1
+NAME+ADDRESS+PHONE+SSN-GENDER,1
+NAME+ADDRESS+PHONE+SSN-GENERATION-DOB,1
+NAME+ADDRESS+PHONE+SSN+PASSPORT+ACCT_NUM,1
+NAME+ADDRESS+PHONE+SSN-SSN,1
+NAME+ADDRESS+SSN+ACCT_NUM-DRLIC (Ambiguous),1
+SURNAME+PHONE+SSN+ACCT_NUM-DOB,1
+SURNAME+PHONE+SSN+ACCT_NUM-DOB-DRLIC,1
+NAME+DRLIC+ACCT_NUM-SSN,1
+SURNAME+DOB+ADDRESS-GENERATION,1
+NAME+ADDRESS+SSN-DOB-DRLIC,1
+PNAME+ADDRESS+ACCT_NUM-GENDER,1
+SURNAME+DOB+ADDRESS-PASSPORT,1
+PNAME+ADDRESS+ACCT_NUM-DOB-GENDER-SSN-PASSPORT,1
+DOB+ACCT_NUM-SSN-PASSPORT,1
+SURNAME+DOB+ADDRESS+PASSPORT+ACCT_NUM-DRLIC,1
+SURNAME+DOB+ADDRESS+PASSPORT-DRLIC,1
+SURNAME+DOB+ADDRESS+PASSPORT-GENDER-SSN,1
+SURNAME+DOB+ADDRESS+PASSPORT-GENERATION,1
+NAME+ADDRESS+SSN+DRLIC+ACCT_NUM-DOB-DRLIC,1
+NAME+ADDRESS+SSN+DRLIC-DOB,1
+DOB+ACCT_NUM-SSN-DRLIC-PASSPORT,1
+SURNAME+SSN-GENERATION-DOB-GENDER-PASSPORT,1
+SURNAME+DOB+ADDRESS+PHONE+ACCT_NUM (Ambiguous),1
+PNAME+ACCT_NUM-GENDER,1
+SURNAME+DOB+ADDRESS+PHONE+ACCT_NUM-DRLIC-PASSPORT,1
+NAME+ADDRESS+SSN+DRLIC-DRLIC,1
+PNAME+ACCT_NUM-DOB,1
+NAME+PHONE+DRLIC-DRLIC-PASSPORT,1
+SURNAME+DOB+ADDRESS+PHONE+ACCT_NUM-SSN-DRLIC-PASSPORT,1
+NAME+ADDRESS+SSN+DRLIC+PASSPORT+ACCT_NUM-DOB,1
+NAME+ADDRESS+SSN+DRLIC+PASSPORT-GENERATION,1
+SURNAME+SSN+PASSPORT-GENERATION,1
+NAME+ADDRESS+SSN+LOGIN_ID+ACCT_NUM (Ambiguous),1
+DOB+ACCT_NUM (Ambiguous),1
+PHONE+SSN+DRLIC+PASSPORT-DOB,1
+NAME+ADDRESS+SSN+PASSPORT+ACCT_NUM-DOB-DRLIC,1
+SURNAME+DOB+ADDRESS+PHONE+DRLIC+ACCT_NUM-SSN-PASSPORT,1
+SURNAME+DOB+ADDRESS+PHONE+DRLIC (Ambiguous),1
+SURNAME+PHONE+SSN+ACCT_NUM-GENDER-PASSPORT,1
+SURNAME+DOB+ADDRESS+PHONE+DRLIC-GENERATION,1
+DOB,1
+PHONE+SSN-DRLIC-PASSPORT,1
+SURNAME+DOB+ADDRESS+PHONE-DRLIC-PASSPORT,1
+SURNAME+DOB+ADDRESS+PHONE+DRLIC-PASSPORT,1
+ADDRESS+SSN+PASSPORT-GENDER,1
+NAME+ADDRESS+SSN-PASSPORT (Ambiguous),1
+SURNAME+PHONE+SSN+ACCT_NUM-GENERATION,1
+SURNAME+DOB+ADDRESS+PHONE+DRLIC+PASSPORT+ACCT_NUM-GENERATION-SSN,1
+SURNAME+DOB+ADDRESS+PHONE+DRLIC+PASSPORT+ACCT_NUM-SSN,1
+NAME+ADDRESS+SSN+PASSPORT-DOB,1
+PHONE+SSN+DRLIC-DRLIC,1
+SURNAME+DOB+ADDRESS+PHONE+DRLIC+PASSPORT-SSN,1
+SURNAME+DOB+ADDRESS+PHONE+DRLIC-SSN,1
+PHONE+SSN+DRLIC+ACCT_NUM-DOB-PASSPORT,1
+NAME+PHONE+DRLIC-DRLIC,1
+SURNAME+DOB+ADDRESS+PHONE-GENERATION-SSN,1
+NAME+DOB+SSN+DRLIC+PASSPORT+LOGIN_ID (Ambiguous),1
+ADDRESS+SSN+PASSPORT (Ambiguous),1
+SURNAME+DOB+ADDRESS+PHONE-PASSPORT,1
+PHONE+SSN+DRLIC+ACCT_NUM-DOB,1
+NAME+ADDRESS+SSN+PASSPORT+LOGIN_ID (Ambiguous),1
+NAME+DOB+ACCT_NUM,1
+SURNAME+DOB+ADDRESS+PHONE+PASSPORT+ACCT_NUM-GENERATION,1
+NAME+PHONE+DRLIC-DOB-SSN-PASSPORT,1
+ADDRESS+DRLIC-DOB-SSN,1
+NAME+DOB+ACCT_NUM-GENDER-SSN-PASSPORT,1
+SURNAME+DOB+ADDRESS+PHONE+PASSPORT-GENERATION,1
+SURNAME+DOB+ADDRESS+PHONE+PASSPORT-GENERATION-SSN,1
+PHONE+SSN-DOB-GENDER,1
+PHONE+SSN+ACCT_NUM-DOB-PASSPORT,1
+PHONE+SSN+ACCT_NUM-DOB-GENDER-PASSPORT,1
+SURNAME+DOB+ADDRESS+PHONE+PASSPORT-SSN-DRLIC,1
+ADDRESS+SSN+PASSPORT+ACCT_NUM-DOB,1
+PHONE+SSN+ACCT_NUM-DOB,1
+ADDRESS+SSN-GENDER-PASSPORT,1
+ADDRESS+SSN-GENDER-DRLIC,1
+ADDRESS+SSN-GENDER,1
+ADDRESS+DRLIC-DOB-GENDER-SSN-PASSPORT,1
+NAME+DOB+ADDRESS+ACCT_NUM-SSN,1
+SURNAME+DOB+ADDRESS+PHONE-SSN-DRLIC,1
+NAME+DOB+ADDRESS+ACCT_NUM-SSN-PASSPORT,1
+PHONE+PASSPORT (Ambiguous),1
+ADDRESS+SSN+DRLIC+PASSPORT-DRLIC,1
+SURNAME+PHONE+SSN+DRLIC-DOB,1
+PHONE+PASSPORT+ACCT_NUM-SSN,1
+SURNAME+PHONE+SSN+DRLIC-DRLIC,1
+NAME+PHONE+DRLIC-DOB-DRLIC-PASSPORT,1
+SURNAME+DOB+ADDRESS+PHONE+SSN+DRLIC-DRLIC,1
+NAME+DOB+ADDRESS+DRLIC-DRLIC,1
+NAME+PHONE+DRLIC-DOB-DRLIC,1
+PHONE+LOGIN_ID-SSN,1
+SURNAME+DOB+ADDRESS+PHONE-SSN-DRLIC-PASSPORT,1
+NAME+DRLIC+ACCT_NUM-PASSPORT,1
+NAME+DOB+ADDRESS+DRLIC+LOGIN_ID (Ambiguous),1
+ADDRESS+SSN+DRLIC-DOB-PASSPORT,1
+NAME+DOB+PHONE+SSN+DRLIC-DRLIC,1
+ADDRESS+DRLIC+ACCT_NUM-SSN-DRLIC,1
+SURNAME+DOB+ADDRESS+PHONE+SSN+DRLIC+PASSPORT+ACCT_NUM-GENERATION,1
+NAME+DOB+ADDRESS+DRLIC+PASSPORT+ACCT_NUM-GENERATION,1
+SURNAME+DOB+ADDRESS+PHONE+SSN+DRLIC+PASSPORT-GENERATION,1
+SURNAME+DOB+ADDRESS+PHONE+SSN+DRLIC+PASSPORT+LOGIN_ID+ACCT_NUM,1
+NAME+DRLIC-SSN-DRLIC,1
+SURNAME+PHONE+SSN+DRLIC+PASSPORT-DRLIC,1
+NAME+DOB+ADDRESS+DRLIC+PASSPORT-SSN,1
+NAME+DOB+ADDRESS+DRLIC-SSN-DRLIC,1
+NAME+DOB+ADDRESS-GENDER-DRLIC,1
+ADDRESS+SSN+DRLIC+ACCT_NUM-DRLIC,1
+ADDRESS+SSN-DOB-PASSPORT,1
+ADDRESS+SSN-DOB-GENDER-DRLIC,1
+ADDRESS+SSN-DOB-DRLIC,1
+NAME+DOB+PHONE+SSN+DRLIC+LOGIN_ID (Ambiguous),1
+NAME+DOB+ADDRESS-GENDER-PASSPORT,1
+SURNAME+DOB+ADDRESS+PHONE+SSN+PASSPORT-GENERATION,1
+NAME+DOB+ADDRESS+LOGIN_ID (Ambiguous),1
+NAME+DOB+PHONE+SSN+DRLIC-PASSPORT,1
+NAME+DOB+ADDRESS+PASSPORT-SSN-DRLIC,1
+ADDRESS+SSN (Ambiguous),1
+NAME+DOB+ADDRESS+PHONE+ACCT_NUM-PASSPORT (Ambiguous),1
+NAME+DOB+ADDRESS+PHONE+ACCT_NUM-SSN (Ambiguous),1
+PHONE-GENERATION-DOB-DRLIC-PASSPORT,1
+SURNAME+DOB+ADDRESS+SSN+ACCT_NUM-GENERATION,1
+NAME+DOB+ADDRESS+PHONE+ACCT_NUM-SSN-PASSPORT (Ambiguous),1
+NAME+DOB+ADDRESS+PHONE+DRLIC+ACCT_NUM-DRLIC (Ambiguous),1
+NAME+DOB+ADDRESS+PHONE+DRLIC+ACCT_NUM-DRLIC-PASSPORT,1
+ADDRESS+SSN+ACCT_NUM-DOB-GENDER-PASSPORT,1
+ADDRESS+SSN+ACCT_NUM-DOB-DRLIC-PASSPORT,1
+NAME+DOB+ADDRESS+PHONE+DRLIC+ACCT_NUM-SSN (Ambiguous),1
+SURNAME+DOB+ADDRESS+SSN+DRLIC+ACCT_NUM-GENDER-PASSPORT,1
+NAME+DOB+ADDRESS+PHONE+DRLIC+ACCT_NUM-SSN-PASSPORT,1
+SURNAME+DOB+ADDRESS+SSN+DRLIC-GENERATION,1
+PHONE+DRLIC+PASSPORT+LOGIN_ID+ACCT_NUM,1
+PHONE+DRLIC+PASSPORT-DOB-SSN,1
+SURNAME+DOB+ADDRESS-SSN-DRLIC-PASSPORT,1
+SURNAME+PHONE+SSN-GENDER,1
+ADDRESS+PHONE+SSN+PASSPORT+ACCT_NUM-GENDER,1
+NAME+DOB+ADDRESS+PHONE+DRLIC-GENERATION-SSN-PASSPORT,1
+PHONE+DRLIC-PASSPORT,1
+SURNAME+DOB+ADDRESS+SSN+DRLIC+PASSPORT+LOGIN_ID+ACCT_NUM,1
+SURNAME+DOB+ADDRESS+SSN-GENDER,1
+SURNAME+DOB+ADDRESS+SSN-GENERATION,1
+NAME+DOB+ADDRESS+PHONE+DRLIC+LOGIN_ID (Ambiguous),1
+NAME+DOB+ADDRESS+PHONE+DRLIC+PASSPORT+ACCT_NUM,1
+PHONE+DRLIC-DRLIC,1
+PHONE+DRLIC-DOB,1
+PHONE+DRLIC+ACCT_NUM-SSN-PASSPORT,1
+PHONE+DRLIC+ACCT_NUM-PASSPORT,1
+SURNAME+DOB+ADDRESS+SSN+PASSPORT+ACCT_NUM-DRLIC,1
+PHONE+DRLIC+ACCT_NUM-DRLIC,1
+SURNAME+PHONE+SSN-GENDER-DRLIC,1
+SURNAME+DOB+ADDRESS+SSN+PASSPORT-GENERATION,1
+PHONE+DRLIC+ACCT_NUM-DOB,1
+SURNAME+PHONE+SSN-GENERATION,1
+NAME+DOB+ADDRESS+PHONE+DRLIC+PASSPORT+LOGIN_ID (Ambiguous),1
+ADDRESS+DRLIC+ACCT_NUM-PASSPORT,1
+SURNAME+DOB+DRLIC+LOGIN_ID,1
+NAME+DOB+ADDRESS+PHONE+DRLIC-SSN-DRLIC-PASSPORT,1
+ADDRESS+DRLIC+ACCT_NUM-GENERATION,1
+ADDRESS+DRLIC+ACCT_NUM-DRLIC,1
+NAME+DOB+ADDRESS+PHONE-GENDER-PASSPORT,1
+SURNAME+DOB+DRLIC+PASSPORT+LOGIN_ID+ACCT_NUM,1
+NAME+DRLIC+PASSPORT-SSN,1
+SURNAME-DOB-GENDER-SSN,1
+SURNAME-DOB-GENDER-SSN-DRLIC-PASSPORT,1
+NAME+DOB+ADDRESS+PHONE-GENDER-SSN-DRLIC,1
+NAME+DRLIC-GENERATION-DOB,1
+SURNAME-DOB-PASSPORT,1
+ADDRESS+PHONE+SSN+DRLIC+PASSPORT+ACCT_NUM-GENDER,1
+NAME+DOB+PHONE+SSN+DRLIC+PASSPORT-GENERATION,1
+SURNAME+DOB+PASSPORT+ACCT_NUM-DRLIC,1
+SURNAME+DOB+PASSPORT+ACCT_NUM-SSN,1
+NAME+DOB+ADDRESS+PHONE-GENDER-SSN-DRLIC-PASSPORT,1
+NAME+DOB+ADDRESS+PHONE+LOGIN_ID (Ambiguous),1
+SURNAME+DOB+PASSPORT-SSN,1
+ADDRESS+PHONE+SSN+DRLIC+PASSPORT+ACCT_NUM-DOB,1
+ADDRESS+PHONE+SSN+DRLIC+PASSPORT+ACCT_NUM (Ambiguous),1
+SURNAME+DOB+PHONE+ACCT_NUM-DRLIC,1
+SURNAME+DOB+PHONE+ACCT_NUM-PASSPORT,1
+NAME+DOB+ADDRESS+PHONE+PASSPORT+ACCT_NUM-DRLIC (Ambiguous),1
+NAME+DOB+ADDRESS+PHONE+PASSPORT-GENDER,1
+NAME+DOB+PHONE+SSN+DRLIC+PASSPORT+LOGIN_ID+ACCT_NUM (Ambiguous),1
+SURNAME+PHONE+SSN+PASSPORT+ACCT_NUM-GENERATION,1
+ADDRESS+PHONE-SSN-DRLIC-PASSPORT,1
+SURNAME+DOB+PHONE+DRLIC+ACCT_NUM-SSN,1
+SURNAME+DOB+PHONE+DRLIC+ACCT_NUM-SSN-DRLIC,1
+SURNAME+DOB+PHONE+DRLIC+ACCT_NUM-SSN-PASSPORT,1
+SURNAME+DOB+PHONE+DRLIC-DRLIC,1
+PHONE+ACCT_NUM-DOB-SSN-PASSPORT,1
+SURNAME+DOB+PHONE+DRLIC+LOGIN_ID+ACCT_NUM,1
+PHONE+ACCT_NUM-DOB-PASSPORT,1
+PHONE+ACCT_NUM-DOB-GENDER-SSN-DRLIC,1
+SURNAME+DOB+PHONE+DRLIC+PASSPORT+ACCT_NUM-SSN,1
+NAME+DOB+ADDRESS+PHONE+SSN+DRLIC+ACCT_NUM-DRLIC-PASSPORT (Ambiguous),1
+SURNAME+DOB+PHONE+DRLIC+PASSPORT+LOGIN_ID+ACCT_NUM,1
+NAME+DOB+ADDRESS+PHONE+SSN+DRLIC+ACCT_NUM-PASSPORT (Ambiguous),1
+SURNAME+DOB+PHONE+DRLIC-SSN-PASSPORT,1
+SURNAME+DOB+PHONE-GENDER,1
+SURNAME+DOB+PHONE-GENDER-SSN,1
+NAME+DOB+PHONE+SSN+LOGIN_ID (Ambiguous),1
+PASSPORT-GENERATION-SSN-DRLIC,1
+PASSPORT-GENERATION-GENDER-SSN-DRLIC,1
+SURNAME+DOB+PHONE-PASSPORT,1
+ADDRESS+PHONE+SSN+DRLIC-DOB-GENDER-PASSPORT,1
+ADDRESS+PHONE+SSN+DRLIC-DOB-DRLIC-PASSPORT,1
+SURNAME+DOB+PHONE+PASSPORT+ACCT_NUM-SSN,1
+PASSPORT-GENERATION-GENDER-DRLIC,1
+PASSPORT-GENERATION-DOB-GENDER-SSN-DRLIC,1
+NAME+DOB+ADDRESS+PHONE+SSN+DRLIC-DRLIC,1
+NAME+DOB+ADDRESS+PHONE+SSN+DRLIC-DRLIC (Ambiguous),1
+NAME+DOB+ADDRESS+PHONE+SSN+DRLIC-DRLIC-PASSPORT,1
+ADDRESS+PHONE+SSN+DRLIC+ACCT_NUM-PASSPORT,1
+ADDRESS+PHONE+SSN+DRLIC+ACCT_NUM-GENDER-PASSPORT,1
+NAME+DOB+ADDRESS+PHONE+SSN-DRLIC-PASSPORT,1
+SURNAME+PHONE+SSN+PASSPORT-GENERATION,1
+SURNAME+DOB+PHONE+SSN+ACCT_NUM-PASSPORT,1
+ADDRESS+PHONE+SSN+DRLIC+ACCT_NUM-GENDER,1
+NAME+DOB+ADDRESS+PHONE+SSN+DRLIC+PASSPORT+ACCT_NUM,1
+ADDRESS+PHONE+SSN+DRLIC+ACCT_NUM-DRLIC-PASSPORT,1
+NAME+DOB+ADDRESS+PHONE+SSN-GENDER,1
+NAME+DOB+ADDRESS+PHONE+SSN-GENDER-DRLIC,1
+ADDRESS+ACCT_NUM-SSN-DRLIC,1
+ADDRESS+PHONE+SSN+DRLIC+ACCT_NUM-DOB-PASSPORT,1
+NAME+DOB+ADDRESS+PHONE+SSN+PASSPORT+LOGIN_ID (Ambiguous),1
+PASSPORT (Ambiguous),1
+PASSPORT+ACCT_NUM-SSN-DRLIC,1
+PASSPORT+ACCT_NUM-DOB,1
+NAME+PHONE+ACCT_NUM-SSN-DRLIC-PASSPORT,1
+SURNAME+DOB+PHONE+SSN+DRLIC+PASSPORT+ACCT_NUM-DRLIC,1
+NAME+DOB+ADDRESS+PHONE+SSN+PASSPORT+LOGIN_ID-GENERATION,1
+NAME+DOB+ADDRESS+SSN+ACCT_NUM,1
+NAME+SSN+PASSPORT-DOB-GENDER-DRLIC,1
+NAME+SSN+PASSPORT-DOB,1
+SURNAME+DOB+PHONE-SSN-PASSPORT,1
+NAME+PHONE+ACCT_NUM-GENERATION-DRLIC,1
+NAME+DOB+ADDRESS+SSN+DRLIC+ACCT_NUM,1
+ADDRESS+PHONE+SSN-DOB-GENDER,1
+NAME+SSN+PASSPORT+ACCT_NUM-DOB,1
+SURNAME+DOB+PHONE+SSN+PASSPORT+ACCT_NUM-DRLIC,1
+NAME+DOB+ADDRESS+SSN+DRLIC+LOGIN_ID (Ambiguous),1
+NAME+PHONE+ACCT_NUM-GENDER,1
+NAME+PHONE+ACCT_NUM-DRLIC-PASSPORT,1
+NAME+SSN-GENERATION-PASSPORT,1
+NAME+DOB+ADDRESS+SSN-DRLIC-PASSPORT,1
+NAME+SSN+DRLIC+PASSPORT+LOGIN_ID (Ambiguous),1
+SURNAME+DOB+SSN+ACCT_NUM-DRLIC,1
+SURNAME+DOB+SSN+ACCT_NUM-PASSPORT,1
+SURNAME+DOB+SSN (Ambiguous),1
+NAME+SSN+DRLIC+PASSPORT-GENERATION,1
+ADDRESS+PHONE+SSN+ACCT_NUM-DRLIC-PASSPORT,1
+NAME+SSN+DRLIC+PASSPORT+ACCT_NUM-GENERATION,1
+SURNAME+DOB+SSN+DRLIC+ACCT_NUM (Ambiguous),1
+SURNAME+DOB+SSN+DRLIC+ACCT_NUM-DRLIC,1
+NAME+SSN+DRLIC+PASSPORT+ACCT_NUM,1
+SURNAME+SSN+ACCT_NUM-DOB,1
+ADDRESS+PHONE+SSN+ACCT_NUM-DOB-GENDER-PASSPORT,1
+ADDRESS+PHONE+SSN+ACCT_NUM-DOB-GENDER,1
+SURNAME+DOB+SSN+DRLIC+PASSPORT+LOGIN_ID,1
+SURNAME+DOB+SSN+DRLIC+PASSPORT+LOGIN_ID+ACCT_NUM,1
+SURNAME+DOB+SSN-GENDER,1
+SURNAME+DOB+SSN-GENERATION,1
+SURNAME+SSN-GENERATION-DOB-GENDER,1
+NAME+SSN+DRLIC+LOGIN_ID+ACCT_NUM (Ambiguous),1
+ADDRESS+PHONE+SSN+ACCT_NUM (Ambiguous),1
+ADDRESS+PHONE+PASSPORT-SSN,1
+SURNAME+DOB+SSN+PASSPORT (Ambiguous),1
+SURNAME+DOB+SSN+PASSPORT-DRLIC,1
+SURNAME+DOB+SSN+PASSPORT+LOGIN_ID,1
+NAME+DRLIC-GENERATION-DOB-GENDER-SSN-PASSPORT,1
+ADDRESS+PHONE+PASSPORT+LOGIN_ID-DRLIC,1
+NAME+SSN+DRLIC-DRLIC,1
+SURNAME+DRLIC+ACCT_NUM-SSN,1
+ADDRESS+PHONE+PASSPORT-DOB-SSN,1
+NAME+DOB+ADDRESS+SSN+DRLIC+PASSPORT+LOGIN_ID (Ambiguous),1
+ADDRESS+PHONE+PASSPORT (Ambiguous),1
+ADDRESS+PHONE+PASSPORT+ACCT_NUM-SSN-DRLIC,1
+SURNAME+SSN+ACCT_NUM-GENERATION,1
+ADDRESS+ACCT_NUM-GENDER,1
+ADDRESS+PHONE+PASSPORT+ACCT_NUM-DOB,1
+NAME+SSN+DRLIC+ACCT_NUM-PASSPORT,1
+NAME+SSN+DRLIC+ACCT_NUM,1
+NAME+PHONE+ACCT_NUM-DOB-PASSPORT,1
+NAME+DOB+ADDRESS+SSN+PASSPORT+ACCT_NUM-GENERATION,1
+ADDRESS+ACCT_NUM-DOB-SSN-DRLIC,1
+SURNAME+DRLIC-GENERATION,1
+ADDRESS+ACCT_NUM-DOB-PASSPORT,1
+NAME+DOB+SSN+ACCT_NUM-GENERATION,1
+NAME+PASSPORT-SSN-DRLIC,1
+ACCT_NUM-SSN-DRLIC,1
+SURNAME+DRLIC-GENERATION-SSN,1
+NAME+DOB+ADDRESS+SSN+PASSPORT+LOGIN_ID (Ambiguous),1
+NAME+DRLIC+ACCT_NUM-GENERATION,1
+SURNAME-DRLIC-PASSPORT,1
+NAME+DOB+DRLIC+ACCT_NUM-GENERATION,1
+NAME+DOB+DRLIC+PASSPORT+ACCT_NUM,1
+ADDRESS+PHONE+DRLIC+PASSPORT-DRLIC,1
+NAME+PASSPORT+LOGIN_ID+ACCT_NUM (Ambiguous),1
+NAME+DOB+DRLIC+PASSPORT-GENERATION,1
+LIKELY_NAME+DOB+ADDRESS+PHONE+SSN+DRLIC+PASSPORT (Ambiguous),1
+LIKELY_NAME+DOB+ADDRESS+PHONE+SSN+PASSPORT,1
+LIKELY_NAME+DOB+ADDRESS+PHONE+SSN+PASSPORT+ACCT_NUM,1
+LIKELY_NAME+DOB+ADDRESS-SSN,1
+LIKELY_NAME+DOB+ADDRESS+PHONE+SSN+DRLIC+ACCT_NUM (Ambiguous),1
+PNAME+DOB+SSN+DRLIC-DRLIC,1
+ADDRESS+PHONE+DRLIC+PASSPORT+ACCT_NUM-DOB-GENDER-SSN,1
+PNAME+DOB+PHONE+SSN+PASSPORT+LOGIN_ID+ACCT_NUM (Ambiguous),1
+LIKELY_NAME+DOB+ADDRESS+SSN+ACCT_NUM (Ambiguous),1
+LIKELY_NAME+DOB+ADDRESS+PHONE+SSN+DRLIC,1
+PNAME+DOB+SSN-GENDER,1
+PNAME+DOB+SSN-GENDER-DRLIC,1
+LIKELY_NAME+DOB+ADDRESS+SSN+DRLIC+PASSPORT,1
+PNAME+DOB+PHONE+SSN+DRLIC+PASSPORT,1
+PNAME+DOB+PHONE+SSN-DRLIC-PASSPORT,1
+LIKELY_NAME+DOB+ADDRESS+SSN+PASSPORT+ACCT_NUM,1
+LIKELY_NAME+DOB+PHONE+PASSPORT+ACCT_NUM-DRLIC,1
+SURNAME-GENDER,1
+PNAME+DOB+SSN+PASSPORT-GENERATION,1
+PNAME-DRLIC,1
+LIKELY_NAME+DOB+ADDRESS+PHONE+SSN+ACCT_NUM,1
+SURNAME+SSN+PASSPORT-DRLIC,1
+PNAME+DRLIC+ACCT_NUM-DOB,1
+PNAME+DRLIC+ACCT_NUM-DOB-PASSPORT,1
+SURNAME-GENDER-PASSPORT,1
+LIKELY_NAME+DOB+PHONE+SSN (Ambiguous),1
+PNAME+DRLIC+ACCT_NUM-PASSPORT,1
+LIKELY_NAME+DOB+PHONE+SSN+DRLIC+ACCT_NUM,1
+ACCT_NUM-GENDER-SSN-PASSPORT,1
+LIKELY_NAME+DOB+ADDRESS+PHONE+DRLIC+PASSPORT,1
+SURNAME-GENDER-SSN-DRLIC-PASSPORT,1
+NAME+PASSPORT-GENERATION,1
+LIKELY_NAME+DOB+ADDRESS+PHONE-DRLIC,1
+LIKELY_NAME+DOB+ADDRESS+PHONE+ACCT_NUM,1
+NAME+PHONE+SSN+PASSPORT-DRLIC (Ambiguous),1
+PNAME+DRLIC-DOB-SSN-DRLIC,1
+LIKELY_NAME+DOB+ADDRESS+DRLIC+PASSPORT+LOGIN_ID+ACCT_NUM,1
+PNAME+DRLIC-DRLIC,1
+LIKELY_NAME+DOB+ADDRESS+DRLIC+PASSPORT+LOGIN_ID,1
+LIKELY_NAME+DOB+ACCT_NUM-DRLIC,1
+ADDRESS+PHONE+DRLIC-DOB-SSN-PASSPORT,1
+LIKELY_NAME+ADDRESS+SSN+LOGIN_ID,1
+NAME+DOB+DRLIC-SSN-DRLIC-PASSPORT,1
+SURNAME+SSN+DRLIC+ACCT_NUM-PASSPORT,1
+SURNAME+SSN+DRLIC-DOB-PASSPORT,1
+SURNAME+LOGIN_ID-DOB-GENDER-DRLIC-PASSPORT,1
+LIKELY_NAME+ADDRESS+SSN+DRLIC+PASSPORT+LOGIN_ID+ACCT_NUM,1
+NAME+DOB+SSN+DRLIC+ACCT_NUM,1
+PNAME+DRLIC-GENERATION-GENDER-SSN-PASSPORT,1
+PNAME+DRLIC-GENERATION-PASSPORT,1
+PNAME+DRLIC-GENERATION-SSN,1
+PNAME+DRLIC-GENERATION-SSN-PASSPORT,1
+LIKELY_NAME+ADDRESS-SSN-DRLIC,1
+LIKELY_NAME+DOB+SSN+ACCT_NUM,1
+ADDRESS+PHONE+DRLIC-DOB-DRLIC-PASSPORT,1
+NAME+PHONE+SSN+PASSPORT+ACCT_NUM-DOB,1
+PNAME+DOB+PHONE+PASSPORT-SSN,1
+PNAME+DRLIC+PASSPORT+ACCT_NUM-DOB,1
+PNAME+DOB+PHONE+PASSPORT-GENERATION,1
+LIKELY_NAME+DOB+SSN+DRLIC+PASSPORT,1
+PNAME+DOB+PHONE+PASSPORT+ACCT_NUM-SSN-DRLIC,1
+NAME+DOB+LOGIN_ID+ACCT_NUM (Ambiguous),1
+ADDRESS+PHONE+DRLIC-DOB,1
+PNAME+DRLIC-SSN-DRLIC-PASSPORT,1
+LIKELY_NAME+ADDRESS+PHONE+SSN+DRLIC+ACCT_NUM (Ambiguous),1
+PNAME-GENDER-PASSPORT,1
+LIKELY_NAME+ADDRESS+PHONE+SSN+DRLIC+ACCT_NUM,1
+NAME+DOB+PASSPORT+ACCT_NUM-SSN,1
+PNAME+DOB+PHONE+PASSPORT+ACCT_NUM-GENERATION,1
+ACCT_NUM-GENDER-PASSPORT,1
+PNAME+DOB+PHONE+LOGIN_ID-DRLIC,1
+PNAME+DOB+PHONE+LOGIN_ID (Ambiguous),1
+PNAME+LOGIN_ID-DOB-GENDER-DRLIC,1
+PNAME+LOGIN_ID-DOB-GENDER-DRLIC-PASSPORT,1
+SURNAME+SSN+PASSPORT+ACCT_NUM-DRLIC,1
+LIKELY_NAME+ADDRESS+PHONE-SSN,1
+PNAME+DOB+PHONE-GENDER-SSN-PASSPORT,1
+PNAME+DOB+PHONE-GENDER-SSN-DRLIC,1
+NAME+PHONE+SSN+DRLIC+PASSPORT+LOGIN_ID (Ambiguous),1
+LIKELY_NAME+ADDRESS+PHONE+PASSPORT+ACCT_NUM (Ambiguous),1
+PNAME+DOB+PHONE+DRLIC-SSN,1
+LIKELY_NAME+ADDRESS+PHONE-PASSPORT,1
+LIKELY_NAME+DOB+SSN+PASSPORT+ACCT_NUM (Ambiguous),1
+PNAME+DOB+PHONE+DRLIC+PASSPORT+ACCT_NUM-GENERATION,1
+LIKELY_NAME+ADDRESS+PHONE+DRLIC+ACCT_NUM (Ambiguous),1
+LIKELY_NAME+ADDRESS+PHONE+ACCT_NUM-SSN,1
+LIKELY_NAME+DRLIC-DOB-GENDER-PASSPORT,1
+LIKELY_NAME+DRLIC-DOB-SSN-PASSPORT,1
+PNAME+DOB+PHONE+DRLIC+ACCT_NUM-SSN-PASSPORT,1
+PNAME+DOB+PHONE+DRLIC+ACCT_NUM-SSN,1
+PNAME+DOB+PHONE+DRLIC+ACCT_NUM-GENDER-SSN,1
+LIKELY_NAME+ADDRESS+PASSPORT+LOGIN_ID+ACCT_NUM,1
+PNAME+LOGIN_ID-GENERATION-DOB-GENDER-SSN-PASSPORT,1
+PNAME+LOGIN_ID-GENERATION-DOB-SSN-DRLIC,1
+PNAME+DOB+PHONE+DRLIC+ACCT_NUM,1
+PNAME+LOGIN_ID-GENERATION-DRLIC-PASSPORT,1
+PNAME+LOGIN_ID-GENERATION-SSN,1
+PNAME+LOGIN_ID-GENERATION-SSN-PASSPORT,1
+LIKELY_NAME+ADDRESS+PASSPORT+LOGIN_ID,1
+LIKELY_NAME+LOGIN_ID+ACCT_NUM,1
+NAME+PHONE+SSN+DRLIC+PASSPORT+ACCT_NUM,1
+NAME+PHONE+SSN+DRLIC-PASSPORT,1
+NAME+PHONE+SSN-DRLIC-PASSPORT,1
+PNAME+DOB+PHONE+ACCT_NUM-SSN-DRLIC-PASSPORT,1
+LIKELY_NAME+LOGIN_ID-DOB-GENDER-SSN,1
+LIKELY_NAME+ADDRESS-GENDER-PASSPORT,1
+PNAME+PASSPORT+ACCT_NUM-DRLIC,1
+PNAME+PASSPORT-DOB,1
+PNAME+PASSPORT-DOB-GENDER,1
+PNAME+PASSPORT-DOB-GENDER-SSN,1
+LIKELY_NAME+LOGIN_ID-SSN,1
+PNAME+PASSPORT-DOB-SSN-DRLIC,1
+NAME+DOB+PHONE+ACCT_NUM,1
+PNAME+PASSPORT-GENDER,1
+PNAME+PASSPORT-GENDER-SSN,1
+LIKELY_NAME+ADDRESS-GENDER-DRLIC,1
+LIKELY_NAME+ADDRESS-GENDER,1
+LIKELY_NAME+PHONE+ACCT_NUM-DOB-PASSPORT,1
+PNAME+PASSPORT-SSN-DRLIC,1
+LIKELY_NAME+ADDRESS+DRLIC+PASSPORT+LOGIN_ID+ACCT_NUM,1
+LIKELY_NAME+ADDRESS+DRLIC+LOGIN_ID,1
+LIKELY_NAME+ADDRESS-DOB-SSN-PASSPORT,1
+PNAME+PHONE+ACCT_NUM-DOB-GENDER-SSN,1
+PNAME+PHONE+ACCT_NUM-DOB-PASSPORT,1
+PNAME+DOB+PASSPORT+LOGIN_ID (Ambiguous),1
+PNAME+PHONE+ACCT_NUM-GENDER-SSN,1
+PNAME+PHONE+ACCT_NUM-GENDER-SSN-PASSPORT,1
+PNAME+DOB+PASSPORT-DRLIC,1
+PNAME+PHONE+ACCT_NUM-PASSPORT,1
+LIKELY_NAME+PHONE-DOB,1
+ADDRESS+PHONE+DRLIC+ACCT_NUM-GENDER,1
+PNAME+DOB+PASSPORT+ACCT_NUM-SSN,1
+PNAME+DOB+PASSPORT+ACCT_NUM-DRLIC,1
+LIKELY_NAME+ADDRESS-DOB-GENDER-SSN-DRLIC,1
+LIKELY_NAME+PHONE-DOB-GENDER-SSN,1
+LIKELY_NAME+ADDRESS-DOB-GENDER-PASSPORT,1
+LIKELY_NAME+ADDRESS-DOB-GENDER,1
-GENERATION-SSN-PASSPORT,1
-GENERATION-SSN-DRLIC,1
+PNAME-DOB-PASSPORT,1
-GENERATION-PASSPORT,1
-GENERATION-GENDER-SSN-PASSPORT,1
-GENERATION-GENDER-SSN-DRLIC-PASSPORT,1
+LIKELY_NAME+PHONE-DOB-SSN,1
+PNAME+DOB+DRLIC+PASSPORT+ACCT_NUM-GENERATION,1
+NAME+PHONE+SSN+DRLIC+LOGIN_ID (Ambiguous),1
-GENERATION-DOB-SSN-DRLIC,1
+LIKELY_NAME+PHONE-DOB-SSN-DRLIC,1
+NAME+DRLIC+ACCT_NUM-DOB,1
+ADDRESS+PHONE+DRLIC+ACCT_NUM-DRLIC,1
-GENERATION-DOB-GENDER-SSN,1
-GENERATION-DOB-DRLIC,1
+LIKELY_NAME+PHONE+DRLIC+LOGIN_ID,1
+PNAME+PHONE+DRLIC+ACCT_NUM-PASSPORT,1
+PNAME+PHONE+DRLIC+ACCT_NUM-SSN-PASSPORT,1
+NAME+PHONE+SSN+DRLIC-DOB-PASSPORT,1
+PNAME+PHONE+DRLIC-DOB-PASSPORT,1
+PNAME+PHONE+DRLIC-DOB-SSN,1
+PNAME+PHONE+DRLIC-DRLIC,1
+PNAME+PHONE+DRLIC-DRLIC-PASSPORT,1
+PNAME-DOB-DRLIC-PASSPORT,1
+PNAME+PHONE+DRLIC+LOGIN_ID (Ambiguous),1
+DRLIC+PASSPORT+LOGIN_ID,1
+PNAME+DOB+DRLIC-GENERATION,1
+DRLIC+PASSPORT-GENERATION,1
+LIKELY_NAME+PHONE-GENDER-DRLIC,1
+PNAME+DOB+DRLIC+ACCT_NUM-SSN,1
+PNAME+PHONE+DRLIC+PASSPORT+ACCT_NUM-DRLIC,1
+PNAME+PHONE+DRLIC+PASSPORT+ACCT_NUM-GENERATION,1
+DRLIC-GENERATION-SSN-DRLIC-PASSPORT,1
+PNAME+DOB+DRLIC+ACCT_NUM-GENERATION,1
+PNAME+PHONE+DRLIC+PASSPORT-SSN-DRLIC,1
+LIKELY_NAME+PHONE-GENDER-PASSPORT,1
+DRLIC-GENERATION-GENDER-SSN-DRLIC-PASSPORT,1
+DRLIC-GENERATION-DOB-SSN-DRLIC-PASSPORT,1
+DRLIC-GENERATION-DOB-GENDER-SSN-DRLIC-PASSPORT,1
+PNAME+DOB+ADDRESS+SSN+PASSPORT+LOGIN_ID+ACCT_NUM (Ambiguous),1
+LIKELY_NAME+PHONE+LOGIN_ID+ACCT_NUM,1
+PNAME+DOB+ADDRESS+SSN-PASSPORT,1
+PNAME+DOB+ADDRESS+SSN+LOGIN_ID+ACCT_NUM (Ambiguous),1
+PNAME+DOB+ADDRESS+SSN+DRLIC+PASSPORT+LOGIN_ID+ACCT_NUM (Ambiguous),1
+LIKELY_NAME+PHONE+SSN-DRLIC,1
+PNAME+PHONE-GENERATION-DOB,1
+PNAME+DOB+ADDRESS+SSN+DRLIC+PASSPORT+ACCT_NUM-GENERATION,1
+PNAME+PHONE-GENERATION-DOB-GENDER-SSN-DRLIC,1
+PNAME+DOB+ADDRESS+SSN+DRLIC+PASSPORT+ACCT_NUM,1
+PNAME+DOB+ADDRESS+SSN+DRLIC+PASSPORT,1
+PNAME+PHONE-GENERATION-DOB-PASSPORT,1
+NAME+PHONE+SSN+DRLIC-DOB-DRLIC-PASSPORT,1
+PNAME+PHONE-GENERATION-DOB-SSN-DRLIC,1
+PNAME+PHONE-GENERATION-DOB-SSN-DRLIC-PASSPORT,1
+PNAME+DOB+ADDRESS+SSN+DRLIC-PASSPORT,1
+ACCT_NUM-GENDER,1
+PNAME+PHONE-GENERATION-GENDER-PASSPORT,1
+PNAME+DOB+ADDRESS-SSN-DRLIC-PASSPORT,1
+PNAME+PHONE-GENERATION-GENDER-SSN-DRLIC,1
+PNAME+PHONE-GENERATION-GENDER-SSN-PASSPORT,1
+PNAME+DOB+ADDRESS+SSN+DRLIC+LOGIN_ID (Ambiguous),1
+SURNAME+SSN+DRLIC+PASSPORT+ACCT_NUM-DRLIC,1
+PNAME+PHONE-GENERATION-SSN-DRLIC-PASSPORT,1
+PNAME+PHONE-GENERATION-SSN-PASSPORT,1
+PNAME+PHONE+LOGIN_ID+ACCT_NUM (Ambiguous),1
