userid,dbid,toplevel,queryid,query,plans,total_plan_time,min_plan_time,max_plan_time,mean_plan_time,stddev_plan_time,calls,total_exec_time,min_exec_time,max_exec_time,mean_exec_time,stddev_exec_time,rows,shared_blks_hit,shared_blks_read,shared_blks_dirtied,shared_blks_written,local_blks_hit,local_blks_read,local_blks_dirtied,local_blks_written,temp_blks_read,temp_blks_written,shared_blk_read_time,shared_blk_write_time,local_blk_read_time,local_blk_write_time,temp_blk_read_time,temp_blk_write_time,wal_records,wal_fpi,wal_bytes,jit_functions,jit_generation_time,jit_inlining_count,jit_inlining_time,jit_optimization_count,jit_optimization_time,jit_emission_count,jit_emission_time,jit_deform_count,jit_deform_time,stats_since,minmax_stats_since
10,16384,t,4753545376043275111,"FETCH 50 IN ""query-cursor_189""",0,0,0,0,0,0,36,0.549214,0.008804,0.041776,0.015255944444444444,0.006175526994806211,1800,0,0,0,0,0,0,0,0,0,0,0,0,0,0,0,0,0,0,0,0,0,0,0,0,0,0,0,0,0,2026-09-29 00:07:53.991357+00,2026-09-29 00:07:53.991357+00
10,16384,t,7907160407996923235,"FETCH 50 IN ""query-cursor_32""",0,0,0,0,0,0,6,0.020819,0.002904,0.004794,0.0034698333333333334,0.0006340419062561154,300,0,0,0,0,0,0,0,0,0,0,0,0,0,0,0,0,0,0,0,0,0,0,0,0,0,0,0,0,0,2026-09-28 19:49:53.651148+00,2026-09-28 19:49:53.651148+00
10,16384,t,-5182811042227697578,"FETCH 0 IN ""query-cursor_69""",0,0,0,0,0,0,1,0.004109,0.004109,0.004109,0.004109,0,0,0,0,0,0,0,0,0,0,0,0,0,0,0,0,0,0,0,0,0,0,0,0,0,0,0,0,0,0,0,2026-09-28 20:26:53.653068+00,2026-09-28 20:26:53.653068+00
10,16384,t,-7585868173961767923,"MOVE -1234 IN ""query-cursor_104""",0,0,0,0,0,0,1,0.060975,0.060975,0.060975,0.060975,0,0,0,0,0,0,0,0,0,0,0,0,0,0,0,0,0,0,0,0,0,0,0,0,0,0,0,0,0,0,0,2026-09-28 21:11:53.708342+00,2026-09-28 21:11:53.708342+00
10,16384,t,656218203824834372,"DECLARE ""query-cursor_84"" SCROLL CURSOR FOR select queryid, left(query, $1), calls, (total_plan_time + total_exec_time) as total_time from aurora_stat_statements($2) order by calls desc limit $3 FOR READ ONLY",0,0,0,0,0,0,1,0.064935,0.064935,0.064935,0.064935,0,0,0,0,0,0,0,0,0,0,0,0,0,0,0,0,0,0,0,0,0,0,0,0,0,0,0,0,0,0,0,2026-09-28 20:41:53.654141+00,2026-09-28 20:41:53.654141+00
10,16384,t,1375936080202888242,"MOVE ALL IN ""query-cursor_9""",0,0,0,0,0,0,1,0.384916,0.384916,0.384916,0.384916,0,0,0,0,0,0,0,0,0,0,0,0,0,0,0,0,0,0,0,0,0,0,0,0,0,0,0,0,0,0,0,2026-09-28 19:26:53.648915+00,2026-09-28 19:26:53.648915+00
10,16384,t,3277277287407453722,"FETCH 7 IN ""query-cursor_76""",0,0,0,0,0,0,1,0.001833,0.001833,0.001833,0.001833,0,7,0,0,0,0,0,0,0,0,0,0,0,0,0,0,0,0,0,0,0,0,0,0,0,0,0,0,0,0,0,2026-09-28 20:33:53.657305+00,2026-09-28 20:33:53.657305+00
10,16384,t,9067284154550215889,"DECLARE ""query-cursor_197"" SCROLL CURSOR FOR select queryid, left(query, $1), calls, (total_plan_time + total_exec_time) as total_time from aurora_stat_statements($2) order by calls desc limit $3 FOR READ ONLY",0,0,0,0,0,0,1,0.06092,0.06092,0.06092,0.06092,0,0,0,0,0,0,0,0,0,0,0,0,0,0,0,0,0,0,0,0,0,0,0,0,0,0,0,0,0,0,0,2026-09-29 00:23:53.663606+00,2026-09-29 00:23:53.663606+00
10,16384,t,6061517578329208932,"MOVE -1152 IN ""query-cursor_95""",0,0,0,0,0,0,1,0.150767,0.150767,0.150767,0.150767,0,0,0,0,0,0,0,0,0,0,0,0,0,0,0,0,0,0,0,0,0,0,0,0,0,0,0,0,0,0,0,2026-09-28 20:53:53.720116+00,2026-09-28 20:53:53.720116+00
10,16384,t,521363409658793437,"DECLARE ""query-cursor_154"" SCROLL CURSOR FOR select queryid, left(query, $1), calls, (total_plan_time + total_exec_time) as total_time from aurora_stat_statements($2) order by calls desc limit $3 FOR READ ONLY",0,0,0,0,0,0,1,0.078415,0.078415,0.078415,0.078415,0,0,0,0,0,0,0,0,0,0,0,0,0,0,0,0,0,0,0,0,0,0,0,0,0,0,0,0,0,0,0,2026-09-28 22:53:53.747947+00,2026-09-28 22:53:53.747947+00
10,16384,t,4126965648624377826,"FETCH 5 IN ""query-cursor_213""",0,0,0,0,0,0,1,0.00636,0.00636,0.00636,0.00636,0,5,0,0,0,0,0,0,0,0,0,0,0,0,0,0,0,0,0,0,0,0,0,0,0,0,0,0,0,0,0,2026-09-29 00:49:54.2689+00,2026-09-29 00:49:54.2689+00
10,16384,t,7735552811049340420,"MOVE -554 IN ""query-cursor_67""",0,0,0,0,0,0,1,0.013825,0.013825,0.013825,0.013825,0,0,0,0,0,0,0,0,0,0,0,0,0,0,0,0,0,0,0,0,0,0,0,0,0,0,0,0,0,0,0,2026-09-28 20:24:53.654188+00,2026-09-28 20:24:53.654188+00
10,16384,t,-5205579763302335547,"MOVE -250 IN ""query-cursor_21""",0,0,0,0,0,0,1,0.007602,0.007602,0.007602,0.007602,0,0,0,0,0,0,0,0,0,0,0,0,0,0,0,0,0,0,0,0,0,0,0,0,0,0,0,0,0,0,0,2026-09-28 19:38:53.650051+00,2026-09-28 19:38:53.650051+00
10,1,t,588360189971772035,"SELECT current_catalog, COUNT(*) FROM pg_catalog.pg_extension WHERE extname = $1",0,0,0,0,0,0,1,0.009793999999999999,0.009793999999999999,0.009793999999999999,0.009793999999999999,0,1,1,0,0,0,0,0,0,0,0,0,0,0,0,0,0,0,0,0,0,0,0,0,0,0,0,0,0,0,0,2026-09-28 19:45:00.526046+00,2026-09-28 19:45:00.526046+00
10,16384,t,-5232509561126404853,"FETCH 50 IN ""query-cursor_72""",0,0,0,0,0,0,11,0.035028000000000004,0.002801,0.005327,0.0031843636363636366,0.0006924767502138805,550,0,0,0,0,0,0,0,0,0,0,0,0,0,0,0,0,0,0,0,0,0,0,0,0,0,0,0,0,0,2026-09-28 20:29:53.654724+00,2026-09-28 20:29:53.654724+00
10,16384,t,-5819826948341780224,"MOVE ALL IN ""query-cursor_22""",0,0,0,0,0,0,1,0.531942,0.531942,0.531942,0.531942,0,0,0,0,0,0,0,0,0,0,0,0,0,0,0,0,0,0,0,0,0,0,0,0,0,0,0,0,0,0,0,2026-09-28 19:39:53.650051+00,2026-09-28 19:39:53.650051+00
10,16384,t,4654261416472406445,"FETCH 23 IN ""query-cursor_62""",0,0,0,0,0,0,1,0.002365,0.002365,0.002365,0.002365,0,23,0,0,0,0,0,0,0,0,0,0,0,0,0,0,0,0,0,0,0,0,0,0,0,0,0,0,0,0,0,2026-09-28 20:19:53.655736+00,2026-09-28 20:19:53.655736+00
16410,16412,t,-3462866171296620943,"SELECT RES_ENT_ID,LIB_FEAT_ID,FTYPE_ID,UTYPE_CODE,SUPPRESSED,OBS_ENT_CNT FROM RES_FEAT_EKEY WHERE RES_ENT_ID IN ($1,$2,$3,$4) AND FTYPE_ID IN ($5,$6,$7,$8,$9,$10,$11,$12,$13,$14,$15,$16,$17,$18)",0,0,0,0,0,0,392662,1199149.2381119938,0.038481,910.0214920000001,3.053896832675415,15.508242173008876,25842447,7326704,52432,0,0,0,0,0,0,0,0,977802.566460991,0,0,0,0,0,0,0,0,0,0,0,0,0,0,0,0,0,0,2026-09-28 20:44:54.101021+00,2026-09-28 20:44:54.101021+00
10,16384,t,8941483844233890370,"MOVE -1271 IN ""query-cursor_109""",0,0,0,0,0,0,1,0.070212,0.070212,0.070212,0.070212,0,0,0,0,0,0,0,0,0,0,0,0,0,0,0,0,0,0,0,0,0,0,0,0,0,0,0,0,0,0,0,2026-09-28 21:21:53.828818+00,2026-09-28 21:21:53.828818+00
16410,16412,t,-7157069044263877013,"INSERT INTO RES_RELATE(RES_REL_ID,MIN_RES_ENT_ID,MAX_RES_ENT_ID,IS_DISCLOSED,IS_AMBIGUOUS,LAST_ERRULE_ID,MATCH_KEY,MATCH_KEY_DETAILS,MATCH_LEVELS) VALUES ($1,$2,$3,$4,$5,$6,$7,$8,$9) ON CONFLICT DO NOTHING",0,0,0,0,0,0,4497815,12678091.211863456,0.017115000000000002,2214.043486,2.8187222488838373,14.81028912133777,4497813,42964876,148591,0,511348,0,0,0,0,0,0,3368317.199632997,34911.580130000024,0,0,0,0,0,0,0,0,0,0,0,0,0,0,0,0,0,2026-09-28 20:44:53.334025+00,2026-09-28 20:44:53.334025+00
10,16384,t,7569156694612356934,"FETCH 0 IN ""query-cursor_86""",0,0,0,0,0,0,1,0.003986,0.003986,0.003986,0.003986,0,0,0,0,0,0,0,0,0,0,0,0,0,0,0,0,0,0,0,0,0,0,0,0,0,0,0,0,0,0,0,2026-09-28 20:43:53.654331+00,2026-09-28 20:43:53.654331+00
16410,16412,t,1705775283623456936,"SELECT RES_ENT_ID,LIB_FEAT_ID,FTYPE_ID,UTYPE_CODE,SUPPRESSED,OBS_ENT_CNT FROM RES_FEAT_EKEY WHERE RES_ENT_ID IN ($1,$2) AND FTYPE_ID IN ($3,$4,$5,$6,$7,$8,$9,$10,$11,$12,$13)",0,0,0,0,0,0,63145,118410.00610400025,0.029700999999999998,415.195861,1.8752079516034563,11.925932548722331,2026101,689975,4925,0,0,0,0,0,0,0,0,96174.0932039999,0,0,0,0,0,0,0,0,0,0,0,0,0,0,0,0,0,0,2026-09-28 20:44:55.067346+00,2026-09-28 20:44:55.067346+00
10,16384,t,-5118147517829946507,"MOVE ALL IN ""query-cursor_195""",0,0,0,0,0,0,1,6.024143,6.024143,6.024143,6.024143,0,0,0,0,0,0,0,0,0,0,0,0,0,0,0,0,0,0,0,0,0,0,0,0,0,0,0,0,0,0,0,2026-09-29 00:19:53.669675+00,2026-09-29 00:19:53.669675+00
16410,16412,t,-7978125630848441870,"SELECT RES_ENT_ID,LIB_FEAT_ID,FTYPE_ID,UTYPE_CODE,SUPPRESSED,OBS_ENT_CNT FROM RES_FEAT_EKEY WHERE RES_ENT_ID IN ($1) AND FTYPE_ID IN ($2,$3,$4,$5,$6,$7,$8,$9,$10,$11,$12,$13,$14,$15,$16)",0,0,0,0,0,0,791160,579286.0169059854,0.016654,918.0937660000001,0.732198312485446,7.236923942618251,15904401,4296135,21955,0,0,0,0,0,0,0,0,434237.39590399957,0,0,0,0,0,0,0,0,0,0,0,0,0,0,0,0,0,0,2026-09-28 20:44:52.962329+00,2026-09-28 20:44:52.962329+00
16410,16412,t,1371524424184880764,"SELECT RES_ENT_ID,LIB_FEAT_ID,FTYPE_ID,UTYPE_CODE,SUPPRESSED,OBS_ENT_CNT FROM RES_FEAT_EKEY WHERE RES_ENT_ID IN ($1,$2) AND FTYPE_ID IN ($3,$4,$5,$6,$7,$8,$9,$10,$11,$12,$13,$14,$15,$16,$17,$18,$19)",0,0,0,0,0,0,491935,716723.6243529903,0.030822,670.236805,1.4569478169940953,10.306590716061603,21776022,5347850,28313,0,0,0,0,0,0,0,0,544195.4007970038,0,0,0,0,0,0,0,0,0,0,0,0,0,0,0,0,0,0,2026-09-28 20:44:53.881692+00,2026-09-28 20:44:53.881692+00
10,16384,t,5256346908748421212,"MOVE ALL IN ""query-cursor_106""",0,0,0,0,0,0,1,5.638192,5.638192,5.638192,5.638192,0,0,0,0,0,0,0,0,0,0,0,0,0,0,0,0,0,0,0,0,0,0,0,0,0,0,0,0,0,0,0,2026-09-28 21:15:53.976623+00,2026-09-28 21:15:53.976623+00
16410,16412,t,2570946914748599910,DELETE FROM RES_FEAT_EKEY WHERE ((RES_ENT_ID=$1 AND LIB_FEAT_ID=$2 AND UTYPE_CODE=$3)OR(RES_ENT_ID=$4 AND LIB_FEAT_ID=$5 AND UTYPE_CODE=$6)OR(RES_ENT_ID=$7 AND LIB_FEAT_ID=$8 AND UTYPE_CODE=$9)OR(RES_ENT_ID=$10 AND LIB_FEAT_ID=$11 AND UTYPE_CODE=$12)OR(RES_ENT_ID=$13 AND LIB_FEAT_ID=$14 AND UTYPE_CODE=$15)OR(RES_ENT_ID=$16 AND LIB_FEAT_ID=$17 AND UTYPE_CODE=$18)OR(RES_ENT_ID=$19 AND LIB_FEAT_ID=$20 AND UTYPE_CODE=$21)OR(RES_ENT_ID=$22 AND LIB_FEAT_ID=$23 AND UTYPE_CODE=$24)OR(RES_ENT_ID=$25 AND LIB_FEAT_ID=$26 AND UTYPE_CODE=$27)OR(RES_ENT_ID=$28 AND LIB_FEAT_ID=$29 AND UTYPE_CODE=$30)OR(RES_ENT_ID=$31 AND LIB_FEAT_ID=$32 AND UTYPE_CODE=$33)OR(RES_ENT_ID=$34 AND LIB_FEAT_ID=$35 AND UTYPE_CODE=$36)OR(RES_ENT_ID=$37 AND LIB_FEAT_ID=$38 AND UTYPE_CODE=$39)OR(RES_ENT_ID=$40 AND LIB_FEAT_ID=$41 AND UTYPE_CODE=$42)OR(RES_ENT_ID=$43 AND LIB_FEAT_ID=$44 AND UTYPE_CODE=$45)OR(RES_ENT_ID=$46 AND LIB_FEAT_ID=$47 AND UTYPE_CODE=$48)OR(RES_ENT_ID=$49 AND LIB_FEAT_ID=$50 AND UTYPE_CODE=$51)OR(RES_ENT_ID=$52 AND LIB_FEAT_ID=$53 AND UTYPE_CODE=$54)OR(RES_ENT_ID=$55 AND LIB_FEAT_ID=$56 AND UTYPE_CODE=$57)OR(RES_ENT_ID=$58 AND LIB_FEAT_ID=$59 AND UTYPE_CODE=$60)OR(RES_ENT_ID=$61 AND LIB_FEAT_ID=$62 AND UTYPE_CODE=$63)OR(RES_ENT_ID=$64 AND LIB_FEAT_ID=$65 AND UTYPE_CODE=$66)OR(RES_ENT_ID=$67 AND LIB_FEAT_ID=$68 AND UTYPE_CODE=$69)),0,0,0,0,0,0,21896,405697.8559459965,0.057842,441.850234,18.52840043596988,37.856278707212525,487648,2525960,3546,0,0,0,0,0,0,0,0,151090.0217799998,0,0,0,0,0,0,0,0,0,0,0,0,0,0,0,0,0,0,2026-09-28 20:44:57.308026+00,2026-09-28 20:44:57.308026+00
10,16384,t,121873202695487710,"FETCH 0 IN ""query-cursor_59""",0,0,0,0,0,0,1,0.00365,0.00365,0.00365,0.00365,0,0,0,0,0,0,0,0,0,0,0,0,0,0,0,0,0,0,0,0,0,0,0,0,0,0,0,0,0,0,0,2026-09-28 20:16:53.652285+00,2026-09-28 20:16:53.652285+00
16410,16412,t,-3859297531258174797,"SELECT f.calls - coalesce(b.calls,$1)                       AS calls,
       f.rows  - coalesce(b.rows,$2)                        AS rows,
       round(f.total_exec_time - coalesce(b.total_exec_time,$3)) AS total_ms,
       f.shared_blks_read    - coalesce(b.shared_blks_read,$4)    AS blks_read,
       f.shared_blks_written - coalesce(b.shared_blks_written,$5) AS blks_written,
       f.shared_blks_dirtied - coalesce(b.shared_blks_dirtied,$6) AS blks_dirtied,
       f.wal_bytes           - coalesce(b.wal_bytes,$7)           AS wal_bytes,
       left(f.query, $8)                                   AS query
FROM perf.snap_statement f
LEFT JOIN perf.snap_statement b
       ON b.queryid = f.queryid AND b.label=$9
WHERE f.label=$10
  AND f.total_exec_time - coalesce(b.total_exec_time,$11) > $12
ORDER BY f.total_exec_time - coalesce(b.total_exec_time,$13) DESC
LIMIT $14",0,0,0,0,0,0,1,25.033493,25.033493,25.033493,25.033493,0,25,12609,0,0,0,0,0,0,0,0,0,0,0,0,0,0,0,0,0,0,0,0,0,0,0,0,0,0,0,0,2026-09-29 01:21:06.834572+00,2026-09-29 01:21:06.834572+00
10,16384,t,-5150185012049596578,"MOVE ALL IN ""query-cursor_49""",0,0,0,0,0,0,1,1.008546,1.008546,1.008546,1.008546,0,0,0,0,0,0,0,0,0,0,0,0,0,0,0,0,0,0,0,0,0,0,0,0,0,0,0,0,0,0,0,2026-09-28 20:06:53.652525+00,2026-09-28 20:06:53.652525+00
16410,16412,t,-1309502748359952683,"SELECT RES_ENT_ID,LIB_FEAT_ID,FTYPE_ID,UTYPE_CODE,SUPPRESSED,OBS_ENT_CNT FROM RES_FEAT_EKEY WHERE RES_ENT_ID IN ($1,$2,$3,$4,$5,$6,$7,$8,$9,$10,$11,$12,$13,$14,$15,$16,$17,$18,$19,$20,$21,$22,$23,$24,$25,$26,$27,$28,$29,$30,$31,$32) AND FTYPE_ID IN ($33,$34,$35,$36,$37,$38,$39,$40,$41,$42,$43,$44,$45,$46,$47)",0,0,0,0,0,0,6833,124596.81795700018,0.27185000000000004,490.98206799999997,18.23457016786187,38.83917997604812,2725880,715727,6231,0,0,0,0,0,0,0,0,101348.55623100007,0,0,0,0,0,0,0,0,0,0,0,0,0,0,0,0,0,0,2026-09-28 20:45:19.386796+00,2026-09-28 20:45:19.386796+00
10,16384,t,-2730698344129733524,"FETCH 50 IN ""query-cursor_123""",0,0,0,0,0,0,27,0.44688900000000004,0.011305,0.02674,0.016551444444444445,0.00483230734959891,1350,0,0,0,0,0,0,0,0,0,0,0,0,0,0,0,0,0,0,0,0,0,0,0,0,0,0,0,0,0,2026-09-28 21:49:53.740895+00,2026-09-28 21:49:53.740895+00
16410,16412,t,6313861768614848832,DELETE FROM RES_FEAT_EKEY WHERE ((RES_ENT_ID=$1 AND LIB_FEAT_ID=$2 AND UTYPE_CODE=$3)OR(RES_ENT_ID=$4 AND LIB_FEAT_ID=$5 AND UTYPE_CODE=$6)OR(RES_ENT_ID=$7 AND LIB_FEAT_ID=$8 AND UTYPE_CODE=$9)OR(RES_ENT_ID=$10 AND LIB_FEAT_ID=$11 AND UTYPE_CODE=$12)OR(RES_ENT_ID=$13 AND LIB_FEAT_ID=$14 AND UTYPE_CODE=$15)OR(RES_ENT_ID=$16 AND LIB_FEAT_ID=$17 AND UTYPE_CODE=$18)OR(RES_ENT_ID=$19 AND LIB_FEAT_ID=$20 AND UTYPE_CODE=$21)OR(RES_ENT_ID=$22 AND LIB_FEAT_ID=$23 AND UTYPE_CODE=$24)OR(RES_ENT_ID=$25 AND LIB_FEAT_ID=$26 AND UTYPE_CODE=$27)OR(RES_ENT_ID=$28 AND LIB_FEAT_ID=$29 AND UTYPE_CODE=$30)OR(RES_ENT_ID=$31 AND LIB_FEAT_ID=$32 AND UTYPE_CODE=$33)OR(RES_ENT_ID=$34 AND LIB_FEAT_ID=$35 AND UTYPE_CODE=$36)OR(RES_ENT_ID=$37 AND LIB_FEAT_ID=$38 AND UTYPE_CODE=$39)OR(RES_ENT_ID=$40 AND LIB_FEAT_ID=$41 AND UTYPE_CODE=$42)OR(RES_ENT_ID=$43 AND LIB_FEAT_ID=$44 AND UTYPE_CODE=$45)OR(RES_ENT_ID=$46 AND LIB_FEAT_ID=$47 AND UTYPE_CODE=$48)OR(RES_ENT_ID=$49 AND LIB_FEAT_ID=$50 AND UTYPE_CODE=$51)OR(RES_ENT_ID=$52 AND LIB_FEAT_ID=$53 AND UTYPE_CODE=$54)OR(RES_ENT_ID=$55 AND LIB_FEAT_ID=$56 AND UTYPE_CODE=$57)OR(RES_ENT_ID=$58 AND LIB_FEAT_ID=$59 AND UTYPE_CODE=$60)OR(RES_ENT_ID=$61 AND LIB_FEAT_ID=$62 AND UTYPE_CODE=$63)OR(RES_ENT_ID=$64 AND LIB_FEAT_ID=$65 AND UTYPE_CODE=$66)OR(RES_ENT_ID=$67 AND LIB_FEAT_ID=$68 AND UTYPE_CODE=$69)OR(RES_ENT_ID=$70 AND LIB_FEAT_ID=$71 AND UTYPE_CODE=$72)OR(RES_ENT_ID=$73 AND LIB_FEAT_ID=$74 AND UTYPE_CODE=$75)OR(RES_ENT_ID=$76 AND LIB_FEAT_ID=$77 AND UTYPE_CODE=$78)OR(RES_ENT_ID=$79 AND LIB_FEAT_ID=$80 AND UTYPE_CODE=$81)OR(RES_ENT_ID=$82 AND LIB_FEAT_ID=$83 AND UTYPE_CODE=$84)OR(RES_ENT_ID=$85 AND LIB_FEAT_ID=$86 AND UTYPE_CODE=$87)),0,0,0,0,0,0,8210,184938.75084699944,0.073718,488.468668,22.526035425943903,44.56756650789197,206634,1167714,1829,0,0,0,0,0,0,0,0,79844.83545999997,0,0,0,0,0,0,0,0,0,0,0,0,0,0,0,0,0,0,2026-09-28 20:45:31.490692+00,2026-09-28 20:45:31.490692+00
10,5,t,-1342905154215104636,"SELECT E.NAME, X.EXTVERSION, X.EXTVERSION=E.DEFAULT_VERSION IS_DEFAULT_VERSION
FROM PG_CATALOG.PG_AVAILABLE_EXTENSIONS() E INNER JOIN PG_EXTENSION X ON (E.NAME=X.EXTNAME)",0,0,0,0,0,0,1,2.086821,2.086821,2.086821,2.086821,0,1,1,1,0,0,0,0,0,0,0,0,0.692114,0,0,0,0,0,0,0,0,0,0,0,0,0,0,0,0,0,0,2026-09-28 19:45:00.445344+00,2026-09-28 19:45:00.445344+00
10,16384,t,-9200803875893278089,"MOVE ALL IN ""query-cursor_109""",0,0,0,0,0,0,1,5.673193,5.673193,5.673193,5.673193,0,0,0,0,0,0,0,0,0,0,0,0,0,0,0,0,0,0,0,0,0,0,0,0,0,0,0,0,0,0,0,2026-09-28 21:21:53.828648+00,2026-09-28 21:21:53.828648+00
16410,16412,t,-5038367627767346870,"SELECT RES_ENT_ID,REL_ENT_ID,RES_REL_ID FROM RES_REL_EKEY WHERE RES_ENT_ID IN ($1,$2,$3,$4,$5,$6,$7,$8,$9,$10,$11,$12,$13,$14,$15,$16,$17,$18,$19,$20,$21,$22,$23,$24,$25,$26,$27,$28,$29,$30,$31,$32)",0,0,0,0,0,0,99,299.8652219999998,0.21003,52.654208000000004,3.0289416363636343,9.069176894726743,15114,24139,31,0,0,0,0,0,0,0,0,81.153426,0,0,0,0,0,0,0,0,0,0,0,0,0,0,0,0,0,0,2026-09-28 22:04:47.576099+00,2026-09-28 22:04:47.576099+00
10,16384,t,-482410834621602298,"FETCH 50 IN ""query-cursor_104""",0,0,0,0,0,0,24,0.41269599999999995,0.011578,0.027789,0.017195666666666665,0.00488112790642582,1200,0,0,0,0,0,0,0,0,0,0,0,0,0,0,0,0,0,0,0,0,0,0,0,0,0,0,0,0,0,2026-09-28 21:11:53.708396+00,2026-09-28 21:11:53.708396+00
10,16384,t,-852248391679385182,"select queryid, calls, (total_plan_time + total_exec_time) as total_time, rows, shared_blks_hit, shared_blks_dirtied, shared_blks_read, shared_blks_written, local_blks_hit, local_blks_dirtied, local_blks_read, local_blks_written, temp_blks_read, temp_blks_written, storage_blks_read, orcache_blks_hit, shared_blk_read_time as blk_read_time, shared_blk_write_time as blk_write_time, storage_blk_read_time, local_blk_read_time, orcache_blk_read_time, total_plan_time, total_exec_time from aurora_stat_statements($1) where queryid in ($2, $3, $4, $5, $6, $7, $8, $9, $10, $11, $12, $13, $14, $15, $16, $17, $18, $19, $20, $21, $22, $23, $24, $25, $26, $27, $28, $29, $30, $31, $32, $33, $34, $35, $36, $37, $38, $39, $40, $41, $42, $43, $44, $45, $46, $47, $48, $49, $50, $51, $52, $53, $54, $55, $56, $57, $58, $59, $60, $61, $62, $63)",0,0,0,0,0,0,6,18.402249,2.133708,5.227409,3.0670415,1.0202202515206786,378,0,0,0,0,0,0,0,0,0,0,0,0,0,0,0,0,0,0,0,0,0,0,0,0,0,0,0,0,0,2026-09-28 21:00:03.717029+00,2026-09-28 21:00:03.717029+00
10,16384,t,1410282443418497983,select $1 from rds_get_stat_connections_counters_details() limit $2,0,0,0,0,0,0,470,3.8983489999999974,0.004901,0.186502,0.00829435957446808,0.008973837764874105,470,0,0,0,0,0,0,0,0,0,0,0,0,0,0,0,0,0,0,0,0,0,0,0,0,0,0,0,0,0,2026-09-28 19:18:53.207332+00,2026-09-28 19:18:53.207332+00
10,16384,t,-8763560459016442821,"MOVE -1687 IN ""query-cursor_170""",0,0,0,0,0,0,1,0.12154,0.12154,0.12154,0.12154,0,0,0,0,0,0,0,0,0,0,0,0,0,0,0,0,0,0,0,0,0,0,0,0,0,0,0,0,0,0,0,2026-09-28 23:27:53.783394+00,2026-09-28 23:27:53.783394+00
10,16384,t,-7032599597860184240,"FETCH 50 IN ""query-cursor_139""",0,0,0,0,0,0,29,0.47361000000000003,0.012083,0.02325,0.01633137931034483,0.0036307285999463666,1450,0,0,0,0,0,0,0,0,0,0,0,0,0,0,0,0,0,0,0,0,0,0,0,0,0,0,0,0,0,2026-09-28 22:23:53.74014+00,2026-09-28 22:23:53.74014+00
10,16384,t,3384301585456168331,"MOVE ALL IN ""query-cursor_28""",0,0,0,0,0,0,1,0.67362,0.67362,0.67362,0.67362,0,0,0,0,0,0,0,0,0,0,0,0,0,0,0,0,0,0,0,0,0,0,0,0,0,0,0,0,0,0,0,2026-09-28 19:45:53.650645+00,2026-09-28 19:45:53.650645+00
10,16384,t,-2044121315814145767,"MOVE ALL IN ""query-cursor_104""",0,0,0,0,0,0,1,5.706717,5.706717,5.706717,5.706717,0,0,0,0,0,0,0,0,0,0,0,0,0,0,0,0,0,0,0,0,0,0,0,0,0,0,0,0,0,0,0,2026-09-28 21:11:53.708193+00,2026-09-28 21:11:53.708193+00
16410,16412,t,-6655075994656063015,"UPDATE RES_FEAT_EKEY AS T SET SUPPRESSED=C.SUPPRESSED,OBS_ENT_CNT=C.OBS_ENT_CNT FROM (VALUES (CAST ($1 AS BIGINT),CAST ($2 AS BIGINT),$3,$4,CAST ($5 AS BIGINT)),(CAST ($6 AS BIGINT),CAST ($7 AS BIGINT),$8,$9,CAST ($10 AS BIGINT)),(CAST ($11 AS BIGINT),CAST ($12 AS BIGINT),$13,$14,CAST ($15 AS BIGINT)),(CAST ($16 AS BIGINT),CAST ($17 AS BIGINT),$18,$19,CAST ($20 AS BIGINT)),(CAST ($21 AS BIGINT),CAST ($22 AS BIGINT),$23,$24,CAST ($25 AS BIGINT)),(CAST ($26 AS BIGINT),CAST ($27 AS BIGINT),$28,$29,CAST ($30 AS BIGINT))) AS C(RES_ENT_ID,LIB_FEAT_ID,UTYPE_CODE,SUPPRESSED,OBS_ENT_CNT) WHERE C.RES_ENT_ID=T.RES_ENT_ID AND C.LIB_FEAT_ID=T.LIB_FEAT_ID AND C.UTYPE_CODE=T.UTYPE_CODE",0,0,0,0,0,0,371121,3703860.6417931593,0.062989,1674.756351,9.98019686784946,27.141983186870117,2226725,29237242,61492,0,6388,0,0,0,0,0,0,1377108.635882994,454.27510600000005,0,0,0,0,0,0,0,0,0,0,0,0,0,0,0,0,0,2026-09-28 20:44:57.686902+00,2026-09-28 20:44:57.686902+00
10,16384,t,-4815805865806046020,"FETCH 0 IN ""query-cursor_178""",0,0,0,0,0,0,1,0.00752,0.00752,0.00752,0.00752,0,0,0,0,0,0,0,0,0,0,0,0,0,0,0,0,0,0,0,0,0,0,0,0,0,0,0,0,0,0,0,2026-09-28 23:45:53.663209+00,2026-09-28 23:45:53.663209+00
10,16384,t,-5611796700468120438,"MOVE ALL IN ""query-cursor_11""",0,0,0,0,0,0,1,0.452283,0.452283,0.452283,0.452283,0,0,0,0,0,0,0,0,0,0,0,0,0,0,0,0,0,0,0,0,0,0,0,0,0,0,0,0,0,0,0,2026-09-28 19:28:53.649114+00,2026-09-28 19:28:53.649114+00
10,16384,t,3292271664127521606,"FETCH 38 IN ""query-cursor_118""",0,0,0,0,0,0,1,0.011042,0.011042,0.011042,0.011042,0,38,0,0,0,0,0,0,0,0,0,0,0,0,0,0,0,0,0,0,0,0,0,0,0,0,0,0,0,0,0,2026-09-28 21:39:53.759045+00,2026-09-28 21:39:53.759045+00
10,16384,t,5989687262346129393,"FETCH 43 IN ""query-cursor_49""",0,0,0,0,0,0,1,0.002833,0.002833,0.002833,0.002833,0,43,0,0,0,0,0,0,0,0,0,0,0,0,0,0,0,0,0,0,0,0,0,0,0,0,0,0,0,0,0,2026-09-28 20:06:53.654266+00,2026-09-28 20:06:53.654266+00
10,16384,t,3400108112990844197,"FETCH 50 IN ""query-cursor_214""",0,0,0,0,0,0,39,0.6082059999999999,0.007877,0.036651,0.015595025641025639,0.006072376012339815,1950,0,0,0,0,0,0,0,0,0,0,0,0,0,0,0,0,0,0,0,0,0,0,0,0,0,0,0,0,0,2026-09-29 00:51:53.756459+00,2026-09-29 00:51:53.756459+00
16410,16412,t,6828237854747006356,"SELECT dr.record_id, oe.obs_ent_id, reo.res_ent_id
FROM   dsrc_record dr
LEFT JOIN obs_ent oe       ON dr.dsrc_id = oe.dsrc_id AND dr.ent_src_key = oe.ent_src_key
LEFT JOIN res_ent_okey reo ON oe.obs_ent_id = reo.obs_ent_id
WHERE  reo.res_ent_id IS NULL",0,0,0,0,0,0,1,90867.266998,90867.266998,90867.266998,90867.266998,0,1,77279240,645549,0,0,0,0,0,0,685083,692088,159192.97468,0,0,0,998.035109,1204.57005,0,0,0,0,0,0,0,0,0,0,0,0,0,2026-09-29 01:22:38.612033+00,2026-09-29 01:22:38.612033+00
10,16384,t,7892838506986507863,"SELECT COALESCE((pg_current_wal_lsn() - restart_lsn), $1) AS lsn_distance FROM pg_catalog.pg_replication_slots ORDER BY lsn_distance DESC LIMIT $2",0,0,0,0,0,0,367,4.916193999999998,0.007889,0.035408999999999996,0.01339562397820163,0.00373095221648762,0,6,0,0,0,0,0,0,0,0,0,0,0,0,0,0,0,0,0,0,0,0,0,0,0,0,0,0,0,0,2026-09-28 19:17:03.566605+00,2026-09-28 19:17:03.566605+00
10,16384,t,8292006199891031355,"MOVE -456 IN ""query-cursor_51""",0,0,0,0,0,0,1,0.011657,0.011657,0.011657,0.011657,0,0,0,0,0,0,0,0,0,0,0,0,0,0,0,0,0,0,0,0,0,0,0,0,0,0,0,0,0,0,0,2026-09-28 20:08:53.652772+00,2026-09-28 20:08:53.652772+00
10,16384,t,-5850875200163805650,"MOVE ALL IN ""query-cursor_19""",0,0,0,0,0,0,1,0.522357,0.522357,0.522357,0.522357,0,0,0,0,0,0,0,0,0,0,0,0,0,0,0,0,0,0,0,0,0,0,0,0,0,0,0,0,0,0,0,2026-09-28 19:36:53.649803+00,2026-09-28 19:36:53.649803+00
16410,16412,t,8237086915824623385,"SELECT RES_ENT_ID,LIB_FEAT_ID,FTYPE_ID,UTYPE_CODE,SUPPRESSED,OBS_ENT_CNT FROM RES_FEAT_EKEY WHERE RES_ENT_ID IN ($1,$2,$3,$4,$5,$6,$7,$8,$9,$10,$11,$12,$13,$14,$15,$16) AND FTYPE_ID IN ($17,$18,$19,$20,$21,$22,$23,$24,$25)",0,0,0,0,0,0,1953,17812.45647199999,0.093516,300.252364,9.12056142959549,24.818777411120678,284303,114166,881,0,0,0,0,0,0,0,0,14350.408629000003,0,0,0,0,0,0,0,0,0,0,0,0,0,0,0,0,0,0,2026-09-28 20:45:02.53477+00,2026-09-28 20:45:02.53477+00
16410,16412,t,-5787218782907765817,"SELECT RES_ENT_ID,REL_ENT_ID,RES_REL_ID FROM RES_REL_EKEY WHERE RES_ENT_ID IN ($1,$2,$3,$4)",0,0,0,0,0,0,1125961,402446.4973569848,0.014202000000000001,707.9150400000001,0.35742489958087786,5.0074689007877335,11100935,27920483,17347,0,0,0,0,0,0,0,0,205405.5198580006,0,0,0,0,0,0,0,0,0,0,0,0,0,0,0,0,0,0,2026-09-28 20:44:58.911673+00,2026-09-28 20:44:58.911673+00
10,16384,t,8617366544321588168,"FETCH 0 IN ""query-cursor_27""",0,0,0,0,0,0,1,0.003747,0.003747,0.003747,0.003747,0,0,0,0,0,0,0,0,0,0,0,0,0,0,0,0,0,0,0,0,0,0,0,0,0,0,0,0,0,0,0,2026-09-28 19:44:53.649897+00,2026-09-28 19:44:53.649897+00
16410,16412,t,7468601652027717050,"UPDATE OBS_ENT SET LOCKING_ID=LOCKING_ID+$3,LOCK_DSRC_ACTION=$1 WHERE OBS_ENT_ID IN ($2)",0,0,0,0,0,0,29708284,91871682.9617135,0.012703,1209.227742,3.0924601017586033,23.81066875970984,29708284,270832816,402919,0,624945,0,0,0,0,0,0,6467875.379267786,17369.866635000002,0,0,0,0,0,0,0,0,0,0,0,0,0,0,0,0,0,2026-09-28 20:44:52.396818+00,2026-09-28 20:44:52.396818+00
10,16384,t,1663689035991916697,"MOVE ALL IN ""query-cursor_134""",0,0,0,0,0,0,1,7.194679,7.194679,7.194679,7.194679,0,0,0,0,0,0,0,0,0,0,0,0,0,0,0,0,0,0,0,0,0,0,0,0,0,0,0,0,0,0,0,2026-09-28 22:13:54.072608+00,2026-09-28 22:13:54.072608+00
10,16384,t,317194031932046838,"MOVE -1878 IN ""query-cursor_200""",0,0,0,0,0,0,1,0.114408,0.114408,0.114408,0.114408,0,0,0,0,0,0,0,0,0,0,0,0,0,0,0,0,0,0,0,0,0,0,0,0,0,0,0,0,0,0,0,2026-09-29 00:27:53.673019+00,2026-09-29 00:27:53.673019+00
10,16384,t,2282963147688629688,"DECLARE ""query-cursor_137"" SCROLL CURSOR FOR select queryid, left(query, $1), calls, (total_plan_time + total_exec_time) as total_time from aurora_stat_statements($2) order by calls desc limit $3 FOR READ ONLY",0,0,0,0,0,0,1,0.083625,0.083625,0.083625,0.083625,0,0,0,0,0,0,0,0,0,0,0,0,0,0,0,0,0,0,0,0,0,0,0,0,0,0,0,0,0,0,0,2026-09-28 22:19:53.814513+00,2026-09-28 22:19:53.814513+00
10,16384,t,5710808941202523497,"FETCH 0 IN ""query-cursor_72""",0,0,0,0,0,0,1,0.003395,0.003395,0.003395,0.003395,0,0,0,0,0,0,0,0,0,0,0,0,0,0,0,0,0,0,0,0,0,0,0,0,0,0,0,0,0,0,0,2026-09-28 20:29:53.653292+00,2026-09-28 20:29:53.653292+00
10,16384,t,5614436234439998196,"FETCH 0 IN ""query-cursor_63""",0,0,0,0,0,0,1,0.004682,0.004682,0.004682,0.004682,0,0,0,0,0,0,0,0,0,0,0,0,0,0,0,0,0,0,0,0,0,0,0,0,0,0,0,0,0,0,0,2026-09-28 20:20:53.652563+00,2026-09-28 20:20:53.652563+00
10,16384,t,7811337948684498324,"MOVE ALL IN ""query-cursor_119""",0,0,0,0,0,0,1,5.0705,5.0705,5.0705,5.0705,0,0,0,0,0,0,0,0,0,0,0,0,0,0,0,0,0,0,0,0,0,0,0,0,0,0,0,0,0,0,0,2026-09-28 21:41:53.762504+00,2026-09-28 21:41:53.762504+00
16410,16412,t,-3834686691997993645,"INSERT INTO RES_REL_EKEY(RES_REL_ID,RES_ENT_ID,REL_ENT_ID) VALUES ($1,$2,$3),($4,$5,$6),($7,$8,$9),($10,$11,$12),($13,$14,$15),($16,$17,$18),($19,$20,$21),($22,$23,$24),($25,$26,$27),($28,$29,$30),($31,$32,$33),($34,$35,$36),($37,$38,$39),($40,$41,$42),($43,$44,$45),($46,$47,$48),($49,$50,$51),($52,$53,$54),($55,$56,$57),($58,$59,$60),($61,$62,$63),($64,$65,$66),($67,$68,$69),($70,$71,$72),($73,$74,$75),($76,$77,$78),($79,$80,$81),($82,$83,$84),($85,$86,$87),($88,$89,$90),($91,$92,$93),($94,$95,$96),($97,$98,$99) ON CONFLICT DO NOTHING",0,0,0,0,0,0,25,795.8038930000001,0.634061,190.82655300000002,31.832155720000006,48.374659198524235,811,7620,3,0,9,0,0,0,0,0,0,63.736416999999996,2.823258,0,0,0,0,0,0,0,0,0,0,0,0,0,0,0,0,0,2026-09-28 21:48:19.964099+00,2026-09-28 21:48:19.964099+00
16410,16412,t,-1603778486683057469,DELETE FROM RES_FEAT_EKEY WHERE ((RES_ENT_ID=$1 AND LIB_FEAT_ID=$2 AND UTYPE_CODE=$3)OR(RES_ENT_ID=$4 AND LIB_FEAT_ID=$5 AND UTYPE_CODE=$6)OR(RES_ENT_ID=$7 AND LIB_FEAT_ID=$8 AND UTYPE_CODE=$9)OR(RES_ENT_ID=$10 AND LIB_FEAT_ID=$11 AND UTYPE_CODE=$12)OR(RES_ENT_ID=$13 AND LIB_FEAT_ID=$14 AND UTYPE_CODE=$15)OR(RES_ENT_ID=$16 AND LIB_FEAT_ID=$17 AND UTYPE_CODE=$18)OR(RES_ENT_ID=$19 AND LIB_FEAT_ID=$20 AND UTYPE_CODE=$21)),0,0,0,0,0,0,4450,6487.20495200001,0.015071000000000001,172.76980799999998,1.4577988656179799,7.779976847878705,8356,134372,74,0,0,0,0,0,0,0,0,1401.2941110000004,0,0,0,0,0,0,0,0,0,0,0,0,0,0,0,0,0,0,2026-09-28 20:47:48.908067+00,2026-09-28 20:47:48.908067+00
10,16384,t,-880529480321919995,"DECLARE ""query-cursor_42"" SCROLL CURSOR FOR select queryid, left(query, $1), calls, (total_plan_time + total_exec_time) as total_time from aurora_stat_statements($2) order by calls desc limit $3 FOR READ ONLY",0,0,0,0,0,0,1,0.068152,0.068152,0.068152,0.068152,0,0,0,0,0,0,0,0,0,0,0,0,0,0,0,0,0,0,0,0,0,0,0,0,0,0,0,0,0,0,0,2026-09-28 19:59:53.650952+00,2026-09-28 19:59:53.650952+00
16410,16412,t,-1641919647232227451,"SELECT OBS_ENT_ID,RES_ENT_ID FROM RES_ENT_OKEY WHERE RES_ENT_ID IN ($1,$2,$3,$4,$5,$6,$7,$8)",0,0,0,0,0,0,18053,2964.7283319999983,0.018555000000000002,62.244366,0.16422358234088508,1.4543497118542443,124596,562961,0,0,0,0,0,0,0,0,0,0,0,0,0,0,0,0,0,0,0,0,0,0,0,0,0,0,0,0,2026-09-28 20:49:39.575337+00,2026-09-28 20:49:39.575337+00
10,16384,t,7348972131376695928,"DECLARE ""query-cursor_53"" SCROLL CURSOR FOR select queryid, left(query, $1), calls, (total_plan_time + total_exec_time) as total_time from aurora_stat_statements($2) order by calls desc limit $3 FOR READ ONLY",0,0,0,0,0,0,1,0.062964,0.062964,0.062964,0.062964,0,0,0,0,0,0,0,0,0,0,0,0,0,0,0,0,0,0,0,0,0,0,0,0,0,0,0,0,0,0,0,2026-09-28 20:10:53.651729+00,2026-09-28 20:10:53.651729+00
10,16384,t,-5893136484037934877,"MOVE ALL IN ""query-cursor_42""",0,0,0,0,0,0,1,0.963515,0.963515,0.963515,0.963515,0,0,0,0,0,0,0,0,0,0,0,0,0,0,0,0,0,0,0,0,0,0,0,0,0,0,0,0,0,0,0,2026-09-28 19:59:53.652001+00,2026-09-28 19:59:53.652001+00
10,16384,t,3158961811245206956,"FETCH 50 IN ""query-cursor_39""",0,0,0,0,0,0,7,0.0248,0.002904,0.00575,0.0035428571428571427,0.0009166333475700906,350,0,0,0,0,0,0,0,0,0,0,0,0,0,0,0,0,0,0,0,0,0,0,0,0,0,0,0,0,0,2026-09-28 19:56:53.65177+00,2026-09-28 19:56:53.65177+00
10,16384,t,-9099247610155177115,"MOVE ALL IN ""query-cursor_215""",0,0,0,0,0,0,1,8.601396,8.601396,8.601396,8.601396,0,0,0,0,0,0,0,0,0,0,0,0,0,0,0,0,0,0,0,0,0,0,0,0,0,0,0,0,0,0,0,2026-09-29 00:53:53.719099+00,2026-09-29 00:53:53.719099+00
10,16384,t,3024623327220648842,"FETCH 36 IN ""query-cursor_131""",0,0,0,0,0,0,1,0.011883,0.011883,0.011883,0.011883,0,36,0,0,0,0,0,0,0,0,0,0,0,0,0,0,0,0,0,0,0,0,0,0,0,0,0,0,0,0,0,2026-09-28 22:05:54.031911+00,2026-09-28 22:05:54.031911+00
16410,16412,t,-2778453929107523783,"INSERT INTO RES_REL_EKEY(RES_REL_ID,RES_ENT_ID,REL_ENT_ID) VALUES ($1,$2,$3),($4,$5,$6),($7,$8,$9),($10,$11,$12),($13,$14,$15) ON CONFLICT DO NOTHING",0,0,0,0,0,0,3,23.256486,0.136114,22.907166,7.752161999999999,10.716252313631788,15,150,0,0,0,0,0,0,0,0,0,0,0,0,0,0,0,0,0,0,0,0,0,0,0,0,0,0,0,0,2026-09-28 23:24:49.675536+00,2026-09-28 23:24:49.675536+00
10,16384,t,774750529559243702,"MOVE -1702 IN ""query-cursor_172""",0,0,0,0,0,0,1,0.188056,0.188056,0.188056,0.188056,0,0,0,0,0,0,0,0,0,0,0,0,0,0,0,0,0,0,0,0,0,0,0,0,0,0,0,0,0,0,0,2026-09-28 23:33:53.963026+00,2026-09-28 23:33:53.963026+00
10,16384,t,3979454819405355482,"MOVE ALL IN ""query-cursor_168""",0,0,0,0,0,0,1,290.555206,290.555206,290.555206,290.555206,0,0,0,0,0,0,0,0,0,0,0,0,0,0,0,0,0,0,0,0,0,0,0,0,0,0,0,0,0,0,0,2026-09-28 23:23:54.142617+00,2026-09-28 23:23:54.142617+00
10,16384,t,9157720300389760248,"MOVE -62 IN ""query-cursor_1""",0,0,0,0,0,0,1,0.003653,0.003653,0.003653,0.003653,0,0,0,0,0,0,0,0,0,0,0,0,0,0,0,0,0,0,0,0,0,0,0,0,0,0,0,0,0,0,0,2026-09-28 19:18:53.645744+00,2026-09-28 19:18:53.645744+00
10,16384,t,8903337847340649253,"FETCH 26 IN ""query-cursor_176""",0,0,0,0,0,0,1,0.009283,0.009283,0.009283,0.009283,0,26,0,0,0,0,0,0,0,0,0,0,0,0,0,0,0,0,0,0,0,0,0,0,0,0,0,0,0,0,0,2026-09-28 23:41:53.910632+00,2026-09-28 23:41:53.910632+00
16410,16412,t,-8417591579450839057,"SELECT RES_ENT_ID,ENT_STATE,LOCKING_ID FROM RES_ENT WHERE RES_ENT_ID IN ($1,$2,$3,$4,$5,$6,$7,$8,$9,$10,$11,$12,$13,$14,$15,$16,$17,$18,$19,$20,$21,$22,$23,$24,$25,$26,$27,$28,$29,$30,$31,$32)",0,0,0,0,0,0,159834,214586.53018299726,0.07023499999999999,122.111182,1.3425587183139835,5.402764116551237,3097830,12414865,2,0,0,0,0,0,0,0,0,177.30703499999998,0,0,0,0,0,0,0,0,0,0,0,0,0,0,0,0,0,0,2026-09-28 20:45:19.384332+00,2026-09-28 20:45:19.384332+00
10,16384,t,2503709124641067724,"FETCH 37 IN ""query-cursor_81""",0,0,0,0,0,0,1,0.003476,0.003476,0.003476,0.003476,0,37,0,0,0,0,0,0,0,0,0,0,0,0,0,0,0,0,0,0,0,0,0,0,0,0,0,0,0,0,0,2026-09-28 20:38:53.65776+00,2026-09-28 20:38:53.65776+00
16410,16412,t,-5788571373128452192,"UPDATE RES_FEAT_EKEY AS T SET SUPPRESSED = C.SUPPRESSED FROM (VALUES (CAST ($1 AS BIGINT),CAST ($2 AS BIGINT),$3,$4),(CAST ($5 AS BIGINT),CAST ($6 AS BIGINT),$7,$8),(CAST ($9 AS BIGINT),CAST ($10 AS BIGINT),$11,$12),(CAST ($13 AS BIGINT),CAST ($14 AS BIGINT),$15,$16),(CAST ($17 AS BIGINT),CAST ($18 AS BIGINT),$19,$20),(CAST ($21 AS BIGINT),CAST ($22 AS BIGINT),$23,$24),(CAST ($25 AS BIGINT),CAST ($26 AS BIGINT),$27,$28),(CAST ($29 AS BIGINT),CAST ($30 AS BIGINT),$31,$32),(CAST ($33 AS BIGINT),CAST ($34 AS BIGINT),$35,$36),(CAST ($37 AS BIGINT),CAST ($38 AS BIGINT),$39,$40),(CAST ($41 AS BIGINT),CAST ($42 AS BIGINT),$43,$44),(CAST ($45 AS BIGINT),CAST ($46 AS BIGINT),$47,$48),(CAST ($49 AS BIGINT),CAST ($50 AS BIGINT),$51,$52),(CAST ($53 AS BIGINT),CAST ($54 AS BIGINT),$55,$56),(CAST ($57 AS BIGINT),CAST ($58 AS BIGINT),$59,$60),(CAST ($61 AS BIGINT),CAST ($62 AS BIGINT),$63,$64),(CAST ($65 AS BIGINT),CAST ($66 AS BIGINT),$67,$68),(CAST ($69 AS BIGINT),CAST ($70 AS BIGINT),$71,$72)) AS C(RES_ENT_ID,LIB_FEAT_ID,UTYPE_CODE,SUPPRESSED) WHERE C.RES_ENT_ID=T.RES_ENT_ID AND C.LIB_FEAT_ID=T.LIB_FEAT_ID AND C.UTYPE_CODE=T.UTYPE_CODE",0,0,0,0,0,0,187150,2107298.633398013,0.141129,1274.2205150000002,11.259944608057777,33.51135475983503,3368700,30433305,6482,0,8432,0,0,0,0,0,0,161487.1075919996,438.4126740000009,0,0,0,0,0,0,0,0,0,0,0,0,0,0,0,0,0,2026-09-28 20:45:19.680613+00,2026-09-28 20:45:19.680613+00
10,16384,t,4515372764596033875,create extension pg_stat_statements,0,0,0,0,0,0,1,112.381711,112.381711,112.381711,112.381711,0,0,3375,83,0,10,0,0,0,0,0,0,84.17871,0.039052,0,0,0,0,0,0,0,0,0,0,0,0,0,0,0,0,0,2026-09-28 19:18:53.135653+00,2026-09-28 19:18:53.135653+00
10,16384,t,-2394983508887237104,"MOVE ALL IN ""query-cursor_175""",0,0,0,0,0,0,1,6.939614,6.939614,6.939614,6.939614,0,0,0,0,0,0,0,0,0,0,0,0,0,0,0,0,0,0,0,0,0,0,0,0,0,0,0,0,0,0,0,2026-09-28 23:39:53.68926+00,2026-09-28 23:39:53.68926+00
10,16384,t,5515528088930728582,"MOVE ALL IN ""query-cursor_169""",0,0,0,0,0,0,1,8.756098,8.756098,8.756098,8.756098,0,0,0,0,0,0,0,0,0,0,0,0,0,0,0,0,0,0,0,0,0,0,0,0,0,0,0,0,0,0,0,2026-09-28 23:25:53.888336+00,2026-09-28 23:25:53.888336+00
10,16384,t,-1601715377233101799,"MOVE -1839 IN ""query-cursor_194""",0,0,0,0,0,0,1,0.043039,0.043039,0.043039,0.043039,0,0,0,0,0,0,0,0,0,0,0,0,0,0,0,0,0,0,0,0,0,0,0,0,0,0,0,0,0,0,0,2026-09-29 00:17:53.66862+00,2026-09-29 00:17:53.66862+00
10,16384,t,8005730387992086667,"DECLARE ""query-cursor_152"" SCROLL CURSOR FOR select queryid, left(query, $1), calls, (total_plan_time + total_exec_time) as total_time from aurora_stat_statements($2) order by calls desc limit $3 FOR READ ONLY",0,0,0,0,0,0,1,0.080916,0.080916,0.080916,0.080916,0,0,0,0,0,0,0,0,0,0,0,0,0,0,0,0,0,0,0,0,0,0,0,0,0,0,0,0,0,0,0,2026-09-28 22:49:53.916135+00,2026-09-28 22:49:53.916135+00
10,16384,t,-3028090953104853869,"FETCH 50 IN ""query-cursor_227""",0,0,0,0,0,0,40,0.151352,0.002764,0.007015,0.0037837999999999995,0.0010953976492580214,2000,0,0,0,0,0,0,0,0,0,0,0,0,0,0,0,0,0,0,0,0,0,0,0,0,0,0,0,0,0,2026-09-29 01:16:53.671098+00,2026-09-29 01:16:53.671098+00
10,16384,t,-5957733108442488296,"DECLARE ""query-cursor_230"" SCROLL CURSOR FOR select queryid, left(query, $1), calls, (total_plan_time + total_exec_time) as total_time from aurora_stat_statements($2) order by calls desc limit $3 FOR READ ONLY",0,0,0,0,0,0,1,0.066547,0.066547,0.066547,0.066547,0,0,0,0,0,0,0,0,0,0,0,0,0,0,0,0,0,0,0,0,0,0,0,0,0,0,0,0,0,0,0,2026-09-29 01:19:53.66627+00,2026-09-29 01:19:53.66627+00
10,16384,t,-4705501296790144833,"FETCH 50 IN ""query-cursor_138""",0,0,0,0,0,0,29,0.5585930000000001,0.011407,0.044638,0.0192618275862069,0.007466105189080275,1450,0,0,0,0,0,0,0,0,0,0,0,0,0,0,0,0,0,0,0,0,0,0,0,0,0,0,0,0,0,2026-09-28 22:21:54.011272+00,2026-09-28 22:21:54.011272+00
16410,16412,t,4243341905726445606,"SELECT RES_ENT_ID,LIB_FEAT_ID,FTYPE_ID,UTYPE_CODE,SUPPRESSED,OBS_ENT_CNT FROM RES_FEAT_EKEY WHERE RES_ENT_ID IN ($1) AND FTYPE_ID IN ($2,$3,$4,$5,$6,$7,$8,$9,$10,$11,$12,$13,$14,$15,$16,$17,$18,$19,$20,$21,$22,$23,$24,$25,$26,$27,$28,$29,$30,$31,$32,$33,$34,$35,$36,$37,$38,$39,$40,$41,$42,$43,$44,$45,$46,$47,$48,$49,$50,$51,$52,$53,$54,$55,$56,$57,$58,$59,$60,$61)",0,0,0,0,0,0,191289,28097.306489000115,0.006146,104.78280099999999,0.1468840680279583,1.7688850273413157,1352330,1037045,0,0,0,0,0,0,0,0,0,0,0,0,0,0,0,0,0,0,0,0,0,0,0,0,0,0,0,0,2026-09-28 20:45:28.501765+00,2026-09-28 20:45:28.501765+00
10,16384,t,5580091197685914157,"FETCH 50 IN ""query-cursor_185""",0,0,0,0,0,0,35,0.505788,0.008169,0.02421,0.014451085714285715,0.004490867503668996,1750,0,0,0,0,0,0,0,0,0,0,0,0,0,0,0,0,0,0,0,0,0,0,0,0,0,0,0,0,0,2026-09-28 23:59:53.993016+00,2026-09-28 23:59:53.993016+00
10,16384,t,6357583637319163926,"MOVE -1204 IN ""query-cursor_100""",0,0,0,0,0,0,1,0.086665,0.086665,0.086665,0.086665,0,0,0,0,0,0,0,0,0,0,0,0,0,0,0,0,0,0,0,0,0,0,0,0,0,0,0,0,0,0,0,2026-09-28 21:03:53.744103+00,2026-09-28 21:03:53.744103+00
10,16384,t,-2445523087560754896,"DECLARE ""query-cursor_32"" SCROLL CURSOR FOR select queryid, left(query, $1), calls, (total_plan_time + total_exec_time) as total_time from aurora_stat_statements($2) order by calls desc limit $3 FOR READ ONLY",0,0,0,0,0,0,1,0.067675,0.067675,0.067675,0.067675,0,0,0,0,0,0,0,0,0,0,0,0,0,0,0,0,0,0,0,0,0,0,0,0,0,0,0,0,0,0,0,2026-09-28 19:49:53.650217+00,2026-09-28 19:49:53.650217+00
10,16384,t,1076446040728652321,"MOVE -1962 IN ""query-cursor_214""",0,0,0,0,0,0,1,0.222179,0.222179,0.222179,0.222179,0,0,0,0,0,0,0,0,0,0,0,0,0,0,0,0,0,0,0,0,0,0,0,0,0,0,0,0,0,0,0,2026-09-29 00:51:53.755489+00,2026-09-29 00:51:53.755489+00
10,16384,t,-3476324948874819393,"DECLARE ""query-cursor_159"" SCROLL CURSOR FOR select queryid, left(query, $1), calls, (total_plan_time + total_exec_time) as total_time from aurora_stat_statements($2) order by calls desc limit $3 FOR READ ONLY",0,0,0,0,0,0,1,0.079973,0.079973,0.079973,0.079973,0,0,0,0,0,0,0,0,0,0,0,0,0,0,0,0,0,0,0,0,0,0,0,0,0,0,0,0,0,0,0,2026-09-28 23:05:53.748139+00,2026-09-28 23:05:53.748139+00
10,16384,t,-9174110555151932260,"FETCH 27 IN ""query-cursor_153""",0,0,0,0,0,0,1,0.009423,0.009423,0.009423,0.009423,0,27,0,0,0,0,0,0,0,0,0,0,0,0,0,0,0,0,0,0,0,0,0,0,0,0,0,0,0,0,0,2026-09-28 22:51:53.69531+00,2026-09-28 22:51:53.69531+00
10,16384,t,3338244113184538040,select * from rds_get_stat_connections_counters() limit $1,0,0,0,0,0,0,1,0.026303,0.026303,0.026303,0.026303,0,1,0,0,0,0,0,0,0,0,0,0,0,0,0,0,0,0,0,0,0,0,0,0,0,0,0,0,0,0,0,2026-09-28 19:19:33.648174+00,2026-09-28 19:19:33.648174+00
10,16384,t,145860724506787366,"MOVE ALL IN ""query-cursor_70""",0,0,0,0,0,0,1,1.28101,1.28101,1.28101,1.28101,0,0,0,0,0,0,0,0,0,0,0,0,0,0,0,0,0,0,0,0,0,0,0,0,0,0,0,0,0,0,0,2026-09-28 20:27:53.65449+00,2026-09-28 20:27:53.65449+00
10,16384,t,-7546680141363549952,"MOVE -177 IN ""query-cursor_9""",0,0,0,0,0,0,1,0.006083,0.006083,0.006083,0.006083,0,0,0,0,0,0,0,0,0,0,0,0,0,0,0,0,0,0,0,0,0,0,0,0,0,0,0,0,0,0,0,2026-09-28 19:26:53.648961+00,2026-09-28 19:26:53.648961+00
10,16384,t,-7486591099907902972,"MOVE ALL IN ""query-cursor_18""",0,0,0,0,0,0,1,0.497681,0.497681,0.497681,0.497681,0,0,0,0,0,0,0,0,0,0,0,0,0,0,0,0,0,0,0,0,0,0,0,0,0,0,0,0,0,0,0,2026-09-28 19:35:53.649753+00,2026-09-28 19:35:53.649753+00
16410,16412,t,-1087130112909033056,"UPDATE RES_ENT SET LOCKING_ID=LOCKING_ID+$18,LOCK_DSRC_ACTION=$1 WHERE RES_ENT_ID IN ($2,$3,$4,$5,$6,$7,$8,$9,$10,$11,$12,$13,$14,$15,$16,$17)",0,0,0,0,0,0,133,164.9763179999999,0.107654,43.717619,1.2404234436090218,5.643212451423588,1243,7533,0,0,0,0,0,0,0,0,0,0,0,0,0,0,0,0,0,0,0,0,0,0,0,0,0,0,0,0,2026-09-28 21:43:23.777512+00,2026-09-28 21:43:23.777512+00
10,16384,t,7955051776372675353,"FETCH 40 IN ""query-cursor_94""",0,0,0,0,0,0,1,0.008082,0.008082,0.008082,0.008082,0,40,0,0,0,0,0,0,0,0,0,0,0,0,0,0,0,0,0,0,0,0,0,0,0,0,0,0,0,0,0,2026-09-28 20:51:53.932929+00,2026-09-28 20:51:53.932929+00
10,16384,t,5060500193214553158,"DECLARE ""query-cursor_105"" SCROLL CURSOR FOR select queryid, left(query, $1), calls, (total_plan_time + total_exec_time) as total_time from aurora_stat_statements($2) order by calls desc limit $3 FOR READ ONLY",0,0,0,0,0,0,1,0.127994,0.127994,0.127994,0.127994,0,0,0,0,0,0,0,0,0,0,0,0,0,0,0,0,0,0,0,0,0,0,0,0,0,0,0,0,0,0,0,2026-09-28 21:13:53.881539+00,2026-09-28 21:13:53.881539+00
10,16384,t,-1981488734533645639,"FETCH 50 IN ""query-cursor_155""",0,0,0,0,0,0,31,0.553545,0.010748,0.031645,0.017856290322580643,0.007018565215904625,1550,0,0,0,0,0,0,0,0,0,0,0,0,0,0,0,0,0,0,0,0,0,0,0,0,0,0,0,0,0,2026-09-28 22:55:54.170411+00,2026-09-28 22:55:54.170411+00
16410,16412,t,-356578740916217526,"SELECT LIB_FEAT_ID,FEAT_DESC,FTYPE_ID,ANONYMIZED,FEAT_HASH,VERSION,FELEM_VALUES FROM LIB_FEAT WHERE (FEAT_HASH,FTYPE_ID) IN (($1,$2))",0,0,0,0,0,0,1284768,216362.8866250062,0.012705,513.921465,0.1684061921101757,1.622408019817033,1283958,7659914,33080,0,0,0,0,0,0,0,0,127980.5323810002,0,0,0,0,0,0,0,0,0,0,0,0,0,0,0,0,0,0,2026-09-28 20:45:01.88634+00,2026-09-28 20:45:01.88634+00
16410,16412,t,2626920458643934777,"SELECT RES_ENT_ID,LIB_FEAT_ID,FTYPE_ID,UTYPE_CODE,SUPPRESSED,OBS_ENT_CNT FROM RES_FEAT_EKEY WHERE RES_ENT_ID IN ($1,$2) AND FTYPE_ID IN ($3,$4,$5,$6,$7,$8,$9,$10,$11,$12,$13,$14,$15,$16,$17,$18,$19,$20,$21,$22,$23,$24,$25,$26,$27,$28,$29,$30,$31,$32,$33,$34,$35,$36,$37,$38,$39,$40,$41,$42,$43,$44,$45,$46,$47,$48,$49,$50,$51,$52,$53,$54,$55,$56,$57,$58,$59,$60)",0,0,0,0,0,0,415,126.73309799999991,0.0472,34.41192,0.3053809590361444,2.5234909609385223,6528,4524,0,0,0,0,0,0,0,0,0,0,0,0,0,0,0,0,0,0,0,0,0,0,0,0,0,0,0,0,2026-09-28 21:08:05.58118+00,2026-09-28 21:08:05.58118+00
10,16384,t,-5689704297971623080,"FETCH 50 IN ""query-cursor_78""",0,0,0,0,0,0,12,0.038447999999999996,0.002675,0.00556,0.003204,0.0007527067822200088,600,0,0,0,0,0,0,0,0,0,0,0,0,0,0,0,0,0,0,0,0,0,0,0,0,0,0,0,0,0,2026-09-28 20:35:53.655316+00,2026-09-28 20:35:53.655316+00
10,16384,t,-2532399276659948385,"DECLARE ""query-cursor_40"" SCROLL CURSOR FOR select queryid, left(query, $1), calls, (total_plan_time + total_exec_time) as total_time from aurora_stat_statements($2) order by calls desc limit $3 FOR READ ONLY",0,0,0,0,0,0,1,0.070867,0.070867,0.070867,0.070867,0,0,0,0,0,0,0,0,0,0,0,0,0,0,0,0,0,0,0,0,0,0,0,0,0,0,0,0,0,0,0,2026-09-28 19:57:53.650808+00,2026-09-28 19:57:53.650808+00
10,16384,t,-8600104167548717103,"SELECT name,setting FROM pg_settings where vartype in ($1,$2 ,$3)",0,0,0,0,0,0,235,759.7056210000005,1.306983,85.176392,3.232789876595747,7.702857297295812,80370,0,0,0,0,0,0,0,0,0,0,0,0,0,0,0,0,0,0,0,0,0,0,0,0,0,0,0,0,0,2026-09-28 19:18:53.223419+00,2026-09-28 19:18:53.223419+00
16410,16412,t,-9087557789738934427,"SELECT LIB_FEAT_ID,FEAT_DESC,FTYPE_ID,ANONYMIZED,FEAT_HASH,VERSION,FELEM_VALUES FROM LIB_FEAT WHERE LIB_FEAT_ID IN ($1,$2)",0,0,0,0,0,0,1684832,1608008.6926939953,0.010549,623.4176689999999,0.9544029865850099,8.060277437915929,3369664,12912306,90702,0,0,0,0,0,0,0,0,1398251.1503859882,0,0,0,0,0,0,0,0,0,0,0,0,0,0,0,0,0,0,2026-09-28 20:44:52.698923+00,2026-09-28 20:44:52.698923+00
16410,16412,t,5144827462131354222,"INSERT INTO RES_ENT(RES_ENT_ID,LAST_TOUCH_DT,LOCKING_ID,ENT_STATE) VALUES ($1,$2,$3,$4) ON CONFLICT DO NOTHING",0,0,0,0,0,0,21545168,50036048.7872259,0.012019,1379.21007,2.3223791426098837,11.587777750457423,21544465,175054675,9792,0,226362,0,0,0,0,0,0,278156.1159350016,46407.264012000065,0,0,0,0,0,0,0,0,0,0,0,0,0,0,0,0,0,2026-09-28 20:44:52.390948+00,2026-09-28 20:44:52.390948+00
10,16384,t,-3459949568042101906,"FETCH 29 IN ""query-cursor_63""",0,0,0,0,0,0,1,0.002198,0.002198,0.002198,0.002198,0,29,0,0,0,0,0,0,0,0,0,0,0,0,0,0,0,0,0,0,0,0,0,0,0,0,0,0,0,0,0,2026-09-28 20:20:53.655887+00,2026-09-28 20:20:53.655887+00
10,16384,t,-2765500943017383388,"MOVE -1797 IN ""query-cursor_187""",0,0,0,0,0,0,1,0.196533,0.196533,0.196533,0.196533,0,0,0,0,0,0,0,0,0,0,0,0,0,0,0,0,0,0,0,0,0,0,0,0,0,0,0,0,0,0,0,2026-09-29 00:03:53.845965+00,2026-09-29 00:03:53.845965+00
10,16384,t,6842021409804615884,"MOVE ALL IN ""query-cursor_115""",0,0,0,0,0,0,1,141.352523,141.352523,141.352523,141.352523,0,0,0,0,0,0,0,0,0,0,0,0,0,0,0,0,0,0,0,0,0,0,0,0,0,0,0,0,0,0,0,2026-09-28 21:33:54.139844+00,2026-09-28 21:33:54.139844+00
10,16384,t,851359640467095773,"FETCH 44 IN ""query-cursor_99""",0,0,0,0,0,0,1,0.013876,0.013876,0.013876,0.013876,0,44,0,0,0,0,0,0,0,0,0,0,0,0,0,0,0,0,0,0,0,0,0,0,0,0,0,0,0,0,0,2026-09-28 21:01:53.734482+00,2026-09-28 21:01:53.734482+00
10,16384,t,-2469566343729334480,"DECLARE ""query-cursor_99"" SCROLL CURSOR FOR select queryid, left(query, $1), calls, (total_plan_time + total_exec_time) as total_time from aurora_stat_statements($2) order by calls desc limit $3 FOR READ ONLY",0,0,0,0,0,0,1,0.076878,0.076878,0.076878,0.076878,0,0,0,0,0,0,0,0,0,0,0,0,0,0,0,0,0,0,0,0,0,0,0,0,0,0,0,0,0,0,0,2026-09-28 21:01:53.702371+00,2026-09-28 21:01:53.702371+00
10,16384,t,-529974014269446854,"DECLARE ""query-cursor_201"" SCROLL CURSOR FOR select queryid, left(query, $1), calls, (total_plan_time + total_exec_time) as total_time from aurora_stat_statements($2) order by calls desc limit $3 FOR READ ONLY",0,0,0,0,0,0,1,0.072577,0.072577,0.072577,0.072577,0,0,0,0,0,0,0,0,0,0,0,0,0,0,0,0,0,0,0,0,0,0,0,0,0,0,0,0,0,0,0,2026-09-29 00:28:53.664075+00,2026-09-29 00:28:53.664075+00
10,16384,t,-6119747177467428766,"FETCH 50 IN ""query-cursor_176""",0,0,0,0,0,0,34,0.5447180000000001,0.010747,0.030778,0.016021117647058828,0.004996768872244317,1700,0,0,0,0,0,0,0,0,0,0,0,0,0,0,0,0,0,0,0,0,0,0,0,0,0,0,0,0,0,2026-09-28 23:41:53.891401+00,2026-09-28 23:41:53.891401+00
10,16384,t,-1258496970010427327,"MOVE -1339 IN ""query-cursor_118""",0,0,0,0,0,0,1,0.129966,0.129966,0.129966,0.129966,0,0,0,0,0,0,0,0,0,0,0,0,0,0,0,0,0,0,0,0,0,0,0,0,0,0,0,0,0,0,0,2026-09-28 21:39:53.741614+00,2026-09-28 21:39:53.741614+00
16410,16412,t,8977741703827604644,"CREATE TABLE IF NOT EXISTS perf.snap_statement (
  label             text        NOT NULL,
  captured_at       timestamptz NOT NULL DEFAULT now(),
  queryid           bigint,
  query             text,
  calls             numeric,
  rows              numeric,
  total_exec_time   numeric,
  shared_blks_hit   numeric,
  shared_blks_read  numeric,
  shared_blks_written  numeric,
  shared_blks_dirtied  numeric,
  temp_blks_read    numeric,
  temp_blks_written numeric,
  wal_records       numeric,
  wal_fpi           numeric,
  wal_bytes         numeric
)",0,0,0,0,0,0,1,3.774515,3.774515,3.774515,3.774515,0,0,316,0,0,1,0,0,0,0,0,0,0,0.002715,0,0,0,0,0,0,0,0,0,0,0,0,0,0,0,0,0,2026-09-28 19:50:43.301796+00,2026-09-28 19:50:43.301796+00
10,16384,t,-4719796332597947539,"MOVE -1860 IN ""query-cursor_197""",0,0,0,0,0,0,1,0.041576,0.041576,0.041576,0.041576,0,0,0,0,0,0,0,0,0,0,0,0,0,0,0,0,0,0,0,0,0,0,0,0,0,0,0,0,0,0,0,2026-09-29 00:23:53.668977+00,2026-09-29 00:23:53.668977+00
10,16384,t,-15156087412620798,"FETCH 0 IN ""query-cursor_183""",0,0,0,0,0,0,1,0.010172,0.010172,0.010172,0.010172,0,0,0,0,0,0,0,0,0,0,0,0,0,0,0,0,0,0,0,0,0,0,0,0,0,0,0,0,0,0,0,2026-09-28 23:55:53.696131+00,2026-09-28 23:55:53.696131+00
10,16384,t,-3024985444774041817,"FETCH 50 IN ""query-cursor_6""",0,0,0,0,0,0,2,0.00818,0.003351,0.004829,0.00409,0.0007390000000000001,100,0,0,0,0,0,0,0,0,0,0,0,0,0,0,0,0,0,0,0,0,0,0,0,0,0,0,0,0,0,2026-09-28 19:23:53.648726+00,2026-09-28 19:23:53.648726+00
10,16384,t,7471684123155172612,"FETCH 50 IN ""query-cursor_86""",0,0,0,0,0,0,13,0.041257999999999996,0.00268,0.005206,0.0031736923076923075,0.0006240355493590933,650,0,0,0,0,0,0,0,0,0,0,0,0,0,0,0,0,0,0,0,0,0,0,0,0,0,0,0,0,0,2026-09-28 20:43:53.655836+00,2026-09-28 20:43:53.655836+00
16410,16412,t,-6974979740237010680,"UPDATE RES_FEAT_EKEY AS T SET SUPPRESSED=C.SUPPRESSED,OBS_ENT_CNT=C.OBS_ENT_CNT FROM (VALUES (CAST ($1 AS BIGINT),CAST ($2 AS BIGINT),$3,$4,CAST ($5 AS BIGINT)),(CAST ($6 AS BIGINT),CAST ($7 AS BIGINT),$8,$9,CAST ($10 AS BIGINT)),(CAST ($11 AS BIGINT),CAST ($12 AS BIGINT),$13,$14,CAST ($15 AS BIGINT)),(CAST ($16 AS BIGINT),CAST ($17 AS BIGINT),$18,$19,CAST ($20 AS BIGINT)),(CAST ($21 AS BIGINT),CAST ($22 AS BIGINT),$23,$24,CAST ($25 AS BIGINT)),(CAST ($26 AS BIGINT),CAST ($27 AS BIGINT),$28,$29,CAST ($30 AS BIGINT)),(CAST ($31 AS BIGINT),CAST ($32 AS BIGINT),$33,$34,CAST ($35 AS BIGINT)),(CAST ($36 AS BIGINT),CAST ($37 AS BIGINT),$38,$39,CAST ($40 AS BIGINT)),(CAST ($41 AS BIGINT),CAST ($42 AS BIGINT),$43,$44,CAST ($45 AS BIGINT)),(CAST ($46 AS BIGINT),CAST ($47 AS BIGINT),$48,$49,CAST ($50 AS BIGINT)),(CAST ($51 AS BIGINT),CAST ($52 AS BIGINT),$53,$54,CAST ($55 AS BIGINT)),(CAST ($56 AS BIGINT),CAST ($57 AS BIGINT),$58,$59,CAST ($60 AS BIGINT)),(CAST ($61 AS BIGINT),CAST ($62 AS BIGINT),$63,$64,CAST ($65 AS BIGINT)),(CAST ($66 AS BIGINT),CAST ($67 AS BIGINT),$68,$69,CAST ($70 AS BIGINT))) AS C(RES_ENT_ID,LIB_FEAT_ID,UTYPE_CODE,SUPPRESSED,OBS_ENT_CNT) WHERE C.RES_ENT_ID=T.RES_ENT_ID AND C.LIB_FEAT_ID=T.LIB_FEAT_ID AND C.UTYPE_CODE=T.UTYPE_CODE",0,0,0,0,0,0,94024,1596209.270113979,0.110554,805.5143780000001,16.976615227112003,38.83086520185284,1316328,17535667,24481,0,2772,0,0,0,0,0,0,544259.8875310038,290.3016410000002,0,0,0,0,0,0,0,0,0,0,0,0,0,0,0,0,0,2026-09-28 20:45:42.009637+00,2026-09-28 20:45:42.009637+00
16410,16412,t,8746778309527021788,"SELECT ENT_SRC_KEY,CONFIG_ID,FIRST_SEEN_DT,LAST_SEEN_DT,JSON_DATA FROM DSRC_RECORD WHERE DSRC_ID=$1 AND RECORD_ID=$2",0,0,0,0,0,0,24538554,1476855.4768616427,0.007182,313.578558,0.060185106133867655,0.6398430324803766,24538554,120505924,11984,0,0,0,0,0,0,0,0,43420.734462000095,0,0,0,0,0,0,0,0,0,0,0,0,0,0,0,0,0,0,2026-09-28 20:44:58.441701+00,2026-09-28 20:44:58.441701+00
16410,16412,t,-297814904996348591,"SELECT RES_ENT_ID,LIB_FEAT_ID,FTYPE_ID,UTYPE_CODE,SUPPRESSED,OBS_ENT_CNT FROM RES_FEAT_EKEY WHERE RES_ENT_ID IN ($1,$2) AND FTYPE_ID IN ($3,$4,$5,$6,$7,$8,$9,$10,$11,$12,$13,$14,$15)",0,0,0,0,0,0,216486,364431.0186909979,0.031132,730.408939,1.6833930078203574,11.430376745207617,7758426,2353270,14915,0,0,0,0,0,0,0,0,290499.4592239996,0,0,0,0,0,0,0,0,0,0,0,0,0,0,0,0,0,0,2026-09-28 20:44:53.512045+00,2026-09-28 20:44:53.512045+00
16410,16412,t,-7028253314476763131,"SELECT
    now()                                              AS at,
    s.schemaname,
    s.relname,
    s.n_tup_ins                                        AS cum_ins,        
    s.n_tup_del                                        AS cum_del,
    (s.n_tup_ins - s.n_tup_del)                        AS est_net_depth,  
    c.reltuples::bigint                                AS est_rows_reltuples,  
    s.n_live_tup                                       AS est_live_tup,   
    s.n_dead_tup                                       AS est_dead_tup,
    s.n_mod_since_analyze                              AS mods_since_analyze,
    s.last_autovacuum,
    s.autovacuum_count,
    s.last_analyze,
    s.last_autoanalyze
FROM pg_stat_user_tables s
JOIN pg_class c ON c.oid = s.relid
WHERE s.relname IN ($1,$2,$3,$4,
                    $5,$6)
ORDER BY s.relname",0,0,0,0,0,0,3,0.795203,0.20812399999999998,0.304295,0.26506766666666665,0.04121178359266788,18,135,0,0,0,0,0,0,0,0,0,0,0,0,0,0,0,0,0,0,0,0,0,0,0,0,0,0,0,0,2026-09-28 20:53:59.166657+00,2026-09-28 20:53:59.166657+00
10,16384,t,9147053801346091222,"DECLARE ""query-cursor_20"" SCROLL CURSOR FOR select queryid, left(query, $1), calls, (total_plan_time + total_exec_time) as total_time from aurora_stat_statements($2) order by calls desc limit $3 FOR READ ONLY",0,0,0,0,0,0,1,0.066208,0.066208,0.066208,0.066208,0,0,0,0,0,0,0,0,0,0,0,0,0,0,0,0,0,0,0,0,0,0,0,0,0,0,0,0,0,0,0,2026-09-28 19:37:53.649302+00,2026-09-28 19:37:53.649302+00
10,16384,t,-2365067061292931968,"MOVE ALL IN ""query-cursor_66""",0,0,0,0,0,0,1,1.195222,1.195222,1.195222,1.195222,0,0,0,0,0,0,0,0,0,0,0,0,0,0,0,0,0,0,0,0,0,0,0,0,0,0,0,0,0,0,0,2026-09-28 20:23:53.654051+00,2026-09-28 20:23:53.654051+00
10,16384,t,6331441076211428459,"MOVE ALL IN ""query-cursor_210""",0,0,0,0,0,0,1,262.263831,262.263831,262.263831,262.263831,0,0,0,0,0,0,0,0,0,0,0,0,0,0,0,0,0,0,0,0,0,0,0,0,0,0,0,0,0,0,0,2026-09-29 00:43:53.932303+00,2026-09-29 00:43:53.932303+00
10,16384,t,-5185301110642222350,"DECLARE ""query-cursor_118"" SCROLL CURSOR FOR select queryid, left(query, $1), calls, (total_plan_time + total_exec_time) as total_time from aurora_stat_statements($2) order by calls desc limit $3 FOR READ ONLY",0,0,0,0,0,0,1,0.106205,0.106205,0.106205,0.106205,0,0,0,0,0,0,0,0,0,0,0,0,0,0,0,0,0,0,0,0,0,0,0,0,0,0,0,0,0,0,0,2026-09-28 21:39:53.733699+00,2026-09-28 21:39:53.733699+00
10,16384,t,-3369874323075408889,"FETCH 50 IN ""query-cursor_22""",0,0,0,0,0,0,5,0.018487,0.002786,0.006101,0.0036974,0.0012203816780007803,250,0,0,0,0,0,0,0,0,0,0,0,0,0,0,0,0,0,0,0,0,0,0,0,0,0,0,0,0,0,2026-09-28 19:39:53.650141+00,2026-09-28 19:39:53.650141+00
10,16384,t,5226685582369462295,"FETCH 0 IN ""query-cursor_45""",0,0,0,0,0,0,1,0.003803,0.003803,0.003803,0.003803,0,0,0,0,0,0,0,0,0,0,0,0,0,0,0,0,0,0,0,0,0,0,0,0,0,0,0,0,0,0,0,2026-09-28 20:02:53.651192+00,2026-09-28 20:02:53.651192+00
16410,16412,t,-5602294889815942673,"UPDATE OBS_ENT SET LOCKING_ID=LOCKING_ID+$34,LOCK_DSRC_ACTION=$1 WHERE OBS_ENT_ID IN ($2,$3,$4,$5,$6,$7,$8,$9,$10,$11,$12,$13,$14,$15,$16,$17,$18,$19,$20,$21,$22,$23,$24,$25,$26,$27,$28,$29,$30,$31,$32,$33)",0,0,0,0,0,0,31,46.958085999999994,0.282535,25.839465,1.5147769677419354,4.48593068437801,546,4831,4,0,0,0,0,0,0,0,0,6.4850069999999995,0,0,0,0,0,0,0,0,0,0,0,0,0,0,0,0,0,0,2026-09-29 00:20:52.829334+00,2026-09-29 00:20:52.829334+00
10,16384,t,2326010302008440943,"FETCH 27 IN ""query-cursor_225""",0,0,0,0,0,0,1,0.002614,0.002614,0.002614,0.002614,0,27,0,0,0,0,0,0,0,0,0,0,0,0,0,0,0,0,0,0,0,0,0,0,0,0,0,0,0,0,0,2026-09-29 01:13:53.682532+00,2026-09-29 01:13:53.682532+00
10,16384,t,6556657132141880057,"FETCH 50 IN ""query-cursor_27""",0,0,0,0,0,0,5,0.017794,0.002805,0.005262,0.0035588,0.0008889428328075996,250,0,0,0,0,0,0,0,0,0,0,0,0,0,0,0,0,0,0,0,0,0,0,0,0,0,0,0,0,0,2026-09-28 19:44:53.650633+00,2026-09-28 19:44:53.650633+00
10,16384,t,1515669146182374625,"MOVE -1412 IN ""query-cursor_128""",0,0,0,0,0,0,1,0.09402,0.09402,0.09402,0.09402,0,0,0,0,0,0,0,0,0,0,0,0,0,0,0,0,0,0,0,0,0,0,0,0,0,0,0,0,0,0,0,2026-09-28 21:59:53.720849+00,2026-09-28 21:59:53.720849+00
16410,16412,t,-1893089200047388656,"SELECT RES_ENT_ID,LIB_FEAT_ID,FTYPE_ID,UTYPE_CODE,SUPPRESSED,OBS_ENT_CNT FROM RES_FEAT_EKEY WHERE RES_ENT_ID IN ($1) AND FTYPE_ID IN ($2,$3,$4,$5,$6,$7,$8,$9,$10,$11,$12,$13,$14,$15,$16,$17,$18,$19,$20,$21)",0,0,0,0,0,0,186260,94399.50084199994,0.016929999999999997,392.452379,0.5068157459572636,5.858526796272826,4581682,989449,2957,0,0,0,0,0,0,0,0,62963.77125600005,0,0,0,0,0,0,0,0,0,0,0,0,0,0,0,0,0,0,2026-09-28 20:44:53.221766+00,2026-09-28 20:44:53.221766+00
10,16384,t,682229250962796229,"FETCH 50 IN ""query-cursor_207""",0,0,0,0,0,0,38,0.5243359999999999,0.00809,0.024057,0.013798315789473681,0.004049107875135896,1900,0,0,0,0,0,0,0,0,0,0,0,0,0,0,0,0,0,0,0,0,0,0,0,0,0,0,0,0,0,2026-09-29 00:37:53.794581+00,2026-09-29 00:37:53.794581+00
10,16384,t,3901525708592421967,"MOVE -1821 IN ""query-cursor_191""",0,0,0,0,0,0,1,0.14098,0.14098,0.14098,0.14098,0,0,0,0,0,0,0,0,0,0,0,0,0,0,0,0,0,0,0,0,0,0,0,0,0,0,0,0,0,0,0,2026-09-29 00:11:53.731151+00,2026-09-29 00:11:53.731151+00
16410,16412,t,-5834180044305230945,"UPDATE RES_ENT_OKEY SET RES_ENT_ID=$1,ERRULE_ID=$2,MATCH_KEY=$3 WHERE OBS_ENT_ID=$4",0,0,0,0,0,0,492509,846906.5971520246,0.006255,786.355183,1.7195758801403114,9.077379828868233,421029,6328276,8279,0,2681,0,0,0,0,0,0,205262.32902700023,636.0482519999997,0,0,0,0,0,0,0,0,0,0,0,0,0,0,0,0,0,2026-09-28 20:44:57.327163+00,2026-09-28 20:44:57.327163+00
10,16384,t,-2962109860850580659,"MOVE -1376 IN ""query-cursor_123""",0,0,0,0,0,0,1,0.084849,0.084849,0.084849,0.084849,0,0,0,0,0,0,0,0,0,0,0,0,0,0,0,0,0,0,0,0,0,0,0,0,0,0,0,0,0,0,0,2026-09-28 21:49:53.740822+00,2026-09-28 21:49:53.740822+00
16410,16412,t,586464215286849306,"SELECT LIB_FEAT_ID,UTYPE_CODE,RES_ENT_ID,OBS_ENT_CNT FROM RES_FEAT_EKEY WHERE LIB_FEAT_ID IN ($1,$2,$3,$4) AND RES_ENT_ID!=$5",0,0,0,0,0,0,25737,113212.00995400024,0.006626,531.8799170000001,4.398803666083857,19.335865927251906,38389,181782,8636,0,0,0,0,0,0,0,0,89357.8325200002,0,0,0,0,0,0,0,0,0,0,0,0,0,0,0,0,0,0,2026-09-28 20:44:53.441703+00,2026-09-28 20:44:53.441703+00
10,16384,t,-3064587961437120174,"FETCH 50 IN ""query-cursor_215""",0,0,0,0,0,0,39,0.6059690000000001,0.011167,0.025688,0.015537666666666668,0.0038699492299944993,1950,0,0,0,0,0,0,0,0,0,0,0,0,0,0,0,0,0,0,0,0,0,0,0,0,0,0,0,0,0,2026-09-29 00:53:53.720054+00,2026-09-29 00:53:53.720054+00
10,16384,t,915890514910167101,"FETCH 50 IN ""query-cursor_89""",0,0,0,0,0,0,21,0.17847200000000005,0.006118,0.018527,0.008498666666666668,0.0026508993502355692,1050,0,0,0,0,0,0,0,0,0,0,0,0,0,0,0,0,0,0,0,0,0,0,0,0,0,0,0,0,0,2026-09-28 20:46:53.658468+00,2026-09-28 20:46:53.658468+00
10,16384,t,8713665527740100834,"FETCH 0 IN ""query-cursor_111""",0,0,0,0,0,0,1,0.006424,0.006424,0.006424,0.006424,0,0,0,0,0,0,0,0,0,0,0,0,0,0,0,0,0,0,0,0,0,0,0,0,0,0,0,0,0,0,0,2026-09-28 21:25:53.691057+00,2026-09-28 21:25:53.691057+00
10,16384,t,4374309224247351077,"FETCH 50 IN ""query-cursor_181""",0,0,0,0,0,0,35,0.5473990000000001,0.008808,0.024141,0.01563997142857143,0.004704506632615849,1750,0,0,0,0,0,0,0,0,0,0,0,0,0,0,0,0,0,0,0,0,0,0,0,0,0,0,0,0,0,2026-09-28 23:51:53.684618+00,2026-09-28 23:51:53.684618+00
16410,16412,t,-5620863203129778848,"UPDATE RES_FEAT_EKEY AS T SET SUPPRESSED = C.SUPPRESSED FROM (VALUES (CAST ($1 AS BIGINT),CAST ($2 AS BIGINT),$3,$4),(CAST ($5 AS BIGINT),CAST ($6 AS BIGINT),$7,$8),(CAST ($9 AS BIGINT),CAST ($10 AS BIGINT),$11,$12),(CAST ($13 AS BIGINT),CAST ($14 AS BIGINT),$15,$16),(CAST ($17 AS BIGINT),CAST ($18 AS BIGINT),$19,$20),(CAST ($21 AS BIGINT),CAST ($22 AS BIGINT),$23,$24),(CAST ($25 AS BIGINT),CAST ($26 AS BIGINT),$27,$28),(CAST ($29 AS BIGINT),CAST ($30 AS BIGINT),$31,$32),(CAST ($33 AS BIGINT),CAST ($34 AS BIGINT),$35,$36)) AS C(RES_ENT_ID,LIB_FEAT_ID,UTYPE_CODE,SUPPRESSED) WHERE C.RES_ENT_ID=T.RES_ENT_ID AND C.LIB_FEAT_ID=T.LIB_FEAT_ID AND C.UTYPE_CODE=T.UTYPE_CODE",0,0,0,0,0,0,177589,1253985.7154480105,0.07960400000000001,1629.993586,7.061167726875034,24.010132301378334,1598301,13820453,3059,0,4475,0,0,0,0,0,0,82749.39840500015,70.383109,0,0,0,0,0,0,0,0,0,0,0,0,0,0,0,0,0,2026-09-28 20:45:13.288767+00,2026-09-28 20:45:13.288767+00
10,16384,t,-2342979301989642328,"FETCH 50 IN ""query-cursor_4""",0,0,0,0,0,0,2,0.007584,0.003155,0.004429,0.003792,0.000637,100,0,0,0,0,0,0,0,0,0,0,0,0,0,0,0,0,0,0,0,0,0,0,0,0,0,0,0,0,0,2026-09-28 19:21:53.648532+00,2026-09-28 19:21:53.648532+00
10,16384,t,-6367197089482508519,"FETCH 0 IN ""query-cursor_204""",0,0,0,0,0,0,1,0.006063,0.006063,0.006063,0.006063,0,0,0,0,0,0,0,0,0,0,0,0,0,0,0,0,0,0,0,0,0,0,0,0,0,0,0,0,0,0,0,2026-09-29 00:31:53.716486+00,2026-09-29 00:31:53.716486+00
16410,16412,t,6860448417931102691,"SELECT RES_ENT_ID,LIB_FEAT_ID,FTYPE_ID,UTYPE_CODE,SUPPRESSED,OBS_ENT_CNT FROM RES_FEAT_EKEY WHERE RES_ENT_ID IN ($1,$2,$3,$4,$5,$6,$7,$8) AND FTYPE_ID IN ($9,$10,$11,$12,$13,$14,$15,$16,$17,$18,$19,$20,$21,$22,$23,$24)",0,0,0,0,0,0,594350,3089701.237532037,0.059494000000000005,1000.677885,5.19845417267946,20.21765137667506,78512026,20052756,143165,0,0,0,0,0,0,0,0,2481315.756020983,0,0,0,0,0,0,0,0,0,0,0,0,0,0,0,0,0,0,2026-09-28 20:44:55.436059+00,2026-09-28 20:44:55.436059+00
16410,16412,t,707288396994940190,"SELECT RES_ENT_ID,LIB_FEAT_ID,FTYPE_ID,UTYPE_CODE,SUPPRESSED,OBS_ENT_CNT FROM RES_FEAT_EKEY WHERE RES_ENT_ID IN ($1,$2,$3,$4,$5,$6,$7,$8) AND FTYPE_ID IN ($9,$10,$11,$12,$13,$14,$15,$16)",0,0,0,0,0,0,4282,18890.905185999985,0.059351,401.423188,4.411701351237736,21.960818773689713,330644,145760,705,0,0,0,0,0,0,0,0,15610.357916999988,0,0,0,0,0,0,0,0,0,0,0,0,0,0,0,0,0,0,2026-09-28 20:44:58.322707+00,2026-09-28 20:44:58.322707+00
10,16384,t,6946825027223565961,"MOVE -286 IN ""query-cursor_27""",0,0,0,0,0,0,1,0.008676,0.008676,0.008676,0.008676,0,0,0,0,0,0,0,0,0,0,0,0,0,0,0,0,0,0,0,0,0,0,0,0,0,0,0,0,0,0,0,2026-09-28 19:44:53.650598+00,2026-09-28 19:44:53.650598+00
10,16384,t,1160922463381201285,"FETCH 50 IN ""query-cursor_19""",0,0,0,0,0,0,4,0.014166999999999999,0.002866,0.005128,0.0035417499999999998,0.0009244366865826992,200,0,0,0,0,0,0,0,0,0,0,0,0,0,0,0,0,0,0,0,0,0,0,0,0,0,0,0,0,0,2026-09-28 19:36:53.649888+00,2026-09-28 19:36:53.649888+00
10,16384,t,757357963169496132,"MOVE ALL IN ""query-cursor_230""",0,0,0,0,0,0,1,5.186342,5.186342,5.186342,5.186342,0,0,0,0,0,0,0,0,0,0,0,0,0,0,0,0,0,0,0,0,0,0,0,0,0,0,0,0,0,0,0,2026-09-29 01:19:53.671549+00,2026-09-29 01:19:53.671549+00
10,16384,t,8546799657899073187,"DECLARE ""query-cursor_29"" SCROLL CURSOR FOR select queryid, left(query, $1), calls, (total_plan_time + total_exec_time) as total_time from aurora_stat_statements($2) order by calls desc limit $3 FOR READ ONLY",0,0,0,0,0,0,1,0.064444,0.064444,0.064444,0.064444,0,0,0,0,0,0,0,0,0,0,0,0,0,0,0,0,0,0,0,0,0,0,0,0,0,0,0,0,0,0,0,2026-09-28 19:46:53.649989+00,2026-09-28 19:46:53.649989+00
16410,16412,t,-4218463173960529840,"INSERT INTO RES_FEAT_EKEY(RES_ENT_ID,LIB_FEAT_ID,FTYPE_ID,UTYPE_CODE,SUPPRESSED,OBS_ENT_CNT) VALUES ($1,$2,$3,$4,$5,$6),($7,$8,$9,$10,$11,$12),($13,$14,$15,$16,$17,$18),($19,$20,$21,$22,$23,$24),($25,$26,$27,$28,$29,$30),($31,$32,$33,$34,$35,$36),($37,$38,$39,$40,$41,$42),($43,$44,$45,$46,$47,$48) ON CONFLICT DO NOTHING",0,0,0,0,0,0,2300211,23383205.195435237,0.098995,2241.44806,10.165678364043663,28.73038614953793,18401688,254363918,27044,0,237676,0,0,0,0,0,0,639628.4682069967,31941.811272000064,0,0,0,0,0,0,0,0,0,0,0,0,0,0,0,0,0,2026-09-28 20:44:52.395257+00,2026-09-28 20:44:52.395257+00
10,16384,t,-1127451941069226121,"FETCH 0 IN ""query-cursor_191""",0,0,0,0,0,0,1,0.006885,0.006885,0.006885,0.006885,0,0,0,0,0,0,0,0,0,0,0,0,0,0,0,0,0,0,0,0,0,0,0,0,0,0,0,0,0,0,0,2026-09-29 00:11:53.720267+00,2026-09-29 00:11:53.720267+00
16410,16412,t,3783799953446401637,"SELECT RES_ENT_ID,LIB_FEAT_ID,FTYPE_ID,UTYPE_CODE,SUPPRESSED,OBS_ENT_CNT FROM RES_FEAT_EKEY WHERE RES_ENT_ID IN ($1) AND FTYPE_ID IN ($2,$3,$4,$5,$6,$7,$8,$9,$10,$11,$12,$13,$14,$15,$16,$17,$18,$19,$20)",0,0,0,0,0,0,450961,270179.40333199804,0.014235,563.936079,0.5991192216887892,6.400733601329027,10893134,2417030,9306,0,0,0,0,0,0,0,0,189603.4165809993,0,0,0,0,0,0,0,0,0,0,0,0,0,0,0,0,0,0,2026-09-28 20:44:53.196171+00,2026-09-28 20:44:53.196171+00
10,16384,t,-875842682279399933,"FETCH 0 IN ""query-cursor_26""",0,0,0,0,0,0,1,0.003481,0.003481,0.003481,0.003481,0,0,0,0,0,0,0,0,0,0,0,0,0,0,0,0,0,0,0,0,0,0,0,0,0,0,0,0,0,0,0,2026-09-28 19:43:53.649796+00,2026-09-28 19:43:53.649796+00
10,16384,t,4276964618400203281,"DECLARE ""query-cursor_39"" SCROLL CURSOR FOR select queryid, left(query, $1), calls, (total_plan_time + total_exec_time) as total_time from aurora_stat_statements($2) order by calls desc limit $3 FOR READ ONLY",0,0,0,0,0,0,1,0.064897,0.064897,0.064897,0.064897,0,0,0,0,0,0,0,0,0,0,0,0,0,0,0,0,0,0,0,0,0,0,0,0,0,0,0,0,0,0,0,2026-09-28 19:56:53.650727+00,2026-09-28 19:56:53.650727+00
16410,16412,t,-6025119127572338369,DELETE FROM RES_FEAT_EKEY WHERE ((RES_ENT_ID=$1 AND LIB_FEAT_ID=$2 AND UTYPE_CODE=$3)OR(RES_ENT_ID=$4 AND LIB_FEAT_ID=$5 AND UTYPE_CODE=$6)OR(RES_ENT_ID=$7 AND LIB_FEAT_ID=$8 AND UTYPE_CODE=$9)OR(RES_ENT_ID=$10 AND LIB_FEAT_ID=$11 AND UTYPE_CODE=$12)OR(RES_ENT_ID=$13 AND LIB_FEAT_ID=$14 AND UTYPE_CODE=$15)OR(RES_ENT_ID=$16 AND LIB_FEAT_ID=$17 AND UTYPE_CODE=$18)OR(RES_ENT_ID=$19 AND LIB_FEAT_ID=$20 AND UTYPE_CODE=$21)OR(RES_ENT_ID=$22 AND LIB_FEAT_ID=$23 AND UTYPE_CODE=$24)OR(RES_ENT_ID=$25 AND LIB_FEAT_ID=$26 AND UTYPE_CODE=$27)OR(RES_ENT_ID=$28 AND LIB_FEAT_ID=$29 AND UTYPE_CODE=$30)OR(RES_ENT_ID=$31 AND LIB_FEAT_ID=$32 AND UTYPE_CODE=$33)OR(RES_ENT_ID=$34 AND LIB_FEAT_ID=$35 AND UTYPE_CODE=$36)OR(RES_ENT_ID=$37 AND LIB_FEAT_ID=$38 AND UTYPE_CODE=$39)OR(RES_ENT_ID=$40 AND LIB_FEAT_ID=$41 AND UTYPE_CODE=$42)OR(RES_ENT_ID=$43 AND LIB_FEAT_ID=$44 AND UTYPE_CODE=$45)OR(RES_ENT_ID=$46 AND LIB_FEAT_ID=$47 AND UTYPE_CODE=$48)OR(RES_ENT_ID=$49 AND LIB_FEAT_ID=$50 AND UTYPE_CODE=$51)OR(RES_ENT_ID=$52 AND LIB_FEAT_ID=$53 AND UTYPE_CODE=$54)OR(RES_ENT_ID=$55 AND LIB_FEAT_ID=$56 AND UTYPE_CODE=$57)OR(RES_ENT_ID=$58 AND LIB_FEAT_ID=$59 AND UTYPE_CODE=$60)OR(RES_ENT_ID=$61 AND LIB_FEAT_ID=$62 AND UTYPE_CODE=$63)OR(RES_ENT_ID=$64 AND LIB_FEAT_ID=$65 AND UTYPE_CODE=$66)OR(RES_ENT_ID=$67 AND LIB_FEAT_ID=$68 AND UTYPE_CODE=$69)OR(RES_ENT_ID=$70 AND LIB_FEAT_ID=$71 AND UTYPE_CODE=$72)OR(RES_ENT_ID=$73 AND LIB_FEAT_ID=$74 AND UTYPE_CODE=$75)OR(RES_ENT_ID=$76 AND LIB_FEAT_ID=$77 AND UTYPE_CODE=$78)OR(RES_ENT_ID=$79 AND LIB_FEAT_ID=$80 AND UTYPE_CODE=$81)OR(RES_ENT_ID=$82 AND LIB_FEAT_ID=$83 AND UTYPE_CODE=$84)OR(RES_ENT_ID=$85 AND LIB_FEAT_ID=$86 AND UTYPE_CODE=$87)OR(RES_ENT_ID=$88 AND LIB_FEAT_ID=$89 AND UTYPE_CODE=$90)),0,0,0,0,0,0,6495,160902.88898000022,0.091072,851.323202,24.77334703310242,47.85761924308766,156144,942471,1874,0,0,0,0,0,0,0,0,80137.87746400005,0,0,0,0,0,0,0,0,0,0,0,0,0,0,0,0,0,0,2026-09-28 20:46:01.306846+00,2026-09-28 20:46:01.306846+00
10,16384,t,-5709873806501881192,"MOVE -1528 IN ""query-cursor_145""",0,0,0,0,0,0,1,0.115526,0.115526,0.115526,0.115526,0,0,0,0,0,0,0,0,0,0,0,0,0,0,0,0,0,0,0,0,0,0,0,0,0,0,0,0,0,0,0,2026-09-28 22:35:54.136721+00,2026-09-28 22:35:54.136721+00
10,16384,t,6352406357354862467,"DECLARE ""query-cursor_207"" SCROLL CURSOR FOR select queryid, left(query, $1), calls, (total_plan_time + total_exec_time) as total_time from aurora_stat_statements($2) order by calls desc limit $3 FOR READ ONLY",0,0,0,0,0,0,1,0.083499,0.083499,0.083499,0.083499,0,0,0,0,0,0,0,0,0,0,0,0,0,0,0,0,0,0,0,0,0,0,0,0,0,0,0,0,0,0,0,2026-09-29 00:37:53.77592+00,2026-09-29 00:37:53.77592+00
10,16384,t,4875021817091216714,"select auto_removed, auto_authorized_evicted, auto_not_authorized_evicted, auto_total_auth_failed_evicted, auto_bad_db_name_evicted, auto_bad_db_oid_evicted, auto_bad_db_perm_evicted, auto_removed_sl, auto_bad_conn_packet_evicted, auto_startup_packet_timeout_evicted from rds_get_stat_connections_counters_details()",0,0,0,0,0,0,235,2.8667700000000007,0.004888,0.6962999999999999,0.012199021276595747,0.04503256165916815,235,0,0,0,0,0,0,0,0,0,0,0,0,0,0,0,0,0,0,0,0,0,0,0,0,0,0,0,0,0,2026-09-28 19:18:53.207606+00,2026-09-28 19:18:53.207606+00
10,16384,t,-3239427237115423197,"MOVE ALL IN ""query-cursor_127""",0,0,0,0,0,0,1,6.937808,6.937808,6.937808,6.937808,0,0,0,0,0,0,0,0,0,0,0,0,0,0,0,0,0,0,0,0,0,0,0,0,0,0,0,0,0,0,0,2026-09-28 21:57:53.914917+00,2026-09-28 21:57:53.914917+00
16410,16412,t,-3167805080225609584,"SELECT RES_ENT_ID,LIB_FEAT_ID,FTYPE_ID,UTYPE_CODE,SUPPRESSED,OBS_ENT_CNT FROM RES_FEAT_EKEY WHERE RES_ENT_ID IN ($1,$2) AND FTYPE_ID IN ($3,$4,$5,$6,$7,$8,$9,$10)",0,0,0,0,0,0,2843,5241.600514999996,0.031414000000000004,322.962888,1.84368642806894,13.261257794637363,66553,30442,192,0,0,0,0,0,0,0,0,4523.960582000001,0,0,0,0,0,0,0,0,0,0,0,0,0,0,0,0,0,0,2026-09-28 20:45:09.586617+00,2026-09-28 20:45:09.586617+00
10,16384,t,-2801106783725547888,"MOVE -1355 IN ""query-cursor_120""",0,0,0,0,0,0,1,0.198225,0.198225,0.198225,0.198225,0,0,0,0,0,0,0,0,0,0,0,0,0,0,0,0,0,0,0,0,0,0,0,0,0,0,0,0,0,0,0,2026-09-28 21:43:53.780341+00,2026-09-28 21:43:53.780341+00
10,16384,t,-1910582204860499546,"FETCH 0 IN ""query-cursor_199""",0,0,0,0,0,0,1,0.004876,0.004876,0.004876,0.004876,0,0,0,0,0,0,0,0,0,0,0,0,0,0,0,0,0,0,0,0,0,0,0,0,0,0,0,0,0,0,0,2026-09-29 00:26:53.664193+00,2026-09-29 00:26:53.664193+00
16410,16412,t,5699495790640407332,"SELECT RES_ENT_ID,LIB_FEAT_ID,FTYPE_ID,UTYPE_CODE,SUPPRESSED,OBS_ENT_CNT FROM RES_FEAT_EKEY WHERE RES_ENT_ID IN ($1,$2,$3,$4) AND FTYPE_ID IN ($5,$6,$7,$8,$9,$10,$11,$12,$13,$14,$15,$16,$17,$18,$19,$20,$21,$22,$23,$24,$25,$26,$27,$28,$29,$30,$31,$32,$33,$34,$35,$36,$37,$38,$39,$40,$41,$42,$43,$44,$45,$46,$47,$48,$49,$50,$51,$52,$53,$54,$55,$56,$57,$58,$59,$60,$61,$62,$63,$64,$65,$66)",0,0,0,0,0,0,1,0.089351,0.089351,0.089351,0.089351,0,29,15,0,0,0,0,0,0,0,0,0,0,0,0,0,0,0,0,0,0,0,0,0,0,0,0,0,0,0,0,2026-09-28 22:58:31.047345+00,2026-09-28 22:58:31.047345+00
16410,16412,t,278395488757922706,SELECT pg_try_advisory_lock($1),0,0,0,0,0,0,26164107,1037915.9259850984,0.001002,198.34512500000002,0.039669457321249234,1.0939705673724183,26164107,0,0,0,0,0,0,0,0,0,0,0,0,0,0,0,0,0,0,0,0,0,0,0,0,0,0,0,0,0,2026-09-28 20:44:53.652449+00,2026-09-28 20:44:53.652449+00
10,16384,t,-8402403694733513457,"FETCH 50 IN ""query-cursor_24""",0,0,0,0,0,0,5,0.019414999999999998,0.003108,0.004898,0.0038829999999999997,0.0007367838217550652,250,0,0,0,0,0,0,0,0,0,0,0,0,0,0,0,0,0,0,0,0,0,0,0,0,0,0,0,0,0,2026-09-28 19:41:53.650362+00,2026-09-28 19:41:53.650362+00
10,16384,t,298666327536425178,"FETCH 7 IN ""query-cursor_14""",0,0,0,0,0,0,1,0.001577,0.001577,0.001577,0.001577,0,7,0,0,0,0,0,0,0,0,0,0,0,0,0,0,0,0,0,0,0,0,0,0,0,0,0,0,0,0,0,2026-09-28 19:31:53.650357+00,2026-09-28 19:31:53.650357+00
16410,16412,t,-3111972945363663546,"SELECT RES_ENT_ID,LIB_FEAT_ID,FTYPE_ID,UTYPE_CODE,SUPPRESSED,OBS_ENT_CNT FROM RES_FEAT_EKEY WHERE RES_ENT_ID IN ($1,$2,$3,$4,$5,$6,$7,$8,$9,$10,$11,$12,$13,$14,$15,$16,$17,$18,$19,$20,$21,$22,$23,$24,$25,$26,$27,$28,$29,$30,$31,$32) AND FTYPE_ID IN ($33,$34,$35,$36,$37,$38,$39,$40,$41)",0,0,0,0,0,0,99,949.9752239999999,0.23313199999999998,69.343856,9.595709333333332,14.93350452604412,25985,10229,81,0,0,0,0,0,0,0,0,680.326832,0,0,0,0,0,0,0,0,0,0,0,0,0,0,0,0,0,0,2026-09-28 20:49:48.276822+00,2026-09-28 20:49:48.276822+00
16410,16412,t,-2143622460416612373,DELETE FROM perf.snap_scalar    WHERE label = $1,0,0,0,0,0,0,1,0.843472,0.843472,0.843472,0.843472,0,0,0,1,0,0,0,0,0,0,0,0,0.830277,0,0,0,0,0,0,0,0,0,0,0,0,0,0,0,0,0,0,2026-09-29 01:21:06.742636+00,2026-09-29 01:21:06.742636+00
10,16384,t,-999261268607815173,select sum(deadlocks) as num_deadlocks from pg_stat_database,0,0,0,0,0,0,367,20.135080999999996,0.017584,0.49738699999999997,0.05486398092643051,0.034697587945553485,367,367,0,0,0,0,0,0,0,0,0,0,0,0,0,0,0,0,0,0,0,0,0,0,0,0,0,0,0,0,2026-09-28 19:17:03.527351+00,2026-09-28 19:17:03.527351+00
10,16384,t,3134999784458862983,"select s.*, extract($1 from s.lastattempt) as lastattempt_ts from rds_get_stat_connections_counters() as s limit $2",0,0,0,0,0,0,1,1.356379,1.356379,1.356379,1.356379,0,1,0,0,0,0,0,0,0,0,0,0,0,0,0,0,0,0,0,0,0,0,0,0,0,0,0,0,0,0,0,2026-09-28 19:19:33.700194+00,2026-09-28 19:19:33.700194+00
10,16384,t,3771269362132575902,"FETCH 50 IN ""query-cursor_10""",0,0,0,0,0,0,3,0.012853,0.003324,0.006102,0.004284333333333334,0.001285972092318578,150,0,0,0,0,0,0,0,0,0,0,0,0,0,0,0,0,0,0,0,0,0,0,0,0,0,0,0,0,0,2026-09-28 19:27:53.649108+00,2026-09-28 19:27:53.649108+00
10,16384,t,-8982511916462836618,"DECLARE ""query-cursor_96"" SCROLL CURSOR FOR select queryid, left(query, $1), calls, (total_plan_time + total_exec_time) as total_time from aurora_stat_statements($2) order by calls desc limit $3 FOR READ ONLY",0,0,0,0,0,0,1,0.080126,0.080126,0.080126,0.080126,0,0,0,0,0,0,0,0,0,0,0,0,0,0,0,0,0,0,0,0,0,0,0,0,0,0,0,0,0,0,0,2026-09-28 20:55:53.662854+00,2026-09-28 20:55:53.662854+00
16410,16412,t,3967711092468618269,"SELECT RES_ENT_ID,REL_ENT_ID,RES_REL_ID FROM RES_REL_EKEY WHERE RES_ENT_ID IN ($1)",0,0,0,0,0,0,48466289,7296527.9937123,0.0019450000000000001,1368.604469,0.1505485182435218,3.231546410999988,39560820,233582970,230636,0,0,0,0,0,0,0,0,3749657.890930086,0,0,0,0,0,0,0,0,0,0,0,0,0,0,0,0,0,0,2026-09-28 20:44:52.393376+00,2026-09-28 20:44:52.393376+00
10,16384,t,-863015687314885948,"FETCH 37 IN ""query-cursor_5""",0,0,0,0,0,0,1,0.003167,0.003167,0.003167,0.003167,0,37,0,0,0,0,0,0,0,0,0,0,0,0,0,0,0,0,0,0,0,0,0,0,0,0,0,0,0,0,0,2026-09-28 19:22:53.649119+00,2026-09-28 19:22:53.649119+00
10,16384,t,-5357382279410069445,"MOVE ALL IN ""query-cursor_27""",0,0,0,0,0,0,1,0.60394,0.60394,0.60394,0.60394,0,0,0,0,0,0,0,0,0,0,0,0,0,0,0,0,0,0,0,0,0,0,0,0,0,0,0,0,0,0,0,2026-09-28 19:44:53.650541+00,2026-09-28 19:44:53.650541+00
10,16384,t,-1982078181218991043,"FETCH 50 IN ""query-cursor_162""",0,0,0,0,0,0,32,0.5795849999999998,0.010296,0.045102,0.018112031249999994,0.007493677837368874,1600,0,0,0,0,0,0,0,0,0,0,0,0,0,0,0,0,0,0,0,0,0,0,0,0,0,0,0,0,0,2026-09-28 23:11:53.936455+00,2026-09-28 23:11:53.936455+00
16410,16412,t,-2365156514404102692,"SELECT min(captured_at) FILTER (WHERE label=$1) AS baseline_at,
       max(captured_at) FILTER (WHERE label=$2)    AS final_at,
       max(captured_at) FILTER (WHERE label=$3)
         - min(captured_at) FILTER (WHERE label=$4) AS elapsed
FROM perf.snap_scalar",0,0,0,0,0,0,1,0.021826,0.021826,0.021826,0.021826,0,1,1,0,0,0,0,0,0,0,0,0,0,0,0,0,0,0,0,0,0,0,0,0,0,0,0,0,0,0,0,2026-09-29 01:21:06.800732+00,2026-09-29 01:21:06.800732+00
10,16384,t,-6568633275343683738,"FETCH 25 IN ""query-cursor_46""",0,0,0,0,0,0,1,0.002706,0.002706,0.002706,0.002706,0,25,0,0,0,0,0,0,0,0,0,0,0,0,0,0,0,0,0,0,0,0,0,0,0,0,0,0,0,0,0,2026-09-28 20:03:53.654036+00,2026-09-28 20:03:53.654036+00
10,16384,t,4583534835356614174,"MOVE ALL IN ""query-cursor_151""",0,0,0,0,0,0,1,39.890172,39.890172,39.890172,39.890172,0,0,0,0,0,0,0,0,0,0,0,0,0,0,0,0,0,0,0,0,0,0,0,0,0,0,0,0,0,0,0,2026-09-28 22:47:53.83963+00,2026-09-28 22:47:53.83963+00
16410,16412,t,72437734615173454,"CREATE INDEX RES_ENT_OKEY_SK ON RES_ENT_OKEY(RES_ENT_ID, OBS_ENT_ID)",0,0,0,0,0,0,1,2.477332,2.477332,2.477332,2.477332,0,0,114,0,0,0,0,0,0,0,0,0,0,0,0,0,0,0,0,0,0,0,0,0,0,0,0,0,0,0,0,2026-09-28 19:20:35.872489+00,2026-09-28 19:20:35.872489+00
16410,16412,t,753918101870220099,"SELECT LIB_FEAT_ID,FTYPE_ID,UTYPE_CODE,SUPPRESSED,OBS_ENT_CNT FROM RES_FEAT_EKEY WHERE RES_ENT_ID=$1 AND LIB_FEAT_ID IN ($2,$3,$4,$5,$6,$7,$8,$9,$10,$11,$12,$13,$14,$15,$16,$17)",0,0,0,0,0,0,377,560.5219549999996,0.028481,68.514151,1.4867956366047734,6.129253486453091,1018,9430,103,0,0,0,0,0,0,0,0,509.95900100000006,0,0,0,0,0,0,0,0,0,0,0,0,0,0,0,0,0,0,2026-09-28 21:06:25.54465+00,2026-09-28 21:06:25.54465+00
10,16384,t,5934400821801536006,"DECLARE ""query-cursor_36"" SCROLL CURSOR FOR select queryid, left(query, $1), calls, (total_plan_time + total_exec_time) as total_time from aurora_stat_statements($2) order by calls desc limit $3 FOR READ ONLY",0,0,0,0,0,0,1,0.068258,0.068258,0.068258,0.068258,0,0,0,0,0,0,0,0,0,0,0,0,0,0,0,0,0,0,0,0,0,0,0,0,0,0,0,0,0,0,0,2026-09-28 19:53:53.650496+00,2026-09-28 19:53:53.650496+00
10,16384,t,3374080478668578402,"FETCH 0 IN ""query-cursor_229""",0,0,0,0,0,0,1,0.003926,0.003926,0.003926,0.003926,0,0,0,0,0,0,0,0,0,0,0,0,0,0,0,0,0,0,0,0,0,0,0,0,0,0,0,0,0,0,0,2026-09-29 01:18:53.666231+00,2026-09-29 01:18:53.666231+00
10,16384,t,5649760721820237031,"FETCH 0 IN ""query-cursor_192""",0,0,0,0,0,0,1,0.003206,0.003206,0.003206,0.003206,0,0,0,0,0,0,0,0,0,0,0,0,0,0,0,0,0,0,0,0,0,0,0,0,0,0,0,0,0,0,0,2026-09-29 00:13:53.663376+00,2026-09-29 00:13:53.663376+00
10,16384,t,-8883054155788225059,"DECLARE ""query-cursor_233"" SCROLL CURSOR FOR select queryid, left(query, $1), calls, (total_plan_time + total_exec_time) as total_time from aurora_stat_statements($2) order by calls desc limit $3 FOR READ ONLY",0,0,0,0,0,0,1,0.076559,0.076559,0.076559,0.076559,0,0,0,0,0,0,0,0,0,0,0,0,0,0,0,0,0,0,0,0,0,0,0,0,0,0,0,0,0,0,0,2026-09-29 01:23:53.666731+00,2026-09-29 01:23:53.666731+00
16410,16412,t,-1885023123825823682,"SELECT RES_REL_ID,MIN_RES_ENT_ID,MAX_RES_ENT_ID,IS_DISCLOSED,IS_AMBIGUOUS,LAST_ERRULE_ID,MATCH_LEVELS,MATCH_KEY,MATCH_KEY_DETAILS FROM RES_RELATE WHERE RES_REL_ID IN ($1,$2,$3,$4,$5,$6,$7,$8,$9,$10,$11,$12,$13,$14,$15,$16)",0,0,0,0,0,0,473882,3259115.028852098,0.019982,1104.573619,6.877482218890142,23.609284864696534,5171873,12725123,532000,0,0,0,0,0,0,0,0,2967833.9461869765,0,0,0,0,0,0,0,0,0,0,0,0,0,0,0,0,0,0,2026-09-28 20:44:58.914654+00,2026-09-28 20:44:58.914654+00
10,16384,t,7542918060122424729,"MOVE ALL IN ""query-cursor_179""",0,0,0,0,0,0,1,7.153092,7.153092,7.153092,7.153092,0,0,0,0,0,0,0,0,0,0,0,0,0,0,0,0,0,0,0,0,0,0,0,0,0,0,0,0,0,0,0,2026-09-28 23:47:53.718503+00,2026-09-28 23:47:53.718503+00
10,16384,t,-7900213409514630949,"FETCH 31 IN ""query-cursor_18""",0,0,0,0,0,0,1,0.002425,0.002425,0.002425,0.002425,0,31,0,0,0,0,0,0,0,0,0,0,0,0,0,0,0,0,0,0,0,0,0,0,0,0,0,0,0,0,0,2026-09-28 19:35:53.650647+00,2026-09-28 19:35:53.650647+00
10,16384,t,5853544804209105791,"FETCH 50 IN ""query-cursor_71""",0,0,0,0,0,0,11,0.038003,0.002729,0.006834,0.003454818181818182,0.0010878166471658905,550,0,0,0,0,0,0,0,0,0,0,0,0,0,0,0,0,0,0,0,0,0,0,0,0,0,0,0,0,0,2026-09-28 20:28:53.654604+00,2026-09-28 20:28:53.654604+00
10,16384,t,-3880707182984351809,"FETCH 20 IN ""query-cursor_129""",0,0,0,0,0,0,1,0.00849,0.00849,0.00849,0.00849,0,20,0,0,0,0,0,0,0,0,0,0,0,0,0,0,0,0,0,0,0,0,0,0,0,0,0,0,0,0,0,2026-09-28 22:01:53.854251+00,2026-09-28 22:01:53.854251+00
16410,16412,t,9002429073143593448,DELETE FROM RES_FEAT_EKEY WHERE ((RES_ENT_ID=$1 AND LIB_FEAT_ID=$2 AND UTYPE_CODE=$3)OR(RES_ENT_ID=$4 AND LIB_FEAT_ID=$5 AND UTYPE_CODE=$6)OR(RES_ENT_ID=$7 AND LIB_FEAT_ID=$8 AND UTYPE_CODE=$9)OR(RES_ENT_ID=$10 AND LIB_FEAT_ID=$11 AND UTYPE_CODE=$12)OR(RES_ENT_ID=$13 AND LIB_FEAT_ID=$14 AND UTYPE_CODE=$15)OR(RES_ENT_ID=$16 AND LIB_FEAT_ID=$17 AND UTYPE_CODE=$18)OR(RES_ENT_ID=$19 AND LIB_FEAT_ID=$20 AND UTYPE_CODE=$21)OR(RES_ENT_ID=$22 AND LIB_FEAT_ID=$23 AND UTYPE_CODE=$24)OR(RES_ENT_ID=$25 AND LIB_FEAT_ID=$26 AND UTYPE_CODE=$27)OR(RES_ENT_ID=$28 AND LIB_FEAT_ID=$29 AND UTYPE_CODE=$30)OR(RES_ENT_ID=$31 AND LIB_FEAT_ID=$32 AND UTYPE_CODE=$33)OR(RES_ENT_ID=$34 AND LIB_FEAT_ID=$35 AND UTYPE_CODE=$36)OR(RES_ENT_ID=$37 AND LIB_FEAT_ID=$38 AND UTYPE_CODE=$39)OR(RES_ENT_ID=$40 AND LIB_FEAT_ID=$41 AND UTYPE_CODE=$42)),0,0,0,0,0,0,13207,168779.42316399986,0.027605,340.18394,12.779542906337538,30.015201395186317,166219,918690,2359,0,0,0,0,0,0,0,0,79455.56069999983,0,0,0,0,0,0,0,0,0,0,0,0,0,0,0,0,0,0,2026-09-28 20:45:12.084881+00,2026-09-28 20:45:12.084881+00
10,16384,t,-2074524276397679813,"MOVE ALL IN ""query-cursor_67""",0,0,0,0,0,0,1,1.221404,1.221404,1.221404,1.221404,0,0,0,0,0,0,0,0,0,0,0,0,0,0,0,0,0,0,0,0,0,0,0,0,0,0,0,0,0,0,0,2026-09-28 20:24:53.654123+00,2026-09-28 20:24:53.654123+00
16410,16412,t,6621315299942019125,"SELECT RES_ENT_ID,LIB_FEAT_ID,FTYPE_ID,UTYPE_CODE,SUPPRESSED,OBS_ENT_CNT FROM RES_FEAT_EKEY WHERE RES_ENT_ID IN ($1,$2,$3,$4,$5,$6,$7,$8,$9,$10,$11,$12,$13,$14,$15,$16,$17,$18,$19,$20,$21,$22,$23,$24,$25,$26,$27,$28,$29,$30,$31,$32) AND FTYPE_ID IN ($33,$34,$35,$36,$37,$38,$39,$40,$41,$42,$43)",0,0,0,0,0,0,633,10849.718644000002,0.33687799999999996,520.324144,17.140155835703005,38.58388034342868,203371,65936,530,0,0,0,0,0,0,0,0,8807.630406999999,0,0,0,0,0,0,0,0,0,0,0,0,0,0,0,0,0,0,2026-09-28 20:47:13.726869+00,2026-09-28 20:47:13.726869+00
10,16384,t,-5331616900385557213,"MOVE -360 IN ""query-cursor_35""",0,0,0,0,0,0,1,0.010204,0.010204,0.010204,0.010204,0,0,0,0,0,0,0,0,0,0,0,0,0,0,0,0,0,0,0,0,0,0,0,0,0,0,0,0,0,0,0,2026-09-28 19:52:53.651362+00,2026-09-28 19:52:53.651362+00
10,16384,t,-5059883840967970414,"FETCH 40 IN ""query-cursor_186""",0,0,0,0,0,0,1,0.032649,0.032649,0.032649,0.032649,0,40,0,0,0,0,0,0,0,0,0,0,0,0,0,0,0,0,0,0,0,0,0,0,0,0,0,0,0,0,0,2026-09-29 00:01:53.783598+00,2026-09-29 00:01:53.783598+00
16410,16412,t,-2439952444218196728,"SELECT RES_ENT_ID,LIB_FEAT_ID,FTYPE_ID,UTYPE_CODE,SUPPRESSED,OBS_ENT_CNT FROM RES_FEAT_EKEY WHERE RES_ENT_ID IN ($1,$2,$3,$4) AND FTYPE_ID IN ($5,$6,$7,$8,$9,$10,$11,$12,$13,$14,$15,$16,$17,$18,$19,$20,$21,$22,$23,$24,$25,$26,$27,$28,$29,$30,$31,$32,$33,$34,$35,$36,$37,$38,$39,$40,$41,$42,$43,$44,$45,$46,$47,$48,$49,$50,$51,$52,$53,$54,$55,$56,$57,$58,$59)",0,0,0,0,0,0,30,2.806473,0.06804,0.135833,0.0935491,0.0164582731361262,466,482,0,0,0,0,0,0,0,0,0,0,0,0,0,0,0,0,0,0,0,0,0,0,0,0,0,0,0,0,2026-09-28 21:51:31.999975+00,2026-09-28 21:51:31.999975+00
10,16384,t,-4451726907988273337,"FETCH 0 IN ""query-cursor_160""",0,0,0,0,0,0,1,0.004835,0.004835,0.004835,0.004835,0,0,0,0,0,0,0,0,0,0,0,0,0,0,0,0,0,0,0,0,0,0,0,0,0,0,0,0,0,0,0,2026-09-28 23:07:53.785238+00,2026-09-28 23:07:53.785238+00
10,16384,t,-5310823441199021264,"FETCH 0 IN ""query-cursor_82""",0,0,0,0,0,0,1,0.003356,0.003356,0.003356,0.003356,0,0,0,0,0,0,0,0,0,0,0,0,0,0,0,0,0,0,0,0,0,0,0,0,0,0,0,0,0,0,0,2026-09-28 20:39:53.654042+00,2026-09-28 20:39:53.654042+00
10,16384,t,-3701478371392636756,"FETCH 50 IN ""query-cursor_192""",0,0,0,0,0,0,36,0.20721399999999995,0.003613,0.00852,0.005755944444444443,0.0014206118584853273,1800,0,0,0,0,0,0,0,0,0,0,0,0,0,0,0,0,0,0,0,0,0,0,0,0,0,0,0,0,0,2026-09-29 00:13:53.668968+00,2026-09-29 00:13:53.668968+00
10,16384,t,-4395482768090880934,SET statement_timeout=$1,0,0,0,0,0,0,15273,82.20728200000076,0.000933,0.415919,0.005382523538270199,0.00595323558878944,0,0,0,0,0,0,0,0,0,0,0,0,0,0,0,0,0,0,0,0,0,0,0,0,0,0,0,0,0,0,2026-09-28 19:18:53.015949+00,2026-09-28 19:18:53.015949+00
10,16384,t,1699139041077712982,"MOVE ALL IN ""query-cursor_205""",0,0,0,0,0,0,1,14.333042,14.333042,14.333042,14.333042,0,0,0,0,0,0,0,0,0,0,0,0,0,0,0,0,0,0,0,0,0,0,0,0,0,0,0,0,0,0,0,2026-09-29 00:33:53.72477+00,2026-09-29 00:33:53.72477+00
10,16384,t,6120741219673724697,"FETCH 8 IN ""query-cursor_142""",0,0,0,0,0,0,1,0.007467,0.007467,0.007467,0.007467,0,8,0,0,0,0,0,0,0,0,0,0,0,0,0,0,0,0,0,0,0,0,0,0,0,0,0,0,0,0,0,2026-09-28 22:29:53.902094+00,2026-09-28 22:29:53.902094+00
16410,16412,t,-8616807564044195877,"DELETE FROM RES_REL_EKEY WHERE (RES_ENT_ID,REL_ENT_ID,RES_REL_ID) IN (($1,$2,$3),($4,$5,$6))",0,0,0,0,0,0,1167002,693598.4185699373,0.008107,408.85202999999996,0.5943420993022611,3.306113415474106,2332986,12531167,10681,0,0,0,0,0,0,0,0,76405.46434000005,0,0,0,0,0,0,0,0,0,0,0,0,0,0,0,0,0,0,2026-09-28 20:44:58.578874+00,2026-09-28 20:44:58.578874+00
10,16384,t,-8113855222960972829,"FETCH 42 IN ""query-cursor_132""",0,0,0,0,0,0,1,0.008557,0.008557,0.008557,0.008557,0,42,0,0,0,0,0,0,0,0,0,0,0,0,0,0,0,0,0,0,0,0,0,0,0,0,0,0,0,0,0,2026-09-28 22:07:53.983417+00,2026-09-28 22:07:53.983417+00
10,16384,t,3085595373514498186,"MOVE ALL IN ""query-cursor_126""",0,0,0,0,0,0,1,13.802779,13.802779,13.802779,13.802779,0,0,0,0,0,0,0,0,0,0,0,0,0,0,0,0,0,0,0,0,0,0,0,0,0,0,0,0,0,0,0,2026-09-28 21:55:53.706685+00,2026-09-28 21:55:53.706685+00
10,16384,t,6958308882266732345,"FETCH 50 IN ""query-cursor_33""",0,0,0,0,0,0,6,0.023342,0.003129,0.005931,0.0038903333333333338,0.0009449084023802991,300,0,0,0,0,0,0,0,0,0,0,0,0,0,0,0,0,0,0,0,0,0,0,0,0,0,0,0,0,0,2026-09-28 19:50:53.651206+00,2026-09-28 19:50:53.651206+00
10,16384,t,-663328634070792469,"DECLARE ""query-cursor_196"" SCROLL CURSOR FOR select queryid, left(query, $1), calls, (total_plan_time + total_exec_time) as total_time from aurora_stat_statements($2) order by calls desc limit $3 FOR READ ONLY",0,0,0,0,0,0,1,0.056173,0.056173,0.056173,0.056173,0,0,0,0,0,0,0,0,0,0,0,0,0,0,0,0,0,0,0,0,0,0,0,0,0,0,0,0,0,0,0,2026-09-29 00:21:53.663317+00,2026-09-29 00:21:53.663317+00
10,16384,t,4573049291882539512,"MOVE -208 IN ""query-cursor_14""",0,0,0,0,0,0,1,0.00702,0.00702,0.00702,0.00702,0,0,0,0,0,0,0,0,0,0,0,0,0,0,0,0,0,0,0,0,0,0,0,0,0,0,0,0,0,0,0,2026-09-28 19:31:53.649502+00,2026-09-28 19:31:53.649502+00
16410,16412,t,3882418298296894432,"SELECT RES_ENT_ID,LIB_FEAT_ID,FTYPE_ID,UTYPE_CODE,SUPPRESSED,OBS_ENT_CNT FROM RES_FEAT_EKEY WHERE RES_ENT_ID IN ($1,$2,$3,$4,$5,$6,$7,$8,$9,$10,$11,$12,$13,$14,$15,$16) AND FTYPE_ID IN ($17,$18,$19,$20,$21,$22,$23,$24,$25,$26,$27,$28,$29)",0,0,0,0,0,0,76142,573300.338241001,0.09939400000000001,861.600819,7.529357493118135,24.418032895106855,14349584,4223763,27147,0,0,0,0,0,0,0,0,447332.64103600004,0,0,0,0,0,0,0,0,0,0,0,0,0,0,0,0,0,0,2026-09-28 20:44:55.83016+00,2026-09-28 20:44:55.83016+00
16410,16412,t,7555398946580721273,"UPDATE OBS_ENT SET LOCKING_ID=LOCKING_ID+$6,LOCK_DSRC_ACTION=$1 WHERE OBS_ENT_ID IN ($2,$3,$4,$5)",0,0,0,0,0,0,616418,1443054.4153159377,0.030871000000000003,1155.195657,2.341032246488483,14.157769007232767,2039705,22190819,78361,0,10834,0,0,0,0,0,0,511761.7676970001,119.58150199999999,0,0,0,0,0,0,0,0,0,0,0,0,0,0,0,0,0,2026-09-28 20:45:28.946489+00,2026-09-28 20:45:28.946489+00
10,16384,t,-6973242444905687854,"MOVE -1746 IN ""query-cursor_179""",0,0,0,0,0,0,1,0.074445,0.074445,0.074445,0.074445,0,0,0,0,0,0,0,0,0,0,0,0,0,0,0,0,0,0,0,0,0,0,0,0,0,0,0,0,0,0,0,2026-09-28 23:47:53.718674+00,2026-09-28 23:47:53.718674+00
16410,16412,t,20317077661107500,"SELECT OBS_ENT_ID,DSRC_ID,ENT_SRC_KEY,LOCKING_ID,FEATURES FROM OBS_ENT WHERE OBS_ENT_ID IN ($1)",0,0,0,0,0,0,49122494,18081371.973952685,0.004332,1025.623914,0.36808741783250426,5.573642177933912,49122494,245046557,751939,0,0,0,0,0,0,0,0,14173367.575207904,0,0,0,0,0,0,0,0,0,0,0,0,0,0,0,0,0,0,2026-09-28 20:44:58.444136+00,2026-09-28 20:44:58.444136+00
16410,16412,t,-4515678651448741696,"DELETE FROM RES_REL_EKEY WHERE (RES_ENT_ID,REL_ENT_ID,RES_REL_ID) IN (($1,$2,$3),($4,$5,$6),($7,$8,$9),($10,$11,$12),($13,$14,$15),($16,$17,$18),($19,$20,$21),($22,$23,$24),($25,$26,$27),($28,$29,$30),($31,$32,$33),($34,$35,$36),($37,$38,$39),($40,$41,$42),($43,$44,$45),($46,$47,$48))",0,0,0,0,0,0,129515,463580.05371899303,0.066637,378.62449300000003,3.5793541575801493,13.2479033148778,1498682,9900882,3860,0,0,0,0,0,0,0,0,82996.81800400009,0,0,0,0,0,0,0,0,0,0,0,0,0,0,0,0,0,0,2026-09-28 20:44:58.589123+00,2026-09-28 20:44:58.589123+00
10,16384,t,1588543583284508676,"DECLARE ""query-cursor_62"" SCROLL CURSOR FOR select queryid, left(query, $1), calls, (total_plan_time + total_exec_time) as total_time from aurora_stat_statements($2) order by calls desc limit $3 FOR READ ONLY",0,0,0,0,0,0,1,0.064677,0.064677,0.064677,0.064677,0,0,0,0,0,0,0,0,0,0,0,0,0,0,0,0,0,0,0,0,0,0,0,0,0,0,0,0,0,0,0,2026-09-28 20:19:53.652429+00,2026-09-28 20:19:53.652429+00
16410,16412,t,1993119429907790555,"INSERT INTO RES_REL_EKEY(RES_REL_ID,RES_ENT_ID,REL_ENT_ID) VALUES ($1,$2,$3),($4,$5,$6),($7,$8,$9),($10,$11,$12),($13,$14,$15),($16,$17,$18),($19,$20,$21),($22,$23,$24),($25,$26,$27),($28,$29,$30),($31,$32,$33),($34,$35,$36),($37,$38,$39),($40,$41,$42),($43,$44,$45),($46,$47,$48),($49,$50,$51),($52,$53,$54),($55,$56,$57),($58,$59,$60),($61,$62,$63),($64,$65,$66),($67,$68,$69),($70,$71,$72),($73,$74,$75),($76,$77,$78),($79,$80,$81),($82,$83,$84),($85,$86,$87),($88,$89,$90) ON CONFLICT DO NOTHING",0,0,0,0,0,0,83,1019.1319020000003,0.5689449999999999,122.700396,12.278697614457835,27.15813486059858,2490,22941,1,0,16,0,0,0,0,0,0,106.776107,1.2312250000000002,0,0,0,0,0,0,0,0,0,0,0,0,0,0,0,0,0,2026-09-28 21:02:06.268645+00,2026-09-28 21:02:06.268645+00
10,16384,t,-136148264956630609,"DECLARE ""query-cursor_93"" SCROLL CURSOR FOR select queryid, left(query, $1), calls, (total_plan_time + total_exec_time) as total_time from aurora_stat_statements($2) order by calls desc limit $3 FOR READ ONLY",0,0,0,0,0,0,1,1.471451,1.471451,1.471451,1.471451,0,0,0,0,0,0,0,0,0,0,0,0,0,0,0,0,0,0,0,0,0,0,0,0,0,0,0,0,0,0,0,2026-09-28 20:50:53.658411+00,2026-09-28 20:50:53.658411+00
10,16384,t,-1564986821697819574,"MOVE ALL IN ""query-cursor_170""",0,0,0,0,0,0,1,7.267661,7.267661,7.267661,7.267661,0,0,0,0,0,0,0,0,0,0,0,0,0,0,0,0,0,0,0,0,0,0,0,0,0,0,0,0,0,0,0,2026-09-28 23:27:53.78316+00,2026-09-28 23:27:53.78316+00
10,16384,t,-6256322447910236357,"MOVE -402 IN ""query-cursor_42""",0,0,0,0,0,0,1,0.011667,0.011667,0.011667,0.011667,0,0,0,0,0,0,0,0,0,0,0,0,0,0,0,0,0,0,0,0,0,0,0,0,0,0,0,0,0,0,0,2026-09-28 19:59:53.652071+00,2026-09-28 19:59:53.652071+00
10,16384,t,3540459227673306476,"FETCH 0 IN ""query-cursor_170""",0,0,0,0,0,0,1,0.005717,0.005717,0.005717,0.005717,0,0,0,0,0,0,0,0,0,0,0,0,0,0,0,0,0,0,0,0,0,0,0,0,0,0,0,0,0,0,0,2026-09-28 23:27:53.775811+00,2026-09-28 23:27:53.775811+00
10,16384,t,-596707371274833611,"FETCH 50 IN ""query-cursor_51""",0,0,0,0,0,0,9,0.031128000000000003,0.002826,0.005659,0.003458666666666667,0.0008311596985203531,450,0,0,0,0,0,0,0,0,0,0,0,0,0,0,0,0,0,0,0,0,0,0,0,0,0,0,0,0,0,2026-09-28 20:08:53.652809+00,2026-09-28 20:08:53.652809+00
10,16384,t,6653483181614798911,"MOVE ALL IN ""query-cursor_137""",0,0,0,0,0,0,1,6.638378,6.638378,6.638378,6.638378,0,0,0,0,0,0,0,0,0,0,0,0,0,0,0,0,0,0,0,0,0,0,0,0,0,0,0,0,0,0,0,2026-09-28 22:19:53.821446+00,2026-09-28 22:19:53.821446+00
10,16384,t,-5759200098334935571,"FETCH 50 IN ""query-cursor_136""",0,0,0,0,0,0,29,0.44709100000000007,0.009034,0.021109,0.01541693103448276,0.003010423122179688,1450,0,0,0,0,0,0,0,0,0,0,0,0,0,0,0,0,0,0,0,0,0,0,0,0,0,0,0,0,0,2026-09-28 22:17:53.920871+00,2026-09-28 22:17:53.920871+00
10,16384,t,4326887781967891536,"FETCH 50 IN ""query-cursor_159""",0,0,0,0,0,0,32,0.5072859999999998,0.008043,0.02862,0.015852687499999994,0.005326125224057703,1600,0,0,0,0,0,0,0,0,0,0,0,0,0,0,0,0,0,0,0,0,0,0,0,0,0,0,0,0,0,2026-09-28 23:05:53.790584+00,2026-09-28 23:05:53.790584+00
10,16384,t,4188846255336720841,"FETCH 50 IN ""query-cursor_193""",0,0,0,0,0,0,36,0.176015,0.003078,0.009114,0.004889305555555556,0.0011502540738521992,1800,0,0,0,0,0,0,0,0,0,0,0,0,0,0,0,0,0,0,0,0,0,0,0,0,0,0,0,0,0,2026-09-29 00:15:53.668189+00,2026-09-29 00:15:53.668189+00
10,16384,t,-119932979808689109,"FETCH 11 IN ""query-cursor_166""",0,0,0,0,0,0,1,0.007478,0.007478,0.007478,0.007478,0,11,0,0,0,0,0,0,0,0,0,0,0,0,0,0,0,0,0,0,0,0,0,0,0,0,0,0,0,0,0,2026-09-28 23:19:53.893337+00,2026-09-28 23:19:53.893337+00
10,16384,t,-6414258638972133069,"MOVE -620 IN ""query-cursor_78""",0,0,0,0,0,0,1,0.015628,0.015628,0.015628,0.015628,0,0,0,0,0,0,0,0,0,0,0,0,0,0,0,0,0,0,0,0,0,0,0,0,0,0,0,0,0,0,0,2026-09-28 20:35:53.655279+00,2026-09-28 20:35:53.655279+00
10,16384,t,-7212267307207851544,"FETCH 32 IN ""query-cursor_177""",0,0,0,0,0,0,1,0.00948,0.00948,0.00948,0.00948,0,32,0,0,0,0,0,0,0,0,0,0,0,0,0,0,0,0,0,0,0,0,0,0,0,0,0,0,0,0,0,2026-09-28 23:43:53.924484+00,2026-09-28 23:43:53.924484+00
10,16384,t,1456837982054200475,"FETCH 50 IN ""query-cursor_174""",0,0,0,0,0,0,34,0.5366730000000001,0.011136,0.025115,0.015784500000000003,0.004167818051309766,1700,0,0,0,0,0,0,0,0,0,0,0,0,0,0,0,0,0,0,0,0,0,0,0,0,0,0,0,0,0,2026-09-28 23:37:53.896005+00,2026-09-28 23:37:53.896005+00
16410,16412,t,4854535455940812919,"SELECT RES_ENT_ID,REL_ENT_ID,RES_REL_ID FROM RES_REL_EKEY WHERE RES_ENT_ID IN ($1,$2)",0,0,0,0,0,0,2177362,527865.383531991,0.004988,537.676809,0.2424334509061842,4.048749592166389,6747088,23972798,14604,0,0,0,0,0,0,0,0,252904.26220699988,0,0,0,0,0,0,0,0,0,0,0,0,0,0,0,0,0,0,2026-09-28 20:44:57.298907+00,2026-09-28 20:44:57.298907+00
10,16384,t,-6332852594660692777,"FETCH 50 IN ""query-cursor_91""",0,0,0,0,0,0,22,0.25337000000000004,0.008796,0.016987,0.011516818181818184,0.0021075175538223688,1100,0,0,0,0,0,0,0,0,0,0,0,0,0,0,0,0,0,0,0,0,0,0,0,0,0,0,0,0,0,2026-09-28 20:48:53.659549+00,2026-09-28 20:48:53.659549+00
10,16384,t,-1461193462637338814,"FETCH 11 IN ""query-cursor_60""",0,0,0,0,0,0,1,0.001996,0.001996,0.001996,0.001996,0,11,0,0,0,0,0,0,0,0,0,0,0,0,0,0,0,0,0,0,0,0,0,0,0,0,0,0,0,0,0,2026-09-28 20:17:53.655833+00,2026-09-28 20:17:53.655833+00
10,16384,t,3499929625400338155,"FETCH 50 IN ""query-cursor_124""",0,0,0,0,0,0,27,0.41739100000000007,0.009471,0.02475,0.015458925925925928,0.0039249059712815944,1350,0,0,0,0,0,0,0,0,0,0,0,0,0,0,0,0,0,0,0,0,0,0,0,0,0,0,0,0,0,2026-09-28 21:51:53.791231+00,2026-09-28 21:51:53.791231+00
16410,16412,t,-6019320501356650632,"SELECT RES_ENT_ID,LIB_FEAT_ID,FTYPE_ID,UTYPE_CODE,SUPPRESSED,OBS_ENT_CNT FROM RES_FEAT_EKEY WHERE RES_ENT_ID IN ($1,$2,$3,$4) AND FTYPE_ID IN ($5,$6,$7,$8,$9,$10,$11,$12,$13,$14,$15,$16,$17,$18,$19,$20,$21,$22,$23,$24,$25,$26,$27,$28,$29,$30,$31,$32,$33,$34,$35,$36,$37,$38,$39,$40,$41,$42,$43,$44,$45,$46,$47,$48,$49,$50,$51,$52,$53,$54,$55,$56,$57,$58,$59,$60,$61)",0,0,0,0,0,0,7,0.683008,0.078435,0.11452,0.09757257142857143,0.01331850501967784,148,123,0,0,0,0,0,0,0,0,0,0,0,0,0,0,0,0,0,0,0,0,0,0,0,0,0,0,0,0,2026-09-28 23:00:20.948622+00,2026-09-28 23:00:20.948622+00
10,16384,t,4318471553345765097,"FETCH 50 IN ""query-cursor_156""",0,0,0,0,0,0,31,0.662314,0.011449,0.04906,0.021364967741935484,0.00887260082786171,1550,0,0,0,0,0,0,0,0,0,0,0,0,0,0,0,0,0,0,0,0,0,0,0,0,0,0,0,0,0,2026-09-28 22:57:53.841167+00,2026-09-28 22:57:53.841167+00
16410,16412,t,1991016439677583512,DELETE FROM RES_FEAT_EKEY WHERE ((RES_ENT_ID=$1 AND LIB_FEAT_ID=$2 AND UTYPE_CODE=$3)OR(RES_ENT_ID=$4 AND LIB_FEAT_ID=$5 AND UTYPE_CODE=$6)OR(RES_ENT_ID=$7 AND LIB_FEAT_ID=$8 AND UTYPE_CODE=$9)OR(RES_ENT_ID=$10 AND LIB_FEAT_ID=$11 AND UTYPE_CODE=$12)OR(RES_ENT_ID=$13 AND LIB_FEAT_ID=$14 AND UTYPE_CODE=$15)OR(RES_ENT_ID=$16 AND LIB_FEAT_ID=$17 AND UTYPE_CODE=$18)OR(RES_ENT_ID=$19 AND LIB_FEAT_ID=$20 AND UTYPE_CODE=$21)OR(RES_ENT_ID=$22 AND LIB_FEAT_ID=$23 AND UTYPE_CODE=$24)OR(RES_ENT_ID=$25 AND LIB_FEAT_ID=$26 AND UTYPE_CODE=$27)OR(RES_ENT_ID=$28 AND LIB_FEAT_ID=$29 AND UTYPE_CODE=$30)OR(RES_ENT_ID=$31 AND LIB_FEAT_ID=$32 AND UTYPE_CODE=$33)OR(RES_ENT_ID=$34 AND LIB_FEAT_ID=$35 AND UTYPE_CODE=$36)OR(RES_ENT_ID=$37 AND LIB_FEAT_ID=$38 AND UTYPE_CODE=$39)OR(RES_ENT_ID=$40 AND LIB_FEAT_ID=$41 AND UTYPE_CODE=$42)OR(RES_ENT_ID=$43 AND LIB_FEAT_ID=$44 AND UTYPE_CODE=$45)OR(RES_ENT_ID=$46 AND LIB_FEAT_ID=$47 AND UTYPE_CODE=$48)OR(RES_ENT_ID=$49 AND LIB_FEAT_ID=$50 AND UTYPE_CODE=$51)OR(RES_ENT_ID=$52 AND LIB_FEAT_ID=$53 AND UTYPE_CODE=$54)OR(RES_ENT_ID=$55 AND LIB_FEAT_ID=$56 AND UTYPE_CODE=$57)OR(RES_ENT_ID=$58 AND LIB_FEAT_ID=$59 AND UTYPE_CODE=$60)OR(RES_ENT_ID=$61 AND LIB_FEAT_ID=$62 AND UTYPE_CODE=$63)OR(RES_ENT_ID=$64 AND LIB_FEAT_ID=$65 AND UTYPE_CODE=$66)OR(RES_ENT_ID=$67 AND LIB_FEAT_ID=$68 AND UTYPE_CODE=$69)OR(RES_ENT_ID=$70 AND LIB_FEAT_ID=$71 AND UTYPE_CODE=$72)OR(RES_ENT_ID=$73 AND LIB_FEAT_ID=$74 AND UTYPE_CODE=$75)OR(RES_ENT_ID=$76 AND LIB_FEAT_ID=$77 AND UTYPE_CODE=$78)OR(RES_ENT_ID=$79 AND LIB_FEAT_ID=$80 AND UTYPE_CODE=$81)OR(RES_ENT_ID=$82 AND LIB_FEAT_ID=$83 AND UTYPE_CODE=$84)OR(RES_ENT_ID=$85 AND LIB_FEAT_ID=$86 AND UTYPE_CODE=$87)OR(RES_ENT_ID=$88 AND LIB_FEAT_ID=$89 AND UTYPE_CODE=$90)OR(RES_ENT_ID=$91 AND LIB_FEAT_ID=$92 AND UTYPE_CODE=$93)),0,0,0,0,0,0,6680,168379.95757799988,0.09194100000000001,837.292553,25.206580475748485,48.042336658332594,160081,995558,1985,0,0,0,0,0,0,0,0,87147.7077819999,0,0,0,0,0,0,0,0,0,0,0,0,0,0,0,0,0,0,2026-09-28 20:46:45.905642+00,2026-09-28 20:46:45.905642+00
10,16384,t,-7672117833694704649,"SELECT DATNAME, LARGEST_DB_BYTES, ALL_DB_BYTES, OLDEST_XACT_SEC, OLDEST_XACT_XID
FROM (
SELECT DATNAME, DATALLOWCONN, CONNECTIONS, BYTES
,MAX(BYTES) OVER () LARGEST_DB_BYTES
,SUM(BYTES) OVER () ALL_DB_BYTES
,MAX(SEC) OVER () OLDEST_XACT_SEC
,MAX(XID) OVER () OLDEST_XACT_XID
FROM (
SELECT D.DATNAME
,D.DATALLOWCONN
,PG_CATALOG.PG_DATABASE_SIZE(D.OID) BYTES
,SUBQ_DB_BY_ACTIVITY.CONNECTIONS
,SUBQ_DB_BY_ACTIVITY.SEC
,SUBQ_DB_BY_ACTIVITY.XID
FROM (
SELECT A.DATID
,COUNT(*) CONNECTIONS
,MAX(EXTRACT($1 FROM NOW()-XACT_START)) SEC
,MAX(AGE(BACKEND_XMIN)) XID
FROM PG_CATALOG.PG_STAT_GET_ACTIVITY($2) A
WHERE A.DATID IS NOT NULL AND A.USESYSID<>$3::REGROLE
GROUP BY A.DATID
ORDER BY COUNT(*) DESC NULLS LAST
LIMIT $4
) SUBQ_DB_BY_ACTIVITY RIGHT JOIN PG_DATABASE D ON (SUBQ_DB_BY_ACTIVITY.DATID = D.OID)
) SUBQ_GET_BYTES_ONLY_ONCE
) SUBQ_AGGREGATES_BEFORE_FILTER
WHERE DATNAME<>$5 AND DATALLOWCONN
ORDER BY CONNECTIONS DESC NULLS LAST, BYTES DESC NULLS LAST
LIMIT $6",0,0,0,0,0,0,1,1.2020170000000001,1.2020170000000001,1.2020170000000001,1.2020170000000001,0,3,5,0,0,0,0,0,0,0,0,0,0,0,0,0,0,0,0,0,0,0,0,0,0,0,0,0,0,0,0,2026-09-28 19:45:00.094631+00,2026-09-28 19:45:00.094631+00
10,16384,t,-1257930908417433660,"MOVE -2016 IN ""query-cursor_223""",0,0,0,0,0,0,1,0.043796,0.043796,0.043796,0.043796,0,0,0,0,0,0,0,0,0,0,0,0,0,0,0,0,0,0,0,0,0,0,0,0,0,0,0,0,0,0,0,2026-09-29 01:09:53.671026+00,2026-09-29 01:09:53.671026+00
10,16384,t,9017677831344198900,"FETCH 45 IN ""query-cursor_119""",0,0,0,0,0,0,1,0.011627,0.011627,0.011627,0.011627,0,45,0,0,0,0,0,0,0,0,0,0,0,0,0,0,0,0,0,0,0,0,0,0,0,0,0,0,0,0,0,2026-09-28 21:41:53.77752+00,2026-09-28 21:41:53.77752+00
10,16384,t,-8195627326822672149,"FETCH 0 IN ""query-cursor_5""",0,0,0,0,0,0,1,0.003707,0.003707,0.003707,0.003707,0,0,0,0,0,0,0,0,0,0,0,0,0,0,0,0,0,0,0,0,0,0,0,0,0,0,0,0,0,0,0,2026-09-28 19:22:53.648189+00,2026-09-28 19:22:53.648189+00
10,16384,t,-513408542903601996,"MOVE -1477 IN ""query-cursor_137""",0,0,0,0,0,0,1,0.112138,0.112138,0.112138,0.112138,0,0,0,0,0,0,0,0,0,0,0,0,0,0,0,0,0,0,0,0,0,0,0,0,0,0,0,0,0,0,0,2026-09-28 22:19:53.821706+00,2026-09-28 22:19:53.821706+00
10,16384,t,-7630332900015767086,"FETCH 0 IN ""query-cursor_208""",0,0,0,0,0,0,1,0.005136,0.005136,0.005136,0.005136,0,0,0,0,0,0,0,0,0,0,0,0,0,0,0,0,0,0,0,0,0,0,0,0,0,0,0,0,0,0,0,2026-09-29 00:39:53.667608+00,2026-09-29 00:39:53.667608+00
10,16384,t,-86617466454470891,"DECLARE ""query-cursor_47"" SCROLL CURSOR FOR select queryid, left(query, $1), calls, (total_plan_time + total_exec_time) as total_time from aurora_stat_statements($2) order by calls desc limit $3 FOR READ ONLY",0,0,0,0,0,0,1,0.066059,0.066059,0.066059,0.066059,0,0,0,0,0,0,0,0,0,0,0,0,0,0,0,0,0,0,0,0,0,0,0,0,0,0,0,0,0,0,0,2026-09-28 20:04:53.651343+00,2026-09-28 20:04:53.651343+00
10,16384,t,2692316774926510301,"DECLARE ""query-cursor_101"" SCROLL CURSOR FOR select queryid, left(query, $1), calls, (total_plan_time + total_exec_time) as total_time from aurora_stat_statements($2) order by calls desc limit $3 FOR READ ONLY",0,0,0,0,0,0,1,0.090629,0.090629,0.090629,0.090629,0,0,0,0,0,0,0,0,0,0,0,0,0,0,0,0,0,0,0,0,0,0,0,0,0,0,0,0,0,0,0,2026-09-28 21:05:54.129766+00,2026-09-28 21:05:54.129766+00
10,16384,t,-5855184805546688965,"MOVE ALL IN ""query-cursor_54""",0,0,0,0,0,0,1,1.075998,1.075998,1.075998,1.075998,0,0,0,0,0,0,0,0,0,0,0,0,0,0,0,0,0,0,0,0,0,0,0,0,0,0,0,0,0,0,0,2026-09-28 20:11:53.653027+00,2026-09-28 20:11:53.653027+00
10,16384,t,-2583154762335287781,"MOVE -1740 IN ""query-cursor_178""",0,0,0,0,0,0,1,0.1701,0.1701,0.1701,0.1701,0,0,0,0,0,0,0,0,0,0,0,0,0,0,0,0,0,0,0,0,0,0,0,0,0,0,0,0,0,0,0,2026-09-28 23:45:53.677287+00,2026-09-28 23:45:53.677287+00
16410,16412,t,-676046208135789111,"SELECT f.metric, f.value - b.value AS delta
FROM perf.snap_scalar f JOIN perf.snap_scalar b USING (metric)
WHERE f.label=$1 AND b.label=$2
ORDER BY f.metric",0,0,0,0,0,0,1,0.053923,0.053923,0.053923,0.053923,0,14,2,0,0,0,0,0,0,0,0,0,0,0,0,0,0,0,0,0,0,0,0,0,0,0,0,0,0,0,0,2026-09-29 01:21:06.802915+00,2026-09-29 01:21:06.802915+00
10,16384,t,-9199385388504578317,"FETCH 31 IN ""query-cursor_209""",0,0,0,0,0,0,1,0.008742,0.008742,0.008742,0.008742,0,31,0,0,0,0,0,0,0,0,0,0,0,0,0,0,0,0,0,0,0,0,0,0,0,0,0,0,0,0,0,2026-09-29 00:41:53.718386+00,2026-09-29 00:41:53.718386+00
16410,16412,t,8047262180899210602,"COPY  ( SELECT date_trunc ( 'minute' , first_seen_dt ) AS time, count ( * ) AS inserts_per_minute FROM dsrc_record GROUP BY time ORDER BY time DESC ) TO STDOUT WITH CSV HEADER",0,0,0,0,0,0,1,9258.492178,9258.492178,9258.492178,9258.492178,0,209,1552922,2,0,0,0,0,0,0,73402,73545,1.431078,0,0,0,107.510354,202.324128,0,0,0,0,0,0,0,0,0,0,0,0,0,2026-09-29 01:23:28.549796+00,2026-09-29 01:23:28.549796+00
16410,16412,t,-6064415992686042733,"UPDATE RES_RELATE AS T SET IS_DISCLOSED=C.IS_DISCLOSED,IS_AMBIGUOUS=C.IS_AMBIGUOUS,LAST_ERRULE_ID=C.LAST_ERRULE_ID,MATCH_KEY=C.MATCH_KEY,MATCH_KEY_DETAILS=C.MATCH_KEY_DETAILS,MATCH_LEVELS=C.MATCH_LEVELS FROM (VALUES (CAST ($1 AS BIGINT),CAST ($2 AS BIGINT),CAST ($3 AS BIGINT),CAST ($4 AS BIGINT),$5,$6,$7),(CAST ($8 AS BIGINT),CAST ($9 AS BIGINT),CAST ($10 AS BIGINT),CAST ($11 AS BIGINT),$12,$13,$14),(CAST ($15 AS BIGINT),CAST ($16 AS BIGINT),CAST ($17 AS BIGINT),CAST ($18 AS BIGINT),$19,$20,$21),(CAST ($22 AS BIGINT),CAST ($23 AS BIGINT),CAST ($24 AS BIGINT),CAST ($25 AS BIGINT),$26,$27,$28),(CAST ($29 AS BIGINT),CAST ($30 AS BIGINT),CAST ($31 AS BIGINT),CAST ($32 AS BIGINT),$33,$34,$35),(CAST ($36 AS BIGINT),CAST ($37 AS BIGINT),CAST ($38 AS BIGINT),CAST ($39 AS BIGINT),$40,$41,$42),(CAST ($43 AS BIGINT),CAST ($44 AS BIGINT),CAST ($45 AS BIGINT),CAST ($46 AS BIGINT),$47,$48,$49),(CAST ($50 AS BIGINT),CAST ($51 AS BIGINT),CAST ($52 AS BIGINT),CAST ($53 AS BIGINT),$54,$55,$56),(CAST ($57 AS BIGINT),CAST ($58 AS BIGINT),CAST ($59 AS BIGINT),CAST ($60 AS BIGINT),$61,$62,$63)) AS C(RES_REL_ID,IS_DISCLOSED,IS_AMBIGUOUS,LAST_ERRULE_ID,MATCH_KEY,MATCH_KEY_DETAILS,MATCH_LEVELS) WHERE C.RES_REL_ID=T.RES_REL_ID",0,0,0,0,0,0,4568,39865.43754500013,0.11330899999999999,554.353096,8.727109795315265,30.25547255223449,41110,396777,1618,0,1559,0,0,0,0,0,0,17824.84578500002,22.603486,0,0,0,0,0,0,0,0,0,0,0,0,0,0,0,0,0,2026-09-28 20:46:34.562021+00,2026-09-28 20:46:34.562021+00
16410,16412,t,-7736131640724432071,"CREATE TABLE SYS_CODES_USED (CODE_ID BIGINT NOT NULL, CODE_TYPE VARCHAR(25) NOT NULL, CODE VARCHAR(255) NOT NULL, PRIMARY KEY(CODE_TYPE, CODE))",0,0,0,0,0,0,1,3.055315,3.055315,3.055315,3.055315,0,0,222,0,0,0,0,0,0,0,0,0,0,0,0,0,0,0,0,0,0,0,0,0,0,0,0,0,0,0,0,2026-09-28 19:20:35.934979+00,2026-09-28 19:20:35.934979+00
16410,16412,t,1003475302235936979,"UPDATE RES_FEAT_EKEY AS T SET SUPPRESSED = C.SUPPRESSED FROM (VALUES (CAST ($1 AS BIGINT),CAST ($2 AS BIGINT),$3,$4),(CAST ($5 AS BIGINT),CAST ($6 AS BIGINT),$7,$8),(CAST ($9 AS BIGINT),CAST ($10 AS BIGINT),$11,$12),(CAST ($13 AS BIGINT),CAST ($14 AS BIGINT),$15,$16),(CAST ($17 AS BIGINT),CAST ($18 AS BIGINT),$19,$20),(CAST ($21 AS BIGINT),CAST ($22 AS BIGINT),$23,$24)) AS C(RES_ENT_ID,LIB_FEAT_ID,UTYPE_CODE,SUPPRESSED) WHERE C.RES_ENT_ID=T.RES_ENT_ID AND C.LIB_FEAT_ID=T.LIB_FEAT_ID AND C.UTYPE_CODE=T.UTYPE_CODE",0,0,0,0,0,0,96682,522031.69906400505,0.062334,954.348937,5.399471453466054,19.237448060067834,580092,5048287,1087,0,2192,0,0,0,0,0,0,25030.34938699999,18.82827599999999,0,0,0,0,0,0,0,0,0,0,0,0,0,0,0,0,0,2026-09-28 20:46:35.095979+00,2026-09-28 20:46:35.095979+00
10,16384,t,3059918235774300950,"DECLARE ""query-cursor_110"" SCROLL CURSOR FOR select queryid, left(query, $1), calls, (total_plan_time + total_exec_time) as total_time from aurora_stat_statements($2) order by calls desc limit $3 FOR READ ONLY",0,0,0,0,0,0,1,0.076117,0.076117,0.076117,0.076117,0,0,0,0,0,0,0,0,0,0,0,0,0,0,0,0,0,0,0,0,0,0,0,0,0,0,0,0,0,0,0,2026-09-28 21:23:54.082651+00,2026-09-28 21:23:54.082651+00
10,16384,t,2359071979161327874,"MOVE ALL IN ""query-cursor_222""",0,0,0,0,0,0,1,5.001351,5.001351,5.001351,5.001351,0,0,0,0,0,0,0,0,0,0,0,0,0,0,0,0,0,0,0,0,0,0,0,0,0,0,0,0,0,0,0,2026-09-29 01:07:53.670807+00,2026-09-29 01:07:53.670807+00
16410,16412,t,-3386993819700642299,"UPDATE RES_FEAT_EKEY AS T SET SUPPRESSED = C.SUPPRESSED FROM (VALUES (CAST ($1 AS BIGINT),CAST ($2 AS BIGINT),$3,$4),(CAST ($5 AS BIGINT),CAST ($6 AS BIGINT),$7,$8),(CAST ($9 AS BIGINT),CAST ($10 AS BIGINT),$11,$12)) AS C(RES_ENT_ID,LIB_FEAT_ID,UTYPE_CODE,SUPPRESSED) WHERE C.RES_ENT_ID=T.RES_ENT_ID AND C.LIB_FEAT_ID=T.LIB_FEAT_ID AND C.UTYPE_CODE=T.UTYPE_CODE",0,0,0,0,0,0,51266,182289.87606299954,0.036560999999999996,819.349706,3.5557655378418356,14.734802469994776,153798,1398958,351,0,1332,0,0,0,0,0,0,8462.120063000004,66.27184200000004,0,0,0,0,0,0,0,0,0,0,0,0,0,0,0,0,0,2026-09-28 20:46:16.893242+00,2026-09-28 20:46:16.893242+00
16410,16412,t,-3646117030169076453,"SELECT RES_ENT_ID,LIB_FEAT_ID,FTYPE_ID,UTYPE_CODE,SUPPRESSED,OBS_ENT_CNT FROM RES_FEAT_EKEY WHERE RES_ENT_ID IN ($1,$2) AND FTYPE_ID IN ($3,$4,$5,$6,$7,$8,$9,$10,$11,$12,$13,$14,$15,$16)",0,0,0,0,0,0,335380,563770.8111329924,0.029279,725.070369,1.6809911477517812,11.420199570961952,12838552,3655569,23346,0,0,0,0,0,0,0,0,448141.7023629989,0,0,0,0,0,0,0,0,0,0,0,0,0,0,0,0,0,0,2026-09-28 20:44:53.85601+00,2026-09-28 20:44:53.85601+00
10,16384,t,629992104685827868,"MOVE -202 IN ""query-cursor_13""",0,0,0,0,0,0,1,0.006874,0.006874,0.006874,0.006874,0,0,0,0,0,0,0,0,0,0,0,0,0,0,0,0,0,0,0,0,0,0,0,0,0,0,0,0,0,0,0,2026-09-28 19:30:53.649372+00,2026-09-28 19:30:53.649372+00
10,16384,t,-8210860239884172324,"FETCH 8 IN ""query-cursor_189""",0,0,0,0,0,0,1,0.005122,0.005122,0.005122,0.005122,0,8,0,0,0,0,0,0,0,0,0,0,0,0,0,0,0,0,0,0,0,0,0,0,0,0,0,0,0,0,0,2026-09-29 00:07:54.011964+00,2026-09-29 00:07:54.011964+00
10,16384,t,-836405041534876913,"MOVE -220 IN ""query-cursor_16""",0,0,0,0,0,0,1,0.006874,0.006874,0.006874,0.006874,0,0,0,0,0,0,0,0,0,0,0,0,0,0,0,0,0,0,0,0,0,0,0,0,0,0,0,0,0,0,0,2026-09-28 19:33:53.649645+00,2026-09-28 19:33:53.649645+00
16410,16412,t,8763371268600877103,"UPDATE RES_RELATE AS T SET IS_DISCLOSED=C.IS_DISCLOSED,IS_AMBIGUOUS=C.IS_AMBIGUOUS,LAST_ERRULE_ID=C.LAST_ERRULE_ID,MATCH_KEY=C.MATCH_KEY,MATCH_KEY_DETAILS=C.MATCH_KEY_DETAILS,MATCH_LEVELS=C.MATCH_LEVELS FROM (VALUES (CAST ($1 AS BIGINT),CAST ($2 AS BIGINT),CAST ($3 AS BIGINT),CAST ($4 AS BIGINT),$5,$6,$7),(CAST ($8 AS BIGINT),CAST ($9 AS BIGINT),CAST ($10 AS BIGINT),CAST ($11 AS BIGINT),$12,$13,$14),(CAST ($15 AS BIGINT),CAST ($16 AS BIGINT),CAST ($17 AS BIGINT),CAST ($18 AS BIGINT),$19,$20,$21),(CAST ($22 AS BIGINT),CAST ($23 AS BIGINT),CAST ($24 AS BIGINT),CAST ($25 AS BIGINT),$26,$27,$28),(CAST ($29 AS BIGINT),CAST ($30 AS BIGINT),CAST ($31 AS BIGINT),CAST ($32 AS BIGINT),$33,$34,$35),(CAST ($36 AS BIGINT),CAST ($37 AS BIGINT),CAST ($38 AS BIGINT),CAST ($39 AS BIGINT),$40,$41,$42),(CAST ($43 AS BIGINT),CAST ($44 AS BIGINT),CAST ($45 AS BIGINT),CAST ($46 AS BIGINT),$47,$48,$49),(CAST ($50 AS BIGINT),CAST ($51 AS BIGINT),CAST ($52 AS BIGINT),CAST ($53 AS BIGINT),$54,$55,$56),(CAST ($57 AS BIGINT),CAST ($58 AS BIGINT),CAST ($59 AS BIGINT),CAST ($60 AS BIGINT),$61,$62,$63),(CAST ($64 AS BIGINT),CAST ($65 AS BIGINT),CAST ($66 AS BIGINT),CAST ($67 AS BIGINT),$68,$69,$70),(CAST ($71 AS BIGINT),CAST ($72 AS BIGINT),CAST ($73 AS BIGINT),CAST ($74 AS BIGINT),$75,$76,$77)) AS C(RES_REL_ID,IS_DISCLOSED,IS_AMBIGUOUS,LAST_ERRULE_ID,MATCH_KEY,MATCH_KEY_DETAILS,MATCH_LEVELS) WHERE C.RES_REL_ID=T.RES_REL_ID",0,0,0,0,0,0,1329,10349.888485999985,0.163831,466.153602,7.787726475545512,24.712147909165573,14619,142127,588,0,5,0,0,0,0,0,0,5647.120034000001,0.064081,0,0,0,0,0,0,0,0,0,0,0,0,0,0,0,0,0,2026-09-28 21:00:47.135125+00,2026-09-28 21:00:47.135125+00
10,16384,t,-2990383854108231946,"MOVE ALL IN ""query-cursor_14""",0,0,0,0,0,0,1,0.481061,0.481061,0.481061,0.481061,0,0,0,0,0,0,0,0,0,0,0,0,0,0,0,0,0,0,0,0,0,0,0,0,0,0,0,0,0,0,0,2026-09-28 19:31:53.649447+00,2026-09-28 19:31:53.649447+00
10,16384,t,407056170936873154,"FETCH 49 IN ""query-cursor_83""",0,0,0,0,0,0,1,0.003836,0.003836,0.003836,0.003836,0,49,0,0,0,0,0,0,0,0,0,0,0,0,0,0,0,0,0,0,0,0,0,0,0,0,0,0,0,0,0,2026-09-28 20:40:53.657903+00,2026-09-28 20:40:53.657903+00
10,16384,t,-1994254346540564615,"MOVE -2034 IN ""query-cursor_226""",0,0,0,0,0,0,1,0.044178,0.044178,0.044178,0.044178,0,0,0,0,0,0,0,0,0,0,0,0,0,0,0,0,0,0,0,0,0,0,0,0,0,0,0,0,0,0,0,2026-09-29 01:15:53.670818+00,2026-09-29 01:15:53.670818+00
16410,16412,t,-1557422786776360676,"INSERT INTO LIB_FEAT(LIB_FEAT_ID,FTYPE_ID,FEAT_HASH,FEAT_DESC,FELEM_VALUES,ANONYMIZED,VERSION) VALUES ($1,$2,$3,$4,$5,$6,$7),($8,$9,$10,$11,$12,$13,$14),($15,$16,$17,$18,$19,$20,$21),($22,$23,$24,$25,$26,$27,$28),($29,$30,$31,$32,$33,$34,$35),($36,$37,$38,$39,$40,$41,$42),($43,$44,$45,$46,$47,$48,$49),($50,$51,$52,$53,$54,$55,$56),($57,$58,$59,$60,$61,$62,$63),($64,$65,$66,$67,$68,$69,$70) ON CONFLICT(FTYPE_ID,FEAT_HASH,ANONYMIZED) DO UPDATE SET FTYPE_ID=LIB_FEAT.FTYPE_ID,FEAT_HASH=LIB_FEAT.FEAT_HASH,ANONYMIZED=LIB_FEAT.ANONYMIZED RETURNING LIB_FEAT_ID,FTYPE_ID,FEAT_HASH,ANONYMIZED,FEAT_DESC",0,0,0,0,0,0,1378912,24976023.746721234,0.19683,2948.031372,18.11284820693506,47.23504588184711,13789120,215880313,1777,0,508914,0,0,0,0,0,0,55457.97740400003,55534.507871001166,0,0,0,0,0,0,0,0,0,0,0,0,0,0,0,0,0,2026-09-28 20:44:52.408812+00,2026-09-28 20:44:52.408812+00
10,16384,t,1595088558752671585,"DECLARE ""query-cursor_221"" SCROLL CURSOR FOR select queryid, left(query, $1), calls, (total_plan_time + total_exec_time) as total_time from aurora_stat_statements($2) order by calls desc limit $3 FOR READ ONLY",0,0,0,0,0,0,1,0.074922,0.074922,0.074922,0.074922,0,0,0,0,0,0,0,0,0,0,0,0,0,0,0,0,0,0,0,0,0,0,0,0,0,0,0,0,0,0,0,2026-09-29 01:05:53.823076+00,2026-09-29 01:05:53.823076+00
10,16384,t,-2413937048910175216,"FETCH 40 IN ""query-cursor_233""",0,0,0,0,0,0,1,0.004426,0.004426,0.004426,0.004426,0,40,0,0,0,0,0,0,0,0,0,0,0,0,0,0,0,0,0,0,0,0,0,0,0,0,0,0,0,0,0,2026-09-29 01:23:53.687269+00,2026-09-29 01:23:53.687269+00
10,16384,t,928850034226173622,"FETCH 50 IN ""query-cursor_190""",0,0,0,0,0,0,36,0.6270509999999999,0.008676,0.044774,0.01741808333333333,0.006082231308286457,1800,0,0,0,0,0,0,0,0,0,0,0,0,0,0,0,0,0,0,0,0,0,0,0,0,0,0,0,0,0,2026-09-29 00:09:54.044951+00,2026-09-29 00:09:54.044951+00
10,16384,t,5121585842632302998,"FETCH 0 IN ""query-cursor_19""",0,0,0,0,0,0,1,0.003447,0.003447,0.003447,0.003447,0,0,0,0,0,0,0,0,0,0,0,0,0,0,0,0,0,0,0,0,0,0,0,0,0,0,0,0,0,0,0,2026-09-28 19:36:53.649241+00,2026-09-28 19:36:53.649241+00
10,16384,t,-7520074278992207244,"MOVE -1392 IN ""query-cursor_125""",0,0,0,0,0,0,1,0.076055,0.076055,0.076055,0.076055,0,0,0,0,0,0,0,0,0,0,0,0,0,0,0,0,0,0,0,0,0,0,0,0,0,0,0,0,0,0,0,2026-09-28 21:53:53.706481+00,2026-09-28 21:53:53.706481+00
10,16384,t,4468184415232900376,"FETCH 0 IN ""query-cursor_23""",0,0,0,0,0,0,1,0.004488,0.004488,0.004488,0.004488,0,0,0,0,0,0,0,0,0,0,0,0,0,0,0,0,0,0,0,0,0,0,0,0,0,0,0,0,0,0,0,2026-09-28 19:40:53.649575+00,2026-09-28 19:40:53.649575+00
10,16384,t,1307412141239284927,"MOVE ALL IN ""query-cursor_118""",0,0,0,0,0,0,1,7.064251,7.064251,7.064251,7.064251,0,0,0,0,0,0,0,0,0,0,0,0,0,0,0,0,0,0,0,0,0,0,0,0,0,0,0,0,0,0,0,2026-09-28 21:39:53.740975+00,2026-09-28 21:39:53.740975+00
10,16384,t,2678695201860592654,"MOVE ALL IN ""query-cursor_216""",0,0,0,0,0,0,1,8.402374,8.402374,8.402374,8.402374,0,0,0,0,0,0,0,0,0,0,0,0,0,0,0,0,0,0,0,0,0,0,0,0,0,0,0,0,0,0,0,2026-09-29 00:55:53.674183+00,2026-09-29 00:55:53.674183+00
10,16384,t,-5650236485190648252,"MOVE -1177 IN ""query-cursor_97""",0,0,0,0,0,0,1,0.083139,0.083139,0.083139,0.083139,0,0,0,0,0,0,0,0,0,0,0,0,0,0,0,0,0,0,0,0,0,0,0,0,0,0,0,0,0,0,0,2026-09-28 20:57:53.665824+00,2026-09-28 20:57:53.665824+00
10,16384,t,2038025353638126058,"FETCH 0 IN ""query-cursor_174""",0,0,0,0,0,0,1,0.005701,0.005701,0.005701,0.005701,0,0,0,0,0,0,0,0,0,0,0,0,0,0,0,0,0,0,0,0,0,0,0,0,0,0,0,0,0,0,0,2026-09-28 23:37:53.887152+00,2026-09-28 23:37:53.887152+00
10,16384,t,4768397212891032325,"MOVE -1944 IN ""query-cursor_211""",0,0,0,0,0,0,1,0.158374,0.158374,0.158374,0.158374,0,0,0,0,0,0,0,0,0,0,0,0,0,0,0,0,0,0,0,0,0,0,0,0,0,0,0,0,0,0,0,2026-09-29 00:45:53.691052+00,2026-09-29 00:45:53.691052+00
10,16384,t,-7423427527688348134,"FETCH 50 IN ""query-cursor_226""",0,0,0,0,0,0,40,0.143638,0.002727,0.006116,0.00359095,0.0009525400765847073,2000,0,0,0,0,0,0,0,0,0,0,0,0,0,0,0,0,0,0,0,0,0,0,0,0,0,0,0,0,0,2026-09-29 01:15:53.670861+00,2026-09-29 01:15:53.670861+00
10,16384,t,9220740123807020061,"MOVE ALL IN ""query-cursor_132""",0,0,0,0,0,0,1,6.60291,6.60291,6.60291,6.60291,0,0,0,0,0,0,0,0,0,0,0,0,0,0,0,0,0,0,0,0,0,0,0,0,0,0,0,0,0,0,0,2026-09-28 22:07:53.967374+00,2026-09-28 22:07:53.967374+00
10,16384,t,1026403796789990659,"FETCH 16 IN ""query-cursor_231""",0,0,0,0,0,0,1,0.001907,0.001907,0.001907,0.001907,0,16,0,0,0,0,0,0,0,0,0,0,0,0,0,0,0,0,0,0,0,0,0,0,0,0,0,0,0,0,0,2026-09-29 01:20:53.68296+00,2026-09-29 01:20:53.68296+00
10,16384,t,1580248464039961139,"DECLARE ""query-cursor_126"" SCROLL CURSOR FOR select queryid, left(query, $1), calls, (total_plan_time + total_exec_time) as total_time from aurora_stat_statements($2) order by calls desc limit $3 FOR READ ONLY",0,0,0,0,0,0,1,0.087756,0.087756,0.087756,0.087756,0,0,0,0,0,0,0,0,0,0,0,0,0,0,0,0,0,0,0,0,0,0,0,0,0,0,0,0,0,0,0,2026-09-28 21:55:53.687184+00,2026-09-28 21:55:53.687184+00
10,16384,t,-3872137770269586522,"FETCH 0 IN ""query-cursor_129""",0,0,0,0,0,0,1,0.009841,0.009841,0.009841,0.009841,0,0,0,0,0,0,0,0,0,0,0,0,0,0,0,0,0,0,0,0,0,0,0,0,0,0,0,0,0,0,0,2026-09-28 22:01:53.795187+00,2026-09-28 22:01:53.795187+00
16410,16412,t,-6760394558378527688,"INSERT INTO RES_FEAT_STAT(LIB_FEAT_ID,FTYPE_ID,NUM_RES_ENT,NUM_RES_ENT_OOM) VALUES ($1,$2,$3,$4),($5,$6,$7,$8),($9,$10,$11,$12),($13,$14,$15,$16) ON CONFLICT DO NOTHING",0,0,0,0,0,0,262795,1683767.724317003,0.045144000000000004,1550.829569,6.4071528161380655,28.043987938601887,1051180,10475176,555,0,13509,0,0,0,0,0,0,2735.254261,1392.235415999994,0,0,0,0,0,0,0,0,0,0,0,0,0,0,0,0,0,2026-09-28 20:44:52.558734+00,2026-09-28 20:44:52.558734+00
10,16384,t,6085583513226254083,"DECLARE ""query-cursor_160"" SCROLL CURSOR FOR select queryid, left(query, $1), calls, (total_plan_time + total_exec_time) as total_time from aurora_stat_statements($2) order by calls desc limit $3 FOR READ ONLY",0,0,0,0,0,0,1,0.106611,0.106611,0.106611,0.106611,0,0,0,0,0,0,0,0,0,0,0,0,0,0,0,0,0,0,0,0,0,0,0,0,0,0,0,0,0,0,0,2026-09-28 23:07:53.785123+00,2026-09-28 23:07:53.785123+00
10,16384,t,8438564334658779120,"MOVE -280 IN ""query-cursor_26""",0,0,0,0,0,0,1,0.008294,0.008294,0.008294,0.008294,0,0,0,0,0,0,0,0,0,0,0,0,0,0,0,0,0,0,0,0,0,0,0,0,0,0,0,0,0,0,0,2026-09-28 19:43:53.65048+00,2026-09-28 19:43:53.65048+00
10,16384,t,-2264318040145547271,"MOVE ALL IN ""query-cursor_65""",0,0,0,0,0,0,1,1.197334,1.197334,1.197334,1.197334,0,0,0,0,0,0,0,0,0,0,0,0,0,0,0,0,0,0,0,0,0,0,0,0,0,0,0,0,0,0,0,2026-09-28 20:22:53.653967+00,2026-09-28 20:22:53.653967+00
10,16384,t,929361167229164170,"FETCH 50 IN ""query-cursor_212""",0,0,0,0,0,0,38,0.6117859999999999,0.009444,0.030665,0.016099631578947365,0.006704496968535972,1900,0,0,0,0,0,0,0,0,0,0,0,0,0,0,0,0,0,0,0,0,0,0,0,0,0,0,0,0,0,2026-09-29 00:47:53.720003+00,2026-09-29 00:47:53.720003+00
10,16384,t,-162594102934861286,"DECLARE ""query-cursor_38"" SCROLL CURSOR FOR select queryid, left(query, $1), calls, (total_plan_time + total_exec_time) as total_time from aurora_stat_statements($2) order by calls desc limit $3 FOR READ ONLY",0,0,0,0,0,0,1,0.070174,0.070174,0.070174,0.070174,0,0,0,0,0,0,0,0,0,0,0,0,0,0,0,0,0,0,0,0,0,0,0,0,0,0,0,0,0,0,0,2026-09-28 19:55:53.650657+00,2026-09-28 19:55:53.650657+00
16410,16412,t,373796634726008082,"UPDATE RES_RELATE AS T SET IS_DISCLOSED=C.IS_DISCLOSED,IS_AMBIGUOUS=C.IS_AMBIGUOUS,LAST_ERRULE_ID=C.LAST_ERRULE_ID,MATCH_KEY=C.MATCH_KEY,MATCH_KEY_DETAILS=C.MATCH_KEY_DETAILS,MATCH_LEVELS=C.MATCH_LEVELS FROM (VALUES (CAST ($1 AS BIGINT),CAST ($2 AS BIGINT),CAST ($3 AS BIGINT),CAST ($4 AS BIGINT),$5,$6,$7)) AS C(RES_REL_ID,IS_DISCLOSED,IS_AMBIGUOUS,LAST_ERRULE_ID,MATCH_KEY,MATCH_KEY_DETAILS,MATCH_LEVELS) WHERE C.RES_REL_ID=T.RES_REL_ID",0,0,0,0,0,0,1980370,3336367.3787478036,0.014126,2136.6794160000004,1.684719208404391,11.199610376643866,1980370,19023937,59343,0,89655,0,0,0,0,0,0,959034.3446899926,4630.594158999993,0,0,0,0,0,0,0,0,0,0,0,0,0,0,0,0,0,2026-09-28 20:44:58.912029+00,2026-09-28 20:44:58.912029+00
10,16384,t,8987278829033277057,"MOVE ALL IN ""query-cursor_38""",0,0,0,0,0,0,1,0.861391,0.861391,0.861391,0.861391,0,0,0,0,0,0,0,0,0,0,0,0,0,0,0,0,0,0,0,0,0,0,0,0,0,0,0,0,0,0,0,2026-09-28 19:55:53.651604+00,2026-09-28 19:55:53.651604+00
16410,16412,t,-3412172687818944753,"SELECT RES_ENT_ID,LIB_FEAT_ID,FTYPE_ID,UTYPE_CODE,SUPPRESSED,OBS_ENT_CNT FROM RES_FEAT_EKEY WHERE RES_ENT_ID IN ($1) AND FTYPE_ID IN ($2,$3,$4,$5,$6,$7,$8,$9,$10,$11,$12,$13,$14)",0,0,0,0,0,0,412521,343018.13855500234,0.015611,508.84529499999996,0.831516792005746,7.662643407227045,7452629,2253188,13414,0,0,0,0,0,0,0,0,263018.6659139993,0,0,0,0,0,0,0,0,0,0,0,0,0,0,0,0,0,0,2026-09-28 20:44:52.725327+00,2026-09-28 20:44:52.725327+00
10,16384,t,6885543868548155089,"FETCH 50 IN ""query-cursor_41""",0,0,0,0,0,0,7,0.024530999999999997,0.002933,0.004809,0.003504428571428571,0.0005643433243647894,350,0,0,0,0,0,0,0,0,0,0,0,0,0,0,0,0,0,0,0,0,0,0,0,0,0,0,0,0,0,2026-09-28 19:58:53.651956+00,2026-09-28 19:58:53.651956+00
16410,16412,t,-7602567359069209044,"SELECT LIB_FEAT_ID,FEAT_DESC,FTYPE_ID,ANONYMIZED,FEAT_HASH,VERSION,FELEM_VALUES FROM LIB_FEAT WHERE (FEAT_HASH,FTYPE_ID) IN (($1,$2),($3,$4),($5,$6),($7,$8),($9,$10),($11,$12),($13,$14),($15,$16))",0,0,0,0,0,0,27725777,152039250.4045265,0.007861,1054.546617,5.483678614472248,18.827173667160533,92547197,1155094255,19021254,0,0,0,0,0,0,0,0,133420271.65626399,0,0,0,0,0,0,0,0,0,0,0,0,0,0,0,0,0,0,2026-09-28 20:44:52.319029+00,2026-09-28 20:44:52.319029+00
16410,16412,t,2219417973857381876,"INSERT INTO RES_REL_EKEY(RES_REL_ID,RES_ENT_ID,REL_ENT_ID) VALUES ($1,$2,$3),($4,$5,$6),($7,$8,$9),($10,$11,$12),($13,$14,$15),($16,$17,$18),($19,$20,$21),($22,$23,$24),($25,$26,$27),($28,$29,$30),($31,$32,$33),($34,$35,$36),($37,$38,$39),($40,$41,$42) ON CONFLICT DO NOTHING",0,0,0,0,0,0,34890,324716.80003500165,0.161433,793.3071600000001,9.306873030524553,24.925732056637084,488448,4515289,1008,0,3725,0,0,0,0,0,0,31400.118010000035,742.0568740000015,0,0,0,0,0,0,0,0,0,0,0,0,0,0,0,0,0,2026-09-28 20:45:10.434344+00,2026-09-28 20:45:10.434344+00
16410,16412,t,-5352882777084235529,"SELECT RES_ENT_ID,LIB_FEAT_ID,FTYPE_ID,UTYPE_CODE,SUPPRESSED,OBS_ENT_CNT FROM RES_FEAT_EKEY WHERE RES_ENT_ID IN ($1,$2,$3,$4,$5,$6,$7,$8,$9,$10,$11,$12,$13,$14,$15,$16) AND FTYPE_ID IN ($17,$18,$19,$20,$21,$22,$23)",0,0,0,0,0,0,151,1315.136205,0.104342,255.425658,8.70951129139073,29.103658774005385,14439,8041,52,0,0,0,0,0,0,0,0,1154.833703,0,0,0,0,0,0,0,0,0,0,0,0,0,0,0,0,0,0,2026-09-28 20:46:17.699205+00,2026-09-28 20:46:17.699205+00
10,16384,t,5537493970613045040,"FETCH 50 IN ""query-cursor_90""",0,0,0,0,0,0,21,0.358218,0.008081,0.031238,0.017058,0.005970314205658334,1050,0,0,0,0,0,0,0,0,0,0,0,0,0,0,0,0,0,0,0,0,0,0,0,0,0,0,0,0,0,2026-09-28 20:47:53.659713+00,2026-09-28 20:47:53.659713+00
10,16384,t,908746400591185889,"FETCH 0 IN ""query-cursor_105""",0,0,0,0,0,0,1,0.012021,0.012021,0.012021,0.012021,0,0,0,0,0,0,0,0,0,0,0,0,0,0,0,0,0,0,0,0,0,0,0,0,0,0,0,0,0,0,0,2026-09-28 21:13:53.897309+00,2026-09-28 21:13:53.897309+00
10,16384,t,-6485337810111214644,"DECLARE ""query-cursor_73"" SCROLL CURSOR FOR select queryid, left(query, $1), calls, (total_plan_time + total_exec_time) as total_time from aurora_stat_statements($2) order by calls desc limit $3 FOR READ ONLY",0,0,0,0,0,0,1,0.067098,0.067098,0.067098,0.067098,0,0,0,0,0,0,0,0,0,0,0,0,0,0,0,0,0,0,0,0,0,0,0,0,0,0,0,0,0,0,0,2026-09-28 20:30:53.653357+00,2026-09-28 20:30:53.653357+00
10,16384,t,6177898695605271859,"MOVE ALL IN ""query-cursor_141""",0,0,0,0,0,0,1,29.073112,29.073112,29.073112,29.073112,0,0,0,0,0,0,0,0,0,0,0,0,0,0,0,0,0,0,0,0,0,0,0,0,0,0,0,0,0,0,0,2026-09-28 22:27:54.164896+00,2026-09-28 22:27:54.164896+00
16410,16412,t,-744384456506402766,"INSERT INTO RES_FEAT_STAT(LIB_FEAT_ID,FTYPE_ID,NUM_RES_ENT,NUM_RES_ENT_OOM) VALUES ($1,$2,$3,$4),($5,$6,$7,$8),($9,$10,$11,$12),($13,$14,$15,$16),($17,$18,$19,$20),($21,$22,$23,$24),($25,$26,$27,$28),($29,$30,$31,$32),($33,$34,$35,$36),($37,$38,$39,$40),($41,$42,$43,$44),($45,$46,$47,$48),($49,$50,$51,$52),($53,$54,$55,$56),($57,$58,$59,$60),($61,$62,$63,$64),($65,$66,$67,$68),($69,$70,$71,$72),($73,$74,$75,$76),($77,$78,$79,$80),($81,$82,$83,$84) ON CONFLICT DO NOTHING",0,0,0,0,0,0,1132923,24970765.1950689,0.187157,3246.393523,22.041008254814226,85.07253550762411,23791320,234977925,6897,0,229108,0,0,0,0,0,0,39433.96085999998,22826.327679000136,0,0,0,0,0,0,0,0,0,0,0,0,0,0,0,0,0,2026-09-28 20:44:52.546525+00,2026-09-28 20:44:52.546525+00
10,16384,t,-7354196529521044753,"MOVE ALL IN ""query-cursor_187""",0,0,0,0,0,0,1,58.587789,58.587789,58.587789,58.587789,0,0,0,0,0,0,0,0,0,0,0,0,0,0,0,0,0,0,0,0,0,0,0,0,0,0,0,0,0,0,0,2026-09-29 00:03:53.844524+00,2026-09-29 00:03:53.844524+00
10,16384,t,-5317110455513701092,"MOVE -1693 IN ""query-cursor_171""",0,0,0,0,0,0,1,0.277582,0.277582,0.277582,0.277582,0,0,0,0,0,0,0,0,0,0,0,0,0,0,0,0,0,0,0,0,0,0,0,0,0,0,0,0,0,0,0,2026-09-28 23:29:55.533383+00,2026-09-28 23:29:55.533383+00
16410,16412,t,-2575265821999363645,"CREATE TABLE SYS_EVAL_QUEUE (MSG_ID BIGINT NOT NULL, DSRC_CODE VARCHAR(25) NOT NULL, ENT_SRC_KEY VARCHAR(40) NOT NULL, MSG TEXT, PRIMARY KEY(MSG_ID))",0,0,0,0,0,0,1,5.497038,5.497038,5.497038,5.497038,0,0,346,0,0,1,0,0,0,0,0,0,0,0.003506,0,0,0,0,0,0,0,0,0,0,0,0,0,0,0,0,0,2026-09-28 19:20:35.957479+00,2026-09-28 19:20:35.957479+00
10,16384,t,-4366557354894415426,"MOVE -1540 IN ""query-cursor_147""",0,0,0,0,0,0,1,0.207449,0.207449,0.207449,0.207449,0,0,0,0,0,0,0,0,0,0,0,0,0,0,0,0,0,0,0,0,0,0,0,0,0,0,0,0,0,0,0,2026-09-28 22:39:53.73648+00,2026-09-28 22:39:53.73648+00
10,16384,t,4309745114309774805,"SELECT PLUGIN, COUNT(*), GREATEST(MAX(AGE(XMIN)),MAX(AGE(CATALOG_XMIN)))
FROM PG_CATALOG.PG_GET_REPLICATION_SLOTS() GROUP BY PLUGIN",0,0,0,0,0,0,1,0.015485000000000002,0.015485000000000002,0.015485000000000002,0.015485000000000002,0,0,0,0,0,0,0,0,0,0,0,0,0,0,0,0,0,0,0,0,0,0,0,0,0,0,0,0,0,0,0,2026-09-28 19:45:00.486895+00,2026-09-28 19:45:00.486895+00
16410,16412,t,-5052254388800945516,DELETE FROM RES_FEAT_EKEY WHERE ((RES_ENT_ID=$1 AND LIB_FEAT_ID=$2 AND UTYPE_CODE=$3)OR(RES_ENT_ID=$4 AND LIB_FEAT_ID=$5 AND UTYPE_CODE=$6)OR(RES_ENT_ID=$7 AND LIB_FEAT_ID=$8 AND UTYPE_CODE=$9)OR(RES_ENT_ID=$10 AND LIB_FEAT_ID=$11 AND UTYPE_CODE=$12)OR(RES_ENT_ID=$13 AND LIB_FEAT_ID=$14 AND UTYPE_CODE=$15)OR(RES_ENT_ID=$16 AND LIB_FEAT_ID=$17 AND UTYPE_CODE=$18)OR(RES_ENT_ID=$19 AND LIB_FEAT_ID=$20 AND UTYPE_CODE=$21)OR(RES_ENT_ID=$22 AND LIB_FEAT_ID=$23 AND UTYPE_CODE=$24)OR(RES_ENT_ID=$25 AND LIB_FEAT_ID=$26 AND UTYPE_CODE=$27)OR(RES_ENT_ID=$28 AND LIB_FEAT_ID=$29 AND UTYPE_CODE=$30)OR(RES_ENT_ID=$31 AND LIB_FEAT_ID=$32 AND UTYPE_CODE=$33)OR(RES_ENT_ID=$34 AND LIB_FEAT_ID=$35 AND UTYPE_CODE=$36)OR(RES_ENT_ID=$37 AND LIB_FEAT_ID=$38 AND UTYPE_CODE=$39)OR(RES_ENT_ID=$40 AND LIB_FEAT_ID=$41 AND UTYPE_CODE=$42)OR(RES_ENT_ID=$43 AND LIB_FEAT_ID=$44 AND UTYPE_CODE=$45)OR(RES_ENT_ID=$46 AND LIB_FEAT_ID=$47 AND UTYPE_CODE=$48)OR(RES_ENT_ID=$49 AND LIB_FEAT_ID=$50 AND UTYPE_CODE=$51)OR(RES_ENT_ID=$52 AND LIB_FEAT_ID=$53 AND UTYPE_CODE=$54)OR(RES_ENT_ID=$55 AND LIB_FEAT_ID=$56 AND UTYPE_CODE=$57)OR(RES_ENT_ID=$58 AND LIB_FEAT_ID=$59 AND UTYPE_CODE=$60)OR(RES_ENT_ID=$61 AND LIB_FEAT_ID=$62 AND UTYPE_CODE=$63)OR(RES_ENT_ID=$64 AND LIB_FEAT_ID=$65 AND UTYPE_CODE=$66)OR(RES_ENT_ID=$67 AND LIB_FEAT_ID=$68 AND UTYPE_CODE=$69)OR(RES_ENT_ID=$70 AND LIB_FEAT_ID=$71 AND UTYPE_CODE=$72)),0,0,0,0,0,0,19496,363212.0125250009,0.058514000000000004,396.56905,18.63007860715023,38.26036224150241,451258,2343660,3135,0,0,0,0,0,0,0,0,133333.15621400022,0,0,0,0,0,0,0,0,0,0,0,0,0,0,0,0,0,0,2026-09-28 20:44:57.683679+00,2026-09-28 20:44:57.683679+00
16410,16412,t,5781086490749458633,"SELECT RES_ENT_ID,OBS_ENT_ID,ERRULE_ID,MATCH_KEY FROM RES_ENT_OKEY WHERE RES_ENT_ID IN ($1,$2,$3,$4)",0,0,0,0,0,0,1530066,257655.79992800372,0.01307,329.349067,0.16839521950556624,2.052649615035627,7094436,26065432,3556,0,0,0,0,0,0,0,0,56628.2370369999,0,0,0,0,0,0,0,0,0,0,0,0,0,0,0,0,0,0,2026-09-28 20:45:28.930514+00,2026-09-28 20:45:28.930514+00
10,16384,t,-1518429740358151875,"FETCH 50 IN ""query-cursor_211""",0,0,0,0,0,0,38,0.8016749999999999,0.00928,0.276186,0.021096710526315787,0.04214010993909915,1900,0,0,0,0,0,0,0,0,0,0,0,0,0,0,0,0,0,0,0,0,0,0,0,0,0,0,0,0,0,2026-09-29 00:45:53.691145+00,2026-09-29 00:45:53.691145+00
10,16384,t,2746482423493722230,"FETCH 50 IN ""query-cursor_28""",0,0,0,0,0,0,6,0.022514,0.002973,0.006024,0.003752333333333333,0.0010457628263085702,300,0,0,0,0,0,0,0,0,0,0,0,0,0,0,0,0,0,0,0,0,0,0,0,0,0,0,0,0,0,2026-09-28 19:45:53.650736+00,2026-09-28 19:45:53.650736+00
10,16384,t,-6174219162236618158,"FETCH 0 IN ""query-cursor_223""",0,0,0,0,0,0,1,0.003831,0.003831,0.003831,0.003831,0,0,0,0,0,0,0,0,0,0,0,0,0,0,0,0,0,0,0,0,0,0,0,0,0,0,0,0,0,0,0,2026-09-29 01:09:53.665827+00,2026-09-29 01:09:53.665827+00
16410,16412,t,-4655919888997959365,"SELECT RES_ENT_ID,LIB_FEAT_ID,FTYPE_ID,UTYPE_CODE,SUPPRESSED,OBS_ENT_CNT FROM RES_FEAT_EKEY WHERE RES_ENT_ID IN ($1,$2,$3,$4) AND FTYPE_ID IN ($5,$6,$7,$8,$9,$10,$11,$12,$13,$14,$15,$16,$17,$18,$19,$20,$21,$22,$23,$24,$25,$26,$27,$28,$29,$30,$31,$32,$33,$34,$35,$36,$37,$38,$39,$40,$41,$42,$43,$44,$45,$46,$47,$48,$49,$50,$51,$52,$53,$54,$55)",0,0,0,0,0,0,58,5.154871999999998,0.058999,0.145809,0.08887710344827583,0.018811695344862434,315,940,0,0,0,0,0,0,0,0,0,0,0,0,0,0,0,0,0,0,0,0,0,0,0,0,0,0,0,0,2026-09-28 21:47:02.849692+00,2026-09-28 21:47:02.849692+00
10,16384,t,8805117374226494144,"FETCH 11 IN ""query-cursor_128""",0,0,0,0,0,0,1,0.005317,0.005317,0.005317,0.005317,0,11,0,0,0,0,0,0,0,0,0,0,0,0,0,0,0,0,0,0,0,0,0,0,0,0,0,0,0,0,0,2026-09-28 21:59:53.739502+00,2026-09-28 21:59:53.739502+00
16410,16412,t,6322271594241550803,"SELECT RES_ENT_ID,LIB_FEAT_ID,FTYPE_ID,UTYPE_CODE,SUPPRESSED,OBS_ENT_CNT FROM RES_FEAT_EKEY WHERE RES_ENT_ID IN ($1,$2,$3,$4,$5,$6,$7,$8,$9,$10,$11,$12,$13,$14,$15,$16)",0,0,0,0,0,0,1425211,9582625.536717521,0.105335,951.762322,6.723653926834357,17.01899230435209,427917718,90044264,1310427,0,0,0,0,0,0,0,0,7673682.441761503,0,0,0,0,0,0,0,0,0,0,0,0,0,0,0,0,0,0,2026-09-28 20:45:21.508459+00,2026-09-28 20:45:21.508459+00
10,16384,t,-540517796963662917,"DECLARE ""query-cursor_55"" SCROLL CURSOR FOR select queryid, left(query, $1), calls, (total_plan_time + total_exec_time) as total_time from aurora_stat_statements($2) order by calls desc limit $3 FOR READ ONLY",0,0,0,0,0,0,1,0.0666,0.0666,0.0666,0.0666,0,0,0,0,0,0,0,0,0,0,0,0,0,0,0,0,0,0,0,0,0,0,0,0,0,0,0,0,0,0,0,2026-09-28 20:12:53.651963+00,2026-09-28 20:12:53.651963+00
10,16384,t,5212581134573564320,"FETCH 17 IN ""query-cursor_215""",0,0,0,0,0,0,1,0.009122,0.009122,0.009122,0.009122,0,17,0,0,0,0,0,0,0,0,0,0,0,0,0,0,0,0,0,0,0,0,0,0,0,0,0,0,0,0,0,2026-09-29 00:53:53.741168+00,2026-09-29 00:53:53.741168+00
10,16384,t,4891569288998957706,"DECLARE ""query-cursor_109"" SCROLL CURSOR FOR select queryid, left(query, $1), calls, (total_plan_time + total_exec_time) as total_time from aurora_stat_statements($2) order by calls desc limit $3 FOR READ ONLY",0,0,0,0,0,0,1,0.079522,0.079522,0.079522,0.079522,0,0,0,0,0,0,0,0,0,0,0,0,0,0,0,0,0,0,0,0,0,0,0,0,0,0,0,0,0,0,0,2026-09-28 21:21:53.822833+00,2026-09-28 21:21:53.822833+00
16410,16412,t,1120349075651177119,DELETE FROM RES_FEAT_EKEY WHERE ((RES_ENT_ID=$1 AND LIB_FEAT_ID=$2 AND UTYPE_CODE=$3)OR(RES_ENT_ID=$4 AND LIB_FEAT_ID=$5 AND UTYPE_CODE=$6)OR(RES_ENT_ID=$7 AND LIB_FEAT_ID=$8 AND UTYPE_CODE=$9)OR(RES_ENT_ID=$10 AND LIB_FEAT_ID=$11 AND UTYPE_CODE=$12)OR(RES_ENT_ID=$13 AND LIB_FEAT_ID=$14 AND UTYPE_CODE=$15)OR(RES_ENT_ID=$16 AND LIB_FEAT_ID=$17 AND UTYPE_CODE=$18)OR(RES_ENT_ID=$19 AND LIB_FEAT_ID=$20 AND UTYPE_CODE=$21)OR(RES_ENT_ID=$22 AND LIB_FEAT_ID=$23 AND UTYPE_CODE=$24)OR(RES_ENT_ID=$25 AND LIB_FEAT_ID=$26 AND UTYPE_CODE=$27)OR(RES_ENT_ID=$28 AND LIB_FEAT_ID=$29 AND UTYPE_CODE=$30)OR(RES_ENT_ID=$31 AND LIB_FEAT_ID=$32 AND UTYPE_CODE=$33)OR(RES_ENT_ID=$34 AND LIB_FEAT_ID=$35 AND UTYPE_CODE=$36)OR(RES_ENT_ID=$37 AND LIB_FEAT_ID=$38 AND UTYPE_CODE=$39)),0,0,0,0,0,0,9052,100566.090982,0.025498,423.596722,11.109820037781706,28.94705432736852,97937,577162,1506,0,0,0,0,0,0,0,0,48166.18296500005,0,0,0,0,0,0,0,0,0,0,0,0,0,0,0,0,0,0,2026-09-28 20:47:39.082244+00,2026-09-28 20:47:39.082244+00
10,16384,t,5953020277193777700,"FETCH 41 IN ""query-cursor_125""",0,0,0,0,0,0,1,0.01301,0.01301,0.01301,0.01301,0,41,0,0,0,0,0,0,0,0,0,0,0,0,0,0,0,0,0,0,0,0,0,0,0,0,0,0,0,0,0,2026-09-28 21:53:53.723892+00,2026-09-28 21:53:53.723892+00
10,16384,t,2425407167096562606,"FETCH 0 IN ""query-cursor_147""",0,0,0,0,0,0,1,0.008671,0.008671,0.008671,0.008671,0,0,0,0,0,0,0,0,0,0,0,0,0,0,0,0,0,0,0,0,0,0,0,0,0,0,0,0,0,0,0,2026-09-28 22:39:53.687969+00,2026-09-28 22:39:53.687969+00
10,16384,t,-5763285850276455323,"DECLARE ""query-cursor_209"" SCROLL CURSOR FOR select queryid, left(query, $1), calls, (total_plan_time + total_exec_time) as total_time from aurora_stat_statements($2) order by calls desc limit $3 FOR READ ONLY",0,0,0,0,0,0,1,0.089151,0.089151,0.089151,0.089151,0,0,0,0,0,0,0,0,0,0,0,0,0,0,0,0,0,0,0,0,0,0,0,0,0,0,0,0,0,0,0,2026-09-29 00:41:53.670817+00,2026-09-29 00:41:53.670817+00
10,16384,t,3307386859521813874,"FETCH 33 IN ""query-cursor_124""",0,0,0,0,0,0,1,0.011069,0.011069,0.011069,0.011069,0,33,0,0,0,0,0,0,0,0,0,0,0,0,0,0,0,0,0,0,0,0,0,0,0,0,0,0,0,0,0,2026-09-28 21:51:53.808922+00,2026-09-28 21:51:53.808922+00
10,16384,t,6828449434042981340,"DECLARE ""query-cursor_204"" SCROLL CURSOR FOR select queryid, left(query, $1), calls, (total_plan_time + total_exec_time) as total_time from aurora_stat_statements($2) order by calls desc limit $3 FOR READ ONLY",0,0,0,0,0,0,1,0.078942,0.078942,0.078942,0.078942,0,0,0,0,0,0,0,0,0,0,0,0,0,0,0,0,0,0,0,0,0,0,0,0,0,0,0,0,0,0,0,2026-09-29 00:31:53.71637+00,2026-09-29 00:31:53.71637+00
10,16384,t,4133146271492023938,"DECLARE ""query-cursor_107"" SCROLL CURSOR FOR select queryid, left(query, $1), calls, (total_plan_time + total_exec_time) as total_time from aurora_stat_statements($2) order by calls desc limit $3 FOR READ ONLY",0,0,0,0,0,0,1,0.076795,0.076795,0.076795,0.076795,0,0,0,0,0,0,0,0,0,0,0,0,0,0,0,0,0,0,0,0,0,0,0,0,0,0,0,0,0,0,0,2026-09-28 21:17:53.675101+00,2026-09-28 21:17:53.675101+00
16410,16412,t,-141796898557675906,"UPDATE RES_FEAT_EKEY AS T SET SUPPRESSED=C.SUPPRESSED,OBS_ENT_CNT=C.OBS_ENT_CNT FROM (VALUES (CAST ($1 AS BIGINT),CAST ($2 AS BIGINT),$3,$4,CAST ($5 AS BIGINT)),(CAST ($6 AS BIGINT),CAST ($7 AS BIGINT),$8,$9,CAST ($10 AS BIGINT)),(CAST ($11 AS BIGINT),CAST ($12 AS BIGINT),$13,$14,CAST ($15 AS BIGINT)),(CAST ($16 AS BIGINT),CAST ($17 AS BIGINT),$18,$19,CAST ($20 AS BIGINT)),(CAST ($21 AS BIGINT),CAST ($22 AS BIGINT),$23,$24,CAST ($25 AS BIGINT)),(CAST ($26 AS BIGINT),CAST ($27 AS BIGINT),$28,$29,CAST ($30 AS BIGINT)),(CAST ($31 AS BIGINT),CAST ($32 AS BIGINT),$33,$34,CAST ($35 AS BIGINT)),(CAST ($36 AS BIGINT),CAST ($37 AS BIGINT),$38,$39,CAST ($40 AS BIGINT)),(CAST ($41 AS BIGINT),CAST ($42 AS BIGINT),$43,$44,CAST ($45 AS BIGINT))) AS C(RES_ENT_ID,LIB_FEAT_ID,UTYPE_CODE,SUPPRESSED,OBS_ENT_CNT) WHERE C.RES_ENT_ID=T.RES_ENT_ID AND C.LIB_FEAT_ID=T.LIB_FEAT_ID AND C.UTYPE_CODE=T.UTYPE_CODE",0,0,0,0,0,0,248847,3194447.5194260133,0.08069,1671.2760289999999,12.836994295394412,32.169613987775755,2239623,29450386,51974,0,6985,0,0,0,0,0,0,1151012.6880199881,453.47603199999935,0,0,0,0,0,0,0,0,0,0,0,0,0,0,0,0,0,2026-09-28 20:45:24.15485+00,2026-09-28 20:45:24.15485+00
16410,16412,t,-6160890080325165821,"UPDATE RES_FEAT_EKEY AS T SET SUPPRESSED = C.SUPPRESSED FROM (VALUES (CAST ($1 AS BIGINT),CAST ($2 AS BIGINT),$3,$4),(CAST ($5 AS BIGINT),CAST ($6 AS BIGINT),$7,$8),(CAST ($9 AS BIGINT),CAST ($10 AS BIGINT),$11,$12),(CAST ($13 AS BIGINT),CAST ($14 AS BIGINT),$15,$16),(CAST ($17 AS BIGINT),CAST ($18 AS BIGINT),$19,$20),(CAST ($21 AS BIGINT),CAST ($22 AS BIGINT),$23,$24),(CAST ($25 AS BIGINT),CAST ($26 AS BIGINT),$27,$28),(CAST ($29 AS BIGINT),CAST ($30 AS BIGINT),$31,$32),(CAST ($33 AS BIGINT),CAST ($34 AS BIGINT),$35,$36),(CAST ($37 AS BIGINT),CAST ($38 AS BIGINT),$39,$40),(CAST ($41 AS BIGINT),CAST ($42 AS BIGINT),$43,$44),(CAST ($45 AS BIGINT),CAST ($46 AS BIGINT),$47,$48),(CAST ($49 AS BIGINT),CAST ($50 AS BIGINT),$51,$52)) AS C(RES_ENT_ID,LIB_FEAT_ID,UTYPE_CODE,SUPPRESSED) WHERE C.RES_ENT_ID=T.RES_ENT_ID AND C.LIB_FEAT_ID=T.LIB_FEAT_ID AND C.UTYPE_CODE=T.UTYPE_CODE",0,0,0,0,0,0,264052,2388436.3643470006,0.097952,1591.382292,9.045325785629348,28.91050081250159,3432676,30113492,6505,0,8818,0,0,0,0,0,0,164988.57850199976,217.41474599999984,0,0,0,0,0,0,0,0,0,0,0,0,0,0,0,0,0,2026-09-28 20:45:21.561663+00,2026-09-28 20:45:21.561663+00
10,16384,t,6746762493258705426,"DECLARE ""query-cursor_149"" SCROLL CURSOR FOR select queryid, left(query, $1), calls, (total_plan_time + total_exec_time) as total_time from aurora_stat_statements($2) order by calls desc limit $3 FOR READ ONLY",0,0,0,0,0,0,1,0.080455,0.080455,0.080455,0.080455,0,0,0,0,0,0,0,0,0,0,0,0,0,0,0,0,0,0,0,0,0,0,0,0,0,0,0,0,0,0,0,2026-09-28 22:43:53.799451+00,2026-09-28 22:43:53.799451+00
10,16384,t,7203200735613172229,"MOVE -316 IN ""query-cursor_29""",0,0,0,0,0,0,1,0.009143,0.009143,0.009143,0.009143,0,0,0,0,0,0,0,0,0,0,0,0,0,0,0,0,0,0,0,0,0,0,0,0,0,0,0,0,0,0,0,2026-09-28 19:46:53.650838+00,2026-09-28 19:46:53.650838+00
10,16384,t,5940034514392747208,"FETCH 0 IN ""query-cursor_137""",0,0,0,0,0,0,1,0.006643,0.006643,0.006643,0.006643,0,0,0,0,0,0,0,0,0,0,0,0,0,0,0,0,0,0,0,0,0,0,0,0,0,0,0,0,0,0,0,2026-09-28 22:19:53.814725+00,2026-09-28 22:19:53.814725+00
10,16384,t,-2165383900156341500,"FETCH 50 IN ""query-cursor_221""",0,0,0,0,0,0,40,0.655389,0.009867,0.038019,0.016384725,0.005792796038993174,2000,0,0,0,0,0,0,0,0,0,0,0,0,0,0,0,0,0,0,0,0,0,0,0,0,0,0,0,0,0,2026-09-29 01:05:53.831163+00,2026-09-29 01:05:53.831163+00
16410,16412,t,-5295897286979062332,"CREATE TABLE RES_ENT_OKEY (OBS_ENT_ID BIGINT NOT NULL, RES_ENT_ID BIGINT NOT NULL, ERRULE_ID SMALLINT NOT NULL, MATCH_KEY TEXT, PRIMARY KEY(OBS_ENT_ID))",0,0,0,0,0,0,1,5.997336,5.997336,5.997336,5.997336,0,0,343,0,0,0,0,0,0,0,0,0,0,0,0,0,0,0,0,0,0,0,0,0,0,0,0,0,0,0,0,2026-09-28 19:20:35.868484+00,2026-09-28 19:20:35.868484+00
16410,16412,t,-3304106930971144260,"SELECT RES_ENT_ID,LIB_FEAT_ID,FTYPE_ID,UTYPE_CODE,SUPPRESSED,OBS_ENT_CNT FROM RES_FEAT_EKEY WHERE RES_ENT_ID IN ($1) AND FTYPE_ID IN ($2,$3,$4,$5,$6,$7,$8,$9,$10,$11,$12,$13,$14,$15,$16,$17,$18,$19,$20,$21,$22,$23,$24,$25,$26,$27,$28,$29,$30,$31,$32,$33,$34,$35,$36,$37,$38,$39,$40,$41,$42,$43,$44,$45,$46,$47,$48,$49,$50,$51,$52,$53,$54,$55,$56,$57,$58,$59,$60,$61,$62)",0,0,0,0,0,0,83166,12149.306293000194,0.006013,92.74968799999999,0.14608501422456527,1.7685665472481522,707637,458719,0,0,0,0,0,0,0,0,0,0,0,0,0,0,0,0,0,0,0,0,0,0,0,0,0,0,0,0,2026-09-28 20:45:10.882928+00,2026-09-28 20:45:10.882928+00
10,16384,t,5517591159595534572,"FETCH 0 IN ""query-cursor_94""",0,0,0,0,0,0,1,0.007281,0.007281,0.007281,0.007281,0,0,0,0,0,0,0,0,0,0,0,0,0,0,0,0,0,0,0,0,0,0,0,0,0,0,0,0,0,0,0,2026-09-28 20:51:53.910282+00,2026-09-28 20:51:53.910282+00
10,16384,t,-6481814257014673163,"DECLARE ""query-cursor_145"" SCROLL CURSOR FOR select queryid, left(query, $1), calls, (total_plan_time + total_exec_time) as total_time from aurora_stat_statements($2) order by calls desc limit $3 FOR READ ONLY",0,0,0,0,0,0,1,0.078224,0.078224,0.078224,0.078224,0,0,0,0,0,0,0,0,0,0,0,0,0,0,0,0,0,0,0,0,0,0,0,0,0,0,0,0,0,0,0,2026-09-28 22:35:53.968246+00,2026-09-28 22:35:53.968246+00
10,16384,t,1284235755995090845,"DECLARE ""query-cursor_97"" SCROLL CURSOR FOR select queryid, left(query, $1), calls, (total_plan_time + total_exec_time) as total_time from aurora_stat_statements($2) order by calls desc limit $3 FOR READ ONLY",0,0,0,0,0,0,1,0.1421,0.1421,0.1421,0.1421,0,0,0,0,0,0,0,0,0,0,0,0,0,0,0,0,0,0,0,0,0,0,0,0,0,0,0,0,0,0,0,2026-09-28 20:57:53.656455+00,2026-09-28 20:57:53.656455+00
10,16384,t,-6913952412451803830,select $1 from rds_get_stat_connections_counters() limit $2,0,0,0,0,0,0,703,46.054982999999964,0.017736000000000002,1.193717,0.06551206685632996,0.06949050898713728,703,0,0,0,0,0,0,0,0,0,0,0,0,0,0,0,0,0,0,0,0,0,0,0,0,0,0,0,0,0,2026-09-28 19:19:33.649747+00,2026-09-28 19:19:33.649747+00
10,16384,t,7419166907318541018,"FETCH 0 IN ""query-cursor_138""",0,0,0,0,0,0,1,0.005665,0.005665,0.005665,0.005665,0,0,0,0,0,0,0,0,0,0,0,0,0,0,0,0,0,0,0,0,0,0,0,0,0,0,0,0,0,0,0,2026-09-28 22:21:54.004467+00,2026-09-28 22:21:54.004467+00
10,16384,t,1313087737671845602,"MOVE -444 IN ""query-cursor_49""",0,0,0,0,0,0,1,0.011454,0.011454,0.011454,0.011454,0,0,0,0,0,0,0,0,0,0,0,0,0,0,0,0,0,0,0,0,0,0,0,0,0,0,0,0,0,0,0,2026-09-28 20:06:53.65259+00,2026-09-28 20:06:53.65259+00
10,16384,t,-9163781541205775874,"MOVE -1220 IN ""query-cursor_102""",0,0,0,0,0,0,1,0.065243,0.065243,0.065243,0.065243,0,0,0,0,0,0,0,0,0,0,0,0,0,0,0,0,0,0,0,0,0,0,0,0,0,0,0,0,0,0,0,2026-09-28 21:07:53.77171+00,2026-09-28 21:07:53.77171+00
16410,16412,t,-2462546356405815846,SET lock_timeout = $1,0,0,0,0,0,0,1512,32.46369700000001,0.008197,3.839338,0.02147069907407408,0.09872196219315092,0,0,0,0,0,0,0,0,0,0,0,0,0,0,0,0,0,0,0,0,0,0,0,0,0,0,0,0,0,0,2026-09-28 20:47:17.53725+00,2026-09-28 20:47:17.53725+00
16410,16412,t,4958528027454943008,"SELECT RES_ENT_ID,LIB_FEAT_ID,FTYPE_ID,UTYPE_CODE,SUPPRESSED,OBS_ENT_CNT FROM RES_FEAT_EKEY WHERE RES_ENT_ID IN ($1) AND FTYPE_ID IN ($2,$3,$4,$5,$6,$7,$8,$9,$10,$11)",0,0,0,0,0,0,70765,73076.16455699992,0.017008,430.105707,1.0326597125273782,8.824054543244921,1052769,388768,2743,0,0,0,0,0,0,0,0,58671.9449720001,0,0,0,0,0,0,0,0,0,0,0,0,0,0,0,0,0,0,2026-09-28 20:44:52.698031+00,2026-09-28 20:44:52.698031+00
10,16384,t,5720702375350158147,"FETCH 50 IN ""query-cursor_173""",0,0,0,0,0,0,34,0.5686889999999998,0.011013,0.026733,0.016726147058823523,0.004787068801852321,1700,0,0,0,0,0,0,0,0,0,0,0,0,0,0,0,0,0,0,0,0,0,0,0,0,0,0,0,0,0,2026-09-28 23:35:53.758685+00,2026-09-28 23:35:53.758685+00
10,16384,t,3088789363496126839,"SELECT public.rds_set_password($1,$2)",0,0,0,0,0,0,1,9.623135999999999,9.623135999999999,9.623135999999999,9.623135999999999,0,1,27,3,0,0,0,0,0,0,0,0,2.468319,0,0,0,0,0,0,0,0,0,0,0,0,0,0,0,0,0,0,2026-09-28 19:18:41.193409+00,2026-09-28 19:18:41.193409+00
10,16384,t,-8396893048021768912,"FETCH 3 IN ""query-cursor_67""",0,0,0,0,0,0,1,0.001682,0.001682,0.001682,0.001682,0,3,0,0,0,0,0,0,0,0,0,0,0,0,0,0,0,0,0,0,0,0,0,0,0,0,0,0,0,0,0,2026-09-28 20:24:53.656321+00,2026-09-28 20:24:53.656321+00
10,16384,t,-1191090981726447204,"DECLARE ""query-cursor_208"" SCROLL CURSOR FOR select queryid, left(query, $1), calls, (total_plan_time + total_exec_time) as total_time from aurora_stat_statements($2) order by calls desc limit $3 FOR READ ONLY",0,0,0,0,0,0,1,0.076698,0.076698,0.076698,0.076698,0,0,0,0,0,0,0,0,0,0,0,0,0,0,0,0,0,0,0,0,0,0,0,0,0,0,0,0,0,0,0,2026-09-29 00:39:53.667552+00,2026-09-29 00:39:53.667552+00
16410,16412,t,-2745874374281381334,"DELETE FROM RES_ENT WHERE RES_ENT_ID IN ($1,$2,$3,$4)",0,0,0,0,0,0,427,545.2130219999998,0.034262,26.089263000000003,1.276845484777517,4.039901448072171,1292,6526,0,0,0,0,0,0,0,0,0,0,0,0,0,0,0,0,0,0,0,0,0,0,0,0,0,0,0,0,2026-09-28 21:13:51.65325+00,2026-09-28 21:13:51.65325+00
16410,16412,t,1314641422694202747,"SELECT RES_ENT_ID,LIB_FEAT_ID,FTYPE_ID,UTYPE_CODE,SUPPRESSED,OBS_ENT_CNT FROM RES_FEAT_EKEY WHERE RES_ENT_ID IN ($1,$2) AND FTYPE_ID IN ($3,$4,$5,$6,$7,$8,$9,$10,$11,$12,$13,$14,$15,$16,$17,$18,$19,$20,$21,$22,$23,$24,$25,$26,$27,$28,$29,$30,$31,$32,$33,$34,$35,$36,$37,$38,$39,$40,$41,$42,$43,$44,$45,$46,$47,$48,$49,$50,$51,$52,$53,$54,$55,$56,$57,$58,$59,$60,$61,$62,$63)",0,0,0,0,0,0,9,0.662019,0.057233,0.101482,0.07355766666666667,0.013078418533344668,194,102,0,0,0,0,0,0,0,0,0,0,0,0,0,0,0,0,0,0,0,0,0,0,0,0,0,0,0,0,2026-09-28 21:41:42.510472+00,2026-09-28 21:41:42.510472+00
10,16384,t,-7394930567131828572,"FETCH 0 IN ""query-cursor_49""",0,0,0,0,0,0,1,0.003249,0.003249,0.003249,0.003249,0,0,0,0,0,0,0,0,0,0,0,0,0,0,0,0,0,0,0,0,0,0,0,0,0,0,0,0,0,0,0,2026-09-28 20:06:53.651475+00,2026-09-28 20:06:53.651475+00
10,16384,t,-5792513239814841351,"MOVE ALL IN ""query-cursor_80""",0,0,0,0,0,0,1,1.360107,1.360107,1.360107,1.360107,0,0,0,0,0,0,0,0,0,0,0,0,0,0,0,0,0,0,0,0,0,0,0,0,0,0,0,0,0,0,0,2026-09-28 20:37:53.655292+00,2026-09-28 20:37:53.655292+00
16410,16412,t,2075108485745073951,"CREATE TABLE OBS_ENT (OBS_ENT_ID BIGINT NOT NULL, LOCKING_ID BIGINT NOT NULL, LAST_TOUCH_DT BIGINT, DSRC_ID SMALLINT NOT NULL, LOCK_DSRC_ACTION CHAR(1), ENT_SRC_KEY VARCHAR(40) NOT NULL, FEATURES TEXT, PRIMARY KEY(ENT_SRC_KEY, DSRC_ID))",0,0,0,0,0,0,1,5.752357,5.752357,5.752357,5.752357,0,0,391,0,0,0,0,0,0,0,0,0,0,0,0,0,0,0,0,0,0,0,0,0,0,0,0,0,0,0,0,2026-09-28 19:20:35.851497+00,2026-09-28 19:20:35.851497+00
10,16384,t,-2004254804621051644,"DECLARE ""query-cursor_50"" SCROLL CURSOR FOR select queryid, left(query, $1), calls, (total_plan_time + total_exec_time) as total_time from aurora_stat_statements($2) order by calls desc limit $3 FOR READ ONLY",0,0,0,0,0,0,1,0.065343,0.065343,0.065343,0.065343,0,0,0,0,0,0,0,0,0,0,0,0,0,0,0,0,0,0,0,0,0,0,0,0,0,0,0,0,0,0,0,2026-09-28 20:07:53.651546+00,2026-09-28 20:07:53.651546+00
10,16384,t,-6029692632113585393,"FETCH 23 IN ""query-cursor_168""",0,0,0,0,0,0,1,0.008294,0.008294,0.008294,0.008294,0,23,0,0,0,0,0,0,0,0,0,0,0,0,0,0,0,0,0,0,0,0,0,0,0,0,0,0,0,0,0,2026-09-28 23:23:54.46184+00,2026-09-28 23:23:54.46184+00
16410,16412,t,4888537386925509039,"INSERT INTO RES_FEAT_EKEY(RES_ENT_ID,LIB_FEAT_ID,FTYPE_ID,UTYPE_CODE,SUPPRESSED,OBS_ENT_CNT) VALUES ($1,$2,$3,$4,$5,$6),($7,$8,$9,$10,$11,$12),($13,$14,$15,$16,$17,$18),($19,$20,$21,$22,$23,$24),($25,$26,$27,$28,$29,$30),($31,$32,$33,$34,$35,$36),($37,$38,$39,$40,$41,$42),($43,$44,$45,$46,$47,$48),($49,$50,$51,$52,$53,$54) ON CONFLICT DO NOTHING",0,0,0,0,0,0,2161096,24469349.48261435,0.107666,2233.0548860000004,11.322657338042525,31.50735495804009,19449864,269358842,33822,0,245848,0,0,0,0,0,0,812464.4959749976,33311.55464099954,0,0,0,0,0,0,0,0,0,0,0,0,0,0,0,0,0,2026-09-28 20:44:52.395765+00,2026-09-28 20:44:52.395765+00
16410,16412,t,4566393461907427391,DELETE FROM RES_FEAT_EKEY WHERE ((RES_ENT_ID=$1 AND LIB_FEAT_ID=$2 AND UTYPE_CODE=$3)OR(RES_ENT_ID=$4 AND LIB_FEAT_ID=$5 AND UTYPE_CODE=$6)OR(RES_ENT_ID=$7 AND LIB_FEAT_ID=$8 AND UTYPE_CODE=$9)OR(RES_ENT_ID=$10 AND LIB_FEAT_ID=$11 AND UTYPE_CODE=$12)OR(RES_ENT_ID=$13 AND LIB_FEAT_ID=$14 AND UTYPE_CODE=$15)OR(RES_ENT_ID=$16 AND LIB_FEAT_ID=$17 AND UTYPE_CODE=$18)OR(RES_ENT_ID=$19 AND LIB_FEAT_ID=$20 AND UTYPE_CODE=$21)OR(RES_ENT_ID=$22 AND LIB_FEAT_ID=$23 AND UTYPE_CODE=$24)OR(RES_ENT_ID=$25 AND LIB_FEAT_ID=$26 AND UTYPE_CODE=$27)OR(RES_ENT_ID=$28 AND LIB_FEAT_ID=$29 AND UTYPE_CODE=$30)OR(RES_ENT_ID=$31 AND LIB_FEAT_ID=$32 AND UTYPE_CODE=$33)OR(RES_ENT_ID=$34 AND LIB_FEAT_ID=$35 AND UTYPE_CODE=$36)OR(RES_ENT_ID=$37 AND LIB_FEAT_ID=$38 AND UTYPE_CODE=$39)OR(RES_ENT_ID=$40 AND LIB_FEAT_ID=$41 AND UTYPE_CODE=$42)OR(RES_ENT_ID=$43 AND LIB_FEAT_ID=$44 AND UTYPE_CODE=$45)OR(RES_ENT_ID=$46 AND LIB_FEAT_ID=$47 AND UTYPE_CODE=$48)OR(RES_ENT_ID=$49 AND LIB_FEAT_ID=$50 AND UTYPE_CODE=$51)OR(RES_ENT_ID=$52 AND LIB_FEAT_ID=$53 AND UTYPE_CODE=$54)OR(RES_ENT_ID=$55 AND LIB_FEAT_ID=$56 AND UTYPE_CODE=$57)OR(RES_ENT_ID=$58 AND LIB_FEAT_ID=$59 AND UTYPE_CODE=$60)OR(RES_ENT_ID=$61 AND LIB_FEAT_ID=$62 AND UTYPE_CODE=$63)OR(RES_ENT_ID=$64 AND LIB_FEAT_ID=$65 AND UTYPE_CODE=$66)OR(RES_ENT_ID=$67 AND LIB_FEAT_ID=$68 AND UTYPE_CODE=$69)OR(RES_ENT_ID=$70 AND LIB_FEAT_ID=$71 AND UTYPE_CODE=$72)OR(RES_ENT_ID=$73 AND LIB_FEAT_ID=$74 AND UTYPE_CODE=$75)OR(RES_ENT_ID=$76 AND LIB_FEAT_ID=$77 AND UTYPE_CODE=$78)),0,0,0,0,0,0,12211,239865.9666379997,0.079261,413.812945,19.6434335138809,39.502483770936685,298583,1582258,2038,0,0,0,0,0,0,0,0,86643.94396200005,0,0,0,0,0,0,0,0,0,0,0,0,0,0,0,0,0,0,2026-09-28 20:45:03.535496+00,2026-09-28 20:45:03.535496+00
10,16384,t,-2696399101429117840,"FETCH 50 IN ""query-cursor_188""",0,0,0,0,0,0,36,0.570075,0.010165,0.036353,0.015835416666666668,0.0055167400215415064,1800,0,0,0,0,0,0,0,0,0,0,0,0,0,0,0,0,0,0,0,0,0,0,0,0,0,0,0,0,0,2026-09-29 00:05:53.681773+00,2026-09-29 00:05:53.681773+00
16410,16412,t,7637424300150708939,"SELECT DSRC_ID,RECORD_ID,ENT_SRC_KEY FROM DSRC_RECORD WHERE (DSRC_ID,ENT_SRC_KEY) IN (($1,$2),($3,$4),($5,$6),($7,$8),($9,$10),($11,$12),($13,$14),($15,$16),($17,$18),($19,$20),($21,$22),($23,$24),($25,$26),($27,$28),($29,$30),($31,$32))",0,0,0,0,0,0,8,14.584156,0.117154,13.319008,1.8230195,4.345240856861677,72,588,2,0,0,0,0,0,0,0,0,13.034933,0,0,0,0,0,0,0,0,0,0,0,0,0,0,0,0,0,0,2026-09-29 00:20:22.948416+00,2026-09-29 00:20:22.948416+00
10,16384,t,-4295904493263470429,"MOVE -2028 IN ""query-cursor_225""",0,0,0,0,0,0,1,0.043043,0.043043,0.043043,0.043043,0,0,0,0,0,0,0,0,0,0,0,0,0,0,0,0,0,0,0,0,0,0,0,0,0,0,0,0,0,0,0,2026-09-29 01:13:53.671302+00,2026-09-29 01:13:53.671302+00
10,16384,t,-83283789966490879,select max(age(datfrozenxid)) as max_used_xact_ids from pg_database,0,0,0,0,0,0,235,3.208354000000001,0.007637,0.061951000000000006,0.01365257021276596,0.006772911048164355,235,235,0,0,0,0,0,0,0,0,0,0,0,0,0,0,0,0,0,0,0,0,0,0,0,0,0,0,0,0,2026-09-28 19:18:53.189855+00,2026-09-28 19:18:53.189855+00
10,16384,t,-6430279625915090679,"MOVE -1884 IN ""query-cursor_201""",0,0,0,0,0,0,1,0.111452,0.111452,0.111452,0.111452,0,0,0,0,0,0,0,0,0,0,0,0,0,0,0,0,0,0,0,0,0,0,0,0,0,0,0,0,0,0,0,2026-09-29 00:28:53.671659+00,2026-09-29 00:28:53.671659+00
10,16384,t,1367424276915005081,select $1 from pg_stat_statements($2) limit $3,0,0,0,0,0,0,1,0.088339,0.088339,0.088339,0.088339,0,1,0,0,0,0,0,0,0,0,0,0,0,0,0,0,0,0,0,0,0,0,0,0,0,0,0,0,0,0,0,2026-09-28 19:18:53.140437+00,2026-09-28 19:18:53.140437+00
10,16384,t,-7447041206473841236,"MOVE ALL IN ""query-cursor_91""",0,0,0,0,0,0,1,4.300069,4.300069,4.300069,4.300069,0,0,0,0,0,0,0,0,0,0,0,0,0,0,0,0,0,0,0,0,0,0,0,0,0,0,0,0,0,0,0,2026-09-28 20:48:53.659361+00,2026-09-28 20:48:53.659361+00
10,16384,t,-8547696230112815836,"MOVE ALL IN ""query-cursor_178""",0,0,0,0,0,0,1,10.341223,10.341223,10.341223,10.341223,0,0,0,0,0,0,0,0,0,0,0,0,0,0,0,0,0,0,0,0,0,0,0,0,0,0,0,0,0,0,0,2026-09-28 23:45:53.674254+00,2026-09-28 23:45:53.674254+00
16410,16412,t,8245012683704636222,"SELECT RES_ENT_ID,OBS_ENT_ID,ERRULE_ID,MATCH_KEY FROM RES_ENT_OKEY WHERE RES_ENT_ID IN ($1,$2,$3,$4,$5,$6,$7,$8)",0,0,0,0,0,0,45096,11418.367891999873,0.023141000000000002,189.904372,0.253201345839983,2.7430248780359676,322081,1216314,176,0,0,0,0,0,0,0,0,2965.289118,0,0,0,0,0,0,0,0,0,0,0,0,0,0,0,0,0,0,2026-09-28 20:49:39.582168+00,2026-09-28 20:49:39.582168+00
10,16384,t,1235754256561138226,"FETCH 5 IN ""query-cursor_59""",0,0,0,0,0,0,1,0.00184,0.00184,0.00184,0.00184,0,5,0,0,0,0,0,0,0,0,0,0,0,0,0,0,0,0,0,0,0,0,0,0,0,0,0,0,0,0,0,2026-09-28 20:16:53.655405+00,2026-09-28 20:16:53.655405+00
16410,16412,t,4230767813197154375,"INSERT INTO RES_FEAT_EKEY(RES_ENT_ID,LIB_FEAT_ID,FTYPE_ID,UTYPE_CODE,SUPPRESSED,OBS_ENT_CNT) VALUES ($1,$2,$3,$4,$5,$6),($7,$8,$9,$10,$11,$12),($13,$14,$15,$16,$17,$18),($19,$20,$21,$22,$23,$24),($25,$26,$27,$28,$29,$30),($31,$32,$33,$34,$35,$36),($37,$38,$39,$40,$41,$42),($43,$44,$45,$46,$47,$48),($49,$50,$51,$52,$53,$54),($55,$56,$57,$58,$59,$60),($61,$62,$63,$64,$65,$66) ON CONFLICT DO NOTHING",0,0,0,0,0,0,2072216,28379283.021252725,0.132318,2009.353977,13.695137486272051,36.814666210340775,22794376,315457634,49494,0,296734,0,0,0,0,0,0,1181185.7144369988,38444.919165999396,0,0,0,0,0,0,0,0,0,0,0,0,0,0,0,0,0,2026-09-28 20:44:52.535581+00,2026-09-28 20:44:52.535581+00
10,16384,t,4319642935074527666,"DECLARE ""query-cursor_164"" SCROLL CURSOR FOR select queryid, left(query, $1), calls, (total_plan_time + total_exec_time) as total_time from aurora_stat_statements($2) order by calls desc limit $3 FOR READ ONLY",0,0,0,0,0,0,1,0.080557,0.080557,0.080557,0.080557,0,0,0,0,0,0,0,0,0,0,0,0,0,0,0,0,0,0,0,0,0,0,0,0,0,0,0,0,0,0,0,2026-09-28 23:15:53.706064+00,2026-09-28 23:15:53.706064+00
10,16384,t,5741487394648537453,"FETCH 35 IN ""query-cursor_64""",0,0,0,0,0,0,1,0.002573,0.002573,0.002573,0.002573,0,35,0,0,0,0,0,0,0,0,0,0,0,0,0,0,0,0,0,0,0,0,0,0,0,0,0,0,0,0,0,2026-09-28 20:21:53.655989+00,2026-09-28 20:21:53.655989+00
10,16384,t,-1916615471916784838,"DECLARE ""query-cursor_114"" SCROLL CURSOR FOR select queryid, left(query, $1), calls, (total_plan_time + total_exec_time) as total_time from aurora_stat_statements($2) order by calls desc limit $3 FOR READ ONLY",0,0,0,0,0,0,1,0.084976,0.084976,0.084976,0.084976,0,0,0,0,0,0,0,0,0,0,0,0,0,0,0,0,0,0,0,0,0,0,0,0,0,0,0,0,0,0,0,2026-09-28 21:31:54.143899+00,2026-09-28 21:31:54.143899+00
10,16384,t,501344155891052520,"FETCH 50 IN ""query-cursor_204""",0,0,0,0,0,0,38,0.5579450000000001,0.009594,0.022455,0.01468276315789474,0.003949555480878497,1900,0,0,0,0,0,0,0,0,0,0,0,0,0,0,0,0,0,0,0,0,0,0,0,0,0,0,0,0,0,2026-09-29 00:31:53.727103+00,2026-09-29 00:31:53.727103+00
10,16384,t,-4794354416350922898,"FETCH 39 IN ""query-cursor_202""",0,0,0,0,0,0,1,0.01121,0.01121,0.01121,0.01121,0,39,0,0,0,0,0,0,0,0,0,0,0,0,0,0,0,0,0,0,0,0,0,0,0,0,0,0,0,0,0,2026-09-29 00:29:53.693366+00,2026-09-29 00:29:53.693366+00
16410,16412,t,-3278084027652792806,"INSERT INTO RES_FEAT_EKEY(RES_ENT_ID,LIB_FEAT_ID,FTYPE_ID,UTYPE_CODE,SUPPRESSED,OBS_ENT_CNT) VALUES ($1,$2,$3,$4,$5,$6),($7,$8,$9,$10,$11,$12),($13,$14,$15,$16,$17,$18) ON CONFLICT DO NOTHING",0,0,0,0,0,0,2078845,9909721.586784167,0.041913,1975.6328,4.766936249111486,15.995860003839185,6236535,86315046,7263,0,83217,0,0,0,0,0,0,167147.88575500002,12030.99682599986,0,0,0,0,0,0,0,0,0,0,0,0,0,0,0,0,0,2026-09-28 20:44:52.396249+00,2026-09-28 20:44:52.396249+00
16410,16412,t,-8171431053247666337,DELETE FROM perf.snap_table     WHERE label = $1,0,0,0,0,0,0,1,1.115071,1.115071,1.115071,1.115071,0,0,0,1,0,0,0,0,0,0,0,0,1.108405,0,0,0,0,0,0,0,0,0,0,0,0,0,0,0,0,0,0,2026-09-29 01:21:06.750213+00,2026-09-29 01:21:06.750213+00
10,16384,t,-4812002952626931059,"FETCH 50 IN ""query-cursor_102""",0,0,0,0,0,0,24,0.387705,0.011507,0.025487,0.016154375000000002,0.0036548694779761515,1200,0,0,0,0,0,0,0,0,0,0,0,0,0,0,0,0,0,0,0,0,0,0,0,0,0,0,0,0,0,2026-09-28 21:07:53.771762+00,2026-09-28 21:07:53.771762+00
10,16384,t,5076309368508058006,"DECLARE ""query-cursor_71"" SCROLL CURSOR FOR select queryid, left(query, $1), calls, (total_plan_time + total_exec_time) as total_time from aurora_stat_statements($2) order by calls desc limit $3 FOR READ ONLY",0,0,0,0,0,0,1,0.066755,0.066755,0.066755,0.066755,0,0,0,0,0,0,0,0,0,0,0,0,0,0,0,0,0,0,0,0,0,0,0,0,0,0,0,0,0,0,0,2026-09-28 20:28:53.653153+00,2026-09-28 20:28:53.653153+00
16410,16412,t,2331481891964300404,SELECT $3 FROM information_schema.columns WHERE table_schema=current_schema() AND table_name=LOWER($1) AND column_name=LOWER($2),0,0,0,0,0,0,2760,1938.1878980000029,0.046941,252.24362099999996,0.7022419920289865,8.613799945031994,0,35870,10,0,0,0,0,0,0,0,0,12.925469999999999,0,0,0,0,0,0,0,0,0,0,0,0,0,0,0,0,0,0,2026-09-28 19:21:52.096646+00,2026-09-28 19:21:52.096646+00
10,16384,t,-7270475054055694592,"MOVE -638 IN ""query-cursor_81""",0,0,0,0,0,0,1,0.015764,0.015764,0.015764,0.015764,0,0,0,0,0,0,0,0,0,0,0,0,0,0,0,0,0,0,0,0,0,0,0,0,0,0,0,0,0,0,0,2026-09-28 20:38:53.655574+00,2026-09-28 20:38:53.655574+00
16410,16412,t,-3888395046038989586,"WITH d AS (
  SELECT metric, f.value - b.value AS delta
  FROM perf.snap_scalar f JOIN perf.snap_scalar b USING (metric)
  WHERE f.label=$1 AND b.label=$2
)
SELECT
  (SELECT delta FROM d WHERE metric=$3)
    + (SELECT delta FROM d WHERE metric=$4) AS logical_block_reads,
  (SELECT delta FROM d WHERE metric=$5)     AS physical_block_reads,
  (SELECT delta FROM d WHERE metric=$6)    AS wal_bytes,
  (SELECT delta FROM d WHERE metric=$7)   AS xact_commit,
  (SELECT delta FROM d WHERE metric=$8)  AS tup_inserted,
  (SELECT delta FROM d WHERE metric=$9)   AS tup_updated,
  (SELECT delta FROM d WHERE metric=$10)   AS tup_deleted",0,0,0,0,0,0,1,0.047202,0.047202,0.047202,0.047202,0,1,2,0,0,0,0,0,0,0,0,0,0,0,0,0,0,0,0,0,0,0,0,0,0,0,0,0,0,0,0,2026-09-29 01:21:06.80199+00,2026-09-29 01:21:06.80199+00
10,16384,t,6564633028365855675,"MOVE ALL IN ""query-cursor_81""",0,0,0,0,0,0,1,1.418835,1.418835,1.418835,1.418835,0,0,0,0,0,0,0,0,0,0,0,0,0,0,0,0,0,0,0,0,0,0,0,0,0,0,0,0,0,0,0,2026-09-28 20:38:53.655499+00,2026-09-28 20:38:53.655499+00
16410,16412,t,4005550565095767851,"SELECT LIB_FEAT_ID,UTYPE_CODE,RES_ENT_ID,OBS_ENT_CNT FROM RES_FEAT_EKEY WHERE LIB_FEAT_ID IN ($1,$2,$3,$4,$5,$6,$7,$8,$9,$10,$11,$12,$13,$14,$15,$16,$17,$18,$19,$20,$21,$22,$23,$24,$25,$26,$27,$28,$29,$30,$31,$32) AND RES_ENT_ID!=$33",0,0,0,0,0,0,16420342,137363128.5484719,0.004189,1600.329368,8.365424334552344,29.530138591853905,88973358,257760745,11621969,0,0,0,0,0,0,0,0,116742089.1996317,0,0,0,0,0,0,0,0,0,0,0,0,0,0,0,0,0,0,2026-09-28 20:44:52.391913+00,2026-09-28 20:44:52.391913+00
10,16384,t,-821276053001312898,"FETCH 0 IN ""query-cursor_123""",0,0,0,0,0,0,1,0.006317,0.006317,0.006317,0.006317,0,0,0,0,0,0,0,0,0,0,0,0,0,0,0,0,0,0,0,0,0,0,0,0,0,0,0,0,0,0,0,2026-09-28 21:49:53.734621+00,2026-09-28 21:49:53.734621+00
10,16384,t,-6183369405536431356,"FETCH 8 IN ""query-cursor_181""",0,0,0,0,0,0,1,0.00555,0.00555,0.00555,0.00555,0,8,0,0,0,0,0,0,0,0,0,0,0,0,0,0,0,0,0,0,0,0,0,0,0,0,0,0,0,0,0,2026-09-28 23:51:53.70623+00,2026-09-28 23:51:53.70623+00
10,16384,t,908131807615482917,"DECLARE ""query-cursor_174"" SCROLL CURSOR FOR select queryid, left(query, $1), calls, (total_plan_time + total_exec_time) as total_time from aurora_stat_statements($2) order by calls desc limit $3 FOR READ ONLY",0,0,0,0,0,0,1,0.0683,0.0683,0.0683,0.0683,0,0,0,0,0,0,0,0,0,0,0,0,0,0,0,0,0,0,0,0,0,0,0,0,0,0,0,0,0,0,0,2026-09-28 23:37:53.886922+00,2026-09-28 23:37:53.886922+00
10,16384,t,-661088431209006249,SELECT count(*) FROM pg_replication_slots where slot_type = $1,0,0,0,0,0,0,734,7.749053999999998,0.003439,0.063634,0.010557294277929154,0.0047513921201699436,734,0,0,0,0,0,0,0,0,0,0,0,0,0,0,0,0,0,0,0,0,0,0,0,0,0,0,0,0,0,2026-09-28 19:17:03.39974+00,2026-09-28 19:17:03.39974+00
10,16384,t,-1306608132381636626,select count(*) from pg_roles where rolname = $1 and (         $2 = ANY(rolconfig)              OR NOT EXISTS (              SELECT $3 FROM unnest(rolconfig) AS cfg                WHERE cfg LIKE $4        )),0,0,0,0,0,0,1,0.9407359999999999,0.9407359999999999,0.9407359999999999,0.9407359999999999,0,1,4,0,0,0,0,0,0,0,0,0,0,0,0,0,0,0,0,0,0,0,0,0,0,0,0,0,0,0,0,2026-09-28 19:16:35.67482+00,2026-09-28 19:16:35.67482+00
10,16384,t,5267698801294050184,"FETCH 9 IN ""query-cursor_7""",0,0,0,0,0,0,1,0.001751,0.001751,0.001751,0.001751,0,9,0,0,0,0,0,0,0,0,0,0,0,0,0,0,0,0,0,0,0,0,0,0,0,0,0,0,0,0,0,2026-09-28 19:24:53.649438+00,2026-09-28 19:24:53.649438+00
10,16384,t,-7132531143737418404,"DECLARE ""query-cursor_184"" SCROLL CURSOR FOR select queryid, left(query, $1), calls, (total_plan_time + total_exec_time) as total_time from aurora_stat_statements($2) order by calls desc limit $3 FOR READ ONLY",0,0,0,0,0,0,1,0.095084,0.095084,0.095084,0.095084,0,0,0,0,0,0,0,0,0,0,0,0,0,0,0,0,0,0,0,0,0,0,0,0,0,0,0,0,0,0,0,2026-09-28 23:57:53.700055+00,2026-09-28 23:57:53.700055+00
10,16384,t,-7056674365562565206,"FETCH 15 IN ""query-cursor_223""",0,0,0,0,0,0,1,0.002231,0.002231,0.002231,0.002231,0,15,0,0,0,0,0,0,0,0,0,0,0,0,0,0,0,0,0,0,0,0,0,0,0,0,0,0,0,0,0,2026-09-29 01:09:53.682442+00,2026-09-29 01:09:53.682442+00
10,16384,t,4728342748308217327,"FETCH 50 IN ""query-cursor_158""",0,0,0,0,0,0,32,0.5760940000000001,0.008309,0.054718,0.018002937500000003,0.00949698399472663,1600,0,0,0,0,0,0,0,0,0,0,0,0,0,0,0,0,0,0,0,0,0,0,0,0,0,0,0,0,0,2026-09-28 23:03:54.101318+00,2026-09-28 23:03:54.101318+00
10,16384,t,4173389387689438951,"MOVE -1497 IN ""query-cursor_140""",0,0,0,0,0,0,1,0.163027,0.163027,0.163027,0.163027,0,0,0,0,0,0,0,0,0,0,0,0,0,0,0,0,0,0,0,0,0,0,0,0,0,0,0,0,0,0,0,2026-09-28 22:25:54.058006+00,2026-09-28 22:25:54.058006+00
16410,16412,t,-9201048509704356765,"SELECT RES_ENT_ID,LIB_FEAT_ID,FTYPE_ID,UTYPE_CODE,SUPPRESSED,OBS_ENT_CNT FROM RES_FEAT_EKEY WHERE RES_ENT_ID IN ($1) AND FTYPE_ID IN ($2,$3,$4,$5,$6,$7,$8,$9,$10,$11,$12,$13,$14,$15,$16,$17,$18,$19,$20,$21,$22,$23,$24,$25,$26,$27,$28,$29,$30,$31,$32,$33,$34,$35,$36,$37,$38,$39,$40,$41,$42,$43,$44,$45,$46,$47,$48,$49,$50,$51,$52)",0,0,0,0,0,0,60590,6009.566969999946,0.006519,77.513236,0.09918413880178159,1.3700795016347418,0,299818,0,0,0,0,0,0,0,0,0,0,0,0,0,0,0,0,0,0,0,0,0,0,0,0,0,0,0,0,2026-09-28 20:46:00.793438+00,2026-09-28 20:46:00.793438+00
10,16384,t,-4924178588047206423,"DECLARE ""query-cursor_67"" SCROLL CURSOR FOR select queryid, left(query, $1), calls, (total_plan_time + total_exec_time) as total_time from aurora_stat_statements($2) order by calls desc limit $3 FOR READ ONLY",0,0,0,0,0,0,1,0.06403,0.06403,0.06403,0.06403,0,0,0,0,0,0,0,0,0,0,0,0,0,0,0,0,0,0,0,0,0,0,0,0,0,0,0,0,0,0,0,2026-09-28 20:24:53.652811+00,2026-09-28 20:24:53.652811+00
10,16384,t,-7032626330395637981,show shared_volume_mode,0,0,0,0,0,0,1,0.007954,0.007954,0.007954,0.007954,0,0,0,0,0,0,0,0,0,0,0,0,0,0,0,0,0,0,0,0,0,0,0,0,0,0,0,0,0,0,0,2026-09-28 19:16:36.26565+00,2026-09-28 19:16:36.26565+00
10,16384,t,-5538074784282496908,"DECLARE ""query-cursor_30"" SCROLL CURSOR FOR select queryid, left(query, $1), calls, (total_plan_time + total_exec_time) as total_time from aurora_stat_statements($2) order by calls desc limit $3 FOR READ ONLY",0,0,0,0,0,0,1,0.067125,0.067125,0.067125,0.067125,0,0,0,0,0,0,0,0,0,0,0,0,0,0,0,0,0,0,0,0,0,0,0,0,0,0,0,0,0,0,0,2026-09-28 19:47:53.650057+00,2026-09-28 19:47:53.650057+00
10,16384,t,-5453084358176313184,"FETCH 6 IN ""query-cursor_134""",0,0,0,0,0,0,1,0.006973,0.006973,0.006973,0.006973,0,6,0,0,0,0,0,0,0,0,0,0,0,0,0,0,0,0,0,0,0,0,0,0,0,0,0,0,0,0,0,2026-09-28 22:13:54.099729+00,2026-09-28 22:13:54.099729+00
10,16384,t,3896442136468631920,"FETCH 45 IN ""query-cursor_228""",0,0,0,0,0,0,1,0.00298,0.00298,0.00298,0.00298,0,45,0,0,0,0,0,0,0,0,0,0,0,0,0,0,0,0,0,0,0,0,0,0,0,0,0,0,0,0,0,2026-09-29 01:17:53.68256+00,2026-09-29 01:17:53.68256+00
10,16384,t,2040873483841193621,"DECLARE ""query-cursor_214"" SCROLL CURSOR FOR select queryid, left(query, $1), calls, (total_plan_time + total_exec_time) as total_time from aurora_stat_statements($2) order by calls desc limit $3 FOR READ ONLY",0,0,0,0,0,0,1,0.081863,0.081863,0.081863,0.081863,0,0,0,0,0,0,0,0,0,0,0,0,0,0,0,0,0,0,0,0,0,0,0,0,0,0,0,0,0,0,0,2026-09-29 00:51:53.723624+00,2026-09-29 00:51:53.723624+00
10,16384,t,6298999686210121249,"FETCH 50 IN ""query-cursor_106""",0,0,0,0,0,0,25,0.4930489999999999,0.011506,0.035787,0.019721959999999997,0.007520736663279734,1250,0,0,0,0,0,0,0,0,0,0,0,0,0,0,0,0,0,0,0,0,0,0,0,0,0,0,0,0,0,2026-09-28 21:15:54.180385+00,2026-09-28 21:15:54.180385+00
10,16384,t,7756975804111134694,"FETCH 0 IN ""query-cursor_198""",0,0,0,0,0,0,1,0.005015,0.005015,0.005015,0.005015,0,0,0,0,0,0,0,0,0,0,0,0,0,0,0,0,0,0,0,0,0,0,0,0,0,0,0,0,0,0,0,2026-09-29 00:25:53.664385+00,2026-09-29 00:25:53.664385+00
10,16384,t,-1494124873289562653,"FETCH 0 IN ""query-cursor_152""",0,0,0,0,0,0,1,0.005186,0.005186,0.005186,0.005186,0,0,0,0,0,0,0,0,0,0,0,0,0,0,0,0,0,0,0,0,0,0,0,0,0,0,0,0,0,0,0,2026-09-28 22:49:53.916193+00,2026-09-28 22:49:53.916193+00
10,16384,t,-5610004483964998683,"DECLARE ""query-cursor_168"" SCROLL CURSOR FOR select queryid, left(query, $1), calls, (total_plan_time + total_exec_time) as total_time from aurora_stat_statements($2) order by calls desc limit $3 FOR READ ONLY",0,0,0,0,0,0,1,0.079403,0.079403,0.079403,0.079403,0,0,0,0,0,0,0,0,0,0,0,0,0,0,0,0,0,0,0,0,0,0,0,0,0,0,0,0,0,0,0,2026-09-28 23:23:53.828236+00,2026-09-28 23:23:53.828236+00
10,16384,t,4239631060687422499,"MOVE -74 IN ""query-cursor_2""",0,0,0,0,0,0,1,0.003864,0.003864,0.003864,0.003864,0,0,0,0,0,0,0,0,0,0,0,0,0,0,0,0,0,0,0,0,0,0,0,0,0,0,0,0,0,0,0,2026-09-28 19:19:53.648173+00,2026-09-28 19:19:53.648173+00
10,16384,t,-7297930678497092768,"MOVE ALL IN ""query-cursor_191""",0,0,0,0,0,0,1,10.338603,10.338603,10.338603,10.338603,0,0,0,0,0,0,0,0,0,0,0,0,0,0,0,0,0,0,0,0,0,0,0,0,0,0,0,0,0,0,0,2026-09-29 00:11:53.730705+00,2026-09-29 00:11:53.730705+00
10,16384,t,8246698443212916846,"FETCH 0 IN ""query-cursor_155""",0,0,0,0,0,0,1,0.00967,0.00967,0.00967,0.00967,0,0,0,0,0,0,0,0,0,0,0,0,0,0,0,0,0,0,0,0,0,0,0,0,0,0,0,0,0,0,0,2026-09-28 22:55:54.113297+00,2026-09-28 22:55:54.113297+00
16410,16412,t,-952876597501699504,"SELECT LIB_FEAT_ID,NUM_RES_ENT,NUM_RES_ENT_OOM,CANDIDATE_CAP_REACHED,SCORING_CAP_REACHED FROM RES_FEAT_STAT WHERE LIB_FEAT_ID IN ($1,$2,$3,$4,$5,$6,$7,$8,$9,$10,$11,$12,$13,$14,$15,$16)",0,0,0,0,0,0,15861377,24655965.78955579,0.012785000000000001,1074.904795,1.5544656551291727,9.320249823559793,196491446,268815380,2471434,0,0,0,0,0,0,0,0,17500853.592153512,0,0,0,0,0,0,0,0,0,0,0,0,0,0,0,0,0,0,2026-09-28 20:44:53.514414+00,2026-09-28 20:44:53.514414+00
10,16384,t,7193771700378705241,"MOVE ALL IN ""query-cursor_167""",0,0,0,0,0,0,1,7.953797,7.953797,7.953797,7.953797,0,0,0,0,0,0,0,0,0,0,0,0,0,0,0,0,0,0,0,0,0,0,0,0,0,0,0,0,0,0,0,2026-09-28 23:21:53.670901+00,2026-09-28 23:21:53.670901+00
10,16384,t,91164580322030872,"FETCH 0 IN ""query-cursor_182""",0,0,0,0,0,0,1,0.007308,0.007308,0.007308,0.007308,0,0,0,0,0,0,0,0,0,0,0,0,0,0,0,0,0,0,0,0,0,0,0,0,0,0,0,0,0,0,0,2026-09-28 23:53:53.870057+00,2026-09-28 23:53:53.870057+00
10,16384,t,2827869953826678753,"MOVE -793 IN ""query-cursor_87""",0,0,0,0,0,0,1,0.022059,0.022059,0.022059,0.022059,0,0,0,0,0,0,0,0,0,0,0,0,0,0,0,0,0,0,0,0,0,0,0,0,0,0,0,0,0,0,0,2026-09-28 20:44:53.656856+00,2026-09-28 20:44:53.656856+00
10,16384,t,-7556579876091590985,"FETCH 0 IN ""query-cursor_156""",0,0,0,0,0,0,1,0.009441,0.009441,0.009441,0.009441,0,0,0,0,0,0,0,0,0,0,0,0,0,0,0,0,0,0,0,0,0,0,0,0,0,0,0,0,0,0,0,2026-09-28 22:57:53.815169+00,2026-09-28 22:57:53.815169+00
16410,16412,t,2758416697784876263,"SELECT OBS_ENT_ID,RES_ENT_ID FROM RES_ENT_OKEY WHERE OBS_ENT_ID IN ($1)",0,0,0,0,0,0,69739427,9732171.796216073,0.002616,1183.585836,0.13955049840337908,2.5307270972789455,44738498,279420690,281977,0,0,0,0,0,0,0,0,3827817.634201057,0,0,0,0,0,0,0,0,0,0,0,0,0,0,0,0,0,0,2026-09-28 20:44:52.350669+00,2026-09-28 20:44:52.350669+00
10,16384,t,-1322112296385048079,"FETCH 5 IN ""query-cursor_165""",0,0,0,0,0,0,1,0.003352,0.003352,0.003352,0.003352,0,5,0,0,0,0,0,0,0,0,0,0,0,0,0,0,0,0,0,0,0,0,0,0,0,0,0,0,0,0,0,2026-09-28 23:17:53.782459+00,2026-09-28 23:17:53.782459+00
16410,16412,t,653076584682170140,SELECT RES_ENT_ID FROM RES_ENT WHERE RES_ENT_ID IN ($1),0,0,0,0,0,0,20761554,841496.6947959738,0.003853,490.787349,0.040531488866198256,0.5575014210418104,17788662,97800178,0,0,0,0,0,0,0,0,0,0,0,0,0,0,0,0,0,0,0,0,0,0,0,0,0,0,0,0,2026-09-28 20:44:53.646414+00,2026-09-28 20:44:53.646414+00
16410,16412,t,4171423560650417100,"SELECT RES_REL_ID,MIN_RES_ENT_ID,MAX_RES_ENT_ID,IS_DISCLOSED,IS_AMBIGUOUS,LAST_ERRULE_ID,MATCH_LEVELS,MATCH_KEY,MATCH_KEY_DETAILS FROM RES_RELATE WHERE RES_REL_ID IN ($1,$2,$3,$4,$5,$6,$7,$8,$9,$10,$11,$12,$13,$14,$15,$16,$17,$18,$19,$20,$21,$22,$23,$24,$25,$26,$27,$28,$29,$30,$31,$32)",0,0,0,0,0,0,66120,807955.3836060014,0.045324,740.210867,12.219530907531782,28.542556688388466,1405678,3046380,161006,0,0,0,0,0,0,0,0,737903.6772390008,0,0,0,0,0,0,0,0,0,0,0,0,0,0,0,0,0,0,2026-09-28 20:45:41.038024+00,2026-09-28 20:45:41.038024+00
10,16384,t,-4673608005675079796,"FETCH 50 IN ""query-cursor_199""",0,0,0,0,0,0,37,0.5348,0.008121,0.028597,0.014454054054054056,0.004202799690720628,1850,0,0,0,0,0,0,0,0,0,0,0,0,0,0,0,0,0,0,0,0,0,0,0,0,0,0,0,0,0,2026-09-29 00:26:53.671371+00,2026-09-29 00:26:53.671371+00
10,16384,t,-3056960409126620608,"FETCH 0 IN ""query-cursor_185""",0,0,0,0,0,0,1,0.00498,0.00498,0.00498,0.00498,0,0,0,0,0,0,0,0,0,0,0,0,0,0,0,0,0,0,0,0,0,0,0,0,0,0,0,0,0,0,0,2026-09-28 23:59:53.984683+00,2026-09-28 23:59:53.984683+00
10,16384,t,-4128646314928582024,"FETCH 45 IN ""query-cursor_148""",0,0,0,0,0,0,1,0.013706,0.013706,0.013706,0.013706,0,45,0,0,0,0,0,0,0,0,0,0,0,0,0,0,0,0,0,0,0,0,0,0,0,0,0,0,0,0,0,2026-09-28 22:41:53.814753+00,2026-09-28 22:41:53.814753+00
16410,16412,t,4454700012316907169,"SELECT RES_ENT_ID,LIB_FEAT_ID,FTYPE_ID,UTYPE_CODE,SUPPRESSED,OBS_ENT_CNT FROM RES_FEAT_EKEY WHERE RES_ENT_ID IN ($1,$2,$3,$4) AND FTYPE_ID IN ($5,$6,$7,$8,$9,$10,$11,$12,$13,$14,$15,$16,$17,$18,$19,$20,$21,$22,$23,$24,$25,$26,$27,$28,$29,$30,$31,$32,$33,$34,$35,$36,$37,$38,$39,$40,$41,$42,$43,$44,$45,$46,$47,$48,$49,$50,$51,$52,$53,$54,$55,$56,$57)",0,0,0,0,0,0,38,63.349339,0.063729,44.830877,1.6670878684210526,7.490832557499681,411,614,0,0,0,0,0,0,0,0,0,0,0,0,0,0,0,0,0,0,0,0,0,0,0,0,0,0,0,0,2026-09-28 21:50:49.847159+00,2026-09-28 21:50:49.847159+00
10,16384,t,6359831550302187663,"MOVE ALL IN ""query-cursor_85""",0,0,0,0,0,0,1,1.460062,1.460062,1.460062,1.460062,0,0,0,0,0,0,0,0,0,0,0,0,0,0,0,0,0,0,0,0,0,0,0,0,0,0,0,0,0,0,0,2026-09-28 20:42:53.655729+00,2026-09-28 20:42:53.655729+00
10,16384,t,69572362137259454,"FETCH 9 IN ""query-cursor_197""",0,0,0,0,0,0,1,0.005055,0.005055,0.005055,0.005055,0,9,0,0,0,0,0,0,0,0,0,0,0,0,0,0,0,0,0,0,0,0,0,0,0,0,0,0,0,0,0,2026-09-29 00:23:53.682438+00,2026-09-29 00:23:53.682438+00
16410,16412,t,-2875441533907789344,"INSERT INTO RES_RELATE(RES_REL_ID,MIN_RES_ENT_ID,MAX_RES_ENT_ID,IS_DISCLOSED,IS_AMBIGUOUS,LAST_ERRULE_ID,MATCH_KEY,MATCH_KEY_DETAILS,MATCH_LEVELS) VALUES ($1,$2,$3,$4,$5,$6,$7,$8,$9),($10,$11,$12,$13,$14,$15,$16,$17,$18),($19,$20,$21,$22,$23,$24,$25,$26,$27),($28,$29,$30,$31,$32,$33,$34,$35,$36),($37,$38,$39,$40,$41,$42,$43,$44,$45),($46,$47,$48,$49,$50,$51,$52,$53,$54),($55,$56,$57,$58,$59,$60,$61,$62,$63),($64,$65,$66,$67,$68,$69,$70,$71,$72),($73,$74,$75,$76,$77,$78,$79,$80,$81),($82,$83,$84,$85,$86,$87,$88,$89,$90),($91,$92,$93,$94,$95,$96,$97,$98,$99) ON CONFLICT DO NOTHING",0,0,0,0,0,0,5063,86375.98828199985,0.16239499999999998,888.204426,17.06023864941731,50.32229078176362,55693,490080,2433,0,1915,0,0,0,0,0,0,36188.464628000016,317.10201799999976,0,0,0,0,0,0,0,0,0,0,0,0,0,0,0,0,0,2026-09-28 20:48:10.590785+00,2026-09-28 20:48:10.590785+00
10,16384,t,5251077148022441207,"FETCH 20 IN ""query-cursor_191""",0,0,0,0,0,0,1,0.007514,0.007514,0.007514,0.007514,0,20,0,0,0,0,0,0,0,0,0,0,0,0,0,0,0,0,0,0,0,0,0,0,0,0,0,0,0,0,0,2026-09-29 00:11:53.755205+00,2026-09-29 00:11:53.755205+00
10,16384,t,-598588462805794187,"DECLARE ""query-cursor_9"" SCROLL CURSOR FOR select queryid, left(query, $1), calls, (total_plan_time + total_exec_time) as total_time from aurora_stat_statements($2) order by calls desc limit $3 FOR READ ONLY",0,0,0,0,0,0,1,0.067453,0.067453,0.067453,0.067453,0,0,0,0,0,0,0,0,0,0,0,0,0,0,0,0,0,0,0,0,0,0,0,0,0,0,0,0,0,0,0,2026-09-28 19:26:53.648446+00,2026-09-28 19:26:53.648446+00
16410,16412,t,-2364870330916650875,"UPDATE RES_FEAT_STAT SET CANDIDATE_CAP_REACHED=$1,SCORING_CAP_REACHED=$2 WHERE LIB_FEAT_ID=$3",0,0,0,0,0,0,1060622,1504530.375157935,0.012255,1385.185336,1.4185358922952145,11.550608034749974,1060622,9837427,917,0,16404,0,0,0,0,0,0,4886.091680999995,117.25757999999998,0,0,0,0,0,0,0,0,0,0,0,0,0,0,0,0,0,2026-09-28 20:44:55.116858+00,2026-09-28 20:44:55.116858+00
16410,16412,t,1209441295001003248,"SELECT RES_ENT_ID,LIB_FEAT_ID,FTYPE_ID,UTYPE_CODE,SUPPRESSED,OBS_ENT_CNT FROM RES_FEAT_EKEY WHERE RES_ENT_ID IN ($1,$2,$3,$4) AND FTYPE_ID IN ($5,$6,$7,$8,$9,$10,$11,$12,$13,$14,$15,$16,$17,$18,$19,$20)",0,0,0,0,0,0,636043,1880154.8085399752,0.038318000000000005,916.7748449999999,2.9560183958316895,15.123591755987034,46083516,11891108,80982,0,0,0,0,0,0,0,0,1508775.705982997,0,0,0,0,0,0,0,0,0,0,0,0,0,0,0,0,0,0,2026-09-28 20:44:54.004862+00,2026-09-28 20:44:54.004862+00
10,16384,t,-6715291035488355226,"FETCH 50 IN ""query-cursor_97""",0,0,0,0,0,0,23,0.5153970000000002,0.011554,0.082547,0.022408565217391315,0.019577831317980854,1150,0,0,0,0,0,0,0,0,0,0,0,0,0,0,0,0,0,0,0,0,0,0,0,0,0,0,0,0,0,2026-09-28 20:57:53.665949+00,2026-09-28 20:57:53.665949+00
10,16384,t,-522971452095069331,"DECLARE ""query-cursor_43"" SCROLL CURSOR FOR select queryid, left(query, $1), calls, (total_plan_time + total_exec_time) as total_time from aurora_stat_statements($2) order by calls desc limit $3 FOR READ ONLY",0,0,0,0,0,0,1,0.065513,0.065513,0.065513,0.065513,0,0,0,0,0,0,0,0,0,0,0,0,0,0,0,0,0,0,0,0,0,0,0,0,0,0,0,0,0,0,0,2026-09-28 20:00:53.650963+00,2026-09-28 20:00:53.650963+00
16410,16412,t,-5751174690215620002,"SELECT LIB_FEAT_ID,FEAT_DESC,FTYPE_ID,ANONYMIZED,FEAT_HASH,VERSION,FELEM_VALUES FROM LIB_FEAT WHERE (FEAT_HASH,FTYPE_ID) IN (($1,$2),($3,$4))",0,0,0,0,0,0,210187,103596.7226930017,0.016778,323.505914,0.4928788302464078,3.121732609002113,417882,2436823,12985,0,0,0,0,0,0,0,0,72350.90718900024,0,0,0,0,0,0,0,0,0,0,0,0,0,0,0,0,0,0,2026-09-28 20:45:03.713226+00,2026-09-28 20:45:03.713226+00
10,16384,t,-348823821208653415,"DECLARE ""query-cursor_228"" SCROLL CURSOR FOR select queryid, left(query, $1), calls, (total_plan_time + total_exec_time) as total_time from aurora_stat_statements($2) order by calls desc limit $3 FOR READ ONLY",0,0,0,0,0,0,1,0.067635,0.067635,0.067635,0.067635,0,0,0,0,0,0,0,0,0,0,0,0,0,0,0,0,0,0,0,0,0,0,0,0,0,0,0,0,0,0,0,2026-09-29 01:17:53.666299+00,2026-09-29 01:17:53.666299+00
10,16384,t,3925125314465610638,"MOVE -1211 IN ""query-cursor_101""",0,0,0,0,0,0,1,0.207501,0.207501,0.207501,0.207501,0,0,0,0,0,0,0,0,0,0,0,0,0,0,0,0,0,0,0,0,0,0,0,0,0,0,0,0,0,0,0,2026-09-28 21:05:54.172611+00,2026-09-28 21:05:54.172611+00
10,16384,t,990955716481412777,"FETCH 0 IN ""query-cursor_34""",0,0,0,0,0,0,1,0.003613,0.003613,0.003613,0.003613,0,0,0,0,0,0,0,0,0,0,0,0,0,0,0,0,0,0,0,0,0,0,0,0,0,0,0,0,0,0,0,2026-09-28 19:51:53.650398+00,2026-09-28 19:51:53.650398+00
10,16384,t,6248639347350683123,"MOVE ALL IN ""query-cursor_164""",0,0,0,0,0,0,1,7.597507,7.597507,7.597507,7.597507,0,0,0,0,0,0,0,0,0,0,0,0,0,0,0,0,0,0,0,0,0,0,0,0,0,0,0,0,0,0,0,2026-09-28 23:15:53.713793+00,2026-09-28 23:15:53.713793+00
10,16384,t,2610253728206879217,"DECLARE ""query-cursor_130"" SCROLL CURSOR FOR select queryid, left(query, $1), calls, (total_plan_time + total_exec_time) as total_time from aurora_stat_statements($2) order by calls desc limit $3 FOR READ ONLY",0,0,0,0,0,0,1,0.078965,0.078965,0.078965,0.078965,0,0,0,0,0,0,0,0,0,0,0,0,0,0,0,0,0,0,0,0,0,0,0,0,0,0,0,0,0,0,0,2026-09-28 22:03:53.65919+00,2026-09-28 22:03:53.65919+00
10,16384,t,-2649698771933279704,"DECLARE ""query-cursor_202"" SCROLL CURSOR FOR select queryid, left(query, $1), calls, (total_plan_time + total_exec_time) as total_time from aurora_stat_statements($2) order by calls desc limit $3 FOR READ ONLY",0,0,0,0,0,0,1,0.134722,0.134722,0.134722,0.134722,0,0,0,0,0,0,0,0,0,0,0,0,0,0,0,0,0,0,0,0,0,0,0,0,0,0,0,0,0,0,0,2026-09-29 00:29:53.66471+00,2026-09-29 00:29:53.66471+00
16410,16412,t,4421785834427340622,"INSERT INTO RES_FEAT_STAT(LIB_FEAT_ID,FTYPE_ID,NUM_RES_ENT,NUM_RES_ENT_OOM) VALUES ($1,$2,$3,$4) ON CONFLICT DO NOTHING",0,0,0,0,0,0,316035,870620.8049119937,0.015686,1124.607179,2.7548240065562157,14.017064856391247,316033,3139355,182,0,3934,0,0,0,0,0,0,672.3003700000004,433.5592609999996,0,0,0,0,0,0,0,0,0,0,0,0,0,0,0,0,0,2026-09-28 20:44:52.467301+00,2026-09-28 20:44:52.467301+00
10,16384,t,640489874081485071,"FETCH 19 IN ""query-cursor_45""",0,0,0,0,0,0,1,0.002325,0.002325,0.002325,0.002325,0,19,0,0,0,0,0,0,0,0,0,0,0,0,0,0,0,0,0,0,0,0,0,0,0,0,0,0,0,0,0,2026-09-28 20:02:53.65382+00,2026-09-28 20:02:53.65382+00
10,16384,t,-7272984866418420687,"FETCH 50 IN ""query-cursor_81""",0,0,0,0,0,0,12,0.040428,0.002739,0.006255,0.003369,0.0009159112948315465,600,0,0,0,0,0,0,0,0,0,0,0,0,0,0,0,0,0,0,0,0,0,0,0,0,0,0,0,0,0,2026-09-28 20:38:53.655611+00,2026-09-28 20:38:53.655611+00
10,16384,t,4400416356212604400,"FETCH 0 IN ""query-cursor_177""",0,0,0,0,0,0,1,0.009184,0.009184,0.009184,0.009184,0,0,0,0,0,0,0,0,0,0,0,0,0,0,0,0,0,0,0,0,0,0,0,0,0,0,0,0,0,0,0,2026-09-28 23:43:53.896312+00,2026-09-28 23:43:53.896312+00
10,16384,t,-4899063793107538667,"DECLARE ""query-cursor_15"" SCROLL CURSOR FOR select queryid, left(query, $1), calls, (total_plan_time + total_exec_time) as total_time from aurora_stat_statements($2) order by calls desc limit $3 FOR READ ONLY",0,0,0,0,0,0,1,0.062078,0.062078,0.062078,0.062078,0,0,0,0,0,0,0,0,0,0,0,0,0,0,0,0,0,0,0,0,0,0,0,0,0,0,0,0,0,0,0,2026-09-28 19:32:53.648945+00,2026-09-28 19:32:53.648945+00
10,16384,t,-5745195942018076735,"FETCH 0 IN ""query-cursor_25""",0,0,0,0,0,0,1,0.003591,0.003591,0.003591,0.003591,0,0,0,0,0,0,0,0,0,0,0,0,0,0,0,0,0,0,0,0,0,0,0,0,0,0,0,0,0,0,0,2026-09-28 19:42:53.64973+00,2026-09-28 19:42:53.64973+00
10,16384,t,-5459982774710103699,"MOVE ALL IN ""query-cursor_142""",0,0,0,0,0,0,1,5.62649,5.62649,5.62649,5.62649,0,0,0,0,0,0,0,0,0,0,0,0,0,0,0,0,0,0,0,0,0,0,0,0,0,0,0,0,0,0,0,2026-09-28 22:29:53.884371+00,2026-09-28 22:29:53.884371+00
16410,16412,t,3943515874539223592,CREATE EXTENSION IF NOT EXISTS pg_stat_statements,0,0,0,0,0,0,1,102.377805,102.377805,102.377805,102.377805,0,0,3487,52,0,11,0,0,0,0,0,0,80.511051,0.042065,0,0,0,0,0,0,0,0,0,0,0,0,0,0,0,0,0,2026-09-28 19:50:43.278687+00,2026-09-28 19:50:43.278687+00
16410,16412,t,-3364415385094815576,"SELECT LIB_FEAT_ID,FEAT_DESC,FTYPE_ID,ANONYMIZED,FEAT_HASH,VERSION,FELEM_VALUES FROM LIB_FEAT WHERE LIB_FEAT_ID IN ($1,$2,$3,$4,$5,$6,$7,$8)",0,0,0,0,0,0,7009648,15705837.055363359,0.008814,1003.123427,2.240602817054916,14.275277306694003,45399243,90474171,1281624,0,0,0,0,0,0,0,0,14340453.036313627,0,0,0,0,0,0,0,0,0,0,0,0,0,0,0,0,0,0,2026-09-28 20:44:52.977385+00,2026-09-28 20:44:52.977385+00
10,16384,t,-8443586103554024663,"FETCH 50 IN ""query-cursor_135""",0,0,0,0,0,0,29,0.5101039999999999,0.011556,0.031022,0.017589793103448274,0.00521444671828982,1450,0,0,0,0,0,0,0,0,0,0,0,0,0,0,0,0,0,0,0,0,0,0,0,0,0,0,0,0,0,2026-09-28 22:15:53.70444+00,2026-09-28 22:15:53.70444+00
10,16384,t,-3003492645268500554,"MOVE -1227 IN ""query-cursor_103""",0,0,0,0,0,0,1,0.035385,0.035385,0.035385,0.035385,0,0,0,0,0,0,0,0,0,0,0,0,0,0,0,0,0,0,0,0,0,0,0,0,0,0,0,0,0,0,0,2026-09-28 21:09:53.950887+00,2026-09-28 21:09:53.950887+00
10,16384,t,-1898628818260301364,"DECLARE ""query-cursor_163"" SCROLL CURSOR FOR select queryid, left(query, $1), calls, (total_plan_time + total_exec_time) as total_time from aurora_stat_statements($2) order by calls desc limit $3 FOR READ ONLY",0,0,0,0,0,0,1,0.082538,0.082538,0.082538,0.082538,0,0,0,0,0,0,0,0,0,0,0,0,0,0,0,0,0,0,0,0,0,0,0,0,0,0,0,0,0,0,0,2026-09-28 23:13:53.900767+00,2026-09-28 23:13:53.900767+00
10,16384,t,-8710607445485137661,"FETCH 0 IN ""query-cursor_4""",0,0,0,0,0,0,1,0.004651,0.004651,0.004651,0.004651,0,0,0,0,0,0,0,0,0,0,0,0,0,0,0,0,0,0,0,0,0,0,0,0,0,0,0,0,0,0,0,2026-09-28 19:21:53.648118+00,2026-09-28 19:21:53.648118+00
16410,16412,t,-9109224801956861979,"UPDATE RES_RELATE AS T SET IS_DISCLOSED=C.IS_DISCLOSED,IS_AMBIGUOUS=C.IS_AMBIGUOUS,LAST_ERRULE_ID=C.LAST_ERRULE_ID,MATCH_KEY=C.MATCH_KEY,MATCH_KEY_DETAILS=C.MATCH_KEY_DETAILS,MATCH_LEVELS=C.MATCH_LEVELS FROM (VALUES (CAST ($1 AS BIGINT),CAST ($2 AS BIGINT),CAST ($3 AS BIGINT),CAST ($4 AS BIGINT),$5,$6,$7),(CAST ($8 AS BIGINT),CAST ($9 AS BIGINT),CAST ($10 AS BIGINT),CAST ($11 AS BIGINT),$12,$13,$14),(CAST ($15 AS BIGINT),CAST ($16 AS BIGINT),CAST ($17 AS BIGINT),CAST ($18 AS BIGINT),$19,$20,$21),(CAST ($22 AS BIGINT),CAST ($23 AS BIGINT),CAST ($24 AS BIGINT),CAST ($25 AS BIGINT),$26,$27,$28),(CAST ($29 AS BIGINT),CAST ($30 AS BIGINT),CAST ($31 AS BIGINT),CAST ($32 AS BIGINT),$33,$34,$35)) AS C(RES_REL_ID,IS_DISCLOSED,IS_AMBIGUOUS,LAST_ERRULE_ID,MATCH_KEY,MATCH_KEY_DETAILS,MATCH_LEVELS) WHERE C.RES_REL_ID=T.RES_REL_ID",0,0,0,0,0,0,74877,437066.33583399584,0.057065000000000005,1478.7349590000001,5.837124027858967,24.714073409229744,374370,3536770,14571,0,6781,0,0,0,0,0,0,216976.01882499974,512.9015139999999,0,0,0,0,0,0,0,0,0,0,0,0,0,0,0,0,0,2026-09-28 20:45:24.351858+00,2026-09-28 20:45:24.351858+00
10,16384,t,4133646967242304039,"FETCH 21 IN ""query-cursor_30""",0,0,0,0,0,0,1,0.002557,0.002557,0.002557,0.002557,0,21,0,0,0,0,0,0,0,0,0,0,0,0,0,0,0,0,0,0,0,0,0,0,0,0,0,0,0,0,0,2026-09-28 19:47:53.65219+00,2026-09-28 19:47:53.65219+00
10,16384,t,8846140770314333498,"MOVE -113 IN ""query-cursor_3""",0,0,0,0,0,0,1,0.004506,0.004506,0.004506,0.004506,0,0,0,0,0,0,0,0,0,0,0,0,0,0,0,0,0,0,0,0,0,0,0,0,0,0,0,0,0,0,0,2026-09-28 19:20:53.649417+00,2026-09-28 19:20:53.649417+00
10,16384,t,-5461136980339671657,"FETCH 30 IN ""query-cursor_117""",0,0,0,0,0,0,1,0.011072,0.011072,0.011072,0.011072,0,30,0,0,0,0,0,0,0,0,0,0,0,0,0,0,0,0,0,0,0,0,0,0,0,0,0,0,0,0,0,2026-09-28 21:37:54.040616+00,2026-09-28 21:37:54.040616+00
10,16384,t,-3602178541233059655,"FETCH 0 IN ""query-cursor_54""",0,0,0,0,0,0,1,0.00357,0.00357,0.00357,0.00357,0,0,0,0,0,0,0,0,0,0,0,0,0,0,0,0,0,0,0,0,0,0,0,0,0,0,0,0,0,0,0,2026-09-28 20:11:53.651905+00,2026-09-28 20:11:53.651905+00
10,16384,t,7098917143017753413,"DECLARE ""query-cursor_69"" SCROLL CURSOR FOR select queryid, left(query, $1), calls, (total_plan_time + total_exec_time) as total_time from aurora_stat_statements($2) order by calls desc limit $3 FOR READ ONLY",0,0,0,0,0,0,1,0.069717,0.069717,0.069717,0.069717,0,0,0,0,0,0,0,0,0,0,0,0,0,0,0,0,0,0,0,0,0,0,0,0,0,0,0,0,0,0,0,2026-09-28 20:26:53.653022+00,2026-09-28 20:26:53.653022+00
10,16384,t,1500162687599954768,"DECLARE ""query-cursor_64"" SCROLL CURSOR FOR select queryid, left(query, $1), calls, (total_plan_time + total_exec_time) as total_time from aurora_stat_statements($2) order by calls desc limit $3 FOR READ ONLY",0,0,0,0,0,0,1,0.067053,0.067053,0.067053,0.067053,0,0,0,0,0,0,0,0,0,0,0,0,0,0,0,0,0,0,0,0,0,0,0,0,0,0,0,0,0,0,0,2026-09-28 20:21:53.65261+00,2026-09-28 20:21:53.65261+00
10,16384,t,3294333741075474594,"MOVE -536 IN ""query-cursor_64""",0,0,0,0,0,0,1,0.013591,0.013591,0.013591,0.013591,0,0,0,0,0,0,0,0,0,0,0,0,0,0,0,0,0,0,0,0,0,0,0,0,0,0,0,0,0,0,0,2026-09-28 20:21:53.654008+00,2026-09-28 20:21:53.654008+00
10,16384,t,6298628007294062772,"DECLARE ""query-cursor_198"" SCROLL CURSOR FOR select queryid, left(query, $1), calls, (total_plan_time + total_exec_time) as total_time from aurora_stat_statements($2) order by calls desc limit $3 FOR READ ONLY",0,0,0,0,0,0,1,0.064199,0.064199,0.064199,0.064199,0,0,0,0,0,0,0,0,0,0,0,0,0,0,0,0,0,0,0,0,0,0,0,0,0,0,0,0,0,0,0,2026-09-29 00:25:53.664291+00,2026-09-29 00:25:53.664291+00
16410,16412,t,-5116841175057705024,DELETE FROM RES_FEAT_EKEY WHERE ((RES_ENT_ID=$1 AND LIB_FEAT_ID=$2 AND UTYPE_CODE=$3)OR(RES_ENT_ID=$4 AND LIB_FEAT_ID=$5 AND UTYPE_CODE=$6)OR(RES_ENT_ID=$7 AND LIB_FEAT_ID=$8 AND UTYPE_CODE=$9)OR(RES_ENT_ID=$10 AND LIB_FEAT_ID=$11 AND UTYPE_CODE=$12)OR(RES_ENT_ID=$13 AND LIB_FEAT_ID=$14 AND UTYPE_CODE=$15)OR(RES_ENT_ID=$16 AND LIB_FEAT_ID=$17 AND UTYPE_CODE=$18)OR(RES_ENT_ID=$19 AND LIB_FEAT_ID=$20 AND UTYPE_CODE=$21)OR(RES_ENT_ID=$22 AND LIB_FEAT_ID=$23 AND UTYPE_CODE=$24)OR(RES_ENT_ID=$25 AND LIB_FEAT_ID=$26 AND UTYPE_CODE=$27)OR(RES_ENT_ID=$28 AND LIB_FEAT_ID=$29 AND UTYPE_CODE=$30)OR(RES_ENT_ID=$31 AND LIB_FEAT_ID=$32 AND UTYPE_CODE=$33)OR(RES_ENT_ID=$34 AND LIB_FEAT_ID=$35 AND UTYPE_CODE=$36)),0,0,0,0,0,0,7527,74001.95677099991,0.024671000000000002,428.978676,9.831534046897822,26.488328199286794,70976,438874,1096,0,0,0,0,0,0,0,0,34476.45394799996,0,0,0,0,0,0,0,0,0,0,0,0,0,0,0,0,0,0,2026-09-28 20:46:24.615554+00,2026-09-28 20:46:24.615554+00
16410,16412,t,-2322016965831072824,"SELECT LIB_FEAT_ID,FEAT_DESC,FTYPE_ID,ANONYMIZED,FEAT_HASH,VERSION,FELEM_VALUES FROM LIB_FEAT WHERE (FEAT_HASH,FTYPE_ID) IN (($1,$2),($3,$4),($5,$6),($7,$8),($9,$10),($11,$12),($13,$14),($15,$16),($17,$18),($19,$20),($21,$22),($23,$24),($25,$26),($27,$28),($29,$30),($31,$32))",0,0,0,0,0,0,20491938,138318158.71202117,0.013641,1151.122543,6.749881768723933,23.88655001401963,56724266,1606401303,7466761,0,0,0,0,0,0,0,0,113955194.84735392,0,0,0,0,0,0,0,0,0,0,0,0,0,0,0,0,0,0,2026-09-28 20:44:52.330871+00,2026-09-28 20:44:52.330871+00
10,16384,t,-2581177059823103207,"DECLARE ""query-cursor_23"" SCROLL CURSOR FOR select queryid, left(query, $1), calls, (total_plan_time + total_exec_time) as total_time from aurora_stat_statements($2) order by calls desc limit $3 FOR READ ONLY",0,0,0,0,0,0,1,0.067363,0.067363,0.067363,0.067363,0,0,0,0,0,0,0,0,0,0,0,0,0,0,0,0,0,0,0,0,0,0,0,0,0,0,0,0,0,0,0,2026-09-28 19:40:53.649531+00,2026-09-28 19:40:53.649531+00
10,16384,t,1913342012676431259,select sum(used_bytes) as volume_bytes_used from aurora_stat_file(),0,0,0,0,0,0,235,739.2427699999997,0.7966610000000001,70.61061600000001,3.1457139148936157,7.202708202721748,235,0,0,0,0,0,0,0,0,0,0,0,0,0,0,0,0,0,0,0,0,0,0,0,0,0,0,0,0,0,2026-09-28 19:18:53.215897+00,2026-09-28 19:18:53.215897+00
10,16384,t,-4662940058578577289,"FETCH 9 IN ""query-cursor_68""",0,0,0,0,0,0,1,0.002029,0.002029,0.002029,0.002029,0,9,0,0,0,0,0,0,0,0,0,0,0,0,0,0,0,0,0,0,0,0,0,0,0,0,0,0,0,0,0,2026-09-28 20:25:53.656512+00,2026-09-28 20:25:53.656512+00
16410,16412,t,7984659688224427192,"UPDATE RES_FEAT_EKEY AS T SET SUPPRESSED = C.SUPPRESSED FROM (VALUES (CAST ($1 AS BIGINT),CAST ($2 AS BIGINT),$3,$4),(CAST ($5 AS BIGINT),CAST ($6 AS BIGINT),$7,$8),(CAST ($9 AS BIGINT),CAST ($10 AS BIGINT),$11,$12),(CAST ($13 AS BIGINT),CAST ($14 AS BIGINT),$15,$16),(CAST ($17 AS BIGINT),CAST ($18 AS BIGINT),$19,$20),(CAST ($21 AS BIGINT),CAST ($22 AS BIGINT),$23,$24),(CAST ($25 AS BIGINT),CAST ($26 AS BIGINT),$27,$28),(CAST ($29 AS BIGINT),CAST ($30 AS BIGINT),$31,$32)) AS C(RES_ENT_ID,LIB_FEAT_ID,UTYPE_CODE,SUPPRESSED) WHERE C.RES_ENT_ID=T.RES_ENT_ID AND C.LIB_FEAT_ID=T.LIB_FEAT_ID AND C.UTYPE_CODE=T.UTYPE_CODE",0,0,0,0,0,0,146044,952120.1050170028,0.06856,1691.869747,6.51940582986636,22.49854549456203,1168352,10096286,2362,0,3600,0,0,0,0,0,0,61419.715658999994,66.16581400000003,0,0,0,0,0,0,0,0,0,0,0,0,0,0,0,0,0,2026-09-28 20:45:56.018752+00,2026-09-28 20:45:56.018752+00
16410,16412,t,-5573388204678745044,"UPDATE RES_ENT SET LOCKING_ID=LOCKING_ID+$6,LOCK_DSRC_ACTION=$1 WHERE RES_ENT_ID IN ($2,$3,$4,$5)",0,0,0,0,0,0,1583779,2175367.022779112,0.036487,1067.0831309999999,1.3735294020056537,6.568388930338809,5360519,32794078,232,0,1735,0,0,0,0,0,0,10294.660254999999,54.058289,0,0,0,0,0,0,0,0,0,0,0,0,0,0,0,0,0,2026-09-28 20:45:28.944551+00,2026-09-28 20:45:28.944551+00
10,16384,t,4193843736177910693,"FETCH 50 IN ""query-cursor_202""",0,0,0,0,0,0,37,0.5449349999999998,0.009354,0.043321,0.014727972972972968,0.005748965455634634,1850,0,0,0,0,0,0,0,0,0,0,0,0,0,0,0,0,0,0,0,0,0,0,0,0,0,0,0,0,0,2026-09-29 00:29:53.672595+00,2026-09-29 00:29:53.672595+00
10,16384,t,-4689063055166551648,"MOVE -1890 IN ""query-cursor_202""",0,0,0,0,0,0,1,0.105228,0.105228,0.105228,0.105228,0,0,0,0,0,0,0,0,0,0,0,0,0,0,0,0,0,0,0,0,0,0,0,0,0,0,0,0,0,0,0,2026-09-29 00:29:53.672499+00,2026-09-29 00:29:53.672499+00
10,16384,t,8373358163669016043,"FETCH 50 IN ""query-cursor_38""",0,0,0,0,0,0,7,0.024533999999999997,0.002948,0.005209,0.0035048571428571425,0.000734361030045154,350,0,0,0,0,0,0,0,0,0,0,0,0,0,0,0,0,0,0,0,0,0,0,0,0,0,0,0,0,0,2026-09-28 19:55:53.651698+00,2026-09-28 19:55:53.651698+00
16410,16412,t,-1102580095597343801,"UPDATE RES_RELATE AS T SET IS_DISCLOSED=C.IS_DISCLOSED,IS_AMBIGUOUS=C.IS_AMBIGUOUS,LAST_ERRULE_ID=C.LAST_ERRULE_ID,MATCH_KEY=C.MATCH_KEY,MATCH_KEY_DETAILS=C.MATCH_KEY_DETAILS,MATCH_LEVELS=C.MATCH_LEVELS FROM (VALUES (CAST ($1 AS BIGINT),CAST ($2 AS BIGINT),CAST ($3 AS BIGINT),CAST ($4 AS BIGINT),$5,$6,$7),(CAST ($8 AS BIGINT),CAST ($9 AS BIGINT),CAST ($10 AS BIGINT),CAST ($11 AS BIGINT),$12,$13,$14),(CAST ($15 AS BIGINT),CAST ($16 AS BIGINT),CAST ($17 AS BIGINT),CAST ($18 AS BIGINT),$19,$20,$21),(CAST ($22 AS BIGINT),CAST ($23 AS BIGINT),CAST ($24 AS BIGINT),CAST ($25 AS BIGINT),$26,$27,$28)) AS C(RES_REL_ID,IS_DISCLOSED,IS_AMBIGUOUS,LAST_ERRULE_ID,MATCH_KEY,MATCH_KEY_DETAILS,MATCH_LEVELS) WHERE C.RES_REL_ID=T.RES_REL_ID",0,0,0,0,0,0,221125,1168810.035649994,0.04705,1281.0895799999998,5.285743519050284,23.463530290558086,884494,8447036,34742,0,22571,0,0,0,0,0,0,554770.6730669974,698.9277299999998,0,0,0,0,0,0,0,0,0,0,0,0,0,0,0,0,0,2026-09-28 20:45:25.79603+00,2026-09-28 20:45:25.79603+00
10,16384,t,-7279406561691716618,"MOVE -1503 IN ""query-cursor_141""",0,0,0,0,0,0,1,0.164372,0.164372,0.164372,0.164372,0,0,0,0,0,0,0,0,0,0,0,0,0,0,0,0,0,0,0,0,0,0,0,0,0,0,0,0,0,0,0,2026-09-28 22:27:54.16565+00,2026-09-28 22:27:54.16565+00
10,16384,t,-1627118002704575252,"MOVE ALL IN ""query-cursor_21""",0,0,0,0,0,0,1,0.518554,0.518554,0.518554,0.518554,0,0,0,0,0,0,0,0,0,0,0,0,0,0,0,0,0,0,0,0,0,0,0,0,0,0,0,0,0,0,0,2026-09-28 19:38:53.649999+00,2026-09-28 19:38:53.649999+00
10,16384,t,1071254708082899347,"MOVE -322 IN ""query-cursor_30""",0,0,0,0,0,0,1,0.009071,0.009071,0.009071,0.009071,0,0,0,0,0,0,0,0,0,0,0,0,0,0,0,0,0,0,0,0,0,0,0,0,0,0,0,0,0,0,0,2026-09-28 19:47:53.650939+00,2026-09-28 19:47:53.650939+00
10,16384,t,4540924955088040299,"MOVE -1286 IN ""query-cursor_111""",0,0,0,0,0,0,1,0.095756,0.095756,0.095756,0.095756,0,0,0,0,0,0,0,0,0,0,0,0,0,0,0,0,0,0,0,0,0,0,0,0,0,0,0,0,0,0,0,2026-09-28 21:25:53.697658+00,2026-09-28 21:25:53.697658+00
16410,16412,t,-4592820165245481381,"CREATE TABLE DSRC_RECORD (CONFIG_ID BIGINT, FIRST_SEEN_DT TIMESTAMP, LAST_SEEN_DT TIMESTAMP, DSRC_ID SMALLINT NOT NULL, RECORD_ID VARCHAR(250) NOT NULL, ENT_SRC_KEY VARCHAR(40) NOT NULL, JSON_DATA TEXT, PRIMARY KEY(RECORD_ID, DSRC_ID))",0,0,0,0,0,0,1,7.214575,7.214575,7.214575,7.214575,0,0,416,1,0,1,0,0,0,0,0,0,1.406594,0.002397,0,0,0,0,0,0,0,0,0,0,0,0,0,0,0,0,0,2026-09-28 19:20:35.840241+00,2026-09-28 19:20:35.840241+00
16410,16412,t,2103733769408878190,select $1,0,0,0,0,0,0,2310,6.6758440000000165,0.0008110000000000001,0.086238,0.0028899757575757646,0.0031506747439666704,2310,0,0,0,0,0,0,0,0,0,0,0,0,0,0,0,0,0,0,0,0,0,0,0,0,0,0,0,0,0,2026-09-28 19:23:17.629752+00,2026-09-28 19:23:17.629752+00
10,16384,t,8655444699764127306,"DECLARE ""query-cursor_77"" SCROLL CURSOR FOR select queryid, left(query, $1), calls, (total_plan_time + total_exec_time) as total_time from aurora_stat_statements($2) order by calls desc limit $3 FOR READ ONLY",0,0,0,0,0,0,1,0.076322,0.076322,0.076322,0.076322,0,0,0,0,0,0,0,0,0,0,0,0,0,0,0,0,0,0,0,0,0,0,0,0,0,0,0,0,0,0,0,2026-09-28 20:34:53.653712+00,2026-09-28 20:34:53.653712+00
10,16384,t,1314701358040975503,"FETCH 50 IN ""query-cursor_45""",0,0,0,0,0,0,8,0.028749999999999998,0.002959,0.00571,0.0035937499999999997,0.0008213143049405628,400,0,0,0,0,0,0,0,0,0,0,0,0,0,0,0,0,0,0,0,0,0,0,0,0,0,0,0,0,0,2026-09-28 20:02:53.652178+00,2026-09-28 20:02:53.652178+00
10,16384,t,1538722430281919740,"MOVE -184 IN ""query-cursor_10""",0,0,0,0,0,0,1,0.014326,0.014326,0.014326,0.014326,0,0,0,0,0,0,0,0,0,0,0,0,0,0,0,0,0,0,0,0,0,0,0,0,0,0,0,0,0,0,0,2026-09-28 19:27:53.64907+00,2026-09-28 19:27:53.64907+00
10,16384,t,-3281347312847494887,"MOVE ALL IN ""query-cursor_221""",0,0,0,0,0,0,1,7.614799,7.614799,7.614799,7.614799,0,0,0,0,0,0,0,0,0,0,0,0,0,0,0,0,0,0,0,0,0,0,0,0,0,0,0,0,0,0,0,2026-09-29 01:05:53.830873+00,2026-09-29 01:05:53.830873+00
10,16384,t,9126048650897705281,"MOVE -1141 IN ""query-cursor_94""",0,0,0,0,0,0,1,0.119221,0.119221,0.119221,0.119221,0,0,0,0,0,0,0,0,0,0,0,0,0,0,0,0,0,0,0,0,0,0,0,0,0,0,0,0,0,0,0,2026-09-28 20:51:53.917682+00,2026-09-28 20:51:53.917682+00
10,16384,t,3808706151679578028,"DECLARE ""query-cursor_78"" SCROLL CURSOR FOR select queryid, left(query, $1), calls, (total_plan_time + total_exec_time) as total_time from aurora_stat_statements($2) order by calls desc limit $3 FOR READ ONLY",0,0,0,0,0,0,1,0.068223,0.068223,0.068223,0.068223,0,0,0,0,0,0,0,0,0,0,0,0,0,0,0,0,0,0,0,0,0,0,0,0,0,0,0,0,0,0,0,2026-09-28 20:35:53.653772+00,2026-09-28 20:35:53.653772+00
10,16384,t,-7154972803351067278,"FETCH 0 IN ""query-cursor_109""",0,0,0,0,0,0,1,0.00623,0.00623,0.00623,0.00623,0,0,0,0,0,0,0,0,0,0,0,0,0,0,0,0,0,0,0,0,0,0,0,0,0,0,0,0,0,0,0,2026-09-28 21:21:53.822894+00,2026-09-28 21:21:53.822894+00
10,16384,t,3886339468857462340,"FETCH 19 IN ""query-cursor_16""",0,0,0,0,0,0,1,0.002408,0.002408,0.002408,0.002408,0,19,0,0,0,0,0,0,0,0,0,0,0,0,0,0,0,0,0,0,0,0,0,0,0,0,0,0,0,0,0,2026-09-28 19:33:53.650507+00,2026-09-28 19:33:53.650507+00
10,16384,t,9194314667673065609,"FETCH 0 IN ""query-cursor_228""",0,0,0,0,0,0,1,0.003201,0.003201,0.003201,0.003201,0,0,0,0,0,0,0,0,0,0,0,0,0,0,0,0,0,0,0,0,0,0,0,0,0,0,0,0,0,0,0,2026-09-29 01:17:53.666345+00,2026-09-29 01:17:53.666345+00
16410,16412,t,-6332578300876008408,"SELECT RES_ENT_ID,LIB_FEAT_ID,FTYPE_ID,UTYPE_CODE,SUPPRESSED,OBS_ENT_CNT FROM RES_FEAT_EKEY WHERE RES_ENT_ID IN ($1,$2) AND FTYPE_ID IN ($3,$4,$5,$6,$7,$8,$9,$10,$11,$12,$13,$14,$15,$16,$17,$18,$19,$20,$21,$22,$23,$24,$25,$26,$27,$28,$29,$30,$31,$32,$33,$34,$35,$36,$37,$38,$39,$40,$41,$42,$43,$44,$45,$46,$47,$48,$49,$50,$51,$52,$53,$54,$55,$56,$57,$58)",0,0,0,0,0,0,1785,446.2276010000001,0.036525,61.881349,0.2499874515406163,2.4314846360124256,21747,19367,0,0,0,0,0,0,0,0,0,0,0,0,0,0,0,0,0,0,0,0,0,0,0,0,0,0,0,0,2026-09-28 20:51:00.193776+00,2026-09-28 20:51:00.193776+00
16410,16412,t,37491495074695771,"SELECT RES_ENT_ID,LIB_FEAT_ID,FTYPE_ID,UTYPE_CODE,SUPPRESSED,OBS_ENT_CNT FROM RES_FEAT_EKEY WHERE RES_ENT_ID IN ($1,$2,$3,$4,$5,$6,$7,$8,$9,$10,$11,$12,$13,$14,$15,$16) AND FTYPE_ID IN ($17,$18,$19,$20,$21,$22)",0,0,0,0,0,0,8,1.963868,0.181252,0.32631899999999997,0.2454835,0.05066104290527386,547,398,0,0,0,0,0,0,0,0,0,0,0,0,0,0,0,0,0,0,0,0,0,0,0,0,0,0,0,0,2026-09-28 20:56:13.698569+00,2026-09-28 20:56:13.698569+00
16410,16412,t,-844303885860246967,SELECT pg_advisory_unlock_all(),0,0,0,0,0,0,42527819,369499.70098094735,0.000654,141.590932,0.008688423475959287,0.3179380883964679,42527819,0,0,0,0,0,0,0,0,0,0,0,0,0,0,0,0,0,0,0,0,0,0,0,0,0,0,0,0,0,2026-09-28 20:44:52.38541+00,2026-09-28 20:44:52.38541+00
16410,16412,t,-712398698749710935,"SELECT RES_ENT_ID,LIB_FEAT_ID,FTYPE_ID,UTYPE_CODE,SUPPRESSED,OBS_ENT_CNT FROM RES_FEAT_EKEY WHERE RES_ENT_ID IN ($1,$2,$3,$4) AND FTYPE_ID IN ($5,$6,$7,$8,$9,$10,$11,$12,$13,$14,$15,$16,$17,$18,$19,$20,$21,$22,$23,$24,$25,$26,$27,$28,$29,$30,$31,$32,$33,$34,$35,$36,$37,$38,$39,$40,$41,$42,$43,$44,$45,$46,$47,$48,$49,$50,$51,$52,$53,$54,$55,$56,$57,$58,$59,$60,$61,$62,$63)",0,0,0,0,0,0,3,0.34421899999999994,0.082942,0.168171,0.11473966666666664,0.038008834589985635,78,46,0,0,0,0,0,0,0,0,0,0,0,0,0,0,0,0,0,0,0,0,0,0,0,0,0,0,0,0,2026-09-28 23:13:32.091034+00,2026-09-28 23:13:32.091034+00
10,16384,t,8387157620693313703,"FETCH 0 IN ""query-cursor_2""",0,0,0,0,0,0,1,0.004049,0.004049,0.004049,0.004049,0,0,0,0,0,0,0,0,0,0,0,0,0,0,0,0,0,0,0,0,0,0,0,0,0,0,0,0,0,0,0,2026-09-28 19:19:53.647909+00,2026-09-28 19:19:53.647909+00
10,16384,t,3078141987619635516,"FETCH 36 IN ""query-cursor_170""",0,0,0,0,0,0,1,0.009667,0.009667,0.009667,0.009667,0,36,0,0,0,0,0,0,0,0,0,0,0,0,0,0,0,0,0,0,0,0,0,0,0,0,0,0,0,0,0,2026-09-28 23:27:53.852702+00,2026-09-28 23:27:53.852702+00
10,16384,t,-3454884625547215102,"FETCH 0 IN ""query-cursor_153""",0,0,0,0,0,0,1,0.005393,0.005393,0.005393,0.005393,0,0,0,0,0,0,0,0,0,0,0,0,0,0,0,0,0,0,0,0,0,0,0,0,0,0,0,0,0,0,0,2026-09-28 22:51:53.669115+00,2026-09-28 22:51:53.669115+00
10,16384,t,-1558996128289689658,"MOVE -1279 IN ""query-cursor_110""",0,0,0,0,0,0,1,0.210483,0.210483,0.210483,0.210483,0,0,0,0,0,0,0,0,0,0,0,0,0,0,0,0,0,0,0,0,0,0,0,0,0,0,0,0,0,0,0,2026-09-28 21:23:54.104715+00,2026-09-28 21:23:54.104715+00
16410,16412,t,-7317635792883442355,"SELECT LIB_FEAT_ID,FEAT_DESC,FTYPE_ID,ANONYMIZED,FEAT_HASH,VERSION,FELEM_VALUES FROM LIB_FEAT WHERE LIB_FEAT_ID IN ($1,$2,$3,$4,$5,$6,$7,$8,$9,$10,$11,$12,$13,$14,$15,$16,$17,$18,$19,$20,$21,$22,$23,$24,$25,$26,$27,$28,$29,$30,$31,$32,$33,$34,$35,$36,$37,$38,$39,$40,$41,$42,$43,$44,$45,$46,$47,$48,$49,$50,$51,$52,$53,$54,$55,$56,$57,$58,$59,$60,$61,$62,$63,$64,$65,$66,$67,$68,$69,$70,$71,$72,$73,$74,$75,$76,$77,$78,$79,$80,$81,$82,$83,$84,$85,$86,$87,$88,$89,$90,$91,$92,$93,$94,$95,$96,$97,$98,$99,$100)",0,0,0,0,0,0,1357230,50690048.85880856,0.11043800000000001,1409.473355,37.34816417173844,62.65517550348391,111181072,229217816,11769037,0,0,0,0,0,0,0,0,46711820.168251954,0,0,0,0,0,0,0,0,0,0,0,0,0,0,0,0,0,0,2026-09-28 20:45:08.502345+00,2026-09-28 20:45:08.502345+00
10,16384,t,803134316696101506,"FETCH 0 IN ""query-cursor_126""",0,0,0,0,0,0,1,0.009403,0.009403,0.009403,0.009403,0,0,0,0,0,0,0,0,0,0,0,0,0,0,0,0,0,0,0,0,0,0,0,0,0,0,0,0,0,0,0,2026-09-28 21:55:53.692073+00,2026-09-28 21:55:53.692073+00
10,16384,t,5032465824973175111,"FETCH 0 IN ""query-cursor_48""",0,0,0,0,0,0,1,0.003687,0.003687,0.003687,0.003687,0,0,0,0,0,0,0,0,0,0,0,0,0,0,0,0,0,0,0,0,0,0,0,0,0,0,0,0,0,0,0,2026-09-28 20:05:53.651438+00,2026-09-28 20:05:53.651438+00
10,16384,t,4782402734598225178,"FETCH 50 IN ""query-cursor_66""",0,0,0,0,0,0,10,0.032668,0.0027,0.006,0.0032668000000000003,0.000931897719709626,500,0,0,0,0,0,0,0,0,0,0,0,0,0,0,0,0,0,0,0,0,0,0,0,0,0,0,0,0,0,2026-09-28 20:23:53.654157+00,2026-09-28 20:23:53.654157+00
16410,16412,t,8711930844656255875,SELECT $2 FROM OBS_ENT C JOIN DSRC_RECORD D ON D.ENT_SRC_KEY=C.ENT_SRC_KEY AND D.DSRC_ID=C.DSRC_ID AND C.OBS_ENT_ID IN ($1) LIMIT $3,0,0,0,0,0,0,1227008,1193701.684942928,0.014465,850.675005,0.9728556659312148,8.751197873299487,1227008,12781808,32559,0,0,0,0,0,0,0,0,876639.5381550012,0,0,0,0,0,0,0,0,0,0,0,0,0,0,0,0,0,0,2026-09-28 20:44:55.096191+00,2026-09-28 20:44:55.096191+00
10,16384,t,1193909140622587467,"FETCH 50 IN ""query-cursor_23""",0,0,0,0,0,0,5,0.017679,0.002907,0.00477,0.0035358,0.0006830113908274151,250,0,0,0,0,0,0,0,0,0,0,0,0,0,0,0,0,0,0,0,0,0,0,0,0,0,0,0,0,0,2026-09-28 19:40:53.650249+00,2026-09-28 19:40:53.650249+00
10,16384,t,7156079494227942440,"FETCH 45 IN ""query-cursor_179""",0,0,0,0,0,0,1,0.012254,0.012254,0.012254,0.012254,0,45,0,0,0,0,0,0,0,0,0,0,0,0,0,0,0,0,0,0,0,0,0,0,0,0,0,0,0,0,0,2026-09-28 23:47:53.738074+00,2026-09-28 23:47:53.738074+00
10,16384,t,7000505204756289239,"DECLARE ""query-cursor_195"" SCROLL CURSOR FOR select queryid, left(query, $1), calls, (total_plan_time + total_exec_time) as total_time from aurora_stat_statements($2) order by calls desc limit $3 FOR READ ONLY",0,0,0,0,0,0,1,0.058663,0.058663,0.058663,0.058663,0,0,0,0,0,0,0,0,0,0,0,0,0,0,0,0,0,0,0,0,0,0,0,0,0,0,0,0,0,0,0,2026-09-29 00:19:53.663532+00,2026-09-29 00:19:53.663532+00
10,16384,t,6612207248834807379,"FETCH 43 IN ""query-cursor_163""",0,0,0,0,0,0,1,0.012395,0.012395,0.012395,0.012395,0,43,0,0,0,0,0,0,0,0,0,0,0,0,0,0,0,0,0,0,0,0,0,0,0,0,0,0,0,0,0,2026-09-28 23:13:53.950922+00,2026-09-28 23:13:53.950922+00
10,1,t,-1342905154215104636,"SELECT E.NAME, X.EXTVERSION, X.EXTVERSION=E.DEFAULT_VERSION IS_DEFAULT_VERSION
FROM PG_CATALOG.PG_AVAILABLE_EXTENSIONS() E INNER JOIN PG_EXTENSION X ON (E.NAME=X.EXTNAME)",0,0,0,0,0,0,1,2.138281,2.138281,2.138281,2.138281,0,1,1,1,0,0,0,0,0,0,0,0,0.723518,0,0,0,0,0,0,0,0,0,0,0,0,0,0,0,0,0,0,2026-09-28 19:45:00.473909+00,2026-09-28 19:45:00.473909+00
10,16384,t,-4656591375625839286,"FETCH 50 IN ""query-cursor_3""",0,0,0,0,0,0,2,0.008415,0.003315,0.0051,0.0042075,0.0008925000000000004,100,0,0,0,0,0,0,0,0,0,0,0,0,0,0,0,0,0,0,0,0,0,0,0,0,0,0,0,0,0,2026-09-28 19:20:53.649452+00,2026-09-28 19:20:53.649452+00
10,16384,t,2467437633920114183,"FETCH 28 IN ""query-cursor_161""",0,0,0,0,0,0,1,0.009095,0.009095,0.009095,0.009095,0,28,0,0,0,0,0,0,0,0,0,0,0,0,0,0,0,0,0,0,0,0,0,0,0,0,0,0,0,0,0,2026-09-28 23:09:53.735043+00,2026-09-28 23:09:53.735043+00
10,16384,t,-9024892231659675195,"DECLARE ""query-cursor_190"" SCROLL CURSOR FOR select queryid, left(query, $1), calls, (total_plan_time + total_exec_time) as total_time from aurora_stat_statements($2) order by calls desc limit $3 FOR READ ONLY",0,0,0,0,0,0,1,0.085918,0.085918,0.085918,0.085918,0,0,0,0,0,0,0,0,0,0,0,0,0,0,0,0,0,0,0,0,0,0,0,0,0,0,0,0,0,0,0,2026-09-29 00:09:54.036461+00,2026-09-29 00:09:54.036461+00
10,16384,t,-3199744874963371633,"FETCH 0 IN ""query-cursor_44""",0,0,0,0,0,0,1,0.003503,0.003503,0.003503,0.003503,0,0,0,0,0,0,0,0,0,0,0,0,0,0,0,0,0,0,0,0,0,0,0,0,0,0,0,0,0,0,0,2026-09-28 20:01:53.651164+00,2026-09-28 20:01:53.651164+00
16410,16412,t,-662004701140184879,"SELECT CODE_TYPE,CODE,CODE_ID FROM SYS_CODES_USED WHERE CODE_TYPE=$1 AND CODE_ID=$2",0,0,0,0,0,0,45220,1145.4874190000005,0.003026,42.757802999999996,0.02533143341441841,0.3014505502266758,45199,90419,0,0,0,0,0,0,0,0,0,0,0,0,0,0,0,0,0,0,0,0,0,0,0,0,0,0,0,0,2026-09-28 20:44:52.344805+00,2026-09-28 20:44:52.344805+00
10,16384,t,-3626200418839788499,"MOVE -566 IN ""query-cursor_69""",0,0,0,0,0,0,1,0.014798,0.014798,0.014798,0.014798,0,0,0,0,0,0,0,0,0,0,0,0,0,0,0,0,0,0,0,0,0,0,0,0,0,0,0,0,0,0,0,2026-09-28 20:26:53.65454+00,2026-09-28 20:26:53.65454+00
16410,16412,t,-1061819349791330283,"UPDATE RES_FEAT_EKEY AS T SET SUPPRESSED = C.SUPPRESSED FROM (VALUES (CAST ($1 AS BIGINT),CAST ($2 AS BIGINT),$3,$4),(CAST ($5 AS BIGINT),CAST ($6 AS BIGINT),$7,$8),(CAST ($9 AS BIGINT),CAST ($10 AS BIGINT),$11,$12),(CAST ($13 AS BIGINT),CAST ($14 AS BIGINT),$15,$16),(CAST ($17 AS BIGINT),CAST ($18 AS BIGINT),$19,$20),(CAST ($21 AS BIGINT),CAST ($22 AS BIGINT),$23,$24),(CAST ($25 AS BIGINT),CAST ($26 AS BIGINT),$27,$28),(CAST ($29 AS BIGINT),CAST ($30 AS BIGINT),$31,$32),(CAST ($33 AS BIGINT),CAST ($34 AS BIGINT),$35,$36),(CAST ($37 AS BIGINT),CAST ($38 AS BIGINT),$39,$40),(CAST ($41 AS BIGINT),CAST ($42 AS BIGINT),$43,$44),(CAST ($45 AS BIGINT),CAST ($46 AS BIGINT),$47,$48),(CAST ($49 AS BIGINT),CAST ($50 AS BIGINT),$51,$52),(CAST ($53 AS BIGINT),CAST ($54 AS BIGINT),$55,$56),(CAST ($57 AS BIGINT),CAST ($58 AS BIGINT),$59,$60),(CAST ($61 AS BIGINT),CAST ($62 AS BIGINT),$63,$64),(CAST ($65 AS BIGINT),CAST ($66 AS BIGINT),$67,$68),(CAST ($69 AS BIGINT),CAST ($70 AS BIGINT),$71,$72),(CAST ($73 AS BIGINT),CAST ($74 AS BIGINT),$75,$76),(CAST ($77 AS BIGINT),CAST ($78 AS BIGINT),$79,$80),(CAST ($81 AS BIGINT),CAST ($82 AS BIGINT),$83,$84),(CAST ($85 AS BIGINT),CAST ($86 AS BIGINT),$87,$88),(CAST ($89 AS BIGINT),CAST ($90 AS BIGINT),$91,$92)) AS C(RES_ENT_ID,LIB_FEAT_ID,UTYPE_CODE,SUPPRESSED) WHERE C.RES_ENT_ID=T.RES_ENT_ID AND C.LIB_FEAT_ID=T.LIB_FEAT_ID AND C.UTYPE_CODE=T.UTYPE_CODE",0,0,0,0,0,0,60169,776987.1788089921,0.173205,1203.801893,12.913413532034639,37.305582342057996,1383887,12933945,2622,0,2237,0,0,0,0,0,0,65806.57104800003,60.502199000000005,0,0,0,0,0,0,0,0,0,0,0,0,0,0,0,0,0,2026-09-28 20:45:39.700434+00,2026-09-28 20:45:39.700434+00
16410,16412,t,-3081644209362939970,"UPDATE RES_FEAT_EKEY AS T SET SUPPRESSED = C.SUPPRESSED FROM (VALUES (CAST ($1 AS BIGINT),CAST ($2 AS BIGINT),$3,$4),(CAST ($5 AS BIGINT),CAST ($6 AS BIGINT),$7,$8),(CAST ($9 AS BIGINT),CAST ($10 AS BIGINT),$11,$12),(CAST ($13 AS BIGINT),CAST ($14 AS BIGINT),$15,$16),(CAST ($17 AS BIGINT),CAST ($18 AS BIGINT),$19,$20),(CAST ($21 AS BIGINT),CAST ($22 AS BIGINT),$23,$24),(CAST ($25 AS BIGINT),CAST ($26 AS BIGINT),$27,$28),(CAST ($29 AS BIGINT),CAST ($30 AS BIGINT),$31,$32),(CAST ($33 AS BIGINT),CAST ($34 AS BIGINT),$35,$36),(CAST ($37 AS BIGINT),CAST ($38 AS BIGINT),$39,$40)) AS C(RES_ENT_ID,LIB_FEAT_ID,UTYPE_CODE,SUPPRESSED) WHERE C.RES_ENT_ID=T.RES_ENT_ID AND C.LIB_FEAT_ID=T.LIB_FEAT_ID AND C.UTYPE_CODE=T.UTYPE_CODE",0,0,0,0,0,0,200777,1521012.0554610102,0.08104499999999999,1590.338099,7.575628958800112,24.889795223904894,2007770,17407919,3999,0,5876,0,0,0,0,0,0,103626.78387800005,117.13465799999986,0,0,0,0,0,0,0,0,0,0,0,0,0,0,0,0,0,2026-09-28 20:45:43.589176+00,2026-09-28 20:45:43.589176+00
10,16384,t,4474156388312836154,"FETCH 0 IN ""query-cursor_127""",0,0,0,0,0,0,1,0.005798,0.005798,0.005798,0.005798,0,0,0,0,0,0,0,0,0,0,0,0,0,0,0,0,0,0,0,0,0,0,0,0,0,0,0,0,0,0,0,2026-09-28 21:57:53.90789+00,2026-09-28 21:57:53.90789+00
16410,16412,t,3891217315826241612,"UPDATE RES_RELATE AS T SET IS_DISCLOSED=C.IS_DISCLOSED,IS_AMBIGUOUS=C.IS_AMBIGUOUS,LAST_ERRULE_ID=C.LAST_ERRULE_ID,MATCH_KEY=C.MATCH_KEY,MATCH_KEY_DETAILS=C.MATCH_KEY_DETAILS,MATCH_LEVELS=C.MATCH_LEVELS FROM (VALUES (CAST ($1 AS BIGINT),CAST ($2 AS BIGINT),CAST ($3 AS BIGINT),CAST ($4 AS BIGINT),$5,$6,$7),(CAST ($8 AS BIGINT),CAST ($9 AS BIGINT),CAST ($10 AS BIGINT),CAST ($11 AS BIGINT),$12,$13,$14),(CAST ($15 AS BIGINT),CAST ($16 AS BIGINT),CAST ($17 AS BIGINT),CAST ($18 AS BIGINT),$19,$20,$21),(CAST ($22 AS BIGINT),CAST ($23 AS BIGINT),CAST ($24 AS BIGINT),CAST ($25 AS BIGINT),$26,$27,$28),(CAST ($29 AS BIGINT),CAST ($30 AS BIGINT),CAST ($31 AS BIGINT),CAST ($32 AS BIGINT),$33,$34,$35),(CAST ($36 AS BIGINT),CAST ($37 AS BIGINT),CAST ($38 AS BIGINT),CAST ($39 AS BIGINT),$40,$41,$42),(CAST ($43 AS BIGINT),CAST ($44 AS BIGINT),CAST ($45 AS BIGINT),CAST ($46 AS BIGINT),$47,$48,$49),(CAST ($50 AS BIGINT),CAST ($51 AS BIGINT),CAST ($52 AS BIGINT),CAST ($53 AS BIGINT),$54,$55,$56),(CAST ($57 AS BIGINT),CAST ($58 AS BIGINT),CAST ($59 AS BIGINT),CAST ($60 AS BIGINT),$61,$62,$63),(CAST ($64 AS BIGINT),CAST ($65 AS BIGINT),CAST ($66 AS BIGINT),CAST ($67 AS BIGINT),$68,$69,$70),(CAST ($71 AS BIGINT),CAST ($72 AS BIGINT),CAST ($73 AS BIGINT),CAST ($74 AS BIGINT),$75,$76,$77),(CAST ($78 AS BIGINT),CAST ($79 AS BIGINT),CAST ($80 AS BIGINT),CAST ($81 AS BIGINT),$82,$83,$84),(CAST ($85 AS BIGINT),CAST ($86 AS BIGINT),CAST ($87 AS BIGINT),CAST ($88 AS BIGINT),$89,$90,$91),(CAST ($92 AS BIGINT),CAST ($93 AS BIGINT),CAST ($94 AS BIGINT),CAST ($95 AS BIGINT),$96,$97,$98)) AS C(RES_REL_ID,IS_DISCLOSED,IS_AMBIGUOUS,LAST_ERRULE_ID,MATCH_KEY,MATCH_KEY_DETAILS,MATCH_LEVELS) WHERE C.RES_REL_ID=T.RES_REL_ID",0,0,0,0,0,0,404,4613.978038000004,0.230291,402.56373,11.420737717821792,31.081145615159052,5656,57521,269,0,0,0,0,0,0,0,0,2238.5615969999994,0,0,0,0,0,0,0,0,0,0,0,0,0,0,0,0,0,0,2026-09-28 21:52:25.866793+00,2026-09-28 21:52:25.866793+00
16410,16412,t,-6036129607891050393,"UPDATE RES_FEAT_EKEY AS T SET SUPPRESSED=C.SUPPRESSED,OBS_ENT_CNT=C.OBS_ENT_CNT FROM (VALUES (CAST ($1 AS BIGINT),CAST ($2 AS BIGINT),$3,$4,CAST ($5 AS BIGINT)),(CAST ($6 AS BIGINT),CAST ($7 AS BIGINT),$8,$9,CAST ($10 AS BIGINT)),(CAST ($11 AS BIGINT),CAST ($12 AS BIGINT),$13,$14,CAST ($15 AS BIGINT)),(CAST ($16 AS BIGINT),CAST ($17 AS BIGINT),$18,$19,CAST ($20 AS BIGINT))) AS C(RES_ENT_ID,LIB_FEAT_ID,UTYPE_CODE,SUPPRESSED,OBS_ENT_CNT) WHERE C.RES_ENT_ID=T.RES_ENT_ID AND C.LIB_FEAT_ID=T.LIB_FEAT_ID AND C.UTYPE_CODE=T.UTYPE_CODE",0,0,0,0,0,0,392722,3037857.602311913,0.050224,1034.039022,7.735389416207681,22.707632706357494,1570887,20544693,51576,0,4258,0,0,0,0,0,0,1146341.343709006,344.2258780000002,0,0,0,0,0,0,0,0,0,0,0,0,0,0,0,0,0,2026-09-28 20:45:03.364613+00,2026-09-28 20:45:03.364613+00
10,16384,t,4772261408100577349,"MOVE -1450 IN ""query-cursor_133""",0,0,0,0,0,0,1,0.21466,0.21466,0.21466,0.21466,0,0,0,0,0,0,0,0,0,0,0,0,0,0,0,0,0,0,0,0,0,0,0,0,0,0,0,0,0,0,0,2026-09-28 22:09:54.676537+00,2026-09-28 22:09:54.676537+00
16410,16412,t,3259346599467867784,"SELECT LIB_FEAT_ID,FEAT_DESC,FTYPE_ID,ANONYMIZED,FEAT_HASH,VERSION,FELEM_VALUES FROM LIB_FEAT WHERE (FEAT_HASH,FTYPE_ID) IN (($1,$2),($3,$4),($5,$6),($7,$8))",0,0,0,0,0,0,707812,2134546.2344050133,0.005089,702.621726,3.0156965894969474,13.776830963120881,1490074,15595886,204691,0,0,0,0,0,0,0,0,1878957.4923789778,0,0,0,0,0,0,0,0,0,0,0,0,0,0,0,0,0,0,2026-09-28 20:44:52.35616+00,2026-09-28 20:44:52.35616+00
16410,16412,t,5260920821640913199,"COPY  ( SELECT match_key, count ( * ) FROM res_relate GROUP BY match_key ORDER BY 2 DESC ) TO STDOUT WITH CSV HEADER",0,0,0,0,0,0,1,25098.846478,25098.846478,25098.846478,25098.846478,0,2531,922299,807165,0,0,0,0,0,0,58186,58250,20888.872421,0,0,0,90.086557,176.069127,0,0,0,0,0,0,0,0,0,0,0,0,0,2026-09-29 01:24:02.495006+00,2026-09-29 01:24:02.495006+00
10,16384,t,2086863176385545101,"DECLARE ""query-cursor_210"" SCROLL CURSOR FOR select queryid, left(query, $1), calls, (total_plan_time + total_exec_time) as total_time from aurora_stat_statements($2) order by calls desc limit $3 FOR READ ONLY",0,0,0,0,0,0,1,0.097711,0.097711,0.097711,0.097711,0,0,0,0,0,0,0,0,0,0,0,0,0,0,0,0,0,0,0,0,0,0,0,0,0,0,0,0,0,0,0,2026-09-29 00:43:53.669735+00,2026-09-29 00:43:53.669735+00
16410,16412,t,-6763369678729749683,"CREATE UNIQUE INDEX SYS_CODES_USED_SK ON SYS_CODES_USED(CODE_TYPE, CODE_ID)",0,0,0,0,0,0,1,2.302694,2.302694,2.302694,2.302694,0,0,115,0,0,1,0,0,0,0,0,0,0,0.002456,0,0,0,0,0,0,0,0,0,0,0,0,0,0,0,0,0,2026-09-28 19:20:35.938744+00,2026-09-28 19:20:35.938744+00
10,16384,t,-4074749513864340407,select count(*) as active_count from pg_stat_activity where state = $1,0,0,0,0,0,0,705,11424.284131999997,0.07826,538.189158,16.204658343262405,43.76026115712292,705,0,0,0,0,0,0,0,0,0,0,0,0,0,0,0,0,0,0,0,0,0,0,0,0,0,0,0,0,0,2026-09-28 19:18:53.208983+00,2026-09-28 19:18:53.208983+00
10,16384,t,177179583990291447,"MOVE -614 IN ""query-cursor_77""",0,0,0,0,0,0,1,0.015269,0.015269,0.015269,0.015269,0,0,0,0,0,0,0,0,0,0,0,0,0,0,0,0,0,0,0,0,0,0,0,0,0,0,0,0,0,0,0,2026-09-28 20:34:53.655252+00,2026-09-28 20:34:53.655252+00
10,16384,t,7387492842331195966,"DECLARE ""query-cursor_75"" SCROLL CURSOR FOR select queryid, left(query, $1), calls, (total_plan_time + total_exec_time) as total_time from aurora_stat_statements($2) order by calls desc limit $3 FOR READ ONLY",0,0,0,0,0,0,1,0.072577,0.072577,0.072577,0.072577,0,0,0,0,0,0,0,0,0,0,0,0,0,0,0,0,0,0,0,0,0,0,0,0,0,0,0,0,0,0,0,2026-09-28 20:32:53.653559+00,2026-09-28 20:32:53.653559+00
10,16384,t,3678117552108507790,"MOVE -1310 IN ""query-cursor_114""",0,0,0,0,0,0,1,0.11644,0.11644,0.11644,0.11644,0,0,0,0,0,0,0,0,0,0,0,0,0,0,0,0,0,0,0,0,0,0,0,0,0,0,0,0,0,0,0,2026-09-28 21:31:54.201878+00,2026-09-28 21:31:54.201878+00
10,16384,t,4751993621213474041,"MOVE ALL IN ""query-cursor_181""",0,0,0,0,0,0,1,16.72608,16.72608,16.72608,16.72608,0,0,0,0,0,0,0,0,0,0,0,0,0,0,0,0,0,0,0,0,0,0,0,0,0,0,0,0,0,0,0,2026-09-28 23:51:53.682883+00,2026-09-28 23:51:53.682883+00
10,16384,t,-2732452707535345426,"DECLARE ""query-cursor_18"" SCROLL CURSOR FOR select queryid, left(query, $1), calls, (total_plan_time + total_exec_time) as total_time from aurora_stat_statements($2) order by calls desc limit $3 FOR READ ONLY",0,0,0,0,0,0,1,0.067389,0.067389,0.067389,0.067389,0,0,0,0,0,0,0,0,0,0,0,0,0,0,0,0,0,0,0,0,0,0,0,0,0,0,0,0,0,0,0,2026-09-28 19:35:53.649169+00,2026-09-28 19:35:53.649169+00
16410,16412,t,5496540963407468555,"INSERT INTO RES_FEAT_STAT(LIB_FEAT_ID,FTYPE_ID,NUM_RES_ENT,NUM_RES_ENT_OOM) VALUES ($1,$2,$3,$4),($5,$6,$7,$8),($9,$10,$11,$12),($13,$14,$15,$16),($17,$18,$19,$20) ON CONFLICT DO NOTHING",0,0,0,0,0,0,287373,2186549.6074510333,0.052836,1735.769469,7.608751022020278,32.83422650490522,1436865,14336766,810,0,18157,0,0,0,0,0,0,3855.9106869999982,1780.0690379999987,0,0,0,0,0,0,0,0,0,0,0,0,0,0,0,0,0,2026-09-28 20:44:52.533242+00,2026-09-28 20:44:52.533242+00
10,16384,t,210819468606069943,"select queryid, calls, (total_plan_time + total_exec_time) as total_time, rows, shared_blks_hit, shared_blks_dirtied, shared_blks_read, shared_blks_written, local_blks_hit, local_blks_dirtied, local_blks_read, local_blks_written, temp_blks_read, temp_blks_written, storage_blks_read, orcache_blks_hit, shared_blk_read_time as blk_read_time, shared_blk_write_time as blk_write_time, storage_blk_read_time, local_blk_read_time, orcache_blk_read_time, total_plan_time, total_exec_time from aurora_stat_statements($1) where queryid in ($2, $3, $4, $5, $6, $7, $8, $9, $10, $11, $12, $13, $14, $15, $16, $17, $18, $19, $20, $21, $22, $23, $24, $25, $26, $27, $28, $29, $30, $31, $32, $33, $34, $35, $36, $37, $38, $39, $40, $41, $42, $43, $44, $45, $46, $47, $48, $49, $50, $51, $52, $53, $54, $55, $56, $57, $58, $59, $60, $61, $62)",0,0,0,0,0,0,13,41.582601,1.911326,4.149354,3.1986616153846152,0.6225730221150507,806,0,0,0,0,0,0,0,0,0,0,0,0,0,0,0,0,0,0,0,0,0,0,0,0,0,0,0,0,0,2026-09-28 20:56:03.724339+00,2026-09-28 20:56:03.724339+00
16410,16412,t,-2714072032045466085,"SELECT LIB_FEAT_ID,FTYPE_ID,UTYPE_CODE,SUPPRESSED,OBS_ENT_CNT FROM RES_FEAT_EKEY WHERE RES_ENT_ID=$1 AND LIB_FEAT_ID IN ($2)",0,0,0,0,0,0,1777233,496683.94263798016,0.0051259999999999995,367.35988000000003,0.2794703579316725,3.7825861563044425,626945,7676244,62052,0,0,0,0,0,0,0,0,403490.85164600116,0,0,0,0,0,0,0,0,0,0,0,0,0,0,0,0,0,0,2026-09-28 20:45:09.019511+00,2026-09-28 20:45:09.019511+00
16410,16412,t,-8577454267970785103,"SELECT RES_ENT_ID,LIB_FEAT_ID,FTYPE_ID,UTYPE_CODE,SUPPRESSED,OBS_ENT_CNT FROM RES_FEAT_EKEY WHERE RES_ENT_ID IN ($1) AND FTYPE_ID IN ($2,$3,$4,$5,$6,$7,$8,$9,$10,$11,$12,$13,$14,$15,$16,$17,$18,$19,$20,$21,$22,$23,$24,$25,$26,$27,$28,$29,$30,$31,$32,$33,$34,$35,$36,$37,$38,$39,$40,$41,$42,$43,$44,$45,$46,$47,$48,$49,$50,$51,$52,$53,$54,$55,$56,$57,$58,$59,$60,$61,$62,$63,$64,$65,$66,$67)",0,0,0,0,0,0,52,2.3393909999999996,0.009597,0.124167,0.044988288461538455,0.02998991467293408,647,269,0,0,0,0,0,0,0,0,0,0,0,0,0,0,0,0,0,0,0,0,0,0,0,0,0,0,0,0,2026-09-28 21:24:44.70558+00,2026-09-28 21:24:44.70558+00
10,16384,t,663204733614471208,"DECLARE ""query-cursor_203"" SCROLL CURSOR FOR select queryid, left(query, $1), calls, (total_plan_time + total_exec_time) as total_time from aurora_stat_statements($2) order by calls desc limit $3 FOR READ ONLY",0,0,0,0,0,0,1,0.076487,0.076487,0.076487,0.076487,0,0,0,0,0,0,0,0,0,0,0,0,0,0,0,0,0,0,0,0,0,0,0,0,0,0,0,0,0,0,0,2026-09-29 00:30:53.664459+00,2026-09-29 00:30:53.664459+00
16410,16412,t,-7347339852989585530,"UPDATE RES_FEAT_STAT SET FTYPE_ID=$1,NUM_RES_ENT=NUM_RES_ENT+$2,NUM_RES_ENT_OOM=$3 WHERE LIB_FEAT_ID=$4 AND NUM_RES_ENT_OOM=$5",0,0,0,0,0,0,57909806,58496088.817311876,0.008933,2892.524898,1.0101240680604573,9.734131859456538,57909805,496741307,21564,0,433431,0,0,0,0,0,0,84342.14544400005,8640.221965999994,0,0,0,0,0,0,0,0,0,0,0,0,0,0,0,0,0,2026-09-28 20:44:52.924762+00,2026-09-28 20:44:52.924762+00
10,16384,t,6591755299165681029,"MOVE -2046 IN ""query-cursor_228""",0,0,0,0,0,0,1,0.043367,0.043367,0.043367,0.043367,0,0,0,0,0,0,0,0,0,0,0,0,0,0,0,0,0,0,0,0,0,0,0,0,0,0,0,0,0,0,0,2026-09-29 01:17:53.671609+00,2026-09-29 01:17:53.671609+00
10,16384,t,-4771772127532478709,"DECLARE ""query-cursor_52"" SCROLL CURSOR FOR select queryid, left(query, $1), calls, (total_plan_time + total_exec_time) as total_time from aurora_stat_statements($2) order by calls desc limit $3 FOR READ ONLY",0,0,0,0,0,0,1,0.062752,0.062752,0.062752,0.062752,0,0,0,0,0,0,0,0,0,0,0,0,0,0,0,0,0,0,0,0,0,0,0,0,0,0,0,0,0,0,0,2026-09-28 20:09:53.651651+00,2026-09-28 20:09:53.651651+00
10,16384,t,-1651082928662471321,"FETCH 0 IN ""query-cursor_125""",0,0,0,0,0,0,1,0.005258,0.005258,0.005258,0.005258,0,0,0,0,0,0,0,0,0,0,0,0,0,0,0,0,0,0,0,0,0,0,0,0,0,0,0,0,0,0,0,2026-09-28 21:53:53.699629+00,2026-09-28 21:53:53.699629+00
10,16384,t,-2803744130189847016,"MOVE ALL IN ""query-cursor_89""",0,0,0,0,0,0,1,3.535219,3.535219,3.535219,3.535219,0,0,0,0,0,0,0,0,0,0,0,0,0,0,0,0,0,0,0,0,0,0,0,0,0,0,0,0,0,0,0,2026-09-28 20:46:53.658326+00,2026-09-28 20:46:53.658326+00
10,16384,t,-6563496469582218242,"DECLARE ""query-cursor_180"" SCROLL CURSOR FOR select queryid, left(query, $1), calls, (total_plan_time + total_exec_time) as total_time from aurora_stat_statements($2) order by calls desc limit $3 FOR READ ONLY",0,0,0,0,0,0,1,0.073445,0.073445,0.073445,0.073445,0,0,0,0,0,0,0,0,0,0,0,0,0,0,0,0,0,0,0,0,0,0,0,0,0,0,0,0,0,0,0,2026-09-28 23:49:53.718981+00,2026-09-28 23:49:53.718981+00
10,16384,t,-2600476208007046013,"DECLARE ""query-cursor_191"" SCROLL CURSOR FOR select queryid, left(query, $1), calls, (total_plan_time + total_exec_time) as total_time from aurora_stat_statements($2) order by calls desc limit $3 FOR READ ONLY",0,0,0,0,0,0,1,0.075416,0.075416,0.075416,0.075416,0,0,0,0,0,0,0,0,0,0,0,0,0,0,0,0,0,0,0,0,0,0,0,0,0,0,0,0,0,0,0,2026-09-29 00:11:53.72+00,2026-09-29 00:11:53.72+00
10,16384,t,5803142445441032775,"FETCH 33 IN ""query-cursor_154""",0,0,0,0,0,0,1,0.01149,0.01149,0.01149,0.01149,0,33,0,0,0,0,0,0,0,0,0,0,0,0,0,0,0,0,0,0,0,0,0,0,0,0,0,0,0,0,0,2026-09-28 22:53:53.781127+00,2026-09-28 22:53:53.781127+00
10,16384,t,-9182421049693904156,"MOVE ALL IN ""query-cursor_74""",0,0,0,0,0,0,1,1.302991,1.302991,1.302991,1.302991,0,0,0,0,0,0,0,0,0,0,0,0,0,0,0,0,0,0,0,0,0,0,0,0,0,0,0,0,0,0,0,2026-09-28 20:31:53.65474+00,2026-09-28 20:31:53.65474+00
10,16384,t,9150732344055095157,"FETCH 50 IN ""query-cursor_144""",0,0,0,0,0,0,30,0.509029,0.00786,0.040416,0.016967633333333332,0.0062416910928761015,1500,0,0,0,0,0,0,0,0,0,0,0,0,0,0,0,0,0,0,0,0,0,0,0,0,0,0,0,0,0,2026-09-28 22:33:53.673771+00,2026-09-28 22:33:53.673771+00
16410,16412,t,-7896190497222449456,UPDATE OBS_ENT SET LOCK_DSRC_ACTION=$1 WHERE OBS_ENT_ID=$2,0,0,0,0,0,0,9592720,8994476.213774322,0.012095,1074.753262,0.9376356459663496,8.844615957008168,9592720,93964671,166553,0,45383,0,0,0,0,0,0,963641.4654930081,947.1785520000008,0,0,0,0,0,0,0,0,0,0,0,0,0,0,0,0,0,2026-09-28 20:44:58.498359+00,2026-09-28 20:44:58.498359+00
10,16384,t,2049034804598609322,"FETCH 50 IN ""query-cursor_93""",0,0,0,0,0,0,22,0.571615,0.013844,0.067315,0.0259825,0.013271250823935857,1100,0,0,0,0,0,0,0,0,0,0,0,0,0,0,0,0,0,0,0,0,0,0,0,0,0,0,0,0,0,2026-09-28 20:50:53.696874+00,2026-09-28 20:50:53.696874+00
10,16384,t,817822216146632205,"FETCH 50 IN ""query-cursor_179""",0,0,0,0,0,0,34,0.45782999999999996,0.008658,0.022118,0.013465588235294116,0.0037429072855331173,1700,0,0,0,0,0,0,0,0,0,0,0,0,0,0,0,0,0,0,0,0,0,0,0,0,0,0,0,0,0,2026-09-28 23:47:53.71872+00,2026-09-28 23:47:53.71872+00
10,16384,t,-7552785146749457232,"FETCH 7 IN ""query-cursor_230""",0,0,0,0,0,0,1,0.001724,0.001724,0.001724,0.001724,0,7,0,0,0,0,0,0,0,0,0,0,0,0,0,0,0,0,0,0,0,0,0,0,0,0,0,0,0,0,0,2026-09-29 01:19:53.682994+00,2026-09-29 01:19:53.682994+00
10,16384,t,568825620565498524,"MOVE ALL IN ""query-cursor_100""",0,0,0,0,0,0,1,5.39674,5.39674,5.39674,5.39674,0,0,0,0,0,0,0,0,0,0,0,0,0,0,0,0,0,0,0,0,0,0,0,0,0,0,0,0,0,0,0,2026-09-28 21:03:53.743918+00,2026-09-28 21:03:53.743918+00
10,16384,t,1639835620941405532,"FETCH 5 IN ""query-cursor_84""",0,0,0,0,0,0,1,0.001362,0.001362,0.001362,0.001362,0,5,0,0,0,0,0,0,0,0,0,0,0,0,0,0,0,0,0,0,0,0,0,0,0,0,0,0,0,0,0,2026-09-28 20:41:53.658198+00,2026-09-28 20:41:53.658198+00
16410,16412,t,-8635903615968128018,"UPDATE RES_ENT SET LOCKING_ID=LOCKING_ID+$10,LOCK_DSRC_ACTION=$1 WHERE RES_ENT_ID IN ($2,$3,$4,$5,$6,$7,$8,$9)",0,0,0,0,0,0,86225,154857.7407639996,0.052885,500.916972,1.7959726386082877,7.315688855087935,447814,2745417,27,0,34,0,0,0,0,0,0,1029.293588,26.326759,0,0,0,0,0,0,0,0,0,0,0,0,0,0,0,0,0,2026-09-28 20:45:42.082014+00,2026-09-28 20:45:42.082014+00
16410,16412,t,-8234124169179915778,"UPDATE RES_FEAT_EKEY AS T SET SUPPRESSED=C.SUPPRESSED,OBS_ENT_CNT=C.OBS_ENT_CNT FROM (VALUES (CAST ($1 AS BIGINT),CAST ($2 AS BIGINT),$3,$4,CAST ($5 AS BIGINT)),(CAST ($6 AS BIGINT),CAST ($7 AS BIGINT),$8,$9,CAST ($10 AS BIGINT)),(CAST ($11 AS BIGINT),CAST ($12 AS BIGINT),$13,$14,CAST ($15 AS BIGINT)),(CAST ($16 AS BIGINT),CAST ($17 AS BIGINT),$18,$19,CAST ($20 AS BIGINT)),(CAST ($21 AS BIGINT),CAST ($22 AS BIGINT),$23,$24,CAST ($25 AS BIGINT)),(CAST ($26 AS BIGINT),CAST ($27 AS BIGINT),$28,$29,CAST ($30 AS BIGINT)),(CAST ($31 AS BIGINT),CAST ($32 AS BIGINT),$33,$34,CAST ($35 AS BIGINT)),(CAST ($36 AS BIGINT),CAST ($37 AS BIGINT),$38,$39,CAST ($40 AS BIGINT)),(CAST ($41 AS BIGINT),CAST ($42 AS BIGINT),$43,$44,CAST ($45 AS BIGINT)),(CAST ($46 AS BIGINT),CAST ($47 AS BIGINT),$48,$49,CAST ($50 AS BIGINT)),(CAST ($51 AS BIGINT),CAST ($52 AS BIGINT),$53,$54,CAST ($55 AS BIGINT))) AS C(RES_ENT_ID,LIB_FEAT_ID,UTYPE_CODE,SUPPRESSED,OBS_ENT_CNT) WHERE C.RES_ENT_ID=T.RES_ENT_ID AND C.LIB_FEAT_ID=T.LIB_FEAT_ID AND C.UTYPE_CODE=T.UTYPE_CODE",0,0,0,0,0,0,165691,2401484.8445520047,0.09471199999999999,1357.075079,14.493755512079742,34.920048238264286,1822598,24044925,38304,0,6351,0,0,0,0,0,0,850517.474582997,339.8454190000004,0,0,0,0,0,0,0,0,0,0,0,0,0,0,0,0,0,2026-09-28 20:45:23.379075+00,2026-09-28 20:45:23.379075+00
10,16384,t,4953930488774181956,"MOVE ALL IN ""query-cursor_52""",0,0,0,0,0,0,1,1.034247,1.034247,1.034247,1.034247,0,0,0,0,0,0,0,0,0,0,0,0,0,0,0,0,0,0,0,0,0,0,0,0,0,0,0,0,0,0,0,2026-09-28 20:09:53.65277+00,2026-09-28 20:09:53.65277+00
10,16384,t,-6807347537087844173,"FETCH 0 IN ""query-cursor_150""",0,0,0,0,0,0,1,0.004665,0.004665,0.004665,0.004665,0,0,0,0,0,0,0,0,0,0,0,0,0,0,0,0,0,0,0,0,0,0,0,0,0,0,0,0,0,0,0,2026-09-28 22:45:53.691919+00,2026-09-28 22:45:53.691919+00
10,16384,t,-630967519830199869,"MOVE ALL IN ""query-cursor_125""",0,0,0,0,0,0,1,6.600523,6.600523,6.600523,6.600523,0,0,0,0,0,0,0,0,0,0,0,0,0,0,0,0,0,0,0,0,0,0,0,0,0,0,0,0,0,0,0,2026-09-28 21:53:53.706304+00,2026-09-28 21:53:53.706304+00
10,16384,t,-8218870299426712902,"FETCH 0 IN ""query-cursor_112""",0,0,0,0,0,0,1,0.006896,0.006896,0.006896,0.006896,0,0,0,0,0,0,0,0,0,0,0,0,0,0,0,0,0,0,0,0,0,0,0,0,0,0,0,0,0,0,0,2026-09-28 21:27:53.774911+00,2026-09-28 21:27:53.774911+00
10,16384,t,907530391120912309,"FETCH 2 IN ""query-cursor_188""",0,0,0,0,0,0,1,0.004639,0.004639,0.004639,0.004639,0,2,0,0,0,0,0,0,0,0,0,0,0,0,0,0,0,0,0,0,0,0,0,0,0,0,0,0,0,0,0,2026-09-29 00:05:53.704754+00,2026-09-29 00:05:53.704754+00
16410,16412,t,-5723145000911626027,"SELECT RES_ENT_ID,LIB_FEAT_ID,FTYPE_ID,UTYPE_CODE,SUPPRESSED,OBS_ENT_CNT FROM RES_FEAT_EKEY WHERE RES_ENT_ID IN ($1)",0,0,0,0,0,0,18641345,10027466.47181834,0.0034000000000000002,709.278394,0.5379153956872929,3.927538795194897,505793440,104906238,1695128,0,0,0,0,0,0,0,0,7417001.240929903,0,0,0,0,0,0,0,0,0,0,0,0,0,0,0,0,0,0,2026-09-28 20:44:53.658219+00,2026-09-28 20:44:53.658219+00
16410,16412,t,-5843972805637823446,"UPDATE RES_FEAT_EKEY AS T SET SUPPRESSED = C.SUPPRESSED FROM (VALUES (CAST ($1 AS BIGINT),CAST ($2 AS BIGINT),$3,$4),(CAST ($5 AS BIGINT),CAST ($6 AS BIGINT),$7,$8),(CAST ($9 AS BIGINT),CAST ($10 AS BIGINT),$11,$12),(CAST ($13 AS BIGINT),CAST ($14 AS BIGINT),$15,$16),(CAST ($17 AS BIGINT),CAST ($18 AS BIGINT),$19,$20),(CAST ($21 AS BIGINT),CAST ($22 AS BIGINT),$23,$24),(CAST ($25 AS BIGINT),CAST ($26 AS BIGINT),$27,$28),(CAST ($29 AS BIGINT),CAST ($30 AS BIGINT),$31,$32),(CAST ($33 AS BIGINT),CAST ($34 AS BIGINT),$35,$36),(CAST ($37 AS BIGINT),CAST ($38 AS BIGINT),$39,$40),(CAST ($41 AS BIGINT),CAST ($42 AS BIGINT),$43,$44),(CAST ($45 AS BIGINT),CAST ($46 AS BIGINT),$47,$48),(CAST ($49 AS BIGINT),CAST ($50 AS BIGINT),$51,$52),(CAST ($53 AS BIGINT),CAST ($54 AS BIGINT),$55,$56),(CAST ($57 AS BIGINT),CAST ($58 AS BIGINT),$59,$60),(CAST ($61 AS BIGINT),CAST ($62 AS BIGINT),$63,$64),(CAST ($65 AS BIGINT),CAST ($66 AS BIGINT),$67,$68)) AS C(RES_ENT_ID,LIB_FEAT_ID,UTYPE_CODE,SUPPRESSED) WHERE C.RES_ENT_ID=T.RES_ENT_ID AND C.LIB_FEAT_ID=T.LIB_FEAT_ID AND C.UTYPE_CODE=T.UTYPE_CODE",0,0,0,0,0,0,216150,2348053.023671981,0.13211399999999998,1957.616631,10.863072050298316,33.12426647174372,3674550,33022940,7087,0,9259,0,0,0,0,0,0,181132.67010900006,274.771404,0,0,0,0,0,0,0,0,0,0,0,0,0,0,0,0,0,2026-09-28 20:45:11.631605+00,2026-09-28 20:45:11.631605+00
10,16384,t,-8031604486609695150,"MOVE -310 IN ""query-cursor_28""",0,0,0,0,0,0,1,0.009047,0.009047,0.009047,0.009047,0,0,0,0,0,0,0,0,0,0,0,0,0,0,0,0,0,0,0,0,0,0,0,0,0,0,0,0,0,0,0,2026-09-28 19:45:53.6507+00,2026-09-28 19:45:53.6507+00
10,16384,t,1444229378710159251,SELECT count(*) from pg_catalog.pg_proc where proname=$1 and pronamespace=$2::regnamespace::oid,0,0,0,0,0,0,367,10.008259000000002,0.007862000000000001,2.919028,0.027270460490463222,0.15141777106935256,367,1099,2,0,0,0,0,0,0,0,0,2.906068,0,0,0,0,0,0,0,0,0,0,0,0,0,0,0,0,0,0,2026-09-28 19:17:03.557077+00,2026-09-28 19:17:03.557077+00
16410,16412,t,-4135239555229881086,"SELECT OBS_ENT_ID,LOCKING_ID FROM OBS_ENT WHERE OBS_ENT_ID IN ($1,$2,$3,$4)",0,0,0,0,0,0,937574,89875.47955099893,0.010122,117.34196,0.09585961166905112,0.9193360514842289,3028766,15564031,0,0,0,0,0,0,0,0,0,0,0,0,0,0,0,0,0,0,0,0,0,0,0,0,0,0,0,0,2026-09-28 20:49:31.617391+00,2026-09-28 20:49:31.617391+00
10,16384,t,7308439238100713409,"MOVE -1727 IN ""query-cursor_176""",0,0,0,0,0,0,1,0.24828,0.24828,0.24828,0.24828,0,0,0,0,0,0,0,0,0,0,0,0,0,0,0,0,0,0,0,0,0,0,0,0,0,0,0,0,0,0,0,2026-09-28 23:41:53.891289+00,2026-09-28 23:41:53.891289+00
16410,16412,t,9043716314885357572,"UPDATE RES_FEAT_EKEY AS T SET SUPPRESSED = C.SUPPRESSED FROM (VALUES (CAST ($1 AS BIGINT),CAST ($2 AS BIGINT),$3,$4),(CAST ($5 AS BIGINT),CAST ($6 AS BIGINT),$7,$8),(CAST ($9 AS BIGINT),CAST ($10 AS BIGINT),$11,$12),(CAST ($13 AS BIGINT),CAST ($14 AS BIGINT),$15,$16),(CAST ($17 AS BIGINT),CAST ($18 AS BIGINT),$19,$20),(CAST ($21 AS BIGINT),CAST ($22 AS BIGINT),$23,$24),(CAST ($25 AS BIGINT),CAST ($26 AS BIGINT),$27,$28),(CAST ($29 AS BIGINT),CAST ($30 AS BIGINT),$31,$32),(CAST ($33 AS BIGINT),CAST ($34 AS BIGINT),$35,$36),(CAST ($37 AS BIGINT),CAST ($38 AS BIGINT),$39,$40),(CAST ($41 AS BIGINT),CAST ($42 AS BIGINT),$43,$44),(CAST ($45 AS BIGINT),CAST ($46 AS BIGINT),$47,$48),(CAST ($49 AS BIGINT),CAST ($50 AS BIGINT),$51,$52),(CAST ($53 AS BIGINT),CAST ($54 AS BIGINT),$55,$56),(CAST ($57 AS BIGINT),CAST ($58 AS BIGINT),$59,$60),(CAST ($61 AS BIGINT),CAST ($62 AS BIGINT),$63,$64),(CAST ($65 AS BIGINT),CAST ($66 AS BIGINT),$67,$68),(CAST ($69 AS BIGINT),CAST ($70 AS BIGINT),$71,$72),(CAST ($73 AS BIGINT),CAST ($74 AS BIGINT),$75,$76),(CAST ($77 AS BIGINT),CAST ($78 AS BIGINT),$79,$80)) AS C(RES_ENT_ID,LIB_FEAT_ID,UTYPE_CODE,SUPPRESSED) WHERE C.RES_ENT_ID=T.RES_ENT_ID AND C.LIB_FEAT_ID=T.LIB_FEAT_ID AND C.UTYPE_CODE=T.UTYPE_CODE",0,0,0,0,0,0,128151,1537110.7205480146,0.146794,1195.4398589999998,11.994527709873623,35.69552518885133,2563020,23469637,4862,0,6257,0,0,0,0,0,0,120029.39237100039,229.34530400000003,0,0,0,0,0,0,0,0,0,0,0,0,0,0,0,0,0,2026-09-28 20:45:20.921193+00,2026-09-28 20:45:20.921193+00
10,16384,t,-1544343296051492107,"FETCH 50 IN ""query-cursor_26""",0,0,0,0,0,0,5,0.017665,0.002654,0.005649,0.003533,0.0010923074658721324,250,0,0,0,0,0,0,0,0,0,0,0,0,0,0,0,0,0,0,0,0,0,0,0,0,0,0,0,0,0,2026-09-28 19:43:53.650516+00,2026-09-28 19:43:53.650516+00
10,16384,t,2032245790780400417,"FETCH 50 IN ""query-cursor_151""",0,0,0,0,0,0,31,0.5606419999999998,0.0095,0.036178,0.018085225806451603,0.006791115423179533,1550,0,0,0,0,0,0,0,0,0,0,0,0,0,0,0,0,0,0,0,0,0,0,0,0,0,0,0,0,0,2026-09-28 22:47:53.868072+00,2026-09-28 22:47:53.868072+00
10,16384,t,2187547290480146772,"FETCH 0 IN ""query-cursor_77""",0,0,0,0,0,0,1,0.004234,0.004234,0.004234,0.004234,0,0,0,0,0,0,0,0,0,0,0,0,0,0,0,0,0,0,0,0,0,0,0,0,0,0,0,0,0,0,0,2026-09-28 20:34:53.653762+00,2026-09-28 20:34:53.653762+00
10,16384,t,-7945284921795644783,SELECT count(*) FROM pg_catalog.pg_hba_file_rules WHERE auth_method = $1,0,0,0,0,0,0,36,6.011274999999999,0.096967,0.21538,0.16697986111111107,0.03276434635914199,36,0,0,0,0,0,0,0,0,0,0,0,0,0,0,0,0,0,0,0,0,0,0,0,0,0,0,0,0,0,2026-09-28 19:24:04.579136+00,2026-09-28 19:24:04.579136+00
10,16384,t,-8890955396177880870,"FETCH 0 IN ""query-cursor_187""",0,0,0,0,0,0,1,0.009323,0.009323,0.009323,0.009323,0,0,0,0,0,0,0,0,0,0,0,0,0,0,0,0,0,0,0,0,0,0,0,0,0,0,0,0,0,0,0,2026-09-29 00:03:53.783677+00,2026-09-29 00:03:53.783677+00
16410,16412,t,1533444726011427042,"DELETE FROM SYS_EVAL_QUEUE WHERE MSG_ID IN (SELECT MSG_ID FROM SYS_EVAL_QUEUE WHERE MSG_ID>$1 ORDER BY MSG_ID FOR UPDATE SKIP LOCKED LIMIT $2) RETURNING MSG_ID,DSRC_CODE,ENT_SRC_KEY,MSG",0,0,0,0,0,0,6188643,5512128.429830056,0.0023020000000000002,674.0881469999999,0.8906845054449022,6.4820990691209035,6174098,104904061,360033,0,0,0,0,0,0,0,0,2195681.0242809313,0,0,0,0,0,0,0,0,0,0,0,0,0,0,0,0,0,0,2026-09-28 19:23:17.633491+00,2026-09-28 19:23:17.633491+00
16410,16412,t,2168675765292875470,"SELECT RES_ENT_ID,LIB_FEAT_ID,FTYPE_ID,UTYPE_CODE,SUPPRESSED,OBS_ENT_CNT FROM RES_FEAT_EKEY WHERE RES_ENT_ID IN ($1) AND FTYPE_ID IN ($2,$3,$4,$5,$6,$7,$8,$9,$10,$11,$12,$13,$14,$15,$16,$17,$18,$19,$20,$21,$22,$23,$24,$25,$26,$27,$28,$29,$30,$31,$32,$33,$34,$35,$36,$37,$38,$39,$40,$41,$42,$43,$44,$45,$46,$47,$48,$49,$50,$51,$52,$53,$54,$55)",0,0,0,0,0,0,772531,86714.42371500278,0.005881,102.629707,0.11224717676702006,1.473376583614949,1220724,3976216,0,0,0,0,0,0,0,0,0,0,0,0,0,0,0,0,0,0,0,0,0,0,0,0,0,0,0,0,2026-09-28 20:45:15.841965+00,2026-09-28 20:45:15.841965+00
10,16384,t,-1314129076410679664,"FETCH 50 IN ""query-cursor_5""",0,0,0,0,0,0,2,0.007961,0.003253,0.004708,0.0039805,0.0007275000000000001,100,0,0,0,0,0,0,0,0,0,0,0,0,0,0,0,0,0,0,0,0,0,0,0,0,0,0,0,0,0,2026-09-28 19:22:53.648678+00,2026-09-28 19:22:53.648678+00
10,16384,t,9032876954625188706,"MOVE ALL IN ""query-cursor_120""",0,0,0,0,0,0,1,6.209937,6.209937,6.209937,6.209937,0,0,0,0,0,0,0,0,0,0,0,0,0,0,0,0,0,0,0,0,0,0,0,0,0,0,0,0,0,0,0,2026-09-28 21:43:53.74461+00,2026-09-28 21:43:53.74461+00
16410,16412,t,-8291736161797498644,"SELECT RES_ENT_ID,LIB_FEAT_ID,FTYPE_ID,UTYPE_CODE,SUPPRESSED,OBS_ENT_CNT FROM RES_FEAT_EKEY WHERE RES_ENT_ID IN ($1) AND FTYPE_ID IN ($2,$3,$4,$5,$6,$7,$8,$9,$10,$11,$12,$13,$14,$15,$16,$17,$18,$19,$20,$21,$22,$23,$24,$25,$26,$27,$28,$29,$30,$31,$32,$33,$34,$35,$36,$37,$38,$39,$40,$41,$42,$43,$44,$45,$46,$47,$48,$49,$50,$51,$52,$53,$54,$55,$56)",0,0,0,0,0,0,810970,91518.77571099954,0.005531,93.768032,0.11285100029717443,1.475487940497766,1854501,4153629,0,0,0,0,0,0,0,0,0,0,0,0,0,0,0,0,0,0,0,0,0,0,0,0,0,0,0,0,2026-09-28 20:44:58.604984+00,2026-09-28 20:44:58.604984+00
16410,16412,t,-2267411078293970552,"INSERT INTO RES_RELATE(RES_REL_ID,MIN_RES_ENT_ID,MAX_RES_ENT_ID,IS_DISCLOSED,IS_AMBIGUOUS,LAST_ERRULE_ID,MATCH_KEY,MATCH_KEY_DETAILS,MATCH_LEVELS) VALUES ($1,$2,$3,$4,$5,$6,$7,$8,$9),($10,$11,$12,$13,$14,$15,$16,$17,$18) ON CONFLICT DO NOTHING",0,0,0,0,0,0,2342333,11897515.667353656,0.029927,2121.0938260000003,5.07934425521634,21.578877870866208,4684665,43094660,172010,0,394248,0,0,0,0,0,0,3686075.2204539673,25782.819774000207,0,0,0,0,0,0,0,0,0,0,0,0,0,0,0,0,0,2026-09-28 20:44:53.787626+00,2026-09-28 20:44:53.787626+00
10,16384,t,1480452116176088034,SELECT count(*) FROM pg_catalog.pg_class c JOIN pg_catalog.pg_namespace n ON n.oid = c.relnamespace WHERE n.nspname = $1 AND c.relname = $2,0,0,0,0,0,0,1101,66.33949500000014,0.01146,11.507063,0.06025385558583119,0.4914041922329334,1101,5504,1,0,0,0,0,0,0,0,0,1.163083,0,0,0,0,0,0,0,0,0,0,0,0,0,0,0,0,0,0,2026-09-28 19:17:03.393974+00,2026-09-28 19:17:03.393974+00
10,16384,t,-3085586449142066534,"MOVE -1721 IN ""query-cursor_175""",0,0,0,0,0,0,1,0.094394,0.094394,0.094394,0.094394,0,0,0,0,0,0,0,0,0,0,0,0,0,0,0,0,0,0,0,0,0,0,0,0,0,0,0,0,0,0,0,2026-09-28 23:39:53.689451+00,2026-09-28 23:39:53.689451+00
10,16384,t,-1592574586304837923,"select (select sum(coalesce(authorized, $1) + coalesce(total_auth_failed, $2) + coalesce(bad_conn_packet, $3) + coalesce(startup_packet_timeout, $4)) from rds_get_stat_connections_counters()) + (select sum(auto_authorized_evicted + auto_total_auth_failed_evicted + auto_bad_conn_packet_evicted + auto_startup_packet_timeout_evicted) from rds_get_stat_connections_counters_details()) as total_auth_attempts",0,0,0,0,0,0,236,18.644626000000006,0.023963,0.5529769999999999,0.0790026525423729,0.05582189816560769,236,0,0,0,0,0,0,0,0,0,0,0,0,0,0,0,0,0,0,0,0,0,0,0,0,0,0,0,0,0,2026-09-28 19:18:53.178875+00,2026-09-28 19:18:53.178875+00
10,16384,t,1423712592550963629,"DECLARE ""query-cursor_44"" SCROLL CURSOR FOR select queryid, left(query, $1), calls, (total_plan_time + total_exec_time) as total_time from aurora_stat_statements($2) order by calls desc limit $3 FOR READ ONLY",0,0,0,0,0,0,1,0.066153,0.066153,0.066153,0.066153,0,0,0,0,0,0,0,0,0,0,0,0,0,0,0,0,0,0,0,0,0,0,0,0,0,0,0,0,0,0,0,2026-09-28 20:01:53.651118+00,2026-09-28 20:01:53.651118+00
10,16384,t,-2226941535742652769,"FETCH 0 IN ""query-cursor_64""",0,0,0,0,0,0,1,0.003708,0.003708,0.003708,0.003708,0,0,0,0,0,0,0,0,0,0,0,0,0,0,0,0,0,0,0,0,0,0,0,0,0,0,0,0,0,0,0,2026-09-28 20:21:53.652653+00,2026-09-28 20:21:53.652653+00
10,16384,t,-6726205321302825870,"MOVE ALL IN ""query-cursor_225""",0,0,0,0,0,0,1,5.147002,5.147002,5.147002,5.147002,0,0,0,0,0,0,0,0,0,0,0,0,0,0,0,0,0,0,0,0,0,0,0,0,0,0,0,0,0,0,0,2026-09-29 01:13:53.671194+00,2026-09-29 01:13:53.671194+00
16410,16412,t,-7171290241277608209,DELETE FROM RES_FEAT_EKEY WHERE ((RES_ENT_ID=$1 AND LIB_FEAT_ID=$2 AND UTYPE_CODE=$3)OR(RES_ENT_ID=$4 AND LIB_FEAT_ID=$5 AND UTYPE_CODE=$6)OR(RES_ENT_ID=$7 AND LIB_FEAT_ID=$8 AND UTYPE_CODE=$9)OR(RES_ENT_ID=$10 AND LIB_FEAT_ID=$11 AND UTYPE_CODE=$12)OR(RES_ENT_ID=$13 AND LIB_FEAT_ID=$14 AND UTYPE_CODE=$15)OR(RES_ENT_ID=$16 AND LIB_FEAT_ID=$17 AND UTYPE_CODE=$18)OR(RES_ENT_ID=$19 AND LIB_FEAT_ID=$20 AND UTYPE_CODE=$21)OR(RES_ENT_ID=$22 AND LIB_FEAT_ID=$23 AND UTYPE_CODE=$24)OR(RES_ENT_ID=$25 AND LIB_FEAT_ID=$26 AND UTYPE_CODE=$27)OR(RES_ENT_ID=$28 AND LIB_FEAT_ID=$29 AND UTYPE_CODE=$30)OR(RES_ENT_ID=$31 AND LIB_FEAT_ID=$32 AND UTYPE_CODE=$33)OR(RES_ENT_ID=$34 AND LIB_FEAT_ID=$35 AND UTYPE_CODE=$36)OR(RES_ENT_ID=$37 AND LIB_FEAT_ID=$38 AND UTYPE_CODE=$39)OR(RES_ENT_ID=$40 AND LIB_FEAT_ID=$41 AND UTYPE_CODE=$42)OR(RES_ENT_ID=$43 AND LIB_FEAT_ID=$44 AND UTYPE_CODE=$45)OR(RES_ENT_ID=$46 AND LIB_FEAT_ID=$47 AND UTYPE_CODE=$48)OR(RES_ENT_ID=$49 AND LIB_FEAT_ID=$50 AND UTYPE_CODE=$51)OR(RES_ENT_ID=$52 AND LIB_FEAT_ID=$53 AND UTYPE_CODE=$54)OR(RES_ENT_ID=$55 AND LIB_FEAT_ID=$56 AND UTYPE_CODE=$57)OR(RES_ENT_ID=$58 AND LIB_FEAT_ID=$59 AND UTYPE_CODE=$60)),0,0,0,0,0,0,27755,456755.2417019999,0.039633,494.666,16.456683181480813,34.6901435575045,535875,2785794,4273,0,0,0,0,0,0,0,0,165729.5728649998,0,0,0,0,0,0,0,0,0,0,0,0,0,0,0,0,0,0,2026-09-28 20:45:18.866616+00,2026-09-28 20:45:18.866616+00
10,16384,t,-754371567585342327,"MOVE ALL IN ""query-cursor_84""",0,0,0,0,0,0,1,1.419809,1.419809,1.419809,1.419809,0,0,0,0,0,0,0,0,0,0,0,0,0,0,0,0,0,0,0,0,0,0,0,0,0,0,0,0,0,0,0,2026-09-28 20:41:53.65565+00,2026-09-28 20:41:53.65565+00
10,16384,t,5011396922662833801,"FETCH 50 IN ""query-cursor_200""",0,0,0,0,0,0,37,0.6214629999999999,0.009844,0.038291,0.016796297297297293,0.006129426338242321,1850,0,0,0,0,0,0,0,0,0,0,0,0,0,0,0,0,0,0,0,0,0,0,0,0,0,0,0,0,0,2026-09-29 00:27:53.673134+00,2026-09-29 00:27:53.673134+00
10,16384,t,-8672561780472567711,"FETCH 0 IN ""query-cursor_189""",0,0,0,0,0,0,1,0.005792,0.005792,0.005792,0.005792,0,0,0,0,0,0,0,0,0,0,0,0,0,0,0,0,0,0,0,0,0,0,0,0,0,0,0,0,0,0,0,2026-09-29 00:07:53.981188+00,2026-09-29 00:07:53.981188+00
10,16384,t,7124227752837129578,"DECLARE ""query-cursor_142"" SCROLL CURSOR FOR select queryid, left(query, $1), calls, (total_plan_time + total_exec_time) as total_time from aurora_stat_statements($2) order by calls desc limit $3 FOR READ ONLY",0,0,0,0,0,0,1,0.074406,0.074406,0.074406,0.074406,0,0,0,0,0,0,0,0,0,0,0,0,0,0,0,0,0,0,0,0,0,0,0,0,0,0,0,0,0,0,0,2026-09-28 22:29:53.878623+00,2026-09-28 22:29:53.878623+00
10,16384,t,9105277691521015903,"FETCH 50 IN ""query-cursor_168""",0,0,0,0,0,0,33,0.523477,0.007533,0.028505,0.015862939393939395,0.0062579812067635465,1650,0,0,0,0,0,0,0,0,0,0,0,0,0,0,0,0,0,0,0,0,0,0,0,0,0,0,0,0,0,2026-09-28 23:23:54.424302+00,2026-09-28 23:23:54.424302+00
10,16384,t,8983490732493941091,"FETCH 50 IN ""query-cursor_107""",0,0,0,0,0,0,25,0.37896700000000005,0.010259,0.024366,0.015158680000000002,0.0036097603989184656,1250,0,0,0,0,0,0,0,0,0,0,0,0,0,0,0,0,0,0,0,0,0,0,0,0,0,0,0,0,0,2026-09-28 21:17:53.681072+00,2026-09-28 21:17:53.681072+00
10,16384,t,-3592679143522408532,"MOVE ALL IN ""query-cursor_99""",0,0,0,0,0,0,1,11.459478,11.459478,11.459478,11.459478,0,0,0,0,0,0,0,0,0,0,0,0,0,0,0,0,0,0,0,0,0,0,0,0,0,0,0,0,0,0,0,2026-09-28 21:01:53.714077+00,2026-09-28 21:01:53.714077+00
10,16384,t,-1098686628122172733,"MOVE -1038 IN ""query-cursor_88""",0,0,0,0,0,0,1,0.038575,0.038575,0.038575,0.038575,0,0,0,0,0,0,0,0,0,0,0,0,0,0,0,0,0,0,0,0,0,0,0,0,0,0,0,0,0,0,0,2026-09-28 20:45:53.658715+00,2026-09-28 20:45:53.658715+00
16410,16412,t,3476429785629243894,"INSERT INTO LIB_FEAT(LIB_FEAT_ID,FTYPE_ID,FEAT_HASH,FEAT_DESC,FELEM_VALUES,ANONYMIZED,VERSION) VALUES ($1,$2,$3,$4,$5,$6,$7),($8,$9,$10,$11,$12,$13,$14),($15,$16,$17,$18,$19,$20,$21),($22,$23,$24,$25,$26,$27,$28),($29,$30,$31,$32,$33,$34,$35),($36,$37,$38,$39,$40,$41,$42) ON CONFLICT(FTYPE_ID,FEAT_HASH,ANONYMIZED) DO UPDATE SET FTYPE_ID=LIB_FEAT.FTYPE_ID,FEAT_HASH=LIB_FEAT.FEAT_HASH,ANONYMIZED=LIB_FEAT.ANONYMIZED RETURNING LIB_FEAT_ID,FTYPE_ID,FEAT_HASH,ANONYMIZED,FEAT_DESC",0,0,0,0,0,0,1573664,17207090.315677993,0.112231,2776.311166,10.934411866623366,30.743489185282893,9441984,145959282,926,0,273662,0,0,0,0,0,0,25899.999242000005,36833.792659999875,0,0,0,0,0,0,0,0,0,0,0,0,0,0,0,0,0,2026-09-28 20:44:52.370816+00,2026-09-28 20:44:52.370816+00
10,16384,t,3094189251851710281,"FETCH 0 IN ""query-cursor_30""",0,0,0,0,0,0,1,0.003153,0.003153,0.003153,0.003153,0,0,0,0,0,0,0,0,0,0,0,0,0,0,0,0,0,0,0,0,0,0,0,0,0,0,0,0,0,0,0,2026-09-28 19:47:53.650101+00,2026-09-28 19:47:53.650101+00
10,16384,t,-1895649104986546290,"DECLARE ""query-cursor_108"" SCROLL CURSOR FOR select queryid, left(query, $1), calls, (total_plan_time + total_exec_time) as total_time from aurora_stat_statements($2) order by calls desc limit $3 FOR READ ONLY",0,0,0,0,0,0,1,0.068927,0.068927,0.068927,0.068927,0,0,0,0,0,0,0,0,0,0,0,0,0,0,0,0,0,0,0,0,0,0,0,0,0,0,0,0,0,0,0,2026-09-28 21:19:53.678159+00,2026-09-28 21:19:53.678159+00
16410,16412,t,6794715488074120713,"SELECT RES_ENT_ID,LIB_FEAT_ID,FTYPE_ID,UTYPE_CODE,SUPPRESSED,OBS_ENT_CNT FROM RES_FEAT_EKEY WHERE RES_ENT_ID IN ($1) AND FTYPE_ID IN ($2,$3,$4,$5,$6,$7,$8,$9,$10,$11,$12,$13,$14,$15,$16,$17,$18,$19,$20,$21,$22,$23,$24,$25,$26,$27,$28,$29,$30,$31,$32,$33,$34,$35,$36,$37,$38,$39,$40,$41,$42,$43,$44,$45,$46,$47,$48,$49,$50,$51,$52,$53,$54,$55,$56,$57,$58,$59)",0,0,0,0,0,0,513524,70014.16959099896,0.006006,85.417562,0.13634059866919357,1.6410367203804588,2584706,2740158,0,0,0,0,0,0,0,0,0,0,0,0,0,0,0,0,0,0,0,0,0,0,0,0,0,0,0,0,2026-09-28 20:45:17.105354+00,2026-09-28 20:45:17.105354+00
16410,16412,t,1440651055128080051,"INSERT INTO SYS_SEQUENCE (SEQUENCE_NAME,NEXT_SEQUENCE,CACHE_SIZE) VALUES ($1,$2,$3)",0,0,0,0,0,0,5,0.7693629999999999,0.024002000000000002,0.635542,0.15387259999999997,0.24106573688817745,5,23,1,0,2,0,0,0,0,0,0,0.550709,0.0111,0,0,0,0,0,0,0,0,0,0,0,0,0,0,0,0,0,2026-09-28 19:20:35.914828+00,2026-09-28 19:20:35.914828+00
10,16384,t,-7233062012449396736,select pg_current_xact_id() as xid_generation_rate,0,0,0,0,0,0,235,3.4089220000000027,0.003391,0.09797,0.014506051063829798,0.010801106504268045,235,0,0,0,0,0,0,0,0,0,0,0,0,0,0,0,0,0,0,0,0,0,0,0,0,0,0,0,0,0,2026-09-28 19:18:53.212675+00,2026-09-28 19:18:53.212675+00
10,16384,t,992944234367090328,"MOVE ALL IN ""query-cursor_184""",0,0,0,0,0,0,1,31.914617,31.914617,31.914617,31.914617,0,0,0,0,0,0,0,0,0,0,0,0,0,0,0,0,0,0,0,0,0,0,0,0,0,0,0,0,0,0,0,2026-09-28 23:57:53.755071+00,2026-09-28 23:57:53.755071+00
10,16384,t,304574967404978372,"FETCH 46 IN ""query-cursor_140""",0,0,0,0,0,0,1,0.012566,0.012566,0.012566,0.012566,0,46,0,0,0,0,0,0,0,0,0,0,0,0,0,0,0,0,0,0,0,0,0,0,0,0,0,0,0,0,0,2026-09-28 22:25:54.081753+00,2026-09-28 22:25:54.081753+00
10,16384,t,-1931436595027948501,"MOVE -1294 IN ""query-cursor_112""",0,0,0,0,0,0,1,0.120204,0.120204,0.120204,0.120204,0,0,0,0,0,0,0,0,0,0,0,0,0,0,0,0,0,0,0,0,0,0,0,0,0,0,0,0,0,0,0,2026-09-28 21:27:53.78316+00,2026-09-28 21:27:53.78316+00
10,16384,t,-2794301567155122526,"MOVE -1623 IN ""query-cursor_160""",0,0,0,0,0,0,1,0.104283,0.104283,0.104283,0.104283,0,0,0,0,0,0,0,0,0,0,0,0,0,0,0,0,0,0,0,0,0,0,0,0,0,0,0,0,0,0,0,2026-09-28 23:07:53.794368+00,2026-09-28 23:07:53.794368+00
10,16384,t,2366331402341159428,"FETCH 50 IN ""query-cursor_149""",0,0,0,0,0,0,31,0.6125950000000001,0.010936,0.139509,0.019761129032258067,0.02227698370840723,1550,0,0,0,0,0,0,0,0,0,0,0,0,0,0,0,0,0,0,0,0,0,0,0,0,0,0,0,0,0,2026-09-28 22:43:53.814859+00,2026-09-28 22:43:53.814859+00
10,16384,t,1609290196704113652,"FETCH 0 IN ""query-cursor_225""",0,0,0,0,0,0,1,0.003916,0.003916,0.003916,0.003916,0,0,0,0,0,0,0,0,0,0,0,0,0,0,0,0,0,0,0,0,0,0,0,0,0,0,0,0,0,0,0,2026-09-29 01:13:53.665997+00,2026-09-29 01:13:53.665997+00
16410,16412,t,7289625077629806937,"SELECT RES_ENT_ID,LIB_FEAT_ID,FTYPE_ID,UTYPE_CODE,SUPPRESSED,OBS_ENT_CNT FROM RES_FEAT_EKEY WHERE RES_ENT_ID IN ($1,$2,$3,$4,$5,$6,$7,$8) AND FTYPE_ID IN ($9,$10,$11,$12,$13,$14,$15,$16,$17,$18)",0,0,0,0,0,0,30383,129512.89239300018,0.060372999999999996,443.441277,4.262676246354875,18.690377767831706,2826983,1026832,5668,0,0,0,0,0,0,0,0,101903.29791900002,0,0,0,0,0,0,0,0,0,0,0,0,0,0,0,0,0,0,2026-09-28 20:44:58.517542+00,2026-09-28 20:44:58.517542+00
16410,16412,t,-1491818571435089637,"INSERT INTO RES_FEAT_STAT(LIB_FEAT_ID,FTYPE_ID,NUM_RES_ENT,NUM_RES_ENT_OOM) VALUES ($1,$2,$3,$4),($5,$6,$7,$8),($9,$10,$11,$12),($13,$14,$15,$16),($17,$18,$19,$20),($21,$22,$23,$24),($25,$26,$27,$28),($29,$30,$31,$32),($33,$34,$35,$36),($37,$38,$39,$40),($41,$42,$43,$44),($45,$46,$47,$48),($49,$50,$51,$52),($53,$54,$55,$56),($57,$58,$59,$60),($61,$62,$63,$64),($65,$66,$67,$68),($69,$70,$71,$72),($73,$74,$75,$76),($77,$78,$79,$80),($81,$82,$83,$84),($85,$86,$87,$88),($89,$90,$91,$92),($93,$94,$95,$96),($97,$98,$99,$100) ON CONFLICT DO NOTHING",0,0,0,0,0,0,1885159,45444587.65000224,0.22641999999999998,3003.299504,24.10650117576408,94.62175068666815,47128866,464621435,13222,0,427937,0,0,0,0,0,0,77648.30246499978,43656.59911499981,0,0,0,0,0,0,0,0,0,0,0,0,0,0,0,0,0,2026-09-28 20:44:52.389999+00,2026-09-28 20:44:52.389999+00
10,16384,t,5340598501595187521,"MOVE -1866 IN ""query-cursor_198""",0,0,0,0,0,0,1,0.09082,0.09082,0.09082,0.09082,0,0,0,0,0,0,0,0,0,0,0,0,0,0,0,0,0,0,0,0,0,0,0,0,0,0,0,0,0,0,0,2026-09-29 00:25:53.671777+00,2026-09-29 00:25:53.671777+00
10,16384,t,4015349742497289673,"MOVE ALL IN ""query-cursor_35""",0,0,0,0,0,0,1,0.774386,0.774386,0.774386,0.774386,0,0,0,0,0,0,0,0,0,0,0,0,0,0,0,0,0,0,0,0,0,0,0,0,0,0,0,0,0,0,0,2026-09-28 19:52:53.651304+00,2026-09-28 19:52:53.651304+00
10,16384,t,556994155224763752,"FETCH 14 IN ""query-cursor_190""",0,0,0,0,0,0,1,0.007653,0.007653,0.007653,0.007653,0,14,0,0,0,0,0,0,0,0,0,0,0,0,0,0,0,0,0,0,0,0,0,0,0,0,0,0,0,0,0,2026-09-29 00:09:54.069571+00,2026-09-29 00:09:54.069571+00
10,16384,t,-7756943615440581284,select oid from pg_tablespace where spcname = $1,0,0,0,0,0,0,1,1.9945039999999998,1.9945039999999998,1.9945039999999998,1.9945039999999998,0,1,1,1,0,0,0,0,0,0,0,0,1.966685,0,0,0,0,0,0,0,0,0,0,0,0,0,0,0,0,0,0,2026-09-28 19:16:36.142161+00,2026-09-28 19:16:36.142161+00
10,16384,t,5106499444831535326,"MOVE ALL IN ""query-cursor_40""",0,0,0,0,0,0,1,0.898593,0.898593,0.898593,0.898593,0,0,0,0,0,0,0,0,0,0,0,0,0,0,0,0,0,0,0,0,0,0,0,0,0,0,0,0,0,0,0,2026-09-28 19:57:53.651793+00,2026-09-28 19:57:53.651793+00
16410,16412,t,-6539974433503858620,"SELECT OBS_ENT_ID,LOCKING_ID FROM OBS_ENT WHERE OBS_ENT_ID IN ($1,$2)",0,0,0,0,0,0,2113959,150246.4410580001,0.007868,300.796914,0.07107348868071714,0.7704118769217596,4227918,21714847,0,0,0,0,0,0,0,0,0,0,0,0,0,0,0,0,0,0,0,0,0,0,0,0,0,0,0,0,2026-09-28 20:45:23.285514+00,2026-09-28 20:45:23.285514+00
16410,16412,t,2127664606377467901,"INSERT INTO RES_FEAT_EKEY(RES_ENT_ID,LIB_FEAT_ID,FTYPE_ID,UTYPE_CODE,SUPPRESSED,OBS_ENT_CNT) VALUES ($1,$2,$3,$4,$5,$6),($7,$8,$9,$10,$11,$12) ON CONFLICT DO NOTHING",0,0,0,0,0,0,1770418,6572256.343229017,0.031106,1575.142143,3.7122624957659816,13.401283157224936,3540836,49230687,4934,0,54729,0,0,0,0,0,0,107347.43143100012,7754.157247999965,0,0,0,0,0,0,0,0,0,0,0,0,0,0,0,0,0,2026-09-28 20:44:52.538387+00,2026-09-28 20:44:52.538387+00
16410,16412,t,501342044926388483,"SELECT LIB_FEAT_ID,UTYPE_CODE,RES_ENT_ID,OBS_ENT_CNT FROM RES_FEAT_EKEY WHERE LIB_FEAT_ID IN ($1,$2,$3,$4,$5,$6,$7,$8) AND RES_ENT_ID!=$9",0,0,0,0,0,0,769470,4162809.966604953,0.005090000000000001,1295.107162,5.409970455774693,22.687262661710513,1602677,6482448,316990,0,0,0,0,0,0,0,0,3390308.1959170047,0,0,0,0,0,0,0,0,0,0,0,0,0,0,0,0,0,0,2026-09-28 20:44:52.515143+00,2026-09-28 20:44:52.515143+00
10,16384,t,-5339566367885151903,"MOVE -494 IN ""query-cursor_57""",0,0,0,0,0,0,1,0.012665,0.012665,0.012665,0.012665,0,0,0,0,0,0,0,0,0,0,0,0,0,0,0,0,0,0,0,0,0,0,0,0,0,0,0,0,0,0,0,2026-09-28 20:14:53.653385+00,2026-09-28 20:14:53.653385+00
10,16384,t,-3499858337830708346,"FETCH 0 IN ""query-cursor_124""",0,0,0,0,0,0,1,0.004711,0.004711,0.004711,0.004711,0,0,0,0,0,0,0,0,0,0,0,0,0,0,0,0,0,0,0,0,0,0,0,0,0,0,0,0,0,0,0,2026-09-28 21:51:53.785176+00,2026-09-28 21:51:53.785176+00
10,16384,t,5388393269207891788,"FETCH 25 IN ""query-cursor_17""",0,0,0,0,0,0,1,0.002527,0.002527,0.002527,0.002527,0,25,0,0,0,0,0,0,0,0,0,0,0,0,0,0,0,0,0,0,0,0,0,0,0,0,0,0,0,0,0,2026-09-28 19:34:53.650554+00,2026-09-28 19:34:53.650554+00
10,16384,t,-7269116032092025363,"FETCH 21 IN ""query-cursor_144""",0,0,0,0,0,0,1,0.007226,0.007226,0.007226,0.007226,0,21,0,0,0,0,0,0,0,0,0,0,0,0,0,0,0,0,0,0,0,0,0,0,0,0,0,0,0,0,0,2026-09-28 22:33:53.692828+00,2026-09-28 22:33:53.692828+00
10,16384,t,5606802887923544155,"FETCH 50 IN ""query-cursor_65""",0,0,0,0,0,0,10,0.031627999999999996,0.002711,0.005216,0.0031627999999999995,0.0007047685861330654,500,0,0,0,0,0,0,0,0,0,0,0,0,0,0,0,0,0,0,0,0,0,0,0,0,0,0,0,0,0,2026-09-28 20:22:53.654068+00,2026-09-28 20:22:53.654068+00
10,16384,t,6521605875987173684,"FETCH 50 IN ""query-cursor_167""",0,0,0,0,0,0,33,0.490515,0.008927,0.02312,0.014864090909090908,0.004044574288297065,1650,0,0,0,0,0,0,0,0,0,0,0,0,0,0,0,0,0,0,0,0,0,0,0,0,0,0,0,0,0,2026-09-28 23:21:53.671504+00,2026-09-28 23:21:53.671504+00
10,16384,t,2212729192904635009,COMMIT,0,0,0,0,0,0,14569,9.538858000000001,0.000159,0.028396,0.0006547366325760177,0.0008676538051389205,0,0,0,0,0,0,0,0,0,0,0,0,0,0,0,0,0,0,0,0,0,0,0,0,0,0,0,0,0,0,2026-09-28 19:18:53.023138+00,2026-09-28 19:18:53.023138+00
16410,16412,t,-6405866526468625918,"SELECT RES_ENT_ID,LIB_FEAT_ID,FTYPE_ID,UTYPE_CODE,SUPPRESSED,OBS_ENT_CNT FROM RES_FEAT_EKEY WHERE RES_ENT_ID IN ($1,$2) AND FTYPE_ID IN ($3,$4,$5,$6,$7,$8,$9,$10,$11,$12)",0,0,0,0,0,0,30857,59169.899415000196,0.030759999999999996,472.748336,1.9175519141523867,12.17888257003938,901749,335468,2426,0,0,0,0,0,0,0,0,48961.799294000106,0,0,0,0,0,0,0,0,0,0,0,0,0,0,0,0,0,0,2026-09-28 20:44:57.671196+00,2026-09-28 20:44:57.671196+00
10,16384,t,-5575630626015445774,"FETCH 0 IN ""query-cursor_1""",0,0,0,0,0,0,1,0.010085,0.010085,0.010085,0.010085,0,0,0,0,0,0,0,0,0,0,0,0,0,0,0,0,0,0,0,0,0,0,0,0,0,0,0,0,0,0,0,2026-09-28 19:18:53.645454+00,2026-09-28 19:18:53.645454+00
10,16384,t,-3408060145005648333,"MOVE ALL IN ""query-cursor_186""",0,0,0,0,0,0,1,7.166227,7.166227,7.166227,7.166227,0,0,0,0,0,0,0,0,0,0,0,0,0,0,0,0,0,0,0,0,0,0,0,0,0,0,0,0,0,0,0,2026-09-29 00:01:53.759453+00,2026-09-29 00:01:53.759453+00
10,16384,t,-4864179748423860453,"FETCH 50 IN ""query-cursor_55""",0,0,0,0,0,0,9,0.032798999999999995,0.002895,0.005863,0.0036443333333333328,0.0008260815133306562,450,0,0,0,0,0,0,0,0,0,0,0,0,0,0,0,0,0,0,0,0,0,0,0,0,0,0,0,0,0,2026-09-28 20:12:53.653287+00,2026-09-28 20:12:53.653287+00
10,16384,t,3284693824152111817,"DECLARE ""query-cursor_222"" SCROLL CURSOR FOR select queryid, left(query, $1), calls, (total_plan_time + total_exec_time) as total_time from aurora_stat_statements($2) order by calls desc limit $3 FOR READ ONLY",0,0,0,0,0,0,1,0.07945,0.07945,0.07945,0.07945,0,0,0,0,0,0,0,0,0,0,0,0,0,0,0,0,0,0,0,0,0,0,0,0,0,0,0,0,0,0,0,2026-09-29 01:07:53.665713+00,2026-09-29 01:07:53.665713+00
10,16384,t,2933798123131305935,"FETCH 50 IN ""query-cursor_84""",0,0,0,0,0,0,13,0.045349999999999994,0.002687,0.006035,0.003488461538461538,0.0009341420263770316,650,0,0,0,0,0,0,0,0,0,0,0,0,0,0,0,0,0,0,0,0,0,0,0,0,0,0,0,0,0,2026-09-28 20:41:53.655762+00,2026-09-28 20:41:53.655762+00
16410,16412,t,8748208467842609239,"INSERT INTO RES_FEAT_EKEY(RES_ENT_ID,LIB_FEAT_ID,FTYPE_ID,UTYPE_CODE,SUPPRESSED,OBS_ENT_CNT) VALUES ($1,$2,$3,$4,$5,$6),($7,$8,$9,$10,$11,$12),($13,$14,$15,$16,$17,$18),($19,$20,$21,$22,$23,$24) ON CONFLICT DO NOTHING",0,0,0,0,0,0,1805623,10933440.492095258,0.052908000000000004,1959.577801,6.055217779179407,19.0929441049053,7222492,100228210,9783,0,93895,0,0,0,0,0,0,232550.65202599927,13275.097565999931,0,0,0,0,0,0,0,0,0,0,0,0,0,0,0,0,0,2026-09-28 20:44:52.47161+00,2026-09-28 20:44:52.47161+00
16410,16412,t,-7414202432971323178,DELETE FROM RES_FEAT_EKEY WHERE ((RES_ENT_ID=$1 AND LIB_FEAT_ID=$2 AND UTYPE_CODE=$3)OR(RES_ENT_ID=$4 AND LIB_FEAT_ID=$5 AND UTYPE_CODE=$6)OR(RES_ENT_ID=$7 AND LIB_FEAT_ID=$8 AND UTYPE_CODE=$9)OR(RES_ENT_ID=$10 AND LIB_FEAT_ID=$11 AND UTYPE_CODE=$12)OR(RES_ENT_ID=$13 AND LIB_FEAT_ID=$14 AND UTYPE_CODE=$15)OR(RES_ENT_ID=$16 AND LIB_FEAT_ID=$17 AND UTYPE_CODE=$18)OR(RES_ENT_ID=$19 AND LIB_FEAT_ID=$20 AND UTYPE_CODE=$21)OR(RES_ENT_ID=$22 AND LIB_FEAT_ID=$23 AND UTYPE_CODE=$24)OR(RES_ENT_ID=$25 AND LIB_FEAT_ID=$26 AND UTYPE_CODE=$27)OR(RES_ENT_ID=$28 AND LIB_FEAT_ID=$29 AND UTYPE_CODE=$30)OR(RES_ENT_ID=$31 AND LIB_FEAT_ID=$32 AND UTYPE_CODE=$33)OR(RES_ENT_ID=$34 AND LIB_FEAT_ID=$35 AND UTYPE_CODE=$36)OR(RES_ENT_ID=$37 AND LIB_FEAT_ID=$38 AND UTYPE_CODE=$39)OR(RES_ENT_ID=$40 AND LIB_FEAT_ID=$41 AND UTYPE_CODE=$42)OR(RES_ENT_ID=$43 AND LIB_FEAT_ID=$44 AND UTYPE_CODE=$45)),0,0,0,0,0,0,16565,225319.90327399975,0.030806000000000004,730.829921,13.60216741768788,32.624987044892315,228727,1239459,2846,0,0,0,0,0,0,0,0,104599.98968399993,0,0,0,0,0,0,0,0,0,0,0,0,0,0,0,0,0,0,2026-09-28 20:45:10.651816+00,2026-09-28 20:45:10.651816+00
10,16384,t,4707441615532888113,"FETCH 0 IN ""query-cursor_227""",0,0,0,0,0,0,1,0.003588,0.003588,0.003588,0.003588,0,0,0,0,0,0,0,0,0,0,0,0,0,0,0,0,0,0,0,0,0,0,0,0,0,0,0,0,0,0,0,2026-09-29 01:16:53.666284+00,2026-09-29 01:16:53.666284+00
16410,16412,t,-8344818468155698179,"SELECT RES_ENT_ID,LIB_FEAT_ID,FTYPE_ID,UTYPE_CODE,SUPPRESSED,OBS_ENT_CNT FROM RES_FEAT_EKEY WHERE RES_ENT_ID IN ($1,$2,$3,$4,$5,$6,$7,$8,$9,$10,$11,$12,$13,$14,$15,$16,$17,$18,$19,$20,$21,$22,$23,$24,$25,$26,$27,$28,$29,$30,$31,$32) AND FTYPE_ID IN ($33,$34,$35,$36,$37,$38,$39,$40,$41,$42,$43,$44,$45,$46,$47,$48,$49,$50)",0,0,0,0,0,0,14188,268969.3763000004,0.33798500000000004,516.125394,18.957525817592362,39.31557318319602,6494109,1508543,13902,0,0,0,0,0,0,0,0,217699.2471569993,0,0,0,0,0,0,0,0,0,0,0,0,0,0,0,0,0,0,2026-09-28 20:46:08.28666+00,2026-09-28 20:46:08.28666+00
10,16384,t,1379578689135519645,select sum(xact_commit) from pg_stat_database,0,0,0,0,0,0,367,23.286737000000013,0.025425,2.063948,0.0634515994550409,0.10749943127157228,367,367,0,0,0,0,0,0,0,0,0,0,0,0,0,0,0,0,0,0,0,0,0,0,0,0,0,0,0,0,2026-09-28 19:17:03.525256+00,2026-09-28 19:17:03.525256+00
10,16384,t,-4139432065985344052,"MOVE -1956 IN ""query-cursor_213""",0,0,0,0,0,0,1,0.242114,0.242114,0.242114,0.242114,0,0,0,0,0,0,0,0,0,0,0,0,0,0,0,0,0,0,0,0,0,0,0,0,0,0,0,0,0,0,0,2026-09-29 00:49:54.064654+00,2026-09-29 00:49:54.064654+00
16410,16412,t,-5438095189772993696,"SELECT OBS_ENT_ID,RES_ENT_ID FROM RES_ENT_OKEY WHERE RES_ENT_ID IN ($1)",0,0,0,0,0,0,52066744,3359511.433917964,0.003124,367.403089,0.06452317114198583,0.764095717669072,74561157,326663289,576,0,0,0,0,0,0,0,0,8067.132091,0,0,0,0,0,0,0,0,0,0,0,0,0,0,0,0,0,0,2026-09-28 20:44:53.654151+00,2026-09-28 20:44:53.654151+00
10,16384,t,7970482130123433258,"FETCH 3 IN ""query-cursor_127""",0,0,0,0,0,0,1,0.004824,0.004824,0.004824,0.004824,0,3,0,0,0,0,0,0,0,0,0,0,0,0,0,0,0,0,0,0,0,0,0,0,0,0,0,0,0,0,0,2026-09-28 21:57:53.958607+00,2026-09-28 21:57:53.958607+00
10,16384,t,-3123562538602869171,"DECLARE ""query-cursor_11"" SCROLL CURSOR FOR select queryid, left(query, $1), calls, (total_plan_time + total_exec_time) as total_time from aurora_stat_statements($2) order by calls desc limit $3 FOR READ ONLY",0,0,0,0,0,0,1,0.061683,0.061683,0.061683,0.061683,0,0,0,0,0,0,0,0,0,0,0,0,0,0,0,0,0,0,0,0,0,0,0,0,0,0,0,0,0,0,0,2026-09-28 19:28:53.648577+00,2026-09-28 19:28:53.648577+00
10,16384,t,3680755690148070897,"ALTER USER ""rdsadmin"" VALID UNTIL 'infinity'",0,0,0,0,0,0,1,0.042157,0.042157,0.042157,0.042157,0,0,3,0,0,0,0,0,0,0,0,0,0,0,0,0,0,0,0,0,0,0,0,0,0,0,0,0,0,0,0,2026-09-28 19:18:41.196871+00,2026-09-28 19:18:41.196871+00
16410,16412,t,-96576954194249797,SELECT OBS_ENT_ID FROM OBS_ENT WHERE ENT_SRC_KEY=$1 AND DSRC_ID=$2,0,0,0,0,0,0,31135155,7655389.615074102,0.0038900000000000002,890.316338,0.24587607208231665,4.3593185192415165,6135218,128999231,553382,0,0,0,0,0,0,0,0,5717341.018599912,0,0,0,0,0,0,0,0,0,0,0,0,0,0,0,0,0,0,2026-09-28 20:44:52.341387+00,2026-09-28 20:44:52.341387+00
10,16384,t,-108679433695357514,"MOVE ALL IN ""query-cursor_86""",0,0,0,0,0,0,1,1.361954,1.361954,1.361954,1.361954,0,0,0,0,0,0,0,0,0,0,0,0,0,0,0,0,0,0,0,0,0,0,0,0,0,0,0,0,0,0,0,2026-09-28 20:43:53.655735+00,2026-09-28 20:43:53.655735+00
10,16384,t,-4259630191317040559,"select name,setting from pg_settings where name IN($1,$2,$3,$4,$5,$6,$7,$8,$9,$10,$11,$12,$13,$14,$15,$16,$17,$18,$19,$20,$21,$22,$23,$24,$25,$26,$27,$28,$29,$30,$31,$32,$33,$34,$35,$36,$37,$38,$39,$40,$41,$42,$43,$44,$45,$46,$47,$48,$49,$50,$51,$52,$53,$54,$55,$56,$57,$58,$59,$60,$61,$62,$63,$64,$65,$66,$67,$68,$69,$70,$71,$72,$73,$74,$75,$76,$77,$78,$79,$80,$81,$82,$83,$84,$85,$86,$87,$88,$89,$90,$91,$92,$93,$94,$95,$96,$97,$98,$99,$100,$101,$102,$103,$104,$105,$106,$107,$108,$109,$110,$111,$112,$113,$114,$115,$116,$117,$118,$119,$120,$121,$122,$123,$124,$125,$126,$127,$128,$129,$130,$131,$132,$133,$134,$135,$136,$137,$138,$139,$140,$141,$142,$143,$144,$145,$146,$147,$148,$149,$150,$151,$152,$153,$154,$155,$156,$157,$158,$159,$160,$161,$162,$163,$164,$165,$166,$167,$168,$169,$170,$171,$172,$173,$174,$175,$176,$177,$178,$179,$180,$181,$182,$183,$184,$185,$186,$187,$188,$189,$190,$191,$192,$193,$194,$195,$196,$197,$198,$199,$200,$201,$202,$203,$204,$205,$206,$207,$208,$209,$210,$211,$212,$213,$214,$215,$216,$217,$218,$219,$220,$221,$222,$223,$224,$225,$226,$227,$228,$229,$230,$231,$232,$233,$234,$235,$236,$237,$238,$239,$240,$241,$242,$243,$244,$245,$246,$247,$248,$249,$250,$251,$252,$253,$254,$255,$256,$257,$258,$259,$260,$261,$262,$263,$264,$265,$266,$267,$268,$269,$270,$271,$272,$273,$274,$275,$276,$277,$278,$279,$280,$281,$282,$283,$284,$285,$286,$287,$288,$289,$290,$291,$292,$293,$294,$295,$296,$297,$298,$299,$300,$301,$302,$303,$304,$305,$306,$307,$308,$309,$310,$311,$312,$313,$314) order by name",0,0,0,0,0,0,1,1.5686840000000002,1.5686840000000002,1.5686840000000002,1.5686840000000002,0,296,0,0,0,0,0,0,0,0,0,0,0,0,0,0,0,0,0,0,0,0,0,0,0,0,0,0,0,0,0,2026-09-28 19:24:04.576811+00,2026-09-28 19:24:04.576811+00
10,16384,t,-4042008523835260034,"MOVE ALL IN ""query-cursor_229""",0,0,0,0,0,0,1,5.132324,5.132324,5.132324,5.132324,0,0,0,0,0,0,0,0,0,0,0,0,0,0,0,0,0,0,0,0,0,0,0,0,0,0,0,0,0,0,0,2026-09-29 01:18:53.671414+00,2026-09-29 01:18:53.671414+00
16410,16412,t,-5399220790812574959,"SELECT RES_ENT_ID,LIB_FEAT_ID,FTYPE_ID,UTYPE_CODE,SUPPRESSED,OBS_ENT_CNT FROM RES_FEAT_EKEY WHERE RES_ENT_ID IN ($1,$2,$3,$4) AND FTYPE_ID IN ($5,$6,$7,$8,$9,$10,$11,$12,$13,$14,$15,$16,$17,$18,$19,$20,$21,$22,$23,$24,$25,$26,$27,$28,$29,$30,$31,$32,$33,$34,$35,$36,$37,$38,$39,$40,$41,$42,$43,$44,$45,$46,$47,$48,$49,$50,$51,$52,$53)",0,0,0,0,0,0,15,1.201281,0.049946,0.119776,0.0800854,0.017846432195446422,16,238,0,0,0,0,0,0,0,0,0,0,0,0,0,0,0,0,0,0,0,0,0,0,0,0,0,0,0,0,2026-09-28 22:00:20.64788+00,2026-09-28 22:00:20.64788+00
16410,16412,t,8318485662359132435,"UPDATE RES_RELATE AS T SET IS_DISCLOSED=C.IS_DISCLOSED,IS_AMBIGUOUS=C.IS_AMBIGUOUS,LAST_ERRULE_ID=C.LAST_ERRULE_ID,MATCH_KEY=C.MATCH_KEY,MATCH_KEY_DETAILS=C.MATCH_KEY_DETAILS,MATCH_LEVELS=C.MATCH_LEVELS FROM (VALUES (CAST ($1 AS BIGINT),CAST ($2 AS BIGINT),CAST ($3 AS BIGINT),CAST ($4 AS BIGINT),$5,$6,$7),(CAST ($8 AS BIGINT),CAST ($9 AS BIGINT),CAST ($10 AS BIGINT),CAST ($11 AS BIGINT),$12,$13,$14),(CAST ($15 AS BIGINT),CAST ($16 AS BIGINT),CAST ($17 AS BIGINT),CAST ($18 AS BIGINT),$19,$20,$21),(CAST ($22 AS BIGINT),CAST ($23 AS BIGINT),CAST ($24 AS BIGINT),CAST ($25 AS BIGINT),$26,$27,$28),(CAST ($29 AS BIGINT),CAST ($30 AS BIGINT),CAST ($31 AS BIGINT),CAST ($32 AS BIGINT),$33,$34,$35),(CAST ($36 AS BIGINT),CAST ($37 AS BIGINT),CAST ($38 AS BIGINT),CAST ($39 AS BIGINT),$40,$41,$42),(CAST ($43 AS BIGINT),CAST ($44 AS BIGINT),CAST ($45 AS BIGINT),CAST ($46 AS BIGINT),$47,$48,$49)) AS C(RES_REL_ID,IS_DISCLOSED,IS_AMBIGUOUS,LAST_ERRULE_ID,MATCH_KEY,MATCH_KEY_DETAILS,MATCH_LEVELS) WHERE C.RES_REL_ID=T.RES_REL_ID",0,0,0,0,0,0,16342,107464.03900600059,0.080377,590.958218,6.575941684371594,26.748030522044907,114390,1082602,4222,0,2116,0,0,0,0,0,0,53594.07993199998,68.14516700000001,0,0,0,0,0,0,0,0,0,0,0,0,0,0,0,0,0,2026-09-28 20:45:43.092124+00,2026-09-28 20:45:43.092124+00
16410,16412,t,5533609971449536952,"SELECT RES_ENT_ID,LIB_FEAT_ID,FTYPE_ID,UTYPE_CODE,SUPPRESSED,OBS_ENT_CNT FROM RES_FEAT_EKEY WHERE RES_ENT_ID IN ($1,$2) AND FTYPE_ID IN ($3,$4,$5,$6,$7,$8,$9,$10,$11,$12,$13,$14,$15,$16,$17,$18,$19,$20,$21,$22,$23,$24,$25,$26,$27,$28,$29,$30,$31,$32,$33,$34,$35,$36,$37,$38,$39,$40,$41,$42,$43,$44,$45,$46,$47,$48,$49,$50,$51,$52,$53,$54,$55)",0,0,0,0,0,0,4542,1017.0583310000014,0.033613,70.168509,0.22392301431087658,2.1345841207130447,32867,49051,0,0,0,0,0,0,0,0,0,0,0,0,0,0,0,0,0,0,0,0,0,0,0,0,0,0,0,0,2026-09-28 20:55:26.551837+00,2026-09-28 20:55:26.551837+00
10,16384,t,8466907746087991014,"MOVE -1733 IN ""query-cursor_177""",0,0,0,0,0,0,1,0.107048,0.107048,0.107048,0.107048,0,0,0,0,0,0,0,0,0,0,0,0,0,0,0,0,0,0,0,0,0,0,0,0,0,0,0,0,0,0,0,2026-09-28 23:43:53.903854+00,2026-09-28 23:43:53.903854+00
10,16384,t,2162248481821045395,"FETCH 50 IN ""query-cursor_228""",0,0,0,0,0,0,40,0.143863,0.002662,0.007098,0.003596575,0.0010429188819726103,2000,0,0,0,0,0,0,0,0,0,0,0,0,0,0,0,0,0,0,0,0,0,0,0,0,0,0,0,0,0,2026-09-29 01:17:53.671652+00,2026-09-29 01:17:53.671652+00
10,16384,t,281740010231568995,"DECLARE ""query-cursor_80"" SCROLL CURSOR FOR select queryid, left(query, $1), calls, (total_plan_time + total_exec_time) as total_time from aurora_stat_statements($2) order by calls desc limit $3 FOR READ ONLY",0,0,0,0,0,0,1,0.06512,0.06512,0.06512,0.06512,0,0,0,0,0,0,0,0,0,0,0,0,0,0,0,0,0,0,0,0,0,0,0,0,0,0,0,0,0,0,0,2026-09-28 20:37:53.653844+00,2026-09-28 20:37:53.653844+00
10,16384,t,7562162002645807505,"FETCH 50 IN ""query-cursor_48""",0,0,0,0,0,0,8,0.030092,0.003087,0.005827,0.0037615,0.0008291197139134973,400,0,0,0,0,0,0,0,0,0,0,0,0,0,0,0,0,0,0,0,0,0,0,0,0,0,0,0,0,0,2026-09-28 20:05:53.652595+00,2026-09-28 20:05:53.652595+00
10,16384,t,-8913001093551255659,"FETCH 39 IN ""query-cursor_40""",0,0,0,0,0,0,1,0.002843,0.002843,0.002843,0.002843,0,39,0,0,0,0,0,0,0,0,0,0,0,0,0,0,0,0,0,0,0,0,0,0,0,0,0,0,0,0,0,2026-09-28 19:57:53.653346+00,2026-09-28 19:57:53.653346+00
10,16384,t,967346066593890986,"FETCH 42 IN ""query-cursor_87""",0,0,0,0,0,0,1,0.009244,0.009244,0.009244,0.009244,0,42,0,0,0,0,0,0,0,0,0,0,0,0,0,0,0,0,0,0,0,0,0,0,0,0,0,0,0,0,0,2026-09-28 20:44:53.662724+00,2026-09-28 20:44:53.662724+00
10,16384,t,-8477776099595606808,"MOVE -1346 IN ""query-cursor_119""",0,0,0,0,0,0,1,0.05431,0.05431,0.05431,0.05431,0,0,0,0,0,0,0,0,0,0,0,0,0,0,0,0,0,0,0,0,0,0,0,0,0,0,0,0,0,0,0,2026-09-28 21:41:53.762639+00,2026-09-28 21:41:53.762639+00
10,16384,t,2223841239771881963,"FETCH 50 IN ""query-cursor_223""",0,0,0,0,0,0,40,0.151416,0.002743,0.006849,0.0037854,0.0010674132704814945,2000,0,0,0,0,0,0,0,0,0,0,0,0,0,0,0,0,0,0,0,0,0,0,0,0,0,0,0,0,0,2026-09-29 01:09:53.671066+00,2026-09-29 01:09:53.671066+00
10,16384,t,6146607658806083569,"MOVE -396 IN ""query-cursor_41""",0,0,0,0,0,0,1,0.010709,0.010709,0.010709,0.010709,0,0,0,0,0,0,0,0,0,0,0,0,0,0,0,0,0,0,0,0,0,0,0,0,0,0,0,0,0,0,0,2026-09-28 19:58:53.651921+00,2026-09-28 19:58:53.651921+00
10,16384,t,7319762900662418921,"FETCH 50 IN ""query-cursor_163""",0,0,0,0,0,0,32,0.467701,0.010069,0.02342,0.01461565625,0.004057952005086549,1600,0,0,0,0,0,0,0,0,0,0,0,0,0,0,0,0,0,0,0,0,0,0,0,0,0,0,0,0,0,2026-09-28 23:13:53.930295+00,2026-09-28 23:13:53.930295+00
16410,16412,t,-8367452243158660618,"INSERT INTO SYS_CODES_USED(CODE_TYPE,CODE,CODE_ID) VALUES ($1,$2,$3) ON CONFLICT DO NOTHING",0,0,0,0,0,0,25,1.042823,0.012129000000000001,0.229375,0.04171292,0.04396294591122847,22,166,0,0,3,0,0,0,0,0,0,0,0.057003,0,0,0,0,0,0,0,0,0,0,0,0,0,0,0,0,0,2026-09-28 20:44:52.320931+00,2026-09-28 20:44:52.320931+00
10,16384,t,-1953968214191003640,"MOVE -1617 IN ""query-cursor_159""",0,0,0,0,0,0,1,0.22224,0.22224,0.22224,0.22224,0,0,0,0,0,0,0,0,0,0,0,0,0,0,0,0,0,0,0,0,0,0,0,0,0,0,0,0,0,0,0,2026-09-28 23:05:53.788034+00,2026-09-28 23:05:53.788034+00
16410,16412,t,7074489559175562218,DELETE FROM RES_FEAT_EKEY WHERE ((RES_ENT_ID=$1 AND LIB_FEAT_ID=$2 AND UTYPE_CODE=$3)OR(RES_ENT_ID=$4 AND LIB_FEAT_ID=$5 AND UTYPE_CODE=$6)OR(RES_ENT_ID=$7 AND LIB_FEAT_ID=$8 AND UTYPE_CODE=$9)OR(RES_ENT_ID=$10 AND LIB_FEAT_ID=$11 AND UTYPE_CODE=$12)OR(RES_ENT_ID=$13 AND LIB_FEAT_ID=$14 AND UTYPE_CODE=$15)OR(RES_ENT_ID=$16 AND LIB_FEAT_ID=$17 AND UTYPE_CODE=$18)OR(RES_ENT_ID=$19 AND LIB_FEAT_ID=$20 AND UTYPE_CODE=$21)OR(RES_ENT_ID=$22 AND LIB_FEAT_ID=$23 AND UTYPE_CODE=$24)OR(RES_ENT_ID=$25 AND LIB_FEAT_ID=$26 AND UTYPE_CODE=$27)OR(RES_ENT_ID=$28 AND LIB_FEAT_ID=$29 AND UTYPE_CODE=$30)OR(RES_ENT_ID=$31 AND LIB_FEAT_ID=$32 AND UTYPE_CODE=$33)OR(RES_ENT_ID=$34 AND LIB_FEAT_ID=$35 AND UTYPE_CODE=$36)OR(RES_ENT_ID=$37 AND LIB_FEAT_ID=$38 AND UTYPE_CODE=$39)OR(RES_ENT_ID=$40 AND LIB_FEAT_ID=$41 AND UTYPE_CODE=$42)OR(RES_ENT_ID=$43 AND LIB_FEAT_ID=$44 AND UTYPE_CODE=$45)OR(RES_ENT_ID=$46 AND LIB_FEAT_ID=$47 AND UTYPE_CODE=$48)OR(RES_ENT_ID=$49 AND LIB_FEAT_ID=$50 AND UTYPE_CODE=$51)OR(RES_ENT_ID=$52 AND LIB_FEAT_ID=$53 AND UTYPE_CODE=$54)OR(RES_ENT_ID=$55 AND LIB_FEAT_ID=$56 AND UTYPE_CODE=$57)OR(RES_ENT_ID=$58 AND LIB_FEAT_ID=$59 AND UTYPE_CODE=$60)OR(RES_ENT_ID=$61 AND LIB_FEAT_ID=$62 AND UTYPE_CODE=$63)OR(RES_ENT_ID=$64 AND LIB_FEAT_ID=$65 AND UTYPE_CODE=$66)OR(RES_ENT_ID=$67 AND LIB_FEAT_ID=$68 AND UTYPE_CODE=$69)OR(RES_ENT_ID=$70 AND LIB_FEAT_ID=$71 AND UTYPE_CODE=$72)OR(RES_ENT_ID=$73 AND LIB_FEAT_ID=$74 AND UTYPE_CODE=$75)OR(RES_ENT_ID=$76 AND LIB_FEAT_ID=$77 AND UTYPE_CODE=$78)OR(RES_ENT_ID=$79 AND LIB_FEAT_ID=$80 AND UTYPE_CODE=$81)OR(RES_ENT_ID=$82 AND LIB_FEAT_ID=$83 AND UTYPE_CODE=$84)),0,0,0,0,0,0,7742,163062.12106600023,0.078533,432.890903,21.062015120899023,41.61555902613702,189873,1065547,1800,0,0,0,0,0,0,0,0,70616.83940000003,0,0,0,0,0,0,0,0,0,0,0,0,0,0,0,0,0,0,2026-09-28 20:46:51.799701+00,2026-09-28 20:46:51.799701+00
10,16384,t,-8340081814566666622,"FETCH 50 IN ""query-cursor_47""",0,0,0,0,0,0,8,0.02892,0.002999,0.00582,0.003615,0.000871524526333023,400,0,0,0,0,0,0,0,0,0,0,0,0,0,0,0,0,0,0,0,0,0,0,0,0,0,0,0,0,0,2026-09-28 20:04:53.652545+00,2026-09-28 20:04:53.652545+00
10,16384,t,5019432923145941471,"FETCH 0 IN ""query-cursor_39""",0,0,0,0,0,0,1,0.004073,0.004073,0.004073,0.004073,0,0,0,0,0,0,0,0,0,0,0,0,0,0,0,0,0,0,0,0,0,0,0,0,0,0,0,0,0,0,0,2026-09-28 19:56:53.650771+00,2026-09-28 19:56:53.650771+00
10,16384,t,4332118929185851433,"DECLARE ""query-cursor_189"" SCROLL CURSOR FOR select queryid, left(query, $1), calls, (total_plan_time + total_exec_time) as total_time from aurora_stat_statements($2) order by calls desc limit $3 FOR READ ONLY",0,0,0,0,0,0,1,0.081698,0.081698,0.081698,0.081698,0,0,0,0,0,0,0,0,0,0,0,0,0,0,0,0,0,0,0,0,0,0,0,0,0,0,0,0,0,0,0,2026-09-29 00:07:53.980982+00,2026-09-29 00:07:53.980982+00
16410,16412,t,-6851622849550622369,"SELECT RES_ENT_ID,LIB_FEAT_ID,FTYPE_ID,UTYPE_CODE,SUPPRESSED,OBS_ENT_CNT FROM RES_FEAT_EKEY WHERE RES_ENT_ID IN ($1,$2) AND FTYPE_ID IN ($3,$4,$5,$6,$7,$8,$9,$10,$11,$12,$13,$14,$15,$16,$17,$18,$19,$20,$21,$22,$23,$24,$25,$26,$27,$28,$29,$30,$31,$32,$33,$34,$35,$36,$37,$38,$39,$40,$41,$42,$43,$44,$45,$46,$47,$48,$49,$50,$51,$52,$53,$54,$55,$56,$57,$58,$59)",0,0,0,0,0,0,943,160.1291080000002,0.037304000000000004,37.796624,0.1698081739130437,1.5432995281335344,13077,10286,0,0,0,0,0,0,0,0,0,0,0,0,0,0,0,0,0,0,0,0,0,0,0,0,0,0,0,0,2026-09-28 21:06:12.616519+00,2026-09-28 21:06:12.616519+00
10,16384,t,-3750912723089076698,"MOVE -1791 IN ""query-cursor_186""",0,0,0,0,0,0,1,0.1052,0.1052,0.1052,0.1052,0,0,0,0,0,0,0,0,0,0,0,0,0,0,0,0,0,0,0,0,0,0,0,0,0,0,0,0,0,0,0,2026-09-29 00:01:53.759651+00,2026-09-29 00:01:53.759651+00
10,16384,t,796903788027354748,"MOVE ALL IN ""query-cursor_211""",0,0,0,0,0,0,1,25.064843,25.064843,25.064843,25.064843,0,0,0,0,0,0,0,0,0,0,0,0,0,0,0,0,0,0,0,0,0,0,0,0,0,0,0,0,0,0,0,2026-09-29 00:45:53.690617+00,2026-09-29 00:45:53.690617+00
10,16384,t,933577895860014190,"FETCH 3 IN ""query-cursor_100""",0,0,0,0,0,0,1,0.005625,0.005625,0.005625,0.005625,0,3,0,0,0,0,0,0,0,0,0,0,0,0,0,0,0,0,0,0,0,0,0,0,0,0,0,0,0,0,0,2026-09-28 21:03:53.76524+00,2026-09-28 21:03:53.76524+00
16410,16412,t,7327801869688913876,"CREATE TABLE SYS_STATUS (SYSTEM_CODE VARCHAR(50) NOT NULL, LAST_TOUCH_DT TIMESTAMP, PRIMARY KEY(SYSTEM_CODE))",0,0,0,0,0,0,1,3.044314,3.044314,3.044314,3.044314,0,0,195,0,0,1,0,0,0,0,0,0,0,0.002633,0,0,0,0,0,0,0,0,0,0,0,0,0,0,0,0,0,2026-09-28 19:20:35.950612+00,2026-09-28 19:20:35.950612+00
10,16384,t,8565671136691447260,"FETCH 50 IN ""query-cursor_43""",0,0,0,0,0,0,8,0.028745000000000003,0.002887,0.005768,0.0035931250000000004,0.0008991742652984461,400,0,0,0,0,0,0,0,0,0,0,0,0,0,0,0,0,0,0,0,0,0,0,0,0,0,0,0,0,0,2026-09-28 20:00:53.652002+00,2026-09-28 20:00:53.652002+00
10,5,t,1623369012368112450,SET application_name = $1,0,0,0,0,0,0,3,0.041963,0.012505,0.015931,0.013987666666666667,0.0014360894432064073,0,0,0,0,0,0,0,0,0,0,0,0,0,0,0,0,0,0,0,0,0,0,0,0,0,0,0,0,0,0,2026-09-28 19:45:00.139027+00,2026-09-28 19:45:00.139027+00
10,16384,t,7952465694422625400,"MOVE -262 IN ""query-cursor_23""",0,0,0,0,0,0,1,0.007805,0.007805,0.007805,0.007805,0,0,0,0,0,0,0,0,0,0,0,0,0,0,0,0,0,0,0,0,0,0,0,0,0,0,0,0,0,0,0,2026-09-28 19:40:53.650213+00,2026-09-28 19:40:53.650213+00
10,16384,t,8105655947393614724,"FETCH 39 IN ""query-cursor_139""",0,0,0,0,0,0,1,0.011858,0.011858,0.011858,0.011858,0,39,0,0,0,0,0,0,0,0,0,0,0,0,0,0,0,0,0,0,0,0,0,0,0,0,0,0,0,0,0,2026-09-28 22:23:53.758397+00,2026-09-28 22:23:53.758397+00
10,16384,t,4922048638912832000,"FETCH 50 IN ""query-cursor_88""",0,0,0,0,0,0,20,0.24252399999999996,0.006674,0.019716,0.012126199999999998,0.00357049231339321,1000,0,0,0,0,0,0,0,0,0,0,0,0,0,0,0,0,0,0,0,0,0,0,0,0,0,0,0,0,0,2026-09-28 20:45:53.658763+00,2026-09-28 20:45:53.658763+00
10,16384,t,3743062679117740455,"MOVE ALL IN ""query-cursor_50""",0,0,0,0,0,0,1,1.011517,1.011517,1.011517,1.011517,0,0,0,0,0,0,0,0,0,0,0,0,0,0,0,0,0,0,0,0,0,0,0,0,0,0,0,0,0,0,0,2026-09-28 20:07:53.652645+00,2026-09-28 20:07:53.652645+00
10,16384,t,5856062419212785122,"FETCH 50 IN ""query-cursor_92""",0,0,0,0,0,0,22,0.22837300000000005,0.005308,0.023751,0.01038059090909091,0.0035829311344851176,1100,0,0,0,0,0,0,0,0,0,0,0,0,0,0,0,0,0,0,0,0,0,0,0,0,0,0,0,0,0,2026-09-28 20:49:53.658689+00,2026-09-28 20:49:53.658689+00
10,16384,t,-3105451200459203264,"MOVE -1546 IN ""query-cursor_148""",0,0,0,0,0,0,1,0.064956,0.064956,0.064956,0.064956,0,0,0,0,0,0,0,0,0,0,0,0,0,0,0,0,0,0,0,0,0,0,0,0,0,0,0,0,0,0,0,2026-09-28 22:41:53.797968+00,2026-09-28 22:41:53.797968+00
16410,16412,t,2363604094271394806,"SELECT RES_ENT_ID,LIB_FEAT_ID,FTYPE_ID,UTYPE_CODE,SUPPRESSED,OBS_ENT_CNT FROM RES_FEAT_EKEY WHERE RES_ENT_ID IN ($1,$2,$3,$4) AND FTYPE_ID IN ($5,$6,$7,$8,$9,$10,$11,$12,$13,$14,$15,$16,$17,$18,$19,$20,$21,$22,$23,$24,$25)",0,0,0,0,0,0,49410,134089.94918899974,0.047012000000000005,886.641095,2.7138220843756273,15.574267044904937,4343653,927154,5293,0,0,0,0,0,0,0,0,105426.11742199998,0,0,0,0,0,0,0,0,0,0,0,0,0,0,0,0,0,0,2026-09-28 20:44:58.924156+00,2026-09-28 20:44:58.924156+00
10,16384,t,1315626798450023038,"FETCH 50 IN ""query-cursor_68""",0,0,0,0,0,0,11,0.036184,0.002768,0.005247,0.0032894545454545455,0.0006651286087033864,550,0,0,0,0,0,0,0,0,0,0,0,0,0,0,0,0,0,0,0,0,0,0,0,0,0,0,0,0,0,2026-09-28 20:25:53.6544+00,2026-09-28 20:25:53.6544+00
10,16384,t,3091773651056805693,"FETCH 50 IN ""query-cursor_150""",0,0,0,0,0,0,31,0.5506470000000001,0.011158,0.030583,0.017762806451612906,0.006223927954944972,1550,0,0,0,0,0,0,0,0,0,0,0,0,0,0,0,0,0,0,0,0,0,0,0,0,0,0,0,0,0,2026-09-28 22:45:53.739724+00,2026-09-28 22:45:53.739724+00
16410,16412,t,-6143342563555317502,"SELECT RES_ENT_ID,LIB_FEAT_ID,FTYPE_ID,UTYPE_CODE,SUPPRESSED,OBS_ENT_CNT FROM RES_FEAT_EKEY WHERE RES_ENT_ID IN ($1) AND FTYPE_ID IN ($2,$3,$4,$5,$6,$7,$8,$9,$10,$11,$12,$13,$14,$15,$16,$17,$18,$19,$20,$21,$22,$23,$24,$25,$26,$27,$28,$29,$30,$31,$32,$33,$34,$35,$36,$37,$38,$39,$40,$41,$42,$43,$44,$45,$46,$47,$48,$49,$50,$51,$52,$53,$54,$55,$56,$57,$58,$59,$60,$61,$62,$63)",0,0,0,0,0,0,36700,5394.136647000081,0.006307,69.075725,0.1469792001907379,1.69873699836705,365061,204652,0,0,0,0,0,0,0,0,0,0,0,0,0,0,0,0,0,0,0,0,0,0,0,0,0,0,0,0,2026-09-28 20:46:03.926866+00,2026-09-28 20:46:03.926866+00
16410,16412,t,-4432324288808203633,"SELECT RES_ENT_ID,LIB_FEAT_ID,FTYPE_ID,UTYPE_CODE,SUPPRESSED,OBS_ENT_CNT FROM RES_FEAT_EKEY WHERE RES_ENT_ID IN ($1,$2) AND FTYPE_ID IN ($3,$4,$5,$6,$7,$8,$9,$10,$11,$12,$13,$14,$15,$16,$17,$18,$19,$20,$21,$22,$23)",0,0,0,0,0,0,31741,31469.35259099994,0.033294,350.700638,0.9914417501338944,7.573840533922685,1589071,340804,1131,0,0,0,0,0,0,0,0,20857.776223,0,0,0,0,0,0,0,0,0,0,0,0,0,0,0,0,0,0,2026-09-28 20:44:55.413424+00,2026-09-28 20:44:55.413424+00
16410,16412,t,-3844544056154883233,"UPDATE RES_FEAT_EKEY AS T SET SUPPRESSED=C.SUPPRESSED,OBS_ENT_CNT=C.OBS_ENT_CNT FROM (VALUES (CAST ($1 AS BIGINT),CAST ($2 AS BIGINT),$3,$4,CAST ($5 AS BIGINT)),(CAST ($6 AS BIGINT),CAST ($7 AS BIGINT),$8,$9,CAST ($10 AS BIGINT)),(CAST ($11 AS BIGINT),CAST ($12 AS BIGINT),$13,$14,CAST ($15 AS BIGINT)),(CAST ($16 AS BIGINT),CAST ($17 AS BIGINT),$18,$19,CAST ($20 AS BIGINT)),(CAST ($21 AS BIGINT),CAST ($22 AS BIGINT),$23,$24,CAST ($25 AS BIGINT)),(CAST ($26 AS BIGINT),CAST ($27 AS BIGINT),$28,$29,CAST ($30 AS BIGINT)),(CAST ($31 AS BIGINT),CAST ($32 AS BIGINT),$33,$34,CAST ($35 AS BIGINT)),(CAST ($36 AS BIGINT),CAST ($37 AS BIGINT),$38,$39,CAST ($40 AS BIGINT)),(CAST ($41 AS BIGINT),CAST ($42 AS BIGINT),$43,$44,CAST ($45 AS BIGINT)),(CAST ($46 AS BIGINT),CAST ($47 AS BIGINT),$48,$49,CAST ($50 AS BIGINT)),(CAST ($51 AS BIGINT),CAST ($52 AS BIGINT),$53,$54,CAST ($55 AS BIGINT)),(CAST ($56 AS BIGINT),CAST ($57 AS BIGINT),$58,$59,CAST ($60 AS BIGINT)),(CAST ($61 AS BIGINT),CAST ($62 AS BIGINT),$63,$64,CAST ($65 AS BIGINT)),(CAST ($66 AS BIGINT),CAST ($67 AS BIGINT),$68,$69,CAST ($70 AS BIGINT)),(CAST ($71 AS BIGINT),CAST ($72 AS BIGINT),$73,$74,CAST ($75 AS BIGINT)),(CAST ($76 AS BIGINT),CAST ($77 AS BIGINT),$78,$79,CAST ($80 AS BIGINT)),(CAST ($81 AS BIGINT),CAST ($82 AS BIGINT),$83,$84,CAST ($85 AS BIGINT)),(CAST ($86 AS BIGINT),CAST ($87 AS BIGINT),$88,$89,CAST ($90 AS BIGINT))) AS C(RES_ENT_ID,LIB_FEAT_ID,UTYPE_CODE,SUPPRESSED,OBS_ENT_CNT) WHERE C.RES_ENT_ID=T.RES_ENT_ID AND C.LIB_FEAT_ID=T.LIB_FEAT_ID AND C.UTYPE_CODE=T.UTYPE_CODE",0,0,0,0,0,0,37866,743451.8225629994,0.144277,821.0807249999999,19.63375647184808,43.36099421874477,681588,9166777,11185,0,2162,0,0,0,0,0,0,247689.83340099987,98.65034100000007,0,0,0,0,0,0,0,0,0,0,0,0,0,0,0,0,0,2026-09-28 20:47:01.186021+00,2026-09-28 20:47:01.186021+00
10,16384,t,-1206501897971190434,"DECLARE ""query-cursor_46"" SCROLL CURSOR FOR select queryid, left(query, $1), calls, (total_plan_time + total_exec_time) as total_time from aurora_stat_statements($2) order by calls desc limit $3 FOR READ ONLY",0,0,0,0,0,0,1,0.065241,0.065241,0.065241,0.065241,0,0,0,0,0,0,0,0,0,0,0,0,0,0,0,0,0,0,0,0,0,0,0,0,0,0,0,0,0,0,0,2026-09-28 20:03:53.651239+00,2026-09-28 20:03:53.651239+00
16410,16412,t,6433019860181037100,"INSERT INTO SYS_EVAL_QUEUE(MSG_ID,DSRC_CODE,ENT_SRC_KEY,MSG) VALUES ($1,$2,$3,$4) ON CONFLICT DO NOTHING",0,0,0,0,0,0,8894374,18529118.12898276,0.005072,1486.13054,2.0832402740184706,11.174788297560086,6174098,102708731,389714,0,260200,0,0,0,0,0,0,8746297.07926887,94632.40019899946,0,0,0,0,0,0,0,0,0,0,0,0,0,0,0,0,0,2026-09-28 20:44:55.109947+00,2026-09-28 20:44:55.109947+00
10,16384,t,-4095398164941357951,"DECLARE ""query-cursor_173"" SCROLL CURSOR FOR select queryid, left(query, $1), calls, (total_plan_time + total_exec_time) as total_time from aurora_stat_statements($2) order by calls desc limit $3 FOR READ ONLY",0,0,0,0,0,0,1,0.082335,0.082335,0.082335,0.082335,0,0,0,0,0,0,0,0,0,0,0,0,0,0,0,0,0,0,0,0,0,0,0,0,0,0,0,0,0,0,0,2026-09-28 23:35:53.691758+00,2026-09-28 23:35:53.691758+00
16410,16412,t,-5205078865400121582,DELETE FROM RES_FEAT_EKEY WHERE ((RES_ENT_ID=$1 AND LIB_FEAT_ID=$2 AND UTYPE_CODE=$3)OR(RES_ENT_ID=$4 AND LIB_FEAT_ID=$5 AND UTYPE_CODE=$6)OR(RES_ENT_ID=$7 AND LIB_FEAT_ID=$8 AND UTYPE_CODE=$9)OR(RES_ENT_ID=$10 AND LIB_FEAT_ID=$11 AND UTYPE_CODE=$12)OR(RES_ENT_ID=$13 AND LIB_FEAT_ID=$14 AND UTYPE_CODE=$15)OR(RES_ENT_ID=$16 AND LIB_FEAT_ID=$17 AND UTYPE_CODE=$18)OR(RES_ENT_ID=$19 AND LIB_FEAT_ID=$20 AND UTYPE_CODE=$21)OR(RES_ENT_ID=$22 AND LIB_FEAT_ID=$23 AND UTYPE_CODE=$24)OR(RES_ENT_ID=$25 AND LIB_FEAT_ID=$26 AND UTYPE_CODE=$27)OR(RES_ENT_ID=$28 AND LIB_FEAT_ID=$29 AND UTYPE_CODE=$30)OR(RES_ENT_ID=$31 AND LIB_FEAT_ID=$32 AND UTYPE_CODE=$33)OR(RES_ENT_ID=$34 AND LIB_FEAT_ID=$35 AND UTYPE_CODE=$36)OR(RES_ENT_ID=$37 AND LIB_FEAT_ID=$38 AND UTYPE_CODE=$39)OR(RES_ENT_ID=$40 AND LIB_FEAT_ID=$41 AND UTYPE_CODE=$42)OR(RES_ENT_ID=$43 AND LIB_FEAT_ID=$44 AND UTYPE_CODE=$45)OR(RES_ENT_ID=$46 AND LIB_FEAT_ID=$47 AND UTYPE_CODE=$48)OR(RES_ENT_ID=$49 AND LIB_FEAT_ID=$50 AND UTYPE_CODE=$51)OR(RES_ENT_ID=$52 AND LIB_FEAT_ID=$53 AND UTYPE_CODE=$54)OR(RES_ENT_ID=$55 AND LIB_FEAT_ID=$56 AND UTYPE_CODE=$57)OR(RES_ENT_ID=$58 AND LIB_FEAT_ID=$59 AND UTYPE_CODE=$60)OR(RES_ENT_ID=$61 AND LIB_FEAT_ID=$62 AND UTYPE_CODE=$63)),0,0,0,0,0,0,24907,431818.3029039978,0.044665,591.0851190000001,17.337226599108597,36.427496282786315,504956,2624026,4058,0,0,0,0,0,0,0,0,164556.4886359993,0,0,0,0,0,0,0,0,0,0,0,0,0,0,0,0,0,0,2026-09-28 20:45:50.818247+00,2026-09-28 20:45:50.818247+00
10,16384,t,-1225253746977255080,"MOVE -244 IN ""query-cursor_20""",0,0,0,0,0,0,1,0.007518,0.007518,0.007518,0.007518,0,0,0,0,0,0,0,0,0,0,0,0,0,0,0,0,0,0,0,0,0,0,0,0,0,0,0,0,0,0,0,2026-09-28 19:37:53.649943+00,2026-09-28 19:37:53.649943+00
10,16384,t,-3924765388208028089,"FETCH 43 IN ""query-cursor_211""",0,0,0,0,0,0,1,0.011665,0.011665,0.011665,0.011665,0,43,0,0,0,0,0,0,0,0,0,0,0,0,0,0,0,0,0,0,0,0,0,0,0,0,0,0,0,0,0,2026-09-29 00:45:53.712795+00,2026-09-29 00:45:53.712795+00
16410,16412,t,2667162035402270221,"INSERT INTO OBS_ENT(OBS_ENT_ID,DSRC_ID,ENT_SRC_KEY,LAST_TOUCH_DT,LOCKING_ID,LOCK_DSRC_ACTION,FEATURES) VALUES ($1,$2,$3,$4,$5,$6,$7) ON CONFLICT DO NOTHING",0,0,0,0,0,0,25000929,81424527.16137639,0.021501,1454.399037,3.256860061535169,14.70164780874517,24999937,418695237,59955,0,626963,0,0,0,0,0,0,1299659.5819349939,163650.0837430021,0,0,0,0,0,0,0,0,0,0,0,0,0,0,0,0,0,2026-09-28 20:44:52.346513+00,2026-09-28 20:44:52.346513+00
10,16384,t,-3742803685282235759,"FETCH 0 IN ""query-cursor_16""",0,0,0,0,0,0,1,0.003903,0.003903,0.003903,0.003903,0,0,0,0,0,0,0,0,0,0,0,0,0,0,0,0,0,0,0,0,0,0,0,0,0,0,0,0,0,0,0,2026-09-28 19:33:53.649077+00,2026-09-28 19:33:53.649077+00
16410,16412,t,7732182433812311218,"INSERT INTO RES_RELATE(RES_REL_ID,MIN_RES_ENT_ID,MAX_RES_ENT_ID,IS_DISCLOSED,IS_AMBIGUOUS,LAST_ERRULE_ID,MATCH_KEY,MATCH_KEY_DETAILS,MATCH_LEVELS) VALUES ($1,$2,$3,$4,$5,$6,$7,$8,$9),($10,$11,$12,$13,$14,$15,$16,$17,$18),($19,$20,$21,$22,$23,$24,$25,$26,$27),($28,$29,$30,$31,$32,$33,$34,$35,$36),($37,$38,$39,$40,$41,$42,$43,$44,$45),($46,$47,$48,$49,$50,$51,$52,$53,$54),($55,$56,$57,$58,$59,$60,$61,$62,$63),($64,$65,$66,$67,$68,$69,$70,$71,$72),($73,$74,$75,$76,$77,$78,$79,$80,$81) ON CONFLICT DO NOTHING",0,0,0,0,0,0,11188,162883.8993249997,0.108864,636.819127,14.558804015462968,42.41816286262161,100692,887448,4138,0,4980,0,0,0,0,0,0,59720.75316699997,331.76484499999964,0,0,0,0,0,0,0,0,0,0,0,0,0,0,0,0,0,2026-09-28 20:45:34.114122+00,2026-09-28 20:45:34.114122+00
16410,16412,t,-2457273054275168457,"SELECT RES_ENT_ID,LIB_FEAT_ID,FTYPE_ID,UTYPE_CODE,SUPPRESSED,OBS_ENT_CNT FROM RES_FEAT_EKEY WHERE RES_ENT_ID IN ($1,$2,$3,$4,$5,$6,$7,$8,$9,$10,$11,$12,$13,$14,$15,$16,$17,$18,$19,$20,$21,$22,$23,$24,$25,$26,$27,$28,$29,$30,$31,$32,$33,$34,$35,$36,$37,$38,$39,$40,$41,$42,$43,$44,$45,$46,$47,$48,$49,$50,$51,$52,$53,$54,$55,$56,$57,$58,$59,$60,$61,$62,$63,$64) AND FTYPE_ID IN ($65,$66,$67,$68,$69,$70,$71,$72,$73,$74,$75,$76,$77,$78,$79,$80,$81,$82,$83)",0,0,0,0,0,0,13,834.884267,0.9511930000000001,322.010089,64.2218666923077,87.7387363126758,12422,2550,46,0,0,0,0,0,0,0,0,699.220656,0,0,0,0,0,0,0,0,0,0,0,0,0,0,0,0,0,0,2026-09-28 22:45:58.038262+00,2026-09-28 22:45:58.038262+00
10,16384,t,-77597846346830131,"DECLARE ""query-cursor_212"" SCROLL CURSOR FOR select queryid, left(query, $1), calls, (total_plan_time + total_exec_time) as total_time from aurora_stat_statements($2) order by calls desc limit $3 FOR READ ONLY",0,0,0,0,0,0,1,0.07742,0.07742,0.07742,0.07742,0,0,0,0,0,0,0,0,0,0,0,0,0,0,0,0,0,0,0,0,0,0,0,0,0,0,0,0,0,0,0,2026-09-29 00:47:53.679531+00,2026-09-29 00:47:53.679531+00
16410,16412,t,8316487887949943754,"INSERT INTO RES_REL_EKEY(RES_REL_ID,RES_ENT_ID,REL_ENT_ID) VALUES ($1,$2,$3),($4,$5,$6),($7,$8,$9),($10,$11,$12),($13,$14,$15),($16,$17,$18),($19,$20,$21),($22,$23,$24),($25,$26,$27),($28,$29,$30),($31,$32,$33),($34,$35,$36),($37,$38,$39),($40,$41,$42),($43,$44,$45),($46,$47,$48) ON CONFLICT DO NOTHING",0,0,0,0,0,0,19415,206187.12661099876,0.192386,640.573314,10.619991069327776,26.949345044068572,310640,2851543,557,0,2340,0,0,0,0,0,0,17334.609527000004,482.42787300000083,0,0,0,0,0,0,0,0,0,0,0,0,0,0,0,0,0,2026-09-28 20:45:18.131063+00,2026-09-28 20:45:18.131063+00
10,16384,t,-1285575348140865314,"MOVE ALL IN ""query-cursor_172""",0,0,0,0,0,0,1,47.771043,47.771043,47.771043,47.771043,0,0,0,0,0,0,0,0,0,0,0,0,0,0,0,0,0,0,0,0,0,0,0,0,0,0,0,0,0,0,0,2026-09-28 23:33:53.959875+00,2026-09-28 23:33:53.959875+00
10,16384,t,5008421449059004756,"MOVE ALL IN ""query-cursor_224""",0,0,0,0,0,0,1,5.52715,5.52715,5.52715,5.52715,0,0,0,0,0,0,0,0,0,0,0,0,0,0,0,0,0,0,0,0,0,0,0,0,0,0,0,0,0,0,0,2026-09-29 01:11:53.671469+00,2026-09-29 01:11:53.671469+00
16410,16412,t,5319561600726329403,DELETE FROM RES_FEAT_EKEY WHERE ((RES_ENT_ID=$1 AND LIB_FEAT_ID=$2 AND UTYPE_CODE=$3)OR(RES_ENT_ID=$4 AND LIB_FEAT_ID=$5 AND UTYPE_CODE=$6)OR(RES_ENT_ID=$7 AND LIB_FEAT_ID=$8 AND UTYPE_CODE=$9)OR(RES_ENT_ID=$10 AND LIB_FEAT_ID=$11 AND UTYPE_CODE=$12)OR(RES_ENT_ID=$13 AND LIB_FEAT_ID=$14 AND UTYPE_CODE=$15)OR(RES_ENT_ID=$16 AND LIB_FEAT_ID=$17 AND UTYPE_CODE=$18)OR(RES_ENT_ID=$19 AND LIB_FEAT_ID=$20 AND UTYPE_CODE=$21)OR(RES_ENT_ID=$22 AND LIB_FEAT_ID=$23 AND UTYPE_CODE=$24)OR(RES_ENT_ID=$25 AND LIB_FEAT_ID=$26 AND UTYPE_CODE=$27)OR(RES_ENT_ID=$28 AND LIB_FEAT_ID=$29 AND UTYPE_CODE=$30)OR(RES_ENT_ID=$31 AND LIB_FEAT_ID=$32 AND UTYPE_CODE=$33)OR(RES_ENT_ID=$34 AND LIB_FEAT_ID=$35 AND UTYPE_CODE=$36)OR(RES_ENT_ID=$37 AND LIB_FEAT_ID=$38 AND UTYPE_CODE=$39)OR(RES_ENT_ID=$40 AND LIB_FEAT_ID=$41 AND UTYPE_CODE=$42)OR(RES_ENT_ID=$43 AND LIB_FEAT_ID=$44 AND UTYPE_CODE=$45)OR(RES_ENT_ID=$46 AND LIB_FEAT_ID=$47 AND UTYPE_CODE=$48)),0,0,0,0,0,0,19409,276485.8032039987,0.029519999999999998,478.348019,14.24523691091755,31.683238717645914,291220,1553387,3508,0,0,0,0,0,0,0,0,123964.25732200015,0,0,0,0,0,0,0,0,0,0,0,0,0,0,0,0,0,0,2026-09-28 20:45:38.702684+00,2026-09-28 20:45:38.702684+00
10,16384,t,3937360500916796229,"MOVE ALL IN ""query-cursor_149""",0,0,0,0,0,0,1,12.139576,12.139576,12.139576,12.139576,0,0,0,0,0,0,0,0,0,0,0,0,0,0,0,0,0,0,0,0,0,0,0,0,0,0,0,0,0,0,0,2026-09-28 22:43:53.811726+00,2026-09-28 22:43:53.811726+00
10,16384,t,-4120444401153454250,"MOVE -1404 IN ""query-cursor_127""",0,0,0,0,0,0,1,0.194003,0.194003,0.194003,0.194003,0,0,0,0,0,0,0,0,0,0,0,0,0,0,0,0,0,0,0,0,0,0,0,0,0,0,0,0,0,0,0,2026-09-28 21:57:53.926039+00,2026-09-28 21:57:53.926039+00
10,16384,t,8094406903882714854,"DECLARE ""query-cursor_215"" SCROLL CURSOR FOR select queryid, left(query, $1), calls, (total_plan_time + total_exec_time) as total_time from aurora_stat_statements($2) order by calls desc limit $3 FOR READ ONLY",0,0,0,0,0,0,1,0.081677,0.081677,0.081677,0.081677,0,0,0,0,0,0,0,0,0,0,0,0,0,0,0,0,0,0,0,0,0,0,0,0,0,0,0,0,0,0,0,2026-09-29 00:53:53.710165+00,2026-09-29 00:53:53.710165+00
16410,16412,t,7258873038228990360,"SELECT C.DSRC_ID,D.RECORD_ID FROM RES_ENT_OKEY B JOIN OBS_ENT C ON C.OBS_ENT_ID=B.OBS_ENT_ID JOIN DSRC_RECORD D ON D.ENT_SRC_KEY=C.ENT_SRC_KEY AND D.DSRC_ID=C.DSRC_ID WHERE B.RES_ENT_ID=$1",0,0,0,0,0,0,6171384,12938155.15649759,0.006612000000000001,901.277197,2.0964754674960413,8.982391569167138,7696110,112437010,2291491,0,0,0,0,0,0,0,0,10971303.27379926,0,0,0,0,0,0,0,0,0,0,0,0,0,0,0,0,0,0,2026-09-28 20:44:58.439362+00,2026-09-28 20:44:58.439362+00
10,16384,t,6206496621779626452,"FETCH 50 IN ""query-cursor_61""",0,0,0,0,0,0,10,0.033231,0.002809,0.00514,0.0033231,0.0006286344645340406,500,0,0,0,0,0,0,0,0,0,0,0,0,0,0,0,0,0,0,0,0,0,0,0,0,0,0,0,0,0,2026-09-28 20:18:53.653749+00,2026-09-28 20:18:53.653749+00
10,16384,t,4008148651305307009,"FETCH 50 IN ""query-cursor_171""",0,0,0,0,0,0,33,0.7296090000000002,0.00907,0.07697,0.022109363636363642,0.014803933453172179,1650,0,0,0,0,0,0,0,0,0,0,0,0,0,0,0,0,0,0,0,0,0,0,0,0,0,0,0,0,0,2026-09-28 23:29:55.542961+00,2026-09-28 23:29:55.542961+00
10,16384,t,5159362588268813367,"FETCH 0 IN ""query-cursor_119""",0,0,0,0,0,0,1,0.00439,0.00439,0.00439,0.00439,0,0,0,0,0,0,0,0,0,0,0,0,0,0,0,0,0,0,0,0,0,0,0,0,0,0,0,0,0,0,0,2026-09-28 21:41:53.757371+00,2026-09-28 21:41:53.757371+00
10,16384,t,7372537859135498087,"FETCH 50 IN ""query-cursor_222""",0,0,0,0,0,0,40,0.14642400000000003,0.002645,0.006408,0.003660600000000001,0.0011014472706398618,2000,0,0,0,0,0,0,0,0,0,0,0,0,0,0,0,0,0,0,0,0,0,0,0,0,0,0,0,0,0,2026-09-29 01:07:53.67095+00,2026-09-29 01:07:53.67095+00
10,16384,t,3671299135174236490,"FETCH 50 IN ""query-cursor_157""",0,0,0,0,0,0,32,0.479831,0.009461,0.023844,0.01499471875,0.004360053420217283,1600,0,0,0,0,0,0,0,0,0,0,0,0,0,0,0,0,0,0,0,0,0,0,0,0,0,0,0,0,0,2026-09-28 22:59:54.794941+00,2026-09-28 22:59:54.794941+00
16410,16412,t,-9003389988047647378,"INSERT INTO RES_FEAT_STAT(LIB_FEAT_ID,FTYPE_ID,NUM_RES_ENT,NUM_RES_ENT_OOM) VALUES ($1,$2,$3,$4),($5,$6,$7,$8),($9,$10,$11,$12),($13,$14,$15,$16),($17,$18,$19,$20),($21,$22,$23,$24),($25,$26,$27,$28),($29,$30,$31,$32),($33,$34,$35,$36) ON CONFLICT DO NOTHING",0,0,0,0,0,0,692321,8430923.419779943,0.090108,2897.40185,12.177766411505564,49.82602026635983,6230875,62444204,3721,0,77940,0,0,0,0,0,0,17174.67086700003,7695.833590999984,0,0,0,0,0,0,0,0,0,0,0,0,0,0,0,0,0,2026-09-28 20:44:52.722679+00,2026-09-28 20:44:52.722679+00
16410,16412,t,246073450980332549,"UPDATE RES_FEAT_EKEY AS T SET SUPPRESSED = C.SUPPRESSED FROM (VALUES (CAST ($1 AS BIGINT),CAST ($2 AS BIGINT),$3,$4),(CAST ($5 AS BIGINT),CAST ($6 AS BIGINT),$7,$8),(CAST ($9 AS BIGINT),CAST ($10 AS BIGINT),$11,$12),(CAST ($13 AS BIGINT),CAST ($14 AS BIGINT),$15,$16),(CAST ($17 AS BIGINT),CAST ($18 AS BIGINT),$19,$20),(CAST ($21 AS BIGINT),CAST ($22 AS BIGINT),$23,$24),(CAST ($25 AS BIGINT),CAST ($26 AS BIGINT),$27,$28),(CAST ($29 AS BIGINT),CAST ($30 AS BIGINT),$31,$32),(CAST ($33 AS BIGINT),CAST ($34 AS BIGINT),$35,$36),(CAST ($37 AS BIGINT),CAST ($38 AS BIGINT),$39,$40),(CAST ($41 AS BIGINT),CAST ($42 AS BIGINT),$43,$44),(CAST ($45 AS BIGINT),CAST ($46 AS BIGINT),$47,$48),(CAST ($49 AS BIGINT),CAST ($50 AS BIGINT),$51,$52),(CAST ($53 AS BIGINT),CAST ($54 AS BIGINT),$55,$56),(CAST ($57 AS BIGINT),CAST ($58 AS BIGINT),$59,$60),(CAST ($61 AS BIGINT),CAST ($62 AS BIGINT),$63,$64),(CAST ($65 AS BIGINT),CAST ($66 AS BIGINT),$67,$68),(CAST ($69 AS BIGINT),CAST ($70 AS BIGINT),$71,$72),(CAST ($73 AS BIGINT),CAST ($74 AS BIGINT),$75,$76)) AS C(RES_ENT_ID,LIB_FEAT_ID,UTYPE_CODE,SUPPRESSED) WHERE C.RES_ENT_ID=T.RES_ENT_ID AND C.LIB_FEAT_ID=T.LIB_FEAT_ID AND C.UTYPE_CODE=T.UTYPE_CODE",0,0,0,0,0,0,157171,1828742.7122980203,0.141548,1383.1629679999999,11.635369834753359,34.083901806898666,2986249,27216596,5843,0,6378,0,0,0,0,0,0,144343.68376799976,200.26100200000016,0,0,0,0,0,0,0,0,0,0,0,0,0,0,0,0,0,2026-09-28 20:45:52.037953+00,2026-09-28 20:45:52.037953+00
10,16384,t,-614991006262165748,"FETCH 0 IN ""query-cursor_52""",0,0,0,0,0,0,1,0.004041,0.004041,0.004041,0.004041,0,0,0,0,0,0,0,0,0,0,0,0,0,0,0,0,0,0,0,0,0,0,0,0,0,0,0,0,0,0,0,2026-09-28 20:09:53.651693+00,2026-09-28 20:09:53.651693+00
10,16384,t,-4312561877505331130,"select queryid, calls, (total_plan_time + total_exec_time) as total_time, rows, shared_blks_hit, shared_blks_dirtied, shared_blks_read, shared_blks_written, local_blks_hit, local_blks_dirtied, local_blks_read, local_blks_written, temp_blks_read, temp_blks_written, storage_blks_read, orcache_blks_hit, shared_blk_read_time as blk_read_time, shared_blk_write_time as blk_write_time, storage_blk_read_time, local_blk_read_time, orcache_blk_read_time, total_plan_time, total_exec_time from aurora_stat_statements($1) where queryid in ($2, $3, $4, $5, $6, $7, $8, $9, $10, $11, $12, $13, $14, $15, $16, $17, $18, $19)",0,0,0,0,0,0,1,0.25593099999999996,0.25593099999999996,0.25593099999999996,0.25593099999999996,0,19,0,0,0,0,0,0,0,0,0,0,0,0,0,0,0,0,0,0,0,0,0,0,0,0,0,0,0,0,0,2026-09-28 19:27:03.649382+00,2026-09-28 19:27:03.649382+00
10,16384,t,-8476578875047615966,"FETCH 17 IN ""query-cursor_122""",0,0,0,0,0,0,1,0.005193,0.005193,0.005193,0.005193,0,17,0,0,0,0,0,0,0,0,0,0,0,0,0,0,0,0,0,0,0,0,0,0,0,0,0,0,0,0,0,2026-09-28 21:47:53.833496+00,2026-09-28 21:47:53.833496+00
16410,16412,t,770099689854714203,"INSERT INTO SYS_VARS(VAR_GROUP,VAR_CODE,VAR_VALUE,SYS_LSTUPD_DT) VALUES ($1,$2,$3,$4) ON CONFLICT DO NOTHING",0,0,0,0,0,0,2,0.268165,0.130577,0.13758800000000002,0.1340825,0.0035055000000000017,2,14,0,0,0,0,0,0,0,0,0,0,0,0,0,0,0,0,0,0,0,0,0,0,0,0,0,0,0,0,2026-09-28 19:21:52.176397+00,2026-09-28 19:21:52.176397+00
10,16384,t,-2165275637575225052,"FETCH 27 IN ""query-cursor_184""",0,0,0,0,0,0,1,0.011468,0.011468,0.011468,0.011468,0,27,0,0,0,0,0,0,0,0,0,0,0,0,0,0,0,0,0,0,0,0,0,0,0,0,0,0,0,0,0,2026-09-28 23:57:53.795514+00,2026-09-28 23:57:53.795514+00
10,16384,t,-6507285794628175001,"MOVE ALL IN ""query-cursor_156""",0,0,0,0,0,0,1,12.773658,12.773658,12.773658,12.773658,0,0,0,0,0,0,0,0,0,0,0,0,0,0,0,0,0,0,0,0,0,0,0,0,0,0,0,0,0,0,0,2026-09-28 22:57:53.829773+00,2026-09-28 22:57:53.829773+00
10,16384,t,8387033158120687519,"select queryid, calls, (total_plan_time + total_exec_time) as total_time, rows, shared_blks_hit, shared_blks_dirtied, shared_blks_read, shared_blks_written, local_blks_hit, local_blks_dirtied, local_blks_read, local_blks_written, temp_blks_read, temp_blks_written, storage_blks_read, orcache_blks_hit, shared_blk_read_time as blk_read_time, shared_blk_write_time as blk_write_time, storage_blk_read_time, local_blk_read_time, orcache_blk_read_time, total_plan_time, total_exec_time from aurora_stat_statements($1) where queryid in ($2, $3, $4, $5, $6, $7, $8, $9, $10, $11, $12, $13, $14, $15, $16, $17, $18, $19, $20, $21, $22, $23, $24, $25, $26, $27, $28, $29, $30, $31, $32, $33, $34, $35, $36, $37, $38, $39, $40, $41, $42, $43, $44, $45, $46, $47, $48, $49, $50, $51, $52, $53, $54, $55, $56, $57, $58, $59, $60, $61, $62, $63, $64)",0,0,0,0,0,0,17,116.86893700000002,1.796635,37.318505,6.8746433529411775,10.211369214896068,1088,0,0,0,0,0,0,0,0,0,0,0,0,0,0,0,0,0,0,0,0,0,0,0,0,0,0,0,0,0,2026-09-28 20:51:03.715761+00,2026-09-28 20:51:03.715761+00
10,16384,t,5002649959885886397,"FETCH 17 IN ""query-cursor_167""",0,0,0,0,0,0,1,0.006864,0.006864,0.006864,0.006864,0,17,0,0,0,0,0,0,0,0,0,0,0,0,0,0,0,0,0,0,0,0,0,0,0,0,0,0,0,0,0,2026-09-28 23:21:53.69071+00,2026-09-28 23:21:53.69071+00
16410,16412,t,-4821192363531739367,UPDATE RES_ENT SET LOCK_DSRC_ACTION=$1 WHERE RES_ENT_ID=$2,0,0,0,0,0,0,1149499,492624.9447900068,0.012967,394.634983,0.42855621865700344,3.3861242488176826,1149499,6937342,20,0,2,0,0,0,0,0,0,161.043854,0.01747,0,0,0,0,0,0,0,0,0,0,0,0,0,0,0,0,0,2026-09-28 20:45:28.918563+00,2026-09-28 20:45:28.918563+00
10,16384,t,-4185669664088946700,"FETCH 0 IN ""query-cursor_99""",0,0,0,0,0,0,1,0.009559,0.009559,0.009559,0.009559,0,0,0,0,0,0,0,0,0,0,0,0,0,0,0,0,0,0,0,0,0,0,0,0,0,0,0,0,0,0,0,2026-09-28 21:01:53.702517+00,2026-09-28 21:01:53.702517+00
10,16384,t,562396278729562554,"FETCH 27 IN ""query-cursor_71""",0,0,0,0,0,0,1,0.002327,0.002327,0.002327,0.002327,0,27,0,0,0,0,0,0,0,0,0,0,0,0,0,0,0,0,0,0,0,0,0,0,0,0,0,0,0,0,0,2026-09-28 20:28:53.65676+00,2026-09-28 20:28:53.65676+00
10,16384,t,6187958416947732051,"FETCH 4 IN ""query-cursor_120""",0,0,0,0,0,0,1,0.0057,0.0057,0.0057,0.0057,0,4,0,0,0,0,0,0,0,0,0,0,0,0,0,0,0,0,0,0,0,0,0,0,0,0,0,0,0,0,0,2026-09-28 21:43:53.801468+00,2026-09-28 21:43:53.801468+00
16410,16412,t,-3473788582042848741,"UPDATE RES_FEAT_STAT AS T SET FTYPE_ID=C.FTYPE_ID,NUM_RES_ENT=C.NUM_RES_ENT_NEW,NUM_RES_ENT_OOM=C.NUM_RES_ENT_OOM_NEW FROM (VALUES (CAST ($1 AS BIGINT),CAST ($2 AS INT),CAST ($3 AS BIGINT),CAST ($4 AS BIGINT),CAST ($5 AS BIGINT),CAST ($6 AS BIGINT))) AS C(LIB_FEAT_ID,FTYPE_ID,NUM_RES_ENT_OLD,NUM_RES_ENT_OOM_OLD,NUM_RES_ENT_NEW,NUM_RES_ENT_OOM_NEW) WHERE C.LIB_FEAT_ID=T.LIB_FEAT_ID AND C.NUM_RES_ENT_OLD=T.NUM_RES_ENT AND C.NUM_RES_ENT_OOM_OLD=T.NUM_RES_ENT_OOM",0,0,0,0,0,0,55484,76963.19307999943,0.011759,740.404213,1.3871240912695448,9.089806056816405,55105,451767,10,0,0,0,0,0,0,0,0,76.9755,0,0,0,0,0,0,0,0,0,0,0,0,0,0,0,0,0,0,2026-09-28 20:45:40.683637+00,2026-09-28 20:45:40.683637+00
16410,16412,t,9148237912685253318,SELECT EXISTS (SELECT $1 FROM sys_eval_queue LIMIT $2) AS sys_eval_queue_has_rows,0,0,0,0,0,0,1,0.009653,0.009653,0.009653,0.009653,0,1,1,0,0,0,0,0,0,0,0,0,0,0,0,0,0,0,0,0,0,0,0,0,0,0,0,0,0,0,0,2026-09-29 01:20:47.440153+00,2026-09-29 01:20:47.440153+00
16410,16412,t,6246663104433611448,DELETE FROM RES_FEAT_EKEY WHERE ((RES_ENT_ID=$1 AND LIB_FEAT_ID=$2 AND UTYPE_CODE=$3)OR(RES_ENT_ID=$4 AND LIB_FEAT_ID=$5 AND UTYPE_CODE=$6)OR(RES_ENT_ID=$7 AND LIB_FEAT_ID=$8 AND UTYPE_CODE=$9)OR(RES_ENT_ID=$10 AND LIB_FEAT_ID=$11 AND UTYPE_CODE=$12)OR(RES_ENT_ID=$13 AND LIB_FEAT_ID=$14 AND UTYPE_CODE=$15)OR(RES_ENT_ID=$16 AND LIB_FEAT_ID=$17 AND UTYPE_CODE=$18)),0,0,0,0,0,0,5277,6833.554401000006,0.014502,308.18356400000005,1.294969566230814,7.159296696316145,10088,138709,41,0,0,0,0,0,0,0,0,1011.516637,0,0,0,0,0,0,0,0,0,0,0,0,0,0,0,0,0,0,2026-09-28 20:46:52.548457+00,2026-09-28 20:46:52.548457+00
10,16384,t,7981114304069059130,"FETCH 50 IN ""query-cursor_35""",0,0,0,0,0,0,7,0.026528000000000003,0.002873,0.005789,0.003789714285714286,0.0009021834964265807,350,0,0,0,0,0,0,0,0,0,0,0,0,0,0,0,0,0,0,0,0,0,0,0,0,0,0,0,0,0,2026-09-28 19:52:53.651398+00,2026-09-28 19:52:53.651398+00
10,16384,t,1315577386611193864,"MOVE -196 IN ""query-cursor_12""",0,0,0,0,0,0,1,0.006741,0.006741,0.006741,0.006741,0,0,0,0,0,0,0,0,0,0,0,0,0,0,0,0,0,0,0,0,0,0,0,0,0,0,0,0,0,0,0,2026-09-28 19:29:53.649374+00,2026-09-28 19:29:53.649374+00
10,16384,t,-501888300244259806,"MOVE -1854 IN ""query-cursor_196""",0,0,0,0,0,0,1,0.042359,0.042359,0.042359,0.042359,0,0,0,0,0,0,0,0,0,0,0,0,0,0,0,0,0,0,0,0,0,0,0,0,0,0,0,0,0,0,0,2026-09-29 00:21:53.669341+00,2026-09-29 00:21:53.669341+00
10,16384,t,-8444748067206654428,"MOVE -506 IN ""query-cursor_59""",0,0,0,0,0,0,1,0.012709,0.012709,0.012709,0.012709,0,0,0,0,0,0,0,0,0,0,0,0,0,0,0,0,0,0,0,0,0,0,0,0,0,0,0,0,0,0,0,2026-09-28 20:16:53.653503+00,2026-09-28 20:16:53.653503+00
10,16384,t,821095623912519675,"FETCH 0 IN ""query-cursor_188""",0,0,0,0,0,0,1,0.006486,0.006486,0.006486,0.006486,0,0,0,0,0,0,0,0,0,0,0,0,0,0,0,0,0,0,0,0,0,0,0,0,0,0,0,0,0,0,0,2026-09-29 00:05:53.666751+00,2026-09-29 00:05:53.666751+00
16410,16412,t,6736897950508813581,"SELECT RES_ENT_ID,LIB_FEAT_ID,FTYPE_ID,UTYPE_CODE,SUPPRESSED,OBS_ENT_CNT FROM RES_FEAT_EKEY WHERE RES_ENT_ID IN ($1,$2,$3,$4,$5,$6,$7,$8,$9,$10,$11,$12,$13,$14,$15,$16) AND FTYPE_ID IN ($17,$18,$19,$20,$21,$22,$23,$24,$25,$26,$27,$28,$29,$30,$31,$32,$33)",0,0,0,0,0,0,245751,2325198.2210840215,0.10335799999999999,740.4423690000001,9.461602276629684,27.83390893313998,59561219,14396751,111165,0,0,0,0,0,0,0,0,1846863.3959669934,0,0,0,0,0,0,0,0,0,0,0,0,0,0,0,0,0,0,2026-09-28 20:44:58.862457+00,2026-09-28 20:44:58.862457+00
10,16384,t,3826647708333449123,"FETCH 0 IN ""query-cursor_135""",0,0,0,0,0,0,1,0.004878,0.004878,0.004878,0.004878,0,0,0,0,0,0,0,0,0,0,0,0,0,0,0,0,0,0,0,0,0,0,0,0,0,0,0,0,0,0,0,2026-09-28 22:15:53.690006+00,2026-09-28 22:15:53.690006+00
16410,16412,t,-6472986998365023088,"CREATE TABLE IF NOT EXISTS perf.snap_table (
  label         text        NOT NULL,
  captured_at   timestamptz NOT NULL DEFAULT now(),
  relid         oid,
  relname       text,
  n_tup_ins     numeric,
  n_tup_upd     numeric,
  n_tup_del     numeric,
  n_tup_hot_upd numeric,
  seq_scan      numeric,
  idx_scan      numeric,
  heap_blks_read numeric,
  heap_blks_hit  numeric,
  idx_blks_read  numeric,
  idx_blks_hit   numeric
)",0,0,0,0,0,0,1,5.445657,5.445657,5.445657,5.445657,0,0,304,1,0,2,0,0,0,0,0,0,1.487945,0.005903,0,0,0,0,0,0,0,0,0,0,0,0,0,0,0,0,0,2026-09-28 19:50:43.309361+00,2026-09-28 19:50:43.309361+00
10,16384,t,-5128086803737895572,"MOVE -132 IN ""query-cursor_4""",0,0,0,0,0,0,1,0.004714,0.004714,0.004714,0.004714,0,0,0,0,0,0,0,0,0,0,0,0,0,0,0,0,0,0,0,0,0,0,0,0,0,0,0,0,0,0,0,2026-09-28 19:21:53.648498+00,2026-09-28 19:21:53.648498+00
10,16384,t,6947002694259684491,"MOVE -486 IN ""query-cursor_56""",0,0,0,0,0,0,1,0.011793,0.011793,0.011793,0.011793,0,0,0,0,0,0,0,0,0,0,0,0,0,0,0,0,0,0,0,0,0,0,0,0,0,0,0,0,0,0,0,2026-09-28 20:13:53.653236+00,2026-09-28 20:13:53.653236+00
10,16384,t,-1185436404326125026,"FETCH 0 IN ""query-cursor_139""",0,0,0,0,0,0,1,0.005379,0.005379,0.005379,0.005379,0,0,0,0,0,0,0,0,0,0,0,0,0,0,0,0,0,0,0,0,0,0,0,0,0,0,0,0,0,0,0,2026-09-28 22:23:53.73297+00,2026-09-28 22:23:53.73297+00
16410,16412,t,-2426384856348657028,DELETE FROM RES_FEAT_EKEY WHERE ((RES_ENT_ID=$1 AND LIB_FEAT_ID=$2 AND UTYPE_CODE=$3)OR(RES_ENT_ID=$4 AND LIB_FEAT_ID=$5 AND UTYPE_CODE=$6)OR(RES_ENT_ID=$7 AND LIB_FEAT_ID=$8 AND UTYPE_CODE=$9)OR(RES_ENT_ID=$10 AND LIB_FEAT_ID=$11 AND UTYPE_CODE=$12)OR(RES_ENT_ID=$13 AND LIB_FEAT_ID=$14 AND UTYPE_CODE=$15)OR(RES_ENT_ID=$16 AND LIB_FEAT_ID=$17 AND UTYPE_CODE=$18)OR(RES_ENT_ID=$19 AND LIB_FEAT_ID=$20 AND UTYPE_CODE=$21)OR(RES_ENT_ID=$22 AND LIB_FEAT_ID=$23 AND UTYPE_CODE=$24)OR(RES_ENT_ID=$25 AND LIB_FEAT_ID=$26 AND UTYPE_CODE=$27)OR(RES_ENT_ID=$28 AND LIB_FEAT_ID=$29 AND UTYPE_CODE=$30)OR(RES_ENT_ID=$31 AND LIB_FEAT_ID=$32 AND UTYPE_CODE=$33)OR(RES_ENT_ID=$34 AND LIB_FEAT_ID=$35 AND UTYPE_CODE=$36)OR(RES_ENT_ID=$37 AND LIB_FEAT_ID=$38 AND UTYPE_CODE=$39)OR(RES_ENT_ID=$40 AND LIB_FEAT_ID=$41 AND UTYPE_CODE=$42)OR(RES_ENT_ID=$43 AND LIB_FEAT_ID=$44 AND UTYPE_CODE=$45)OR(RES_ENT_ID=$46 AND LIB_FEAT_ID=$47 AND UTYPE_CODE=$48)OR(RES_ENT_ID=$49 AND LIB_FEAT_ID=$50 AND UTYPE_CODE=$51)OR(RES_ENT_ID=$52 AND LIB_FEAT_ID=$53 AND UTYPE_CODE=$54)OR(RES_ENT_ID=$55 AND LIB_FEAT_ID=$56 AND UTYPE_CODE=$57)OR(RES_ENT_ID=$58 AND LIB_FEAT_ID=$59 AND UTYPE_CODE=$60)OR(RES_ENT_ID=$61 AND LIB_FEAT_ID=$62 AND UTYPE_CODE=$63)OR(RES_ENT_ID=$64 AND LIB_FEAT_ID=$65 AND UTYPE_CODE=$66)OR(RES_ENT_ID=$67 AND LIB_FEAT_ID=$68 AND UTYPE_CODE=$69)OR(RES_ENT_ID=$70 AND LIB_FEAT_ID=$71 AND UTYPE_CODE=$72)OR(RES_ENT_ID=$73 AND LIB_FEAT_ID=$74 AND UTYPE_CODE=$75)OR(RES_ENT_ID=$76 AND LIB_FEAT_ID=$77 AND UTYPE_CODE=$78)OR(RES_ENT_ID=$79 AND LIB_FEAT_ID=$80 AND UTYPE_CODE=$81)OR(RES_ENT_ID=$82 AND LIB_FEAT_ID=$83 AND UTYPE_CODE=$84)OR(RES_ENT_ID=$85 AND LIB_FEAT_ID=$86 AND UTYPE_CODE=$87)OR(RES_ENT_ID=$88 AND LIB_FEAT_ID=$89 AND UTYPE_CODE=$90)OR(RES_ENT_ID=$91 AND LIB_FEAT_ID=$92 AND UTYPE_CODE=$93)OR(RES_ENT_ID=$94 AND LIB_FEAT_ID=$95 AND UTYPE_CODE=$96)OR(RES_ENT_ID=$97 AND LIB_FEAT_ID=$98 AND UTYPE_CODE=$99)),0,0,0,0,0,0,78320,2408469.2076179977,0.074202,839.592537,30.75164973975993,55.03355157345902,1861425,12279144,34338,0,0,0,0,0,0,0,0,1462321.6170970006,0,0,0,0,0,0,0,0,0,0,0,0,0,0,0,0,0,0,2026-09-28 20:45:41.965683+00,2026-09-28 20:45:41.965683+00
16410,16412,t,4531855162862574741,"SELECT RES_ENT_ID,LIB_FEAT_ID,FTYPE_ID,UTYPE_CODE,SUPPRESSED,OBS_ENT_CNT FROM RES_FEAT_EKEY WHERE RES_ENT_ID IN ($1,$2,$3,$4) AND FTYPE_ID IN ($5,$6,$7,$8,$9,$10,$11,$12,$13,$14,$15,$16,$17)",0,0,0,0,0,0,244784,719462.4496040007,0.040537000000000004,651.795785,2.9391726975782757,15.248869329746816,15081710,4552248,31307,0,0,0,0,0,0,0,0,582757.8948360014,0,0,0,0,0,0,0,0,0,0,0,0,0,0,0,0,0,0,2026-09-28 20:44:54.428918+00,2026-09-28 20:44:54.428918+00
16410,16412,t,-1129766813256599945,"INSERT INTO RES_FEAT_STAT(LIB_FEAT_ID,FTYPE_ID,NUM_RES_ENT,NUM_RES_ENT_OOM) VALUES ($1,$2,$3,$4),($5,$6,$7,$8),($9,$10,$11,$12),($13,$14,$15,$16),($17,$18,$19,$20),($21,$22,$23,$24) ON CONFLICT DO NOTHING",0,0,0,0,0,0,350757,3089146.556490986,0.05895,1618.909451,8.807084552812876,37.434826297974105,2104539,21019368,1141,0,29949,0,0,0,0,0,0,4635.218912,2792.6831860000057,0,0,0,0,0,0,0,0,0,0,0,0,0,0,0,0,0,2026-09-28 20:44:52.555117+00,2026-09-28 20:44:52.555117+00
16410,16412,t,9188840440203581292,"UPDATE RES_FEAT_EKEY AS T SET SUPPRESSED = C.SUPPRESSED FROM (VALUES (CAST ($1 AS BIGINT),CAST ($2 AS BIGINT),$3,$4),(CAST ($5 AS BIGINT),CAST ($6 AS BIGINT),$7,$8),(CAST ($9 AS BIGINT),CAST ($10 AS BIGINT),$11,$12),(CAST ($13 AS BIGINT),CAST ($14 AS BIGINT),$15,$16),(CAST ($17 AS BIGINT),CAST ($18 AS BIGINT),$19,$20),(CAST ($21 AS BIGINT),CAST ($22 AS BIGINT),$23,$24),(CAST ($25 AS BIGINT),CAST ($26 AS BIGINT),$27,$28),(CAST ($29 AS BIGINT),CAST ($30 AS BIGINT),$31,$32),(CAST ($33 AS BIGINT),CAST ($34 AS BIGINT),$35,$36),(CAST ($37 AS BIGINT),CAST ($38 AS BIGINT),$39,$40),(CAST ($41 AS BIGINT),CAST ($42 AS BIGINT),$43,$44),(CAST ($45 AS BIGINT),CAST ($46 AS BIGINT),$47,$48),(CAST ($49 AS BIGINT),CAST ($50 AS BIGINT),$51,$52),(CAST ($53 AS BIGINT),CAST ($54 AS BIGINT),$55,$56),(CAST ($57 AS BIGINT),CAST ($58 AS BIGINT),$59,$60),(CAST ($61 AS BIGINT),CAST ($62 AS BIGINT),$63,$64),(CAST ($65 AS BIGINT),CAST ($66 AS BIGINT),$67,$68),(CAST ($69 AS BIGINT),CAST ($70 AS BIGINT),$71,$72),(CAST ($73 AS BIGINT),CAST ($74 AS BIGINT),$75,$76),(CAST ($77 AS BIGINT),CAST ($78 AS BIGINT),$79,$80),(CAST ($81 AS BIGINT),CAST ($82 AS BIGINT),$83,$84)) AS C(RES_ENT_ID,LIB_FEAT_ID,UTYPE_CODE,SUPPRESSED) WHERE C.RES_ENT_ID=T.RES_ENT_ID AND C.LIB_FEAT_ID=T.LIB_FEAT_ID AND C.UTYPE_CODE=T.UTYPE_CODE",0,0,0,0,0,0,102059,1285336.4938969857,0.143922,1334.245983,12.594053379878165,36.79290625984494,2143239,19752011,4080,0,5872,0,0,0,0,0,0,106600.1362059998,211.6374600000001,0,0,0,0,0,0,0,0,0,0,0,0,0,0,0,0,0,2026-09-28 20:45:29.071693+00,2026-09-28 20:45:29.071693+00
10,16384,t,6489775021009309554,"FETCH 50 IN ""query-cursor_67""",0,0,0,0,0,0,11,0.036046,0.002615,0.005932,0.003276909090909091,0.0008736930451766698,550,0,0,0,0,0,0,0,0,0,0,0,0,0,0,0,0,0,0,0,0,0,0,0,0,0,0,0,0,0,2026-09-28 20:24:53.654225+00,2026-09-28 20:24:53.654225+00
10,16384,t,2516959300084798559,"DECLARE ""query-cursor_128"" SCROLL CURSOR FOR select queryid, left(query, $1), calls, (total_plan_time + total_exec_time) as total_time from aurora_stat_statements($2) order by calls desc limit $3 FOR READ ONLY",0,0,0,0,0,0,1,0.081953,0.081953,0.081953,0.081953,0,0,0,0,0,0,0,0,0,0,0,0,0,0,0,0,0,0,0,0,0,0,0,0,0,0,0,0,0,0,0,2026-09-28 21:59:53.713342+00,2026-09-28 21:59:53.713342+00
10,16384,t,3945591324351174384,SET pg_stat_statements.track=$1,0,0,0,0,0,0,5,0.032286,0.005223,0.00708,0.006457200000000001,0.0007331759406854538,0,0,0,0,0,0,0,0,0,0,0,0,0,0,0,0,0,0,0,0,0,0,0,0,0,0,0,0,0,0,2026-09-28 19:16:35.479632+00,2026-09-28 19:16:35.479632+00
10,16384,t,-7197751574031767970,"FETCH 50 IN ""query-cursor_142""",0,0,0,0,0,0,30,0.512647,0.008967,0.095763,0.01708823333333333,0.014892030590628741,1500,0,0,0,0,0,0,0,0,0,0,0,0,0,0,0,0,0,0,0,0,0,0,0,0,0,0,0,0,0,2026-09-28 22:29:53.88472+00,2026-09-28 22:29:53.88472+00
10,16384,t,7189362540342505844,"FETCH 50 IN ""query-cursor_7""",0,0,0,0,0,0,3,0.011615,0.00315,0.004547,0.003871666666666667,0.0005712631228738258,150,0,0,0,0,0,0,0,0,0,0,0,0,0,0,0,0,0,0,0,0,0,0,0,0,0,0,0,0,0,2026-09-28 19:24:53.648771+00,2026-09-28 19:24:53.648771+00
16410,16412,t,-2387102161640129417,"UPDATE RES_FEAT_EKEY AS T SET SUPPRESSED=C.SUPPRESSED,OBS_ENT_CNT=C.OBS_ENT_CNT FROM (VALUES (CAST ($1 AS BIGINT),CAST ($2 AS BIGINT),$3,$4,CAST ($5 AS BIGINT)),(CAST ($6 AS BIGINT),CAST ($7 AS BIGINT),$8,$9,CAST ($10 AS BIGINT)),(CAST ($11 AS BIGINT),CAST ($12 AS BIGINT),$13,$14,CAST ($15 AS BIGINT)),(CAST ($16 AS BIGINT),CAST ($17 AS BIGINT),$18,$19,CAST ($20 AS BIGINT)),(CAST ($21 AS BIGINT),CAST ($22 AS BIGINT),$23,$24,CAST ($25 AS BIGINT)),(CAST ($26 AS BIGINT),CAST ($27 AS BIGINT),$28,$29,CAST ($30 AS BIGINT)),(CAST ($31 AS BIGINT),CAST ($32 AS BIGINT),$33,$34,CAST ($35 AS BIGINT)),(CAST ($36 AS BIGINT),CAST ($37 AS BIGINT),$38,$39,CAST ($40 AS BIGINT)),(CAST ($41 AS BIGINT),CAST ($42 AS BIGINT),$43,$44,CAST ($45 AS BIGINT)),(CAST ($46 AS BIGINT),CAST ($47 AS BIGINT),$48,$49,CAST ($50 AS BIGINT)),(CAST ($51 AS BIGINT),CAST ($52 AS BIGINT),$53,$54,CAST ($55 AS BIGINT)),(CAST ($56 AS BIGINT),CAST ($57 AS BIGINT),$58,$59,CAST ($60 AS BIGINT)),(CAST ($61 AS BIGINT),CAST ($62 AS BIGINT),$63,$64,CAST ($65 AS BIGINT)),(CAST ($66 AS BIGINT),CAST ($67 AS BIGINT),$68,$69,CAST ($70 AS BIGINT)),(CAST ($71 AS BIGINT),CAST ($72 AS BIGINT),$73,$74,CAST ($75 AS BIGINT)),(CAST ($76 AS BIGINT),CAST ($77 AS BIGINT),$78,$79,CAST ($80 AS BIGINT)),(CAST ($81 AS BIGINT),CAST ($82 AS BIGINT),$83,$84,CAST ($85 AS BIGINT))) AS C(RES_ENT_ID,LIB_FEAT_ID,UTYPE_CODE,SUPPRESSED,OBS_ENT_CNT) WHERE C.RES_ENT_ID=T.RES_ENT_ID AND C.LIB_FEAT_ID=T.LIB_FEAT_ID AND C.UTYPE_CODE=T.UTYPE_CODE",0,0,0,0,0,0,48366,926900.22632699,0.15931499999999998,917.281958,19.16429364278605,42.90204326953905,822222,11024988,13881,0,1743,0,0,0,0,0,0,301447.82013000007,133.70459299999996,0,0,0,0,0,0,0,0,0,0,0,0,0,0,0,0,0,2026-09-28 20:45:21.815847+00,2026-09-28 20:45:21.815847+00
10,16384,t,1703623848283785223,show rds.apg_compute_optimizer_reporting_enabled,0,0,0,0,0,0,7,0.037507,0.0049,0.005802,0.005358142857142857,0.00031812640280754005,0,0,0,0,0,0,0,0,0,0,0,0,0,0,0,0,0,0,0,0,0,0,0,0,0,0,0,0,0,0,2026-09-28 19:17:03.536825+00,2026-09-28 19:17:03.536825+00
16410,16412,t,3620118175299940109,"SELECT RES_ENT_ID,LIB_FEAT_ID,FTYPE_ID,UTYPE_CODE,SUPPRESSED,OBS_ENT_CNT FROM RES_FEAT_EKEY WHERE RES_ENT_ID IN ($1,$2,$3,$4,$5,$6,$7,$8,$9,$10,$11,$12,$13,$14,$15,$16,$17,$18,$19,$20,$21,$22,$23,$24,$25,$26,$27,$28,$29,$30,$31,$32) AND FTYPE_ID IN ($33,$34,$35,$36,$37,$38,$39,$40,$41,$42,$43,$44,$45,$46)",0,0,0,0,0,0,4809,90071.49396800011,0.24292699999999998,1002.2182120000001,18.729776246205056,43.659354240483395,1828203,502194,4428,0,0,0,0,0,0,0,0,73267.62745700002,0,0,0,0,0,0,0,0,0,0,0,0,0,0,0,0,0,0,2026-09-28 20:45:57.773703+00,2026-09-28 20:45:57.773703+00
16410,16412,t,2904533732093561663,"SELECT RES_ENT_ID,LIB_FEAT_ID,FTYPE_ID,UTYPE_CODE,SUPPRESSED,OBS_ENT_CNT FROM RES_FEAT_EKEY WHERE RES_ENT_ID IN ($1) AND FTYPE_ID IN ($2,$3,$4,$5,$6)",0,0,0,0,0,0,25,218.106102,0.028645,169.653357,8.72424408,33.254863056777545,122,139,4,0,0,0,0,0,0,0,0,207.075107,0,0,0,0,0,0,0,0,0,0,0,0,0,0,0,0,0,0,2026-09-28 20:49:07.813627+00,2026-09-28 20:49:07.813627+00
16410,16412,t,786475997275524033,"SELECT OBS_ENT_ID,RES_ENT_ID FROM RES_ENT_OKEY WHERE RES_ENT_ID IN ($1,$2,$3,$4,$5,$6,$7,$8,$9,$10,$11,$12,$13,$14,$15,$16)",0,0,0,0,0,0,48,5.614706,0.07121899999999999,0.5518730000000001,0.11697304166666667,0.07031612514446169,554,2498,0,0,0,0,0,0,0,0,0,0,0,0,0,0,0,0,0,0,0,0,0,0,0,0,0,0,0,0,2026-09-28 22:11:55.29383+00,2026-09-28 22:11:55.29383+00
16410,16412,t,6485286189613751740,"UPDATE RES_FEAT_EKEY AS T SET SUPPRESSED = C.SUPPRESSED FROM (VALUES (CAST ($1 AS BIGINT),CAST ($2 AS BIGINT),$3,$4),(CAST ($5 AS BIGINT),CAST ($6 AS BIGINT),$7,$8)) AS C(RES_ENT_ID,LIB_FEAT_ID,UTYPE_CODE,SUPPRESSED) WHERE C.RES_ENT_ID=T.RES_ENT_ID AND C.LIB_FEAT_ID=T.LIB_FEAT_ID AND C.UTYPE_CODE=T.UTYPE_CODE",0,0,0,0,0,0,53489,148131.8173400011,0.032012,526.0258230000001,2.769388422666363,10.478097998651316,106978,1003741,208,0,40,0,0,0,0,0,0,4544.128241,15.9109,0,0,0,0,0,0,0,0,0,0,0,0,0,0,0,0,0,2026-09-28 20:45:08.372865+00,2026-09-28 20:45:08.372865+00
16410,16412,t,4655777236656378292,"SELECT RES_ENT_ID,LIB_FEAT_ID,FTYPE_ID,UTYPE_CODE,SUPPRESSED,OBS_ENT_CNT FROM RES_FEAT_EKEY WHERE RES_ENT_ID IN ($1) AND FTYPE_ID IN ($2,$3,$4,$5,$6,$7,$8,$9,$10,$11,$12,$13,$14,$15,$16,$17,$18,$19,$20,$21,$22,$23,$24,$25,$26,$27,$28,$29,$30,$31,$32,$33,$34,$35,$36,$37,$38,$39,$40,$41,$42,$43,$44,$45,$46,$47,$48,$49,$50,$51,$52,$53,$54,$55,$56,$57,$58,$59,$60,$61,$62,$63,$64,$65,$66,$67,$68)",0,0,0,0,0,0,1,0.07754899999999999,0.07754899999999999,0.07754899999999999,0.07754899999999999,0,39,12,0,0,0,0,0,0,0,0,0,0,0,0,0,0,0,0,0,0,0,0,0,0,0,0,0,0,0,0,2026-09-28 23:45:34.348841+00,2026-09-28 23:45:34.348841+00
10,16384,t,-4121333032114548074,"DECLARE ""query-cursor_120"" SCROLL CURSOR FOR select queryid, left(query, $1), calls, (total_plan_time + total_exec_time) as total_time from aurora_stat_statements($2) order by calls desc limit $3 FOR READ ONLY",0,0,0,0,0,0,1,0.083301,0.083301,0.083301,0.083301,0,0,0,0,0,0,0,0,0,0,0,0,0,0,0,0,0,0,0,0,0,0,0,0,0,0,0,0,0,0,0,2026-09-28 21:43:53.738193+00,2026-09-28 21:43:53.738193+00
10,16384,t,6742507675156720525,"DECLARE ""query-cursor_205"" SCROLL CURSOR FOR select queryid, left(query, $1), calls, (total_plan_time + total_exec_time) as total_time from aurora_stat_statements($2) order by calls desc limit $3 FOR READ ONLY",0,0,0,0,0,0,1,0.084968,0.084968,0.084968,0.084968,0,0,0,0,0,0,0,0,0,0,0,0,0,0,0,0,0,0,0,0,0,0,0,0,0,0,0,0,0,0,0,2026-09-29 00:33:53.707537+00,2026-09-29 00:33:53.707537+00
16410,16412,t,6881506055043139633,UPDATE RES_ENT SET ENT_STATE=$1 WHERE RES_ENT_ID=$2,0,0,0,0,0,0,6134063,2860250.599416013,0.009840000000000002,981.272464,0.46628973315337857,3.9406444326726904,6134063,37107551,134,0,820,0,0,0,0,0,0,609.7837650000002,9.846002,0,0,0,0,0,0,0,0,0,0,0,0,0,0,0,0,0,2026-09-28 20:44:58.543688+00,2026-09-28 20:44:58.543688+00
10,16384,t,44221038605335510,"FETCH 0 IN ""query-cursor_31""",0,0,0,0,0,0,1,0.003455,0.003455,0.003455,0.003455,0,0,0,0,0,0,0,0,0,0,0,0,0,0,0,0,0,0,0,0,0,0,0,0,0,0,0,0,0,0,0,2026-09-28 19:48:53.650156+00,2026-09-28 19:48:53.650156+00
16410,16412,t,4066922531952549414,"SELECT RES_ENT_ID,LIB_FEAT_ID,FTYPE_ID,UTYPE_CODE,SUPPRESSED,OBS_ENT_CNT FROM RES_FEAT_EKEY WHERE RES_ENT_ID IN ($1,$2,$3,$4) AND FTYPE_ID IN ($5,$6,$7,$8,$9,$10)",0,0,0,0,0,0,58,116.13937900000002,0.06904199999999999,60.790706,2.002403086206897,8.7154467592061,1354,1078,3,0,0,0,0,0,0,0,0,83.384533,0,0,0,0,0,0,0,0,0,0,0,0,0,0,0,0,0,0,2026-09-28 20:51:08.015762+00,2026-09-28 20:51:08.015762+00
10,16384,t,-8068339863505022159,select pg_postmaster_start_time(),0,0,0,0,0,0,367,0.9532830000000001,0.000987,0.12007699999999999,0.0025975013623978204,0.006225584028882699,367,0,0,0,0,0,0,0,0,0,0,0,0,0,0,0,0,0,0,0,0,0,0,0,0,0,0,0,0,0,2026-09-28 19:17:03.533978+00,2026-09-28 19:17:03.533978+00
10,16384,t,4156785800019612342,"FETCH 45 IN ""query-cursor_12""",0,0,0,0,0,0,1,0.003252,0.003252,0.003252,0.003252,0,45,0,0,0,0,0,0,0,0,0,0,0,0,0,0,0,0,0,0,0,0,0,0,0,0,0,0,0,0,0,2026-09-28 19:29:53.650067+00,2026-09-28 19:29:53.650067+00
10,16384,t,-132421109384213628,"DECLARE ""query-cursor_121"" SCROLL CURSOR FOR select queryid, left(query, $1), calls, (total_plan_time + total_exec_time) as total_time from aurora_stat_statements($2) order by calls desc limit $3 FOR READ ONLY",0,0,0,0,0,0,1,0.074514,0.074514,0.074514,0.074514,0,0,0,0,0,0,0,0,0,0,0,0,0,0,0,0,0,0,0,0,0,0,0,0,0,0,0,0,0,0,0,2026-09-28 21:45:53.734138+00,2026-09-28 21:45:53.734138+00
10,16384,t,3778302076347927987,select extract($1 from current_timestamp - pg_postmaster_start_time())/$2::integer engine_uptime,0,0,0,0,0,0,235,1.4831609999999993,0.004246,0.022454,0.0063113234042553165,0.0017908546175966196,235,0,0,0,0,0,0,0,0,0,0,0,0,0,0,0,0,0,0,0,0,0,0,0,0,0,0,0,0,0,2026-09-28 19:18:53.207153+00,2026-09-28 19:18:53.207153+00
10,16384,t,-167816874427777620,"FETCH 37 IN ""query-cursor_210""",0,0,0,0,0,0,1,0.010319,0.010319,0.010319,0.010319,0,37,0,0,0,0,0,0,0,0,0,0,0,0,0,0,0,0,0,0,0,0,0,0,0,0,0,0,0,0,0,2026-09-29 00:43:54.157077+00,2026-09-29 00:43:54.157077+00
10,16384,t,7399806141608867259,"DECLARE ""query-cursor_151"" SCROLL CURSOR FOR select queryid, left(query, $1), calls, (total_plan_time + total_exec_time) as total_time from aurora_stat_statements($2) order by calls desc limit $3 FOR READ ONLY",0,0,0,0,0,0,1,0.078143,0.078143,0.078143,0.078143,0,0,0,0,0,0,0,0,0,0,0,0,0,0,0,0,0,0,0,0,0,0,0,0,0,0,0,0,0,0,0,2026-09-28 22:47:53.785397+00,2026-09-28 22:47:53.785397+00
10,16384,t,8450378700115730629,"FETCH 0 IN ""query-cursor_22""",0,0,0,0,0,0,1,0.004383,0.004383,0.004383,0.004383,0,0,0,0,0,0,0,0,0,0,0,0,0,0,0,0,0,0,0,0,0,0,0,0,0,0,0,0,0,0,0,2026-09-28 19:39:53.649479+00,2026-09-28 19:39:53.649479+00
10,16384,t,6385428582160822082,"FETCH 1 IN ""query-cursor_229""",0,0,0,0,0,0,1,0.001832,0.001832,0.001832,0.001832,0,1,0,0,0,0,0,0,0,0,0,0,0,0,0,0,0,0,0,0,0,0,0,0,0,0,0,0,0,0,0,2026-09-29 01:18:53.685028+00,2026-09-29 01:18:53.685028+00
10,16384,t,5151969414734816341,"MOVE -1552 IN ""query-cursor_149""",0,0,0,0,0,0,1,0.194545,0.194545,0.194545,0.194545,0,0,0,0,0,0,0,0,0,0,0,0,0,0,0,0,0,0,0,0,0,0,0,0,0,0,0,0,0,0,0,2026-09-28 22:43:53.814392+00,2026-09-28 22:43:53.814392+00
10,16384,t,-4227356311383499504,"MOVE ALL IN ""query-cursor_57""",0,0,0,0,0,0,1,1.121294,1.121294,1.121294,1.121294,0,0,0,0,0,0,0,0,0,0,0,0,0,0,0,0,0,0,0,0,0,0,0,0,0,0,0,0,0,0,0,2026-09-28 20:14:53.653318+00,2026-09-28 20:14:53.653318+00
10,16384,t,7021213894311986600,"FETCH 0 IN ""query-cursor_100""",0,0,0,0,0,0,1,0.00638,0.00638,0.00638,0.00638,0,0,0,0,0,0,0,0,0,0,0,0,0,0,0,0,0,0,0,0,0,0,0,0,0,0,0,0,0,0,0,2026-09-28 21:03:53.738438+00,2026-09-28 21:03:53.738438+00
10,16384,t,-1652544264267413247,"FETCH 9 IN ""query-cursor_28""",0,0,0,0,0,0,1,0.001796,0.001796,0.001796,0.001796,0,9,0,0,0,0,0,0,0,0,0,0,0,0,0,0,0,0,0,0,0,0,0,0,0,0,0,0,0,0,0,2026-09-28 19:45:53.651933+00,2026-09-28 19:45:53.651933+00
10,16384,t,4446024370956673656,"FETCH 50 IN ""query-cursor_2""",0,0,0,0,0,0,1,0.004746,0.004746,0.004746,0.004746,0,50,0,0,0,0,0,0,0,0,0,0,0,0,0,0,0,0,0,0,0,0,0,0,0,0,0,0,0,0,0,2026-09-28 19:19:53.648208+00,2026-09-28 19:19:53.648208+00
10,16384,t,-3659155198652114713,"DECLARE ""query-cursor_21"" SCROLL CURSOR FOR select queryid, left(query, $1), calls, (total_plan_time + total_exec_time) as total_time from aurora_stat_statements($2) order by calls desc limit $3 FOR READ ONLY",0,0,0,0,0,0,1,0.066444,0.066444,0.066444,0.066444,0,0,0,0,0,0,0,0,0,0,0,0,0,0,0,0,0,0,0,0,0,0,0,0,0,0,0,0,0,0,0,2026-09-28 19:38:53.649398+00,2026-09-28 19:38:53.649398+00
10,16384,t,5533001023511030984,"FETCH 0 IN ""query-cursor_213""",0,0,0,0,0,0,1,0.011106,0.011106,0.011106,0.011106,0,0,0,0,0,0,0,0,0,0,0,0,0,0,0,0,0,0,0,0,0,0,0,0,0,0,0,0,0,0,0,2026-09-29 00:49:53.687137+00,2026-09-29 00:49:53.687137+00
10,16384,t,289912002779787825,"FETCH 50 IN ""query-cursor_8""",0,0,0,0,0,0,3,0.011667,0.002888,0.004502,0.003889,0.0007137492556913808,150,0,0,0,0,0,0,0,0,0,0,0,0,0,0,0,0,0,0,0,0,0,0,0,0,0,0,0,0,0,2026-09-28 19:25:53.648881+00,2026-09-28 19:25:53.648881+00
10,16384,t,-730500834123242485,"MOVE -256 IN ""query-cursor_22""",0,0,0,0,0,0,1,0.00815,0.00815,0.00815,0.00815,0,0,0,0,0,0,0,0,0,0,0,0,0,0,0,0,0,0,0,0,0,0,0,0,0,0,0,0,0,0,0,2026-09-28 19:39:53.650103+00,2026-09-28 19:39:53.650103+00
10,16384,t,-3081014370751209812,"MOVE -1558 IN ""query-cursor_150""",0,0,0,0,0,0,1,0.217332,0.217332,0.217332,0.217332,0,0,0,0,0,0,0,0,0,0,0,0,0,0,0,0,0,0,0,0,0,0,0,0,0,0,0,0,0,0,0,2026-09-28 22:45:53.736459+00,2026-09-28 22:45:53.736459+00
16410,16412,t,8905256625330526101,"SELECT RES_ENT_ID,LIB_FEAT_ID,FTYPE_ID,UTYPE_CODE,SUPPRESSED,OBS_ENT_CNT FROM RES_FEAT_EKEY WHERE RES_ENT_ID IN ($1) AND FTYPE_ID IN ($2,$3,$4,$5,$6,$7,$8,$9,$10,$11,$12,$13,$14,$15,$16,$17,$18,$19,$20,$21,$22,$23,$24,$25,$26,$27,$28,$29,$30,$31,$32,$33,$34,$35,$36,$37,$38,$39,$40,$41,$42,$43,$44,$45,$46,$47,$48,$49,$50,$51,$52,$53)",0,0,0,0,0,0,273485,30553.23936500022,0.006226,100.491401,0.11171815406695146,1.5035749889136674,102663,1385080,0,0,0,0,0,0,0,0,0,0,0,0,0,0,0,0,0,0,0,0,0,0,0,0,0,0,0,0,2026-09-28 20:44:57.296109+00,2026-09-28 20:44:57.296109+00
16410,16412,t,-1048620646479387670,SELECT COUNT(DISTINCT(RES_ENT_ID)) FROM RES_FEAT_EKEY WHERE LIB_FEAT_ID=$1,0,0,0,0,0,0,7,0.254461,0.013641,0.06918300000000001,0.03635157142857143,0.021160136185472793,7,31,0,0,0,0,0,0,0,0,0,0,0,0,0,0,0,0,0,0,0,0,0,0,0,0,0,0,0,0,2026-09-28 21:39:44.45521+00,2026-09-28 21:39:44.45521+00
10,16384,t,-2305038764434628613,"DECLARE ""query-cursor_231"" SCROLL CURSOR FOR select queryid, left(query, $1), calls, (total_plan_time + total_exec_time) as total_time from aurora_stat_statements($2) order by calls desc limit $3 FOR READ ONLY",0,0,0,0,0,0,1,0.065731,0.065731,0.065731,0.065731,0,0,0,0,0,0,0,0,0,0,0,0,0,0,0,0,0,0,0,0,0,0,0,0,0,0,0,0,0,0,0,2026-09-29 01:20:53.666363+00,2026-09-29 01:20:53.666363+00
10,16384,t,5503068758878623602,"FETCH 0 IN ""query-cursor_140""",0,0,0,0,0,0,1,0.010105,0.010105,0.010105,0.010105,0,0,0,0,0,0,0,0,0,0,0,0,0,0,0,0,0,0,0,0,0,0,0,0,0,0,0,0,0,0,0,2026-09-28 22:25:54.010915+00,2026-09-28 22:25:54.010915+00
10,16384,t,-5387784415775038322,"DECLARE ""query-cursor_119"" SCROLL CURSOR FOR select queryid, left(query, $1), calls, (total_plan_time + total_exec_time) as total_time from aurora_stat_statements($2) order by calls desc limit $3 FOR READ ONLY",0,0,0,0,0,0,1,0.066304,0.066304,0.066304,0.066304,0,0,0,0,0,0,0,0,0,0,0,0,0,0,0,0,0,0,0,0,0,0,0,0,0,0,0,0,0,0,0,2026-09-28 21:41:53.757314+00,2026-09-28 21:41:53.757314+00
16410,16412,t,-9006257594103303016,"SELECT OBS_ENT_ID,RES_ENT_ID FROM RES_ENT_OKEY WHERE RES_ENT_ID IN ($1,$2)",0,0,0,0,0,0,2986368,295939.58150201314,0.008383,1181.8208180000001,0.09909682313164792,1.3362931943445007,7658794,34483729,0,0,0,0,0,0,0,0,0,0,0,0,0,0,0,0,0,0,0,0,0,0,0,0,0,0,0,0,2026-09-28 20:45:28.916435+00,2026-09-28 20:45:28.916435+00
10,16384,t,-8089588622244042518,"FETCH 50 IN ""query-cursor_112""",0,0,0,0,0,0,25,0.8202449999999999,0.010266,0.109216,0.03280979999999999,0.026670377285670333,1250,0,0,0,0,0,0,0,0,0,0,0,0,0,0,0,0,0,0,0,0,0,0,0,0,0,0,0,0,0,2026-09-28 21:27:53.783377+00,2026-09-28 21:27:53.783377+00
10,16384,t,-1809599985601987750,"DECLARE ""query-cursor_127"" SCROLL CURSOR FOR select queryid, left(query, $1), calls, (total_plan_time + total_exec_time) as total_time from aurora_stat_statements($2) order by calls desc limit $3 FOR READ ONLY",0,0,0,0,0,0,1,0.07807,0.07807,0.07807,0.07807,0,0,0,0,0,0,0,0,0,0,0,0,0,0,0,0,0,0,0,0,0,0,0,0,0,0,0,0,0,0,0,2026-09-28 21:57:53.907657+00,2026-09-28 21:57:53.907657+00
10,16384,t,7125732605909534218,"FETCH 50 IN ""query-cursor_64""",0,0,0,0,0,0,10,0.032191000000000004,0.002753,0.005345,0.0032191000000000003,0.0007344354907001705,500,0,0,0,0,0,0,0,0,0,0,0,0,0,0,0,0,0,0,0,0,0,0,0,0,0,0,0,0,0,2026-09-28 20:21:53.654044+00,2026-09-28 20:21:53.654044+00
10,16384,t,-7066107670388453486,"DECLARE ""query-cursor_218"" SCROLL CURSOR FOR select queryid, left(query, $1), calls, (total_plan_time + total_exec_time) as total_time from aurora_stat_statements($2) order by calls desc limit $3 FOR READ ONLY",0,0,0,0,0,0,1,0.081309,0.081309,0.081309,0.081309,0,0,0,0,0,0,0,0,0,0,0,0,0,0,0,0,0,0,0,0,0,0,0,0,0,0,0,0,0,0,0,2026-09-29 00:59:53.669198+00,2026-09-29 00:59:53.669198+00
10,16384,t,1553349057170439547,"MOVE ALL IN ""query-cursor_8""",0,0,0,0,0,0,1,0.369058,0.369058,0.369058,0.369058,0,0,0,0,0,0,0,0,0,0,0,0,0,0,0,0,0,0,0,0,0,0,0,0,0,0,0,0,0,0,0,2026-09-28 19:25:53.648803+00,2026-09-28 19:25:53.648803+00
16410,16412,t,4309458531024924658,"SELECT OBS_ENT_ID,DSRC_ID,ENT_SRC_KEY,LOCKING_ID,FEATURES FROM OBS_ENT WHERE OBS_ENT_ID IN ($1,$2,$3,$4,$5,$6,$7,$8,$9,$10,$11,$12,$13,$14,$15,$16)",0,0,0,0,0,0,18092,6918.920256999975,0.038974,80.973035,0.3824298174331182,2.7448535479826646,173406,856200,2,0,0,0,0,0,0,0,0,3.699068,0,0,0,0,0,0,0,0,0,0,0,0,0,0,0,0,0,0,2026-09-28 21:23:24.506803+00,2026-09-28 21:23:24.506803+00
16410,16412,t,2886128047129609024,"CREATE TABLE RES_RELATE (RES_REL_ID BIGINT NOT NULL, MIN_RES_ENT_ID BIGINT NOT NULL, MAX_RES_ENT_ID BIGINT NOT NULL, LAST_ERRULE_ID SMALLINT, IS_DISCLOSED SMALLINT, IS_AMBIGUOUS SMALLINT, MATCH_KEY TEXT, MATCH_KEY_DETAILS TEXT, MATCH_LEVELS VARCHAR(50), PRIMARY KEY(RES_REL_ID))",0,0,0,0,0,0,1,5.990352,5.990352,5.990352,5.990352,0,0,373,0,0,0,0,0,0,0,0,0,0,0,0,0,0,0,0,0,0,0,0,0,0,0,0,0,0,0,0,2026-09-28 19:20:35.900836+00,2026-09-28 19:20:35.900836+00
16410,16412,t,1530387077681338150,"SELECT RES_ENT_ID,LIB_FEAT_ID,FTYPE_ID,UTYPE_CODE,SUPPRESSED,OBS_ENT_CNT FROM RES_FEAT_EKEY WHERE RES_ENT_ID IN ($1,$2,$3,$4,$5,$6,$7,$8,$9,$10,$11,$12,$13,$14,$15,$16) AND FTYPE_ID IN ($17,$18,$19,$20,$21,$22,$23,$24)",0,0,0,0,0,0,1152,5388.475515000001,0.09058100000000001,294.577996,4.6774961067708345,18.23761373487624,137361,59865,275,0,0,0,0,0,0,0,0,3840.6749050000003,0,0,0,0,0,0,0,0,0,0,0,0,0,0,0,0,0,0,2026-09-28 20:45:34.094892+00,2026-09-28 20:45:34.094892+00
10,16384,t,-7229324295651037260,"FETCH 11 IN ""query-cursor_214""",0,0,0,0,0,0,1,0.005801,0.005801,0.005801,0.005801,0,11,0,0,0,0,0,0,0,0,0,0,0,0,0,0,0,0,0,0,0,0,0,0,0,0,0,0,0,0,0,2026-09-29 00:51:53.780241+00,2026-09-29 00:51:53.780241+00
10,16384,t,3289899233418732763,"DECLARE ""query-cursor_187"" SCROLL CURSOR FOR select queryid, left(query, $1), calls, (total_plan_time + total_exec_time) as total_time from aurora_stat_statements($2) order by calls desc limit $3 FOR READ ONLY",0,0,0,0,0,0,1,0.083383,0.083383,0.083383,0.083383,0,0,0,0,0,0,0,0,0,0,0,0,0,0,0,0,0,0,0,0,0,0,0,0,0,0,0,0,0,0,0,2026-09-29 00:03:53.777285+00,2026-09-29 00:03:53.777285+00
10,16384,t,-165746631567851030,"MOVE ALL IN ""query-cursor_203""",0,0,0,0,0,0,1,7.370934,7.370934,7.370934,7.370934,0,0,0,0,0,0,0,0,0,0,0,0,0,0,0,0,0,0,0,0,0,0,0,0,0,0,0,0,0,0,0,2026-09-29 00:30:53.671989+00,2026-09-29 00:30:53.671989+00
10,16412,t,1623369012368112450,SET application_name = $1,0,0,0,0,0,0,3,0.049495,0.014874,0.018544,0.016498333333333334,0.0015276051700474041,0,0,0,0,0,0,0,0,0,0,0,0,0,0,0,0,0,0,0,0,0,0,0,0,0,0,0,0,0,0,2026-09-28 19:45:00.112903+00,2026-09-28 19:45:00.112903+00
16410,16412,t,-2884953225901982212,"INSERT INTO RES_FEAT_STAT(LIB_FEAT_ID,FTYPE_ID,NUM_RES_ENT,NUM_RES_ENT_OOM) VALUES ($1,$2,$3,$4),($5,$6,$7,$8),($9,$10,$11,$12),($13,$14,$15,$16),($17,$18,$19,$20),($21,$22,$23,$24),($25,$26,$27,$28),($29,$30,$31,$32),($33,$34,$35,$36),($37,$38,$39,$40) ON CONFLICT DO NOTHING",0,0,0,0,0,0,899157,11886644.484044092,0.097395,2733.947803,13.219765273521856,53.91266483360406,8991553,90049029,5129,0,106348,0,0,0,0,0,0,26369.888482000002,11032.710085999988,0,0,0,0,0,0,0,0,0,0,0,0,0,0,0,0,0,2026-09-28 20:44:52.53871+00,2026-09-28 20:44:52.53871+00
10,16384,t,-3922980761127285359,"FETCH 27 IN ""query-cursor_31""",0,0,0,0,0,0,1,0.002711,0.002711,0.002711,0.002711,0,27,0,0,0,0,0,0,0,0,0,0,0,0,0,0,0,0,0,0,0,0,0,0,0,0,0,0,0,0,0,2026-09-28 19:48:53.652131+00,2026-09-28 19:48:53.652131+00
10,16384,t,2761037230203928035,"MOVE ALL IN ""query-cursor_6""",0,0,0,0,0,0,1,0.322472,0.322472,0.322472,0.322472,0,0,0,0,0,0,0,0,0,0,0,0,0,0,0,0,0,0,0,0,0,0,0,0,0,0,0,0,0,0,0,2026-09-28 19:23:53.648648+00,2026-09-28 19:23:53.648648+00
10,16384,t,-2206830161419907928,"FETCH 50 IN ""query-cursor_103""",0,0,0,0,0,0,24,0.381139,0.011697,0.025842,0.015880791666666668,0.004191561562424823,1200,0,0,0,0,0,0,0,0,0,0,0,0,0,0,0,0,0,0,0,0,0,0,0,0,0,0,0,0,0,2026-09-28 21:09:53.950974+00,2026-09-28 21:09:53.950974+00
16410,16412,t,9066311381532448598,"SELECT LIB_FEAT_ID,NUM_RES_ENT,NUM_RES_ENT_OOM,CANDIDATE_CAP_REACHED,SCORING_CAP_REACHED FROM RES_FEAT_STAT WHERE LIB_FEAT_ID IN ($1)",0,0,0,0,0,0,28197386,10546407.519093823,0.004521000000000001,944.869911,0.37402075210424907,5.07020310140151,28197369,142097865,301545,0,0,0,0,0,0,0,0,6354371.428542965,0,0,0,0,0,0,0,0,0,0,0,0,0,0,0,0,0,0,2026-09-28 20:44:52.695693+00,2026-09-28 20:44:52.695693+00
16410,16412,t,-3303457294138707934,"CREATE TABLE SYS_VARS (VAR_GROUP VARCHAR(25) NOT NULL, VAR_CODE VARCHAR(25) NOT NULL, VAR_VALUE VARCHAR(25) NOT NULL, SYS_LSTUPD_DT TIMESTAMP, PRIMARY KEY(VAR_GROUP, VAR_CODE))",0,0,0,0,0,0,1,2.867408,2.867408,2.867408,2.867408,0,0,228,0,0,0,0,0,0,0,0,0,0,0,0,0,0,0,0,0,0,0,0,0,0,0,0,0,0,0,0,2026-09-28 19:20:35.94333+00,2026-09-28 19:20:35.94333+00
10,16384,t,-6458185387550018843,"FETCH 0 IN ""query-cursor_141""",0,0,0,0,0,0,1,0.009296,0.009296,0.009296,0.009296,0,0,0,0,0,0,0,0,0,0,0,0,0,0,0,0,0,0,0,0,0,0,0,0,0,0,0,0,0,0,0,2026-09-28 22:27:54.13443+00,2026-09-28 22:27:54.13443+00
16410,16412,t,-1002264275151279778,"INSERT INTO RES_FEAT_STAT(LIB_FEAT_ID,FTYPE_ID,NUM_RES_ENT,NUM_RES_ENT_OOM) VALUES ($1,$2,$3,$4),($5,$6,$7,$8) ON CONFLICT DO NOTHING",0,0,0,0,0,0,248194,989510.9055300066,0.024418,1157.831462,3.9868445874195455,17.954497825056087,496388,4927778,190,0,7002,0,0,0,0,0,0,1028.13268,791.527191000001,0,0,0,0,0,0,0,0,0,0,0,0,0,0,0,0,0,2026-09-28 20:44:52.546643+00,2026-09-28 20:44:52.546643+00
10,16384,t,6795511765294252995,"FETCH 0 IN ""query-cursor_122""",0,0,0,0,0,0,1,0.005004,0.005004,0.005004,0.005004,0,0,0,0,0,0,0,0,0,0,0,0,0,0,0,0,0,0,0,0,0,0,0,0,0,0,0,0,0,0,0,2026-09-28 21:47:53.80862+00,2026-09-28 21:47:53.80862+00
10,16384,t,225947268402994097,"MOVE -408 IN ""query-cursor_43""",0,0,0,0,0,0,1,0.010347,0.010347,0.010347,0.010347,0,0,0,0,0,0,0,0,0,0,0,0,0,0,0,0,0,0,0,0,0,0,0,0,0,0,0,0,0,0,0,2026-09-28 20:00:53.651966+00,2026-09-28 20:00:53.651966+00
16410,16412,t,931624121472614597,"SELECT
    now()                                              AS at,
    s.n_tup_ins                                        AS dsrc_record_rows,   
    $1                                          AS target,
    round($2 * s.n_tup_ins / $3, $4)          AS pct_of_target
FROM pg_stat_user_tables s
WHERE s.relname = $5",0,0,0,0,0,0,3,0.39097,0.084702,0.177049,0.13032333333333332,0.037708591119560826,3,24,0,0,0,0,0,0,0,0,0,0,0,0,0,0,0,0,0,0,0,0,0,0,0,0,0,0,0,0,2026-09-28 20:54:02.207975+00,2026-09-28 20:54:02.207975+00
10,16384,t,7506071361171352103,"FETCH 2 IN ""query-cursor_157""",0,0,0,0,0,0,1,0.005271,0.005271,0.005271,0.005271,0,2,0,0,0,0,0,0,0,0,0,0,0,0,0,0,0,0,0,0,0,0,0,0,0,0,0,0,0,0,0,2026-09-28 22:59:54.8143+00,2026-09-28 22:59:54.8143+00
16410,16412,t,8090965357660247760,"SELECT RES_ENT_ID FROM RES_ENT WHERE RES_ENT_ID IN ($1,$2,$3,$4,$5,$6,$7,$8)",0,0,0,0,0,0,87413,13217.992350999924,0.020112,102.22059399999999,0.15121311876951854,1.539210132207759,4512,1437600,0,0,0,0,0,0,0,0,0,0,0,0,0,0,0,0,0,0,0,0,0,0,0,0,0,0,0,0,2026-09-28 21:12:09.464019+00,2026-09-28 21:12:09.464019+00
10,16384,t,-7085763595441209823,"FETCH 50 IN ""query-cursor_225""",0,0,0,0,0,0,40,0.155523,0.002744,0.006932,0.003888075,0.0011469376702223182,2000,0,0,0,0,0,0,0,0,0,0,0,0,0,0,0,0,0,0,0,0,0,0,0,0,0,0,0,0,0,2026-09-29 01:13:53.671344+00,2026-09-29 01:13:53.671344+00
10,16384,t,823746439962713974,"MOVE -274 IN ""query-cursor_25""",0,0,0,0,0,0,1,0.008712,0.008712,0.008712,0.008712,0,0,0,0,0,0,0,0,0,0,0,0,0,0,0,0,0,0,0,0,0,0,0,0,0,0,0,0,0,0,0,2026-09-28 19:42:53.650419+00,2026-09-28 19:42:53.650419+00
16410,16412,t,-4688637628693919465,"SELECT LIB_FEAT_ID,NUM_RES_ENT,NUM_RES_ENT_OOM,CANDIDATE_CAP_REACHED,SCORING_CAP_REACHED FROM RES_FEAT_STAT WHERE LIB_FEAT_ID IN ($1,$2,$3,$4,$5,$6,$7,$8)",0,0,0,0,0,0,13758536,18853550.98018971,0.007897999999999999,1108.979788,1.3703166514365854,11.104074625718319,85174205,182496002,1058054,0,0,0,0,0,0,0,0,14636816.467379933,0,0,0,0,0,0,0,0,0,0,0,0,0,0,0,0,0,0,2026-09-28 20:44:52.978408+00,2026-09-28 20:44:52.978408+00
10,16384,t,3483630397390563004,"MOVE ALL IN ""query-cursor_55""",0,0,0,0,0,0,1,1.112872,1.112872,1.112872,1.112872,0,0,0,0,0,0,0,0,0,0,0,0,0,0,0,0,0,0,0,0,0,0,0,0,0,0,0,0,0,0,0,2026-09-28 20:12:53.653181+00,2026-09-28 20:12:53.653181+00
10,16384,t,4897257018718542170,"DECLARE ""query-cursor_175"" SCROLL CURSOR FOR select queryid, left(query, $1), calls, (total_plan_time + total_exec_time) as total_time from aurora_stat_statements($2) order by calls desc limit $3 FOR READ ONLY",0,0,0,0,0,0,1,0.082793,0.082793,0.082793,0.082793,0,0,0,0,0,0,0,0,0,0,0,0,0,0,0,0,0,0,0,0,0,0,0,0,0,0,0,0,0,0,0,2026-09-28 23:39:53.679569+00,2026-09-28 23:39:53.679569+00
16410,16412,t,4649610827673170999,"SELECT LIB_FEAT_ID,FTYPE_ID,UTYPE_CODE,SUPPRESSED,OBS_ENT_CNT FROM RES_FEAT_EKEY WHERE RES_ENT_ID=$1 AND FTYPE_ID IN ($2)",0,0,0,0,0,0,20198182,2217524.61097429,0.004133,1346.241203,0.10978832703726948,1.4426651627303448,0,111723081,459,0,0,0,0,0,0,0,0,6680.550854999998,0,0,0,0,0,0,0,0,0,0,0,0,0,0,0,0,0,0,2026-09-28 20:44:53.659969+00,2026-09-28 20:44:53.659969+00
16410,16412,t,-7254578461802534793,SELECT CODE FROM SYS_CODES_USED WHERE CODE_TYPE=$1,0,0,0,0,0,0,2760,136.31822199999996,0.0025239999999999998,42.566891000000005,0.049390660144927524,0.8369642702541221,2717,5514,6,0,0,0,0,0,0,0,0,8.160459999999999,0,0,0,0,0,0,0,0,0,0,0,0,0,0,0,0,0,0,2026-09-28 19:21:52.021454+00,2026-09-28 19:21:52.021454+00
16410,16412,t,3526274298518949634,"SELECT RES_ENT_ID,LIB_FEAT_ID,FTYPE_ID,UTYPE_CODE,SUPPRESSED,OBS_ENT_CNT FROM RES_FEAT_EKEY WHERE RES_ENT_ID IN ($1,$2,$3,$4,$5,$6,$7,$8,$9,$10,$11,$12,$13,$14,$15,$16) AND FTYPE_ID IN ($17,$18,$19,$20,$21,$22,$23,$24,$25,$26,$27)",0,0,0,0,0,0,19623,146638.8879179993,0.100189,435.045997,7.47280680415835,23.969019628639096,3304438,1095042,6905,0,0,0,0,0,0,0,0,115745.78273299994,0,0,0,0,0,0,0,0,0,0,0,0,0,0,0,0,0,0,2026-09-28 20:45:02.472089+00,2026-09-28 20:45:02.472089+00
16410,16412,t,2730381009565679184,"SELECT RES_ENT_ID,LIB_FEAT_ID,FTYPE_ID,UTYPE_CODE,SUPPRESSED,OBS_ENT_CNT FROM RES_FEAT_EKEY WHERE RES_ENT_ID IN ($1) AND FTYPE_ID IN ($2,$3,$4,$5,$6,$7,$8,$9,$10,$11,$12,$13,$14,$15,$16,$17,$18)",0,0,0,0,0,0,634796,386461.6758729995,0.015145,554.0558060000001,0.6087966462816392,6.371073526074559,14001404,3416818,13853,0,0,0,0,0,0,0,0,269642.68822300085,0,0,0,0,0,0,0,0,0,0,0,0,0,0,0,0,0,0,2026-09-28 20:44:53.000602+00,2026-09-28 20:44:53.000602+00
16410,16412,t,-4760202412615863311,SELECT ENT_STATE FROM RES_ENT WHERE RES_ENT_ID=$1,0,0,0,0,0,0,6174139,349611.1689529934,0.006709,180.125487,0.05662508876994726,0.5728582565424885,6136918,24706498,3,0,0,0,0,0,0,0,0,5.728019,0,0,0,0,0,0,0,0,0,0,0,0,0,0,0,0,0,0,2026-09-28 20:44:58.435356+00,2026-09-28 20:44:58.435356+00
10,16384,t,-2545013436033151621,"DECLARE ""query-cursor_56"" SCROLL CURSOR FOR select queryid, left(query, $1), calls, (total_plan_time + total_exec_time) as total_time from aurora_stat_statements($2) order by calls desc limit $3 FOR READ ONLY",0,0,0,0,0,0,1,0.06749,0.06749,0.06749,0.06749,0,0,0,0,0,0,0,0,0,0,0,0,0,0,0,0,0,0,0,0,0,0,0,0,0,0,0,0,0,0,0,2026-09-28 20:13:53.651996+00,2026-09-28 20:13:53.651996+00
16410,16412,t,5813264360274945905,"SELECT RES_ENT_ID,LIB_FEAT_ID,FTYPE_ID,UTYPE_CODE,SUPPRESSED,OBS_ENT_CNT FROM RES_FEAT_EKEY WHERE RES_ENT_ID IN ($1,$2,$3,$4,$5,$6,$7,$8,$9,$10,$11,$12,$13,$14,$15,$16,$17,$18,$19,$20,$21,$22,$23,$24,$25,$26,$27,$28,$29,$30,$31,$32,$33,$34,$35,$36,$37,$38,$39,$40,$41,$42,$43,$44,$45,$46,$47,$48,$49,$50,$51,$52,$53,$54,$55,$56,$57,$58,$59,$60,$61,$62,$63,$64) AND FTYPE_ID IN ($65,$66,$67,$68,$69,$70,$71,$72,$73,$74,$75,$76,$77,$78,$79)",0,0,0,0,0,0,7,356.81567,1.088615,156.94997,50.973667142857146,57.75555831966773,5700,1340,26,0,0,0,0,0,0,0,0,346.740797,0,0,0,0,0,0,0,0,0,0,0,0,0,0,0,0,0,0,2026-09-28 23:03:52.973747+00,2026-09-28 23:03:52.973747+00
10,16384,t,-7873702700685062000,"FETCH 13 IN ""query-cursor_44""",0,0,0,0,0,0,1,0.002039,0.002039,0.002039,0.002039,0,13,0,0,0,0,0,0,0,0,0,0,0,0,0,0,0,0,0,0,0,0,0,0,0,0,0,0,0,0,0,2026-09-28 20:01:53.653917+00,2026-09-28 20:01:53.653917+00
10,16384,t,9087986566003564516,SELECT count(*) FROM pg_roles WHERE rolsuper = $1 AND rolname != $2,0,0,0,0,0,0,36,41.368359,0.009443,40.756311000000004,1.1491210833333332,6.694840595674223,36,36,0,0,0,0,0,0,0,0,0,0,0,0,0,0,0,0,0,0,0,0,0,0,0,0,0,0,0,0,2026-09-28 19:24:04.580018+00,2026-09-28 19:24:04.580018+00
10,16384,t,-6938479678289950407,"DECLARE ""query-cursor_138"" SCROLL CURSOR FOR select queryid, left(query, $1), calls, (total_plan_time + total_exec_time) as total_time from aurora_stat_statements($2) order by calls desc limit $3 FOR READ ONLY",0,0,0,0,0,0,1,0.081447,0.081447,0.081447,0.081447,0,0,0,0,0,0,0,0,0,0,0,0,0,0,0,0,0,0,0,0,0,0,0,0,0,0,0,0,0,0,0,2026-09-28 22:21:54.004408+00,2026-09-28 22:21:54.004408+00
10,16384,t,8069668349033780684,"FETCH 1 IN ""query-cursor_13""",0,0,0,0,0,0,1,0.001265,0.001265,0.001265,0.001265,0,1,0,0,0,0,0,0,0,0,0,0,0,0,0,0,0,0,0,0,0,0,0,0,0,0,0,0,0,0,0,2026-09-28 19:30:53.650218+00,2026-09-28 19:30:53.650218+00
10,16384,t,4766007809305192049,"FETCH 50 IN ""query-cursor_224""",0,0,0,0,0,0,40,0.149099,0.002789,0.006156,0.003727475,0.001036608050024212,2000,0,0,0,0,0,0,0,0,0,0,0,0,0,0,0,0,0,0,0,0,0,0,0,0,0,0,0,0,0,2026-09-29 01:11:53.67161+00,2026-09-29 01:11:53.67161+00
10,16384,t,-8894253663968396154,"FETCH 21 IN ""query-cursor_70""",0,0,0,0,0,0,1,0.002069,0.002069,0.002069,0.002069,0,21,0,0,0,0,0,0,0,0,0,0,0,0,0,0,0,0,0,0,0,0,0,0,0,0,0,0,0,0,0,2026-09-28 20:27:53.656705+00,2026-09-28 20:27:53.656705+00
16410,16412,t,-1483320226612388117,"SELECT LIB_FEAT_ID,NUM_RES_ENT,NUM_RES_ENT_OOM,CANDIDATE_CAP_REACHED,SCORING_CAP_REACHED FROM RES_FEAT_STAT WHERE LIB_FEAT_ID IN ($1,$2,$3,$4,$5,$6,$7,$8,$9,$10,$11,$12,$13,$14,$15,$16,$17,$18,$19,$20,$21,$22,$23,$24,$25,$26,$27,$28,$29,$30,$31,$32,$33,$34,$35,$36,$37,$38,$39,$40,$41,$42,$43,$44,$45,$46,$47,$48,$49,$50,$51,$52,$53,$54,$55,$56,$57,$58,$59,$60,$61,$62,$63,$64)",0,0,0,0,0,0,5698243,34362953.360041805,0.029662,1172.318032,6.030447167669369,17.65069503189939,245284288,374715803,5096610,0,0,0,0,0,0,0,0,26203182.680680327,0,0,0,0,0,0,0,0,0,0,0,0,0,0,0,0,0,0,2026-09-28 20:44:57.385875+00,2026-09-28 20:44:57.385875+00
16410,16412,t,1494777381154811551,"SELECT RES_ENT_ID,ENT_STATE,LOCKING_ID FROM RES_ENT WHERE RES_ENT_ID IN ($1,$2,$3,$4)",0,0,0,0,0,0,7166815,2498621.1986874733,0.010504,293.121943,0.34863760243392267,1.965780715211178,24682770,98925731,60,0,0,0,0,0,0,0,0,638.4163090000001,0,0,0,0,0,0,0,0,0,0,0,0,0,0,0,0,0,0,2026-09-28 20:44:53.956343+00,2026-09-28 20:44:53.956343+00
10,16384,t,8210419980434429882,"MOVE ALL IN ""query-cursor_201""",0,0,0,0,0,0,1,6.886176,6.886176,6.886176,6.886176,0,0,0,0,0,0,0,0,0,0,0,0,0,0,0,0,0,0,0,0,0,0,0,0,0,0,0,0,0,0,0,2026-09-29 00:28:53.671417+00,2026-09-29 00:28:53.671417+00
10,16384,t,4183805717234738095,"MOVE ALL IN ""query-cursor_171""",0,0,0,0,0,0,1,365.857188,365.857188,365.857188,365.857188,0,0,0,0,0,0,0,0,0,0,0,0,0,0,0,0,0,0,0,0,0,0,0,0,0,0,0,0,0,0,0,2026-09-28 23:29:55.484698+00,2026-09-28 23:29:55.484698+00
16410,16412,t,2623994098898167652,SELECT         $2 FROM RES_ENT_OKEY B JOIN OBS_ENT C ON C.OBS_ENT_ID=B.OBS_ENT_ID JOIN DSRC_RECORD D ON D.ENT_SRC_KEY=C.ENT_SRC_KEY AND D.DSRC_ID=C.DSRC_ID AND B.RES_ENT_ID=$1  LIMIT $3,0,0,0,0,0,0,59419409,116121098.8500974,0.011011,1140.544233,1.9542620972567635,12.261701267881918,59419394,955025061,8447890,0,0,0,0,0,0,0,0,98239939.2107038,0,0,0,0,0,0,0,0,0,0,0,0,0,0,0,0,0,0,2026-09-28 20:44:53.317511+00,2026-09-28 20:44:53.317511+00
10,16384,t,7780909377214066266,"FETCH 50 IN ""query-cursor_118""",0,0,0,0,0,0,26,0.46227099999999993,0.011509,0.030022,0.017779653846153844,0.005239982956096091,1300,0,0,0,0,0,0,0,0,0,0,0,0,0,0,0,0,0,0,0,0,0,0,0,0,0,0,0,0,0,2026-09-28 21:39:53.741692+00,2026-09-28 21:39:53.741692+00
16410,16412,t,-8952524919332388568,"UPDATE RES_FEAT_EKEY AS T SET SUPPRESSED=C.SUPPRESSED,OBS_ENT_CNT=C.OBS_ENT_CNT FROM (VALUES (CAST ($1 AS BIGINT),CAST ($2 AS BIGINT),$3,$4,CAST ($5 AS BIGINT)),(CAST ($6 AS BIGINT),CAST ($7 AS BIGINT),$8,$9,CAST ($10 AS BIGINT)),(CAST ($11 AS BIGINT),CAST ($12 AS BIGINT),$13,$14,CAST ($15 AS BIGINT)),(CAST ($16 AS BIGINT),CAST ($17 AS BIGINT),$18,$19,CAST ($20 AS BIGINT)),(CAST ($21 AS BIGINT),CAST ($22 AS BIGINT),$23,$24,CAST ($25 AS BIGINT)),(CAST ($26 AS BIGINT),CAST ($27 AS BIGINT),$28,$29,CAST ($30 AS BIGINT)),(CAST ($31 AS BIGINT),CAST ($32 AS BIGINT),$33,$34,CAST ($35 AS BIGINT)),(CAST ($36 AS BIGINT),CAST ($37 AS BIGINT),$38,$39,CAST ($40 AS BIGINT)),(CAST ($41 AS BIGINT),CAST ($42 AS BIGINT),$43,$44,CAST ($45 AS BIGINT)),(CAST ($46 AS BIGINT),CAST ($47 AS BIGINT),$48,$49,CAST ($50 AS BIGINT)),(CAST ($51 AS BIGINT),CAST ($52 AS BIGINT),$53,$54,CAST ($55 AS BIGINT)),(CAST ($56 AS BIGINT),CAST ($57 AS BIGINT),$58,$59,CAST ($60 AS BIGINT)),(CAST ($61 AS BIGINT),CAST ($62 AS BIGINT),$63,$64,CAST ($65 AS BIGINT))) AS C(RES_ENT_ID,LIB_FEAT_ID,UTYPE_CODE,SUPPRESSED,OBS_ENT_CNT) WHERE C.RES_ENT_ID=T.RES_ENT_ID AND C.LIB_FEAT_ID=T.LIB_FEAT_ID AND C.UTYPE_CODE=T.UTYPE_CODE",0,0,0,0,0,0,112380,1815265.66856201,0.108417,828.811944,16.15292461792143,37.94803473391888,1460933,19400545,28196,0,5107,0,0,0,0,0,0,633264.1749540013,226.9136410000001,0,0,0,0,0,0,0,0,0,0,0,0,0,0,0,0,0,2026-09-28 20:45:12.508743+00,2026-09-28 20:45:12.508743+00
10,16384,t,-4413442788118610853,"FETCH 50 IN ""query-cursor_42""",0,0,0,0,0,0,8,0.028313,0.002889,0.00546,0.003539125,0.0008022222942395703,400,0,0,0,0,0,0,0,0,0,0,0,0,0,0,0,0,0,0,0,0,0,0,0,0,0,0,0,0,0,2026-09-28 19:59:53.652108+00,2026-09-28 19:59:53.652108+00
10,16384,t,2287538348469970840,"FETCH 50 IN ""query-cursor_209""",0,0,0,0,0,0,38,0.6729079999999997,0.008388,0.057544,0.017708105263157886,0.008909657488807692,1900,0,0,0,0,0,0,0,0,0,0,0,0,0,0,0,0,0,0,0,0,0,0,0,0,0,0,0,0,0,2026-09-29 00:41:53.694755+00,2026-09-29 00:41:53.694755+00
10,16384,t,6313504488901431825,"DECLARE ""query-cursor_60"" SCROLL CURSOR FOR select queryid, left(query, $1), calls, (total_plan_time + total_exec_time) as total_time from aurora_stat_statements($2) order by calls desc limit $3 FOR READ ONLY",0,0,0,0,0,0,1,0.064997,0.064997,0.064997,0.064997,0,0,0,0,0,0,0,0,0,0,0,0,0,0,0,0,0,0,0,0,0,0,0,0,0,0,0,0,0,0,0,2026-09-28 20:17:53.652334+00,2026-09-28 20:17:53.652334+00
10,16384,t,-23464241526944597,"FETCH 25 IN ""query-cursor_123""",0,0,0,0,0,0,1,0.009681,0.009681,0.009681,0.009681,0,25,0,0,0,0,0,0,0,0,0,0,0,0,0,0,0,0,0,0,0,0,0,0,0,0,0,0,0,0,0,2026-09-28 21:49:53.766115+00,2026-09-28 21:49:53.766115+00
10,16384,t,2337945717474908937,"DECLARE ""query-cursor_4"" SCROLL CURSOR FOR select queryid, left(query, $1), calls, (total_plan_time + total_exec_time) as total_time from aurora_stat_statements($2) order by calls desc limit $3 FOR READ ONLY",0,0,0,0,0,0,1,0.065526,0.065526,0.065526,0.065526,0,0,0,0,0,0,0,0,0,0,0,0,0,0,0,0,0,0,0,0,0,0,0,0,0,0,0,0,0,0,0,2026-09-28 19:21:53.648073+00,2026-09-28 19:21:53.648073+00
10,16384,t,-1836388264401536798,"MOVE -1195 IN ""query-cursor_99""",0,0,0,0,0,0,1,0.22037,0.22037,0.22037,0.22037,0,0,0,0,0,0,0,0,0,0,0,0,0,0,0,0,0,0,0,0,0,0,0,0,0,0,0,0,0,0,0,2026-09-28 21:01:53.717243+00,2026-09-28 21:01:53.717243+00
10,16384,t,-5547182866504744805,"FETCH 0 IN ""query-cursor_83""",0,0,0,0,0,0,1,0.003561,0.003561,0.003561,0.003561,0,0,0,0,0,0,0,0,0,0,0,0,0,0,0,0,0,0,0,0,0,0,0,0,0,0,0,0,0,0,0,2026-09-28 20:40:53.654074+00,2026-09-28 20:40:53.654074+00
10,16384,t,-281549136891217117,"FETCH 50 IN ""query-cursor_232""",0,0,0,0,0,0,41,0.20482800000000004,0.002996,0.008975,0.004995804878048782,0.0015664170272921697,2050,0,0,0,0,0,0,0,0,0,0,0,0,0,0,0,0,0,0,0,0,0,0,0,0,0,0,0,0,0,2026-09-29 01:21:53.672276+00,2026-09-29 01:21:53.672276+00
10,16384,t,-3724618404267168752,"FETCH 0 IN ""query-cursor_74""",0,0,0,0,0,0,1,0.003741,0.003741,0.003741,0.003741,0,0,0,0,0,0,0,0,0,0,0,0,0,0,0,0,0,0,0,0,0,0,0,0,0,0,0,0,0,0,0,2026-09-28 20:31:53.653392+00,2026-09-28 20:31:53.653392+00
10,16384,t,5851742452113051159,"FETCH 0 IN ""query-cursor_50""",0,0,0,0,0,0,1,0.00391,0.00391,0.00391,0.00391,0,0,0,0,0,0,0,0,0,0,0,0,0,0,0,0,0,0,0,0,0,0,0,0,0,0,0,0,0,0,0,2026-09-28 20:07:53.651589+00,2026-09-28 20:07:53.651589+00
10,16384,t,7506382194685679301,"DECLARE ""query-cursor_176"" SCROLL CURSOR FOR select queryid, left(query, $1), calls, (total_plan_time + total_exec_time) as total_time from aurora_stat_statements($2) order by calls desc limit $3 FOR READ ONLY",0,0,0,0,0,0,1,0.076774,0.076774,0.076774,0.076774,0,0,0,0,0,0,0,0,0,0,0,0,0,0,0,0,0,0,0,0,0,0,0,0,0,0,0,0,0,0,0,2026-09-28 23:41:53.82891+00,2026-09-28 23:41:53.82891+00
10,16384,t,-1199164386231543114,"FETCH 21 IN ""query-cursor_183""",0,0,0,0,0,0,1,0.007198,0.007198,0.007198,0.007198,0,21,0,0,0,0,0,0,0,0,0,0,0,0,0,0,0,0,0,0,0,0,0,0,0,0,0,0,0,0,0,2026-09-28 23:55:53.871157+00,2026-09-28 23:55:53.871157+00
10,16384,t,4695730280871910099,"MOVE ALL IN ""query-cursor_144""",0,0,0,0,0,0,1,8.374686,8.374686,8.374686,8.374686,0,0,0,0,0,0,0,0,0,0,0,0,0,0,0,0,0,0,0,0,0,0,0,0,0,0,0,0,0,0,0,2026-09-28 22:33:53.673493+00,2026-09-28 22:33:53.673493+00
10,1,t,2103733769408878190,SELECT $1,0,0,0,0,0,0,3,0.015254,0.004544,0.005947,0.005084666666666667,0.0006162815013359472,3,0,0,0,0,0,0,0,0,0,0,0,0,0,0,0,0,0,0,0,0,0,0,0,0,0,0,0,0,0,2026-09-28 19:45:00.252387+00,2026-09-28 19:45:00.252387+00
16410,16412,t,1894612222214646308,SELECT NEXT_SEQUENCE FROM SYS_SEQUENCE WHERE SEQUENCE_NAME = $1,0,0,0,0,0,0,5167,313.81401700000015,0.005624,12.503597,0.06073427849816144,0.30006733499153476,5167,10334,0,0,0,0,0,0,0,0,0,0,0,0,0,0,0,0,0,0,0,0,0,0,0,0,0,0,0,0,2026-09-28 20:44:52.343547+00,2026-09-28 20:44:52.343547+00
10,16384,t,5572566228115620751,"MOVE ALL IN ""query-cursor_153""",0,0,0,0,0,0,1,7.447698,7.447698,7.447698,7.447698,0,0,0,0,0,0,0,0,0,0,0,0,0,0,0,0,0,0,0,0,0,0,0,0,0,0,0,0,0,0,0,2026-09-28 22:51:53.676648+00,2026-09-28 22:51:53.676648+00
10,16384,t,6753023857211228318,"MOVE ALL IN ""query-cursor_78""",0,0,0,0,0,0,1,1.341592,1.341592,1.341592,1.341592,0,0,0,0,0,0,0,0,0,0,0,0,0,0,0,0,0,0,0,0,0,0,0,0,0,0,0,0,0,0,0,2026-09-28 20:35:53.655206+00,2026-09-28 20:35:53.655206+00
10,16384,t,-8700846764871339888,"select buffers_clean, maxwritten_clean, buffers_alloc from pg_stat_bgwriter",0,0,0,0,0,0,235,11.160554999999997,0.028430999999999998,0.16268200000000002,0.04749172340425531,0.018303313060524858,235,0,0,0,0,0,0,0,0,0,0,0,0,0,0,0,0,0,0,0,0,0,0,0,0,0,0,0,0,0,2026-09-28 19:18:53.192083+00,2026-09-28 19:18:53.192083+00
10,16384,t,-4420217386601492324,"FETCH 35 IN ""query-cursor_56""",0,0,0,0,0,0,1,0.002565,0.002565,0.002565,0.002565,0,35,0,0,0,0,0,0,0,0,0,0,0,0,0,0,0,0,0,0,0,0,0,0,0,0,0,0,0,0,0,2026-09-28 20:13:53.655035+00,2026-09-28 20:13:53.655035+00
10,16384,t,1699195770313817902,"MOVE -1872 IN ""query-cursor_199""",0,0,0,0,0,0,1,0.082424,0.082424,0.082424,0.082424,0,0,0,0,0,0,0,0,0,0,0,0,0,0,0,0,0,0,0,0,0,0,0,0,0,0,0,0,0,0,0,2026-09-29 00:26:53.671205+00,2026-09-29 00:26:53.671205+00
10,16384,t,-4207338791945810919,"DECLARE ""query-cursor_48"" SCROLL CURSOR FOR select queryid, left(query, $1), calls, (total_plan_time + total_exec_time) as total_time from aurora_stat_statements($2) order by calls desc limit $3 FOR READ ONLY",0,0,0,0,0,0,1,0.065828,0.065828,0.065828,0.065828,0,0,0,0,0,0,0,0,0,0,0,0,0,0,0,0,0,0,0,0,0,0,0,0,0,0,0,0,0,0,0,2026-09-28 20:05:53.651394+00,2026-09-28 20:05:53.651394+00
16410,16412,t,-4439614070854878284,"SELECT RES_ENT_ID FROM RES_ENT WHERE RES_ENT_ID IN ($1,$2)",0,0,0,0,0,0,1693827,148043.2791689989,0.00914,1280.066177,0.08740165268885129,1.4675142995001005,621999,11416936,0,0,0,0,0,0,0,0,0,0,0,0,0,0,0,0,0,0,0,0,0,0,0,0,0,0,0,0,2026-09-28 20:44:57.278996+00,2026-09-28 20:44:57.278996+00
10,16384,t,3605542101342601106,"MOVE ALL IN ""query-cursor_112""",0,0,0,0,0,0,1,6.898444,6.898444,6.898444,6.898444,0,0,0,0,0,0,0,0,0,0,0,0,0,0,0,0,0,0,0,0,0,0,0,0,0,0,0,0,0,0,0,2026-09-28 21:27:53.782026+00,2026-09-28 21:27:53.782026+00
10,16384,t,-6726323350922445041,"MOVE -226 IN ""query-cursor_17""",0,0,0,0,0,0,1,0.0076,0.0076,0.0076,0.0076,0,0,0,0,0,0,0,0,0,0,0,0,0,0,0,0,0,0,0,0,0,0,0,0,0,0,0,0,0,0,0,2026-09-28 19:34:53.64976+00,2026-09-28 19:34:53.64976+00
10,16384,t,5561181531719192011,"FETCH 50 IN ""query-cursor_21""",0,0,0,0,0,0,4,0.014551999999999999,0.003029,0.004881,0.0036379999999999997,0.0007384087621365281,200,0,0,0,0,0,0,0,0,0,0,0,0,0,0,0,0,0,0,0,0,0,0,0,0,0,0,0,0,0,2026-09-28 19:38:53.650086+00,2026-09-28 19:38:53.650086+00
10,16384,t,3126210736499393966,select setting from pg_settings where name = $1,0,0,0,0,0,0,1,1.609713,1.609713,1.609713,1.609713,0,1,0,0,0,0,0,0,0,0,0,0,0,0,0,0,0,0,0,0,0,0,0,0,0,0,0,0,0,0,0,2026-09-28 19:18:53.023078+00,2026-09-28 19:18:53.023078+00
10,16384,t,-3801834199059577613,"FETCH 50 IN ""query-cursor_128""",0,0,0,0,0,0,28,0.43964600000000004,0.009806,0.026096,0.01570164285714286,0.00419174380874634,1400,0,0,0,0,0,0,0,0,0,0,0,0,0,0,0,0,0,0,0,0,0,0,0,0,0,0,0,0,0,2026-09-28 21:59:53.720923+00,2026-09-28 21:59:53.720923+00
10,16384,t,-4419206133489892512,"MOVE ALL IN ""query-cursor_31""",0,0,0,0,0,0,1,0.719497,0.719497,0.719497,0.719497,0,0,0,0,0,0,0,0,0,0,0,0,0,0,0,0,0,0,0,0,0,0,0,0,0,0,0,0,0,0,0,2026-09-28 19:48:53.650917+00,2026-09-28 19:48:53.650917+00
10,16384,t,-7024916092325085177,"FETCH 25 IN ""query-cursor_79""",0,0,0,0,0,0,1,0.002264,0.002264,0.002264,0.002264,0,25,0,0,0,0,0,0,0,0,0,0,0,0,0,0,0,0,0,0,0,0,0,0,0,0,0,0,0,0,0,2026-09-28 20:36:53.657531+00,2026-09-28 20:36:53.657531+00
16410,16412,t,-3395262018977523438,"SELECT OBS_ENT_ID,RES_ENT_ID FROM RES_ENT_OKEY WHERE OBS_ENT_ID IN ($1,$2,$3,$4,$5,$6,$7,$8)",0,0,0,0,0,0,17710,6456.535462999976,0.024283000000000002,67.39568299999999,0.36457004308300256,2.647452030462251,91764,437052,0,0,0,0,0,0,0,0,0,0,0,0,0,0,0,0,0,0,0,0,0,0,0,0,0,0,0,0,2026-09-28 21:05:56.992725+00,2026-09-28 21:05:56.992725+00
10,16384,t,400994991040157154,"FETCH 37 IN ""query-cursor_88""",0,0,0,0,0,0,1,0.007406,0.007406,0.007406,0.007406,0,37,0,0,0,0,0,0,0,0,0,0,0,0,0,0,0,0,0,0,0,0,0,0,0,0,0,0,0,0,0,2026-09-28 20:45:53.667827+00,2026-09-28 20:45:53.667827+00
10,16384,t,4914131400798318259,"FETCH 50 IN ""query-cursor_178""",0,0,0,0,0,0,34,0.5629079999999999,0.011893,0.02526,0.01655611764705882,0.004029897347727114,1700,0,0,0,0,0,0,0,0,0,0,0,0,0,0,0,0,0,0,0,0,0,0,0,0,0,0,0,0,0,2026-09-28 23:45:53.677721+00,2026-09-28 23:45:53.677721+00
10,16384,t,8091953588045074149,"FETCH 0 IN ""query-cursor_142""",0,0,0,0,0,0,1,0.004376,0.004376,0.004376,0.004376,0,0,0,0,0,0,0,0,0,0,0,0,0,0,0,0,0,0,0,0,0,0,0,0,0,0,0,0,0,0,0,2026-09-28 22:29:53.878668+00,2026-09-28 22:29:53.878668+00
16410,16412,t,-597852566178768527,"INSERT INTO RES_REL_EKEY(RES_REL_ID,RES_ENT_ID,REL_ENT_ID) VALUES ($1,$2,$3) ON CONFLICT DO NOTHING",0,0,0,0,0,0,322,9.905167000000002,0.012806000000000001,0.130006,0.03076138819875777,0.014648343199774167,12,1602,0,0,0,0,0,0,0,0,0,0,0,0,0,0,0,0,0,0,0,0,0,0,0,0,0,0,0,0,2026-09-28 21:17:43.12081+00,2026-09-28 21:17:43.12081+00
10,16384,t,-3609704862907785947,"FETCH 0 IN ""query-cursor_80""",0,0,0,0,0,0,1,0.003055,0.003055,0.003055,0.003055,0,0,0,0,0,0,0,0,0,0,0,0,0,0,0,0,0,0,0,0,0,0,0,0,0,0,0,0,0,0,0,2026-09-28 20:37:53.653887+00,2026-09-28 20:37:53.653887+00
16410,16412,t,2037256745584830415,"SELECT RES_ENT_ID,LIB_FEAT_ID,FTYPE_ID,UTYPE_CODE,SUPPRESSED,OBS_ENT_CNT FROM RES_FEAT_EKEY WHERE RES_ENT_ID IN ($1) AND FTYPE_ID IN ($2,$3,$4,$5,$6,$7)",0,0,0,0,0,0,94,213.20400800000002,0.030964,202.520385,2.2681277446808514,20.769758982029025,666,520,5,0,0,0,0,0,0,0,0,208.247451,0,0,0,0,0,0,0,0,0,0,0,0,0,0,0,0,0,0,2026-09-28 20:55:56.86043+00,2026-09-28 20:55:56.86043+00
10,16384,t,-5570486025607194934,"FETCH 0 IN ""query-cursor_8""",0,0,0,0,0,0,1,0.002963,0.002963,0.002963,0.002963,0,0,0,0,0,0,0,0,0,0,0,0,0,0,0,0,0,0,0,0,0,0,0,0,0,0,0,0,0,0,0,2026-09-28 19:25:53.648396+00,2026-09-28 19:25:53.648396+00
10,16384,t,-7903299604535455418,"MOVE ALL IN ""query-cursor_177""",0,0,0,0,0,0,1,7.217785,7.217785,7.217785,7.217785,0,0,0,0,0,0,0,0,0,0,0,0,0,0,0,0,0,0,0,0,0,0,0,0,0,0,0,0,0,0,0,2026-09-28 23:43:53.903632+00,2026-09-28 23:43:53.903632+00
16410,16412,t,-8530575948927017231,"SELECT RES_ENT_ID,ENT_STATE,LOCKING_ID FROM RES_ENT WHERE RES_ENT_ID IN ($1,$2,$3,$4,$5,$6,$7,$8)",0,0,0,0,0,0,6406518,3678210.051693717,0.01882,350.458994,0.5741355993526776,2.721772409941242,39753943,159362626,97,0,0,0,0,0,0,0,0,1715.608366,0,0,0,0,0,0,0,0,0,0,0,0,0,0,0,0,0,0,2026-09-28 20:44:54.833675+00,2026-09-28 20:44:54.833675+00
10,16384,t,7793315683870882026,"DECLARE ""query-cursor_165"" SCROLL CURSOR FOR select queryid, left(query, $1), calls, (total_plan_time + total_exec_time) as total_time from aurora_stat_statements($2) order by calls desc limit $3 FOR READ ONLY",0,0,0,0,0,0,1,0.077776,0.077776,0.077776,0.077776,0,0,0,0,0,0,0,0,0,0,0,0,0,0,0,0,0,0,0,0,0,0,0,0,0,0,0,0,0,0,0,2026-09-28 23:17:53.733366+00,2026-09-28 23:17:53.733366+00
16410,16412,t,-5990742406046593525,"SELECT RES_ENT_ID,LIB_FEAT_ID,FTYPE_ID,UTYPE_CODE,SUPPRESSED,OBS_ENT_CNT FROM RES_FEAT_EKEY WHERE RES_ENT_ID IN ($1) AND FTYPE_ID IN ($2,$3,$4,$5,$6,$7,$8,$9,$10,$11,$12,$13,$14,$15,$16,$17,$18,$19,$20,$21,$22,$23,$24,$25,$26,$27,$28,$29,$30,$31,$32,$33,$34,$35,$36,$37,$38,$39,$40,$41,$42,$43,$44,$45,$46,$47,$48,$49,$50,$51,$52,$53,$54,$55,$56,$57)",0,0,0,0,0,0,809303,99441.53294200155,0.005749000000000001,149.42317899999998,0.12287305612607582,1.5664876915999855,2622036,4214718,0,0,0,0,0,0,0,0,0,0,0,0,0,0,0,0,0,0,0,0,0,0,0,0,0,0,0,0,2026-09-28 20:44:53.655985+00,2026-09-28 20:44:53.655985+00
10,16384,t,-171025288181611056,"FETCH 0 IN ""query-cursor_96""",0,0,0,0,0,0,1,0.007243,0.007243,0.007243,0.007243,0,0,0,0,0,0,0,0,0,0,0,0,0,0,0,0,0,0,0,0,0,0,0,0,0,0,0,0,0,0,0,2026-09-28 20:55:53.663035+00,2026-09-28 20:55:53.663035+00
10,16384,t,-3412940749366542047,"MOVE ALL IN ""query-cursor_37""",0,0,0,0,0,0,1,0.826728,0.826728,0.826728,0.826728,0,0,0,0,0,0,0,0,0,0,0,0,0,0,0,0,0,0,0,0,0,0,0,0,0,0,0,0,0,0,0,2026-09-28 19:54:53.651476+00,2026-09-28 19:54:53.651476+00
10,16384,t,3703336216749217835,"FETCH 0 IN ""query-cursor_134""",0,0,0,0,0,0,1,0.009908,0.009908,0.009908,0.009908,0,0,0,0,0,0,0,0,0,0,0,0,0,0,0,0,0,0,0,0,0,0,0,0,0,0,0,0,0,0,0,2026-09-28 22:13:54.061416+00,2026-09-28 22:13:54.061416+00
10,16384,t,-6046411768016458101,"MOVE -366 IN ""query-cursor_36""",0,0,0,0,0,0,1,0.009729,0.009729,0.009729,0.009729,0,0,0,0,0,0,0,0,0,0,0,0,0,0,0,0,0,0,0,0,0,0,0,0,0,0,0,0,0,0,0,2026-09-28 19:53:53.65146+00,2026-09-28 19:53:53.65146+00
10,16384,t,-7658420432866246344,"FETCH 21 IN ""query-cursor_199""",0,0,0,0,0,0,1,0.009033,0.009033,0.009033,0.009033,0,21,0,0,0,0,0,0,0,0,0,0,0,0,0,0,0,0,0,0,0,0,0,0,0,0,0,0,0,0,0,2026-09-29 00:26:53.691968+00,2026-09-29 00:26:53.691968+00
10,16384,t,-7299328900918352044,"FETCH 26 IN ""query-cursor_103""",0,0,0,0,0,0,1,0.008459,0.008459,0.008459,0.008459,0,26,0,0,0,0,0,0,0,0,0,0,0,0,0,0,0,0,0,0,0,0,0,0,0,0,0,0,0,0,0,2026-09-28 21:09:53.966966+00,2026-09-28 21:09:53.966966+00
10,16384,t,-1333690504420679227,"DECLARE ""query-cursor_150"" SCROLL CURSOR FOR select queryid, left(query, $1), calls, (total_plan_time + total_exec_time) as total_time from aurora_stat_statements($2) order by calls desc limit $3 FOR READ ONLY",0,0,0,0,0,0,1,0.074146,0.074146,0.074146,0.074146,0,0,0,0,0,0,0,0,0,0,0,0,0,0,0,0,0,0,0,0,0,0,0,0,0,0,0,0,0,0,0,2026-09-28 22:45:53.691816+00,2026-09-28 22:45:53.691816+00
16410,16412,t,3782382922886753706,"INSERT INTO RES_REL_EKEY(RES_REL_ID,RES_ENT_ID,REL_ENT_ID) VALUES ($1,$2,$3),($4,$5,$6),($7,$8,$9),($10,$11,$12),($13,$14,$15),($16,$17,$18),($19,$20,$21),($22,$23,$24),($25,$26,$27),($28,$29,$30),($31,$32,$33),($34,$35,$36),($37,$38,$39),($40,$41,$42),($43,$44,$45),($46,$47,$48),($49,$50,$51),($52,$53,$54),($55,$56,$57),($58,$59,$60),($61,$62,$63),($64,$65,$66),($67,$68,$69),($70,$71,$72),($73,$74,$75),($76,$77,$78) ON CONFLICT DO NOTHING",0,0,0,0,0,0,605,8330.747402999996,0.30377699999999996,385.445394,13.769830418181812,37.213191410998085,15730,147722,32,0,96,0,0,0,0,0,0,1611.1251499999998,3.091516000000001,0,0,0,0,0,0,0,0,0,0,0,0,0,0,0,0,0,2026-09-28 20:49:37.113648+00,2026-09-28 20:49:37.113648+00
10,16384,t,-6346280946335487606,"DECLARE ""query-cursor_59"" SCROLL CURSOR FOR select queryid, left(query, $1), calls, (total_plan_time + total_exec_time) as total_time from aurora_stat_statements($2) order by calls desc limit $3 FOR READ ONLY",0,0,0,0,0,0,1,0.070788,0.070788,0.070788,0.070788,0,0,0,0,0,0,0,0,0,0,0,0,0,0,0,0,0,0,0,0,0,0,0,0,0,0,0,0,0,0,0,2026-09-28 20:16:53.652239+00,2026-09-28 20:16:53.652239+00
10,16384,t,-6421191028153845367,"DECLARE ""query-cursor_226"" SCROLL CURSOR FOR select queryid, left(query, $1), calls, (total_plan_time + total_exec_time) as total_time from aurora_stat_statements($2) order by calls desc limit $3 FOR READ ONLY",0,0,0,0,0,0,1,0.065807,0.065807,0.065807,0.065807,0,0,0,0,0,0,0,0,0,0,0,0,0,0,0,0,0,0,0,0,0,0,0,0,0,0,0,0,0,0,0,2026-09-29 01:15:53.666011+00,2026-09-29 01:15:53.666011+00
10,16384,t,-3494748731752761810,"DECLARE ""query-cursor_170"" SCROLL CURSOR FOR select queryid, left(query, $1), calls, (total_plan_time + total_exec_time) as total_time from aurora_stat_statements($2) order by calls desc limit $3 FOR READ ONLY",0,0,0,0,0,0,1,0.078871,0.078871,0.078871,0.078871,0,0,0,0,0,0,0,0,0,0,0,0,0,0,0,0,0,0,0,0,0,0,0,0,0,0,0,0,0,0,0,2026-09-28 23:27:53.775748+00,2026-09-28 23:27:53.775748+00
10,16384,t,2819390221599555460,"FETCH 50 IN ""query-cursor_220""",0,0,0,0,0,0,39,0.5559830000000002,0.007635,0.037663,0.014255974358974365,0.005018772852805803,1950,0,0,0,0,0,0,0,0,0,0,0,0,0,0,0,0,0,0,0,0,0,0,0,0,0,0,0,0,0,2026-09-29 01:03:53.674741+00,2026-09-29 01:03:53.674741+00
10,16384,t,6067444295293431713,"FETCH 8 IN ""query-cursor_107""",0,0,0,0,0,0,1,0.00473,0.00473,0.00473,0.00473,0,8,0,0,0,0,0,0,0,0,0,0,0,0,0,0,0,0,0,0,0,0,0,0,0,0,0,0,0,0,0,2026-09-28 21:17:53.696899+00,2026-09-28 21:17:53.696899+00
10,16384,t,-2832056922336278008,"FETCH 20 IN ""query-cursor_175""",0,0,0,0,0,0,1,0.006921,0.006921,0.006921,0.006921,0,20,0,0,0,0,0,0,0,0,0,0,0,0,0,0,0,0,0,0,0,0,0,0,0,0,0,0,0,0,0,2026-09-28 23:39:53.71366+00,2026-09-28 23:39:53.71366+00
16410,16412,t,5849680132624874068,DELETE FROM RES_FEAT_EKEY WHERE ((RES_ENT_ID=$1 AND LIB_FEAT_ID=$2 AND UTYPE_CODE=$3)OR(RES_ENT_ID=$4 AND LIB_FEAT_ID=$5 AND UTYPE_CODE=$6)OR(RES_ENT_ID=$7 AND LIB_FEAT_ID=$8 AND UTYPE_CODE=$9)OR(RES_ENT_ID=$10 AND LIB_FEAT_ID=$11 AND UTYPE_CODE=$12)OR(RES_ENT_ID=$13 AND LIB_FEAT_ID=$14 AND UTYPE_CODE=$15)OR(RES_ENT_ID=$16 AND LIB_FEAT_ID=$17 AND UTYPE_CODE=$18)OR(RES_ENT_ID=$19 AND LIB_FEAT_ID=$20 AND UTYPE_CODE=$21)OR(RES_ENT_ID=$22 AND LIB_FEAT_ID=$23 AND UTYPE_CODE=$24)OR(RES_ENT_ID=$25 AND LIB_FEAT_ID=$26 AND UTYPE_CODE=$27)OR(RES_ENT_ID=$28 AND LIB_FEAT_ID=$29 AND UTYPE_CODE=$30)OR(RES_ENT_ID=$31 AND LIB_FEAT_ID=$32 AND UTYPE_CODE=$33)OR(RES_ENT_ID=$34 AND LIB_FEAT_ID=$35 AND UTYPE_CODE=$36)OR(RES_ENT_ID=$37 AND LIB_FEAT_ID=$38 AND UTYPE_CODE=$39)OR(RES_ENT_ID=$40 AND LIB_FEAT_ID=$41 AND UTYPE_CODE=$42)OR(RES_ENT_ID=$43 AND LIB_FEAT_ID=$44 AND UTYPE_CODE=$45)OR(RES_ENT_ID=$46 AND LIB_FEAT_ID=$47 AND UTYPE_CODE=$48)OR(RES_ENT_ID=$49 AND LIB_FEAT_ID=$50 AND UTYPE_CODE=$51)OR(RES_ENT_ID=$52 AND LIB_FEAT_ID=$53 AND UTYPE_CODE=$54)OR(RES_ENT_ID=$55 AND LIB_FEAT_ID=$56 AND UTYPE_CODE=$57)OR(RES_ENT_ID=$58 AND LIB_FEAT_ID=$59 AND UTYPE_CODE=$60)OR(RES_ENT_ID=$61 AND LIB_FEAT_ID=$62 AND UTYPE_CODE=$63)OR(RES_ENT_ID=$64 AND LIB_FEAT_ID=$65 AND UTYPE_CODE=$66)),0,0,0,0,0,0,26009,458139.3016879981,0.047919,684.042058,17.614644995501486,36.42223113487455,554627,2871641,3845,0,0,0,0,0,0,0,0,159612.42063200023,0,0,0,0,0,0,0,0,0,0,0,0,0,0,0,0,0,0,2026-09-28 20:45:08.368886+00,2026-09-28 20:45:08.368886+00
10,16384,t,-5137502482657486562,"MOVE -468 IN ""query-cursor_53""",0,0,0,0,0,0,1,0.011723,0.011723,0.011723,0.011723,0,0,0,0,0,0,0,0,0,0,0,0,0,0,0,0,0,0,0,0,0,0,0,0,0,0,0,0,0,0,0,2026-09-28 20:10:53.652921+00,2026-09-28 20:10:53.652921+00
10,16384,t,-459252007218816479,"DECLARE ""query-cursor_125"" SCROLL CURSOR FOR select queryid, left(query, $1), calls, (total_plan_time + total_exec_time) as total_time from aurora_stat_statements($2) order by calls desc limit $3 FOR READ ONLY",0,0,0,0,0,0,1,0.077389,0.077389,0.077389,0.077389,0,0,0,0,0,0,0,0,0,0,0,0,0,0,0,0,0,0,0,0,0,0,0,0,0,0,0,0,0,0,0,2026-09-28 21:53:53.699573+00,2026-09-28 21:53:53.699573+00
10,16384,t,1623369012368112450,SET application_name = $1,0,0,0,0,0,0,376,8.660658000000002,0.012105,0.06156,0.023033664893617026,0.007600219052305193,0,0,0,0,0,0,0,0,0,0,0,0,0,0,0,0,0,0,0,0,0,0,0,0,0,0,0,0,0,0,2026-09-28 19:16:35.477407+00,2026-09-28 19:16:35.477407+00
10,16384,t,8404404126555575863,"DECLARE ""query-cursor_70"" SCROLL CURSOR FOR select queryid, left(query, $1), calls, (total_plan_time + total_exec_time) as total_time from aurora_stat_statements($2) order by calls desc limit $3 FOR READ ONLY",0,0,0,0,0,0,1,0.070031,0.070031,0.070031,0.070031,0,0,0,0,0,0,0,0,0,0,0,0,0,0,0,0,0,0,0,0,0,0,0,0,0,0,0,0,0,0,0,2026-09-28 20:27:53.653111+00,2026-09-28 20:27:53.653111+00
10,16384,t,169867660205642410,"select queryid, calls, (total_plan_time + total_exec_time) as total_time, rows, shared_blks_hit, shared_blks_dirtied, shared_blks_read, shared_blks_written, local_blks_hit, local_blks_dirtied, local_blks_read, local_blks_written, temp_blks_read, temp_blks_written, storage_blks_read, orcache_blks_hit, shared_blk_read_time as blk_read_time, shared_blk_write_time as blk_write_time, storage_blk_read_time, local_blk_read_time, orcache_blk_read_time, total_plan_time, total_exec_time from aurora_stat_statements($1) where queryid in ($2, $3, $4, $5, $6, $7, $8, $9, $10, $11, $12, $13, $14, $15, $16, $17, $18, $19, $20, $21, $22, $23, $24, $25, $26, $27, $28, $29, $30, $31, $32, $33, $34, $35, $36, $37, $38, $39, $40, $41, $42, $43, $44, $45, $46, $47, $48, $49, $50, $51, $52, $53, $54, $55, $56, $57, $58, $59, $60, $61, $62, $63, $64, $65)",0,0,0,0,0,0,14,138.631442,2.2032559999999997,93.05304000000001,9.902245857142857,23.096712517863022,910,0,0,0,0,0,0,0,0,0,0,0,0,0,0,0,0,0,0,0,0,0,0,0,0,0,0,0,0,0,2026-09-28 20:54:03.720099+00,2026-09-28 20:54:03.720099+00
10,16384,t,8802603764201303807,"FETCH 0 IN ""query-cursor_218""",0,0,0,0,0,0,1,0.004667,0.004667,0.004667,0.004667,0,0,0,0,0,0,0,0,0,0,0,0,0,0,0,0,0,0,0,0,0,0,0,0,0,0,0,0,0,0,0,2026-09-29 00:59:53.669259+00,2026-09-29 00:59:53.669259+00
10,16384,t,4702290949100992196,"MOVE -438 IN ""query-cursor_48""",0,0,0,0,0,0,1,0.011621,0.011621,0.011621,0.011621,0,0,0,0,0,0,0,0,0,0,0,0,0,0,0,0,0,0,0,0,0,0,0,0,0,0,0,0,0,0,0,2026-09-28 20:05:53.652559+00,2026-09-28 20:05:53.652559+00
10,16384,t,-1273965837682515941,"FETCH 0 IN ""query-cursor_37""",0,0,0,0,0,0,1,0.003709,0.003709,0.003709,0.003709,0,0,0,0,0,0,0,0,0,0,0,0,0,0,0,0,0,0,0,0,0,0,0,0,0,0,0,0,0,0,0,2026-09-28 19:54:53.650608+00,2026-09-28 19:54:53.650608+00
10,16384,t,-5619742185103137198,"FETCH 50 IN ""query-cursor_49""",0,0,0,0,0,0,8,0.028513000000000004,0.002928,0.005604,0.0035641250000000005,0.0008029122675454647,400,0,0,0,0,0,0,0,0,0,0,0,0,0,0,0,0,0,0,0,0,0,0,0,0,0,0,0,0,0,2026-09-28 20:06:53.652626+00,2026-09-28 20:06:53.652626+00
16410,16412,t,-8735306314388125537,"SELECT RES_ENT_ID,ENT_STATE,LOCKING_ID FROM RES_ENT WHERE RES_ENT_ID IN ($1,$2,$3,$4,$5,$6,$7,$8,$9,$10,$11,$12,$13,$14,$15,$16)",0,0,0,0,0,0,2503054,2388888.890866236,0.03521,203.006099,0.9543896739208326,3.9600092365884816,27009757,108259500,50,0,0,0,0,0,0,0,0,762.6941140000001,0,0,0,0,0,0,0,0,0,0,0,0,0,0,0,0,0,0,2026-09-28 20:44:55.82882+00,2026-09-28 20:44:55.82882+00
10,16384,t,3103051510877512971,"MOVE -518 IN ""query-cursor_61""",0,0,0,0,0,0,1,0.013913,0.013913,0.013913,0.013913,0,0,0,0,0,0,0,0,0,0,0,0,0,0,0,0,0,0,0,0,0,0,0,0,0,0,0,0,0,0,0,2026-09-28 20:18:53.653713+00,2026-09-28 20:18:53.653713+00
10,16384,t,-436945329158786457,"MOVE ALL IN ""query-cursor_61""",0,0,0,0,0,0,1,1.16404,1.16404,1.16404,1.16404,0,0,0,0,0,0,0,0,0,0,0,0,0,0,0,0,0,0,0,0,0,0,0,0,0,0,0,0,0,0,0,2026-09-28 20:18:53.653644+00,2026-09-28 20:18:53.653644+00
16410,16412,t,-3768326963953724278,"INSERT INTO RES_FEAT_STAT(LIB_FEAT_ID,FTYPE_ID,NUM_RES_ENT,NUM_RES_ENT_OOM) VALUES ($1,$2,$3,$4),($5,$6,$7,$8),($9,$10,$11,$12),($13,$14,$15,$16),($17,$18,$19,$20),($21,$22,$23,$24),($25,$26,$27,$28),($29,$30,$31,$32) ON CONFLICT DO NOTHING",0,0,0,0,0,0,522973,5789984.715502051,0.075551,2841.540114,11.071288031125986,46.997201588000614,4183770,41874337,2556,0,51960,0,0,0,0,0,0,10486.472549000004,4911.67511199997,0,0,0,0,0,0,0,0,0,0,0,0,0,0,0,0,0,2026-09-28 20:44:52.666938+00,2026-09-28 20:44:52.666938+00
10,16384,t,3610924346418269754,"DECLARE ""query-cursor_177"" SCROLL CURSOR FOR select queryid, left(query, $1), calls, (total_plan_time + total_exec_time) as total_time from aurora_stat_statements($2) order by calls desc limit $3 FOR READ ONLY",0,0,0,0,0,0,1,0.073809,0.073809,0.073809,0.073809,0,0,0,0,0,0,0,0,0,0,0,0,0,0,0,0,0,0,0,0,0,0,0,0,0,0,0,0,0,0,0,2026-09-28 23:43:53.896137+00,2026-09-28 23:43:53.896137+00
16410,16412,t,1472764173320890336,"SELECT RES_ENT_ID,LIB_FEAT_ID,FTYPE_ID,UTYPE_CODE,SUPPRESSED,OBS_ENT_CNT FROM RES_FEAT_EKEY WHERE RES_ENT_ID IN ($1,$2,$3,$4,$5,$6,$7,$8,$9,$10,$11,$12,$13,$14,$15,$16) AND FTYPE_ID IN ($17,$18,$19,$20,$21,$22,$23,$24,$25,$26,$27,$28)",0,0,0,0,0,0,43425,341294.4879939992,0.095911,822.413218,7.859400990074824,26.3968579192791,7739037,2408521,15625,0,0,0,0,0,0,0,0,271244.51043700054,0,0,0,0,0,0,0,0,0,0,0,0,0,0,0,0,0,0,2026-09-28 20:45:04.128886+00,2026-09-28 20:45:04.128886+00
10,16384,t,1261871170527113550,"MOVE -384 IN ""query-cursor_39""",0,0,0,0,0,0,1,0.010466,0.010466,0.010466,0.010466,0,0,0,0,0,0,0,0,0,0,0,0,0,0,0,0,0,0,0,0,0,0,0,0,0,0,0,0,0,0,0,2026-09-28 19:56:53.651734+00,2026-09-28 19:56:53.651734+00
10,16384,t,-4285538506575282711,"MOVE ALL IN ""query-cursor_82""",0,0,0,0,0,0,1,1.37893,1.37893,1.37893,1.37893,0,0,0,0,0,0,0,0,0,0,0,0,0,0,0,0,0,0,0,0,0,0,0,0,0,0,0,0,0,0,0,2026-09-28 20:39:53.655464+00,2026-09-28 20:39:53.655464+00
10,16384,t,-1756810220528805570,"MOVE ALL IN ""query-cursor_48""",0,0,0,0,0,0,1,1.011911,1.011911,1.011911,1.011911,0,0,0,0,0,0,0,0,0,0,0,0,0,0,0,0,0,0,0,0,0,0,0,0,0,0,0,0,0,0,0,2026-09-28 20:05:53.652495+00,2026-09-28 20:05:53.652495+00
10,16384,t,-7713237334860130126,"select num_timed as checkpoints_timed, num_requested as checkpoints_req, write_time as checkpoint_write_time, sync_time as checkpoint_sync_time, buffers_written as buffers_checkpoint from pg_stat_checkpointer",0,0,0,0,0,0,235,9.53424099999999,0.016683,0.31359,0.0405712382978723,0.027376487541719768,235,0,0,0,0,0,0,0,0,0,0,0,0,0,0,0,0,0,0,0,0,0,0,0,0,0,0,0,0,0,2026-09-28 19:18:53.192431+00,2026-09-28 19:18:53.192431+00
10,16384,t,1515618838022596012,"FETCH 11 IN ""query-cursor_1""",0,0,0,0,0,0,1,0.002082,0.002082,0.002082,0.002082,0,11,0,0,0,0,0,0,0,0,0,0,0,0,0,0,0,0,0,0,0,0,0,0,0,0,0,0,0,0,0,2026-09-28 19:18:53.646031+00,2026-09-28 19:18:53.646031+00
16410,16412,t,7370940592176868990,"SELECT RES_ENT_ID,LIB_FEAT_ID,FTYPE_ID,UTYPE_CODE,SUPPRESSED,OBS_ENT_CNT FROM RES_FEAT_EKEY WHERE RES_ENT_ID IN ($1,$2,$3,$4,$5,$6,$7,$8,$9,$10,$11,$12,$13,$14,$15,$16,$17,$18,$19,$20,$21,$22,$23,$24,$25,$26,$27,$28,$29,$30,$31,$32) AND FTYPE_ID IN ($33,$34,$35,$36,$37,$38,$39,$40,$41,$42,$43,$44,$45,$46,$47,$48,$49,$50,$51)",0,0,0,0,0,0,9854,206213.08607200056,0.283419,800.447435,20.926840478181507,43.858446458168665,4693001,1053724,10077,0,0,0,0,0,0,0,0,167281.85031500002,0,0,0,0,0,0,0,0,0,0,0,0,0,0,0,0,0,0,2026-09-28 20:46:30.507194+00,2026-09-28 20:46:30.507194+00
16410,16412,t,-6461176314487246647,"SELECT RES_ENT_ID,LIB_FEAT_ID,FTYPE_ID,UTYPE_CODE,SUPPRESSED,OBS_ENT_CNT FROM RES_FEAT_EKEY WHERE RES_ENT_ID IN ($1,$2,$3,$4,$5,$6,$7,$8,$9,$10,$11,$12,$13,$14,$15,$16,$17,$18,$19,$20,$21,$22,$23,$24,$25,$26,$27,$28,$29,$30,$31,$32) AND FTYPE_ID IN ($33,$34,$35,$36,$37,$38,$39,$40,$41,$42,$43,$44,$45,$46,$47,$48,$49)",0,0,0,0,0,0,12869,262371.58037999994,0.252608,483.154961,20.38787632139249,43.39147916694374,5664396,1360751,12736,0,0,0,0,0,0,0,0,214848.71119300034,0,0,0,0,0,0,0,0,0,0,0,0,0,0,0,0,0,0,2026-09-28 20:45:33.755256+00,2026-09-28 20:45:33.755256+00
10,16384,t,-1041116581600476558,"FETCH 0 IN ""query-cursor_118""",0,0,0,0,0,0,1,0.005353,0.005353,0.005353,0.005353,0,0,0,0,0,0,0,0,0,0,0,0,0,0,0,0,0,0,0,0,0,0,0,0,0,0,0,0,0,0,0,2026-09-28 21:39:53.733773+00,2026-09-28 21:39:53.733773+00
10,16384,t,2122086473806044434,"FETCH 0 IN ""query-cursor_42""",0,0,0,0,0,0,1,0.003459,0.003459,0.003459,0.003459,0,0,0,0,0,0,0,0,0,0,0,0,0,0,0,0,0,0,0,0,0,0,0,0,0,0,0,0,0,0,0,2026-09-28 19:59:53.650994+00,2026-09-28 19:59:53.650994+00
16410,16412,t,483461964739243505,"SELECT RES_ENT_ID,LIB_FEAT_ID,FTYPE_ID,UTYPE_CODE,SUPPRESSED,OBS_ENT_CNT FROM RES_FEAT_EKEY WHERE RES_ENT_ID IN ($1,$2,$3,$4,$5,$6,$7,$8,$9,$10,$11,$12,$13,$14,$15,$16,$17,$18,$19,$20,$21,$22,$23,$24,$25,$26,$27,$28,$29,$30,$31,$32) AND FTYPE_ID IN ($33,$34,$35,$36,$37,$38,$39)",0,0,0,0,0,0,2,0.9534009999999999,0.42492,0.528481,0.47670049999999997,0.05178049999999999,363,211,0,0,0,0,0,0,0,0,0,0,0,0,0,0,0,0,0,0,0,0,0,0,0,0,0,0,0,0,2026-09-28 22:24:50.659903+00,2026-09-28 22:24:50.659903+00
10,16384,t,8387279066885404908,"FETCH 0 IN ""query-cursor_15""",0,0,0,0,0,0,1,0.003501,0.003501,0.003501,0.003501,0,0,0,0,0,0,0,0,0,0,0,0,0,0,0,0,0,0,0,0,0,0,0,0,0,0,0,0,0,0,0,2026-09-28 19:32:53.64901+00,2026-09-28 19:32:53.64901+00
16410,16412,t,-1819450863720510829,"SELECT RES_ENT_ID,REL_ENT_ID,RES_REL_ID FROM RES_REL_EKEY WHERE RES_ENT_ID IN ($1,$2,$3,$4,$5,$6,$7,$8)",0,0,0,0,0,0,227655,146336.98511200226,0.022173,435.349938,0.6428015422986636,6.740996403235332,5034955,10871164,7504,0,0,0,0,0,0,0,0,75032.27926900049,0,0,0,0,0,0,0,0,0,0,0,0,0,0,0,0,0,0,2026-09-28 20:45:24.343629+00,2026-09-28 20:45:24.343629+00
16410,16412,t,6208157416651455230,"SELECT RES_ENT_ID,LIB_FEAT_ID,FTYPE_ID,UTYPE_CODE,SUPPRESSED,OBS_ENT_CNT FROM RES_FEAT_EKEY WHERE RES_ENT_ID IN ($1,$2) AND FTYPE_ID IN ($3,$4,$5,$6,$7,$8)",0,0,0,0,0,0,41,33.112792,0.048084,19.698821,0.8076290731707316,3.218188553346139,562,448,2,0,0,0,0,0,0,0,0,22.585477,0,0,0,0,0,0,0,0,0,0,0,0,0,0,0,0,0,0,2026-09-28 21:01:04.025935+00,2026-09-28 21:01:04.025935+00
16410,16412,t,-6640033646631039800,"SELECT DSRC_ID,RECORD_ID,ENT_SRC_KEY FROM DSRC_RECORD WHERE (DSRC_ID,ENT_SRC_KEY) IN (($1,$2),($3,$4))",0,0,0,0,0,0,4227920,1283424.9549899788,0.015532999999999998,758.954611,0.3035594228343911,3.2331223612052864,8455882,43517200,131085,0,0,0,0,0,0,0,0,708193.134394991,0,0,0,0,0,0,0,0,0,0,0,0,0,0,0,0,0,0,2026-09-28 20:45:23.283224+00,2026-09-28 20:45:23.283224+00
10,16384,t,-5640851868700164414,"FETCH 44 IN ""query-cursor_195""",0,0,0,0,0,0,1,0.007851,0.007851,0.007851,0.007851,0,44,0,0,0,0,0,0,0,0,0,0,0,0,0,0,0,0,0,0,0,0,0,0,0,0,0,0,0,0,0,2026-09-29 00:19:53.685803+00,2026-09-29 00:19:53.685803+00
10,16384,t,-2436192044637269978,"MOVE -1596 IN ""query-cursor_156""",0,0,0,0,0,0,1,0.210589,0.210589,0.210589,0.210589,0,0,0,0,0,0,0,0,0,0,0,0,0,0,0,0,0,0,0,0,0,0,0,0,0,0,0,0,0,0,0,2026-09-28 22:57:53.834593+00,2026-09-28 22:57:53.834593+00
10,16384,t,-6819389027649045694,"FETCH 50 IN ""query-cursor_132""",0,0,0,0,0,0,28,0.40149199999999996,0.009108,0.022249,0.014339,0.0035285352687563065,1400,0,0,0,0,0,0,0,0,0,0,0,0,0,0,0,0,0,0,0,0,0,0,0,0,0,0,0,0,0,2026-09-28 22:07:53.967619+00,2026-09-28 22:07:53.967619+00
16410,16412,t,4975769408314547698,"INSERT INTO RES_FEAT_STAT(LIB_FEAT_ID,FTYPE_ID,NUM_RES_ENT,NUM_RES_ENT_OOM) VALUES ($1,$2,$3,$4),($5,$6,$7,$8),($9,$10,$11,$12),($13,$14,$15,$16),($17,$18,$19,$20),($21,$22,$23,$24),($25,$26,$27,$28),($29,$30,$31,$32),($33,$34,$35,$36),($37,$38,$39,$40),($41,$42,$43,$44),($45,$46,$47,$48),($49,$50,$51,$52),($53,$54,$55,$56) ON CONFLICT DO NOTHING",0,0,0,0,0,0,1934076,31775593.61578457,0.130326,2755.168732,16.429340737274323,65.58777635902297,27077020,269964529,11525,0,284091,0,0,0,0,0,0,57165.32031000008,30179.324927000194,0,0,0,0,0,0,0,0,0,0,0,0,0,0,0,0,0,2026-09-28 20:44:52.547795+00,2026-09-28 20:44:52.547795+00
10,16384,t,-176254839282276572,"FETCH 0 IN ""query-cursor_81""",0,0,0,0,0,0,1,0.003678,0.003678,0.003678,0.003678,0,0,0,0,0,0,0,0,0,0,0,0,0,0,0,0,0,0,0,0,0,0,0,0,0,0,0,0,0,0,0,2026-09-28 20:38:53.654033+00,2026-09-28 20:38:53.654033+00
10,16384,t,5623102610853463449,"FETCH 0 IN ""query-cursor_89""",0,0,0,0,0,0,1,0.005047,0.005047,0.005047,0.005047,0,0,0,0,0,0,0,0,0,0,0,0,0,0,0,0,0,0,0,0,0,0,0,0,0,0,0,0,0,0,0,2026-09-28 20:46:53.654732+00,2026-09-28 20:46:53.654732+00
16410,16412,t,-7216438724184009132,"UPDATE RES_RELATE AS T SET IS_DISCLOSED=C.IS_DISCLOSED,IS_AMBIGUOUS=C.IS_AMBIGUOUS,LAST_ERRULE_ID=C.LAST_ERRULE_ID,MATCH_KEY=C.MATCH_KEY,MATCH_KEY_DETAILS=C.MATCH_KEY_DETAILS,MATCH_LEVELS=C.MATCH_LEVELS FROM (VALUES (CAST ($1 AS BIGINT),CAST ($2 AS BIGINT),CAST ($3 AS BIGINT),CAST ($4 AS BIGINT),$5,$6,$7),(CAST ($8 AS BIGINT),CAST ($9 AS BIGINT),CAST ($10 AS BIGINT),CAST ($11 AS BIGINT),$12,$13,$14),(CAST ($15 AS BIGINT),CAST ($16 AS BIGINT),CAST ($17 AS BIGINT),CAST ($18 AS BIGINT),$19,$20,$21),(CAST ($22 AS BIGINT),CAST ($23 AS BIGINT),CAST ($24 AS BIGINT),CAST ($25 AS BIGINT),$26,$27,$28),(CAST ($29 AS BIGINT),CAST ($30 AS BIGINT),CAST ($31 AS BIGINT),CAST ($32 AS BIGINT),$33,$34,$35),(CAST ($36 AS BIGINT),CAST ($37 AS BIGINT),CAST ($38 AS BIGINT),CAST ($39 AS BIGINT),$40,$41,$42),(CAST ($43 AS BIGINT),CAST ($44 AS BIGINT),CAST ($45 AS BIGINT),CAST ($46 AS BIGINT),$47,$48,$49),(CAST ($50 AS BIGINT),CAST ($51 AS BIGINT),CAST ($52 AS BIGINT),CAST ($53 AS BIGINT),$54,$55,$56)) AS C(RES_REL_ID,IS_DISCLOSED,IS_AMBIGUOUS,LAST_ERRULE_ID,MATCH_KEY,MATCH_KEY_DETAILS,MATCH_LEVELS) WHERE C.RES_REL_ID=T.RES_REL_ID",0,0,0,0,0,0,10046,71390.45140799985,0.108207,619.371143,7.106355903643226,25.968001511858052,80366,762982,3072,0,841,0,0,0,0,0,0,32830.24356199996,14.362620000000001,0,0,0,0,0,0,0,0,0,0,0,0,0,0,0,0,0,2026-09-28 20:45:48.14124+00,2026-09-28 20:45:48.14124+00
10,16384,t,-9083367784208220492,"FETCH 50 IN ""query-cursor_59""",0,0,0,0,0,0,10,0.032592,0.002686,0.005326,0.0032592000000000003,0.0007141502362948569,500,0,0,0,0,0,0,0,0,0,0,0,0,0,0,0,0,0,0,0,0,0,0,0,0,0,0,0,0,0,2026-09-28 20:16:53.653539+00,2026-09-28 20:16:53.653539+00
10,16384,t,-3002397006376615084,"DECLARE ""query-cursor_217"" SCROLL CURSOR FOR select queryid, left(query, $1), calls, (total_plan_time + total_exec_time) as total_time from aurora_stat_statements($2) order by calls desc limit $3 FOR READ ONLY",0,0,0,0,0,0,1,0.089013,0.089013,0.089013,0.089013,0,0,0,0,0,0,0,0,0,0,0,0,0,0,0,0,0,0,0,0,0,0,0,0,0,0,0,0,0,0,0,2026-09-29 00:57:53.665661+00,2026-09-29 00:57:53.665661+00
16410,16412,t,-7409171893791521874,"INSERT INTO RES_REL_EKEY(RES_REL_ID,RES_ENT_ID,REL_ENT_ID) VALUES ($1,$2,$3),($4,$5,$6),($7,$8,$9),($10,$11,$12),($13,$14,$15),($16,$17,$18),($19,$20,$21),($22,$23,$24),($25,$26,$27),($28,$29,$30),($31,$32,$33),($34,$35,$36),($37,$38,$39),($40,$41,$42),($43,$44,$45),($46,$47,$48),($49,$50,$51),($52,$53,$54),($55,$56,$57),($58,$59,$60),($61,$62,$63),($64,$65,$66),($67,$68,$69),($70,$71,$72) ON CONFLICT DO NOTHING",0,0,0,0,0,0,1375,21320.602909,0.34419,471.589327,15.505893024727273,36.34887096278001,33000,307928,70,0,215,0,0,0,0,0,0,2999.9674999999997,60.05101300000002,0,0,0,0,0,0,0,0,0,0,0,0,0,0,0,0,0,2026-09-28 20:48:10.589725+00,2026-09-28 20:48:10.589725+00
10,16384,t,7566898980985137811,"FETCH 33 IN ""query-cursor_10""",0,0,0,0,0,0,1,0.002818,0.002818,0.002818,0.002818,0,33,0,0,0,0,0,0,0,0,0,0,0,0,0,0,0,0,0,0,0,0,0,0,0,0,0,0,0,0,0,2026-09-28 19:27:53.649749+00,2026-09-28 19:27:53.649749+00
16410,16412,t,-4767114727998009367,"SELECT RES_ENT_ID,LIB_FEAT_ID,FTYPE_ID,UTYPE_CODE,SUPPRESSED,OBS_ENT_CNT FROM RES_FEAT_EKEY WHERE RES_ENT_ID IN ($1,$2,$3,$4) AND FTYPE_ID IN ($5,$6,$7,$8,$9,$10,$11,$12,$13,$14,$15,$16,$17,$18,$19,$20,$21,$22,$23,$24,$25,$26,$27,$28,$29,$30,$31,$32,$33,$34,$35,$36,$37,$38,$39,$40,$41,$42,$43,$44,$45,$46,$47,$48,$49,$50,$51,$52,$53,$54,$55,$56,$57,$58,$59,$60,$61,$62)",0,0,0,0,0,0,5,0.517813,0.08849800000000001,0.114846,0.10356259999999999,0.011228401980691641,127,75,0,0,0,0,0,0,0,0,0,0,0,0,0,0,0,0,0,0,0,0,0,0,0,0,0,0,0,0,2026-09-28 22:47:02.125059+00,2026-09-28 22:47:02.125059+00
10,16384,t,-8191676631303631183,"MOVE ALL IN ""query-cursor_20""",0,0,0,0,0,0,1,0.509336,0.509336,0.509336,0.509336,0,0,0,0,0,0,0,0,0,0,0,0,0,0,0,0,0,0,0,0,0,0,0,0,0,0,0,0,0,0,0,2026-09-28 19:37:53.649893+00,2026-09-28 19:37:53.649893+00
10,16384,t,-657416456875157829,"MOVE -1129 IN ""query-cursor_93""",0,0,0,0,0,0,1,0.17374,0.17374,0.17374,0.17374,0,0,0,0,0,0,0,0,0,0,0,0,0,0,0,0,0,0,0,0,0,0,0,0,0,0,0,0,0,0,0,2026-09-28 20:50:53.695923+00,2026-09-28 20:50:53.695923+00
16410,16412,t,5737913687351361441,"SELECT RES_ENT_ID,LIB_FEAT_ID,FTYPE_ID,UTYPE_CODE,SUPPRESSED,OBS_ENT_CNT FROM RES_FEAT_EKEY WHERE RES_ENT_ID IN ($1,$2,$3,$4,$5,$6,$7,$8,$9,$10,$11,$12,$13,$14,$15,$16,$17,$18,$19,$20,$21,$22,$23,$24,$25,$26,$27,$28,$29,$30,$31,$32,$33,$34,$35,$36,$37,$38,$39,$40,$41,$42,$43,$44,$45,$46,$47,$48,$49,$50,$51,$52,$53,$54,$55,$56,$57,$58,$59,$60,$61,$62,$63,$64) AND FTYPE_ID IN ($65,$66,$67,$68,$69,$70,$71,$72,$73,$74,$75,$76,$77,$78,$79,$80,$81,$82)",0,0,0,0,0,0,13,341.820778,1.0131910000000002,104.789199,26.293906,31.49502462416523,12863,2622,36,0,0,0,0,0,0,0,0,314.753817,0,0,0,0,0,0,0,0,0,0,0,0,0,0,0,0,0,0,2026-09-28 22:31:30.323259+00,2026-09-28 22:31:30.323259+00
10,16384,t,-658443747292511736,"SELECT $1 FROM pg_catalog.pg_roles WHERE rolcanlogin = $2 AND rolname in ($3,$4,$5,$6,$7,$8) LIMIT $9",0,0,0,0,0,0,36,0.637294,0.008261,0.036119,0.017702611111111113,0.00598221317405829,0,72,0,0,0,0,0,0,0,0,0,0,0,0,0,0,0,0,0,0,0,0,0,0,0,0,0,0,0,0,2026-09-28 19:25:34.868009+00,2026-09-28 19:25:34.868009+00
10,16384,t,-8627916694092585240,"MOVE ALL IN ""query-cursor_123""",0,0,0,0,0,0,1,5.783853,5.783853,5.783853,5.783853,0,0,0,0,0,0,0,0,0,0,0,0,0,0,0,0,0,0,0,0,0,0,0,0,0,0,0,0,0,0,0,2026-09-28 21:49:53.740476+00,2026-09-28 21:49:53.740476+00
10,16384,t,1037440458504821834,"MOVE ALL IN ""query-cursor_30""",0,0,0,0,0,0,1,0.741049,0.741049,0.741049,0.741049,0,0,0,0,0,0,0,0,0,0,0,0,0,0,0,0,0,0,0,0,0,0,0,0,0,0,0,0,0,0,0,2026-09-28 19:47:53.650884+00,2026-09-28 19:47:53.650884+00
10,16384,t,-918103562853926410,"MOVE -1926 IN ""query-cursor_208""",0,0,0,0,0,0,1,0.256038,0.256038,0.256038,0.256038,0,0,0,0,0,0,0,0,0,0,0,0,0,0,0,0,0,0,0,0,0,0,0,0,0,0,0,0,0,0,0,2026-09-29 00:39:53.715147+00,2026-09-29 00:39:53.715147+00
10,5,t,588360189971772035,"SELECT current_catalog, COUNT(*) FROM pg_catalog.pg_extension WHERE extname = $1",0,0,0,0,0,0,1,0.009414,0.009414,0.009414,0.009414,0,1,1,0,0,0,0,0,0,0,0,0,0,0,0,0,0,0,0,0,0,0,0,0,0,0,0,0,0,0,0,2026-09-28 19:45:00.520392+00,2026-09-28 19:45:00.520392+00
10,16384,t,-1387723197226664324,"FETCH 31 IN ""query-cursor_47""",0,0,0,0,0,0,1,0.002893,0.002893,0.002893,0.002893,0,31,0,0,0,0,0,0,0,0,0,0,0,0,0,0,0,0,0,0,0,0,0,0,0,0,0,0,0,0,0,2026-09-28 20:04:53.65416+00,2026-09-28 20:04:53.65416+00
10,16384,t,5877381235814149581,"FETCH 17 IN ""query-cursor_53""",0,0,0,0,0,0,1,0.001866,0.001866,0.001866,0.001866,0,17,0,0,0,0,0,0,0,0,0,0,0,0,0,0,0,0,0,0,0,0,0,0,0,0,0,0,0,0,0,2026-09-28 20:10:53.654738+00,2026-09-28 20:10:53.654738+00
10,16384,t,-2504756327964368697,"FETCH 0 IN ""query-cursor_70""",0,0,0,0,0,0,1,0.004363,0.004363,0.004363,0.004363,0,0,0,0,0,0,0,0,0,0,0,0,0,0,0,0,0,0,0,0,0,0,0,0,0,0,0,0,0,0,0,2026-09-28 20:27:53.653161+00,2026-09-28 20:27:53.653161+00
16410,16412,t,-9221382328647298178,"CREATE TABLE LIB_FEAT (LIB_FEAT_ID BIGINT NOT NULL, FTYPE_ID SMALLINT NOT NULL, VERSION SMALLINT NOT NULL, FEAT_HASH VARCHAR(40) NOT NULL, FEAT_DESC VARCHAR(150), FELEM_VALUES TEXT NOT NULL, ANONYMIZED CHAR(1) NOT NULL, PRIMARY KEY(FEAT_HASH, FTYPE_ID, ANONYMIZED))",0,0,0,0,0,0,1,104.010117,104.010117,104.010117,104.010117,0,0,740,87,0,2,0,0,0,0,0,0,93.122018,0.0124,0,0,0,0,0,0,0,0,0,0,0,0,0,0,0,0,0,2026-09-28 19:20:35.813013+00,2026-09-28 19:20:35.813013+00
16410,16412,t,1402096862790384457,"UPDATE OBS_ENT SET LOCKING_ID=LOCKING_ID+$10,LOCK_DSRC_ACTION=$1 WHERE OBS_ENT_ID IN ($2,$3,$4,$5,$6,$7,$8,$9)",0,0,0,0,0,0,280430,913702.1697610224,0.044935,884.9687389999999,3.2582183424063844,13.532212755734113,1641718,17343749,60234,0,7983,0,0,0,0,0,0,424120.1671299986,26.12109299999999,0,0,0,0,0,0,0,0,0,0,0,0,0,0,0,0,0,2026-09-28 20:49:26.098726+00,2026-09-28 20:49:26.098726+00
10,16384,t,2853566390429913123,"MOVE -2010 IN ""query-cursor_222""",0,0,0,0,0,0,1,0.043255,0.043255,0.043255,0.043255,0,0,0,0,0,0,0,0,0,0,0,0,0,0,0,0,0,0,0,0,0,0,0,0,0,0,0,0,0,0,0,2026-09-29 01:07:53.67091+00,2026-09-29 01:07:53.67091+00
10,16384,t,-3240821456712334250,"MOVE -1611 IN ""query-cursor_158""",0,0,0,0,0,0,1,0.094917,0.094917,0.094917,0.094917,0,0,0,0,0,0,0,0,0,0,0,0,0,0,0,0,0,0,0,0,0,0,0,0,0,0,0,0,0,0,0,2026-09-28 23:03:54.101263+00,2026-09-28 23:03:54.101263+00
16410,16412,t,-7101873581825020462,CREATE UNIQUE INDEX SYS_HW_CHECK_SK ON SYS_HW_CHECK(LIB_FEAT_ID),0,0,0,0,0,0,1,2.356153,2.356153,2.356153,2.356153,0,0,87,0,0,0,0,0,0,0,0,0,0,0,0,0,0,0,0,0,0,0,0,0,0,0,0,0,0,0,0,2026-09-28 19:20:35.830989+00,2026-09-28 19:20:35.830989+00
10,16384,t,1146933820088494078,"FETCH 47 IN ""query-cursor_6""",0,0,0,0,0,0,1,0.003549,0.003549,0.003549,0.003549,0,47,0,0,0,0,0,0,0,0,0,0,0,0,0,0,0,0,0,0,0,0,0,0,0,0,0,0,0,0,0,2026-09-28 19:23:53.64919+00,2026-09-28 19:23:53.64919+00
16410,16412,t,5330184193063718577,"SELECT RES_ENT_ID,LIB_FEAT_ID,FTYPE_ID,UTYPE_CODE,SUPPRESSED,OBS_ENT_CNT FROM RES_FEAT_EKEY WHERE RES_ENT_ID IN ($1,$2,$3,$4,$5,$6,$7,$8,$9,$10,$11,$12,$13,$14,$15,$16,$17,$18,$19,$20,$21,$22,$23,$24,$25,$26,$27,$28,$29,$30,$31,$32)",0,0,0,0,0,0,146714,2072913.2400449766,0.24743900000000002,544.795825,14.128939569809129,27.287616818719062,77927523,16375354,229237,0,0,0,0,0,0,0,0,1685155.2383720027,0,0,0,0,0,0,0,0,0,0,0,0,0,0,0,0,0,0,2026-09-28 20:46:13.677248+00,2026-09-28 20:46:13.677248+00
16410,16412,t,5419215886825831254,DELETE FROM RES_FEAT_EKEY WHERE ((RES_ENT_ID=$1 AND LIB_FEAT_ID=$2 AND UTYPE_CODE=$3)OR(RES_ENT_ID=$4 AND LIB_FEAT_ID=$5 AND UTYPE_CODE=$6)OR(RES_ENT_ID=$7 AND LIB_FEAT_ID=$8 AND UTYPE_CODE=$9)OR(RES_ENT_ID=$10 AND LIB_FEAT_ID=$11 AND UTYPE_CODE=$12)OR(RES_ENT_ID=$13 AND LIB_FEAT_ID=$14 AND UTYPE_CODE=$15)),0,0,0,0,0,0,5759,6168.265774000016,0.014022,82.543485,1.071065423511029,5.208903288823155,8884,126112,19,0,0,0,0,0,0,0,0,226.26685599999996,0,0,0,0,0,0,0,0,0,0,0,0,0,0,0,0,0,0,2026-09-28 20:46:03.304598+00,2026-09-28 20:46:03.304598+00
16410,16412,t,-4971890736796526323,"SELECT RES_ENT_ID,LIB_FEAT_ID,FTYPE_ID,UTYPE_CODE,SUPPRESSED,OBS_ENT_CNT FROM RES_FEAT_EKEY WHERE RES_ENT_ID IN ($1,$2,$3,$4,$5,$6,$7,$8,$9,$10,$11,$12,$13,$14,$15,$16,$17,$18,$19,$20,$21,$22,$23,$24,$25,$26,$27,$28,$29,$30,$31,$32) AND FTYPE_ID IN ($33,$34,$35,$36,$37,$38,$39,$40,$41,$42,$43,$44,$45,$46,$47,$48,$49,$50,$51,$52,$53)",0,0,0,0,0,0,353,8031.077362,0.25457799999999997,432.74663499999997,22.750927371104815,45.46559400506593,179709,36279,378,0,0,0,0,0,0,0,0,6494.108132000003,0,0,0,0,0,0,0,0,0,0,0,0,0,0,0,0,0,0,2026-09-28 20:48:47.286285+00,2026-09-28 20:48:47.286285+00
10,16384,t,-3261561993475847116,"select s.*, extract($1 from s.lastattempt) as lastattempt_ts from rds_get_stat_dxl_counters() as s limit $2",0,0,0,0,0,0,1,0.021375,0.021375,0.021375,0.021375,0,1,0,0,0,0,0,0,0,0,0,0,0,0,0,0,0,0,0,0,0,0,0,0,0,0,0,0,0,0,0,2026-09-28 19:20:03.698485+00,2026-09-28 19:20:03.698485+00
10,16384,t,1343643266398897996,"FETCH 50 IN ""query-cursor_83""",0,0,0,0,0,0,12,0.039362999999999995,0.002668,0.006135,0.0032802499999999997,0.0009242617887626139,600,0,0,0,0,0,0,0,0,0,0,0,0,0,0,0,0,0,0,0,0,0,0,0,0,0,0,0,0,0,2026-09-28 20:40:53.65564+00,2026-09-28 20:40:53.65564+00
10,16384,t,-8905163247598600016,"DECLARE ""query-cursor_199"" SCROLL CURSOR FOR select queryid, left(query, $1), calls, (total_plan_time + total_exec_time) as total_time from aurora_stat_statements($2) order by calls desc limit $3 FOR READ ONLY",0,0,0,0,0,0,1,0.083158,0.083158,0.083158,0.083158,0,0,0,0,0,0,0,0,0,0,0,0,0,0,0,0,0,0,0,0,0,0,0,0,0,0,0,0,0,0,0,2026-09-29 00:26:53.664135+00,2026-09-29 00:26:53.664135+00
10,16384,t,-4370941775062078205,"FETCH 50 IN ""query-cursor_170""",0,0,0,0,0,0,33,0.555098,0.011191,0.027379,0.016821151515151515,0.005198121636976258,1650,0,0,0,0,0,0,0,0,0,0,0,0,0,0,0,0,0,0,0,0,0,0,0,0,0,0,0,0,0,2026-09-28 23:27:53.78345+00,2026-09-28 23:27:53.78345+00
10,16384,t,-5015744525845913239,"MOVE -1845 IN ""query-cursor_195""",0,0,0,0,0,0,1,0.047403,0.047403,0.047403,0.047403,0,0,0,0,0,0,0,0,0,0,0,0,0,0,0,0,0,0,0,0,0,0,0,0,0,0,0,0,0,0,0,2026-09-29 00:19:53.669804+00,2026-09-29 00:19:53.669804+00
16410,16412,t,-6182297806029823169,"SELECT RES_ENT_ID,LIB_FEAT_ID,FTYPE_ID,UTYPE_CODE,SUPPRESSED,OBS_ENT_CNT FROM RES_FEAT_EKEY WHERE RES_ENT_ID IN ($1) AND FTYPE_ID IN ($2,$3,$4,$5,$6,$7,$8,$9,$10,$11,$12,$13,$14,$15,$16,$17,$18,$19,$20,$21,$22,$23,$24,$25,$26,$27,$28,$29,$30,$31,$32,$33,$34,$35,$36,$37,$38,$39,$40,$41,$42,$43,$44,$45,$46,$47,$48,$49,$50,$51,$52,$53,$54,$55,$56,$57,$58,$59,$60,$61,$62,$63,$64)",0,0,0,0,0,0,10592,1770.3350670000032,0.007037,178.40937300000002,0.16713888472432054,2.480869364689079,107591,57905,0,0,0,0,0,0,0,0,0,0,0,0,0,0,0,0,0,0,0,0,0,0,0,0,0,0,0,0,2026-09-28 20:47:24.598177+00,2026-09-28 20:47:24.598177+00
10,16384,t,-809737528908800711,"FETCH 15 IN ""query-cursor_151""",0,0,0,0,0,0,1,0.007992,0.007992,0.007992,0.007992,0,15,0,0,0,0,0,0,0,0,0,0,0,0,0,0,0,0,0,0,0,0,0,0,0,0,0,0,0,0,0,2026-09-28 22:47:53.896342+00,2026-09-28 22:47:53.896342+00
16410,16412,t,4072948050797399557,"SELECT RES_ENT_ID,LIB_FEAT_ID,FTYPE_ID,UTYPE_CODE,SUPPRESSED,OBS_ENT_CNT FROM RES_FEAT_EKEY WHERE RES_ENT_ID IN ($1,$2) AND FTYPE_ID IN ($3,$4,$5,$6,$7,$8,$9,$10,$11,$12,$13,$14,$15,$16,$17,$18,$19,$20,$21,$22,$23,$24,$25,$26,$27,$28,$29,$30,$31,$32,$33,$34,$35,$36,$37,$38,$39,$40,$41,$42,$43,$44,$45,$46,$47,$48,$49,$50,$51,$52,$53,$54,$55,$56,$57)",0,0,0,0,0,0,2859,604.2665180000001,0.034107,38.398161,0.21135589996502277,1.9829899555752866,29549,31028,0,0,0,0,0,0,0,0,0,0,0,0,0,0,0,0,0,0,0,0,0,0,0,0,0,0,0,0,2026-09-28 20:55:13.083415+00,2026-09-28 20:55:13.083415+00
10,16384,t,2381552299617647436,"select queryid, calls, (total_plan_time + total_exec_time) as total_time, rows, shared_blks_hit, shared_blks_dirtied, shared_blks_read, shared_blks_written, local_blks_hit, local_blks_dirtied, local_blks_read, local_blks_written, temp_blks_read, temp_blks_written, storage_blks_read, orcache_blks_hit, shared_blk_read_time as blk_read_time, shared_blk_write_time as blk_write_time, storage_blk_read_time, local_blk_read_time, orcache_blk_read_time, total_plan_time, total_exec_time from aurora_stat_statements($1) where queryid in ($2, $3, $4, $5, $6, $7, $8, $9, $10, $11, $12, $13, $14, $15, $16, $17, $18, $19, $20, $21, $22, $23, $24, $25, $26, $27, $28, $29, $30, $31, $32, $33, $34, $35, $36, $37, $38, $39, $40, $41, $42, $43, $44, $45, $46, $47, $48, $49, $50, $51, $52, $53, $54, $55, $56, $57, $58, $59, $60, $61, $62, $63, $64, $65, $66, $67, $68, $69, $70)",0,0,0,0,0,0,1,1.684985,1.684985,1.684985,1.684985,0,72,0,0,0,0,0,0,0,0,0,0,0,0,0,0,0,0,0,0,0,0,0,0,0,0,0,0,0,0,0,2026-09-28 20:48:03.659535+00,2026-09-28 20:48:03.659535+00
16410,16412,t,-568525172407805593,"SELECT RES_ENT_ID,LIB_FEAT_ID,FTYPE_ID,UTYPE_CODE,SUPPRESSED,OBS_ENT_CNT FROM RES_FEAT_EKEY WHERE RES_ENT_ID IN ($1,$2,$3,$4,$5,$6,$7,$8,$9,$10,$11,$12,$13,$14,$15,$16) AND FTYPE_ID IN ($17,$18,$19,$20,$21)",0,0,0,0,0,0,8,1.793703,0.167669,0.26835200000000003,0.224212875,0.02891009217573295,364,395,0,0,0,0,0,0,0,0,0,0,0,0,0,0,0,0,0,0,0,0,0,0,0,0,0,0,0,0,2026-09-28 21:14:30.651732+00,2026-09-28 21:14:30.651732+00
10,16384,t,6392042259353340535,"MOVE ALL IN ""query-cursor_10""",0,0,0,0,0,0,1,0.392327,0.392327,0.392327,0.392327,0,0,0,0,0,0,0,0,0,0,0,0,0,0,0,0,0,0,0,0,0,0,0,0,0,0,0,0,0,0,0,2026-09-28 19:27:53.64901+00,2026-09-28 19:27:53.64901+00
10,16384,t,2910738235907634524,"MOVE -372 IN ""query-cursor_37""",0,0,0,0,0,0,1,0.01047,0.01047,0.01047,0.01047,0,0,0,0,0,0,0,0,0,0,0,0,0,0,0,0,0,0,0,0,0,0,0,0,0,0,0,0,0,0,0,2026-09-28 19:54:53.651534+00,2026-09-28 19:54:53.651534+00
16410,16412,t,-3601870820483953091,"SELECT RES_ENT_ID,LIB_FEAT_ID,FTYPE_ID,UTYPE_CODE,SUPPRESSED,OBS_ENT_CNT FROM RES_FEAT_EKEY WHERE RES_ENT_ID IN ($1,$2,$3,$4) AND FTYPE_ID IN ($5,$6,$7,$8,$9,$10,$11,$12,$13,$14,$15,$16,$17,$18,$19,$20,$21,$22,$23,$24,$25,$26,$27,$28,$29,$30,$31,$32,$33,$34,$35,$36,$37,$38,$39,$40,$41,$42,$43,$44,$45,$46,$47,$48,$49,$50,$51,$52,$53,$54,$55,$56,$57,$58,$59,$60,$61,$62,$63,$64)",0,0,0,0,0,0,1,0.18379099999999998,0.18379099999999998,0.18379099999999998,0.18379099999999998,0,48,19,0,0,0,0,0,0,0,0,0,0,0,0,0,0,0,0,0,0,0,0,0,0,0,0,0,0,0,0,2026-09-28 23:31:56.830334+00,2026-09-28 23:31:56.830334+00
10,16384,t,-5488421489677550958,"MOVE -148 IN ""query-cursor_6""",0,0,0,0,0,0,1,0.005535,0.005535,0.005535,0.005535,0,0,0,0,0,0,0,0,0,0,0,0,0,0,0,0,0,0,0,0,0,0,0,0,0,0,0,0,0,0,0,2026-09-28 19:23:53.648691+00,2026-09-28 19:23:53.648691+00
10,16384,t,5958161827212434546,"MOVE ALL IN ""query-cursor_147""",0,0,0,0,0,0,1,40.243406,40.243406,40.243406,40.243406,0,0,0,0,0,0,0,0,0,0,0,0,0,0,0,0,0,0,0,0,0,0,0,0,0,0,0,0,0,0,0,2026-09-28 22:39:53.731494+00,2026-09-28 22:39:53.731494+00
10,16384,t,-7875734971933864098,"MOVE -542 IN ""query-cursor_65""",0,0,0,0,0,0,1,0.013531,0.013531,0.013531,0.013531,0,0,0,0,0,0,0,0,0,0,0,0,0,0,0,0,0,0,0,0,0,0,0,0,0,0,0,0,0,0,0,2026-09-28 20:22:53.654032+00,2026-09-28 20:22:53.654032+00
10,16384,t,738051333936743630,"FETCH 0 IN ""query-cursor_113""",0,0,0,0,0,0,1,0.005304,0.005304,0.005304,0.005304,0,0,0,0,0,0,0,0,0,0,0,0,0,0,0,0,0,0,0,0,0,0,0,0,0,0,0,0,0,0,0,2026-09-28 21:29:53.716051+00,2026-09-28 21:29:53.716051+00
10,16384,t,2367376648110697170,select estimated_fixed_memory from apg_aco_get_estimated_memory($1),0,0,0,0,0,0,367,14.619857000000005,0.027516,0.136214,0.039836122615803826,0.010189020066831506,367,0,0,0,0,0,0,0,0,0,0,0,0,0,0,0,0,0,0,0,0,0,0,0,0,0,0,0,0,0,2026-09-28 19:17:03.540114+00,2026-09-28 19:17:03.540114+00
10,16384,t,4503430204394381601,"MOVE ALL IN ""query-cursor_182""",0,0,0,0,0,0,1,8.005882,8.005882,8.005882,8.005882,0,0,0,0,0,0,0,0,0,0,0,0,0,0,0,0,0,0,0,0,0,0,0,0,0,0,0,0,0,0,0,2026-09-28 23:53:53.878207+00,2026-09-28 23:53:53.878207+00
10,16384,t,7232291882837367564,"MOVE ALL IN ""query-cursor_158""",0,0,0,0,0,0,1,7.777517,7.777517,7.777517,7.777517,0,0,0,0,0,0,0,0,0,0,0,0,0,0,0,0,0,0,0,0,0,0,0,0,0,0,0,0,0,0,0,2026-09-28 23:03:54.101075+00,2026-09-28 23:03:54.101075+00
10,16384,t,8290254922520988000,select * from rds_get_query_stats(),0,0,0,0,0,0,236,1.6305890000000005,0.004088,0.026098999999999997,0.006909275423728815,0.0025755709051977376,236,0,0,0,0,0,0,0,0,0,0,0,0,0,0,0,0,0,0,0,0,0,0,0,0,0,0,0,0,0,2026-09-28 19:18:53.179612+00,2026-09-28 19:18:53.179612+00
16410,16412,t,-5553771942084836576,"SELECT f.relname,
       f.n_tup_ins     - b.n_tup_ins     AS ins,
       f.n_tup_upd     - b.n_tup_upd     AS upd,
       f.n_tup_del     - b.n_tup_del     AS del,
       f.n_tup_hot_upd - b.n_tup_hot_upd AS hot_upd,
       f.seq_scan      - b.seq_scan      AS seq_scan,
       f.idx_scan      - b.idx_scan      AS idx_scan,
       f.heap_blks_read - b.heap_blks_read AS heap_read,
       f.heap_blks_hit  - b.heap_blks_hit  AS heap_hit,
       f.idx_blks_read  - b.idx_blks_read  AS idx_read
FROM perf.snap_table f JOIN perf.snap_table b USING (relid)
WHERE f.label=$1 AND b.label=$2
  AND (f.n_tup_ins - b.n_tup_ins)
    + (f.n_tup_upd - b.n_tup_upd)
    + (f.n_tup_del - b.n_tup_del) > $3
ORDER BY (f.n_tup_ins - b.n_tup_ins)
       + (f.n_tup_upd - b.n_tup_upd)
       + (f.n_tup_del - b.n_tup_del) DESC",0,0,0,0,0,0,1,0.140134,0.140134,0.140134,0.140134,0,15,20,0,0,0,0,0,0,0,0,0,0,0,0,0,0,0,0,0,0,0,0,0,0,0,0,0,0,0,0,2026-09-29 01:21:06.83613+00,2026-09-29 01:21:06.83613+00
16410,16412,t,813168665447920835,"INSERT INTO RES_FEAT_STAT(LIB_FEAT_ID,FTYPE_ID,NUM_RES_ENT,NUM_RES_ENT_OOM) VALUES ($1,$2,$3,$4),($5,$6,$7,$8),($9,$10,$11,$12),($13,$14,$15,$16),($17,$18,$19,$20),($21,$22,$23,$24),($25,$26,$27,$28),($29,$30,$31,$32),($33,$34,$35,$36),($37,$38,$39,$40),($41,$42,$43,$44),($45,$46,$47,$48),($49,$50,$51,$52),($53,$54,$55,$56),($57,$58,$59,$60),($61,$62,$63,$64),($65,$66,$67,$68),($69,$70,$71,$72),($73,$74,$75,$76),($77,$78,$79,$80),($81,$82,$83,$84),($85,$86,$87,$88),($89,$90,$91,$92),($93,$94,$95,$96) ON CONFLICT DO NOTHING",0,0,0,0,0,0,502339,12032379.530097052,0.219444,3651.669569,23.952708290809696,91.46706071818483,12056103,118892015,3313,0,116528,0,0,0,0,0,0,21961.415756,11975.287480999985,0,0,0,0,0,0,0,0,0,0,0,0,0,0,0,0,0,2026-09-28 20:44:52.562083+00,2026-09-28 20:44:52.562083+00
16410,16412,t,-493001679317631125,UPDATE SYS_SEQUENCE SET NEXT_SEQUENCE = $1 WHERE SEQUENCE_NAME = $2 AND NEXT_SEQUENCE = $3,0,0,0,0,0,0,5167,8208.935215999998,0.015492,203.38894499999998,1.5887236725372553,8.052718809618145,5127,20688,0,0,0,0,0,0,0,0,0,0,0,0,0,0,0,0,0,0,0,0,0,0,0,0,0,0,0,0,2026-09-28 20:44:52.34412+00,2026-09-28 20:44:52.34412+00
10,16384,t,4509550461641771640,"DECLARE ""query-cursor_16"" SCROLL CURSOR FOR select queryid, left(query, $1), calls, (total_plan_time + total_exec_time) as total_time from aurora_stat_statements($2) order by calls desc limit $3 FOR READ ONLY",0,0,0,0,0,0,1,0.065706,0.065706,0.065706,0.065706,0,0,0,0,0,0,0,0,0,0,0,0,0,0,0,0,0,0,0,0,0,0,0,0,0,0,0,0,0,0,0,2026-09-28 19:33:53.649029+00,2026-09-28 19:33:53.649029+00
16410,16412,t,-6392102736463943507,"COPY  ( SELECT match_key, count ( * ) FROM res_ent_okey GROUP BY match_key ORDER BY 2 DESC ) TO STDOUT WITH CSV HEADER",0,0,0,0,0,0,1,8844.159119,8844.159119,8844.159119,8844.159119,0,929,174453,386,0,0,0,0,0,0,49096,49239,123.373132,0,0,0,73.415999,140.48546,0,0,0,0,0,0,0,0,0,0,0,0,0,2026-09-29 01:23:37.395129+00,2026-09-29 01:23:37.395129+00
10,16384,t,-2023324855577419084,"FETCH 3 IN ""query-cursor_221""",0,0,0,0,0,0,1,0.005292,0.005292,0.005292,0.005292,0,3,0,0,0,0,0,0,0,0,0,0,0,0,0,0,0,0,0,0,0,0,0,0,0,0,0,0,0,0,0,2026-09-29 01:05:53.854417+00,2026-09-29 01:05:53.854417+00
10,16384,t,-8217205721749833233,"FETCH 1 IN ""query-cursor_113""",0,0,0,0,0,0,1,0.004976,0.004976,0.004976,0.004976,0,1,0,0,0,0,0,0,0,0,0,0,0,0,0,0,0,0,0,0,0,0,0,0,0,0,0,0,0,0,0,2026-09-28 21:29:53.739844+00,2026-09-28 21:29:53.739844+00
10,16384,t,3083503433578434872,"MOVE -1974 IN ""query-cursor_216""",0,0,0,0,0,0,1,0.116951,0.116951,0.116951,0.116951,0,0,0,0,0,0,0,0,0,0,0,0,0,0,0,0,0,0,0,0,0,0,0,0,0,0,0,0,0,0,0,2026-09-29 00:55:53.674402+00,2026-09-29 00:55:53.674402+00
10,16384,t,4189056645894174666,"FETCH 0 IN ""query-cursor_217""",0,0,0,0,0,0,1,0.008679,0.008679,0.008679,0.008679,0,0,0,0,0,0,0,0,0,0,0,0,0,0,0,0,0,0,0,0,0,0,0,0,0,0,0,0,0,0,0,2026-09-29 00:57:53.669183+00,2026-09-29 00:57:53.669183+00
10,16384,t,1319150857934238459,"MOVE ALL IN ""query-cursor_143""",0,0,0,0,0,0,1,58.532903,58.532903,58.532903,58.532903,0,0,0,0,0,0,0,0,0,0,0,0,0,0,0,0,0,0,0,0,0,0,0,0,0,0,0,0,0,0,0,2026-09-28 22:31:53.99735+00,2026-09-28 22:31:53.99735+00
10,16384,t,2787260124305215276,"FETCH 50 IN ""query-cursor_12""",0,0,0,0,0,0,3,0.013228,0.003432,0.005323,0.004409333333333334,0.0007733090513429209,150,0,0,0,0,0,0,0,0,0,0,0,0,0,0,0,0,0,0,0,0,0,0,0,0,0,0,0,0,0,2026-09-28 19:29:53.649411+00,2026-09-28 19:29:53.649411+00
10,16384,t,-6187268101934265704,"FETCH 50 IN ""query-cursor_9""",0,0,0,0,0,0,3,0.01117,0.00281,0.004666,0.0037233333333333333,0.0007579926707356007,150,0,0,0,0,0,0,0,0,0,0,0,0,0,0,0,0,0,0,0,0,0,0,0,0,0,0,0,0,0,2026-09-28 19:26:53.649013+00,2026-09-28 19:26:53.649013+00
10,16384,t,-3415027330202508201,"MOVE ALL IN ""query-cursor_16""",0,0,0,0,0,0,1,0.479451,0.479451,0.479451,0.479451,0,0,0,0,0,0,0,0,0,0,0,0,0,0,0,0,0,0,0,0,0,0,0,0,0,0,0,0,0,0,0,2026-09-28 19:33:53.649596+00,2026-09-28 19:33:53.649596+00
16410,16412,t,-8297252771886267624,SELECT CONFIG_DATA FROM SYS_CFG WHERE CONFIG_DATA_ID=$1,0,0,0,0,0,0,114,330.8320740000001,0.24199299999999999,166.846653,2.902035736842106,16.178365855463685,114,3255,28,0,0,0,0,0,0,0,0,207.09095000000002,0,0,0,0,0,0,0,0,0,0,0,0,0,0,0,0,0,0,2026-09-28 19:21:52.165693+00,2026-09-28 19:21:52.165693+00
10,16384,t,-5044022941077999660,"FETCH 0 IN ""query-cursor_226""",0,0,0,0,0,0,1,0.003463,0.003463,0.003463,0.003463,0,0,0,0,0,0,0,0,0,0,0,0,0,0,0,0,0,0,0,0,0,0,0,0,0,0,0,0,0,0,0,2026-09-29 01:15:53.666054+00,2026-09-29 01:15:53.666054+00
10,16384,t,3854244210115730832,"MOVE ALL IN ""query-cursor_200""",0,0,0,0,0,0,1,8.443576,8.443576,8.443576,8.443576,0,0,0,0,0,0,0,0,0,0,0,0,0,0,0,0,0,0,0,0,0,0,0,0,0,0,0,0,0,0,0,2026-09-29 00:27:53.672772+00,2026-09-29 00:27:53.672772+00
10,16384,t,325345753223979173,"MOVE -1803 IN ""query-cursor_188""",0,0,0,0,0,0,1,0.19532,0.19532,0.19532,0.19532,0,0,0,0,0,0,0,0,0,0,0,0,0,0,0,0,0,0,0,0,0,0,0,0,0,0,0,0,0,0,0,2026-09-29 00:05:53.681559+00,2026-09-29 00:05:53.681559+00
10,16384,t,4418547340378024283,"MOVE ALL IN ""query-cursor_5""",0,0,0,0,0,0,1,0.36949,0.36949,0.36949,0.36949,0,0,0,0,0,0,0,0,0,0,0,0,0,0,0,0,0,0,0,0,0,0,0,0,0,0,0,0,0,0,0,2026-09-28 19:22:53.648596+00,2026-09-28 19:22:53.648596+00
16410,16412,t,1303901034283077487,"SELECT RES_ENT_ID,LIB_FEAT_ID,FTYPE_ID,UTYPE_CODE,SUPPRESSED,OBS_ENT_CNT FROM RES_FEAT_EKEY WHERE RES_ENT_ID IN ($1,$2,$3,$4,$5,$6,$7,$8) AND FTYPE_ID IN ($9,$10,$11,$12,$13,$14,$15,$16,$17,$18,$19,$20,$21,$22,$23,$24,$25,$26,$27)",0,0,0,0,0,0,452674,2398610.525897017,0.063711,602.2808309999999,5.298759208386206,20.13203045692086,68644486,15315005,110259,0,0,0,0,0,0,0,0,1904532.0574879951,0,0,0,0,0,0,0,0,0,0,0,0,0,0,0,0,0,0,2026-09-28 20:44:55.790742+00,2026-09-28 20:44:55.790742+00
16410,16412,t,5835410022440023804,DELETE FROM RES_FEAT_EKEY WHERE ((RES_ENT_ID=$1 AND LIB_FEAT_ID=$2 AND UTYPE_CODE=$3)OR(RES_ENT_ID=$4 AND LIB_FEAT_ID=$5 AND UTYPE_CODE=$6)OR(RES_ENT_ID=$7 AND LIB_FEAT_ID=$8 AND UTYPE_CODE=$9)OR(RES_ENT_ID=$10 AND LIB_FEAT_ID=$11 AND UTYPE_CODE=$12)OR(RES_ENT_ID=$13 AND LIB_FEAT_ID=$14 AND UTYPE_CODE=$15)OR(RES_ENT_ID=$16 AND LIB_FEAT_ID=$17 AND UTYPE_CODE=$18)OR(RES_ENT_ID=$19 AND LIB_FEAT_ID=$20 AND UTYPE_CODE=$21)OR(RES_ENT_ID=$22 AND LIB_FEAT_ID=$23 AND UTYPE_CODE=$24)),0,0,0,0,0,0,4477,9316.333448999994,0.018467,295.992058,2.0809321976770145,10.364584745615263,11957,157051,120,0,0,0,0,0,0,0,0,2758.876116,0,0,0,0,0,0,0,0,0,0,0,0,0,0,0,0,0,0,2026-09-28 20:49:00.3547+00,2026-09-28 20:49:00.3547+00
16410,16412,t,-5675309521745769080,"UPDATE RES_FEAT_EKEY AS T SET SUPPRESSED = C.SUPPRESSED FROM (VALUES (CAST ($1 AS BIGINT),CAST ($2 AS BIGINT),$3,$4),(CAST ($5 AS BIGINT),CAST ($6 AS BIGINT),$7,$8),(CAST ($9 AS BIGINT),CAST ($10 AS BIGINT),$11,$12),(CAST ($13 AS BIGINT),CAST ($14 AS BIGINT),$15,$16),(CAST ($17 AS BIGINT),CAST ($18 AS BIGINT),$19,$20),(CAST ($21 AS BIGINT),CAST ($22 AS BIGINT),$23,$24),(CAST ($25 AS BIGINT),CAST ($26 AS BIGINT),$27,$28),(CAST ($29 AS BIGINT),CAST ($30 AS BIGINT),$31,$32),(CAST ($33 AS BIGINT),CAST ($34 AS BIGINT),$35,$36),(CAST ($37 AS BIGINT),CAST ($38 AS BIGINT),$39,$40),(CAST ($41 AS BIGINT),CAST ($42 AS BIGINT),$43,$44),(CAST ($45 AS BIGINT),CAST ($46 AS BIGINT),$47,$48),(CAST ($49 AS BIGINT),CAST ($50 AS BIGINT),$51,$52),(CAST ($53 AS BIGINT),CAST ($54 AS BIGINT),$55,$56),(CAST ($57 AS BIGINT),CAST ($58 AS BIGINT),$59,$60),(CAST ($61 AS BIGINT),CAST ($62 AS BIGINT),$63,$64),(CAST ($65 AS BIGINT),CAST ($66 AS BIGINT),$67,$68),(CAST ($69 AS BIGINT),CAST ($70 AS BIGINT),$71,$72),(CAST ($73 AS BIGINT),CAST ($74 AS BIGINT),$75,$76),(CAST ($77 AS BIGINT),CAST ($78 AS BIGINT),$79,$80),(CAST ($81 AS BIGINT),CAST ($82 AS BIGINT),$83,$84),(CAST ($85 AS BIGINT),CAST ($86 AS BIGINT),$87,$88)) AS C(RES_ENT_ID,LIB_FEAT_ID,UTYPE_CODE,SUPPRESSED) WHERE C.RES_ENT_ID=T.RES_ENT_ID AND C.LIB_FEAT_ID=T.LIB_FEAT_ID AND C.UTYPE_CODE=T.UTYPE_CODE",0,0,0,0,0,0,79304,997807.8177459973,0.16579100000000002,1480.8002330000002,12.582061658251757,37.18883944222793,1744688,16194912,3258,0,4994,0,0,0,0,0,0,86844.60789399996,187.45291300000008,0,0,0,0,0,0,0,0,0,0,0,0,0,0,0,0,0,2026-09-28 20:45:47.515669+00,2026-09-28 20:45:47.515669+00
10,16384,t,-5273495459152482466,"FETCH 0 IN ""query-cursor_66""",0,0,0,0,0,0,1,0.003284,0.003284,0.003284,0.003284,0,0,0,0,0,0,0,0,0,0,0,0,0,0,0,0,0,0,0,0,0,0,0,0,0,0,0,0,0,0,0,2026-09-28 20:23:53.652812+00,2026-09-28 20:23:53.652812+00
16410,16412,t,-45630913880517210,CREATE UNIQUE INDEX OBS_ENT_SK ON OBS_ENT(OBS_ENT_ID),0,0,0,0,0,0,1,2.523037,2.523037,2.523037,2.523037,0,0,87,0,0,0,0,0,0,0,0,0,0,0,0,0,0,0,0,0,0,0,0,0,0,0,0,0,0,0,0,2026-09-28 19:20:35.855561+00,2026-09-28 19:20:35.855561+00
10,16384,t,670395455416033041,"MOVE -1708 IN ""query-cursor_173""",0,0,0,0,0,0,1,0.248269,0.248269,0.248269,0.248269,0,0,0,0,0,0,0,0,0,0,0,0,0,0,0,0,0,0,0,0,0,0,0,0,0,0,0,0,0,0,0,2026-09-28 23:35:53.757877+00,2026-09-28 23:35:53.757877+00
10,16384,t,-5491815674451836886,"DECLARE ""query-cursor_41"" SCROLL CURSOR FOR select queryid, left(query, $1), calls, (total_plan_time + total_exec_time) as total_time from aurora_stat_statements($2) order by calls desc limit $3 FOR READ ONLY",0,0,0,0,0,0,1,0.067331,0.067331,0.067331,0.067331,0,0,0,0,0,0,0,0,0,0,0,0,0,0,0,0,0,0,0,0,0,0,0,0,0,0,0,0,0,0,0,2026-09-28 19:58:53.650877+00,2026-09-28 19:58:53.650877+00
10,16384,t,3384422225460684626,"FETCH 0 IN ""query-cursor_73""",0,0,0,0,0,0,1,0.004156,0.004156,0.004156,0.004156,0,0,0,0,0,0,0,0,0,0,0,0,0,0,0,0,0,0,0,0,0,0,0,0,0,0,0,0,0,0,0,2026-09-28 20:30:53.653403+00,2026-09-28 20:30:53.653403+00
10,16384,t,4791725813765453901,"DECLARE ""query-cursor_83"" SCROLL CURSOR FOR select queryid, left(query, $1), calls, (total_plan_time + total_exec_time) as total_time from aurora_stat_statements($2) order by calls desc limit $3 FOR READ ONLY",0,0,0,0,0,0,1,0.06404,0.06404,0.06404,0.06404,0,0,0,0,0,0,0,0,0,0,0,0,0,0,0,0,0,0,0,0,0,0,0,0,0,0,0,0,0,0,0,2026-09-28 20:40:53.654029+00,2026-09-28 20:40:53.654029+00
10,16384,t,2945163522937215369,"FETCH 0 IN ""query-cursor_186""",0,0,0,0,0,0,1,0.00784,0.00784,0.00784,0.00784,0,0,0,0,0,0,0,0,0,0,0,0,0,0,0,0,0,0,0,0,0,0,0,0,0,0,0,0,0,0,0,2026-09-29 00:01:53.75215+00,2026-09-29 00:01:53.75215+00
10,16384,t,539120823991002422,"FETCH 0 IN ""query-cursor_13""",0,0,0,0,0,0,1,0.00343,0.00343,0.00343,0.00343,0,0,0,0,0,0,0,0,0,0,0,0,0,0,0,0,0,0,0,0,0,0,0,0,0,0,0,0,0,0,0,2026-09-28 19:30:53.648812+00,2026-09-28 19:30:53.648812+00
16410,16412,t,-6070784172706055097,"INSERT INTO LIB_FEAT(LIB_FEAT_ID,FTYPE_ID,FEAT_HASH,FEAT_DESC,FELEM_VALUES,ANONYMIZED,VERSION) VALUES ($1,$2,$3,$4,$5,$6,$7),($8,$9,$10,$11,$12,$13,$14),($15,$16,$17,$18,$19,$20,$21),($22,$23,$24,$25,$26,$27,$28),($29,$30,$31,$32,$33,$34,$35) ON CONFLICT(FTYPE_ID,FEAT_HASH,ANONYMIZED) DO UPDATE SET FTYPE_ID=LIB_FEAT.FTYPE_ID,FEAT_HASH=LIB_FEAT.FEAT_HASH,ANONYMIZED=LIB_FEAT.ANONYMIZED RETURNING LIB_FEAT_ID,FTYPE_ID,FEAT_HASH,ANONYMIZED,FEAT_DESC",0,0,0,0,0,0,1854207,17405538.14738341,0.08769300000000001,2721.059249,9.387052334169491,27.837251076246986,9271035,143205604,781,0,259523,0,0,0,0,0,0,21000.84821499999,38534.57457599985,0,0,0,0,0,0,0,0,0,0,0,0,0,0,0,0,0,2026-09-28 20:44:52.461001+00,2026-09-28 20:44:52.461001+00
10,16384,t,-5121409025242424722,"FETCH 50 IN ""query-cursor_141""",0,0,0,0,0,0,30,0.50214,0.009165,0.037079,0.016738,0.005872827110231208,1500,0,0,0,0,0,0,0,0,0,0,0,0,0,0,0,0,0,0,0,0,0,0,0,0,0,0,0,0,0,2026-09-28 22:27:54.165816+00,2026-09-28 22:27:54.165816+00
10,16384,t,1018833187201849569,"FETCH 0 IN ""query-cursor_14""",0,0,0,0,0,0,1,0.003564,0.003564,0.003564,0.003564,0,0,0,0,0,0,0,0,0,0,0,0,0,0,0,0,0,0,0,0,0,0,0,0,0,0,0,0,0,0,0,2026-09-28 19:31:53.648924+00,2026-09-28 19:31:53.648924+00
16410,16412,t,1859989302975429301,DELETE FROM RES_FEAT_EKEY WHERE ((RES_ENT_ID=$1 AND LIB_FEAT_ID=$2 AND UTYPE_CODE=$3)OR(RES_ENT_ID=$4 AND LIB_FEAT_ID=$5 AND UTYPE_CODE=$6)OR(RES_ENT_ID=$7 AND LIB_FEAT_ID=$8 AND UTYPE_CODE=$9)OR(RES_ENT_ID=$10 AND LIB_FEAT_ID=$11 AND UTYPE_CODE=$12)),0,0,0,0,0,0,14460,14237.269539999976,0.012006,202.474905,0.9845967869986152,5.0862531244672144,42079,285809,12,0,0,0,0,0,0,0,0,99.515687,0,0,0,0,0,0,0,0,0,0,0,0,0,0,0,0,0,0,2026-09-28 20:45:44.500442+00,2026-09-28 20:45:44.500442+00
10,16384,t,-3461516267142337246,"FETCH 41 IN ""query-cursor_219""",0,0,0,0,0,0,1,0.010006,0.010006,0.010006,0.010006,0,41,0,0,0,0,0,0,0,0,0,0,0,0,0,0,0,0,0,0,0,0,0,0,0,0,0,0,0,0,0,2026-09-29 01:01:53.944247+00,2026-09-29 01:01:53.944247+00
10,16384,t,8340338602815682188,"FETCH 50 IN ""query-cursor_133""",0,0,0,0,0,0,28,0.52046,0.00974,0.032679,0.018587857142857146,0.007319232408594525,1400,0,0,0,0,0,0,0,0,0,0,0,0,0,0,0,0,0,0,0,0,0,0,0,0,0,0,0,0,0,2026-09-28 22:09:54.690954+00,2026-09-28 22:09:54.690954+00
16410,16412,t,2037496082081984659,"UPDATE RES_ENT SET LOCKING_ID=LOCKING_ID+$4,LOCK_DSRC_ACTION=$1 WHERE RES_ENT_ID IN ($2,$3)",0,0,0,0,0,0,2506830,3007394.520328873,0.023183000000000002,1308.014303,1.1996802816022119,6.95346712391098,5013660,30896269,492,0,3738,0,0,0,0,0,0,20408.36747399999,102.38711800000004,0,0,0,0,0,0,0,0,0,0,0,0,0,0,0,0,0,2026-09-28 20:44:57.329209+00,2026-09-28 20:44:57.329209+00
10,16384,t,1616699650370724610,"MOVE ALL IN ""query-cursor_135""",0,0,0,0,0,0,1,13.712505,13.712505,13.712505,13.712505,0,0,0,0,0,0,0,0,0,0,0,0,0,0,0,0,0,0,0,0,0,0,0,0,0,0,0,0,0,0,0,2026-09-28 22:15:53.703928+00,2026-09-28 22:15:53.703928+00
16410,16412,t,4667892380139152944,"SELECT RES_ENT_ID,LIB_FEAT_ID,FTYPE_ID,UTYPE_CODE,SUPPRESSED,OBS_ENT_CNT FROM RES_FEAT_EKEY WHERE RES_ENT_ID IN ($1,$2,$3,$4,$5,$6,$7,$8) AND FTYPE_ID IN ($9,$10,$11,$12,$13,$14,$15,$16,$17,$18,$19,$20,$21,$22,$23,$24,$25,$26,$27,$28,$29)",0,0,0,0,0,0,47878,262477.150066999,0.06423,878.053488,5.482207904820565,20.55113862764126,7583498,1609124,12254,0,0,0,0,0,0,0,0,209087.0072959999,0,0,0,0,0,0,0,0,0,0,0,0,0,0,0,0,0,0,2026-09-28 20:44:57.883966+00,2026-09-28 20:44:57.883966+00
10,16384,t,-3542163574160076941,"FETCH 0 IN ""query-cursor_195""",0,0,0,0,0,0,1,0.004412,0.004412,0.004412,0.004412,0,0,0,0,0,0,0,0,0,0,0,0,0,0,0,0,0,0,0,0,0,0,0,0,0,0,0,0,0,0,0,2026-09-29 00:19:53.66359+00,2026-09-29 00:19:53.66359+00
10,16384,t,-5669478925102868239,"DECLARE ""query-cursor_63"" SCROLL CURSOR FOR select queryid, left(query, $1), calls, (total_plan_time + total_exec_time) as total_time from aurora_stat_statements($2) order by calls desc limit $3 FOR READ ONLY",0,0,0,0,0,0,1,0.064409,0.064409,0.064409,0.064409,0,0,0,0,0,0,0,0,0,0,0,0,0,0,0,0,0,0,0,0,0,0,0,0,0,0,0,0,0,0,0,2026-09-28 20:20:53.652518+00,2026-09-28 20:20:53.652518+00
16410,16412,t,-1895927820416413560,"CREATE OR REPLACE FUNCTION perf.snapshot(p_label text) RETURNS void
LANGUAGE plpgsql AS $$
DECLARE
  v_ver int := current_setting('server_version_num')::int;
BEGIN
  -- pg_stat_database — whole-DB, eviction-immune.
  INSERT INTO perf.snap_scalar(label, metric, value)
  SELECT p_label, 'db.'||k, v
  FROM (
    SELECT xact_commit, xact_rollback, blks_read, blks_hit,
           tup_returned, tup_fetched, tup_inserted, tup_updated, tup_deleted,
           temp_files, temp_bytes, deadlocks, blk_read_time, blk_write_time
    FROM pg_stat_database WHERE datname = current_database()
  ) d, LATERAL (VALUES
    ('xact_commit',      d.xact_commit::numeric),
    ('xact_rollback',    d.xact_rollback::numeric),
    ('blks_read',        d.blks_read::numeric),
    ('blks_hit',         d.blks_hit::numeric),
    ('tup_returned',     d.tup_returned::numeric),
    ('tup_fetched',      d.tup_fetched::numeric),
    ('tup_inserted',     d.tup_inserted::numeric),
    ('tup_updated',      d.tup_updated::numeric),
    ('tup_deleted',      d.tup_deleted::numeric),
    ('temp_files',       d.temp_files::numeric),
    ('temp_bytes',       d.temp_bytes::numeric),
    ('deadlocks',        d.deadlocks::numeric),
    ('blk_read_time_ms', d.blk_read_time::numeric),
    ('blk_write_time_ms',d.blk_write_time::numeric)
  ) AS kv(k, v);

  -- pg_stat_wal — WAL-volume headline (PG14+). NOT supported on Aurora
  -- (pg_stat_get_wal() is blocked: Aurora doesn't use stock PostgreSQL WAL), so
  -- wrap in its own subtransaction and skip gracefully if it errors. Use the
  -- CloudWatch VolumeWriteIOPs metric as the write-volume proxy on Aurora.
  IF v_ver >= 140000 THEN
    BEGIN
      INSERT INTO perf.snap_scalar(label, metric, value)
      SELECT p_label, 'wal.'||k, v
      FROM (SELECT wal_records, wal_fpi, wal_bytes FROM pg_stat_wal) w,
      LATERAL (VALUES
        ('wal_records', w.wal_records::numeric),
        ('wal_fpi',     w.wal_fpi::numeric),
        ('wal_bytes',   w.wal_bytes::numeric)
      ) AS kv(k, v);
    EXCEPTION WHEN OTHERS THEN
      RAISE NOTICE 'pg_stat_wal unavailable (e.g. Aurora) — skipping WAL metrics: %', SQLERRM;
    END;
  END IF;

  -- Per-statement, aggregated to one row per queryid for this database.
  -- wal_* per statement is PG13+ — the most telling columns for write-heavy runs.
  INSERT INTO perf.snap_statement(label, queryid, query, calls, rows, total_exec_time,
    shared_blks_hit, shared_blks_read, shared_blks_written, shared_blks_dirtied,
    temp_blks_read, temp_blks_written, wal_records, wal_fpi, wal_bytes)
  SELECT p_label, queryid, left(max(query), 200),
         sum(calls), sum(rows), sum(total_exec_time),
         sum(shared_blks_hit), sum(shared_blks_read),
         sum(shared_blks_written), sum(shared_blks_dirtied),
         sum(temp_blks_read), sum(temp_blks_written),
         sum(wal_records), sum(wal_fpi), sum(wal_bytes)
  FROM pg_stat_statements
  WHERE dbid = (SELECT oid FROM pg_database WHERE datname = current_database())
  GROUP BY queryid;

  -- Per-table tuple + block IO.
  INSERT INTO perf.snap_table(label, relid, relname, n_tup_ins, n_tup_upd, n_tup_del,
    n_tup_hot_upd, seq_scan, idx_scan, heap_blks_read, heap_blks_hit,
    idx_blks_read, idx_blks_hit)
  SELECT p_label, t.relid, t.relname, t.n_tup_ins, t.n_tup_upd, t.n_tup_del,
         t.n_tup_hot_upd, t.seq_scan, coalesce(t.idx_scan, 0),
         io.heap_blks_read, io.heap_blks_hit,
         coalesce(io.idx_blks_read, 0), coalesce(io.idx_blks_hit, 0)
  FROM pg_stat_user_tables t
  JOIN pg_statio_user_tables io ON io.relid = t.relid;
END;
$$",0,0,0,0,0,0,1,1.56708,1.56708,1.56708,1.56708,0,0,41,1,0,0,0,0,0,0,0,0,0.483537,0,0,0,0,0,0,0,0,0,0,0,0,0,0,0,0,0,0,2026-09-28 19:50:43.313224+00,2026-09-28 19:50:43.313224+00
10,16384,t,-7266393711212320731,"MOVE ALL IN ""query-cursor_88""",0,0,0,0,0,0,1,3.345545,3.345545,3.345545,3.345545,0,0,0,0,0,0,0,0,0,0,0,0,0,0,0,0,0,0,0,0,0,0,0,0,0,0,0,0,0,0,0,2026-09-28 20:45:53.658584+00,2026-09-28 20:45:53.658584+00
16410,16412,t,5157551569687287812,"INSERT INTO RES_FEAT_EKEY(RES_ENT_ID,LIB_FEAT_ID,FTYPE_ID,UTYPE_CODE,SUPPRESSED,OBS_ENT_CNT) VALUES ($1,$2,$3,$4,$5,$6),($7,$8,$9,$10,$11,$12),($13,$14,$15,$16,$17,$18),($19,$20,$21,$22,$23,$24),($25,$26,$27,$28,$29,$30),($31,$32,$33,$34,$35,$36),($37,$38,$39,$40,$41,$42) ON CONFLICT DO NOTHING",0,0,0,0,0,0,2309662,21205767.722083226,0.085851,2281.441456,9.181329442179516,26.63817821997505,16167634,223815965,22940,0,205781,0,0,0,0,0,0,547951.3669059991,28988.387808999614,0,0,0,0,0,0,0,0,0,0,0,0,0,0,0,0,0,2026-09-28 20:44:52.446314+00,2026-09-28 20:44:52.446314+00
10,16384,t,595610403874609719,"DECLARE ""query-cursor_227"" SCROLL CURSOR FOR select queryid, left(query, $1), calls, (total_plan_time + total_exec_time) as total_time from aurora_stat_statements($2) order by calls desc limit $3 FOR READ ONLY",0,0,0,0,0,0,1,0.06532,0.06532,0.06532,0.06532,0,0,0,0,0,0,0,0,0,0,0,0,0,0,0,0,0,0,0,0,0,0,0,0,0,0,0,0,0,0,0,2026-09-29 01:16:53.666238+00,2026-09-29 01:16:53.666238+00
10,16384,t,8458014248518068976,"MOVE ALL IN ""query-cursor_76""",0,0,0,0,0,0,1,1.31388,1.31388,1.31388,1.31388,0,0,0,0,0,0,0,0,0,0,0,0,0,0,0,0,0,0,0,0,0,0,0,0,0,0,0,0,0,0,0,2026-09-28 20:33:53.654971+00,2026-09-28 20:33:53.654971+00
10,16384,t,-7291347038062226896,"FETCH 50 IN ""query-cursor_73""",0,0,0,0,0,0,11,0.035769,0.002702,0.005345,0.003251727272727273,0.0007379189523011921,550,0,0,0,0,0,0,0,0,0,0,0,0,0,0,0,0,0,0,0,0,0,0,0,0,0,0,0,0,0,2026-09-28 20:30:53.65486+00,2026-09-28 20:30:53.65486+00
10,16384,t,3319173628325875845,"FETCH 0 IN ""query-cursor_151""",0,0,0,0,0,0,1,0.009619,0.009619,0.009619,0.009619,0,0,0,0,0,0,0,0,0,0,0,0,0,0,0,0,0,0,0,0,0,0,0,0,0,0,0,0,0,0,0,2026-09-28 22:47:53.795125+00,2026-09-28 22:47:53.795125+00
16410,16412,t,3118875543515475733,"SELECT
    now()                    AS at,
    relname,
    n_tup_ins                AS cum_ins,
    n_tup_del                AS cum_del,
    (n_tup_ins - n_tup_del)  AS est_net_depth,
    n_live_tup               AS est_live_tup,
    n_dead_tup               AS est_dead_tup
FROM pg_stat_user_tables
WHERE relname IN ($1,$2)
ORDER BY relname",0,0,0,0,0,0,1,0.15656799999999998,0.15656799999999998,0.15656799999999998,0.15656799999999998,0,2,19,0,0,0,0,0,0,0,0,0,0,0,0,0,0,0,0,0,0,0,0,0,0,0,0,0,0,0,0,2026-09-29 01:20:47.422665+00,2026-09-29 01:20:47.422665+00
16410,16412,t,-4573455990379267114,"INSERT INTO RES_REL_EKEY(RES_REL_ID,RES_ENT_ID,REL_ENT_ID) VALUES ($1,$2,$3),($4,$5,$6),($7,$8,$9),($10,$11,$12),($13,$14,$15),($16,$17,$18),($19,$20,$21) ON CONFLICT DO NOTHING",0,0,0,0,0,0,1,0.22068700000000002,0.22068700000000002,0.22068700000000002,0.22068700000000002,0,7,70,0,0,0,0,0,0,0,0,0,0,0,0,0,0,0,0,0,0,0,0,0,0,0,0,0,0,0,0,2026-09-28 23:51:19.707715+00,2026-09-28 23:51:19.707715+00
16410,16412,t,-7163447121512111627,"SELECT RES_ENT_ID,LIB_FEAT_ID,FTYPE_ID,UTYPE_CODE,SUPPRESSED,OBS_ENT_CNT FROM RES_FEAT_EKEY WHERE RES_ENT_ID IN ($1,$2) AND FTYPE_ID IN ($3,$4,$5,$6,$7,$8,$9,$10,$11)",0,0,0,0,0,0,9812,20263.07057799997,0.034537,311.234783,2.0651315305748033,12.11055446720605,269021,108384,909,0,0,0,0,0,0,0,0,16269.715232999999,0,0,0,0,0,0,0,0,0,0,0,0,0,0,0,0,0,0,2026-09-28 20:45:09.312351+00,2026-09-28 20:45:09.312351+00
10,16384,t,-4689307100815315996,"MOVE ALL IN ""query-cursor_176""",0,0,0,0,0,0,1,16.80327,16.80327,16.80327,16.80327,0,0,0,0,0,0,0,0,0,0,0,0,0,0,0,0,0,0,0,0,0,0,0,0,0,0,0,0,0,0,0,2026-09-28 23:41:53.860762+00,2026-09-28 23:41:53.860762+00
16410,16412,t,3370682044401724355,"INSERT INTO RES_RELATE(RES_REL_ID,MIN_RES_ENT_ID,MAX_RES_ENT_ID,IS_DISCLOSED,IS_AMBIGUOUS,LAST_ERRULE_ID,MATCH_KEY,MATCH_KEY_DETAILS,MATCH_LEVELS) VALUES ($1,$2,$3,$4,$5,$6,$7,$8,$9),($10,$11,$12,$13,$14,$15,$16,$17,$18),($19,$20,$21,$22,$23,$24,$25,$26,$27),($28,$29,$30,$31,$32,$33,$34,$35,$36),($37,$38,$39,$40,$41,$42,$43,$44,$45),($46,$47,$48,$49,$50,$51,$52,$53,$54),($55,$56,$57,$58,$59,$60,$61,$62,$63) ON CONFLICT DO NOTHING",0,0,0,0,0,0,34896,466176.0106010017,0.090973,915.332092,13.359009932399177,41.64774200611993,244272,2152805,12002,0,9898,0,0,0,0,0,0,206113.33770600002,771.7319269999995,0,0,0,0,0,0,0,0,0,0,0,0,0,0,0,0,0,2026-09-28 20:45:10.43519+00,2026-09-28 20:45:10.43519+00
16410,16412,t,7489588082314522700,"SELECT RES_ENT_ID,LIB_FEAT_ID,FTYPE_ID,UTYPE_CODE,SUPPRESSED,OBS_ENT_CNT FROM RES_FEAT_EKEY WHERE RES_ENT_ID IN ($1) AND FTYPE_ID IN ($2,$3,$4,$5,$6,$7,$8,$9,$10,$11,$12,$13,$14,$15,$16,$17,$18,$19,$20,$21,$22,$23,$24,$25,$26,$27,$28,$29,$30,$31,$32,$33,$34,$35,$36,$37,$38,$39,$40,$41,$42,$43,$44,$45,$46,$47,$48,$49,$50,$51,$52,$53,$54,$55,$56,$57,$58,$59,$60,$61,$62,$63,$64,$65)",0,0,0,0,0,0,2419,479.0523389999996,0.008960000000000001,39.051583,0.19803734559735411,2.007230851042617,34366,13856,0,0,0,0,0,0,0,0,0,0,0,0,0,0,0,0,0,0,0,0,0,0,0,0,0,0,0,0,2026-09-28 20:49:09.579508+00,2026-09-28 20:49:09.579508+00
10,16384,t,-1546639698008256299,"FETCH 50 IN ""query-cursor_161""",0,0,0,0,0,0,32,0.5211579999999999,0.010854,0.027754,0.016286187499999997,0.0050345520743998425,1600,0,0,0,0,0,0,0,0,0,0,0,0,0,0,0,0,0,0,0,0,0,0,0,0,0,0,0,0,0,2026-09-28 23:09:53.672545+00,2026-09-28 23:09:53.672545+00
10,16384,t,-4221145904532887447,"DECLARE ""query-cursor_134"" SCROLL CURSOR FOR select queryid, left(query, $1), calls, (total_plan_time + total_exec_time) as total_time from aurora_stat_statements($2) order by calls desc limit $3 FOR READ ONLY",0,0,0,0,0,0,1,0.096976,0.096976,0.096976,0.096976,0,0,0,0,0,0,0,0,0,0,0,0,0,0,0,0,0,0,0,0,0,0,0,0,0,0,0,0,0,0,0,2026-09-28 22:13:54.055441+00,2026-09-28 22:13:54.055441+00
10,16384,t,-2184424622296429656,ALTER ROLE RDSADMIN SET search_path = $1,0,0,0,0,0,0,1,0.209213,0.209213,0.209213,0.209213,0,0,17,0,0,0,0,0,0,0,0,0,0,0,0,0,0,0,0,0,0,0,0,0,0,0,0,0,0,0,0,2026-09-28 19:20:18.020734+00,2026-09-28 19:20:18.020734+00
10,16384,t,2170053540447140598,"DECLARE ""query-cursor_3"" SCROLL CURSOR FOR select queryid, left(query, $1), calls, (total_plan_time + total_exec_time) as total_time from aurora_stat_statements($2) order by calls desc limit $3 FOR READ ONLY",0,0,0,0,0,0,1,0.066279,0.066279,0.066279,0.066279,0,0,0,0,0,0,0,0,0,0,0,0,0,0,0,0,0,0,0,0,0,0,0,0,0,0,0,0,0,0,0,2026-09-28 19:20:53.647994+00,2026-09-28 19:20:53.647994+00
10,16384,t,-6982886801965381960,"FETCH 39 IN ""query-cursor_178""",0,0,0,0,0,0,1,0.010543,0.010543,0.010543,0.010543,0,39,0,0,0,0,0,0,0,0,0,0,0,0,0,0,0,0,0,0,0,0,0,0,0,0,0,0,0,0,0,2026-09-28 23:45:53.69866+00,2026-09-28 23:45:53.69866+00
10,16384,t,1113246271317983294,"FETCH 45 IN ""query-cursor_41""",0,0,0,0,0,0,1,0.003249,0.003249,0.003249,0.003249,0,45,0,0,0,0,0,0,0,0,0,0,0,0,0,0,0,0,0,0,0,0,0,0,0,0,0,0,0,0,0,2026-09-28 19:58:53.653359+00,2026-09-28 19:58:53.653359+00
16410,16412,t,5060525275425730052,"SELECT RES_ENT_ID,LIB_FEAT_ID,FTYPE_ID,UTYPE_CODE,SUPPRESSED,OBS_ENT_CNT FROM RES_FEAT_EKEY WHERE RES_ENT_ID IN ($1,$2) AND FTYPE_ID IN ($3,$4,$5,$6,$7,$8,$9,$10,$11,$12,$13,$14,$15,$16,$17,$18,$19,$20,$21,$22,$23,$24,$25,$26,$27,$28,$29,$30,$31,$32,$33,$34,$35,$36,$37,$38,$39,$40,$41,$42,$43,$44,$45,$46,$47,$48,$49,$50,$51,$52,$53,$54,$55,$56,$57,$58,$59,$60,$61,$62)",0,0,0,0,0,0,33,33.37538300000001,0.046234,30.867188,1.0113752424242426,5.277852816259003,664,377,0,0,0,0,0,0,0,0,0,0,0,0,0,0,0,0,0,0,0,0,0,0,0,0,0,0,0,0,2026-09-28 21:12:13.475874+00,2026-09-28 21:12:13.475874+00
10,16384,t,-2273707512956249882,"MOVE -474 IN ""query-cursor_54""",0,0,0,0,0,0,1,0.012849,0.012849,0.012849,0.012849,0,0,0,0,0,0,0,0,0,0,0,0,0,0,0,0,0,0,0,0,0,0,0,0,0,0,0,0,0,0,0,2026-09-28 20:11:53.653092+00,2026-09-28 20:11:53.653092+00
16410,16412,t,3416425948587793870,"DELETE FROM RES_REL_EKEY WHERE (RES_ENT_ID,REL_ENT_ID,RES_REL_ID) IN (($1,$2,$3))",0,0,0,0,0,0,99,12.648082999999998,0.008656,5.408691,0.12775841414141412,0.5790012176538023,52,488,0,0,0,0,0,0,0,0,0,0,0,0,0,0,0,0,0,0,0,0,0,0,0,0,0,0,0,0,2026-09-28 21:31:43.433858+00,2026-09-28 21:31:43.433858+00
10,16384,t,-6850611014674352812,"FETCH 0 IN ""query-cursor_203""",0,0,0,0,0,0,1,0.004849,0.004849,0.004849,0.004849,0,0,0,0,0,0,0,0,0,0,0,0,0,0,0,0,0,0,0,0,0,0,0,0,0,0,0,0,0,0,0,2026-09-29 00:30:53.664531+00,2026-09-29 00:30:53.664531+00
10,16384,t,-7547365966149768931,"FETCH 22 IN ""query-cursor_160""",0,0,0,0,0,0,1,0.008114,0.008114,0.008114,0.008114,0,22,0,0,0,0,0,0,0,0,0,0,0,0,0,0,0,0,0,0,0,0,0,0,0,0,0,0,0,0,0,2026-09-28 23:07:53.813904+00,2026-09-28 23:07:53.813904+00
10,16384,t,-4564841187369421156,"FETCH 50 IN ""query-cursor_191""",0,0,0,0,0,0,36,0.567296,0.009911,0.028091,0.015758222222222222,0.004137466845191844,1800,0,0,0,0,0,0,0,0,0,0,0,0,0,0,0,0,0,0,0,0,0,0,0,0,0,0,0,0,0,2026-09-29 00:11:53.731633+00,2026-09-29 00:11:53.731633+00
10,16384,t,-5262770432843725500,"FETCH 0 IN ""query-cursor_210""",0,0,0,0,0,0,1,0.008085,0.008085,0.008085,0.008085,0,0,0,0,0,0,0,0,0,0,0,0,0,0,0,0,0,0,0,0,0,0,0,0,0,0,0,0,0,0,0,2026-09-29 00:43:53.669901+00,2026-09-29 00:43:53.669901+00
16410,16412,t,2486205349507429114,"SELECT RES_ENT_ID FROM RES_ENT WHERE RES_ENT_ID IN ($1,$2,$3,$4)",0,0,0,0,0,0,689055,74876.53667700179,0.011636,125.06366,0.10866554437164201,1.2693688689518492,40264,6875897,0,0,0,0,0,0,0,0,0,0,0,0,0,0,0,0,0,0,0,0,0,0,0,0,0,0,0,0,2026-09-28 20:54:08.507012+00,2026-09-28 20:54:08.507012+00
16410,16412,t,4033788947482109185,"INSERT INTO LIB_FEAT(LIB_FEAT_ID,FTYPE_ID,FEAT_HASH,FEAT_DESC,FELEM_VALUES,ANONYMIZED,VERSION) VALUES ($1,$2,$3,$4,$5,$6,$7),($8,$9,$10,$11,$12,$13,$14) ON CONFLICT(FTYPE_ID,FEAT_HASH,ANONYMIZED) DO UPDATE SET FTYPE_ID=LIB_FEAT.FTYPE_ID,FEAT_HASH=LIB_FEAT.FEAT_HASH,ANONYMIZED=LIB_FEAT.ANONYMIZED RETURNING LIB_FEAT_ID,FTYPE_ID,FEAT_HASH,ANONYMIZED,FEAT_DESC",0,0,0,0,0,0,2240374,11450410.17659122,0.049354,2820.739358,5.1109369134757054,18.129886550845757,4480748,69617057,448,0,124719,0,0,0,0,0,0,11248.574939000013,19666.550355000025,0,0,0,0,0,0,0,0,0,0,0,0,0,0,0,0,0,2026-09-28 20:44:52.404824+00,2026-09-28 20:44:52.404824+00
10,16384,t,-3174125509690438047,"FETCH 0 IN ""query-cursor_84""",0,0,0,0,0,0,1,0.003873,0.003873,0.003873,0.003873,0,0,0,0,0,0,0,0,0,0,0,0,0,0,0,0,0,0,0,0,0,0,0,0,0,0,0,0,0,0,0,2026-09-28 20:41:53.654186+00,2026-09-28 20:41:53.654186+00
10,16384,t,8289564135582190389,"MOVE ALL IN ""query-cursor_111""",0,0,0,0,0,0,1,5.741398,5.741398,5.741398,5.741398,0,0,0,0,0,0,0,0,0,0,0,0,0,0,0,0,0,0,0,0,0,0,0,0,0,0,0,0,0,0,0,2026-09-28 21:25:53.696936+00,2026-09-28 21:25:53.696936+00
10,16384,t,-4412384395469284319,"FETCH 50 IN ""query-cursor_198""",0,0,0,0,0,0,37,0.6004710000000001,0.008471,0.062226,0.016228945945945948,0.0088325585284922,1850,0,0,0,0,0,0,0,0,0,0,0,0,0,0,0,0,0,0,0,0,0,0,0,0,0,0,0,0,0,2026-09-29 00:25:53.67209+00,2026-09-29 00:25:53.67209+00
16410,16412,t,-5832709012171957677,"SELECT RES_ENT_ID,LIB_FEAT_ID,FTYPE_ID,UTYPE_CODE,SUPPRESSED,OBS_ENT_CNT FROM RES_FEAT_EKEY WHERE RES_ENT_ID IN ($1,$2) AND FTYPE_ID IN ($3,$4,$5,$6,$7,$8,$9,$10,$11,$12,$13,$14,$15,$16,$17,$18,$19,$20,$21,$22,$23,$24,$25,$26,$27,$28,$29,$30,$31,$32,$33,$34,$35,$36,$37,$38,$39,$40,$41,$42,$43,$44,$45,$46,$47,$48,$49,$50,$51,$52,$53,$54,$55,$56,$57,$58,$59,$60,$61)",0,0,0,0,0,0,173,18.945676,0.042977,5.714062,0.10951257803468208,0.42802976573860363,3054,1889,0,0,0,0,0,0,0,0,0,0,0,0,0,0,0,0,0,0,0,0,0,0,0,0,0,0,0,0,2026-09-28 21:27:13.533459+00,2026-09-28 21:27:13.533459+00
10,16384,t,7264249228596904214,"MOVE ALL IN ""query-cursor_98""",0,0,0,0,0,0,1,4.927609,4.927609,4.927609,4.927609,0,0,0,0,0,0,0,0,0,0,0,0,0,0,0,0,0,0,0,0,0,0,0,0,0,0,0,0,0,0,0,2026-09-28 20:59:53.715766+00,2026-09-28 20:59:53.715766+00
10,16384,t,5733201092801933488,SET password_encryption = $1,0,0,0,0,0,0,1,0.01194,0.01194,0.01194,0.01194,0,0,0,0,0,0,0,0,0,0,0,0,0,0,0,0,0,0,0,0,0,0,0,0,0,0,0,0,0,0,0,2026-09-28 19:18:41.174792+00,2026-09-28 19:18:41.174792+00
10,16384,t,767966735819714846,"MOVE -1980 IN ""query-cursor_217""",0,0,0,0,0,0,1,0.203638,0.203638,0.203638,0.203638,0,0,0,0,0,0,0,0,0,0,0,0,0,0,0,0,0,0,0,0,0,0,0,0,0,0,0,0,0,0,0,2026-09-29 00:57:53.692661+00,2026-09-29 00:57:53.692661+00
10,16384,t,6518889512858556854,"MOVE ALL IN ""query-cursor_209""",0,0,0,0,0,0,1,17.175993,17.175993,17.175993,17.175993,0,0,0,0,0,0,0,0,0,0,0,0,0,0,0,0,0,0,0,0,0,0,0,0,0,0,0,0,0,0,0,2026-09-29 00:41:53.693291+00,2026-09-29 00:41:53.693291+00
10,16384,t,-1870337508018421299,"DECLARE ""query-cursor_65"" SCROLL CURSOR FOR select queryid, left(query, $1), calls, (total_plan_time + total_exec_time) as total_time from aurora_stat_statements($2) order by calls desc limit $3 FOR READ ONLY",0,0,0,0,0,0,1,0.0635,0.0635,0.0635,0.0635,0,0,0,0,0,0,0,0,0,0,0,0,0,0,0,0,0,0,0,0,0,0,0,0,0,0,0,0,0,0,0,2026-09-28 20:22:53.652675+00,2026-09-28 20:22:53.652675+00
10,16384,t,7932210283052565668,"FETCH 39 IN ""query-cursor_73""",0,0,0,0,0,0,1,0.002558,0.002558,0.002558,0.002558,0,39,0,0,0,0,0,0,0,0,0,0,0,0,0,0,0,0,0,0,0,0,0,0,0,0,0,0,0,0,0,2026-09-28 20:30:53.656974+00,2026-09-28 20:30:53.656974+00
10,16384,t,-1245866563098868353,"DECLARE ""query-cursor_162"" SCROLL CURSOR FOR select queryid, left(query, $1), calls, (total_plan_time + total_exec_time) as total_time from aurora_stat_statements($2) order by calls desc limit $3 FOR READ ONLY",0,0,0,0,0,0,1,0.0767,0.0767,0.0767,0.0767,0,0,0,0,0,0,0,0,0,0,0,0,0,0,0,0,0,0,0,0,0,0,0,0,0,0,0,0,0,0,0,2026-09-28 23:11:53.912971+00,2026-09-28 23:11:53.912971+00
10,16384,t,3935153918268753832,"DECLARE ""query-cursor_34"" SCROLL CURSOR FOR select queryid, left(query, $1), calls, (total_plan_time + total_exec_time) as total_time from aurora_stat_statements($2) order by calls desc limit $3 FOR READ ONLY",0,0,0,0,0,0,1,0.065433,0.065433,0.065433,0.065433,0,0,0,0,0,0,0,0,0,0,0,0,0,0,0,0,0,0,0,0,0,0,0,0,0,0,0,0,0,0,0,2026-09-28 19:51:53.650352+00,2026-09-28 19:51:53.650352+00
10,16384,t,6613875329670725116,"MOVE -268 IN ""query-cursor_24""",0,0,0,0,0,0,1,0.007843,0.007843,0.007843,0.007843,0,0,0,0,0,0,0,0,0,0,0,0,0,0,0,0,0,0,0,0,0,0,0,0,0,0,0,0,0,0,0,2026-09-28 19:41:53.650327+00,2026-09-28 19:41:53.650327+00
16410,16412,t,7665846493434763599,"SELECT RES_ENT_ID,LIB_FEAT_ID,FTYPE_ID,UTYPE_CODE,SUPPRESSED,OBS_ENT_CNT FROM RES_FEAT_EKEY WHERE RES_ENT_ID IN ($1,$2,$3,$4,$5,$6,$7,$8) AND FTYPE_ID IN ($9,$10,$11,$12,$13,$14,$15,$16,$17,$18,$19)",0,0,0,0,0,0,61460,303501.5300170001,0.05979,780.114544,4.9381960627562655,19.785557821448343,6172521,2079877,13603,0,0,0,0,0,0,0,0,244214.10035300005,0,0,0,0,0,0,0,0,0,0,0,0,0,0,0,0,0,0,2026-09-28 20:45:01.2614+00,2026-09-28 20:45:01.2614+00
10,16384,t,5899940203518339337,"FETCH 0 IN ""query-cursor_55""",0,0,0,0,0,0,1,0.003708,0.003708,0.003708,0.003708,0,0,0,0,0,0,0,0,0,0,0,0,0,0,0,0,0,0,0,0,0,0,0,0,0,0,0,0,0,0,0,2026-09-28 20:12:53.652007+00,2026-09-28 20:12:53.652007+00
10,16384,t,7106246006048838986,"FETCH 0 IN ""query-cursor_21""",0,0,0,0,0,0,1,0.004029,0.004029,0.004029,0.004029,0,0,0,0,0,0,0,0,0,0,0,0,0,0,0,0,0,0,0,0,0,0,0,0,0,0,0,0,0,0,0,2026-09-28 19:38:53.649441+00,2026-09-28 19:38:53.649441+00
10,16384,t,-7143020185334650222,"FETCH 49 IN ""query-cursor_133""",0,0,0,0,0,0,1,0.014342,0.014342,0.014342,0.014342,0,49,0,0,0,0,0,0,0,0,0,0,0,0,0,0,0,0,0,0,0,0,0,0,0,0,0,0,0,0,0,2026-09-28 22:09:54.736078+00,2026-09-28 22:09:54.736078+00
10,16384,t,7164068624886880203,"MOVE ALL IN ""query-cursor_53""",0,0,0,0,0,0,1,1.04325,1.04325,1.04325,1.04325,0,0,0,0,0,0,0,0,0,0,0,0,0,0,0,0,0,0,0,0,0,0,0,0,0,0,0,0,0,0,0,2026-09-28 20:10:53.652861+00,2026-09-28 20:10:53.652861+00
10,16384,t,906844493518385891,"MOVE -328 IN ""query-cursor_31""",0,0,0,0,0,0,1,0.009642,0.009642,0.009642,0.009642,0,0,0,0,0,0,0,0,0,0,0,0,0,0,0,0,0,0,0,0,0,0,0,0,0,0,0,0,0,0,0,2026-09-28 19:48:53.650973+00,2026-09-28 19:48:53.650973+00
10,16384,t,2295827983442299676,"DECLARE ""query-cursor_27"" SCROLL CURSOR FOR select queryid, left(query, $1), calls, (total_plan_time + total_exec_time) as total_time from aurora_stat_statements($2) order by calls desc limit $3 FOR READ ONLY",0,0,0,0,0,0,1,0.067995,0.067995,0.067995,0.067995,0,0,0,0,0,0,0,0,0,0,0,0,0,0,0,0,0,0,0,0,0,0,0,0,0,0,0,0,0,0,0,2026-09-28 19:44:53.649852+00,2026-09-28 19:44:53.649852+00
10,16384,t,2294335425133773279,"MOVE ALL IN ""query-cursor_152""",0,0,0,0,0,0,1,6.58362,6.58362,6.58362,6.58362,0,0,0,0,0,0,0,0,0,0,0,0,0,0,0,0,0,0,0,0,0,0,0,0,0,0,0,0,0,0,0,2026-09-28 22:49:53.922852+00,2026-09-28 22:49:53.922852+00
10,16384,t,4974874398853052907,"MOVE -1644 IN ""query-cursor_163""",0,0,0,0,0,0,1,0.08684,0.08684,0.08684,0.08684,0,0,0,0,0,0,0,0,0,0,0,0,0,0,0,0,0,0,0,0,0,0,0,0,0,0,0,0,0,0,0,2026-09-28 23:13:53.930239+00,2026-09-28 23:13:53.930239+00
10,16384,t,1968033782512665354,"MOVE -500 IN ""query-cursor_58""",0,0,0,0,0,0,1,0.013538,0.013538,0.013538,0.013538,0,0,0,0,0,0,0,0,0,0,0,0,0,0,0,0,0,0,0,0,0,0,0,0,0,0,0,0,0,0,0,2026-09-28 20:15:53.65342+00,2026-09-28 20:15:53.65342+00
16410,16412,t,-6807146695614492837,CREATE UNIQUE INDEX LIB_FEAT_SK ON LIB_FEAT(LIB_FEAT_ID),0,0,0,0,0,0,1,4.209746,4.209746,4.209746,4.209746,0,0,120,1,0,0,0,0,0,0,0,0,1.081688,0,0,0,0,0,0,0,0,0,0,0,0,0,0,0,0,0,0,2026-09-28 19:20:35.818865+00,2026-09-28 19:20:35.818865+00
10,16384,t,-3042137849420442632,"FETCH 0 IN ""query-cursor_40""",0,0,0,0,0,0,1,0.003683,0.003683,0.003683,0.003683,0,0,0,0,0,0,0,0,0,0,0,0,0,0,0,0,0,0,0,0,0,0,0,0,0,0,0,0,0,0,0,2026-09-28 19:57:53.650852+00,2026-09-28 19:57:53.650852+00
16410,16412,t,-8176456599728080229,"SELECT RES_ENT_ID,LIB_FEAT_ID,FTYPE_ID,UTYPE_CODE,SUPPRESSED,OBS_ENT_CNT FROM RES_FEAT_EKEY WHERE RES_ENT_ID IN ($1,$2,$3,$4,$5,$6,$7,$8) AND FTYPE_ID IN ($9,$10,$11,$12,$13,$14,$15,$16,$17,$18,$19,$20,$21,$22,$23,$24,$25,$26,$27,$28)",0,0,0,0,0,0,217443,1170750.5642230147,0.065356,946.269367,5.38417223926737,20.350782630090652,33898700,7334869,52930,0,0,0,0,0,0,0,0,928469.4308910017,0,0,0,0,0,0,0,0,0,0,0,0,0,0,0,0,0,0,2026-09-28 20:44:56.117319+00,2026-09-28 20:44:56.117319+00
10,16384,t,5247229244647682820,"DECLARE ""query-cursor_117"" SCROLL CURSOR FOR select queryid, left(query, $1), calls, (total_plan_time + total_exec_time) as total_time from aurora_stat_statements($2) order by calls desc limit $3 FOR READ ONLY",0,0,0,0,0,0,1,0.083261,0.083261,0.083261,0.083261,0,0,0,0,0,0,0,0,0,0,0,0,0,0,0,0,0,0,0,0,0,0,0,0,0,0,0,0,0,0,0,2026-09-28 21:37:53.95336+00,2026-09-28 21:37:53.95336+00
10,16384,t,822875012979098929,"FETCH 0 IN ""query-cursor_10""",0,0,0,0,0,0,1,0.003401,0.003401,0.003401,0.003401,0,0,0,0,0,0,0,0,0,0,0,0,0,0,0,0,0,0,0,0,0,0,0,0,0,0,0,0,0,0,0,2026-09-28 19:27:53.648562+00,2026-09-28 19:27:53.648562+00
10,16384,t,-5629090958668130763,"FETCH 17 IN ""query-cursor_24""",0,0,0,0,0,0,1,0.001824,0.001824,0.001824,0.001824,0,17,0,0,0,0,0,0,0,0,0,0,0,0,0,0,0,0,0,0,0,0,0,0,0,0,0,0,0,0,0,2026-09-28 19:41:53.651325+00,2026-09-28 19:41:53.651325+00
10,16384,t,7305591029231858815,"FETCH 50 IN ""query-cursor_110""",0,0,0,0,0,0,25,0.4550200000000001,0.008058,0.036696,0.018200800000000003,0.007418034726260049,1250,0,0,0,0,0,0,0,0,0,0,0,0,0,0,0,0,0,0,0,0,0,0,0,0,0,0,0,0,0,2026-09-28 21:23:54.105109+00,2026-09-28 21:23:54.105109+00
16410,16412,t,-289413638405859069,"SELECT RES_ENT_ID,LIB_FEAT_ID,FTYPE_ID,UTYPE_CODE,SUPPRESSED,OBS_ENT_CNT FROM RES_FEAT_EKEY WHERE RES_ENT_ID IN ($1,$2,$3,$4,$5,$6,$7,$8,$9,$10,$11,$12,$13,$14,$15,$16,$17,$18,$19,$20,$21,$22,$23,$24,$25,$26,$27,$28,$29,$30,$31,$32) AND FTYPE_ID IN ($33,$34,$35,$36,$37,$38,$39,$40,$41,$42,$43,$44)",0,0,0,0,0,0,1002,16536.359390000005,0.35131700000000005,490.230103,16.503352684630745,37.665430858423505,335214,103155,862,0,0,0,0,0,0,0,0,13524.620526999994,0,0,0,0,0,0,0,0,0,0,0,0,0,0,0,0,0,0,2026-09-28 20:46:51.176888+00,2026-09-28 20:46:51.176888+00
16410,16412,t,1446408695538653855,"INSERT INTO RES_FEAT_EKEY(RES_ENT_ID,LIB_FEAT_ID,FTYPE_ID,UTYPE_CODE,SUPPRESSED,OBS_ENT_CNT) VALUES ($1,$2,$3,$4,$5,$6),($7,$8,$9,$10,$11,$12),($13,$14,$15,$16,$17,$18),($19,$20,$21,$22,$23,$24),($25,$26,$27,$28,$29,$30) ON CONFLICT DO NOTHING",0,0,0,0,0,0,2236981,15756746.594941134,0.064243,1749.276142,7.043755219620164,21.310218486152415,11184905,154753662,13605,0,147906,0,0,0,0,0,0,319321.7272739983,20037.11451100029,0,0,0,0,0,0,0,0,0,0,0,0,0,0,0,0,0,2026-09-28 20:44:52.412597+00,2026-09-28 20:44:52.412597+00
10,16384,t,118431917173145806,"DECLARE ""query-cursor_57"" SCROLL CURSOR FOR select queryid, left(query, $1), calls, (total_plan_time + total_exec_time) as total_time from aurora_stat_statements($2) order by calls desc limit $3 FOR READ ONLY",0,0,0,0,0,0,1,0.081307,0.081307,0.081307,0.081307,0,0,0,0,0,0,0,0,0,0,0,0,0,0,0,0,0,0,0,0,0,0,0,0,0,0,0,0,0,0,0,2026-09-28 20:14:53.652107+00,2026-09-28 20:14:53.652107+00
10,16384,t,-624462385016838087,"FETCH 24 IN ""query-cursor_89""",0,0,0,0,0,0,1,0.006002,0.006002,0.006002,0.006002,0,24,0,0,0,0,0,0,0,0,0,0,0,0,0,0,0,0,0,0,0,0,0,0,0,0,0,0,0,0,0,2026-09-28 20:46:53.667386+00,2026-09-28 20:46:53.667386+00
10,16384,t,9161096870954934929,"DECLARE ""query-cursor_223"" SCROLL CURSOR FOR select queryid, left(query, $1), calls, (total_plan_time + total_exec_time) as total_time from aurora_stat_statements($2) order by calls desc limit $3 FOR READ ONLY",0,0,0,0,0,0,1,0.066787,0.066787,0.066787,0.066787,0,0,0,0,0,0,0,0,0,0,0,0,0,0,0,0,0,0,0,0,0,0,0,0,0,0,0,0,0,0,0,2026-09-29 01:09:53.665781+00,2026-09-29 01:09:53.665781+00
10,16384,t,-1093115628509659699,"FETCH 50 IN ""query-cursor_115""",0,0,0,0,0,0,26,0.5723339999999999,0.013105,0.039795,0.02201284615384615,0.007652650564911419,1300,0,0,0,0,0,0,0,0,0,0,0,0,0,0,0,0,0,0,0,0,0,0,0,0,0,0,0,0,0,2026-09-28 21:33:54.140175+00,2026-09-28 21:33:54.140175+00
10,16384,t,-2194656291692130190,"MOVE ALL IN ""query-cursor_163""",0,0,0,0,0,0,1,6.575455,6.575455,6.575455,6.575455,0,0,0,0,0,0,0,0,0,0,0,0,0,0,0,0,0,0,0,0,0,0,0,0,0,0,0,0,0,0,0,2026-09-28 23:13:53.930065+00,2026-09-28 23:13:53.930065+00
10,16384,t,2212632237223636649,"DECLARE ""query-cursor_112"" SCROLL CURSOR FOR select queryid, left(query, $1), calls, (total_plan_time + total_exec_time) as total_time from aurora_stat_statements($2) order by calls desc limit $3 FOR READ ONLY",0,0,0,0,0,0,1,0.084904,0.084904,0.084904,0.084904,0,0,0,0,0,0,0,0,0,0,0,0,0,0,0,0,0,0,0,0,0,0,0,0,0,0,0,0,0,0,0,2026-09-28 21:27:53.774753+00,2026-09-28 21:27:53.774753+00
16410,16412,t,-1344124429297238396,"SELECT LIB_FEAT_ID,FTYPE_ID,UTYPE_CODE,SUPPRESSED,OBS_ENT_CNT FROM RES_FEAT_EKEY WHERE RES_ENT_ID=$1 AND LIB_FEAT_ID IN ($2,$3)",0,0,0,0,0,0,370120,242735.300866,0.010188,494.87931000000003,0.6558286525072949,6.2562214908373655,284767,2881517,27021,0,0,0,0,0,0,0,0,207722.23348900027,0,0,0,0,0,0,0,0,0,0,0,0,0,0,0,0,0,0,2026-09-28 20:45:57.907843+00,2026-09-28 20:45:57.907843+00
10,16384,t,-7800334372140907795,"DECLARE ""query-cursor_188"" SCROLL CURSOR FOR select queryid, left(query, $1), calls, (total_plan_time + total_exec_time) as total_time from aurora_stat_statements($2) order by calls desc limit $3 FOR READ ONLY",0,0,0,0,0,0,1,0.084873,0.084873,0.084873,0.084873,0,0,0,0,0,0,0,0,0,0,0,0,0,0,0,0,0,0,0,0,0,0,0,0,0,0,0,0,0,0,0,2026-09-29 00:05:53.666286+00,2026-09-29 00:05:53.666286+00
10,16384,t,4631177799574895843,"FETCH 27 IN ""query-cursor_145""",0,0,0,0,0,0,1,0.008431,0.008431,0.008431,0.008431,0,27,0,0,0,0,0,0,0,0,0,0,0,0,0,0,0,0,0,0,0,0,0,0,0,0,0,0,0,0,0,2026-09-28 22:35:54.156047+00,2026-09-28 22:35:54.156047+00
10,16384,t,-3124905620203391985,"MOVE ALL IN ""query-cursor_219""",0,0,0,0,0,0,1,7.9486,7.9486,7.9486,7.9486,0,0,0,0,0,0,0,0,0,0,0,0,0,0,0,0,0,0,0,0,0,0,0,0,0,0,0,0,0,0,0,2026-09-29 01:01:53.923678+00,2026-09-29 01:01:53.923678+00
10,16384,t,1280134939615700701,"MOVE ALL IN ""query-cursor_150""",0,0,0,0,0,0,1,6.978416,6.978416,6.978416,6.978416,0,0,0,0,0,0,0,0,0,0,0,0,0,0,0,0,0,0,0,0,0,0,0,0,0,0,0,0,0,0,0,2026-09-28 22:45:53.698977+00,2026-09-28 22:45:53.698977+00
16410,16412,t,4986175030433395078,"SELECT RES_ENT_ID,LIB_FEAT_ID,FTYPE_ID,UTYPE_CODE,SUPPRESSED,OBS_ENT_CNT FROM RES_FEAT_EKEY WHERE RES_ENT_ID IN ($1,$2) AND FTYPE_ID IN ($3,$4,$5,$6,$7,$8,$9,$10,$11,$12,$13,$14,$15,$16,$17,$18)",0,0,0,0,0,0,492073,731788.2839649927,0.028034999999999997,790.770155,1.487153905954996,10.376771148649228,20644607,5343042,29503,0,0,0,0,0,0,0,0,560075.3964569959,0,0,0,0,0,0,0,0,0,0,0,0,0,0,0,0,0,0,2026-09-28 20:44:53.579297+00,2026-09-28 20:44:53.579297+00
10,16384,t,-6542701886818311992,"MOVE -656 IN ""query-cursor_84""",0,0,0,0,0,0,1,0.015843,0.015843,0.015843,0.015843,0,0,0,0,0,0,0,0,0,0,0,0,0,0,0,0,0,0,0,0,0,0,0,0,0,0,0,0,0,0,0,2026-09-28 20:41:53.655718+00,2026-09-28 20:41:53.655718+00
10,16384,t,-6128040967862333723,"FETCH 50 IN ""query-cursor_152""",0,0,0,0,0,0,31,0.4930720000000001,0.011029,0.027435,0.015905548387096777,0.004289742655930575,1550,0,0,0,0,0,0,0,0,0,0,0,0,0,0,0,0,0,0,0,0,0,0,0,0,0,0,0,0,0,2026-09-28 22:49:53.924122+00,2026-09-28 22:49:53.924122+00
16410,16412,t,9087645753989554783,"DELETE FROM RES_RELATE WHERE RES_REL_ID IN ($1,$2,$3,$4)",0,0,0,0,0,0,1136641,683999.171358988,0.012115,510.88992600000006,0.6017723901909117,3.3732745962824033,3880064,16554718,0,0,0,0,0,0,0,0,0,0,0,0,0,0,0,0,0,0,0,0,0,0,0,0,0,0,0,0,2026-09-28 20:44:58.670818+00,2026-09-28 20:44:58.670818+00
16410,16412,t,7214889881273746661,"SELECT RES_ENT_ID,LIB_FEAT_ID,FTYPE_ID,UTYPE_CODE,SUPPRESSED,OBS_ENT_CNT FROM RES_FEAT_EKEY WHERE RES_ENT_ID IN ($1,$2,$3,$4,$5,$6,$7,$8,$9,$10,$11,$12,$13,$14,$15,$16,$17,$18,$19,$20,$21,$22,$23,$24,$25,$26,$27,$28,$29,$30,$31,$32) AND FTYPE_ID IN ($33,$34,$35,$36,$37,$38,$39,$40,$41,$42,$43,$44,$45,$46,$47,$48)",0,0,0,0,0,0,9476,182127.48041899965,0.278692,493.691041,19.219869187315286,40.99157478198696,3993654,1000950,9123,0,0,0,0,0,0,0,0,148664.4831039999,0,0,0,0,0,0,0,0,0,0,0,0,0,0,0,0,0,0,2026-09-28 20:45:52.508668+00,2026-09-28 20:45:52.508668+00
10,16384,t,-3341192871666062201,"MOVE ALL IN ""query-cursor_159""",0,0,0,0,0,0,1,23.931505,23.931505,23.931505,23.931505,0,0,0,0,0,0,0,0,0,0,0,0,0,0,0,0,0,0,0,0,0,0,0,0,0,0,0,0,0,0,0,2026-09-28 23:05:53.776228+00,2026-09-28 23:05:53.776228+00
10,16384,t,-3700669855838546977,"FETCH 38 IN ""query-cursor_194""",0,0,0,0,0,0,1,0.003806,0.003806,0.003806,0.003806,0,38,0,0,0,0,0,0,0,0,0,0,0,0,0,0,0,0,0,0,0,0,0,0,0,0,0,0,0,0,0,2026-09-29 00:17:53.682091+00,2026-09-29 00:17:53.682091+00
10,16384,t,-4420415455163579311,"DECLARE ""query-cursor_10"" SCROLL CURSOR FOR select queryid, left(query, $1), calls, (total_plan_time + total_exec_time) as total_time from aurora_stat_statements($2) order by calls desc limit $3 FOR READ ONLY",0,0,0,0,0,0,1,0.06381,0.06381,0.06381,0.06381,0,0,0,0,0,0,0,0,0,0,0,0,0,0,0,0,0,0,0,0,0,0,0,0,0,0,0,0,0,0,0,2026-09-28 19:27:53.64852+00,2026-09-28 19:27:53.64852+00
10,16384,t,-508465917593617857,"MOVE -1656 IN ""query-cursor_165""",0,0,0,0,0,0,1,0.193599,0.193599,0.193599,0.193599,0,0,0,0,0,0,0,0,0,0,0,0,0,0,0,0,0,0,0,0,0,0,0,0,0,0,0,0,0,0,0,2026-09-28 23:17:53.751583+00,2026-09-28 23:17:53.751583+00
16410,16412,t,7512553123526369955,"INSERT INTO LIB_FEAT(LIB_FEAT_ID,FTYPE_ID,FEAT_HASH,FEAT_DESC,FELEM_VALUES,ANONYMIZED,VERSION) VALUES ($1,$2,$3,$4,$5,$6,$7),($8,$9,$10,$11,$12,$13,$14),($15,$16,$17,$18,$19,$20,$21),($22,$23,$24,$25,$26,$27,$28),($29,$30,$31,$32,$33,$34,$35),($36,$37,$38,$39,$40,$41,$42),($43,$44,$45,$46,$47,$48,$49),($50,$51,$52,$53,$54,$55,$56),($57,$58,$59,$60,$61,$62,$63),($64,$65,$66,$67,$68,$69,$70),($71,$72,$73,$74,$75,$76,$77),($78,$79,$80,$81,$82,$83,$84),($85,$86,$87,$88,$89,$90,$91),($92,$93,$94,$95,$96,$97,$98) ON CONFLICT(FTYPE_ID,FEAT_HASH,ANONYMIZED) DO UPDATE SET FTYPE_ID=LIB_FEAT.FTYPE_ID,FEAT_HASH=LIB_FEAT.FEAT_HASH,ANONYMIZED=LIB_FEAT.ANONYMIZED RETURNING LIB_FEAT_ID,FTYPE_ID,FEAT_HASH,ANONYMIZED,FEAT_DESC",0,0,0,0,0,0,18991784,464191055.96620464,0.217971,3163.498372,24.441677304575737,59.23170451806418,265884976,4116427213,27110,0,10036303,0,0,0,0,0,0,761503.860433002,1056242.9290240444,0,0,0,0,0,0,0,0,0,0,0,0,0,0,0,0,0,2026-09-28 20:44:52.36735+00,2026-09-28 20:44:52.36735+00
10,16384,t,-4733455336980520785,"FETCH 50 IN ""query-cursor_121""",0,0,0,0,0,0,27,0.419981,0.008972,0.027018,0.015554851851851851,0.004741597517197042,1350,0,0,0,0,0,0,0,0,0,0,0,0,0,0,0,0,0,0,0,0,0,0,0,0,0,0,0,0,0,2026-09-28 21:45:53.744543+00,2026-09-28 21:45:53.744543+00
16410,16412,t,3322431600635597596,"SELECT LIB_FEAT_ID,UTYPE_CODE,RES_ENT_ID,OBS_ENT_CNT FROM RES_FEAT_EKEY WHERE LIB_FEAT_ID IN ($1,$2,$3,$4,$5,$6,$7,$8,$9,$10,$11,$12,$13,$14,$15,$16) AND RES_ENT_ID!=$17",0,0,0,0,0,0,15527910,110322248.67588213,0.004372,1606.742673,7.104771258712997,27.084780030649856,56058021,175067694,8675935,0,0,0,0,0,0,0,0,93062899.98467316,0,0,0,0,0,0,0,0,0,0,0,0,0,0,0,0,0,0,2026-09-28 20:44:52.383237+00,2026-09-28 20:44:52.383237+00
10,16384,t,-6325898158887308766,"select s.*, extract($1 from s.lastattempt) as lastattempt_ts from rds_get_stat_connections_counters() as s where s.lastattempt > (now() - interval $2 second) limit $3",0,0,0,0,0,0,234,19.739752000000003,0.021743,0.960464,0.08435791452991455,0.08366461301632953,483,0,0,0,0,0,0,0,0,0,0,0,0,0,0,0,0,0,0,0,0,0,0,0,0,0,0,0,0,0,2026-09-28 19:20:33.699335+00,2026-09-28 19:20:33.699335+00
16410,16412,t,-5577608716388921180,"INSERT INTO RES_RELATE(RES_REL_ID,MIN_RES_ENT_ID,MAX_RES_ENT_ID,IS_DISCLOSED,IS_AMBIGUOUS,LAST_ERRULE_ID,MATCH_KEY,MATCH_KEY_DETAILS,MATCH_LEVELS) VALUES ($1,$2,$3,$4,$5,$6,$7,$8,$9),($10,$11,$12,$13,$14,$15,$16,$17,$18),($19,$20,$21,$22,$23,$24,$25,$26,$27) ON CONFLICT DO NOTHING",0,0,0,0,0,0,1440333,10633846.204024013,0.039764,2181.842858,7.382908121957917,28.230646785238545,4320999,39137102,206576,0,312032,0,0,0,0,0,0,4156986.409594028,19368.219478999974,0,0,0,0,0,0,0,0,0,0,0,0,0,0,0,0,0,2026-09-28 20:44:54.497252+00,2026-09-28 20:44:54.497252+00
10,16384,t,8124883400511105486,"FETCH 0 IN ""query-cursor_171""",0,0,0,0,0,0,1,0.009446,0.009446,0.009446,0.009446,0,0,0,0,0,0,0,0,0,0,0,0,0,0,0,0,0,0,0,0,0,0,0,0,0,0,0,0,0,0,0,2026-09-28 23:29:55.11046+00,2026-09-28 23:29:55.11046+00
10,16384,t,41230763006070,"MOVE ALL IN ""query-cursor_173""",0,0,0,0,0,0,1,24.341003,24.341003,24.341003,24.341003,0,0,0,0,0,0,0,0,0,0,0,0,0,0,0,0,0,0,0,0,0,0,0,0,0,0,0,0,0,0,0,2026-09-28 23:35:53.720372+00,2026-09-28 23:35:53.720372+00
10,16384,t,7092296012782336938,ALTER ROLE rdsadmin SET idle_in_transaction_session_timeout = $1,0,0,0,0,0,0,1,0.055818,0.055818,0.055818,0.055818,0,0,3,0,0,0,0,0,0,0,0,0,0,0,0,0,0,0,0,0,0,0,0,0,0,0,0,0,0,0,0,2026-09-28 19:20:19.011668+00,2026-09-28 19:20:19.011668+00
10,16384,t,8865930229168687718,"FETCH 39 IN ""query-cursor_90""",0,0,0,0,0,0,1,0.009637,0.009637,0.009637,0.009637,0,39,0,0,0,0,0,0,0,0,0,0,0,0,0,0,0,0,0,0,0,0,0,0,0,0,0,0,0,0,0,2026-09-28 20:47:53.674996+00,2026-09-28 20:47:53.674996+00
10,16384,t,8294518625341205277,"FETCH 0 IN ""query-cursor_211""",0,0,0,0,0,0,1,0.006262,0.006262,0.006262,0.006262,0,0,0,0,0,0,0,0,0,0,0,0,0,0,0,0,0,0,0,0,0,0,0,0,0,0,0,0,0,0,0,2026-09-29 00:45:53.665466+00,2026-09-29 00:45:53.665466+00
10,16384,t,-3760858310846352225,"FETCH 23 IN ""query-cursor_25""",0,0,0,0,0,0,1,0.002405,0.002405,0.002405,0.002405,0,23,0,0,0,0,0,0,0,0,0,0,0,0,0,0,0,0,0,0,0,0,0,0,0,0,0,0,0,0,0,2026-09-28 19:42:53.651401+00,2026-09-28 19:42:53.651401+00
16410,16412,t,8489328819479589459,"SELECT RES_ENT_ID,LIB_FEAT_ID,FTYPE_ID,UTYPE_CODE,SUPPRESSED,OBS_ENT_CNT FROM RES_FEAT_EKEY WHERE RES_ENT_ID IN ($1,$2,$3,$4) AND FTYPE_ID IN ($5,$6,$7,$8,$9,$10,$11,$12,$13,$14,$15,$16,$17,$18,$19,$20,$21,$22,$23,$24,$25,$26,$27,$28,$29,$30,$31,$32,$33,$34,$35,$36,$37,$38,$39,$40,$41,$42,$43,$44,$45,$46,$47,$48,$49,$50,$51,$52,$53,$54)",0,0,0,0,0,0,58,5.3391839999999995,0.051188,0.204956,0.09205489655172414,0.028547070167737214,199,955,0,0,0,0,0,0,0,0,0,0,0,0,0,0,0,0,0,0,0,0,0,0,0,0,0,0,0,0,2026-09-28 21:59:38.519879+00,2026-09-28 21:59:38.519879+00
10,16384,t,3956729987471992071,"DECLARE ""query-cursor_12"" SCROLL CURSOR FOR select queryid, left(query, $1), calls, (total_plan_time + total_exec_time) as total_time from aurora_stat_statements($2) order by calls desc limit $3 FOR READ ONLY",0,0,0,0,0,0,1,0.069025,0.069025,0.069025,0.069025,0,0,0,0,0,0,0,0,0,0,0,0,0,0,0,0,0,0,0,0,0,0,0,0,0,0,0,0,0,0,0,2026-09-28 19:29:53.648735+00,2026-09-28 19:29:53.648735+00
16410,16412,t,7987166870876121091,"INSERT INTO RES_FEAT_EKEY(RES_ENT_ID,LIB_FEAT_ID,FTYPE_ID,UTYPE_CODE,SUPPRESSED,OBS_ENT_CNT) VALUES ($1,$2,$3,$4,$5,$6),($7,$8,$9,$10,$11,$12),($13,$14,$15,$16,$17,$18),($19,$20,$21,$22,$23,$24),($25,$26,$27,$28,$29,$30),($31,$32,$33,$34,$35,$36),($37,$38,$39,$40,$41,$42),($43,$44,$45,$46,$47,$48),($49,$50,$51,$52,$53,$54),($55,$56,$57,$58,$59,$60) ON CONFLICT DO NOTHING",0,0,0,0,0,0,2193418,27204301.488449387,0.11587700000000001,1948.025194,12.402698203648091,33.8149006808738,21934180,303375796,40546,0,287478,0,0,0,0,0,0,978770.7609769925,36583.714139000855,0,0,0,0,0,0,0,0,0,0,0,0,0,0,0,0,0,2026-09-28 20:44:52.436696+00,2026-09-28 20:44:52.436696+00
10,16384,t,4067719903477811128,"FETCH 0 IN ""query-cursor_24""",0,0,0,0,0,0,1,0.003489,0.003489,0.003489,0.003489,0,0,0,0,0,0,0,0,0,0,0,0,0,0,0,0,0,0,0,0,0,0,0,0,0,0,0,0,0,0,0,2026-09-28 19:41:53.649669+00,2026-09-28 19:41:53.649669+00
10,16384,t,3045304824306625237,"FETCH 50 IN ""query-cursor_172""",0,0,0,0,0,0,34,0.508954,0.009535,0.023171,0.014969235294117648,0.004567976447727114,1700,0,0,0,0,0,0,0,0,0,0,0,0,0,0,0,0,0,0,0,0,0,0,0,0,0,0,0,0,0,2026-09-28 23:33:53.963181+00,2026-09-28 23:33:53.963181+00
10,16384,t,-433938193763932025,"MOVE -432 IN ""query-cursor_47""",0,0,0,0,0,0,1,0.011584,0.011584,0.011584,0.011584,0,0,0,0,0,0,0,0,0,0,0,0,0,0,0,0,0,0,0,0,0,0,0,0,0,0,0,0,0,0,0,2026-09-28 20:04:53.652507+00,2026-09-28 20:04:53.652507+00
16410,16412,t,-6584799622022706607,"SELECT RES_ENT_ID,OBS_ENT_ID,ERRULE_ID,MATCH_KEY FROM RES_ENT_OKEY WHERE RES_ENT_ID IN ($1,$2,$3,$4,$5,$6,$7,$8,$9,$10,$11,$12,$13,$14,$15,$16)",0,0,0,0,0,0,110,31.325096999999992,0.061748000000000004,11.621915,0.28477360909090904,1.3524182608532769,1445,5312,0,0,0,0,0,0,0,0,0,0,0,0,0,0,0,0,0,0,0,0,0,0,0,0,0,0,0,0,2026-09-28 21:43:22.400709+00,2026-09-28 21:43:22.400709+00
10,16384,t,7840752183051818549,"select coalesce(extract($1 from max(now() - state_change)), $2) as idle_in_transaction_max_time, count(*) as idle_in_transaction_count from pg_stat_activity where state = $3",0,0,0,0,0,0,235,5072.268517999996,0.149542,406.475683,21.584121353191474,52.139893772184344,235,0,0,0,0,0,0,0,0,0,0,0,0,0,0,0,0,0,0,0,0,0,0,0,0,0,0,0,0,0,2026-09-28 19:18:53.208342+00,2026-09-28 19:18:53.208342+00
16410,16412,t,-3502453116086143639,"INSERT INTO RES_FEAT_EKEY(RES_ENT_ID,LIB_FEAT_ID,FTYPE_ID,UTYPE_CODE,SUPPRESSED,OBS_ENT_CNT) VALUES ($1,$2,$3,$4,$5,$6),($7,$8,$9,$10,$11,$12),($13,$14,$15,$16,$17,$18),($19,$20,$21,$22,$23,$24),($25,$26,$27,$28,$29,$30),($31,$32,$33,$34,$35,$36) ON CONFLICT DO NOTHING",0,0,0,0,0,0,2080113,17063520.047877483,0.07571699999999999,2016.123877,8.203169754661157,23.98059742428886,12480678,172805839,16968,0,156755,0,0,0,0,0,0,408883.4425640011,22939.421852000134,0,0,0,0,0,0,0,0,0,0,0,0,0,0,0,0,0,2026-09-28 20:44:52.454215+00,2026-09-28 20:44:52.454215+00
10,16384,t,4285757916601300173,"FETCH 0 IN ""query-cursor_136""",0,0,0,0,0,0,1,0.004685,0.004685,0.004685,0.004685,0,0,0,0,0,0,0,0,0,0,0,0,0,0,0,0,0,0,0,0,0,0,0,0,0,0,0,0,0,0,0,2026-09-28 22:17:53.913843+00,2026-09-28 22:17:53.913843+00
10,16384,t,-1113199713270689714,"MOVE -1578 IN ""query-cursor_153""",0,0,0,0,0,0,1,0.103045,0.103045,0.103045,0.103045,0,0,0,0,0,0,0,0,0,0,0,0,0,0,0,0,0,0,0,0,0,0,0,0,0,0,0,0,0,0,0,2026-09-28 22:51:53.676856+00,2026-09-28 22:51:53.676856+00
16410,16412,t,-2503826466694178796,"UPDATE RES_FEAT_EKEY AS T SET SUPPRESSED=C.SUPPRESSED,OBS_ENT_CNT=C.OBS_ENT_CNT FROM (VALUES (CAST ($1 AS BIGINT),CAST ($2 AS BIGINT),$3,$4,CAST ($5 AS BIGINT)),(CAST ($6 AS BIGINT),CAST ($7 AS BIGINT),$8,$9,CAST ($10 AS BIGINT)),(CAST ($11 AS BIGINT),CAST ($12 AS BIGINT),$13,$14,CAST ($15 AS BIGINT)),(CAST ($16 AS BIGINT),CAST ($17 AS BIGINT),$18,$19,CAST ($20 AS BIGINT)),(CAST ($21 AS BIGINT),CAST ($22 AS BIGINT),$23,$24,CAST ($25 AS BIGINT)),(CAST ($26 AS BIGINT),CAST ($27 AS BIGINT),$28,$29,CAST ($30 AS BIGINT)),(CAST ($31 AS BIGINT),CAST ($32 AS BIGINT),$33,$34,CAST ($35 AS BIGINT)),(CAST ($36 AS BIGINT),CAST ($37 AS BIGINT),$38,$39,CAST ($40 AS BIGINT))) AS C(RES_ENT_ID,LIB_FEAT_ID,UTYPE_CODE,SUPPRESSED,OBS_ENT_CNT) WHERE C.RES_ENT_ID=T.RES_ENT_ID AND C.LIB_FEAT_ID=T.LIB_FEAT_ID AND C.UTYPE_CODE=T.UTYPE_CODE",0,0,0,0,0,0,281407,3351920.275931997,0.076276,1078.5853299999999,11.911289612312405,30.18132286546405,2251253,29600397,54970,0,6445,0,0,0,0,0,0,1229719.5891429943,365.13634500000035,0,0,0,0,0,0,0,0,0,0,0,0,0,0,0,0,0,2026-09-28 20:45:30.421433+00,2026-09-28 20:45:30.421433+00
10,16384,t,-8905295154691842761,"FETCH 30 IN ""query-cursor_232""",0,0,0,0,0,0,1,0.002842,0.002842,0.002842,0.002842,0,30,0,0,0,0,0,0,0,0,0,0,0,0,0,0,0,0,0,0,0,0,0,0,0,0,0,0,0,0,0,2026-09-29 01:21:53.684143+00,2026-09-29 01:21:53.684143+00
10,16384,t,7585996880391097537,"FETCH 24 IN ""query-cursor_116""",0,0,0,0,0,0,1,0.007814,0.007814,0.007814,0.007814,0,24,0,0,0,0,0,0,0,0,0,0,0,0,0,0,0,0,0,0,0,0,0,0,0,0,0,0,0,0,0,2026-09-28 21:35:54.022326+00,2026-09-28 21:35:54.022326+00
16410,16412,t,-161738609143909224,"SELECT LIB_FEAT_ID,FTYPE_ID,UTYPE_CODE,SUPPRESSED,OBS_ENT_CNT FROM RES_FEAT_EKEY WHERE RES_ENT_ID=$1 AND LIB_FEAT_ID IN ($2,$3,$4,$5)",0,0,0,0,0,0,83972,97712.89817200034,0.014773000000000001,617.27282,1.1636366666507925,9.93862232135472,108844,1023552,9504,0,0,0,0,0,0,0,0,86329.22163600003,0,0,0,0,0,0,0,0,0,0,0,0,0,0,0,0,0,0,2026-09-28 20:52:31.819492+00,2026-09-28 20:52:31.819492+00
10,16384,t,396359058459983977,"MOVE ALL IN ""query-cursor_69""",0,0,0,0,0,0,1,1.343977,1.343977,1.343977,1.343977,0,0,0,0,0,0,0,0,0,0,0,0,0,0,0,0,0,0,0,0,0,0,0,0,0,0,0,0,0,0,0,2026-09-28 20:26:53.654465+00,2026-09-28 20:26:53.654465+00
10,16384,t,-6115404043504233335,"MOVE -1715 IN ""query-cursor_174""",0,0,0,0,0,0,1,0.110706,0.110706,0.110706,0.110706,0,0,0,0,0,0,0,0,0,0,0,0,0,0,0,0,0,0,0,0,0,0,0,0,0,0,0,0,0,0,0,2026-09-28 23:37:53.895885+00,2026-09-28 23:37:53.895885+00
10,16384,t,-4813361940416895133,"DECLARE ""query-cursor_144"" SCROLL CURSOR FOR select queryid, left(query, $1), calls, (total_plan_time + total_exec_time) as total_time from aurora_stat_statements($2) order by calls desc limit $3 FOR READ ONLY",0,0,0,0,0,0,1,0.076231,0.076231,0.076231,0.076231,0,0,0,0,0,0,0,0,0,0,0,0,0,0,0,0,0,0,0,0,0,0,0,0,0,0,0,0,0,0,0,2026-09-28 22:33:53.664958+00,2026-09-28 22:33:53.664958+00
10,16384,t,8268682805303408808,"FETCH 29 IN ""query-cursor_55""",0,0,0,0,0,0,1,0.00252,0.00252,0.00252,0.00252,0,29,0,0,0,0,0,0,0,0,0,0,0,0,0,0,0,0,0,0,0,0,0,0,0,0,0,0,0,0,0,2026-09-28 20:12:53.654996+00,2026-09-28 20:12:53.654996+00
10,16384,t,8632073413179755587,"FETCH 50 IN ""query-cursor_25""",0,0,0,0,0,0,5,0.018026999999999998,0.003043,0.005311,0.0036053999999999995,0.0008629022192577786,250,0,0,0,0,0,0,0,0,0,0,0,0,0,0,0,0,0,0,0,0,0,0,0,0,0,0,0,0,0,2026-09-28 19:42:53.650455+00,2026-09-28 19:42:53.650455+00
16410,16412,t,-8159121024095295420,"SELECT RES_ENT_ID,REL_ENT_ID,RES_REL_ID FROM RES_REL_EKEY WHERE RES_ENT_ID = $1 AND REL_ENT_ID = $2",0,0,0,0,0,0,4989884,185956.01891101914,0.004553000000000001,204.206327,0.03726660157050127,0.4924348867716406,4989884,28978847,1,0,0,0,0,0,0,0,0,204.17,0,0,0,0,0,0,0,0,0,0,0,0,0,0,0,0,0,0,2026-09-28 20:44:58.912662+00,2026-09-28 20:44:58.912662+00
16410,16412,t,8006608939813367640,CREATE INDEX RES_FEAT_EKEY_SK ON RES_FEAT_EKEY(RES_ENT_ID),0,0,0,0,0,0,1,2.287882,2.287882,2.287882,2.287882,0,0,87,0,0,0,0,0,0,0,0,0,0,0,0,0,0,0,0,0,0,0,0,0,0,0,0,0,0,0,0,2026-09-28 19:20:35.881368+00,2026-09-28 19:20:35.881368+00
16410,16412,t,-2653931184144399911,COPY  ( SELECT * FROM pg_stat_io WHERE reads <> 0 OR writes <> 0 OR extends <> 0 ) TO STDOUT WITH CSV HEADER,0,0,0,0,0,0,1,0.609958,0.609958,0.609958,0.609958,0,6,37,0,0,0,0,0,0,0,0,0,0,0,0,0,0,0,0,0,0,0,0,0,0,0,0,0,0,0,0,2026-09-29 01:24:02.496714+00,2026-09-29 01:24:02.496714+00
10,16384,t,-5043764754942639709,"FETCH 20 IN ""query-cursor_92""",0,0,0,0,0,0,1,0.006368,0.006368,0.006368,0.006368,0,20,0,0,0,0,0,0,0,0,0,0,0,0,0,0,0,0,0,0,0,0,0,0,0,0,0,0,0,0,0,2026-09-28 20:49:53.667127+00,2026-09-28 20:49:53.667127+00
10,16384,t,5753907268099521058,"DECLARE ""query-cursor_172"" SCROLL CURSOR FOR select queryid, left(query, $1), calls, (total_plan_time + total_exec_time) as total_time from aurora_stat_statements($2) order by calls desc limit $3 FOR READ ONLY",0,0,0,0,0,0,1,0.090628,0.090628,0.090628,0.090628,0,0,0,0,0,0,0,0,0,0,0,0,0,0,0,0,0,0,0,0,0,0,0,0,0,0,0,0,0,0,0,2026-09-28 23:33:53.900482+00,2026-09-28 23:33:53.900482+00
10,16384,t,5875446393565899983,"FETCH 50 IN ""query-cursor_210""",0,0,0,0,0,0,38,0.688352,0.009688,0.033476,0.018114526315789473,0.008308849808730707,1900,0,0,0,0,0,0,0,0,0,0,0,0,0,0,0,0,0,0,0,0,0,0,0,0,0,0,0,0,0,2026-09-29 00:43:54.077618+00,2026-09-29 00:43:54.077618+00
10,16384,t,5383767572014801432,"DECLARE ""query-cursor_95"" SCROLL CURSOR FOR select queryid, left(query, $1), calls, (total_plan_time + total_exec_time) as total_time from aurora_stat_statements($2) order by calls desc limit $3 FOR READ ONLY",0,0,0,0,0,0,1,0.13581,0.13581,0.13581,0.13581,0,0,0,0,0,0,0,0,0,0,0,0,0,0,0,0,0,0,0,0,0,0,0,0,0,0,0,0,0,0,0,2026-09-28 20:53:53.703078+00,2026-09-28 20:53:53.703078+00
10,16384,t,5728208846679850632,"FETCH 50 IN ""query-cursor_230""",0,0,0,0,0,0,41,0.15671700000000002,0.002696,0.006623,0.003822365853658537,0.0011379133825344964,2050,0,0,0,0,0,0,0,0,0,0,0,0,0,0,0,0,0,0,0,0,0,0,0,0,0,0,0,0,0,2026-09-29 01:19:53.671687+00,2026-09-29 01:19:53.671687+00
16410,16412,t,-5750341632080856890,"INSERT INTO RES_RELATE(RES_REL_ID,MIN_RES_ENT_ID,MAX_RES_ENT_ID,IS_DISCLOSED,IS_AMBIGUOUS,LAST_ERRULE_ID,MATCH_KEY,MATCH_KEY_DETAILS,MATCH_LEVELS) VALUES ($1,$2,$3,$4,$5,$6,$7,$8,$9),($10,$11,$12,$13,$14,$15,$16,$17,$18),($19,$20,$21,$22,$23,$24,$25,$26,$27),($28,$29,$30,$31,$32,$33,$34,$35,$36) ON CONFLICT DO NOTHING",0,0,0,0,0,0,778740,7382199.051401827,0.056179,2108.2968229999997,9.479671073017728,33.708379835199224,3114960,27870879,172548,0,189230,0,0,0,0,0,0,3323695.0935750096,9271.313682000075,0,0,0,0,0,0,0,0,0,0,0,0,0,0,0,0,0,2026-09-28 20:44:54.698309+00,2026-09-28 20:44:54.698309+00
10,16384,t,-6644335007155970359,"FETCH 50 IN ""query-cursor_160""",0,0,0,0,0,0,32,0.5149730000000001,0.008502,0.035502,0.016092906250000004,0.005711436062625662,1600,0,0,0,0,0,0,0,0,0,0,0,0,0,0,0,0,0,0,0,0,0,0,0,0,0,0,0,0,0,2026-09-28 23:07:53.794451+00,2026-09-28 23:07:53.794451+00
10,16384,t,-2892364195522709521,"select max(age(coalesce(backend_xmin, backend_xid))) as oldest_running_transaction_xid_age from pg_stat_activity where state != $1",0,0,0,0,0,0,235,3973.507339000002,0.101759,530.005978,16.908541868085116,46.20639802484651,235,0,0,0,0,0,0,0,0,0,0,0,0,0,0,0,0,0,0,0,0,0,0,0,0,0,0,0,0,0,2026-09-28 19:18:53.220902+00,2026-09-28 19:18:53.220902+00
10,16384,t,-2498243988052788927,"DECLARE ""query-cursor_146"" SCROLL CURSOR FOR select queryid, left(query, $1), calls, (total_plan_time + total_exec_time) as total_time from aurora_stat_statements($2) order by calls desc limit $3 FOR READ ONLY",0,0,0,0,0,0,1,0.078725,0.078725,0.078725,0.078725,0,0,0,0,0,0,0,0,0,0,0,0,0,0,0,0,0,0,0,0,0,0,0,0,0,0,0,0,0,0,0,2026-09-28 22:37:53.698605+00,2026-09-28 22:37:53.698605+00
10,16384,t,851739641262664012,"FETCH 0 IN ""query-cursor_75""",0,0,0,0,0,0,1,0.00334,0.00334,0.00334,0.00334,0,0,0,0,0,0,0,0,0,0,0,0,0,0,0,0,0,0,0,0,0,0,0,0,0,0,0,0,0,0,0,2026-09-28 20:32:53.653602+00,2026-09-28 20:32:53.653602+00
16410,16412,t,-9220974224130986890,"INSERT INTO RES_REL_EKEY(RES_REL_ID,RES_ENT_ID,REL_ENT_ID) VALUES ($1,$2,$3),($4,$5,$6),($7,$8,$9),($10,$11,$12),($13,$14,$15),($16,$17,$18) ON CONFLICT DO NOTHING",0,0,0,0,0,0,1440120,7086334.95370507,0.065991,814.489456,4.920655885415847,15.082357912179727,8640678,79832602,16376,0,87568,0,0,0,0,0,0,510775.1767770026,17179.488903999958,0,0,0,0,0,0,0,0,0,0,0,0,0,0,0,0,0,2026-09-28 20:44:54.496457+00,2026-09-28 20:44:54.496457+00
16410,16412,t,-9168611900938025749,DELETE FROM RES_FEAT_EKEY WHERE ((RES_ENT_ID=$1 AND LIB_FEAT_ID=$2 AND UTYPE_CODE=$3)OR(RES_ENT_ID=$4 AND LIB_FEAT_ID=$5 AND UTYPE_CODE=$6)OR(RES_ENT_ID=$7 AND LIB_FEAT_ID=$8 AND UTYPE_CODE=$9)OR(RES_ENT_ID=$10 AND LIB_FEAT_ID=$11 AND UTYPE_CODE=$12)OR(RES_ENT_ID=$13 AND LIB_FEAT_ID=$14 AND UTYPE_CODE=$15)OR(RES_ENT_ID=$16 AND LIB_FEAT_ID=$17 AND UTYPE_CODE=$18)OR(RES_ENT_ID=$19 AND LIB_FEAT_ID=$20 AND UTYPE_CODE=$21)OR(RES_ENT_ID=$22 AND LIB_FEAT_ID=$23 AND UTYPE_CODE=$24)OR(RES_ENT_ID=$25 AND LIB_FEAT_ID=$26 AND UTYPE_CODE=$27)OR(RES_ENT_ID=$28 AND LIB_FEAT_ID=$29 AND UTYPE_CODE=$30)OR(RES_ENT_ID=$31 AND LIB_FEAT_ID=$32 AND UTYPE_CODE=$33)OR(RES_ENT_ID=$34 AND LIB_FEAT_ID=$35 AND UTYPE_CODE=$36)OR(RES_ENT_ID=$37 AND LIB_FEAT_ID=$38 AND UTYPE_CODE=$39)OR(RES_ENT_ID=$40 AND LIB_FEAT_ID=$41 AND UTYPE_CODE=$42)OR(RES_ENT_ID=$43 AND LIB_FEAT_ID=$44 AND UTYPE_CODE=$45)OR(RES_ENT_ID=$46 AND LIB_FEAT_ID=$47 AND UTYPE_CODE=$48)OR(RES_ENT_ID=$49 AND LIB_FEAT_ID=$50 AND UTYPE_CODE=$51)OR(RES_ENT_ID=$52 AND LIB_FEAT_ID=$53 AND UTYPE_CODE=$54)OR(RES_ENT_ID=$55 AND LIB_FEAT_ID=$56 AND UTYPE_CODE=$57)OR(RES_ENT_ID=$58 AND LIB_FEAT_ID=$59 AND UTYPE_CODE=$60)OR(RES_ENT_ID=$61 AND LIB_FEAT_ID=$62 AND UTYPE_CODE=$63)OR(RES_ENT_ID=$64 AND LIB_FEAT_ID=$65 AND UTYPE_CODE=$66)OR(RES_ENT_ID=$67 AND LIB_FEAT_ID=$68 AND UTYPE_CODE=$69)OR(RES_ENT_ID=$70 AND LIB_FEAT_ID=$71 AND UTYPE_CODE=$72)OR(RES_ENT_ID=$73 AND LIB_FEAT_ID=$74 AND UTYPE_CODE=$75)OR(RES_ENT_ID=$76 AND LIB_FEAT_ID=$77 AND UTYPE_CODE=$78)OR(RES_ENT_ID=$79 AND LIB_FEAT_ID=$80 AND UTYPE_CODE=$81)),0,0,0,0,0,0,13871,283255.96028500004,0.067226,476.040679,20.42073104210223,40.85214252896794,351098,1864266,2226,0,0,0,0,0,0,0,0,95079.21919700013,0,0,0,0,0,0,0,0,0,0,0,0,0,0,0,0,0,0,2026-09-28 20:45:19.219473+00,2026-09-28 20:45:19.219473+00
10,16384,t,8571521834025027921,"MOVE ALL IN ""query-cursor_197""",0,0,0,0,0,0,1,5.164916,5.164916,5.164916,5.164916,0,0,0,0,0,0,0,0,0,0,0,0,0,0,0,0,0,0,0,0,0,0,0,0,0,0,0,0,0,0,0,2026-09-29 00:23:53.668867+00,2026-09-29 00:23:53.668867+00
10,16384,t,-7930596894184952182,"MOVE ALL IN ""query-cursor_231""",0,0,0,0,0,0,1,5.022003,5.022003,5.022003,5.022003,0,0,0,0,0,0,0,0,0,0,0,0,0,0,0,0,0,0,0,0,0,0,0,0,0,0,0,0,0,0,0,2026-09-29 01:20:53.671478+00,2026-09-29 01:20:53.671478+00
16410,16412,t,1284908075082418462,"CREATE TABLE SYS_HW_CHECK (LIB_FEAT_ID BIGINT NOT NULL, FTYPE_ID SMALLINT NOT NULL, VERSION SMALLINT NOT NULL, FEAT_HASH VARCHAR(40) NOT NULL, FEAT_DESC VARCHAR(150), FELEM_VALUES TEXT NOT NULL, ANONYMIZED CHAR(1) NOT NULL, PRIMARY KEY(FEAT_HASH, FTYPE_ID, ANONYMIZED))",0,0,0,0,0,0,1,6.484621,6.484621,6.484621,6.484621,0,0,424,0,0,0,0,0,0,0,0,0,0,0,0,0,0,0,0,0,0,0,0,0,0,0,0,0,0,0,0,2026-09-28 19:20:35.827013+00,2026-09-28 19:20:35.827013+00
10,16384,t,-6696959189948193354,"FETCH 50 IN ""query-cursor_117""",0,0,0,0,0,0,26,0.47978600000000005,0.01233,0.031438,0.018453307692307692,0.005067287529371651,1300,0,0,0,0,0,0,0,0,0,0,0,0,0,0,0,0,0,0,0,0,0,0,0,0,0,0,0,0,0,2026-09-28 21:37:54.023945+00,2026-09-28 21:37:54.023945+00
10,16384,t,-4900860312552667751,"FETCH 50 IN ""query-cursor_114""",0,0,0,0,0,0,26,0.42221900000000007,0.011276,0.027079,0.01623919230769231,0.004343062549534786,1300,0,0,0,0,0,0,0,0,0,0,0,0,0,0,0,0,0,0,0,0,0,0,0,0,0,0,0,0,0,2026-09-28 21:31:54.201963+00,2026-09-28 21:31:54.201963+00
16410,16412,t,-1266481273314022547,"SELECT RES_ENT_ID,LIB_FEAT_ID,FTYPE_ID,UTYPE_CODE,SUPPRESSED,OBS_ENT_CNT FROM RES_FEAT_EKEY WHERE RES_ENT_ID IN ($1,$2,$3,$4,$5,$6,$7,$8,$9,$10,$11,$12,$13,$14,$15,$16,$17,$18,$19,$20,$21,$22,$23,$24,$25,$26,$27,$28,$29,$30,$31,$32,$33,$34,$35,$36,$37,$38,$39,$40,$41,$42,$43,$44,$45,$46,$47,$48,$49,$50,$51,$52,$53,$54,$55,$56,$57,$58,$59,$60,$61,$62,$63,$64)",0,0,0,0,0,0,1208,35775.636265000016,0.855938,428.52783700000003,29.615592934602663,42.37900852532417,1201642,246641,3415,0,0,0,0,0,0,0,0,29166.76512300001,0,0,0,0,0,0,0,0,0,0,0,0,0,0,0,0,0,0,2026-09-28 22:01:16.321148+00,2026-09-28 22:01:16.321148+00
10,16384,t,-7783760917529136642,"MOVE ALL IN ""query-cursor_45""",0,0,0,0,0,0,1,0.845964,0.845964,0.845964,0.845964,0,0,0,0,0,0,0,0,0,0,0,0,0,0,0,0,0,0,0,0,0,0,0,0,0,0,0,0,0,0,0,2026-09-28 20:02:53.652082+00,2026-09-28 20:02:53.652082+00
16410,16412,t,1012973085746232439,"SELECT RES_ENT_ID,OBS_ENT_ID,ERRULE_ID,MATCH_KEY FROM RES_ENT_OKEY WHERE OBS_ENT_ID IN ($1)",0,0,0,0,0,0,346439,372404.0436490015,0.006542,842.774865,1.0749483852828392,10.174752099350428,346438,1458204,13715,0,0,0,0,0,0,0,0,323702.3543490001,0,0,0,0,0,0,0,0,0,0,0,0,0,0,0,0,0,0,2026-09-28 20:44:57.29495+00,2026-09-28 20:44:57.29495+00
10,16384,t,-2267251819669034330,"select queryid, calls, (total_plan_time + total_exec_time) as total_time, rows, shared_blks_hit, shared_blks_dirtied, shared_blks_read, shared_blks_written, local_blks_hit, local_blks_dirtied, local_blks_read, local_blks_written, temp_blks_read, temp_blks_written, storage_blks_read, orcache_blks_hit, shared_blk_read_time as blk_read_time, shared_blk_write_time as blk_write_time, storage_blk_read_time, local_blk_read_time, orcache_blk_read_time, total_plan_time, total_exec_time from aurora_stat_statements($1) where queryid in ($2, $3, $4, $5, $6, $7, $8, $9, $10, $11, $12, $13, $14, $15, $16, $17, $18, $19, $20, $21, $22, $23, $24, $25, $26, $27, $28, $29, $30, $31, $32, $33, $34, $35, $36, $37, $38, $39, $40, $41, $42, $43, $44, $45, $46, $47, $48, $49, $50, $51, $52, $53, $54, $55, $56, $57, $58, $59, $60)",0,0,0,0,0,0,12,37.094018999999996,2.201546,4.2547239999999995,3.0911682499999995,0.5809432337369009,718,0,0,0,0,0,0,0,0,0,0,0,0,0,0,0,0,0,0,0,0,0,0,0,0,0,0,0,0,0,2026-09-28 20:58:03.723427+00,2026-09-28 20:58:03.723427+00
10,16384,t,8776209080611896967,"FETCH 50 IN ""query-cursor_137""",0,0,0,0,0,0,29,0.5107559999999999,0.01006,0.032782,0.01761227586206896,0.005756630263692956,1450,0,0,0,0,0,0,0,0,0,0,0,0,0,0,0,0,0,0,0,0,0,0,0,0,0,0,0,0,0,2026-09-28 22:19:53.822148+00,2026-09-28 22:19:53.822148+00
10,16384,t,-4660581513113176118,SELECT $1 FROM pg_catalog.pg_roles WHERE rolname = $2 AND rolsuper = $3 AND rolcreaterole = $4 AND rolcreatedb = $5 AND rolreplication = $6 AND rolbypassrls = $7 AND rolcanlogin = $8 LIMIT $9,0,0,0,0,0,0,36,0.673302,0.010581,0.039773,0.01870283333333333,0.005764262425111782,36,72,0,0,0,0,0,0,0,0,0,0,0,0,0,0,0,0,0,0,0,0,0,0,0,0,0,0,0,0,2026-09-28 19:25:34.832302+00,2026-09-28 19:25:34.832302+00
10,16384,t,-7985548245851808140,"FETCH 29 IN ""query-cursor_26""",0,0,0,0,0,0,1,0.002267,0.002267,0.002267,0.002267,0,29,0,0,0,0,0,0,0,0,0,0,0,0,0,0,0,0,0,0,0,0,0,0,0,0,0,0,0,0,0,2026-09-28 19:43:53.651458+00,2026-09-28 19:43:53.651458+00
10,16384,t,4767269227911119473,"FETCH 50 IN ""query-cursor_29""",0,0,0,0,0,0,6,0.022406999999999996,0.003005,0.00584,0.0037344999999999995,0.0009802317328060747,300,0,0,0,0,0,0,0,0,0,0,0,0,0,0,0,0,0,0,0,0,0,0,0,0,0,0,0,0,0,2026-09-28 19:46:53.650875+00,2026-09-28 19:46:53.650875+00
10,16384,t,3741114826048525150,"MOVE ALL IN ""query-cursor_124""",0,0,0,0,0,0,1,5.69355,5.69355,5.69355,5.69355,0,0,0,0,0,0,0,0,0,0,0,0,0,0,0,0,0,0,0,0,0,0,0,0,0,0,0,0,0,0,0,2026-09-28 21:51:53.790959+00,2026-09-28 21:51:53.790959+00
16410,16412,t,8894192622490228590,"CREATE TABLE RES_FEAT_STAT (LIB_FEAT_ID BIGINT NOT NULL, NUM_RES_ENT INT NOT NULL, NUM_RES_ENT_OOM INT NOT NULL, FTYPE_ID SMALLINT, CANDIDATE_CAP_REACHED CHAR(1) DEFAULT 'N' NOT NULL, SCORING_CAP_REACHED CHAR(1) DEFAULT 'N' NOT NULL, PRIMARY KEY(LIB_FEAT_ID))",0,0,0,0,0,0,1,10.162267,10.162267,10.162267,10.162267,0,0,315,6,0,4,0,0,0,0,0,0,6.378118,0.009653,0,0,0,0,0,0,0,0,0,0,0,0,0,0,0,0,0,2026-09-28 19:20:35.893149+00,2026-09-28 19:20:35.893149+00
10,16384,t,1751396424949144722,"select queryid, calls, (total_plan_time + total_exec_time) as total_time, rows, shared_blks_hit, shared_blks_dirtied, shared_blks_read, shared_blks_written, local_blks_hit, local_blks_dirtied, local_blks_read, local_blks_written, temp_blks_read, temp_blks_written, storage_blks_read, orcache_blks_hit, shared_blk_read_time as blk_read_time, shared_blk_write_time as blk_write_time, storage_blk_read_time, local_blk_read_time, orcache_blk_read_time, total_plan_time, total_exec_time from aurora_stat_statements($1) where queryid in ($2, $3, $4, $5, $6, $7, $8, $9, $10, $11, $12, $13, $14, $15, $16, $17, $18, $19, $20, $21, $22, $23, $24, $25, $26, $27, $28, $29, $30, $31, $32, $33, $34, $35, $36, $37, $38, $39, $40, $41, $42, $43, $44, $45, $46, $47, $48, $49, $50, $51, $52, $53, $54, $55, $56, $57, $58, $59, $60, $61, $62, $63, $64, $65, $66, $67, $68)",0,0,0,0,0,0,4,9.87428,1.42356,2.9158180000000002,2.46857,0.6078972344253593,274,0,0,0,0,0,0,0,0,0,0,0,0,0,0,0,0,0,0,0,0,0,0,0,0,0,0,0,0,0,2026-09-28 20:45:03.657656+00,2026-09-28 20:45:03.657656+00
10,16384,t,6380728026335310008,"DECLARE ""query-cursor_123"" SCROLL CURSOR FOR select queryid, left(query, $1), calls, (total_plan_time + total_exec_time) as total_time from aurora_stat_statements($2) order by calls desc limit $3 FOR READ ONLY",0,0,0,0,0,0,1,0.080704,0.080704,0.080704,0.080704,0,0,0,0,0,0,0,0,0,0,0,0,0,0,0,0,0,0,0,0,0,0,0,0,0,0,0,0,0,0,0,2026-09-28 21:49:53.734426+00,2026-09-28 21:49:53.734426+00
10,16384,t,6740868082619298309,"MOVE -426 IN ""query-cursor_46""",0,0,0,0,0,0,1,0.011664,0.011664,0.011664,0.011664,0,0,0,0,0,0,0,0,0,0,0,0,0,0,0,0,0,0,0,0,0,0,0,0,0,0,0,0,0,0,0,2026-09-28 20:03:53.652341+00,2026-09-28 20:03:53.652341+00
10,16384,t,-3421399741090839274,"FETCH 0 IN ""query-cursor_116""",0,0,0,0,0,0,1,0.00825,0.00825,0.00825,0.00825,0,0,0,0,0,0,0,0,0,0,0,0,0,0,0,0,0,0,0,0,0,0,0,0,0,0,0,0,0,0,0,2026-09-28 21:35:53.979461+00,2026-09-28 21:35:53.979461+00
10,16384,t,-5846308806197707044,"FETCH 50 IN ""query-cursor_195""",0,0,0,0,0,0,36,0.360166,0.005447,0.015739,0.01000461111111111,0.0025680066662013023,1800,0,0,0,0,0,0,0,0,0,0,0,0,0,0,0,0,0,0,0,0,0,0,0,0,0,0,0,0,0,2026-09-29 00:19:53.669849+00,2026-09-29 00:19:53.669849+00
16410,16412,t,5504594372967424894,SELECT pg_advisory_lock($1),0,0,0,0,0,0,696,239366.3152910003,0.0032849999999999997,1548.5725109999998,343.91711967097746,319.0448920300599,696,0,0,0,0,0,0,0,0,0,0,0,0,0,0,0,0,0,0,0,0,0,0,0,0,0,0,0,0,0,2026-09-28 20:47:17.562761+00,2026-09-28 20:47:17.562761+00
10,16384,t,5800023625326375822,"DECLARE ""query-cursor_33"" SCROLL CURSOR FOR select queryid, left(query, $1), calls, (total_plan_time + total_exec_time) as total_time from aurora_stat_statements($2) order by calls desc limit $3 FOR READ ONLY",0,0,0,0,0,0,1,0.066942,0.066942,0.066942,0.066942,0,0,0,0,0,0,0,0,0,0,0,0,0,0,0,0,0,0,0,0,0,0,0,0,0,0,0,0,0,0,0,2026-09-28 19:50:53.650259+00,2026-09-28 19:50:53.650259+00
10,16384,t,-6179045641491788901,"FETCH 0 IN ""query-cursor_130""",0,0,0,0,0,0,1,0.008063,0.008063,0.008063,0.008063,0,0,0,0,0,0,0,0,0,0,0,0,0,0,0,0,0,0,0,0,0,0,0,0,0,0,0,0,0,0,0,2026-09-28 22:03:53.662475+00,2026-09-28 22:03:53.662475+00
10,16384,t,-5518813177502617288,"FETCH 0 IN ""query-cursor_28""",0,0,0,0,0,0,1,0.003715,0.003715,0.003715,0.003715,0,0,0,0,0,0,0,0,0,0,0,0,0,0,0,0,0,0,0,0,0,0,0,0,0,0,0,0,0,0,0,2026-09-28 19:45:53.649931+00,2026-09-28 19:45:53.649931+00
10,16384,t,-3948630061233446144,"FETCH 33 IN ""query-cursor_201""",0,0,0,0,0,0,1,0.011163,0.011163,0.011163,0.011163,0,33,0,0,0,0,0,0,0,0,0,0,0,0,0,0,0,0,0,0,0,0,0,0,0,0,0,0,0,0,0,2026-09-29 00:28:53.692951+00,2026-09-29 00:28:53.692951+00
10,16384,t,-3230607578240612556,"MOVE ALL IN ""query-cursor_17""",0,0,0,0,0,0,1,0.503549,0.503549,0.503549,0.503549,0,0,0,0,0,0,0,0,0,0,0,0,0,0,0,0,0,0,0,0,0,0,0,0,0,0,0,0,0,0,0,2026-09-28 19:34:53.649706+00,2026-09-28 19:34:53.649706+00
10,16384,t,-786406970955634702,"DECLARE ""query-cursor_68"" SCROLL CURSOR FOR select queryid, left(query, $1), calls, (total_plan_time + total_exec_time) as total_time from aurora_stat_statements($2) order by calls desc limit $3 FOR READ ONLY",0,0,0,0,0,0,1,0.065807,0.065807,0.065807,0.065807,0,0,0,0,0,0,0,0,0,0,0,0,0,0,0,0,0,0,0,0,0,0,0,0,0,0,0,0,0,0,0,2026-09-28 20:25:53.652922+00,2026-09-28 20:25:53.652922+00
10,16384,t,-8913520441233631386,SELECT count(*) FROM pg_show_all_settings() WHERE name = $1 AND setting SIMILAR TO $2,0,0,0,0,0,0,36,158.72489299999998,1.438465,63.302263999999994,4.409024805555555,10.709460448387857,36,0,0,0,0,0,0,0,0,0,0,0,0,0,0,0,0,0,0,0,0,0,0,0,0,0,0,0,0,0,2026-09-28 19:24:04.591309+00,2026-09-28 19:24:04.591309+00
10,16384,t,3949623703366878471,"FETCH 0 IN ""query-cursor_179""",0,0,0,0,0,0,1,0.005897,0.005897,0.005897,0.005897,0,0,0,0,0,0,0,0,0,0,0,0,0,0,0,0,0,0,0,0,0,0,0,0,0,0,0,0,0,0,0,2026-09-28 23:47:53.711273+00,2026-09-28 23:47:53.711273+00
10,16384,t,444003432437080368,"DECLARE ""query-cursor_76"" SCROLL CURSOR FOR select queryid, left(query, $1), calls, (total_plan_time + total_exec_time) as total_time from aurora_stat_statements($2) order by calls desc limit $3 FOR READ ONLY",0,0,0,0,0,0,1,0.071195,0.071195,0.071195,0.071195,0,0,0,0,0,0,0,0,0,0,0,0,0,0,0,0,0,0,0,0,0,0,0,0,0,0,0,0,0,0,0,2026-09-28 20:33:53.653557+00,2026-09-28 20:33:53.653557+00
16410,16412,t,-3790189356219649695,"SELECT RES_ENT_ID,LIB_FEAT_ID,FTYPE_ID,UTYPE_CODE,SUPPRESSED,OBS_ENT_CNT FROM RES_FEAT_EKEY WHERE RES_ENT_ID IN ($1,$2,$3,$4)",0,0,0,0,0,0,1825042,3400254.2749780975,0.039405,749.968646,1.8631101503297445,8.811182246499268,173625708,36522311,474366,0,0,0,0,0,0,0,0,2636682.3807119913,0,0,0,0,0,0,0,0,0,0,0,0,0,0,0,0,0,0,2026-09-28 20:44:58.670923+00,2026-09-28 20:44:58.670923+00
16410,16412,t,1416552375642892527,"UPDATE RES_RELATE AS T SET IS_DISCLOSED=C.IS_DISCLOSED,IS_AMBIGUOUS=C.IS_AMBIGUOUS,LAST_ERRULE_ID=C.LAST_ERRULE_ID,MATCH_KEY=C.MATCH_KEY,MATCH_KEY_DETAILS=C.MATCH_KEY_DETAILS,MATCH_LEVELS=C.MATCH_LEVELS FROM (VALUES (CAST ($1 AS BIGINT),CAST ($2 AS BIGINT),CAST ($3 AS BIGINT),CAST ($4 AS BIGINT),$5,$6,$7),(CAST ($8 AS BIGINT),CAST ($9 AS BIGINT),CAST ($10 AS BIGINT),CAST ($11 AS BIGINT),$12,$13,$14),(CAST ($15 AS BIGINT),CAST ($16 AS BIGINT),CAST ($17 AS BIGINT),CAST ($18 AS BIGINT),$19,$20,$21),(CAST ($22 AS BIGINT),CAST ($23 AS BIGINT),CAST ($24 AS BIGINT),CAST ($25 AS BIGINT),$26,$27,$28),(CAST ($29 AS BIGINT),CAST ($30 AS BIGINT),CAST ($31 AS BIGINT),CAST ($32 AS BIGINT),$33,$34,$35),(CAST ($36 AS BIGINT),CAST ($37 AS BIGINT),CAST ($38 AS BIGINT),CAST ($39 AS BIGINT),$40,$41,$42),(CAST ($43 AS BIGINT),CAST ($44 AS BIGINT),CAST ($45 AS BIGINT),CAST ($46 AS BIGINT),$47,$48,$49),(CAST ($50 AS BIGINT),CAST ($51 AS BIGINT),CAST ($52 AS BIGINT),CAST ($53 AS BIGINT),$54,$55,$56),(CAST ($57 AS BIGINT),CAST ($58 AS BIGINT),CAST ($59 AS BIGINT),CAST ($60 AS BIGINT),$61,$62,$63),(CAST ($64 AS BIGINT),CAST ($65 AS BIGINT),CAST ($66 AS BIGINT),CAST ($67 AS BIGINT),$68,$69,$70)) AS C(RES_REL_ID,IS_DISCLOSED,IS_AMBIGUOUS,LAST_ERRULE_ID,MATCH_KEY,MATCH_KEY_DETAILS,MATCH_LEVELS) WHERE C.RES_REL_ID=T.RES_REL_ID",0,0,0,0,0,0,2559,23477.443462000043,0.126224,445.041896,9.17446012583042,31.72996142828308,25588,248220,1059,0,519,0,0,0,0,0,0,11649.520180999987,2.020249,0,0,0,0,0,0,0,0,0,0,0,0,0,0,0,0,0,2026-09-28 20:46:46.993561+00,2026-09-28 20:46:46.993561+00
10,16384,t,-986787283634964209,"FETCH 0 IN ""query-cursor_92""",0,0,0,0,0,0,1,0.003474,0.003474,0.003474,0.003474,0,0,0,0,0,0,0,0,0,0,0,0,0,0,0,0,0,0,0,0,0,0,0,0,0,0,0,0,0,0,0,2026-09-28 20:49:53.654787+00,2026-09-28 20:49:53.654787+00
10,16412,t,588360189971772035,"SELECT current_catalog, COUNT(*) FROM pg_catalog.pg_extension WHERE extname = $1",0,0,0,0,0,0,1,0.011232,0.011232,0.011232,0.011232,0,1,1,0,0,0,0,0,0,0,0,0,0,0,0,0,0,0,0,0,0,0,0,0,0,0,0,0,0,0,0,2026-09-28 19:45:00.51465+00,2026-09-28 19:45:00.51465+00
16410,16412,t,-2952125624845842950,"SELECT OBS_ENT_ID,DSRC_ID,ENT_SRC_KEY,LOCKING_ID,FEATURES FROM OBS_ENT WHERE OBS_ENT_ID IN ($1,$2,$3,$4,$5,$6,$7,$8)",0,0,0,0,0,0,740136,181541.93513000518,0.015226,461.546133,0.24528186053644896,2.448122832092276,4127794,20022008,5416,0,0,0,0,0,0,0,0,28610.43837900002,0,0,0,0,0,0,0,0,0,0,0,0,0,0,0,0,0,0,2026-09-28 20:49:39.603326+00,2026-09-28 20:49:39.603326+00
10,16384,t,2877403704639359405,SELECT pg_backend_pid(),0,0,0,0,0,0,369,4.353077,0.004361,0.192331,0.011796956639566395,0.010483646225287352,369,0,0,0,0,0,0,0,0,0,0,0,0,0,0,0,0,0,0,0,0,0,0,0,0,0,0,0,0,0,2026-09-28 19:16:35.682105+00,2026-09-28 19:16:35.682105+00
10,16384,t,-1284673159225902932,"DECLARE ""query-cursor_225"" SCROLL CURSOR FOR select queryid, left(query, $1), calls, (total_plan_time + total_exec_time) as total_time from aurora_stat_statements($2) order by calls desc limit $3 FOR READ ONLY",0,0,0,0,0,0,1,0.065702,0.065702,0.065702,0.065702,0,0,0,0,0,0,0,0,0,0,0,0,0,0,0,0,0,0,0,0,0,0,0,0,0,0,0,0,0,0,0,2026-09-29 01:13:53.665953+00,2026-09-29 01:13:53.665953+00
10,16384,t,-131587690586192804,"DECLARE ""query-cursor_85"" SCROLL CURSOR FOR select queryid, left(query, $1), calls, (total_plan_time + total_exec_time) as total_time from aurora_stat_statements($2) order by calls desc limit $3 FOR READ ONLY",0,0,0,0,0,0,1,0.067772,0.067772,0.067772,0.067772,0,0,0,0,0,0,0,0,0,0,0,0,0,0,0,0,0,0,0,0,0,0,0,0,0,0,0,0,0,0,0,2026-09-28 20:42:53.654179+00,2026-09-28 20:42:53.654179+00
10,16384,t,2388324183561638725,"MOVE ALL IN ""query-cursor_180""",0,0,0,0,0,0,1,9.716578,9.716578,9.716578,9.716578,0,0,0,0,0,0,0,0,0,0,0,0,0,0,0,0,0,0,0,0,0,0,0,0,0,0,0,0,0,0,0,2026-09-28 23:49:53.729099+00,2026-09-28 23:49:53.729099+00
10,16384,t,5204505858684346467,"MOVE -1185 IN ""query-cursor_98""",0,0,0,0,0,0,1,0.158297,0.158297,0.158297,0.158297,0,0,0,0,0,0,0,0,0,0,0,0,0,0,0,0,0,0,0,0,0,0,0,0,0,0,0,0,0,0,0,2026-09-28 20:59:53.721963+00,2026-09-28 20:59:53.721963+00
16410,16412,t,1066745420934436780,"SELECT RES_ENT_ID,LIB_FEAT_ID,FTYPE_ID,UTYPE_CODE,SUPPRESSED,OBS_ENT_CNT FROM RES_FEAT_EKEY WHERE RES_ENT_ID IN ($1,$2,$3,$4,$5,$6,$7,$8,$9,$10,$11,$12,$13,$14,$15,$16,$17,$18,$19,$20,$21,$22,$23,$24,$25,$26,$27,$28,$29,$30,$31,$32,$33,$34,$35,$36,$37,$38,$39,$40,$41,$42,$43,$44,$45,$46,$47,$48,$49,$50,$51,$52,$53,$54,$55,$56,$57,$58,$59,$60,$61,$62,$63,$64) AND FTYPE_ID IN ($65,$66,$67,$68,$69,$70,$71,$72,$73,$74,$75,$76,$77,$78,$79,$80)",0,0,0,0,0,0,9,259.24900799999995,1.008072,78.948042,28.805445333333328,30.51909210145392,7994,1777,21,0,0,0,0,0,0,0,0,246.917871,0,0,0,0,0,0,0,0,0,0,0,0,0,0,0,0,0,0,2026-09-28 22:23:24.049588+00,2026-09-28 22:23:24.049588+00
10,16384,t,-3986358080030205115,"MOVE -1827 IN ""query-cursor_192""",0,0,0,0,0,0,1,0.041105,0.041105,0.041105,0.041105,0,0,0,0,0,0,0,0,0,0,0,0,0,0,0,0,0,0,0,0,0,0,0,0,0,0,0,0,0,0,0,2026-09-29 00:13:53.668922+00,2026-09-29 00:13:53.668922+00
10,16384,t,7596507062735783692,"select extract($1 from now() - min(xact_start)) as longest_open_transaction, extract($2 from now() - min(query_start)) as longest_running_query from pg_stat_activity",0,0,0,0,0,0,235,8287.220906999999,0.17374099999999998,393.271156,35.264769817021275,67.42343682630374,235,0,0,0,0,0,0,0,0,0,0,0,0,0,0,0,0,0,0,0,0,0,0,0,0,0,0,0,0,0,2026-09-28 19:18:53.188109+00,2026-09-28 19:18:53.188109+00
16410,16412,t,2331882008516076227,"SELECT LIB_FEAT_ID,UTYPE_CODE,RES_ENT_ID,OBS_ENT_CNT FROM RES_FEAT_EKEY WHERE LIB_FEAT_ID IN ($1,$2,$3,$4,$5,$6,$7,$8,$9,$10,$11,$12,$13,$14,$15,$16,$17,$18,$19,$20,$21,$22,$23,$24,$25,$26,$27,$28,$29,$30,$31,$32,$33,$34,$35,$36,$37,$38,$39,$40,$41,$42,$43,$44,$45,$46,$47,$48,$49,$50,$51,$52,$53,$54,$55,$56,$57,$58,$59,$60,$61,$62,$63,$64,$65,$66,$67,$68,$69,$70,$71,$72,$73,$74,$75,$76,$77,$78,$79,$80,$81,$82,$83,$84,$85,$86,$87,$88,$89,$90,$91,$92,$93,$94,$95,$96,$97,$98,$99,$100) AND RES_ENT_ID!=$101",0,0,0,0,0,0,55526,1125251.7207979916,0.019267,826.244002,20.26531212041191,43.40808611737206,825942,3295404,151015,0,0,0,0,0,0,0,0,1008616.8248030018,0,0,0,0,0,0,0,0,0,0,0,0,0,0,0,0,0,0,2026-09-28 20:46:03.022228+00,2026-09-28 20:46:03.022228+00
10,16384,t,8027202564131481169,"FETCH 42 IN ""query-cursor_171""",0,0,0,0,0,0,1,0.010313,0.010313,0.010313,0.010313,0,42,0,0,0,0,0,0,0,0,0,0,0,0,0,0,0,0,0,0,0,0,0,0,0,0,0,0,0,0,0,2026-09-28 23:29:55.577454+00,2026-09-28 23:29:55.577454+00
10,16384,t,3773432623647832105,"FETCH 45 IN ""query-cursor_203""",0,0,0,0,0,0,1,0.009375,0.009375,0.009375,0.009375,0,45,0,0,0,0,0,0,0,0,0,0,0,0,0,0,0,0,0,0,0,0,0,0,0,0,0,0,0,0,0,2026-09-29 00:30:53.692075+00,2026-09-29 00:30:53.692075+00
16410,16412,t,-5718885773490364501,"UPDATE RES_FEAT_EKEY AS T SET SUPPRESSED=C.SUPPRESSED,OBS_ENT_CNT=C.OBS_ENT_CNT FROM (VALUES (CAST ($1 AS BIGINT),CAST ($2 AS BIGINT),$3,$4,CAST ($5 AS BIGINT)),(CAST ($6 AS BIGINT),CAST ($7 AS BIGINT),$8,$9,CAST ($10 AS BIGINT)),(CAST ($11 AS BIGINT),CAST ($12 AS BIGINT),$13,$14,CAST ($15 AS BIGINT)),(CAST ($16 AS BIGINT),CAST ($17 AS BIGINT),$18,$19,CAST ($20 AS BIGINT)),(CAST ($21 AS BIGINT),CAST ($22 AS BIGINT),$23,$24,CAST ($25 AS BIGINT)),(CAST ($26 AS BIGINT),CAST ($27 AS BIGINT),$28,$29,CAST ($30 AS BIGINT)),(CAST ($31 AS BIGINT),CAST ($32 AS BIGINT),$33,$34,CAST ($35 AS BIGINT)),(CAST ($36 AS BIGINT),CAST ($37 AS BIGINT),$38,$39,CAST ($40 AS BIGINT)),(CAST ($41 AS BIGINT),CAST ($42 AS BIGINT),$43,$44,CAST ($45 AS BIGINT)),(CAST ($46 AS BIGINT),CAST ($47 AS BIGINT),$48,$49,CAST ($50 AS BIGINT)),(CAST ($51 AS BIGINT),CAST ($52 AS BIGINT),$53,$54,CAST ($55 AS BIGINT)),(CAST ($56 AS BIGINT),CAST ($57 AS BIGINT),$58,$59,CAST ($60 AS BIGINT)),(CAST ($61 AS BIGINT),CAST ($62 AS BIGINT),$63,$64,CAST ($65 AS BIGINT)),(CAST ($66 AS BIGINT),CAST ($67 AS BIGINT),$68,$69,CAST ($70 AS BIGINT)),(CAST ($71 AS BIGINT),CAST ($72 AS BIGINT),$73,$74,CAST ($75 AS BIGINT))) AS C(RES_ENT_ID,LIB_FEAT_ID,UTYPE_CODE,SUPPRESSED,OBS_ENT_CNT) WHERE C.RES_ENT_ID=T.RES_ENT_ID AND C.LIB_FEAT_ID=T.LIB_FEAT_ID AND C.UTYPE_CODE=T.UTYPE_CODE",0,0,0,0,0,0,75547,1348993.727344985,0.129774,1015.5460929999999,17.856350713396758,40.707339883955164,1133191,15172029,20553,0,2687,0,0,0,0,0,0,455251.14985700184,178.41850199999996,0,0,0,0,0,0,0,0,0,0,0,0,0,0,0,0,0,2026-09-28 20:45:39.697775+00,2026-09-28 20:45:39.697775+00
10,16384,t,-1886478258928659952,"MOVE ALL IN ""query-cursor_188""",0,0,0,0,0,0,1,9.678644,9.678644,9.678644,9.678644,0,0,0,0,0,0,0,0,0,0,0,0,0,0,0,0,0,0,0,0,0,0,0,0,0,0,0,0,0,0,0,2026-09-29 00:05:53.681224+00,2026-09-29 00:05:53.681224+00
16410,16412,t,-8406495899927503950,"SELECT RES_ENT_ID,LIB_FEAT_ID,FTYPE_ID,UTYPE_CODE,SUPPRESSED,OBS_ENT_CNT FROM RES_FEAT_EKEY WHERE RES_ENT_ID IN ($1,$2) AND FTYPE_ID IN ($3,$4,$5,$6,$7,$8,$9,$10,$11,$12,$13,$14)",0,0,0,0,0,0,136894,240726.33011699893,0.028997000000000002,902.737078,1.7584870784475501,11.704844084834566,4655034,1492767,10172,0,0,0,0,0,0,0,0,193464.7634530003,0,0,0,0,0,0,0,0,0,0,0,0,0,0,0,0,0,0,2026-09-28 20:44:55.511596+00,2026-09-28 20:44:55.511596+00
10,16384,t,2200660861531960782,"FETCH 50 IN ""query-cursor_180""",0,0,0,0,0,0,35,0.550935,0.009572,0.033115,0.015740999999999998,0.005687257687145891,1750,0,0,0,0,0,0,0,0,0,0,0,0,0,0,0,0,0,0,0,0,0,0,0,0,0,0,0,0,0,2026-09-28 23:49:53.729419+00,2026-09-28 23:49:53.729419+00
10,16384,t,5362201760862170913,"FETCH 50 IN ""query-cursor_129""",0,0,0,0,0,0,28,0.44442199999999993,0.008354,0.023978,0.015872214285714285,0.004333658346982064,1400,0,0,0,0,0,0,0,0,0,0,0,0,0,0,0,0,0,0,0,0,0,0,0,0,0,0,0,0,0,2026-09-28 22:01:53.837627+00,2026-09-28 22:01:53.837627+00
16410,16412,t,-5411797953560669204,"SELECT RES_ENT_ID,LIB_FEAT_ID,FTYPE_ID,UTYPE_CODE,SUPPRESSED,OBS_ENT_CNT FROM RES_FEAT_EKEY WHERE RES_ENT_ID IN ($1) AND FTYPE_ID IN ($2,$3,$4,$5,$6,$7,$8,$9,$10,$11,$12,$13,$14,$15)",0,0,0,0,0,0,580017,464787.9261789989,0.015461999999999998,523.286869,0.8013350060067186,7.550856632697387,11124251,3163994,18025,0,0,0,0,0,0,0,0,354012.42810499924,0,0,0,0,0,0,0,0,0,0,0,0,0,0,0,0,0,0,2026-09-28 20:44:53.131104+00,2026-09-28 20:44:53.131104+00
16410,16412,t,-5587554776601588073,"SELECT RES_ENT_ID,LIB_FEAT_ID,FTYPE_ID,UTYPE_CODE,SUPPRESSED,OBS_ENT_CNT FROM RES_FEAT_EKEY WHERE RES_ENT_ID IN ($1,$2,$3,$4) AND FTYPE_ID IN ($5,$6,$7,$8,$9,$10,$11,$12,$13,$14,$15,$16,$17,$18,$19)",0,0,0,0,0,0,579421,1711919.4989259858,0.03952,535.409208,2.9545347837340823,15.057823164263835,40014276,10801781,73791,0,0,0,0,0,0,0,0,1379432.0951589993,0,0,0,0,0,0,0,0,0,0,0,0,0,0,0,0,0,0,2026-09-28 20:44:53.957679+00,2026-09-28 20:44:53.957679+00
10,16384,t,2066186074682307773,"FETCH 26 IN ""query-cursor_192""",0,0,0,0,0,0,1,0.00347,0.00347,0.00347,0.00347,0,26,0,0,0,0,0,0,0,0,0,0,0,0,0,0,0,0,0,0,0,0,0,0,0,0,0,0,0,0,0,2026-09-29 00:13:53.680488+00,2026-09-29 00:13:53.680488+00
10,16384,t,2103733769408878190,SELECT $1,0,0,0,0,0,0,7415,16.213109000000028,0.0007589999999999999,0.327528,0.0021865285232636586,0.004071211944386866,7415,0,0,0,0,0,0,0,0,0,0,0,0,0,0,0,0,0,0,0,0,0,0,0,0,0,0,0,0,0,2026-09-28 19:17:04.720604+00,2026-09-28 19:17:04.720604+00
16410,16412,t,3017489788328223669,"INSERT INTO RES_REL_EKEY(RES_REL_ID,RES_ENT_ID,REL_ENT_ID) VALUES ($1,$2,$3),($4,$5,$6),($7,$8,$9),($10,$11,$12),($13,$14,$15),($16,$17,$18),($19,$20,$21),($22,$23,$24),($25,$26,$27),($28,$29,$30),($31,$32,$33),($34,$35,$36) ON CONFLICT DO NOTHING",0,0,0,0,0,0,74865,618722.8594980004,0.138965,519.697214,8.264514252294134,22.674683638113727,898380,8361455,1837,0,7955,0,0,0,0,0,0,60855.16800699997,1317.1849769999976,0,0,0,0,0,0,0,0,0,0,0,0,0,0,0,0,0,2026-09-28 20:45:01.098709+00,2026-09-28 20:45:01.098709+00
10,16384,t,406559978866215494,"FETCH 0 IN ""query-cursor_90""",0,0,0,0,0,0,1,0.005012,0.005012,0.005012,0.005012,0,0,0,0,0,0,0,0,0,0,0,0,0,0,0,0,0,0,0,0,0,0,0,0,0,0,0,0,0,0,0,2026-09-28 20:47:53.655019+00,2026-09-28 20:47:53.655019+00
10,16384,t,-1161760321080988734,"MOVE -560 IN ""query-cursor_68""",0,0,0,0,0,0,1,0.014214,0.014214,0.014214,0.014214,0,0,0,0,0,0,0,0,0,0,0,0,0,0,0,0,0,0,0,0,0,0,0,0,0,0,0,0,0,0,0,2026-09-28 20:25:53.654365+00,2026-09-28 20:25:53.654365+00
16410,16412,t,-2193889459607516543,DELETE FROM RES_FEAT_EKEY WHERE ((RES_ENT_ID=$1 AND LIB_FEAT_ID=$2 AND UTYPE_CODE=$3)OR(RES_ENT_ID=$4 AND LIB_FEAT_ID=$5 AND UTYPE_CODE=$6)),0,0,0,0,0,0,113171,67744.9734969993,0.007944,230.79906499999998,0.5986071829090429,3.8874020747939495,217986,1251230,21,0,0,0,0,0,0,0,0,404.563901,0,0,0,0,0,0,0,0,0,0,0,0,0,0,0,0,0,0,2026-09-28 20:45:47.122757+00,2026-09-28 20:45:47.122757+00
10,16384,t,4872841233031067991,"MOVE ALL IN ""query-cursor_128""",0,0,0,0,0,0,1,7.115555,7.115555,7.115555,7.115555,0,0,0,0,0,0,0,0,0,0,0,0,0,0,0,0,0,0,0,0,0,0,0,0,0,0,0,0,0,0,0,2026-09-28 21:59:53.720627+00,2026-09-28 21:59:53.720627+00
10,16384,t,-637707138096696050,"FETCH 15 IN ""query-cursor_198""",0,0,0,0,0,0,1,0.00772,0.00772,0.00772,0.00772,0,15,0,0,0,0,0,0,0,0,0,0,0,0,0,0,0,0,0,0,0,0,0,0,0,0,0,0,0,0,0,2026-09-29 00:25:53.693479+00,2026-09-29 00:25:53.693479+00
10,16384,t,3506895797553403245,"SELECT cipher, count(*) FROM pg_stat_ssl JOIN pg_stat_activity USING(pid) WHERE usename <> $1 AND ssl = $2 GROUP BY cipher",0,0,0,0,0,0,5,287.601023,0.266835,256.590098,57.5202046,99.75982951708707,4,11,0,0,0,0,0,0,0,0,0,0,0,0,0,0,0,0,0,0,0,0,0,0,0,0,0,0,0,0,2026-09-28 19:19:04.560005+00,2026-09-28 19:19:04.560005+00
10,16384,t,8716144978546904528,"FETCH 50 IN ""query-cursor_96""",0,0,0,0,0,0,23,0.37981400000000004,0.01209,0.024014,0.016513652173913044,0.0032901217184923845,1150,0,0,0,0,0,0,0,0,0,0,0,0,0,0,0,0,0,0,0,0,0,0,0,0,0,0,0,0,0,2026-09-28 20:55:53.669084+00,2026-09-28 20:55:53.669084+00
10,16384,t,8593608866768640613,"FETCH 50 IN ""query-cursor_18""",0,0,0,0,0,0,4,0.014044999999999998,0.002935,0.004938,0.0035112499999999996,0.0008286514270186226,200,0,0,0,0,0,0,0,0,0,0,0,0,0,0,0,0,0,0,0,0,0,0,0,0,0,0,0,0,0,2026-09-28 19:35:53.649843+00,2026-09-28 19:35:53.649843+00
10,16384,t,-6346778484242969431,"MOVE -1302 IN ""query-cursor_113""",0,0,0,0,0,0,1,0.074075,0.074075,0.074075,0.074075,0,0,0,0,0,0,0,0,0,0,0,0,0,0,0,0,0,0,0,0,0,0,0,0,0,0,0,0,0,0,0,2026-09-28 21:29:53.722589+00,2026-09-28 21:29:53.722589+00
10,16384,t,1611323899164057291,"FETCH 50 IN ""query-cursor_147""",0,0,0,0,0,0,30,0.46318000000000004,0.0079,0.025021,0.015439333333333334,0.004867604067254809,1500,0,0,0,0,0,0,0,0,0,0,0,0,0,0,0,0,0,0,0,0,0,0,0,0,0,0,0,0,0,2026-09-28 22:39:53.736629+00,2026-09-28 22:39:53.736629+00
16410,16412,t,6856885952325158488,"SELECT RES_ENT_ID,LIB_FEAT_ID,FTYPE_ID,UTYPE_CODE,SUPPRESSED,OBS_ENT_CNT FROM RES_FEAT_EKEY WHERE RES_ENT_ID IN ($1,$2,$3,$4,$5,$6,$7,$8,$9,$10,$11,$12,$13,$14,$15,$16) AND FTYPE_ID IN ($17,$18,$19,$20,$21,$22,$23,$24,$25,$26,$27,$28,$29,$30,$31,$32)",0,0,0,0,0,0,221939,1942982.3583770047,0.100058,684.351103,8.754578322768891,26.5237787456201,50361354,12734363,93358,0,0,0,0,0,0,0,0,1533721.1692009973,0,0,0,0,0,0,0,0,0,0,0,0,0,0,0,0,0,0,2026-09-28 20:44:57.502821+00,2026-09-28 20:44:57.502821+00
10,16384,t,-5679188354933703288,"FETCH 31 IN ""query-cursor_4""",0,0,0,0,0,0,1,0.002822,0.002822,0.002822,0.002822,0,31,0,0,0,0,0,0,0,0,0,0,0,0,0,0,0,0,0,0,0,0,0,0,0,0,0,0,0,0,0,2026-09-28 19:21:53.64895+00,2026-09-28 19:21:53.64895+00
10,16384,t,2212093126975707074,"MOVE ALL IN ""query-cursor_131""",0,0,0,0,0,0,1,6.872331,6.872331,6.872331,6.872331,0,0,0,0,0,0,0,0,0,0,0,0,0,0,0,0,0,0,0,0,0,0,0,0,0,0,0,0,0,0,0,2026-09-28 22:05:54.006675+00,2026-09-28 22:05:54.006675+00
16410,16412,t,-8343583779223196694,"INSERT INTO RES_REL_EKEY(RES_REL_ID,RES_ENT_ID,REL_ENT_ID) VALUES ($1,$2,$3),($4,$5,$6),($7,$8,$9),($10,$11,$12),($13,$14,$15),($16,$17,$18),($19,$20,$21),($22,$23,$24) ON CONFLICT DO NOTHING",0,0,0,0,0,0,778664,4649763.294356216,0.09306400000000001,1355.345205,5.971463037145952,18.09710063790188,6229284,58521765,14305,0,56287,0,0,0,0,0,0,465781.5973930005,10510.844672999929,0,0,0,0,0,0,0,0,0,0,0,0,0,0,0,0,0,2026-09-28 20:44:54.697695+00,2026-09-28 20:44:54.697695+00
16410,16412,t,8590729003510882151,"SELECT RES_ENT_ID,REL_ENT_ID,RES_REL_ID FROM RES_REL_EKEY WHERE RES_ENT_ID IN ($1,$2,$3,$4,$5,$6,$7,$8,$9,$10,$11,$12,$13,$14,$15,$16)",0,0,0,0,0,0,14112,19482.877539000125,0.041100000000000005,460.97682499999996,1.380589394770417,10.565655547575785,971197,1591252,995,0,0,0,0,0,0,0,0,8910.078041999997,0,0,0,0,0,0,0,0,0,0,0,0,0,0,0,0,0,0,2026-09-28 20:45:48.139794+00,2026-09-28 20:45:48.139794+00
16410,16412,t,2098497899145152856,"SELECT RES_ENT_ID,LIB_FEAT_ID,FTYPE_ID,UTYPE_CODE,SUPPRESSED,OBS_ENT_CNT FROM RES_FEAT_EKEY WHERE RES_ENT_ID IN ($1,$2,$3,$4,$5,$6,$7,$8) AND FTYPE_ID IN ($9,$10,$11,$12,$13,$14,$15,$16,$17,$18,$19,$20,$21,$22)",0,0,0,0,0,0,354526,1846489.1794549825,0.059511,1035.104407,5.208332194126757,20.48201438883153,42661028,11961771,84686,0,0,0,0,0,0,0,0,1486400.6182820008,0,0,0,0,0,0,0,0,0,0,0,0,0,0,0,0,0,0,2026-09-28 20:44:55.842958+00,2026-09-28 20:44:55.842958+00
10,16384,t,-1817818691093541499,"MOVE -1778 IN ""query-cursor_184""",0,0,0,0,0,0,1,0.239351,0.239351,0.239351,0.239351,0,0,0,0,0,0,0,0,0,0,0,0,0,0,0,0,0,0,0,0,0,0,0,0,0,0,0,0,0,0,0,2026-09-28 23:57:53.768768+00,2026-09-28 23:57:53.768768+00
16410,16412,t,-6085522222769640503,"UPDATE RES_FEAT_EKEY AS T SET SUPPRESSED=C.SUPPRESSED,OBS_ENT_CNT=C.OBS_ENT_CNT FROM (VALUES (CAST ($1 AS BIGINT),CAST ($2 AS BIGINT),$3,$4,CAST ($5 AS BIGINT)),(CAST ($6 AS BIGINT),CAST ($7 AS BIGINT),$8,$9,CAST ($10 AS BIGINT)),(CAST ($11 AS BIGINT),CAST ($12 AS BIGINT),$13,$14,CAST ($15 AS BIGINT)),(CAST ($16 AS BIGINT),CAST ($17 AS BIGINT),$18,$19,CAST ($20 AS BIGINT)),(CAST ($21 AS BIGINT),CAST ($22 AS BIGINT),$23,$24,CAST ($25 AS BIGINT)),(CAST ($26 AS BIGINT),CAST ($27 AS BIGINT),$28,$29,CAST ($30 AS BIGINT)),(CAST ($31 AS BIGINT),CAST ($32 AS BIGINT),$33,$34,CAST ($35 AS BIGINT)),(CAST ($36 AS BIGINT),CAST ($37 AS BIGINT),$38,$39,CAST ($40 AS BIGINT)),(CAST ($41 AS BIGINT),CAST ($42 AS BIGINT),$43,$44,CAST ($45 AS BIGINT)),(CAST ($46 AS BIGINT),CAST ($47 AS BIGINT),$48,$49,CAST ($50 AS BIGINT)),(CAST ($51 AS BIGINT),CAST ($52 AS BIGINT),$53,$54,CAST ($55 AS BIGINT)),(CAST ($56 AS BIGINT),CAST ($57 AS BIGINT),$58,$59,CAST ($60 AS BIGINT)),(CAST ($61 AS BIGINT),CAST ($62 AS BIGINT),$63,$64,CAST ($65 AS BIGINT)),(CAST ($66 AS BIGINT),CAST ($67 AS BIGINT),$68,$69,CAST ($70 AS BIGINT)),(CAST ($71 AS BIGINT),CAST ($72 AS BIGINT),$73,$74,CAST ($75 AS BIGINT)),(CAST ($76 AS BIGINT),CAST ($77 AS BIGINT),$78,$79,CAST ($80 AS BIGINT)),(CAST ($81 AS BIGINT),CAST ($82 AS BIGINT),$83,$84,CAST ($85 AS BIGINT)),(CAST ($86 AS BIGINT),CAST ($87 AS BIGINT),$88,$89,CAST ($90 AS BIGINT)),(CAST ($91 AS BIGINT),CAST ($92 AS BIGINT),$93,$94,CAST ($95 AS BIGINT))) AS C(RES_ENT_ID,LIB_FEAT_ID,UTYPE_CODE,SUPPRESSED,OBS_ENT_CNT) WHERE C.RES_ENT_ID=T.RES_ENT_ID AND C.LIB_FEAT_ID=T.LIB_FEAT_ID AND C.UTYPE_CODE=T.UTYPE_CODE",0,0,0,0,0,0,29768,609896.7318040027,0.155585,924.3349039999999,20.48833417777488,43.574828000458666,565586,7626471,9005,0,599,0,0,0,0,0,0,195589.98582600034,124.28858700000005,0,0,0,0,0,0,0,0,0,0,0,0,0,0,0,0,0,2026-09-28 20:46:04.875955+00,2026-09-28 20:46:04.875955+00
10,16384,t,6955930426781489084,"MOVE -1490 IN ""query-cursor_139""",0,0,0,0,0,0,1,0.113386,0.113386,0.113386,0.113386,0,0,0,0,0,0,0,0,0,0,0,0,0,0,0,0,0,0,0,0,0,0,0,0,0,0,0,0,0,0,0,2026-09-28 22:23:53.740036+00,2026-09-28 22:23:53.740036+00
10,16384,t,-3217440464029928457,"MOVE -1603 IN ""query-cursor_157""",0,0,0,0,0,0,1,0.106178,0.106178,0.106178,0.106178,0,0,0,0,0,0,0,0,0,0,0,0,0,0,0,0,0,0,0,0,0,0,0,0,0,0,0,0,0,0,0,2026-09-28 22:59:54.794878+00,2026-09-28 22:59:54.794878+00
10,16384,t,-2967196718461964519,"MOVE ALL IN ""query-cursor_122""",0,0,0,0,0,0,1,7.380681,7.380681,7.380681,7.380681,0,0,0,0,0,0,0,0,0,0,0,0,0,0,0,0,0,0,0,0,0,0,0,0,0,0,0,0,0,0,0,2026-09-28 21:47:53.816098+00,2026-09-28 21:47:53.816098+00
10,16384,t,675590828784868072,"FETCH 50 IN ""query-cursor_165""",0,0,0,0,0,0,33,0.5254350000000001,0.009158,0.027999,0.01592227272727273,0.006146290545611588,1650,0,0,0,0,0,0,0,0,0,0,0,0,0,0,0,0,0,0,0,0,0,0,0,0,0,0,0,0,0,2026-09-28 23:17:53.751736+00,2026-09-28 23:17:53.751736+00
10,16384,t,-4099100977711347080,"FETCH 0 IN ""query-cursor_3""",0,0,0,0,0,0,1,0.003555,0.003555,0.003555,0.003555,0,0,0,0,0,0,0,0,0,0,0,0,0,0,0,0,0,0,0,0,0,0,0,0,0,0,0,0,0,0,0,2026-09-28 19:20:53.649029+00,2026-09-28 19:20:53.649029+00
10,16384,t,2261025485567430642,"FETCH 50 IN ""query-cursor_216""",0,0,0,0,0,0,39,0.610174,0.010229,0.024525,0.015645487179487178,0.003575578281160607,1950,0,0,0,0,0,0,0,0,0,0,0,0,0,0,0,0,0,0,0,0,0,0,0,0,0,0,0,0,0,2026-09-29 00:55:53.67447+00,2026-09-29 00:55:53.67447+00
10,16384,t,-3542385270987798031,"MOVE -2052 IN ""query-cursor_229""",0,0,0,0,0,0,1,0.045068,0.045068,0.045068,0.045068,0,0,0,0,0,0,0,0,0,0,0,0,0,0,0,0,0,0,0,0,0,0,0,0,0,0,0,0,0,0,0,2026-09-29 01:18:53.671884+00,2026-09-29 01:18:53.671884+00
16410,16412,t,1943254437524150087,"UPDATE RES_FEAT_EKEY AS T SET SUPPRESSED = C.SUPPRESSED FROM (VALUES (CAST ($1 AS BIGINT),CAST ($2 AS BIGINT),$3,$4),(CAST ($5 AS BIGINT),CAST ($6 AS BIGINT),$7,$8),(CAST ($9 AS BIGINT),CAST ($10 AS BIGINT),$11,$12),(CAST ($13 AS BIGINT),CAST ($14 AS BIGINT),$15,$16),(CAST ($17 AS BIGINT),CAST ($18 AS BIGINT),$19,$20),(CAST ($21 AS BIGINT),CAST ($22 AS BIGINT),$23,$24),(CAST ($25 AS BIGINT),CAST ($26 AS BIGINT),$27,$28),(CAST ($29 AS BIGINT),CAST ($30 AS BIGINT),$31,$32),(CAST ($33 AS BIGINT),CAST ($34 AS BIGINT),$35,$36),(CAST ($37 AS BIGINT),CAST ($38 AS BIGINT),$39,$40),(CAST ($41 AS BIGINT),CAST ($42 AS BIGINT),$43,$44),(CAST ($45 AS BIGINT),CAST ($46 AS BIGINT),$47,$48),(CAST ($49 AS BIGINT),CAST ($50 AS BIGINT),$51,$52),(CAST ($53 AS BIGINT),CAST ($54 AS BIGINT),$55,$56),(CAST ($57 AS BIGINT),CAST ($58 AS BIGINT),$59,$60),(CAST ($61 AS BIGINT),CAST ($62 AS BIGINT),$63,$64)) AS C(RES_ENT_ID,LIB_FEAT_ID,UTYPE_CODE,SUPPRESSED) WHERE C.RES_ENT_ID=T.RES_ENT_ID AND C.LIB_FEAT_ID=T.LIB_FEAT_ID AND C.UTYPE_CODE=T.UTYPE_CODE",0,0,0,0,0,0,239578,2475159.1026300327,0.117107,1835.149885,10.331328847515351,31.999564481041904,3833248,34196653,7451,0,11620,0,0,0,0,0,0,185829.7411209998,491.75227100000023,0,0,0,0,0,0,0,0,0,0,0,0,0,0,0,0,0,2026-09-28 20:45:10.652922+00,2026-09-28 20:45:10.652922+00
10,16384,t,-8645231575170714248,"FETCH 0 IN ""query-cursor_166""",0,0,0,0,0,0,1,0.008429,0.008429,0.008429,0.008429,0,0,0,0,0,0,0,0,0,0,0,0,0,0,0,0,0,0,0,0,0,0,0,0,0,0,0,0,0,0,0,2026-09-28 23:19:53.859458+00,2026-09-28 23:19:53.859458+00
10,16384,t,940409008185180665,"MOVE ALL IN ""query-cursor_208""",0,0,0,0,0,0,1,18.876181,18.876181,18.876181,18.876181,0,0,0,0,0,0,0,0,0,0,0,0,0,0,0,0,0,0,0,0,0,0,0,0,0,0,0,0,0,0,0,2026-09-29 00:39:53.714751+00,2026-09-29 00:39:53.714751+00
10,16384,t,8549841591413832532,"FETCH 0 IN ""query-cursor_61""",0,0,0,0,0,0,1,0.003774,0.003774,0.003774,0.003774,0,0,0,0,0,0,0,0,0,0,0,0,0,0,0,0,0,0,0,0,0,0,0,0,0,0,0,0,0,0,0,2026-09-28 20:18:53.652433+00,2026-09-28 20:18:53.652433+00
10,16384,t,6574420096249042292,"MOVE ALL IN ""query-cursor_73""",0,0,0,0,0,0,1,1.296492,1.296492,1.296492,1.296492,0,0,0,0,0,0,0,0,0,0,0,0,0,0,0,0,0,0,0,0,0,0,0,0,0,0,0,0,0,0,0,2026-09-28 20:30:53.654751+00,2026-09-28 20:30:53.654751+00
10,16384,t,1614636232220943118,"DECLARE ""query-cursor_86"" SCROLL CURSOR FOR select queryid, left(query, $1), calls, (total_plan_time + total_exec_time) as total_time from aurora_stat_statements($2) order by calls desc limit $3 FOR READ ONLY",0,0,0,0,0,0,1,0.065887,0.065887,0.065887,0.065887,0,0,0,0,0,0,0,0,0,0,0,0,0,0,0,0,0,0,0,0,0,0,0,0,0,0,0,0,0,0,0,2026-09-28 20:43:53.654289+00,2026-09-28 20:43:53.654289+00
10,16384,t,-3499457135495967299,"FETCH 0 IN ""query-cursor_206""",0,0,0,0,0,0,1,0.009136,0.009136,0.009136,0.009136,0,0,0,0,0,0,0,0,0,0,0,0,0,0,0,0,0,0,0,0,0,0,0,0,0,0,0,0,0,0,0,2026-09-29 00:35:53.66953+00,2026-09-29 00:35:53.66953+00
10,16384,t,2505071963319415701,"MOVE -1968 IN ""query-cursor_215""",0,0,0,0,0,0,1,0.141453,0.141453,0.141453,0.141453,0,0,0,0,0,0,0,0,0,0,0,0,0,0,0,0,0,0,0,0,0,0,0,0,0,0,0,0,0,0,0,2026-09-29 00:53:53.719518+00,2026-09-29 00:53:53.719518+00
10,16384,t,-810174485946862437,"FETCH 28 IN ""query-cursor_93""",0,0,0,0,0,0,1,0.010552,0.010552,0.010552,0.010552,0,28,0,0,0,0,0,0,0,0,0,0,0,0,0,0,0,0,0,0,0,0,0,0,0,0,0,0,0,0,0,2026-09-28 20:50:53.724375+00,2026-09-28 20:50:53.724375+00
10,16384,t,2965151880347536250,"MOVE -2091 IN ""query-cursor_233""",0,0,0,0,0,0,1,0.045616,0.045616,0.045616,0.045616,0,0,0,0,0,0,0,0,0,0,0,0,0,0,0,0,0,0,0,0,0,0,0,0,0,0,0,0,0,0,0,2026-09-29 01:23:53.67322+00,2026-09-29 01:23:53.67322+00
16410,16412,t,-4339771531363316625,"SELECT RES_ENT_ID,LIB_FEAT_ID,FTYPE_ID,UTYPE_CODE,SUPPRESSED,OBS_ENT_CNT FROM RES_FEAT_EKEY WHERE RES_ENT_ID IN ($1,$2) AND FTYPE_ID IN ($3,$4,$5,$6,$7,$8,$9,$10,$11,$12,$13,$14,$15,$16,$17,$18,$19,$20,$21,$22,$23,$24,$25,$26,$27,$28,$29,$30,$31,$32,$33,$34,$35,$36,$37,$38,$39,$40,$41,$42,$43,$44,$45,$46,$47,$48,$49,$50,$51,$52)",0,0,0,0,0,0,3855,783.8029519999997,0.031459,50.950019,0.20332112892347592,2.0886554540291282,8625,41595,0,0,0,0,0,0,0,0,0,0,0,0,0,0,0,0,0,0,0,0,0,0,0,0,0,0,0,0,2026-09-28 20:52:45.651287+00,2026-09-28 20:52:45.651287+00
16410,16412,t,-4601428709734355571,"SELECT RES_ENT_ID,LIB_FEAT_ID,FTYPE_ID,UTYPE_CODE,SUPPRESSED,OBS_ENT_CNT FROM RES_FEAT_EKEY WHERE RES_ENT_ID IN ($1,$2,$3,$4) AND FTYPE_ID IN ($5,$6,$7,$8,$9,$10,$11,$12,$13,$14,$15,$16,$17,$18,$19,$20,$21)",0,0,0,0,0,0,668681,2023311.0610199932,0.040268,965.510452,3.0258240641202505,15.408658066310464,51031641,12540340,86759,0,0,0,0,0,0,0,0,1626816.4222210008,0,0,0,0,0,0,0,0,0,0,0,0,0,0,0,0,0,0,2026-09-28 20:44:55.082425+00,2026-09-28 20:44:55.082425+00
10,16384,t,-8073683008056133751,"DECLARE ""query-cursor_135"" SCROLL CURSOR FOR select queryid, left(query, $1), calls, (total_plan_time + total_exec_time) as total_time from aurora_stat_statements($2) order by calls desc limit $3 FOR READ ONLY",0,0,0,0,0,0,1,0.079653,0.079653,0.079653,0.079653,0,0,0,0,0,0,0,0,0,0,0,0,0,0,0,0,0,0,0,0,0,0,0,0,0,0,0,0,0,0,0,2026-09-28 22:15:53.689926+00,2026-09-28 22:15:53.689926+00
16410,16412,t,3412672464697620968,"SELECT RES_ENT_ID,LIB_FEAT_ID,FTYPE_ID,UTYPE_CODE,SUPPRESSED,OBS_ENT_CNT FROM RES_FEAT_EKEY WHERE RES_ENT_ID IN ($1,$2,$3,$4,$5,$6,$7,$8,$9,$10,$11,$12,$13,$14,$15,$16) AND FTYPE_ID IN ($17,$18,$19,$20,$21,$22,$23,$24,$25,$26,$27,$28,$29,$30,$31,$32,$33,$34)",0,0,0,0,0,0,251214,2417606.892905004,0.10925499999999999,937.076743,9.623694909141225,28.228099993149552,63814003,14763296,114984,0,0,0,0,0,0,0,0,1924268.3867790035,0,0,0,0,0,0,0,0,0,0,0,0,0,0,0,0,0,0,2026-09-28 20:44:58.336572+00,2026-09-28 20:44:58.336572+00
10,16384,t,-3555620310662297861,"DECLARE ""query-cursor_167"" SCROLL CURSOR FOR select queryid, left(query, $1), calls, (total_plan_time + total_exec_time) as total_time from aurora_stat_statements($2) order by calls desc limit $3 FOR READ ONLY",0,0,0,0,0,0,1,0.084198,0.084198,0.084198,0.084198,0,0,0,0,0,0,0,0,0,0,0,0,0,0,0,0,0,0,0,0,0,0,0,0,0,0,0,0,0,0,0,2026-09-28 23:21:53.662817+00,2026-09-28 23:21:53.662817+00
16410,16412,t,-8573621401839085803,"INSERT INTO RES_REL_EKEY(RES_REL_ID,RES_ENT_ID,REL_ENT_ID) VALUES ($1,$2,$3),($4,$5,$6),($7,$8,$9),($10,$11,$12) ON CONFLICT DO NOTHING",0,0,0,0,0,0,2341751,8770897.190091267,0.043837,1370.489323,3.7454439819140752,11.846034068340236,9366898,84636143,13978,0,107072,0,0,0,0,0,0,425578.77782299736,22302.369390000167,0,0,0,0,0,0,0,0,0,0,0,0,0,0,0,0,0,2026-09-28 20:44:53.786845+00,2026-09-28 20:44:53.786845+00
16410,16412,t,6590697291573528144,DELETE FROM RES_FEAT_EKEY WHERE ((RES_ENT_ID=$1 AND LIB_FEAT_ID=$2 AND UTYPE_CODE=$3)OR(RES_ENT_ID=$4 AND LIB_FEAT_ID=$5 AND UTYPE_CODE=$6)OR(RES_ENT_ID=$7 AND LIB_FEAT_ID=$8 AND UTYPE_CODE=$9)),0,0,0,0,0,0,16632,14272.858920000075,0.010299,308.104304,0.8581565007215053,5.421894883589271,37311,251721,13,0,0,0,0,0,0,0,0,430.689057,0,0,0,0,0,0,0,0,0,0,0,0,0,0,0,0,0,0,2026-09-28 20:45:41.97976+00,2026-09-28 20:45:41.97976+00
10,16384,t,8215734257809366524,"DECLARE ""query-cursor_5"" SCROLL CURSOR FOR select queryid, left(query, $1), calls, (total_plan_time + total_exec_time) as total_time from aurora_stat_statements($2) order by calls desc limit $3 FOR READ ONLY",0,0,0,0,0,0,1,0.06502,0.06502,0.06502,0.06502,0,0,0,0,0,0,0,0,0,0,0,0,0,0,0,0,0,0,0,0,0,0,0,0,0,0,0,0,0,0,0,2026-09-28 19:22:53.648144+00,2026-09-28 19:22:53.648144+00
10,16384,t,9037251657683410978,"FETCH 21 IN ""query-cursor_224""",0,0,0,0,0,0,1,0.00212,0.00212,0.00212,0.00212,0,21,0,0,0,0,0,0,0,0,0,0,0,0,0,0,0,0,0,0,0,0,0,0,0,0,0,0,0,0,0,2026-09-29 01:11:53.682737+00,2026-09-29 01:11:53.682737+00
10,16384,t,-5071408463027060399,"FETCH 1 IN ""query-cursor_172""",0,0,0,0,0,0,1,0.002467,0.002467,0.002467,0.002467,0,1,0,0,0,0,0,0,0,0,0,0,0,0,0,0,0,0,0,0,0,0,0,0,0,0,0,0,0,0,0,2026-09-28 23:33:53.984201+00,2026-09-28 23:33:53.984201+00
16410,16412,t,6677170199661313477,SELECT DSRC_ID FROM DSRC_RECORD WHERE DSRC_ID=$1 AND RECORD_ID=$2,0,0,0,0,0,0,25000992,1565700.2283430418,0.005144,477.280922,0.06262552415292329,1.4513881760824723,992,88659478,12108,0,0,0,0,0,0,0,0,349088.22555299936,0,0,0,0,0,0,0,0,0,0,0,0,0,0,0,0,0,0,2026-09-28 20:44:52.33698+00,2026-09-28 20:44:52.33698+00
10,16384,t,-6414213960783439278,select row_to_json(aurora_startup_time_stats) from aurora_startup_time_stats(),0,0,0,0,0,0,1,0.093447,0.093447,0.093447,0.093447,0,1,0,0,0,0,0,0,0,0,0,0,0,0,0,0,0,0,0,0,0,0,0,0,0,0,0,0,0,0,0,2026-09-28 19:16:35.685704+00,2026-09-28 19:16:35.685704+00
16410,16412,t,3669007116668307495,"UPDATE RES_RELATE AS T SET IS_DISCLOSED=C.IS_DISCLOSED,IS_AMBIGUOUS=C.IS_AMBIGUOUS,LAST_ERRULE_ID=C.LAST_ERRULE_ID,MATCH_KEY=C.MATCH_KEY,MATCH_KEY_DETAILS=C.MATCH_KEY_DETAILS,MATCH_LEVELS=C.MATCH_LEVELS FROM (VALUES (CAST ($1 AS BIGINT),CAST ($2 AS BIGINT),CAST ($3 AS BIGINT),CAST ($4 AS BIGINT),$5,$6,$7),(CAST ($8 AS BIGINT),CAST ($9 AS BIGINT),CAST ($10 AS BIGINT),CAST ($11 AS BIGINT),$12,$13,$14),(CAST ($15 AS BIGINT),CAST ($16 AS BIGINT),CAST ($17 AS BIGINT),CAST ($18 AS BIGINT),$19,$20,$21)) AS C(RES_REL_ID,IS_DISCLOSED,IS_AMBIGUOUS,LAST_ERRULE_ID,MATCH_KEY,MATCH_KEY_DETAILS,MATCH_LEVELS) WHERE C.RES_REL_ID=T.RES_REL_ID",0,0,0,0,0,0,779044,3654771.3983798567,0.037218999999999995,2151.428682,4.691354273160254,21.57868145385535,2337129,22637326,89175,0,78488,0,0,0,0,0,0,1547927.1333920013,2475.9051109999987,0,0,0,0,0,0,0,0,0,0,0,0,0,0,0,0,0,2026-09-28 20:45:09.924678+00,2026-09-28 20:45:09.924678+00
16410,16412,t,7322555024964996789,"SELECT
    pid,
    state,
    now() - xact_start                                 AS xact_age,
    now() - query_start                                AS query_age,
    age(backend_xmin)                                  AS xmin_age_xids,
    left(regexp_replace(query, $1, $2, $3), $4)   AS query
FROM pg_stat_activity
WHERE datname = current_database()
  AND backend_xmin IS NOT NULL
ORDER BY age(backend_xmin) DESC NULLS LAST
LIMIT $5",0,0,0,0,0,0,3,136.782656,8.538304,112.939395,45.59421866666667,47.70028986446814,11,18,0,0,0,0,0,0,0,0,0,0,0,0,0,0,0,0,0,0,0,0,0,0,0,0,0,0,0,0,2026-09-28 20:54:02.296841+00,2026-09-28 20:54:02.296841+00
10,16384,t,-8819237340448120154,"DECLARE ""query-cursor_194"" SCROLL CURSOR FOR select queryid, left(query, $1), calls, (total_plan_time + total_exec_time) as total_time from aurora_stat_statements($2) order by calls desc limit $3 FOR READ ONLY",0,0,0,0,0,0,1,0.050514,0.050514,0.050514,0.050514,0,0,0,0,0,0,0,0,0,0,0,0,0,0,0,0,0,0,0,0,0,0,0,0,0,0,0,0,0,0,0,2026-09-29 00:17:53.663385+00,2026-09-29 00:17:53.663385+00
16410,16412,t,8222817518443076321,"SELECT RES_ENT_ID,LIB_FEAT_ID,FTYPE_ID,UTYPE_CODE,SUPPRESSED,OBS_ENT_CNT FROM RES_FEAT_EKEY WHERE RES_ENT_ID IN ($1,$2,$3,$4) AND FTYPE_ID IN ($5,$6,$7,$8,$9,$10,$11,$12)",0,0,0,0,0,0,3345,7290.442024000002,0.039405,200.965909,2.17950434200299,11.839658227604371,133394,61170,301,0,0,0,0,0,0,0,0,5636.171479999995,0,0,0,0,0,0,0,0,0,0,0,0,0,0,0,0,0,0,2026-09-28 20:45:11.10333+00,2026-09-28 20:45:11.10333+00
10,1,t,4743708967602125791,"SELECT COUNT(*)
RELS
,(MAX(RELPAGES::bigint) FILTER (WHERE RELKIND IN ($1,$2,$3,$4) AND RELNAMESPACE<>$5::REGNAMESPACE))*$6
LARGEST_TABLE_BYTES
,(MAX(RELTUPLES::bigint) FILTER (WHERE RELKIND IN ($7,$8,$9,$10) AND RELNAMESPACE<>$11::REGNAMESPACE))
LARGEST_TABLE_TUPLES
,(MAX(RELPAGES::bigint) FILTER (WHERE RELKIND IN ($12,$13) AND RELNAMESPACE<>$14::REGNAMESPACE))*$15
LARGEST_INDEX_BYTES
,(MAX(RELTUPLES::bigint) FILTER (WHERE RELKIND IN ($16,$17) AND RELNAMESPACE<>$18::REGNAMESPACE))
LARGEST_INDEX_TUPLES
,(MAX(RELPAGES::bigint) FILTER (WHERE RELKIND IN ($19,$20,$21,$22) AND RELNAMESPACE=$23::REGNAMESPACE))*$24
LARGEST_CATALOG_TABLE_BYTES
,(MAX(RELTUPLES::bigint) FILTER (WHERE RELKIND IN ($25,$26,$27,$28) AND RELNAMESPACE=$29::REGNAMESPACE))
LARGEST_CATALOG_TABLE_TUPLES
,(MAX(RELPAGES::bigint) FILTER (WHERE RELKIND IN ($30,$31) AND RELNAMESPACE=$32::REGNAMESPACE))*$33
LARGEST_CATALOG_INDEX_BYTES
,(MAX(RELTUPLES::bigint) FILTER (WHERE RELKIND IN ($34,$35) AND RELNAMESPACE=$36::REGNAMESPACE))
LARGEST_CATALOG_INDEX_TUPLES
FROM PG_CATALOG.PG_CLASS",0,0,0,0,0,0,1,0.154032,0.154032,0.154032,0.154032,0,1,14,0,0,0,0,0,0,0,0,0,0,0,0,0,0,0,0,0,0,0,0,0,0,0,0,0,0,0,0,2026-09-28 19:45:00.336873+00,2026-09-28 19:45:00.336873+00
16410,16412,t,2744164938674469662,"SELECT RES_ENT_ID,LIB_FEAT_ID,FTYPE_ID,UTYPE_CODE,SUPPRESSED,OBS_ENT_CNT FROM RES_FEAT_EKEY WHERE RES_ENT_ID IN ($1,$2,$3,$4,$5,$6,$7,$8,$9,$10,$11,$12,$13,$14,$15,$16,$17,$18,$19,$20,$21,$22,$23,$24,$25,$26,$27,$28,$29,$30,$31,$32) AND FTYPE_ID IN ($33,$34,$35,$36,$37,$38,$39,$40,$41,$42)",0,0,0,0,0,0,75,1149.6337800000001,0.262504,216.077908,15.328450400000001,33.76078024283882,20626,7435,51,0,0,0,0,0,0,0,0,871.440886,0,0,0,0,0,0,0,0,0,0,0,0,0,0,0,0,0,0,2026-09-28 20:47:27.376604+00,2026-09-28 20:47:27.376604+00
10,16384,t,-5914096615621307821,"FETCH 50 IN ""query-cursor_54""",0,0,0,0,0,0,9,0.030067,0.002821,0.00485,0.0033407777777777776,0.0005956911537174981,450,0,0,0,0,0,0,0,0,0,0,0,0,0,0,0,0,0,0,0,0,0,0,0,0,0,0,0,0,0,2026-09-28 20:11:53.653127+00,2026-09-28 20:11:53.653127+00
10,16384,t,-8287543543549757618,"MOVE -1637 IN ""query-cursor_162""",0,0,0,0,0,0,1,0.125904,0.125904,0.125904,0.125904,0,0,0,0,0,0,0,0,0,0,0,0,0,0,0,0,0,0,0,0,0,0,0,0,0,0,0,0,0,0,0,2026-09-28 23:11:53.936223+00,2026-09-28 23:11:53.936223+00
16410,16412,t,6280443813855842108,"SELECT OBS_ENT_ID,RES_ENT_ID FROM RES_ENT_OKEY WHERE OBS_ENT_ID IN ($1,$2,$3,$4)",0,0,0,0,0,0,442073,109060.00627099715,0.014297,289.74590900000004,0.24670135084250147,2.428194617784835,1411015,6463921,0,0,0,0,0,0,0,0,0,0,0,0,0,0,0,0,0,0,0,0,0,0,0,0,0,0,0,0,2026-09-28 20:46:19.674343+00,2026-09-28 20:46:19.674343+00
10,16384,t,-418694401700558880,"FETCH 0 IN ""query-cursor_91""",0,0,0,0,0,0,1,0.005074,0.005074,0.005074,0.005074,0,0,0,0,0,0,0,0,0,0,0,0,0,0,0,0,0,0,0,0,0,0,0,0,0,0,0,0,0,0,0,2026-09-28 20:48:53.654983+00,2026-09-28 20:48:53.654983+00
10,16384,t,-1723299484301964600,"FETCH 13 IN ""query-cursor_77""",0,0,0,0,0,0,1,0.002081,0.002081,0.002081,0.002081,0,13,0,0,0,0,0,0,0,0,0,0,0,0,0,0,0,0,0,0,0,0,0,0,0,0,0,0,0,0,0,2026-09-28 20:34:53.657537+00,2026-09-28 20:34:53.657537+00
16410,16412,t,-7281832217859379588,"DELETE FROM RES_REL_EKEY WHERE (RES_ENT_ID,REL_ENT_ID,RES_REL_ID) IN (($1,$2,$3),($4,$5,$6),($7,$8,$9),($10,$11,$12))",0,0,0,0,0,0,781335,597372.3897500213,0.01816,478.756805,0.764553475461897,4.3272826989144875,3122275,16711633,9317,0,0,0,0,0,0,0,0,81504.39092199987,0,0,0,0,0,0,0,0,0,0,0,0,0,0,0,0,0,0,2026-09-28 20:44:58.718581+00,2026-09-28 20:44:58.718581+00
10,1,t,1623369012368112450,SET application_name = $1,0,0,0,0,0,0,3,0.055829000000000004,0.013796,0.024392,0.018609666666666667,0.004379691034257503,0,0,0,0,0,0,0,0,0,0,0,0,0,0,0,0,0,0,0,0,0,0,0,0,0,0,0,0,0,0,2026-09-28 19:45:00.244242+00,2026-09-28 19:45:00.244242+00
10,16384,t,155806566926691450,"MOVE ALL IN ""query-cursor_62""",0,0,0,0,0,0,1,1.189916,1.189916,1.189916,1.189916,0,0,0,0,0,0,0,0,0,0,0,0,0,0,0,0,0,0,0,0,0,0,0,0,0,0,0,0,0,0,0,2026-09-28 20:19:53.653709+00,2026-09-28 20:19:53.653709+00
10,16384,t,605794154911247405,"FETCH 50 IN ""query-cursor_177""",0,0,0,0,0,0,34,0.524589,0.010023,0.02492,0.015429088235294116,0.003989599518215322,1700,0,0,0,0,0,0,0,0,0,0,0,0,0,0,0,0,0,0,0,0,0,0,0,0,0,0,0,0,0,2026-09-28 23:43:53.904059+00,2026-09-28 23:43:53.904059+00
10,16384,t,8073051347754995869,"FETCH 50 IN ""query-cursor_130""",0,0,0,0,0,0,28,0.451038,0.011286,0.022665,0.0161085,0.003486263262536882,1400,0,0,0,0,0,0,0,0,0,0,0,0,0,0,0,0,0,0,0,0,0,0,0,0,0,0,0,0,0,2026-09-28 22:03:53.686096+00,2026-09-28 22:03:53.686096+00
10,16384,t,-158215696050698766,"FETCH 50 IN ""query-cursor_184""",0,0,0,0,0,0,35,0.585469,0.010636,0.027748,0.016727685714285716,0.005551539008092019,1750,0,0,0,0,0,0,0,0,0,0,0,0,0,0,0,0,0,0,0,0,0,0,0,0,0,0,0,0,0,2026-09-28 23:57:53.7689+00,2026-09-28 23:57:53.7689+00
10,16384,t,-8354070025969899409,"FETCH 19 IN ""query-cursor_86""",0,0,0,0,0,0,1,0.002217,0.002217,0.002217,0.002217,0,19,0,0,0,0,0,0,0,0,0,0,0,0,0,0,0,0,0,0,0,0,0,0,0,0,0,0,0,0,0,2026-09-28 20:43:53.658193+00,2026-09-28 20:43:53.658193+00
10,16384,t,7275814398050199315,"FETCH 50 IN ""query-cursor_74""",0,0,0,0,0,0,11,0.034705,0.002752,0.005601,0.003155,0.0007932147479488998,550,0,0,0,0,0,0,0,0,0,0,0,0,0,0,0,0,0,0,0,0,0,0,0,0,0,0,0,0,0,2026-09-28 20:31:53.654842+00,2026-09-28 20:31:53.654842+00
10,16384,t,-2012401940165738353,"FETCH 0 IN ""query-cursor_108""",0,0,0,0,0,0,1,0.005427,0.005427,0.005427,0.005427,0,0,0,0,0,0,0,0,0,0,0,0,0,0,0,0,0,0,0,0,0,0,0,0,0,0,0,0,0,0,0,2026-09-28 21:19:53.678301+00,2026-09-28 21:19:53.678301+00
16410,16412,t,-7691896416754340519,"INSERT INTO RES_FEAT_STAT(LIB_FEAT_ID,FTYPE_ID,NUM_RES_ENT,NUM_RES_ENT_OOM) VALUES ($1,$2,$3,$4),($5,$6,$7,$8),($9,$10,$11,$12),($13,$14,$15,$16),($17,$18,$19,$20),($21,$22,$23,$24),($25,$26,$27,$28),($29,$30,$31,$32),($33,$34,$35,$36),($37,$38,$39,$40),($41,$42,$43,$44),($45,$46,$47,$48),($49,$50,$51,$52),($53,$54,$55,$56),($57,$58,$59,$60),($61,$62,$63,$64),($65,$66,$67,$68),($69,$70,$71,$72),($73,$74,$75,$76),($77,$78,$79,$80),($81,$82,$83,$84),($85,$86,$87,$88) ON CONFLICT DO NOTHING",0,0,0,0,0,0,858078,19515365.23842056,0.202354,3109.740708,22.74311337479875,87.42217993273258,18877664,186413341,5355,0,183263,0,0,0,0,0,0,30889.454751000056,19921.613007999942,0,0,0,0,0,0,0,0,0,0,0,0,0,0,0,0,0,2026-09-28 20:44:52.522272+00,2026-09-28 20:44:52.522272+00
10,16384,t,5335107717409305367,"MOVE -1932 IN ""query-cursor_209""",0,0,0,0,0,0,1,0.148378,0.148378,0.148378,0.148378,0,0,0,0,0,0,0,0,0,0,0,0,0,0,0,0,0,0,0,0,0,0,0,0,0,0,0,0,0,0,0,2026-09-29 00:41:53.694518+00,2026-09-29 00:41:53.694518+00
10,16384,t,1517767270657200424,"FETCH 20 IN ""query-cursor_109""",0,0,0,0,0,0,1,0.010577,0.010577,0.010577,0.010577,0,20,0,0,0,0,0,0,0,0,0,0,0,0,0,0,0,0,0,0,0,0,0,0,0,0,0,0,0,0,0,2026-09-28 21:21:53.844716+00,2026-09-28 21:21:53.844716+00
10,16384,t,6715512767304570223,select count(distinct pid) as blocked_transactions from pg_locks where not granted,0,0,0,0,0,0,235,4246.192743,3.3226,312.437342,18.0689052893617,33.034345653149074,235,3,0,0,0,0,0,0,0,0,0,0,0,0,0,0,0,0,0,0,0,0,0,0,0,0,0,0,0,0,2026-09-28 19:18:53.202222+00,2026-09-28 19:18:53.202222+00
10,16384,t,5343891881949231489,"select queryid, calls, (total_plan_time + total_exec_time) as total_time, rows, shared_blks_hit, shared_blks_dirtied, shared_blks_read, shared_blks_written, local_blks_hit, local_blks_dirtied, local_blks_read, local_blks_written, temp_blks_read, temp_blks_written, storage_blks_read, orcache_blks_hit, shared_blk_read_time as blk_read_time, shared_blk_write_time as blk_write_time, storage_blk_read_time, local_blk_read_time, orcache_blk_read_time, total_plan_time, total_exec_time from aurora_stat_statements($1) where queryid in ($2, $3, $4, $5, $6, $7, $8, $9, $10, $11, $12, $13, $14, $15, $16, $17, $18, $19, $20, $21, $22, $23, $24, $25, $26, $27, $28, $29, $30, $31, $32, $33, $34, $35, $36, $37, $38, $39, $40, $41, $42, $43, $44, $45, $46, $47, $48, $49, $50, $51, $52, $53, $54, $55, $56, $57, $58, $59, $60, $61)",0,0,0,0,0,0,15,200.596544,2.2101830000000002,121.340699,13.373102933333334,29.559175820505093,915,0,0,0,0,0,0,0,0,0,0,0,0,0,0,0,0,0,0,0,0,0,0,0,0,0,0,0,0,0,2026-09-28 22:04:03.740729+00,2026-09-28 22:04:03.740729+00
10,16384,t,163517582903885794,"SELECT viewname, md5(pg_get_viewdef($1 || viewname)::text) FROM pg_views WHERE schemaname = $2 ORDER BY viewname",0,0,0,0,0,0,36,3936.9303789999994,9.316485,850.08191,109.35917719444443,185.9371695269535,2340,10581,557,0,0,0,0,0,0,0,0,3004.4519859999996,0,0,0,0,0,0,0,0,0,0,0,0,0,0,0,0,0,0,2026-09-28 19:25:34.807129+00,2026-09-28 19:25:34.807129+00
10,16384,t,-4442955528627619855,"FETCH 50 IN ""query-cursor_153""",0,0,0,0,0,0,31,0.4966890000000001,0.010151,0.026866,0.016022225806451615,0.004548632610623858,1550,0,0,0,0,0,0,0,0,0,0,0,0,0,0,0,0,0,0,0,0,0,0,0,0,0,0,0,0,0,2026-09-28 22:51:53.676912+00,2026-09-28 22:51:53.676912+00
16410,16412,t,-6078229899071038424,"INSERT INTO RES_REL_EKEY(RES_REL_ID,RES_ENT_ID,REL_ENT_ID) VALUES ($1,$2,$3),($4,$5,$6) ON CONFLICT DO NOTHING",0,0,0,0,0,0,4496469,9969193.16378769,0.024383000000000002,813.616392,2.2171159556059856,8.043341879740243,8992828,80742425,14542,0,144275,0,0,0,0,0,0,430577.0077450013,26374.235088999765,0,0,0,0,0,0,0,0,0,0,0,0,0,0,0,0,0,2026-09-28 20:44:53.331126+00,2026-09-28 20:44:53.331126+00
16410,16412,t,-4550385992683085027,"INSERT INTO RES_REL_EKEY(RES_REL_ID,RES_ENT_ID,REL_ENT_ID) VALUES ($1,$2,$3),($4,$5,$6),($7,$8,$9),($10,$11,$12),($13,$14,$15),($16,$17,$18),($19,$20,$21),($22,$23,$24),($25,$26,$27),($28,$29,$30),($31,$32,$33),($34,$35,$36),($37,$38,$39),($40,$41,$42),($43,$44,$45),($46,$47,$48),($49,$50,$51),($52,$53,$54),($55,$56,$57),($58,$59,$60),($61,$62,$63),($64,$65,$66),($67,$68,$69),($70,$71,$72),($73,$74,$75),($76,$77,$78),($79,$80,$81),($82,$83,$84),($85,$86,$87),($88,$89,$90),($91,$92,$93),($94,$95,$96) ON CONFLICT DO NOTHING",0,0,0,0,0,0,31,778.351248,0.604435,153.92739899999998,25.10810477419355,42.575331595339364,992,9236,2,0,9,0,0,0,0,0,0,76.708055,0.091127,0,0,0,0,0,0,0,0,0,0,0,0,0,0,0,0,0,2026-09-28 21:16:03.28425+00,2026-09-28 21:16:03.28425+00
10,16384,t,7065342863528168223,"MOVE -1325 IN ""query-cursor_116""",0,0,0,0,0,0,1,0.137565,0.137565,0.137565,0.137565,0,0,0,0,0,0,0,0,0,0,0,0,0,0,0,0,0,0,0,0,0,0,0,0,0,0,0,0,0,0,0,2026-09-28 21:35:53.987918+00,2026-09-28 21:35:53.987918+00
10,16384,t,-1939861772634473665,"DECLARE ""query-cursor_157"" SCROLL CURSOR FOR select queryid, left(query, $1), calls, (total_plan_time + total_exec_time) as total_time from aurora_stat_statements($2) order by calls desc limit $3 FOR READ ONLY",0,0,0,0,0,0,1,0.110035,0.110035,0.110035,0.110035,0,0,0,0,0,0,0,0,0,0,0,0,0,0,0,0,0,0,0,0,0,0,0,0,0,0,0,0,0,0,0,2026-09-28 22:59:54.786899+00,2026-09-28 22:59:54.786899+00
10,16384,t,1761846946532074262,"MOVE ALL IN ""query-cursor_139""",0,0,0,0,0,0,1,6.714029,6.714029,6.714029,6.714029,0,0,0,0,0,0,0,0,0,0,0,0,0,0,0,0,0,0,0,0,0,0,0,0,0,0,0,0,0,0,0,2026-09-28 22:23:53.739794+00,2026-09-28 22:23:53.739794+00
10,5,t,4743708967602125791,"SELECT COUNT(*)
RELS
,(MAX(RELPAGES::bigint) FILTER (WHERE RELKIND IN ($1,$2,$3,$4) AND RELNAMESPACE<>$5::REGNAMESPACE))*$6
LARGEST_TABLE_BYTES
,(MAX(RELTUPLES::bigint) FILTER (WHERE RELKIND IN ($7,$8,$9,$10) AND RELNAMESPACE<>$11::REGNAMESPACE))
LARGEST_TABLE_TUPLES
,(MAX(RELPAGES::bigint) FILTER (WHERE RELKIND IN ($12,$13) AND RELNAMESPACE<>$14::REGNAMESPACE))*$15
LARGEST_INDEX_BYTES
,(MAX(RELTUPLES::bigint) FILTER (WHERE RELKIND IN ($16,$17) AND RELNAMESPACE<>$18::REGNAMESPACE))
LARGEST_INDEX_TUPLES
,(MAX(RELPAGES::bigint) FILTER (WHERE RELKIND IN ($19,$20,$21,$22) AND RELNAMESPACE=$23::REGNAMESPACE))*$24
LARGEST_CATALOG_TABLE_BYTES
,(MAX(RELTUPLES::bigint) FILTER (WHERE RELKIND IN ($25,$26,$27,$28) AND RELNAMESPACE=$29::REGNAMESPACE))
LARGEST_CATALOG_TABLE_TUPLES
,(MAX(RELPAGES::bigint) FILTER (WHERE RELKIND IN ($30,$31) AND RELNAMESPACE=$32::REGNAMESPACE))*$33
LARGEST_CATALOG_INDEX_BYTES
,(MAX(RELTUPLES::bigint) FILTER (WHERE RELKIND IN ($34,$35) AND RELNAMESPACE=$36::REGNAMESPACE))
LARGEST_CATALOG_INDEX_TUPLES
FROM PG_CATALOG.PG_CLASS",0,0,0,0,0,0,1,0.155709,0.155709,0.155709,0.155709,0,1,14,0,0,0,0,0,0,0,0,0,0,0,0,0,0,0,0,0,0,0,0,0,0,0,0,0,0,0,0,2026-09-28 19:45:00.235937+00,2026-09-28 19:45:00.235937+00
10,16384,t,-1732525691442296854,"FETCH 50 IN ""query-cursor_183""",0,0,0,0,0,0,35,0.5571449999999999,0.010482,0.024444,0.01591842857142857,0.004467111008155458,1750,0,0,0,0,0,0,0,0,0,0,0,0,0,0,0,0,0,0,0,0,0,0,0,0,0,0,0,0,0,2026-09-28 23:55:53.849097+00,2026-09-28 23:55:53.849097+00
10,16384,t,-5304425592078712455,"MOVE ALL IN ""query-cursor_68""",0,0,0,0,0,0,1,1.264108,1.264108,1.264108,1.264108,0,0,0,0,0,0,0,0,0,0,0,0,0,0,0,0,0,0,0,0,0,0,0,0,0,0,0,0,0,0,0,2026-09-28 20:25:53.654296+00,2026-09-28 20:25:53.654296+00
16410,16412,t,-2242460108924211428,"SELECT OBS_ENT_ID,RES_ENT_ID FROM RES_ENT_OKEY WHERE OBS_ENT_ID IN ($1,$2)",0,0,0,0,0,0,1117308,198170.6905769924,0.010338,221.728445,0.17736442465013444,1.8958235849677791,2234616,9908878,0,0,0,0,0,0,0,0,0,0,0,0,0,0,0,0,0,0,0,0,0,0,0,0,0,0,0,0,2026-09-28 20:44:57.339645+00,2026-09-28 20:44:57.339645+00
10,16384,t,2598160947181064491,"FETCH 0 IN ""query-cursor_102""",0,0,0,0,0,0,1,0.005882,0.005882,0.005882,0.005882,0,0,0,0,0,0,0,0,0,0,0,0,0,0,0,0,0,0,0,0,0,0,0,0,0,0,0,0,0,0,0,2026-09-28 21:07:53.765215+00,2026-09-28 21:07:53.765215+00
16410,16412,t,-7207532726117570600,"SELECT RES_ENT_ID FROM RES_ENT WHERE RES_ENT_ID IN ($1,$2,$3,$4,$5,$6,$7,$8,$9,$10,$11,$12,$13,$14,$15,$16)",0,0,0,0,0,0,753,137.62979399999983,0.039257,34.974017,0.18277529083665317,1.60118783004386,41,21233,0,0,0,0,0,0,0,0,0,0,0,0,0,0,0,0,0,0,0,0,0,0,0,0,0,0,0,0,2026-09-28 22:18:32.980464+00,2026-09-28 22:18:32.980464+00
10,16384,t,-7011084734170376001,"FETCH 50 IN ""query-cursor_36""",0,0,0,0,0,0,7,0.024837,0.002878,0.005113,0.0035481428571428573,0.0007105059421831398,350,0,0,0,0,0,0,0,0,0,0,0,0,0,0,0,0,0,0,0,0,0,0,0,0,0,0,0,0,0,2026-09-28 19:53:53.651496+00,2026-09-28 19:53:53.651496+00
16410,16412,t,-1123139156033614029,SELECT LOCK_DSRC_ACTION FROM RES_ENT WHERE RES_ENT_ID=$1,0,0,0,0,0,0,6134128,235993.56702599506,0.004369,231.32802999999998,0.03847222735260742,0.532112328065981,6134128,24539155,0,0,0,0,0,0,0,0,0,0,0,0,0,0,0,0,0,0,0,0,0,0,0,0,0,0,0,0,2026-09-28 20:44:58.454467+00,2026-09-28 20:44:58.454467+00
10,16384,t,2671304535297845145,"FETCH 50 IN ""query-cursor_57""",0,0,0,0,0,0,9,0.030300999999999998,0.002891,0.005254,0.0033667777777777776,0.0007150273930693188,450,0,0,0,0,0,0,0,0,0,0,0,0,0,0,0,0,0,0,0,0,0,0,0,0,0,0,0,0,0,2026-09-28 20:14:53.653421+00,2026-09-28 20:14:53.653421+00
10,16384,t,-4975733994585191507,"FETCH 3 IN ""query-cursor_34""",0,0,0,0,0,0,1,0.001678,0.001678,0.001678,0.001678,0,3,0,0,0,0,0,0,0,0,0,0,0,0,0,0,0,0,0,0,0,0,0,0,0,0,0,0,0,0,0,2026-09-28 19:51:53.652786+00,2026-09-28 19:51:53.652786+00
16410,16412,t,-8895857438747939378,"SELECT name, setting FROM pg_settings
WHERE name IN ($1,$2,$3,
               $4,$5)
ORDER BY name",0,0,0,0,0,0,1,1.407541,1.407541,1.407541,1.407541,0,5,4,0,0,0,0,0,0,0,0,0,0,0,0,0,0,0,0,0,0,0,0,0,0,0,0,0,0,0,0,2026-09-28 19:50:43.321218+00,2026-09-28 19:50:43.321218+00
10,16384,t,5055770987712178971,"FETCH 0 IN ""query-cursor_175""",0,0,0,0,0,0,1,0.007756,0.007756,0.007756,0.007756,0,0,0,0,0,0,0,0,0,0,0,0,0,0,0,0,0,0,0,0,0,0,0,0,0,0,0,0,0,0,0,2026-09-28 23:39:53.682224+00,2026-09-28 23:39:53.682224+00
16410,16412,t,-3773477740296255818,"UPDATE RES_FEAT_EKEY AS T SET SUPPRESSED = C.SUPPRESSED FROM (VALUES (CAST ($1 AS BIGINT),CAST ($2 AS BIGINT),$3,$4),(CAST ($5 AS BIGINT),CAST ($6 AS BIGINT),$7,$8),(CAST ($9 AS BIGINT),CAST ($10 AS BIGINT),$11,$12),(CAST ($13 AS BIGINT),CAST ($14 AS BIGINT),$15,$16),(CAST ($17 AS BIGINT),CAST ($18 AS BIGINT),$19,$20),(CAST ($21 AS BIGINT),CAST ($22 AS BIGINT),$23,$24),(CAST ($25 AS BIGINT),CAST ($26 AS BIGINT),$27,$28)) AS C(RES_ENT_ID,LIB_FEAT_ID,UTYPE_CODE,SUPPRESSED) WHERE C.RES_ENT_ID=T.RES_ENT_ID AND C.LIB_FEAT_ID=T.LIB_FEAT_ID AND C.UTYPE_CODE=T.UTYPE_CODE",0,0,0,0,0,0,119699,705655.6833039991,0.065385,1127.705707,5.895251282834436,20.740661118623905,837893,7264574,1652,0,3791,0,0,0,0,0,0,39654.34997800005,46.66985700000005,0,0,0,0,0,0,0,0,0,0,0,0,0,0,0,0,0,2026-09-28 20:46:04.877076+00,2026-09-28 20:46:04.877076+00
16410,16412,t,-9088190058880923715,UPDATE DSRC_RECORD SET LAST_SEEN_DT=$1 WHERE DSRC_ID=$2 AND RECORD_ID=$3 AND ENT_SRC_KEY=$4,0,0,0,0,0,0,6135114,5175907.730506094,0.020044,2276.4701,0.8436530650459134,8.031482985808859,6135114,68129823,35506,0,143668,0,0,0,0,0,0,120652.3028510004,9088.729225000037,0,0,0,0,0,0,0,0,0,0,0,0,0,0,0,0,0,2026-09-28 20:44:58.502495+00,2026-09-28 20:44:58.502495+00
10,16384,t,834961480769084876,"FETCH 45 IN ""query-cursor_74""",0,0,0,0,0,0,1,0.003067,0.003067,0.003067,0.003067,0,45,0,0,0,0,0,0,0,0,0,0,0,0,0,0,0,0,0,0,0,0,0,0,0,0,0,0,0,0,0,2026-09-28 20:31:53.656939+00,2026-09-28 20:31:53.656939+00
10,16384,t,2503947879849033692,"FETCH 50 IN ""query-cursor_218""",0,0,0,0,0,0,39,0.5603790000000001,0.007404,0.026255,0.01436869230769231,0.0045667809633114535,1950,0,0,0,0,0,0,0,0,0,0,0,0,0,0,0,0,0,0,0,0,0,0,0,0,0,0,0,0,0,2026-09-29 00:59:53.677206+00,2026-09-29 00:59:53.677206+00
10,16384,t,6055806012909596199,"FETCH 0 IN ""query-cursor_115""",0,0,0,0,0,0,1,0.008495,0.008495,0.008495,0.008495,0,0,0,0,0,0,0,0,0,0,0,0,0,0,0,0,0,0,0,0,0,0,0,0,0,0,0,0,0,0,0,2026-09-28 21:33:53.99133+00,2026-09-28 21:33:53.99133+00
10,16384,t,-6750572639405774862,"FETCH 0 IN ""query-cursor_107""",0,0,0,0,0,0,1,0.00577,0.00577,0.00577,0.00577,0,0,0,0,0,0,0,0,0,0,0,0,0,0,0,0,0,0,0,0,0,0,0,0,0,0,0,0,0,0,0,2026-09-28 21:17:53.6752+00,2026-09-28 21:17:53.6752+00
10,16384,t,3424414348398721157,"MOVE ALL IN ""query-cursor_7""",0,0,0,0,0,0,1,0.339306,0.339306,0.339306,0.339306,0,0,0,0,0,0,0,0,0,0,0,0,0,0,0,0,0,0,0,0,0,0,0,0,0,0,0,0,0,0,0,2026-09-28 19:24:53.648694+00,2026-09-28 19:24:53.648694+00
10,16384,t,7448362740033576583,"FETCH 32 IN ""query-cursor_138""",0,0,0,0,0,0,1,0.011806,0.011806,0.011806,0.011806,0,32,0,0,0,0,0,0,0,0,0,0,0,0,0,0,0,0,0,0,0,0,0,0,0,0,0,0,0,0,0,2026-09-28 22:21:54.033242+00,2026-09-28 22:21:54.033242+00
10,16384,t,4319271895644010505,"FETCH 33 IN ""query-cursor_32""",0,0,0,0,0,0,1,0.00279,0.00279,0.00279,0.00279,0,33,0,0,0,0,0,0,0,0,0,0,0,0,0,0,0,0,0,0,0,0,0,0,0,0,0,0,0,0,0,2026-09-28 19:49:53.652337+00,2026-09-28 19:49:53.652337+00
10,16384,t,984873739558802733,"FETCH 43 IN ""query-cursor_20""",0,0,0,0,0,0,1,0.003126,0.003126,0.003126,0.003126,0,43,0,0,0,0,0,0,0,0,0,0,0,0,0,0,0,0,0,0,0,0,0,0,0,0,0,0,0,0,0,2026-09-28 19:37:53.65078+00,2026-09-28 19:37:53.65078+00
10,16384,t,-8630724236363718538,"MOVE ALL IN ""query-cursor_232""",0,0,0,0,0,0,1,5.590416,5.590416,5.590416,5.590416,0,0,0,0,0,0,0,0,0,0,0,0,0,0,0,0,0,0,0,0,0,0,0,0,0,0,0,0,0,0,0,2026-09-29 01:21:53.672127+00,2026-09-29 01:21:53.672127+00
16410,16412,t,-3783792205668402840,"SELECT NUM_RES_ENT,NUM_RES_ENT_OOM,CANDIDATE_CAP_REACHED,SCORING_CAP_REACHED FROM RES_FEAT_STAT WHERE LIB_FEAT_ID=$1",0,0,0,0,0,0,41168,2433.333000000028,0.004453,80.68138800000001,0.05910738923435746,0.8762806933589007,41167,205817,0,0,0,0,0,0,0,0,0,0,0,0,0,0,0,0,0,0,0,0,0,0,0,0,0,0,0,0,2026-09-28 20:52:24.9776+00,2026-09-28 20:52:24.9776+00
10,16384,t,243772155146599715,"FETCH 50 IN ""query-cursor_52""",0,0,0,0,0,0,9,0.031633,0.00273,0.005753,0.003514777777777778,0.0008519536734637604,450,0,0,0,0,0,0,0,0,0,0,0,0,0,0,0,0,0,0,0,0,0,0,0,0,0,0,0,0,0,2026-09-28 20:09:53.652868+00,2026-09-28 20:09:53.652868+00
10,16384,t,-7859427105001692455,"FETCH 0 IN ""query-cursor_47""",0,0,0,0,0,0,1,0.00371,0.00371,0.00371,0.00371,0,0,0,0,0,0,0,0,0,0,0,0,0,0,0,0,0,0,0,0,0,0,0,0,0,0,0,0,0,0,0,2026-09-28 20:04:53.651391+00,2026-09-28 20:04:53.651391+00
10,16384,t,4761169836442445673,"DECLARE ""query-cursor_94"" SCROLL CURSOR FOR select queryid, left(query, $1), calls, (total_plan_time + total_exec_time) as total_time from aurora_stat_statements($2) order by calls desc limit $3 FOR READ ONLY",0,0,0,0,0,0,1,0.081997,0.081997,0.081997,0.081997,0,0,0,0,0,0,0,0,0,0,0,0,0,0,0,0,0,0,0,0,0,0,0,0,0,0,0,0,0,0,0,2026-09-28 20:51:53.909889+00,2026-09-28 20:51:53.909889+00
16410,16412,t,3715268245331517259,"SELECT LIB_FEAT_ID,NUM_RES_ENT,NUM_RES_ENT_OOM,CANDIDATE_CAP_REACHED,SCORING_CAP_REACHED FROM RES_FEAT_STAT WHERE LIB_FEAT_ID IN ($1,$2)",0,0,0,0,0,0,11054687,11109553.671107028,0.006626,1098.89806,1.0049632043952965,9.304623334987713,22109361,101435470,363957,0,0,0,0,0,0,0,0,8013371.304932983,0,0,0,0,0,0,0,0,0,0,0,0,0,0,0,0,0,0,2026-09-28 20:44:52.704953+00,2026-09-28 20:44:52.704953+00
10,16384,t,-2732574284245168786,"FETCH 0 IN ""query-cursor_231""",0,0,0,0,0,0,1,0.003348,0.003348,0.003348,0.003348,0,0,0,0,0,0,0,0,0,0,0,0,0,0,0,0,0,0,0,0,0,0,0,0,0,0,0,0,0,0,0,2026-09-29 01:20:53.666408+00,2026-09-29 01:20:53.666408+00
10,16384,t,-3925330941504478429,"MOVE ALL IN ""query-cursor_202""",0,0,0,0,0,0,1,7.340951,7.340951,7.340951,7.340951,0,0,0,0,0,0,0,0,0,0,0,0,0,0,0,0,0,0,0,0,0,0,0,0,0,0,0,0,0,0,0,2026-09-29 00:29:53.67228+00,2026-09-29 00:29:53.67228+00
10,16384,t,6118219477348795392,"MOVE -1992 IN ""query-cursor_219""",0,0,0,0,0,0,1,0.139472,0.139472,0.139472,0.139472,0,0,0,0,0,0,0,0,0,0,0,0,0,0,0,0,0,0,0,0,0,0,0,0,0,0,0,0,0,0,0,2026-09-29 01:01:53.923954+00,2026-09-29 01:01:53.923954+00
10,16384,t,6230823562146543377,"DECLARE ""query-cursor_79"" SCROLL CURSOR FOR select queryid, left(query, $1), calls, (total_plan_time + total_exec_time) as total_time from aurora_stat_statements($2) order by calls desc limit $3 FOR READ ONLY",0,0,0,0,0,0,1,0.068248,0.068248,0.068248,0.068248,0,0,0,0,0,0,0,0,0,0,0,0,0,0,0,0,0,0,0,0,0,0,0,0,0,0,0,0,0,0,0,2026-09-28 20:36:53.653801+00,2026-09-28 20:36:53.653801+00
10,16384,t,433943532205140663,"MOVE -1590 IN ""query-cursor_155""",0,0,0,0,0,0,1,0.223875,0.223875,0.223875,0.223875,0,0,0,0,0,0,0,0,0,0,0,0,0,0,0,0,0,0,0,0,0,0,0,0,0,0,0,0,0,0,0,2026-09-28 22:55:54.165041+00,2026-09-28 22:55:54.165041+00
10,16384,t,6519749180958160288,"DECLARE ""query-cursor_103"" SCROLL CURSOR FOR select queryid, left(query, $1), calls, (total_plan_time + total_exec_time) as total_time from aurora_stat_statements($2) order by calls desc limit $3 FOR READ ONLY",0,0,0,0,0,0,1,0.05855,0.05855,0.05855,0.05855,0,0,0,0,0,0,0,0,0,0,0,0,0,0,0,0,0,0,0,0,0,0,0,0,0,0,0,0,0,0,0,2026-09-28 21:09:53.945478+00,2026-09-28 21:09:53.945478+00
10,16384,t,2870356107914724652,"MOVE -662 IN ""query-cursor_85""",0,0,0,0,0,0,1,0.017015,0.017015,0.017015,0.017015,0,0,0,0,0,0,0,0,0,0,0,0,0,0,0,0,0,0,0,0,0,0,0,0,0,0,0,0,0,0,0,2026-09-28 20:42:53.655807+00,2026-09-28 20:42:53.655807+00
10,16384,t,-7689370446174092442,"MOVE ALL IN ""query-cursor_93""",0,0,0,0,0,0,1,22.905912,22.905912,22.905912,22.905912,0,0,0,0,0,0,0,0,0,0,0,0,0,0,0,0,0,0,0,0,0,0,0,0,0,0,0,0,0,0,0,2026-09-28 20:50:53.684291+00,2026-09-28 20:50:53.684291+00
16410,16412,t,-1030321644804449003,"SELECT LIB_FEAT_ID,FTYPE_ID,UTYPE_CODE,SUPPRESSED,OBS_ENT_CNT FROM RES_FEAT_EKEY WHERE RES_ENT_ID=$1 AND LIB_FEAT_ID IN ($2,$3,$4,$5,$6,$7,$8,$9)",0,0,0,0,0,0,7542,10404.885962000026,0.02127,257.311535,1.3795924107663784,10.253152570161923,15380,139037,1152,0,0,0,0,0,0,0,0,9141.42925,0,0,0,0,0,0,0,0,0,0,0,0,0,0,0,0,0,0,2026-09-28 20:52:22.758838+00,2026-09-28 20:52:22.758838+00
16410,16412,t,-1410804119999047752,"SELECT RES_ENT_ID,LIB_FEAT_ID,FTYPE_ID,UTYPE_CODE,SUPPRESSED,OBS_ENT_CNT FROM RES_FEAT_EKEY WHERE RES_ENT_ID IN ($1) AND FTYPE_ID IN ($2,$3,$4,$5,$6,$7,$8,$9,$10,$11,$12,$13,$14,$15,$16,$17)",0,0,0,0,0,0,737393,487688.4654330029,0.015314,644.85778,0.661368449975797,6.6191581560394575,15434335,3985743,18071,0,0,0,0,0,0,0,0,351461.5081379995,0,0,0,0,0,0,0,0,0,0,0,0,0,0,0,0,0,0,2026-09-28 20:44:53.336731+00,2026-09-28 20:44:53.336731+00
16410,16412,t,2252244364211873314,"SELECT RES_ENT_ID,LIB_FEAT_ID,FTYPE_ID,UTYPE_CODE,SUPPRESSED,OBS_ENT_CNT FROM RES_FEAT_EKEY WHERE RES_ENT_ID IN ($1,$2,$3,$4) AND FTYPE_ID IN ($5,$6,$7,$8,$9,$10,$11,$12,$13)",0,0,0,0,0,0,9468,38355.012773,0.04301000000000001,306.335415,4.051015290768906,17.40490841627296,434180,177324,1649,0,0,0,0,0,0,0,0,32811.42383700002,0,0,0,0,0,0,0,0,0,0,0,0,0,0,0,0,0,0,2026-09-28 20:45:12.985387+00,2026-09-28 20:45:12.985387+00
16410,16412,t,4373225374695788888,DELETE FROM RES_FEAT_EKEY WHERE ((RES_ENT_ID=$1 AND LIB_FEAT_ID=$2 AND UTYPE_CODE=$3)OR(RES_ENT_ID=$4 AND LIB_FEAT_ID=$5 AND UTYPE_CODE=$6)OR(RES_ENT_ID=$7 AND LIB_FEAT_ID=$8 AND UTYPE_CODE=$9)OR(RES_ENT_ID=$10 AND LIB_FEAT_ID=$11 AND UTYPE_CODE=$12)OR(RES_ENT_ID=$13 AND LIB_FEAT_ID=$14 AND UTYPE_CODE=$15)OR(RES_ENT_ID=$16 AND LIB_FEAT_ID=$17 AND UTYPE_CODE=$18)OR(RES_ENT_ID=$19 AND LIB_FEAT_ID=$20 AND UTYPE_CODE=$21)OR(RES_ENT_ID=$22 AND LIB_FEAT_ID=$23 AND UTYPE_CODE=$24)OR(RES_ENT_ID=$25 AND LIB_FEAT_ID=$26 AND UTYPE_CODE=$27)OR(RES_ENT_ID=$28 AND LIB_FEAT_ID=$29 AND UTYPE_CODE=$30)OR(RES_ENT_ID=$31 AND LIB_FEAT_ID=$32 AND UTYPE_CODE=$33)),0,0,0,0,0,0,5567,43142.43476699994,0.021991,836.599496,7.749673929764674,26.066064756330405,40754,289859,702,0,0,0,0,0,0,0,0,21529.749900000003,0,0,0,0,0,0,0,0,0,0,0,0,0,0,0,0,0,0,2026-09-28 20:45:49.179937+00,2026-09-28 20:45:49.179937+00
16410,16412,t,92761215252602675,"SELECT RES_ENT_ID,ENT_STATE,LOCKING_ID FROM RES_ENT WHERE RES_ENT_ID IN ($1)",0,0,0,0,0,0,83973890,5008392.659255195,0.002828,1375.869322,0.05964226093676493,0.8288842878231234,57210497,309217354,34,0,0,0,0,0,0,0,0,417.048336,0,0,0,0,0,0,0,0,0,0,0,0,0,0,0,0,0,0,2026-09-28 20:44:52.390431+00,2026-09-28 20:44:52.390431+00
10,16384,t,3260331107216934674,"FETCH 0 IN ""query-cursor_43""",0,0,0,0,0,0,1,0.003913,0.003913,0.003913,0.003913,0,0,0,0,0,0,0,0,0,0,0,0,0,0,0,0,0,0,0,0,0,0,0,0,0,0,0,0,0,0,0,2026-09-28 20:00:53.651007+00,2026-09-28 20:00:53.651007+00
10,16384,t,-7574149667191542407,"MOVE ALL IN ""query-cursor_185""",0,0,0,0,0,0,1,7.942299,7.942299,7.942299,7.942299,0,0,0,0,0,0,0,0,0,0,0,0,0,0,0,0,0,0,0,0,0,0,0,0,0,0,0,0,0,0,0,2026-09-28 23:59:53.992711+00,2026-09-28 23:59:53.992711+00
10,16384,t,-2984532808361759397,"FETCH 33 IN ""query-cursor_39""",0,0,0,0,0,0,1,0.002789,0.002789,0.002789,0.002789,0,33,0,0,0,0,0,0,0,0,0,0,0,0,0,0,0,0,0,0,0,0,0,0,0,0,0,0,0,0,0,2026-09-28 19:56:53.653187+00,2026-09-28 19:56:53.653187+00
10,16384,t,-5759671193695031846,"DECLARE ""query-cursor_169"" SCROLL CURSOR FOR select queryid, left(query, $1), calls, (total_plan_time + total_exec_time) as total_time from aurora_stat_statements($2) order by calls desc limit $3 FOR READ ONLY",0,0,0,0,0,0,1,0.082425,0.082425,0.082425,0.082425,0,0,0,0,0,0,0,0,0,0,0,0,0,0,0,0,0,0,0,0,0,0,0,0,0,0,0,0,0,0,0,2026-09-28 23:25:53.879121+00,2026-09-28 23:25:53.879121+00
10,16384,t,9185584704133558344,"MOVE -1833 IN ""query-cursor_193""",0,0,0,0,0,0,1,0.039537,0.039537,0.039537,0.039537,0,0,0,0,0,0,0,0,0,0,0,0,0,0,0,0,0,0,0,0,0,0,0,0,0,0,0,0,0,0,0,2026-09-29 00:15:53.668149+00,2026-09-29 00:15:53.668149+00
10,16384,t,3352100097708546938,"FETCH 0 IN ""query-cursor_162""",0,0,0,0,0,0,1,0.006373,0.006373,0.006373,0.006373,0,0,0,0,0,0,0,0,0,0,0,0,0,0,0,0,0,0,0,0,0,0,0,0,0,0,0,0,0,0,0,2026-09-28 23:11:53.915079+00,2026-09-28 23:11:53.915079+00
16410,16412,t,9178158556209458471,"INSERT INTO RES_FEAT_STAT(LIB_FEAT_ID,FTYPE_ID,NUM_RES_ENT,NUM_RES_ENT_OOM) VALUES ($1,$2,$3,$4),($5,$6,$7,$8),($9,$10,$11,$12),($13,$14,$15,$16),($17,$18,$19,$20),($21,$22,$23,$24),($25,$26,$27,$28),($29,$30,$31,$32),($33,$34,$35,$36),($37,$38,$39,$40),($41,$42,$43,$44),($45,$46,$47,$48),($49,$50,$51,$52),($53,$54,$55,$56),($57,$58,$59,$60),($61,$62,$63,$64) ON CONFLICT DO NOTHING",0,0,0,0,0,0,2060960,37964857.161365196,0.15268,3054.7089189999997,18.420957787324934,71.90001956542132,32975312,327818584,12511,0,340191,0,0,0,0,0,0,64073.33948600011,35812.9844319995,0,0,0,0,0,0,0,0,0,0,0,0,0,0,0,0,0,2026-09-28 20:44:52.40682+00,2026-09-28 20:44:52.40682+00
10,16384,t,-610537397179448650,"MOVE ALL IN ""query-cursor_207""",0,0,0,0,0,0,1,10.702701,10.702701,10.702701,10.702701,0,0,0,0,0,0,0,0,0,0,0,0,0,0,0,0,0,0,0,0,0,0,0,0,0,0,0,0,0,0,0,2026-09-29 00:37:53.794194+00,2026-09-29 00:37:53.794194+00
10,16384,t,7089437723339043190,select sum(aurora_stat_get_db_commit_latency(oid)) from pg_database,0,0,0,0,0,0,602,52.99488399999999,0.052461,1.231516,0.0880313687707641,0.06986624250638035,602,1805,1,0,0,0,0,0,0,0,0,1.162283,0,0,0,0,0,0,0,0,0,0,0,0,0,0,0,0,0,0,2026-09-28 19:17:03.524561+00,2026-09-28 19:17:03.524561+00
16410,16412,t,9022020859995780770,"SELECT LIB_FEAT_ID,NUM_RES_ENT,NUM_RES_ENT_OOM,CANDIDATE_CAP_REACHED,SCORING_CAP_REACHED FROM RES_FEAT_STAT WHERE LIB_FEAT_ID IN ($1,$2,$3,$4,$5,$6,$7,$8,$9,$10,$11,$12,$13,$14,$15,$16,$17,$18,$19,$20,$21,$22,$23,$24,$25,$26,$27,$28,$29,$30,$31,$32,$33,$34,$35,$36,$37,$38,$39,$40,$41,$42,$43,$44,$45,$46,$47,$48,$49,$50,$51,$52,$53,$54,$55,$56,$57,$58,$59,$60,$61,$62,$63,$64,$65,$66,$67,$68,$69,$70,$71,$72,$73,$74,$75,$76,$77,$78,$79,$80,$81,$82,$83,$84,$85,$86,$87,$88,$89,$90,$91,$92,$93,$94,$95,$96,$97,$98,$99,$100)",0,0,0,0,0,0,948776,13329344.40263196,0.059493000000000004,1263.311764,14.048989859178521,28.771546260605543,76344782,134053258,2476758,0,0,0,0,0,0,0,0,11343176.455603216,0,0,0,0,0,0,0,0,0,0,0,0,0,0,0,0,0,0,2026-09-28 20:45:19.391519+00,2026-09-28 20:45:19.391519+00
10,16384,t,-4114676241810351090,"DECLARE ""query-cursor_115"" SCROLL CURSOR FOR select queryid, left(query, $1), calls, (total_plan_time + total_exec_time) as total_time from aurora_stat_statements($2) order by calls desc limit $3 FOR READ ONLY",0,0,0,0,0,0,1,0.142076,0.142076,0.142076,0.142076,0,0,0,0,0,0,0,0,0,0,0,0,0,0,0,0,0,0,0,0,0,0,0,0,0,0,0,0,0,0,0,2026-09-28 21:33:53.990887+00,2026-09-28 21:33:53.990887+00
16410,16412,t,-90958215646538910,"SELECT RES_ENT_ID,LIB_FEAT_ID,FTYPE_ID,UTYPE_CODE,SUPPRESSED,OBS_ENT_CNT FROM RES_FEAT_EKEY WHERE RES_ENT_ID IN ($1,$2,$3,$4) AND FTYPE_ID IN ($5,$6,$7,$8,$9,$10,$11,$12,$13,$14,$15,$16,$17,$18,$19,$20,$21,$22,$23)",0,0,0,0,0,0,460007,1281497.4511129947,0.041493999999999996,517.289508,2.7858216312208177,14.232172031854159,38368197,8613100,54397,0,0,0,0,0,0,0,0,1006435.6424910037,0,0,0,0,0,0,0,0,0,0,0,0,0,0,0,0,0,0,2026-09-28 20:44:54.870079+00,2026-09-28 20:44:54.870079+00
10,16384,t,6318324320221578445,"DECLARE ""query-cursor_143"" SCROLL CURSOR FOR select queryid, left(query, $1), calls, (total_plan_time + total_exec_time) as total_time from aurora_stat_statements($2) order by calls desc limit $3 FOR READ ONLY",0,0,0,0,0,0,1,0.089401,0.089401,0.089401,0.089401,0,0,0,0,0,0,0,0,0,0,0,0,0,0,0,0,0,0,0,0,0,0,0,0,0,0,0,0,0,0,0,2026-09-28 22:31:53.933847+00,2026-09-28 22:31:53.933847+00
10,16384,t,8832492641734918245,"FETCH 50 IN ""query-cursor_164""",0,0,0,0,0,0,32,0.55131,0.010405,0.044671,0.0172284375,0.006516067678906794,1600,0,0,0,0,0,0,0,0,0,0,0,0,0,0,0,0,0,0,0,0,0,0,0,0,0,0,0,0,0,2026-09-28 23:15:53.715101+00,2026-09-28 23:15:53.715101+00
10,16384,t,-4156863016809029360,"DECLARE ""query-cursor_37"" SCROLL CURSOR FOR select queryid, left(query, $1), calls, (total_plan_time + total_exec_time) as total_time from aurora_stat_statements($2) order by calls desc limit $3 FOR READ ONLY",0,0,0,0,0,0,1,0.066445,0.066445,0.066445,0.066445,0,0,0,0,0,0,0,0,0,0,0,0,0,0,0,0,0,0,0,0,0,0,0,0,0,0,0,0,0,0,0,2026-09-28 19:54:53.650564+00,2026-09-28 19:54:53.650564+00
10,16384,t,-983327046237792636,"MOVE ALL IN ""query-cursor_121""",0,0,0,0,0,0,1,8.362011,8.362011,8.362011,8.362011,0,0,0,0,0,0,0,0,0,0,0,0,0,0,0,0,0,0,0,0,0,0,0,0,0,0,0,0,0,0,0,2026-09-28 21:45:53.742892+00,2026-09-28 21:45:53.742892+00
10,16384,t,-249396599521031468,"MOVE ALL IN ""query-cursor_190""",0,0,0,0,0,0,1,7.683254,7.683254,7.683254,7.683254,0,0,0,0,0,0,0,0,0,0,0,0,0,0,0,0,0,0,0,0,0,0,0,0,0,0,0,0,0,0,0,2026-09-29 00:09:54.044324+00,2026-09-29 00:09:54.044324+00
16410,16412,t,-452153637549376839,"SELECT LIB_FEAT_ID,UTYPE_CODE,RES_ENT_ID,OBS_ENT_CNT FROM RES_FEAT_EKEY WHERE LIB_FEAT_ID IN ($1,$2,$3,$4,$5,$6,$7,$8,$9,$10,$11,$12,$13,$14,$15,$16,$17,$18,$19,$20,$21,$22,$23,$24,$25,$26,$27,$28,$29,$30,$31,$32,$33,$34,$35,$36,$37,$38,$39,$40,$41,$42,$43,$44,$45,$46,$47,$48,$49,$50,$51,$52,$53,$54,$55,$56,$57,$58,$59,$60,$61,$62,$63,$64) AND RES_ENT_ID!=$65",0,0,0,0,0,0,2295469,25387453.258240934,0.006325,1506.352265,11.059810983394215,30.41709428298821,22296119,77517729,3158540,0,0,0,0,0,0,0,0,21890107.002037134,0,0,0,0,0,0,0,0,0,0,0,0,0,0,0,0,0,0,2026-09-28 20:44:52.601571+00,2026-09-28 20:44:52.601571+00
10,16384,t,-1075071216194554937,"FETCH 34 IN ""query-cursor_98""",0,0,0,0,0,0,1,0.010685,0.010685,0.010685,0.010685,0,34,0,0,0,0,0,0,0,0,0,0,0,0,0,0,0,0,0,0,0,0,0,0,0,0,0,0,0,0,0,2026-09-28 20:59:53.752334+00,2026-09-28 20:59:53.752334+00
10,16384,t,5017909994791795549,"FETCH 50 IN ""query-cursor_75""",0,0,0,0,0,0,12,0.038187,0.002608,0.00541,0.0031822499999999997,0.0007070270062027333,600,0,0,0,0,0,0,0,0,0,0,0,0,0,0,0,0,0,0,0,0,0,0,0,0,0,0,0,0,0,2026-09-28 20:32:53.655105+00,2026-09-28 20:32:53.655105+00
10,16384,t,-6971199712941648099,"FETCH 15 IN ""query-cursor_36""",0,0,0,0,0,0,1,0.002287,0.002287,0.002287,0.002287,0,15,0,0,0,0,0,0,0,0,0,0,0,0,0,0,0,0,0,0,0,0,0,0,0,0,0,0,0,0,0,2026-09-28 19:53:53.652932+00,2026-09-28 19:53:53.652932+00
10,16384,t,-7094772629701405771,"FETCH 0 IN ""query-cursor_79""",0,0,0,0,0,0,1,0.004509,0.004509,0.004509,0.004509,0,0,0,0,0,0,0,0,0,0,0,0,0,0,0,0,0,0,0,0,0,0,0,0,0,0,0,0,0,0,0,2026-09-28 20:36:53.653846+00,2026-09-28 20:36:53.653846+00
10,16384,t,2222117915503518886,"FETCH 50 IN ""query-cursor_17""",0,0,0,0,0,0,4,0.015287,0.002973,0.005465,0.00382175,0.0009922039545879665,200,0,0,0,0,0,0,0,0,0,0,0,0,0,0,0,0,0,0,0,0,0,0,0,0,0,0,0,0,0,2026-09-28 19:34:53.649796+00,2026-09-28 19:34:53.649796+00
10,16384,t,6183182294747527861,"MOVE ALL IN ""query-cursor_90""",0,0,0,0,0,0,1,4.392553,4.392553,4.392553,4.392553,0,0,0,0,0,0,0,0,0,0,0,0,0,0,0,0,0,0,0,0,0,0,0,0,0,0,0,0,0,0,0,2026-09-28 20:47:53.659492+00,2026-09-28 20:47:53.659492+00
10,16384,t,295705631616282544,"FETCH 50 IN ""query-cursor_120""",0,0,0,0,0,0,27,0.5100399999999999,0.011561,0.061971,0.018890370370370366,0.009725443812202467,1350,0,0,0,0,0,0,0,0,0,0,0,0,0,0,0,0,0,0,0,0,0,0,0,0,0,0,0,0,0,2026-09-28 21:43:53.780529+00,2026-09-28 21:43:53.780529+00
16410,16412,t,2854036196645122364,"SELECT LIB_FEAT_ID,FEAT_DESC,FTYPE_ID,ANONYMIZED,FEAT_HASH,VERSION,FELEM_VALUES FROM LIB_FEAT WHERE LIB_FEAT_ID IN ($1)",0,0,0,0,0,0,1696171,774501.689079018,0.008068,472.138513,0.456617693073999,5.351110266845463,1696171,8432201,42796,0,0,0,0,0,0,0,0,638903.2220740047,0,0,0,0,0,0,0,0,0,0,0,0,0,0,0,0,0,0,2026-09-28 20:44:53.657301+00,2026-09-28 20:44:53.657301+00
10,16384,t,1248727386581089813,"select queryid, calls, (total_plan_time + total_exec_time) as total_time, rows, shared_blks_hit, shared_blks_dirtied, shared_blks_read, shared_blks_written, local_blks_hit, local_blks_dirtied, local_blks_read, local_blks_written, temp_blks_read, temp_blks_written, storage_blks_read, orcache_blks_hit, shared_blk_read_time as blk_read_time, shared_blk_write_time as blk_write_time, storage_blk_read_time, local_blk_read_time, orcache_blk_read_time, total_plan_time, total_exec_time from aurora_stat_statements($1) where queryid in ($2, $3, $4, $5, $6, $7, $8, $9, $10, $11, $12, $13, $14, $15, $16, $17, $18, $19, $20, $21)",0,0,0,0,0,0,70,43.77742200000001,0.260361,3.3251690000000003,0.6253917428571429,0.4811520372735388,1650,0,0,0,0,0,0,0,0,0,0,0,0,0,0,0,0,0,0,0,0,0,0,0,0,0,0,0,0,0,2026-09-28 19:26:03.649335+00,2026-09-28 19:26:03.649335+00
10,16384,t,4564142254324806558,"FETCH 50 IN ""query-cursor_126""",0,0,0,0,0,0,27,0.458018,0.010388,0.029802,0.01696362962962963,0.004850928885070463,1350,0,0,0,0,0,0,0,0,0,0,0,0,0,0,0,0,0,0,0,0,0,0,0,0,0,0,0,0,0,2026-09-28 21:55:53.742457+00,2026-09-28 21:55:53.742457+00
10,16384,t,-372586229477078363,"MOVE ALL IN ""query-cursor_71""",0,0,0,0,0,0,1,1.248047,1.248047,1.248047,1.248047,0,0,0,0,0,0,0,0,0,0,0,0,0,0,0,0,0,0,0,0,0,0,0,0,0,0,0,0,0,0,0,2026-09-28 20:28:53.654493+00,2026-09-28 20:28:53.654493+00
16410,16412,t,1011738664838557783,"CREATE TABLE SYS_CFG (CONFIG_DATA_ID BIGINT NOT NULL, CONFIG_DATA TEXT NOT NULL, CONFIG_COMMENTS VARCHAR(200) NOT NULL, SYS_CREATE_DT TIMESTAMP NOT NULL, PRIMARY KEY(CONFIG_DATA_ID))",0,0,0,0,0,0,1,6.15388,6.15388,6.15388,6.15388,0,0,362,0,0,1,0,0,0,0,0,0,0,0.002681,0,0,0,0,0,0,0,0,0,0,0,0,0,0,0,0,0,2026-09-28 19:20:35.929959+00,2026-09-28 19:20:35.929959+00
10,16384,t,-8029346732668241983,"FETCH 0 IN ""query-cursor_46""",0,0,0,0,0,0,1,0.003653,0.003653,0.003653,0.003653,0,0,0,0,0,0,0,0,0,0,0,0,0,0,0,0,0,0,0,0,0,0,0,0,0,0,0,0,0,0,0,2026-09-28 20:03:53.651284+00,2026-09-28 20:03:53.651284+00
10,16384,t,-3269504892152285057,"MOVE ALL IN ""query-cursor_107""",0,0,0,0,0,0,1,5.539088,5.539088,5.539088,5.539088,0,0,0,0,0,0,0,0,0,0,0,0,0,0,0,0,0,0,0,0,0,0,0,0,0,0,0,0,0,0,0,2026-09-28 21:17:53.680816+00,2026-09-28 21:17:53.680816+00
10,16384,t,-5410764377331630463,"FETCH 0 IN ""query-cursor_68""",0,0,0,0,0,0,1,0.003335,0.003335,0.003335,0.003335,0,0,0,0,0,0,0,0,0,0,0,0,0,0,0,0,0,0,0,0,0,0,0,0,0,0,0,0,0,0,0,2026-09-28 20:25:53.652966+00,2026-09-28 20:25:53.652966+00
16410,16412,t,-8120064245532469006,"INSERT INTO RES_FEAT_STAT(LIB_FEAT_ID,FTYPE_ID,NUM_RES_ENT,NUM_RES_ENT_OOM) VALUES ($1,$2,$3,$4),($5,$6,$7,$8),($9,$10,$11,$12),($13,$14,$15,$16),($17,$18,$19,$20),($21,$22,$23,$24),($25,$26,$27,$28) ON CONFLICT DO NOTHING",0,0,0,0,0,0,404631,4050975.2571290764,0.07256599999999999,1714.842263,10.011529658204825,41.842112728008914,2832413,28358204,1839,0,36114,0,0,0,0,0,0,8109.041481000008,3310.568818000008,0,0,0,0,0,0,0,0,0,0,0,0,0,0,0,0,0,2026-09-28 20:44:52.5587+00,2026-09-28 20:44:52.5587+00
10,16384,t,4770861510307370641,"FETCH 50 IN ""query-cursor_37""",0,0,0,0,0,0,7,0.026074,0.002847,0.005696,0.003724857142857143,0.0009108622960958367,350,0,0,0,0,0,0,0,0,0,0,0,0,0,0,0,0,0,0,0,0,0,0,0,0,0,0,0,0,0,2026-09-28 19:54:53.65157+00,2026-09-28 19:54:53.65157+00
10,16384,t,8904038573667808338,"FETCH 0 IN ""query-cursor_67""",0,0,0,0,0,0,1,0.004135,0.004135,0.004135,0.004135,0,0,0,0,0,0,0,0,0,0,0,0,0,0,0,0,0,0,0,0,0,0,0,0,0,0,0,0,0,0,0,2026-09-28 20:24:53.652856+00,2026-09-28 20:24:53.652856+00
10,16384,t,-5877002393846060561,"DECLARE ""query-cursor_26"" SCROLL CURSOR FOR select queryid, left(query, $1), calls, (total_plan_time + total_exec_time) as total_time from aurora_stat_statements($2) order by calls desc limit $3 FOR READ ONLY",0,0,0,0,0,0,1,0.067469,0.067469,0.067469,0.067469,0,0,0,0,0,0,0,0,0,0,0,0,0,0,0,0,0,0,0,0,0,0,0,0,0,0,0,0,0,0,0,2026-09-28 19:43:53.649749+00,2026-09-28 19:43:53.649749+00
10,16384,t,-1528804650801799796,"FETCH 0 IN ""query-cursor_181""",0,0,0,0,0,0,1,0.00657,0.00657,0.00657,0.00657,0,0,0,0,0,0,0,0,0,0,0,0,0,0,0,0,0,0,0,0,0,0,0,0,0,0,0,0,0,0,0,2026-09-28 23:51:53.665124+00,2026-09-28 23:51:53.665124+00
10,16384,t,-5133981630749770811,"select archived_count, failed_count as archive_failed_count from pg_stat_archiver",0,0,0,0,0,0,235,9.640147000000002,0.017307,0.7819520000000001,0.04102190212765958,0.05165415123968788,235,0,0,0,0,0,0,0,0,0,0,0,0,0,0,0,0,0,0,0,0,0,0,0,0,0,0,0,0,0,2026-09-28 19:18:53.192762+00,2026-09-28 19:18:53.192762+00
10,16384,t,6665473011890182049,"FETCH 50 IN ""query-cursor_201""",0,0,0,0,0,0,37,0.5352210000000002,0.007455,0.033571,0.014465432432432437,0.005499634796428145,1850,0,0,0,0,0,0,0,0,0,0,0,0,0,0,0,0,0,0,0,0,0,0,0,0,0,0,0,0,0,2026-09-29 00:28:53.671769+00,2026-09-29 00:28:53.671769+00
10,16384,t,-5244319201005379985,"FETCH 50 IN ""query-cursor_203""",0,0,0,0,0,0,37,0.489574,0.007384,0.021085,0.01323172972972973,0.003769979322107236,1850,0,0,0,0,0,0,0,0,0,0,0,0,0,0,0,0,0,0,0,0,0,0,0,0,0,0,0,0,0,2026-09-29 00:30:53.672354+00,2026-09-29 00:30:53.672354+00
10,16384,t,4324081588361417347,"DECLARE ""query-cursor_171"" SCROLL CURSOR FOR select queryid, left(query, $1), calls, (total_plan_time + total_exec_time) as total_time from aurora_stat_statements($2) order by calls desc limit $3 FOR READ ONLY",0,0,0,0,0,0,1,0.079973,0.079973,0.079973,0.079973,0,0,0,0,0,0,0,0,0,0,0,0,0,0,0,0,0,0,0,0,0,0,0,0,0,0,0,0,0,0,0,2026-09-28 23:29:55.098945+00,2026-09-28 23:29:55.098945+00
16410,16412,t,-8632137905016521464,"UPDATE RES_ENT SET LOCKING_ID=LOCKING_ID+$3,LOCK_DSRC_ACTION=$1 WHERE RES_ENT_ID IN ($2)",0,0,0,0,0,0,26957210,19343168.150604147,0.012129000000000001,1375.253857,0.7175508203780787,6.411395661859667,26957210,167396390,3797,0,67202,0,0,0,0,0,0,123520.04924199959,1619.8304299999984,0,0,0,0,0,0,0,0,0,0,0,0,0,0,0,0,0,2026-09-28 20:44:52.396365+00,2026-09-28 20:44:52.396365+00
10,16384,t,-193879544379973527,"FETCH 15 IN ""query-cursor_115""",0,0,0,0,0,0,1,0.00903,0.00903,0.00903,0.00903,0,15,0,0,0,0,0,0,0,0,0,0,0,0,0,0,0,0,0,0,0,0,0,0,0,0,0,0,0,0,0,2026-09-28 21:33:54.161667+00,2026-09-28 21:33:54.161667+00
10,16384,t,-8657399364251717574,"MOVE -548 IN ""query-cursor_66""",0,0,0,0,0,0,1,0.013715,0.013715,0.013715,0.013715,0,0,0,0,0,0,0,0,0,0,0,0,0,0,0,0,0,0,0,0,0,0,0,0,0,0,0,0,0,0,0,2026-09-28 20:23:53.654119+00,2026-09-28 20:23:53.654119+00
10,16384,t,-6930211739579768060,ROLLBACK,0,0,0,0,0,0,704,1.1885710000000007,0.000285,0.186765,0.0016883110795454556,0.00709732485402967,0,0,0,0,0,0,0,0,0,0,0,0,0,0,0,0,0,0,0,0,0,0,0,0,0,0,0,0,0,0,2026-09-28 19:18:53.020667+00,2026-09-28 19:18:53.020667+00
10,16412,t,-1342905154215104636,"SELECT E.NAME, X.EXTVERSION, X.EXTVERSION=E.DEFAULT_VERSION IS_DEFAULT_VERSION
FROM PG_CATALOG.PG_AVAILABLE_EXTENSIONS() E INNER JOIN PG_EXTENSION X ON (E.NAME=X.EXTNAME)",0,0,0,0,0,0,1,58.510723,58.510723,58.510723,58.510723,0,1,1,1,0,0,0,0,0,0,0,0,2.234106,0,0,0,0,0,0,0,0,0,0,0,0,0,0,0,0,0,0,2026-09-28 19:45:00.422797+00,2026-09-28 19:45:00.422797+00
10,16384,t,-3214576671429471569,"MOVE -1361 IN ""query-cursor_121""",0,0,0,0,0,0,1,0.099242,0.099242,0.099242,0.099242,0,0,0,0,0,0,0,0,0,0,0,0,0,0,0,0,0,0,0,0,0,0,0,0,0,0,0,0,0,0,0,2026-09-28 21:45:53.743354+00,2026-09-28 21:45:53.743354+00
10,16384,t,8751717309514896276,"FETCH 0 IN ""query-cursor_200""",0,0,0,0,0,0,1,0.00722,0.00722,0.00722,0.00722,0,0,0,0,0,0,0,0,0,0,0,0,0,0,0,0,0,0,0,0,0,0,0,0,0,0,0,0,0,0,0,2026-09-29 00:27:53.66425+00,2026-09-29 00:27:53.66425+00
10,16384,t,4817946111864220083,"FETCH 0 IN ""query-cursor_148""",0,0,0,0,0,0,1,0.009686,0.009686,0.009686,0.009686,0,0,0,0,0,0,0,0,0,0,0,0,0,0,0,0,0,0,0,0,0,0,0,0,0,0,0,0,0,0,0,2026-09-28 22:41:53.789869+00,2026-09-28 22:41:53.789869+00
10,16384,t,8849915604310037179,"FETCH 50 IN ""query-cursor_154""",0,0,0,0,0,0,31,0.49507600000000007,0.012419,0.024249,0.0159701935483871,0.0031076518925258786,1550,0,0,0,0,0,0,0,0,0,0,0,0,0,0,0,0,0,0,0,0,0,0,0,0,0,0,0,0,0,2026-09-28 22:53:53.762919+00,2026-09-28 22:53:53.762919+00
10,16384,t,1153535079805698179,"DECLARE ""query-cursor_25"" SCROLL CURSOR FOR select queryid, left(query, $1), calls, (total_plan_time + total_exec_time) as total_time from aurora_stat_statements($2) order by calls desc limit $3 FOR READ ONLY",0,0,0,0,0,0,1,0.066809,0.066809,0.066809,0.066809,0,0,0,0,0,0,0,0,0,0,0,0,0,0,0,0,0,0,0,0,0,0,0,0,0,0,0,0,0,0,0,2026-09-28 19:42:53.649685+00,2026-09-28 19:42:53.649685+00
16410,16412,t,5639672253456408176,"UPDATE RES_FEAT_EKEY AS T SET SUPPRESSED = C.SUPPRESSED FROM (VALUES (CAST ($1 AS BIGINT),CAST ($2 AS BIGINT),$3,$4),(CAST ($5 AS BIGINT),CAST ($6 AS BIGINT),$7,$8),(CAST ($9 AS BIGINT),CAST ($10 AS BIGINT),$11,$12),(CAST ($13 AS BIGINT),CAST ($14 AS BIGINT),$15,$16),(CAST ($17 AS BIGINT),CAST ($18 AS BIGINT),$19,$20),(CAST ($21 AS BIGINT),CAST ($22 AS BIGINT),$23,$24),(CAST ($25 AS BIGINT),CAST ($26 AS BIGINT),$27,$28),(CAST ($29 AS BIGINT),CAST ($30 AS BIGINT),$31,$32),(CAST ($33 AS BIGINT),CAST ($34 AS BIGINT),$35,$36),(CAST ($37 AS BIGINT),CAST ($38 AS BIGINT),$39,$40),(CAST ($41 AS BIGINT),CAST ($42 AS BIGINT),$43,$44),(CAST ($45 AS BIGINT),CAST ($46 AS BIGINT),$47,$48)) AS C(RES_ENT_ID,LIB_FEAT_ID,UTYPE_CODE,SUPPRESSED) WHERE C.RES_ENT_ID=T.RES_ENT_ID AND C.LIB_FEAT_ID=T.LIB_FEAT_ID AND C.UTYPE_CODE=T.UTYPE_CODE",0,0,0,0,0,0,247159,2102365.253903031,0.095629,1925.562937,8.506124615745454,27.594066747549924,2965908,25867361,5708,0,7190,0,0,0,0,0,0,141031.1154439997,234.9781369999998,0,0,0,0,0,0,0,0,0,0,0,0,0,0,0,0,0,2026-09-28 20:45:36.676708+00,2026-09-28 20:45:36.676708+00
10,16384,t,-7892333409120082149,"FETCH 50 IN ""query-cursor_186""",0,0,0,0,0,0,35,0.6276270000000002,0.008295,0.038973,0.017932200000000006,0.007581151721021212,1750,0,0,0,0,0,0,0,0,0,0,0,0,0,0,0,0,0,0,0,0,0,0,0,0,0,0,0,0,0,2026-09-29 00:01:53.759713+00,2026-09-29 00:01:53.759713+00
10,16384,t,-3414066148561166489,"MOVE -602 IN ""query-cursor_75""",0,0,0,0,0,0,1,0.015195,0.015195,0.015195,0.015195,0,0,0,0,0,0,0,0,0,0,0,0,0,0,0,0,0,0,0,0,0,0,0,0,0,0,0,0,0,0,0,2026-09-28 20:32:53.655068+00,2026-09-28 20:32:53.655068+00
10,16384,t,-1199282289732698469,"SELECT name, setting FROM pg_settings WHERE name IN ($1, $2)",0,0,0,0,0,0,735,2323.2033969999966,1.191877,93.799057,3.1608209482993153,7.577360656372827,1470,0,0,0,0,0,0,0,0,0,0,0,0,0,0,0,0,0,0,0,0,0,0,0,0,0,0,0,0,0,2026-09-28 19:16:59.431952+00,2026-09-28 19:16:59.431952+00
10,16384,t,-7123424394751807050,"FETCH 0 IN ""query-cursor_176""",0,0,0,0,0,0,1,0.009568,0.009568,0.009568,0.009568,0,0,0,0,0,0,0,0,0,0,0,0,0,0,0,0,0,0,0,0,0,0,0,0,0,0,0,0,0,0,0,2026-09-28 23:41:53.83815+00,2026-09-28 23:41:53.83815+00
16410,16412,t,-2833006144402009043,"UPDATE RES_FEAT_EKEY AS T SET SUPPRESSED=C.SUPPRESSED,OBS_ENT_CNT=C.OBS_ENT_CNT FROM (VALUES (CAST ($1 AS BIGINT),CAST ($2 AS BIGINT),$3,$4,CAST ($5 AS BIGINT)),(CAST ($6 AS BIGINT),CAST ($7 AS BIGINT),$8,$9,CAST ($10 AS BIGINT)),(CAST ($11 AS BIGINT),CAST ($12 AS BIGINT),$13,$14,CAST ($15 AS BIGINT)),(CAST ($16 AS BIGINT),CAST ($17 AS BIGINT),$18,$19,CAST ($20 AS BIGINT)),(CAST ($21 AS BIGINT),CAST ($22 AS BIGINT),$23,$24,CAST ($25 AS BIGINT)),(CAST ($26 AS BIGINT),CAST ($27 AS BIGINT),$28,$29,CAST ($30 AS BIGINT)),(CAST ($31 AS BIGINT),CAST ($32 AS BIGINT),$33,$34,CAST ($35 AS BIGINT)),(CAST ($36 AS BIGINT),CAST ($37 AS BIGINT),$38,$39,CAST ($40 AS BIGINT)),(CAST ($41 AS BIGINT),CAST ($42 AS BIGINT),$43,$44,CAST ($45 AS BIGINT)),(CAST ($46 AS BIGINT),CAST ($47 AS BIGINT),$48,$49,CAST ($50 AS BIGINT)),(CAST ($51 AS BIGINT),CAST ($52 AS BIGINT),$53,$54,CAST ($55 AS BIGINT)),(CAST ($56 AS BIGINT),CAST ($57 AS BIGINT),$58,$59,CAST ($60 AS BIGINT)),(CAST ($61 AS BIGINT),CAST ($62 AS BIGINT),$63,$64,CAST ($65 AS BIGINT)),(CAST ($66 AS BIGINT),CAST ($67 AS BIGINT),$68,$69,CAST ($70 AS BIGINT)),(CAST ($71 AS BIGINT),CAST ($72 AS BIGINT),$73,$74,CAST ($75 AS BIGINT)),(CAST ($76 AS BIGINT),CAST ($77 AS BIGINT),$78,$79,CAST ($80 AS BIGINT)),(CAST ($81 AS BIGINT),CAST ($82 AS BIGINT),$83,$84,CAST ($85 AS BIGINT)),(CAST ($86 AS BIGINT),CAST ($87 AS BIGINT),$88,$89,CAST ($90 AS BIGINT)),(CAST ($91 AS BIGINT),CAST ($92 AS BIGINT),$93,$94,CAST ($95 AS BIGINT)),(CAST ($96 AS BIGINT),CAST ($97 AS BIGINT),$98,$99,CAST ($100 AS BIGINT))) AS C(RES_ENT_ID,LIB_FEAT_ID,UTYPE_CODE,SUPPRESSED,OBS_ENT_CNT) WHERE C.RES_ENT_ID=T.RES_ENT_ID AND C.LIB_FEAT_ID=T.LIB_FEAT_ID AND C.UTYPE_CODE=T.UTYPE_CODE",0,0,0,0,0,0,102203,2199285.188630008,0.167266,1940.3528139999999,21.518792879171922,46.96305850896304,2044004,27662526,33234,0,6691,0,0,0,0,0,0,730279.7182819989,609.2611290000007,0,0,0,0,0,0,0,0,0,0,0,0,0,0,0,0,0,2026-09-28 20:45:49.212849+00,2026-09-28 20:45:49.212849+00
10,16384,t,5989940908595541179,"SELECT COUNT(*) FROM pg_catalog.pg_roles WHERE rolcanlogin = $1 AND rolname NOT IN ($2,$3,$4,$5,$6,$7,$8,$9,$10,$11,$12,$13,$14,$15,$16,$17) AND (rolvaliduntil IS NULL OR rolvaliduntil >= CURRENT_TIMESTAMP)",0,0,0,0,0,0,1,0.022997999999999998,0.022997999999999998,0.022997999999999998,0.022997999999999998,0,1,1,0,0,0,0,0,0,0,0,0,0,0,0,0,0,0,0,0,0,0,0,0,0,0,0,0,0,0,0,2026-09-28 20:14:04.492059+00,2026-09-28 20:14:04.492059+00
10,16384,t,3705099277277304768,"MOVE -1566 IN ""query-cursor_151""",0,0,0,0,0,0,1,0.223621,0.223621,0.223621,0.223621,0,0,0,0,0,0,0,0,0,0,0,0,0,0,0,0,0,0,0,0,0,0,0,0,0,0,0,0,0,0,0,2026-09-28 22:47:53.867761+00,2026-09-28 22:47:53.867761+00
10,16384,t,4380904605419623138,"MOVE -1629 IN ""query-cursor_161""",0,0,0,0,0,0,1,0.111264,0.111264,0.111264,0.111264,0,0,0,0,0,0,0,0,0,0,0,0,0,0,0,0,0,0,0,0,0,0,0,0,0,0,0,0,0,0,0,2026-09-28 23:09:53.672363+00,2026-09-28 23:09:53.672363+00
16410,16412,t,-6584207587990091580,"SELECT RES_ENT_ID,LIB_FEAT_ID,FTYPE_ID,UTYPE_CODE,SUPPRESSED,OBS_ENT_CNT FROM RES_FEAT_EKEY WHERE RES_ENT_ID IN ($1,$2,$3,$4,$5,$6,$7,$8,$9,$10,$11,$12,$13,$14,$15,$16,$17,$18,$19,$20,$21,$22,$23,$24,$25,$26,$27,$28,$29,$30,$31,$32) AND FTYPE_ID IN ($33,$34,$35,$36,$37,$38,$39,$40)",0,0,0,0,0,0,11,128.34273000000002,0.486457,105.879523,11.66752090909091,30.172110182935583,2567,1029,1,0,0,0,0,0,0,0,0,104.974606,0,0,0,0,0,0,0,0,0,0,0,0,0,0,0,0,0,0,2026-09-28 20:51:22.754973+00,2026-09-28 20:51:22.754973+00
10,16384,t,9150521228745775825,"MOVE ALL IN ""query-cursor_140""",0,0,0,0,0,0,1,16.279406,16.279406,16.279406,16.279406,0,0,0,0,0,0,0,0,0,0,0,0,0,0,0,0,0,0,0,0,0,0,0,0,0,0,0,0,0,0,0,2026-09-28 22:25:54.057427+00,2026-09-28 22:25:54.057427+00
10,16384,t,-3072910044278568019,"select queryid, calls, (total_plan_time + total_exec_time) as total_time, rows, shared_blks_hit, shared_blks_dirtied, shared_blks_read, shared_blks_written, local_blks_hit, local_blks_dirtied, local_blks_read, local_blks_written, temp_blks_read, temp_blks_written, storage_blks_read, orcache_blks_hit, shared_blk_read_time as blk_read_time, shared_blk_write_time as blk_write_time, storage_blk_read_time, local_blk_read_time, orcache_blk_read_time, total_plan_time, total_exec_time from aurora_stat_statements($1) where queryid in ($2, $3, $4, $5, $6, $7, $8, $9, $10, $11, $12, $13, $14, $15, $16, $17, $18, $19, $20, $21, $22, $23, $24, $25, $26, $27, $28, $29, $30, $31, $32, $33, $34, $35, $36, $37, $38, $39, $40, $41, $42, $43, $44, $45, $46, $47, $48, $49, $50, $51, $52, $53, $54, $55, $56, $57, $58, $59, $60, $61, $62, $63, $64, $65, $66, $67, $68, $69)",0,0,0,0,0,0,4,8.796930999999999,1.2754809999999999,3.64311,2.1992327499999997,0.9074996721118899,286,0,0,0,0,0,0,0,0,0,0,0,0,0,0,0,0,0,0,0,0,0,0,0,0,0,0,0,0,0,2026-09-28 20:46:03.657826+00,2026-09-28 20:46:03.657826+00
10,16384,t,-7199210358505131731,"SELECT count(*) FROM pg_auth_members m, pg_roles r WHERE m.roleid = r.oid AND r.rolname = $1",0,0,0,0,0,0,36,157.08261000000002,0.013104000000000001,55.20441,4.363405833333334,11.373291427758753,36,94,14,0,0,0,0,0,0,0,0,155.66635799999997,0,0,0,0,0,0,0,0,0,0,0,0,0,0,0,0,0,0,2026-09-28 19:24:04.587819+00,2026-09-28 19:24:04.587819+00
10,16384,t,8883414122875994972,"FETCH 0 IN ""query-cursor_117""",0,0,0,0,0,0,1,0.009795,0.009795,0.009795,0.009795,0,0,0,0,0,0,0,0,0,0,0,0,0,0,0,0,0,0,0,0,0,0,0,0,0,0,0,0,0,0,0,2026-09-28 21:37:53.958879+00,2026-09-28 21:37:53.958879+00
10,16384,t,-7402823810602341959,"FETCH 0 IN ""query-cursor_197""",0,0,0,0,0,0,1,0.003568,0.003568,0.003568,0.003568,0,0,0,0,0,0,0,0,0,0,0,0,0,0,0,0,0,0,0,0,0,0,0,0,0,0,0,0,0,0,0,2026-09-29 00:23:53.663651+00,2026-09-29 00:23:53.663651+00
10,16384,t,2206978679640227533,select * from rds_get_stat_dxl_counters_details(),0,0,0,0,0,0,235,2.8031970000000017,0.006507,0.052837,0.011928497872340432,0.004983259857934122,235,0,0,0,0,0,0,0,0,0,0,0,0,0,0,0,0,0,0,0,0,0,0,0,0,0,0,0,0,0,2026-09-28 19:19:33.649557+00,2026-09-28 19:19:33.649557+00
10,16384,t,-807440472102645581,"DECLARE ""query-cursor_156"" SCROLL CURSOR FOR select queryid, left(query, $1), calls, (total_plan_time + total_exec_time) as total_time from aurora_stat_statements($2) order by calls desc limit $3 FOR READ ONLY",0,0,0,0,0,0,1,0.084943,0.084943,0.084943,0.084943,0,0,0,0,0,0,0,0,0,0,0,0,0,0,0,0,0,0,0,0,0,0,0,0,0,0,0,0,0,0,0,2026-09-28 22:57:53.810424+00,2026-09-28 22:57:53.810424+00
16410,16412,t,459200535358153291,"SELECT RES_ENT_ID,LIB_FEAT_ID,FTYPE_ID,UTYPE_CODE,SUPPRESSED,OBS_ENT_CNT FROM RES_FEAT_EKEY WHERE RES_ENT_ID IN ($1) AND FTYPE_ID IN ($2,$3,$4,$5,$6,$7,$8)",0,0,0,0,0,0,3227,5283.260019000006,0.021464,252.50479599999997,1.637204840099165,13.343835758403502,35530,18028,163,0,0,0,0,0,0,0,0,4778.325646,0,0,0,0,0,0,0,0,0,0,0,0,0,0,0,0,0,0,2026-09-28 20:47:11.879034+00,2026-09-28 20:47:11.879034+00
10,16384,t,7292039234068123915,"MOVE ALL IN ""query-cursor_220""",0,0,0,0,0,0,1,7.668938,7.668938,7.668938,7.668938,0,0,0,0,0,0,0,0,0,0,0,0,0,0,0,0,0,0,0,0,0,0,0,0,0,0,0,0,0,0,0,2026-09-29 01:03:53.674311+00,2026-09-29 01:03:53.674311+00
10,16384,t,6554285274800593481,"DECLARE ""query-cursor_211"" SCROLL CURSOR FOR select queryid, left(query, $1), calls, (total_plan_time + total_exec_time) as total_time from aurora_stat_statements($2) order by calls desc limit $3 FOR READ ONLY",0,0,0,0,0,0,1,0.086565,0.086565,0.086565,0.086565,0,0,0,0,0,0,0,0,0,0,0,0,0,0,0,0,0,0,0,0,0,0,0,0,0,0,0,0,0,0,0,2026-09-29 00:45:53.665175+00,2026-09-29 00:45:53.665175+00
10,16384,t,-2996319875308670898,"MOVE ALL IN ""query-cursor_64""",0,0,0,0,0,0,1,1.239936,1.239936,1.239936,1.239936,0,0,0,0,0,0,0,0,0,0,0,0,0,0,0,0,0,0,0,0,0,0,0,0,0,0,0,0,0,0,0,2026-09-28 20:21:53.653939+00,2026-09-28 20:21:53.653939+00
10,16384,t,5206668728933866932,"FETCH 50 IN ""query-cursor_82""",0,0,0,0,0,0,12,0.038826000000000006,0.002756,0.005224,0.0032355000000000005,0.0006868373776472373,600,0,0,0,0,0,0,0,0,0,0,0,0,0,0,0,0,0,0,0,0,0,0,0,0,0,0,0,0,0,2026-09-28 20:39:53.655563+00,2026-09-28 20:39:53.655563+00
10,16384,t,-2441052622722955631,"DECLARE ""query-cursor_2"" SCROLL CURSOR FOR select queryid, left(query, $1), calls, (total_plan_time + total_exec_time) as total_time from aurora_stat_statements($2) order by calls desc limit $3 FOR READ ONLY",0,0,0,0,0,0,1,0.060856,0.060856,0.060856,0.060856,0,0,0,0,0,0,0,0,0,0,0,0,0,0,0,0,0,0,0,0,0,0,0,0,0,0,0,0,0,0,0,2026-09-28 19:19:53.647864+00,2026-09-28 19:19:53.647864+00
10,16384,t,5770803989409100072,"MOVE -450 IN ""query-cursor_50""",0,0,0,0,0,0,1,0.012032,0.012032,0.012032,0.012032,0,0,0,0,0,0,0,0,0,0,0,0,0,0,0,0,0,0,0,0,0,0,0,0,0,0,0,0,0,0,0,2026-09-28 20:07:53.652708+00,2026-09-28 20:07:53.652708+00
10,16384,t,-8849656241980110478,"DECLARE ""query-cursor_87"" SCROLL CURSOR FOR select queryid, left(query, $1), calls, (total_plan_time + total_exec_time) as total_time from aurora_stat_statements($2) order by calls desc limit $3 FOR READ ONLY",0,0,0,0,0,0,1,0.073694,0.073694,0.073694,0.073694,0,0,0,0,0,0,0,0,0,0,0,0,0,0,0,0,0,0,0,0,0,0,0,0,0,0,0,0,0,0,0,2026-09-28 20:44:53.654444+00,2026-09-28 20:44:53.654444+00
10,16384,t,-4948537630274563893,"FETCH 50 IN ""query-cursor_208""",0,0,0,0,0,0,38,0.6017709999999997,0.010512,0.025965,0.015836078947368413,0.005393679982806285,1900,0,0,0,0,0,0,0,0,0,0,0,0,0,0,0,0,0,0,0,0,0,0,0,0,0,0,0,0,0,2026-09-29 00:39:53.716105+00,2026-09-29 00:39:53.716105+00
10,16384,t,-776493917693894801,"FETCH 50 IN ""query-cursor_50""",0,0,0,0,0,0,8,0.027666999999999997,0.002837,0.005648,0.0034583749999999996,0.0008709570795251621,400,0,0,0,0,0,0,0,0,0,0,0,0,0,0,0,0,0,0,0,0,0,0,0,0,0,0,0,0,0,2026-09-28 20:07:53.652756+00,2026-09-28 20:07:53.652756+00
10,16384,t,-9127663668860582996,"FETCH 50 IN ""query-cursor_15""",0,0,0,0,0,0,4,0.015184,0.002982,0.005416,0.003796,0.0009503060033483947,200,0,0,0,0,0,0,0,0,0,0,0,0,0,0,0,0,0,0,0,0,0,0,0,0,0,0,0,0,0,2026-09-28 19:32:53.649622+00,2026-09-28 19:32:53.649622+00
10,16384,t,1268019613186439458,"MOVE -1421 IN ""query-cursor_129""",0,0,0,0,0,0,1,0.198315,0.198315,0.198315,0.198315,0,0,0,0,0,0,0,0,0,0,0,0,0,0,0,0,0,0,0,0,0,0,0,0,0,0,0,0,0,0,0,2026-09-28 22:01:53.837442+00,2026-09-28 22:01:53.837442+00
16410,16412,t,-6933763300691386664,"SELECT RES_ENT_ID,LIB_FEAT_ID,FTYPE_ID,UTYPE_CODE,SUPPRESSED,OBS_ENT_CNT FROM RES_FEAT_EKEY WHERE RES_ENT_ID IN ($1,$2) AND FTYPE_ID IN ($3,$4,$5,$6,$7,$8,$9,$10,$11,$12,$13,$14,$15,$16,$17,$18,$19,$20,$21,$22,$23,$24,$25,$26,$27,$28,$29,$30,$31,$32,$33,$34,$35,$36,$37,$38,$39,$40,$41,$42,$43,$44,$45,$46,$47,$48,$49,$50,$51)",0,0,0,0,0,0,1824,277.21690499999994,0.03141,33.334913,0.15198295230263154,1.4601330600052784,1778,19619,0,0,0,0,0,0,0,0,0,0,0,0,0,0,0,0,0,0,0,0,0,0,0,0,0,0,0,0,2026-09-28 20:54:52.474366+00,2026-09-28 20:54:52.474366+00
10,16384,t,7441730592606288748,"FETCH 0 IN ""query-cursor_12""",0,0,0,0,0,0,1,0.004097,0.004097,0.004097,0.004097,0,0,0,0,0,0,0,0,0,0,0,0,0,0,0,0,0,0,0,0,0,0,0,0,0,0,0,0,0,0,0,2026-09-28 19:29:53.648779+00,2026-09-28 19:29:53.648779+00
10,16384,t,8805089825907234480,"ALTER ROLE rdsadmin IN DATABASE rdsadmin SET search_path = $1,$2",0,0,0,0,0,0,1,0.060543,0.060543,0.060543,0.060543,0,0,5,0,0,0,0,0,0,0,0,0,0,0,0,0,0,0,0,0,0,0,0,0,0,0,0,0,0,0,0,2026-09-28 19:20:18.022696+00,2026-09-28 19:20:18.022696+00
10,16384,t,3843361036677739611,"DECLARE ""query-cursor_219"" SCROLL CURSOR FOR select queryid, left(query, $1), calls, (total_plan_time + total_exec_time) as total_time from aurora_stat_statements($2) order by calls desc limit $3 FOR READ ONLY",0,0,0,0,0,0,1,0.083195,0.083195,0.083195,0.083195,0,0,0,0,0,0,0,0,0,0,0,0,0,0,0,0,0,0,0,0,0,0,0,0,0,0,0,0,0,0,0,2026-09-29 01:01:53.915503+00,2026-09-29 01:01:53.915503+00
10,16384,t,-1874930726820787522,"FETCH 50 IN ""query-cursor_70""",0,0,0,0,0,0,11,0.037087999999999996,0.002711,0.0058,0.003371636363636363,0.0008596337774918799,550,0,0,0,0,0,0,0,0,0,0,0,0,0,0,0,0,0,0,0,0,0,0,0,0,0,0,0,0,0,2026-09-28 20:27:53.654598+00,2026-09-28 20:27:53.654598+00
10,16384,t,-3222831512519055795,"MOVE ALL IN ""query-cursor_77""",0,0,0,0,0,0,1,1.359957,1.359957,1.359957,1.359957,0,0,0,0,0,0,0,0,0,0,0,0,0,0,0,0,0,0,0,0,0,0,0,0,0,0,0,0,0,0,0,2026-09-28 20:34:53.655173+00,2026-09-28 20:34:53.655173+00
10,16384,t,-8531359409645502047,"MOVE -420 IN ""query-cursor_45""",0,0,0,0,0,0,1,0.012801,0.012801,0.012801,0.012801,0,0,0,0,0,0,0,0,0,0,0,0,0,0,0,0,0,0,0,0,0,0,0,0,0,0,0,0,0,0,0,2026-09-28 20:02:53.652142+00,2026-09-28 20:02:53.652142+00
16410,16412,t,-212649603450717518,"SELECT OBS_ENT_ID,RES_ENT_ID FROM RES_ENT_OKEY WHERE RES_ENT_ID IN ($1,$2,$3,$4)",0,0,0,0,0,0,1415607,176500.6099580014,0.010993,366.477239,0.12468192793480211,1.377981948236401,5658497,25615286,0,0,0,0,0,0,0,0,0,0,0,0,0,0,0,0,0,0,0,0,0,0,0,0,0,0,0,0,2026-09-28 20:45:41.802407+00,2026-09-28 20:45:41.802407+00
16410,16412,t,5549543541101659998,"SELECT OBS_ENT_ID,DSRC_ID,ENT_SRC_KEY,LOCKING_ID,FEATURES FROM OBS_ENT WHERE OBS_ENT_ID IN ($1,$2)",0,0,0,0,0,0,6186660,866454.9688719432,0.007361,486.75171900000004,0.14005213942126174,1.9340528175015723,12373320,61540925,57915,0,0,0,0,0,0,0,0,293292.9736309975,0,0,0,0,0,0,0,0,0,0,0,0,0,0,0,0,0,0,2026-09-28 20:45:17.126734+00,2026-09-28 20:45:17.126734+00
16410,16412,t,5971316311177016722,"SELECT RES_ENT_ID,LIB_FEAT_ID,FTYPE_ID,UTYPE_CODE,SUPPRESSED,OBS_ENT_CNT FROM RES_FEAT_EKEY WHERE RES_ENT_ID IN ($1,$2,$3,$4,$5,$6,$7,$8,$9,$10,$11,$12,$13,$14,$15,$16,$17,$18,$19,$20,$21,$22,$23,$24,$25,$26,$27,$28,$29,$30,$31,$32,$33,$34,$35,$36,$37,$38,$39,$40,$41,$42,$43,$44,$45,$46,$47,$48,$49,$50,$51,$52,$53,$54,$55,$56,$57,$58,$59,$60,$61,$62,$63,$64) AND FTYPE_ID IN ($65,$66,$67,$68,$69,$70,$71,$72,$73,$74,$75,$76,$77,$78)",0,0,0,0,0,0,2,5.631792999999999,1.423387,4.208405999999999,2.8158964999999996,1.3925094999999996,1797,402,1,0,0,0,0,0,0,0,0,2.955158,0,0,0,0,0,0,0,0,0,0,0,0,0,0,0,0,0,0,2026-09-29 00:01:41.02359+00,2026-09-29 00:01:41.02359+00
10,16384,t,6062641078355914408,"FETCH 0 IN ""query-cursor_35""",0,0,0,0,0,0,1,0.003524,0.003524,0.003524,0.003524,0,0,0,0,0,0,0,0,0,0,0,0,0,0,0,0,0,0,0,0,0,0,0,0,0,0,0,0,0,0,0,2026-09-28 19:52:53.650486+00,2026-09-28 19:52:53.650486+00
16410,16412,t,-8673607796849856739,"UPDATE RES_ENT_OKEY SET ERRULE_ID=$1,MATCH_KEY=$2 WHERE OBS_ENT_ID=$3",0,0,0,0,0,0,2795193,2315951.549634134,0.007632999999999999,784.135048,0.8285479927983985,4.660261161624246,2795015,25531151,2385,0,2534,0,0,0,0,0,0,77412.05265100003,615.1897819999998,0,0,0,0,0,0,0,0,0,0,0,0,0,0,0,0,0,2026-09-28 20:45:23.370728+00,2026-09-28 20:45:23.370728+00
16410,16412,t,2711576164615588639,"UPDATE RES_FEAT_EKEY AS T SET SUPPRESSED = C.SUPPRESSED FROM (VALUES (CAST ($1 AS BIGINT),CAST ($2 AS BIGINT),$3,$4),(CAST ($5 AS BIGINT),CAST ($6 AS BIGINT),$7,$8),(CAST ($9 AS BIGINT),CAST ($10 AS BIGINT),$11,$12),(CAST ($13 AS BIGINT),CAST ($14 AS BIGINT),$15,$16)) AS C(RES_ENT_ID,LIB_FEAT_ID,UTYPE_CODE,SUPPRESSED) WHERE C.RES_ENT_ID=T.RES_ENT_ID AND C.LIB_FEAT_ID=T.LIB_FEAT_ID AND C.UTYPE_CODE=T.UTYPE_CODE",0,0,0,0,0,0,58246,236275.18135299956,0.048480999999999996,611.2692979999999,4.0565048475946766,15.29847911355737,232984,2083768,486,0,51,0,0,0,0,0,0,11633.074012,14.266381000000003,0,0,0,0,0,0,0,0,0,0,0,0,0,0,0,0,0,2026-09-28 20:45:42.486905+00,2026-09-28 20:45:42.486905+00
16410,16412,t,5937427427554479888,"UPDATE RES_FEAT_EKEY AS T SET SUPPRESSED=C.SUPPRESSED,OBS_ENT_CNT=C.OBS_ENT_CNT FROM (VALUES (CAST ($1 AS BIGINT),CAST ($2 AS BIGINT),$3,$4,CAST ($5 AS BIGINT))) AS C(RES_ENT_ID,LIB_FEAT_ID,UTYPE_CODE,SUPPRESSED,OBS_ENT_CNT) WHERE C.RES_ENT_ID=T.RES_ENT_ID AND C.LIB_FEAT_ID=T.LIB_FEAT_ID AND C.UTYPE_CODE=T.UTYPE_CODE",0,0,0,0,0,0,82798,115987.85051100094,0.017703,952.074832,1.400853287651887,10.506909954449936,82797,1044758,551,0,1072,0,0,0,0,0,0,5793.459484,6.892870999999997,0,0,0,0,0,0,0,0,0,0,0,0,0,0,0,0,0,2026-09-28 20:45:29.04946+00,2026-09-28 20:45:29.04946+00
10,16384,t,6811828077481078110,"MOVE -524 IN ""query-cursor_62""",0,0,0,0,0,0,1,0.012875,0.012875,0.012875,0.012875,0,0,0,0,0,0,0,0,0,0,0,0,0,0,0,0,0,0,0,0,0,0,0,0,0,0,0,0,0,0,0,2026-09-28 20:19:53.653777+00,2026-09-28 20:19:53.653777+00
10,16384,t,-750649927524930222,"FETCH 0 IN ""query-cursor_71""",0,0,0,0,0,0,1,0.004082,0.004082,0.004082,0.004082,0,0,0,0,0,0,0,0,0,0,0,0,0,0,0,0,0,0,0,0,0,0,0,0,0,0,0,0,0,0,0,2026-09-28 20:28:53.6532+00,2026-09-28 20:28:53.6532+00
10,16384,t,-3307366367745211836,"MOVE ALL IN ""query-cursor_183""",0,0,0,0,0,0,1,145.746973,145.746973,145.746973,145.746973,0,0,0,0,0,0,0,0,0,0,0,0,0,0,0,0,0,0,0,0,0,0,0,0,0,0,0,0,0,0,0,2026-09-28 23:55:53.846251+00,2026-09-28 23:55:53.846251+00
10,16384,t,3594991941018395982,"DECLARE ""query-cursor_8"" SCROLL CURSOR FOR select queryid, left(query, $1), calls, (total_plan_time + total_exec_time) as total_time from aurora_stat_statements($2) order by calls desc limit $3 FOR READ ONLY",0,0,0,0,0,0,1,0.066682,0.066682,0.066682,0.066682,0,0,0,0,0,0,0,0,0,0,0,0,0,0,0,0,0,0,0,0,0,0,0,0,0,0,0,0,0,0,0,2026-09-28 19:25:53.648352+00,2026-09-28 19:25:53.648352+00
16410,16412,t,108456945316397155,"CREATE TABLE IF NOT EXISTS perf.snap_scalar (
  label       text        NOT NULL,
  captured_at timestamptz NOT NULL DEFAULT now(),
  metric      text        NOT NULL,
  value       numeric
)",0,0,0,0,0,0,1,6.358914,6.358914,6.358914,6.358914,0,0,357,1,0,0,0,0,0,0,0,0,1.258527,0,0,0,0,0,0,0,0,0,0,0,0,0,0,0,0,0,0,2026-09-28 19:50:43.295665+00,2026-09-28 19:50:43.295665+00
16410,16412,t,1059862200653711151,"SELECT RES_ENT_ID,LIB_FEAT_ID,FTYPE_ID,UTYPE_CODE,SUPPRESSED,OBS_ENT_CNT FROM RES_FEAT_EKEY WHERE RES_ENT_ID IN ($1,$2,$3,$4,$5,$6,$7,$8,$9,$10,$11,$12,$13,$14,$15,$16) AND FTYPE_ID IN ($17,$18,$19,$20,$21,$22,$23,$24,$25,$26,$27,$28,$29,$30,$31,$32,$33,$34,$35,$36)",0,0,0,0,0,0,89386,837811.9754620088,0.107681,575.821629,9.372966409303569,27.800773635623877,24159532,5193746,40097,0,0,0,0,0,0,0,0,663322.658260999,0,0,0,0,0,0,0,0,0,0,0,0,0,0,0,0,0,0,2026-09-28 20:45:01.173289+00,2026-09-28 20:45:01.173289+00
10,16384,t,-4060597636685174458,"MOVE ALL IN ""query-cursor_116""",0,0,0,0,0,0,1,6.926457,6.926457,6.926457,6.926457,0,0,0,0,0,0,0,0,0,0,0,0,0,0,0,0,0,0,0,0,0,0,0,0,0,0,0,0,0,0,0,2026-09-28 21:35:53.986673+00,2026-09-28 21:35:53.986673+00
10,16384,t,-2177150430542118156,"FETCH 0 IN ""query-cursor_88""",0,0,0,0,0,0,1,0.003982,0.003982,0.003982,0.003982,0,0,0,0,0,0,0,0,0,0,0,0,0,0,0,0,0,0,0,0,0,0,0,0,0,0,0,0,0,0,0,2026-09-28 20:45:53.655162+00,2026-09-28 20:45:53.655162+00
10,16384,t,3026425700447616423,"MOVE ALL IN ""query-cursor_196""",0,0,0,0,0,0,1,5.59171,5.59171,5.59171,5.59171,0,0,0,0,0,0,0,0,0,0,0,0,0,0,0,0,0,0,0,0,0,0,0,0,0,0,0,0,0,0,0,2026-09-29 00:21:53.669224+00,2026-09-29 00:21:53.669224+00
16410,16412,t,967341379096754148,"UPDATE RES_FEAT_EKEY AS T SET SUPPRESSED = C.SUPPRESSED FROM (VALUES (CAST ($1 AS BIGINT),CAST ($2 AS BIGINT),$3,$4),(CAST ($5 AS BIGINT),CAST ($6 AS BIGINT),$7,$8),(CAST ($9 AS BIGINT),CAST ($10 AS BIGINT),$11,$12),(CAST ($13 AS BIGINT),CAST ($14 AS BIGINT),$15,$16),(CAST ($17 AS BIGINT),CAST ($18 AS BIGINT),$19,$20),(CAST ($21 AS BIGINT),CAST ($22 AS BIGINT),$23,$24),(CAST ($25 AS BIGINT),CAST ($26 AS BIGINT),$27,$28),(CAST ($29 AS BIGINT),CAST ($30 AS BIGINT),$31,$32),(CAST ($33 AS BIGINT),CAST ($34 AS BIGINT),$35,$36),(CAST ($37 AS BIGINT),CAST ($38 AS BIGINT),$39,$40),(CAST ($41 AS BIGINT),CAST ($42 AS BIGINT),$43,$44),(CAST ($45 AS BIGINT),CAST ($46 AS BIGINT),$47,$48),(CAST ($49 AS BIGINT),CAST ($50 AS BIGINT),$51,$52),(CAST ($53 AS BIGINT),CAST ($54 AS BIGINT),$55,$56)) AS C(RES_ENT_ID,LIB_FEAT_ID,UTYPE_CODE,SUPPRESSED) WHERE C.RES_ENT_ID=T.RES_ENT_ID AND C.LIB_FEAT_ID=T.LIB_FEAT_ID AND C.UTYPE_CODE=T.UTYPE_CODE",0,0,0,0,0,0,264568,2510906.956633975,0.10546499999999999,2264.908717,9.490592046785608,29.688296349235134,3703952,32656171,7107,0,8960,0,0,0,0,0,0,174992.67553400036,401.2227149999999,0,0,0,0,0,0,0,0,0,0,0,0,0,0,0,0,0,2026-09-28 20:44:57.877451+00,2026-09-28 20:44:57.877451+00
10,16384,t,-3881963182560560673,"MOVE -1483 IN ""query-cursor_138""",0,0,0,0,0,0,1,0.082062,0.082062,0.082062,0.082062,0,0,0,0,0,0,0,0,0,0,0,0,0,0,0,0,0,0,0,0,0,0,0,0,0,0,0,0,0,0,0,2026-09-28 22:21:54.011215+00,2026-09-28 22:21:54.011215+00
10,16384,t,-157008752064791930,"FETCH 7 IN ""query-cursor_150""",0,0,0,0,0,0,1,0.006534,0.006534,0.006534,0.006534,0,7,0,0,0,0,0,0,0,0,0,0,0,0,0,0,0,0,0,0,0,0,0,0,0,0,0,0,0,0,0,2026-09-28 22:45:53.766688+00,2026-09-28 22:45:53.766688+00
16410,16412,t,3364666014867901199,"INSERT INTO LIB_FEAT(LIB_FEAT_ID,FTYPE_ID,FEAT_HASH,FEAT_DESC,FELEM_VALUES,ANONYMIZED,VERSION) VALUES ($1,$2,$3,$4,$5,$6,$7) ON CONFLICT(FTYPE_ID,FEAT_HASH,ANONYMIZED) DO UPDATE SET FTYPE_ID=LIB_FEAT.FTYPE_ID,FEAT_HASH=LIB_FEAT.FEAT_HASH,ANONYMIZED=LIB_FEAT.ANONYMIZED RETURNING LIB_FEAT_ID,FTYPE_ID,FEAT_HASH,ANONYMIZED,FEAT_DESC",0,0,0,0,0,0,2290076,8021239.100483374,0.027668,1399.606836,3.502608254260284,14.055906036151834,2290076,35795892,261,0,74517,0,0,0,0,0,0,6367.729684000004,10455.237681999999,0,0,0,0,0,0,0,0,0,0,0,0,0,0,0,0,0,2026-09-28 20:44:52.520042+00,2026-09-28 20:44:52.520042+00
10,16384,t,-8772665174756830805,"MOVE -1674 IN ""query-cursor_168""",0,0,0,0,0,0,1,0.262205,0.262205,0.262205,0.262205,0,0,0,0,0,0,0,0,0,0,0,0,0,0,0,0,0,0,0,0,0,0,0,0,0,0,0,0,0,0,0,2026-09-28 23:23:54.40354+00,2026-09-28 23:23:54.40354+00
10,16384,t,4393243536876992056,"DECLARE ""query-cursor_106"" SCROLL CURSOR FOR select queryid, left(query, $1), calls, (total_plan_time + total_exec_time) as total_time from aurora_stat_statements($2) order by calls desc limit $3 FOR READ ONLY",0,0,0,0,0,0,1,0.087655,0.087655,0.087655,0.087655,0,0,0,0,0,0,0,0,0,0,0,0,0,0,0,0,0,0,0,0,0,0,0,0,0,0,0,0,0,0,0,2026-09-28 21:15:53.954748+00,2026-09-28 21:15:53.954748+00
10,16384,t,-55920492520391330,"FETCH 12 IN ""query-cursor_135""",0,0,0,0,0,0,1,0.007999,0.007999,0.007999,0.007999,0,12,0,0,0,0,0,0,0,0,0,0,0,0,0,0,0,0,0,0,0,0,0,0,0,0,0,0,0,0,0,2026-09-28 22:15:53.728976+00,2026-09-28 22:15:53.728976+00
10,16384,t,5294817866662472904,"SELECT min(replica_lag_in_msec), max(replica_lag_in_msec) FROM aurora_replica_status() WHERE replica_lag_in_msec IS NOT NULL",0,0,0,0,0,0,367,5.630047999999993,0.008875000000000001,0.06323000000000001,0.015340730245231589,0.005710261601182153,367,0,0,0,0,0,0,0,0,0,0,0,0,0,0,0,0,0,0,0,0,0,0,0,0,0,0,0,0,0,2026-09-28 19:17:03.572479+00,2026-09-28 19:17:03.572479+00
10,16384,t,2447666364080423637,"FETCH 50 IN ""query-cursor_125""",0,0,0,0,0,0,27,0.44785400000000003,0.010331,0.026282,0.016587185185185187,0.004836968702086638,1350,0,0,0,0,0,0,0,0,0,0,0,0,0,0,0,0,0,0,0,0,0,0,0,0,0,0,0,0,0,2026-09-28 21:53:53.706535+00,2026-09-28 21:53:53.706535+00
16410,16412,t,-6200324751806807237,"INSERT INTO RES_FEAT_STAT(LIB_FEAT_ID,FTYPE_ID,NUM_RES_ENT,NUM_RES_ENT_OOM) VALUES ($1,$2,$3,$4),($5,$6,$7,$8),($9,$10,$11,$12),($13,$14,$15,$16),($17,$18,$19,$20),($21,$22,$23,$24),($25,$26,$27,$28),($29,$30,$31,$32),($33,$34,$35,$36),($37,$38,$39,$40),($41,$42,$43,$44),($45,$46,$47,$48),($49,$50,$51,$52),($53,$54,$55,$56),($57,$58,$59,$60),($61,$62,$63,$64),($65,$66,$67,$68),($69,$70,$71,$72) ON CONFLICT DO NOTHING",0,0,0,0,0,0,1812354,35690161.10306223,0.16964700000000002,2788.992548,19.692709648921916,76.61987664279698,32622317,323507854,10953,0,328153,0,0,0,0,0,0,57811.2323599998,34394.30346200049,0,0,0,0,0,0,0,0,0,0,0,0,0,0,0,0,0,2026-09-28 20:44:52.445682+00,2026-09-28 20:44:52.445682+00
10,16384,t,4470778601750250350,"FETCH 50 IN ""query-cursor_1""",0,0,0,0,0,0,1,0.00625,0.00625,0.00625,0.00625,0,50,0,0,0,0,0,0,0,0,0,0,0,0,0,0,0,0,0,0,0,0,0,0,0,0,0,0,0,0,0,2026-09-28 19:18:53.64578+00,2026-09-28 19:18:53.64578+00
10,16384,t,-6563594351007590059,"DECLARE ""query-cursor_88"" SCROLL CURSOR FOR select queryid, left(query, $1), calls, (total_plan_time + total_exec_time) as total_time from aurora_stat_statements($2) order by calls desc limit $3 FOR READ ONLY",0,0,0,0,0,0,1,0.068445,0.068445,0.068445,0.068445,0,0,0,0,0,0,0,0,0,0,0,0,0,0,0,0,0,0,0,0,0,0,0,0,0,0,0,0,0,0,0,2026-09-28 20:45:53.654504+00,2026-09-28 20:45:53.654504+00
10,16384,t,4681354686034999417,"MOVE -160 IN ""query-cursor_7""",0,0,0,0,0,0,1,0.005366,0.005366,0.005366,0.005366,0,0,0,0,0,0,0,0,0,0,0,0,0,0,0,0,0,0,0,0,0,0,0,0,0,0,0,0,0,0,0,2026-09-28 19:24:53.648737+00,2026-09-28 19:24:53.648737+00
16410,16412,t,-1395607961413732945,SELECT n.nspname FROM pg_class c JOIN pg_namespace n ON n.oid = c.relnamespace WHERE c.oid = to_regclass($1),0,0,0,0,0,0,2200,63.16309499999994,0.011154,9.574046,0.028710497727272702,0.2048851398295487,2200,11000,0,0,0,0,0,0,0,0,0,0,0,0,0,0,0,0,0,0,0,0,0,0,0,0,0,0,0,0,2026-09-28 20:44:53.650193+00,2026-09-28 20:44:53.650193+00
16410,16412,t,-1603703363487953998,"UPDATE RES_FEAT_STAT SET FTYPE_ID=$1,NUM_RES_ENT=$2,NUM_RES_ENT_OOM=$3,CANDIDATE_CAP_REACHED=$4,SCORING_CAP_REACHED=$5 WHERE LIB_FEAT_ID=$6",0,0,0,0,0,0,2,0.10414899999999999,0.034259,0.06989,0.052074499999999996,0.017815499999999998,2,22,0,0,0,0,0,0,0,0,0,0,0,0,0,0,0,0,0,0,0,0,0,0,0,0,0,0,0,0,2026-09-28 21:39:44.505275+00,2026-09-28 21:39:44.505275+00
10,16384,t,-7087786472298873345,"DECLARE ""query-cursor_158"" SCROLL CURSOR FOR select queryid, left(query, $1), calls, (total_plan_time + total_exec_time) as total_time from aurora_stat_statements($2) order by calls desc limit $3 FOR READ ONLY",0,0,0,0,0,0,1,0.07939,0.07939,0.07939,0.07939,0,0,0,0,0,0,0,0,0,0,0,0,0,0,0,0,0,0,0,0,0,0,0,0,0,0,0,0,0,0,0,2026-09-28 23:03:54.093141+00,2026-09-28 23:03:54.093141+00
10,16384,t,-678213739664278122,"MOVE ALL IN ""query-cursor_43""",0,0,0,0,0,0,1,0.858568,0.858568,0.858568,0.858568,0,0,0,0,0,0,0,0,0,0,0,0,0,0,0,0,0,0,0,0,0,0,0,0,0,0,0,0,0,0,0,2026-09-28 20:00:53.651908+00,2026-09-28 20:00:53.651908+00
16410,16412,t,-3758958998140361371,CREATE SCHEMA IF NOT EXISTS perf,0,0,0,0,0,0,1,3.934627,3.934627,3.934627,3.934627,0,0,18,3,0,0,0,0,0,0,0,0,3.782719,0,0,0,0,0,0,0,0,0,0,0,0,0,0,0,0,0,0,2026-09-28 19:50:43.286955+00,2026-09-28 19:50:43.286955+00
10,16384,t,-74149798017933291,"FETCH 0 IN ""query-cursor_53""",0,0,0,0,0,0,1,0.003694,0.003694,0.003694,0.003694,0,0,0,0,0,0,0,0,0,0,0,0,0,0,0,0,0,0,0,0,0,0,0,0,0,0,0,0,0,0,0,2026-09-28 20:10:53.651773+00,2026-09-28 20:10:53.651773+00
10,16384,t,6459606842905086632,"MOVE -334 IN ""query-cursor_32""",0,0,0,0,0,0,1,0.010126,0.010126,0.010126,0.010126,0,0,0,0,0,0,0,0,0,0,0,0,0,0,0,0,0,0,0,0,0,0,0,0,0,0,0,0,0,0,0,2026-09-28 19:49:53.651113+00,2026-09-28 19:49:53.651113+00
10,16384,t,-3405177725533902156,"FETCH 0 IN ""query-cursor_168""",0,0,0,0,0,0,1,0.009528,0.009528,0.009528,0.009528,0,0,0,0,0,0,0,0,0,0,0,0,0,0,0,0,0,0,0,0,0,0,0,0,0,0,0,0,0,0,0,2026-09-28 23:23:53.845738+00,2026-09-28 23:23:53.845738+00
10,16384,t,-7989736483443078646,"MOVE ALL IN ""query-cursor_198""",0,0,0,0,0,0,1,7.086887,7.086887,7.086887,7.086887,0,0,0,0,0,0,0,0,0,0,0,0,0,0,0,0,0,0,0,0,0,0,0,0,0,0,0,0,0,0,0,2026-09-29 00:25:53.671581+00,2026-09-29 00:25:53.671581+00
10,16384,t,5087306596602540752,"FETCH 0 IN ""query-cursor_18""",0,0,0,0,0,0,1,0.003454,0.003454,0.003454,0.003454,0,0,0,0,0,0,0,0,0,0,0,0,0,0,0,0,0,0,0,0,0,0,0,0,0,0,0,0,0,0,0,2026-09-28 19:35:53.649216+00,2026-09-28 19:35:53.649216+00
10,16384,t,5234519987905631002,"MOVE -1662 IN ""query-cursor_166""",0,0,0,0,0,0,1,0.084223,0.084223,0.084223,0.084223,0,0,0,0,0,0,0,0,0,0,0,0,0,0,0,0,0,0,0,0,0,0,0,0,0,0,0,0,0,0,0,2026-09-28 23:19:53.866332+00,2026-09-28 23:19:53.866332+00
16410,16412,t,-502714498354088052,"UPDATE OBS_ENT SET LOCKING_ID=LOCKING_ID+$4,LOCK_DSRC_ACTION=$1 WHERE OBS_ENT_ID IN ($2,$3)",0,0,0,0,0,0,510322,820557.6362229841,0.024842,940.345741,1.6079213442159737,11.80829488850118,1020644,11156607,37863,0,3675,0,0,0,0,0,0,243178.71356799957,20.218532999999987,0,0,0,0,0,0,0,0,0,0,0,0,0,0,0,0,0,2026-09-28 20:45:23.37296+00,2026-09-28 20:45:23.37296+00
16410,16412,t,180498833185157874,"INSERT INTO RES_FEAT_STAT(LIB_FEAT_ID,FTYPE_ID,NUM_RES_ENT,NUM_RES_ENT_OOM) VALUES ($1,$2,$3,$4),($5,$6,$7,$8),($9,$10,$11,$12),($13,$14,$15,$16),($17,$18,$19,$20),($21,$22,$23,$24),($25,$26,$27,$28),($29,$30,$31,$32),($33,$34,$35,$36),($37,$38,$39,$40),($41,$42,$43,$44),($45,$46,$47,$48),($49,$50,$51,$52),($53,$54,$55,$56),($57,$58,$59,$60),($61,$62,$63,$64),($65,$66,$67,$68) ON CONFLICT DO NOTHING",0,0,0,0,0,0,2077931,39627319.37874845,0.1558,2832.4119109999997,19.070565566781788,74.24152878419575,35324771,351030579,12899,0,357974,0,0,0,0,0,0,69993.1031320001,39155.24148999967,0,0,0,0,0,0,0,0,0,0,0,0,0,0,0,0,0,2026-09-28 20:44:52.441609+00,2026-09-28 20:44:52.441609+00
10,16384,t,1343249933927648169,"FETCH 1 IN ""query-cursor_75""",0,0,0,0,0,0,1,0.001233,0.001233,0.001233,0.001233,0,1,0,0,0,0,0,0,0,0,0,0,0,0,0,0,0,0,0,0,0,0,0,0,0,0,0,0,0,0,0,2026-09-28 20:32:53.657305+00,2026-09-28 20:32:53.657305+00
10,16384,t,2663462780488004347,"FETCH 0 IN ""query-cursor_65""",0,0,0,0,0,0,1,0.003744,0.003744,0.003744,0.003744,0,0,0,0,0,0,0,0,0,0,0,0,0,0,0,0,0,0,0,0,0,0,0,0,0,0,0,0,0,0,0,2026-09-28 20:22:53.652723+00,2026-09-28 20:22:53.652723+00
16410,16412,t,-772261381281999193,"DELETE FROM RES_REL_EKEY WHERE (RES_ENT_ID,REL_ENT_ID,RES_REL_ID) IN (($1,$2,$3),($4,$5,$6),($7,$8,$9),($10,$11,$12),($13,$14,$15),($16,$17,$18),($19,$20,$21),($22,$23,$24))",0,0,0,0,0,0,1136751,1786698.1733010432,0.014022,590.747619,1.571758611429454,7.8042335832055,7758895,46334009,27264,0,0,0,0,0,0,0,0,390154.61462400074,0,0,0,0,0,0,0,0,0,0,0,0,0,0,0,0,0,0,2026-09-28 20:44:58.671863+00,2026-09-28 20:44:58.671863+00
10,16384,t,4178785393058036846,"FETCH 0 IN ""query-cursor_38""",0,0,0,0,0,0,1,0.002904,0.002904,0.002904,0.002904,0,0,0,0,0,0,0,0,0,0,0,0,0,0,0,0,0,0,0,0,0,0,0,0,0,0,0,0,0,0,0,2026-09-28 19:55:53.650699+00,2026-09-28 19:55:53.650699+00
10,16384,t,2222250046813421568,"FETCH 0 IN ""query-cursor_76""",0,0,0,0,0,0,1,0.004369,0.004369,0.004369,0.004369,0,0,0,0,0,0,0,0,0,0,0,0,0,0,0,0,0,0,0,0,0,0,0,0,0,0,0,0,0,0,0,2026-09-28 20:33:53.653602+00,2026-09-28 20:33:53.653602+00
10,16384,t,-8545054011261411965,"FETCH 0 IN ""query-cursor_205""",0,0,0,0,0,0,1,0.006469,0.006469,0.006469,0.006469,0,0,0,0,0,0,0,0,0,0,0,0,0,0,0,0,0,0,0,0,0,0,0,0,0,0,0,0,0,0,0,2026-09-29 00:33:53.708833+00,2026-09-29 00:33:53.708833+00
10,16384,t,-5281552895721550014,"FETCH 0 IN ""query-cursor_158""",0,0,0,0,0,0,1,0.00578,0.00578,0.00578,0.00578,0,0,0,0,0,0,0,0,0,0,0,0,0,0,0,0,0,0,0,0,0,0,0,0,0,0,0,0,0,0,0,2026-09-28 23:03:54.093226+00,2026-09-28 23:03:54.093226+00
16410,16412,t,-7511585686043549873,"SELECT RES_ENT_ID,LIB_FEAT_ID,FTYPE_ID,UTYPE_CODE,SUPPRESSED,OBS_ENT_CNT FROM RES_FEAT_EKEY WHERE RES_ENT_ID IN ($1,$2) AND FTYPE_ID IN ($3,$4,$5,$6,$7,$8,$9,$10,$11,$12,$13,$14,$15,$16,$17)",0,0,0,0,0,0,478368,756376.6125129805,0.029682,517.374612,1.5811605552900287,10.827737892687445,19228137,5201683,30816,0,0,0,0,0,0,0,0,593594.7999629973,0,0,0,0,0,0,0,0,0,0,0,0,0,0,0,0,0,0,2026-09-28 20:44:53.642401+00,2026-09-28 20:44:53.642401+00
10,16384,t,7901536040265397020,"FETCH 50 IN ""query-cursor_58""",0,0,0,0,0,0,9,0.030217000000000004,0.002671,0.005686,0.003357444444444445,0.0008459307971579277,450,0,0,0,0,0,0,0,0,0,0,0,0,0,0,0,0,0,0,0,0,0,0,0,0,0,0,0,0,0,2026-09-28 20:15:53.653457+00,2026-09-28 20:15:53.653457+00
10,16384,t,5158008173617707473,"MOVE ALL IN ""query-cursor_36""",0,0,0,0,0,0,1,0.820884,0.820884,0.820884,0.820884,0,0,0,0,0,0,0,0,0,0,0,0,0,0,0,0,0,0,0,0,0,0,0,0,0,0,0,0,0,0,0,2026-09-28 19:53:53.651403+00,2026-09-28 19:53:53.651403+00
10,16384,t,2359011993313134219,"FETCH 50 IN ""query-cursor_94""",0,0,0,0,0,0,22,0.36672499999999997,0.009191,0.025166,0.01666931818181818,0.004908114009070396,1100,0,0,0,0,0,0,0,0,0,0,0,0,0,0,0,0,0,0,0,0,0,0,0,0,0,0,0,0,0,2026-09-28 20:51:53.917761+00,2026-09-28 20:51:53.917761+00
10,16384,t,4975605354126941205,"FETCH 0 IN ""query-cursor_29""",0,0,0,0,0,0,1,0.004532,0.004532,0.004532,0.004532,0,0,0,0,0,0,0,0,0,0,0,0,0,0,0,0,0,0,0,0,0,0,0,0,0,0,0,0,0,0,0,2026-09-28 19:46:53.650034+00,2026-09-28 19:46:53.650034+00
10,16384,t,-4519272647654834526,"FETCH 30 IN ""query-cursor_169""",0,0,0,0,0,0,1,0.009536,0.009536,0.009536,0.009536,0,30,0,0,0,0,0,0,0,0,0,0,0,0,0,0,0,0,0,0,0,0,0,0,0,0,0,0,0,0,0,2026-09-28 23:25:53.910203+00,2026-09-28 23:25:53.910203+00
16410,16412,t,1165153896606422882,"SELECT RES_ENT_ID,LIB_FEAT_ID,FTYPE_ID,UTYPE_CODE,SUPPRESSED,OBS_ENT_CNT FROM RES_FEAT_EKEY WHERE RES_ENT_ID IN ($1,$2,$3,$4,$5,$6,$7,$8) AND FTYPE_ID IN ($9,$10,$11,$12,$13,$14,$15,$16,$17,$18,$19,$20,$21,$22,$23,$24,$25,$26)",0,0,0,0,0,0,595512,3264111.0209580413,0.064001,891.897743,5.481184293445038,20.672443710541792,86625357,20122124,151061,0,0,0,0,0,0,0,0,2618941.5514950086,0,0,0,0,0,0,0,0,0,0,0,0,0,0,0,0,0,0,2026-09-28 20:44:54.998175+00,2026-09-28 20:44:54.998175+00
10,16384,t,6056176713523728991,"FETCH 19 IN ""query-cursor_8""",0,0,0,0,0,0,1,0.002027,0.002027,0.002027,0.002027,0,19,0,0,0,0,0,0,0,0,0,0,0,0,0,0,0,0,0,0,0,0,0,0,0,0,0,0,0,0,0,2026-09-28 19:25:53.649567+00,2026-09-28 19:25:53.649567+00
10,16384,t,-2674933975910636316,"FETCH 11 IN ""query-cursor_85""",0,0,0,0,0,0,1,0.001815,0.001815,0.001815,0.001815,0,11,0,0,0,0,0,0,0,0,0,0,0,0,0,0,0,0,0,0,0,0,0,0,0,0,0,0,0,0,0,2026-09-28 20:42:53.658354+00,2026-09-28 20:42:53.658354+00
16410,16412,t,-3670728237978889489,"SELECT RES_ENT_ID,LIB_FEAT_ID,FTYPE_ID,UTYPE_CODE,SUPPRESSED,OBS_ENT_CNT FROM RES_FEAT_EKEY WHERE RES_ENT_ID IN ($1,$2) AND FTYPE_ID IN ($3,$4,$5,$6,$7,$8,$9,$10,$11,$12,$13,$14,$15,$16,$17,$18,$19,$20,$21)",0,0,0,0,0,0,338311,472355.19057799986,0.030662,469.577659,1.3962158799979896,9.95744949571501,16361711,3663470,18013,0,0,0,0,0,0,0,0,352886.5907609997,0,0,0,0,0,0,0,0,0,0,0,0,0,0,0,0,0,0,2026-09-28 20:44:53.727987+00,2026-09-28 20:44:53.727987+00
10,16384,t,2409714455514442706,"FETCH 50 IN ""query-cursor_46""",0,0,0,0,0,0,8,0.02787,0.002889,0.005493,0.00348375,0.00079693800731299,400,0,0,0,0,0,0,0,0,0,0,0,0,0,0,0,0,0,0,0,0,0,0,0,0,0,0,0,0,0,2026-09-28 20:03:53.652377+00,2026-09-28 20:03:53.652377+00
10,16384,t,5276178003536705631,"FETCH 0 IN ""query-cursor_201""",0,0,0,0,0,0,1,0.008299,0.008299,0.008299,0.008299,0,0,0,0,0,0,0,0,0,0,0,0,0,0,0,0,0,0,0,0,0,0,0,0,0,0,0,0,0,0,0,2026-09-29 00:28:53.664175+00,2026-09-29 00:28:53.664175+00
10,16384,t,5267426549238834123,"FETCH 35 IN ""query-cursor_218""",0,0,0,0,0,0,1,0.006834,0.006834,0.006834,0.006834,0,35,0,0,0,0,0,0,0,0,0,0,0,0,0,0,0,0,0,0,0,0,0,0,0,0,0,0,0,0,0,2026-09-29 00:59:53.698303+00,2026-09-29 00:59:53.698303+00
10,16384,t,5061132195092009990,"FETCH 49 IN ""query-cursor_50""",0,0,0,0,0,0,1,0.003495,0.003495,0.003495,0.003495,0,49,0,0,0,0,0,0,0,0,0,0,0,0,0,0,0,0,0,0,0,0,0,0,0,0,0,0,0,0,0,2026-09-28 20:07:53.654357+00,2026-09-28 20:07:53.654357+00
10,16384,t,-3845441904912391542,"MOVE ALL IN ""query-cursor_87""",0,0,0,0,0,0,1,2.206311,2.206311,2.206311,2.206311,0,0,0,0,0,0,0,0,0,0,0,0,0,0,0,0,0,0,0,0,0,0,0,0,0,0,0,0,0,0,0,2026-09-28 20:44:53.656749+00,2026-09-28 20:44:53.656749+00
10,16384,t,565216293530816154,"MOVE -1784 IN ""query-cursor_185""",0,0,0,0,0,0,1,0.119753,0.119753,0.119753,0.119753,0,0,0,0,0,0,0,0,0,0,0,0,0,0,0,0,0,0,0,0,0,0,0,0,0,0,0,0,0,0,0,2026-09-28 23:59:53.992934+00,2026-09-28 23:59:53.992934+00
10,16384,t,2315056850273519502,"MOVE ALL IN ""query-cursor_117""",0,0,0,0,0,0,1,19.403755,19.403755,19.403755,19.403755,0,0,0,0,0,0,0,0,0,0,0,0,0,0,0,0,0,0,0,0,0,0,0,0,0,0,0,0,0,0,0,2026-09-28 21:37:53.97945+00,2026-09-28 21:37:53.97945+00
16410,16412,t,5181256840980534082,"INSERT INTO RES_REL_EKEY(RES_REL_ID,RES_ENT_ID,REL_ENT_ID) VALUES ($1,$2,$3),($4,$5,$6),($7,$8,$9),($10,$11,$12),($13,$14,$15),($16,$17,$18),($19,$20,$21),($22,$23,$24),($25,$26,$27) ON CONFLICT DO NOTHING",0,0,0,0,0,0,1,0.21914999999999998,0.21914999999999998,0.21914999999999998,0.21914999999999998,0,9,90,0,0,0,0,0,0,0,0,0,0,0,0,0,0,0,0,0,0,0,0,0,0,0,0,0,0,0,0,2026-09-28 23:37:25.466128+00,2026-09-28 23:37:25.466128+00
10,16384,t,-814194634174585052,"MOVE ALL IN ""query-cursor_165""",0,0,0,0,0,0,1,12.203573,12.203573,12.203573,12.203573,0,0,0,0,0,0,0,0,0,0,0,0,0,0,0,0,0,0,0,0,0,0,0,0,0,0,0,0,0,0,0,2026-09-28 23:17:53.748335+00,2026-09-28 23:17:53.748335+00
16410,16412,t,-5701365681937567689,"SELECT RES_ENT_ID,LIB_FEAT_ID,FTYPE_ID,UTYPE_CODE,SUPPRESSED,OBS_ENT_CNT FROM RES_FEAT_EKEY WHERE RES_ENT_ID IN ($1,$2,$3,$4,$5,$6,$7,$8) AND FTYPE_ID IN ($9,$10,$11,$12,$13,$14,$15,$16,$17,$18,$19,$20)",0,0,0,0,0,0,133843,656638.1452980001,0.055143,914.6109660000001,4.906032779435608,19.7775533408308,14357634,4514847,29781,0,0,0,0,0,0,0,0,528082.6549640002,0,0,0,0,0,0,0,0,0,0,0,0,0,0,0,0,0,0,2026-09-28 20:44:54.955556+00,2026-09-28 20:44:54.955556+00
10,16384,t,-1578628361312399448,"MOVE -1516 IN ""query-cursor_143""",0,0,0,0,0,0,1,0.122812,0.122812,0.122812,0.122812,0,0,0,0,0,0,0,0,0,0,0,0,0,0,0,0,0,0,0,0,0,0,0,0,0,0,0,0,0,0,0,2026-09-28 22:31:53.997566+00,2026-09-28 22:31:53.997566+00
10,16384,t,-6709140421702166666,select slot_name from pg_replication_slots where active = $1 and slot_type = $2 and age(catalog_xmin) > $3,0,0,0,0,0,0,2,0.013483,0.006685,0.006798,0.0067415,5.6500000000000127e-05,0,0,0,0,0,0,0,0,0,0,0,0,0,0,0,0,0,0,0,0,0,0,0,0,0,0,0,0,0,0,2026-09-28 22:15:54.582455+00,2026-09-28 22:15:54.582455+00
16410,16412,t,882733795946251554,"SELECT RES_ENT_ID,LIB_FEAT_ID,FTYPE_ID,UTYPE_CODE,SUPPRESSED,OBS_ENT_CNT FROM RES_FEAT_EKEY WHERE RES_ENT_ID IN ($1,$2) AND FTYPE_ID IN ($3,$4,$5,$6,$7,$8,$9,$10,$11,$12,$13,$14,$15,$16,$17,$18,$19,$20,$21,$22)",0,0,0,0,0,0,150876,178803.4621410005,0.030951999999999997,489.71149,1.1851020847649758,9.044864282206696,7487135,1628040,6776,0,0,0,0,0,0,0,0,129275.3658679995,0,0,0,0,0,0,0,0,0,0,0,0,0,0,0,0,0,0,2026-09-28 20:44:54.753236+00,2026-09-28 20:44:54.753236+00
10,16384,t,8335273736273703867,"FETCH 2 IN ""query-cursor_141""",0,0,0,0,0,0,1,0.00476,0.00476,0.00476,0.00476,0,2,0,0,0,0,0,0,0,0,0,0,0,0,0,0,0,0,0,0,0,0,0,0,0,0,0,0,0,0,0,2026-09-28 22:27:54.183985+00,2026-09-28 22:27:54.183985+00
10,16384,t,-7828807621910449311,"FETCH 15 IN ""query-cursor_143""",0,0,0,0,0,0,1,0.005456,0.005456,0.005456,0.005456,0,15,0,0,0,0,0,0,0,0,0,0,0,0,0,0,0,0,0,0,0,0,0,0,0,0,0,0,0,0,0,2026-09-28 22:31:54.02033+00,2026-09-28 22:31:54.02033+00
10,16384,t,-2165012533930163072,"MOVE ALL IN ""query-cursor_32""",0,0,0,0,0,0,1,0.744759,0.744759,0.744759,0.744759,0,0,0,0,0,0,0,0,0,0,0,0,0,0,0,0,0,0,0,0,0,0,0,0,0,0,0,0,0,0,0,2026-09-28 19:49:53.651052+00,2026-09-28 19:49:53.651052+00
10,16384,t,-8311146291912714944,"FETCH 0 IN ""query-cursor_85""",0,0,0,0,0,0,1,0.004251,0.004251,0.004251,0.004251,0,0,0,0,0,0,0,0,0,0,0,0,0,0,0,0,0,0,0,0,0,0,0,0,0,0,0,0,0,0,0,2026-09-28 20:42:53.654221+00,2026-09-28 20:42:53.654221+00
10,16384,t,6925998823549459727,"MOVE ALL IN ""query-cursor_174""",0,0,0,0,0,0,1,8.400753,8.400753,8.400753,8.400753,0,0,0,0,0,0,0,0,0,0,0,0,0,0,0,0,0,0,0,0,0,0,0,0,0,0,0,0,0,0,0,2026-09-28 23:37:53.895626+00,2026-09-28 23:37:53.895626+00
10,16384,t,-677922492973750577,set session default_transaction_read_only = $1,0,0,0,0,0,0,1,0.004521,0.004521,0.004521,0.004521,0,0,0,0,0,0,0,0,0,0,0,0,0,0,0,0,0,0,0,0,0,0,0,0,0,0,0,0,0,0,0,2026-09-28 19:20:18.0202+00,2026-09-28 19:20:18.0202+00
10,16384,t,8999939249487966055,"FETCH 50 IN ""query-cursor_197""",0,0,0,0,0,0,37,0.346153,0.004671,0.031909,0.009355486486486486,0.005797186818326123,1850,0,0,0,0,0,0,0,0,0,0,0,0,0,0,0,0,0,0,0,0,0,0,0,0,0,0,0,0,0,2026-09-29 00:23:53.669038+00,2026-09-29 00:23:53.669038+00
10,16384,t,4348733096462727448,"MOVE -626 IN ""query-cursor_79""",0,0,0,0,0,0,1,0.015208,0.015208,0.015208,0.015208,0,0,0,0,0,0,0,0,0,0,0,0,0,0,0,0,0,0,0,0,0,0,0,0,0,0,0,0,0,0,0,2026-09-28 20:36:53.655325+00,2026-09-28 20:36:53.655325+00
16410,16412,t,-2361319720400768964,"INSERT INTO RES_REL_EKEY(RES_REL_ID,RES_ENT_ID,REL_ENT_ID) VALUES ($1,$2,$3),($4,$5,$6),($7,$8,$9),($10,$11,$12),($13,$14,$15),($16,$17,$18),($19,$20,$21),($22,$23,$24),($25,$26,$27),($28,$29,$30),($31,$32,$33),($34,$35,$36),($37,$38,$39),($40,$41,$42),($43,$44,$45),($46,$47,$48),($49,$50,$51),($52,$53,$54) ON CONFLICT DO NOTHING",0,0,0,0,0,0,11188,128559.91514799991,0.204439,436.664974,11.490875504826592,28.297227283274424,201382,1839269,354,0,1834,0,0,0,0,0,0,10899.060958999993,233.55497200000056,0,0,0,0,0,0,0,0,0,0,0,0,0,0,0,0,0,2026-09-28 20:45:34.111806+00,2026-09-28 20:45:34.111806+00
16410,16412,t,-2570864583573319622,"SELECT RES_ENT_ID,LIB_FEAT_ID,FTYPE_ID,UTYPE_CODE,SUPPRESSED,OBS_ENT_CNT FROM RES_FEAT_EKEY WHERE RES_ENT_ID IN ($1,$2)",0,0,0,0,0,0,1083973,1079239.7329999616,0.023808,1049.061565,0.9956334087656811,6.636405433097976,62622179,12630751,124679,0,0,0,0,0,0,0,0,781278.524478006,0,0,0,0,0,0,0,0,0,0,0,0,0,0,0,0,0,0,2026-09-28 20:44:58.717264+00,2026-09-28 20:44:58.717264+00
16410,16412,t,-6728845278679177467,"SELECT RES_ENT_ID,OBS_ENT_ID,ERRULE_ID FROM RES_ENT_OKEY WHERE OBS_ENT_ID IN ($1)",0,0,0,0,0,0,31201494,2398409.5374384434,0.003089,615.317507,0.0768684197442098,1.1990069332268904,6199584,109204948,4422,0,0,0,0,0,0,0,0,67756.58729000001,0,0,0,0,0,0,0,0,0,0,0,0,0,0,0,0,0,0,2026-09-28 20:44:52.375213+00,2026-09-28 20:44:52.375213+00
10,16384,t,-3749168379921708714,"MOVE ALL IN ""query-cursor_97""",0,0,0,0,0,0,1,8.874195,8.874195,8.874195,8.874195,0,0,0,0,0,0,0,0,0,0,0,0,0,0,0,0,0,0,0,0,0,0,0,0,0,0,0,0,0,0,0,2026-09-28 20:57:53.665597+00,2026-09-28 20:57:53.665597+00
10,16384,t,4028366671455515481,"DECLARE ""query-cursor_122"" SCROLL CURSOR FOR select queryid, left(query, $1), calls, (total_plan_time + total_exec_time) as total_time from aurora_stat_statements($2) order by calls desc limit $3 FOR READ ONLY",0,0,0,0,0,0,1,0.088971,0.088971,0.088971,0.088971,0,0,0,0,0,0,0,0,0,0,0,0,0,0,0,0,0,0,0,0,0,0,0,0,0,0,0,0,0,0,0,2026-09-28 21:47:53.808545+00,2026-09-28 21:47:53.808545+00
10,16384,t,1655018250277861490,"DECLARE ""query-cursor_24"" SCROLL CURSOR FOR select queryid, left(query, $1), calls, (total_plan_time + total_exec_time) as total_time from aurora_stat_statements($2) order by calls desc limit $3 FOR READ ONLY",0,0,0,0,0,0,1,0.065005,0.065005,0.065005,0.065005,0,0,0,0,0,0,0,0,0,0,0,0,0,0,0,0,0,0,0,0,0,0,0,0,0,0,0,0,0,0,0,2026-09-28 19:41:53.649624+00,2026-09-28 19:41:53.649624+00
10,16384,t,-5258564818230754320,"FETCH 50 IN ""query-cursor_31""",0,0,0,0,0,0,6,0.021415000000000003,0.002901,0.005584,0.003569166666666667,0.000936836950713529,300,0,0,0,0,0,0,0,0,0,0,0,0,0,0,0,0,0,0,0,0,0,0,0,0,0,0,0,0,0,2026-09-28 19:48:53.651008+00,2026-09-28 19:48:53.651008+00
16410,16412,t,-7399150816265474788,"SELECT RES_ENT_ID,LIB_FEAT_ID,FTYPE_ID,UTYPE_CODE,SUPPRESSED,OBS_ENT_CNT FROM RES_FEAT_EKEY WHERE RES_ENT_ID IN ($1,$2) AND FTYPE_ID IN ($3,$4,$5,$6,$7,$8,$9,$10,$11,$12,$13,$14,$15,$16,$17,$18,$19,$20,$21,$22,$23,$24,$25,$26,$27,$28,$29,$30,$31,$32,$33,$34,$35,$36,$37,$38,$39,$40,$41,$42,$43,$44,$45,$46,$47,$48,$49,$50,$51,$52,$53,$54)",0,0,0,0,0,0,4262,1085.1089980000002,0.033532,91.95408300000001,0.2546008911309245,2.5523290374655465,23631,46001,0,0,0,0,0,0,0,0,0,0,0,0,0,0,0,0,0,0,0,0,0,0,0,0,0,0,0,0,2026-09-28 20:51:21.254913+00,2026-09-28 20:51:21.254913+00
10,16384,t,1505742728159891032,"select queryid, calls, (total_plan_time + total_exec_time) as total_time, rows, shared_blks_hit, shared_blks_dirtied, shared_blks_read, shared_blks_written, local_blks_hit, local_blks_dirtied, local_blks_read, local_blks_written, temp_blks_read, temp_blks_written, storage_blks_read, orcache_blks_hit, shared_blk_read_time as blk_read_time, shared_blk_write_time as blk_write_time, storage_blk_read_time, local_blk_read_time, orcache_blk_read_time, total_plan_time, total_exec_time from aurora_stat_statements($1) where queryid in ($2, $3, $4, $5, $6, $7, $8, $9, $10, $11, $12, $13, $14, $15, $16, $17, $18, $19, $20)",0,0,0,0,0,0,12,6.2305969999999995,0.21817599999999998,2.211039,0.5192164166666666,0.5239869018422532,258,0,0,0,0,0,0,0,0,0,0,0,0,0,0,0,0,0,0,0,0,0,0,0,0,0,0,0,0,0,2026-09-28 19:23:03.648909+00,2026-09-28 19:23:03.648909+00
10,16384,t,6506892937101262641,"FETCH 0 IN ""query-cursor_56""",0,0,0,0,0,0,1,0.003591,0.003591,0.003591,0.003591,0,0,0,0,0,0,0,0,0,0,0,0,0,0,0,0,0,0,0,0,0,0,0,0,0,0,0,0,0,0,0,2026-09-28 20:13:53.652048+00,2026-09-28 20:13:53.652048+00
10,16384,t,6158676953707982432,"MOVE ALL IN ""query-cursor_113""",0,0,0,0,0,0,1,6.289232,6.289232,6.289232,6.289232,0,0,0,0,0,0,0,0,0,0,0,0,0,0,0,0,0,0,0,0,0,0,0,0,0,0,0,0,0,0,0,2026-09-28 21:29:53.72242+00,2026-09-28 21:29:53.72242+00
10,16384,t,-5297195302503310928,"DECLARE ""query-cursor_54"" SCROLL CURSOR FOR select queryid, left(query, $1), calls, (total_plan_time + total_exec_time) as total_time from aurora_stat_statements($2) order by calls desc limit $3 FOR READ ONLY",0,0,0,0,0,0,1,0.066748,0.066748,0.066748,0.066748,0,0,0,0,0,0,0,0,0,0,0,0,0,0,0,0,0,0,0,0,0,0,0,0,0,0,0,0,0,0,0,2026-09-28 20:11:53.651858+00,2026-09-28 20:11:53.651858+00
10,16384,t,4556225230544708917,"FETCH 0 IN ""query-cursor_207""",0,0,0,0,0,0,1,0.008213,0.008213,0.008213,0.008213,0,0,0,0,0,0,0,0,0,0,0,0,0,0,0,0,0,0,0,0,0,0,0,0,0,0,0,0,0,0,0,2026-09-29 00:37:53.78083+00,2026-09-29 00:37:53.78083+00
10,16384,t,1279118621032791308,"MOVE ALL IN ""query-cursor_2""",0,0,0,0,0,0,1,0.189978,0.189978,0.189978,0.189978,0,0,0,0,0,0,0,0,0,0,0,0,0,0,0,0,0,0,0,0,0,0,0,0,0,0,0,0,0,0,0,2026-09-28 19:19:53.648135+00,2026-09-28 19:19:53.648135+00
10,16384,t,1801841252513485452,"MOVE ALL IN ""query-cursor_44""",0,0,0,0,0,0,1,0.92706,0.92706,0.92706,0.92706,0,0,0,0,0,0,0,0,0,0,0,0,0,0,0,0,0,0,0,0,0,0,0,0,0,0,0,0,0,0,0,2026-09-28 20:01:53.652141+00,2026-09-28 20:01:53.652141+00
10,16384,t,9086821083568467413,"FETCH 0 IN ""query-cursor_149""",0,0,0,0,0,0,1,0.004709,0.004709,0.004709,0.004709,0,0,0,0,0,0,0,0,0,0,0,0,0,0,0,0,0,0,0,0,0,0,0,0,0,0,0,0,0,0,0,2026-09-28 22:43:53.799511+00,2026-09-28 22:43:53.799511+00
16410,16412,t,1020363919922307691,"INSERT INTO RES_REL_EKEY(RES_REL_ID,RES_ENT_ID,REL_ENT_ID) VALUES ($1,$2,$3),($4,$5,$6),($7,$8,$9),($10,$11,$12),($13,$14,$15),($16,$17,$18),($19,$20,$21),($22,$23,$24),($25,$26,$27),($28,$29,$30),($31,$32,$33),($34,$35,$36),($37,$38,$39),($40,$41,$42),($43,$44,$45),($46,$47,$48),($49,$50,$51),($52,$53,$54),($55,$56,$57),($58,$59,$60) ON CONFLICT DO NOTHING",0,0,0,0,0,0,5061,66895.04248100004,0.251033,391.461288,13.217751922742549,32.40554735663903,101220,929579,215,0,651,0,0,0,0,0,0,8060.404674999995,112.38447999999991,0,0,0,0,0,0,0,0,0,0,0,0,0,0,0,0,0,2026-09-28 20:46:34.838022+00,2026-09-28 20:46:34.838022+00
16410,16412,t,-832097683607288088,"INSERT INTO RES_FEAT_STAT(LIB_FEAT_ID,FTYPE_ID,NUM_RES_ENT,NUM_RES_ENT_OOM) VALUES ($1,$2,$3,$4),($5,$6,$7,$8),($9,$10,$11,$12) ON CONFLICT DO NOTHING",0,0,0,0,0,0,267929,1397550.7130279937,0.034165999999999995,2538.61952,5.216123349947164,24.87618946930748,803787,7993465,395,0,12549,0,0,0,0,0,0,1878.0418499999998,878.4032689999984,0,0,0,0,0,0,0,0,0,0,0,0,0,0,0,0,0,2026-09-28 20:44:52.554526+00,2026-09-28 20:44:52.554526+00
10,16384,t,-1689433308153307669,"MOVE ALL IN ""query-cursor_92""",0,0,0,0,0,0,1,3.705472,3.705472,3.705472,3.705472,0,0,0,0,0,0,0,0,0,0,0,0,0,0,0,0,0,0,0,0,0,0,0,0,0,0,0,0,0,0,0,2026-09-28 20:49:53.658547+00,2026-09-28 20:49:53.658547+00
10,16384,t,-2422357258868616007,"FETCH 35 IN ""query-cursor_111""",0,0,0,0,0,0,1,0.019793,0.019793,0.019793,0.019793,0,35,0,0,0,0,0,0,0,0,0,0,0,0,0,0,0,0,0,0,0,0,0,0,0,0,0,0,0,0,0,2026-09-28 21:25:53.722915+00,2026-09-28 21:25:53.722915+00
10,16384,t,-1732499865533439381,"FETCH 0 IN ""query-cursor_57""",0,0,0,0,0,0,1,0.003862,0.003862,0.003862,0.003862,0,0,0,0,0,0,0,0,0,0,0,0,0,0,0,0,0,0,0,0,0,0,0,0,0,0,0,0,0,0,0,2026-09-28 20:14:53.652152+00,2026-09-28 20:14:53.652152+00
16410,16412,t,8135051228710434277,"INSERT INTO DSRC_RECORD(DSRC_ID,RECORD_ID,ENT_SRC_KEY,JSON_DATA,CONFIG_ID,FIRST_SEEN_DT,LAST_SEEN_DT) VALUES ($1,$2,$3,$4,$5,$6,$7)",0,0,0,0,0,0,25000000,52125561.18417471,0.016438,2312.081873,2.0850224473669883,15.923789071686857,25000000,227764179,31619,0,1838211,0,0,0,0,0,0,932500.8682480042,186391.76685300175,0,0,0,0,0,0,0,0,0,0,0,0,0,0,0,0,0,2026-09-28 20:44:52.347086+00,2026-09-28 20:44:52.347086+00
16410,16412,t,3124610481908705070,"SELECT RES_ENT_ID,LIB_FEAT_ID,FTYPE_ID,UTYPE_CODE,SUPPRESSED,OBS_ENT_CNT FROM RES_FEAT_EKEY WHERE RES_ENT_ID IN ($1,$2,$3,$4) AND FTYPE_ID IN ($5,$6,$7,$8,$9,$10,$11,$12,$13,$14,$15,$16)",0,0,0,0,0,0,149145,470975.84987699817,0.040628,563.3242240000001,3.1578386796540157,16.021763090740567,8687961,2773697,20089,0,0,0,0,0,0,0,0,384479.2118549996,0,0,0,0,0,0,0,0,0,0,0,0,0,0,0,0,0,0,2026-09-28 20:44:56.02372+00,2026-09-28 20:44:56.02372+00
10,16384,t,-2799539135556767696,"MOVE -1443 IN ""query-cursor_132""",0,0,0,0,0,0,1,0.089001,0.089001,0.089001,0.089001,0,0,0,0,0,0,0,0,0,0,0,0,0,0,0,0,0,0,0,0,0,0,0,0,0,0,0,0,0,0,0,2026-09-28 22:07:53.967559+00,2026-09-28 22:07:53.967559+00
10,16384,t,-7917844857035476439,"MOVE -1457 IN ""query-cursor_134""",0,0,0,0,0,0,1,0.101818,0.101818,0.101818,0.101818,0,0,0,0,0,0,0,0,0,0,0,0,0,0,0,0,0,0,0,0,0,0,0,0,0,0,0,0,0,0,0,2026-09-28 22:13:54.072827+00,2026-09-28 22:13:54.072827+00
10,16384,t,-6353859883253937838,"FETCH 0 IN ""query-cursor_219""",0,0,0,0,0,0,1,0.006059,0.006059,0.006059,0.006059,0,0,0,0,0,0,0,0,0,0,0,0,0,0,0,0,0,0,0,0,0,0,0,0,0,0,0,0,0,0,0,2026-09-29 01:01:53.915647+00,2026-09-29 01:01:53.915647+00
10,16384,t,-3157229710565521781,"FETCH 50 IN ""query-cursor_229""",0,0,0,0,0,0,41,0.16185100000000002,0.002782,0.013273,0.003947585365853659,0.001762697738094482,2050,0,0,0,0,0,0,0,0,0,0,0,0,0,0,0,0,0,0,0,0,0,0,0,0,0,0,0,0,0,2026-09-29 01:18:53.671927+00,2026-09-29 01:18:53.671927+00
10,16384,t,-5487981163797771758,"MOVE ALL IN ""query-cursor_204""",0,0,0,0,0,0,1,8.21664,8.21664,8.21664,8.21664,0,0,0,0,0,0,0,0,0,0,0,0,0,0,0,0,0,0,0,0,0,0,0,0,0,0,0,0,0,0,0,2026-09-29 00:31:53.724781+00,2026-09-29 00:31:53.724781+00
10,16384,t,1361531627324811336,"MOVE ALL IN ""query-cursor_155""",0,0,0,0,0,0,1,34.422519,34.422519,34.422519,34.422519,0,0,0,0,0,0,0,0,0,0,0,0,0,0,0,0,0,0,0,0,0,0,0,0,0,0,0,0,0,0,0,2026-09-28 22:55:54.164651+00,2026-09-28 22:55:54.164651+00
10,16384,t,703446778456771995,"MOVE -1509 IN ""query-cursor_142""",0,0,0,0,0,0,1,0.067127,0.067127,0.067127,0.067127,0,0,0,0,0,0,0,0,0,0,0,0,0,0,0,0,0,0,0,0,0,0,0,0,0,0,0,0,0,0,0,2026-09-28 22:29:53.884666+00,2026-09-28 22:29:53.884666+00
16410,16412,t,-6129920994971838639,DELETE FROM RES_FEAT_EKEY WHERE ((RES_ENT_ID=$1 AND LIB_FEAT_ID=$2 AND UTYPE_CODE=$3)OR(RES_ENT_ID=$4 AND LIB_FEAT_ID=$5 AND UTYPE_CODE=$6)OR(RES_ENT_ID=$7 AND LIB_FEAT_ID=$8 AND UTYPE_CODE=$9)OR(RES_ENT_ID=$10 AND LIB_FEAT_ID=$11 AND UTYPE_CODE=$12)OR(RES_ENT_ID=$13 AND LIB_FEAT_ID=$14 AND UTYPE_CODE=$15)OR(RES_ENT_ID=$16 AND LIB_FEAT_ID=$17 AND UTYPE_CODE=$18)OR(RES_ENT_ID=$19 AND LIB_FEAT_ID=$20 AND UTYPE_CODE=$21)OR(RES_ENT_ID=$22 AND LIB_FEAT_ID=$23 AND UTYPE_CODE=$24)OR(RES_ENT_ID=$25 AND LIB_FEAT_ID=$26 AND UTYPE_CODE=$27)OR(RES_ENT_ID=$28 AND LIB_FEAT_ID=$29 AND UTYPE_CODE=$30)OR(RES_ENT_ID=$31 AND LIB_FEAT_ID=$32 AND UTYPE_CODE=$33)OR(RES_ENT_ID=$34 AND LIB_FEAT_ID=$35 AND UTYPE_CODE=$36)OR(RES_ENT_ID=$37 AND LIB_FEAT_ID=$38 AND UTYPE_CODE=$39)OR(RES_ENT_ID=$40 AND LIB_FEAT_ID=$41 AND UTYPE_CODE=$42)OR(RES_ENT_ID=$43 AND LIB_FEAT_ID=$44 AND UTYPE_CODE=$45)OR(RES_ENT_ID=$46 AND LIB_FEAT_ID=$47 AND UTYPE_CODE=$48)OR(RES_ENT_ID=$49 AND LIB_FEAT_ID=$50 AND UTYPE_CODE=$51)),0,0,0,0,0,0,25247,371755.9303989974,0.034135,617.870811,14.724756620548872,32.752145050490114,409520,2152617,4143,0,0,0,0,0,0,0,0,151139.46774199986,0,0,0,0,0,0,0,0,0,0,0,0,0,0,0,0,0,0,2026-09-28 20:45:24.152331+00,2026-09-28 20:45:24.152331+00
10,16384,t,388465306804962233,"FETCH 0 IN ""query-cursor_6""",0,0,0,0,0,0,1,0.003613,0.003613,0.003613,0.003613,0,0,0,0,0,0,0,0,0,0,0,0,0,0,0,0,0,0,0,0,0,0,0,0,0,0,0,0,0,0,0,2026-09-28 19:23:53.648289+00,2026-09-28 19:23:53.648289+00
10,16384,t,3837887548997836522,"FETCH 14 IN ""query-cursor_108""",0,0,0,0,0,0,1,0.007601,0.007601,0.007601,0.007601,0,14,0,0,0,0,0,0,0,0,0,0,0,0,0,0,0,0,0,0,0,0,0,0,0,0,0,0,0,0,0,2026-09-28 21:19:53.707515+00,2026-09-28 21:19:53.707515+00
10,16384,t,-7037142067864508538,"MOVE ALL IN ""query-cursor_162""",0,0,0,0,0,0,1,20.077041,20.077041,20.077041,20.077041,0,0,0,0,0,0,0,0,0,0,0,0,0,0,0,0,0,0,0,0,0,0,0,0,0,0,0,0,0,0,0,2026-09-28 23:11:53.935229+00,2026-09-28 23:11:53.935229+00
10,16384,t,-8388233685317398999,"DECLARE ""query-cursor_66"" SCROLL CURSOR FOR select queryid, left(query, $1), calls, (total_plan_time + total_exec_time) as total_time from aurora_stat_statements($2) order by calls desc limit $3 FOR READ ONLY",0,0,0,0,0,0,1,0.065798,0.065798,0.065798,0.065798,0,0,0,0,0,0,0,0,0,0,0,0,0,0,0,0,0,0,0,0,0,0,0,0,0,0,0,0,0,0,0,2026-09-28 20:23:53.652771+00,2026-09-28 20:23:53.652771+00
10,16384,t,-6348341991694067627,"DECLARE ""query-cursor_129"" SCROLL CURSOR FOR select queryid, left(query, $1), calls, (total_plan_time + total_exec_time) as total_time from aurora_stat_statements($2) order by calls desc limit $3 FOR READ ONLY",0,0,0,0,0,0,1,0.089719,0.089719,0.089719,0.089719,0,0,0,0,0,0,0,0,0,0,0,0,0,0,0,0,0,0,0,0,0,0,0,0,0,0,0,0,0,0,0,2026-09-28 22:01:53.785736+00,2026-09-28 22:01:53.785736+00
16410,16412,t,7446892054906605337,SELECT LOCK_DSRC_ACTION FROM OBS_ENT WHERE OBS_ENT_ID=$1,0,0,0,0,0,0,6134163,209328.57288799612,0.004013,240.72179,0.03412504246920014,0.45365035314853885,6134163,29982364,0,0,0,0,0,0,0,0,0,0,0,0,0,0,0,0,0,0,0,0,0,0,0,0,0,0,0,0,2026-09-28 20:44:58.444975+00,2026-09-28 20:44:58.444975+00
10,16384,t,8094151393508995223,"MOVE -190 IN ""query-cursor_11""",0,0,0,0,0,0,1,0.006567,0.006567,0.006567,0.006567,0,0,0,0,0,0,0,0,0,0,0,0,0,0,0,0,0,0,0,0,0,0,0,0,0,0,0,0,0,0,0,2026-09-28 19:28:53.649167+00,2026-09-28 19:28:53.649167+00
10,16384,t,-7084435702122960719,"FETCH 0 IN ""query-cursor_215""",0,0,0,0,0,0,1,0.006002,0.006002,0.006002,0.006002,0,0,0,0,0,0,0,0,0,0,0,0,0,0,0,0,0,0,0,0,0,0,0,0,0,0,0,0,0,0,0,2026-09-29 00:53:53.710403+00,2026-09-29 00:53:53.710403+00
10,16384,t,-3185161248351787730,"MOVE ALL IN ""query-cursor_95""",0,0,0,0,0,0,1,16.037929,16.037929,16.037929,16.037929,0,0,0,0,0,0,0,0,0,0,0,0,0,0,0,0,0,0,0,0,0,0,0,0,0,0,0,0,0,0,0,2026-09-28 20:53:53.719603+00,2026-09-28 20:53:53.719603+00
10,16384,t,-1865305802792693234,"SELECT name, setting FROM pg_settings WHERE name in ($1,$2,$3,$4,$5,$6,$7,$8,$9,$10,$11)",0,0,0,0,0,0,5,7.720020999999999,1.266735,1.871173,1.5440041999999998,0.21523648050774297,50,0,0,0,0,0,0,0,0,0,0,0,0,0,0,0,0,0,0,0,0,0,0,0,0,0,0,0,0,0,2026-09-28 19:17:05.63189+00,2026-09-28 19:17:05.63189+00
10,16384,t,6883116436323857700,"FETCH 33 IN ""query-cursor_146""",0,0,0,0,0,0,1,0.009881,0.009881,0.009881,0.009881,0,33,0,0,0,0,0,0,0,0,0,0,0,0,0,0,0,0,0,0,0,0,0,0,0,0,0,0,0,0,0,2026-09-28 22:37:53.79293+00,2026-09-28 22:37:53.79293+00
10,16384,t,-8475323806546790750,"select queryid, calls, (total_plan_time + total_exec_time) as total_time, rows, shared_blks_hit, shared_blks_dirtied, shared_blks_read, shared_blks_written, local_blks_hit, local_blks_dirtied, local_blks_read, local_blks_written, temp_blks_read, temp_blks_written, storage_blks_read, orcache_blks_hit, shared_blk_read_time as blk_read_time, shared_blk_write_time as blk_write_time, storage_blk_read_time, local_blk_read_time, orcache_blk_read_time, total_plan_time, total_exec_time from aurora_stat_statements($1) where queryid in ($2, $3, $4, $5, $6, $7, $8, $9, $10, $11, $12, $13, $14, $15, $16, $17, $18, $19, $20, $21, $22, $23, $24, $25, $26, $27, $28, $29, $30, $31, $32, $33, $34, $35, $36, $37, $38, $39, $40, $41, $42, $43, $44, $45, $46, $47, $48, $49, $50, $51, $52, $53, $54, $55, $56, $57, $58, $59, $60, $61, $62, $63, $64, $65, $66)",0,0,0,0,0,0,23,115.38127099999998,1.917688,43.818979,5.016576999999999,8.299512268562994,1518,0,0,0,0,0,0,0,0,0,0,0,0,0,0,0,0,0,0,0,0,0,0,0,0,0,0,0,0,0,2026-09-28 21:10:03.717928+00,2026-09-28 21:10:03.717928+00
10,16384,t,-5778099297048156385,"FETCH 0 IN ""query-cursor_98""",0,0,0,0,0,0,1,0.009953,0.009953,0.009953,0.009953,0,0,0,0,0,0,0,0,0,0,0,0,0,0,0,0,0,0,0,0,0,0,0,0,0,0,0,0,0,0,0,2026-09-28 20:59:53.710026+00,2026-09-28 20:59:53.710026+00
10,16384,t,-4417959869470855083,"DECLARE ""query-cursor_220"" SCROLL CURSOR FOR select queryid, left(query, $1), calls, (total_plan_time + total_exec_time) as total_time from aurora_stat_statements($2) order by calls desc limit $3 FOR READ ONLY",0,0,0,0,0,0,1,0.079519,0.079519,0.079519,0.079519,0,0,0,0,0,0,0,0,0,0,0,0,0,0,0,0,0,0,0,0,0,0,0,0,0,0,0,0,0,0,0,2026-09-29 01:03:53.666476+00,2026-09-29 01:03:53.666476+00
16410,16412,t,3180470852371155106,SELECT CACHE_SIZE FROM SYS_SEQUENCE WHERE SEQUENCE_NAME = $1,0,0,0,0,0,0,342,13.816455999999999,0.007415000000000001,0.13527999999999998,0.04039899415204678,0.02120641321870121,342,684,0,0,0,0,0,0,0,0,0,0,0,0,0,0,0,0,0,0,0,0,0,0,0,0,0,0,0,0,2026-09-28 20:44:52.343019+00,2026-09-28 20:44:52.343019+00
10,16384,t,2147709073968660679,"DECLARE ""query-cursor_193"" SCROLL CURSOR FOR select queryid, left(query, $1), calls, (total_plan_time + total_exec_time) as total_time from aurora_stat_statements($2) order by calls desc limit $3 FOR READ ONLY",0,0,0,0,0,0,1,0.054175,0.054175,0.054175,0.054175,0,0,0,0,0,0,0,0,0,0,0,0,0,0,0,0,0,0,0,0,0,0,0,0,0,0,0,0,0,0,0,2026-09-29 00:15:53.663226+00,2026-09-29 00:15:53.663226+00
10,16384,t,8822040433688618972,ALTER ROLE rdsadmin SET idle_session_timeout = $1,0,0,0,0,0,0,1,0.189994,0.189994,0.189994,0.189994,0,0,5,0,0,0,0,0,0,0,0,0,0,0,0,0,0,0,0,0,0,0,0,0,0,0,0,0,0,0,0,2026-09-28 19:20:19.009581+00,2026-09-28 19:20:19.009581+00
10,16384,t,-4414125535187951363,"MOVE -214 IN ""query-cursor_15""",0,0,0,0,0,0,1,0.007047,0.007047,0.007047,0.007047,0,0,0,0,0,0,0,0,0,0,0,0,0,0,0,0,0,0,0,0,0,0,0,0,0,0,0,0,0,0,0,2026-09-28 19:32:53.649586+00,2026-09-28 19:32:53.649586+00
16410,16412,t,2933749994313928233,"INSERT INTO RES_RELATE(RES_REL_ID,MIN_RES_ENT_ID,MAX_RES_ENT_ID,IS_DISCLOSED,IS_AMBIGUOUS,LAST_ERRULE_ID,MATCH_KEY,MATCH_KEY_DETAILS,MATCH_LEVELS) VALUES ($1,$2,$3,$4,$5,$6,$7,$8,$9),($10,$11,$12,$13,$14,$15,$16,$17,$18),($19,$20,$21,$22,$23,$24,$25,$26,$27),($28,$29,$30,$31,$32,$33,$34,$35,$36),($37,$38,$39,$40,$41,$42,$43,$44,$45),($46,$47,$48,$49,$50,$51,$52,$53,$54) ON CONFLICT DO NOTHING",0,0,0,0,0,0,74876,941251.525809003,0.077909,2072.742688,12.570804073521597,41.536440175470375,449256,3971470,23493,0,21470,0,0,0,0,0,0,424346.3004380007,1315.271300999999,0,0,0,0,0,0,0,0,0,0,0,0,0,0,0,0,0,2026-09-28 20:45:01.09976+00,2026-09-28 20:45:01.09976+00
16410,16412,t,3051355377504672174,"UPDATE RES_RELATE AS T SET IS_DISCLOSED=C.IS_DISCLOSED,IS_AMBIGUOUS=C.IS_AMBIGUOUS,LAST_ERRULE_ID=C.LAST_ERRULE_ID,MATCH_KEY=C.MATCH_KEY,MATCH_KEY_DETAILS=C.MATCH_KEY_DETAILS,MATCH_LEVELS=C.MATCH_LEVELS FROM (VALUES (CAST ($1 AS BIGINT),CAST ($2 AS BIGINT),CAST ($3 AS BIGINT),CAST ($4 AS BIGINT),$5,$6,$7),(CAST ($8 AS BIGINT),CAST ($9 AS BIGINT),CAST ($10 AS BIGINT),CAST ($11 AS BIGINT),$12,$13,$14),(CAST ($15 AS BIGINT),CAST ($16 AS BIGINT),CAST ($17 AS BIGINT),CAST ($18 AS BIGINT),$19,$20,$21),(CAST ($22 AS BIGINT),CAST ($23 AS BIGINT),CAST ($24 AS BIGINT),CAST ($25 AS BIGINT),$26,$27,$28),(CAST ($29 AS BIGINT),CAST ($30 AS BIGINT),CAST ($31 AS BIGINT),CAST ($32 AS BIGINT),$33,$34,$35),(CAST ($36 AS BIGINT),CAST ($37 AS BIGINT),CAST ($38 AS BIGINT),CAST ($39 AS BIGINT),$40,$41,$42),(CAST ($43 AS BIGINT),CAST ($44 AS BIGINT),CAST ($45 AS BIGINT),CAST ($46 AS BIGINT),$47,$48,$49),(CAST ($50 AS BIGINT),CAST ($51 AS BIGINT),CAST ($52 AS BIGINT),CAST ($53 AS BIGINT),$54,$55,$56),(CAST ($57 AS BIGINT),CAST ($58 AS BIGINT),CAST ($59 AS BIGINT),CAST ($60 AS BIGINT),$61,$62,$63),(CAST ($64 AS BIGINT),CAST ($65 AS BIGINT),CAST ($66 AS BIGINT),CAST ($67 AS BIGINT),$68,$69,$70),(CAST ($71 AS BIGINT),CAST ($72 AS BIGINT),CAST ($73 AS BIGINT),CAST ($74 AS BIGINT),$75,$76,$77),(CAST ($78 AS BIGINT),CAST ($79 AS BIGINT),CAST ($80 AS BIGINT),CAST ($81 AS BIGINT),$82,$83,$84)) AS C(RES_REL_ID,IS_DISCLOSED,IS_AMBIGUOUS,LAST_ERRULE_ID,MATCH_KEY,MATCH_KEY_DETAILS,MATCH_LEVELS) WHERE C.RES_REL_ID=T.RES_REL_ID",0,0,0,0,0,0,587,6032.696564000009,0.195766,275.139865,10.277166207836471,28.323178722114566,7044,69824,314,0,0,0,0,0,0,0,0,3049.490291999997,0,0,0,0,0,0,0,0,0,0,0,0,0,0,0,0,0,0,2026-09-28 21:23:39.44124+00,2026-09-28 21:23:39.44124+00
10,16384,t,4334442912772911530,"FETCH 50 IN ""query-cursor_14""",0,0,0,0,0,0,4,0.014388999999999999,0.002844,0.004785,0.0035972499999999998,0.0007199397110175269,200,0,0,0,0,0,0,0,0,0,0,0,0,0,0,0,0,0,0,0,0,0,0,0,0,0,0,0,0,0,2026-09-28 19:31:53.649539+00,2026-09-28 19:31:53.649539+00
10,16384,t,1348575984036013302,"MOVE ALL IN ""query-cursor_157""",0,0,0,0,0,0,1,7.625304,7.625304,7.625304,7.625304,0,0,0,0,0,0,0,0,0,0,0,0,0,0,0,0,0,0,0,0,0,0,0,0,0,0,0,0,0,0,0,2026-09-28 22:59:54.794674+00,2026-09-28 22:59:54.794674+00
16410,16412,t,-4713931820648670966,"SELECT RES_REL_ID,MIN_RES_ENT_ID,MAX_RES_ENT_ID,IS_DISCLOSED,IS_AMBIGUOUS,LAST_ERRULE_ID,MATCH_LEVELS,MATCH_KEY,MATCH_KEY_DETAILS FROM RES_RELATE WHERE RES_REL_ID IN ($1,$2,$3,$4,$5,$6,$7,$8)",0,0,0,0,0,0,2034579,8917369.6125271,0.010713,1133.516889,4.382906543578352,21.622715360155336,12079082,33108553,1151773,0,0,0,0,0,0,0,0,8122217.374014839,0,0,0,0,0,0,0,0,0,0,0,0,0,0,0,0,0,0,2026-09-28 20:44:58.565535+00,2026-09-28 20:44:58.565535+00
10,16384,t,-6630159136682931983,"DECLARE ""query-cursor_104"" SCROLL CURSOR FOR select queryid, left(query, $1), calls, (total_plan_time + total_exec_time) as total_time from aurora_stat_statements($2) order by calls desc limit $3 FOR READ ONLY",0,0,0,0,0,0,1,0.078922,0.078922,0.078922,0.078922,0,0,0,0,0,0,0,0,0,0,0,0,0,0,0,0,0,0,0,0,0,0,0,0,0,0,0,0,0,0,0,2026-09-28 21:11:53.702319+00,2026-09-28 21:11:53.702319+00
10,16384,t,309864359866213861,"DECLARE ""query-cursor_1"" SCROLL CURSOR FOR select queryid, left(query, $1), calls, (total_plan_time + total_exec_time) as total_time from aurora_stat_statements($2) order by calls desc limit $3 FOR READ ONLY",0,0,0,0,0,0,1,0.113561,0.113561,0.113561,0.113561,0,0,10,0,0,0,0,0,0,0,0,0,0,0,0,0,0,0,0,0,0,0,0,0,0,0,0,0,0,0,0,2026-09-28 19:18:53.645379+00,2026-09-28 19:18:53.645379+00
16410,16412,t,-5441831985320398934,"INSERT INTO RES_FEAT_STAT(LIB_FEAT_ID,FTYPE_ID,NUM_RES_ENT,NUM_RES_ENT_OOM) VALUES ($1,$2,$3,$4),($5,$6,$7,$8),($9,$10,$11,$12),($13,$14,$15,$16),($17,$18,$19,$20),($21,$22,$23,$24),($25,$26,$27,$28),($29,$30,$31,$32),($33,$34,$35,$36),($37,$38,$39,$40),($41,$42,$43,$44),($45,$46,$47,$48),($49,$50,$51,$52) ON CONFLICT DO NOTHING",0,0,0,0,0,0,1665027,26518489.493551575,0.126886,2557.792661,15.92676244502436,63.32504297639152,21645320,216162165,10268,0,236521,0,0,0,0,0,0,50438.34667300009,24775.09976099994,0,0,0,0,0,0,0,0,0,0,0,0,0,0,0,0,0,2026-09-28 20:44:52.524308+00,2026-09-28 20:44:52.524308+00
10,16384,t,5088639928044245851,"FETCH 50 IN ""query-cursor_101""",0,0,0,0,0,0,24,0.433022,0.01115,0.034514,0.018042583333333334,0.006025407627404879,1200,0,0,0,0,0,0,0,0,0,0,0,0,0,0,0,0,0,0,0,0,0,0,0,0,0,0,0,0,0,2026-09-28 21:05:54.17422+00,2026-09-28 21:05:54.17422+00
10,16384,t,-7806310873234138530,"FETCH 0 IN ""query-cursor_9""",0,0,0,0,0,0,1,0.003279,0.003279,0.003279,0.003279,0,0,0,0,0,0,0,0,0,0,0,0,0,0,0,0,0,0,0,0,0,0,0,0,0,0,0,0,0,0,0,2026-09-28 19:26:53.648492+00,2026-09-28 19:26:53.648492+00
16410,16412,t,4746330622832019151,"SELECT RES_ENT_ID,LIB_FEAT_ID,FTYPE_ID,UTYPE_CODE,SUPPRESSED,OBS_ENT_CNT FROM RES_FEAT_EKEY WHERE RES_ENT_ID IN ($1,$2,$3,$4,$5,$6,$7,$8,$9,$10,$11,$12,$13,$14,$15,$16,$17,$18,$19,$20,$21,$22,$23,$24,$25,$26,$27,$28,$29,$30,$31,$32,$33,$34,$35,$36,$37,$38,$39,$40,$41,$42,$43,$44,$45,$46,$47,$48,$49,$50,$51,$52,$53,$54,$55,$56,$57,$58,$59,$60,$61,$62,$63,$64) AND FTYPE_ID IN ($65,$66,$67,$68,$69,$70,$71,$72,$73,$74,$75,$76,$77,$78,$79,$80,$81)",0,0,0,0,0,0,17,574.623963,0.947209,106.25192999999999,33.801409588235295,39.41884966810344,15524,3359,30,0,0,0,0,0,0,0,0,469.616786,0,0,0,0,0,0,0,0,0,0,0,0,0,0,0,0,0,0,2026-09-28 22:04:24.648904+00,2026-09-28 22:04:24.648904+00
10,16412,t,2103733769408878190,SELECT $1,0,0,0,0,0,0,3,0.015659,0.0046240000000000005,0.005783,0.005219666666666667,0.0004737118205078787,3,0,0,0,0,0,0,0,0,0,0,0,0,0,0,0,0,0,0,0,0,0,0,0,0,0,0,0,0,0,2026-09-28 19:45:00.113814+00,2026-09-28 19:45:00.113814+00
10,16384,t,6415313514237097313,"DECLARE ""query-cursor_35"" SCROLL CURSOR FOR select queryid, left(query, $1), calls, (total_plan_time + total_exec_time) as total_time from aurora_stat_statements($2) order by calls desc limit $3 FOR READ ONLY",0,0,0,0,0,0,1,0.069912,0.069912,0.069912,0.069912,0,0,0,0,0,0,0,0,0,0,0,0,0,0,0,0,0,0,0,0,0,0,0,0,0,0,0,0,0,0,0,2026-09-28 19:52:53.650442+00,2026-09-28 19:52:53.650442+00
10,16384,t,8223645433314380225,"FETCH 10 IN ""query-cursor_121""",0,0,0,0,0,0,1,0.006516,0.006516,0.006516,0.006516,0,10,0,0,0,0,0,0,0,0,0,0,0,0,0,0,0,0,0,0,0,0,0,0,0,0,0,0,0,0,0,2026-09-28 21:45:53.763746+00,2026-09-28 21:45:53.763746+00
10,16384,t,6916714417867916333,"MOVE -608 IN ""query-cursor_76""",0,0,0,0,0,0,1,0.01515,0.01515,0.01515,0.01515,0,0,0,0,0,0,0,0,0,0,0,0,0,0,0,0,0,0,0,0,0,0,0,0,0,0,0,0,0,0,0,2026-09-28 20:33:53.655037+00,2026-09-28 20:33:53.655037+00
16410,16412,t,-2485685696967802874,"INSERT INTO LIB_FEAT(LIB_FEAT_ID,FTYPE_ID,FEAT_HASH,FEAT_DESC,FELEM_VALUES,ANONYMIZED,VERSION) VALUES ($1,$2,$3,$4,$5,$6,$7),($8,$9,$10,$11,$12,$13,$14),($15,$16,$17,$18,$19,$20,$21),($22,$23,$24,$25,$26,$27,$28),($29,$30,$31,$32,$33,$34,$35),($36,$37,$38,$39,$40,$41,$42),($43,$44,$45,$46,$47,$48,$49) ON CONFLICT(FTYPE_ID,FEAT_HASH,ANONYMIZED) DO UPDATE SET FTYPE_ID=LIB_FEAT.FTYPE_ID,FEAT_HASH=LIB_FEAT.FEAT_HASH,ANONYMIZED=LIB_FEAT.ANONYMIZED RETURNING LIB_FEAT_ID,FTYPE_ID,FEAT_HASH,ANONYMIZED,FEAT_DESC",0,0,0,0,0,0,1482628,18627671.184739996,0.112458,2938.9731079999997,12.563954805075848,35.08872749415638,10378396,160559750,1073,0,327971,0,0,0,0,0,0,29573.50475099997,40945.463931000246,0,0,0,0,0,0,0,0,0,0,0,0,0,0,0,0,0,2026-09-28 20:44:52.3684+00,2026-09-28 20:44:52.3684+00
10,16384,t,5374468182827627927,"MOVE -1584 IN ""query-cursor_154""",0,0,0,0,0,0,1,0.112867,0.112867,0.112867,0.112867,0,0,0,0,0,0,0,0,0,0,0,0,0,0,0,0,0,0,0,0,0,0,0,0,0,0,0,0,0,0,0,2026-09-28 22:53:53.762839+00,2026-09-28 22:53:53.762839+00
16410,16412,t,1861183197692218261,"CREATE TABLE SYS_SEQUENCE (SEQUENCE_NAME VARCHAR(50) NOT NULL, NEXT_SEQUENCE BIGINT NOT NULL, CACHE_SIZE BIGINT NOT NULL, PRIMARY KEY(SEQUENCE_NAME))",0,0,0,0,0,0,1,2.96242,2.96242,2.96242,2.96242,0,0,192,0,0,0,0,0,0,0,0,0,0,0,0,0,0,0,0,0,0,0,0,0,0,0,0,0,0,0,0,2026-09-28 19:20:35.910236+00,2026-09-28 19:20:35.910236+00
10,16384,t,-5896772600687295397,"FETCH 0 IN ""query-cursor_104""",0,0,0,0,0,0,1,0.00538,0.00538,0.00538,0.00538,0,0,0,0,0,0,0,0,0,0,0,0,0,0,0,0,0,0,0,0,0,0,0,0,0,0,0,0,0,0,0,2026-09-28 21:11:53.7024+00,2026-09-28 21:11:53.7024+00
10,16384,t,-8568540082221229557,"FETCH 0 IN ""query-cursor_87""",0,0,0,0,0,0,1,0.003576,0.003576,0.003576,0.003576,0,0,0,0,0,0,0,0,0,0,0,0,0,0,0,0,0,0,0,0,0,0,0,0,0,0,0,0,0,0,0,2026-09-28 20:44:53.654494+00,2026-09-28 20:44:53.654494+00
10,16384,t,-4349732718416800468,"FETCH 0 IN ""query-cursor_194""",0,0,0,0,0,0,1,0.003245,0.003245,0.003245,0.003245,0,0,0,0,0,0,0,0,0,0,0,0,0,0,0,0,0,0,0,0,0,0,0,0,0,0,0,0,0,0,0,2026-09-29 00:17:53.66343+00,2026-09-29 00:17:53.66343+00
10,16384,t,1825411846406925947,"MOVE -1316 IN ""query-cursor_115""",0,0,0,0,0,0,1,0.1301,0.1301,0.1301,0.1301,0,0,0,0,0,0,0,0,0,0,0,0,0,0,0,0,0,0,0,0,0,0,0,0,0,0,0,0,0,0,0,2026-09-28 21:33:54.140111+00,2026-09-28 21:33:54.140111+00
16410,16412,t,4735422481682552379,"SELECT RES_ENT_ID,LIB_FEAT_ID,FTYPE_ID,UTYPE_CODE,SUPPRESSED,OBS_ENT_CNT FROM RES_FEAT_EKEY WHERE RES_ENT_ID IN ($1,$2) AND FTYPE_ID IN ($3,$4,$5,$6,$7)",0,0,0,0,0,0,15,30.452497000000005,0.049452,29.381008,2.030166466666667,7.309837978158083,161,164,1,0,0,0,0,0,0,0,0,29.184256,0,0,0,0,0,0,0,0,0,0,0,0,0,0,0,0,0,0,2026-09-28 20:59:36.432607+00,2026-09-28 20:59:36.432607+00
16410,16412,t,2890860877214309442,"SELECT RES_REL_ID,MIN_RES_ENT_ID,MAX_RES_ENT_ID,IS_DISCLOSED,IS_AMBIGUOUS,LAST_ERRULE_ID,MATCH_LEVELS FROM RES_RELATE WHERE RES_REL_ID IN ($1)",0,0,0,0,0,0,2,0.045547,0.021917,0.023629999999999998,0.0227735,0.0008564999999999996,2,8,0,0,0,0,0,0,0,0,0,0,0,0,0,0,0,0,0,0,0,0,0,0,0,0,0,0,0,0,2026-09-28 22:00:08.821412+00,2026-09-28 22:00:08.821412+00
10,16384,t,-5475039191066440238,"FETCH 46 IN ""query-cursor_187""",0,0,0,0,0,0,1,0.008579,0.008579,0.008579,0.008579,0,46,0,0,0,0,0,0,0,0,0,0,0,0,0,0,0,0,0,0,0,0,0,0,0,0,0,0,0,0,0,2026-09-29 00:03:53.867732+00,2026-09-29 00:03:53.867732+00
10,16384,t,-706723120449088892,"MOVE ALL IN ""query-cursor_228""",0,0,0,0,0,0,1,5.112489,5.112489,5.112489,5.112489,0,0,0,0,0,0,0,0,0,0,0,0,0,0,0,0,0,0,0,0,0,0,0,0,0,0,0,0,0,0,0,2026-09-29 01:17:53.671505+00,2026-09-29 01:17:53.671505+00
10,16384,t,1329412739268078592,"DECLARE ""query-cursor_111"" SCROLL CURSOR FOR select queryid, left(query, $1), calls, (total_plan_time + total_exec_time) as total_time from aurora_stat_statements($2) order by calls desc limit $3 FOR READ ONLY",0,0,0,0,0,0,1,0.089762,0.089762,0.089762,0.089762,0,0,0,0,0,0,0,0,0,0,0,0,0,0,0,0,0,0,0,0,0,0,0,0,0,0,0,0,0,0,0,2026-09-28 21:25:53.690953+00,2026-09-28 21:25:53.690953+00
10,16384,t,2060520953131032942,"DECLARE ""query-cursor_13"" SCROLL CURSOR FOR select queryid, left(query, $1), calls, (total_plan_time + total_exec_time) as total_time from aurora_stat_statements($2) order by calls desc limit $3 FOR READ ONLY",0,0,0,0,0,0,1,0.063125,0.063125,0.063125,0.063125,0,0,0,0,0,0,0,0,0,0,0,0,0,0,0,0,0,0,0,0,0,0,0,0,0,0,0,0,0,0,0,2026-09-28 19:30:53.648769+00,2026-09-28 19:30:53.648769+00
16410,16412,t,7755207888322899810,"SELECT RES_REL_ID,MIN_RES_ENT_ID,MAX_RES_ENT_ID,IS_DISCLOSED,IS_AMBIGUOUS,LAST_ERRULE_ID,MATCH_LEVELS,MATCH_KEY,MATCH_KEY_DETAILS FROM RES_RELATE WHERE RES_REL_ID IN ($1)",0,0,0,0,0,0,5848299,6688181.302629729,0.005268,963.477797,1.1436113821522684,9.576163017165715,5848219,22902001,533047,0,0,0,0,0,0,0,0,5894924.698697081,0,0,0,0,0,0,0,0,0,0,0,0,0,0,0,0,0,0,2026-09-28 20:44:58.567241+00,2026-09-28 20:44:58.567241+00
10,16384,t,6080353409884060764,"FETCH 50 IN ""query-cursor_196""",0,0,0,0,0,0,37,0.3340509999999999,0.005015,0.021693,0.009028405405405402,0.0028010004434657104,1850,0,0,0,0,0,0,0,0,0,0,0,0,0,0,0,0,0,0,0,0,0,0,0,0,0,0,0,0,0,2026-09-29 00:21:53.669392+00,2026-09-29 00:21:53.669392+00
10,16384,t,-5902831194255529836,"MOVE -1168 IN ""query-cursor_96""",0,0,0,0,0,0,1,0.081189,0.081189,0.081189,0.081189,0,0,0,0,0,0,0,0,0,0,0,0,0,0,0,0,0,0,0,0,0,0,0,0,0,0,0,0,0,0,0,2026-09-28 20:55:53.668785+00,2026-09-28 20:55:53.668785+00
16410,16412,t,-4528710716289262862,SELECT perf.snapshot($1),0,0,0,0,0,0,2,75.116847,36.125188,38.991659,37.5584235,1.4332355000000003,2,3220,43,0,27,0,0,0,0,0,0,50.817239,0.07802700000000001,0,0,0,0,0,0,0,0,0,0,0,0,0,0,0,0,0,2026-09-28 20:43:41.995891+00,2026-09-28 20:43:41.995891+00
10,16384,t,-5116239991554701042,"FETCH 50 IN ""query-cursor_217""",0,0,0,0,0,0,39,0.6075560000000001,0.008753,0.027285,0.015578358974358978,0.005325078636651486,1950,0,0,0,0,0,0,0,0,0,0,0,0,0,0,0,0,0,0,0,0,0,0,0,0,0,0,0,0,0,2026-09-29 00:57:53.69408+00,2026-09-29 00:57:53.69408+00
16410,16412,t,4133089191529234506,"DELETE FROM RES_RELATE WHERE RES_REL_ID IN ($1,$2,$3,$4,$5,$6,$7,$8,$9,$10,$11,$12,$13,$14,$15,$16)",0,0,0,0,0,0,13535,27184.267555999875,0.034481,96.261317,2.008442375766522,7.107132170586793,137228,522412,0,0,0,0,0,0,0,0,0,0,0,0,0,0,0,0,0,0,0,0,0,0,0,0,0,0,0,0,2026-09-28 20:45:26.29368+00,2026-09-28 20:45:26.29368+00
10,16384,t,6179683617003889656,"FETCH 0 IN ""query-cursor_167""",0,0,0,0,0,0,1,0.005149,0.005149,0.005149,0.005149,0,0,0,0,0,0,0,0,0,0,0,0,0,0,0,0,0,0,0,0,0,0,0,0,0,0,0,0,0,0,0,2026-09-28 23:21:53.662876+00,2026-09-28 23:21:53.662876+00
10,16384,t,2542006324122610119,"FETCH 0 IN ""query-cursor_103""",0,0,0,0,0,0,1,0.004918,0.004918,0.004918,0.004918,0,0,0,0,0,0,0,0,0,0,0,0,0,0,0,0,0,0,0,0,0,0,0,0,0,0,0,0,0,0,0,2026-09-28 21:09:53.945529+00,2026-09-28 21:09:53.945529+00
10,16384,t,6509887761987600477,"MOVE -1251 IN ""query-cursor_106""",0,0,0,0,0,0,1,0.190179,0.190179,0.190179,0.190179,0,0,0,0,0,0,0,0,0,0,0,0,0,0,0,0,0,0,0,0,0,0,0,0,0,0,0,0,0,0,0,2026-09-28 21:15:54.169929+00,2026-09-28 21:15:54.169929+00
16410,16412,t,-8213623825313782722,DELETE FROM RES_FEAT_EKEY WHERE ((RES_ENT_ID=$1 AND LIB_FEAT_ID=$2 AND UTYPE_CODE=$3)OR(RES_ENT_ID=$4 AND LIB_FEAT_ID=$5 AND UTYPE_CODE=$6)OR(RES_ENT_ID=$7 AND LIB_FEAT_ID=$8 AND UTYPE_CODE=$9)OR(RES_ENT_ID=$10 AND LIB_FEAT_ID=$11 AND UTYPE_CODE=$12)OR(RES_ENT_ID=$13 AND LIB_FEAT_ID=$14 AND UTYPE_CODE=$15)OR(RES_ENT_ID=$16 AND LIB_FEAT_ID=$17 AND UTYPE_CODE=$18)OR(RES_ENT_ID=$19 AND LIB_FEAT_ID=$20 AND UTYPE_CODE=$21)OR(RES_ENT_ID=$22 AND LIB_FEAT_ID=$23 AND UTYPE_CODE=$24)OR(RES_ENT_ID=$25 AND LIB_FEAT_ID=$26 AND UTYPE_CODE=$27)OR(RES_ENT_ID=$28 AND LIB_FEAT_ID=$29 AND UTYPE_CODE=$30)OR(RES_ENT_ID=$31 AND LIB_FEAT_ID=$32 AND UTYPE_CODE=$33)OR(RES_ENT_ID=$34 AND LIB_FEAT_ID=$35 AND UTYPE_CODE=$36)OR(RES_ENT_ID=$37 AND LIB_FEAT_ID=$38 AND UTYPE_CODE=$39)OR(RES_ENT_ID=$40 AND LIB_FEAT_ID=$41 AND UTYPE_CODE=$42)OR(RES_ENT_ID=$43 AND LIB_FEAT_ID=$44 AND UTYPE_CODE=$45)OR(RES_ENT_ID=$46 AND LIB_FEAT_ID=$47 AND UTYPE_CODE=$48)OR(RES_ENT_ID=$49 AND LIB_FEAT_ID=$50 AND UTYPE_CODE=$51)OR(RES_ENT_ID=$52 AND LIB_FEAT_ID=$53 AND UTYPE_CODE=$54)OR(RES_ENT_ID=$55 AND LIB_FEAT_ID=$56 AND UTYPE_CODE=$57)),0,0,0,0,0,0,28388,461428.78631900006,0.039184000000000004,479.03740500000004,16.25436051567564,34.83706216637706,519609,2707141,4614,0,0,0,0,0,0,0,0,182766.08046099954,0,0,0,0,0,0,0,0,0,0,0,0,0,0,0,0,0,0,2026-09-28 20:45:03.362315+00,2026-09-28 20:45:03.362315+00
16410,16412,t,1956934422706040466,"INSERT INTO RES_REL_EKEY(RES_REL_ID,RES_ENT_ID,REL_ENT_ID) VALUES ($1,$2,$3),($4,$5,$6),($7,$8,$9),($10,$11,$12),($13,$14,$15),($16,$17,$18),($19,$20,$21),($22,$23,$24),($25,$26,$27),($28,$29,$30),($31,$32,$33),($34,$35,$36),($37,$38,$39),($40,$41,$42),($43,$44,$45),($46,$47,$48),($49,$50,$51),($52,$53,$54),($55,$56,$57),($58,$59,$60),($61,$62,$63),($64,$65,$66) ON CONFLICT DO NOTHING",0,0,0,0,0,0,2722,35041.044276999935,0.32297,361.312925,12.873271225936788,30.68296449867854,59884,551699,97,0,393,0,0,0,0,0,0,2978.695296999999,184.48206799999974,0,0,0,0,0,0,0,0,0,0,0,0,0,0,0,0,0,2026-09-28 20:50:03.71032+00,2026-09-28 20:50:03.71032+00
10,16384,t,-3518445603844314726,"FETCH 0 IN ""query-cursor_233""",0,0,0,0,0,0,1,0.003452,0.003452,0.003452,0.003452,0,0,0,0,0,0,0,0,0,0,0,0,0,0,0,0,0,0,0,0,0,0,0,0,0,0,0,0,0,0,0,2026-09-29 01:23:53.666777+00,2026-09-29 01:23:53.666777+00
10,16384,t,5876516787305269511,"DECLARE ""query-cursor_31"" SCROLL CURSOR FOR select queryid, left(query, $1), calls, (total_plan_time + total_exec_time) as total_time from aurora_stat_statements($2) order by calls desc limit $3 FOR READ ONLY",0,0,0,0,0,0,1,0.068957,0.068957,0.068957,0.068957,0,0,0,0,0,0,0,0,0,0,0,0,0,0,0,0,0,0,0,0,0,0,0,0,0,0,0,0,0,0,0,2026-09-28 19:48:53.650114+00,2026-09-28 19:48:53.650114+00
10,16384,t,-3751910791636930081,"MOVE ALL IN ""query-cursor_145""",0,0,0,0,0,0,1,166.721336,166.721336,166.721336,166.721336,0,0,0,0,0,0,0,0,0,0,0,0,0,0,0,0,0,0,0,0,0,0,0,0,0,0,0,0,0,0,0,2026-09-28 22:35:54.135972+00,2026-09-28 22:35:54.135972+00
10,16384,t,-6815021267128393927,"MOVE -1331 IN ""query-cursor_117""",0,0,0,0,0,0,1,0.195734,0.195734,0.195734,0.195734,0,0,0,0,0,0,0,0,0,0,0,0,0,0,0,0,0,0,0,0,0,0,0,0,0,0,0,0,0,0,0,2026-09-28 21:37:54.023729+00,2026-09-28 21:37:54.023729+00
10,16384,t,1072856771855177721,"MOVE ALL IN ""query-cursor_130""",0,0,0,0,0,0,1,22.35501,22.35501,22.35501,22.35501,0,0,0,0,0,0,0,0,0,0,0,0,0,0,0,0,0,0,0,0,0,0,0,0,0,0,0,0,0,0,0,2026-09-28 22:03:53.685839+00,2026-09-28 22:03:53.685839+00
10,16384,t,-6270298760223445647,"FETCH 50 IN ""query-cursor_219""",0,0,0,0,0,0,39,0.549086,0.00773,0.023064,0.014079128205128204,0.003952262949179985,1950,0,0,0,0,0,0,0,0,0,0,0,0,0,0,0,0,0,0,0,0,0,0,0,0,0,0,0,0,0,2026-09-29 01:01:53.92405+00,2026-09-29 01:01:53.92405+00
10,16384,t,4915807312718000431,"FETCH 0 IN ""query-cursor_212""",0,0,0,0,0,0,1,0.008904,0.008904,0.008904,0.008904,0,0,0,0,0,0,0,0,0,0,0,0,0,0,0,0,0,0,0,0,0,0,0,0,0,0,0,0,0,0,0,2026-09-29 00:47:53.684315+00,2026-09-29 00:47:53.684315+00
10,16384,t,-3477460375337538439,"FETCH 0 IN ""query-cursor_7""",0,0,0,0,0,0,1,0.003303,0.003303,0.003303,0.003303,0,0,0,0,0,0,0,0,0,0,0,0,0,0,0,0,0,0,0,0,0,0,0,0,0,0,0,0,0,0,0,2026-09-28 19:24:53.648318+00,2026-09-28 19:24:53.648318+00
10,16384,t,7267768628330940171,"FETCH 11 IN ""query-cursor_23""",0,0,0,0,0,0,1,0.00175,0.00175,0.00175,0.00175,0,11,0,0,0,0,0,0,0,0,0,0,0,0,0,0,0,0,0,0,0,0,0,0,0,0,0,0,0,0,0,2026-09-28 19:40:53.651225+00,2026-09-28 19:40:53.651225+00
10,16384,t,8161599021578207176,"FETCH 0 IN ""query-cursor_146""",0,0,0,0,0,0,1,0.007624,0.007624,0.007624,0.007624,0,0,0,0,0,0,0,0,0,0,0,0,0,0,0,0,0,0,0,0,0,0,0,0,0,0,0,0,0,0,0,2026-09-28 22:37:53.699053+00,2026-09-28 22:37:53.699053+00
10,16384,t,-2526432112496180115,"FETCH 23 IN ""query-cursor_54""",0,0,0,0,0,0,1,0.002401,0.002401,0.002401,0.002401,0,23,0,0,0,0,0,0,0,0,0,0,0,0,0,0,0,0,0,0,0,0,0,0,0,0,0,0,0,0,0,2026-09-28 20:11:53.65493+00,2026-09-28 20:11:53.65493+00
16410,16412,t,-8328794838425392660,"SELECT RES_ENT_ID,LIB_FEAT_ID,FTYPE_ID,UTYPE_CODE,SUPPRESSED,OBS_ENT_CNT FROM RES_FEAT_EKEY WHERE RES_ENT_ID IN ($1,$2,$3,$4) AND FTYPE_ID IN ($5,$6,$7,$8,$9)",0,0,0,0,0,0,21,30.072298000000004,0.045831000000000004,19.803327,1.4320141904761907,4.468918850480864,349,381,2,0,0,0,0,0,0,0,0,27.832444,0,0,0,0,0,0,0,0,0,0,0,0,0,0,0,0,0,0,2026-09-28 20:50:17.066279+00,2026-09-28 20:50:17.066279+00
16410,16412,t,-1160734075211199696,"INSERT INTO RES_ENT_OKEY(OBS_ENT_ID,RES_ENT_ID,ERRULE_ID,MATCH_KEY) VALUES ($1,$2,$3,$4) ON CONFLICT DO NOTHING",0,0,0,0,0,0,25000205,32370539.42711483,0.011899999999999999,1391.444172,1.2948109596347241,7.339993873321296,24999937,295395052,26650,0,442012,0,0,0,0,0,0,944465.634220001,84569.30026199919,0,0,0,0,0,0,0,0,0,0,0,0,0,0,0,0,0,2026-09-28 20:44:52.395704+00,2026-09-28 20:44:52.395704+00
10,16384,t,-6392754783606239403,"FETCH 21 IN ""query-cursor_37""",0,0,0,0,0,0,1,0.002251,0.002251,0.002251,0.002251,0,21,0,0,0,0,0,0,0,0,0,0,0,0,0,0,0,0,0,0,0,0,0,0,0,0,0,0,0,0,0,2026-09-28 19:54:53.653029+00,2026-09-28 19:54:53.653029+00
10,16384,t,-5682396087230510074,"MOVE -1914 IN ""query-cursor_206""",0,0,0,0,0,0,1,0.177493,0.177493,0.177493,0.177493,0,0,0,0,0,0,0,0,0,0,0,0,0,0,0,0,0,0,0,0,0,0,0,0,0,0,0,0,0,0,0,2026-09-29 00:35:53.687229+00,2026-09-29 00:35:53.687229+00
10,16384,t,-3411487724164221837,"FETCH 0 IN ""query-cursor_101""",0,0,0,0,0,0,1,0.009507,0.009507,0.009507,0.009507,0,0,0,0,0,0,0,0,0,0,0,0,0,0,0,0,0,0,0,0,0,0,0,0,0,0,0,0,0,0,0,2026-09-28 21:05:54.136465+00,2026-09-28 21:05:54.136465+00
10,16384,t,-2060377451644550000,"DECLARE ""query-cursor_131"" SCROLL CURSOR FOR select queryid, left(query, $1), calls, (total_plan_time + total_exec_time) as total_time from aurora_stat_statements($2) order by calls desc limit $3 FOR READ ONLY",0,0,0,0,0,0,1,0.078702,0.078702,0.078702,0.078702,0,0,0,0,0,0,0,0,0,0,0,0,0,0,0,0,0,0,0,0,0,0,0,0,0,0,0,0,0,0,0,2026-09-28 22:05:53.999614+00,2026-09-28 22:05:53.999614+00
10,16384,t,-7614622911250211377,"MOVE ALL IN ""query-cursor_29""",0,0,0,0,0,0,1,0.707462,0.707462,0.707462,0.707462,0,0,0,0,0,0,0,0,0,0,0,0,0,0,0,0,0,0,0,0,0,0,0,0,0,0,0,0,0,0,0,2026-09-28 19:46:53.650783+00,2026-09-28 19:46:53.650783+00
16410,16412,t,-8651287884645813447,"CREATE INDEX DSRC_RECORD_SK ON DSRC_RECORD(ENT_SRC_KEY, DSRC_ID)",0,0,0,0,0,0,1,2.363355,2.363355,2.363355,2.363355,0,0,117,0,0,0,0,0,0,0,0,0,0,0,0,0,0,0,0,0,0,0,0,0,0,0,0,0,0,0,0,2026-09-28 19:20:35.844133+00,2026-09-28 19:20:35.844133+00
10,16384,t,-4814713548427606947,"FETCH 21 IN ""query-cursor_152""",0,0,0,0,0,0,1,0.010637,0.010637,0.010637,0.010637,0,21,0,0,0,0,0,0,0,0,0,0,0,0,0,0,0,0,0,0,0,0,0,0,0,0,0,0,0,0,0,2026-09-28 22:49:53.943647+00,2026-09-28 22:49:53.943647+00
10,16384,t,3623028413928263540,"MOVE ALL IN ""query-cursor_161""",0,0,0,0,0,0,1,8.012513,8.012513,8.012513,8.012513,0,0,0,0,0,0,0,0,0,0,0,0,0,0,0,0,0,0,0,0,0,0,0,0,0,0,0,0,0,0,0,2026-09-28 23:09:53.671395+00,2026-09-28 23:09:53.671395+00
16410,16412,t,5120524588221360650,"SELECT LIB_FEAT_ID,NUM_RES_ENT,NUM_RES_ENT_OOM,CANDIDATE_CAP_REACHED,SCORING_CAP_REACHED FROM RES_FEAT_STAT WHERE LIB_FEAT_ID IN ($1,$2,$3,$4,$5,$6,$7,$8,$9,$10,$11,$12,$13,$14,$15,$16,$17,$18,$19,$20,$21,$22,$23,$24,$25,$26,$27,$28,$29,$30,$31,$32)",0,0,0,0,0,0,12972568,33318580.725227322,0.016454,1083.314296,2.568387440730881,11.080714834822158,298527211,396798100,3880378,0,0,0,0,0,0,0,0,23391501.725406677,0,0,0,0,0,0,0,0,0,0,0,0,0,0,0,0,0,0,2026-09-28 20:44:53.042947+00,2026-09-28 20:44:53.042947+00
10,16384,t,5572223966095120996,"MOVE ALL IN ""query-cursor_114""",0,0,0,0,0,0,1,36.968834,36.968834,36.968834,36.968834,0,0,0,0,0,0,0,0,0,0,0,0,0,0,0,0,0,0,0,0,0,0,0,0,0,0,0,0,0,0,0,2026-09-28 21:31:54.201486+00,2026-09-28 21:31:54.201486+00
10,16384,t,-6303832251926089196,"MOVE -1752 IN ""query-cursor_180""",0,0,0,0,0,0,1,0.145004,0.145004,0.145004,0.145004,0,0,0,0,0,0,0,0,0,0,0,0,0,0,0,0,0,0,0,0,0,0,0,0,0,0,0,0,0,0,0,2026-09-28 23:49:53.729356+00,2026-09-28 23:49:53.729356+00
10,16384,t,2750662971185172076,"FETCH 43 IN ""query-cursor_82""",0,0,0,0,0,0,1,0.00311,0.00311,0.00311,0.00311,0,43,0,0,0,0,0,0,0,0,0,0,0,0,0,0,0,0,0,0,0,0,0,0,0,0,0,0,0,0,0,2026-09-28 20:39:53.657747+00,2026-09-28 20:39:53.657747+00
16410,16412,t,5946835580086699895,DELETE FROM RES_FEAT_EKEY WHERE ((RES_ENT_ID=$1 AND LIB_FEAT_ID=$2 AND UTYPE_CODE=$3)OR(RES_ENT_ID=$4 AND LIB_FEAT_ID=$5 AND UTYPE_CODE=$6)OR(RES_ENT_ID=$7 AND LIB_FEAT_ID=$8 AND UTYPE_CODE=$9)OR(RES_ENT_ID=$10 AND LIB_FEAT_ID=$11 AND UTYPE_CODE=$12)OR(RES_ENT_ID=$13 AND LIB_FEAT_ID=$14 AND UTYPE_CODE=$15)OR(RES_ENT_ID=$16 AND LIB_FEAT_ID=$17 AND UTYPE_CODE=$18)OR(RES_ENT_ID=$19 AND LIB_FEAT_ID=$20 AND UTYPE_CODE=$21)OR(RES_ENT_ID=$22 AND LIB_FEAT_ID=$23 AND UTYPE_CODE=$24)OR(RES_ENT_ID=$25 AND LIB_FEAT_ID=$26 AND UTYPE_CODE=$27)),0,0,0,0,0,0,4546,17415.703164999948,0.018638000000000002,330.996999,3.83099497690276,15.983045241576288,17869,183875,275,0,0,0,0,0,0,0,0,7206.289862000001,0,0,0,0,0,0,0,0,0,0,0,0,0,0,0,0,0,0,2026-09-28 20:49:42.529602+00,2026-09-28 20:49:42.529602+00
10,16384,t,8030693797913599218,"MOVE ALL IN ""query-cursor_223""",0,0,0,0,0,0,1,5.050994,5.050994,5.050994,5.050994,0,0,0,0,0,0,0,0,0,0,0,0,0,0,0,0,0,0,0,0,0,0,0,0,0,0,0,0,0,0,0,2026-09-29 01:09:53.670927+00,2026-09-29 01:09:53.670927+00
10,16384,t,-7238479943845949426,"MOVE ALL IN ""query-cursor_138""",0,0,0,0,0,0,1,6.476582,6.476582,6.476582,6.476582,0,0,0,0,0,0,0,0,0,0,0,0,0,0,0,0,0,0,0,0,0,0,0,0,0,0,0,0,0,0,0,2026-09-28 22:21:54.011032+00,2026-09-28 22:21:54.011032+00
16410,16412,t,8740354119876614804,"DELETE FROM RES_RELATE WHERE RES_REL_ID IN ($1,$2,$3,$4,$5,$6,$7,$8)",0,0,0,0,0,0,129319,163089.04491400046,0.018684,292.50462500000003,1.2611375351959144,5.100104005548548,749428,2997688,0,0,0,0,0,0,0,0,0,0,0,0,0,0,0,0,0,0,0,0,0,0,0,0,0,0,0,0,2026-09-28 20:44:58.587052+00,2026-09-28 20:44:58.587052+00
16410,16412,t,-3322058918894707092,"SELECT LIB_FEAT_ID,UTYPE_CODE,RES_ENT_ID,OBS_ENT_CNT FROM RES_FEAT_EKEY WHERE LIB_FEAT_ID IN ($1) AND RES_ENT_ID!=$2",0,0,0,0,0,0,1060050,8744089.106866779,0.006875,911.937175,8.248751574800037,31.598076842922417,7565923,11135943,684468,0,0,0,0,0,0,0,0,8101634.271732894,0,0,0,0,0,0,0,0,0,0,0,0,0,0,0,0,0,0,2026-09-28 20:44:55.087392+00,2026-09-28 20:44:55.087392+00
16410,16412,t,5824905141627676764,"UPDATE RES_FEAT_EKEY AS T SET SUPPRESSED = C.SUPPRESSED FROM (VALUES (CAST ($1 AS BIGINT),CAST ($2 AS BIGINT),$3,$4),(CAST ($5 AS BIGINT),CAST ($6 AS BIGINT),$7,$8),(CAST ($9 AS BIGINT),CAST ($10 AS BIGINT),$11,$12),(CAST ($13 AS BIGINT),CAST ($14 AS BIGINT),$15,$16),(CAST ($17 AS BIGINT),CAST ($18 AS BIGINT),$19,$20)) AS C(RES_ENT_ID,LIB_FEAT_ID,UTYPE_CODE,SUPPRESSED) WHERE C.RES_ENT_ID=T.RES_ENT_ID AND C.LIB_FEAT_ID=T.LIB_FEAT_ID AND C.UTYPE_CODE=T.UTYPE_CODE",0,0,0,0,0,0,75053,348903.2023440007,0.052663,1170.021049,4.648757575899706,16.854582188777183,375265,3297246,785,0,1368,0,0,0,0,0,0,19986.06418900002,16.23322800000001,0,0,0,0,0,0,0,0,0,0,0,0,0,0,0,0,0,2026-09-28 20:45:10.90957+00,2026-09-28 20:45:10.90957+00
10,16384,t,9094329838787573914,"FETCH 0 IN ""query-cursor_163""",0,0,0,0,0,0,1,0.028546,0.028546,0.028546,0.028546,0,0,0,0,0,0,0,0,0,0,0,0,0,0,0,0,0,0,0,0,0,0,0,0,0,0,0,0,0,0,0,2026-09-28 23:13:53.923352+00,2026-09-28 23:13:53.923352+00
10,16384,t,2769382237442210228,"MOVE -1902 IN ""query-cursor_204""",0,0,0,0,0,0,1,0.142168,0.142168,0.142168,0.142168,0,0,0,0,0,0,0,0,0,0,0,0,0,0,0,0,0,0,0,0,0,0,0,0,0,0,0,0,0,0,0,2026-09-29 00:31:53.726862+00,2026-09-29 00:31:53.726862+00
10,16384,t,4257824096589019538,"MOVE -1998 IN ""query-cursor_220""",0,0,0,0,0,0,1,0.101657,0.101657,0.101657,0.101657,0,0,0,0,0,0,0,0,0,0,0,0,0,0,0,0,0,0,0,0,0,0,0,0,0,0,0,0,0,0,0,2026-09-29 01:03:53.674652+00,2026-09-29 01:03:53.674652+00
10,16384,t,-7461407625013167326,"MOVE -462 IN ""query-cursor_52""",0,0,0,0,0,0,1,0.01175,0.01175,0.01175,0.01175,0,0,0,0,0,0,0,0,0,0,0,0,0,0,0,0,0,0,0,0,0,0,0,0,0,0,0,0,0,0,0,2026-09-28 20:09:53.652832+00,2026-09-28 20:09:53.652832+00
16410,16412,t,-3572882386334079800,"SELECT dr.record_id, reo.obs_ent_id, reo.res_ent_id
FROM   res_ent_okey reo
LEFT JOIN obs_ent oe       ON oe.obs_ent_id = reo.obs_ent_id
LEFT JOIN dsrc_record dr   ON dr.dsrc_id = oe.dsrc_id AND dr.ent_src_key = oe.ent_src_key
WHERE  dr.record_id IS NULL",0,0,0,0,0,0,1,30638.255922,30638.255922,30638.255922,30638.255922,0,0,75568632,0,0,0,0,0,0,0,666623,674216,0,0,0,0,968.455235,1130.372527,0,0,0,0,0,0,0,0,0,0,0,0,0,2026-09-29 01:23:09.254037+00,2026-09-29 01:23:09.254037+00
16410,16412,t,2335547159944955556,"INSERT INTO RES_FEAT_STAT(LIB_FEAT_ID,FTYPE_ID,NUM_RES_ENT,NUM_RES_ENT_OOM) VALUES ($1,$2,$3,$4),($5,$6,$7,$8),($9,$10,$11,$12),($13,$14,$15,$16),($17,$18,$19,$20),($21,$22,$23,$24),($25,$26,$27,$28),($29,$30,$31,$32),($33,$34,$35,$36),($37,$38,$39,$40),($41,$42,$43,$44),($45,$46,$47,$48),($49,$50,$51,$52),($53,$54,$55,$56),($57,$58,$59,$60),($61,$62,$63,$64),($65,$66,$67,$68),($69,$70,$71,$72),($73,$74,$75,$76) ON CONFLICT DO NOTHING",0,0,0,0,0,0,1650231,33840940.03815618,0.17511100000000002,3000.666788,20.506789678630557,80.08801039767532,31354312,310582561,9851,0,292473,0,0,0,0,0,0,52179.920610000074,31255.750447999526,0,0,0,0,0,0,0,0,0,0,0,0,0,0,0,0,0,2026-09-28 20:44:52.372952+00,2026-09-28 20:44:52.372952+00
16410,16412,t,1623369012368112450,SET application_name TO $1,0,0,0,0,0,0,2758,29.749261000000008,0.0025,0.707008,0.010786534082668603,0.014623645972738901,0,0,0,0,0,0,0,0,0,0,0,0,0,0,0,0,0,0,0,0,0,0,0,0,0,0,0,0,0,0,2026-09-28 19:21:52.27963+00,2026-09-28 19:21:52.27963+00
10,16384,t,-4056315126965441072,"FETCH 0 IN ""query-cursor_164""",0,0,0,0,0,0,1,0.005289,0.005289,0.005289,0.005289,0,0,0,0,0,0,0,0,0,0,0,0,0,0,0,0,0,0,0,0,0,0,0,0,0,0,0,0,0,0,0,2026-09-28 23:15:53.706121+00,2026-09-28 23:15:53.706121+00
10,16384,t,-5142779111418192861,"FETCH 49 IN ""query-cursor_212""",0,0,0,0,0,0,1,0.012751,0.012751,0.012751,0.012751,0,49,0,0,0,0,0,0,0,0,0,0,0,0,0,0,0,0,0,0,0,0,0,0,0,0,0,0,0,0,0,2026-09-29 00:47:53.760767+00,2026-09-29 00:47:53.760767+00
10,16384,t,1498324430590871852,"FETCH 50 IN ""query-cursor_206""",0,0,0,0,0,0,38,0.6342510000000001,0.010669,0.04685,0.01669081578947369,0.006860533375978035,1900,0,0,0,0,0,0,0,0,0,0,0,0,0,0,0,0,0,0,0,0,0,0,0,0,0,0,0,0,0,2026-09-29 00:35:53.687799+00,2026-09-29 00:35:53.687799+00
16410,16412,t,2807266443010763555,"SELECT RES_ENT_ID,LIB_FEAT_ID,FTYPE_ID,UTYPE_CODE,SUPPRESSED,OBS_ENT_CNT FROM RES_FEAT_EKEY WHERE RES_ENT_ID IN ($1,$2,$3,$4,$5,$6,$7,$8,$9,$10,$11,$12,$13,$14,$15,$16) AND FTYPE_ID IN ($17,$18,$19,$20,$21,$22,$23,$24,$25,$26,$27,$28,$29,$30,$31)",0,0,0,0,0,0,193027,1609652.6254970254,0.099498,956.455268,8.339002447828674,26.05887920005618,41446584,10959288,76698,0,0,0,0,0,0,0,0,1265592.0147089993,0,0,0,0,0,0,0,0,0,0,0,0,0,0,0,0,0,0,2026-09-28 20:44:59.832348+00,2026-09-28 20:44:59.832348+00
10,16384,t,8886569308969711255,"select coalesce(greatest((select max(nullif(age(feedback_xmin::text::xid),$1)) as oldest_reader_feedback_xid_age from aurora_replica_status() ), (select max(nullif(age(feedback_xmin::text::xid),$2)) as oldest_globaldb_reader_feedback_xid_age from aurora_global_db_status()) ),$3) as oldest_reader_feedback_xid_age",0,0,0,0,0,0,235,241.36120200000002,0.018948,108.053892,1.0270689446808512,8.30478845429456,235,0,0,0,0,0,0,0,0,0,0,0,0,0,0,0,0,0,0,0,0,0,0,0,0,0,0,0,0,0,2026-09-28 19:18:53.21801+00,2026-09-28 19:18:53.21801+00
16410,16412,t,2212729192904635009,COMMIT,0,0,0,0,0,0,2204,5.381539000000007,0.000849,0.033436,0.0024417146098003662,0.0019475579342369813,0,0,0,0,0,0,0,0,0,0,0,0,0,0,0,0,0,0,0,0,0,0,0,0,0,0,0,0,0,0,2026-09-28 20:44:52.347546+00,2026-09-28 20:44:52.347546+00
10,16384,t,2034439418327436155,"MOVE -1384 IN ""query-cursor_124""",0,0,0,0,0,0,1,0.076659,0.076659,0.076659,0.076659,0,0,0,0,0,0,0,0,0,0,0,0,0,0,0,0,0,0,0,0,0,0,0,0,0,0,0,0,0,0,0,2026-09-28 21:51:53.791152+00,2026-09-28 21:51:53.791152+00
10,16384,t,-760506508612999719,"FETCH 50 IN ""query-cursor_105""",0,0,0,0,0,0,24,0.663589,0.01219,0.070617,0.027649541666666666,0.01680783623536743,1200,0,0,0,0,0,0,0,0,0,0,0,0,0,0,0,0,0,0,0,0,0,0,0,0,0,0,0,0,0,2026-09-28 21:13:53.998712+00,2026-09-28 21:13:53.998712+00
10,16384,t,-5298727576639142011,"WITH RECURSIVE cte AS (    SELECT oid FROM pg_catalog.pg_roles WHERE rolname = $1    UNION ALL    SELECT m.member    FROM   cte    JOIN   pg_catalog.pg_auth_members m ON m.roleid = cte.oid) SELECT COUNT(DISTINCT oid) FROM cte WHERE cte.oid IN (SELECT oid FROM pg_catalog.pg_roles WHERE rolcanlogin = $2 AND rolname NOT IN ($3,$4,$5,$6,$7,$8,$9,$10,$11,$12,$13,$14,$15,$16,$17,$18) AND (rolvaliduntil IS NULL OR rolvaliduntil >= CURRENT_TIMESTAMP))",0,0,0,0,0,0,3,0.18380200000000002,0.038454,0.102207,0.06126733333333334,0.029011885177553622,3,24,0,0,0,0,0,0,0,0,0,0,0,0,0,0,0,0,0,0,0,0,0,0,0,0,0,0,0,0,2026-09-28 20:14:04.490045+00,2026-09-28 20:14:04.490045+00
10,16384,t,5342282747002261451,"MOVE ALL IN ""query-cursor_214""",0,0,0,0,0,0,1,23.95253,23.95253,23.95253,23.95253,0,0,0,0,0,0,0,0,0,0,0,0,0,0,0,0,0,0,0,0,0,0,0,0,0,0,0,0,0,0,0,2026-09-29 00:51:53.752566+00,2026-09-29 00:51:53.752566+00
10,16384,t,-5975452127065020710,"FETCH 0 IN ""query-cursor_33""",0,0,0,0,0,0,1,0.00444,0.00444,0.00444,0.00444,0,0,0,0,0,0,0,0,0,0,0,0,0,0,0,0,0,0,0,0,0,0,0,0,0,0,0,0,0,0,0,2026-09-28 19:50:53.650303+00,2026-09-28 19:50:53.650303+00
16410,16412,t,5347257757004569668,DEALLOCATE $1,0,0,0,0,0,0,99299175,1038329.1253730234,0.001699,82.841438,0.010456573535208359,0.17455823140503435,0,0,0,0,0,0,0,0,0,0,0,0,0,0,0,0,0,0,0,0,0,0,0,0,0,0,0,0,0,0,2026-09-28 20:44:56.400182+00,2026-09-28 20:44:56.400182+00
10,16384,t,-2934911145904230176,"FETCH 1 IN ""query-cursor_95""",0,0,0,0,0,0,1,0.00465,0.00465,0.00465,0.00465,0,1,0,0,0,0,0,0,0,0,0,0,0,0,0,0,0,0,0,0,0,0,0,0,0,0,0,0,0,0,0,2026-09-28 20:53:53.736491+00,2026-09-28 20:53:53.736491+00
10,16384,t,1795437053645089376,"FETCH 0 IN ""query-cursor_93""",0,0,0,0,0,0,1,0.008074,0.008074,0.008074,0.008074,0,0,0,0,0,0,0,0,0,0,0,0,0,0,0,0,0,0,0,0,0,0,0,0,0,0,0,0,0,0,0,2026-09-28 20:50:53.66073+00,2026-09-28 20:50:53.66073+00
10,16384,t,7586129920995919038,"FETCH 50 IN ""query-cursor_233""",0,0,0,0,0,0,41,0.215316,0.00332,0.008936,0.005251609756097561,0.0013718036885446907,2050,0,0,0,0,0,0,0,0,0,0,0,0,0,0,0,0,0,0,0,0,0,0,0,0,0,0,0,0,0,2026-09-29 01:23:53.673259+00,2026-09-29 01:23:53.673259+00
10,16384,t,2027089942204218636,"MOVE ALL IN ""query-cursor_226""",0,0,0,0,0,0,1,4.61631,4.61631,4.61631,4.61631,0,0,0,0,0,0,0,0,0,0,0,0,0,0,0,0,0,0,0,0,0,0,0,0,0,0,0,0,0,0,0,2026-09-29 01:15:53.670719+00,2026-09-29 01:15:53.670719+00
10,16384,t,4011754296273309129,"FETCH 15 IN ""query-cursor_69""",0,0,0,0,0,0,1,0.001933,0.001933,0.001933,0.001933,0,15,0,0,0,0,0,0,0,0,0,0,0,0,0,0,0,0,0,0,0,0,0,0,0,0,0,0,0,0,0,2026-09-28 20:26:53.65673+00,2026-09-28 20:26:53.65673+00
16410,16412,t,-4996190704934010847,"UPDATE RES_RELATE AS T SET IS_DISCLOSED=C.IS_DISCLOSED,IS_AMBIGUOUS=C.IS_AMBIGUOUS,LAST_ERRULE_ID=C.LAST_ERRULE_ID,MATCH_KEY=C.MATCH_KEY,MATCH_KEY_DETAILS=C.MATCH_KEY_DETAILS,MATCH_LEVELS=C.MATCH_LEVELS FROM (VALUES (CAST ($1 AS BIGINT),CAST ($2 AS BIGINT),CAST ($3 AS BIGINT),CAST ($4 AS BIGINT),$5,$6,$7),(CAST ($8 AS BIGINT),CAST ($9 AS BIGINT),CAST ($10 AS BIGINT),CAST ($11 AS BIGINT),$12,$13,$14),(CAST ($15 AS BIGINT),CAST ($16 AS BIGINT),CAST ($17 AS BIGINT),CAST ($18 AS BIGINT),$19,$20,$21),(CAST ($22 AS BIGINT),CAST ($23 AS BIGINT),CAST ($24 AS BIGINT),CAST ($25 AS BIGINT),$26,$27,$28),(CAST ($29 AS BIGINT),CAST ($30 AS BIGINT),CAST ($31 AS BIGINT),CAST ($32 AS BIGINT),$33,$34,$35),(CAST ($36 AS BIGINT),CAST ($37 AS BIGINT),CAST ($38 AS BIGINT),CAST ($39 AS BIGINT),$40,$41,$42)) AS C(RES_REL_ID,IS_DISCLOSED,IS_AMBIGUOUS,LAST_ERRULE_ID,MATCH_KEY,MATCH_KEY_DETAILS,MATCH_LEVELS) WHERE C.RES_REL_ID=T.RES_REL_ID",0,0,0,0,0,0,32069,194655.93521899992,0.07229899999999999,623.848517,6.069909732732543,25.37633704357921,192400,1810662,7466,0,2126,0,0,0,0,0,0,98649.84278799969,53.74845700000001,0,0,0,0,0,0,0,0,0,0,0,0,0,0,0,0,0,2026-09-28 20:45:29.940807+00,2026-09-28 20:45:29.940807+00
10,16384,t,-3344574871748276511,"FETCH 0 IN ""query-cursor_202""",0,0,0,0,0,0,1,0.006185,0.006185,0.006185,0.006185,0,0,0,0,0,0,0,0,0,0,0,0,0,0,0,0,0,0,0,0,0,0,0,0,0,0,0,0,0,0,0,2026-09-29 00:29:53.66483+00,2026-09-29 00:29:53.66483+00
10,16384,t,8595890007916640855,"MOVE ALL IN ""query-cursor_199""",0,0,0,0,0,0,1,6.745878,6.745878,6.745878,6.745878,0,0,0,0,0,0,0,0,0,0,0,0,0,0,0,0,0,0,0,0,0,0,0,0,0,0,0,0,0,0,0,2026-09-29 00:26:53.671021+00,2026-09-29 00:26:53.671021+00
16410,16412,t,-9097675152044087285,"INSERT INTO RES_FEAT_EKEY(RES_ENT_ID,LIB_FEAT_ID,FTYPE_ID,UTYPE_CODE,SUPPRESSED,OBS_ENT_CNT) VALUES ($1,$2,$3,$4,$5,$6) ON CONFLICT DO NOTHING",0,0,0,0,0,0,2121231,4877787.277068973,0.016252,1743.1288670000001,2.29950782214147,10.084137829234884,2121231,29532081,3909,0,34707,0,0,0,0,0,0,69277.82461000007,4267.824284999989,0,0,0,0,0,0,0,0,0,0,0,0,0,0,0,0,0,2026-09-28 20:44:52.425193+00,2026-09-28 20:44:52.425193+00
10,16384,t,-4485439686971416795,"SELECT COUNT(*) FILTER (WHERE DATALLOWCONN) DB_COUNT
, COUNT(*) FILTER (WHERE NOT DATALLOWCONN AND DATNAME<>$1) DB_COUNT_NOCONN
FROM PG_CATALOG.PG_DATABASE WHERE DATNAME<>$2",0,0,0,0,0,0,1,0.014741,0.014741,0.014741,0.014741,0,1,1,0,0,0,0,0,0,0,0,0,0,0,0,0,0,0,0,0,0,0,0,0,0,0,0,0,0,0,0,2026-09-28 19:45:00.068259+00,2026-09-28 19:45:00.068259+00
16410,16412,t,4525835807519216905,"SELECT RES_ENT_ID,LIB_FEAT_ID,FTYPE_ID,UTYPE_CODE,SUPPRESSED,OBS_ENT_CNT FROM RES_FEAT_EKEY WHERE RES_ENT_ID IN ($1,$2,$3,$4,$5,$6,$7,$8) AND FTYPE_ID IN ($9,$10,$11,$12,$13,$14,$15,$16,$17,$18,$19,$20,$21,$22,$23,$24,$25)",0,0,0,0,0,0,608615,3397504.3751389906,0.057361999999999996,922.164199,5.582353992489489,21.063468459246156,84256334,20535378,157991,0,0,0,0,0,0,0,0,2745567.932308034,0,0,0,0,0,0,0,0,0,0,0,0,0,0,0,0,0,0,2026-09-28 20:44:57.176909+00,2026-09-28 20:44:57.176909+00
10,16384,t,8234634555272129651,"FETCH 50 IN ""query-cursor_85""",0,0,0,0,0,0,13,0.04864399999999999,0.002761,0.006553,0.0037418461538461533,0.0009655696482191897,650,0,0,0,0,0,0,0,0,0,0,0,0,0,0,0,0,0,0,0,0,0,0,0,0,0,0,0,0,0,2026-09-28 20:42:53.655845+00,2026-09-28 20:42:53.655845+00
10,16384,t,-9205502141643154892,"MOVE -1986 IN ""query-cursor_218""",0,0,0,0,0,0,1,0.145624,0.145624,0.145624,0.145624,0,0,0,0,0,0,0,0,0,0,0,0,0,0,0,0,0,0,0,0,0,0,0,0,0,0,0,0,0,0,0,2026-09-29 00:59:53.67714+00,2026-09-29 00:59:53.67714+00
10,16384,t,2682070339332516230,"select queryid, calls, (total_plan_time + total_exec_time) as total_time, rows, shared_blks_hit, shared_blks_dirtied, shared_blks_read, shared_blks_written, local_blks_hit, local_blks_dirtied, local_blks_read, local_blks_written, temp_blks_read, temp_blks_written, storage_blks_read, orcache_blks_hit, shared_blk_read_time as blk_read_time, shared_blk_write_time as blk_write_time, storage_blk_read_time, local_blk_read_time, orcache_blk_read_time, total_plan_time, total_exec_time from aurora_stat_statements($1) where queryid in ($2, $3, $4, $5, $6, $7, $8, $9, $10, $11, $12, $13, $14, $15, $16, $17, $18, $19, $20, $21, $22, $23, $24, $25, $26, $27, $28, $29, $30, $31, $32, $33, $34, $35, $36, $37, $38, $39, $40, $41, $42, $43, $44, $45, $46, $47, $48, $49, $50, $51, $52, $53, $54, $55, $56, $57, $58, $59)",0,0,0,0,0,0,2,2.856875,1.246663,1.610212,1.4284375,0.18177449999999995,118,0,0,0,0,0,0,0,0,0,0,0,0,0,0,0,0,0,0,0,0,0,0,0,0,0,0,0,0,0,2026-09-28 20:49:03.659689+00,2026-09-28 20:49:03.659689+00
16410,16412,t,199042775651734256,"SELECT RES_ENT_ID,LIB_FEAT_ID,FTYPE_ID,UTYPE_CODE,SUPPRESSED,OBS_ENT_CNT FROM RES_FEAT_EKEY WHERE RES_ENT_ID IN ($1,$2,$3,$4) AND FTYPE_ID IN ($5,$6,$7,$8,$9,$10,$11,$12,$13,$14,$15,$16,$17,$18,$19,$20,$21,$22)",0,0,0,0,0,0,632839,1841957.789373015,0.03916,700.4851570000001,2.9106262246369377,14.719724983162976,50680235,11858561,80029,0,0,0,0,0,0,0,0,1465536.0801410105,0,0,0,0,0,0,0,0,0,0,0,0,0,0,0,0,0,0,2026-09-28 20:44:54.773123+00,2026-09-28 20:44:54.773123+00
16410,16412,t,2204324878760042736,"UPDATE RES_FEAT_EKEY AS T SET SUPPRESSED = C.SUPPRESSED FROM (VALUES (CAST ($1 AS BIGINT),CAST ($2 AS BIGINT),$3,$4),(CAST ($5 AS BIGINT),CAST ($6 AS BIGINT),$7,$8),(CAST ($9 AS BIGINT),CAST ($10 AS BIGINT),$11,$12),(CAST ($13 AS BIGINT),CAST ($14 AS BIGINT),$15,$16),(CAST ($17 AS BIGINT),CAST ($18 AS BIGINT),$19,$20),(CAST ($21 AS BIGINT),CAST ($22 AS BIGINT),$23,$24),(CAST ($25 AS BIGINT),CAST ($26 AS BIGINT),$27,$28),(CAST ($29 AS BIGINT),CAST ($30 AS BIGINT),$31,$32),(CAST ($33 AS BIGINT),CAST ($34 AS BIGINT),$35,$36),(CAST ($37 AS BIGINT),CAST ($38 AS BIGINT),$39,$40),(CAST ($41 AS BIGINT),CAST ($42 AS BIGINT),$43,$44),(CAST ($45 AS BIGINT),CAST ($46 AS BIGINT),$47,$48),(CAST ($49 AS BIGINT),CAST ($50 AS BIGINT),$51,$52),(CAST ($53 AS BIGINT),CAST ($54 AS BIGINT),$55,$56),(CAST ($57 AS BIGINT),CAST ($58 AS BIGINT),$59,$60),(CAST ($61 AS BIGINT),CAST ($62 AS BIGINT),$63,$64),(CAST ($65 AS BIGINT),CAST ($66 AS BIGINT),$67,$68),(CAST ($69 AS BIGINT),CAST ($70 AS BIGINT),$71,$72),(CAST ($73 AS BIGINT),CAST ($74 AS BIGINT),$75,$76),(CAST ($77 AS BIGINT),CAST ($78 AS BIGINT),$79,$80),(CAST ($81 AS BIGINT),CAST ($82 AS BIGINT),$83,$84),(CAST ($85 AS BIGINT),CAST ($86 AS BIGINT),$87,$88),(CAST ($89 AS BIGINT),CAST ($90 AS BIGINT),$91,$92),(CAST ($93 AS BIGINT),CAST ($94 AS BIGINT),$95,$96)) AS C(RES_ENT_ID,LIB_FEAT_ID,UTYPE_CODE,SUPPRESSED) WHERE C.RES_ENT_ID=T.RES_ENT_ID AND C.LIB_FEAT_ID=T.LIB_FEAT_ID AND C.UTYPE_CODE=T.UTYPE_CODE",0,0,0,0,0,0,45754,605007.4654449994,0.178594,1217.0729629999998,13.223050781243156,38.28247669242107,1098096,10337401,1950,0,3489,0,0,0,0,0,0,49144.47879500005,93.83551900000002,0,0,0,0,0,0,0,0,0,0,0,0,0,0,0,0,0,2026-09-28 20:45:52.124353+00,2026-09-28 20:45:52.124353+00
16410,16412,t,5300994548292293693,"SELECT OBS_ENT_ID,LOCKING_ID FROM OBS_ENT WHERE OBS_ENT_ID IN ($1,$2,$3,$4,$5,$6,$7,$8,$9,$10,$11,$12,$13,$14,$15,$16)",0,0,0,0,0,0,4,0.26377,0.060147,0.075492,0.0659425,0.006126218837912992,36,182,0,0,0,0,0,0,0,0,0,0,0,0,0,0,0,0,0,0,0,0,0,0,0,0,0,0,0,0,2026-09-29 00:20:22.958308+00,2026-09-29 00:20:22.958308+00
10,16384,t,1249687841172762388,"MOVE ALL IN ""query-cursor_192""",0,0,0,0,0,0,1,5.402118,5.402118,5.402118,5.402118,0,0,0,0,0,0,0,0,0,0,0,0,0,0,0,0,0,0,0,0,0,0,0,0,0,0,0,0,0,0,0,2026-09-29 00:13:53.668828+00,2026-09-29 00:13:53.668828+00
10,16384,t,543169652414253300,"DECLARE ""query-cursor_49"" SCROLL CURSOR FOR select queryid, left(query, $1), calls, (total_plan_time + total_exec_time) as total_time from aurora_stat_statements($2) order by calls desc limit $3 FOR READ ONLY",0,0,0,0,0,0,1,0.065874,0.065874,0.065874,0.065874,0,0,0,0,0,0,0,0,0,0,0,0,0,0,0,0,0,0,0,0,0,0,0,0,0,0,0,0,0,0,0,2026-09-28 20:06:53.651431+00,2026-09-28 20:06:53.651431+00
10,16384,t,-6788495792278834216,"FETCH 0 IN ""query-cursor_95""",0,0,0,0,0,0,1,0.00968,0.00968,0.00968,0.00968,0,0,0,0,0,0,0,0,0,0,0,0,0,0,0,0,0,0,0,0,0,0,0,0,0,0,0,0,0,0,0,2026-09-28 20:53:53.70342+00,2026-09-28 20:53:53.70342+00
10,16384,t,-2457235639853408886,"MOVE ALL IN ""query-cursor_189""",0,0,0,0,0,0,1,9.486382,9.486382,9.486382,9.486382,0,0,0,0,0,0,0,0,0,0,0,0,0,0,0,0,0,0,0,0,0,0,0,0,0,0,0,0,0,0,0,2026-09-29 00:07:53.990766+00,2026-09-29 00:07:53.990766+00
10,16384,t,-5401585635691311590,"MOVE -1572 IN ""query-cursor_152""",0,0,0,0,0,0,1,0.114371,0.114371,0.114371,0.114371,0,0,0,0,0,0,0,0,0,0,0,0,0,0,0,0,0,0,0,0,0,0,0,0,0,0,0,0,0,0,0,2026-09-28 22:49:53.923747+00,2026-09-28 22:49:53.923747+00
10,16384,t,-1894987914530490132,"MOVE ALL IN ""query-cursor_75""",0,0,0,0,0,0,1,1.334696,1.334696,1.334696,1.334696,0,0,0,0,0,0,0,0,0,0,0,0,0,0,0,0,0,0,0,0,0,0,0,0,0,0,0,0,0,0,0,2026-09-28 20:32:53.654996+00,2026-09-28 20:32:53.654996+00
10,16384,t,-1570305760766132069,"FETCH 32 IN ""query-cursor_193""",0,0,0,0,0,0,1,0.004036,0.004036,0.004036,0.004036,0,32,0,0,0,0,0,0,0,0,0,0,0,0,0,0,0,0,0,0,0,0,0,0,0,0,0,0,0,0,0,2026-09-29 00:15:53.679657+00,2026-09-29 00:15:53.679657+00
10,16384,t,-2949557603917841820,"MOVE -1090 IN ""query-cursor_90""",0,0,0,0,0,0,1,0.046109,0.046109,0.046109,0.046109,0,0,0,0,0,0,0,0,0,0,0,0,0,0,0,0,0,0,0,0,0,0,0,0,0,0,0,0,0,0,0,2026-09-28 20:47:53.65966+00,2026-09-28 20:47:53.65966+00
16410,16412,t,-6625740995478269215,"INSERT INTO RES_FEAT_EKEY(RES_ENT_ID,LIB_FEAT_ID,FTYPE_ID,UTYPE_CODE,SUPPRESSED,OBS_ENT_CNT) VALUES ($1,$2,$3,$4,$5,$6),($7,$8,$9,$10,$11,$12),($13,$14,$15,$16,$17,$18),($19,$20,$21,$22,$23,$24),($25,$26,$27,$28,$29,$30),($31,$32,$33,$34,$35,$36),($37,$38,$39,$40,$41,$42),($43,$44,$45,$46,$47,$48),($49,$50,$51,$52,$53,$54),($55,$56,$57,$58,$59,$60),($61,$62,$63,$64,$65,$66),($67,$68,$69,$70,$71,$72) ON CONFLICT DO NOTHING",0,0,0,0,0,0,31251227,571510716.9498893,0.14327900000000002,2866.749301,18.2876248970925,47.5688133001423,375014724,5202295963,1663785,0,6231658,0,0,0,0,0,0,35132833.42437788,717778.6870740016,0,0,0,0,0,0,0,0,0,0,0,0,0,0,0,0,0,2026-09-28 20:44:52.39465+00,2026-09-28 20:44:52.39465+00
10,16384,t,-2882762892305641315,"MOVE ALL IN ""query-cursor_79""",0,0,0,0,0,0,1,1.370158,1.370158,1.370158,1.370158,0,0,0,0,0,0,0,0,0,0,0,0,0,0,0,0,0,0,0,0,0,0,0,0,0,0,0,0,0,0,0,2026-09-28 20:36:53.655259+00,2026-09-28 20:36:53.655259+00
10,16384,t,5490768581554738575,"FETCH 50 IN ""query-cursor_60""",0,0,0,0,0,0,10,0.04353799999999999,0.00284,0.009334,0.0043538,0.0019654212678202098,500,0,0,0,0,0,0,0,0,0,0,0,0,0,0,0,0,0,0,0,0,0,0,0,0,0,0,0,0,0,2026-09-28 20:17:53.653776+00,2026-09-28 20:17:53.653776+00
10,16384,t,6484570595614508189,"FETCH 0 IN ""query-cursor_17""",0,0,0,0,0,0,1,0.003674,0.003674,0.003674,0.003674,0,0,0,0,0,0,0,0,0,0,0,0,0,0,0,0,0,0,0,0,0,0,0,0,0,0,0,0,0,0,0,2026-09-28 19:34:53.649163+00,2026-09-28 19:34:53.649163+00
10,16384,t,-1718605561633041619,"MOVE -1259 IN ""query-cursor_107""",0,0,0,0,0,0,1,0.073776,0.073776,0.073776,0.073776,0,0,0,0,0,0,0,0,0,0,0,0,0,0,0,0,0,0,0,0,0,0,0,0,0,0,0,0,0,0,0,2026-09-28 21:17:53.68098+00,2026-09-28 21:17:53.68098+00
10,16384,t,-2067097572753037899,"FETCH 0 IN ""query-cursor_114""",0,0,0,0,0,0,1,0.00829,0.00829,0.00829,0.00829,0,0,0,0,0,0,0,0,0,0,0,0,0,0,0,0,0,0,0,0,0,0,0,0,0,0,0,0,0,0,0,2026-09-28 21:31:54.161415+00,2026-09-28 21:31:54.161415+00
10,16384,t,-7457112471979694302,"MOVE ALL IN ""query-cursor_105""",0,0,0,0,0,0,1,77.169704,77.169704,77.169704,77.169704,0,0,0,0,0,0,0,0,0,0,0,0,0,0,0,0,0,0,0,0,0,0,0,0,0,0,0,0,0,0,0,2026-09-28 21:13:53.97922+00,2026-09-28 21:13:53.97922+00
10,16384,t,860547518515751454,"MOVE ALL IN ""query-cursor_26""",0,0,0,0,0,0,1,0.58997,0.58997,0.58997,0.58997,0,0,0,0,0,0,0,0,0,0,0,0,0,0,0,0,0,0,0,0,0,0,0,0,0,0,0,0,0,0,0,2026-09-28 19:43:53.650427+00,2026-09-28 19:43:53.650427+00
10,16384,t,4410024986587567167,"DECLARE ""query-cursor_206"" SCROLL CURSOR FOR select queryid, left(query, $1), calls, (total_plan_time + total_exec_time) as total_time from aurora_stat_statements($2) order by calls desc limit $3 FOR READ ONLY",0,0,0,0,0,0,1,0.090773,0.090773,0.090773,0.090773,0,0,0,0,0,0,0,0,0,0,0,0,0,0,0,0,0,0,0,0,0,0,0,0,0,0,0,0,0,0,0,2026-09-29 00:35:53.667+00,2026-09-29 00:35:53.667+00
16410,16412,t,-6357919085686932950,"CREATE TABLE RES_REL_EKEY (RES_ENT_ID BIGINT NOT NULL, REL_ENT_ID BIGINT NOT NULL, RES_REL_ID BIGINT NOT NULL, PRIMARY KEY(RES_ENT_ID, REL_ENT_ID) INCLUDE (RES_REL_ID))",0,0,0,0,0,0,1,3.098175,3.098175,3.098175,3.098175,0,0,237,0,0,1,0,0,0,0,0,0,0,0.002731,0,0,0,0,0,0,0,0,0,0,0,0,0,0,0,0,0,2026-09-28 19:20:35.905546+00,2026-09-28 19:20:35.905546+00
10,16384,t,7329411613020678003,"MOVE -1938 IN ""query-cursor_210""",0,0,0,0,0,0,1,0.251629,0.251629,0.251629,0.251629,0,0,0,0,0,0,0,0,0,0,0,0,0,0,0,0,0,0,0,0,0,0,0,0,0,0,0,0,0,0,0,2026-09-29 00:43:54.058837+00,2026-09-29 00:43:54.058837+00
10,16384,t,3467710589410271349,"FETCH 50 IN ""query-cursor_87""",0,0,0,0,0,0,15,0.159595,0.007019,0.016086,0.010639666666666665,0.002402949705859215,750,0,0,0,0,0,0,0,0,0,0,0,0,0,0,0,0,0,0,0,0,0,0,0,0,0,0,0,0,0,2026-09-28 20:44:53.656905+00,2026-09-28 20:44:53.656905+00
16410,16412,t,-6061483510791473762,"INSERT INTO RES_FEAT_STAT(LIB_FEAT_ID,FTYPE_ID,NUM_RES_ENT,NUM_RES_ENT_OOM,CANDIDATE_CAP_REACHED,SCORING_CAP_REACHED) VALUES ($1,$2,$3,$4,$5,$6) ON CONFLICT DO NOTHING",0,0,0,0,0,0,1,0.066397,0.066397,0.066397,0.066397,0,1,15,0,0,0,0,0,0,0,0,0,0,0,0,0,0,0,0,0,0,0,0,0,0,0,0,0,0,0,0,2026-09-28 21:42:17.85588+00,2026-09-28 21:42:17.85588+00
16410,16412,t,6715855741270042045,DELETE FROM RES_FEAT_EKEY WHERE ((RES_ENT_ID=$1 AND LIB_FEAT_ID=$2 AND UTYPE_CODE=$3)OR(RES_ENT_ID=$4 AND LIB_FEAT_ID=$5 AND UTYPE_CODE=$6)OR(RES_ENT_ID=$7 AND LIB_FEAT_ID=$8 AND UTYPE_CODE=$9)OR(RES_ENT_ID=$10 AND LIB_FEAT_ID=$11 AND UTYPE_CODE=$12)OR(RES_ENT_ID=$13 AND LIB_FEAT_ID=$14 AND UTYPE_CODE=$15)OR(RES_ENT_ID=$16 AND LIB_FEAT_ID=$17 AND UTYPE_CODE=$18)OR(RES_ENT_ID=$19 AND LIB_FEAT_ID=$20 AND UTYPE_CODE=$21)OR(RES_ENT_ID=$22 AND LIB_FEAT_ID=$23 AND UTYPE_CODE=$24)OR(RES_ENT_ID=$25 AND LIB_FEAT_ID=$26 AND UTYPE_CODE=$27)OR(RES_ENT_ID=$28 AND LIB_FEAT_ID=$29 AND UTYPE_CODE=$30)OR(RES_ENT_ID=$31 AND LIB_FEAT_ID=$32 AND UTYPE_CODE=$33)OR(RES_ENT_ID=$34 AND LIB_FEAT_ID=$35 AND UTYPE_CODE=$36)OR(RES_ENT_ID=$37 AND LIB_FEAT_ID=$38 AND UTYPE_CODE=$39)OR(RES_ENT_ID=$40 AND LIB_FEAT_ID=$41 AND UTYPE_CODE=$42)OR(RES_ENT_ID=$43 AND LIB_FEAT_ID=$44 AND UTYPE_CODE=$45)OR(RES_ENT_ID=$46 AND LIB_FEAT_ID=$47 AND UTYPE_CODE=$48)OR(RES_ENT_ID=$49 AND LIB_FEAT_ID=$50 AND UTYPE_CODE=$51)OR(RES_ENT_ID=$52 AND LIB_FEAT_ID=$53 AND UTYPE_CODE=$54)OR(RES_ENT_ID=$55 AND LIB_FEAT_ID=$56 AND UTYPE_CODE=$57)OR(RES_ENT_ID=$58 AND LIB_FEAT_ID=$59 AND UTYPE_CODE=$60)OR(RES_ENT_ID=$61 AND LIB_FEAT_ID=$62 AND UTYPE_CODE=$63)OR(RES_ENT_ID=$64 AND LIB_FEAT_ID=$65 AND UTYPE_CODE=$66)OR(RES_ENT_ID=$67 AND LIB_FEAT_ID=$68 AND UTYPE_CODE=$69)OR(RES_ENT_ID=$70 AND LIB_FEAT_ID=$71 AND UTYPE_CODE=$72)OR(RES_ENT_ID=$73 AND LIB_FEAT_ID=$74 AND UTYPE_CODE=$75)OR(RES_ENT_ID=$76 AND LIB_FEAT_ID=$77 AND UTYPE_CODE=$78)OR(RES_ENT_ID=$79 AND LIB_FEAT_ID=$80 AND UTYPE_CODE=$81)OR(RES_ENT_ID=$82 AND LIB_FEAT_ID=$83 AND UTYPE_CODE=$84)OR(RES_ENT_ID=$85 AND LIB_FEAT_ID=$86 AND UTYPE_CODE=$87)OR(RES_ENT_ID=$88 AND LIB_FEAT_ID=$89 AND UTYPE_CODE=$90)OR(RES_ENT_ID=$91 AND LIB_FEAT_ID=$92 AND UTYPE_CODE=$93)OR(RES_ENT_ID=$94 AND LIB_FEAT_ID=$95 AND UTYPE_CODE=$96)),0,0,0,0,0,0,6735,175947.79242899953,0.09612599999999999,750.943514,26.124393827616856,50.423718444953984,160948,1029706,2239,0,0,0,0,0,0,0,0,97138.22138700011,0,0,0,0,0,0,0,0,0,0,0,0,0,0,0,0,0,0,2026-09-28 20:45:15.896369+00,2026-09-28 20:45:15.896369+00
10,16384,t,-1633225472164160872,"FETCH 0 IN ""query-cursor_193""",0,0,0,0,0,0,1,0.003225,0.003225,0.003225,0.003225,0,0,0,0,0,0,0,0,0,0,0,0,0,0,0,0,0,0,0,0,0,0,0,0,0,0,0,0,0,0,0,2026-09-29 00:15:53.663268+00,2026-09-29 00:15:53.663268+00
10,16384,t,6808292966233436584,"MOVE ALL IN ""query-cursor_41""",0,0,0,0,0,0,1,0.901994,0.901994,0.901994,0.901994,0,0,0,0,0,0,0,0,0,0,0,0,0,0,0,0,0,0,0,0,0,0,0,0,0,0,0,0,0,0,0,2026-09-28 19:58:53.651863+00,2026-09-28 19:58:53.651863+00
16410,16412,t,-8294753791798228815,"UPDATE RES_FEAT_STAT AS T SET FTYPE_ID=C.FTYPE_ID,NUM_RES_ENT=C.NUM_RES_ENT_NEW,NUM_RES_ENT_OOM=C.NUM_RES_ENT_OOM_NEW FROM (VALUES (CAST ($1 AS BIGINT),CAST ($2 AS INT),CAST ($3 AS BIGINT),CAST ($4 AS BIGINT),CAST ($5 AS BIGINT),CAST ($6 AS BIGINT)),(CAST ($7 AS BIGINT),CAST ($8 AS INT),CAST ($9 AS BIGINT),CAST ($10 AS BIGINT),CAST ($11 AS BIGINT),CAST ($12 AS BIGINT))) AS C(LIB_FEAT_ID,FTYPE_ID,NUM_RES_ENT_OLD,NUM_RES_ENT_OOM_OLD,NUM_RES_ENT_NEW,NUM_RES_ENT_OOM_NEW) WHERE C.LIB_FEAT_ID=T.LIB_FEAT_ID AND C.NUM_RES_ENT_OLD=T.NUM_RES_ENT AND C.NUM_RES_ENT_OOM_OLD=T.NUM_RES_ENT_OOM",0,0,0,0,0,0,186,292.68577200000016,0.04479,45.993438,1.5735794193548396,6.787953275432121,370,3040,0,0,0,0,0,0,0,0,0,0,0,0,0,0,0,0,0,0,0,0,0,0,0,0,0,0,0,0,2026-09-28 20:54:06.764107+00,2026-09-28 20:54:06.764107+00
10,16384,t,-2197554860903180471,"select queryid, calls, (total_plan_time + total_exec_time) as total_time, rows, shared_blks_hit, shared_blks_dirtied, shared_blks_read, shared_blks_written, local_blks_hit, local_blks_dirtied, local_blks_read, local_blks_written, temp_blks_read, temp_blks_written, storage_blks_read, orcache_blks_hit, shared_blk_read_time as blk_read_time, shared_blk_write_time as blk_write_time, storage_blk_read_time, local_blk_read_time, orcache_blk_read_time, total_plan_time, total_exec_time from aurora_stat_statements($1) where queryid in ($2, $3, $4, $5, $6, $7, $8, $9, $10, $11, $12, $13, $14, $15, $16, $17, $18, $19, $20, $21, $22, $23, $24, $25, $26, $27, $28, $29, $30, $31, $32, $33, $34, $35, $36, $37, $38, $39, $40, $41, $42, $43, $44, $45, $46, $47, $48, $49, $50, $51, $52, $53, $54, $55, $56, $57, $58, $59, $60, $61, $62, $63, $64, $65, $66, $67)",0,0,0,0,0,0,32,118.923099,2.617225,6.579319999999999,3.71634684375,1.014136600583814,2144,0,0,0,0,0,0,0,0,0,0,0,0,0,0,0,0,0,0,0,0,0,0,0,0,0,0,0,0,0,2026-09-28 21:52:03.737731+00,2026-09-28 21:52:03.737731+00
10,16384,t,-3997877719446827235,"FETCH 50 IN ""query-cursor_77""",0,0,0,0,0,0,12,0.046732,0.002914,0.006488,0.0038943333333333334,0.0010314052980709809,600,0,0,0,0,0,0,0,0,0,0,0,0,0,0,0,0,0,0,0,0,0,0,0,0,0,0,0,0,0,2026-09-28 20:34:53.655288+00,2026-09-28 20:34:53.655288+00
10,16384,t,-6662173152785897682,"FETCH 50 IN ""query-cursor_79""",0,0,0,0,0,0,12,0.03913500000000001,0.002751,0.00596,0.0032612500000000007,0.0008513642116235175,600,0,0,0,0,0,0,0,0,0,0,0,0,0,0,0,0,0,0,0,0,0,0,0,0,0,0,0,0,0,2026-09-28 20:36:53.655361+00,2026-09-28 20:36:53.655361+00
10,16384,t,-6118989081841596361,"MOVE -354 IN ""query-cursor_34""",0,0,0,0,0,0,1,0.010087,0.010087,0.010087,0.010087,0,0,0,0,0,0,0,0,0,0,0,0,0,0,0,0,0,0,0,0,0,0,0,0,0,0,0,0,0,0,0,2026-09-28 19:51:53.651285+00,2026-09-28 19:51:53.651285+00
10,16384,t,1207725869686970017,"select sum(blks_read), sum(blks_hit) from pg_stat_database",0,0,0,0,0,0,367,36.37372299999999,0.050995000000000006,4.4109359999999995,0.09911096185286102,0.24660724865835398,367,367,0,0,0,0,0,0,0,0,0,0,0,0,0,0,0,0,0,0,0,0,0,0,0,0,0,0,0,0,2026-09-28 19:17:03.408474+00,2026-09-28 19:17:03.408474+00
10,16384,t,-3793607430723964735,"FETCH 50 IN ""query-cursor_108""",0,0,0,0,0,0,25,0.4397320000000002,0.012487,0.032243,0.017589280000000006,0.005694527271126201,1250,0,0,0,0,0,0,0,0,0,0,0,0,0,0,0,0,0,0,0,0,0,0,0,0,0,0,0,0,0,2026-09-28 21:19:53.68452+00,2026-09-28 21:19:53.68452+00
16410,16412,t,-5017160063264973174,"SELECT RES_ENT_ID,LIB_FEAT_ID,FTYPE_ID,UTYPE_CODE,SUPPRESSED,OBS_ENT_CNT FROM RES_FEAT_EKEY WHERE RES_ENT_ID IN ($1,$2,$3,$4,$5,$6,$7,$8) AND FTYPE_ID IN ($9,$10,$11,$12,$13,$14,$15,$16,$17)",0,0,0,0,0,0,6166,41915.55954399998,0.058702000000000004,469.47614100000004,6.797852666882903,24.74391751927804,502200,206480,1894,0,0,0,0,0,0,0,0,36286.115338999974,0,0,0,0,0,0,0,0,0,0,0,0,0,0,0,0,0,0,2026-09-28 20:45:24.720514+00,2026-09-28 20:45:24.720514+00
10,16384,t,2089084528300560011,"MOVE ALL IN ""query-cursor_83""",0,0,0,0,0,0,1,1.405673,1.405673,1.405673,1.405673,0,0,0,0,0,0,0,0,0,0,0,0,0,0,0,0,0,0,0,0,0,0,0,0,0,0,0,0,0,0,0,2026-09-28 20:40:53.655531+00,2026-09-28 20:40:53.655531+00
10,16384,t,-3577201948790415644,"FETCH 0 IN ""query-cursor_60""",0,0,0,0,0,0,1,0.003529,0.003529,0.003529,0.003529,0,0,0,0,0,0,0,0,0,0,0,0,0,0,0,0,0,0,0,0,0,0,0,0,0,0,0,0,0,0,0,2026-09-28 20:17:53.65238+00,2026-09-28 20:17:53.65238+00
10,16384,t,-3787507219214867399,"FETCH 15 IN ""query-cursor_29""",0,0,0,0,0,0,1,0.002083,0.002083,0.002083,0.002083,0,15,0,0,0,0,0,0,0,0,0,0,0,0,0,0,0,0,0,0,0,0,0,0,0,0,0,0,0,0,0,2026-09-28 19:46:53.652083+00,2026-09-28 19:46:53.652083+00
16410,16412,t,5058427414213618369,"INSERT INTO RES_FEAT_STAT(LIB_FEAT_ID,FTYPE_ID,NUM_RES_ENT,NUM_RES_ENT_OOM) VALUES ($1,$2,$3,$4),($5,$6,$7,$8),($9,$10,$11,$12),($13,$14,$15,$16),($17,$18,$19,$20),($21,$22,$23,$24),($25,$26,$27,$28),($29,$30,$31,$32),($33,$34,$35,$36),($37,$38,$39,$40),($41,$42,$43,$44),($45,$46,$47,$48) ON CONFLICT DO NOTHING",0,0,0,0,0,0,1465228,22116907.047915034,0.11905199999999999,2859.29544,15.094515698522711,60.82466555695028,17582717,175791321,8724,0,198228,0,0,0,0,0,0,44934.381238999944,20161.572749000054,0,0,0,0,0,0,0,0,0,0,0,0,0,0,0,0,0,2026-09-28 20:44:52.585816+00,2026-09-28 20:44:52.585816+00
10,16384,t,-6869417798390644374,"FETCH 16 IN ""query-cursor_159""",0,0,0,0,0,0,1,0.007921,0.007921,0.007921,0.007921,0,16,0,0,0,0,0,0,0,0,0,0,0,0,0,0,0,0,0,0,0,0,0,0,0,0,0,0,0,0,0,2026-09-28 23:05:53.8115+00,2026-09-28 23:05:53.8115+00
16410,16412,t,4377814604407597006,"SELECT RES_REL_ID,MIN_RES_ENT_ID,MAX_RES_ENT_ID,IS_DISCLOSED,IS_AMBIGUOUS,LAST_ERRULE_ID,MATCH_LEVELS,MATCH_KEY,MATCH_KEY_DETAILS FROM RES_RELATE WHERE RES_REL_ID IN ($1,$2,$3,$4,$5,$6,$7,$8,$9,$10,$11,$12,$13,$14,$15,$16,$17,$18,$19,$20,$21,$22,$23,$24,$25,$26,$27,$28,$29,$30,$31,$32,$33,$34,$35,$36,$37,$38,$39,$40,$41,$42,$43,$44,$45,$46,$47,$48,$49,$50,$51,$52,$53,$54,$55,$56,$57,$58,$59,$60,$61,$62,$63,$64)",0,0,0,0,0,0,14933,271429.6952370022,0.118279,674.7805569999999,18.17650138866954,36.7589933988121,653822,1135643,61231,0,0,0,0,0,0,0,0,245895.79579600052,0,0,0,0,0,0,0,0,0,0,0,0,0,0,0,0,0,0,2026-09-28 20:46:34.557934+00,2026-09-28 20:46:34.557934+00
10,16384,t,-8612015939045798987,"FETCH 0 IN ""query-cursor_222""",0,0,0,0,0,0,1,0.003226,0.003226,0.003226,0.003226,0,0,0,0,0,0,0,0,0,0,0,0,0,0,0,0,0,0,0,0,0,0,0,0,0,0,0,0,0,0,0,2026-09-29 01:07:53.665757+00,2026-09-29 01:07:53.665757+00
10,16384,t,-7247546679861143996,"FETCH 12 IN ""query-cursor_3""",0,0,0,0,0,0,1,0.001941,0.001941,0.001941,0.001941,0,12,0,0,0,0,0,0,0,0,0,0,0,0,0,0,0,0,0,0,0,0,0,0,0,0,0,0,0,0,0,2026-09-28 19:20:53.64988+00,2026-09-28 19:20:53.64988+00
10,16384,t,7834730955411449128,"FETCH 43 IN ""query-cursor_105""",0,0,0,0,0,0,1,0.015367,0.015367,0.015367,0.015367,0,43,0,0,0,0,0,0,0,0,0,0,0,0,0,0,0,0,0,0,0,0,0,0,0,0,0,0,0,0,0,2026-09-28 21:13:54.025757+00,2026-09-28 21:13:54.025757+00
10,16384,t,8919800113060031318,"MOVE ALL IN ""query-cursor_60""",0,0,0,0,0,0,1,1.23529,1.23529,1.23529,1.23529,0,0,0,0,0,0,0,0,0,0,0,0,0,0,0,0,0,0,0,0,0,0,0,0,0,0,0,0,0,0,0,2026-09-28 20:17:53.653665+00,2026-09-28 20:17:53.653665+00
10,16384,t,5557684501670008027,BEGIN,0,0,0,0,0,0,15273,7.057001000000001,0.000123,0.03025,0.00046205729064361956,0.0006910771465820858,0,0,0,0,0,0,0,0,0,0,0,0,0,0,0,0,0,0,0,0,0,0,0,0,0,0,0,0,0,0,2026-09-28 19:18:53.016003+00,2026-09-28 19:18:53.016003+00
10,16384,t,2705439451685909827,"FETCH 0 IN ""query-cursor_121""",0,0,0,0,0,0,1,0.006696,0.006696,0.006696,0.006696,0,0,0,0,0,0,0,0,0,0,0,0,0,0,0,0,0,0,0,0,0,0,0,0,0,0,0,0,0,0,0,2026-09-28 21:45:53.734455+00,2026-09-28 21:45:53.734455+00
10,16384,t,4588602741799228416,"FETCH 33 IN ""query-cursor_226""",0,0,0,0,0,0,1,0.002612,0.002612,0.002612,0.002612,0,33,0,0,0,0,0,0,0,0,0,0,0,0,0,0,0,0,0,0,0,0,0,0,0,0,0,0,0,0,0,2026-09-29 01:15:53.682975+00,2026-09-29 01:15:53.682975+00
10,16384,t,7004076517161492689,"select coalesce(max(nullif(age(catalog_xmin),$1)),$2) as oldest_inactive_logical_replication_slot_xid_age from pg_replication_slots where active = $3 and slot_type = $4",0,0,0,0,0,0,470,3.8440770000000013,0.004128,0.035717,0.008178887234042555,0.0035911584064267895,470,0,0,0,0,0,0,0,0,0,0,0,0,0,0,0,0,0,0,0,0,0,0,0,0,0,0,0,0,0,2026-09-28 19:18:53.216644+00,2026-09-28 19:18:53.216644+00
10,16384,t,3111100244916819542,"MOVE -1809 IN ""query-cursor_189""",0,0,0,0,0,0,1,0.135252,0.135252,0.135252,0.135252,0,0,0,0,0,0,0,0,0,0,0,0,0,0,0,0,0,0,0,0,0,0,0,0,0,0,0,0,0,0,0,2026-09-29 00:07:53.99128+00,2026-09-29 00:07:53.99128+00
16410,16412,t,-495937983287690095,"SELECT RES_ENT_ID,LIB_FEAT_ID,FTYPE_ID,UTYPE_CODE,SUPPRESSED,OBS_ENT_CNT FROM RES_FEAT_EKEY WHERE RES_ENT_ID IN ($1) AND FTYPE_ID IN ($2,$3,$4,$5,$6,$7,$8,$9,$10,$11,$12,$13,$14,$15,$16,$17,$18,$19,$20,$21,$22,$23,$24,$25,$26,$27,$28,$29,$30,$31,$32,$33,$34,$35,$36,$37,$38,$39,$40,$41,$42,$43,$44,$45,$46,$47,$48,$49,$50,$51,$52,$53,$54,$55,$56,$57,$58)",0,0,0,0,0,0,751569,94724.35785699775,0.005772,107.91088599999999,0.1260354775902116,1.572687722551354,3130181,3981305,0,0,0,0,0,0,0,0,0,0,0,0,0,0,0,0,0,0,0,0,0,0,0,0,0,0,0,0,2026-09-28 20:45:08.31377+00,2026-09-28 20:45:08.31377+00
10,16384,t,-2642268048763492289,"FETCH 37 IN ""query-cursor_19""",0,0,0,0,0,0,1,0.002828,0.002828,0.002828,0.002828,0,37,0,0,0,0,0,0,0,0,0,0,0,0,0,0,0,0,0,0,0,0,0,0,0,0,0,0,0,0,0,2026-09-28 19:36:53.650691+00,2026-09-28 19:36:53.650691+00
16410,16412,t,2649404786454762074,"SELECT RES_REL_ID,MIN_RES_ENT_ID,MAX_RES_ENT_ID,IS_DISCLOSED,IS_AMBIGUOUS,LAST_ERRULE_ID,MATCH_LEVELS FROM RES_RELATE WHERE RES_REL_ID IN ($1,$2)",0,0,0,0,0,0,1,0.033198000000000005,0.033198000000000005,0.033198000000000005,0.033198000000000005,0,2,8,0,0,0,0,0,0,0,0,0,0,0,0,0,0,0,0,0,0,0,0,0,0,0,0,0,0,0,0,2026-09-28 23:51:57.321589+00,2026-09-28 23:51:57.321589+00
16410,16412,t,3504793455589934617,"INSERT INTO RES_FEAT_STAT(LIB_FEAT_ID,FTYPE_ID,NUM_RES_ENT,NUM_RES_ENT_OOM) VALUES ($1,$2,$3,$4),($5,$6,$7,$8),($9,$10,$11,$12),($13,$14,$15,$16),($17,$18,$19,$20),($21,$22,$23,$24),($25,$26,$27,$28),($29,$30,$31,$32),($33,$34,$35,$36),($37,$38,$39,$40),($41,$42,$43,$44),($45,$46,$47,$48),($49,$50,$51,$52),($53,$54,$55,$56),($57,$58,$59,$60),($61,$62,$63,$64),($65,$66,$67,$68),($69,$70,$71,$72),($73,$74,$75,$76),($77,$78,$79,$80),($81,$82,$83,$84),($85,$86,$87,$88),($89,$90,$91,$92) ON CONFLICT DO NOTHING",0,0,0,0,0,0,672438,15675604.42316969,0.20757,3039.1417340000003,23.311598129745327,89.60033987805667,15466041,152365250,4223,0,145801,0,0,0,0,0,0,23907.63580899998,14824.392286000073,0,0,0,0,0,0,0,0,0,0,0,0,0,0,0,0,0,2026-09-28 20:44:52.405044+00,2026-09-28 20:44:52.405044+00
16410,16412,t,-6470194704296245281,"SELECT RES_ENT_ID,LIB_FEAT_ID,FTYPE_ID,UTYPE_CODE,SUPPRESSED,OBS_ENT_CNT FROM RES_FEAT_EKEY WHERE RES_ENT_ID IN ($1,$2,$3,$4) AND FTYPE_ID IN ($5,$6,$7,$8,$9,$10,$11,$12,$13,$14,$15,$16,$17,$18,$19,$20,$21,$22,$23,$24,$25,$26,$27,$28,$29,$30,$31,$32,$33,$34,$35,$36,$37,$38,$39,$40,$41,$42,$43,$44,$45,$46,$47,$48,$49,$50,$51,$52,$53,$54,$55,$56)",0,0,0,0,0,0,52,19.198577000000007,0.06344100000000001,14.14811,0.36920340384615397,1.9296380587874133,421,862,0,0,0,0,0,0,0,0,0,0,0,0,0,0,0,0,0,0,0,0,0,0,0,0,0,0,0,0,2026-09-28 21:33:56.92449+00,2026-09-28 21:33:56.92449+00
10,16384,t,-7627603449350138864,"FETCH 50 IN ""query-cursor_13""",0,0,0,0,0,0,4,0.014267,0.002933,0.004858,0.00356675,0.000764674890067668,200,0,0,0,0,0,0,0,0,0,0,0,0,0,0,0,0,0,0,0,0,0,0,0,0,0,0,0,0,0,2026-09-28 19:30:53.649407+00,2026-09-28 19:30:53.649407+00
10,16384,t,-8690369467489973595,"MOVE -572 IN ""query-cursor_70""",0,0,0,0,0,0,1,0.014618,0.014618,0.014618,0.014618,0,0,0,0,0,0,0,0,0,0,0,0,0,0,0,0,0,0,0,0,0,0,0,0,0,0,0,0,0,0,0,2026-09-28 20:27:53.65456+00,2026-09-28 20:27:53.65456+00
10,16384,t,-45755938451307260,"MOVE -480 IN ""query-cursor_55""",0,0,0,0,0,0,1,0.012675,0.012675,0.012675,0.012675,0,0,0,0,0,0,0,0,0,0,0,0,0,0,0,0,0,0,0,0,0,0,0,0,0,0,0,0,0,0,0,2026-09-28 20:12:53.653249+00,2026-09-28 20:12:53.653249+00
16410,16412,t,54861303322837064,DEALLOCATE ALL,0,0,0,0,0,0,3259,95.7773729999999,0.000574,17.277793,0.02938857717091129,0.32614701381662337,0,0,0,0,0,0,0,0,0,0,0,0,0,0,0,0,0,0,0,0,0,0,0,0,0,0,0,0,0,0,2026-09-28 19:21:52.345995+00,2026-09-28 19:21:52.345995+00
10,16384,t,-1727729175226582958,"FETCH 0 IN ""query-cursor_78""",0,0,0,0,0,0,1,0.003745,0.003745,0.003745,0.003745,0,0,0,0,0,0,0,0,0,0,0,0,0,0,0,0,0,0,0,0,0,0,0,0,0,0,0,0,0,0,0,2026-09-28 20:35:53.653815+00,2026-09-28 20:35:53.653815+00
10,16384,t,-7844948622299513833,"MOVE ALL IN ""query-cursor_46""",0,0,0,0,0,0,1,0.949948,0.949948,0.949948,0.949948,0,0,0,0,0,0,0,0,0,0,0,0,0,0,0,0,0,0,0,0,0,0,0,0,0,0,0,0,0,0,0,2026-09-28 20:03:53.652277+00,2026-09-28 20:03:53.652277+00
10,16384,t,8391399076310846720,"FETCH 9 IN ""query-cursor_35""",0,0,0,0,0,0,1,0.001533,0.001533,0.001533,0.001533,0,9,0,0,0,0,0,0,0,0,0,0,0,0,0,0,0,0,0,0,0,0,0,0,0,0,0,0,0,0,0,2026-09-28 19:52:53.652832+00,2026-09-28 19:52:53.652832+00
10,16384,t,7685826574134660904,"FETCH 0 IN ""query-cursor_172""",0,0,0,0,0,0,1,0.009359,0.009359,0.009359,0.009359,0,0,0,0,0,0,0,0,0,0,0,0,0,0,0,0,0,0,0,0,0,0,0,0,0,0,0,0,0,0,0,2026-09-28 23:33:53.906973+00,2026-09-28 23:33:53.906973+00
10,16384,t,1914121946488229798,"FETCH 0 IN ""query-cursor_58""",0,0,0,0,0,0,1,0.003953,0.003953,0.003953,0.003953,0,0,0,0,0,0,0,0,0,0,0,0,0,0,0,0,0,0,0,0,0,0,0,0,0,0,0,0,0,0,0,2026-09-28 20:15:53.652189+00,2026-09-28 20:15:53.652189+00
10,16384,t,1214252320055290937,"FETCH 47 IN ""query-cursor_66""",0,0,0,0,0,0,1,0.003754,0.003754,0.003754,0.003754,0,47,0,0,0,0,0,0,0,0,0,0,0,0,0,0,0,0,0,0,0,0,0,0,0,0,0,0,0,0,0,2026-09-28 20:23:53.656093+00,2026-09-28 20:23:53.656093+00
10,16384,t,8743362861520162582,"MOVE ALL IN ""query-cursor_25""",0,0,0,0,0,0,1,0.591519,0.591519,0.591519,0.591519,0,0,0,0,0,0,0,0,0,0,0,0,0,0,0,0,0,0,0,0,0,0,0,0,0,0,0,0,0,0,0,2026-09-28 19:42:53.650363+00,2026-09-28 19:42:53.650363+00
10,16384,t,7960764577333841111,"MOVE ALL IN ""query-cursor_58""",0,0,0,0,0,0,1,1.114987,1.114987,1.114987,1.114987,0,0,0,0,0,0,0,0,0,0,0,0,0,0,0,0,0,0,0,0,0,0,0,0,0,0,0,0,0,0,0,2026-09-28 20:15:53.653352+00,2026-09-28 20:15:53.653352+00
10,16384,t,2629785778744347016,"FETCH 5 IN ""query-cursor_22""",0,0,0,0,0,0,1,0.001514,0.001514,0.001514,0.001514,0,5,0,0,0,0,0,0,0,0,0,0,0,0,0,0,0,0,0,0,0,0,0,0,0,0,0,0,0,0,0,2026-09-28 19:39:53.651106+00,2026-09-28 19:39:53.651106+00
10,16384,t,-3906166199474344128,"DECLARE ""query-cursor_89"" SCROLL CURSOR FOR select queryid, left(query, $1), calls, (total_plan_time + total_exec_time) as total_time from aurora_stat_statements($2) order by calls desc limit $3 FOR READ ONLY",0,0,0,0,0,0,1,0.082615,0.082615,0.082615,0.082615,0,0,0,0,0,0,0,0,0,0,0,0,0,0,0,0,0,0,0,0,0,0,0,0,0,0,0,0,0,0,0,2026-09-28 20:46:53.654669+00,2026-09-28 20:46:53.654669+00
16410,16412,t,-1782346235376703490,"SELECT VAR_VALUE,SYS_LSTUPD_DT FROM SYS_VARS WHERE VAR_GROUP=$1 AND VAR_CODE=$2",0,0,0,0,0,0,5407,387.9186870000002,0.00527,50.968835999999996,0.07174379267616057,1.2785278091434749,3094,8495,6,0,0,0,0,0,0,0,0,11.341027,0,0,0,0,0,0,0,0,0,0,0,0,0,0,0,0,0,0,2026-09-28 19:21:52.019418+00,2026-09-28 19:21:52.019418+00
16410,16412,t,-7361650111426746321,DELETE FROM RES_ENT WHERE RES_ENT_ID IN ($1),0,0,0,0,0,0,398476,310766.88137000124,0.010215,186.639707,0.7798885789106527,2.9531241985282115,398474,1999053,0,0,0,0,0,0,0,0,0,0,0,0,0,0,0,0,0,0,0,0,0,0,0,0,0,0,0,0,2026-09-28 20:44:57.338529+00,2026-09-28 20:44:57.338529+00
10,16384,t,1719774922926882336,"FETCH 0 IN ""query-cursor_62""",0,0,0,0,0,0,1,0.003141,0.003141,0.003141,0.003141,0,0,0,0,0,0,0,0,0,0,0,0,0,0,0,0,0,0,0,0,0,0,0,0,0,0,0,0,0,0,0,2026-09-28 20:19:53.652473+00,2026-09-28 20:19:53.652473+00
10,16384,t,-930095354357655217,"MOVE -632 IN ""query-cursor_80""",0,0,0,0,0,0,1,0.015382,0.015382,0.015382,0.015382,0,0,0,0,0,0,0,0,0,0,0,0,0,0,0,0,0,0,0,0,0,0,0,0,0,0,0,0,0,0,0,2026-09-28 20:37:53.655359+00,2026-09-28 20:37:53.655359+00
10,16384,t,-5363250075390101307,"MOVE -650 IN ""query-cursor_83""",0,0,0,0,0,0,1,0.016541,0.016541,0.016541,0.016541,0,0,0,0,0,0,0,0,0,0,0,0,0,0,0,0,0,0,0,0,0,0,0,0,0,0,0,0,0,0,0,2026-09-28 20:40:53.655602+00,2026-09-28 20:40:53.655602+00
10,16384,t,934824720057303623,"FETCH 37 IN ""query-cursor_48""",0,0,0,0,0,0,1,0.00289,0.00289,0.00289,0.00289,0,37,0,0,0,0,0,0,0,0,0,0,0,0,0,0,0,0,0,0,0,0,0,0,0,0,0,0,0,0,0,2026-09-28 20:05:53.654295+00,2026-09-28 20:05:53.654295+00
10,16384,t,-5227578968984725450,"FETCH 0 IN ""query-cursor_131""",0,0,0,0,0,0,1,0.005278,0.005278,0.005278,0.005278,0,0,0,0,0,0,0,0,0,0,0,0,0,0,0,0,0,0,0,0,0,0,0,0,0,0,0,0,0,0,0,2026-09-28 22:05:53.999678+00,2026-09-28 22:05:53.999678+00
16410,16412,t,-1056071011636259371,"SELECT OBS_ENT_ID,DSRC_ID,ENT_SRC_KEY,LOCKING_ID,FEATURES FROM OBS_ENT WHERE OBS_ENT_ID IN ($1,$2,$3,$4)",0,0,0,0,0,0,3474917,703650.5858480226,0.009332,859.153597,0.20249421377489668,2.4735010605766448,11522079,56707096,52523,0,0,0,0,0,0,0,0,258214.86519700073,0,0,0,0,0,0,0,0,0,0,0,0,0,0,0,0,0,0,2026-09-28 20:45:41.812603+00,2026-09-28 20:45:41.812603+00
10,16384,t,534799694257649285,"FETCH 0 IN ""query-cursor_184""",0,0,0,0,0,0,1,0.010804,0.010804,0.010804,0.010804,0,0,0,0,0,0,0,0,0,0,0,0,0,0,0,0,0,0,0,0,0,0,0,0,0,0,0,0,0,0,0,2026-09-28 23:57:53.715925+00,2026-09-28 23:57:53.715925+00
16410,16412,t,6072016675911376610,"SELECT RES_REL_ID,MIN_RES_ENT_ID,MAX_RES_ENT_ID,IS_DISCLOSED,IS_AMBIGUOUS,LAST_ERRULE_ID,MATCH_LEVELS,MATCH_KEY,MATCH_KEY_DETAILS FROM RES_RELATE WHERE RES_REL_ID IN ($1,$2)",0,0,0,0,0,0,4510273,8714090.828991082,0.008119,982.762394,1.9320539641372223,13.421053976304528,9020493,30529585,784447,0,0,0,0,0,0,0,0,7767549.285249109,0,0,0,0,0,0,0,0,0,0,0,0,0,0,0,0,0,0,2026-09-28 20:44:58.634059+00,2026-09-28 20:44:58.634059+00
10,16384,t,6431684993456941768,"FETCH 0 IN ""query-cursor_220""",0,0,0,0,0,0,1,0.005806,0.005806,0.005806,0.005806,0,0,0,0,0,0,0,0,0,0,0,0,0,0,0,0,0,0,0,0,0,0,0,0,0,0,0,0,0,0,0,2026-09-29 01:03:53.66656+00,2026-09-29 01:03:53.66656+00
10,16384,t,7529272478628963604,"FETCH 46 IN ""query-cursor_33""",0,0,0,0,0,0,1,0.003558,0.003558,0.003558,0.003558,0,46,0,0,0,0,0,0,0,0,0,0,0,0,0,0,0,0,0,0,0,0,0,0,0,0,0,0,0,0,0,2026-09-28 19:50:53.652425+00,2026-09-28 19:50:53.652425+00
10,16384,t,6060639965963251794,"FETCH 13 IN ""query-cursor_206""",0,0,0,0,0,0,1,0.005922,0.005922,0.005922,0.005922,0,13,0,0,0,0,0,0,0,0,0,0,0,0,0,0,0,0,0,0,0,0,0,0,0,0,0,0,0,0,0,2026-09-29 00:35:53.711117+00,2026-09-29 00:35:53.711117+00
10,16384,t,4373175582561231359,"MOVE ALL IN ""query-cursor_233""",0,0,0,0,0,0,1,6.276212,6.276212,6.276212,6.276212,0,0,0,0,0,0,0,0,0,0,0,0,0,0,0,0,0,0,0,0,0,0,0,0,0,0,0,0,0,0,0,2026-09-29 01:23:53.673104+00,2026-09-29 01:23:53.673104+00
10,16384,t,-9125089809541743700,"FETCH 25 IN ""query-cursor_208""",0,0,0,0,0,0,1,0.008671,0.008671,0.008671,0.008671,0,25,0,0,0,0,0,0,0,0,0,0,0,0,0,0,0,0,0,0,0,0,0,0,0,0,0,0,0,0,0,2026-09-29 00:39:53.741352+00,2026-09-29 00:39:53.741352+00
10,16384,t,-8920447358576804304,"DECLARE ""query-cursor_7"" SCROLL CURSOR FOR select queryid, left(query, $1), calls, (total_plan_time + total_exec_time) as total_time from aurora_stat_statements($2) order by calls desc limit $3 FOR READ ONLY",0,0,0,0,0,0,1,0.063193,0.063193,0.063193,0.063193,0,0,0,0,0,0,0,0,0,0,0,0,0,0,0,0,0,0,0,0,0,0,0,0,0,0,0,0,0,0,0,2026-09-28 19:24:53.648274+00,2026-09-28 19:24:53.648274+00
16410,16412,t,6879607809688759379,"SELECT RES_ENT_ID,LIB_FEAT_ID,FTYPE_ID,UTYPE_CODE,SUPPRESSED,OBS_ENT_CNT FROM RES_FEAT_EKEY WHERE RES_ENT_ID IN ($1) AND FTYPE_ID IN ($2,$3,$4,$5,$6,$7,$8,$9)",0,0,0,0,0,0,6354,6790.902420000011,0.018101000000000003,313.452449,1.0687602171860264,8.34209858670112,75546,34574,268,0,0,0,0,0,0,0,0,5544.544750999999,0,0,0,0,0,0,0,0,0,0,0,0,0,0,0,0,0,0,2026-09-28 20:44:54.002821+00,2026-09-28 20:44:54.002821+00
10,16384,t,9167519623337689516,"MOVE ALL IN ""query-cursor_101""",0,0,0,0,0,0,1,31.696154,31.696154,31.696154,31.696154,0,0,0,0,0,0,0,0,0,0,0,0,0,0,0,0,0,0,0,0,0,0,0,0,0,0,0,0,0,0,0,2026-09-28 21:05:54.171437+00,2026-09-28 21:05:54.171437+00
10,16384,t,-5935799378569354668,"MOVE ALL IN ""query-cursor_3""",0,0,0,0,0,0,1,0.302606,0.302606,0.302606,0.302606,0,0,0,0,0,0,0,0,0,0,0,0,0,0,0,0,0,0,0,0,0,0,0,0,0,0,0,0,0,0,0,2026-09-28 19:20:53.649375+00,2026-09-28 19:20:53.649375+00
10,16384,t,-3849240192938478118,"FETCH 47 IN ""query-cursor_220""",0,0,0,0,0,0,1,0.011729,0.011729,0.011729,0.011729,0,47,0,0,0,0,0,0,0,0,0,0,0,0,0,0,0,0,0,0,0,0,0,0,0,0,0,0,0,0,0,2026-09-29 01:03:53.696296+00,2026-09-29 01:03:53.696296+00
16410,16412,t,-5053388979459574900,"SELECT RES_ENT_ID,LIB_FEAT_ID,FTYPE_ID,UTYPE_CODE,SUPPRESSED,OBS_ENT_CNT FROM RES_FEAT_EKEY WHERE RES_ENT_ID IN ($1,$2) AND FTYPE_ID IN ($3,$4,$5,$6,$7,$8,$9,$10,$11,$12,$13,$14,$15,$16,$17,$18,$19,$20,$21,$22,$23,$24,$25,$26,$27,$28,$29,$30,$31,$32,$33,$34,$35,$36,$37,$38,$39,$40,$41,$42,$43,$44,$45,$46,$47,$48,$49,$50,$51,$52,$53,$54,$55,$56)",0,0,0,0,0,0,4200,1253.0891240000012,0.036515,94.417718,0.2983545533333336,2.7465701621769356,37479,45511,0,0,0,0,0,0,0,0,0,0,0,0,0,0,0,0,0,0,0,0,0,0,0,0,0,0,0,0,2026-09-28 21:01:56.282201+00,2026-09-28 21:01:56.282201+00
10,16384,t,6276675153760476632,"MOVE -1101 IN ""query-cursor_91""",0,0,0,0,0,0,1,0.049968,0.049968,0.049968,0.049968,0,0,0,0,0,0,0,0,0,0,0,0,0,0,0,0,0,0,0,0,0,0,0,0,0,0,0,0,0,0,0,2026-09-28 20:48:53.65949+00,2026-09-28 20:48:53.65949+00
10,16384,t,4741742688108169213,"FETCH 0 IN ""query-cursor_51""",0,0,0,0,0,0,1,0.00318,0.00318,0.00318,0.00318,0,0,0,0,0,0,0,0,0,0,0,0,0,0,0,0,0,0,0,0,0,0,0,0,0,0,0,0,0,0,0,2026-09-28 20:08:53.651658+00,2026-09-28 20:08:53.651658+00
10,16384,t,1247638709971995158,"MOVE -644 IN ""query-cursor_82""",0,0,0,0,0,0,1,0.016047,0.016047,0.016047,0.016047,0,0,0,0,0,0,0,0,0,0,0,0,0,0,0,0,0,0,0,0,0,0,0,0,0,0,0,0,0,0,0,2026-09-28 20:39:53.655527+00,2026-09-28 20:39:53.655527+00
10,16384,t,-9146895903284900255,"MOVE ALL IN ""query-cursor_33""",0,0,0,0,0,0,1,0.770002,0.770002,0.770002,0.770002,0,0,0,0,0,0,0,0,0,0,0,0,0,0,0,0,0,0,0,0,0,0,0,0,0,0,0,0,0,0,0,2026-09-28 19:50:53.651115+00,2026-09-28 19:50:53.651115+00
16410,16412,t,-6055356073271835131,"SELECT RES_ENT_ID,LIB_FEAT_ID,FTYPE_ID,UTYPE_CODE,SUPPRESSED,OBS_ENT_CNT FROM RES_FEAT_EKEY WHERE RES_ENT_ID IN ($1,$2) AND FTYPE_ID IN ($3,$4,$5,$6,$7,$8,$9)",0,0,0,0,0,0,1207,3293.678794999999,0.030840999999999997,373.907796,2.7288142460646223,18.65530315028699,25994,13360,128,0,0,0,0,0,0,0,0,2857.8920350000003,0,0,0,0,0,0,0,0,0,0,0,0,0,0,0,0,0,0,2026-09-28 20:45:32.639743+00,2026-09-28 20:45:32.639743+00
16410,16412,t,-3439576889678045830,"UPDATE RES_RELATE AS T SET IS_DISCLOSED=C.IS_DISCLOSED,IS_AMBIGUOUS=C.IS_AMBIGUOUS,LAST_ERRULE_ID=C.LAST_ERRULE_ID,MATCH_KEY=C.MATCH_KEY,MATCH_KEY_DETAILS=C.MATCH_KEY_DETAILS,MATCH_LEVELS=C.MATCH_LEVELS FROM (VALUES (CAST ($1 AS BIGINT),CAST ($2 AS BIGINT),CAST ($3 AS BIGINT),CAST ($4 AS BIGINT),$5,$6,$7),(CAST ($8 AS BIGINT),CAST ($9 AS BIGINT),CAST ($10 AS BIGINT),CAST ($11 AS BIGINT),$12,$13,$14),(CAST ($15 AS BIGINT),CAST ($16 AS BIGINT),CAST ($17 AS BIGINT),CAST ($18 AS BIGINT),$19,$20,$21),(CAST ($22 AS BIGINT),CAST ($23 AS BIGINT),CAST ($24 AS BIGINT),CAST ($25 AS BIGINT),$26,$27,$28),(CAST ($29 AS BIGINT),CAST ($30 AS BIGINT),CAST ($31 AS BIGINT),CAST ($32 AS BIGINT),$33,$34,$35),(CAST ($36 AS BIGINT),CAST ($37 AS BIGINT),CAST ($38 AS BIGINT),CAST ($39 AS BIGINT),$40,$41,$42),(CAST ($43 AS BIGINT),CAST ($44 AS BIGINT),CAST ($45 AS BIGINT),CAST ($46 AS BIGINT),$47,$48,$49),(CAST ($50 AS BIGINT),CAST ($51 AS BIGINT),CAST ($52 AS BIGINT),CAST ($53 AS BIGINT),$54,$55,$56),(CAST ($57 AS BIGINT),CAST ($58 AS BIGINT),CAST ($59 AS BIGINT),CAST ($60 AS BIGINT),$61,$62,$63),(CAST ($64 AS BIGINT),CAST ($65 AS BIGINT),CAST ($66 AS BIGINT),CAST ($67 AS BIGINT),$68,$69,$70),(CAST ($71 AS BIGINT),CAST ($72 AS BIGINT),CAST ($73 AS BIGINT),CAST ($74 AS BIGINT),$75,$76,$77),(CAST ($78 AS BIGINT),CAST ($79 AS BIGINT),CAST ($80 AS BIGINT),CAST ($81 AS BIGINT),$82,$83,$84),(CAST ($85 AS BIGINT),CAST ($86 AS BIGINT),CAST ($87 AS BIGINT),CAST ($88 AS BIGINT),$89,$90,$91)) AS C(RES_REL_ID,IS_DISCLOSED,IS_AMBIGUOUS,LAST_ERRULE_ID,MATCH_KEY,MATCH_KEY_DETAILS,MATCH_LEVELS) WHERE C.RES_REL_ID=T.RES_REL_ID",0,0,0,0,0,0,264,3363.721469999997,0.236666,461.79621,12.741369204545444,42.2642071054591,3432,33735,166,0,0,0,0,0,0,0,0,1823.3611220000014,0,0,0,0,0,0,0,0,0,0,0,0,0,0,0,0,0,0,2026-09-28 21:12:38.71169+00,2026-09-28 21:12:38.71169+00
10,16384,t,1706807943301527093,"DECLARE ""query-cursor_213"" SCROLL CURSOR FOR select queryid, left(query, $1), calls, (total_plan_time + total_exec_time) as total_time from aurora_stat_statements($2) order by calls desc limit $3 FOR READ ONLY",0,0,0,0,0,0,1,0.081987,0.081987,0.081987,0.081987,0,0,0,0,0,0,0,0,0,0,0,0,0,0,0,0,0,0,0,0,0,0,0,0,0,0,0,0,0,0,0,2026-09-29 00:49:53.678485+00,2026-09-29 00:49:53.678485+00
16410,16412,t,7826466606882716716,"SELECT RES_REL_ID,MIN_RES_ENT_ID,MAX_RES_ENT_ID,IS_DISCLOSED,IS_AMBIGUOUS,LAST_ERRULE_ID,MATCH_LEVELS,MATCH_KEY,MATCH_KEY_DETAILS FROM RES_RELATE WHERE RES_REL_ID IN ($1,$2,$3,$4,$5,$6,$7,$8,$9,$10,$11,$12,$13,$14,$15,$16,$17,$18,$19,$20,$21,$22,$23,$24,$25,$26,$27,$28,$29,$30,$31,$32,$33,$34,$35,$36,$37,$38,$39,$40,$41,$42,$43,$44,$45,$46,$47,$48,$49,$50,$51,$52,$53,$54,$55,$56,$57,$58,$59,$60,$61,$62,$63,$64,$65,$66,$67,$68,$69,$70,$71,$72,$73,$74,$75,$76,$77,$78,$79,$80,$81,$82,$83,$84,$85,$86,$87,$88,$89,$90,$91,$92,$93,$94,$95,$96,$97,$98,$99,$100)",0,0,0,0,0,0,997,26223.722528000017,0.271422,532.1899450000001,26.302630419257788,41.14168882525921,72707,119385,7568,0,0,0,0,0,0,0,0,23758.41493399997,0,0,0,0,0,0,0,0,0,0,0,0,0,0,0,0,0,0,2026-09-28 21:01:13.202568+00,2026-09-28 21:01:13.202568+00
10,16384,t,-6908601559339966820,"FETCH 50 IN ""query-cursor_11""",0,0,0,0,0,0,3,0.012201,0.003318,0.005523,0.004067,0.0010296902446852647,150,0,0,0,0,0,0,0,0,0,0,0,0,0,0,0,0,0,0,0,0,0,0,0,0,0,0,0,0,0,2026-09-28 19:28:53.649203+00,2026-09-28 19:28:53.649203+00
10,16384,t,-3038392765975484580,"select coalesce(max(nullif(age(transaction),$1)),$2) as oldest_prepared_transaction_xid_age from pg_prepared_xacts",0,0,0,0,0,0,235,1.3666570000000002,0.003337,0.031226999999999998,0.00581556170212766,0.002660967533088349,235,0,0,0,0,0,0,0,0,0,0,0,0,0,0,0,0,0,0,0,0,0,0,0,0,0,0,0,0,0,2026-09-28 19:18:53.22021+00,2026-09-28 19:18:53.22021+00
10,16384,t,3536403491556231928,"DECLARE ""query-cursor_182"" SCROLL CURSOR FOR select queryid, left(query, $1), calls, (total_plan_time + total_exec_time) as total_time from aurora_stat_statements($2) order by calls desc limit $3 FOR READ ONLY",0,0,0,0,0,0,1,0.098442,0.098442,0.098442,0.098442,0,0,0,0,0,0,0,0,0,0,0,0,0,0,0,0,0,0,0,0,0,0,0,0,0,0,0,0,0,0,0,2026-09-28 23:53:53.868962+00,2026-09-28 23:53:53.868962+00
10,16384,t,-6328929103881034557,"DECLARE ""query-cursor_92"" SCROLL CURSOR FOR select queryid, left(query, $1), calls, (total_plan_time + total_exec_time) as total_time from aurora_stat_statements($2) order by calls desc limit $3 FOR READ ONLY",0,0,0,0,0,0,1,0.056546,0.056546,0.056546,0.056546,0,0,0,0,0,0,0,0,0,0,0,0,0,0,0,0,0,0,0,0,0,0,0,0,0,0,0,0,0,0,0,2026-09-28 20:49:53.654744+00,2026-09-28 20:49:53.654744+00
16410,16412,t,-677922492973750577,SET default_transaction_read_only TO $1,0,0,0,0,0,0,2760,78.28274000000006,0.009291,17.880578,0.02836331159420292,0.34031631658845984,0,0,0,0,0,0,0,0,0,0,0,0,0,0,0,0,0,0,0,0,0,0,0,0,0,0,0,0,0,0,2026-09-28 19:21:51.996009+00,2026-09-28 19:21:51.996009+00
16410,16412,t,-8384961428423428042,"SELECT         LIB_FEAT_ID,FEAT_DESC,FEAT_HASH,FELEM_VALUES from LIB_FEAT LIMIT $1",0,0,0,0,0,0,2310,44.04708299999995,0.0018700000000000001,7.747637,0.019068001298701277,0.16136711890480018,2281,4560,0,0,0,0,0,0,0,0,0,0,0,0,0,0,0,0,0,0,0,0,0,0,0,0,0,0,0,0,2026-09-28 19:23:17.629262+00,2026-09-28 19:23:17.629262+00
16410,16412,t,-9004821260994734050,"SELECT RES_ENT_ID,LIB_FEAT_ID,FTYPE_ID,UTYPE_CODE,SUPPRESSED,OBS_ENT_CNT FROM RES_FEAT_EKEY WHERE RES_ENT_ID IN ($1,$2,$3,$4,$5,$6,$7,$8,$9,$10,$11,$12,$13,$14,$15,$16,$17,$18,$19,$20,$21,$22,$23,$24,$25,$26,$27,$28,$29,$30,$31,$32,$33,$34,$35,$36,$37,$38,$39,$40,$41,$42,$43,$44,$45,$46,$47,$48,$49,$50,$51,$52,$53,$54,$55,$56,$57,$58,$59,$60,$61,$62,$63,$64) AND FTYPE_ID IN ($65,$66,$67,$68,$69,$70,$71,$72,$73,$74,$75,$76,$77)",0,0,0,0,0,0,3,196.645023,45.070288,85.77201600000001,65.54834100000001,16.617384404525666,2553,628,4,0,0,0,0,0,0,0,0,167.292179,0,0,0,0,0,0,0,0,0,0,0,0,0,0,0,0,0,0,2026-09-28 23:11:01.510804+00,2026-09-28 23:11:01.510804+00
10,16384,t,3368439877148107517,"MOVE ALL IN ""query-cursor_96""",0,0,0,0,0,0,1,5.18,5.18,5.18,5.18,0,0,0,0,0,0,0,0,0,0,0,0,0,0,0,0,0,0,0,0,0,0,0,0,0,0,0,0,0,0,0,2026-09-28 20:55:53.668298+00,2026-09-28 20:55:53.668298+00
10,16384,t,6448355791224633608,"FETCH 0 IN ""query-cursor_230""",0,0,0,0,0,0,1,0.004054,0.004054,0.004054,0.004054,0,0,0,0,0,0,0,0,0,0,0,0,0,0,0,0,0,0,0,0,0,0,0,0,0,0,0,0,0,0,0,2026-09-29 01:19:53.666315+00,2026-09-29 01:19:53.666315+00
16410,16412,t,4284151609746319977,"SELECT LIB_FEAT_ID,FEAT_DESC,FTYPE_ID,ANONYMIZED,FEAT_HASH,VERSION,FELEM_VALUES FROM LIB_FEAT WHERE LIB_FEAT_ID IN ($1,$2,$3,$4,$5,$6,$7,$8,$9,$10,$11,$12,$13,$14,$15,$16,$17,$18,$19,$20,$21,$22,$23,$24,$25,$26,$27,$28,$29,$30,$31,$32)",0,0,0,0,0,0,11212461,108075900.594897,0.018227,1312.819037,9.638909833880092,34.39110690363788,251898604,405284426,12131682,0,0,0,0,0,0,0,0,100676521.6947789,0,0,0,0,0,0,0,0,0,0,0,0,0,0,0,0,0,0,2026-09-28 20:44:54.702308+00,2026-09-28 20:44:54.702308+00
10,16384,t,7575490234595257099,"FETCH 39 IN ""query-cursor_11""",0,0,0,0,0,0,1,0.00348,0.00348,0.00348,0.00348,0,39,0,0,0,0,0,0,0,0,0,0,0,0,0,0,0,0,0,0,0,0,0,0,0,0,0,0,0,0,0,2026-09-28 19:28:53.64985+00,2026-09-28 19:28:53.64985+00
10,16384,t,-8948125106588980930,"FETCH 0 IN ""query-cursor_161""",0,0,0,0,0,0,1,0.005742,0.005742,0.005742,0.005742,0,0,0,0,0,0,0,0,0,0,0,0,0,0,0,0,0,0,0,0,0,0,0,0,0,0,0,0,0,0,0,2026-09-28 23:09:53.66227+00,2026-09-28 23:09:53.66227+00
10,16384,t,-1877087638786899937,"FETCH 50 IN ""query-cursor_194""",0,0,0,0,0,0,36,0.2901929999999999,0.004177,0.013785,0.008060916666666664,0.0024067915292517077,1800,0,0,0,0,0,0,0,0,0,0,0,0,0,0,0,0,0,0,0,0,0,0,0,0,0,0,0,0,0,2026-09-29 00:17:53.668666+00,2026-09-29 00:17:53.668666+00
16410,16412,t,492506165253133166,"INSERT INTO SYS_CFG(CONFIG_DATA_ID,CONFIG_DATA,CONFIG_COMMENTS,SYS_CREATE_DT) VALUES ($1,$2,$3,$4) ON CONFLICT DO NOTHING",0,0,0,0,0,0,1,4.923329,4.923329,4.923329,4.923329,0,1,72,2,0,9,0,0,0,0,0,0,3.178665,0.033462,0,0,0,0,0,0,0,0,0,0,0,0,0,0,0,0,0,2026-09-28 19:21:52.16482+00,2026-09-28 19:21:52.16482+00
10,16384,t,-7753747320933276021,"FETCH 19 IN ""query-cursor_207""",0,0,0,0,0,0,1,0.006423,0.006423,0.006423,0.006423,0,19,0,0,0,0,0,0,0,0,0,0,0,0,0,0,0,0,0,0,0,0,0,0,0,0,0,0,0,0,0,2026-09-29 00:37:53.81598+00,2026-09-29 00:37:53.81598+00
16410,16412,t,-4353383288407881543,"SELECT RES_ENT_ID,LIB_FEAT_ID,FTYPE_ID,UTYPE_CODE,SUPPRESSED,OBS_ENT_CNT FROM RES_FEAT_EKEY WHERE RES_ENT_ID IN ($1) AND FTYPE_ID IN ($2,$3,$4,$5,$6,$7,$8,$9,$10,$11,$12,$13,$14,$15,$16,$17,$18,$19,$20,$21,$22,$23,$24,$25,$26,$27,$28,$29,$30,$31,$32,$33,$34,$35,$36,$37,$38,$39,$40,$41,$42,$43,$44,$45,$46,$47,$48,$49,$50,$51,$52,$53,$54,$55,$56,$57,$58,$59,$60,$61,$62,$63,$64,$65,$66)",0,0,0,0,0,0,990,302.67371000000037,0.008489,57.91619600000001,0.3057310202020206,3.1551501239416613,15103,5730,0,0,0,0,0,0,0,0,0,0,0,0,0,0,0,0,0,0,0,0,0,0,0,0,0,0,0,0,2026-09-28 20:55:36.919068+00,2026-09-28 20:55:36.919068+00
10,16384,t,-4642637571412840034,"FETCH 50 IN ""query-cursor_113""",0,0,0,0,0,0,26,0.448812,0.012096,0.027515,0.017262,0.004751597245623346,1300,0,0,0,0,0,0,0,0,0,0,0,0,0,0,0,0,0,0,0,0,0,0,0,0,0,0,0,0,0,2026-09-28 21:29:53.722649+00,2026-09-28 21:29:53.722649+00
16410,16412,t,6563348674723447594,"SELECT OBS_ENT_ID,RES_ENT_ID FROM RES_ENT_OKEY WHERE OBS_ENT_ID IN ($1,$2,$3,$4,$5,$6,$7,$8,$9,$10,$11,$12,$13,$14,$15,$16)",0,0,0,0,0,0,14,1.460673,0.078726,0.158973,0.10433378571428573,0.02123551194908651,127,679,0,0,0,0,0,0,0,0,0,0,0,0,0,0,0,0,0,0,0,0,0,0,0,0,0,0,0,0,2026-09-28 23:31:33.650318+00,2026-09-28 23:31:33.650318+00
10,16384,t,-4743445719899211092,"FETCH 49 IN ""query-cursor_21""",0,0,0,0,0,0,1,0.003291,0.003291,0.003291,0.003291,0,49,0,0,0,0,0,0,0,0,0,0,0,0,0,0,0,0,0,0,0,0,0,0,0,0,0,0,0,0,0,2026-09-28 19:38:53.650894+00,2026-09-28 19:38:53.650894+00
10,16384,t,6251776615054273393,"MOVE -1368 IN ""query-cursor_122""",0,0,0,0,0,0,1,0.096862,0.096862,0.096862,0.096862,0,0,0,0,0,0,0,0,0,0,0,0,0,0,0,0,0,0,0,0,0,0,0,0,0,0,0,0,0,0,0,2026-09-28 21:47:53.816311+00,2026-09-28 21:47:53.816311+00
16410,16412,t,-3391612307255970776,"SELECT count(*) AS active_client_backends
FROM pg_stat_activity
WHERE datname = current_database()
  AND state = $1
  AND backend_type = $2
  AND pid <> pg_backend_pid()",0,0,0,0,0,0,1,8.481928,8.481928,8.481928,8.481928,0,1,1,0,0,0,0,0,0,0,0,0,0,0,0,0,0,0,0,0,0,0,0,0,0,0,0,0,0,0,0,2026-09-29 01:20:47.438542+00,2026-09-29 01:20:47.438542+00
16410,16412,t,9059404307344346861,"SELECT RES_ENT_ID,LIB_FEAT_ID,FTYPE_ID,UTYPE_CODE,SUPPRESSED,OBS_ENT_CNT FROM RES_FEAT_EKEY WHERE RES_ENT_ID IN ($1,$2) AND FTYPE_ID IN ($3,$4,$5,$6,$7,$8,$9,$10,$11,$12,$13,$14,$15,$16,$17,$18,$19,$20,$21,$22,$23,$24,$25,$26,$27,$28,$29,$30,$31,$32,$33,$34,$35,$36,$37,$38,$39,$40,$41,$42,$43,$44,$45,$46,$47,$48,$49,$50,$51,$52,$53)",0,0,0,0,0,0,4450,911.6587499999978,0.031031999999999997,41.994253,0.20486713483146018,1.778379532978483,16439,48032,0,0,0,0,0,0,0,0,0,0,0,0,0,0,0,0,0,0,0,0,0,0,0,0,0,0,0,0,2026-09-28 20:49:40.044434+00,2026-09-28 20:49:40.044434+00
10,16384,t,1742980318731053706,"FETCH 50 IN ""query-cursor_80""",0,0,0,0,0,0,12,0.038495,0.002833,0.005576,0.0032079166666666666,0.0007282236902597689,600,0,0,0,0,0,0,0,0,0,0,0,0,0,0,0,0,0,0,0,0,0,0,0,0,0,0,0,0,0,2026-09-28 20:37:53.655396+00,2026-09-28 20:37:53.655396+00
16410,16412,t,-2703012667381545632,"CREATE TABLE RES_FEAT_EKEY (RES_ENT_ID BIGINT NOT NULL, LIB_FEAT_ID BIGINT NOT NULL, OBS_ENT_CNT BIGINT, USED_FROM_DT TIMESTAMP, USED_THRU_DT TIMESTAMP, FTYPE_ID SMALLINT NOT NULL, SUPPRESSED CHAR(1), UTYPE_CODE VARCHAR(255) NOT NULL, PRIMARY KEY(LIB_FEAT_ID, RES_ENT_ID, UTYPE_CODE))",0,0,0,0,0,0,1,3.095635,3.095635,3.095635,3.095635,0,0,300,0,0,2,0,0,0,0,0,0,0,0.00475,0,0,0,0,0,0,0,0,0,0,0,0,0,0,0,0,0,2026-09-28 19:20:35.877604+00,2026-09-28 19:20:35.877604+00
16410,16412,t,-8146812299997567330,"UPDATE RES_FEAT_EKEY AS T SET SUPPRESSED=C.SUPPRESSED,OBS_ENT_CNT=C.OBS_ENT_CNT FROM (VALUES (CAST ($1 AS BIGINT),CAST ($2 AS BIGINT),$3,$4,CAST ($5 AS BIGINT)),(CAST ($6 AS BIGINT),CAST ($7 AS BIGINT),$8,$9,CAST ($10 AS BIGINT)),(CAST ($11 AS BIGINT),CAST ($12 AS BIGINT),$13,$14,CAST ($15 AS BIGINT)),(CAST ($16 AS BIGINT),CAST ($17 AS BIGINT),$18,$19,CAST ($20 AS BIGINT)),(CAST ($21 AS BIGINT),CAST ($22 AS BIGINT),$23,$24,CAST ($25 AS BIGINT)),(CAST ($26 AS BIGINT),CAST ($27 AS BIGINT),$28,$29,CAST ($30 AS BIGINT)),(CAST ($31 AS BIGINT),CAST ($32 AS BIGINT),$33,$34,CAST ($35 AS BIGINT)),(CAST ($36 AS BIGINT),CAST ($37 AS BIGINT),$38,$39,CAST ($40 AS BIGINT)),(CAST ($41 AS BIGINT),CAST ($42 AS BIGINT),$43,$44,CAST ($45 AS BIGINT)),(CAST ($46 AS BIGINT),CAST ($47 AS BIGINT),$48,$49,CAST ($50 AS BIGINT)),(CAST ($51 AS BIGINT),CAST ($52 AS BIGINT),$53,$54,CAST ($55 AS BIGINT)),(CAST ($56 AS BIGINT),CAST ($57 AS BIGINT),$58,$59,CAST ($60 AS BIGINT))) AS C(RES_ENT_ID,LIB_FEAT_ID,UTYPE_CODE,SUPPRESSED,OBS_ENT_CNT) WHERE C.RES_ENT_ID=T.RES_ENT_ID AND C.LIB_FEAT_ID=T.LIB_FEAT_ID AND C.UTYPE_CODE=T.UTYPE_CODE",0,0,0,0,0,0,139986,2153313.9323789757,0.10556399999999999,1390.546004,15.38235203791076,36.312597199108886,1679821,22248333,33632,0,3957,0,0,0,0,0,0,748495.022244,316.9186539999996,0,0,0,0,0,0,0,0,0,0,0,0,0,0,0,0,0,2026-09-28 20:45:15.905406+00,2026-09-28 20:45:15.905406+00
10,16384,t,3585150945132757300,"DECLARE ""query-cursor_102"" SCROLL CURSOR FOR select queryid, left(query, $1), calls, (total_plan_time + total_exec_time) as total_time from aurora_stat_statements($2) order by calls desc limit $3 FOR READ ONLY",0,0,0,0,0,0,1,0.103579,0.103579,0.103579,0.103579,0,0,0,0,0,0,0,0,0,0,0,0,0,0,0,0,0,0,0,0,0,0,0,0,0,0,0,0,0,0,0,2026-09-28 21:07:53.765149+00,2026-09-28 21:07:53.765149+00
16410,16412,t,-1147458921024982344,"UPDATE OBS_ENT SET LOCKING_ID=LOCKING_ID+$18,LOCK_DSRC_ACTION=$1 WHERE OBS_ENT_ID IN ($2,$3,$4,$5,$6,$7,$8,$9,$10,$11,$12,$13,$14,$15,$16,$17)",0,0,0,0,0,0,18692,78618.35502300037,0.083094,509.90594,4.205989461962357,12.558009409466136,181806,1811297,5576,0,516,0,0,0,0,0,0,43416.795975000015,1.018715,0,0,0,0,0,0,0,0,0,0,0,0,0,0,0,0,0,2026-09-28 21:30:50.839294+00,2026-09-28 21:30:50.839294+00
16410,16412,t,6060914657815662378,"SELECT RES_ENT_ID,LIB_FEAT_ID,FTYPE_ID,UTYPE_CODE,SUPPRESSED,OBS_ENT_CNT FROM RES_FEAT_EKEY WHERE RES_ENT_ID IN ($1,$2,$3,$4,$5,$6,$7,$8,$9,$10,$11,$12,$13,$14,$15,$16) AND FTYPE_ID IN ($17,$18,$19,$20,$21,$22,$23,$24,$25,$26,$27,$28,$29,$30,$31,$32,$33,$34,$35,$36,$37)",0,0,0,0,0,0,19673,187251.165322,0.111327,486.314838,9.51818051756214,28.350937809270345,5437345,1144233,8830,0,0,0,0,0,0,0,0,149723.47163299998,0,0,0,0,0,0,0,0,0,0,0,0,0,0,0,0,0,0,2026-09-28 20:44:58.587618+00,2026-09-28 20:44:58.587618+00
10,16384,t,1879581546552234630,"MOVE ALL IN ""query-cursor_56""",0,0,0,0,0,0,1,1.083653,1.083653,1.083653,1.083653,0,0,0,0,0,0,0,0,0,0,0,0,0,0,0,0,0,0,0,0,0,0,0,0,0,0,0,0,0,0,0,2026-09-28 20:13:53.653175+00,2026-09-28 20:13:53.653175+00
10,16384,t,1795062516392539995,"FETCH 50 IN ""query-cursor_166""",0,0,0,0,0,0,33,0.600643,0.011029,0.047425,0.018201303030303033,0.008425089703631247,1650,0,0,0,0,0,0,0,0,0,0,0,0,0,0,0,0,0,0,0,0,0,0,0,0,0,0,0,0,0,2026-09-28 23:19:53.866388+00,2026-09-28 23:19:53.866388+00
10,16384,t,-8757105493047146874,"FETCH 47 IN ""query-cursor_126""",0,0,0,0,0,0,1,0.012396,0.012396,0.012396,0.012396,0,47,0,0,0,0,0,0,0,0,0,0,0,0,0,0,0,0,0,0,0,0,0,0,0,0,0,0,0,0,0,2026-09-28 21:55:53.758898+00,2026-09-28 21:55:53.758898+00
16410,16412,t,-4559638747601883766,"SELECT OBS_ENT_ID,LOCKING_ID FROM OBS_ENT WHERE OBS_ENT_ID IN ($1,$2,$3,$4,$5,$6,$7,$8)",0,0,0,0,0,0,57158,8164.817471000016,0.018074,57.038081999999996,0.14284645143287056,1.1932188759578808,295599,1517907,0,0,0,0,0,0,0,0,0,0,0,0,0,0,0,0,0,0,0,0,0,0,0,0,0,0,0,0,2026-09-28 21:34:53.951646+00,2026-09-28 21:34:53.951646+00
10,16384,t,-6370273590454179413,"MOVE -590 IN ""query-cursor_73""",0,0,0,0,0,0,1,0.015176,0.015176,0.015176,0.015176,0,0,0,0,0,0,0,0,0,0,0,0,0,0,0,0,0,0,0,0,0,0,0,0,0,0,0,0,0,0,0,2026-09-28 20:30:53.654824+00,2026-09-28 20:30:53.654824+00
16410,16412,t,-5230923152392454377,"UPDATE SYS_VARS SET VAR_VALUE=$1,SYS_LSTUPD_DT=$2 WHERE VAR_GROUP=$3 and VAR_CODE=$4",0,0,0,0,0,0,1,0.008060999999999999,0.008060999999999999,0.008060999999999999,0.008060999999999999,0,0,1,0,0,0,0,0,0,0,0,0,0,0,0,0,0,0,0,0,0,0,0,0,0,0,0,0,0,0,0,2026-09-28 19:21:52.175541+00,2026-09-28 19:21:52.175541+00
10,16384,t,-3742680588860772768,"FETCH 50 IN ""query-cursor_169""",0,0,0,0,0,0,33,0.557439,0.010683,0.041781,0.01689209090909091,0.00589170432903981,1650,0,0,0,0,0,0,0,0,0,0,0,0,0,0,0,0,0,0,0,0,0,0,0,0,0,0,0,0,0,2026-09-28 23:25:53.889554+00,2026-09-28 23:25:53.889554+00
10,16384,t,5176219995238967196,"FETCH 7 IN ""query-cursor_173""",0,0,0,0,0,0,1,0.005745,0.005745,0.005745,0.005745,0,7,0,0,0,0,0,0,0,0,0,0,0,0,0,0,0,0,0,0,0,0,0,0,0,0,0,0,0,0,0,2026-09-28 23:35:53.78045+00,2026-09-28 23:35:53.78045+00
10,16384,t,-2020927108124919076,"FETCH 17 IN ""query-cursor_61""",0,0,0,0,0,0,1,0.001915,0.001915,0.001915,0.001915,0,17,0,0,0,0,0,0,0,0,0,0,0,0,0,0,0,0,0,0,0,0,0,0,0,0,0,0,0,0,0,2026-09-28 20:18:53.655723+00,2026-09-28 20:18:53.655723+00
10,16384,t,-869097887179567939,"FETCH 1 IN ""query-cursor_149""",0,0,0,0,0,0,1,0.004804,0.004804,0.004804,0.004804,0,1,0,0,0,0,0,0,0,0,0,0,0,0,0,0,0,0,0,0,0,0,0,0,0,0,0,0,0,0,0,2026-09-28 22:43:53.835801+00,2026-09-28 22:43:53.835801+00
10,16384,t,6078051686372139162,"FETCH 39 IN ""query-cursor_147""",0,0,0,0,0,0,1,0.012332,0.012332,0.012332,0.012332,0,39,0,0,0,0,0,0,0,0,0,0,0,0,0,0,0,0,0,0,0,0,0,0,0,0,0,0,0,0,0,2026-09-28 22:39:53.776563+00,2026-09-28 22:39:53.776563+00
10,16384,t,-7791054973719832893,"FETCH 0 IN ""query-cursor_128""",0,0,0,0,0,0,1,0.005017,0.005017,0.005017,0.005017,0,0,0,0,0,0,0,0,0,0,0,0,0,0,0,0,0,0,0,0,0,0,0,0,0,0,0,0,0,0,0,2026-09-28 21:59:53.713414+00,2026-09-28 21:59:53.713414+00
10,16384,t,-6896346811425522759,"DECLARE ""query-cursor_72"" SCROLL CURSOR FOR select queryid, left(query, $1), calls, (total_plan_time + total_exec_time) as total_time from aurora_stat_statements($2) order by calls desc limit $3 FOR READ ONLY",0,0,0,0,0,0,1,0.066808,0.066808,0.066808,0.066808,0,0,0,0,0,0,0,0,0,0,0,0,0,0,0,0,0,0,0,0,0,0,0,0,0,0,0,0,0,0,0,2026-09-28 20:29:53.653248+00,2026-09-28 20:29:53.653248+00
10,16384,t,6026903098331068169,"MOVE -2058 IN ""query-cursor_230""",0,0,0,0,0,0,1,0.043571,0.043571,0.043571,0.043571,0,0,0,0,0,0,0,0,0,0,0,0,0,0,0,0,0,0,0,0,0,0,0,0,0,0,0,0,0,0,0,2026-09-29 01:19:53.671649+00,2026-09-29 01:19:53.671649+00
10,16384,t,-9012271759494104863,"FETCH 43 IN ""query-cursor_112""",0,0,0,0,0,0,1,0.010678,0.010678,0.010678,0.010678,0,43,0,0,0,0,0,0,0,0,0,0,0,0,0,0,0,0,0,0,0,0,0,0,0,0,0,0,0,0,0,2026-09-28 21:27:53.817313+00,2026-09-28 21:27:53.817313+00
10,16384,t,-687066980111242938,"DECLARE ""query-cursor_98"" SCROLL CURSOR FOR select queryid, left(query, $1), calls, (total_plan_time + total_exec_time) as total_time from aurora_stat_statements($2) order by calls desc limit $3 FOR READ ONLY",0,0,0,0,0,0,1,0.08159,0.08159,0.08159,0.08159,0,0,0,0,0,0,0,0,0,0,0,0,0,0,0,0,0,0,0,0,0,0,0,0,0,0,0,0,0,0,0,2026-09-28 20:59:53.705396+00,2026-09-28 20:59:53.705396+00
10,16384,t,-6730936886341506715,"DECLARE ""query-cursor_132"" SCROLL CURSOR FOR select queryid, left(query, $1), calls, (total_plan_time + total_exec_time) as total_time from aurora_stat_statements($2) order by calls desc limit $3 FOR READ ONLY",0,0,0,0,0,0,1,0.084127,0.084127,0.084127,0.084127,0,0,0,0,0,0,0,0,0,0,0,0,0,0,0,0,0,0,0,0,0,0,0,0,0,0,0,0,0,0,0,2026-09-28 22:07:53.960552+00,2026-09-28 22:07:53.960552+00
10,16384,t,-6157140201399727420,"FETCH 0 IN ""query-cursor_214""",0,0,0,0,0,0,1,0.007937,0.007937,0.007937,0.007937,0,0,0,0,0,0,0,0,0,0,0,0,0,0,0,0,0,0,0,0,0,0,0,0,0,0,0,0,0,0,0,2026-09-29 00:51:53.724585+00,2026-09-29 00:51:53.724585+00
10,16384,t,3082713230117206929,"DECLARE ""query-cursor_179"" SCROLL CURSOR FOR select queryid, left(query, $1), calls, (total_plan_time + total_exec_time) as total_time from aurora_stat_statements($2) order by calls desc limit $3 FOR READ ONLY",0,0,0,0,0,0,1,0.075309,0.075309,0.075309,0.075309,0,0,0,0,0,0,0,0,0,0,0,0,0,0,0,0,0,0,0,0,0,0,0,0,0,0,0,0,0,0,0,2026-09-28 23:47:53.711175+00,2026-09-28 23:47:53.711175+00
10,16384,t,-1427819099687486997,"FETCH 36 IN ""query-cursor_162""",0,0,0,0,0,0,1,0.006423,0.006423,0.006423,0.006423,0,36,0,0,0,0,0,0,0,0,0,0,0,0,0,0,0,0,0,0,0,0,0,0,0,0,0,0,0,0,0,2026-09-28 23:11:53.965695+00,2026-09-28 23:11:53.965695+00
10,16384,t,3920666717222027338,"MOVE ALL IN ""query-cursor_154""",0,0,0,0,0,0,1,14.239119,14.239119,14.239119,14.239119,0,0,0,0,0,0,0,0,0,0,0,0,0,0,0,0,0,0,0,0,0,0,0,0,0,0,0,0,0,0,0,2026-09-28 22:53:53.762404+00,2026-09-28 22:53:53.762404+00
10,16384,t,-1048953096702947213,"FETCH 50 IN ""query-cursor_140""",0,0,0,0,0,0,29,0.5999489999999998,0.012342,0.064241,0.020687896551724132,0.011225225141263631,1450,0,0,0,0,0,0,0,0,0,0,0,0,0,0,0,0,0,0,0,0,0,0,0,0,0,0,0,0,0,2026-09-28 22:25:54.058111+00,2026-09-28 22:25:54.058111+00
10,16384,t,-6016770095446301649,"select event_id, t.type_name, event_name from aurora_stat_wait_type() t join aurora_stat_wait_event() e on t.type_id = e.type_id",0,0,0,0,0,0,1,0.269594,0.269594,0.269594,0.269594,0,337,0,0,0,0,0,0,0,0,0,0,0,0,0,0,0,0,0,0,0,0,0,0,0,0,0,0,0,0,0,2026-09-28 19:18:53.173064+00,2026-09-28 19:18:53.173064+00
10,16384,t,5766017887643701108,"FETCH 27 IN ""query-cursor_38""",0,0,0,0,0,0,1,0.002573,0.002573,0.002573,0.002573,0,27,0,0,0,0,0,0,0,0,0,0,0,0,0,0,0,0,0,0,0,0,0,0,0,0,0,0,0,0,0,2026-09-28 19:55:53.653144+00,2026-09-28 19:55:53.653144+00
10,16384,t,-6282270588585524830,"FETCH 23 IN ""query-cursor_2""",0,0,0,0,0,0,1,0.002275,0.002275,0.002275,0.002275,0,23,0,0,0,0,0,0,0,0,0,0,0,0,0,0,0,0,0,0,0,0,0,0,0,0,0,0,0,0,0,2026-09-28 19:19:53.64845+00,2026-09-28 19:19:53.64845+00
10,16384,t,4136596375689027271,"MOVE -170 IN ""query-cursor_8""",0,0,0,0,0,0,1,0.006155,0.006155,0.006155,0.006155,0,0,0,0,0,0,0,0,0,0,0,0,0,0,0,0,0,0,0,0,0,0,0,0,0,0,0,0,0,0,0,2026-09-28 19:25:53.648847+00,2026-09-28 19:25:53.648847+00
10,16384,t,-1317227696660859738,"FETCH 0 IN ""query-cursor_154""",0,0,0,0,0,0,1,0.007908,0.007908,0.007908,0.007908,0,0,0,0,0,0,0,0,0,0,0,0,0,0,0,0,0,0,0,0,0,0,0,0,0,0,0,0,0,0,0,2026-09-28 22:53:53.748082+00,2026-09-28 22:53:53.748082+00
10,16384,t,-3592887016780585223,"FETCH 31 IN ""query-cursor_80""",0,0,0,0,0,0,1,0.002412,0.002412,0.002412,0.002412,0,31,0,0,0,0,0,0,0,0,0,0,0,0,0,0,0,0,0,0,0,0,0,0,0,0,0,0,0,0,0,2026-09-28 20:37:53.657617+00,2026-09-28 20:37:53.657617+00
10,16384,t,-6255421047348294227,"FETCH 50 IN ""query-cursor_231""",0,0,0,0,0,0,41,0.152248,0.002756,0.006764,0.0037133658536585364,0.0010483223009355978,2050,0,0,0,0,0,0,0,0,0,0,0,0,0,0,0,0,0,0,0,0,0,0,0,0,0,0,0,0,0,2026-09-29 01:20:53.671615+00,2026-09-29 01:20:53.671615+00
16410,16412,t,-6012158331967776182,"SELECT RES_ENT_ID,LIB_FEAT_ID,FTYPE_ID,UTYPE_CODE,SUPPRESSED,OBS_ENT_CNT FROM RES_FEAT_EKEY WHERE RES_ENT_ID IN ($1,$2,$3,$4,$5,$6,$7,$8)",0,0,0,0,0,0,3015869,10119382.927588584,0.061646,932.566075,3.3553788070995734,11.382666072882515,503205366,106261735,1557207,0,0,0,0,0,0,0,0,7985628.733542899,0,0,0,0,0,0,0,0,0,0,0,0,0,0,0,0,0,0,2026-09-28 20:45:08.355186+00,2026-09-28 20:45:08.355186+00
10,16384,t,150800671882269673,"FETCH 0 IN ""query-cursor_169""",0,0,0,0,0,0,1,0.006505,0.006505,0.006505,0.006505,0,0,0,0,0,0,0,0,0,0,0,0,0,0,0,0,0,0,0,0,0,0,0,0,0,0,0,0,0,0,0,2026-09-28 23:25:53.879481+00,2026-09-28 23:25:53.879481+00
16410,16412,t,7988663947429586578,"INSERT INTO LIB_FEAT(LIB_FEAT_ID,FTYPE_ID,FEAT_HASH,FEAT_DESC,FELEM_VALUES,ANONYMIZED,VERSION) VALUES ($1,$2,$3,$4,$5,$6,$7),($8,$9,$10,$11,$12,$13,$14),($15,$16,$17,$18,$19,$20,$21),($22,$23,$24,$25,$26,$27,$28),($29,$30,$31,$32,$33,$34,$35),($36,$37,$38,$39,$40,$41,$42),($43,$44,$45,$46,$47,$48,$49),($50,$51,$52,$53,$54,$55,$56),($57,$58,$59,$60,$61,$62,$63),($64,$65,$66,$67,$68,$69,$70),($71,$72,$73,$74,$75,$76,$77),($78,$79,$80,$81,$82,$83,$84),($85,$86,$87,$88,$89,$90,$91) ON CONFLICT(FTYPE_ID,FEAT_HASH,ANONYMIZED) DO UPDATE SET FTYPE_ID=LIB_FEAT.FTYPE_ID,FEAT_HASH=LIB_FEAT.FEAT_HASH,ANONYMIZED=LIB_FEAT.ANONYMIZED RETURNING LIB_FEAT_ID,FTYPE_ID,FEAT_HASH,ANONYMIZED,FEAT_DESC",0,0,0,0,0,0,1883772,43487948.94870058,0.188838,3089.808951,23.085569245482244,56.02104978639982,24489036,384072469,3024,0,918391,0,0,0,0,0,0,90337.95698700003,98235.77098300382,0,0,0,0,0,0,0,0,0,0,0,0,0,0,0,0,0,2026-09-28 20:44:52.389016+00,2026-09-28 20:44:52.389016+00
10,16384,t,-3632531091503446444,"MOVE ALL IN ""query-cursor_102""",0,0,0,0,0,0,1,6.239853,6.239853,6.239853,6.239853,0,0,0,0,0,0,0,0,0,0,0,0,0,0,0,0,0,0,0,0,0,0,0,0,0,0,0,0,0,0,0,2026-09-28 21:07:53.771557+00,2026-09-28 21:07:53.771557+00
16410,16412,t,-3307888229249635103,"SELECT RES_ENT_ID,LIB_FEAT_ID,FTYPE_ID,UTYPE_CODE,SUPPRESSED,OBS_ENT_CNT FROM RES_FEAT_EKEY WHERE RES_ENT_ID IN ($1,$2,$3,$4,$5,$6,$7,$8) AND FTYPE_ID IN ($9,$10,$11,$12,$13)",0,0,0,0,0,0,28,39.295964999999995,0.111981,34.5544,1.4034273214285713,6.380114575511619,882,945,1,0,0,0,0,0,0,0,0,34.288471,0,0,0,0,0,0,0,0,0,0,0,0,0,0,0,0,0,0,2026-09-28 20:48:02.009443+00,2026-09-28 20:48:02.009443+00
10,16384,t,5857005489087596978,"DECLARE ""query-cursor_140"" SCROLL CURSOR FOR select queryid, left(query, $1), calls, (total_plan_time + total_exec_time) as total_time from aurora_stat_statements($2) order by calls desc limit $3 FOR READ ONLY",0,0,0,0,0,0,1,0.080542,0.080542,0.080542,0.080542,0,0,0,0,0,0,0,0,0,0,0,0,0,0,0,0,0,0,0,0,0,0,0,0,0,0,0,0,0,0,0,2026-09-28 22:25:53.946992+00,2026-09-28 22:25:53.946992+00
10,16384,t,75967644630726412,"DECLARE ""query-cursor_166"" SCROLL CURSOR FOR select queryid, left(query, $1), calls, (total_plan_time + total_exec_time) as total_time from aurora_stat_statements($2) order by calls desc limit $3 FOR READ ONLY",0,0,0,0,0,0,1,0.080434,0.080434,0.080434,0.080434,0,0,0,0,0,0,0,0,0,0,0,0,0,0,0,0,0,0,0,0,0,0,0,0,0,0,0,0,0,0,0,2026-09-28 23:19:53.859289+00,2026-09-28 23:19:53.859289+00
10,16384,t,-2258005032466051606,"FETCH 0 IN ""query-cursor_173""",0,0,0,0,0,0,1,0.009416,0.009416,0.009416,0.009416,0,0,0,0,0,0,0,0,0,0,0,0,0,0,0,0,0,0,0,0,0,0,0,0,0,0,0,0,0,0,0,2026-09-28 23:35:53.694969+00,2026-09-28 23:35:53.694969+00
16410,16412,t,5598641032021687584,"SELECT RES_ENT_ID,ENT_STATE,LOCKING_ID FROM RES_ENT WHERE RES_ENT_ID IN ($1,$2)",0,0,0,0,0,0,6488640,1536575.3134140596,0.010136,1345.175233,0.23681007320702946,1.7375439378026727,12977280,51992605,21,0,0,0,0,0,0,0,0,275.6014440000001,0,0,0,0,0,0,0,0,0,0,0,0,0,0,0,0,0,0,2026-09-28 20:44:53.509908+00,2026-09-28 20:44:53.509908+00
16410,16412,t,-7284927694503154729,DELETE FROM RES_FEAT_EKEY WHERE ((RES_ENT_ID=$1 AND LIB_FEAT_ID=$2 AND UTYPE_CODE=$3)OR(RES_ENT_ID=$4 AND LIB_FEAT_ID=$5 AND UTYPE_CODE=$6)OR(RES_ENT_ID=$7 AND LIB_FEAT_ID=$8 AND UTYPE_CODE=$9)OR(RES_ENT_ID=$10 AND LIB_FEAT_ID=$11 AND UTYPE_CODE=$12)OR(RES_ENT_ID=$13 AND LIB_FEAT_ID=$14 AND UTYPE_CODE=$15)OR(RES_ENT_ID=$16 AND LIB_FEAT_ID=$17 AND UTYPE_CODE=$18)OR(RES_ENT_ID=$19 AND LIB_FEAT_ID=$20 AND UTYPE_CODE=$21)OR(RES_ENT_ID=$22 AND LIB_FEAT_ID=$23 AND UTYPE_CODE=$24)OR(RES_ENT_ID=$25 AND LIB_FEAT_ID=$26 AND UTYPE_CODE=$27)OR(RES_ENT_ID=$28 AND LIB_FEAT_ID=$29 AND UTYPE_CODE=$30)OR(RES_ENT_ID=$31 AND LIB_FEAT_ID=$32 AND UTYPE_CODE=$33)OR(RES_ENT_ID=$34 AND LIB_FEAT_ID=$35 AND UTYPE_CODE=$36)OR(RES_ENT_ID=$37 AND LIB_FEAT_ID=$38 AND UTYPE_CODE=$39)OR(RES_ENT_ID=$40 AND LIB_FEAT_ID=$41 AND UTYPE_CODE=$42)OR(RES_ENT_ID=$43 AND LIB_FEAT_ID=$44 AND UTYPE_CODE=$45)OR(RES_ENT_ID=$46 AND LIB_FEAT_ID=$47 AND UTYPE_CODE=$48)OR(RES_ENT_ID=$49 AND LIB_FEAT_ID=$50 AND UTYPE_CODE=$51)OR(RES_ENT_ID=$52 AND LIB_FEAT_ID=$53 AND UTYPE_CODE=$54)),0,0,0,0,0,0,25068,381452.60235500097,0.029035,515.282356,15.216714630405336,33.298343591230726,432675,2264400,4137,0,0,0,0,0,0,0,0,153550.74298799995,0,0,0,0,0,0,0,0,0,0,0,0,0,0,0,0,0,0,2026-09-28 20:45:31.796428+00,2026-09-28 20:45:31.796428+00
16410,16412,t,202719377798159027,"DELETE FROM RES_RELATE WHERE RES_REL_ID IN ($1,$2)",0,0,0,0,0,0,781324,294758.29611100623,0.011119,256.549109,0.37725488543933916,2.397510800545584,1561621,7234154,0,0,0,0,0,0,0,0,0,0,0,0,0,0,0,0,0,0,0,0,0,0,0,0,0,0,0,0,2026-09-28 20:44:58.717763+00,2026-09-28 20:44:58.717763+00
16410,16412,t,7941659921186613535,"SELECT RES_ENT_ID,LIB_FEAT_ID,FTYPE_ID,UTYPE_CODE,SUPPRESSED,OBS_ENT_CNT FROM RES_FEAT_EKEY WHERE RES_ENT_ID IN ($1,$2,$3,$4) AND FTYPE_ID IN ($5,$6,$7,$8,$9,$10,$11,$12,$13,$14,$15,$16,$17,$18,$19,$20,$21,$22,$23,$24,$25,$26,$27,$28,$29,$30,$31,$32,$33,$34,$35,$36,$37,$38,$39,$40,$41,$42,$43,$44,$45,$46,$47,$48,$49,$50,$51,$52,$53,$54,$55,$56,$57,$58)",0,0,0,0,0,0,42,3.9495709999999997,0.0668,0.155097,0.09403740476190475,0.017310406812170376,518,676,0,0,0,0,0,0,0,0,0,0,0,0,0,0,0,0,0,0,0,0,0,0,0,0,0,0,0,0,2026-09-28 22:08:28.687481+00,2026-09-28 22:08:28.687481+00
16410,16412,t,-7289802979987362739,UPDATE OBS_ENT SET FEATURES=$1 WHERE OBS_ENT_ID=$2,0,0,0,0,0,0,25848819,98959628.98036607,0.016059999999999998,1150.2461150000001,3.828400399274182,24.936475843028916,25848819,220220143,288261,0,564735,0,0,0,0,0,0,6576627.96504994,16743.685284000043,0,0,0,0,0,0,0,0,0,0,0,0,0,0,0,0,0,2026-09-28 20:44:52.373486+00,2026-09-28 20:44:52.373486+00
10,16384,t,4998276464794900197,"MOVE ALL IN ""query-cursor_47""",0,0,0,0,0,0,1,1.000312,1.000312,1.000312,1.000312,0,0,0,0,0,0,0,0,0,0,0,0,0,0,0,0,0,0,0,0,0,0,0,0,0,0,0,0,0,0,0,2026-09-28 20:04:53.652438+00,2026-09-28 20:04:53.652438+00
10,16384,t,-1981290418723939878,"FETCH 50 IN ""query-cursor_131""",0,0,0,0,0,0,28,0.476802,0.012039,0.026048,0.017028642857142857,0.0035801514753896506,1400,0,0,0,0,0,0,0,0,0,0,0,0,0,0,0,0,0,0,0,0,0,0,0,0,0,0,0,0,0,2026-09-28 22:05:54.007086+00,2026-09-28 22:05:54.007086+00
10,16384,t,844989471858464387,"DECLARE ""query-cursor_139"" SCROLL CURSOR FOR select queryid, left(query, $1), calls, (total_plan_time + total_exec_time) as total_time from aurora_stat_statements($2) order by calls desc limit $3 FOR READ ONLY",0,0,0,0,0,0,1,0.07622,0.07622,0.07622,0.07622,0,0,0,0,0,0,0,0,0,0,0,0,0,0,0,0,0,0,0,0,0,0,0,0,0,0,0,0,0,0,0,2026-09-28 22:23:53.732914+00,2026-09-28 22:23:53.732914+00
10,16384,t,3659799273890236687,"MOVE ALL IN ""query-cursor_217""",0,0,0,0,0,0,1,20.387682,20.387682,20.387682,20.387682,0,0,0,0,0,0,0,0,0,0,0,0,0,0,0,0,0,0,0,0,0,0,0,0,0,0,0,0,0,0,0,2026-09-29 00:57:53.690788+00,2026-09-29 00:57:53.690788+00
16410,16412,t,1928297329112113691,"UPDATE RES_FEAT_EKEY AS T SET SUPPRESSED=C.SUPPRESSED,OBS_ENT_CNT=C.OBS_ENT_CNT FROM (VALUES (CAST ($1 AS BIGINT),CAST ($2 AS BIGINT),$3,$4,CAST ($5 AS BIGINT)),(CAST ($6 AS BIGINT),CAST ($7 AS BIGINT),$8,$9,CAST ($10 AS BIGINT)),(CAST ($11 AS BIGINT),CAST ($12 AS BIGINT),$13,$14,CAST ($15 AS BIGINT))) AS C(RES_ENT_ID,LIB_FEAT_ID,UTYPE_CODE,SUPPRESSED,OBS_ENT_CNT) WHERE C.RES_ENT_ID=T.RES_ENT_ID AND C.LIB_FEAT_ID=T.LIB_FEAT_ID AND C.UTYPE_CODE=T.UTYPE_CODE",0,0,0,0,0,0,427793,3074854.081617019,0.044014000000000005,1221.671715,7.187714809772528,21.727062732789378,1283376,16683947,58137,0,6095,0,0,0,0,0,0,1333201.3202689996,314.9703239999998,0,0,0,0,0,0,0,0,0,0,0,0,0,0,0,0,0,2026-09-28 20:45:10.654448+00,2026-09-28 20:45:10.654448+00
10,16384,t,-7302286213523087381,"FETCH 50 IN ""query-cursor_187""",0,0,0,0,0,0,35,0.562481,0.009166,0.026673,0.016070885714285714,0.005086638203716696,1750,0,0,0,0,0,0,0,0,0,0,0,0,0,0,0,0,0,0,0,0,0,0,0,0,0,0,0,0,0,2026-09-29 00:03:53.846691+00,2026-09-29 00:03:53.846691+00
16410,16412,t,-7193374452739268149,"SELECT RES_REL_ID,MIN_RES_ENT_ID,MAX_RES_ENT_ID,IS_DISCLOSED,IS_AMBIGUOUS,LAST_ERRULE_ID,MATCH_LEVELS,MATCH_KEY,MATCH_KEY_DETAILS FROM RES_RELATE WHERE RES_REL_ID IN ($1,$2,$3,$4)",0,0,0,0,0,0,6354141,20448040.661791965,0.009204,996.030671,3.2180652997457826,19.013881787840674,21370746,65125858,2049520,0,0,0,0,0,0,0,0,18616274.07804178,0,0,0,0,0,0,0,0,0,0,0,0,0,0,0,0,0,0,2026-09-28 20:44:58.624137+00,2026-09-28 20:44:58.624137+00
10,16384,t,5594144960996503509,"FETCH 50 IN ""query-cursor_16""",0,0,0,0,0,0,4,0.014584,0.003175,0.004614,0.003646,0.0005696564754305879,200,0,0,0,0,0,0,0,0,0,0,0,0,0,0,0,0,0,0,0,0,0,0,0,0,0,0,0,0,0,2026-09-28 19:33:53.64968+00,2026-09-28 19:33:53.64968+00
10,16384,t,9028465920508529324,"MOVE ALL IN ""query-cursor_23""",0,0,0,0,0,0,1,0.545216,0.545216,0.545216,0.545216,0,0,0,0,0,0,0,0,0,0,0,0,0,0,0,0,0,0,0,0,0,0,0,0,0,0,0,0,0,0,0,2026-09-28 19:40:53.650161+00,2026-09-28 19:40:53.650161+00
16410,16412,t,602789226349111836,"SELECT RES_ENT_ID,LIB_FEAT_ID,FTYPE_ID,UTYPE_CODE,SUPPRESSED,OBS_ENT_CNT FROM RES_FEAT_EKEY WHERE RES_ENT_ID IN ($1) AND FTYPE_ID IN ($2,$3,$4,$5,$6,$7,$8,$9,$10)",0,0,0,0,0,0,21219,27775.770090999962,0.022361000000000002,394.231408,1.3090046699184674,11.100661724846526,294746,117918,1048,0,0,0,0,0,0,0,0,23006.159039000027,0,0,0,0,0,0,0,0,0,0,0,0,0,0,0,0,0,0,2026-09-28 20:45:09.123749+00,2026-09-28 20:45:09.123749+00
10,16384,t,6715806362482302540,"MOVE ALL IN ""query-cursor_103""",0,0,0,0,0,0,1,5.176935,5.176935,5.176935,5.176935,0,0,0,0,0,0,0,0,0,0,0,0,0,0,0,0,0,0,0,0,0,0,0,0,0,0,0,0,0,0,0,2026-09-28 21:09:53.950776+00,2026-09-28 21:09:53.950776+00
10,16384,t,8166447281525091845,"MOVE -1244 IN ""query-cursor_105""",0,0,0,0,0,0,1,0.240344,0.240344,0.240344,0.240344,0,0,0,0,0,0,0,0,0,0,0,0,0,0,0,0,0,0,0,0,0,0,0,0,0,0,0,0,0,0,0,2026-09-28 21:13:53.996147+00,2026-09-28 21:13:53.996147+00
10,16384,t,2354699531886200381,"DECLARE ""query-cursor_181"" SCROLL CURSOR FOR select queryid, left(query, $1), calls, (total_plan_time + total_exec_time) as total_time from aurora_stat_statements($2) order by calls desc limit $3 FOR READ ONLY",0,0,0,0,0,0,1,0.084035,0.084035,0.084035,0.084035,0,0,0,0,0,0,0,0,0,0,0,0,0,0,0,0,0,0,0,0,0,0,0,0,0,0,0,0,0,0,0,2026-09-28 23:51:53.664331+00,2026-09-28 23:51:53.664331+00
10,16384,t,-8800286897835722974,"FETCH 50 IN ""query-cursor_146""",0,0,0,0,0,0,30,0.500297,0.010264,0.026785,0.016676566666666667,0.005403133385257933,1500,0,0,0,0,0,0,0,0,0,0,0,0,0,0,0,0,0,0,0,0,0,0,0,0,0,0,0,0,0,2026-09-28 22:37:53.774313+00,2026-09-28 22:37:53.774313+00
16410,16412,t,-8871055492861991867,"SELECT RES_ENT_ID,OBS_ENT_ID,ERRULE_ID,MATCH_KEY FROM RES_ENT_OKEY WHERE RES_ENT_ID IN ($1)",0,0,0,0,0,0,6208766,238251.15190900792,0.003278,84.255801,0.03837335018085847,0.498843989526877,7696371,31721932,0,0,0,0,0,0,0,0,0,0,0,0,0,0,0,0,0,0,0,0,0,0,0,0,0,0,0,0,2026-09-28 20:44:58.536889+00,2026-09-28 20:44:58.536889+00
10,16384,t,-2916518846240547969,SELECT pg_catalog.count(*) FROM pg_catalog.pg_roles WHERE rolname = $1,0,0,0,0,0,0,36,0.46404100000000004,0.004605,0.023904,0.012890027777777778,0.00408498485299865,36,36,0,0,0,0,0,0,0,0,0,0,0,0,0,0,0,0,0,0,0,0,0,0,0,0,0,0,0,0,2026-09-28 19:25:34.849881+00,2026-09-28 19:25:34.849881+00
16410,16412,t,6866519821752473557,"SELECT RES_ENT_ID,LIB_FEAT_ID,FTYPE_ID,UTYPE_CODE,SUPPRESSED,OBS_ENT_CNT FROM RES_FEAT_EKEY WHERE RES_ENT_ID IN ($1) AND FTYPE_ID IN ($2,$3,$4,$5,$6,$7,$8,$9,$10,$11,$12)",0,0,0,0,0,0,129181,126192.24010100089,0.016295,762.774901,0.976863781059141,8.97375654358607,2081123,709545,4959,0,0,0,0,0,0,0,0,101112.14205799984,0,0,0,0,0,0,0,0,0,0,0,0,0,0,0,0,0,0,2026-09-28 20:44:53.484641+00,2026-09-28 20:44:53.484641+00
10,16384,t,1410643043170535912,"FETCH 50 IN ""query-cursor_98""",0,0,0,0,0,0,23,0.432443,0.011597,0.045044,0.018801869565217393,0.008752299078350774,1150,0,0,0,0,0,0,0,0,0,0,0,0,0,0,0,0,0,0,0,0,0,0,0,0,0,0,0,0,0,2026-09-28 20:59:53.722112+00,2026-09-28 20:59:53.722112+00
10,16384,t,-6954984175538148764,"FETCH 0 IN ""query-cursor_120""",0,0,0,0,0,0,1,0.004227,0.004227,0.004227,0.004227,0,0,0,0,0,0,0,0,0,0,0,0,0,0,0,0,0,0,0,0,0,0,0,0,0,0,0,0,0,0,0,2026-09-28 21:43:53.738306+00,2026-09-28 21:43:53.738306+00
16410,16412,t,-8419196526411615639,"SELECT RES_ENT_ID,LIB_FEAT_ID,FTYPE_ID,UTYPE_CODE,SUPPRESSED,OBS_ENT_CNT FROM RES_FEAT_EKEY WHERE RES_ENT_ID IN ($1,$2,$3,$4) AND FTYPE_ID IN ($5,$6,$7,$8,$9,$10,$11,$12,$13,$14)",0,0,0,0,0,0,31081,91691.5370970002,0.040628,404.370065,2.95008323725106,15.42744041680509,1545126,573696,3778,0,0,0,0,0,0,0,0,74711.25557599994,0,0,0,0,0,0,0,0,0,0,0,0,0,0,0,0,0,0,2026-09-28 20:44:57.845144+00,2026-09-28 20:44:57.845144+00
10,16384,t,5100882589346608901,"FETCH 0 IN ""query-cursor_133""",0,0,0,0,0,0,1,0.009844,0.009844,0.009844,0.009844,0,0,0,0,0,0,0,0,0,0,0,0,0,0,0,0,0,0,0,0,0,0,0,0,0,0,0,0,0,0,0,2026-09-28 22:09:54.295713+00,2026-09-28 22:09:54.295713+00
16410,16412,t,5557684501670008027,BEGIN,0,0,0,0,0,0,2381,8.339921000000007,0.000821,1.337599,0.0035026967660646818,0.02748495046484615,0,0,0,0,0,0,0,0,0,0,0,0,0,0,0,0,0,0,0,0,0,0,0,0,0,0,0,0,0,0,2026-09-28 20:44:52.345898+00,2026-09-28 20:44:52.345898+00
10,16384,t,8337071845861807803,"FETCH 50 IN ""query-cursor_175""",0,0,0,0,0,0,34,0.511266,0.008638,0.030687,0.015037235294117646,0.005497919906435327,1700,0,0,0,0,0,0,0,0,0,0,0,0,0,0,0,0,0,0,0,0,0,0,0,0,0,0,0,0,0,2026-09-28 23:39:53.689543+00,2026-09-28 23:39:53.689543+00
16410,16412,t,-2619058265336586004,DELETE FROM RES_FEAT_EKEY WHERE ((RES_ENT_ID=$1 AND LIB_FEAT_ID=$2 AND UTYPE_CODE=$3)OR(RES_ENT_ID=$4 AND LIB_FEAT_ID=$5 AND UTYPE_CODE=$6)OR(RES_ENT_ID=$7 AND LIB_FEAT_ID=$8 AND UTYPE_CODE=$9)OR(RES_ENT_ID=$10 AND LIB_FEAT_ID=$11 AND UTYPE_CODE=$12)OR(RES_ENT_ID=$13 AND LIB_FEAT_ID=$14 AND UTYPE_CODE=$15)OR(RES_ENT_ID=$16 AND LIB_FEAT_ID=$17 AND UTYPE_CODE=$18)OR(RES_ENT_ID=$19 AND LIB_FEAT_ID=$20 AND UTYPE_CODE=$21)OR(RES_ENT_ID=$22 AND LIB_FEAT_ID=$23 AND UTYPE_CODE=$24)OR(RES_ENT_ID=$25 AND LIB_FEAT_ID=$26 AND UTYPE_CODE=$27)OR(RES_ENT_ID=$28 AND LIB_FEAT_ID=$29 AND UTYPE_CODE=$30)),0,0,0,0,0,0,4698,23082.102647000003,0.021164,334.519303,4.913176382928906,17.73355718333026,25028,215919,398,0,0,0,0,0,0,0,0,9507.39990799999,0,0,0,0,0,0,0,0,0,0,0,0,0,0,0,0,0,0,2026-09-28 20:45:56.432185+00,2026-09-28 20:45:56.432185+00
10,16384,t,830237317411613827,"MOVE ALL IN ""query-cursor_136""",0,0,0,0,0,0,1,6.713386,6.713386,6.713386,6.713386,0,0,0,0,0,0,0,0,0,0,0,0,0,0,0,0,0,0,0,0,0,0,0,0,0,0,0,0,0,0,0,2026-09-28 22:17:53.92063+00,2026-09-28 22:17:53.92063+00
16410,16412,t,-4069783991132073342,"SELECT RES_ENT_ID,LIB_FEAT_ID,FTYPE_ID,UTYPE_CODE,SUPPRESSED,OBS_ENT_CNT FROM RES_FEAT_EKEY WHERE RES_ENT_ID IN ($1,$2) AND FTYPE_ID IN ($3,$4,$5,$6,$7,$8,$9,$10,$11,$12,$13,$14,$15,$16,$17,$18,$19,$20,$21,$22,$23,$24,$25,$26,$27,$28,$29,$30,$31,$32,$33,$34,$35,$36,$37,$38,$39,$40,$41,$42,$43,$44,$45,$46,$47,$48,$49,$50)",0,0,0,0,0,0,385,94.300204,0.034582999999999996,31.773652,0.24493559480519478,2.1893941780341195,0,4089,0,0,0,0,0,0,0,0,0,0,0,0,0,0,0,0,0,0,0,0,0,0,0,0,0,0,0,0,2026-09-28 21:04:50.109104+00,2026-09-28 21:04:50.109104+00
10,16384,t,6304878739302051403,"MOVE -1470 IN ""query-cursor_136""",0,0,0,0,0,0,1,0.09052,0.09052,0.09052,0.09052,0,0,0,0,0,0,0,0,0,0,0,0,0,0,0,0,0,0,0,0,0,0,0,0,0,0,0,0,0,0,0,2026-09-28 22:17:53.920813+00,2026-09-28 22:17:53.920813+00
16410,16412,t,3159237791676647485,"SELECT RES_ENT_ID,LIB_FEAT_ID,FTYPE_ID,UTYPE_CODE,SUPPRESSED,OBS_ENT_CNT FROM RES_FEAT_EKEY WHERE RES_ENT_ID IN ($1,$2,$3,$4,$5,$6,$7,$8,$9,$10,$11,$12,$13,$14,$15,$16) AND FTYPE_ID IN ($17,$18,$19,$20,$21,$22,$23,$24,$25,$26,$27,$28,$29,$30)",0,0,0,0,0,0,125311,1065933.6013069907,0.10439,761.794765,8.506305123309133,26.443305004313473,25703871,7127096,50210,0,0,0,0,0,0,0,0,845033.1935279961,0,0,0,0,0,0,0,0,0,0,0,0,0,0,0,0,0,0,2026-09-28 20:44:56.702336+00,2026-09-28 20:44:56.702336+00
10,16384,t,8075369696814485879,"MOVE ALL IN ""query-cursor_39""",0,0,0,0,0,0,1,0.86403,0.86403,0.86403,0.86403,0,0,0,0,0,0,0,0,0,0,0,0,0,0,0,0,0,0,0,0,0,0,0,0,0,0,0,0,0,0,0,2026-09-28 19:56:53.651677+00,2026-09-28 19:56:53.651677+00
16410,16412,t,2788628345494468800,"SELECT CODE_TYPE,CODE,CODE_ID FROM SYS_CODES_USED WHERE CODE_TYPE=$1",0,0,0,0,0,0,226,8.025272999999999,0.002272,0.110086,0.03551005752212389,0.020642196800138044,2174,447,0,0,0,0,0,0,0,0,0,0,0,0,0,0,0,0,0,0,0,0,0,0,0,0,0,0,0,0,2026-09-28 19:21:52.172453+00,2026-09-28 19:21:52.172453+00
10,16384,t,5051189361253136087,"FETCH 50 IN ""query-cursor_122""",0,0,0,0,0,0,27,0.42563900000000005,0.009506,0.023992,0.015764407407407408,0.00458929680935866,1350,0,0,0,0,0,0,0,0,0,0,0,0,0,0,0,0,0,0,0,0,0,0,0,0,0,0,0,0,0,2026-09-28 21:47:53.816421+00,2026-09-28 21:47:53.816421+00
16410,16412,t,-1830988071568071259,"INSERT INTO LIB_FEAT(LIB_FEAT_ID,FTYPE_ID,FEAT_HASH,FEAT_DESC,FELEM_VALUES,ANONYMIZED,VERSION) VALUES ($1,$2,$3,$4,$5,$6,$7),($8,$9,$10,$11,$12,$13,$14),($15,$16,$17,$18,$19,$20,$21),($22,$23,$24,$25,$26,$27,$28) ON CONFLICT(FTYPE_ID,FEAT_HASH,ANONYMIZED) DO UPDATE SET FTYPE_ID=LIB_FEAT.FTYPE_ID,FEAT_HASH=LIB_FEAT.FEAT_HASH,ANONYMIZED=LIB_FEAT.ANONYMIZED RETURNING LIB_FEAT_ID,FTYPE_ID,FEAT_HASH,ANONYMIZED,FEAT_DESC",0,0,0,0,0,0,1976722,15734910.88194884,0.079205,2661.4537490000002,7.960103080731049,24.608684531499087,7906888,122289882,745,0,218519,0,0,0,0,0,0,19746.915743999984,32886.26996400014,0,0,0,0,0,0,0,0,0,0,0,0,0,0,0,0,0,2026-09-28 20:44:52.440711+00,2026-09-28 20:44:52.440711+00
10,16384,t,-6531023590697524762,"DECLARE ""query-cursor_148"" SCROLL CURSOR FOR select queryid, left(query, $1), calls, (total_plan_time + total_exec_time) as total_time from aurora_stat_statements($2) order by calls desc limit $3 FOR READ ONLY",0,0,0,0,0,0,1,0.084966,0.084966,0.084966,0.084966,0,0,0,0,0,0,0,0,0,0,0,0,0,0,0,0,0,0,0,0,0,0,0,0,0,0,0,0,0,0,0,2026-09-28 22:41:53.784488+00,2026-09-28 22:41:53.784488+00
16410,16412,t,-6930211739579768060,ROLLBACK,0,0,0,0,0,0,181,0.22361000000000014,0.0006,0.002657,0.0012354143646408848,0.0002730831326953713,0,0,0,0,0,0,0,0,0,0,0,0,0,0,0,0,0,0,0,0,0,0,0,0,0,0,0,0,0,0,2026-09-28 21:02:02.962655+00,2026-09-28 21:02:02.962655+00
10,16384,t,-310740636813177058,"DECLARE ""query-cursor_51"" SCROLL CURSOR FOR select queryid, left(query, $1), calls, (total_plan_time + total_exec_time) as total_time from aurora_stat_statements($2) order by calls desc limit $3 FOR READ ONLY",0,0,0,0,0,0,1,0.066471,0.066471,0.066471,0.066471,0,0,0,0,0,0,0,0,0,0,0,0,0,0,0,0,0,0,0,0,0,0,0,0,0,0,0,0,0,0,0,2026-09-28 20:08:53.651612+00,2026-09-28 20:08:53.651612+00
10,16384,t,6610011770448579822,select * from rds_get_stat_dxl_counters() limit $1,0,0,0,0,0,0,1,0.018481,0.018481,0.018481,0.018481,0,1,0,0,0,0,0,0,0,0,0,0,0,0,0,0,0,0,0,0,0,0,0,0,0,0,0,0,0,0,0,2026-09-28 19:19:33.648926+00,2026-09-28 19:19:33.648926+00
10,16384,t,-2285085152205835741,"MOVE ALL IN ""query-cursor_193""",0,0,0,0,0,0,1,4.733257,4.733257,4.733257,4.733257,0,0,0,0,0,0,0,0,0,0,0,0,0,0,0,0,0,0,0,0,0,0,0,0,0,0,0,0,0,0,0,2026-09-29 00:15:53.668048+00,2026-09-29 00:15:53.668048+00
10,16384,t,-4640470102241259347,"DECLARE ""query-cursor_161"" SCROLL CURSOR FOR select queryid, left(query, $1), calls, (total_plan_time + total_exec_time) as total_time from aurora_stat_statements($2) order by calls desc limit $3 FOR READ ONLY",0,0,0,0,0,0,1,0.087886,0.087886,0.087886,0.087886,0,0,0,0,0,0,0,0,0,0,0,0,0,0,0,0,0,0,0,0,0,0,0,0,0,0,0,0,0,0,0,2026-09-28 23:09:53.661242+00,2026-09-28 23:09:53.661242+00
10,16384,t,-7675392397275309014,"DECLARE ""query-cursor_224"" SCROLL CURSOR FOR select queryid, left(query, $1), calls, (total_plan_time + total_exec_time) as total_time from aurora_stat_statements($2) order by calls desc limit $3 FOR READ ONLY",0,0,0,0,0,0,1,0.066202,0.066202,0.066202,0.066202,0,0,0,0,0,0,0,0,0,0,0,0,0,0,0,0,0,0,0,0,0,0,0,0,0,0,0,0,0,0,0,2026-09-29 01:11:53.66584+00,2026-09-29 01:11:53.66584+00
16410,16412,t,4378565804226904539,"SELECT LIB_FEAT_ID,FEAT_DESC,FTYPE_ID,ANONYMIZED,FEAT_HASH,VERSION,FELEM_VALUES FROM LIB_FEAT WHERE LIB_FEAT_ID IN ($1,$2,$3,$4,$5,$6,$7,$8,$9,$10,$11,$12,$13,$14,$15,$16,$17,$18,$19,$20,$21,$22,$23,$24,$25,$26,$27,$28,$29,$30,$31,$32,$33,$34,$35,$36,$37,$38,$39,$40,$41,$42,$43,$44,$45,$46,$47,$48,$49,$50,$51,$52,$53,$54,$55,$56,$57,$58,$59,$60,$61,$62,$63,$64)",0,0,0,0,0,0,5412426,119384206.43805192,0.032799999999999996,1441.1932709999999,22.05742978066618,52.21896708882145,239694255,475188418,19512527,0,0,0,0,0,0,0,0,110765953.9899711,0,0,0,0,0,0,0,0,0,0,0,0,0,0,0,0,0,0,2026-09-28 20:44:57.051211+00,2026-09-28 20:44:57.051211+00
10,16384,t,4116789604027552870,"FETCH 0 IN ""query-cursor_221""",0,0,0,0,0,0,1,0.005301,0.005301,0.005301,0.005301,0,0,0,0,0,0,0,0,0,0,0,0,0,0,0,0,0,0,0,0,0,0,0,0,0,0,0,0,0,0,0,2026-09-29 01:05:53.823167+00,2026-09-29 01:05:53.823167+00
10,16384,t,-4524487371925935954,"FETCH 49 IN ""query-cursor_164""",0,0,0,0,0,0,1,0.012372,0.012372,0.012372,0.012372,0,49,0,0,0,0,0,0,0,0,0,0,0,0,0,0,0,0,0,0,0,0,0,0,0,0,0,0,0,0,0,2026-09-28 23:15:53.747078+00,2026-09-28 23:15:53.747078+00
16410,16412,t,2217019257567348291,"UPDATE RES_RELATE AS T SET IS_DISCLOSED=C.IS_DISCLOSED,IS_AMBIGUOUS=C.IS_AMBIGUOUS,LAST_ERRULE_ID=C.LAST_ERRULE_ID,MATCH_KEY=C.MATCH_KEY,MATCH_KEY_DETAILS=C.MATCH_KEY_DETAILS,MATCH_LEVELS=C.MATCH_LEVELS FROM (VALUES (CAST ($1 AS BIGINT),CAST ($2 AS BIGINT),CAST ($3 AS BIGINT),CAST ($4 AS BIGINT),$5,$6,$7),(CAST ($8 AS BIGINT),CAST ($9 AS BIGINT),CAST ($10 AS BIGINT),CAST ($11 AS BIGINT),$12,$13,$14)) AS C(RES_REL_ID,IS_DISCLOSED,IS_AMBIGUOUS,LAST_ERRULE_ID,MATCH_KEY,MATCH_KEY_DETAILS,MATCH_LEVELS) WHERE C.RES_REL_ID=T.RES_REL_ID",0,0,0,0,0,0,1077392,3690182.5280858274,0.030629,2036.9098970000002,3.4251066724885906,17.023962764368903,2154783,20951033,70546,0,92933,0,0,0,0,0,0,1255494.1261740057,3605.2878210000026,0,0,0,0,0,0,0,0,0,0,0,0,0,0,0,0,0,2026-09-28 20:44:58.912811+00,2026-09-28 20:44:58.912811+00
10,16384,t,9142664338975780232,"FETCH 50 IN ""query-cursor_213""",0,0,0,0,0,0,39,0.806446,0.011037,0.036841,0.020678102564102564,0.008363394255722974,1950,0,0,0,0,0,0,0,0,0,0,0,0,0,0,0,0,0,0,0,0,0,0,0,0,0,0,0,0,0,2026-09-29 00:49:54.079825+00,2026-09-29 00:49:54.079825+00
10,16384,t,-9076829213479046180,"FETCH 50 IN ""query-cursor_148""",0,0,0,0,0,0,30,0.42156899999999997,0.008477,0.022449,0.014052299999999998,0.004356023011494162,1500,0,0,0,0,0,0,0,0,0,0,0,0,0,0,0,0,0,0,0,0,0,0,0,0,0,0,0,0,0,2026-09-28 22:41:53.798016+00,2026-09-28 22:41:53.798016+00
10,16384,t,-210465215200476626,"FETCH 39 IN ""query-cursor_155""",0,0,0,0,0,0,1,0.011561,0.011561,0.011561,0.011561,0,39,0,0,0,0,0,0,0,0,0,0,0,0,0,0,0,0,0,0,0,0,0,0,0,0,0,0,0,0,0,2026-09-28 22:55:54.20261+00,2026-09-28 22:55:54.20261+00
16410,16412,t,-2490555578411168934,"SELECT LIB_FEAT_ID,FEAT_DESC,FTYPE_ID,ANONYMIZED,FEAT_HASH,VERSION,FELEM_VALUES FROM LIB_FEAT WHERE LIB_FEAT_ID IN ($1,$2,$3,$4,$5,$6,$7,$8,$9,$10,$11,$12,$13,$14,$15,$16)",0,0,0,0,0,0,17849130,68295547.76360978,0.012479,1031.286503,3.826267597558524,19.143522876029163,221373872,300488719,7019242,0,0,0,0,0,0,0,0,62797934.48925688,0,0,0,0,0,0,0,0,0,0,0,0,0,0,0,0,0,0,2026-09-28 20:44:53.513423+00,2026-09-28 20:44:53.513423+00
10,16384,t,9162133371016499712,"FETCH 0 IN ""query-cursor_143""",0,0,0,0,0,0,1,0.009373,0.009373,0.009373,0.009373,0,0,0,0,0,0,0,0,0,0,0,0,0,0,0,0,0,0,0,0,0,0,0,0,0,0,0,0,0,0,0,2026-09-28 22:31:53.938331+00,2026-09-28 22:31:53.938331+00
10,16384,t,2056625663082874387,"MOVE ALL IN ""query-cursor_213""",0,0,0,0,0,0,1,334.509084,334.509084,334.509084,334.509084,0,0,0,0,0,0,0,0,0,0,0,0,0,0,0,0,0,0,0,0,0,0,0,0,0,0,0,0,0,0,0,2026-09-29 00:49:54.027514+00,2026-09-29 00:49:54.027514+00
16410,16412,t,8394794296652833771,"SELECT RES_ENT_ID,LIB_FEAT_ID,FTYPE_ID,UTYPE_CODE,SUPPRESSED,OBS_ENT_CNT FROM RES_FEAT_EKEY WHERE RES_ENT_ID IN ($1) AND FTYPE_ID IN ($2,$3,$4,$5,$6,$7,$8,$9,$10,$11,$12,$13,$14,$15,$16,$17,$18,$19,$20,$21,$22,$23,$24,$25,$26,$27,$28,$29,$30,$31,$32,$33,$34,$35,$36,$37,$38,$39,$40,$41,$42,$43,$44,$45,$46,$47,$48,$49,$50,$51,$52,$53,$54)",0,0,0,0,0,0,575197,64067.64402600048,0.005876999999999999,88.47839,0.11138382854222202,1.4738075421362204,543550,2965407,0,0,0,0,0,0,0,0,0,0,0,0,0,0,0,0,0,0,0,0,0,0,0,0,0,0,0,0,2026-09-28 20:45:12.498259+00,2026-09-28 20:45:12.498259+00
16410,16412,t,-8910961083236723782,DELETE FROM RES_RELATE WHERE RES_REL_ID IN ($1),0,0,0,0,0,0,1167497,379748.7459220042,0.00426,270.805635,0.3252674276011024,1.9741601413719536,1166974,6167576,0,0,0,0,0,0,0,0,0,0,0,0,0,0,0,0,0,0,0,0,0,0,0,0,0,0,0,0,2026-09-28 20:44:58.578211+00,2026-09-28 20:44:58.578211+00
16410,16412,t,6144877877859500400,"SELECT LIB_FEAT_ID,FEAT_DESC,FTYPE_ID,ANONYMIZED,FEAT_HASH,VERSION,FELEM_VALUES FROM LIB_FEAT WHERE (FEAT_HASH,FTYPE_ID) IN (($1,$2),($3,$4),($5,$6),($7,$8),($9,$10),($11,$12),($13,$14),($15,$16),($17,$18),($19,$20),($21,$22),($23,$24),($25,$26),($27,$28),($29,$30),($31,$32),($33,$34),($35,$36),($37,$38),($39,$40),($41,$42),($43,$44),($45,$46),($47,$48),($49,$50),($51,$52),($53,$54),($55,$56),($57,$58),($59,$60),($61,$62),($63,$64),($65,$66),($67,$68),($69,$70),($71,$72),($73,$74),($75,$76),($77,$78),($79,$80),($81,$82),($83,$84),($85,$86),($87,$88),($89,$90),($91,$92),($93,$94),($95,$96),($97,$98),($99,$100))",0,0,0,0,0,0,186952,4464454.457113029,0.146013,939.9576360000001,23.88021768749748,56.628963773213286,1524018,45301068,97993,0,0,0,0,0,0,0,0,3422773.5611680048,0,0,0,0,0,0,0,0,0,0,0,0,0,0,0,0,0,0,2026-09-28 20:44:52.592889+00,2026-09-28 20:44:52.592889+00
10,16384,t,-3303038665045707933,"MOVE ALL IN ""query-cursor_129""",0,0,0,0,0,0,1,30.227815,30.227815,30.227815,30.227815,0,0,0,0,0,0,0,0,0,0,0,0,0,0,0,0,0,0,0,0,0,0,0,0,0,0,0,0,0,0,0,2026-09-28 22:01:53.837047+00,2026-09-28 22:01:53.837047+00
16410,16412,t,846143920223406767,"SELECT RES_ENT_ID,LIB_FEAT_ID,FTYPE_ID,UTYPE_CODE,SUPPRESSED,OBS_ENT_CNT FROM RES_FEAT_EKEY WHERE RES_ENT_ID IN ($1,$2,$3,$4,$5,$6,$7,$8,$9,$10,$11,$12,$13,$14,$15,$16) AND FTYPE_ID IN ($17,$18,$19,$20,$21,$22,$23,$24,$25,$26)",0,0,0,0,0,0,9174,59724.82820400018,0.102823,466.910992,6.510227621975167,22.763153332230956,1362629,489646,2670,0,0,0,0,0,0,0,0,45686.391249000044,0,0,0,0,0,0,0,0,0,0,0,0,0,0,0,0,0,0,2026-09-28 20:45:09.214532+00,2026-09-28 20:45:09.214532+00
10,16384,t,8124550878189347883,"DECLARE ""query-cursor_133"" SCROLL CURSOR FOR select queryid, left(query, $1), calls, (total_plan_time + total_exec_time) as total_time from aurora_stat_statements($2) order by calls desc limit $3 FOR READ ONLY",0,0,0,0,0,0,1,0.083111,0.083111,0.083111,0.083111,0,0,0,0,0,0,0,0,0,0,0,0,0,0,0,0,0,0,0,0,0,0,0,0,0,0,0,0,0,0,0,2026-09-28 22:09:54.284236+00,2026-09-28 22:09:54.284236+00
10,16384,t,3196555129506368015,"DECLARE ""query-cursor_153"" SCROLL CURSOR FOR select queryid, left(query, $1), calls, (total_plan_time + total_exec_time) as total_time from aurora_stat_statements($2) order by calls desc limit $3 FOR READ ONLY",0,0,0,0,0,0,1,0.084268,0.084268,0.084268,0.084268,0,0,0,0,0,0,0,0,0,0,0,0,0,0,0,0,0,0,0,0,0,0,0,0,0,0,0,0,0,0,0,2026-09-28 22:51:53.669054+00,2026-09-28 22:51:53.669054+00
10,16384,t,-4625029786954458747,"FETCH 35 IN ""query-cursor_27""",0,0,0,0,0,0,1,0.002524,0.002524,0.002524,0.002524,0,35,0,0,0,0,0,0,0,0,0,0,0,0,0,0,0,0,0,0,0,0,0,0,0,0,0,0,0,0,0,2026-09-28 19:44:53.651577+00,2026-09-28 19:44:53.651577+00
10,16384,t,1442586610125942001,"FETCH 50 IN ""query-cursor_69""",0,0,0,0,0,0,11,0.037409000000000005,0.002833,0.005508,0.0034008181818181824,0.0007275201738136098,550,0,0,0,0,0,0,0,0,0,0,0,0,0,0,0,0,0,0,0,0,0,0,0,0,0,0,0,0,0,2026-09-28 20:26:53.654576+00,2026-09-28 20:26:53.654576+00
16410,16412,t,-6867756331512440887,"INSERT INTO RES_REL_EKEY(RES_REL_ID,RES_ENT_ID,REL_ENT_ID) VALUES ($1,$2,$3),($4,$5,$6),($7,$8,$9),($10,$11,$12),($13,$14,$15),($16,$17,$18),($19,$20,$21),($22,$23,$24),($25,$26,$27),($28,$29,$30) ON CONFLICT DO NOTHING",0,0,0,0,0,0,208770,1490280.4649850272,0.11038200000000001,795.176096,7.138384178689598,20.649849876016496,2087698,19605011,4984,0,19797,0,0,0,0,0,0,171609.3739050004,3609.0725319999847,0,0,0,0,0,0,0,0,0,0,0,0,0,0,0,0,0,2026-09-28 20:45:03.39718+00,2026-09-28 20:45:03.39718+00
10,16384,t,7529480042192396829,"FETCH 50 IN ""query-cursor_53""",0,0,0,0,0,0,9,0.03357,0.00284,0.00559,0.0037300000000000002,0.0007789541421390326,450,0,0,0,0,0,0,0,0,0,0,0,0,0,0,0,0,0,0,0,0,0,0,0,0,0,0,0,0,0,2026-09-28 20:10:53.652957+00,2026-09-28 20:10:53.652957+00
10,16384,t,7384725741880693514,select * from public.pg_rds_aws_creds_metadata(),0,0,0,0,0,0,1,0.007361,0.007361,0.007361,0.007361,0,1,0,0,0,0,0,0,0,0,0,0,0,0,0,0,0,0,0,0,0,0,0,0,0,0,0,0,0,0,0,2026-09-28 19:24:00.008189+00,2026-09-28 19:24:00.008189+00
10,16384,t,-1545629069506339733,"MOVE ALL IN ""query-cursor_12""",0,0,0,0,0,0,1,0.490015,0.490015,0.490015,0.490015,0,0,0,0,0,0,0,0,0,0,0,0,0,0,0,0,0,0,0,0,0,0,0,0,0,0,0,0,0,0,0,2026-09-28 19:29:53.649316+00,2026-09-28 19:29:53.649316+00
16410,16412,t,1609344817803484276,"UPDATE RES_FEAT_EKEY AS T SET SUPPRESSED=C.SUPPRESSED,OBS_ENT_CNT=C.OBS_ENT_CNT FROM (VALUES (CAST ($1 AS BIGINT),CAST ($2 AS BIGINT),$3,$4,CAST ($5 AS BIGINT)),(CAST ($6 AS BIGINT),CAST ($7 AS BIGINT),$8,$9,CAST ($10 AS BIGINT))) AS C(RES_ENT_ID,LIB_FEAT_ID,UTYPE_CODE,SUPPRESSED,OBS_ENT_CNT) WHERE C.RES_ENT_ID=T.RES_ENT_ID AND C.LIB_FEAT_ID=T.LIB_FEAT_ID AND C.UTYPE_CODE=T.UTYPE_CODE",0,0,0,0,0,0,202935,834456.3672740099,0.030386999999999997,744.736936,4.111939129642545,14.806620637430337,405868,5262048,8069,0,946,0,0,0,0,0,0,185185.72851599962,62.215609000000015,0,0,0,0,0,0,0,0,0,0,0,0,0,0,0,0,0,2026-09-28 20:45:10.904905+00,2026-09-28 20:45:10.904905+00
16410,16412,t,-5118325240021580700,"UPDATE RES_ENT SET ENT_STATE=COALESCE(ENT_STATE,$5)|$1 WHERE RES_ENT_ID=$2 AND (COALESCE(ENT_STATE,$6)&$3)<>$4",0,0,0,0,0,0,7924111,4172819.8995660297,0.004947,1690.387044,0.5265978605759094,3.451844912953179,6162931,44604622,57,0,819,0,0,0,0,0,0,1465.5017240000002,2.2096030000000004,0,0,0,0,0,0,0,0,0,0,0,0,0,0,0,0,0,2026-09-28 20:44:55.107068+00,2026-09-28 20:44:55.107068+00
10,16384,t,18195321338328301,"MOVE ALL IN ""query-cursor_15""",0,0,0,0,0,0,1,0.482801,0.482801,0.482801,0.482801,0,0,0,0,0,0,0,0,0,0,0,0,0,0,0,0,0,0,0,0,0,0,0,0,0,0,0,0,0,0,0,2026-09-28 19:32:53.649535+00,2026-09-28 19:32:53.649535+00
16410,16412,t,-8936390312445118152,"INSERT INTO LIB_FEAT(LIB_FEAT_ID,FTYPE_ID,FEAT_HASH,FEAT_DESC,FELEM_VALUES,ANONYMIZED,VERSION) VALUES ($1,$2,$3,$4,$5,$6,$7),($8,$9,$10,$11,$12,$13,$14),($15,$16,$17,$18,$19,$20,$21),($22,$23,$24,$25,$26,$27,$28),($29,$30,$31,$32,$33,$34,$35),($36,$37,$38,$39,$40,$41,$42),($43,$44,$45,$46,$47,$48,$49),($50,$51,$52,$53,$54,$55,$56),($57,$58,$59,$60,$61,$62,$63),($64,$65,$66,$67,$68,$69,$70),($71,$72,$73,$74,$75,$76,$77),($78,$79,$80,$81,$82,$83,$84) ON CONFLICT(FTYPE_ID,FEAT_HASH,ANONYMIZED) DO UPDATE SET FTYPE_ID=LIB_FEAT.FTYPE_ID,FEAT_HASH=LIB_FEAT.FEAT_HASH,ANONYMIZED=LIB_FEAT.ANONYMIZED RETURNING LIB_FEAT_ID,FTYPE_ID,FEAT_HASH,ANONYMIZED,FEAT_DESC",0,0,0,0,0,0,1755763,37850194.5160926,0.206462,2996.2265310000003,21.557690027693145,53.537322588460285,21069156,330646976,2740,0,803059,0,0,0,0,0,0,80893.87026500006,84653.19024799895,0,0,0,0,0,0,0,0,0,0,0,0,0,0,0,0,0,2026-09-28 20:44:52.513817+00,2026-09-28 20:44:52.513817+00
16410,16412,t,-484337239089353161,"SELECT RES_ENT_ID,LIB_FEAT_ID,FTYPE_ID,UTYPE_CODE,SUPPRESSED,OBS_ENT_CNT FROM RES_FEAT_EKEY WHERE RES_ENT_ID IN ($1) AND FTYPE_ID IN ($2,$3,$4,$5,$6,$7,$8,$9,$10,$11,$12,$13,$14,$15,$16,$17,$18,$19)",0,0,0,0,0,0,611584,377969.40187900525,0.016638,410.135914,0.618017151984037,6.421710069133407,14239212,3284994,13273,0,0,0,0,0,0,0,0,266970.6147880007,0,0,0,0,0,0,0,0,0,0,0,0,0,0,0,0,0,0,2026-09-28 20:44:52.976373+00,2026-09-28 20:44:52.976373+00
10,16384,t,746690034774677235,"MOVE ALL IN ""query-cursor_110""",0,0,0,0,0,0,1,19.947093,19.947093,19.947093,19.947093,0,0,0,0,0,0,0,0,0,0,0,0,0,0,0,0,0,0,0,0,0,0,0,0,0,0,0,0,0,0,0,2026-09-28 21:23:54.103196+00,2026-09-28 21:23:54.103196+00
16410,16412,t,613990687792054191,"INSERT INTO LIB_FEAT(LIB_FEAT_ID,FTYPE_ID,FEAT_HASH,FEAT_DESC,FELEM_VALUES,ANONYMIZED,VERSION) VALUES ($1,$2,$3,$4,$5,$6,$7),($8,$9,$10,$11,$12,$13,$14),($15,$16,$17,$18,$19,$20,$21),($22,$23,$24,$25,$26,$27,$28),($29,$30,$31,$32,$33,$34,$35),($36,$37,$38,$39,$40,$41,$42),($43,$44,$45,$46,$47,$48,$49),($50,$51,$52,$53,$54,$55,$56) ON CONFLICT(FTYPE_ID,FEAT_HASH,ANONYMIZED) DO UPDATE SET FTYPE_ID=LIB_FEAT.FTYPE_ID,FEAT_HASH=LIB_FEAT.FEAT_HASH,ANONYMIZED=LIB_FEAT.ANONYMIZED RETURNING LIB_FEAT_ID,FTYPE_ID,FEAT_HASH,ANONYMIZED,FEAT_DESC",0,0,0,0,0,0,1321043,18869084.49019899,0.156524,2785.856054,14.283474868114807,38.835846344407706,10568344,164190362,1149,0,348553,0,0,0,0,0,0,33430.78196200007,40751.00986699961,0,0,0,0,0,0,0,0,0,0,0,0,0,0,0,0,0,2026-09-28 20:44:52.544944+00,2026-09-28 20:44:52.544944+00
10,16384,t,571752228825130371,"FETCH 5 IN ""query-cursor_51""",0,0,0,0,0,0,1,0.001871,0.001871,0.001871,0.001871,0,5,0,0,0,0,0,0,0,0,0,0,0,0,0,0,0,0,0,0,0,0,0,0,0,0,0,0,0,0,0,2026-09-28 20:08:53.654596+00,2026-09-28 20:08:53.654596+00
16410,16412,t,-6647440949557343150,"INSERT INTO LIB_FEAT(LIB_FEAT_ID,FTYPE_ID,FEAT_HASH,FEAT_DESC,FELEM_VALUES,ANONYMIZED,VERSION) VALUES ($1,$2,$3,$4,$5,$6,$7),($8,$9,$10,$11,$12,$13,$14),($15,$16,$17,$18,$19,$20,$21),($22,$23,$24,$25,$26,$27,$28),($29,$30,$31,$32,$33,$34,$35),($36,$37,$38,$39,$40,$41,$42),($43,$44,$45,$46,$47,$48,$49),($50,$51,$52,$53,$54,$55,$56),($57,$58,$59,$60,$61,$62,$63),($64,$65,$66,$67,$68,$69,$70),($71,$72,$73,$74,$75,$76,$77) ON CONFLICT(FTYPE_ID,FEAT_HASH,ANONYMIZED) DO UPDATE SET FTYPE_ID=LIB_FEAT.FTYPE_ID,FEAT_HASH=LIB_FEAT.FEAT_HASH,ANONYMIZED=LIB_FEAT.ANONYMIZED RETURNING LIB_FEAT_ID,FTYPE_ID,FEAT_HASH,ANONYMIZED,FEAT_DESC",0,0,0,0,0,0,1482337,29405037.35390147,0.207561,2865.151645,19.836944874142297,50.06545890654428,16305707,255775485,2141,0,597283,0,0,0,0,0,0,61978.873520000045,64331.26084200004,0,0,0,0,0,0,0,0,0,0,0,0,0,0,0,0,0,2026-09-28 20:44:52.480763+00,2026-09-28 20:44:52.480763+00
10,16384,t,-8467516012372928762,"DECLARE ""query-cursor_116"" SCROLL CURSOR FOR select queryid, left(query, $1), calls, (total_plan_time + total_exec_time) as total_time from aurora_stat_statements($2) order by calls desc limit $3 FOR READ ONLY",0,0,0,0,0,0,1,0.084203,0.084203,0.084203,0.084203,0,0,0,0,0,0,0,0,0,0,0,0,0,0,0,0,0,0,0,0,0,0,0,0,0,0,0,0,0,0,0,2026-09-28 21:35:53.978348+00,2026-09-28 21:35:53.978348+00
10,16384,t,4660256403183711969,"FETCH 17 IN ""query-cursor_96""",0,0,0,0,0,0,1,0.00784,0.00784,0.00784,0.00784,0,17,0,0,0,0,0,0,0,0,0,0,0,0,0,0,0,0,0,0,0,0,0,0,0,0,0,0,0,0,0,2026-09-28 20:55:53.68414+00,2026-09-28 20:55:53.68414+00
10,16384,t,6925877210758612429,"select s.*, extract($1 from s.lastattempt) as lastattempt_ts from rds_get_stat_dxl_counters() as s where s.lastattempt > (now() - interval $2 second) limit $3",0,0,0,0,0,0,233,81.28546899999998,0.024039,7.399876,0.3488646738197424,0.8278923896815475,7858,0,0,0,0,0,0,0,0,0,0,0,0,0,0,0,0,0,0,0,0,0,0,0,0,0,0,0,0,0,2026-09-28 19:21:03.698683+00,2026-09-28 19:21:03.698683+00
10,16384,t,8780483245322196142,"MOVE -578 IN ""query-cursor_71""",0,0,0,0,0,0,1,0.014236,0.014236,0.014236,0.014236,0,0,0,0,0,0,0,0,0,0,0,0,0,0,0,0,0,0,0,0,0,0,0,0,0,0,0,0,0,0,0,2026-09-28 20:28:53.654556+00,2026-09-28 20:28:53.654556+00
16410,16412,t,8731251703112466981,"UPDATE RES_FEAT_EKEY AS T SET SUPPRESSED = C.SUPPRESSED FROM (VALUES (CAST ($1 AS BIGINT),CAST ($2 AS BIGINT),$3,$4),(CAST ($5 AS BIGINT),CAST ($6 AS BIGINT),$7,$8),(CAST ($9 AS BIGINT),CAST ($10 AS BIGINT),$11,$12),(CAST ($13 AS BIGINT),CAST ($14 AS BIGINT),$15,$16),(CAST ($17 AS BIGINT),CAST ($18 AS BIGINT),$19,$20),(CAST ($21 AS BIGINT),CAST ($22 AS BIGINT),$23,$24),(CAST ($25 AS BIGINT),CAST ($26 AS BIGINT),$27,$28),(CAST ($29 AS BIGINT),CAST ($30 AS BIGINT),$31,$32),(CAST ($33 AS BIGINT),CAST ($34 AS BIGINT),$35,$36),(CAST ($37 AS BIGINT),CAST ($38 AS BIGINT),$39,$40),(CAST ($41 AS BIGINT),CAST ($42 AS BIGINT),$43,$44),(CAST ($45 AS BIGINT),CAST ($46 AS BIGINT),$47,$48),(CAST ($49 AS BIGINT),CAST ($50 AS BIGINT),$51,$52),(CAST ($53 AS BIGINT),CAST ($54 AS BIGINT),$55,$56),(CAST ($57 AS BIGINT),CAST ($58 AS BIGINT),$59,$60),(CAST ($61 AS BIGINT),CAST ($62 AS BIGINT),$63,$64),(CAST ($65 AS BIGINT),CAST ($66 AS BIGINT),$67,$68),(CAST ($69 AS BIGINT),CAST ($70 AS BIGINT),$71,$72),(CAST ($73 AS BIGINT),CAST ($74 AS BIGINT),$75,$76),(CAST ($77 AS BIGINT),CAST ($78 AS BIGINT),$79,$80),(CAST ($81 AS BIGINT),CAST ($82 AS BIGINT),$83,$84),(CAST ($85 AS BIGINT),CAST ($86 AS BIGINT),$87,$88),(CAST ($89 AS BIGINT),CAST ($90 AS BIGINT),$91,$92),(CAST ($93 AS BIGINT),CAST ($94 AS BIGINT),$95,$96),(CAST ($97 AS BIGINT),CAST ($98 AS BIGINT),$99,$100)) AS C(RES_ENT_ID,LIB_FEAT_ID,UTYPE_CODE,SUPPRESSED) WHERE C.RES_ENT_ID=T.RES_ENT_ID AND C.LIB_FEAT_ID=T.LIB_FEAT_ID AND C.UTYPE_CODE=T.UTYPE_CODE",0,0,0,0,0,0,218167,2938930.8909619856,0.178368,1551.043222,13.471014823332519,38.2390784941091,5454175,53521310,11256,0,12479,0,0,0,0,0,0,286775.7650310005,484.2910740000006,0,0,0,0,0,0,0,0,0,0,0,0,0,0,0,0,0,2026-09-28 20:44:58.621749+00,2026-09-28 20:44:58.621749+00
16410,16412,t,-7877992818113880049,"DELETE FROM RES_RELATE WHERE RES_REL_ID IN ($1,$2,$3,$4,$5,$6,$7,$8,$9,$10,$11,$12,$13,$14,$15,$16,$17,$18,$19,$20,$21,$22,$23,$24,$25,$26,$27,$28,$29,$30,$31,$32)",0,0,0,0,0,0,141,561.1230159999999,0.074819,75.653641,3.979595858156028,10.987523580082973,2654,9743,0,0,0,0,0,0,0,0,0,0,0,0,0,0,0,0,0,0,0,0,0,0,0,0,0,0,0,0,2026-09-28 21:28:16.145559+00,2026-09-28 21:28:16.145559+00
10,16384,t,-8833403857018317491,"MOVE ALL IN ""query-cursor_227""",0,0,0,0,0,0,1,4.613171,4.613171,4.613171,4.613171,0,0,0,0,0,0,0,0,0,0,0,0,0,0,0,0,0,0,0,0,0,0,0,0,0,0,0,0,0,0,0,2026-09-29 01:16:53.670948+00,2026-09-29 01:16:53.670948+00
16410,16412,t,-2438608536886880258,"SELECT OBS_ENT_ID,DSRC_ID,ENT_SRC_KEY,LOCKING_ID,FEATURES FROM OBS_ENT WHERE OBS_ENT_ID IN ($1,$2,$3,$4,$5,$6,$7,$8,$9,$10,$11,$12,$13,$14,$15,$16,$17,$18,$19,$20,$21,$22,$23,$24,$25,$26,$27,$28,$29,$30,$31,$32)",0,0,0,0,0,0,6,1.194318,0.163178,0.266859,0.199053,0.035536908452105574,105,527,0,0,0,0,0,0,0,0,0,0,0,0,0,0,0,0,0,0,0,0,0,0,0,0,0,0,0,0,2026-09-28 23:10:35.955418+00,2026-09-28 23:10:35.955418+00
16410,16412,t,1118102651437641568,"SELECT RES_ENT_ID,OBS_ENT_ID,ERRULE_ID FROM RES_ENT_OKEY WHERE RES_ENT_ID IN ($1)",0,0,0,0,0,0,28310715,1140092.100474908,0.003038,256.50458199999997,0.04027069257964371,0.5373868151630322,37123501,146715854,322,0,0,0,0,0,0,0,0,2983.8561979999995,0,0,0,0,0,0,0,0,0,0,0,0,0,0,0,0,0,0,2026-09-28 20:44:58.50626+00,2026-09-28 20:44:58.50626+00
16410,16412,t,4168663614536664549,"UPDATE RES_FEAT_EKEY AS T SET SUPPRESSED=C.SUPPRESSED,OBS_ENT_CNT=C.OBS_ENT_CNT FROM (VALUES (CAST ($1 AS BIGINT),CAST ($2 AS BIGINT),$3,$4,CAST ($5 AS BIGINT)),(CAST ($6 AS BIGINT),CAST ($7 AS BIGINT),$8,$9,CAST ($10 AS BIGINT)),(CAST ($11 AS BIGINT),CAST ($12 AS BIGINT),$13,$14,CAST ($15 AS BIGINT)),(CAST ($16 AS BIGINT),CAST ($17 AS BIGINT),$18,$19,CAST ($20 AS BIGINT)),(CAST ($21 AS BIGINT),CAST ($22 AS BIGINT),$23,$24,CAST ($25 AS BIGINT))) AS C(RES_ENT_ID,LIB_FEAT_ID,UTYPE_CODE,SUPPRESSED,OBS_ENT_CNT) WHERE C.RES_ENT_ID=T.RES_ENT_ID AND C.LIB_FEAT_ID=T.LIB_FEAT_ID AND C.UTYPE_CODE=T.UTYPE_CODE",0,0,0,0,0,0,478889,4400260.448573944,0.052234,1771.97879,9.18847676303683,25.59200887904751,2394445,31371181,76331,0,7686,0,0,0,0,0,0,1733100.0687950065,638.0766899999994,0,0,0,0,0,0,0,0,0,0,0,0,0,0,0,0,0,2026-09-28 20:44:53.663666+00,2026-09-28 20:44:53.663666+00
10,16384,t,-7247109481934942405,"FETCH 33 IN ""query-cursor_72""",0,0,0,0,0,0,1,0.00244,0.00244,0.00244,0.00244,0,33,0,0,0,0,0,0,0,0,0,0,0,0,0,0,0,0,0,0,0,0,0,0,0,0,0,0,0,0,0,2026-09-28 20:29:53.656834+00,2026-09-28 20:29:53.656834+00
10,16384,t,-7015623509292661704,"MOVE ALL IN ""query-cursor_94""",0,0,0,0,0,0,1,6.993042,6.993042,6.993042,6.993042,0,0,0,0,0,0,0,0,0,0,0,0,0,0,0,0,0,0,0,0,0,0,0,0,0,0,0,0,0,0,0,2026-09-28 20:51:53.917436+00,2026-09-28 20:51:53.917436+00
16410,16412,t,6767209061879414266,"DELETE FROM RES_REL_EKEY WHERE (RES_ENT_ID,REL_ENT_ID,RES_REL_ID) IN (($1,$2,$3),($4,$5,$6),($7,$8,$9),($10,$11,$12),($13,$14,$15),($16,$17,$18),($19,$20,$21),($22,$23,$24),($25,$26,$27),($28,$29,$30),($31,$32,$33),($34,$35,$36),($37,$38,$39),($40,$41,$42),($43,$44,$45),($46,$47,$48),($49,$50,$51),($52,$53,$54),($55,$56,$57),($58,$59,$60),($61,$62,$63),($64,$65,$66),($67,$68,$69),($70,$71,$72),($73,$74,$75),($76,$77,$78),($79,$80,$81),($82,$83,$84),($85,$86,$87),($88,$89,$90),($91,$92,$93),($94,$95,$96),($97,$98,$99))",0,0,0,0,0,0,160,2074.9328680000012,0.18748399999999998,389.74816699999997,12.968330425000008,40.36607167828895,5039,27133,13,0,0,0,0,0,0,0,0,718.6874559999999,0,0,0,0,0,0,0,0,0,0,0,0,0,0,0,0,0,0,2026-09-28 21:28:16.190255+00,2026-09-28 21:28:16.190255+00
16410,16412,t,290935339640536745,"SELECT RES_ENT_ID,LIB_FEAT_ID,FTYPE_ID,UTYPE_CODE,SUPPRESSED,OBS_ENT_CNT FROM RES_FEAT_EKEY WHERE RES_ENT_ID IN ($1,$2,$3,$4,$5,$6,$7,$8,$9,$10,$11,$12,$13,$14,$15,$16,$17,$18,$19,$20,$21,$22,$23,$24,$25,$26,$27,$28,$29,$30,$31,$32) AND FTYPE_ID IN ($33,$34,$35,$36,$37,$38,$39,$40,$41,$42,$43,$44,$45,$46,$47,$48,$49,$50,$51,$52)",0,0,0,0,0,0,3390,77107.14333400005,0.285229,481.436513,22.745470010029514,46.54946879531182,1659288,358780,3806,0,0,0,0,0,0,0,0,64586.793025999956,0,0,0,0,0,0,0,0,0,0,0,0,0,0,0,0,0,0,2026-09-28 20:46:03.124611+00,2026-09-28 20:46:03.124611+00
16410,16412,t,2831336429763433927,"SELECT RES_ENT_ID,LIB_FEAT_ID,FTYPE_ID,UTYPE_CODE,SUPPRESSED,OBS_ENT_CNT FROM RES_FEAT_EKEY WHERE RES_ENT_ID IN ($1,$2) AND FTYPE_ID IN ($3,$4,$5,$6,$7,$8,$9,$10,$11,$12,$13,$14,$15,$16,$17,$18,$19,$20)",0,0,0,0,0,0,472753,687700.4852040014,0.030743,725.813225,1.4546718586746175,10.46414297248367,22031523,5139097,26588,0,0,0,0,0,0,0,0,519326.09352200205,0,0,0,0,0,0,0,0,0,0,0,0,0,0,0,0,0,0,2026-09-28 20:44:54.382494+00,2026-09-28 20:44:54.382494+00
10,16384,t,1239570747102543877,"DECLARE ""query-cursor_17"" SCROLL CURSOR FOR select queryid, left(query, $1), calls, (total_plan_time + total_exec_time) as total_time from aurora_stat_statements($2) order by calls desc limit $3 FOR READ ONLY",0,0,0,0,0,0,1,0.086471,0.086471,0.086471,0.086471,0,0,0,0,0,0,0,0,0,0,0,0,0,0,0,0,0,0,0,0,0,0,0,0,0,0,0,0,0,0,0,2026-09-28 19:34:53.649115+00,2026-09-28 19:34:53.649115+00
10,16384,t,-8171729876202912823,"DECLARE ""query-cursor_82"" SCROLL CURSOR FOR select queryid, left(query, $1), calls, (total_plan_time + total_exec_time) as total_time from aurora_stat_statements($2) order by calls desc limit $3 FOR READ ONLY",0,0,0,0,0,0,1,0.064043,0.064043,0.064043,0.064043,0,0,0,0,0,0,0,0,0,0,0,0,0,0,0,0,0,0,0,0,0,0,0,0,0,0,0,0,0,0,0,2026-09-28 20:39:53.654+00,2026-09-28 20:39:53.654+00
10,16384,t,7561093856716714781,"MOVE -596 IN ""query-cursor_74""",0,0,0,0,0,0,1,0.014841,0.014841,0.014841,0.014841,0,0,0,0,0,0,0,0,0,0,0,0,0,0,0,0,0,0,0,0,0,0,0,0,0,0,0,0,0,0,0,2026-09-28 20:31:53.654806+00,2026-09-28 20:31:53.654806+00
16410,16412,t,3931695639387509169,"SELECT RES_ENT_ID,LIB_FEAT_ID,FTYPE_ID,UTYPE_CODE,SUPPRESSED,OBS_ENT_CNT FROM RES_FEAT_EKEY WHERE RES_ENT_ID IN ($1,$2,$3,$4,$5,$6,$7,$8,$9,$10,$11,$12,$13,$14,$15,$16,$17,$18,$19,$20,$21,$22,$23,$24,$25,$26,$27,$28,$29,$30,$31,$32) AND FTYPE_ID IN ($33,$34,$35,$36,$37,$38,$39,$40,$41,$42,$43,$44,$45)",0,0,0,0,0,0,2048,34434.61417400001,0.27689,533.00068,16.813776452148442,38.59988093907251,733859,212683,1723,0,0,0,0,0,0,0,0,27805.320079000026,0,0,0,0,0,0,0,0,0,0,0,0,0,0,0,0,0,0,2026-09-28 20:45:53.983512+00,2026-09-28 20:45:53.983512+00
16410,16412,t,-7783725729003736794,"INSERT INTO SYS_VARS (VAR_GROUP,VAR_CODE,VAR_VALUE) VALUES ($1,$2,$3)",0,0,0,0,0,0,1,1.018263,1.018263,1.018263,1.018263,0,1,17,1,0,2,0,0,0,0,0,0,0.94132,0.01059,0,0,0,0,0,0,0,0,0,0,0,0,0,0,0,0,0,2026-09-28 19:20:35.945815+00,2026-09-28 19:20:35.945815+00
10,5,t,2103733769408878190,SELECT $1,0,0,0,0,0,0,3,0.016093,0.004593,0.006314999999999999,0.005364333333333333,0.0007143488099116718,3,0,0,0,0,0,0,0,0,0,0,0,0,0,0,0,0,0,0,0,0,0,0,0,0,0,0,0,0,0,2026-09-28 19:45:00.152149+00,2026-09-28 19:45:00.152149+00
10,16384,t,5268031612936987516,"select valid_pages, unused_pages, reuse_pages from aurora_storage_metadata_metrics()",0,0,0,0,0,0,367,3.583937,0.004168,0.125286,0.00976549591280654,0.006988792790185749,367,0,0,0,0,0,0,0,0,0,0,0,0,0,0,0,0,0,0,0,0,0,0,0,0,0,0,0,0,0,2026-09-28 19:17:03.394959+00,2026-09-28 19:17:03.394959+00
10,16384,t,-8968180755799279325,"FETCH 28 IN ""query-cursor_110""",0,0,0,0,0,0,1,0.006979,0.006979,0.006979,0.006979,0,28,0,0,0,0,0,0,0,0,0,0,0,0,0,0,0,0,0,0,0,0,0,0,0,0,0,0,0,0,0,2026-09-28 21:23:54.123058+00,2026-09-28 21:23:54.123058+00
16410,16412,t,3519821244857895553,"SELECT RES_ENT_ID,LIB_FEAT_ID,FTYPE_ID,UTYPE_CODE,SUPPRESSED,OBS_ENT_CNT FROM RES_FEAT_EKEY WHERE RES_ENT_ID IN ($1,$2,$3,$4,$5,$6,$7,$8,$9,$10,$11,$12,$13,$14,$15,$16,$17,$18,$19,$20,$21,$22,$23,$24,$25,$26,$27,$28,$29,$30,$31,$32,$33,$34,$35,$36,$37,$38,$39,$40,$41,$42,$43,$44,$45,$46,$47,$48,$49,$50,$51,$52,$53,$54,$55,$56,$57,$58,$59,$60,$61,$62,$63,$64) AND FTYPE_ID IN ($65,$66,$67,$68,$69,$70,$71,$72,$73,$74,$75,$76,$77,$78,$79,$80,$81,$82,$83,$84)",0,0,0,0,0,0,2,161.82261,9.390797,152.431813,80.911305,71.520508,2124,402,7,0,0,0,0,0,0,0,0,157.42565,0,0,0,0,0,0,0,0,0,0,0,0,0,0,0,0,0,0,2026-09-28 23:30:41.952351+00,2026-09-28 23:30:41.952351+00
10,16384,t,-1261407115371841788,"MOVE ALL IN ""query-cursor_133""",0,0,0,0,0,0,1,242.383026,242.383026,242.383026,242.383026,0,0,0,0,0,0,0,0,0,0,0,0,0,0,0,0,0,0,0,0,0,0,0,0,0,0,0,0,0,0,0,2026-09-28 22:09:54.542813+00,2026-09-28 22:09:54.542813+00
10,16384,t,-9018778587115562672,"MOVE ALL IN ""query-cursor_146""",0,0,0,0,0,0,1,33.301817,33.301817,33.301817,33.301817,0,0,0,0,0,0,0,0,0,0,0,0,0,0,0,0,0,0,0,0,0,0,0,0,0,0,0,0,0,0,0,2026-09-28 22:37:53.733037+00,2026-09-28 22:37:53.733037+00
16410,16412,t,6291382799046114632,"SELECT RES_ENT_ID,LIB_FEAT_ID,FTYPE_ID,UTYPE_CODE,SUPPRESSED,OBS_ENT_CNT FROM RES_FEAT_EKEY WHERE RES_ENT_ID IN ($1,$2,$3,$4,$5,$6,$7,$8) AND FTYPE_ID IN ($9,$10,$11,$12,$13,$14,$15,$16,$17,$18,$19,$20,$21)",0,0,0,0,0,0,230498,1137258.6351679992,0.060674,743.613551,4.933919752744055,20.14571175347661,26127764,7781068,50291,0,0,0,0,0,0,0,0,911481.0037379968,0,0,0,0,0,0,0,0,0,0,0,0,0,0,0,0,0,0,2026-09-28 20:44:55.035613+00,2026-09-28 20:44:55.035613+00
10,16384,t,8447845298632654248,"DECLARE ""query-cursor_81"" SCROLL CURSOR FOR select queryid, left(query, $1), calls, (total_plan_time + total_exec_time) as total_time from aurora_stat_statements($2) order by calls desc limit $3 FOR READ ONLY",0,0,0,0,0,0,1,0.066386,0.066386,0.066386,0.066386,0,0,0,0,0,0,0,0,0,0,0,0,0,0,0,0,0,0,0,0,0,0,0,0,0,0,0,0,0,0,0,2026-09-28 20:38:53.653988+00,2026-09-28 20:38:53.653988+00
10,16384,t,6291199654885937522,"FETCH 0 IN ""query-cursor_144""",0,0,0,0,0,0,1,0.005718,0.005718,0.005718,0.005718,0,0,0,0,0,0,0,0,0,0,0,0,0,0,0,0,0,0,0,0,0,0,0,0,0,0,0,0,0,0,0,2026-09-28 22:33:53.66504+00,2026-09-28 22:33:53.66504+00
10,16384,t,-7294766893386632410,"DECLARE ""query-cursor_155"" SCROLL CURSOR FOR select queryid, left(query, $1), calls, (total_plan_time + total_exec_time) as total_time from aurora_stat_statements($2) order by calls desc limit $3 FOR READ ONLY",0,0,0,0,0,0,1,0.083829,0.083829,0.083829,0.083829,0,0,0,0,0,0,0,0,0,0,0,0,0,0,0,0,0,0,0,0,0,0,0,0,0,0,0,0,0,0,0,2026-09-28 22:55:54.108702+00,2026-09-28 22:55:54.108702+00
10,16384,t,-5148196776826365532,"FETCH 43 IN ""query-cursor_57""",0,0,0,0,0,0,1,0.003046,0.003046,0.003046,0.003046,0,43,0,0,0,0,0,0,0,0,0,0,0,0,0,0,0,0,0,0,0,0,0,0,0,0,0,0,0,0,0,2026-09-28 20:14:53.655203+00,2026-09-28 20:14:53.655203+00
10,16384,t,-3987253832705767323,"MOVE -347 IN ""query-cursor_33""",0,0,0,0,0,0,1,0.00944,0.00944,0.00944,0.00944,0,0,0,0,0,0,0,0,0,0,0,0,0,0,0,0,0,0,0,0,0,0,0,0,0,0,0,0,0,0,0,2026-09-28 19:50:53.651169+00,2026-09-28 19:50:53.651169+00
10,16384,t,-6029746642343462224,"MOVE ALL IN ""query-cursor_166""",0,0,0,0,0,0,1,6.591073,6.591073,6.591073,6.591073,0,0,0,0,0,0,0,0,0,0,0,0,0,0,0,0,0,0,0,0,0,0,0,0,0,0,0,0,0,0,0,2026-09-28 23:19:53.86615+00,2026-09-28 23:19:53.86615+00
10,16384,t,7169619445768926464,"DECLARE ""query-cursor_58"" SCROLL CURSOR FOR select queryid, left(query, $1), calls, (total_plan_time + total_exec_time) as total_time from aurora_stat_statements($2) order by calls desc limit $3 FOR READ ONLY",0,0,0,0,0,0,1,0.064812,0.064812,0.064812,0.064812,0,0,0,0,0,0,0,0,0,0,0,0,0,0,0,0,0,0,0,0,0,0,0,0,0,0,0,0,0,0,0,2026-09-28 20:15:53.652143+00,2026-09-28 20:15:53.652143+00
10,16384,t,5581820924128711248,"MOVE ALL IN ""query-cursor_206""",0,0,0,0,0,0,1,16.778499,16.778499,16.778499,16.778499,0,0,0,0,0,0,0,0,0,0,0,0,0,0,0,0,0,0,0,0,0,0,0,0,0,0,0,0,0,0,0,2026-09-29 00:35:53.686851+00,2026-09-29 00:35:53.686851+00
10,16384,t,-4261489268551107402,"FETCH 29 IN ""query-cursor_217""",0,0,0,0,0,0,1,0.008109,0.008109,0.008109,0.008109,0,29,0,0,0,0,0,0,0,0,0,0,0,0,0,0,0,0,0,0,0,0,0,0,0,0,0,0,0,0,0,2026-09-29 00:57:53.716539+00,2026-09-29 00:57:53.716539+00
10,16384,t,-7710995879382148403,"MOVE -2067 IN ""query-cursor_231""",0,0,0,0,0,0,1,0.042651,0.042651,0.042651,0.042651,0,0,0,0,0,0,0,0,0,0,0,0,0,0,0,0,0,0,0,0,0,0,0,0,0,0,0,0,0,0,0,2026-09-29 01:20:53.671577+00,2026-09-29 01:20:53.671577+00
16410,16412,t,2625727878398150951,SELECT CODE FROM SYS_CODES_USED WHERE CODE_TYPE=$1 AND CODE=$2,0,0,0,0,0,0,4,0.041864,0.007184,0.01963,0.010466,0.005293542622856645,4,8,0,0,0,0,0,0,0,0,0,0,0,0,0,0,0,0,0,0,0,0,0,0,0,0,0,0,0,0,2026-09-28 20:44:52.323233+00,2026-09-28 20:44:52.323233+00
10,16384,t,8684810336536691158,"FETCH 3 IN ""query-cursor_196""",0,0,0,0,0,0,1,0.001701,0.001701,0.001701,0.001701,0,3,0,0,0,0,0,0,0,0,0,0,0,0,0,0,0,0,0,0,0,0,0,0,0,0,0,0,0,0,0,2026-09-29 00:21:53.684226+00,2026-09-29 00:21:53.684226+00
10,16384,t,8665825166213470329,"MOVE -1772 IN ""query-cursor_183""",0,0,0,0,0,0,1,0.16993,0.16993,0.16993,0.16993,0,0,0,0,0,0,0,0,0,0,0,0,0,0,0,0,0,0,0,0,0,0,0,0,0,0,0,0,0,0,0,2026-09-28 23:55:53.847662+00,2026-09-28 23:55:53.847662+00
10,16384,t,-5033145811408472593,"FETCH 50 IN ""query-cursor_127""",0,0,0,0,0,0,28,0.49179700000000004,0.009506,0.030269,0.017564178571428574,0.0064445111809174034,1400,0,0,0,0,0,0,0,0,0,0,0,0,0,0,0,0,0,0,0,0,0,0,0,0,0,0,0,0,0,2026-09-28 21:57:53.927091+00,2026-09-28 21:57:53.927091+00
10,16384,t,-8985846785941619571,"MOVE -414 IN ""query-cursor_44""",0,0,0,0,0,0,1,0.011826,0.011826,0.011826,0.011826,0,0,0,0,0,0,0,0,0,0,0,0,0,0,0,0,0,0,0,0,0,0,0,0,0,0,0,0,0,0,0,2026-09-28 20:01:53.652212+00,2026-09-28 20:01:53.652212+00
10,16384,t,1504769142051262598,"MOVE -1766 IN ""query-cursor_182""",0,0,0,0,0,0,1,0.104176,0.104176,0.104176,0.104176,0,0,0,0,0,0,0,0,0,0,0,0,0,0,0,0,0,0,0,0,0,0,0,0,0,0,0,0,0,0,0,2026-09-28 23:53:53.878409+00,2026-09-28 23:53:53.878409+00
10,16384,t,4697262710986183434,"MOVE ALL IN ""query-cursor_212""",0,0,0,0,0,0,1,33.287958,33.287958,33.287958,33.287958,0,0,0,0,0,0,0,0,0,0,0,0,0,0,0,0,0,0,0,0,0,0,0,0,0,0,0,0,0,0,0,2026-09-29 00:47:53.719168+00,2026-09-29 00:47:53.719168+00
10,16384,t,2495140575221822857,"MOVE -584 IN ""query-cursor_72""",0,0,0,0,0,0,1,0.014459,0.014459,0.014459,0.014459,0,0,0,0,0,0,0,0,0,0,0,0,0,0,0,0,0,0,0,0,0,0,0,0,0,0,0,0,0,0,0,2026-09-28 20:29:53.654689+00,2026-09-28 20:29:53.654689+00
10,16384,t,-5467051360710887535,"FETCH 10 IN ""query-cursor_101""",0,0,0,0,0,0,1,0.006611,0.006611,0.006611,0.006611,0,10,0,0,0,0,0,0,0,0,0,0,0,0,0,0,0,0,0,0,0,0,0,0,0,0,0,0,0,0,0,2026-09-28 21:05:54.189002+00,2026-09-28 21:05:54.189002+00
10,16384,t,1415078381127277322,"DECLARE ""query-cursor_124"" SCROLL CURSOR FOR select queryid, left(query, $1), calls, (total_plan_time + total_exec_time) as total_time from aurora_stat_statements($2) order by calls desc limit $3 FOR READ ONLY",0,0,0,0,0,0,1,0.102987,0.102987,0.102987,0.102987,0,0,0,0,0,0,0,0,0,0,0,0,0,0,0,0,0,0,0,0,0,0,0,0,0,0,0,0,0,0,0,2026-09-28 21:51:53.785124+00,2026-09-28 21:51:53.785124+00
10,16384,t,-2678891275775864135,"MOVE -1650 IN ""query-cursor_164""",0,0,0,0,0,0,1,0.107214,0.107214,0.107214,0.107214,0,0,0,0,0,0,0,0,0,0,0,0,0,0,0,0,0,0,0,0,0,0,0,0,0,0,0,0,0,0,0,2026-09-28 23:15:53.714678+00,2026-09-28 23:15:53.714678+00
10,16384,t,-279786971874455649,"DECLARE ""query-cursor_136"" SCROLL CURSOR FOR select queryid, left(query, $1), calls, (total_plan_time + total_exec_time) as total_time from aurora_stat_statements($2) order by calls desc limit $3 FOR READ ONLY",0,0,0,0,0,0,1,0.074814,0.074814,0.074814,0.074814,0,0,0,0,0,0,0,0,0,0,0,0,0,0,0,0,0,0,0,0,0,0,0,0,0,0,0,0,0,0,0,2026-09-28 22:17:53.913786+00,2026-09-28 22:17:53.913786+00
10,16384,t,-3551067098116850025,"MOVE ALL IN ""query-cursor_24""",0,0,0,0,0,0,1,0.56576,0.56576,0.56576,0.56576,0,0,0,0,0,0,0,0,0,0,0,0,0,0,0,0,0,0,0,0,0,0,0,0,0,0,0,0,0,0,0,2026-09-28 19:41:53.650274+00,2026-09-28 19:41:53.650274+00
16410,16412,t,-1992039315798281574,DELETE FROM perf.snap_statement WHERE label = $1,0,0,0,0,0,0,1,2.816792,2.816792,2.816792,2.816792,0,0,0,2,0,0,0,0,0,0,0,0,2.805338,0,0,0,0,0,0,0,0,0,0,0,0,0,0,0,0,0,0,2026-09-29 01:21:06.747586+00,2026-09-29 01:21:06.747586+00
16410,16412,t,8045183438110623580,"SELECT RES_ENT_ID,LIB_FEAT_ID,FTYPE_ID,UTYPE_CODE,SUPPRESSED,OBS_ENT_CNT FROM RES_FEAT_EKEY WHERE RES_ENT_ID IN ($1) AND FTYPE_ID IN ($2,$3,$4,$5,$6,$7,$8,$9,$10,$11,$12,$13,$14,$15,$16,$17,$18,$19,$20,$21,$22)",0,0,0,0,0,0,33198,11014.038910000052,0.020403,232.796097,0.33176814597265053,4.138124650797021,817974,173753,272,0,0,0,0,0,0,0,0,5575.883692999999,0,0,0,0,0,0,0,0,0,0,0,0,0,0,0,0,0,0,2026-09-28 20:44:53.182004+00,2026-09-28 20:44:53.182004+00
16410,16412,t,-2450466822198623333,"INSERT INTO RES_FEAT_STAT(LIB_FEAT_ID,FTYPE_ID,NUM_RES_ENT,NUM_RES_ENT_OOM) VALUES ($1,$2,$3,$4),($5,$6,$7,$8),($9,$10,$11,$12),($13,$14,$15,$16),($17,$18,$19,$20),($21,$22,$23,$24),($25,$26,$27,$28),($29,$30,$31,$32),($33,$34,$35,$36),($37,$38,$39,$40),($41,$42,$43,$44) ON CONFLICT DO NOTHING",0,0,0,0,0,0,1133340,15978497.063273504,0.108811,2875.480822,14.098590946471054,56.59449447152326,12466717,124761123,6774,0,143329,0,0,0,0,0,0,34997.76608299998,16098.339652999957,0,0,0,0,0,0,0,0,0,0,0,0,0,0,0,0,0,2026-09-28 20:44:52.482193+00,2026-09-28 20:44:52.482193+00
10,16384,t,-7279524755757395133,"FETCH 7 IN ""query-cursor_43""",0,0,0,0,0,0,1,0.001481,0.001481,0.001481,0.001481,0,7,0,0,0,0,0,0,0,0,0,0,0,0,0,0,0,0,0,0,0,0,0,0,0,0,0,0,0,0,0,2026-09-28 20:00:53.653602+00,2026-09-28 20:00:53.653602+00
10,16384,t,-4726147469853074723,"DECLARE ""query-cursor_19"" SCROLL CURSOR FOR select queryid, left(query, $1), calls, (total_plan_time + total_exec_time) as total_time from aurora_stat_statements($2) order by calls desc limit $3 FOR READ ONLY",0,0,0,0,0,0,1,0.062914,0.062914,0.062914,0.062914,0,0,0,0,0,0,0,0,0,0,0,0,0,0,0,0,0,0,0,0,0,0,0,0,0,0,0,0,0,0,0,2026-09-28 19:36:53.649198+00,2026-09-28 19:36:53.649198+00
16410,16412,t,3226810079339194653,"SELECT LIB_FEAT_ID,NUM_RES_ENT,NUM_RES_ENT_OOM,CANDIDATE_CAP_REACHED,SCORING_CAP_REACHED FROM RES_FEAT_STAT WHERE LIB_FEAT_ID IN ($1,$2,$3,$4)",0,0,0,0,0,0,10546874,16684388.60051427,0.007122,1262.241777,1.581927365446318,12.335886375689375,36391284,124388591,642642,0,0,0,0,0,0,0,0,13068824.21525008,0,0,0,0,0,0,0,0,0,0,0,0,0,0,0,0,0,0,2026-09-28 20:44:52.965033+00,2026-09-28 20:44:52.965033+00
10,16384,t,7686957022309847726,"DECLARE ""query-cursor_14"" SCROLL CURSOR FOR select queryid, left(query, $1), calls, (total_plan_time + total_exec_time) as total_time from aurora_stat_statements($2) order by calls desc limit $3 FOR READ ONLY",0,0,0,0,0,0,1,0.068816,0.068816,0.068816,0.068816,0,0,0,0,0,0,0,0,0,0,0,0,0,0,0,0,0,0,0,0,0,0,0,0,0,0,0,0,0,0,0,2026-09-28 19:31:53.64888+00,2026-09-28 19:31:53.64888+00
16410,16412,t,-9182670115368969298,"SELECT RES_ENT_ID,OBS_ENT_ID,ERRULE_ID,MATCH_KEY FROM RES_ENT_OKEY WHERE RES_ENT_ID IN ($1,$2)",0,0,0,0,0,0,2392880,271284.14581599826,0.009385000000000001,239.937513,0.1133713958978295,1.4417774408404285,6069661,23051762,2236,0,0,0,0,0,0,0,0,33722.454360000054,0,0,0,0,0,0,0,0,0,0,0,0,0,0,0,0,0,0,2026-09-28 20:45:17.124887+00,2026-09-28 20:45:17.124887+00
16410,16412,t,-6020702859049655256,"SELECT LIB_FEAT_ID,UTYPE_CODE,RES_ENT_ID,OBS_ENT_CNT FROM RES_FEAT_EKEY WHERE LIB_FEAT_ID IN ($1,$2) AND RES_ENT_ID!=$3",0,0,0,0,0,0,2618,6886.999150999996,0.009245999999999999,278.32103800000004,2.6306337475171873,12.865095845246488,2088,13774,557,0,0,0,0,0,0,0,0,5073.563997000004,0,0,0,0,0,0,0,0,0,0,0,0,0,0,0,0,0,0,2026-09-28 20:45:03.717558+00,2026-09-28 20:45:03.717558+00
10,16384,t,-6447179967587810146,"MOVE ALL IN ""query-cursor_59""",0,0,0,0,0,0,1,1.109053,1.109053,1.109053,1.109053,0,0,0,0,0,0,0,0,0,0,0,0,0,0,0,0,0,0,0,0,0,0,0,0,0,0,0,0,0,0,0,2026-09-28 20:16:53.653438+00,2026-09-28 20:16:53.653438+00
10,16384,t,2390472400014841298,"MOVE ALL IN ""query-cursor_1""",0,0,0,0,0,0,1,0.205238,0.205238,0.205238,0.205238,0,0,3,0,0,0,0,0,0,0,0,0,0,0,0,0,0,0,0,0,0,0,0,0,0,0,0,0,0,0,0,2026-09-28 19:18:53.645701+00,2026-09-28 19:18:53.645701+00
16410,16412,t,-5178136239730036606,"SELECT RES_ENT_ID,LIB_FEAT_ID,FTYPE_ID,UTYPE_CODE,SUPPRESSED,OBS_ENT_CNT FROM RES_FEAT_EKEY WHERE RES_ENT_ID IN ($1,$2,$3,$4,$5,$6,$7,$8) AND FTYPE_ID IN ($9,$10,$11,$12,$13,$14,$15)",0,0,0,0,0,0,665,4397.399488,0.066804,308.27337900000003,6.612630809022557,27.383362379557052,40772,22828,164,0,0,0,0,0,0,0,0,3704.747915000001,0,0,0,0,0,0,0,0,0,0,0,0,0,0,0,0,0,0,2026-09-28 20:45:03.719883+00,2026-09-28 20:45:03.719883+00
16410,16412,t,901437096081388414,"SELECT RES_ENT_ID,LIB_FEAT_ID,FTYPE_ID,UTYPE_CODE,SUPPRESSED,OBS_ENT_CNT FROM RES_FEAT_EKEY WHERE RES_ENT_ID IN ($1,$2,$3,$4) AND FTYPE_ID IN ($5,$6,$7,$8,$9,$10,$11,$12,$13,$14,$15,$16,$17,$18,$19,$20,$21,$22,$23,$24)",0,0,0,0,0,0,218605,574120.0772960034,0.043847000000000004,538.146737,2.626289779721431,13.611846807172443,18818334,4097297,24518,0,0,0,0,0,0,0,0,443451.0012629981,0,0,0,0,0,0,0,0,0,0,0,0,0,0,0,0,0,0,2026-09-28 20:44:55.022779+00,2026-09-28 20:44:55.022779+00
10,16384,t,9031246763184149564,"FETCH 1 IN ""query-cursor_204""",0,0,0,0,0,0,1,0.004965,0.004965,0.004965,0.004965,0,1,0,0,0,0,0,0,0,0,0,0,0,0,0,0,0,0,0,0,0,0,0,0,0,0,0,0,0,0,0,2026-09-29 00:31:53.755874+00,2026-09-29 00:31:53.755874+00
16410,16412,t,9112991111737653152,"INSERT INTO RES_REL_EKEY(RES_REL_ID,RES_ENT_ID,REL_ENT_ID) VALUES ($1,$2,$3),($4,$5,$6),($7,$8,$9),($10,$11,$12),($13,$14,$15),($16,$17,$18),($19,$20,$21),($22,$23,$24),($25,$26,$27),($28,$29,$30),($31,$32,$33),($34,$35,$36),($37,$38,$39),($40,$41,$42),($43,$44,$45),($46,$47,$48),($49,$50,$51),($52,$53,$54),($55,$56,$57),($58,$59,$60),($61,$62,$63),($64,$65,$66),($67,$68,$69),($70,$71,$72),($73,$74,$75),($76,$77,$78),($79,$80,$81),($82,$83,$84) ON CONFLICT DO NOTHING",0,0,0,0,0,0,223,4110.105513,0.503167,284.08576,18.430966426008972,42.680212042616574,6244,58499,29,0,41,0,0,0,0,0,0,977.165897,0.394305,0,0,0,0,0,0,0,0,0,0,0,0,0,0,0,0,0,2026-09-28 20:53:35.7787+00,2026-09-28 20:53:35.7787+00
16410,16412,t,5749669963902307944,"SELECT DSRC_ID,RECORD_ID,ENT_SRC_KEY FROM DSRC_RECORD WHERE (DSRC_ID,ENT_SRC_KEY) IN (($1,$2),($3,$4),($5,$6),($7,$8))",0,0,0,0,0,0,1875146,963167.5048060399,0.028414,769.849284,0.5136493397346339,3.9258139672336916,6057574,36555720,108614,0,0,0,0,0,0,0,0,538193.7772930086,0,0,0,0,0,0,0,0,0,0,0,0,0,0,0,0,0,0,2026-09-28 20:49:31.613349+00,2026-09-28 20:49:31.613349+00
16410,16412,t,-6063819837724179642,"DELETE FROM RES_ENT WHERE RES_ENT_ID IN ($1,$2)",0,0,0,0,0,0,12523,13695.340713000001,0.022099999999999998,51.168745,1.093615005430009,3.751087942407624,25046,125983,0,0,0,0,0,0,0,0,0,0,0,0,0,0,0,0,0,0,0,0,0,0,0,0,0,0,0,0,2026-09-28 20:51:21.864517+00,2026-09-28 20:51:21.864517+00
16410,16412,t,2382167464455905767,"DELETE FROM RES_REL_EKEY WHERE (RES_ENT_ID,REL_ENT_ID,RES_REL_ID) IN (($1,$2,$3),($4,$5,$6),($7,$8,$9),($10,$11,$12),($13,$14,$15),($16,$17,$18),($19,$20,$21),($22,$23,$24),($25,$26,$27),($28,$29,$30),($31,$32,$33),($34,$35,$36),($37,$38,$39),($40,$41,$42),($43,$44,$45),($46,$47,$48),($49,$50,$51),($52,$53,$54),($55,$56,$57),($58,$59,$60),($61,$62,$63),($64,$65,$66),($67,$68,$69),($70,$71,$72),($73,$74,$75),($76,$77,$78),($79,$80,$81),($82,$83,$84),($85,$86,$87),($88,$89,$90),($91,$92,$93),($94,$95,$96))",0,0,0,0,0,0,13801,93247.21391399999,0.12510200000000002,369.291312,6.756554881095572,21.709727276705514,278009,2027486,571,0,0,0,0,0,0,0,0,17405.11025599999,0,0,0,0,0,0,0,0,0,0,0,0,0,0,0,0,0,0,2026-09-28 20:45:26.295723+00,2026-09-28 20:45:26.295723+00
10,16384,t,-720450634589628808,"FETCH 14 IN ""query-cursor_174""",0,0,0,0,0,0,1,0.007879,0.007879,0.007879,0.007879,0,14,0,0,0,0,0,0,0,0,0,0,0,0,0,0,0,0,0,0,0,0,0,0,0,0,0,0,0,0,0,2026-09-28 23:37:53.919448+00,2026-09-28 23:37:53.919448+00
10,16384,t,5814197236629669825,select count(distinct cast(transactionid as varchar)) as active_transactions from pg_locks where locktype = $1,0,0,0,0,0,0,235,5863.538713000001,3.432798,282.372456,24.95122856595745,42.692913560637976,235,3,0,0,0,0,0,0,0,0,0,0,0,0,0,0,0,0,0,0,0,0,0,0,0,0,0,0,0,0,2026-09-28 19:18:53.198449+00,2026-09-28 19:18:53.198449+00
10,16384,t,-1857416203791566663,"FETCH 45 IN ""query-cursor_156""",0,0,0,0,0,0,1,0.01155,0.01155,0.01155,0.01155,0,45,0,0,0,0,0,0,0,0,0,0,0,0,0,0,0,0,0,0,0,0,0,0,0,0,0,0,0,0,0,2026-09-28 22:57:53.873324+00,2026-09-28 22:57:53.873324+00
10,16384,t,6714916164384366033,"MOVE -1534 IN ""query-cursor_146""",0,0,0,0,0,0,1,0.226892,0.226892,0.226892,0.226892,0,0,0,0,0,0,0,0,0,0,0,0,0,0,0,0,0,0,0,0,0,0,0,0,0,0,0,0,0,0,0,2026-09-28 22:37:53.773803+00,2026-09-28 22:37:53.773803+00
10,16384,t,600808159303964673,"FETCH 50 IN ""query-cursor_119""",0,0,0,0,0,0,26,0.359057,0.007266,0.023436,0.013809884615384616,0.004173472178552042,1300,0,0,0,0,0,0,0,0,0,0,0,0,0,0,0,0,0,0,0,0,0,0,0,0,0,0,0,0,0,2026-09-28 21:41:53.762733+00,2026-09-28 21:41:53.762733+00
10,16384,t,-9145934811970939449,"DECLARE ""query-cursor_216"" SCROLL CURSOR FOR select queryid, left(query, $1), calls, (total_plan_time + total_exec_time) as total_time from aurora_stat_statements($2) order by calls desc limit $3 FOR READ ONLY",0,0,0,0,0,0,1,0.077273,0.077273,0.077273,0.077273,0,0,0,0,0,0,0,0,0,0,0,0,0,0,0,0,0,0,0,0,0,0,0,0,0,0,0,0,0,0,0,2026-09-29 00:55:53.665642+00,2026-09-29 00:55:53.665642+00
10,16412,t,4743708967602125791,"SELECT COUNT(*)
RELS
,(MAX(RELPAGES::bigint) FILTER (WHERE RELKIND IN ($1,$2,$3,$4) AND RELNAMESPACE<>$5::REGNAMESPACE))*$6
LARGEST_TABLE_BYTES
,(MAX(RELTUPLES::bigint) FILTER (WHERE RELKIND IN ($7,$8,$9,$10) AND RELNAMESPACE<>$11::REGNAMESPACE))
LARGEST_TABLE_TUPLES
,(MAX(RELPAGES::bigint) FILTER (WHERE RELKIND IN ($12,$13) AND RELNAMESPACE<>$14::REGNAMESPACE))*$15
LARGEST_INDEX_BYTES
,(MAX(RELTUPLES::bigint) FILTER (WHERE RELKIND IN ($16,$17) AND RELNAMESPACE<>$18::REGNAMESPACE))
LARGEST_INDEX_TUPLES
,(MAX(RELPAGES::bigint) FILTER (WHERE RELKIND IN ($19,$20,$21,$22) AND RELNAMESPACE=$23::REGNAMESPACE))*$24
LARGEST_CATALOG_TABLE_BYTES
,(MAX(RELTUPLES::bigint) FILTER (WHERE RELKIND IN ($25,$26,$27,$28) AND RELNAMESPACE=$29::REGNAMESPACE))
LARGEST_CATALOG_TABLE_TUPLES
,(MAX(RELPAGES::bigint) FILTER (WHERE RELKIND IN ($30,$31) AND RELNAMESPACE=$32::REGNAMESPACE))*$33
LARGEST_CATALOG_INDEX_BYTES
,(MAX(RELTUPLES::bigint) FILTER (WHERE RELKIND IN ($34,$35) AND RELNAMESPACE=$36::REGNAMESPACE))
LARGEST_CATALOG_INDEX_TUPLES
FROM PG_CATALOG.PG_CLASS",0,0,0,0,0,0,1,0.17383500000000002,0.17383500000000002,0.17383500000000002,0.17383500000000002,0,1,14,0,0,0,0,0,0,0,0,0,0,0,0,0,0,0,0,0,0,0,0,0,0,0,0,0,0,0,0,2026-09-28 19:45:00.132542+00,2026-09-28 19:45:00.132542+00
10,16384,t,228325950992945899,"MOVE -670 IN ""query-cursor_86""",0,0,0,0,0,0,1,0.01575,0.01575,0.01575,0.01575,0,0,0,0,0,0,0,0,0,0,0,0,0,0,0,0,0,0,0,0,0,0,0,0,0,0,0,0,0,0,0,2026-09-28 20:43:53.655799+00,2026-09-28 20:43:53.655799+00
16410,16412,t,479873241561106774,"INSERT INTO RES_FEAT_STAT(LIB_FEAT_ID,FTYPE_ID,NUM_RES_ENT,NUM_RES_ENT_OOM) VALUES ($1,$2,$3,$4),($5,$6,$7,$8),($9,$10,$11,$12),($13,$14,$15,$16),($17,$18,$19,$20),($21,$22,$23,$24),($25,$26,$27,$28),($29,$30,$31,$32),($33,$34,$35,$36),($37,$38,$39,$40),($41,$42,$43,$44),($45,$46,$47,$48),($49,$50,$51,$52),($53,$54,$55,$56),($57,$58,$59,$60),($61,$62,$63,$64),($65,$66,$67,$68),($69,$70,$71,$72),($73,$74,$75,$76),($77,$78,$79,$80) ON CONFLICT DO NOTHING",0,0,0,0,0,0,1326292,28019502.8808353,0.187307,3130.291191,21.12619459427886,81.06149474418103,26525806,262419948,8126,0,257238,0,0,0,0,0,0,50797.40254799989,27950.95448299994,0,0,0,0,0,0,0,0,0,0,0,0,0,0,0,0,0,2026-09-28 20:44:52.432656+00,2026-09-28 20:44:52.432656+00
10,16384,t,-2558063580859576249,"DECLARE ""query-cursor_229"" SCROLL CURSOR FOR select queryid, left(query, $1), calls, (total_plan_time + total_exec_time) as total_time from aurora_stat_statements($2) order by calls desc limit $3 FOR READ ONLY",0,0,0,0,0,0,1,0.066101,0.066101,0.066101,0.066101,0,0,0,0,0,0,0,0,0,0,0,0,0,0,0,0,0,0,0,0,0,0,0,0,0,0,0,0,0,0,0,2026-09-29 01:18:53.666189+00,2026-09-29 01:18:53.666189+00
10,16384,t,-1125058877033521186,"FETCH 50 IN ""query-cursor_182""",0,0,0,0,0,0,35,0.574778,0.009332,0.034015,0.01642222857142857,0.006071366878745387,1750,0,0,0,0,0,0,0,0,0,0,0,0,0,0,0,0,0,0,0,0,0,0,0,0,0,0,0,0,0,2026-09-28 23:53:53.878471+00,2026-09-28 23:53:53.878471+00
10,16384,t,-1738020715333993650,"FETCH 50 IN ""query-cursor_44""",0,0,0,0,0,0,8,0.028337,0.002853,0.005393,0.003542125,0.0007700716585974322,400,0,0,0,0,0,0,0,0,0,0,0,0,0,0,0,0,0,0,0,0,0,0,0,0,0,0,0,0,0,2026-09-28 20:01:53.652248+00,2026-09-28 20:01:53.652248+00
10,16384,t,-3562344874706993427,"FETCH 49 IN ""query-cursor_58""",0,0,0,0,0,0,1,0.003382,0.003382,0.003382,0.003382,0,49,0,0,0,0,0,0,0,0,0,0,0,0,0,0,0,0,0,0,0,0,0,0,0,0,0,0,0,0,0,2026-09-28 20:15:53.655286+00,2026-09-28 20:15:53.655286+00
16410,16412,t,3098869152066039965,"UPDATE RES_FEAT_EKEY AS T SET SUPPRESSED=C.SUPPRESSED,OBS_ENT_CNT=C.OBS_ENT_CNT FROM (VALUES (CAST ($1 AS BIGINT),CAST ($2 AS BIGINT),$3,$4,CAST ($5 AS BIGINT)),(CAST ($6 AS BIGINT),CAST ($7 AS BIGINT),$8,$9,CAST ($10 AS BIGINT)),(CAST ($11 AS BIGINT),CAST ($12 AS BIGINT),$13,$14,CAST ($15 AS BIGINT)),(CAST ($16 AS BIGINT),CAST ($17 AS BIGINT),$18,$19,CAST ($20 AS BIGINT)),(CAST ($21 AS BIGINT),CAST ($22 AS BIGINT),$23,$24,CAST ($25 AS BIGINT)),(CAST ($26 AS BIGINT),CAST ($27 AS BIGINT),$28,$29,CAST ($30 AS BIGINT)),(CAST ($31 AS BIGINT),CAST ($32 AS BIGINT),$33,$34,CAST ($35 AS BIGINT)),(CAST ($36 AS BIGINT),CAST ($37 AS BIGINT),$38,$39,CAST ($40 AS BIGINT)),(CAST ($41 AS BIGINT),CAST ($42 AS BIGINT),$43,$44,CAST ($45 AS BIGINT)),(CAST ($46 AS BIGINT),CAST ($47 AS BIGINT),$48,$49,CAST ($50 AS BIGINT)),(CAST ($51 AS BIGINT),CAST ($52 AS BIGINT),$53,$54,CAST ($55 AS BIGINT)),(CAST ($56 AS BIGINT),CAST ($57 AS BIGINT),$58,$59,CAST ($60 AS BIGINT)),(CAST ($61 AS BIGINT),CAST ($62 AS BIGINT),$63,$64,CAST ($65 AS BIGINT)),(CAST ($66 AS BIGINT),CAST ($67 AS BIGINT),$68,$69,CAST ($70 AS BIGINT)),(CAST ($71 AS BIGINT),CAST ($72 AS BIGINT),$73,$74,CAST ($75 AS BIGINT)),(CAST ($76 AS BIGINT),CAST ($77 AS BIGINT),$78,$79,CAST ($80 AS BIGINT))) AS C(RES_ENT_ID,LIB_FEAT_ID,UTYPE_CODE,SUPPRESSED,OBS_ENT_CNT) WHERE C.RES_ENT_ID=T.RES_ENT_ID AND C.LIB_FEAT_ID=T.LIB_FEAT_ID AND C.UTYPE_CODE=T.UTYPE_CODE",0,0,0,0,0,0,61685,1160773.5736830058,0.13489900000000002,1241.5950819999998,18.817760779492676,42.40048473774315,986954,13195704,17483,0,1835,0,0,0,0,0,0,394856.92504899955,273.09520299999986,0,0,0,0,0,0,0,0,0,0,0,0,0,0,0,0,0,2026-09-28 20:45:14.89773+00,2026-09-28 20:45:14.89773+00
10,16384,t,5378175582918764431,"FETCH 0 IN ""query-cursor_110""",0,0,0,0,0,0,1,0.007334,0.007334,0.007334,0.007334,0,0,0,0,0,0,0,0,0,0,0,0,0,0,0,0,0,0,0,0,0,0,0,0,0,0,0,0,0,0,0,2026-09-28 21:23:54.082861+00,2026-09-28 21:23:54.082861+00
10,16384,t,7791619057803664042,"FETCH 0 IN ""query-cursor_11""",0,0,0,0,0,0,1,0.003703,0.003703,0.003703,0.003703,0,0,0,0,0,0,0,0,0,0,0,0,0,0,0,0,0,0,0,0,0,0,0,0,0,0,0,0,0,0,0,2026-09-28 19:28:53.64862+00,2026-09-28 19:28:53.64862+00
10,16384,t,-6330075311413950771,"MOVE -1896 IN ""query-cursor_203""",0,0,0,0,0,0,1,0.134369,0.134369,0.134369,0.134369,0,0,0,0,0,0,0,0,0,0,0,0,0,0,0,0,0,0,0,0,0,0,0,0,0,0,0,0,0,0,0,2026-09-29 00:30:53.672246+00,2026-09-29 00:30:53.672246+00
16410,16412,t,8788062089371550003,"UPDATE RES_FEAT_EKEY AS T SET SUPPRESSED = C.SUPPRESSED FROM (VALUES (CAST ($1 AS BIGINT),CAST ($2 AS BIGINT),$3,$4)) AS C(RES_ENT_ID,LIB_FEAT_ID,UTYPE_CODE,SUPPRESSED) WHERE C.RES_ENT_ID=T.RES_ENT_ID AND C.LIB_FEAT_ID=T.LIB_FEAT_ID AND C.UTYPE_CODE=T.UTYPE_CODE",0,0,0,0,0,0,136118,251466.4298900004,0.018057999999999998,863.9891269999999,1.847414962679443,9.513217249107369,136118,1291476,219,0,1610,0,0,0,0,0,0,5457.605208000001,11.127630000000003,0,0,0,0,0,0,0,0,0,0,0,0,0,0,0,0,0,2026-09-28 20:44:57.325355+00,2026-09-28 20:44:57.325355+00
16410,16412,t,-1245128576629425324,"CREATE TABLE RES_ENT (RES_ENT_ID BIGINT NOT NULL, LOCKING_ID BIGINT NOT NULL, LAST_TOUCH_DT BIGINT, ENT_STATE BIGINT, LOCK_DSRC_ACTION CHAR(1), PRIMARY KEY(RES_ENT_ID))",0,0,0,0,0,0,1,3.229614,3.229614,3.229614,3.229614,0,0,207,0,0,1,0,0,0,0,0,0,0,0.002635,0,0,0,0,0,0,0,0,0,0,0,0,0,0,0,0,0,2026-09-28 19:20:35.860612+00,2026-09-28 19:20:35.860612+00
10,16384,t,7693075666307653452,"select sum(numbackends) as numbackends, sum(xact_commit) as xact_commit, sum(xact_rollback) as xact_rollback, sum(blks_read) as blks_read, sum(blks_hit) as blks_hit, sum(storage_blks_read) as storage_blks_read, sum(orcache_blks_hit) as orcache_blks_hit, sum(local_blks_read) as local_blks_read, sum(tup_returned) as tup_returned, sum(tup_fetched) as tup_fetched, sum(tup_inserted) as tup_inserted, sum(tup_updated) as tup_updated, sum(tup_deleted) as tup_deleted, sum(conflicts) as conflicts, sum(temp_files) as temp_files, sum(temp_bytes) as temp_bytes, sum(deadlocks) as deadlocks, sum(blk_read_time) as blk_read_time, sum(blk_write_time) as blk_write_time, sum(storage_blk_read_time) as storage_blk_read_time, sum(local_blk_read_time) as local_blk_read_time, sum(orcache_blk_read_time) as orcache_blk_read_time from aurora_stat_database()",0,0,0,0,0,0,235,1449.008134,0.169813,184.07594899999998,6.165992059574468,16.52845527864294,235,235,0,0,0,0,0,0,0,0,0,0,0,0,0,0,0,0,0,0,0,0,0,0,0,0,0,0,0,0,2026-09-28 19:18:53.189133+00,2026-09-28 19:18:53.189133+00
10,16384,t,-4781042665376811071,"FETCH 0 IN ""query-cursor_41""",0,0,0,0,0,0,1,0.003532,0.003532,0.003532,0.003532,0,0,0,0,0,0,0,0,0,0,0,0,0,0,0,0,0,0,0,0,0,0,0,0,0,0,0,0,0,0,0,2026-09-28 19:58:53.65092+00,2026-09-28 19:58:53.65092+00
16410,16412,t,-2938695407279192572,"SELECT LIB_FEAT_ID,FEAT_DESC,FTYPE_ID,ANONYMIZED,FEAT_HASH,VERSION,FELEM_VALUES FROM LIB_FEAT WHERE LIB_FEAT_ID IN ($1,$2,$3,$4)",0,0,0,0,0,0,3255802,4334448.148925933,0.009666000000000001,723.551684,1.3312996763703484,10.06388039905464,11444623,31906395,277874,0,0,0,0,0,0,0,0,3862281.2635750184,0,0,0,0,0,0,0,0,0,0,0,0,0,0,0,0,0,0,2026-09-28 20:44:52.725916+00,2026-09-28 20:44:52.725916+00
10,16384,t,2594001319117772623,"FETCH 50 IN ""query-cursor_100""",0,0,0,0,0,0,24,0.537834,0.012024,0.046458,0.022409750000000003,0.0115352238825622,1200,0,0,0,0,0,0,0,0,0,0,0,0,0,0,0,0,0,0,0,0,0,0,0,0,0,0,0,0,0,2026-09-28 21:03:53.745195+00,2026-09-28 21:03:53.745195+00
10,16384,t,-4931013233286668236,"FETCH 10 IN ""query-cursor_158""",0,0,0,0,0,0,1,0.007217,0.007217,0.007217,0.007217,0,10,0,0,0,0,0,0,0,0,0,0,0,0,0,0,0,0,0,0,0,0,0,0,0,0,0,0,0,0,0,2026-09-28 23:03:54.125366+00,2026-09-28 23:03:54.125366+00
10,16384,t,-6378066226753830661,"MOVE ALL IN ""query-cursor_218""",0,0,0,0,0,0,1,7.554167,7.554167,7.554167,7.554167,0,0,0,0,0,0,0,0,0,0,0,0,0,0,0,0,0,0,0,0,0,0,0,0,0,0,0,0,0,0,0,2026-09-29 00:59:53.67689+00,2026-09-29 00:59:53.67689+00
10,16384,t,5051957054509286765,"FETCH 0 IN ""query-cursor_145""",0,0,0,0,0,0,1,0.027987,0.027987,0.027987,0.027987,0,0,0,0,0,0,0,0,0,0,0,0,0,0,0,0,0,0,0,0,0,0,0,0,0,0,0,0,0,0,0,2026-09-28 22:35:53.968832+00,2026-09-28 22:35:53.968832+00
10,16384,t,-7032889355519069429,"FETCH 50 IN ""query-cursor_99""",0,0,0,0,0,0,23,0.443102,0.012267,0.028462,0.019265304347826088,0.005585222002786986,1150,0,0,0,0,0,0,0,0,0,0,0,0,0,0,0,0,0,0,0,0,0,0,0,0,0,0,0,0,0,2026-09-28 21:01:53.717358+00,2026-09-28 21:01:53.717358+00
10,16384,t,-3333292928416993797,"MOVE -238 IN ""query-cursor_19""",0,0,0,0,0,0,1,0.007147,0.007147,0.007147,0.007147,0,0,0,0,0,0,0,0,0,0,0,0,0,0,0,0,0,0,0,0,0,0,0,0,0,0,0,0,0,0,0,2026-09-28 19:36:53.649853+00,2026-09-28 19:36:53.649853+00
16410,16412,t,-4243829062671257241,"INSERT INTO LIB_FEAT(LIB_FEAT_ID,FTYPE_ID,FEAT_HASH,FEAT_DESC,FELEM_VALUES,ANONYMIZED,VERSION) VALUES ($1,$2,$3,$4,$5,$6,$7),($8,$9,$10,$11,$12,$13,$14),($15,$16,$17,$18,$19,$20,$21),($22,$23,$24,$25,$26,$27,$28),($29,$30,$31,$32,$33,$34,$35),($36,$37,$38,$39,$40,$41,$42),($43,$44,$45,$46,$47,$48,$49),($50,$51,$52,$53,$54,$55,$56),($57,$58,$59,$60,$61,$62,$63) ON CONFLICT(FTYPE_ID,FEAT_HASH,ANONYMIZED) DO UPDATE SET FTYPE_ID=LIB_FEAT.FTYPE_ID,FEAT_HASH=LIB_FEAT.FEAT_HASH,ANONYMIZED=LIB_FEAT.ANONYMIZED RETURNING LIB_FEAT_ID,FTYPE_ID,FEAT_HASH,ANONYMIZED,FEAT_DESC",0,0,0,0,0,0,1341953,21661898.06827642,0.16512,2970.648572,16.1420691099289,42.9360245352827,12077577,188298499,1428,0,429023,0,0,0,0,0,0,45432.085910000016,47224.000901999825,0,0,0,0,0,0,0,0,0,0,0,0,0,0,0,0,0,2026-09-28 20:44:52.403762+00,2026-09-28 20:44:52.403762+00
10,16384,t,-3385702980456537184,"MOVE -138 IN ""query-cursor_5""",0,0,0,0,0,0,1,0.005258,0.005258,0.005258,0.005258,0,0,0,0,0,0,0,0,0,0,0,0,0,0,0,0,0,0,0,0,0,0,0,0,0,0,0,0,0,0,0,2026-09-28 19:22:53.648643+00,2026-09-28 19:22:53.648643+00
10,16384,t,3221855203466353032,"FETCH 50 IN ""query-cursor_34""",0,0,0,0,0,0,7,0.024524,0.002854,0.005348,0.0035034285714285714,0.0007792725283682133,350,0,0,0,0,0,0,0,0,0,0,0,0,0,0,0,0,0,0,0,0,0,0,0,0,0,0,0,0,0,2026-09-28 19:51:53.651321+00,2026-09-28 19:51:53.651321+00
10,16384,t,3127269690307826607,"MOVE -1908 IN ""query-cursor_205""",0,0,0,0,0,0,1,0.209046,0.209046,0.209046,0.209046,0,0,0,0,0,0,0,0,0,0,0,0,0,0,0,0,0,0,0,0,0,0,0,0,0,0,0,0,0,0,0,2026-09-29 00:33:53.727359+00,2026-09-29 00:33:53.727359+00
10,16384,t,5734674180413551966,"FETCH 19 IN ""query-cursor_136""",0,0,0,0,0,0,1,0.008608,0.008608,0.008608,0.008608,0,19,0,0,0,0,0,0,0,0,0,0,0,0,0,0,0,0,0,0,0,0,0,0,0,0,0,0,0,0,0,2026-09-28 22:17:53.937863+00,2026-09-28 22:17:53.937863+00
16410,16412,t,-5393638002273043592,"INSERT INTO RES_RELATE(RES_REL_ID,MIN_RES_ENT_ID,MAX_RES_ENT_ID,IS_DISCLOSED,IS_AMBIGUOUS,LAST_ERRULE_ID,MATCH_KEY,MATCH_KEY_DETAILS,MATCH_LEVELS) VALUES ($1,$2,$3,$4,$5,$6,$7,$8,$9),($10,$11,$12,$13,$14,$15,$16,$17,$18),($19,$20,$21,$22,$23,$24,$25,$26,$27),($28,$29,$30,$31,$32,$33,$34,$35,$36),($37,$38,$39,$40,$41,$42,$43,$44,$45),($46,$47,$48,$49,$50,$51,$52,$53,$54),($55,$56,$57,$58,$59,$60,$61,$62,$63),($64,$65,$66,$67,$68,$69,$70,$71,$72) ON CONFLICT DO NOTHING",0,0,0,0,0,0,19419,267947.47830300033,0.09607099999999999,981.14189,13.798211972964639,41.23228902371783,155352,1370052,7012,0,6897,0,0,0,0,0,0,105646.79028600013,445.6058570000002,0,0,0,0,0,0,0,0,0,0,0,0,0,0,0,0,0,2026-09-28 20:45:18.132288+00,2026-09-28 20:45:18.132288+00
10,16384,t,372461125686850405,"DECLARE ""query-cursor_61"" SCROLL CURSOR FOR select queryid, left(query, $1), calls, (total_plan_time + total_exec_time) as total_time from aurora_stat_statements($2) order by calls desc limit $3 FOR READ ONLY",0,0,0,0,0,0,1,0.06668,0.06668,0.06668,0.06668,0,0,0,0,0,0,0,0,0,0,0,0,0,0,0,0,0,0,0,0,0,0,0,0,0,0,0,0,0,0,0,2026-09-28 20:18:53.652389+00,2026-09-28 20:18:53.652389+00
10,16384,t,6046663792061907695,"MOVE -2022 IN ""query-cursor_224""",0,0,0,0,0,0,1,0.042834,0.042834,0.042834,0.042834,0,0,0,0,0,0,0,0,0,0,0,0,0,0,0,0,0,0,0,0,0,0,0,0,0,0,0,0,0,0,0,2026-09-29 01:11:53.671569+00,2026-09-29 01:11:53.671569+00
10,16384,t,6295773584465139302,"DECLARE ""query-cursor_91"" SCROLL CURSOR FOR select queryid, left(query, $1), calls, (total_plan_time + total_exec_time) as total_time from aurora_stat_statements($2) order by calls desc limit $3 FOR READ ONLY",0,0,0,0,0,0,1,0.074331,0.074331,0.074331,0.074331,0,0,0,0,0,0,0,0,0,0,0,0,0,0,0,0,0,0,0,0,0,0,0,0,0,0,0,0,0,0,0,2026-09-28 20:48:53.654912+00,2026-09-28 20:48:53.654912+00
16410,16412,t,4063262631460120975,"SELECT RES_ENT_ID,LIB_FEAT_ID,FTYPE_ID,UTYPE_CODE,SUPPRESSED,OBS_ENT_CNT FROM RES_FEAT_EKEY WHERE RES_ENT_ID IN ($1,$2,$3,$4) AND FTYPE_ID IN ($5,$6,$7,$8,$9,$10,$11,$12,$13,$14,$15)",0,0,0,0,0,0,67008,214220.9008099996,0.039523,498.309956,3.196945152966804,16.076193258246512,3661535,1245421,9252,0,0,0,0,0,0,0,0,176460.16497999933,0,0,0,0,0,0,0,0,0,0,0,0,0,0,0,0,0,0,2026-09-28 20:44:54.862259+00,2026-09-28 20:44:54.862259+00
10,16384,t,3527278937924463010,"MOVE ALL IN ""query-cursor_13""",0,0,0,0,0,0,1,0.46618,0.46618,0.46618,0.46618,0,0,0,0,0,0,0,0,0,0,0,0,0,0,0,0,0,0,0,0,0,0,0,0,0,0,0,0,0,0,0,2026-09-28 19:30:53.649319+00,2026-09-28 19:30:53.649319+00
16410,16412,t,-4339308163497601975,"SELECT DSRC_ID,RECORD_ID,ENT_SRC_KEY FROM DSRC_RECORD WHERE (DSRC_ID,ENT_SRC_KEY) IN (($1,$2))",0,0,0,0,0,0,22018865,1633405.3362138157,0.006729000000000001,601.862924,0.07418208596191564,0.910422878772835,22018895,117797588,32313,0,0,0,0,0,0,0,0,164035.88658599957,0,0,0,0,0,0,0,0,0,0,0,0,0,0,0,0,0,0,2026-09-28 20:44:58.507458+00,2026-09-28 20:44:58.507458+00
10,16384,t,-3499037995533126294,"MOVE -1398 IN ""query-cursor_126""",0,0,0,0,0,0,1,0.211866,0.211866,0.211866,0.211866,0,0,0,0,0,0,0,0,0,0,0,0,0,0,0,0,0,0,0,0,0,0,0,0,0,0,0,0,0,0,0,2026-09-28 21:55:53.741579+00,2026-09-28 21:55:53.741579+00
10,16384,t,8104844015402446740,SELECT pg_reload_conf(),0,0,0,0,0,0,1,0.012990999999999999,0.012990999999999999,0.012990999999999999,0.012990999999999999,0,1,0,0,0,0,0,0,0,0,0,0,0,0,0,0,0,0,0,0,0,0,0,0,0,0,0,0,0,0,0,2026-09-28 19:17:23.149705+00,2026-09-28 19:17:23.149705+00
16410,16412,t,-4671143778353688994,"UPDATE RES_FEAT_EKEY AS T SET SUPPRESSED = C.SUPPRESSED FROM (VALUES (CAST ($1 AS BIGINT),CAST ($2 AS BIGINT),$3,$4),(CAST ($5 AS BIGINT),CAST ($6 AS BIGINT),$7,$8),(CAST ($9 AS BIGINT),CAST ($10 AS BIGINT),$11,$12),(CAST ($13 AS BIGINT),CAST ($14 AS BIGINT),$15,$16),(CAST ($17 AS BIGINT),CAST ($18 AS BIGINT),$19,$20),(CAST ($21 AS BIGINT),CAST ($22 AS BIGINT),$23,$24),(CAST ($25 AS BIGINT),CAST ($26 AS BIGINT),$27,$28),(CAST ($29 AS BIGINT),CAST ($30 AS BIGINT),$31,$32),(CAST ($33 AS BIGINT),CAST ($34 AS BIGINT),$35,$36),(CAST ($37 AS BIGINT),CAST ($38 AS BIGINT),$39,$40),(CAST ($41 AS BIGINT),CAST ($42 AS BIGINT),$43,$44),(CAST ($45 AS BIGINT),CAST ($46 AS BIGINT),$47,$48),(CAST ($49 AS BIGINT),CAST ($50 AS BIGINT),$51,$52),(CAST ($53 AS BIGINT),CAST ($54 AS BIGINT),$55,$56),(CAST ($57 AS BIGINT),CAST ($58 AS BIGINT),$59,$60)) AS C(RES_ENT_ID,LIB_FEAT_ID,UTYPE_CODE,SUPPRESSED) WHERE C.RES_ENT_ID=T.RES_ENT_ID AND C.LIB_FEAT_ID=T.LIB_FEAT_ID AND C.UTYPE_CODE=T.UTYPE_CODE",0,0,0,0,0,0,259957,2594446.715614942,0.115209,1810.931277,9.980291800624496,31.16440365337217,3899355,34611472,7655,0,10838,0,0,0,0,0,0,194590.9656260002,304.4227169999995,0,0,0,0,0,0,0,0,0,0,0,0,0,0,0,0,0,2026-09-28 20:45:16.195009+00,2026-09-28 20:45:16.195009+00
10,16384,t,6242729462998715384,"FETCH 26 IN ""query-cursor_130""",0,0,0,0,0,0,1,0.010297,0.010297,0.010297,0.010297,0,26,0,0,0,0,0,0,0,0,0,0,0,0,0,0,0,0,0,0,0,0,0,0,0,0,0,0,0,0,0,2026-09-28 22:03:53.702719+00,2026-09-28 22:03:53.702719+00
10,16384,t,8926324106730883908,"MOVE -1522 IN ""query-cursor_144""",0,0,0,0,0,0,1,0.110873,0.110873,0.110873,0.110873,0,0,0,0,0,0,0,0,0,0,0,0,0,0,0,0,0,0,0,0,0,0,0,0,0,0,0,0,0,0,0,2026-09-28 22:33:53.673704+00,2026-09-28 22:33:53.673704+00
16410,16412,t,7569516770439383501,"SELECT RES_ENT_ID,LIB_FEAT_ID,FTYPE_ID,UTYPE_CODE,SUPPRESSED,OBS_ENT_CNT FROM RES_FEAT_EKEY WHERE RES_ENT_ID IN ($1,$2,$3,$4) AND FTYPE_ID IN ($5,$6,$7,$8,$9,$10,$11)",0,0,0,0,0,0,922,1974.3240850000007,0.041678,100.15391899999999,2.141349332971801,8.895587175240479,32166,16989,105,0,0,0,0,0,0,0,0,1605.3140929999997,0,0,0,0,0,0,0,0,0,0,0,0,0,0,0,0,0,0,2026-09-28 20:45:29.869786+00,2026-09-28 20:45:29.869786+00
10,16384,t,-311005340138182531,"DECLARE ""query-cursor_45"" SCROLL CURSOR FOR select queryid, left(query, $1), calls, (total_plan_time + total_exec_time) as total_time from aurora_stat_statements($2) order by calls desc limit $3 FOR READ ONLY",0,0,0,0,0,0,1,0.068264,0.068264,0.068264,0.068264,0,0,0,0,0,0,0,0,0,0,0,0,0,0,0,0,0,0,0,0,0,0,0,0,0,0,0,0,0,0,0,2026-09-28 20:02:53.651147+00,2026-09-28 20:02:53.651147+00
10,16384,t,1873821229809098263,"FETCH 50 IN ""query-cursor_30""",0,0,0,0,0,0,6,0.022131,0.003001,0.005682,0.0036885000000000004,0.0009141729869122147,300,0,0,0,0,0,0,0,0,0,0,0,0,0,0,0,0,0,0,0,0,0,0,0,0,0,0,0,0,0,2026-09-28 19:47:53.650975+00,2026-09-28 19:47:53.650975+00
10,16384,t,-3228738196331559616,"FETCH 0 IN ""query-cursor_132""",0,0,0,0,0,0,1,0.006933,0.006933,0.006933,0.006933,0,0,0,0,0,0,0,0,0,0,0,0,0,0,0,0,0,0,0,0,0,0,0,0,0,0,0,0,0,0,0,2026-09-28 22:07:53.960676+00,2026-09-28 22:07:53.960676+00
10,16384,t,-8538731078167172231,"DECLARE ""query-cursor_100"" SCROLL CURSOR FOR select queryid, left(query, $1), calls, (total_plan_time + total_exec_time) as total_time from aurora_stat_statements($2) order by calls desc limit $3 FOR READ ONLY",0,0,0,0,0,0,1,0.078419,0.078419,0.078419,0.078419,0,0,0,0,0,0,0,0,0,0,0,0,0,0,0,0,0,0,0,0,0,0,0,0,0,0,0,0,0,0,0,2026-09-28 21:03:53.738373+00,2026-09-28 21:03:53.738373+00
10,16384,t,3480297924698934474,"FETCH 50 IN ""query-cursor_95""",0,0,0,0,0,0,23,0.433686,0.012991,0.050942,0.01885591304347826,0.008321141560026711,1150,0,0,0,0,0,0,0,0,0,0,0,0,0,0,0,0,0,0,0,0,0,0,0,0,0,0,0,0,0,2026-09-28 20:53:53.720384+00,2026-09-28 20:53:53.720384+00
10,16384,t,-5672313031058143923,"MOVE -1759 IN ""query-cursor_181""",0,0,0,0,0,0,1,0.141317,0.141317,0.141317,0.141317,0,0,0,0,0,0,0,0,0,0,0,0,0,0,0,0,0,0,0,0,0,0,0,0,0,0,0,0,0,0,0,2026-09-28 23:51:53.683899+00,2026-09-28 23:51:53.683899+00
10,16384,t,3980151500939870772,"FETCH 26 IN ""query-cursor_9""",0,0,0,0,0,0,1,0.002188,0.002188,0.002188,0.002188,0,26,0,0,0,0,0,0,0,0,0,0,0,0,0,0,0,0,0,0,0,0,0,0,0,0,0,0,0,0,0,2026-09-28 19:26:53.649617+00,2026-09-28 19:26:53.649617+00
16410,16412,t,2146911190864867539,"SELECT DSRC_ID,RECORD_ID,ENT_SRC_KEY FROM DSRC_RECORD WHERE (DSRC_ID,ENT_SRC_KEY) IN (($1,$2),($3,$4),($5,$6),($7,$8),($9,$10),($11,$12),($13,$14),($15,$16))",0,0,0,0,0,0,114316,100586.12774499838,0.049842000000000004,343.74158,0.8798954454756848,5.286645090087135,591198,4276183,10597,0,0,0,0,0,0,0,0,56738.399867000015,0,0,0,0,0,0,0,0,0,0,0,0,0,0,0,0,0,0,2026-09-28 21:34:53.669804+00,2026-09-28 21:34:53.669804+00
10,16384,t,-6314621860203430556,"MOVE -1437 IN ""query-cursor_131""",0,0,0,0,0,0,1,0.093393,0.093393,0.093393,0.093393,0,0,0,0,0,0,0,0,0,0,0,0,0,0,0,0,0,0,0,0,0,0,0,0,0,0,0,0,0,0,0,2026-09-28 22:05:54.007018+00,2026-09-28 22:05:54.007018+00
10,16384,t,3941602882670396634,"DECLARE ""query-cursor_192"" SCROLL CURSOR FOR select queryid, left(query, $1), calls, (total_plan_time + total_exec_time) as total_time from aurora_stat_statements($2) order by calls desc limit $3 FOR READ ONLY",0,0,0,0,0,0,1,0.055954,0.055954,0.055954,0.055954,0,0,0,0,0,0,0,0,0,0,0,0,0,0,0,0,0,0,0,0,0,0,0,0,0,0,0,0,0,0,0,2026-09-29 00:13:53.663333+00,2026-09-29 00:13:53.663333+00
10,16384,t,-7690045223228635599,"MOVE -1265 IN ""query-cursor_108""",0,0,0,0,0,0,1,0.087652,0.087652,0.087652,0.087652,0,0,0,0,0,0,0,0,0,0,0,0,0,0,0,0,0,0,0,0,0,0,0,0,0,0,0,0,0,0,0,2026-09-28 21:19:53.684404+00,2026-09-28 21:19:53.684404+00
16410,16412,t,-6553797966663625127,"CREATE UNIQUE INDEX IX_EVAL_QUEUE ON SYS_EVAL_QUEUE(ENT_SRC_KEY, DSRC_CODE)",0,0,0,0,0,0,1,2.212803,2.212803,2.212803,2.212803,0,0,114,0,0,0,0,0,0,0,0,0,0,0,0,0,0,0,0,0,0,0,0,0,0,0,0,0,0,0,0,2026-09-28 19:20:35.96111+00,2026-09-28 19:20:35.96111+00
10,16384,t,3851973222005496293,"FETCH 0 IN ""query-cursor_224""",0,0,0,0,0,0,1,0.003557,0.003557,0.003557,0.003557,0,0,0,0,0,0,0,0,0,0,0,0,0,0,0,0,0,0,0,0,0,0,0,0,0,0,0,0,0,0,0,2026-09-29 01:11:53.665885+00,2026-09-29 01:11:53.665885+00
10,16384,t,-8230815631041188573,"DECLARE ""query-cursor_113"" SCROLL CURSOR FOR select queryid, left(query, $1), calls, (total_plan_time + total_exec_time) as total_time from aurora_stat_statements($2) order by calls desc limit $3 FOR READ ONLY",0,0,0,0,0,0,1,0.080153,0.080153,0.080153,0.080153,0,0,0,0,0,0,0,0,0,0,0,0,0,0,0,0,0,0,0,0,0,0,0,0,0,0,0,0,0,0,0,2026-09-28 21:29:53.715969+00,2026-09-28 21:29:53.715969+00
10,16384,t,4133261074245451951,"DECLARE ""query-cursor_90"" SCROLL CURSOR FOR select queryid, left(query, $1), calls, (total_plan_time + total_exec_time) as total_time from aurora_stat_statements($2) order by calls desc limit $3 FOR READ ONLY",0,0,0,0,0,0,1,0.062428,0.062428,0.062428,0.062428,0,0,0,0,0,0,0,0,0,0,0,0,0,0,0,0,0,0,0,0,0,0,0,0,0,0,0,0,0,0,0,2026-09-28 20:47:53.654951+00,2026-09-28 20:47:53.654951+00
10,16384,t,-1731754133199958842,"FETCH 13 IN ""query-cursor_15""",0,0,0,0,0,0,1,0.001682,0.001682,0.001682,0.001682,0,13,0,0,0,0,0,0,0,0,0,0,0,0,0,0,0,0,0,0,0,0,0,0,0,0,0,0,0,0,0,2026-09-28 19:32:53.650432+00,2026-09-28 19:32:53.650432+00
10,16384,t,-8285361411672372751,"MOVE -232 IN ""query-cursor_18""",0,0,0,0,0,0,1,0.007386,0.007386,0.007386,0.007386,0,0,0,0,0,0,0,0,0,0,0,0,0,0,0,0,0,0,0,0,0,0,0,0,0,0,0,0,0,0,0,2026-09-28 19:35:53.649807+00,2026-09-28 19:35:53.649807+00
10,16384,t,-1203255004930518205,"FETCH 33 IN ""query-cursor_185""",0,0,0,0,0,0,1,0.008279,0.008279,0.008279,0.008279,0,33,0,0,0,0,0,0,0,0,0,0,0,0,0,0,0,0,0,0,0,0,0,0,0,0,0,0,0,0,0,2026-09-28 23:59:54.01267+00,2026-09-28 23:59:54.01267+00
16410,16412,t,-498471380049374155,"INSERT INTO RES_REL_EKEY(RES_REL_ID,RES_ENT_ID,REL_ENT_ID) VALUES ($1,$2,$3),($4,$5,$6),($7,$8,$9) ON CONFLICT DO NOTHING",0,0,0,0,0,0,8,45.832031,0.090035,28.474685,5.729003875,10.1220713470858,24,210,0,0,0,0,0,0,0,0,0,0,0,0,0,0,0,0,0,0,0,0,0,0,0,0,0,0,0,0,2026-09-28 21:48:19.965191+00,2026-09-28 21:48:19.965191+00
10,16384,t,-1665774830007099960,"MOVE -1668 IN ""query-cursor_167""",0,0,0,0,0,0,1,0.133034,0.133034,0.133034,0.133034,0,0,0,0,0,0,0,0,0,0,0,0,0,0,0,0,0,0,0,0,0,0,0,0,0,0,0,0,0,0,0,2026-09-28 23:21:53.671412+00,2026-09-28 23:21:53.671412+00
10,16384,t,-1767769003792057046,"DECLARE ""query-cursor_74"" SCROLL CURSOR FOR select queryid, left(query, $1), calls, (total_plan_time + total_exec_time) as total_time from aurora_stat_statements($2) order by calls desc limit $3 FOR READ ONLY",0,0,0,0,0,0,1,0.067716,0.067716,0.067716,0.067716,0,0,0,0,0,0,0,0,0,0,0,0,0,0,0,0,0,0,0,0,0,0,0,0,0,0,0,0,0,0,0,2026-09-28 20:31:53.653348+00,2026-09-28 20:31:53.653348+00
10,16384,t,4429332816275135575,"MOVE ALL IN ""query-cursor_4""",0,0,0,0,0,0,1,0.302399,0.302399,0.302399,0.302399,0,0,0,0,0,0,0,0,0,0,0,0,0,0,0,0,0,0,0,0,0,0,0,0,0,0,0,0,0,0,0,2026-09-28 19:21:53.648457+00,2026-09-28 19:21:53.648457+00
16410,16412,t,7585479488588372943,"TRUNCATE perf.snap_scalar, perf.snap_statement, perf.snap_table",0,0,0,0,0,0,1,12.269057,12.269057,12.269057,12.269057,0,0,426,0,0,0,0,0,0,0,0,0,0,0,0,0,0,0,0,0,0,0,0,0,0,0,0,0,0,0,0,2026-09-28 20:43:41.952722+00,2026-09-28 20:43:41.952722+00
10,16384,t,-8646649919778428057,"FETCH 26 IN ""query-cursor_137""",0,0,0,0,0,0,1,0.008217,0.008217,0.008217,0.008217,0,26,0,0,0,0,0,0,0,0,0,0,0,0,0,0,0,0,0,0,0,0,0,0,0,0,0,0,0,0,0,2026-09-28 22:19:53.851173+00,2026-09-28 22:19:53.851173+00
16410,16412,t,-1988309358121700340,"SELECT LIB_FEAT_ID,FEAT_DESC,FTYPE_ID,ANONYMIZED,FEAT_HASH,VERSION,FELEM_VALUES FROM LIB_FEAT WHERE (FEAT_HASH,FTYPE_ID) IN (($1,$2),($3,$4),($5,$6),($7,$8),($9,$10),($11,$12),($13,$14),($15,$16),($17,$18),($19,$20),($21,$22),($23,$24),($25,$26),($27,$28),($29,$30),($31,$32),($33,$34),($35,$36),($37,$38),($39,$40),($41,$42),($43,$44),($45,$46),($47,$48),($49,$50),($51,$52),($53,$54),($55,$56),($57,$58),($59,$60),($61,$62),($63,$64))",0,0,0,0,0,0,7070379,86073669.613757,0.06533499999999999,1187.152604,12.173840979918756,34.09182275117903,25532453,1093560457,2071191,0,0,0,0,0,0,0,0,65073677.28421581,0,0,0,0,0,0,0,0,0,0,0,0,0,0,0,0,0,0,2026-09-28 20:44:52.384872+00,2026-09-28 20:44:52.384872+00
10,16384,t,-457569447027851694,"FETCH 0 IN ""query-cursor_180""",0,0,0,0,0,0,1,0.008283,0.008283,0.008283,0.008283,0,0,0,0,0,0,0,0,0,0,0,0,0,0,0,0,0,0,0,0,0,0,0,0,0,0,0,0,0,0,0,2026-09-28 23:49:53.719078+00,2026-09-28 23:49:53.719078+00
10,16384,t,1844942870784685723,"DECLARE ""query-cursor_6"" SCROLL CURSOR FOR select queryid, left(query, $1), calls, (total_plan_time + total_exec_time) as total_time from aurora_stat_statements($2) order by calls desc limit $3 FOR READ ONLY",0,0,0,0,0,0,1,0.062549,0.062549,0.062549,0.062549,0,0,0,0,0,0,0,0,0,0,0,0,0,0,0,0,0,0,0,0,0,0,0,0,0,0,0,0,0,0,0,2026-09-28 19:23:53.648246+00,2026-09-28 19:23:53.648246+00
10,16384,t,5721161299437937071,select max(age(datfrozenxid)) from pg_catalog.pg_database where datconnlimit <> $1,0,0,0,0,0,0,378,72.23973399999991,0.005566,42.840347,0.19111040740740717,2.5025729596293727,378,378,0,0,0,0,0,0,0,0,0,0,0,0,0,0,0,0,0,0,0,0,0,0,0,0,0,0,0,0,2026-09-28 19:17:03.548474+00,2026-09-28 19:17:03.548474+00
10,16384,t,-1792737309801232141,"DECLARE ""query-cursor_186"" SCROLL CURSOR FOR select queryid, left(query, $1), calls, (total_plan_time + total_exec_time) as total_time from aurora_stat_statements($2) order by calls desc limit $3 FOR READ ONLY",0,0,0,0,0,0,1,0.086101,0.086101,0.086101,0.086101,0,0,0,0,0,0,0,0,0,0,0,0,0,0,0,0,0,0,0,0,0,0,0,0,0,0,0,0,0,0,0,2026-09-29 00:01:53.752061+00,2026-09-29 00:01:53.752061+00
10,16384,t,2454974933104189470,"FETCH 26 IN ""query-cursor_97""",0,0,0,0,0,0,1,0.008905,0.008905,0.008905,0.008905,0,26,0,0,0,0,0,0,0,0,0,0,0,0,0,0,0,0,0,0,0,0,0,0,0,0,0,0,0,0,0,2026-09-28 20:57:53.684629+00,2026-09-28 20:57:53.684629+00
16410,16412,t,5695398124724744310,"SELECT RES_ENT_ID,LIB_FEAT_ID,FTYPE_ID,UTYPE_CODE,SUPPRESSED,OBS_ENT_CNT FROM RES_FEAT_EKEY WHERE RES_ENT_ID IN ($1,$2,$3,$4,$5,$6,$7,$8) AND FTYPE_ID IN ($9,$10,$11,$12,$13,$14,$15,$16,$17,$18,$19,$20,$21,$22,$23)",0,0,0,0,0,0,536754,2708971.81699798,0.05711,875.465422,5.046952266770215,20.024341500493914,67899115,18111474,123848,0,0,0,0,0,0,0,0,2170230.7719389843,0,0,0,0,0,0,0,0,0,0,0,0,0,0,0,0,0,0,2026-09-28 20:44:54.834694+00,2026-09-28 20:44:54.834694+00
10,16384,t,6519102396059983915,"FETCH 15 IN ""query-cursor_182""",0,0,0,0,0,0,1,0.00703,0.00703,0.00703,0.00703,0,15,0,0,0,0,0,0,0,0,0,0,0,0,0,0,0,0,0,0,0,0,0,0,0,0,0,0,0,0,0,2026-09-28 23:53:53.902166+00,2026-09-28 23:53:53.902166+00
10,16384,t,4586574478750110663,"MOVE -390 IN ""query-cursor_40""",0,0,0,0,0,0,1,0.011012,0.011012,0.011012,0.011012,0,0,0,0,0,0,0,0,0,0,0,0,0,0,0,0,0,0,0,0,0,0,0,0,0,0,0,0,0,0,0,2026-09-28 19:57:53.651856+00,2026-09-28 19:57:53.651856+00
10,16384,t,2491253168980130121,"FETCH 0 IN ""query-cursor_190""",0,0,0,0,0,0,1,0.006767,0.006767,0.006767,0.006767,0,0,0,0,0,0,0,0,0,0,0,0,0,0,0,0,0,0,0,0,0,0,0,0,0,0,0,0,0,0,0,2026-09-29 00:09:54.036556+00,2026-09-29 00:09:54.036556+00
16410,16412,t,-3846009429024692697,"SELECT RES_ENT_ID,LIB_FEAT_ID,FTYPE_ID,UTYPE_CODE,SUPPRESSED,OBS_ENT_CNT FROM RES_FEAT_EKEY WHERE RES_ENT_ID IN ($1,$2,$3,$4) AND FTYPE_ID IN ($5,$6,$7,$8,$9,$10,$11,$12,$13,$14,$15,$16,$17,$18,$19,$20,$21,$22,$23,$24,$25,$26,$27,$28,$29,$30,$31,$32,$33,$34,$35,$36,$37,$38,$39,$40,$41,$42,$43,$44,$45,$46,$47,$48,$49,$50,$51,$52)",0,0,0,0,0,0,5,0.416907,0.066697,0.09822,0.08338140000000001,0.012093442216341881,0,81,0,0,0,0,0,0,0,0,0,0,0,0,0,0,0,0,0,0,0,0,0,0,0,0,0,0,0,0,2026-09-28 21:17:41.867938+00,2026-09-28 21:17:41.867938+00
10,16384,t,-8752160089004650828,"FETCH 9 IN ""query-cursor_222""",0,0,0,0,0,0,1,0.001963,0.001963,0.001963,0.001963,0,9,0,0,0,0,0,0,0,0,0,0,0,0,0,0,0,0,0,0,0,0,0,0,0,0,0,0,0,0,0,2026-09-29 01:07:53.682139+00,2026-09-29 01:07:53.682139+00
10,16384,t,-7404373669032459528,"FETCH 50 IN ""query-cursor_56""",0,0,0,0,0,0,9,0.03068,0.002926,0.005407,0.003408888888888889,0.0007519684456211421,450,0,0,0,0,0,0,0,0,0,0,0,0,0,0,0,0,0,0,0,0,0,0,0,0,0,0,0,0,0,2026-09-28 20:13:53.653272+00,2026-09-28 20:13:53.653272+00
10,16384,t,-420613700223529916,"MOVE -1463 IN ""query-cursor_135""",0,0,0,0,0,0,1,0.178802,0.178802,0.178802,0.178802,0,0,0,0,0,0,0,0,0,0,0,0,0,0,0,0,0,0,0,0,0,0,0,0,0,0,0,0,0,0,0,2026-09-28 22:15:53.704289+00,2026-09-28 22:15:53.704289+00
10,16384,t,-7978767457195945638,"MOVE ALL IN ""query-cursor_63""",0,0,0,0,0,0,1,1.22705,1.22705,1.22705,1.22705,0,0,0,0,0,0,0,0,0,0,0,0,0,0,0,0,0,0,0,0,0,0,0,0,0,0,0,0,0,0,0,2026-09-28 20:20:53.653835+00,2026-09-28 20:20:53.653835+00
10,16384,t,6821271399689077564,"FETCH 0 IN ""query-cursor_165""",0,0,0,0,0,0,1,0.007915,0.007915,0.007915,0.007915,0,0,0,0,0,0,0,0,0,0,0,0,0,0,0,0,0,0,0,0,0,0,0,0,0,0,0,0,0,0,0,2026-09-28 23:17:53.736031+00,2026-09-28 23:17:53.736031+00
10,16384,t,-3800936042606976404,"DECLARE ""query-cursor_178"" SCROLL CURSOR FOR select queryid, left(query, $1), calls, (total_plan_time + total_exec_time) as total_time from aurora_stat_statements($2) order by calls desc limit $3 FOR READ ONLY",0,0,0,0,0,0,1,0.078457,0.078457,0.078457,0.078457,0,0,0,0,0,0,0,0,0,0,0,0,0,0,0,0,0,0,0,0,0,0,0,0,0,0,0,0,0,0,0,2026-09-28 23:45:53.662686+00,2026-09-28 23:45:53.662686+00
10,16384,t,-6843854091939251585,"MOVE -1681 IN ""query-cursor_169""",0,0,0,0,0,0,1,0.416925,0.416925,0.416925,0.416925,0,0,0,0,0,0,0,0,0,0,0,0,0,0,0,0,0,0,0,0,0,0,0,0,0,0,0,0,0,0,0,2026-09-28 23:25:53.88919+00,2026-09-28 23:25:53.88919+00
10,16384,t,-7672663732827116741,"DECLARE ""query-cursor_185"" SCROLL CURSOR FOR select queryid, left(query, $1), calls, (total_plan_time + total_exec_time) as total_time from aurora_stat_statements($2) order by calls desc limit $3 FOR READ ONLY",0,0,0,0,0,0,1,0.077725,0.077725,0.077725,0.077725,0,0,0,0,0,0,0,0,0,0,0,0,0,0,0,0,0,0,0,0,0,0,0,0,0,0,0,0,0,0,0,2026-09-28 23:59:53.984624+00,2026-09-28 23:59:53.984624+00
10,16384,t,5702438677136522567,"FETCH 50 IN ""query-cursor_116""",0,0,0,0,0,0,26,0.5657850000000001,0.013303,0.039534,0.02176096153846154,0.006911727578102691,1300,0,0,0,0,0,0,0,0,0,0,0,0,0,0,0,0,0,0,0,0,0,0,0,0,0,0,0,0,0,2026-09-28 21:35:53.988289+00,2026-09-28 21:35:53.988289+00
10,16384,t,957784009685454802,"MOVE -1427 IN ""query-cursor_130""",0,0,0,0,0,0,1,0.098042,0.098042,0.098042,0.098042,0,0,0,0,0,0,0,0,0,0,0,0,0,0,0,0,0,0,0,0,0,0,0,0,0,0,0,0,0,0,0,2026-09-28 22:03:53.686034+00,2026-09-28 22:03:53.686034+00
10,16384,t,-4205950134213807602,"MOVE ALL IN ""query-cursor_34""",0,0,0,0,0,0,1,0.782492,0.782492,0.782492,0.782492,0,0,0,0,0,0,0,0,0,0,0,0,0,0,0,0,0,0,0,0,0,0,0,0,0,0,0,0,0,0,0,2026-09-28 19:51:53.651224+00,2026-09-28 19:51:53.651224+00
10,16384,t,-223007557561679090,"FETCH 0 IN ""query-cursor_36""",0,0,0,0,0,0,1,0.004164,0.004164,0.004164,0.004164,0,0,0,0,0,0,0,0,0,0,0,0,0,0,0,0,0,0,0,0,0,0,0,0,0,0,0,0,0,0,0,2026-09-28 19:53:53.650539+00,2026-09-28 19:53:53.650539+00
10,16384,t,-7385104725074880636,"FETCH 1 IN ""query-cursor_42""",0,0,0,0,0,0,1,0.001174,0.001174,0.001174,0.001174,0,1,0,0,0,0,0,0,0,0,0,0,0,0,0,0,0,0,0,0,0,0,0,0,0,0,0,0,0,0,0,2026-09-28 19:59:53.65368+00,2026-09-28 19:59:53.65368+00
10,16384,t,4976316194315474603,"MOVE -530 IN ""query-cursor_63""",0,0,0,0,0,0,1,0.01323,0.01323,0.01323,0.01323,0,0,0,0,0,0,0,0,0,0,0,0,0,0,0,0,0,0,0,0,0,0,0,0,0,0,0,0,0,0,0,2026-09-28 20:20:53.653903+00,2026-09-28 20:20:53.653903+00
10,16384,t,-8529646101658082956,"MOVE ALL IN ""query-cursor_148""",0,0,0,0,0,0,1,6.086686,6.086686,6.086686,6.086686,0,0,0,0,0,0,0,0,0,0,0,0,0,0,0,0,0,0,0,0,0,0,0,0,0,0,0,0,0,0,0,2026-09-28 22:41:53.797816+00,2026-09-28 22:41:53.797816+00
10,16384,t,2686958190643597861,"MOVE ALL IN ""query-cursor_72""",0,0,0,0,0,0,1,1.285555,1.285555,1.285555,1.285555,0,0,0,0,0,0,0,0,0,0,0,0,0,0,0,0,0,0,0,0,0,0,0,0,0,0,0,0,0,0,0,2026-09-28 20:29:53.654622+00,2026-09-28 20:29:53.654622+00
10,16384,t,-8189493087599100821,"FETCH 0 IN ""query-cursor_232""",0,0,0,0,0,0,1,0.003694,0.003694,0.003694,0.003694,0,0,0,0,0,0,0,0,0,0,0,0,0,0,0,0,0,0,0,0,0,0,0,0,0,0,0,0,0,0,0,2026-09-29 01:21:53.666269+00,2026-09-29 01:21:53.666269+00
10,16384,t,8184685900184494795,"FETCH 0 IN ""query-cursor_20""",0,0,0,0,0,0,1,0.003778,0.003778,0.003778,0.003778,0,0,0,0,0,0,0,0,0,0,0,0,0,0,0,0,0,0,0,0,0,0,0,0,0,0,0,0,0,0,0,2026-09-28 19:37:53.649345+00,2026-09-28 19:37:53.649345+00
16410,16412,t,-6080537089646543031,"UPDATE RES_FEAT_EKEY AS T SET SUPPRESSED = C.SUPPRESSED FROM (VALUES (CAST ($1 AS BIGINT),CAST ($2 AS BIGINT),$3,$4),(CAST ($5 AS BIGINT),CAST ($6 AS BIGINT),$7,$8),(CAST ($9 AS BIGINT),CAST ($10 AS BIGINT),$11,$12),(CAST ($13 AS BIGINT),CAST ($14 AS BIGINT),$15,$16),(CAST ($17 AS BIGINT),CAST ($18 AS BIGINT),$19,$20),(CAST ($21 AS BIGINT),CAST ($22 AS BIGINT),$23,$24),(CAST ($25 AS BIGINT),CAST ($26 AS BIGINT),$27,$28),(CAST ($29 AS BIGINT),CAST ($30 AS BIGINT),$31,$32),(CAST ($33 AS BIGINT),CAST ($34 AS BIGINT),$35,$36),(CAST ($37 AS BIGINT),CAST ($38 AS BIGINT),$39,$40),(CAST ($41 AS BIGINT),CAST ($42 AS BIGINT),$43,$44)) AS C(RES_ENT_ID,LIB_FEAT_ID,UTYPE_CODE,SUPPRESSED) WHERE C.RES_ENT_ID=T.RES_ENT_ID AND C.LIB_FEAT_ID=T.LIB_FEAT_ID AND C.UTYPE_CODE=T.UTYPE_CODE",0,0,0,0,0,0,229973,1854768.118474969,0.087094,1354.950472,8.065155989942163,26.340226589306933,2529703,21973413,4884,0,6561,0,0,0,0,0,0,125733.53821799996,235.45924399999979,0,0,0,0,0,0,0,0,0,0,0,0,0,0,0,0,0,2026-09-28 20:44:53.664564+00,2026-09-28 20:44:53.664564+00
16410,16412,t,2365696719625049773,"INSERT INTO RES_RELATE(RES_REL_ID,MIN_RES_ENT_ID,MAX_RES_ENT_ID,IS_DISCLOSED,IS_AMBIGUOUS,LAST_ERRULE_ID,MATCH_KEY,MATCH_KEY_DETAILS,MATCH_LEVELS) VALUES ($1,$2,$3,$4,$5,$6,$7,$8,$9),($10,$11,$12,$13,$14,$15,$16,$17,$18),($19,$20,$21,$22,$23,$24,$25,$26,$27),($28,$29,$30,$31,$32,$33,$34,$35,$36),($37,$38,$39,$40,$41,$42,$43,$44,$45) ON CONFLICT DO NOTHING",0,0,0,0,0,0,208801,2357008.097365996,0.066872,2125.4813870000003,11.28829889399953,38.01616153138387,1044005,9288858,59021,0,61712,0,0,0,0,0,0,1098076.1019290017,3072.619218000007,0,0,0,0,0,0,0,0,0,0,0,0,0,0,0,0,0,2026-09-28 20:45:03.401266+00,2026-09-28 20:45:03.401266+00
10,16384,t,1033741260744800560,"MOVE -2040 IN ""query-cursor_227""",0,0,0,0,0,0,1,0.043133,0.043133,0.043133,0.043133,0,0,0,0,0,0,0,0,0,0,0,0,0,0,0,0,0,0,0,0,0,0,0,0,0,0,0,0,0,0,0,2026-09-29 01:16:53.671057+00,2026-09-29 01:16:53.671057+00
10,16384,t,-401803796759396669,"FETCH 41 IN ""query-cursor_65""",0,0,0,0,0,0,1,0.003287,0.003287,0.003287,0.003287,0,41,0,0,0,0,0,0,0,0,0,0,0,0,0,0,0,0,0,0,0,0,0,0,0,0,0,0,0,0,0,2026-09-28 20:22:53.655974+00,2026-09-28 20:22:53.655974+00
10,16384,t,-4003968115319288995,"FETCH 19 IN ""query-cursor_78""",0,0,0,0,0,0,1,0.00208,0.00208,0.00208,0.00208,0,19,0,0,0,0,0,0,0,0,0,0,0,0,0,0,0,0,0,0,0,0,0,0,0,0,0,0,0,0,0,2026-09-28 20:35:53.657447+00,2026-09-28 20:35:53.657447+00
10,16384,t,8761997276605199152,"FETCH 50 IN ""query-cursor_76""",0,0,0,0,0,0,12,0.038557999999999995,0.002607,0.005513,0.0032131666666666663,0.000726677006807166,600,0,0,0,0,0,0,0,0,0,0,0,0,0,0,0,0,0,0,0,0,0,0,0,0,0,0,0,0,0,2026-09-28 20:33:53.655074+00,2026-09-28 20:33:53.655074+00
10,16384,t,-2948479326026346220,"MOVE -1075 IN ""query-cursor_89""",0,0,0,0,0,0,1,0.02528,0.02528,0.02528,0.02528,0,0,0,0,0,0,0,0,0,0,0,0,0,0,0,0,0,0,0,0,0,0,0,0,0,0,0,0,0,0,0,2026-09-28 20:46:53.658426+00,2026-09-28 20:46:53.658426+00
10,16384,t,-4047696473803356404,"MOVE -2081 IN ""query-cursor_232""",0,0,0,0,0,0,1,0.046139,0.046139,0.046139,0.046139,0,0,0,0,0,0,0,0,0,0,0,0,0,0,0,0,0,0,0,0,0,0,0,0,0,0,0,0,0,0,0,2026-09-29 01:21:53.672237+00,2026-09-29 01:21:53.672237+00
10,16384,t,2562998477890865947,"FETCH 1 IN ""query-cursor_180""",0,0,0,0,0,0,1,0.005073,0.005073,0.005073,0.005073,0,1,0,0,0,0,0,0,0,0,0,0,0,0,0,0,0,0,0,0,0,0,0,0,0,0,0,0,0,0,0,2026-09-28 23:49:53.748717+00,2026-09-28 23:49:53.748717+00
10,16384,t,6324614696772710390,"DECLARE ""query-cursor_141"" SCROLL CURSOR FOR select queryid, left(query, $1), calls, (total_plan_time + total_exec_time) as total_time from aurora_stat_statements($2) order by calls desc limit $3 FOR READ ONLY",0,0,0,0,0,0,1,0.081425,0.081425,0.081425,0.081425,0,0,0,0,0,0,0,0,0,0,0,0,0,0,0,0,0,0,0,0,0,0,0,0,0,0,0,0,0,0,0,2026-09-28 22:27:54.13097+00,2026-09-28 22:27:54.13097+00
10,16384,t,-1572075778956785042,"MOVE -512 IN ""query-cursor_60""",0,0,0,0,0,0,1,0.014249,0.014249,0.014249,0.014249,0,0,0,0,0,0,0,0,0,0,0,0,0,0,0,0,0,0,0,0,0,0,0,0,0,0,0,0,0,0,0,2026-09-28 20:17:53.653739+00,2026-09-28 20:17:53.653739+00
10,16384,t,-2071229969732990453,"FETCH 50 IN ""query-cursor_145""",0,0,0,0,0,0,30,0.48847699999999994,0.010385,0.043667,0.016282566666666665,0.0063561311276768215,1500,0,0,0,0,0,0,0,0,0,0,0,0,0,0,0,0,0,0,0,0,0,0,0,0,0,0,0,0,0,2026-09-28 22:35:54.137048+00,2026-09-28 22:35:54.137048+00
10,16384,t,2402491195708639092,"DECLARE ""query-cursor_183"" SCROLL CURSOR FOR select queryid, left(query, $1), calls, (total_plan_time + total_exec_time) as total_time from aurora_stat_statements($2) order by calls desc limit $3 FOR READ ONLY",0,0,0,0,0,0,1,0.081185,0.081185,0.081185,0.081185,0,0,0,0,0,0,0,0,0,0,0,0,0,0,0,0,0,0,0,0,0,0,0,0,0,0,0,0,0,0,0,2026-09-28 23:55:53.690746+00,2026-09-28 23:55:53.690746+00
10,16384,t,-3868487740020039047,"FETCH 50 IN ""query-cursor_20""",0,0,0,0,0,0,4,0.01491,0.003074,0.005255,0.0037275,0.0008874932394108702,200,0,0,0,0,0,0,0,0,0,0,0,0,0,0,0,0,0,0,0,0,0,0,0,0,0,0,0,0,0,2026-09-28 19:37:53.649979+00,2026-09-28 19:37:53.649979+00
16410,16412,t,5764499686668614642,"SELECT RES_ENT_ID,LIB_FEAT_ID,FTYPE_ID,UTYPE_CODE,SUPPRESSED,OBS_ENT_CNT FROM RES_FEAT_EKEY WHERE RES_ENT_ID IN ($1,$2) AND FTYPE_ID IN ($3,$4,$5,$6,$7,$8,$9,$10,$11,$12,$13,$14,$15,$16,$17,$18,$19,$20,$21,$22,$23,$24,$25,$26,$27,$28,$29,$30,$31,$32,$33,$34,$35,$36,$37,$38,$39,$40,$41,$42,$43,$44,$45,$46,$47,$48,$49,$50,$51,$52,$53,$54,$55,$56,$57,$58,$59,$60,$61,$62,$63,$64)",0,0,0,0,0,0,4,0.306473,0.058155,0.088793,0.07661825,0.011281790845761145,120,43,0,0,0,0,0,0,0,0,0,0,0,0,0,0,0,0,0,0,0,0,0,0,0,0,0,0,0,0,2026-09-28 21:27:22.293283+00,2026-09-28 21:27:22.293283+00
10,16384,t,-5882675488232163455,"DECLARE ""query-cursor_232"" SCROLL CURSOR FOR select queryid, left(query, $1), calls, (total_plan_time + total_exec_time) as total_time from aurora_stat_statements($2) order by calls desc limit $3 FOR READ ONLY",0,0,0,0,0,0,1,0.068151,0.068151,0.068151,0.068151,0,0,0,0,0,0,0,0,0,0,0,0,0,0,0,0,0,0,0,0,0,0,0,0,0,0,0,0,0,0,0,2026-09-29 01:21:53.666226+00,2026-09-29 01:21:53.666226+00
10,16384,t,-7279999791433004205,"DECLARE ""query-cursor_22"" SCROLL CURSOR FOR select queryid, left(query, $1), calls, (total_plan_time + total_exec_time) as total_time from aurora_stat_statements($2) order by calls desc limit $3 FOR READ ONLY",0,0,0,0,0,0,1,0.064747,0.064747,0.064747,0.064747,0,0,0,0,0,0,0,0,0,0,0,0,0,0,0,0,0,0,0,0,0,0,0,0,0,0,0,0,0,0,0,2026-09-28 19:39:53.649436+00,2026-09-28 19:39:53.649436+00
16410,16412,t,-108852197278167468,"UPDATE RES_FEAT_EKEY AS T SET SUPPRESSED=C.SUPPRESSED,OBS_ENT_CNT=C.OBS_ENT_CNT FROM (VALUES (CAST ($1 AS BIGINT),CAST ($2 AS BIGINT),$3,$4,CAST ($5 AS BIGINT)),(CAST ($6 AS BIGINT),CAST ($7 AS BIGINT),$8,$9,CAST ($10 AS BIGINT)),(CAST ($11 AS BIGINT),CAST ($12 AS BIGINT),$13,$14,CAST ($15 AS BIGINT)),(CAST ($16 AS BIGINT),CAST ($17 AS BIGINT),$18,$19,CAST ($20 AS BIGINT)),(CAST ($21 AS BIGINT),CAST ($22 AS BIGINT),$23,$24,CAST ($25 AS BIGINT)),(CAST ($26 AS BIGINT),CAST ($27 AS BIGINT),$28,$29,CAST ($30 AS BIGINT)),(CAST ($31 AS BIGINT),CAST ($32 AS BIGINT),$33,$34,CAST ($35 AS BIGINT))) AS C(RES_ENT_ID,LIB_FEAT_ID,UTYPE_CODE,SUPPRESSED,OBS_ENT_CNT) WHERE C.RES_ENT_ID=T.RES_ENT_ID AND C.LIB_FEAT_ID=T.LIB_FEAT_ID AND C.UTYPE_CODE=T.UTYPE_CODE",0,0,0,0,0,0,364936,4067400.4621490543,0.068226,1151.046155,11.145517192464032,28.90320942780733,2554548,33564660,68061,0,8602,0,0,0,0,0,0,1541644.481504009,587.9576460000003,0,0,0,0,0,0,0,0,0,0,0,0,0,0,0,0,0,2026-09-28 20:44:58.62023+00,2026-09-28 20:44:58.62023+00
10,16384,t,-6683422864253696176,"DECLARE ""query-cursor_200"" SCROLL CURSOR FOR select queryid, left(query, $1), calls, (total_plan_time + total_exec_time) as total_time from aurora_stat_statements($2) order by calls desc limit $3 FOR READ ONLY",0,0,0,0,0,0,1,0.083913,0.083913,0.083913,0.083913,0,0,0,0,0,0,0,0,0,0,0,0,0,0,0,0,0,0,0,0,0,0,0,0,0,0,0,0,0,0,0,2026-09-29 00:27:53.664136+00,2026-09-29 00:27:53.664136+00
10,16384,t,-6412330889122858957,"MOVE -2004 IN ""query-cursor_221""",0,0,0,0,0,0,1,0.122417,0.122417,0.122417,0.122417,0,0,0,0,0,0,0,0,0,0,0,0,0,0,0,0,0,0,0,0,0,0,0,0,0,0,0,0,0,0,0,2026-09-29 01:05:53.831097+00,2026-09-29 01:05:53.831097+00
10,16384,t,7134209667728841956,"FETCH 39 IN ""query-cursor_227""",0,0,0,0,0,0,1,0.003211,0.003211,0.003211,0.003211,0,39,0,0,0,0,0,0,0,0,0,0,0,0,0,0,0,0,0,0,0,0,0,0,0,0,0,0,0,0,0,2026-09-29 01:16:53.682076+00,2026-09-29 01:16:53.682076+00
16410,16412,t,-8237623281159583266,DELETE FROM RES_FEAT_EKEY WHERE ((RES_ENT_ID=$1 AND LIB_FEAT_ID=$2 AND UTYPE_CODE=$3)),0,0,0,0,0,0,700323,306141.5188700077,0.008367,250.115529,0.4371433165410928,3.4342636488625993,695772,4282221,89,0,0,0,0,0,0,0,0,461.60802599999994,0,0,0,0,0,0,0,0,0,0,0,0,0,0,0,0,0,0,2026-09-28 20:45:09.110122+00,2026-09-28 20:45:09.110122+00
16410,16412,t,6768385697522271879,"SELECT RES_ENT_ID,LIB_FEAT_ID,FTYPE_ID,UTYPE_CODE,SUPPRESSED,OBS_ENT_CNT FROM RES_FEAT_EKEY WHERE RES_ENT_ID IN ($1) AND FTYPE_ID IN ($2,$3,$4,$5,$6,$7,$8,$9,$10,$11,$12,$13)",0,0,0,0,0,0,265921,233469.03731699756,0.017159,407.846735,0.8779638964842851,7.9864738524052665,4564189,1455522,9180,0,0,0,0,0,0,0,0,183185.3715760004,0,0,0,0,0,0,0,0,0,0,0,0,0,0,0,0,0,0,2026-09-28 20:44:53.446264+00,2026-09-28 20:44:53.446264+00
10,16384,t,-8534593793214797777,"FETCH 23 IN ""query-cursor_216""",0,0,0,0,0,0,1,0.01035,0.01035,0.01035,0.01035,0,23,0,0,0,0,0,0,0,0,0,0,0,0,0,0,0,0,0,0,0,0,0,0,0,0,0,0,0,0,0,2026-09-29 00:55:53.696873+00,2026-09-29 00:55:53.696873+00
10,16384,t,582935544749903618,"FETCH 0 IN ""query-cursor_159""",0,0,0,0,0,0,1,0.00884,0.00884,0.00884,0.00884,0,0,0,0,0,0,0,0,0,0,0,0,0,0,0,0,0,0,0,0,0,0,0,0,0,0,0,0,0,0,0,2026-09-28 23:05:53.751688+00,2026-09-28 23:05:53.751688+00
10,16384,t,5821118176377081827,"FETCH 27 IN ""query-cursor_200""",0,0,0,0,0,0,1,0.007766,0.007766,0.007766,0.007766,0,27,0,0,0,0,0,0,0,0,0,0,0,0,0,0,0,0,0,0,0,0,0,0,0,0,0,0,0,0,0,2026-09-29 00:27:53.697882+00,2026-09-29 00:27:53.697882+00
16410,16412,t,8828043952832419958,SET synchronous_commit TO $1,0,0,0,0,0,0,2760,53.88014400000001,0.003688,7.770592,0.01952179130434783,0.19507754944026617,0,0,0,0,0,0,0,0,0,0,0,0,0,0,0,0,0,0,0,0,0,0,0,0,0,0,0,0,0,0,2026-09-28 19:21:51.996565+00,2026-09-28 19:21:51.996565+00
10,16384,t,3746672998772076760,"MOVE -1920 IN ""query-cursor_207""",0,0,0,0,0,0,1,0.134156,0.134156,0.134156,0.134156,0,0,0,0,0,0,0,0,0,0,0,0,0,0,0,0,0,0,0,0,0,0,0,0,0,0,0,0,0,0,0,2026-09-29 00:37:53.794459+00,2026-09-29 00:37:53.794459+00
10,16384,t,-6186880578410660922,"FETCH 0 IN ""query-cursor_106""",0,0,0,0,0,0,1,0.010215,0.010215,0.010215,0.010215,0,0,0,0,0,0,0,0,0,0,0,0,0,0,0,0,0,0,0,0,0,0,0,0,0,0,0,0,0,0,0,2026-09-28 21:15:53.964766+00,2026-09-28 21:15:53.964766+00
10,16384,t,506621208351671279,"DECLARE ""query-cursor_147"" SCROLL CURSOR FOR select queryid, left(query, $1), calls, (total_plan_time + total_exec_time) as total_time from aurora_stat_statements($2) order by calls desc limit $3 FOR READ ONLY",0,0,0,0,0,0,1,0.078274,0.078274,0.078274,0.078274,0,0,0,0,0,0,0,0,0,0,0,0,0,0,0,0,0,0,0,0,0,0,0,0,0,0,0,0,0,0,0,2026-09-28 22:39:53.679453+00,2026-09-28 22:39:53.679453+00
10,16384,t,1701721827102046623,"FETCH 19 IN ""query-cursor_102""",0,0,0,0,0,0,1,0.0081,0.0081,0.0081,0.0081,0,19,0,0,0,0,0,0,0,0,0,0,0,0,0,0,0,0,0,0,0,0,0,0,0,0,0,0,0,0,0,2026-09-28 21:07:53.787395+00,2026-09-28 21:07:53.787395+00
16410,16412,t,-5489903090051856332,"SELECT RES_ENT_ID,LIB_FEAT_ID,FTYPE_ID,UTYPE_CODE,SUPPRESSED,OBS_ENT_CNT FROM RES_FEAT_EKEY WHERE RES_ENT_ID IN ($1,$2,$3,$4) AND FTYPE_ID IN ($5,$6,$7,$8,$9,$10,$11,$12,$13,$14,$15,$16,$17,$18,$19,$20,$21,$22,$23,$24,$25,$26,$27,$28,$29,$30,$31,$32,$33,$34,$35,$36,$37,$38,$39,$40,$41,$42,$43,$44,$45,$46,$47,$48,$49,$50,$51,$52,$53,$54,$55,$56,$57,$58,$59,$60)",0,0,0,0,0,0,7,0.661644,0.073623,0.12907000000000002,0.09452057142857143,0.01639508258034484,110,114,0,0,0,0,0,0,0,0,0,0,0,0,0,0,0,0,0,0,0,0,0,0,0,0,0,0,0,0,2026-09-28 21:59:46.714801+00,2026-09-28 21:59:46.714801+00
10,16384,t,8443824763054788374,"MOVE -1121 IN ""query-cursor_92""",0,0,0,0,0,0,1,0.026076,0.026076,0.026076,0.026076,0,0,0,0,0,0,0,0,0,0,0,0,0,0,0,0,0,0,0,0,0,0,0,0,0,0,0,0,0,0,0,2026-09-28 20:49:53.658638+00,2026-09-28 20:49:53.658638+00
10,16384,t,-4997643580078583648,"FETCH 50 IN ""query-cursor_205""",0,0,0,0,0,0,38,0.6242479999999999,0.007805,0.036835,0.016427578947368418,0.006779839870145896,1900,0,0,0,0,0,0,0,0,0,0,0,0,0,0,0,0,0,0,0,0,0,0,0,0,0,0,0,0,0,2026-09-29 00:33:53.727908+00,2026-09-29 00:33:53.727908+00
10,16384,t,8641331218196151230,"FETCH 50 IN ""query-cursor_143""",0,0,0,0,0,0,30,0.489623,0.008017,0.035505,0.016320766666666667,0.006041787244865729,1500,0,0,0,0,0,0,0,0,0,0,0,0,0,0,0,0,0,0,0,0,0,0,0,0,0,0,0,0,0,2026-09-28 22:31:53.99771+00,2026-09-28 22:31:53.99771+00
16410,16412,t,5252839083571961941,SELECT pg_advisory_unlock($1),0,0,0,0,0,0,276130,5345.98293800015,0.001076,70.35955100000001,0.019360384376924455,0.6115179114124057,276130,0,0,0,0,0,0,0,0,0,0,0,0,0,0,0,0,0,0,0,0,0,0,0,0,0,0,0,0,0,2026-09-28 20:44:57.292699+00,2026-09-28 20:44:57.292699+00
16410,16412,t,6400354713590502587,"INSERT INTO LIB_FEAT(LIB_FEAT_ID,FTYPE_ID,FEAT_HASH,FEAT_DESC,FELEM_VALUES,ANONYMIZED,VERSION) VALUES ($1,$2,$3,$4,$5,$6,$7),($8,$9,$10,$11,$12,$13,$14),($15,$16,$17,$18,$19,$20,$21) ON CONFLICT(FTYPE_ID,FEAT_HASH,ANONYMIZED) DO UPDATE SET FTYPE_ID=LIB_FEAT.FTYPE_ID,FEAT_HASH=LIB_FEAT.FEAT_HASH,ANONYMIZED=LIB_FEAT.ANONYMIZED RETURNING LIB_FEAT_ID,FTYPE_ID,FEAT_HASH,ANONYMIZED,FEAT_DESC",0,0,0,0,0,0,2265289,14816906.952050839,0.06674999999999999,2762.41824,6.540846201986077,21.331574388906855,6795867,105407299,588,0,182804,0,0,0,0,0,0,13155.57494400001,28966.27491199975,0,0,0,0,0,0,0,0,0,0,0,0,0,0,0,0,0,2026-09-28 20:44:52.448732+00,2026-09-28 20:44:52.448732+00
16410,16412,t,8702760936764551979,"SELECT RES_ENT_ID,ENT_STATE,LOCKING_ID FROM RES_ENT WHERE RES_ENT_ID IN ($1,$2,$3,$4,$5,$6,$7,$8,$9,$10,$11,$12,$13,$14,$15,$16,$17,$18,$19,$20,$21,$22,$23,$24,$25,$26,$27,$28,$29,$30,$31,$32,$33,$34,$35,$36,$37,$38,$39,$40,$41,$42,$43,$44,$45,$46,$47,$48,$49,$50,$51,$52,$53,$54,$55,$56,$57,$58,$59,$60,$61,$62,$63,$64)",0,0,0,0,0,0,717,1173.1866009999999,0.216097,74.589907,1.6362435160390514,6.586698590071843,25599,102550,0,0,0,0,0,0,0,0,0,0,0,0,0,0,0,0,0,0,0,0,0,0,0,0,0,0,0,0,2026-09-28 22:04:24.62002+00,2026-09-28 22:04:24.62002+00
10,16384,t,6933212737737499808,"FETCH 9 IN ""query-cursor_114""",0,0,0,0,0,0,1,0.0062,0.0062,0.0062,0.0062,0,9,0,0,0,0,0,0,0,0,0,0,0,0,0,0,0,0,0,0,0,0,0,0,0,0,0,0,0,0,0,2026-09-28 21:31:54.218342+00,2026-09-28 21:31:54.218342+00
16410,16412,t,867376458033248002,"SELECT RES_ENT_ID,LIB_FEAT_ID,FTYPE_ID,UTYPE_CODE,SUPPRESSED,OBS_ENT_CNT FROM RES_FEAT_EKEY WHERE RES_ENT_ID IN ($1,$2,$3,$4,$5,$6,$7,$8,$9,$10,$11,$12,$13,$14,$15,$16) AND FTYPE_ID IN ($17,$18,$19,$20,$21,$22,$23,$24,$25,$26,$27,$28,$29,$30,$31,$32,$33,$34,$35)",0,0,0,0,0,0,190113,1804966.3916400045,0.10895600000000001,671.2582150000001,9.494176577298788,27.79901529582026,49978446,11103114,86173,0,0,0,0,0,0,0,0,1428634.8075150102,0,0,0,0,0,0,0,0,0,0,0,0,0,0,0,0,0,0,2026-09-28 20:45:01.305145+00,2026-09-28 20:45:01.305145+00
10,16384,t,-8541599608138606312,"MOVE -378 IN ""query-cursor_38""",0,0,0,0,0,0,1,0.010334,0.010334,0.010334,0.010334,0,0,0,0,0,0,0,0,0,0,0,0,0,0,0,0,0,0,0,0,0,0,0,0,0,0,0,0,0,0,0,2026-09-28 19:55:53.651663+00,2026-09-28 19:55:53.651663+00
10,16384,t,-7367028054434726477,"FETCH 11 IN ""query-cursor_52""",0,0,0,0,0,0,1,0.001884,0.001884,0.001884,0.001884,0,11,0,0,0,0,0,0,0,0,0,0,0,0,0,0,0,0,0,0,0,0,0,0,0,0,0,0,0,0,0,2026-09-28 20:09:53.65465+00,2026-09-28 20:09:53.65465+00
10,16384,t,-8996622484039211534,"FETCH 50 IN ""query-cursor_111""",0,0,0,0,0,0,25,0.5254140000000002,0.009265,0.042526,0.021016560000000007,0.008903116290737756,1250,0,0,0,0,0,0,0,0,0,0,0,0,0,0,0,0,0,0,0,0,0,0,0,0,0,0,0,0,0,2026-09-28 21:25:53.697862+00,2026-09-28 21:25:53.697862+00
16410,16412,t,-8072817735655944449,"SELECT RES_ENT_ID,LIB_FEAT_ID,FTYPE_ID,UTYPE_CODE,SUPPRESSED,OBS_ENT_CNT FROM RES_FEAT_EKEY WHERE RES_ENT_ID IN ($1,$2,$3,$4,$5,$6,$7,$8) AND FTYPE_ID IN ($9,$10,$11,$12,$13,$14)",0,0,0,0,0,0,33,167.09122299999999,0.058216,41.717352999999996,5.063370393939394,11.2153705363611,1429,1078,9,0,0,0,0,0,0,0,0,131.087187,0,0,0,0,0,0,0,0,0,0,0,0,0,0,0,0,0,0,2026-09-28 20:48:54.212533+00,2026-09-28 20:48:54.212533+00
10,16384,t,7955480718124332438,"FETCH 33 IN ""query-cursor_104""",0,0,0,0,0,0,1,0.013047,0.013047,0.013047,0.013047,0,33,0,0,0,0,0,0,0,0,0,0,0,0,0,0,0,0,0,0,0,0,0,0,0,0,0,0,0,0,0,2026-09-28 21:11:53.725678+00,2026-09-28 21:11:53.725678+00
10,16384,t,-3962174738190597963,"FETCH 50 IN ""query-cursor_40""",0,0,0,0,0,0,7,0.024727000000000002,0.002784,0.00549,0.0035324285714285718,0.0008301307740596153,350,0,0,0,0,0,0,0,0,0,0,0,0,0,0,0,0,0,0,0,0,0,0,0,0,0,0,0,0,0,2026-09-28 19:57:53.651893+00,2026-09-28 19:57:53.651893+00
10,16384,t,-8720480466825141920,"MOVE ALL IN ""query-cursor_108""",0,0,0,0,0,0,1,5.80385,5.80385,5.80385,5.80385,0,0,0,0,0,0,0,0,0,0,0,0,0,0,0,0,0,0,0,0,0,0,0,0,0,0,0,0,0,0,0,2026-09-28 21:19:53.68418+00,2026-09-28 21:19:53.68418+00
10,16384,t,7357715305764388097,"select queryid, calls, (total_plan_time + total_exec_time) as total_time, rows, shared_blks_hit, shared_blks_dirtied, shared_blks_read, shared_blks_written, local_blks_hit, local_blks_dirtied, local_blks_read, local_blks_written, temp_blks_read, temp_blks_written, storage_blks_read, orcache_blks_hit, shared_blk_read_time as blk_read_time, shared_blk_write_time as blk_write_time, storage_blk_read_time, local_blk_read_time, orcache_blk_read_time, total_plan_time, total_exec_time from aurora_stat_statements($1) where queryid in ($2, $3, $4, $5, $6, $7, $8, $9, $10, $11, $12, $13, $14, $15, $16, $17, $18, $19, $20, $21, $22)",0,0,0,0,0,0,5,4.534191,0.402058,2.846019,0.9068381999999999,0.9696646694179178,127,0,0,0,0,0,0,0,0,0,0,0,0,0,0,0,0,0,0,0,0,0,0,0,0,0,0,0,0,0,2026-09-28 19:51:03.651633+00,2026-09-28 19:51:03.651633+00
10,16384,t,5389648844634387477,"FETCH 50 IN ""query-cursor_109""",0,0,0,0,0,0,25,0.460389,0.013145,0.02948,0.01841556,0.005276965916736624,1250,0,0,0,0,0,0,0,0,0,0,0,0,0,0,0,0,0,0,0,0,0,0,0,0,0,0,0,0,0,2026-09-28 21:21:53.828871+00,2026-09-28 21:21:53.828871+00
10,16384,t,1797294534667477766,"FETCH 50 IN ""query-cursor_63""",0,0,0,0,0,0,10,0.032763,0.002738,0.005371,0.0032763000000000002,0.0007424497356723888,500,0,0,0,0,0,0,0,0,0,0,0,0,0,0,0,0,0,0,0,0,0,0,0,0,0,0,0,0,0,2026-09-28 20:20:53.653939+00,2026-09-28 20:20:53.653939+00
16410,16412,t,-5603791379536428095,"SELECT RES_ENT_ID,LIB_FEAT_ID,FTYPE_ID,UTYPE_CODE,SUPPRESSED,OBS_ENT_CNT FROM RES_FEAT_EKEY WHERE RES_ENT_ID IN ($1) AND FTYPE_ID IN ($2,$3,$4,$5,$6,$7,$8,$9,$10,$11,$12,$13,$14,$15,$16,$17,$18,$19,$20,$21,$22,$23,$24,$25,$26,$27,$28,$29,$30,$31,$32,$33,$34,$35,$36,$37,$38,$39,$40,$41,$42,$43,$44,$45,$46,$47,$48,$49,$50,$51,$52,$53,$54,$55,$56,$57,$58,$59,$60)",0,0,0,0,0,0,324422,44673.71810399947,0.005573,73.53425700000001,0.13770249275326418,1.662265944008086,2003910,1751082,0,0,0,0,0,0,0,0,0,0,0,0,0,0,0,0,0,0,0,0,0,0,0,0,0,0,0,0,2026-09-28 20:44:57.677265+00,2026-09-28 20:44:57.677265+00
10,16384,t,-305376527816006381,"MOVE ALL IN ""query-cursor_51""",0,0,0,0,0,0,1,1.006695,1.006695,1.006695,1.006695,0,0,0,0,0,0,0,0,0,0,0,0,0,0,0,0,0,0,0,0,0,0,0,0,0,0,0,0,0,0,0,2026-09-28 20:08:53.652709+00,2026-09-28 20:08:53.652709+00
10,16384,t,-8608073327900628397,"FETCH 50 IN ""query-cursor_62""",0,0,0,0,0,0,10,0.03433800000000001,0.002763,0.006609,0.0034338000000000007,0.0010952428771738257,500,0,0,0,0,0,0,0,0,0,0,0,0,0,0,0,0,0,0,0,0,0,0,0,0,0,0,0,0,0,2026-09-28 20:19:53.653815+00,2026-09-28 20:19:53.653815+00
10,16384,t,-1017377441618079716,"FETCH 0 IN ""query-cursor_32""",0,0,0,0,0,0,1,0.004074,0.004074,0.004074,0.004074,0,0,0,0,0,0,0,0,0,0,0,0,0,0,0,0,0,0,0,0,0,0,0,0,0,0,0,0,0,0,0,2026-09-28 19:49:53.650263+00,2026-09-28 19:49:53.650263+00
10,16384,t,-4000048151503133813,"FETCH 0 IN ""query-cursor_157""",0,0,0,0,0,0,1,0.005728,0.005728,0.005728,0.005728,0,0,0,0,0,0,0,0,0,0,0,0,0,0,0,0,0,0,0,0,0,0,0,0,0,0,0,0,0,0,0,2026-09-28 22:59:54.786963+00,2026-09-28 22:59:54.786963+00
10,16384,t,-6084185900546482648,"FETCH 0 IN ""query-cursor_97""",0,0,0,0,0,0,1,0.020552,0.020552,0.020552,0.020552,0,0,0,0,0,0,0,0,0,0,0,0,0,0,0,0,0,0,0,0,0,0,0,0,0,0,0,0,0,0,0,2026-09-28 20:57:53.656571+00,2026-09-28 20:57:53.656571+00
16410,16412,t,-943344235121932547,"SELECT OBS_ENT_ID,LOCKING_ID FROM OBS_ENT WHERE OBS_ENT_ID IN ($1)",0,0,0,0,0,0,20603387,886066.3070958877,0.004342,247.881515,0.0430058566145405,0.5539065619052467,20603387,103697162,0,0,0,0,0,0,0,0,0,0,0,0,0,0,0,0,0,0,0,0,0,0,0,0,0,0,0,0,2026-09-28 20:44:58.494303+00,2026-09-28 20:44:58.494303+00
10,16384,t,2187695592222816434,"FETCH 0 IN ""query-cursor_216""",0,0,0,0,0,0,1,0.005331,0.005331,0.005331,0.005331,0,0,0,0,0,0,0,0,0,0,0,0,0,0,0,0,0,0,0,0,0,0,0,0,0,0,0,0,0,0,0,2026-09-29 00:55:53.6657+00,2026-09-29 00:55:53.6657+00
10,16384,t,3643937922883522298,RESET password_encryption,0,0,0,0,0,0,1,0.020385,0.020385,0.020385,0.020385,0,0,2,0,0,0,0,0,0,0,0,0,0,0,0,0,0,0,0,0,0,0,0,0,0,0,0,0,0,0,0,2026-09-28 19:18:41.195811+00,2026-09-28 19:18:41.195811+00
10,16384,t,-1191766631187999641,"MOVE ALL IN ""query-cursor_194""",0,0,0,0,0,0,1,5.014516,5.014516,5.014516,5.014516,0,0,0,0,0,0,0,0,0,0,0,0,0,0,0,0,0,0,0,0,0,0,0,0,0,0,0,0,0,0,0,2026-09-29 00:17:53.668498+00,2026-09-29 00:17:53.668498+00
16410,16412,t,-6479956330566125787,"UPDATE RES_FEAT_EKEY AS T SET SUPPRESSED=C.SUPPRESSED,OBS_ENT_CNT=C.OBS_ENT_CNT FROM (VALUES (CAST ($1 AS BIGINT),CAST ($2 AS BIGINT),$3,$4,CAST ($5 AS BIGINT)),(CAST ($6 AS BIGINT),CAST ($7 AS BIGINT),$8,$9,CAST ($10 AS BIGINT)),(CAST ($11 AS BIGINT),CAST ($12 AS BIGINT),$13,$14,CAST ($15 AS BIGINT)),(CAST ($16 AS BIGINT),CAST ($17 AS BIGINT),$18,$19,CAST ($20 AS BIGINT)),(CAST ($21 AS BIGINT),CAST ($22 AS BIGINT),$23,$24,CAST ($25 AS BIGINT)),(CAST ($26 AS BIGINT),CAST ($27 AS BIGINT),$28,$29,CAST ($30 AS BIGINT)),(CAST ($31 AS BIGINT),CAST ($32 AS BIGINT),$33,$34,CAST ($35 AS BIGINT)),(CAST ($36 AS BIGINT),CAST ($37 AS BIGINT),$38,$39,CAST ($40 AS BIGINT)),(CAST ($41 AS BIGINT),CAST ($42 AS BIGINT),$43,$44,CAST ($45 AS BIGINT)),(CAST ($46 AS BIGINT),CAST ($47 AS BIGINT),$48,$49,CAST ($50 AS BIGINT))) AS C(RES_ENT_ID,LIB_FEAT_ID,UTYPE_CODE,SUPPRESSED,OBS_ENT_CNT) WHERE C.RES_ENT_ID=T.RES_ENT_ID AND C.LIB_FEAT_ID=T.LIB_FEAT_ID AND C.UTYPE_CODE=T.UTYPE_CODE",0,0,0,0,0,0,199600,2751688.0926840557,0.08435100000000001,1339.2817459999999,13.786012488397073,34.04023242331083,1995997,26306657,43752,0,7667,0,0,0,0,0,0,996035.7029120016,621.3743690000002,0,0,0,0,0,0,0,0,0,0,0,0,0,0,0,0,0,2026-09-28 20:45:13.287779+00,2026-09-28 20:45:13.287779+00
10,16384,t,-8222252199485073258,"FETCH 7 IN ""query-cursor_205""",0,0,0,0,0,0,1,0.00596,0.00596,0.00596,0.00596,0,7,0,0,0,0,0,0,0,0,0,0,0,0,0,0,0,0,0,0,0,0,0,0,0,0,0,0,0,0,0,2026-09-29 00:33:53.751145+00,2026-09-29 00:33:53.751145+00
16410,16412,t,3054545746950473423,DELETE FROM RES_FEAT_EKEY WHERE ((RES_ENT_ID=$1 AND LIB_FEAT_ID=$2 AND UTYPE_CODE=$3)OR(RES_ENT_ID=$4 AND LIB_FEAT_ID=$5 AND UTYPE_CODE=$6)OR(RES_ENT_ID=$7 AND LIB_FEAT_ID=$8 AND UTYPE_CODE=$9)OR(RES_ENT_ID=$10 AND LIB_FEAT_ID=$11 AND UTYPE_CODE=$12)OR(RES_ENT_ID=$13 AND LIB_FEAT_ID=$14 AND UTYPE_CODE=$15)OR(RES_ENT_ID=$16 AND LIB_FEAT_ID=$17 AND UTYPE_CODE=$18)OR(RES_ENT_ID=$19 AND LIB_FEAT_ID=$20 AND UTYPE_CODE=$21)OR(RES_ENT_ID=$22 AND LIB_FEAT_ID=$23 AND UTYPE_CODE=$24)OR(RES_ENT_ID=$25 AND LIB_FEAT_ID=$26 AND UTYPE_CODE=$27)OR(RES_ENT_ID=$28 AND LIB_FEAT_ID=$29 AND UTYPE_CODE=$30)OR(RES_ENT_ID=$31 AND LIB_FEAT_ID=$32 AND UTYPE_CODE=$33)OR(RES_ENT_ID=$34 AND LIB_FEAT_ID=$35 AND UTYPE_CODE=$36)OR(RES_ENT_ID=$37 AND LIB_FEAT_ID=$38 AND UTYPE_CODE=$39)OR(RES_ENT_ID=$40 AND LIB_FEAT_ID=$41 AND UTYPE_CODE=$42)OR(RES_ENT_ID=$43 AND LIB_FEAT_ID=$44 AND UTYPE_CODE=$45)OR(RES_ENT_ID=$46 AND LIB_FEAT_ID=$47 AND UTYPE_CODE=$48)OR(RES_ENT_ID=$49 AND LIB_FEAT_ID=$50 AND UTYPE_CODE=$51)OR(RES_ENT_ID=$52 AND LIB_FEAT_ID=$53 AND UTYPE_CODE=$54)OR(RES_ENT_ID=$55 AND LIB_FEAT_ID=$56 AND UTYPE_CODE=$57)OR(RES_ENT_ID=$58 AND LIB_FEAT_ID=$59 AND UTYPE_CODE=$60)OR(RES_ENT_ID=$61 AND LIB_FEAT_ID=$62 AND UTYPE_CODE=$63)OR(RES_ENT_ID=$64 AND LIB_FEAT_ID=$65 AND UTYPE_CODE=$66)OR(RES_ENT_ID=$67 AND LIB_FEAT_ID=$68 AND UTYPE_CODE=$69)OR(RES_ENT_ID=$70 AND LIB_FEAT_ID=$71 AND UTYPE_CODE=$72)OR(RES_ENT_ID=$73 AND LIB_FEAT_ID=$74 AND UTYPE_CODE=$75)),0,0,0,0,0,0,19632,372087.9885580009,0.062095,496.374932,18.95313715148741,39.192297398311794,473956,2458049,2820,0,0,0,0,0,0,0,0,125220.87614499999,0,0,0,0,0,0,0,0,0,0,0,0,0,0,0,0,0,0,2026-09-28 20:45:12.505251+00,2026-09-28 20:45:12.505251+00
10,16384,t,-3751655967175886150,"FETCH 0 IN ""query-cursor_196""",0,0,0,0,0,0,1,0.003609,0.003609,0.003609,0.003609,0,0,0,0,0,0,0,0,0,0,0,0,0,0,0,0,0,0,0,0,0,0,0,0,0,0,0,0,0,0,0,2026-09-29 00:21:53.663364+00,2026-09-29 00:21:53.663364+00
10,16384,t,8625744050603666254,"DECLARE ""query-cursor_28"" SCROLL CURSOR FOR select queryid, left(query, $1), calls, (total_plan_time + total_exec_time) as total_time from aurora_stat_statements($2) order by calls desc limit $3 FOR READ ONLY",0,0,0,0,0,0,1,0.068099,0.068099,0.068099,0.068099,0,0,0,0,0,0,0,0,0,0,0,0,0,0,0,0,0,0,0,0,0,0,0,0,0,0,0,0,0,0,0,2026-09-28 19:45:53.649888+00,2026-09-28 19:45:53.649888+00
10,16384,t,-7635793080401679586,"FETCH 0 IN ""query-cursor_209""",0,0,0,0,0,0,1,0.00908,0.00908,0.00908,0.00908,0,0,0,0,0,0,0,0,0,0,0,0,0,0,0,0,0,0,0,0,0,0,0,0,0,0,0,0,0,0,0,2026-09-29 00:41:53.675341+00,2026-09-29 00:41:53.675341+00
16410,16412,t,1317960406128006045,"INSERT INTO RES_RELATE(RES_REL_ID,MIN_RES_ENT_ID,MAX_RES_ENT_ID,IS_DISCLOSED,IS_AMBIGUOUS,LAST_ERRULE_ID,MATCH_KEY,MATCH_KEY_DETAILS,MATCH_LEVELS) VALUES ($1,$2,$3,$4,$5,$6,$7,$8,$9),($10,$11,$12,$13,$14,$15,$16,$17,$18),($19,$20,$21,$22,$23,$24,$25,$26,$27),($28,$29,$30,$31,$32,$33,$34,$35,$36),($37,$38,$39,$40,$41,$42,$43,$44,$45),($46,$47,$48,$49,$50,$51,$52,$53,$54),($55,$56,$57,$58,$59,$60,$61,$62,$63),($64,$65,$66,$67,$68,$69,$70,$71,$72),($73,$74,$75,$76,$77,$78,$79,$80,$81),($82,$83,$84,$85,$86,$87,$88,$89,$90) ON CONFLICT DO NOTHING",0,0,0,0,0,0,5063,87125.1512319999,0.137341,922.6320489999999,17.208206840213293,50.98821138902348,50630,446644,2267,0,3286,0,0,0,0,0,0,34465.31146600001,103.10369400000002,0,0,0,0,0,0,0,0,0,0,0,0,0,0,0,0,0,2026-09-28 20:46:34.839081+00,2026-09-28 20:46:34.839081+00
10,16384,t,3463303800969046609,"FETCH 50 IN ""query-cursor_134""",0,0,0,0,0,0,29,0.8891019999999998,0.010398,0.105449,0.03065868965517241,0.021570474725170128,1450,0,0,0,0,0,0,0,0,0,0,0,0,0,0,0,0,0,0,0,0,0,0,0,0,0,0,0,0,0,2026-09-28 22:13:54.072879+00,2026-09-28 22:13:54.072879+00
16410,16412,t,-740985576836762847,"INSERT INTO RES_FEAT_STAT(LIB_FEAT_ID,FTYPE_ID,NUM_RES_ENT,NUM_RES_ENT_OOM) VALUES ($1,$2,$3,$4),($5,$6,$7,$8),($9,$10,$11,$12),($13,$14,$15,$16),($17,$18,$19,$20),($21,$22,$23,$24),($25,$26,$27,$28),($29,$30,$31,$32),($33,$34,$35,$36),($37,$38,$39,$40),($41,$42,$43,$44),($45,$46,$47,$48),($49,$50,$51,$52),($53,$54,$55,$56),($57,$58,$59,$60) ON CONFLICT DO NOTHING",0,0,0,0,0,0,2091765,37144685.20508625,0.140988,2994.144581,17.75758041896975,69.5800105021708,31376441,312650708,13058,0,329160,0,0,0,0,0,0,70209.68141099995,35598.895541000944,0,0,0,0,0,0,0,0,0,0,0,0,0,0,0,0,0,2026-09-28 20:44:52.52088+00,2026-09-28 20:44:52.52088+00
10,16384,t,-2885052254741431067,"MOVE -1950 IN ""query-cursor_212""",0,0,0,0,0,0,1,0.144317,0.144317,0.144317,0.144317,0,0,0,0,0,0,0,0,0,0,0,0,0,0,0,0,0,0,0,0,0,0,0,0,0,0,0,0,0,0,0,2026-09-29 00:47:53.719927+00,2026-09-29 00:47:53.719927+00
10,16384,t,1150693397212240355,"MOVE -1815 IN ""query-cursor_190""",0,0,0,0,0,0,1,0.129187,0.129187,0.129187,0.129187,0,0,0,0,0,0,0,0,0,0,0,0,0,0,0,0,0,0,0,0,0,0,0,0,0,0,0,0,0,0,0,2026-09-29 00:09:54.044702+00,2026-09-29 00:09:54.044702+00
10,16384,t,6309453353950082796,"MOVE ALL IN ""query-cursor_160""",0,0,0,0,0,0,1,7.400269,7.400269,7.400269,7.400269,0,0,0,0,0,0,0,0,0,0,0,0,0,0,0,0,0,0,0,0,0,0,0,0,0,0,0,0,0,0,0,2026-09-28 23:07:53.793447+00,2026-09-28 23:07:53.793447+00
